{
  "categories": [
    "Weather"
  ],
  "description": "Application with live thunderstorm maps from service http://burzowo.info",
  "inc": "Jakub Furman",
  "intalled_count": "100,000",
  "last_update": [
    "July",
    "14",
    " 2015"
  ],
  "name": "Burzowo.info (lightning map)",
  "offered_by": "Jakub Furman",
  "permissions": {
    "Location": [
      "precise location (GPS and network-based)"
    ],
    "Other": [
      "view network connections",
      "full network access",
      "run at startup",
      "control vibration",
      "prevent device from sleeping"
    ]
  },
  "rate": [
    [
      "1,314",
      "4.2"
    ],
    [
      "755",
      "5"
    ],
    [
      "290",
      "4"
    ],
    [
      "129",
      "3"
    ],
    [
      "54",
      "2"
    ],
    [
      "86",
      "1"
    ]
  ],
  "required_android": "2.3",
  "reviews": [
    {
      "REQ_subtype": "",
      "REQ_type": "",
      "_id": 0,
      "author_id": "not defined",
      "author_name": "Harris Hrvacic",
      "helpful": "6",
      "polarity": "",
      "rate": 5,
      "response": "",
      "response_date": "",
      "review": "This app is amazing, it gives me a notification every lightning strike that happens within my area and updates radar every couple of minutes! 10/10 for me.",
      "review_date": [
        "April",
        "26",
        " 2017"
      ]
    },
    {
      "REQ_subtype": "",
      "REQ_type": "",
      "_id": 1,
      "author_id": "not defined",
      "author_name": "Artur Biedro\u0144",
      "helpful": "2",
      "polarity": "",
      "rate": 1,
      "response": "",
      "response_date": "",
      "review": "Dziala tylko przez chwile po czym wyskakuje b\u0142\u0105d ze nie wczytano mapy \nGoogle oraz ze wiecej informacji jest w konsoli",
      "review_date": [
        "May",
        "9",
        " 2018"
      ]
    },
    {
      "REQ_subtype": "",
      "REQ_type": "",
      "_id": 2,
      "author_id": "not defined",
      "author_name": "Tony Hall",
      "helpful": "3",
      "polarity": "",
      "rate": 3,
      "response": "",
      "response_date": "",
      "review": "Could you have multi language options?? Then I would give 5 stars",
      "review_date": [
        "May",
        "29",
        " 2017"
      ]
    },
    {
      "REQ_subtype": "",
      "REQ_type": "",
      "_id": 3,
      "author_id": "not defined",
      "author_name": "David \u0160\u0165\u00e1stka",
      "helpful": "3",
      "polarity": "",
      "rate": 3,
      "response": "",
      "response_date": "",
      "review": "Add english language atleast please.. Then I will give 5 stars",
      "review_date": [
        "August",
        "5",
        " 2017"
      ]
    },
    {
      "REQ_subtype": "",
      "REQ_type": "",
      "_id": 4,
      "author_id": "not defined",
      "author_name": "Jacqueline farquhar",
      "helpful": "4",
      "polarity": "",
      "rate": 3,
      "response": "",
      "response_date": "",
      "review": "English version please",
      "review_date": [
        "July",
        "19",
        " 2017"
      ]
    },
    {
      "REQ_subtype": "",
      "REQ_type": "",
      "_id": 5,
      "author_id": "not defined",
      "author_name": "Android Orangutan",
      "helpful": "0",
      "polarity": "",
      "rate": 3,
      "response": "Hi. What's the problem ?",
      "response_date": [
        "February",
        "3",
        " 2015"
      ],
      "review": "Prosz\u0119 dokona\u0107 spos\u00f3b prze\u0142o\u017cy\u0107 na j\u0119zyk angielski ... to jest wielki app..it dzia\u0142a great..now jeden w USA mo\u017ce to przeczyta\u0107 ... zrobi\u0107 to w j\u0119zyku angielskim za op\u0142at\u0105 99 cent\u00f3w ..this aplikacja mo\u017ce go wi\u0119ksze. Wiosna Lato jest tutaj w stanach. To b\u0119dzie pada\u0107 soon..this mo\u017ce sprzeda\u0107 na naszym rynku ... !! \u00a1!! ... to jest wielki app..make pieni\u0119dzy z tego, je\u015bli mo\u017cna to przet\u0142umaczy\u0107. Chcia\u0142bym zwr\u00f3ci\u0107 ... powodzenia ..",
      "review_date": [
        "April",
        "13",
        " 2015"
      ]
    },
    {
      "REQ_subtype": "",
      "REQ_type": "",
      "_id": 6,
      "author_id": "not defined",
      "author_name": "Stephen Lockyear",
      "helpful": "1",
      "polarity": "",
      "rate": 3,
      "response": "",
      "response_date": "",
      "review": "Good app would make 5star is there is away of making it English ?",
      "review_date": [
        "July",
        "25",
        " 2014"
      ]
    },
    {
      "REQ_subtype": "",
      "REQ_type": "",
      "_id": 7,
      "author_id": "not defined",
      "author_name": "Marko Dzidic",
      "helpful": "1",
      "polarity": "",
      "rate": 4,
      "response": "",
      "response_date": "",
      "review": "English version would be nice! Also geo location would be nice too!",
      "review_date": [
        "July",
        "29",
        " 2014"
      ]
    }
  ],
  "size": "2.0",
  "url": "https://play.google.com/store/apps/details?id=net.kubofonista.burzowo",
  "version": "1.7.3"
}