{
  "categories": [
    "Action"
  ],
  "description": "> \u201cIt plays as good as it looks.\u201d \u2013 IGN> \u201cAmps everything up to the next level.\u201d  \u2013 148Apps > \u201cSharp controls, impressive graphics.\u201d  \u2013 Pocket Gamer War has evolved, and so has the best online FPS on mobile! Step onto the battlefield and answer the call with the title that raised the bar for first person shooter games with its great graphics, high-powered guns and intense online multiplayer action. Create a squad from 9 classes, add your friends for team play and test your skills in dynamic warfare against online rivals from around the world!Prefer to work alone? Then feel free to step into the thrilling solo play campaign as you shoot your way through one dire situation after another to save the world as you launch an attack against a lunatic\u2019s apocalyptic plans.You won\u2019t find more first person shooter fun in a free game anywhere!9 CLASSES WITH UNIQUE SKILLS> Customize and level up any of the 9 classes across solo play and team play modes. > Find the playstyle that suits you: Assault, Heavy, Recon, Sniper, Support, Bounty Hunter, Sapper, X1-Morph, or Kommander.> Activate class-specific skills by earning and spending Skill Points.HIGH-POWERED ONLINE MULTIPLAYER > Watch players engaged in live online FPS battles and eSports competitions with all the great graphics you expect in the new Spectator mode.> Epic guns-a-blazing team play in Squad vs. Squad matches.> Talk to other players to plan your online multiplayer strategies and coordinate an attack in the Global and Squad Chats.> Top the individual and Squads leaderboards as you master your eSports skills.> Win free rewards and cool prizes in limited-time events.UNIFIED GAME PROGRESSION> Accumulate XP and level up by playing both solo play missions and team play matches.> Unlock higher-tier guns and other weapons by mastering lower-tier guns.> Customize the perfect weapon using a host of attachments and jump straight into the free game action.INTENSE SOLO PLAY CAMPAIGN > Engage in fast-paced story missions where the call will take you from Tokyo to Venice for a variety of first person shooter challenges.> Play the new Spec Ops missions for a real online FPS adrenaline rush.> Great graphics, music and voice performances perfectly adapted for a first person shooter game.HIGHLY CUSTOMIZABLE CONTROLS> Intuitive, highly customizable controls so you can play the game just the way you want.> Modern Combat 5 supports HID game controllers. MOGA Pro is also supported, in mode B (HID Mode).Modern Combat 5 requires an Internet connection.So if you\u2019re ready for the online FPS of your dreams, dive into this unparalleled free game that takes online multiplayer to new heights. Perfect for anyone hungry for solo play first person shooter fun, or team play eSports competition._____________________________________________Visit our official site at http://gmlft.co/website_ENCheck out the new blog at http://gmlft.co/centralDon't forget to follow us on social media:Facebook: http://gmlft.co/FBMCGPTwitter: http://gmlft.co/twmcgpInstagram: http://gmlft.co/GL_SNS_IGYouTube: http://gmlft.co/ytmcgpForum: http://gmlft.co/MC5FRThis app allows you to purchase virtual items within the app and may contain third-party advertisements that may redirect you to a third-party site.Terms of Use: http://www.gameloft.com/en/conditions-of-usePrivacy Policy: http://www.gameloft.com/en/privacy-noticeEnd-User License Agreement: http://www.gameloft.com/en/eula",
  "inc": "Gameloft",
  "intalled_count": "100,000,000",
  "last_update": [
    "May",
    "25",
    " 2018"
  ],
  "name": "Modern Combat 5: eSports FPS",
  "offered_by": "Google Commerce Ltd",
  "permissions": {
    "Location": [
      "approximate location (network-based)"
    ],
    "Photos/Media/Files": [
      "read the contents of your USB storage",
      "modify or delete the contents of your USB storage"
    ],
    "Storage": [
      "read the contents of your USB storage",
      "modify or delete the contents of your USB storage"
    ],
    "Wi-Fi connection information": [
      "view Wi-Fi connections"
    ],
    "Other": [
      "receive data from Internet",
      "view network connections",
      "full network access",
      "run at startup",
      "control vibration",
      "prevent device from sleeping"
    ]
  },
  "rate": [
    [
      "2,864,949",
      "4.3"
    ],
    [
      "1,999,059",
      "5"
    ],
    [
      "328,584",
      "4"
    ],
    [
      "172,265",
      "3"
    ],
    [
      "86,835",
      "2"
    ],
    [
      "278,206",
      "1"
    ]
  ],
  "required_android": "4.0",
  "reviews": [
    {
      "REQ_subtype": "",
      "REQ_type": "",
      "_id": 0,
      "author_id": "not defined",
      "author_name": "Aisha Silver",
      "helpful": "124",
      "polarity": "",
      "rate": 5,
      "response": "",
      "response_date": "",
      "review": "Awesome graphic imho, nice control, just sometimes high lvl player joins \nthe low player battle.",
      "review_date": [
        "July",
        "3",
        " 2018"
      ]
    },
    {
      "REQ_subtype": "",
      "REQ_type": "",
      "_id": 1,
      "author_id": "not defined",
      "author_name": "Krishan Parmar",
      "helpful": "123",
      "polarity": "",
      "rate": 1,
      "response": "",
      "response_date": "",
      "review": "Was working great until it refused to download maps to play in multiplayer. \nAm on a strong Wi-Fi connection with no storage issues on my phone, so no \nreason it shouldn't work. Have even uninstalled and reinstalled the game to \nsee if that works and still getting the same issue. Needs sorting ASAP.",
      "review_date": [
        "June",
        "27",
        " 2018"
      ]
    },
    {
      "REQ_subtype": "",
      "REQ_type": "",
      "_id": 2,
      "author_id": "not defined",
      "author_name": "Subham Pal",
      "helpful": "492",
      "polarity": "",
      "rate": 4,
      "response": "",
      "response_date": "",
      "review": "The game is great talking about graphics, gameplay, etc but after I tried \nto play an earlier mission, the game now do not display my recent mission \nas in it displays a screen which used to be succeeded by a screen showing \nthe mission. I am now stuck at this point and I have tried many methods but \nwithout succeeding. This game was one of my favourite. So, I am planning to \nuninstall and then reinstall the game.",
      "review_date": [
        "June",
        "11",
        " 2018"
      ]
    },
    {
      "REQ_subtype": "",
      "REQ_type": "",
      "_id": 3,
      "author_id": "not defined",
      "author_name": "Siby Samuel",
      "helpful": "84",
      "polarity": "",
      "rate": 5,
      "response": "",
      "response_date": "",
      "review": "This was a great game! In the past I didn't like it as much because of the \ncontinuous in game bugs and issues. However, Gameloft has fixed many of the \nproblems, and the game runs great on my phone. It is a very fast, action \npacked game. You could choose to play online, or offline. One thing I wish \nthat was included was perhaps a cooperative campaign. That would be a great \naddition, and could also be used as another ranking system with seasonal \nrewards.",
      "review_date": [
        "June",
        "26",
        " 2018"
      ]
    },
    {
      "REQ_subtype": "",
      "REQ_type": "",
      "_id": 4,
      "author_id": "not defined",
      "author_name": "Camela LaCoste",
      "helpful": "924",
      "polarity": "",
      "rate": 4,
      "response": "",
      "response_date": "",
      "review": "Graphics were great. Only thing I didn't like was having to hunt for what \nthe cores meant and how-to use them. Overall level of difficulty and \nenjoyment playing the game was on really good. Good job ladies/gentlemen \nwho created and made this app possible. And no, this isn't a paid review.",
      "review_date": [
        "May",
        "30",
        " 2018"
      ]
    },
    {
      "REQ_subtype": "",
      "REQ_type": "",
      "_id": 5,
      "author_id": "not defined",
      "author_name": "Nygil Dionizio",
      "helpful": "46",
      "polarity": "",
      "rate": 3,
      "response": "",
      "response_date": "",
      "review": "I have recently started the game, with few missions I had to download more \ndata as the game asked me to do so. Now the situation is I can't read \nanything or see pictures as these part are totally covered with blank white \npatches... Its so annoying to spend so much of data to get the game and you \ncan't see anything. Hope the developers team fix this issue soon. Have bad \nexperience with the this game.",
      "review_date": [
        "June",
        "21",
        " 2018"
      ]
    },
    {
      "REQ_subtype": "",
      "REQ_type": "",
      "_id": 6,
      "author_id": "not defined",
      "author_name": "M. Sahlaa",
      "helpful": "0",
      "polarity": "",
      "rate": 1,
      "response": "",
      "response_date": "",
      "review": "I change my mobile phone type. When loading at the first time, shown a \nmessage box says No internet Connection. In actually, I'd tried connected \nboth 4G mobile network with strong signyal and WIFI. The result was same, \ncan't play this game.. So bad...",
      "review_date": [
        "May",
        "30",
        " 2018"
      ]
    },
    {
      "REQ_subtype": "",
      "REQ_type": "",
      "_id": 7,
      "author_id": "not defined",
      "author_name": "Quentin Rojahn",
      "helpful": "124",
      "polarity": "",
      "rate": 5,
      "response": "",
      "response_date": "",
      "review": "AMAZING GAME. I love it, great graphics, perfect campaign, and fast-paced \nmultiplayer environment. However, I'd like for multiple HUD setups, because \nsometimes due to my right hand cutting out on me, I have to only use my \nleft. This would make it much easier on people with similar conditions. \nThank-you kindly.",
      "review_date": [
        "June",
        "8",
        " 2018"
      ]
    },
    {
      "REQ_subtype": "",
      "REQ_type": "",
      "_id": 8,
      "author_id": "not defined",
      "author_name": "aditya mewati",
      "helpful": "420",
      "polarity": "",
      "rate": 1,
      "response": "",
      "response_date": "",
      "review": "The multilayer pairing system is absolute garbage. I'm being paired with \nplayers on level 52 while I'm only 13. How am I supposed to compete with \nsomeone who has better guns,.. Can call bombers and have good armour.... :/",
      "review_date": [
        "May",
        "24",
        " 2018"
      ]
    },
    {
      "REQ_subtype": "",
      "REQ_type": "",
      "_id": 9,
      "author_id": "not defined",
      "author_name": "GameVirus 808",
      "helpful": "39",
      "polarity": "",
      "rate": 4,
      "response": "",
      "response_date": "",
      "review": "Great game. Very fast passed and compedative. My only problem is you join \nmatches with people who are 20 or more levels above you. With is unfair for \nsome players because they will have better weapons and are way more skilled \nthen someone who just started the game",
      "review_date": [
        "June",
        "23",
        " 2018"
      ]
    },
    {
      "REQ_subtype": "",
      "REQ_type": "",
      "_id": 10,
      "author_id": "not defined",
      "author_name": "Sudha Pathak",
      "helpful": "111",
      "polarity": "",
      "rate": 4,
      "response": "",
      "response_date": "",
      "review": "Best fps game on android. But there is a problem in control , the aim and \nmovement controls do not work together. I have to move the guy after that I \ncan aim at enemies, aiming and moving do not work together. Like pc games \nwe can shoot and also move guy forward. It should be made in the game",
      "review_date": [
        "June",
        "10",
        " 2018"
      ]
    },
    {
      "REQ_subtype": "",
      "REQ_type": "",
      "_id": 11,
      "author_id": "not defined",
      "author_name": "That loser that you thought you blocked",
      "helpful": "64",
      "polarity": "",
      "rate": 5,
      "response": "",
      "response_date": "",
      "review": "I mostly enjoy the fact that anyone can make a clan. In other gamed making \nsquads and clans you need to pay a lot of your money to make it but here \nyou just need to get a rating. Graphics are amazing for a mobile game and \nthe story is breathtaking.",
      "review_date": [
        "June",
        "6",
        " 2018"
      ]
    },
    {
      "REQ_subtype": "",
      "REQ_type": "",
      "_id": 12,
      "author_id": "not defined",
      "author_name": "Lotfi Lovegames",
      "helpful": "37",
      "polarity": "",
      "rate": 1,
      "response": "",
      "response_date": "",
      "review": "I give up on this game its broken and gameloft don't give s&it to fix it. \nWhen i launch the game it stuck at the loading screen and says \"failed to \nconnect check your internet connection\". And i know my internet is good. I \nwill never download this game again.",
      "review_date": [
        "June",
        "21",
        " 2018"
      ]
    },
    {
      "REQ_subtype": "",
      "REQ_type": "",
      "_id": 13,
      "author_id": "not defined",
      "author_name": "A Google user",
      "helpful": "39",
      "polarity": "",
      "rate": 4,
      "response": "",
      "response_date": "",
      "review": "Overall good experience. As it is free game, ads are way to make money, but \nduring game play, small ad bottom is distracting. Too many \nOptions/navigations. Can be simplified. Unlocking next stage is harder even \nafter finishing all of episodes.",
      "review_date": [
        "June",
        "16",
        " 2018"
      ]
    },
    {
      "REQ_subtype": "",
      "REQ_type": "",
      "_id": 14,
      "author_id": "not defined",
      "author_name": "Pete Kimura",
      "helpful": "45",
      "polarity": "",
      "rate": 5,
      "response": "",
      "response_date": "",
      "review": "This game is so good. But nothing happens past level 3. Stuck replaying for \na few days now and getting bored. So its back to Guns Of Boom. Please fix \nthe unlock issues before i go mad.",
      "review_date": [
        "June",
        "11",
        " 2018"
      ]
    },
    {
      "REQ_subtype": "",
      "REQ_type": "",
      "_id": 15,
      "author_id": "not defined",
      "author_name": "Halima Akter",
      "helpful": "100",
      "polarity": "",
      "rate": 5,
      "response": "",
      "response_date": "",
      "review": "This is fantastic. The stories are cool.But I need to download a big file \nafter install or update. It's about 700+ mb you know. Sometimes the \ndownload stopped for no reason. I have a good connection although it's \nstopped.Would you please tell me why is this happen?",
      "review_date": [
        "May",
        "25",
        " 2018"
      ]
    },
    {
      "REQ_subtype": "",
      "REQ_type": "",
      "_id": 16,
      "author_id": "not defined",
      "author_name": "Kris Wilson",
      "helpful": "40",
      "polarity": "",
      "rate": 5,
      "response": "",
      "response_date": "",
      "review": "I loved almost everything about this game until for some reason over the \nlast 2-3 weeks I started getting near constant 'Unable to connect to \nInternet' messages. I've cleared the app's cache, restarted, done soft \nresets on my phone over and over and over all to no avail. My internet is \njust fine but i can only play the game sporadically, maybe once out of \nevery 15 times I try. Any advice guys?",
      "review_date": [
        "May",
        "28",
        " 2018"
      ]
    },
    {
      "REQ_subtype": "",
      "REQ_type": "",
      "_id": 17,
      "author_id": "not defined",
      "author_name": "Megan Morrow",
      "helpful": "41",
      "polarity": "",
      "rate": 3,
      "response": "",
      "response_date": "",
      "review": "For some reason this game will not let me play. It says I have no internet \nconnection when I know I do. Wether I'm connected to WiFi or using my data \nit fails to connect. I love this game but this has been happening for quite \nsometime.",
      "review_date": [
        "June",
        "14",
        " 2018"
      ]
    },
    {
      "REQ_subtype": "",
      "REQ_type": "",
      "_id": 18,
      "author_id": "not defined",
      "author_name": "R. K. M.",
      "helpful": "57",
      "polarity": "",
      "rate": 2,
      "response": "",
      "response_date": "",
      "review": "Great game but huge size. Android version sucks as it is getting hung. It \nhang frequently killing the joy of game play. Developers pleaSe fix the \nstuck issue asap. One more issue, it's not detecting wifi. It is \ncomplaining that to connect to internet",
      "review_date": [
        "June",
        "17",
        " 2018"
      ]
    },
    {
      "REQ_subtype": "",
      "REQ_type": "",
      "_id": 19,
      "author_id": "not defined",
      "author_name": "Isaac Salazar",
      "helpful": "29",
      "polarity": "",
      "rate": 3,
      "response": "",
      "response_date": "",
      "review": "I like it but the settings for controllers need a lot of smoothing out, \naiming felt too jerky and regardless of sensitivity, I ended up never \naiming properly. For people who prefer controller on their mobile devices, \nplease smooth out the experience. My rating is subject to change, assuming \nthe controller experience is improved.",
      "review_date": [
        "June",
        "15",
        " 2018"
      ]
    },
    {
      "REQ_subtype": "",
      "REQ_type": "",
      "_id": 20,
      "author_id": "not defined",
      "author_name": "Abhimanyu Suresh",
      "helpful": "80",
      "polarity": "",
      "rate": 1,
      "response": "",
      "response_date": "",
      "review": "I hate this app I have a huawei y7 prime 2018 which has 3gb ram and the \ngame does not work for me. It simply doesn't start Hopefully please fix it \nI beg you. Cause I want to play it. Please",
      "review_date": [
        "May",
        "28",
        " 2018"
      ]
    },
    {
      "REQ_subtype": "",
      "REQ_type": "",
      "_id": 21,
      "author_id": "not defined",
      "author_name": "jerry kauffman",
      "helpful": "8",
      "polarity": "",
      "rate": 1,
      "response": "",
      "response_date": "",
      "review": "I am a bit pissed. The game is good . But they suspended me because I \nhacked into the game? I don't have the computer knowledge to do it. So then \nthey wanted a ticket ID. What is that. Good game ,sucky server. Seems like \nthey would have contacted me first. This could happen to you.",
      "review_date": [
        "June",
        "28",
        " 2018"
      ]
    },
    {
      "REQ_subtype": "",
      "REQ_type": "",
      "_id": 22,
      "author_id": "not defined",
      "author_name": "Milad HN",
      "helpful": "0",
      "polarity": "",
      "rate": 1,
      "response": "",
      "response_date": "",
      "review": "The game couldn't be made more careless than it is. Full of glitches and it \ntakes forever to reconnect when you accidently go to another app. Everytime \ni finish a mission i have to restart the game and start over.",
      "review_date": [
        "June",
        "3",
        " 2018"
      ]
    },
    {
      "REQ_subtype": "",
      "REQ_type": "",
      "_id": 23,
      "author_id": "not defined",
      "author_name": "Sabre Wolf",
      "helpful": "0",
      "polarity": "",
      "rate": 2,
      "response": "",
      "response_date": "",
      "review": "Pissed! Ever since I updated I can't even play! It gets stuck on the \nloading screen saying connection is lost... How is connection lost on \nperfect Wi-Fi or data? I just put money into this game and can't even play \nit!",
      "review_date": [
        "May",
        "29",
        " 2018"
      ]
    },
    {
      "REQ_subtype": "",
      "REQ_type": "",
      "_id": 24,
      "author_id": "not defined",
      "author_name": "A Google user",
      "helpful": "54",
      "polarity": "",
      "rate": 2,
      "response": "",
      "response_date": "",
      "review": "I can't play since the last update of this app, i'm stuck in Loading player profile..... then Error! Failed to connect! Please check your Internet connection and try again. i hope i can play again.",
      "review_date": [
        "May",
        "30",
        " 2018"
      ]
    },
    {
      "REQ_subtype": "",
      "REQ_type": "",
      "_id": 25,
      "author_id": "not defined",
      "author_name": "Mohit Mohan Mishra",
      "helpful": "4",
      "polarity": "",
      "rate": 3,
      "response": "",
      "response_date": "",
      "review": "This is a awesome game. The reason I am giving it a 3 star is that it \ndoesn't saves past gameplay. I completed mission up to Venice but for some \nreason I have to uninstall the app. And after reinstalling the app I am \nunable to get to my past mission I had to start from the beginning.",
      "review_date": [
        "July",
        "4",
        " 2018"
      ]
    },
    {
      "REQ_subtype": "",
      "REQ_type": "",
      "_id": 26,
      "author_id": "not defined",
      "author_name": "Osama khan",
      "helpful": "80",
      "polarity": "",
      "rate": 1,
      "response": "",
      "response_date": "",
      "review": "The missions are too small, cannot understand the storryline so there is no \nreason to fight. The game is for kids of age 10. I would prefer Nova 3 \nfreedom addition, it is the best and enjoying game. I dont know why people \nsay so good about this game...all marketing i guess.",
      "review_date": [
        "May",
        "27",
        " 2018"
      ]
    },
    {
      "REQ_subtype": "",
      "REQ_type": "",
      "_id": 27,
      "author_id": "not defined",
      "author_name": "Brandt Green",
      "helpful": "176",
      "polarity": "",
      "rate": 4,
      "response": "",
      "response_date": "",
      "review": "Great game. Closest thing I've found to what im looking for. Does it have \ntilt control... Hmm... If not it needs it. Ads arent bad. Takes up a lot of \nspace though. Overall this one gets put on every phone i get eventually.",
      "review_date": [
        "May",
        "23",
        " 2018"
      ]
    },
    {
      "REQ_subtype": "",
      "REQ_type": "",
      "_id": 28,
      "author_id": "not defined",
      "author_name": "Awab Mughal",
      "helpful": "18",
      "polarity": "",
      "rate": 5,
      "response": "",
      "response_date": "",
      "review": "Everything is going on well.... I am a regular user of your game... But I \nchanged my mobile phone and I am faceing a problem with the game, my level \nwas more than 42 or so... Now the game has started over.. I connected it \nwith Facebook but my career was not restored.. Please help me out with the \nproblem so that I can continue with the game.... Hoping to get a better \nsolution... Thank you,",
      "review_date": [
        "June",
        "21",
        " 2018"
      ]
    },
    {
      "REQ_subtype": "",
      "REQ_type": "",
      "_id": 29,
      "author_id": "not defined",
      "author_name": "Brian Smith",
      "helpful": "29",
      "polarity": "",
      "rate": 2,
      "response": "",
      "response_date": "",
      "review": "I like the game. The graphics could be better though. I would give this \ngame a 5 star rating if it wasn't for two problems. Some missions are very \nhard to control. The controls could be better. I also hate that you need to \nwait for those bars to build up before you can continue playing. Very \nannoying. Game needs improvements to be 5 stars.",
      "review_date": [
        "July",
        "5",
        " 2018"
      ]
    },
    {
      "REQ_subtype": "",
      "REQ_type": "",
      "_id": 30,
      "author_id": "not defined",
      "author_name": "Tril Plus",
      "helpful": "86",
      "polarity": "",
      "rate": 3,
      "response": "",
      "response_date": "",
      "review": "Intense but sometimes it's hard to connect your server although I'm using \nwifi? Thats why i love to play offline with your previous MC game because i \ncan't connect sometimes to the battle. could you please grant me sometimes \nwhen you get a billions on this game, make us another MC5 solo campaign \nversion which we can play offline with your effect story line it's hard to \ncomplete the task when server unstable sometimes..",
      "review_date": [
        "June",
        "17",
        " 2018"
      ]
    },
    {
      "REQ_subtype": "",
      "REQ_type": "",
      "_id": 31,
      "author_id": "not defined",
      "author_name": "Deac0nstucti0n",
      "helpful": "0",
      "polarity": "",
      "rate": 1,
      "response": "",
      "response_date": "",
      "review": "I couldn't get passed the first loading screen. It extracts files loads to \n100% then either freezes or crashes. Please help looks like a fun game!",
      "review_date": [
        "June",
        "19",
        " 2018"
      ]
    },
    {
      "REQ_subtype": "",
      "REQ_type": "",
      "_id": 32,
      "author_id": "not defined",
      "author_name": "SSP stuff",
      "helpful": "0",
      "polarity": "",
      "rate": 5,
      "response": "",
      "response_date": "",
      "review": "This is my fav fps game i have been playing since its release. But many \nthings have changed some of which i don't like. there were many masks with \ncapabilities but all of their capabilities are removed..now they r just for \nlooks. other disappointing thing is that rpg doesn't kill enemies instantly \nlike before. Rest of game is awesome",
      "review_date": [
        "June",
        "22",
        " 2018"
      ]
    },
    {
      "REQ_subtype": "",
      "REQ_type": "",
      "_id": 33,
      "author_id": "not defined",
      "author_name": "lexis Sees",
      "helpful": "2",
      "polarity": "",
      "rate": 1,
      "response": "",
      "response_date": "",
      "review": "The game doesn't even start up. saying there's network errors when my \nconnection is 100%. It can't go past the first loading screen, This review \ncan't go past 1 star.",
      "review_date": [
        "June",
        "20",
        " 2018"
      ]
    },
    {
      "REQ_subtype": "",
      "REQ_type": "",
      "_id": 34,
      "author_id": "not defined",
      "author_name": "Dom Lombardi",
      "helpful": "0",
      "polarity": "",
      "rate": 1,
      "response": "",
      "response_date": "",
      "review": "Being playing this game for over 2 years. I even spent a ridiculous amount \nof money buying the Elite Paragon armor, very foolish to do. I got ripped \noff because now other players have found a way to clone Paragon armor. It \nhas been months and this has not been addressed, I believe it's because \nGameloft doesn't know how to fix it. I do love this game and it's very \nupsetting and unfair to the people who have spent a great deal of money. \nThe clones have ruined the game. Such a shame.",
      "review_date": [
        "June",
        "3",
        " 2018"
      ]
    },
    {
      "REQ_subtype": "",
      "REQ_type": "",
      "_id": 35,
      "author_id": "not defined",
      "author_name": "GejanaPGS Gaming",
      "helpful": "11",
      "polarity": "",
      "rate": 1,
      "response": "",
      "response_date": "",
      "review": "Are u serious? Multiplayer is bad af. I'm only platinum league and I'm 59 \nlv but all I face is above 100 with all prestige weapons. Always want to \neat money from player, don't create game plz. Just go eat ur bloody money. \nJust simply put all player into a multiplayer match. Go suck cock and don't \ndo game pls",
      "review_date": [
        "June",
        "15",
        " 2018"
      ]
    },
    {
      "REQ_subtype": "",
      "REQ_type": "",
      "_id": 36,
      "author_id": "not defined",
      "author_name": "John Orfanos",
      "helpful": "0",
      "polarity": "",
      "rate": 5,
      "response": "",
      "response_date": "",
      "review": "This is by far one of, if not \"THE\" best fps games on mobile! It surpasses \nthe standards of quite a few console fps's. Only downer is the length of \nthe campaign mode \ud83d\ude23 but i guess its the age old predicament of quantity vs \nquality... definitely a \"must have\" game, even for non-diehard fps fans!",
      "review_date": [
        "June",
        "23",
        " 2018"
      ]
    },
    {
      "REQ_subtype": "",
      "REQ_type": "",
      "_id": 37,
      "author_id": "not defined",
      "author_name": "Leathal Gamer",
      "helpful": "0",
      "polarity": "",
      "rate": 3,
      "response": "",
      "response_date": "",
      "review": "Love the game but hate one thing about it, it's the server. When I wake up \nin the morning, trying to connect with the stupid server ,takes it time \nthen it fails. Server not efficient. Correct that",
      "review_date": [
        "July",
        "9",
        " 2018"
      ]
    },
    {
      "REQ_subtype": "",
      "REQ_type": "",
      "_id": 38,
      "author_id": "not defined",
      "author_name": "rishu patel",
      "helpful": "0",
      "polarity": "",
      "rate": 1,
      "response": "",
      "response_date": "",
      "review": "This game needs to download the whole system in and around every 10 or more \nfew days. I m definetily not liking this game at all. So Gameloft plz solve \nthis or players will timely not like it this is as per my opinion says but \nall depends on you all so plz solve it thanx.",
      "review_date": [
        "June",
        "26",
        " 2018"
      ]
    },
    {
      "REQ_subtype": "",
      "REQ_type": "",
      "_id": 39,
      "author_id": "not defined",
      "author_name": "Mrinal Saikia",
      "helpful": "0",
      "polarity": "",
      "rate": 4,
      "response": "",
      "response_date": "",
      "review": "After today's latest update, my Vice gun from Sniper class is not working \nwell as it should. In the gun description it is said that it fires bullets \nat 180RPM while after today's update it us firing at 10RPM.. Why does there \nare glitches,problems of all kinds after every new update.. Please look \ninto it. And i hope it gets resolved at the earliest. Hoping to hear \npositive results from your side..",
      "review_date": [
        "July",
        "7",
        " 2018"
      ]
    },
    {
      "REQ_subtype": "",
      "REQ_type": "",
      "_id": 40,
      "author_id": "not defined",
      "author_name": "Wayne Dsilva",
      "helpful": "10",
      "polarity": "",
      "rate": 4,
      "response": "",
      "response_date": "",
      "review": "Liked the game a lot. But its not user friendly espicially for a left \nhanded player for example if i want to switch controls for camera looking \nleft right and movement. If dat can be fixed , this game will be amazing.",
      "review_date": [
        "June",
        "15",
        " 2018"
      ]
    },
    {
      "REQ_subtype": "",
      "REQ_type": "",
      "_id": 41,
      "author_id": "not defined",
      "author_name": "Owen Smith",
      "helpful": "0",
      "polarity": "",
      "rate": 1,
      "response": "",
      "response_date": "",
      "review": "Glitches and bugs. Wont give me stars when I complete missions 100%. \nSometimes it wont give me any gear when I open packs. And when it does give \nme something it's usually a duplicate. If you want to get any decent \nweapons they make you pay a fortune for it. You'll be stuck at Tier 4 \nweapons no matter how long you've played it or how many adverts you've \nwatched. UPDATE: Now it wont let me play videos to double my XP get credits \nor open packs.",
      "review_date": [
        "May",
        "30",
        " 2018"
      ]
    },
    {
      "REQ_subtype": "",
      "REQ_type": "",
      "_id": 42,
      "author_id": "not defined",
      "author_name": "A Google user",
      "helpful": "15",
      "polarity": "",
      "rate": 2,
      "response": "",
      "response_date": "",
      "review": "Everything is amazing in this game. one of the best i ever played however i \nrated it low so that you should know that when you spend hard earn credits \non packs you do not want diamond dust in it. please work on it. its \nfrustrating when you get diamond dust in the packs instead of blueprints.",
      "review_date": [
        "June",
        "5",
        " 2018"
      ]
    },
    {
      "REQ_subtype": "",
      "REQ_type": "",
      "_id": 43,
      "author_id": "not defined",
      "author_name": "Aaron Henderson",
      "helpful": "4",
      "polarity": "",
      "rate": 4,
      "response": "",
      "response_date": "",
      "review": "I really like this game, and really enjoy playing it... now, all of a \nsudden it will not start... keeps saying no network connection... its very \nirritating... please fix this problem, i have money invested into this game",
      "review_date": [
        "June",
        "16",
        " 2018"
      ]
    },
    {
      "REQ_subtype": "",
      "REQ_type": "",
      "_id": 44,
      "author_id": "not defined",
      "author_name": "Ryan Langille",
      "helpful": "1",
      "polarity": "",
      "rate": 5,
      "response": "",
      "response_date": "",
      "review": "Good graphics and i still play but trying ahold of gameloft about my \nmissing credits after a big armor purshace during an event and i have not \nheard back after many attempts to email. over 2000 credits have gone \nmissing from my account since, during \"errors making purschase\" to that \neffect gameloft please fix and give me back my credits",
      "review_date": [
        "July",
        "6",
        " 2018"
      ]
    },
    {
      "REQ_subtype": "",
      "REQ_type": "",
      "_id": 45,
      "author_id": "not defined",
      "author_name": "Rishi Agarwal",
      "helpful": "120",
      "polarity": "",
      "rate": 1,
      "response": "",
      "response_date": "",
      "review": "In multiplayer matches the calibration process is freezed. I have played \nmore than 100 matches but it is showing to play 5 more matches to get \nranked in league. I am pretty sure that it is a bug as my friends are also \nfacing the same issue. After the latest update you guys have not fixed the \nprevious issues but you introduced some new issues(like lagging and \nfreezing) to fully ruin the gaming experience. I have deleted this game \nbecause of this bug but after two to three months i reinstalled it thinking \nthat gameloft must have fixed the bug but no they have given updates but \nthe problem isn't solved yet.",
      "review_date": [
        "May",
        "24",
        " 2018"
      ]
    },
    {
      "REQ_subtype": "",
      "REQ_type": "",
      "_id": 46,
      "author_id": "not defined",
      "author_name": "nakib haider",
      "helpful": "0",
      "polarity": "",
      "rate": 4,
      "response": "",
      "response_date": "",
      "review": "It was a great game untill the recent changes. Now there is very few \nopportunity left to increase the credit earnings. The duration of joint \neffort reward became too lengthy and the rewards also became less \nattractive. Another frustrating thing is no way of upgrading vip level \nwithout spending real money as it is very tough to defeat the high vip \nlevel players!",
      "review_date": [
        "June",
        "28",
        " 2018"
      ]
    },
    {
      "REQ_subtype": "",
      "REQ_type": "",
      "_id": 47,
      "author_id": "not defined",
      "author_name": "David Reed",
      "helpful": "0",
      "polarity": "",
      "rate": 1,
      "response": "",
      "response_date": "",
      "review": "Gameloft should be shivering with embarrassment at this failure of a game \nand someone deserves to be fired because of it. Pay to win with \nridiculously overpowered weapons? Tick. Pay to win with ridiculously \ninvincible armour? Tick. Adverts shoved down your throat when you paid 5GBP \nfor the game? Tick. Rife with cheaters? Tick. Complete lack of collision \ndetection? Tick tick tick. You are frequently killed by someone in front of \nyou with their back to you. This game is a joke. An utter joke.",
      "review_date": [
        "May",
        "31",
        " 2018"
      ]
    },
    {
      "REQ_subtype": "",
      "REQ_type": "",
      "_id": 48,
      "author_id": "not defined",
      "author_name": "Naveen Burman",
      "helpful": "0",
      "polarity": "",
      "rate": 3,
      "response": "",
      "response_date": "",
      "review": "What the **** spawn wrong, opening pack and what I get sh**t and for \nbeginners what I say. I am playing it for long time but til now I don't get \ntire 7 weapon. Developer Do something. Over all game is awesome.",
      "review_date": [
        "June",
        "2",
        " 2018"
      ]
    },
    {
      "REQ_subtype": "",
      "REQ_type": "",
      "_id": 49,
      "author_id": "not defined",
      "author_name": "a k",
      "helpful": "13",
      "polarity": "",
      "rate": 2,
      "response": "",
      "response_date": "",
      "review": "After the latest update the multiplayer rating is bugged and doesnt \nincrease it's stuck on one position (on celebration mode). Also The weapons \nbox also \u03c1rovide useless blueprints of the guns which turns into diamonds.",
      "review_date": [
        "May",
        "23",
        " 2018"
      ]
    },
    {
      "REQ_subtype": "",
      "REQ_type": "",
      "_id": 50,
      "author_id": "not defined",
      "author_name": "Masroor Hassan",
      "helpful": "0",
      "polarity": "",
      "rate": 2,
      "response": "",
      "response_date": "",
      "review": "Gameloft you need to give weapons blueprint by choice. Every time we only \ndiamond dust wht the hack man I tried to get some weapons blue print from \nlast 1 year .",
      "review_date": [
        "May",
        "25",
        " 2018"
      ]
    },
    {
      "REQ_subtype": "",
      "REQ_type": "",
      "_id": 51,
      "author_id": "not defined",
      "author_name": "Tanjil Sabil",
      "helpful": "4",
      "polarity": "",
      "rate": 2,
      "response": "",
      "response_date": "",
      "review": "I loved your game very much until you guys gave tha last update.After that \nthe game isn't opening anymore.when I open the game it says connection \nproblem.But my Internet connection is solid. I don't know what to do.Please \nfix this probelm.",
      "review_date": [
        "June",
        "19",
        " 2018"
      ]
    },
    {
      "REQ_subtype": "",
      "REQ_type": "",
      "_id": 52,
      "author_id": "not defined",
      "author_name": "rohit garg",
      "helpful": "0",
      "polarity": "",
      "rate": 2,
      "response": "",
      "response_date": "",
      "review": "i am an old player. i installed it today again but there's a connection \nproblem. i have fully functional airtel 4g net but still game is not \nconnecting to internet. pls resolve it fast so that i can enjoy this game",
      "review_date": [
        "May",
        "29",
        " 2018"
      ]
    },
    {
      "REQ_subtype": "",
      "REQ_type": "",
      "_id": 53,
      "author_id": "not defined",
      "author_name": "Odumosu Dnewshelf",
      "helpful": "3",
      "polarity": "",
      "rate": 1,
      "response": "",
      "response_date": "",
      "review": "My download was unable to complete hv been trying to re-download again for \nalmost a month now but still the same issues, it usually stop when it \nremain 92mb... Pls fix the error",
      "review_date": [
        "June",
        "26",
        " 2018"
      ]
    },
    {
      "REQ_subtype": "",
      "REQ_type": "",
      "_id": 54,
      "author_id": "not defined",
      "author_name": "sourav mukherjee",
      "helpful": "5",
      "polarity": "",
      "rate": 5,
      "response": "",
      "response_date": "",
      "review": "Nice game....But it's not fair that I'm in level 60 here but in multiplayer \nmatches there are level 140 players... How can I play like this.. Please \nmake the matches with similar level players.... Please do anything this is \na huge problem...",
      "review_date": [
        "June",
        "18",
        " 2018"
      ]
    },
    {
      "REQ_subtype": "",
      "REQ_type": "",
      "_id": 55,
      "author_id": "not defined",
      "author_name": "gaming link",
      "helpful": "8",
      "polarity": "",
      "rate": 1,
      "response": "",
      "response_date": "",
      "review": "I got the game back cause I wanted to play with my friend so I got it back \nand I did the whole practice mission and then link my account and for some \ndumbass reason it put me in a level one account and so I tried to connect \nto my real account but it says something went wrong please give me my \naccount back!!!!!!!! I put lots of effort in the game managed to get to \nlevel 50 or something and then now I can't get on my account !!!!! Give me \nmy account back!!!!!!!!!!!!",
      "review_date": [
        "June",
        "13",
        " 2018"
      ]
    },
    {
      "REQ_subtype": "",
      "REQ_type": "",
      "_id": 56,
      "author_id": "not defined",
      "author_name": "LittleArmyNut",
      "helpful": "0",
      "polarity": "",
      "rate": 1,
      "response": "",
      "response_date": "",
      "review": "Cannot go to player profile without crashing. Now tutorial leads me to open \nsupply pack, I open it and it says to tape to open a weapon pack free of \ncharge when there is nowhere to tap. Liked it better a long time back when \nI had it. It didn't have all these stupid bugs.",
      "review_date": [
        "May",
        "24",
        " 2018"
      ]
    },
    {
      "REQ_subtype": "",
      "REQ_type": "",
      "_id": 57,
      "author_id": "not defined",
      "author_name": "Nazz Reez",
      "helpful": "0",
      "polarity": "",
      "rate": 5,
      "response": "",
      "response_date": "",
      "review": "It is stuck on the first introductory mission. The loading bar stops at \n75%. And when I have a perfect internet connection, the prompt states it \nhas failed to connect and that I have to check my internet connection. Fix \nthis ASAP. I played the game before and this always happens in the past but \nI took no notice of it. Now it is just pure annoyance to me",
      "review_date": [
        "May",
        "27",
        " 2018"
      ]
    },
    {
      "REQ_subtype": "",
      "REQ_type": "",
      "_id": 58,
      "author_id": "not defined",
      "author_name": "Parth Bindal",
      "helpful": "0",
      "polarity": "",
      "rate": 5,
      "response": "",
      "response_date": "",
      "review": "Gameloft, I can't speak for the other games you have released over the past \nfew years, but you guys have nailed it when it comes to Modern Combat 5. \nAwesome Job Done!",
      "review_date": [
        "May",
        "23",
        " 2018"
      ]
    },
    {
      "REQ_subtype": "",
      "REQ_type": "",
      "_id": 59,
      "author_id": "not defined",
      "author_name": "Amandeep Saini",
      "helpful": "0",
      "polarity": "",
      "rate": 1,
      "response": "",
      "response_date": "",
      "review": "Takes forever to load. Can't read my internet connection even though i am \nconnected to a stable network. Sticks at loading player profile screen. \nHighly disappointed with this.",
      "review_date": [
        "May",
        "28",
        " 2018"
      ]
    },
    {
      "REQ_subtype": "",
      "REQ_type": "",
      "_id": 60,
      "author_id": "not defined",
      "author_name": "Liam Moore",
      "helpful": "3",
      "polarity": "",
      "rate": 4,
      "response": "",
      "response_date": "",
      "review": "Great idea. Good graphics but needs some serious in game balancing. I'm a \nfairly new player and I get placed against top players who have 1 shot and \nI'm dead. I shoot them 10 times there still moving. Very annoying and needs \nchanging",
      "review_date": [
        "June",
        "11",
        " 2018"
      ]
    },
    {
      "REQ_subtype": "",
      "REQ_type": "",
      "_id": 61,
      "author_id": "not defined",
      "author_name": "Raiyan Khan",
      "helpful": "24",
      "polarity": "",
      "rate": 4,
      "response": "",
      "response_date": "",
      "review": "Why do I always get disconnected from the server while playing multiplayer \n. Please solve this problem. And the modern combat versus game is not \ncompatible with my Moto g4 plus.",
      "review_date": [
        "May",
        "26",
        " 2018"
      ]
    },
    {
      "REQ_subtype": "",
      "REQ_type": "",
      "_id": 62,
      "author_id": "not defined",
      "author_name": "A Google user",
      "helpful": "2",
      "polarity": "",
      "rate": 2,
      "response": "",
      "response_date": "",
      "review": "The latest update has more glitches. I also have an issue connecting to the \ninternet.....yet the previous version of the app functioned without \nbuffering or freezing.",
      "review_date": [
        "June",
        "20",
        " 2018"
      ]
    },
    {
      "REQ_subtype": "",
      "REQ_type": "",
      "_id": 63,
      "author_id": "not defined",
      "author_name": "ramesh biswas",
      "helpful": "0",
      "polarity": "",
      "rate": 4,
      "response": "",
      "response_date": "",
      "review": "The overall gameplay is quite good....until that \"Multiplayer Data\" \ndownload. I waited for over 3 days but the download never goes farther than \n56%. Please fix this problem.",
      "review_date": [
        "June",
        "24",
        " 2018"
      ]
    },
    {
      "REQ_subtype": "",
      "REQ_type": "",
      "_id": 64,
      "author_id": "not defined",
      "author_name": "Ezekiel Shadriano",
      "helpful": "0",
      "polarity": "",
      "rate": 2,
      "response": "",
      "response_date": "",
      "review": "I Installed the game. When I tried to download the additional files, It \nkeep restarting prompting me poor network connection while my network is \nstrong. Also consume much data network. This issue should be resolved.",
      "review_date": [
        "July",
        "8",
        " 2018"
      ]
    },
    {
      "REQ_subtype": "",
      "REQ_type": "",
      "_id": 65,
      "author_id": "not defined",
      "author_name": "Amiya biswas",
      "helpful": "0",
      "polarity": "",
      "rate": 1,
      "response": "",
      "response_date": "",
      "review": "Why the hell am i being disconnected everytime am connecting to multiplayer \nmode...this problem started right after updating the game today.. gameloft \nkindly look into this serious matter. I feel many are facing this problem \nand i urge all those facing so kindly post their comments so that GAMELOFT \ncan address this issue thats turning horrnodous",
      "review_date": [
        "May",
        "22",
        " 2018"
      ]
    },
    {
      "REQ_subtype": "",
      "REQ_type": "",
      "_id": 66,
      "author_id": "not defined",
      "author_name": "Stray Lizards",
      "helpful": "0",
      "polarity": "",
      "rate": 5,
      "response": "",
      "response_date": "",
      "review": "Please dont lock graphic settings to low regardless of the phone. Instead \nof locking the fps to 30 by default you should stress test the phone to see \nif it can reach higher framerate first. My phpne can do 60fps no problem \nbut the game locked it to 30 by default. The graphics quality was locked to \nlow even though Im quite sure my phone could handle something higher",
      "review_date": [
        "June",
        "17",
        " 2018"
      ]
    },
    {
      "REQ_subtype": "",
      "REQ_type": "",
      "_id": 67,
      "author_id": "not defined",
      "author_name": "A Google user",
      "helpful": "0",
      "polarity": "",
      "rate": 4,
      "response": "",
      "response_date": "",
      "review": "overall good game.. One thing that pisses me off is that gameloft banned me \nfor no reason... Nonsense ...nd again, make it available offline and you'll \nget 1 billion downloads",
      "review_date": [
        "June",
        "29",
        " 2018"
      ]
    },
    {
      "REQ_subtype": "",
      "REQ_type": "",
      "_id": 68,
      "author_id": "not defined",
      "author_name": "GlorpageSlorpage Dinkleberry",
      "helpful": "0",
      "polarity": "",
      "rate": 1,
      "response": "",
      "response_date": "",
      "review": "When the game actually starts, I see it tells me to \"press R2 to shoot\", \nhowever, there is no R2 on my tablet. So I plugged in my PS3 controller \ninto my tablet, but none of the buttons or triggers did anything, all I \ncould do was move with the anolog sticks. So pretty much I can't play the \ngame. I don't understand. :/",
      "review_date": [
        "May",
        "25",
        " 2018"
      ]
    },
    {
      "REQ_subtype": "",
      "REQ_type": "",
      "_id": 69,
      "author_id": "not defined",
      "author_name": "Hajrieyan Jher",
      "helpful": "0",
      "polarity": "",
      "rate": 1,
      "response": "",
      "response_date": "",
      "review": "First time play this game, but it just can played with controller. No \noption to change to handled mode... So sad i can't play it. I was ask to \nsupport section of gameloft, but my email doesn't replied from gameloft \nsupport. Its game stuck until now. Better to uninstall this",
      "review_date": [
        "July",
        "3",
        " 2018"
      ]
    },
    {
      "REQ_subtype": "",
      "REQ_type": "",
      "_id": 70,
      "author_id": "not defined",
      "author_name": "A Google user",
      "helpful": "0",
      "polarity": "",
      "rate": 3,
      "response": "",
      "response_date": "",
      "review": "I have a new problem that in 4g game is not coming and saying that network \nconnection is no proper but all other apps moving in fastest network so i \nreduced rated to 3 from 5 because of cheating Now I download this game so \nwhat i have say though game 's video is very good . My friend advise me \nthat you will download this game. This game is very good, graphics is \nsuperb.He also say me that you will proud of you that you download this \ngame. In this game many types of guns,many types of knives, many types of \nthings. Now i have a new problem that in 4g game is not open please help.",
      "review_date": [
        "May",
        "30",
        " 2018"
      ]
    },
    {
      "REQ_subtype": "",
      "REQ_type": "",
      "_id": 71,
      "author_id": "not defined",
      "author_name": "Video Planet",
      "helpful": "10",
      "polarity": "",
      "rate": 2,
      "response": "",
      "response_date": "",
      "review": "Game Graphics And Story Is Good.But How Much Strong WiFi Signals do you \nidiots need? I have strong connection but game doesn't even load!!! Fix \nthis and make this game offline or else;",
      "review_date": [
        "May",
        "27",
        " 2018"
      ]
    },
    {
      "REQ_subtype": "",
      "REQ_type": "",
      "_id": 72,
      "author_id": "not defined",
      "author_name": "Jordan Hardy",
      "helpful": "4",
      "polarity": "",
      "rate": 1,
      "response": "",
      "response_date": "",
      "review": "Awful. Every match I played was against people over lvl 100. I was level 1 \ngot up to level 5 before uninstalling. Only person to ever go positive on \nmy team, never won a match, each enemy team had at least 1 person with a \nK/D of 10/1 or better",
      "review_date": [
        "June",
        "9",
        " 2018"
      ]
    },
    {
      "REQ_subtype": "",
      "REQ_type": "",
      "_id": 73,
      "author_id": "not defined",
      "author_name": "Taniya white",
      "helpful": "0",
      "polarity": "",
      "rate": 5,
      "response": "",
      "response_date": "",
      "review": "Best black guy game rules for Xbox really appreciate it greatly appreciate \nfeedback on the other hand is 5th Tggggfr5 7hg VT 5 I 7th. I am a beautiful \nperson. I am a little while 8th 6675 6th. I am a beautiful person 6th. I am \na beautiful person. it will take a moment of 5 I was just the same thing. \n6th. 7th, but",
      "review_date": [
        "July",
        "5",
        " 2018"
      ]
    },
    {
      "REQ_subtype": "",
      "REQ_type": "",
      "_id": 74,
      "author_id": "not defined",
      "author_name": "Vensley Amal",
      "helpful": "2",
      "polarity": "",
      "rate": 2,
      "response": "",
      "response_date": "",
      "review": "It is the best ever shooting game, I have played. But the worst thing is \nthe limited purchase of Packs. I'm finding it really difficult to purchase \na Good Prestige Weapon and other Armor Suits and Cores. Please do remove \nsuch limits. Update this app for unlimited purchase of Packs.",
      "review_date": [
        "June",
        "12",
        " 2018"
      ]
    },
    {
      "REQ_subtype": "",
      "REQ_type": "",
      "_id": 75,
      "author_id": "not defined",
      "author_name": "Mark Mascarenhas",
      "helpful": "3",
      "polarity": "",
      "rate": 3,
      "response": "",
      "response_date": "",
      "review": "Getting credits is still a joke in multiplayer matches .....sometimes you \nget diamond dust, sometimes you get 10 credits and you get \nblueprints....but there is no consistency in credits....you should at least \ngive 10 credits after every match...and then there is the new pop which \nsays \" playing a single match can be diff in getting 15 credits or \nmore\".... conclusion---you will take a very long time to level up to get \nprestige wepons",
      "review_date": [
        "May",
        "27",
        " 2018"
      ]
    },
    {
      "REQ_subtype": "",
      "REQ_type": "",
      "_id": 76,
      "author_id": "not defined",
      "author_name": "Abhishek dasgupta",
      "helpful": "0",
      "polarity": "",
      "rate": 4,
      "response": "",
      "response_date": "",
      "review": "Game is awesome but keeps on crashing. please fix it. This is very \nannoying. I have an up to date software and a compatible phone with 4G \ninternet yet this Game freezes and crashes after gaming for sometime. Will \ngive 5 stars if problem is fixed.",
      "review_date": [
        "June",
        "2",
        " 2018"
      ]
    },
    {
      "REQ_subtype": "",
      "REQ_type": "",
      "_id": 77,
      "author_id": "not defined",
      "author_name": "Asika Benardine Nzubechukwu",
      "helpful": "4",
      "polarity": "",
      "rate": 1,
      "response": "",
      "response_date": "",
      "review": "Nonsense game... can't play without internet connection, draining MB like \nmad, is that one free game? Please don't download if you are looking for \nfree game because this one is a thief...I just wasted my MB.",
      "review_date": [
        "June",
        "2",
        " 2018"
      ]
    },
    {
      "REQ_subtype": "",
      "REQ_type": "",
      "_id": 78,
      "author_id": "not defined",
      "author_name": "Jeff The Killer",
      "helpful": "2",
      "polarity": "",
      "rate": 5,
      "response": "",
      "response_date": "",
      "review": "This game is awesome and I would recommend this game to anyone. My brother \nhas it on his Moto G5s Plus and it runs very smoothly on it. The most \naddicting thing are the graphics. Nice job, Gameloft!",
      "review_date": [
        "July",
        "1",
        " 2018"
      ]
    },
    {
      "REQ_subtype": "",
      "REQ_type": "",
      "_id": 79,
      "author_id": "not defined",
      "author_name": "Garry does Gaming",
      "helpful": "3",
      "polarity": "",
      "rate": 1,
      "response": "",
      "response_date": "",
      "review": "Hi just want to say I love this game always have done but recently I \nhaven't been able to get into the game because it just gets stuff saying \n\"Loading play profile\" and the only way for it to work is to force stop it \nand clear the cache which is getting annoying so please try and fix this \nbug.",
      "review_date": [
        "May",
        "27",
        " 2018"
      ]
    }
  ],
  "size": "59",
  "url": "https://play.google.com/store/apps/details?id=com.gameloft.android.ANMP.GloftM5HM",
  "version": "3.1.1b"
}