{
  "categories": [
    "Entertainment"
  ],
  "description": "All Talking Tom wants to do is get a glimpse of the beautiful Talking Angela! Help Tom out by giving him the words he needs to woo her. Tom will repeat whatever you say. He'll even sing! He might need your help picking out presents to give her too. Are you ready to play Cupid?Keep an eye out for Talking Ginger... That mischief maker is trying to mess things up for Tom!\u2605\u2605\u2605 HOW TO PLAY \u2605\u2605\u2605\u2714 Help Tom win Angela's heart. Talk and he'll repeat whatever you say.\u2714 What will Tom and Angela do if you poke them? Find out!\u2714 Up the romance factor by swiping Tom \u2013 he'll blow a kiss!\u2714 Need some drama? Shake the device and the ground will shake.\u2714 Make it windy by blowing into the microphone.\u2714 Have a chat with Angela by pressing the \"Letter\" button.\u2714 Hear Tom and Angela sing a duet by pressing the \"Song\" button.\u2714 The \"Flower Pot\" button will let Ginger throw one at Tom! Watch out!\u2714 Think Tom should give Angela a gift? Press the \"Gift\" button!\u2714 Record and send funny videos to your friends.\u2605\u2605\u2605 HOW TO CHAT \u2605\u2605\u2605\u2714 Remember, Angela currently only speaks and understands English, although she'd love to learn other languages in the future!\u2714 Start a chat with Angela by pressing the \"Letter\" button.\u2714 Type or dictate what you want to say.\u2714 Wait as Tom gives your message to Angela.\u2714 She'll then reply via text and voice.\u2714 You can talk to her about anything, from school and movies, to friends, food or fashion.\u2714 Test your knowledge with a trivia quiz. Just type in \"quiz\", \"give me a quiz\" or \"play quiz\"!\u2714 Want Angela to tell you a joke? Ask her! Type \"tell me a joke\". It's as easy as that.LEGAL NOTICE: We are collecting anonymized data log files containing details on the usage of the app. More details: http://outfit7.com/privacy/This app is PRIVO certified. The PRIVO safe harbor seal indicates Outfit7 has established COPPA compliant privacy practices to protect your child\u2019s personal information. Our apps do not allow younger children to share their information.This app contains:- Promotion of Outfit7's products and contextual advertising- Links that direct customers to our websites and other Outfit7 apps- Watching videos of Outfit7's animated characters via YouTube integrationTerms of use: http://outfit7.com/eula/Privacy policy: http://outfit7.com/privacy-policy/",
  "inc": "Outfit7 Limited",
  "intalled_count": "100,000,000",
  "last_update": [
    "April",
    "30",
    " 2018"
  ],
  "name": "Tom Loves Angela",
  "offered_by": "Outfit7 Limited",
  "permissions": {
    "Photos/Media/Files": [
      "read the contents of your USB storage",
      "modify or delete the contents of your USB storage"
    ],
    "Storage": [
      "read the contents of your USB storage",
      "modify or delete the contents of your USB storage"
    ],
    "Camera": [
      "take pictures and videos"
    ],
    "Microphone": [
      "record audio"
    ],
    "Wi-Fi connection information": [
      "view Wi-Fi connections"
    ],
    "Other": [
      "receive data from Internet",
      "view network connections",
      "full network access",
      "control vibration",
      "prevent device from sleeping"
    ]
  },
  "rate": [
    [
      "1,112,552",
      "4.1"
    ],
    [
      "728,437",
      "5"
    ],
    [
      "119,445",
      "4"
    ],
    [
      "86,175",
      "3"
    ],
    [
      "50,334",
      "2"
    ],
    [
      "128,161",
      "1"
    ]
  ],
  "required_android": "4.1",
  "size": "50",
  "url": "https://play.google.com/store/apps/details?id=com.outfit7.tomlovesangelafree",
  "version": "2.2.1.3"
}