{
  "categories": [
    "Education"
  ],
  "description": "YOUSICIAN - the fast, fun way to learn, play and master the Piano, Guitar, Bass or Ukulele. Enjoy thousands of songs on your REAL INSTRUMENT! (supports acoustic and electric instruments)--------------------------Yousician is your personal music tutor for the digital age. Learn at your own pace, whenever and wherever you want. The app listens to you play and gives instant feedback on your accuracy and timing. Our curriculum, designed by expert music teachers, will help musicians of all levels improve, from complete beginners to professionals.Step-by-step video tutorials guide you through each lesson. Fun and addictive gameplay tracks your progress and keeps you motivated to practice and learn. You\u2019ll be amazed how fast your skills advance. So go grab your guitar, bass or ukulele, or go sit at your piano or keyboard, and start playing now! Who is this for?\u2022 Pianists, Guitarists, Bass & Ukulele players\u2022 Complete beginners\u2022 Advanced & professional musicians\u2022 Music teachersWhat is included?\u2022 Over 1,500 missions & exercises, with hundreds of videos, covering all the skills you need: sight reading sheet music, classical and pop songs for Piano, and for Guitar, Bass and Ukulele you\u2019ll learn chords, strumming, melodies, lead, fingerpicking and more. \u2022 Yousician also teaches you music theory and Includes special trainers for each skill & chord.\u2022 A Weekly Challenge, where you can compete with friends and millions of Yousicians worldwide.How does it work?\u2022 It listens to you play the piano, guitar, bass or ukulele\u2022 It gives you instant feedback on your performance\u2022 It takes you through awesome songs and step-by-step tutorials that suit your playing level\u2022 It makes learning fun with rewarding gameplay and challenges__SELF-LEARNERS, Yousician has been developed with the world\u2019s most innovative and experienced music teachers. It is perfectly suited for self-learning or as a supplement to learning with a teacher. With step-by-step tutorials and constant feedback you can always be sure you\u2019re playing right. EDUCATORS / TEACHERSTeachers all over the world are using Yousician with their students in private lessons, small groups, and classrooms. Yousician keeps students engaged, helps build technical ability and timing, and increases practice between lessons. Learn more at http://teachers.yousician.comPLAY WITH ANY PIANO / GUITAR / BASS / UKULELEYousician is played with a real instrument, and requires no additional equipment. The microphone listens to you play and the app tells you how you're performing.PREMIUM SUBSCRIPTIONSubscribe for unlimited and uninterrupted playtime across all platforms.Subscription types are annual plans billed in monthly installments, upfront annual and monthly plans. Prices may vary in different countries. Subscription automatically renews at the end of each term unless auto-renew is turned off in your Yousician account on yousician.com. If you use a Google Play store account, you can cancel your subscription from there.ABOUT YOUSICIANYousician is the largest and fastest growing music educator in the world. We believe musicality can and should be as commonplace as literacy. Send us your feedback:Got ideas to make Yousician even better? Send us your ideas and suggestions to: feedback.yousician.comJoin the Yousician community on Facebook and Twitter:\u2022 https://www.facebook.com/yousician\u2022 https://twitter.com/yousicianDownload our other free music tuner app:Guitar Tuna - the #1 tuner app worldwidehttps://play.google.com/store/apps/details?id=com.ovelin.guitartuna&hl=en",
  "inc": "Yousician Ltd.",
  "intalled_count": "10,000,000",
  "last_update": [
    "July",
    "26",
    " 2018"
  ],
  "name": "Yousician -  Learn Guitar, Piano, Bass & Ukulele",
  "offered_by": "Yousician Ltd.",
  "permissions": {
    "Microphone": [
      "record audio"
    ],
    "Wi-Fi connection information": [
      "view Wi-Fi connections"
    ],
    "Other": [
      "receive data from Internet",
      "view network connections",
      "pair with Bluetooth devices",
      "full network access",
      "control vibration",
      "prevent device from sleeping",
      "view network connections",
      "full network access",
      "control vibration",
      "prevent device from sleeping"
    ]
  },
  "rate": [
    [
      "220,961",
      "4.5"
    ],
    [
      "166,236",
      "5"
    ],
    [
      "30,156",
      "4"
    ],
    [
      "7,711",
      "3"
    ],
    [
      "4,083",
      "2"
    ],
    [
      "12,775",
      "1"
    ]
  ],
  "required_android": "4.4",
  "size": "57",
  "url": "https://play.google.com/store/apps/details?id=com.yousician.yousician",
  "version": "2.53.0"
}