{
  "categories": [
    "Arcade",
    "Pretend Play"
  ],
  "description": "Go on a fun and exciting adventure with a fun worms . Our worms is very hungry, and your task is extremely simple - to feed it. Meet our new exciting game from the series developing games for kids: \"Caterpillar\".In the process of playing, you will manage an amusing worms and guide it to various tasty fruits and coins, thereby earning yourself points. And try to collect them as much as possible! On the way you will meet other worms , but be extremely careful, because meeting with them will not bring anything good. Feed her, collect coins, crystals and various bonus items, use them to accelerate and get away from pursuers. Walking away from the pursuers - dive into the wormholes that come in your way and move to other locations, but beware of the cunning spiders that have wove their traps out of the web in the most unexpected places. This will be an exciting battle of worms! And our very hungry worms , after you feed it, will be very grateful to you.Fascinating, but at the same time very simple and understandable even to kids the gameplay will not make you bored. Our game caterpillar will give you a lot of positive emotions, will help to cheer up. To start playing the game, you just need to download it and install it on your device. Set records to collect bonuses and share them with your friends!Features:- The game can be downloaded and played for free;- Beautiful graphics and fun music;- Dynamic and addictive gameplay;- A wide variety of bonuses;- Infinite motion;- Suitable for both children and adults;- The game can be installed both on the phone and on the tablet.Be sure to visit our website at http://yovogames.comTwitter: https://twitter.com/YOVOstudioFacebook: https://facebook.com/yovogamesOK: www.ok.ru/yovo.gamesVK: https://vk.com/yovogames",
  "inc": "Games from YovoGames !",
  "intalled_count": "500",
  "last_update": [
    "July",
    "30",
    " 2018"
  ],
  "name": "Worms",
  "offered_by": "Games from YovoGames !",
  "permissions": {
    "Photos/Media/Files": [
      "read the contents of your USB storage",
      "modify or delete the contents of your USB storage"
    ],
    "Storage": [
      "read the contents of your USB storage",
      "modify or delete the contents of your USB storage"
    ],
    "Wi-Fi connection information": [
      "view Wi-Fi connections"
    ],
    "Other": [
      "receive data from Internet",
      "view network connections",
      "full network access",
      "prevent device from sleeping"
    ]
  },
  "rate": [],
  "required_android": "4.1",
  "size": "19",
  "url": "https://play.google.com/store/apps/details?id=com.YovoGames.worms",
  "version": "1.0.5"
}