{
  "categories": [
    "Educational",
    "Education"
  ],
  "description": "Do you want to improve your English conversation skills and speak it like a native? Basics in Education: Guess Who Am I Quize with Blad Teacher is a perfect english basics learning game special for you!I this quize game, you will find a lot of english lessons, categories, and all basics you need to learn english and improve your english to next level.Start learning now with Basics in Education: Guess Who Am I Quize, the best educational game to improve your daily English conversation skills with guessing the pictures that cover a wide range of common topics, situations and skills including : Animals, Fruits, Vegetables, Vehicles, Birds, Sports, Places, Flowers, Celebrities...You will learn how to be able to face different situations with confidence in your English abilities. With Basics in English Learning and Education you will improve your pronunciation, listening, grammar, vocabulary and much more.** Basics in Education: Guess Who Am I Quize Features** :\u2013 Beautiful design, simple and easy to use.\u2013 Learning by rguessing the name of object in pictures.\u2013 Learning all basics in english.- We will add new levels and features soon to make this game more funny and more helpful.Let's start enjoying and learning the basics of english, improving our english and have some fun doing it ! DISCLAIMER:** This is not Baldis Basics in Education and Learning adventures game, and has no relation with it. The concept of this app is completely different. The content in this app is not affiliated with, endorsed, sponsored, or specifically approved by any company. All copyright and trademarks are owned by their respective owners. The images in this application are collected from around the web, if we are in breach of copyright, please let us know and it will be removed as soon as possible.N.B: If you liked our app and found it very helpful, pplease rate us by giving 5 stars, and leave a comment to help us improve this app in future releases.Thank you",
  "inc": "Appexa",
  "intalled_count": "500",
  "last_update": [
    "August",
    "7",
    " 2018"
  ],
  "name": "Basics in Education: Guess Who Am I Quize",
  "offered_by": "Appexa",
  "permissions": {
    "Photos/Media/Files": [
      "read the contents of your USB storage",
      "modify or delete the contents of your USB storage"
    ],
    "Storage": [
      "read the contents of your USB storage",
      "modify or delete the contents of your USB storage"
    ],
    "Wi-Fi connection information": [
      "view Wi-Fi connections"
    ],
    "Other": [
      "view network connections",
      "full network access"
    ]
  },
  "rate": [],
  "required_android": "4.1",
  "size": "23",
  "url": "https://play.google.com/store/apps/details?id=com.gamezoney.baldteacher.basics_in_english",
  "version": "1.2"
}