{
  "categories": [
    "Action",
    "Pretend Play"
  ],
  "description": "* I like trains!* I like to look at the running train!It is an application for such a child.You can see the train running with easy operation.target:  A child like a train from 2 to 7 years oldThe type of train is infinite for the  update application!We also accept requests that we want such a train.(Twitter:https://twitter.com/of_nishikigoi)(mail:of.nishikigoi@gmail.com)versionup plan:  * Increase train  * Save / reproduce the favorite town  * Train appearance probability operation screen\u203b Advertisement will be displayed.  I am planning a paid version without advertisement in the area where I added more functions.",
  "inc": "nishikigoi",
  "intalled_count": "5",
  "last_update": [
    "August",
    "3",
    " 2018"
  ],
  "name": "Train Town !\u3000FREE",
  "offered_by": "nishikigoi",
  "permissions": {
    "Other": [
      "view network connections",
      "full network access"
    ]
  },
  "rate": [],
  "required_android": "4.4",
  "size": "27",
  "url": "https://play.google.com/store/apps/details?id=nishikigoi.TrainTown",
  "version": "0.5.13"
}