{
  "categories": [
    "Educational",
    "Pretend Play"
  ],
  "description": "For more videos, subscribe to BabyBus on YouTube! \u25ba\u25bahttps://goo.gl/llI2fXLet's learn how to build a beautiful house with Kiki the architect. Kids, the world is full of beautiful and unique houses! Even in a grassland or in a big city,even in a surburb or in the mountains,even in a dessert or on the snow, even near a river or in space.... But having a beautiful house of your own requires the hard work of many people. Baby Panda House Building features 8 types of houses: a house made of earth, a cave, an igloo, a brick house,  a cottage, a cabin,  a glass house and a yurt. Your child will experience the joy of hard work throughout the process of building a house! About BabyBus:BabyBus is the most trusted brand in early childhood educational software. The mobile applications are designed and developed specifically for children. Tips: In the search bar, enter \"BabyBus\" to find all of our products.Contact us:E-mail: en@babybus.comWebsite: http://www.babybus.comFacebook:https://www.facebook.com/BabyBusENGLISH/?ref=hlPrivacy Policy: http://en.babybus.com/index/privacyPolicy.shtml",
  "inc": "BabyBus Kids Games",
  "intalled_count": "500,000",
  "last_update": [
    "June",
    "25",
    " 2018"
  ],
  "name": "Baby Panda House Building",
  "offered_by": "BabyBus Kids Games",
  "permissions": {
    "Wi-Fi connection information": [
      "view Wi-Fi connections"
    ],
    "Other": [
      "receive data from Internet",
      "view network connections",
      "full network access",
      "prevent device from sleeping",
      "modify system settings"
    ]
  },
  "rate": [
    [
      "1,301",
      "4.3"
    ],
    [
      "933",
      "5"
    ],
    [
      "92",
      "4"
    ],
    [
      "103",
      "3"
    ],
    [
      "46",
      "2"
    ],
    [
      "127",
      "1"
    ]
  ],
  "required_android": "4.0.3",
  "size": "32",
  "url": "https://play.google.com/store/apps/details?id=com.sinyee.babybus.house.global",
  "version": "8.25.10.00"
}