{
  "categories": [
    "Lifestyle"
  ],
  "description": "Birthday Cards for Facebook is the #1 globally downloaded Birthday Cards app for the Facebook platform, now on your Android device. Easily send unique digital cards to your friends directly from the app. It's absolutely free and 100% fun. Never miss a friend's birthday ever again!# See your friends' birthdays in chronological order (past, present and future) on our easy-to-use infinity loop display# Get reminders leading up to and on the day of your friends' birthdays# Browse our awesome selection of digital birthday cards which you can send and receive for free# Get reminded of other significant events to celebrate like holidays# Add our widget to your home screen to see upcoming birthdays!It's easy to get started. Simply download the app, synch your Facebook account or pull birthdays from contacts, and start spreading the joy!Bring a smile to a friend's face. Download Birthday Cards for Facebook today!****FAQ****Q: Is it free?A: Yes! You can post our beautiful cards to your friends' Facebook walls absolutely free. We do offer some premium cards and other premium services but you don't need to buy anything if you don't want to. The ability to send cards to friends is free, no strings attached.Q: It doesn't have all my friends' birthdays listed. Why?A: The application uses information provided by Facebook and from your contacts. If we cannot get access to this information (either it doesn't exist or the platform doesn't give us that info), then we allow you to manually select your friend and input their birthday. Our app will then remember this information for next year :)",
  "inc": "Apps-O-Rama",
  "intalled_count": "1,000,000",
  "last_update": [
    "April",
    "13",
    " 2018"
  ],
  "name": "Free Birthday Cards",
  "offered_by": "Apps-O-Rama",
  "permissions": {
    "Identity": [
      "find accounts on the device"
    ],
    "Contacts": [
      "find accounts on the device",
      "read your contacts"
    ],
    "Location": [
      "approximate location (network-based)",
      "precise location (GPS and network-based)"
    ],
    "Phone": [
      "read phone status and identity"
    ],
    "Photos/Media/Files": [
      "read the contents of your USB storage",
      "modify or delete the contents of your USB storage"
    ],
    "Storage": [
      "read the contents of your USB storage",
      "modify or delete the contents of your USB storage"
    ],
    "Camera": [
      "take pictures and videos"
    ],
    "Wi-Fi connection information": [
      "view Wi-Fi connections"
    ],
    "Device ID & call information": [
      "read phone status and identity"
    ],
    "Other": [
      "view network connections",
      "full network access",
      "run at startup",
      "control vibration",
      "prevent device from sleeping",
      "toggle sync on and off"
    ]
  },
  "rate": [
    [
      "93,814",
      "4.2"
    ],
    [
      "54,970",
      "5"
    ],
    [
      "21,278",
      "4"
    ],
    [
      "8,904",
      "3"
    ],
    [
      "3,271",
      "2"
    ],
    [
      "5,391",
      "1"
    ]
  ],
  "required_android": "4.0.3",
  "size": "13",
  "url": "https://play.google.com/store/apps/details?id=com.appsorama.bday",
  "version": "3.32"
}