{
  "categories": [
    "Educational",
    "Pretend Play"
  ],
  "description": "For more videos, subscribe to BabyBus on YouTube! \u25ba\u25bahttps://goo.gl/llI2fXBaby Panda papermaking is the perfect way to help your child understand Chinese paper-making. The child-friendly interface allows your child to study the process of paper-making with just a click. Features:-Simple intuitive controls! -A perfect combination of animation + interactive activities + knowledge\u2014\u2014\u2014\u2014\u2014BabyBus offers games, videos and a wide variety of other educational content for 200 million fans aged 0-6 around the world! It has produced more than 150 children's eduational games, 700 children's songs. and animations of various themes spanning the arts, health, and science. It is dedicated to cultivating creativity, imagination and curiosity in children, helping them explore the world on their own. \u2014\u2014\u2014\u2014\u2014Contact Information Email: ser@babybus.comWebsite: http://www.babybus.com",
  "inc": "BabyBus Kids Games",
  "intalled_count": "100,000",
  "last_update": [
    "June",
    "15",
    " 2018"
  ],
  "name": "Baby Panda Papermaking",
  "offered_by": "BabyBus Kids Games",
  "permissions": {
    "Wi-Fi connection information": [
      "view Wi-Fi connections"
    ],
    "Other": [
      "receive data from Internet",
      "view network connections",
      "full network access",
      "prevent device from sleeping",
      "modify system settings"
    ]
  },
  "rate": [
    [
      "740",
      "4.4"
    ],
    [
      "550",
      "5"
    ],
    [
      "62",
      "4"
    ],
    [
      "52",
      "3"
    ],
    [
      "19",
      "2"
    ],
    [
      "57",
      "1"
    ]
  ],
  "required_android": "4.0.3",
  "size": "61",
  "url": "https://play.google.com/store/apps/details?id=com.sinyee.babybus.papermaking.global",
  "version": "8.25.10.00"
}