{
  "categories": [
    "Personalization"
  ],
  "description": "Earth HD live wallpaper brings you the most beautiful and peaceful view of our planet. Stay tuned!Features:- Sun/Earth position mode depending on current date- 5 different Earth themes: Classic, Realistic, Future, Post-apocalyptic, Frozen earth- Awesome satellite mode demo. - True HD Earth textures- HD stars background texture - Beautiful reflections- Texture detalization customization- 4 FPS limiting options to help your phone's battery- Realistic atmosphere- Can customize camera distance and offset (especially useful for tablets, helps to take 100% from HD texture detalization)- Lights on the night side- Earth's rotation speed customization- 10 camera modes: * Free - you can freely observe all corners of the Earth * Move (left-centered) - perfect for Samsung phones with TouchWiz (where main screen is the left one) * Move (centered) - perfect for HTC Sense-based phones (where main screen is the center one) * Orbit (left-centered) - perfect for Samsung phones with TouchWiz * Orbit 2 (centered) - perfect for HTC Sense-based phones * Fixed camera * + 4 new AWESOME animated cameras- Sun- 100% 3D using OpenGL ES 2.0 / C++ for best performanceIMPORTANT. It's a LIVE WALLPAPER. It won't appear in your app list. Go to the live wallpaper menue of your phone and you'll find it there.IMPORTANT. If you'll find any bugs please write me an e-mail. In most cases i can't fix them if you'll report them in comments.",
  "inc": "Mozg Labs",
  "intalled_count": "100,000",
  "last_update": [
    "November",
    "21",
    " 2016"
  ],
  "name": "Earth HD Deluxe Edition",
  "offered_by": "Mozg Labs",
  "permissions": {
    "Other": []
  },
  "rate": [
    [
      "4,237",
      "4.4"
    ],
    [
      "2,985",
      "5"
    ],
    [
      "672",
      "4"
    ],
    [
      "241",
      "3"
    ],
    [
      "125",
      "2"
    ],
    [
      "214",
      "1"
    ]
  ],
  "required_android": "2.3.3",
  "size": "13",
  "url": "https://play.google.com/store/apps/details?id=ru.gonorovsky.kv.livewall.earthhddon",
  "version": "3.5.0"
}