{
  "categories": [
    "Personalization"
  ],
  "description": "\"...This may sound strange but when I wake up and see that, it puts a smile on my face...\"- Hearing this response about the morning birds from one of our users put a smile on our face. Two years later, more than 12 million users have installed the Lite and Pro versions of Sun Rise Live Wallpaper. We sincerely thank you for your support!Imagine looking at the sky at dawn over the hill. This live wallpaper features tree silhouette, on top of a morning sky background with soft cloud moving, birds flying, and rainbow appearing occasionally. In the morning, a flock of birds will come out and cheer your morning with a greeting. The scene has full parallax effect.We want to bring you the best experience we can, so we never put ads into our apps. If you like this Free version, support us by buying the full version!  You only pay once to access all features - No hidden cost.*** We just added bird sound to the Free version. To enable more variety of bird sounds and change the sound volume, check out the Pro or All-in-One version. ***The Pro version has many extra features:\u2605 (New Feature in Pro): Various types of Winter trees and interactive Windmill for selection\u2605 Snow Falling (with interaction and option to control using accelerometer)\u2605 Customize the bird sounds\u2605 Options for greeting birds\u2605 Options for scene speed \u2605 Options for the rainbow\u2605 Options for the Parallax effect*** Or you can get the All-in-One version, which contains all the apps in this collections (Sun Rise + Blue Sky + Sunset + Dream Night), with automatic switching among them throughout the day:    http://bit.ly/DayNightLWPTO USE:Home -> Press Menu -> Select Wallpapers -> Select Live Wallpapers -> Select Sun Rise from the list*** If you have any problem, please send an email to teragon.android@gmail.com, with your phone model so we can have enough info to help you!* A note on Internet access:Starting from version 4.8.0, this app now needs access to the Internet, for error notification purpose. This can help us to identify the cause of crashes and errors on different types of devices more effectively and fix it faster for you. Usage of the Internet is kept strictly to a minimum so that it does not consume your network bandwidth or battery. We do not collect any personal data. We follow strict privacy policies in our apps. We hope you will accept this change, and we can make the app better. Send us a feedback otherwise :)",
  "inc": "Teragon",
  "intalled_count": "10,000,000",
  "last_update": [
    "January",
    "31",
    " 2018"
  ],
  "name": "Sun Rise Free Live Wallpaper",
  "offered_by": "Teragon",
  "permissions": {
    "Other": [
      "receive data from Internet",
      "view network connections",
      "full network access",
      "prevent device from sleeping",
      "install shortcuts",
      "read Google service configuration"
    ]
  },
  "rate": [
    [
      "86,480",
      "4.3"
    ],
    [
      "55,737",
      "5"
    ],
    [
      "16,135",
      "4"
    ],
    [
      "6,688",
      "3"
    ],
    [
      "3,204",
      "2"
    ],
    [
      "4,716",
      "1"
    ]
  ],
  "required_android": "4.0",
  "size": "8.6",
  "url": "https://play.google.com/store/apps/details?id=com.teragon.skyatdawnlw.lite",
  "version": "4.8.3"
}