{
  "categories": [
    "Music & Audio"
  ],
  "description": "Mobile Ringtone Maker is an easy tool to make you favorite tone for your mobile. Make your own MP3 ringtones fast and easy with this app. Supports MP3, WAV, AAC, AMR and most other music formats.You can even record a live audio and this MP3 editor can edit and trim the best parts from it for free. How to use Mp3 Cutter and Ringtone Maker:1.Select mp3/music from your mobile or from Recordings.2.Select area to be chopped from your audio.3.Save as Ringtone/Music/Alarm/Notification.Features: Record button at top left of app to record an audio/music for editing. An Inverted Red Triangle to Select and Edit Mp3/Music from your Mobile/SD. Option to delete (with confirmation alert) the created Tone. View a scrollable waveform representation of the audio file at 4 zoom levels. Set start & end for the audio clip, using an optional touch interface. Tap anywhere on the wave & the built in Music player starts playing at that position. Manually set the Start & End time(in seconds) by typing the values in text boxes at bottom of app. Option to Name the new cut clip while saving it.Set the new clip as default ringtone or assign to contacts, using this editor.Disclaimer:In order to keep the app 100% free, its ad supported and may contain adds. The required permissions are just for ads. Thanks for your supports.",
  "inc": "JK-Apps",
  "intalled_count": "100,000",
  "last_update": [
    "March",
    "9",
    " 2017"
  ],
  "name": "Mobile Ringtone Maker",
  "offered_by": "JK-Apps",
  "permissions": {
    "Device & app history": [
      "retrieve running apps"
    ],
    "Phone": [
      "read call log",
      "read phone status and identity",
      "write call log"
    ],
    "Photos/Media/Files": [
      "read the contents of your USB storage",
      "modify or delete the contents of your USB storage"
    ],
    "Storage": [
      "read the contents of your USB storage",
      "modify or delete the contents of your USB storage"
    ],
    "Microphone": [
      "record audio"
    ],
    "Wi-Fi connection information": [
      "view Wi-Fi connections"
    ],
    "Device ID & call information": [
      "read phone status and identity"
    ],
    "Contacts": [
      "read your contacts",
      "modify your contacts"
    ],
    "Other": [
      "view network connections",
      "full network access",
      "draw over other apps",
      "prevent device from sleeping",
      "modify system settings"
    ]
  },
  "rate": [
    [
      "538",
      "4.1"
    ],
    [
      "325",
      "5"
    ],
    [
      "75",
      "4"
    ],
    [
      "65",
      "3"
    ],
    [
      "23",
      "2"
    ],
    [
      "50",
      "1"
    ]
  ],
  "required_android": "Varies with",
  "size": "Varies with devic",
  "url": "https://play.google.com/store/apps/details?id=com.kt.ringdroid",
  "version": "Varies with device"
}