{
  "categories": [
    "Personalization"
  ],
  "description": "We know how much you like Flaming Skull Keyboard Theme to beautify your mobile gadget and that is why we created Flaming Skull Keyboard Theme designs that will blow your mind!\u00a0Flaming Skull Keyboard Theme will bring your phone a new look. You\u2019ll fall in love with this Flaming Skull Keyboard Theme for sure. Flaming Skull Keyboard Theme will let a plain keyboard into a beautiful and unique one.\u00a0Decorate your phone with Flaming Skull Keyboard Theme now!If you need a special keyboard style for your new mobile device then you must try this amazing Flaming Skull Keyboard Theme. You will not regret a minute spent on this Flaming Skull Keyboard Theme design because you'll draw everyone's attention. Be the new trendsetter among your friends, download Flaming Skull Keyboard Theme for free!Flaming Skull Keyboard Theme is compatible with most Android phones, including but not limited to:Samsung Galaxy Note7, Note 6, Note 5, Samsung Galaxy S7 and S7 Edge, Samsung Galaxy S6 and S6 Edge, Samsung Galaxy S5, Samsung Galaxy J7,Samsung Galaxy S8 and S8 Edge;Sony Xperia Z5, Sony Xperia Z4;Huawei P10 and P10 Plus, Huawei P9, Huawei P8, Huawei Mate 9, Huawei Mate 8, Huawei Honor 8;HTC 10, HTC One A9, HTC Desire 10 Pro;OPPO Find 9;Xiaomi Mix, Xiaomi 6, Xiaomi 5;Nokia 8\u2728How to Use the Flaming Skull Keyboard Theme Keyboard\uff1a*  Note: Please install our keyboard first. *  Download the Flaming Skull Keyboard Theme from play store.*  Open Flaming Skull Keyboard Theme and click the ACTIVATE THEME button. *  Kika theme Keyboard that has been loved deeply by over 20 million users is the most personalized keyboard with themes for Android! *  Kika keyboard provides many free and stylish keyboard HD wallpapers to decorate your phone background, like anime HD wallpaper, cute HD wallpaper, emojis HD wallpaper and so on.\u2728Featured Themes keyboard*  Customize keyboard theme by choosing your own photos, HD wallpapers, emojis HD wallpapers, applock pictures or launcher pictures. You can also change the theme colors, customize the font styles, fonts sizes and colors! You can be a designer to create your own theme. *  Auto correction and next word suggestion in keyboards Copy. cut and paste straight from emoticon keyboard Full support for mobiles and tablets*  Support for over 150 languages and country. Enjoy the Sexy Emoji Keyboard with cute emoji and delicate fonts. *  Privacy and Security. kika will never collect your personal info and collect the photos you set as HD wallpapers. We only use the words typed by you to make the predictions more accurate.*  Kika keyboard Theme Center offers all categories of stylish android themes. For, example, glitter HD wallpapers like Golden Bow theme, delicate themes like Galaxy theme, cute animal themes like Panda theme, etc, which are compatible with almost all android phones, including Samsung (S7 edge / J7 / J8 ) , Lenovo, OPPO, Huawei, Motorola, etc. You can always find your favorite no matter you like anime HD wallpaper, emojis HD wallpaper or cute HD wallpaper!*  Connect UsFacebook: www.facebook.com/KikaKeyboard",
  "inc": "Kika Theme Lab",
  "intalled_count": "10,000,000",
  "last_update": [
    "August",
    "2",
    " 2018"
  ],
  "name": "Flaming Skull Keyboard Theme",
  "offered_by": "Kika Theme Lab",
  "permissions": {
    "Photos/Media/Files": [
      "read the contents of your USB storage",
      "modify or delete the contents of your USB storage"
    ],
    "Storage": [
      "read the contents of your USB storage",
      "modify or delete the contents of your USB storage"
    ],
    "Wi-Fi connection information": [
      "view Wi-Fi connections"
    ],
    "Other": [
      "adjust your wallpaper size",
      "receive data from Internet",
      "view network connections",
      "read battery statistics",
      "disable your screen lock",
      "full network access",
      "run at startup",
      "set wallpaper",
      "draw over other apps",
      "control vibration",
      "prevent device from sleeping",
      "modify system settings"
    ]
  },
  "rate": [
    [
      "77,502",
      "4.3"
    ],
    [
      "51,889",
      "5"
    ],
    [
      "10,246",
      "4"
    ],
    [
      "7,838",
      "3"
    ],
    [
      "2,723",
      "2"
    ],
    [
      "4,806",
      "1"
    ]
  ],
  "required_android": "4.1",
  "size": "4.3",
  "url": "https://play.google.com/store/apps/details?id=com.ikeyboard.theme.FlamingSkull",
  "version": "57.0"
}