{
  "categories": [
    "Entertainment"
  ],
  "description": "With the new Mixer app, you can do more than just watch \u2014 you can take part in the action! Direct game choices, place objects, select sounds and much more. Join now to experience the future of live, interactive streaming for games like: Minecraft, the Telltale Crowd Play series (Guardians of the Galaxy, Minecraft Story Mode Season 2, Batman & The Walking Dead) Killing Floor 2, Death\u2019s Door, Hello Neighbor, & more! \u2022        Participate in your favorite streams by influencing or changing the streamer\u2019s gameplay \u2022        Interact and chat with less than a second of latency. That\u2019s Faster Than Light (FTL) technology. \u2022        Customize your content by following to find what you want faster Mixer is more than just a streaming app \u2013 it\u2019s a streaming community. We want to hear from you about what you want to see in the app. Give us any feedback you have on Twitter @WatchMixer or at https://aka.ms/mixermobilefeedback.",
  "inc": "Microsoft Corporation",
  "intalled_count": "1,000,000",
  "last_update": [
    "July",
    "20",
    " 2018"
  ],
  "name": "Mixer \u2013 Interactive Streaming",
  "offered_by": "Microsoft Corporation",
  "permissions": {
    "Identity": [
      "find accounts on the device",
      "read your own contact card"
    ],
    "Contacts": [
      "find accounts on the device",
      "read your contacts"
    ],
    "SMS": [
      "receive text messages (SMS)"
    ],
    "Phone": [
      "read phone status and identity"
    ],
    "Photos/Media/Files": [
      "read the contents of your USB storage",
      "modify or delete the contents of your USB storage"
    ],
    "Storage": [
      "read the contents of your USB storage",
      "modify or delete the contents of your USB storage"
    ],
    "Wi-Fi connection information": [
      "view Wi-Fi connections"
    ],
    "Device ID & call information": [
      "read phone status and identity"
    ],
    "Other": [
      "receive data from Internet",
      "view network connections",
      "full network access",
      "draw over other apps",
      "prevent device from sleeping"
    ]
  },
  "rate": [
    [
      "26,799",
      "3.7"
    ],
    [
      "14,614",
      "5"
    ],
    [
      "2,705",
      "4"
    ],
    [
      "2,289",
      "3"
    ],
    [
      "1,353",
      "2"
    ],
    [
      "5,838",
      "1"
    ]
  ],
  "required_android": "4.1",
  "size": "22",
  "url": "https://play.google.com/store/apps/details?id=com.mcprohosting.beam",
  "version": "3.4.2"
}