{
  "categories": [
    "Casual",
    "Pretend Play"
  ],
  "description": "Girls are you having the best kindergarten nanny skills. Let\u2019s start your adventure with newborn dress up and cleaning games having a lot of fun with diapers, bubble bath, baby food in the best babysitting games & baby care app.  Get ready to enjoy in our one of the best trending crazy fun kid\u2019s game. You can be the best babysitter pro by showing off your best kindergarten and nanny skills. Your first day could be hectic because baby care takes a lot of work to do. You can have a blast babysitting by feeding them, playing with them, giving them a fresh bath and many other crazy fun activities of this fun kids game.-\tSweet baby girl cleaning baby care & kindergarten game for babysitting pro!Come on, girls the little ones are waiting for a super babysitter. The adorable newborn baby is so lucky to have a babysitting pro like you. This is the real family game 2018 where you can have realistic babysitter activities being a nanny incredible mom doing babysitting fun activities in this one of the best cool baby game. Download this best mom game for free to become the fantastic mommy by taking care of the baby in daycare game. Play the baby care game to enjoy the babysitting adventure family fun activities of a baby. Have you thought that taking care of kids and babies could be so exciting? Play mommy & care game to prove you as a trusted babysitter by doing the baby care of the newborn baby in daycare. This Sweet baby girl cleaning baby care game is easy to play for all the super babysitters & baby care nanny of the best mom\u2019s games for free. Being a super babysitter not only baby care, you also have to rearrange the baby\u2019s messy room in this house daycare game. Put all the things in their right place and make the baby room just like his dream house. Give a healthy environment to your newborn baby & take care of the baby in this realistic babysitter game for all the fantastic babysitters.Help the naughty newborn baby to have a good time in his life with your babysitter abilities. This is the best trending crazy fun kid\u2019s game & babysitting game. This Sweet baby girl cleaning baby care game is also fun to play in your spear time by enjoying babysitting fun activities with a crazy and funny baby of the cool baby game. So what are you waiting for? Download this best Sweet baby girl cleaning baby care game to be the babysitting pro & virtual mom at the same time. Sweet baby girl cleaning baby care & kindergarten game -\tMommy is not at the home it\u2019s time to become a babysitting pro in the best babysitting game-\tPrepare the healthy food for your newborn in best daycare family simulation game-\tEnjoy the babysitting adventure family fun with real family game 2018 to learn kindergarten activities. -\tDress up your cool baby with a fashionable outfit -\tBest daycare game 2018",
  "inc": "Games Fun StudiO",
  "intalled_count": "100",
  "last_update": [
    "July",
    "11",
    " 2018"
  ],
  "name": "Sweet Baby Girl Cleaning Baby Care Game",
  "offered_by": "Games Fun StudiO",
  "permissions": {
    "Photos/Media/Files": [
      "read the contents of your USB storage",
      "modify or delete the contents of your USB storage"
    ],
    "Storage": [
      "read the contents of your USB storage",
      "modify or delete the contents of your USB storage"
    ],
    "Wi-Fi connection information": [
      "view Wi-Fi connections"
    ],
    "Other": [
      "view network connections",
      "full network access"
    ]
  },
  "rate": [],
  "required_android": "4.1",
  "size": "25",
  "url": "https://play.google.com/store/apps/details?id=com.gamesfunstudio.sweet.baby.girl.cleaning.baby.care",
  "version": "1.0"
}