{
  "categories": [
    "Role Playing",
    "Education"
  ],
  "description": "Children's doctor - we all love when people around us smile. We become well and happy when someone on the street gives us a smile. But for a smile to be beautiful, you need to take good care of your teeth. This applies to your pets, because in childhood they were for every kid. Like people, they also sometimes need to treat their teeth. This can be done by a special doctor - dentist.\u00a0We present to your attention an exciting game for children - a dentist (vet clinic).\u00a0In this entertaining game, your child is a real dentist, under the guidance of which there is a hospital for animals. The kid is entrusted with a very important and responsible task - the treatment of teeth of his four-footed pups, whose teeth began to ache heavily because of their love for sweets.\u00a0You have to treat them in a real dental office, use various medical instruments, such as tongs, scalpels, Burmashin and many others, to clean your four-legged friends of teeth from plaque, align them, do operations, remove cavities and fill them. After all, they all just need your help. For her, the animals will be grateful to you and very grateful.\u00a0Developing games for children, such as a veterinarian, contribute to the overall development of your child. They help to develop fine motor skills, coordination of movements, visual perception, attentiveness and observation, will show the baby how to treat animals, take care of them.\u00a0Our games for kids, such as a dentist, will teach them not only to treat their pets with love and care, but also to protect their own teeth, do not forget to clean them several times a day, because going to the dentist is not the most pleasant pastime.\u00a0For the purpose of comprehensive development of the child, we create applications and educational games for children that are aimed to help boys and girls develop basic motor and other skills, and also have fun, fun and useful to spend their free time.\u00a0All you need is to download games, install and start playing, and in the future your child can choose one of the most needed professions in the world - the dentist\u00a0Be sure to visit our http://yovogames.com and also we are at:Youtube: http://www.youtube.com/channel/UCZruadkJJTuD4Bgb1F6pa3ATwitter: https://twitter.com/YOVOstudioFacebook: https://facebook.com/yovogames",
  "inc": "Games from YovoGames !",
  "intalled_count": "5,000,000",
  "last_update": [
    "April",
    "11",
    " 2018"
  ],
  "name": "Children's doctor : dentist.",
  "offered_by": "Games from YovoGames !",
  "permissions": {
    "Photos/Media/Files": [
      "read the contents of your USB storage",
      "modify or delete the contents of your USB storage"
    ],
    "Storage": [
      "read the contents of your USB storage",
      "modify or delete the contents of your USB storage"
    ],
    "Wi-Fi connection information": [
      "view Wi-Fi connections"
    ],
    "Other": [
      "view network connections",
      "full network access",
      "prevent device from sleeping"
    ]
  },
  "rate": [
    [
      "6,712",
      "4.2"
    ],
    [
      "4,344",
      "5"
    ],
    [
      "848",
      "4"
    ],
    [
      "580",
      "3"
    ],
    [
      "217",
      "2"
    ],
    [
      "723",
      "1"
    ]
  ],
  "required_android": "4.1",
  "size": "20",
  "url": "https://play.google.com/store/apps/details?id=com.YovoGames.dentist",
  "version": "1.1.1"
}