{
  "categories": [
    "Art & Design"
  ],
  "description": "Drawing Desk is the free addicting drawing app for adults and kids on Android. Start drawing, doodling, sketching or coloring now! Kids can enjoy the pictures of Animals, Florals, Toys, Fruits, Vegetables, Vehicles and more.With Drawing Desk, you don\u2019t need wifi to start the coloring game. Try one of the best drawing games!Coloring and drawing are proved to help adult release stress and feel energized. It is a great way to relax your mind and have fun. Enjoy color therapy for free now!Girls and boys can also draw and paint in drawing desk app. It is a free and fun drawing book for adults and kids!Features:- Doodle away with doodle pens, 3D brushes and Stickers.- Sketch using simple sketching tools with the help of pencil, pen, water color, fill bucket and many other.- Color beautiful florals, animals, toys, vehicles, cats, alphabet, numbers, vegetables, fruits and more for kids.- Color and recolor as many time as you want- Designed for adults but kids and little girls can also enjoy the drawing experience.- Super Easy controls. Pan and Zoom drawing canvas.- Full color palette with touch color picker and themes.- Give unique touch effects with new magic brushes and live brushes on Photo Desk.- Share your drawings and creations with family and friends.- Post your art and get likes from your followers on Instagram or Facebook- Works offline! No wifi needed to relax on the best drawing app.Drawing Desk features 4 unique drawing modes, namely Kids Desk, Sketch Desk, Doodle Desk and Photo Desk, that welcomes users of all ages and makes Drawing Desk a complete creative pack, filled with lots of features and tools to satisfy an art enthusiast\u2019s every need!Kids DeskThis is the perfect place for children to express their artistic side with the many features at their fingertips. Kids Desk offers an array of colorful stickers, stamps and even some funky patterned brushes that will no doubt add a different twist to their artwork, along with fun and quirky stencils just waiting to be colored in! The Kids Desk also publishes content like coloring pages and sticker packs.Sketch Desk Sketch artists will love this mode as it offers 13 different drawing tools with resizable brush radius.This mode also offers a full screen workspace. Doodle DeskThis mode takes Doodling to a whole new level with its unique collection of features and tools. It offers users with a full screen workspace so that they have ample space to use colorful 3D brushes with adjustable opacity and radius, stickers, and stamps all of which add a unique effect to doodling. Photo DeskThis mode aids photo editing and users can enliven their photos using colorful live brushes, filters, stamps, stickers and even patterned frames.Drawing Desk also has a valuable import feature on Sketch Desk, Doodle Desk and Photo Desk, that enables users to import various photos and images from Facebook, Instagram and other forms of social media.The app\u2019s export tool is another fine tool that enables users to display their artwork creatively by exporting it onto other physical products like phone cases, posters, cushions, frames and many more.Share your creations in Instagram, Snapchat, Messenger, Facebook and more. \u2022 Drawing Desk Premium subscriptionA subscription is offered within the app for access to the full content and ad free.\u2022 Compatibility and supportWe're continuously working so that all Android phones and tablets run Drawing Desk the best way possible. Please report any issue you may experience at hello@4axissolutions.com\u2022 Age rating disclaimerDrawing Desk is a free app for all ages. Just like the best games \u2013 children, girls, and adults can enjoy it without any restrictions. Have your kids pass time with this app.Links to our Terms of Service and Privacy Policy can be found belowTerms & Conditions : http://4axissolutions.com/terms-of-usePrivacy Policy : http://4axissolutions.com/privacy-policy",
  "inc": "4Axis Technologies",
  "intalled_count": "500,000",
  "last_update": [
    "June",
    "30",
    " 2018"
  ],
  "name": "Drawing Desk: Draw Paint Color Doodle & Sketch Pad",
  "offered_by": "4Axis Technologies",
  "permissions": {
    "Identity": [
      "find accounts on the device"
    ],
    "Contacts": [
      "find accounts on the device"
    ],
    "Photos/Media/Files": [
      "read the contents of your USB storage",
      "modify or delete the contents of your USB storage"
    ],
    "Storage": [
      "read the contents of your USB storage",
      "modify or delete the contents of your USB storage"
    ],
    "Other": [
      "receive data from Internet",
      "view network connections",
      "full network access",
      "run at startup",
      "prevent device from sleeping",
      "view network connections",
      "full network access",
      "prevent device from sleeping"
    ]
  },
  "rate": [
    [
      "9,992",
      "3.9"
    ],
    [
      "5,468",
      "5"
    ],
    [
      "1,434",
      "4"
    ],
    [
      "1,044",
      "3"
    ],
    [
      "689",
      "2"
    ],
    [
      "1,357",
      "1"
    ]
  ],
  "required_android": "4.4",
  "size": "65",
  "url": "https://play.google.com/store/apps/details?id=com.axis.drawingdesk.v3",
  "version": "5.5.2"
}