{
  "categories": [
    "Education"
  ],
  "description": "* Learn English Speaking using an easy, simple yet comprehensive French to English Speaking Course which is meant for teaching you English speaking. * This is a French to English Speaking tutorial which uses a systematic and gradual teaching methodology with very interactive English audio sessions for each of the six dedicated chapters. * You are systematically coached to get more command over English language with French with each and every lesson that you take. Apprendre l Anglais.* Confident, fluent English learning and speaking becomes quite simple and easy as you are provided facility to even record your own English exercise sessions in your own very voice for each lesson and use it for future reference.* An French speaking person will also like going through each of the chapters which are completely interactive in nature, coaching you throughout to gain more knowledge as you learn speaking English language with command.* Every French to English learning chapter is sufficiently provided with quality information to ensure that your speaking fluency gets  further enhanced. Learn English in French language. This is not a french to english translator app but an English language trainer.***** Text Based French to English Learning***** Audio Based French to English Learning***** Save your voice recordings for future reference and track your improvement against each exercise.***** There are separate chapters that are devoted individually for Scenarios, English Interview, Expressions, Colloquial English Speaking, Etiquette and Phrasal Verbs.***** Take a quiz test on English language after completing these chapters.***** Hence thereby learn how to speak English using French Fluently. This is not a french to english dictionary that is available offline free.This language learning application can also be used by all those French speaking preparing for BPO, Call Center, English Discussions and Debates as well as English job interview. If you want to learn english grammar, it is advised that you initially go through this application get yourself ready for your next assignment. If I want to learn english with this application, go through all the chapters. This app can help you learn english fast using audio. Learn the language using English conversation rather than through an English Dictionary. Learning Spoken English now. Exercises, vocabulary and business english make this application a very special one.* Apprendre l'anglais parlant en utilisant un facile, simple mais complet fran\u00e7ais \u00e0 l'anglais Parlant de golf qui vous est destin\u00e9 \u00e0 enseigner l'anglais parlant.* Apprendre l'anglais en 7 jours: Instructions \u00e9tape par \u00e9tape, petit \u00e0 petit.* Ceci est un fran\u00e7ais \u00e0 l'anglais tutorial Parlant qui utilise une m\u00e9thode d'enseignement syst\u00e9matique et progressive avec une tr\u00e8s interactifs sessions audio anglais pour chacun des six chapitres d\u00e9di\u00e9s.* Vous \u00eates syst\u00e9matiquement coach\u00e9 \u200b\u200bpour obtenir plus de commande sur la langue anglaise avec le fran\u00e7ais avec chaque le\u00e7on que vous prenez.* Confiant, couramment apprentissage de l'anglais et de parler devient assez simple et facile que vous disposez installation m\u00eame d'enregistrer vos propres s\u00e9ances d'exercice dans votre anglais poss\u00e9der voix tr\u00e8s pour chaque le\u00e7on et l'enregistrer pour r\u00e9f\u00e9rence future.* Une personne parlant fran\u00e7ais sera \u00e9galement passer par chacun des chapitres qui sont totalement interactive dans la nature, tout au long de coaching vous pour gagner plus connaissances que vous apprenez parler anglais avec la commande.* Chaque fran\u00e7ais \u00e0 l'anglais chapitre apprentissage est suffisamment fourni avec des informations de qualit\u00e9 pour assurer que votre ma\u00eetrise se parler encore renforc\u00e9e.Voici comment vous pouvez utiliser cette application:***** Texte Bas\u00e9 fran\u00e7ais \u00e0 l'anglais apprentissage***** Audio Based Learning fran\u00e7ais \u00e0 l'anglais***** Sauvegardez vos enregistrements vocaux pour r\u00e9f\u00e9rence future et \u00e9valuer votre progr\u00e8s contre chaque exercice.",
  "inc": "DevelopItNowadays Solutions",
  "intalled_count": "1,000,000",
  "last_update": [
    "April",
    "27",
    " 2018"
  ],
  "name": "French to English Speaking - Apprendre l' Anglais",
  "offered_by": "DevelopItNowadays Solutions",
  "permissions": {
    "Location": [
      "approximate location (network-based)",
      "precise location (GPS and network-based)"
    ],
    "Phone": [
      "read phone status and identity"
    ],
    "Photos/Media/Files": [
      "read the contents of your USB storage",
      "modify or delete the contents of your USB storage"
    ],
    "Storage": [
      "read the contents of your USB storage",
      "modify or delete the contents of your USB storage"
    ],
    "Camera": [
      "take pictures and videos"
    ],
    "Microphone": [
      "record audio"
    ],
    "Wi-Fi connection information": [
      "view Wi-Fi connections"
    ],
    "Device ID & call information": [
      "read phone status and identity"
    ],
    "Other": [
      "receive data from Internet",
      "view network connections",
      "full network access",
      "prevent device from sleeping"
    ]
  },
  "rate": [
    [
      "4,258",
      "4.5"
    ],
    [
      "2,858",
      "5"
    ],
    [
      "863",
      "4"
    ],
    [
      "369",
      "3"
    ],
    [
      "77",
      "2"
    ],
    [
      "91",
      "1"
    ]
  ],
  "required_android": "4.0.3",
  "size": "13",
  "url": "https://play.google.com/store/apps/details?id=com.developitnowadays.frenchtoenglish",
  "version": "23.0"
}