{
  "categories": [
    "Puzzle",
    "Education"
  ],
  "description": "Why word crossy free?Because This  is an educational application for your kids to learn English effectively. With this free app, kids can recognize English Alphabet, animals, fruits, food... and learn their English name in an easy way. Variety of beautiful images certainly attract your kids as word cookies. English is an important language for kids development and learning while playing is the best fun and effective way for your kids to learn basic English easy. Let\u2019s your kids learn and play now for enjoying  wordscapes.This game has 12+ topics  which are around kids real life: English alphabet, animals, fruits, careers, transports, home, food etc. so you are in crossword.* English Alphabet: is designed for kids to teach them all 26 English letters of alphabet. Learning by image brings better results.* Animals: lots of cute animals. Kids discover animals world and learn their sounds in a fun way* Careers: with this section, kids can know more about careers as the doctor, firemen, farmer... Yours kids certainly be loved for word cook!.* Transports: have lots of vehicles, which all of the kids are interested!Fruits, home, food also have more fun. Let's your kids discover as fast as possibleEspecially, this English for kids has a mini-game. In the minigame, kids can practice phonics English, help kids remember vocabulary better. One word will be automatically pronounced, kids have to listen to what is it, then choose a true image by touching screen. - Feature:+ Kids learn English better+ Lots of English topics+ image+ Standard pronunciationText free Ursa Kids - the best choice for kids to learn English easy and effectively!Questions, suggestions, or need help? We would love to hear from you! Reach us at nazmulcsharp@gmail.comWords with friends? Join our community at:https://www.facebook.com/aznazgame/",
  "inc": "AZNAZGame",
  "intalled_count": "100",
  "last_update": [
    "August",
    "3",
    " 2018"
  ],
  "name": "Word Crossy - A puzzle game for brain",
  "offered_by": "AZNAZGame",
  "permissions": {
    "Other": [
      "view network connections",
      "full network access"
    ]
  },
  "rate": [
    [
      "25",
      "5.0"
    ],
    [
      "25",
      "5"
    ],
    [
      "0",
      "4"
    ],
    [
      "0",
      "3"
    ],
    [
      "0",
      "2"
    ],
    [
      "0",
      "1"
    ]
  ],
  "required_android": "4.0.3",
  "size": "12",
  "url": "https://play.google.com/store/apps/details?id=com.AZNAZGame.Nazmul.wordbraincrossy",
  "version": "1.0"
}