{
  "categories": [
    "Educational",
    "Pretend Play"
  ],
  "description": "A new kids supermarket is open, and funny Panda starts her adventure for purchases. A funny shopping mania and games for kids are waiting for us. But before Panda goes to shop, we need to make a list with all the needed products. Let's see what super sales on fruits and vegetables are in the shop, and let's discover all the interesting promotions our kids supermarket has today. It would be very useful for boys and girls to get to know how to count money and pay off to cashier for the purchases. This funny game is from the series of funny kids educational games and that's why it is suitable for all the family members, for boys and girls. Panda comes in the supermarket for toddlers! This is shopping mania!The peculiarities of the game Panda Kids Supermarket:- the list of products is sounded, learn the names of items- educational games for toddlers- learn how different fruits and vegetables look like- learn how to count money and pay off for the purchases- polite and funny cashier- explain boys and girls what sales and super promotions are- shopping kids mania in a cute and cozy shop- simple gameplay- simple characters and pleasant music in the shop- professional voice over of characters and the names of a lot of objects.And can you count money correct? Don't worry if not! Our educational games for kids will help you to learn it. Cute Panda invites you to the shopping in a funny supermarket. Welcome to the world of happiness and positive emotions.",
  "inc": "Kids Arcade Games",
  "intalled_count": "10,000",
  "last_update": [
    "July",
    "10",
    " 2018"
  ],
  "name": "Panda and Kids Supermarket",
  "offered_by": "Kids Arcade Games",
  "permissions": {
    "Other": [
      "receive data from Internet",
      "view network connections",
      "full network access",
      "control vibration",
      "prevent device from sleeping"
    ]
  },
  "rate": [
    [
      "47",
      "4.6"
    ],
    [
      "41",
      "5"
    ],
    [
      "1",
      "4"
    ],
    [
      "1",
      "3"
    ],
    [
      "0",
      "2"
    ],
    [
      "4",
      "1"
    ]
  ],
  "required_android": "4.1",
  "size": "39",
  "url": "https://play.google.com/store/apps/details?id=com.panda_baby_games.girls_boys.kids_shopping_supermarket",
  "version": "1.0.1"
}