{
  "categories": [
    "Entertainment"
  ],
  "description": "Mitele is Mediaset\u2019s Spain VOD and live broadcasting online platform. It features the best contents of Telecinco, Cuatro, FDF, Energy, Divinity and Be Mad. All made available to you in a completely legal way.Spanish and foreign TV series, movies, TV shows, sports and kids content. All put together in a single app that has been renewed from the inside out. It features new functionalities and a more intuitive design that adapts much better to your device. Additionally, you will have access to mtmad\u2019s exclusive content. This platform brings together TV stars and talents in new and fun formats.  \u2605FEATURES\u2605-Add contents to your watch list-Mark contents as favorite and add them to your list-Parental control: limit what kids can watch-Keep watching your contents from where you left them, regardless of the device from which you access them-Enjoy HD quality videos-Interact with live TV Shows by clicking on the \u2018ON\u2019 button. You will have the chance to take part in real time voting and have an impact on the development of certain shows. You will also have access to exclusive content and videos.\u2605LIVE CHANNELS\u2605-Telecinco-Catro-Be Mad-Boing (featuring kids content such as \u2018Hora de aventuras\u2019, Yo-Kai Watch\u2019, \u2018Doraemon\u2019, \u2018Clarence\u2019, \u2018Las S\u00faper Nenas\u2019 and many more)-Gran Hermano 24 horas\u2605TV SHOWS\u2605-Gran Hermano-Mujeres y hombres y viceversa- La Voz- S\u00e1lvame- Mi casa es la tuya- Cuarto milenio- First Dates- El programa de Ana Rosa- Cazamariposas- \u00a1Qu\u00e9 tiempo tan feliz!- Las Campos- C\u00e1mbiame- Pasapalabra- Granjero busca esposa- Conv\u00e9nzeme- Gipsy Kings \u2605TV SERIES\u2605- La que se avecina- S\u00e9 qui\u00e9n eres- Castle- Anatom\u00eda de Grey- American Horror Story- C\u00f3mo defender a un asesino- El Pr\u00edncipe- Scandal- Homeland- Revenge- Alerta Cobra- El padre de Ca\u00edn- Lo que escond\u00edan sus ojos- A\u00edda- Agente Carter\u2605mtmad\u2605+ Giypsy Queens+ Viceversos habituales+ By Pelayo+ El cr\u00edtico viral+ La RAE que se avecina+ Gisela Vlog+ Dando la talla que es gerundio (Tania Llasera)+ Poderosa Afrocita+ Folagor+ Sergio Peinado+ Debate de gallos+ Somos rubios (Aless Gibaja)+ Appdating+ Sara Pecas+ Rub\u00e9n Errebeene+ Salseo Youtuber+ Keyblade+ Invert+ Miare+ Luna Dangelis+ La Concha de tu madre+ Mujeres runners (M\u00f3nica Mart\u00ednez)+ Hackers del sexo+ Muchamiel (Nacho Montes)+ Rituales para Millenials (Esperanza Gracia)+ Christian Corom+ Deiak+ Draw my life+ Fernando Jaso",
  "inc": "Mediaset Espa\u00f1a",
  "intalled_count": "5,000,000",
  "last_update": [
    "July",
    "31",
    " 2018"
  ],
  "name": "Mitele - Mediaset Spain VOD TV",
  "offered_by": "Mediaset Espa\u00f1a",
  "permissions": {
    "Identity": [
      "find accounts on the device"
    ],
    "Contacts": [
      "find accounts on the device"
    ],
    "Location": [
      "precise location (GPS and network-based)"
    ],
    "Photos/Media/Files": [
      "read the contents of your USB storage",
      "modify or delete the contents of your USB storage"
    ],
    "Storage": [
      "read the contents of your USB storage",
      "modify or delete the contents of your USB storage"
    ],
    "Wi-Fi connection information": [
      "view Wi-Fi connections"
    ],
    "Other": [
      "receive data from Internet",
      "view network connections",
      "full network access",
      "use accounts on the device",
      "control vibration",
      "prevent device from sleeping"
    ]
  },
  "rate": [
    [
      "59,038",
      "3.1"
    ],
    [
      "22,296",
      "5"
    ],
    [
      "6,527",
      "4"
    ],
    [
      "5,407",
      "3"
    ],
    [
      "3,841",
      "2"
    ],
    [
      "20,967",
      "1"
    ]
  ],
  "required_android": "4.2",
  "size": "15",
  "url": "https://play.google.com/store/apps/details?id=com.mitelelite",
  "version": "3.3.4"
}