{
  "categories": [
    "Education",
    "Education"
  ],
  "description": "This game help kids to improve accuracy and speed of performing addition, multiplication, subtraction and division of two single or double digit numbers. The app is packed with four different journey in which your kids can learn math the easy and effective way. It contains a timer based math quiz which is useful for your kid to test their reflex for math questions. It also has a dual mode for addition, subtraction, multiplication and division math game, so that your kid can enjoy learning math with their friends too.",
  "inc": "Abinash Neupane",
  "intalled_count": "100",
  "last_update": [
    "July",
    "28",
    " 2018"
  ],
  "name": "Math Games for Kids Pro",
  "offered_by": "Abinash Neupane",
  "permissions": {
    "Location": [
      "approximate location (network-based)"
    ],
    "Photos/Media/Files": [
      "read the contents of your USB storage",
      "modify or delete the contents of your USB storage"
    ],
    "Storage": [
      "read the contents of your USB storage",
      "modify or delete the contents of your USB storage"
    ],
    "Other": [
      "receive data from Internet",
      "view network connections",
      "full network access",
      "control vibration",
      "prevent device from sleeping"
    ]
  },
  "rate": [
    [
      "5",
      "5.0"
    ],
    [
      "5",
      "5"
    ],
    [
      "0",
      "4"
    ],
    [
      "0",
      "3"
    ],
    [
      "0",
      "2"
    ],
    [
      "0",
      "1"
    ]
  ],
  "required_android": "4.1",
  "size": "2.2",
  "url": "https://play.google.com/store/apps/details?id=com.ansoft.mathforkidspro",
  "version": "1.0.7"
}