{
  "categories": [
    "Casual",
    "Pretend Play"
  ],
  "description": "Handling the crazy home activities is not easy thing but you could do it without any problem. Play this girl game Crazy Mom Busy Day, which is family simulator game of doing all home activities. Prepare the breakfast early in the morning as a trained chef. Clean up and wash up the kitchen utensils late night as skilled cleaner. Iron the rough clothes. Perform your mamma\u2019s role in this roleplaying simulator. Crazy mom always keep herself busy into house chores one after another. Ready for these kind of activities as mommy game requires all your attention and devotion too. Be prepared for home activities when you crazy mom is not at home. Cooking food, preparing lunch & dinner meals, cleaning to washing of clothes & preparing stuff for family are on her priority list in mom busy day's Routine.Crazy Mom Busy Day - Family Simulator Game Activities.- Set the dinning table for breakfast for every family member- Prepare Breakfast, lunch box and school bag in morning before school bus arrives - Clean up the kitchen and Wash the utensils after the breakfast- Clean up the fridge and arrange fresh fruits- Room cleaning after the birthday partyExciting Features:* Free and easy gameplay* Making a delicious meal for your child* Have fun playing interactive activities with alongside a little girl* Learn cooking food in the kitchen* Perform different household activities as a responsible motherCONTACT g2kids :Email: topkids.studio@gmail.comLike us: https://www.facebook.com/g2kids.games/Visit us: http://g2kidsgames.blogspot.com/Follow us:@g2kidsgamesGoogle Plus: https://plus.google.com/+g2kidsgamesWatch us: https://www.youtube.com/channel/UCP8Sopmv4yqiRNM24F0qnmQ",
  "inc": "g2Kids Games",
  "intalled_count": "100",
  "last_update": [
    "July",
    "13",
    " 2018"
  ],
  "name": "Crazy Mom Busy Day",
  "offered_by": "g2Kids Games",
  "permissions": {
    "Photos/Media/Files": [
      "read the contents of your USB storage",
      "modify or delete the contents of your USB storage"
    ],
    "Storage": [
      "read the contents of your USB storage",
      "modify or delete the contents of your USB storage"
    ],
    "Other": [
      "view network connections",
      "full network access",
      "prevent device from sleeping"
    ]
  },
  "rate": [
    [
      "4",
      "3.0"
    ],
    [
      "1",
      "5"
    ],
    [
      "0",
      "4"
    ],
    [
      "2",
      "3"
    ],
    [
      "0",
      "2"
    ],
    [
      "1",
      "1"
    ]
  ],
  "required_android": "2.3",
  "size": "16",
  "url": "https://play.google.com/store/apps/details?id=com.g2kids.crazy_mom.busy_day",
  "version": "1.0"
}