{
  "categories": [
    "Puzzle",
    "Brain Games"
  ],
  "description": "My little ponny puzzle with landscape mode and more beautiful cartoon picture.This game is easy to play with boxes.A fun and cute my little ponny cartoon jigsaw puzzle game for kids, preschool toddlers, both girls and boysPuzzle memory pieces onto the correct place on the board.",
  "inc": "Pro Kids Inc.",
  "intalled_count": "100",
  "last_update": [
    "July",
    "28",
    " 2018"
  ],
  "name": "Game My Little Pony Brain Puzzle",
  "offered_by": "Pro Kids Inc.",
  "permissions": {
    "Photos/Media/Files": [
      "read the contents of your USB storage",
      "modify or delete the contents of your USB storage"
    ],
    "Storage": [
      "read the contents of your USB storage",
      "modify or delete the contents of your USB storage"
    ],
    "Other": [
      "view network connections",
      "full network access"
    ]
  },
  "rate": [
    [
      "5",
      "3.4"
    ],
    [
      "1",
      "5"
    ],
    [
      "2",
      "4"
    ],
    [
      "1",
      "3"
    ],
    [
      "0",
      "2"
    ],
    [
      "1",
      "1"
    ]
  ],
  "required_android": "4.2",
  "size": "26",
  "url": "https://play.google.com/store/apps/details?id=com.ProKidsInc.gamemylittleponymemory",
  "version": "1.1"
}