{
  "categories": [
    "Casual",
    "Action & Adventure"
  ],
  "description": "Help your duck get to its pond by avoiding obstacles in its path!Features five levels! Each provides its own unique challenge. Physics based duck makes for funny moments.Don't let the duck outside of the screen or it's game over.",
  "inc": "Anyware Interactive",
  "intalled_count": "10",
  "last_update": [
    "August",
    "4",
    " 2018"
  ],
  "name": "Duck Jump Pond",
  "offered_by": "Anyware Interactive",
  "permissions": {
    "Other": [
      "view network connections",
      "full network access"
    ]
  },
  "rate": [
    [
      "4",
      "5.0"
    ],
    [
      "4",
      "5"
    ],
    [
      "0",
      "4"
    ],
    [
      "0",
      "3"
    ],
    [
      "0",
      "2"
    ],
    [
      "0",
      "1"
    ]
  ],
  "required_android": "4.1",
  "size": "23",
  "url": "https://play.google.com/store/apps/details?id=com.anywareinteractive.DuckJumpPond",
  "version": "1.1"
}