{
  "categories": [
    "Adventure",
    "Action & Adventure"
  ],
  "description": "Get ready for an adventure with the Dinotrux from DreamWorks Animation\u2019s award-winning original TV series!Dinotrux: Trux It Up! is all about teamwork and cooperation. Plus... there is so much to do! FEATURES\u2022 Join the cast from the hit TV show that\u2019s half dinosaur and half construction vehicle to rebuild their community.\u2022 Team up with your favorite characters: Ty Rux, Revvit, Skya, Dozer, and Garby.\u2022 Explore the vibrant and animated Dinotrux world with easy tap and touch controls.\u2022 Crush it, smash it, move it, lift it \u2013 help the Dinotrux build up their awesome Dinotrux landmark.\u2022 Gets your bits busy with fun mini-games and learn how to repair and solve problems with the Reptools.\u2022 Lead the Dinotrux to success as you build, collect, and share resources in interactive gameplay!\u2022 Don\u2019t let the resident super villain, D-Structs, destroy your work!Learn how to collaborate with the Dinotrux to rebuild a bigger and better world where everyone can play.There\u2019s no job too big for the Dinotrux! Download now and Trux It Up!Like all other Fox & Sheep apps, Dinotrux: Trux It Up! is FREE OF ADS. This app is full of fun combining a user-friendly interface, amazing graphics and interactive animations.Dinotrux \u00a9 2016 DreamWorks Animation LLC. All Rights Reserved.",
  "inc": "Fox & Sheep",
  "intalled_count": "5,000",
  "last_update": [
    "April",
    "24",
    " 2017"
  ],
  "name": "DINOTRUX: Trux It Up!",
  "offered_by": "Fox & Sheep",
  "permissions": {
    "Photos/Media/Files": [
      "read the contents of your USB storage",
      "modify or delete the contents of your USB storage"
    ],
    "Storage": [
      "read the contents of your USB storage",
      "modify or delete the contents of your USB storage"
    ],
    "Wi-Fi connection information": [
      "view Wi-Fi connections"
    ],
    "Other": [
      "view network connections",
      "full network access",
      "control vibration",
      "prevent device from sleeping",
      "Google Play license check"
    ]
  },
  "rate": [
    [
      "67",
      "2.5"
    ],
    [
      "23",
      "5"
    ],
    [
      "0",
      "4"
    ],
    [
      "3",
      "3"
    ],
    [
      "4",
      "2"
    ],
    [
      "37",
      "1"
    ]
  ],
  "required_android": "4.3",
  "size": "29",
  "url": "https://play.google.com/store/apps/details?id=com.foxandsheep.Dinotrux2",
  "version": "20170418164538"
}