{
  "categories": [
    "Adventure",
    "Action & Adventure"
  ],
  "description": "An award-winning 2016 indie game!Sally is making her way to her childhood home in order to see her critically-ill father. So unfolds the journey of Sally, the girl for whom nothing can stand in her way.A journey teeming with unbelievably-good fortune. Could Sally's luck be a mere coincidence?Roll and jump throughout the journey home, revealing Sally and Father's past.DescriptionSally's Law is the opposite of Murphy's Law.  Consider a particularly lucky moment of your life when everything fell into place, that is Sally's Law! It is that very notion of supernaturally good fortune - as though guided by some invisible force - upon which Sally's Law the Game was designed.Follow along with Sally as she effortlessly rolls and leaps towards home. Discover Father's story through flashbacks along the way.Immediately replay each scene as the spirit of Sally's Father, granting Sally the gift of a reality with extraordinary fortune.Race...no, ROLL to solve a variety of puzzles!Experience a unique puzzle-platformer, encountering a variety of fun tricks while at the same time enjoying a story.***NoticeSally's Law is optimized to run on GalaxyS4 or later. Please note it may not run properly on earlier versions or devices.********************************************************AwardsGoogle Play Indie Games Festival 2016 : Top3Busan Indie Connect Festival 2016 : Excellence In Narrative FinalistGoogle Play 2016 Game Of The Year: Best Indie GameFeaturesStory and Game: Experience the story first-hand as you play through the game.Puzzle-platformer: Time your jumps while solving a series of puzzles!Circles and Squares: Beautiful artwork encased in simple shapes.\"",
  "inc": "Nanali Studios",
  "intalled_count": "100,000",
  "last_update": [
    "October",
    "6",
    " 2016"
  ],
  "name": "Sally's Law",
  "offered_by": "Nanali Studios",
  "permissions": {
    "Phone": [
      "read phone status and identity"
    ],
    "Wi-Fi connection information": [
      "view Wi-Fi connections"
    ],
    "Device ID & call information": [
      "read phone status and identity"
    ],
    "Other": [
      "receive data from Internet",
      "view network connections",
      "full network access",
      "prevent device from sleeping",
      "Google Play license check"
    ]
  },
  "rate": [
    [
      "4,676",
      "4.7"
    ],
    [
      "3,872",
      "5"
    ],
    [
      "435",
      "4"
    ],
    [
      "161",
      "3"
    ],
    [
      "68",
      "2"
    ],
    [
      "140",
      "1"
    ]
  ],
  "required_android": "3.0",
  "size": "38",
  "url": "https://play.google.com/store/apps/details?id=com.Nanali.SallysLaw",
  "version": "1.0.61"
}