{
  "categories": [
    "Casual",
    "Pretend Play"
  ],
  "description": "Your House looks awfully dirty! Clean it up! If you've ever tried to get your kids to do household chores or tidy up their study room or bedroom, then you'll know that it can sometimes be quite a struggle.One way to make the whole process a lot easier and more fun, for both you and your kids, is to turn the chores into games. Make them play these games to make the chores more enjoyable.Features:- Play with your kids to make household chores fun- Learn how to keep your place and surroundings neat and clean- Clean the messy stains in the Bathroom and arrange those bathroom products.- Give your house a sparkling new makeover- Best Game for Kids who loves to play cleaning & washing gamesThe playground has really become a wreck. This is no place for kids to play! Could you tidy it up and sweep away the mess? Take a dustbin and pick all extra mess. Clean up your rooms, playground and gardens. help out your mom to redecorate and refresh your rooms.Bathroom it's very dirty, it's time for you to clean it up and respect the hygiene.There is a lot of work and your mom needs your help. Can you help her ?Get your kids exciting about tidying up. Make housecleaning a lot easier and fun for them. Cleaning Games will help your kids learn how to keep your place and surroundings neat and clean. Play these fun and easy house cleaning games for the whole family to get your kids exciting about tidying up.We promise these Cleaning Games will be more fun than cleaning in real life. Be a little Helper and help your mom clean up your house and then play some mini games! We have chosen the best Cleaning games which you can play for free and add new levels daily, enjoy!Next time you need some help from the kids tidying, cleaning or generally sprucing up your home, try out these games to help it out\u2026! House Cleaning made fun for Kids!",
  "inc": "NutBolt Games",
  "intalled_count": "10",
  "last_update": [
    "July",
    "20",
    " 2018"
  ],
  "name": "Kids House Cleaning - Messy Kids House Helper",
  "offered_by": "NutBolt Games",
  "permissions": {
    "Photos/Media/Files": [
      "read the contents of your USB storage",
      "modify or delete the contents of your USB storage"
    ],
    "Storage": [
      "read the contents of your USB storage",
      "modify or delete the contents of your USB storage"
    ],
    "Other": [
      "receive data from Internet",
      "view network connections",
      "full network access",
      "prevent device from sleeping"
    ]
  },
  "rate": [],
  "required_android": "4.2",
  "size": "18",
  "url": "https://play.google.com/store/apps/details?id=com.housecleaninggamesforkids.KidsHouseCleaning",
  "version": "1.0"
}