{
  "categories": [
    "Personalization"
  ],
  "description": "Dubai Night Live Wallpaper is the perfect new app for all of you who enjoy luxury and exclusive destination! Check out amazing HD background images of amazing hotels, trade centers, shopping malls bathed in flashing neon lights, which will mesmerize you with modern architecture of this city. Take a night tour through busy streets of one of the richest cities in the world with this brand new live wallpaper! Discover the amazing Dubai palm island; enjoy the perfect sight of the world\u2019s tallest building, Burj Khalifa and take pleasure in the rich night life of Dubai! Download it now, for free!!!- Amazing 3D live wallpaper for your phone!- Animated Dubai landscapes decorating your screen;- Full support for landscape mode and home - screen switching! - Amazing HD graphics;- Social share button and more- This beautiful, free and enjoyable background is waiting for you!Follow the installation instructions: Home - > Menu - > Wallpapers - > Live Wallpapers- Motion of flashes and lights keeps changing with time.- You can choose from several different Dubai Night background themes.- Optimized Battery Usage- Compatible with 99% mobile phone devices.- The wallpaper app will sleep when your phone is inactive, so this live wallpaper will not drain your battery.- Dubai Night Live Background fully supports horizontal orientation and looks amazing on both mobile phones and tablet devices.It is amazing how Dubai has become one of the most expensive cities in last couple of decades. It is a cosmopolitan metropolis famous for its skyscrapers, tallest buildings in the world, luxurious hotels, biggest and the most expensive shopping malls, man-made islands, ambitious projects such as rotating buildings and much more in just one city! You might not be able to afford to visit it, but Dubai Night Live Wallpaper will let you take a peek at busy streets of this stunning city from the most unbelievable perspectives. It offers you \u201cpanoramic view\u201d of breathtaking skyscrapers, which will make your head spin with excitement! Once you embellish your screen with this amazing free app for Android\u2122, you will se how images of beautiful night in the city can make your day!Dubai Night Live Wallpaper is taking you to a \u201cnight tour\u201d through one of the most sensational cities in the world! Check out the world\u2019s tallest building, \u201cBurj Khalifa\u201d; visit the word\u2019s only seven star luxury hotel, \u201cBurj Al Arab\u201c; take a walk through the biggest flower garden on the planet, \u201eDubai Miracle Garden\u201c! This Stunning Dubai Live Wallpaper for Android\u2122 and Samsung Galaxy smartphone offers you so much! All you need to do is download it right now for a unique \u201eDubai night\u201c experience!Amazing \u201eDubai HD images\u201c will take your breath away and you will be hooked on to your new live wallpaper with wonderful night landscapes of the city. If you dream about expensive and luxurious lifestyle these are the perfect \u201ebackground pictures\u201c for you! You will have the impression of actually being there, enjoying everythin this amazing city has to offer! The marvelous sight of \u201eDubai skyscrapers\u201c, exotic hotels, flashing neon lights and extravagant architecture is now just a touch away! Don\u2019t hesitate, download \u201eDubai Night Live Wallpaper\u201c right now, completely free of charge, share it with your friends and spoil yourself with this once in a lifetime luxurious adventure! *Android\u2122 is a trademark of Google Inc.*This app is not affiliated with or endorsed by Samsung.",
  "inc": "Live Wallpaper HQ",
  "intalled_count": "5,000,000",
  "last_update": [
    "January",
    "29",
    " 2018"
  ],
  "name": "Dubai Night Live Wallpaper",
  "offered_by": "Live Wallpaper HQ",
  "permissions": {
    "Other": [
      "view network connections",
      "full network access",
      "run at startup",
      "set wallpaper",
      "control vibration"
    ]
  },
  "rate": [
    [
      "59,022",
      "4.1"
    ],
    [
      "36,761",
      "5"
    ],
    [
      "8,547",
      "4"
    ],
    [
      "4,814",
      "3"
    ],
    [
      "3,167",
      "2"
    ],
    [
      "5,733",
      "1"
    ]
  ],
  "required_android": "4.1",
  "size": "3.7",
  "url": "https://play.google.com/store/apps/details?id=com.DubaiNightLiveWallpaperHQ",
  "version": "4.0"
}