{
  "categories": [
    "Casual",
    "Pretend Play"
  ],
  "description": "\ud83c\udf7cThe parents are tired and confused, their baby queen is restless, and they need a day off after reading a baby story! They are looking for the best nanny in nanny babysitting games for free, in this babysitting madness and they found her! If you want to become the best baby caring caregiver of the babysitter daycare, you are in the right place! \ud83d\udc76Babysitter Crazy Daycare Games - Nanny Mania\ud83d\udc76 can give you a babysitter makeover! Everybody needs to find a babysitter, that is suitable for them and this is the perfect practice to beat the baby care craziness! \ud83c\udf7c\ud83d\udc76Babysitter Crazy Daycare Games - Nanny Mania\ud83d\udc76  has an interactive game-play and it is one of the most interesting baby care game like having a real baby! Whether it is on your smartphone or your tablet, this nanny finder is a fantastic kindergarten baby daycare game! The baby game for girls, big girls that are 8 and 9 years old is a great way to polish their skills in newborn baby care! Whether it is a bedtime routine or bedtime stories, this nanny mania game for free is a  curious and amusing way to learn new things and have an exceptional babysitter baby care in your house! \ud83d\udc76\ud83d\udc76Now it is easy to have the loveliest baby care center and to share baby care tips! And you will be the next best nanny on the planet with these super fun and educative features:\ud83c\udf7cStart this crazy babysitting adventures with three beautiful children, that you can choose from, in this baby doll game!\ud83c\udf7cEight ways to take care of toddlers in this baby educational game, with a different schedule :\ud83c\udf7cDress up the baby -  Play the role of the nanny in the baby care and dress up games and change the kid's nappy in this baby game of changing diapers! Now, you can take care of a baby like it is real ! Show off your super nanny baby care skills! \ud83c\udf7cBath time \u2013 Fill the tub, use the newborn care lesson and make your little one feel special in this bubble bath filled with soap and little yellow duckies or any other toy that you can choose from the interesting variety in this baby care simulator! Prove that you are the right person in this small baby girl daycare game for girls!  \ud83c\udf7cBed Time \u2013 Your peanut is dozy and tired ! And they are very demanding when they are cranky. But don't worry! Be the best baby nanny! Put your little one in the crib and make sure that the child is not alone in the cot! This kindergarten game for girls will make you learn everything and not to forget to put a pacifier in your child's mouth! This babysitter madness game gives you a collection of all sort of stuffed animals, soft toys, teddies and dolls! \ud83c\udf7cChange diapers - Brush up on your skills and have the best baby care home in this sweet baby girl clean up game! Choose a diaper, wipe the nose, apply ointment and brush the teeth of your kid!\ud83c\udf7cFeeding Time - This baby care game free for girls and mother care with levels will teach you how to feed the baby.\ud83c\udf7cTidy up the room \u2013 Your youngest have so many toys and they need to be put back in the right place, and now you as a baby care babysitter can do this with this baby newborn game!  \ud83c\udf7cFight the mosquitoes \u2013 Your baby doll  is so cute and beautiful that not even mosquitoes can resist her! Fight them and apply cream on the bites in this babysitter game! \ud83c\udf7cPlay music \u2013 It is scientifically proven that playing music to children will alter their brain! In the baby learning game we have to pay attention and to keep our little ones safe and sound! And with \ud83d\udc76Babysitter Crazy Daycare Games - Nanny Mania\ud83d\udc76  now it is very easy and practical to become the best baby feeding and diaper tracker in this baby caring games for girls!",
  "inc": "BubbleBee",
  "intalled_count": "100,000",
  "last_update": [
    "July",
    "11",
    " 2018"
  ],
  "name": "Babysitter Crazy Daycare Games - Nanny Mania",
  "offered_by": "BubbleBee",
  "permissions": {
    "Other": [
      "view network connections",
      "full network access"
    ]
  },
  "rate": [
    [
      "697",
      "4.4"
    ],
    [
      "518",
      "5"
    ],
    [
      "63",
      "4"
    ],
    [
      "44",
      "3"
    ],
    [
      "13",
      "2"
    ],
    [
      "59",
      "1"
    ]
  ],
  "required_android": "4.1",
  "size": "33",
  "url": "https://play.google.com/store/apps/details?id=com.Baby.Daycare.Nursing.Game.Girls",
  "version": "2.2"
}