{
  "categories": [
    "Education",
    "Education"
  ],
  "description": "Khan Academy Kids is a free, fun, educational program with thousands of activities and books that will inspire a lifetime of learning and discovery for young children.The curriculum includes reading, language, writing, math, social-emotional development, problem-solving skills, and motor development. Open-ended activities and games like drawing, storytelling, and coloring encourage creativity and self-expression.  And colorful main characters will guide children through the learning experience, keeping them engaged on their educational journey.    Khan Academy Kids includes thousands of interactive activities for toddlers, preschoolers, and kindergarteners that are aligned with the Head Start Early Learning Outcomes Framework and Common Core Standards.  Let the joyful learning begin!ROBUST CURRICULUM\u2022 Reading and literacy\u2014phonics, the alphabet, spelling, and early writing.\u2022 Language\u2014vocabulary, opposites, prepositions, and verbs.\u2022 Math\u2014counting, numbers, addition, subtraction, shapes, and measuring.\u2022 Executive function and logic\u2014focus, memory, and problem-solving.PERSONALIZED LEARNING  EXPERIENCE \u2022 Adaptive learning path allows each child to learn at their own pace.\u2022 Learn independently in the Library\u2014a collection of activities, books, and videos.\u2022 Kids can read books on their own or follow along with recorded audio narration. JOYFUL LEARNING\u2022 Five whimsical characters encourage children to think and learn. \u2022 Highly interactive games and activities. \u2022 Kids can collect fun bugs, hats, and toys as they learn.EMOTIONAL AND PHYSICAL DEVELOPMENT\u2022 Social-emotional\u2014relationships, self-control, and empathy.\u2022 Motor and physical development\u2014gross and fine motor skills, health and nutrition.\u2022 Creative expression\u2014drawing, storytelling, and coloring.CREATED BY A TEAM OF EXPERTS\u2022 Developed in collaboration with experts at the Stanford Graduate School of Education \u2022 Aligns with Head Start Early Learning Outcomes Framework and Common Core Standards.\u2022 Original content from Super Simple Songs\u00ae, Bellwether Media, and National Geographic Young Explorer MagazinePARENT PARTICIPATION \u2022 View child\u2019s progress on activities and topics in the Library.\u2022 Read books with your child.\u2022 Engage in learning activities and co-play with your child.\u2022 Set up multiple children in the Parent Section.ABOUT KHAN ACADEMYKhan Academy is a 501(c)(3) nonprofit organization with the mission of providing a free, world-class education for anyone, anywhere. We support teachers\u2019 efforts to help every child succeed with personalized practice. We help students develop the skills, habits, and mindsets for success in school and beyond. Khan Academy has been translated into dozens of languages, and 15 million people around the globe learn on Khan Academy every month. For more information, visit khankids.org.ABOUT SUPER SIMPLE SONGS\u00ae Skyship Entertainment\u2122 is the creator of the beloved children\u2019s brand, Super Simple\u2122. Their award-winning Super Simple Songs\u00ae combines delightful animation and puppetry with original and classic kids\u2019 songs to help make learning simple and fun. With over 10 billion views and 10 million subscribers on YouTube, their songs and videos are favorites with parents, teachers, and kids around the globe.",
  "inc": "Khan Academy",
  "intalled_count": "10,000",
  "last_update": [
    "August",
    "2",
    " 2018"
  ],
  "name": "Khan Academy Kids (BETA)",
  "offered_by": "Khan Academy",
  "permissions": {
    "Identity": [
      "find accounts on the device"
    ],
    "Contacts": [
      "find accounts on the device"
    ],
    "Photos/Media/Files": [
      "read the contents of your USB storage",
      "modify or delete the contents of your USB storage"
    ],
    "Storage": [
      "read the contents of your USB storage",
      "modify or delete the contents of your USB storage"
    ],
    "Microphone": [
      "record audio"
    ],
    "Other": [
      "read Home settings and shortcuts",
      "view network connections",
      "full network access",
      "prevent device from sleeping",
      "install shortcuts",
      "uninstall shortcuts"
    ]
  },
  "rate": [
    [
      "134",
      "4.7"
    ],
    [
      "110",
      "5"
    ],
    [
      "11",
      "4"
    ],
    [
      "7",
      "3"
    ],
    [
      "3",
      "2"
    ],
    [
      "3",
      "1"
    ]
  ],
  "required_android": "5.0",
  "size": "67",
  "url": "https://play.google.com/store/apps/details?id=org.khankids.android",
  "version": "1.0.2"
}