{
  "categories": [
    "Action",
    "Action & Adventure"
  ],
  "description": "Best played with controller.Spencer is a classic Jump\u00b4n Run with challenging levels and enemies.  Find missing items, destroy enemies, collect coins and diamonds. 3D graphics packed in a nice graphics style, great 2.5D levels and proven gameplay gives you hours of fun. Spencer is an intergalactic traveler who crashed his spaceship on Earth. Alien monsters, stowaways, have broken out and stole important parts to repair the spaceship. Help Spencer to get the missing items for his ship. Destroy enemies, collect coins and diamonds to cover all tracks on earth.Gameplay:You have to collect all Coins to open the exit machine and finish the level. When all Coins are collected, bonus diamonds appear. Be fast, the house ghost is following you and will steal all your bonus diamonds. Use special items carefully to trick the ghost and get more diamonds and enemies for a great highscore. Features:- Classic Jump\u00b4n Run (Platformer)- Collect coins, jewels and special items- 80 Levels- 5 different environments- Many unique enemies- Specials like dash and double jump for more fun- Traps and obstacles for a challenging gameplay- Comic style 3D graphics- Full controller support- easy game mode if it\u00b4s to hard for your (go to settings)",
  "inc": "EntwicklerX",
  "intalled_count": "10",
  "last_update": [
    "July",
    "30",
    " 2018"
  ],
  "name": "Spencer",
  "offered_by": "EntwicklerX",
  "permissions": {
    "Other": []
  },
  "rate": [],
  "required_android": "5.1",
  "size": "42",
  "url": "https://play.google.com/store/apps/details?id=de.entwicklerx.spencer",
  "version": "1.18"
}