{
  "categories": [
    "Casual",
    "Brain Games"
  ],
  "description": "Rita went to the mansion house where she had lived as a child to look for her lost memories, but the old mansion house was not as quiet as it looked. There are mysteries gradually discovered in the process of sorting out the big mansion house..Embark on an adventurous house journey and help Rita to get hack her memories in this beautiful garden: passing through hundreds of uniquely well-designed candy match 3 puzzles, unlock ever more chapters in the gripping garden story of the old mansion house along the way! What are you waiting for? Indulge yourself in sweet candy blast house and become the master in sugary candy Town Story!Town Story is completely free to play, though some in-game items such as extra moves or lives will require payment.Game Features:- Swap to match 3 or more sweet candies- Match 4 or more luscious candies to create special powerful candy- Be cautious with vines, thorns and chocolates that could appear in the garden, etc.- Complete levels to earn stars, use stars to finish tasks and garden works in the mansion- Achieve level targets before run out of moves- Play and contest with friends in Facebook- Wonderful animation explosive effects- Super addicting game you can even play offlineAre you ready to travel on magical candy paradise with us?Follow us to get news and updates on facebook:https://www.facebook.com/TownStoryCandy/\u00a0 - Acquire up to date Town Story game news and updates- Special rewards and events all the time",
  "inc": "MAGIC SEVEN",
  "intalled_count": "10,000",
  "last_update": [
    "August",
    "2",
    " 2018"
  ],
  "name": "Town Story - Match 3 Puzzle",
  "offered_by": "MAGIC SEVEN",
  "permissions": {
    "Phone": [
      "read phone status and identity"
    ],
    "Photos/Media/Files": [
      "read the contents of your USB storage",
      "modify or delete the contents of your USB storage"
    ],
    "Storage": [
      "read the contents of your USB storage",
      "modify or delete the contents of your USB storage"
    ],
    "Wi-Fi connection information": [
      "view Wi-Fi connections"
    ],
    "Device ID & call information": [
      "read phone status and identity"
    ],
    "Other": [
      "view network connections",
      "full network access",
      "run at startup",
      "prevent device from sleeping"
    ]
  },
  "rate": [
    [
      "695",
      "4.9"
    ],
    [
      "640",
      "5"
    ],
    [
      "32",
      "4"
    ],
    [
      "9",
      "3"
    ],
    [
      "4",
      "2"
    ],
    [
      "10",
      "1"
    ]
  ],
  "required_android": "4.0.3",
  "size": "61",
  "url": "https://play.google.com/store/apps/details?id=com.candy.cookie.townstory.puzzle",
  "version": "1.0.3181"
}