{
  "categories": [
    "Racing",
    "Pretend Play"
  ],
  "description": "Does Your kid like to play in a car? He will love Kids Toy Car Fun free driving simulator game for toddlers and preschool children with carwash and auto mechanics. This fun and educational game is like sitting in the driver's seat with all the extras included. Children can freely interact and explore the car equipment turn on the devices on the dashboard.  To create a fun and educational experience we also added a carwash and auto mechanic.  Driving our free car game for kids will become an unforgettable journey for toddlers and preschool children. Why your kid will love it?+ Extremely easy and intuitive to play!+ Drive in a world of sights and sounds+ Fully working dashboard and driving controls+ Develops creativity and imagination+ Super fun- to play and learn!+ Kid-friendly interface+ Great driving game for little boys and girls!If your kid loves good driving fun - this is the best car simulator app for children!Fun activities to discover all around the car - honk the horn, shift gears and much more fun to discover.Turn  the engine on and start driving! Kids Toy Car Fun driving game is designed for toddlers, preschool children as a free to play car app. There are no high scores, failures, limits or stress. Your kids can role-play using their own imaginations and learn at their own pace.Kids Toy Car Fun Game  modules:Driving - offers your children the ability  to explore the car from the driver's perspective. Children can freely interact with the equipment turn on the devices on the dashboard and much more.Car mechanics -  it\u2019s time to roll up your sleeves and play as a mechanic.  Look under the hood and change automotive fluids. Find out how a car works. Great to practice full motor skills and color recognition.Car wash - clean the car with brushes, soap, and bubbles. Children can feel free to make the car dirty and wash it all over again to make the car clean and sparkling!Kids Toy Car Game will surprise you with many realistic effects inside and outside the toy car!We recommend our Kids Toy Car interactive game for toddlers and preschool children. Our app was designed to develop your child's cognitive skills and learn about cause and effect. As a role- play app it helps children foster their imagination by engaging them in the fun and realistic activities.The non-linear gameplay allows kids free choices within the game and gives children a chance to do as they please.Download it and enable your kids to develop role playing skills. Galante Games is a team of designers and engineers dedicated to creating best educational and fun to play apps for kids. Thanks to our car games children are able to safely and creatively explore the world around them.We support children\u2019s development as best as we can, so please, help us make this application better. If you have any suggestions, remarks or comments, let us know, send us an email!Questions or suggestions? Feel free to contact us!https://www.facebook.com/GalanteGamesPrivacy Policy:http://galantegames.com/privacy-policy/We recommend this free driving game for toddlers, preschool and school children, especially if they like driving games or playing with toy cars.",
  "inc": "Galante",
  "intalled_count": "1,000,000",
  "last_update": [
    "June",
    "30",
    " 2016"
  ],
  "name": "Kids Toy Car Driving Game Free",
  "offered_by": "Galante",
  "permissions": {
    "Location": [
      "approximate location (network-based)"
    ],
    "Photos/Media/Files": [
      "read the contents of your USB storage",
      "modify or delete the contents of your USB storage"
    ],
    "Storage": [
      "read the contents of your USB storage",
      "modify or delete the contents of your USB storage"
    ],
    "Other": [
      "view network connections",
      "full network access",
      "prevent device from sleeping"
    ]
  },
  "rate": [
    [
      "9,149",
      "4.0"
    ],
    [
      "5,702",
      "5"
    ],
    [
      "958",
      "4"
    ],
    [
      "760",
      "3"
    ],
    [
      "550",
      "2"
    ],
    [
      "1,179",
      "1"
    ]
  ],
  "required_android": "3.1",
  "size": "28",
  "url": "https://play.google.com/store/apps/details?id=com.GalanteLabs.CheckOut",
  "version": "2.1.0"
}