{
  "categories": [
    "Entertainment"
  ],
  "description": "Browse through one of the biggest and best collections of funny pictures available! Whether you like memes, puns, games, or comics, there's something ROFL-worthy for everyone! Tons of new and hilarious pictures added every day. Download the app for FREE. Features:\u2022 150,000+ pictures, with more added every few hours! \u2022 Comment, rate, and favorite pics \u2022 Download and share to Facebook, Twitter, and more \u2022 Sort pics by recent, popular, and random \u2022 Submit your own funny pics  Funny Pics Pro (through In-app Purchase)\u2022 Get Funny Pics Pro to remove all ads!\u2709 Got ideas? Have a problem? We appreciate feedback: support@stuckpixelinc.comFOR LATEST UPDATES AND PROMOTIONSTwitter http://www.twitter.com/StuckpixelincFacebook http://www.facebook.com/stuckpixelinc Instagram http://www.instagram.com/funnyismSPRead more about us at http://www.stuckpixelstudios.comNote: This app uses network location details for ad purposes",
  "inc": "StuckPixel, Inc.",
  "intalled_count": "1,000,000",
  "last_update": [
    "July",
    "7",
    " 2017"
  ],
  "name": "Funny Pics",
  "offered_by": "StuckPixel, Inc.",
  "permissions": {
    "Location": [
      "approximate location (network-based)"
    ],
    "Phone": [
      "read phone status and identity"
    ],
    "Photos/Media/Files": [
      "read the contents of your USB storage",
      "modify or delete the contents of your USB storage"
    ],
    "Storage": [
      "read the contents of your USB storage",
      "modify or delete the contents of your USB storage"
    ],
    "Camera": [
      "take pictures and videos"
    ],
    "Wi-Fi connection information": [
      "view Wi-Fi connections"
    ],
    "Device ID & call information": [
      "read phone status and identity"
    ],
    "Other": [
      "receive data from Internet",
      "view network connections",
      "full network access",
      "control vibration",
      "prevent device from sleeping",
      "view network connections",
      "full network access",
      "run at startup",
      "control vibration",
      "prevent device from sleeping"
    ]
  },
  "rate": [
    [
      "9,942",
      "3.9"
    ],
    [
      "5,575",
      "5"
    ],
    [
      "1,357",
      "4"
    ],
    [
      "909",
      "3"
    ],
    [
      "641",
      "2"
    ],
    [
      "1,460",
      "1"
    ]
  ],
  "required_android": "Varies with",
  "size": "Varies with devic",
  "url": "https://play.google.com/store/apps/details?id=com.stuckpixelinc.funnypics",
  "version": "Varies with device"
}