{
  "categories": [
    "Action",
    "Action & Adventure"
  ],
  "description": "Keep the train going from player to player in this exhilarating group game!Build a train route around obstacles in time to keep the train on track! The train gets faster and longer as it chugs around the room. Keep it going as long as you can as a team (in Cooperative Mode), or be the last person to survive without derailing (in Competitive Mode).Have a great time with your family and friends with a Train Party!\u2022 Play your way through fields, deserts, farmlands, forests, and more\u2022 Move pesky critters out of your way\u2022 Blow up obstacles with dynamite\u2022 Pause the train with a station to gain some extra time\u2022 Watch out for the renegade track bomber!(Train Party is a local multiplayer game for 2 to 12 players in the same room on the same Wi-Fi network.)",
  "inc": "Funside Games, LLC",
  "intalled_count": "50",
  "last_update": [
    "July",
    "31",
    " 2018"
  ],
  "name": "Train Party",
  "offered_by": "Funside Games, LLC",
  "permissions": {
    "Other": [
      "view network connections",
      "allow Wi-Fi Multicast reception",
      "full network access"
    ]
  },
  "rate": [
    [
      "2",
      "3.0"
    ],
    [
      "1",
      "5"
    ],
    [
      "0",
      "4"
    ],
    [
      "0",
      "3"
    ],
    [
      "0",
      "2"
    ],
    [
      "1",
      "1"
    ]
  ],
  "required_android": "4.1",
  "size": "30",
  "url": "https://play.google.com/store/apps/details?id=com.funsidegames.trainparty",
  "version": "1.0.0"
}