{
  "categories": [
    "Health & Fitness"
  ],
  "description": "Leg trainer to tone thigh and burn fat, daily bodyweight exercises to have thin thighs at home that can be done without equipment, wherever you want.A virtual personal trainer will guide you in the workouts by showing you how to perform the leg exercises correctly. To get toned and slim legs you need to train consistently,  the virtual coach will help you to be constant and will make your leg workouts effective and fun . To get perfect legs, in addition to training, you need to follow a healthy meal plan to burn fat and speed up your metabolism. In the advanced version, you'll find a meal generator to create an eating plans to burn fat.Train harder your legs, test your limits and your progress with the 30 day Squat Challenge. The workout will allow you to gradually increase effort, avoiding stalling phases. At the end of the program your legs will be slimmer and toned. In summary, this app provides:- A 3-level program that will guide you along the way by indicating the weekly frequency and the time required to move on to the next level. - Detailed explanation of the exercises with videos and descriptions to avoid mistakes. - Alternative lower intensity exercises for those who want a slower approach. - A meal and diet planner to burn fat. - The Squat Challenge for an even more intense training. - Cool-down stretching exercises for legs. - Motivational quotes to achieve your goals.Leg workout application made \u200b\u200bby Ego360 for the LumoFit / LumoWell project.Follow us:- YouTube channel: http://goo.gl/jl3wc1- Website: http://www.lumowell.com/- Facebook: http://goo.gl/RytPDg- Google+: http://goo.gl/3Q8Tru",
  "inc": "Lumowell - Ego360",
  "intalled_count": "500,000",
  "last_update": [
    "April",
    "12",
    " 2017"
  ],
  "name": "Leg Workouts Lumowell Trainer",
  "offered_by": "Lumowell - Ego360",
  "permissions": {
    "Identity": [
      "find accounts on the device"
    ],
    "Contacts": [
      "find accounts on the device"
    ],
    "Phone": [
      "read phone status and identity"
    ],
    "Photos/Media/Files": [
      "read the contents of your USB storage",
      "modify or delete the contents of your USB storage"
    ],
    "Storage": [
      "read the contents of your USB storage",
      "modify or delete the contents of your USB storage"
    ],
    "Device ID & call information": [
      "read phone status and identity"
    ],
    "Other": [
      "receive data from Internet",
      "view network connections",
      "full network access",
      "prevent device from sleeping",
      "Google Play license check"
    ]
  },
  "rate": [
    [
      "13,564",
      "4.8"
    ],
    [
      "11,232",
      "5"
    ],
    [
      "1,759",
      "4"
    ],
    [
      "338",
      "3"
    ],
    [
      "80",
      "2"
    ],
    [
      "155",
      "1"
    ]
  ],
  "required_android": "4.0.3",
  "size": "44",
  "url": "https://play.google.com/store/apps/details?id=com.ego360.leg",
  "version": "1.1.34"
}