{
  "categories": [
    "Casual",
    "Pretend Play"
  ],
  "description": "Girls & boys, it\u2019s time to have real cashier fun and adventure by playing as cashier manager pro in subway cashier cash register game for kids free. This is the best trending cashier game for girls & boys and best cash register app 2018. Take this cashier game to the new level of girls cash register games because this cash register game is the real combination of cashier simulator and time management games for girls and pro cashier games for girls. Enhance your girl cashier skills & station manager skills in this free cashier games to enjoy the subway cashier cash register game for kids free.Have you wished to become the best cashier manager in the town? We are fulfilling your cashier dreams in this best train cash register games for girls and boys. Pro cashier girls! Start your busy day at subway train station while working on ticket counter & cash register machine in this crazy cashier simulator and management games 2018. Your customers are waiting in the virtual queue to get their visa and ticket in this cashier game for girls. C\u2019mon, cashier girls you can run the cash register software manager cashier simulator by working on subway station cash counter. Prove you as best cashier girl & cash counter manager girls that no one can beat in any cash register sim 2018. In this best manager & cashier game, you have to work like a security officer because this is your main duty to provide safety to your all passengers. Check all passengers one by one and keep your sharp eye on each activity of subway train sim. Girls your customers are coming to your desk for their visa and passport approval. Its right time to enhance your educational skills by doing data entry for your passengers. Don\u2019t take stress or burden of your security officer\u2019s duty just enjoy real-time cash register & data entry in this best management and cashier game to become the successful subway station manager. Pass all the security checks like visa scanner, X-Ray scanner, and luggage checking and perform your security officer job faithfully. This subway cashier cash register game for kids free is for all those pro cashiers and managers who want to play coolest cashier games & pro cashier manager games.  Being the best shopping girl enjoy the real-time shopping in the subway station\u2019s caf\u00e9. You can buy chips, cold drink, burgers and other beverages for your journey. After purchasing your desired food item, pay the bill on the cash counter. Being an expert cashier manager receive the cash on the cash counter and make a receipt to become the best receipt maker. You can have a lot of fun of data entry by working as a store manager in this best cash register game. You have to give your best at your cashier duty in our one of the best cashier app of 2018. Download now subway cashier cash register game for kids free to enjoy the real-time cash register and security officer duty in one of the best cash register game for kids.",
  "inc": "Games Fun StudiO",
  "intalled_count": "500",
  "last_update": [
    "July",
    "10",
    " 2018"
  ],
  "name": "Subway Cashier Cash Register Game for kids free",
  "offered_by": "Games Fun StudiO",
  "permissions": {
    "Photos/Media/Files": [
      "read the contents of your USB storage",
      "modify or delete the contents of your USB storage"
    ],
    "Storage": [
      "read the contents of your USB storage",
      "modify or delete the contents of your USB storage"
    ],
    "Wi-Fi connection information": [
      "view Wi-Fi connections"
    ],
    "Other": [
      "view network connections",
      "full network access"
    ]
  },
  "rate": [
    [
      "9",
      "4.3"
    ],
    [
      "6",
      "5"
    ],
    [
      "1",
      "4"
    ],
    [
      "1",
      "3"
    ],
    [
      "1",
      "2"
    ],
    [
      "0",
      "1"
    ]
  ],
  "required_android": "4.1",
  "size": "29",
  "url": "https://play.google.com/store/apps/details?id=com.gamesfunstudio.subway.cash.register.kids.game",
  "version": "1.1"
}