{
  "categories": [
    "Education",
    "Education"
  ],
  "description": "Classical Conversations\u00aeFoundations Memory Work Tutorials, Cycle 1Now updated for the Fifth Edition of the Foundations Curriculum!Description:Strengthen your brain by memorizing quality content with art and song in a beautiful, interactive format in seven subject areas. New features include enhanced graphics and interactivity, Classical Conversations\u2019 Classical Acts & Facts\u00ae timeline, and the U.S. presidents!Classical educators know the importance of memorizing the grammar\u2014the basic facts and vocabulary\u2014of a subject. Now you can memorize the foundational knowledge of seven topics in a fun, interactive Android application.In Cycle 1, Classical Conversations\u2019 students memorize 161 events and people in the timeline, including the U.S. presidents; 24 history sentences from ancient and world history; 24 sites or features of ancient world and African geography; 24 science questions and answers on biology and earth science; multiplication tables (1 through 15), squares, roots, cubes, and basic math laws and conversions; Latin noun endings; and English grammar rules. This app corresponds to the Foundations Curriculum, Fifth Edition, released in 2018.Ancient and world history is presented in an interactive application with songs and artwork designed to make memorizing enjoyable. Now integrated with other Classical Conversations resources, each history sentence and science question points you to the corresponding Classical Acts & Facts\u00ae Card, handy flashcards for classical educators that will expand your memory work in depth and breadth.No matter your age, you can build a firm foundation of knowledge by memorizing these building blocks of education.Classical Conversations Foundations students, ages 4 through 12, have been using these same tools in our iOS apps and online subscription service, CC Connected\u00ae. The new Android application offers these additional features:\u2022 Touch screen slides horizontally to reveal memory work by subject\u2022 Touch screen slides vertically to study each subject by week\u2022 Touch screen allows students to slide back and forth through the U.S. presidents\u00a0\u2022 Navigates easily back and forth and home\u00a0Classical Conversations\u00ae empowers homeschooling parents and establishes classical, Christian communities that equip children with a biblical worldview and the classical tools of learning in order to impact the world for God\u2019s glory.Visit us online to learn more:\u00a0ClassicalConversations.comClassicalConversationsBooks.comPlease send questions or comments to: customerservice@classicalconversations.com",
  "inc": "Classical Conversations Inc",
  "intalled_count": "100",
  "last_update": [
    "August",
    "1",
    " 2018"
  ],
  "name": "Foundations Memory Work C1",
  "offered_by": "Classical Conversations Inc",
  "permissions": {
    "Photos/Media/Files": [
      "read the contents of your USB storage",
      "modify or delete the contents of your USB storage"
    ],
    "Storage": [
      "read the contents of your USB storage",
      "modify or delete the contents of your USB storage"
    ],
    "Wi-Fi connection information": [
      "view Wi-Fi connections"
    ],
    "Other": [
      "view network connections",
      "full network access",
      "prevent device from sleeping",
      "Google Play license check"
    ]
  },
  "rate": [
    [
      "2",
      "4.5"
    ],
    [
      "1",
      "5"
    ],
    [
      "1",
      "4"
    ],
    [
      "0",
      "3"
    ],
    [
      "0",
      "2"
    ],
    [
      "0",
      "1"
    ]
  ],
  "required_android": "5.1",
  "size": "99",
  "url": "https://play.google.com/store/apps/details?id=com.classicalconversations.tutorials.cycle1",
  "version": "1.0.4"
}