{
  "categories": [
    "Health & Fitness"
  ],
  "description": "FizzUp is a most downloaded free personalized fitness training and nutrition app in France.It's a like a real fitness trainer in your pocket you can use to exercise and get fit wherever you want and in minimum time, with or without equipment.YOUR FIZZUP WORKOUTSSay goodbye to boring, repetitive workouts. With FizzUp, you'll get an effective personalized program that's like nothing you've ever experienced before. Just the secret weapon you need to keep up your motivation and quickly reach your goals! Here's what makes up your workouts with the FizzUp app:* Workouts that are 100% adapted to suit your fitness level* Programs that are right for your goal* Regular evaluations used to personalize your program and help you measure your progress* A catalog of over 300 exercise videos* Fun warm-ups* Strength training sessions to tone your body* Cardio circuits to burn fat* Abs exercises to get you a flat and sculpted stomach* Stretches to help you recover* Exercise challenges to spice up your workout routine and boost your motivation* A detailed everyday meal planner designed with your goal in mind* Over 250 delicious recipe videos (vegan, vegetarian, high protein, lactose free and gluten free)* A shopping list generator to make your life easier* Personalized notifications to keep you from missing a single workout83% of users get measurable results in less than 6 weeks with FizzUp!CHROMECASTStream your workouts on your TV\u2019s big screen with ChromeCast compatibility.GOOGLE FITSend workout data (total workout time, calories burned, etc.) to Google Fit.READY TO FIZZUP YOUR LIFE?FizzUp is free to download and use. Reach your goal in less time and get lasting results when you subscribe to FizzUp PREMIUM to unlock all app content. FizzUp PREMIUM  is available as a no-commitment 1-month auto-renewal subscription for \u20ac14.99 or a 6-month no-commitment auto-renewal subscription for \u20ac59.99. Price may vary depending on your country\u2019s currency. The subscription will be auto-renewed 24 hours prior to it running out. The purchase will be charged to your Google Play account. Auto-renewal may be turned off in your Google account settings after purchase. Subscription automatically renews unless auto-renew is turned off at least 24 hours before the end of the current period.Please note that you must have an active Internet connection to use FizzUp.Over 3 million users have already tried and love FizzUp fitness training!Terms of Service: http://www.fizzup.com/general_terms.pdfPrivacy Policy: http://www.fizzup.com/privacy_policy.pdf",
  "inc": "Fysiki",
  "intalled_count": "1,000,000",
  "last_update": [
    "August",
    "7",
    " 2018"
  ],
  "name": "FizzUp - Online Fitness & Nutrition Coaching",
  "offered_by": "Fysiki",
  "permissions": {
    "Phone": [
      "read phone status and identity"
    ],
    "Photos/Media/Files": [
      "read the contents of your USB storage",
      "modify or delete the contents of your USB storage"
    ],
    "Storage": [
      "read the contents of your USB storage",
      "modify or delete the contents of your USB storage"
    ],
    "Wi-Fi connection information": [
      "view Wi-Fi connections"
    ],
    "Device ID & call information": [
      "read phone status and identity"
    ],
    "Contacts": [
      "read your contacts"
    ],
    "Other": [
      "receive data from Internet",
      "view network connections",
      "full network access",
      "control vibration",
      "prevent device from sleeping",
      "Google Play license check"
    ]
  },
  "rate": [
    [
      "23,222",
      "4.4"
    ],
    [
      "12,352",
      "5"
    ],
    [
      "8,723",
      "4"
    ],
    [
      "1,438",
      "3"
    ],
    [
      "308",
      "2"
    ],
    [
      "401",
      "1"
    ]
  ],
  "required_android": "4.1",
  "size": "97",
  "url": "https://play.google.com/store/apps/details?id=com.fysiki.fizzup",
  "version": "2.3.1"
}