{
  "categories": [
    "Casual",
    "Pretend Play"
  ],
  "description": "Fun and simple game for kids!",
  "inc": "AllBoss Digital",
  "intalled_count": "1",
  "last_update": [
    "July",
    "9",
    " 2018"
  ],
  "name": "Funny Cupcake",
  "offered_by": "AllBoss Digital",
  "permissions": {
    "Device & app history": [
      "read your Web bookmarks and history"
    ],
    "Identity": [
      "find accounts on the device"
    ],
    "Contacts": [
      "find accounts on the device"
    ],
    "Location": [
      "approximate location (network-based)",
      "precise location (GPS and network-based)"
    ],
    "Phone": [
      "read phone status and identity"
    ],
    "Photos/Media/Files": [
      "read the contents of your USB storage",
      "modify or delete the contents of your USB storage"
    ],
    "Storage": [
      "read the contents of your USB storage",
      "modify or delete the contents of your USB storage"
    ],
    "Wi-Fi connection information": [
      "view Wi-Fi connections"
    ],
    "Device ID & call information": [
      "read phone status and identity"
    ],
    "Other": [
      "receive data from Internet",
      "view network connections",
      "pair with Bluetooth devices",
      "access Bluetooth settings",
      "connect and disconnect from Wi-Fi",
      "full network access",
      "run at startup",
      "draw over other apps",
      "prevent device from sleeping",
      "set an alarm",
      "install shortcuts"
    ]
  },
  "rate": [],
  "required_android": "4.1",
  "size": "14",
  "url": "https://play.google.com/store/apps/details?id=com.wFunnyCupcake_7468634",
  "version": "1.0"
}