{
  "categories": [
    "Productivity"
  ],
  "description": "*New Version* 5.2.0NB: Download without notification permission has been removed, so dictionary updates will come only with the app updates. Sync related permissions are also removed. This was a \"work in progress\", so unless we find a better solution to this, there'll be no further work on sync.Features1. Bangla phonetic keyboard (like your favorite Avro keyboard)2. National & Probhat layout3. Full set of emoji4. Voice input5. New themes6. Next word suggestion7. Improved suggestions8. Emoji in suggestionsPermission ExplanationRecord Audio: For voice inputInternet: For voice inputContacts: To show suggestions from contact names. You can disable this in settingsRead/Write user dictionary: Get/save word suggestion from/into android's built-in user dictionaryWrite external storage(SD Card): Save new learned words data to SD card and show suggestions from them.",
  "inc": "Ridmik Lab",
  "intalled_count": "10,000,000",
  "last_update": [
    "July",
    "12",
    " 2018"
  ],
  "name": "Ridmik Keyboard",
  "offered_by": "Ridmik Lab",
  "permissions": {
    "Contacts": [
      "read your contacts"
    ],
    "Photos/Media/Files": [
      "read the contents of your USB storage",
      "modify or delete the contents of your USB storage"
    ],
    "Storage": [
      "read the contents of your USB storage",
      "modify or delete the contents of your USB storage"
    ],
    "Microphone": [
      "record audio"
    ],
    "Other": [
      "receive data from Internet",
      "view network connections",
      "full network access",
      "read terms you added to the dictionary",
      "run at startup",
      "control vibration",
      "prevent device from sleeping",
      "add words to user-defined dictionary"
    ]
  },
  "rate": [
    [
      "108,688",
      "4.5"
    ],
    [
      "83,539",
      "5"
    ],
    [
      "11,866",
      "4"
    ],
    [
      "5,876",
      "3"
    ],
    [
      "2,547",
      "2"
    ],
    [
      "4,860",
      "1"
    ]
  ],
  "required_android": "4.1",
  "size": "8.8",
  "url": "https://play.google.com/store/apps/details?id=ridmik.keyboard",
  "version": "5.2.0"
}