{
  "categories": [
    "Educational",
    "Pretend Play"
  ],
  "description": "It is normal for children to be afraid of the dark. They fear what they can\u2019t see in a mass of darkness. Make them feel more comfortable to the dark. Let our app give them an exciting night and have fun with creating different shadows. Darkness can be very pleasant!Fun features:- Easy gameplay and lively scenes - Make clever shadows and shades- Be very brave and save the night!Find Kiki in his bedroom and explore all the dark spaces. You will be delighted to find the little mysteries hidden in his room. It will be a very special night!-- -- --  Design concepts:We focus on inspirational learningWe focus on skill-buildingWe focus on bringing fun contents to our young audienceTake the baby bus for an unique learning experience!The series introduction:BabyBus is the first trusted brand in early childhood educational software. The mobile applications are designed and developed specifically for preschoolers, and they are divided into two groups by age, the Starter Group for toddlers between the ages of 1 and 3 and the Prodigy Group for children between the ages of 3 and 6. The educational series in the Prodigy Group combines the main concepts of early childhood education to meet the needs of mastering different learning categories. The applications are aimed at the comprehensive and the analytic development in preschoolers.Tips: In the search bar, enter \"BabyBus\" to find all of our products.Contact us:Facebook: https://www.facebook.com/BabyBusENGLISHE-mail: en@babybus.comWebsite: http://www.babybus.com",
  "inc": "BabyBus Kids Games",
  "intalled_count": "1,000,000",
  "last_update": [
    "June",
    "20",
    " 2018"
  ],
  "name": "Play in the Dark - for kids",
  "offered_by": "BabyBus Kids Games",
  "permissions": {
    "Wi-Fi connection information": [
      "view Wi-Fi connections"
    ],
    "Other": [
      "receive data from Internet",
      "view network connections",
      "full network access",
      "prevent device from sleeping",
      "modify system settings"
    ]
  },
  "rate": [
    [
      "4,639",
      "3.9"
    ],
    [
      "2,809",
      "5"
    ],
    [
      "377",
      "4"
    ],
    [
      "375",
      "3"
    ],
    [
      "329",
      "2"
    ],
    [
      "749",
      "1"
    ]
  ],
  "required_android": "4.0.3",
  "size": "62",
  "url": "https://play.google.com/store/apps/details?id=com.sinyee.babybus.shadow",
  "version": "8.25.10.00"
}