{
  "categories": [
    "Entertainment"
  ],
  "description": "Come join Talking Angela in Paris - the city of love, style and magic. There are so many surprises, you better sit down. ;) Enjoy amazing gifts, pick the latest styles, and sip magical cocktails to experience special moments. And watch out for birds - you never know what might fly by.\u2605\u2605\u2605 HOW TO PLAY \u2605\u2605\u2605\u2714 Join Talking Angela in the world\u2019s most fashionable city\u2714 Press the \u201cGift\u201d button to open beautiful presents \u2714 Use the \u201cCoat Hanger\u201d button for chic accessories and makeup \u2714 Push the \u201cCocktail\u201d button to get a taste of Parisian magic\u2714 Discover the \u201cRecord\u201d button and share silly videos with your friends\u2714 Hit the \u201cLarry\u201d button to fly into feather fun\u2714 Click the heart-shaped \u201cFortune Cookie\u201d button for words of wisdomSit back, relax, and enjoy hours of fun with Talking Angela ;)This app is PRIVO certified. The PRIVO safe harbor seal indicates Outfit7 has established COPPA compliant privacy practices to protect your child\u2019s personal information. Our apps do not allow younger children to share their information.LEGAL NOTICE: We are collecting anonymized data log files containing details on the usage of the app. This app contains:- Promotion of Outfit7's products and contextual advertising- Links that direct customers to our websites and other Outfit7 apps- Personalization of content to entice users to play the app again- The option to make in-app purchasesTerms of use: http://outfit7.com/eula/Privacy policy: http://outfit7.com/privacy-policy/",
  "inc": "Outfit7 Limited",
  "intalled_count": "100,000,000",
  "last_update": [
    "July",
    "12",
    " 2018"
  ],
  "name": "Talking Angela",
  "offered_by": "Outfit7 Limited",
  "permissions": {
    "Photos/Media/Files": [
      "read the contents of your USB storage",
      "modify or delete the contents of your USB storage"
    ],
    "Storage": [
      "read the contents of your USB storage",
      "modify or delete the contents of your USB storage"
    ],
    "Microphone": [
      "record audio"
    ],
    "Wi-Fi connection information": [
      "view Wi-Fi connections"
    ],
    "Other": [
      "receive data from Internet",
      "view network connections",
      "full network access",
      "control vibration",
      "prevent device from sleeping"
    ]
  },
  "rate": [
    [
      "1,829,226",
      "3.7"
    ],
    [
      "1,018,108",
      "5"
    ],
    [
      "166,477",
      "4"
    ],
    [
      "135,561",
      "3"
    ],
    [
      "85,487",
      "2"
    ],
    [
      "423,593",
      "1"
    ]
  ],
  "required_android": "4.1",
  "size": "52",
  "url": "https://play.google.com/store/apps/details?id=com.outfit7.talkingangelafree",
  "version": "2.8.2"
}