{
  "categories": [
    "Educational",
    "Education"
  ],
  "description": "Aprender jugando es uno de los lemas m\u00e1s importantes de la educaci\u00f3n actual, y lo es porque est\u00e1 m\u00e1s que comprobado que la mente se muestra m\u00e1s receptiva y abierta al aprendizaje cuando no siente presi\u00f3n o dicho aprendizaje se inserta dentro de un marco de entretenimiento y diversi\u00f3n, como es el de los juegos interactivos.En este juego de matem\u00e1ticas, elaborado especialmente para ni\u00f1os de los grados de Infantil y primeros niveles de primaria, los m\u00e1s peque\u00f1os podr\u00e1n divertirse con juegos de sumas, ejercicios de restas, ejercicios de secuencias de sumas y restas, ejercicios de comparaci\u00f3n, ejercicios de conteo\u2026mientras hacen algo tan divertido y fantasioso como es coger y contar caramelos y chucher\u00edas que se han perdido en una granja de animales. De esta forma, los ejercicios de sumas y dem\u00e1s operaciones parecen ser un juego, permitiendo que los ni\u00f1os vayan adquiriendo las competencias matem\u00e1ticas de una forma l\u00fadica, sencilla y muy, muy entretenida. Los juegos de restas y sumas nunca fueron tan divertidos, y eso es algo que nos permiten hoy en d\u00eda las nuevas tecnolog\u00edas  gracias a gr\u00e1ficos, ilustraciones y animaciones creativas y encantadoras. Poner la animaci\u00f3n y los juegos interactivos al servicio del aprendizaje es una t\u00e1ctica infalible para que los m\u00e1s peque\u00f1os puedan crecer, desarrollarse y aprender de forma eficaz y din\u00e1mica, asimilando contenidos de manera positiva y eliminando as\u00ed los bloqueos que, muchas veces, las operaciones matem\u00e1ticas generan en la mente de muchos ni\u00f1os. \u00a1Deja que tus hijos entren en esta apasionante y loca granja y practiquen ejercicios de matem\u00e1ticas de manera divertida y completamente gratuita!",
  "inc": "Bosque de Fantas\u00edas",
  "intalled_count": "1,000",
  "last_update": [
    "July",
    "10",
    " 2018"
  ],
  "name": "Sumas y restas para ni\u00f1os",
  "offered_by": "Bosque de Fantas\u00edas",
  "permissions": {
    "Location": [
      "approximate location (network-based)"
    ],
    "Wi-Fi connection information": [
      "view Wi-Fi connections"
    ],
    "Other": [
      "view network connections",
      "full network access"
    ]
  },
  "rate": [],
  "required_android": "4.1",
  "size": "Varies with devic",
  "url": "https://play.google.com/store/apps/details?id=com.bosquedefantasias.sumasrestas",
  "version": "1.0"
}