{
  "categories": [
    "Photography"
  ],
  "description": "Select photos and videos to instantly get an awesome video slideshow. Incredibly easy to use, yet highly powerful and has many options to customize and make it personal.Main Features:Photos Add photos and videos from your gallery, camera or from the webInstant Instantly play your videoStyles Select from many video styles and animated video framesStickers Choose from over 100+ stickers. Search for more stickers on the internet right from the app.Music Select from multiple sound track options, or import your ownText Add text using over 55 different fontsFilters Many filters to enhance your photosEasy gestures Easy to use. Intuitive and fastShare Share the video you created with friends and family via standard sharing. Modify You can edit the video after saving at any time.More information:* Free with ads.* No private data is collected - see privacy policy and terms below",
  "inc": "Scoompa",
  "intalled_count": "10,000,000",
  "last_update": [
    "May",
    "10",
    " 2018"
  ],
  "name": "Scoompa Video - Slideshow Maker and Video Editor",
  "offered_by": "Scoompa",
  "permissions": {
    "Photos/Media/Files": [
      "read the contents of your USB storage",
      "modify or delete the contents of your USB storage"
    ],
    "Storage": [
      "read the contents of your USB storage",
      "modify or delete the contents of your USB storage"
    ],
    "Microphone": [
      "record audio"
    ],
    "Location": [
      "approximate location (network-based)"
    ],
    "Other": [
      "receive data from Internet",
      "view network connections",
      "full network access",
      "run at startup",
      "prevent device from sleeping",
      "view network connections",
      "full network access",
      "prevent device from sleeping"
    ]
  },
  "rate": [
    [
      "560,272",
      "4.5"
    ],
    [
      "404,401",
      "5"
    ],
    [
      "79,299",
      "4"
    ],
    [
      "32,924",
      "3"
    ],
    [
      "14,849",
      "2"
    ],
    [
      "28,799",
      "1"
    ]
  ],
  "required_android": "Varies with",
  "size": "Varies with devic",
  "url": "https://play.google.com/store/apps/details?id=com.scoompa.slideshow",
  "version": "Varies with device"
}