{
  "categories": [
    "Action",
    "Action & Adventure"
  ],
  "description": "Get ready for Teen Titans Go! Figure -- the epic follow-up to the breakout hit game Teeny Titans. Someone\u2019s trying to put Teeny Titans out of business! Battle your way to the bottom of this mystery.\u00a0BATTLE DC HEROES\u00a0Go 3-on-3 in radical figure battles! Fire off super moves in real time with the battle bar. Switch between your heroes to launch epic attacks and take down your opponents.\u00a0COLLECT 90+ FIGURES\u00a0Collect over 90 Teeny Titans figures, including Batman, Superman, Wonder Woman, Flash, the Radical Titans, and many more! Level up your figs to unlock even more powerful abilities.CUSTOMIZE YOUR SQUADEvery figure can be repainted in different ways! Swap character abilities to make your team truly unique. And bust out accessories, like the Bat Signal and Superman\u2019s underpants, to give you the edge in battle.CHOOSE YOUR TITANPlay the full story mode as any of the Titans. Choose Robin, Raven, Cyborg, Starfire or Beast Boy. Each Titan has unique dialogue and original voiceover from the show\u2019s cast.GO BEYOND JUMP CITYExplore Metropolis, Gotham and Jump City to shop for your favorite super hero figures. Complete special missions for DC heroes and enter tournaments at iconic locations, like the Hall of Justice and the Batcave.*****This game is available in the following languages: English, French, Italian, Spanish (Latin American), Portuguese (Brazilian), Russian, Turkish, Korean, Japanese If you're having any problems with this app, feel free to contact us at advanced.platforms@turner.com. Tell us about the issues you're running into as well as what device and OS version you're using. *****IMPORTANT CONSIDERATIONS: This app may contain ads that feature other products, services, shows or offers from Cartoon Network and our partners.This app includes the option for adults to unlock or buy additional in-game items with real money to enhance game play, ranging from $0.99-$9.99 USD (or equivalent amount in the applicable regional currency). You may disable in-app purchases by adjusting your device settings. PRIVACY INFORMATION: Your privacy is important to us at Cartoon Network, a division of Turner Broadcasting System, Inc. This game collects and uses information as described in Cartoon Network\u2019s Privacy Policy linked below. This information may be used, for example, to respond to user requests; enable users to take advantage of certain features and services; personalize content; serve advertising; perform network communications; manage and improve our products and services; and perform other internal operations of Cartoon Network web sites or online services. Our privacy practices are guided by data privacy laws in the United States. For users residing in the EU or other countries outside the U.S., please note that this app may use persistent identifiers for game management purposes. By downloading this application, you accept our Privacy Policy and End User License Agreement, and you give permission for such uses for all users of your device. The Privacy Policy and End User License Agreement are in addition to any terms, conditions or policies imposed by your wireless carrier and Google, Cartoon Network and its affiliates are not responsible for any collection, use, or disclosure of your personal information by Google or your wireless carrier. Terms of Use: http://www.cartoonnetwork.com/legal/termsofuse.html Privacy Policy: http://www.cartoonnetwork.com/legal/privacy/mobile.html",
  "inc": "Cartoon Network",
  "intalled_count": "10,000",
  "last_update": [
    "July",
    "18",
    " 2018"
  ],
  "name": "Teen Titans GO Figure!",
  "offered_by": "Cartoon Network",
  "permissions": {
    "Photos/Media/Files": [
      "read the contents of your USB storage",
      "modify or delete the contents of your USB storage"
    ],
    "Storage": [
      "read the contents of your USB storage",
      "modify or delete the contents of your USB storage"
    ],
    "Wi-Fi connection information": [
      "view Wi-Fi connections"
    ],
    "Other": [
      "view network connections",
      "full network access"
    ]
  },
  "rate": [
    [
      "2,005",
      "4.5"
    ],
    [
      "1,512",
      "5"
    ],
    [
      "201",
      "4"
    ],
    [
      "131",
      "3"
    ],
    [
      "54",
      "2"
    ],
    [
      "107",
      "1"
    ]
  ],
  "required_android": "5.1",
  "size": "28",
  "url": "https://play.google.com/store/apps/details?id=com.turner.ttgfigures2",
  "version": "1.0.2"
}