{
  "categories": [
    "Simulation",
    "Action & Adventure"
  ],
  "description": "Are you ready for a big water splash this summer! Forget all the roller coaster rides and funland fantasy adventure games and join the incredibles water slide amusement rush in the superhero incredibles water slid simulation game in crystal world.Playing with multiple superheros and super villains female Harley Quinn choose any of your favorite out of the Incredibles male or female, ant man and many different characters and outfits. Amusement Park  where you can see dinosaur walking around waterslides and have a feeling of Jurassic world like an island of adventure in crystal world. Incredible slides and uphill rush enthusiasm. abajo nadando piscina trampoline games.Features: superheros water sliding game:The Best and Amazing environments to explore!High quality, immersive visuals15 challenging 3D slides game levels to enjoy!Extreme entertainment in island of adventure water park with 3D water sliderExhilarating physics guaranteed to give you an adrenaline rush!Fastest water racing game actionCoolest & tallest water slide simulatorChoice of Superheros Choice of super villains Harley Quinntrampoline gamesIts time to enjoy on tobogan like longest water slides in our water slide simulation 3D game. Played many of  water slide games and you are looking for extreme superhero waterslides game this is what you will like out of all rush games. This water slide game with multiple superheros and super villain Harley Quinn are going to be addictive gameplay among the swimming pool games and harley quinn games in crystal world. TNG Games Studio is trying to entertain you with best quality and great gameplay games under superhero and harley quinn games series. abajo nadando piscina. Enjoy this water slide ride and do not forget to leave your feedback for more quality and improvement in games.",
  "inc": "TNG Games Studio",
  "intalled_count": "1,000",
  "last_update": [
    "July",
    "18",
    " 2018"
  ],
  "name": "Superhero Incredibles Water Slide Simulation",
  "offered_by": "TNG Games Studio",
  "permissions": {
    "Other": [
      "view network connections",
      "full network access",
      "control vibration"
    ]
  },
  "rate": [
    [
      "10",
      "4.6"
    ],
    [
      "9",
      "5"
    ],
    [
      "0",
      "4"
    ],
    [
      "0",
      "3"
    ],
    [
      "0",
      "2"
    ],
    [
      "1",
      "1"
    ]
  ],
  "required_android": "4.1",
  "size": "47",
  "url": "https://play.google.com/store/apps/details?id=com.tng.superherosincredibleswaterslidesimulation",
  "version": "1.1"
}