{
  "categories": [
    "Education",
    "Pretend Play"
  ],
  "description": "What flavors would you like for your birthday cake - Vanilla, Chocolate or Strawberry? How about a Sausage Cake \ud83c\udf2d covered in Radioactive \u2622\ufe0f Slime and topped with a fiery Volcano\ud83c\udf0b??!Create messy, crazy, sloppy stacks of cake! Kids can make the wackiest Birthday Cake imaginable! It's up to their creativity!\ud83c\udf70 Put together the silliest cake combinations, toppings and candles!There\u2019s tons of ingredients to choose from; and much more to collect when they open the Birthday \ud83c\udf81! Celebraci\u00f3n!!\ud83c\udf89 When the birthday cake is complete, invite Bamba friends and then sing along and celebrate and party with confetti and fireworks!Features\u2b50 Lots of fun ingredients to choose from, such as \ud83c\udf54\ud83e\uddc0\ud83c\udf53\ud83c\udf4c\u2b50 Plenty of candles and cake toppers to mix and match! \ud83c\udf0b\ud83d\udca1\ud83d\udebd\ud83d\udd6f\ufe0f\u2b50 Unwrap gifts at the end of each game to get new stuff for the cake\u2b50 Catchy, awesome music \ud83c\udfb5\u2b50 Sing \u2018Happy Birthday\u2019!\u2b50 Fantastic, beautiful artwork\u2b50 Save your favorite cakes with the screenshot feature \ud83d\udcf7\u2b50 Designed for parent-child interaction \ud83d\udc6a\u2b50 Comes with Parental Gate\u2b50 Learn and play at the same time\u2b50 Kid-focused interface, language-free\u2b50 Great for kids 2+ \ud83d\udc4d\"Here\u2019s a chocolate, rainbow, potty cake for you, Daddy.\" \u2013 Jules, 4ABOUT BAMBA!Bamba is a series of games by Mezmedia, a game studio that makes interactive toys for kids. We believe that interactive toys offer a new and exciting way to educate your child. We make games that are designed to stimulate imagination and creativity through open-ended play. As parents ourselves, we highly recommend that you play our games together with your child to promote parent-child bonding.",
  "inc": "Bamba",
  "intalled_count": "10,000",
  "last_update": [
    "July",
    "18",
    " 2018"
  ],
  "name": "Bamba Birthday Cake - Party and Celebrate!",
  "offered_by": "Bamba",
  "permissions": {
    "Photos/Media/Files": [
      "read the contents of your USB storage",
      "modify or delete the contents of your USB storage"
    ],
    "Storage": [
      "read the contents of your USB storage",
      "modify or delete the contents of your USB storage"
    ],
    "Other": [
      "receive data from Internet",
      "view network connections",
      "full network access",
      "prevent device from sleeping"
    ]
  },
  "rate": [
    [
      "102",
      "3.9"
    ],
    [
      "59",
      "5"
    ],
    [
      "14",
      "4"
    ],
    [
      "8",
      "3"
    ],
    [
      "1",
      "2"
    ],
    [
      "20",
      "1"
    ]
  ],
  "required_android": "4.1",
  "size": "79",
  "url": "https://play.google.com/store/apps/details?id=com.mezmedia.bambabirthday",
  "version": "1.0.5"
}