{
  "categories": [
    "Sports",
    "Pretend Play"
  ],
  "description": "Show your soccer skills and be a champion in La Liga Soccer (Spain Soccer)!\u26bd\ufe0f\ud83c\udfc6 La Liga Soccer is one of the biggest sporting event in Europe. Undoubtedly it is the most awaited championship by spanish football fans. Even more with great teams composed by the best soccer stars. How could it be different La Liga Soccer is a special game, which represents the grandiosity of this tournament. In order to bring the entire magical atmosphere of the Spain championship, the game features the up-to-date rosters of 20 teams, players with individual attributes and a polished 3D game engine. Get on the pitch, build your saga and win the soccer most wanted title!The best 20 soccer clubs in Spain\ud83c\udff3\ufe0f The game features all 32 World Cup teams. That being the case, there is no need to unlock teams. That is, just choose the soccer club you want and start playing the best soccer game in the world.Updated rosters\ud83d\udccb There is nothing better than playing with the greatest football stars today. To immerse ourselves in the La Liga universe we update the teams with the players summoned. This way you can enjoy the whole atmosphere of the game with the main actors of the show.Players with individual attributes\ud83d\udc65 Above all, each player has specific football characteristics. Some are faster, others finalize better, each has an individual strength. Therefore, the disputes will be decided in the details, respect your opponents not to be surprised.Best 3D game engine\ud83d\udd79 No doubt the game engine is what makes La Liga Soccer a must see. Be it for experienced soccer fans, or for those who just want to feel the thrill of the biggest soccer tournament. In short, the controls are easy to use and the interface is intuitive. However, matches are challenging because true football champions are made of experience.High quality 3D graphics\ud83c\udfa8 For the players to feel all the excitement of the La Liga Soccer, nothing better than fantastic graphics. Thus the visual aspect of the game allows total immersion in matches. Certainly well-played soccer passes through stadiums, scenarios and first-rate characters.Artificial intelligence\ud83e\udd16 Certainly soccer games are more exciting when they are more played. With the artificial intelligence system opponents adapt to the game situations. In addition to learning their strategies. After all, everyone wants to be the spanish champions and will make everything happen.Game Modes\ud83c\udf10 Put two great rivals ahead of you, anywhere, anytime. Play friendly matches with all the official game atmosphere. But do not miss out on your saga in pursuit of one of the world's most important soccer title. Play the World Cup from your group stage to the grand finale.Best Football Gameshttps://ando.techhttps://facebook.com/ando.technologyhttps://twitter.com/_andotech",
  "inc": "Best Football Games",
  "intalled_count": "1,000",
  "last_update": [
    "August",
    "5",
    " 2018"
  ],
  "name": "La Liga Soccer (Spain Soccer)",
  "offered_by": "Best Football Games",
  "permissions": {
    "Photos/Media/Files": [
      "read the contents of your USB storage",
      "modify or delete the contents of your USB storage"
    ],
    "Storage": [
      "read the contents of your USB storage",
      "modify or delete the contents of your USB storage"
    ],
    "Other": [
      "view network connections",
      "full network access",
      "control vibration"
    ]
  },
  "rate": [],
  "required_android": "4.1",
  "size": "39",
  "url": "https://play.google.com/store/apps/details?id=com.BestFootballGames.FutbolLaLiga",
  "version": "1.0.2"
}