{
  "categories": [
    "Casual",
    "Brain Games"
  ],
  "description": "Welcome to Squirrel Lucy\u2019s farm. In her farm, there are a lot of fresh vegetables and fruits, friends surrounding her often come to the farm and play with her. With the arrival of the harvest season, Lucy began to get busy, so let\u2019s help her to take care of the farm. Characteristics : 1. Two mode: Save the birds or Collect water-drops; 2. Unlock new content in every 20 hurdles; 3. Bombs, Vines and Rockets will help you pass hurdles; 4. Watch out for Stones, Spiders and Clouds that will prevent you from passing through. If you like Farm HarvestPop and want to get more information about the game, please follow our home page on facebook:",
  "inc": "LET'S FUN - publisher of match 3 puzzle game",
  "intalled_count": "100,000",
  "last_update": [
    "July",
    "13",
    " 2018"
  ],
  "name": "Farm Harvest pop",
  "offered_by": "LET'S FUN - publisher of match 3 puzzle game",
  "permissions": {
    "Device & app history": [
      "read sensitive log data"
    ],
    "Phone": [
      "read phone status and identity"
    ],
    "Photos/Media/Files": [
      "read the contents of your USB storage",
      "modify or delete the contents of your USB storage"
    ],
    "Storage": [
      "read the contents of your USB storage",
      "modify or delete the contents of your USB storage"
    ],
    "Wi-Fi connection information": [
      "view Wi-Fi connections"
    ],
    "Device ID & call information": [
      "read phone status and identity"
    ],
    "Other": [
      "receive data from Internet",
      "view network connections",
      "disable your screen lock",
      "full network access",
      "control vibration",
      "prevent device from sleeping"
    ]
  },
  "rate": [
    [
      "29",
      "4.6"
    ],
    [
      "23",
      "5"
    ],
    [
      "4",
      "4"
    ],
    [
      "0",
      "3"
    ],
    [
      "1",
      "2"
    ],
    [
      "1",
      "1"
    ]
  ],
  "required_android": "Varies with",
  "size": "Varies with devic",
  "url": "https://play.google.com/store/apps/details?id=com.letsfungame.farmharvestpop",
  "version": "Varies with device"
}