{
  "categories": [
    "Educational",
    "Pretend Play"
  ],
  "description": "Superstar Girl was nominated for Hollywood Celebrity Fashion Awards! Play her stylist, create the perfect red carpet celebrity look and ride in a classy limo to get Celebrity Fashion Award for Best Style!Free your celebrity stylist imagination, choose from the most fashionable clothes, shoes, bags and accessories, create unique hairstyle and makeup, and help Superstar Girl look her best on the red carpet!STAR CELEBRITY FASHION AWARDS stylist & makeover games for girls:- Start from the BEAUTY SALON and create sparkling eye makeup, decorate cheeks with cute diamonds and apply red lipstick. Glitter & glow as you go!- Time for hair spa in the famous celebrity HAIR SALON: wash, cut, color and curl Superstar Girl's hair. Stand out on the red carpet with pink highlights!- Visit CLOTHES shop and play celebrity fashion dress up. From posh dresses and girly skirts to rock star jeans and leather jackets, you'll find everything you need to create a crazy superstar look of your dreams!- SHOE shopping has never been so fun! Try on high heels, boots, stilettos, t-strap sandals and more to find that perfect pair of shoes!- When Superstar Girl is all dressed, shop for your favorite ACCESSORIES: sparkling necklace, shining earrings, fashion bracelet or cool celebrity sunglasses!- Don't forget to pick a matching purse, clutch or handbag in celebrity fashion BAGS shop!- Play Hollywood hair stylist and try out crazy fashion HAIR STYLES. Add sparkly hair accessories and Superstar Girl is ready for the red carpet!- Drive to Hollywood Fashion Award ceremony in a luxurious limo with Superstar Girl, walk on the RED CARPET, catch flowers from her fans, protect her from paparazzi and get Fashion Award for Best Style!- Play Star Celebrity Fashion Awards makeover games for girls every day, create crazy celebrity fashion styles & collect all 8 fashion TROPHIES!Get ready to mix and match the most fashionable celebrity clothes, accessories and hairstyles! Use your sense of style and free your imagination to create glamorous Hollywood red carpet doll look!- - - - - - - - - - - - - - - - - - - - - - - -About TutoTOONS Games for KidsCrafted and play-tested with kids and toddlers, TutoTOONS games foster kids\u2019 creativity and help them learn while playing the games they love. Fun and educational TutoTOONS games strive to bring meaningful and safe mobile experience to millions of children worldwide.Important Message to ParentsThis app is free to download and play, but there are certain in-game items that may be purchased for real money. By downloading this app you agree to TutoTOONS Privacy Policy and Terms of Use.Discover More Fun with TutoTOONS!\u00b7 Subscribe to our YouTube channel: https://www.youtube.com/c/tutotoonsofficial\u00b7 Learn more about us: https://tutotoons.com\u00b7 Read our blog: https://blog.tutotoons.com",
  "inc": "TutoTOONS",
  "intalled_count": "5,000,000",
  "last_update": [
    "June",
    "20",
    " 2018"
  ],
  "name": "Fashion Show Top Model DressUp",
  "offered_by": "TutoTOONS",
  "permissions": {
    "Photos/Media/Files": [
      "read the contents of your USB storage",
      "modify or delete the contents of your USB storage"
    ],
    "Storage": [
      "read the contents of your USB storage",
      "modify or delete the contents of your USB storage"
    ],
    "Wi-Fi connection information": [
      "view Wi-Fi connections"
    ],
    "Phone": [
      "read phone status and identity"
    ],
    "Device ID & call information": [
      "read phone status and identity"
    ],
    "Other": [
      "view network connections",
      "full network access",
      "prevent device from sleeping",
      "view network connections",
      "full network access"
    ]
  },
  "rate": [
    [
      "36,352",
      "3.5"
    ],
    [
      "17,954",
      "5"
    ],
    [
      "3,492",
      "4"
    ],
    [
      "3,655",
      "3"
    ],
    [
      "2,495",
      "2"
    ],
    [
      "8,756",
      "1"
    ]
  ],
  "required_android": "4.4",
  "size": "61",
  "url": "https://play.google.com/store/apps/details?id=air.com.tutotoons.app.fashionshowtopmodeldressup",
  "version": "1.0.41"
}