{
  "categories": [
    "Casual",
    "Pretend Play"
  ],
  "description": "Want to beat the stress? Welcome to the slime maker DIY game how to make slime!We are giving you the great opportunity to relax with your homemade fluffy and squishy DIY slime. In this DIY creative game, learn how to make slime at your home. By playing this slime game, you will be able to make the best slime at home with borax powder and glue. It is the time to unleash your creative skills. You can have a lot of fun by making of slime with your own hands. This is fun to play with smoothly textured slime that you cannot resist squishing and stretching. The real-life process of slime making -\tLearn to make slime with the help of glue, borax powder and shaving foam-\tMake DIY jiggle jelly with water and glue-\tAdd rainbow colors to make your slime colorful Spend your free time with this creative DIY craft game. Let us start the squishy and slimy adventure by jiggling and poking features to relax your stress. This is the best learning game for little girls and boys to teach you to make fluffy jelly using different ingredients. Do not need to get bored we have something unique and learning activity for your people. This slime game is easy to play where you can get DIY tutorials of slime making. What do you think? Isn\u2019t it exciting? Of course, it is if you want to learn something creative then you are at right place.  This slime maker DIY game how to make slime is the great platform where you will be able to make giant jelly with special ingredients. Educate yourself with slim making in this one f the best clay game for boys and girls. Make and play in different shapes and in interactive colors. Explore your creativity by making different shapes of your slime. Features -\tLearn how to make glittery squishy slime -\tMake the best slime by using different ingredients in this best clay game -\tYou can enjoy the huge variety of DIY slime jelly in this slime maker game how to make slime-\tBe a slime maker expert and enjoy your own handmade slimeThis slime maker game how to make slime will enhance your creativity levelThis is the time to download this slime maker game how to make slime to enjoy each step of slime making at home. This slimy game is going to be addictive for girls and boys. Make the perfect prop for you to spend your quality time having fun.",
  "inc": "Games Fun StudiO",
  "intalled_count": "100",
  "last_update": [
    "July",
    "24",
    " 2018"
  ],
  "name": "Slime Maker DIY Game How to Make Slime",
  "offered_by": "Games Fun StudiO",
  "permissions": {
    "Photos/Media/Files": [
      "read the contents of your USB storage",
      "modify or delete the contents of your USB storage"
    ],
    "Storage": [
      "read the contents of your USB storage",
      "modify or delete the contents of your USB storage"
    ],
    "Wi-Fi connection information": [
      "view Wi-Fi connections"
    ],
    "Other": [
      "view network connections",
      "full network access"
    ]
  },
  "rate": [
    [
      "2",
      "3.5"
    ],
    [
      "1",
      "5"
    ],
    [
      "0",
      "4"
    ],
    [
      "0",
      "3"
    ],
    [
      "1",
      "2"
    ],
    [
      "0",
      "1"
    ]
  ],
  "required_android": "4.1",
  "size": "21",
  "url": "https://play.google.com/store/apps/details?id=com.gamesfunstudio.slime.maker.diy.game",
  "version": "1.0"
}