{
  "categories": [
    "Adventure",
    "Action & Adventure"
  ],
  "description": "Brand new official PJ Masks app!  Those pesky villains have been up to mischief again and have stolen lots of things from around the city. Choose your favourite hero and start your adventure through the PJ Masks maze style city. Catch the villains and collect the items they have been stealing, BUT make sure to look out for any traps they might have set..!Collect the golden amulets that unlock your character's special power, which will help you along the way!Game Features:\u2022 Race around the city and park collecting the missing items - the villains have stolen everything from bicycles to the Rock of All Power! See how many items you can collect each time you play\u2022 Watch out for the villains and their pesky sidekicks \u2013 avoid Romeo\u2019s Robot, Luna Girl\u2019s moths and Night Ninja\u2019s sticky splats. If you spot a villain, don\u2019t forget to RUN after them!\u2022 When a large obstacle blocks your way, choose another PJ Masks hero and use their super power to help you get past the obstacle. The PJ Masks are always stronger as a team!\u2022 Collect as many golden amulets as you can to unlock your character\u2019s power-up\u2022 Never play the same game twice \u2013 watch out for different obstacles and chase after more missing items each time you playThe PJ Masks are on their way, into the night to save the day! Join them on their Super City Run.No adverts, no in-app purchases, just lots of adventure and fun.",
  "inc": "Entertainment One",
  "intalled_count": "10,000",
  "last_update": [
    "August",
    "18",
    " 2017"
  ],
  "name": "PJ Masks: Super City Run",
  "offered_by": "Entertainment One",
  "permissions": {
    "Other": [
      "view network connections",
      "full network access",
      "prevent device from sleeping"
    ]
  },
  "rate": [
    [
      "45",
      "3.5"
    ],
    [
      "22",
      "5"
    ],
    [
      "4",
      "4"
    ],
    [
      "5",
      "3"
    ],
    [
      "1",
      "2"
    ],
    [
      "13",
      "1"
    ]
  ],
  "required_android": "4.0.3",
  "size": "62",
  "url": "https://play.google.com/store/apps/details?id=com.pjmasks.superchase",
  "version": "1.0.2"
}