{
  "categories": [
    "Adventure",
    "Action & Adventure"
  ],
  "description": "You narrowly escape death and crash land your aircraft in isolated territory after a dreadful storm wiped your plane out of the sky.With no radio or means to alert emergency services, you head off into parts unknown, enduring the aftermath of the storm with very few resources...Armed with a backpack, and few essentials, you are determined to find your way home, and make your way out of this treacherous land.As you begin your adventure away from the wreckage, and back to civilization, you realize you have never seen any of the landmarks in this place. Nothing at all looks familiar, and all signs of life are seemingly vanquished.Bound and determined, you continue your journey alone, in Uncharted Land, as the Lone Survivor.",
  "inc": "Midnight Adventures LLC",
  "intalled_count": "5,000",
  "last_update": [
    "July",
    "11",
    " 2018"
  ],
  "name": "The Lone Survivor - Adventure Games & Mystery",
  "offered_by": "Midnight Adventures LLC",
  "permissions": {
    "Phone": [
      "read phone status and identity"
    ],
    "Photos/Media/Files": [
      "read the contents of your USB storage",
      "modify or delete the contents of your USB storage"
    ],
    "Storage": [
      "read the contents of your USB storage",
      "modify or delete the contents of your USB storage"
    ],
    "Device ID & call information": [
      "read phone status and identity"
    ],
    "Other": [
      "view network connections",
      "full network access"
    ]
  },
  "rate": [
    [
      "59",
      "3.9"
    ],
    [
      "32",
      "5"
    ],
    [
      "11",
      "4"
    ],
    [
      "4",
      "3"
    ],
    [
      "3",
      "2"
    ],
    [
      "9",
      "1"
    ]
  ],
  "required_android": "4.1",
  "size": "72",
  "url": "https://play.google.com/store/apps/details?id=com.midnightadventures.lonesurvivorFREE",
  "version": "1.0"
}