{
  "categories": [
    "Educational",
    "Education"
  ],
  "description": "Clean the planet is one of our educational games for kids kindergarten which contains more than ten unique game tasks and levels. Playing interesting educational games for kids nursery included in the Clean the planet, little babies will never get bored because they are going to take care of animals, catch fish for kids, do cleaning house for kids, build a raft and solve other riddles and brainteasers for kids. Main features of the yard games:1) The baby will meet 10+ game levels that differ from each other. But at the same time all the tasks are united by a common line which is ecological way of life, when a person lives as close to nature as possible and in every way helps and maintains it. Every level of the ecology game contains several mini games. Here they are:Country life can hardly be imagined without a household with farm animals for toddler. So, on the first level the kid will feed animals - chickens, pigs, horses. Animals for toddlers are very funny and animated, so your baby will certainly love them. There is a progress bar to be full to jump to the next task. A special good mood for the whole day will be set by fishing for kids in the early morning - so the next level is devoted to fishing. The goal is to catch three fish. All is real - the baby has a fishing rod and even worms, which are trying to escape from the can. Any child dreams of building his or her  own raft and go swimming with his or her friends, overcoming various water obstacle games. In our game this is all possible, including building a raft and overcoming obstacles - hummocks and water lilies.Moving to another place is quite a difficult and exciting adventure, any person does it at least once in the life. Our preschool games for little kids will show your child how moving to another place is generally organized. First, we put things in suitcases (your baby will learn that there are things that can be put in the bags and the things that cannot). Finally, we transport our bags in the lorry via a road, very much resembling a labyrinth game for kids. Clean up house games for kids - after arriving in the new place we see an old house and yard that demand cleaning up and putting in order. The baby will clean one by one the following rooms - a living room, a kitchen, a bathroom and a children's room.Now the house is made up inside, it\u2019s time to clean the house outside - wash the windows and walls, paint the fence, as well as remove the garbage from the yard into the dumpsters.The house and the courtyard are clean and beautiful, let\u2019s play some planting games for kids. We are going to do planting trees games, as trees produce oxygen, provide a shade in the heat, and their leaves rustle pleasantly in the wind.A robot for kids is a great helper for modern people, as it helps us sort the trash and melt various necessary things from secondary raw materials. Moreover, it\u2019s fun to play with it robot games for toddlers!We will not describe the rest of the learning games for kindergarteners. Let them be a pleasant surprise for you and your baby.2) The game is available in several languages - Russian, English, Spanish and others. The puzzles for toddlers are voiced by native speakers with perfect pronunciation and clear diction.3) The game trains fine motor skills, develops imagination, ingenuity, attentiveness, assiduity, memory and other qualities that will help to better learn at school in the future.4) Clean the planet can be downloaded for free. Free games for kids are a real godsend for families with a small budget, as they provide development for babies of high quality without unnecessary financial expenses.",
  "inc": "GoKids!",
  "intalled_count": "10,000",
  "last_update": [
    "August",
    "6",
    " 2018"
  ],
  "name": "Clean the planet - Educational Game for Kids",
  "offered_by": "GoKids!",
  "permissions": {
    "Other": [
      "receive data from Internet",
      "view network connections",
      "full network access",
      "control vibration",
      "prevent device from sleeping"
    ]
  },
  "rate": [
    [
      "31",
      "4.2"
    ],
    [
      "24",
      "5"
    ],
    [
      "1",
      "4"
    ],
    [
      "0",
      "3"
    ],
    [
      "1",
      "2"
    ],
    [
      "5",
      "1"
    ]
  ],
  "required_android": "4.0",
  "size": "59",
  "url": "https://play.google.com/store/apps/details?id=com.gokids.eco2",
  "version": "1.7.5"
}