{
  "categories": [
    "News & Magazines"
  ],
  "description": "Inshorts is a news app that selects latest and best news from multiple national and international sources and summarises them to present in a short and crisp 60 words or less format, personalized for you, in both, English or Hindi. All summarised stories contain only headlines and facts, no opinions, to help you stay informed of the current affairs. Whether it\u2019s the latest government policies or shakeups in bollywood, we get them covered and delivered super fast! Get updated with the latest news and current affairs in a jiffy!Here\u2019s what people say about Inshorts!\tGoogle - Best apps of 2015!\tToI - Made for India to simplify your life!\tBuzzfeed - Makes Indian student\u2019s life easier!Inshorts requires the following permissions. Your privacy is critical for us and the app never uses photos, videos and other media files, make calls, send messages or save and/or distribute device information.\tPhotos/Media Files: The app needs access to the device's storage to save the representational images, so that you have a good experience even without internet connectivity. This is also needed to send the image along with the text when you share a short.\tDevice Information: The app needs the Device ID to identify and solve technical issues.Features:\t\u25c9 Introducing SEARCH for easier access to information\t\t\u2022 Search lets you find any short, recent or old, by simply typing in a keyword in the search box\t\t\u2022 Looking for a particular short, or shorts related to a past/ongoing topic? We got it all covered\t\t\u2022 Our search bot also suggests topics related to your search query, so you stay informed end-to-end\t\u25c9 News Reader \u2013 Read Summaries of All Breaking News\t\t\u2022 Browse through bite-sized 60-word shorts to get updated on the latest news in a short time \t\t\u2022 Now, stories and shorts are also available in Hindi - Just tap to switch languages\t\t\u2022 Original story is just a click away!\t\u25c9 My Feed \u2013 A feed of latest stories, videos and other content personalised only for you!\t\t\u2022 Inshorts intelligently learns your preferences as you swipe, and displays stories personalised for you in \u2018My Feed\u2019\t\u25c9 News Categories - A vast variety in the same app\t\t\u2022 Inshorts curates all types of news and headlines from topics like India, politics, entertainment, business, technology, startups, world, sports and hatke \u2013 all in one place\t\t\u2022 News is sourced from various categories and various sources, making sure that you always get the best\t\t\u2022 Get limited daily notifications for the most important news and breaking news of the day\t\t\u2022 Place our widget on your home screen to browse through headlines\tArticles are sourced from various publishers and news channels like Reuters, Indian Express, PTI, The Guardian, NYT, Outlook, TechCrunch, Sportskeeda and many more.\tInshorts is the fastest way for you to stay updated with current affairs to get ahead and prepare for competitive exams like UPSC, CAT, XAT and other central and state government job exams.\t\u25c9 Share News\t\t\u2022 Facebook, WhatsApp, Reddit, Hike, e-mail and other social platforms are supportedIt doesn\u2019t matter if you\u2019re looking for Bollywood stories, BCCI news, science talk or political news - Inshorts brings all of the day\u2019s news together in one beautifully simple, elegantly quick interface.Read in short, save your time and stay updated with Inshorts. Download today!Support: contact@inshorts.comTerms of Use: http://www.inshorts.com/android/tncAbout Facebook Ads: https://m.facebook.com/ads/ad_choices",
  "inc": "Inshorts",
  "intalled_count": "5,000,000",
  "last_update": [
    "July",
    "27",
    " 2018"
  ],
  "name": "Inshorts - 60 words News summary",
  "offered_by": "Inshorts",
  "permissions": {
    "Location": [
      "approximate location (network-based)"
    ],
    "SMS": [
      "read your text messages (SMS or MMS)",
      "receive text messages (SMS)"
    ],
    "Phone": [
      "read phone status and identity"
    ],
    "Photos/Media/Files": [
      "read the contents of your USB storage",
      "modify or delete the contents of your USB storage"
    ],
    "Storage": [
      "read the contents of your USB storage",
      "modify or delete the contents of your USB storage"
    ],
    "Wi-Fi connection information": [
      "view Wi-Fi connections"
    ],
    "Device ID & call information": [
      "read phone status and identity"
    ],
    "Other": [
      "receive data from Internet",
      "view network connections",
      "full network access",
      "run at startup",
      "use accounts on the device",
      "control vibration",
      "prevent device from sleeping",
      "read Google service configuration"
    ]
  },
  "rate": [
    [
      "318,126",
      "4.6"
    ],
    [
      "234,478",
      "5"
    ],
    [
      "61,974",
      "4"
    ],
    [
      "11,429",
      "3"
    ],
    [
      "3,785",
      "2"
    ],
    [
      "6,460",
      "1"
    ]
  ],
  "required_android": "4.0.3",
  "size": "Varies with devic",
  "url": "https://play.google.com/store/apps/details?id=com.nis.app",
  "version": "4.4.4"
}