{
  "categories": [
    "Arcade",
    "Action & Adventure"
  ],
  "description": "Adventure Time meets Ski Safari! Shred the slopes of Ooo with Finn or BMO in this endlessly fun downhill adventure.SKI WITH YOUR BUTTSlide your way through Ice Kingdom, Fire Kingdom, Candy Kingdom, the Forbidden Dungeon, and the Mystery Mountains to outrun a relentless avalanche!MATHEMATICAL COSTUMES Dress Finn up like a zombie, put on his pajamas, go as Prince Hotbod, and more! Check out the shop for boosts, upgrades, and vehicles. GRAB YOUR FRIENDS Hitch a ride with Jake, LSP, Marceline, Princess Bubblegum, Rainicorn, Ice King, Gunter, and many more! STUNT IT UP Perform flippin\u2019 awesome tricks and ride wild animals to build up your combo meter! The fun will never end! It\u2019s SKI SAFARI ADVENTURE TIME! ********************************** If you're having any problems with this app, feel free to contact us at advanced.platforms@turner.com. Tell us about the issues you're running into as well as what device and OS version you're using. ********************************** IMPORTANT CONSIDERATIONS: This app includes the option for adults to unlock or buy additional in-game items with real money to enhance game play, ranging from $0.99 to $12.99 USD (or equivalent amount in the applicable regional currency). You may disable in-app purchases by adjusting your device settings. This app may contain ads that feature other products, services, shows or offers from Cartoon Network & our partners.PRIVACY INFORMATION: Your privacy is important to us at Cartoon Network, a division of Turner Broadcasting System, Inc. This game collects and uses information as described in Cartoon Network\u2019s Privacy Policy linked below. This information may be used, for example, to respond to user requests; enable users to take advantage of certain features and services; personalize content; serve advertising; perform network communications; manage and improve our products and services; and perform other internal operations of Cartoon Network web sites or online services. Our privacy practices are guided by data privacy laws in the United States. For users residing in the EU or other countries outside the U.S., please note that this app may use persistent identifiers for game management purposes. By downloading this application, you accept our Privacy Policy and End User License Agreement, and you give permission for such uses for all users of your device. The Privacy Policy and End User License Agreement are in addition to any terms, conditions or policies imposed by your wireless carrier and Google, Inc. Cartoon Network and its affiliates are not responsible for any collection, use, or disclosure of your personal information by Google or your wireless carrier. Terms of Use: http://www.cartoonnetwork.com/legal/termsofuse.html Privacy Policy: http://www.cartoonnetwork.com/legal/privacy/mobile.html",
  "inc": "Cartoon Network",
  "intalled_count": "100,000",
  "last_update": [
    "October",
    "7",
    " 2014"
  ],
  "name": "Ski Safari: Adventure Time",
  "offered_by": "Cartoon Network",
  "permissions": {
    "Photos/Media/Files": [
      "read the contents of your USB storage",
      "modify or delete the contents of your USB storage"
    ],
    "Storage": [
      "read the contents of your USB storage",
      "modify or delete the contents of your USB storage"
    ],
    "Wi-Fi connection information": [
      "view Wi-Fi connections"
    ],
    "Other": [
      "view network connections",
      "full network access",
      "prevent device from sleeping",
      "Google Play license check"
    ]
  },
  "rate": [
    [
      "48,755",
      "4.5"
    ],
    [
      "36,785",
      "5"
    ],
    [
      "6,729",
      "4"
    ],
    [
      "2,300",
      "3"
    ],
    [
      "967",
      "2"
    ],
    [
      "1,974",
      "1"
    ]
  ],
  "required_android": "2.3",
  "size": "9.3",
  "url": "https://play.google.com/store/apps/details?id=com.turner.atskisafari",
  "version": "1.5.2"
}