{
  "categories": [
    "Racing",
    "Action & Adventure"
  ],
  "description": "Race & drift the auto bike gears hard & hold your breath to perform amazing stunts on tracks as a true roadie! Indulge in the most awaited Grand Auto City Bike Drive challenging adventure game. Drive crazy bike to feel the spine-tingling on treacherous tracks by drifting and jumping high. Extreme stunts on mega ramp will let you accord to drive the crazy bike on impossible paths. Crazy ride along picturesque grand tracks by drifting through the flexible & comfortable steering wheel of the real bike. You can control racing speed on challenging tracks to become a super rider in stunt grand city.  Execute plan for serious stunts and sprint to the finish line reckless way. The impenetrable challenging ride is going to happen in city Gt. Ride the bike over the designated Moto stunts track & jump through the buildings. There is no speed limit just focus on precision & accuracy on trail. Handle the grip on a motorbike for few road rashes on your way. Enjoy the most realistic drive of a motorbike on sharp edge paths. Being an elite rider just accomplish the best racing action of 2k18 and drive bike amazingly to get a victory in the fastest lane of all. Grand auto city bike drive is all about to feel the extreme intensity of incredible & breathtaking missions. So brace yourself for fast action-paced stunt bike racing game and feel free to jump from high tracks. Just focus on time & try to achieve the destination point in a short interval. Don\u2019t let yourself down just drive fast and attain the target in time trial mode. Select your favorite dirt auto bike & enjoy the highly detailed environment & extreme finest textures of graphics Grand Auto City Bike Drive Features:\u2022    Realistic and mind-blowing Bike Drive environment\u2022    Awesome stunt & intuitive tracks\u2022    Marvelous 3D graphics of Moto bike\u2022    Top-notch sound effects\u2022    Real life visual effects of grand city racing\u2022    Unique auto bike collection \u2022    User-friendly UI & gameplay\u2022    Extreme stunt actions for entertainment This will be worth playing for all kind of bike lover gamers. Compete time trail mode by achieving the level completion target on different freestyle slopes in beautiful city GT.  Let\u2019s download the Grand Auto City Bike Drive game & play to feel the real-time action on sharp & narrow curvy trails.",
  "inc": "The Game Max  Studio",
  "intalled_count": "5,000",
  "last_update": [
    "July",
    "11",
    " 2018"
  ],
  "name": "Grand Auto City Bike Drive",
  "offered_by": "The Game Max  Studio",
  "permissions": {
    "Location": [
      "approximate location (network-based)",
      "precise location (GPS and network-based)"
    ],
    "Wi-Fi connection information": [
      "view Wi-Fi connections"
    ],
    "Other": [
      "view network connections",
      "full network access",
      "control vibration",
      "prevent device from sleeping"
    ]
  },
  "rate": [
    [
      "14",
      "3.8"
    ],
    [
      "9",
      "5"
    ],
    [
      "0",
      "4"
    ],
    [
      "1",
      "3"
    ],
    [
      "1",
      "2"
    ],
    [
      "3",
      "1"
    ]
  ],
  "required_android": "4.3",
  "size": "44",
  "url": "https://play.google.com/store/apps/details?id=com.gms.moto.bike.stunt",
  "version": "1.0.1"
}