{
  "categories": [
    "Lifestyle",
    "Pretend Play"
  ],
  "description": "\ud83c\udf1f Are you searching for perfect doll house decorating games for girls? Have you always imagined your dream house and now you need a fantastic girly app to create it? This is your lucky day! Our new baby doll house design games will give you everything you need to design and decorate the room from your dreams! These fabulous \u201cgames for girls\u201d provide you with a variety of dollhouse miniatures and doll house decoration items which you can use to create a magnificent house that you have always dreamed of. Use these brand new doll house plans to create interior designs so beautiful that they will amaze all your friends! Check out for yourselves why our new dollhouse games for girls belong among some of the best free baby doll games on the market. Download \ud83d\udc9a Baby House Decoration Games \ud83d\udc9a now and let the magic begin! \ud83d\udc8e Enter your new virtual home and pick a room to design!\ud83d\udc8e Meet your new friends \u2013 cute baby dolls and even cuter pets!\ud83d\udc8e Create a \u201cbaby doll\u201d living room, bedroom, dining room or bathroom \u2013 develop whatever home design plan you want!\ud83d\udc8e Match and mix various dollhouse furniture items and house decorations to create beautiful rooms!\ud83d\udc8e Extremely easy to use: just touch the items and drag them wherever you want.\ud83d\udc8e Take a photo, share it across all social networks and boast of you \u201cdream home\u201d!\ud83d\udc8e All this and much more awaits you only in \ud83d\udc9a Baby House Decoration Games \ud83d\udc9a free of charge! \ud83c\udf1f If you are looking for the best house design games where you can create a magnificent baby doll house, you are at the right place! Our amazing dream home games enable you to practice and show off your interior designer skills and dazzle all your friends with your talent for house decoration. Create your own princess castle exactly like you always imagined it! Have fun with these outstanding \u201cdollhouse games\u201d for girls and compete with your friends who will create a more beautiful dollhouse. Make your baby princess happy and decorate a girly bedroom and a family living room from your dreams! With our house decoration games you can even create a special playhouse for kids and pets in your baby doll dream house. Enjoy our new free \ud83d\udc9a Baby House Decoration Games \ud83d\udc9a  and create wonderful dollhouse designs which will be admired by everybody! \ud83c\udf1f Are you a baby doll house fan? Do you like playing fantastic dollhouse design games free of charge? We are sure that you will love our new \ud83d\udc9a Baby House Decoration Games \ud83d\udc9a! Create an outstanding dream-like doll house with ease by using our new doll house decorating games free! These room designing games for kids offer you beautiful home items and dollhouse kits with which you can design a magnificent baby doll dream house. Create a unique \u201cdollhouse design\u201d and show your creativity and talent to the world! Download this fantastic dollhouse game for girls now and have fun creating dream homes whenever and wherever you like! Become a famous doll house decorator and designer for free! \ud83c\udf1f Do you have an ambition of becoming an expert at decorating houses? Do you have wonderful dollhouse decoration ideas? Our new \u201cbaby doll games\u201d are the perfect first step towards your goal! Practice your decoration skills by creating a modern looking living room or a fancy dining room at your own \u201cprincess castle\u201d for free. This dollhouse \u201cdecoration game\u201d offers you gorgeous furniture, baby doll accessories, flowers and paintings which you can use to decorate your baby dolls dream house with ease. All you need to do is relax, see the picture of your dream home in your mind, open our free \u201cdoll house games\u201d for girls and start the wonderful process of creation. Download our new \ud83d\udc9a Baby House Decoration Games \ud83d\udc9a now and have fun creating fantastic dollhouse designs for free!",
  "inc": "Fashion Queen Apps",
  "intalled_count": "100",
  "last_update": [
    "August",
    "2",
    " 2018"
  ],
  "name": "Baby House Decoration Games",
  "offered_by": "Fashion Queen Apps",
  "permissions": {
    "Photos/Media/Files": [
      "read the contents of your USB storage",
      "modify or delete the contents of your USB storage"
    ],
    "Storage": [
      "read the contents of your USB storage",
      "modify or delete the contents of your USB storage"
    ],
    "Other": [
      "view network connections",
      "full network access"
    ]
  },
  "rate": [],
  "required_android": "4.1",
  "size": "33",
  "url": "https://play.google.com/store/apps/details?id=com.Baby.House.Decoration.Games.Dollhouse",
  "version": "1.0"
}