{
  "categories": [
    "Entertainment"
  ],
  "description": " Sweet Launcher for Girls, a trending launcher app with sweet emoji & GIFs, girly wallpapers, lovely themes, and love caller screen. You can find the most lovely and girly wallpapers, themes, and caller screen in Sweet Launcher for Girls. Decorate your phone with Sweet Launcher for Girls and enjoy the popular love emojis! Sweet Launcher can give you cleaner home screen by sorting apps in folders smartly. You can choose sweet background to fit every special app icons.\ud83d\udc8e\ud83d\udc8e\ud83d\udc8eLove app icons, sweet wallpapers, cute themes are in Sweet Launcher for Girls. You can choose any kind of girly emoji in Sweet Launcher for Girls. Download and Enjoy your girly emoji NOW!\ud83d\udc96\ud83d\udc96\ud83d\udc96Sweet Launcher for Girls \u2013 make your home screen full of love and sweet!TOP FEATURES \ud83c\udfa8Girly Emoji Love emojis and GIFs help you to express your love to your friends and family. Find plenty of lovely, girly and cute emojis in Sweet Launcher for Girls!\ud83c\udfa8Lovely themeSweet Launcher for Girls with lovely themes to decorate your phone, which makes everything in your phone sweet!\ud83c\udfa8Gorgeous wallpapers Girly and beautiful wallpapers give your phone the most lovely look ever! You can express your character through changing your favourite wallpapers very day.\ud83c\udfa8Love Call Screen  Stylish and lovely caller screen themes are available in Sweet Launcher for Girls. Download and farewell to the boring default incoming call interface!\ud83c\udfa8Cool 3D Effect  Sweet Launcher will give you a magic 3D animation effect for each transition.What\u2019s more of Fun Launcher\ud83d\udd10 SafeProtect your privacy by App Lock & Hide Apps - locking and hiding secret apps\ud83c\udf2aSmoothSpeed up your phone by Boost+ & Boost - 1-tap boost and deep boost your phone, save more batteryCleaner your phone by Junk Cleaner & Notification Cleaner - clean all junk and junk messageCool down your pone by CPU Cooler - cool down your phone anytime and anywhere\ud83d\udcf1OrderedNotify your message by Unread Message - never miss any notification about your apps on screenIdentify your screen by Desktop Settings - provide many kinds of icons, font styles and grid of apps on screenManager your screen by Screen Manager - add or reduce your screens and change the location and layout of screensOrganize your apps by Smart Folder - automatically organize your apps into folders\ud83c\udfaeEntertainment Have more fun in your leisure time with Online Games - there are more than 20 amazing online H5 games for you\ud83d\udd27Useful Tools- Widget gives a quick access to system and launcher widgets- Weather provides accurate weather forecast and give your life more convenience- Notification toolbar contains access to Wi-Fi, data, flashlight, boost, CPU cooler and battery- Search bar with google search engineEnjoy special girly home screen with Sweet Launcher for Girls now!Contact us:feedback.sweetphone@outlook.comNOTICE: Sweet Launcher wii change your default home screen, and it can be cleared in the settings. The search feature in our launcher uses Google Search.",
  "inc": "Color Phone Studios",
  "intalled_count": "1,000,000",
  "last_update": [
    "July",
    "20",
    " 2018"
  ],
  "name": "Sweet Launcher for Girls",
  "offered_by": "Color Phone Studios",
  "permissions": {
    "Device & app history": [
      "retrieve running apps",
      "read your Web bookmarks and history"
    ],
    "Identity": [
      "find accounts on the device",
      "add or remove accounts"
    ],
    "Contacts": [
      "find accounts on the device",
      "read your contacts"
    ],
    "Location": [
      "approximate location (network-based)",
      "precise location (GPS and network-based)"
    ],
    "SMS": [
      "read your text messages (SMS or MMS)",
      "receive text messages (SMS)"
    ],
    "Phone": [
      "directly call phone numbers",
      "read call log",
      "read phone status and identity"
    ],
    "Photos/Media/Files": [
      "access USB storage filesystem",
      "read the contents of your USB storage",
      "modify or delete the contents of your USB storage"
    ],
    "Storage": [
      "read the contents of your USB storage",
      "modify or delete the contents of your USB storage"
    ],
    "Camera": [
      "take pictures and videos"
    ],
    "Wi-Fi connection information": [
      "view Wi-Fi connections"
    ],
    "Device ID & call information": [
      "read phone status and identity"
    ],
    "Other": [
      "choose widgets",
      "run the application's scheduled background work",
      "bind to a notification listener service",
      "update component usage statistics",
      "read historical network usage",
      "close other apps",
      "adjust your wallpaper size",
      "modify secure system settings",
      "read Home settings and shortcuts",
      "receive data from Internet",
      "view network connections",
      "pair with Bluetooth devices",
      "access Bluetooth settings",
      "send sticky broadcast",
      "change network connectivity",
      "connect and disconnect from Wi-Fi",
      "delete all app cache data",
      "disable your screen lock",
      "expand/collapse status bar",
      "control flashlight",
      "measure app storage space",
      "full network access",
      "close other apps",
      "change your audio settings",
      "read sync settings",
      "run at startup",
      "reorder running apps",
      "set wallpaper",
      "draw over other apps",
      "control vibration",
      "prevent device from sleeping",
      "modify system settings",
      "toggle sync on and off",
      "write web bookmarks and history",
      "install shortcuts"
    ]
  },
  "rate": [
    [
      "9,929",
      "4.7"
    ],
    [
      "8,327",
      "5"
    ],
    [
      "701",
      "4"
    ],
    [
      "373",
      "3"
    ],
    [
      "86",
      "2"
    ],
    [
      "442",
      "1"
    ]
  ],
  "required_android": "4.1",
  "size": "14",
  "url": "https://play.google.com/store/apps/details?id=com.sweet.emoticon.love.screen",
  "version": "1.0.3"
}