{
  "categories": [
    "Sports",
    "Action & Adventure"
  ],
  "description": "Watch the Kids' Choice Sports Awards broadcast on Nickelodeon and use the SCREENS UP app to deliver an eye-popping augmented reality experiences tied directly to your TV.SCREENS UP is Nickelodeon\u2019s \u201cengagement hub\u201d, offering not only augmented experiences synced to Nickelodeon\u2019s big TV moments, but also a place to play with fun AR stickers and mini-games. Many more features to come! Current Features:During Nickelodeon\u2019s \u201cAugmented TV\u201d Events:Dynamic, interactive AR experiences tied right to the TV!\u201cUnlock\u201d custom AR stickers by watching the event!Vote on the outcome or affect the show - all through the app!Play trivia, polls, games all synced to the broadcastPlay anytime, anywhere!Place AR stickers of Nick\u2019s most popular character into your world - new stickers released each week!Take pics with your favorite characters, or hold them in the palm of your hand!Add Nickelodeon Slime to your world IRL (without the mess)Play mini AR games! Additional games coming soon!How It Works:Nickelodeon will let you know when a SCREENS UP experience is tied to an upcoming show or eventTune into that program on the Nickelodeon channel in your local areaDownload the SCREENS UP app and have it open while watching the showWhen prompted, activate the camera icon and lift your \u201cscreen up\u201d to the TVWatch, interact, play with some awesome moments synced to your TV!Play with our AR Stickers and games between TV moments!When using the app without TV, you can still play with the AR Stickers and Mini-games!Compatibility:The SCREENS UP app by Nickelodeon was specifically designed to work on as many devices as possible, optimized to work on the following:Samsung Galaxy S6/S6 Edge/S6 Edge+, S7/S7 Edge, S8/S8 Plus, A5, A8+, S9/S9+Samsung Galaxy Note 5 - Exynos / Note 8Xiaomi Redmi 3SGoogle Pixel /XL, Pixel 2/XL, Nexus 6POPPO R9s Plus, R11/R11tMotorola Moto G4Huawei Mate 10, P10LG V30+, G6Sony Xperia Z5, XZSCREENS UP collects personal user data as well as non-personal user data (including aggregated data). User data collection is in accordance with applicable law, such as COPPA. User data may be used, for example, to respond to user requests; enable users to take advantage of certain features and services; personalize content and advertising; and manage and improve Nickelodeon's services. For more information regarding Nickelodeon\u2019s use of personal user data, please visit the Nickelodeon Group Privacy Policy below. Our Privacy Policy is in addition to any terms, conditions or policies agreed to between you and Google, Inc., and Nickelodeon and its affiliated entities are not responsible for Google's collection or use of your personal user data and information.   Additionally, this App may use \u201clocal notifications.\u201d Local notifications are sent directly from the App to your device (you don\u2019t need to be connected to the Internet) and may be used to notify you of new content or events within your App, among other reasons. Use of this app is subject to the Nickelodeon End User License Agreement.End User License Agreement: http://www.nick.com/nick-eula/Privacy Policy: http://www.nick.com/privacy-policy/The End User License Agreement for this app includes arbitration for disputes\u2013see FAQs: http://www.nick.com/faqs/The Screens Up App uses Vuforia software for the AR experience. Vuforia collects certain data listed here: https://developer.vuforia.com/legal/statistics. By installing this app you are consenting to the collection, storage and use of such data by PTC, its affiliates and service providers for the purposes of providing the Vuforia software, facilitating creation of new products, updates, enhancements and other services, improving the software, and other products, services and technologies, and providing new products, services or technologies to customers of PTC or its affiliates. Please do not use camera-based app while driving, walking, or otherwise by being distracted or disoriented from real-world situations.",
  "inc": "Nickelodeon",
  "intalled_count": "10,000",
  "last_update": [
    "July",
    "18",
    " 2018"
  ],
  "name": "SCREENS UP by Nickelodeon",
  "offered_by": "Nickelodeon",
  "permissions": {
    "Photos/Media/Files": [
      "read the contents of your USB storage",
      "modify or delete the contents of your USB storage"
    ],
    "Storage": [
      "read the contents of your USB storage",
      "modify or delete the contents of your USB storage"
    ],
    "Camera": [
      "take pictures and videos"
    ],
    "Other": [
      "receive data from Internet",
      "view network connections",
      "control flashlight",
      "full network access",
      "draw over other apps",
      "prevent device from sleeping"
    ]
  },
  "rate": [
    [
      "432",
      "3.3"
    ],
    [
      "231",
      "5"
    ],
    [
      "8",
      "4"
    ],
    [
      "13",
      "3"
    ],
    [
      "16",
      "2"
    ],
    [
      "164",
      "1"
    ]
  ],
  "required_android": "5.0",
  "size": "95",
  "url": "https://play.google.com/store/apps/details?id=com.mtvn.screensup",
  "version": "1.0.1507"
}