{
  "categories": [
    "Education",
    "Pretend Play"
  ],
  "description": "Welcome to Miga TownYou can define the dress-up, hairstyle and magical makeup in the game depending on your preferences. Show your unique charm and write down your own story!No rules and no scores in the game!CreationWhy not try out all your new interests and ideas in the Miga My Town? You can change your wears or dye your hair in any color as you like. You can also create a friend and go with him/her to explore unknown places and look for hidden treasures. you can choose from tens of billions of changes and combine these at your own will.Adventure & DiscoveryWe\u2019ve designed 6 main scenes and 36 initial roles. You can do your hair in a barbershop or enjoy a SPA in a salon equipped with advanced technologies. If you feel tired, you can drive your lovely car to a beach for relaxing yourself or satisfying your stomach.FeaturesSix scenes: Beach Food Street, Clothing Store, Apartment, Hair salon, SPA Salon and Car YardBeach Food Street: You can play beach volleyball or explore for mysterious treasures in the island with your friends. Don\u2019t lose yourself in delicacies or eat too much, or your stomach will complain.Clothing Store: You can buy whatever you like and try them on.Apartment: You can go back home at any time, or invite your grandparents to have dinner together or have a partyHair Salon: Take your friends to make a desired hairstyle, and the customized color scheme will make you become more attractive.SPA Salon: Go with your friend(s) for a facial SPA and have a good rest. More customized make-ups are available here.Car Yard: Let your lovely car have a shower after a journey! Diversified game-play is up to you.--Give full play to children\u2019s creativity--Tens of billions of customized modes--No third-party advertising--No time limit or score ranking listcontact us\uff1axihe@xihegame.com",
  "inc": "XiHe Digital (GuangZhou) Technology Co., Ltd.",
  "intalled_count": "10,000",
  "last_update": [
    "August",
    "1",
    " 2018"
  ],
  "name": "Miga Town",
  "offered_by": "XiHe Digital (GuangZhou) Technology Co., Ltd.",
  "permissions": {
    "Other": [
      "full network access"
    ]
  },
  "rate": [
    [
      "864",
      "4.5"
    ],
    [
      "716",
      "5"
    ],
    [
      "23",
      "4"
    ],
    [
      "38",
      "3"
    ],
    [
      "15",
      "2"
    ],
    [
      "72",
      "1"
    ]
  ],
  "required_android": "4.1",
  "size": "33",
  "url": "https://play.google.com/store/apps/details?id=com.miga.mytown",
  "version": "1.3"
}