{
  "categories": [
    "Health & Fitness"
  ],
  "description": "Finally, the bible of bodyweight exercises can be kept in the palm of your hand!Based on the best selling book by Mark Lauren, the bodyweight exercises in this app have been used to create society\u2019s leanest, strongest, most confident people.  Mark honed his program for a decade while preparing nearly a thousand soldiers for the extreme demands of the most elite levels of the U.S. Special Operations.Use this mobile companion to reference over 200 different body weight exercises!Need to spice up your workouts? Mark Lauren's proven training techniques are now available to you in the form of timers for Tabatas, Supersets, Stappers, Interval Sets, and Ladders. Let Mark Lauren guide you through workouts and tell you exactly when to workout and when to rest. Get into shape with as little as 30 minutes a day!The app installs with a comprehensive photo library of over 200 different bodyweight exercises.  By installing the FREE 'YAYOG Video Pack' app from Google Play you get access to high quality video of Mark demonstrating every exercise.  The video plays during workouts to help you keep your form as you exercise.This app also integrates with the 'Mark Lauren's DVD' series of apps on Google Play (available to purchase separately) to give you access to full video workouts.  The warm-up and cool down videos are available for FREE, the circuits, timed sets and ladders packs are available as separate purchases at three different difficulty levels (Novice, Intermediate and Advanced).You can keep up to date with development on the YAYOG app for Android through the 'YAYOG Android App Beta' community on Google+.  There you can also sign up to the beta testing program to receive the latest beta test version automatically on your device via Google Play.",
  "inc": "Leafcutter Studios",
  "intalled_count": "100,000",
  "last_update": [
    "March",
    "8",
    " 2017"
  ],
  "name": "You Are Your Own Gym by Mark Lauren",
  "offered_by": "Leafcutter Studios",
  "permissions": {
    "Photos/Media/Files": [
      "read the contents of your USB storage",
      "modify or delete the contents of your USB storage"
    ],
    "Storage": [
      "read the contents of your USB storage",
      "modify or delete the contents of your USB storage"
    ],
    "Wi-Fi connection information": [
      "view Wi-Fi connections"
    ],
    "Microphone": [
      "record audio"
    ],
    "Other": [
      "receive data from Internet",
      "view network connections",
      "full network access",
      "prevent device from sleeping",
      "Google Play license check"
    ]
  },
  "rate": [
    [
      "3,592",
      "4.6"
    ],
    [
      "2,751",
      "5"
    ],
    [
      "520",
      "4"
    ],
    [
      "145",
      "3"
    ],
    [
      "70",
      "2"
    ],
    [
      "106",
      "1"
    ]
  ],
  "required_android": "Varies with",
  "size": "Varies with devic",
  "url": "https://play.google.com/store/apps/details?id=com.leafcutterstudios.yayog",
  "version": "Varies with device"
}