{
  "categories": [
    "Photography"
  ],
  "description": "Quickly combine multiple photos into one beautifully framed picture!  Be creative and get all the angles, capture all the looks, see all the faces together in one layout with the Pic Stitch collage maker.Pic Stitch packs a simple design with a powerful editor to give you everything you could possibly want to make your photo's even more amazing. Creating a grid layout is easy! Choose from hundreds of layouts, or make your own. Take pics with your camera directly from the app, or choose from your albums or Facebook. Use your fingers to scale, crop, rotate, and adjust pics in your layout. Apply dozens of filters and custom effects.Save your collages to your album, or share your masterpiece on your favorite social media networks including Facebook, Twitter and Instagram. You can also order prints from your local Walgreens for in-store pickup directly from the app. Use Pic Stitch to create a before-and-after sequence, combine great photos of you family and friends, or produce a photographic series. This is a must-have tool for fashion bloggers, foodies, and professionals too!* Collage Features * - Over 245 different layouts, or create your own custom layout.- Get one free layout a day through our promotion, or unlock them all with the Frames Add-On Pack.- Choose photos from your albums, Facebook, Google, Dropbox, or take new pictures directly with your camera.- 15 different photo aspect ratios including 1x1, 4x6, 3x4, 5x7, 9x16, and more.- Easy to use interface.* Editing Features * - Dozens of photo effects and filters, customize your own effects.- Pan, rotate, flip, mirror and zoom to manipulate your images.- Customize photo borders with the Borders Add-On Pack. Change the thickness, rounded corners, color, or use a custom image for the border.- Save, load, and work on multiple Pic Stitch projects with ease.* Export Features * - Share onto Facebook, Twitter, Instagram, Pinterest, Whatsapp, Path and more.- Export to Dropbox, Evernote or any other installed application that will accept JPEG images. - Save to photo album.- Share via email.- High resolution export for quality on newer devices.- Order prints to be picked up at Walgreens in about an hour with QuickPrints.",
  "inc": "Big Blue Clip LLC",
  "intalled_count": "1,000,000",
  "last_update": [
    "July",
    "24",
    " 2018"
  ],
  "name": "Pic Stitch - #1 Collage Maker",
  "offered_by": "Big Blue Clip LLC",
  "permissions": {
    "Identity": [
      "find accounts on the device"
    ],
    "Contacts": [
      "find accounts on the device",
      "read your contacts"
    ],
    "Location": [
      "approximate location (network-based)"
    ],
    "Photos/Media/Files": [
      "read the contents of your USB storage",
      "modify or delete the contents of your USB storage"
    ],
    "Storage": [
      "read the contents of your USB storage",
      "modify or delete the contents of your USB storage"
    ],
    "Camera": [
      "take pictures and videos"
    ],
    "Wi-Fi connection information": [
      "view Wi-Fi connections"
    ],
    "Other": [
      "receive data from Internet",
      "view network connections",
      "full network access",
      "run at startup",
      "use accounts on the device",
      "control vibration",
      "prevent device from sleeping"
    ]
  },
  "rate": [
    [
      "15,426",
      "4.2"
    ],
    [
      "9,679",
      "5"
    ],
    [
      "2,523",
      "4"
    ],
    [
      "1,174",
      "3"
    ],
    [
      "598",
      "2"
    ],
    [
      "1,452",
      "1"
    ]
  ],
  "required_android": "5.1",
  "size": "50",
  "url": "https://play.google.com/store/apps/details?id=com.bigblueclip.picstitch",
  "version": "3.8.3"
}