{
  "categories": [
    "Social"
  ],
  "description": "*Create your own custom greeting cards*500+ images and clips for use*Share your work with friends via Facebook, Email, MMS, Google+, Twitter and any sharable Media*Save your greetings in SD Card*Use ready-made greetings for wishing*Tons and tons of exclusive add on packs to download for all occationsThe best Greeting Card Maker App in the Android Market. Easily Create your own exotic Greetings or choose a Ready made greeting and Share your work with friends via Facebook, Email, MMS, Google+, Twitter or any other social network, and any sharable Media.AVAILABLE PACKS:*Birthday - Wish by sending cute birthday greeting cards to our dear ones.*Christmas - Getting ready for Christmas? First thing to do is to send Christmas cards. Make and send your own Christmas cards.*I Love You pack - Love is the most wonderful of all feelings in this world. Express your love to your dear ones by sending memorable greetings.*Miss You pack - Miss your friends? Dear ones? Family? Send them a miss you greeting and let them know that you really miss them.*Thank you - The help may be small or big. Sending a thanks greeting surely does strengthen your relationship.*Thanks Giving - Wish your friends and family for Thanks Giving.*Party Invitation - Create your own party invitations and invite everyone with awesome greetings.*Newborn & Baby Shower - Invite and let everyone know about your cute new borns & invitation for Baby Shower celebrations*Anniversary - Lets wish the sweet couples in our family and friends for their wedding Anniversary.*Good Luck - Wish your friends luck in your own unique way by creating and sending custom Good Luck Greetings.*Wedding - Invite your friends and family to your Wedding by creating and sending your own Wedding Greeting.*Sorry - Ever hurt your dear ones? Say Sorry to them by sending a Sorry Greeting.*Good Bye - Send your own Bon Voyage/Happy Journey Greetings to your friends and bid them Good Bye.*Congrats - Time to congratulate our dear and near ones for their success by sending cute greetings.*Friends - Let your Friends know how much their friendship means to them. Keep in touch with friends by sending your own Friendship Greetings.*Halloween - Halloween fever is on!!! Time to threaten your friends and family with spooky Halloween cards.. *Pongal Add on - Celebrate Pongal festival sending sweet Pongal cards to friends and family  *Valentine's Day Pack - Time to impress your valentine with much expressive Greeting cards on this beautiful occasion. *Easter Pack - With Easter coming up soon, start sending cute Easter cards to everyone you love!!!*Holi Pack - Splash a lot of colors and celebrate Holi sending colorful Holi cards.SPECIAL FEATURES:*Create exquisite greetings in minutes.*New Bonus Packs made available for every festive occasion\t(NewYear, Pongal, Valentine's Day, Chinese New Year, Christmas, Thanks Giving, Halloween, Seasons greeting, etc.)*New Images and Clips constantly updated*Choose from a wide range of ready-made greetings*Very easy to use.For any queries, suggestions or pack requestsMAIL TO support@timeplusq.comFor Terms & Condtions and more www.thegreetingcardmaker.comMerry Christmas & Happy NewYear",
  "inc": "Time Plus Q Games",
  "intalled_count": "500,000",
  "last_update": [
    "December",
    "3",
    " 2015"
  ],
  "name": "Greeting Card Maker",
  "offered_by": "Time Plus Q Games",
  "permissions": {
    "Device & app history": [
      "read your Web bookmarks and history"
    ],
    "Photos/Media/Files": [
      "read the contents of your USB storage",
      "modify or delete the contents of your USB storage"
    ],
    "Storage": [
      "read the contents of your USB storage",
      "modify or delete the contents of your USB storage"
    ],
    "Wi-Fi connection information": [
      "view Wi-Fi connections"
    ],
    "Other": [
      "view network connections",
      "full network access",
      "run at startup",
      "draw over other apps",
      "write web bookmarks and history",
      "install shortcuts",
      "uninstall shortcuts"
    ]
  },
  "rate": [
    [
      "5,592",
      "4.0"
    ],
    [
      "3,052",
      "5"
    ],
    [
      "1,154",
      "4"
    ],
    [
      "515",
      "3"
    ],
    [
      "279",
      "2"
    ],
    [
      "592",
      "1"
    ]
  ],
  "required_android": "2.3",
  "size": "16",
  "url": "https://play.google.com/store/apps/details?id=com.timeplusq.greetings",
  "version": "3.91"
}