{
  "categories": [
    "Simulation",
    "Pretend Play"
  ],
  "description": "Kids loves to play kids shopping game. Let\u2019s go to Bank teller and supermarket cash register manager to learn kid\u2019s ATM machine simulator. Have you ever wonder how a real ATM machine works. In this trendy kids shopping simulator game you will learn to handle an ATM Machine for free kids shopping game. Learn the art of being an efficient Bank Teller and ATM Cash register manager. It\u2019s a good learning for kids.Before going for a bulky kids shopping simulator, move to city bank. Use Kids ATM machine simulator for withdrawing money for kids shopping game. Take control of the automated cash machine, use credit card or debit card. Have fun learning with money calculations. Let your parents teach you to handle amazing ATM machine learning game. You can go to kids bank for applying a kids checking account. Apply for debit card and credit cards. Bank manager will help you in this kids shopping game. Come on and let\u2019s have your own bank account. Withdraw money from cash machine and head towards the city shopping mall cashier & toy store. Enjoy your perks in mobile banking and use your credit cards for online shopping simulator. This ATM machine simulator is similar as cash register handling. The bank teller will ease your task in checking account balances and withdrawing money from cash machine simulator vault. This Kids ATM machine simulator is a kids learning game. Kids shopping mall cashier will learn to operation basics of an automated bank teller machines. Be your own cash manager and perform only work on all transaction and show you mama & papa your learning skills. Pretend like a Bank manager of & kids supermarket cash register handling expert. Use ATM simulator and cash machine to take out money, deposit cash, submit utility bills and keep a check on your balances.Kids ATM Machine Simulator with best supermarket shopping. Kids Shopping Game will let you learn to use ATM machine and withdraw money from Teller & kids supermarket Cash register manager. Insert debit card in the cash machine and enter your pin code. Learn to handle cash machine register management. Withdraw required dollar cash bills and gold coins. Go to the fashion supermarket shopping for be a tycoon cashier. Shop for holiday season. Get toys and grocery from the city shopping mall cashier or mega store.This Kids ATM machine simulator supermarket shopping is a great learning tool for kids and toddlers. Help your kids to learn ATM simulator & Cash machines. It\u2019s a fun to learn as how to get cash and buy toys, yummy fast food, designer clothes, amazing breakfast and sweet candy & cakes. Kids shopping mall will allow you to learn to be the best bank manager of ATM machine simulator to manager their own bank accounts, keep track of transactions and withdrawals, shop for their favorite items. It\u2019s an educational learning fun frenzy mania game.ATM Machine Simulator Gameplay - Kids Shopping Game Features:\ud83d\udcb5 Kids & Toddler Game of All Ages \ud83d\udcb5 Learn to Handle cash Machine \ud83d\udcb5 Withdraw $ Bills & Coins\ud83d\udcb5 Go for kids Shopping game at Mall\ud83d\udcb5 Use Debit/Credit cards for cash",
  "inc": "Wani Games Studios",
  "intalled_count": "1,000",
  "last_update": [
    "July",
    "22",
    " 2018"
  ],
  "name": "ATM Machine Simulator - Shopping Game",
  "offered_by": "Wani Games Studios",
  "permissions": {
    "Photos/Media/Files": [
      "read the contents of your USB storage",
      "modify or delete the contents of your USB storage"
    ],
    "Storage": [
      "read the contents of your USB storage",
      "modify or delete the contents of your USB storage"
    ],
    "Other": [
      "view network connections",
      "full network access"
    ]
  },
  "rate": [],
  "required_android": "4.1",
  "size": "19",
  "url": "https://play.google.com/store/apps/details?id=com.wani.atm.machine.simulator.kids.shopping",
  "version": "1.0"
}