{
  "categories": [
    "Arcade",
    "Action & Adventure"
  ],
  "description": "Show off your cool moves to avoid challenging obstacles, and grab coins and candies along the way! The longer you can run, the more points you can earn!- Play as your favorite Shopkins!- Avoid obstacles by jumping, sliding, and changing lanes- Keep your run going as long as you can to earn distance points- Collect coins, gobble up candies, and pop balloons to earn more points- Soar over Shopville with a Soda Boost!- Complete challenges to increase your ranking- Use coins to unlock new Shopkins!Stay Connected! - Visit our official site at http://www.shopkinsworld.com- Follow us on Twitter https://twitter.com/ShopkinsWorld, Facebook https://www.facebook.com/ShopkinsWorld and Instagram https://instagram.com/shopkins_world - Check out the Shopkins webisodes and videos on Youtube https://www.youtube.com/user/ShopkinsWorldContact us for more information at: http://www.moosetoys.com/about/contact Privacy Policy http://www.moosetoys.com/privacy-policy Terms of Use http://www.moosetoys.com/about/terms-of-useSUPPORTED DEVICESThis app supports devices running Android 4.1 and above.Updates may affect compatibility.2013 Moose. Shopkins logos, names and characters are licensed trademarks of Moose Enterprise.Pty Ltd. All rights reserved.",
  "inc": "Mighty Kingdom",
  "intalled_count": "5,000",
  "last_update": [
    "May",
    "16",
    " 2018"
  ],
  "name": "Shopkins Run!",
  "offered_by": "Mighty Kingdom",
  "permissions": {
    "Other": [
      "full network access"
    ]
  },
  "rate": [
    [
      "110",
      "4.4"
    ],
    [
      "79",
      "5"
    ],
    [
      "16",
      "4"
    ],
    [
      "5",
      "3"
    ],
    [
      "2",
      "2"
    ],
    [
      "8",
      "1"
    ]
  ],
  "required_android": "4.1",
  "size": "51",
  "url": "https://play.google.com/store/apps/details?id=com.mightykingdom.shopkinsrun",
  "version": "1.2.2"
}