{
  "categories": [
    "Education",
    "Education"
  ],
  "description": "An educational game designed especially to introduce your baby or preschooler to learning everyday vocabulary. It\u2019s fun, ad-free, and perfect for children between the ages of 1 and 5.You can learn with your baby, or let them discover a world of fun and colorful characters on their own. This simple yet entertaining game is perfect for introducing your children to the magic of learning.By simply touching the screen, your baby will be able to interact with fun games that will help them learn everyday objects. They\u2019ll also be able to learn colors, animals, numbers, body parts, and much more.Ad-free, this game is ideal for parents and children to play and enjoy together. Playing is so easy that even a baby can do it without the help of an adult.\u2605 FEATURES- Over 100 words to learn.- Super fun games.- Available in over 15 languages.- Adorable graphics and constant free updates.Try it today to enjoy watching your baby learn and have fun at the same time!If you have an idea to make this app even more fun and educational, please don\u2019t hesitate to contact us through our website! Website: www.papumba.comFollow us on Facebook: https://www.facebook.com/papumbagames",
  "inc": "Papumba",
  "intalled_count": "1,000,000",
  "last_update": [
    "December",
    "28",
    " 2017"
  ],
  "name": "First Words for Baby",
  "offered_by": "Papumba",
  "permissions": {
    "Identity": [
      "find accounts on the device"
    ],
    "Contacts": [
      "find accounts on the device"
    ],
    "Photos/Media/Files": [
      "read the contents of your USB storage",
      "modify or delete the contents of your USB storage"
    ],
    "Storage": [
      "read the contents of your USB storage",
      "modify or delete the contents of your USB storage"
    ],
    "Other": [
      "receive data from Internet",
      "view network connections",
      "full network access",
      "run at startup",
      "control vibration",
      "prevent device from sleeping"
    ]
  },
  "rate": [
    [
      "10,645",
      "4.5"
    ],
    [
      "7,126",
      "5"
    ],
    [
      "2,190",
      "4"
    ],
    [
      "717",
      "3"
    ],
    [
      "234",
      "2"
    ],
    [
      "378",
      "1"
    ]
  ],
  "required_android": "4.0.3",
  "size": "37",
  "url": "https://play.google.com/store/apps/details?id=net.fagames.android.papumba.words",
  "version": "1.21"
}