{
  "categories": [
    "Tools",
    "Creativity"
  ],
  "description": "Robot Commander is the official command app from LEGO\u00ae MINDSTORMS\u00ae.  FREE to download on most smart devices; Robot Commander connects via Bluetooth to the EV3 Intelligent Brick.  This easy to use app allows you to interact with your very own EV3 robots without even connecting to a computer!  That means you can play instantly with your own robots!EV3RSTORM \u2013 with integrated voice control software to command EV3RSTORM\u2019s every move.R3PTAR \u2013 at the shake or flick of your wrist, R3PTAR slithers and strikes with cobra-like movements TRACK3R \u2013 at your thumb tips, you control TRACK3R\u2019s mechanical tracks to steer your way out of danger, and hammer, shoot or clear your path using the interchangeable tools.SPIK3R \u2013 pinch control SPIK3R\u2019s clasping claws, whilst the joystick controls forward and side movement, plus a shoot button commands the lightning tail.GRIPP3R \u2013 with the thumb-controlled joystick, steer GRIPP3R to your target and at a touch of a button, lift and carry the item to its destination. Once you\u2019ve enjoyed playing with the 5 EV3 robots, how about creating your own commands using the integrated \u201cCreate & Command your own Robots\u201d widget within the app.  About LEGO MINDSTORMS EV3Create and command robots that do what you want. Unleash the creative powers of the new LEGO MINDSTORMS EV3 set to create and command robots that walk, talk, think and do anything you can imagine. Begin by following the easy, step-by-step 3D building instructions to build one of the 5 cool robot characters and command them with your smart device or the included remote control. If you can think it, LEGO MINDSTORMS EV3 lets you create it.LEGO MINDSTORMS EV3 box is sold separately.  Also available to download on smart devices:LEGO MINDSTORMS 3D Builder - the official 3D building experience from LEGO MINDSTORMSLEGO MINDSTORMS Fix the Factory - the fun & challenging robot puzzle game from LEGO MINDSTORMSLEGO.com/mindstormsFor app support contact LEGO Consumer Service. For contact details refer to http://service.lego.com/contactusOur privacy policy is accepted if you download this app. Read more on http://aboutus.lego.com/en-us/legal-notice/Privacy-Policy LEGO and the LEGO logo are trademarks of the LEGO Group. \u00a92013 The LEGO Group.",
  "inc": "LEGO System A/S",
  "intalled_count": "1,000,000",
  "last_update": [
    "August",
    "24",
    " 2017"
  ],
  "name": "LEGO\u00ae MINDSTORMS\u00ae Commander",
  "offered_by": "LEGO System A/S",
  "permissions": {
    "Location": [
      "approximate location (network-based)"
    ],
    "Phone": [
      "read phone status and identity"
    ],
    "Photos/Media/Files": [
      "read the contents of your USB storage",
      "modify or delete the contents of your USB storage"
    ],
    "Storage": [
      "read the contents of your USB storage",
      "modify or delete the contents of your USB storage"
    ],
    "Microphone": [
      "record audio"
    ],
    "Device ID & call information": [
      "read phone status and identity"
    ],
    "Other": [
      "view network connections",
      "pair with Bluetooth devices",
      "access Bluetooth settings",
      "full network access",
      "draw over other apps",
      "control vibration",
      "prevent device from sleeping"
    ]
  },
  "rate": [
    [
      "12,398",
      "3.9"
    ],
    [
      "7,430",
      "5"
    ],
    [
      "1,370",
      "4"
    ],
    [
      "867",
      "3"
    ],
    [
      "575",
      "2"
    ],
    [
      "2,156",
      "1"
    ]
  ],
  "required_android": "2.3.3",
  "size": "33",
  "url": "https://play.google.com/store/apps/details?id=com.lego.mindstorms.robotcommander",
  "version": "1.0.5"
}