{
  "categories": [
    "Education",
    "Education"
  ],
  "description": "Booksy is a learning-to-read platform for young kids (4-9). It's designed from the ground up to help young children, K through 2nd grade, practice and develop their reading skills.*** FEATURED IN THE NEW YORK TIMES: LEARN TO READ WITH TABLETS ARTICLE!***This edition comes with 3 FREE Books. Books are only in ENGLISH. (A few Spanish books are available and Portuguese is coming).Think of Booksy as training wheels for books. It gives kids independence and security while providing help and support. Watch them glow with pride as they are able to read by themselves and gain independence.Booksy is at its heart a library of age appropriate level-readers. We believe kids WANT to read when to give them fascinating and interesting books. That is why we partnered with experts to create books on topics kids will love. They will not only dive into reading, but with our nonfiction series also learn. Many books are written by experts and PhDs. Beautiful full-color images and illustrations.Common Core aligned! Books on science topics, social science, math and everyday activities.But BOOKSY is so much more. It has amazing features that make learning to read simple and fun. And, it includes powerful tools for parents and teachers to track kids' progress.\u2028\u2028Booksy requires Android 3.0 or higher. For full functionality, it requires a microphone.\u2028It's a TABLET ONLY APP. It has been optimized for most 7 and 10 inch tablets including Nexus 7 and 10.\u2028\u2028Booksy features:\u2022 Kids can tap on ANY word to have it read out loud. Not just the whole page, but the words they find difficulty.\u2022 Quizzes help cement reading comprehension.\u2022 Up to 10 users can be tracked in this editions\u2022 Record reading sessions and track their progress without looking over their shoulder (RECORDING WILL ONLY WORK ON DEVICES THAT SUPPORT THIS FEATURE)\u2028\u2022 Adults/Teachers can track kids' progress in the Parental Dashboard \u2022 Awesome content: level-readers on science topics\u2014not just of literacy, but of science literacy!\u2028\u2022 Motivation engine! Stars, awards and trophies keep kids engaged and coming back for more. Kids get:\u2028\u2043 Stars for every book they finish\u2028\u2043 Stars for every quiz where they get all the answers right\u2028BOOKS AVAILABLE FOR IN APP PURCHASE:\u2028\u2028LEVEL 0 (50-150 words, repetitive structures and words for kids who are just starting to read)\u2028\u2713 Fruits\u2028\u2713 Puppies!\u2028\u2713 Hummingbirds!\u2028\u2713 Snakes!\u2028\u2713 The american Flag\u2028\u2713 Hello Bunny! \u2028\u2713 Pocket Animals\u2028\u2713 Animal Colors\u2028\u2713 Counting Robots\u2028\u2713 All kinds of Fun: The Mc Penguin Brothers\u2028\u2713 Mr. Talbot's vacation\u2028\u2713 Animal Orchestra\u2713 The Four Seasons!\u2028\u2713 Days of the Week\u2028\u2713 Field trip!\u2028\u2713 School is Fun!\u2028\u2713 Tommy's Day\u2028\u2028\u2028LEVEL 1 (150-300 words, simplified structures, for readers who are beginning to venture into reading on their own)\u2028\u2028\u2713 Humpback Whales! \u2028\u2713 Dinosaurs!\u2028\u2713 Volcanos!\u2028\u2713 Exploring Mars!\u2028\u2713 Chimpanzees! \u2028\u2713 Emperor Penguins! \u2028\u2713 Insects! \u2028\u2713 Solar System! \u2028\u2713 Elephants! \u2028\u2713 In a Jam! \u2028\u2713 Bacteria\u2028\u2713 Plants\u2028\u2713 The Ojibwe\u2028\u2713 The President of the United Stated\u2713 Ponies\u2028\u2713 Caterpillar to Butterfly\u2028\u2713 Rhymes & Poems 1\u2028\u2713 The Ugly Duckling\u2028\u2713 The Tortoise & the Hare\u2028\u2713 The Ant & the Grasshopper\u2028\u2713 Jack & the Beanstalk\u2028\u2713 Little Red Riding Hood\u2028\u2713 Water!\u2028\u2713 The Moon\u2028LEVEL 2 (300-500 words) \u2028\u2713 Dolphins!\u2028\u2713 Global Warming\u2028\u2713 Chocolate!\u2028\u2713 Flowers!\u2028\u2713 George Washington & the revolutionary war\u2028\u2713 Thomas Jefferson & the Declaration of Independence\u2028\u2713 The pilgrims & the First Thanksgiving\u2028\u2713 The Beaty & the Beast\u2028\u2713 Pinocchio\u2028\u2028MORE BOOKS COMING EVERY WEEK!Tipitap\u2028\u2028Learning Fun. Fun Learning.",
  "inc": "Tipitap",
  "intalled_count": "100,000",
  "last_update": [
    "June",
    "19",
    " 2014"
  ],
  "name": "Booksy: learn to read platform",
  "offered_by": "Tipitap",
  "permissions": {
    "Identity": [
      "find accounts on the device"
    ],
    "Contacts": [
      "find accounts on the device"
    ],
    "Phone": [
      "read phone status and identity"
    ],
    "Photos/Media/Files": [
      "read the contents of your USB storage",
      "modify or delete the contents of your USB storage"
    ],
    "Storage": [
      "read the contents of your USB storage",
      "modify or delete the contents of your USB storage"
    ],
    "Microphone": [
      "record audio"
    ],
    "Wi-Fi connection information": [
      "view Wi-Fi connections"
    ],
    "Device ID & call information": [
      "read phone status and identity"
    ],
    "Other": [
      "view network connections",
      "change network connectivity",
      "connect and disconnect from Wi-Fi",
      "full network access",
      "modify system settings"
    ]
  },
  "rate": [
    [
      "627",
      "3.8"
    ],
    [
      "337",
      "5"
    ],
    [
      "92",
      "4"
    ],
    [
      "57",
      "3"
    ],
    [
      "37",
      "2"
    ],
    [
      "104",
      "1"
    ]
  ],
  "required_android": "4.0",
  "size": "34",
  "url": "https://play.google.com/store/apps/details?id=tipitap.booksy",
  "version": "2.2"
}