{
  "categories": [
    "Education",
    "Education"
  ],
  "description": "Moose Math engages kids in a mathematical adventure and teaches counting, addition, subtraction, sorting, geometry and more. While playing 5 multi-level activities in the Moose Juice Store, Puck\u2019s Pet Shop and Lost & Found, kids can earn rewards to help build their own city and decorate buildings. Moose Math introduces a new whimsical group of Duck Duck Moose characters, The Dust Funnies, who help with mastering math skills. Moose Math is aligned with Common Core State Standards for Kindergarten and 1st Grade and includes a Report Card section where parents and teachers can monitor progress and find additional skill-building activities. AGES: 3-7.CATEGORY: CurriculumACTIVITIESMoose Math features 5 engaging math activities:1) MOOSE JUICE: Make smoothies while practicing counting, addition and subtraction2) PAINT PET: Match the pets by counting the number of dots3) PET BINGO: Solve addition, subtraction and counting problems to get BINGO4) LOST & FOUND: Learn and sort through shapes and colors5) DOT TO DOT: Help the Dust Funny find his way home by solving number patterns and joining the dotsSKILLSKids will learn the following math skills based on Common Core State Standards:NUMBERS:-  Understand the relationship between numbers and quantities -  Solve word problems and algebraic thinking-  Practice number pattern recognitionCOUNTING: -  Count by 1\u2019s, 2\u2019s, 5\u2019s and 10\u2019s-  Master counting to 100ADDITION & SUBTRACTION: -  Add and subtract by 1\u2019s, 2\u2019s, 5\u2019s and 10\u2019s-  Add and subtract up to 20-  Learn to add and subtract with numbers, dice and rekenrek racksGEOMETRY: -  Master geometry at Kindergarten and First Grade levels-  Learn to identify and recognize shapesMEASUREMENT:-  Understand and compare lengthsPARENT REPORTING: Includes a Report Card section where parents and teachers can monitor progress and learn about new skill-building activities.DEVELOPED WITH EDUCATORS:-  Developed in conjunction with Stanford University Educator, Jennifer DiBrienza, PhD in -    Early Elementary Education and former NYC public school teacher (K-Grade 2) ABOUT DUCK DUCK MOOSE (A wholly-owned subsidiary of Khan Academy)Duck Duck Moose, an award-winning creator of educational mobile apps for families, is a passionate team of engineers, artists, designers, and educators. Founded in 2008, the company has created 21 top-selling titles and has received 21 Parents\u2019 Choice Awards, 18 Children\u2019s Technology Review Awards, 12 Tech with Kids\u2019 Best Pick App Awards, and a KAPi award for \u201cBest Children\u2019s App\u201d at the International Consumer Electronics Show. Khan Academy is a nonprofit with a mission to provide a free, world-class education for anyone, anywhere. Duck Duck Moose is now part of the Khan Academy family. Like all Khan Academy offerings, all Duck Duck Moose apps are now free, without ads or subscriptions. We rely on our community of volunteers and donors. Get involved today at www.duckduckmoose.com/about.Check out the Khan Academy app to learn and practice all kinds of topics for elementary school through college and beyond.We\u2019d love to hear from you! Visit us at www.duckduckmoose.com or drop us a line at support@duckduckmoose.com.",
  "inc": "Duck Duck Moose, LLC",
  "intalled_count": "100,000",
  "last_update": [
    "August",
    "24",
    " 2016"
  ],
  "name": "Moose Math by Duck Duck Moose",
  "offered_by": "Duck Duck Moose, LLC",
  "permissions": {
    "Other": [
      "view network connections",
      "full network access",
      "Google Play license check"
    ]
  },
  "rate": [
    [
      "558",
      "4.4"
    ],
    [
      "398",
      "5"
    ],
    [
      "78",
      "4"
    ],
    [
      "23",
      "3"
    ],
    [
      "19",
      "2"
    ],
    [
      "40",
      "1"
    ]
  ],
  "required_android": "2.3",
  "size": "54",
  "url": "https://play.google.com/store/apps/details?id=com.duckduckmoosedesign.km",
  "version": "1.0.3"
}