{
  "categories": [
    "Educational",
    "Creativity"
  ],
  "description": "Educational games that invite physical interaction play an important part in developing and advancing motor skills, particularly for toddlers and kindergarteners. Moreover, educational games that encourage creative expression, push kids to think outside the norm and consider atypical methods of explanation. Fingerprints helps kindergartners develop all these previous skills while they play.Fun features:- Cool animations and effects- Tap anywhere for surprises- Take your own pictures!Colorful, fun, cute and interactive, this game is perfect for toddlers! Join the fun and learn with us through different scenarios full of pandas, birds, balloons, and more! Take pictures of your own creations and share them with your friends!-- -- -- \u2605Design concepts\u2605We focus on inspirational learningWe focus on skill-buildingWe focus on bringing fun contents to our young audienceTake the baby bus for an unique learning experience!-- -- -- \u2605Tips\u2605In the search bar, enter \"BabyBus\" to find all of our products.-- -- -- \u2605Contact us\u2605E-mail: en@babybus.comWebsite: http://www.babybus.comFacebook: https://www.facebook.com/BabyBusENGLISH",
  "inc": "BabyBus Kids Games",
  "intalled_count": "1,000,000",
  "last_update": [
    "June",
    "19",
    " 2018"
  ],
  "name": "Baby Panda Fingerprints",
  "offered_by": "BabyBus Kids Games",
  "permissions": {
    "Wi-Fi connection information": [
      "view Wi-Fi connections"
    ],
    "Other": [
      "receive data from Internet",
      "view network connections",
      "full network access",
      "prevent device from sleeping",
      "modify system settings"
    ]
  },
  "rate": [
    [
      "2,788",
      "4.1"
    ],
    [
      "1,848",
      "5"
    ],
    [
      "230",
      "4"
    ],
    [
      "209",
      "3"
    ],
    [
      "145",
      "2"
    ],
    [
      "356",
      "1"
    ]
  ],
  "required_android": "4.0.3",
  "size": "47",
  "url": "https://play.google.com/store/apps/details?id=com.sinyee.babybus.fingerprint",
  "version": "8.25.10.00"
}