{
  "categories": [
    "Educational",
    "Creativity"
  ],
  "description": "INTRODUCTIONWith the Animals Coloring Book app you can color the animals images and relax while you do it. It has background music and sound efects, and many other amazing features. Very suitable for children.\u2605 If the application is used by children it's advisable to buy the Premium version (no ads). Only for about 1 USD.USE INSTRUCTIONS\u25cb Select a drawing template for coloring.\u25cb Use the color palette you like.\u25cb Color the drawing, by tapping on each gap of the drawing.\u25cb Use the zoom and pan to get closer to the details.\u25cb You can share, store, create a copy etc.TRICKS\u2714 The image allows you to zoom / pan using the pinch / drag.\u2714 You can enable or disable background music and sound effects.\u2714 You can undo/redo changes (unlimited actions).\u2714 All your colored drawings are automatically saved to your internal memory or SD card (Folder : /MyImages/ ).\u2714 You can also paint a drawing you've downloaded from the Internet or you have in your device.\u2714 The drawings you paint can be shared anytime with your contacts. Share and amaze your friends with your creativity!\u2714 You can also color the outside of the drawing.Enjoy!For any comments or suggestions, please send an e-mail. Thanks!.",
  "inc": "Quarzo Apps",
  "intalled_count": "100,000",
  "last_update": [
    "March",
    "3",
    " 2018"
  ],
  "name": "Animals coloring book",
  "offered_by": "Quarzo Apps",
  "permissions": {
    "Photos/Media/Files": [
      "read the contents of your USB storage",
      "modify or delete the contents of your USB storage"
    ],
    "Storage": [
      "read the contents of your USB storage",
      "modify or delete the contents of your USB storage"
    ],
    "Other": [
      "view network connections",
      "full network access"
    ]
  },
  "rate": [
    [
      "1,810",
      "4.3"
    ],
    [
      "1,187",
      "5"
    ],
    [
      "247",
      "4"
    ],
    [
      "158",
      "3"
    ],
    [
      "83",
      "2"
    ],
    [
      "135",
      "1"
    ]
  ],
  "required_android": "2.3",
  "size": "10",
  "url": "https://play.google.com/store/apps/details?id=com.jdpapps.paintanimals",
  "version": "1.1.2"
}