{
  "categories": [
    "Educational",
    "Education"
  ],
  "description": "Most popular TutoTOONS game for girls now with new baby daycare and playtime activities!Meet Sweet Baby Girl Alice in her house and play the games that you love! Have fun in 11 different rooms or play outside in the yard. Enjoy your favorite baby activities: baby bath, baby food & bedtime, cake baking, birthday party, dress up, tea party, room cleanup, postcard decoration, butterfly catch, and flower picking! 3 extra activities will keep you excited every day: watch kids\u2019 movies, collect stickers and win extra coins!Game featuresBath Time & Dress Up!Learn why Sweet Baby Girl is crying and help her take a warm bubble bath. Baby bathing is very important. Learn to bath a baby and dress up Sweet Baby Girl with soft clothes! Baby Food & Bedtime!Mash apples and bananas to make fresh and healthy baby porridge. Don\u2018t forget to clean up Alice after she has her baby food. All babies need milk - prepare a bottle of warm milk before it\u2018s bedtime!Baking a Cake!When Sweet Baby Girl is older, get ready for her 3rd birthday party. Start by making a yummy chocolate cherry birthday cake. Bake the cake in the oven and decorate with whipped cream, chocolate and cherries!Birthday Party!Sweet Baby Girl turns 3 - make this day special for her and decorate home together! Create birthday decorations, dress up baby girl in a beautiful pink dress, meet her friends and party at home!Clean Up!When the best birthday party is over, you know it\u2019s time to clean up the mess in Alice\u2019s room! Put her things in places, clean the window, water the flowers, wipe the table and vacuum the carpet. Sweet Baby Girl Alice will be very happy that you help her!Tea Party!Alice invites you to play tea party with her toys Bunny and Teddy Bear! Learn how to set the table for 3, let your guests taste delicious tea and cut a slice of yummy cake for each of them. Show your best tea party manners and learn to share with others!Catching Butterflies!Don\u2018t forget that all kids need to spend time in a fresh air! Play outside with Alice and catch colorful butterflies with a butterfly net!Baby Dress Up Time!Choose from the cutest baby clothes, shoes and accessories to dress up little Alice! You\u2019ll find everything you need to dress up a baby in style: baby pajamas, leggings, t-shirts, socks, baby pacifiers, newborn bibs, winter snowsuits, hats, mittens, shoes, toys, and, of course, super cute kitty cat ears headbands!Postcard Making!Time for little baby arts and crafts! Alice has her art materials and she wants to make some postcards for her friends. Create 3 kids postcards with bunny, teddy bear and pink unicorn!Picking Flowers!Sweet Baby Girl wants to go outside again. Pick beautiful spring flowers together and make a flower crown! But don\u2019t touch the cactus - it can hurt your hands!Sticker Book!Little Alice loves stickers! She even has her own sticker book. Play with Sweet Baby Girl and you\u2019ll be rewarded with stickers every time you reach a new level!Baby Videos!Sometimes Sweet Baby Girl Alice likes to go to the attic and watch movies. Join her and you will get extra coins! Wheel of Fortune!If you need extra coins for new cute baby clothes, simply spin the magical wheel. You can win up to 500 coins every day!WHAT\u2019S INSIDE- Play inside Sweet Baby Girl\u2018s house or in the yard!- Choose from 13 super cool baby activities!- Try on 58 super baby clothes and toys in 11 categories!- Collect 8 stickers and see what they look like when you get them!- Spend time in the yard catching butterflies or making a flower crown!- Kids favorite baby care and play time activities!- Amazingly cute graphics, sounds and babies!- Easy to play even for toddlers and little kids!Discover More Fun with TutoTOONS!\u00b7 Subscribe to our YouTube channel: https://www.youtube.com/c/tutotoonsofficial\u00b7 Learn more about us: https://tutotoons.com\u00b7 Read our blog: https://blog.tutotoons.com",
  "inc": "TutoTOONS",
  "intalled_count": "1,000,000",
  "last_update": [
    "July",
    "18",
    " 2018"
  ],
  "name": "Sweet Baby Girl Dream House 2",
  "offered_by": "TutoTOONS",
  "permissions": {
    "Photos/Media/Files": [
      "read the contents of your USB storage",
      "modify or delete the contents of your USB storage"
    ],
    "Storage": [
      "read the contents of your USB storage",
      "modify or delete the contents of your USB storage"
    ],
    "Wi-Fi connection information": [
      "view Wi-Fi connections"
    ],
    "Other": [
      "view network connections",
      "full network access",
      "prevent device from sleeping"
    ]
  },
  "rate": [
    [
      "12,993",
      "3.9"
    ],
    [
      "7,711",
      "5"
    ],
    [
      "1,226",
      "4"
    ],
    [
      "1,194",
      "3"
    ],
    [
      "772",
      "2"
    ],
    [
      "2,090",
      "1"
    ]
  ],
  "required_android": "4.4",
  "size": "40",
  "url": "https://play.google.com/store/apps/details?id=air.com.tutotoons.app.sweetbabygirldreamhouse2",
  "version": "2.0.16"
}