{
  "categories": [
    "Education",
    "Pretend Play"
  ],
  "description": "The pets need your help! In Toca Pet Doctor our animal friends want your love, care and help.Meet 15 animals who are all craving your attention. Through innovative play you can help the dove, or clean up the pup! Oh no, did the angry worm accidentally twist itself into a knot? Beautiful artwork and fun sounds designed for ages 2-6 guides your kids through different activities, empowering them to take care of and feel for the animals. FEATURES \u221a 15 lively and charming animals \u221a When they\u2019re cured, they go back to sleep - wake them up and play again! \u221a Feed them flies, seeds and yummy vegetables! \u221a Intuitive, safe and kid-friendly design \u221a Beautiful original artwork \u221a No rules or stress \u221a No third party advertising \u221a No in-app purchases MEET THE PETS - CHARM the charming dog - BUN our friendly neighborhood budgie - TARZAN the upside down turtle - WORM the not so happy earthworm - BLOB the slimy snail - POP the spikey iguana - MOLLY the chipper Guinea Pig - BISSE the yellow canary - RASCAL the mischievous cat - PICKLES the perky pigeon - CID (pronounced Sssssid) the snake - DOTTIE the spotted toad - JESS \"pretty eyes\" spider - BRIE the cheesy mouse - And TOFU the vegetarian rabbit. ***ABOUT TOCA BOCAAt Toca Boca, we believe in the power of play to spark kids\u2019 imaginations and help them learn about the world. We design our products from the kids' perspective to empower kids to be playful, to be creative and to be who they want to be. Our products include award-winning apps that have been downloaded more than 130 million times in 215 countries and offer fun, safe, open-ended play experiences. Learn more about Toca Boca and our products at tocaboca.com.PRIVACY POLICYPrivacy is an issue that we take very seriously. To learn more about how we work with these matters, please read our privacy policy: http://tocaboca.com/privacy",
  "inc": "Toca Boca",
  "intalled_count": "50,000",
  "last_update": [
    "September",
    "19",
    " 2017"
  ],
  "name": "Toca Pet Doctor",
  "offered_by": "Toca Boca",
  "permissions": {
    "Photos/Media/Files": [
      "read the contents of your USB storage",
      "modify or delete the contents of your USB storage"
    ],
    "Storage": [
      "read the contents of your USB storage",
      "modify or delete the contents of your USB storage"
    ],
    "Wi-Fi connection information": [
      "view Wi-Fi connections"
    ],
    "Other": [
      "view network connections",
      "full network access",
      "prevent device from sleeping",
      "Google Play license check"
    ]
  },
  "rate": [
    [
      "1,313",
      "4.3"
    ],
    [
      "889",
      "5"
    ],
    [
      "199",
      "4"
    ],
    [
      "86",
      "3"
    ],
    [
      "44",
      "2"
    ],
    [
      "95",
      "1"
    ]
  ],
  "required_android": "4.1",
  "size": "62",
  "url": "https://play.google.com/store/apps/details?id=com.tocaboca.tocapetdoctor",
  "version": "1.0.6-play"
}