{
  "categories": [
    "Puzzle",
    "Brain Games"
  ],
  "description": "Dive into fantastic puzzle adventure - get a brand new mind game and have the most exciting experience in your life! Download \u25b7  \u25cf Lost Dots - Best Brain Games \u25cf \u25c1  for free to kill boredom right now and boost your concentration. Put the dots back into circles and match the colors to finish the level. Improve your logic skills, see how smart you are and play one of the most popular mind stimulating games for kids and adults!\u25c9  Lost Dots - Best Brain Games features: \u25c9 \u25b7 \u25cf Beautiful minimalist design!\u25b7 \u25cb Easy to use interface!\u25b7 \u25cf Very simple rules to learn!\u25b7 \u25cb Cool and addictive gameplay!\u25b7 \u25cf Over 200 brain-teasing levels!\u25b7 \u25cb Best way to challenge yourself!How to play Lost Dots \u2013 Best Brain Games?\u25b7 \u25cf Put the dot into the circle of the same color!\u25b7 \u25cb Slide horizontally and vertically to bring the dot to its place!\u25b7 \u25cf Use less moves to win more stars!If you are a huge fan of jigsaw puzzles, board games and you like all other kinds of brain teasers, Lost Dots, free logic game with dots is perfect for you and your family! This is a new generation of fun puzzle games for kids, toddlers and adults that brings you to a completely new dimension of fun! A fantastic minimalist design and a unique and addictive gameplay will make you have a pleasant experience and help you become a true brainiac! So, do some brain workout right now, Lost Dots from this free matching game are waiting for you to bring them back to their circles.\u25c9  \u25ce  Easy to learn - hard to master! \u25ce  \u25c9 Challenge yourself! Try to win as many stars as possible and have fun with the coolest mini game free download of all times. Boost your concentration, play this cool dots game free download wherever you are and whenever you want. Colorful dots are here to kill your boredom and help you forget about all the troubles you have. Very soon you will find out that Lost Dots \u2013 Best Brain Games is much more than an ordinary app. It is to show you that focusing on problem solving and finishing levels one by one can help you see all the obstacles in your life as challenges.\u25c9  \u25ce Cool game for kids of all ages! \u25ce  \u25c9 Make your kids learn more easily! They usually have a problem to stay concentrated on one thing at a time. Improve their logic skills and their memory. Help them exercise their concentration in a fun way with the best brain teaser, without ever realizing it. Show them how fun it is with this awesome matching game for kids. Let them compete with other kids and put the dots in their place with the least number of moves. \u25c9  \u25ce Fantastic brain exercise for the hole family! \u25ce  \u25c9 Watch out! You can become very addicted to this cool logic game free download. You will like how smart, focused and more relaxed you are becoming as the time passes. With Lost Dots \u2013 Best Brain Games problem-solving will be less stressful and more challenging. Accept the challenge, download this awesome fun game for boys and girls, kids and adults and have the best fun in your life!",
  "inc": "Webelinx Games",
  "intalled_count": "50,000",
  "last_update": [
    "December",
    "8",
    " 2016"
  ],
  "name": "Lost Dots - Best Brain Games",
  "offered_by": "Webelinx Games",
  "permissions": {
    "Photos/Media/Files": [
      "read the contents of your USB storage",
      "modify or delete the contents of your USB storage"
    ],
    "Storage": [
      "read the contents of your USB storage",
      "modify or delete the contents of your USB storage"
    ],
    "Wi-Fi connection information": [
      "view Wi-Fi connections"
    ],
    "Other": [
      "view network connections",
      "full network access"
    ]
  },
  "rate": [
    [
      "159",
      "4.1"
    ],
    [
      "93",
      "5"
    ],
    [
      "24",
      "4"
    ],
    [
      "19",
      "3"
    ],
    [
      "3",
      "2"
    ],
    [
      "20",
      "1"
    ]
  ],
  "required_android": "4.1",
  "size": "17",
  "url": "https://play.google.com/store/apps/details?id=com.LostDots.BestBrainGameFree",
  "version": "2.2"
}