{
  "categories": [
    "Action",
    "Action & Adventure"
  ],
  "description": "Destroy monsters with match 3 puzzles or punch their lights out in action-packed melee. Play both ways to save the day with the Powerpuff Girls in Flipped Out!SUGAR AND SPICEIt's not a hybrid game\u2014it's two awesome ways to play! Flip to SUGAR mode and use your wits to match same colored creatures until they explode. Or flip to SPICE mode and use your fists to battle the beasts in hand-to-hand combat. It's like two games in one!FLIP THE SCRIPTChange between puzzle and action modes at any time just by flipping your device. You can play exclusively in your favorite mode, or use a combination of brains and brawn for some super synergy!TOWNSVILLE NEEDS YOUWhat happens when you overfeed a cute little Sea Buddy pet? TOO MANY SEA BUDDIES! Help Blossom, Bubbles and Buttercup protect the city from an army of adorable monsters in this all-new, fully voiced Powerpuff adventure!THREE FOR ALLBoth modes let you play as Blossom, Bubbles and Buttercup, all at the same time! Team up to take down toughies, or divide and conquer to cover more ground. Unleash spicy and sweet superpowers to demolish the bad guys! It's flipping awesome!SUPER UPGRADESUnlock stickers to upgrade your stats and add new powers to your arsenal. Customize your sticker loadout for each girl to find your favorite combos.Whether you love puzzles or beat 'em ups, you'll flip for the Powerpuff Girls' FLIPPED OUT!*****This game is available in the following languages: English, French, Italian, Spanish (Latin American), Portuguese (Brazilian), Russian, Turkish, Arabic, Korean, Japanese If you're having any problems with this app, feel free to contact us at advanced.platforms@turner.com. Tell us about the issues you're running into as well as what device and OS version you're using. *****IMPORTANT CONSIDERATIONS: This app may contain ads that feature other products, services, shows or offers from Cartoon Network and our partners.PRIVACY INFORMATION: Your privacy is important to us at Cartoon Network, a division of Turner Broadcasting System, Inc. This game collects and uses information as described in Cartoon Network\u2019s Privacy Policy linked below. This information may be used, for example, to respond to user requests; enable users to take advantage of certain features and services; personalize content; serve advertising; perform network communications; manage and improve our products and services; and perform other internal operations of Cartoon Network web sites or online services. Our privacy practices are guided by data privacy laws in the United States. For users residing in the EU or other countries outside the U.S., please note that this app may use persistent identifiers for game management purposes. By downloading this application, you accept our Privacy Policy and End User License Agreement, and you give permission for such uses for all users of your device. The Privacy Policy and End User License Agreement are in addition to any terms, conditions or policies imposed by your wireless carrier and Apple, Inc. Cartoon Network and its affiliates are not responsible for any collection, use, or disclosure of your personal information by Apple or your wireless carrier. Terms of Use: http://www.cartoonnetwork.com/legal/termsofuse.html Privacy Policy: http://www.cartoonnetwork.com/legal/privacy/mobile.html",
  "inc": "Cartoon Network",
  "intalled_count": "10,000",
  "last_update": [
    "June",
    "30",
    " 2016"
  ],
  "name": "Flipped Out! - Powerpuff Girls",
  "offered_by": "Cartoon Network",
  "permissions": {
    "Photos/Media/Files": [
      "read the contents of your USB storage",
      "modify or delete the contents of your USB storage"
    ],
    "Storage": [
      "read the contents of your USB storage",
      "modify or delete the contents of your USB storage"
    ],
    "Wi-Fi connection information": [
      "view Wi-Fi connections"
    ],
    "Other": [
      "receive data from Internet",
      "view network connections",
      "full network access",
      "prevent device from sleeping",
      "Google Play license check"
    ]
  },
  "rate": [
    [
      "412",
      "4.4"
    ],
    [
      "297",
      "5"
    ],
    [
      "49",
      "4"
    ],
    [
      "22",
      "3"
    ],
    [
      "16",
      "2"
    ],
    [
      "28",
      "1"
    ]
  ],
  "required_android": "4.0",
  "size": "22",
  "url": "https://play.google.com/store/apps/details?id=com.turner.ppg2016",
  "version": "1.0.2"
}