{
  "categories": [
    "Educational",
    "Education"
  ],
  "description": "An educational app for toddlers and Pre-k kids. Children can touch, hear, and experience counting, ABC, piano, music, sizes, shapes and colors playing Kidz games. Apart from basic learning and Preschool activities, the Games4kids also focuses on the motor skills and hand-eye coordination enhancements for kids by multiple fun learning activities and preschool games, based on the kinesthetic learning process. -------------------------------------------------------------------------------------------------------------------------TOP FEATURES OF PRESCHOOL EDUCATIONAL GAMES FOR CHILDREN: ------------------------------------------------------------------------------------------------------------------------- \u27a2 20 interactive KIDS SAFE games for toddlers and preschoolers for early childhood education.\u27a2 Beautifully designed interactive Kids Games with colorful and interesting cartoon characters.\u27a2 Great sound effects and awesome animation.\u27a2 Help your kids learning ABCs, Colors, Numbers etc using educational activities for children.\u27a2 Engaging and fun educational games for kids from age 2 to 6.\u27a2 Intuitive touch control specially designed for Pre-k and kindergarten kids.\u27a2 Stickers at the end of each game. Many experts have explained the importance of fun and interactive learning activities for young children. Child must play and learn at her own speed. The activities for learning for kids should be interesting to keep them occupied, with rewards and appreciation to boost their spirit. This is how we design each of preschool kids game in this collection. With colorful pictures, captivating animation, and enchanting sound effects, young children will love every activity this kids learning app. They will learn and play at the same time using fun Learning. So, if you are parents or teachers looking for interactive learning games for your kids or students age 2 \u2013 6, Kids Preschool Learning Games for kids is the perfect app for children, which enables many free learning games for toddlers. Your kids won\u2019t get bored trying out different games and activities and they will learn a lot from these games. List of Preschool Learning activities for Kids:\u2022 Match the shadow - Matching games for kids\u2022 Count 123 - Identify and Learn Numbers\u2022 Scratch to reveal - Hand eye coordination \u2022 Cow Mania - Identify and Learn Alphabets\u2022 Hungry Lizzy - Color games for kids\u2022 Tricky maze - Analytical skills and Learn Letters\u2022 Jigsaw puzzle - Hand eye coordination\u2022 Odd one out - Color games for kids \u2022 Missing objects - Learn about common household items\u2022 Fill the colors - Coloring fun for kids\u2022 Spot the difference - Memory Games\u2022 Sort it out - Shape and Size games\u2022 Learn to trace - Learn to Write\u2022 Bingo fun - Know different fruits\u2022 Music Time - Introduction to Piano\u2022 Cursive Tracing - Learn to write \u2022 Dot to Dot - Learn Letters and Numbers\u2022 Make your car - Assemble your car and have funKid's learning styles: \"Children enter kindergarten as kinesthetic and tactual learners, moving and touching everything as they learn. By second or third grade, some students have become visual learners. During the late elementary years some students, primarily females, become auditory learners. Yet, many adults, especially males, maintain kinesthetic and tactual strengths throughout their lives.\" (eaching Secondary Students Through Their Individual Learning Styles, Rita Stafford and Kenneth J. Dunn; Allyn and Bacon, 1993).Privacy Policy: You can feel safe using our app because we don\u2019t collect your kids\u2019 personal information.http://www.greysprings.com/privacy",
  "inc": "Greysprings",
  "intalled_count": "500,000",
  "last_update": [
    "August",
    "3",
    " 2018"
  ],
  "name": "Preschool Learning Games : Fun Games for Kids",
  "offered_by": "Greysprings",
  "permissions": {
    "Photos/Media/Files": [
      "read the contents of your USB storage",
      "modify or delete the contents of your USB storage"
    ],
    "Storage": [
      "read the contents of your USB storage",
      "modify or delete the contents of your USB storage"
    ],
    "Wi-Fi connection information": [
      "view Wi-Fi connections"
    ],
    "Other": [
      "view network connections",
      "full network access",
      "control vibration",
      "prevent device from sleeping"
    ]
  },
  "rate": [
    [
      "7,674",
      "4.3"
    ],
    [
      "4,219",
      "5"
    ],
    [
      "2,232",
      "4"
    ],
    [
      "717",
      "3"
    ],
    [
      "193",
      "2"
    ],
    [
      "313",
      "1"
    ]
  ],
  "required_android": "4.2",
  "size": "Varies with devic",
  "url": "https://play.google.com/store/apps/details?id=com.greysprings.games",
  "version": "6.0.4.5"
}