{
  "categories": [
    "Educational",
    "Education"
  ],
  "description": " \u2605\u2605\u2605 Important Announcement \u2605\u2605\u2605 We now offer an All-in-One Pack, which includes access to the full versions of all of Intellijoy's existing and future apps and comes with a free 3-day trial.  Get it here: https://play.google.com/store/apps/details?id=com.intellijoy.packKids will learn to:\u2714 Count\u2714 Compare numbers\u2714 Add\u2714 Subtract\u2714 Match numbersWouldn't it be just wonderful if there was a simple game for preschoolers that made learning numbers and basic math skills enjoyable?  There is!  It's called Kids Numbers and Math - and it will teach your kids how to count, as well the basics of addition, subtraction and much more!By playing the activities, kids earn puzzles pieces for their \"Bug Collection Puzzles\".The paid version enables the number ranges to be set, with numbers going up to 20.The game is from Intellijoy, where we specialize in educational games with the fun built right into them.Your child will love playing Kids Numbers and Math, and you'll be able to relax, knowing your child is learning while having great fun.If you want your child to learn math \u2013 and enjoy it \u2013 you can't find a better choice than Kids Numbers and Math.",
  "inc": "Intellijoy Educational Games for Kids",
  "intalled_count": "5,000,000",
  "last_update": [
    "January",
    "18",
    " 2018"
  ],
  "name": "Kids Numbers and Math FREE",
  "offered_by": "Intellijoy Educational Games for Kids",
  "permissions": {
    "Other": [
      "full network access"
    ]
  },
  "rate": [
    [
      "30,771",
      "4.2"
    ],
    [
      "18,245",
      "5"
    ],
    [
      "6,310",
      "4"
    ],
    [
      "2,569",
      "3"
    ],
    [
      "1,341",
      "2"
    ],
    [
      "2,306",
      "1"
    ]
  ],
  "required_android": "2.3",
  "size": "Varies with devic",
  "url": "https://play.google.com/store/apps/details?id=zok.android.numbers",
  "version": "2.4.2"
}