{
  "categories": [
    "Educational",
    "Music & Video"
  ],
  "description": "Kids Music is your young child's gateway into music.  This simple and fun app will introduce children to the basics of the keyboard, music notes, instruments, styles, and more! Each activity offers options to learn and play.  Kids are motivated to continue playing as they earn rewards.1. Play Piano - Children will tap on keys to hear their sounds, select songs and see their notes, and follow a guide to play a song.2. Notes - Kids will discover the names and placement on the staff. 3. Keys - This fun activity will help your young ones become familiar with the concept of major and minor keys.4. Instruments - Children will learn to identify the sounds of 10 popular instruments!5. Genres - Kids will learn to tell the difference between 12 genres of music - from waltz to rock n' roll!The full version includes 5 additional melodies for the Piano activity, and the Play mode for the last two activities (as opposed to Learn mode only).",
  "inc": "Intellijoy Educational Games for Kids",
  "intalled_count": "100,000",
  "last_update": [
    "June",
    "20",
    " 2016"
  ],
  "name": "Kids Music (Lite)",
  "offered_by": "Intellijoy Educational Games for Kids",
  "permissions": {
    "Other": []
  },
  "rate": [
    [
      "343",
      "3.9"
    ],
    [
      "173",
      "5"
    ],
    [
      "60",
      "4"
    ],
    [
      "41",
      "3"
    ],
    [
      "25",
      "2"
    ],
    [
      "44",
      "1"
    ]
  ],
  "required_android": "2.3",
  "size": "31",
  "url": "https://play.google.com/store/apps/details?id=com.missingames.kidsmusic.lite",
  "version": "1.1.2"
}