{
  "categories": [
    "Education",
    "Pretend Play"
  ],
  "description": "Toy Phone Fun for Kids! BabyFirst\u2019s Play Phone for Kids It\u2019s no secret that kids love getting their cute little hands on your phone! Now, they can safely play with yours and learn numbers, too. Play Phone for Kids is the best toy phone app out there! It simulates a real-life phone experience for babies who can pretend to answer the phone, video chat, send emojis and dial. This kids app features some of the most beloved characters from the BabyFirst TV network including Harry the Bunny, VocabuLarry, and Peekaboo. It even offers a Music Player to keep the fun going!Benefits for kids: \u2022\u2003Gives children the chance to learn numbers 0-9\u2022\u2003Allows your baby to pretend to talk to characters\u2022\u2003Encourages emotional and social development\u2022\u2003Dozens of animations and sweet sounds\u2022\u2003Supports hand-eye coordination \u2730 2nd Edition of the Award-Winning Play Phone App \u2730 The huge hit, Play Phone, was the iKids Best Preschool Game App winner of 2015. Play Phone 2 offers even more fun, with several exciting new features!\u2730 6 Main Phone Functions for Kids \u2730\u2022\u2003Dial \u2013 Babies can get familiar with numbers 0-9 as they push the buttons on the toy phone dial\u2022\u2003Video Chat \u2013 Play Phone for Kids uses the selfie camera on your phone to simulate a real face-to-face video call!\u2022\u2003Text \u2013 Your baby can send adorable emojis and get them back from their character friends\u2022\u2003Answer \u2013 Incoming calls pop up to get your little one excited to answer the call\u2022\u2003Music Player \u2013 Sweet music to engage babies and toddlers\u2022\u2003Funny Cam \u2013 Take photos in funny frames and put cute stickers on them \u2730 Learning On the Go! \u2730This kids app is perfect for when you\u2019re out and about in the car, at a restaurant or waiting in line. With Play Phone for Kids, your children can talk to their new friends at BabyFirst and learn numbers too, while you\u2019re out on the town.\u2730  BabyFirst - a Wealth of Experience with Toddlers\u2730BabyFirst is a global TV network for tots, toddlers and parents alike. Created by experts, BabyFirst aims to provide children with the necessary tools to learn language and numbers. Visit www.babyfirsttv.com to learn moreTo find more trusted kid\u2019s apps from the BabyFirst family search \"BF123\" in Google Play! And check out our fun & educational videos on YouTube! https://www.youtube.com/user/BabyFirstTVAn infinity of joy!abc, xyz, tgi, omg, def, war, idk, bbb",
  "inc": "BabyFirst",
  "intalled_count": "100,000",
  "last_update": [
    "June",
    "17",
    " 2018"
  ],
  "name": "Play Phone for Kids",
  "offered_by": "BabyFirst",
  "permissions": {
    "Identity": [
      "find accounts on the device"
    ],
    "Contacts": [
      "find accounts on the device"
    ],
    "Photos/Media/Files": [
      "read the contents of your USB storage",
      "modify or delete the contents of your USB storage"
    ],
    "Storage": [
      "read the contents of your USB storage",
      "modify or delete the contents of your USB storage"
    ],
    "Camera": [
      "take pictures and videos"
    ],
    "Wi-Fi connection information": [
      "view Wi-Fi connections"
    ],
    "Other": [
      "receive data from Internet",
      "view network connections",
      "full network access",
      "prevent device from sleeping"
    ]
  },
  "rate": [
    [
      "2,524",
      "4.1"
    ],
    [
      "1,659",
      "5"
    ],
    [
      "245",
      "4"
    ],
    [
      "152",
      "3"
    ],
    [
      "100",
      "2"
    ],
    [
      "368",
      "1"
    ]
  ],
  "required_android": "2.3",
  "size": "25",
  "url": "https://play.google.com/store/apps/details?id=com.babyfirst.playphone2",
  "version": "1.3.4"
}