{
  "categories": [
    "Educational",
    "Creativity"
  ],
  "description": "Welcome to the magical forest! Meet the adorable Fairy Sisters to play ant learn in their enchanted home!Rose, Violet, Daisy, Lily, Melissa and Iris are the six fairy sisters who live in a magical tree together with their fantasy pet - unicorn Clover. Join the Fairy Sisters in their super fun fairy adventures of magic spells, crafts, cooking, fantasy makeover, animal care, potions, and more!Get ready to pick fruits and make jam with fairy sisters Daisy and Violet. Dress up fairy Lily with your favorite pixie clothes or craft her the perfect flower dress. Create a sparkling makeup for Rose and play bath spa with Iris. Shower and makeover fairy unicorn Clover, help Melissa to take care of animals in the fairy hospital and make magic potions to turn forest animals into magical fairy pets. Take your wand and let the forest fairy adventures begin!GAME FEATURESKitchenClean up forest fruits and berries, mix up with sugar and cook delicious blueberry, apricot and strawberry jam with fairy Violet!Picking FruitIf the fairies are out of berries and fruits in their kitchen, fly with cute little Daisy to the fairy valley and help her pick delicious strawberries, blueberries and apricots!Dress UpChoose from fantasy dresses, hairstyles and flower accessories, and create the most beautiful pixie style for fairy Lily!WorkshopPlay fairy tailor and sew fairy sister Lily the perfect dress from flower petals and blossoms. Decorate it with sparkling diamonds and your favorite flowers!MakeupPlay in the fairy beauty salon and create a fantasy makeup for beautiful fairy Rose. Design and craft her a matching flower crown and earrings to complete the dream fairy look!Bath TimeIt\u2019s fairy dream spa time! Prepare a magical bath with flower petals for fairy Iris, wash her long blue hair and apply face mask. Dry and brush Iris hair and do some magic to create the perfect forest fairy hairstyle!Horse CarePixies' best friend unicorn Clover needs a cleanup! Wash, shower and groom unicorn Clover to make his rainbow hair soft and sparkling. Play horse dress up and decorate Clover with diamonds, flowers and ornaments!HospitalOh no, little forest animals need doctor help: beaver has a toothache, ladybug broke her wing and frog is sick. Help the most caring forest doctor fairy Melissa and treat the 3 little animals!Magic PotionsBlack raven wants colorful feathers, little bunny wants magical fairy wings and baby hedgehog wants long blond hair instead of spines. Make some magic potions and elixirs with beautiful fairy Iris and fulfill the secret wishes of 3 little animals!GardenPlant sunflower, tulips and daisies with fairy Violet and create your dream fairy flower garden!Looking GlassWatch fairy videos in the magical pixie mirror and get 200 coins!Fairy Sisters are here to help kids boost their creativity, build good habits & learn to share and care with games children love the most!- - - - - - - - - - - - - - - - - - - - - - - -About TutoTOONS Games for KidsCrafted and play-tested with kids and toddlers, TutoTOONS games foster kids\u2019 creativity and help them learn while playing the games they love. Fun and educational TutoTOONS games strive to bring meaningful and safe mobile experience to millions of children worldwide.Important Message to ParentsThis app is free to download and play, but there are certain in-game items that may be purchased for real money. By downloading this app you agree to TutoTOONS Privacy Policy and Terms of Use.Discover More Fun with TutoTOONS!\u00b7 Subscribe to our YouTube channel: https://www.youtube.com/c/tutotoonsofficial\u00b7 Learn more about us: https://tutotoons.com\u00b7 Read our blog: https://blog.tutotoons.com",
  "inc": "TutoTOONS",
  "intalled_count": "500,000",
  "last_update": [
    "July",
    "17",
    " 2018"
  ],
  "name": "Fairy Sisters 2",
  "offered_by": "TutoTOONS",
  "permissions": {
    "Photos/Media/Files": [
      "read the contents of your USB storage",
      "modify or delete the contents of your USB storage"
    ],
    "Storage": [
      "read the contents of your USB storage",
      "modify or delete the contents of your USB storage"
    ],
    "Wi-Fi connection information": [
      "view Wi-Fi connections"
    ],
    "Other": [
      "view network connections",
      "full network access",
      "prevent device from sleeping"
    ]
  },
  "rate": [
    [
      "2,509",
      "3.9"
    ],
    [
      "1,490",
      "5"
    ],
    [
      "274",
      "4"
    ],
    [
      "215",
      "3"
    ],
    [
      "162",
      "2"
    ],
    [
      "368",
      "1"
    ]
  ],
  "required_android": "4.4",
  "size": "57",
  "url": "https://play.google.com/store/apps/details?id=air.com.tutotoons.app.fairysisters2.free",
  "version": "2.0.25"
}