{
  "categories": [
    "Word",
    "Brain Games"
  ],
  "description": "WordPuzzle - Super evolution for word game that all casual players and word nerds loved!It is a creative and addictive word game for brain genius. Slide and drag your finger to connect each letter bubble and find all hidden words. It is a great way to improve your vocabulary, concentration and spelling skills.Features:\u2714 Dozen of categories, 1000+ fun and challenging levels to solve. \u2714 Free daily puzzle for fun\u2714 Use hints if you get stuck\u2714 Powerful brain teasers for all ages\u2714 Support over 12 multiple languages interface",
  "inc": "MetaFun Games",
  "intalled_count": "100,000",
  "last_update": [
    "February",
    "7",
    " 2017"
  ],
  "name": "WordPuzzle",
  "offered_by": "MetaFun Games",
  "permissions": {
    "Phone": [
      "read phone status and identity"
    ],
    "Photos/Media/Files": [
      "read the contents of your USB storage",
      "modify or delete the contents of your USB storage"
    ],
    "Storage": [
      "read the contents of your USB storage",
      "modify or delete the contents of your USB storage"
    ],
    "Wi-Fi connection information": [
      "view Wi-Fi connections"
    ],
    "Device ID & call information": [
      "read phone status and identity"
    ],
    "Other": [
      "view network connections",
      "full network access"
    ]
  },
  "rate": [
    [
      "1,042",
      "4.3"
    ],
    [
      "622",
      "5"
    ],
    [
      "218",
      "4"
    ],
    [
      "148",
      "3"
    ],
    [
      "23",
      "2"
    ],
    [
      "31",
      "1"
    ]
  ],
  "required_android": "3.0",
  "size": "22",
  "url": "https://play.google.com/store/apps/details?id=com.wordbrain.word.search.crossword",
  "version": "1.1.2009"
}