{
  "categories": [
    "Educational",
    "Education"
  ],
  "description": "* Fun EDUCATIONAL game for kids of AGE two and up * Learn about SHAPES, COLORS, SIZE and PATTERN* Developed with certified child psychologists * 12 beautiful mini-game boards About the game: ---------------------- Birthday Party is the best way for preschoolers and toddlers to learn shapes, sizes, colors and numbers. Your child will have fun and practice basic skills while helping the penguins organize a birthday party for their friend - the polar bear. Kid will learn about colors, patterns, shapes and size by helping the penguins hang decorations, prepare refreshments and even clean up after the party!The game is designed to enhance the following skills of kids: - Problem solving- Hand-eye coordination - Visual perception - ConcentrationAll our products are designed and developed in cooperation with certified child psychologists and experienced educators.Game boards:-------------------Party: MATCH balloons by COLOR Invitations: CLASSIFY spiral decorations by SHAPE Dress up: MATCH outfits by SIZE Cake: CLASSIFY candy decorations by SHAPE and PATTERN.Dinner: SORT dinnerware by SIZE.Candy bag: MATCH candies by COLOR and PATTERN. Drawing easel: MATCH item COLOR by LOGIC.Beads: CLASSIFY beads by COLOR.Hide and seek: Locate the hiding penguins by LOGIC.Puzzle: Place the missing parts or the puzzle by COLOR and PATTERN.Presents: CLASSIFY presents by TYPE.Clean up: MATCH objects by their SILHOUETTE.Note for parents:-----------------------Like all our games, this game is designed to provide quality playtime for parents and children together. Playing along with your children is highly recommended and will surely make them benefit the most from this app and help them expand their vocabulary.We are sure that your children will enjoy this exciting educational game that will encourage their thinking and contribute to the development of their basic skills.About the Team: -----------------------We believe that children learn best through playing. We teamed up with certified child psychologists and experienced educators out of desire to create fun games that will help our children acquire new concepts and improve their skills. In addition, we design our games to provide quality playtime for parents and children together.This game is divided to 12 boards. In each one your child can learn only one skill. So, they are simple and fun. The best way to learn something, it to learn it through a fun experience. We really tried to make preschoolers and toddlers learn something new while having fun.- Learning games for 2,3,4 year kids- Shapes & Colors preschool learning games for girls and boys-Try 3 mini games for FREE!We are sure that your preschooler kids and toddlers will enjoy this exciting educational game that will encourage their thinking and contribute to the development of their basic skillsIf your preschoolers and toddlers like Birthday Party, they will surely enjoy our Learning games For toddlers!",
  "inc": "Preschool & Kindergarten Learning Kids Games",
  "intalled_count": "100,000",
  "last_update": [
    "November",
    "16",
    " 2015"
  ],
  "name": "Birthday party: Games for kids",
  "offered_by": "Preschool & Kindergarten Learning Kids Games",
  "permissions": {
    "Photos/Media/Files": [
      "read the contents of your USB storage",
      "modify or delete the contents of your USB storage"
    ],
    "Storage": [
      "read the contents of your USB storage",
      "modify or delete the contents of your USB storage"
    ],
    "Wi-Fi connection information": [
      "view Wi-Fi connections"
    ],
    "Other": [
      "view network connections",
      "full network access",
      "prevent device from sleeping",
      "Google Play license check"
    ]
  },
  "rate": [
    [
      "627",
      "4.0"
    ],
    [
      "371",
      "5"
    ],
    [
      "83",
      "4"
    ],
    [
      "52",
      "3"
    ],
    [
      "36",
      "2"
    ],
    [
      "85",
      "1"
    ]
  ],
  "required_android": "3.2",
  "size": "12",
  "url": "https://play.google.com/store/apps/details?id=com.tinyhandsapps.arctic_birthday",
  "version": "1.1"
}