{
  "categories": [
    "Books & Reference",
    "Education"
  ],
  "description": "Goodnight Mo is a magically sleepy and comforting bedtime book. As night falls and the moon rises, a cute little monster gets ready for bed. Beautiful imagery, gently rhyming narration, and soothing music make Mo\u2019s bedtime routine the perfect way to wind down before going to sleep. From the very first yawn, little ones will discover charming surprises in each of the 3D pop-up scenes: they will delight in gently sending various animals to the land of nod, popping bubbles in a bath, brushing Mo\u2019s teeth, and rocking the little monster to sleep. Goodnight Mo is part of the StoryToys Junior line. Designed for young children aged 18 months to 3+ years old, it includes the following features:FEATURES\u2022 Full 3D experience - it\u2019s just like a real book \u2022 8 enchanting 3D pop-up scenes packed with simple animations and interactive elements \u2022 Read to Me or Read it Myself modes \u2022 Fully narrated in each language by professional actors \u2022 Wonderfully illustrated, with beautiful, colorful imagery \u2022 Featuring a charming musical score and soft, sleepy sound effects ************************STORYTOYS AWARDS\u2022 Kidscreen 2016 Award\u2022 Winner of the Bologna Ragazzi Digital Award\u2022 11 Children\u2019s Technology Review Editor\u2019s Choice Awards\u2022 2 iLounge awards for best kids\u2019 app\u2022 Mom\u2019s Choice awards\u2022 Shortlist nominations for the FutureBook Digital Innovation Award\u2022 Best Kids\u2019 App Ever winner\u2022 Longlisted for the DBW Publishing innovation award\u2022 9 Tech With Kids Best Pick App Awards************************STAY IN TOUCH!Stay in touch to hear about new releases and promotions: - Visit us: storytoys.com - Email us: For any technical issues please email us at support@storytoys.com - Like us on Facebook: Facebook.com/StoryToys - Follow us on Twitter: @StoryToys",
  "inc": "StoryToys",
  "intalled_count": "5,000",
  "last_update": [
    "January",
    "15",
    " 2014"
  ],
  "name": "Goodnight Mo",
  "offered_by": "StoryToys",
  "permissions": {
    "Phone": [
      "read phone status and identity"
    ],
    "Photos/Media/Files": [
      "read the contents of your USB storage",
      "modify or delete the contents of your USB storage"
    ],
    "Storage": [
      "read the contents of your USB storage",
      "modify or delete the contents of your USB storage"
    ],
    "Wi-Fi connection information": [
      "view Wi-Fi connections"
    ],
    "Device ID & call information": [
      "read phone status and identity"
    ],
    "Other": [
      "view network connections",
      "full network access",
      "prevent device from sleeping",
      "Google Play license check"
    ]
  },
  "rate": [
    [
      "194",
      "4.5"
    ],
    [
      "137",
      "5"
    ],
    [
      "34",
      "4"
    ],
    [
      "13",
      "3"
    ],
    [
      "2",
      "2"
    ],
    [
      "8",
      "1"
    ]
  ],
  "required_android": "2.3.3",
  "size": "16",
  "url": "https://play.google.com/store/apps/details?id=com.storytoys.goodnightmo.Paid.Android.GooglePlay",
  "version": "1.0.4"
}