{
  "categories": [
    "Educational",
    "Education"
  ],
  "description": "Your kid will love solving puzzles and developing their reasoning skills with Eric Carle's Hungry Caterpillar Shapes and Colors.  Encounter delightful and surprising interactions when the puzzles are completed. Watch as The Very Hungry Caterpillar floats away with a balloon, flowers magically grow, mechanical toys whirr into action, and hidden doorways open up for the Very Hungry Caterpillar to crawl into! Prepare to be amazed as a magical learning adventure unfolds and your child learns about math, art, reading and writing. Explore this beautiful 3D playground.  Your baby Einsteins are a lot smarter than even you imagined! FEATURESOver 50 puzzles in six categories which increase with difficulty to keep kids engaged and excited. Learn how to:        \u2022        Recognise basic and advanced shapes        \u2022        Sort and match shapes with similar colors        \u2022        Compare light and dark shades        \u2022        Identify patterns and sequences        \u2022        Order shapes by size        \u2022        Combine shapes to complete pictures BENEFITS        \u2022        Developed in line with the US Head Start Child Development and Early Learning Framework        \u2022        Encourage logical thinking and math skills by  comparing, sorting, identifying sizes and patterns, your baby Einstein will love learning to solve puzzles         \u2022        Tapping and dragging strengthens fine motor skills        \u2022        Kids interact with a wide range of colors and shapes The Very Hungry Caterpillar \u2013 Shapes & Colors is designed for preschoolers and baby Einsteins, and is a follow-up to the global bestseller My Very Hungry Caterpillar:* Kidscreen 2016 Award* Winner of the 2015 Bologna Ragazzi Digital Award ** The #1 Kids app in over 30 countries ** Children's Technology Review, Top 10 Essential Apps for a Child\u2019s First iPad ** Tech With Kids Best Pick App Award *",
  "inc": "StoryToys",
  "intalled_count": "100,000",
  "last_update": [
    "April",
    "15",
    " 2016"
  ],
  "name": "Hungry Caterpillar Shapes and Colors",
  "offered_by": "StoryToys",
  "permissions": {
    "Other": [
      "view network connections",
      "full network access"
    ]
  },
  "rate": [
    [
      "659",
      "4.0"
    ],
    [
      "408",
      "5"
    ],
    [
      "77",
      "4"
    ],
    [
      "54",
      "3"
    ],
    [
      "38",
      "2"
    ],
    [
      "82",
      "1"
    ]
  ],
  "required_android": "2.3",
  "size": "36",
  "url": "https://play.google.com/store/apps/details?id=com.storytoys.veryhungrycaterpillar.shapesandcolors.free.android.googleplay",
  "version": "1.0"
}