{
  "categories": [
    "Casual",
    "Action & Adventure"
  ],
  "description": "Our latest Chhota Bheem Adventure unfolds in Mumbai Chhota Bheem uses Prof Dhoomketus latest invention the Time Travelling Watch and arrives in Mumbai. As he is enjoying the sights of Mumbai, his time and space travelling watch is stolen.  Chhota Bheem needs help in Mumbai.... Help Chhota Bheem Retrieve his Watch - RUN as fast as you can- EVADE oncoming Mumbai Locals - JUMP & DUCK to avoid Obstacles- HELP Chhota Bheem escape from Pandu Havaldar, the Cop- CHASE after PickpocketsAvoid oncoming Trains - Jump over and under Obstacles- Use a selection of Frisbees to get additional lives - Ride on Rockets - Collect Coins - Get Multipliers - Get Past Stations in Mumbai by collecting Letters - Surf using Colorful Frisbees - Incredible Powerups - Boost your Score- Participate in events- Challenge your friendsWill Chhota Bheem get back his watch? Join us on the Epic Journey through the streets and suburbs of Mumbai with Bheem and Pandu Havaldar!***********************************************************************************Chhota Bheem Speed Racing respects your privacy, does not store any personal information and does not allow you share this information. We do require a few additional Permissions to function: 1. READ_EXTERNAL_STORAGE & WRITE_EXTERNAL_STORAGEThese permissions are needed to cache and read ad content during the game play2. ACCESS_COARSE_LOCATION/READ_PHONE_STATE/ACCESS_FINE_LOCATIONThese permissions are needed to show suitable ad content for targeted user for better ad experience3. RECORD_AUDIOThis is required for zapr SDK which is integrated with this app for the purposes of profiling the device on media consumption and other device data and utilizing the same to target relevant content and ads to the device (\"Services\") pursuant to the terms and conditions of RBL Services (\"Terms of Use\")4. GET_ACCOUNTSThis permission would use your google account name and picture to show it on the leaderboard once you sign in",
  "inc": "Nazara Games",
  "intalled_count": "1,000,000",
  "last_update": [
    "October",
    "18",
    " 2017"
  ],
  "name": "Chhota Bheem Surfer  - Mumbai",
  "offered_by": "Nazara Games",
  "permissions": {
    "Device & app history": [
      "retrieve running apps"
    ],
    "Identity": [
      "find accounts on the device"
    ],
    "Contacts": [
      "find accounts on the device"
    ],
    "Location": [
      "approximate location (network-based)",
      "access extra location provider commands"
    ],
    "Phone": [
      "read phone status and identity"
    ],
    "Photos/Media/Files": [
      "read the contents of your USB storage",
      "modify or delete the contents of your USB storage"
    ],
    "Storage": [
      "read the contents of your USB storage",
      "modify or delete the contents of your USB storage"
    ],
    "Microphone": [
      "record audio"
    ],
    "Wi-Fi connection information": [
      "view Wi-Fi connections"
    ],
    "Device ID & call information": [
      "read phone status and identity"
    ],
    "Other": [
      "receive data from Internet",
      "view network connections",
      "full network access",
      "run at startup",
      "control vibration",
      "prevent device from sleeping",
      "modify system settings"
    ]
  },
  "rate": [
    [
      "13,033",
      "4.4"
    ],
    [
      "9,565",
      "5"
    ],
    [
      "1,231",
      "4"
    ],
    [
      "857",
      "3"
    ],
    [
      "288",
      "2"
    ],
    [
      "1,092",
      "1"
    ]
  ],
  "required_android": "4.0.3",
  "size": "35",
  "url": "https://play.google.com/store/apps/details?id=com.junesoftware.nazara.cbrush",
  "version": "1.10"
}