{
  "categories": [
    "Education",
    "Music & Video"
  ],
  "description": " Learning is Fun with BabyFirst Video: Educational TVBabyFirst Video is the safe and fun way for preschool children and toddlers to start learning and exploring! From the hit TV channel BabyFirst, BabyFirst Video provides hours of award-winning shows for your kids to enjoy.Created by experts in child development, education, and psychology, the #1 rated BabyFirst Video app is the perfect way for grown-ups to safely introduce their children to learning through electronic media. Choose from dozens of high-quality channels and hundreds of episodes designed to aid learning. With oodles of new shows added on a regular basis, the fun never stops with BabyFirst!Find or discover your favorite BabyFirst characters and cartoons:\u2022\u2003 Harry the Bunny, Peekaboo, VocabuLarry, Tillie Knock Knock, Bonnie Bear, Hide and Seek, The Notekins and many more!\u2730 Overview of the BabyFirst Video: Educational TV App Features\u2022\u2003 Free to download\u2022\u2003 Ad-free\u2022\u2003 Child safe design: you control what your child sees\u2022\u2003 Available in multiple languages\u2022\u2003 Created by experts in child education\u2730 BabyFirst Educational TV: Available in Several LanguagesBoth the video content and Parent Control module for BabyFirst Video Educational TV are available in the following languages: English, Spanish (Latin American and Castilian), French, Portuguese, and Mandarin.\u2665 Protect Your Child with BabyFirst VideoBabyFirst\u2019s child-safe design provides a secure and educational platform for children to engage with electronic media. With the BabyFirst Video Parent Control module you decide what your little one watches, while the simple navigational interface means your children can play independently and safely. To find more trusted applications from the BabyFirst family search \"BF123\" in Google Play!\u2192 Stable broadband connection is required.\u2192 Video quality is dependent on your data connection.\u2192 Users are advised to test with free videos before purchasing a monthly subscription.BabyFirst Video is packed with premium content that allows your toddlers to discover the wonderful world of learning. Children and grown-ups alike will love the BabyFirst cartoons and shows that are designed to entertain and educate in equal measure. What\u2019s more, with a wealth of captivating channels to choose from, you will always be able to find something that makes learning fun and exciting. An infinity of joy!abc, xyz, tgi, omg, def, war, idk, bbb",
  "inc": "BabyFirst",
  "intalled_count": "1,000,000",
  "last_update": [
    "June",
    "12",
    " 2018"
  ],
  "name": "BabyFirst Video Educational TV",
  "offered_by": "BabyFirst",
  "permissions": {
    "Phone": [
      "read phone status and identity"
    ],
    "Photos/Media/Files": [
      "read the contents of your USB storage",
      "modify or delete the contents of your USB storage"
    ],
    "Storage": [
      "read the contents of your USB storage",
      "modify or delete the contents of your USB storage"
    ],
    "Device ID & call information": [
      "read phone status and identity"
    ],
    "Other": [
      "receive data from Internet",
      "view network connections",
      "full network access",
      "use accounts on the device",
      "control vibration",
      "prevent device from sleeping"
    ]
  },
  "rate": [
    [
      "6,170",
      "3.9"
    ],
    [
      "3,538",
      "5"
    ],
    [
      "824",
      "4"
    ],
    [
      "557",
      "3"
    ],
    [
      "314",
      "2"
    ],
    [
      "937",
      "1"
    ]
  ],
  "required_android": "4.2",
  "size": "46",
  "url": "https://play.google.com/store/apps/details?id=com.applicaster.il.babyfirsttv",
  "version": "3.5.9.9"
}