{
  "categories": [
    "Casual",
    "Creativity"
  ],
  "description": "\u2022 Simple interface designed for children ages 2-6\u2022 60 brushes and 40 backgrounds\u2022 Multitouch: draw with multiple fingersThis game is ad free (contains no third party or commercial ads). A painting game easy enough for kids to play on their own, and with enough content to keep them creatively engaged. We found that children love variety, so we included over 60 brushes and 40 backgrounds. The controls are simple: (circle) change brush, (square) change background, (slider) change brush size. Multitouch EnabledThis allows children to draw with multiple fingers at the same time. Additionally, kids can draw together on larger screens (tablets), and mom and dad can help out too. 60 BrushesA wide variety of creative, fun, and silly brushes are sure to keep your kids entertained. From rainbows to ropes and cookies to clouds, the brush possibilities are endless! Have an idea for a new brush? Let us know and we'll get it added. 40 BackgroundsThis game features 20 scenic backgrounds and 20 coloring book backgrounds. The scenic backgrounds allow kids to draw anywhere, and the coloring book backgrounds allow kids to draw inside of the lines. Automatic SavingDrawings are automatically saved and loaded so that your kids can pick up right where they left off. Enable the Camera option in the Parents menu to allow for saving of pictures to your device's photo library. Questions or comments? Email support@toddlertap.com or visit http://toddlertap.com",
  "inc": "ToddlerTap",
  "intalled_count": "10,000",
  "last_update": [
    "June",
    "2",
    " 2018"
  ],
  "name": "Toddler Paint and Draw",
  "offered_by": "ToddlerTap",
  "permissions": {
    "Photos/Media/Files": [
      "read the contents of your USB storage",
      "modify or delete the contents of your USB storage"
    ],
    "Storage": [
      "read the contents of your USB storage",
      "modify or delete the contents of your USB storage"
    ],
    "Other": [
      "full network access",
      "Google Play license check"
    ]
  },
  "rate": [
    [
      "41",
      "4.2"
    ],
    [
      "31",
      "5"
    ],
    [
      "2",
      "4"
    ],
    [
      "0",
      "3"
    ],
    [
      "1",
      "2"
    ],
    [
      "7",
      "1"
    ]
  ],
  "required_android": "4.0.3",
  "size": "14",
  "url": "https://play.google.com/store/apps/details?id=com.landoncope.games.toddlerpaintdraw",
  "version": "1.7"
}