{
  "categories": [
    "Action",
    "Action & Adventure"
  ],
  "description": "Enjoy one of the best rpg with great hero battles and combats. Select from various heroes, upgrades, weapons and battle with fearful enemies. This retro rpg features 8-bit graphics and music and will completely remind you of the old-school games. You\u2019ll love every second of it, as it is ultra-fun, easy to play and highly enjoyable. Start the game and enjoy a hero battle, but watch out there will be some really dangerous enemies. See why we are one of the best free rpg games for Android!\u25a3 CAPTIVATING STORYLINELong ago, there was an archmage with a mystic power. She protected the kingdom with her 12 apostles. One day, after the king passed away, they disappeared without a notice, then an endless war against the monsters began. The legend says that only a hero with the artifacts of archmage and apostles can end this war. People waited, for the chosen one, hoping the legend was true. for a long time.\u25a3 ONE OF THE BEST RETRO RPG!You are in the role of the timing hero. He needs your timely reaction in the hero battles. His skills depend on your performance. So, win battles and buy appropriate upgrades. Dodge and attack at the right moment against tons of amazing heroes and bosses.\u25a3 FREE RPG WITH 3 GAME MODESFor start, we recommend the classic game modes. Pick your hero and start the battle. Craft him to be the best. Use the other two game modes: colosseum and raid to further have fun with this classic rpg! See why it is one of the best rpg battle and best free rpg battle games!\u25a3 OLD-SCHOOL, ULTRA-INTERESTING NOSTALGIC GRAPHICS AND GAMEPLAYThis free rpg game features the old-school gaming spirit including retro music and sound effects and retro pixelated graphics! The gameplay is perfectly crafted and all you need to do is be precise! One of those battle games you will have hard time turning off.\u25a3 TONS OF NEW FEATURES!- 10 new heroes with more powerful skills.- 16 new boss monsters with legendary powers.- 2 new epic game modes; Colosseum and Raid.\u25a3 COLOSSEUM GAME MODE- Play as a party of 3 heroes.- Battle against other heroes with hero skills.- Switch between 3 party members with different skills; build your own strategy against powerful enemies.- Win 12 battles and become a champion to get honor points and Summoning Cards to unlock new heroes.\u25a3 RAID GAME MODE- Play as a party of 3 heroes.- Battle against legendary boss monsters with 3 different powerful skills.- Switch between 3 party members with different skills; build your own strategy against powerful enemies.- If you are defeated, you can continue your battle with a different party.- Killing legendary boss monsters will grant you medals and powerful scrolls that can increase hero's attributes beyond the limits.\u25a3 COLOSSEUM/RAID TIPS!- You can switch your party member whenever you want!- Buffs and debuffs don't go away after switching, use it to your advantage.- Skills such as \"Stun\" or \"Shackle\" can be used to stop the enemy skills.- All the enemy skills can be countered with certain hero skills.- Heroes will need a rest after attending Colosseum or Raid battles. Unlock and upgrade other heroes to create more parties to play without waiting.- The difficulty will increase as you clear. Try it the next day if it becomes impossible.\u25a3 RETRO IS COMING BACK! THRILLING CONTROL GAME WITH FULL OF RPG FEATURES.- No auto-combat- Evade and counterattack- Dodge combo-attacks from boss- Enjoy full 4 colors graphic and 4ch 8bit sound\u25a3 PLAY WITH VARIOUS HEROES AND UNIQUE SKILLS!- 26 heroes with different abilities and skills- upgrade your stats with bounty as you want\u25a3 PICK WHAT YOU WANT, COLLECT UNIQUE ARTIFACTS!- 24 artifacts of giving effect to all heroes- Upgrade artifacts, make it more powerful- Clear stage 40, 80, 120 to see the unique epilogues of each hero.\u25a3 TIP! TAKE THE ADVANTAGES BY 'JUST' EVADE & 'JUST' ATTACK!- Just evade : Evade the exact timing- Just attack : Attack monster that appears in the timing",
  "inc": "Buff Studio Co.,Ltd.",
  "intalled_count": "500,000",
  "last_update": [
    "May",
    "31",
    " 2018"
  ],
  "name": "Timing Hero VIP : Retro Fighting Action RPG",
  "offered_by": "Buff Studio Co.,Ltd.",
  "permissions": {
    "Device & app history": [
      "retrieve running apps"
    ],
    "Identity": [
      "find accounts on the device"
    ],
    "Contacts": [
      "find accounts on the device"
    ],
    "Photos/Media/Files": [
      "read the contents of your USB storage",
      "modify or delete the contents of your USB storage"
    ],
    "Storage": [
      "read the contents of your USB storage",
      "modify or delete the contents of your USB storage"
    ],
    "Other": [
      "receive data from Internet",
      "view network connections",
      "full network access",
      "use accounts on the device",
      "control vibration",
      "prevent device from sleeping",
      "read Google service configuration"
    ]
  },
  "rate": [
    [
      "7,099",
      "4.3"
    ],
    [
      "5,164",
      "5"
    ],
    [
      "679",
      "4"
    ],
    [
      "338",
      "3"
    ],
    [
      "213",
      "2"
    ],
    [
      "705",
      "1"
    ]
  ],
  "required_android": "2.3",
  "size": "40",
  "url": "https://play.google.com/store/apps/details?id=com.buffstudio.timingheropaid",
  "version": "1.0.4"
}