{
  "categories": [
    "Arcade",
    "Action & Adventure"
  ],
  "description": "\u2b50 Featured on the TOP 10 GOOGLE PLAY INDIE GAMES 2017 \u2b50Happy Hop is an original endless hopper, very easy to play but at the same time very challenging!\u201cBut, what\u2019s a Miimo?\u201dMiimos are narwhals dressed as other animals \u00f2_o You heard that right! They escaped from their original game Sweet Sins! Help them on this new adventure!--=\u2261\u03a3((( \u3064`\u2022\u03c9\u2022\u00b4)\u3064-------- FEATURES --------\u2b50 Super fun and addictive casual jumping arcade\u2b50 Simple and intuitive one-tap controls (tap left and right to jump between walls & platforms). The whole family can play and enjoy Happy Hop!\u2b50 More than 80 adorable Mimo animals are waiting for you: Little Goat, Alpacorn, Chicken, Whale and so on! Gotta catch them all! <3\u2b50 Doodle your way up on your rainbow while collecting hearts, stars & pi\u00f1atas!\u2b50 Miimoland! A secret world where you\u2019ll get your virtual pets by opening a cute egg!\u2b50 Fly through +20 different landscapes\u2b50 Achievements and leaderboards are integrated with Google Play Games. Battle your friends score!\u2b50 Special offers, pets and gifts will be added with holidays updates: Easter, Halloween, Christmas and other limited time events!- Unique and stunning cute kawaii graphic style <3--------Regarding In-App Purchases: IAPs in the game are purely cosmetic. No additional purchases are needed to finish the game.\u2b50 No internet connection needed.--------#HINT: Unlock Meemo Treasure Dragon and Supporter Deer! They\u2019re super cool *wink*wink*Thanks to all of you who supports us through social media! You are awesome and we truly love you! <3--------This game is made by a 2-person team so we really appreciate your feedback ^-^We really hope you enjoy our game! We certainly had a blast making it. Even if you didn\u2019t, we\u2019d love to hear from you. Email us at info@platonicgames.comJoin our community and take part in great contests and giveaways!\u25b6\ufe0fYoutube Channel: PlatonicGames\ud83d\udc99Follow us on Twitter! @PlatonicGames\u2764\ufe0fFollow us on Instagram: @platonicgames_\ud83d\udc4d\ud83c\udffbLike us on Facebook: PlatonicGamesDownload the cutest game in the history of ever. Once you Hop, the fun don't stop!Kawaii desu ne ~~  \uff90(o*\uff65\u03c9\uff65)\uff89",
  "inc": "Platonic Games",
  "intalled_count": "1,000,000",
  "last_update": [
    "August",
    "2",
    " 2018"
  ],
  "name": "Happy Hop: Kawaii Jump",
  "offered_by": "Platonic Games",
  "permissions": {
    "Other": [
      "receive data from Internet",
      "view network connections",
      "full network access",
      "control vibration",
      "prevent device from sleeping"
    ]
  },
  "rate": [
    [
      "130,760",
      "4.8"
    ],
    [
      "115,292",
      "5"
    ],
    [
      "12,124",
      "4"
    ],
    [
      "1,979",
      "3"
    ],
    [
      "381",
      "2"
    ],
    [
      "984",
      "1"
    ]
  ],
  "required_android": "4.1",
  "size": "40",
  "url": "https://play.google.com/store/apps/details?id=com.platonicgames.hop",
  "version": "1.1.9"
}