{
  "categories": [
    "Adventure",
    "Action & Adventure"
  ],
  "description": "The best-selling LEGO Batman franchise returns in an out-of-this-world, action-packed adventure!  Play as Batman and join forces with characters from the DC Comics universe as you blast off to outer space to stop the evil Brainiac from destroying Earth.100+ PLAYABLE CHARACTERSPlay and unlock more than 100 characters with amazing powers and abilities, including members of the Justice League, BIG LEGO Figures such as Solomon Grundy, Lantern heroes and villains, and much more.  Note: all characters and abilities can be earned without additional purchases.UNLOCK SPECIAL SUITS WITH UNIQUE ABILITIESGrant heroes even more powers with super suits such as Batman's bomb-igniting Demolition Suit, Robin's elite hacker Techno Suit, Cyborg's incognito Stealth Suit, and the Joker's tricky Decoy Suit.45 MISSIONS BEYOND GOTHAMAdventure through an original story set in outer space and Lantern worlds that include Zamaron and Odym or visit familiar DC realms in the Hall of Justice, the Batcave, and the Justice League Watchtower.EVEN MORE CHARACTERSCollect fan favorite characters such as Batman Beyond, the Dark Knight, and Batman \u201966 throughout the year with plenty more on the way (coming soon)!DYNAMIC CONTROL STYLESSwitch between \"Classic\" and \"Touch Screen\" controls to find the play-style that suits you best.",
  "inc": "Warner Bros. International Enterprises",
  "intalled_count": "100,000",
  "last_update": [
    "December",
    "15",
    " 2015"
  ],
  "name": "LEGO \u00ae Batman: Beyond Gotham",
  "offered_by": "Warner Bros. International Enterprises",
  "permissions": {
    "Phone": [
      "read phone status and identity"
    ],
    "Photos/Media/Files": [
      "read the contents of your USB storage",
      "modify or delete the contents of your USB storage"
    ],
    "Storage": [
      "read the contents of your USB storage",
      "modify or delete the contents of your USB storage"
    ],
    "Wi-Fi connection information": [
      "view Wi-Fi connections"
    ],
    "Device ID & call information": [
      "read phone status and identity"
    ],
    "Other": [
      "view network connections",
      "full network access",
      "prevent device from sleeping",
      "Google Play license check"
    ]
  },
  "rate": [
    [
      "10,761",
      "4.1"
    ],
    [
      "7,291",
      "5"
    ],
    [
      "1,048",
      "4"
    ],
    [
      "551",
      "3"
    ],
    [
      "360",
      "2"
    ],
    [
      "1,511",
      "1"
    ]
  ],
  "required_android": "4.0.3",
  "size": "8.0",
  "url": "https://play.google.com/store/apps/details?id=com.wb.goog.lbbg",
  "version": "Varies with device"
}