{
  "categories": [
    "Entertainment",
    "Creativity"
  ],
  "description": "Free and easy horse coloring pages game. If you are fascinated by horses, foals and ponys, this simple game will give inspiration for hours of creativity, play and learning.This app is designed to be fun and easy to use for a mixed audience of all ages, from young to old. Easy navigation makes it not only usable for adults, but also easy to use for kids.With coloring pages of different complexity this game is suited for both kids and adults.You can choose all kind of different horses types like:- Racing horses- Western horses and cowboys and cowgirls- Ponies- Mother horses with foals- Cuddling with a horse- Princess horsesAdd stickers like saddles and riding boots.Or choose mystery paint: The coloring page will slowly appear while painting.Features: - Easy to play - Add stickers to your coloring- Mystery paint- Share your drawings via email, Facebook, etc. - Save and load your coloring pages - Make your own drawing or wallpaper - Intuitive icons and navigation. Simple to play - Pro version without ads and pop-ups availableHorse coloring book is an educational game for stimulating creativity. From toddlers to adults, all love this game. If you like to paint and love horses than try it! So start painting and drawing now and see who can make the most beautiful horses.And once the coloring page is finished, you can easily share a picture of your creation with family and friends. For more coloring pages: take a look at our other games.",
  "inc": "Coloring Games",
  "intalled_count": "1,000,000",
  "last_update": [
    "July",
    "24",
    " 2018"
  ],
  "name": "Horse Coloring Book",
  "offered_by": "Coloring Games",
  "permissions": {
    "Device & app history": [
      "retrieve running apps"
    ],
    "Photos/Media/Files": [
      "read the contents of your USB storage",
      "modify or delete the contents of your USB storage"
    ],
    "Storage": [
      "read the contents of your USB storage",
      "modify or delete the contents of your USB storage"
    ],
    "Wi-Fi connection information": [
      "view Wi-Fi connections"
    ],
    "Other": [
      "receive data from Internet",
      "view network connections",
      "full network access",
      "control vibration",
      "prevent device from sleeping"
    ]
  },
  "rate": [
    [
      "15,027",
      "4.0"
    ],
    [
      "8,829",
      "5"
    ],
    [
      "1,970",
      "4"
    ],
    [
      "1,373",
      "3"
    ],
    [
      "930",
      "2"
    ],
    [
      "1,925",
      "1"
    ]
  ],
  "required_android": "4.1",
  "size": "Varies with devic",
  "url": "https://play.google.com/store/apps/details?id=com.coloring.horse",
  "version": "Varies with device"
}