{
  "categories": [
    "Education",
    "Music & Video"
  ],
  "description": "LEARNING THROUGH LAUGHTER The perfect app for kids to initiate in classical music while they play and have fun with Pocoyo and his friends.In \"Pocoyo, Classical music for kids\" you will find 12 different themes from such well known authors as Vivaldi, Chopin, Tchaikovsky and Beethoven. Every song has been performed for a child audience and it has different settings and funny animations of Pocoyo, Pato, Elly and lots of cheerful characters. Tap on each one of them to discover their funny moves.On this app you can choose the song you want, or play them all.The sensory stimulation by classical music for children and babies have been shown beneficial in enhancing language skills, stimulating creativity, improving auditory perception abilities and fostering the learning, attention, and concentration. Besides, if it is lead by the hand of Pocoyo,  fun is assured.Songs included are:\u2022\tSpring - Vivaldi\u2022\tMinueto - Luigi Boccherini\u2022\tThe nutcracker - Tchaikovsky\u2022\tLa Gazza Ladra - Rossini\u2022\tMorning Mood - Edvard Grieg's Peer Gynt\u2022\tDance of the Hours - Amilcare Ponchielli\u2022\tOverture William Tell - Rossini\u2022\tNocturne N\u00ba 2 - Chopin\u2022\tF\u00fcr Elisa - Beethoven\u2022\tBrahm's Lullaby - Brahm\u2022\tElly's doll - D. Heredero\u2022\tPocoyo Suite - D. HerederoGet this app and enjoy how your kids learn and have fun listening to classical music, while you chill out.\"Pocoyo, Classical music for kids\" doesn't contain ads, nor payments inside the app.",
  "inc": "Zinkia Entertainment, S.A.",
  "intalled_count": "1,000",
  "last_update": [
    "May",
    "25",
    " 2018"
  ],
  "name": "Pocoyo Classical Music",
  "offered_by": "Zinkia Entertainment, S.A.",
  "permissions": {
    "Wi-Fi connection information": [
      "view Wi-Fi connections"
    ],
    "Other": [
      "receive data from Internet",
      "view network connections",
      "full network access",
      "control vibration",
      "prevent device from sleeping"
    ]
  },
  "rate": [
    [
      "24",
      "4.3"
    ],
    [
      "17",
      "5"
    ],
    [
      "2",
      "4"
    ],
    [
      "2",
      "3"
    ],
    [
      "1",
      "2"
    ],
    [
      "2",
      "1"
    ]
  ],
  "required_android": "4.1",
  "size": "46",
  "url": "https://play.google.com/store/apps/details?id=com.zinkia.pocoyoclassic",
  "version": "2.4"
}