{
  "categories": [
    "Educational",
    "Creativity"
  ],
  "description": "Magic paint is an application for kids, with this app children can learn to paint and coloring and spend a fun time while they are painting. The game is very easy to use, the design is intended for use by kids. The game offers special paint brushes with textures, brushes of various sizes, paint bucket, create lines, painting figures, option to save images ...The game has two modes:- Paint and color contoured images. Paint Magic detects the boundaries of drawing and helps the child swipe their finger over the screen.- Paint. Free mode in which children can draw, paint and coloring without limits.",
  "inc": "pescAPPs",
  "intalled_count": "500,000",
  "last_update": [
    "May",
    "19",
    " 2016"
  ],
  "name": "Kids Paint & Coloring Free",
  "offered_by": "pescAPPs",
  "permissions": {
    "Photos/Media/Files": [
      "read the contents of your USB storage",
      "modify or delete the contents of your USB storage"
    ],
    "Storage": [
      "read the contents of your USB storage",
      "modify or delete the contents of your USB storage"
    ],
    "Other": [
      "view network connections",
      "full network access"
    ]
  },
  "rate": [
    [
      "913",
      "4.2"
    ],
    [
      "596",
      "5"
    ],
    [
      "106",
      "4"
    ],
    [
      "79",
      "3"
    ],
    [
      "43",
      "2"
    ],
    [
      "89",
      "1"
    ]
  ],
  "required_android": "2.3.3",
  "size": "14",
  "url": "https://play.google.com/store/apps/details?id=com.pescapps.MagicPaint",
  "version": "1.4"
}