{
  "categories": [
    "Educational",
    "Creativity"
  ],
  "description": "Anitales - Read Story & Make Story is a unique and exciting free cartoon story maker (cartoon video creator), which encourages kids to create animated story by using their imagination and improve their creative writing skills. You can export your cartoon story to video and share it with your families and friends. Anitales is also a cartoon story reader, you can read / watch thousands of animated cartoon stories / cartoon movies from our creative authors.Immerse yourself in the Anitales world as you choose your cartoon story location (scene), add personalized cartoon avatars, record voice-overs, and much more to bring your cartoon story to life.In Anitales, you can also create your own clubs (Aniclubs), which you have authority to make rules and categories, and get your families and friends involved. Anitales is a great fun for the whole family, and allows you to connect and share your stories with friends all over the world!This colorful and beautifully illustrated cartoon world is full of creative space and possibilities. Your stage is as big as your imagination!Features:01. Improve creative writing skills in a fun way02. Create and customize up to 3 avatars03. Add animations and record your own voices04. Up to 1 million animations to compose\u00a005. Choose from a wide variety of scenes, weathers, skies, props and musics06. Able to use your friend\u2019s avatars in your stories07. Connect and share your cartoons with family and friends08. Read as an interactive book or watch as a cartoon movie09. Create your clubs for families and friends10. Export your cartoon story to videoAnitales Tutorial:https://www.youtube.com/playlist?list=PLAWS3SnjVgvGj10E3_MOrkhyrdj5GU-PGSample Movies:https://www.youtube.com/playlist?list=PLAWS3SnjVgvEgtfm2ujvqL8qUyaASUnU9About Us:Anitales was created by a couple of parents who wanted to create an interactive and immersive world that encourages kids to use their imaginations to make story and have fun, whilst also improving their creative writing skills.\u00a0Contact Us:Let us know what you think! Questions? Suggestions? Technical support?\u00a0Contact us at: admin@anitales.clubAnitales - Read Story & Make Story is a unique and exciting free cartoon story maker (cartoon video creator), which encourages kids to create animated story by using their imagination and improve their creative writing skills. You can export your cartoon story to video and share it with your families and friends. Anitales is also a cartoon story reader, you can read / watch thousands of animated cartoon stories / cartoon movies from our creative authors.",
  "inc": "Mibao Information Technology Ltd",
  "intalled_count": "100,000",
  "last_update": [
    "April",
    "2",
    " 2018"
  ],
  "name": "Anitales - Make Story",
  "offered_by": "Mibao Information Technology Ltd",
  "permissions": {
    "Device & app history": [
      "retrieve running apps",
      "read sensitive log data"
    ],
    "Identity": [
      "find accounts on the device"
    ],
    "Contacts": [
      "find accounts on the device"
    ],
    "Location": [
      "approximate location (network-based)"
    ],
    "Phone": [
      "read phone status and identity"
    ],
    "Photos/Media/Files": [
      "access USB storage filesystem",
      "read the contents of your USB storage",
      "modify or delete the contents of your USB storage"
    ],
    "Storage": [
      "read the contents of your USB storage",
      "modify or delete the contents of your USB storage"
    ],
    "Microphone": [
      "record audio"
    ],
    "Wi-Fi connection information": [
      "view Wi-Fi connections"
    ],
    "Device ID & call information": [
      "read phone status and identity"
    ],
    "Other": [
      "close other apps",
      "receive data from Internet",
      "view network connections",
      "full network access",
      "run at startup",
      "reorder running apps",
      "control vibration",
      "prevent device from sleeping",
      "modify system settings"
    ]
  },
  "rate": [
    [
      "5,767",
      "4.2"
    ],
    [
      "4,001",
      "5"
    ],
    [
      "552",
      "4"
    ],
    [
      "351",
      "3"
    ],
    [
      "155",
      "2"
    ],
    [
      "708",
      "1"
    ]
  ],
  "required_android": "4.1",
  "size": "92",
  "url": "https://play.google.com/store/apps/details?id=com.linguo.magicbook.android",
  "version": "5.2.1"
}