{
  "categories": [
    "Entertainment",
    "Action & Adventure"
  ],
  "description": "Ride the railways with Wilson, Brewster, Koko and newest Chugger: Chief of Chug Patrol, Jackman, in this interactive kids train game! Read the story, complete challenges, and use your new skills to win special Chug Patrol badges. This is no ordinary train travel!Chug Patrol: Ready to Rescue looks and feels just like a real book. Watch and listen as Jackman narrates the story, then turn the page to see each stunning 3D pop-up scene magically unfold! Do you have what it takes to be a Chug Patroller? Take part in the action to find out! Packed with games and activities: GAMES\u25cf Keep the railroad track safe from collision by clearing logs. Drive the train - but safety first! \u25cf Help Wilson catch runaway wagons on the railways with Chug Patrol 1, the Claw Car - hone your traffic skills!\u25cf Rush to rescue Koko from the collapsing mine tunnel. \u25cf Lay track with Brewster and the Chuggineers. \u25cf Learn how to be a high speed Chugger with Koko and leader of Speed Fleet, Hanzo . \u25cf Clean up messy train travel Chuggers in the Chug Wash. \u25cf Launch coloured flares up into the air under the watchful eye of Jackman. Watch out, they're loud! \u25cf Rescue a derailed Emery with Chug Patrol 4, the Stretch Car. \u25cf ...and much, much more! Wowzer! _______________________________FEATURESAre you ready to rescue? In Chug Patrol: Ready to Rescue railroad game, you can join the trainees as they move up to advanced training and set out on their most exciting railroad adventures yet. Put your bravery to the test and become a trainee Chug Patroller just like Wilson. Explore the railways with Koko as she trains for Speed Fleet, and help Brewster prove he has the strength and determination to become a hard-working Chuggineer. Get ready Chug Patrollers! YOU are in control and ready to roll! \u00b7 The official kid train app of the Chug Patrol: Ready to Rescue extended episode \u00b7 Features the newest Chuggers of Chuggington \u2013 Jackman, Zack and Hanzo \u00b7 Full 3D experience \u2013 it\u2019s just like a real book \u00b7 21 pages of exciting story, animation and illustrations \u00b7 9 stunning 3D pop-up scenes with interactive games and activities \u00b7 Positive reinforcement for reading and playing along. Win a Chug Patrol badge when each game is completed!\u00b7 Read to Me, Read it Myself and Autoplay modes \u00b7 Features a fantastic musical score and lots of traintastic sound effects \u00b7 Say goodnight with your favourite trainees \u2013 Wilson, Brewster and Koko ______________________________Enjoyed your experience of Chug Patrol Kid Train: Ready to Rescue? Have some helpful feedback? Be sure to leave a review! STORYTOYS AWARDS\u2022 Kidscreen 2016 Award\u2022 Winner of the BolognaRagazzi Digital Award, 2015\u2022 11 Children\u2019s Technology Review Editor\u2019s Choice Awards\u2022 2 iLounge awards for best kids\u2019 app\u2022 2 Mom\u2019s Choice gold awards\u2022 Mom\u2019s Choice Silver award\u2022 Shortlist nominations for the FutureBook Digital Innovation Award\u2022 Best Kids\u2019 App Ever winner\u2022 Longlisted for the DBW Publishing innovation award\u2022 9 Tech With Kids Best Pick App Awards__________________________________STAY IN TOUCH!Stay in touch to hear about new releases and promotions: - Visit us: storytoys.com (don\u2019t forget to subscribe to our email list!)- Email us: For any technical issues please email us at support@storytoys.com - Like us on Facebook: Facebook.com/StoryToys - Follow us on Twitter: @StoryToys- Follow us on Instagram: @storytoys_apps",
  "inc": "StoryToys",
  "intalled_count": "5,000",
  "last_update": [
    "June",
    "15",
    " 2015"
  ],
  "name": "Chug Patrol Kid Train: Ready to Rescue!",
  "offered_by": "StoryToys",
  "permissions": {
    "Phone": [
      "read phone status and identity"
    ],
    "Photos/Media/Files": [
      "read the contents of your USB storage",
      "modify or delete the contents of your USB storage"
    ],
    "Storage": [
      "read the contents of your USB storage",
      "modify or delete the contents of your USB storage"
    ],
    "Wi-Fi connection information": [
      "view Wi-Fi connections"
    ],
    "Device ID & call information": [
      "read phone status and identity"
    ],
    "Other": [
      "view network connections",
      "full network access",
      "prevent device from sleeping",
      "Google Play license check"
    ]
  },
  "rate": [
    [
      "162",
      "4.2"
    ],
    [
      "105",
      "5"
    ],
    [
      "21",
      "4"
    ],
    [
      "13",
      "3"
    ],
    [
      "11",
      "2"
    ],
    [
      "12",
      "1"
    ]
  ],
  "required_android": "2.3.3",
  "size": "22",
  "url": "https://play.google.com/store/apps/details?id=com.storytoys.Chuggington.Book1.Paid.GooglePlay",
  "version": "1.0.8"
}