{
  "categories": [
    "Casual",
    "Pretend Play"
  ],
  "description": "\u25b6\u25b6\u25b6 OVER 4 MILLION PLAY HOME APP DOWNLOADS!!! JOIN THE FUN! \u2605\u2605\u2605 Featured in THE NEW YORK TIMES: Apps to Keep Children Happy \u2605 TOP 10 BEST KIDS APPS OF THE YEAR - BestKidsApps.com \u2605 READERS' CHOICE AWARD THE YEAR - BestKidsApps.com \u2605 READERS' TOP 10 THE YEAR - SmartAppsForKids.com \u2605 Editor's Choice Award! - Children's Technology Review \u2605 Editor's Choice + Readers' Choice - BestAppsForKids.com \"You really ought to grab this app. My kids cannot stop playing with this one.\" \u25b6 TheiPhoneMom.com-------------------------------------------------My PlayHome is a doll house for the iGeneration. Imagine a doll house where your child can use everything, even the closets, TV and shower. Where you can fry an egg and feed the family pizza. Where you can pour drinks, blow bubbles and turn out the lights. Imagine a doll house where the pieces are impossible to lose and never break. A doll house which grows over time and where new accessories and rooms are given to you for free. Imagine if it was designed so that even a 2 year old could use it, yet detailed enough to entertain an 8 year old. Imagine a doll house that could excite and captivate your children for hours for less than the price of a cup of coffee.... -------------------------------------------------My PlayHome is the original and best dolls house app. Massively interactive, your kids can explore and use everything in the house. The characters eat, sleep, shower, brush their teeth and more. Want the room to be darker? Close the curtains! Fancy a change in music? Pop a different CD into the stereo! No other doll house app comes close in interactivity, detail, ease of use and just plain fun! -------------------------------------------------\u2605 NO ADVERTISEMENTS! \u2605 NO IN-APP PURCHASES! -------------------------------------------------WHAT PEOPLE ARE SAYING ABOUT MY PLAYHOME: \"To say that my toddler loves this app is a total understatement.\" \u25b6 thedirtytshirt.com - A Nielsen Power 50 Mom \"My 10 year old daughter loves it just as much as our twin 3 year olds...I'd be shocked if you found a pre-schooler who didn't like this game.\" \u25b6 AndTwinsMake5 \"Words cannot describe how much I have enjoyed playing with this app with my youngest daughter\" \u25b6 softwaresmoothie.com \"Fabulous app! Haven't seen my iPad back since I've installed it. Kids love the app...Great illustrations and lots of interaction...5 stars.\" \u25b6 www.ipadapps4kids.eu \"This is a fantastic app and well worth the few dollars I spent on it. I'd definitely recommend it to anyone with kids under the age of 10\" \u25b6 survivemag.com \"My PlayHome is my new favorite app for the little guys. Pronouns, verbs, pretend play, sequencing. Kids Love it...I love it.\" \u25b6 M Graham, Pediatric SLP and Director of Technology Services at Children's Therapy Associates \"A new fun App for both expressive and receptive building...Hope you like it as much as we do!\" \u25b6 Augmentative Communication Program at Children's Hospital Boston -------------------------------------------------Shimon Young is a member of Moms with Apps, a collaborative group of family-friendly developers seeking to promote quality apps for kids and families. Ages: 1-3, 4-7 -------------------------------------------------My Play Home on the webhttp://www.myplayhomeapp.com/ http://www.facebook.com/playhome http://twitter.com/myplayhomeapp-----------------------------------------------Remember! It's My PlayHome - not My Play Home or My Play House!",
  "inc": "Shimon Young : Play Home Software",
  "intalled_count": "50,000",
  "last_update": [
    "May",
    "23",
    " 2018"
  ],
  "name": "My PlayHome : Play Home Doll House",
  "offered_by": "Shimon Young : Play Home Software",
  "permissions": {
    "Wi-Fi connection information": [
      "view Wi-Fi connections"
    ],
    "Other": [
      "view network connections",
      "full network access"
    ]
  },
  "rate": [
    [
      "3,251",
      "4.6"
    ],
    [
      "2,588",
      "5"
    ],
    [
      "320",
      "4"
    ],
    [
      "129",
      "3"
    ],
    [
      "62",
      "2"
    ],
    [
      "152",
      "1"
    ]
  ],
  "required_android": "2.3",
  "size": "80",
  "url": "https://play.google.com/store/apps/details?id=com.playhome",
  "version": "3.3.0.21"
}