{
  "categories": [
    "Education",
    "Education"
  ],
  "description": "\u272a Chicago Tribunes\u2019 5 Best Kids apps! Looking for a game that is fun AND educational for your kids and toddlers? Puzzingo Puzzles is that and more! Download today!Kids and toddlers love Puzzingo puzzles and games! They are full of interactivity, animations, and fun for learning and repeat plays.  Unlike jigsaw puzzles, every Puzzingo puzzle piece is named, so preschool children will build vocabulary while playing. We support learning in many languages, including English, Spanish, Chinese, Japanese, and UK English!In addition to learning words, these puzzles help toddlers and kids develop spatial recognition, matching, tactile, and fine-motor skills. When a puzzle is completed, your child will be rewarded with a variety of fun mini-games. For children with autism, kids in speech therapy, and children with special needs, visual and audio cues throughout the app are designed to make the game accessible for them. In fact, Puzzingo is the perfect enrichment app when working with developmentally delayed, autistic, and special needs children.Puzzingo comes with 8 free puzzles containing over 100 vocabulary words and pieces. In addition, your kids and toddlers can look forward to a new \u201cFree Daily Preview\u201d puzzle game every single day. If you would like more content, there are over 100 puzzles in over 13 puzzle packs available for purchase. All purchases are locked behind parent-gates to block accidental purchases by children. Puzzles include core concepts such as ABCs, shapes, colors, numbers, and music. They also cover popular topics like animals, cars, trains, princesses, dinosaurs, planes, and more._________________CONTACT US: Please email us at support@77sparx.com. We love to hear from you!_________________RESTORE PAST PURCHASES: http://www.77sparx.com/restore-puzzingo-purchases/",
  "inc": "77SPARX Studio, Inc.",
  "intalled_count": "1,000,000",
  "last_update": [
    "July",
    "6",
    " 2018"
  ],
  "name": "Toddler Kids Puzzles PUZZINGO",
  "offered_by": "77SPARX Studio, Inc.",
  "permissions": {
    "Wi-Fi connection information": [
      "view Wi-Fi connections"
    ],
    "Other": [
      "full network access",
      "control vibration"
    ]
  },
  "rate": [
    [
      "14,015",
      "4.6"
    ],
    [
      "10,196",
      "5"
    ],
    [
      "2,482",
      "4"
    ],
    [
      "663",
      "3"
    ],
    [
      "277",
      "2"
    ],
    [
      "397",
      "1"
    ]
  ],
  "required_android": "4.0.3",
  "size": "60",
  "url": "https://play.google.com/store/apps/details?id=com.sx.puzzingo",
  "version": "7.32"
}