{
  "categories": [
    "Books & Reference",
    "Education"
  ],
  "description": "Read and sing along to baby\u2019s favorite nursery rhymes! This interactive app encourages early learning with dynamic characters, engaging music, sung songs, animations and two great classic stories: Row, Row, Row Your Boat and Animal Fair.Features:\u2022 Features two classic nursery rhyme stories:  - Row, Row, Row Your Boat  - Animal Fair\u2022 Two modes of play that grow with baby\u2019s development:  - Sing to Me \u2013 For the younger baby, the narrator sings the stories and any touch advances the content  - Read & Learn \u2013 For the older baby, the narrator reads the stories and the interactive touch points reveal additional animated content\u2022 Tap the screen to interact with surprise animations \u2022 Hear engaging music and sung songs for your baby\u2022 Personalized book plate for your babyCustomizable Options:\u2022 Turn background music on/off\u2022 Turn narrator voice on/off\u2022 Auto Play - will automatically \u201cturn the page\u201d to advance content for baby================================================================================We recommend parent and child joint media engagement. See our Media Viewing Tips at:  http://www.fisher-price.com/en_US/playtime/keepinmind.htmlEnd User License Agreement: http://fpconnect.fisher-price.com/dssupdate/EULA/LaughLearn_GoogleEULA.html",
  "inc": "Fisher-Price, Inc.",
  "intalled_count": "1,000,000",
  "last_update": [
    "May",
    "8",
    " 2018"
  ],
  "name": "Storybook Rhymes Volume 2",
  "offered_by": "Fisher-Price, Inc.",
  "permissions": {
    "Photos/Media/Files": [
      "read the contents of your USB storage",
      "modify or delete the contents of your USB storage"
    ],
    "Storage": [
      "read the contents of your USB storage",
      "modify or delete the contents of your USB storage"
    ],
    "Other": [
      "disable your screen lock",
      "full network access",
      "prevent device from sleeping"
    ]
  },
  "rate": [
    [
      "4,521",
      "4.2"
    ],
    [
      "2,715",
      "5"
    ],
    [
      "862",
      "4"
    ],
    [
      "374",
      "3"
    ],
    [
      "233",
      "2"
    ],
    [
      "337",
      "1"
    ]
  ],
  "required_android": "4.0",
  "size": "24",
  "url": "https://play.google.com/store/apps/details?id=air.com.fisherprice.Storybook2",
  "version": "2.6.1"
}