{
  "categories": [
    "Casual",
    "Creativity"
  ],
  "description": "Have some fun painting cute dinos!This is a simple yet fun drawing app for kids - WITH NO ADS WHILE PLAYING!Download the now and you'll soon be coloring lots of cute dinosaurs, having fun creating your own doodles in free draw mode, and laughing at the wacky color combinations created by the random button.++ GAME FEATURES ++\u2022 NO ADVERTISEMENTS! No ads are shown while playing this kids game\u2022 16 coloring pages with highly detailed & cute dinosaurs (5 are available for free)\u2022 2 blank pages for painting on as a drawing pad / doodle pad (1 is available for free)\u2022 Color the pictures by touching the different parts or draw freehand - or use both modes together for a unique drawing experience\u2022 Magic wand paints the dino for you with lots of different colors\u2022 Unlimited undos to go back step by step, keeping your kids doodle looking just right\u2022 Coloring book pages are automatically saved and restored\u2022 16 different colors for painting and drawing\u2022 Intuitive and simple interface for toddlers, girls, and boys aged 2 - 5\u2022 Great dinosaur drawing app for both phone and tablet\u2022 One in-app purchase to unlock the full game - protected by a parent gate to keep your toddlers safeWe believe this is a great free painting app for kids - but what do your girls or boys think? Download our coloring book game today, leave a review, and let us know!Music: \"Quasi Motion\" by Kevin Macleod (incompetech.com)",
  "inc": "App Family Kids - Games for boys and girls",
  "intalled_count": "500,000",
  "last_update": [
    "June",
    "18",
    " 2018"
  ],
  "name": "Kids Dinosaur Coloring Pages - Free Dino Game",
  "offered_by": "App Family Kids - Games for boys and girls",
  "permissions": {
    "Other": [
      "view network connections",
      "full network access"
    ]
  },
  "rate": [
    [
      "2,276",
      "3.7"
    ],
    [
      "1,085",
      "5"
    ],
    [
      "366",
      "4"
    ],
    [
      "285",
      "3"
    ],
    [
      "197",
      "2"
    ],
    [
      "343",
      "1"
    ]
  ],
  "required_android": "4.2",
  "size": "22",
  "url": "https://play.google.com/store/apps/details?id=se.appfamily.coloring.dinosaurs.free",
  "version": "18.1"
}