{
  "categories": [
    "Role Playing",
    "Pretend Play"
  ],
  "description": "\u2605 TOP PICK ON SMARTAPPSFORKIDS.COM! \u201cA creative role-playing game full of cute critters and fun interactivity which is going to be used for hours and hours of creative play by your young ones\u201d \u2605 WIRED \u201cThis charming preschooler game promotes role-playing and creativity for young children\u201d \u2605 GIGGLEAPPS \u201cDr. Panda Daycare is a delightful role-playing app for toddlers and those in preschool\u201d Imagine and play in Dr. Panda Daycare! Dr. Panda Daycare is a virtual play app which stimulates creative thinking. Animal parents bring their babies to Dr. Panda Daycare and it is your kid\u2019s job to take care of them! You can play with them, put them to bed or have a birthday party, this game allows for nearly endless possibilities! Key Features: - More than 1000 different interactions as well as role play elements like playing, putting animals to bed, cooking, feeding them, making music and much more - Educational values: Stimulation of imagination and creativity, feeling of responsibility - Create your own music in the music room! - Kids and Parents Friendly: Easy-to-use interface and no reading required - Kids Safe: No third party advertisement or any in-app purchase Privacy Policy As a designer of kids\u2019 games, we understand how important privacy is in this modern, digital world. You can read our privacy policy here: http://www.drpanda.com/privacy About Dr. PandaDr. Panda is a developer of games for kids. We develop games with educational values that help kids learn about the world. This game is safe and does not contain inappropriate content, in-app purchases or any third-party advertising.If you\u2019d like to know more about us and how we design games for kids visit our website www.drpanda.com/about. If you have any questions feel free to send us an email at support@drpanda.com or contact us on Facebook (www.facebook.com/drpandagames) or Twitter (www.twitter.com/drpandagames) or Instagram www.instagram.com/drpandagames.",
  "inc": "Dr. Panda",
  "intalled_count": "50,000",
  "last_update": [
    "July",
    "31",
    " 2015"
  ],
  "name": "Dr. Panda Daycare",
  "offered_by": "Dr. Panda",
  "permissions": {
    "Phone": [
      "read phone status and identity"
    ],
    "Photos/Media/Files": [
      "read the contents of your USB storage",
      "modify or delete the contents of your USB storage"
    ],
    "Storage": [
      "read the contents of your USB storage",
      "modify or delete the contents of your USB storage"
    ],
    "Device ID & call information": [
      "read phone status and identity"
    ],
    "Other": [
      "view network connections",
      "full network access",
      "prevent device from sleeping",
      "Google Play license check"
    ]
  },
  "rate": [
    [
      "1,835",
      "4.5"
    ],
    [
      "1,356",
      "5"
    ],
    [
      "241",
      "4"
    ],
    [
      "81",
      "3"
    ],
    [
      "52",
      "2"
    ],
    [
      "105",
      "1"
    ]
  ],
  "required_android": "4.0",
  "size": "41",
  "url": "https://play.google.com/store/apps/details?id=com.tribeplay.drpandakindergarten",
  "version": "2.2"
}