{
  "categories": [
    "Simulation",
    "Action & Adventure"
  ],
  "description": "Snoopy, Charlie Brown and the rest of the Peanuts gang are building a town! Come and join them and become part of Snoopy's game based on the Peanuts comic strip!Build a town with classic Peanuts tales characters! Charlie Brown, Linus, Lucy, Schroeder, Peppermint Patty, Woodstock and all the Snoopy's friends are ready for an amazing construction simulator adventure that's fun for kids and families! Become the builder of Snoopy's town by expanding the neighborhood and developing a world full of imagination with your favorite Peanuts characters! Explore iconic locations from the comic strip and solve every quest and mission! Snoopy is struggling to write his next great novel when he notices that a \u201cnew kid,\u201d the Little Red-Haired Girl, has moved into town, right next door. Snoopy decides to put his role of \u201cWorld Famous Author\u201d aside and instead adopt a new role, \u201cChair-Beagle of the Welcoming Committee.\u201d Help him to write the story of his new town for kids by starting to build a neighborhood with all of his favorite people and places!Features of Snoopy\u2019s Building Town Simulator:\u2022 Build a Village and Custom Peanuts World - ideal for kids and family!\u2022 Design and develop a city and explore iconic locations based on the comics\u2022 Rebuild, decorate and craft attractions like Charlie Brown\u2019s house, the baseball field and the skating rink and expand the village for a new simulation adventure\u2022 Build a house for Snoopy, plant trees, create houses and back yards and set more than 200 decorations in this simulatorTown Growth: Build wonderful houses\u2022 Building a city is not easy! Work hard and earn experience ending every quest successfully!\u2022 The construction of the city will not disappoint Peanuts fans: this building simulator is a true copy of the comics!  \u2022 Take the chance to finish every quest and task in order to make your village grow!Pet Simulator Adventure\u2022 Snoopy brought his family to visit his doghouse!\u2022 Play dog games with Spike, Belle and the rest of the Peanuts puppy beagles of the neighborhoodBuild a city full of houses with Snoopy, Charlie Brown, his classmates and the Peanuts gang in this free construction simulator for children!",
  "inc": "PIXOWL INC.",
  "intalled_count": "1,000,000",
  "last_update": [
    "July",
    "30",
    " 2018"
  ],
  "name": "Snoopy's Town Tale - City Building Simulator",
  "offered_by": "PIXOWL INC.",
  "permissions": {
    "Photos/Media/Files": [
      "read the contents of your USB storage",
      "modify or delete the contents of your USB storage"
    ],
    "Storage": [
      "read the contents of your USB storage",
      "modify or delete the contents of your USB storage"
    ],
    "Wi-Fi connection information": [
      "view Wi-Fi connections"
    ],
    "Other": [
      "receive data from Internet",
      "view network connections",
      "full network access",
      "control vibration",
      "prevent device from sleeping"
    ]
  },
  "rate": [
    [
      "47,042",
      "4.2"
    ],
    [
      "29,691",
      "5"
    ],
    [
      "7,393",
      "4"
    ],
    [
      "3,986",
      "3"
    ],
    [
      "1,832",
      "2"
    ],
    [
      "4,140",
      "1"
    ]
  ],
  "required_android": "4.4",
  "size": "58",
  "url": "https://play.google.com/store/apps/details?id=com.activision.peanuts",
  "version": "3.2.4"
}