{
  "categories": [
    "Educational",
    "Brain Games"
  ],
  "description": "Kids learning games is all we do!The most downloaded of all the kids educational apps on Google Play, Kids Preschool Puzzles Lite, contains two categories of puzzles to try out (Animals and Food), before you buy the full version (which contains Animals, Food, Transport, Sports, Professions, Geometric Figures, Numbers, Letters, and Assorted).Your child will slide and snap the colorful puzzle pieces into place to reveal the delightful image.Once kids complete the puzzle, the pleasant voice of a lady announcer congratulates the child on an excellent job and tells the child what the image depicts.Children enjoy success time after time and receive positive reinforcement from the likable teacher. So they want to keep learning.\u2605\u2605\u2605 What will my children learn? \u2605\u2605\u2605Like all Intellijoy games, the game focuses on a specific educational lesson, so children and their parents find the game really inviting and distraction-free. Kids Preschool Puzzles helps children build and practice cognitive skills, visual spatial skills, shape recognition, as well as tactile and fine motor skills.\u2605\u2605\u2605 What won't my children learn? \u2605\u2605\u2605The game does not overload children and parents with too many audio and visual stimuli. Coping with stress and over-stimulation is therefore one skill that your kids won't be practicing during this game. Its clear focus makes the game a delight for children and a winning choice for parents.Although it's perfect for preschoolers, who just love the game, many children of kindergarten age and in the early grades also enjoy snapping the puzzle pieces into place and learning the 100-plus images (in the full version) the puzzles represent.\u2714 Our games are laser focused. For example, the numbers game doesn't teach letters, and the letters game doesn't teach math. We keep the games simple but magically inviting and nourishing.\u2714 We strive to give children just the right balance between education and fun. So our games don't feature fun at the expense of education \u2013 or education at the expense of fun. We also know games that are too complicated don\u2019t involve and delight kids.",
  "inc": "Intellijoy Educational Games for Kids",
  "intalled_count": "5,000,000",
  "last_update": [
    "November",
    "3",
    " 2017"
  ],
  "name": "Kids Preschool Puzzles (Lite)",
  "offered_by": "Intellijoy Educational Games for Kids",
  "permissions": {
    "Other": [
      "full network access"
    ]
  },
  "rate": [
    [
      "34,390",
      "4.3"
    ],
    [
      "21,195",
      "5"
    ],
    [
      "7,248",
      "4"
    ],
    [
      "2,535",
      "3"
    ],
    [
      "1,427",
      "2"
    ],
    [
      "1,985",
      "1"
    ]
  ],
  "required_android": "2.3",
  "size": "Varies with devic",
  "url": "https://play.google.com/store/apps/details?id=zok.android.shapes",
  "version": "3.3.1"
}