{
  "categories": [
    "Education",
    "Education"
  ],
  "description": "Fun game that teaches preschool kids numbers, colors, shapes, animals, and morePreschool Adventures-1 is a wonderful game with educational puzzles for 3-4-year old kids.Completely safe, this game is a perfect tool to help your child grow, learn, and have fun at the same time. Even very small children can learn and improve their skills and cognitive abilities, which will give them more advantage later in life, before or during school. And it also gives the parents some time off. You can sit and relax while your children are learning and having fun. The game is suitable for little girls and little boys alike.The game has 36 puzzles in four fun, colorful, and educational sections, specifically designed to contribute to, exercise, and develop your child's cognitive skills and general knowledge.While playing the game your child learns the names, meanings (and sounds, if applicable) of:\u2714 Numbers (from 1 to 10)\u2714 Geometric shapes (square, circle, triangle, etc.)\u2714 Animals (including the sounds they make)\u2714 Colors\u2714 Fruits and vegetables\u2714 Vehicles (including the sounds they make)\u2714 Electric appliances (including the sounds they make)\u2714 Clothes\u2714 Sea creatures, and more...Additionally, the child learns some of the more abstract concepts, including:\u2714 Distinguishing between sizes (big, medium, and small)\u2714 Matching different objects in the same category\u2714 Recognizing an object by its silhouette (shadow)\u2714 Recognizing the same object in different orientations (multilateral awareness)The game includes the appropriate sounds of animals, birds, musical instruments, cars, tools, dolls, and so on. These (and other) sounds are played on each correct answer.\u2665 All the puzzles were prepared by a specialist in the field of child mental development.\u2665 The game was tested on dozens of children prior to its release.\u2665 The game is available at Apple and Amazon app stores as well.Our goal at Forqan Smart Tech is to provide the best value for your children, allowing them to develop visual and cognitive abilities, to learn to communicate with their peers and the environment around them, and to acquire important life skills. Each game is designed by a professional for the specific age group.Let your kid have fun and learn with our wonderful Preschool Adventures game!",
  "inc": "forqan smart tech",
  "intalled_count": "1,000,000",
  "last_update": [
    "July",
    "22",
    " 2018"
  ],
  "name": "Preschool Adventures-1",
  "offered_by": "forqan smart tech",
  "permissions": {
    "Photos/Media/Files": [
      "read the contents of your USB storage",
      "modify or delete the contents of your USB storage"
    ],
    "Storage": [
      "read the contents of your USB storage",
      "modify or delete the contents of your USB storage"
    ],
    "Other": [
      "receive data from Internet",
      "view network connections",
      "full network access",
      "prevent device from sleeping"
    ]
  },
  "rate": [
    [
      "2,534",
      "4.2"
    ],
    [
      "1,527",
      "5"
    ],
    [
      "515",
      "4"
    ],
    [
      "218",
      "3"
    ],
    [
      "103",
      "2"
    ],
    [
      "171",
      "1"
    ]
  ],
  "required_android": "4.1",
  "size": "50",
  "url": "https://play.google.com/store/apps/details?id=forqan.tech.families1",
  "version": "2.1.8"
}