{
  "categories": [
    "Educational",
    "Action & Adventure"
  ],
  "description": "Join the playful cloud on an adventure around earth. She sees so many problems here and there, and she feels the need to help. Maybe you can point out the bad and guide her to make them better. \u201cIt\u2019s time for a cleansing rain,\u201d says the cloud!Fun features:- Caring for the environment through fun gameplay- 9 cool places to visit and 15 cute animals to help- Create different weather for some amazing effects! Help the animals fight disasters, natural and man-made: cleansing the air of pollution, replenishing water to dry land and ponds, powering clean generators, and a lot more activities to explore. Let\u2019s make it a wonderful adventure!-- -- --  Design concepts:We focus on inspirational learning;We focus on skill-building;We focus on bringing fun contents to our young audience;Take the baby bus for an unique learning experience!The series introduction:Baby Bus is the first trusted brand in early childhood educational software. The mobile applications are designed and developed specifically for preschoolers, and they are divided into two groups by age, the Starter Group for toddlers between the ages of 1 and 3 and the Prodigy Group for children between the ages of 3 and 6. The educational series in the Prodigy Group combines the main concepts of early childhood education to meet the needs of mastering different learning categories. The applications are aimed at the comprehensive and the analytic development in preschoolers.Tips: In the search bar, enter \"BabyBus\" to find all of our products.Contact us:Facebook: https://www.facebook.com/BabyBusENGLISHE-mail: en@babybus.comWebsite: http://www.babybus.com",
  "inc": "BabyBus Kids Games",
  "intalled_count": "1,000,000",
  "last_update": [
    "June",
    "15",
    " 2018"
  ],
  "name": "The Adventurous Cloud - Free",
  "offered_by": "BabyBus Kids Games",
  "permissions": {
    "Wi-Fi connection information": [
      "view Wi-Fi connections"
    ],
    "Other": [
      "receive data from Internet",
      "view network connections",
      "full network access",
      "prevent device from sleeping",
      "modify system settings"
    ]
  },
  "rate": [
    [
      "2,965",
      "4.0"
    ],
    [
      "1,874",
      "5"
    ],
    [
      "293",
      "4"
    ],
    [
      "244",
      "3"
    ],
    [
      "174",
      "2"
    ],
    [
      "380",
      "1"
    ]
  ],
  "required_android": "4.0.3",
  "size": "41",
  "url": "https://play.google.com/store/apps/details?id=com.sinyee.babybus.angie",
  "version": "8.25.10.00"
}