{
  "categories": [
    "Educational",
    "Pretend Play"
  ],
  "description": "In this app, kids will be introduced to cooking through fun and exciting mini-games. They will be exposed to a number of foods from different cultures, all from Dr. Panda\u2019s cookbook which contains 10 different dishes and drinks; including pizza, apple pie, corn soup, Chinese stir-fry and fruit smoothies.For kids, this game combines meal time with fun time, without any mess!To prepare all of these delicious things, kids will complete varied activities such as slicing, frying, toasting, mixing and baking. Besides preparing and serving food, they will also have fun while feeding the animals, decorating the dining rooms, cleaning the tables, and recycling garbage.KEY FEATURES\u2713 8 adorable animal guests to serve and feed \u2713 Learn the basics of cooking with Dr. Panda\u2019s 10 recipes\u2713 Learn to help with the housework via 3 additional minigames\u2713 Touch & Discover: Fantastic artwork, fun animations and sounds\u2713 Kid-Friendly: Easy-to-use interface and no reading required\u2713 Kids Safe: No third party advertisement or any in-app purchase Privacy Policy As a designer of kids\u2019 games, we understand how important privacy is in this modern, digital world. You can read our privacy policy here: http://www.drpanda.com/privacy About Dr. PandaDr. Panda is a developer of games for kids. We develop games with educational values that help kids learn about the world. This game is safe and does not contain inappropriate content, in-app purchases or any third-party advertising.If you\u2019d like to know more about us and how we design games for kids visit our website www.drpanda.com/about. If you have any questions feel free to send us an email at support@drpanda.com or contact us on Facebook (www.facebook.com/drpandagames) or Twitter (www.twitter.com/drpandagames) or Instagram www.instagram.com/drpandagames.",
  "inc": "Dr. Panda",
  "intalled_count": "50,000",
  "last_update": [
    "October",
    "29",
    " 2013"
  ],
  "name": "Dr. Panda Restaurant",
  "offered_by": "Dr. Panda",
  "permissions": {
    "Phone": [
      "read phone status and identity"
    ],
    "Photos/Media/Files": [
      "read the contents of your USB storage",
      "modify or delete the contents of your USB storage"
    ],
    "Storage": [
      "read the contents of your USB storage",
      "modify or delete the contents of your USB storage"
    ],
    "Wi-Fi connection information": [
      "view Wi-Fi connections"
    ],
    "Device ID & call information": [
      "read phone status and identity"
    ],
    "Other": [
      "view network connections",
      "full network access",
      "prevent device from sleeping",
      "Google Play license check"
    ]
  },
  "rate": [
    [
      "1,489",
      "4.4"
    ],
    [
      "1,040",
      "5"
    ],
    [
      "221",
      "4"
    ],
    [
      "73",
      "3"
    ],
    [
      "40",
      "2"
    ],
    [
      "115",
      "1"
    ]
  ],
  "required_android": "2.0.1",
  "size": "46",
  "url": "https://play.google.com/store/apps/details?id=com.tribeplay.pandarestaurant",
  "version": "2.4"
}