{
  "categories": [
    "Education",
    "Music & Video"
  ],
  "description": "Play a song for your furry friends as you go on a musical adventure. This adorable touch-anywhere app is perfect for toddlers. Every tap fills the world with art and music. Playful songs, beautiful artwork and hilarious characters make this app a joy for young children.Music Box includes three familiar tunes in fantastic and hilarious settings. Come along as Jinja the cat soars through the sky, Harvey the dog sails the seas, and Jack the rabbit discovers a beautiful land of snow. Packed with fun animations, each journey is unique.Features\u2022 Includes \u201cTwinkle, Twinkle, Little Star\u201d, \u201cRow, Row, Row Your Boat\u201d and \"Jingle Bells\"\u2022 Experiment with music tempo\u2022 Play with one or multiple fingers \u2022 Fill the world with music and art\u2022 Explore the land, water, and sky\u2022 Recommended for toddlers\u2022 No in-app purchases or third-party advertising, so you and your child are free to discover without interruptions!Sago Mini apps are charming and playful. They are the ideal first apps for your little one.Sago Mini is an award-winning company devoted to play. We make apps and toys for preschoolers worldwide. Toys that seed imagination and grow wonder. We bring thoughtful design to life. For kids. For parents. For giggles.",
  "inc": "Sago Mini",
  "intalled_count": "1,000",
  "last_update": [
    "April",
    "16",
    " 2016"
  ],
  "name": "Sago Mini Music Box",
  "offered_by": "Sago Mini",
  "permissions": {
    "Photos/Media/Files": [
      "read the contents of your USB storage",
      "modify or delete the contents of your USB storage"
    ],
    "Storage": [
      "read the contents of your USB storage",
      "modify or delete the contents of your USB storage"
    ],
    "Wi-Fi connection information": [
      "view Wi-Fi connections"
    ],
    "Other": [
      "receive data from Internet",
      "view network connections",
      "full network access",
      "change your audio settings",
      "prevent device from sleeping",
      "Google Play license check"
    ]
  },
  "rate": [
    [
      "24",
      "4.7"
    ],
    [
      "21",
      "5"
    ],
    [
      "1",
      "4"
    ],
    [
      "0",
      "3"
    ],
    [
      "1",
      "2"
    ],
    [
      "1",
      "1"
    ]
  ],
  "required_android": "4.0.3",
  "size": "77",
  "url": "https://play.google.com/store/apps/details?id=com.sagosago.Musicbox.googleplay",
  "version": "1.6"
}