{
  "categories": [
    "Education",
    "Pretend Play"
  ],
  "description": "Give your children a serious case of the giggles when you introduce them to a zany zebra, shy sheep, jolly giraffe and modest moose! Dress up, feed, play and care for these cute animals and discover dozens of emotions in this endless play funhouse. Pretend play with over 110 objects, foods, toys and musical instruments and find out how to please your lovable pets. \u2736 2016 Winner \"Best Toddlers App\" - Healthline\u2736 \u201cThis gigglefest is a great way to start talking about the emotions\u201d - USA Today\u2736 \"Hilarious and creative way for little ones to see emotions\" - Common Sense Media\u2736 \u201cAn extraordinary educational tool to help kids develop their social and emotional awareness.\u201d - Teachers With AppsExplore feelings in an open ended free style playroom! These huggable pets have personality to spare and are animated with realistic multi-faceted reactions to a whole host of scenarios. Transform the giraffe into a disco dancer, join the zebra at a Mexican fiesta, dive underwater with the sheep and watch the chef moose in his kitchen prepare a delicious meal for you! See them jump in response to a horn or alarm. Watch their ears flatten and droop when sad. Make their eyes roll and hear them snort with delight. FEATURES\u2022 4 hilarious animals to play with: zebra, sheep, giraffe, moose \u2022 Dress up with hats, glasses, clothing & accessories\u2022 Unlimited combinations make for hours of pretend play\u2022 Wide variety of toys, musical instruments, food and slurp-worthy drinks\u2022 Vegetarian mode included\u2022 10 animated scenes triggered by special objects\u2022 Dozens of richly nuanced reactions & emotions expressed through sounds & body language\u2022 Save your creations & special moments to the camera roll\u2022 No rules - Pure free play fun\u2022 Language neutral gameplay without verbal or written directions\u2022 Eye-catching, colorful graphics \u2022 Lively music and delightful sound effects\u2022 No in-app purchases, no 3rd party adsMORE THAN 110 OBJECTS FOR HOURS OF PRETEND PLAY FUN\u2022 Bubble maker, sponge, pacifier, toothbrush, klaxon, whistle, microphone, megaphone, radio, mystery box, balloon, diving mask, flute, headphones, harmonica, telephone and more. \u2022 Wide variety of vegetables, fruits and delicacies! \u2022 Many accessories including hats, glasses, mustaches and wigs!PLAY AND LEARN\u2022 Encourage imagination & creative expression through pretend play\u2022 Develop empathy by connecting the animals' emotions to their causes\u2022 Inspire curiosity while exploring cause and effect relationships\u2022 Develop understanding & care for other creatures\u2022 Practice talking about feelings\u2022 Learn fundamental social skills\u2022 Build language as parents help children put names to the many emotions and reactions\u2022 Practice following directions and answering simple \u201cWh\u201d questions related to the animals\u2019 responsesAvailable in:English US, English GB, Espa\u00f1ol, Espa\u00f1ol (Latinoam\u00e9rica), Portugu\u00eas (Brasil), Fran\u00e7ais, Italiano, Deutsch, Svenska, Nederlands, \u0e44\u0e17\u0e22, \ud55c\uad6d\uc5b4, \u4e2d\u570b\uff08\u7e41\u9ad4\uff09, \u4e2d\u6587\uff08\u7b80, \u4f53\uff09, \u65e5\u672c\u8a9e, \u0939\u093f\u0902\u0926\u0940, \u0440\u0443\u0441\u0441\u043a\u0438\u0439, MelayuPRIVACY POLICYWe respect your privacy! We do not collect or share any personal information. The app has no 3rd party ads or in-app purchases. As a MOMs with Apps member, we follow the \"Know what's inside\" best practices for kids\u2019 apps. View our privacy policy: http://avokiddo.com/privacy-policy",
  "inc": "Avokiddo",
  "intalled_count": "1,000",
  "last_update": [
    "May",
    "21",
    " 2018"
  ],
  "name": "Avokiddo Emotions",
  "offered_by": "Avokiddo",
  "permissions": {
    "Photos/Media/Files": [
      "read the contents of your USB storage",
      "modify or delete the contents of your USB storage"
    ],
    "Storage": [
      "read the contents of your USB storage",
      "modify or delete the contents of your USB storage"
    ],
    "Other": [
      "view network connections",
      "full network access",
      "Google Play license check"
    ]
  },
  "rate": [
    [
      "73",
      "4.6"
    ],
    [
      "56",
      "5"
    ],
    [
      "10",
      "4"
    ],
    [
      "4",
      "3"
    ],
    [
      "0",
      "2"
    ],
    [
      "3",
      "1"
    ]
  ],
  "required_android": "4.0.3",
  "size": "12",
  "url": "https://play.google.com/store/apps/details?id=com.avokiddo.games.google.emotions",
  "version": "1.7.0"
}