{
  "categories": [
    "Educational",
    "Creativity"
  ],
  "description": "NOTE: You Need a newer phone for the app to work well.\u201cHours of creative fun\u2026 Graphics are vibrant and beautiful. Those three chickies are so cute and full of personality!\u201d -- THE iPHONE MOM \u201cPure delight. The gameplay is open-ended, uber creative and explores a range of critical thinking skills. Highly recommended.\u201d   TEACHERS WITH APPSInspired by the beloved Latino nursery rhyme \"Los Pollitos Dicen\" (Little Chicks Say\"), these little chickies peep and sing 'p\u00edo p\u00edo p\u00edo' throughout a variety of creative play experiences that expose your little ones to music, language and creativity. Crack the eggs to help the Little Chickies hatch, sing along to the nursery rhyme in 8 different languages, decorate a whimsical bouquet for Mother Hen and strum along to the notes of this catchy tune.  Creative Play Experiences:--Crack the Egg  (enter through the first screen or by touching the single white egg on the lower right on the home screen)- Have endless fun cracking the eggs to watch the chickies hatch- Touch the chickies to make them say \"p\u00edo\" (peep)-- Play the Multilingual Radio (enter by touching the radio on the tree branch)- Sing along in 8 languages: English, Spanish, Portuguese, French, Italian, Hindi, Japanese and Chinese - The native Spanish version is sung by Julio Brice\u00f1o, the lead singer of the Latin Grammy award-winning band Los Amigos Invisibles. - Pause the music and learn to play the nursery rhyme with the working notes on the musical staff  --Make a Bouquet of Creative Flowers (enter by touching the flower pot)- Design a bouquet with fun shapes ranging from stars to flowers to a pinwheel- Play with the Chickie to see how she reacts to your bouquet--Play the Guitar (enter by touching the guitar)- Strum to play notes and watch the chickies dance along- Click on the chickies to watch their solo performances--Decorate An Egg (enter by touching the yellow & green egg in the nest)- Select from a variety of colors, designs, and objects to decorate an egg- Click on the book icon to store your designs in the Sticker Book-- Home Screen- Upper right plays / pauses the music- Upper left goes to parent section- Press the sun to change the time of day ABOUT CANTICOSCanticos collects the most beloved nursery rhymes and songs from all over the Spanish-speaking world.  Designed by parents with love and care, we bring to life our Canticos (little songs) through books, apps, sing-a-long videos and more.As a Public Benefit Corporation (PBC), we believe in creating meaningful media that makes the world a better place for kids of all ages.  We believe in the power of multilingual learning!  Our goal is to foster child development through: - language & communication skills- fine motor skills- sound & music skills- number & math awareness- visual awareness Come sing, play and learn with Canticos!   For every Canticos book or app purchased, a portion of the proceeds goes to provide books and apps to children in low-income communities.",
  "inc": "Encantos Media Studios, PBC",
  "intalled_count": "10,000",
  "last_update": [
    "May",
    "22",
    " 2016"
  ],
  "name": "Little Chickies (Los Pollitos)",
  "offered_by": "Encantos Media Studios, PBC",
  "permissions": {
    "Photos/Media/Files": [
      "read the contents of your USB storage",
      "modify or delete the contents of your USB storage"
    ],
    "Storage": [
      "read the contents of your USB storage",
      "modify or delete the contents of your USB storage"
    ],
    "Other": [
      "view network connections",
      "full network access"
    ]
  },
  "rate": [
    [
      "39",
      "4.5"
    ],
    [
      "32",
      "5"
    ],
    [
      "2",
      "4"
    ],
    [
      "0",
      "3"
    ],
    [
      "4",
      "2"
    ],
    [
      "1",
      "1"
    ]
  ],
  "required_android": "4.4",
  "size": "33",
  "url": "https://play.google.com/store/apps/details?id=com.encantosmedia.lospollitos",
  "version": "Varies with device"
}