{
  "categories": [
    "Education",
    "Education"
  ],
  "description": "\u2022 \u2022 Welcome to TinyTap, the best learning program for ages 2-8 that has been ranked as the #1 educational app in 24 countries! \u2022 \u2022 TinyTap offers the world\u2019s largest collection of educational games, all handmade by teachers. Also featuring content from Oxford University Press!What are people saying about us?\u201cThanks so much for making this, and giving my students a chance to become game creators\u201d\u201cTinyTap is an absolutely amazing app and I use it a lot for my lessons in various ways\u201d\u201cI am both a teacher and a parent that uses TinyTap and love it - I absolutely love it\u201d-- TinyTap is also the Winner of the Verizon Powerful Answers Award in Education \u2013Subjects covered include:\u2022 English \u2022 Math \u2022 Social Skills\u2022 Nature\u2022 Music \u2022 Art \u2022 Science\u2022 Holidays \u2022 Speech Language Pathology\u2022 Activities for learners with Special Needs\u2022 Play Courses and Track Progress - 1. Feel confident that your child is meeting his or her educational goals with TinyTap's     Learning Plan. 2. The Learning Plan is a curated curriculum of teacher-created games, lending both     school-like structure and the freedom to speed ahead. 3. Track your child's progress with TinyTap Insights.\u2022 Create Your Own Educational Games -  If you can't find what you're looking for...create it yourself! On TinyTap, anyone can turn their ideas into educational games (without having to code) and share them with the world.\u2022 What Can You Create Through TinyTap?- Educational games- Interactive lessons - Interactive presentations- eBooks- A creative way to tell your family\u2019s story- Structured interactive coursesSubscription Terms-------------------TinyTap Pro is a subscription service that gives unlimited access to all premium lessons and games, plus learning data, private storage, and an ad-free learning experience!- Use your subscription with up to 5 members!- Payment will be charged to your Play Store Account at confirmation of purchase - Subscription automatically renews unless auto-renew is turned off at least 24 hoursbefore the end of the current period- Account will be charged for renewal within 24 hours prior to the end of the current period,and identify the cost of the renewal- Subscriptions may be managed by the user and auto-renewal may be turned off by goingto the user's Account Settings after purchase.- You can cancel online anytime \u2013 there is no cancellation fee.- Cancellation will not go into effect until the end of the monthly billing cycle- Any unused portion of a free trial period, if offered, will be forfeited when the userpurchases a subscription to that publication, where applicable--Privacy Policy - http://blog.tinytap.it/privacy-policy--Terms of Use - http://blog.tinytap.it/terms-of-use",
  "inc": "TinyTap",
  "intalled_count": "100,000",
  "last_update": [
    "June",
    "16",
    " 2018"
  ],
  "name": "TinyTap - Educational kids games made by teachers",
  "offered_by": "TinyTap",
  "permissions": {
    "Identity": [
      "find accounts on the device"
    ],
    "Contacts": [
      "find accounts on the device"
    ],
    "Phone": [
      "read phone status and identity"
    ],
    "Photos/Media/Files": [
      "read the contents of your USB storage",
      "modify or delete the contents of your USB storage"
    ],
    "Storage": [
      "read the contents of your USB storage",
      "modify or delete the contents of your USB storage"
    ],
    "Camera": [
      "take pictures and videos"
    ],
    "Microphone": [
      "record audio"
    ],
    "Device ID & call information": [
      "read phone status and identity"
    ],
    "Other": [
      "receive data from Internet",
      "view network connections",
      "full network access",
      "use accounts on the device",
      "control vibration",
      "prevent device from sleeping"
    ]
  },
  "rate": [
    [
      "2,092",
      "3.8"
    ],
    [
      "1,192",
      "5"
    ],
    [
      "191",
      "4"
    ],
    [
      "140",
      "3"
    ],
    [
      "138",
      "2"
    ],
    [
      "431",
      "1"
    ]
  ],
  "required_android": "4.0.3",
  "size": "47",
  "url": "https://play.google.com/store/apps/details?id=it.tinytap.market",
  "version": "3.0.0.9"
}