{
  "categories": [
    "Educational",
    "Education"
  ],
  "description": "Small but MightyThis All-in-One Pack is a tiny app (only 2 MB) that allows users to subscribe and download the full premium versions of all of the current and future Intellijoy's apps.Subscription RateYou will need a subscription to access any content in this application.Choose one of the following three plans:\u2022 $2.99/month (comes with a 7 days FREE trial)\u2022 $11.99/year (comes with a 7 days FREE trial) - save 66% compared to monthly!\u2022 $21.99/forever  - save 61% compared to buying apps individually (it would cost $56.76 to buy the apps separately)7 Days FREE TrialBoth Monthly and Yearly subscription (but not the Forever option) comes with a free 7 day trial. So if you cancel within 7 days, you will not be charged.Subscribers Get Unlimited Access to All Our Existing and Future Premium AppsAs long as you're subscribed, you will be able to download and use any of Intellijoy's premium full-version apps at no charge.Currently Includes 24 AppsCurrently, there are 24 apps already available for download through this All-in-One app.1)\tKids ABC Letters2)\tKids ABC Phonics3)\tKids ABC Trains4)\tKids Learn Colors5)\tKids Shapes and Colors6)\tKids Learn about Animals7)     Kids Counting8)\tKids Numbers and Math9)\tKids Preschool Puzzle10)\tKids Learn to Read11)\tKids Sight Words12)\tTap and Color13)\tKids Painting14)\tKids Learn about Music15)\tFirst Grade Math Word Problems16)\tKids Telling Time17)\tKids Connect the Dots 18)   Kids Learn Shapes 219)\tKids Professions Dressing Game20)   Kids Draw with Shapes21)   Kids Learn to Sort22)   Alive Alphabet: Letter Tracing23)   Kids Kindergarten Math   24)\tKids Shape Puzzles HalloweenOne Subscription Spans All of Your Android DevicesAs long as you are logged in with the same Google account, your subscription will allow you to use this pack on any of your devices, at no additional charge.Future AppsFurthermore, we are constantly working on new apps.  As soon as they are released, new apps become included in this All-in-One subscription at no extra charge to you.Use this App to Download, Launch and Update the AppsThis All-in-One app will also allow you to launch all the apps from within it and to keep the apps updated.For those using the Restricted Profiles featureAll-in-One now supports Restricted Profiles feature (if your device offers it). Just be sure to download the apps from within All-in-One using the main profile and then share them (and the All-in-One app itself) with one or more of the restricted profiles.",
  "inc": "Intellijoy Educational Games for Kids",
  "intalled_count": "500,000",
  "last_update": [
    "April",
    "17",
    " 2018"
  ],
  "name": "All-In-One Intellijoy App Pack Subscription",
  "offered_by": "Intellijoy Educational Games for Kids",
  "permissions": {
    "Photos/Media/Files": [
      "read the contents of your USB storage",
      "modify or delete the contents of your USB storage"
    ],
    "Storage": [
      "read the contents of your USB storage",
      "modify or delete the contents of your USB storage"
    ],
    "Other": [
      "view network connections",
      "full network access",
      "run at startup"
    ]
  },
  "rate": [
    [
      "3,783",
      "4.1"
    ],
    [
      "2,340",
      "5"
    ],
    [
      "579",
      "4"
    ],
    [
      "250",
      "3"
    ],
    [
      "128",
      "2"
    ],
    [
      "486",
      "1"
    ]
  ],
  "required_android": "2.3",
  "size": "4.0",
  "url": "https://play.google.com/store/apps/details?id=com.intellijoy.pack",
  "version": "3.9.3"
}