{
  "categories": [
    "Educational",
    "Action & Adventure"
  ],
  "description": "Assemble your own excavator and drive it to explore the Jurassic world! Explore 4 different islands, digging and collecting ores with your excavator. Download it and start to the new adventure!\u201cDinosaur digger\u201d let the kid pretend to be an Allosaurus. With children\u2019s creativity, assembling an unique fun excavator. The game is simple and friendly. Collecting different ores and exploring the interesting unknown world!\u2022 Explore 4 Jurassic Islands\u2022 More than 30 fun animations to discover\u2022 Great for toddlers and preschoolers, ages 2-5\u2022 No third-party advertisingYateland designers and developers work hard to create applications which children love and parents trust.",
  "inc": "Yateland",
  "intalled_count": "1,000,000",
  "last_update": [
    "September",
    "7",
    " 2016"
  ],
  "name": "Dinosaur Digger Free",
  "offered_by": "Yateland",
  "permissions": {
    "Other": [
      "view network connections",
      "full network access"
    ]
  },
  "rate": [
    [
      "1,676",
      "4.2"
    ],
    [
      "1,171",
      "5"
    ],
    [
      "137",
      "4"
    ],
    [
      "115",
      "3"
    ],
    [
      "55",
      "2"
    ],
    [
      "198",
      "1"
    ]
  ],
  "required_android": "2.3",
  "size": "30",
  "url": "https://play.google.com/store/apps/details?id=com.imayi.dinosaurdiggerfree",
  "version": "1.0.2"
}