{
  "categories": [
    "Casual",
    "Action & Adventure"
  ],
  "description": "Gather the Rescue Bots, rescue citizens and save the world with epic DinoBots!Budge Studios\u2122 presents Transformers Rescue Bots: Disaster Dash! Assemble all the Rescue Bots and go on an action-packed adventure to save the world from the evil Dr. Morocco! Rescue citizens, outrun disasters and chase down Morbots. Avoid obstacles, collect Energon and morph from bot to vehicle to epic DinoBot! Roll to the rescue!THE MOST EPIC ADVENTURE AWAITS\u2022 COMPLETE exciting missions in four major cities, including Griffin Rock\u2022 USE special jump powers to rescue citizens in Bot mode\u2022 RIDE fast and catch evil Morbots in vehicle mode\u2022 COLLECT Energon and become a giant DinoBot!\u2022 OUTRUN lava flows, tsunamis, avalanches sand tornados!\u2022 AVOID meteor showers, lightning strikes, icy hail and flinging cars!\u2022 TEAM the Rescue Bots together to destroy the Morbot King\u2022 DEFUSE the sinister Disaster Machine and save the world\u2022 BONUS: Play with Optimus Prime, Bumblebee and Quickshadow!7 RESCUE BOTS, EACH WITH THEIR OWN MODES AND POWER-UPS\u2022 HEATWAVE: Fire-Bot, with the Apatosaurus Water Blast\u2022 CHASE: Police-Bot, with the Stegosaurus Shield\u2022 BLADES: Copter-Bot, with the Pterodactyl Tornado\u2022 BOULDER: Construction-Bot, with the Triceratops Battering Ram\u2022 OPTIMUS PRIME: leader of the Autobots, with the T-Rex Roar\u2022 BUMBLEBEE: legendary Autobot Scout, with the Raptor Leap\u2022 QUICKSHADOW: Spy-Bot and new recruit, with the Dashing SlashPRIVACY & ADVERTISINGBudge Studios takes children's privacy seriously and ensures that its apps are compliant with privacy laws, including the\u00a0Child Online Privacy Protection Act\u00a0(COPPA), a privacy legislation in the United States of America. This application has received the \u201cESRB (Entertainment Software Rating Board) Privacy Certified Kids\u2019 Privacy Seal\u201d. If you would like to learn more on what information we collect and how we use it, please visit our privacy policy at:\u00a0https://budgestudios.com/en/legal/privacy-policy/. If \u00a0you have any questions, email our Privacy Officer at:\u00a0privacy@budgestudios.caBefore you download this app, please note that it is free to play, but additional content may be available via in-app purchases. This app may contain contextual advertising from Budge Studios regarding other apps we publish, from our partners and some third parties. Budge Studios does not permit behavioral advertising or retargeting in this app. Note that any purchase made in the app will remove pop-up advertising. The app may also contain social media links that are only accessible behind a parental gate. END-USER LICENSE AGREEMENTThis application is subject to an End-User License Agreement available through the following link: http://www.budgestudios.com/en/legal/eula/.ABOUT BUDGE STUDIOSBudge Studios leads the industry by providing entertaining apps for kids through innovation and creativity. The company develops and publishes apps for smartphones and tablets played by millions of children worldwide.Visit us: www.budgestudios.com Like us: facebook.com/budgestudios Follow us: @budgestudios Watch our app trailers: youtube.com/budgestudios HAVE QUESTIONS? We always welcome your questions, suggestions and comments. Contact us 24/7 at support@budgestudios.ca BUDGE and BUDGE STUDIOS are trademarks of Budge Studios Inc.TRANSFORMERS is a trademark of Hasbro and is used with permission. \u00a9 2017 Hasbro. All rights reserved. Licensed by Hasbro.Transformers Rescue Bots: Disaster Dash \u00a9 2017 Budge Studios Inc. All Rights Reserved.",
  "inc": "Budge Studios",
  "intalled_count": "1,000,000",
  "last_update": [
    "March",
    "28",
    " 2018"
  ],
  "name": "Transformers Rescue Bots: Disaster Dash",
  "offered_by": "Budge Studios",
  "permissions": {
    "Photos/Media/Files": [
      "read the contents of your USB storage",
      "modify or delete the contents of your USB storage"
    ],
    "Storage": [
      "read the contents of your USB storage",
      "modify or delete the contents of your USB storage"
    ],
    "Wi-Fi connection information": [
      "view Wi-Fi connections"
    ],
    "Other": [
      "view network connections",
      "full network access",
      "prevent device from sleeping",
      "Google Play license check"
    ]
  },
  "rate": [
    [
      "19,235",
      "4.4"
    ],
    [
      "14,548",
      "5"
    ],
    [
      "1,392",
      "4"
    ],
    [
      "1,007",
      "3"
    ],
    [
      "441",
      "2"
    ],
    [
      "1,847",
      "1"
    ]
  ],
  "required_android": "4.1",
  "size": "25",
  "url": "https://play.google.com/store/apps/details?id=com.budgestudios.googleplay.TransformersDisasterDash",
  "version": "1.3"
}