{
  "categories": [
    "Education",
    "Music & Video"
  ],
  "description": "Take a musical adventure aboard the busy yellow bus with swishing wipers, live music, creative interactions, and more! Ages 2-5.- Parents\u2019 Choice Gold Award winner - Parents\u2019 Choice Foundation- Winner of \"Best Children's App\u201d KAPi Award - International CES- Editor\u2019s Choice Award for Excellence in Design - Children\u2019s Technology Review- A Top 10 Educational App on the Apple AppStore since January 2009- Featured in Steve Jobs\u2019 Keynote address announcing the launch of the iPad 2- Featured in the New York Times, the Wall Street Journal, USA Today, MSNBC, WiredWheels on the Bus is a fun, interactive musical book, based on the popular children's song.  Come aboard the bus to spin the wheels, open and close the doors, swish the wipers, pop some bubbles, make a dog bark, and much more!Delight your children while encouraging cognitive, language, and motor development:- Sing and read with your children.- Listen to the song in English, Spanish, French, German, and Italian.- Record your children\u2019s singing!- Hear the music played on a violin, cello, piano, and even a kazoo.- Touch, explore, and discover fun surprises in the captivating, interactive illustrations.CATEGORY: Nursery Rhymes___________________ABOUT DUCK DUCK MOOSE (A wholly-owned subsidiary of Khan Academy)Duck Duck Moose, an award-winning creator of educational mobile apps for families, is a passionate team of engineers, artists, designers, and educators. Founded in 2008, the company has created 21 top-selling titles and has received 21 Parents\u2019 Choice Awards, 18 Children\u2019s Technology Review Awards, 12 Tech with Kids\u2019 Best Pick App Awards, and a KAPi award for \u201cBest Children\u2019s App\u201d at the International Consumer Electronics Show. Khan Academy is a nonprofit with a mission to provide a free, world-class education for anyone, anywhere. Duck Duck Moose is now part of the Khan Academy family. Like all Khan Academy offerings, all Duck Duck Moose apps are now free, without ads or subscriptions. We rely on our community of volunteers and donors. Get involved today at www.duckduckmoose.com/about.Check out the Khan Academy app to learn and practice all kinds of topics for elementary school through college and beyond.We\u2019d love to hear from you! Visit us at www.duckduckmoose.com or drop us a line at support@duckduckmoose.com.",
  "inc": "Duck Duck Moose, LLC",
  "intalled_count": "50,000",
  "last_update": [
    "August",
    "24",
    " 2016"
  ],
  "name": "Wheels on the Bus",
  "offered_by": "Duck Duck Moose, LLC",
  "permissions": {
    "Photos/Media/Files": [
      "read the contents of your USB storage",
      "modify or delete the contents of your USB storage"
    ],
    "Storage": [
      "read the contents of your USB storage",
      "modify or delete the contents of your USB storage"
    ],
    "Microphone": [
      "record audio"
    ],
    "Other": [
      "full network access",
      "Google Play license check"
    ]
  },
  "rate": [
    [
      "212",
      "4.2"
    ],
    [
      "124",
      "5"
    ],
    [
      "41",
      "4"
    ],
    [
      "19",
      "3"
    ],
    [
      "11",
      "2"
    ],
    [
      "17",
      "1"
    ]
  ],
  "required_android": "2.1",
  "size": "18",
  "url": "https://play.google.com/store/apps/details?id=com.duckduckmoosedesign.bus",
  "version": "1.1.1"
}