{
  "categories": [
    "Educational",
    "Creativity"
  ],
  "description": "Tap and Color is an interactive coloring book designed for toddlers, preschoolers, and young children, including those with special needs and autism.In this coloring book children don't need to choose colors!Even young toddlers will learn how to use this coloring book without a parental assistance.Coloring book themes:In the Lite version: Two themes - Park and Circus.In the Paid version: Six themes \u2013 Park, Circus, Zoo, Store, Sports, and Playground.Intellijoy's educational games delight children through fun and learning. Children and parents love our distraction-free games. All of the apps focus on specific learning concepts. They do not distract the users with unnecessary sounds or images on the screen, not to mention ads, pop-ups, and unrelated subject matter.",
  "inc": "Intellijoy Educational Games for Kids",
  "intalled_count": "5,000",
  "last_update": [
    "June",
    "15",
    " 2016"
  ],
  "name": "Kids Tap and Color",
  "offered_by": "Intellijoy Educational Games for Kids",
  "permissions": {
    "Other": []
  },
  "rate": [
    [
      "210",
      "4.5"
    ],
    [
      "148",
      "5"
    ],
    [
      "37",
      "4"
    ],
    [
      "12",
      "3"
    ],
    [
      "7",
      "2"
    ],
    [
      "6",
      "1"
    ]
  ],
  "required_android": "2.3",
  "size": "Varies with devic",
  "url": "https://play.google.com/store/apps/details?id=com.intellijoy.tapandcolor",
  "version": "1.6.1"
}