{
  "categories": [
    "Racing",
    "Action & Adventure"
  ],
  "description": "Extreme Racing 2 - Tuning & drifting with RC real racing cars is out! It\u2019s the best real driving cars game The ultimate radio control driving simulator is ready to burn your wheels with speed, nitro power boost, spectacular drifts & action. Drive your real rac\u00edng RC cars & beat other players to win the GP? Do you love real racing games where you can drive & tuning your real racing vehicles? Do you really think you are the best? Test your driving skills & avoid the traffic! Get ahead of the rest of the racing cars! Extreme Racing 2 challenges your driving skills on highways with heavy traffic.In Extreme Racing 2 - Tuning & drifting with real RC cars the objective is to win as many races as possible. You will have to beat bosses in 1vs1 epic duels with tons of adrenaline, jumps & drifts. Reach the goal with the best time even if you have to crash your RC car or hit your competitors. You will need speed, control & nice cars to win all the car races!Extreme Racing 2 is the real racing car game:The definitive racing RC car gameDo you love radio control racing cars? Do you enjoy racing games? Are you a huge fan of F1, rallies or games like Need for Speed or Gran Turismo? Extreme Racing 2 is for you! Take the steer wheel, speed up, burn your tires & prepare yourself to be the best. Run for the glory!Tons RC cars, racing circuits & rivalsIn Extreme Racing 2 you can choose your speedcar between a wide range of RC cars. There are hundreds of vehicles waiting for you, but also a lot of circuits to race! Each challenge is different & each rival has a strategy, so you will need to give your best to win.Customize & upgrade your RC racing carsIf tuning is your passion, come to our garage! You can enhance all vehicles by adding new chassis, engine, tires or spoiler. There are tons of bodies, stickers & neons that can make your car unique! Thanks to tuning, you can improve the car speed, acceleration & handling, so keep an eye on workshop! Turn your car into the best car on the circuit.Defeat all the bosses!You can win a Grand Prix in every town, but you will need to beat dozens of bosses too in order to demonstrate who is the best driver in the city. Get ready, speed up & fight for the first place in 1vs1 realistic car races! Drive & try to beat them with the best time! Be the fastest & avoid traffic with your racing car! Intense daily challenges Extreme Racing 2 is an endless RC cars simulator! You can play new & special challenges every day with powerful vehicles & skilled drivers. If you avoid the traffic & win the race, get ready to swim in tons of coins! All those special cars will be available as you complete every Grand Prix.Claim your rewards after the car raceAs a professional RC racing cars driver, you will receive tons of rewards & bonuses after car races. But only if you can reach the first place! Obtain extra coins by driving like a master: make a drift, overtake other vehicles & use nitro to get special prizes!Play offline or online!No wifi or internet connection? You can play Extreme Racing 2 & drive your racing car also offline, so you will be able to race wherever & whenever you want. Asphalt is the only thing to worry about in the best RC racing cars simulator game.Be the fastest!In Extreme Racing 2 - Tuning & drifting with RC cars you will need ability & experience driving racing car to be the best driver. Each car race is harder than the last one, so you have to practice & visit workshop to tuning your car. Do you think you can be the number one? Do you really believe in your handling as a RC cars driver? Too much traffic? Accelerate your racing car & overtake the rivals!Do you want to be the best racing car driver? Extreme Racing 2 is a free racing simulator, so just download it & start to race right now! The game is fun to play, perfect for the whole family.Try the most addictive & real racing RC cars simulator today & reach the glory! Start driving your car right now!www.generagames.com",
  "inc": "Genera Games",
  "intalled_count": "500,000",
  "last_update": [
    "August",
    "31",
    " 2017"
  ],
  "name": "Extreme Racing 2 - Real driving RC cars game!",
  "offered_by": "Genera Games",
  "permissions": {
    "Device & app history": [
      "retrieve running apps"
    ],
    "Identity": [
      "find accounts on the device"
    ],
    "Calendar": [
      "read calendar events plus confidential information"
    ],
    "Contacts": [
      "find accounts on the device"
    ],
    "Phone": [
      "read phone status and identity"
    ],
    "Photos/Media/Files": [
      "read the contents of your USB storage",
      "modify or delete the contents of your USB storage"
    ],
    "Storage": [
      "read the contents of your USB storage",
      "modify or delete the contents of your USB storage"
    ],
    "Wi-Fi connection information": [
      "view Wi-Fi connections"
    ],
    "Device ID & call information": [
      "read phone status and identity"
    ],
    "Other": [
      "view network connections",
      "full network access",
      "draw over other apps",
      "control vibration"
    ]
  },
  "rate": [
    [
      "4,211",
      "4.3"
    ],
    [
      "2,992",
      "5"
    ],
    [
      "359",
      "4"
    ],
    [
      "281",
      "3"
    ],
    [
      "92",
      "2"
    ],
    [
      "487",
      "1"
    ]
  ],
  "required_android": "4.1",
  "size": "93",
  "url": "https://play.google.com/store/apps/details?id=com.generagames.xtremeracing2.speedcargt",
  "version": "1.1.9"
}