{
  "categories": [
    "Entertainment",
    "Music & Video"
  ],
  "description": "Animal Band is a fun and easy music toy that encourages young children to explore music while listening to their favourite tunes. It's been a long day, and all the animals are feeling sleepy. As each loveable little character is woken up, it plays and sings along. But if you don't keep playing, the band nods back to sleep! From the very first note, little ones will discover charming surprises in each 3D scene. They'll love creating their own musical arrangements: tapping and swiping on characters to make them play instruments, spin around, or go to sleep. And the more they play, the more fun they'll discover: having fun with mad mice, cheeky chicks and funny fish, playing with a bus, making a swing loop-the-loop, and racing a crazy chameleon on a bicycle! The Animal Band app is designed to support and develop a range of key early learning goals:\u2022 Animal Band helps children develop a lifelong love of playing and listening to music. \u2022 Supports preschool music learning goals, such as singing simple songs and making musical and rhythmic sounds and beats. \u2022 Helps develop language skills and vocabulary, by exposing children to nursery rhymes and songs.\u2022 Fosters a child's concept of self-confidence, by giving them an active role in keeping the action going.\u2022 Helps foster children's persistence and attentiveness, by keeping them engaged and focused. \u2022 Supports the development of children's fine motor skills by getting them to tap and swipe the screen to elicit purposeful responses.FEATURESAnimal Band is designed for preschoolers and music lovers of all ages, it includes the following features: \u2022 Amazing animations: help 15 different animal characters dance and sing \u2022 Beautifully illustrated 3D scenes packed with interactive musical elements \u2022 Play along with the songs using each animal as a separate instrument \u2022 Ideal for parents and children to play together \u2022 Features charming musical soundtracks and playful sound effects \u2022 Much-loved tunes including: The Wheels on the Bus, Old MacDonald, Twinkle Twinkle Little Star, Itsy Bitsy Spider and more ************************ STORYTOYS AWARDS:\u2022 Kidscreen 2016 Award\u2022 Winner of the Bologna Ragazzi Digital Award, 2015\u2022 11 Children\u2019s Technology Review Editor\u2019s Choice Awards\u2022 2 iLounge awards for best kids\u2019 app\u2022 2 Mom\u2019s Choice gold awards\u2022 Mom\u2019s Choice Silver award\u2022 Shortlist nominations for the FutureBook Digital Innovation Award\u2022 Best Kids\u2019 App Ever winner\u2022 Longlisted for the DBW Publishing innovation award\u2022 9 Tech With Kids Best Pick App Awards************************ STAY IN TOUCH! Stay in touch to hear about new releases and promotions: - Visit us: storytoys.com - Email us: For any technical issues please email us at support@storytoys.com - Like us on Facebook: Facebook.com/StoryToys - Follow us on Twitter: @StoryToys",
  "inc": "StoryToys",
  "intalled_count": "100,000",
  "last_update": [
    "January",
    "10",
    " 2018"
  ],
  "name": "Animal Band Nursery Rhymes",
  "offered_by": "StoryToys",
  "permissions": {
    "Other": [
      "view network connections",
      "full network access"
    ]
  },
  "rate": [
    [
      "1,488",
      "3.8"
    ],
    [
      "746",
      "5"
    ],
    [
      "219",
      "4"
    ],
    [
      "183",
      "3"
    ],
    [
      "104",
      "2"
    ],
    [
      "236",
      "1"
    ]
  ],
  "required_android": "4.1",
  "size": "68",
  "url": "https://play.google.com/store/apps/details?id=com.storytoys.animalbandnurseryrhymes.free.android.googleplay",
  "version": "2.2.0"
}