{
  "categories": [
    "Puzzle",
    "Action & Adventure"
  ],
  "description": "Take a beautiful journey into dreams!Meet drowsy Moonboy. Blown out of bed by a big lunar sneeze, he sleepwalks through dreams. Moonboy needs your help to reach his bed. Guide him safely through various traps, clear obstructions from his path, and shift his surroundings to create a safe passage to the cozy bed. Solve environment puzzles in a fantasy world, find multiple pathways through the game, and collect stars and crescents to experience the beauty of Sleepwalker\u2019s Journey fairytale atmosphere.You are Moonboy\u2019s only guardian, and your imagination is the key that shapes the dream, as you lead the boy to his beloved bed. You are the dream creator. Sleepwalker\u2019s Journey highlights:- Now updated with a pack of 6 new levels!- Over 45 dreams to explore (and more coming with updates)- Environment puzzles where you shape the dream: move obstacles, use elevators, interact with objects and more to clear Moonboy's way- Visuals optimized for the most powerful Android Devices- Quality design from award-winning developer",
  "inc": "11 bit studios",
  "intalled_count": "50,000",
  "last_update": [
    "November",
    "27",
    " 2013"
  ],
  "name": "Sleepwalker's Journey",
  "offered_by": "11 bit studios",
  "permissions": {
    "Identity": [
      "find accounts on the device"
    ],
    "Contacts": [
      "find accounts on the device"
    ],
    "Photos/Media/Files": [
      "read the contents of your USB storage",
      "modify or delete the contents of your USB storage"
    ],
    "Storage": [
      "read the contents of your USB storage",
      "modify or delete the contents of your USB storage"
    ],
    "Other": [
      "delete other apps' caches",
      "receive data from Internet",
      "view network connections",
      "full network access",
      "prevent device from sleeping",
      "Google Play license check"
    ]
  },
  "rate": [
    [
      "3,573",
      "4.4"
    ],
    [
      "2,406",
      "5"
    ],
    [
      "619",
      "4"
    ],
    [
      "264",
      "3"
    ],
    [
      "119",
      "2"
    ],
    [
      "165",
      "1"
    ]
  ],
  "required_android": "2.2",
  "size": "2.9",
  "url": "https://play.google.com/store/apps/details?id=com.elevenbitstudios.SleepwalkersJourneyHD",
  "version": "1.2"
}