{
  "categories": [
    "Educational",
    "Brain Games"
  ],
  "description": "Complete connect the dot puzzles of cute cartoon pictures while learning the English alphabet, counting numbers and simple addition and subtraction maths from 1 to 20.Now with bonus letter shape jigsaw puzzles, find the pairs memory training games and flashcard maths.This educational and fun App helps young children learn the phonic letter sounds and simple words while teaching matching skills, memory skills and hand eye coordination.ABC and Counting Dot-to-Dot Puzzles has:\u2022 high quality images set against colourful scenes that look great on High Definition (HD) and retina displays of both tablets and smart phones\u2022 fun sound effects for every object\u2022 select from lowercase abc... uppercase ABC... or numbers 123... in each of the dot puzzles\u2022 teaches the order of letters of the alphabet from A to Z and the numbers 1 to 26\u2022 teaches letter names and phonics as well as written name and pronunciation for every object\u2022 puzzles that can be replayed again after solving and a star is awarded for each completion\u2022 increasing difficulty as your child progresses through the letter and number puzzles\u2022 teaches addition and subtraction of numbers from 1 to 20\u2022 a great way for non-English speakers to learn the English alphabet and numbers\u2022 bonus memory skills builder, alphabet shape puzzles and flashcard mathsABC and Counting Dot-to-Dot Puzzles comes with a selection of free puzzles that can be easily upgraded through a single low cost in-app purchase to enable the full set of over 70 puzzles. With the full version you\u2019ll also be entitled to all features added in future releases.Join the Dot style puzzle games have traditionally been a fun and early education learning tool for tots, toddlers, preschoolers, kindergarten, and early school age children and are a stimulating game for girls and an exciting game for boys.\u2022 2 year old and 3 year old children can practice their hand eye coordination and matching skills as they progress through the puzzles on each level and enjoy the sounds on completion of each puzzle\u2022 4 year old and 5 year old kids can learn to read, write and pronounce the words.We hope you and your children enjoy playing what we believe is one of our best early education games for toddlers and preschoolers.Please also check out our other puzzle games and acclaimed kids educational apps at http://espacepublishing.com or follow us on Facebook for the scoop on new app releases and free giveaways at http://facebook.com/espacepublishing.",
  "inc": "Espace Publishing",
  "intalled_count": "1,000,000",
  "last_update": [
    "September",
    "22",
    " 2016"
  ],
  "name": "Kids ABC and Counting",
  "offered_by": "Espace Publishing",
  "permissions": {
    "Other": [
      "view network connections",
      "full network access",
      "control vibration"
    ]
  },
  "rate": [
    [
      "5,907",
      "3.9"
    ],
    [
      "3,025",
      "5"
    ],
    [
      "1,076",
      "4"
    ],
    [
      "738",
      "3"
    ],
    [
      "388",
      "2"
    ],
    [
      "680",
      "1"
    ]
  ],
  "required_android": "4.0",
  "size": "34",
  "url": "https://play.google.com/store/apps/details?id=au.com.espace.dots.alphaNum",
  "version": "1.6.1.1"
}