{
  "categories": [
    "Education",
    "Creativity"
  ],
  "description": "Free dinosaur coloring book game. This coloring page game is fun to use and offers lots of free coloring pages. Color the coloring pages of dinos and share them with family or friends.-Fun to play-Share your drawing via email, WhatsApp, etc.-Save and load your coloring pages-Create your own painting-Many, many different colors-Easy navigation, easy to get a dino to chooseThis is a perfect game for stimulating the creativity both for adults and for kids. If you love dinos and like to color or draw, this game is great.And once the coloring page is ready, you can easily share it on Facebook, Twitter, WhatsApp or email to family and friends.So go on a historic jurassic safari with us now. For everyone who like a dinosaur adventure we have lots of dino designs to choose from.  - Raptors like tyrannosaurus rex- Friendly herbivores- Mother and kid dinosaurs.- Fossils- Dino from the egg- Bird dinosaur.Free app for all dino fans with 50+ coloring pages of dinosaurs.  Lots of designs with friendly herbivores, lovely mother dinos with their kids and fierce dino king like T Rex.All designs are copyright protected by 2 Monkeys. Only use for non commercial purposes is allowed.",
  "inc": "Coloring Games",
  "intalled_count": "1,000,000",
  "last_update": [
    "May",
    "15",
    " 2018"
  ],
  "name": "Dino Coloring Game",
  "offered_by": "Coloring Games",
  "permissions": {
    "Device & app history": [
      "retrieve running apps"
    ],
    "Photos/Media/Files": [
      "read the contents of your USB storage",
      "modify or delete the contents of your USB storage"
    ],
    "Storage": [
      "read the contents of your USB storage",
      "modify or delete the contents of your USB storage"
    ],
    "Wi-Fi connection information": [
      "view Wi-Fi connections"
    ],
    "Other": [
      "receive data from Internet",
      "view network connections",
      "full network access",
      "control vibration",
      "prevent device from sleeping"
    ]
  },
  "rate": [
    [
      "6,157",
      "3.9"
    ],
    [
      "3,487",
      "5"
    ],
    [
      "855",
      "4"
    ],
    [
      "617",
      "3"
    ],
    [
      "413",
      "2"
    ],
    [
      "785",
      "1"
    ]
  ],
  "required_android": "4.1",
  "size": "Varies with devic",
  "url": "https://play.google.com/store/apps/details?id=com.coloring.dinosaur",
  "version": "Varies with device"
}