{
  "categories": [
    "Adventure",
    "Action & Adventure"
  ],
  "description": "Switch your car to the boat, jet or even a windsurfing board in this new Jet Racing game! Choose your ride and guide it to the finish line! Control your ship with just one finger and see how it flips, jumps and dives on it's way. This game can be played by the whole family! Invite your family and play together!Prepare for a race by picking one of the fast sailing rides! Gain enough speed to jump over the ramps or dive deep into the ocean. You will love all the surprises in each level (you can even meet dolphins here)! There are also plenty of coins to collect for better results while sailing for the win! Lets start the engine or catch the wind and swim to the finish in the shortest time possible! The controls are so simple that anyone can play this game without any problems!The levels are designed so that you would do many stunts on the run, the ship will spin doing flips - but watch out not to land on the roof! You will quickly learn that this speed jet boat game is crazy and full of laugh-generating moments. Try yourself!",
  "inc": "Tiny Lab Racing Games",
  "intalled_count": "5,000,000",
  "last_update": [
    "June",
    "27",
    " 2018"
  ],
  "name": "Tropical Island Boat Racing",
  "offered_by": "Tiny Lab Racing Games",
  "permissions": {
    "Identity": [
      "find accounts on the device"
    ],
    "Contacts": [
      "find accounts on the device"
    ],
    "Location": [
      "approximate location (network-based)",
      "precise location (GPS and network-based)"
    ],
    "Phone": [
      "read phone status and identity"
    ],
    "Photos/Media/Files": [
      "read the contents of your USB storage",
      "modify or delete the contents of your USB storage"
    ],
    "Storage": [
      "read the contents of your USB storage",
      "modify or delete the contents of your USB storage"
    ],
    "Wi-Fi connection information": [
      "view Wi-Fi connections"
    ],
    "Device ID & call information": [
      "read phone status and identity"
    ],
    "Other": [
      "view network connections",
      "full network access",
      "run at startup",
      "control vibration",
      "prevent device from sleeping"
    ]
  },
  "rate": [
    [
      "18,100",
      "4.0"
    ],
    [
      "10,446",
      "5"
    ],
    [
      "2,302",
      "4"
    ],
    [
      "1,858",
      "3"
    ],
    [
      "1,134",
      "2"
    ],
    [
      "2,360",
      "1"
    ]
  ],
  "required_android": "4.2",
  "size": "Varies with devic",
  "url": "https://play.google.com/store/apps/details?id=com.tinylabproductions.tropicalislands",
  "version": "3.46"
}