{
  "categories": [
    "Action",
    "Action & Adventure"
  ],
  "description": "Come help your dinosaur friends escape! They have been locked in cages, scattered all over the landscape, and are counting on you and the Tyrannosaurus Rex to set them free! Children, together with the T-Rex set off on a trip across the country to save these dinosaur friends!In this game your children are at the controls of the T-Rex, navigating through the forest to rescue the beautiful Pterodactylus, then head for the mountains to save the awesome Chasmosaurus. Next you\u2019re on to the desert where Pachycephalosaurus is awaiting your help, and don\u2019t forget the Protoceratops! Wait! Be careful of the Raptor!Jurassic Rescue has 4 different and beautiful scenes, along with 7 interesting dinosaur species. If your child is a fan of dinosaurs, get this fun game now!Feathers\u2022 4 game scene\u2022 more than 40 interactive animations to discover\u2022 Great for toddlers and preschoolers, ages 2-5\u2022 No third-party advertisingChildren love it and parents trust this Yateland designer's vision!",
  "inc": "Yateland",
  "intalled_count": "1,000,000",
  "last_update": [
    "February",
    "11",
    " 2018"
  ],
  "name": "Jurassic Rescue Free",
  "offered_by": "Yateland",
  "permissions": {
    "Other": [
      "view network connections",
      "full network access"
    ]
  },
  "rate": [
    [
      "989",
      "4.2"
    ],
    [
      "677",
      "5"
    ],
    [
      "95",
      "4"
    ],
    [
      "88",
      "3"
    ],
    [
      "31",
      "2"
    ],
    [
      "98",
      "1"
    ]
  ],
  "required_android": "2.3",
  "size": "31",
  "url": "https://play.google.com/store/apps/details?id=com.imayi.jurassicrescuefree",
  "version": "1.1.1"
}