{
  "categories": [
    "Education",
    "Education"
  ],
  "description": "All kids loves animals. Help your child to learn the sounds of various animals using an interactive picture book. A portable animal zoo with animal pictures for learning animal sound and name for free!! Remember that parents are a child's  first teacher. The app is made for children to help them discover and learn the names and pictures of animals using interactive flash cards.The animal soundboard with wild animal noises, bird call, duck call, lions sounds and the cow moo.Features:- 20 Beautiful and eye catching pictures of animals (realistic animal noises free)- Simple and intuitive navigation- Pronunciation in different languages- Animal sound on/off- Voice on/offFull version features more than 75 animal pictures and no advertisement. This touch sound app is specifically designed with toddlers or babies in mind with a simple and intuitive navigation between the different pictures. An interactive toddler app or toddler book for infant teaching with free infant learning cards.The app uses real pictures which is much easier for your baby to relate to compared to drawings or animated images. Get to know the animals in the forrest, the fish in the sea or the dolphin in the ocean. We are continuously expanding the range of themes of learning apps and games for children.  If you want to get the latest news on apps like us on http://www.facebook.com/kidstaticapps.How does it work? Simple, even a baby can do it!! Touch the screen with your finger and swipe to go to the next page of the book or use the big kid friendly buttons. Toddler tap to hear animal sight and e.g. bird call. The animal will be shown  and its sound will be played. Afterwards, click or tap the picture of the animal to hear the sound played again. Infants love to hear the moo of the cow (moo box), the roar of the lion or the sound of the rooster waking up the farm. Enjoy animal sounds from the zoo, jungle, desert, forest, farm (domestic) and wild animals.The app features carefully selected photos of the most common animals in the world. A toddler soundboard with picture of wild animals. We advise you to sit along with your child to enhance the learning experience or entertainment even more. Toddlers will learn the sounds and names associated with animals and stimulate their motor skills. The app is not only for toddlers. Older kids loves to hear and learn more about the different animals  and thereby increasing their vocabulary and possible the intelligence. Please note it is not possible to export the sound effect as ringtone.The app is optimized for both phones and tablets and has been tested on both toddlers, kids and parents.Got any questions or ideas for improvement. Send a mail to contact@kidstatic.net. We want you to provide the best interactive learning app available.Kidstatic aims at delivering educational apps and games for toddlers and kids in a simple and intuitive manner.",
  "inc": "Kidstatic Apps",
  "intalled_count": "1,000,000",
  "last_update": [
    "June",
    "2",
    " 2016"
  ],
  "name": "Toddler Animal Sounds",
  "offered_by": "Kidstatic Apps",
  "permissions": {
    "Other": [
      "receive data from Internet",
      "view network connections",
      "full network access",
      "prevent device from sleeping"
    ]
  },
  "rate": [
    [
      "6,461",
      "4.1"
    ],
    [
      "3,457",
      "5"
    ],
    [
      "1,446",
      "4"
    ],
    [
      "690",
      "3"
    ],
    [
      "310",
      "2"
    ],
    [
      "558",
      "1"
    ]
  ],
  "required_android": "2.3",
  "size": "45",
  "url": "https://play.google.com/store/apps/details?id=com.kidstatic.toddleranimalsounds",
  "version": "1.8"
}