{
  "categories": [
    "Education",
    "Education"
  ],
  "description": "Developed by California credentialed teachers, Toddler Preschool Activities app is a collection of 70 exciting English educational games for toddlers (ages 2 to 5). Features:* 60 different games that teach kids about colors, shapes, size, letters, counting, differences, words and matching. * Dozens of sounds and voice recordings of colors, letters, fruit names, shapes and more. * Designed for children -- no confusing menus or navigation. * Unlimited play! Each game flows right into the next. * Earn stickers as you complete the lessons.Other Levels:Kindergarten Activities: https://play.google.com/store/apps/details?id=theLusca.app.PandaPreschoolBuyV1&hl=enFirst Grade: https://play.google.com/store/apps/details?id=theLusca.app.FirstGradeBuy&hl=enSecond Grade: https://play.google.com/store/apps/details?id=theLusca.app.SecondGradeBuy&hl=en* Also available for iOS https://itunes.apple.com/us/app/toddler-preschool-activities/id894929405?mt=8Updated version:Support immersive full screen (swipe from the any edge of the screen to bring back system bars).",
  "inc": "Active Panda",
  "intalled_count": "1,000,000",
  "last_update": [
    "March",
    "20",
    " 2018"
  ],
  "name": "Toddler Preschool Activities",
  "offered_by": "Active Panda",
  "permissions": {
    "Location": [
      "approximate location (network-based)"
    ],
    "Photos/Media/Files": [
      "read the contents of your USB storage",
      "modify or delete the contents of your USB storage"
    ],
    "Storage": [
      "read the contents of your USB storage",
      "modify or delete the contents of your USB storage"
    ],
    "Other": [
      "view network connections",
      "full network access",
      "Google Play license check"
    ]
  },
  "rate": [
    [
      "3,486",
      "4.0"
    ],
    [
      "1,918",
      "5"
    ],
    [
      "668",
      "4"
    ],
    [
      "360",
      "3"
    ],
    [
      "223",
      "2"
    ],
    [
      "317",
      "1"
    ]
  ],
  "required_android": "4.0.3",
  "size": "28",
  "url": "https://play.google.com/store/apps/details?id=thelusca.com.toddersactivitiestest",
  "version": "2.4.6"
}