{
  "categories": [
    "Lifestyle",
    "Music & Video"
  ],
  "description": "Plays soothing lullabies or white noises (*) that comes with app to help your baby go to sleep. + Solo piano lullabies music+ Ability to record your own lullaby+ Create lullaby playlist by selecting music from app; your devices or recorded music+ Kids Place compatible for child lock.+ Timer settings+ Four different backgrounds to choosePlease download license (unlock) app to get following additional features:1. Ability to save playlist2. Access to 5 additional lullaby music3. Access to white noise soundsSuggestions or Issues?Please Email support@kiddoware.com and we will provide prompt reply.Permission Explanations:+ Internet Access - For Google Analytics library; very minimal data consumption. *White noises requires un-locker app.",
  "inc": "kiddoware",
  "intalled_count": "100,000",
  "last_update": [
    "September",
    "14",
    " 2013"
  ],
  "name": "Baby Lullaby Music White-Noise",
  "offered_by": "kiddoware",
  "permissions": {
    "Photos/Media/Files": [
      "read the contents of your USB storage",
      "modify or delete the contents of your USB storage"
    ],
    "Storage": [
      "read the contents of your USB storage",
      "modify or delete the contents of your USB storage"
    ],
    "Other": [
      "view network connections",
      "full network access",
      "modify system settings"
    ]
  },
  "rate": [
    [
      "313",
      "3.9"
    ],
    [
      "173",
      "5"
    ],
    [
      "41",
      "4"
    ],
    [
      "38",
      "3"
    ],
    [
      "18",
      "2"
    ],
    [
      "43",
      "1"
    ]
  ],
  "required_android": "2.2",
  "size": "7.9",
  "url": "https://play.google.com/store/apps/details?id=com.kiddoware.lullaby",
  "version": "1.0.4"
}