{
  "categories": [
    "Strategy",
    "Action & Adventure"
  ],
  "description": "Ghoulish treats and desserts abound as the Monster High Minis team up to create a cafe to raise funds for their school dance! There's a chance the next school dance may not happen and the ghouls of Monster High are not having it. Monster High is unlike any high school out there and the students come from all walks of life. From ghosts and werewolves to vampires and sea monsters, everyone is welcome at Monster High and everyone wants this dance to happen! Help the ghouls take over the Creepeteria and turn it into a spooktacular cafe. It\u2019s going to take a team to get this party started, so work hard, hire more Minis and always upgrade your cafe!  Fangtastic Features:- 33 Monster High Minis characters to choose from- Lucky Draw system- 8 cafe backgrounds and 8 food stations (with 5 different levels and designs)- Leader-board- 4 VIPs from Monster High- Creeperific voice-overs in English, Mandarin, and Cantonese! ** Please note that while the app is free, please be aware that it contains paid content for real money that can be purchased upon users' wish to enhance their gaming experience.You may control in-app purchases made within this app using password protection which can be enabled from the setting page of the Google Play Store app. **",
  "inc": "Animoca Brands",
  "intalled_count": "1,000,000",
  "last_update": [
    "March",
    "15",
    " 2017"
  ],
  "name": "Monster High\u2122 Minis Mania",
  "offered_by": "Animoca Brands",
  "permissions": {
    "Phone": [
      "read phone status and identity"
    ],
    "Photos/Media/Files": [
      "read the contents of your USB storage",
      "modify or delete the contents of your USB storage"
    ],
    "Storage": [
      "read the contents of your USB storage",
      "modify or delete the contents of your USB storage"
    ],
    "Wi-Fi connection information": [
      "view Wi-Fi connections"
    ],
    "Device ID & call information": [
      "read phone status and identity"
    ],
    "Other": [
      "receive data from Internet",
      "view network connections",
      "full network access",
      "use accounts on the device",
      "prevent device from sleeping",
      "Google Play license check"
    ]
  },
  "rate": [
    [
      "19,175",
      "4.6"
    ],
    [
      "15,396",
      "5"
    ],
    [
      "1,693",
      "4"
    ],
    [
      "829",
      "3"
    ],
    [
      "328",
      "2"
    ],
    [
      "929",
      "1"
    ]
  ],
  "required_android": "4.0.3",
  "size": "70",
  "url": "https://play.google.com/store/apps/details?id=com.animocabrands.google.mhminismania",
  "version": "1.4.2"
}