{
  "categories": [
    "Action",
    "Action & Adventure"
  ],
  "description": "Become a hero with K.O. and use super radical moves to battle the evil Lord Boxman in OK, K.O.! Lakewood Plaza Turbo!DEFEAT LORD BOXMAN (IF YOU CAN)Lord Boxman will do anything to destroy Lakewood Plaza. But you can't let that happen! Learn new fighting moves, unlock special attacks and use powerful items to stop his army of evil robots. Become the hero you always knew you could be, and send that bum packing!MEET AWESOME DUDES AND DUDETTESGet to know all the dynamic denizens of Lakewood Plaza! Hang out with coworkers Radicles and Enid. Help your boisterous boss, Mr. Gar, rebuild the Plaza. Learn incredible new fighting techniques from your mom, Carol. Help out other crazy characters like Ted Viking, Brandon, Red Action, A Real Magic Skeleton and lots more!EXPLORE A VAST NEW WORLDLook for hidden secrets and battle a whole mess of bad guys as you adventure throughout Lakewood Plaza and the surrounding lands.Use power punches, killer kicks and stunning super moves to save the Plaza in OK, K.O.! LAKEWOOD PLAZA TURBO!*****This game is available in the following languages: English, French, Italian, Portuguese (Brazilian), Russian, Spanish (Latin American), TurkishIf you're having any problems with this app, feel free to contact us at advanced.platforms@turner.com. Tell us about the issues you're running into as well as what device and OS version you're using. *****IMPORTANT CONSIDERATIONS: This app may contain ads that feature other products, services, shows or offers from Cartoon Network and our partners.PRIVACY INFORMATION: Your privacy is important to us at Cartoon Network, a division of Turner Broadcasting System, Inc. This game collects and uses information as described in Cartoon Network\u2019s Privacy Policy linked below. This information may be used, for example, to respond to user requests; enable users to take advantage of certain features and services; personalize content; serve advertising; perform network communications; manage and improve our products and services; and perform other internal operations of Cartoon Network web sites or online services. Our privacy practices are guided by data privacy laws in the United States. For users residing in the EU or other countries outside the U.S., please note that this app may use persistent identifiers for game management purposes. By downloading this application, you accept our Privacy Policy and End User License Agreement, and you give permission for such uses for all users of your device. The Privacy Policy and End User License Agreement are in addition to any terms, conditions or policies imposed by your wireless carrier and Apple, Inc. Cartoon Network and its affiliates are not responsible for any collection, use, or disclosure of your personal information by Apple or your wireless carrier. Terms of Use: http://www.cartoonnetwork.com/legal/termsofuse.html Privacy Policy: http://www.cartoonnetwork.com/legal/privacy/mobile.html",
  "inc": "Cartoon Network",
  "intalled_count": "1,000,000",
  "last_update": [
    "January",
    "5",
    " 2017"
  ],
  "name": "OK K.O.! Lakewood Plaza Turbo",
  "offered_by": "Cartoon Network",
  "permissions": {
    "Identity": [
      "find accounts on the device"
    ],
    "Contacts": [
      "find accounts on the device"
    ],
    "Phone": [
      "read phone status and identity"
    ],
    "Photos/Media/Files": [
      "read the contents of your USB storage",
      "modify or delete the contents of your USB storage"
    ],
    "Storage": [
      "read the contents of your USB storage",
      "modify or delete the contents of your USB storage"
    ],
    "Wi-Fi connection information": [
      "view Wi-Fi connections"
    ],
    "Device ID & call information": [
      "read phone status and identity"
    ],
    "Other": [
      "receive data from Internet",
      "view network connections",
      "full network access",
      "control vibration",
      "prevent device from sleeping",
      "Google Play license check"
    ]
  },
  "rate": [
    [
      "76,613",
      "4.5"
    ],
    [
      "60,951",
      "5"
    ],
    [
      "5,109",
      "4"
    ],
    [
      "2,937",
      "3"
    ],
    [
      "1,106",
      "2"
    ],
    [
      "6,510",
      "1"
    ]
  ],
  "required_android": "4.0",
  "size": "24",
  "url": "https://play.google.com/store/apps/details?id=com.turner.lpt",
  "version": "1.3.1"
}