{
  "categories": [
    "Casual",
    "Brain Games"
  ],
  "description": "* Unique and beautiful, seek and find game for everyone.* Metacritic 90%* Thousands of little things to find.* Incredible artwork and a beautiful soundtrack.* Fun for all the family.",
  "inc": "KlickTock",
  "intalled_count": "1,000,000",
  "last_update": [
    "February",
    "25",
    " 2016"
  ],
  "name": "Little Things\u00ae Forever",
  "offered_by": "KlickTock",
  "permissions": {
    "Photos/Media/Files": [
      "read the contents of your USB storage"
    ],
    "Storage": [
      "read the contents of your USB storage"
    ],
    "Other": [
      "full network access",
      "view network connections",
      "full network access",
      "view network connections",
      "full network access",
      "prevent device from sleeping"
    ]
  },
  "rate": [
    [
      "35,052",
      "4.3"
    ],
    [
      "22,064",
      "5"
    ],
    [
      "7,104",
      "4"
    ],
    [
      "3,038",
      "3"
    ],
    [
      "1,296",
      "2"
    ],
    [
      "1,550",
      "1"
    ]
  ],
  "required_android": "Varies with",
  "size": "Varies with devic",
  "url": "https://play.google.com/store/apps/details?id=com.klicktock.littlethings2",
  "version": "Varies with device"
}