{
  "categories": [
    "News & Magazines"
  ],
  "description": "Na aplica\u00e7\u00e3o SAPO Jornais poder\u00e1 consultar diariamente as capas de toda a imprensa nacional e as capas de publica\u00e7\u00f5es de 49 pa\u00edses em todo o mundo, para al\u00e9m da atualidade noticiosa, minuto a minuto. Selecione as capas favoritas para aceder mais rapidamente ao conte\u00fado da sua prefer\u00eancia. Guarde not\u00edcias para ler mais tarde. Pesquise capas, noticias ou manchetesSAPO, MEO, MOCHE e PT EMPRESAS s\u00e3o marcas do Grupo PT Portugal.",
  "inc": "MEO \u2013 Servi\u00e7os de Comunica\u00e7\u00f5es e Multim\u00e9dia, S.A.",
  "intalled_count": "500,000",
  "last_update": [
    "July",
    "14",
    " 2015"
  ],
  "name": "SAPO Jornais",
  "offered_by": "Google Commerce Ltd",
  "permissions": {
    "Photos/Media/Files": [
      "read the contents of your USB storage",
      "modify or delete the contents of your USB storage"
    ],
    "Storage": [
      "read the contents of your USB storage",
      "modify or delete the contents of your USB storage"
    ],
    "Other": [
      "view network connections",
      "full network access",
      "prevent device from sleeping",
      "view network connections",
      "full network access"
    ]
  },
  "price": "",
  "rate": [
    [
      "21,457",
      "4.2"
    ],
    [
      "10,106",
      "5"
    ],
    [
      "8,417",
      "4"
    ],
    [
      "1,612",
      "3"
    ],
    [
      "416",
      "2"
    ],
    [
      "906",
      "1"
    ]
  ],
  "required_android": "Varies with",
  "reviews": [
    {
      "REQ_subtype": "",
      "REQ_type": "",
      "_id": 0,
      "author_id": "not defined",
      "author_name": "Afonso Vaz",
      "helpful": "0",
      "polarity": "",
      "rate": 2,
      "response": "",
      "response_date": "",
      "review": "It is really usefull to get all covers in one app but this one is really really bad developed. It does not cache newspappers already seen so it is sucking my mobile data each time I open the damn app. if I don't have an internet connection I cannot see anything and it gives weird grey blocks if I open a newspaper,  even if I have already opened it 5 times in one day! Sometimes it crashes or it gets blocked and I vannot navigate to other newspaper.  I expected much much better. Unistalling. Going to chrome.",
      "review_date": [
        "January",
        "15",
        " 2017"
      ]
    },
    {
      "REQ_subtype": "",
      "REQ_type": "",
      "_id": 1,
      "author_id": "not defined",
      "author_name": "Ricardo Martins",
      "helpful": "4",
      "polarity": "",
      "rate": 4,
      "response": "",
      "response_date": "",
      "review": "Se tirarem a publicidade no fundo dou as 5 estrelas. De resto a aplica\u00e7\u00e3o \u00e9 boa, funciona bem, mas as fontes s\u00e3o um pouco repetitivas. A juntar a isto so tem 4 ou 5 noticias por dia impreterivelmente. Julgo que se as noticias fossem melhor seleccionadas a aplica\u00e7\u00e3o seria melhor.",
      "review_date": [
        "March",
        "15",
        " 2016"
      ]
    },
    {
      "REQ_subtype": "",
      "REQ_type": "",
      "_id": 2,
      "author_id": "not defined",
      "author_name": "A Google user",
      "helpful": "6",
      "polarity": "",
      "rate": 5,
      "response": "",
      "response_date": "",
      "review": "Ich mag fast alle Zeitungen, auch in digitaler Form",
      "review_date": [
        "January",
        "23",
        " 2016"
      ]
    },
    {
      "REQ_subtype": "",
      "REQ_type": "",
      "_id": 3,
      "author_id": "not defined",
      "author_name": "Jos\u00e9 Trigueiros",
      "helpful": "0",
      "polarity": "",
      "rate": 4,
      "response": "",
      "response_date": "",
      "review": "Falta a op\u00e7\u00e3o de poder ordenar as capas favoritas no sistema android. Quando tinha um iPhone conseguia mover as capas de s\u00edtio, no Samsung n\u00e3o d\u00e1.",
      "review_date": [
        "January",
        "14",
        " 2017"
      ]
    },
    {
      "REQ_subtype": "",
      "REQ_type": "",
      "_id": 4,
      "author_id": "not defined",
      "author_name": "Jo\u00e3o Manuel",
      "helpful": "0",
      "polarity": "",
      "rate": 1,
      "response": "",
      "response_date": "",
      "review": "Aplica\u00e7\u00e3o com pouco interesse. Limita-se a mostrar as capas dos jornais. Se quiserem boas aplica\u00e7\u00f5es nesta \u00e1rea, t\u00eam v\u00e1rias bel\u00edssimas como por exemplo o The Guardian, BBC News, Le Nouvel Observateur, etc... etc. Ao menos livram-se dos Passos Coelhos, Palha\u00e7os, Soares e Cia., corruptos, enfim.",
      "review_date": [
        "July",
        "15",
        " 2015"
      ]
    },
    {
      "REQ_subtype": "",
      "REQ_type": "",
      "_id": 5,
      "author_id": "not defined",
      "author_name": "Lu\u00eds Silva",
      "helpful": "2",
      "polarity": "",
      "rate": 5,
      "response": "",
      "response_date": "",
      "review": "Bom, para uma consulta r\u00e1pida dos jornais. Com boa flexibilidade a ampliar.",
      "review_date": [
        "August",
        "30",
        " 2016"
      ]
    },
    {
      "REQ_subtype": "",
      "REQ_type": "",
      "_id": 6,
      "author_id": "not defined",
      "author_name": "Jo\u00e3o Marcos",
      "helpful": "0",
      "polarity": "",
      "rate": 4,
      "response": "",
      "response_date": "",
      "review": "V\u00e1 l\u00e1! Nem tudo \u00e9 mau! Agora a APP funciona bem e as capas t\u00eam boa resolu\u00e7\u00e3o.",
      "review_date": [
        "August",
        "26",
        " 2015"
      ]
    },
    {
      "REQ_subtype": "",
      "REQ_type": "",
      "_id": 7,
      "author_id": "not defined",
      "author_name": "A Google user",
      "helpful": "0",
      "polarity": "",
      "rate": 1,
      "response": "",
      "response_date": "",
      "review": "Custa-lhes assim tanto actualizar a capa da revista Drag\u00f5es? Imagino que \nsim, mas deveriam ser imparciais...",
      "review_date": [
        "June",
        "12",
        " 2018"
      ]
    },
    {
      "REQ_subtype": "",
      "REQ_type": "",
      "_id": 8,
      "author_id": "not defined",
      "author_name": "Ricardo Pereira da Silva",
      "helpful": "0",
      "polarity": "",
      "rate": 4,
      "response": "",
      "response_date": "",
      "review": "Poderiam ter as capas de jornais da vers\u00e3o norte e vers\u00e3o sul, permitir escolher. S\u00f3 aparece as capas do sul.",
      "review_date": [
        "December",
        "9",
        " 2016"
      ]
    },
    {
      "REQ_subtype": "",
      "REQ_type": "",
      "_id": 9,
      "author_id": "not defined",
      "author_name": "Ricardo Peso",
      "helpful": "2",
      "polarity": "",
      "rate": 1,
      "response": "",
      "response_date": "",
      "review": "deixou de abrir a capa dos jornais, a aplica\u00e7ao continua a funcionar",
      "review_date": [
        "June",
        "8",
        " 2016"
      ]
    },
    {
      "REQ_subtype": "",
      "REQ_type": "",
      "_id": 10,
      "author_id": "not defined",
      "author_name": "Vitor Amaral",
      "helpful": "0",
      "polarity": "",
      "rate": 2,
      "response": "",
      "response_date": "",
      "review": "Os favoritos funcionam n\u00e3o... Alterando a sua ordem a cada dia. Boa aplica\u00e7\u00e3o... Funciona melhor em ambiente IOS",
      "review_date": [
        "November",
        "27",
        " 2017"
      ]
    },
    {
      "REQ_subtype": "",
      "REQ_type": "",
      "_id": 11,
      "author_id": "not defined",
      "author_name": "angelo fonte",
      "helpful": "1",
      "polarity": "",
      "rate": 3,
      "response": "",
      "response_date": "",
      "review": "Good app for news and newspapers front pages, but still full of bugs",
      "review_date": [
        "September",
        "24",
        " 2015"
      ]
    },
    {
      "REQ_subtype": "",
      "REQ_type": "",
      "_id": 12,
      "author_id": "not defined",
      "author_name": "Artur Monteiro",
      "helpful": "0",
      "polarity": "",
      "rate": 5,
      "response": "",
      "response_date": "",
      "review": "App muito boa para ver as capas dos jornais do dia e para ver not\u00edcias em \ngeral.",
      "review_date": [
        "May",
        "5",
        " 2018"
      ]
    },
    {
      "REQ_subtype": "",
      "REQ_type": "",
      "_id": 13,
      "author_id": "not defined",
      "author_name": "Ivan G",
      "helpful": "1",
      "polarity": "",
      "rate": 5,
      "response": "",
      "response_date": "",
      "review": "Bela qualidade de imagem e navega\u00e7\u00e3o f\u00e1cil.",
      "review_date": [
        "March",
        "25",
        " 2016"
      ]
    },
    {
      "REQ_subtype": "",
      "REQ_type": "",
      "_id": 14,
      "author_id": "not defined",
      "author_name": "Steven Santos",
      "helpful": "0",
      "polarity": "",
      "rate": 4,
      "response": "",
      "response_date": "",
      "review": "Se deixar de bloquear de quando em vez dou 5 estrelas.",
      "review_date": [
        "November",
        "18",
        " 2016"
      ]
    },
    {
      "REQ_subtype": "",
      "REQ_type": "",
      "_id": 15,
      "author_id": "not defined",
      "author_name": "Claudiombg",
      "helpful": "1",
      "polarity": "",
      "rate": 5,
      "response": "",
      "response_date": "",
      "review": "Quase sempre actualiza as capas bem cedo. Parab\u00e9ns.",
      "review_date": [
        "November",
        "27",
        " 2015"
      ]
    },
    {
      "REQ_subtype": "",
      "REQ_type": "",
      "_id": 16,
      "author_id": "not defined",
      "author_name": "Luiz Medeiros",
      "helpful": "0",
      "polarity": "",
      "rate": 5,
      "response": "",
      "response_date": "",
      "review": "Tudo que gosto de saber num so lugar.",
      "review_date": [
        "September",
        "29",
        " 2015"
      ]
    },
    {
      "REQ_subtype": "",
      "REQ_type": "",
      "_id": 17,
      "author_id": "not defined",
      "author_name": "Jo\u00e3o Reis",
      "helpful": "0",
      "polarity": "",
      "rate": 4,
      "response": "",
      "response_date": "",
      "review": "Tirem a publicidade e ja pode valer 5 estrelas",
      "review_date": [
        "October",
        "16",
        " 2017"
      ]
    },
    {
      "REQ_subtype": "",
      "REQ_type": "",
      "_id": 18,
      "author_id": "not defined",
      "author_name": "Ana Maia",
      "helpful": "0",
      "polarity": "",
      "rate": 3,
      "response": "",
      "response_date": "",
      "review": "nomeadamente economia",
      "review_date": [
        "February",
        "22",
        " 2016"
      ]
    },
    {
      "REQ_subtype": "",
      "REQ_type": "",
      "_id": 19,
      "author_id": "not defined",
      "author_name": "Paulo Vale",
      "helpful": "0",
      "polarity": "",
      "rate": 2,
      "response": "",
      "response_date": "",
      "review": "Its very average and doesn't have journal do sporting",
      "review_date": [
        "March",
        "15",
        " 2017"
      ]
    },
    {
      "REQ_subtype": "",
      "REQ_type": "",
      "_id": 20,
      "author_id": "not defined",
      "author_name": "hector raul arzuaga",
      "helpful": "1",
      "polarity": "",
      "rate": 5,
      "response": "",
      "response_date": "",
      "review": "Muito boa para aprender novo vocabulario",
      "review_date": [
        "February",
        "25",
        " 2016"
      ]
    },
    {
      "REQ_subtype": "",
      "REQ_type": "",
      "_id": 21,
      "author_id": "not defined",
      "author_name": "Gon\u00e7alo Mendes",
      "helpful": "0",
      "polarity": "",
      "rate": 5,
      "response": "",
      "response_date": "",
      "review": "E bom mas n meu tele encrava",
      "review_date": [
        "November",
        "21",
        " 2017"
      ]
    },
    {
      "REQ_subtype": "",
      "REQ_type": "",
      "_id": 22,
      "author_id": "not defined",
      "author_name": "A Google user",
      "helpful": "0",
      "polarity": "",
      "rate": 5,
      "response": "",
      "response_date": "",
      "review": "N\u00e3o funciona em JB 4.2..tal como as restantes aplica\u00e7\u00f5es PT..",
      "review_date": [
        "December",
        "12",
        " 2015"
      ]
    },
    {
      "REQ_subtype": "",
      "REQ_type": "",
      "_id": 23,
      "author_id": "not defined",
      "author_name": "Gon\u00e7alo Andrade",
      "helpful": "0",
      "polarity": "",
      "rate": 5,
      "response": "",
      "response_date": "",
      "review": "Muito bom para ver as noticias",
      "review_date": [
        "December",
        "5",
        " 2016"
      ]
    },
    {
      "REQ_subtype": "",
      "REQ_type": "",
      "_id": 24,
      "author_id": "not defined",
      "author_name": "A Google user",
      "helpful": "1",
      "polarity": "",
      "rate": 4,
      "response": "",
      "response_date": "",
      "review": "Rebenta a abrir no Nexus 7",
      "review_date": [
        "April",
        "29",
        " 2018"
      ]
    },
    {
      "REQ_subtype": "",
      "REQ_type": "",
      "_id": 25,
      "author_id": "not defined",
      "author_name": "Jorge Pimentel",
      "helpful": "1",
      "polarity": "",
      "rate": 4,
      "response": "",
      "response_date": "",
      "review": "A APP ficou pior.",
      "review_date": [
        "October",
        "24",
        " 2016"
      ]
    },
    {
      "REQ_subtype": "",
      "REQ_type": "",
      "_id": 26,
      "author_id": "not defined",
      "author_name": "Manuel Gon\u00e7alves",
      "helpful": "0",
      "polarity": "",
      "rate": 5,
      "response": "",
      "response_date": "",
      "review": "Melhor n\u00e3o podia ser.Excelente.",
      "review_date": [
        "September",
        "5",
        " 2015"
      ]
    },
    {
      "REQ_subtype": "",
      "REQ_type": "",
      "_id": 27,
      "author_id": "not defined",
      "author_name": "jose neto",
      "helpful": "0",
      "polarity": "",
      "rate": 4,
      "response": "",
      "response_date": "",
      "review": "Funciona como descrito",
      "review_date": [
        "November",
        "2",
        " 2016"
      ]
    },
    {
      "REQ_subtype": "",
      "REQ_type": "",
      "_id": 28,
      "author_id": "not defined",
      "author_name": "Cristina Luz",
      "helpful": "1",
      "polarity": "",
      "rate": 4,
      "response": "",
      "response_date": "",
      "review": "Good, does what it's supposed to",
      "review_date": [
        "September",
        "28",
        " 2015"
      ]
    },
    {
      "REQ_subtype": "",
      "REQ_type": "",
      "_id": 29,
      "author_id": "not defined",
      "author_name": "Nelson Matos",
      "helpful": "0",
      "polarity": "",
      "rate": 3,
      "response": "",
      "response_date": "",
      "review": "Doesn't cache the images",
      "review_date": [
        "August",
        "24",
        " 2016"
      ]
    },
    {
      "REQ_subtype": "",
      "REQ_type": "",
      "_id": 30,
      "author_id": "not defined",
      "author_name": "Paulo Fernandes",
      "helpful": "0",
      "polarity": "",
      "rate": 5,
      "response": "",
      "response_date": "",
      "review": "Muito bem organizado.",
      "review_date": [
        "June",
        "6",
        " 2016"
      ]
    },
    {
      "REQ_subtype": "",
      "REQ_type": "",
      "_id": 31,
      "author_id": "not defined",
      "author_name": "Pepe M",
      "helpful": "0",
      "polarity": "",
      "rate": 5,
      "response": "",
      "response_date": "",
      "review": "Pr\u00e1tico e fluido.",
      "review_date": [
        "April",
        "30",
        " 2016"
      ]
    },
    {
      "REQ_subtype": "",
      "REQ_type": "",
      "_id": 32,
      "author_id": "not defined",
      "author_name": "Jo\u00e3o Miguel Lopes",
      "helpful": "0",
      "polarity": "",
      "rate": 5,
      "response": "",
      "response_date": "",
      "review": "Capas e noticias bem organisadas. Muito bom.",
      "review_date": [
        "July",
        "27",
        " 2015"
      ]
    },
    {
      "REQ_subtype": "",
      "REQ_type": "",
      "_id": 33,
      "author_id": "not defined",
      "author_name": "Tiago Silva",
      "helpful": "1",
      "polarity": "",
      "rate": 5,
      "response": "",
      "response_date": "",
      "review": "Favorites work very well",
      "review_date": [
        "November",
        "24",
        " 2015"
      ]
    },
    {
      "REQ_subtype": "",
      "REQ_type": "",
      "_id": 34,
      "author_id": "not defined",
      "author_name": "Filipe Silva",
      "helpful": "0",
      "polarity": "",
      "rate": 4,
      "response": "",
      "response_date": "",
      "review": "Works as expected!",
      "review_date": [
        "July",
        "16",
        " 2015"
      ]
    },
    {
      "REQ_subtype": "",
      "REQ_type": "",
      "_id": 35,
      "author_id": "not defined",
      "author_name": "Fernando Marques",
      "helpful": "1",
      "polarity": "",
      "rate": 5,
      "response": "",
      "response_date": "",
      "review": "Excelente",
      "review_date": [
        "February",
        "7",
        " 2016"
      ]
    },
    {
      "REQ_subtype": "",
      "REQ_type": "",
      "_id": 36,
      "author_id": "not defined",
      "author_name": "Luis Sequeira",
      "helpful": "1",
      "polarity": "",
      "rate": 4,
      "response": "",
      "response_date": "",
      "review": "Cumpre o prop\u00f3sito",
      "review_date": [
        "October",
        "12",
        " 2016"
      ]
    },
    {
      "REQ_subtype": "",
      "REQ_type": "",
      "_id": 37,
      "author_id": "not defined",
      "author_name": "Ricardo Gomes",
      "helpful": "0",
      "polarity": "",
      "rate": 1,
      "response": "",
      "response_date": "",
      "review": "N\u00e3o est\u00e1 a funcionar",
      "review_date": [
        "November",
        "4",
        " 2015"
      ]
    },
    {
      "REQ_subtype": "",
      "REQ_type": "",
      "_id": 38,
      "author_id": "not defined",
      "author_name": "Sergio Laranjeira",
      "helpful": "0",
      "polarity": "",
      "rate": 4,
      "response": "",
      "response_date": "",
      "review": "Bom!",
      "review_date": [
        "March",
        "3",
        " 2018"
      ]
    },
    {
      "REQ_subtype": "",
      "REQ_type": "",
      "_id": 39,
      "author_id": "not defined",
      "author_name": "Jon Zuika",
      "helpful": "0",
      "polarity": "",
      "rate": 2,
      "response": "",
      "response_date": "",
      "review": "Always late",
      "review_date": [
        "July",
        "21",
        " 2017"
      ]
    },
    {
      "REQ_subtype": "",
      "REQ_type": "",
      "_id": 40,
      "author_id": "not defined",
      "author_name": "Aliu Sane",
      "helpful": "0",
      "polarity": "",
      "rate": 5,
      "response": "",
      "response_date": "",
      "review": "Mt bom",
      "review_date": [
        "May",
        "24",
        " 2016"
      ]
    },
    {
      "REQ_subtype": "",
      "REQ_type": "",
      "_id": 41,
      "author_id": "not defined",
      "author_name": "A Google user",
      "helpful": "0",
      "polarity": "",
      "rate": 5,
      "response": "",
      "response_date": "",
      "review": "Use it everyday",
      "review_date": [
        "May",
        "31",
        " 2018"
      ]
    },
    {
      "REQ_subtype": "",
      "REQ_type": "",
      "_id": 42,
      "author_id": "not defined",
      "author_name": "Tiago Freitas",
      "helpful": "0",
      "polarity": "",
      "rate": 5,
      "response": "",
      "response_date": "",
      "review": "Excelente.",
      "review_date": [
        "August",
        "4",
        " 2017"
      ]
    },
    {
      "REQ_subtype": "",
      "REQ_type": "",
      "_id": 43,
      "author_id": "not defined",
      "author_name": "Marco Domingos",
      "helpful": "1",
      "polarity": "",
      "rate": 5,
      "response": "",
      "response_date": "",
      "review": "Great!",
      "review_date": [
        "October",
        "3",
        " 2016"
      ]
    },
    {
      "REQ_subtype": "",
      "REQ_type": "",
      "_id": 44,
      "author_id": "not defined",
      "author_name": "A Google user",
      "helpful": "0",
      "polarity": "",
      "rate": 4,
      "response": "",
      "response_date": "",
      "review": "Overall classification is good.",
      "review_date": [
        "April",
        "13",
        " 2017"
      ]
    },
    {
      "REQ_subtype": "",
      "REQ_type": "",
      "_id": 45,
      "author_id": "not defined",
      "author_name": "Jose Ventura",
      "helpful": "0",
      "polarity": "",
      "rate": 5,
      "response": "",
      "response_date": "",
      "review": "Very  good.",
      "review_date": [
        "May",
        "7",
        " 2016"
      ]
    },
    {
      "REQ_subtype": "",
      "REQ_type": "",
      "_id": 46,
      "author_id": "not defined",
      "author_name": "Margarida Lopes",
      "helpful": "1",
      "polarity": "",
      "rate": 5,
      "response": "",
      "response_date": "",
      "review": "Excelente",
      "review_date": [
        "September",
        "19",
        " 2015"
      ]
    },
    {
      "REQ_subtype": "",
      "REQ_type": "",
      "_id": 47,
      "author_id": "not defined",
      "author_name": "Jose L. M. M. Soares",
      "helpful": "1",
      "polarity": "",
      "rate": 4,
      "response": "",
      "response_date": "",
      "review": "Good app",
      "review_date": [
        "February",
        "4",
        " 2016"
      ]
    },
    {
      "REQ_subtype": "",
      "REQ_type": "",
      "_id": 48,
      "author_id": "not defined",
      "author_name": "Avsat Valente Santos",
      "helpful": "1",
      "polarity": "",
      "rate": 5,
      "response": "",
      "response_date": "",
      "review": "Beautiful Excellent",
      "review_date": [
        "October",
        "15",
        " 2017"
      ]
    },
    {
      "REQ_subtype": "",
      "REQ_type": "",
      "_id": 49,
      "author_id": "not defined",
      "author_name": "Pedro Paiva",
      "helpful": "1",
      "polarity": "",
      "rate": 5,
      "response": "",
      "response_date": "",
      "review": "Simple and good",
      "review_date": [
        "June",
        "5",
        " 2017"
      ]
    },
    {
      "REQ_subtype": "",
      "REQ_type": "",
      "_id": 50,
      "author_id": "not defined",
      "author_name": "A Google user",
      "helpful": "0",
      "polarity": "",
      "rate": 4,
      "response": "",
      "response_date": "",
      "review": "Util...",
      "review_date": [
        "September",
        "26",
        " 2015"
      ]
    },
    {
      "REQ_subtype": "",
      "REQ_type": "",
      "_id": 51,
      "author_id": "not defined",
      "author_name": "Rui Rocha",
      "helpful": "0",
      "polarity": "",
      "rate": 5,
      "response": "",
      "response_date": "",
      "review": "The best",
      "review_date": [
        "July",
        "20",
        " 2016"
      ]
    },
    {
      "REQ_subtype": "",
      "REQ_type": "",
      "_id": 52,
      "author_id": "not defined",
      "author_name": "Pedro Sa\u00fade",
      "helpful": "0",
      "polarity": "",
      "rate": 5,
      "response": "",
      "response_date": "",
      "review": "Great",
      "review_date": [
        "December",
        "2",
        " 2017"
      ]
    },
    {
      "REQ_subtype": "",
      "REQ_type": "",
      "_id": 53,
      "author_id": "not defined",
      "author_name": "JC Horta",
      "helpful": "0",
      "polarity": "",
      "rate": 4,
      "response": "",
      "response_date": "",
      "review": "Useful",
      "review_date": [
        "November",
        "2",
        " 2017"
      ]
    },
    {
      "REQ_subtype": "",
      "REQ_type": "",
      "_id": 54,
      "author_id": "not defined",
      "author_name": "Terry Malhou",
      "helpful": "0",
      "polarity": "",
      "rate": 5,
      "response": "",
      "response_date": "",
      "review": "Love it",
      "review_date": [
        "October",
        "7",
        " 2017"
      ]
    },
    {
      "REQ_subtype": "",
      "REQ_type": "",
      "_id": 55,
      "author_id": "not defined",
      "author_name": "Jose Brito",
      "helpful": "0",
      "polarity": "",
      "rate": 4,
      "response": "",
      "response_date": "",
      "review": "Top",
      "review_date": [
        "January",
        "7",
        " 2017"
      ]
    },
    {
      "REQ_subtype": "",
      "REQ_type": "",
      "_id": 56,
      "author_id": "not defined",
      "author_name": "AVR 1 Vlamynck Ribeiro",
      "helpful": "0",
      "polarity": "",
      "rate": 4,
      "response": "",
      "response_date": "",
      "review": "Love it",
      "review_date": [
        "December",
        "21",
        " 2017"
      ]
    },
    {
      "REQ_subtype": "",
      "REQ_type": "",
      "_id": 57,
      "author_id": "not defined",
      "author_name": "Victor Sanches",
      "helpful": "0",
      "polarity": "",
      "rate": 5,
      "response": "",
      "response_date": "",
      "review": "Cool",
      "review_date": [
        "March",
        "6",
        " 2018"
      ]
    },
    {
      "REQ_subtype": "",
      "REQ_type": "",
      "_id": 58,
      "author_id": "not defined",
      "author_name": "Rodrigo de Freitas",
      "helpful": "0",
      "polarity": "",
      "rate": 4,
      "response": "",
      "response_date": "",
      "review": "Sinceramente na parte dos jornais internacionais poderiam remover os diarios da Lusofonia que n interessam rigorosamente nada(devido a falta de qualidade) e colocar jornais mais relevantes.",
      "review_date": [
        "June",
        "19",
        " 2015"
      ]
    },
    {
      "REQ_subtype": "",
      "REQ_type": "",
      "_id": 59,
      "author_id": "not defined",
      "author_name": "Marco Teixeira",
      "helpful": "0",
      "polarity": "",
      "rate": 4,
      "response": "",
      "response_date": "",
      "review": "No entanto deveria ter mais um pouco do q somente a capa.  Dava 5 estrelas assim dou s\u00f3 4.",
      "review_date": [
        "June",
        "21",
        " 2015"
      ]
    },
    {
      "REQ_subtype": "",
      "REQ_type": "",
      "_id": 60,
      "author_id": "not defined",
      "author_name": "A Google user",
      "helpful": "1",
      "polarity": "",
      "rate": 5,
      "response": "",
      "response_date": "",
      "review": "Agora est\u00e1 actualizado para o Nexus 7. Bom!",
      "review_date": [
        "May",
        "30",
        " 2015"
      ]
    },
    {
      "REQ_subtype": "",
      "REQ_type": "",
      "_id": 61,
      "author_id": "not defined",
      "author_name": "Dino Ismael",
      "helpful": "0",
      "polarity": "",
      "rate": 4,
      "response": "",
      "response_date": "",
      "review": "\u00c9 bom ter uma fonte informacao  como esta.",
      "review_date": [
        "May",
        "26",
        " 2015"
      ]
    },
    {
      "REQ_subtype": "",
      "REQ_type": "",
      "_id": 62,
      "author_id": "not defined",
      "author_name": "Jo\u00e3o Alberto",
      "helpful": "1",
      "polarity": "",
      "rate": 4,
      "response": "",
      "response_date": "",
      "review": "Deixou de funcionar com a \u00faltima actualiza\u00e7\u00e3o.",
      "review_date": [
        "May",
        "17",
        " 2015"
      ]
    },
    {
      "REQ_subtype": "",
      "REQ_type": "",
      "_id": 63,
      "author_id": "not defined",
      "author_name": "Filipe Sei\u00e7a",
      "helpful": "0",
      "polarity": "",
      "rate": 4,
      "response": "",
      "response_date": "",
      "review": "Gosto de ver as gordas",
      "review_date": [
        "June",
        "28",
        " 2015"
      ]
    },
    {
      "REQ_subtype": "",
      "REQ_type": "",
      "_id": 64,
      "author_id": "not defined",
      "author_name": "Carlos Santos",
      "helpful": "0",
      "polarity": "",
      "rate": 4,
      "response": "",
      "response_date": "",
      "review": "No principio atualisava mais rapido..",
      "review_date": [
        "May",
        "19",
        " 2015"
      ]
    },
    {
      "REQ_subtype": "",
      "REQ_type": "",
      "_id": 65,
      "author_id": "not defined",
      "author_name": "Zeferino Neto",
      "helpful": "0",
      "polarity": "",
      "rate": 5,
      "response": "",
      "response_date": "",
      "review": "Fixe",
      "review_date": [
        "July",
        "7",
        " 2015"
      ]
    },
    {
      "REQ_subtype": "",
      "REQ_type": "",
      "_id": 66,
      "author_id": "not defined",
      "author_name": "A Google user",
      "helpful": "0",
      "polarity": "",
      "rate": 4,
      "response": "",
      "response_date": "",
      "review": "Once you select your favourite newspaper's 1st page, why can't you order them in the way you like ?",
      "review_date": [
        "February",
        "13",
        " 2015"
      ]
    },
    {
      "REQ_subtype": "",
      "REQ_type": "",
      "_id": 67,
      "author_id": "not defined",
      "author_name": "Hugo Esteves",
      "helpful": "0",
      "polarity": "",
      "rate": 3,
      "response": "",
      "response_date": "",
      "review": "D\u00e1 para ter uma ideia das diversas capas (e tem v\u00e1rias) mas quando se quer ler as manchetes mais pequenas, mesmo com zoom, n\u00e3o se consegue ler porque a defini\u00e7\u00e3o \u00e9 insuficiente para se poder perceber as palavras.",
      "review_date": [
        "April",
        "3",
        " 2015"
      ]
    },
    {
      "REQ_subtype": "",
      "REQ_type": "",
      "_id": 68,
      "author_id": "not defined",
      "author_name": "Am\u00edlcar Tavares",
      "helpful": "0",
      "polarity": "",
      "rate": 3,
      "response": "Boa tarde. Agradecemos os coment\u00e1rios dos utilizadores das nossas apps, s\u00f3 atrav\u00e9s deles conseguimos melhorar os nosso produtos. \nSe quiser enviar as suas criticas e sugest\u00f5es, que desde j\u00e1 agradecemos, pode enviar mail para appsmobile@suporte.sapo.pt. Obrigado.",
      "response_date": [
        "May",
        "26",
        " 2015"
      ],
      "review": "Mostra as capas e not\u00edcias. Ponto final. \u00c9 um aplicativo com muitas falhas e nem vale a pena apresentar sugest\u00f5es pois o SAPO n\u00e3o interage e n\u00e3o escuta os utentes. \u00c9 por causa desta mentalidade que os seus aplicativos s\u00e3o como s\u00e3o: fraquinhos.",
      "review_date": [
        "April",
        "18",
        " 2015"
      ]
    },
    {
      "REQ_subtype": "",
      "REQ_type": "",
      "_id": 69,
      "author_id": "not defined",
      "author_name": "Eric De Sousa Selemane Abdula",
      "helpful": "0",
      "polarity": "",
      "rate": 4,
      "response": "",
      "response_date": "",
      "review": "Boa aplica\u00e7\u00e3o, por\u00e9m precisa de melhorar a rapidez de disponibiliza\u00e7\u00e3o das p\u00e1ginas dos jornais.",
      "review_date": [
        "March",
        "26",
        " 2015"
      ]
    },
    {
      "REQ_subtype": "",
      "REQ_type": "",
      "_id": 70,
      "author_id": "not defined",
      "author_name": "Gon\u00e7alo Silva",
      "helpful": "0",
      "polarity": "",
      "rate": 4,
      "response": "",
      "response_date": "",
      "review": "Funciona bem qb, mas precisa de uns retoques.",
      "review_date": [
        "March",
        "17",
        " 2015"
      ]
    },
    {
      "REQ_subtype": "",
      "REQ_type": "",
      "_id": 71,
      "author_id": "not defined",
      "author_name": "Carlos Miguel Ferreira",
      "helpful": "1",
      "polarity": "",
      "rate": 5,
      "response": "",
      "response_date": "",
      "review": "Est\u00e1 di\u00e1riamente actualizado",
      "review_date": [
        "January",
        "10",
        " 2015"
      ]
    },
    {
      "REQ_subtype": "",
      "REQ_type": "",
      "_id": 72,
      "author_id": "not defined",
      "author_name": "Jose Correia",
      "helpful": "0",
      "polarity": "",
      "rate": 5,
      "response": "",
      "response_date": "",
      "review": "Good app that gives me access to various news papers and magazines aroind the globe.",
      "review_date": [
        "March",
        "26",
        " 2015"
      ]
    },
    {
      "REQ_subtype": "",
      "REQ_type": "",
      "_id": 73,
      "author_id": "not defined",
      "author_name": "Iris Branco",
      "helpful": "0",
      "polarity": "",
      "rate": 1,
      "response": "",
      "response_date": "",
      "review": "D\u00e1 erro de liga\u00e7\u00e3o!",
      "review_date": [
        "April",
        "18",
        " 2015"
      ]
    },
    {
      "REQ_subtype": "",
      "REQ_type": "",
      "_id": 74,
      "author_id": "not defined",
      "author_name": "Hugo Apol\u00f3nio",
      "helpful": "0",
      "polarity": "",
      "rate": 4,
      "response": "",
      "response_date": "",
      "review": "Bem melhor na nova vers\u00e3o",
      "review_date": [
        "April",
        "9",
        " 2015"
      ]
    },
    {
      "REQ_subtype": "",
      "REQ_type": "",
      "_id": 75,
      "author_id": "not defined",
      "author_name": "Rui Coutinho",
      "helpful": "0",
      "polarity": "",
      "rate": 4,
      "response": "",
      "response_date": "",
      "review": "Ser e o proposito !",
      "review_date": [
        "January",
        "14",
        " 2015"
      ]
    },
    {
      "REQ_subtype": "",
      "REQ_type": "",
      "_id": 76,
      "author_id": "not defined",
      "author_name": "Miguel Telo",
      "helpful": "0",
      "polarity": "",
      "rate": 4,
      "response": "",
      "response_date": "",
      "review": "Para uso di\u00e1rio!",
      "review_date": [
        "February",
        "10",
        " 2015"
      ]
    },
    {
      "REQ_subtype": "",
      "REQ_type": "",
      "_id": 77,
      "author_id": "not defined",
      "author_name": "Paulo Abreu",
      "helpful": "0",
      "polarity": "",
      "rate": 4,
      "response": "",
      "response_date": "",
      "review": "Boa app de noticias",
      "review_date": [
        "January",
        "3",
        " 2015"
      ]
    },
    {
      "REQ_subtype": "",
      "REQ_type": "",
      "_id": 78,
      "author_id": "not defined",
      "author_name": "S\u00f3nia Torr\u00e3o",
      "helpful": "0",
      "polarity": "",
      "rate": 4,
      "response": "",
      "response_date": "",
      "review": "Informativo e pratico!!",
      "review_date": [
        "December",
        "30",
        " 2014"
      ]
    },
    {
      "REQ_subtype": "",
      "REQ_type": "",
      "_id": 79,
      "author_id": "not defined",
      "author_name": "Rafael Reis",
      "helpful": "0",
      "polarity": "",
      "rate": 4,
      "response": "",
      "response_date": "",
      "review": "Faltam revistas de autom\u00f3veis...",
      "review_date": [
        "February",
        "4",
        " 2015"
      ]
    },
    {
      "REQ_subtype": "",
      "REQ_type": "",
      "_id": 80,
      "author_id": "not defined",
      "author_name": "Lasse Jensen",
      "helpful": "0",
      "polarity": "",
      "rate": 3,
      "response": "",
      "response_date": "",
      "review": "R\u00e1pido",
      "review_date": [
        "May",
        "12",
        " 2015"
      ]
    },
    {
      "REQ_subtype": "",
      "REQ_type": "",
      "_id": 81,
      "author_id": "not defined",
      "author_name": "Maur\u00edcio Sampaio",
      "helpful": "0",
      "polarity": "",
      "rate": 4,
      "response": "",
      "response_date": "",
      "review": "Eficaz",
      "review_date": [
        "April",
        "18",
        " 2015"
      ]
    },
    {
      "REQ_subtype": "",
      "REQ_type": "",
      "_id": 82,
      "author_id": "not defined",
      "author_name": "marex tome",
      "helpful": "0",
      "polarity": "",
      "rate": 4,
      "response": "",
      "response_date": "",
      "review": "Simples, r\u00e1pida, \u00fatil.",
      "review_date": [
        "April",
        "21",
        " 2015"
      ]
    },
    {
      "REQ_subtype": "",
      "REQ_type": "",
      "_id": 83,
      "author_id": "not defined",
      "author_name": "Paulo Oliveira",
      "helpful": "0",
      "polarity": "",
      "rate": 5,
      "response": "",
      "response_date": "",
      "review": "Adoro!",
      "review_date": [
        "March",
        "14",
        " 2015"
      ]
    },
    {
      "REQ_subtype": "",
      "REQ_type": "",
      "_id": 84,
      "author_id": "not defined",
      "author_name": "Henrique Servo",
      "helpful": "0",
      "polarity": "",
      "rate": 5,
      "response": "",
      "response_date": "",
      "review": "Muito bom",
      "review_date": [
        "February",
        "7",
        " 2015"
      ]
    },
    {
      "REQ_subtype": "",
      "REQ_type": "",
      "_id": 85,
      "author_id": "not defined",
      "author_name": "Alexandre Sousa",
      "helpful": "0",
      "polarity": "",
      "rate": 5,
      "response": "",
      "response_date": "",
      "review": "Nice to have an overview of the news",
      "review_date": [
        "February",
        "11",
        " 2015"
      ]
    },
    {
      "REQ_subtype": "",
      "REQ_type": "",
      "_id": 86,
      "author_id": "not defined",
      "author_name": "Miguel Jal\u00f3",
      "helpful": "0",
      "polarity": "",
      "rate": 5,
      "response": "",
      "response_date": "",
      "review": "Bastante melhorada. Smooth e limpa.",
      "review_date": [
        "January",
        "17",
        " 2015"
      ]
    },
    {
      "REQ_subtype": "",
      "REQ_type": "",
      "_id": 87,
      "author_id": "not defined",
      "author_name": "Michael Salgueiro",
      "helpful": "0",
      "polarity": "",
      "rate": 4,
      "response": "",
      "response_date": "",
      "review": "Quite practical",
      "review_date": [
        "January",
        "22",
        " 2015"
      ]
    },
    {
      "REQ_subtype": "",
      "REQ_type": "",
      "_id": 88,
      "author_id": "not defined",
      "author_name": "Rui Soares",
      "helpful": "1",
      "polarity": "",
      "rate": 5,
      "response": "",
      "response_date": "",
      "review": "Uma excelente evolu\u00e7\u0103o, est\u0103o no bom caminho...",
      "review_date": [
        "December",
        "18",
        " 2014"
      ]
    },
    {
      "REQ_subtype": "",
      "REQ_type": "",
      "_id": 89,
      "author_id": "not defined",
      "author_name": "Luis Marreiros",
      "helpful": "0",
      "polarity": "",
      "rate": 5,
      "response": "",
      "response_date": "",
      "review": "...morreu com o JellyBean. Espero actualiza\u00e7\u00e3o para breve...",
      "review_date": [
        "November",
        "30",
        " 2014"
      ]
    },
    {
      "REQ_subtype": "",
      "REQ_type": "",
      "_id": 90,
      "author_id": "not defined",
      "author_name": "Germano Lopes",
      "helpful": "0",
      "polarity": "",
      "rate": 5,
      "response": "",
      "response_date": "",
      "review": "Melhorou e muito",
      "review_date": [
        "December",
        "15",
        " 2014"
      ]
    },
    {
      "REQ_subtype": "",
      "REQ_type": "",
      "_id": 91,
      "author_id": "not defined",
      "author_name": "Jorge Silva",
      "helpful": "0",
      "polarity": "",
      "rate": 4,
      "response": "",
      "response_date": "",
      "review": "Bom",
      "review_date": [
        "December",
        "4",
        " 2014"
      ]
    },
    {
      "REQ_subtype": "",
      "REQ_type": "",
      "_id": 92,
      "author_id": "not defined",
      "author_name": "A Google user",
      "helpful": "0",
      "polarity": "",
      "rate": 5,
      "response": "",
      "response_date": "",
      "review": "Os j\u00e1 t\u00e3o habituais widgets de 3*3 desapaceram por completo deste a passagem para a v.3 e superior. Algo k permita consultar muito mais rapidamente as noticas por titulos, usando a aplica\u00e7\u00e3o, neste momento deixei completamente de usar, pois \u00e9 muito mais complicado abrir a aplica\u00e7\u00e3o e andar a navegar nesta, quando anteriormente tinhamos os dados directamente do ecra. Revertendo \u00e0 v.2.1.x",
      "review_date": [
        "November",
        "17",
        " 2014"
      ]
    },
    {
      "REQ_subtype": "",
      "REQ_type": "",
      "_id": 93,
      "author_id": "not defined",
      "author_name": "H\u00e9lio Abrantes",
      "helpful": "2",
      "polarity": "",
      "rate": 3,
      "response": "Boa tarde H\u00e9lio! A situa\u00e7\u00e3o j\u00e1 est\u00e1 ultrapassada e j\u00e1 deve conseguir aceder \u00e0 aplica\u00e7\u00e3o sem problemas. Lamentamos o sucedido. Obrigada",
      "response_date": [
        "November",
        "17",
        " 2014"
      ],
      "review": "Agora q j\u00e1 funciona com Android l volta a ser uma aplica\u00e7\u00e3o bastante \u00fatil e interessante",
      "review_date": [
        "November",
        "17",
        " 2014"
      ]
    },
    {
      "REQ_subtype": "",
      "REQ_type": "",
      "_id": 94,
      "author_id": "not defined",
      "author_name": "Nuno Nabeiro",
      "helpful": "0",
      "polarity": "",
      "rate": 5,
      "response": "",
      "response_date": "",
      "review": "Uma APP essencial ao inicio do dia para por a actualidade em dia de um modo eficaz e resumido",
      "review_date": [
        "November",
        "22",
        " 2014"
      ]
    },
    {
      "REQ_subtype": "",
      "REQ_type": "",
      "_id": 95,
      "author_id": "not defined",
      "author_name": "Tiago Alcobia",
      "helpful": "3",
      "polarity": "",
      "rate": 1,
      "response": "",
      "response_date": "",
      "review": "Desde a instala\u00e7\u00e3o da nova vers\u00e3o n\u00e3o h\u00e1 widgets dispon\u00edveis",
      "review_date": [
        "November",
        "14",
        " 2014"
      ]
    },
    {
      "REQ_subtype": "",
      "REQ_type": "",
      "_id": 96,
      "author_id": "not defined",
      "author_name": "Francisco Restivo",
      "helpful": "1",
      "polarity": "",
      "rate": 5,
      "response": "",
      "response_date": "",
      "review": "Muito \u00fatil. Grande n\u00famero de t\u00edtulos. Capas actualizadas com muita rapidez.",
      "review_date": [
        "November",
        "22",
        " 2014"
      ]
    },
    {
      "REQ_subtype": "",
      "REQ_type": "",
      "_id": 97,
      "author_id": "not defined",
      "author_name": "Ant\u00f3nio Marques",
      "helpful": "0",
      "polarity": "",
      "rate": 4,
      "response": "",
      "response_date": "",
      "review": "Boa maneira e r\u00e1pida de ver os t\u00edtulos da imprensa sem grandes complica\u00e7\u00f5es",
      "review_date": [
        "November",
        "16",
        " 2014"
      ]
    },
    {
      "REQ_subtype": "",
      "REQ_type": "",
      "_id": 98,
      "author_id": "not defined",
      "author_name": "A Google user",
      "helpful": "0",
      "polarity": "",
      "rate": 5,
      "response": "Boa tarde! A situa\u00e7\u00e3o j\u00e1 est\u00e1 ultrapassada e j\u00e1 deve conseguir aceder \u00e0 aplica\u00e7\u00e3o sem problemas. Lamentamos o sucedido. Obrigada",
      "response_date": [
        "November",
        "17",
        " 2014"
      ],
      "review": "Excelente aplica\u00e7\u00e3o, muito \u00fatil e a nova interface \u00e9 agrad\u00e1vel.",
      "review_date": [
        "November",
        "17",
        " 2014"
      ]
    },
    {
      "REQ_subtype": "",
      "REQ_type": "",
      "_id": 99,
      "author_id": "not defined",
      "author_name": "Ricardo Lu\u00eds",
      "helpful": "1",
      "polarity": "",
      "rate": 4,
      "response": "",
      "response_date": "",
      "review": "Nova vers\u00e3o mais bonita e pr\u00e1tica",
      "review_date": [
        "November",
        "18",
        " 2014"
      ]
    },
    {
      "REQ_subtype": "",
      "REQ_type": "",
      "_id": 100,
      "author_id": "not defined",
      "author_name": "Tiago Pedroso",
      "helpful": "1",
      "polarity": "",
      "rate": 1,
      "response": "Boa tarde Tiago! A situa\u00e7\u00e3o j\u00e1 est\u00e1 ultrapassada e j\u00e1 deve conseguir aceder \u00e0 aplica\u00e7\u00e3o sem problemas. Lamentamos o sucedido. Obrigada",
      "response_date": [
        "November",
        "17",
        " 2014"
      ],
      "review": "No connection",
      "review_date": [
        "November",
        "15",
        " 2014"
      ]
    },
    {
      "REQ_subtype": "",
      "REQ_type": "",
      "_id": 101,
      "author_id": "not defined",
      "author_name": "Us Ba",
      "helpful": "0",
      "polarity": "",
      "rate": 5,
      "response": "",
      "response_date": "",
      "review": "Excelente",
      "review_date": [
        "November",
        "22",
        " 2014"
      ]
    },
    {
      "REQ_subtype": "",
      "REQ_type": "",
      "_id": 102,
      "author_id": "not defined",
      "author_name": "Luck Sampayo",
      "helpful": "0",
      "polarity": "",
      "rate": 5,
      "response": "",
      "response_date": "",
      "review": "Gosto bastante.",
      "review_date": [
        "November",
        "15",
        " 2014"
      ]
    },
    {
      "REQ_subtype": "",
      "REQ_type": "",
      "_id": 103,
      "author_id": "not defined",
      "author_name": "\u00c2ngelo Silva",
      "helpful": "0",
      "polarity": "",
      "rate": 4,
      "response": "",
      "response_date": "",
      "review": "Muito boa.",
      "review_date": [
        "November",
        "18",
        " 2014"
      ]
    },
    {
      "REQ_subtype": "",
      "REQ_type": "",
      "_id": 104,
      "author_id": "not defined",
      "author_name": "Rui Borges",
      "helpful": "0",
      "polarity": "",
      "rate": 4,
      "response": "",
      "response_date": "",
      "review": "Vers\u00e3o 3.02",
      "review_date": [
        "November",
        "15",
        " 2014"
      ]
    },
    {
      "REQ_subtype": "",
      "REQ_type": "",
      "_id": 105,
      "author_id": "not defined",
      "author_name": "Carlos Aguiar",
      "helpful": "3",
      "polarity": "",
      "rate": 1,
      "response": "Boa tarde. Com o \u00faltimo update para a vers\u00e3o 3.0.4 foram feitas v\u00e1rias melhorias \u00e0 app, incluindo \u00e0 apresenta\u00e7\u00e3o das capas, pelo que estas situa\u00e7\u00f5es se encontram resolvidas. Em rela\u00e7\u00e3o ao widget estamos a tarbalhar para voltar a disponibiliz\u00e1-lo. Agradecemos o feedback",
      "response_date": [
        "December",
        "22",
        " 2014"
      ],
      "review": "Atualiza\u00e7\u00e3o de design, retrocesso na funcionalidade: widget deixou de existir e imagens das capas s\u00e3o de baixa resolu\u00e7\u00e3o sendo ileg\u00edveis quando visualizadas num tablet. Isto para al\u00e9m de frequentes \"crash\".",
      "review_date": [
        "November",
        "8",
        " 2014"
      ]
    },
    {
      "REQ_subtype": "",
      "REQ_type": "",
      "_id": 106,
      "author_id": "not defined",
      "author_name": "Pedro Almeida",
      "helpful": "1",
      "polarity": "",
      "rate": 1,
      "response": "",
      "response_date": "",
      "review": "Upgrading to this version removed all my favourite publications and now I also have to press back X number of times to exit the application because they also screwed up the navigation.  This is a good example of bad upgrade work.",
      "review_date": [
        "November",
        "4",
        " 2014"
      ]
    },
    {
      "REQ_subtype": "",
      "REQ_type": "",
      "_id": 107,
      "author_id": "not defined",
      "author_name": "Se Es",
      "helpful": "1",
      "polarity": "",
      "rate": 1,
      "response": "Boa tarde. Com o \u00faltimo update para a vers\u00e3o 3.0.4 foram feitas v\u00e1rias melhorias \u00e0 app, incluindo \u00e0 apresenta\u00e7\u00e3o das capas, pelo que estas situa\u00e7\u00f5es se encontram resolvidas. Agradecemos o feedback.",
      "response_date": [
        "December",
        "22",
        " 2014"
      ],
      "review": "Tem feito atualiza\u00e7\u00f5es e quanto mais programam pior fica. A resolu\u00e7\u00e3o piorou e n\u00e3o se conseguem ler as letras da 1a pagina. O aplicativo esta mais lento. Com alguns crash. Corrijam sff. Obgdo",
      "review_date": [
        "November",
        "10",
        " 2014"
      ]
    },
    {
      "REQ_subtype": "",
      "REQ_type": "",
      "_id": 108,
      "author_id": "not defined",
      "author_name": "Alexandra Mascarenhas",
      "helpful": "0",
      "polarity": "",
      "rate": 1,
      "response": "Boa tarde. Com o \u00faltimo update para a vers\u00e3o 3.0.4 foram feitas v\u00e1rias melhorias \u00e0 apresenta\u00e7\u00e3o das capas pelo que esta situa\u00e7\u00e3o se encontra resolvida. Agradecemos o feedback.",
      "response_date": [
        "December",
        "22",
        " 2014"
      ],
      "review": "Funciona melhor mas nao se consegue ler nada porque a defenicao de imagem e pessima, horrivel mesmo impossibilitando qualquer leitura.",
      "review_date": [
        "November",
        "5",
        " 2014"
      ]
    },
    {
      "REQ_subtype": "",
      "REQ_type": "",
      "_id": 109,
      "author_id": "not defined",
      "author_name": "Vasco d'Orey",
      "helpful": "0",
      "polarity": "",
      "rate": 4,
      "response": "",
      "response_date": "",
      "review": "Sometimes covers don't refresh",
      "review_date": [
        "November",
        "5",
        " 2014"
      ]
    },
    {
      "REQ_subtype": "",
      "REQ_type": "",
      "_id": 110,
      "author_id": "not defined",
      "author_name": "A Google user",
      "helpful": "0",
      "polarity": "",
      "rate": 4,
      "response": "",
      "response_date": "",
      "review": "A ordem das capas n\u00e3o \u00e9 a mesma quando se v\u00ea capa a capa.",
      "review_date": [
        "November",
        "11",
        " 2014"
      ]
    },
    {
      "REQ_subtype": "",
      "REQ_type": "",
      "_id": 111,
      "author_id": "not defined",
      "author_name": "Fernando Almeida",
      "helpful": "0",
      "polarity": "",
      "rate": 1,
      "response": "",
      "response_date": "",
      "review": "Depois da ultima actualiza\u00e7\u00e3o ficou uma porcaria, nem sequer liga, diz que n\u00e3o tem conex\u00e3o",
      "review_date": [
        "November",
        "5",
        " 2014"
      ]
    },
    {
      "REQ_subtype": "",
      "REQ_type": "",
      "_id": 112,
      "author_id": "not defined",
      "author_name": "A Google user",
      "helpful": "0",
      "polarity": "",
      "rate": 5,
      "response": "",
      "response_date": "",
      "review": "Agora sim, uma aplica\u00e7\u00e3o a s\u00e9rio!",
      "review_date": [
        "November",
        "6",
        " 2014"
      ]
    },
    {
      "REQ_subtype": "",
      "REQ_type": "",
      "_id": 113,
      "author_id": "not defined",
      "author_name": "Jaime Rodrigues",
      "helpful": "0",
      "polarity": "",
      "rate": 5,
      "response": "",
      "response_date": "",
      "review": "Cumpre muito bem a sua fun\u00e7\u00e3o",
      "review_date": [
        "November",
        "8",
        " 2014"
      ]
    },
    {
      "REQ_subtype": "",
      "REQ_type": "",
      "_id": 114,
      "author_id": "not defined",
      "author_name": "A Google user",
      "helpful": "0",
      "polarity": "",
      "rate": 4,
      "response": "Muito obrigada pelo feedback. Acab\u00e1mos de publicar um novo update que vem corrigir essa situa\u00e7\u00e3o. Pode p. favor verificar se j\u00e1 consegue aceder \u00e0 app?",
      "response_date": [
        "November",
        "3",
        " 2014"
      ],
      "review": "Aplica\u00e7\u00e3o j\u00e1 funciona. Obrigado.",
      "review_date": [
        "November",
        "4",
        " 2014"
      ]
    },
    {
      "REQ_subtype": "",
      "REQ_type": "",
      "_id": 115,
      "author_id": "not defined",
      "author_name": "Jo\u00e3o Cavaleiro",
      "helpful": "0",
      "polarity": "",
      "rate": 4,
      "response": "",
      "response_date": "",
      "review": "O melhor!",
      "review_date": [
        "November",
        "13",
        " 2014"
      ]
    },
    {
      "REQ_subtype": "",
      "REQ_type": "",
      "_id": 116,
      "author_id": "not defined",
      "author_name": "Rafael Silva",
      "helpful": "0",
      "polarity": "",
      "rate": 5,
      "response": "",
      "response_date": "",
      "review": "Fantastic!",
      "review_date": [
        "November",
        "7",
        " 2014"
      ]
    },
    {
      "REQ_subtype": "",
      "REQ_type": "",
      "_id": 117,
      "author_id": "not defined",
      "author_name": "Igor Ornelas",
      "helpful": "0",
      "polarity": "",
      "rate": 4,
      "response": "",
      "response_date": "",
      "review": "Melhorou muito",
      "review_date": [
        "November",
        "6",
        " 2014"
      ]
    },
    {
      "REQ_subtype": "",
      "REQ_type": "",
      "_id": 118,
      "author_id": "not defined",
      "author_name": "Celso Pinto",
      "helpful": "0",
      "polarity": "",
      "rate": 4,
      "response": "",
      "response_date": "",
      "review": "Muito bom",
      "review_date": [
        "November",
        "9",
        " 2014"
      ]
    },
    {
      "REQ_subtype": "",
      "REQ_type": "",
      "_id": 119,
      "author_id": "not defined",
      "author_name": "Joao Batista",
      "helpful": "0",
      "polarity": "",
      "rate": 5,
      "response": "",
      "response_date": "",
      "review": "Very good for Portuguese newspapers",
      "review_date": [
        "November",
        "11",
        " 2014"
      ]
    },
    {
      "REQ_subtype": "",
      "REQ_type": "",
      "_id": 120,
      "author_id": "not defined",
      "author_name": "Ad\u00e3o Santos",
      "helpful": "0",
      "polarity": "",
      "rate": 5,
      "response": "",
      "response_date": "",
      "review": "Nice",
      "review_date": [
        "November",
        "8",
        " 2014"
      ]
    },
    {
      "REQ_subtype": "",
      "REQ_type": "",
      "_id": 121,
      "author_id": "not defined",
      "author_name": "Rui Azevedo",
      "helpful": "0",
      "polarity": "",
      "rate": 5,
      "response": "",
      "response_date": "",
      "review": "Good",
      "review_date": [
        "November",
        "8",
        " 2014"
      ]
    },
    {
      "REQ_subtype": "",
      "REQ_type": "",
      "_id": 122,
      "author_id": "not defined",
      "author_name": "Ricardo Almeida",
      "helpful": "2",
      "polarity": "",
      "rate": 1,
      "response": "",
      "response_date": "",
      "review": "Terrible, this is a huge downgrade, it doesn't have widgets anymore, which is the only reason why I use this app, now it's useless to me",
      "review_date": [
        "November",
        "5",
        " 2014"
      ]
    },
    {
      "REQ_subtype": "",
      "REQ_type": "",
      "_id": 123,
      "author_id": "not defined",
      "author_name": "A Google user",
      "helpful": "0",
      "polarity": "",
      "rate": 5,
      "response": "",
      "response_date": "",
      "review": "Muito util todos os dias de manha para ver as capas dos jornais!",
      "review_date": [
        "October",
        "1",
        " 2014"
      ]
    },
    {
      "REQ_subtype": "",
      "REQ_type": "",
      "_id": 124,
      "author_id": "not defined",
      "author_name": "A Google user",
      "helpful": "0",
      "polarity": "",
      "rate": 5,
      "response": "",
      "response_date": "",
      "review": "Up",
      "review_date": [
        "March",
        "3",
        " 2015"
      ]
    },
    {
      "REQ_subtype": "",
      "REQ_type": "",
      "_id": 125,
      "author_id": "not defined",
      "author_name": "Jo\u00e3o Dias",
      "helpful": "0",
      "polarity": "",
      "rate": 1,
      "response": "",
      "response_date": "",
      "review": "A app the um bug. Se fizermos SWYPE da vista geral de capas, o titulo vai alternando erradamente. ex: No Diabo aparece Correio da manh\u00e3. Ao fazer 1 loop completo, o titulo \"O Diabo\" passa para outro que n\u00e3o o respectivo. Testado num Nexus 5.",
      "review_date": [
        "March",
        "26",
        " 2014"
      ]
    },
    {
      "REQ_subtype": "",
      "REQ_type": "",
      "_id": 126,
      "author_id": "not defined",
      "author_name": "Michael Sweeney",
      "helpful": "0",
      "polarity": "",
      "rate": 1,
      "response": "",
      "response_date": "",
      "review": "With Galaxy S3 cyanogen 10.2",
      "review_date": [
        "April",
        "28",
        " 2014"
      ]
    },
    {
      "REQ_subtype": "",
      "REQ_type": "",
      "_id": 127,
      "author_id": "not defined",
      "author_name": "A Google user",
      "helpful": "0",
      "polarity": "",
      "rate": 3,
      "response": "",
      "response_date": "",
      "review": "\u00c9 util, mas quem nao usa tem de gramar com as actualizacoes, nao faz sentido.",
      "review_date": [
        "February",
        "23",
        " 2014"
      ]
    },
    {
      "REQ_subtype": "",
      "REQ_type": "",
      "_id": 128,
      "author_id": "not defined",
      "author_name": "Luis Alves",
      "helpful": "0",
      "polarity": "",
      "rate": 5,
      "response": "",
      "response_date": "",
      "review": "Os conte\u00fados e organiza\u00e7\u00e3o da informa\u00e7\u00e3o est\u00e3o bem pensados.",
      "review_date": [
        "June",
        "26",
        " 2014"
      ]
    },
    {
      "REQ_subtype": "",
      "REQ_type": "",
      "_id": 129,
      "author_id": "not defined",
      "author_name": "Rui Cuco",
      "helpful": "0",
      "polarity": "",
      "rate": 3,
      "response": "",
      "response_date": "",
      "review": "Widgets don't display properly at 320 X 480 resolution.",
      "review_date": [
        "November",
        "22",
        " 2013"
      ]
    },
    {
      "REQ_subtype": "",
      "REQ_type": "",
      "_id": 130,
      "author_id": "not defined",
      "author_name": "Miguel Antunes",
      "helpful": "0",
      "polarity": "",
      "rate": 2,
      "response": "",
      "response_date": "",
      "review": "Capas nao carregam (normalmente)",
      "review_date": [
        "January",
        "7",
        " 2014"
      ]
    },
    {
      "REQ_subtype": "",
      "REQ_type": "",
      "_id": 131,
      "author_id": "not defined",
      "author_name": "Goncalo Rijo",
      "helpful": "3",
      "polarity": "",
      "rate": 4,
      "response": "",
      "response_date": "",
      "review": "Nada \u00e9 actualizado de forma automatica...",
      "review_date": [
        "August",
        "23",
        " 2013"
      ]
    },
    {
      "REQ_subtype": "",
      "REQ_type": "",
      "_id": 132,
      "author_id": "not defined",
      "author_name": "A Google user",
      "helpful": "0",
      "polarity": "",
      "rate": 1,
      "response": "",
      "response_date": "",
      "review": "Muito pior do que a, ja fraca, anterior",
      "review_date": [
        "May",
        "5",
        " 2013"
      ]
    },
    {
      "REQ_subtype": "",
      "REQ_type": "",
      "_id": 133,
      "author_id": "not defined",
      "author_name": "Tino Sequeira",
      "helpful": "0",
      "polarity": "",
      "rate": 5,
      "response": "",
      "response_date": "",
      "review": "Do melhor",
      "review_date": [
        "February",
        "8",
        " 2013"
      ]
    },
    {
      "REQ_subtype": "",
      "REQ_type": "",
      "_id": 134,
      "author_id": "not defined",
      "author_name": "A Google user",
      "helpful": "1",
      "polarity": "",
      "rate": 2,
      "response": "",
      "response_date": "",
      "review": "A app sempre teve problemas. Mas agora com a versao 4.1, a app prsticamente nao serve para nada pois so da para ver capas. Esta assim ha tanto tempo...n percebo como \u00e9 que ainda n se deram ao trabalho de corrigir...",
      "review_date": [
        "November",
        "28",
        " 2012"
      ]
    },
    {
      "REQ_subtype": "",
      "REQ_type": "",
      "_id": 135,
      "author_id": "not defined",
      "author_name": "Lu\u00eds Miguel C\u00f4rte-Real",
      "helpful": "1",
      "polarity": "",
      "rate": 5,
      "response": "",
      "response_date": "",
      "review": "Gosto bastante da aplica\u00e7\u00e3o. Infelizmente n\u00e3o era compat\u00edvel com as vers\u00f5es mais recentes de Android o que a tornava in\u00fatil em tablets como o Nexus 7. A situa\u00e7\u00e3o foi revista e hoje cumpre o seu prop\u00f3sito sem bugs, e com boa qualidade. Continuem o bom trabalho.",
      "review_date": [
        "December",
        "11",
        " 2012"
      ]
    },
    {
      "REQ_subtype": "",
      "REQ_type": "",
      "_id": 136,
      "author_id": "not defined",
      "author_name": "A Google user",
      "helpful": "3",
      "polarity": "",
      "rate": 2,
      "response": "",
      "response_date": "",
      "review": "Uma vergonha para a Sapo/PT.. Vers\u00e3o ap\u00f3s vers\u00e3o continuam os bugs. Scroll e leitura de not\u00edcias n\u00e3o funcionam no JellyBean.",
      "review_date": [
        "July",
        "31",
        " 2012"
      ]
    },
    {
      "REQ_subtype": "",
      "REQ_type": "",
      "_id": 137,
      "author_id": "not defined",
      "author_name": "Jo\u00e3o Gomes",
      "helpful": "0",
      "polarity": "",
      "rate": 4,
      "response": "",
      "response_date": "",
      "review": "Agora sim a funcionar no Nexus7, e com uma melhoria do aspecto visual come\u00e7a a merecer as 5 estrelas!",
      "review_date": [
        "February",
        "25",
        " 2013"
      ]
    },
    {
      "REQ_subtype": "",
      "REQ_type": "",
      "_id": 138,
      "author_id": "not defined",
      "author_name": "A Google user",
      "helpful": "4",
      "polarity": "",
      "rate": 1,
      "response": "",
      "response_date": "",
      "review": "O scroll na lista de not\u00edcias n\u00e3o funciona em Android 4.1",
      "review_date": [
        "September",
        "29",
        " 2012"
      ]
    },
    {
      "REQ_subtype": "",
      "REQ_type": "",
      "_id": 139,
      "author_id": "not defined",
      "author_name": "A Google user",
      "helpful": "0",
      "polarity": "",
      "rate": 1,
      "response": "",
      "response_date": "",
      "review": "Pain in the ass won't uninstall",
      "review_date": [
        "July",
        "5",
        " 2012"
      ]
    },
    {
      "REQ_subtype": "",
      "REQ_type": "",
      "_id": 140,
      "author_id": "not defined",
      "author_name": "Pedro Fonseca",
      "helpful": "0",
      "polarity": "",
      "rate": 1,
      "response": "",
      "response_date": "",
      "review": "Keeps crashing on nexus7",
      "review_date": [
        "December",
        "13",
        " 2012"
      ]
    },
    {
      "REQ_subtype": "",
      "REQ_type": "",
      "_id": 141,
      "author_id": "not defined",
      "author_name": "S\u00e9rgio Basto",
      "helpful": "0",
      "polarity": "",
      "rate": 5,
      "response": "",
      "response_date": "",
      "review": "Saia amanha 19 dez a vers\u00e3o para 4.1 e compat\u00edvel com o nexus 7",
      "review_date": [
        "December",
        "29",
        " 2012"
      ]
    },
    {
      "REQ_subtype": "",
      "REQ_type": "",
      "_id": 142,
      "author_id": "not defined",
      "author_name": "A Google user",
      "helpful": "1",
      "polarity": "",
      "rate": 1,
      "response": "",
      "response_date": "",
      "review": "No Google Nexus 7 a aplica\u00e7\u00e3o nem abre...",
      "review_date": [
        "October",
        "11",
        " 2012"
      ]
    },
    {
      "REQ_subtype": "",
      "REQ_type": "",
      "_id": 143,
      "author_id": "not defined",
      "author_name": "Gil P",
      "helpful": "0",
      "polarity": "",
      "rate": 1,
      "response": "",
      "response_date": "",
      "review": "Nao funciona no nexus7",
      "review_date": [
        "December",
        "23",
        " 2012"
      ]
    },
    {
      "REQ_subtype": "",
      "REQ_type": "",
      "_id": 144,
      "author_id": "not defined",
      "author_name": "A Google user",
      "helpful": "0",
      "polarity": "",
      "rate": 1,
      "response": "",
      "response_date": "",
      "review": "N\u00e3o funciona no Nexus 7!",
      "review_date": [
        "November",
        "3",
        " 2012"
      ]
    },
    {
      "REQ_subtype": "",
      "REQ_type": "",
      "_id": 145,
      "author_id": "not defined",
      "author_name": "A Google user",
      "helpful": "0",
      "polarity": "",
      "rate": 1,
      "response": "",
      "response_date": "",
      "review": "n\u00e3o d\u00e1 para tirar",
      "review_date": [
        "October",
        "8",
        " 2012"
      ]
    },
    {
      "REQ_subtype": "",
      "REQ_type": "",
      "_id": 146,
      "author_id": "not defined",
      "author_name": "A Google user",
      "helpful": "1",
      "polarity": "",
      "rate": 5,
      "response": "",
      "response_date": "",
      "review": "Simples e util.",
      "review_date": [
        "July",
        "10",
        " 2012"
      ]
    },
    {
      "REQ_subtype": "",
      "REQ_type": "",
      "_id": 147,
      "author_id": "not defined",
      "author_name": "A Google user",
      "helpful": "0",
      "polarity": "",
      "rate": 1,
      "response": "",
      "response_date": "",
      "review": "Let me uninstall it",
      "review_date": [
        "October",
        "29",
        " 2012"
      ]
    },
    {
      "REQ_subtype": "",
      "REQ_type": "",
      "_id": 148,
      "author_id": "not defined",
      "author_name": "A Google user",
      "helpful": "0",
      "polarity": "",
      "rate": 5,
      "response": "",
      "response_date": "",
      "review": "\u00c9 uma ferramenta muito \u00fatil e pr\u00e1tica que nos permite saber quais as manchetes e principais not\u00edcias de jornais e revistas.",
      "review_date": [
        "May",
        "9",
        " 2012"
      ]
    },
    {
      "REQ_subtype": "",
      "REQ_type": "",
      "_id": 149,
      "author_id": "not defined",
      "author_name": "A Google user",
      "helpful": "0",
      "polarity": "",
      "rate": 5,
      "response": "",
      "response_date": "",
      "review": "Muito boa aplica\u00e7\u00e3o, parab\u00e9ns \u00e0 equipa que a desenvolveu.",
      "review_date": [
        "May",
        "22",
        " 2012"
      ]
    },
    {
      "REQ_subtype": "",
      "REQ_type": "",
      "_id": 150,
      "author_id": "not defined",
      "author_name": "A Google user",
      "helpful": "0",
      "polarity": "",
      "rate": 4,
      "response": "",
      "response_date": "",
      "review": "Bastante \u00fatil.",
      "review_date": [
        "May",
        "8",
        " 2012"
      ]
    },
    {
      "REQ_subtype": "",
      "REQ_type": "",
      "_id": 151,
      "author_id": "not defined",
      "author_name": "A Google user",
      "helpful": "0",
      "polarity": "",
      "rate": 5,
      "response": "",
      "response_date": "",
      "review": "Must have.",
      "review_date": [
        "May",
        "17",
        " 2012"
      ]
    },
    {
      "REQ_subtype": "",
      "REQ_type": "",
      "_id": 152,
      "author_id": "not defined",
      "author_name": "A Google user",
      "helpful": "0",
      "polarity": "",
      "rate": 1,
      "response": "",
      "response_date": "",
      "review": "Auto start on all mobiles with Accidental tmn rom install. Like a android.system virus that cannot be killed with any task killer",
      "review_date": [
        "October",
        "19",
        " 2011"
      ]
    },
    {
      "REQ_subtype": "",
      "REQ_type": "",
      "_id": 153,
      "author_id": "not defined",
      "author_name": "A Google user",
      "helpful": "3",
      "polarity": "",
      "rate": 1,
      "response": "",
      "response_date": "",
      "review": "\u00c9 de lamentar n\u00e3o conseguirmos definir o refresh para horas e depois esta permanentemente a utilizar o pacote de dados, sou obrigado a estar offline por causa da portugal telecomunica\u00e7\u00f5es. Obrigado PT por me ajudar a mudar de operadora.",
      "review_date": [
        "March",
        "10",
        " 2012"
      ]
    },
    {
      "REQ_subtype": "",
      "REQ_type": "",
      "_id": 154,
      "author_id": "not defined",
      "author_name": "A Google user",
      "helpful": "1",
      "polarity": "",
      "rate": 2,
      "response": "",
      "response_date": "",
      "review": "Esta aplica\u00e7\u00e3o \u00e9 uma das que uso mais, mas recentemente aparece publicidade a outras aplica\u00e7\u00f5es na \u00e1rea de notifica\u00e7\u00f5es. Caros, isto n\u00e3o gera downloads, gera \u00f3dio.",
      "review_date": [
        "March",
        "8",
        " 2012"
      ]
    },
    {
      "REQ_subtype": "",
      "REQ_type": "",
      "_id": 155,
      "author_id": "not defined",
      "author_name": "A Google user",
      "helpful": "1",
      "polarity": "",
      "rate": 1,
      "response": "",
      "response_date": "",
      "review": "Why cant I uninstall this from my X10?!? Why is it always on in background? Sapo = Fail!",
      "review_date": [
        "April",
        "29",
        " 2011"
      ]
    },
    {
      "REQ_subtype": "",
      "REQ_type": "",
      "_id": 156,
      "author_id": "not defined",
      "author_name": "A Google user",
      "helpful": "2",
      "polarity": "",
      "rate": 1,
      "response": "",
      "response_date": "",
      "review": "Em maio 2011 vai buscar jornais de... 3 dez 2010. Muito util, sem duvida. </sarcasm>",
      "review_date": [
        "April",
        "23",
        " 2011"
      ]
    },
    {
      "REQ_subtype": "",
      "REQ_type": "",
      "_id": 157,
      "author_id": "not defined",
      "author_name": "A Google user",
      "helpful": "0",
      "polarity": "",
      "rate": 1,
      "response": "",
      "response_date": "",
      "review": "Com o ultimo update, esta aplica\u00e7\u00e3o perdeu todas as suas qualidades.  O user interface era simples e r\u00e1pido de utilizar, e deixou de o ser.  Ainda falta uma op\u00e7\u00e3o para remover conteudos...  com os melhores cumprimentos",
      "review_date": [
        "May",
        "9",
        " 2012"
      ]
    },
    {
      "REQ_subtype": "",
      "REQ_type": "",
      "_id": 158,
      "author_id": "not defined",
      "author_name": "A Google user",
      "helpful": "0",
      "polarity": "",
      "rate": 1,
      "response": "",
      "response_date": "",
      "review": "TMN preinstalled trash app.",
      "review_date": [
        "August",
        "22",
        " 2012"
      ]
    },
    {
      "REQ_subtype": "",
      "REQ_type": "",
      "_id": 159,
      "author_id": "not defined",
      "author_name": "A Google user",
      "helpful": "0",
      "polarity": "",
      "rate": 4,
      "response": "",
      "response_date": "",
      "review": "Finalmente implementaram o multi-toque!",
      "review_date": [
        "March",
        "22",
        " 2011"
      ]
    },
    {
      "REQ_subtype": "",
      "REQ_type": "",
      "_id": 160,
      "author_id": "not defined",
      "author_name": "A Google user",
      "helpful": "1",
      "polarity": "",
      "rate": 1,
      "response": "",
      "response_date": "",
      "review": "This is freaking virus that i can't get off my phone",
      "review_date": [
        "November",
        "3",
        " 2011"
      ]
    },
    {
      "REQ_subtype": "",
      "REQ_type": "",
      "_id": 161,
      "author_id": "not defined",
      "author_name": "A Google user",
      "helpful": "0",
      "polarity": "",
      "rate": 5,
      "response": "",
      "response_date": "",
      "review": "Pls can you guys get we ENGLISH one",
      "review_date": [
        "August",
        "24",
        " 2013"
      ]
    },
    {
      "REQ_subtype": "",
      "REQ_type": "",
      "_id": 162,
      "author_id": "not defined",
      "author_name": "A Google user",
      "helpful": "0",
      "polarity": "",
      "rate": 1,
      "response": "",
      "response_date": "",
      "review": "Wont uninstall from galaxy s",
      "review_date": [
        "May",
        "10",
        " 2011"
      ]
    },
    {
      "REQ_subtype": "",
      "REQ_type": "",
      "_id": 163,
      "author_id": "not defined",
      "author_name": "A Google user",
      "helpful": "0",
      "polarity": "",
      "rate": 1,
      "response": "",
      "response_date": "",
      "review": "How the hell do i unistall it???",
      "review_date": [
        "November",
        "1",
        " 2011"
      ]
    },
    {
      "REQ_subtype": "",
      "REQ_type": "",
      "_id": 164,
      "author_id": "not defined",
      "author_name": "A Google user",
      "helpful": "0",
      "polarity": "",
      "rate": 2,
      "response": "",
      "response_date": "",
      "review": "As ultimas noticias aparecem repetidas e o zoom nas capas dos jornais n tira partido do pinch. Tem potencial mas esta mal explorado.",
      "review_date": [
        "March",
        "9",
        " 2011"
      ]
    },
    {
      "REQ_subtype": "",
      "REQ_type": "",
      "_id": 165,
      "author_id": "not defined",
      "author_name": "A Google user",
      "helpful": "0",
      "polarity": "",
      "rate": 3,
      "response": "",
      "response_date": "",
      "review": "A op\u00e7\u00e3o de s\u00f3 ter zoom m\u00e1ximo, ou n\u00e3o ter zoom, \u00e9 um pouco m\u00e1 e dificulta a utiliza\u00e7\u00e3o.",
      "review_date": [
        "January",
        "29",
        " 2011"
      ]
    },
    {
      "REQ_subtype": "",
      "REQ_type": "",
      "_id": 166,
      "author_id": "not defined",
      "author_name": "A Google user",
      "helpful": "0",
      "polarity": "",
      "rate": 3,
      "response": "",
      "response_date": "",
      "review": "Efectivamente faz falta a op\u00e7\u00e3o de partilha nas redes sociais, mas aquilo que me fez desinstalar foi o layout do widget: n\u00e3o gostei.",
      "review_date": [
        "January",
        "3",
        " 2011"
      ]
    },
    {
      "REQ_subtype": "",
      "REQ_type": "",
      "_id": 167,
      "author_id": "not defined",
      "author_name": "A Google user",
      "helpful": "0",
      "polarity": "",
      "rate": 5,
      "response": "",
      "response_date": "",
      "review": "Gosto muito e \u00e9 \u00fatil para mim.",
      "review_date": [
        "December",
        "24",
        " 2010"
      ]
    },
    {
      "REQ_subtype": "",
      "REQ_type": "",
      "_id": 168,
      "author_id": "not defined",
      "author_name": "A Google user",
      "helpful": "0",
      "polarity": "",
      "rate": 4,
      "response": "",
      "response_date": "",
      "review": "Excelente. Falta apenas uma op\u00e7\u00e3o para conseguir partilhar artigos.",
      "review_date": [
        "December",
        "24",
        " 2010"
      ]
    },
    {
      "REQ_subtype": "",
      "REQ_type": "",
      "_id": 169,
      "author_id": "not defined",
      "author_name": "A Google user",
      "helpful": "4",
      "polarity": "",
      "rate": 1,
      "response": "",
      "response_date": "",
      "review": "This cannot be uninstalled from TMN mobiles and it runs by itself and cannot be stopped. In my view that puts it in the virus category.",
      "review_date": [
        "December",
        "1",
        " 2010"
      ]
    },
    {
      "REQ_subtype": "",
      "REQ_type": "",
      "_id": 170,
      "author_id": "not defined",
      "author_name": "A Google user",
      "helpful": "0",
      "polarity": "",
      "rate": 1,
      "response": "",
      "response_date": "",
      "review": "N\u00e3o instalem esta aplica\u00e7\u00e3o!! Se tiverem um telem\u00f3vel unbranded, este virus modifica-o para tmn e instala um monte de apps da pt e n\u00e3o d\u00e1 para remove",
      "review_date": [
        "November",
        "15",
        " 2010"
      ]
    },
    {
      "REQ_subtype": "",
      "REQ_type": "",
      "_id": 171,
      "author_id": "not defined",
      "author_name": "A Google user",
      "helpful": "0",
      "polarity": "",
      "rate": 4,
      "response": "",
      "response_date": "",
      "review": "\u00datil e bem executado, mas esgota rapidamente a mem\u00f3ria interna, devia usar o SD por defeito",
      "review_date": [
        "October",
        "1",
        " 2010"
      ]
    },
    {
      "REQ_subtype": "",
      "REQ_type": "",
      "_id": 172,
      "author_id": "not defined",
      "author_name": "A Google user",
      "helpful": "0",
      "polarity": "",
      "rate": 3,
      "response": "",
      "response_date": "",
      "review": "Por agora com o update de hoje as capas em hd ja funcionam melhor",
      "review_date": [
        "September",
        "2",
        " 2010"
      ]
    },
    {
      "REQ_subtype": "",
      "REQ_type": "",
      "_id": 173,
      "author_id": "not defined",
      "author_name": "A Google user",
      "helpful": "0",
      "polarity": "",
      "rate": 4,
      "response": "",
      "response_date": "",
      "review": "Boa aplica\u00e7\u00e3o. Devia ser transfer\u00edvel para o cart\u00e3o SD.",
      "review_date": [
        "October",
        "10",
        " 2010"
      ]
    },
    {
      "REQ_subtype": "",
      "REQ_type": "",
      "_id": 174,
      "author_id": "not defined",
      "author_name": "A Google user",
      "helpful": "0",
      "polarity": "",
      "rate": 5,
      "response": "",
      "response_date": "",
      "review": "Boa aplica\u00e7\u00e3o.",
      "review_date": [
        "September",
        "2",
        " 2010"
      ]
    },
    {
      "REQ_subtype": "",
      "REQ_type": "",
      "_id": 175,
      "author_id": "not defined",
      "author_name": "A Google user",
      "helpful": "0",
      "polarity": "",
      "rate": 3,
      "response": "",
      "response_date": "",
      "review": "Pesado mas funciona bem. Vers\u00e3o 1.2.0 deixou de conseguir actualizar algumas capas --> de regresso \u00e0 vers\u00e3o anterior",
      "review_date": [
        "August",
        "26",
        " 2010"
      ]
    },
    {
      "REQ_subtype": "",
      "REQ_type": "",
      "_id": 176,
      "author_id": "not defined",
      "author_name": "A Google user",
      "helpful": "1",
      "polarity": "",
      "rate": 5,
      "response": "",
      "response_date": "",
      "review": "5 estrelas se a resolu\u00e7\u00e3o aumentar em modo zoom.",
      "review_date": [
        "September",
        "11",
        " 2010"
      ]
    },
    {
      "REQ_subtype": "",
      "REQ_type": "",
      "_id": 177,
      "author_id": "not defined",
      "author_name": "A Google user",
      "helpful": "1",
      "polarity": "",
      "rate": 1,
      "response": "",
      "response_date": "",
      "review": "Obrigado por n\u00e3o nos deixarem desinstalar qualquer aplica\u00e7\u00e3o sapo. Branding \u00e9 um valor do qual n\u00e3 o me posso esquecer",
      "review_date": [
        "July",
        "18",
        " 2010"
      ]
    },
    {
      "REQ_subtype": "",
      "REQ_type": "",
      "_id": 178,
      "author_id": "not defined",
      "author_name": "A Google user",
      "helpful": "0",
      "polarity": "",
      "rate": 4,
      "response": "",
      "response_date": "",
      "review": "Essencial para quem gosta de ser dos primeiros a conhecer as capas dos jornais do dia. Um reparo, devia ser possivel fazer zoom as capas dos jornais.",
      "review_date": [
        "July",
        "14",
        " 2010"
      ]
    },
    {
      "REQ_subtype": "",
      "REQ_type": "",
      "_id": 179,
      "author_id": "not defined",
      "author_name": "A Google user",
      "helpful": "0",
      "polarity": "",
      "rate": 4,
      "response": "",
      "response_date": "",
      "review": "Boa aplica\u00e7\u00e3o, mas o scroll nas p\u00e1ginas em zoom n\u00e3o est\u00e1 a funcionar bem.",
      "review_date": [
        "August",
        "2",
        " 2010"
      ]
    },
    {
      "REQ_subtype": "",
      "REQ_type": "",
      "_id": 180,
      "author_id": "not defined",
      "author_name": "A Google user",
      "helpful": "0",
      "polarity": "",
      "rate": 1,
      "response": "",
      "response_date": "",
      "review": "Wish i had this app uninstalled..!",
      "review_date": [
        "December",
        "12",
        " 2011"
      ]
    },
    {
      "REQ_subtype": "",
      "REQ_type": "",
      "_id": 181,
      "author_id": "not defined",
      "author_name": "A Google user",
      "helpful": "0",
      "polarity": "",
      "rate": 1,
      "response": "",
      "response_date": "",
      "review": "Lento e extremamente \"bugado\".",
      "review_date": [
        "August",
        "23",
        " 2010"
      ]
    },
    {
      "REQ_subtype": "",
      "REQ_type": "",
      "_id": 182,
      "author_id": "not defined",
      "author_name": "A Google user",
      "helpful": "0",
      "polarity": "",
      "rate": 3,
      "response": "",
      "response_date": "",
      "review": "Do melhor no market",
      "review_date": [
        "May",
        "25",
        " 2010"
      ]
    },
    {
      "REQ_subtype": "",
      "REQ_type": "",
      "_id": 183,
      "author_id": "not defined",
      "author_name": "A Google user",
      "helpful": "0",
      "polarity": "",
      "rate": 1,
      "response": "",
      "response_date": "",
      "review": "RubbishRubbishRubbishRubbishRubbish",
      "review_date": [
        "October",
        "31",
        " 2013"
      ]
    },
    {
      "REQ_subtype": "",
      "REQ_type": "",
      "_id": 184,
      "author_id": "not defined",
      "author_name": "A Google user",
      "helpful": "1",
      "polarity": "",
      "rate": 2,
      "response": "",
      "response_date": "",
      "review": "Util e interessante mas para ja mal implementado. Lento, grava dados na mem interna e nao no SD, favoritos nao funcionam. Fico a espera de melhorias.",
      "review_date": [
        "July",
        "2",
        " 2009"
      ]
    },
    {
      "REQ_subtype": "",
      "REQ_type": "",
      "_id": 185,
      "author_id": "not defined",
      "author_name": "A Google user",
      "helpful": "1",
      "polarity": "",
      "rate": 2,
      "response": "",
      "response_date": "",
      "review": "Faz o que \u00e9 suposto mas esta smp ligado em background, mm sem widgets activos, o que consome mta bateria.",
      "review_date": [
        "August",
        "22",
        " 2009"
      ]
    },
    {
      "REQ_subtype": "",
      "REQ_type": "",
      "_id": 186,
      "author_id": "not defined",
      "author_name": "A Google user",
      "helpful": "0",
      "polarity": "",
      "rate": 4,
      "response": "",
      "response_date": "",
      "review": "Boa app. Mas devia ter uma op\u00e7ao para limpar os dados antigos. Tive que desinstalar para limpa-los",
      "review_date": [
        "January",
        "16",
        " 2010"
      ]
    },
    {
      "REQ_subtype": "",
      "REQ_type": "",
      "_id": 187,
      "author_id": "not defined",
      "author_name": "A Google user",
      "helpful": "0",
      "polarity": "",
      "rate": 5,
      "response": "",
      "response_date": "",
      "review": "Finalmente! Muito bom d\u00e1 imenso jeito ter acesso a todas as capas no g1",
      "review_date": [
        "July",
        "6",
        " 2009"
      ]
    },
    {
      "REQ_subtype": "",
      "REQ_type": "",
      "_id": 188,
      "author_id": "not defined",
      "author_name": "Luis R",
      "helpful": "0",
      "polarity": "",
      "rate": 4,
      "response": "",
      "response_date": "",
      "review": "Bom grafismo, com o conte\u00fado das not\u00edcias a poder ser melhorado.",
      "review_date": [
        "December",
        "6",
        " 2014"
      ]
    },
    {
      "REQ_subtype": "",
      "REQ_type": "",
      "_id": 189,
      "author_id": "not defined",
      "author_name": "A Google user",
      "helpful": "0",
      "polarity": "",
      "rate": 4,
      "response": "",
      "response_date": "",
      "review": "Mt bom e pena nao dar para ver o jornal todo.",
      "review_date": [
        "February",
        "14",
        " 2010"
      ]
    },
    {
      "REQ_subtype": "",
      "REQ_type": "",
      "_id": 190,
      "author_id": "not defined",
      "author_name": "A Google user",
      "helpful": "0",
      "polarity": "",
      "rate": 5,
      "response": "",
      "response_date": "",
      "review": "Muito bom mesmo!",
      "review_date": [
        "July",
        "22",
        " 2009"
      ]
    },
    {
      "REQ_subtype": "",
      "REQ_type": "",
      "_id": 191,
      "author_id": "not defined",
      "author_name": "A Google user",
      "helpful": "0",
      "polarity": "",
      "rate": 5,
      "response": "",
      "response_date": "",
      "review": "Gosto! Parab\u00e9ns! Mas podia ter link para site mobile da publicacao ...",
      "review_date": [
        "September",
        "4",
        " 2009"
      ]
    },
    {
      "REQ_subtype": "",
      "REQ_type": "",
      "_id": 192,
      "author_id": "not defined",
      "author_name": "A Google user",
      "helpful": "0",
      "polarity": "",
      "rate": 4,
      "response": "",
      "response_date": "",
      "review": "A ultima actualiza\u00e7\u00e3o estragou tudo...",
      "review_date": [
        "March",
        "17",
        " 2010"
      ]
    },
    {
      "REQ_subtype": "",
      "REQ_type": "",
      "_id": 193,
      "author_id": "not defined",
      "author_name": "A Google user",
      "helpful": "0",
      "polarity": "",
      "rate": 5,
      "response": "",
      "response_date": "",
      "review": "Muito bom, so n\u00edvel da app do iphone",
      "review_date": [
        "September",
        "27",
        " 2009"
      ]
    },
    {
      "REQ_subtype": "",
      "REQ_type": "",
      "_id": 194,
      "author_id": "not defined",
      "author_name": "A Google user",
      "helpful": "0",
      "polarity": "",
      "rate": 1,
      "response": "",
      "response_date": "",
      "review": "Nao funciona no nexus 7",
      "review_date": [
        "November",
        "3",
        " 2012"
      ]
    },
    {
      "REQ_subtype": "",
      "REQ_type": "",
      "_id": 195,
      "author_id": "not defined",
      "author_name": "A Google user",
      "helpful": "0",
      "polarity": "",
      "rate": 1,
      "response": "",
      "response_date": "",
      "review": "Nao  funciona no nexus!",
      "review_date": [
        "November",
        "27",
        " 2012"
      ]
    },
    {
      "REQ_subtype": "",
      "REQ_type": "",
      "_id": 196,
      "author_id": "not defined",
      "author_name": "A Google user",
      "helpful": "0",
      "polarity": "",
      "rate": 2,
      "response": "",
      "response_date": "",
      "review": "Nem abre",
      "review_date": [
        "September",
        "12",
        " 2012"
      ]
    },
    {
      "REQ_subtype": "",
      "REQ_type": "",
      "_id": 197,
      "author_id": "not defined",
      "author_name": "Gabriel Sampaio",
      "helpful": "0",
      "polarity": "",
      "rate": 1,
      "response": "",
      "response_date": "",
      "review": "Force closes on Sony Tablet S",
      "review_date": [
        "December",
        "1",
        " 2012"
      ]
    },
    {
      "REQ_subtype": "",
      "REQ_type": "",
      "_id": 198,
      "author_id": "not defined",
      "author_name": "Marisa Silva",
      "helpful": "0",
      "polarity": "",
      "rate": 1,
      "response": "",
      "response_date": "",
      "review": "N\u00e3o funciona.",
      "review_date": [
        "December",
        "15",
        " 2012"
      ]
    },
    {
      "REQ_subtype": "",
      "REQ_type": "",
      "_id": 199,
      "author_id": "not defined",
      "author_name": "A Google user",
      "helpful": "0",
      "polarity": "",
      "rate": 2,
      "response": "",
      "response_date": "",
      "review": "Crasha no Neexus 7",
      "review_date": [
        "September",
        "13",
        " 2012"
      ]
    },
    {
      "REQ_subtype": "",
      "REQ_type": "",
      "_id": 200,
      "author_id": "not defined",
      "author_name": "A Google user",
      "helpful": "0",
      "polarity": "",
      "rate": 5,
      "response": "",
      "response_date": "",
      "review": "Muito bom! Recomendo.",
      "review_date": [
        "December",
        "29",
        " 2009"
      ]
    },
    {
      "REQ_subtype": "",
      "REQ_type": "",
      "_id": 201,
      "author_id": "not defined",
      "author_name": "Luis Marques",
      "helpful": "0",
      "polarity": "",
      "rate": 4,
      "response": "",
      "response_date": "",
      "review": "Muito boa!",
      "review_date": [
        "January",
        "7",
        " 2016"
      ]
    },
    {
      "REQ_subtype": "",
      "REQ_type": "",
      "_id": 202,
      "author_id": "not defined",
      "author_name": "A Google user",
      "helpful": "0",
      "polarity": "",
      "rate": 1,
      "response": "",
      "response_date": "",
      "review": "Fraca aplica\u00e7\u00e3o",
      "review_date": [
        "October",
        "19",
        " 2012"
      ]
    },
    {
      "REQ_subtype": "",
      "REQ_type": "",
      "_id": 203,
      "author_id": "not defined",
      "author_name": "A Google user",
      "helpful": "0",
      "polarity": "",
      "rate": 1,
      "response": "",
      "response_date": "",
      "review": "N\u00e3o percam tempo com isto tiverem jelly bean",
      "review_date": [
        "September",
        "6",
        " 2012"
      ]
    },
    {
      "REQ_subtype": "",
      "REQ_type": "",
      "_id": 204,
      "author_id": "not defined",
      "author_name": "A Google user",
      "helpful": "0",
      "polarity": "",
      "rate": 4,
      "response": "",
      "response_date": "",
      "review": "Good to see portuguese software for Android. Nice program.",
      "review_date": [
        "July",
        "1",
        " 2009"
      ]
    },
    {
      "REQ_subtype": "",
      "REQ_type": "",
      "_id": 205,
      "author_id": "not defined",
      "author_name": "Valter Cunha",
      "helpful": "0",
      "polarity": "",
      "rate": 5,
      "response": "",
      "response_date": "",
      "review": "Muito util",
      "review_date": [
        "December",
        "6",
        " 2014"
      ]
    },
    {
      "REQ_subtype": "",
      "REQ_type": "",
      "_id": 206,
      "author_id": "not defined",
      "author_name": "A Google user",
      "helpful": "0",
      "polarity": "",
      "rate": 5,
      "response": "",
      "response_date": "",
      "review": "Fant\u00e1stico",
      "review_date": [
        "September",
        "7",
        " 2009"
      ]
    }
  ],
  "size": "Varies with devic",
  "url": "https://play.google.com/store/apps/details?id=pt.sapo.mobile.android.newsstand",
  "version": "Varies with device"
}