{
  "categories": [
    "News & Magazines"
  ],
  "description": "\u65b0\u6d6a\u65b0\u95fb\u5ba2\u6237\u7aef\u7531\u65b0\u6d6a\u5b98\u65b9\u51fa\u54c1\uff0c\u7b2c\u4e00\u65f6\u95f4\u83b7\u53d6\u5168\u7403\u65b0\u95fb\u8d44\u8baf\uff0c\u56fd\u5185\u56fd\u5916\u8981\u95fb\uff0c\u7cbe\u5f69\u7684\u4f53\u80b2\u8d5b\u4e8b\u62a5\u9053\uff0c\u91d1\u878d\u8d22\u7ecf\u52a8\u5411\uff0c\u5f71\u89c6\u5a31\u4e50\u4e8b\u4ef6\uff0c\u8fd8\u6709\u72ec\u5bb6\u5fae\u535a\u201c\u5fae\u201d\u65b0\u95fb\uff0c\u7cbe\u5f69\u968f\u4f60\u770b\uff0c\u65b0\u95fb\u3001\u661f\u5ea7\u3001\u7b11\u8bdd\u4e00\u4e2a\u90fd\u4e0d\u5c11\u3002* \u65b0\u95fb: \u6bcf\u5929\u66f4\u65b0\u6d77\u91cf\u8d44\u8baf\u5185\u5bb9\uff0c\u6700\u5feb\u6700\u5168\u7684\u5934\u6761\u8981\u95fb\u3002\u7b2c\u4e00\u65f6\u95f4\u83b7\u6089\u56fd\u5185\u5916\u65f6\u4e8b\uff0c\u4f53\u80b2\u8d5b\u4e8b\u62a5\u9053\uff0c\u91d1\u878d\u8d22\u7ecf\u52a8\u5411\uff0c\u5f71\u89c6\u5a31\u4e50\u4e8b\u4ef6\uff0c\u793e\u4f1a\u3001\u519b\u4e8b\u3001\u79d1\u6280\u65b0\u95fb\u8d44\u8baf\u3002 * \u8ba2\u9605: \u81ea\u5b9a\u4e49\u9891\u9053\u5185\u5bb9\u548c\u987a\u5e8f\uff0c\u5b9a\u5236\u5c5e\u4e8e\u81ea\u5df1\u7684\u65b0\u95fb\u3002 * \u624b\u52bf: \u6d41\u7545\u7684\u624b\u52bf\u64cd\u4f5c\uff0c\u5de6\u53f3\u6ed1\u52a8\u5207\u6362\u9875\u9762\uff0c\u4eab\u53d7\u667a\u80fd\u4fbf\u6377\u670d\u52a1\u3002 * \u76f4\u64ad: \u4e2d\u8d85\u3001\u4e9a\u51a0\uff0c\u6b27\u51a0\u3001\u82f1\u8d85\u3001\u4e16\u754c\u676f\u7cbe\u5f69\u8db3\u7403\u8d5b\u4e8b\u966a\u4f60\u5ea6\u8fc7\u65e5\u591c\uff0c\u8fd8\u6709\u72ec\u5bb6NBA\u7cbe\u5f69\u8d5b\u4e8b\u4ee5\u53ca\u7279\u9080\u5609\u5bbe\u89e3\u8bf4\uff0c\u591a\u65b9\u4f4d\u62a5\u9053\u5f62\u5f0f\u4e30\u5bcc\uff0c\u5b9e\u65f6\u5173\u6ce8\u6700\u65b0\u8d5b\u51b5\u3002* \u9ad8\u6e05\u56fe\u7247: \u9999\u8f66\u7f8e\u5973\u3001\u65b0\u95fb\u70ed\u70b9\u3001\u5a31\u4e50\u516b\u5366\uff0c\u9ad8\u6e05\u7f8e\u56fe\u4e00\u952e\u5206\u4eab\uff0c\u6bcf\u5929\u6570\u767e\u5f20\u66f4\u65b0\uff0c\u5929\u5929\u90fd\u6709\u60ca\u559c\uff01 * \u7ed1\u5b9a\u5fae\u535a :\u4e00\u952e\u7ed1\u5b9a\u5fae\u535a\u5e10\u53f7\uff0c\u968f\u65f6\u968f\u5730\u5206\u4eab\u65b0\u95fb\u3002* \u5206\u4eab\uff1a\u5fae\u4fe1\u3001QQ\u7a7a\u95f4\u7b49\u968f\u610f\u5206\u4eab\uff0c\u65f6\u4e8b\u3001\u5927\u4e8b\u3001\u8da3\u4e8b\u5148\u4eba\u4e00\u6b65\u3002* \u63a5\u6536\u63a8\u9001: \u7cbe\u54c1\u5185\u5bb9\u3001\u91cd\u5927\u4e8b\u4ef6\uff0c\u7b2c\u4e00\u65f6\u95f4\u83b7\u53d6\u5b9e\u65f6\u8d44\u8baf\u3002 * \u6536\u85cf: \u6536\u85cf\u611f\u5174\u8da3\u7684\u5185\u5bb9\uff0c\u7a0d\u540e\u518d\u8bfb\u3002 * \u591c\u95f4\u6a21\u5f0f: \u591c\u95f4\u9605\u8bfb\uff0c\u62d2\u7edd\u523a\u773c\uff0c\u8212\u9002\u4f53\u9a8c\u3002 * \u8bc4\u8bba: \u9488\u5bf9\u65b0\u95fb\u4e8b\u4ef6\u53d1\u8868\u4e2a\u4eba\u89c2\u70b9\u6216\u5410\u69fd,\u56de\u590d\u8bc4\u8bba\u4e0e\u5176\u4ed6\u7528\u6237\u4e92\u52a8\u3002 * \u79bb\u7ebf\u9605\u8bfb: \u79bb\u7ebf\u4e0b\u8f7d\u65b0\u95fb\u5185\u5bb9\uff0c\u4e0a\u73ed\u9014\u4e2d\u5373\u77e5\u5929\u4e0b\u4e8b\u3002 * \u5929\u6c14: \u9884\u62a5\u672a\u67655\u65e5\u7684\u5929\u6c14\u60c5\u51b5\u3002 \u3010\u8054\u7cfb\u6211\u4eec\u3011\u65b0\u6d6a\u65b0\u95fb\u5ba2\u6237\u7aefQQ\u7fa4\uff1a213085440\u65b0\u6d6a\u65b0\u95fb\u5ba2\u6237\u7aefQQ\u7528\u6237\u7fa4\u62db\u52df\u5566~~~\u8fd9\u91cc\u53ef\u4ee5\u968f\u65f6\u5410\u69fd\u3001\u5206\u4eab\u3001\u8bc4\u8bba\u2026 \u8fd8\u6709\u7cbe\u7f8e\u793c\u54c1\u7b49\u4f60\u6765\u62ff\u54e6~~~",
  "inc": "Sina.com",
  "intalled_count": "100,000",
  "last_update": [
    "July",
    "11",
    " 2018"
  ],
  "name": "\u65b0\u6d6a\u65b0\u95fb",
  "offered_by": "Google Commerce Ltd",
  "permissions": {
    "Device & app history": [
      "retrieve running apps",
      "read sensitive log data"
    ],
    "Identity": [
      "find accounts on the device"
    ],
    "Calendar": [
      "read calendar events plus confidential information",
      "add or modify calendar events and send email to guests without owners' knowledge"
    ],
    "Contacts": [
      "find accounts on the device"
    ],
    "Location": [
      "approximate location (network-based)",
      "precise location (GPS and network-based)"
    ],
    "Phone": [
      "directly call phone numbers",
      "read phone status and identity"
    ],
    "Photos/Media/Files": [
      "access USB storage filesystem",
      "read the contents of your USB storage",
      "modify or delete the contents of your USB storage"
    ],
    "Storage": [
      "read the contents of your USB storage",
      "modify or delete the contents of your USB storage"
    ],
    "Camera": [
      "take pictures and videos"
    ],
    "Microphone": [
      "record audio"
    ],
    "Wi-Fi connection information": [
      "view Wi-Fi connections"
    ],
    "Device ID & call information": [
      "read phone status and identity"
    ],
    "SMS": [
      "read your text messages (SMS or MMS)",
      "edit your text messages (SMS or MMS)"
    ],
    "Other": [
      "close other apps",
      "read Home settings and shortcuts",
      "view network connections",
      "create accounts and set passwords",
      "read battery statistics",
      "pair with Bluetooth devices",
      "change network connectivity",
      "allow Wi-Fi Multicast reception",
      "connect and disconnect from Wi-Fi",
      "delete all app cache data",
      "expand/collapse status bar",
      "measure app storage space",
      "full network access",
      "change your audio settings",
      "run at startup",
      "draw over other apps",
      "control vibration",
      "prevent device from sleeping",
      "modify system settings",
      "toggle sync on and off",
      "install shortcuts",
      "uninstall shortcuts",
      "read Google service configuration",
      "view network connections",
      "create accounts and set passwords",
      "read battery statistics",
      "allow Wi-Fi Multicast reception",
      "connect and disconnect from Wi-Fi",
      "delete all app cache data",
      "expand/collapse status bar",
      "measure app storage space",
      "full network access",
      "change your audio settings",
      "run at startup",
      "draw over other apps",
      "control vibration",
      "prevent device from sleeping",
      "modify system settings",
      "toggle sync on and off",
      "install shortcuts",
      "uninstall shortcuts"
    ]
  },
  "price": "",
  "rate": [
    [
      "1,558",
      "3.8"
    ],
    [
      "714",
      "5"
    ],
    [
      "328",
      "4"
    ],
    [
      "180",
      "3"
    ],
    [
      "91",
      "2"
    ],
    [
      "245",
      "1"
    ]
  ],
  "required_android": "4.1",
  "reviews": [
    {
      "REQ_subtype": "",
      "REQ_type": "",
      "_id": 0,
      "author_id": "not defined",
      "author_name": "Eric Yang",
      "helpful": "0",
      "polarity": "",
      "rate": 1,
      "response": "",
      "response_date": "",
      "review": "\u8bfb\u4f60\u4e2a\u65b0\u95fb\uff0c\u8981\u4e00\u5806\u6388\u6743\uff0c\u4f60\u6536\u96c6\u7528\u6237\u90a3\u4e48\u591a\u8d44\u6599\u60f3\u5e72\u4ec0\u4e48\uff1f\u5927\u5bb6\u5b89\u88c5\u5b8c\u6bd5\u540e\u4e00\u5b9a\u8bb0\u5f97\u53bbsetting\u628a\u5404\u79cd\u6388\u6743\u53ca\u901a\u77e5\u5173\u95ed",
      "review_date": [
        "January",
        "16",
        " 2018"
      ]
    },
    {
      "REQ_subtype": "",
      "REQ_type": "",
      "_id": 1,
      "author_id": "not defined",
      "author_name": "Beny Ou",
      "helpful": "0",
      "polarity": "",
      "rate": 1,
      "response": "",
      "response_date": "",
      "review": "\u5e7f\u544a\u592a\u591a\uff0c\u4e0d\u8bba\u4e0d\u7c7b\u7684\u65b0\u95fb\u8f6f\u4ef6\uff0c\u548c\u5fae\u535a\u6302\u94a9\uff0c\u592a\u6076\u5fc3\u4e86",
      "review_date": [
        "January",
        "7",
        " 2018"
      ]
    },
    {
      "REQ_subtype": "",
      "REQ_type": "",
      "_id": 2,
      "author_id": "not defined",
      "author_name": "Ben Blackswan",
      "helpful": "0",
      "polarity": "",
      "rate": 1,
      "response": "",
      "response_date": "",
      "review": "Crash your phone and lag!",
      "review_date": [
        "December",
        "18",
        " 2017"
      ]
    },
    {
      "REQ_subtype": "",
      "REQ_type": "",
      "_id": 3,
      "author_id": "not defined",
      "author_name": "Garmen Lee",
      "helpful": "0",
      "polarity": "",
      "rate": 1,
      "response": "",
      "response_date": "",
      "review": "\u8d8a\u6765\u8d8a\u4f4e\u4fd7\uff0c\u5934\u6761\u65b0\u95fb\u91cc\u5c3d\u662f\u516b\u5366\uff0c\u6807\u9898\u515a\uff0c\u4f4e\u4fd7\u641e\u7b11\uff0c\u7b5b\u9009\u529f\u80fd\u5f62\u540c\u865a\u8bbe\u3002",
      "review_date": [
        "August",
        "26",
        " 2017"
      ]
    },
    {
      "REQ_subtype": "",
      "REQ_type": "",
      "_id": 4,
      "author_id": "not defined",
      "author_name": "Zheng Xu",
      "helpful": "0",
      "polarity": "",
      "rate": 1,
      "response": "",
      "response_date": "",
      "review": "\u8d8a\u6765\u8d8a\u591a\u65e0\u804a\u7684\u516b\u5366\uff0c\u771f\u6b63\u65b0\u95fb\u6ca1\u6709\u3002",
      "review_date": [
        "August",
        "22",
        " 2017"
      ]
    },
    {
      "REQ_subtype": "",
      "REQ_type": "",
      "_id": 5,
      "author_id": "not defined",
      "author_name": "Ian Snow",
      "helpful": "0",
      "polarity": "",
      "rate": 2,
      "response": "",
      "response_date": "",
      "review": "\u65e0\u5173\u65b0\u95fb\u653e\u7f6e\u5728\u5934\u6761\u5904\uff0cGIF\u5d29\u6e83\u548c\u4e0d\u7a33\u5b9a\u95ee\u9898\u4e00\u76f4\u672a\u5f97\u5230\u89e3\u51b3\uff0c\u559c\u597d\u6807\u7b7e\u6bcf\u6b21\u66f4\u65b0\u91cd\u7f6e\u3002",
      "review_date": [
        "November",
        "3",
        " 2016"
      ]
    },
    {
      "REQ_subtype": "",
      "REQ_type": "",
      "_id": 6,
      "author_id": "not defined",
      "author_name": "Wenchao Wang",
      "helpful": "0",
      "polarity": "",
      "rate": 2,
      "response": "",
      "response_date": "",
      "review": "Cheap content.",
      "review_date": [
        "April",
        "5",
        " 2017"
      ]
    },
    {
      "REQ_subtype": "",
      "REQ_type": "",
      "_id": 7,
      "author_id": "not defined",
      "author_name": "Jian Sun",
      "helpful": "0",
      "polarity": "",
      "rate": 1,
      "response": "",
      "response_date": "",
      "review": "\u5783\u573e\u8f6f\u4ef6\uff0c \u7adf\u7136\u4e0d\u8ba9\u5173push notification.",
      "review_date": [
        "January",
        "6",
        " 2017"
      ]
    },
    {
      "REQ_subtype": "",
      "REQ_type": "",
      "_id": 8,
      "author_id": "not defined",
      "author_name": "Katie Jia",
      "helpful": "0",
      "polarity": "",
      "rate": 2,
      "response": "",
      "response_date": "",
      "review": "Too much junk news",
      "review_date": [
        "July",
        "25",
        " 2017"
      ]
    },
    {
      "REQ_subtype": "",
      "REQ_type": "",
      "_id": 9,
      "author_id": "not defined",
      "author_name": "A Google user",
      "helpful": "0",
      "polarity": "",
      "rate": 1,
      "response": "",
      "response_date": "",
      "review": "\u9664\u4e86\u5e7f\u544a\uff0c\u5c41\u90fd\u770b\u4e0d\u4e86\u3002",
      "review_date": [
        "March",
        "10",
        " 2016"
      ]
    },
    {
      "REQ_subtype": "",
      "REQ_type": "",
      "_id": 10,
      "author_id": "not defined",
      "author_name": "Xiang Qiu",
      "helpful": "0",
      "polarity": "",
      "rate": 2,
      "response": "",
      "response_date": "",
      "review": "\u6bcf\u6b21\u4ece\u4e00\u6761\u65b0\u95fb\u8fd4\u56de\u65f6\u90fd\u4f1a\u8df3\u5230\u6700\u4e0a\u9762",
      "review_date": [
        "February",
        "14",
        " 2016"
      ]
    },
    {
      "REQ_subtype": "",
      "REQ_type": "",
      "_id": 11,
      "author_id": "not defined",
      "author_name": "Yanhui Gao",
      "helpful": "0",
      "polarity": "",
      "rate": 2,
      "response": "",
      "response_date": "",
      "review": "\u540e\u53f0\u9891\u7e41\u91cd\u542f\u52a8\u3002\u540e\u53f0\u6570\u636e\u6d41\u91cf\u5927\u3002\u8fde\u63a5\u901f\u5ea6\u5728\u51e0\u4e2a\u65b0\u95fb\u8f6f\u4ef6\u91cc\u6700\u6162\u3002",
      "review_date": [
        "September",
        "27",
        " 2015"
      ]
    },
    {
      "REQ_subtype": "",
      "REQ_type": "",
      "_id": 12,
      "author_id": "not defined",
      "author_name": "Liwen Sun",
      "helpful": "0",
      "polarity": "",
      "rate": 1,
      "response": "",
      "response_date": "",
      "review": "\u6700\u65b0\u7248\u672c\u663e\u793a\u5b8c\u5e7f\u544a\u5c31\u662f\u9ed1\u5c4f\uff0c\u5b8c\u5168\u7528\u4e0d\u4e86\u4e86\u3002",
      "review_date": [
        "November",
        "1",
        " 2015"
      ]
    },
    {
      "REQ_subtype": "",
      "REQ_type": "",
      "_id": 13,
      "author_id": "not defined",
      "author_name": "en zhu",
      "helpful": "0",
      "polarity": "",
      "rate": 1,
      "response": "",
      "response_date": "",
      "review": "\u5b8c\u5168\u4e0d\u80fd\u7528\u4e86",
      "review_date": [
        "November",
        "8",
        " 2015"
      ]
    },
    {
      "REQ_subtype": "",
      "REQ_type": "",
      "_id": 14,
      "author_id": "not defined",
      "author_name": "Jiajun Wang",
      "helpful": "2",
      "polarity": "",
      "rate": 1,
      "response": "",
      "response_date": "",
      "review": "\u8fd9\u4e48\u5927\u7684\u516c\u53f8\uff0c\u505a\u51fa\u6765\u7684\u4e1c\u897f\u8fd9\u4e48\u6162\uff0c\u5f7b\u5e95\u5931\u671b\u4e86\uff0c\u518d\u4e5f\u4e0d\u7528\u4e86\u3002",
      "review_date": [
        "August",
        "20",
        " 2015"
      ]
    },
    {
      "REQ_subtype": "",
      "REQ_type": "",
      "_id": 15,
      "author_id": "not defined",
      "author_name": "Jiewen Yu",
      "helpful": "0",
      "polarity": "",
      "rate": 4,
      "response": "",
      "response_date": "",
      "review": "App\u6253\u4e0d\u5f00\u95ee\u9898\uff0c\u5728\u66f4\u65b0\u540e\u5df2\u89e3\u51b3\u3002\u611f\u8c22\u3002",
      "review_date": [
        "April",
        "23",
        " 2015"
      ]
    },
    {
      "REQ_subtype": "",
      "REQ_type": "",
      "_id": 16,
      "author_id": "not defined",
      "author_name": "Dahai Xu",
      "helpful": "0",
      "polarity": "",
      "rate": 1,
      "response": "",
      "response_date": "",
      "review": "The newest version remove my subscription all the time",
      "review_date": [
        "May",
        "31",
        " 2015"
      ]
    },
    {
      "REQ_subtype": "",
      "REQ_type": "",
      "_id": 17,
      "author_id": "not defined",
      "author_name": "Guanle Shi",
      "helpful": "4",
      "polarity": "",
      "rate": 2,
      "response": "",
      "response_date": "",
      "review": "\u526f\u6807\u9898\u8d8a\u6765\u8d8a\u591a\u5c0f\u7f16\u89c9\u5f97\u8fd9\u89c9\u5f97\u90a3 \u4f60\u70e6\u4e0d\u70e6\u554a \u8c01\u8981\u542c\u4f60\u8bc4\u4e66\u554a\uff01\u65b0\u95fb\u672c\u6765\u5c31\u662f\u62a5\u9053\u5ba2\u89c2\u4e8b\u5b9e\u7684\uff0c\u4f60\u8981\u8bc4\u8bba\u90a3\u4f60\u5199\u8bc4\u8bba\u5458\u6587\u7ae0\u53bb\u554a\uff0c\u522b\u5728\u65b0\u95fb\u672c\u8eab\u6dfb\u6cb9\u52a0\u918b\u3002\u518d\u8005\u8d8a\u6765\u8d8a\u591a\u9519\u522b\u5b57\uff0c\u865a\u5047\u65b0\u95fb\uff0c\u65b0\u6d6a\u4f60\u5c31\u6162\u6162\u5815\u843d\u4e0b\u53bb\u5427\u3002",
      "review_date": [
        "April",
        "2",
        " 2015"
      ]
    },
    {
      "REQ_subtype": "",
      "REQ_type": "",
      "_id": 18,
      "author_id": "not defined",
      "author_name": "FS Huang",
      "helpful": "0",
      "polarity": "",
      "rate": 2,
      "response": "",
      "response_date": "",
      "review": "\u7f8e\u56fd4G\u7f51\u7edc\u4e0b\u5237\u65b0\u65b0\u95fb\uff0c\u6253\u5f00\u65b0\u95fb\u7ecf\u5e38\u663e\u793a\u7f51\u7edc\u4e0d\u7ed9\u529b\uff0c\u6216\u8005\u5c31\u662f\u7ecf\u5e38\u6253\u4e0d\u5f00",
      "review_date": [
        "January",
        "13",
        " 2015"
      ]
    },
    {
      "REQ_subtype": "",
      "REQ_type": "",
      "_id": 19,
      "author_id": "not defined",
      "author_name": "L Turner",
      "helpful": "0",
      "polarity": "",
      "rate": 1,
      "response": "",
      "response_date": "",
      "review": "No English",
      "review_date": [
        "December",
        "22",
        " 2014"
      ]
    },
    {
      "REQ_subtype": "",
      "REQ_type": "",
      "_id": 20,
      "author_id": "not defined",
      "author_name": "Max Wang",
      "helpful": "0",
      "polarity": "",
      "rate": 5,
      "response": "",
      "response_date": "",
      "review": "\u975e\u5e38\u597d\uff01\uff01\uff01\uff01",
      "review_date": [
        "October",
        "13",
        " 2014"
      ]
    },
    {
      "REQ_subtype": "",
      "REQ_type": "",
      "_id": 21,
      "author_id": "not defined",
      "author_name": "Soo Kia Chia",
      "helpful": "0",
      "polarity": "",
      "rate": 5,
      "response": "",
      "response_date": "",
      "review": "\u6975\u5feb\u901f\u5f97\u5230\u6700\u8fd1\u65b0\u95fb",
      "review_date": [
        "August",
        "21",
        " 2014"
      ]
    },
    {
      "REQ_subtype": "",
      "REQ_type": "",
      "_id": 22,
      "author_id": "not defined",
      "author_name": "Daqian Wang",
      "helpful": "0",
      "polarity": "",
      "rate": 2,
      "response": "",
      "response_date": "",
      "review": "\u5728\u5bb6\u91cc\u7684Wi-Fi \u73af\u5883\u91cc\u65e0\u6cd5\u5237\u65b0",
      "review_date": [
        "June",
        "12",
        " 2014"
      ]
    },
    {
      "REQ_subtype": "",
      "REQ_type": "",
      "_id": 23,
      "author_id": "not defined",
      "author_name": "Lorraine Lo",
      "helpful": "0",
      "polarity": "",
      "rate": 3,
      "response": "",
      "response_date": "",
      "review": "I downloaded sina news app before, but the one I used is different from this one. Its icon is in yellow not white. Its layout and everything are very user-friendly and better than this one. Why don't you put that one  here in play store??",
      "review_date": [
        "March",
        "16",
        " 2014"
      ]
    },
    {
      "REQ_subtype": "",
      "REQ_type": "",
      "_id": 24,
      "author_id": "not defined",
      "author_name": "Ruiyi Ma",
      "helpful": "2",
      "polarity": "",
      "rate": 1,
      "response": "",
      "response_date": "",
      "review": "\u65b0\u6d6a\u65e9\u665a\u8ba9\u4f60\u4eec\u8fd9\u4e9bAPP\u7684\u7a0b\u5e8f\u5458\u5bb3\u6b7b\uff0c\u6539\u4e00\u6b21\u7248\u5c31\u6b7b\u4e00\u6b21\uff01",
      "review_date": [
        "March",
        "9",
        " 2014"
      ]
    },
    {
      "REQ_subtype": "",
      "REQ_type": "",
      "_id": 25,
      "author_id": "not defined",
      "author_name": "Yue Hu",
      "helpful": "0",
      "polarity": "",
      "rate": 1,
      "response": "",
      "response_date": "",
      "review": "I cannot click on anything. It always stuck.",
      "review_date": [
        "March",
        "8",
        " 2014"
      ]
    },
    {
      "REQ_subtype": "",
      "REQ_type": "",
      "_id": 26,
      "author_id": "not defined",
      "author_name": "Free Thinker",
      "helpful": "0",
      "polarity": "",
      "rate": 5,
      "response": "",
      "response_date": "",
      "review": "\u65b0\u6d6a\u4e0a\u6ca1\u6709\u90a3\u4e48\u591a\u6ca1\u6709\u7d20\u8d28\u7684\u5e7f\u4e1c\u4eba",
      "review_date": [
        "January",
        "17",
        " 2014"
      ]
    },
    {
      "REQ_subtype": "",
      "REQ_type": "",
      "_id": 27,
      "author_id": "not defined",
      "author_name": "Jerry Chin",
      "helpful": "1",
      "polarity": "",
      "rate": 5,
      "response": "",
      "response_date": "",
      "review": "I have been waiting for this update,that's good",
      "review_date": [
        "January",
        "13",
        " 2014"
      ]
    },
    {
      "REQ_subtype": "",
      "REQ_type": "",
      "_id": 28,
      "author_id": "not defined",
      "author_name": "Danny Wang",
      "helpful": "0",
      "polarity": "",
      "rate": 5,
      "response": "",
      "response_date": "",
      "review": "\u8fd8\u884c,\u7528\u4e60\u60ef\u4e86\u3002\u8fd8\u522b\u7684\u7a81\u7136\u4e0d\u9002\u5e94\u3002",
      "review_date": [
        "December",
        "16",
        " 2013"
      ]
    },
    {
      "REQ_subtype": "",
      "REQ_type": "",
      "_id": 29,
      "author_id": "not defined",
      "author_name": "\u738b\u742a\u742a",
      "helpful": "0",
      "polarity": "",
      "rate": 5,
      "response": "",
      "response_date": "",
      "review": "\u5f88\u96be\u660e\u767d,\u73b0\u5728\u5f88\u50cf\u8981\u5427\u8fd9\u4e2aapps\u5220\u6389\u3002\u3002\u3002\u5988\u7684\u3002\u3002",
      "review_date": [
        "December",
        "1",
        " 2013"
      ]
    },
    {
      "REQ_subtype": "",
      "REQ_type": "",
      "_id": 30,
      "author_id": "not defined",
      "author_name": "kasoll ye",
      "helpful": "0",
      "polarity": "",
      "rate": 2,
      "response": "",
      "response_date": "",
      "review": "\u5589\u820c",
      "review_date": [
        "January",
        "12",
        " 2014"
      ]
    },
    {
      "REQ_subtype": "",
      "REQ_type": "",
      "_id": 31,
      "author_id": "not defined",
      "author_name": "Justin Lin",
      "helpful": "0",
      "polarity": "",
      "rate": 1,
      "response": "",
      "response_date": "",
      "review": "Can't browse the news...please fix the bugs..I switch to sohu news now..",
      "review_date": [
        "November",
        "1",
        " 2013"
      ]
    },
    {
      "REQ_subtype": "",
      "REQ_type": "",
      "_id": 32,
      "author_id": "not defined",
      "author_name": "John Zhang",
      "helpful": "2",
      "polarity": "",
      "rate": 1,
      "response": "",
      "response_date": "",
      "review": "\u5343\u4e07\u522b\u88c5",
      "review_date": [
        "October",
        "2",
        " 2013"
      ]
    },
    {
      "REQ_subtype": "",
      "REQ_type": "",
      "_id": 33,
      "author_id": "not defined",
      "author_name": "Hilary Zhang",
      "helpful": "0",
      "polarity": "",
      "rate": 1,
      "response": "",
      "response_date": "",
      "review": "\u66f4\u65b0\u540e\uff0c\u5b89\u5353\u6253\u4e0d\u5f00\u4e86\u3002",
      "review_date": [
        "October",
        "26",
        " 2013"
      ]
    },
    {
      "REQ_subtype": "",
      "REQ_type": "",
      "_id": 34,
      "author_id": "not defined",
      "author_name": "lily zhao",
      "helpful": "0",
      "polarity": "",
      "rate": 5,
      "response": "",
      "response_date": "",
      "review": "\u5404\u79cd\u65b0\u9c9c\u53ca\u65f6\u7684\u65b0\u95fb",
      "review_date": [
        "August",
        "22",
        " 2013"
      ]
    },
    {
      "REQ_subtype": "",
      "REQ_type": "",
      "_id": 35,
      "author_id": "not defined",
      "author_name": "Dan Owl",
      "helpful": "0",
      "polarity": "",
      "rate": 1,
      "response": "",
      "response_date": "",
      "review": "push notice cannot be switched off",
      "review_date": [
        "July",
        "20",
        " 2013"
      ]
    },
    {
      "REQ_subtype": "",
      "REQ_type": "",
      "_id": 36,
      "author_id": "not defined",
      "author_name": "Alvah Medusa",
      "helpful": "1",
      "polarity": "",
      "rate": 4,
      "response": "",
      "response_date": "",
      "review": "The new app dies every few seconds It is so botheringinginginging",
      "review_date": [
        "May",
        "21",
        " 2013"
      ]
    },
    {
      "REQ_subtype": "",
      "REQ_type": "",
      "_id": 37,
      "author_id": "not defined",
      "author_name": "A Google user",
      "helpful": "2",
      "polarity": "",
      "rate": 1,
      "response": "",
      "response_date": "",
      "review": "trojan detected --android:gexin-j [trj]",
      "review_date": [
        "May",
        "30",
        " 2013"
      ]
    },
    {
      "REQ_subtype": "",
      "REQ_type": "",
      "_id": 38,
      "author_id": "not defined",
      "author_name": "Jane Jia",
      "helpful": "0",
      "polarity": "",
      "rate": 4,
      "response": "",
      "response_date": "",
      "review": "\u754c\u9762\u4e0d\u9519\u64cd\u4f5c\u4e5f\u65b9\u4fbf\uff0c\u5185\u5bb9\u8ddf\u7f51\u6613\u76f8\u6bd4\u8fd8\u662f\u5c11\uff0c\u5e0c\u671b\u8d77\u7801\u80fd\u628a\u65b0\u89c2\u5bdf\u52a0\u4e0a\u554a\uff0c\u6211\u8fd8\u633a\u559c\u6b22\u770b\u90a3\u4e2a\u4e13\u680f\u7684",
      "review_date": [
        "May",
        "20",
        " 2013"
      ]
    },
    {
      "REQ_subtype": "",
      "REQ_type": "",
      "_id": 39,
      "author_id": "not defined",
      "author_name": "Xiaoxuan Li",
      "helpful": "3",
      "polarity": "",
      "rate": 1,
      "response": "",
      "response_date": "",
      "review": "\u66f4\u65b0\u540e\u754c\u9762\u5728\u6211\u7684gs3 android 4.1\u4e0a\u975e\u5e38\u6162\uff0c\u4e00\u822c\u70b9\u4e00\u4e0b\u8981\u4e00\u5206\u949f\u624d\u6709\u53cd\u5e94\uff0c\u4e5f\u65e0\u6cd5\u6eda\u52a8\u3002\u4ec0\u4e48\u4eba\u505a\u7684\uff0c\u4e0d\u6d4b\u8bd5\u5417\u3002\u505a\u4e0d\u597d\u5c31\u522b\u66f4\u65b0\u51fa\u6765\u4e22\u4eba",
      "review_date": [
        "March",
        "9",
        " 2013"
      ]
    },
    {
      "REQ_subtype": "",
      "REQ_type": "",
      "_id": 40,
      "author_id": "not defined",
      "author_name": "Sho Than",
      "helpful": "0",
      "polarity": "",
      "rate": 4,
      "response": "",
      "response_date": "",
      "review": "\u7528\u5f88\u8d35\u4e86\u6216\u515a\u638c\u4e0a\u5927\u536b",
      "review_date": [
        "March",
        "22",
        " 2013"
      ]
    },
    {
      "REQ_subtype": "",
      "REQ_type": "",
      "_id": 41,
      "author_id": "not defined",
      "author_name": "Ankun Liu",
      "helpful": "0",
      "polarity": "",
      "rate": 1,
      "response": "",
      "response_date": "",
      "review": "\u9891\u7e41\u6b7b\u673a,\u53cd\u5e94\u5947\u6162",
      "review_date": [
        "March",
        "31",
        " 2013"
      ]
    },
    {
      "REQ_subtype": "",
      "REQ_type": "",
      "_id": 42,
      "author_id": "not defined",
      "author_name": "A Google user",
      "helpful": "0",
      "polarity": "",
      "rate": 1,
      "response": "",
      "response_date": "",
      "review": "crash",
      "review_date": [
        "March",
        "10",
        " 2013"
      ]
    },
    {
      "REQ_subtype": "",
      "REQ_type": "",
      "_id": 43,
      "author_id": "not defined",
      "author_name": "Ying Gao",
      "helpful": "0",
      "polarity": "",
      "rate": 1,
      "response": "",
      "response_date": "",
      "review": "It tells me the Internet has problem.",
      "review_date": [
        "January",
        "30",
        " 2013"
      ]
    },
    {
      "REQ_subtype": "",
      "REQ_type": "",
      "_id": 44,
      "author_id": "not defined",
      "author_name": "A Google user",
      "helpful": "0",
      "polarity": "",
      "rate": 1,
      "response": "",
      "response_date": "",
      "review": "\u6700\u8fd1\u51e0\u4e2a\u661f\u671f\u6765\uff0c\u4e00\u6253\u5f00\u201c\u638c\u4e2d\u65b0\u6d6a\u201d\uff0c\u624b\u673a\u5c31\u6b7b\u673a\u3002\u4ee5\u524d\u4e0d\u662f\u8fd9\u6837\u7684\u3002\u5378\u8f7d\u3001\u91cd\u65b0\u5b89\u88c5\u90fd\u6ca1\u7528\u3002  Samsung Galaxy Notes \u624b\u673a ICS AT&T USA",
      "review_date": [
        "November",
        "9",
        " 2012"
      ]
    },
    {
      "REQ_subtype": "",
      "REQ_type": "",
      "_id": 45,
      "author_id": "not defined",
      "author_name": "A Google user",
      "helpful": "1",
      "polarity": "",
      "rate": 1,
      "response": "",
      "response_date": "",
      "review": "It happened recently. No response to home and back keys.",
      "review_date": [
        "November",
        "5",
        " 2012"
      ]
    },
    {
      "REQ_subtype": "",
      "REQ_type": "",
      "_id": 46,
      "author_id": "not defined",
      "author_name": "A Google user",
      "helpful": "1",
      "polarity": "",
      "rate": 1,
      "response": "",
      "response_date": "",
      "review": "\u4ee5\u524d\u597d\u597d\u7684\uff0c\u6700\u8fd1\u6839\u672c\u6253\u4e0d\u5f00\u554a\uff0c\u5378\u8f7d\u91cd\u88c5\u4e5f\u6ca1\u7528\uff0c\u4e00\u5f00\u5c31\u6b7b\u673a",
      "review_date": [
        "November",
        "4",
        " 2012"
      ]
    },
    {
      "REQ_subtype": "",
      "REQ_type": "",
      "_id": 47,
      "author_id": "not defined",
      "author_name": "A Google user",
      "helpful": "0",
      "polarity": "",
      "rate": 3,
      "response": "",
      "response_date": "",
      "review": "\u603b\u662f\u8f6c\u53d1\u5931\u8d25\u3002\u4ee5\u524d\u53ef\u4ee5\u3002",
      "review_date": [
        "September",
        "10",
        " 2012"
      ]
    },
    {
      "REQ_subtype": "",
      "REQ_type": "",
      "_id": 48,
      "author_id": "not defined",
      "author_name": "A Google user",
      "helpful": "8",
      "polarity": "",
      "rate": 1,
      "response": "",
      "response_date": "",
      "review": "1\uff0c\u63a8\u9001\u5173\u4e0d\u6389 2\uff0c\u540e\u53f0\u8fdb\u7a0b\u591a 3\uff0c\u76f8\u518c\u4e2d\u751f\u6210\u4e00\u5806\u5783\u573e\u56fe\u7247 4\uff0c\u5f00\u53d1\u8fd9\u4e2a\u5ba2\u6237\u7aef\u7684\u8bf7\u53bb\u6b7b",
      "review_date": [
        "July",
        "23",
        " 2012"
      ]
    },
    {
      "REQ_subtype": "",
      "REQ_type": "",
      "_id": 49,
      "author_id": "not defined",
      "author_name": "A Google user",
      "helpful": "1",
      "polarity": "",
      "rate": 2,
      "response": "",
      "response_date": "",
      "review": "Always run in background. Take some amount of battery power.",
      "review_date": [
        "August",
        "26",
        " 2012"
      ]
    },
    {
      "REQ_subtype": "",
      "REQ_type": "",
      "_id": 50,
      "author_id": "not defined",
      "author_name": "A Google user",
      "helpful": "1",
      "polarity": "",
      "rate": 2,
      "response": "",
      "response_date": "",
      "review": "\u63a8\u9001\u5f88\u70e6\u4eba\uff0c\u53d7\u4e0d\u4e86\uff0c\u5378\u8f7d\u3002",
      "review_date": [
        "August",
        "9",
        " 2012"
      ]
    },
    {
      "REQ_subtype": "",
      "REQ_type": "",
      "_id": 51,
      "author_id": "not defined",
      "author_name": "A Google user",
      "helpful": "0",
      "polarity": "",
      "rate": 3,
      "response": "",
      "response_date": "",
      "review": "ICS galaxy nexus",
      "review_date": [
        "June",
        "25",
        " 2012"
      ]
    },
    {
      "REQ_subtype": "",
      "REQ_type": "",
      "_id": 52,
      "author_id": "not defined",
      "author_name": "A Google user",
      "helpful": "4",
      "polarity": "",
      "rate": 3,
      "response": "",
      "response_date": "",
      "review": "\u4e3a\u4ec0\u4e48\u6700\u8fd1\u7684\u66f4\u65b0\u8981\u9605\u8bfb\u4e2a\u4eba\u8d44\u6599\u548c\u53d1\u9001\u77ed\u4fe1\u7684\u6743\u9650\uff1f\u5378\u8f7d\u4e86",
      "review_date": [
        "June",
        "12",
        " 2012"
      ]
    },
    {
      "REQ_subtype": "",
      "REQ_type": "",
      "_id": 53,
      "author_id": "not defined",
      "author_name": "A Google user",
      "helpful": "0",
      "polarity": "",
      "rate": 1,
      "response": "",
      "response_date": "",
      "review": "Is a very good apps, BUT always force to close and most of the News not up to date!",
      "review_date": [
        "April",
        "30",
        " 2012"
      ]
    },
    {
      "REQ_subtype": "",
      "REQ_type": "",
      "_id": 54,
      "author_id": "not defined",
      "author_name": "A Google user",
      "helpful": "0",
      "polarity": "",
      "rate": 1,
      "response": "",
      "response_date": "",
      "review": "Read sms. Read sensitive log data. Why do you need these?",
      "review_date": [
        "June",
        "26",
        " 2012"
      ]
    },
    {
      "REQ_subtype": "",
      "REQ_type": "",
      "_id": 55,
      "author_id": "not defined",
      "author_name": "A Google user",
      "helpful": "0",
      "polarity": "",
      "rate": 3,
      "response": "",
      "response_date": "",
      "review": "\u540c\u6837\u95ee\u9898\uff0c\u66f4\u65b0\u540e\u663e\u793a\u7a7a\u767d\uff0c\u4f46\u56fe\u7247\u8bc4\u8bba\u8fd8\u80fd\u70b9\u51fb\u3002",
      "review_date": [
        "April",
        "22",
        " 2012"
      ]
    },
    {
      "REQ_subtype": "",
      "REQ_type": "",
      "_id": 56,
      "author_id": "not defined",
      "author_name": "A Google user",
      "helpful": "0",
      "polarity": "",
      "rate": 1,
      "response": "",
      "response_date": "",
      "review": "\u66f4\u65b0\u540e\u4e0d\u80fd\u663e\u793a\u65b0\u95fb\u5185\u5bb9\uff0c\u8bf7\u4fee\u6b63\u3002",
      "review_date": [
        "April",
        "27",
        " 2012"
      ]
    },
    {
      "REQ_subtype": "",
      "REQ_type": "",
      "_id": 57,
      "author_id": "not defined",
      "author_name": "A Google user",
      "helpful": "0",
      "polarity": "",
      "rate": 5,
      "response": "",
      "response_date": "",
      "review": "\u597d",
      "review_date": [
        "April",
        "27",
        " 2012"
      ]
    },
    {
      "REQ_subtype": "",
      "REQ_type": "",
      "_id": 58,
      "author_id": "not defined",
      "author_name": "A Google user",
      "helpful": "0",
      "polarity": "",
      "rate": 5,
      "response": "",
      "response_date": "",
      "review": "Excellent",
      "review_date": [
        "March",
        "27",
        " 2012"
      ]
    },
    {
      "REQ_subtype": "",
      "REQ_type": "",
      "_id": 59,
      "author_id": "not defined",
      "author_name": "A Google user",
      "helpful": "0",
      "polarity": "",
      "rate": 4,
      "response": "",
      "response_date": "",
      "review": "\u8fd8\u53ef\u4ee5\u5427",
      "review_date": [
        "February",
        "25",
        " 2012"
      ]
    },
    {
      "REQ_subtype": "",
      "REQ_type": "",
      "_id": 60,
      "author_id": "not defined",
      "author_name": "A Google user",
      "helpful": "0",
      "polarity": "",
      "rate": 5,
      "response": "",
      "response_date": "",
      "review": "\u975e\u5e38\u597d\uff0c\u7f51\u7edc\u7a33\u5b9a\uff0c\u5b9e\u7528\uff01\uff01\uff01",
      "review_date": [
        "March",
        "2",
        " 2012"
      ]
    },
    {
      "REQ_subtype": "",
      "REQ_type": "",
      "_id": 61,
      "author_id": "not defined",
      "author_name": "A Google user",
      "helpful": "0",
      "polarity": "",
      "rate": 1,
      "response": "",
      "response_date": "",
      "review": "\u603b\u63d0\u793a\u7f51\u7edc\u9519\u8bef",
      "review_date": [
        "December",
        "8",
        " 2011"
      ]
    },
    {
      "REQ_subtype": "",
      "REQ_type": "",
      "_id": 62,
      "author_id": "not defined",
      "author_name": "A Google user",
      "helpful": "0",
      "polarity": "",
      "rate": 1,
      "response": "",
      "response_date": "",
      "review": "force close all the time!",
      "review_date": [
        "September",
        "2",
        " 2011"
      ]
    },
    {
      "REQ_subtype": "",
      "REQ_type": "",
      "_id": 63,
      "author_id": "not defined",
      "author_name": "A Google user",
      "helpful": "0",
      "polarity": "",
      "rate": 1,
      "response": "",
      "response_date": "",
      "review": "\u592a\u70c2\uff0c\u4e0d\u505c\u7684\u5d29\u6e83\uff0c\u5378\u4e86\uff0c\u4ec0\u4e48\u65f6\u5019\u6539\u8fdb\u4e86\u4ec0\u4e48\u65f6\u5019\u88c5\u3002",
      "review_date": [
        "July",
        "16",
        " 2011"
      ]
    },
    {
      "REQ_subtype": "",
      "REQ_type": "",
      "_id": 64,
      "author_id": "not defined",
      "author_name": "A Google user",
      "helpful": "0",
      "polarity": "",
      "rate": 5,
      "response": "",
      "response_date": "",
      "review": "\u638c\u4e0a\u65b0\u6d6a\u548c\u65b0\u6d6a\u5fae\u535a\u7684\u98ce\u683c\u662f\u4e00\u81f4\u7684\uff0c\u611f\u89c9\u5f88\u597d\uff0c\u5206\u8fa8\u7387\u652f\u6301\u505a\u7684\u4e5f\u5230\u4f4d",
      "review_date": [
        "July",
        "31",
        " 2011"
      ]
    },
    {
      "REQ_subtype": "",
      "REQ_type": "",
      "_id": 65,
      "author_id": "not defined",
      "author_name": "A Google user",
      "helpful": "0",
      "polarity": "",
      "rate": 2,
      "response": "",
      "response_date": "",
      "review": "\u4e0d\u77e5\u9053\u4e3a\u4ec0\u4e48\uff0c\u603b\u662f\u663e\u793a\"\u6570\u636e\u83b7\u53d6\u5931\u8d25 I/O\u9519\u8bef\"\uff0c\u7f51\u7edc\u53ef\u662f\u6b63\u5e38\u7684\u5440!\u5e0c\u671b\u5c3d\u5feb\u89e3\u51b3\u8fd9\u4e2a\u95ee\u9898\uff0c\u5148\u5378\u4e86\u3002",
      "review_date": [
        "March",
        "11",
        " 2011"
      ]
    },
    {
      "REQ_subtype": "",
      "REQ_type": "",
      "_id": 66,
      "author_id": "not defined",
      "author_name": "A Google user",
      "helpful": "0",
      "polarity": "",
      "rate": 4,
      "response": "",
      "response_date": "",
      "review": "\u4e0d\u932f\u7684\u7a0b\u5e8f\uff0c\u6211\u5f88\u559c\u6b61\u4ed6\u7684\u904e\u5834\u52d5\u756b\u3002\u4e0d\u904e\u6211\u89ba\u5f97\u901f\u5ea6\u6709\u9ede\u6162\u3002",
      "review_date": [
        "July",
        "21",
        " 2011"
      ]
    },
    {
      "REQ_subtype": "",
      "REQ_type": "",
      "_id": 67,
      "author_id": "not defined",
      "author_name": "A Google user",
      "helpful": "0",
      "polarity": "",
      "rate": 5,
      "response": "",
      "response_date": "",
      "review": "\u7b80\u5355\u6613\u7528\u4e0d\u591a\u4e8e\uff0c\u7231\u6b7b\u4e86\uff0c\u5fae\u535a\u90a3\u8fb9\u6709\u8fd9\u6837\u597d\u5c31\u723d\u4e86",
      "review_date": [
        "March",
        "25",
        " 2011"
      ]
    },
    {
      "REQ_subtype": "",
      "REQ_type": "",
      "_id": 68,
      "author_id": "not defined",
      "author_name": "A Google user",
      "helpful": "0",
      "polarity": "",
      "rate": 1,
      "response": "",
      "response_date": "",
      "review": "\u5e8f\u5217\u5316\u5931\u8d25 \u53d1\u5e03\u524d\u6ca1\u6d4b\u8bd5\u8fc7\u4e48 \u5783\u573e",
      "review_date": [
        "January",
        "10",
        " 2011"
      ]
    },
    {
      "REQ_subtype": "",
      "REQ_type": "",
      "_id": 69,
      "author_id": "not defined",
      "author_name": "A Google user",
      "helpful": "0",
      "polarity": "",
      "rate": 5,
      "response": "",
      "response_date": "",
      "review": "\u65b0\u7248\u603b\u662f\u663e\u793a\u5e8f\u5217\u5316\u5931\u8d25",
      "review_date": [
        "August",
        "19",
        " 2011"
      ]
    },
    {
      "REQ_subtype": "",
      "REQ_type": "",
      "_id": 70,
      "author_id": "not defined",
      "author_name": "A Google user",
      "helpful": "0",
      "polarity": "",
      "rate": 5,
      "response": "",
      "response_date": "",
      "review": "\u5148\u5378\u8f7d\u518d\u88c5\u4e0a\u65b0\u7248\u5c31 ok.",
      "review_date": [
        "January",
        "14",
        " 2011"
      ]
    },
    {
      "REQ_subtype": "",
      "REQ_type": "",
      "_id": 71,
      "author_id": "not defined",
      "author_name": "A Google user",
      "helpful": "0",
      "polarity": "",
      "rate": 1,
      "response": "",
      "response_date": "",
      "review": "\u548c\u7f51\u6613\u7684\u5ba2\u6237\u7aef\u6bd4\uff0c\u65b0\u6d6a\u592a\u70c2\u4e86\u3002",
      "review_date": [
        "May",
        "4",
        " 2011"
      ]
    },
    {
      "REQ_subtype": "",
      "REQ_type": "",
      "_id": 72,
      "author_id": "not defined",
      "author_name": "A Google user",
      "helpful": "0",
      "polarity": "",
      "rate": 1,
      "response": "",
      "response_date": "",
      "review": "\u65b0\u7248\u7ecf\u5e38\u7cfb\u5217\u5316\u5931\u8d25",
      "review_date": [
        "January",
        "10",
        " 2011"
      ]
    },
    {
      "REQ_subtype": "",
      "REQ_type": "",
      "_id": 73,
      "author_id": "not defined",
      "author_name": "A Google user",
      "helpful": "0",
      "polarity": "",
      "rate": 1,
      "response": "",
      "response_date": "",
      "review": "\u592a\u70c2\u4e86\uff0c\u5d29\u6e83\u65e0\u6781\u9650\u554a",
      "review_date": [
        "July",
        "17",
        " 2011"
      ]
    },
    {
      "REQ_subtype": "",
      "REQ_type": "",
      "_id": 74,
      "author_id": "not defined",
      "author_name": "A Google user",
      "helpful": "0",
      "polarity": "",
      "rate": 1,
      "response": "",
      "response_date": "",
      "review": "\u505a\u7684\u592a\u70c2\u4e86\uff0c\u6bd4\u817e\u8baf\u65b0\u95fb\u5dee\u8fdc\u4e86\uff0c\u5378\u2026",
      "review_date": [
        "February",
        "17",
        " 2011"
      ]
    },
    {
      "REQ_subtype": "",
      "REQ_type": "",
      "_id": 75,
      "author_id": "not defined",
      "author_name": "A Google user",
      "helpful": "0",
      "polarity": "",
      "rate": 1,
      "response": "",
      "response_date": "",
      "review": "\u65b0\u7248\u6ca1\u6cd5\u7528",
      "review_date": [
        "January",
        "9",
        " 2011"
      ]
    },
    {
      "REQ_subtype": "",
      "REQ_type": "",
      "_id": 76,
      "author_id": "not defined",
      "author_name": "A Google user",
      "helpful": "0",
      "polarity": "",
      "rate": 1,
      "response": "",
      "response_date": "",
      "review": "\u5e38\u6b7b\u5e38\u7a7a\u767d",
      "review_date": [
        "April",
        "1",
        " 2011"
      ]
    },
    {
      "REQ_subtype": "",
      "REQ_type": "",
      "_id": 77,
      "author_id": "not defined",
      "author_name": "A Google user",
      "helpful": "0",
      "polarity": "",
      "rate": 5,
      "response": "",
      "response_date": "",
      "review": "\u679c\u7136\u91cd\u88c5\u5c31\u597d\u4e86\u3002\u3002\u3002",
      "review_date": [
        "January",
        "18",
        " 2011"
      ]
    },
    {
      "REQ_subtype": "",
      "REQ_type": "",
      "_id": 78,
      "author_id": "not defined",
      "author_name": "A Google user",
      "helpful": "0",
      "polarity": "",
      "rate": 4,
      "response": "",
      "response_date": "",
      "review": "\u754c\u9762\u5f88\u6f02\u4eae",
      "review_date": [
        "December",
        "4",
        " 2010"
      ]
    },
    {
      "REQ_subtype": "",
      "REQ_type": "",
      "_id": 79,
      "author_id": "not defined",
      "author_name": "A Google user",
      "helpful": "2",
      "polarity": "",
      "rate": 4,
      "response": "",
      "response_date": "",
      "review": "\u4e0d\u9519\uff0c\u503c\u5f97\u4e0b\u8f7d\u3002",
      "review_date": [
        "November",
        "23",
        " 2010"
      ]
    },
    {
      "REQ_subtype": "",
      "REQ_type": "",
      "_id": 80,
      "author_id": "not defined",
      "author_name": "A Google user",
      "helpful": "0",
      "polarity": "",
      "rate": 5,
      "response": "",
      "response_date": "",
      "review": "\u76f8\u5f53\u4e0d\u9519",
      "review_date": [
        "December",
        "10",
        " 2010"
      ]
    },
    {
      "REQ_subtype": "",
      "REQ_type": "",
      "_id": 81,
      "author_id": "not defined",
      "author_name": "A Google user",
      "helpful": "1",
      "polarity": "",
      "rate": 1,
      "response": "",
      "response_date": "",
      "review": "Uninstall. It enforces news push. No respect to user.",
      "review_date": [
        "June",
        "17",
        " 2012"
      ]
    },
    {
      "REQ_subtype": "",
      "REQ_type": "",
      "_id": 82,
      "author_id": "not defined",
      "author_name": "A Google user",
      "helpful": "0",
      "polarity": "",
      "rate": 1,
      "response": "",
      "response_date": "",
      "review": "Now even the news app has spyware! Uninstalled. \u5c0f\u5fc3, \u9019\u7a0b\u5f0f\u6709\u75c5\u6bd2.",
      "review_date": [
        "June",
        "6",
        " 2013"
      ]
    },
    {
      "REQ_subtype": "",
      "REQ_type": "",
      "_id": 83,
      "author_id": "not defined",
      "author_name": "di wu",
      "helpful": "0",
      "polarity": "",
      "rate": 1,
      "response": "",
      "response_date": "",
      "review": "Can not even install on my Nexus4 Android5.0. Need update.",
      "review_date": [
        "December",
        "31",
        " 2014"
      ]
    },
    {
      "REQ_subtype": "",
      "REQ_type": "",
      "_id": 84,
      "author_id": "not defined",
      "author_name": "Zhe Zhang",
      "helpful": "0",
      "polarity": "",
      "rate": 1,
      "response": "",
      "response_date": "",
      "review": "\u4e0d\u7ba1\u8bd5\u591a\u5c11\u6b21 \u90fd\u5361\u7684\u7528\u4e0d\u4e86 \u4e00\u5f00\u65b0\u6d6a\u65b0\u95fb\u5c31\u6b7b\u673a",
      "review_date": [
        "November",
        "1",
        " 2013"
      ]
    },
    {
      "REQ_subtype": "",
      "REQ_type": "",
      "_id": 85,
      "author_id": "not defined",
      "author_name": "Jason Du",
      "helpful": "0",
      "polarity": "",
      "rate": 2,
      "response": "",
      "response_date": "",
      "review": "\u8fd8\u4e0d\u5982\u539f\u6765\u90a3\u7248\u5462\uff0c\u7ec6\u5206\u7684\u7684\u4e0d\u591f\uff0c\u611f\u89c9\u5c31\u662f\u4ece\u7f51\u6613\u65b0\u95fb\u6284\u88ad\u6765\u7684\u56db\u4e0d\u50cf\u4ea7\u54c1\uff0c\u5982\u679c\u8981\u6a21\u4eff\uff0c\u8bf7\u4e0d\u8981\u4e22\u5f03\u4e4b\u524d\u672c\u6765\u8fd8\u4e0d\u9519\u7684\u8bbe\u8ba1",
      "review_date": [
        "January",
        "15",
        " 2014"
      ]
    },
    {
      "REQ_subtype": "",
      "REQ_type": "",
      "_id": 86,
      "author_id": "not defined",
      "author_name": "wai ks",
      "helpful": "0",
      "polarity": "",
      "rate": 1,
      "response": "",
      "response_date": "",
      "review": "pls update to support the latest android.",
      "review_date": [
        "December",
        "4",
        " 2012"
      ]
    },
    {
      "REQ_subtype": "",
      "REQ_type": "",
      "_id": 87,
      "author_id": "not defined",
      "author_name": "Li Liang",
      "helpful": "0",
      "polarity": "",
      "rate": 1,
      "response": "",
      "response_date": "",
      "review": "They do provide a setting to choose not receiving push notification, but it still comes like virus.",
      "review_date": [
        "January",
        "21",
        " 2013"
      ]
    },
    {
      "REQ_subtype": "",
      "REQ_type": "",
      "_id": 88,
      "author_id": "not defined",
      "author_name": "Ray Zhang",
      "helpful": "1",
      "polarity": "",
      "rate": 1,
      "response": "",
      "response_date": "",
      "review": "\u4f5c\u4e3a\u4e00\u4e2a\u65b0\u95fb\u8f6f\u4ef6\u5374\u5bf9\u77ed\u4fe1\u6743\u9650\u6709\u90a3\u4e48\u5927\u8981\u6c42\uff01",
      "review_date": [
        "May",
        "10",
        " 2013"
      ]
    },
    {
      "REQ_subtype": "",
      "REQ_type": "",
      "_id": 89,
      "author_id": "not defined",
      "author_name": "A Google user",
      "helpful": "0",
      "polarity": "",
      "rate": 2,
      "response": "",
      "response_date": "",
      "review": "it doesn't work on galaxy nexus!",
      "review_date": [
        "April",
        "19",
        " 2012"
      ]
    },
    {
      "REQ_subtype": "",
      "REQ_type": "",
      "_id": 90,
      "author_id": "not defined",
      "author_name": "Lijun Zhou",
      "helpful": "0",
      "polarity": "",
      "rate": 1,
      "response": "",
      "response_date": "",
      "review": "\u8fd8\u597d\u65b0\u95fb\u7f51\u7ad9\u53ef\u66ff\u4ee3\u6027\u5f3a\uff0c\u6539\u7528\u817e\u8baf\u65b0\u95fb\u4e86\u3002",
      "review_date": [
        "June",
        "15",
        " 2016"
      ]
    },
    {
      "REQ_subtype": "",
      "REQ_type": "",
      "_id": 91,
      "author_id": "not defined",
      "author_name": "MEDSDELTA",
      "helpful": "0",
      "polarity": "",
      "rate": 5,
      "response": "",
      "response_date": "",
      "review": "Targeted Cancer Drugs from India WeChat : medsdelta",
      "review_date": [
        "January",
        "10",
        " 2018"
      ]
    },
    {
      "REQ_subtype": "",
      "REQ_type": "",
      "_id": 92,
      "author_id": "not defined",
      "author_name": "Yingzhe Li",
      "helpful": "0",
      "polarity": "",
      "rate": 2,
      "response": "",
      "response_date": "",
      "review": "\u5317\u7f8e\u7528LTE\u770b\u4e0d\u4e86\u65b0\u95fb",
      "review_date": [
        "May",
        "31",
        " 2014"
      ]
    },
    {
      "REQ_subtype": "",
      "REQ_type": "",
      "_id": 93,
      "author_id": "not defined",
      "author_name": "A Google user",
      "helpful": "0",
      "polarity": "",
      "rate": 3,
      "response": "",
      "response_date": "",
      "review": "\u53d6\u6d88\u540e\u4f1a\u81ea\u52a8\u6062\u590d",
      "review_date": [
        "August",
        "28",
        " 2012"
      ]
    },
    {
      "REQ_subtype": "",
      "REQ_type": "",
      "_id": 94,
      "author_id": "not defined",
      "author_name": "A Google user",
      "helpful": "0",
      "polarity": "",
      "rate": 3,
      "response": "",
      "response_date": "",
      "review": "please fix, thanks",
      "review_date": [
        "November",
        "23",
        " 2012"
      ]
    },
    {
      "REQ_subtype": "",
      "REQ_type": "",
      "_id": 95,
      "author_id": "not defined",
      "author_name": "Louis Yong",
      "helpful": "0",
      "polarity": "",
      "rate": 1,
      "response": "",
      "response_date": "",
      "review": "\u6839\u672c\u4e0d\u662f\u7db2\u901f\u554f\u984c\uff01",
      "review_date": [
        "April",
        "22",
        " 2014"
      ]
    },
    {
      "REQ_subtype": "",
      "REQ_type": "",
      "_id": 96,
      "author_id": "not defined",
      "author_name": "A Google user",
      "helpful": "0",
      "polarity": "",
      "rate": 5,
      "response": "",
      "response_date": "",
      "review": "I see the news everyday when I wait for my kids to play tennis and this is how!!! I love it",
      "review_date": [
        "November",
        "26",
        " 2012"
      ]
    },
    {
      "REQ_subtype": "",
      "REQ_type": "",
      "_id": 97,
      "author_id": "not defined",
      "author_name": "A Google user",
      "helpful": "0",
      "polarity": "",
      "rate": 1,
      "response": "",
      "response_date": "",
      "review": "\u65b0\u7a0b\u5e8f\u8001\u6b7b\u673a",
      "review_date": [
        "March",
        "8",
        " 2013"
      ]
    },
    {
      "REQ_subtype": "",
      "REQ_type": "",
      "_id": 98,
      "author_id": "not defined",
      "author_name": "Fei Wang",
      "helpful": "0",
      "polarity": "",
      "rate": 1,
      "response": "",
      "response_date": "",
      "review": "\u540e\u53f0\u5077\u8dd1\u6d41\u91cf",
      "review_date": [
        "December",
        "9",
        " 2016"
      ]
    },
    {
      "REQ_subtype": "",
      "REQ_type": "",
      "_id": 99,
      "author_id": "not defined",
      "author_name": "A Google user",
      "helpful": "0",
      "polarity": "",
      "rate": 1,
      "response": "",
      "response_date": "",
      "review": "2.3.6 apparently crashed n uninstalled",
      "review_date": [
        "August",
        "2",
        " 2012"
      ]
    },
    {
      "REQ_subtype": "",
      "REQ_type": "",
      "_id": 100,
      "author_id": "not defined",
      "author_name": "Zizheng Guo",
      "helpful": "0",
      "polarity": "",
      "rate": 5,
      "response": "",
      "response_date": "",
      "review": "a wonderful news app, strongly recommened",
      "review_date": [
        "January",
        "26",
        " 2013"
      ]
    },
    {
      "REQ_subtype": "",
      "REQ_type": "",
      "_id": 101,
      "author_id": "not defined",
      "author_name": "Siti Salinah",
      "helpful": "0",
      "polarity": "",
      "rate": 5,
      "response": "",
      "response_date": "",
      "review": "Yes",
      "review_date": [
        "September",
        "12",
        " 2017"
      ]
    },
    {
      "REQ_subtype": "",
      "REQ_type": "",
      "_id": 102,
      "author_id": "not defined",
      "author_name": "KZ M",
      "helpful": "0",
      "polarity": "",
      "rate": 1,
      "response": "",
      "response_date": "",
      "review": "\u5783\u573e",
      "review_date": [
        "December",
        "24",
        " 2013"
      ]
    },
    {
      "REQ_subtype": "",
      "REQ_type": "",
      "_id": 103,
      "author_id": "not defined",
      "author_name": "A Google user",
      "helpful": "0",
      "polarity": "",
      "rate": 5,
      "response": "",
      "response_date": "",
      "review": "No",
      "review_date": [
        "June",
        "24",
        " 2012"
      ]
    },
    {
      "REQ_subtype": "",
      "REQ_type": "",
      "_id": 104,
      "author_id": "not defined",
      "author_name": "Ella Shii",
      "helpful": "0",
      "polarity": "",
      "rate": 1,
      "response": "",
      "response_date": "",
      "review": "Crash",
      "review_date": [
        "May",
        "8",
        " 2016"
      ]
    }
  ],
  "size": "30",
  "url": "https://play.google.com/store/apps/details?id=com.sina.news",
  "version": "6.9.4"
}