{
  "categories": [
    "Entertainment"
  ],
  "description": "A drone discovers an unknown asteroid. On its journey over the rocky surface it receives a strange signal. To locate its source the drone ventures deep into an ancient labyrinth. A place that holds a secret even darker than space itself.  \"...a bleakly beautiful immersive gem of a movie\" - RoadToVRRun time: 6 minMusic: http://www.audiocabin.com",
  "inc": "SCOPE - Virtual Content Studio",
  "intalled_count": "1,000",
  "last_update": [
    "February",
    "22",
    " 2018"
  ],
  "name": "SONAR",
  "offered_by": "Google Commerce Ltd",
  "permissions": {
    "Photos/Media/Files": [
      "read the contents of your USB storage",
      "modify or delete the contents of your USB storage"
    ],
    "Storage": [
      "read the contents of your USB storage",
      "modify or delete the contents of your USB storage"
    ],
    "Wi-Fi connection information": [
      "view Wi-Fi connections"
    ],
    "Other": [
      "full network access",
      "prevent device from sleeping",
      "full network access"
    ]
  },
  "price": "",
  "rate": [
    [
      "21",
      "2.6"
    ],
    [
      "4",
      "5"
    ],
    [
      "3",
      "4"
    ],
    [
      "4",
      "3"
    ],
    [
      "0",
      "2"
    ],
    [
      "10",
      "1"
    ]
  ],
  "required_android": "7.0",
  "reviews": [
    {
      "REQ_subtype": "",
      "REQ_type": "",
      "_id": 0,
      "author_id": "not defined",
      "author_name": "Luke",
      "helpful": "8",
      "polarity": "",
      "rate": 3,
      "response": "",
      "response_date": "",
      "review": "Graphics were pretty poor didn't really think anything actually happened or was wrapped up to well at all. After watching it once it no longer will run. Just stays a 0% downloaded",
      "review_date": [
        "October",
        "2",
        " 2017"
      ]
    },
    {
      "REQ_subtype": "",
      "REQ_type": "",
      "_id": 1,
      "author_id": "not defined",
      "author_name": "Alex Bijit",
      "helpful": "2",
      "polarity": "",
      "rate": 1,
      "response": "Hey Alex,\nI fixed the cardboard version. Sorry it took so long! In case you have a Daydream ready phone by now, please go ahead and just update the app.\nOtherwise you need to write me at support@sonar-360.com  and I will send you a free key for the cardboard version: https://play.google.com/store/apps/details?id=com.sonar360.sonar_cardboard&hl=en",
      "response_date": [
        "February",
        "23",
        " 2018"
      ],
      "review": "Wouldnt load past the menu. I downloaded the file fine but on tap to play it just repeats.",
      "review_date": [
        "December",
        "19",
        " 2017"
      ]
    },
    {
      "REQ_subtype": "",
      "REQ_type": "",
      "_id": 2,
      "author_id": "not defined",
      "author_name": "Diego Souza",
      "helpful": "8",
      "polarity": "",
      "rate": 3,
      "response": "Hey Diego, I already let you know via email but I thought other might see this responds.\nHere is the fixed cardboard version https://play.google.com/store/apps/details?id=com.sonar360.sonar_cardboard&hl=en \nYou already received the free key :)",
      "response_date": [
        "February",
        "23",
        " 2018"
      ],
      "review": "Half the right eye screen is green and deformed",
      "review_date": [
        "January",
        "10",
        " 2018"
      ]
    },
    {
      "REQ_subtype": "",
      "REQ_type": "",
      "_id": 3,
      "author_id": "not defined",
      "author_name": "Benjamin Edwards",
      "helpful": "0",
      "polarity": "",
      "rate": 1,
      "response": "",
      "response_date": "",
      "review": "800 mb; Expensive; yu get that for free on youtube or wherever,  dont buy",
      "review_date": [
        "February",
        "5",
        " 2018"
      ]
    },
    {
      "REQ_subtype": "",
      "REQ_type": "",
      "_id": 4,
      "author_id": "not defined",
      "author_name": "Jim Struewing",
      "helpful": "0",
      "polarity": "",
      "rate": 1,
      "response": "Hey Jim, I just released a new cardboard version. Sorry the download didn't work for you.\nhttps://play.google.com/store/apps/details?id=com.sonar360.sonar_cardboard&hl=en\nPlease send me an email at support@sonar-360.com and I will send you a free key.\nSorry it took me a while to find a solution",
      "response_date": [
        "February",
        "23",
        " 2018"
      ],
      "review": "Would not play. Menu worked fine. But after the file download it wouldn't start.",
      "review_date": [
        "October",
        "28",
        " 2017"
      ]
    },
    {
      "REQ_subtype": "",
      "REQ_type": "",
      "_id": 5,
      "author_id": "not defined",
      "author_name": "Jorden Steele",
      "helpful": "1",
      "polarity": "",
      "rate": 1,
      "response": "Hey Jorden,\nsorry it didn't work for you. I just released a fix but had to split the cardboard version.\nWrite me at support@sonar-360.com and I will send you a free key.\nhttps://play.google.com/store/apps/details?id=com.sonar360.sonar_cardboard&hl=en\nSorry, it took so long to fix it. I hope you find the time to check it out and update your review.",
      "response_date": [
        "February",
        "23",
        " 2018"
      ],
      "review": "Wouldn't let me play",
      "review_date": [
        "November",
        "2",
        " 2017"
      ]
    },
    {
      "REQ_subtype": "",
      "REQ_type": "",
      "_id": 6,
      "author_id": "not defined",
      "author_name": "Konstantin Otrembsky",
      "helpful": "0",
      "polarity": "",
      "rate": 4,
      "response": "Thank you for your rating! Sorry it took me so long to reply.\nFor Cardboard phones, we cannot offer higher resolution than 2560x1080 at 60fps or they cannot play it.\nOur new Daydream Version downloads the full 3840x1536 at 60fps & with the new and much better compression of h.265. This new codec removes a lot of banding and compression artifacts.",
      "response_date": [
        "September",
        "24",
        " 2017"
      ],
      "review": "You put a lot of effort into this short and it looks great, i wish the resolution was higher and there is a lot of some noise everywhere, is it redshift low sampling?",
      "review_date": [
        "October",
        "9",
        " 2016"
      ]
    }
  ],
  "size": "27",
  "url": "https://play.google.com/store/apps/details?id=com.sonar360.sonar",
  "version": "2.0"
}