{
  "categories": [
    "Education",
    "Pretend Play"
  ],
  "description": "*Parents Choice Awards \u2013 Toca Kitchen Wins Gold!* Ever wanted to play with your food? Now you can! Toca Boca brings you Toca Kitchen, where you cook, play with and prepare food for four hungry characters. Pick any ingredient and prepare it in your own way. Slice, boil, fry, cook, microwave or mix! Then wait for your hungry friend\u2019s response.We created this educational app for kids to give the mud cakes a new face, a complete virtual makeover which the kids will love! The characters fearful reactions to different meals will make you giggle. Does the cat like salty fish? Will the boy eat potatoes and greens? Mix and match your own meal! With no high scores, levels or time limits the fun doesn\u2019t have to end in this cooking app.  - Four cute characters to cook for - each with their own favorite food!- 12 different ingredients that can be prepared in 180 different ways!- Slice, boil, fry, cook, microwave anything you like! - Professional and fun kids app design!- No rules or high scores!- Kid-friendly interface- No in-app purchases- No third party advertisingWhat are you waiting for? Let\u2019s get in the kitchen and start cooking!Toca Kitchen is a free cooking app for kids that\u2019s perfect for aspiring chefs. Kids will roleplay a chef in a kitchen, exploring ways to cook tasty and silly foods for hungry customers to eat. This fun cooking app is sure to deliver nothing but creativity and imagination for kids!As with all Toca Boca apps, there are no high scores, time limits or stressful music. Rest assured this app for kids let\u2019s kids play however they want!***ABOUT TOCA BOCAAt Toca Boca, we believe in the power of play to spark kids\u2019 imaginations and help them learn about the world. We design our products from the kids' perspective to empower kids to be playful, to be creative and to be who they want to be. Our products include award-winning apps that have been downloaded more than 130 million times in 215 countries and offer fun, safe, open-ended play experiences. Learn more about Toca Boca and our products at tocaboca.com.PRIVACY POLICYPrivacy is an issue that we take very seriously. To learn more about how we work with these matters, please read our privacy policy: http://tocaboca.com/privacy",
  "inc": "Toca Boca",
  "intalled_count": "10,000,000",
  "last_update": [
    "June",
    "29",
    " 2017"
  ],
  "name": "Toca Kitchen",
  "offered_by": "Toca Boca",
  "permissions": {
    "Photos/Media/Files": [
      "read the contents of your USB storage",
      "modify or delete the contents of your USB storage"
    ],
    "Storage": [
      "read the contents of your USB storage",
      "modify or delete the contents of your USB storage"
    ],
    "Wi-Fi connection information": [
      "view Wi-Fi connections"
    ],
    "Other": [
      "view network connections",
      "full network access",
      "control vibration",
      "prevent device from sleeping",
      "Google Play license check"
    ]
  },
  "rate": [
    [
      "252,157",
      "4.1"
    ],
    [
      "157,974",
      "5"
    ],
    [
      "28,278",
      "4"
    ],
    [
      "22,079",
      "3"
    ],
    [
      "12,247",
      "2"
    ],
    [
      "31,579",
      "1"
    ]
  ],
  "required_android": "4.1",
  "size": "93",
  "url": "https://play.google.com/store/apps/details?id=com.tocaboca.tocakitchen",
  "version": "1.1.7-play"
}