{
  "categories": [
    "Personalization",
    "Music & Video"
  ],
  "description": "Beach Live: Finally! Real Waves, Real Beach, real interaction! Really there in Paradise! The best beach live wallpaper!Enjoy the sunny beach, play of dolphins, feel free, relax, send a postcard to your friends, discover this most beautiful place. Feel the clear blue water playing round your feet, the warm white sand between your toes, the wind in the palm trees, the happiness of this amazing spot. Your very own peaceful sunny world of holiday and beauty!And watch the flowers, the beautiful golden sunset, the gorgeous full moon and serene dawn. All this is provided by this full version of the Beach Live Wallpaper! And much more, like, free edit mode for painting stars, flowers that appear where you touch the sky, an alarm clock that wakes you up with golden light of southern dreams, and plenty of configuration options, too. Thank you for choosing Beach Live Wallpaper Pro!This summer island dream live wallpaper is 100% FREE of Ads and Spyware. It supports home screen scrolling on all (!) devices and operates smoothly and with very low power consumption on all tested tablets and smartphones. Our Beach wallpaper does not ask for any special or hidden rights, because we hate this habit of making money spying on people. Naturally, the wallpaper can be installed/moved to SD-Card and comes with full support for landscape mode, home screen switching and all available phones (Android version 2.1-4.2+) and screen resolutions.Extra features of this full version of the live wallpaper:- Full moon and stars at night over the beach wallpaper.- Beautiful flower petals flowing in the soft wind.- Freely choose the color of your beach messages!- Select 'mood' color to give the whole scene your own touch.- Touch the sky to put flowers of summer season in the sky!- fascinating storm of flower petals when shaking the phone for true Hawaii feeling.- Scenic sunrise and sunset.- Settings for mood of tranquil dawn and dusk and burning orange sky (feel the freedom! feel the calmness! feel zen!).- innovative alarm clock: this beach wallpaper wakes you with the light of sunrise!- Plenty of configuration options for personalization. Choose yourself what you really want to see!- Elaborate background logic.Basic features of the LiveWallpaper: - Realistic 3D effects, beautiful rippling ocean water (it feels so real: just take a bath, try and swim around a litte!), a soft breeze blowing through the trees.- Stunning Caribbean beach featuring undiscovered hidden shores of tropical paradise.- Beautiful nature, palms, hibiscus flowers, turquoise ocean water, a explorers boat, all in HD (High Definition) quality.- Write something in the white sand, your own personal message: \"My Beach\", \"Welcome!\", or just whatever comes to mind!- Send a postcard from vacation via Mail, Facebook, Twitter,..- Scroll across home screens on all phones!- 100% AD-FREE, no Spyware, no rights!- Easy installation and configuration.- Available for all resolutions.- Remove green touch of AMOLED displays.- Turn  off animation for near ZERO power consumption.- LWP shuts down completely when not visible to save maximum speed and battery.- Freely configurable image quality settings (save memory).- Full OpenGL-Support for the wp.- Not a movie.Enjoy!This Beach Live Wallpaper may be referred to as White Beach Wallpaper, Beach 3D Live Wallpaper, Beach&Live Wallpaper, Holiday Beach Live Wallpaper, Beach Background, Palm Beach, Ocean Beach, Coast, or simply the: Beach! :-)If you like this, you probably appreciate our Mountain Summer Live Wallpaper, Spring Flowers Live Wallpaper, Winter Snowfall Live Wallpaper and more.The most brilliant experience you will naturally get on Samsung Galaxy S II, Galaxy S3, Galaxy Nexus or any Android phone with a Super AMOLED+ display. Also Tablets like Galaxy tab and Google Nexus 7 give a great impression, particularly for the light alarm clock! This also runs on Android 4.0 (Ice Cream Sandwich) & 4.1 + 4.2 (Jelly Bean).",
  "inc": "SoundOfSource",
  "intalled_count": "10,000",
  "last_update": [
    "January",
    "21",
    " 2018"
  ],
  "name": "Beach Live Wallpaper Pro",
  "offered_by": "SoundOfSource",
  "permissions": {
    "Other": []
  },
  "rate": [
    [
      "599",
      "4.5"
    ],
    [
      "434",
      "5"
    ],
    [
      "107",
      "4"
    ],
    [
      "29",
      "3"
    ],
    [
      "5",
      "2"
    ],
    [
      "24",
      "1"
    ]
  ],
  "required_android": "2.1",
  "size": "7.8",
  "url": "https://play.google.com/store/apps/details?id=de.toar.livewallpaper.tropicalbeach.full",
  "version": "2.5.0"
}