{
  "categories": [
    "Tools",
    "Pretend Play"
  ],
  "description": "LEGO\u00ae DUPLO\u00ae Cargo Train (10875) or LEGO\u00ae DUPLO\u00ae Steam Train (10874) required to use this application. Both sets sold separately.CREATE AND CONNECT!All aboard the DUPLO Train! Join the train driver on an adorable adventure through rolling hills and green pastures. Help the driver by controlling the train\u2019s speed, turning on the headlights, sounding the horn and more! Together, meet new friends like the boat captain, the little girl and the seagull. Play with the driver, tickle him or feed him if he gets hungry!Place DUPLO Action Bricks on the rails to make the driver react to your actions. Each Action Brick can also launch an exciting activity that bridges the gap between the physical and digital worlds: stack crates onto the train with the boat driver, repair the train\u2019s headlights using colored lightbulbs, help the driver wash the mud off the train or play hide and seek with your squirrel friend! There is a total of 7 exciting activities to discover.FEATURES- Adorable, funny and toddler-friendly visuals, animations and interactions- Drive the train side by side with the driver using two-way controls \u2013 pilot the train remotely using the app or trigger events in the app using the physical Action Bricks- Help the driver complete 7 digital activities designed to offer a quick burst of fun and take your child back to playing with the physical train- Easy connection process \u2013 Just launch the app, turn the train on and wait for it to connect automatically!- No in-app purchases- No third-party advertising- Parental Gate to access building instructions and information about other LEGO DUPLO apps and productsWhy play with LEGO DUPLO?LEGO DUPLO aims to be your Partner in Play when it comes to your child\u2019s growth and development from age 1 1/2. We work with child development experts, educators, and parents to ensure that all LEGO DUPLO products \u2013 both in real life and in games like this \u2013 deliver value, safety, versatility, and an outlet for creative thinking that will set the stage for a love of learning and play that will last a lifetime. Thank you for allowing us to be part of your child\u2019s journey!For app support contact LEGO Consumer Service. For contact details refer to http://service.LEGO.com/contactus Our privacy policy and terms of use for apps are accepted if you download this app. Read more on http://aboutus.LEGO.com/legal-notice/Privacy-Policy and http://aboutus.LEGO.com/legal-notice/terms-of-use-for-apps LEGO, the LEGO logo and DUPLO are trademarks of the LEGO Group. \u00a92018 The LEGO Group.LEGO System A/S Website  --  LEGO\u00ae DUPLO\u00ae Connected Train app Support",
  "inc": "LEGO System A/S",
  "intalled_count": "100,000",
  "last_update": [
    "June",
    "28",
    " 2018"
  ],
  "name": "LEGO\u00ae DUPLO\u00ae Connected Train",
  "offered_by": "LEGO System A/S",
  "permissions": {
    "Location": [
      "approximate location (network-based)"
    ],
    "Photos/Media/Files": [
      "read the contents of your USB storage",
      "modify or delete the contents of your USB storage"
    ],
    "Storage": [
      "read the contents of your USB storage",
      "modify or delete the contents of your USB storage"
    ],
    "Wi-Fi connection information": [
      "view Wi-Fi connections"
    ],
    "Other": [
      "view network connections",
      "pair with Bluetooth devices",
      "access Bluetooth settings",
      "full network access",
      "prevent device from sleeping",
      "Google Play license check"
    ]
  },
  "rate": [
    [
      "191",
      "3.8"
    ],
    [
      "120",
      "5"
    ],
    [
      "12",
      "4"
    ],
    [
      "8",
      "3"
    ],
    [
      "6",
      "2"
    ],
    [
      "45",
      "1"
    ]
  ],
  "required_android": "5.0",
  "size": "39",
  "url": "https://play.google.com/store/apps/details?id=com.lego.duplo.train",
  "version": "1.0.2"
}