{
  "categories": [
    "Educational",
    "Pretend Play"
  ],
  "description": "How fun to pack your suitcase and go on a hotel adventure! With many rooms to explore, there are new adventures to be had for hours at the My Town : Hotel. Have fun at the hotel pool and then head back to the grand suite for a bit of relaxation time before picking out new outfits to wear to dinner at the hotel restaurant, where you can sip on taste fruit juice cocktails. Be sure to visit the biggest hotel playroom before you check out! Will you make up a pirate adventure, play with the dollhouse or dress up in many of the new clothes available at the hotel?Perhaps you\u2019ll assist the hotel cleaning staff clean the spider webs around the corners of the hotel. There\u2019s one cleaning lady to find who does NOT like spiders!FEATURES:*NEW extra special feature! We\u2019ve added EMOTIONS to all the characters, so now you can make each person laugh, cry, smile simply by double tapping on their face, or long pressing on them\u2026they can mimic how YOU are feeling! *Brand new clothing and costumes that you can take out of your suitcase.*All new characters have been added and you can even play with ones you\u2019ve loved from previous games now in the hotel.RECOMMENDED AGE GROUPKids 4-12: My Town games are safe to play even when parents are out of the room. ABOUT MY TOWNThe My Town Games studio designs digital dollhouse-like games that promote creativity and open ended play for your children all over the world. Loved by children and parents alike, My Town games introduce environments and experiences for hours of imaginative play. The company has offices in Israel, Spain, Romania and the Philippines. For more information, please visit www.my-town.com",
  "inc": "My Town Games Ltd",
  "intalled_count": "10,000",
  "last_update": [
    "April",
    "24",
    " 2017"
  ],
  "name": "My Town : Hotel",
  "offered_by": "My Town Games Ltd",
  "permissions": {
    "Other": [
      "receive data from Internet",
      "view network connections",
      "full network access",
      "prevent device from sleeping"
    ]
  },
  "rate": [
    [
      "764",
      "4.2"
    ],
    [
      "501",
      "5"
    ],
    [
      "95",
      "4"
    ],
    [
      "64",
      "3"
    ],
    [
      "23",
      "2"
    ],
    [
      "81",
      "1"
    ]
  ],
  "required_android": "4.0.3",
  "size": "43",
  "url": "https://play.google.com/store/apps/details?id=mytown.hotel",
  "version": "1.5"
}