{
  "categories": [
    "Education",
    "Music & Video"
  ],
  "description": "Hundreds of nursery rhymes, baby songs, stories for kids & games for toddlers, KidloLand has everything for kids under 5 years old. Delight your child with interactive nursery rhymes like Old MacDonald, Twinkle Twinkle Little Star, Wheels on the Bus, the Itsy Bitsy Spider & more preschool & kindergarten rhymes.KidloLand lets kids interact with the characters on screen as they play along. Sing along with songs for kids, rhymes for babies & play preschool games, activities. Nursery rhymes videos once downloaded can be played offline without wifi connection.KidloLand is an award-winning kids app, chosen among the best family apps in 2016 by Google Play. It is recommended by 450+ Mom Bloggers & used by 1 Million+ happy families worldwide. An all-in-one app for preschool & kindergarten learning. Mom's Choice Gold Award 2016 winner. Academics' Choice Smart Media Award 2016 winner. Why will children & parents love KidloLand? Favorite nursery rhymes including: *Twinkle Twinkle Little Star, Old MacDonald, Itsy Bitsy Spider, Wheels on the Bus, If You Are Happy, London Bridge, BINGO, Row Your Boat, Humpty Dumpty, Mary had a Little Lamb, etc.Fun & original kids songs videos: *ABC phonics, first words, numbers, fruits, vehicles, animals, dinosaurs, vegetables, animal sounds, birds, shapes, colors, months of the year, days of the week, lullabies, Christmas, etc.Exciting, educational stories for kids:*Stories that help kids learn to read. These stories with audio & video help children to read along and improve their confidence in reading faster.Preschool learning games for toddlers:*Fun and educational toddler learning games that helps pre-k kids to learn in an easy way. These include connect the dots & puzzle games for kids like jigsaw puzzles games.Learn the ABC:*With ABC Phonics and ABC songs, learning alphabet was never so easy. Sing along fun preschool songs with your children. KidloLand has a huge collection of alphabet songs to learn their abc, while kids can learn to trace lowercase & uppercase letters with alphabet tracing games.Educational app for Babies:*If you want animal sounds for baby, first words for baby or maybe just lullabies, baby songs or baby rhymes, get them all here. Babies can learn all animal names and their sounds with animal games.THOUSANDS of interactive surprises:*Unlike other apps, KidloLand has nursery rhymes videos in which children can tap on the animals on screen to make them come alive with funny animations and sounds. Play interactive games for kids with amazing surprises.Interactive flashcards for kids:*Bright and colorful flashcards for kids to learn their first words, animals, birds, professions, vehicles, fruits & vegetables and more.No Wifi needed:*Parents want children's apps which don't need Internet all the time. In KidloLand, once you download the content, no wifi is needed.Children can play rhymes & songs offline. It is the perfect app for road trips, flights, doctor waiting rooms and more, or just to keep children engaged at home with educational videos.No ads:*This is an early learning children app with no ads. Apps for preschoolers & kindergarten kids should not have ads.Ages: 1, 2, 3, 4, 5 years old.40+ nursery rhymes, baby songs, phonics, stories, activities and toddler games are free. The others can be purchased with a subscription.Subscription Details:- Subscribe to get access to full content. Two low price subscription options: Monthly or Yearly (33% off)- Cancel subscription renewal anytime via Google Play.- Account will be charged for renewal within 24-hours prior to the end of the current period.- Use the subscription in any Android Phone/Tablet registered with your Google account.Like us at www.facebook.com/kidloland/Privacy Policy: www.kidloland.com/privacypolicy.phpFor any help or feedback, email us at support@kidloland.com",
  "inc": "IDZ Digital Private Limited",
  "intalled_count": "1,000,000",
  "last_update": [
    "July",
    "23",
    " 2018"
  ],
  "name": "Nursery Rhymes, Kids Games, ABC Phonics, Preschool",
  "offered_by": "IDZ Digital Private Limited",
  "permissions": {
    "Photos/Media/Files": [
      "read the contents of your USB storage",
      "modify or delete the contents of your USB storage"
    ],
    "Storage": [
      "read the contents of your USB storage",
      "modify or delete the contents of your USB storage"
    ],
    "Device & app history": [
      "retrieve running apps"
    ],
    "Identity": [
      "find accounts on the device"
    ],
    "Contacts": [
      "find accounts on the device"
    ],
    "Phone": [
      "read phone status and identity"
    ],
    "Camera": [
      "take pictures and videos"
    ],
    "Device ID & call information": [
      "read phone status and identity"
    ],
    "Other": [
      "receive data from Internet",
      "view network connections",
      "disable your screen lock",
      "full network access",
      "prevent device from sleeping",
      "view network connections",
      "disable your screen lock",
      "full network access",
      "control vibration",
      "prevent device from sleeping"
    ]
  },
  "rate": [
    [
      "31,708",
      "4.2"
    ],
    [
      "18,934",
      "5"
    ],
    [
      "6,321",
      "4"
    ],
    [
      "3,139",
      "3"
    ],
    [
      "1,240",
      "2"
    ],
    [
      "2,074",
      "1"
    ]
  ],
  "required_android": "3.0",
  "size": "68",
  "url": "https://play.google.com/store/apps/details?id=com.internetdesignzone.nurseryrhymes",
  "version": "10.8"
}