{
  "categories": [
    "Entertainment",
    "Music & Video"
  ],
  "description": "Kidoodle.TV\u00ae is your child\u2019s portal to a world of learning, enjoyment, adventure and memories. Enjoy 1000s of episodes of brand-name cartoons, kid shows and educational videos curated just for your child and add your own family memories to the line-up!With Kidoodle.TV, you can encourage your child to navigate through an advertising-free environment and rest easy knowing that all shows are carefully selected for age appropriate viewing. We encourage you to watch Kidoodle.TV as a family to learn more about your child\u2019s preferences, interests and viewpoints, and together, discover new characters and familiar faces through the brightly colored, easy-to-use, customizable interface. Also take the time to set and discuss screen-time boundaries using Kidoodle.TV\u2019s many parental control options and understand your child\u2019s viewing habits by checking out Kid Usage Stats in the passcode-protected Parents Room.ONLY ON KIDOODLE.TVIntroducing Family Moments\u2122 - A new feature that allows parents to safely record, upload, store, and share their family videos and home movies through Kidoodle.TV.  100 GB of digital storage is included in the monthly Kidoodle.TV Premium subscription price. Upload your cutest, most memorable and funniest home videos for the whole family to watch and love! What better way to collect and share your family's precious memories?VIEWINGThis video app is appropriate for kids ages 12 and under, featuring quality kids' TV shows and movies within a safe viewing environment plus the ability to store and watch your own family videos right within the app.  Up to 5 profiles per household have access across a wide range of devices. Seamlessly transfer between devices.SUBSCRIPTION DETAILSDownload the app as a part of your Kidoodle.TV subscription for instant access to free episodes on your Android device, plus receive 2GB of digital storage for your own family movies. Upgrade to a Premium subscription to access all episodes, as well as 100GB of digital storage. You may cancel your subscription at any time without a cancellation fee. Manage your subscription within the Parents Room by logging in at www.kidoodle.tv and choosing the Parent\u2019s Account.Content may vary from one country to another.PARENTAL CONTROLSKidoodle.TV believes it's important to encourage healthy viewing habits. Help your family establish screen time boundaries with this app's robust suite of parental controls. \u00b7 Age appropriate shows\u00b7 Time limits \u00b7 Bedtime Curfews\u00b7 Title selection\u00b7 Content filtering by age\u00b7 Passcode protection between profiles\u00b7 Wifi-only option to restrict access\u00b7 Passode protected Parents Room to manage account settings, profiles, and Family Moments\u00b7 Parental Analytics - helping parents encourage good viewing habits\u00b7  Kidoodle.TV is certified by the kidSAFE\u00ae Seal Program and has received the Parent Tested, Parent Approved Award. To learn more, visit www.kidsafeseal.com and ptpa.com",
  "inc": "Kidoodle.TV",
  "intalled_count": "50,000",
  "last_update": [
    "September",
    "18",
    " 2017"
  ],
  "name": "Kidoodle.TV Cartoons for Kids",
  "offered_by": "Kidoodle.TV",
  "permissions": {
    "Photos/Media/Files": [
      "read the contents of your USB storage",
      "modify or delete the contents of your USB storage"
    ],
    "Storage": [
      "read the contents of your USB storage",
      "modify or delete the contents of your USB storage"
    ],
    "Wi-Fi connection information": [
      "view Wi-Fi connections"
    ],
    "Other": [
      "view network connections",
      "full network access"
    ]
  },
  "rate": [
    [
      "392",
      "3.7"
    ],
    [
      "210",
      "5"
    ],
    [
      "38",
      "4"
    ],
    [
      "38",
      "3"
    ],
    [
      "20",
      "2"
    ],
    [
      "86",
      "1"
    ]
  ],
  "required_android": "4.0",
  "size": "17",
  "url": "https://play.google.com/store/apps/details?id=tv.kidoodle.android",
  "version": "3.7.1"
}