{
  "categories": [
    "Educational",
    "Pretend Play"
  ],
  "description": "Have you ever imagine that you are cooking yummy food in a space capsule? Ever wanted to be a space chef? Now, BabyBus brings you a special cooking game,\u201cLittle Panda Chef\u2019s Robot Kitchen\u201d, where kids will be exposed to multiple recipes and fantastic kitchen machines. Join little panda\u2019s robot kitchen, dress up as a space chef. Don\u2019t forget your chef\u2019s hat!  CREATIVE CHEFIn Little Panda Chef\u2019s Robot Kitchen, you will have enough freedom to cook\u00a0what you want to try. Come to unleash your creativity, choose a magical kitchen tool you like, and cook your dream dishes with little panda.VIRTUAL COOKINGYou will take charge of your own robot kitchen, a complete virtual kids cooking game in which you can practice cooking skills and learn new cooking techniques, then grow as the best little panda chef. FRIENDS\u2019 REACTIONYou will also have fun while feeding animal guests. Invite little panda\u2019s friends to have a taste of your food and pay attention to their preferences. Their reaction might be different every time.Features:\u2665  Fantastic kitchen machines: flying pot, oven robot, music grill and more\u2665  20 different ingredients and condiments: potatoes, tomatoes, chicken, ham, eggs, pepper and more\u2665  Kids cooking in different ways: slice, mix, boil, fry, bake and more\u2665  3 adorable little panda\u2019s friends to feed\u2665  Kid-directed game: no rules or time limits, just unleash your imagination and creativityAbout BabyBus\u2014\u2014\u2014\u2014\u2014At BabyBus, we dedicate ourselves to sparking kids' creativity, imagination and curiosity,and designing our products through the kids' perspective to help them explore the world on their own.   Now BabyBus offers a wide variety of products, videos and other educational content for over 250 million fans from ages 0-8 around the world! We have produced more than 150 children's educational games, 700 children's songs, and animations of various themes spanning the arts, health, and science.                      \u2014\u2014\u2014\u2014\u2014Contact us: ser@babybus.comVisit us: http://www.babybus.com",
  "inc": "BabyBus Kids Games",
  "intalled_count": "1,000,000",
  "last_update": [
    "June",
    "15",
    " 2018"
  ],
  "name": "Little Panda Chef\u2019s Robot Kitchen-Kids Cooking",
  "offered_by": "BabyBus Kids Games",
  "permissions": {
    "Wi-Fi connection information": [
      "view Wi-Fi connections"
    ],
    "Other": [
      "receive data from Internet",
      "view network connections",
      "full network access",
      "prevent device from sleeping",
      "modify system settings"
    ]
  },
  "rate": [
    [
      "10,930",
      "4.6"
    ],
    [
      "8,817",
      "5"
    ],
    [
      "891",
      "4"
    ],
    [
      "583",
      "3"
    ],
    [
      "138",
      "2"
    ],
    [
      "501",
      "1"
    ]
  ],
  "required_android": "4.0.3",
  "size": "64",
  "url": "https://play.google.com/store/apps/details?id=com.sinyee.babybus.kitchens",
  "version": "8.25.10.00"
}