{
  "categories": [
    "Educational",
    "Pretend Play"
  ],
  "description": "Baby Games - a collection of free fun toddler games to entertain and keep your baby happy. Ideal for a one year old or a two year old babies and infants.Includes the following fun Baby Games:Burst the balloons: This game improves your baby's hand-eye coordination by popping balloons moving across the screenFireworks: Touch the rockets to see the fireworksAnimal Sounds: Touch the animals to hear the sound they make. Animal sounds include cat, dog, farm animals.Car noises: Includes car, plane & train sounds.Peek-a-boo: Touch the screen to play peek-a-booWhack-a-mole: This baby games features a mole which your baby has to hit quickly before it disappearsEach of these free Games Include a toddler lock screen which can enabled in Settings so your baby can have fun without accidentally making calls by pressing the Menu, Back or Search buttons while playing.To unlock simply press the buttons 1,2,3,4 in order.Lock screen limitation: Google does not allow disabling of the Home button so this cannot be locked by the lock screen in this app.If you have any issues or improvements for Baby Games please email babygames@2-3.com",
  "inc": "LivelyMind.com",
  "intalled_count": "1,000,000",
  "last_update": [
    "June",
    "20",
    " 2018"
  ],
  "name": "Baby Games",
  "offered_by": "LivelyMind.com",
  "permissions": {
    "Location": [
      "approximate location (network-based)"
    ],
    "Other": [
      "view network connections",
      "full network access",
      "control vibration",
      "prevent device from sleeping"
    ]
  },
  "rate": [
    [
      "18,285",
      "3.7"
    ],
    [
      "8,250",
      "5"
    ],
    [
      "3,438",
      "4"
    ],
    [
      "2,521",
      "3"
    ],
    [
      "1,474",
      "2"
    ],
    [
      "2,602",
      "1"
    ]
  ],
  "required_android": "3.0",
  "size": "21",
  "url": "https://play.google.com/store/apps/details?id=org.msq.babygames",
  "version": "1.58"
}