{
  "categories": [
    "Casual",
    "Pretend Play"
  ],
  "description": "Meet Bubbu, your new virtual pet. He is a cute, emotional and adorable cat who loves to eat tasty food, take selfies, visit friends and dancing. Have fun at Bubbu\u2019s home and find out other secrets about your pet\u2019s life. He will surprise you for sure! Explore Bubbu's colorful world with many adventurous activities! \u2022 Bubbu is waiting for you to be fed, dressed, cuddled and bathed. This lovely cat needs your love and attention every day, so take good care of him from morning to midnight. In one word, make sure your kitty is always happy and smiling, but never hungry, sleepy, sick or bored.\u2022 Take Bubbu to the funky showroom and dress him up stylishly. Also don\u2019t forget to make a dream house for your lovely pet. Customize and decorate it with an awesome collection of furniture to make kitty\u2019s home beautiful, warm and cozy.\u2022 Over 30 fun mini-games will provide you with food or with coins to buy items for your virtual cat. Have fun playing Catcher, Cat Connect, Find the Cat, 2048, Paint the Cat, Jump, Pop Balloons, Cheese Builder, Fish Ninja, Cat Sings, Nightmare, Jumping Cat, Diver, Stick Ninja, etc. Challenge your friends and follow their high scores through global leaderboard.\u2022 Sometimes Bubbu needs doctor's help, because he keeps making stunts, jumping on the sofa or playing mini-games too often. Take Bubbu to the cat's hospital and heal him with cool tools. Cure his toothache, fever, hurt tail or broken bones. Let the doctor fun begin!\u2022 Spin the wheel of fortune every day, complete daily challenges and explore friends' houses to get some extra rewards. Finishing achievements gives you free diamonds to buy something special for your pet!\u2022 Bubbu's land offers you tons of activities. Customize Bubbu\u2019s house into a lovely cat villa. You can grow organic food in the garden and milk a cow everyday as a real farmer. Pimp your cool car and get ready for a hill ride. Take a walk to the seaside and fish or go diving. You can go to the city or even travel into space by rocket to defend your planet against alien invasion. Play football and basketball, pass across sea rocks or climb up the tree. Try to change between day and night and enjoy listening to the sounds of mother nature.If you have ever wanted your own cat, this game is a perfect choice for you. So, come on, what is keeping you? Adopt Bubbu and make him the happiest virtual cat ever! Note: All items are available for different prices in virtual currencies, but the game also contains items which can be purchased for real money.",
  "inc": "Bubadu",
  "intalled_count": "10,000,000",
  "last_update": [
    "August",
    "4",
    " 2018"
  ],
  "name": "Bubbu \u2013 My Virtual Pet",
  "offered_by": "Bubadu",
  "permissions": {
    "Photos/Media/Files": [
      "read the contents of your USB storage",
      "modify or delete the contents of your USB storage"
    ],
    "Storage": [
      "read the contents of your USB storage",
      "modify or delete the contents of your USB storage"
    ],
    "Wi-Fi connection information": [
      "view Wi-Fi connections"
    ],
    "Other": [
      "receive data from Internet",
      "view network connections",
      "full network access",
      "run at startup",
      "prevent device from sleeping"
    ]
  },
  "rate": [
    [
      "395,184",
      "4.7"
    ],
    [
      "328,149",
      "5"
    ],
    [
      "32,673",
      "4"
    ],
    [
      "15,517",
      "3"
    ],
    [
      "5,574",
      "2"
    ],
    [
      "13,271",
      "1"
    ]
  ],
  "required_android": "4.1",
  "size": "75",
  "url": "https://play.google.com/store/apps/details?id=com.bubadu.bubbu",
  "version": "1.50"
}