{
  "categories": [
    "Entertainment",
    "Music & Video"
  ],
  "description": "Complete simple but noisy challenges like opening a can of soda or stacking plates without filling the NOISE meter and before a timer runs out. Challenges are based on common household items making the NOISE a perfect family and friends party game. Fun, simple, quick and always available .Complete many exciting challenges, or come up with your own!Features:\u2022\tPlay solo, or with up to five other players.\u2022\tPlay in groups in team vs. team mode\u2022\tKeep videos of your challenges for your own amusement, or share them on Youtube, Instagram, Facebook, and other social media platforms.Have fun, share laughs, and, most importantly, stay quiet! Shhhh!",
  "inc": "NBCUniversal Media, LLC",
  "intalled_count": "100,000",
  "last_update": [
    "October",
    "18",
    " 2017"
  ],
  "name": "The Noise-O-Meter",
  "offered_by": "NBCUniversal Media, LLC",
  "permissions": {
    "Photos/Media/Files": [
      "read the contents of your USB storage",
      "modify or delete the contents of your USB storage"
    ],
    "Storage": [
      "read the contents of your USB storage",
      "modify or delete the contents of your USB storage"
    ],
    "Camera": [
      "take pictures and videos"
    ],
    "Microphone": [
      "record audio"
    ],
    "Other": [
      "view network connections",
      "full network access",
      "prevent device from sleeping",
      "view network connections",
      "full network access"
    ]
  },
  "rate": [
    [
      "1,702",
      "4.0"
    ],
    [
      "1,152",
      "5"
    ],
    [
      "98",
      "4"
    ],
    [
      "93",
      "3"
    ],
    [
      "26",
      "2"
    ],
    [
      "333",
      "1"
    ]
  ],
  "required_android": "4.3",
  "size": "72",
  "url": "https://play.google.com/store/apps/details?id=com.nbcuni.universalkids.thenoise",
  "version": "1.0.1.24"
}