{
  "categories": [
    "Music",
    "Music & Video"
  ],
  "description": "Educational app. Learn the musical instruments. Which musical instrument does your baby prefer?Scenes of different musical instruments with exciting performances by the cute animals  cultivate and train your baby's mind to recognize the different sounds and learn to play the most popular musical instruments: xylophone, piano and drums.Does your baby like musical rhythms?A special interactive model of rhythms is designed to suit your baby's needs. This app is fun and easy to learn, and can foster your baby's musical talent. All your child needs to do is simply click on the screen and the musical instruments will play following his/her \"clicks\". We care about EDUCATION, we care about FUN. There are dozens of background songs to listen to while playing.Interactive, interesting and entertaining children games.- focus on inspiration, not just learning.- focus on capacity-building, rather than a single cognition.- focus on entertaining, rather than spoon-feeding teaching.Developed specifically for preschoolers, combines the main concepts of early childhood education for 3-6 year-old babies and covers the Cognition Pavilion,Brain Training, Art Center and other relevant categories, the applications for age(3-6) are aimed at the development of the comprehensive cognitive abilitiesof the baby\u2019s musical, artistic, and the analytical thinking capabilities of the left and right brain..Play the piano, xylophone and drums in different animated scenes.Friendly animals and company dance to the sound of music.Ideal for introducing children to the world of music.",
  "inc": "AppQuiz",
  "intalled_count": "1,000,000",
  "last_update": [
    "June",
    "15",
    " 2018"
  ],
  "name": "Baby musical instruments",
  "offered_by": "AppQuiz",
  "permissions": {
    "Photos/Media/Files": [
      "read the contents of your USB storage",
      "modify or delete the contents of your USB storage"
    ],
    "Storage": [
      "read the contents of your USB storage",
      "modify or delete the contents of your USB storage"
    ],
    "Other": [
      "view network connections",
      "full network access",
      "prevent device from sleeping"
    ]
  },
  "rate": [
    [
      "11,893",
      "4.1"
    ],
    [
      "6,758",
      "5"
    ],
    [
      "2,286",
      "4"
    ],
    [
      "1,314",
      "3"
    ],
    [
      "566",
      "2"
    ],
    [
      "969",
      "1"
    ]
  ],
  "required_android": "4.0.3",
  "size": "21",
  "url": "https://play.google.com/store/apps/details?id=com.appquiz.baby.musical",
  "version": "5.2"
}