{
  "categories": [
    "Educational",
    "Pretend Play"
  ],
  "description": "The kitchen can be an unsafe place for young children, but that won\u2019t stop their interest in exploring all the things in this crafty place. Have them play in the BabyBus kitchen and try out all the fun activities such as preparing food, cooking and juicing, in a less dangerous manner!Fun features: - Explore an open fridge;- Stir-fry your favorite food; - Make the tastiest juice!See how much your new friends are going to like your cooking. Become the chef of the kitchen where you will master the art of preparing food and extracting juice. Be creative! About BabyBus\u2014\u2014\u2014\u2014\u2014At BabyBus, we dedicate ourselves to sparking kids' creativity, imagination and curiosity,and designing our products through the kids' perspective to help them explore the world on their own.   Now BabyBus offers a wide variety of products, videos and other educational content for over 250 million fans from ages 0-8 around the world! We have produced more than 150 children's educational games, 700 children's songs, and animations of various themes spanning the arts, health, and science.                      \u2014\u2014\u2014\u2014\u2014Contact us: ser@babybus.comVisit us: http://www.babybus.com",
  "inc": "BabyBus Kids Games",
  "intalled_count": "5,000,000",
  "last_update": [
    "June",
    "19",
    " 2018"
  ],
  "name": "My Baby Panda Chef",
  "offered_by": "BabyBus Kids Games",
  "permissions": {
    "Wi-Fi connection information": [
      "view Wi-Fi connections"
    ],
    "Other": [
      "receive data from Internet",
      "view network connections",
      "full network access",
      "prevent device from sleeping",
      "modify system settings"
    ]
  },
  "rate": [
    [
      "42,552",
      "4.1"
    ],
    [
      "27,329",
      "5"
    ],
    [
      "4,450",
      "4"
    ],
    [
      "3,560",
      "3"
    ],
    [
      "2,295",
      "2"
    ],
    [
      "4,918",
      "1"
    ]
  ],
  "required_android": "4.0.3",
  "size": "41",
  "url": "https://play.google.com/store/apps/details?id=com.sinyee.babybus.chef",
  "version": "8.25.10.00"
}