{
  "categories": [
    "Entertainment",
    "Music & Video"
  ],
  "description": "Download the latest Pok\u00e9mon TV app, complete with awesome new features and even easier navigation! Now it\u2019s even more fun and easy to watch incredible Pok\u00e9mon animated adventures starring Ash, Pikachu, and all their friends. Don\u2019t miss movies, episodes, special animated features, and more. And, as always, this Pok\u00e9mon TV app is free!Easy Access with My Channel!When you start watching a video, it will automatically be added to your channel so you can quickly resume it where you left off. Recently completed episodes will also stay in your channel so you can easily find out what to watch next!Watch Offline!If you\u2019re planning to be without network access for a while, don\u2019t worry! With the updated app, you can mark one episode, movie, or feature for offline viewing. This video will be stored to your device in your channel so you can watch it any time. With the Pok\u00e9mon TV app, you\u2019re ready to watch wherever and whenever! The video will automatically be removed from the channel after one week.Rate Your Favorite Episodes!In the new Pok\u00e9mon TV app, you\u2019ll also be able to rate each video after you\u2019ve finished watching it. With this fun feature, you can see the average rating and contribute your own score! Stay Up to Date with Push Notifications!We\u2019ve also added push notifications to let you know when more movies and episodes have been added to the app. With push notifications enabled, you\u2019ll be the first to know what awesome adventures await the next time you watch!The Pok\u00e9mon TV app is the perfect way for Pok\u00e9mon fans to keep up with Pok\u00e9mon TV episodes.",
  "inc": "The Pok\u00e9mon Company International",
  "intalled_count": "5,000,000",
  "last_update": [
    "June",
    "29",
    " 2018"
  ],
  "name": "Pok\u00e9mon TV",
  "offered_by": "The Pok\u00e9mon Company International",
  "permissions": {
    "Photos/Media/Files": [
      "read the contents of your USB storage",
      "modify or delete the contents of your USB storage"
    ],
    "Storage": [
      "read the contents of your USB storage",
      "modify or delete the contents of your USB storage"
    ],
    "Other": [
      "receive data from Internet",
      "view network connections",
      "full network access",
      "prevent device from sleeping",
      "view network connections",
      "full network access",
      "control vibration",
      "prevent device from sleeping"
    ]
  },
  "rate": [
    [
      "117,471",
      "4.2"
    ],
    [
      "76,609",
      "5"
    ],
    [
      "14,325",
      "4"
    ],
    [
      "9,428",
      "3"
    ],
    [
      "4,996",
      "2"
    ],
    [
      "12,113",
      "1"
    ]
  ],
  "required_android": "Varies with",
  "size": "Varies with devic",
  "url": "https://play.google.com/store/apps/details?id=com.pokemontv",
  "version": "Varies with device"
}