{
  "categories": [
    "Educational",
    "Pretend Play"
  ],
  "description": "**Parents' Choice - Gold Award**Has your child ever wanted to visit Daniel Tiger\u2019s Neighborhood? With this app, the neighborhood is at your fingertips! Explore Daniel Tiger\u2019s Neighborhood encourages open-ended, imaginative play as children visit familiar places and create stories about their friend Daniel Tiger. It\u2019s like playing in a digital dollhouse where you can turn the lights on and off, open and close doors, give Daniel and his family food to eat and much more. Daniel Tiger\u2019s Neighborhood is a land of make-believe \u2013 a place to explore and have fun! Features\u2022Grocery Store \u2013 Stop by the market to pick up all kinds of fruits and vegetables. Fill your cart, check out at the cash register and help the Tiger family bag their groceries.\u2022Music Shop \u2013 Visit Music Man Stan\u2019s Music Shop to play with lots of different instruments. There\u2019s a stage to put on a show and a potty to remind your child of their important bathroom routines.\u2022Bakery \u2013 In Baker Aker\u2019s Bakery, you\u2019ll find delicious breads and treats. Decorate a cake, collect baked goods in your basket or find out what\u2019s baking in the oven. \u2022Doctor\u2019s Office \u2013 The waiting room has dress-up hats, a fish tank and a trolley game to play. In the exam room, put Daniel on the scale and pretend with Dr. Anna\u2019s tools. You can be the patient or the doctor!\u2022Enchanted Garden - In the Neighborhood of Make Believe garden there are so many ways to play - have a picnic, pick fruit from the trees, and discover nature all around. Or play in the playground on the swings and the slide.\u2022Mini Games \u2013 In each location, there\u2019s a special mini game to enrich the play experience. See if you can find it! Play along with your child and have a beautiful day together in Daniel Tiger\u2019s Neighborhood!Young children are just beginning to understand and explore the world around them. As they explore Daniel\u2019s world, they have the freedom to make up their own stories about everyday experiences, situations and feelings. Explore Daniel Tiger\u2019s Neighborhood is based on the hit PBS KIDS series \u201cDaniel Tiger\u2019s Neighborhood,\u201d produced by The Fred Rogers Company. Designed for kids ages 2-5, this app extends the series\u2019 social-emotional curriculum by encouraging open-ended, pretend play. In the words of Fred Rogers, \u201cPlay is really the work of childhood.\u201dFor more fun with Daniel Tiger, visit pbskids.org/daniel  ABOUT PBS KIDSExplore Daniel Tiger\u2019s Neighborhood is part of PBS KIDS\u2019 ongoing commitment to helping kids build the skills they need to succeed in school and in life. PBS KIDS, the number-one educational media brand for kids, offers all children the opportunity to explore new ideas and new worlds through television and digital media, as well as community-based programs. PrivacyAcross all media platforms, PBS KIDS is committed to creating a safe and secure environment for children and families and being transparent about what information is collected from users. To learn more about PBS KIDS\u2019 privacy policy, visit pbskids.org/privacy.",
  "inc": "PBS KIDS",
  "intalled_count": "50,000",
  "last_update": [
    "March",
    "27",
    " 2018"
  ],
  "name": "Explore Daniel's Neighborhood",
  "offered_by": "PBS KIDS",
  "permissions": {
    "Photos/Media/Files": [
      "read the contents of your USB storage"
    ],
    "Storage": [
      "read the contents of your USB storage"
    ],
    "Wi-Fi connection information": [
      "view Wi-Fi connections"
    ],
    "Other": [
      "view network connections",
      "full network access",
      "prevent device from sleeping",
      "Google Play license check"
    ]
  },
  "rate": [
    [
      "1,384",
      "4.4"
    ],
    [
      "1,032",
      "5"
    ],
    [
      "115",
      "4"
    ],
    [
      "88",
      "3"
    ],
    [
      "33",
      "2"
    ],
    [
      "116",
      "1"
    ]
  ],
  "required_android": "4.1",
  "size": "23",
  "url": "https://play.google.com/store/apps/details?id=org.pbskids.dtigerexploreneighborhood",
  "version": "4.3.3"
}