{
  "categories": [
    "Arcade",
    "Music & Video"
  ],
  "description": "Guitar Tiles is very simple to play! Tap the colored tiles to play the song, and try don\u2019t miss the tiles. Guitar tiles contains over 260 musical songs from top charts and your faworite performers, to give you the best game in 2018.Game rules are slightly modified, because it uses the possibilter to play easy just tap the tiles collect crystals and buy new songs.Features of the game- simple to play!- Guitar sound! - Fine 260 melodies for guitars, as well as HITS of modern pop music and top charts. The music library is updated regularly.",
  "inc": "Pyramids Games",
  "intalled_count": "100,000",
  "last_update": [
    "June",
    "23",
    " 2018"
  ],
  "name": "Guitar Tiles - Don't miss tiles , over 260 songs",
  "offered_by": "Pyramids Games",
  "permissions": {
    "Photos/Media/Files": [
      "read the contents of your USB storage",
      "modify or delete the contents of your USB storage"
    ],
    "Storage": [
      "read the contents of your USB storage",
      "modify or delete the contents of your USB storage"
    ],
    "Wi-Fi connection information": [
      "view Wi-Fi connections"
    ],
    "Other": [
      "receive data from Internet",
      "view network connections",
      "full network access",
      "prevent device from sleeping",
      "Google Play license check"
    ]
  },
  "rate": [
    [
      "2,025",
      "4.2"
    ],
    [
      "1,258",
      "5"
    ],
    [
      "287",
      "4"
    ],
    [
      "245",
      "3"
    ],
    [
      "55",
      "2"
    ],
    [
      "180",
      "1"
    ]
  ],
  "required_android": "4.1",
  "size": "17",
  "url": "https://play.google.com/store/apps/details?id=com.PyrGames.GuitarTiles",
  "version": "1.0.9"
}