{
  "categories": [
    "Educational",
    "Music & Video"
  ],
  "description": "\u201cBaby Phone for Toddlers\u201d is one of our educational games for kindergarteners which entertains babies and and helps them learn numbers, animals for toddlers and animals sounds for baby. Playing baby animal phone your toddler will train fine motor skills and develop various mental activities such as memory, logics and attentiveness. Our toy phone for kids with a lively and colorful interface is suitable for little kids from 1 year old.Killer features of our baby phone app free:\u2022 Playing this baby first play phone your kid can explore different animals for kids. Your child can check the appearance of animals by funny pictures with their images. In the phone book of our baby telephone your kid will find a horse, a goat, a dog, a cat , a chicken, a goose, a rooster, a mouse, a cow, a pig and a sheep.\u2022 Learn animal sounds with the help of our baby phone with animals. There is an ability to pretend phone calls for kids - the most interesting and exciting part of the game when your baby calls a certain animal and it answers with animals voice! Moreover, from time to time kids phone calls your baby. Answering these calls in the children phone your baby will be delighted to hear grunting of a pig or growling of a tiger.\u2022 Learning numbers for preschoolers. Playing baby toy phone your toddler will visually and interactively study 123 for kids: 0, 1, 2, 3, 4, 5, 6, 7, 8, 9. Our toddler phone suggests to press a certain combination of numbers to call a certain animal.\u2022 Playing baby phone numbers and animals your kid will develop logical thinking, attention span and memory. With the help of our toddler phone app your baby will recognize animals by their sounds and voices, while pushing the buttons of our baby mobile phone trains motor skills.\u2022 Our baby phone kids game is actually the first kids baby phone in the life of your young child. Our baby phone number animal can be called a baby mode for your phone. The child will quickly learn how to use the baby cell phone, so you can buy a real phone, not a toy phone games, in the future. Thanks to our real phone calls for kids free app your kid will even learn to use a recorder, recording and listening to his important conversations with animals.\u2022 Our kids phone games are available in 17 languages including English, Spanish, Russian, French, German, Portuguese, Italian, Chinese, Dutch, Israeli, Indonesian, Arab, Japanese, Polish, Turkish And Vietnamese.\u2022 Like in many educational games for kids nursery there are catchy songs, music and rhymes in our baby phone kids. Your baby will love to play our toy phone for babies.\u2022 Our kids phone app will provide at least 20 minutes of distraction for your toddler while he or she play phone for kids call.\u2022 Our babyphone stands out among other kids toy phone learning games and baby animal games as a really simple, fun and interactive game.\u2022 You can download and play phone for kids for free.Our baby telephone games can be recommended as educational games for kids kindergarten, namely:- educational games for 1 year old;- learning games for toddlers age 2 (toddler games free for 2 year olds);- educational games for 3 year olds (learning games for toddlers age 3);- educational games for 4 year olds (educational games for kids baby phone 3 4 years);- educational games for 5 year olds.How to play our phone games for kids:First of all, you should download our phone for kids all in one and choose the language of the game. There are three modes of playing: 1) animal mode, which is animal learning games, where your toddler will hear various animal voices upon pushing the buttons; 2) numbers mode, which is baby phone games for babies with numbers, - pressing the buttons your kid will hear the names of numbers for toddlers free from 0 to 9 in the chosen language; 3) music mode in which different musical sounds will be heard. The game is automatically programmed to send text messages and calls to your phone so that your kid can answer them.",
  "inc": "GoKids!",
  "intalled_count": "1,000,000",
  "last_update": [
    "June",
    "28",
    " 2018"
  ],
  "name": "Baby Phone for Toddlers - Numbers, Animals, Music",
  "offered_by": "GoKids!",
  "permissions": {
    "Microphone": [
      "record audio"
    ],
    "Other": [
      "receive data from Internet",
      "view network connections",
      "full network access",
      "control vibration",
      "prevent device from sleeping"
    ]
  },
  "rate": [
    [
      "3,230",
      "4.5"
    ],
    [
      "2,489",
      "5"
    ],
    [
      "266",
      "4"
    ],
    [
      "175",
      "3"
    ],
    [
      "74",
      "2"
    ],
    [
      "226",
      "1"
    ]
  ],
  "required_android": "4.0",
  "size": "15",
  "url": "https://play.google.com/store/apps/details?id=com.gokids.bphone1",
  "version": "1.3.1"
}