{
  "categories": [
    "Education",
    "Pretend Play"
  ],
  "description": "Welcome to Toca Life: After School, where how you spend your time is up to you! Explore your favorite hobbies \u2014 or discover a new one! Skate, create art, dance, make music, play sports or just chill! Meet 27 characters, explore four locations and have as much fun as you can before it\u2019s time to head home!EXPLORE FOUR LOCATIONSSKATE PARK: Choose from the colorful skateboards and scooters, and feel the rush as you skate down the quarter pipe! Then grab an after-school snack and chill in the lounge!ART WORKSHOP: Get as creative as you like! Enjoy painting? Create a mess or a masterpiece with nine colors in the paint buckets! Choose your favorite tool \u2014 paint brush, roller or air brush. When you\u2019ve finished, make a print, choose a frame and hang it in the gallery space!DANCE STUDIO: Build your DJ skills as you mix beats in the dance studio. Play around with different instruments and genres to give the dancers something to move and groove to! SPORTS COURT: Head to the rooftop sports court to pick your teams, choose their colors and mascots, and play! You\u2019ll find equipment to play basketball, football, field hockey and more. The rooftop is also the spot to express your artistic flair on the graffiti wall, play a board game or kick back with a good book.FEATURESRole-play in four locations: skate park, art workshop, dance studio and sports courtMeet 27 charactersCreate and print artSpray on the graffiti wallChoose a skateboard and skate down the quarter pipeMake music to dance to on the music machineFreshen up after your dance \u2014 towels now work like outfits, so throw one onPlay sports on the sports courtFind hidden characters, skateboards and graffiti petsAbout Us:At Toca Boca, we believe in the power of play to spark kids\u2019 imaginations and help them learn about the world. We design our products from the kids' perspective to empower kids to be playful, to be creative and to be who they want to be. Our products include award-winning apps that have been downloaded more than 200 million times in 215 countries and offer fun, safe, open-ended play experiences. Learn more about Toca Boca and our products at tocaboca.com.Privacy Policy:Privacy is an issue that we take very seriously. To learn more about how we work with these matters, please read our privacy policy: http://tocaboca.com/privacy",
  "inc": "Toca Boca",
  "intalled_count": "10,000",
  "last_update": [
    "June",
    "21",
    " 2018"
  ],
  "name": "Toca Life: After School",
  "offered_by": "Toca Boca",
  "permissions": {
    "Photos/Media/Files": [
      "read the contents of your USB storage",
      "modify or delete the contents of your USB storage"
    ],
    "Storage": [
      "read the contents of your USB storage",
      "modify or delete the contents of your USB storage"
    ],
    "Wi-Fi connection information": [
      "view Wi-Fi connections"
    ],
    "Other": [
      "view network connections",
      "full network access",
      "prevent device from sleeping",
      "Google Play license check"
    ]
  },
  "rate": [
    [
      "1,064",
      "4.7"
    ],
    [
      "892",
      "5"
    ],
    [
      "78",
      "4"
    ],
    [
      "38",
      "3"
    ],
    [
      "17",
      "2"
    ],
    [
      "39",
      "1"
    ]
  ],
  "required_android": "4.4",
  "size": "24",
  "url": "https://play.google.com/store/apps/details?id=com.tocaboca.tocaafterschool",
  "version": "1.1-play"
}