{
  "categories": [
    "Education",
    "Pretend Play"
  ],
  "description": "** Primp, hairstyle, dress up and accessorize Strawberry Shortcake and her friends! ** Get the girls make-up ready for a special day out ** Experiment with color and nail art to create one-of-a-kind manicures ** Try fruitastic fashion makeovers on all the girls It\u2019s time to get glamorous with your best girlfriends in Strawberry Shortcake\u2019s special Berry Beauty Salon. Enjoy fabulous manicures, hairstyle makeovers and then help complete their berrytastic looks with brand new outfits! Strawberry Shortcake Berry Beauty Salon was developed by award-winning children\u2019s app developer, Cupcake Digital, in partnership with AG Properties. Have a fun-filled day helping Strawberry Shortcake and her friends get new makeovers! \u2022Book a hair appointment at the salon and get them a dazzling hairdo! For extra shiny hair, add glitter! \u2022Get the girls dolled up with fancy make-up using an array of trendy colors \u2022Mix & match berry cool outfits from tops, leggings, dresses, skirts, plus stylin\u2019 accessories \u2022Shape, color then finish with nail art and cute rings for spectacular manicures! For more Strawberry Shortcake app experiences, download now in the Google Play Store: \u2022Strawberry Shortcake Summer Fun \u2022Strawberry Shortcake Berry Best Friends \u2022Strawberry Shortcake Berryfest Princess Cupcakedigital.com provides free downloadable activities based on the app to further the educational value at home. We care about your kids and their safety. This app contains gated areas to ensure that only adults can access anything that would take you outside of the app. To view our full app privacy policy, please visit www.cupcakedigital.com/appsprivacy",
  "inc": "Cupcake Digital, Inc.",
  "intalled_count": "5,000",
  "last_update": [
    "April",
    "7",
    " 2015"
  ],
  "name": "Strawberry Shortcake Salon",
  "offered_by": "Cupcake Digital, Inc.",
  "permissions": {
    "Photos/Media/Files": [
      "read the contents of your USB storage",
      "modify or delete the contents of your USB storage"
    ],
    "Storage": [
      "read the contents of your USB storage",
      "modify or delete the contents of your USB storage"
    ],
    "Other": [
      "full network access"
    ]
  },
  "rate": [
    [
      "35",
      "3.9"
    ],
    [
      "18",
      "5"
    ],
    [
      "7",
      "4"
    ],
    [
      "3",
      "3"
    ],
    [
      "1",
      "2"
    ],
    [
      "6",
      "1"
    ]
  ],
  "required_android": "2.2",
  "size": "40",
  "url": "https://play.google.com/store/apps/details?id=air.com.cupcakedigital.ssc.beautysalon",
  "version": "1.3.0"
}