{
  "categories": [
    "Music",
    "Music & Video"
  ],
  "description": "Have you ever dreamt of becoming a pianist with lovely butterfly tiles? Here you are!! Play and enjoy the music. Check out your fast finger tapping speed and be the classic tiles piano master now. This musical classic piano tiles game can also be played by the kids as they can play and make the glitter piano music easily. Be the real master of music piano. We have introduced the unique game with variety of pop music. Get your fingers ready for the fast tapping speed on the magic tiles now. The addictive piano tiles is now on your device. Tap finger piano master with the best pop songs of all times. Play this super fun game now.You don\u2019t need any specific skills to play this perfect glitter piano tiles magic game. Download this fast finger piano tiles game now and make yourself addictive to this. Be attentive and fast! Don\u2019t miss it otherwise you will be failed. This is the simple addictive game and is loved by all the users. This is a super fun classic game. Be a romantic musician for your loved ones. The pink love piano tiles are for you!! The magic has begun now. Are you ready to tap the magic tiles? You are engaged to the real piano challenge. Make a perfect piano and unlock other romantic songs like forever more and I do.Just make a perfect classic piano tiles music and don\u2019t tap to the black magic tile otherwise you will lose the level. This will be the perfect glitter piano game for you. Tap the perfect tiles make the perfect music for you. You are welcome to the butterfly piano tiles game and get addicted to the best pop music now. Hurry up and get it now!! This is a very easy to play game. There is no rocket science in this classic piano music tap finger game.Convert your mobile device into the magic where listening love music is all about the tap tiles of the pink piano. Be the pianist of the perfect piano challenge. Tap the correct white tile is all you need to do in this piano tiles game. You will going to love to tap the piano keys after playing this super fun classic game. Avoid the black music tiles as they destroy the whole music. FEATURESAddictive HD gameplay graphicsDifferent pop music with one tap tiles to playBreath taking different music will challenge your fast tapping speedThe classic game challengesHigh quality sounds that will make you addictedHOW TO PLAYTap to play the music piano tilesTap the white tile with fast fingerGameplay with high resolution screenCustomized pop music tiles.Amazing classical magic tiles gameUnlock more music by tapping the classic tiles",
  "inc": "1 Tap Games",
  "intalled_count": "10",
  "last_update": [
    "July",
    "17",
    " 2018"
  ],
  "name": "Glitter Piano Tiles Magic 2018",
  "offered_by": "1 Tap Games",
  "permissions": {
    "Location": [
      "approximate location (network-based)",
      "precise location (GPS and network-based)"
    ],
    "Wi-Fi connection information": [
      "view Wi-Fi connections"
    ],
    "Other": [
      "view network connections",
      "full network access",
      "control vibration",
      "prevent device from sleeping"
    ]
  },
  "rate": [],
  "required_android": "4.1",
  "size": "31",
  "url": "https://play.google.com/store/apps/details?id=com.onetap.magic.tile",
  "version": "1.0"
}