{
  "categories": [
    "Education",
    "Pretend Play"
  ],
  "description": "Come build with the Sago Mini friends! Use a wrench, try a saw, or hammer some nails. From sewing hand puppets to building a robot, there are tons of jobs to be done. Grab your toolbox and let\u2019s go!Kids love to tinker and fix. With simple tools that respond to their touch, Sago Mini Toolbox empowers and inspires budding young builders. Part of the award-winning suite of Sago Mini apps, this app is sure to give even the youngest kids a sense of pride.Features:\u2022 Eight simple tools\t\u2022 15 fun projects to build\t\u2022 Beautiful animation and sounds\t\u2022 Easy controls made for little hands\t\u2022 Great for toddlers and preschoolers, ages 2-4\t\u2022 No in-app purchases or third-party advertising, so you and your child are free to discover without interruptions! Sago Mini is an award-winning company devoted to play. We make apps and toys for preschoolers worldwide. Toys that seed imagination and grow wonder. We bring thoughtful design to life. For kids. For parents. For giggles.",
  "inc": "Sago Mini",
  "intalled_count": "100,000",
  "last_update": [
    "November",
    "9",
    " 2016"
  ],
  "name": "Sago Mini Toolbox",
  "offered_by": "Sago Mini",
  "permissions": {
    "Photos/Media/Files": [
      "read the contents of your USB storage",
      "modify or delete the contents of your USB storage"
    ],
    "Storage": [
      "read the contents of your USB storage",
      "modify or delete the contents of your USB storage"
    ],
    "Wi-Fi connection information": [
      "view Wi-Fi connections"
    ],
    "Other": [
      "receive data from Internet",
      "view network connections",
      "full network access",
      "change your audio settings",
      "prevent device from sleeping",
      "Google Play license check"
    ]
  },
  "rate": [
    [
      "483",
      "4.3"
    ],
    [
      "356",
      "5"
    ],
    [
      "44",
      "4"
    ],
    [
      "19",
      "3"
    ],
    [
      "18",
      "2"
    ],
    [
      "46",
      "1"
    ]
  ],
  "required_android": "4.0.3",
  "size": "57",
  "url": "https://play.google.com/store/apps/details?id=com.sagosago.Toolbox.googleplay",
  "version": "1.2"
}