{
  "categories": [
    "Casual",
    "Pretend Play"
  ],
  "description": "Get ready to meet & fall in love with the cutest boy in school! Yay \u2013 he asked you out! Get a makeover before your date. Time for the best date EVER! You may even get your first kiss\u2026OMG \u2013 I think someone at school likes you! Could it be your secret crush?!? Is that love letter from him?!? I think it just may be! Yes \u2013 he asked you out! Dress to impress in beautiful clothes for your big date. Get ready for a romantic picnic under the stars\u2026 Will you get your first  kiss?!Features:> It\u2019s time for high school! Decorate your locker & meet your hot new crush!> Text your friends & use the Zodiac Match to find out who you should date.> Lunchtime! Make your own delicious food in the school cafeteria.> There\u2019s only one cupcake left! Will your crush share it with you?> Oh no! Your crush got hurt playing basketball! Help him treat the injury & sign his cast.> Dress up in the cutest outfits & impress your crush!> Is that a love letter?? Who could it be from? Did your crush send it??> Share an umbrella with your crush on a rainy day!> Your crush has finally asked you out! Get glammed up for your big date!> Give yourself a makeover to get ready for your big date!> Help your crush fix his bike & be his lab partner!> How sweet \u2013 he got you flowers!> Enjoy ice cream together in the sun & have a picnic under the stars!> Get ready for your first kiss!!! Xxx.  The \"All Levels Pack\" allows you to enjoy the entire game! Complete each level individually to  advance to the next one and achieve your final goal.ABOUT TabTaleA Google Play Top Developer, recognized for its commitment to launching high-quality and innovative apps on Android. With over 1.5 billion downloads and growing, TabTale has established itself as the creator of pioneering virtual adventures that kids and parents love. TabTale\u2019s apps spark children\u2019s imaginations and inspire them to think creatively, while having fun! Search \u201cTabTale\u201d on Google Play and discover more incredible apps.Visit us: http://www.tabtale.com/Google Plus: https://plus.google.com/+Tabtale/postsLike us: http://www.facebook.com/TabTaleFollow us:@TabtaleWatch us: http://www.youtube.com/iTabtaleCONTACT US Let us know what you think! Questions? Suggestions? Technical Support? Contact us 24/7 at: WeCare@TabTale.com.FOR PARENTSThe app is free to play but certain in-game items may require payment. You may restrict in-app purchases by disabling them on this device. The app may include advertising for TabTale and certain third parties which will redirect users to our sites, apps or third-party sites.Privacy is important to us. The app may enable collection of limited user data by TabTale or its carefully selected providers (e.g. ad networks and analytics) for limited legal purposes described in our Privacy Policy (e.g. respond to support queries; enable, analyze and improve the app\u2019s features and services; serve contextual ads). By downloading or using the app you accept our Privacy Policy: https://tabtale.com/privacy-policy/ and Terms of Use: https://tabtale.com/terms-of-use/   and permit such uses for users of your device.",
  "inc": "TabTale",
  "intalled_count": "10,000,000",
  "last_update": [
    "June",
    "4",
    " 2018"
  ],
  "name": "My First High School Crush - Dress Up & Love Story",
  "offered_by": "TabTale",
  "permissions": {
    "Photos/Media/Files": [
      "read the contents of your USB storage",
      "modify or delete the contents of your USB storage"
    ],
    "Storage": [
      "read the contents of your USB storage",
      "modify or delete the contents of your USB storage"
    ],
    "Other": [
      "receive data from Internet",
      "view network connections",
      "full network access",
      "control vibration",
      "prevent device from sleeping"
    ]
  },
  "rate": [
    [
      "120,144",
      "3.9"
    ],
    [
      "71,858",
      "5"
    ],
    [
      "12,294",
      "4"
    ],
    [
      "11,761",
      "3"
    ],
    [
      "5,289",
      "2"
    ],
    [
      "18,942",
      "1"
    ]
  ],
  "required_android": "4.1",
  "size": "69",
  "url": "https://play.google.com/store/apps/details?id=com.tabtale.myfirstcrush",
  "version": "1.0.3"
}