{
  "categories": [
    "Casual",
    "Music & Video"
  ],
  "description": "A classic balloon popping game for toddler, with colorful graphics, cute items and various sounds! You can even adjust the speed and size of the balloons your toddler'sskill level.NO ADSThis app is dedicated for children learning and fun activities, No Commercial Ads is installed in this app during the game play.This full version contains alot of balloons, many items like robot, duck, plane, and animated clouds.Love it? Please give us reviews on the game and let us know.For more fun, check out our other games for yout toddlers or your kids.This app:- Does not contain third-party ads- Does not contain one in-app purchase for the full version- Does contain a link to our other apps- Does use anonymous data collection tools",
  "inc": "DooBeeDoo",
  "intalled_count": "100,000",
  "last_update": [
    "July",
    "8",
    " 2015"
  ],
  "name": "Balloon Popping For Toddler HD",
  "offered_by": "DooBeeDoo",
  "permissions": {
    "Other": [
      "view network connections",
      "full network access"
    ]
  },
  "rate": [
    [
      "365",
      "3.7"
    ],
    [
      "178",
      "5"
    ],
    [
      "58",
      "4"
    ],
    [
      "34",
      "3"
    ],
    [
      "19",
      "2"
    ],
    [
      "76",
      "1"
    ]
  ],
  "required_android": "2.3",
  "size": "14",
  "url": "https://play.google.com/store/apps/details?id=com.doobeedoo.balloonpoppingfortodlers",
  "version": "1.0.1"
}