{
  "categories": [
    "Simulation",
    "Pretend Play"
  ],
  "description": "Meet the King of Dinosaurs and hear him roar with most ferociously awesome pet of them all, the Virtual Pet Tyrannosaurus Rex! Roam the Prehistoric Park, unleash a terrifying roar, and feed your T. Rex to keep him happy and healthy!Download the Virtual Pet T. Rex today while it's 50% OFF for a very limited time!Game Features+ FEROCIOUS 3D T. REX - The lizard king is at your command with terrifying roars, bite attacks, and more!+ DOZENS OF ACTIVITIES - Roam the Prehistoric Park, read up on your dinosaur's history, and laugh at hilarious dinosaur jokes!+ CARE FOR YOUR DINO - Look after your dinosaur's well being by managing four different stats: Hunger, Thirst, Health, and Happiness!+ CUSTOMIZE YOUR REX - 8 Different HD dinosaur skins choose from!+ BEAUTIFUL ENVIRONMENT - Behold your dinosaur's gorgeous 3D home in Prehistoric Park!+ HD GRAPHICS - Stunning High Definition graphics look so real you'll fall in love with your new dinosaur at first sight!Download Virtual Pet Dinosaur: Tyrannosaurus Rex and control one of the most powerful dinosaurs of all time!Be sure to check out our other awesome Virtual Pets! Snuggle up with the cuddly Virtual Pet Kitty Cat or soar through the skies with the Virtual Pet Eagle!Like us on Facebook!facebook.com/glutenfreegames Follow us on Twitter!twitter.com/glutenfreegames",
  "inc": "Gluten Free Games",
  "intalled_count": "1,000",
  "last_update": [
    "March",
    "19",
    " 2014"
  ],
  "name": "Virtual Pet Dinosaur T. Rex",
  "offered_by": "Gluten Free Games",
  "permissions": {
    "Other": [
      "full network access"
    ]
  },
  "rate": [
    [
      "41",
      "4.0"
    ],
    [
      "23",
      "5"
    ],
    [
      "5",
      "4"
    ],
    [
      "5",
      "3"
    ],
    [
      "4",
      "2"
    ],
    [
      "4",
      "1"
    ]
  ],
  "required_android": "2.0.1",
  "size": "25",
  "url": "https://play.google.com/store/apps/details?id=com.glutenfreegames.virtualpetdinosaurtrex",
  "version": "1.0"
}