{
  "categories": [
    "Education",
    "Pretend Play"
  ],
  "description": "Ever wonder what grown-ups really do at work all day? In Toca Life: Office, you get to tell stories about office life the way you imagine it!Toca Life: Office looks a lot like a regular office \u2014 you can have everyday fun with laptops, printers and copy machines; have lunch in the cafe; and get cash from the bank. But in Toca Life, even simple office life can lead to an exciting adventure! Find hidden surprises. Hop into a helicopter. Turn regular people into superheroes! Where will you work today?EXPLORE SIX LOCATIONSDAYCARE: First stop: daycare, where little ones can play instruments, splash in mud, grow plants outside and slide down the slide on their playground!BANK: The vault holds valuable things and keeps them safe and secure. But if the alarm is triggered, it\u2019s time to spring into action!OFFICE: Use the printer to print documents, then make copies with the copy machine! What else can you make copies of? In the fancy office, solve the desk puzzle to discover an exciting secret!ROOFTOP: Experiment with food in the cafe to discover new recipes! The rooftop also has a helicopter waiting on the landing pad for when you need to make a quick getaway!COURTHOUSE: Do some detective work \u2014 maybe you\u2019ll solve a crime! Hold a trial and announce the verdict. Shhh...there\u2019s a secret exit in the jail \u2014 will someone escape?APARTMENT: After a long day, make yourself at home! Cook a meal, take a nap, even wash your clothes in the washing machine!FEATURES- Role-play in six locations: bank, office, rooftop, courthouse, apartment and daycare. Plus a storage building with a fire pole!- Meet 35 new characters! - Find costumes hidden in different locations and turn characters into superheroes!- Look for surprises in secret compartments!- Move from floor to floor in the glass elevator.- Keep valuables in the bank vault. Set the alarm to keep them secure!- Discover what\u2019s inside the safe deposit boxes.- Draw on the whiteboard, print from the computers and make copies with the copy machine.- Explore the big office and unlock the secret hiding places!- Play with jellyfish in the window aquarium.- Pretend to be a chef and whip up delicious meals in the cafe!- Hop into the helicopter and start up the propellers!- Have a make-believe trial at the courthouse.- Discover a secret exit in the jail.About Toca BocaAt Toca Boca, we believe in the power of play to spark kids\u2019 imaginations and help them learn about the world. We design our products from the kids' perspective to empower kids to be playful, to be creative and to be who they want to be. Our products include award-winning apps that have been downloaded more than 150 million times in 215 countries and offer fun, safe, open-ended play experiences. Learn more about Toca Boca and our products at tocaboca.com.Privacy PolicyPrivacy is an issue that we take very seriously. To learn more about how we work with these matters, please read our privacy policy: http://tocaboca.com/privacy",
  "inc": "Toca Boca",
  "intalled_count": "50,000",
  "last_update": [
    "June",
    "21",
    " 2018"
  ],
  "name": "Toca Life: Office",
  "offered_by": "Toca Boca",
  "permissions": {
    "Photos/Media/Files": [
      "read the contents of your USB storage",
      "modify or delete the contents of your USB storage"
    ],
    "Storage": [
      "read the contents of your USB storage",
      "modify or delete the contents of your USB storage"
    ],
    "Wi-Fi connection information": [
      "view Wi-Fi connections"
    ],
    "Other": [
      "view network connections",
      "full network access",
      "prevent device from sleeping",
      "Google Play license check"
    ]
  },
  "rate": [
    [
      "2,633",
      "4.7"
    ],
    [
      "2,236",
      "5"
    ],
    [
      "183",
      "4"
    ],
    [
      "71",
      "3"
    ],
    [
      "28",
      "2"
    ],
    [
      "115",
      "1"
    ]
  ],
  "required_android": "4.4",
  "size": "24",
  "url": "https://play.google.com/store/apps/details?id=com.tocaboca.tocaoffice",
  "version": "1.1-play"
}