{
  "categories": [
    "Educational",
    "Pretend Play"
  ],
  "description": "Animal style icon Amy the leopard opened a Hair Salon! Meet her first fluffy cat clients and help them get their dream hair and fashion makeovers! Wash, brush, curl, straighten, color and style kitties\u2019 beautiful hair! Dress the kitties up in colorful trendy clothes!But first, help Amy get ready! She should look flawless in front of her cat clients. Choose a perfect hair updo and dress her up in pretty hairstylist outfits! Don\u2019t forget to decorate the Salon! Paint the walls in hot colors, add some fun patterns and style with adorable cat-, bunny- or diamond-shaped mirrors!Edgy cat Roxy is ready for extreme makeovers! Bleach, cut, straighten or curl her hair! Go wild with those hair colors! Pink, orange, blue or maybe green? Dress up Roxy in cool trendy clothes. That\u2019s really a rocking makeover! Lisa is the cutest baby kitty with beautiful ginger fur. But her hair is so messy! Let\u2019s help Lisa get her dream hair and outfit makeover! Curl, braid and dye the kitten\u2019s hair in rainbow colors! Choose the cutest clothes with unicorn, cupcake and flower prints! Pearl, the squishy white kitty with the most unique eyes, also wants to change her style! Take care of her beautiful silky hair and make it shine! Create crazy curls, make highlights or dye her hair in extreme colors! Find a perfect outfit to match Pearl\u2019s new hairstyle!Make fun photoshoots for the kitties! Show off their new crazy hairstyles and trendy outfits!Play the cutest cat hairstyling game for girls:\u00b7 Meet three adorable cat clients with unique styles!\u00b7 Wash, brush, curl and style the kitties\u2019 hair!\u00b7 Choose edgy hairstyles and cool clothes for Roxy!\u00b7 Help kitten Lisa find the cutest clothes and hairdos!\u00b7 Take care of Pearl\u2019s silky hair and choose her outfits!\u00b7 Choose trendy hairstyles and clothes for leopard Amy!\u00b7 Decorate Amy\u2019s Animal Hair Salon with hot colors and patterns!\u00b7 Play every day to open new style items for fluffy cats!\u00b7 Watch fun videos for kids and get exciting rewards!- - - - - - - - - - - - - - - - - - - - - - - -About TutoTOONS Games for KidsCrafted and play-tested with kids and toddlers, TutoTOONS games foster kids\u2019 creativity and help them learn while playing the games they love. Fun and educational TutoTOONS games strive to bring meaningful and safe mobile experience to millions of children worldwide.Important Message to ParentsThis app is free to download and play, but there are certain in-game items that may be purchased for real money. By downloading this app you agree to TutoTOONS Privacy Policy and Terms of Use.Discover More Fun with TutoTOONS!\u00b7 Subscribe to our YouTube channel: https://www.youtube.com/c/tutotoonsofficial\u00b7 Learn more about us: https://tutotoons.com\u00b7 Read our blog: https://blog.tutotoons.com",
  "inc": "TutoTOONS",
  "intalled_count": "100,000",
  "last_update": [
    "July",
    "4",
    " 2018"
  ],
  "name": "Amy's Animal Hair Salon - Fluffy Cats Makeovers",
  "offered_by": "TutoTOONS",
  "permissions": {
    "Photos/Media/Files": [
      "read the contents of your USB storage",
      "modify or delete the contents of your USB storage"
    ],
    "Storage": [
      "read the contents of your USB storage",
      "modify or delete the contents of your USB storage"
    ],
    "Wi-Fi connection information": [
      "view Wi-Fi connections"
    ],
    "Other": [
      "view network connections",
      "full network access",
      "prevent device from sleeping"
    ]
  },
  "rate": [
    [
      "878",
      "4.3"
    ],
    [
      "631",
      "5"
    ],
    [
      "92",
      "4"
    ],
    [
      "51",
      "3"
    ],
    [
      "25",
      "2"
    ],
    [
      "79",
      "1"
    ]
  ],
  "required_android": "4.4",
  "size": "63",
  "url": "https://play.google.com/store/apps/details?id=com.tutotoons.app.amysanimalhairsalon.free",
  "version": "1.0.62"
}