{
  "categories": [
    "Music",
    "Music & Video"
  ],
  "description": "Tierklavier is a simple Piano APP for toddlers. It includes a frog piano for FREE. NOTE: Do NOT buy this App, if you've already got PLAYGROUND 1. Playground 1 includes all 4 Pianos!THE UNLOCKED TIERKLAVIER INCLUDES: \u2022 4 motives each with 8 animals (cats, frogs, cows, fish) \u2022 Lovely animal sounds \u2022 Piano Sound \u2022 NO ADS- Don\u00b4t buy this App if you\u00b4ve already got Playground 1! - It\u00b4s the same pianos - so you will probably regret it! ;) Best rankings so far: #1 Educational Game on both iPhone AND iPad in Belarus for 10 days #1 Educational Game on iPad in 8 more Countries for 2 days+ :) #1 Kids Game on iPad in 3 Countries for 2 days+ :)Dear parents, PLEASE contact me for any help, concerns or suggestions to improve this App. Don\u00b4t hesitate to contact me via mail: spielplatz@janessig.com :)A short review would be wonderfulBest regards and have fun playingJan Essig",
  "inc": "Jan Essig: Educational Apps & Silly Games",
  "intalled_count": "1,000",
  "last_update": [
    "May",
    "9",
    " 2016"
  ],
  "name": "Tierklavier - Animal Piano",
  "offered_by": "Jan Essig: Educational Apps & Silly Games",
  "permissions": {
    "Photos/Media/Files": [
      "read the contents of your USB storage",
      "modify or delete the contents of your USB storage"
    ],
    "Storage": [
      "read the contents of your USB storage",
      "modify or delete the contents of your USB storage"
    ],
    "Other": [
      "full network access"
    ]
  },
  "rate": [],
  "required_android": "4.0",
  "size": "22",
  "url": "https://play.google.com/store/apps/details?id=air.com.essig.tierklavieriap",
  "version": "1.0.3"
}