{
  "categories": [
    "Education",
    "Music & Video"
  ],
  "description": "Time to go to bed with PINKFONG Bedtime. Play dreamy games, listen to all time favorite lullabies, turn on the music night light to soothe your little ones and help them fall asleep easily. FEATURED 1. 12 Animated Lullabies   - Comforting lullabies with beautifully illustrated imagery  - Easy timer function 2. Music Night Light  - Sleepy and soothing music box melodies  - Night light with twinkling stars  - Minimize screen brightness with just a touch 3. Adorable mini games   - Count baby sheep in the sky  - Learn colors with shining stars   - Help baby animals go to sleep Good night, sleep tight with PINKFONG Bedtime.* Optimized for all smartphones and tablets.",
  "inc": "SMARTSTUDY PINKFONG",
  "intalled_count": "100,000",
  "last_update": [
    "November",
    "28",
    " 2017"
  ],
  "name": "PINKFONG Bedtime",
  "offered_by": "SMARTSTUDY PINKFONG",
  "permissions": {
    "Photos/Media/Files": [
      "read the contents of your USB storage",
      "modify or delete the contents of your USB storage"
    ],
    "Storage": [
      "read the contents of your USB storage",
      "modify or delete the contents of your USB storage"
    ],
    "Other": [
      "receive data from Internet",
      "view network connections",
      "full network access",
      "control vibration",
      "prevent device from sleeping"
    ]
  },
  "rate": [
    [
      "2,301",
      "4.4"
    ],
    [
      "1,561",
      "5"
    ],
    [
      "418",
      "4"
    ],
    [
      "163",
      "3"
    ],
    [
      "61",
      "2"
    ],
    [
      "98",
      "1"
    ]
  ],
  "required_android": "4.1",
  "size": "29",
  "url": "https://play.google.com/store/apps/details?id=kr.co.smartstudy.bedtime_android_googlemarket",
  "version": "14"
}