{
  "categories": [
    "Video Players & Editors",
    "Music & Video"
  ],
  "description": "Audio and video activities for children of the Church of Jesus Christ of Latter-day Saints (Mormons). Sing along with the Primary songbook and songs from the Friend, listen to the Friend read to you, listen to Church history podcasts made just for kids, listen to scripture stories, and watch scripture story videos!An Internet connection is required; wifi is recommended. Access to YouTube is required for videos.This Application was not developed by or in association with The Church of Jesus Christ of Latter-day Saints or any affiliate of the Church of Jesus Christ of Latter-day Saints. Accordingly, The Church of Jesus Christ of Latter-day Saints and its affiliates are not responsible for the content or the functioning of this Application. Rather, the developer of this Application is solely responsible for its content and functioning. Further, you should understand that this Application is neither owned by nor endorsed by The Church of Jesus Christ of Latter-day Saints. However, any trademarks or service marks associated with The Church of Jesus Christ of Latter-day Saints that may be displayed in this Application are owned by Intellectual Reserve, Inc. or other entity affiliated with The Church of Jesus Christ of Latter-day Saints.",
  "inc": "holyoak.com",
  "intalled_count": "1,000",
  "last_update": [
    "June",
    "5",
    " 2018"
  ],
  "name": "LDS Kids",
  "offered_by": "holyoak.com",
  "permissions": {
    "Photos/Media/Files": [
      "read the contents of your USB storage",
      "modify or delete the contents of your USB storage"
    ],
    "Storage": [
      "read the contents of your USB storage",
      "modify or delete the contents of your USB storage"
    ],
    "Wi-Fi connection information": [
      "view Wi-Fi connections"
    ],
    "Other": [
      "view network connections",
      "full network access",
      "prevent device from sleeping"
    ]
  },
  "rate": [
    [
      "3",
      "4.3"
    ],
    [
      "1",
      "5"
    ],
    [
      "2",
      "4"
    ],
    [
      "0",
      "3"
    ],
    [
      "0",
      "2"
    ],
    [
      "0",
      "1"
    ]
  ],
  "required_android": "4.0",
  "size": "3.8",
  "url": "https://play.google.com/store/apps/details?id=com.andromo.dev5592.app170119",
  "version": "1.1.0"
}