{
  "categories": [
    "Music",
    "Music & Video"
  ],
  "description": "Your kids will love singing along with these games: \u2022 Old MacDonald Had A Farm\u2022 Five Little Ducks\u2022 Five Little Speckled Frogs\u2022 Mary Had A Little Lamb Designed for ages 2+, this game helps your children learn popular songs in a fun and creative way. Each song features an interactive game scene with lyrics. This game is ad free (contains no third party or commercial ads). Old MacDonald Had A Farm18 verses for 18 animals, including farm animals such as a cow, horse, pig and sheep, and other animals such as an alligator, frog, lion and snake. Your child will choose an animal at each \"And on that farm he had a...\" and then play with the farm. Five Little DucksThis counting song has five cute ducklings that love to play! As the song progresses, the ducklings get fewer and fewer in number until there are none left and mama duck has to go find them. Watch and interact with the ducks as they fly around and play in the water. Tap the butterfly! Five Little Speckled FrogsA counting song that features five unique frogs that love to eat bugs - and there are a lot of bugs! As the song progresses, the frogs jump in the water until there are none left. Tap on the bugs to eat them, move the frogs around, touch the sailboats, and more! Mary Had A Little LambA classic song for children. This song features Mary, her lamb, four verses and a world that builds as the song progresses. Make it snow and make it green, ring the school bell, play with the school children, pick apples, and more! Questions or comments? Email support@toddlertap.com or visit http://toddlertap.com",
  "inc": "ToddlerTap",
  "intalled_count": "500,000",
  "last_update": [
    "May",
    "29",
    " 2018"
  ],
  "name": "Toddler Sing and Play 2",
  "offered_by": "ToddlerTap",
  "permissions": {
    "Other": [
      "full network access",
      "Google Play license check"
    ]
  },
  "rate": [
    [
      "1,471",
      "3.7"
    ],
    [
      "652",
      "5"
    ],
    [
      "262",
      "4"
    ],
    [
      "217",
      "3"
    ],
    [
      "142",
      "2"
    ],
    [
      "198",
      "1"
    ]
  ],
  "required_android": "4.0.3",
  "size": "20",
  "url": "https://play.google.com/store/apps/details?id=com.landoncope.games.toddlersingandplay2free",
  "version": "2.4"
}