{
  "categories": [
    "Educational",
    "Pretend Play"
  ],
  "description": "HELLO kids! Kiki, the little panda, is back! He and all his friends are here to help and play with you. They want every children to understand how important education is. Do you want to join the fun and learn? PLEASE, let them teach you THE MAGIC WORDS! Fun features:- Interactive and educational, with 4 scenes full of colors!- Meet the little animals, the puppy, the panda, the lion, the rabbit...- Learn new words and be polite! The highest rate of vocabulary development occurs during the preschool years; so, it represents a crucial time when our little children can learn important words and how to use them. With this educational game for children, Babybus intends to help moms and dads teach their kids how to use these magic words. They\u00a0have a\u00a0powerful ability to create positive interactions, so look for opportunities to use them every day! THANK YOU!___________\u25b6Design concepts\uff1aWe focus on inspiration, not just learning.We focus on capacity-building, rather than a single cognition.We focus on entertaining, rather than spoon-feeding teaching.Take the baby bus, which is loaded with a happy childhood!___________\u25b6The series introduction:Baby Bus is the first trusted brand in early childhood educational software. The mobile applications are designed and developed specifically for preschoolers, and they are divided into two groups by age, the Starter Group for toddlers between the ages of 1 and 3 and the Prodigy Group for children between the ages of 3 and 6. The educational series in the Starter Group pursuits early learning by introducing games and songs tailored to your tots. The applications are aimed at improving their hand-eye coordination and nurturing their creativity from an early age.___________\u25b6Tips: In the search bar, enter \"BabyBus\" to find all of our products.Feel free to tell us your thoughts on our games and services using the contact methods listed below: E-mail: en@babybus.comWebsite: http://www.babybus.comFacebook: https://www.facebook.com/BabyBusENGLISH",
  "inc": "BabyBus Kids Games",
  "intalled_count": "1,000,000",
  "last_update": [
    "June",
    "15",
    " 2018"
  ],
  "name": "The Magic Words - Polite Baby",
  "offered_by": "BabyBus Kids Games",
  "permissions": {
    "Microphone": [
      "record audio"
    ],
    "Wi-Fi connection information": [
      "view Wi-Fi connections"
    ],
    "Other": [
      "receive data from Internet",
      "view network connections",
      "full network access",
      "prevent device from sleeping",
      "modify system settings"
    ]
  },
  "rate": [
    [
      "3,112",
      "4.0"
    ],
    [
      "1,991",
      "5"
    ],
    [
      "252",
      "4"
    ],
    [
      "239",
      "3"
    ],
    [
      "206",
      "2"
    ],
    [
      "424",
      "1"
    ]
  ],
  "required_android": "4.0.3",
  "size": "57",
  "url": "https://play.google.com/store/apps/details?id=com.sinyee.babybus.polite",
  "version": "8.25.10.00"
}