{
  "categories": [
    "Educational",
    "Pretend Play"
  ],
  "description": "*** Pay once & Play forever + receive FREE updates! No ads and no IAP ***Let\u2019s go on a trip in the NEW My Town : Airport! Buy your tickets and SURPRISE! You\u2019ve got a first class seat! We bet the pilot will see how special you are, and invite you into the flight control room! What\u2019s that? He\u2019s offering to teach you how to fly the plane? WOW! Maybe you\u2019ll even get to check out the duty-free shop before going through security!My Town : Airport has more than NINE new locations to explore! There are places to shop, an airport lounge and more! You can dress up your favorite characters in NEW costumes or meet new characters to add to your current My Town games!We\u2019ve got a few secrets in this game\u2026what happens when you skydive? What are these new MINI GAMES? You\u2019ll have to search for them to find out!FEATURES* New Characters \u2013 If you have any of the My Town dollhouse games, you can bring your characters from those games over to My Town : Airport to join you on your travels! * If you are just starting out with My Town, no worries! You can create your own characters inside My Town : Airport* We update our older games every month, so please wait for the updates to connect these games to My Town : Airport* The ability to save your progress and pick up where you left off next time you open the app* Multi-touch Feature: Play with your friends and family on the same device!If you can imagine it, you can make it. Everything is possible in My Town : Airport!RECOMMENDED AGE GROUPKids 4-12: My Town games are safe to play even when parents are out of the room. Younger kids will enjoy playing together with there parents while the older kids can play alone or with a friend using our new multitouch feature!",
  "inc": "My Town Games Ltd",
  "intalled_count": "10,000",
  "last_update": [
    "July",
    "21",
    " 2018"
  ],
  "name": "My Town : Airport",
  "offered_by": "My Town Games Ltd",
  "permissions": {
    "Photos/Media/Files": [
      "read the contents of your USB storage",
      "modify or delete the contents of your USB storage"
    ],
    "Storage": [
      "read the contents of your USB storage",
      "modify or delete the contents of your USB storage"
    ],
    "Microphone": [
      "record audio"
    ],
    "Other": [
      "receive data from Internet",
      "view network connections",
      "full network access",
      "control vibration",
      "prevent device from sleeping"
    ]
  },
  "rate": [
    [
      "338",
      "4.6"
    ],
    [
      "268",
      "5"
    ],
    [
      "36",
      "4"
    ],
    [
      "10",
      "3"
    ],
    [
      "5",
      "2"
    ],
    [
      "19",
      "1"
    ]
  ],
  "required_android": "4.1",
  "size": "64",
  "url": "https://play.google.com/store/apps/details?id=mytown.airport",
  "version": "1.06"
}