{
  "categories": [
    "Casual",
    "Music & Video"
  ],
  "description": "The Doc McStuffins Disney Junior Appisode featuring \"Doc Goes McMobile & Frida Fairy Flies Again\" is filled with music, games and video as preschoolers play along with their favorite Disney Junior show. They will touch, tap, swipe, tilt, shake and talk their way through a fully immersive interactive TV episode that reinforces developmental values. It's time to check in with Doc McStuffins! You'll help build the DocMobile in Doc McStuffins Goes McMobile, then you'll work side-by-side with Doc as she fixes a fallen fairy in Frida Fairy Flies Again!\u2022\tBuild the Doc Mobile and race back to the playground to save the day!\u2022\tHelp Norton put the some spring in his step!\u2022\tHelp Doc diagnose the problem and help Frida fly again!Features:\u2022\tInteractive full-length Disney Junior Doc McStuffins TV episode.\u2022\tOver 20 interactive activities featuring your favorite Disney Junior Doc McStuffins characters: Doc McStuffins, Hallie, Lambie, Stuffie, and Chilly.\u2022\tAvailable on Android devices.Downloading and playing this Appisode requires permission to record audio and access photos, media, and files on your device.For additional information about our practices in the United States and Latin America regarding children\u2019s personal information, please read our Children\u2019s Privacy Policy at https://disneyprivacycenter.com/kids-privacy-policy/english/",
  "inc": "Disney",
  "intalled_count": "1,000",
  "last_update": [
    "February",
    "24",
    " 2016"
  ],
  "name": "Appisodes: Doc Goes McMobile",
  "offered_by": "Disney",
  "permissions": {
    "Photos/Media/Files": [
      "read the contents of your USB storage",
      "modify or delete the contents of your USB storage"
    ],
    "Storage": [
      "read the contents of your USB storage",
      "modify or delete the contents of your USB storage"
    ],
    "Wi-Fi connection information": [
      "view Wi-Fi connections"
    ],
    "Other": [
      "view network connections",
      "full network access",
      "prevent device from sleeping",
      "Google Play license check"
    ]
  },
  "rate": [
    [
      "16",
      "4.1"
    ],
    [
      "12",
      "5"
    ],
    [
      "0",
      "4"
    ],
    [
      "1",
      "3"
    ],
    [
      "0",
      "2"
    ],
    [
      "3",
      "1"
    ]
  ],
  "required_android": "2.3.3",
  "size": "17",
  "url": "https://play.google.com/store/apps/details?id=com.disney.djappisodesdms_goo",
  "version": "1.0"
}