{
  "categories": [
    "Education",
    "Pretend Play"
  ],
  "description": "**Recommended by Parents' Choice** Kids can learn about morning and bedtime routines with PBS KIDS\u2019 Daniel Tiger. Help Daniel Tiger get ready for school in the morning and for bed at night through imaginative play and songs.Features:\u20228 fun kids learning games about morning and nighttime routines \u2022Sing-along songs that help make routines familiar and fun \u2022A musical timer to help keep routines on-trackGOOD MORNING GAMESDaniel has lots to do to get ready before Trolley comes to take him to school!Get Dressed: Help Daniel get dressed in his red sweater. Then, imagine with Daniel that his sweater is a \u201cSuper Daniel\u201d costume. Breakfast: Help set the table as Daniel gets ready for breakfast. Have fun topping a pancake and then imagining that the pancake can dance!Brush Teeth: Help Daniel brush his teeth by moving your finger back and forth.Shoe Time: Choose a pair of shoes for Daniel to wear and help him tie them. Then, imagine that his shoes can make him jump super high.GOOD NIGHT GAMESDaniel needs to get ready for bed! Bath time: Kids can help Daniel get washed up before bedtime and pop silly soap bubbles together. Brush Teeth: It\u2019s time to brush Daniel\u2019s teeth again! Pajama Time: Kids help choose pajamas for Daniel and create their own pair of make-believe pajamas for him.Bedtime Story: Move Daniel through the clouds as his mom reads and sings a calming bedtime song.  SONGSPlay the Good Morning and Good Night songs at any time to reinforce each routine.TIMERUse the built-in timer for some of your family\u2019s morning and bedtime routines to help you and your child stay on task.  The timer can be used to help children know how long they should brush their teeth. ABOUTDaniel Tiger\u2019s Day & Night is based on the PBS KIDS series Daniel Tiger\u2019s Neighborhood, produced by The Fred Rogers Company.  The app is designed to extend the series\u2019 social-emotional curriculum, helping kids practice important daily routines.  For more fun kids learning activities with Daniel visit pbskids.org/daniel",
  "inc": "PBS KIDS",
  "intalled_count": "10,000",
  "last_update": [
    "January",
    "11",
    " 2016"
  ],
  "name": "Daniel Tiger's Day & Night",
  "offered_by": "PBS KIDS",
  "permissions": {
    "Photos/Media/Files": [
      "read the contents of your USB storage",
      "modify or delete the contents of your USB storage"
    ],
    "Storage": [
      "read the contents of your USB storage",
      "modify or delete the contents of your USB storage"
    ],
    "Other": [
      "full network access",
      "Google Play license check"
    ]
  },
  "rate": [
    [
      "441",
      "4.0"
    ],
    [
      "245",
      "5"
    ],
    [
      "83",
      "4"
    ],
    [
      "39",
      "3"
    ],
    [
      "16",
      "2"
    ],
    [
      "58",
      "1"
    ]
  ],
  "required_android": "2.3.3",
  "size": "8.1",
  "url": "https://play.google.com/store/apps/details?id=com.pbs.danieltiger_day_and_night_android",
  "version": "1.4"
}