{
  "categories": [
    "Educational",
    "Pretend Play"
  ],
  "description": "Kiki, the little panda, is back! With a new educational game full of candies, lollipops,animals and colors, Babybus wants you to learn while having fun!3D CANDY FACTORY:Welcome to the sweetest Candy Factory ever! Get ready to join our little Panda, help him and become a great chef! Learn to use the grinder, the pestle and mortar... Kiki has a lot of tools! You can choose the ingredients you want to use, pick your favorite flavors and learn to make candies!  Are you ready? There are more than twenty ingredients and flavors to choose! SugarLemonGelatinEgg WhitePineappleStrawberryBlueberryApplePeachBananaGrapeOrangeKiwiWatermelonCola PowderCoffee PowderMint PowderMilk PowderAlmondsWalnutsPeanutsPistachiosCashew nutsHere, you are the master! Work hard and come up with your own candies! Add flavors to make the color of the syrup change! Be original! Be creative! Have fun!3D CANDY SHOP:And finally... the candies are ready! Now it is time to sell them! Watch your little friends\u2019 reactions to improve your candies and lollipops and remember: Everyone\u00a0has\u00a0different tastes! -- -- --  Design concepts:We focus on inspirational learning;We focus on skill-building;We focus on bringing fun contents to our young audience;Take the baby bus for an unique learning experience!The series introduction:Baby Bus is the first trusted brand in early childhood educational software. The mobile applications are designed and developed specifically for preschoolers, and they are divided into two groups by age, the Starter Group for toddlers between the ages of 1 and 3 and the Prodigy Group for children between the ages of 3 and 6. The educational series in the Prodigy Group combines the main concepts of early childhood education to meet the needs of mastering different learning categories. The applications are aimed at the comprehensive and the analytic development in preschoolers.Tips: In the search bar, enter \"BabyBus\" to find all of our products.Contact us:E-mail: en@babybus.comWebsite: http://www.babybus.comFacebook: https://www.facebook.com/BabyBusENGLISHTwitter: https://twitter.com/BabyBus_apps",
  "inc": "BabyBus Kids Games",
  "intalled_count": "5,000,000",
  "last_update": [
    "June",
    "20",
    " 2018"
  ],
  "name": "Little Panda's Candy Shop",
  "offered_by": "BabyBus Kids Games",
  "permissions": {
    "Wi-Fi connection information": [
      "view Wi-Fi connections"
    ],
    "Other": [
      "receive data from Internet",
      "view network connections",
      "full network access",
      "prevent device from sleeping",
      "modify system settings"
    ]
  },
  "rate": [
    [
      "53,684",
      "4.4"
    ],
    [
      "40,972",
      "5"
    ],
    [
      "4,649",
      "4"
    ],
    [
      "3,002",
      "3"
    ],
    [
      "1,291",
      "2"
    ],
    [
      "3,770",
      "1"
    ]
  ],
  "required_android": "4.0.3",
  "size": "71",
  "url": "https://play.google.com/store/apps/details?id=com.sinyee.babybus.candy",
  "version": "8.25.10.00"
}