{
  "categories": [
    "Education",
    "Music & Video"
  ],
  "description": "Old MacDonald had a Farm is a sing-along app with funny interactive animations and sounds and an absolute delight for kids which will keep your toddler hooked! Old MacDonald's farm features various interactive elements like Cows, Ducks, Dogs, Cats and Pigs. Watch your Kids squeal with excitement when they see Cows dancing, Pigs playing with mud, Dogs barking, etc.FEATURES OF OLD MACDONALD HAD A FARM ARE:\ud83c\udf1f Lots of surprises with animations, sounds of animals, and interactions\ud83c\udf1f Kids will have fun laughing and smiling at the funny characters\ud83c\udf1f Kids will learn a popular nursery rhyme and enjoy at the same time\ud83c\udf1f The lyrics are easy to understand and are also displayed on the screen so that a child can try to read and sing-along\ud83c\udf1f Completely ad-freeGet the Amusing Nursery Rhyme - Old MacDonald had a Farm for your kids now!",
  "inc": "IDZ Digital Private Limited",
  "intalled_count": "100,000",
  "last_update": [
    "February",
    "27",
    " 2018"
  ],
  "name": "Old MacDonald had a Farm - Rhymes & Songs For Kids",
  "offered_by": "IDZ Digital Private Limited",
  "permissions": {
    "Phone": [
      "read phone status and identity"
    ],
    "Photos/Media/Files": [
      "read the contents of your USB storage",
      "modify or delete the contents of your USB storage"
    ],
    "Storage": [
      "read the contents of your USB storage",
      "modify or delete the contents of your USB storage"
    ],
    "Device ID & call information": [
      "read phone status and identity"
    ],
    "Other": [
      "disable your screen lock",
      "full network access",
      "prevent device from sleeping"
    ]
  },
  "rate": [
    [
      "1,255",
      "4.1"
    ],
    [
      "743",
      "5"
    ],
    [
      "219",
      "4"
    ],
    [
      "118",
      "3"
    ],
    [
      "65",
      "2"
    ],
    [
      "110",
      "1"
    ]
  ],
  "required_android": "4.0",
  "size": "22",
  "url": "https://play.google.com/store/apps/details?id=com.internetdesignzone.oldmacdonald",
  "version": "2.6"
}