{
  "categories": [
    "Casual",
    "Music & Video"
  ],
  "description": "The Jake and the Never Land Pirates Disney Junior Appisode featuring \"Treasure of the Pirate Mummy\u2019s Tomb & The Never Sands of Time\" is filled with video, games, and music as preschoolers play along with their favorite Disney Junior show. They will touch, tap, swipe, tilt, shake and talk their way through a fully immersive interactive TV episode that reinforces developmental values. Help Jake and Captain Flynn unearth the mysteries of the Pirate Mummy's Tomb! Then, save the day when you stop Captain Hook from stealing the golden Never Sands of Time!\u2022\tUse the Never Land Ankh to magically move Captain Flynn's ship!\u2022\tFind the entrance to the Mummy's secret tomb!\u2022\tHelp turn night back into day with the Never Sands of Time!Features:\u2022\tInteractive full-length Jake and the Never Land Pirates TV episode.\u2022\tOver 20 interactive pirate games and activities featuring your favorite Disney Junior Jake and the Never Land Pirates characters: Captain Jake, Captain Hook, Izzy, Cubby, Scully, Bucky.\u2022\tAvailable on Android devices.Downloading and playing this Appisode requires permission to record audio and access photos, media, and files on your device.For additional information about our practices in the United States and Latin America regarding children\u2019s personal information, please read our Children\u2019s Privacy Policy at https://disneyprivacycenter.com/kids-privacy-policy/english/",
  "inc": "Disney",
  "intalled_count": "1,000",
  "last_update": [
    "March",
    "21",
    " 2017"
  ],
  "name": "Appisodes: Pirate Mummy's Tomb",
  "offered_by": "Disney",
  "permissions": {
    "Photos/Media/Files": [
      "read the contents of your USB storage",
      "modify or delete the contents of your USB storage"
    ],
    "Storage": [
      "read the contents of your USB storage",
      "modify or delete the contents of your USB storage"
    ],
    "Microphone": [
      "record audio"
    ],
    "Wi-Fi connection information": [
      "view Wi-Fi connections"
    ],
    "Other": [
      "view network connections",
      "full network access",
      "prevent device from sleeping",
      "Google Play license check"
    ]
  },
  "rate": [
    [
      "6",
      "3.7"
    ],
    [
      "3",
      "5"
    ],
    [
      "1",
      "4"
    ],
    [
      "0",
      "3"
    ],
    [
      "1",
      "2"
    ],
    [
      "1",
      "1"
    ]
  ],
  "required_android": "2.3.3",
  "size": "17",
  "url": "https://play.google.com/store/apps/details?id=com.disney.djappisodesjnlp_goo",
  "version": "1.0.1"
}