{
  "categories": [
    "Education",
    "Music & Video"
  ],
  "description": "Kids Musician allows young children to play different instruments while learning more about music. Kids Musician is so easy to use, features real instrument sound and sure to delight young ones. Children at a reasonable price for many instruments can be played Playing the Piano Keyboard (Free playing and Follow songs):*Children animals piano* If the tab order in the highlight label is playing you can play the kids got it easy *Each time you press the Piano will change the face of Animals *Piano, pan flute, xylophone, violin, trumpet, Harp, Guitar sound support Fun to playing with 7 percussion instruments:*Children playing musical instruments*Support for G-sensor can enjoy live performances *Drum, Hand Drum, Bongo, Tambourine, Hand Bell, Maracas, Triangle, Percussion - Song List - Aiken Drum, Are You Sleeping ?, A Tisket A Tasket, By The Silv'ry Moonlight ?, Fog Of Midnight, Go Tell Aunt Rhodie, Good King Wenceslas, I Saw Three Ships, Jingle Bells, Joy To The World, Little Star, London Bridge, Mary Had A Little Lamb, Ode To Joy, Old Macdonald, Row Row Row Your Boat, Sleeping Song, The First Noel, Three Blind Mice, When The Saints Come Marching In",
  "inc": "dayYom ( \")/",
  "intalled_count": "50",
  "last_update": [
    "October",
    "28",
    " 2013"
  ],
  "name": "Kids Musician - Children Piano",
  "offered_by": "dayYom ( \")/",
  "permissions": {
    "Other": [
      "full network access"
    ]
  },
  "rate": [],
  "required_android": "2.2",
  "size": "13",
  "url": "https://play.google.com/store/apps/details?id=com.dayyom.kidsmusician",
  "version": "1.11"
}