{
  "categories": [
    "Educational",
    "Pretend Play"
  ],
  "description": "The catwalk is calling! My Town : Fashion Show is a great way for your children to express their creativity. First, choose your supermodel and then head over to get them dressed in the hottest new looks. Once their clothing has been chosen, it\u2019s time to get their makeup done! You can play around with so many different looks, and even apply eyeshadow and lipstick to your models. Everyone wants to know about the lives of the rich and famous, so make sure your characters stop by the reporters before heading in to get their photos taken before and after the show! Once the show is done, they can hop into a waiting limo and set off on their next adventure!FEATURES:*7 different locations including a DJ area, makeup room, catwalk, photoshoot and closet.*Over 400 props to choose from in the 7 rooms.*Pure open ended play. There are no time restraints in My Town, nor is there any pressure to compete for the highest score.RECOMMENDED AGE GROUPKids 4-12: My Town games are safe to play even when parents are out of the room. ABOUT MY TOWNThe My Town Games studio designs digital dollhouse-like games that promote creativity and open ended play for your children all over the world. Loved by children and parents alike, My Town games introduce environments and experiences for hours of imaginative play. The company has offices in Israel, Spain, Romania and the Philippines. For more information, please visit www.my-town.com",
  "inc": "My Town Games Ltd",
  "intalled_count": "1,000,000",
  "last_update": [
    "April",
    "19",
    " 2017"
  ],
  "name": "My Town : Fashion Show",
  "offered_by": "My Town Games Ltd",
  "permissions": {
    "Phone": [
      "read phone status and identity"
    ],
    "Device ID & call information": [
      "read phone status and identity"
    ],
    "Other": [
      "receive data from Internet",
      "view network connections",
      "full network access",
      "prevent device from sleeping"
    ]
  },
  "rate": [
    [
      "34,553",
      "4.4"
    ],
    [
      "25,437",
      "5"
    ],
    [
      "3,315",
      "4"
    ],
    [
      "2,278",
      "3"
    ],
    [
      "783",
      "2"
    ],
    [
      "2,740",
      "1"
    ]
  ],
  "required_android": "4.0.3",
  "size": "40",
  "url": "https://play.google.com/store/apps/details?id=mytown.fashion",
  "version": "1.2"
}