{
  "categories": [
    "Simulation",
    "Pretend Play"
  ],
  "description": "CAN YOU CATCH IT?Do you have what it takes to become the best fisherman? In this addictive clicker game you will travel the seas on an adventure to catch fish and grow your crew while earning cash to upgrade your boat and gear!FEATURES- Upgrade your boat and build your Fishing Empire.- Recruit and upgrade your own Crew.- Search the seas for Rare and Epic Fishes- Brawl for Stars to increase your Value- Equip Legendary items and unlock new features!- Join Multiplayer fishing tournaments- Try your Fishing Luck on the WheelSTORYNow go and explore the ocean and all it's hidden treasures! You'll get hooked before you know it!FROM......the creators of What if, This or That, Riddle Me, Simple Truths and Brofist: Beat the BulliesNow go click n' fish with ya!\u00b8.\u00b7\u00b4\u00af`\u00b7.\u00b4\u00af`\u00b7.\u00b8\u00b8.\u00b7\u00b4\u00af`\u00b7.\u00b8  ><(((\u00ba>",
  "inc": "A Creative Endeavor AB",
  "intalled_count": "500,000",
  "last_update": [
    "May",
    "7",
    " 2018"
  ],
  "name": "Hooked Inc: Fisher Tycoon",
  "offered_by": "A Creative Endeavor AB",
  "permissions": {
    "Photos/Media/Files": [
      "read the contents of your USB storage",
      "modify or delete the contents of your USB storage"
    ],
    "Storage": [
      "read the contents of your USB storage",
      "modify or delete the contents of your USB storage"
    ],
    "Wi-Fi connection information": [
      "view Wi-Fi connections"
    ],
    "Other": [
      "receive data from Internet",
      "view network connections",
      "full network access",
      "control vibration",
      "prevent device from sleeping"
    ]
  },
  "rate": [
    [
      "78,550",
      "4.7"
    ],
    [
      "59,147",
      "5"
    ],
    [
      "15,013",
      "4"
    ],
    [
      "3,612",
      "3"
    ],
    [
      "334",
      "2"
    ],
    [
      "444",
      "1"
    ]
  ],
  "required_android": "4.1",
  "size": "34",
  "url": "https://play.google.com/store/apps/details?id=se.ace.fishinc",
  "version": "1.3.5a"
}