{
  "categories": [
    "Music & Audio",
    "Music & Video"
  ],
  "description": "This application does nothing except for being a means to donate to the development of the BoxStream Cloud Music application. For the full featured cloud music streaming application look up BoxStream Cloud Music on Google Play.",
  "inc": "BoxStream",
  "intalled_count": "100",
  "last_update": [
    "December",
    "26",
    " 2016"
  ],
  "name": "BoxStream Cloud Music - Donate",
  "offered_by": "BoxStream",
  "permissions": {
    "Other": []
  },
  "rate": [],
  "required_android": "4.4",
  "size": "1.1",
  "url": "https://play.google.com/store/apps/details?id=com.michalevsky.boxstreamdonate",
  "version": "1.0"
}