{
  "categories": [
    "Parenting",
    "Music & Video"
  ],
  "description": "Amazon FreeTime Unlimited is an all-in-one subscription for kids that offers unlimited access to over 10,000 kids\u2019 books, videos, movies, and TV shows. Download this fun and educational app for kids between 3-12 years old, which comes with easy-to-use parental controls. Amazon FreeTime Unlimited is filled with trusted brands that kids love like Disney, Nickelodeon, Sesame Street, PBS Kids, National Geographic, and more.Parents receive access to parental controls that allow them to find the right balance between education and entertainment. Parents can personalize screen time limits, set educational goals, filter age-appropriate content, and manage web browsing and content usage based on a child\u2019s age.And with Amazon Parent Dashboard, parents can discover what books and videos their kids enjoy by viewing their FreeTime activity. In addition, Discussion Cards allow parents to learn more about those titles and gives guidance on conversation starters, connecting parents with their kids on content.As a FreeTime Unlimited customer, enjoy unlimited access to kid-friendly books, videos, apps, and more across all of your devices like Fire Tablets, Kindle e-readers, or Android phones and tablets. Fun and educational kid\u2019s books, ebooks, videos, and kid\u2019s shows\u2022 Enjoy over 10,000 TV shows, TV series, kids movies and videos for kids\u2022 Read books, ebooks and children\u2019s storybooks\u2022 Find new kids\u2019 books and popular kids\u2019 videos by browsing the full catalog of titles\u2022 Add apps and games already on your phone or tablet for your child to access in FreeTimeBrands kids love and parents trust\u2022 Explore favorite stories from Disney, Nick Jr., PBS Kids, Sesame Street and more\u2022 Browse by categories like: classics, award winners, fairy tales, superheroes & moreCharacters and stories kids love with popular books, ebooks, videos, movies and more\u2022 Disney: Frozen, Moana, Star Wars, and Inside Out\u2022 PBS Kids: Sesame Street, Arthur, Odd Squad, and Daniel Tiger\u2019s Neighborhood\u2022 Nickelodeon and Nick Jr.: Bubble Guppies, Team Umizoomi, and Dora the Explorer\u2022 Marvel: Spider-man, The Avengers, and Captain America\u2022 Amazon Originals: Just Add Magic, The Kicks, Thunderbirds are Go, Creative Galaxy, Tumble LeafKid-friendly web browsing\u2022 Enable the FreeTime web browser to view thousands of fun and educational websites and web videos for kids, selected by Amazon\u2019s team of content editors\u2022 Add additional websites or kids videos to personalize your child\u2019s experienceEasy-to-use parental controls\u2022 Choose what content your child sees and create educational goals\u2022 Using Bedtime, parents can control when FreeTime shuts down for the day\u2022 Block access to kids\u2019 videos and cartoons until educational goals are met\u2022 Use Discussion Cards, written by our editors, to help you start conversations and connect with your kids on their favorite books and videos\u2022 Set daily time limits by activity or restrict certain categories, like cartoons and movies, and leave unlimited time for reading books and ebooksPersonalized child profiles\u2022 Parents can create up to four different child profiles in a household\u2022 Set a password to help keep your child in the app\u2022 Child profiles allow multiple accounts on one device, so kids can share a device and track their own progress in a game or bookTry FreeTime Unlimited for Free\u2022 Download the app now and start your 1-month free trial!  \u2022 Kids get access to thousands of titles for a low price - after your free trial, subscriptions start at just $2.99 per month for Amazon Prime Members, $4.99 for non-Prime Members.\u2022 Your subscription will automatically continue as long as you choose to remain a subscriber. \u2022 Cancel anytime, online, 24 hours a day.\u2022 Plus, one subscription works for multiple devices!Endless fun for kids. Peace of mind for parents. Amazon FreeTime Unlimited was built from the ground up for kids to have a fun and educational environment to enjoy.",
  "inc": "Amazon Mobile LLC",
  "intalled_count": "500,000",
  "last_update": [
    "July",
    "24",
    " 2018"
  ],
  "name": "Amazon FreeTime \u2013 Kids\u2019 Videos, Books, & TV shows",
  "offered_by": "Amazon Mobile LLC",
  "permissions": {
    "Device & app history": [
      "retrieve running apps"
    ],
    "Identity": [
      "find accounts on the device",
      "add or remove accounts"
    ],
    "Contacts": [
      "find accounts on the device"
    ],
    "Phone": [
      "directly call phone numbers",
      "modify phone state",
      "read phone status and identity"
    ],
    "Photos/Media/Files": [
      "read the contents of your USB storage",
      "modify or delete the contents of your USB storage"
    ],
    "Storage": [
      "read the contents of your USB storage",
      "modify or delete the contents of your USB storage"
    ],
    "Wi-Fi connection information": [
      "view Wi-Fi connections"
    ],
    "Device ID & call information": [
      "read phone status and identity"
    ],
    "Other": [
      "enable or disable app components",
      "interact across users",
      "full license to interact across users",
      "manage users",
      "update component usage statistics",
      "modify secure system settings",
      "receive data from Internet",
      "view network connections",
      "create accounts and set passwords",
      "connect and disconnect from Wi-Fi",
      "full network access",
      "close other apps",
      "draw over other apps",
      "use accounts on the device",
      "prevent device from sleeping",
      "modify system settings"
    ]
  },
  "rate": [
    [
      "2,714",
      "4.2"
    ],
    [
      "1,951",
      "5"
    ],
    [
      "201",
      "4"
    ],
    [
      "99",
      "3"
    ],
    [
      "62",
      "2"
    ],
    [
      "401",
      "1"
    ]
  ],
  "required_android": "5.0",
  "size": "24",
  "url": "https://play.google.com/store/apps/details?id=com.amazon.tahoe",
  "version": "FreeTimeApp-aosp_v3.14_Build-1.0.204367.0.13014"
}