{
  "categories": [
    "Educational",
    "Pretend Play"
  ],
  "description": "CREATE YOUR OWN STORIES!  Let your imagination run wild in Dr. Panda School! Create and tell your very own stories through exploring and roleplaying with the school, students and any objects you discover along the way! BE WHO YOU WANT TO BE! Tell your story as a teacher, student, cook or even a janitor! Choose who you would like to be by customizing the animal characters with clothes, hats, glasses and more!  EXPLORE THE SCHOOL!  Discover all the different rooms in Dr. Panda School! Make clay sculptures in the art class, grow your own crops in the playground, take care of Hambo the hamster or teach math in the classroom - there are tons of ways to play!   KEY FEATURES - Explore school surroundings through creative role-play   - 19 child and adult animals, so you can play as student, teacher, or parent!   - 5 locations to discover: the hallway, classroom, art room, school yard and the cafeteria!   - Don't forget to feed Hambo the hamster! - Tons of secret objects to find! - No set goals or objectives. Free to discover through absolute open-ended play!   - Kid safe! No third party advertisements or in-app purchases.Privacy Policy As a designer of kids\u2019 games, we understand how important privacy is in this modern, digital world. You can read our privacy policy here: http://www.drpanda.com/privacy About Dr. PandaDr. Panda is a developer of games for kids. We develop games with educational values that help kids learn about the world. This game is safe and does not contain inappropriate content, in-app purchases or any third-party advertising.If you\u2019d like to know more about us and how we design games for kids, visit our website www.drpanda.com/about. If you have any questions, feel free to send us an email at support@drpanda.com or contact us on Facebook (www.facebook.com/drpandagames) or Twitter (www.twitter.com/drpandagames) or Instagram (www.instagram.com/drpandagames).",
  "inc": "Dr. Panda",
  "intalled_count": "10,000",
  "last_update": [
    "August",
    "18",
    " 2016"
  ],
  "name": "Dr. Panda School",
  "offered_by": "Dr. Panda",
  "permissions": {
    "Other": [
      "view network connections",
      "full network access",
      "Google Play license check"
    ]
  },
  "rate": [
    [
      "218",
      "4.4"
    ],
    [
      "169",
      "5"
    ],
    [
      "17",
      "4"
    ],
    [
      "9",
      "3"
    ],
    [
      "7",
      "2"
    ],
    [
      "16",
      "1"
    ]
  ],
  "required_android": "4.0",
  "size": "46",
  "url": "https://play.google.com/store/apps/details?id=com.drpanda.school",
  "version": "1.2"
}