{
  "categories": [
    "Music",
    "Music & Video"
  ],
  "description": "Note Rush is a fun game for practising note reading on the music staff to help you learn to play the piano, keyboard, flute, saxophone, violin... you name it! Note Rush shows you one note at a time in random order then uses the microphone to listen as you play through them like you would with note reading flash cards, only these flash cards check that you're playing the right note! Play with a bunch of fun themes and race to earn stars and beat your best time! Note Rush is great for teaching keyboard geography by making sure each note is played in the correct octave. An indispensable music theory must-have for learning sight reading at all levels of music education.Recommended by Music Teachers:\"A blockbuster hit with teachers and students... I especially like using it at group lessons.\" - Leila Viss, 88pianokeys.me \"Note Rush has quickly become my favorite app for piano teaching.\" - Joy Morin, colorinmypiano.com\"Note Rush is a motivating app that engages students to improve quickly with their note reading skills. It is definitely one of my top favorites and will be used often!\" - Jennifer Foxx, musiceducatorresources.com\"Note Rush is a great way to review notes for the One Minute Club.\" - Susan Paradis, susanparadis.com*** Having trouble? See noterushapp.com/troubleshooting for help. ***Listens to Your Instrument------------------------------Note Rush helps students learn a strong association between notes on the page and keys on your instrument by using your device's microphone to detect when you play each note. Works with pianos, keyboards, flutes, violins, you name it! (See Q&A below for more about supported instruments.)Student-paced------------------Note Rush goes as fast or as slow as the student with no time limits, so is suitable for complete beginners right through to being a fun challenge for professionals!Grand Staff Context-----------------------The whole grand staff is always visible, showing each note in full context and helping students learn how notes are spaced out\u00a0across the two staves.Octave-Sensitive Keyboard Geography---------------------------------------------It's a \"B\", but which \"B\"?? Note Rush teaches keyboard geography by making sure you're getting the note in the right octave every time.Great for Home Practise------------------------------Students will rush to their instrument at home every day with NoteRush, chasing that elusive high score! Unlike flashcards, children can drill note identification at home with no music-reading parent required to check if they're getting them correct - Note Rush checks for you! Play every day and you'll soon be able to name and identify notes instantly!Levels-------Note Rush has fifteen built-in Levels, from Middle C-Position right through to the full grand staff with 2 ledger lines above and below. There are Levels for Treble Clef, Bass Clef or full Grand Staff!Or choose your own custom notes in Level Designer, with optional sharps and flats for an added challenge! Teachers can select notes for a student then send their custom level as a Level Card via Email or Text Message for the student to open on their device.Better Than Flash Cards!-------------------------Use Note Rush instead of printed flash cards! Note Rush was designed to replace the cards used in One Minute Club - a challenge you can run in your studio where students have to complete a given level in under a minute. Give it a try!Having trouble? See noterushapp.com/troubleshooting for some suggestions.--Note Rush is made by Thomas Grayston, a software developer, pianist, and husband to a piano teacher.",
  "inc": "Thomas Grayston Software",
  "intalled_count": "1,000",
  "last_update": [
    "July",
    "25",
    " 2018"
  ],
  "name": "Note Rush: Learn to Read Music",
  "offered_by": "Thomas Grayston Software",
  "permissions": {
    "Photos/Media/Files": [
      "read the contents of your USB storage",
      "modify or delete the contents of your USB storage"
    ],
    "Storage": [
      "read the contents of your USB storage",
      "modify or delete the contents of your USB storage"
    ],
    "Camera": [
      "take pictures and videos"
    ],
    "Microphone": [
      "record audio"
    ],
    "Other": [
      "manage document storage",
      "view network connections",
      "full network access"
    ]
  },
  "rate": [
    [
      "76",
      "4.4"
    ],
    [
      "48",
      "5"
    ],
    [
      "17",
      "4"
    ],
    [
      "7",
      "3"
    ],
    [
      "0",
      "2"
    ],
    [
      "4",
      "1"
    ]
  ],
  "required_android": "4.1",
  "size": "88",
  "url": "https://play.google.com/store/apps/details?id=com.TGSoftware.NoteRush",
  "version": "1.51"
}