{
  "categories": [
    "Casual",
    "Music & Video"
  ],
  "description": "The Doc McStuffins Disney Junior Appisode featuring \"Rescue Ronda, Ready for Takeoff and a Bad Case of the Pricklethorns\" is filled with video, games and music as preschoolers play along with their favorite Disney Junior show. They will touch, tap, swipe, tilt, shake and talk their way through a fully immersive interactive TV episode that reinforces developmental values. In this pair of Doc McStuffins adventures you'll help rescue a rescue helicopter and you'll help Boppy get over a bad case of the pricklethorns.\u2022\tFly Ronda over the McStuffins backyard!\u2022\tBop Boppy!\u2022\tDiagnose the toys and make repairs!\u2022\tBring the toys to life and help them go stuffed!Features:\u2022\tInteractive full-length Disney Junior Doc McStuffins TV episode.\u2022\tOver 20 interactive toy doctor games and activities featuring your favorite Disney Junior Doc McStuffins characters: Doc McStuffins, Hallie, Lambie, Stuffie, and Chilly.\u2022\tAvailable on Android devices.Downloading and playing this Appisode requires permission to record audio and access photos, media, and files on your device.For additional information about our practices in the United States and Latin America regarding children\u2019s personal information, please read our Children\u2019s Privacy Policy at https://disneyprivacycenter.com/kids-privacy-policy/english/",
  "inc": "Disney",
  "intalled_count": "500",
  "last_update": [
    "February",
    "24",
    " 2016"
  ],
  "name": "Appisodes: Rescue Ronda",
  "offered_by": "Disney",
  "permissions": {
    "Photos/Media/Files": [
      "read the contents of your USB storage",
      "modify or delete the contents of your USB storage"
    ],
    "Storage": [
      "read the contents of your USB storage",
      "modify or delete the contents of your USB storage"
    ],
    "Wi-Fi connection information": [
      "view Wi-Fi connections"
    ],
    "Other": [
      "view network connections",
      "full network access",
      "prevent device from sleeping",
      "Google Play license check"
    ]
  },
  "rate": [
    [
      "3",
      "1.0"
    ],
    [
      "0",
      "5"
    ],
    [
      "0",
      "4"
    ],
    [
      "0",
      "3"
    ],
    [
      "0",
      "2"
    ],
    [
      "3",
      "1"
    ]
  ],
  "required_android": "2.3.3",
  "size": "17",
  "url": "https://play.google.com/store/apps/details?id=com.disney.djappisodesdmsrrbcp_goo",
  "version": "1.0"
}