{
  "categories": [
    "Educational",
    "Pretend Play"
  ],
  "description": "Calling all aspiring stylists and fashionistas! If you and your child love fashion, design and hair My Town : Beauty Contest is the perfect app for you. There are six different locations to explore as you get your favorite character ready to compete. In the main show room, you design the show! No beauty contest is complete without a stage and you can choose from over 400 items to design the perfect backdrop. Once the stage is set, it\u2019s time to visit the flower shop to customize over 60 different floral d\u00e9cor options. You then can even choose the music to be played during the show!Once the stage is set, have your contestant begin their spa day in the My Town hair salon so they can get their hair done by the leading hair stylist in the industry. So many hair styles to choose from! After hair comes makeup! Our My Town makeup artists are ready to treat you to facial treatments so your makeup will look flawless. It\u2019s almost show time, but first you have to visit the clothing store, so your contestant can pick out their contest winning outfit from over 50 choices. Can\u2019t get onto the cover of the My Town magazine without having a photoshoot! Select from a myriad of backgrounds, then choose your magazine cover and print out a poster for your contestant. Don\u2019t forget to hang the posters all over to promote your winner!FEATURES*14 characters to choose from, including: contestants, store keeps, stage managers and more!   *6 locations to explore including a closet, makeup room, hair salon, flower shop and stage.If you can imagine it, you can make it. Everything is possible in My Town : Beauty Contest!RECOMMENDED AGE GROUPKids 4-12: My Town games are safe to play even when parents are out of the room. ABOUT MY TOWNThe My Town Games studio designs digital dollhouse-like games that promote creativity and open ended play for your children all over the world. Loved by children and parents alike, My Town games introduce environments and experiences for hours of imaginative play. The company has offices in Israel, Spain, Romania and the Philippines. For more information, please visit www.my-town.com",
  "inc": "My Town Games Ltd",
  "intalled_count": "10,000",
  "last_update": [
    "April",
    "12",
    " 2017"
  ],
  "name": "My Town : Beauty Contest",
  "offered_by": "My Town Games Ltd",
  "permissions": {
    "Identity": [
      "find accounts on the device"
    ],
    "Contacts": [
      "find accounts on the device"
    ],
    "Location": [
      "approximate location (network-based)",
      "precise location (GPS and network-based)"
    ],
    "Phone": [
      "read phone status and identity"
    ],
    "Wi-Fi connection information": [
      "view Wi-Fi connections"
    ],
    "Device ID & call information": [
      "read phone status and identity"
    ],
    "Other": [
      "receive data from Internet",
      "view network connections",
      "full network access",
      "prevent device from sleeping",
      "view network connections",
      "full network access",
      "run at startup",
      "control vibration",
      "prevent device from sleeping"
    ]
  },
  "rate": [
    [
      "208",
      "4.5"
    ],
    [
      "154",
      "5"
    ],
    [
      "27",
      "4"
    ],
    [
      "11",
      "3"
    ],
    [
      "3",
      "2"
    ],
    [
      "13",
      "1"
    ]
  ],
  "required_android": "4.0.3",
  "size": "38",
  "url": "https://play.google.com/store/apps/details?id=mytown.beautycontest",
  "version": "1.1"
}