{
  "categories": [
    "Simulation",
    "Pretend Play"
  ],
  "description": "Care for your very own baby foal! From the makers of Star Stable Online \u2013 the world\u2019s fastest-growing horse adventure game for PC and Mac. \u2022 Complete daily training & fun tasks to keep your foal healthy and happy!\u2022 Watch your newborn foal grow up to become a beautiful horse! \u2022 Keep up to five horses in your stable!\u2022 Watch your horses play together in the paddock!\u2022 Choose between multiple horse breeds & color variations!\u2022 New horses and game content added frequently!Once your foal is a fully-grown horse, you can choose to bring it over to Star Stable Online. For all the latest Star Stable news, visit us at:www.starstable.com/sshInstagram.com/StarStableOnlineFacebook.com/StarStableTwitter.com/StarStable",
  "inc": "Star Stable Entertainment AB",
  "intalled_count": "1,000,000",
  "last_update": [
    "July",
    "18",
    " 2018"
  ],
  "name": "Star Stable Horses",
  "offered_by": "Star Stable Entertainment AB",
  "permissions": {
    "Photos/Media/Files": [
      "read the contents of your USB storage",
      "modify or delete the contents of your USB storage"
    ],
    "Storage": [
      "read the contents of your USB storage",
      "modify or delete the contents of your USB storage"
    ],
    "Other": [
      "view network connections",
      "full network access",
      "control vibration",
      "prevent device from sleeping"
    ]
  },
  "rate": [
    [
      "53,949",
      "4.4"
    ],
    [
      "39,013",
      "5"
    ],
    [
      "6,925",
      "4"
    ],
    [
      "3,678",
      "3"
    ],
    [
      "1,255",
      "2"
    ],
    [
      "3,078",
      "1"
    ]
  ],
  "required_android": "4.1",
  "size": "79",
  "url": "https://play.google.com/store/apps/details?id=com.starstable.horses",
  "version": "2.51"
}