{
  "categories": [
    "Role Playing",
    "Pretend Play"
  ],
  "description": "Cute and fluffy citizens of the pet city are in danger! A huge storm destroyed their peaceful hometown! Join the superhero team of brave cat firefighter, policeman, engineer and doctor! Save terrified bunnies, cats, raccoons and other animals from fire and floods! Catch criminals, provide first aid and handle other unexpected situations!Help the kitty firefighter rescue trapped animal friends from angry flames! Spray water to stop the fire, find scared animals hiding around the house and catch them with a safety boat. Don\u2019t forget to act fast!Deal with the mess in the city with the fluffy police officer! Help an adorable jewelry shop owner find a thief! Get her precious gems and beautiful diamonds back! Find clues and paw prints, identify suspects and find the bad guy! Remember to help innocent animals too!Water is everywhere! Help the courageous city engineer save frightened animals from flood. Use a helicopter! Fix the dam, assemble drain pipes and drain the water. Use your knowledge and quick eye to get electricity back to the city!Many furry animals are in pain! Help the cat doctor arrange a medical tent and take care of medical tools. Travel around the city to give urgent treatments and apply bondages! Be super attentive and act fast!Get back to the city heroes station and decorate the van. Choose colors and styles that you like!Have fun and improve your sense of responsibility with Kitty Meow Meow City Heroes games for boys and girls:\u00b7 Become a brave firefighter and rescue animals from angry flames!\u00b7 Help the curious police cat find thieves: be attentive and look for clues!\u00b7 Fix the dam and electricity with the smart kitty engineer!\u00b7 Fly a helicopter to save fluffy pet friends from flood!\u00b7 Give medical treatments to scared rabbits, cats and other animals!\u00b7 Decorate the city hero rescue van!\u00b7 Play every day to get rewards from the city mayor and unlock new items!\u00b7 Watch fun videos for kids and toddlers and get extra bonus coins!- - - - - - - - - - - - - - - - - - - - - - - -About TutoTOONS Games for KidsCrafted and play-tested with kids and toddlers, TutoTOONS games foster kids\u2019 creativity and help them learn while playing the games they love. Fun and educational TutoTOONS games strive to bring meaningful and safe mobile experience to millions of children worldwide.Important Message to ParentsThis app is free to download and play, but there are certain in-game items that may be purchased for real money. By downloading this app you agree to TutoTOONS Privacy Policy and Terms of Use.Discover More Fun with TutoTOONS!\u00b7 Subscribe to our YouTube channel: https://www.youtube.com/c/tutotoonsofficial\u00b7 Learn more about us: https://tutotoons.com\u00b7 Read our blog: https://blog.tutotoons.com",
  "inc": "TutoTOONS",
  "intalled_count": "10",
  "last_update": [
    "May",
    "14",
    " 2018"
  ],
  "name": "Kitty Meow Meow City Heroes FULL",
  "offered_by": "TutoTOONS",
  "permissions": {
    "Photos/Media/Files": [
      "read the contents of your USB storage",
      "modify or delete the contents of your USB storage"
    ],
    "Storage": [
      "read the contents of your USB storage",
      "modify or delete the contents of your USB storage"
    ],
    "Wi-Fi connection information": [
      "view Wi-Fi connections"
    ],
    "Other": [
      "view network connections",
      "full network access"
    ]
  },
  "rate": [],
  "required_android": "4.0",
  "size": "36",
  "url": "https://play.google.com/store/apps/details?id=com.tutotoons.app.kittymeowmeowcityheroes.full",
  "version": "1.0.2"
}