{
  "categories": [
    "Role Playing",
    "Pretend Play"
  ],
  "description": "We received the \"Tech with Kids' Best Pick Award\" for exceptional design of a children's app. Little Fox has caught a cold. Can you help to find him a cure? The bat has broken its wing. Do you know what to do? Whether a bump on the head, a stomach ache from too much candy, a little wound, or a sunburn, these funny animals need the help of a really good doctor! From Oscar-nominated artist Heidi Wittlinger, the illustrator and director behind the bestseller Apps \u201eNighty Night\u201c, \u201eLittle Fox Music Box\u201c and \u201eNighty Night Circus\u201c comes a wonderful new 3D-App which your child will love! The app is full of humorous animations, amazing 3D illustrations, and funny short movies. In the animal doctor\u2019s office, located in a magical treehouse, the animals are waiting to be cured. Kids are playfully guided through applying treatments that they might have experienced themselves: measuring temperatures, taking medicine, getting a plaster. And of course, eating a snail is probably just good for owls!                                                                                                                                                                                                                                                       Highlights:  1.There are 7 animals in the App - fox, bat, rabbit, mole, hedgehog, spider and owl, with 21 different injuries, sicknesses, and diseases.                                                                                                      2. Your child has many different treatments and medicines to choose from to cure the animals and make them happy again. 3. Every time your child plays the App the animals have different illnesses, injuries and diseases.                                                                                             4. Little Fox Animal Doctor is the first 3D-App by Oscar-nominated artist Heidi Wittlinger. She is also the creative genius behind Nighty Night, Little Fox Music Box and Nighty Night Circus. Her Apps have been downloaded over 5 million times worldwide.                                                                                                                                  The App will make your children\u2019s dreams of being an Animal Doctor come true!",
  "inc": "Fox & Sheep",
  "intalled_count": "10,000",
  "last_update": [
    "September",
    "20",
    " 2017"
  ],
  "name": "Little Fox Animal Doctor",
  "offered_by": "Fox & Sheep",
  "permissions": {
    "Photos/Media/Files": [
      "read the contents of your USB storage",
      "modify or delete the contents of your USB storage"
    ],
    "Storage": [
      "read the contents of your USB storage",
      "modify or delete the contents of your USB storage"
    ],
    "Wi-Fi connection information": [
      "view Wi-Fi connections"
    ],
    "Other": [
      "view network connections",
      "full network access",
      "prevent device from sleeping",
      "Google Play license check"
    ]
  },
  "rate": [
    [
      "87",
      "4.5"
    ],
    [
      "74",
      "5"
    ],
    [
      "2",
      "4"
    ],
    [
      "2",
      "3"
    ],
    [
      "2",
      "2"
    ],
    [
      "7",
      "1"
    ]
  ],
  "required_android": "4.3",
  "size": "20",
  "url": "https://play.google.com/store/apps/details?id=com.foxandsheep.animaldoctor",
  "version": "2.5"
}