{
  "categories": [
    "Casual",
    "Music & Video"
  ],
  "description": "This game is prepared for your baby. There is no losing in this game only giggles. Your baby touchs smiling balloons, apples and other cute objects and your phone giggles.It has been developed by a baby's father so I know what you feel when u have to give your phone to your kid. All those weird games are too much for our little baby. Actually phone is too much too. But a phone or tablet can be a life saver when you are in a car with a crying baby :)This game is specially designed for those moments. This will be your next best thing after pacifier for your quality time and your baby will enjoy it too!This game is paid version of Baby Pop, a giggle game! Free version. So no more advertisements.Be responsible and do as I do, when u let your kid play with Baby Pop, a giggle game! be next to him/her and talk with the baby! Actually it might be a great game when played with parent baby together :DHave Fun!",
  "inc": "Bouquet Games & Apps",
  "intalled_count": "50",
  "last_update": [
    "August",
    "7",
    " 2015"
  ],
  "name": "Baby Pop, a giggle game!",
  "offered_by": "Bouquet Games & Apps",
  "permissions": {
    "Phone": [
      "read phone status and identity"
    ],
    "Photos/Media/Files": [
      "read the contents of your USB storage",
      "modify or delete the contents of your USB storage"
    ],
    "Storage": [
      "read the contents of your USB storage",
      "modify or delete the contents of your USB storage"
    ],
    "Device ID & call information": [
      "read phone status and identity"
    ],
    "Other": [
      "view network connections",
      "full network access"
    ]
  },
  "rate": [],
  "required_android": "2.3",
  "size": "26",
  "url": "https://play.google.com/store/apps/details?id=com.Buket.BabyPop",
  "version": "1.0"
}