{
  "categories": [
    "Education",
    "Pretend Play"
  ],
  "description": "KAPOW! Jack the rabbit bursts into the sky as the Sago Mini Superhero! Fly with Jack as he lifts impossible weights, powers up on carrots and makes things right in the city. Whether he is helping ducks cross the street or sharing ice cream with an octopus, Jack is here to save the day!\tPerfect for little superheroes everywhere, Sago Mini Superhero encourages exploration and helpfulness, along with a good dose of silly. Toddlers and parents alike will love this exciting new addition to the award-winning suite of Sago Mini apps. \tWith no in-app purchases or third party advertising, these open-ended play experiences are the perfect starter apps for little ones.Features\t\u2022 Use your finger to fly Super-Jack through the big city\t\u2022 Guide Jack to the yellow markers to uncover fun animations\t\u2022 Discover with Jack as he helps his friends\t\u2022 More than 30 fun animations to discover\t\u2022 Make up stories to go with the actions\t\u2022 Recommended for toddlers, age 2-4 years\t\u2022 Play without wi-fi or internet\t\u2022 No in-app purchases or third-party advertising, so you and your child are free to discover without interruptions!\tSago Mini is an award-winning company devoted to play. We make apps and toys for preschoolers worldwide. Toys that seed imagination and grow wonder. We bring thoughtful design to life. For kids. For parents. For giggles.",
  "inc": "Sago Mini",
  "intalled_count": "10,000",
  "last_update": [
    "January",
    "8",
    " 2016"
  ],
  "name": "Sago Mini Superhero",
  "offered_by": "Sago Mini",
  "permissions": {
    "Photos/Media/Files": [
      "read the contents of your USB storage",
      "modify or delete the contents of your USB storage"
    ],
    "Storage": [
      "read the contents of your USB storage",
      "modify or delete the contents of your USB storage"
    ],
    "Wi-Fi connection information": [
      "view Wi-Fi connections"
    ],
    "Other": [
      "receive data from Internet",
      "view network connections",
      "full network access",
      "change your audio settings",
      "prevent device from sleeping",
      "Google Play license check"
    ]
  },
  "rate": [
    [
      "89",
      "4.4"
    ],
    [
      "63",
      "5"
    ],
    [
      "11",
      "4"
    ],
    [
      "6",
      "3"
    ],
    [
      "3",
      "2"
    ],
    [
      "6",
      "1"
    ]
  ],
  "required_android": "4.0.3",
  "size": "57",
  "url": "https://play.google.com/store/apps/details?id=com.sagosago.Superhero.googleplay",
  "version": "1.0"
}