{
  "categories": [
    "Arcade",
    "Music & Video"
  ],
  "description": "In the Doc McStuffins Appisode featuring \u201cFilling Chilly,\" preschoolers experience the magic of watching, playing, and interacting directly with their favorite Disney Junior TV show in a whole new way!They will touch, tap, swipe, tilt, shake and talk their way through an episode by watching and completing various fun-filled interactive activities. It\u2019s a fully immersive interactive TV episode that reinforces developmental values. Will Chilly ever be the same after losing his stuffing? Help Doc fill him up again, then give Chilly a boost to recapture the gold from the Evil King!        \u2022        Cross the moat with the Evil King        \u2022        Catch the stuffing with Stuffy        \u2022        Fill Chilly and stitch him up        \u2022        Help Chilly recapture the gold!Features:        \u2022        Interactive full-length Disney Junior Doc McStuffins TV episode.        \u2022        14 interactive activities featuring your favorite Disney Junior Doc McStuffins characters.        \u2022        Available on Android devices.Downloading and playing this Appisode requires permission to record audio and access photos, media, and files on your device.Privacy Policy: http://disneyprivacycenter.comChildren\u2019s Privacy Policy: https://disneyprivacycenter.com/kidsTerms of Use: http://disneytermsofuse.com",
  "inc": "Disney",
  "intalled_count": "10",
  "last_update": [
    "December",
    "12",
    " 2017"
  ],
  "name": "Appisodes: Filling Chilly",
  "offered_by": "Disney",
  "permissions": {
    "Photos/Media/Files": [
      "read the contents of your USB storage",
      "modify or delete the contents of your USB storage"
    ],
    "Storage": [
      "read the contents of your USB storage",
      "modify or delete the contents of your USB storage"
    ],
    "Microphone": [
      "record audio"
    ],
    "Wi-Fi connection information": [
      "view Wi-Fi connections"
    ],
    "Other": [
      "view network connections",
      "full network access",
      "prevent device from sleeping",
      "Google Play license check"
    ]
  },
  "rate": [],
  "required_android": "4.0",
  "size": "17",
  "url": "https://play.google.com/store/apps/details?id=com.disney.djappisodesdmsfc_goo",
  "version": "1.0"
}