{
  "categories": [
    "Education",
    "Music & Video"
  ],
  "description": "This is an offline video nursery rhyme app for kids and it has the famous children song johny johny yes papa which can be played as an offline without internet connection.Lyrics of this nursery rhymes : Johny Johny Yes PapaJohny Johny Yes PapaJohny, JohnyYes, Papa?Eating sugar?No, papa!Telling lies?No, papa!Open your mouthAh, ah, ah!Johny, JohnyYes, Papa?Eating sugar?No, papa!Telling lies?No, papa!Open your mouthAh, ah, ah!Johny, JohnyYes, Papa?Eating sugar?No, papa!Telling lies?No, papa!Open your mouthAh, ah, ah!Johny Johny Yes Papa Nursery Rhyme | 3D Animation English Nursery Rhymes & Songs for Children.=============================simple nursery rhymes for toddlers preschool nursery rhymes songs nursery rhymes and baby songs easy kids rhymes playgroup nursery rhymes baby songs and rhymes original nursery rhymes songs nursery school rhymes children rhymes lyrics kindergarten rhymes songs and rhymes for kindergarten tell me a nursery rhyme nursery songs list listen to nursery rhymes a nursery rhyme nursery songs for babies nursery rhymes lyrics for babies nursery rhymes songs and lyrics play nursery rhymes for babies baby nursery rhymes songs humpty dumpty nursery rhyme children's nursery rhymes lyrics nursery rhyme activities old nursery rhymes songs nursery rhymes uk funny rhymes for kids https://www.youtube.com/watch?v=EA_fbT6oN2kMusic and Lyrics: Copyright 2017 CVS 3D RhymesVideo: Copyright 2017 CVS 3D RhymesJohny Johny yes papa, Johny johny, Johny Johny Nursery rhyme, Johny Johny song, English rhymes, 3D rhymes, nursery songs, Children rhymes, children songs, nursery rhymes, rhymes for kids, Nursery rhymes songs, rhymes for children, Preschool songs, rhymes songs, Songs for children, Animation rhymes, Rhymes, Rhymes songs, baby songs, kids songs,baby songs johny baby song johny johny yes papa johnny johnny lyrics english jani jani yes papa rhymes download \u062c\u0648\u0646\u064a \u062c\u0648\u0646\u064a \u062c\u0648\u0646\u064a \u062c\u0648\u0646\u064a \u064a\u0633 \u0628\u0627\u0628\u0627 \u0628\u0627\u0628\u0627 poem johny johny johny yes papa lyrics english johny johny yes papa poem download mp3 jony jony yes papah \u062c\u0648\u0646\u064a \u062c\u0648\u0646\u064a \u064a\u0633 \u0628\u0627\u0628\u0627 pap nursery johnny johnny lyrics johnny johnny eating sugar nursery songs for babies jack and jill poem johny johny yes papa poem lyrics johny johny yes papa rhymes lyrics johny johny poem lyrics johnny johnny johnny yes papa johny johny yes papa poem wikipedia johny johny yes video johny yes papa lyrics johnny johnny is papa \u062c\u0648\u0646\u064a \u062c\u0648\u0646\u064a \u064a\u0633 \u0628\u0627\u0628\u0627 \u0643\u0627\u0645\u0644\u0629songs for kids, rhymes for kids, english rhymes, Arabic, Spanish, Hindi, French",
  "inc": "SAM Apps",
  "intalled_count": "100,000",
  "last_update": [
    "June",
    "17",
    " 2018"
  ],
  "name": "Johny Johny Yes Papa - Nursery Video app for kids",
  "offered_by": "SAM Apps",
  "permissions": {
    "Other": [
      "view network connections",
      "full network access"
    ]
  },
  "rate": [
    [
      "594",
      "4.4"
    ],
    [
      "432",
      "5"
    ],
    [
      "74",
      "4"
    ],
    [
      "45",
      "3"
    ],
    [
      "7",
      "2"
    ],
    [
      "36",
      "1"
    ]
  ],
  "required_android": "4.1",
  "size": "35",
  "url": "https://play.google.com/store/apps/details?id=johny.johny.yes.papasong",
  "version": "1.1"
}