{
  "categories": [
    "Entertainment",
    "Music & Video"
  ],
  "description": "In the Mickey Mouse Clubhouse Appisode featuring \"Around the Clubhouse World\" preschoolers experience the magic of watching, playing, and interacting directly with their favorite Disney Junior TV show in a whole new way!They will touch, tap, swipe, tilt, shake and talk their way through a fully immersive interactive TV episode that reinforces developmental values.Will you join Mickey and friends on a trip around the Clubhouse World? Make your very own passport and collect all four stamps!        \u2022        Drive Minnie\u00b9s car        \u2022        Mix and paint with Donald at the Eiffel Tower        \u2022        Lasso a gondola with Mickey         \u2022        Solve the riddle of the Pyramids        \u2022        Open the secret door at the Great WallFeatures:\u2022        Interactive full-length Disney Junior Mickey Mouse Clubhouse TV episode.\u2022        Over 20 interactive activities featuring your favorite Disney Junior Mickey Mouse Clubhouse characters.\u2022        Available on Android devices.Downloading and playing this Appisode requires permission to take pictures and record video, record audio and access photos, media, and files on your device.Privacy Policy: https://privacy.thewaltdisneycompany.comChildren\u2019s Privacy Policy: https://privacy.thewaltdisneycompany.com/en/for-parents/childrens-online-privacy-policyTerms of Use: http://disneytermsofuse.com",
  "inc": "Disney",
  "intalled_count": "100",
  "last_update": [
    "February",
    "28",
    " 2018"
  ],
  "name": "Appisodes: Clubhouse World",
  "offered_by": "Disney",
  "permissions": {
    "Photos/Media/Files": [
      "read the contents of your USB storage",
      "modify or delete the contents of your USB storage"
    ],
    "Storage": [
      "read the contents of your USB storage",
      "modify or delete the contents of your USB storage"
    ],
    "Camera": [
      "take pictures and videos"
    ],
    "Microphone": [
      "record audio"
    ],
    "Wi-Fi connection information": [
      "view Wi-Fi connections"
    ],
    "Other": [
      "view network connections",
      "full network access",
      "prevent device from sleeping",
      "Google Play license check"
    ]
  },
  "rate": [],
  "required_android": "4.0",
  "size": "17",
  "url": "https://play.google.com/store/apps/details?id=com.disney.djappisodesmmchacw_goo",
  "version": "1.0"
}