{
  "categories": [
    "Entertainment",
    "Music & Video"
  ],
  "description": "Discovery K!ds Play!, la nueva experiencia digital de Discovery Kids, le ofrece a tus hijos la oportunidad de disfrutar episodios completos de sus series favoritas y disfrutar de las mejores actividades y juegos interactivos para que se diviertan y aprendan durante horas tanto en la computadora, celular o dispositivo m\u00f3vil, a cualquier hora y en cualquier lugar.Discovery K!ds Play!ofrece:\u2022 Cientos de episodios completos de sus series favoritas, incluyendo Peppa, My Little Pony, Zack & Quack, Peg + Gato y muchos m\u00e1s\u2022 Juegos divertidos y educativosdelos personajes\u2022 Nuevos episodios regularmente\u2022 La opci\u00f3n de crear perfiles \u00fanicos para personalizar la experiencia de tus hijos\u2022 Seleccionar y guardar su contenido favoritoNota:- Esta aplicaci\u00f3n contiene promociones de terceros.- Para tener acceso a todo el contenido de Discovery K!ds Play!, es necesario estar suscriptoal canal de Discovery Kidsa trav\u00e9s de tu operador de cable local. Si ya tienes la suscripci\u00f3n, usa los datos de acceso de tu cuenta con el operador de cable para disfrutar de nuestro servicio. Una vez validada tu cuenta, podr\u00e1s acceder a todos los videos y juegos disponibles en nuestra aplicaci\u00f3n sin ning\u00fan costo adicional.",
  "inc": "Discovery Digital",
  "intalled_count": "1,000,000",
  "last_update": [
    "May",
    "3",
    " 2018"
  ],
  "name": "Discovery K!ds Play! Espa\u00f1ol",
  "offered_by": "Discovery Digital",
  "permissions": {
    "Other": [
      "view network connections",
      "full network access",
      "prevent device from sleeping"
    ]
  },
  "rate": [
    [
      "11,287",
      "4.2"
    ],
    [
      "7,794",
      "5"
    ],
    [
      "864",
      "4"
    ],
    [
      "777",
      "3"
    ],
    [
      "378",
      "2"
    ],
    [
      "1,474",
      "1"
    ]
  ],
  "required_android": "4.0.3",
  "size": "35",
  "url": "https://play.google.com/store/apps/details?id=com.discovery.kids.es",
  "version": "2.1.0.2173"
}