{
  "categories": [
    "Education",
    "Pretend Play"
  ],
  "description": "You are the veritable sushi master! Prepare your own fun sushi with \u201cDaizu\u201d the skunk!This app is designed to allow children to be creative by decorating their original sushi. Serve your delicious, mysterious or impossible sushi to the people of \u201cTofu Island\u201d! How about creating sushi that is totally original and serve it to your beloved guests? Spice it up with tons of wasabi or even sprinkle chocolate and gummy bears for those sweet lovers.Feel free to make any kind of sushi you like at OH!Sushi and have your adventurous guests try them!Features-\tGuests will put in sushi orders but you don\u2019t have to follow them. They love you and will enjoy whatever you make.-\tCan make hundreds of different Nigiri, Rolls and Gunkan sushi in 3 specialized kitchens. -\tIn the Nigiri kitchen, freshness is key.  So you start from catching the fish in the aquarium, then cut it up and put it on top of the rice. Be bold and pile up fish and wasabi if you want to. -\tIn the Roll kitchen, fire the topping bazooka and spray the sushi fillings on the bed of rice. You can go super fat of super skinny, any way you want it. -\tIn the Gunkan kitchen, top as much fish, meat, candy and popcorn as you wish. You can even take photos and use them as sushi toppings, too.-\tNow, let\u2019s have the guests eat your creation. Look forward to their reactions!-\tThere are no rules in this sushi bar. Be bold, silly and unique!-\tNo third party ads. Safe environment guaranteed.After all, what child doesn\u2019t like playing with food? We hope decorating their own sushi in a fun atmosphere will help them grow their imagination. Itadakimasu!",
  "inc": "SMART EDUCATION, LTD.",
  "intalled_count": "5,000,000",
  "last_update": [
    "July",
    "31",
    " 2018"
  ],
  "name": "TO-FU Oh!SUSHI",
  "offered_by": "SMART EDUCATION, LTD.",
  "permissions": {
    "Photos/Media/Files": [
      "read the contents of your USB storage"
    ],
    "Storage": [
      "read the contents of your USB storage"
    ],
    "Camera": [
      "take pictures and videos"
    ],
    "Wi-Fi connection information": [
      "view Wi-Fi connections"
    ],
    "Other": [
      "receive data from Internet",
      "view network connections",
      "full network access",
      "prevent device from sleeping"
    ]
  },
  "rate": [
    [
      "59,952",
      "4.1"
    ],
    [
      "41,018",
      "5"
    ],
    [
      "4,898",
      "4"
    ],
    [
      "3,711",
      "3"
    ],
    [
      "1,528",
      "2"
    ],
    [
      "8,797",
      "1"
    ]
  ],
  "required_android": "4.4",
  "size": "92",
  "url": "https://play.google.com/store/apps/details?id=jp.smarteducation.tofusushi",
  "version": "2.3"
}