{
  "categories": [
    "Educational",
    "Pretend Play"
  ],
  "description": "Cut, color, shampoo, style and dress up super cute jungle animals: sloth, leopard, toucan, elephant, bear and giraffe! Our top game for kids and toddlers Animal Hair Salon now takes the little ones on a crazy jungle hairstyle adventure with new adorable animals and even more makeover fun!Jungle animals love to change how they look! Color, cut, shave, wash, dry, comb and style their hair, fur and feathers. Do fancy manicure for sloth, leopard and giraffe. Play jungle fashion designer and dress up tropical animals in crazy fashionable clothes. If your hairy salon clients get thirsty, make them fresh fruit cocktails! GAME FEATURESStylish Sloth MakeoverLovely sloth Linda wants to get a new look, make her wish come true! Create a classy hairstyle - cut, dye, comb and style Linda\u2019s hair. Clean up her super long nails, color them pink and cover with glitter. Dress up lady Linda with your favorite t-shirts, summer hats, sunglasses, accessories and jewelry, and take a picture of your creation! Leopard Amy CareCute leopard Amy was playing in the jungle and got dirty! Wash her fluffy fur with shampoo, dry, comb and cut Amy\u2019s hair, and make a funny ponytail on her head! Create leopard makeup and matching leopard nail art. Dress up this sweet leopard in the most adorable jungle clothes and take a photo of her!Toucan Carnival MakeoverToucan Rosa came here from Brazil rain forests to dress up for the Carnival! She loves bright colors and she even has a picture of her dream look. Do party makeup and color Rosa\u2019s beak bright green, orange, pink and baby blue. Free your imagination and create her the most beautiful carnival costume!Giraffe Day SpaFashionista giraffe Rachel wants her favorite day spa treatments! Wash and shave her long hairy legs. Cut, shave, dye and wash her hair. Polish Rachel\u2019s nails red and surprise her with bright makeup. Play giraffe dress up, choose from punk clothes and accessories in 7 categories, and create Rachel a new punk outfit!Baby Elephant SpaMeet the lovely baby elephant Sarah and create her a new cute look! Wash, shower and shave her, dye Sarah\u2019s hair and tail, color the nails and do makeup. Dress up Sarah with baby girl dresses, tropical flowers, bracelets and tail ribbons! Bear Kim Beauty TimeBaby bear Kim looks cute even with tree leaves and sticks stuck in her fur but it\u2019s makeover time! Style her for tonight\u2019s hip hop music concert: first wash, cut and dye Kim\u2019s hair in hot pink, then design her a super cool outfit!- - - - - - - - - - - - - - - - - - - - - - - -About TutoTOONS Games for KidsCrafted and play-tested with kids and toddlers, TutoTOONS games foster kids\u2019 creativity and help them learn while playing the games they love. Fun and educational TutoTOONS games strive to bring meaningful and safe mobile experience to millions of children worldwide.Important Message to ParentsThis app is free to download and play, but there are certain in-game items that may be purchased for real money. By downloading this app you agree to TutoTOONS Privacy Policy and Terms of Use.Discover More Fun with TutoTOONS!\u00b7 Subscribe to our YouTube channel: https://www.youtube.com/c/tutotoonsofficial\u00b7 Learn more about us: https://tutotoons.com\u00b7 Read our blog: https://blog.tutotoons.com",
  "inc": "TutoTOONS",
  "intalled_count": "10,000,000",
  "last_update": [
    "June",
    "27",
    " 2018"
  ],
  "name": "Jungle Animal Hair Salon - Wild Pets Makeover",
  "offered_by": "TutoTOONS",
  "permissions": {
    "Photos/Media/Files": [
      "read the contents of your USB storage",
      "modify or delete the contents of your USB storage"
    ],
    "Storage": [
      "read the contents of your USB storage",
      "modify or delete the contents of your USB storage"
    ],
    "Wi-Fi connection information": [
      "view Wi-Fi connections"
    ],
    "Other": [
      "view network connections",
      "full network access",
      "prevent device from sleeping"
    ]
  },
  "rate": [
    [
      "63,992",
      "3.8"
    ],
    [
      "36,045",
      "5"
    ],
    [
      "5,960",
      "4"
    ],
    [
      "5,546",
      "3"
    ],
    [
      "3,420",
      "2"
    ],
    [
      "13,021",
      "1"
    ]
  ],
  "required_android": "4.4",
  "size": "51",
  "url": "https://play.google.com/store/apps/details?id=air.com.tutotoons.app.animalhairsalon2jungle.free",
  "version": "1.0.112"
}