{
  "categories": [
    "Casual",
    "Pretend Play"
  ],
  "description": "Surprise Eggs is a \"Kids Game\" application for children! If your child likes toys and surprises, this app is perfect for him! What is hidden inside the eggs? Open candy surprise eggs to discover a lot of new toys like paw patrol and thomas the train for boys, frozen elsa and my little pony for girl in a funny kids app. Multi-colors eggs with a surprise inside!Surprise Eggs is a funny game for children combining a cool character's design, a chocolate egg and a surprise toy.All surprise eggs are:- Kinder Surprise,- Mickey Mouse,- Spiderman Egg,- Superhero,- Green Hulk Egg,- Marvel & Disney...How To Play ?It's very very simple, you have to scrape the paper from the surprise egg, break the chocolate and get the surprise!This kids game has no relation to Peppa Pig and Minions games or the cartoon.All pictures are from real kinder surprise eggs unboxing.",
  "inc": "Visont",
  "intalled_count": "10,000,000",
  "last_update": [
    "June",
    "19",
    " 2018"
  ],
  "name": "Surprise Eggs - Kids Game",
  "offered_by": "Visont",
  "permissions": {
    "Photos/Media/Files": [
      "read the contents of your USB storage",
      "modify or delete the contents of your USB storage"
    ],
    "Storage": [
      "read the contents of your USB storage",
      "modify or delete the contents of your USB storage"
    ],
    "Wi-Fi connection information": [
      "view Wi-Fi connections"
    ],
    "Other": [
      "view network connections",
      "full network access",
      "run at startup",
      "prevent device from sleeping",
      "view network connections",
      "full network access"
    ]
  },
  "rate": [
    [
      "17,644",
      "3.9"
    ],
    [
      "10,573",
      "5"
    ],
    [
      "1,492",
      "4"
    ],
    [
      "1,393",
      "3"
    ],
    [
      "796",
      "2"
    ],
    [
      "3,390",
      "1"
    ]
  ],
  "required_android": "Varies with",
  "size": "Varies with devic",
  "url": "https://play.google.com/store/apps/details?id=com.kidsworld.surpriseeggsgame",
  "version": "Varies with device"
}