{
  "categories": [
    "Educational",
    "Pretend Play"
  ],
  "description": "It\u2019s time to explore the sea! Follow Kiki, our little captain and see what we encounter out there.Choose from a wide variety of ships and personalize it with cool accesseries.Help your friends and defeat the pirates!Interesting tasks are designed to challenge you.Fun features:1.Raft, sailboat, submarine...choose from 9 different types of water transport or try them all!2.We have honorable tasks for you and download the game to see what they are.3.Each time you finish a task you will receive a gift to upgrade your boat!4.Collect more \u201cAppreciation Hearts\u201d to unlock more boats!Design concepts:We focus on inspirational learning;We focus on skill-building;We focus on bringing fun contents to our young audience;Take the baby bus for an unique learning experience!About BabyBus:BabyBus is the most trusted brand in early childhood educational software. The mobile applications are designed and developed specifically for children. Tips: In the search bar, enter \"BabyBus\" to find all of our products.Contact us:E-mail: en@babybus.comWebsite: http://www.babybus.comFacebook:https://www.facebook.com/BabyBusENGLISH/?ref=hlPrivacy Policy: http://en.babybus.com/index/privacyPolicy.shtml",
  "inc": "BabyBus Kids Games",
  "intalled_count": "1,000,000",
  "last_update": [
    "June",
    "19",
    " 2018"
  ],
  "name": "Little Panda Captain",
  "offered_by": "BabyBus Kids Games",
  "permissions": {
    "Wi-Fi connection information": [
      "view Wi-Fi connections"
    ],
    "Other": [
      "receive data from Internet",
      "view network connections",
      "full network access",
      "prevent device from sleeping",
      "modify system settings"
    ]
  },
  "rate": [
    [
      "9,278",
      "4.4"
    ],
    [
      "6,981",
      "5"
    ],
    [
      "781",
      "4"
    ],
    [
      "602",
      "3"
    ],
    [
      "249",
      "2"
    ],
    [
      "665",
      "1"
    ]
  ],
  "required_android": "4.0.3",
  "size": "72",
  "url": "https://play.google.com/store/apps/details?id=com.sinyee.babybus.boat",
  "version": "8.25.10.00"
}