{
  "categories": [
    "Education",
    "Pretend Play"
  ],
  "description": "Go on a fun-filled shopping spree in Dr. Panda Town: Mall! With so many shops and other things to discover, there are endless stories to be told and adventures to be had.EXPLORE THE MALLExplore the entire mall with four huge floors to choose from! Check out the fire-breathing dinosaur in the toy store, try on the cool superhero costumes in the movie theater, or see if you can find all 30 hidden gift packages! Play fun games to earn rewards in the arcade, or play hide and seek in the indoor playground for even more fun! With surprises and fun around every corner, what will you discover? CREATE YOUR OWN STORYBe whoever you want to be as you tell your own stories! Become a hairstylist and run your own hair salon, or play as a veterinarian and take care of your furry friends. Dress up and put on a stage show in the toy store and even choose to get married. There's no limit to what you can do! PLAY TOGETHERShop till you drop and play together on one device with your friends! Give each other a makeover in the hair salon and swap outfits in the clothes store. Visit the top floor and grab a bite to eat, or kick back with a movie before finishing up with the perfect selfie for a day out to remember!KEY FEATURES:\u25cf 8 unique locations to visit \u25cf 4 floors with shops, a food court, a movie theater, arcade and more\u25cf Choose from up to 16 characters to play with\u25cf 15 adorable animals in the pet store\u25cf 25 new outfits and costumes to dress up in\u25cf Be a customer, hairstylist, veterinarian, actor & more\u25cf Fun surprises & hidden secrets to uncover\u25cf Supports multi-touch to play together\u25cf Bring your characters\u2019 outfits, hairstyles,\u00a0pets, items and more between every app in the Dr. Panda Town series! Simply\u00a0tap\u00a0the orange map icon at the top of the screen\u00a0to\u00a0see all the areas you can\u00a0visit.\u00a0\u25cf Go on fun adventures & tell endless stories \u25cf No third-party ads!Additional areas in Dr. Panda Town: Mall can be added via one time in-app purchases. These are one-time purchases which will permanently unlock the content for your account. Please check your device settings for more detailed parental options regarding in-app purchases, and feel free to contact us at support@drpanda.com if you have feedback or concerns.Privacy Policy As a designer of kids\u2019 games, we understand how important privacy is in this modern, digital world. You can read our privacy policy here: http://www.drpanda.com/privacy About Dr. PandaDr. Panda is a developer of games for kids. We develop games with educational values that help kids learn about the world. All of our games are safe and do not contain inappropriate content.If you\u2019d like to know more about us and how we design games for kids, visit our website www.drpanda.com/about. If you have any questions, feel free to send us an email at support@drpanda.com or contact us on Facebook (www.facebook.com/drpandagames) or Twitter (www.twitter.com/drpandagames) or Instagram (www.instagram.com/drpandagames).",
  "inc": "Dr. Panda",
  "intalled_count": "1,000,000",
  "last_update": [
    "July",
    "25",
    " 2018"
  ],
  "name": "Dr. Panda Town: Mall",
  "offered_by": "Dr. Panda",
  "permissions": {
    "Photos/Media/Files": [
      "read the contents of your USB storage",
      "modify or delete the contents of your USB storage"
    ],
    "Storage": [
      "read the contents of your USB storage",
      "modify or delete the contents of your USB storage"
    ],
    "Other": [
      "view network connections",
      "full network access",
      "Google Play license check"
    ]
  },
  "rate": [
    [
      "18,862",
      "3.8"
    ],
    [
      "10,457",
      "5"
    ],
    [
      "1,751",
      "4"
    ],
    [
      "1,947",
      "3"
    ],
    [
      "1,002",
      "2"
    ],
    [
      "3,705",
      "1"
    ]
  ],
  "required_android": "4.1",
  "size": "84",
  "url": "https://play.google.com/store/apps/details?id=com.drpanda.town.mall",
  "version": "1.3.1"
}