{
  "categories": [
    "Education",
    "Music & Video"
  ],
  "description": "POVESTI BL\u00c2NDE PENTRU COPIII CU V\u00c2RSTE \u00ceNTRE 2-6 ANI.",
  "inc": "Dana Nalbaru",
  "intalled_count": "1,000",
  "last_update": [
    "July",
    "21",
    " 2018"
  ],
  "name": "Povesti - Bucurii Pentru Copii",
  "offered_by": "Dana Nalbaru",
  "permissions": {
    "Other": []
  },
  "rate": [
    [
      "5",
      "4.8"
    ],
    [
      "4",
      "5"
    ],
    [
      "1",
      "4"
    ],
    [
      "0",
      "3"
    ],
    [
      "0",
      "2"
    ],
    [
      "0",
      "1"
    ]
  ],
  "required_android": "4.0",
  "size": "84",
  "url": "https://play.google.com/store/apps/details?id=com.bpc.povesti",
  "version": "bpc-iarna-v4"
}