{
  "categories": [
    "Education",
    "Pretend Play"
  ],
  "description": "Before the Dumb Ways characters grew up, they were already making mischief in all sorts of places \u2013 planes, trains, and now at the hospital! Visit the cute and colourful Dumb Ways Hospital with Doctor Zany, and explore three main areas of play: a waiting room full of surprises to discover, a check-up room where children can play the role of doctor, and an ambulance that visits the hospital featuring fun guest appearances from the original Dumb Ways cast!This app engages young children in a playful experience of caring for others. Join Doctor Zany any help keep the Dumb Ways characters safe, happy and healthy!Features:- Perform check-ups on Boffo, Loopy, Madcap and Dumbbell- Discover the differences between each character\u2019s heartbeat, blood pressure and more- Tap on the characters to see their personality!- Enjoy fun surprises \u2013 what happens if you leave Boffo on the waiting room chair?- Also features three original Dumb Ways characters to play with: Lax, Doofus and Mishap!- Perfect for 3-7 year olds - Engaging characters support children\u2019s pretend play and story-telling- No in-app purchases - Play without wifi or internet",
  "inc": "Metro Trains",
  "intalled_count": "1,000",
  "last_update": [
    "September",
    "7",
    " 2017"
  ],
  "name": "Dumb Ways JR Zany's Hospital",
  "offered_by": "Metro Trains",
  "permissions": {
    "Photos/Media/Files": [
      "read the contents of your USB storage",
      "modify or delete the contents of your USB storage"
    ],
    "Storage": [
      "read the contents of your USB storage",
      "modify or delete the contents of your USB storage"
    ],
    "Microphone": [
      "record audio"
    ],
    "Other": []
  },
  "rate": [
    [
      "29",
      "4.0"
    ],
    [
      "19",
      "5"
    ],
    [
      "1",
      "4"
    ],
    [
      "3",
      "3"
    ],
    [
      "3",
      "2"
    ],
    [
      "3",
      "1"
    ]
  ],
  "required_android": "5.0",
  "size": "96",
  "url": "https://play.google.com/store/apps/details?id=au.com.metro.dwjr.zany",
  "version": "1.0"
}