{
  "categories": [
    "Casual",
    "Music & Video"
  ],
  "description": "The Mickey Mouse Clubhouse Disney Junior Appisode featuring \"Road Rally\" is filled with video, games and music as preschoolers play along with their favorite Disney Junior show. They will touch, tap, swipe, tilt, shake and talk their way through a fully immersive interactive TV episode that reinforces developmental values. Join Mickey and his pals on their first ever road rally! But keep an eye out for pesky Pete and his cheatin\u2019 short cuts!\u2022\tCan you find the triangle shaped bush?\u2022\tUh oh! Clear the rubber duckies off the road!\u2022\tCatch Chip and Dale in a cushy car seat!Features:\u2022\tInteractive full-length Disney Junior Mickey Mouse Clubhouse TV episode.\u2022\tOver 20 interactive activities featuring your favorite Disney Junior Mickey Mouse characters: Mickey Mouse, Minnie Mouse, Donald Duck, Daisy Duck, Goofy, and Pluto.\u2022\tAvailable on Android devices.Downloading and playing this Appisode requires permission to record audio and access photos, media, and files on your device.Privacy Policy: https://privacy.thewaltdisneycompany.comTerms of Use: http://disneytermsofuse.comFor additional information about our practices in the United States regarding children\u2019s personal information, please read our Children\u2019s Privacy Policy  at https://privacy.thewaltdisneycompany.com/en/for-parents/childrens-online-privacy-policy.",
  "inc": "Disney",
  "intalled_count": "1,000,000",
  "last_update": [
    "August",
    "26",
    " 2017"
  ],
  "name": "Appisodes: Road Rally",
  "offered_by": "Disney",
  "permissions": {
    "Photos/Media/Files": [
      "read the contents of your USB storage",
      "modify or delete the contents of your USB storage"
    ],
    "Storage": [
      "read the contents of your USB storage",
      "modify or delete the contents of your USB storage"
    ],
    "Microphone": [
      "record audio"
    ],
    "Wi-Fi connection information": [
      "view Wi-Fi connections"
    ],
    "Other": [
      "view network connections",
      "full network access",
      "prevent device from sleeping",
      "Google Play license check"
    ]
  },
  "rate": [
    [
      "10,688",
      "4.3"
    ],
    [
      "7,665",
      "5"
    ],
    [
      "866",
      "4"
    ],
    [
      "697",
      "3"
    ],
    [
      "408",
      "2"
    ],
    [
      "1,052",
      "1"
    ]
  ],
  "required_android": "4.0",
  "size": "17",
  "url": "https://play.google.com/store/apps/details?id=com.disney.djappisodesmmchrr_goo",
  "version": "1.3.3"
}