{
  "categories": [
    "Education",
    "Music & Video"
  ],
  "description": "Your favorite 100 Videos Kids Nursery Rhymes Includes 100 Nursery Rhymes Videos.We believe that rhymes are a child\u2019s best friend. So we have introduced another good friend in the form of famous Rhymes. As your little one grows, he learns from beautiful  Nursery Rhymes. Your app now has:100 Nursery Rhymes VideosNo Streaming at all. No further data charges.100% Free ContentRhymes can be used offline. Just hit play.Just download each video once and then no need to stream.Simple interface for your child to operate. Swipe left or right to change rhymes/stories.Love the app? Please take a minute out to write us a good review or if you are unhappy with anything, please leave feedback for us at kidszone@winjit.in. We cannot have you unhappy. Can we? Privacy Policy - http://www.winjit.com/privacy-policy.html",
  "inc": "WowKidz",
  "intalled_count": "100,000",
  "last_update": [
    "May",
    "10",
    " 2018"
  ],
  "name": "100 Videos Kids Nursery Rhymes",
  "offered_by": "WowKidz",
  "permissions": {
    "Identity": [
      "find accounts on the device"
    ],
    "Contacts": [
      "find accounts on the device"
    ],
    "Phone": [
      "read phone status and identity"
    ],
    "Photos/Media/Files": [
      "read the contents of your USB storage",
      "modify or delete the contents of your USB storage"
    ],
    "Storage": [
      "read the contents of your USB storage",
      "modify or delete the contents of your USB storage"
    ],
    "Device ID & call information": [
      "read phone status and identity"
    ],
    "Other": [
      "receive data from Internet",
      "view network connections",
      "full network access",
      "prevent device from sleeping"
    ]
  },
  "rate": [
    [
      "507",
      "4.5"
    ],
    [
      "362",
      "5"
    ],
    [
      "73",
      "4"
    ],
    [
      "36",
      "3"
    ],
    [
      "11",
      "2"
    ],
    [
      "25",
      "1"
    ]
  ],
  "required_android": "2.3",
  "size": "9.0",
  "url": "https://play.google.com/store/apps/details?id=com.winjit.hundredvideokidsnr",
  "version": "1.0.0.2"
}