{
  "categories": [
    "Educational",
    "Pretend Play"
  ],
  "description": "The bell is ringing at the My Town : School! Let your child show you what they\u2019re in their classroom by visiting the My Town classroom. Do your children play an instrument? Let them play some music for you in the My Town music class where they can learn notes and play the piano, strum along to some tunes on the guitar or make some noise on the drums! Become a mad scientist in the science lab, but don\u2019t miss the Tesla before you head out to the school yard where the coach will teach a variety of sports like tennis, baseball, basketball and even badminton! FEATURES:*9 brand new locations*10 experiments to play with and learn from in science class*8 musical instruments *11 new multicultural kids characters all set to learn and play!*7 brand new adult characters including a three different teachers, a coach, new parents to choose from and even a grumpy principal!  RECOMMENDED AGE GROUPKids 4-12: My Town games are safe to play even when parents are out of the room. ABOUT MY TOWNThe My Town Games studio designs digital dollhouse-like games that promote creativity and open ended play for your children all over the world. Loved by children and parents alike, My Town games introduce environments and experiences for hours of imaginative play. The company has offices in Israel, Spain, Romania and the Philippines. For more information, please visit www.my-town.com",
  "inc": "My Town Games Ltd",
  "intalled_count": "10,000",
  "last_update": [
    "April",
    "20",
    " 2017"
  ],
  "name": "My Town : School",
  "offered_by": "My Town Games Ltd",
  "permissions": {
    "Phone": [
      "read phone status and identity"
    ],
    "Microphone": [
      "record audio"
    ],
    "Device ID & call information": [
      "read phone status and identity"
    ],
    "Other": [
      "receive data from Internet",
      "view network connections",
      "full network access",
      "prevent device from sleeping"
    ]
  },
  "rate": [
    [
      "542",
      "4.3"
    ],
    [
      "382",
      "5"
    ],
    [
      "62",
      "4"
    ],
    [
      "37",
      "3"
    ],
    [
      "15",
      "2"
    ],
    [
      "46",
      "1"
    ]
  ],
  "required_android": "4.0.3",
  "size": "55",
  "url": "https://play.google.com/store/apps/details?id=mytown.school",
  "version": "1.2"
}