{
  "categories": [
    "Music & Audio",
    "Music & Video"
  ],
  "description": "Free xylophone - glockenspiel for your smartphone or tablet!Xylophone is a fun musical instrument anyone can play!You can use it to learn the basics of music.Features:\u266b Eight basic music notes\u266b Realistic sounds and animation\u266b HD graphics\u266b Supports multi-touch\u266b Supports all screen resolutionsOn this little piano for kids you can play your favorite songs, christmas carols, lullabies, theme music or whatever you want. Enjoy!",
  "inc": "Easy Labs",
  "intalled_count": "500,000",
  "last_update": [
    "April",
    "26",
    " 2016"
  ],
  "name": "Xylophone",
  "offered_by": "Easy Labs",
  "permissions": {
    "Other": [
      "view network connections",
      "full network access"
    ]
  },
  "rate": [
    [
      "3,552",
      "4.1"
    ],
    [
      "2,082",
      "5"
    ],
    [
      "666",
      "4"
    ],
    [
      "345",
      "3"
    ],
    [
      "140",
      "2"
    ],
    [
      "319",
      "1"
    ]
  ],
  "required_android": "2.3",
  "size": "2.7",
  "url": "https://play.google.com/store/apps/details?id=com.easylabs.xylophone",
  "version": "2.1.1"
}