{
  "categories": [
    "Educational",
    "Pretend Play"
  ],
  "description": "My Town: Daycare brings six cute babies and 12 happy characters, from teachers to family members. There are six locations to discover including a playground complete with swings and a slide. You can interact with almost every item you see, so after putting the babies down for a nap (make sure to cover them up with their blankets!), you\u2019ll have time to set the table for dinner or grab some food from the fridge!FEATURES:*6 different rooms to adventure into!*No time limit, competition or high scores to beat \u2013 just pure open ended play.*Over 900 new items and sounds to discover!*Experience all four seasons and find clothing to wear during them all.RECOMMENDED AGE GROUPKids 4-12: My Town games are safe to play even when parents are out of the room. ABOUT MY TOWNThe My Town Games studio designs digital dollhouse-like games that promote creativity and open ended play for your children all over the world. Loved by children and parents alike, My Town games introduce environments and experiences for hours of imaginative play. The company has offices in Israel, Spain, Romania and the Philippines. For more information, please visit www.my-town.com",
  "inc": "My Town Games Ltd",
  "intalled_count": "100,000",
  "last_update": [
    "April",
    "18",
    " 2017"
  ],
  "name": "My Town : Daycare",
  "offered_by": "My Town Games Ltd",
  "permissions": {
    "Phone": [
      "read phone status and identity"
    ],
    "Device ID & call information": [
      "read phone status and identity"
    ],
    "Other": [
      "receive data from Internet",
      "view network connections",
      "full network access",
      "prevent device from sleeping"
    ]
  },
  "rate": [
    [
      "4,558",
      "4.4"
    ],
    [
      "3,462",
      "5"
    ],
    [
      "375",
      "4"
    ],
    [
      "316",
      "3"
    ],
    [
      "97",
      "2"
    ],
    [
      "308",
      "1"
    ]
  ],
  "required_android": "4.0.3",
  "size": "55",
  "url": "https://play.google.com/store/apps/details?id=mytown.daycare",
  "version": "1.8"
}