{
  "categories": [
    "Music & Audio",
    "Music & Video"
  ],
  "description": "BabyFirst Music app provides the perfect tool for your child to listen to nursery rhymes, enjoy popular fairy tales, or even sweet soothing lullabies, all while navigating on his or her own. Sing-along with your children for some great family quality time!Enjoy 5 different music categories:Nursery Rhymes, BabyFirst Classics, Story Time, Lullabies & Classical MusicBabyFirst is an award winning global TV channel for babies, preschoolers \u2013 and the parents who love them! BabyFirst is committed to provide a fresh, safe, and engaging platform for toddlers and babies to learn about the world around them \u2013 in a way they can really get to grips with. BabyFirst was founded by people who understand the importance of early childhood development. Created by a team of child psychologists and experienced education experts, BabyFirst is proud to present BabyFirst Music: Nursery Rhymes for Kids.Try it for FREE for 7 days! After that it's just $3.99 a month for unlimited access, including new stories added every week! What Makes BabyFirst Music so Great?\u2022 Free to download\u2022 Ad-free\u2022 Child safe design \u2022 Created by child education expertsYour Child Is Safe and Sound with BabyFirst Music.With today\u2019s electronic media, BabyFirst is aware of the dangers and distractions kids face online. Your tot\u2019s safety is of paramount importance to us. BabyFirst\u2019s child-safe design is built with the user in mind \u2013 your kids! There are no ads and parents have complete control over what children have access to. Our easy to navigate interface allows your child to play independently, giving you complete peace of mind as your child continues with their learning.To find more trusted applications from the BabyFirst family search \"BF123\" in iTunes!\u2022 Stable broadband connection is required.\u2022 Users are advised to test with free playlists before purchasing a monthly subscription.\u2022 Subscriptions will renew at the end of each period for $3.99 unless canceled by the user in the device settings\u2022 Read our privacy policy: http://www.babyfirsttv.com/privacy-policyAn infinity of joy!abc, xyz, tgi, omg, def, war, idk, bbb",
  "inc": "BabyFirst",
  "intalled_count": "50,000",
  "last_update": [
    "September",
    "30",
    " 2017"
  ],
  "name": "BabyFirst Music: Nursery Rhymes for Kids",
  "offered_by": "BabyFirst",
  "permissions": {
    "Photos/Media/Files": [
      "read the contents of your USB storage",
      "modify or delete the contents of your USB storage"
    ],
    "Storage": [
      "read the contents of your USB storage",
      "modify or delete the contents of your USB storage"
    ],
    "Wi-Fi connection information": [
      "view Wi-Fi connections"
    ],
    "Other": [
      "receive data from Internet",
      "view network connections",
      "full network access",
      "prevent device from sleeping"
    ]
  },
  "rate": [
    [
      "184",
      "3.3"
    ],
    [
      "87",
      "5"
    ],
    [
      "16",
      "4"
    ],
    [
      "11",
      "3"
    ],
    [
      "11",
      "2"
    ],
    [
      "59",
      "1"
    ]
  ],
  "required_android": "4.1",
  "size": "6.0",
  "url": "https://play.google.com/store/apps/details?id=com.babyfirst.radio",
  "version": "1.4.4"
}