{
  "categories": [
    "Educational",
    "Pretend Play"
  ],
  "description": "#1 Kids app in the app store July and August 2016!No adverts or in-app purchases - just lots of fun with Peppa!Join Peppa as she competes in Sports Day in this official app!Peppa and her friends are taking part in Sports Day and they want you to join them! Fans of the TV show will love this sports day-inspired app, which encourages pre-schoolers to explore fun filled games with their favourite little piggy.5 x fun-filled games featuring Peppa, George and their family and friends:\u2022 Bicycle Race\u2022 Obstacle Course\u2022 Tug of War\u2022 Long Jump\u2022 Ice Cream MakerPlus special Sports Day features, such as:\u2022 Rosette Maker\u2022 Earn Sticker Rewards",
  "inc": "Entertainment One",
  "intalled_count": "10,000",
  "last_update": [
    "August",
    "8",
    " 2017"
  ],
  "name": "Peppa Pig: Sports Day",
  "offered_by": "Entertainment One",
  "permissions": {
    "Other": [
      "full network access"
    ]
  },
  "rate": [
    [
      "55",
      "4.1"
    ],
    [
      "37",
      "5"
    ],
    [
      "5",
      "4"
    ],
    [
      "2",
      "3"
    ],
    [
      "5",
      "2"
    ],
    [
      "6",
      "1"
    ]
  ],
  "required_android": "2.3",
  "size": "71",
  "url": "https://play.google.com/store/apps/details?id=com.peppapig.sportsday",
  "version": "1.2.1"
}