{
  "categories": [
    "Entertainment",
    "Music & Video"
  ],
  "description": "You can watch full episodes and hilarious videos from Nickelodeon on the Nick app for Android TV! We have all your favorite Nick shows including SpongeBob SquarePants, Teenage Mutant Ninja Turtles, Henry Danger, and a lot more. New videos are added all the time, and we have more episodes available to watch than ever before.Missed the latest episode on air? Get the most recent full episodes right here by asking your parents to log in with your TV provider. If you don't see your provider, check back often. We are adding new providers all the time! So what are you waiting for? Quit nappin' and start APPIN' \u2013 you can download now. FIND YOUR FAVORITE NICK SHOWS:\u2022 SpongeBob SquarePants\u2022 Teenage Mutant Ninja Turtles\u2022 The Loud House\u2022 ALVINNN!!! And the Chipmunks\u2022 Game ShakersAnd More!The Nick App collects personal user data as well as non-personal user data (including aggregated data). User data collection is in accordance with applicable law, such as COPPA. User data may be used, for example, to respond to user requests; enable users to take advantage of certain features and services; personalize content and advertising; and manage and improve Nickelodeon's services. When cable television service subscribers authenticate their cable television service to view full episodes, a third-party token is stored on the device. For more information regarding Nickelodeon\u2019s use of personal user data, please visit the Nickelodeon Group Privacy Policy below. Our Privacy Policy is in addition to any terms, conditions or policies agreed to between you and Google, Inc., and Nickelodeon and its affiliated entities are not responsible for Google's collection or use of your personal user data and information. Use of this app is subject to the Nickelodeon End User License Agreement..Privacy Policy: http://www.nick.com/info/privacy-policy.htmlEnd User License Agreement: http://www.nick.com/info/eula.htmlThe End User License Agreement for this app includes arbitration for disputes \u2013 see FAQs: http://www.nick.com/legal/FAQs/Having trouble with the Nick app or just have a question? Check out the Nick app Support page! http://appsupport.nick.com/",
  "inc": "Nickelodeon",
  "intalled_count": "10,000",
  "last_update": [
    "December",
    "15",
    " 2017"
  ],
  "name": "Nick for Android TV",
  "offered_by": "Nickelodeon",
  "permissions": {
    "Photos/Media/Files": [
      "read the contents of your USB storage",
      "modify or delete the contents of your USB storage"
    ],
    "Storage": [
      "read the contents of your USB storage",
      "modify or delete the contents of your USB storage"
    ],
    "Wi-Fi connection information": [
      "view Wi-Fi connections"
    ],
    "Other": [
      "view network connections",
      "full network access",
      "prevent device from sleeping"
    ]
  },
  "rate": [
    [
      "3",
      "3.7"
    ],
    [
      "2",
      "5"
    ],
    [
      "0",
      "4"
    ],
    [
      "0",
      "3"
    ],
    [
      "0",
      "2"
    ],
    [
      "1",
      "1"
    ]
  ],
  "required_android": "4.4",
  "size": "8.1",
  "url": "https://play.google.com/store/apps/details?id=com.nick.android.nick.tv",
  "version": "1.1.2"
}