{
  "categories": [
    "Education",
    "Music & Video"
  ],
  "description": "\u00a1La app de v\u00eddeo oficial Canciones Infantiles HeyKids est\u00e1 dise\u00f1ada para que tanto ni\u00f1os peque\u00f1os como de preescolar satisfagan su curiosidad entrando a nuestro mundo de descubrimiento, aprendizaje y entretenimiento!Las populares canciones infantiles, combinadas con preciosos v\u00eddeos animados en 3D, mantienen a los ni\u00f1os entretenidos mientras aprenden nuevo vocabulario.Cuidadosamente dise\u00f1ada para beb\u00e9s, ni\u00f1os peque\u00f1os y de todas las edades, \u00e9sta aplicaci\u00f3n es ideal para una experiencia visual y auditivamente emocionante, que adem\u00e1s es atractiva y educativa. \u00a1Sube el volumen y que comience la diversi\u00f3n en familia!Caracter\u00edsticas- SIN ANUNCIOS, garantizando as\u00ed un ambiente seguro para sus ni\u00f1os- REPRODUCCI\u00d3N DE V\u00cdDEO SIN CONEXI\u00d3N. Mira las animaciones vayas donde vayas, sin necesitar conexi\u00f3n de internet.- \u00a1M\u00e1s de 13 canciones infantiles con v\u00eddeos musicales animados en 3D!- \u00a1Nuevas canciones animadas a\u00f1adidas cada mes!- Dise\u00f1ado para chavales. Esto significa que no hay botones innecesarios, el desplazamiento de pantalla es sencillo, y los v\u00eddeos se van a pantalla completa instant\u00e1neamente.- M\u00faltiples configuraciones para los padresEn pocas palabras, \u00e9sta app est\u00e1 dise\u00f1ada para ser s\u00faper divertida para ti y tus chavales.Se incluyen gratuitamente 6 canciones: - Estrellita D\u00f3nde Est\u00e1s - Cascabel - Un Elefante se Balanceaba - Si Eres Feliz y lo Sabes - La Vaca Lola - Cabeza Hombros Rodillas y PiesM\u00e1s de 6 canciones, que los chavales adoran, est\u00e1n disponibles con la suscripci\u00f3n: - La Gallina Turulenca  - En La Granja De Mi T\u00edo - Martinillo - La Vaca Lechera  - Incy Wincy Ara\u00f1a - Estrella Estrellita - Cumplea\u00f1os Feliz - A Mi Burro Le Duele La Cabeza - El Baile de la Ranita - Se\u00f1ora Vaca - Cucu Cantaba La Rana - Hoy es Navidad - Noche de Paz - Arbol De Navidad - Una Rata Vieja - Cinco Patitos\u00a1Definitivamente Imprescindible para padres con ni\u00f1os peque\u00f1os!Para atenci\u00f3n al cliente, comentarios o sugerencias, por favor cont\u00e1ctenos a contact@funkiddy.com\u00bfTe gusta nuestra app? Por favor calif\u00edcala o d\u00e9janos tus comentarios y dinos qu\u00e9 te ha parecido.",
  "inc": "Vveee Media",
  "intalled_count": "50,000",
  "last_update": [
    "August",
    "10",
    " 2017"
  ],
  "name": "Canciones Infantiles - HeyKids",
  "offered_by": "Vveee Media",
  "permissions": {
    "Photos/Media/Files": [
      "read the contents of your USB storage",
      "modify or delete the contents of your USB storage"
    ],
    "Storage": [
      "read the contents of your USB storage",
      "modify or delete the contents of your USB storage"
    ],
    "Other": [
      "view network connections",
      "full network access",
      "prevent device from sleeping"
    ]
  },
  "rate": [
    [
      "135",
      "4.1"
    ],
    [
      "83",
      "5"
    ],
    [
      "18",
      "4"
    ],
    [
      "13",
      "3"
    ],
    [
      "4",
      "2"
    ],
    [
      "17",
      "1"
    ]
  ],
  "required_android": "4.0.3",
  "size": "30",
  "url": "https://play.google.com/store/apps/details?id=es.heykids.cancionesinfantiles.app",
  "version": "2.0"
}