{
  "categories": [
    "Education",
    "Music & Video"
  ],
  "description": "PENTRU UN SOMN LIN C\u00c2NTECE DEDICATE COPIILOR CU V\u00c2RSTE CUPRINSE \u00ceNTRE 0-6 ANI.",
  "inc": "Dana Nalbaru",
  "intalled_count": "500",
  "last_update": [
    "July",
    "23",
    " 2018"
  ],
  "name": "Somn Lin - Bucurii Pentru Copii",
  "offered_by": "Dana Nalbaru",
  "permissions": {
    "Other": []
  },
  "rate": [],
  "required_android": "4.0",
  "size": "38",
  "url": "https://play.google.com/store/apps/details?id=com.bpc.somnlin",
  "version": "bpc-somnlin-v3"
}