{
  "categories": [
    "Casual",
    "Pretend Play"
  ],
  "description": "Why are baby games so fun? Because who doesn\u2019t love playing with and taking care of babies?! But out of all baby games, we think you\u2019ll especially love this one. You get to take care of the cutest, wildest baby twins ever! Sure, these babies are a handful and love to get into trouble, but they're also tons of fun! Dress up your twins in adorable clothes, feed them yummy snacks, care for them at the doctor & so much more! Play silly baby games, enjoy coloring pages & solve puzzles with your favorite twins! There\u2019s so much to do with your silly twins! Get ready for double the trouble, double the fun! Baby games have never been so adorable or silly!Features:> Dress up your babies in adorable matching outfits! > Design unique clothing & accessories for your baby wins! > Decorate your babies\u2019 bedroom! Build cribs, chose room decorations & more! > Feed & care for your baby twins yummy snack! Don\u2019t make a mess!> Give your babies a warm bubble bath! > Doctor Care - check your twins\u2019 throats, give them medicine & help your babies feel better!   > Paint, play & solve puzzles with your hilarious baby twins! > Tuck your twins into bed - good night, silly twins!ABOUT TabTaleA Google Play Top Developer, recognized for its commitment to launching high-quality and innovative apps on Android. With over 1.5 billion downloads and growing, TabTale has established itself as the creator of pioneering virtual adventures that kids and parents love. TabTale\u2019s apps spark children\u2019s imaginations and inspire them to think creatively, while having fun! Search \u201cTabTale\u201d on Google Play and discover more incredible apps.Visit us: http://www.tabtale.com/Google Plus: https://plus.google.com/+Tabtale/postsLike us: http://www.facebook.com/TabTaleFollow us:@TabtaleWatch us: http://www.youtube.com/iTabtaleCONTACT US Let us know what you think! Questions? Suggestions? Technical Support? Contact us 24/7 at: WeCare@TabTale.comFOR PARENTSThe app is free to play but certain in-game items may require payment. You may restrict in-app purchases by disabling them on this device. The app may include advertising for TabTale and certain third parties which will redirect users to our sites, apps or third-party sites.Your privacy matters. The app may enable collection of limited user data by TabTale or its carefully selected providers (e.g. ad networks and analytics) for limited purposes described in our Privacy Policy (e.g. respond to support queries; enable, analyze and improve the app\u2019s features and services; serve contextual ads and measure their performance). For more information (notably on the providers), please read our Privacy Policy: https://tabtale.com/privacy-policy/ . By downloading, updating or using the app you consent (in your personal capacity and for other users of your device) to this collection and use of limited device information for ad display and reporting purposes and you accept our Terms of Use: https://tabtale.com/terms-of-use/.",
  "inc": "TabTale",
  "intalled_count": "10,000,000",
  "last_update": [
    "June",
    "18",
    " 2018"
  ],
  "name": "Baby Twins - Newborn Care",
  "offered_by": "TabTale",
  "permissions": {
    "Photos/Media/Files": [
      "read the contents of your USB storage",
      "modify or delete the contents of your USB storage"
    ],
    "Storage": [
      "read the contents of your USB storage",
      "modify or delete the contents of your USB storage"
    ],
    "Other": [
      "receive data from Internet",
      "view network connections",
      "full network access",
      "control vibration",
      "prevent device from sleeping"
    ]
  },
  "rate": [
    [
      "63,289",
      "4.2"
    ],
    [
      "41,731",
      "5"
    ],
    [
      "6,642",
      "4"
    ],
    [
      "5,508",
      "3"
    ],
    [
      "2,450",
      "2"
    ],
    [
      "6,958",
      "1"
    ]
  ],
  "required_android": "4.1",
  "size": "63",
  "url": "https://play.google.com/store/apps/details?id=com.tabtale.babytwins",
  "version": "1.0.5"
}