{
  "categories": [
    "Educational",
    "Pretend Play"
  ],
  "description": "Stimulate your children\u2019s interest to mechanical science while they operating the powerful machines they like. They will learn to assemble these vehicles and play with them in a safe and friendly environment! Fun game for your children!Fun features:- 4 cool vehicles to assemble and play;- Learn their functions and usefulness;- Complete challenging puzzles and tasks!Place their favorite toys on a busy work site and see if they can work the different vehicles to complete a multi-step task. They can operate a crane, drive an excavator, use a loader to plow, and haul with a big truck. They will put knowledge and logic to work in this interactive game. Maybe you can give them a light lesson in physics while they master the play! It\u2019s time get the fun day started!-- -- --  Design concepts:We focus on inspirational learning;We focus on skill-building;We focus on bringing fun contents to our young audience;Take the baby bus for an unique learning experience!The series introduction:BabyBus is the first trusted brand in early childhood educational software. The mobile applications are designed and developed specifically for preschoolers, and they are divided into two groups by age, the Starter Group for toddlers between the ages of 1 and 3 and the Prodigy Group for children between the ages of 3 and 6. The educational series in the Prodigy Group combines the main concepts of early childhood education to meet the needs of mastering different learning categories. The applications are aimed at the comprehensive and the analytic development in preschoolers.Tips: In the search bar, enter \"BabyBus\" to find all of our products.Contact us:Facebook: https://www.facebook.com/BabyBusENGLISHE-mail: en@babybus.comWebsite: http://www.babybus.com",
  "inc": "BabyBus Kids Games",
  "intalled_count": "1,000,000",
  "last_update": [
    "June",
    "15",
    " 2018"
  ],
  "name": "Heavy Machines - Free for kids",
  "offered_by": "BabyBus Kids Games",
  "permissions": {
    "Wi-Fi connection information": [
      "view Wi-Fi connections"
    ],
    "Other": [
      "receive data from Internet",
      "view network connections",
      "full network access",
      "prevent device from sleeping",
      "modify system settings"
    ]
  },
  "rate": [
    [
      "6,594",
      "4.0"
    ],
    [
      "3,956",
      "5"
    ],
    [
      "698",
      "4"
    ],
    [
      "587",
      "3"
    ],
    [
      "434",
      "2"
    ],
    [
      "919",
      "1"
    ]
  ],
  "required_android": "4.0.3",
  "size": "39",
  "url": "https://play.google.com/store/apps/details?id=com.sinyee.babybus.truck",
  "version": "8.25.10.00"
}