{
  "categories": [
    "Music",
    "Music & Video"
  ],
  "description": "A new way to experience classic musicHelp Steamy, the steampunk conductor, play along to your favorite symphonies from great composers like Mozart and Beethoven. Improve your skills in sight reading notes using classical sheet music. Experience the soothing rhythms by tapping along to songs from the Victorian era like Moonlight Sonata and Ode to Joy.A challenge on every note is what this game is all about. Practice your combat skills and your note reading abilities in true steampunk style!Play along with your favorite classical composers and musicians - the steampunk way.Enhance your sight reading skillsChallenging gamification to learn basic notes and test your music skills and get ahead of your friends with every note you ace. Excellent to beat the boredom bluesFeeling bored on the subway? Waiting for the bus? Put on your composer hat, try practicing some music with Note Fighter! A match made in classical musical heavenEnjoy and learn how to play classic hits and eternal favorites in a new and exciting game. Multiple levels for interactive gameplayNot one, but three different difficulty levels for musicology aficionados of any skill set. If you are a beginner, nail the easy and medium levels first and hit the hard mode when you are a pro. The practice mode is to get you started on your musical journey and enjoy basic tunes. Download now and improve your sight reading today! ",
  "inc": "MythicOwl",
  "intalled_count": "10,000",
  "last_update": [
    "December",
    "9",
    " 2017"
  ],
  "name": "Note Fighter Unlimited",
  "offered_by": "MythicOwl",
  "permissions": {
    "Other": [
      "full network access"
    ]
  },
  "rate": [
    [
      "481",
      "4.2"
    ],
    [
      "268",
      "5"
    ],
    [
      "117",
      "4"
    ],
    [
      "54",
      "3"
    ],
    [
      "12",
      "2"
    ],
    [
      "30",
      "1"
    ]
  ],
  "required_android": "2.2",
  "size": "45",
  "url": "https://play.google.com/store/apps/details?id=net.notefighter.android",
  "version": "2.9"
}