{
  "categories": [
    "Strategy",
    "Pretend Play"
  ],
  "description": "NOTE: This app is only available to play on tablets!Grab your spatula and get ready for a burger-flipping adventure! In this brand-new edition of Papa's Burgeria, you are unwillingly left in charge of Papa Louie's famous Burgeria. You'll need to take orders, grill patties, add toppings, and serve the burgers to all of your wacky customers.This hands-on time-management game gives you control at each step of the burger-building process. You'll need to multi-task and juggle between each area of the restaurant: Keep an eye out for customers waiting in the lobby, drag and flip burger patties on the grill to cook them just right, and add toppings and sauces to the sandwiches before serving them to your customers!Keep your customers happy to earn more points and level up! As your level rises, you'll unlock new toppings in the shop, and new customers will start visiting the Burgeria!** NEW FEATURES **This updated and remastered version of Papa's Burgeria features a variety of new unlockable toppings and sauces, and many new customers not found in previous editions of the game. At the end of each day, you'll also be faced with Closer customers who are very picky about their burgers, and each week you'll be visited by the Food Critic with a chance to earn a tip-boosting Blue Ribbon!Use your hard-earned tips to buy restaurant upgrades and hats to wear, and you can also decorate your lobby with furniture and posters from the Furniture Shop. You'll even earn a Pay Day each week, which you can spend on upgrading your Burgeria!You'll also be able to earn 70 different achievements for various tasks in the Burgeria, including reaching certain ranks, earning Customer Awards on your customers, playing mini-games, and serving burgers with certain toppings.** MINI GAMES **As your serve sandwiches to your customers, you'll be rewarded with Game Tickets. At the end of each day, the Great Foodini will arrive with his Traveling Mini-Game Show, where you can use your Game Tickets to play a variety of food-themed Mini Games, and win posters and furniture that you can place in your lobby!\u2022 Hands-on burger shop game in the Papa Louie universe\u2022 Updated and remastered for tablets\u2022 Multi-tasking between grilling, stacking, and serving\u2022 Over 60 customers to unlock with unique orders\u2022 Various upgrades and hats to purchase with your earned tips\u2022 Play wacky mini-games to earn shop decorations",
  "inc": "Flipline Studios",
  "intalled_count": "10,000",
  "last_update": [
    "August",
    "2",
    " 2018"
  ],
  "name": "Papa's Burgeria",
  "offered_by": "Flipline Studios",
  "permissions": {
    "Photos/Media/Files": [
      "read the contents of your USB storage",
      "modify or delete the contents of your USB storage"
    ],
    "Storage": [
      "read the contents of your USB storage",
      "modify or delete the contents of your USB storage"
    ],
    "Camera": [
      "take pictures and videos"
    ],
    "Other": [
      "full network access"
    ]
  },
  "rate": [
    [
      "745",
      "4.2"
    ],
    [
      "494",
      "5"
    ],
    [
      "103",
      "4"
    ],
    [
      "51",
      "3"
    ],
    [
      "32",
      "2"
    ],
    [
      "65",
      "1"
    ]
  ],
  "required_android": "4.0",
  "size": "Varies with devic",
  "url": "https://play.google.com/store/apps/details?id=air.com.flipline.papasburgeria",
  "version": "1.1.4"
}