{
  "categories": [
    "Adventure"
  ],
  "description": "Play EvoCreo for Free! Adventure through the land of Zenith filled with monsters called, Creo. Battle and trade with friends across platforms.Test your skills at the first arena in this demo version of EvoCreo. Upgrade to the full version of the game to unlock all of EvoCreo's features. The full version of the game includes:-Over 130 monsters to capture & evolve!-Fully animated monsters and characters-A massive open world to explore where Creo roam-An epic adventure over 40 hours long-Cross-platform multiplayer-Challenge other Evokers and become the ultimate Evoking Master!-Customize your Creo\u2019s moves, traits, and abilities to suit your very own strategy!Like us on Facebook for more news and updates: https://www.facebook.com/EvoCreoAndroid",
  "inc": "ilmfinity",
  "intalled_count": "1,000,000",
  "last_update": [
    "February",
    "15",
    " 2017"
  ],
  "name": "EvoCreo - Lite",
  "offered_by": "Google Commerce Ltd",
  "permissions": {
    "Location": [
      "approximate location (network-based)"
    ],
    "Photos/Media/Files": [
      "read the contents of your USB storage",
      "modify or delete the contents of your USB storage"
    ],
    "Storage": [
      "read the contents of your USB storage",
      "modify or delete the contents of your USB storage"
    ],
    "Wi-Fi connection information": [
      "view Wi-Fi connections"
    ],
    "Other": [
      "receive data from Internet",
      "view network connections",
      "full network access",
      "control vibration",
      "prevent device from sleeping",
      "Google Play license check"
    ]
  },
  "rate": [
    [
      "82,020",
      "4.2"
    ],
    [
      "53,499",
      "5"
    ],
    [
      "9,735",
      "4"
    ],
    [
      "6,857",
      "3"
    ],
    [
      "3,215",
      "2"
    ],
    [
      "8,714",
      "1"
    ]
  ],
  "required_android": "4.0",
  "reviews": [
    {
      "REQ_subtype": "",
      "REQ_type": "",
      "_id": 0,
      "author_id": "not defined",
      "author_name": "Devin Walker",
      "helpful": "1076",
      "polarity": "",
      "rate": 2,
      "response": "",
      "response_date": "",
      "review": "Honestly couldn't stop playing it... Until it required my money to proceed. Would have paid if it didn't force close every time I tried my tunnel ability. Let me actually try all aspects of game and maybe let me do more and fix bugs on HTC 10 and I will spend twice what is asked. Some mechanics here are superior to Pokemon, just needs better graphics in my opinion",
      "review_date": [
        "February",
        "20",
        " 2017"
      ]
    },
    {
      "REQ_subtype": "",
      "REQ_type": "",
      "_id": 1,
      "author_id": "not defined",
      "author_name": "Chad Bassett",
      "helpful": "0",
      "polarity": "",
      "rate": 4,
      "response": "",
      "response_date": "",
      "review": "The game itself is promising. However, I have only had the chance to play it the first time I opened it. Now I just get a black screen when I try to open it up. Its a newer Galaxy model and my operating system is up to date, so that shouldn't be an issue. I will give a good rating because it does seem like a great game when it does work.",
      "review_date": [
        "September",
        "1",
        " 2017"
      ]
    },
    {
      "REQ_subtype": "",
      "REQ_type": "",
      "_id": 2,
      "author_id": "not defined",
      "author_name": "Kevin Sturmer",
      "helpful": "32",
      "polarity": "",
      "rate": 2,
      "response": "",
      "response_date": "",
      "review": "Well it looked fun. The story was good. Graphics are great but my big \nproblem with this game is, I can only play it once then it wont start again \nunless I uninstall and reinstall it. Hopefully you guys can fix it. I'd \nlove to really play this game. Ya know for more than half an hour.",
      "review_date": [
        "April",
        "25",
        " 2018"
      ]
    },
    {
      "REQ_subtype": "",
      "REQ_type": "",
      "_id": 3,
      "author_id": "not defined",
      "author_name": "A Google user",
      "helpful": "0",
      "polarity": "",
      "rate": 4,
      "response": "",
      "response_date": "",
      "review": "Not to anger anyone but in many ways this is better than the pokemon games. But at least with the pokemon games you can proceed without paying. That bridge part is annoying. Why couldn't I use my creo to beat up the gaurds by the bridge so I could pass? Just seems like a logical option.",
      "review_date": [
        "April",
        "5",
        " 2017"
      ]
    },
    {
      "REQ_subtype": "",
      "REQ_type": "",
      "_id": 4,
      "author_id": "not defined",
      "author_name": "\u300a Cruisho \u300b",
      "helpful": "12",
      "polarity": "",
      "rate": 4,
      "response": "",
      "response_date": "",
      "review": "I really liked it! But I need to know, does it save all your creo when you \nbuy the full version in game? I'm too scared to buy the full game because \nI'm afraid I'll lose my creo. So can you inform me on what will happen \nafter you buy the full game? Please and thank you.",
      "review_date": [
        "May",
        "9",
        " 2018"
      ]
    },
    {
      "REQ_subtype": "",
      "REQ_type": "",
      "_id": 5,
      "author_id": "not defined",
      "author_name": "A Google user",
      "helpful": "0",
      "polarity": "",
      "rate": 3,
      "response": "",
      "response_date": "",
      "review": "I would give a better score if it didn't end up give me a black screen after one play. I'm playing using a Galaxy Note 8 so it's a great phone and up to date and should be able to handle the game. Please help as I see I'm not the only one having black screen problems and I don't want to buy the full version incase this happens with the paid version too!",
      "review_date": [
        "April",
        "7",
        " 2018"
      ]
    },
    {
      "REQ_subtype": "",
      "REQ_type": "",
      "_id": 6,
      "author_id": "not defined",
      "author_name": "Shunte Card",
      "helpful": "0",
      "polarity": "",
      "rate": 3,
      "response": "",
      "response_date": "",
      "review": "I'd give a full 5 if I didn't get a black screen on start. Started yesterday and went to play today but just got a black screen. I uninstalled/reinstalled and restarted, saved and then closed out to see if it would start up but got a black screen. I'd was planning to get the full version but now I don't want to if it's not going to work. Developers please advise.",
      "review_date": [
        "May",
        "17",
        " 2017"
      ]
    },
    {
      "REQ_subtype": "",
      "REQ_type": "",
      "_id": 7,
      "author_id": "not defined",
      "author_name": "kelechi oputa",
      "helpful": "0",
      "polarity": "",
      "rate": 2,
      "response": "",
      "response_date": "",
      "review": "Really nice game love it,  but full version is payed for!??  That's where u lost me (discouraged) . Plus store is not even accepting my card! Even if I'd pay.  But please apply more cool monsters it's got a lot of potential don't mess it up.....",
      "review_date": [
        "May",
        "8",
        " 2017"
      ]
    },
    {
      "REQ_subtype": "",
      "REQ_type": "",
      "_id": 8,
      "author_id": "not defined",
      "author_name": "Nathan Lopez",
      "helpful": "0",
      "polarity": "",
      "rate": 1,
      "response": "",
      "response_date": "",
      "review": "Well, I can't even play the game, so I can't even give it a good score. This is upsetting really. I was looking forward to playing it. And I also realized the black screen has been a problem for months and it still hasn't been fixed. Then again, it's been almost a year since the last update.. Devs are you even paying attention anymore?",
      "review_date": [
        "December",
        "25",
        " 2017"
      ]
    },
    {
      "REQ_subtype": "",
      "REQ_type": "",
      "_id": 9,
      "author_id": "not defined",
      "author_name": "Reginald Walker, Jr.",
      "helpful": "6",
      "polarity": "",
      "rate": 1,
      "response": "",
      "response_date": "",
      "review": "Was really diggin the game until in the middle of my gameplay I got a black \nscreen. Now when I try to restart my game I get a black screen at launch. \nIt was my first time playing and i was really impressed until that moment. \nThe black screen kills the game. Will give a 5 once it's fixed.",
      "review_date": [
        "April",
        "19",
        " 2018"
      ]
    },
    {
      "REQ_subtype": "",
      "REQ_type": "",
      "_id": 10,
      "author_id": "not defined",
      "author_name": "Coco Da cat",
      "helpful": "3",
      "polarity": "",
      "rate": 4,
      "response": "",
      "response_date": "",
      "review": "Its an awesome game, and I would definitively play the full game once I get \nmoney, but it's kind of dissapointing that it won't let me continue after a \nwhile. I have one complaint though: Why is the screen black when I go back \nto play it? Other than that, it's awesome!",
      "review_date": [
        "June",
        "13",
        " 2018"
      ]
    },
    {
      "REQ_subtype": "",
      "REQ_type": "",
      "_id": 11,
      "author_id": "not defined",
      "author_name": "Dj Long",
      "helpful": "6",
      "polarity": "",
      "rate": 2,
      "response": "",
      "response_date": "",
      "review": "The game was great when I first opened it, but it stopped working as soon \nas I closed it. I tried force shutting the game, clearing cache, and \nclearing data, but the game would not turn on. So I uninstalled and \nreinstalled, and it worked again. But I went off the game again, and when I \nreturned IT WOULDN'T WORK, AGAIN. Major bug issues going on, I'll change my \nreview when this bug is fixed",
      "review_date": [
        "April",
        "18",
        " 2018"
      ]
    },
    {
      "REQ_subtype": "",
      "REQ_type": "",
      "_id": 12,
      "author_id": "not defined",
      "author_name": "Maximilian Cooke",
      "helpful": "0",
      "polarity": "",
      "rate": 2,
      "response": "",
      "response_date": "",
      "review": "Black screen on launch. Does not work on my Nexus 6P. It used to. Been broken for over 6 months. Customer Service is non-existent. Great game if it'd works.",
      "review_date": [
        "April",
        "27",
        " 2017"
      ]
    },
    {
      "REQ_subtype": "",
      "REQ_type": "",
      "_id": 13,
      "author_id": "not defined",
      "author_name": "W!ll!am",
      "helpful": "32",
      "polarity": "",
      "rate": 1,
      "response": "",
      "response_date": "",
      "review": "make the full game free... you Jackasses....hint.. false advertisement and this thing because it's not a game it's demo to your game to where you advertise it for free but you want people to pay $0.99 for it. like I said false advertisement at its best... have good my people...",
      "review_date": [
        "December",
        "14",
        " 2017"
      ]
    },
    {
      "REQ_subtype": "",
      "REQ_type": "",
      "_id": 14,
      "author_id": "not defined",
      "author_name": "Cassie Davis",
      "helpful": "46",
      "polarity": "",
      "rate": 5,
      "response": "",
      "response_date": "",
      "review": "I personally love this game. Any of you guys who are frustrated that there's only so much gameplay, they need to give people a reason to play the full game. There's still plenty of stuff to do. Like level up your Creo. Even hunt around for rare Creo.",
      "review_date": [
        "June",
        "21",
        " 2017"
      ]
    },
    {
      "REQ_subtype": "",
      "REQ_type": "",
      "_id": 15,
      "author_id": "not defined",
      "author_name": "Michael Rutherford",
      "helpful": "0",
      "polarity": "",
      "rate": 2,
      "response": "",
      "response_date": "",
      "review": "Only got to play once. Game just opens up to a black screen and damn near freezes my phone. Worked great the first time. Now it doesn't work at all.",
      "review_date": [
        "August",
        "26",
        " 2017"
      ]
    },
    {
      "REQ_subtype": "",
      "REQ_type": "",
      "_id": 16,
      "author_id": "not defined",
      "author_name": "Jade Mundy",
      "helpful": "2",
      "polarity": "",
      "rate": 3,
      "response": "",
      "response_date": "",
      "review": "It is really anoying that you have to buy the $1 game to go passed the \nbridge. Thay should let you battle a strong police, so if you win you can \ngo pass!\ud83d\ude0e",
      "review_date": [
        "April",
        "28",
        " 2018"
      ]
    },
    {
      "REQ_subtype": "",
      "REQ_type": "",
      "_id": 17,
      "author_id": "not defined",
      "author_name": "Bretton Thelin",
      "helpful": "37",
      "polarity": "",
      "rate": 3,
      "response": "",
      "response_date": "",
      "review": "Looks like it could be really fun, but I had to leave right after I started it up, so I closed the app and only got blackscreened whenever I tried to open it back up. Force stopped it and reinstalled it, but no luck. Wish I could enjoy it",
      "review_date": [
        "May",
        "7",
        " 2017"
      ]
    },
    {
      "REQ_subtype": "",
      "REQ_type": "",
      "_id": 18,
      "author_id": "not defined",
      "author_name": "Koh Jia Min",
      "helpful": "22",
      "polarity": "",
      "rate": 5,
      "response": "",
      "response_date": "",
      "review": "Wish this was actually a proper version of it's own. Hate that it totally cuts you off halfway throught the game play, and prompts you to buy the full version. Can't it be a simpler version that has proper gameplay for the people who might not want to pay?",
      "review_date": [
        "November",
        "24",
        " 2017"
      ]
    },
    {
      "REQ_subtype": "",
      "REQ_type": "",
      "_id": 19,
      "author_id": "not defined",
      "author_name": "Taylin Smith",
      "helpful": "13",
      "polarity": "",
      "rate": 2,
      "response": "",
      "response_date": "",
      "review": "It worked the first time I opened it however it doesn't work anymore, every time I try to start opening it up it just gives me a black screen with no response. Seriously developers fix the darn black screen problem",
      "review_date": [
        "January",
        "25",
        " 2018"
      ]
    },
    {
      "REQ_subtype": "",
      "REQ_type": "",
      "_id": 20,
      "author_id": "not defined",
      "author_name": "eric lewis",
      "helpful": "0",
      "polarity": "",
      "rate": 1,
      "response": "",
      "response_date": "",
      "review": "I try and open it and it always go black... Been doing it for a month now. \nI started to buy the game til this happen",
      "review_date": [
        "July",
        "12",
        " 2018"
      ]
    },
    {
      "REQ_subtype": "",
      "REQ_type": "",
      "_id": 21,
      "author_id": "not defined",
      "author_name": "ELYSIA Dhanasar",
      "helpful": "0",
      "polarity": "",
      "rate": 4,
      "response": "",
      "response_date": "",
      "review": "This has to be the greatest of them all. And of coruse...it is just like \npokemon!!!! But there is one probelm. The first time i got the game, it \nkept crashing. But most important, this game is great.",
      "review_date": [
        "April",
        "19",
        " 2018"
      ]
    },
    {
      "REQ_subtype": "",
      "REQ_type": "",
      "_id": 22,
      "author_id": "not defined",
      "author_name": "Terrific Typhlosion",
      "helpful": "0",
      "polarity": "",
      "rate": 4,
      "response": "",
      "response_date": "",
      "review": "I love the game and it's much better than I thought it would be.  I played this free version first and got annoyed when I found out I was playing a sample game and saw that the real deal is a dollar because I had played for a while and got to a dead end XD.",
      "review_date": [
        "December",
        "10",
        " 2017"
      ]
    },
    {
      "REQ_subtype": "",
      "REQ_type": "",
      "_id": 23,
      "author_id": "not defined",
      "author_name": "steven moore",
      "helpful": "10",
      "polarity": "",
      "rate": 3,
      "response": "",
      "response_date": "",
      "review": "I loved the game when I could play it but I would keep going black.This is a new phone and it is up to date on up dates. Please. Devs please. Fix this problem because the game has been amazing in the first few minutes.",
      "review_date": [
        "December",
        "28",
        " 2017"
      ]
    },
    {
      "REQ_subtype": "",
      "REQ_type": "",
      "_id": 24,
      "author_id": "not defined",
      "author_name": "kelly bloomwood",
      "helpful": "2",
      "polarity": "",
      "rate": 1,
      "response": "",
      "response_date": "",
      "review": "I just downloaded this game and funny how it wont even start. It only shows \na black screen \ud83d\ude12",
      "review_date": [
        "April",
        "15",
        " 2018"
      ]
    },
    {
      "REQ_subtype": "",
      "REQ_type": "",
      "_id": 25,
      "author_id": "not defined",
      "author_name": "Alex Penberthy",
      "helpful": "18",
      "polarity": "",
      "rate": 1,
      "response": "",
      "response_date": "",
      "review": "I found the pay for version first and then this one. I got this one coz it's free. BLACK SCREEN ON STARTUP.  \ud83d\ude20 it looked like a really good game but unfortunately I can't play it.",
      "review_date": [
        "December",
        "28",
        " 2017"
      ]
    },
    {
      "REQ_subtype": "",
      "REQ_type": "",
      "_id": 26,
      "author_id": "not defined",
      "author_name": "XDJ Beats",
      "helpful": "7",
      "polarity": "",
      "rate": 2,
      "response": "",
      "response_date": "",
      "review": "Great game but the lite version doesn't load when I open it up a second time it just goes black then force closes. So I have to reinstall the app for it to work please fix and I will give the five stars.",
      "review_date": [
        "November",
        "13",
        " 2017"
      ]
    },
    {
      "REQ_subtype": "",
      "REQ_type": "",
      "_id": 27,
      "author_id": "not defined",
      "author_name": "Sara Mich",
      "helpful": "9",
      "polarity": "",
      "rate": 1,
      "response": "",
      "response_date": "",
      "review": "Are you serious? This is my first time playing this game and there's no rules like I don't know what to do! Please fix this and add instructions most importantly, MAKE IT LESS CONFUSING",
      "review_date": [
        "October",
        "22",
        " 2017"
      ]
    },
    {
      "REQ_subtype": "",
      "REQ_type": "",
      "_id": 28,
      "author_id": "not defined",
      "author_name": "Jean-Paul Ismael",
      "helpful": "5",
      "polarity": "",
      "rate": 1,
      "response": "",
      "response_date": "",
      "review": "Every time I open the app, it freezes (black screen) on my Galaxy S7. I want to buy the pro version but don't want to take the risk of it freezing just like this.",
      "review_date": [
        "April",
        "6",
        " 2018"
      ]
    },
    {
      "REQ_subtype": "",
      "REQ_type": "",
      "_id": 29,
      "author_id": "not defined",
      "author_name": "xX_SavageGamingz_Xx",
      "helpful": "0",
      "polarity": "",
      "rate": 5,
      "response": "",
      "response_date": "",
      "review": "GUYS U CAN GET THE FULL VERSION BY DOWNLOADING APTOIDE JUST GO TO A CHROME AND SEARCH APTOIDE  AND DOWNLOAD IT FOR FREE AND ONCE U DOWNLOAD IT SEARCH EVOCREO AND INSTALL AND PLAY IT FOR FREE THAT IS THE EASY WAY TO GET THE FULL VERSION OF EVOCREO BUT IT WILL TAKE MUCH MIN. AND THATS IT U WILL NEVER BUY IT! AND APTOIDE IS THE BEST PLAY STORE EVER AND ALL OF THE GAMES ARE FREE! \ud83d\ude09\ud83d\ude09\ud83d\udc96\ud83d\udc96\ud83d\udc96",
      "review_date": [
        "April",
        "14",
        " 2017"
      ]
    },
    {
      "REQ_subtype": "",
      "REQ_type": "",
      "_id": 30,
      "author_id": "not defined",
      "author_name": "Antonis Kypridemos",
      "helpful": "0",
      "polarity": "",
      "rate": 2,
      "response": "",
      "response_date": "",
      "review": "Black screen problem really annoying. Graphic need to be improved bit a very nice game in general that would be addicted if these problems were not exist",
      "review_date": [
        "November",
        "25",
        " 2017"
      ]
    },
    {
      "REQ_subtype": "",
      "REQ_type": "",
      "_id": 31,
      "author_id": "not defined",
      "author_name": "galaxy boy98665",
      "helpful": "20",
      "polarity": "",
      "rate": 2,
      "response": "",
      "response_date": "",
      "review": "I dislike the game because I was trying to play Evocreo-lite 2 days ago then I can't play the game 2 days and I sended 2 Feedback :( I think you better fix this mistake or else.......",
      "review_date": [
        "June",
        "29",
        " 2017"
      ]
    },
    {
      "REQ_subtype": "",
      "REQ_type": "",
      "_id": 32,
      "author_id": "not defined",
      "author_name": "Echo497",
      "helpful": "12",
      "polarity": "",
      "rate": 4,
      "response": "",
      "response_date": "",
      "review": "4 stars cuz i played it once and it was/is an AMAZING game, but when i opened the app it gave me a black screen then said \"EvoCreo - Lite is not responding...\" and there were 3 buttons: 'Close app' 'Wait' and 'Send Feedback'",
      "review_date": [
        "June",
        "28",
        " 2017"
      ]
    },
    {
      "REQ_subtype": "",
      "REQ_type": "",
      "_id": 33,
      "author_id": "not defined",
      "author_name": "Patrick Richardson",
      "helpful": "13",
      "polarity": "",
      "rate": 1,
      "response": "",
      "response_date": "",
      "review": "I downloaded and opened once and played for 30 mins then went to open and play this morning and it wont load at all.. Just a black screen",
      "review_date": [
        "August",
        "11",
        " 2017"
      ]
    },
    {
      "REQ_subtype": "",
      "REQ_type": "",
      "_id": 34,
      "author_id": "not defined",
      "author_name": "Angel Narvaez",
      "helpful": "0",
      "polarity": "",
      "rate": 2,
      "response": "",
      "response_date": "",
      "review": "WHEN I PLAY LONGER THE SCREEN TURNS BLACK AND I CANT PLAY IT ANYMORE. THEN ILL UNINSTALL IT THEN INSTALL IT AGAIN AND LATER WHEN I PLAYED AGAIN IT BECOMES BLACK IM SO DISAPPOINTED CAUSE ITS SUCH A GOOD GAME PLEASE FIX IT.",
      "review_date": [
        "May",
        "20",
        " 2017"
      ]
    },
    {
      "REQ_subtype": "",
      "REQ_type": "",
      "_id": 35,
      "author_id": "not defined",
      "author_name": "Joe Phipps",
      "helpful": "0",
      "polarity": "",
      "rate": 1,
      "response": "",
      "response_date": "",
      "review": "Will not load. Waste of time. Will NOT buy the full version if the demo doesnt work.",
      "review_date": [
        "July",
        "16",
        " 2017"
      ]
    },
    {
      "REQ_subtype": "",
      "REQ_type": "",
      "_id": 36,
      "author_id": "not defined",
      "author_name": "Dana Nash",
      "helpful": "15",
      "polarity": "",
      "rate": 3,
      "response": "",
      "response_date": "",
      "review": "I think that we shouldn't have to pay to get the full version it's stupid but if we didn't have to pay to get the full version and be able to explore more this would be the best game I've ever played",
      "review_date": [
        "April",
        "19",
        " 2017"
      ]
    },
    {
      "REQ_subtype": "",
      "REQ_type": "",
      "_id": 37,
      "author_id": "not defined",
      "author_name": "Hayden Mans",
      "helpful": "0",
      "polarity": "",
      "rate": 4,
      "response": "",
      "response_date": "",
      "review": "When I first got it I was doing great, I even evolved a couple Creos. But then when I went back to play it again, all I got was a black screen, and I looked and I'm not the only one with this problem. Please fix this as soon as possible. I really liked the rest of this game, though!",
      "review_date": [
        "September",
        "18",
        " 2017"
      ]
    },
    {
      "REQ_subtype": "",
      "REQ_type": "",
      "_id": 38,
      "author_id": "not defined",
      "author_name": "Sound The alarm",
      "helpful": "1",
      "polarity": "",
      "rate": 4,
      "response": "",
      "response_date": "",
      "review": "Well its a good game and i think its worth a dollar but from what. I saw from the demo im not sure it keeps crashing and doesnt work most the time but the game it self isnt bad at all if it had slightly better graphics and less bugs i could see it up there next to pokemon o and did you make it so we cant play anymore after the first run on purpose because it feels like you did",
      "review_date": [
        "February",
        "20",
        " 2018"
      ]
    },
    {
      "REQ_subtype": "",
      "REQ_type": "",
      "_id": 39,
      "author_id": "not defined",
      "author_name": "Lili Noscario",
      "helpful": "0",
      "polarity": "",
      "rate": 4,
      "response": "",
      "response_date": "",
      "review": "Its the closest thing to pok\u00e9mon I've ever seen that works good, but isn't terramonsters saga. THE ONLY ISSUE IS YOU HAVE TO PAY TO FINISH! DON'T DOWLOAD THIS GAME IF YOU DON'T LIKE CLIFFHANGERS AND HATE  PAY TO PLAY! ):( REMOVE LITE VERSION. APPS SHOULD BE ALL FREE OR ALL PAY. DEMOS ARE EVIL. 3... 2... 1... uninstall. There's always my 3Ds...",
      "review_date": [
        "June",
        "26",
        " 2017"
      ]
    },
    {
      "REQ_subtype": "",
      "REQ_type": "",
      "_id": 40,
      "author_id": "not defined",
      "author_name": "A Google user",
      "helpful": "0",
      "polarity": "",
      "rate": 4,
      "response": "",
      "response_date": "",
      "review": "Realy good game but why do I have to pay for the full version? The part on the bridge is not good and the cave never opens \ud83d\ude15\ud83d\ude15\ud83d\ude22\ud83d\ude22",
      "review_date": [
        "May",
        "21",
        " 2017"
      ]
    },
    {
      "REQ_subtype": "",
      "REQ_type": "",
      "_id": 41,
      "author_id": "not defined",
      "author_name": "David Pepper",
      "helpful": "0",
      "polarity": "",
      "rate": 2,
      "response": "",
      "response_date": "",
      "review": "Really enjoyable to play if not confusing where to go at first, BUT, after you close the game, it won't open again, it just crashed on launch. I presume uninstalling and reinstalling would fix this but I'm not going to do that everytime I want to play. It's a shame because it feels like one of the best Pok\u00e9mon clones I've played, haven't had enough experience with it yet though.",
      "review_date": [
        "May",
        "9",
        " 2017"
      ]
    },
    {
      "REQ_subtype": "",
      "REQ_type": "",
      "_id": 42,
      "author_id": "not defined",
      "author_name": "MsVladica",
      "helpful": "5",
      "polarity": "",
      "rate": 1,
      "response": "",
      "response_date": "",
      "review": "Game started fine initially; now only a black screen. At least I hadn't wasted money before it broke.",
      "review_date": [
        "January",
        "16",
        " 2018"
      ]
    },
    {
      "REQ_subtype": "",
      "REQ_type": "",
      "_id": 43,
      "author_id": "not defined",
      "author_name": "Melvin Cede\u00f1o",
      "helpful": "4",
      "polarity": "",
      "rate": 5,
      "response": "",
      "response_date": "",
      "review": "Adictive as a game can get you to, loved the free version and upgrading to the .99 full house, prepare evocreo cause the best has yet to come! xD",
      "review_date": [
        "October",
        "26",
        " 2017"
      ]
    },
    {
      "REQ_subtype": "",
      "REQ_type": "",
      "_id": 44,
      "author_id": "not defined",
      "author_name": "Michael Dominguez",
      "helpful": "6",
      "polarity": "",
      "rate": 4,
      "response": "",
      "response_date": "",
      "review": "I loved the aspects of it, I did not like the controls that much. No glitches works perfect! Although I'd love to see the full version but I can't afford it since I am very young.",
      "review_date": [
        "November",
        "17",
        " 2017"
      ]
    },
    {
      "REQ_subtype": "",
      "REQ_type": "",
      "_id": 45,
      "author_id": "not defined",
      "author_name": "Owl Queen",
      "helpful": "18",
      "polarity": "",
      "rate": 3,
      "response": "",
      "response_date": "",
      "review": "I don't think that it's really good,but I don't think that it's really bad either,maybe because koppla cave never opens up .",
      "review_date": [
        "March",
        "25",
        " 2017"
      ]
    },
    {
      "REQ_subtype": "",
      "REQ_type": "",
      "_id": 46,
      "author_id": "not defined",
      "author_name": "Febe Rose Alvarez",
      "helpful": "10",
      "polarity": "",
      "rate": 3,
      "response": "",
      "response_date": "",
      "review": "Why ?.....i really like the game but you need money to proceed and when i go dig a tunnel with my creo  it will say \"evocreo has stopped\" this so unfair",
      "review_date": [
        "June",
        "12",
        " 2017"
      ]
    },
    {
      "REQ_subtype": "",
      "REQ_type": "",
      "_id": 47,
      "author_id": "not defined",
      "author_name": "A Google user",
      "helpful": "3",
      "polarity": "",
      "rate": 3,
      "response": "",
      "response_date": "",
      "review": "Was a fun game for the total 10 minutes I got to play. I downloaded it yesterday and now it's just a black screen.",
      "review_date": [
        "December",
        "11",
        " 2017"
      ]
    },
    {
      "REQ_subtype": "",
      "REQ_type": "",
      "_id": 48,
      "author_id": "not defined",
      "author_name": "VortexGamer :v",
      "helpful": "5",
      "polarity": "",
      "rate": 1,
      "response": "",
      "response_date": "",
      "review": "Mi Samsung es un j3 prime no lo probe exepto la primera pero me sali porque ahorita no queria jugar y Volvi a entrar y se quedaba en negro ayudenme y les dare 5 estrellas okp",
      "review_date": [
        "June",
        "7",
        " 2017"
      ]
    },
    {
      "REQ_subtype": "",
      "REQ_type": "",
      "_id": 49,
      "author_id": "not defined",
      "author_name": "Demigodreject",
      "helpful": "4",
      "polarity": "",
      "rate": 3,
      "response": "",
      "response_date": "",
      "review": "Great game, but extremely hard beginning. I have to grind two creo to level ten to even start my journey.",
      "review_date": [
        "August",
        "24",
        " 2017"
      ]
    },
    {
      "REQ_subtype": "",
      "REQ_type": "",
      "_id": 50,
      "author_id": "not defined",
      "author_name": "Andrew Ayala",
      "helpful": "1",
      "polarity": "",
      "rate": 2,
      "response": "",
      "response_date": "",
      "review": "Please fix the bug where it can't be opened more than once. I can't \ncontinue my save file because wit freezes and force closes at a black \nscreen on the second launch onwards.",
      "review_date": [
        "June",
        "14",
        " 2018"
      ]
    },
    {
      "REQ_subtype": "",
      "REQ_type": "",
      "_id": 51,
      "author_id": "not defined",
      "author_name": "Josue Martinez",
      "helpful": "2",
      "polarity": "",
      "rate": 1,
      "response": "",
      "response_date": "",
      "review": "Successfully opened the game once. I close the app and a couple hours later I decided to play it once more and that was it. The game didn't start I was just led to a black screen and after a minute or so it says the app isn't working....",
      "review_date": [
        "March",
        "29",
        " 2018"
      ]
    },
    {
      "REQ_subtype": "",
      "REQ_type": "",
      "_id": 52,
      "author_id": "not defined",
      "author_name": "Xavier Holland",
      "helpful": "0",
      "polarity": "",
      "rate": 1,
      "response": "",
      "response_date": "",
      "review": "Good game when it works. Since i closed the app i cannot get back into the app very dissapointed it seems like a fun game please fix this issue",
      "review_date": [
        "August",
        "11",
        " 2017"
      ]
    },
    {
      "REQ_subtype": "",
      "REQ_type": "",
      "_id": 53,
      "author_id": "not defined",
      "author_name": "jr swartz",
      "helpful": "0",
      "polarity": "",
      "rate": 1,
      "response": "",
      "response_date": "",
      "review": "Wanted to try it before I bought the full version. It looks fun but after the closing the app for the first time, when I try to open it, it just gives me a black screen. Idk",
      "review_date": [
        "August",
        "23",
        " 2017"
      ]
    },
    {
      "REQ_subtype": "",
      "REQ_type": "",
      "_id": 54,
      "author_id": "not defined",
      "author_name": "Victor Melgar",
      "helpful": "3",
      "polarity": "",
      "rate": 5,
      "response": "",
      "response_date": "",
      "review": "This Is A Really Good It Just Goes to my my homscreen when I use tunnel but really pay .99 for the full game but still I want to buy the full game but I'm afraid I am start over does anyone know if I do",
      "review_date": [
        "November",
        "16",
        " 2017"
      ]
    },
    {
      "REQ_subtype": "",
      "REQ_type": "",
      "_id": 55,
      "author_id": "not defined",
      "author_name": "PacMaster Studios",
      "helpful": "0",
      "polarity": "",
      "rate": 4,
      "response": "",
      "response_date": "",
      "review": "On par with Pokemon, but tons of differences and it's pretty good for what it is.  It plays well but the lite version sometimes doesnt work.",
      "review_date": [
        "November",
        "20",
        " 2017"
      ]
    },
    {
      "REQ_subtype": "",
      "REQ_type": "",
      "_id": 56,
      "author_id": "not defined",
      "author_name": "mylene potestades",
      "helpful": "1",
      "polarity": "",
      "rate": 5,
      "response": "",
      "response_date": "",
      "review": "This game is so good and so addictive but I couldn't finish it because I couldn't get through the guards and when it needs payment it doesn't work.I gave you five star because I really love it,I wish I could finish it. I'm waiting for it's full free version.",
      "review_date": [
        "January",
        "20",
        " 2018"
      ]
    },
    {
      "REQ_subtype": "",
      "REQ_type": "",
      "_id": 57,
      "author_id": "not defined",
      "author_name": "Tika Siwakoti",
      "helpful": "4",
      "polarity": "",
      "rate": 1,
      "response": "",
      "response_date": "",
      "review": "The game won't even launch. When I click the app it freezes and show me a black screen.",
      "review_date": [
        "December",
        "1",
        " 2017"
      ]
    },
    {
      "REQ_subtype": "",
      "REQ_type": "",
      "_id": 58,
      "author_id": "not defined",
      "author_name": "Aryan Menon",
      "helpful": "4",
      "polarity": "",
      "rate": 3,
      "response": "",
      "response_date": "",
      "review": "It's a good game and all, but you've to pay real money so that you could cross the bridge. Fix that before I rate you 5 stars.",
      "review_date": [
        "September",
        "9",
        " 2017"
      ]
    },
    {
      "REQ_subtype": "",
      "REQ_type": "",
      "_id": 59,
      "author_id": "not defined",
      "author_name": "L\u00f8lbit Nerd",
      "helpful": "2",
      "polarity": "",
      "rate": 5,
      "response": "",
      "response_date": "",
      "review": "I absolutely love this game, it really gives you the Pok\u00e9mon feel and Im totally buying the full game when I get the chance, you guys did a great job and I can't wait for the full game, I'm looking forward to it!",
      "review_date": [
        "November",
        "25",
        " 2017"
      ]
    },
    {
      "REQ_subtype": "",
      "REQ_type": "",
      "_id": 60,
      "author_id": "not defined",
      "author_name": "Steven Mclean",
      "helpful": "6",
      "polarity": "",
      "rate": 4,
      "response": "",
      "response_date": "",
      "review": "Putchased full game but still wont me get passed says i have to purchase the full game but i still like the game",
      "review_date": [
        "May",
        "11",
        " 2017"
      ]
    },
    {
      "REQ_subtype": "",
      "REQ_type": "",
      "_id": 61,
      "author_id": "not defined",
      "author_name": "TomPlays YT",
      "helpful": "0",
      "polarity": "",
      "rate": 3,
      "response": "",
      "response_date": "",
      "review": "I Want U Guys Please Fix the Trail1 right beside the door to the cave i want u to fix it becrause when i load the game im in the top of the door to the cave can u fix it?fix that there are no barracade invisible wall i can't play this game if u did not fix that,make sure to fix the walls into the trail1all the invisble walls make them nlt wall so i can go back please if u do that ill give this game a 5 likes,",
      "review_date": [
        "August",
        "23",
        " 2017"
      ]
    },
    {
      "REQ_subtype": "",
      "REQ_type": "",
      "_id": 62,
      "author_id": "not defined",
      "author_name": "Dimand CREEPER89",
      "helpful": "7",
      "polarity": "",
      "rate": 2,
      "response": "",
      "response_date": "",
      "review": "You have to have the full game to continue and buy it I hate this game don't download please",
      "review_date": [
        "April",
        "17",
        " 2017"
      ]
    },
    {
      "REQ_subtype": "",
      "REQ_type": "",
      "_id": 63,
      "author_id": "not defined",
      "author_name": "Dave",
      "helpful": "3",
      "polarity": "",
      "rate": 5,
      "response": "",
      "response_date": "",
      "review": "Love it all, the story could use some work, I didn't get why I had to beat the arena in order to get into the lab when there wasn't anything to do there, but overall, I loved it. I'll definitely\u200b buy the full version.",
      "review_date": [
        "July",
        "25",
        " 2017"
      ]
    },
    {
      "REQ_subtype": "",
      "REQ_type": "",
      "_id": 64,
      "author_id": "not defined",
      "author_name": "Jesse Labrecque",
      "helpful": "3",
      "polarity": "",
      "rate": 1,
      "response": "",
      "response_date": "",
      "review": "every time I started the game it opened fine but if I got off and then got back on later it opens a black screen and doesn't exit it.",
      "review_date": [
        "August",
        "17",
        " 2017"
      ]
    },
    {
      "REQ_subtype": "",
      "REQ_type": "",
      "_id": 65,
      "author_id": "not defined",
      "author_name": "Aden Braughler",
      "helpful": "0",
      "polarity": "",
      "rate": 5,
      "response": "",
      "response_date": "",
      "review": "AWESOME! I've been trying to find a way to play the classic pok\u00e9mon games so this is great! Please make an update for the full version where the Creo can mega evolve and creos similar to mew and mewtwo, and people similar to team rocket and team flare. And make the map simpler, like show the paths and stuff",
      "review_date": [
        "April",
        "10",
        " 2017"
      ]
    },
    {
      "REQ_subtype": "",
      "REQ_type": "",
      "_id": 66,
      "author_id": "not defined",
      "author_name": "leotheblazeo Minecraft",
      "helpful": "25",
      "polarity": "",
      "rate": 5,
      "response": "",
      "response_date": "",
      "review": "Its like pokemon fire red but with cooler monsters,moves and animations",
      "review_date": [
        "February",
        "23",
        " 2017"
      ]
    },
    {
      "REQ_subtype": "",
      "REQ_type": "",
      "_id": 67,
      "author_id": "not defined",
      "author_name": "Luiseduardo Brea",
      "helpful": "0",
      "polarity": "",
      "rate": 5,
      "response": "",
      "response_date": "",
      "review": "Its exactly like pokemon but with with a little difference in Gba there were more comfortable controls like A and B and here its only one (E) Why? You guys have to make this game to no look like the original game? You have the graffics up it wasn't that difficult to add another button",
      "review_date": [
        "July",
        "12",
        " 2017"
      ]
    },
    {
      "REQ_subtype": "",
      "REQ_type": "",
      "_id": 68,
      "author_id": "not defined",
      "author_name": "carrot nouis",
      "helpful": "0",
      "polarity": "",
      "rate": 3,
      "response": "",
      "response_date": "",
      "review": "its quite unfair because it was free and all but you still need to purchase full version to proceed to the carbon city. i did nothing but to fight in arenas and train my creo's. nothing else. couldn't enter koppla cave and whenever i use the tunnel ability the app closes and it's annoying. i hope this can be fixed. a lot have been complaining about this and it's unfair.",
      "review_date": [
        "February",
        "28",
        " 2017"
      ]
    },
    {
      "REQ_subtype": "",
      "REQ_type": "",
      "_id": 69,
      "author_id": "not defined",
      "author_name": "King Gekke",
      "helpful": "20",
      "polarity": "",
      "rate": 5,
      "response": "",
      "response_date": "",
      "review": "Well suggest you don't get this pay for the good version this free version is to short but OK",
      "review_date": [
        "March",
        "10",
        " 2017"
      ]
    },
    {
      "REQ_subtype": "",
      "REQ_type": "",
      "_id": 70,
      "author_id": "not defined",
      "author_name": "Amelia Hallworth",
      "helpful": "3",
      "polarity": "",
      "rate": 1,
      "response": "",
      "response_date": "",
      "review": "I really liked it and bought the full version, but it won't transfer my file. Looks like I'm going to have to start over on the full version.....",
      "review_date": [
        "July",
        "4",
        " 2017"
      ]
    },
    {
      "REQ_subtype": "",
      "REQ_type": "",
      "_id": 71,
      "author_id": "not defined",
      "author_name": "Sam Brandom",
      "helpful": "3",
      "polarity": "",
      "rate": 1,
      "response": "",
      "response_date": "",
      "review": "I did like this game. Played it for a few hours the first day but now i cant open it, all i get is a black screen..",
      "review_date": [
        "October",
        "2",
        " 2017"
      ]
    },
    {
      "REQ_subtype": "",
      "REQ_type": "",
      "_id": 72,
      "author_id": "not defined",
      "author_name": "Jerome Johnson",
      "helpful": "3",
      "polarity": "",
      "rate": 5,
      "response": "",
      "response_date": "",
      "review": "I never played this bit this review Is so worth typing it just look like pokemon plus the reviews thank you for making a base pokemon game that no ratchet \ud83d\ude01",
      "review_date": [
        "August",
        "12",
        " 2017"
      ]
    },
    {
      "REQ_subtype": "",
      "REQ_type": "",
      "_id": 73,
      "author_id": "not defined",
      "author_name": "Erik Simmons",
      "helpful": "0",
      "polarity": "",
      "rate": 2,
      "response": "",
      "response_date": "",
      "review": "The app is now working for Android. I have not had a chance to  get very far, but the game already seems promising. A more in-depth review will be posted later.  The app only works once after you install it. After that you need to reinstall it to have it work",
      "review_date": [
        "February",
        "18",
        " 2017"
      ]
    },
    {
      "REQ_subtype": "",
      "REQ_type": "",
      "_id": 74,
      "author_id": "not defined",
      "author_name": "A Google user",
      "helpful": "4",
      "polarity": "",
      "rate": 3,
      "response": "",
      "response_date": "",
      "review": "I really like it but has my fellow game players have said you guys need to work on your graphics",
      "review_date": [
        "July",
        "2",
        " 2017"
      ]
    },
    {
      "REQ_subtype": "",
      "REQ_type": "",
      "_id": 75,
      "author_id": "not defined",
      "author_name": "Mastergamer XY",
      "helpful": "0",
      "polarity": "",
      "rate": 1,
      "response": "",
      "response_date": "",
      "review": "I did like it but when it said u have to buy the full version to play i got mad because im no aload to buy stuff from games or google play till i get a google gift card witch will be a long time :(.",
      "review_date": [
        "October",
        "4",
        " 2017"
      ]
    },
    {
      "REQ_subtype": "",
      "REQ_type": "",
      "_id": 76,
      "author_id": "not defined",
      "author_name": "Tony Tony",
      "helpful": "4",
      "polarity": "",
      "rate": 5,
      "response": "",
      "response_date": "",
      "review": "This is great but the full realy make me cry please remove it i am beging you please will you gyus and wish a good luck in the future",
      "review_date": [
        "July",
        "14",
        " 2017"
      ]
    },
    {
      "REQ_subtype": "",
      "REQ_type": "",
      "_id": 77,
      "author_id": "not defined",
      "author_name": "james launchbury-rainey",
      "helpful": "1",
      "polarity": "",
      "rate": 4,
      "response": "",
      "response_date": "",
      "review": "It was great but now I'm stuck on a black screen every time I open the game, little help?",
      "review_date": [
        "January",
        "21",
        " 2018"
      ]
    },
    {
      "REQ_subtype": "",
      "REQ_type": "",
      "_id": 78,
      "author_id": "not defined",
      "author_name": "cj king",
      "helpful": "5",
      "polarity": "",
      "rate": 4,
      "response": "",
      "response_date": "",
      "review": "It good but if it were alittle bit more like pokemon like the starters then i would give it 5*",
      "review_date": [
        "July",
        "21",
        " 2017"
      ]
    },
    {
      "REQ_subtype": "",
      "REQ_type": "",
      "_id": 79,
      "author_id": "not defined",
      "author_name": "Savannah Barbee",
      "helpful": "4",
      "polarity": "",
      "rate": 4,
      "response": "",
      "response_date": "",
      "review": "It's fun,but you only get the first bit of the story,then you have to spend money on the game",
      "review_date": [
        "July",
        "30",
        " 2017"
      ]
    },
    {
      "REQ_subtype": "",
      "REQ_type": "",
      "_id": 80,
      "author_id": "not defined",
      "author_name": "RAGINGCOBB YT",
      "helpful": "1",
      "polarity": "",
      "rate": 5,
      "response": "",
      "response_date": "",
      "review": "very good game i played after all but I don't really expect that I have to buy the full version anyway it's a good game and it is quite similar to pokemon rpg games",
      "review_date": [
        "February",
        "1",
        " 2018"
      ]
    },
    {
      "REQ_subtype": "",
      "REQ_type": "",
      "_id": 81,
      "author_id": "not defined",
      "author_name": "John K",
      "helpful": "4",
      "polarity": "",
      "rate": 1,
      "response": "",
      "response_date": "",
      "review": "Only works the first time you run it. After that, you simply get a black screen until you reinstall it. Running on an LG G6.",
      "review_date": [
        "August",
        "9",
        " 2017"
      ]
    },
    {
      "REQ_subtype": "",
      "REQ_type": "",
      "_id": 82,
      "author_id": "not defined",
      "author_name": "Lord Reyu",
      "helpful": "1",
      "polarity": "",
      "rate": 1,
      "response": "",
      "response_date": "",
      "review": "Whenever I open it its just a black screen, ive waited for like half an hour making sure my phone stayed on but nothing would load.",
      "review_date": [
        "December",
        "17",
        " 2017"
      ]
    },
    {
      "REQ_subtype": "",
      "REQ_type": "",
      "_id": 83,
      "author_id": "not defined",
      "author_name": "Carlos Rivera",
      "helpful": "6",
      "polarity": "",
      "rate": 1,
      "response": "",
      "response_date": "",
      "review": "Keeps freezing my I pad and wont load just stays black",
      "review_date": [
        "July",
        "24",
        " 2017"
      ]
    },
    {
      "REQ_subtype": "",
      "REQ_type": "",
      "_id": 84,
      "author_id": "not defined",
      "author_name": "Sameer Sings",
      "helpful": "1",
      "polarity": "",
      "rate": 1,
      "response": "",
      "response_date": "",
      "review": "I have scarlon it has ability to fly but it doesn't fly and the screen goes black and it says evocreo lite has stopped please do something",
      "review_date": [
        "November",
        "20",
        " 2017"
      ]
    },
    {
      "REQ_subtype": "",
      "REQ_type": "",
      "_id": 85,
      "author_id": "not defined",
      "author_name": "Kevin Rainbolt",
      "helpful": "1",
      "polarity": "",
      "rate": 1,
      "response": "",
      "response_date": "",
      "review": "I have a Samsung Galaxy S8 and the game doesn't even load up. It stays pitch black when I go to start up. I'll write a different review when I can actually play it.",
      "review_date": [
        "January",
        "4",
        " 2018"
      ]
    },
    {
      "REQ_subtype": "",
      "REQ_type": "",
      "_id": 86,
      "author_id": "not defined",
      "author_name": "Adam Johnson",
      "helpful": "20",
      "polarity": "",
      "rate": 5,
      "response": "",
      "response_date": "",
      "review": "When I got evocreo full version it automatically deleted by its self. Please do something about it. If you do I will appreciate it.",
      "review_date": [
        "March",
        "5",
        " 2017"
      ]
    },
    {
      "REQ_subtype": "",
      "REQ_type": "",
      "_id": 87,
      "author_id": "not defined",
      "author_name": "Mister Washington",
      "helpful": "18",
      "polarity": "",
      "rate": 5,
      "response": "",
      "response_date": "",
      "review": "This game is so awesome. And so cool but why do you. Have to pay to get through carbon city",
      "review_date": [
        "March",
        "12",
        " 2017"
      ]
    },
    {
      "REQ_subtype": "",
      "REQ_type": "",
      "_id": 88,
      "author_id": "not defined",
      "author_name": "Ryan Tang",
      "helpful": "1",
      "polarity": "",
      "rate": 5,
      "response": "",
      "response_date": "",
      "review": "Ok but plz make the full version free because i cant get in app purchases so plz make it free",
      "review_date": [
        "December",
        "24",
        " 2017"
      ]
    },
    {
      "REQ_subtype": "",
      "REQ_type": "",
      "_id": 89,
      "author_id": "not defined",
      "author_name": "Rebecca Mocha",
      "helpful": "0",
      "polarity": "",
      "rate": 2,
      "response": "",
      "response_date": "",
      "review": "Multiplayer will not work. Not in invite. Not in ranked. Ranked keeps saying an error has occured and invite freezes while  saying waiting for response after each player has chosen their attack.",
      "review_date": [
        "January",
        "27",
        " 2017"
      ]
    },
    {
      "REQ_subtype": "",
      "REQ_type": "",
      "_id": 90,
      "author_id": "not defined",
      "author_name": "A Google user",
      "helpful": "1",
      "polarity": "",
      "rate": 4,
      "response": "",
      "response_date": "",
      "review": "I spent around 10 hours playing and leveling up just to find out you had to pay for it. That is a big downer. Other than that great game.",
      "review_date": [
        "December",
        "22",
        " 2017"
      ]
    },
    {
      "REQ_subtype": "",
      "REQ_type": "",
      "_id": 91,
      "author_id": "not defined",
      "author_name": "Steve bato",
      "helpful": "16",
      "polarity": "",
      "rate": 5,
      "response": "",
      "response_date": "",
      "review": "Still the perfect copy of pokemon game. I still love to play this game even if i already the full version of this game thats why i want to play it again",
      "review_date": [
        "March",
        "7",
        " 2017"
      ]
    },
    {
      "REQ_subtype": "",
      "REQ_type": "",
      "_id": 92,
      "author_id": "not defined",
      "author_name": "Joey .Johnston",
      "helpful": "0",
      "polarity": "",
      "rate": 3,
      "response": "",
      "response_date": "",
      "review": "Starts up at first then once I try to open it again it's just a black \nscreen. Have to reinstall to get it to work again, kinda annoying.",
      "review_date": [
        "April",
        "20",
        " 2018"
      ]
    },
    {
      "REQ_subtype": "",
      "REQ_type": "",
      "_id": 93,
      "author_id": "not defined",
      "author_name": "Igneous Cow",
      "helpful": "2",
      "polarity": "",
      "rate": 5,
      "response": "",
      "response_date": "",
      "review": "This Pixel Game is another series not better but improbable to pokemon.",
      "review_date": [
        "January",
        "26",
        " 2018"
      ]
    },
    {
      "REQ_subtype": "",
      "REQ_type": "",
      "_id": 94,
      "author_id": "not defined",
      "author_name": "Nerd cubing and DIY",
      "helpful": "0",
      "polarity": "",
      "rate": 1,
      "response": "",
      "response_date": "",
      "review": "I like this game but it's full version is costing a lot i wish it would be free so plzzz think many don't play this game because of this so plzz think",
      "review_date": [
        "March",
        "8",
        " 2017"
      ]
    },
    {
      "REQ_subtype": "",
      "REQ_type": "",
      "_id": 95,
      "author_id": "not defined",
      "author_name": "Suman Mech",
      "helpful": "19",
      "polarity": "",
      "rate": 5,
      "response": "",
      "response_date": "",
      "review": "Its the best game I Played but the update is not working can you help me",
      "review_date": [
        "March",
        "8",
        " 2017"
      ]
    },
    {
      "REQ_subtype": "",
      "REQ_type": "",
      "_id": 96,
      "author_id": "not defined",
      "author_name": "Poke fantastic",
      "helpful": "6",
      "polarity": "",
      "rate": 3,
      "response": "",
      "response_date": "",
      "review": "The route one enemys are way to over leveled for a level five",
      "review_date": [
        "June",
        "4",
        " 2017"
      ]
    },
    {
      "REQ_subtype": "",
      "REQ_type": "",
      "_id": 97,
      "author_id": "not defined",
      "author_name": "Meghan Bledsoe",
      "helpful": "0",
      "polarity": "",
      "rate": 1,
      "response": "",
      "response_date": "",
      "review": "Black screen on first start-up. Reinstalling, restarting, and restarting my phone did not help. I am on a LG V20 if the developer wants to look into this.",
      "review_date": [
        "June",
        "22",
        " 2017"
      ]
    },
    {
      "REQ_subtype": "",
      "REQ_type": "",
      "_id": 98,
      "author_id": "not defined",
      "author_name": "A Google user",
      "helpful": "0",
      "polarity": "",
      "rate": 5,
      "response": "",
      "response_date": "",
      "review": "really mind blowing and fantastic cannot explain i am speechless how outstanding game best battling system and offline should add more evo creos to make game more intersting and excellent and best 2d monster catching game",
      "review_date": [
        "February",
        "24",
        " 2018"
      ]
    },
    {
      "REQ_subtype": "",
      "REQ_type": "",
      "_id": 99,
      "author_id": "not defined",
      "author_name": "xXMackyGamer Xx",
      "helpful": "5",
      "polarity": "",
      "rate": 1,
      "response": "",
      "response_date": "",
      "review": "I just download thwn turned into a card when i wake up",
      "review_date": [
        "May",
        "6",
        " 2017"
      ]
    },
    {
      "REQ_subtype": "",
      "REQ_type": "",
      "_id": 100,
      "author_id": "not defined",
      "author_name": "Jaylin Laros",
      "helpful": "0",
      "polarity": "",
      "rate": 2,
      "response": "",
      "response_date": "",
      "review": "I was going to love it but I had to get the full version to proceed and the full version costs money. What happens to the people who are not aloud to buy that stuff. Fix this please! This was going to be my dream game till I came to that bridge point.\ud83d\ude36",
      "review_date": [
        "March",
        "7",
        " 2017"
      ]
    },
    {
      "REQ_subtype": "",
      "REQ_type": "",
      "_id": 101,
      "author_id": "not defined",
      "author_name": "xShadow Wolf",
      "helpful": "0",
      "polarity": "",
      "rate": 5,
      "response": "",
      "response_date": "",
      "review": "THIS GAME IS AMAZING!!! tho i am kinda sad i can't buy the one that is not lite T-T",
      "review_date": [
        "March",
        "21",
        " 2018"
      ]
    },
    {
      "REQ_subtype": "",
      "REQ_type": "",
      "_id": 102,
      "author_id": "not defined",
      "author_name": "A Google user",
      "helpful": "0",
      "polarity": "",
      "rate": 3,
      "response": "",
      "response_date": "",
      "review": "I think its great but can you not make us pay for the bridge part its annoying.but its still a very good game but plz remove the pay part.i would love to pay for your game but i dont want to and i just want to progress through the game.",
      "review_date": [
        "April",
        "28",
        " 2017"
      ]
    },
    {
      "REQ_subtype": "",
      "REQ_type": "",
      "_id": 103,
      "author_id": "not defined",
      "author_name": "A Google user",
      "helpful": "1",
      "polarity": "",
      "rate": 5,
      "response": "",
      "response_date": "",
      "review": "I think that this game is like a video game on my 3ds going on lot of trip and battles are amazing i wish they can make more",
      "review_date": [
        "November",
        "24",
        " 2017"
      ]
    },
    {
      "REQ_subtype": "",
      "REQ_type": "",
      "_id": 104,
      "author_id": "not defined",
      "author_name": "tyler harrison",
      "helpful": "0",
      "polarity": "",
      "rate": 1,
      "response": "",
      "response_date": "",
      "review": "This is the worst knock off of pokemon u see this app just move on not worth the time anybody who said this was good guess u never played a video game before this is complete garbage",
      "review_date": [
        "February",
        "12",
        " 2018"
      ]
    },
    {
      "REQ_subtype": "",
      "REQ_type": "",
      "_id": 105,
      "author_id": "not defined",
      "author_name": "The LegendBuster",
      "helpful": "4",
      "polarity": "",
      "rate": 4,
      "response": "",
      "response_date": "",
      "review": "Kind of not good cause we need to unlock the full game for it",
      "review_date": [
        "July",
        "8",
        " 2017"
      ]
    },
    {
      "REQ_subtype": "",
      "REQ_type": "",
      "_id": 106,
      "author_id": "not defined",
      "author_name": "Xavier Afrika",
      "helpful": "0",
      "polarity": "",
      "rate": 3,
      "response": "",
      "response_date": "",
      "review": "This is a real awesome games and all and then it ask for u to pay but I wish I could do more like tunnel and cross the bridge and I would cause I would know it's money worth Plz fix this problem",
      "review_date": [
        "April",
        "3",
        " 2017"
      ]
    },
    {
      "REQ_subtype": "",
      "REQ_type": "",
      "_id": 107,
      "author_id": "not defined",
      "author_name": "Yesung Yanny",
      "helpful": "0",
      "polarity": "",
      "rate": 1,
      "response": "",
      "response_date": "",
      "review": "I use the tunnel and fly Is Over If I using the fly and tunnel his stopped So I Uninstall The evocreo and I'm so Angry That Game I Will Report That Game",
      "review_date": [
        "February",
        "20",
        " 2018"
      ]
    },
    {
      "REQ_subtype": "",
      "REQ_type": "",
      "_id": 108,
      "author_id": "not defined",
      "author_name": "Jaun Grobler",
      "helpful": "0",
      "polarity": "",
      "rate": 1,
      "response": "",
      "response_date": "",
      "review": "Blank black screen on startup on s8. Never got a chance to play it. Seen a few similar reviews. Was hoping to try free version before buying.",
      "review_date": [
        "August",
        "7",
        " 2017"
      ]
    },
    {
      "REQ_subtype": "",
      "REQ_type": "",
      "_id": 109,
      "author_id": "not defined",
      "author_name": "Ilie Bogdan Stan",
      "helpful": "1",
      "polarity": "",
      "rate": 5,
      "response": "",
      "response_date": "",
      "review": "When I load the game up it introduces me to a black screen full of nothing",
      "review_date": [
        "December",
        "27",
        " 2017"
      ]
    },
    {
      "REQ_subtype": "",
      "REQ_type": "",
      "_id": 110,
      "author_id": "not defined",
      "author_name": "Erik Perse",
      "helpful": "0",
      "polarity": "",
      "rate": 1,
      "response": "",
      "response_date": "",
      "review": "The game starts to a black screen and launches correctly almost never. What I played was OK. Didn't play enough to really make an opinion. Fix your code.",
      "review_date": [
        "June",
        "27",
        " 2017"
      ]
    },
    {
      "REQ_subtype": "",
      "REQ_type": "",
      "_id": 111,
      "author_id": "not defined",
      "author_name": "Vincent Murray",
      "helpful": "5",
      "polarity": "",
      "rate": 1,
      "response": "",
      "response_date": "",
      "review": "Won't open on galaxy S8+ , just a black screen then crashes",
      "review_date": [
        "July",
        "28",
        " 2017"
      ]
    },
    {
      "REQ_subtype": "",
      "REQ_type": "",
      "_id": 112,
      "author_id": "not defined",
      "author_name": "Yetta Senpai!",
      "helpful": "0",
      "polarity": "",
      "rate": 2,
      "response": "",
      "response_date": "",
      "review": "It was addictive when I first started playing it but when I tried to get back onto it just gave me a black screen I would've paid for the game I also tried uninstalling it but no luck please fix it",
      "review_date": [
        "July",
        "23",
        " 2017"
      ]
    },
    {
      "REQ_subtype": "",
      "REQ_type": "",
      "_id": 113,
      "author_id": "not defined",
      "author_name": "David Vallar",
      "helpful": "0",
      "polarity": "",
      "rate": 5,
      "response": "",
      "response_date": "",
      "review": "I wasted my time its not full version plus i cant get pass largo bridge please ilmfinity make this version a full version",
      "review_date": [
        "August",
        "23",
        " 2017"
      ]
    },
    {
      "REQ_subtype": "",
      "REQ_type": "",
      "_id": 114,
      "author_id": "not defined",
      "author_name": "A Google user",
      "helpful": "0",
      "polarity": "",
      "rate": 4,
      "response": "",
      "response_date": "",
      "review": "It should have ultra beast and other good ones. And when u finish the game \nu can do a cheat mode",
      "review_date": [
        "May",
        "25",
        " 2018"
      ]
    },
    {
      "REQ_subtype": "",
      "REQ_type": "",
      "_id": 115,
      "author_id": "not defined",
      "author_name": "Bath Bubbles",
      "helpful": "1",
      "polarity": "",
      "rate": 2,
      "response": "",
      "response_date": "",
      "review": "ARRGGH! I COULD NEVER FREAKING CLOSE THE APP WITHOUT HAVING TO DELETE THE \nAPP AND GET IT AGAIN! FIX THIS! I SAVE IT AND IT STILL MAKES ME START OVER!",
      "review_date": [
        "June",
        "25",
        " 2018"
      ]
    },
    {
      "REQ_subtype": "",
      "REQ_type": "",
      "_id": 116,
      "author_id": "not defined",
      "author_name": "Samantha Carpenter",
      "helpful": "0",
      "polarity": "",
      "rate": 2,
      "response": "",
      "response_date": "",
      "review": "They sneak up on you with the having to pay for the full game. That really just killed it for me. I just wasn't feeling it either way.",
      "review_date": [
        "June",
        "14",
        " 2017"
      ]
    },
    {
      "REQ_subtype": "",
      "REQ_type": "",
      "_id": 117,
      "author_id": "not defined",
      "author_name": "Saif Baig",
      "helpful": "0",
      "polarity": "",
      "rate": 4,
      "response": "",
      "response_date": "",
      "review": "The game is awesome but one thing I didn't like is that the full version is paid and my parents won't let me buy it plzz make the full version Free  plzzz plzz plzzzzzzzzzzzz",
      "review_date": [
        "February",
        "19",
        " 2017"
      ]
    },
    {
      "REQ_subtype": "",
      "REQ_type": "",
      "_id": 118,
      "author_id": "not defined",
      "author_name": "Zaid Moolla",
      "helpful": "4",
      "polarity": "",
      "rate": 5,
      "response": "",
      "response_date": "",
      "review": "I love this offline game but make it more real life and add pikachu please in the next update",
      "review_date": [
        "July",
        "15",
        " 2017"
      ]
    },
    {
      "REQ_subtype": "",
      "REQ_type": "",
      "_id": 119,
      "author_id": "not defined",
      "author_name": "Denise Ng",
      "helpful": "0",
      "polarity": "",
      "rate": 1,
      "response": "",
      "response_date": "",
      "review": "I couldn't even start playing, after the story the game just shows a black screen and nothing else",
      "review_date": [
        "February",
        "15",
        " 2017"
      ]
    }
  ],
  "size": "41",
  "url": "https://play.google.com/store/apps/details?id=ilmfinity.evocreoFree.main.android",
  "version": "1.5.0"
}