{
  "categories": [
    "Adventure"
  ],
  "description": "Discover and solve the surprising secret behind the mysterious crimson manor.Explore the old mansion and its surroundings, solving puzzles and discovering its many intriguing secrets, in one of the best adventure games made for Android.In the mystery of the crimson manor you will find:Amazing and beautiful graphics.Engaging and deep storyline.Fun and addictive gameplay.Features:+Classic and intuitive point and click gameplay.+Fun, amazing and clever puzzles.+\"Map\" \"Clues\" and \"Hints\" features to help you get trough the game if you get stuck.+Many different environments to discover & explore.+An interactive original & unique storyline.+Superb level, puzzle and game design.+High-resolution graphics.+Multiple languages, AutoSave and much more ...+Also expect new game modes & new features in the free updates.Plot:Strange weather events are happening in town lately, some people blame the eccentric Mr. Strange, an old scientist who performs strange experiments in his hill manor.He decides to invite you, the best reporter in town, with the idea of making public its latest & wonderful discovery, which he describes it as:\"Something so wonderful that will change forever the way we see the world & the very fate of humanity\"You accept the invitation, but on arriving at the mansion, you cannot find anyone, you sense that something strange is happening there, so you decide to investigate...Buy It nowIf you're new to adventure games, download it now, you will not regret, it is more than likely that you become an instant fan of the genre, if you are already a fan you probably already bought it, you\u2019re not going to waste the opportunity to play one of the best exponents of this genre.Adventure games are like pieces of art, but fun!Take a look!",
  "inc": "MediaCity Games LLC",
  "intalled_count": "10,000",
  "last_update": [
    "February",
    "5",
    " 2015"
  ],
  "name": "The Mystery of Crimson Manor",
  "offered_by": "Google Commerce Ltd",
  "permissions": {
    "Photos/Media/Files": [
      "read the contents of your USB storage",
      "modify or delete the contents of your USB storage"
    ],
    "Storage": [
      "read the contents of your USB storage",
      "modify or delete the contents of your USB storage"
    ],
    "Other": [
      "full network access",
      "Google Play license check"
    ]
  },
  "rate": [
    [
      "691",
      "3.9"
    ],
    [
      "307",
      "5"
    ],
    [
      "183",
      "4"
    ],
    [
      "110",
      "3"
    ],
    [
      "35",
      "2"
    ],
    [
      "56",
      "1"
    ]
  ],
  "required_android": "2.3.3",
  "reviews": [
    {
      "REQ_subtype": "",
      "REQ_type": "",
      "_id": 0,
      "author_id": "not defined",
      "author_name": "Franck Ja\u00eft",
      "helpful": "7",
      "polarity": "",
      "rate": 4,
      "response": "",
      "response_date": "",
      "review": "I love these point&click adventures \ud83d\ude0d This one may definitely not be the greatest one but it's still a good time waster. A bit short, simple enigmas, graphics are a bit rough on the edge but fun nonetheless.",
      "review_date": [
        "June",
        "7",
        " 2017"
      ]
    },
    {
      "REQ_subtype": "",
      "REQ_type": "",
      "_id": 1,
      "author_id": "not defined",
      "author_name": "Lucas 'Ktulu789'",
      "helpful": "0",
      "polarity": "",
      "rate": 4,
      "response": "",
      "response_date": "",
      "review": "I really liked the game! I only found two little nuisances, one was that everytime the screen went off the game came back black. Happens a lot while you're reading and analyzing the letters. The other was that the Android back button exited right away from the game. It should work as the back button in-game. Or exit only on double tap. Edit:  replayed it and saw that the third act never appears in the hints section it remains as ???",
      "review_date": [
        "May",
        "2",
        " 2017"
      ]
    },
    {
      "REQ_subtype": "",
      "REQ_type": "",
      "_id": 2,
      "author_id": "not defined",
      "author_name": "Taz Devil",
      "helpful": "0",
      "polarity": "",
      "rate": 4,
      "response": "",
      "response_date": "",
      "review": "Great game. Not as good as your other games though as there was a lot in each picture but not a lot that you could look closer at and not much to do in each room.  Finished this game really fast",
      "review_date": [
        "March",
        "30",
        " 2015"
      ]
    },
    {
      "REQ_subtype": "",
      "REQ_type": "",
      "_id": 3,
      "author_id": "not defined",
      "author_name": "George G",
      "helpful": "0",
      "polarity": "",
      "rate": 5,
      "response": "",
      "response_date": "",
      "review": "Loved it \ud83d\ude01 Could follow the story line easily in one sitting instead of getting endlessly hung up and frustrated. Perfect when you just want a fun little distraction rather than a longer challenge. Hints  were available  in game although they weren't needed, could be called  up  without needing to search and watch  a separate  walkthrough--+ (awesome) A nice little escape with a cool ending. Thanks \ud83d\ude01",
      "review_date": [
        "April",
        "26",
        " 2017"
      ]
    },
    {
      "REQ_subtype": "",
      "REQ_type": "",
      "_id": 4,
      "author_id": "not defined",
      "author_name": "Bo Brown",
      "helpful": "0",
      "polarity": "",
      "rate": 3,
      "response": "",
      "response_date": "",
      "review": "Same developer, but this one was much shorter and just not as clever or compelling. Ending pretty lame too.",
      "review_date": [
        "May",
        "13",
        " 2015"
      ]
    },
    {
      "REQ_subtype": "",
      "REQ_type": "",
      "_id": 5,
      "author_id": "not defined",
      "author_name": "Jason Miller",
      "helpful": "1",
      "polarity": "",
      "rate": 3,
      "response": "",
      "response_date": "",
      "review": "Graphics and gameplay are decent but it's very short and the puzzles aren't very challenging. The english text is also poorly written.",
      "review_date": [
        "July",
        "1",
        " 2017"
      ]
    },
    {
      "REQ_subtype": "",
      "REQ_type": "",
      "_id": 6,
      "author_id": "not defined",
      "author_name": "Madeline Moore",
      "helpful": "0",
      "polarity": "",
      "rate": 3,
      "response": "",
      "response_date": "",
      "review": "The writing is very difficult to understand and the puzzles are linear and not very challenging. It was a nice way to pass the time, though, and certainly worth 99 cents.",
      "review_date": [
        "August",
        "5",
        " 2017"
      ]
    },
    {
      "REQ_subtype": "",
      "REQ_type": "",
      "_id": 7,
      "author_id": "not defined",
      "author_name": "Katrina Souder",
      "helpful": "0",
      "polarity": "",
      "rate": 3,
      "response": "",
      "response_date": "",
      "review": "A little boring.  I LOVE these type of games, but this was too easy and not exciting and end was a bit....yawn.",
      "review_date": [
        "August",
        "11",
        " 2015"
      ]
    },
    {
      "REQ_subtype": "",
      "REQ_type": "",
      "_id": 8,
      "author_id": "not defined",
      "author_name": "Alma Ionescu",
      "helpful": "1",
      "polarity": "",
      "rate": 2,
      "response": "",
      "response_date": "",
      "review": "Disappointing game with silly puzzles built around a deep ignorance regarding how time works. The thigh black band covering half the screen ruins the experience. I'm sorry I bought this.",
      "review_date": [
        "September",
        "5",
        " 2017"
      ]
    },
    {
      "REQ_subtype": "",
      "REQ_type": "",
      "_id": 9,
      "author_id": "not defined",
      "author_name": "Shaly Ramirez",
      "helpful": "0",
      "polarity": "",
      "rate": 4,
      "response": "",
      "response_date": "",
      "review": "Fun, easy game. Some puzzles were a bit hard and confusing but with patience anyone can figure out the answers.",
      "review_date": [
        "October",
        "27",
        " 2017"
      ]
    },
    {
      "REQ_subtype": "",
      "REQ_type": "",
      "_id": 10,
      "author_id": "not defined",
      "author_name": "Vanessa Screen",
      "helpful": "0",
      "polarity": "",
      "rate": 5,
      "response": "",
      "response_date": "",
      "review": "It's a great game but in order to play out both endings played twice and completed it second time in under 10 mins.  The ending frankly could have been better. Could be improved if it was a little longer and was a bit more challenging. However, Your new game Lost Fountain delivers both, is a great improvement on this style of gameplay. Just hoping you keep up momentum and keep them coming.",
      "review_date": [
        "October",
        "4",
        " 2015"
      ]
    },
    {
      "REQ_subtype": "",
      "REQ_type": "",
      "_id": 11,
      "author_id": "not defined",
      "author_name": "Sue Kern",
      "helpful": "0",
      "polarity": "",
      "rate": 5,
      "response": "",
      "response_date": "",
      "review": "Great Game!  Very Challenging at Times! Had to google some answers to get to the end. I liked it a lot.",
      "review_date": [
        "August",
        "26",
        " 2015"
      ]
    },
    {
      "REQ_subtype": "",
      "REQ_type": "",
      "_id": 12,
      "author_id": "not defined",
      "author_name": "Gamer Raven",
      "helpful": "0",
      "polarity": "",
      "rate": 3,
      "response": "",
      "response_date": "",
      "review": "The puzzles were a little too easy and the end felt alittle rushed.",
      "review_date": [
        "March",
        "4",
        " 2015"
      ]
    },
    {
      "REQ_subtype": "",
      "REQ_type": "",
      "_id": 13,
      "author_id": "not defined",
      "author_name": "Gene Aiello",
      "helpful": "0",
      "polarity": "",
      "rate": 3,
      "response": "",
      "response_date": "",
      "review": "A little \"dated\" game.  Game errors at the with a popup about not being able to change scene with modal pop up.",
      "review_date": [
        "April",
        "27",
        " 2017"
      ]
    },
    {
      "REQ_subtype": "",
      "REQ_type": "",
      "_id": 14,
      "author_id": "not defined",
      "author_name": "jayne foster",
      "helpful": "2",
      "polarity": "",
      "rate": 4,
      "response": "",
      "response_date": "",
      "review": "Anti climatic but not bad to pass a couple of hrs when board but don't want to think too much \ud83d\ude1c",
      "review_date": [
        "May",
        "13",
        " 2017"
      ]
    },
    {
      "REQ_subtype": "",
      "REQ_type": "",
      "_id": 15,
      "author_id": "not defined",
      "author_name": "Susie W.",
      "helpful": "0",
      "polarity": "",
      "rate": 5,
      "response": "",
      "response_date": "",
      "review": "Is a nice game. Despite what some people say with regards to it being short, I still think it is worth the money. I nice introduction to this gendre of games. Graphics are exceptionally good and the puzzles logical.",
      "review_date": [
        "November",
        "20",
        " 2015"
      ]
    },
    {
      "REQ_subtype": "",
      "REQ_type": "",
      "_id": 16,
      "author_id": "not defined",
      "author_name": "Claudia Fergusson",
      "helpful": "0",
      "polarity": "",
      "rate": 3,
      "response": "",
      "response_date": "",
      "review": "It needs solve button if you get stuck in the min games",
      "review_date": [
        "February",
        "6",
        " 2015"
      ]
    },
    {
      "REQ_subtype": "",
      "REQ_type": "",
      "_id": 17,
      "author_id": "not defined",
      "author_name": "Ann Marie Tomlinson",
      "helpful": "0",
      "polarity": "",
      "rate": 3,
      "response": "",
      "response_date": "",
      "review": "I'm stuck on the part with the coordinates and map? Need help.",
      "review_date": [
        "April",
        "27",
        " 2017"
      ]
    },
    {
      "REQ_subtype": "",
      "REQ_type": "",
      "_id": 18,
      "author_id": "not defined",
      "author_name": "Kirstie Broadfield",
      "helpful": "0",
      "polarity": "",
      "rate": 3,
      "response": "",
      "response_date": "",
      "review": "Touching two items at same time too difficult on phone so cant get items i need.",
      "review_date": [
        "May",
        "9",
        " 2016"
      ]
    },
    {
      "REQ_subtype": "",
      "REQ_type": "",
      "_id": 19,
      "author_id": "not defined",
      "author_name": "Michael Marek",
      "helpful": "0",
      "polarity": "",
      "rate": 2,
      "response": "",
      "response_date": "",
      "review": "Once I was in the manor, I could not find a way to get out in order to ask the second lion. How do you get out???",
      "review_date": [
        "November",
        "24",
        " 2015"
      ]
    },
    {
      "REQ_subtype": "",
      "REQ_type": "",
      "_id": 20,
      "author_id": "not defined",
      "author_name": "Susan Gallagher",
      "helpful": "0",
      "polarity": "",
      "rate": 4,
      "response": "",
      "response_date": "",
      "review": "A little short but a good game.  Had to play it twice to make two choices.",
      "review_date": [
        "February",
        "17",
        " 2015"
      ]
    },
    {
      "REQ_subtype": "",
      "REQ_type": "",
      "_id": 21,
      "author_id": "not defined",
      "author_name": "Faith Conant",
      "helpful": "0",
      "polarity": "",
      "rate": 5,
      "response": "",
      "response_date": "",
      "review": "Not super long, but worth what I payed for it.",
      "review_date": [
        "August",
        "4",
        " 2015"
      ]
    },
    {
      "REQ_subtype": "",
      "REQ_type": "",
      "_id": 22,
      "author_id": "not defined",
      "author_name": "Nikki Dodd",
      "helpful": "0",
      "polarity": "",
      "rate": 1,
      "response": "",
      "response_date": "",
      "review": "Not my type of game",
      "review_date": [
        "April",
        "28",
        " 2016"
      ]
    },
    {
      "REQ_subtype": "",
      "REQ_type": "",
      "_id": 23,
      "author_id": "not defined",
      "author_name": "turnbull smith",
      "helpful": "0",
      "polarity": "",
      "rate": 5,
      "response": "",
      "response_date": "",
      "review": "Interesting game not too complicated",
      "review_date": [
        "May",
        "17",
        " 2015"
      ]
    },
    {
      "REQ_subtype": "",
      "REQ_type": "",
      "_id": 24,
      "author_id": "not defined",
      "author_name": "kristy knapton",
      "helpful": "0",
      "polarity": "",
      "rate": 4,
      "response": "",
      "response_date": "",
      "review": "This game is fun without being too hard, a good game for many ages.",
      "review_date": [
        "March",
        "2",
        " 2016"
      ]
    },
    {
      "REQ_subtype": "",
      "REQ_type": "",
      "_id": 25,
      "author_id": "not defined",
      "author_name": "Debra Scott",
      "helpful": "0",
      "polarity": "",
      "rate": 5,
      "response": "",
      "response_date": "",
      "review": "Found it easy enough to cruise through. Words of wisdom",
      "review_date": [
        "November",
        "12",
        " 2015"
      ]
    },
    {
      "REQ_subtype": "",
      "REQ_type": "",
      "_id": 26,
      "author_id": "not defined",
      "author_name": "Adam Rodick",
      "helpful": "1",
      "polarity": "",
      "rate": 4,
      "response": "",
      "response_date": "",
      "review": "I think it was very interesting",
      "review_date": [
        "May",
        "7",
        " 2017"
      ]
    },
    {
      "REQ_subtype": "",
      "REQ_type": "",
      "_id": 27,
      "author_id": "not defined",
      "author_name": "Kendell ThatsMe",
      "helpful": "0",
      "polarity": "",
      "rate": 5,
      "response": "",
      "response_date": "",
      "review": "Great game,Loved the graphics Wish it was a little longer.",
      "review_date": [
        "September",
        "23",
        " 2016"
      ]
    },
    {
      "REQ_subtype": "",
      "REQ_type": "",
      "_id": 28,
      "author_id": "not defined",
      "author_name": "Krystle Sharratt",
      "helpful": "0",
      "polarity": "",
      "rate": 2,
      "response": "",
      "response_date": "",
      "review": "Nice game but way to easy and short.",
      "review_date": [
        "July",
        "21",
        " 2015"
      ]
    },
    {
      "REQ_subtype": "",
      "REQ_type": "",
      "_id": 29,
      "author_id": "not defined",
      "author_name": "Kat Car",
      "helpful": "0",
      "polarity": "",
      "rate": 5,
      "response": "",
      "response_date": "",
      "review": "Really good game and all free.",
      "review_date": [
        "April",
        "26",
        " 2017"
      ]
    },
    {
      "REQ_subtype": "",
      "REQ_type": "",
      "_id": 30,
      "author_id": "not defined",
      "author_name": "shirley aloi",
      "helpful": "0",
      "polarity": "",
      "rate": 5,
      "response": "",
      "response_date": "",
      "review": "Enjoyed it, relaxing!",
      "review_date": [
        "September",
        "20",
        " 2015"
      ]
    },
    {
      "REQ_subtype": "",
      "REQ_type": "",
      "_id": 31,
      "author_id": "not defined",
      "author_name": "diana taylor",
      "helpful": "0",
      "polarity": "",
      "rate": 5,
      "response": "",
      "response_date": "",
      "review": "Wow wonderful game I love it",
      "review_date": [
        "April",
        "9",
        " 2017"
      ]
    },
    {
      "REQ_subtype": "",
      "REQ_type": "",
      "_id": 32,
      "author_id": "not defined",
      "author_name": "Mexie Mex",
      "helpful": "0",
      "polarity": "",
      "rate": 1,
      "response": "",
      "response_date": "",
      "review": "Terrible!",
      "review_date": [
        "April",
        "28",
        " 2017"
      ]
    },
    {
      "REQ_subtype": "",
      "REQ_type": "",
      "_id": 33,
      "author_id": "not defined",
      "author_name": "Omayra Sanchez",
      "helpful": "0",
      "polarity": "",
      "rate": 3,
      "response": "",
      "response_date": "",
      "review": "Too short...",
      "review_date": [
        "December",
        "26",
        " 2015"
      ]
    },
    {
      "REQ_subtype": "",
      "REQ_type": "",
      "_id": 34,
      "author_id": "not defined",
      "author_name": "Joanne Martinez",
      "helpful": "0",
      "polarity": "",
      "rate": 4,
      "response": "",
      "response_date": "",
      "review": "I had fun!",
      "review_date": [
        "August",
        "25",
        " 2017"
      ]
    },
    {
      "REQ_subtype": "",
      "REQ_type": "",
      "_id": 35,
      "author_id": "not defined",
      "author_name": "mike hendry",
      "helpful": "0",
      "polarity": "",
      "rate": 4,
      "response": "",
      "response_date": "",
      "review": "Great Mobil. Game!!!",
      "review_date": [
        "February",
        "24",
        " 2015"
      ]
    },
    {
      "REQ_subtype": "",
      "REQ_type": "",
      "_id": 36,
      "author_id": "not defined",
      "author_name": "Declan Hayes",
      "helpful": "0",
      "polarity": "",
      "rate": 4,
      "response": "",
      "response_date": "",
      "review": "Good grapics",
      "review_date": [
        "March",
        "11",
        " 2015"
      ]
    },
    {
      "REQ_subtype": "",
      "REQ_type": "",
      "_id": 37,
      "author_id": "not defined",
      "author_name": "Tommy Bailey",
      "helpful": "0",
      "polarity": "",
      "rate": 5,
      "response": "",
      "response_date": "",
      "review": "Excellent game",
      "review_date": [
        "August",
        "31",
        " 2017"
      ]
    },
    {
      "REQ_subtype": "",
      "REQ_type": "",
      "_id": 38,
      "author_id": "not defined",
      "author_name": "Kelly Cassidy",
      "helpful": "0",
      "polarity": "",
      "rate": 5,
      "response": "",
      "response_date": "",
      "review": "Brilliant",
      "review_date": [
        "April",
        "23",
        " 2017"
      ]
    },
    {
      "REQ_subtype": "",
      "REQ_type": "",
      "_id": 39,
      "author_id": "not defined",
      "author_name": "Alice Whennen",
      "helpful": "0",
      "polarity": "",
      "rate": 5,
      "response": "",
      "response_date": "",
      "review": "Loved it",
      "review_date": [
        "March",
        "11",
        " 2015"
      ]
    },
    {
      "REQ_subtype": "",
      "REQ_type": "",
      "_id": 40,
      "author_id": "not defined",
      "author_name": "Gavin Henderson",
      "helpful": "0",
      "polarity": "",
      "rate": 1,
      "response": "",
      "response_date": "",
      "review": "Runtime error when trying to load this game following update today. Cannot access it so needs fixing.",
      "review_date": [
        "February",
        "3",
        " 2015"
      ]
    },
    {
      "REQ_subtype": "",
      "REQ_type": "",
      "_id": 41,
      "author_id": "not defined",
      "author_name": "gaby yousef",
      "helpful": "0",
      "polarity": "",
      "rate": 1,
      "response": "",
      "response_date": "",
      "review": "After update game isn't working:(",
      "review_date": [
        "February",
        "3",
        " 2015"
      ]
    },
    {
      "REQ_subtype": "",
      "REQ_type": "",
      "_id": 42,
      "author_id": "not defined",
      "author_name": "Mohamad Alfakir",
      "helpful": "0",
      "polarity": "",
      "rate": 4,
      "response": "",
      "response_date": "",
      "review": "As others mentioned: relaxing, beautiful graphics, and easy to moderate in difficulty. One spot in it violated the rules of such type of games but the hints help out. The story line is a bit predictable and lacks imagination. The game is short but worth the 99\u00a2. You will spend 2-3 serene hours. Highly recommend!",
      "review_date": [
        "December",
        "23",
        " 2014"
      ]
    },
    {
      "REQ_subtype": "",
      "REQ_type": "",
      "_id": 43,
      "author_id": "not defined",
      "author_name": "Jade Foster",
      "helpful": "0",
      "polarity": "",
      "rate": 4,
      "response": "",
      "response_date": "",
      "review": "Enjoyed playing this.... Good for passing an hour or so and the visual display is impressive. Would have liked it to be longer really perhaps increasing the difficulty as the game progresses.... By the time you've got stuck in, its finished! Liked Alice too.... Will be waiting for more from the developer.",
      "review_date": [
        "October",
        "21",
        " 2014"
      ]
    },
    {
      "REQ_subtype": "",
      "REQ_type": "",
      "_id": 44,
      "author_id": "not defined",
      "author_name": "Sharon Vickers",
      "helpful": "0",
      "polarity": "",
      "rate": 5,
      "response": "",
      "response_date": "",
      "review": "Excellent game. The mini games inside made you think which I enjoyed and the logic was fantastic, as was the layout of the game itself.  There were hints you could use if stuck on something but try not to use these unless absolutely necessary.",
      "review_date": [
        "September",
        "9",
        " 2014"
      ]
    },
    {
      "REQ_subtype": "",
      "REQ_type": "",
      "_id": 45,
      "author_id": "not defined",
      "author_name": "Jan Evanoff",
      "helpful": "0",
      "polarity": "",
      "rate": 3,
      "response": "",
      "response_date": "",
      "review": "Would have given a higher score except for the stupid urns. It took at least 20 tries for it to finally register because every time I tried to touch both urns it just kept zooming in on the heart puzzle!",
      "review_date": [
        "November",
        "29",
        " 2014"
      ]
    },
    {
      "REQ_subtype": "",
      "REQ_type": "",
      "_id": 46,
      "author_id": "not defined",
      "author_name": "Diem Von-Sylvan",
      "helpful": "0",
      "polarity": "",
      "rate": 4,
      "response": "",
      "response_date": "",
      "review": "I can't say how good the game us yet. I got the first screen and the second word was misspelled. The second screen is a letter that has foregone syntax and punctuation.  I don't expect this from a game I've paid for. Okay, now I've completed it. It was better than the average game of this type but a lot shorter.",
      "review_date": [
        "September",
        "6",
        " 2014"
      ]
    },
    {
      "REQ_subtype": "",
      "REQ_type": "",
      "_id": 47,
      "author_id": "not defined",
      "author_name": "Valerie Quist",
      "helpful": "1",
      "polarity": "",
      "rate": 2,
      "response": "",
      "response_date": "",
      "review": "This was a pretty fun game, but didn't take much time to complete. Also, there were a lot of punctuation and grammatical errors, which made it look like it was made by 10-year-olds.",
      "review_date": [
        "September",
        "6",
        " 2014"
      ]
    },
    {
      "REQ_subtype": "",
      "REQ_type": "",
      "_id": 48,
      "author_id": "not defined",
      "author_name": "Saurabh Shukul",
      "helpful": "0",
      "polarity": "",
      "rate": 5,
      "response": "",
      "response_date": "",
      "review": "Nice enjoyable puzzle adventure with good scene graphics. Quite easy and short, with some grammar mistakes in the English text, and very similar to other \"Manor\" adventure games, but good first attempt by the developers and worth the low price tag. Will def buy their other games.",
      "review_date": [
        "January",
        "13",
        " 2015"
      ]
    },
    {
      "REQ_subtype": "",
      "REQ_type": "",
      "_id": 49,
      "author_id": "not defined",
      "author_name": "david bittner",
      "helpful": "0",
      "polarity": "",
      "rate": 5,
      "response": "",
      "response_date": "",
      "review": "Probably one of the best adventure. Click games I've played some of the clues were very difficult great time waster",
      "review_date": [
        "October",
        "3",
        " 2014"
      ]
    },
    {
      "REQ_subtype": "",
      "REQ_type": "",
      "_id": 50,
      "author_id": "not defined",
      "author_name": "Debra Culshaw",
      "helpful": "1",
      "polarity": "",
      "rate": 5,
      "response": "",
      "response_date": "",
      "review": "I enjoyed this game,I found it relaxing and absorbing. The graphics were excellent, and the story was interesting. More of the same please.",
      "review_date": [
        "November",
        "2",
        " 2014"
      ]
    },
    {
      "REQ_subtype": "",
      "REQ_type": "",
      "_id": 51,
      "author_id": "not defined",
      "author_name": "maryann cisneros",
      "helpful": "0",
      "polarity": "",
      "rate": 5,
      "response": "",
      "response_date": "",
      "review": "I got the sword from the wooden puzzle and now its gone and I can't move forward. Is there another sword and I'm missing it?? Can someone please help me??",
      "review_date": [
        "September",
        "8",
        " 2014"
      ]
    },
    {
      "REQ_subtype": "",
      "REQ_type": "",
      "_id": 52,
      "author_id": "not defined",
      "author_name": "Kerry",
      "helpful": "1",
      "polarity": "",
      "rate": 5,
      "response": "",
      "response_date": "",
      "review": "I really enjoyed playing this game, looking forward to the next one :)",
      "review_date": [
        "October",
        "28",
        " 2014"
      ]
    },
    {
      "REQ_subtype": "",
      "REQ_type": "",
      "_id": 53,
      "author_id": "not defined",
      "author_name": "Sharon Mercier",
      "helpful": "0",
      "polarity": "",
      "rate": 5,
      "response": "",
      "response_date": "",
      "review": "Fun and even though it gives you hints, it makes you use your brain. Love games like this. Great job.",
      "review_date": [
        "September",
        "3",
        " 2014"
      ]
    },
    {
      "REQ_subtype": "",
      "REQ_type": "",
      "_id": 54,
      "author_id": "not defined",
      "author_name": "Lugsy Pike",
      "helpful": "0",
      "polarity": "",
      "rate": 4,
      "response": "",
      "response_date": "",
      "review": "Well worth the money and time to play. One of the better games of this type",
      "review_date": [
        "October",
        "22",
        " 2014"
      ]
    },
    {
      "REQ_subtype": "",
      "REQ_type": "",
      "_id": 55,
      "author_id": "not defined",
      "author_name": "Darkangel Simpson",
      "helpful": "0",
      "polarity": "",
      "rate": 5,
      "response": "",
      "response_date": "",
      "review": "Awason,  we need more like this",
      "review_date": [
        "September",
        "15",
        " 2014"
      ]
    },
    {
      "REQ_subtype": "",
      "REQ_type": "",
      "_id": 56,
      "author_id": "not defined",
      "author_name": "chinnu kajabi",
      "helpful": "0",
      "polarity": "",
      "rate": 2,
      "response": "",
      "response_date": "",
      "review": "I can give 3stars if its free",
      "review_date": [
        "September",
        "11",
        " 2014"
      ]
    },
    {
      "REQ_subtype": "",
      "REQ_type": "",
      "_id": 57,
      "author_id": "not defined",
      "author_name": "Tamara Graham",
      "helpful": "0",
      "polarity": "",
      "rate": 4,
      "response": "",
      "response_date": "",
      "review": "was a fun game, just not long enough.....",
      "review_date": [
        "October",
        "28",
        " 2014"
      ]
    },
    {
      "REQ_subtype": "",
      "REQ_type": "",
      "_id": 58,
      "author_id": "not defined",
      "author_name": "Cynthia Johnson",
      "helpful": "0",
      "polarity": "",
      "rate": 4,
      "response": "",
      "response_date": "",
      "review": "I liked but liked Alice trapped in wonderland better",
      "review_date": [
        "September",
        "20",
        " 2014"
      ]
    },
    {
      "REQ_subtype": "",
      "REQ_type": "",
      "_id": 59,
      "author_id": "not defined",
      "author_name": "Christopher Simmons",
      "helpful": "0",
      "polarity": "",
      "rate": 3,
      "response": "",
      "response_date": "",
      "review": "Simplistic, good for beginners.",
      "review_date": [
        "November",
        "4",
        " 2014"
      ]
    },
    {
      "REQ_subtype": "",
      "REQ_type": "",
      "_id": 60,
      "author_id": "not defined",
      "author_name": "A Google user",
      "helpful": "0",
      "polarity": "",
      "rate": 5,
      "response": "",
      "response_date": "",
      "review": "I love this kind of game please make more",
      "review_date": [
        "November",
        "11",
        " 2014"
      ]
    },
    {
      "REQ_subtype": "",
      "REQ_type": "",
      "_id": 61,
      "author_id": "not defined",
      "author_name": "Jackie Picton",
      "helpful": "0",
      "polarity": "",
      "rate": 5,
      "response": "",
      "response_date": "",
      "review": "Very good game would have liked it longer and harder",
      "review_date": [
        "October",
        "13",
        " 2014"
      ]
    },
    {
      "REQ_subtype": "",
      "REQ_type": "",
      "_id": 62,
      "author_id": "not defined",
      "author_name": "Jane Medders",
      "helpful": "0",
      "polarity": "",
      "rate": 5,
      "response": "",
      "response_date": "",
      "review": "Fantastic, wonderful, need more like this! Thanks.",
      "review_date": [
        "January",
        "13",
        " 2015"
      ]
    },
    {
      "REQ_subtype": "",
      "REQ_type": "",
      "_id": 63,
      "author_id": "not defined",
      "author_name": "Zaria Cox",
      "helpful": "0",
      "polarity": "",
      "rate": 3,
      "response": "",
      "response_date": "",
      "review": "I'm a begener",
      "review_date": [
        "September",
        "22",
        " 2014"
      ]
    },
    {
      "REQ_subtype": "",
      "REQ_type": "",
      "_id": 64,
      "author_id": "not defined",
      "author_name": "Nora Byars",
      "helpful": "0",
      "polarity": "",
      "rate": 5,
      "response": "",
      "response_date": "",
      "review": "I would have liked more animation",
      "review_date": [
        "October",
        "20",
        " 2014"
      ]
    },
    {
      "REQ_subtype": "",
      "REQ_type": "",
      "_id": 65,
      "author_id": "not defined",
      "author_name": "junaidi nasution",
      "helpful": "1",
      "polarity": "",
      "rate": 5,
      "response": "",
      "response_date": "",
      "review": "I love this game",
      "review_date": [
        "September",
        "14",
        " 2014"
      ]
    },
    {
      "REQ_subtype": "",
      "REQ_type": "",
      "_id": 66,
      "author_id": "not defined",
      "author_name": "Sharon Shaffer",
      "helpful": "0",
      "polarity": "",
      "rate": 4,
      "response": "",
      "response_date": "",
      "review": "Crimson Manor",
      "review_date": [
        "October",
        "19",
        " 2014"
      ]
    },
    {
      "REQ_subtype": "",
      "REQ_type": "",
      "_id": 67,
      "author_id": "not defined",
      "author_name": "John Roberts",
      "helpful": "0",
      "polarity": "",
      "rate": 5,
      "response": "",
      "response_date": "",
      "review": "Fun game. More please.",
      "review_date": [
        "September",
        "6",
        " 2014"
      ]
    },
    {
      "REQ_subtype": "",
      "REQ_type": "",
      "_id": 68,
      "author_id": "not defined",
      "author_name": "Pamela Jane",
      "helpful": "0",
      "polarity": "",
      "rate": 5,
      "response": "",
      "response_date": "",
      "review": "Great game!",
      "review_date": [
        "September",
        "15",
        " 2014"
      ]
    },
    {
      "REQ_subtype": "",
      "REQ_type": "",
      "_id": 69,
      "author_id": "not defined",
      "author_name": "Tony Picton",
      "helpful": "0",
      "polarity": "",
      "rate": 5,
      "response": "",
      "response_date": "",
      "review": "Very good game",
      "review_date": [
        "October",
        "13",
        " 2014"
      ]
    },
    {
      "REQ_subtype": "",
      "REQ_type": "",
      "_id": 70,
      "author_id": "not defined",
      "author_name": "Karen Calder",
      "helpful": "0",
      "polarity": "",
      "rate": 2,
      "response": "",
      "response_date": "",
      "review": "Very basic in some parts but no clear explanation in others.  Terrible grammar and spelling throughout,  could have been made by a 6 year old. Disappointed is an understatement.  I didn't even complete it as I was so annoyed I just want a refund.",
      "review_date": [
        "September",
        "18",
        " 2014"
      ]
    },
    {
      "REQ_subtype": "",
      "REQ_type": "",
      "_id": 71,
      "author_id": "not defined",
      "author_name": "Angela Milligan",
      "helpful": "0",
      "polarity": "",
      "rate": 5,
      "response": "",
      "response_date": "",
      "review": "Lots of fun to be had in this adventure. Graphics are very good. Having 2 different outcomes to do also adds to the fun!",
      "review_date": [
        "August",
        "8",
        " 2015"
      ]
    },
    {
      "REQ_subtype": "",
      "REQ_type": "",
      "_id": 72,
      "author_id": "not defined",
      "author_name": "_ Tasmo",
      "helpful": "0",
      "polarity": "",
      "rate": 3,
      "response": "",
      "response_date": "",
      "review": "Wish I had more options to explore and a less straight way. Got bored.",
      "review_date": [
        "April",
        "20",
        " 2017"
      ]
    },
    {
      "REQ_subtype": "",
      "REQ_type": "",
      "_id": 73,
      "author_id": "not defined",
      "author_name": "Lenora Combs",
      "helpful": "0",
      "polarity": "",
      "rate": 3,
      "response": "",
      "response_date": "",
      "review": "Too short and too easy. It was fun while it lasted, I just wish there had been more. I finished it in less than an hour.",
      "review_date": [
        "April",
        "24",
        " 2015"
      ]
    },
    {
      "REQ_subtype": "",
      "REQ_type": "",
      "_id": 74,
      "author_id": "not defined",
      "author_name": "Jeniece Fairbairn Summers",
      "helpful": "0",
      "polarity": "",
      "rate": 4,
      "response": "",
      "response_date": "",
      "review": "Fun, nice graphics and enjoyable puzzles and general air of mystery but didn't like the guilt trip ending.",
      "review_date": [
        "March",
        "21",
        " 2015"
      ]
    },
    {
      "REQ_subtype": "",
      "REQ_type": "",
      "_id": 75,
      "author_id": "not defined",
      "author_name": "Michael Nourse",
      "helpful": "0",
      "polarity": "",
      "rate": 3,
      "response": "",
      "response_date": "",
      "review": "Half way through it locked up.",
      "review_date": [
        "March",
        "27",
        " 2015"
      ]
    },
    {
      "REQ_subtype": "",
      "REQ_type": "",
      "_id": 76,
      "author_id": "not defined",
      "author_name": "Bill W",
      "helpful": "0",
      "polarity": "",
      "rate": 4,
      "response": "",
      "response_date": "",
      "review": "A bit too easy and not much of a challenge. Does have nice graphics though",
      "review_date": [
        "May",
        "18",
        " 2017"
      ]
    },
    {
      "REQ_subtype": "",
      "REQ_type": "",
      "_id": 77,
      "author_id": "not defined",
      "author_name": "Emma Goodyear",
      "helpful": "0",
      "polarity": "",
      "rate": 3,
      "response": "",
      "response_date": "",
      "review": "Not too bad but not the best",
      "review_date": [
        "February",
        "21",
        " 2015"
      ]
    },
    {
      "REQ_subtype": "",
      "REQ_type": "",
      "_id": 78,
      "author_id": "not defined",
      "author_name": "Diogo Silva",
      "helpful": "0",
      "polarity": "",
      "rate": 3,
      "response": "",
      "response_date": "",
      "review": "I don't get the kerbal space program soundtrack",
      "review_date": [
        "April",
        "22",
        " 2017"
      ]
    },
    {
      "REQ_subtype": "",
      "REQ_type": "",
      "_id": 79,
      "author_id": "not defined",
      "author_name": "Sandra Hannan",
      "helpful": "0",
      "polarity": "",
      "rate": 3,
      "response": "",
      "response_date": "",
      "review": "Poor compared to other games",
      "review_date": [
        "September",
        "24",
        " 2014"
      ]
    },
    {
      "REQ_subtype": "",
      "REQ_type": "",
      "_id": 80,
      "author_id": "not defined",
      "author_name": "Denise K",
      "helpful": "0",
      "polarity": "",
      "rate": 5,
      "response": "",
      "response_date": "",
      "review": "Fun game, not too short. No problems on LG G4. Hints if needed.",
      "review_date": [
        "January",
        "15",
        " 2016"
      ]
    },
    {
      "REQ_subtype": "",
      "REQ_type": "",
      "_id": 81,
      "author_id": "not defined",
      "author_name": "Alberta Crite",
      "helpful": "0",
      "polarity": "",
      "rate": 5,
      "response": "",
      "response_date": "",
      "review": "This is a fun game to play",
      "review_date": [
        "February",
        "14",
        " 2015"
      ]
    },
    {
      "REQ_subtype": "",
      "REQ_type": "",
      "_id": 82,
      "author_id": "not defined",
      "author_name": "Derrill Guidry",
      "helpful": "0",
      "polarity": "",
      "rate": 4,
      "response": "",
      "response_date": "",
      "review": "Great ending! Didn't expect that...",
      "review_date": [
        "September",
        "26",
        " 2014"
      ]
    },
    {
      "REQ_subtype": "",
      "REQ_type": "",
      "_id": 83,
      "author_id": "not defined",
      "author_name": "Christy Mitchell",
      "helpful": "0",
      "polarity": "",
      "rate": 4,
      "response": "",
      "response_date": "",
      "review": "Short and easy, but interesting.",
      "review_date": [
        "May",
        "31",
        " 2017"
      ]
    },
    {
      "REQ_subtype": "",
      "REQ_type": "",
      "_id": 84,
      "author_id": "not defined",
      "author_name": "Antoinette Peter",
      "helpful": "0",
      "polarity": "",
      "rate": 4,
      "response": "",
      "response_date": "",
      "review": "Like it a lot.",
      "review_date": [
        "November",
        "24",
        " 2015"
      ]
    },
    {
      "REQ_subtype": "",
      "REQ_type": "",
      "_id": 85,
      "author_id": "not defined",
      "author_name": "Joline Hebert",
      "helpful": "0",
      "polarity": "",
      "rate": 4,
      "response": "",
      "response_date": "",
      "review": "\ud83d\ude13\ud83d\udc4d",
      "review_date": [
        "June",
        "18",
        " 2015"
      ]
    },
    {
      "REQ_subtype": "",
      "REQ_type": "",
      "_id": 86,
      "author_id": "not defined",
      "author_name": "Nathan Head",
      "helpful": "1",
      "polarity": "",
      "rate": 5,
      "response": "",
      "response_date": "",
      "review": "Brilliant",
      "review_date": [
        "March",
        "31",
        " 2015"
      ]
    },
    {
      "REQ_subtype": "",
      "REQ_type": "",
      "_id": 87,
      "author_id": "not defined",
      "author_name": "Andrea Godthaab",
      "helpful": "0",
      "polarity": "",
      "rate": 5,
      "response": "",
      "response_date": "",
      "review": "Great",
      "review_date": [
        "August",
        "3",
        " 2015"
      ]
    }
  ],
  "size": "7.0",
  "url": "https://play.google.com/store/apps/details?id=com.mediacitygames.games.cmanor",
  "version": "1.6"
}