{
  "categories": [
    "Puzzle"
  ],
  "description": "Can You Escape - Holidays - Out Now!Do you have problems defining your ideal profession? Welcome to a special program willing to help you to find a perfect job for yourself! Enter the secret house with 15 different rooms and put yourself to the epic test and see if you are able to escape each and every room in the building. Try out your skills for code-breaking, puzzle solving and logical thinking and see if you have what it takes to escape this special house. Remember that if you get stuck in any of the rooms you have found the perfect job for yourself. But if you manage to escape through all the levels your perfect matching job is a professional puzzle solver!\u2197 AMAZING puzzles!\u2197 Gorgeous 3D graphics.\u2197 Interesting atmosphere!\u2197 15 different locations!\u2197 Addicting story.\u2197 World class room escape game!",
  "inc": "MobiGrow",
  "intalled_count": "500,000",
  "last_update": [
    "October",
    "3",
    " 2016"
  ],
  "name": "Escape From Work",
  "offered_by": "Google Commerce Ltd",
  "permissions": {
    "Phone": [
      "read phone status and identity"
    ],
    "Photos/Media/Files": [
      "read the contents of your USB storage",
      "modify or delete the contents of your USB storage"
    ],
    "Storage": [
      "read the contents of your USB storage",
      "modify or delete the contents of your USB storage"
    ],
    "Wi-Fi connection information": [
      "view Wi-Fi connections"
    ],
    "Device ID & call information": [
      "read phone status and identity"
    ],
    "Other": [
      "view network connections",
      "full network access",
      "prevent device from sleeping",
      "Google Play license check"
    ]
  },
  "rate": [
    [
      "20,238",
      "4.3"
    ],
    [
      "12,223",
      "5"
    ],
    [
      "4,219",
      "4"
    ],
    [
      "1,848",
      "3"
    ],
    [
      "741",
      "2"
    ],
    [
      "1,207",
      "1"
    ]
  ],
  "required_android": "3.0",
  "reviews": [
    {
      "REQ_subtype": "",
      "REQ_type": "",
      "_id": 0,
      "author_id": "not defined",
      "author_name": "Anita Dahl",
      "helpful": "0",
      "polarity": "",
      "rate": 1,
      "response": "",
      "response_date": "",
      "review": "Once I received the code I tapped the door and the padlock showed up and not the decoder so couldn't get passed the level.  Very annoying.   Even watched the video and I did nothing wrong.  I'm deleting this app.   Good luck to anyone else!",
      "review_date": [
        "April",
        "2",
        " 2017"
      ]
    },
    {
      "REQ_subtype": "",
      "REQ_type": "",
      "_id": 1,
      "author_id": "not defined",
      "author_name": "A Google user",
      "helpful": "0",
      "polarity": "",
      "rate": 4,
      "response": "",
      "response_date": "",
      "review": "Why does this game ask for permission to manage and make calls on my device?  Unnecessary. But nice to be able to decline.  Game play is good, clues make sense enough to be able to figure them out witbout watching walk throughs. Wish more levels were available without paying.",
      "review_date": [
        "July",
        "5",
        " 2017"
      ]
    },
    {
      "REQ_subtype": "",
      "REQ_type": "",
      "_id": 2,
      "author_id": "not defined",
      "author_name": "Erica Rand",
      "helpful": "7",
      "polarity": "",
      "rate": 3,
      "response": "",
      "response_date": "",
      "review": "I really wanted to like this game. However, I had the same issue that others  Ran into 1 level 2. After I get the combination numbers from the proper locations the combo locks don't show up.  It showed up quickly one time after I had tried multiple times and then when I went back to locate the numbers to enter again, the combination locks never showed up again.",
      "review_date": [
        "October",
        "7",
        " 2017"
      ]
    },
    {
      "REQ_subtype": "",
      "REQ_type": "",
      "_id": 3,
      "author_id": "not defined",
      "author_name": "Lorianne Hershberg",
      "helpful": "0",
      "polarity": "",
      "rate": 1,
      "response": "",
      "response_date": "",
      "review": "For me the exit door has a big padlock on it. And i have an item i didnt see in the walkthru",
      "review_date": [
        "November",
        "16",
        " 2016"
      ]
    },
    {
      "REQ_subtype": "",
      "REQ_type": "",
      "_id": 4,
      "author_id": "not defined",
      "author_name": "Lydia Burkholder",
      "helpful": "0",
      "polarity": "",
      "rate": 4,
      "response": "",
      "response_date": "",
      "review": "Very fun puzzles!  Especially liked level 14 and 15.   Dont like having to start over every time I watch a walkthrough.   Needs a lot more levels!  Also, I bought the extra levels but still had to watch the ads!",
      "review_date": [
        "January",
        "15",
        " 2017"
      ]
    },
    {
      "REQ_subtype": "",
      "REQ_type": "",
      "_id": 5,
      "author_id": "not defined",
      "author_name": "Sandra Jordan",
      "helpful": "0",
      "polarity": "",
      "rate": 5,
      "response": "",
      "response_date": "",
      "review": "Challenging enough to keep you playing...challenges vary by app a plus for me, my time varies too :) , no glitchy issues with the games itself, ads are reasonable.  I look for your escapes specifically for those reasons...keep up the great work, thanks!",
      "review_date": [
        "January",
        "10",
        " 2017"
      ]
    },
    {
      "REQ_subtype": "",
      "REQ_type": "",
      "_id": 6,
      "author_id": "not defined",
      "author_name": "Sandy Seelye",
      "helpful": "3",
      "polarity": "",
      "rate": 4,
      "response": "",
      "response_date": "",
      "review": "Enjoyed it. I liked it not being hard I had to look at the hints but hard enough to challenge me. The ads at the bottom got in the way once though. I had a hard time picking up something once because ad was in the way",
      "review_date": [
        "September",
        "4",
        " 2017"
      ]
    },
    {
      "REQ_subtype": "",
      "REQ_type": "",
      "_id": 7,
      "author_id": "not defined",
      "author_name": "Lindsay Watson",
      "helpful": "0",
      "polarity": "",
      "rate": 3,
      "response": "",
      "response_date": "",
      "review": "Some clues dont make sense so had to watch walk through. Enjoyed playing, only rating as need to, to continue onto next level.  Does ask to access personal data on phone and make calls on your behalf? Strange. But can decline.",
      "review_date": [
        "February",
        "27",
        " 2018"
      ]
    },
    {
      "REQ_subtype": "",
      "REQ_type": "",
      "_id": 8,
      "author_id": "not defined",
      "author_name": "diana chamberlain",
      "helpful": "1",
      "polarity": "",
      "rate": 4,
      "response": "",
      "response_date": "",
      "review": "Great game.  You need to persist as the game does work just fine. Like the fact that it's not too easy and tasks a bit more thought than some. Good variety of topics too.",
      "review_date": [
        "November",
        "14",
        " 2017"
      ]
    },
    {
      "REQ_subtype": "",
      "REQ_type": "",
      "_id": 9,
      "author_id": "not defined",
      "author_name": "Tara Elizabeth",
      "helpful": "0",
      "polarity": "",
      "rate": 4,
      "response": "",
      "response_date": "",
      "review": "Some of the controls don't work right and I got so stuck that I had to use the walkthrough.  Most of the time though, it was a nice game.",
      "review_date": [
        "March",
        "14",
        " 2018"
      ]
    },
    {
      "REQ_subtype": "",
      "REQ_type": "",
      "_id": 10,
      "author_id": "not defined",
      "author_name": "Alex Molina",
      "helpful": "2",
      "polarity": "",
      "rate": 3,
      "response": "",
      "response_date": "",
      "review": "I experienced a bug on level 2--items used out-of-order. Despite that, completed rest of game. Puzzles were okay, some I solved before I even saw its hint",
      "review_date": [
        "March",
        "26",
        " 2017"
      ]
    },
    {
      "REQ_subtype": "",
      "REQ_type": "",
      "_id": 11,
      "author_id": "not defined",
      "author_name": "chelle b",
      "helpful": "0",
      "polarity": "",
      "rate": 2,
      "response": "",
      "response_date": "",
      "review": "It's a good game but the bull-crappy of having to pay after 9 rooms is RIDICULOUS! I'm done with these escape rooms. You aren't worth my time anymore.",
      "review_date": [
        "January",
        "3",
        " 2018"
      ]
    },
    {
      "REQ_subtype": "",
      "REQ_type": "",
      "_id": 12,
      "author_id": "not defined",
      "author_name": "Tim Rhinesmith",
      "helpful": "1",
      "polarity": "",
      "rate": 2,
      "response": "",
      "response_date": "",
      "review": "Game didn't respond properly. I had to watch walk through then shut game down several times in order to continue.",
      "review_date": [
        "September",
        "18",
        " 2017"
      ]
    },
    {
      "REQ_subtype": "",
      "REQ_type": "",
      "_id": 13,
      "author_id": "not defined",
      "author_name": "Dr Mark Helfand",
      "helpful": "1",
      "polarity": "",
      "rate": 5,
      "response": "",
      "response_date": "",
      "review": "This is an excellent game for beginners of escape games.  It starts off easy and by the time you reach the bonus rounds, they get difficult.",
      "review_date": [
        "August",
        "23",
        " 2017"
      ]
    },
    {
      "REQ_subtype": "",
      "REQ_type": "",
      "_id": 14,
      "author_id": "not defined",
      "author_name": "Steven Morlock",
      "helpful": "0",
      "polarity": "",
      "rate": 4,
      "response": "",
      "response_date": "",
      "review": "Played only free levels. Great escape game with some challenging puzzles.  I still don't understand the musical notes puzzle even after watching the walkthrough.",
      "review_date": [
        "November",
        "1",
        " 2017"
      ]
    },
    {
      "REQ_subtype": "",
      "REQ_type": "",
      "_id": 15,
      "author_id": "not defined",
      "author_name": "Bridget Smith",
      "helpful": "1",
      "polarity": "",
      "rate": 1,
      "response": "",
      "response_date": "",
      "review": "Game is stupid cuz u can only play thru level 9 and then they make u pay for the remaining 6 levels.",
      "review_date": [
        "September",
        "9",
        " 2017"
      ]
    },
    {
      "REQ_subtype": "",
      "REQ_type": "",
      "_id": 16,
      "author_id": "not defined",
      "author_name": "courtney tucker",
      "helpful": "2",
      "polarity": "",
      "rate": 3,
      "response": "",
      "response_date": "",
      "review": "Good game until you get to level 10 and have to purchase a bonus package, in order to continue playing. Need least to say I've deleted the app.",
      "review_date": [
        "January",
        "28",
        " 2017"
      ]
    },
    {
      "REQ_subtype": "",
      "REQ_type": "",
      "_id": 17,
      "author_id": "not defined",
      "author_name": "Crystal Callaway",
      "helpful": "0",
      "polarity": "",
      "rate": 4,
      "response": "",
      "response_date": "",
      "review": "Great game. Not too easy, not too hard. Just not enough levels.",
      "review_date": [
        "March",
        "7",
        " 2017"
      ]
    },
    {
      "REQ_subtype": "",
      "REQ_type": "",
      "_id": 18,
      "author_id": "not defined",
      "author_name": "Joan B",
      "helpful": "3",
      "polarity": "",
      "rate": 5,
      "response": "",
      "response_date": "",
      "review": "Whoever designed level 14 needs a raise, because that level is the best one I've played, and I have 63 escape games on my tablet :)",
      "review_date": [
        "December",
        "12",
        " 2016"
      ]
    },
    {
      "REQ_subtype": "",
      "REQ_type": "",
      "_id": 19,
      "author_id": "not defined",
      "author_name": "Janine Perez",
      "helpful": "1",
      "polarity": "",
      "rate": 5,
      "response": "",
      "response_date": "",
      "review": "It would be nice if the pictures zoomed in or if the tools icon didn't cover certain pics or heads of dolls. Other than that, I like it a lot.",
      "review_date": [
        "September",
        "27",
        " 2017"
      ]
    },
    {
      "REQ_subtype": "",
      "REQ_type": "",
      "_id": 20,
      "author_id": "not defined",
      "author_name": "Mark O'Connell",
      "helpful": "2",
      "polarity": "",
      "rate": 1,
      "response": "",
      "response_date": "",
      "review": "Kept crashing on level 2. I'm just going to uninstall and find a more stable game.",
      "review_date": [
        "February",
        "22",
        " 2017"
      ]
    },
    {
      "REQ_subtype": "",
      "REQ_type": "",
      "_id": 21,
      "author_id": "not defined",
      "author_name": "Melissa Mills",
      "helpful": "1",
      "polarity": "",
      "rate": 3,
      "response": "",
      "response_date": "",
      "review": "Full game should be free not good that you get to level 9 then have to pay",
      "review_date": [
        "December",
        "2",
        " 2017"
      ]
    },
    {
      "REQ_subtype": "",
      "REQ_type": "",
      "_id": 22,
      "author_id": "not defined",
      "author_name": "A Google user",
      "helpful": "3",
      "polarity": "",
      "rate": 3,
      "response": "",
      "response_date": "",
      "review": "Puzzles are OK,  not too many ads BUT yet again, I am expected to pay to finish the game",
      "review_date": [
        "October",
        "18",
        " 2016"
      ]
    },
    {
      "REQ_subtype": "",
      "REQ_type": "",
      "_id": 23,
      "author_id": "not defined",
      "author_name": "Dominique Ward",
      "helpful": "1",
      "polarity": "",
      "rate": 5,
      "response": "",
      "response_date": "",
      "review": "I like the level of difficulty. The clues aren't complete giveaways but lead to the outcome of the game.",
      "review_date": [
        "July",
        "19",
        " 2017"
      ]
    },
    {
      "REQ_subtype": "",
      "REQ_type": "",
      "_id": 24,
      "author_id": "not defined",
      "author_name": "Alexis Correa",
      "helpful": "0",
      "polarity": "",
      "rate": 5,
      "response": "",
      "response_date": "",
      "review": "Love it in Seth of the part where you said bonus part I'm not doing Obama's part I am not going to do it my mom don't want me playing for nothing else and plus I can pay for my own things so child",
      "review_date": [
        "April",
        "7",
        " 2018"
      ]
    },
    {
      "REQ_subtype": "",
      "REQ_type": "",
      "_id": 25,
      "author_id": "not defined",
      "author_name": "Katie Auvenshine-Hays",
      "helpful": "1",
      "polarity": "",
      "rate": 5,
      "response": "",
      "response_date": "",
      "review": "Great game! The rooms are fun and puzzling, but perfect games for short breaks from work.",
      "review_date": [
        "March",
        "13",
        " 2017"
      ]
    },
    {
      "REQ_subtype": "",
      "REQ_type": "",
      "_id": 26,
      "author_id": "not defined",
      "author_name": "Vinny Canale",
      "helpful": "0",
      "polarity": "",
      "rate": 1,
      "response": "",
      "response_date": "",
      "review": "I picked up boxing gloves and a metal pole, the gloves disappeared and there's no where to put the 5 digit code into.",
      "review_date": [
        "January",
        "16",
        " 2017"
      ]
    },
    {
      "REQ_subtype": "",
      "REQ_type": "",
      "_id": 27,
      "author_id": "not defined",
      "author_name": "Sue Burry",
      "helpful": "0",
      "polarity": "",
      "rate": 2,
      "response": "",
      "response_date": "",
      "review": "Can't pull up the decoder in the 2nd level was enjoying it till it \nw9uld.show up. Frustrating . It's ok there are other escape rooms that I \ncan download.",
      "review_date": [
        "April",
        "21",
        " 2018"
      ]
    },
    {
      "REQ_subtype": "",
      "REQ_type": "",
      "_id": 28,
      "author_id": "not defined",
      "author_name": "Benjamin Rodriguez",
      "helpful": "3",
      "polarity": "",
      "rate": 5,
      "response": "",
      "response_date": "",
      "review": "These games we good for me I like es smart game open my Maine es good entreating took li",
      "review_date": [
        "June",
        "24",
        " 2017"
      ]
    },
    {
      "REQ_subtype": "",
      "REQ_type": "",
      "_id": 29,
      "author_id": "not defined",
      "author_name": "Wayne Havemann",
      "helpful": "1",
      "polarity": "",
      "rate": 1,
      "response": "",
      "response_date": "",
      "review": "The multi padlock on level two does not come up on my screen no matter where I click. So the games is not working at all.",
      "review_date": [
        "April",
        "16",
        " 2017"
      ]
    },
    {
      "REQ_subtype": "",
      "REQ_type": "",
      "_id": 30,
      "author_id": "not defined",
      "author_name": "Fariha Abbas",
      "helpful": "2",
      "polarity": "",
      "rate": 3,
      "response": "",
      "response_date": "",
      "review": "Anyone stuck on level two just press the back button twice",
      "review_date": [
        "June",
        "2",
        " 2017"
      ]
    },
    {
      "REQ_subtype": "",
      "REQ_type": "",
      "_id": 31,
      "author_id": "not defined",
      "author_name": "Madason Bender",
      "helpful": "3",
      "polarity": "",
      "rate": 5,
      "response": "",
      "response_date": "",
      "review": "I love this game it gives me something to do. I have played a lot of these but this is the best one",
      "review_date": [
        "January",
        "24",
        " 2017"
      ]
    },
    {
      "REQ_subtype": "",
      "REQ_type": "",
      "_id": 32,
      "author_id": "not defined",
      "author_name": "Lakshmi Devi",
      "helpful": "3",
      "polarity": "",
      "rate": 5,
      "response": "",
      "response_date": "",
      "review": "And the levels are. Very difficult",
      "review_date": [
        "November",
        "17",
        " 2016"
      ]
    },
    {
      "REQ_subtype": "",
      "REQ_type": "",
      "_id": 33,
      "author_id": "not defined",
      "author_name": "Madhav Tapariya",
      "helpful": "1",
      "polarity": "",
      "rate": 1,
      "response": "",
      "response_date": "",
      "review": "CVCC to be a good day I have a great day and I will be a good day I was wondering if you have any questions or concerns please visit the lockouts page and the other day and I TV",
      "review_date": [
        "September",
        "8",
        " 2017"
      ]
    },
    {
      "REQ_subtype": "",
      "REQ_type": "",
      "_id": 34,
      "author_id": "not defined",
      "author_name": "Bria Cato",
      "helpful": "1",
      "polarity": "",
      "rate": 1,
      "response": "",
      "response_date": "",
      "review": "Was good UNTIL it wanted me to pay. Not doing that so uninstall!",
      "review_date": [
        "August",
        "18",
        " 2017"
      ]
    },
    {
      "REQ_subtype": "",
      "REQ_type": "",
      "_id": 35,
      "author_id": "not defined",
      "author_name": "Mike Thomas",
      "helpful": "2",
      "polarity": "",
      "rate": 3,
      "response": "",
      "response_date": "",
      "review": "Ok escape game. Some items are too small to tell what they are. Graphics are mediocre at best. Very easy, simple and short games.",
      "review_date": [
        "July",
        "12",
        " 2017"
      ]
    },
    {
      "REQ_subtype": "",
      "REQ_type": "",
      "_id": 36,
      "author_id": "not defined",
      "author_name": "Vicki Hawes",
      "helpful": "0",
      "polarity": "",
      "rate": 3,
      "response": "",
      "response_date": "",
      "review": "Didn't enjoy it, couldn't find a logical explanation for some of the puzzles. Ended up using trial and error, which isn't fun at all. Deleted.",
      "review_date": [
        "March",
        "7",
        " 2018"
      ]
    },
    {
      "REQ_subtype": "",
      "REQ_type": "",
      "_id": 37,
      "author_id": "not defined",
      "author_name": "Aimee Smith",
      "helpful": "5",
      "polarity": "",
      "rate": 1,
      "response": "",
      "response_date": "",
      "review": "The game itself is great but I'm not going to keep paying to play.",
      "review_date": [
        "November",
        "22",
        " 2016"
      ]
    },
    {
      "REQ_subtype": "",
      "REQ_type": "",
      "_id": 38,
      "author_id": "not defined",
      "author_name": "Lisa Shaffer",
      "helpful": "0",
      "polarity": "",
      "rate": 4,
      "response": "",
      "response_date": "",
      "review": "I really enjoyed it. Some of the puzzles were a little too obscure but many of them were really intriguing and intricate. I really liked the graphics of the different rooms/levels.",
      "review_date": [
        "March",
        "20",
        " 2018"
      ]
    },
    {
      "REQ_subtype": "",
      "REQ_type": "",
      "_id": 39,
      "author_id": "not defined",
      "author_name": "Shannon Coates",
      "helpful": "0",
      "polarity": "",
      "rate": 4,
      "response": "",
      "response_date": "",
      "review": "Some of the graphics are small so its hard to see some clues. Fairly easy game play and fun.",
      "review_date": [
        "November",
        "6",
        " 2017"
      ]
    },
    {
      "REQ_subtype": "",
      "REQ_type": "",
      "_id": 40,
      "author_id": "not defined",
      "author_name": "puanani freitas",
      "helpful": "1",
      "polarity": "",
      "rate": 1,
      "response": "",
      "response_date": "",
      "review": "Don't want to pay to unlock... the first 9 level good then gotta pay....",
      "review_date": [
        "December",
        "11",
        " 2017"
      ]
    },
    {
      "REQ_subtype": "",
      "REQ_type": "",
      "_id": 41,
      "author_id": "not defined",
      "author_name": "Carl Woodcock",
      "helpful": "1",
      "polarity": "",
      "rate": 1,
      "response": "",
      "response_date": "",
      "review": "Terrible,  solutions seem time based for max ad exposure.",
      "review_date": [
        "July",
        "4",
        " 2017"
      ]
    },
    {
      "REQ_subtype": "",
      "REQ_type": "",
      "_id": 42,
      "author_id": "not defined",
      "author_name": "Google User",
      "helpful": "0",
      "polarity": "",
      "rate": 2,
      "response": "",
      "response_date": "",
      "review": "Some of the clues are so small that it is difficult for a poorly sighted person to see them. UNINSTALLED!!!",
      "review_date": [
        "October",
        "26",
        " 2016"
      ]
    },
    {
      "REQ_subtype": "",
      "REQ_type": "",
      "_id": 43,
      "author_id": "not defined",
      "author_name": "Anita Waddell",
      "helpful": "2",
      "polarity": "",
      "rate": 3,
      "response": "",
      "response_date": "",
      "review": "Not seamless, not sure where to start or go next",
      "review_date": [
        "January",
        "31",
        " 2017"
      ]
    },
    {
      "REQ_subtype": "",
      "REQ_type": "",
      "_id": 44,
      "author_id": "not defined",
      "author_name": "A Google user",
      "helpful": "0",
      "polarity": "",
      "rate": 4,
      "response": "",
      "response_date": "",
      "review": "Easy to play and very fun. Hate watch video if u need a hint. Still is fun to play",
      "review_date": [
        "February",
        "3",
        " 2018"
      ]
    },
    {
      "REQ_subtype": "",
      "REQ_type": "",
      "_id": 45,
      "author_id": "not defined",
      "author_name": "Melissa Pfautz",
      "helpful": "0",
      "polarity": "",
      "rate": 5,
      "response": "",
      "response_date": "",
      "review": "Love it! Very fun and addicting, couldnt wait to see what new puzzles were on the next level. Fun yet makes you use your brain .good job",
      "review_date": [
        "February",
        "12",
        " 2017"
      ]
    },
    {
      "REQ_subtype": "",
      "REQ_type": "",
      "_id": 46,
      "author_id": "not defined",
      "author_name": "A Google user",
      "helpful": "3",
      "polarity": "",
      "rate": 5,
      "response": "",
      "response_date": "",
      "review": "Great game that came to an abrupt end!",
      "review_date": [
        "November",
        "26",
        " 2016"
      ]
    },
    {
      "REQ_subtype": "",
      "REQ_type": "",
      "_id": 47,
      "author_id": "not defined",
      "author_name": "Sha Dow",
      "helpful": "0",
      "polarity": "",
      "rate": 1,
      "response": "",
      "response_date": "",
      "review": "Good game up until the \"pay to play\". Nope! Good try, but I've played too many others that were waayy more challenging and FREE!",
      "review_date": [
        "March",
        "26",
        " 2017"
      ]
    },
    {
      "REQ_subtype": "",
      "REQ_type": "",
      "_id": 48,
      "author_id": "not defined",
      "author_name": "Ipsita Panda",
      "helpful": "0",
      "polarity": "",
      "rate": 3,
      "response": "",
      "response_date": "",
      "review": "After 9 th level it is asking to pay...else grt game...so 3 stars",
      "review_date": [
        "October",
        "13",
        " 2016"
      ]
    },
    {
      "REQ_subtype": "",
      "REQ_type": "",
      "_id": 49,
      "author_id": "not defined",
      "author_name": "Dawn Little",
      "helpful": "0",
      "polarity": "",
      "rate": 5,
      "response": "",
      "response_date": "",
      "review": "Shame about the music.",
      "review_date": [
        "December",
        "21",
        " 2016"
      ]
    },
    {
      "REQ_subtype": "",
      "REQ_type": "",
      "_id": 50,
      "author_id": "not defined",
      "author_name": "Tracey Spy",
      "helpful": "0",
      "polarity": "",
      "rate": 4,
      "response": "",
      "response_date": "",
      "review": "Not happy with 9 levels then they want payment!",
      "review_date": [
        "May",
        "11",
        " 2018"
      ]
    },
    {
      "REQ_subtype": "",
      "REQ_type": "",
      "_id": 51,
      "author_id": "not defined",
      "author_name": "A Google user",
      "helpful": "0",
      "polarity": "",
      "rate": 2,
      "response": "",
      "response_date": "",
      "review": "after 10 rounds it demands money. gave up",
      "review_date": [
        "May",
        "22",
        " 2018"
      ]
    },
    {
      "REQ_subtype": "",
      "REQ_type": "",
      "_id": 52,
      "author_id": "not defined",
      "author_name": "A Google user",
      "helpful": "0",
      "polarity": "",
      "rate": 4,
      "response": "",
      "response_date": "",
      "review": "Agreat view eaxcellent picture only concern some games are at thf end its like thats all wont let you go thnu",
      "review_date": [
        "November",
        "6",
        " 2017"
      ]
    },
    {
      "REQ_subtype": "",
      "REQ_type": "",
      "_id": 53,
      "author_id": "not defined",
      "author_name": "Patrick P Smyth",
      "helpful": "0",
      "polarity": "",
      "rate": 2,
      "response": "",
      "response_date": "",
      "review": "Escape from mental asylum more like. Tricky and stupid.",
      "review_date": [
        "September",
        "30",
        " 2017"
      ]
    },
    {
      "REQ_subtype": "",
      "REQ_type": "",
      "_id": 54,
      "author_id": "not defined",
      "author_name": "Jazzy M",
      "helpful": "0",
      "polarity": "",
      "rate": 5,
      "response": "",
      "response_date": "",
      "review": "Very nice graphics... not too easy or hard, but just right.",
      "review_date": [
        "July",
        "28",
        " 2017"
      ]
    },
    {
      "REQ_subtype": "",
      "REQ_type": "",
      "_id": 55,
      "author_id": "not defined",
      "author_name": "Valerie Taylor",
      "helpful": "1",
      "polarity": "",
      "rate": 2,
      "response": "",
      "response_date": "",
      "review": "Controls are not good, takes forever",
      "review_date": [
        "March",
        "7",
        " 2017"
      ]
    },
    {
      "REQ_subtype": "",
      "REQ_type": "",
      "_id": 56,
      "author_id": "not defined",
      "author_name": "Janice Shifflet",
      "helpful": "0",
      "polarity": "",
      "rate": 4,
      "response": "",
      "response_date": "",
      "review": "Very challenging and addicting, but do not want to have to pay to unlock new levels.",
      "review_date": [
        "January",
        "11",
        " 2018"
      ]
    },
    {
      "REQ_subtype": "",
      "REQ_type": "",
      "_id": 57,
      "author_id": "not defined",
      "author_name": "Paul Martin",
      "helpful": "2",
      "polarity": "",
      "rate": 5,
      "response": "",
      "response_date": "",
      "review": "Very fun to play. Love games that make you think. Download now.",
      "review_date": [
        "May",
        "8",
        " 2017"
      ]
    },
    {
      "REQ_subtype": "",
      "REQ_type": "",
      "_id": 58,
      "author_id": "not defined",
      "author_name": "Daya Here",
      "helpful": "0",
      "polarity": "",
      "rate": 5,
      "response": "",
      "response_date": "",
      "review": "Seems that i cannot access the left cabinet door from my phone... EDIT 1/30/18 Works well now. Great game!",
      "review_date": [
        "January",
        "30",
        " 2018"
      ]
    },
    {
      "REQ_subtype": "",
      "REQ_type": "",
      "_id": 59,
      "author_id": "not defined",
      "author_name": "Moreen Paquette",
      "helpful": "0",
      "polarity": "",
      "rate": 1,
      "response": "",
      "response_date": "",
      "review": "Used to love your games but the last few I've played have all had glitches.",
      "review_date": [
        "September",
        "22",
        " 2017"
      ]
    },
    {
      "REQ_subtype": "",
      "REQ_type": "",
      "_id": 60,
      "author_id": "not defined",
      "author_name": "Corinne Youse",
      "helpful": "1",
      "polarity": "",
      "rate": 5,
      "response": "",
      "response_date": "",
      "review": "Loved all of MobiGrow escape games. If its from mobigrow its worth checking out.",
      "review_date": [
        "February",
        "7",
        " 2017"
      ]
    },
    {
      "REQ_subtype": "",
      "REQ_type": "",
      "_id": 61,
      "author_id": "not defined",
      "author_name": "george smith",
      "helpful": "0",
      "polarity": "",
      "rate": 3,
      "response": "",
      "response_date": "",
      "review": "Fun puzzles, but the Mobile Strike advertisement at the bottom of the game gives me a headache.",
      "review_date": [
        "December",
        "27",
        " 2016"
      ]
    },
    {
      "REQ_subtype": "",
      "REQ_type": "",
      "_id": 62,
      "author_id": "not defined",
      "author_name": "Carol Cooper",
      "helpful": "0",
      "polarity": "",
      "rate": 4,
      "response": "",
      "response_date": "",
      "review": "Fixed the bugs .  Some  of  the  puzzle solutions  make   no sense , even after watching the walk through.",
      "review_date": [
        "August",
        "24",
        " 2017"
      ]
    },
    {
      "REQ_subtype": "",
      "REQ_type": "",
      "_id": 63,
      "author_id": "not defined",
      "author_name": "Kyan Witantri",
      "helpful": "2",
      "polarity": "",
      "rate": 5,
      "response": "",
      "response_date": "",
      "review": "Just too fast too play, too easy.",
      "review_date": [
        "November",
        "11",
        " 2016"
      ]
    },
    {
      "REQ_subtype": "",
      "REQ_type": "",
      "_id": 64,
      "author_id": "not defined",
      "author_name": "Stephenie Powell",
      "helpful": "1",
      "polarity": "",
      "rate": 1,
      "response": "",
      "response_date": "",
      "review": "Won't let me play the 2nd level. Please fix or bye bye game",
      "review_date": [
        "June",
        "14",
        " 2017"
      ]
    },
    {
      "REQ_subtype": "",
      "REQ_type": "",
      "_id": 65,
      "author_id": "not defined",
      "author_name": "Samantha Buckley",
      "helpful": "0",
      "polarity": "",
      "rate": 4,
      "response": "",
      "response_date": "",
      "review": "Great fun. Not encountered too many issues...pretty challenging",
      "review_date": [
        "June",
        "5",
        " 2018"
      ]
    },
    {
      "REQ_subtype": "",
      "REQ_type": "",
      "_id": 66,
      "author_id": "not defined",
      "author_name": "Van Amador",
      "helpful": "0",
      "polarity": "",
      "rate": 5,
      "response": "",
      "response_date": "",
      "review": "I like these escape games, they are challenging and makes my brain use strategy to complete each room",
      "review_date": [
        "October",
        "13",
        " 2017"
      ]
    },
    {
      "REQ_subtype": "",
      "REQ_type": "",
      "_id": 67,
      "author_id": "not defined",
      "author_name": "Chin Grace",
      "helpful": "1",
      "polarity": "",
      "rate": 5,
      "response": "",
      "response_date": "",
      "review": "GOOD GAME. Not so hard but fun.",
      "review_date": [
        "October",
        "21",
        " 2016"
      ]
    },
    {
      "REQ_subtype": "",
      "REQ_type": "",
      "_id": 68,
      "author_id": "not defined",
      "author_name": "A Google user",
      "helpful": "0",
      "polarity": "",
      "rate": 4,
      "response": "",
      "response_date": "",
      "review": "It's a good game. But you get to level ten and then after that you have to buy the rest of the levels",
      "review_date": [
        "March",
        "20",
        " 2018"
      ]
    },
    {
      "REQ_subtype": "",
      "REQ_type": "",
      "_id": 69,
      "author_id": "not defined",
      "author_name": "Cassandra Lajeskie",
      "helpful": "0",
      "polarity": "",
      "rate": 5,
      "response": "",
      "response_date": "",
      "review": "Fun, some puzzles aren't as clear as I wish they were, but still enjoyable",
      "review_date": [
        "June",
        "26",
        " 2018"
      ]
    },
    {
      "REQ_subtype": "",
      "REQ_type": "",
      "_id": 70,
      "author_id": "not defined",
      "author_name": "Shila Khayambashi",
      "helpful": "0",
      "polarity": "",
      "rate": 2,
      "response": "",
      "response_date": "",
      "review": "The game was very arbitrary.",
      "review_date": [
        "August",
        "25",
        " 2017"
      ]
    },
    {
      "REQ_subtype": "",
      "REQ_type": "",
      "_id": 71,
      "author_id": "not defined",
      "author_name": "Ashley Kaiser",
      "helpful": "0",
      "polarity": "",
      "rate": 4,
      "response": "",
      "response_date": "",
      "review": "Makes you think!!! This is a fun game! Very challenging and Works your \nbrain! Try it out, you can do it, don't give up!",
      "review_date": [
        "April",
        "18",
        " 2018"
      ]
    },
    {
      "REQ_subtype": "",
      "REQ_type": "",
      "_id": 72,
      "author_id": "not defined",
      "author_name": "stephen pike",
      "helpful": "0",
      "polarity": "",
      "rate": 3,
      "response": "",
      "response_date": "",
      "review": "I enjoyed playing this game untill I completed level 9 and was required to pay to continue. No thanks deleted.",
      "review_date": [
        "November",
        "17",
        " 2017"
      ]
    },
    {
      "REQ_subtype": "",
      "REQ_type": "",
      "_id": 73,
      "author_id": "not defined",
      "author_name": "Kerry Robison",
      "helpful": "0",
      "polarity": "",
      "rate": 4,
      "response": "",
      "response_date": "",
      "review": "I wish you could \"earn the rest of the levels...not have to pay for them.",
      "review_date": [
        "June",
        "15",
        " 2018"
      ]
    },
    {
      "REQ_subtype": "",
      "REQ_type": "",
      "_id": 74,
      "author_id": "not defined",
      "author_name": "Genesimmons8",
      "helpful": "0",
      "polarity": "",
      "rate": 1,
      "response": "",
      "response_date": "",
      "review": "Combo lock doesn't show in level 2. Uninstalling it and thumb's down!",
      "review_date": [
        "March",
        "6",
        " 2018"
      ]
    },
    {
      "REQ_subtype": "",
      "REQ_type": "",
      "_id": 75,
      "author_id": "not defined",
      "author_name": "amanda hernandez",
      "helpful": "0",
      "polarity": "",
      "rate": 5,
      "response": "",
      "response_date": "",
      "review": "Love all mobigrow escape games!! They are so addictive fun and gets your mind going",
      "review_date": [
        "May",
        "14",
        " 2017"
      ]
    },
    {
      "REQ_subtype": "",
      "REQ_type": "",
      "_id": 76,
      "author_id": "not defined",
      "author_name": "ABM Mostafiz Rahaman",
      "helpful": "0",
      "polarity": "",
      "rate": 5,
      "response": "",
      "response_date": "",
      "review": "Something to do when you are bored",
      "review_date": [
        "September",
        "24",
        " 2017"
      ]
    },
    {
      "REQ_subtype": "",
      "REQ_type": "",
      "_id": 77,
      "author_id": "not defined",
      "author_name": "Minecraft Ags",
      "helpful": "0",
      "polarity": "",
      "rate": 5,
      "response": "",
      "response_date": "",
      "review": "Nice levels nice time killer it does not need WiFi its epic food job",
      "review_date": [
        "September",
        "6",
        " 2017"
      ]
    },
    {
      "REQ_subtype": "",
      "REQ_type": "",
      "_id": 78,
      "author_id": "not defined",
      "author_name": "A Google user",
      "helpful": "0",
      "polarity": "",
      "rate": 5,
      "response": "",
      "response_date": "",
      "review": "AwsoMe  dis game is so awesome that I would play it over and over again!\ud83d\ude04\ud83d\ude42\u263b\ud83d\ude43",
      "review_date": [
        "January",
        "30",
        " 2018"
      ]
    },
    {
      "REQ_subtype": "",
      "REQ_type": "",
      "_id": 79,
      "author_id": "not defined",
      "author_name": "Monica Womack",
      "helpful": "1",
      "polarity": "",
      "rate": 1,
      "response": "",
      "response_date": "",
      "review": "It doesn't tell what the objects you collect are.",
      "review_date": [
        "April",
        "8",
        " 2017"
      ]
    }
  ],
  "size": "71",
  "url": "https://play.google.com/store/apps/details?id=com.mobigrow.escapefromwork",
  "version": "1.1"
}