{
  "categories": [
    "Puzzle"
  ],
  "description": "We are happy to present you the World's Hardest Escape Game - 20 different locations with tricky puzzles and innovative brain teasers are waiting for you!Download this awesome room escape game now and test your logical thinking skills.Features:\u2197 Hundreds of amazing puzzles!\u2197 20 different locations!\u2197 Test yourself with a really challenging escape adventure!\u2197 10 hours of gameplay!\u2197 And much more!Be the first of your friends to win the World's Hardest Escape Game!",
  "inc": "Mobest Media",
  "intalled_count": "1,000,000",
  "last_update": [
    "November",
    "29",
    " 2017"
  ],
  "name": "World's Hardest Escape Game",
  "offered_by": "Google Commerce Ltd",
  "permissions": {
    "Photos/Media/Files": [
      "read the contents of your USB storage",
      "modify or delete the contents of your USB storage"
    ],
    "Storage": [
      "read the contents of your USB storage",
      "modify or delete the contents of your USB storage"
    ],
    "Phone": [
      "read phone status and identity"
    ],
    "Wi-Fi connection information": [
      "view Wi-Fi connections"
    ],
    "Device ID & call information": [
      "read phone status and identity"
    ],
    "Other": [
      "view network connections",
      "full network access",
      "view network connections",
      "full network access",
      "prevent device from sleeping"
    ]
  },
  "rate": [
    [
      "55,471",
      "4.2"
    ],
    [
      "30,981",
      "5"
    ],
    [
      "13,723",
      "4"
    ],
    [
      "5,168",
      "3"
    ],
    [
      "2,031",
      "2"
    ],
    [
      "3,568",
      "1"
    ]
  ],
  "required_android": "4.0",
  "reviews": [
    {
      "REQ_subtype": "",
      "REQ_type": "",
      "_id": 0,
      "author_id": "not defined",
      "author_name": "namrata powar",
      "helpful": "0",
      "polarity": "",
      "rate": 5,
      "response": "",
      "response_date": "",
      "review": "Tell me how to solve 8th level ?",
      "review_date": [
        "December",
        "17",
        " 2017"
      ]
    },
    {
      "REQ_subtype": "",
      "REQ_type": "",
      "_id": 1,
      "author_id": "not defined",
      "author_name": "A Google user",
      "helpful": "6",
      "polarity": "",
      "rate": 4,
      "response": "",
      "response_date": "",
      "review": "Challenge game",
      "review_date": [
        "June",
        "1",
        " 2018"
      ]
    },
    {
      "REQ_subtype": "",
      "REQ_type": "",
      "_id": 2,
      "author_id": "not defined",
      "author_name": "Lili Angus",
      "helpful": "0",
      "polarity": "",
      "rate": 5,
      "response": "",
      "response_date": "",
      "review": "The reason that I uninstalled it is because I have already done all the levels on my Samsung tablet. If I installed it again, I'd have to do all the codes again. But I liked doing it. Lots of good brainwork in it. The picture didn't show you how fun it is. And please make some more levels, it's really fun. Hope there are more levels coming!",
      "review_date": [
        "July",
        "27",
        " 2016"
      ]
    },
    {
      "REQ_subtype": "",
      "REQ_type": "",
      "_id": 3,
      "author_id": "not defined",
      "author_name": "Holly Whittington",
      "helpful": "0",
      "polarity": "",
      "rate": 4,
      "response": "",
      "response_date": "",
      "review": "I liked this game a lot. One of the best escape games Ive played one my phone. It's challenging but not too challenging to make it impossible. Except the last level. The reason it gets 4 stars is because the last level doesn't make any sense and even after watching the cheat video I had no idea what I did to escape.",
      "review_date": [
        "June",
        "16",
        " 2017"
      ]
    },
    {
      "REQ_subtype": "",
      "REQ_type": "",
      "_id": 4,
      "author_id": "not defined",
      "author_name": "Andrew",
      "helpful": "0",
      "polarity": "",
      "rate": 5,
      "response": "",
      "response_date": "",
      "review": "A good mix of easy, medium and crazily tough ones. Easy ones were a great intro to get used to the style of challenges. The final level 20 was super hard and needed to break out the notepad but so satisfying once cracked. Thanks for such a great game!",
      "review_date": [
        "July",
        "22",
        " 2016"
      ]
    },
    {
      "REQ_subtype": "",
      "REQ_type": "",
      "_id": 5,
      "author_id": "not defined",
      "author_name": "Lisajane Conlon",
      "helpful": "0",
      "polarity": "",
      "rate": 5,
      "response": "",
      "response_date": "",
      "review": "Loved It Really enjoyed this, quite challenging although wouldn't describe it as the hardest game I've played. Only foxed me a couple of times - still confused about the washing machine time. Loved the graphics, especially the details in the library! I recommend this game although I wanted more levels lol.",
      "review_date": [
        "December",
        "20",
        " 2017"
      ]
    },
    {
      "REQ_subtype": "",
      "REQ_type": "",
      "_id": 6,
      "author_id": "not defined",
      "author_name": "Lorelei Dracen",
      "helpful": "0",
      "polarity": "",
      "rate": 5,
      "response": "",
      "response_date": "",
      "review": "So fun!I couldn't put it down. It outbeats the other escape games by far. Some of the levels are really challenging. It really makes you think about what to do. I reccomend you play this game right away, because even if you don't like puzzle games, you'll be stuck to this one like glue. I know it sounds cheesy, but it's true.",
      "review_date": [
        "November",
        "13",
        " 2016"
      ]
    },
    {
      "REQ_subtype": "",
      "REQ_type": "",
      "_id": 7,
      "author_id": "not defined",
      "author_name": "Emily Torres",
      "helpful": "0",
      "polarity": "",
      "rate": 5,
      "response": "",
      "response_date": "",
      "review": "This was a really good game. I have play almost all thease escape game that are free on this app store and for the most part I usually don't need help with hints or videos. But this game was challenging and at time I had to look up a video or two to help me figure it out. So if you like escape games this is a good one.",
      "review_date": [
        "December",
        "15",
        " 2017"
      ]
    },
    {
      "REQ_subtype": "",
      "REQ_type": "",
      "_id": 8,
      "author_id": "not defined",
      "author_name": "A Google user",
      "helpful": "0",
      "polarity": "",
      "rate": 5,
      "response": "",
      "response_date": "",
      "review": "I found these games actually challenging without being so far out of my league that I lost interest. The walkthroughs being available for every level is super handy, but I was always happy to clear a level without them. Super fun and enticing!",
      "review_date": [
        "January",
        "25",
        " 2017"
      ]
    },
    {
      "REQ_subtype": "",
      "REQ_type": "",
      "_id": 9,
      "author_id": "not defined",
      "author_name": "Kenielle Davenport",
      "helpful": "1",
      "polarity": "",
      "rate": 3,
      "response": "",
      "response_date": "",
      "review": "Game keeps freezing when I try to do a walkthrough. I either have to opt out of walkthrough for later or kill all apps and restart level. Even then it doesn't always work, still freezes sometimes. Other than that game is good. Some clues are a bit over reached in my opinion.",
      "review_date": [
        "February",
        "20",
        " 2018"
      ]
    },
    {
      "REQ_subtype": "",
      "REQ_type": "",
      "_id": 10,
      "author_id": "not defined",
      "author_name": "Hallie King",
      "helpful": "0",
      "polarity": "",
      "rate": 4,
      "response": "",
      "response_date": "",
      "review": "Not bad! Out of 12 games I only needed 3 walkthroughs. Some hints were a little jumbled.(pointer going back and forth too much) Defenatly a challenging game.",
      "review_date": [
        "January",
        "13",
        " 2017"
      ]
    },
    {
      "REQ_subtype": "",
      "REQ_type": "",
      "_id": 11,
      "author_id": "not defined",
      "author_name": "Natasha Hollenbeck",
      "helpful": "0",
      "polarity": "",
      "rate": 5,
      "response": "",
      "response_date": "",
      "review": "More levels please! It gets a little glitchy on my samsung tablet. For example, it wouldn't start the washing machine when I entered the correct code. I had to restart game for it to work. Almost like it times-out or something. Great game otherwise! Hope there are more levels coming soon!",
      "review_date": [
        "June",
        "22",
        " 2016"
      ]
    },
    {
      "REQ_subtype": "",
      "REQ_type": "",
      "_id": 12,
      "author_id": "not defined",
      "author_name": "Paula Taves",
      "helpful": "0",
      "polarity": "",
      "rate": 4,
      "response": "",
      "response_date": "",
      "review": "Update: some things don't seem to work for me. Otherwise, good game but we need more levels.  When are they coming?  Finally an escape game that is hard but I can solve it because it makes sense! Thank you!",
      "review_date": [
        "December",
        "27",
        " 2016"
      ]
    },
    {
      "REQ_subtype": "",
      "REQ_type": "",
      "_id": 13,
      "author_id": "not defined",
      "author_name": "Katie Millar",
      "helpful": "0",
      "polarity": "",
      "rate": 3,
      "response": "",
      "response_date": "",
      "review": "This game is good for people starting puzzle games...  This is a very simple game with the odd tricky puzzle but in general if you are experienced with these games you will find this very easy,  I myself have breezed through the first 10 stages with no trouble except for the lack of defined graphics, I think that's what makes this game hard. Everything looks blended so never sure what to touch. This is amusing yet frustrating.",
      "review_date": [
        "September",
        "1",
        " 2016"
      ]
    },
    {
      "REQ_subtype": "",
      "REQ_type": "",
      "_id": 14,
      "author_id": "not defined",
      "author_name": "Verona Moodley",
      "helpful": "0",
      "polarity": "",
      "rate": 4,
      "response": "",
      "response_date": "",
      "review": "Was a good challenge. Enjoyable to play. Would like to be able to view objects in the inventory because sometimes I could not tell what the object was due to the picture being so tiny. Maybe even have the objects name come up when you select the item in the inventory.",
      "review_date": [
        "September",
        "24",
        " 2017"
      ]
    },
    {
      "REQ_subtype": "",
      "REQ_type": "",
      "_id": 15,
      "author_id": "not defined",
      "author_name": "Ngaire Larsen",
      "helpful": "0",
      "polarity": "",
      "rate": 3,
      "response": "",
      "response_date": "",
      "review": "Level 12 - the 3 numbers to open the drawer dont match the clock numbers. Am I completely missing something? Had to check the walkthrough to get past this point as nothing seems obvious. Otherwise good game.",
      "review_date": [
        "October",
        "28",
        " 2016"
      ]
    },
    {
      "REQ_subtype": "",
      "REQ_type": "",
      "_id": 16,
      "author_id": "not defined",
      "author_name": "Nadia intheSky",
      "helpful": "0",
      "polarity": "",
      "rate": 5,
      "response": "",
      "response_date": "",
      "review": "Definitely the best escape game I've tried (and I tried a lot). It's a mix of  simple, medium and pretty hard levels, let's just say you are going to need a notepad and a pen to take notes and understand what's the next move. I would have liked more levels tbh but it's probably just me being greedy lol",
      "review_date": [
        "January",
        "9",
        " 2017"
      ]
    },
    {
      "REQ_subtype": "",
      "REQ_type": "",
      "_id": 17,
      "author_id": "not defined",
      "author_name": "Shirley Cayce",
      "helpful": "0",
      "polarity": "",
      "rate": 5,
      "response": "",
      "response_date": "",
      "review": "Fun fun fun! I am a 64 woman who loves puzzle games but not real quick to solve. I thought this game was challenging but not extremely hard. I had to cheat a few times but overall I could figure out a lot. Very logical clues.",
      "review_date": [
        "May",
        "22",
        " 2017"
      ]
    },
    {
      "REQ_subtype": "",
      "REQ_type": "",
      "_id": 18,
      "author_id": "not defined",
      "author_name": "Tigris Vagus",
      "helpful": "2",
      "polarity": "",
      "rate": 3,
      "response": "",
      "response_date": "",
      "review": "Liked the game but got to level 4 I think with the tractor and tried to put the hook where I knew it was meant to go and I'm clicking clicking clicking..... and absolutely nothing happens..... I tried it a few times..... it's very frustrating and it means you cannot get any further.... and I find it a lot with these games.... either something doesn't work or it freezes and then it ruins the whole experience. And I would have given a good rating otherwise....",
      "review_date": [
        "February",
        "11",
        " 2018"
      ]
    },
    {
      "REQ_subtype": "",
      "REQ_type": "",
      "_id": 19,
      "author_id": "not defined",
      "author_name": "A Google user",
      "helpful": "0",
      "polarity": "",
      "rate": 5,
      "response": "",
      "response_date": "",
      "review": "It's a stretch on a few levels where you end up clicking all around because you missed something that doesn't appear on a cell phone sized screen, but over all a good room-to room puzzle.",
      "review_date": [
        "October",
        "8",
        " 2016"
      ]
    },
    {
      "REQ_subtype": "",
      "REQ_type": "",
      "_id": 20,
      "author_id": "not defined",
      "author_name": "Sulueti Smith",
      "helpful": "20",
      "polarity": "",
      "rate": 5,
      "response": "",
      "response_date": "",
      "review": "Excellent game that really makes you think outside of the box, relying on memory and intuition. If you find it really hard to conceptualise things, then this isn't the game for you. It's more for someone who loves figuring out puzzles or brain teasers.",
      "review_date": [
        "August",
        "19",
        " 2016"
      ]
    },
    {
      "REQ_subtype": "",
      "REQ_type": "",
      "_id": 21,
      "author_id": "not defined",
      "author_name": "Pauline Teo",
      "helpful": "0",
      "polarity": "",
      "rate": 4,
      "response": "",
      "response_date": "",
      "review": "Some parts are a little illogical ... thankfully there's demo.. else I doubt I can get through the last round.",
      "review_date": [
        "November",
        "6",
        " 2016"
      ]
    },
    {
      "REQ_subtype": "",
      "REQ_type": "",
      "_id": 22,
      "author_id": "not defined",
      "author_name": "Xander Thompson",
      "helpful": "4",
      "polarity": "",
      "rate": 4,
      "response": "",
      "response_date": "",
      "review": "Pretty good. Found most of the rooms fairly easy, then there was the last room, with last puzzle really stretching the premise logic. Even with an odd walkthrough (adding graphics to even \"explain\" how you're supposed to solve the combination) I found the process from point A to B rather clunky. Maybe I was too tired or dumb to connect the convoluted dots without resorting to physically taking notes or finally submitting to watching a walkthrough. With the exception of this puzzle, I found the game fun and rewarding.",
      "review_date": [
        "October",
        "25",
        " 2017"
      ]
    },
    {
      "REQ_subtype": "",
      "REQ_type": "",
      "_id": 23,
      "author_id": "not defined",
      "author_name": "Elizabeth Young",
      "helpful": "2",
      "polarity": "",
      "rate": 3,
      "response": "",
      "response_date": "",
      "review": "Someone puzzles we're almost impossible to solve. For instance in the last puzzle I would have never known to use the notches in the pipe which lead to the phone which leads o the clock. But maybe it just me. It was ok I've played worse but I've also played better",
      "review_date": [
        "February",
        "28",
        " 2018"
      ]
    },
    {
      "REQ_subtype": "",
      "REQ_type": "",
      "_id": 24,
      "author_id": "not defined",
      "author_name": "ustwohatches",
      "helpful": "0",
      "polarity": "",
      "rate": 3,
      "response": "",
      "response_date": "",
      "review": "If you have played escape games before, it's pretty much the same thing. Not that hard.  I wish the objects you collect would come labeled in some way. I hate collecting something and being g unable to tell what in tarnation it is.",
      "review_date": [
        "August",
        "9",
        " 2016"
      ]
    },
    {
      "REQ_subtype": "",
      "REQ_type": "",
      "_id": 25,
      "author_id": "not defined",
      "author_name": "Mammalias Pizza",
      "helpful": "0",
      "polarity": "",
      "rate": 5,
      "response": "",
      "response_date": "",
      "review": "Whoa, this is one of the hardest free escape game I've played. I got really stuck for hours in the last level, and then when I finally cracked it, I feel really stupid, damn! But I don't need any walkthrough here so I'm fully satisfied. Kudos for the maker of the game 'cause I love it and want to download more! Thanks!",
      "review_date": [
        "December",
        "21",
        " 2016"
      ]
    },
    {
      "REQ_subtype": "",
      "REQ_type": "",
      "_id": 26,
      "author_id": "not defined",
      "author_name": "Allan locke",
      "helpful": "3",
      "polarity": "",
      "rate": 5,
      "response": "",
      "response_date": "",
      "review": "It was a good game. I really enjoyed figuring out the solutions. Last level gave me a hard time because I didn't expect the solution to be so involved but after over thinking it I figured it out trial and error",
      "review_date": [
        "November",
        "3",
        " 2017"
      ]
    },
    {
      "REQ_subtype": "",
      "REQ_type": "",
      "_id": 27,
      "author_id": "not defined",
      "author_name": "Nikki Boswell",
      "helpful": "0",
      "polarity": "",
      "rate": 3,
      "response": "",
      "response_date": "",
      "review": "I've enjoyed it mostly but a few levels  I have done what I was meant to do but it wouldn't work. I've looked up the solutions a few times out of frustration to find either I had tried to do what the video shows or the video shows at completely different solution that makes no sense with the clues available.",
      "review_date": [
        "October",
        "22",
        " 2016"
      ]
    },
    {
      "REQ_subtype": "",
      "REQ_type": "",
      "_id": 28,
      "author_id": "not defined",
      "author_name": "Dispatcher 9908",
      "helpful": "0",
      "polarity": "",
      "rate": 4,
      "response": "",
      "response_date": "",
      "review": "This game would be even better, if you could zoom in on the items you're picking up.  Some things don't make sense.  Anyway I finished the game in 3 days.",
      "review_date": [
        "August",
        "26",
        " 2016"
      ]
    },
    {
      "REQ_subtype": "",
      "REQ_type": "",
      "_id": 29,
      "author_id": "not defined",
      "author_name": "Jason Westley",
      "helpful": "0",
      "polarity": "",
      "rate": 3,
      "response": "",
      "response_date": "",
      "review": "Well, I got asked to rate at level 6, so that's what I'm going to do. It's OK. The puzzles aren't very hard so far and the only thing that makes it difficult are that it can be tricky to see objects, and once you have them it can be tricky to tell what they are. The presentation and interface are also just OK. There are better escape games out there, but I'll keep going with this one and change my review if it improves.",
      "review_date": [
        "May",
        "23",
        " 2017"
      ]
    },
    {
      "REQ_subtype": "",
      "REQ_type": "",
      "_id": 30,
      "author_id": "not defined",
      "author_name": "Meg Has",
      "helpful": "3",
      "polarity": "",
      "rate": 4,
      "response": "",
      "response_date": "",
      "review": "It's challenging but more feasible than try to escape from Japanese game called escape from girls bday party or escape from the Halloween shop.. those i cant get anywhere so they were uninstalled to help keep my bp in check..",
      "review_date": [
        "October",
        "27",
        " 2016"
      ]
    },
    {
      "REQ_subtype": "",
      "REQ_type": "",
      "_id": 31,
      "author_id": "not defined",
      "author_name": "Matthew Miller",
      "helpful": "2",
      "polarity": "",
      "rate": 5,
      "response": "",
      "response_date": "",
      "review": "I would agree in this not being the hardest escape game. However, it was really fun imo. Only took me 2 days casual play. The last puzzle(20) is currently wrong as of today. The far left middle folders should be: Pink, Blue, Red, Yellow, Pink.",
      "review_date": [
        "October",
        "19",
        " 2017"
      ]
    },
    {
      "REQ_subtype": "",
      "REQ_type": "",
      "_id": 32,
      "author_id": "not defined",
      "author_name": "cheryl trembley",
      "helpful": "1",
      "polarity": "",
      "rate": 4,
      "response": "",
      "response_date": "",
      "review": "It was a little challenging in some areas. It had me stumped several times. So I had to take a break & come back later to try to figure the puzzle out.",
      "review_date": [
        "January",
        "19",
        " 2018"
      ]
    },
    {
      "REQ_subtype": "",
      "REQ_type": "",
      "_id": 33,
      "author_id": "not defined",
      "author_name": "Josh W",
      "helpful": "0",
      "polarity": "",
      "rate": 4,
      "response": "",
      "response_date": "",
      "review": "Not very hard until the final level. That last one took me a while because there are a lot more clues to piece together than in previous stages and a lot of different ways they might fit. But it's entirely possible that a person of average intelligence could solve it quickly. Other than the difficult final stage, it's just a run of the mill escape game.",
      "review_date": [
        "August",
        "1",
        " 2016"
      ]
    },
    {
      "REQ_subtype": "",
      "REQ_type": "",
      "_id": 34,
      "author_id": "not defined",
      "author_name": "Letitia Tsunami",
      "helpful": "0",
      "polarity": "",
      "rate": 3,
      "response": "",
      "response_date": "",
      "review": "So far so good. My only problem to date is on level 7. The numbers that corresponds with the colors isn't the correct number to exit the room. I finally had to look it up. And the solution was far from what it should have been. I'm going to assume this won't be the only time this happens.",
      "review_date": [
        "July",
        "6",
        " 2016"
      ]
    },
    {
      "REQ_subtype": "",
      "REQ_type": "",
      "_id": 35,
      "author_id": "not defined",
      "author_name": "John V.",
      "helpful": "11",
      "polarity": "",
      "rate": 4,
      "response": "",
      "response_date": "",
      "review": "Definitely one of the more challenging escape games I've played.  However just before getting frustrated, I get it.  That's what keeps me playing.",
      "review_date": [
        "August",
        "24",
        " 2016"
      ]
    },
    {
      "REQ_subtype": "",
      "REQ_type": "",
      "_id": 36,
      "author_id": "not defined",
      "author_name": "Christina Wilson",
      "helpful": "15",
      "polarity": "",
      "rate": 5,
      "response": "",
      "response_date": "",
      "review": "It's challenging but if you get stuck just click on help. You can see as much or as little as you need. I\u2019m addicted!",
      "review_date": [
        "July",
        "19",
        " 2016"
      ]
    },
    {
      "REQ_subtype": "",
      "REQ_type": "",
      "_id": 37,
      "author_id": "not defined",
      "author_name": "Olivia Nguyen",
      "helpful": "0",
      "polarity": "",
      "rate": 1,
      "response": "",
      "response_date": "",
      "review": "Worlds hardest escape game.... NOT because it is challenging!!!! The graphics are aweful! You can't see what you are picking up, it doesn't tell you what the item is and doesn't allow you examine it closely to figure out what it is... Sometimes you don't even realize you picked up something in the first place. And you can't tell when you combine items, to figure out the next step!!!! I've played dozens of escape games, and this one is absolutely horrible, and looks like it was made by a child! FIX THE GRAPHICS AND INTERFACE!!",
      "review_date": [
        "November",
        "30",
        " 2017"
      ]
    },
    {
      "REQ_subtype": "",
      "REQ_type": "",
      "_id": 38,
      "author_id": "not defined",
      "author_name": "Sharon Durham",
      "helpful": "7",
      "polarity": "",
      "rate": 1,
      "response": "",
      "response_date": "",
      "review": "Super annoying music & sound effects; no story. I prefer games like imaginarium, the room, forever lost, luminosity, etc.",
      "review_date": [
        "December",
        "12",
        " 2016"
      ]
    },
    {
      "REQ_subtype": "",
      "REQ_type": "",
      "_id": 39,
      "author_id": "not defined",
      "author_name": "bubonic mikey",
      "helpful": "7",
      "polarity": "",
      "rate": 5,
      "response": "",
      "response_date": "",
      "review": "Was a real thinker though especially stage 2nd to last 19?  which infacr I was stuck on for about a day :/ dont judge I don't use walk throughs (its cheating) lol",
      "review_date": [
        "September",
        "28",
        " 2016"
      ]
    },
    {
      "REQ_subtype": "",
      "REQ_type": "",
      "_id": 40,
      "author_id": "not defined",
      "author_name": "Denise Richardson",
      "helpful": "7",
      "polarity": "",
      "rate": 4,
      "response": "",
      "response_date": "",
      "review": "All good until the last level.  Didn't make a lot of sense.  Had to resort to the cheat and even then couldn't understand how the puzzle worked.  Otherwise it was a pretty good Game",
      "review_date": [
        "October",
        "11",
        " 2016"
      ]
    },
    {
      "REQ_subtype": "",
      "REQ_type": "",
      "_id": 41,
      "author_id": "not defined",
      "author_name": "A Google user",
      "helpful": "2",
      "polarity": "",
      "rate": 5,
      "response": "",
      "response_date": "",
      "review": "I love this game! Not easy yet not impossible. Used the hints a couple times, was nice to have the option with just a short ad. Need more levels!",
      "review_date": [
        "September",
        "24",
        " 2017"
      ]
    },
    {
      "REQ_subtype": "",
      "REQ_type": "",
      "_id": 42,
      "author_id": "not defined",
      "author_name": "Abigail Jagers",
      "helpful": "2",
      "polarity": "",
      "rate": 1,
      "response": "",
      "response_date": "",
      "review": "The game was average but ending it with blasphemy completely ruined it. So unnecessary. Definitely won't be downloading more from this developer",
      "review_date": [
        "November",
        "5",
        " 2017"
      ]
    },
    {
      "REQ_subtype": "",
      "REQ_type": "",
      "_id": 43,
      "author_id": "not defined",
      "author_name": "Karen Myers",
      "helpful": "0",
      "polarity": "",
      "rate": 5,
      "response": "",
      "response_date": "",
      "review": "Good game so far, challenging but easy enough to figure out. Free so far, hate when they say free & they r not. Really too early in game to give a true rating.",
      "review_date": [
        "July",
        "8",
        " 2016"
      ]
    },
    {
      "REQ_subtype": "",
      "REQ_type": "",
      "_id": 44,
      "author_id": "not defined",
      "author_name": "Jeffrey Clayman",
      "helpful": "9",
      "polarity": "",
      "rate": 4,
      "response": "",
      "response_date": "",
      "review": "Images are small...providing a description of what players are looking at would be helpful (eg long tap blows up the image with \"flashlight\" written under it)",
      "review_date": [
        "July",
        "8",
        " 2016"
      ]
    },
    {
      "REQ_subtype": "",
      "REQ_type": "",
      "_id": 45,
      "author_id": "not defined",
      "author_name": "Kirmin Maurice",
      "helpful": "5",
      "polarity": "",
      "rate": 4,
      "response": "",
      "response_date": "",
      "review": "Very challenging but the walk through don't open.  I have use you tube the other way,  otherwise a good game and all good things must be done",
      "review_date": [
        "December",
        "18",
        " 2016"
      ]
    },
    {
      "REQ_subtype": "",
      "REQ_type": "",
      "_id": 46,
      "author_id": "not defined",
      "author_name": "pappu khan",
      "helpful": "1",
      "polarity": "",
      "rate": 2,
      "response": "",
      "response_date": "",
      "review": "This is such a worst game. I am not able to finish level 3 nd when i tried to watch a walk through . It didn't open. Noone can watch walk through for help\ud83d\ude20\ud83d\ude20\ud83d\ude20\ud83d\ude20",
      "review_date": [
        "February",
        "7",
        " 2017"
      ]
    },
    {
      "REQ_subtype": "",
      "REQ_type": "",
      "_id": 47,
      "author_id": "not defined",
      "author_name": "A Google user",
      "helpful": "0",
      "polarity": "",
      "rate": 3,
      "response": "",
      "response_date": "",
      "review": "I liked the game, but it kept stopping either just as I figured something out, or when I was almost out of the room. Then I had to start that room over from the beginning. Sometimes I would watch the video and it would show to do what I had just tried, but hadn't worked. Some of those arrows in the videos made no sense. Occasionally I had to just get a combination from the video bc the arrow was just back and forth in the picture.",
      "review_date": [
        "November",
        "3",
        " 2016"
      ]
    },
    {
      "REQ_subtype": "",
      "REQ_type": "",
      "_id": 48,
      "author_id": "not defined",
      "author_name": "Simon Smillie",
      "helpful": "0",
      "polarity": "",
      "rate": 1,
      "response": "",
      "response_date": "",
      "review": "Not very colourblind friendly, making some of the colour puzzles extremely difficult.",
      "review_date": [
        "July",
        "2",
        " 2016"
      ]
    },
    {
      "REQ_subtype": "",
      "REQ_type": "",
      "_id": 49,
      "author_id": "not defined",
      "author_name": "Jay Kapasi",
      "helpful": "1",
      "polarity": "",
      "rate": 4,
      "response": "",
      "response_date": "",
      "review": "Play is good but there are some levels where clues di not make sense or you have to remember lot of things especially the last level. But still a very interesting game to play",
      "review_date": [
        "July",
        "5",
        " 2017"
      ]
    },
    {
      "REQ_subtype": "",
      "REQ_type": "",
      "_id": 50,
      "author_id": "not defined",
      "author_name": "Michael Mohr",
      "helpful": "4",
      "polarity": "",
      "rate": 5,
      "response": "",
      "response_date": "",
      "review": "Key clues not available until dependent acts completed in levels 4 and 5.  Otherwise, puzzles are entertaining. Still more levels to go.",
      "review_date": [
        "September",
        "6",
        " 2016"
      ]
    },
    {
      "REQ_subtype": "",
      "REQ_type": "",
      "_id": 51,
      "author_id": "not defined",
      "author_name": "Naelia Romain",
      "helpful": "5",
      "polarity": "",
      "rate": 5,
      "response": "",
      "response_date": "",
      "review": "Very challenging. Great to play to kill some time. At first it was easy but then it became really difficult. Took me a while but I've finish the game.",
      "review_date": [
        "September",
        "12",
        " 2016"
      ]
    },
    {
      "REQ_subtype": "",
      "REQ_type": "",
      "_id": 52,
      "author_id": "not defined",
      "author_name": "Nicola Perotto",
      "helpful": "4",
      "polarity": "",
      "rate": 2,
      "response": "",
      "response_date": "",
      "review": "the hardest thing is the lack of logic in some point! Enormous bug: at start ever has sound enabled even if previously shutted off (this bug is shared with other your releases)",
      "review_date": [
        "July",
        "31",
        " 2016"
      ]
    },
    {
      "REQ_subtype": "",
      "REQ_type": "",
      "_id": 53,
      "author_id": "not defined",
      "author_name": "A Google user",
      "helpful": "2",
      "polarity": "",
      "rate": 5,
      "response": "",
      "response_date": "",
      "review": "It lives up to its name, i hade to usr the walkthrough for a lot of the levels. Too bad there is only 20 levels, plz make more.",
      "review_date": [
        "April",
        "18",
        " 2017"
      ]
    },
    {
      "REQ_subtype": "",
      "REQ_type": "",
      "_id": 54,
      "author_id": "not defined",
      "author_name": "A Google user",
      "helpful": "6",
      "polarity": "",
      "rate": 5,
      "response": "",
      "response_date": "",
      "review": "It's a good game just very tricky. I like it. I'm using the stars to rate how hard it was and 5 being it was fun but challenging",
      "review_date": [
        "October",
        "4",
        " 2016"
      ]
    },
    {
      "REQ_subtype": "",
      "REQ_type": "",
      "_id": 55,
      "author_id": "not defined",
      "author_name": "Heather Fletcher",
      "helpful": "0",
      "polarity": "",
      "rate": 5,
      "response": "",
      "response_date": "",
      "review": "Fun, challenging. Just finished the game tonight. Kind of wish I could keep going! Love it! Its lengthy and makes you think hard!",
      "review_date": [
        "August",
        "4",
        " 2016"
      ]
    },
    {
      "REQ_subtype": "",
      "REQ_type": "",
      "_id": 56,
      "author_id": "not defined",
      "author_name": "String Theory music school",
      "helpful": "2",
      "polarity": "",
      "rate": 3,
      "response": "",
      "response_date": "",
      "review": "It's alright. The creators have potential. I found some of the puzzles to be too vague and some making no sense. Some areas are inaccessible/hard to find unless you click the screen everywhere a lot.I bet the next game will be awesome",
      "review_date": [
        "July",
        "14",
        " 2017"
      ]
    },
    {
      "REQ_subtype": "",
      "REQ_type": "",
      "_id": 57,
      "author_id": "not defined",
      "author_name": "Elizabeth Barnett",
      "helpful": "2",
      "polarity": "",
      "rate": 3,
      "response": "",
      "response_date": "",
      "review": "I keep getting the key for the next room before going through all the clues. It makes it a bit boring. Could also use better sound effects.",
      "review_date": [
        "July",
        "27",
        " 2017"
      ]
    },
    {
      "REQ_subtype": "",
      "REQ_type": "",
      "_id": 58,
      "author_id": "not defined",
      "author_name": "The Galaxy Queen - Cream Custard ;3",
      "helpful": "0",
      "polarity": "",
      "rate": 2,
      "response": "",
      "response_date": "",
      "review": "I like the game it looks fun but on the first stage as soon as I get the trowel thing from the fountain I can't go back I tried getting out of the game and back it still didn't work. Fix the problem and I will give 5 star, unless another problem occurs.",
      "review_date": [
        "September",
        "6",
        " 2016"
      ]
    },
    {
      "REQ_subtype": "",
      "REQ_type": "",
      "_id": 59,
      "author_id": "not defined",
      "author_name": "Johnathan Clevenger",
      "helpful": "12",
      "polarity": "",
      "rate": 5,
      "response": "",
      "response_date": "",
      "review": "It gets more difficult as you go along overall a great challenge and awesome to play be sure to use your brain lol",
      "review_date": [
        "June",
        "21",
        " 2016"
      ]
    },
    {
      "REQ_subtype": "",
      "REQ_type": "",
      "_id": 60,
      "author_id": "not defined",
      "author_name": "Gaurav Gupta",
      "helpful": "1",
      "polarity": "",
      "rate": 5,
      "response": "",
      "response_date": "",
      "review": "IT IS MIND SHARP GAME.IT IS VERY VERY VERY GOOD GAME.IF U START PLAY NEVER STOP.U GET HAPPY TO AFTER PLAYING THIS GAME.IT IS VERY GOOD THAT U ARE PLAYING LIKE THIS MIND SHARPING GAME.U ARE ALSO SOLVING THE CUBE.IF U ARE NOT SOLVING U MUST HAVE TO SOLVE FOR MIND SHARH.IT IS GOOD THAT U ARE PLAYING BUT U HAVE TO DO STUDY ALSO",
      "review_date": [
        "September",
        "15",
        " 2016"
      ]
    },
    {
      "REQ_subtype": "",
      "REQ_type": "",
      "_id": 61,
      "author_id": "not defined",
      "author_name": "Stephanie Lee",
      "helpful": "0",
      "polarity": "",
      "rate": 4,
      "response": "",
      "response_date": "",
      "review": "It's a cute game, but it's not the hardest to figure out. Many of the rooms have repeat puzzles that get old after three or more times.",
      "review_date": [
        "April",
        "8",
        " 2018"
      ]
    },
    {
      "REQ_subtype": "",
      "REQ_type": "",
      "_id": 62,
      "author_id": "not defined",
      "author_name": "Colleen Hails",
      "helpful": "5",
      "polarity": "",
      "rate": 4,
      "response": "",
      "response_date": "",
      "review": "Just challenging enough,  really fun. They start out with barely any ads and then after level 6 they ask you to rate it. After that the ads increased but still very playable. Tons of levels,  great Escape game.",
      "review_date": [
        "July",
        "4",
        " 2016"
      ]
    },
    {
      "REQ_subtype": "",
      "REQ_type": "",
      "_id": 63,
      "author_id": "not defined",
      "author_name": "Mauricio Urz\u00faa Meza",
      "helpful": "3",
      "polarity": "",
      "rate": 3,
      "response": "",
      "response_date": "",
      "review": "Kind of easy... it's a good game for starters into this kind of puzzles but at least the first stages were too easy. As well it need a descriptions of the items to know what they are, that would be a great improvement. As well a better graphics to avoid just tapping everywhere to look for items or small keyholes... OK game...",
      "review_date": [
        "February",
        "10",
        " 2017"
      ]
    },
    {
      "REQ_subtype": "",
      "REQ_type": "",
      "_id": 64,
      "author_id": "not defined",
      "author_name": "george smith",
      "helpful": "1",
      "polarity": "",
      "rate": 5,
      "response": "",
      "response_date": "",
      "review": "Overall fun puzzle journey.  Some of the clues do not appear to be intuitive or make sence, but OL narrative tutorials help clarify and move past blocks.",
      "review_date": [
        "January",
        "20",
        " 2017"
      ]
    },
    {
      "REQ_subtype": "",
      "REQ_type": "",
      "_id": 65,
      "author_id": "not defined",
      "author_name": "A Google user",
      "helpful": "0",
      "polarity": "",
      "rate": 5,
      "response": "",
      "response_date": "",
      "review": "Definitely makes you think twice as hard as any other escape game. If it \nwasn't for the helpful walkthroughs I would not have hoy through them!!",
      "review_date": [
        "May",
        "26",
        " 2018"
      ]
    },
    {
      "REQ_subtype": "",
      "REQ_type": "",
      "_id": 66,
      "author_id": "not defined",
      "author_name": "Raphael Tymowski",
      "helpful": "12",
      "polarity": "",
      "rate": 5,
      "response": "",
      "response_date": "",
      "review": "Fun challenging game, but level 20 is too much. I still don't understand it even after watching the walkthrough...",
      "review_date": [
        "July",
        "10",
        " 2016"
      ]
    },
    {
      "REQ_subtype": "",
      "REQ_type": "",
      "_id": 67,
      "author_id": "not defined",
      "author_name": "Luka Koprivica",
      "helpful": "2",
      "polarity": "",
      "rate": 3,
      "response": "",
      "response_date": "",
      "review": "Most of the time you can't tell what's in the inventory, to small icons, no option to zoom in... If you just click around you'll solve most of it, especially those illogical problems...",
      "review_date": [
        "August",
        "24",
        " 2016"
      ]
    },
    {
      "REQ_subtype": "",
      "REQ_type": "",
      "_id": 68,
      "author_id": "not defined",
      "author_name": "stephen austin",
      "helpful": "1",
      "polarity": "",
      "rate": 3,
      "response": "",
      "response_date": "",
      "review": "I can't get pass level 5 cuts the red part won't go in the tube on the tractor other than the problems. Its a good game",
      "review_date": [
        "March",
        "28",
        " 2017"
      ]
    },
    {
      "REQ_subtype": "",
      "REQ_type": "",
      "_id": 69,
      "author_id": "not defined",
      "author_name": "A Google user",
      "helpful": "0",
      "polarity": "",
      "rate": 3,
      "response": "",
      "response_date": "",
      "review": "Couldn't get past level 14 even though I looked at the walkthrough as I couldn't understand what I was doing wrong. Turns out nothing! Bit of a glitch there \ud83d\ude01 would of rated it higher apart from that. Some levels got my old brain working \ud83e\udd14",
      "review_date": [
        "January",
        "16",
        " 2018"
      ]
    },
    {
      "REQ_subtype": "",
      "REQ_type": "",
      "_id": 70,
      "author_id": "not defined",
      "author_name": "Gintare Laboviciute",
      "helpful": "0",
      "polarity": "",
      "rate": 3,
      "response": "",
      "response_date": "",
      "review": "It's a good game but definitely not \"the world's hardest\" some very interesting puzzles, but mostly it's one walk through the game from the first thing you find which lets you do something, which then itself lends you to do something else and so on until you find the 'key' to the door. Good game but there are better, more challenging ones out there.",
      "review_date": [
        "June",
        "23",
        " 2016"
      ]
    },
    {
      "REQ_subtype": "",
      "REQ_type": "",
      "_id": 71,
      "author_id": "not defined",
      "author_name": "Danica Pearce",
      "helpful": "1",
      "polarity": "",
      "rate": 4,
      "response": "",
      "response_date": "",
      "review": "Fun and challenging. Only a handful of times did I need to watch part of the walkthrough to spur me on. The last level though STILL doesn't make sense to me! Please explain! I was trying my best to put together the clues from the bulletin board, the journal, the file cabinet, and under the rug, but I couldn't quite grasp it and the walkthrough just showed me the answer without explaining it. :(",
      "review_date": [
        "September",
        "25",
        " 2017"
      ]
    },
    {
      "REQ_subtype": "",
      "REQ_type": "",
      "_id": 72,
      "author_id": "not defined",
      "author_name": "A Google user",
      "helpful": "0",
      "polarity": "",
      "rate": 4,
      "response": "",
      "response_date": "",
      "review": "Very difficult. Need hint butt no any hint or video",
      "review_date": [
        "June",
        "26",
        " 2018"
      ]
    },
    {
      "REQ_subtype": "",
      "REQ_type": "",
      "_id": 73,
      "author_id": "not defined",
      "author_name": "Janell Welch",
      "helpful": "1",
      "polarity": "",
      "rate": 4,
      "response": "",
      "response_date": "",
      "review": "It's still early in the game but I think it's cool! I usually wiz through escape games but I did get stuck already lol so it's good that it's a little more challeging",
      "review_date": [
        "March",
        "23",
        " 2017"
      ]
    },
    {
      "REQ_subtype": "",
      "REQ_type": "",
      "_id": 74,
      "author_id": "not defined",
      "author_name": "CJ rock",
      "helpful": "1",
      "polarity": "",
      "rate": 5,
      "response": "",
      "response_date": "",
      "review": "It is chellenging and thats what i like about it. I heart roon escape games and this one each level it gets harder and harder but with other ones it most of the tines only takes me 5min",
      "review_date": [
        "September",
        "1",
        " 2016"
      ]
    },
    {
      "REQ_subtype": "",
      "REQ_type": "",
      "_id": 75,
      "author_id": "not defined",
      "author_name": "Steven Chan",
      "helpful": "1",
      "polarity": "",
      "rate": 4,
      "response": "It seems you are an escaping PRO as the game is actually pretty high regarding the difficulty level. We will try even harder next time :)",
      "response_date": [
        "August",
        "17",
        " 2016"
      ],
      "review": "Its more to like find item game than escape game because its not logical escape. I have solved every level without think except lvl 20. Only searching object and making strange combine...level 20=left right key with direction clue? Need more waste time for try left or right for the same direction",
      "review_date": [
        "August",
        "17",
        " 2016"
      ]
    },
    {
      "REQ_subtype": "",
      "REQ_type": "",
      "_id": 76,
      "author_id": "not defined",
      "author_name": "Sunny Prejean",
      "helpful": "0",
      "polarity": "",
      "rate": 4,
      "response": "",
      "response_date": "",
      "review": "By far one of the best escape games I've played. A little difficult at times, but the struggle is what makes it more exciting. Great download, totally loved it.",
      "review_date": [
        "June",
        "24",
        " 2016"
      ]
    },
    {
      "REQ_subtype": "",
      "REQ_type": "",
      "_id": 77,
      "author_id": "not defined",
      "author_name": "Amnesia Iforget",
      "helpful": "0",
      "polarity": "",
      "rate": 3,
      "response": "",
      "response_date": "",
      "review": "Hard to see hard to interact. Designers must have been on a pc screen because you can't see what your doing on phones.",
      "review_date": [
        "April",
        "14",
        " 2018"
      ]
    },
    {
      "REQ_subtype": "",
      "REQ_type": "",
      "_id": 78,
      "author_id": "not defined",
      "author_name": "Keith Woodring",
      "helpful": "2",
      "polarity": "",
      "rate": 4,
      "response": "",
      "response_date": "",
      "review": "I really like these kind of games...makes you use your brain more than most other apps.",
      "review_date": [
        "August",
        "7",
        " 2016"
      ]
    },
    {
      "REQ_subtype": "",
      "REQ_type": "",
      "_id": 79,
      "author_id": "not defined",
      "author_name": "Rashmi Lulla",
      "helpful": "1",
      "polarity": "",
      "rate": 1,
      "response": "",
      "response_date": "",
      "review": "Even after clicking item does not work. Walkthrough is also not working but went through few levels without Walkthrough",
      "review_date": [
        "June",
        "27",
        " 2017"
      ]
    },
    {
      "REQ_subtype": "",
      "REQ_type": "",
      "_id": 80,
      "author_id": "not defined",
      "author_name": "A Google user",
      "helpful": "2",
      "polarity": "",
      "rate": 5,
      "response": "",
      "response_date": "",
      "review": "I enjoy games that make you think, not as hard as people made it seem made it to level 6 within the first 20 min while being distracted still a good game! Maybe I'm just good at these \ud83d\ude0f",
      "review_date": [
        "May",
        "15",
        " 2017"
      ]
    },
    {
      "REQ_subtype": "",
      "REQ_type": "",
      "_id": 81,
      "author_id": "not defined",
      "author_name": "Belinda Wright",
      "helpful": "1",
      "polarity": "",
      "rate": 5,
      "response": "",
      "response_date": "",
      "review": "Great variety of puzzles, some seemed harder than others, but that is probably an individual thing on how your mind works. Overall an excellent escape!",
      "review_date": [
        "January",
        "2",
        " 2017"
      ]
    },
    {
      "REQ_subtype": "",
      "REQ_type": "",
      "_id": 82,
      "author_id": "not defined",
      "author_name": "Charly Kortz",
      "helpful": "1",
      "polarity": "",
      "rate": 3,
      "response": "Thanks for the feedback, will do our best to solve this with future releases!",
      "response_date": [
        "September",
        "12",
        " 2016"
      ],
      "review": "By that I mean they're so tiny and they're so small you just wind up having the tap all over the entire screen until you finally pick something up!!",
      "review_date": [
        "September",
        "12",
        " 2016"
      ]
    },
    {
      "REQ_subtype": "",
      "REQ_type": "",
      "_id": 83,
      "author_id": "not defined",
      "author_name": "Chan P.",
      "helpful": "0",
      "polarity": "",
      "rate": 2,
      "response": "",
      "response_date": "",
      "review": "Some levels were good but some were confusing especially the last one. There was just too many things to do that cause it to be confusing",
      "review_date": [
        "January",
        "15",
        " 2018"
      ]
    },
    {
      "REQ_subtype": "",
      "REQ_type": "",
      "_id": 84,
      "author_id": "not defined",
      "author_name": "Kim McHugh",
      "helpful": "1",
      "polarity": "",
      "rate": 4,
      "response": "",
      "response_date": "",
      "review": "I like these games but on Lvl 4 changing the color of the buttons just will not work for me.  I see where the clue is but I put those colors in..... Nothin'  I hate that crap. I even did the walkthrough and still Nothin'",
      "review_date": [
        "April",
        "24",
        " 2017"
      ]
    },
    {
      "REQ_subtype": "",
      "REQ_type": "",
      "_id": 85,
      "author_id": "not defined",
      "author_name": "Melinda Van Wyk",
      "helpful": "3",
      "polarity": "",
      "rate": 5,
      "response": "",
      "response_date": "",
      "review": "Not too easy... Not too difficult.  Lekker  om te speel.",
      "review_date": [
        "August",
        "10",
        " 2016"
      ]
    },
    {
      "REQ_subtype": "",
      "REQ_type": "",
      "_id": 86,
      "author_id": "not defined",
      "author_name": "Derrick Pardue",
      "helpful": "3",
      "polarity": "",
      "rate": 4,
      "response": "",
      "response_date": "",
      "review": "Great concept. One lock per room. Would like to zoom in on items you find. But some you can't. Def puzzling.",
      "review_date": [
        "July",
        "25",
        " 2016"
      ]
    },
    {
      "REQ_subtype": "",
      "REQ_type": "",
      "_id": 87,
      "author_id": "not defined",
      "author_name": "Lacaya Berumen1",
      "helpful": "1",
      "polarity": "",
      "rate": 5,
      "response": "",
      "response_date": "",
      "review": "I wish i diddnt have so many adds but tge rest is awesine i cant stop playing who ever doeant have it it fun u can watch adds the u can watch a video if your stuch on it lol",
      "review_date": [
        "October",
        "21",
        " 2016"
      ]
    },
    {
      "REQ_subtype": "",
      "REQ_type": "",
      "_id": 88,
      "author_id": "not defined",
      "author_name": "Elwyn Pike",
      "helpful": "1",
      "polarity": "",
      "rate": 5,
      "response": "",
      "response_date": "",
      "review": "Really made me think...puzzles were hard but solvable, only had to use the walkthrough a few times but it was an awesome game and totally enjoyed...massive thumbs up, need a lie down after all this",
      "review_date": [
        "September",
        "19",
        " 2016"
      ]
    },
    {
      "REQ_subtype": "",
      "REQ_type": "",
      "_id": 89,
      "author_id": "not defined",
      "author_name": "Kerapi",
      "helpful": "5",
      "polarity": "",
      "rate": 2,
      "response": "",
      "response_date": "",
      "review": "Illogical puzzles. Either too easy or simply frustrating due to lack of any semblance of logic or reasoning.",
      "review_date": [
        "July",
        "22",
        " 2016"
      ]
    },
    {
      "REQ_subtype": "",
      "REQ_type": "",
      "_id": 90,
      "author_id": "not defined",
      "author_name": "Christopher Drzewicki-Collins",
      "helpful": "1",
      "polarity": "",
      "rate": 3,
      "response": "",
      "response_date": "",
      "review": "It isn't clear, sometimes, as to what the items are. Maybe add a small description when a player taps an item. Other than that, the game is too easy. Adding a timer would make it harder, I guess...",
      "review_date": [
        "August",
        "27",
        " 2016"
      ]
    },
    {
      "REQ_subtype": "",
      "REQ_type": "",
      "_id": 91,
      "author_id": "not defined",
      "author_name": "Suzii Bambrick",
      "helpful": "3",
      "polarity": "",
      "rate": 3,
      "response": "",
      "response_date": "",
      "review": "It's not very hard considering it's meant to be the hardest escape game ever lol \ud83d\ude02 still fun though \ud83d\udc4d",
      "review_date": [
        "July",
        "19",
        " 2016"
      ]
    },
    {
      "REQ_subtype": "",
      "REQ_type": "",
      "_id": 92,
      "author_id": "not defined",
      "author_name": "Alec Jor",
      "helpful": "1",
      "polarity": "",
      "rate": 1,
      "response": "",
      "response_date": "",
      "review": "FAKE REVIEWS!!! CRAPPY GAME!! DONT WASTE TIME DOWNLOADING THIS.",
      "review_date": [
        "October",
        "29",
        " 2017"
      ]
    },
    {
      "REQ_subtype": "",
      "REQ_type": "",
      "_id": 93,
      "author_id": "not defined",
      "author_name": "Judith Victorin",
      "helpful": "0",
      "polarity": "",
      "rate": 3,
      "response": "",
      "response_date": "",
      "review": "After I pick something up most of the times it's so small i can't even see what it is. It would be better if I can click the item and it shows up bigger so I can figure out how to use it",
      "review_date": [
        "August",
        "2",
        " 2016"
      ]
    },
    {
      "REQ_subtype": "",
      "REQ_type": "",
      "_id": 94,
      "author_id": "not defined",
      "author_name": "James Simmons",
      "helpful": "1",
      "polarity": "",
      "rate": 1,
      "response": "",
      "response_date": "",
      "review": "I reached level 20 and there is a phone you have dial something but I keep tap the phone to dail  but nothing happened the tip the help you out is absolutely no help at all it just dial the phone number but when I do it nothing happens time to uninstall how can you play a game with clues to help but the clue is no help at all",
      "review_date": [
        "January",
        "14",
        " 2018"
      ]
    },
    {
      "REQ_subtype": "",
      "REQ_type": "",
      "_id": 95,
      "author_id": "not defined",
      "author_name": "Naghmeh Razavi",
      "helpful": "1",
      "polarity": "",
      "rate": 5,
      "response": "",
      "response_date": "",
      "review": "This is so gooooood. I love escape games and tried lots of them yet this is one of the best. Not too easy nor illogical. Great!",
      "review_date": [
        "June",
        "2",
        " 2017"
      ]
    },
    {
      "REQ_subtype": "",
      "REQ_type": "",
      "_id": 96,
      "author_id": "not defined",
      "author_name": "Candace Studebaker",
      "helpful": "4",
      "polarity": "",
      "rate": 3,
      "response": "",
      "response_date": "",
      "review": "Its a good challenge but now I'm stuck and the walkthroughs aren't working.",
      "review_date": [
        "August",
        "4",
        " 2016"
      ]
    },
    {
      "REQ_subtype": "",
      "REQ_type": "",
      "_id": 97,
      "author_id": "not defined",
      "author_name": "Erin Hollier",
      "helpful": "0",
      "polarity": "",
      "rate": 5,
      "response": "",
      "response_date": "",
      "review": "Fantastic game!! Hard but not ridiculously so. Best one I have played.  So sad to have completed it. Not good for sleep though!",
      "review_date": [
        "July",
        "16",
        " 2016"
      ]
    },
    {
      "REQ_subtype": "",
      "REQ_type": "",
      "_id": 98,
      "author_id": "not defined",
      "author_name": "Oppa Tae",
      "helpful": "4",
      "polarity": "",
      "rate": 5,
      "response": "",
      "response_date": "",
      "review": "So many different hidden keys I dunno how to describe it but u guys HAVE to get this game for when ur bored",
      "review_date": [
        "July",
        "15",
        " 2016"
      ]
    },
    {
      "REQ_subtype": "",
      "REQ_type": "",
      "_id": 99,
      "author_id": "not defined",
      "author_name": "Mandy Bradley",
      "helpful": "1",
      "polarity": "",
      "rate": 5,
      "response": "",
      "response_date": "",
      "review": "The perfect level of challenge; mostly straightforward, but with a few thinkers toward the end. Really enjoyed, hope to see more levels soon!",
      "review_date": [
        "July",
        "18",
        " 2017"
      ]
    },
    {
      "REQ_subtype": "",
      "REQ_type": "",
      "_id": 100,
      "author_id": "not defined",
      "author_name": "A Google user",
      "helpful": "1",
      "polarity": "",
      "rate": 3,
      "response": "",
      "response_date": "",
      "review": "The game starts being dificult until level 9, and only three levels are challenging.  It's awesome for beginners.",
      "review_date": [
        "July",
        "30",
        " 2017"
      ]
    },
    {
      "REQ_subtype": "",
      "REQ_type": "",
      "_id": 101,
      "author_id": "not defined",
      "author_name": "Monalee Rosal",
      "helpful": "1",
      "polarity": "",
      "rate": 1,
      "response": "",
      "response_date": "",
      "review": "It's annoying. I can't even concentrate to get past the first level. You placed it at the worst possible spot",
      "review_date": [
        "October",
        "9",
        " 2016"
      ]
    },
    {
      "REQ_subtype": "",
      "REQ_type": "",
      "_id": 102,
      "author_id": "not defined",
      "author_name": "Morty Cat",
      "helpful": "1",
      "polarity": "",
      "rate": 4,
      "response": "",
      "response_date": "",
      "review": "It was way more difficult than other escape games but fun to solve. Try it guys! I recommend you to download this. \ud83d\ude03",
      "review_date": [
        "December",
        "27",
        " 2016"
      ]
    },
    {
      "REQ_subtype": "",
      "REQ_type": "",
      "_id": 103,
      "author_id": "not defined",
      "author_name": "Howard Dai",
      "helpful": "0",
      "polarity": "",
      "rate": 5,
      "response": "",
      "response_date": "",
      "review": "Contrary to other reviewers, I wasn't  bothered by the ads at all. Proud to say that I was able to complete all levels without using any hints! It was definitely still quite challenging and a lot of fun though!",
      "review_date": [
        "June",
        "23",
        " 2016"
      ]
    },
    {
      "REQ_subtype": "",
      "REQ_type": "",
      "_id": 104,
      "author_id": "not defined",
      "author_name": "Kaleb G-W",
      "helpful": "1",
      "polarity": "",
      "rate": 3,
      "response": "",
      "response_date": "",
      "review": "I won't give it a terrible rating, I mean it does get the job done, but it's hardly challenging.",
      "review_date": [
        "October",
        "2",
        " 2016"
      ]
    },
    {
      "REQ_subtype": "",
      "REQ_type": "",
      "_id": 105,
      "author_id": "not defined",
      "author_name": "Heather Koski",
      "helpful": "0",
      "polarity": "",
      "rate": 5,
      "response": "",
      "response_date": "",
      "review": "I've played a bunch of these type of games, but this is the first I'm rating. A very good escape game with 20 free levels, of often tough puzzles, where 3 times I had to Google for help! ;) Pure puzzle pleasure: as each level was 1) completely logical, (even if I didn't get it at first) 2) DIDN'T require a purchase to complete the game (a sneaky oft occurring trick.) Hoping to see more along this line *read* no purchase necessary! 5 Star escape game! Really great job by developer!",
      "review_date": [
        "December",
        "5",
        " 2016"
      ]
    },
    {
      "REQ_subtype": "",
      "REQ_type": "",
      "_id": 106,
      "author_id": "not defined",
      "author_name": "Brennan Smith",
      "helpful": "1",
      "polarity": "",
      "rate": 3,
      "response": "",
      "response_date": "",
      "review": "Maybe I've been spoiled by The Room, but this game is basic in design, non-animated, and the puzzles follow extremely regular predictable sequences. Skip it.",
      "review_date": [
        "November",
        "21",
        " 2016"
      ]
    },
    {
      "REQ_subtype": "",
      "REQ_type": "",
      "_id": 107,
      "author_id": "not defined",
      "author_name": "Emily W",
      "helpful": "3",
      "polarity": "",
      "rate": 5,
      "response": "",
      "response_date": "",
      "review": "Challenging; necessary to engage brain. I like that it isn't possible to complete the levels by randomly clicking on things.",
      "review_date": [
        "July",
        "28",
        " 2016"
      ]
    },
    {
      "REQ_subtype": "",
      "REQ_type": "",
      "_id": 108,
      "author_id": "not defined",
      "author_name": "A Google user",
      "helpful": "2",
      "polarity": "",
      "rate": 4,
      "response": "",
      "response_date": "",
      "review": "This game is very challenging but fun at the same time. I wish it wasn't over because it is so much fun!!",
      "review_date": [
        "November",
        "12",
        " 2016"
      ]
    },
    {
      "REQ_subtype": "",
      "REQ_type": "",
      "_id": 109,
      "author_id": "not defined",
      "author_name": "Mandy Lord",
      "helpful": "0",
      "polarity": "",
      "rate": 4,
      "response": "",
      "response_date": "",
      "review": "Challenging and a great concept but some of the leaps are too far-fetched.   Can't complain too much about free.",
      "review_date": [
        "August",
        "1",
        " 2016"
      ]
    },
    {
      "REQ_subtype": "",
      "REQ_type": "",
      "_id": 110,
      "author_id": "not defined",
      "author_name": "Patrice Davis",
      "helpful": "1",
      "polarity": "",
      "rate": 4,
      "response": "",
      "response_date": "",
      "review": "The game is okay cause it makes you think. On a small device you really can't tell what you're picking up til it's in the box.",
      "review_date": [
        "April",
        "30",
        " 2017"
      ]
    },
    {
      "REQ_subtype": "",
      "REQ_type": "",
      "_id": 111,
      "author_id": "not defined",
      "author_name": "Sadiya Bangi",
      "helpful": "1",
      "polarity": "",
      "rate": 5,
      "response": "",
      "response_date": "",
      "review": "I just loved it .It's really the world's hardest escape game but they are so good that they had kept the hint also and in the start there was a man who helped me to par the two levels and whenever I got confused or don't know how to play I took the hint.I think that everyone should download this game.",
      "review_date": [
        "September",
        "14",
        " 2016"
      ]
    },
    {
      "REQ_subtype": "",
      "REQ_type": "",
      "_id": 112,
      "author_id": "not defined",
      "author_name": "Arindam Bhattacharjee",
      "helpful": "1",
      "polarity": "",
      "rate": 2,
      "response": "",
      "response_date": "",
      "review": "No hints option..Walkthrough videos don't work..Basically if you stuck somewhere there's no help..Lost interest in level 3",
      "review_date": [
        "May",
        "17",
        " 2017"
      ]
    },
    {
      "REQ_subtype": "",
      "REQ_type": "",
      "_id": 113,
      "author_id": "not defined",
      "author_name": "Kat Harman",
      "helpful": "1",
      "polarity": "",
      "rate": 3,
      "response": "",
      "response_date": "",
      "review": "It's only hard because you find stuff you never use or have to arrange something that you are not given any clue as to how!",
      "review_date": [
        "December",
        "26",
        " 2016"
      ]
    },
    {
      "REQ_subtype": "",
      "REQ_type": "",
      "_id": 114,
      "author_id": "not defined",
      "author_name": "Kristina Lopez",
      "helpful": "1",
      "polarity": "",
      "rate": 3,
      "response": "",
      "response_date": "",
      "review": "Lame graphics and not that hard. Only on level 6, but flew through it so far. Expected more.",
      "review_date": [
        "November",
        "26",
        " 2016"
      ]
    },
    {
      "REQ_subtype": "",
      "REQ_type": "",
      "_id": 115,
      "author_id": "not defined",
      "author_name": "Sarah Newhouse",
      "helpful": "2",
      "polarity": "",
      "rate": 5,
      "response": "",
      "response_date": "",
      "review": "It is so hard but one you get to the sixth level you do fine it is a brain testing game and I glad I have downloaded it cant wait to complete the game and it will keep me busy over the holidays and also they are hardly any adds which is realy rare when you get apps  thankyou a lot for making this game a pleasure to have",
      "review_date": [
        "July",
        "27",
        " 2016"
      ]
    },
    {
      "REQ_subtype": "",
      "REQ_type": "",
      "_id": 116,
      "author_id": "not defined",
      "author_name": "Tulika t",
      "helpful": "1",
      "polarity": "",
      "rate": 5,
      "response": "",
      "response_date": "",
      "review": "Omg that last level just blew my mind out......... I am still confused about it n yeah it sure is the world's hardest escape game.. \ud83d\ude09",
      "review_date": [
        "July",
        "17",
        " 2017"
      ]
    },
    {
      "REQ_subtype": "",
      "REQ_type": "",
      "_id": 117,
      "author_id": "not defined",
      "author_name": "Burt Verge",
      "helpful": "2",
      "polarity": "",
      "rate": 2,
      "response": "",
      "response_date": "",
      "review": "I found it difficult to see items in the backgrounds, they blend in too much.",
      "review_date": [
        "June",
        "26",
        " 2016"
      ]
    },
    {
      "REQ_subtype": "",
      "REQ_type": "",
      "_id": 118,
      "author_id": "not defined",
      "author_name": "Crystal Schroeder",
      "helpful": "1",
      "polarity": "",
      "rate": 5,
      "response": "",
      "response_date": "",
      "review": "I'm on stage 6 right now and think it's an amazing game. I've played many escape games and this is one of my favorites so far.",
      "review_date": [
        "February",
        "3",
        " 2017"
      ]
    },
    {
      "REQ_subtype": "",
      "REQ_type": "",
      "_id": 119,
      "author_id": "not defined",
      "author_name": "siddharth karnik",
      "helpful": "1",
      "polarity": "",
      "rate": 5,
      "response": "",
      "response_date": "",
      "review": "It's good work with lot of thought. Why is it not full screen ? I have a 5 inch 720-1280 mobile and the display is leaving space at bottom right and left. Well done. Playing more.",
      "review_date": [
        "August",
        "10",
        " 2016"
      ]
    },
    {
      "REQ_subtype": "",
      "REQ_type": "",
      "_id": 120,
      "author_id": "not defined",
      "author_name": "K M",
      "helpful": "1",
      "polarity": "",
      "rate": 3,
      "response": "",
      "response_date": "",
      "review": "Some of the levels or steps are absolutely baffling. They don't make any sense to me, even after finishing.",
      "review_date": [
        "February",
        "14",
        " 2017"
      ]
    },
    {
      "REQ_subtype": "",
      "REQ_type": "",
      "_id": 121,
      "author_id": "not defined",
      "author_name": "Matt Bolton",
      "helpful": "1",
      "polarity": "",
      "rate": 1,
      "response": "",
      "response_date": "",
      "review": "Animated ads take up far too much of the screen. Can't handle it, rather have a paid app.",
      "review_date": [
        "September",
        "8",
        " 2016"
      ]
    },
    {
      "REQ_subtype": "",
      "REQ_type": "",
      "_id": 122,
      "author_id": "not defined",
      "author_name": "Ismail Adeyemi",
      "helpful": "1",
      "polarity": "",
      "rate": 4,
      "response": "",
      "response_date": "",
      "review": "Really good game but some of the clues are a little far-fetched (like the indentations on the pipe to the telephone to the clock hand position. Got that one simply by using the magnified image.",
      "review_date": [
        "August",
        "12",
        " 2016"
      ]
    },
    {
      "REQ_subtype": "",
      "REQ_type": "",
      "_id": 123,
      "author_id": "not defined",
      "author_name": "Patrick Haden",
      "helpful": "1",
      "polarity": "",
      "rate": 2,
      "response": "",
      "response_date": "",
      "review": "This is definitely NOT the world's hardest escape game. Some of the levels are challenging, but most are simple. This is okay for a quick distraction, but I've played other escape games that were a lot more fun.",
      "review_date": [
        "August",
        "28",
        " 2017"
      ]
    },
    {
      "REQ_subtype": "",
      "REQ_type": "",
      "_id": 124,
      "author_id": "not defined",
      "author_name": "Dani",
      "helpful": "0",
      "polarity": "",
      "rate": 1,
      "response": "",
      "response_date": "",
      "review": "I tried to play the game half a dozen times. Each time I'd have to watch a 30 second ad. The ads then redirect me to the play store. When I quit from there I end up back on the menu screen for the game. It may be a great game, I don't know, I've never even seen the first level. Hitting the uninstall button now.",
      "review_date": [
        "June",
        "23",
        " 2016"
      ]
    },
    {
      "REQ_subtype": "",
      "REQ_type": "",
      "_id": 125,
      "author_id": "not defined",
      "author_name": "Sidney De Lemos",
      "helpful": "1",
      "polarity": "",
      "rate": 5,
      "response": "",
      "response_date": "",
      "review": "Wasnt easy but wasnt that hard...really enjoyed it finished it in 2 days, was cool they should make more games like this one!!\ud83d\ude0b\ud83d\ude0b",
      "review_date": [
        "September",
        "29",
        " 2016"
      ]
    },
    {
      "REQ_subtype": "",
      "REQ_type": "",
      "_id": 126,
      "author_id": "not defined",
      "author_name": "Nichola Churchard",
      "helpful": "2",
      "polarity": "",
      "rate": 5,
      "response": "",
      "response_date": "",
      "review": "It is so good I love it so much I got a little bit stuck on level 5 but soon got it lol",
      "review_date": [
        "August",
        "11",
        " 2016"
      ]
    },
    {
      "REQ_subtype": "",
      "REQ_type": "",
      "_id": 127,
      "author_id": "not defined",
      "author_name": "Janet Leia",
      "helpful": "1",
      "polarity": "",
      "rate": 5,
      "response": "",
      "response_date": "",
      "review": "I'm stuck on this level and I need help lol its like I've tried every different code but it doesn't work and I need your help guys but so far I liked the game",
      "review_date": [
        "October",
        "28",
        " 2016"
      ]
    },
    {
      "REQ_subtype": "",
      "REQ_type": "",
      "_id": 128,
      "author_id": "not defined",
      "author_name": "NatalieRae Martinez",
      "helpful": "1",
      "polarity": "",
      "rate": 4,
      "response": "",
      "response_date": "",
      "review": "The last two levels are a little bogus... But the rest were great.",
      "review_date": [
        "August",
        "17",
        " 2016"
      ]
    },
    {
      "REQ_subtype": "",
      "REQ_type": "",
      "_id": 129,
      "author_id": "not defined",
      "author_name": "A Google user",
      "helpful": "1",
      "polarity": "",
      "rate": 3,
      "response": "",
      "response_date": "",
      "review": "This is frustrating. I can't find the rest of the clues for level 3. Walkthrough doesn't work\ud83d\ude30\ud83d\ude25",
      "review_date": [
        "October",
        "10",
        " 2016"
      ]
    },
    {
      "REQ_subtype": "",
      "REQ_type": "",
      "_id": 130,
      "author_id": "not defined",
      "author_name": "Ruthie Coltrane",
      "helpful": "1",
      "polarity": "",
      "rate": 4,
      "response": "",
      "response_date": "",
      "review": "Short but entertaining, progressively gets harder but never too hard once you get the hang of it.  The ads are not intrusive.  Great free game!",
      "review_date": [
        "July",
        "31",
        " 2016"
      ]
    },
    {
      "REQ_subtype": "",
      "REQ_type": "",
      "_id": 131,
      "author_id": "not defined",
      "author_name": "Marilee Cekola",
      "helpful": "1",
      "polarity": "",
      "rate": 5,
      "response": "",
      "response_date": "",
      "review": "The items should be labeled when you click on them once they're in your inventory. Sometimes it's hard to see what they are.",
      "review_date": [
        "May",
        "8",
        " 2017"
      ]
    },
    {
      "REQ_subtype": "",
      "REQ_type": "",
      "_id": 132,
      "author_id": "not defined",
      "author_name": "Jill Barnett",
      "helpful": "1",
      "polarity": "",
      "rate": 1,
      "response": "",
      "response_date": "",
      "review": "Everytime I try to play it shuts down and restarts my phone within minutes of playing.  Not a fan!",
      "review_date": [
        "March",
        "7",
        " 2017"
      ]
    },
    {
      "REQ_subtype": "",
      "REQ_type": "",
      "_id": 133,
      "author_id": "not defined",
      "author_name": "Crystal Forney",
      "helpful": "1",
      "polarity": "",
      "rate": 1,
      "response": "",
      "response_date": "",
      "review": "Too simple.  Bad graphics. Don't waste download space.",
      "review_date": [
        "August",
        "23",
        " 2016"
      ]
    },
    {
      "REQ_subtype": "",
      "REQ_type": "",
      "_id": 134,
      "author_id": "not defined",
      "author_name": "MyLife OrSoIThink",
      "helpful": "1",
      "polarity": "",
      "rate": 4,
      "response": "",
      "response_date": "",
      "review": "Was enjoyable, but got a smidge ridiculous at the end. Clues didn't quite make sense. Still fun.",
      "review_date": [
        "November",
        "8",
        " 2016"
      ]
    },
    {
      "REQ_subtype": "",
      "REQ_type": "",
      "_id": 135,
      "author_id": "not defined",
      "author_name": "Kim Mosely",
      "helpful": "1",
      "polarity": "",
      "rate": 5,
      "response": "",
      "response_date": "",
      "review": "I really enjoyed this game. The walkthrough came in handy from time to time. Was just challenging enough. Would not have wanted it to be any harder. Thank you.",
      "review_date": [
        "January",
        "10",
        " 2018"
      ]
    },
    {
      "REQ_subtype": "",
      "REQ_type": "",
      "_id": 136,
      "author_id": "not defined",
      "author_name": "Nitzan Shy",
      "helpful": "0",
      "polarity": "",
      "rate": 1,
      "response": "",
      "response_date": "",
      "review": "Really bad ad design. The pesky ad is floating always infront of your eyes. Also why the f*** do you need my calls information?",
      "review_date": [
        "January",
        "24",
        " 2018"
      ]
    },
    {
      "REQ_subtype": "",
      "REQ_type": "",
      "_id": 137,
      "author_id": "not defined",
      "author_name": "A Google user",
      "helpful": "1",
      "polarity": "",
      "rate": 5,
      "response": "",
      "response_date": "",
      "review": "It is addictive, challenging and massive but it could be better but still I loved it. I hope that Mobest Media will make more better games and also try to make more and more levels and try to make it of lesser MB's",
      "review_date": [
        "March",
        "9",
        " 2017"
      ]
    },
    {
      "REQ_subtype": "",
      "REQ_type": "",
      "_id": 138,
      "author_id": "not defined",
      "author_name": "CArey Wilson",
      "helpful": "1",
      "polarity": "",
      "rate": 4,
      "response": "",
      "response_date": "",
      "review": "Can barely see the things you need to grab would be better so that you know what use they are in the game very hard so I'm happy with the game.",
      "review_date": [
        "September",
        "25",
        " 2016"
      ]
    },
    {
      "REQ_subtype": "",
      "REQ_type": "",
      "_id": 139,
      "author_id": "not defined",
      "author_name": "A Google user",
      "helpful": "0",
      "polarity": "",
      "rate": 3,
      "response": "",
      "response_date": "",
      "review": "Some of the items are too small/fine detailed to make out what they could be and thus to work out what to do with them. One item (a fine thread) I couldn't even see I had collected for some time. It's hard mostly because of the screen size",
      "review_date": [
        "March",
        "27",
        " 2018"
      ]
    },
    {
      "REQ_subtype": "",
      "REQ_type": "",
      "_id": 140,
      "author_id": "not defined",
      "author_name": "Rudi Becker",
      "helpful": "1",
      "polarity": "",
      "rate": 4,
      "response": "",
      "response_date": "",
      "review": "Would like to see a highlighted hand that I move on the screen and not just have to fast finger it",
      "review_date": [
        "September",
        "25",
        " 2016"
      ]
    },
    {
      "REQ_subtype": "",
      "REQ_type": "",
      "_id": 141,
      "author_id": "not defined",
      "author_name": "Jessica Boyan",
      "helpful": "3",
      "polarity": "",
      "rate": 5,
      "response": "",
      "response_date": "",
      "review": "it's not incredibly hard but it's definitely not easy. it's a lot of fun to play and makes you think.",
      "review_date": [
        "June",
        "24",
        " 2016"
      ]
    },
    {
      "REQ_subtype": "",
      "REQ_type": "",
      "_id": 142,
      "author_id": "not defined",
      "author_name": "Michael Bourrell",
      "helpful": "0",
      "polarity": "",
      "rate": 5,
      "response": "",
      "response_date": "",
      "review": "Not too easy and not too hard. Have to think. Great game.",
      "review_date": [
        "March",
        "25",
        " 2018"
      ]
    },
    {
      "REQ_subtype": "",
      "REQ_type": "",
      "_id": 143,
      "author_id": "not defined",
      "author_name": "Joe Aj",
      "helpful": "1",
      "polarity": "",
      "rate": 4,
      "response": "",
      "response_date": "",
      "review": "Great game. One of the better ones I've played. Controls could be better. Three additions would be great. A scribble pad, zoom/screenshot feature and expand images in items list.",
      "review_date": [
        "November",
        "2",
        " 2017"
      ]
    },
    {
      "REQ_subtype": "",
      "REQ_type": "",
      "_id": 144,
      "author_id": "not defined",
      "author_name": "Rodger Love",
      "helpful": "1",
      "polarity": "",
      "rate": 5,
      "response": "",
      "response_date": "",
      "review": "Some were difficult towards the end.  Enjoyable game...",
      "review_date": [
        "August",
        "26",
        " 2016"
      ]
    },
    {
      "REQ_subtype": "",
      "REQ_type": "",
      "_id": 145,
      "author_id": "not defined",
      "author_name": "Bobbi Stromer",
      "helpful": "1",
      "polarity": "",
      "rate": 4,
      "response": "",
      "response_date": "",
      "review": "A few finicky clicking points, don't think some of the clues made sense (last level, safe part) but all in all pretty good",
      "review_date": [
        "January",
        "10",
        " 2018"
      ]
    },
    {
      "REQ_subtype": "",
      "REQ_type": "",
      "_id": 146,
      "author_id": "not defined",
      "author_name": "Maryjane Monroe",
      "helpful": "1",
      "polarity": "",
      "rate": 5,
      "response": "",
      "response_date": "",
      "review": "This game is easy and really fun you have to brain storm find things figure things out to. I love this game so much.",
      "review_date": [
        "July",
        "26",
        " 2016"
      ]
    },
    {
      "REQ_subtype": "",
      "REQ_type": "",
      "_id": 147,
      "author_id": "not defined",
      "author_name": "Colleen Morgan-Trew",
      "helpful": "2",
      "polarity": "",
      "rate": 5,
      "response": "",
      "response_date": "",
      "review": "This  game provides the right level of challenge for those true lovers of puzzling escape games",
      "review_date": [
        "March",
        "31",
        " 2017"
      ]
    },
    {
      "REQ_subtype": "",
      "REQ_type": "",
      "_id": 148,
      "author_id": "not defined",
      "author_name": "Ilana Signal",
      "helpful": "0",
      "polarity": "",
      "rate": 5,
      "response": "",
      "response_date": "",
      "review": "The puzzles get gradually harder and so far only one area that was hard to navigate to, fun fun",
      "review_date": [
        "July",
        "9",
        " 2016"
      ]
    },
    {
      "REQ_subtype": "",
      "REQ_type": "",
      "_id": 149,
      "author_id": "not defined",
      "author_name": "Joyce Ruiz",
      "helpful": "1",
      "polarity": "",
      "rate": 4,
      "response": "",
      "response_date": "",
      "review": "This game is good, but its hard on the phone. For example the room that uses angles as a \"password\" when i could barley read that paper. I had to use the \"?\" Button to finish that room.",
      "review_date": [
        "June",
        "12",
        " 2017"
      ]
    },
    {
      "REQ_subtype": "",
      "REQ_type": "",
      "_id": 150,
      "author_id": "not defined",
      "author_name": "Hannah Smith",
      "helpful": "0",
      "polarity": "",
      "rate": 5,
      "response": "",
      "response_date": "",
      "review": "This is a really great game! Challenging,but fun! I wish it wasn't over,but it does have 20 levels which is pretty good considering it's free!",
      "review_date": [
        "July",
        "12",
        " 2016"
      ]
    },
    {
      "REQ_subtype": "",
      "REQ_type": "",
      "_id": 151,
      "author_id": "not defined",
      "author_name": "len docimo",
      "helpful": "0",
      "polarity": "",
      "rate": 3,
      "response": "",
      "response_date": "",
      "review": "Had to change earlier review. After Level 10, game kept dying. Tablet told me game had stopped. This happened way too many times, especially as I approached Level 20. May be related to watching Walkthrough.",
      "review_date": [
        "April",
        "7",
        " 2018"
      ]
    },
    {
      "REQ_subtype": "",
      "REQ_type": "",
      "_id": 152,
      "author_id": "not defined",
      "author_name": "Deepak Katwa",
      "helpful": "4",
      "polarity": "",
      "rate": 5,
      "response": "",
      "response_date": "",
      "review": "Had to check help function now and then.sometimes seems impossible..but a great game",
      "review_date": [
        "July",
        "17",
        " 2016"
      ]
    },
    {
      "REQ_subtype": "",
      "REQ_type": "",
      "_id": 153,
      "author_id": "not defined",
      "author_name": "John Hughes",
      "helpful": "0",
      "polarity": "",
      "rate": 5,
      "response": "",
      "response_date": "",
      "review": "Challenging but not to the point of absolute frustration. I tended to read too much depth in some of the puzzles, especially level 20, which proved to be simpler than I thought. Good, entertaining, would definitely recommend this game for a few hours of brain exercise and pleasure.",
      "review_date": [
        "June",
        "27",
        " 2017"
      ]
    },
    {
      "REQ_subtype": "",
      "REQ_type": "",
      "_id": 154,
      "author_id": "not defined",
      "author_name": "Yumika Komatsu",
      "helpful": "0",
      "polarity": "",
      "rate": 5,
      "response": "",
      "response_date": "",
      "review": "It was fun and exciting, but there's a pattern to how you solve these puzzles, so once you go through the first few levels, it gets easier to get through the higher levels. There are harder escape games out there but this game was enjoyable anyhow.",
      "review_date": [
        "July",
        "29",
        " 2016"
      ]
    },
    {
      "REQ_subtype": "",
      "REQ_type": "",
      "_id": 155,
      "author_id": "not defined",
      "author_name": "Mohammed Hamza",
      "helpful": "1",
      "polarity": "",
      "rate": 5,
      "response": "",
      "response_date": "",
      "review": "I have finished it but i want a new update of it plz we all need more levels to play awesome game",
      "review_date": [
        "October",
        "6",
        " 2016"
      ]
    },
    {
      "REQ_subtype": "",
      "REQ_type": "",
      "_id": 156,
      "author_id": "not defined",
      "author_name": "Lisa Frey",
      "helpful": "1",
      "polarity": "",
      "rate": 4,
      "response": "",
      "response_date": "",
      "review": "Some of the puzzles are illogical. The clues do not lead in any clear way to the solution",
      "review_date": [
        "July",
        "18",
        " 2017"
      ]
    },
    {
      "REQ_subtype": "",
      "REQ_type": "",
      "_id": 157,
      "author_id": "not defined",
      "author_name": "Yvonne Kertsch",
      "helpful": "0",
      "polarity": "",
      "rate": 2,
      "response": "",
      "response_date": "",
      "review": "you never know what object you actually picked up as it won't let you \nenlarge it. That entirely spoils the gameplay. You see a little crumb and \nit can be a tool or a battery or a note. very disappointed.",
      "review_date": [
        "June",
        "19",
        " 2018"
      ]
    },
    {
      "REQ_subtype": "",
      "REQ_type": "",
      "_id": 158,
      "author_id": "not defined",
      "author_name": "Mary McDonald",
      "helpful": "1",
      "polarity": "",
      "rate": 3,
      "response": "",
      "response_date": "",
      "review": "Haven't played enough to really review or rate this game,  but as of level 6, the game is just OK",
      "review_date": [
        "April",
        "22",
        " 2017"
      ]
    },
    {
      "REQ_subtype": "",
      "REQ_type": "",
      "_id": 159,
      "author_id": "not defined",
      "author_name": "Richard Parry",
      "helpful": "2",
      "polarity": "",
      "rate": 4,
      "response": "",
      "response_date": "",
      "review": "Not world hardest but just hard enough to keep me coming back for the next puzzle. Well done guys",
      "review_date": [
        "January",
        "13",
        " 2017"
      ]
    }
  ],
  "size": "43",
  "url": "https://play.google.com/store/apps/details?id=air.com.tedven.worldshardestescapegame",
  "version": "1.0.5"
}