{
  "categories": [
    "Comics"
  ],
  "description": "Manga Mania app provides users with unlimited access to a variety of the hottest manga emerging from Japan! As soon as it hits newsstands in Japan, Manga Mania users can read the latest from hit titles like Attack on Titan, Fairy Tail, and Space Brothers. Manga Mania provides users to easily read their favorite manga online with collection of over 24,000 manga ranging from Adventure, Action, Horror to Comedy, Mystery and many more.Manga Mania is a free manga reader app which serializes hottest manga worldwide. We dedicate to provide the most comfortable reading experience on your mobile device. It\u2019s updated every day and easy to use with the following features.* Absolutely Free!All manga on Manga Mania are free to read.* Huge Manga LibraryAccess to the world\u2019s biggest manga library from the most popular English manga sources.* Regular updatesRegular updates whenever new manga or new chapters are released.* Best manga reading experienceFavorite- Collect your favorite manga and follow the latest updates.If you like Manga Mania, please recommend it to your friends! Suggestions and feedback are always welcome!",
  "inc": "CARTNO",
  "intalled_count": "50,000",
  "last_update": [
    "July",
    "7",
    " 2018"
  ],
  "name": "Manga Mania \u2013 Best Online Manga Reader",
  "offered_by": "Google Commerce Ltd",
  "permissions": {
    "Photos/Media/Files": [
      "read the contents of your USB storage",
      "modify or delete the contents of your USB storage"
    ],
    "Storage": [
      "read the contents of your USB storage",
      "modify or delete the contents of your USB storage"
    ],
    "Other": [
      "receive data from Internet",
      "view network connections",
      "full network access",
      "prevent device from sleeping"
    ]
  },
  "price": "",
  "rate": [
    [
      "672",
      "4.2"
    ],
    [
      "366",
      "5"
    ],
    [
      "154",
      "4"
    ],
    [
      "84",
      "3"
    ],
    [
      "23",
      "2"
    ],
    [
      "45",
      "1"
    ]
  ],
  "required_android": "4.1",
  "reviews": [
    {
      "REQ_subtype": "",
      "REQ_type": "",
      "_id": 0,
      "author_id": "not defined",
      "author_name": "A Google user",
      "helpful": "1",
      "polarity": "",
      "rate": 4,
      "response": "",
      "response_date": "",
      "review": "I like it. Its really easy to use, but some of the manga that i wanted to \nread is not here. Anyway i enjoyed with this app",
      "review_date": [
        "July",
        "8",
        " 2018"
      ]
    },
    {
      "REQ_subtype": "",
      "REQ_type": "",
      "_id": 1,
      "author_id": "not defined",
      "author_name": "MoonLight",
      "helpful": "0",
      "polarity": "",
      "rate": 5,
      "response": "Thank you so much for your kind words, We really appreciate you taking the time out to share your experience with us. We will continue updating the app. thanks",
      "response_date": [
        "July",
        "8",
        " 2018"
      ],
      "review": "Amazing app, can find everthing I like to read in one app unlike most apps. \nHave paid \u00a31.79 ($2) for add free I find this cheep. Would recomend 100% to \npeople.",
      "review_date": [
        "July",
        "8",
        " 2018"
      ]
    },
    {
      "REQ_subtype": "",
      "REQ_type": "",
      "_id": 2,
      "author_id": "not defined",
      "author_name": "Joseph Delgado",
      "helpful": "0",
      "polarity": "",
      "rate": 4,
      "response": "",
      "response_date": "",
      "review": "Overall the app works well but I have to back out to get to a new chapter \nwhich is kind of inconvenient.",
      "review_date": [
        "July",
        "8",
        " 2018"
      ]
    },
    {
      "REQ_subtype": "",
      "REQ_type": "",
      "_id": 3,
      "author_id": "not defined",
      "author_name": "Brandon Beandon",
      "helpful": "0",
      "polarity": "",
      "rate": 2,
      "response": "",
      "response_date": "",
      "review": "Since the latest update, it won't load the full chapter, crashes when you \nget to zoom out and crashes of you went to another app and try to go back \nto it.",
      "review_date": [
        "July",
        "9",
        " 2018"
      ]
    },
    {
      "REQ_subtype": "",
      "REQ_type": "",
      "_id": 4,
      "author_id": "not defined",
      "author_name": "A Google user",
      "helpful": "0",
      "polarity": "",
      "rate": 3,
      "response": "",
      "response_date": "",
      "review": "IT DOESN'T HAVE EDENS ZERO :'(",
      "review_date": [
        "July",
        "8",
        " 2018"
      ]
    },
    {
      "REQ_subtype": "",
      "REQ_type": "",
      "_id": 5,
      "author_id": "not defined",
      "author_name": "A Google user",
      "helpful": "0",
      "polarity": "",
      "rate": 5,
      "response": "",
      "response_date": "",
      "review": "It's a great app for reading manga I highly recommend this",
      "review_date": [
        "July",
        "9",
        " 2018"
      ]
    },
    {
      "REQ_subtype": "",
      "REQ_type": "",
      "_id": 6,
      "author_id": "not defined",
      "author_name": "A Google user",
      "helpful": "0",
      "polarity": "",
      "rate": 5,
      "response": "",
      "response_date": "",
      "review": "It's a nice app to read manga lol \ud83d\ude03\ud83d\ude01",
      "review_date": [
        "July",
        "9",
        " 2018"
      ]
    },
    {
      "REQ_subtype": "",
      "REQ_type": "",
      "_id": 7,
      "author_id": "not defined",
      "author_name": "Alexis Herrera",
      "helpful": "0",
      "polarity": "",
      "rate": 5,
      "response": "",
      "response_date": "",
      "review": "I like to read and its great",
      "review_date": [
        "July",
        "9",
        " 2018"
      ]
    },
    {
      "REQ_subtype": "",
      "REQ_type": "",
      "_id": 8,
      "author_id": "not defined",
      "author_name": "Desmond Mency II",
      "helpful": "0",
      "polarity": "",
      "rate": 5,
      "response": "",
      "response_date": "",
      "review": "I like it",
      "review_date": [
        "July",
        "10",
        " 2018"
      ]
    },
    {
      "REQ_subtype": "",
      "REQ_type": "",
      "_id": 9,
      "author_id": "not defined",
      "author_name": "Romeo Natinga",
      "helpful": "0",
      "polarity": "",
      "rate": 5,
      "response": "",
      "response_date": "",
      "review": "so usefull",
      "review_date": [
        "July",
        "9",
        " 2018"
      ]
    },
    {
      "REQ_subtype": "",
      "REQ_type": "",
      "_id": 10,
      "author_id": "not defined",
      "author_name": "APo G",
      "helpful": "31",
      "polarity": "",
      "rate": 4,
      "response": "Thanks for your review, we always appreciate your feedback.\nplease bear with us, we will fix this bug as soon as possible.\nthanks",
      "response_date": [
        "May",
        "14",
        " 2018"
      ],
      "review": "It is a pretty good app to read manga, but there are still some limitations \non what mangas are displayed (would love to search a genre filtered by nost \nupdated). Also, for certain mangas, moreso with chapters with around 30 \npages or so , I am experiencing some slow scrolling speed. Hope you can \nimprove on that. Finally, hope you also add the option to read the chapter \nfrom side to side.",
      "review_date": [
        "May",
        "14",
        " 2018"
      ]
    },
    {
      "REQ_subtype": "",
      "REQ_type": "",
      "_id": 11,
      "author_id": "not defined",
      "author_name": "A Google user",
      "helpful": "2",
      "polarity": "",
      "rate": 3,
      "response": "",
      "response_date": "",
      "review": "So I'm trying to read manga from my list of favorites, but it tells me \nsomething like +1 and only gives me the option to go back. The app was \nworking just fine for me before, but now I have to re-search for any manga \nI want to read. That takes the convenience away from a reading now list.",
      "review_date": [
        "June",
        "26",
        " 2018"
      ]
    },
    {
      "REQ_subtype": "",
      "REQ_type": "",
      "_id": 12,
      "author_id": "not defined",
      "author_name": "Faye Vaughan",
      "helpful": "2",
      "polarity": "",
      "rate": 5,
      "response": "",
      "response_date": "",
      "review": "I love this app it's easy to use and the content is great. But there are \ntwo things I think it needs, these are probably just nitpicking but it \ncould do with a bookmark feature and a mature warning as some of the ones \nI've read have a little to much info for me. I know the app has a 12+ age \nrating but that's just my view",
      "review_date": [
        "July",
        "5",
        " 2018"
      ]
    },
    {
      "REQ_subtype": "",
      "REQ_type": "",
      "_id": 13,
      "author_id": "not defined",
      "author_name": "A Google user",
      "helpful": "5",
      "polarity": "",
      "rate": 2,
      "response": "",
      "response_date": "",
      "review": "It freezes and tells me somethings wrong atleast 20 times or more now. I \nalready checked my wifi so it wasnt the problem. Please fix this",
      "review_date": [
        "June",
        "17",
        " 2018"
      ]
    },
    {
      "REQ_subtype": "",
      "REQ_type": "",
      "_id": 14,
      "author_id": "not defined",
      "author_name": "Khari Secario",
      "helpful": "2",
      "polarity": "",
      "rate": 2,
      "response": "",
      "response_date": "",
      "review": "Good: \u2713wide variety of manga Bad: \u00d7 so many (very much) ads. I can accept \nads in footer or when I open the app. BUT... Full screen ads EVERYTIME I \nreturn to home menu after read a manga is VERY annoying... :( \u00d7 no login \noption to sync our favorite or bookmark. May get lost when we accidentally \ndeleted the app \u00d7 the appearance is like PDF version of manga. It may be \nconvenient, but make it difficult to navigate between chapter. \u00d7 some manga \nis not updated as it should (compared with other manga app or sites). Seems \nlike Dev remake the manga (to PDF?) Before uploading it into the app/server",
      "review_date": [
        "June",
        "27",
        " 2018"
      ]
    },
    {
      "REQ_subtype": "",
      "REQ_type": "",
      "_id": 15,
      "author_id": "not defined",
      "author_name": "A Google user",
      "helpful": "1",
      "polarity": "",
      "rate": 2,
      "response": "",
      "response_date": "",
      "review": "i understand your need for ad revenue, but can we go back to not fullscreen \nads? those make me almost wish for an ad blocker. ... ... therefore, how \ncan i revert back to the version before the last?",
      "review_date": [
        "June",
        "30",
        " 2018"
      ]
    },
    {
      "REQ_subtype": "",
      "REQ_type": "",
      "_id": 16,
      "author_id": "not defined",
      "author_name": "Perfect Guy",
      "helpful": "0",
      "polarity": "",
      "rate": 5,
      "response": "Thank you so much for your kind words, We really appreciate you taking the time out to share your experience with us. We will continue updating the app, so please do not forget to share with your friends.\nthanks",
      "response_date": [
        "May",
        "19",
        " 2018"
      ],
      "review": "This is one of the best manga app out there. It has some of the mangas you \ncan't find on webtoon or manga master. My only problem is that you can't \ndownload manga to read offline. But overall it's worth it",
      "review_date": [
        "May",
        "19",
        " 2018"
      ]
    },
    {
      "REQ_subtype": "",
      "REQ_type": "",
      "_id": 17,
      "author_id": "not defined",
      "author_name": "Maritza Ardi",
      "helpful": "4",
      "polarity": "",
      "rate": 4,
      "response": "Thank you so much for your kind words, We really appreciate you taking the time out to share your experience with us. We will continue updating the app, so please do not forget to share with your friends.\nthanks",
      "response_date": [
        "May",
        "17",
        " 2018"
      ],
      "review": "It's a good app. But I would love it if there's another way to read beside \nscrolling which make me tired. Must add offline feature, too.",
      "review_date": [
        "May",
        "17",
        " 2018"
      ]
    },
    {
      "REQ_subtype": "",
      "REQ_type": "",
      "_id": 18,
      "author_id": "not defined",
      "author_name": "A Google user",
      "helpful": "0",
      "polarity": "",
      "rate": 4,
      "response": "Thanks for your review, we always appreciate your feedback.\nplease bear with us, we will fix this issues as soon as possible.\nthanks",
      "response_date": [
        "May",
        "14",
        " 2018"
      ],
      "review": "I really like the app but I wish there's a download feature so I could read \noffline and a next chapter button beacause I got easily confused on what \nchapter should I read next. Oh and I think having a history feature also \nhelps. Anyway this is a great app. \ud83d\udc4d\ud83d\udc4d",
      "review_date": [
        "May",
        "14",
        " 2018"
      ]
    },
    {
      "REQ_subtype": "",
      "REQ_type": "",
      "_id": 19,
      "author_id": "not defined",
      "author_name": "A Google user",
      "helpful": "0",
      "polarity": "",
      "rate": 4,
      "response": "",
      "response_date": "",
      "review": "It is a good app and I enjoyed it but it suddenly stopped in all my phones. \nI don't know why. At first I thought it was because of my phone but it \nappears that it is because of the app. I want to fix this problem because I \nbecame addictive of this app.",
      "review_date": [
        "July",
        "2",
        " 2018"
      ]
    },
    {
      "REQ_subtype": "",
      "REQ_type": "",
      "_id": 20,
      "author_id": "not defined",
      "author_name": "Veronica Contreras",
      "helpful": "3",
      "polarity": "",
      "rate": 4,
      "response": "Thank you so much for your kind words, We really appreciate you taking the time out to share your experience with us. We will continue updating the app, so please do not forget to share with your friends.\nthanks",
      "response_date": [
        "May",
        "6",
        " 2018"
      ],
      "review": "It would be very helpful if you can put the manga chapters that are read a \ndifferent color or fade out, to differentiate and help keep track of where \nwe left off.",
      "review_date": [
        "May",
        "6",
        " 2018"
      ]
    },
    {
      "REQ_subtype": "",
      "REQ_type": "",
      "_id": 21,
      "author_id": "not defined",
      "author_name": "Emil Anthony Maniquiz",
      "helpful": "1",
      "polarity": "",
      "rate": 3,
      "response": "Thank you so much for your kind words, We really appreciate you taking the time out to share your experience with us. We use the ad revenue in maintaining and updating the app, We will continue updating the app. Please if you have any good manga source in mind, do share with us at cartnostudio@gmail.com, so we can upgrade the app.\nThanks",
      "response_date": [
        "May",
        "27",
        " 2018"
      ],
      "review": "Too many ads, it doesn't notify me a new chapter from my fave manga, some \nmanga needs to be updated, double bookmarking which is technically not \ngood(once a manga is been bookmark it should be permanent registered, cause \nit's kinda annoying in the recently updated area) , this app needs more \nmanga sources, app is okay but it needs more improvement and changes.",
      "review_date": [
        "May",
        "27",
        " 2018"
      ]
    },
    {
      "REQ_subtype": "",
      "REQ_type": "",
      "_id": 22,
      "author_id": "not defined",
      "author_name": "A Google user",
      "helpful": "1",
      "polarity": "",
      "rate": 5,
      "response": "Thank you so much for your kind words, We really appreciate you taking the time out to share your experience with us. We will continue updating the app, so please do not forget to share with your friends.\nthanks",
      "response_date": [
        "June",
        "4",
        " 2018"
      ],
      "review": "Welll, FINALLY FOUND THE APP WHICH ACTUALLY LIKE LITERALLY HAS FAMOUS MANGA \nCOMICS!! there were apps which didn't even have NARUTO! Its one of the best \nreader. But if I could download the mangas for offline reading then it \nwould be the best. \ud83d\udc4d\ud83d\udc4d\ud83d\udc4d",
      "review_date": [
        "June",
        "4",
        " 2018"
      ]
    },
    {
      "REQ_subtype": "",
      "REQ_type": "",
      "_id": 23,
      "author_id": "not defined",
      "author_name": "Juliana Gallego",
      "helpful": "0",
      "polarity": "",
      "rate": 4,
      "response": "",
      "response_date": "",
      "review": "I think this is an amazing app, the manga am reading right now makes me \nlaugh a lot.... but I would like you to add a button or something so we can \ngot to the next chapter, or at least save the chapter we were on so we can \nknow which one it is...",
      "review_date": [
        "June",
        "30",
        " 2018"
      ]
    },
    {
      "REQ_subtype": "",
      "REQ_type": "",
      "_id": 24,
      "author_id": "not defined",
      "author_name": "Barker-Chan Vlogs",
      "helpful": "2",
      "polarity": "",
      "rate": 4,
      "response": "Thank you so much for your kind words, We really appreciate you taking the time out to share your experience with us. We will continue updating the app, so please do not forget to share with your friends.\nthanks",
      "response_date": [
        "May",
        "9",
        " 2018"
      ],
      "review": "I like the app bit can you Remove the add that blocks Chapter 1 of the \nmanga because I find it gets annoying for me",
      "review_date": [
        "May",
        "9",
        " 2018"
      ]
    },
    {
      "REQ_subtype": "",
      "REQ_type": "",
      "_id": 25,
      "author_id": "not defined",
      "author_name": "Triet Dao",
      "helpful": "0",
      "polarity": "",
      "rate": 3,
      "response": "",
      "response_date": "",
      "review": "No sort function. No filter. Cant swutch from 1 chapter to the next. Cant \ntell how many pages a chapter has or what is the newest chapter. Otherwise \nbetter than mangarock for Android",
      "review_date": [
        "June",
        "8",
        " 2018"
      ]
    },
    {
      "REQ_subtype": "",
      "REQ_type": "",
      "_id": 26,
      "author_id": "not defined",
      "author_name": "A Google user",
      "helpful": "0",
      "polarity": "",
      "rate": 5,
      "response": "",
      "response_date": "",
      "review": "Wow! Ever since I can't find the app named Manga Go. I always find another \nmanga app that have Detective Conan: Case Closed because I am very fond of \nMr. Aoyama Gosho works. And all of the manga app I've tried, there was no \ndetective conan. But this app! Finally! I found the app I really wanted. \nThanks to the person who made this app\ud83d\ude0a",
      "review_date": [
        "June",
        "16",
        " 2018"
      ]
    },
    {
      "REQ_subtype": "",
      "REQ_type": "",
      "_id": 27,
      "author_id": "not defined",
      "author_name": "O', Moonlight",
      "helpful": "0",
      "polarity": "",
      "rate": 3,
      "response": "",
      "response_date": "",
      "review": "Have had a few problems like adds covering the heart button and some \ncatagories not showing up at least i think thats what is seeing as some \nhave mentioned catagories that i cant find good app wish their was more of \na hub with stuff like intrest or others also looked at stuff like that",
      "review_date": [
        "June",
        "1",
        " 2018"
      ]
    },
    {
      "REQ_subtype": "",
      "REQ_type": "",
      "_id": 28,
      "author_id": "not defined",
      "author_name": "victor mendoza",
      "helpful": "0",
      "polarity": "",
      "rate": 4,
      "response": "",
      "response_date": "",
      "review": "This app is awesome I can finally read all my favorite manga in one \nplace.its easy to use and I don't have any issues with it the only thing \nthat bugs me a bit is that it doesn't automatically take you to the next \nchapter but other than that it's a great app and hope you guys continue \nmaking this even better.",
      "review_date": [
        "June",
        "21",
        " 2018"
      ]
    },
    {
      "REQ_subtype": "",
      "REQ_type": "",
      "_id": 29,
      "author_id": "not defined",
      "author_name": "Angelina Sanchez",
      "helpful": "0",
      "polarity": "",
      "rate": 3,
      "response": "",
      "response_date": "",
      "review": "I like the app but the search button doesn't work and I really wish you \ncould save where you last read on the manga. Otherwise the app is great!",
      "review_date": [
        "July",
        "6",
        " 2018"
      ]
    },
    {
      "REQ_subtype": "",
      "REQ_type": "",
      "_id": 30,
      "author_id": "not defined",
      "author_name": "Sage Master",
      "helpful": "0",
      "polarity": "",
      "rate": 3,
      "response": "Thanks for your review, we always appreciate your feedback.\nplease bear with us, we will fix this issues as soon as possible.\nthanks",
      "response_date": [
        "May",
        "16",
        " 2018"
      ],
      "review": "Can you add a feature where it tells me what chapter I last read because I \nkeep on forgetting. Also can you add the Tokyo Ghoul Manga please.",
      "review_date": [
        "May",
        "24",
        " 2018"
      ]
    },
    {
      "REQ_subtype": "",
      "REQ_type": "",
      "_id": 31,
      "author_id": "not defined",
      "author_name": "A Google user",
      "helpful": "0",
      "polarity": "",
      "rate": 4,
      "response": "Thank you so much for your kind words, We really appreciate you taking the time out to share your experience with us. We will continue updating the app, so please do not forget to share with your friends.\nthanks",
      "response_date": [
        "May",
        "19",
        " 2018"
      ],
      "review": "Its a very cool app! I can finally read some of my favorite animes there ! \nI sure did give me a big help but i wish they would add the ability to \ndownload the chapters.",
      "review_date": [
        "May",
        "19",
        " 2018"
      ]
    },
    {
      "REQ_subtype": "",
      "REQ_type": "",
      "_id": 32,
      "author_id": "not defined",
      "author_name": "Aszprint Covers",
      "helpful": "0",
      "polarity": "",
      "rate": 5,
      "response": "",
      "response_date": "",
      "review": "This app should be in #1 of best free comic anime reader ....... I am \nreally enjouing it.....It preloads very fast amd save my data . . and time \ntoo!!! But still require updates on comic chapters !!! ...... thank you for \nthis amazing experience!",
      "review_date": [
        "June",
        "13",
        " 2018"
      ]
    },
    {
      "REQ_subtype": "",
      "REQ_type": "",
      "_id": 33,
      "author_id": "not defined",
      "author_name": "Maggie LAP",
      "helpful": "2",
      "polarity": "",
      "rate": 5,
      "response": "",
      "response_date": "",
      "review": "It's a great app I loved it but it's really frustrating that I can't see \nthe manga that I've already read and the chapters",
      "review_date": [
        "June",
        "19",
        " 2018"
      ]
    },
    {
      "REQ_subtype": "",
      "REQ_type": "",
      "_id": 34,
      "author_id": "not defined",
      "author_name": "Twice once x Bts army",
      "helpful": "0",
      "polarity": "",
      "rate": 3,
      "response": "Thanks for your review, we always appreciate your feedback.\nplease bear with us, we will fix this issues as soon as possible.\nthanks",
      "response_date": [
        "May",
        "14",
        " 2018"
      ],
      "review": "Its a pretty good manga app but it would be much better if there's a \ndownload feature... yeah something like that, cause we're not online all \nthe time. \u263a",
      "review_date": [
        "May",
        "14",
        " 2018"
      ]
    },
    {
      "REQ_subtype": "",
      "REQ_type": "",
      "_id": 35,
      "author_id": "not defined",
      "author_name": "A Google user",
      "helpful": "0",
      "polarity": "",
      "rate": 4,
      "response": "",
      "response_date": "",
      "review": "This app is amazing, but, a lot of the time when I'm reading chapters, it \ndoesn't show me the comic, like it loads, but when it's finished, it just \nturns into a white picture. I'd really appreciate it if you fixed it, \nthanks!",
      "review_date": [
        "June",
        "23",
        " 2018"
      ]
    },
    {
      "REQ_subtype": "",
      "REQ_type": "",
      "_id": 36,
      "author_id": "not defined",
      "author_name": "A Google user",
      "helpful": "0",
      "polarity": "",
      "rate": 5,
      "response": "",
      "response_date": "",
      "review": "This app let me read some of the manga I haven't read yet and that I'm glad \nI could catch up on some anime",
      "review_date": [
        "June",
        "19",
        " 2018"
      ]
    },
    {
      "REQ_subtype": "",
      "REQ_type": "",
      "_id": 37,
      "author_id": "not defined",
      "author_name": "Brian Potter",
      "helpful": "0",
      "polarity": "",
      "rate": 5,
      "response": "",
      "response_date": "",
      "review": "This app lets you read Manga. Not much else needs to be said, oh yeah, it \nhas a nice variety.",
      "review_date": [
        "July",
        "1",
        " 2018"
      ]
    },
    {
      "REQ_subtype": "",
      "REQ_type": "",
      "_id": 38,
      "author_id": "not defined",
      "author_name": "A Google user",
      "helpful": "0",
      "polarity": "",
      "rate": 5,
      "response": "",
      "response_date": "",
      "review": "Best app to read manga.Just once problem, it doesnot contain all manga \n(like Tokyo ghoul and Tokyo ghoul re are not available )Other than this, \neverything is perfect \ud83d\udc4d\ud83d\udc4d",
      "review_date": [
        "June",
        "26",
        " 2018"
      ]
    },
    {
      "REQ_subtype": "",
      "REQ_type": "",
      "_id": 39,
      "author_id": "not defined",
      "author_name": "death gaming",
      "helpful": "0",
      "polarity": "",
      "rate": 3,
      "response": "",
      "response_date": "",
      "review": "Since I have already emailed my thoughts, I will not say anything much \nhere, but I will say that this app needs more updates to the bugs and \nproblems it has, I look forward to the future that this app has.",
      "review_date": [
        "July",
        "6",
        " 2018"
      ]
    },
    {
      "REQ_subtype": "",
      "REQ_type": "",
      "_id": 40,
      "author_id": "not defined",
      "author_name": "Yuri Anime And Manga",
      "helpful": "0",
      "polarity": "",
      "rate": 1,
      "response": "",
      "response_date": "",
      "review": "Don't lie by ur screenshots.. Huge Genre...? I can't see my any genre \nanywhere .",
      "review_date": [
        "June",
        "30",
        " 2018"
      ]
    },
    {
      "REQ_subtype": "",
      "REQ_type": "",
      "_id": 41,
      "author_id": "not defined",
      "author_name": "Alyssa Lawrence",
      "helpful": "0",
      "polarity": "",
      "rate": 4,
      "response": "",
      "response_date": "",
      "review": "Its a nice app to use, but I would like it if it would show me the chapters \nthat ive already read so I don't lose my place.",
      "review_date": [
        "June",
        "27",
        " 2018"
      ]
    },
    {
      "REQ_subtype": "",
      "REQ_type": "",
      "_id": 42,
      "author_id": "not defined",
      "author_name": "KillAllBarbies",
      "helpful": "0",
      "polarity": "",
      "rate": 3,
      "response": "",
      "response_date": "",
      "review": "I like this app but it doesn't save any of the mangas I read so I have to \nlook for them again everytime I get back into the app. Plus it doesnt have \nan option to go to the next chapter and I have to go back to pick a new \nchapter and a lot of times I forget what chapter I was on.",
      "review_date": [
        "June",
        "26",
        " 2018"
      ]
    },
    {
      "REQ_subtype": "",
      "REQ_type": "",
      "_id": 43,
      "author_id": "not defined",
      "author_name": "Cyndy Tagaloguin",
      "helpful": "6",
      "polarity": "",
      "rate": 5,
      "response": "Thanks for your review, we always appreciate your feedback.\nplease bear with us, we will provide download feature as soon as possible.\nthanks",
      "response_date": [
        "May",
        "4",
        " 2018"
      ],
      "review": "It would be convenient to have a download feature for offline reading..",
      "review_date": [
        "May",
        "4",
        " 2018"
      ]
    },
    {
      "REQ_subtype": "",
      "REQ_type": "",
      "_id": 44,
      "author_id": "not defined",
      "author_name": "JENESSA LAMBUNAO",
      "helpful": "0",
      "polarity": "",
      "rate": 3,
      "response": "",
      "response_date": "",
      "review": "My only concern was when I was the chapter I have yet to read dont have an \nindication if ur done reading this chapter or not that's why I'll check all \nthe chapter until I find the one I'm in",
      "review_date": [
        "June",
        "29",
        " 2018"
      ]
    },
    {
      "REQ_subtype": "",
      "REQ_type": "",
      "_id": 45,
      "author_id": "not defined",
      "author_name": "Jewel Ann De Mesa",
      "helpful": "0",
      "polarity": "",
      "rate": 1,
      "response": "Thanks for your review, we always appreciate your feedback.\nplease can you explain your issues in detail.\nthanks",
      "response_date": [
        "May",
        "26",
        " 2018"
      ],
      "review": "SO MANY BUGS PLEASE FREAKIN FIX TRASH",
      "review_date": [
        "June",
        "18",
        " 2018"
      ]
    },
    {
      "REQ_subtype": "",
      "REQ_type": "",
      "_id": 46,
      "author_id": "not defined",
      "author_name": "zayisha21",
      "helpful": "0",
      "polarity": "",
      "rate": 4,
      "response": "",
      "response_date": "",
      "review": "I love it but my only issue is remebering were I left off. It doesn't mark \nthe chapters you have read",
      "review_date": [
        "July",
        "7",
        " 2018"
      ]
    },
    {
      "REQ_subtype": "",
      "REQ_type": "",
      "_id": 47,
      "author_id": "not defined",
      "author_name": "Mark Jasoon Conde",
      "helpful": "0",
      "polarity": "",
      "rate": 5,
      "response": "",
      "response_date": "",
      "review": "It's really convenient for me. I can search more manga here than in other \nmanga apps. Keep up the updates. Thank you",
      "review_date": [
        "June",
        "21",
        " 2018"
      ]
    },
    {
      "REQ_subtype": "",
      "REQ_type": "",
      "_id": 48,
      "author_id": "not defined",
      "author_name": "Chris Alvarez14",
      "helpful": "0",
      "polarity": "",
      "rate": 4,
      "response": "Thank you so much for your kind words, We really appreciate you taking the time out to share your experience with us. We will continue updating the app, so please do not forget to share with your friends.\nthanks",
      "response_date": [
        "June",
        "8",
        " 2018"
      ],
      "review": "It's awesome, nice; I love it but I'd like chapters'll be able to be \ndownload to read it everywhere. Thanks!",
      "review_date": [
        "June",
        "6",
        " 2018"
      ]
    },
    {
      "REQ_subtype": "",
      "REQ_type": "",
      "_id": 49,
      "author_id": "not defined",
      "author_name": "A Google user",
      "helpful": "0",
      "polarity": "",
      "rate": 5,
      "response": "",
      "response_date": "",
      "review": "this is exactly what i need in an app, still very underrated for such \namazing thing, keep up the good work!",
      "review_date": [
        "June",
        "23",
        " 2018"
      ]
    },
    {
      "REQ_subtype": "",
      "REQ_type": "",
      "_id": 50,
      "author_id": "not defined",
      "author_name": "Valerie Choi",
      "helpful": "0",
      "polarity": "",
      "rate": 5,
      "response": "",
      "response_date": "",
      "review": "Just nice. 9/10 Punches",
      "review_date": [
        "June",
        "19",
        " 2018"
      ]
    },
    {
      "REQ_subtype": "",
      "REQ_type": "",
      "_id": 51,
      "author_id": "not defined",
      "author_name": "TheIntroverted Gamer",
      "helpful": "0",
      "polarity": "",
      "rate": 4,
      "response": "Thank you so much for your kind words, We really appreciate you taking the time out to share your experience with us. We will continue updating the app, so please do not forget to share with your friends.\nthanks",
      "response_date": [
        "May",
        "7",
        " 2018"
      ],
      "review": "Its gudd mate Lol im sorry you could make it to swipe for the next page tho",
      "review_date": [
        "May",
        "7",
        " 2018"
      ]
    },
    {
      "REQ_subtype": "",
      "REQ_type": "",
      "_id": 52,
      "author_id": "not defined",
      "author_name": "Chick with Knife",
      "helpful": "0",
      "polarity": "",
      "rate": 3,
      "response": "Thanks for your review, we always appreciate your feedback.\nplease bear with us, we will fix this issues as soon as possible.\nthanks",
      "response_date": [
        "May",
        "25",
        " 2018"
      ],
      "review": "Ant to read next chapter there is no shortcut button so I had to close the \nchapter and click the next chapter.",
      "review_date": [
        "May",
        "24",
        " 2018"
      ]
    },
    {
      "REQ_subtype": "",
      "REQ_type": "",
      "_id": 53,
      "author_id": "not defined",
      "author_name": "Summer Staley",
      "helpful": "0",
      "polarity": "",
      "rate": 5,
      "response": "Thank you so much for your kind words, We really appreciate you taking the time out to share your experience with us. We will continue updating the app, so please do not forget to share with your friends.\nthanks",
      "response_date": [
        "May",
        "23",
        " 2018"
      ],
      "review": "I love this app it has all the manga i want to read it has fairy tail also \nnaruto my hero academia",
      "review_date": [
        "May",
        "23",
        " 2018"
      ]
    },
    {
      "REQ_subtype": "",
      "REQ_type": "",
      "_id": 54,
      "author_id": "not defined",
      "author_name": "Ruth Enfore",
      "helpful": "0",
      "polarity": "",
      "rate": 5,
      "response": "Thank you so much for your kind words, We really appreciate you taking the time out to share your experience with us. We will continue updating the app, so please do not forget to share with your friends.\nthanks",
      "response_date": [
        "May",
        "5",
        " 2018"
      ],
      "review": "This last update make me enjoy this app, If you gonna keep up, i gonna keep \nup Lastly. .thank you",
      "review_date": [
        "May",
        "4",
        " 2018"
      ]
    },
    {
      "REQ_subtype": "",
      "REQ_type": "",
      "_id": 55,
      "author_id": "not defined",
      "author_name": "Emmanuel Deguzman",
      "helpful": "1",
      "polarity": "",
      "rate": 5,
      "response": "Thank you so much for your kind words, We really appreciate you taking the time out to share your experience with us. We will continue updating the app, so please do not forget to share with your friends.\nthanks",
      "response_date": [
        "June",
        "4",
        " 2018"
      ],
      "review": "This app is awesome it makes my every second worth it",
      "review_date": [
        "June",
        "1",
        " 2018"
      ]
    },
    {
      "REQ_subtype": "",
      "REQ_type": "",
      "_id": 56,
      "author_id": "not defined",
      "author_name": "A Google user",
      "helpful": "0",
      "polarity": "",
      "rate": 1,
      "response": "",
      "response_date": "",
      "review": "Some specific manga are not there (not in to hentai if any of u ask)",
      "review_date": [
        "June",
        "26",
        " 2018"
      ]
    },
    {
      "REQ_subtype": "",
      "REQ_type": "",
      "_id": 57,
      "author_id": "not defined",
      "author_name": "Tmii tsui",
      "helpful": "0",
      "polarity": "",
      "rate": 1,
      "response": "",
      "response_date": "",
      "review": "The application is always errors",
      "review_date": [
        "July",
        "9",
        " 2018"
      ]
    },
    {
      "REQ_subtype": "",
      "REQ_type": "",
      "_id": 58,
      "author_id": "not defined",
      "author_name": "A Google user",
      "helpful": "0",
      "polarity": "",
      "rate": 3,
      "response": "",
      "response_date": "",
      "review": "it's good, it has all the manga i want, i wish there was an option to \nremove adds. i will pay for it.",
      "review_date": [
        "July",
        "4",
        " 2018"
      ]
    },
    {
      "REQ_subtype": "",
      "REQ_type": "",
      "_id": 59,
      "author_id": "not defined",
      "author_name": "A Google user",
      "helpful": "0",
      "polarity": "",
      "rate": 5,
      "response": "",
      "response_date": "",
      "review": "This app was the one I need to read luffy and while looking at others that \nI wanted to read. I love this app.\ud83d\ude0d\ud83d\ude01",
      "review_date": [
        "June",
        "16",
        " 2018"
      ]
    },
    {
      "REQ_subtype": "",
      "REQ_type": "",
      "_id": 60,
      "author_id": "not defined",
      "author_name": "warfare !! clash of clans",
      "helpful": "0",
      "polarity": "",
      "rate": 5,
      "response": "",
      "response_date": "",
      "review": "Does this app have karakai jouzu no takagi-san?",
      "review_date": [
        "June",
        "14",
        " 2018"
      ]
    },
    {
      "REQ_subtype": "",
      "REQ_type": "",
      "_id": 61,
      "author_id": "not defined",
      "author_name": "A Google user",
      "helpful": "0",
      "polarity": "",
      "rate": 4,
      "response": "Thank you so much for your kind words, We really appreciate you taking the time out to share your experience with us. We will continue updating the app, so please do not forget to share with your friends.\nthanks",
      "response_date": [
        "May",
        "13",
        " 2018"
      ],
      "review": "I really like this app it has my favorite manga in it some apps didn't",
      "review_date": [
        "May",
        "13",
        " 2018"
      ]
    },
    {
      "REQ_subtype": "",
      "REQ_type": "",
      "_id": 62,
      "author_id": "not defined",
      "author_name": "Leviathan 14",
      "helpful": "0",
      "polarity": "",
      "rate": 4,
      "response": "",
      "response_date": "",
      "review": "Good but I wish there was a way to change how you want the advertising will \nbe.",
      "review_date": [
        "June",
        "10",
        " 2018"
      ]
    },
    {
      "REQ_subtype": "",
      "REQ_type": "",
      "_id": 63,
      "author_id": "not defined",
      "author_name": "A Google user",
      "helpful": "0",
      "polarity": "",
      "rate": 3,
      "response": "Thanks for your review, we always appreciate your feedback.\nplease bear with us, we will fix this bug as soon as possible.\nthanks",
      "response_date": [
        "May",
        "14",
        " 2018"
      ],
      "review": "It's a good app but why doesn't it have Tokyo Ghoul or Tokyo Ghoul re?",
      "review_date": [
        "May",
        "14",
        " 2018"
      ]
    },
    {
      "REQ_subtype": "",
      "REQ_type": "",
      "_id": 64,
      "author_id": "not defined",
      "author_name": "Ailijah Juta",
      "helpful": "0",
      "polarity": "",
      "rate": 3,
      "response": "",
      "response_date": "",
      "review": "Too slow man, wish it could be faster",
      "review_date": [
        "June",
        "14",
        " 2018"
      ]
    },
    {
      "REQ_subtype": "",
      "REQ_type": "",
      "_id": 65,
      "author_id": "not defined",
      "author_name": "VIBIN PILLAI",
      "helpful": "0",
      "polarity": "",
      "rate": 5,
      "response": "",
      "response_date": "",
      "review": "Does this app contain adult section",
      "review_date": [
        "June",
        "11",
        " 2018"
      ]
    },
    {
      "REQ_subtype": "",
      "REQ_type": "",
      "_id": 66,
      "author_id": "not defined",
      "author_name": "Isaac Asuquo",
      "helpful": "0",
      "polarity": "",
      "rate": 4,
      "response": "",
      "response_date": "",
      "review": "Plz add a read offline feature",
      "review_date": [
        "June",
        "11",
        " 2018"
      ]
    },
    {
      "REQ_subtype": "",
      "REQ_type": "",
      "_id": 67,
      "author_id": "not defined",
      "author_name": "Jimmy Chia",
      "helpful": "0",
      "polarity": "",
      "rate": 3,
      "response": "",
      "response_date": "",
      "review": "Need improvement on scrolling to next chapter",
      "review_date": [
        "June",
        "30",
        " 2018"
      ]
    },
    {
      "REQ_subtype": "",
      "REQ_type": "",
      "_id": 68,
      "author_id": "not defined",
      "author_name": "Lamiaaa Chaffeun",
      "helpful": "0",
      "polarity": "",
      "rate": 2,
      "response": "Thanks for your review, we always appreciate your feedback.\nplease bear with us, we will fix this bug as soon as possible.\nthanks",
      "response_date": [
        "May",
        "14",
        " 2018"
      ],
      "review": "No download,should add it for stars",
      "review_date": [
        "May",
        "14",
        " 2018"
      ]
    },
    {
      "REQ_subtype": "",
      "REQ_type": "",
      "_id": 69,
      "author_id": "not defined",
      "author_name": "Olis O'benny",
      "helpful": "0",
      "polarity": "",
      "rate": 5,
      "response": "",
      "response_date": "",
      "review": "It totally beats reading manga online. Everything is made easy with this app",
      "review_date": [
        "June",
        "16",
        " 2018"
      ]
    },
    {
      "REQ_subtype": "",
      "REQ_type": "",
      "_id": 70,
      "author_id": "not defined",
      "author_name": "UmaSankar Behera",
      "helpful": "0",
      "polarity": "",
      "rate": 3,
      "response": "",
      "response_date": "",
      "review": "Good app but download option (offline mode) should be added.",
      "review_date": [
        "June",
        "24",
        " 2018"
      ]
    },
    {
      "REQ_subtype": "",
      "REQ_type": "",
      "_id": 71,
      "author_id": "not defined",
      "author_name": "Ana Valeria Solis Hdz.",
      "helpful": "0",
      "polarity": "",
      "rate": 5,
      "response": "Thank you so much for your kind words, We really appreciate you taking the time out to share your experience with us. We will continue updating the app, so please do not forget to share with your friends.\nthanks",
      "response_date": [
        "May",
        "7",
        " 2018"
      ],
      "review": "You should add the yaoi label, cause you do have them",
      "review_date": [
        "May",
        "7",
        " 2018"
      ]
    },
    {
      "REQ_subtype": "",
      "REQ_type": "",
      "_id": 72,
      "author_id": "not defined",
      "author_name": "Alexander Ayres",
      "helpful": "0",
      "polarity": "",
      "rate": 5,
      "response": "Thank you so much for your kind words, We really appreciate you taking the time out to share your experience with us. We will continue updating the app, so please do not forget to share with your friends.\nthanks",
      "response_date": [
        "May",
        "8",
        " 2018"
      ],
      "review": "I love this app it has all my favorite manga and more. : )",
      "review_date": [
        "May",
        "8",
        " 2018"
      ]
    },
    {
      "REQ_subtype": "",
      "REQ_type": "",
      "_id": 73,
      "author_id": "not defined",
      "author_name": "Adanna Williams",
      "helpful": "0",
      "polarity": "",
      "rate": 5,
      "response": "Thank you so much for your kind words, We really appreciate you taking the time out to share your experience with us. We will continue updating the app, so please do not forget to share with your friends.\nthanks",
      "response_date": [
        "May",
        "29",
        " 2018"
      ],
      "review": "It's everything that I have hoped for.",
      "review_date": [
        "May",
        "29",
        " 2018"
      ]
    },
    {
      "REQ_subtype": "",
      "REQ_type": "",
      "_id": 74,
      "author_id": "not defined",
      "author_name": "Edgar Reveles Guzman",
      "helpful": "0",
      "polarity": "",
      "rate": 5,
      "response": "",
      "response_date": "",
      "review": "Pretty good. Lots of ads but i can actually find the manga i like",
      "review_date": [
        "June",
        "15",
        " 2018"
      ]
    },
    {
      "REQ_subtype": "",
      "REQ_type": "",
      "_id": 75,
      "author_id": "not defined",
      "author_name": "PixelDuck",
      "helpful": "0",
      "polarity": "",
      "rate": 4,
      "response": "Thank you so much for your kind words, We really appreciate you taking the time out to share your experience with us. We will continue updating the app, so please do not forget to share with your friends.\nthanks",
      "response_date": [
        "May",
        "31",
        " 2018"
      ],
      "review": "Awesome app.Best to read manga.Doesn't have a problem for me so far.",
      "review_date": [
        "May",
        "31",
        " 2018"
      ]
    },
    {
      "REQ_subtype": "",
      "REQ_type": "",
      "_id": 76,
      "author_id": "not defined",
      "author_name": "Lara McCoy",
      "helpful": "0",
      "polarity": "",
      "rate": 4,
      "response": "Thank you so much for your kind words, We really appreciate you taking the time out to share your experience with us. We will continue updating the app, so please do not forget to share with your friends.\nthanks",
      "response_date": [
        "May",
        "21",
        " 2018"
      ],
      "review": "Good selection, just wish there's a way to change the reading orientation",
      "review_date": [
        "May",
        "20",
        " 2018"
      ]
    },
    {
      "REQ_subtype": "",
      "REQ_type": "",
      "_id": 77,
      "author_id": "not defined",
      "author_name": "A Google user",
      "helpful": "0",
      "polarity": "",
      "rate": 5,
      "response": "Thank you so much for your kind words, We really appreciate you taking the time out to share your experience with us. We will continue updating the app, so please do not forget to share with your friends.\nthanks",
      "response_date": [
        "June",
        "8",
        " 2018"
      ],
      "review": "I really like this app it's the perfect app for me you should Donald this \napp. \ud83d\ude0d",
      "review_date": [
        "June",
        "7",
        " 2018"
      ]
    },
    {
      "REQ_subtype": "",
      "REQ_type": "",
      "_id": 78,
      "author_id": "not defined",
      "author_name": "C. S.",
      "helpful": "0",
      "polarity": "",
      "rate": 4,
      "response": "",
      "response_date": "",
      "review": "Its nice i just wizh that there was some manga that are less well known",
      "review_date": [
        "June",
        "28",
        " 2018"
      ]
    },
    {
      "REQ_subtype": "",
      "REQ_type": "",
      "_id": 79,
      "author_id": "not defined",
      "author_name": "pa mi",
      "helpful": "0",
      "polarity": "",
      "rate": 4,
      "response": "",
      "response_date": "",
      "review": "Add button to next chapter",
      "review_date": [
        "June",
        "27",
        " 2018"
      ]
    },
    {
      "REQ_subtype": "",
      "REQ_type": "",
      "_id": 80,
      "author_id": "not defined",
      "author_name": "FairyGirls_76 '_'",
      "helpful": "0",
      "polarity": "",
      "rate": 5,
      "response": "",
      "response_date": "",
      "review": "I Like it it works for me",
      "review_date": [
        "June",
        "29",
        " 2018"
      ]
    },
    {
      "REQ_subtype": "",
      "REQ_type": "",
      "_id": 81,
      "author_id": "not defined",
      "author_name": "James Hale",
      "helpful": "0",
      "polarity": "",
      "rate": 5,
      "response": "Thank you so much for your kind words, We really appreciate you taking the time out to share your experience with us. We will continue updating the app, so please do not forget to share with your friends.\nthanks",
      "response_date": [
        "June",
        "8",
        " 2018"
      ],
      "review": "It is great and I can always religh on it to read fairy tale.",
      "review_date": [
        "June",
        "7",
        " 2018"
      ]
    },
    {
      "REQ_subtype": "",
      "REQ_type": "",
      "_id": 82,
      "author_id": "not defined",
      "author_name": "Jonathan Burton",
      "helpful": "0",
      "polarity": "",
      "rate": 4,
      "response": "",
      "response_date": "",
      "review": "I think it need one change made and that is a way for easy chapter change.",
      "review_date": [
        "June",
        "25",
        " 2018"
      ]
    },
    {
      "REQ_subtype": "",
      "REQ_type": "",
      "_id": 83,
      "author_id": "not defined",
      "author_name": "Lloyd Blount",
      "helpful": "0",
      "polarity": "",
      "rate": 4,
      "response": "",
      "response_date": "",
      "review": "the app itself is great just add reading settings and it will be awesome",
      "review_date": [
        "June",
        "13",
        " 2018"
      ]
    },
    {
      "REQ_subtype": "",
      "REQ_type": "",
      "_id": 84,
      "author_id": "not defined",
      "author_name": "Carlo Buan",
      "helpful": "0",
      "polarity": "",
      "rate": 5,
      "response": "",
      "response_date": "",
      "review": "This was awesome apps for me thats why i love manga now.",
      "review_date": [
        "June",
        "18",
        " 2018"
      ]
    },
    {
      "REQ_subtype": "",
      "REQ_type": "",
      "_id": 85,
      "author_id": "not defined",
      "author_name": "Cameron Lexix",
      "helpful": "0",
      "polarity": "",
      "rate": 5,
      "response": "",
      "response_date": "",
      "review": "Need more anime (tokyo ghoul)",
      "review_date": [
        "July",
        "1",
        " 2018"
      ]
    },
    {
      "REQ_subtype": "",
      "REQ_type": "",
      "_id": 86,
      "author_id": "not defined",
      "author_name": "skylar fair",
      "helpful": "0",
      "polarity": "",
      "rate": 5,
      "response": "Thank you so much for your kind words, We really appreciate you taking the time out to share your experience with us. We will continue updating the app, so please do not forget to share with your friends.\nthanks",
      "response_date": [
        "May",
        "8",
        " 2018"
      ],
      "review": "Love it I can find all my favorite manga",
      "review_date": [
        "May",
        "8",
        " 2018"
      ]
    },
    {
      "REQ_subtype": "",
      "REQ_type": "",
      "_id": 87,
      "author_id": "not defined",
      "author_name": "Vishaish Jasrotia",
      "helpful": "0",
      "polarity": "",
      "rate": 5,
      "response": "",
      "response_date": "",
      "review": "This app is amazing I suggest you should try it",
      "review_date": [
        "June",
        "28",
        " 2018"
      ]
    },
    {
      "REQ_subtype": "",
      "REQ_type": "",
      "_id": 88,
      "author_id": "not defined",
      "author_name": "Doruji Tsuerin Thng",
      "helpful": "0",
      "polarity": "",
      "rate": 5,
      "response": "",
      "response_date": "",
      "review": "It's best and better than any manga app !",
      "review_date": [
        "June",
        "26",
        " 2018"
      ]
    },
    {
      "REQ_subtype": "",
      "REQ_type": "",
      "_id": 89,
      "author_id": "not defined",
      "author_name": "suriana wang",
      "helpful": "0",
      "polarity": "",
      "rate": 4,
      "response": "",
      "response_date": "",
      "review": "Too much adds",
      "review_date": [
        "June",
        "11",
        " 2018"
      ]
    },
    {
      "REQ_subtype": "",
      "REQ_type": "",
      "_id": 90,
      "author_id": "not defined",
      "author_name": "Sofia Jones",
      "helpful": "0",
      "polarity": "",
      "rate": 2,
      "response": "",
      "response_date": "",
      "review": "To many ads",
      "review_date": [
        "July",
        "6",
        " 2018"
      ]
    },
    {
      "REQ_subtype": "",
      "REQ_type": "",
      "_id": 91,
      "author_id": "not defined",
      "author_name": "A Google user",
      "helpful": "0",
      "polarity": "",
      "rate": 5,
      "response": "",
      "response_date": "",
      "review": "Remove ads please",
      "review_date": [
        "July",
        "4",
        " 2018"
      ]
    },
    {
      "REQ_subtype": "",
      "REQ_type": "",
      "_id": 92,
      "author_id": "not defined",
      "author_name": "Tyrone Coleman",
      "helpful": "0",
      "polarity": "",
      "rate": 5,
      "response": "Thank you so much for your kind words, We really appreciate you taking the time out to share your experience with us. We will continue updating the app, so please do not forget to share with your friends.\nthanks",
      "response_date": [
        "May",
        "16",
        " 2018"
      ],
      "review": "Love I Show all the main anime Show and I love this app",
      "review_date": [
        "May",
        "16",
        " 2018"
      ]
    },
    {
      "REQ_subtype": "",
      "REQ_type": "",
      "_id": 93,
      "author_id": "not defined",
      "author_name": "A Google user",
      "helpful": "0",
      "polarity": "",
      "rate": 2,
      "response": "",
      "response_date": "",
      "review": "Do not download this app \ud83d\ude20\ud83d\ude20\ud83d\ude21\ud83d\ude21",
      "review_date": [
        "June",
        "29",
        " 2018"
      ]
    },
    {
      "REQ_subtype": "",
      "REQ_type": "",
      "_id": 94,
      "author_id": "not defined",
      "author_name": "Wrest Life",
      "helpful": "0",
      "polarity": "",
      "rate": 2,
      "response": "Thank you so much for your kind words, We really appreciate you taking the time out to share your experience with us. We will continue updating the app, so please do not forget to share with your friends.\nthanks",
      "response_date": [
        "May",
        "7",
        " 2018"
      ],
      "review": "No \u201cNoblesse\u201d, no app!",
      "review_date": [
        "May",
        "7",
        " 2018"
      ]
    },
    {
      "REQ_subtype": "",
      "REQ_type": "",
      "_id": 95,
      "author_id": "not defined",
      "author_name": "Nickolas Stephen",
      "helpful": "0",
      "polarity": "",
      "rate": 5,
      "response": "Thank you so much for your kind words, We really appreciate you taking the time out to share your experience with us. Ad revenue are used to keep the app running and updating, so please do not forget to share with your friends.\nthanks",
      "response_date": [
        "May",
        "20",
        " 2018"
      ],
      "review": "Very good but do not like ads",
      "review_date": [
        "May",
        "20",
        " 2018"
      ]
    },
    {
      "REQ_subtype": "",
      "REQ_type": "",
      "_id": 96,
      "author_id": "not defined",
      "author_name": "Solo Cyclizt",
      "helpful": "0",
      "polarity": "",
      "rate": 5,
      "response": "Thank you so much for your kind words, We really appreciate you taking the time out to share your experience with us. We will continue updating the app, so please do not forget to share with your friends.\nthanks",
      "response_date": [
        "June",
        "4",
        " 2018"
      ],
      "review": "Love to read back my old time comics",
      "review_date": [
        "June",
        "2",
        " 2018"
      ]
    },
    {
      "REQ_subtype": "",
      "REQ_type": "",
      "_id": 97,
      "author_id": "not defined",
      "author_name": "A Google user",
      "helpful": "0",
      "polarity": "",
      "rate": 5,
      "response": "",
      "response_date": "",
      "review": "really easy to use and a large variety of manga to choose from",
      "review_date": [
        "June",
        "9",
        " 2018"
      ]
    },
    {
      "REQ_subtype": "",
      "REQ_type": "",
      "_id": 98,
      "author_id": "not defined",
      "author_name": "LadyRooster .42",
      "helpful": "0",
      "polarity": "",
      "rate": 5,
      "response": "",
      "response_date": "",
      "review": "Its ok so i will give is 5 stars",
      "review_date": [
        "June",
        "18",
        " 2018"
      ]
    },
    {
      "REQ_subtype": "",
      "REQ_type": "",
      "_id": 99,
      "author_id": "not defined",
      "author_name": "Jethro Teodoro Teodoro",
      "helpful": "0",
      "polarity": "",
      "rate": 5,
      "response": "",
      "response_date": "",
      "review": "It' so exciting. All manga that i love is here.",
      "review_date": [
        "July",
        "4",
        " 2018"
      ]
    },
    {
      "REQ_subtype": "",
      "REQ_type": "",
      "_id": 100,
      "author_id": "not defined",
      "author_name": "\u0f3a\ua9c1Jay\ua9c1\u0f3a",
      "helpful": "0",
      "polarity": "",
      "rate": 5,
      "response": "",
      "response_date": "",
      "review": "i luv this<3 but i love the BL's more",
      "review_date": [
        "June",
        "8",
        " 2018"
      ]
    },
    {
      "REQ_subtype": "",
      "REQ_type": "",
      "_id": 101,
      "author_id": "not defined",
      "author_name": "W\u00f8/fman2408",
      "helpful": "0",
      "polarity": "",
      "rate": 5,
      "response": "",
      "response_date": "",
      "review": "Its a good app for reading free manga.",
      "review_date": [
        "June",
        "19",
        " 2018"
      ]
    },
    {
      "REQ_subtype": "",
      "REQ_type": "",
      "_id": 102,
      "author_id": "not defined",
      "author_name": "Lynhinz Ismael",
      "helpful": "0",
      "polarity": "",
      "rate": 5,
      "response": "",
      "response_date": "",
      "review": "You guys.. are creating a very good manga.. keep it up guys.. thank you ..",
      "review_date": [
        "July",
        "3",
        " 2018"
      ]
    },
    {
      "REQ_subtype": "",
      "REQ_type": "",
      "_id": 103,
      "author_id": "not defined",
      "author_name": "Aldrich Childress",
      "helpful": "0",
      "polarity": "",
      "rate": 3,
      "response": "",
      "response_date": "",
      "review": "It's great, not too many ads",
      "review_date": [
        "June",
        "27",
        " 2018"
      ]
    },
    {
      "REQ_subtype": "",
      "REQ_type": "",
      "_id": 104,
      "author_id": "not defined",
      "author_name": "Fawad Jafferali",
      "helpful": "0",
      "polarity": "",
      "rate": 5,
      "response": "Thank you so much for your kind words, We really appreciate you taking the time out to share your experience with us. We will continue updating the app, so please do not forget to share with your friends.\nthanks",
      "response_date": [
        "June",
        "5",
        " 2018"
      ],
      "review": "Best manga app ever but update this app",
      "review_date": [
        "June",
        "4",
        " 2018"
      ]
    },
    {
      "REQ_subtype": "",
      "REQ_type": "",
      "_id": 105,
      "author_id": "not defined",
      "author_name": "Alicia Madison",
      "helpful": "0",
      "polarity": "",
      "rate": 5,
      "response": "",
      "response_date": "",
      "review": "Passes time",
      "review_date": [
        "June",
        "10",
        " 2018"
      ]
    },
    {
      "REQ_subtype": "",
      "REQ_type": "",
      "_id": 106,
      "author_id": "not defined",
      "author_name": "A Google user",
      "helpful": "0",
      "polarity": "",
      "rate": 4,
      "response": "",
      "response_date": "",
      "review": "It's really cool and ok",
      "review_date": [
        "July",
        "1",
        " 2018"
      ]
    },
    {
      "REQ_subtype": "",
      "REQ_type": "",
      "_id": 107,
      "author_id": "not defined",
      "author_name": "Zacku",
      "helpful": "0",
      "polarity": "",
      "rate": 4,
      "response": "",
      "response_date": "",
      "review": "Pretty decent so far.",
      "review_date": [
        "July",
        "6",
        " 2018"
      ]
    },
    {
      "REQ_subtype": "",
      "REQ_type": "",
      "_id": 108,
      "author_id": "not defined",
      "author_name": "Iskandar Arif",
      "helpful": "0",
      "polarity": "",
      "rate": 5,
      "response": "",
      "response_date": "",
      "review": "I think its great.",
      "review_date": [
        "June",
        "25",
        " 2018"
      ]
    },
    {
      "REQ_subtype": "",
      "REQ_type": "",
      "_id": 109,
      "author_id": "not defined",
      "author_name": "Alony Miru",
      "helpful": "0",
      "polarity": "",
      "rate": 5,
      "response": "Thank you so much for your kind words, We really appreciate you taking the time out to share your experience with us. We will continue updating the app, so please do not forget to share with your friends.\nthanks",
      "response_date": [
        "May",
        "21",
        " 2018"
      ],
      "review": "The best keep it up",
      "review_date": [
        "May",
        "20",
        " 2018"
      ]
    },
    {
      "REQ_subtype": "",
      "REQ_type": "",
      "_id": 110,
      "author_id": "not defined",
      "author_name": "Asitha Liyanage",
      "helpful": "0",
      "polarity": "",
      "rate": 5,
      "response": "",
      "response_date": "",
      "review": "Wowwww\ud83d\ude18",
      "review_date": [
        "June",
        "15",
        " 2018"
      ]
    },
    {
      "REQ_subtype": "",
      "REQ_type": "",
      "_id": 111,
      "author_id": "not defined",
      "author_name": "A Google user",
      "helpful": "0",
      "polarity": "",
      "rate": 5,
      "response": "",
      "response_date": "",
      "review": "I really love this app",
      "review_date": [
        "July",
        "2",
        " 2018"
      ]
    },
    {
      "REQ_subtype": "",
      "REQ_type": "",
      "_id": 112,
      "author_id": "not defined",
      "author_name": "A Google user",
      "helpful": "0",
      "polarity": "",
      "rate": 5,
      "response": "",
      "response_date": "",
      "review": "Awsm \ud83d\udc4d",
      "review_date": [
        "July",
        "2",
        " 2018"
      ]
    },
    {
      "REQ_subtype": "",
      "REQ_type": "",
      "_id": 113,
      "author_id": "not defined",
      "author_name": "A Google user",
      "helpful": "0",
      "polarity": "",
      "rate": 5,
      "response": "",
      "response_date": "",
      "review": "One word AMAZING!!!",
      "review_date": [
        "July",
        "6",
        " 2018"
      ]
    },
    {
      "REQ_subtype": "",
      "REQ_type": "",
      "_id": 114,
      "author_id": "not defined",
      "author_name": "A Google user",
      "helpful": "0",
      "polarity": "",
      "rate": 5,
      "response": "Thank you so much for your kind words, We really appreciate you taking the time out to share your experience with us. We will continue updating the app, so please do not forget to share with your friends.\nthanks",
      "response_date": [
        "May",
        "29",
        " 2018"
      ],
      "review": "It's really great",
      "review_date": [
        "May",
        "29",
        " 2018"
      ]
    },
    {
      "REQ_subtype": "",
      "REQ_type": "",
      "_id": 115,
      "author_id": "not defined",
      "author_name": "Navi Gamer",
      "helpful": "0",
      "polarity": "",
      "rate": 5,
      "response": "Thank you so much for your kind words, We really appreciate you taking the time out to share your experience with us. We will continue updating the app, so please do not forget to share with your friends.\nthanks",
      "response_date": [
        "May",
        "12",
        " 2018"
      ],
      "review": "Best Application Manga \u2764\u2764",
      "review_date": [
        "May",
        "12",
        " 2018"
      ]
    },
    {
      "REQ_subtype": "",
      "REQ_type": "",
      "_id": 116,
      "author_id": "not defined",
      "author_name": "A Google user",
      "helpful": "0",
      "polarity": "",
      "rate": 5,
      "response": "",
      "response_date": "",
      "review": "I love it!",
      "review_date": [
        "June",
        "10",
        " 2018"
      ]
    },
    {
      "REQ_subtype": "",
      "REQ_type": "",
      "_id": 117,
      "author_id": "not defined",
      "author_name": "kent maxwell",
      "helpful": "0",
      "polarity": "",
      "rate": 5,
      "response": "",
      "response_date": "",
      "review": "very satisfying!",
      "review_date": [
        "June",
        "13",
        " 2018"
      ]
    },
    {
      "REQ_subtype": "",
      "REQ_type": "",
      "_id": 118,
      "author_id": "not defined",
      "author_name": "Kingg III",
      "helpful": "0",
      "polarity": "",
      "rate": 5,
      "response": "Thank you so much for your kind words, We really appreciate you taking the time out to share your experience with us. We will continue updating the app, so please do not forget to share with your friends.\nthanks",
      "response_date": [
        "May",
        "12",
        " 2018"
      ],
      "review": "Great app loved it",
      "review_date": [
        "May",
        "12",
        " 2018"
      ]
    },
    {
      "REQ_subtype": "",
      "REQ_type": "",
      "_id": 119,
      "author_id": "not defined",
      "author_name": "Pand Her",
      "helpful": "0",
      "polarity": "",
      "rate": 5,
      "response": "",
      "response_date": "",
      "review": "great!!<3",
      "review_date": [
        "June",
        "25",
        " 2018"
      ]
    },
    {
      "REQ_subtype": "",
      "REQ_type": "",
      "_id": 120,
      "author_id": "not defined",
      "author_name": "A Google user",
      "helpful": "0",
      "polarity": "",
      "rate": 5,
      "response": "",
      "response_date": "",
      "review": "Worth downloading it !!",
      "review_date": [
        "July",
        "7",
        " 2018"
      ]
    },
    {
      "REQ_subtype": "",
      "REQ_type": "",
      "_id": 121,
      "author_id": "not defined",
      "author_name": "Mya Brown",
      "helpful": "0",
      "polarity": "",
      "rate": 1,
      "response": "",
      "response_date": "",
      "review": "Fu",
      "review_date": [
        "June",
        "30",
        " 2018"
      ]
    },
    {
      "REQ_subtype": "",
      "REQ_type": "",
      "_id": 122,
      "author_id": "not defined",
      "author_name": "buddy buster",
      "helpful": "0",
      "polarity": "",
      "rate": 5,
      "response": "",
      "response_date": "",
      "review": "Like",
      "review_date": [
        "July",
        "1",
        " 2018"
      ]
    },
    {
      "REQ_subtype": "",
      "REQ_type": "",
      "_id": 123,
      "author_id": "not defined",
      "author_name": "Husznyna Hyru",
      "helpful": "0",
      "polarity": "",
      "rate": 5,
      "response": "",
      "response_date": "",
      "review": "Awesome!",
      "review_date": [
        "July",
        "6",
        " 2018"
      ]
    },
    {
      "REQ_subtype": "",
      "REQ_type": "",
      "_id": 124,
      "author_id": "not defined",
      "author_name": "Aziraphale Novak",
      "helpful": "0",
      "polarity": "",
      "rate": 5,
      "response": "",
      "response_date": "",
      "review": "Love it!",
      "review_date": [
        "June",
        "30",
        " 2018"
      ]
    },
    {
      "REQ_subtype": "",
      "REQ_type": "",
      "_id": 125,
      "author_id": "not defined",
      "author_name": "Julian Khanam",
      "helpful": "0",
      "polarity": "",
      "rate": 5,
      "response": "Thank you so much for your kind words, We really appreciate you taking the time out to share your experience with us. We will continue updating the app, so please do not forget to share with your friends.\nthanks",
      "response_date": [
        "May",
        "12",
        " 2018"
      ],
      "review": "Great app",
      "review_date": [
        "May",
        "12",
        " 2018"
      ]
    },
    {
      "REQ_subtype": "",
      "REQ_type": "",
      "_id": 126,
      "author_id": "not defined",
      "author_name": "Md Zakaria",
      "helpful": "0",
      "polarity": "",
      "rate": 5,
      "response": "Thank you so much for your kind words, We really appreciate you taking the time out to share your experience with us. We will continue updating the app, so please do not forget to share with your friends.\nthanks",
      "response_date": [
        "May",
        "13",
        " 2018"
      ],
      "review": "Great app",
      "review_date": [
        "May",
        "13",
        " 2018"
      ]
    },
    {
      "REQ_subtype": "",
      "REQ_type": "",
      "_id": 127,
      "author_id": "not defined",
      "author_name": "kris peterson",
      "helpful": "0",
      "polarity": "",
      "rate": 5,
      "response": "Thank you so much for your kind words, We really appreciate you taking the time out to share your experience with us. We will continue updating the app, so please do not forget to share with your friends.\nthanks",
      "response_date": [
        "June",
        "4",
        " 2018"
      ],
      "review": "Great stuff",
      "review_date": [
        "June",
        "3",
        " 2018"
      ]
    },
    {
      "REQ_subtype": "",
      "REQ_type": "",
      "_id": 128,
      "author_id": "not defined",
      "author_name": "shadow maker",
      "helpful": "0",
      "polarity": "",
      "rate": 5,
      "response": "",
      "response_date": "",
      "review": "Cool to read",
      "review_date": [
        "June",
        "10",
        " 2018"
      ]
    },
    {
      "REQ_subtype": "",
      "REQ_type": "",
      "_id": 129,
      "author_id": "not defined",
      "author_name": "A Google user",
      "helpful": "0",
      "polarity": "",
      "rate": 5,
      "response": "",
      "response_date": "",
      "review": "Its good",
      "review_date": [
        "June",
        "9",
        " 2018"
      ]
    },
    {
      "REQ_subtype": "",
      "REQ_type": "",
      "_id": 130,
      "author_id": "not defined",
      "author_name": "A Google user",
      "helpful": "0",
      "polarity": "",
      "rate": 5,
      "response": "",
      "response_date": "",
      "review": "Iy is good",
      "review_date": [
        "June",
        "15",
        " 2018"
      ]
    },
    {
      "REQ_subtype": "",
      "REQ_type": "",
      "_id": 131,
      "author_id": "not defined",
      "author_name": "Loick Marvel",
      "helpful": "0",
      "polarity": "",
      "rate": 4,
      "response": "",
      "response_date": "",
      "review": "Pretty good",
      "review_date": [
        "July",
        "3",
        " 2018"
      ]
    },
    {
      "REQ_subtype": "",
      "REQ_type": "",
      "_id": 132,
      "author_id": "not defined",
      "author_name": "White Hair",
      "helpful": "0",
      "polarity": "",
      "rate": 5,
      "response": "",
      "response_date": "",
      "review": "It good",
      "review_date": [
        "July",
        "2",
        " 2018"
      ]
    },
    {
      "REQ_subtype": "",
      "REQ_type": "",
      "_id": 133,
      "author_id": "not defined",
      "author_name": "axmed cj",
      "helpful": "0",
      "polarity": "",
      "rate": 5,
      "response": "",
      "response_date": "",
      "review": "is a good app",
      "review_date": [
        "July",
        "3",
        " 2018"
      ]
    },
    {
      "REQ_subtype": "",
      "REQ_type": "",
      "_id": 134,
      "author_id": "not defined",
      "author_name": "A Google user",
      "helpful": "0",
      "polarity": "",
      "rate": 4,
      "response": "Thank you so much for your kind words, We really appreciate you taking the time out to share your experience with us. We will continue updating the app, so please do not forget to share with your friends.\nthanks",
      "response_date": [
        "May",
        "6",
        " 2018"
      ],
      "review": "Nice",
      "review_date": [
        "May",
        "6",
        " 2018"
      ]
    },
    {
      "REQ_subtype": "",
      "REQ_type": "",
      "_id": 135,
      "author_id": "not defined",
      "author_name": "Juvan San Andres",
      "helpful": "0",
      "polarity": "",
      "rate": 4,
      "response": "Thank you so much for your kind words, We really appreciate you taking the time out to share your experience with us. We will continue updating the app, so please do not forget to share with your friends.\nthanks",
      "response_date": [
        "June",
        "4",
        " 2018"
      ],
      "review": "Good",
      "review_date": [
        "June",
        "4",
        " 2018"
      ]
    },
    {
      "REQ_subtype": "",
      "REQ_type": "",
      "_id": 136,
      "author_id": "not defined",
      "author_name": "A Google user",
      "helpful": "0",
      "polarity": "",
      "rate": 5,
      "response": "Thank you so much for your kind words, We really appreciate you taking the time out to share your experience with us. We will continue updating the app, so please do not forget to share with your friends.\nthanks",
      "response_date": [
        "June",
        "8",
        " 2018"
      ],
      "review": "Excellent",
      "review_date": [
        "June",
        "5",
        " 2018"
      ]
    },
    {
      "REQ_subtype": "",
      "REQ_type": "",
      "_id": 137,
      "author_id": "not defined",
      "author_name": "A Google user",
      "helpful": "0",
      "polarity": "",
      "rate": 4,
      "response": "",
      "response_date": "",
      "review": "Nice",
      "review_date": [
        "June",
        "9",
        " 2018"
      ]
    },
    {
      "REQ_subtype": "",
      "REQ_type": "",
      "_id": 138,
      "author_id": "not defined",
      "author_name": "Phiwe Qunta",
      "helpful": "0",
      "polarity": "",
      "rate": 5,
      "response": "",
      "response_date": "",
      "review": "Awesome",
      "review_date": [
        "June",
        "9",
        " 2018"
      ]
    },
    {
      "REQ_subtype": "",
      "REQ_type": "",
      "_id": 139,
      "author_id": "not defined",
      "author_name": "A Google user",
      "helpful": "0",
      "polarity": "",
      "rate": 5,
      "response": "",
      "response_date": "",
      "review": "Love it",
      "review_date": [
        "June",
        "26",
        " 2018"
      ]
    },
    {
      "REQ_subtype": "",
      "REQ_type": "",
      "_id": 140,
      "author_id": "not defined",
      "author_name": "A Google user",
      "helpful": "0",
      "polarity": "",
      "rate": 4,
      "response": "",
      "response_date": "",
      "review": "Nice",
      "review_date": [
        "July",
        "2",
        " 2018"
      ]
    },
    {
      "REQ_subtype": "",
      "REQ_type": "",
      "_id": 141,
      "author_id": "not defined",
      "author_name": "A Google user",
      "helpful": "0",
      "polarity": "",
      "rate": 5,
      "response": "",
      "response_date": "",
      "review": "Great",
      "review_date": [
        "July",
        "2",
        " 2018"
      ]
    },
    {
      "REQ_subtype": "",
      "REQ_type": "",
      "_id": 142,
      "author_id": "not defined",
      "author_name": "GAMING WORLD",
      "helpful": "0",
      "polarity": "",
      "rate": 5,
      "response": "",
      "response_date": "",
      "review": "Good",
      "review_date": [
        "July",
        "3",
        " 2018"
      ]
    },
    {
      "REQ_subtype": "",
      "REQ_type": "",
      "_id": 143,
      "author_id": "not defined",
      "author_name": "Constantino Tomagan",
      "helpful": "5",
      "polarity": "",
      "rate": 4,
      "response": "Thanks for your review, we always appreciate your feedback.\nplease bear with us, we will fix this bug as soon as possible.\nthanks",
      "response_date": [
        "April",
        "17",
        " 2018"
      ],
      "review": "Nice app but just like other user's problem... It wont let you go back to \nthe MAIN PAGE... Hoping it will be fix as soon as possible... More Manga \nMore Fun!",
      "review_date": [
        "April",
        "17",
        " 2018"
      ]
    },
    {
      "REQ_subtype": "",
      "REQ_type": "",
      "_id": 144,
      "author_id": "not defined",
      "author_name": "Patrick Dioso",
      "helpful": "2",
      "polarity": "",
      "rate": 4,
      "response": "Thanks for your review, we always appreciate your feedback.\nplease bear with us, we will fix this bug as soon as possible.\nthanks",
      "response_date": [
        "April",
        "29",
        " 2018"
      ],
      "review": "I like the app a tremendous amount, but if I click a manga it does not \nallow me to go back to the main screen. Also, in one of the mangas I am \nreading, Panlong, 136-140 were in a different language while the previous \nchapters were in english. Please fix this to help a viewer like me enjoy \nthe app.",
      "review_date": [
        "April",
        "28",
        " 2018"
      ]
    },
    {
      "REQ_subtype": "",
      "REQ_type": "",
      "_id": 145,
      "author_id": "not defined",
      "author_name": "Ruth Rono",
      "helpful": "2",
      "polarity": "",
      "rate": 4,
      "response": "Thanks for your review, we always appreciate your feedback.\nplease bear with us, we will fix this bug as soon as possible.\nthanks",
      "response_date": [
        "April",
        "25",
        " 2018"
      ],
      "review": "I really like this app it has all the mangas I would read..There are a few \nI still can't find though..but I don't mind...overall it's good..I just \nwish you would allow someone to go back once they've read th info on one \nmanga because I have to exit the entire app to exit that particular \nmanga...so ..Ya..",
      "review_date": [
        "April",
        "25",
        " 2018"
      ]
    },
    {
      "REQ_subtype": "",
      "REQ_type": "",
      "_id": 146,
      "author_id": "not defined",
      "author_name": "Arcx7 Gamer",
      "helpful": "0",
      "polarity": "",
      "rate": 4,
      "response": "Thanks for your review, we always appreciate your feedback.\nwe will fix this bug on our next update.\nthanks",
      "response_date": [
        "April",
        "9",
        " 2018"
      ],
      "review": "It's a good app the only problem I have is when I click on a manga It shows Summary and chapters but I can't go Back to the Main page I Tried clicking the arrow On the top left but it doesnt do anything Plz fix that other than that it is good.",
      "review_date": [
        "April",
        "8",
        " 2018"
      ]
    },
    {
      "REQ_subtype": "",
      "REQ_type": "",
      "_id": 147,
      "author_id": "not defined",
      "author_name": "Aziana Aziz",
      "helpful": "0",
      "polarity": "",
      "rate": 3,
      "response": "Thanks for your review, we always appreciate your feedback.\nplease bear with us, we will fix this bug as soon as possible.\nthanks",
      "response_date": [
        "April",
        "24",
        " 2018"
      ],
      "review": "I need to close the app and open it back to go back to the main page.. \nplease fix the bug at the soonest..",
      "review_date": [
        "April",
        "24",
        " 2018"
      ]
    },
    {
      "REQ_subtype": "",
      "REQ_type": "",
      "_id": 148,
      "author_id": "not defined",
      "author_name": "Joanna Rei Ferrer",
      "helpful": "0",
      "polarity": "",
      "rate": 4,
      "response": "Thanks for your review, we always appreciate your feedback.\nplease bear with us, we will fix this bug as soon as possible.\nthanks",
      "response_date": [
        "April",
        "21",
        " 2018"
      ],
      "review": "great app but i think i'd like to be able to click back into the main page \npleasee",
      "review_date": [
        "April",
        "21",
        " 2018"
      ]
    },
    {
      "REQ_subtype": "",
      "REQ_type": "",
      "_id": 149,
      "author_id": "not defined",
      "author_name": "John Leo Ruin",
      "helpful": "0",
      "polarity": "",
      "rate": 3,
      "response": "Thanks for your review, we always appreciate your feedback.\nYou can save your manga by using the favorite function.\nplease bear with us, we will fix this bug as soon as possible.\nthanks",
      "response_date": [
        "April",
        "29",
        " 2018"
      ],
      "review": "Only 3 star for not having return functionality and bookmarks.",
      "review_date": [
        "April",
        "28",
        " 2018"
      ]
    },
    {
      "REQ_subtype": "",
      "REQ_type": "",
      "_id": 150,
      "author_id": "not defined",
      "author_name": "Javier Gonzalez",
      "helpful": "1",
      "polarity": "",
      "rate": 5,
      "response": "Thanks for your review, we always appreciate your feedback.",
      "response_date": [
        "April",
        "7",
        " 2018"
      ],
      "review": "Great app thanks for fixing the bugs",
      "review_date": [
        "April",
        "7",
        " 2018"
      ]
    },
    {
      "REQ_subtype": "",
      "REQ_type": "",
      "_id": 151,
      "author_id": "not defined",
      "author_name": "ICEFIRE GAMING",
      "helpful": "0",
      "polarity": "",
      "rate": 4,
      "response": "",
      "response_date": "",
      "review": "Great job but there are two problems, 1. You need to add offline mode, 2. \nIf you can add coloured versions of these manga it would be really helpful",
      "review_date": [
        "June",
        "15",
        " 2018"
      ]
    },
    {
      "REQ_subtype": "",
      "REQ_type": "",
      "_id": 152,
      "author_id": "not defined",
      "author_name": "Rishabh Kumar",
      "helpful": "0",
      "polarity": "",
      "rate": 2,
      "response": "Thanks for your review, we always appreciate your feedback.\nplease bear with us, we will fix this bug as soon as possible.\nthanks",
      "response_date": [
        "April",
        "18",
        " 2018"
      ],
      "review": "you see its a brilliant app with good preface and almost all manga that \nwere made into anime but...!!!BUG FIXING IS REQUIRED !!! 1. Please fix that \nhomescreen bug... I hope I will be able to give 5 stars after the next \nupdate :)",
      "review_date": [
        "April",
        "17",
        " 2018"
      ]
    },
    {
      "REQ_subtype": "",
      "REQ_type": "",
      "_id": 153,
      "author_id": "not defined",
      "author_name": "Boyfriend0987 _Minecraft",
      "helpful": "0",
      "polarity": "",
      "rate": 5,
      "response": "Thank you so much for your kind words, We really appreciate you taking the time out to share your experience with us. We will continue updating the app, so please do not forget to share with your friends.\nthanks",
      "response_date": [
        "May",
        "10",
        " 2018"
      ],
      "review": "UHMM HI! IM TRYING OUT YOUR APP AND IM LOOKING FOR A TIME-KILLER BOOKS SO I \nMIGHT TRY THIS ONE ALSO I LIKE ANIME SO YES I THINK I WILL LIKE THIS!",
      "review_date": [
        "May",
        "10",
        " 2018"
      ]
    },
    {
      "REQ_subtype": "",
      "REQ_type": "",
      "_id": 154,
      "author_id": "not defined",
      "author_name": "Lovi Yeps",
      "helpful": "0",
      "polarity": "",
      "rate": 1,
      "response": "",
      "response_date": "",
      "review": "Useless app That's all I suggest you not to download this boring app",
      "review_date": [
        "June",
        "2",
        " 2018"
      ]
    },
    {
      "REQ_subtype": "",
      "REQ_type": "",
      "_id": 155,
      "author_id": "not defined",
      "author_name": "I've scope gaming",
      "helpful": "0",
      "polarity": "",
      "rate": 4,
      "response": "Thanks for your review, we always appreciate your feedback.\nplease bear with us, we will fix this issues as soon as possible.\nthanks",
      "response_date": [
        "May",
        "28",
        " 2018"
      ],
      "review": "It a goodd App but when I reading it skips one or two pages but it a good \napp, and that's the only problem for me",
      "review_date": [
        "May",
        "28",
        " 2018"
      ]
    },
    {
      "REQ_subtype": "",
      "REQ_type": "",
      "_id": 156,
      "author_id": "not defined",
      "author_name": "A Google user",
      "helpful": "0",
      "polarity": "",
      "rate": 5,
      "response": "",
      "response_date": "",
      "review": "Best Manga providing app in the world. But you should at least let us \ndownload the manga in the next update if you can.",
      "review_date": [
        "June",
        "20",
        " 2018"
      ]
    },
    {
      "REQ_subtype": "",
      "REQ_type": "",
      "_id": 157,
      "author_id": "not defined",
      "author_name": "A Google user",
      "helpful": "1",
      "polarity": "",
      "rate": 4,
      "response": "",
      "response_date": "",
      "review": "Why are there no yaoi and yuri in the genres pls fix it",
      "review_date": [
        "June",
        "11",
        " 2018"
      ]
    },
    {
      "REQ_subtype": "",
      "REQ_type": "",
      "_id": 158,
      "author_id": "not defined",
      "author_name": "A Google user",
      "helpful": "0",
      "polarity": "",
      "rate": 4,
      "response": "Thanks for your review, we always appreciate your feedback.\nplease bear with us, we will fix this bug as soon as possible.\nthanks",
      "response_date": [
        "April",
        "24",
        " 2018"
      ],
      "review": "It's gud but I have to go back to read Next chapter",
      "review_date": [
        "April",
        "24",
        " 2018"
      ]
    },
    {
      "REQ_subtype": "",
      "REQ_type": "",
      "_id": 159,
      "author_id": "not defined",
      "author_name": "Nandini Devi",
      "helpful": "0",
      "polarity": "",
      "rate": 5,
      "response": "",
      "response_date": "",
      "review": "I love it. It has almost every single manga I read. It's missing a few but \nthat's honestly fine.",
      "review_date": [
        "July",
        "9",
        " 2018"
      ]
    },
    {
      "REQ_subtype": "",
      "REQ_type": "",
      "_id": 160,
      "author_id": "not defined",
      "author_name": "Ariana Cook",
      "helpful": "0",
      "polarity": "",
      "rate": 5,
      "response": "",
      "response_date": "",
      "review": "It's hard to find mange on the internet especially if you are poor",
      "review_date": [
        "June",
        "25",
        " 2018"
      ]
    },
    {
      "REQ_subtype": "",
      "REQ_type": "",
      "_id": 161,
      "author_id": "not defined",
      "author_name": "Judith Zepeda",
      "helpful": "0",
      "polarity": "",
      "rate": 5,
      "response": "",
      "response_date": "",
      "review": "I like that it has more manga than manga master.",
      "review_date": [
        "June",
        "15",
        " 2018"
      ]
    },
    {
      "REQ_subtype": "",
      "REQ_type": "",
      "_id": 162,
      "author_id": "not defined",
      "author_name": "A Google user",
      "helpful": "0",
      "polarity": "",
      "rate": 5,
      "response": "",
      "response_date": "",
      "review": "This app is really good I don't even want to give 1 star",
      "review_date": [
        "June",
        "23",
        " 2018"
      ]
    },
    {
      "REQ_subtype": "",
      "REQ_type": "",
      "_id": 163,
      "author_id": "not defined",
      "author_name": "Sen Ri",
      "helpful": "1",
      "polarity": "",
      "rate": 1,
      "response": "we always appreciate your feedback.\nwhat genre is not available ?\nwe will add it during our next update.\ncontact us: cartnostudio@gmail.com \nthanks",
      "response_date": [
        "April",
        "10",
        " 2018"
      ],
      "review": "\"Lots of genre!\" my ass lol",
      "review_date": [
        "April",
        "10",
        " 2018"
      ]
    },
    {
      "REQ_subtype": "",
      "REQ_type": "",
      "_id": 164,
      "author_id": "not defined",
      "author_name": "A Google user",
      "helpful": "0",
      "polarity": "",
      "rate": 2,
      "response": "",
      "response_date": "",
      "review": "All Genre r not available.",
      "review_date": [
        "July",
        "3",
        " 2018"
      ]
    },
    {
      "REQ_subtype": "",
      "REQ_type": "",
      "_id": 165,
      "author_id": "not defined",
      "author_name": "A Google user",
      "helpful": "0",
      "polarity": "",
      "rate": 1,
      "response": "",
      "response_date": "",
      "review": "It is not loading at all",
      "review_date": [
        "June",
        "30",
        " 2018"
      ]
    },
    {
      "REQ_subtype": "",
      "REQ_type": "",
      "_id": 166,
      "author_id": "not defined",
      "author_name": "Preet Chaubeyji",
      "helpful": "0",
      "polarity": "",
      "rate": 5,
      "response": "Thanks for your review, we always appreciate your feedback.\nthanks",
      "response_date": [
        "April",
        "21",
        " 2018"
      ],
      "review": "This app is very good for kids",
      "review_date": [
        "April",
        "21",
        " 2018"
      ]
    },
    {
      "REQ_subtype": "",
      "REQ_type": "",
      "_id": 167,
      "author_id": "not defined",
      "author_name": "Heather Terry",
      "helpful": "0",
      "polarity": "",
      "rate": 5,
      "response": "",
      "response_date": "",
      "review": "Ljjdkd Please",
      "review_date": [
        "June",
        "19",
        " 2018"
      ]
    },
    {
      "REQ_subtype": "",
      "REQ_type": "",
      "_id": 168,
      "author_id": "not defined",
      "author_name": "Mr. Nightmare",
      "helpful": "0",
      "polarity": "",
      "rate": 5,
      "response": "",
      "response_date": "",
      "review": "The dog said ed......ward",
      "review_date": [
        "July",
        "3",
        " 2018"
      ]
    },
    {
      "REQ_subtype": "",
      "REQ_type": "",
      "_id": 169,
      "author_id": "not defined",
      "author_name": "A Google user",
      "helpful": "0",
      "polarity": "",
      "rate": 5,
      "response": "",
      "response_date": "",
      "review": "You are doing great",
      "review_date": [
        "July",
        "7",
        " 2018"
      ]
    },
    {
      "REQ_subtype": "",
      "REQ_type": "",
      "_id": 170,
      "author_id": "not defined",
      "author_name": "A Google user",
      "helpful": "0",
      "polarity": "",
      "rate": 4,
      "response": "",
      "response_date": "",
      "review": "Good app",
      "review_date": [
        "June",
        "16",
        " 2018"
      ]
    },
    {
      "REQ_subtype": "",
      "REQ_type": "",
      "_id": 171,
      "author_id": "not defined",
      "author_name": "A Google user",
      "helpful": "0",
      "polarity": "",
      "rate": 5,
      "response": "Thank you so much for your kind words, We really appreciate you taking the time out to share your experience with us. We will continue updating the app, so please do not forget to share with your friends.\nthanks",
      "response_date": [
        "June",
        "8",
        " 2018"
      ],
      "review": "Love it\ud83d\udc96",
      "review_date": [
        "June",
        "7",
        " 2018"
      ]
    }
  ],
  "size": "",
  "url": "https://play.google.com/store/apps/details?id=com.cartnostudio.mangamania.mangareader",
  "version": "1.5"
}