{
  "categories": [
    "Comics"
  ],
  "description": "The plug-in is used to 'Maru', 'MViewer' or 'Arar'.Be installed to extend the functionality and can not be used alone.Provides 'PDF function'.If the os is a lollipop (5.0) or higher is not necessary to install.",
  "inc": "\ub9c8\ub8e8\uce58\uc544\ub77c\uce58",
  "intalled_count": "10,000",
  "last_update": [
    "November",
    "11",
    " 2017"
  ],
  "name": "Maru PDF Plugin (armeabi-v7)",
  "offered_by": "Google Commerce Ltd",
  "permissions": {
    "Other": []
  },
  "price": "",
  "rate": [
    [
      "333",
      "4.5"
    ],
    [
      "252",
      "5"
    ],
    [
      "44",
      "4"
    ],
    [
      "13",
      "3"
    ],
    [
      "10",
      "2"
    ],
    [
      "14",
      "1"
    ]
  ],
  "required_android": "2.3.3",
  "reviews": [],
  "size": "4.7",
  "url": "https://play.google.com/store/apps/details?id=plugin.geulga.armeabi_v7",
  "version": "1.0.5"
}