{
  "categories": [
    "Comics"
  ],
  "description": "You can open text/image/zip file containing images like a book.The additional function is as follows:1. changing font(Brush, MyeongJo), text size, line spacing, padding2. changing charterset encoding(auto/EUC-KR/UTF-8,...)3. changing text/background color4. changing page-turning method(tap, arrow, volume button), plus animation5. dividing the both side of the image view : left, right6. expanding/reducing/magnifing image7. fast exploring8. working with other cloud application",
  "inc": "\ub9c8\ub8e8\uce58\uc544\ub77c\uce58",
  "intalled_count": "1,000,000",
  "last_update": [
    "June",
    "27",
    " 2018"
  ],
  "name": "Maru",
  "offered_by": "Google Commerce Ltd",
  "permissions": {
    "Photos/Media/Files": [
      "read the contents of your USB storage",
      "modify or delete the contents of your USB storage"
    ],
    "Storage": [
      "read the contents of your USB storage",
      "modify or delete the contents of your USB storage"
    ],
    "Other": [
      "view network connections",
      "full network access",
      "control vibration",
      "prevent device from sleeping"
    ]
  },
  "price": "",
  "rate": [
    [
      "29,834",
      "4.8"
    ],
    [
      "24,894",
      "5"
    ],
    [
      "3,680",
      "4"
    ],
    [
      "688",
      "3"
    ],
    [
      "189",
      "2"
    ],
    [
      "383",
      "1"
    ]
  ],
  "required_android": "4.0",
  "reviews": [
    {
      "REQ_subtype": "",
      "REQ_type": "",
      "_id": 0,
      "author_id": "not defined",
      "author_name": "K.C, Ryu",
      "helpful": "2",
      "polarity": "",
      "rate": 5,
      "response": "Thank you so much :)",
      "response_date": [
        "June",
        "16",
        " 2018"
      ],
      "review": "Very good app",
      "review_date": [
        "June",
        "16",
        " 2018"
      ]
    },
    {
      "REQ_subtype": "",
      "REQ_type": "",
      "_id": 1,
      "author_id": "not defined",
      "author_name": "koagi83 Jin",
      "helpful": "1",
      "polarity": "",
      "rate": 5,
      "response": "\ub9ac\ubdf0 \uac10\uc0ac\ud569\ub2c8\ub2e4^^",
      "response_date": [
        "March",
        "10",
        " 2018"
      ],
      "review": "This is  very good to read  texts.",
      "review_date": [
        "March",
        "10",
        " 2018"
      ]
    },
    {
      "REQ_subtype": "",
      "REQ_type": "",
      "_id": 2,
      "author_id": "not defined",
      "author_name": "du fury",
      "helpful": "0",
      "polarity": "",
      "rate": 5,
      "response": "thank you so much :)",
      "response_date": [
        "June",
        "26",
        " 2018"
      ],
      "review": "sup app...",
      "review_date": [
        "June",
        "25",
        " 2018"
      ]
    },
    {
      "REQ_subtype": "",
      "REQ_type": "",
      "_id": 3,
      "author_id": "not defined",
      "author_name": "Jongseop Lee",
      "helpful": "3",
      "polarity": "",
      "rate": 5,
      "response": "",
      "response_date": "",
      "review": "This application is pretty useful when I read a comic book.\ud83d\udc4d\ud83d\udc4d",
      "review_date": [
        "February",
        "3",
        " 2018"
      ]
    },
    {
      "REQ_subtype": "",
      "REQ_type": "",
      "_id": 4,
      "author_id": "not defined",
      "author_name": "Sebastian Ng",
      "helpful": "3",
      "polarity": "",
      "rate": 5,
      "response": "I think it's been a important thing. thank you so much.",
      "response_date": [
        "March",
        "16",
        " 2016"
      ],
      "review": "For tts, I hope I can save the setting as my default, so I don't need to change the setting every time I want to use. Thank you.",
      "review_date": [
        "July",
        "25",
        " 2017"
      ]
    },
    {
      "REQ_subtype": "",
      "REQ_type": "",
      "_id": 5,
      "author_id": "not defined",
      "author_name": "Daniel Martinez",
      "helpful": "4",
      "polarity": "",
      "rate": 2,
      "response": "please check your pictures quality first in pc. if they are good, send me them by e-mail. then I will check it and reply it.",
      "response_date": [
        "July",
        "19",
        " 2017"
      ],
      "review": "Not bad, but weak image quality.",
      "review_date": [
        "July",
        "18",
        " 2017"
      ]
    },
    {
      "REQ_subtype": "",
      "REQ_type": "",
      "_id": 6,
      "author_id": "not defined",
      "author_name": "Connor Meston",
      "helpful": "0",
      "polarity": "",
      "rate": 5,
      "response": "",
      "response_date": "",
      "review": "Simple app, but it's great",
      "review_date": [
        "June",
        "27",
        " 2017"
      ]
    },
    {
      "REQ_subtype": "",
      "REQ_type": "",
      "_id": 7,
      "author_id": "not defined",
      "author_name": "uksgn228",
      "helpful": "1",
      "polarity": "",
      "rate": 4,
      "response": "thank you :)",
      "response_date": [
        "June",
        "24",
        " 2017"
      ],
      "review": "Simply \ud83d\udc4d \ud83d\udc4d",
      "review_date": [
        "June",
        "24",
        " 2017"
      ]
    },
    {
      "REQ_subtype": "",
      "REQ_type": "",
      "_id": 8,
      "author_id": "not defined",
      "author_name": "jae hoon chung",
      "helpful": "2",
      "polarity": "",
      "rate": 5,
      "response": "\ub9ac\ubdf0 \uac10\uc0ac\ud569\ub2c8\ub2e4^^",
      "response_date": [
        "April",
        "26",
        " 2017"
      ],
      "review": "Such a good program to use",
      "review_date": [
        "April",
        "26",
        " 2017"
      ]
    },
    {
      "REQ_subtype": "",
      "REQ_type": "",
      "_id": 9,
      "author_id": "not defined",
      "author_name": "Hyunsoo Kim",
      "helpful": "1",
      "polarity": "",
      "rate": 5,
      "response": "\ub9ac\ubdf0 \uac10\uc0ac\ud569\ub2c8\ub2e4^^",
      "response_date": [
        "April",
        "10",
        " 2017"
      ],
      "review": "Simple but useful. Great app",
      "review_date": [
        "April",
        "9",
        " 2017"
      ]
    },
    {
      "REQ_subtype": "",
      "REQ_type": "",
      "_id": 10,
      "author_id": "not defined",
      "author_name": "nonimous A",
      "helpful": "4",
      "polarity": "",
      "rate": 5,
      "response": "\ud30c\uc77c\uc2dc\uc2a4\ud15c \uae00\uc790\ub97c \ud074\ub9ad\ud558\uba74 \ub2eb\ud614\ub2e4 \uc5f4\ub838\ub2e4 \ud569\ub2c8\ub2e4. \uac10\uc0ac\ud569\ub2c8\ub2e4^^",
      "response_date": [
        "July",
        "5",
        " 2016"
      ],
      "review": "\uae30\ubcf8\uc5d0 \ucda9\uc2e4\ud574\uc11c \uc810\uc810 \ub354 \uc88b\uc544\uc9c0\uace0 \uc788\ub294 \uc571.",
      "review_date": [
        "March",
        "22",
        " 2017"
      ]
    },
    {
      "REQ_subtype": "",
      "REQ_type": "",
      "_id": 11,
      "author_id": "not defined",
      "author_name": "\uae40\ubc94\ucca0",
      "helpful": "0",
      "polarity": "",
      "rate": 5,
      "response": "\ub9ac\ubdf0 \uac10\uc0ac\ud569\ub2c8\ub2e4^^",
      "response_date": [
        "March",
        "4",
        " 2017"
      ],
      "review": "\uc774\ubbf8\uc9c0 \ud14d\uc2a4\ud2b8 \ub2e4 \ub418\ub294 \uac83 \uc911\uc5d0 \uc774\uac8c \ucd5c\uace0",
      "review_date": [
        "March",
        "4",
        " 2017"
      ]
    },
    {
      "REQ_subtype": "",
      "REQ_type": "",
      "_id": 12,
      "author_id": "not defined",
      "author_name": "A Google user",
      "helpful": "1",
      "polarity": "",
      "rate": 5,
      "response": "thank you so much :)",
      "response_date": [
        "February",
        "18",
        " 2017"
      ],
      "review": "Super useful for reading on the go",
      "review_date": [
        "February",
        "17",
        " 2017"
      ]
    },
    {
      "REQ_subtype": "",
      "REQ_type": "",
      "_id": 13,
      "author_id": "not defined",
      "author_name": "R H",
      "helpful": "1",
      "polarity": "",
      "rate": 5,
      "response": "\uac10\uc0ac\ud569\ub2c8\ub2e4^^",
      "response_date": [
        "February",
        "4",
        " 2017"
      ],
      "review": "Perfect",
      "review_date": [
        "February",
        "4",
        " 2017"
      ]
    },
    {
      "REQ_subtype": "",
      "REQ_type": "",
      "_id": 14,
      "author_id": "not defined",
      "author_name": "Won Keun Han",
      "helpful": "0",
      "polarity": "",
      "rate": 5,
      "response": "",
      "response_date": "",
      "review": "Good",
      "review_date": [
        "October",
        "21",
        " 2016"
      ]
    },
    {
      "REQ_subtype": "",
      "REQ_type": "",
      "_id": 15,
      "author_id": "not defined",
      "author_name": "\uc774\uc720\ubc31",
      "helpful": "1",
      "polarity": "",
      "rate": 5,
      "response": "\uac10\uc0ac\ud569\ub2c8\ub2e4^^",
      "response_date": [
        "September",
        "30",
        " 2016"
      ],
      "review": "\uad7f\uad7f",
      "review_date": [
        "September",
        "30",
        " 2016"
      ]
    },
    {
      "REQ_subtype": "",
      "REQ_type": "",
      "_id": 16,
      "author_id": "not defined",
      "author_name": "\uc778\ub300\uc6a9",
      "helpful": "0",
      "polarity": "",
      "rate": 5,
      "response": "\uac10\uc0ac\ud569\ub2c8\ub2e4^^",
      "response_date": [
        "September",
        "20",
        " 2016"
      ],
      "review": "\uadf8\ub0e5 \ubca0\ub9ac\uad7f",
      "review_date": [
        "September",
        "20",
        " 2016"
      ]
    },
    {
      "REQ_subtype": "",
      "REQ_type": "",
      "_id": 17,
      "author_id": "not defined",
      "author_name": "A Google user",
      "helpful": "2",
      "polarity": "",
      "rate": 5,
      "response": "thanks :)",
      "response_date": [
        "September",
        "10",
        " 2016"
      ],
      "review": "great",
      "review_date": [
        "September",
        "10",
        " 2016"
      ]
    },
    {
      "REQ_subtype": "",
      "REQ_type": "",
      "_id": 18,
      "author_id": "not defined",
      "author_name": "Ded",
      "helpful": "1",
      "polarity": "",
      "rate": 3,
      "response": "please change settings-paging method. If Drag is checked, select \"Drag Image\" option in next popup.",
      "response_date": [
        "August",
        "9",
        " 2016"
      ],
      "review": "When I start new page and by default the page is fit to width i cannot scroll the page only tap. I can only scroll the page when i zoom a little bit in",
      "review_date": [
        "August",
        "9",
        " 2016"
      ]
    },
    {
      "REQ_subtype": "",
      "REQ_type": "",
      "_id": 19,
      "author_id": "not defined",
      "author_name": "Michael Gordon",
      "helpful": "0",
      "polarity": "",
      "rate": 5,
      "response": "",
      "response_date": "",
      "review": "Title says it all.",
      "review_date": [
        "August",
        "29",
        " 2016"
      ]
    },
    {
      "REQ_subtype": "",
      "REQ_type": "",
      "_id": 20,
      "author_id": "not defined",
      "author_name": "Jae Ryu",
      "helpful": "0",
      "polarity": "",
      "rate": 5,
      "response": "",
      "response_date": "",
      "review": "I love it.but recently I keep getting Blank True. andI have to click cancel or yes. Do u know whata causing this?",
      "review_date": [
        "July",
        "20",
        " 2016"
      ]
    },
    {
      "REQ_subtype": "",
      "REQ_type": "",
      "_id": 21,
      "author_id": "not defined",
      "author_name": "Ali Dusti",
      "helpful": "3",
      "polarity": "",
      "rate": 1,
      "response": "Dark theme give less strain on the eyes. please clean up your phone memory or rebooting if slow. And maru has many option. please try + button or long tap after opening file. And estimate again.",
      "response_date": [
        "July",
        "4",
        " 2016"
      ],
      "review": "I hated it coz it's dark slow and doesn't give you much options",
      "review_date": [
        "July",
        "2",
        " 2016"
      ]
    },
    {
      "REQ_subtype": "",
      "REQ_type": "",
      "_id": 22,
      "author_id": "not defined",
      "author_name": "Jin Kim",
      "helpful": "0",
      "polarity": "",
      "rate": 5,
      "response": "\uac10\uc0ac\ud569\ub2c8\ub2e4^^",
      "response_date": [
        "May",
        "17",
        " 2016"
      ],
      "review": "A great app!",
      "review_date": [
        "May",
        "16",
        " 2016"
      ]
    },
    {
      "REQ_subtype": "",
      "REQ_type": "",
      "_id": 23,
      "author_id": "not defined",
      "author_name": "Jung Yon Jung",
      "helpful": "1",
      "polarity": "",
      "rate": 4,
      "response": "thanks for your review :)",
      "response_date": [
        "April",
        "8",
        " 2016"
      ],
      "review": "Would be better if user can mark highlight or change color on  words or sentences.",
      "review_date": [
        "April",
        "8",
        " 2016"
      ]
    },
    {
      "REQ_subtype": "",
      "REQ_type": "",
      "_id": 24,
      "author_id": "not defined",
      "author_name": "Jason Joo",
      "helpful": "0",
      "polarity": "",
      "rate": 5,
      "response": "\uac10\uc0ac\ud569\ub2c8\ub2e4^^",
      "response_date": [
        "March",
        "28",
        " 2016"
      ],
      "review": "Whether it's for LNs or comics in txt or pdf, this app is your primary choice.",
      "review_date": [
        "March",
        "28",
        " 2016"
      ]
    },
    {
      "REQ_subtype": "",
      "REQ_type": "",
      "_id": 25,
      "author_id": "not defined",
      "author_name": "Young In Chang",
      "helpful": "1",
      "polarity": "",
      "rate": 5,
      "response": "\uac10\uc0ac\ud569\ub2c8\ub2e4^^",
      "response_date": [
        "March",
        "22",
        " 2016"
      ],
      "review": "Good",
      "review_date": [
        "March",
        "22",
        " 2016"
      ]
    },
    {
      "REQ_subtype": "",
      "REQ_type": "",
      "_id": 26,
      "author_id": "not defined",
      "author_name": "Sylvani Magnavo",
      "helpful": "3",
      "polarity": "",
      "rate": 5,
      "response": "Thank you^^",
      "response_date": [
        "January",
        "30",
        " 2016"
      ],
      "review": "Reads my tablet sdhc card, .CBR and .PDF alike, plus Dropboxed files.  Great stuff!",
      "review_date": [
        "January",
        "29",
        " 2016"
      ]
    },
    {
      "REQ_subtype": "",
      "REQ_type": "",
      "_id": 27,
      "author_id": "not defined",
      "author_name": "Byunglee Lee",
      "helpful": "1",
      "polarity": "",
      "rate": 5,
      "response": "\uac10\uc0ac\ud569\ub2c8\ub2e4^^",
      "response_date": [
        "January",
        "30",
        " 2016"
      ],
      "review": "\ucd5c\uace0",
      "review_date": [
        "January",
        "29",
        " 2016"
      ]
    },
    {
      "REQ_subtype": "",
      "REQ_type": "",
      "_id": 28,
      "author_id": "not defined",
      "author_name": "kim houngjea",
      "helpful": "1",
      "polarity": "",
      "rate": 4,
      "response": "\uc758\uacac\uac10\uc0ac\ud569\ub2c8\ub2e4^^;",
      "response_date": [
        "January",
        "13",
        " 2016"
      ],
      "review": "\ubaa8\ub4e0\uc810\uc774 \ubd80\uc871\ud568\uc774 \uc5c6\uc9c0\ub9cc \ubc1d\uae30\uc870\uc808\uc744 0\uc73c\ub85c\ud558\ub2c8 \ud654\uba74\uc774 \uadf8\ub0e5 \uac80\uc740\uc0c9\uc774\ub77c\uc11c \ub2e4\uc2dc \uc124\uc815\ub3c4 \ubabb\ud558\ub124\uc694 \uadf8\uc810 \ubcf4\uc548\ud558\uc2dc\uba74 \ubcc45\uac1c\ub4dc\ub9b4\uac8c\uc694",
      "review_date": [
        "January",
        "13",
        " 2016"
      ]
    },
    {
      "REQ_subtype": "",
      "REQ_type": "",
      "_id": 29,
      "author_id": "not defined",
      "author_name": "Jay Oh",
      "helpful": "0",
      "polarity": "",
      "rate": 4,
      "response": "thank you",
      "response_date": [
        "November",
        "13",
        " 2015"
      ],
      "review": "Fantastic!",
      "review_date": [
        "November",
        "13",
        " 2015"
      ]
    },
    {
      "REQ_subtype": "",
      "REQ_type": "",
      "_id": 30,
      "author_id": "not defined",
      "author_name": "Aera Kwon",
      "helpful": "0",
      "polarity": "",
      "rate": 5,
      "response": "thank you so much",
      "response_date": [
        "August",
        "25",
        " 2015"
      ],
      "review": "Thanks for making this",
      "review_date": [
        "August",
        "24",
        " 2015"
      ]
    },
    {
      "REQ_subtype": "",
      "REQ_type": "",
      "_id": 31,
      "author_id": "not defined",
      "author_name": "John Bae",
      "helpful": "0",
      "polarity": "",
      "rate": 5,
      "response": "Thank you so much :)",
      "response_date": [
        "July",
        "10",
        " 2015"
      ],
      "review": "It has minor problems but I feel like it is one of the best reading apps",
      "review_date": [
        "July",
        "10",
        " 2015"
      ]
    },
    {
      "REQ_subtype": "",
      "REQ_type": "",
      "_id": 32,
      "author_id": "not defined",
      "author_name": "Joseph B. K.",
      "helpful": "0",
      "polarity": "",
      "rate": 5,
      "response": "\uac10\uc0ac\ud569\ub2c8\ub2e4.^^",
      "response_date": [
        "July",
        "25",
        " 2013"
      ],
      "review": "\ub9cc\uc871\ud560\ub9cc\ud55c \uc778\ud130\ud398\uc774\uc2a4\uc5d0 \uc0c9\uc0c1\ubcc0\ud658\uc774 \uc790\uc720\ub85c\uc6cc\uc11c \uc88b\uc544\uc694 \uad11\uace0\ub3c4 \ud14d\uc2a4\ud2b8\ud30c\uc77c\uc5f4\uba74 \uc548\ub098\uc640\uc11c \ub9cc\uc871 \u314e\u314e",
      "review_date": [
        "July",
        "23",
        " 2015"
      ]
    },
    {
      "REQ_subtype": "",
      "REQ_type": "",
      "_id": 33,
      "author_id": "not defined",
      "author_name": "\uc0e4\uc774\ub77c",
      "helpful": "0",
      "polarity": "",
      "rate": 5,
      "response": "\uc124\uc815-\ud654\uba74\uace0\uc815\uc774 \uc788\ub294\ub370\uc694.(\ubdf0\uc5b4\uc5d0\uc11c \uc6b0\uc0c1\ub2e8\uc758 +\uae30\ud638\ub97c \ub20c\ub7ec\ubcf4\uc138\uc694) \uc368\ubcf4\uc2dc\uae30 \ubc14\ub78d\ub2c8\ub2e4.\n\uac10\uc0ac\ud569\ub2c8\ub2e4^^",
      "response_date": [
        "June",
        "12",
        " 2015"
      ],
      "review": "Screen rotation \uc124\uc815\ud558\ub294\uae30\ub2a5\uc880 \ub123\uc5b4\uc8fc\uc138\uc694. \uc548\ub4dc\ub85c\uc774\ub4dc \ubdf0\uc5b4\uc911\uc5d0 \uc81c\uc77c \uc88b\uc544\uc11c \uc4f0\uace0\uc788\ub294\ub370 \ub204\uc6cc\uc11c \ubcfc\ub54c \uc790\uafb8 \ud654\uba74 \ub3cc\uc544\uac00\uc11c \ud314\uc544\ud30c \uc8fd\uac9f\uc5b4\uc694..\u314b\u314b",
      "review_date": [
        "June",
        "12",
        " 2015"
      ]
    },
    {
      "REQ_subtype": "",
      "REQ_type": "",
      "_id": 34,
      "author_id": "not defined",
      "author_name": "A Google user",
      "helpful": "0",
      "polarity": "",
      "rate": 5,
      "response": "\uac10\uc0ac\ud569\ub2c8\ub2e4^^",
      "response_date": [
        "May",
        "24",
        " 2015"
      ],
      "review": "Works well",
      "review_date": [
        "May",
        "24",
        " 2015"
      ]
    },
    {
      "REQ_subtype": "",
      "REQ_type": "",
      "_id": 35,
      "author_id": "not defined",
      "author_name": "\uc190\ubcf4\uad6d",
      "helpful": "0",
      "polarity": "",
      "rate": 5,
      "response": "",
      "response_date": "",
      "review": "\uc9c4\uc9dc \uae54\ub054\ud558\ub2c8 \uad1c\ucc2e\ub124\uc694",
      "review_date": [
        "March",
        "11",
        " 2015"
      ]
    },
    {
      "REQ_subtype": "",
      "REQ_type": "",
      "_id": 36,
      "author_id": "not defined",
      "author_name": "Elizabeth Jon",
      "helpful": "0",
      "polarity": "",
      "rate": 5,
      "response": "\uac10\uc0ac\ud569\ub2c8\ub2e4^^",
      "response_date": [
        "February",
        "28",
        " 2015"
      ],
      "review": "Goooood",
      "review_date": [
        "February",
        "27",
        " 2015"
      ]
    },
    {
      "REQ_subtype": "",
      "REQ_type": "",
      "_id": 37,
      "author_id": "not defined",
      "author_name": "\uae40\uae30\uc815",
      "helpful": "0",
      "polarity": "",
      "rate": 4,
      "response": "\uac10\uc0ac\ud569\ub2c8\ub2e4^^",
      "response_date": [
        "February",
        "4",
        " 2015"
      ],
      "review": "\uad7f",
      "review_date": [
        "February",
        "4",
        " 2015"
      ]
    },
    {
      "REQ_subtype": "",
      "REQ_type": "",
      "_id": 38,
      "author_id": "not defined",
      "author_name": "layan76",
      "helpful": "0",
      "polarity": "",
      "rate": 4,
      "response": "thank you so much",
      "response_date": [
        "January",
        "22",
        " 2015"
      ],
      "review": "Even though there is a minor issue that does not fix rotation sometimes, it is quite\u00a0functional and best viewer I ever seen.",
      "review_date": [
        "January",
        "22",
        " 2015"
      ]
    },
    {
      "REQ_subtype": "",
      "REQ_type": "",
      "_id": 39,
      "author_id": "not defined",
      "author_name": "GIMYEONGOOK",
      "helpful": "0",
      "polarity": "",
      "rate": 5,
      "response": "\uac10\uc0ac\ud569\ub2c8\ub2e4^^",
      "response_date": [
        "December",
        "12",
        " 2014"
      ],
      "review": "A+",
      "review_date": [
        "December",
        "12",
        " 2014"
      ]
    },
    {
      "REQ_subtype": "",
      "REQ_type": "",
      "_id": 40,
      "author_id": "not defined",
      "author_name": "Chanju Kim",
      "helpful": "0",
      "polarity": "",
      "rate": 5,
      "response": "thank you so much",
      "response_date": [
        "December",
        "1",
        " 2014"
      ],
      "review": "I love that they save everything  what page are we in with every text.  \uc800\uc7a5\uae30\ub2a5\ub3c4 \uc788\uace0, \uc9f1\uc785\ub2c8\ub2e4!!",
      "review_date": [
        "December",
        "1",
        " 2014"
      ]
    },
    {
      "REQ_subtype": "",
      "REQ_type": "",
      "_id": 41,
      "author_id": "not defined",
      "author_name": "Sukkie Chae",
      "helpful": "0",
      "polarity": "",
      "rate": 5,
      "response": "I'm happy too. thank you ^^",
      "response_date": [
        "August",
        "21",
        " 2014"
      ],
      "review": "Setting has full screen + viewer ext.",
      "review_date": [
        "August",
        "21",
        " 2014"
      ]
    },
    {
      "REQ_subtype": "",
      "REQ_type": "",
      "_id": 42,
      "author_id": "not defined",
      "author_name": "Hector Landaeta",
      "helpful": "0",
      "polarity": "",
      "rate": 5,
      "response": "thank you so much",
      "response_date": [
        "July",
        "31",
        " 2014"
      ],
      "review": "Eyes closed, get it. Search the settings to get rid of the annoying ads.",
      "review_date": [
        "July",
        "30",
        " 2014"
      ]
    },
    {
      "REQ_subtype": "",
      "REQ_type": "",
      "_id": 43,
      "author_id": "not defined",
      "author_name": "Gloria Mayfield",
      "helpful": "0",
      "polarity": "",
      "rate": 5,
      "response": "\uac10\uc0ac\ud569\ub2c8\ub2e4^^",
      "response_date": [
        "July",
        "4",
        " 2014"
      ],
      "review": "\uad7f",
      "review_date": [
        "July",
        "4",
        " 2014"
      ]
    },
    {
      "REQ_subtype": "",
      "REQ_type": "",
      "_id": 44,
      "author_id": "not defined",
      "author_name": "JaeMin Seo",
      "helpful": "0",
      "polarity": "",
      "rate": 5,
      "response": "thank you so much",
      "response_date": [
        "July",
        "15",
        " 2014"
      ],
      "review": "Good",
      "review_date": [
        "July",
        "14",
        " 2014"
      ]
    },
    {
      "REQ_subtype": "",
      "REQ_type": "",
      "_id": 45,
      "author_id": "not defined",
      "author_name": "Sion Lee",
      "helpful": "0",
      "polarity": "",
      "rate": 5,
      "response": "\uac10\uc0ac\ud569\ub2c8\ub2e4^^",
      "response_date": [
        "January",
        "16",
        " 2014"
      ],
      "review": "Good",
      "review_date": [
        "January",
        "16",
        " 2014"
      ]
    },
    {
      "REQ_subtype": "",
      "REQ_type": "",
      "_id": 46,
      "author_id": "not defined",
      "author_name": "Woojin Suh",
      "helpful": "0",
      "polarity": "",
      "rate": 4,
      "response": "\uc124\uc815\uc758 \ub9e8 \uc0c1\ub2e8\uc5d0 \ud654\uba74\uace0\uc815\uc774 \uc788\uc5b4\uc694.\n\uac10\uc0ac\ud569\ub2c8\ub2e4.",
      "response_date": [
        "December",
        "14",
        " 2013"
      ],
      "review": "\uc790\ub3d9 \ud68c\uc804 \uc5c6\uc560\ub294 \uae30\ub2a5\uc774\uc5c6\ub124\uc694 \u3160\u3160",
      "review_date": [
        "December",
        "14",
        " 2013"
      ]
    },
    {
      "REQ_subtype": "",
      "REQ_type": "",
      "_id": 47,
      "author_id": "not defined",
      "author_name": "Taeho Kang",
      "helpful": "0",
      "polarity": "",
      "rate": 5,
      "response": "thanks a lot ^^",
      "response_date": [
        "November",
        "23",
        " 2013"
      ],
      "review": "I tried several apps. But this is the best!",
      "review_date": [
        "November",
        "29",
        " 2013"
      ]
    },
    {
      "REQ_subtype": "",
      "REQ_type": "",
      "_id": 48,
      "author_id": "not defined",
      "author_name": "Jin Song",
      "helpful": "0",
      "polarity": "",
      "rate": 5,
      "response": "Thanks a lot",
      "response_date": [
        "September",
        "9",
        " 2013"
      ],
      "review": "Highly recommended",
      "review_date": [
        "September",
        "7",
        " 2013"
      ]
    },
    {
      "REQ_subtype": "",
      "REQ_type": "",
      "_id": 49,
      "author_id": "not defined",
      "author_name": "SeungJoon Hyun",
      "helpful": "0",
      "polarity": "",
      "rate": 5,
      "response": "\uac10\uc0ac\ud569\ub2c8\ub2e4.",
      "response_date": [
        "June",
        "15",
        " 2013"
      ],
      "review": "\uc0ac\uc6a9\ud558\uae30 \ud3b8\ud574\uc694~",
      "review_date": [
        "May",
        "29",
        " 2013"
      ]
    },
    {
      "REQ_subtype": "",
      "REQ_type": "",
      "_id": 50,
      "author_id": "not defined",
      "author_name": "LDC Mobile Office",
      "helpful": "0",
      "polarity": "",
      "rate": 1,
      "response": "",
      "response_date": "",
      "review": "Way too complicated for pics viewer",
      "review_date": [
        "October",
        "12",
        " 2016"
      ]
    },
    {
      "REQ_subtype": "",
      "REQ_type": "",
      "_id": 51,
      "author_id": "not defined",
      "author_name": "A Google user",
      "helpful": "0",
      "polarity": "",
      "rate": 5,
      "response": "thank you so much :)",
      "response_date": [
        "June",
        "30",
        " 2018"
      ],
      "review": "Saved me from certain death",
      "review_date": [
        "June",
        "30",
        " 2018"
      ]
    },
    {
      "REQ_subtype": "",
      "REQ_type": "",
      "_id": 52,
      "author_id": "not defined",
      "author_name": "Joshua Evans",
      "helpful": "0",
      "polarity": "",
      "rate": 3,
      "response": "",
      "response_date": "",
      "review": "I just am not fond of the control scheme.",
      "review_date": [
        "August",
        "8",
        " 2016"
      ]
    },
    {
      "REQ_subtype": "",
      "REQ_type": "",
      "_id": 53,
      "author_id": "not defined",
      "author_name": "Masahiro Abe",
      "helpful": "0",
      "polarity": "",
      "rate": 5,
      "response": "",
      "response_date": "",
      "review": "Easy to use..",
      "review_date": [
        "November",
        "13",
        " 2016"
      ]
    }
  ],
  "size": "9.2",
  "url": "https://play.google.com/store/apps/details?id=my.geulga",
  "version": "3.2.5"
}