{
  "categories": [
    "Business"
  ],
  "description": "Atlas is a web browser that lets you take total control of your mobile web browsing experience:* Use AdBlockPlus (EasyList) filters to remove web annoyances, advertising, and tracking.  Filtering reduces data usage and dramatically improves performance and battery life when browsing.* Use the \u201cControl Panel\u201d slide-out to control site behavior: quickly toggle between desktop and mobile views.  Switch between \"HI-FI\" (full) and \"LO-FI\" (JavaScript-free) browsing experiences.* Optional Plus add-on lets you save content filtering, experience, desktop/mobile settings and more on a per-website basis.* Free, Ad-free, and Invasion-of-privacy-free: NextApp will make money only on the *optional* paid add-on.  Atlas DOES NOT collect information on your browsing habits or attempt to direct you to partner sites.  * Material Design-based user interface.By removing undesired content and letting you take complete control over your web experience, Atlas uses less data, lowering CPU usage and preserving battery life.  Sites load more quickly as large amounts of often poorly-written and inefficient JavaScript code related to advertising and tracking can be discarded.Additional features:* Dual-view mode (with paid Atlas+ add-on) adds the ability to view two sites at once.* Content-centric UI: No UI is visible when browsing, all available screen is used for displaying site content.Privacy features:* Sandboxed Private Browsing: Private browsing runs in a separate process without any access to your cookies.  This prevents the cookie leakage into private sessions that is common among other third-party browsers under Android KitKat.* Automatic search and suggestions from the location bar can be disabled (or only enabled when you preface a query with a slash (\u201c/\u201d).Atlas follows NextApp's standard free/paid model: a well-featured and ad-free free version with an optional paid add-on that offers more capabilities.  The paid \"Plus\" version adds:* Support for more than four tabs open at a time.* Dual-View mode to view two web sites at the same time.* The ability to remember your preferences on a per-site basis, such that specific web sites are retrieved in desktop/mobile modes or with or without content filtering enabled.The Plus license key may be downloaded here: https://play.google.com/store/apps/details?id=nextapp.atlas.rk",
  "inc": "NextApp, Inc.",
  "intalled_count": "100,000",
  "last_update": [
    "September",
    "2",
    " 2017"
  ],
  "name": "Atlas Web Browser",
  "offered_by": "Google Commerce Ltd",
  "permissions": {
    "Location": [
      "approximate location (network-based)",
      "precise location (GPS and network-based)"
    ],
    "Photos/Media/Files": [
      "read the contents of your USB storage",
      "modify or delete the contents of your USB storage"
    ],
    "Storage": [
      "read the contents of your USB storage",
      "modify or delete the contents of your USB storage"
    ],
    "Other": [
      "view network connections",
      "full network access"
    ]
  },
  "price": "",
  "rate": [
    [
      "4,120",
      "4.1"
    ],
    [
      "2,104",
      "5"
    ],
    [
      "1,095",
      "4"
    ],
    [
      "502",
      "3"
    ],
    [
      "169",
      "2"
    ],
    [
      "250",
      "1"
    ]
  ],
  "required_android": "4.0.3",
  "reviews": [
    {
      "REQ_subtype": "",
      "REQ_type": "",
      "_id": 0,
      "author_id": "not defined",
      "author_name": "One Eye",
      "helpful": "11",
      "polarity": "",
      "rate": 5,
      "response": "",
      "response_date": "",
      "review": "This app, I highly recommend. As with the developer's other apps, I love it. I have been plagued by one newsletter that I could not get the right text size, with no reflow options, or any other text reader would work, UNTIL now! Finally, the problem is solved with this browser's options. I especially like the privacy mindedness of the developer, and the many features the pro version gives you. Thanks again developer's.",
      "review_date": [
        "November",
        "1",
        " 2017"
      ]
    },
    {
      "REQ_subtype": "",
      "REQ_type": "",
      "_id": 1,
      "author_id": "not defined",
      "author_name": "Peter Donnelly",
      "helpful": "0",
      "polarity": "",
      "rate": 3,
      "response": "",
      "response_date": "",
      "review": "Paid for the pro key, then development ceased for a couple of years despite major problems. It's a promising browser, but dev's commitment to the product is questionable. It doesn't play well with all scripts, doesn't support mailto links, but is very nimble and has good selective ad-blocking.",
      "review_date": [
        "October",
        "5",
        " 2017"
      ]
    },
    {
      "REQ_subtype": "",
      "REQ_type": "",
      "_id": 2,
      "author_id": "not defined",
      "author_name": "Caleb Harris",
      "helpful": "16",
      "polarity": "",
      "rate": 5,
      "response": "",
      "response_date": "",
      "review": "For quite a while I only used this browser when I had a poor connection or a page would take forever to load, but as Firefox has continued to give me more and more problems I thought I'd try this one as my main browser. I haven't been disappointed and I'm glad the developer has decided to update this app again :)",
      "review_date": [
        "September",
        "10",
        " 2017"
      ]
    },
    {
      "REQ_subtype": "",
      "REQ_type": "",
      "_id": 3,
      "author_id": "not defined",
      "author_name": "A Google user",
      "helpful": "4",
      "polarity": "",
      "rate": 4,
      "response": "",
      "response_date": "",
      "review": "Very lightweight and fast, with well thought out quick toggles for content blocking/unblocking. The main downsides are that it can crash often, and the developer's support is not the greatest.",
      "review_date": [
        "October",
        "10",
        " 2017"
      ]
    },
    {
      "REQ_subtype": "",
      "REQ_type": "",
      "_id": 4,
      "author_id": "not defined",
      "author_name": "A Google user",
      "helpful": "4",
      "polarity": "",
      "rate": 4,
      "response": "",
      "response_date": "",
      "review": "For the person who can't figure out the tabs, SWIPE FROM THE LEFT. And slide the text zoom back down is the text is too large??   Pleeeease update! I will pay! A few tweaks like full screen video and fast scrolling on long pages, and it would be perfect. I've tried all the others, and while FF is adequate, Atlas still holds up well. Chrome hasn't even managed an adblocker yet, and this one has subscriptions to Easylist etc built in. It's still the best. I only use Chrome for full screen vids.",
      "review_date": [
        "January",
        "31",
        " 2018"
      ]
    },
    {
      "REQ_subtype": "",
      "REQ_type": "",
      "_id": 5,
      "author_id": "not defined",
      "author_name": "aa",
      "helpful": "2",
      "polarity": "",
      "rate": 1,
      "response": "",
      "response_date": "",
      "review": "Failed at it's very first try. I use larger font as default, and this browser gave me a truncated, unscrollable welcome page. But the best thing is that, as ridicuous as it sound, this is a single page browser, you can't open a new tab.",
      "review_date": [
        "January",
        "8",
        " 2018"
      ]
    },
    {
      "REQ_subtype": "",
      "REQ_type": "",
      "_id": 6,
      "author_id": "not defined",
      "author_name": "A Google user",
      "helpful": "0",
      "polarity": "",
      "rate": 3,
      "response": "",
      "response_date": "",
      "review": "The NextApp philosophy sounds very convincing! ...so I downloaded all NA-apps for testing (my plan: to pay if just as convincing) -- but Atlas disappointed !! ...truncated, unscrollable welcome page; crash on second page (on click to select a blocking list); obscure user-interface. Hmmm... well intented, poorly tested, (too) early release ?!?  My experience with other NA-apps were free of such \"hick-ups\" so far.... but browser are (in design+function) in a different class of apps,",
      "review_date": [
        "February",
        "17",
        " 2018"
      ]
    },
    {
      "REQ_subtype": "",
      "REQ_type": "",
      "_id": 7,
      "author_id": "not defined",
      "author_name": "Simon Carter",
      "helpful": "1",
      "polarity": "",
      "rate": 5,
      "response": "",
      "response_date": "",
      "review": "One of my favorite browsers now.  In fact,  I'd probably go pro if one feature was added: the ability to switch the tabs to the right hand side.",
      "review_date": [
        "December",
        "1",
        " 2017"
      ]
    },
    {
      "REQ_subtype": "",
      "REQ_type": "",
      "_id": 8,
      "author_id": "not defined",
      "author_name": "John Negrette",
      "helpful": "4",
      "polarity": "",
      "rate": 1,
      "response": "",
      "response_date": "",
      "review": "Shutdown,  search wont bring up keyboard, cant close window without closing app... Useless",
      "review_date": [
        "September",
        "20",
        " 2017"
      ]
    },
    {
      "REQ_subtype": "",
      "REQ_type": "",
      "_id": 9,
      "author_id": "not defined",
      "author_name": "bruce turlish",
      "helpful": "0",
      "polarity": "",
      "rate": 5,
      "response": "",
      "response_date": "",
      "review": "Excellent browser, especially for slow internet situations.  Home option on dropdown menu would be nice, but otherwise quite good.",
      "review_date": [
        "April",
        "1",
        " 2018"
      ]
    },
    {
      "REQ_subtype": "",
      "REQ_type": "",
      "_id": 10,
      "author_id": "not defined",
      "author_name": "Christian Dysthe",
      "helpful": "0",
      "polarity": "",
      "rate": 3,
      "response": "",
      "response_date": "",
      "review": "This would have been the perfect browser if it also offered private and secure search such as DuckDuckGo and Startpage. There is a search provider setting with only Google available. Why? Fix this and I'm all in!",
      "review_date": [
        "April",
        "7",
        " 2018"
      ]
    },
    {
      "REQ_subtype": "",
      "REQ_type": "",
      "_id": 11,
      "author_id": "not defined",
      "author_name": "A Google user",
      "helpful": "0",
      "polarity": "",
      "rate": 5,
      "response": "",
      "response_date": "",
      "review": "The 3-finger pinch gesture to zoom and reflow text in the same area is absolutely brilliant. Kudos to NextApp for true innovation! The NextApp keyboard is amazing too. Welcome updates!",
      "review_date": [
        "September",
        "9",
        " 2017"
      ]
    },
    {
      "REQ_subtype": "",
      "REQ_type": "",
      "_id": 12,
      "author_id": "not defined",
      "author_name": "T Turner",
      "helpful": "2",
      "polarity": "",
      "rate": 4,
      "response": "",
      "response_date": "",
      "review": "Please keep up with development, it's a great browser with some unique features.",
      "review_date": [
        "November",
        "22",
        " 2017"
      ]
    },
    {
      "REQ_subtype": "",
      "REQ_type": "",
      "_id": 13,
      "author_id": "not defined",
      "author_name": "A Google user",
      "helpful": "2",
      "polarity": "",
      "rate": 5,
      "response": "",
      "response_date": "",
      "review": "Great lightweight browser, probably best of all closed source browsers.",
      "review_date": [
        "November",
        "22",
        " 2017"
      ]
    },
    {
      "REQ_subtype": "",
      "REQ_type": "",
      "_id": 14,
      "author_id": "not defined",
      "author_name": "DNB Revolution",
      "helpful": "0",
      "polarity": "",
      "rate": 1,
      "response": "",
      "response_date": "",
      "review": "Do you want to share a link that you find inside of a web page? Well find another browser because this one doesn't have that option :-(",
      "review_date": [
        "November",
        "11",
        " 2017"
      ]
    },
    {
      "REQ_subtype": "",
      "REQ_type": "",
      "_id": 15,
      "author_id": "not defined",
      "author_name": "Moises Padilla",
      "helpful": "1",
      "polarity": "",
      "rate": 5,
      "response": "",
      "response_date": "",
      "review": "The only chrome-based android browser that uses easylist adblock filtering. Enough said.",
      "review_date": [
        "October",
        "24",
        " 2017"
      ]
    },
    {
      "REQ_subtype": "",
      "REQ_type": "",
      "_id": 16,
      "author_id": "not defined",
      "author_name": "QostelQ",
      "helpful": "3",
      "polarity": "",
      "rate": 3,
      "response": "",
      "response_date": "",
      "review": "It is ok but no full screen videos!",
      "review_date": [
        "September",
        "3",
        " 2017"
      ]
    },
    {
      "REQ_subtype": "",
      "REQ_type": "",
      "_id": 17,
      "author_id": "not defined",
      "author_name": "A Google user",
      "helpful": "0",
      "polarity": "",
      "rate": 4,
      "response": "",
      "response_date": "",
      "review": "If there was an option to remove browser chrome, showing only the webpage and introducing swipe navigation, this would be perfect.",
      "review_date": [
        "November",
        "7",
        " 2017"
      ]
    },
    {
      "REQ_subtype": "",
      "REQ_type": "",
      "_id": 18,
      "author_id": "not defined",
      "author_name": "A Google user",
      "helpful": "0",
      "polarity": "",
      "rate": 2,
      "response": "",
      "response_date": "",
      "review": "just try to login to facebook in this browser i cont copy the text ... fix this",
      "review_date": [
        "November",
        "2",
        " 2017"
      ]
    },
    {
      "REQ_subtype": "",
      "REQ_type": "",
      "_id": 19,
      "author_id": "not defined",
      "author_name": "harish bhandage",
      "helpful": "0",
      "polarity": "",
      "rate": 3,
      "response": "",
      "response_date": "",
      "review": "Why YouTube videos not playing in the app and not providing link to open with YouTube app?",
      "review_date": [
        "February",
        "8",
        " 2018"
      ]
    },
    {
      "REQ_subtype": "",
      "REQ_type": "",
      "_id": 20,
      "author_id": "not defined",
      "author_name": "Ododlighet",
      "helpful": "0",
      "polarity": "",
      "rate": 4,
      "response": "",
      "response_date": "",
      "review": "Excellent browser. Simple to use. Change the colour scheme be handy.",
      "review_date": [
        "December",
        "30",
        " 2017"
      ]
    },
    {
      "REQ_subtype": "",
      "REQ_type": "",
      "_id": 21,
      "author_id": "not defined",
      "author_name": "A Google user",
      "helpful": "1",
      "polarity": "",
      "rate": 5,
      "response": "",
      "response_date": "",
      "review": "Simpe fast and reliable",
      "review_date": [
        "September",
        "16",
        " 2017"
      ]
    },
    {
      "REQ_subtype": "",
      "REQ_type": "",
      "_id": 22,
      "author_id": "not defined",
      "author_name": "A Google user",
      "helpful": "1",
      "polarity": "",
      "rate": 5,
      "response": "",
      "response_date": "",
      "review": "The very best!",
      "review_date": [
        "September",
        "6",
        " 2017"
      ]
    },
    {
      "REQ_subtype": "",
      "REQ_type": "",
      "_id": 23,
      "author_id": "not defined",
      "author_name": "Shubhamkar Ayare",
      "helpful": "4",
      "polarity": "",
      "rate": 4,
      "response": "",
      "response_date": "",
      "review": "3 finger zoom needs some correction, as then, some of the content goes out of visibility. But that zoom is awesome - desktop like! Sites stop loading as soon as you switch to another tab or application, for the duration of the loading. A single tap for tab switching is expected. Then, may be, this browser is worth buying. Also, it is resource hog on Galaxy Tab S in Kitkat, not so much in Marshmallow. Needs more frequent updates. Over a year old!",
      "review_date": [
        "August",
        "9",
        " 2017"
      ]
    },
    {
      "REQ_subtype": "",
      "REQ_type": "",
      "_id": 24,
      "author_id": "not defined",
      "author_name": "Tavo Zavala",
      "helpful": "0",
      "polarity": "",
      "rate": 5,
      "response": "",
      "response_date": "",
      "review": "I don't care how many little bugs (which I haven't seen yet if there are) it might have.. This is the ONLY real safe browser I've ever tested.. Fast, stable.. And it stops the annoying onclickads redirect.. You'll love it!",
      "review_date": [
        "August",
        "21",
        " 2016"
      ]
    },
    {
      "REQ_subtype": "",
      "REQ_type": "",
      "_id": 25,
      "author_id": "not defined",
      "author_name": "First Last",
      "helpful": "9",
      "polarity": "",
      "rate": 4,
      "response": "",
      "response_date": "",
      "review": "This Internet browser is faster than Chrome and has some interesting options like quality adjustment to save battery. I also like how Private mode shows up in a separate app window. The dual tab support looks great, but I am reluctant to buy premium seeing as the last update was half a year ago. Surely even Android Internet browsers need security updates. There is no option to keep tabs open after closing. There is no option to put videos into full screen, strangely.",
      "review_date": [
        "March",
        "15",
        " 2017"
      ]
    },
    {
      "REQ_subtype": "",
      "REQ_type": "",
      "_id": 26,
      "author_id": "not defined",
      "author_name": "Peter W",
      "helpful": "7",
      "polarity": "",
      "rate": 3,
      "response": "",
      "response_date": "",
      "review": "Actually bought the \"plus\" version. Browser is prone to crashes. After a few sites, pages, it hangs up. Developer has \"commitment issues \" with their product, long periods of neglect,  only one update in about 2 years now. Too bad, this was/is a nice, compact browser for android that deserves some TLC.",
      "review_date": [
        "March",
        "6",
        " 2017"
      ]
    },
    {
      "REQ_subtype": "",
      "REQ_type": "",
      "_id": 27,
      "author_id": "not defined",
      "author_name": "Matthew Shafer",
      "helpful": "6",
      "polarity": "",
      "rate": 5,
      "response": "",
      "response_date": "",
      "review": "First impression in a word....skeptical . A week later ... I am a believer.  5 stars honestly doesn't do it justice. It's like Firefox with all the bells wistles but 100 times faster,nowhere near as bulky or system resource dependent  and it's raring to go right out the gate! Doesn't need a single additional plugin to do its thing. Dev should let the kids at xda get a load of this .",
      "review_date": [
        "February",
        "11",
        " 2017"
      ]
    },
    {
      "REQ_subtype": "",
      "REQ_type": "",
      "_id": 28,
      "author_id": "not defined",
      "author_name": "A Google user",
      "helpful": "5",
      "polarity": "",
      "rate": 5,
      "response": "",
      "response_date": "",
      "review": "Great browser with zero support or interest in it by its creator. Have emailed them a few times...zero response, so, this browser is totally unsupported... but SUPER FAST and low data usage. I get ssl security error popups all the time on many sites, surprised its not mentioned by other reviewers",
      "review_date": [
        "July",
        "8",
        " 2017"
      ]
    },
    {
      "REQ_subtype": "",
      "REQ_type": "",
      "_id": 29,
      "author_id": "not defined",
      "author_name": "Gabi Nitu",
      "helpful": "15",
      "polarity": "",
      "rate": 4,
      "response": "",
      "response_date": "",
      "review": "Liked it a lot, so I paid for the full version. Only one issue: can't switch to full screen on most embedded videos. Any fix/workarounds for that ?",
      "review_date": [
        "October",
        "24",
        " 2016"
      ]
    },
    {
      "REQ_subtype": "",
      "REQ_type": "",
      "_id": 30,
      "author_id": "not defined",
      "author_name": "Copper Nova",
      "helpful": "0",
      "polarity": "",
      "rate": 5,
      "response": "",
      "response_date": "",
      "review": "It's hard to improve browsers these days, but the devs managed it. Instantly became my fave tablet browser, and paying is a no-brainer. These Devs are not just rock-solid programmers, but outstanding designers -- a rarity. Check out their other stuff.",
      "review_date": [
        "February",
        "25",
        " 2017"
      ]
    },
    {
      "REQ_subtype": "",
      "REQ_type": "",
      "_id": 31,
      "author_id": "not defined",
      "author_name": "sergei shulepov",
      "helpful": "0",
      "polarity": "",
      "rate": 4,
      "response": "",
      "response_date": "",
      "review": "Small, clean, fast browser. As already pointed out, has problems with full screen videos. But for the rest - very good",
      "review_date": [
        "March",
        "5",
        " 2017"
      ]
    },
    {
      "REQ_subtype": "",
      "REQ_type": "",
      "_id": 32,
      "author_id": "not defined",
      "author_name": "Al Has",
      "helpful": "0",
      "polarity": "",
      "rate": 4,
      "response": "",
      "response_date": "",
      "review": "It's a great browser, especially the fact that you can update filters daily. I'd give 5 star and buy the paid version to support you guys if you supported this browser more. Don't like that it hasn't been updated in nearly a year. Would like a update to bring the chromium version to at least 58. Again, I'm willing to donate for this. Thanks",
      "review_date": [
        "June",
        "8",
        " 2017"
      ]
    },
    {
      "REQ_subtype": "",
      "REQ_type": "",
      "_id": 33,
      "author_id": "not defined",
      "author_name": "jian ming lee",
      "helpful": "0",
      "polarity": "",
      "rate": 4,
      "response": "",
      "response_date": "",
      "review": "i've tried many internet browsers and this would be my new go-to browser. However, I can't open video to fullscreen when i'm playing that. i'd suggest developer to refer to UC Browser for a very well built online Video player",
      "review_date": [
        "November",
        "2",
        " 2016"
      ]
    },
    {
      "REQ_subtype": "",
      "REQ_type": "",
      "_id": 34,
      "author_id": "not defined",
      "author_name": "Gerard Lally",
      "helpful": "0",
      "polarity": "",
      "rate": 5,
      "response": "",
      "response_date": "",
      "review": "I learned about this browser after installing their wonderful file manager, FX. What an impressive browser this is! Why can't Google and Mozilla come up with mobile browsers as good as this? Don't even hesitate to buy the premium version, and while you're at it, buy the FX Plus file manager as well. You won't regret it.",
      "review_date": [
        "December",
        "24",
        " 2016"
      ]
    },
    {
      "REQ_subtype": "",
      "REQ_type": "",
      "_id": 35,
      "author_id": "not defined",
      "author_name": "Miguel Carag",
      "helpful": "0",
      "polarity": "",
      "rate": 5,
      "response": "",
      "response_date": "",
      "review": "I am happy to be back with Atlas. Without a doubt the only browser you'll ever need. No-frills needed. Even paid for the upgrade despite not needing any of the upgrade features. These guys have to be supported for such a good app.",
      "review_date": [
        "November",
        "6",
        " 2016"
      ]
    },
    {
      "REQ_subtype": "",
      "REQ_type": "",
      "_id": 36,
      "author_id": "not defined",
      "author_name": "A Google user",
      "helpful": "0",
      "polarity": "",
      "rate": 5,
      "response": "",
      "response_date": "",
      "review": "Great browser, thanks for the update! I was afraid it had been abandoned...",
      "review_date": [
        "August",
        "13",
        " 2016"
      ]
    },
    {
      "REQ_subtype": "",
      "REQ_type": "",
      "_id": 37,
      "author_id": "not defined",
      "author_name": "Paresh Rathod",
      "helpful": "0",
      "polarity": "",
      "rate": 5,
      "response": "",
      "response_date": "",
      "review": "But still no full Screen video play from any sites why? Also you removed counter of opened sites please try to add.no downoad resume option",
      "review_date": [
        "July",
        "22",
        " 2016"
      ]
    },
    {
      "REQ_subtype": "",
      "REQ_type": "",
      "_id": 38,
      "author_id": "not defined",
      "author_name": "VINAYAK KADAM",
      "helpful": "0",
      "polarity": "",
      "rate": 3,
      "response": "",
      "response_date": "",
      "review": "Videoes not open at large. Clashes",
      "review_date": [
        "December",
        "27",
        " 2016"
      ]
    },
    {
      "REQ_subtype": "",
      "REQ_type": "",
      "_id": 39,
      "author_id": "not defined",
      "author_name": "Woody Barrett",
      "helpful": "0",
      "polarity": "",
      "rate": 5,
      "response": "",
      "response_date": "",
      "review": "Clean, safe, fast.  Seems to integrate\u200b with orbot well.  Would like the option of adding or removing search engines or at least having startpage and ixquick added to the list.  Might also be nice to add a home button.",
      "review_date": [
        "April",
        "19",
        " 2017"
      ]
    },
    {
      "REQ_subtype": "",
      "REQ_type": "",
      "_id": 40,
      "author_id": "not defined",
      "author_name": "Question Everything",
      "helpful": "0",
      "polarity": "",
      "rate": 5,
      "response": "",
      "response_date": "",
      "review": "Hey Atlas team, please fix full screen issue while streaming videos",
      "review_date": [
        "January",
        "1",
        " 2017"
      ]
    },
    {
      "REQ_subtype": "",
      "REQ_type": "",
      "_id": 41,
      "author_id": "not defined",
      "author_name": "PROPS",
      "helpful": "1",
      "polarity": "",
      "rate": 3,
      "response": "",
      "response_date": "",
      "review": "Because their other apps are prefect for file browsing, figure, they may have browsing the web nailed too.",
      "review_date": [
        "December",
        "27",
        " 2016"
      ]
    },
    {
      "REQ_subtype": "",
      "REQ_type": "",
      "_id": 42,
      "author_id": "not defined",
      "author_name": "Jason Hastings",
      "helpful": "0",
      "polarity": "",
      "rate": 4,
      "response": "",
      "response_date": "",
      "review": "It loses a star as can't go full screen with video playback.",
      "review_date": [
        "August",
        "6",
        " 2016"
      ]
    },
    {
      "REQ_subtype": "",
      "REQ_type": "",
      "_id": 43,
      "author_id": "not defined",
      "author_name": "A Google user",
      "helpful": "2",
      "polarity": "",
      "rate": 5,
      "response": "",
      "response_date": "",
      "review": "Uses so much less battery than chrome and it loads all the pages faster!",
      "review_date": [
        "January",
        "27",
        " 2017"
      ]
    },
    {
      "REQ_subtype": "",
      "REQ_type": "",
      "_id": 44,
      "author_id": "not defined",
      "author_name": "A Google user",
      "helpful": "0",
      "polarity": "",
      "rate": 1,
      "response": "",
      "response_date": "",
      "review": "Adblock feature of this browser is not working properly.",
      "review_date": [
        "January",
        "12",
        " 2017"
      ]
    },
    {
      "REQ_subtype": "",
      "REQ_type": "",
      "_id": 45,
      "author_id": "not defined",
      "author_name": "giannis fake",
      "helpful": "0",
      "polarity": "",
      "rate": 5,
      "response": "",
      "response_date": "",
      "review": "Best for 21 century,it's against abusive sites with like buttons larger than the site.so it can clear them all",
      "review_date": [
        "August",
        "30",
        " 2017"
      ]
    },
    {
      "REQ_subtype": "",
      "REQ_type": "",
      "_id": 46,
      "author_id": "not defined",
      "author_name": "A Google user",
      "helpful": "0",
      "polarity": "",
      "rate": 5,
      "response": "",
      "response_date": "",
      "review": "Have tried them all, from chrome to opera and Firefox, Atlas out performs them all. IF you like speed and great filtering, Atlas is the one to get.",
      "review_date": [
        "April",
        "4",
        " 2017"
      ]
    },
    {
      "REQ_subtype": "",
      "REQ_type": "",
      "_id": 47,
      "author_id": "not defined",
      "author_name": "Dima M.",
      "helpful": "0",
      "polarity": "",
      "rate": 4,
      "response": "",
      "response_date": "",
      "review": "Very usefull browser. But it would be nice to have the ability to play videos.  There are a lot of browsers out there which are able to do this.",
      "review_date": [
        "September",
        "15",
        " 2016"
      ]
    },
    {
      "REQ_subtype": "",
      "REQ_type": "",
      "_id": 48,
      "author_id": "not defined",
      "author_name": "Abdulai Bah",
      "helpful": "4",
      "polarity": "",
      "rate": 5,
      "response": "",
      "response_date": "",
      "review": "Now the best browser on Android. Speedy. Clean. No nonsense. Please keep it like this.",
      "review_date": [
        "November",
        "7",
        " 2016"
      ]
    },
    {
      "REQ_subtype": "",
      "REQ_type": "",
      "_id": 49,
      "author_id": "not defined",
      "author_name": "Fikri Shaffie",
      "helpful": "3",
      "polarity": "",
      "rate": 4,
      "response": "",
      "response_date": "",
      "review": "If this happen its will be perfect!",
      "review_date": [
        "September",
        "5",
        " 2016"
      ]
    },
    {
      "REQ_subtype": "",
      "REQ_type": "",
      "_id": 50,
      "author_id": "not defined",
      "author_name": "Vahe K",
      "helpful": "0",
      "polarity": "",
      "rate": 5,
      "response": "",
      "response_date": "",
      "review": "It definitely gives the power to the user the variables and the settings you can do to soothe your way to browse the web",
      "review_date": [
        "November",
        "13",
        " 2016"
      ]
    },
    {
      "REQ_subtype": "",
      "REQ_type": "",
      "_id": 51,
      "author_id": "not defined",
      "author_name": "user warne",
      "helpful": "1",
      "polarity": "",
      "rate": 4,
      "response": "",
      "response_date": "",
      "review": "This app is great and works smooth, only feature missing is we cannot  change download location to sd card",
      "review_date": [
        "June",
        "25",
        " 2017"
      ]
    },
    {
      "REQ_subtype": "",
      "REQ_type": "",
      "_id": 52,
      "author_id": "not defined",
      "author_name": "Neil Woods",
      "helpful": "0",
      "polarity": "",
      "rate": 5,
      "response": "",
      "response_date": "",
      "review": "This is way faster than Firefox and Chrome on Android so I decided to upgrade to the Pro version. I highly recommend this.",
      "review_date": [
        "December",
        "26",
        " 2016"
      ]
    },
    {
      "REQ_subtype": "",
      "REQ_type": "",
      "_id": 53,
      "author_id": "not defined",
      "author_name": "salman farisy",
      "helpful": "0",
      "polarity": "",
      "rate": 2,
      "response": "",
      "response_date": "",
      "review": "Block image + enable javascript is not possible in one session. Only options are block image + disable javascript, allow image + disable javascript, allow image + enable javascript.",
      "review_date": [
        "December",
        "24",
        " 2016"
      ]
    },
    {
      "REQ_subtype": "",
      "REQ_type": "",
      "_id": 54,
      "author_id": "not defined",
      "author_name": "Bruce Jefferson",
      "helpful": "0",
      "polarity": "",
      "rate": 1,
      "response": "",
      "response_date": "",
      "review": "this is not a browser, I was unable to even access the web much less browse it. lots of ads though.",
      "review_date": [
        "April",
        "22",
        " 2017"
      ]
    },
    {
      "REQ_subtype": "",
      "REQ_type": "",
      "_id": 55,
      "author_id": "not defined",
      "author_name": "Mick",
      "helpful": "0",
      "polarity": "",
      "rate": 5,
      "response": "",
      "response_date": "",
      "review": "awesome speeds, like the custom settings for each individual site.... very happy with my purchase... well done!",
      "review_date": [
        "January",
        "26",
        " 2017"
      ]
    },
    {
      "REQ_subtype": "",
      "REQ_type": "",
      "_id": 56,
      "author_id": "not defined",
      "author_name": "A Google user",
      "helpful": "1",
      "polarity": "",
      "rate": 1,
      "response": "",
      "response_date": "",
      "review": "forces you to accept cookies !!!! how could you omit something as basic as blocking cookies !!!!!!!!?!!!",
      "review_date": [
        "February",
        "24",
        " 2017"
      ]
    },
    {
      "REQ_subtype": "",
      "REQ_type": "",
      "_id": 57,
      "author_id": "not defined",
      "author_name": "A Google user",
      "helpful": "0",
      "polarity": "",
      "rate": 5,
      "response": "",
      "response_date": "",
      "review": "The best ever! The future belongs to those who believe in the beauty of their dreams.",
      "review_date": [
        "March",
        "4",
        " 2017"
      ]
    },
    {
      "REQ_subtype": "",
      "REQ_type": "",
      "_id": 58,
      "author_id": "not defined",
      "author_name": "rajkumar agarwal",
      "helpful": "3",
      "polarity": "",
      "rate": 5,
      "response": "",
      "response_date": "",
      "review": "It is great browser which does everything",
      "review_date": [
        "August",
        "6",
        " 2016"
      ]
    },
    {
      "REQ_subtype": "",
      "REQ_type": "",
      "_id": 59,
      "author_id": "not defined",
      "author_name": "Fahad Ahmed",
      "helpful": "0",
      "polarity": "",
      "rate": 3,
      "response": "",
      "response_date": "",
      "review": "Please add night mode",
      "review_date": [
        "July",
        "19",
        " 2017"
      ]
    },
    {
      "REQ_subtype": "",
      "REQ_type": "",
      "_id": 60,
      "author_id": "not defined",
      "author_name": "V Rodriguez",
      "helpful": "0",
      "polarity": "",
      "rate": 5,
      "response": "",
      "response_date": "",
      "review": "LOVE IT! Just needs the ability to watch full screen vids!",
      "review_date": [
        "September",
        "8",
        " 2017"
      ]
    },
    {
      "REQ_subtype": "",
      "REQ_type": "",
      "_id": 61,
      "author_id": "not defined",
      "author_name": "jamil ansari",
      "helpful": "0",
      "polarity": "",
      "rate": 5,
      "response": "",
      "response_date": "",
      "review": "I'm always using this for browsing..",
      "review_date": [
        "September",
        "12",
        " 2017"
      ]
    },
    {
      "REQ_subtype": "",
      "REQ_type": "",
      "_id": 62,
      "author_id": "not defined",
      "author_name": "A Google user",
      "helpful": "0",
      "polarity": "",
      "rate": 1,
      "response": "",
      "response_date": "",
      "review": "Update user agent",
      "review_date": [
        "January",
        "24",
        " 2017"
      ]
    },
    {
      "REQ_subtype": "",
      "REQ_type": "",
      "_id": 63,
      "author_id": "not defined",
      "author_name": "Kameliyah Eftimova",
      "helpful": "0",
      "polarity": "",
      "rate": 3,
      "response": "",
      "response_date": "",
      "review": "bookmarks backup/restore missing....",
      "review_date": [
        "October",
        "21",
        " 2016"
      ]
    },
    {
      "REQ_subtype": "",
      "REQ_type": "",
      "_id": 64,
      "author_id": "not defined",
      "author_name": "Cobblestone Miner",
      "helpful": "3",
      "polarity": "",
      "rate": 5,
      "response": "",
      "response_date": "",
      "review": "Best browser out there",
      "review_date": [
        "March",
        "9",
        " 2017"
      ]
    },
    {
      "REQ_subtype": "",
      "REQ_type": "",
      "_id": 65,
      "author_id": "not defined",
      "author_name": "A Google user",
      "helpful": "1",
      "polarity": "",
      "rate": 5,
      "response": "",
      "response_date": "",
      "review": "Very nice and Very fast",
      "review_date": [
        "February",
        "20",
        " 2017"
      ]
    },
    {
      "REQ_subtype": "",
      "REQ_type": "",
      "_id": 66,
      "author_id": "not defined",
      "author_name": "A Google user",
      "helpful": "2",
      "polarity": "",
      "rate": 5,
      "response": "",
      "response_date": "",
      "review": "Was good",
      "review_date": [
        "August",
        "28",
        " 2016"
      ]
    },
    {
      "REQ_subtype": "",
      "REQ_type": "",
      "_id": 67,
      "author_id": "not defined",
      "author_name": "AHMED HUDA",
      "helpful": "2",
      "polarity": "",
      "rate": 5,
      "response": "",
      "response_date": "",
      "review": "Much needed app",
      "review_date": [
        "November",
        "9",
        " 2016"
      ]
    },
    {
      "REQ_subtype": "",
      "REQ_type": "",
      "_id": 68,
      "author_id": "not defined",
      "author_name": "MANIKANDAN MANI",
      "helpful": "0",
      "polarity": "",
      "rate": 4,
      "response": "",
      "response_date": "",
      "review": "Nice app.",
      "review_date": [
        "February",
        "6",
        " 2017"
      ]
    },
    {
      "REQ_subtype": "",
      "REQ_type": "",
      "_id": 69,
      "author_id": "not defined",
      "author_name": "Anh Ha",
      "helpful": "0",
      "polarity": "",
      "rate": 5,
      "response": "",
      "response_date": "",
      "review": "Great",
      "review_date": [
        "January",
        "5",
        " 2017"
      ]
    },
    {
      "REQ_subtype": "",
      "REQ_type": "",
      "_id": 70,
      "author_id": "not defined",
      "author_name": "bdp 3",
      "helpful": "1",
      "polarity": "",
      "rate": 5,
      "response": "",
      "response_date": "",
      "review": "good",
      "review_date": [
        "March",
        "19",
        " 2017"
      ]
    },
    {
      "REQ_subtype": "",
      "REQ_type": "",
      "_id": 71,
      "author_id": "not defined",
      "author_name": "Princess Cadence",
      "helpful": "1",
      "polarity": "",
      "rate": 1,
      "response": "",
      "response_date": "",
      "review": "Immediately locks up after 5 minutes of use. Never loads webpages in https. What a dumbass developer doesn't know the difference between HTTPS and HTTP. ONE \u2606 FOREVER",
      "review_date": [
        "July",
        "18",
        " 2016"
      ]
    },
    {
      "REQ_subtype": "",
      "REQ_type": "",
      "_id": 72,
      "author_id": "not defined",
      "author_name": "Don Mai",
      "helpful": "2",
      "polarity": "",
      "rate": 5,
      "response": "",
      "response_date": "",
      "review": "Still the most intuitive user interface for a mobile browser yet, very happy to see it hasn't fallen by the wayside. Will certainly continue to support!",
      "review_date": [
        "July",
        "16",
        " 2016"
      ]
    },
    {
      "REQ_subtype": "",
      "REQ_type": "",
      "_id": 73,
      "author_id": "not defined",
      "author_name": "ramesh sarda",
      "helpful": "4",
      "polarity": "",
      "rate": 4,
      "response": "",
      "response_date": "",
      "review": "Thanks God you are looking back this app. Please work more this app also it's crash some time.",
      "review_date": [
        "July",
        "15",
        " 2016"
      ]
    },
    {
      "REQ_subtype": "",
      "REQ_type": "",
      "_id": 74,
      "author_id": "not defined",
      "author_name": "Uros Bircanin",
      "helpful": "1",
      "polarity": "",
      "rate": 4,
      "response": "",
      "response_date": "",
      "review": "Pretty good browser,cant realy use it as daily browser because video player is bad(no fullscreen,swipe to seek,etc).",
      "review_date": [
        "July",
        "17",
        " 2016"
      ]
    },
    {
      "REQ_subtype": "",
      "REQ_type": "",
      "_id": 75,
      "author_id": "not defined",
      "author_name": "Martin Piterka",
      "helpful": "3",
      "polarity": "",
      "rate": 5,
      "response": "",
      "response_date": "",
      "review": "Thank you so much for the new update. :)",
      "review_date": [
        "July",
        "15",
        " 2016"
      ]
    },
    {
      "REQ_subtype": "",
      "REQ_type": "",
      "_id": 76,
      "author_id": "not defined",
      "author_name": "Maddog Rogue",
      "helpful": "0",
      "polarity": "",
      "rate": 4,
      "response": "",
      "response_date": "",
      "review": "Very nice browser, have used this to replace various others & even paid for license. Unfortunately unable to remove saved username & passwords for some sites after using the Clear settings in the Privacy and User Data menu. No other issues so far. Been using android for many years & this is the first browser i have paid for & same goes for the FX File Explorer. Very well written software with nice features & great visuals",
      "review_date": [
        "October",
        "14",
        " 2014"
      ]
    },
    {
      "REQ_subtype": "",
      "REQ_type": "",
      "_id": 77,
      "author_id": "not defined",
      "author_name": "Jonathan oQo",
      "helpful": "0",
      "polarity": "",
      "rate": 3,
      "response": "",
      "response_date": "",
      "review": "There is 2 problem that is keeping me from switching from the google chrome browser. One, is that I can't find any settings to open the browser with previously unclosed windows still present, instead you have to search in the history to continue reading what you wanted to finish for later. Second, is the fact that unlike google chrome, it's limited to how many open windows it can have. I usually save & leave about 60 pages open. Everything else is very good. *PS, fx file manager is great*",
      "review_date": [
        "April",
        "21",
        " 2015"
      ]
    },
    {
      "REQ_subtype": "",
      "REQ_type": "",
      "_id": 78,
      "author_id": "not defined",
      "author_name": "Slim Pickens",
      "helpful": "0",
      "polarity": "",
      "rate": 3,
      "response": "",
      "response_date": "",
      "review": "A great browser, pretty lightweight, and even uses androids' download manager. Love the material design. Unfortunately I stopped using it because of the 4 tab restriction. I understand the need for profit but I think restricting the tab number is not the way to go. It is a great browser, just wish there was no tab number restrictions. Too bad that development stopped.",
      "review_date": [
        "January",
        "20",
        " 2015"
      ]
    },
    {
      "REQ_subtype": "",
      "REQ_type": "",
      "_id": 79,
      "author_id": "not defined",
      "author_name": "Adrian Chapman",
      "helpful": "1",
      "polarity": "",
      "rate": 4,
      "response": "",
      "response_date": "",
      "review": "Works pretty well and has tons of features but it's missing the ability to play rich content well and filters sometimes take a long time to load.  One annoying issue is that the search box will cause some keyboards to default to non prediction mode or disallow swype.   An update would be nice.",
      "review_date": [
        "March",
        "17",
        " 2016"
      ]
    },
    {
      "REQ_subtype": "",
      "REQ_type": "",
      "_id": 80,
      "author_id": "not defined",
      "author_name": "Andrew Rattle",
      "helpful": "1",
      "polarity": "",
      "rate": 5,
      "response": "",
      "response_date": "",
      "review": "Is one of the best browsers I have used probly best. It loads very cwickly probly cwickst and it has no lag at all. Twice as fast as chrome and don't think about downloading other browsers I've tried practly all there is. It is always responsive no lag at all. What more could a person  waunt wut? Doesn't freze or stutter. It has bookmarks and download cape ability.",
      "review_date": [
        "November",
        "5",
        " 2014"
      ]
    },
    {
      "REQ_subtype": "",
      "REQ_type": "",
      "_id": 81,
      "author_id": "not defined",
      "author_name": "Nissan Karki",
      "helpful": "0",
      "polarity": "",
      "rate": 4,
      "response": "",
      "response_date": "",
      "review": "But it could be better. The built in ad blocking is pretty awesome. But the address bar suggestion just plain sucks. I wish I'd get the bare minimum url suggestion when typing in the address bar but I get some long extended url at first. However it is lightweight and does its job pretty well. Fix the address bar and this app will be well on its way to a 5 star rating.",
      "review_date": [
        "September",
        "30",
        " 2014"
      ]
    },
    {
      "REQ_subtype": "",
      "REQ_type": "",
      "_id": 82,
      "author_id": "not defined",
      "author_name": "Mathieu Poitras",
      "helpful": "0",
      "polarity": "",
      "rate": 4,
      "response": "",
      "response_date": "",
      "review": "Your browser is very good, pretty much the best fit for me in the ~40 I tried! I really really love the location bar scrolling with the page and not annoyingly reappearing when I scroll a bit up. It could be a bit smoother, like opera mini. Opera seems to consider the bar part of the page so when it reappears it doesn't \"jump\" like atlas. My only gripe so far is the prev/next control is an icon in the location bar. It is not very accessible for one hand browsing and it takes room in the location bar. I wish it was in the menu like firefox or in one of the side panes.",
      "review_date": [
        "October",
        "30",
        " 2014"
      ]
    },
    {
      "REQ_subtype": "",
      "REQ_type": "",
      "_id": 83,
      "author_id": "not defined",
      "author_name": "Randy Horne",
      "helpful": "4",
      "polarity": "",
      "rate": 2,
      "response": "",
      "response_date": "",
      "review": "Lacking options to control certain features such as when the content filtering list  updates and how often, frequent crashes with no function to restore tabs on restart, no updates from the dev since the browser went out of beta except maybe one.  Uninstalled and going back to Lucid Browser until the dev shows interest in updating this browser.",
      "review_date": [
        "November",
        "24",
        " 2014"
      ]
    },
    {
      "REQ_subtype": "",
      "REQ_type": "",
      "_id": 84,
      "author_id": "not defined",
      "author_name": "Zach Lutterman",
      "helpful": "3",
      "polarity": "",
      "rate": 4,
      "response": "",
      "response_date": "",
      "review": "Easy to use, not *the* fastest, but close enough that I use this for the features. The most interesting one being on-the-fly page rendering options. Never knew I needed that! Fixes many tiny annoyances across the webs. It could use a 1 button session kill so you can either resume or start fresh next time.",
      "review_date": [
        "January",
        "17",
        " 2015"
      ]
    },
    {
      "REQ_subtype": "",
      "REQ_type": "",
      "_id": 85,
      "author_id": "not defined",
      "author_name": "A Google user",
      "helpful": "0",
      "polarity": "",
      "rate": 5,
      "response": "",
      "response_date": "",
      "review": "Was not looking for a new browser but somehow was recommended this browser from the makers of FX explorer and it has absolutely wowed me. Built in ad blocking, extraordinary page load speed and very fast switching on the fly between phone and desktop web views. Even though the design could look a little more material design, the devs deserve a lot of credit for taking out Chrome as my default...on speed alone! Got so tired of waiting around as Chrome got more and more bloated. Keep it up guys. One last thing: bookmark sync with Chrome would be FANTASTIC.",
      "review_date": [
        "November",
        "18",
        " 2014"
      ]
    },
    {
      "REQ_subtype": "",
      "REQ_type": "",
      "_id": 86,
      "author_id": "not defined",
      "author_name": "Felix Ng",
      "helpful": "4",
      "polarity": "",
      "rate": 1,
      "response": "",
      "response_date": "",
      "review": "The concept is good, but way too many faults and omissions. Fullscreen video playback has never worked and the dev seems to be unmotivated to fix it, in addition to standard features such as clearing history and cache on exit. He has asked for suggestions on xda and as far as I can see hasn't implemented anything except cosmetic changes. I bought the pro version but uninstalled. I'll show interest again if the dev does the same. Not holding my breath..",
      "review_date": [
        "December",
        "29",
        " 2015"
      ]
    },
    {
      "REQ_subtype": "",
      "REQ_type": "",
      "_id": 87,
      "author_id": "not defined",
      "author_name": "Nan Lin",
      "helpful": "0",
      "polarity": "",
      "rate": 4,
      "response": "",
      "response_date": "",
      "review": "I love the control I have over the various settings, being able to disable flash/JavaScript easily with a few swipes. But if it can't keep my tabs through a reboot/force kill, it's useless for me. I kept it around for a while because it was still useful, but searching for an alternative is probably better. Uninstalled.",
      "review_date": [
        "November",
        "24",
        " 2015"
      ]
    },
    {
      "REQ_subtype": "",
      "REQ_type": "",
      "_id": 88,
      "author_id": "not defined",
      "author_name": "MamaNiMicai",
      "helpful": "2",
      "polarity": "",
      "rate": 3,
      "response": "",
      "response_date": "",
      "review": "It is really fast, I like it. Only problem is when uploading pics on Facebook, it opens the Files folder, not directly the gallery, which makes the search for image confusing because I don't see thumbnails.",
      "review_date": [
        "May",
        "28",
        " 2016"
      ]
    },
    {
      "REQ_subtype": "",
      "REQ_type": "",
      "_id": 89,
      "author_id": "not defined",
      "author_name": "Ray Roewert",
      "helpful": "2",
      "polarity": "",
      "rate": 5,
      "response": "",
      "response_date": "",
      "review": "Since I do most of my internet browsing on my tablet a browser that functions well, and is not loaded with nonsense un-need functions is important to me. I don't need icons for the last nine places I've been. I don't need \"Top Sites.\" I just need a functional browser that allows me to organize my bookmarks the way I want them to be organized. Atlas is that browser.",
      "review_date": [
        "October",
        "19",
        " 2014"
      ]
    },
    {
      "REQ_subtype": "",
      "REQ_type": "",
      "_id": 90,
      "author_id": "not defined",
      "author_name": "Findlaigh Shawe",
      "helpful": "0",
      "polarity": "",
      "rate": 2,
      "response": "",
      "response_date": "",
      "review": "nothing I have produced with this browser resembles any of the screenshots here. Maybe I enabled  \"Monastic Utilitarian\"  mode :-)  This thing is lightning fast but the whole package screams 'BETA'.   I must recommend a withdrawal of the paid version (though your return policy is great) along with a complete makeover so your browser resembles your FX filesystem (which I love) .  Your browser was unable to load your web page from its own redirect.  Hey, 5 Stars if you kill the Swiss Alps image on this ad :-)",
      "review_date": [
        "September",
        "27",
        " 2014"
      ]
    },
    {
      "REQ_subtype": "",
      "REQ_type": "",
      "_id": 91,
      "author_id": "not defined",
      "author_name": "J K",
      "helpful": "4",
      "polarity": "",
      "rate": 2,
      "response": "",
      "response_date": "",
      "review": "Useless. If a link does not start with http/https it will not work, including mailto/tel. Dedicated download managers will not work. Full screen video will not work. Developers do not respond, ever.",
      "review_date": [
        "January",
        "21",
        " 2016"
      ]
    },
    {
      "REQ_subtype": "",
      "REQ_type": "",
      "_id": 92,
      "author_id": "not defined",
      "author_name": "Mirza Akbar Ali Baig",
      "helpful": "2",
      "polarity": "",
      "rate": 5,
      "response": "",
      "response_date": "",
      "review": "Its the Best Web Browser. Giving best browsing experience blocking all those annoying ads and quick loading of pages with a mere package of Half MB. Other than Bookmark, Option for History navigation could also be helpful. 9/10",
      "review_date": [
        "February",
        "15",
        " 2016"
      ]
    },
    {
      "REQ_subtype": "",
      "REQ_type": "",
      "_id": 93,
      "author_id": "not defined",
      "author_name": "Trung Ly Huynh Tien",
      "helpful": "2",
      "polarity": "",
      "rate": 5,
      "response": "",
      "response_date": "",
      "review": "It has a unique interface which I love. Just one little thing: there should be option to move top bar to the bottom, that'd be much easier for my thumb to reach; also, pull down to refresh is a great idea.",
      "review_date": [
        "August",
        "11",
        " 2015"
      ]
    },
    {
      "REQ_subtype": "",
      "REQ_type": "",
      "_id": 94,
      "author_id": "not defined",
      "author_name": "John Dymond",
      "helpful": "1",
      "polarity": "",
      "rate": 3,
      "response": "",
      "response_date": "",
      "review": "Beyond a doubt, this is the very best web browser if you want text only. When I was on Android 4.X it was flawless! But since upgrading to Android 5, it *WILL* crash every single time you open it for the first time. For example, open Atlas, then open any web page, then start reading, and it will crash; then reopen Atlas, and it will be perfectly OK, until the next time you open it. This is such a pain! But Atlas is still the best text browser around.",
      "review_date": [
        "September",
        "21",
        " 2015"
      ]
    },
    {
      "REQ_subtype": "",
      "REQ_type": "",
      "_id": 95,
      "author_id": "not defined",
      "author_name": "Neon Saint",
      "helpful": "0",
      "polarity": "",
      "rate": 2,
      "response": "",
      "response_date": "",
      "review": "Content filter loading all the time. Press one link on a web page opens another page. Needs work and patches. Had this browser for 2 months if not more.",
      "review_date": [
        "February",
        "22",
        " 2015"
      ]
    },
    {
      "REQ_subtype": "",
      "REQ_type": "",
      "_id": 96,
      "author_id": "not defined",
      "author_name": "Marko Cvetkovic",
      "helpful": "0",
      "polarity": "",
      "rate": 3,
      "response": "",
      "response_date": "",
      "review": "It is not opening my added bookmarks.  I deleted all default bookmarks and added few of my own pages but it is not opening any of them. I have we-fi running and when I search for a page normally it works and opens all pages without problems. But when I try to run it from bookmarks a text \"webpage not available appears.\"  Pls help, as without working bookmarks this app will be deleted from my phone.  Thanks",
      "review_date": [
        "April",
        "19",
        " 2015"
      ]
    },
    {
      "REQ_subtype": "",
      "REQ_type": "",
      "_id": 97,
      "author_id": "not defined",
      "author_name": "A Google user",
      "helpful": "3",
      "polarity": "",
      "rate": 1,
      "response": "",
      "response_date": "",
      "review": "Was easily the best mobile browser out there but without the ability to update or retrieve content filtering it you might as well not even use it anymore :( Please fix this!",
      "review_date": [
        "April",
        "9",
        " 2015"
      ]
    },
    {
      "REQ_subtype": "",
      "REQ_type": "",
      "_id": 98,
      "author_id": "not defined",
      "author_name": "Kowith Singkornkeeree",
      "helpful": "1",
      "polarity": "",
      "rate": 3,
      "response": "",
      "response_date": "",
      "review": "Looks like it's very good browser that have built-in content filtering (AdBlock Filter), JavaScript switch (Switch to Hi-Fi/Lo-Fi/Text mode), popup block and options to completely turn off location request. but I think you can add \"Do not track\" feature to fullfill the perfect of this browser that understand user privacy.",
      "review_date": [
        "April",
        "11",
        " 2016"
      ]
    },
    {
      "REQ_subtype": "",
      "REQ_type": "",
      "_id": 99,
      "author_id": "not defined",
      "author_name": "HACKSCOMICON AKA: HAX",
      "helpful": "1",
      "polarity": "",
      "rate": 4,
      "response": "",
      "response_date": "",
      "review": "It is very good but i can't view fullscreen videos even on youtube! And in some cases videos playback does not work!!! Could you help me?(PLEASE REPLY!)",
      "review_date": [
        "March",
        "15",
        " 2015"
      ]
    },
    {
      "REQ_subtype": "",
      "REQ_type": "",
      "_id": 100,
      "author_id": "not defined",
      "author_name": "Steven Maroufkhani",
      "helpful": "1",
      "polarity": "",
      "rate": 5,
      "response": "",
      "response_date": "",
      "review": "In a crowded field of mobile browsers that are virtually indistinguishable from one another, Atlas truly stands out for its innovative take on how we browse the web on our mobile devices.  It's refreshing to see such an original concept/design.",
      "review_date": [
        "October",
        "7",
        " 2014"
      ]
    },
    {
      "REQ_subtype": "",
      "REQ_type": "",
      "_id": 101,
      "author_id": "not defined",
      "author_name": "Michael G",
      "helpful": "0",
      "polarity": "",
      "rate": 3,
      "response": "",
      "response_date": "",
      "review": "Great idea, however SwiftKey thinks the url bar is not a search bar and does not suggest corrective words. Also please add the tab bar to the bottom. My screen is too big to reach all the way up there to do things.",
      "review_date": [
        "April",
        "10",
        " 2016"
      ]
    },
    {
      "REQ_subtype": "",
      "REQ_type": "",
      "_id": 102,
      "author_id": "not defined",
      "author_name": "Mukhtar U",
      "helpful": "1",
      "polarity": "",
      "rate": 5,
      "response": "",
      "response_date": "",
      "review": "But there is one thing, which improve usability. Swipe to close the tab. It's very difficult sometimes to press X button :)",
      "review_date": [
        "October",
        "14",
        " 2014"
      ]
    },
    {
      "REQ_subtype": "",
      "REQ_type": "",
      "_id": 103,
      "author_id": "not defined",
      "author_name": "Xaqaria Goodnough",
      "helpful": "1",
      "polarity": "",
      "rate": 3,
      "response": "",
      "response_date": "",
      "review": "From what it seems this browser has been buried. It was great and still runs decently, but an update is needed. I can't recommend it due to lack of updates at this point.",
      "review_date": [
        "November",
        "25",
        " 2015"
      ]
    },
    {
      "REQ_subtype": "",
      "REQ_type": "",
      "_id": 104,
      "author_id": "not defined",
      "author_name": "Franz remoter",
      "helpful": "1",
      "polarity": "",
      "rate": 2,
      "response": "",
      "response_date": "",
      "review": "Current release in this moment at least...can not be settled to display URLs permanently, many sites can not be scrolled horizontally when this app not able to display them entirely. It seems to be amateur designed as too much focused on art UI design despite poor basic  websites compatibility features. Also not able to play youtube videos embedded in many sites (display only play arrow with no effect) while ordinary built in browser in my Samsung Note3 can",
      "review_date": [
        "September",
        "28",
        " 2014"
      ]
    },
    {
      "REQ_subtype": "",
      "REQ_type": "",
      "_id": 105,
      "author_id": "not defined",
      "author_name": "Heero Miketta",
      "helpful": "1",
      "polarity": "",
      "rate": 3,
      "response": "",
      "response_date": "",
      "review": "Could be awesome. But there are so many small issues (like videos not playing full-screen), and development seems to have stopped. Sad.",
      "review_date": [
        "June",
        "29",
        " 2015"
      ]
    },
    {
      "REQ_subtype": "",
      "REQ_type": "",
      "_id": 106,
      "author_id": "not defined",
      "author_name": "ffolkes Sedneff",
      "helpful": "1",
      "polarity": "",
      "rate": 3,
      "response": "",
      "response_date": "",
      "review": "I love this developer and their unique apps.  Unfortunately Atlas frequently crashes when rendering sites. I have tried it on several devices, and it's always just as unstable.",
      "review_date": [
        "September",
        "24",
        " 2014"
      ]
    },
    {
      "REQ_subtype": "",
      "REQ_type": "",
      "_id": 107,
      "author_id": "not defined",
      "author_name": "Selby Bopape",
      "helpful": "0",
      "polarity": "",
      "rate": 2,
      "response": "",
      "response_date": "",
      "review": "I've been using the App since the testing phase,  but the last two updates have slowed everything..  Went back to my Dolphin jet pack updated it,  it's 4times faster than Atlas Now.... I like Atlas,  so pls fix the issue or I change my default browser back to Dolphin jet pack",
      "review_date": [
        "September",
        "27",
        " 2014"
      ]
    },
    {
      "REQ_subtype": "",
      "REQ_type": "",
      "_id": 108,
      "author_id": "not defined",
      "author_name": "Joshuva Antony",
      "helpful": "1",
      "polarity": "",
      "rate": 5,
      "response": "",
      "response_date": "",
      "review": "Am lovin it! Its so simple and have a cute UI too! The loading of websites are pretty cool! Not a bar it has percent of hw much a new page has loaded...innnovative work!",
      "review_date": [
        "June",
        "13",
        " 2015"
      ]
    },
    {
      "REQ_subtype": "",
      "REQ_type": "",
      "_id": 109,
      "author_id": "not defined",
      "author_name": "John Krauss",
      "helpful": "0",
      "polarity": "",
      "rate": 5,
      "response": "",
      "response_date": "",
      "review": "Just started using it, seems great - making me realize how pathetic Firefox mobile was! The content filtering and Javascript blocking are great. Now my battery doesn't run down in 20 minutes just from looking at news sites.",
      "review_date": [
        "May",
        "24",
        " 2015"
      ]
    },
    {
      "REQ_subtype": "",
      "REQ_type": "",
      "_id": 110,
      "author_id": "not defined",
      "author_name": "Justin Cram",
      "helpful": "0",
      "polarity": "",
      "rate": 2,
      "response": "",
      "response_date": "",
      "review": "We get frustrated I've purchased this because I support the developer on all his apps so I purchased this as well. I completely fell in love with this browser it was very fast it worked really good and up until recently it's not working very well at all! update apparently was in 2014 from the developer I would do it if you would update this to work on the new androids.",
      "review_date": [
        "June",
        "25",
        " 2016"
      ]
    },
    {
      "REQ_subtype": "",
      "REQ_type": "",
      "_id": 111,
      "author_id": "not defined",
      "author_name": "Jeff Wassel",
      "helpful": "2",
      "polarity": "",
      "rate": 3,
      "response": "",
      "response_date": "",
      "review": "This had been my favorite browser, but it crashes a LOT.  I think maybe it has problems with scripts on some pages or something because there are certain pages I frequent where it just chokes and then force closes.  Doesn't play imbedded videos very well.",
      "review_date": [
        "May",
        "11",
        " 2015"
      ]
    },
    {
      "REQ_subtype": "",
      "REQ_type": "",
      "_id": 112,
      "author_id": "not defined",
      "author_name": "Vinit Singh",
      "helpful": "1",
      "polarity": "",
      "rate": 3,
      "response": "",
      "response_date": "",
      "review": "It's pretty fast and smooth as described and I was liking it till the point when I tried to download something.. Used \"save link\"  option and the browser crashed. It crashes everytime I try to save something",
      "review_date": [
        "April",
        "19",
        " 2015"
      ]
    },
    {
      "REQ_subtype": "",
      "REQ_type": "",
      "_id": 113,
      "author_id": "not defined",
      "author_name": "Teodora C",
      "helpful": "1",
      "polarity": "",
      "rate": 4,
      "response": "",
      "response_date": "",
      "review": "The interface is not so great. Smaller font size in menus, color customisation? Please? \ud83d\ude3a",
      "review_date": [
        "November",
        "23",
        " 2015"
      ]
    },
    {
      "REQ_subtype": "",
      "REQ_type": "",
      "_id": 114,
      "author_id": "not defined",
      "author_name": "Max W.",
      "helpful": "0",
      "polarity": "",
      "rate": 4,
      "response": "",
      "response_date": "",
      "review": "Atlas gave me a better browsing experience than every other mobile browser, especially with ad filters, bookmark directories, and per-site display/user agent settings. ATM it needs the option to open more tabs simultaneously, and loading content filters in the background.",
      "review_date": [
        "November",
        "23",
        " 2015"
      ]
    },
    {
      "REQ_subtype": "",
      "REQ_type": "",
      "_id": 115,
      "author_id": "not defined",
      "author_name": "Claudia Marie",
      "helpful": "0",
      "polarity": "",
      "rate": 5,
      "response": "",
      "response_date": "",
      "review": "I love the content filter and hi-fi/low-fi modes, and how fast and lightweight it is. It crashes every once in a while when I have too many tabs open, but still it's the best browser if you hate ads and pop-ups and slow load times in my opinion.",
      "review_date": [
        "March",
        "7",
        " 2016"
      ]
    },
    {
      "REQ_subtype": "",
      "REQ_type": "",
      "_id": 116,
      "author_id": "not defined",
      "author_name": "Shane Wallace",
      "helpful": "0",
      "polarity": "",
      "rate": 2,
      "response": "",
      "response_date": "",
      "review": "I was loving this app until I tried opening a 5th tab and found out you can't have that many tsbs open. Stupid. Back to Chrome.",
      "review_date": [
        "January",
        "21",
        " 2016"
      ]
    },
    {
      "REQ_subtype": "",
      "REQ_type": "",
      "_id": 117,
      "author_id": "not defined",
      "author_name": "Eric Hope",
      "helpful": "0",
      "polarity": "",
      "rate": 4,
      "response": "",
      "response_date": "",
      "review": "Atlas browser is great, and I use it every day now. I love the built-in ad blocking! Just a few suggestions I have for improvements: 1) I wish it could handle more than 4 tabs. 2) The ability to play full-screen video would be great. 3) It teases you with the idea of reordering your boookmarks, but doesn't actually save the order. It would be great if this feature actually worked. Otherwise, Atlas is a great browser, and I look forward to its continued development.",
      "review_date": [
        "October",
        "1",
        " 2015"
      ]
    },
    {
      "REQ_subtype": "",
      "REQ_type": "",
      "_id": 118,
      "author_id": "not defined",
      "author_name": "Erwin Verdonk",
      "helpful": "2",
      "polarity": "",
      "rate": 5,
      "response": "",
      "response_date": "",
      "review": "Switched from Chrome to Atlas. Wonderful browser with some really outstanding set of features which make my surfing time so much better. Dual view, settings per site (i.e. desktop or mobile view) , ad-blocker built-in, custom experience settings, just to name a few. This developer is always looking to bring apps being unique in their own way. Definitely worth the few bucks.",
      "review_date": [
        "November",
        "16",
        " 2014"
      ]
    },
    {
      "REQ_subtype": "",
      "REQ_type": "",
      "_id": 119,
      "author_id": "not defined",
      "author_name": "Jon Cody Davis",
      "helpful": "3",
      "polarity": "",
      "rate": 4,
      "response": "",
      "response_date": "",
      "review": "I don't use this browser on the daily as I find some others that have a little bit more pleasant UI (in my opinion), but what this browser does it does very well. When looking thru torrent sites and the sea of ads/pop-ups/junk that usually renders other browsers useless, this thing handles like a champ, which is why it is a mainstay on my phone and has carved its own special niche in my app drawer.",
      "review_date": [
        "January",
        "28",
        " 2016"
      ]
    },
    {
      "REQ_subtype": "",
      "REQ_type": "",
      "_id": 120,
      "author_id": "not defined",
      "author_name": "freekarol",
      "helpful": "1",
      "polarity": "",
      "rate": 4,
      "response": "",
      "response_date": "",
      "review": "It seems that this web browser won't get any new updates because this web browser can't be found on it's official site. Too bad because this browser has good potential. But no updates=security risks. And this is a big no-no for me.",
      "review_date": [
        "January",
        "16",
        " 2015"
      ]
    },
    {
      "REQ_subtype": "",
      "REQ_type": "",
      "_id": 121,
      "author_id": "not defined",
      "author_name": "Ivan Azymov",
      "helpful": "2",
      "polarity": "",
      "rate": 4,
      "response": "",
      "response_date": "",
      "review": "I am not aware of any bookmark export or sync capability.  I have bookmark backups from various browsers that I am interested in consolidating to this browser--but only if a bookmark export and/or sync to a desktop version is available.  Please advise.",
      "review_date": [
        "March",
        "9",
        " 2016"
      ]
    },
    {
      "REQ_subtype": "",
      "REQ_type": "",
      "_id": 122,
      "author_id": "not defined",
      "author_name": "Robert Quinn",
      "helpful": "0",
      "polarity": "",
      "rate": 2,
      "response": "",
      "response_date": "",
      "review": "Its needs an update badly, needs to be able to full screen videos (while hiding Nav bar), and smoother scrolling. I bought plus at launch, I would love to use this browser again.",
      "review_date": [
        "May",
        "4",
        " 2015"
      ]
    },
    {
      "REQ_subtype": "",
      "REQ_type": "",
      "_id": 123,
      "author_id": "not defined",
      "author_name": "usual suspect",
      "helpful": "1",
      "polarity": "",
      "rate": 1,
      "response": "",
      "response_date": "",
      "review": "Seems like these guys just develop to take people's money.",
      "review_date": [
        "April",
        "12",
        " 2015"
      ]
    },
    {
      "REQ_subtype": "",
      "REQ_type": "",
      "_id": 124,
      "author_id": "not defined",
      "author_name": "Christopher Robin",
      "helpful": "0",
      "polarity": "",
      "rate": 2,
      "response": "",
      "response_date": "",
      "review": "A different approach which was very promising, but has been abandoned by developer when barely out of beta. Annoying as I bought plus version in good faith, a shame as it could have been excellent if developed. PROS: Very quick. Content Filtering, JavaScript control and other settings are excellent - I love the ad blocking, and the ability to change the default settings on the fly. Bookmarks in folders that can be moved and sorted. Dual View split screen sometimes very useful. CONS: The \"Privacy and User Data\" tool does not clear cookies - only if used several times does it eventually work. NEEDED:\u25aaConfigurable option to auto-delete stored data on EXIT (cookies,history etc).  DESIRABLE: \u25aaOption to auto-delete Cookies after closing TAB. \u25aa Export Bookmarks (to HTML). As there is no mention of Atlas on developer's website, I assume development has ceased, am now using the new Krypton browser. 7\" tablet, Android 4.2.2, Atlas+",
      "review_date": [
        "April",
        "27",
        " 2015"
      ]
    },
    {
      "REQ_subtype": "",
      "REQ_type": "",
      "_id": 125,
      "author_id": "not defined",
      "author_name": "Abey Austin",
      "helpful": "2",
      "polarity": "",
      "rate": 5,
      "response": "",
      "response_date": "",
      "review": "I don't understand why I see a lot of people are not very satisfied, this is the best browser I've used so far! I'm coming from Firefox and I've used many others and this one is the light weight one, no unwanted bs too.",
      "review_date": [
        "November",
        "16",
        " 2014"
      ]
    },
    {
      "REQ_subtype": "",
      "REQ_type": "",
      "_id": 126,
      "author_id": "not defined",
      "author_name": "Paul Ponce Aya-ay",
      "helpful": "1",
      "polarity": "",
      "rate": 5,
      "response": "",
      "response_date": "",
      "review": "I think I read somewhere that the app will not receive further updates. Good job.",
      "review_date": [
        "July",
        "19",
        " 2015"
      ]
    },
    {
      "REQ_subtype": "",
      "REQ_type": "",
      "_id": 127,
      "author_id": "not defined",
      "author_name": "Moulana Mohammed",
      "helpful": "1",
      "polarity": "",
      "rate": 4,
      "response": "",
      "response_date": "",
      "review": "This is first time I am writing review for a browser, I have used so many browsers but I would have to admit that this one satisfies me above all of them. Replaced all with this one. One thing I need is number of windows it can open is ONLY 4, increase this.",
      "review_date": [
        "July",
        "4",
        " 2015"
      ]
    },
    {
      "REQ_subtype": "",
      "REQ_type": "",
      "_id": 128,
      "author_id": "not defined",
      "author_name": "Azreal A",
      "helpful": "2",
      "polarity": "",
      "rate": 3,
      "response": "",
      "response_date": "",
      "review": "Just when I am really interested in something it seems to know and \"freezes\"??!!! How does it know???",
      "review_date": [
        "March",
        "25",
        " 2015"
      ]
    },
    {
      "REQ_subtype": "",
      "REQ_type": "",
      "_id": 129,
      "author_id": "not defined",
      "author_name": "John Allen",
      "helpful": "1",
      "polarity": "",
      "rate": 5,
      "response": "",
      "response_date": "",
      "review": "Atlas has innovative features which work well for me, and I have already paid for the Plus license to get some extra functionality and to support the developer. There is an xda thread for reporting bugs and requesting new features, but basically it works very well.",
      "review_date": [
        "November",
        "30",
        " 2014"
      ]
    },
    {
      "REQ_subtype": "",
      "REQ_type": "",
      "_id": 130,
      "author_id": "not defined",
      "author_name": "Abraham C",
      "helpful": "1",
      "polarity": "",
      "rate": 5,
      "response": "",
      "response_date": "",
      "review": "Content filter and loading of light version of the web is excellent! Just wish search button on phone would activate omnibar instead of Find in Page. Maybe place a toggle setting for this in settings?",
      "review_date": [
        "October",
        "1",
        " 2014"
      ]
    },
    {
      "REQ_subtype": "",
      "REQ_type": "",
      "_id": 131,
      "author_id": "not defined",
      "author_name": "ShaggyUltraLounge",
      "helpful": "1",
      "polarity": "",
      "rate": 4,
      "response": "",
      "response_date": "",
      "review": "Does not restore open tabs when starting. More precisely, *not always*. Needs better access to history. I'd buy it had these issues been fixed.",
      "review_date": [
        "November",
        "26",
        " 2014"
      ]
    },
    {
      "REQ_subtype": "",
      "REQ_type": "",
      "_id": 132,
      "author_id": "not defined",
      "author_name": "Carlo Chilingirian",
      "helpful": "1",
      "polarity": "",
      "rate": 3,
      "response": "",
      "response_date": "",
      "review": "I like this app but some links  won't work. I was hoping to replace Firefox with this but I have a site I use often and the button links never work on Atlas.",
      "review_date": [
        "January",
        "17",
        " 2015"
      ]
    },
    {
      "REQ_subtype": "",
      "REQ_type": "",
      "_id": 133,
      "author_id": "not defined",
      "author_name": "Crawford Kirkpatrick",
      "helpful": "1",
      "polarity": "",
      "rate": 5,
      "response": "",
      "response_date": "",
      "review": "Atlas is fast, beautiful and has all the features I use without the bloat. The content filter is excellent, the percent load is nice, and it is very fast. The reason it hasn't been updated is that there is no need to fix what is already exceptional.",
      "review_date": [
        "December",
        "15",
        " 2015"
      ]
    },
    {
      "REQ_subtype": "",
      "REQ_type": "",
      "_id": 134,
      "author_id": "not defined",
      "author_name": "Svetlana Day",
      "helpful": "1",
      "polarity": "",
      "rate": 3,
      "response": "",
      "response_date": "",
      "review": "Have to scroll all the way up to get to the menu bar once it's hidden. Extremely inconvenient if the page is long",
      "review_date": [
        "February",
        "10",
        " 2015"
      ]
    },
    {
      "REQ_subtype": "",
      "REQ_type": "",
      "_id": 135,
      "author_id": "not defined",
      "author_name": "Andrie Tunggono",
      "helpful": "3",
      "polarity": "",
      "rate": 2,
      "response": "",
      "response_date": "",
      "review": "What happen to content filtering? Now cant update or loading content filtering. Always says failed. Fix it dev",
      "review_date": [
        "April",
        "9",
        " 2015"
      ]
    },
    {
      "REQ_subtype": "",
      "REQ_type": "",
      "_id": 136,
      "author_id": "not defined",
      "author_name": "Mod Sky",
      "helpful": "0",
      "polarity": "",
      "rate": 3,
      "response": "",
      "response_date": "",
      "review": "Please help because i cannot enable it or turn it on it does not turn on how can i emable it bacause the full screen is ok",
      "review_date": [
        "October",
        "22",
        " 2014"
      ]
    },
    {
      "REQ_subtype": "",
      "REQ_type": "",
      "_id": 137,
      "author_id": "not defined",
      "author_name": "Elizabeth Lee",
      "helpful": "1",
      "polarity": "",
      "rate": 1,
      "response": "",
      "response_date": "",
      "review": "Used to be my go-to browser but it hasn't been updated since September of last year. Extremely buggy on Lollipop.",
      "review_date": [
        "May",
        "23",
        " 2015"
      ]
    },
    {
      "REQ_subtype": "",
      "REQ_type": "",
      "_id": 138,
      "author_id": "not defined",
      "author_name": "James Yau",
      "helpful": "3",
      "polarity": "",
      "rate": 3,
      "response": "",
      "response_date": "",
      "review": "Content filter suddenly stops working. Could it be a conflict with the new webview?",
      "review_date": [
        "April",
        "12",
        " 2015"
      ]
    },
    {
      "REQ_subtype": "",
      "REQ_type": "",
      "_id": 139,
      "author_id": "not defined",
      "author_name": "Sirius Lee Bakoff",
      "helpful": "0",
      "polarity": "",
      "rate": 1,
      "response": "",
      "response_date": "",
      "review": "App acknowledges that I purchased license but then keeps popping up with error messages telling me I need to purchase license. Then gives me only the free-version features. I regret the purchase.",
      "review_date": [
        "January",
        "27",
        " 2015"
      ]
    },
    {
      "REQ_subtype": "",
      "REQ_type": "",
      "_id": 140,
      "author_id": "not defined",
      "author_name": "Endri Sholla",
      "helpful": "1",
      "polarity": "",
      "rate": 5,
      "response": "",
      "response_date": "",
      "review": "For me its the best and lightest browser ,keep it like these and dont upgrade to make it with more optionts cous it will lose the smoothe and lightness of the browser",
      "review_date": [
        "June",
        "24",
        " 2015"
      ]
    },
    {
      "REQ_subtype": "",
      "REQ_type": "",
      "_id": 141,
      "author_id": "not defined",
      "author_name": "Ja Ca",
      "helpful": "1",
      "polarity": "",
      "rate": 3,
      "response": "",
      "response_date": "",
      "review": "Uneven aging of an amoled display is ruinous.",
      "review_date": [
        "June",
        "21",
        " 2016"
      ]
    },
    {
      "REQ_subtype": "",
      "REQ_type": "",
      "_id": 142,
      "author_id": "not defined",
      "author_name": "jaZzy's_Choice",
      "helpful": "2",
      "polarity": "",
      "rate": 4,
      "response": "",
      "response_date": "",
      "review": "There must be a dialogue box before download any file to prevent auto downloads or option to add files in download manager so we can Dowload files via wifi not mobile data..",
      "review_date": [
        "September",
        "20",
        " 2014"
      ]
    },
    {
      "REQ_subtype": "",
      "REQ_type": "",
      "_id": 143,
      "author_id": "not defined",
      "author_name": "Arik M",
      "helpful": "1",
      "polarity": "",
      "rate": 4,
      "response": "",
      "response_date": "",
      "review": "I have a nexus 4 and my dual view doesn't work. Could some one help me with this one.",
      "review_date": [
        "September",
        "22",
        " 2014"
      ]
    },
    {
      "REQ_subtype": "",
      "REQ_type": "",
      "_id": 144,
      "author_id": "not defined",
      "author_name": "james man",
      "helpful": "0",
      "polarity": "",
      "rate": 1,
      "response": "",
      "response_date": "",
      "review": "A browser that blocks ads? I will take that on any given day. But downloading using this browser is a hassle and the LOW-FI mode is nowhere near as fast as UC's speed mode or opera mini's data saving mode.  But I see great potential in it!   Edit: It crashed and told me to to restart browser, upon doing so my phone got turned off.  Do hell with an app that can switch off my phone. UNINSTALL!",
      "review_date": [
        "May",
        "23",
        " 2015"
      ]
    },
    {
      "REQ_subtype": "",
      "REQ_type": "",
      "_id": 145,
      "author_id": "not defined",
      "author_name": "Tero Kirjavainen",
      "helpful": "1",
      "polarity": "",
      "rate": 5,
      "response": "",
      "response_date": "",
      "review": "more attention and users. This browser is very promising and user friendly already. I would like to see option to move url bar to bottom of the screen.",
      "review_date": [
        "March",
        "26",
        " 2016"
      ]
    },
    {
      "REQ_subtype": "",
      "REQ_type": "",
      "_id": 146,
      "author_id": "not defined",
      "author_name": "Eric Chow",
      "helpful": "1",
      "polarity": "",
      "rate": 5,
      "response": "",
      "response_date": "",
      "review": "This is the fastest browser tested. Hands down, the lean and mean browser opens up my regular website in seconds. Great work!",
      "review_date": [
        "October",
        "14",
        " 2014"
      ]
    },
    {
      "REQ_subtype": "",
      "REQ_type": "",
      "_id": 147,
      "author_id": "not defined",
      "author_name": "shubham vaish",
      "helpful": "1",
      "polarity": "",
      "rate": 5,
      "response": "",
      "response_date": "",
      "review": "Once I lost my all URL I can't open anything then I download it good app",
      "review_date": [
        "January",
        "1",
        " 2015"
      ]
    },
    {
      "REQ_subtype": "",
      "REQ_type": "",
      "_id": 148,
      "author_id": "not defined",
      "author_name": "George Chan",
      "helpful": "0",
      "polarity": "",
      "rate": 2,
      "response": "",
      "response_date": "",
      "review": "Yes, it works, but not well enough to actually keep. The maximum amount of tabs that you can have is very low. Certainly nothing special here.",
      "review_date": [
        "January",
        "9",
        " 2016"
      ]
    },
    {
      "REQ_subtype": "",
      "REQ_type": "",
      "_id": 149,
      "author_id": "not defined",
      "author_name": "Jo\u00e3o Victor Carneiro",
      "helpful": "0",
      "polarity": "",
      "rate": 2,
      "response": "",
      "response_date": "",
      "review": "I'm just waiting for an update to come back to the app. The best, but very outdated.",
      "review_date": [
        "July",
        "25",
        " 2015"
      ]
    },
    {
      "REQ_subtype": "",
      "REQ_type": "",
      "_id": 150,
      "author_id": "not defined",
      "author_name": "Rahman Syah",
      "helpful": "0",
      "polarity": "",
      "rate": 1,
      "response": "",
      "response_date": "",
      "review": "I downloaded this app based on others' reviews. Unfortunately it can't automatically adjust the text size while zoom in zoom out. I am so stupid.",
      "review_date": [
        "January",
        "7",
        " 2016"
      ]
    },
    {
      "REQ_subtype": "",
      "REQ_type": "",
      "_id": 151,
      "author_id": "not defined",
      "author_name": "A Google user",
      "helpful": "0",
      "polarity": "",
      "rate": 1,
      "response": "",
      "response_date": "",
      "review": "crashes each time when browsing content heavy sites like Quora. Problem doesn't exists on chrome amd opera mobile browsers.",
      "review_date": [
        "December",
        "21",
        " 2014"
      ]
    },
    {
      "REQ_subtype": "",
      "REQ_type": "",
      "_id": 152,
      "author_id": "not defined",
      "author_name": "Nolan Kim",
      "helpful": "2",
      "polarity": "",
      "rate": 3,
      "response": "",
      "response_date": "",
      "review": "cant go into fullscreen with videos. this is the only thing that keeps me from using it as my only browser",
      "review_date": [
        "June",
        "21",
        " 2016"
      ]
    },
    {
      "REQ_subtype": "",
      "REQ_type": "",
      "_id": 153,
      "author_id": "not defined",
      "author_name": "Cengiz Kirci",
      "helpful": "1",
      "polarity": "",
      "rate": 5,
      "response": "",
      "response_date": "",
      "review": "Shortly amazing  It would be amazing to transfer chrome bookmarks .I am ready to pay for extras as reader ,night look etc options.",
      "review_date": [
        "January",
        "22",
        " 2016"
      ]
    },
    {
      "REQ_subtype": "",
      "REQ_type": "",
      "_id": 154,
      "author_id": "not defined",
      "author_name": "Fuseteam",
      "helpful": "1",
      "polarity": "",
      "rate": 5,
      "response": "",
      "response_date": "",
      "review": "I wonder if it can stay lightweight and fast if full screen video and download manager are added as features......if so i that would be great",
      "review_date": [
        "October",
        "8",
        " 2014"
      ]
    },
    {
      "REQ_subtype": "",
      "REQ_type": "",
      "_id": 155,
      "author_id": "not defined",
      "author_name": "Paul Leeming",
      "helpful": "1",
      "polarity": "",
      "rate": 5,
      "response": "",
      "response_date": "",
      "review": "If you love speed, efficiency and privacy (with built in ad blocking), look no further. Great browser!",
      "review_date": [
        "January",
        "26",
        " 2015"
      ]
    },
    {
      "REQ_subtype": "",
      "REQ_type": "",
      "_id": 156,
      "author_id": "not defined",
      "author_name": "A Google user",
      "helpful": "0",
      "polarity": "",
      "rate": 1,
      "response": "",
      "response_date": "",
      "review": "Fast browser, but left and right swipe functions need to be more robust, such as including quick access to bookmarks. Also quick scroll options to top or bottom of page would be great.",
      "review_date": [
        "November",
        "11",
        " 2014"
      ]
    },
    {
      "REQ_subtype": "",
      "REQ_type": "",
      "_id": 157,
      "author_id": "not defined",
      "author_name": "radib r.",
      "helpful": "0",
      "polarity": "",
      "rate": 2,
      "response": "",
      "response_date": "",
      "review": "Not a standalone browser, needs youtube app to open youtube....Reload/refresh button don't work occasionally,when i'm switching from mobile to desktop view.......",
      "review_date": [
        "December",
        "19",
        " 2015"
      ]
    },
    {
      "REQ_subtype": "",
      "REQ_type": "",
      "_id": 158,
      "author_id": "not defined",
      "author_name": "David Qualls",
      "helpful": "1",
      "polarity": "",
      "rate": 3,
      "response": "",
      "response_date": "",
      "review": "Great for casual use because of the nice shortcuts page. Needs improvement before it becomes my default Web browser app.",
      "review_date": [
        "March",
        "6",
        " 2015"
      ]
    },
    {
      "REQ_subtype": "",
      "REQ_type": "",
      "_id": 159,
      "author_id": "not defined",
      "author_name": "Private Private",
      "helpful": "0",
      "polarity": "",
      "rate": 1,
      "response": "",
      "response_date": "",
      "review": "I love the features. But the layout is garbage.And most of the features don't work...",
      "review_date": [
        "October",
        "28",
        " 2014"
      ]
    }
  ],
  "size": "2.0",
  "url": "https://play.google.com/store/apps/details?id=nextapp.atlas",
  "version": "2.1.0.2"
}