{
  "categories": [
    "Communication"
  ],
  "description": "Puffin Web Browser is wicked fast. Once users experience the thrilling speed of Puffin, regular Mobile Internet feels like torture. Puffin Browser Pro is the premium version of the Puffin family. It is not ad-sponsored.\ud83d\ude80 Wicked Fast: Puffin speeds up mobile browsing by shifting the workload from the resource-limited devices to the cloud servers, and resource-demanding webpages can run super-fast on your phones or tablets.\ud83d\udd12 Cloud Protection: All traffic from Puffin app to Puffin server are encrypted, a protection from nearby hackers. It\u2019s safe to use public non-secure WiFi through Puffin, but not safe at all for most browsers. \ud83c\udfa5 The Latest Flash: We keep improving our cloud servers, and provide the latest version of the Flash player over the cloud.\ud83d\udcb0 Save your bandwidth: Puffin uses proprietary compression algorithm to transmit web data to your device, and it can save up to 90% of your bandwidth on regular web browsing. (Please be noted that streaming Flash content or videos requires more bandwidth than the normal usage.)Features:\u2606 Incredible page load and rendering speed \u2606 Adobe Flash support (also works on Android 4.4+)\u2606 Download to cloud (up to 1G per file)\u2606 Theater mode for Flash videos and games\u2606 Virtual trackpad and gamepad\u2606 Color theme for toolbar and sidebar \u2606 Fastest JavaScript engine\u2606 Full web experience (desktop and mobile view\uff09\u2606 Incognito tab: Auto-clean your browsing activities in the app\u2606 Ad Blocker==== Limitations ====* The data centers of Puffin Web Browser are in the US and the cloud servers can only access public web sites from US geolocations. * For users outside the US, local contents, especially videos of local interest, may not be accessible from the US due to geo-restrictions in their home countries.* Puffin is blocked in some countries (e.g., China, Saudi Arabia, United Arab Emirates) and by some schools (e.g., in United States).For more information, please check our FAQ: http://www.puffinbrowser.com/faq/",
  "inc": "CloudMosa, Inc.",
  "intalled_count": "100,000",
  "last_update": [
    "July",
    "5",
    " 2018"
  ],
  "name": "Puffin Browser Pro",
  "offered_by": "Google Commerce Ltd",
  "permissions": {
    "Location": [
      "approximate location (network-based)",
      "precise location (GPS and network-based)"
    ],
    "Photos/Media/Files": [
      "read the contents of your USB storage",
      "modify or delete the contents of your USB storage"
    ],
    "Storage": [
      "read the contents of your USB storage",
      "modify or delete the contents of your USB storage"
    ],
    "Camera": [
      "take pictures and videos"
    ],
    "Microphone": [
      "record audio"
    ],
    "Wi-Fi connection information": [
      "view Wi-Fi connections"
    ],
    "Other": [
      "view network connections",
      "full network access",
      "prevent device from sleeping",
      "modify system settings",
      "install shortcuts",
      "Google Play license check"
    ]
  },
  "price": "",
  "rate": [
    [
      "18,211",
      "4.0"
    ],
    [
      "10,731",
      "5"
    ],
    [
      "2,786",
      "4"
    ],
    [
      "1,431",
      "3"
    ],
    [
      "973",
      "2"
    ],
    [
      "2,290",
      "1"
    ]
  ],
  "required_android": "4.1",
  "reviews": [
    {
      "REQ_subtype": "",
      "REQ_type": "",
      "_id": 0,
      "author_id": "not defined",
      "author_name": "Balveer Elwa",
      "helpful": "5",
      "polarity": "",
      "rate": 1,
      "response": "Hi, \nPlease go to our help center to tell us more details. (https://www.puffinbrowser.com/help/feedback.php) \nThank you!",
      "response_date": [
        "July",
        "6",
        " 2018"
      ],
      "review": "Server connecting issues & not work file download at google driver",
      "review_date": [
        "July",
        "5",
        " 2018"
      ]
    },
    {
      "REQ_subtype": "",
      "REQ_type": "",
      "_id": 1,
      "author_id": "not defined",
      "author_name": "Luigi B",
      "helpful": "4",
      "polarity": "",
      "rate": 5,
      "response": "",
      "response_date": "",
      "review": "I like the new adblock feature. Please make it configutable on site basis. \nAnd disable video autoplay.",
      "review_date": [
        "July",
        "9",
        " 2018"
      ]
    },
    {
      "REQ_subtype": "",
      "REQ_type": "",
      "_id": 2,
      "author_id": "not defined",
      "author_name": "Aman Shrivastava",
      "helpful": "12",
      "polarity": "",
      "rate": 3,
      "response": "",
      "response_date": "",
      "review": "UI belongs to 2012 Flash works Direct download to gdrive works Please fix \nthe UI & the invisible ads",
      "review_date": [
        "July",
        "5",
        " 2018"
      ]
    },
    {
      "REQ_subtype": "",
      "REQ_type": "",
      "_id": 3,
      "author_id": "not defined",
      "author_name": "Al Banna Izzis",
      "helpful": "26",
      "polarity": "",
      "rate": 5,
      "response": "Hi, \nPlease go to our help center to tell us more details. (https://www.puffinbrowser.com/help/feedback.php) \nThank you!",
      "response_date": [
        "July",
        "6",
        " 2018"
      ],
      "review": "Performance is too slow.",
      "review_date": [
        "July",
        "5",
        " 2018"
      ]
    },
    {
      "REQ_subtype": "",
      "REQ_type": "",
      "_id": 4,
      "author_id": "not defined",
      "author_name": "John Wilson",
      "helpful": "0",
      "polarity": "",
      "rate": 5,
      "response": "Thank you for using Puffin Browser!",
      "response_date": [
        "May",
        "4",
        " 2018"
      ],
      "review": "Brilliant fast browser fast and secure would also like have a off line mode",
      "review_date": [
        "July",
        "5",
        " 2018"
      ]
    },
    {
      "REQ_subtype": "",
      "REQ_type": "",
      "_id": 5,
      "author_id": "not defined",
      "author_name": "Jason Anderson",
      "helpful": "3",
      "polarity": "",
      "rate": 4,
      "response": "",
      "response_date": "",
      "review": "It's getting better now that ad blocking is built in. I stopped using it \nbefore because it didn't work with adguard. The only option I'm missing now \nis something like full screen or at least make the address bar disappear \nwhile scrolling. Thank you",
      "review_date": [
        "June",
        "24",
        " 2018"
      ]
    },
    {
      "REQ_subtype": "",
      "REQ_type": "",
      "_id": 6,
      "author_id": "not defined",
      "author_name": "Mesen Carlos",
      "helpful": "5",
      "polarity": "",
      "rate": 2,
      "response": "",
      "response_date": "",
      "review": "It will not connect at all when the signal is a bit weak. Other browsers \nwill take longer to render the website, but they will do in the end; under \nthe same conditions this browser will always fail to connect. It is fast \nonly when you are connected to Wi-Fi operating on broadband.",
      "review_date": [
        "June",
        "24",
        " 2018"
      ]
    },
    {
      "REQ_subtype": "",
      "REQ_type": "",
      "_id": 7,
      "author_id": "not defined",
      "author_name": "Linus Maxwell-Gould",
      "helpful": "8",
      "polarity": "",
      "rate": 3,
      "response": "",
      "response_date": "",
      "review": "A decent browser, with a decent UI. The off device flash rendering is \ndecent, but the controls are clunky. Only 4 buttons can be remapped, and \nround trip delay makes the input lag up to 0.2 seconds. The connection can \ndrop occasionally, leading to about 1s of missed or repeated inputs. Also, \nthe browser doesn't sync aptx Bluetooth audio at all",
      "review_date": [
        "June",
        "16",
        " 2018"
      ]
    },
    {
      "REQ_subtype": "",
      "REQ_type": "",
      "_id": 8,
      "author_id": "not defined",
      "author_name": "Muhammad Aiman",
      "helpful": "13",
      "polarity": "",
      "rate": 5,
      "response": "Hi, thank you for the support. Please tell us more details about the touch event via Feedback system (https://www.puffinbrowser.com/help/feedback.php). We need URL, specific steps, and a video recording this issue to look into it. Thank you!",
      "response_date": [
        "June",
        "14",
        " 2018"
      ],
      "review": "Most browser that i was use this the most faster and stable than other \nbrowser,it keep getting better with new update and i have some issues in \ntheatre mode when i want to set my sound using gesture in theatre mode its \nto sensitive and i think developer must reduce the sensitivity when we \ntouch it .",
      "review_date": [
        "June",
        "13",
        " 2018"
      ]
    },
    {
      "REQ_subtype": "",
      "REQ_type": "",
      "_id": 9,
      "author_id": "not defined",
      "author_name": "Betty Anne Shores",
      "helpful": "0",
      "polarity": "",
      "rate": 4,
      "response": "",
      "response_date": "",
      "review": "Way faster than Chrome, Firefox, or Opera, but some sites it can't even \nbring up for some reason. Have used Chrome for the past seven years and \nmost of that time this has also been on my tablet. I was only using it to \ndisplay Flash sites, but there have been fewer and fewer of those, so have \nbeen using it less and less lately. One exception has been pages that have \na long endless list of something that Chrome gets impatient about and says \nit's not responding. This will load those. Lately the sheer speed of this \napp has made me select it as default except for things like banking. Will \nbe using it more.",
      "review_date": [
        "July",
        "5",
        " 2018"
      ]
    },
    {
      "REQ_subtype": "",
      "REQ_type": "",
      "_id": 10,
      "author_id": "not defined",
      "author_name": "A Google user",
      "helpful": "3",
      "polarity": "",
      "rate": 2,
      "response": "",
      "response_date": "",
      "review": "I purchased this app thinking this is the best browser. But when I have \ndouble tap everything to navigate, makes it very irritating. I hope they \nfix this. Until they fix this I can't use it.",
      "review_date": [
        "June",
        "23",
        " 2018"
      ]
    },
    {
      "REQ_subtype": "",
      "REQ_type": "",
      "_id": 11,
      "author_id": "not defined",
      "author_name": "THOR",
      "helpful": "0",
      "polarity": "",
      "rate": 4,
      "response": "",
      "response_date": "",
      "review": "Realy fast and cool. YouTube performance excellent. And, I wish you can \nmake these features and fixing; 1 - Directly block webpage 2 - Easy \nenable/disable incognito 3 - Google image/gif surfing performance should be \nbetter 4 - Sliding images in newspaper webpages a little bit slow",
      "review_date": [
        "June",
        "30",
        " 2018"
      ]
    },
    {
      "REQ_subtype": "",
      "REQ_type": "",
      "_id": 12,
      "author_id": "not defined",
      "author_name": "Domingo Lopez",
      "helpful": "0",
      "polarity": "",
      "rate": 5,
      "response": "Hi,\nWe are glad to hear that.\nThanks for using Puffin.",
      "response_date": [
        "October",
        "25",
        " 2017"
      ],
      "review": "Would highly recommend getting this app. Makes browsing the web MUCH \neasier. Especially for sites that work on desktop, but are finicky on \nmobile.",
      "review_date": [
        "June",
        "26",
        " 2018"
      ]
    },
    {
      "REQ_subtype": "",
      "REQ_type": "",
      "_id": 13,
      "author_id": "not defined",
      "author_name": "QUADXTECH",
      "helpful": "5",
      "polarity": "",
      "rate": 1,
      "response": "",
      "response_date": "",
      "review": "Speed Is Not Everything. Your Browser Gives Worst Browsing Experience. \nDon't Waste Your Money On This App.",
      "review_date": [
        "July",
        "2",
        " 2018"
      ]
    },
    {
      "REQ_subtype": "",
      "REQ_type": "",
      "_id": 14,
      "author_id": "not defined",
      "author_name": "Anthony Carey",
      "helpful": "1",
      "polarity": "",
      "rate": 5,
      "response": "",
      "response_date": "",
      "review": "Have tried many browsers ended up uninstalling , Nothing comes close to \nPuffin, By Far the best, was disappointed when changes were made before but \nthankyou for listening and restoring previous options, ok only one problem \nis I can no longer copy a whole paragraph or sentence just one word from \nit. Still way ahead of ANY other browser.",
      "review_date": [
        "June",
        "29",
        " 2018"
      ]
    },
    {
      "REQ_subtype": "",
      "REQ_type": "",
      "_id": 15,
      "author_id": "not defined",
      "author_name": "Juan Torres",
      "helpful": "0",
      "polarity": "",
      "rate": 3,
      "response": "",
      "response_date": "",
      "review": "Newest update worser than the previous update , it's slower , unresponsive \n, and really ugly UI . Needs alot of detail and work . Also when viewing \nvideo the quality looks degrading and slow , what happened ? Also what \nhappened to the quick shortcut page with the nice wallpapers , this was one \nof the main reasons for using puffin .",
      "review_date": [
        "June",
        "16",
        " 2018"
      ]
    },
    {
      "REQ_subtype": "",
      "REQ_type": "",
      "_id": 16,
      "author_id": "not defined",
      "author_name": "One N onE",
      "helpful": "3",
      "polarity": "",
      "rate": 5,
      "response": "",
      "response_date": "",
      "review": "So fast! and this browser can download files to my google drive. The best \nfeatured browser.",
      "review_date": [
        "June",
        "15",
        " 2018"
      ]
    },
    {
      "REQ_subtype": "",
      "REQ_type": "",
      "_id": 17,
      "author_id": "not defined",
      "author_name": "Pablo Carrasco",
      "helpful": "1",
      "polarity": "",
      "rate": 3,
      "response": "",
      "response_date": "",
      "review": "Did not meet my expectations.",
      "review_date": [
        "June",
        "27",
        " 2018"
      ]
    },
    {
      "REQ_subtype": "",
      "REQ_type": "",
      "_id": 18,
      "author_id": "not defined",
      "author_name": "Syed Shaheryar Rehman",
      "helpful": "0",
      "polarity": "",
      "rate": 5,
      "response": "",
      "response_date": "",
      "review": "Great browser, has a ton of additional functionality. Please keep this app \nsupported.",
      "review_date": [
        "June",
        "18",
        " 2018"
      ]
    },
    {
      "REQ_subtype": "",
      "REQ_type": "",
      "_id": 19,
      "author_id": "not defined",
      "author_name": "A Google user",
      "helpful": "0",
      "polarity": "",
      "rate": 5,
      "response": "",
      "response_date": "",
      "review": "thanks for adblock feature \ud83d\udc4d",
      "review_date": [
        "June",
        "30",
        " 2018"
      ]
    },
    {
      "REQ_subtype": "",
      "REQ_type": "",
      "_id": 20,
      "author_id": "not defined",
      "author_name": "D. R. Prawedha",
      "helpful": "0",
      "polarity": "",
      "rate": 4,
      "response": "",
      "response_date": "",
      "review": "Please add switch on menu to enable disable adblock",
      "review_date": [
        "June",
        "14",
        " 2018"
      ]
    },
    {
      "REQ_subtype": "",
      "REQ_type": "",
      "_id": 21,
      "author_id": "not defined",
      "author_name": "Giovanni Merino",
      "helpful": "0",
      "polarity": "",
      "rate": 5,
      "response": "",
      "response_date": "",
      "review": "You're right. This is wicked fast. Worth every penny.",
      "review_date": [
        "June",
        "13",
        " 2018"
      ]
    },
    {
      "REQ_subtype": "",
      "REQ_type": "",
      "_id": 22,
      "author_id": "not defined",
      "author_name": "Rajesh Doegar",
      "helpful": "0",
      "polarity": "",
      "rate": 5,
      "response": "",
      "response_date": "",
      "review": "Keep up the good work",
      "review_date": [
        "July",
        "5",
        " 2018"
      ]
    },
    {
      "REQ_subtype": "",
      "REQ_type": "",
      "_id": 23,
      "author_id": "not defined",
      "author_name": "A Google user",
      "helpful": "0",
      "polarity": "",
      "rate": 5,
      "response": "",
      "response_date": "",
      "review": "Faster browser",
      "review_date": [
        "June",
        "26",
        " 2018"
      ]
    },
    {
      "REQ_subtype": "",
      "REQ_type": "",
      "_id": 24,
      "author_id": "not defined",
      "author_name": "PJ Blank",
      "helpful": "0",
      "polarity": "",
      "rate": 5,
      "response": "",
      "response_date": "",
      "review": "This app just keeps getting better. Flash will be around awhile, so thank \nheaven for Puffin. It ain't perfect but A++ for effort. I like that if you \nwant, you can set Puffin to deliver the desktop site by default. Keep up \nthe good work!",
      "review_date": [
        "June",
        "2",
        " 2018"
      ]
    },
    {
      "REQ_subtype": "",
      "REQ_type": "",
      "_id": 25,
      "author_id": "not defined",
      "author_name": "Ethan Kirby",
      "helpful": "0",
      "polarity": "",
      "rate": 3,
      "response": "Hi, \nthank you for the feedback. \nWe've tried some flash games like \"Empire\" on Goodgamestudios, \"FarmVille2\" on Facebook, \"pigg\" on Ameba but the progress can be saved without problems. Could you provide us the URL of the flash games you played? \nThank you.",
      "response_date": [
        "May",
        "29",
        " 2018"
      ],
      "review": "Its a good browser' and quite fast.Not only thst but it plays all mediums \nof flash. My only problem with it is that it never saves progress in ANY \nflash games nor keep the save files. Most likely a problem with the cookies \nfor websites. Would rate 5 if solved.",
      "review_date": [
        "May",
        "29",
        " 2018"
      ]
    },
    {
      "REQ_subtype": "",
      "REQ_type": "",
      "_id": 26,
      "author_id": "not defined",
      "author_name": "B",
      "helpful": "0",
      "polarity": "",
      "rate": 5,
      "response": "",
      "response_date": "",
      "review": "Great app. This app has everything I wanted in an app. However, there are a \nfew minor issues. The font size is very small and I am unable to force zoom \npages. Some ads still appear, so an Adblocker would be a major help. Last, \n1080p HD, setting for videos, please. My real concern is font size and \nforce zoom, otherwise, I could not ask for a more perfect app. Thank you. \nStill the best browser. One issue. Please, add PAGE TRANSLATER. Then I \nwould not have any use for any other browser. Oh. Include, pinch zoom, as \nforce zoom does not work. Thank you for the hard work.",
      "review_date": [
        "June",
        "3",
        " 2018"
      ]
    },
    {
      "REQ_subtype": "",
      "REQ_type": "",
      "_id": 27,
      "author_id": "not defined",
      "author_name": "Kevin Jacobsen",
      "helpful": "0",
      "polarity": "",
      "rate": 2,
      "response": "We are now working on customize speed dial function. If there's any specific suggestions about bookmarks and speed dial, please let us know.\n\nWebsites can be very different from each other, please provide the URL of the websites which fail to fully work on Puffin so we can check the problem.\n\nIf Puffin shutdown, please send logs to us. Thank you.",
      "response_date": [
        "November",
        "13",
        " 2017"
      ],
      "review": "Used to be my goto browser for many years, for speed and secondarily for \nFlash support, but I have become exasperated with its design quirks and \ndirection, and downright weird performance that crops up all too often. If \nI really need speed it will always be there, but hard to beat the solid \nperformance of Chrome, and even many others that outshine. Hoping it will \nmature over time, but for now it just drives me too nuts!",
      "review_date": [
        "June",
        "2",
        " 2018"
      ]
    },
    {
      "REQ_subtype": "",
      "REQ_type": "",
      "_id": 28,
      "author_id": "not defined",
      "author_name": "Jeorey Downey",
      "helpful": "0",
      "polarity": "",
      "rate": 4,
      "response": "",
      "response_date": "",
      "review": "You guys still need to block websites from opening a new tab or maybe allow \nusers to have some kind of script blocker and allower. (like noscript or \nublock) Secondly, allowing users to use a VPN over your compressed signal \nwould be a great addition to puffin as users could watch movies from hulu \nor what ever, given that their vpn is not blocked. Aside from that, I am \nfairly happy with puffin.",
      "review_date": [
        "June",
        "3",
        " 2018"
      ]
    },
    {
      "REQ_subtype": "",
      "REQ_type": "",
      "_id": 29,
      "author_id": "not defined",
      "author_name": "Om Tiwari",
      "helpful": "2",
      "polarity": "",
      "rate": 1,
      "response": "",
      "response_date": "",
      "review": "Even after paying for pro, it frequently redirects me to install UC \nbrowser. If I wanted ads and a Chinese browser why would I pay for pro?",
      "review_date": [
        "June",
        "11",
        " 2018"
      ]
    },
    {
      "REQ_subtype": "",
      "REQ_type": "",
      "_id": 30,
      "author_id": "not defined",
      "author_name": "A Google user",
      "helpful": "0",
      "polarity": "",
      "rate": 5,
      "response": "",
      "response_date": "",
      "review": "Only one problem. If i unsuccessfully download item. Pop-up still preview \nat my notification panel. Even i clear or exit the apps",
      "review_date": [
        "June",
        "10",
        " 2018"
      ]
    },
    {
      "REQ_subtype": "",
      "REQ_type": "",
      "_id": 31,
      "author_id": "not defined",
      "author_name": "A Google user",
      "helpful": "0",
      "polarity": "",
      "rate": 1,
      "response": "",
      "response_date": "",
      "review": "tres mauvais programme!! Stupid programmer mimosa. Shut down quite a lot. \nDONT BUY!!!!!!!!!!!!",
      "review_date": [
        "June",
        "9",
        " 2018"
      ]
    },
    {
      "REQ_subtype": "",
      "REQ_type": "",
      "_id": 32,
      "author_id": "not defined",
      "author_name": "Cale Reszka",
      "helpful": "0",
      "polarity": "",
      "rate": 5,
      "response": "",
      "response_date": "",
      "review": "Excellent, but I wish there was a way to access about://flags like in other \nbrowsers.",
      "review_date": [
        "June",
        "7",
        " 2018"
      ]
    },
    {
      "REQ_subtype": "",
      "REQ_type": "",
      "_id": 33,
      "author_id": "not defined",
      "author_name": "Tausif Ahmed",
      "helpful": "0",
      "polarity": "",
      "rate": 4,
      "response": "",
      "response_date": "",
      "review": "It's a promising web browser that requires continuous development.",
      "review_date": [
        "May",
        "28",
        " 2018"
      ]
    },
    {
      "REQ_subtype": "",
      "REQ_type": "",
      "_id": 34,
      "author_id": "not defined",
      "author_name": "david phan",
      "helpful": "0",
      "polarity": "",
      "rate": 4,
      "response": "",
      "response_date": "",
      "review": "Any night mode? Pls add night mode.",
      "review_date": [
        "June",
        "9",
        " 2018"
      ]
    },
    {
      "REQ_subtype": "",
      "REQ_type": "",
      "_id": 35,
      "author_id": "not defined",
      "author_name": "Roy Fowler",
      "helpful": "0",
      "polarity": "",
      "rate": 5,
      "response": "",
      "response_date": "",
      "review": "Puffin Rox!",
      "review_date": [
        "May",
        "28",
        " 2018"
      ]
    },
    {
      "REQ_subtype": "",
      "REQ_type": "",
      "_id": 36,
      "author_id": "not defined",
      "author_name": "C O",
      "helpful": "0",
      "polarity": "",
      "rate": 4,
      "response": "Puffin does not support AdBlock.",
      "response_date": [
        "February",
        "14",
        " 2017"
      ],
      "review": "It's okay",
      "review_date": [
        "May",
        "29",
        " 2018"
      ]
    },
    {
      "REQ_subtype": "",
      "REQ_type": "",
      "_id": 37,
      "author_id": "not defined",
      "author_name": "Evie H",
      "helpful": "0",
      "polarity": "",
      "rate": 5,
      "response": "Hi, could you tell us the URL and steps? We will check this issue. Thank you!",
      "response_date": [
        "May",
        "4",
        " 2018"
      ],
      "review": "It finally works correctly. Thanks!",
      "review_date": [
        "June",
        "8",
        " 2018"
      ]
    },
    {
      "REQ_subtype": "",
      "REQ_type": "",
      "_id": 38,
      "author_id": "not defined",
      "author_name": "Charlene Smith",
      "helpful": "0",
      "polarity": "",
      "rate": 5,
      "response": "",
      "response_date": "",
      "review": "Fast gaming!",
      "review_date": [
        "June",
        "1",
        " 2018"
      ]
    },
    {
      "REQ_subtype": "",
      "REQ_type": "",
      "_id": 39,
      "author_id": "not defined",
      "author_name": "Amitoj Singh Dhingra",
      "helpful": "0",
      "polarity": "",
      "rate": 5,
      "response": "",
      "response_date": "",
      "review": "Awesome app",
      "review_date": [
        "June",
        "14",
        " 2018"
      ]
    },
    {
      "REQ_subtype": "",
      "REQ_type": "",
      "_id": 40,
      "author_id": "not defined",
      "author_name": "Clifton Turnbull",
      "helpful": "0",
      "polarity": "",
      "rate": 5,
      "response": "",
      "response_date": "",
      "review": "Great browser",
      "review_date": [
        "June",
        "2",
        " 2018"
      ]
    },
    {
      "REQ_subtype": "",
      "REQ_type": "",
      "_id": 41,
      "author_id": "not defined",
      "author_name": "sania aqila",
      "helpful": "0",
      "polarity": "",
      "rate": 4,
      "response": "",
      "response_date": "",
      "review": "Its good",
      "review_date": [
        "June",
        "3",
        " 2018"
      ]
    },
    {
      "REQ_subtype": "",
      "REQ_type": "",
      "_id": 42,
      "author_id": "not defined",
      "author_name": "Daniel Feerick",
      "helpful": "0",
      "polarity": "",
      "rate": 2,
      "response": "",
      "response_date": "",
      "review": "I would not recommend this browser. I expected a lot more from a browser \nthat I had to pay for. It is really really slow to load up any web pages. \nAs I understand all the data is rooted through Puffins own servers which \nare in the USA and Singapore. This is probably the reason for the lack of \nspeed. I live in the UK, so the data goes over to the USA and then back. So \nI repeat I would not recommend anybody from the UK or Europe purchase this \nbrowser, stick to the free ones until Puffin get some European servers.",
      "review_date": [
        "May",
        "23",
        " 2018"
      ]
    },
    {
      "REQ_subtype": "",
      "REQ_type": "",
      "_id": 43,
      "author_id": "not defined",
      "author_name": "mark deguzman",
      "helpful": "0",
      "polarity": "",
      "rate": 2,
      "response": "",
      "response_date": "",
      "review": "Overall, the browser is buggy. On many sites, like craigslist and ebay, the \nkeyboard won't load when I try to search for a new item. Never had this \nissue with other browsers. There are other sites that just time out and \nnever load. Pretty annoying, especially for a paid version. Speed and \nprivacy are worthless if the site doesn't load.",
      "review_date": [
        "May",
        "20",
        " 2018"
      ]
    },
    {
      "REQ_subtype": "",
      "REQ_type": "",
      "_id": 44,
      "author_id": "not defined",
      "author_name": "A Google user",
      "helpful": "0",
      "polarity": "",
      "rate": 1,
      "response": "",
      "response_date": "",
      "review": "It at most times is unusable. Puffin, claims wicked fast but really wicked \nslow. Always was problematic browser but now it's a zero star rating. \nVirtually no website loads. It's horrible on all my devices. Chrome works \nperfect so it's not the devices",
      "review_date": [
        "May",
        "27",
        " 2018"
      ]
    },
    {
      "REQ_subtype": "",
      "REQ_type": "",
      "_id": 45,
      "author_id": "not defined",
      "author_name": "James Highlander",
      "helpful": "0",
      "polarity": "",
      "rate": 5,
      "response": "",
      "response_date": "",
      "review": "Very fast and saves data. However, some sites don't load correctly or \ntimeout from excessive resource use. This is caused by bad scripts being \nallowed to run because the browser couldn't identify it. Maybe trying to be \nso fast it just doesn't care if some sites work correctly.",
      "review_date": [
        "May",
        "17",
        " 2018"
      ]
    },
    {
      "REQ_subtype": "",
      "REQ_type": "",
      "_id": 46,
      "author_id": "not defined",
      "author_name": "harry",
      "helpful": "0",
      "polarity": "",
      "rate": 4,
      "response": "",
      "response_date": "",
      "review": "This browser is well designed but annoying thing but this app is that.. \nthere are multiple times when i entered an entry in the search bar and hit \nsearch and its blank and i had to use a differrnt browser for that. \nDefinitely not a network issue on my side",
      "review_date": [
        "May",
        "24",
        " 2018"
      ]
    },
    {
      "REQ_subtype": "",
      "REQ_type": "",
      "_id": 47,
      "author_id": "not defined",
      "author_name": "Grayson Swanner",
      "helpful": "0",
      "polarity": "",
      "rate": 1,
      "response": "",
      "response_date": "",
      "review": "The free version worked wonderfully. I loved it and would recommend it to \nanyone so I figured if the free one is this great the paid version must be \neven better. Was I ever wrong. Its a complete waste of time and money. Half \nthe time it dosent work and the other half itll work for a little bit than \ncrash. I was curious to try the desktop version next but after being ripped \nof by buying this joke I wont even bother.",
      "review_date": [
        "May",
        "5",
        " 2018"
      ]
    },
    {
      "REQ_subtype": "",
      "REQ_type": "",
      "_id": 48,
      "author_id": "not defined",
      "author_name": "Balu Vasan",
      "helpful": "6",
      "polarity": "",
      "rate": 3,
      "response": "Hi,\nIt is Puffin's design to clear speed dial item after clearing browsing data.\nAnd we are now developing customize speed dial function.\nBefore the function is released, speed dial items are generated by your most visited sites, which means you can add websites back to speed dial by going to a same site many times.\nThanks for all suggestions!",
      "response_date": [
        "May",
        "18",
        " 2018"
      ],
      "review": "A very fast browser. But you need to fix the speed dial window. I cleared \nall history and now nothing comes on the speed dial. Please put and option \nto manually add sites to speed dial. And clicking on links is bit slow to \nreact for puffin.",
      "review_date": [
        "May",
        "11",
        " 2018"
      ]
    },
    {
      "REQ_subtype": "",
      "REQ_type": "",
      "_id": 49,
      "author_id": "not defined",
      "author_name": "Clay Jardine",
      "helpful": "0",
      "polarity": "",
      "rate": 3,
      "response": "Hi,\nCould you please provide the URLs of those websites with problem so we can check it as soon as possible?\nThanks!",
      "response_date": [
        "May",
        "18",
        " 2018"
      ],
      "review": "The app worked great up until the newest update. Now, whenever I try to \nview a video it stutters and makes the app crash. I have also noticed some \nwebsites not loading correctly while Chrome loads them up just fine. This \nwas my default browser up until these recent issues. Hopefully, they are \nfixed soon.",
      "review_date": [
        "May",
        "15",
        " 2018"
      ]
    },
    {
      "REQ_subtype": "",
      "REQ_type": "",
      "_id": 50,
      "author_id": "not defined",
      "author_name": "steve vaught",
      "helpful": "0",
      "polarity": "",
      "rate": 2,
      "response": "Hi,\nCould you please provide more details to us? \nSuch as clear steps, some screenshots or a video recording the problem.\nThank you.",
      "response_date": [
        "May",
        "18",
        " 2018"
      ],
      "review": "worked fine till an hour ago. now problem loading facebook. Facebook loads \nfine in chrome but come has no flash player. other websites load fine in \npuffin pro. just facebook. sent message to developers",
      "review_date": [
        "May",
        "7",
        " 2018"
      ]
    },
    {
      "REQ_subtype": "",
      "REQ_type": "",
      "_id": 51,
      "author_id": "not defined",
      "author_name": "Rachael M Ryhn",
      "helpful": "2",
      "polarity": "",
      "rate": 5,
      "response": "",
      "response_date": "",
      "review": "This is hands down, the best browser that exists for Android. It's \nlightening fast page loading speeds leaves all other browsers in the dust. \nIt even works with flash! Wish I would have found it sooner.",
      "review_date": [
        "May",
        "18",
        " 2018"
      ]
    },
    {
      "REQ_subtype": "",
      "REQ_type": "",
      "_id": 52,
      "author_id": "not defined",
      "author_name": "Steven Anon",
      "helpful": "0",
      "polarity": "",
      "rate": 5,
      "response": "",
      "response_date": "",
      "review": "Adblock has been added. No reason to use any other browser. By far the \nfastest browser available on my phone. I'm rooted and use adaway, but this \nbrowser uses it's own servers to render content so it won't work here. Even \nwith the ads being displayed it out performs anything else I have. Fast \nrendering, fast navigation, actually useful tools. Put an ad blocker \n(looking at you Puffin devs, already sending request to your server so it's \npossible) in this and you have an unbelievable browser. FYI for security \nconscious users, this browser does use it's own servers and therefore they \nsee everything. Think VPN mechanics. For bullsh#$ browsing, it's \nincredible, don't do your banking or anything else you'd not want anyone \nelse to see on it. And Dev team, lose the double tap to exit, and give an \noption to close open tabs when exiting. I use a Reddit app and have links \nopen to external browser, but it is a pain to have to confirm exiting the \nbrowser every time and having 100 pages open because it doesn't close tabs \nwhen exiting.",
      "review_date": [
        "May",
        "12",
        " 2018"
      ]
    },
    {
      "REQ_subtype": "",
      "REQ_type": "",
      "_id": 53,
      "author_id": "not defined",
      "author_name": "Oscar Cabot",
      "helpful": "2",
      "polarity": "",
      "rate": 1,
      "response": "",
      "response_date": "",
      "review": "It used to work well. Now is just way too slow. I switched back to my \nprevious browser.",
      "review_date": [
        "May",
        "23",
        " 2018"
      ]
    },
    {
      "REQ_subtype": "",
      "REQ_type": "",
      "_id": 54,
      "author_id": "not defined",
      "author_name": "philip graulau",
      "helpful": "0",
      "polarity": "",
      "rate": 1,
      "response": "Hi,\nWe cannot reproduce your problem on our devices.\nCould you please provide more details to us? \nSuch as clear steps, some screenshots or a video recording the problem.\nThank you.",
      "response_date": [
        "May",
        "18",
        " 2018"
      ],
      "review": "Puffin is the best but the new update isn't compatible with my android box \nlast was I now have to use arrow keys to navigate which only work half of \nthe time... I really wish they would change it back to the previous update \nwhere it worked just fine",
      "review_date": [
        "May",
        "7",
        " 2018"
      ]
    },
    {
      "REQ_subtype": "",
      "REQ_type": "",
      "_id": 55,
      "author_id": "not defined",
      "author_name": "Trace Green",
      "helpful": "0",
      "polarity": "",
      "rate": 1,
      "response": "This Facebook game keeps redirect (HTTP 302) users to the same link and causes a loop. We have reported the problem to Facebook.",
      "response_date": [
        "May",
        "25",
        " 2017"
      ],
      "review": "This new ad block u incorporated now makes puffin switch to desktop mode \nanytime it wants. Signs you out on exit. When you backspace you end up at \ntop of page rather than where you were like before so you constantly scroll \nscroll down everytime.please fix it",
      "review_date": [
        "May",
        "23",
        " 2018"
      ]
    },
    {
      "REQ_subtype": "",
      "REQ_type": "",
      "_id": 56,
      "author_id": "not defined",
      "author_name": "RAJA KUMAR G",
      "helpful": "0",
      "polarity": "",
      "rate": 5,
      "response": "Thank you for using Puffin Browser!",
      "response_date": [
        "May",
        "4",
        " 2018"
      ],
      "review": "Overall good Desktop browser, Today am very Happy seeing the \"AdBlocker\" \noption and we can't do multitasking, display turn-off while on playing \nonline radio/audio. \"Is there any option to Backup Bookmarks if device lost\"",
      "review_date": [
        "May",
        "3",
        " 2018"
      ]
    },
    {
      "REQ_subtype": "",
      "REQ_type": "",
      "_id": 57,
      "author_id": "not defined",
      "author_name": "Neto Silva",
      "helpful": "1",
      "polarity": "",
      "rate": 3,
      "response": "",
      "response_date": "",
      "review": "It's a good browser to save bandwidth, but it could be much better if have \nan option to disable images and touch in that image you wanna see.",
      "review_date": [
        "May",
        "24",
        " 2018"
      ]
    },
    {
      "REQ_subtype": "",
      "REQ_type": "",
      "_id": 58,
      "author_id": "not defined",
      "author_name": "Terri Eldridge",
      "helpful": "0",
      "polarity": "",
      "rate": 1,
      "response": "Thank you for the suggestions.\nWe will forward them to our designers.",
      "response_date": [
        "November",
        "13",
        " 2017"
      ],
      "review": "Puffin Browser will not loading at all. All I get when I open it is a WHITE \nscreen. I have to force close the app and then revert to using the Samsung \nInternet Browser. Please fix this!!!!!",
      "review_date": [
        "May",
        "25",
        " 2018"
      ]
    },
    {
      "REQ_subtype": "",
      "REQ_type": "",
      "_id": 59,
      "author_id": "not defined",
      "author_name": "Friday Feast",
      "helpful": "2",
      "polarity": "",
      "rate": 2,
      "response": "Hi,\nThanks for your feedback.\nThis issue will be fixed in the next version.",
      "response_date": [
        "May",
        "18",
        " 2018"
      ],
      "review": "What I love with this browser is the cloud download, after update the cloud \ndownload is gone, could you please explain about it?",
      "review_date": [
        "May",
        "15",
        " 2018"
      ]
    },
    {
      "REQ_subtype": "",
      "REQ_type": "",
      "_id": 60,
      "author_id": "not defined",
      "author_name": "Dr. Umer Hayat",
      "helpful": "0",
      "polarity": "",
      "rate": 5,
      "response": "Thank you for using Puffin browser!",
      "response_date": [
        "May",
        "4",
        " 2018"
      ],
      "review": "Reviewing after so long as they have finally added ad block. It is best \nbrowser out there why because it is smooth, super fast and have features \nunmatched.",
      "review_date": [
        "May",
        "4",
        " 2018"
      ]
    },
    {
      "REQ_subtype": "",
      "REQ_type": "",
      "_id": 61,
      "author_id": "not defined",
      "author_name": "Andy Chesley",
      "helpful": "1",
      "polarity": "",
      "rate": 3,
      "response": "",
      "response_date": "",
      "review": "Great when it works, but even in the US the message I most of see is \n\"network is unstable.\"",
      "review_date": [
        "May",
        "27",
        " 2018"
      ]
    },
    {
      "REQ_subtype": "",
      "REQ_type": "",
      "_id": 62,
      "author_id": "not defined",
      "author_name": "Ajeet Singh",
      "helpful": "0",
      "polarity": "",
      "rate": 4,
      "response": "",
      "response_date": "",
      "review": "I have been using this browser since its inception at playstore. Very fast. \nOnly grudge is the page strolling not smooth and drops connections.",
      "review_date": [
        "May",
        "4",
        " 2018"
      ]
    },
    {
      "REQ_subtype": "",
      "REQ_type": "",
      "_id": 63,
      "author_id": "not defined",
      "author_name": "Jordan Eklabya",
      "helpful": "0",
      "polarity": "",
      "rate": 5,
      "response": "",
      "response_date": "",
      "review": "not bad....its a good apps.... but sometimes its works verry slow.... its \ngood and bad apps....",
      "review_date": [
        "May",
        "23",
        " 2018"
      ]
    },
    {
      "REQ_subtype": "",
      "REQ_type": "",
      "_id": 64,
      "author_id": "not defined",
      "author_name": "Ervin Joseph Bautista",
      "helpful": "0",
      "polarity": "",
      "rate": 5,
      "response": "",
      "response_date": "",
      "review": "I like this puffin browser pro but i think this app should be back to theme \nwith any picture.",
      "review_date": [
        "May",
        "15",
        " 2018"
      ]
    },
    {
      "REQ_subtype": "",
      "REQ_type": "",
      "_id": 65,
      "author_id": "not defined",
      "author_name": "M Piper",
      "helpful": "0",
      "polarity": "",
      "rate": 2,
      "response": "",
      "response_date": "",
      "review": "Crashed multiple times streaming videos...",
      "review_date": [
        "May",
        "23",
        " 2018"
      ]
    },
    {
      "REQ_subtype": "",
      "REQ_type": "",
      "_id": 66,
      "author_id": "not defined",
      "author_name": "Erkan Sumnulu",
      "helpful": "0",
      "polarity": "",
      "rate": 1,
      "response": "Hi,\nCould you provide more details about the problem?\n\nSincerely,\nPuffin Browser Team",
      "response_date": [
        "May",
        "17",
        " 2018"
      ],
      "review": "After last upgrade not good",
      "review_date": [
        "May",
        "4",
        " 2018"
      ]
    },
    {
      "REQ_subtype": "",
      "REQ_type": "",
      "_id": 67,
      "author_id": "not defined",
      "author_name": "Vuyisanani Madikane",
      "helpful": "3",
      "polarity": "",
      "rate": 2,
      "response": "",
      "response_date": "",
      "review": "So many crashes lately",
      "review_date": [
        "May",
        "21",
        " 2018"
      ]
    },
    {
      "REQ_subtype": "",
      "REQ_type": "",
      "_id": 68,
      "author_id": "not defined",
      "author_name": "Kay Chapman",
      "helpful": "0",
      "polarity": "",
      "rate": 5,
      "response": "",
      "response_date": "",
      "review": "I love it! It allows me to play games using flash, makes it so much easier \nfor me",
      "review_date": [
        "May",
        "6",
        " 2018"
      ]
    },
    {
      "REQ_subtype": "",
      "REQ_type": "",
      "_id": 69,
      "author_id": "not defined",
      "author_name": "Ayush Shakya",
      "helpful": "0",
      "polarity": "",
      "rate": 5,
      "response": "",
      "response_date": "",
      "review": "The option for downloading with Google drive is missing at the time of \ndownloading please fix",
      "review_date": [
        "May",
        "19",
        " 2018"
      ]
    },
    {
      "REQ_subtype": "",
      "REQ_type": "",
      "_id": 70,
      "author_id": "not defined",
      "author_name": "Kenan Guiang",
      "helpful": "0",
      "polarity": "",
      "rate": 4,
      "response": "Thank you for using Puffin Browser!",
      "response_date": [
        "May",
        "4",
        " 2018"
      ],
      "review": "thank you for granting my request to add adblock feature",
      "review_date": [
        "May",
        "3",
        " 2018"
      ]
    },
    {
      "REQ_subtype": "",
      "REQ_type": "",
      "_id": 71,
      "author_id": "not defined",
      "author_name": "Mohd Azei Mohd Samuri",
      "helpful": "0",
      "polarity": "",
      "rate": 4,
      "response": "",
      "response_date": "",
      "review": "Good apps but still have some lag",
      "review_date": [
        "May",
        "18",
        " 2018"
      ]
    },
    {
      "REQ_subtype": "",
      "REQ_type": "",
      "_id": 72,
      "author_id": "not defined",
      "author_name": "Kevin Miller",
      "helpful": "0",
      "polarity": "",
      "rate": 5,
      "response": "Thank you for using Puffin browser!",
      "response_date": [
        "May",
        "4",
        " 2018"
      ],
      "review": "Puffin Pro user for about 6 years.",
      "review_date": [
        "May",
        "4",
        " 2018"
      ]
    },
    {
      "REQ_subtype": "",
      "REQ_type": "",
      "_id": 73,
      "author_id": "not defined",
      "author_name": "Mike Barton",
      "helpful": "0",
      "polarity": "",
      "rate": 5,
      "response": "Thank you for using Puffin Browser!",
      "response_date": [
        "May",
        "4",
        " 2018"
      ],
      "review": "I really liked this app and the new adblocker feature makes it a must have.",
      "review_date": [
        "May",
        "3",
        " 2018"
      ]
    },
    {
      "REQ_subtype": "",
      "REQ_type": "",
      "_id": 74,
      "author_id": "not defined",
      "author_name": "Jude Idebaneria",
      "helpful": "0",
      "polarity": "",
      "rate": 5,
      "response": "Thank you for using Puffin Browser!",
      "response_date": [
        "May",
        "4",
        " 2018"
      ],
      "review": "The best browser overall.. Advise anybody for the pro version.",
      "review_date": [
        "May",
        "3",
        " 2018"
      ]
    },
    {
      "REQ_subtype": "",
      "REQ_type": "",
      "_id": 75,
      "author_id": "not defined",
      "author_name": "George Richards",
      "helpful": "0",
      "polarity": "",
      "rate": 5,
      "response": "",
      "response_date": "",
      "review": "Flash support is excellent, as well as fast browsing.",
      "review_date": [
        "May",
        "15",
        " 2018"
      ]
    },
    {
      "REQ_subtype": "",
      "REQ_type": "",
      "_id": 76,
      "author_id": "not defined",
      "author_name": "Ian Freeman",
      "helpful": "0",
      "polarity": "",
      "rate": 5,
      "response": "Thank you for using Puffin Browser!",
      "response_date": [
        "May",
        "4",
        " 2018"
      ],
      "review": "Fast and now has an add blocker \ud83d\ude38",
      "review_date": [
        "May",
        "3",
        " 2018"
      ]
    },
    {
      "REQ_subtype": "",
      "REQ_type": "",
      "_id": 77,
      "author_id": "not defined",
      "author_name": "Binh Nguyen",
      "helpful": "0",
      "polarity": "",
      "rate": 5,
      "response": "",
      "response_date": "",
      "review": "Fast. Adblock. I am so happy",
      "review_date": [
        "May",
        "6",
        " 2018"
      ]
    },
    {
      "REQ_subtype": "",
      "REQ_type": "",
      "_id": 78,
      "author_id": "not defined",
      "author_name": "\u97e9\u4e7e",
      "helpful": "0",
      "polarity": "",
      "rate": 5,
      "response": "Hi,\n\nPlease follow the steps to enable Adblock:\nhttps://www.puffinbrowser.com/mobile/adblock/\n\nThank you for using Puffin Browser!\n\nSincerely,\nPuffin Browser Team",
      "response_date": [
        "May",
        "4",
        " 2018"
      ],
      "review": "where is adblock?",
      "review_date": [
        "May",
        "5",
        " 2018"
      ]
    },
    {
      "REQ_subtype": "",
      "REQ_type": "",
      "_id": 79,
      "author_id": "not defined",
      "author_name": "kondepudi satish",
      "helpful": "0",
      "polarity": "",
      "rate": 5,
      "response": "Thank you for using Puffin Browser!",
      "response_date": [
        "May",
        "4",
        " 2018"
      ],
      "review": "Excellent app I luv it",
      "review_date": [
        "May",
        "3",
        " 2018"
      ]
    },
    {
      "REQ_subtype": "",
      "REQ_type": "",
      "_id": 80,
      "author_id": "not defined",
      "author_name": "Josh Peck",
      "helpful": "0",
      "polarity": "",
      "rate": 5,
      "response": "Thank you for using Puffin browser!",
      "response_date": [
        "May",
        "4",
        " 2018"
      ],
      "review": "Now with adblock!!!! Now it's awesome!!!",
      "review_date": [
        "May",
        "4",
        " 2018"
      ]
    },
    {
      "REQ_subtype": "",
      "REQ_type": "",
      "_id": 81,
      "author_id": "not defined",
      "author_name": "A Google user",
      "helpful": "0",
      "polarity": "",
      "rate": 4,
      "response": "",
      "response_date": "",
      "review": "Nice job",
      "review_date": [
        "May",
        "5",
        " 2018"
      ]
    },
    {
      "REQ_subtype": "",
      "REQ_type": "",
      "_id": 82,
      "author_id": "not defined",
      "author_name": "Camilla Ke",
      "helpful": "0",
      "polarity": "",
      "rate": 5,
      "response": "",
      "response_date": "",
      "review": "Adblocker is amazing",
      "review_date": [
        "May",
        "4",
        " 2018"
      ]
    },
    {
      "REQ_subtype": "",
      "REQ_type": "",
      "_id": 83,
      "author_id": "not defined",
      "author_name": "guy deborde",
      "helpful": "0",
      "polarity": "",
      "rate": 4,
      "response": "",
      "response_date": "",
      "review": "This Browser is amazing,..had it ad block it'd have received a glowing 5 stars. We need adblock done in house @ puffin..I know it's virtualization may complicate this process but it's of course possible for the team that brought us these 4 stars .   P.s this is the ONLY browser to use @ wifi hotspots like fast food joints ( encryption)",
      "review_date": [
        "April",
        "10",
        " 2018"
      ]
    },
    {
      "REQ_subtype": "",
      "REQ_type": "",
      "_id": 84,
      "author_id": "not defined",
      "author_name": "Warwick Silver",
      "helpful": "0",
      "polarity": "",
      "rate": 2,
      "response": "",
      "response_date": "",
      "review": "Each new version thats fixs something  or makes something a little better, but almost always also  brings a new problem or two! Newest version is still rubbish",
      "review_date": [
        "April",
        "15",
        " 2018"
      ]
    },
    {
      "REQ_subtype": "",
      "REQ_type": "",
      "_id": 85,
      "author_id": "not defined",
      "author_name": "Tina Silva",
      "helpful": "0",
      "polarity": "",
      "rate": 1,
      "response": "",
      "response_date": "",
      "review": "After updating it won't open apps, etc\" Facebook, Facebook games Apps are \nopening but still very slow and freezing up my tablet! New update was a \ndisaster",
      "review_date": [
        "April",
        "25",
        " 2018"
      ]
    },
    {
      "REQ_subtype": "",
      "REQ_type": "",
      "_id": 86,
      "author_id": "not defined",
      "author_name": "Sarah Dusinberre",
      "helpful": "0",
      "polarity": "",
      "rate": 2,
      "response": "",
      "response_date": "",
      "review": "Since the last update it MURDERS my battery! Unless you fix this I'll have \nto Uninstall it. Like 50% drained in about 6 hours! Nothing else has \nchanged and my battery settings show me that puffin is using insane amounts \nof battery. PLEASE FIX!",
      "review_date": [
        "April",
        "16",
        " 2018"
      ]
    },
    {
      "REQ_subtype": "",
      "REQ_type": "",
      "_id": 87,
      "author_id": "not defined",
      "author_name": "Aiden Brough",
      "helpful": "0",
      "polarity": "",
      "rate": 2,
      "response": "",
      "response_date": "",
      "review": "Was 5* but since the update it's turned into a battery killer! Not good!",
      "review_date": [
        "April",
        "18",
        " 2018"
      ]
    },
    {
      "REQ_subtype": "",
      "REQ_type": "",
      "_id": 88,
      "author_id": "not defined",
      "author_name": "A Google user",
      "helpful": "0",
      "polarity": "",
      "rate": 4,
      "response": "Hi,\nThank you for the feedback.\nWe had released version 7.1.1 to  fix the problem, please update Puffin and let us know if it works.\nThank you.",
      "response_date": [
        "March",
        "14",
        " 2018"
      ],
      "review": "Bookmarks should be there instantly and not take such a long time to load, \nand it should only take one tap to access the bookmarks, like it used to be \nin the older versions, please please change that!",
      "review_date": [
        "April",
        "17",
        " 2018"
      ]
    },
    {
      "REQ_subtype": "",
      "REQ_type": "",
      "_id": 89,
      "author_id": "not defined",
      "author_name": "Ali Zulfikar",
      "helpful": "0",
      "polarity": "",
      "rate": 1,
      "response": "",
      "response_date": "",
      "review": "super lag browser i will never recomend my friends to buy this",
      "review_date": [
        "April",
        "9",
        " 2018"
      ]
    },
    {
      "REQ_subtype": "",
      "REQ_type": "",
      "_id": 90,
      "author_id": "not defined",
      "author_name": "Rosario Cracchiolo",
      "helpful": "0",
      "polarity": "",
      "rate": 5,
      "response": "",
      "response_date": "",
      "review": "i can't have a phone without Puffin browser. it's in the top 3 browsers for Android and iPhone. can't wait to try the Windows version. thank you Puffin developers!",
      "review_date": [
        "April",
        "9",
        " 2018"
      ]
    },
    {
      "REQ_subtype": "",
      "REQ_type": "",
      "_id": 91,
      "author_id": "not defined",
      "author_name": "A Google user",
      "helpful": "0",
      "polarity": "",
      "rate": 2,
      "response": "",
      "response_date": "",
      "review": "After the last update draining all my battery.",
      "review_date": [
        "May",
        "2",
        " 2018"
      ]
    },
    {
      "REQ_subtype": "",
      "REQ_type": "",
      "_id": 92,
      "author_id": "not defined",
      "author_name": "Spitt Swallow",
      "helpful": "0",
      "polarity": "",
      "rate": 5,
      "response": "",
      "response_date": "",
      "review": "Needs ability to import passwords and atavi bookmarks.But its the only app which supports flash videos and games. Includes game controller and theater mode.",
      "review_date": [
        "April",
        "27",
        " 2018"
      ]
    },
    {
      "REQ_subtype": "",
      "REQ_type": "",
      "_id": 93,
      "author_id": "not defined",
      "author_name": "Chris Bolton",
      "helpful": "0",
      "polarity": "",
      "rate": 4,
      "response": "",
      "response_date": "",
      "review": "Good buy  as it has a built in VPN. Also easy to use, I wish it incorporated Android Material Design",
      "review_date": [
        "May",
        "3",
        " 2018"
      ]
    },
    {
      "REQ_subtype": "",
      "REQ_type": "",
      "_id": 94,
      "author_id": "not defined",
      "author_name": "\u0645\u062f\u0648\u0646\u0629 \u0645\u062d\u0645\u0648\u062f \u0627\u0644\u062a\u0642\u0646\u064a\u0647",
      "helpful": "0",
      "polarity": "",
      "rate": 3,
      "response": "Hi,\nWe might need some details to help you.\n1. Does the problem begins to happen after the update?\n2. Your country.\n3. Your connection. (Wifi/3G, 4G)\n4. Your internet service provider.\nThank you.",
      "response_date": [
        "April",
        "9",
        " 2018"
      ],
      "review": "Its keep saying unable to access the network its was fine",
      "review_date": [
        "April",
        "8",
        " 2018"
      ]
    },
    {
      "REQ_subtype": "",
      "REQ_type": "",
      "_id": 95,
      "author_id": "not defined",
      "author_name": "A Google user",
      "helpful": "0",
      "polarity": "",
      "rate": 3,
      "response": "",
      "response_date": "",
      "review": "Xtremely fast but no adblocker available. Cannot remove all links from \nspeed dial.",
      "review_date": [
        "April",
        "22",
        " 2018"
      ]
    },
    {
      "REQ_subtype": "",
      "REQ_type": "",
      "_id": 96,
      "author_id": "not defined",
      "author_name": "TRUE SPEAKER 2",
      "helpful": "0",
      "polarity": "",
      "rate": 3,
      "response": "",
      "response_date": "",
      "review": "Fix the app bcuz we can't pay in some web and we can't open some site that \nchrome can",
      "review_date": [
        "May",
        "3",
        " 2018"
      ]
    },
    {
      "REQ_subtype": "",
      "REQ_type": "",
      "_id": 97,
      "author_id": "not defined",
      "author_name": "Aimi N",
      "helpful": "0",
      "polarity": "",
      "rate": 5,
      "response": "",
      "response_date": "",
      "review": "update!... the mouse pad on the browser creates a good combination browsing the Internet on my keyone",
      "review_date": [
        "April",
        "9",
        " 2018"
      ]
    },
    {
      "REQ_subtype": "",
      "REQ_type": "",
      "_id": 98,
      "author_id": "not defined",
      "author_name": "Charles V Musachia",
      "helpful": "0",
      "polarity": "",
      "rate": 5,
      "response": "",
      "response_date": "",
      "review": "Best browser app that feels like a desktop browser even when not desktop \nmode",
      "review_date": [
        "April",
        "16",
        " 2018"
      ]
    },
    {
      "REQ_subtype": "",
      "REQ_type": "",
      "_id": 99,
      "author_id": "not defined",
      "author_name": "Systerm Root",
      "helpful": "0",
      "polarity": "",
      "rate": 5,
      "response": "",
      "response_date": "",
      "review": "After a lot of update it seems to work fine now!!!",
      "review_date": [
        "April",
        "29",
        " 2018"
      ]
    },
    {
      "REQ_subtype": "",
      "REQ_type": "",
      "_id": 100,
      "author_id": "not defined",
      "author_name": "Sheesh Cheese",
      "helpful": "0",
      "polarity": "",
      "rate": 5,
      "response": "",
      "response_date": "",
      "review": "Thanks for the addblock",
      "review_date": [
        "May",
        "4",
        " 2018"
      ]
    },
    {
      "REQ_subtype": "",
      "REQ_type": "",
      "_id": 101,
      "author_id": "not defined",
      "author_name": "B Doyle",
      "helpful": "0",
      "polarity": "",
      "rate": 5,
      "response": "",
      "response_date": "",
      "review": "Love it. Just fix the espn menu.",
      "review_date": [
        "April",
        "10",
        " 2018"
      ]
    },
    {
      "REQ_subtype": "",
      "REQ_type": "",
      "_id": 102,
      "author_id": "not defined",
      "author_name": "Manjunatha Rao",
      "helpful": "0",
      "polarity": "",
      "rate": 5,
      "response": "",
      "response_date": "",
      "review": "Fantastic browser I loved it",
      "review_date": [
        "April",
        "20",
        " 2018"
      ]
    },
    {
      "REQ_subtype": "",
      "REQ_type": "",
      "_id": 103,
      "author_id": "not defined",
      "author_name": "Sithered of Seattle",
      "helpful": "0",
      "polarity": "",
      "rate": 5,
      "response": "",
      "response_date": "",
      "review": "Best browser on mobile!",
      "review_date": [
        "April",
        "22",
        " 2018"
      ]
    },
    {
      "REQ_subtype": "",
      "REQ_type": "",
      "_id": 104,
      "author_id": "not defined",
      "author_name": "usual suspect",
      "helpful": "0",
      "polarity": "",
      "rate": 5,
      "response": "",
      "response_date": "",
      "review": "Keeps getting better!!!!!! Thank you!!!!!\u270b\ud83d\ude18\ud83d\ude00",
      "review_date": [
        "May",
        "3",
        " 2018"
      ]
    },
    {
      "REQ_subtype": "",
      "REQ_type": "",
      "_id": 105,
      "author_id": "not defined",
      "author_name": "Nii Bruce",
      "helpful": "0",
      "polarity": "",
      "rate": 4,
      "response": "",
      "response_date": "",
      "review": "Great app",
      "review_date": [
        "May",
        "6",
        " 2018"
      ]
    },
    {
      "REQ_subtype": "",
      "REQ_type": "",
      "_id": 106,
      "author_id": "not defined",
      "author_name": "A Google user",
      "helpful": "0",
      "polarity": "",
      "rate": 5,
      "response": "",
      "response_date": "",
      "review": "Excellent",
      "review_date": [
        "April",
        "11",
        " 2018"
      ]
    },
    {
      "REQ_subtype": "",
      "REQ_type": "",
      "_id": 107,
      "author_id": "not defined",
      "author_name": "Knox Seven",
      "helpful": "0",
      "polarity": "",
      "rate": 5,
      "response": "",
      "response_date": "",
      "review": "Faster browser i don't think so. The only drawback is some pages don't load properly and require zooming. Is there a way to change this in the settings?",
      "review_date": [
        "March",
        "20",
        " 2018"
      ]
    },
    {
      "REQ_subtype": "",
      "REQ_type": "",
      "_id": 108,
      "author_id": "not defined",
      "author_name": "Appleseed",
      "helpful": "0",
      "polarity": "",
      "rate": 5,
      "response": "",
      "response_date": "",
      "review": "Very lightweight and speedy browser that offers a handful of great features such the ability to load Adobe Flash content and an always connected encrypted tunnel. There are a few things that I would like to see added to the browser. 1: The  ability to clear cookies and settings for individual sites. There have been a few times that I have needed to clear out cookies for a certain site and found that I would have to clear cookies for all sites to accomplish this. 2. The ability to selectively clear saved auto fill entries for various text entry boxes. It is quite annoying to have mistaken entries filling up space that could be used for useful suggestions based on previous entries. 3: Render colorful emoji. The seems to only be capable of rendering monochrome emoji at this point in time. 4: Provide some sort of visual indication when connected to a site using TLS. The most common means of representing an encrypted connection between the site and the user's browser is a lock icon to the left of the URL in the address bar.",
      "review_date": [
        "April",
        "5",
        " 2018"
      ]
    },
    {
      "REQ_subtype": "",
      "REQ_type": "",
      "_id": 109,
      "author_id": "not defined",
      "author_name": "miss Angela",
      "helpful": "0",
      "polarity": "",
      "rate": 3,
      "response": "",
      "response_date": "",
      "review": "The latest update isnt good, the browser is having problems especially in playing games and videos, please fix for 5 stars",
      "review_date": [
        "March",
        "30",
        " 2018"
      ]
    },
    {
      "REQ_subtype": "",
      "REQ_type": "",
      "_id": 110,
      "author_id": "not defined",
      "author_name": "Manohar Chaudhary",
      "helpful": "0",
      "polarity": "",
      "rate": 1,
      "response": "",
      "response_date": "",
      "review": "download manager is bad for downloading  all time getting fail  we cant resume download file",
      "review_date": [
        "April",
        "8",
        " 2018"
      ]
    },
    {
      "REQ_subtype": "",
      "REQ_type": "",
      "_id": 111,
      "author_id": "not defined",
      "author_name": "Prashasth M.P",
      "helpful": "0",
      "polarity": "",
      "rate": 3,
      "response": "",
      "response_date": "",
      "review": "No adblock except this everything is fine.",
      "review_date": [
        "March",
        "20",
        " 2018"
      ]
    },
    {
      "REQ_subtype": "",
      "REQ_type": "",
      "_id": 112,
      "author_id": "not defined",
      "author_name": "Cenon Manansala",
      "helpful": "0",
      "polarity": "",
      "rate": 5,
      "response": "",
      "response_date": "",
      "review": "Wow just wow! This browser is amazing and blazingly fast! I love it! This is now my default browser for both of my phone and PC.",
      "review_date": [
        "March",
        "30",
        " 2018"
      ]
    },
    {
      "REQ_subtype": "",
      "REQ_type": "",
      "_id": 113,
      "author_id": "not defined",
      "author_name": "A Google user",
      "helpful": "0",
      "polarity": "",
      "rate": 2,
      "response": "",
      "response_date": "",
      "review": "new version (7.1.3.18069) drains battery, previous version doesn't. \nreinstalled back the previous version.",
      "review_date": [
        "April",
        "15",
        " 2018"
      ]
    },
    {
      "REQ_subtype": "",
      "REQ_type": "",
      "_id": 114,
      "author_id": "not defined",
      "author_name": "tender Puppeteer",
      "helpful": "0",
      "polarity": "",
      "rate": 5,
      "response": "",
      "response_date": "",
      "review": "Using it for more than five years, no regrets, just delight",
      "review_date": [
        "March",
        "27",
        " 2018"
      ]
    },
    {
      "REQ_subtype": "",
      "REQ_type": "",
      "_id": 115,
      "author_id": "not defined",
      "author_name": "mohammed noor",
      "helpful": "0",
      "polarity": "",
      "rate": 5,
      "response": "",
      "response_date": "",
      "review": "god programing.",
      "review_date": [
        "April",
        "8",
        " 2018"
      ]
    },
    {
      "REQ_subtype": "",
      "REQ_type": "",
      "_id": 116,
      "author_id": "not defined",
      "author_name": "Harry Konstas",
      "helpful": "0",
      "polarity": "",
      "rate": 5,
      "response": "",
      "response_date": "",
      "review": "The fastest browser for Android!",
      "review_date": [
        "April",
        "8",
        " 2018"
      ]
    },
    {
      "REQ_subtype": "",
      "REQ_type": "",
      "_id": 117,
      "author_id": "not defined",
      "author_name": "Cachito Nesher",
      "helpful": "0",
      "polarity": "",
      "rate": 5,
      "response": "Hi,\nCould you please provide the game's name?\nPlease mail to : proko.chou@cloudmosa.com\nThank you.",
      "response_date": [
        "July",
        "1",
        " 2013"
      ],
      "review": "Works.",
      "review_date": [
        "March",
        "24",
        " 2018"
      ]
    },
    {
      "REQ_subtype": "",
      "REQ_type": "",
      "_id": 118,
      "author_id": "not defined",
      "author_name": "Chanyoufee Limliungsieng",
      "helpful": "0",
      "polarity": "",
      "rate": 4,
      "response": "",
      "response_date": "",
      "review": "Back to best. Speedy Gonzales. Its is not stable however. I use it to read horse pedigree and while loading progenies of mares it jumps back to previous screen making it jittery. Its faster than CM but CM is stable. We need to read what we search for. Its not just about dazzling speed",
      "review_date": [
        "March",
        "20",
        " 2018"
      ]
    },
    {
      "REQ_subtype": "",
      "REQ_type": "",
      "_id": 119,
      "author_id": "not defined",
      "author_name": "Daniel Brown",
      "helpful": "0",
      "polarity": "",
      "rate": 3,
      "response": "",
      "response_date": "",
      "review": "Fast, yes. Jumpy and prone to freeze, all the time. Chrome fixed this jumpy before a long time ago. Puffin of behind the times. And it's frustrating.",
      "review_date": [
        "March",
        "16",
        " 2018"
      ]
    }
  ],
  "size": "Varies with devic",
  "url": "https://play.google.com/store/apps/details?id=com.cloudmosa.puffin",
  "version": "7.5.3.20547"
}