{
  "categories": [
    "Travel & Local"
  ],
  "description": "OUI.sncf, THE NEW NAME FOR VOYAGES-SNCF Say OUI to all your travel desires. We continue to bring you more clarity, more support and more services.  We are keeping everything you love and improving the rest.OUI.sncf promises to be your favourite travel companion.OUI.sncf, EVEN SIMPLER TO BOOK YOUR TRAIN TICKETS WITHIN FRANCE AND ACROSS EUROPE. Book, change and cancel your journeys directly from your OUI.sncf app. Expert services? No. 1 travel partner for the past 15 years - more and more practical, personalised and quicker all the time. Find out why 12 million travellers prefer our app. EFFORTLESS TRAVEL AT THE BEST PRICE - Download the app for free - No need to register to check timetables or buy tickets - Safely book, change or cancel your journey in seconds - We choose the best journey for you: The shortest, cheapest and most comfortable - E-ticket, M-ticket... get everything you need to travel on your app - Want to make a booking and pay later? That\u2019s possible: - If you wish, you can create a customer account and book in just 3 clicks!- Take advantage of the SNCF loyalty scheme on your mobile: Earn SNCF loyalty points by adding your card number or promo code to your order. - Make the most of your SNCF card by travelling with TGV Lyria (for example) for lessA MADE-TO-MEASURE APP - Find all your recent journeys- Access your own personal low prices- Using your client account, you only have to put in your preferences, promo cards and SNCF loyalty card numbers once - Season tickets, friends, family... we save all the information to save you time - It\u2019s your space, personalise it with your choice of photos RELAX, WE\u2019VE GOT THIS FOR YOU! - Your favourite searches are displayed on your home page - Location finder: We find your nearest station - We send you reminders of your timetable, seat number and platform information - Your reservation is about to expire...? The app will warn you! YOUR TRAVEL DATE HAS ARRIVED...? - Off you go! No need to validate your M-ticket / E-ticket - Your M-ticket is available in your app, under \u201cMy Tickets\u201d - All the info about your journey is available on your mobile - Access real-time travel information on your day of departure - Share information about your journey on Facebook, WhatsApp, Twitter and other social media- Out of battery? Don't worry, take your identity document to the conductor s they can find your e-reservation. NEED A HAND? - Customer service: By e-mail or phone, we will always find a solution. - Social networks, a practical way of getting a response to your questions. We guarantee to answer you on Twitter within 2 hours via our account: @clt_ouisncf. - Our Help section might have the answer for you, feel free to check there at any time. OUR NETWORK - Go wherever you fancy, as our network serves more than 4000 stations in France and Europe. - Visit all of Europe: France, with SNCF; England, on Eurostar; Spain with RENFE; Belgium and the Netherlands, with Thalys; Ital,y with SVI and Switzerland, with TGV Lyria...",
  "inc": "OUI.sncf",
  "intalled_count": "5,000,000",
  "last_update": [
    "August",
    "2",
    " 2018"
  ],
  "name": "OUI.sncf - Train travel",
  "offered_by": "Google Commerce Ltd",
  "permissions": {
    "Identity": [
      "find accounts on the device"
    ],
    "Calendar": [
      "read calendar events plus confidential information",
      "add or modify calendar events and send email to guests without owners' knowledge"
    ],
    "Contacts": [
      "find accounts on the device"
    ],
    "Location": [
      "approximate location (network-based)",
      "precise location (GPS and network-based)"
    ],
    "Photos/Media/Files": [
      "read the contents of your USB storage",
      "modify or delete the contents of your USB storage"
    ],
    "Storage": [
      "read the contents of your USB storage",
      "modify or delete the contents of your USB storage"
    ],
    "Camera": [
      "take pictures and videos"
    ],
    "Wi-Fi connection information": [
      "view Wi-Fi connections"
    ],
    "Other": [
      "receive data from Internet",
      "view network connections",
      "control flashlight",
      "full network access",
      "run at startup",
      "control vibration",
      "prevent device from sleeping",
      "modify system settings",
      "read Google service configuration",
      "view network connections",
      "control flashlight",
      "full network access",
      "control vibration",
      "prevent device from sleeping",
      "modify system settings",
      "read Google service configuration"
    ]
  },
  "rate": [
    [
      "100,736",
      "4.2"
    ],
    [
      "45,828",
      "5"
    ],
    [
      "38,197",
      "4"
    ],
    [
      "8,974",
      "3"
    ],
    [
      "2,858",
      "2"
    ],
    [
      "4,879",
      "1"
    ]
  ],
  "required_android": "Varies with",
  "size": "Varies with devic",
  "url": "https://play.google.com/store/apps/details?id=com.vsct.vsc.mobile.horaireetresa.android",
  "version": "Varies with device"
}