{
  "categories": [
    "Tools"
  ],
  "description": "Do you need an small app with some tools to make the day easier? Then your at the right place!With ESM Toolbox you'll get som tools to make your day a bit easier. Please send some feedback about new tools, bugs or other things.Here's a list over all available tools:  * Notification bar notes  * Digital clock with seconds, a light and a dark theme  * Bubble level  * MirrorSpecial tools:  * Wallpaper Downloader ( Experimental, which means it mign not allways behave as intended)  * Developer Tools (Activated by activating \"Developer options\" in the device settings)More tools coming soon!",
  "inc": "ESM Dev",
  "intalled_count": "100",
  "last_update": [
    "July",
    "2",
    " 2018"
  ],
  "name": "ESM Toolbox",
  "offered_by": "Google Commerce Ltd",
  "permissions": {
    "Photos/Media/Files": [
      "read the contents of your USB storage",
      "modify or delete the contents of your USB storage"
    ],
    "Storage": [
      "read the contents of your USB storage",
      "modify or delete the contents of your USB storage"
    ],
    "Camera": [
      "take pictures and videos"
    ],
    "Other": [
      "view network connections",
      "full network access",
      "control vibration",
      "prevent device from sleeping"
    ]
  },
  "rate": [],
  "required_android": "4.4",
  "size": "3.3",
  "url": "https://play.google.com/store/apps/details?id=se.esm.esmtoolbox",
  "version": "1.5.4"
}