{
  "categories": [
    "Travel & Local"
  ],
  "description": "United Airlines is proud to offer the all-new United app, with an Android-friendly design that is optimized for smartphones and compatible with tablets. Offering features from flight booking to flight status and much more, the United app is your indispensable travel companionKey features include:Check-in\u2022 Check in for flights, domestic and international for eligible travelers\u2022 Change your flight\u2022 Select alternative flight options if there are significant flight delays or cancellations\u2022 Purchase Award Accelerator\u00ae, Premier Accelerator\u2120, Premier Access\u00ae, Economy Plus\u00ae seating and upgrades, subject to availabilityMobile Boarding Pass\u2022 Store your United mobile boarding pass in the United Mobile App\u2022 Store mobile boarding passes for select partner airlines when you are connecting from a United flight to a flight on one of the participating airlinesFlight Booking\u2022 Full-featured, native app flight booking, including the ability to search and book using miles for MileagePlus\u00ae award travel\u2022 Purchase Economy Plus seating, Premier Access, and United Club\u2120 one-time passes, subject to availabilityFlight Status\u2022 Check the status of your upcoming flight or search for the status of other United flights with a flight number or route\u2022 Access and view upgrade and standby lists\u00a0\u2022 View aircraft seat maps\u2022 Get departure and arrival information\u2022 View the current location of your flight\u2019s aircraft\u2022 See amenities offered in flight\u2022 Receive flight status push notifications: Monitor a selected flight and receive automatic updates sent to your deviceReservation Management\u2022 Manage your booked reservations\u2022 Add and view current United reservations\u2022 Change seats\u2022 Change or cancel reservations\u2022 Automatically upgrade and receive upgrade information if you are an eligible MileagePlus Premier\u00ae member\u2022 Purchase Travel Guard\u00ae Insurance, Premier Access, and Economy Plus seating, subject to availability\u2022 Add reservations directly to your calendarMileagePlus Account\u2022 Enroll in MileagePlus\u2022 View your MileagePlus account information\u2022 See recent activity and statements\u2022 View flights, including current, past and canceled flightsOther Important Features\u2022 Track the status of your checked baggage\u2022 Stream and watch popular movies and TV shows from your own device on select flights\u2022 View interactive airport maps\u2022 See United Club locations and hours, and purchase one-time passes \u2022 Eligible MileagePlus Chase Card members can access their one-time passes\u2022 Schedule Uber transportation to or from the airport\u2022 Play Sudoku games\u2022 Share your reservations and check-ins with your social network and view our recent tweets",
  "inc": "United Airlines",
  "intalled_count": "5,000,000",
  "last_update": [
    "July",
    "20",
    " 2018"
  ],
  "name": "United Airlines",
  "offered_by": "Google Commerce Ltd",
  "permissions": {
    "Calendar": [
      "read calendar events plus confidential information",
      "add or modify calendar events and send email to guests without owners' knowledge"
    ],
    "Location": [
      "approximate location (network-based)",
      "precise location (GPS and network-based)"
    ],
    "Phone": [
      "directly call phone numbers"
    ],
    "Photos/Media/Files": [
      "read the contents of your USB storage",
      "modify or delete the contents of your USB storage"
    ],
    "Storage": [
      "read the contents of your USB storage",
      "modify or delete the contents of your USB storage"
    ],
    "Camera": [
      "take pictures and videos"
    ],
    "Microphone": [
      "record audio"
    ],
    "Wi-Fi connection information": [
      "view Wi-Fi connections"
    ],
    "Other": [
      "receive data from Internet",
      "view network connections",
      "pair with Bluetooth devices",
      "access Bluetooth settings",
      "full network access",
      "control Near Field Communication",
      "use accounts on the device",
      "control vibration",
      "prevent device from sleeping",
      "modify system settings",
      "read Google service configuration"
    ]
  },
  "rate": [
    [
      "30,411",
      "3.5"
    ],
    [
      "12,554",
      "5"
    ],
    [
      "6,223",
      "4"
    ],
    [
      "2,891",
      "3"
    ],
    [
      "2,046",
      "2"
    ],
    [
      "6,697",
      "1"
    ]
  ],
  "required_android": "5.0",
  "size": "80",
  "url": "https://play.google.com/store/apps/details?id=com.united.mobile.android",
  "version": "2.1.56"
}