{
  "categories": [
    "Word",
    "Brain Games"
  ],
  "description": "Help Professor of Words Science Ph.D. Croc solve colorful crosswords! Search words by swiping or clicking, build words from a combinations of letters! Earn coins for solving Crossword Puzzle, use clues to find crossword answers!Workout your brain in our addicting word puzzle game with hundreds of challenging levels.\u271c Warning! The game play is very addicting!\u271c Guess all the hidden words using provided letters. Can you solve all the puzzles? \u271c Extra words will give you bonus gold!\u271c Your friends will make your daily prize even bigger!\u271c Ask your friends for help!\u271c Game is available on every platform: Facebook, Android, iOS & Amazon.Have fun playing Croc Word with you family and friends, suitable for all ages!",
  "inc": "Clever Apps Pte. Ltd.",
  "intalled_count": "100,000",
  "last_update": [
    "August",
    "6",
    " 2018"
  ],
  "name": "Crocword: Crossword Puzzle Game",
  "offered_by": "Clever Apps Pte. Ltd.",
  "permissions": {
    "Phone": [
      "read phone status and identity"
    ],
    "Photos/Media/Files": [
      "access USB storage filesystem",
      "read the contents of your USB storage",
      "modify or delete the contents of your USB storage"
    ],
    "Storage": [
      "read the contents of your USB storage",
      "modify or delete the contents of your USB storage"
    ],
    "Wi-Fi connection information": [
      "view Wi-Fi connections"
    ],
    "Device ID & call information": [
      "read phone status and identity"
    ],
    "Other": [
      "view network connections",
      "change network connectivity",
      "connect and disconnect from Wi-Fi",
      "full network access",
      "control vibration",
      "prevent device from sleeping",
      "view network connections",
      "change network connectivity",
      "connect and disconnect from Wi-Fi",
      "full network access"
    ]
  },
  "rate": [
    [
      "1,905",
      "4.7"
    ],
    [
      "1,556",
      "5"
    ],
    [
      "212",
      "4"
    ],
    [
      "83",
      "3"
    ],
    [
      "22",
      "2"
    ],
    [
      "32",
      "1"
    ]
  ],
  "required_android": "4.0.3",
  "size": "Varies with devic",
  "url": "https://play.google.com/store/apps/details?id=com.cleverapps.crocword",
  "version": "1.55.5"
}