{
  "categories": [
    "Puzzle"
  ],
  "description": "The Fifteen Puzzle basic form is of a 4 by 4 grid usually made with sliding tiles in a tray. The puzzle also exists in other sizes, particularly the smaller 8-puzzle. If the size is 3x3 tiles.Before play begins the tiles are randomly scrambled by sliding to any starting position.The object of the puzzle is to place the tiles in order, with the space in the bottom right, by making sliding moves that use the empty space.",
  "inc": "andey",
  "intalled_count": "100",
  "last_update": [
    "January",
    "26",
    " 2017"
  ],
  "name": "Fifteen Puzzle for Wear",
  "offered_by": "Google Commerce Ltd",
  "permissions": {
    "Other": []
  },
  "rate": [],
  "required_android": "Varies with",
  "size": "Varies with devic",
  "url": "https://play.google.com/store/apps/details?id=de.dey.fifteenpuzzle",
  "version": "Varies with device"
}