{
  "categories": [
    "Education",
    "Education"
  ],
  "description": "Timon and Pumbaa share their theme park safety tips for children of all ages. By demonstrating the potential consequences of unsafe behavior, the wisecracking duo show children and adults how to stay Safety Smart\u2122 and enjoy themselves while visiting theme parks.For additional information about our practices in the United States and Latin America regarding children\u2019s personal information, please read our Children\u2019s Privacy Policy at https://disneyprivacycenter.com/kids-privacy-policy/english/",
  "inc": "Disney",
  "intalled_count": "1,000,000",
  "last_update": [
    "August",
    "14",
    " 2014"
  ],
  "name": "Disney Wild About Safety",
  "offered_by": "Disney",
  "permissions": {
    "Photos/Media/Files": [
      "read the contents of your USB storage",
      "modify or delete the contents of your USB storage"
    ],
    "Storage": [
      "read the contents of your USB storage",
      "modify or delete the contents of your USB storage"
    ],
    "Wi-Fi connection information": [
      "view Wi-Fi connections"
    ],
    "Other": [
      "view network connections",
      "full network access",
      "read sync settings",
      "prevent device from sleeping",
      "modify system settings",
      "toggle sync on and off"
    ]
  },
  "rate": [
    [
      "6,436",
      "3.7"
    ],
    [
      "3,529",
      "5"
    ],
    [
      "533",
      "4"
    ],
    [
      "488",
      "3"
    ],
    [
      "425",
      "2"
    ],
    [
      "1,461",
      "1"
    ]
  ],
  "required_android": "2.3.3",
  "size": "Varies with devic",
  "url": "https://play.google.com/store/apps/details?id=com.disney.safetysmart_goo",
  "version": "1.0"
}