{
  "categories": [
    "House & Home"
  ],
  "description": "You can automate your Philips Hue system syncing colors when your smartphone has a notification or event. Beside color, brightness, you can select color effects to have your Hue blinking in many different ways.KEY FEATURES:\u2022 Create unlimited automation to sync system events (low battery, phone call, USB power...) with your Philips Hue lights\u2022 Work well with every apps to sync your bulbs with notification\u2022 Animate color and brightness with many styles, supported by Philips Hue Entertainment technology (in version 3.0)\u2022 Create - group - delete light groups, automatically shared with original Philips Hue app\u2022 Apply color effects to individual lights or light groups\u2022 Effects vary: blink, flash, on-off, solid color...\u2022 Work well with Philips Hue gen 1, gen 2APP CAN NOT:\u2022 Can not control your dimmer to dim your light\u2022 It works best with color ambience lights, lamps, lightstrips. Still, it can work with White ambience bulbs\u2022 Can not read or store your notification content (email body, sms message...)\u2022 You can not create / edit a color effect at this moment. Request us if you wantHOW PEOPLE ARE USING THIS APP?\u2022 Security camera app's notification + RED alarming blinking => awesome Hue based intrusion system\u2022 IP Camera voice detection notification + PINK breathing effect => it's cool to know that your little baby woke up\u2022 Uber driver arrival notification + GREEN solid color => it's time to go!TROUBLESHOOTING & HELP:Before give us low rating/review, or uninstall the app, please contact us. Our customer service is awesome. And it's always free!\u2022 Email\u2022 Facebook\u2022 Twitter\u2022 Google+FAQ:1. Hue Notification can not connect to your bridge? What should you do?There are possibly many reasons why your bridge is not available to our Hue apps. Once this problem occurs, make sure the following items are correct:\u2022 Your smartphone is connecting to the SAME WIFI with Bridge.\u2022 Your Bridge has all the lights on. Sometimes, your Bridge can't conenct to WiFi and you will find the WiFi light is off\u2022 Your Bridge and Hue apps are updated to latest version\u2022 You can connect to your Bridge with original Hue app from Philips or any other Hue relating apps.If those items don't help you, we can help. Email us at contact@appsforhue.com2. Why your light bulbs are out of sync for some effects?Because of the hardware limitation on Hue Bridge (as described below), there are out-of-sync for some effects. Especially for color changing effects, Hue Bridge can't serve all the request at high speed without Hue Entertainment. We are working with Philips team to integrate new SDK (with Hue Entertainment). Hue Entertainment integration will be released in version 3.03. Why does the hue seem to slow down with more bulbs?When you have up to 10 bulbs all should be fine. If you have more bulbs disable the ones that are not visible to you in the Bulbs list. Hue works at its best with around 5 bulbs selected. We will update soon with hue entertainment to improve your color sync and effect.4. What is Room? What is Single Light?Room is a group of lights. Hue Notification can create/delete room and sync it to other Hue apps or Philips Hue app. A single light is a light which is not included in any room yet. Hue Notification can apply color effect on room and single lightsCheck our full FAQ here: http://www.appsforhue.com/faq.html",
  "inc": "Abaddon Studio",
  "intalled_count": "1,000",
  "last_update": [
    "July",
    "25",
    " 2018"
  ],
  "name": "Hue Notification - lightshow with smartphone event",
  "offered_by": "Google Commerce Ltd",
  "permissions": {
    "Phone": [
      "reroute outgoing calls",
      "read phone status and identity"
    ],
    "Photos/Media/Files": [
      "read the contents of your USB storage",
      "modify or delete the contents of your USB storage"
    ],
    "Storage": [
      "read the contents of your USB storage",
      "modify or delete the contents of your USB storage"
    ],
    "Device ID & call information": [
      "read phone status and identity"
    ],
    "Contacts": [
      "read your contacts"
    ],
    "Location": [
      "precise location (GPS and network-based)"
    ],
    "Wi-Fi connection information": [
      "view Wi-Fi connections"
    ],
    "Other": [
      "bind to a notification listener service",
      "receive data from Internet",
      "prevent device from sleeping",
      "view network connections",
      "pair with Bluetooth devices",
      "connect and disconnect from Wi-Fi",
      "full network access",
      "run at startup",
      "control vibration",
      "prevent device from sleeping",
      "read Google service configuration",
      "view network connections",
      "pair with Bluetooth devices",
      "full network access",
      "run at startup",
      "control vibration",
      "prevent device from sleeping",
      "read Google service configuration"
    ]
  },
  "rate": [
    [
      "25",
      "4.0"
    ],
    [
      "16",
      "5"
    ],
    [
      "3",
      "4"
    ],
    [
      "1",
      "3"
    ],
    [
      "0",
      "2"
    ],
    [
      "5",
      "1"
    ]
  ],
  "required_android": "Varies with",
  "size": "Varies with devic",
  "url": "https://play.google.com/store/apps/details?id=mobi.abaddon.huenotification",
  "version": "Varies with device"
}