{
  "categories": [
    "Tools"
  ],
  "description": "The Buzzed app is a simple and fast way to find out how drunk you are right now.Just enter your weight and gender and your done! When you drink, tap on the drink you are having and that's it! You will know when you are sober and when you are heavily buzzed, think about it before entering a vehicle. Have fun!",
  "inc": "MetaQuant",
  "intalled_count": "10",
  "last_update": [
    "December",
    "30",
    " 2017"
  ],
  "name": "Buzzed",
  "offered_by": "Google Commerce Ltd",
  "permissions": {
    "Other": [
      "prevent device from sleeping"
    ]
  },
  "rate": [
    [
      "1",
      "5.0"
    ],
    [
      "1",
      "5"
    ],
    [
      "0",
      "4"
    ],
    [
      "0",
      "3"
    ],
    [
      "0",
      "2"
    ],
    [
      "0",
      "1"
    ]
  ],
  "required_android": "8.0",
  "size": "1.8",
  "url": "https://play.google.com/store/apps/details?id=com.something.luka.testdrunk",
  "version": "3.0"
}