{
  "categories": [
    "Tools"
  ],
  "description": "Wear Complication Test Suite is a set of complication data providers that provide dummy data. It can be used to test how different types of complications render on a watch face.This app is a fork of the source code Google provides for testing your complications to watch face makers. If you would like to understand how it works, check out the source code at https://github.com/googlesamples/android-WearComplicationProvidersTestSuite .",
  "inc": "codingjeremy",
  "intalled_count": "100",
  "last_update": [
    "May",
    "16",
    " 2017"
  ],
  "name": "Wear Complication Test Suite",
  "offered_by": "Google Commerce Ltd",
  "permissions": {
    "Other": [
      "prevent device from sleeping"
    ]
  },
  "rate": [],
  "required_android": "7.0",
  "size": "3.0",
  "url": "https://play.google.com/store/apps/details?id=com.codingjeremy.android.wear.wearcomplicationproviderstestsuite",
  "version": "1.0"
}