{
  "categories": [
    "Travel & Local"
  ],
  "description": "Unforgettable travel experiences start with Airbnb. Find travel adventures and new places to go far away or near to you, and access vacation home rentals, new experiences, and places to visit all around the world. Book everything for your trip, or start earning money as a host. BOOK TRAVEL EXPERIENCESGo on local experiences led by native experts, whether it\u2019s for multiple days or just an afternoon. Explore Seoul's underground music scene, hunt for truffles in a Tuscan forest, or give back to the community with a social impact experience.BOOK VACATION HOMESChoose from over 4 million vacation home rentals across 191+ countries. Search by price, neighborhood, amenities, and more.POPULAR DESTINATIONSExperience the beautiful sights & find local guides for the perfect vacation:\u2022 Rio \u2013 Explore the birthplace of Samba or Hand Glide over the sights\u2022 Paris \u2013 Find your fill in some of the best culinary tours and museums\u2022 Barcelona \u2013 Discover the cities beauty with guided walking toursFor travelers: \u2022 Book vacation home rentals and travel experiences for your next solo journey, family vacation, or business trip\u2022 Search for last minute travel accommodations or long term rentals\u2022 Save your favorite rental homes, experiences, and places\u2014and invite friends and family to plan the trip with you\u2022 Add experiences and events to your itinerary\u2022 Message your host and get directions to your homeFor hosts:\u2022 Share your extra space or lead experiences that showcase what makes your city great\u2022 Update your listing and calendar availability\u2022 Share what\u2019s special about your neighborhood with a host guidebook\u2022 Message guests and manage their reservations",
  "inc": "Airbnb, Inc",
  "intalled_count": "10,000,000",
  "last_update": [
    "August",
    "2",
    " 2018"
  ],
  "name": "Airbnb",
  "offered_by": "Google Commerce Ltd",
  "permissions": {
    "Identity": [
      "find accounts on the device",
      "add or remove accounts"
    ],
    "Contacts": [
      "find accounts on the device",
      "read your contacts"
    ],
    "Location": [
      "approximate location (network-based)",
      "precise location (GPS and network-based)"
    ],
    "SMS": [
      "receive text messages (SMS)"
    ],
    "Phone": [
      "read phone status and identity"
    ],
    "Photos/Media/Files": [
      "read the contents of your USB storage",
      "modify or delete the contents of your USB storage"
    ],
    "Storage": [
      "read the contents of your USB storage",
      "modify or delete the contents of your USB storage"
    ],
    "Camera": [
      "take pictures and videos"
    ],
    "Microphone": [
      "record audio"
    ],
    "Wi-Fi connection information": [
      "view Wi-Fi connections"
    ],
    "Device ID & call information": [
      "read phone status and identity"
    ],
    "Other": [
      "receive data from Internet",
      "view network connections",
      "create accounts and set passwords",
      "connect and disconnect from Wi-Fi",
      "full network access",
      "control Near Field Communication",
      "run at startup",
      "draw over other apps",
      "use accounts on the device",
      "control vibration",
      "prevent device from sleeping",
      "read Google service configuration",
      "view network connections",
      "create accounts and set passwords",
      "connect and disconnect from Wi-Fi",
      "full network access",
      "control Near Field Communication",
      "draw over other apps",
      "use accounts on the device",
      "control vibration",
      "prevent device from sleeping",
      "read Google service configuration"
    ]
  },
  "rate": [
    [
      "356,408",
      "4.4"
    ],
    [
      "248,914",
      "5"
    ],
    [
      "64,220",
      "4"
    ],
    [
      "15,040",
      "3"
    ],
    [
      "7,689",
      "2"
    ],
    [
      "20,545",
      "1"
    ]
  ],
  "required_android": "Varies with",
  "size": "Varies with devic",
  "url": "https://play.google.com/store/apps/details?id=com.airbnb.android",
  "version": "Varies with device"
}