{
  "categories": [
    "Card",
    "Action & Adventure"
  ],
  "description": "***We\u2019re aware of an issue that is donkin\u2019 up the Card Wars \u2013 Adventure Time update and some Android players may experience difficulties. Please try upgrading to Android 4.2 to improve stability. Thank you for your patience!***Floop the Pig! It\u2019s Adventure Time CARD WARS! Play the game inspired by the Adventure Time episode, \u201cCard Wars\u201d! Summon creatures and cast spells to battle your way to victory. CARD COMBAT!Command an army of awesome warriors, including Husker Knights, Cool Dog, the Immortal Maize Walker, and even the Pig to destroy your opponent\u2019s forces! Place towers and cast spells to unleash ultimo attacks.  CUSTOM DECKS!Win all the wars! Collect new cards to customize your deck for each opponent. Level up your creatures, spells, and towers, or fuse them together to make your cards even more powerful.  HIGH STAKES BATTLES!Think you\u2019ve got what it takes to be crowned a Cool Guy, or will you end up drinking from the Dweeb cup? Start your own wars as Finn, Jake, BMO, Princess Bubblegum, Marceline, Flame Princess and more as you wind your way through the Land of Ooo! This isn\u2019t just any war of cards. It\u2019s Adventure Time CARD WARS! *********************This game is available in the following languages: English, French, Italian, Spanish (Latin America), Brazilian Portuguese If you're having any problems with this app, feel free to contact us at cardwars@d3publisherofamerica.zendesk.com or https://d3publisherofamerica.zendesk.com/hc/en-us/requests/new. Tell us about the issues you're running into as well as what device and OS version you're using. *********************IMPORTANT CONSIDERATIONS: This app includes the option for adults to unlock or buy additional in-game items with real money to enhance game play, ranging from $0.99 to $29.99 USD (or equivalent amount in the applicable regional currency). You may disable in-app purchases by adjusting your device settings. This app may contain ads that feature other products, services, shows or offers from Cartoon Network & our partners. PRIVACY INFORMATION: Your privacy is important to us at Cartoon Network, a division of Turner Broadcasting System, Inc. This game collects and uses information as described in Cartoon Network\u2019s Privacy Policy linked below. This information may be used, for example, to respond to user requests; enable users to take advantage of certain features and services; personalize content; serve advertising; perform network communications; manage and improve our products and services; and perform other internal operations of Cartoon Network web sites or online services. Our privacy practices are guided by data privacy laws in the United States. For users residing in the EU or other countries outside the U.S., please note that this app may use persistent identifiers for game management purposes. By downloading this application, you accept our Privacy Policy and End User License Agreement, and you give permission for such uses for all users of your device. The Privacy Policy and End User License Agreement are in addition to any terms, conditions or policies imposed by your wireless carrier and Google Inc. Cartoon Network and its affiliates are not responsible for any collection, use, or disclosure of your personal information by Google or your wireless carrier. *********************Terms of Use: http://www.cartoonnetwork.com/legal/termsofuse.html Privacy Policy: http://www.cartoonnetwork.com/legal/privacy/mobile.html",
  "inc": "Cartoon Network",
  "intalled_count": "1,000,000",
  "last_update": [
    "February",
    "11",
    " 2016"
  ],
  "name": "Card Wars - Adventure Time",
  "offered_by": "Cartoon Network",
  "permissions": {
    "Device & app history": [
      "retrieve running apps"
    ],
    "Phone": [
      "read phone status and identity"
    ],
    "Photos/Media/Files": [
      "read the contents of your USB storage",
      "modify or delete the contents of your USB storage"
    ],
    "Storage": [
      "read the contents of your USB storage",
      "modify or delete the contents of your USB storage"
    ],
    "Wi-Fi connection information": [
      "view Wi-Fi connections"
    ],
    "Device ID & call information": [
      "read phone status and identity"
    ],
    "Other": [
      "view network connections",
      "full network access",
      "prevent device from sleeping",
      "Google Play license check"
    ]
  },
  "rate": [
    [
      "129,604",
      "4.3"
    ],
    [
      "88,639",
      "5"
    ],
    [
      "16,748",
      "4"
    ],
    [
      "8,183",
      "3"
    ],
    [
      "4,122",
      "2"
    ],
    [
      "11,912",
      "1"
    ]
  ],
  "required_android": "2.3.3",
  "size": "23",
  "url": "https://play.google.com/store/apps/details?id=com.turner.cardwars",
  "version": "1.11.0"
}