{
  "categories": [
    "Puzzle"
  ],
  "description": "Simple and fun casual maze game.Control the ball through the maze using the accelerometer of your watch.Try to find the right path before the time runs out.Complete 25 levels with the maximum stars.",
  "inc": "Marcelo R. dos Santos",
  "intalled_count": "100,000",
  "last_update": [
    "November",
    "22",
    " 2017"
  ],
  "name": "Wear Maze",
  "offered_by": "Google Commerce Ltd",
  "permissions": {
    "Other": []
  },
  "rate": [
    [
      "211",
      "3.6"
    ],
    [
      "109",
      "5"
    ],
    [
      "20",
      "4"
    ],
    [
      "20",
      "3"
    ],
    [
      "14",
      "2"
    ],
    [
      "48",
      "1"
    ]
  ],
  "required_android": "Varies with",
  "size": "Varies with devic",
  "url": "https://play.google.com/store/apps/details?id=mrs.com.maze.android",
  "version": "1.4"
}