{
  "categories": [
    "Educational",
    "Brain Games"
  ],
  "description": "Search \"BabyBus\" for more free games!Let's go! Your awesome vacation is about to start!Hotel Check-in: Enter the number of occupancy days , select your bed, pay your deposit, complete the check-in process yourself, learn a new skill with ease;                                                     Seaside Scenery: the blue sky, the vast sandy beaches, a luxurious hotel...this is the vacation destination of your dreams;Vacation Games: Sandcastles, surf the waves, hotel check-in, packing-up, the fun never ends!Tons of Items: There are 20+ interesting items, including: shovels, red flags, suitcases, cameras and more! Which one will be your favorite?Creative Buffet: donuts, pizza, ice cream, hot dogs, fruit juice and much more delicious food to choose from!Game characteristics1. Design your own sand castle, there's no rules or restrictions;2. Simulate the food production process and master cooking skills;3. Experience the thrill of surfing the waves. Hang on until the finish!About BabyBus\u2014\u2014\u2014\u2014\u2014At BabyBus, we dedicate ourselves to sparking kids' creativity, imagination and curiosity,and designing our products through the kids' perspective to help them explore the world on their own.   Now BabyBus offers a wide variety of products, videos and other educational content for over 250 million fans from ages 0-8 around the world! We have produced more than 150 children's educational games, 700 children's songs, and animations of various themes spanning the arts, health, and science.                      \u2014\u2014\u2014\u2014\u2014Contact us: ser@babybus.comVisit us: http://www.babybus.com",
  "inc": "BabyBus Kids Games",
  "intalled_count": "500,000",
  "last_update": [
    "July",
    "26",
    " 2018"
  ],
  "name": "Baby Panda's Vacation",
  "offered_by": "BabyBus Kids Games",
  "permissions": {
    "Wi-Fi connection information": [
      "view Wi-Fi connections"
    ],
    "Other": [
      "receive data from Internet",
      "view network connections",
      "full network access",
      "prevent device from sleeping",
      "modify system settings"
    ]
  },
  "rate": [
    [
      "947",
      "4.5"
    ],
    [
      "726",
      "5"
    ],
    [
      "86",
      "4"
    ],
    [
      "76",
      "3"
    ],
    [
      "10",
      "2"
    ],
    [
      "49",
      "1"
    ]
  ],
  "required_android": "4.0.3",
  "size": "66",
  "url": "https://play.google.com/store/apps/details?id=com.sinyee.babybus.holiday",
  "version": "8.25.10.00"
}