{
  "categories": [
    "Puzzle"
  ],
  "description": "One of the classics has returned. Android Wear is appearing to our lives. This game will fit perfectly in your wrist.The simple but addictive memory game. Pay attention to the lights and repeat them afterwards. Even if you don't have an Android Wear, it doesn't mean you can't play this game; from Android 2.3, you'll be able to play it, completely for free.",
  "inc": "Red Wire",
  "intalled_count": "10,000",
  "last_update": [
    "January",
    "16",
    " 2017"
  ],
  "name": "Memory game for Android Wear",
  "offered_by": "Google Commerce Ltd",
  "permissions": {
    "Other": [
      "receive data from Internet",
      "view network connections",
      "full network access",
      "control vibration",
      "view network connections",
      "full network access",
      "run at startup",
      "control vibration",
      "prevent device from sleeping"
    ]
  },
  "rate": [
    [
      "249",
      "3.8"
    ],
    [
      "115",
      "5"
    ],
    [
      "41",
      "4"
    ],
    [
      "47",
      "3"
    ],
    [
      "22",
      "2"
    ],
    [
      "24",
      "1"
    ]
  ],
  "required_android": "Varies with",
  "size": "Varies with devic",
  "url": "https://play.google.com/store/apps/details?id=com.redwire.memoryforwear",
  "version": "Varies with device"
}