{
  "categories": [
    "Word",
    "Brain Games"
  ],
  "description": "Giochi Enigmistici: Cruciverba in Italiano Gratis, Livello Medio-alto Cruciverba Italiani (Parole Crociate) per Android, \u00e9 un gioco di enigmistica che offre la possibilit\u00e0 di giocare e divertirsi con i classici cruciverba.Le Parole Crociate sono disponibili in tre diverse dimensioni:Gli schemi totali disponibili sono 280:- 90 cruciverba di dimensione       9x9- 70 cruciverba di dimensione    11x11- 60 cruciverba di dimensione    13x13- 60 cruciverba di dimensione    15x15- 12 Cruciverba senza schema Le definizioni dei cruciverba sono di difficolt\u00e0 medio/alta. La soluzione \u00e9 sempre disponibile ed anche un tasto per verificare lacorrettezza delle definizioni inserite.\u00c9 anche possibile abilitare aiuti avanzati per mostrare una singola lettera o una parola intera.E\u00b4 disponibile anche una versione PRO delle parole crociate, con molti pi\u00fa schemi e senza nessuna pubblicit\u00e1.Inoltra la versione pro del gioco dei cruciverba consente di scaricare i nuovi schemi che di volta in volta saranno creati.Provate anche gli altri giochi di enigmistica che abbiamo creato:- Crucipuzzle- Crucintarsi- Cruciverba Matematici- Cambi enigmisticiBuon Divertimento",
  "inc": "A. Baratta",
  "intalled_count": "1,000,000",
  "last_update": [
    "August",
    "5",
    " 2018"
  ],
  "name": "Cruciverba in Italiano gratis",
  "offered_by": "A. Baratta",
  "permissions": {
    "Identity": [
      "find accounts on the device"
    ],
    "Contacts": [
      "find accounts on the device"
    ],
    "Location": [
      "approximate location (network-based)",
      "precise location (GPS and network-based)"
    ],
    "Photos/Media/Files": [
      "read the contents of your USB storage",
      "modify or delete the contents of your USB storage"
    ],
    "Storage": [
      "read the contents of your USB storage",
      "modify or delete the contents of your USB storage"
    ],
    "Wi-Fi connection information": [
      "view Wi-Fi connections"
    ],
    "Other": [
      "receive data from Internet",
      "view network connections",
      "create accounts and set passwords",
      "full network access",
      "run at startup",
      "prevent device from sleeping"
    ]
  },
  "rate": [
    [
      "9,669",
      "4.4"
    ],
    [
      "5,054",
      "5"
    ],
    [
      "3,619",
      "4"
    ],
    [
      "627",
      "3"
    ],
    [
      "128",
      "2"
    ],
    [
      "241",
      "1"
    ]
  ],
  "required_android": "4.1",
  "size": "5.7",
  "url": "https://play.google.com/store/apps/details?id=com.cruciappfree",
  "version": "3.8.1"
}