{
  "categories": [
    "Simulation"
  ],
  "description": "Meet Kitty, your adorable and very own personal fitness coach! Your fluffy cat only wants the best for you: with her help, you will become more active and stay fit at your own pace.Kitty keeps you motivated and makes leading a healthy lifestyle easy. Simply connect your game to Google Fit and track your sleep rhythm, count your steps and measure your heart rate. Go roaming around with Kitty and do your best to cover longer distances over time! Try to catch her and run to break your speed record! You receive fitness quests according to your fitness level. By completing them, you can unlock new items to share with your animal!All this exercise makes your feline friend hungry. Feed her yummy snacks, play with her, wash her fur and brush her teeth to keep your cute kitten happy! Go for a stroll and explore the town: search for hidden treasures together! At the end of a long day, your purring companion goes to sleep when you do. You can personalize her surroundings by unlocking a wide variety of items and customizations, each with a unique animation. Forget about crash diets, calorie counting and boring home exercises: Kitty will help you reach your personal goals in a fun way!Features:\u2714 Virtual Fitness Pet Simulator\u2714 Keep track of your health in a fun way\u2714 Complete fitness quests to unlock new items\u2714 Quests adapt to your fitness level\u2714 Count your steps and beat your daily average\u2714 GPS-based treasure hunting\u2714 Take care of your fitness pet\u2714 Day and night cycle\u2714 Wide variety of accessories for your cat\u2714 Customize Kitty\u2019s surroundings\u2714 Affectionately illustrated animations\u2714 Supports Google Fit\u2018Kitty \u2013 My Fitness Cat\u2019 is compatible with Moto 360, LG G Watch R, Samsung Gear Live, Sony SmartWatch 3 and more.Important note!\u2018Kitty \u2013 My Fitness Cat\u2019 is only playable on an Android Wear device! Please visit http://goo.gl/H4LOEl to find Smartphone or Tablet optimized Android Games!Thank you for playing \u2018Kitty \u2013 My Fitness Cat\u2019!Get in touch with HandyGamesTM: http://www.handy-games.comJoin us on Facebook: http://www.fb.com/handygamesStay tuned on Google+: http://goo.gl/qkjngmSubscribe to our YouTube channel: http://goo.gl/2Kq6yYCheck news on Twitter: http://www.twitter.com/handy_gamesImprint: http://www.handy-games.com/contact/",
  "inc": "HandyGames",
  "intalled_count": "100",
  "last_update": [
    "February",
    "2",
    " 2017"
  ],
  "name": "Kitty - My Fitness Cat",
  "offered_by": "Google Commerce Ltd",
  "permissions": {
    "Location": [
      "precise location (GPS and network-based)"
    ],
    "Wearable sensors/Activity data": [
      "body sensors (like heart rate monitors)"
    ],
    "Other": [
      "receive data from Internet",
      "view network connections",
      "full network access",
      "run at startup",
      "control vibration",
      "prevent device from sleeping"
    ]
  },
  "rate": [
    [
      "17",
      "3.4"
    ],
    [
      "7",
      "5"
    ],
    [
      "1",
      "4"
    ],
    [
      "2",
      "3"
    ],
    [
      "5",
      "2"
    ],
    [
      "2",
      "1"
    ]
  ],
  "required_android": "Varies with",
  "size": "Varies with devic",
  "url": "https://play.google.com/store/apps/details?id=com.hg.fitnesscat",
  "version": "Varies with device"
}