{
  "categories": [
    "Casual",
    "Brain Games"
  ],
  "description": "SWEET! Delicious candy world journey continues in Candy Swap 2.Swap candies to make sweet lines of 3, create candy blasts!\u00a0Escape to sweet and wonderful Candy Swap 2 where Violet Buttermint, Tangerine Piece, Kiwi Jelly, Strawberry Star, Raspberry Heart and Sky Mints are everywhere. Come and go swapping!Why you will like Candy Swap 2\u2022 Cute and crystal-like candies\u2022 Objectives differ in almost 200 candy levels\u2022 Multiple gameplay: time mode, move mode, and more\u2022 Journey through new candy map\u2022 Create a high score in your friends circle\u2022 Never ending fun for all agesMeander through Candy Swap 2 sweet world now!",
  "inc": "match_three",
  "intalled_count": "1,000,000",
  "last_update": [
    "June",
    "29",
    " 2017"
  ],
  "name": "Candy Swap 2",
  "offered_by": "match_three",
  "permissions": {
    "Phone": [
      "read phone status and identity"
    ],
    "Photos/Media/Files": [
      "read the contents of your USB storage",
      "modify or delete the contents of your USB storage"
    ],
    "Storage": [
      "read the contents of your USB storage",
      "modify or delete the contents of your USB storage"
    ],
    "Wi-Fi connection information": [
      "view Wi-Fi connections"
    ],
    "Device ID & call information": [
      "read phone status and identity"
    ],
    "Other": [
      "view network connections",
      "full network access"
    ]
  },
  "rate": [
    [
      "7,289",
      "4.4"
    ],
    [
      "4,721",
      "5"
    ],
    [
      "1,446",
      "4"
    ],
    [
      "713",
      "3"
    ],
    [
      "156",
      "2"
    ],
    [
      "253",
      "1"
    ]
  ],
  "required_android": "2.3",
  "size": "14",
  "url": "https://play.google.com/store/apps/details?id=com.match.three.candyswap2.free",
  "version": "1.8.3029"
}