{
  "categories": [
    "Tools"
  ],
  "description": "GBKeyW for smart watches enters a character with SIMPLE and INTUITIVE gestures.* WebSite: www.gbkey.io* Facebook page: www.facebook.com/gbkeyboardO You can enter a character with TWO key areas.=====================================GBKeyW supports the following languages  as of now- English - French- German- Hangul (Korean)- Portuguese- Russian- Spanish",
  "inc": "BigWorthSoft",
  "intalled_count": "100",
  "last_update": [
    "December",
    "10",
    " 2017"
  ],
  "name": "GBKeyW",
  "offered_by": "Google Commerce Ltd",
  "permissions": {
    "Identity": [
      "find accounts on the device"
    ],
    "Contacts": [
      "find accounts on the device"
    ],
    "Phone": [
      "read phone status and identity"
    ],
    "Device ID & call information": [
      "read phone status and identity"
    ],
    "Other": [
      "control vibration",
      "Google Play license check",
      "full network access",
      "control vibration",
      "Google Play license check"
    ]
  },
  "rate": [],
  "required_android": "Varies with",
  "size": "Varies with devic",
  "url": "https://play.google.com/store/apps/details?id=io.gbkey.android.gbkeyw",
  "version": "Varies with device"
}