{
  "categories": [
    "Tools"
  ],
  "description": "This app unlocks the power of your wearables and let you browse the web with smooth and great experience. It can be used without a phone nearby and perform internet search as a standalone web browser. This browser support a wide range of web APIs. It is based on one of the latest chromium binaries. Therefore, it significantly improves the speed and efficiency of the web browser rendering.Enjoy navigating the web and check out your favorite websites over your wrist like never before!Please provide feedbacks of satisfaction, bugs or feature request!Features supported:- Can be used as a standalone, your wearable need a wifi connection- Perform easy and fast google search \ud83c\udf10- Embedded  Keyboard (text, number, symbols, date piker, colour picker) \ud83c\udfb9- Copy, paste, select all mini dialog to manipulate chunks of text \ud83d\udc4d- Back and forward navigation \ud83d\udc48\ud83d\udc49- Reload page- Sound capability, enjoy listening to a wide range of audio format \ud83d\udd0a\ud83c\udfa7- Background mode, enjoy listening audio while doing other things \ud83d\udd0a\ud83c\udfa7- Chromium based browser which support most web APIs- Narrowed or fullscreen web browser rendering \ud83c\udf44- Bookmark websites \u2b50- Left and right side menu options via swiping edge of the screen- Loading indicator- Ability to play html5 Games \ud83c\udfae( inexpensive graphics)- More coming...Known issues- This app does not support video rendering yet \ud83c\udfac- Some wearables may experiment some lags due to hardware limitations.- On recent wear os version, the default google keyboard may not render properly. It is not a browser issue but if you change your default keyboard by another one from your settings, you should be good to go. - Some features/options may not be viewable due to the round formatting.",
  "inc": "Corproxy Innovation",
  "intalled_count": "10,000",
  "last_update": [
    "April",
    "8",
    " 2018"
  ],
  "name": "Free Browser for Wear OS \ud83c\udf0e",
  "offered_by": "Google Commerce Ltd",
  "permissions": {
    "Photos/Media/Files": [
      "read the contents of your USB storage",
      "modify or delete the contents of your USB storage"
    ],
    "Storage": [
      "read the contents of your USB storage",
      "modify or delete the contents of your USB storage"
    ],
    "Wi-Fi connection information": [
      "view Wi-Fi connections"
    ],
    "Other": [
      "view network connections",
      "connect and disconnect from Wi-Fi",
      "full network access",
      "run at startup",
      "control vibration",
      "prevent device from sleeping"
    ]
  },
  "rate": [
    [
      "249",
      "4.2"
    ],
    [
      "146",
      "5"
    ],
    [
      "54",
      "4"
    ],
    [
      "24",
      "3"
    ],
    [
      "10",
      "2"
    ],
    [
      "15",
      "1"
    ]
  ],
  "required_android": "6.0",
  "size": "49",
  "url": "https://play.google.com/store/apps/details?id=com.corproxy.browser",
  "version": "0.8.21"
}