{
  "categories": [
    "Tools"
  ],
  "description": "Get alerted on your Android Wear when your Phone battery reaches full charge! Check the battery level of your phone any time by opening up the app on your Android Wear Watch.Note: You can also check your watch's battery level with the phone side application!Features\u2713 Phone charged notification on watch\u2713 Watch charged notification on phone   * Easily turn on or off notifications *\u2713 Check phone battery from watch\u2713 Check watch battery from phone\u2713 Watch ambient mode support\u2713 Watch battery level widget for phone launcher\u2713 Watch battery level Quick Settings Tile (NEW!)\u2713 Complication data providers for watch faces!    - Phone battery level    - Wear batter voltage    - Wear battery tempSupports both Android Wear 1.0 and 2.0",
  "inc": "People Talkin'",
  "intalled_count": "1,000",
  "last_update": [
    "January",
    "18",
    " 2018"
  ],
  "name": "Phone Battery for Android Wear",
  "offered_by": "Google Commerce Ltd",
  "permissions": {
    "Other": [
      "run at startup",
      "control vibration",
      "prevent device from sleeping"
    ]
  },
  "rate": [
    [
      "46",
      "4.2"
    ],
    [
      "27",
      "5"
    ],
    [
      "10",
      "4"
    ],
    [
      "4",
      "3"
    ],
    [
      "1",
      "2"
    ],
    [
      "4",
      "1"
    ]
  ],
  "required_android": "Varies with",
  "size": "Varies with devic",
  "url": "https://play.google.com/store/apps/details?id=com.ppltalkin.phonebatterylevel",
  "version": "1.1.6"
}