{
  "categories": [
    "Educational",
    "Education"
  ],
  "description": "Calc Fast is a math game, where you need to solve as many math equations as possible in 60 seconds.The game will present you with addition, subtraction, multiplication, and division. Try your best and make the highscore table.Great game if you are new to basic mathematic calculations, want to improve your math skills, or need a brain teaser. The game will provide you with statistics about your performance, telling you what you are best at and which equations you are getting wrong.",
  "inc": "Gaute Meek Olsen",
  "intalled_count": "100,000",
  "last_update": [
    "March",
    "2",
    " 2018"
  ],
  "name": "Calc Fast",
  "offered_by": "Gaute Meek Olsen",
  "permissions": {
    "Other": [
      "receive data from Internet",
      "view network connections",
      "full network access",
      "prevent device from sleeping"
    ]
  },
  "rate": [
    [
      "1,139",
      "4.4"
    ],
    [
      "825",
      "5"
    ],
    [
      "146",
      "4"
    ],
    [
      "74",
      "3"
    ],
    [
      "11",
      "2"
    ],
    [
      "83",
      "1"
    ]
  ],
  "required_android": "Varies with",
  "size": "Varies with devic",
  "url": "https://play.google.com/store/apps/details?id=gautemo.game.calcfast",
  "version": "Varies with device"
}