{
  "categories": [
    "Entertainment",
    "Brain Games"
  ],
  "description": "Fill in the blanks and be the funniest person in the room!FEATURES\u2022 21 free Mad Libs stories with new content added all the time\u2022 Swipe gestures make creating stories faster and easier\u2022 Interactive hints provide inspiration and speed your play along\u2022 Save your stories and share with friends\u2022 Earn badges every time you play\u2022 Replay stories as many times as you want\u2022 Play solo or with friends and family\u2022 Bright, engaging color palette and custom typography\u2022 Custom illustrations for every book\u2022 Explore optional in-app purchases for loads more stories\u2022 Kid-friendly interface\u2022 No 3rd party advertisingAWESOME LOOKBright, fun, and engaging\u2014it\u2019s a super cool Mad Libs experience.MAD LIBS MUSIC?!Play along to an original soundtrack and audio effects.CREATE, LAUGH, AND LEARNThis game makes you seriously smart\u2014you\u2019ll learn how to make great, fun word choices!",
  "inc": "Penguin Random House LLC",
  "intalled_count": "1,000,000",
  "last_update": [
    "July",
    "31",
    " 2018"
  ],
  "name": "Mad Libs",
  "offered_by": "Penguin Random House LLC",
  "permissions": {
    "Photos/Media/Files": [
      "read the contents of your USB storage",
      "modify or delete the contents of your USB storage"
    ],
    "Storage": [
      "read the contents of your USB storage",
      "modify or delete the contents of your USB storage"
    ],
    "Wi-Fi connection information": [
      "view Wi-Fi connections"
    ],
    "Other": [
      "view network connections",
      "full network access"
    ]
  },
  "rate": [
    [
      "8,126",
      "4.0"
    ],
    [
      "4,949",
      "5"
    ],
    [
      "1,063",
      "4"
    ],
    [
      "704",
      "3"
    ],
    [
      "387",
      "2"
    ],
    [
      "1,023",
      "1"
    ]
  ],
  "required_android": "6.0",
  "size": "61",
  "url": "https://play.google.com/store/apps/details?id=com.prh.madlibs_",
  "version": "1.1.1"
}