{
  "categories": [
    "Tools"
  ],
  "description": "Junk Cleaner for wear is the app for wear devices which cleans and clear the ram memory, improves the speed and performance. Effective in UI, looks and feel and the unique features, this is the best app for cleaning junk memory and speed boosting.Features of Junk Cleaner for Wear App:\u2022 One Tap Cleaning:  1 tap to CLEAN CACHE FILES and BOOST Wear performance \u2022 Task Manager and Task Killer:  Task manager shows list of apps and task running and option to Kill Task \u2022 Settings Option:  Notifications and Junk Cleaning Every Hour \u2022 Options to Open App and Uninstall App are available from Task Manager\u2022 Supported on Android Wear 1.0 and latest version 2.0 watches. \u2022 For Android 2.0 wear devices, the Junk Cleaner for wear can be downloaded from wear itself. It is supported by phone dependant app as well as the standalone app.\u2022 Compatible with Round watch as well as Square watch design\u2022 Supports on all Android Wear versions!! NOT FOR SAMSUNG GEAR S2 NOR GEAR S3 !! (running Tizen OS or other OS)Download the Junk Cleaner for wear app to clean junk memory and boost speed.Thanks.",
  "inc": "Vishal Mobitech Pvt Ltd",
  "intalled_count": "100",
  "last_update": [
    "June",
    "13",
    " 2017"
  ],
  "name": "Junk Cleaner and Speed Booster - Android Wear",
  "offered_by": "Google Commerce Ltd",
  "permissions": {
    "Device & app history": [
      "retrieve running apps"
    ],
    "Photos/Media/Files": [
      "read the contents of your USB storage",
      "modify or delete the contents of your USB storage"
    ],
    "Storage": [
      "read the contents of your USB storage",
      "modify or delete the contents of your USB storage"
    ],
    "Wi-Fi connection information": [
      "view Wi-Fi connections"
    ],
    "Other": [
      "delete other apps' data",
      "delete other apps' caches",
      "force device reboot",
      "close other apps",
      "delete all app cache data",
      "measure app storage space",
      "close other apps",
      "run at startup",
      "control vibration",
      "prevent device from sleeping",
      "view network connections",
      "delete all app cache data",
      "measure app storage space",
      "full network access",
      "close other apps",
      "run at startup",
      "control vibration",
      "prevent device from sleeping"
    ]
  },
  "rate": [
    [
      "4",
      "3.0"
    ],
    [
      "1",
      "5"
    ],
    [
      "1",
      "4"
    ],
    [
      "0",
      "3"
    ],
    [
      "1",
      "2"
    ],
    [
      "1",
      "1"
    ]
  ],
  "required_android": "Varies with",
  "size": "Varies with devic",
  "url": "https://play.google.com/store/apps/details?id=com.wearapp.junkcleaner.booster",
  "version": "1.0"
}