{
  "categories": [
    "Travel & Local"
  ],
  "description": "\u2b50\ufe0f Top travel app in the Middle East, Asia Pacific & India\u2b50 Featured on: SKY News Arabia, CNBC Asia, TechCrunch, tnooz, Straits Times, The Australian\u2b50 The most relevant, seamless and useful travel app availableSearch and compare travel costs in an instant from hundreds of airlines, travel suppliers and hotels worldwide with Wego\u2019s travel app on Android. It\u2019s the only travel app you\u2019ll ever need!Full price transparency \ud83d\udc4dSpecifically designed to help you find the lowest travel costs available online, Wego displays the total airfare or hotel rates clearly and upfront. By displaying taxes, surcharges and other associated fees, there are no nasty surprises when you make your booking.Best travel shopping experience on mobile \ud83d\udc4dThe Wego travel app delivers a fast and easy-to-use experience in over 20 languages and currencies. Select the best airfare or hotel rates from a comprehensive list of global airlines (full service and low cost), hotel brands and online travel agents, displayed alongside prices from familiar, local brands from your region.Advanced sorting and filtering options \ud83d\udc4dWego provides a wide range of sorting and filtering options so you can design your search requirements to suit you. With over 20 different dimensions for flights and hotel search, you can display the most relevant results for your needs in seconds.Commitment to innovation \ud83d\udc4dWego\u2019s team of very talented developers work tirelessly to ensure our travel app is of the highest standards possible. Wego stays ahead of the rest, dedicated to incorporating the latest tech innovations as (and sometimes before!) they\u2019re announced. You can rest assured that if there\u2019s any possible way to improve travel shopping, we\u2019ll deliver it to you.Even more features you\u2019ll love \ud83d\udc4d\u2713 Available in over 20 languages - Arabic, English, Bahasa Indonesia, French, Chinese and many more\u2713 Wego Weekend Getaway - incredibly useful app to help you find the best value trip for an upcoming weekend getaway based on your location\u2713 Recent searches - Wego saves them for you so there\u2019s no need to re-enter details\u2713 Full featured hotel listings with latest rates, photos, amenities and guest reviews.\u2713 Free membership to the Wego Insider\u2019s Club for exclusive travel partner deals, and hand-picked offers from our travel experts\u2713 Loyalty program filter (Wego Insider\u2019s Club) to ensure you make the most of your points\u2713 Hotel mapping functionality - find the perfect hotel combining price, location, star rating and guest reviews scores neatly presented on a map\u2713 Receive Price Alerts by email for that trip you're planning",
  "inc": "Wego.com",
  "intalled_count": "5,000,000",
  "last_update": [
    "August",
    "2",
    " 2018"
  ],
  "name": "Wego Flights & Hotels",
  "offered_by": "Google Commerce Ltd",
  "permissions": {
    "Identity": [
      "find accounts on the device"
    ],
    "Contacts": [
      "find accounts on the device"
    ],
    "Location": [
      "approximate location (network-based)",
      "precise location (GPS and network-based)"
    ],
    "Wi-Fi connection information": [
      "view Wi-Fi connections"
    ],
    "Photos/Media/Files": [
      "read the contents of your USB storage"
    ],
    "Storage": [
      "read the contents of your USB storage"
    ],
    "Other": [
      "receive data from Internet",
      "view network connections",
      "full network access",
      "prevent device from sleeping",
      "read Google service configuration"
    ]
  },
  "rate": [
    [
      "84,195",
      "4.5"
    ],
    [
      "58,848",
      "5"
    ],
    [
      "14,466",
      "4"
    ],
    [
      "5,493",
      "3"
    ],
    [
      "1,727",
      "2"
    ],
    [
      "3,661",
      "1"
    ]
  ],
  "required_android": "4.2",
  "size": "8.0",
  "url": "https://play.google.com/store/apps/details?id=com.wego.android",
  "version": "5.7.1"
}