{
  "categories": [
    "Education",
    "Education"
  ],
  "description": "THE ALL NEW BOB ZOOM 4With musics composed by professionals in early childhood education, Bob Zoom is back to conquer the hearts of children all around the world!Get ready for a musical journey next to the most popular ant of the internet!With Bob Zoom and his friends you will have great fun with music and educational stories full of imagination.Features*************+ 5 FREE clips in english!+ 13 new clips with Bob Zoom and his friends+ 13 new clips in spanish+ 13 new clips in portuguese+ Learn spanish and portuguese with funny animated clips+ Watch all clips in order. Keep your child entertained anywhere, anytime.+ Images to play with puzzles+ Watch on TV with your Chromecast+ Buy once and get access in your smartphone or tabletFacebookwww.facebook.com/BobZoomCreated by sBusiness: www.sbusiness.com.brPublished by 01Digitalwww.01digital.com.br",
  "inc": "01Digital",
  "intalled_count": "500,000",
  "last_update": [
    "August",
    "3",
    " 2018"
  ],
  "name": "Bob Zoom : videos for kids",
  "offered_by": "01Digital",
  "permissions": {
    "Photos/Media/Files": [
      "read the contents of your USB storage",
      "modify or delete the contents of your USB storage"
    ],
    "Storage": [
      "read the contents of your USB storage",
      "modify or delete the contents of your USB storage"
    ],
    "Wi-Fi connection information": [
      "view Wi-Fi connections"
    ],
    "Other": [
      "receive data from Internet",
      "view network connections",
      "connect and disconnect from Wi-Fi",
      "full network access",
      "run at startup",
      "control vibration",
      "prevent device from sleeping",
      "Google Play license check"
    ]
  },
  "rate": [
    [
      "3,612",
      "4.1"
    ],
    [
      "2,135",
      "5"
    ],
    [
      "552",
      "4"
    ],
    [
      "355",
      "3"
    ],
    [
      "205",
      "2"
    ],
    [
      "365",
      "1"
    ]
  ],
  "required_android": "4.3",
  "size": "92",
  "url": "https://play.google.com/store/apps/details?id=br.com.zeroum.bobzoom2",
  "version": "4.6"
}