{
  "categories": [
    "Education",
    "Education"
  ],
  "description": "Meet Robocar Poli rescue friends!",
  "inc": "KIGLE",
  "intalled_count": "1,000,000",
  "last_update": [
    "July",
    "18",
    " 2018"
  ],
  "name": "Poli Job Game",
  "offered_by": "KIGLE",
  "permissions": {
    "Identity": [
      "find accounts on the device"
    ],
    "Contacts": [
      "find accounts on the device"
    ],
    "Phone": [
      "read phone status and identity"
    ],
    "Photos/Media/Files": [
      "read the contents of your USB storage"
    ],
    "Storage": [
      "read the contents of your USB storage"
    ],
    "Device ID & call information": [
      "read phone status and identity"
    ],
    "Other": [
      "receive data from Internet",
      "view network connections",
      "full network access",
      "prevent device from sleeping"
    ]
  },
  "rate": [
    [
      "1,993",
      "4.2"
    ],
    [
      "1,379",
      "5"
    ],
    [
      "170",
      "4"
    ],
    [
      "163",
      "3"
    ],
    [
      "59",
      "2"
    ],
    [
      "222",
      "1"
    ]
  ],
  "required_android": "4.0",
  "size": "42",
  "url": "https://play.google.com/store/apps/details?id=com.kigle.project.poli.job",
  "version": "1.0.7"
}