{
  "categories": [
    "Casual",
    "Brain Games"
  ],
  "description": "Warm welcome from Candy Mania! Candy Mania is an interesting and splendid match-3 candy game. Play around hundreds of amazingly tasty puzzle levels and join the sweetest and tasty journey in Candy Mania!- Swap and match 3 or more tasty candies- Collect required number of candies to complete level targets- Captivating and new map scenes- Challenging but interesting obstacles- Eye-catching and adorable candy graphics- Easy to play, hard to master- Use powerful boosters smartly to help you level up- Make hundreds of combos to pass levels strategically-FREE and FUN for everyoneLet\u2019s get started with amazing Candy Mania!",
  "inc": "Cosmo Game",
  "intalled_count": "1,000,000",
  "last_update": [
    "March",
    "22",
    " 2018"
  ],
  "name": "Candy Mania",
  "offered_by": "Cosmo Game",
  "permissions": {
    "Phone": [
      "read phone status and identity"
    ],
    "Photos/Media/Files": [
      "read the contents of your USB storage",
      "modify or delete the contents of your USB storage"
    ],
    "Storage": [
      "read the contents of your USB storage",
      "modify or delete the contents of your USB storage"
    ],
    "Wi-Fi connection information": [
      "view Wi-Fi connections"
    ],
    "Device ID & call information": [
      "read phone status and identity"
    ],
    "Other": [
      "view network connections",
      "full network access"
    ]
  },
  "rate": [
    [
      "4,745",
      "4.4"
    ],
    [
      "3,115",
      "5"
    ],
    [
      "899",
      "4"
    ],
    [
      "441",
      "3"
    ],
    [
      "96",
      "2"
    ],
    [
      "194",
      "1"
    ]
  ],
  "required_android": "4.0.3",
  "size": "15",
  "url": "https://play.google.com/store/apps/details?id=com.cosmo.candy.mania.free",
  "version": "1.3.3163"
}