{
  "categories": [
    "Education",
    "Education"
  ],
  "description": "-App for kids to learn Numbers .-Fun to learn Numbers  with audio.-Added Numbers  with good graphics and sound.-Helpful to understand number.Exercise with Addition and Subtraction:-There is simple addition and subtraction of picture images.-Find the number of images, if plus(+) sign make addition,For minus(-) sign make subtraction.-Add number in place ? mark,and click on 'Check' for answer.-For correct answer it show 'Correct', if answer is wrong, it show 'Wrong'.-Re-enter answer and again click on check.-After correct answer 'Next Arrow' appears, click on next for next exercise.-Added more good quality pictures.-Corrected picture display within box.-Ascending order-Descending order-Finding before,  between and after missing number.-Clock learning and game activity within it.-Greater than and lesser than sign learning.-Smallest and biggest number.",
  "inc": "Genius Games",
  "intalled_count": "100,000",
  "last_update": [
    "April",
    "11",
    " 2018"
  ],
  "name": "Preschool kids : Number & Math",
  "offered_by": "Genius Games",
  "permissions": {
    "Other": [
      "view network connections",
      "full network access"
    ]
  },
  "rate": [
    [
      "179",
      "4.7"
    ],
    [
      "149",
      "5"
    ],
    [
      "20",
      "4"
    ],
    [
      "4",
      "3"
    ],
    [
      "1",
      "2"
    ],
    [
      "5",
      "1"
    ]
  ],
  "required_android": "2.2",
  "size": "5.4",
  "url": "https://play.google.com/store/apps/details?id=com.geniusgames.number",
  "version": "3.0.1"
}