{
  "categories": [
    "Education",
    "Education"
  ],
  "description": "Mom's Choice Awarded as \"Gold Seal of Approval - Excellence in Family-Friendly Products\", Papumba Academy subscription app is your key tool in your child\u2019s learning path.Papumba Academy is the app preferred by children ages 2 to 6 worldwide for learning while playing.With Papumba Academy, children have access to a world of knowledge simply by playing and having fun. They can learn about animals, the alphabet, numbers, music, drawing and much more.Do you enjoy watching your son or daughter laugh, have fun and learn while playing? Try Papumba Academy now and be amazed to see how they\u2019ll learn new things every day. Thousands of children play with Papumba at home every day!Play and learn with your mobile phone or tablet, even without internet. Ideal for car trips, waits and places to eat!Discover and play while learning\u2022 Animals\u2022 The alphabet\u2022 Numbers\u2022 Logic and memory games\u2022 Art\u2022 Songs\u2022 Family moments (games designed for parents and children to share)\u2022 And much more!Designed by early education experts, Papumba Academy will be your ideal ally in keeping your child learning and entertained. It\u2019s completely safe for children!Papumba Academy Features\u2022 Papumba Academy is a subscription service. Try it free for 7 days and cancel any time.\u2022 Get new educational games, videos and songs every week!\u2022 You can change the language so your child learns another language. There are over 18 languages available!\u2022 Give your child the opportunity to develop in a stress-free learning environment that will allow them to learn at their own pace.Love Papumba?Like us on Facebook: http://www.facebook.com/papumbagamesFollow us on Twitter: http://twitter.com/papumba_ok",
  "inc": "Papumba",
  "intalled_count": "100,000",
  "last_update": [
    "July",
    "11",
    " 2018"
  ],
  "name": "Papumba Academy - Fun Learning For Kids",
  "offered_by": "Papumba",
  "permissions": {
    "Wi-Fi connection information": [
      "view Wi-Fi connections"
    ],
    "Other": [
      "receive data from Internet",
      "view network connections",
      "full network access",
      "run at startup",
      "control vibration",
      "prevent device from sleeping"
    ]
  },
  "rate": [
    [
      "496",
      "4.4"
    ],
    [
      "373",
      "5"
    ],
    [
      "44",
      "4"
    ],
    [
      "23",
      "3"
    ],
    [
      "10",
      "2"
    ],
    [
      "46",
      "1"
    ]
  ],
  "required_android": "4.2",
  "size": "94",
  "url": "https://play.google.com/store/apps/details?id=com.papumba.academyforkids",
  "version": "1.0"
}