{
  "categories": [
    "Education",
    "Education"
  ],
  "description": "Need baby counting games for kids with number writing practice? Try our number games for toddlers! Here learn to write numbers for toddlers and counting for kids in a playful manner! \ud83c\udf93\ud83e\udd13\ud83e\udd17\ud83c\udf6dThere never was such a SuperInteresting and SuperIntriguing way to learn numbers!!!\"Learning numbers for kids! Writing Counting Games! - happy kindergarten games, which will help to learn to count from to 10. While playing with little number-characters your child learn to write  numbers. They will learn a correlation between numbers and quantities in early math games for kids. \ud83d\udc4d Number games for toddlers includes many amazing educational games for kids 1st grade free:\ud83d\udc4bFIRST EXPOSURE TO NUMBERS AND THEIR NAMES \"Catch the NumBlot!\" Collect the needed NumBlot in the bucket with paint & counting for kids!\u270d\ufe0fDRAW  NUMBERS\"Draw Super Numbers!\" Draw your own Super Numbers with help from the magical paint (counting for kids, that improve their number writing practice). \ud83d\udd1fCOUNT FROM 1 TO 10\"Feed the Super Number!\" Catch and count the food for the hungry Super Number. \ud83d\udc68\u200d\ud83c\udf93CORRELATION BETWEEN NUMBERS AND QUANTITIES \"Puzzle-hide and seek with Super Numbers!\" - numbers game, catch all the rogue Super Numbers and put them onto their correct place.  What does \u201cLearning numbers for kids! Writing Counting Games!\u201d - kids number games for preschoolers free offer:\u2022        Super Amusing characters!\u2022        Super Entertaining education!\u2022        Super Funny sound effects and animation! \u2022        Number games for kids & learn counting games for toddlers free!\u2022        Super counting numbers for toddlers free (count to 10)\u2022        Super Comfortable interface!\u2022        No Internet connection required!\ud83d\udc8e FEATURES OF COUNTING APPS FOR KIDS:\u2022        Funny and entertaining kindergarten learning free apps!\u2022        Fun learn counting for toddlers and writing numbers for kids!\u2022        Baby apps for 2 year olds to 6 years old!\u2022        Dynamic and diverse kindergarten learning free apps!\u2022        Amazing graphics in write numbers app!\u2022        Comfortable and simple interface for preschoolers ages 2 to 5!\u2022        Parental control!\u2022        No third-party ads in kindergarten games!\u2022        No wifi needed!We are sure that kids number games for preschoolers will help your children take their first steps into the big world of mathematics, awaken their curiosity of the new and bring joyous times into their lives and improve number writing practice.You will get 4 levels of counting games for kids for free! You should download the full version to enjoy all levels unlocked. Early math games for kids!About BINI BAMBINI:These kid number games for kindergarten have been created by Bini Bambini, a software company which develops educational games for kids kindergarten.Our free learning games for toddlers age 3 are distinguished by high quality content with particular attention to design. The simple and user-friendly interfaces of our fine motor skill games have been especially created for little ones. The purpose of all our children games for 5 years free is aimed for your child's all-round development. With our kindergarten learning games kids learn the alphabet, letters, numbers and phonics. The kindergarten games free for 5 year old help preschoolers to develop memory, attention span, vocabulary and speech, as well as other basic skills. Children are exposed to writing numbers for kids through building puzzles and doing simple math.  As a company we strive to make our learning games for toddlers age 2 practical, instilling a desire for knowledge, interest in reading and studying. Our counting apps for kids contain no third party advertising and comply with the standards of \u201cDesigned For Family\u201d.There is only a part of the content available in the free version of the application. To gain access to the full version, you will need to make a built-in purchase.",
  "inc": "Bini Bambini",
  "intalled_count": "1,000,000",
  "last_update": [
    "March",
    "28",
    " 2018"
  ],
  "name": "Learning numbers for kids! Writing Counting Games!",
  "offered_by": "Bini Bambini",
  "permissions": {
    "Other": [
      "receive data from Internet",
      "view network connections",
      "full network access",
      "run at startup",
      "control vibration",
      "prevent device from sleeping"
    ]
  },
  "rate": [
    [
      "7,251",
      "4.5"
    ],
    [
      "5,137",
      "5"
    ],
    [
      "1,189",
      "4"
    ],
    [
      "490",
      "3"
    ],
    [
      "141",
      "2"
    ],
    [
      "294",
      "1"
    ]
  ],
  "required_android": "4.1",
  "size": "29",
  "url": "https://play.google.com/store/apps/details?id=com.binibambini.NumbersMonstersLite",
  "version": "1.0.3.4"
}