{
  "categories": [
    "Educational",
    "Education"
  ],
  "description": "Lili is the most adorable baby tiger, and now she can be your pocket pet friend! Take care of tiny Lili: wash, dress up, feed, play games and do crafts with her! Don\u2019t forget that she\u2019s still a baby kitty and needs a lot of sleep!We saw how much you loved baby tiger Lili from Kiki & Fifi Pet Hotel and created this adorable little game for you! Now you can have Lili as your virtual pet! Take care of the tiny tiger, watch her stats and enjoy her unbearable cuteness!CUSTOMIZEChange Lili\u2019s fur to black, silver, pink or even purple! Mix and match! Add some fun accessories and cute clothes! Create a truly unique look for your virtual pet!FEEDLili needs to fill her tummy with yummy food! Offer her what you have in the fridge and watch how she reacts to different foods! Broccoli? Eww! Confetti cake? Yum! And what about some cockroach jelly or hot pepper? Don\u2019t forget to take Lili to the Cafe from time to time and treat her with her favorite pizza or ice cream!WASHJust as any other baby, sometimes tiger Lili gets messy and dirty. Wash her at home with lovely shampoo and a soft sponge or visit the Spa for extra cleanliness and stress relief. DOn\u2019t forget to teach baby Lili how to use the toilet too!SLEEPBaby Lili needs a lot of energy for more adventures! Sing her to sleep in her cozy baby bed. Enter the magical world of Lili\u2019s dreams where fluffy clouds, colorful ice cream and adorable sheeps live! Save the baby tiger from her nightmares!PLAY & DIYGo for a walk with baby Lili and visit the Play House. Solve jigsaw puzzles, play memory games and express your creativity while coloring! Design unique PJ\u2019s for tiger Lili: cut, sew, choose colors and patterns! Explore the street and find a hidden poop game!Play the best baby tiger care game for boys and girls:\u00b7 Take care of the cutest tiny tiger Lili!\u00b7 Customize your virtual pet\u2019s look!\u00b7 Wash her and take her to the Spa!\u00b7 Feed Lili with her favorite and not so yummy food!\u00b7 Sing her to sleep and dive into her sweet dreams!\u00b7 Play mini games and do crafts with baby Lili!\u00b7 Pet Lili and watch her adorable reactions!\u00b7 Explore Lili\u2019s world and find more fun games in the most unexpected places!\u00b7 Play every day and collect unique plushie prizes!\u00b7 Unlock all super cute interactive ice cream collectibles!- - - - - - - - - - - - - - - - - - - - - - - -About TutoTOONS Games for KidsCrafted and play-tested with kids and toddlers, TutoTOONS games foster kids\u2019 creativity and help them learn while playing the games they love. Fun and educational TutoTOONS games strive to bring meaningful and safe mobile experience to millions of children worldwide.Important Message to ParentsThis app is free to download and play, but there are certain in-game items that may be purchased for real money. By downloading this app you agree to TutoTOONS Privacy Policy and Terms of Use.Discover More Fun with TutoTOONS!\u00b7 Subscribe to our YouTube channel: https://www.youtube.com/c/tutotoonsofficial\u00b7 Learn more about us: https://tutotoons.com\u00b7 Read our blog: https://blog.tutotoons.com",
  "inc": "TutoTOONS",
  "intalled_count": "100,000",
  "last_update": [
    "July",
    "27",
    " 2018"
  ],
  "name": "Baby Tiger Care - My Cute Virtual Pet Friend",
  "offered_by": "TutoTOONS",
  "permissions": {
    "Photos/Media/Files": [
      "read the contents of your USB storage",
      "modify or delete the contents of your USB storage"
    ],
    "Storage": [
      "read the contents of your USB storage",
      "modify or delete the contents of your USB storage"
    ],
    "Wi-Fi connection information": [
      "view Wi-Fi connections"
    ],
    "Other": [
      "view network connections",
      "full network access",
      "prevent device from sleeping"
    ]
  },
  "rate": [
    [
      "447",
      "4.5"
    ],
    [
      "354",
      "5"
    ],
    [
      "39",
      "4"
    ],
    [
      "19",
      "3"
    ],
    [
      "7",
      "2"
    ],
    [
      "28",
      "1"
    ]
  ],
  "required_android": "4.4",
  "size": "63",
  "url": "https://play.google.com/store/apps/details?id=com.tutotoons.app.babytigercare.free",
  "version": "1.0.89"
}