{
  "categories": [
    "Tools"
  ],
  "description": "Analog watch face for Android Wear 2 based on live wallpaper Analog Clock Live Wallpaper-7. The clock shows the current date, day of the week, month and battery charge. 12/24 time format is supported. Month and day of the week display according device language.Options: * Show the date and battery charge; * Color of text; * Color of second hand.",
  "inc": "Style-7",
  "intalled_count": "500",
  "last_update": [
    "February",
    "21",
    " 2018"
  ],
  "name": "Analog Clock AW2-7",
  "offered_by": "Google Commerce Ltd",
  "permissions": {
    "Other": [
      "prevent device from sleeping"
    ]
  },
  "rate": [],
  "required_android": "7.1",
  "size": "573",
  "url": "https://play.google.com/store/apps/details?id=style_7.analogclockaw2_7",
  "version": "1.11"
}