{
  "categories": [
    "Travel & Local"
  ],
  "description": "*1st Winner of \u201cOne to Watch\u201d at BrandZ\u2122 Top 50 Most Valuable Indonesian Brands in 2016**Top Sky Agent - Red Diamond Award, Bangkok & Central Thailand, 2015 by Thai AirAsia**1st Winner of Top Brand Award 2015 & 2016 for Flight Ticket & Hotel Booking Service**Official partner of IATA (International Air Transport Association)**Covered by international press: Financial Times, Tech in Asia, tnooz, e27**Indonesia's No. 1 Cheap Flight & Hotel Booking Service according to comScore**Garuda Indonesia's Best Performing GOS Agent 2014*More than 12,000,000 people have secured cheap flight tickets and good value hotels with the free Traveloka App. Pay for your flight tickets and hotel bookings through secure, various payment methods including credit cards, bank transfers, and over-the-counter payments across Southeast Asia. Receive your e-tickets or hotel vouchers instantly in your inbox. This is travel made easy.WHY USE TRAVELOKA FLIGHT & HOTEL APP?HONEST PRICE: NO BOOKING FEES, NO HIDDEN CHARGESOur travel application offers you the cheapest flights and lowest prices of hotel rooms \u2014 no booking fees, no hidden charges involved. All prices shown already include applicable taxes and surcharges. Price you see = price you pay.ONE-TAP MULTI-AIRLINES PAIRINGFly worldwide in one single tap. Our free travel app combines multiple airlines for different legs of your journey, and ensure you reach your destination at the cheapest price possible.GET YOUR E-TICKET/HOTEL VOUCHER IN 1 MINUTE OR LESSAuto-fill your booking form with our Travelers Picker feature, complete your payment in one single tap with My Cards, and receive your flight ticket or hotel voucher in your inbox in less than 1 minute. Register or log in to enjoy these in-app features.WIDE SELECTION OF AIRLINES AND HOTELSFind cheap flight tickets to Singapore, Malaysia, Thailand, Vietnam, The Philippines or anywhere else in the world from our wide selection of low-cost and full-service airlines: AirAsia, Garuda Indonesia, Malaysia Airlines, Singapore Airlines, Cebu Pacific, and many more.For hotel booking, get awesome hotel deals from cheap to 5-star luxury hotels in major destinations including Singapore, Malaysia, Thailand, Vietnam, Philippines: Hilton, Red Planet Hotel, Fragrance Hotel, Marriott, Best Western, etc.PAPERLESS E-TICKETS/HOTEL VOUCHERSForget printing your tickets. Our free travel app stores all your flight tickets and hotel vouchers in your account, making it accessible on multiple devices \u2014 even without internet connection.SMART COMBO \u2014 UP TO 40% SAVINGS ON INTERNATIONAL FLIGHTSWith our free travel app, book round-trip cheap tickets with selected airlines marked with \u201cSmart Combo\u201d today and save up to 40% on your international travel!NUMEROUS APP-ONLY DEALSTraveloka offers app-only deals and notifies you when cheap flight and hotel special promotions are available. Also find real-time discounts on hotels near you with this hotel app. Never miss any deals again with our handy flight & hotel app!24-HOUR MULTI-LINGUAL CUSTOMER SERVICEOur Customer Service team speaks English, Indonesian, Malay, Thai and Vietnamese \u2014 and are available 24 hours every day to address your questions. Reach us by phone, email or live chat, from anywhere in the world.PERMISSIONSThis app requires your permission to the following:YOUR CAMERA [WRITE_EXTERNAL_STORAGE, READ_EXTERNAL_STORAGE]To upload your payment proofs quickly when you make payments by Bank TransferYOUR LOCATION [ACCESS_COARSE_LOCATION, ACCESS_FINE_LOCATION]To help you find the perfect hotels nearbyYOUR EMAIL ADDRESS [GET_ACCOUNTS]To automatically suggest your email address during bookings or registrationYOUR PHONE NUMBER [RECEIVE_SMS]To automatically read the verification code sent to your phone during registration (this speeds up the registration process)",
  "inc": "Traveloka",
  "intalled_count": "10,000,000",
  "last_update": [
    "July",
    "31",
    " 2018"
  ],
  "name": "Traveloka Book Flight & Hotel",
  "offered_by": "Google Commerce Ltd",
  "permissions": {
    "Identity": [
      "find accounts on the device"
    ],
    "Calendar": [
      "read calendar events plus confidential information",
      "add or modify calendar events and send email to guests without owners' knowledge"
    ],
    "Contacts": [
      "find accounts on the device"
    ],
    "Location": [
      "approximate location (network-based)",
      "precise location (GPS and network-based)"
    ],
    "SMS": [
      "receive text messages (SMS)"
    ],
    "Phone": [
      "directly call phone numbers",
      "read phone status and identity"
    ],
    "Photos/Media/Files": [
      "read the contents of your USB storage",
      "modify or delete the contents of your USB storage"
    ],
    "Storage": [
      "read the contents of your USB storage",
      "modify or delete the contents of your USB storage"
    ],
    "Camera": [
      "take pictures and videos"
    ],
    "Wi-Fi connection information": [
      "view Wi-Fi connections"
    ],
    "Device ID & call information": [
      "read phone status and identity"
    ],
    "Other": [
      "receive data from Internet",
      "view network connections",
      "full network access",
      "change your audio settings",
      "draw over other apps",
      "prevent device from sleeping",
      "read Google service configuration",
      "view network connections",
      "full network access",
      "draw over other apps",
      "prevent device from sleeping",
      "view network connections",
      "full network access",
      "close other apps",
      "draw over other apps",
      "prevent device from sleeping"
    ]
  },
  "rate": [
    [
      "300,661",
      "4.4"
    ],
    [
      "196,517",
      "5"
    ],
    [
      "63,455",
      "4"
    ],
    [
      "24,735",
      "3"
    ],
    [
      "6,306",
      "2"
    ],
    [
      "9,648",
      "1"
    ]
  ],
  "required_android": "Varies with",
  "size": "Varies with devic",
  "url": "https://play.google.com/store/apps/details?id=com.traveloka.android",
  "version": "Varies with device"
}