{
  "categories": [
    "Travel & Local"
  ],
  "description": "Stay 7 nights and get 1 day free!No.1 Hotel & Restaurant reservation app, assured by 7 million users. (Best rated) Best deals on our selection of worldwide hotels, resorts and restaurants - up to 80% saving.[Exclusively available at DAILYHOTEL]Over 25,000 hotels, resorts, guest houses and more \u2013 We\u2019ve got them all!Discover and book luxury restaurants - Hotel buffet, Italian, Asian, dessert ; We have all flavor preferences ready.[Need a wonderful getaway from daily life?]Our 3 seconds payment system is verified to be safe and secure.We are 100% ad free. Pick your preference with an exclusive deal.Searching for a place to stay in Seoul, Busan or Jeju island? We make your choices easier![Meet the best resort deals - Over 3,500 resorts]Looking for a resort to enjoy your staycation? - Spa, ski, urban and sea-side plus other incredible resort types are available.Discover over 3,500 resorts in Korea while enjoying exclusive benefits.[Hot price deals from over 10,000 hotels in globe]Over 10,000 hotels and resorts in 22 countries.Asia, Europe and Oceania.Make your travel handy with DAILYHOTEL![Luxurious hotel life you dreamed of is not a fantasy anymore]Best hotels in Korea - Four Seasons, The Shilla, The Westin Chosun, Hilton, Marriott, Sheraton, and Lotte plus more 5 star hotels are available.Download your best travel mate, DAILYHOTEL, and tremendously expand your Special days!",
  "inc": "DAILYHOTEL",
  "intalled_count": "5,000,000",
  "last_update": [
    "July",
    "31",
    " 2018"
  ],
  "name": "DAILYHOTEL Stay 7nights and get 1day free",
  "offered_by": "Google Commerce Ltd",
  "permissions": {
    "Location": [
      "approximate location (network-based)",
      "precise location (GPS and network-based)"
    ],
    "Wi-Fi connection information": [
      "view Wi-Fi connections"
    ],
    "Device & app history": [
      "retrieve running apps"
    ],
    "Phone": [
      "read phone status and identity"
    ],
    "Photos/Media/Files": [
      "read the contents of your USB storage",
      "modify or delete the contents of your USB storage"
    ],
    "Storage": [
      "read the contents of your USB storage",
      "modify or delete the contents of your USB storage"
    ],
    "Device ID & call information": [
      "read phone status and identity"
    ],
    "Other": [
      "receive data from Internet",
      "view network connections",
      "full network access",
      "control vibration",
      "prevent device from sleeping",
      "read Google service configuration",
      "view network connections",
      "disable your screen lock",
      "full network access",
      "control vibration",
      "prevent device from sleeping",
      "read Google service configuration"
    ]
  },
  "rate": [
    [
      "37,872",
      "4.8"
    ],
    [
      "31,773",
      "5"
    ],
    [
      "4,382",
      "4"
    ],
    [
      "808",
      "3"
    ],
    [
      "252",
      "2"
    ],
    [
      "657",
      "1"
    ]
  ],
  "required_android": "4.0.3",
  "size": "8.6",
  "url": "https://play.google.com/store/apps/details?id=com.twoheart.dailyhotel",
  "version": "2.2.7"
}