{
  "categories": [
    "Travel & Local"
  ],
  "description": "Klook is your guide to tourist attractions, travel activities and local experiences around the world. Book tickets at the best prices anywhere and enjoy savings on day trips and holidays.Find travel activities, from sightseeing tours to shows, and plan holidays you\u2019ll never forget. Discover thousands of experiences, day trips, guided tours and shows. Explore museums in Hong Kong, take a guided tour of Seoul or find local adventures under the sea in Bali. Plan holidays, browse reviews from Klook users and book tickets at the best prices directly from the app.Klook travel activities, guided tours and tourist attractions: TOP 3 FEATURESBrowse experiences and curated adventures, read reviews, find the best prices and enjoy the savings.Discover exclusive deals and savings on amazing attractions, sightseeing tours and shows. Book tickets for local adventures and day trips safely and securely with global credit card and Apple Pay coverage.Klook will guide you as you plan holidays and browse reviews. Explore museums and tourist attractions, discover a new city with sightseeing tours, or take the path less travelled with activities that will turn your holiday into an unforgettable adventure. ----Find us online and say hello!\u00b7 Official Website: www.klook.com \u00b7 Facebook: @klookglobal \u00b7 Twitter: @klooktravel \u00b7 Instagram: @klooktravelWe are always improving and updating our app, and we\u2019d love to know what you think! Leave a review in the Google Play Store or get in touch at appfeedback@klook.com",
  "inc": "Klook Travel Technology Ltd.",
  "intalled_count": "1,000,000",
  "last_update": [
    "July",
    "31",
    " 2018"
  ],
  "name": "Klook: Sightseeing Tours, Activities & Experiences",
  "offered_by": "Google Commerce Ltd",
  "permissions": {
    "Device & app history": [
      "retrieve running apps"
    ],
    "Identity": [
      "find accounts on the device",
      "add or remove accounts"
    ],
    "Contacts": [
      "find accounts on the device"
    ],
    "Location": [
      "approximate location (network-based)",
      "precise location (GPS and network-based)"
    ],
    "Phone": [
      "read phone status and identity"
    ],
    "Photos/Media/Files": [
      "read the contents of your USB storage",
      "modify or delete the contents of your USB storage"
    ],
    "Storage": [
      "read the contents of your USB storage",
      "modify or delete the contents of your USB storage"
    ],
    "Wi-Fi connection information": [
      "view Wi-Fi connections"
    ],
    "Device ID & call information": [
      "read phone status and identity"
    ],
    "Other": [
      "receive data from Internet",
      "view network connections",
      "pair with Bluetooth devices",
      "change system display settings",
      "connect and disconnect from Wi-Fi",
      "full network access",
      "control vibration",
      "prevent device from sleeping",
      "modify system settings"
    ]
  },
  "rate": [
    [
      "5,132",
      "4.5"
    ],
    [
      "3,764",
      "5"
    ],
    [
      "757",
      "4"
    ],
    [
      "205",
      "3"
    ],
    [
      "98",
      "2"
    ],
    [
      "308",
      "1"
    ]
  ],
  "required_android": "4.1",
  "size": "Varies with devic",
  "url": "https://play.google.com/store/apps/details?id=com.klook",
  "version": "5.0.0"
}