{
  "categories": [
    "Educational",
    "Education"
  ],
  "description": "Build your own BRIO railway! In this app you can build your own railway with all the classic parts from the world of BRIO. You can lay down tracks, place stations and figures, combine your own train sets and travel out to solve missions in an amazing train world.  The app stimulates creative play where kids can create their own world and play freely. When they play in the world and solve missions they receive more elements to build with. Features - Build your own railway with an awesome collection of parts - Create amazing train sets with more than 50 different train parts - Jump into the trains and ride on your own track - Help the characters in different missions in the world and collect joy to unlock new elements to build with - Load cargo with cranes - Feed the animals to make them happy - Create up to five different profiles in the app The app is suitable for kids between 3 and 10 years old.KID SAFETYThe safety of kids is very important for us at Filimundus and BRIO. There is no offensive or explicit material in this app, no ads and no IAP (in app purchases).About FILIMUNDUSFilimundus is a swedish gamestudio focused in creating developing games for kids. We want to stimulate learning by giving them challenges where they can create things and then play with it. We believe in giving kids a creative environment where they can develop through open ended play. Visit us at: www.filimundus.seAbout BRIOFor over a century, our driving force has been to spread joy among children around the world. We want to create happy childhood memories where the imagination is allowed to flow freely. BRIO is a Swedish toy brand that creates innovative, high-quality and well-designed wooden toys that give children a safe and fun play experience. The company was founded in 1884 and is represented in over 30 countries. For more information, please visit www.brio.net.* Please note: This game is not playable on Nvidia Tegra 2 based devices (some tablets and phones released around 2011) *",
  "inc": "Filimundus AB",
  "intalled_count": "10,000",
  "last_update": [
    "September",
    "22",
    " 2017"
  ],
  "name": "BRIO World - Railway",
  "offered_by": "Filimundus AB",
  "permissions": {
    "Other": [
      "view network connections",
      "full network access"
    ]
  },
  "rate": [
    [
      "343",
      "4.4"
    ],
    [
      "250",
      "5"
    ],
    [
      "44",
      "4"
    ],
    [
      "15",
      "3"
    ],
    [
      "13",
      "2"
    ],
    [
      "21",
      "1"
    ]
  ],
  "required_android": "4.1",
  "size": "74",
  "url": "https://play.google.com/store/apps/details?id=se.filimundus.briorailway",
  "version": "4.0.3"
}