{
  "categories": [
    "Tools"
  ],
  "description": "Take advantage of accurate and integrated compass, level and gps tools in one screen.For lovers of D.I.Y. and fans of self-assembling: this makes you an expert in placing furniture, hanging up a shelf or frame.For tracking, hiking and camping fanatics: now you will never be off course, always having the right position and direction.This tool is handy and very accurate - try it yourself! Advice: for a better accuracy, first calibrate once. \u2713 Compass Usage\u2022 Find and keep track of the right heading\u2022 Get information of your current position or a target position\u2022 Find your parked car through the target position feature. \u2713 Level Usage\u2022 Proper positioning of furniture\u2022 Straight installation of a shelf or a frame\u2022 Quickly level out your motor home or caravan \u2713 Features\u2022 Automatic horizontal and vertical level display\u2022 Choose Sound and/or Vibration when level\u2022 Manual compass and level calibration available\u2022 'Hold / Release' button, for easy readout\u2022 Screen Capture: no notes, just copy\u2022 Sensor sensitivity and update-cycle adaptable\u2022 Powerful GPS feature: set target position, and find the direction and distance. \u2713 Remarks (Compass)\u2022 Sensor accuracy may differ depending on the device used\u2022 For better accuracy, keep away from magnetic fields and electronic devices. ** User manual: http://lemonclip.blogspot.kr/2014/02/compass-level-user-manual.html \u2022 If you encounter any problem with this App or incorrect wording, please contact us via:  - https://www.facebook.com/CompassLevel  - jeedoridori@gmail.com",
  "inc": "LemonClip",
  "intalled_count": "1,000,000",
  "last_update": [
    "November",
    "21",
    " 2017"
  ],
  "name": "Compass Level & GPS",
  "offered_by": "Google Commerce Ltd",
  "permissions": {
    "Location": [
      "approximate location (network-based)",
      "precise location (GPS and network-based)"
    ],
    "Photos/Media/Files": [
      "read the contents of your USB storage",
      "modify or delete the contents of your USB storage"
    ],
    "Storage": [
      "read the contents of your USB storage",
      "modify or delete the contents of your USB storage"
    ],
    "Other": [
      "receive data from Internet",
      "full network access",
      "control vibration",
      "view network connections",
      "full network access",
      "control vibration",
      "prevent device from sleeping",
      "read Google service configuration"
    ]
  },
  "rate": [
    [
      "33,252",
      "4.2"
    ],
    [
      "18,960",
      "5"
    ],
    [
      "8,164",
      "4"
    ],
    [
      "2,857",
      "3"
    ],
    [
      "1,259",
      "2"
    ],
    [
      "2,012",
      "1"
    ]
  ],
  "required_android": "Varies with",
  "size": "Varies with devic",
  "url": "https://play.google.com/store/apps/details?id=com.jee.level",
  "version": "2.4.6"
}