{
  "categories": [
    "Productivity"
  ],
  "description": "The first pocket calculator for the Android Wear operation system. Perform calculations quickly without using your cell phone. It is simple and easy to use, a great helper for on the go. Switch between basic and scientific functions. Use also your voice to input calculations. Download now for free. To start the app. Just say: OK Google...Start calculator.Get more apps, games & news with \"Android Wear Center\": http://tinyurl.com/m87stxsBasic functions:division, multiplication, subtraction, addition, decimal point, resultScientific functions:trigonometric functions, logarithmic functions, exponential functions, modulo operation, constants pi and e, square root functionChoose from two themes:- Classic theme- Flat themeYou have to own an Android Wear device to use this appCurrently compatible devices:\u25ba HUAWEI Watch\u25ba Moto 360 Gen 2 (2015)\u25ba Moto 360 Gen 1 (2014)\u25ba Asus Zenwatch\u25ba LG G Watch\u25ba LG G Watch R\u25ba LG G Watch Urbane (Android Wear version)\u25ba Samsung Gear Live\u25ba Sony SmartWatch 3Please note:-Make sure your mobile is compatible with Android Wear.-Make sure to pair your phone with the wearable device with help of the Android Wear app.-To open: Go to \"Start...\" and open the app \"Calculator\" or say \"Start calculator\"Do you have any suggestions for improvement? Any ideas? Any issues with the app? Please let us know.",
  "inc": "Wearable Software",
  "intalled_count": "500,000",
  "last_update": [
    "December",
    "27",
    " 2017"
  ],
  "name": "Calculator For Wear OS (Android Wear)",
  "offered_by": "Google Commerce Ltd",
  "permissions": {
    "Other": [
      "prevent device from sleeping",
      "full network access"
    ]
  },
  "rate": [
    [
      "6,210",
      "4.2"
    ],
    [
      "3,323",
      "5"
    ],
    [
      "1,698",
      "4"
    ],
    [
      "623",
      "3"
    ],
    [
      "191",
      "2"
    ],
    [
      "375",
      "1"
    ]
  ],
  "required_android": "Varies with",
  "size": "Varies with devic",
  "url": "https://play.google.com/store/apps/details?id=rocketstartups.wearcalculator",
  "version": "1.7"
}