{
  "categories": [
    "Tools"
  ],
  "description": "Included right now:Complications- Small complication: Day of month with day of week- Big complication: Full date with day of week- Small complication: Dice- Small complication: ReminderTools- Dice- ReminderYou can send ideas or suggestions for other tools or complications to me (linkilehl@outlook.de)",
  "inc": "Linus Ehlers",
  "intalled_count": "100",
  "last_update": [
    "April",
    "2",
    " 2018"
  ],
  "name": "Wear-Tools - Reminder, complications and more",
  "offered_by": "Google Commerce Ltd",
  "permissions": {
    "Other": [
      "control vibration",
      "prevent device from sleeping"
    ]
  },
  "rate": [],
  "required_android": "7.1",
  "size": "1.8",
  "url": "https://play.google.com/store/apps/details?id=de.linkilehl.weartools",
  "version": "1.2.3"
}