{
  "categories": [
    "Education",
    "Education"
  ],
  "description": "Coloring pages for adults and kids.This virtual coloring and drawing book, full of dinosaurs pictures, is designed for all ages, girls and boys alike  as well as for adults. It is suitable for both phones and tablets.Adults and kids can fill the colors in prepared image outlines and can also create their own original drawings. It is so simple and easy even the youngest kids can play it. The game includes a lot of beautiful images of famous and beloved dinosaur characters, including Tyrannosaurus Rex, Stegosaurus, Spinosaurus, Archaeopteryx, and Triceratops.The game includes the following features:\u2714 60 colorable pictures of dinosaurs, mother and baby dinosaurs, etc.\u2714 20 bright and beautiful colors to use for drawing and filling.\u2714 A free-drawing game for creating original drawings.\u2714 Filling an entire region with color, drawing with a pencil or a brush, and using an eraser.You can paint, draw, or doodle their favorite dinosaurs, or basically whatever you want. Doodling, painting, and drawing have never been easier and more fun, so let's start now with your favorite fairy tales, like T-Rex , Stegosaurus, Spinosaurus, Archaeopteryx, and more.Our goal at Forqan Smart Tech is to provide the best value for your family, allowing them to develop visual and cognitive abilities, to learn to communicate with their peers and the environment around them, and to acquire important life skills. Each game is designed by a professional for the specific age group.It is the time to have fun with our wonderful Dinosaurs Coloring game!",
  "inc": "forqan smart tech",
  "intalled_count": "500,000",
  "last_update": [
    "February",
    "3",
    " 2018"
  ],
  "name": "Dinosaurs Coloring Pages",
  "offered_by": "forqan smart tech",
  "permissions": {
    "Photos/Media/Files": [
      "read the contents of your USB storage",
      "modify or delete the contents of your USB storage"
    ],
    "Storage": [
      "read the contents of your USB storage",
      "modify or delete the contents of your USB storage"
    ],
    "Other": [
      "view network connections",
      "full network access"
    ]
  },
  "rate": [
    [
      "392",
      "4.4"
    ],
    [
      "272",
      "5"
    ],
    [
      "61",
      "4"
    ],
    [
      "30",
      "3"
    ],
    [
      "5",
      "2"
    ],
    [
      "24",
      "1"
    ]
  ],
  "required_android": "4.0",
  "size": "41",
  "url": "https://play.google.com/store/apps/details?id=com.forqan.tech.DinoColoring",
  "version": "1.1.6"
}