{
  "categories": [
    "Health & Fitness",
    "Action & Adventure"
  ],
  "description": "Bring more fun to your daily brushing routine with Disney Magic Timer by Oral-B!Now featuring twenty-three of your favorite Disney, Marvel and Star Wars characters, use this app to seamlessly encourage your kids to brush longer. Longer, happier brushing for your little one is just a download away!All it takes are three simple steps:1.Download the Disney Magic Timer app by Oral-B.2.Scan any Crest or Oral-B Pro-Health Stages product.3.Reveal more fun and let the brushing begin.See how it works: http://www.oralb.com/stages/disney-timer-appCharacters featured in this app:\u2022 Olaf\u2022 Elsa\u2022 Anna\u2022 Darth Vader\u2022 Yoda\u2022 Storm Trooper\u2022 Belle\u2022 Ariel\u2022 Cinderella\u2022 Rapunzel\u2022 Thor\u2022 Iron Man\u2022 Hulk\u2022 Captain America\u2022 Lightning McQueen\u2022 Dusty\u2022 Doc McStuffins\u2022 Mickey Mouse\u2022 Minnie Mouse\u2022 Tinker Bell***Compatible with any Crest or Oral-B Pro-Health Stages products.This app will use your device camera for scanning any Crest or Oral-B Pro-Health Stages product to unlock sticker books. This app also allows content to be saved to external storage. Before you download this experience, please consider that this app contains in-app purchases that cost real money.Having issues with the app? Check out our help site for helpful articles - https://help.disney.com/en_US/Apps/Disney-Magic-Timer  Privacy Policy \u2013 https://privacy.thewaltdisneycompany.com/en/Terms of Use \u2013 http://disneytermsofuse.com",
  "inc": "Disney Publishing Worldwide",
  "intalled_count": "1,000,000",
  "last_update": [
    "June",
    "16",
    " 2018"
  ],
  "name": "Disney Magic Timer by Oral-B",
  "offered_by": "Disney Publishing Worldwide",
  "permissions": {
    "Photos/Media/Files": [
      "read the contents of your USB storage",
      "modify or delete the contents of your USB storage"
    ],
    "Storage": [
      "read the contents of your USB storage",
      "modify or delete the contents of your USB storage"
    ],
    "Camera": [
      "take pictures and videos"
    ],
    "Wi-Fi connection information": [
      "view Wi-Fi connections"
    ],
    "Other": [
      "receive data from Internet",
      "view network connections",
      "full network access",
      "prevent device from sleeping",
      "Google Play license check"
    ]
  },
  "rate": [
    [
      "31,113",
      "3.9"
    ],
    [
      "18,436",
      "5"
    ],
    [
      "3,253",
      "4"
    ],
    [
      "2,510",
      "3"
    ],
    [
      "1,963",
      "2"
    ],
    [
      "4,951",
      "1"
    ]
  ],
  "required_android": "4.2",
  "size": "83",
  "url": "https://play.google.com/store/apps/details?id=com.disneydigitalbooks.DisneyMagicBrushTimer_goo",
  "version": "4.0.6"
}