{
  "categories": [
    "Travel & Local"
  ],
  "description": "Radarbot es tu aliado en la carretera. La \u00fanica aplicaci\u00f3n que combina Alertas en tiempo real con el mejor sistema de detecci\u00f3n de Radares por GPS. 100% Legal y fiable. Conduce seguro y olv\u00eddate de las multas para siempre.Con Radarbot tendr\u00e1s en una \u00fanica y poderosa aplicaci\u00f3n el mejor DETECTOR DE RADARES, Alertas de tr\u00e1fico en tiempo real y un veloc\u00edmetro avanzado.- DETECTOR DE RADARESConduce con toda la tranquilidad que necesitas al volante sin poner en riesgo tu permiso de conducir. Radarbot te avisa de todos los tipos de Radares: - Radares fijos.- Posibles Radares M\u00f3viles (reportados por usuarios). - Radares en t\u00fanel.- Radares de tramo.- C\u00e1maras en Sem\u00e1foros.- Puntos de circulaci\u00f3n peligrosa.Actualizaciones diarias: Actualizamos nuestra base de datos de radares a diario para que puedas beneficiarte de continuas mejoras y actualizaciones gratuitas. \u00a1SIN SUSCRIPCIONES NI REGISTROS!* CARACTER\u00cdSTICAS:- Se integra con cualquier navegador GPS como la aplicaci\u00f3n de Mapas, permitiendo recibir avisos de navegaci\u00f3n y alertas de radares simult\u00e1neamente.- Modo ahorro bater\u00eda. La aplicaci\u00f3n es capaz de funcionar en segundo plano. Seguir\u00e1s recibiendo avisos incluso con la pantalla apagada.- Elige entre 4 modos de visualizaci\u00f3n diferentes. - Interface sencillo y funcional. Podr\u00e1s ver en tiempo real la distancia al radar m\u00e1s cercano, ubicaci\u00f3n, direcci\u00f3n y l\u00edmite de velocidad. - Avisos por voz. - Avisos en el sentido de la marcha. La aplicaci\u00f3n descarta autom\u00e1ticamente radares en sentido contrario o fuera de ruta.- Avisos sonoros al aproximarse a un Radar.- Avisos al superar l\u00edmite de velocidad.- Modo vibraci\u00f3n para motoristas.- Distancias y par\u00e1metros de aviso completamente configurables.- Conexi\u00f3n Bluetooth. - Verificaci\u00f3n de los Avisos. La fiabilidad de los avisos de Radar se calcula en tiempo real, seg\u00fan la informaci\u00f3n reportada a la plataforma por todos los usuarios.- ALERTAS EN TIEMPO REALRadarbot es una comunidad formada por m\u00e1s de 2 millones de conductores en todo el mundo con la que puedes compartir y recibir avisos de voz en tiempo real. Ent\u00e9rate al instante de lo que ocurre en la carretera y evita sorpresas. * CARACTER\u00cdSTICAS:- Plataforma de comunicaci\u00f3n creada por y para conductores. - Recibe y notifica alertas de tr\u00e1fico, controles m\u00f3viles y nuevos radares fijos. - Entrada mediante reconocimiento de voz: Puedes notificar alertas a otros usuarios sin necesidad de usar el teclado.- VELOC\u00cdMETRORegistra y visualiza gr\u00e1ficamente todas las velocidades de un trayecto. * CARACTER\u00cdSTICAS:- Visualizaci\u00f3n en tiempo real de:   * Gr\u00e1fica de velocidades.  * Velocidad actual, m\u00e1xima y media. - Permite establecer un l\u00edmite de velocidad y activar una alerta sonora al superarlo.- Funci\u00f3n de guardado de trayectos.La versi\u00f3n PRO de Radarbot incluye todo de serie, sin publicidad ni compras integradas. Puedes probar la versi\u00f3n Gratuita de Radarbot y hacerla PRO cuando quieras, realizando una compra integrada en la APP.Si tienes cualquier duda o sugerencia, estaremos encantados de atenderte: soporte@iteration-mobile.com+ S\u00edguenos en Facebook: https://www.facebook.com/radarbotvialsoft+ Visita nuestra web: www.radarbot.com",
  "inc": "Iteration Mobile & Vialsoft Apps",
  "intalled_count": "1,000,000",
  "last_update": [
    "July",
    "6",
    " 2018"
  ],
  "name": "Detector de Radares Gratis",
  "offered_by": "Google Commerce Ltd",
  "permissions": {
    "Location": [
      "approximate location (network-based)",
      "precise location (GPS and network-based)"
    ],
    "Phone": [
      "read phone status and identity"
    ],
    "Microphone": [
      "record audio"
    ],
    "Device ID & call information": [
      "read phone status and identity"
    ],
    "Other": [
      "receive data from Internet",
      "view network connections",
      "pair with Bluetooth devices",
      "access Bluetooth settings",
      "send sticky broadcast",
      "full network access",
      "change your audio settings",
      "draw over other apps",
      "control vibration",
      "prevent device from sleeping",
      "read Google service configuration"
    ]
  },
  "rate": [
    [
      "15,608",
      "4.3"
    ],
    [
      "8,537",
      "5"
    ],
    [
      "4,488",
      "4"
    ],
    [
      "1,490",
      "3"
    ],
    [
      "403",
      "2"
    ],
    [
      "690",
      "1"
    ]
  ],
  "required_android": "4.1",
  "size": "11",
  "url": "https://play.google.com/store/apps/details?id=com.vialsoft.radares_es_lite",
  "version": "6.2.3"
}