{
  "categories": [
    "Education",
    "Education"
  ],
  "description": "\u2605 FEATURES- Get ready to have fun coloring the farm completely free of charge! A single purchase within the app unlocks six other amazing worlds, including the beach, the city, the amusement park, the house, the museum and the fantasy land.- Five completely free coloring tools: crayons, paint brushes, sprays, sparkles and patterns... It has more coloring tools than any other app in the world!- We care a lot about your child\u2019s well-being, which is why the gaming experience includes no pressure, time limits, limited attempts, or ads.- Available in 15 languages, including English (USA) and English (UK).- Find out what your child has colored in the parents\u2019 section, where you can view their usage statistics and their entire collection of drawings.- Constant updates with new improvements.Seven fascinating worlds with hilarious characters are waiting to be discovered by your children and become their best companion. Every child\u2019s fantasy of having their drawings come to life has finally become a reality.Developed with the help of early childhood education specialists, this game is ideal for helping children from 2 to 6 years old cognitively develop their creativity and imagination, as well as their fine and gross motor skills. Completely safe for children of all ages, this app will become the favorite activity of the youngest members of your household, as well as the adults!In addition, there is a section designed to allow parents see all of the colored drawings, as well as other surprises based on suggestions that parents have sent us from our previous apps.If you have an idea to make Kids Coloring World a better app, please contact us. All ideas and suggestions are welcome!Our website: www.papumba.comEmail: info@papumba.comDownload it now for free and enjoy a super fun coloring experience!",
  "inc": "Papumba",
  "intalled_count": "100,000",
  "last_update": [
    "February",
    "13",
    " 2017"
  ],
  "name": "Coloring Book For Kids",
  "offered_by": "Papumba",
  "permissions": {
    "Photos/Media/Files": [
      "read the contents of your USB storage",
      "modify or delete the contents of your USB storage"
    ],
    "Storage": [
      "read the contents of your USB storage",
      "modify or delete the contents of your USB storage"
    ],
    "Other": [
      "view network connections",
      "full network access"
    ]
  },
  "rate": [
    [
      "556",
      "4.2"
    ],
    [
      "357",
      "5"
    ],
    [
      "74",
      "4"
    ],
    [
      "46",
      "3"
    ],
    [
      "18",
      "2"
    ],
    [
      "61",
      "1"
    ]
  ],
  "required_android": "4.2",
  "size": "61",
  "url": "https://play.google.com/store/apps/details?id=com.Papumba.KidsColoringWorld",
  "version": "1.04"
}