{
  "categories": [
    "Travel & Local"
  ],
  "description": "KAYAK searches hundreds of other travel sites so you don\u2019t have to. Book the perfect flight, hotel or rental car and save money with mobile-only rates and Private Deals. KAYAK Trips lets you organize all of your travel plans in one place including free flight status updates, airport terminal maps and security wait times. KAYAK is the only app you need for planning, booking and traveling.SEARCH: Find great deals on flights, hotels and rental cars\u2022 Unlock Private Deals and exclusive mobile-only rates for even more savings\u2022 Effortlessly and securely book via the app without the need to re-enter your traveler data and credit card information.\u2022 Pick a destination and choose flexible dates to find out when it\u2019s best to fly.\u2022 Filter options based on stops, airlines, departure times, amenities and much more.\u2022 Book at the right time. Price Forecasts let you know whether your airfare is likely to go up. Price history charts show airfare trends over the last 90 days.\u2022 Have big travel dreams but can\u2019t decide on a destination? Use Explore to set your max airfare and see all the amazing places in the world where you can travel (whatever your budget, let us help you search!).TRIPS: Your free personal travel assistant\u2022 Organize your travel plans in one place, regardless of where you booked.\u2022 Book on KAYAK or forward your booking confirmation emails to trips@kayak.com to begin building your trip. Optionally auto-import bookings from your Gmail account.\u2022 Stay up-to-date with real-time flight status, gate change and baggage claim notifications.\u2022 Get security wait time estimates for your flight.\u2022 Navigate around the airport with step-by-step directions.\u2022 Find shops, duty free, food, coffee, chargers, restrooms, lounges and more. See actual photos of each and learn whether they are before or after security.\u2022 Countdown timers keep track of your flight\u2019s progress and remaining layover time.\u2022 Share your travel plans with family and friends.\u2022 No internet access, no problem. View your itinerary and airport maps with no internet connection.PRICE ALERTS: Never miss a deal\u2022 Let us do the searching for you. Create a flight or hotel Price Alert and we\u2019ll notify you when the price changes.\u2022 Not sure where to go? Create a Price Alert for top world cities or specific regions and let the deal determine your next adventure.FLIGHT TRACKER: Track the status of any flight\u2022 Know if you\u2019re arriving early or late by viewing the status of departure and arrival times.\u2022 Monitor the flight\u2019s progress in the air with the convenient map view.\u2022 Easily track friends and family with the flight number or airline.AWARDS\u2022 Winner of 10 Webby Awards including:\u2022 People's Voice Award for Travel Mobile Apps & Other Handheld Devices (2015)\u2022 Webby and People's Voice Award for Travel Tablet Apps & all Other Handheld Devices (2014)\u2022 Time Magazine: 50 Best iPhone Apps (2014)\u2022 Wired Magazine: The 8 Best Apps for World Travelers (2014)Discover helpful travel tips, tools and information by following our blog: https://www.kayak.com/news/We'd love to hear from you:https://twitter.com/kayakmobile@kayak.com",
  "inc": "KAYAK.com",
  "intalled_count": "10,000,000",
  "last_update": [
    "July",
    "31",
    " 2018"
  ],
  "name": "KAYAK Flights, Hotels & Cars",
  "offered_by": "Google Commerce Ltd",
  "permissions": {
    "Location": [
      "approximate location (network-based)",
      "precise location (GPS and network-based)"
    ],
    "Photos/Media/Files": [
      "read the contents of your USB storage",
      "modify or delete the contents of your USB storage"
    ],
    "Storage": [
      "read the contents of your USB storage",
      "modify or delete the contents of your USB storage"
    ],
    "Other": [
      "receive data from Internet",
      "view network connections",
      "full network access",
      "control vibration",
      "prevent device from sleeping",
      "read Google service configuration"
    ]
  },
  "rate": [
    [
      "216,259",
      "4.5"
    ],
    [
      "142,510",
      "5"
    ],
    [
      "55,007",
      "4"
    ],
    [
      "9,720",
      "3"
    ],
    [
      "3,170",
      "2"
    ],
    [
      "5,852",
      "1"
    ]
  ],
  "required_android": "Varies with",
  "size": "19",
  "url": "https://play.google.com/store/apps/details?id=com.kayak.android",
  "version": "Varies with device"
}