{
  "categories": [
    "Travel & Local"
  ],
  "description": "Even lower prices than our own website! The Agoda app is your best tool for finding and booking the very best deals on any kind of accommodation, anywhere in the world.- *SHOP* See the deals we can\u2019t show on our website. Agoda guarantees the best price and it can get even better when you view on the app.- *SAVE* Get additional savings of up to 80% from Insider Deals, Last-Minute Deals, Secret Deals, and more.- *DISCOVER* Search over 1,900,000+ hotels, villas, BnBs, and every kind of vacation rental in your own language and currency of choice.- *DECIDE* Choose wisely. Agoda\u2019s useful search filters, hi-res photos, map views, local experience information, and 15+ million verified traveler reviews help you find the perfect accommodation for your specific journey and budget.- *NO STRESS* Get support. Agoda\u2019s app saves your voucher, details, and maps right on your device for easy check-in and printer-free travel. You can manage or amend your booking anytime, anywhere. And if something goes wrong, Agoda has live agents ready 24/7 in multiple languages to make sure your journey is as smooth as it is cost-efficient.- *START EARNING* Become a host and start earning. For Agoda Homes hosts, our app lets you manage reservations and communicate with your guests directly. If you haven\u2019t listed your property yet, go to agoda.com/homes today. It\u2019s free!Budget-saving to supreme luxury, last-minute to long-term planning, the highly-rated Agoda app is your complete and powerful travel companion.The Agoda app may request access to your phone or information. Here\u2019s why:- Storage access: To save your booking vouchers to your device.- Your location: To help you find properties near you.- Your calendar: To save booking dates to your calendar for timely reminders.- Your contacts: To let you share Gift Cards with your friends easily.- Your camera: To allow you to scan your credit card for easy input (optional).To learn more about device information used in our App, including for interest based advertising and cross-device tracking, and to exercise certain opt-out choices you may have, please see our cookie policy.",
  "inc": "agoda.com",
  "intalled_count": "10,000,000",
  "last_update": [
    "August",
    "3",
    " 2018"
  ],
  "name": "Agoda \u2013 Hotel Booking Deals",
  "offered_by": "Google Commerce Ltd",
  "permissions": {
    "Calendar": [
      "read calendar events plus confidential information"
    ],
    "Location": [
      "precise location (GPS and network-based)"
    ],
    "Photos/Media/Files": [
      "read the contents of your USB storage",
      "modify or delete the contents of your USB storage"
    ],
    "Storage": [
      "read the contents of your USB storage",
      "modify or delete the contents of your USB storage"
    ],
    "Camera": [
      "take pictures and videos"
    ],
    "Wi-Fi connection information": [
      "view Wi-Fi connections"
    ],
    "Identity": [
      "find accounts on the device"
    ],
    "Contacts": [
      "find accounts on the device"
    ],
    "Phone": [
      "directly call phone numbers",
      "read phone status and identity"
    ],
    "Device ID & call information": [
      "read phone status and identity"
    ],
    "Other": [
      "receive data from Internet",
      "view network connections",
      "full network access",
      "control vibration",
      "prevent device from sleeping",
      "read Google service configuration",
      "view network connections",
      "full network access",
      "prevent device from sleeping"
    ]
  },
  "rate": [
    [
      "262,893",
      "4.6"
    ],
    [
      "179,024",
      "5"
    ],
    [
      "65,299",
      "4"
    ],
    [
      "10,444",
      "3"
    ],
    [
      "2,467",
      "2"
    ],
    [
      "5,659",
      "1"
    ]
  ],
  "required_android": "Varies with",
  "size": "Varies with devic",
  "url": "https://play.google.com/store/apps/details?id=com.agoda.mobile.consumer",
  "version": "Varies with device"
}