{
  "categories": [
    "Casual",
    "Brain Games"
  ],
  "description": "Welcome to the paradise of sweet candies!\u00a0There are so much surprise while exploring the candy world. Switch and match your way through hundreds of levels in this delicious puzzle adventure. Reach the goal before the moves run out!\u00a0\u00a0These amazingly delicious puzzles are ready to satisfy your sweet tooth!Features: \u2665 Over 200 sweet levels\u2665 Identify and match 3 or more candies of the same to blast\u2665 Collect cakes for the preparation of tough levels\u2665 Unique obstacles and fun puzzles\u2665 Mouth-watering new graphics and cool effects\u2665 Powerful magical boosters to help with challenging levels\u2665\u00a0Easy and fun to play, but a challenge to fully masterBe bathed on super hit Candy Break Bomb now!!",
  "inc": "Gamoper",
  "intalled_count": "100,000",
  "last_update": [
    "July",
    "13",
    " 2018"
  ],
  "name": "Candy Break Bomb",
  "offered_by": "Gamoper",
  "permissions": {
    "Location": [
      "precise location (GPS and network-based)"
    ],
    "Phone": [
      "read phone status and identity"
    ],
    "Photos/Media/Files": [
      "read the contents of your USB storage",
      "modify or delete the contents of your USB storage"
    ],
    "Storage": [
      "read the contents of your USB storage",
      "modify or delete the contents of your USB storage"
    ],
    "Wi-Fi connection information": [
      "view Wi-Fi connections"
    ],
    "Device ID & call information": [
      "read phone status and identity"
    ],
    "Other": [
      "view network connections",
      "full network access",
      "run at startup",
      "prevent device from sleeping",
      "view network connections",
      "full network access"
    ]
  },
  "rate": [
    [
      "964",
      "4.6"
    ],
    [
      "719",
      "5"
    ],
    [
      "162",
      "4"
    ],
    [
      "47",
      "3"
    ],
    [
      "15",
      "2"
    ],
    [
      "21",
      "1"
    ]
  ],
  "required_android": "4.0.3",
  "size": "25",
  "url": "https://play.google.com/store/apps/details?id=com.gamoper.candybreakbomb.free",
  "version": "1.5.3181"
}