{
  "categories": [
    "Strategy",
    "Creativity"
  ],
  "description": "Create your own world on LEGO\u00ae Creator Islands \u2013 a fun, free building simulator game for boys and girls! Explore, build and play on different, exotic islands with LEGO Creator sets that you assemble and use on the islands.Build your favorite LEGO Creator houses and cool vehicles like off-road trucks, planes and boats, collecting bricks with each build to unlock more funny and clever 3-in-1 models, travel to new islands and meet the minifigures, monkeys, rabbits, cats and other adorable creatures living there.Visit the different islands again and again to rebuild them in new and fun ways and have a lot of exciting adventures.Feature List-\u00a0\u00a0\u00a0\u00a0\u00a0\u00a0\u00a0\u00a0\u00a0 BUILD, PLAY and EXPLORE with your favorite 3-in-1 LEGO Creator sets.-\u00a0\u00a0\u00a0\u00a0\u00a0\u00a0\u00a0\u00a0\u00a0 DISCOVER islands crammed with fun building activities.-\u00a0\u00a0\u00a0\u00a0\u00a0\u00a0\u00a0\u00a0\u00a0 EARN bricks to UNLOCK new islands, adventures and models.-\u00a0\u00a0\u00a0\u00a0\u00a0\u00a0\u00a0\u00a0\u00a0 COMPLETE special micro-build missions.-\u00a0\u00a0\u00a0\u00a0\u00a0\u00a0\u00a0\u00a0\u00a0 REBUILD each 3-in-1 model into fun new designs.-\u00a0\u00a0\u00a0\u00a0\u00a0\u00a0\u00a0\u00a0\u00a0 EXPERIENCE the thrill of real brick building.-\u00a0\u00a0\u00a0\u00a0\u00a0\u00a0\u00a0\u00a0\u00a0 EXPAND your islands and save up to three games per device.For app support contact LEGO Consumer Service.For contact details refer to http://service.lego.com/contactus Our privacy policy and terms of use for apps are accepted if you download this app. Read more on http://aboutus.lego.com/legal-notice/Privacy-Policy and http://aboutus.lego.com/en-us/legal-notice/terms-of-use-for-apps LEGO and the LEGO logo are trademarks of the LEGO Group. \u00a92017 The LEGO Group..",
  "inc": "LEGO System A/S",
  "intalled_count": "10,000,000",
  "last_update": [
    "June",
    "17",
    " 2017"
  ],
  "name": "LEGO\u00ae Creator Islands - Build, Play & Explore",
  "offered_by": "LEGO System A/S",
  "permissions": {
    "Photos/Media/Files": [
      "read the contents of your USB storage",
      "modify or delete the contents of your USB storage"
    ],
    "Storage": [
      "read the contents of your USB storage",
      "modify or delete the contents of your USB storage"
    ],
    "Other": [
      "view network connections",
      "full network access"
    ]
  },
  "rate": [
    [
      "163,264",
      "4.2"
    ],
    [
      "109,529",
      "5"
    ],
    [
      "16,398",
      "4"
    ],
    [
      "12,227",
      "3"
    ],
    [
      "7,477",
      "2"
    ],
    [
      "17,633",
      "1"
    ]
  ],
  "required_android": "4.1",
  "size": "74",
  "url": "https://play.google.com/store/apps/details?id=com.lego.creator.creatorislands",
  "version": "3.0.0"
}