{
  "categories": [
    "Puzzle",
    "Brain Games"
  ],
  "description": "All-in-One Mahjong is an addicting solitaire game where player is challenged to eliminate all pieces from the board.Two game modes:\u2022 Time mode (with shuffle ability, match all pairs as soon as possible)\u2022 Score mode (no shuffle, play until you win or lose)\u2022 42 different layouts!\u2022 Global leaderboard with people playing all over the world.\u2022 Keep track of your own records.\u2022 Big selection of backgrounds.\u2022 Nice music.Have fun!",
  "inc": "Pozirk Games Inc.",
  "intalled_count": "1,000,000",
  "last_update": [
    "June",
    "14",
    " 2018"
  ],
  "name": "All-in-One Mahjong FREE",
  "offered_by": "Pozirk Games Inc.",
  "permissions": {
    "Other": [
      "view network connections",
      "full network access"
    ]
  },
  "rate": [
    [
      "13,922",
      "4.2"
    ],
    [
      "8,221",
      "5"
    ],
    [
      "2,956",
      "4"
    ],
    [
      "1,360",
      "3"
    ],
    [
      "616",
      "2"
    ],
    [
      "769",
      "1"
    ]
  ],
  "required_android": "4.0",
  "size": "17",
  "url": "https://play.google.com/store/apps/details?id=air.com.pozirk.allinonemahjong",
  "version": "20180608"
}