{
  "categories": [
    "Travel & Local"
  ],
  "description": "Yelp has over 135 million restaurant and business reviews worldwide. Whether you\u2019re looking for a new pizzeria, a great coffee shop nearby, a new salon, or the best handyman in town, Yelp is your city guide to finding the perfect places to eat, shop, drink, relax, visit and play. Read reviews, browse photos and menus, order takeout from your favorites, make reservations, see hours, locations, and other important information for any business you\u2019re looking for.  Yelp puts great local businesses right at your fingertips. Discover new foods, hot spots, places for shopping and local businesses near you! On your travels or at home. Plus, order delivery or pickup. The Yelp app is available for iPhone, iPad, and Apple Watch.Yelp features: \ud83c\udf55 Food Near You: Find Restaurants \ud83c\udf55\u2022 Find the newest, hottest and top rated places to eat and bars to drink nearby \u2022 Dine at local restaurants for breakfast, lunch and dinner, or get something to go\u2022 Order timely food delivery\u2022 Easily make a reservation, book a table, order pickup or food delivery, view restaurant menus\u2014all from your phone\u2022 Read restaurant reviews from other Yelp users and scroll through photos to help you decide where to go\u2022 Get amazing food deals for dining and delivery places nearby, plan dinner reservations for your trips in advance \u270d\ufe0f Review, Discover, and Add Photos \ud83d\udcf8\u2022 Discover local businesses and services like body shops and hair salons\u2022 Look up addresses and phone numbers for businesses near you \u2022 Read and write reviews, check-in to local businesses, upload photos and add tips for other Yelp users\u2022 Browse photo galleries and add photos to share your experience \u2022 Redeem great check-in offers in your area or sign up for cash back\ud83d\ude97  Find Shops, Get Quotes, and Hire Professionals \ud83d\udee0\u2022 Find the coolest stores and top rated body shops complete with customer reviews and contact info \u2022 Hire local professionals for home renovation, car repair, car transport, landscaping, moving, and other hiring services\u2022 Get quotes from professionals, message contractors nearby, and book appointments with a click\u2022 Read millions of reviews and recommendations by the Yelp community\u2022 Filter your searches by neighborhood, distance, rating, price, location, and hours of operation  \ud83d\udc85 Beauty - Pamper Yourself \ud83d\udc87\u2022 Find highly-rated salons, spas, massage therapists, acupuncturists, and more near you\u2022 Book appointments through Yelp at the most relaxing staycation destinations or find deals when traveling \ud83d\udd0d Search Filters \ud83d\udd0d\u2022 Filter your search results by neighborhood, distance, rating, price, open now, and other specifics like good for groups, full bar, cuisine type etc.\u2022 Look up addresses and phone numbers, call a business, order food delivery and make reservations directly from the Yelp  app\u2022 Find the top rated food, hotels or hiring services nearby or in cities like New York, Chicago, San Francisco, Los Angeles, Houston, Phoenix, Philadelphia \ud83c\udf69 Features \ud83c\udfa8\u2022 Read millions of expert user reviews and browse through beautiful photos of each business\u2022 Write and read reviews, check-in to local businesses, order pickup or delivery, upload photos, book appointments, find a new activity, and add tips for other Yelp users\u2022 Use Yelp as your city guide and as a food guide for eating, drink, things to do, to see, to shop and relax Find top local restaurants, bars, hotels, events and other things to do, read customer reviews, order pickup or delivery, and search for businesses near you, all from the Yelp app.  Need Help? Contact Yelp at https://www.yelp-support.com/?l=en_US Note: Continued use of GPS running can dramatically decrease battery life.  This software uses code of FFmpeg (http://ffmpeg.org) licensed under the LGPLv2.1 (http://www.gnu.org/licenses/old-licenses/lgpl-2.1.html) and its source can be downloaded here: https://github.com/Yelp/ffmpeg-android",
  "inc": "Yelp, Inc",
  "intalled_count": "10,000,000",
  "last_update": [
    "August",
    "3",
    " 2018"
  ],
  "name": "Yelp: Food, Shopping, Services Nearby",
  "offered_by": "Google Commerce Ltd",
  "permissions": {
    "Identity": [
      "find accounts on the device"
    ],
    "Contacts": [
      "find accounts on the device",
      "read your contacts"
    ],
    "Location": [
      "approximate location (network-based)",
      "precise location (GPS and network-based)"
    ],
    "Photos/Media/Files": [
      "read the contents of your USB storage",
      "modify or delete the contents of your USB storage"
    ],
    "Storage": [
      "read the contents of your USB storage",
      "modify or delete the contents of your USB storage"
    ],
    "Camera": [
      "take pictures and videos"
    ],
    "Microphone": [
      "record audio"
    ],
    "Wi-Fi connection information": [
      "view Wi-Fi connections"
    ],
    "Other": [
      "receive data from Internet",
      "view network connections",
      "full network access",
      "run at startup",
      "control vibration",
      "prevent device from sleeping",
      "read Google service configuration"
    ]
  },
  "rate": [
    [
      "397,049",
      "4.3"
    ],
    [
      "241,873",
      "5"
    ],
    [
      "91,708",
      "4"
    ],
    [
      "24,039",
      "3"
    ],
    [
      "8,919",
      "2"
    ],
    [
      "30,510",
      "1"
    ]
  ],
  "required_android": "Varies with",
  "size": "Varies with devic",
  "url": "https://play.google.com/store/apps/details?id=com.yelp.android",
  "version": "Varies with device"
}