{
  "categories": [
    "Travel & Local"
  ],
  "description": "Yandex.Navigator helps drivers plot the optimal route to their destination. The app takes traffic jams, accidents, road works, and other road events into account when plotting your route. Yandex.Navigator will present you with up to three variants of your journey, starting with the fastest. If your selected journey takes you over toll roads, the app will warn you about this in advance.Yandex. Navigator uses voice prompts to guide you along your way, and displays your route on your device\u2019s screen. Additionally, you can always see how many minutes and kilometers you have to go.You can use your voice to interact with Yandex.Navigator so that you don't have to take your hands off the wheel. Just say \"Hey, Yandex\" and the app will start listening for your commands. For example, \"Hey, Yandex, let's go to 1 Lesnaya Street\" or \"Hey, Yandex, take me to Domodedovo Airport\". You can also let Navigator know about road events you encounter (such as \"Hey, Yandex, there is an accident in the right lane\") or search for locations on the map (by simply saying \"Hey, Yandex, Red Square\").Save time by choosing recent destinations from your history. Look through your recent destinations and favorites from any of your devices\u2014they are saved in the cloud and available when and where you need them.Yandex.Navigator will guide you to your destinations in Russia, Belarus, Kazakhstan, Ukraine, and Turkey.The app suggests enabling the Yandex search widget for the notification panel.",
  "inc": "\u042f\u043d\u0434\u0435\u043a\u0441",
  "intalled_count": "50,000,000",
  "last_update": [
    "July",
    "26",
    " 2018"
  ],
  "name": "Yandex.Navigator",
  "offered_by": "Google Commerce Ltd",
  "permissions": {
    "Identity": [
      "find accounts on the device",
      "add or remove accounts"
    ],
    "Contacts": [
      "find accounts on the device"
    ],
    "Location": [
      "approximate location (network-based)",
      "precise location (GPS and network-based)"
    ],
    "Photos/Media/Files": [
      "read the contents of your USB storage",
      "modify or delete the contents of your USB storage"
    ],
    "Storage": [
      "read the contents of your USB storage",
      "modify or delete the contents of your USB storage"
    ],
    "Camera": [
      "take pictures and videos"
    ],
    "Microphone": [
      "record audio"
    ],
    "Wi-Fi connection information": [
      "view Wi-Fi connections"
    ],
    "Other": [
      "receive data from Internet",
      "view network connections",
      "create accounts and set passwords",
      "pair with Bluetooth devices",
      "connect and disconnect from Wi-Fi",
      "full network access",
      "read sync settings",
      "run at startup",
      "draw over other apps",
      "use accounts on the device",
      "control vibration",
      "prevent device from sleeping",
      "modify system settings",
      "toggle sync on and off",
      "set an alarm",
      "install shortcuts",
      "view network connections",
      "create accounts and set passwords",
      "pair with Bluetooth devices",
      "connect and disconnect from Wi-Fi",
      "full network access",
      "run at startup",
      "draw over other apps",
      "use accounts on the device",
      "control vibration",
      "prevent device from sleeping",
      "modify system settings",
      "set an alarm",
      "install shortcuts",
      "view network connections",
      "connect and disconnect from Wi-Fi",
      "expand/collapse status bar",
      "full network access",
      "run at startup",
      "prevent device from sleeping",
      "modify system settings",
      "install shortcuts"
    ]
  },
  "rate": [
    [
      "798,531",
      "4.3"
    ],
    [
      "522,893",
      "5"
    ],
    [
      "130,008",
      "4"
    ],
    [
      "52,187",
      "3"
    ],
    [
      "30,263",
      "2"
    ],
    [
      "63,180",
      "1"
    ]
  ],
  "required_android": "Varies with",
  "size": "Varies with devic",
  "url": "https://play.google.com/store/apps/details?id=ru.yandex.yandexnavi",
  "version": "Varies with device"
}