{
  "categories": [
    "Travel & Local"
  ],
  "description": "Discover the great deals, compare hotel prices & save money on your next holiday or trip \u2013  get savings when you hotel search with trivago! Find hotels for your holiday or business trip, discover a last minute city break or a winter sun weekend deal. With more than a million hotels to choose from and hundreds of worldwide booking sites to compare, plan your next trip stress-free with the world\u2019s famous hotel and travel app! Compare hotels & find your ideal hotel at great price before you book. Discover hotels and great deals with trivago!Hotel Search and Save Money: Top 5 Reasons to Download trivago:1. Compare hotels and find rooms from hundreds of bookings sites worldwide. 2. Discover hotels for great prices, find travel discounts, deals & savings from hotels worldwide  so you can travel cheaply.3. Compare hotel prices to find rooms near attractions \u2013 search with your budget in mind by setting a trip itinerary for that last minute getaway.4. Save money on vacation and travel sites so you can book your ideal hotel at your convenience.5. Hotel search with the trivago Rating Index\u00ae \u2013 see the combined online ratings of all available hotel review scores so you feel confident before you book.Find hotels, motels or B&B\u2019s and compare prices across all the top bookings sites including Expedia, Hotels.com, Holidaycheck, ebookers, AlphaRooms, LateRooms, Travelrepublic, Amoma.com, Booking.com, Priceline, HotelTonight and more.Find rooms in hotels near well-known sights and set a maximum price. Keep your hotel search within budget and easily compare hotels and search by both location and price. Discover hotels, savings & travel discounts for your cheap last minute trip.Compare hotel prices & travel discounts, plan your trip with confidence and save money while on vacation. Our massive workforce will always find the great deals on hotel prices to make your next vacation stress-free.Find hotels with one of the world\u2019s best travel app\u2019s:- The Guardian lists trivago among the \u201c10 best money-saving apps.\u201d- Tech Times calls trivago one of the \u201cmust have apps for frequent travelers.\u201d-  Lifehacker lists trivago among the \u201cbest price-comparison apps you need to download.\u201dDownload trivago to discover hotels and compare prices for great deals. Save money and plan for future holiday bookings while on the go!",
  "inc": "trivago",
  "intalled_count": "50,000,000",
  "last_update": [
    "August",
    "2",
    " 2018"
  ],
  "name": "trivago: Hotels & Travel",
  "offered_by": "Google Commerce Ltd",
  "permissions": {
    "Location": [
      "approximate location (network-based)",
      "precise location (GPS and network-based)"
    ],
    "Photos/Media/Files": [
      "read the contents of your USB storage",
      "modify or delete the contents of your USB storage"
    ],
    "Storage": [
      "read the contents of your USB storage",
      "modify or delete the contents of your USB storage"
    ],
    "Wi-Fi connection information": [
      "view Wi-Fi connections"
    ],
    "Other": [
      "receive data from Internet",
      "view network connections",
      "full network access",
      "prevent device from sleeping"
    ]
  },
  "rate": [
    [
      "219,279",
      "4.2"
    ],
    [
      "135,610",
      "5"
    ],
    [
      "39,768",
      "4"
    ],
    [
      "16,937",
      "3"
    ],
    [
      "6,623",
      "2"
    ],
    [
      "20,341",
      "1"
    ]
  ],
  "required_android": "Varies with",
  "size": "Varies with devic",
  "url": "https://play.google.com/store/apps/details?id=com.trivago",
  "version": "Varies with device"
}