{
  "categories": [
    "Casual",
    "Pretend Play"
  ],
  "description": "Calling Royals, Rebels and all the fairest from around the world! Fairytale magic, makeup and fashion await you in this spelltacular new Ever After High dress up game!  Fashion has never been so hexcellent! Be the greatest stylist in all the kingdom and give your favorite Ever After High princesses a fantasy makeover! Dress up and style Apple, Raven and many others with brand new looks by choosing their shoes, handbags, dresses and the perfect makeup! Once you\u2019re done, take pictures of their spellbinding new looks and save them in your own personal storybook gallery! Let your imagination run wild; the possibilities are endless! Unleash your inner stylist and make your favorite character the fairest of them all!  Dazzling Features: - Tons of stylish and funky dress up accessories to choose from! You\u2019ll have everything a stylist needs! - Lots of bright and beautiful makeup colors - Build your own personal image gallery of wicked awesome looks! - Makeover your favorite Ever After High characters, including Apple White, Raven Queen, Madeline Hatter and Cedar Wood The best of fantasy and fashion come together with the princesses of Ever After High. This is one fairytale adventure you do not want to miss!** Please note that while the app is free, please be aware that it contains paid content for real money that can be purchased upon users' wish to enhance their gaming experience.You may control in-app purchases made within this app using password protection which can be enabled from the setting page of the Google Play Store app. **",
  "inc": "Animoca Brands",
  "intalled_count": "1,000,000",
  "last_update": [
    "December",
    "30",
    " 2016"
  ],
  "name": "Ever After High\u2122 Charmed Style",
  "offered_by": "Animoca Brands",
  "permissions": {
    "Phone": [
      "read phone status and identity"
    ],
    "Photos/Media/Files": [
      "read the contents of your USB storage",
      "modify or delete the contents of your USB storage"
    ],
    "Storage": [
      "read the contents of your USB storage",
      "modify or delete the contents of your USB storage"
    ],
    "Wi-Fi connection information": [
      "view Wi-Fi connections"
    ],
    "Device ID & call information": [
      "read phone status and identity"
    ],
    "Other": [
      "receive data from Internet",
      "view network connections",
      "full network access",
      "use accounts on the device",
      "control vibration",
      "prevent device from sleeping",
      "Google Play license check"
    ]
  },
  "rate": [
    [
      "44,066",
      "3.9"
    ],
    [
      "26,006",
      "5"
    ],
    [
      "4,688",
      "4"
    ],
    [
      "4,244",
      "3"
    ],
    [
      "2,464",
      "2"
    ],
    [
      "6,664",
      "1"
    ]
  ],
  "required_android": "4.0.3",
  "size": "54",
  "url": "https://play.google.com/store/apps/details?id=com.animocabrands.google.eahTheFairest",
  "version": "1.3"
}