{
  "categories": [
    "Casual",
    "Action & Adventure"
  ],
  "description": "Conquer the railway in this fun, kid-friendly racing adventure with Thomas the Tank Engine and his friends!  Set up races, choose and customize your favorite engines, and tap the screen to make the engines run faster!  Play the game with a friend on the same device using side-by-side 2-player mode! Join Thomas and his friends on their thrilling adventure on the Island of Sodor!***RACE AS THOMAS AND HIS OTHER ENGINE FRIENDS***Including Percy, Gordon, Henry, James, Edward, Toby, Emily, Diesel, Ashima, Raul, Yong Bao, Ivan, and Axel.***WELCOME 5 NEW ENGINES TO JOIN YOUR RACING ADVENTURE!!!***Meet Ryan, Victor, Oliver, Donald, and Douglas! The more the merrier! ***2-PLAYER MODE!!!***Select two trains and challenge your family and friends in the 2-Player Mode!***EXPLORE THE ISLAND OF SODOR***Explore a beautiful island including a mountainous quarry, a quaint castle, and a snowy town!***COMPLETE MISSIONS FOR GLORIOUS REWARDS!!!***Finish quests to unlock tons of extra goodies such as buildings, engines, and coaches.Want to boost Thomas and his engine friends? Here\u2019s how to play:\u25cf Arrow button: Swipe in the correct direction.\u25cf Green button: Tap and hold to speed up.\u25cf Star buttons: Tap all of them!\u25cf Circles and path: Drag the button along the path until it reaches the other circle.** Please note that while the app is free, please be aware that it contains paid content for real money that can be purchased upon users' wish to enhance their gaming experience.You may control in-app purchases made within this app using password protection which can be enabled from the setting page of the Google Play Store app. **",
  "inc": "Animoca Brands",
  "intalled_count": "5,000,000",
  "last_update": [
    "May",
    "18",
    " 2018"
  ],
  "name": "Thomas & Friends: Race On!",
  "offered_by": "Animoca Brands",
  "permissions": {
    "Photos/Media/Files": [
      "read the contents of your USB storage",
      "modify or delete the contents of your USB storage"
    ],
    "Storage": [
      "read the contents of your USB storage",
      "modify or delete the contents of your USB storage"
    ],
    "Camera": [
      "take pictures and videos"
    ],
    "Microphone": [
      "record audio"
    ],
    "Wi-Fi connection information": [
      "view Wi-Fi connections"
    ],
    "Other": [
      "view network connections",
      "full network access",
      "prevent device from sleeping"
    ]
  },
  "rate": [
    [
      "29,321",
      "4.1"
    ],
    [
      "19,129",
      "5"
    ],
    [
      "3,007",
      "4"
    ],
    [
      "2,470",
      "3"
    ],
    [
      "1,475",
      "2"
    ],
    [
      "3,240",
      "1"
    ]
  ],
  "required_android": "4.4",
  "size": "26",
  "url": "https://play.google.com/store/apps/details?id=com.animocabrands.google.ThomasAndFriendsEngineKingdom",
  "version": "2.4"
}