{
  "categories": [
    "Tools"
  ],
  "description": "A simple android phone and wear application to keep you important notes.- Add your notes in android app and it will auto sync to wear app.- Choose the wear preference you want from the setting in the android app. - Login to enable cloud backup- Use send to watch option for quick access to notes.- Set reminders for each note. and If you believe a single sheet of paper cannot decide your future. turn on Dark mode and select grey font color for wear preference,  and use the wear device as an Exam Chit.",
  "inc": "Muneef M",
  "intalled_count": "10,000",
  "last_update": [
    "March",
    "28",
    " 2018"
  ],
  "name": "Wear Notes - Reminders & Chits",
  "offered_by": "Google Commerce Ltd",
  "permissions": {
    "Other": [
      "receive data from Internet",
      "view network connections",
      "full network access",
      "prevent device from sleeping",
      "prevent device from sleeping"
    ]
  },
  "rate": [
    [
      "42",
      "3.9"
    ],
    [
      "26",
      "5"
    ],
    [
      "3",
      "4"
    ],
    [
      "3",
      "3"
    ],
    [
      "2",
      "2"
    ],
    [
      "8",
      "1"
    ]
  ],
  "required_android": "Varies with",
  "size": "Varies with devic",
  "url": "https://play.google.com/store/apps/details?id=mnf.android.wearnote",
  "version": "Varies with device"
}