{
  "categories": [
    "Travel & Local"
  ],
  "description": "You have friends around the world, you just haven\u2019t met them yet. Couchsurfing is the best way to stay with amazing locals, make lifelong travel friends, or host travelers coming to your hometown. Over 12 million travel enthusiasts use Couchsurfing in more than 230,000 cities around the world.Use the Couchsurfing app to plan and manage your trip itinerary.Find hosts in your next destination\u2022 Browse the millions of local hosts offering a place to stay in thousands of cities and towns\u2022 Stay with and meet locals and have an authentic travel experience\u2022 Explore accommodations options near where you are right now, or near your future destinationMake New Friends\u2022 Discover thousands of fun events planned by other Couchsurfers in your hometown or in your next travel destination\u2022 Use Couchsurfing Hangouts to show you who\u2019s nearby your current location and available to meet up right now Meet Travellers Without Traveling\u2022 Host or meet up with incoming travellers coming to your city\u2022 Can\u2019t travel right now? Let new cultures and friends come to you And More\u2022 Easily create and manage a Couchsurfing profile \u2022 Manage your incoming or outgoing requests, messages, and more\u2022 Add pictures to document your travel adventures\u2022 See which of your Facebook friends also have a Couchsurfing account",
  "inc": "CouchSurfing Inc.",
  "intalled_count": "1,000,000",
  "last_update": [
    "July",
    "10",
    " 2018"
  ],
  "name": "Couchsurfing Travel App",
  "offered_by": "Google Commerce Ltd",
  "permissions": {
    "Identity": [
      "find accounts on the device",
      "add or remove accounts",
      "read your own contact card"
    ],
    "Contacts": [
      "find accounts on the device",
      "read your contacts"
    ],
    "Location": [
      "approximate location (network-based)",
      "precise location (GPS and network-based)"
    ],
    "Photos/Media/Files": [
      "read the contents of your USB storage"
    ],
    "Storage": [
      "read the contents of your USB storage"
    ],
    "Camera": [
      "take pictures and videos"
    ],
    "Microphone": [
      "record audio"
    ],
    "Other": [
      "read sync statistics",
      "receive data from Internet",
      "view network connections",
      "create accounts and set passwords",
      "full network access",
      "read sync settings",
      "run at startup",
      "use accounts on the device",
      "control vibration",
      "prevent device from sleeping",
      "toggle sync on and off",
      "read Google service configuration",
      "view network connections",
      "create accounts and set passwords",
      "full network access",
      "use accounts on the device",
      "control vibration",
      "prevent device from sleeping",
      "toggle sync on and off",
      "read Google service configuration"
    ]
  },
  "rate": [
    [
      "61,611",
      "4.4"
    ],
    [
      "37,043",
      "5"
    ],
    [
      "15,993",
      "4"
    ],
    [
      "4,612",
      "3"
    ],
    [
      "1,680",
      "2"
    ],
    [
      "2,283",
      "1"
    ]
  ],
  "required_android": "Varies with",
  "size": "Varies with devic",
  "url": "https://play.google.com/store/apps/details?id=com.couchsurfing.mobile.android",
  "version": "Varies with device"
}