{
  "categories": [
    "Tools"
  ],
  "description": "Quick System Info now comes to your wearable devices!** Note this app is for your wearable devices ONLY, you will see the app from your wearable devices after install and syncing, NO launchable app on your handheld devices**Quick access of the basic system information for your Android platform, including information for CPU, memory, SD Card, running processes, network states and installed applications. * Live CPU/MEM Usage Monitor* Live 2G/3G/Wi-Fi Traffic Monitor* Comprehensive Device/Hardware Details Viewer, e.g. Storage/Memory/Processor/Sensor/Network* One-click Application Cache Cleaner* Application History Cleaner* Advanced System Properties Viewer, e.g. System/Phone/Screen/OpenGL/Build and Runtime Settings* Enhanced Application Viewer with Tag and Backup/Restore support* Enhanced Process Management and Viewer* Enhanced Network Connection and Traffic Viewer* Enhanced Battery Status in Notification Area.** The 'read/write bookmark' permission is needed for the 'Clean History' function only **",
  "inc": "Shawn Q.",
  "intalled_count": "1,000",
  "last_update": [
    "February",
    "6",
    " 2018"
  ],
  "name": "Quick System Info Wear",
  "offered_by": "Google Commerce Ltd",
  "permissions": {
    "Device & app history": [
      "retrieve running apps",
      "read sensitive log data",
      "read your Web bookmarks and history"
    ],
    "Location": [
      "approximate location (network-based)"
    ],
    "Phone": [
      "read phone status and identity"
    ],
    "Photos/Media/Files": [
      "read the contents of your USB storage",
      "modify or delete the contents of your USB storage"
    ],
    "Storage": [
      "read the contents of your USB storage",
      "modify or delete the contents of your USB storage"
    ],
    "Wi-Fi connection information": [
      "view Wi-Fi connections"
    ],
    "Device ID & call information": [
      "read phone status and identity"
    ],
    "Other": [
      "update component usage statistics",
      "close other apps",
      "view network connections",
      "send sticky broadcast",
      "delete all app cache data",
      "measure app storage space",
      "full network access",
      "run at startup",
      "draw over other apps",
      "write web bookmarks and history",
      "read Google service configuration"
    ]
  },
  "rate": [
    [
      "9",
      "3.9"
    ],
    [
      "5",
      "5"
    ],
    [
      "1",
      "4"
    ],
    [
      "1",
      "3"
    ],
    [
      "1",
      "2"
    ],
    [
      "1",
      "1"
    ]
  ],
  "required_android": "Varies with",
  "size": "Varies with devic",
  "url": "https://play.google.com/store/apps/details?id=org.uguess.android.sysinfo.wear",
  "version": "Varies with device"
}