{
  "categories": [
    "Education",
    "Education"
  ],
  "description": "Spelling Master is for Kids to learn common spellings. Lean spellings with picture. If kids enter wrong spelling it will display it in red with sad smiley. You can remove wrong spelling by clicking on it. Tap on image to speak it sound.Kids will also learn how to pronounce words as we have included text to speech engine.Features1. Thirteen spelling categories are included.2. Learning Alphabets spellings.3. Learning Animals spellings.4. Learning Fruits spellings.5. Learning Vegetables spellings.6. Learning Body Parts spellings.8. Learning Numbers spellings.9. Learning Flowers spellings.10. Learning Birds spellings12. Learning Transportation spellings.15. Learning Shapes spellings.16. Learning Colors spellings.18. Learning Three letters words spellings.19. Learning Four letters words spellings.20. Learning Five letters words spellings.21. Learning Six letters words spellings.22. All thirteen categories of spellings are free.23. All categories have high quality images.24. You can change spelling by using next and previous arrow keys.More spellings will be added soon.",
  "inc": "ACKAD Developer.",
  "intalled_count": "100,000",
  "last_update": [
    "July",
    "23",
    " 2018"
  ],
  "name": "Spelling Master for Kids Spelling Learning",
  "offered_by": "ACKAD Developer.",
  "permissions": {
    "Other": [
      "view network connections",
      "full network access"
    ]
  },
  "rate": [
    [
      "414",
      "4.5"
    ],
    [
      "295",
      "5"
    ],
    [
      "65",
      "4"
    ],
    [
      "35",
      "3"
    ],
    [
      "5",
      "2"
    ],
    [
      "14",
      "1"
    ]
  ],
  "required_android": "4.1",
  "size": "10",
  "url": "https://play.google.com/store/apps/details?id=com.ackaddeveloper.spellingbee",
  "version": "2.3"
}