{
  "categories": [
    "Education",
    "Education"
  ],
  "description": "Exciting app for toddlers to know different animals and their soundAnimal sounds - App for kids is a free educational application that helps young children learn the animals and their sound.It has many difference animals.Kids can play the game \"What animal is it?\", which can teach them to recognize the animals and their sounds.Animal sounds - App for kids will help parents teach the animals as animal zoo, animal farm to their children while having fun at the same time.Browse through the gallery and click any thumbnail for bigger image. Features:- Prev/Next buttons.- Click on the animal to replay name and sound.- Animal names- Animal flash cards- Animal picturesThis game has been primarily designed for toddlers,preschool and kindergarten children but it's equally great for your baby or infant and even for older kids. It is kids toys and gifted education.",
  "inc": "Ursa Games",
  "intalled_count": "5,000,000",
  "last_update": [
    "July",
    "26",
    " 2018"
  ],
  "name": "Animal sounds",
  "offered_by": "Ursa Games",
  "permissions": {
    "Identity": [
      "find accounts on the device"
    ],
    "Contacts": [
      "find accounts on the device"
    ],
    "Other": [
      "receive data from Internet",
      "view network connections",
      "full network access",
      "prevent device from sleeping"
    ]
  },
  "rate": [
    [
      "39,854",
      "4.0"
    ],
    [
      "21,580",
      "5"
    ],
    [
      "7,644",
      "4"
    ],
    [
      "4,905",
      "3"
    ],
    [
      "2,212",
      "2"
    ],
    [
      "3,513",
      "1"
    ]
  ],
  "required_android": "4.1",
  "size": "20",
  "url": "https://play.google.com/store/apps/details?id=com.juniorpear.animal_sound",
  "version": "6.1"
}