{
  "categories": [
    "Tools"
  ],
  "description": "Simple and elegant. For those who want to live the \"OmniClock brand\" everywhere",
  "inc": "Max Weninger",
  "intalled_count": "500",
  "last_update": [
    "July",
    "26",
    " 2017"
  ],
  "name": "OmniClock Watchface",
  "offered_by": "Google Commerce Ltd",
  "permissions": {
    "Other": [
      "prevent device from sleeping"
    ]
  },
  "rate": [
    [
      "3",
      "5.0"
    ],
    [
      "3",
      "5"
    ],
    [
      "0",
      "4"
    ],
    [
      "0",
      "3"
    ],
    [
      "0",
      "2"
    ],
    [
      "0",
      "1"
    ]
  ],
  "required_android": "Varies with",
  "size": "Varies with devic",
  "url": "https://play.google.com/store/apps/details?id=com.maxwen.omniclockwatch",
  "version": "Varies with device"
}