{
  "categories": [
    "Travel & Local"
  ],
  "description": "Book hotel rooms and find summer vacation deals straight from your phone! From last minute plans to luxury retreats, you\u2019ll find your perfect stay for the right price. Hotel booking made simple, with Hotels.com. Book your hotel now! Top 5 Features1. Budget to luxury - find hotel rooms to suit your needs2. Find your last minute stay with our \u201cTonight\u2019s Local Deals\u201d feature3. Compare amenities & prices of your favorites4. Book your hotel in just a few simple steps5. Use our sort & filter options to find and book the right property for you Save money with exclusive deals & earn rewards on your bookings. Whether you want a luxury travel experience or a budget getaway, our in-depth sort and filter options make finding and booking the right hotel for you a breeze. SUMMER VACATION DEALS\u2022 Travel abroad or plan a staycation - check out our deals\u2022 Hotel bookings for city breaks or beach stays - where will you go? BOOK, SAVE & GET REWARDED\u2022 Choose to pay online or when you stay at the hotel\u2022 Budget-friendly booking deals - See our Get instant savings with Secret Prices on selected properties\u2022 Collect 10 nights, get 1 free* night with Hotels.com Rewards\u2122\u2022 Save your payment details for fast & secure bookings TRAVEL TO TOP LOCATIONS\u2022 Our map-view shows you the hotel property\u2019s location at a glance\u2022 Select popular landmarks for hotels properties nearby Simply download now - your perfect stay is just a tap away! *The maximum value of your free night is the average daily rate of your 10 nights. Your free night does not include taxes and fees. Account Summary Balance updates after stay has been completed.",
  "inc": "Hotels.com LP",
  "intalled_count": "10,000,000",
  "last_update": [
    "July",
    "4",
    " 2018"
  ],
  "name": "Hotels.com: Book Hotel Rooms & Find Vacation Deals",
  "offered_by": "Google Commerce Ltd",
  "permissions": {
    "Location": [
      "approximate location (network-based)",
      "precise location (GPS and network-based)"
    ],
    "Phone": [
      "read phone status and identity"
    ],
    "Photos/Media/Files": [
      "read the contents of your USB storage",
      "modify or delete the contents of your USB storage"
    ],
    "Storage": [
      "read the contents of your USB storage",
      "modify or delete the contents of your USB storage"
    ],
    "Microphone": [
      "record audio"
    ],
    "Wi-Fi connection information": [
      "view Wi-Fi connections"
    ],
    "Device ID & call information": [
      "read phone status and identity"
    ],
    "Other": [
      "receive data from Internet",
      "view network connections",
      "pair with Bluetooth devices",
      "access Bluetooth settings",
      "full network access",
      "control Near Field Communication",
      "run at startup",
      "control vibration",
      "prevent device from sleeping",
      "read Google service configuration"
    ]
  },
  "rate": [
    [
      "259,778",
      "4.5"
    ],
    [
      "164,353",
      "5"
    ],
    [
      "72,670",
      "4"
    ],
    [
      "12,627",
      "3"
    ],
    [
      "3,551",
      "2"
    ],
    [
      "6,577",
      "1"
    ]
  ],
  "required_android": "Varies with",
  "size": "Varies with devic",
  "url": "https://play.google.com/store/apps/details?id=com.hcom.android",
  "version": "Varies with device"
}