{
  "categories": [
    "Educational",
    "Education"
  ],
  "description": "Learn Numbers 123 Count & Trace kids game is a fun all-in-one easy to play app designed for kids, that\u2019s perfect for preschool, toddler and kindergarten kids. 123 Numbers is the best numbers educational app for children along with tracing, counting and drawing \ud83c\udfa8Need numbers learning app for kids with easy to learn basic number and counting or baby counting games for kids with number writing practice? Try our number games for toddlers 1234 learning for kids! Here learn to write numbers for toddlers and counting for kids in a playful manner. Number learning app for kids is a free Preschool Games for kids to Learn Numbers, Tracing & Counting for Toddlers. Number Tracing \u2013 Learn the shapes of numbers with this colorful beginner\u2019s mini game in all-in-one kit - educational app. Counting numbers for nursery kids toddler or preschool child is a numbers learning app for kids to learn the numbers, tracing, counting. Learning numbers for kids! Writing Counting Games! - happy kindergarten games, which will help to learn to count. While playing with little numbers your child learn to write numbers with early learning math games for kids. Number games for kids to learn is best early education for babies. Children count the objects and tap on each one to learn numbers in a preschool friendly counting game for early learning. Number learning games for kids for free with 123 music song helps to learn to count for babies. Baby number games with number balloon game game & number matching to complete the sequence is fun to play. 123 learning numbers is a fun way for counting numbers for nursery kids learn from 1 to 20. Learning numbers for preschoolers & number games for kids to learn Endless Numbers are the best games to learn numbers for boys and girls.What does \u201cLearning numbers for kids! Writing Counting Games!\u201d - kids number games 123 for preschoolers free offer:- Number Flashcards - Preschool games for kids 1st grade free- 123 learning for nursery children- English Numbers Tracing and counting- Kids Handwriting Game- Number Coloring Pages- Number Matching & Puzzle- Interactive & Entertaining games- Best number tracing app for kids- Number tracing activity games- Kids Number Counting Game- Number games for toddlers age 2- Learning games for toddlers age 3- abc & 123 learning games for 3 years to 4 years old- Educational games for 4 to 5 year kid- Memory math gamesWith our kindergarten learning games kids learn the numbers & phonics. The kindergarten games free for 5 year old help preschoolers to develop memory, attention span, vocabulary and speech. Top 10 games for kids & children are exposed to writing numbers for kids through building puzzles and doing simple math. Fun learning games for kids to learn counting numbers. Toddler games free has fun games for girls, games for girls, math games, educational games, learning games for children, kids games for freePlay number learning games for kids for free on android today!Special thanks to Freepik.com",
  "inc": "GunjanApps Studios",
  "intalled_count": "100,000",
  "last_update": [
    "July",
    "5",
    " 2018"
  ],
  "name": "Learn Numbers 123 Kids Free Game - Count & Tracing",
  "offered_by": "GunjanApps Studios",
  "permissions": {
    "Phone": [
      "read phone status and identity"
    ],
    "Photos/Media/Files": [
      "read the contents of your USB storage",
      "modify or delete the contents of your USB storage"
    ],
    "Storage": [
      "read the contents of your USB storage",
      "modify or delete the contents of your USB storage"
    ],
    "Device ID & call information": [
      "read phone status and identity"
    ],
    "Other": [
      "receive data from Internet",
      "view network connections",
      "full network access",
      "prevent device from sleeping"
    ]
  },
  "rate": [
    [
      "136",
      "4.6"
    ],
    [
      "106",
      "5"
    ],
    [
      "16",
      "4"
    ],
    [
      "10",
      "3"
    ],
    [
      "1",
      "2"
    ],
    [
      "3",
      "1"
    ]
  ],
  "required_android": "4.2",
  "size": "8.0",
  "url": "https://play.google.com/store/apps/details?id=com.gamesforkids.numbers123.tracing",
  "version": "1.6"
}