{
  "categories": [
    "Travel & Local"
  ],
  "description": "The Perfect Travel Companion\u00aeDesigned and developed for Marriott Rewards\u00ae members, the Marriott Mobile App makes managing your Marriott Rewards account and all your reservations, stays, and booking with Marriott\u00ae easier than ever.With 4,400+ hotels and resorts from 18 brands in over 87 countries, there's a hotel option available for all your travels, and the Marriott Mobile App provides exclusive benefits for Marriott Rewards members to make those stays more convenient, including Mobile Check-In with Room Ready Alerts (plus priority upgrades); Mobile Requests & Chat with the front desk for everything from an extra pillow to luggage assistance; and Mobile Checkout from anywhere \u2013 all from your preferred mobile device. Visit mobileapp.marriott.com for more details. WORKS GREAT ON ANDROID- Fingerprint ID on Android phone for simpler sign-in (compatible devices only)- Google Maps: Seamless use of native maps to improve searches and directions to or from hotels- Available in English, Spanish, German, French, and ChineseMORE BENEFITS WITH MARRIOTT REWARDS-Easy enrollment: Sign up for Marriott Rewards directly in the app-Member Rates: Lowest rate guaranteed for Marriott Rewards members-Account Activity: Anywhere access to account balance, nights, points, and activity history-Together with your SPG\u00ae Account: View your SPG account between the SPG and Marriott apps. In addition, transfer points between SPG and Marriott Rewards from the app.RESERVATIONS MADE HANDY-Upcoming Reservations: View and manage all your reservations, including adding them your calendar and save hotels for easier reference to re-book-Hotel Directions: Google Maps and Waze incorporated for smoother travel to and from the hotel-Hotel Contact Info: One-touch calling and mobile chat with hotels \u2013 no more scrambling for phone numbers-Active Stay: When you travel, your upcoming reservation becomes your homepage so you can readily access reservation information and Guest Services during your stay.MORE CONVENIENT STAYS-Mobile Check-In: Get priority room assignments and Room Ready Alerts before you arrive-Elite Benefits: Get priority upgrade assignments before you arrive and confirmed priority late checkout-Mobile Requests & Chat: Make requests anytime for towels, toiletries, and other common asks. When you need more help, chat with the front desk from the app, no need to call.-Mobile Checkout: Expedite your departure and get your folio without needing to stop by the front deskEASIER BOOKING-Book our lowest rates, including rates exclusive to Marriott Rewards members-Search using your nearby location, address or point of interest, and view results using Google Maps-Browse hotel photos, maps, city guides and amenities before booking or simply call a hotel-Save and manage hotels at which you regularly stay so rebooking at the same hotel is faster and easier-Get inspired with destination photos and articles from Marriott TRAVELERREADY TO GO?Download our app and book a trip at one of Marriott\u2019s 18 brands including The Ritz-Carlton\u00ae, EDITION\u00ae, JW Marriott\u00ae, Autograph Collection\u00ae Hotels, Renaissance\u00ae Hotels, Marriott Hotels\u00ae, Delta Hotels\u00ae, Marriott Executive Apartments\u00ae, Marriott Vacation Club\u00ae, Gaylord Hotels\u00ae, AC Hotels\u00ae by Marriott, Courtyard\u00ae, Residence Inn\u00ae, SpringHill Suites\u00ae, Fairfield Inn & Suites\u00ae, TownePlace Suites\u00ae, Protea Hotels\u00ae, and Moxy\u00ae Hotels.",
  "inc": "Marriott International",
  "intalled_count": "1,000,000",
  "last_update": [
    "July",
    "16",
    " 2018"
  ],
  "name": "Marriott International",
  "offered_by": "Google Commerce Ltd",
  "permissions": {
    "Calendar": [
      "read calendar events plus confidential information",
      "add or modify calendar events and send email to guests without owners' knowledge"
    ],
    "Location": [
      "precise location (GPS and network-based)"
    ],
    "Phone": [
      "read phone status and identity"
    ],
    "Photos/Media/Files": [
      "read the contents of your USB storage",
      "modify or delete the contents of your USB storage"
    ],
    "Storage": [
      "read the contents of your USB storage",
      "modify or delete the contents of your USB storage"
    ],
    "Camera": [
      "take pictures and videos"
    ],
    "Wi-Fi connection information": [
      "view Wi-Fi connections"
    ],
    "Device ID & call information": [
      "read phone status and identity"
    ],
    "Other": [
      "receive data from Internet",
      "view network connections",
      "pair with Bluetooth devices",
      "access Bluetooth settings",
      "full network access",
      "control Near Field Communication",
      "run at startup",
      "control vibration",
      "prevent device from sleeping",
      "view network connections",
      "full network access",
      "run at startup",
      "control vibration",
      "prevent device from sleeping"
    ]
  },
  "rate": [
    [
      "14,289",
      "3.7"
    ],
    [
      "6,915",
      "5"
    ],
    [
      "2,688",
      "4"
    ],
    [
      "1,112",
      "3"
    ],
    [
      "1,016",
      "2"
    ],
    [
      "2,558",
      "1"
    ]
  ],
  "required_android": "4.4",
  "size": "35",
  "url": "https://play.google.com/store/apps/details?id=com.marriott.mrt",
  "version": "5.7.4"
}