{
  "categories": [
    "Education",
    "Education"
  ],
  "description": "LEARN TO WRITE LETTERSWriting Wizard is the perfect app to help your child learn how to write the letters of the alphabet, numbers and words through a fun system carefully designed to maintain motivation. Add your own words such as your child's name for even more fun !---\u2022 \"Fantastic, customizable tracing practice with fun rewards.\" - 5 Stars - Common Sense Media\u2022  Children's Technology Review's Editor's Choice\u2022  27,000+ units sold to US Kindergartens and preschools !---FEATURES\u2022 Show and enforce how to write letters correctly\u2022 Learn to write uppercase & lowercase alphabet letters, numbers and words\u2022 Ability to create your own word lists (and record audio for each word)\u2022 7 Fonts available (including ZB, DN, HWT)\u2022 Learn with 40+ fun animated stickers, sound effects, and interactive games that animate letters at the end of the writing\u2022 Fully customizable (difficulty, size, ...)\u2022 Check learning progress thanks to with reports\u2022 Shapes tracing activity for toddlersSuitable for kindergarten, toddlers, early learners, preschool and 1st grade kids, Writing Wizard is an award-winning app used in schools.PERFECT FOR KIDSKids want to have fun, and Writing Wizard offers a lot of fun to keep them motivated to write letters. \u2022 Kids learn to write letters of the alphabet, numbers and shapes using fun animated stickers and sound effects\u2022 Once the writing is complete, kids can play with fun games which animate word\u2019s letters \u2022 Kids can collect stars in 5-Stars play mode \u2022 Early learners have five practice options: capital letters, lower-case letters, numbers, shapes or practicing full wordsPERFECT FOR PARENTS & TEACHERS\u2022 Detailed reports\u2022 Multiple parameters to customize the app according to child\u2019s current education level (letter size, difficulty, show/hide model, etc.)\u2022 Letter names and letter sounds\u2022 A customizable 5-Stars play mode to maintain motivation and fun *** This free version contains all the features of the full version for a subset of alphabet letters, numbers and words, but you can't add your own words. ***",
  "inc": "L'Escapadou",
  "intalled_count": "1,000,000",
  "last_update": [
    "December",
    "3",
    " 2017"
  ],
  "name": "Writing Wizard - Handwriting",
  "offered_by": "L'Escapadou",
  "permissions": {
    "Microphone": [
      "record audio"
    ],
    "Wi-Fi connection information": [
      "view Wi-Fi connections"
    ],
    "Other": [
      "view network connections",
      "full network access"
    ]
  },
  "rate": [
    [
      "4,452",
      "4.1"
    ],
    [
      "2,847",
      "5"
    ],
    [
      "547",
      "4"
    ],
    [
      "379",
      "3"
    ],
    [
      "163",
      "2"
    ],
    [
      "516",
      "1"
    ]
  ],
  "required_android": "4.0.3",
  "size": "33",
  "url": "https://play.google.com/store/apps/details?id=com.lescapadou.tracingfree",
  "version": "2.5.0"
}