{
  "categories": [
    "Books & Reference",
    "Education"
  ],
  "description": "The Best Education and Learning app for Children - Introduction of FunPark App (Android version)The best Education and Learning App designed for children and parents to enjoy together. FunPark provides children with unlimited access to over 500 amazingly entertaining interactive e-books every month. Through FunPark, hundreds of books on Science, Math, Social Studies, English, Phonics, Chinese Phonetics, Chinese Poetry, Art, Music, Movies, and amusing stories are right at the children\u2019s fingertips for exploring on mobile devices including iPad and Android phones and pads. FunPark is an easy-to-use App, complete with interactive games to encourage creativity, and to help to build up Children\u2019s 5Q brainpower and reading ability that will benefit them all their lives.\u2605 Winner of \u201cJudges\u2019 Award\u201d and \u201cBest Mobile Service Award\u201d at 201X IDEAS Show.\u2605 Custom-made for children between the ages of 3 to 10 years old, the interactive App helps children to develop their love for reading.\u2605 Every month, professional children\u2019s education teams recommend different learning projects with multiple learning contents in each of the 6 main themed areas.\u2605 Collaborate with numerous famous national children\u2019s book publishers, and highly recommended by over 63,000 parents from all over the world.\u2605 5-inch and above mobile phones and table PC\u2019s enabled. Easy connection to PC\u2019s and TV\u2019s. Convenient offline reading mode available.\u2605 Helps to build up children\u2019s 5Q brainpower\u201d:5Q: IQ, CQ, MQ, EQ and LQ (Intelligence Quotient, Creativity Quotient, Moral Quotient, Emotion Quotient, Leadership Quotient) , and inspires children\u2019s overall brain development to their full potential.\u203bFunPark Main Features\u3010Six themed areas, with new books added every month\u3011Collaborate with various famous children\u2019s book publishers to carefully select the greatest quality and bestselling children\u2019s books available on the market for FunPark. There are over 500 books covering 6 major themes: story, language, math, science, arts, and character education, including multiple graphics browser and creation of new games in the App. New books are introduced each month to offer constantly fresh and different experiences for the children to cultivate their interests in reading and learning.\u3010Touch screen interactive interface, inspiring reading desires\u3011Different from traditional teaching materials and methods, children access the contents by interactive and intuitional methods. Together with the games and creative enhancing modules, children are free to roam the App while easily learning new knowledge and picking up new skills. This in turn will build up their enthusiasm to read and learn, combine with creativity and imagination of the children, their brainpower will be developed fully and diversely.\u3010Effective 5Q Development through Specific Age and Genre Grouping\u3011The monthly learning program is divided into 3 phases, from preschool (ages 3-6), to ages 7-8, and finally ages 9-10. The books are categorized according to genres/themes, with a multi-language switch mode, step-by-step learning process and creative review tests to maximize the children\u2019s 5Q ability and develop their full mentality potential. A is also available.\u3010Multiple mobile devices enabled to ensure endless fun learning\u3011Each account can support up to 3 devices, including tablets and 5-inch screen or above mobile phones (please visit FunPark website for a list of devices supported). Easy connection to wide-screen PC and TV via HDMI is available at no additional charge.\u3010Easy Off-line Reading Mode for children\u3011Support offline reading mode, children can read downloaded contents anytime and anywhere, free soaring in funpark.\u3010Visit our official website for more information.\u3011http://www.funpark.com.tw\u3010Follow with Facebook fan page, big prize every month! \u3011Visit our official website for more informat",
  "inc": "\u667a\u8da3\u738b\u6578\u4f4d\u79d1\u6280\u80a1\u4efd\u6709\u9650\u516c\u53f8",
  "intalled_count": "100,000",
  "last_update": [
    "August",
    "1",
    " 2018"
  ],
  "name": "FunPark",
  "offered_by": "\u667a\u8da3\u738b\u6578\u4f4d\u79d1\u6280\u80a1\u4efd\u6709\u9650\u516c\u53f8",
  "permissions": {
    "Device & app history": [
      "retrieve running apps",
      "read sensitive log data"
    ],
    "Identity": [
      "find accounts on the device"
    ],
    "Contacts": [
      "find accounts on the device"
    ],
    "Phone": [
      "read phone status and identity"
    ],
    "Photos/Media/Files": [
      "read the contents of your USB storage",
      "modify or delete the contents of your USB storage"
    ],
    "Storage": [
      "read the contents of your USB storage",
      "modify or delete the contents of your USB storage"
    ],
    "Microphone": [
      "record audio"
    ],
    "Wi-Fi connection information": [
      "view Wi-Fi connections"
    ],
    "Device ID & call information": [
      "read phone status and identity"
    ],
    "Other": [
      "update component usage statistics",
      "receive data from Internet",
      "view network connections",
      "full network access",
      "close other apps",
      "draw over other apps",
      "control vibration",
      "prevent device from sleeping"
    ]
  },
  "rate": [
    [
      "481",
      "3.5"
    ],
    [
      "223",
      "5"
    ],
    [
      "67",
      "4"
    ],
    [
      "48",
      "3"
    ],
    [
      "22",
      "2"
    ],
    [
      "121",
      "1"
    ]
  ],
  "required_android": "4.0.3",
  "size": "56",
  "url": "https://play.google.com/store/apps/details?id=tw.com.smartfun.funpark",
  "version": "2.9.4"
}