{
  "categories": [
    "Educational",
    "Brain Games"
  ],
  "description": "TRT \u00c7ocuk Yapboz, \u00e7ocuklar\u0131n mant\u0131k becerilerini, yarat\u0131c\u0131 d\u00fc\u015f\u00fcncelerini ve hayal g\u00fcc\u00fc d\u00fcnyalar\u0131n\u0131 zenginle\u015ftirecek, keyifli bir puzzle bulmaca oyunudur. Ayn\u0131 zamanda \u00e7ocuklar\u0131n problem \u00e7\u00f6zme becerilerini de geli\u015ftirebilece\u011fi Yapboz, TRT \u00c7ocuk \u00e7izgi filminin karakterlerinden olu\u015fuyor.TRT \u00c7ocuk Yapboz, birbirinden e\u011flenceli puzzle dinamikleriyle, kaliteli \u00e7izim ve grafiklerle e\u011flenceli bir oyun deneyimi sunar. Tad\u0131n\u0131 \u00e7\u0131kar\u0131n!\u00a03 YA\u015e VE \u00dcZER\u0130 \u00c7OCUKLAR \u0130\u00c7\u0130N TRT \u00c7OCUK YAPBOZBirbirinden e\u011flenceli ve e\u011fitici bulmacalar seni bekliyor!Sevilen TRT \u00c7ocuk kahramanlar\u0131yla puzzle keyfini ikiye katla!Kolay oynanabilir ve \u00e7ocuklara uygun olarak tasarland\u0131.\u00c7ocuk psikologlar\u0131 ve \u00f6\u011fretmenler ile birlikte geli\u015ftirildi.\u00c7ocuklar i\u00e7in reklams\u0131z ve g\u00fcvenli i\u00e7eriktir.A\u0130LELER \u0130\u00c7\u0130N\u00a0TRT \u00c7OCUK YAPBOZ\u00c7ocuklar\u0131n aileleri ile birlikte kaliteli, e\u011flenceli ve e\u011fitici zaman ge\u00e7irebilmeleri i\u00e7in tasarlanm\u0131\u015ft\u0131r. Bu sebeple \u00e7ocu\u011funuzla birlikte oynaman\u0131z tavsiye edilir. Bu \u015fekilde \u00e7ocu\u011funuzun TRT \u00c7ocuk Yapboz\u2019dan azami derecede fayda sa\u011flamas\u0131n\u0131 ve e\u011flenmesini sa\u011flam\u0131\u015f olacaks\u0131n\u0131z. Yeni oyunlar\u0131m\u0131zla ilgili duyurular\u0131m\u0131z i\u00e7in https://www.facebook.com/TRTCocuk sayfam\u0131z\u0131 takip edebilirsiniz.G\u0130ZL\u0130L\u0130K POL\u0130T\u0130KASISizin ve \u00e7ocu\u011funuzun ki\u015fisel veri g\u00fcvenli\u011fi, ciddiye ald\u0131\u011f\u0131m\u0131z bir konu. \u00c7ocu\u011funuzla veya sizinle ilgili ki\u015fisel bilgileri toplam\u0131yor veya payla\u015fm\u0131yoruz. Uygulamam\u0131z\u0131n hi\u00e7bir k\u0131sm\u0131nda reklam ve y\u00f6nlendirme yapm\u0131yoruz. \u00c7ocu\u011funuzun uygulama i\u00e7inde yaratt\u0131\u011f\u0131 bir \u015fey varsa, siz ya da \u00e7ocu\u011funuz se\u00e7medik\u00e7e uygulama d\u0131\u015f\u0131nda payla\u015fm\u0131yoruz. Deste\u011finiz i\u00e7in te\u015fekk\u00fcr ederiz\u2026",
  "inc": "T\u00fcrkiye Radyo ve Televizyon Kurumu",
  "intalled_count": "50,000",
  "last_update": [
    "June",
    "13",
    " 2018"
  ],
  "name": "TRT Yapboz",
  "offered_by": "T\u00fcrkiye Radyo ve Televizyon Kurumu",
  "permissions": {
    "Other": [
      "view network connections",
      "full network access"
    ]
  },
  "rate": [],
  "required_android": "4.1",
  "size": "39",
  "url": "https://play.google.com/store/apps/details?id=com.trtcocuk.yapboz",
  "version": "1.0"
}