{
  "categories": [
    "Travel & Local"
  ],
  "description": "Make travel a breeze. The Hilton Honors app lets you search for and book over 4600 hotels across all of our world-class brands: Hilton, Waldorf Astoria, Conrad, Curio Collection, Canopy, DoubleTree, Embassy Suites, Hilton Garden Inn, Hampton Inn, Homewood Suites, Home2 Suites, Tru, and Hilton Grand Vacations.Finding a room is just the beginning. Once you\u2019re at your destination, use the Hilton Honors app to check in, request extras to your room, contact the staff, even to unlock your door.\u2022\tUse a Digital Key and access your room straight from your phone at supported hotels\u2022\tCheck in from anywhere and choose your room\u2022\tAccess speedy booking and hotel receipts at any of our 4,600+ hotels and resorts\u2022\tOrder extras like food, drinks, extra pillows and more to be in your room when you arrive\u2022\tReceive our Best Rate Guaranteed \u2013 with no hidden booking fees\u2022\tUse your Hilton Honors points to book free stays or pay for part of your stay\u2022\tBook directly with Hilton and access special offers\u2022\tPlan for your upcoming trip with maps, directions and weather for your stayCurious about our permission requests? Here\u2019s what we need and why:LocationWe need your location to find nearby hotels (Hotels Near Me) and to prepare Digital Key, if applicable, when you're near a door.Device ID & Call InformationWe use this for performance-monitoring of the app on different phones; no personal data is collected.BluetoothWe use this to allow Digital Key to unlock your door at supported hotels.",
  "inc": "Hilton",
  "intalled_count": "1,000,000",
  "last_update": [
    "July",
    "5",
    " 2018"
  ],
  "name": "Hilton Honors",
  "offered_by": "Google Commerce Ltd",
  "permissions": {
    "Contacts": [
      "read your contacts"
    ],
    "Location": [
      "approximate location (network-based)",
      "precise location (GPS and network-based)"
    ],
    "Phone": [
      "directly call phone numbers",
      "read phone status and identity"
    ],
    "Photos/Media/Files": [
      "read the contents of your USB storage",
      "modify or delete the contents of your USB storage"
    ],
    "Storage": [
      "read the contents of your USB storage",
      "modify or delete the contents of your USB storage"
    ],
    "Wi-Fi connection information": [
      "view Wi-Fi connections"
    ],
    "Device ID & call information": [
      "read phone status and identity"
    ],
    "Other": [
      "receive data from Internet",
      "view network connections",
      "pair with Bluetooth devices",
      "access Bluetooth settings",
      "full network access",
      "run at startup",
      "control vibration",
      "prevent device from sleeping"
    ]
  },
  "rate": [
    [
      "44,836",
      "4.6"
    ],
    [
      "33,963",
      "5"
    ],
    [
      "7,803",
      "4"
    ],
    [
      "1,261",
      "3"
    ],
    [
      "575",
      "2"
    ],
    [
      "1,234",
      "1"
    ]
  ],
  "required_android": "6.0",
  "size": "28",
  "url": "https://play.google.com/store/apps/details?id=com.hilton.android.hhonors",
  "version": "2.15.0"
}