{
  "categories": [
    "Casual"
  ],
  "description": "You can feel the best thrill and fun with a simple operation.[Game Features]- Smart Watch game.- Android wear only.- Diverse backgrounds vary from 5km.- Promote the immersive level with the advent of the luster of the car.- Easy, Normal, selection of Hard mode.- Check the user's ability through the level up.Searchwatch face, watch faces, Smart watch, race, racer, game clock, classic games, moto, moto360, moto360, urbane, urbane game, ZenWatch, Huawei, LG Watch Urbane, Gear Live, Sony SmartWatch3, game watch, watch gameDevelopers of Contact:apptriohelp@gmail.com",
  "inc": "App Trio",
  "intalled_count": "1,000",
  "last_update": [
    "June",
    "24",
    " 2017"
  ],
  "name": "Watch Face Game Racer",
  "offered_by": "Google Commerce Ltd",
  "permissions": {
    "Calendar": [
      "read calendar events plus confidential information"
    ],
    "Location": [
      "precise location (GPS and network-based)"
    ],
    "Other": [
      "prevent device from sleeping"
    ]
  },
  "rate": [
    [
      "48",
      "3.5"
    ],
    [
      "27",
      "5"
    ],
    [
      "1",
      "4"
    ],
    [
      "4",
      "3"
    ],
    [
      "0",
      "2"
    ],
    [
      "16",
      "1"
    ]
  ],
  "required_android": "Varies with",
  "size": "17",
  "url": "https://play.google.com/store/apps/details?id=com.apptrio.watchface.racer",
  "version": "1.0.6"
}