{
  "categories": [
    "Casual",
    "Pretend Play"
  ],
  "description": "\u2605 Winner: Best App for Kids \u2605 2017 Google Play Awards Welcome to Animal Jam \u2013 Play Wild!, where you will become your favorite animal, create a style to express the real you, and explore the beautiful 3D world of Jamaa! Animal Jam is the best online community for kids and a safe place to meet and chat with new friends. Choose your virtual pet and complete various animal games crossing the wide world of Jamma! Decorate your own den, play fun animal games, adopt awesome pets, and learn about the natural world from videos, animal facts, and fact-filled e-books!A fun animal game for kids! Choose your animal and become a wolf, bunny, cat or one of our other virtual animals! Join friends in the best pet simulator game available, explore the world of Jamaa and grow your virtual pet.Animal Jam \u2013 Play Wild! was named \"\"Best App for Kids\u201d by Google at this year\u2019s Google Play Awards. Millions of kids around the world are playing Animal Jam, and we are committed to providing a safe online playground for kids. \"FEATURES:- PERSONALIZE your animals from head to tail- PLAY fun games and earn Gems- EXPLORE a gorgeous, living 3D world- SHOP for clothes, den decorations, and accessories - DESIGN your own den- JOIN a friendly community of players worldwide- CHAT with animal buddies- LEARN about real animals and their habitatsBefore you start exploring Jamaa, here is some important information for kids and parents:- The Animal Jam - Play Wild! game is free to play with parental permission.- Parents can control players\u2019 access to social features through their Parent Dashboard.Animal Jam - Play Wild! offers optional in-app purchases that cost real money. You can disable the in-app purchasing functionality by adjusting your device settings.This app also offers Animal Jam recurring membership subscription options that cost real money. Most in-app features do not require this paid membership. However, in addition to exclusive member features in the app, paid subscription also includes membership in the AnimalJam.com web game. ABOUT ANIMAL JAM - PLAY WILD!WildWorks has partnered with prominent scientists and educators to bring science education and spectacular imagery of the natural world to kids in a completely new way. Our goal is to provide a fun, exciting, and safe place for kids to play online. Animal Jam also inspires kids to explore and protect the natural world outside their doors.SAFETYAt WildWorks, your child\u2019s safety is our priority. The Animal Jam - Play Wild! app protects your child\u2019s private information with secure log in, filtered and monitored chat, live moderation, and the ability to block and report players instantly. To learn more about how we protect children\u2019s privacy, visit http://www.animaljam.com/privacy.Children should always ask their parent or guardian for permission before they download and play. This app requires an Internet connection, and data fees may apply if WiFi isn\u2019t connected.Animal Jam - Play Wild! \u00a92017 WildWorks",
  "inc": "WildWorks",
  "intalled_count": "5,000,000",
  "last_update": [
    "August",
    "2",
    " 2018"
  ],
  "name": "Animal Jam - Play Wild!",
  "offered_by": "WildWorks",
  "permissions": {
    "Device & app history": [
      "read sensitive log data"
    ],
    "Photos/Media/Files": [
      "read the contents of your USB storage",
      "modify or delete the contents of your USB storage"
    ],
    "Storage": [
      "read the contents of your USB storage",
      "modify or delete the contents of your USB storage"
    ],
    "Wi-Fi connection information": [
      "view Wi-Fi connections"
    ],
    "Other": [
      "receive data from Internet",
      "view network connections",
      "full network access",
      "control vibration",
      "prevent device from sleeping",
      "Google Play license check"
    ]
  },
  "rate": [
    [
      "362,063",
      "4.6"
    ],
    [
      "295,771",
      "5"
    ],
    [
      "28,399",
      "4"
    ],
    [
      "14,753",
      "3"
    ],
    [
      "5,295",
      "2"
    ],
    [
      "17,845",
      "1"
    ]
  ],
  "required_android": "4.1",
  "size": "58",
  "url": "https://play.google.com/store/apps/details?id=com.WildWorks.AnimalJamPlayWild",
  "version": "28.0.14"
}