{
  "categories": [
    "Puzzle",
    "Brain Games"
  ],
  "description": "*200+ Levels,*10+ Jewels,*Easy to control.Enjoy!",
  "inc": "Erser Game",
  "intalled_count": "100,000",
  "last_update": [
    "June",
    "5",
    " 2018"
  ],
  "name": "New Jewels Blast Match Game (jewel games free)",
  "offered_by": "Erser Game",
  "permissions": {
    "Other": [
      "view network connections",
      "full network access"
    ]
  },
  "rate": [
    [
      "608",
      "4.4"
    ],
    [
      "409",
      "5"
    ],
    [
      "100",
      "4"
    ],
    [
      "55",
      "3"
    ],
    [
      "10",
      "2"
    ],
    [
      "34",
      "1"
    ]
  ],
  "required_android": "2.3",
  "size": "27",
  "url": "https://play.google.com/store/apps/details?id=com.NewJewelsBlast.MatchGame",
  "version": "1.0.1"
}