{
  "categories": [
    "Education",
    "Education"
  ],
  "description": "ABC PreSchool includes three fun, educational activities for toddlers and kids!  Whether your child is in kindergarden, or going to attend preschool, this is a great, free learning app for your children.COLORINGChoose from over 50 images to color. Let your kids doodle their fingers away and show their artistic skills. Choose from a variety of crayons to color.PLAY Test your memory by playing the matching game. Check out our attractive cute animals as the matching tiles. LEARN Finally, let your kids learn a bit. We've made it easy for your kids to familiarize themselves with the ABC's (english alphabet) and numbers by tracing the dashed lines. There are audio for each letter and number so your kids can get familiarized with the sounds.",
  "inc": "Sound House LLC",
  "intalled_count": "5,000,000",
  "last_update": [
    "October",
    "25",
    " 2017"
  ],
  "name": "ABC Preschool Free",
  "offered_by": "Sound House LLC",
  "permissions": {
    "Other": [
      "view network connections",
      "full network access"
    ]
  },
  "rate": [
    [
      "27,587",
      "3.8"
    ],
    [
      "13,887",
      "5"
    ],
    [
      "4,209",
      "4"
    ],
    [
      "3,042",
      "3"
    ],
    [
      "2,269",
      "2"
    ],
    [
      "4,180",
      "1"
    ]
  ],
  "required_android": "2.3",
  "size": "25",
  "url": "https://play.google.com/store/apps/details?id=com.soundhousellc.preschoolfree",
  "version": "3.0"
}