{
  "categories": [
    "Education",
    "Education"
  ],
  "description": "Free educational app to learn English letters, numbers , the week days , months and more other basic vocabularyHelps children gain knowledge of the proper english language and increases the linguistic and cognitive background of your childABC KIDS give you samples of writing and how to pronounce the words with giving examples of the fruits with the pictures and to ensure your child's learning easy and fun wayABC app includes a variety of activities seeking to various basic skills to learn alphabet and English reading and writing development, life sciences, animal names and fruit, math, numbers, colors, seasons, days of the week and months of the year, the child we all learn in a fun atmosphere and interesting, which merges, acquires direct knowledge of his sensualJust upload it into your  smartphone to benefit your child100% Free Internet does not need, just download the application now, and let your child benefits from the technology because it's makes learning faster and efficient- Days of the week - Months of the year - Numbers - Children alphabet- Kid games- Days of week for kids- Games kids- Talking alphabet- Abcd- Learning to write- Learning games for kids- Days of week- Train memory- Reading A to Z- Learning abc- Games for kids- Learn Alphabet- English for kids- English kids- Letters and numbers- kids colors- kids games- Animal sounds- Colors for kids- Numbers for kids- Baby learn abc- Baby learn numbers- La lecture de A \u00e0 Z- L'alphabet parlant- Apprendre \u00e0 \u00e9crire- Apprendre l\u2019Alphabet",
  "inc": "I-studio",
  "intalled_count": "1,000,000",
  "last_update": [
    "August",
    "1",
    " 2018"
  ],
  "name": "ABC KIDS",
  "offered_by": "I-studio",
  "permissions": {
    "Other": [
      "view network connections",
      "full network access"
    ]
  },
  "rate": [
    [
      "3,447",
      "4.5"
    ],
    [
      "2,605",
      "5"
    ],
    [
      "331",
      "4"
    ],
    [
      "211",
      "3"
    ],
    [
      "95",
      "2"
    ],
    [
      "205",
      "1"
    ]
  ],
  "required_android": "4.0",
  "size": "12",
  "url": "https://play.google.com/store/apps/details?id=abc_kids.alphabet.com",
  "version": "5.0"
}