{
  "categories": [
    "Education",
    "Education"
  ],
  "description": "Advanced audio ABC book with amazing game modes and colorful pictures. The application screen is divided into two parts. It makes the education process convenient and simple both for parents and children. There is an interactive game for every letter to save the result achieved.",
  "inc": "PVA Games",
  "intalled_count": "100,000",
  "last_update": [
    "January",
    "5",
    " 2017"
  ],
  "name": "Talking ABC - English",
  "offered_by": "PVA Games",
  "permissions": {
    "Other": [
      "view network connections",
      "full network access"
    ]
  },
  "rate": [
    [
      "163",
      "4.5"
    ],
    [
      "118",
      "5"
    ],
    [
      "23",
      "4"
    ],
    [
      "12",
      "3"
    ],
    [
      "1",
      "2"
    ],
    [
      "9",
      "1"
    ]
  ],
  "required_android": "2.3",
  "size": "20",
  "url": "https://play.google.com/store/apps/details?id=com.pva.abcen",
  "version": "0.2"
}