{
  "categories": [
    "Adventure",
    "Action & Adventure"
  ],
  "description": "Play as Harry, Ron, Hermione and many more as you explore Hogwarts and engage in countless hours of gameplay spread across 40+ levels based on the Harry Potter books and movies. Based on the first four Harry Potter books and movies, LEGO\u00ae Harry Potter: Years 1-4 builds on the foundations of previous LEGO\u00ae video games by offering a mix of fun, accessible gameplay and light-hearted humor \u2013 appealing to all ages. Players can explore the wizarding world and feel as though they are at Hogwarts. Features:\u2022 The Events of Harry Potter\u2019s First Four Years at Hogwarts \u2013 LEGO\u00ae style! \u2013 including the Triwizard Tournament, the Quidditch World Cup, the Basilisk battle in the Chamber of Secrets, the encounter with Aragog and the face-to-face confrontation with Voldemort himself.\u2022 Intuitive Touch-Screen Controls \u2013 take complete control over your character to explore, solve puzzles and duel.\u2022 An Authentic Harry Potter Experience, including iconic locations like Diagon Alley, the Forbidden Forest, the village of Hogsmeade and Hogwarts castle \u2013 a grand, immersive 3-D environment and one of the largest, most detailed LEGO\u00ae game locations ever built. \u2022 Play as over 100 characters \u2013 including Harry Potter, Ron Weasley, and Hermione Granger.\u2022 Attend Hogwarts \u2013 cast spells, mix potions, fly on broomsticks and complete hundreds of magical tasks to earn points.\u2022 Character Customization \u2013 using hundreds of different LEGO\u00ae Harry Potter pieces.\u2022 Classic LEGO\u00ae Humor \u2013 enjoy the characteristic comedic LEGO\u00ae \u2018twist\u2019 on events from the fiction.\u2022 Endless Replayability \u2013 use \u2018Freeplay\u2019 to discover areas of gameplay not accessible in Story Mode.\u2022 Collectables \u2013 pick up a huge variety of items throughout the game.",
  "inc": "Warner Bros. International Enterprises",
  "intalled_count": "100,000",
  "last_update": [
    "September",
    "27",
    " 2016"
  ],
  "name": "LEGO Harry Potter: Years 1-4",
  "offered_by": "Warner Bros. International Enterprises",
  "permissions": {
    "Photos/Media/Files": [
      "read the contents of your USB storage",
      "modify or delete the contents of your USB storage"
    ],
    "Storage": [
      "read the contents of your USB storage",
      "modify or delete the contents of your USB storage"
    ],
    "Other": []
  },
  "rate": [
    [
      "4,482",
      "4.1"
    ],
    [
      "2,871",
      "5"
    ],
    [
      "526",
      "4"
    ],
    [
      "323",
      "3"
    ],
    [
      "181",
      "2"
    ],
    [
      "581",
      "1"
    ]
  ],
  "required_android": "4.0.3",
  "size": "4.3",
  "url": "https://play.google.com/store/apps/details?id=com.wb.goog.legohp1",
  "version": "Varies with device"
}