{
  "categories": [
    "Travel & Local"
  ],
  "description": "Navigation app that combines the best of offline and online features to create the ultimate navigation experience. Compact maps of over 200 countries were specially optimized to take up less space on your phone. Follow accurate voice directions, avoid traffic jams and get speed limit & speed camera alerts. Regular map updates.NAVIGATE ANYWHERE, EVEN WITHOUT AN INTERNET CONNECTION \u2022 Offline maps of all countries in the world, from TomTom and other providers \u2022 Free map updates multiple times per year\u2022 Voice-guided GPS navigation with precise directions and spoken street names\u2022 Millions of interesting Places (POI) \u2022 Real-time route sharing lets you share your estimated time of arrival & current position on a map*\u2022 Pedestrian GPS navigation with walking directions and tourist attractions (POI) ESCAPE THE TRAFFIC\u2022 Avoid traffic jams with the most accurate real-time traffic information with data collected from more than 500 million users worldwide*STAY SAFE\u2022 Advanced safety features make driving in unfamiliar territories easier\u2022 Speed limit warnings show you the current speed limit and the upcoming speed limit changes \u2022 Dynamic Lane Assistant guides you into the correct lane \u2022 Head-up Display (HUD) projects navigation onto the windshield of your car, making driving at night safer\u2022 Dashcam records the road ahead and automatically saves video in case of an accident \u2022 Real View Navigation is an augmented reality feature for even better and safer driving experienceSAVE MONEY ALONG YOUR ROUTE\u2022 Park easily with parking place suggestions and live info about prices and availability*\u2022 Set your fuel type and fill up for the best price with live information about fuel prices*\u2022 Avoid speeding tickets with Speed camera warnings* \u2022 Save money on roaming charges with offline maps *Please note that this feature requires internet connection. Note: Sharing videos from Dashcam is forbidden by law in these countries: Austria, Belgium, Luxembourg, Switzerland, Slovakia, Spain.By installing, copying or using all or any portion of this software you accept all the terms and conditions of this agreement: https://www.beonroad.com/eula/",
  "inc": "Maps, GPS Navigation",
  "intalled_count": "5,000,000",
  "last_update": [
    "June",
    "7",
    " 2018"
  ],
  "name": "Offline Maps & Navigation",
  "offered_by": "Google Commerce Ltd",
  "permissions": {
    "Device & app history": [
      "read sensitive log data"
    ],
    "Identity": [
      "find accounts on the device"
    ],
    "Contacts": [
      "find accounts on the device",
      "read your contacts"
    ],
    "Location": [
      "approximate location (network-based)",
      "precise location (GPS and network-based)",
      "access extra location provider commands"
    ],
    "Photos/Media/Files": [
      "read the contents of your USB storage",
      "modify or delete the contents of your USB storage"
    ],
    "Storage": [
      "read the contents of your USB storage",
      "modify or delete the contents of your USB storage"
    ],
    "Camera": [
      "take pictures and videos"
    ],
    "Microphone": [
      "record audio"
    ],
    "Wi-Fi connection information": [
      "view Wi-Fi connections"
    ],
    "Other": [
      "receive data from Internet",
      "view network connections",
      "pair with Bluetooth devices",
      "access Bluetooth settings",
      "send sticky broadcast",
      "disable your screen lock",
      "full network access",
      "change your audio settings",
      "run at startup",
      "control vibration",
      "prevent device from sleeping",
      "install shortcuts",
      "Google Play license check",
      "read Google service configuration"
    ]
  },
  "rate": [
    [
      "190,211",
      "4.7"
    ],
    [
      "152,232",
      "5"
    ],
    [
      "26,031",
      "4"
    ],
    [
      "5,727",
      "3"
    ],
    [
      "1,693",
      "2"
    ],
    [
      "4,528",
      "1"
    ]
  ],
  "required_android": "4.0.3",
  "size": "33",
  "url": "https://play.google.com/store/apps/details?id=com.navigation.offlinemaps.gps",
  "version": "17.4.1"
}