{
  "categories": [
    "Travel & Local"
  ],
  "description": "Skyscanner is an all-in-one travel app with flights, hotels and car rentals, all in one place. Instantly search, compare and book cheap flights, hotels and car rentals anytime, anywhere. No booking fees or hidden charges, just the best prices for your next trip. Download our award-winning, easy-to-use app and join the millions of travelers who trust us to help them find the best travel deals every time. Available now in over 30 languages.* FIND CHEAP FLIGHTS ANYWHEREWith more airlines and travel agents than anyone else, easily find the best flight deals and compare the cheapest days and months to fly with our color-coded calendar and chart view.  * GET TRAVEL DEALS & INSPIRATIONTap Explore to discover inspiration for your next vacation. Find travel deals by month and trip category, including last minute flights from your nearest airport, with our Top Deals feature.* NO HIDDEN FEESUnbiased, free to use and no commissions added, find the same price on our app as you will directly from the airline, hotel or car rental company. * SET PRICE ALERTSNever miss a deal, get a price alert. Simply do a flight search, tap the bell icon, and we\u2019ll track flights and notify you if the price changes.* EARN FREQUENT FLYER MILESFind a flight on our app that looks good enough to book? Don\u2019t worry you\u2019ll still earn frequent flyer miles with applicable airline loyalty programs. * CHEAP HOTEL FINDERSearch cheap hotel deals from around the world, including apartments and hostels. Find rooms by price, location, reviews and more to make booking your travel easier. Even find last minute hotel deals for tonight.* BOOK CHEAP CAR RENTALSSearch the world\u2019s car rental companies to find the best prices available in seconds. Choose from airport or city locations, then filter by vehicle type, fuel type and features to find the car you want at the right price. What\u2019s more, our Fair Fuel Policy flag will make sure you don\u2019t get ripped off on fuel.* TAILOR YOUR TRIPSNarrow down your options: filter results by flight duration, airline, stops, travel class, departure and arrival times.* BROWSE RECENT SEARCHESLook at your recent flight and travel searches straight from your home screen, and quickly pick up where you left off.* SEARCH HASSLE-FREE ACROSS DEVICESLog in to sync your flight searches and price alerts across all your devices - phone, tablet and desktop - so you can plan your trip anytime, anywhere.* AWARDS New York Times, Travel Planning Apps Reviews Webby Awards, Best Travel App Nominee. Appy Awards, Best Travel App. Refinery29, Best Hacks for Flings a Cheap Flight. TimeOut, Best Travel Apps. Utilities & Services: Tablet, The Lovie Awards 2012.* Discover more travel tips, tricks and inspiration by following our blog: https://www.skyscanner.com/tips-and-inspiration",
  "inc": "Skyscanner Ltd",
  "intalled_count": "10,000,000",
  "last_update": [
    "July",
    "27",
    " 2018"
  ],
  "name": "Skyscanner",
  "offered_by": "Google Commerce Ltd",
  "permissions": {
    "Location": [
      "approximate location (network-based)"
    ],
    "Camera": [
      "take pictures and videos"
    ],
    "Other": [
      "receive data from Internet",
      "view network connections",
      "full network access",
      "prevent device from sleeping",
      "view network connections",
      "full network access",
      "control vibration",
      "prevent device from sleeping"
    ]
  },
  "rate": [
    [
      "480,355",
      "4.5"
    ],
    [
      "329,986",
      "5"
    ],
    [
      "112,046",
      "4"
    ],
    [
      "18,647",
      "3"
    ],
    [
      "6,702",
      "2"
    ],
    [
      "12,974",
      "1"
    ]
  ],
  "required_android": "4.4",
  "size": "29",
  "url": "https://play.google.com/store/apps/details?id=net.skyscanner.android.main",
  "version": "5.48"
}