{
  "categories": [
    "Casual",
    "Brain Games"
  ],
  "description": "Do you get bored of plain and mindless bubbles games? Well it's time to get excited with Bubble Shooter- the best bubble puzzles out there! Now tap on where you specifically want the ball and  match 3 meets bubble burst in this legendary world!Features:-Objectives differ in more than 500 amazing levels-Aim and tap to shoot bubbles-Pop bubbles strategically to make more combos and power-ups-Save all the lovely chickens to level up-Exquisite game interface-Super small size bubble game-Applicable for any ages to play at anywhere and anytimeKeep having fun by downloading Bubble Shooter in Google Store for FREE now!!!",
  "inc": "Candy Star",
  "intalled_count": "100,000",
  "last_update": [
    "March",
    "15",
    " 2018"
  ],
  "name": "Bubble Monkey Pop",
  "offered_by": "Candy Star",
  "permissions": {
    "Photos/Media/Files": [
      "read the contents of your USB storage",
      "modify or delete the contents of your USB storage"
    ],
    "Storage": [
      "read the contents of your USB storage",
      "modify or delete the contents of your USB storage"
    ],
    "Wi-Fi connection information": [
      "view Wi-Fi connections"
    ],
    "Other": [
      "view network connections",
      "full network access",
      "prevent device from sleeping"
    ]
  },
  "rate": [
    [
      "780",
      "4.4"
    ],
    [
      "529",
      "5"
    ],
    [
      "116",
      "4"
    ],
    [
      "96",
      "3"
    ],
    [
      "17",
      "2"
    ],
    [
      "22",
      "1"
    ]
  ],
  "required_android": "2.3",
  "size": "17",
  "url": "https://play.google.com/store/apps/details?id=com.shooterlegend.bubbleshootsky.free",
  "version": "1.0.3122"
}