{
  "categories": [
    "Education",
    "Pretend Play"
  ],
  "description": "Welcome to a world of horses and adventure! Groom horses, care for them and show them! Engage in some medieval jousting or role-play the Wild West. Ride motorcycles and camp out under the stars! You can play your way in Toca Life: Stable!EXPLORE AN EXCITING WORLDTHE STABLE: Step into the stable and can care for your horses. Wash them, brush them, then saddle up for a trot. When you're finished grooming your horses (and cleaning up their poop!), take a well-deserved break in the club room.THE ARENA: Next, advance to the arena and show off your horse's jumping skills. Hear the cheers when the winners take their place on the podium. After the celebration, you can race motorcycles in the arena \u2014 vroom! \u2014 or get a snack in the food court.THE FOREST: Ready to frolic in the forest? Choose your most trusted horse and head off for an adventure in the woods, where you can sleep under the stars in your sleeping bag, then wake up for a swim in the waterfall.THE SHOP: When you need more horse tack, head over to the shop \u2014 you'll find everything you need.TRAVEL BETWEEN LOCATIONSEach location gives you access to the horse transport, so you can get your horses, equipment, bikes and even characters from here to there. Put what you want to move into the transport, close the door and select the new location by tapping an icon. Everything will arrive in the selected location so you can begin your next adventure!CREATE AN ORIGINAL VIDEO OF YOUR STORYUse the in-app recording feature to create an original video! This feature records your voice as you\u2019re telling the story, along with your characters\u2019 movements. Create videos up two minutes long and save them to your camera roll to share later!FEATURES:- Explore four locations: stable, arena, forest and shop.- Create stories for 24 new characters plus horses and other animals!- Care for your horses: feed them, lather them up till they're nice and clean, brush them. - Choose outfits from your favorite themes: medieval, western, everyday stable life and fantasy!- Hop on to ride bikes in the forest and race motorcycles in the arena!- Set up obstacles and show off your horse's jumping skills!- Eat at the food court and use the portable potties!- Have a campout!- Snuggle into your sleeping bag to stay warm under the stars! - Take a canoe ride or swim by a waterfall.- Make music with magical lily pads!- Move horses, characters and objects from here to there in the horse transport!- Record your stories in the app and share with your friends!- No time limit or high scores \u2014 play for as long as you like!- No third-party advertisingWE LISTENOne of our top requests for the Toca Life series has been horses! So we made an app that's all about horses! What do you want to see next in the Toca Life series? Share your suggestions by submitting a review, or share them with @tocaboca on Instagram & YouTube!",
  "inc": "Toca Boca",
  "intalled_count": "100,000",
  "last_update": [
    "July",
    "6",
    " 2018"
  ],
  "name": "Toca Life: Stable",
  "offered_by": "Toca Boca",
  "permissions": {
    "Photos/Media/Files": [
      "read the contents of your USB storage",
      "modify or delete the contents of your USB storage"
    ],
    "Storage": [
      "read the contents of your USB storage",
      "modify or delete the contents of your USB storage"
    ],
    "Wi-Fi connection information": [
      "view Wi-Fi connections"
    ],
    "Other": [
      "view network connections",
      "full network access",
      "prevent device from sleeping",
      "Google Play license check"
    ]
  },
  "rate": [
    [
      "22,462",
      "4.7"
    ],
    [
      "18,883",
      "5"
    ],
    [
      "1,676",
      "4"
    ],
    [
      "828",
      "3"
    ],
    [
      "217",
      "2"
    ],
    [
      "858",
      "1"
    ]
  ],
  "required_android": "4.4",
  "size": "24",
  "url": "https://play.google.com/store/apps/details?id=com.tocaboca.tocastable",
  "version": "1.2-play"
}