{
  "categories": [
    "Lifestyle"
  ],
  "description": "It\u2019s the first Mary Kay\u00ae Mobile Virtual Makeover app! Customize looks with endless combinations of eye makeup, lip colors, hairstyles, hair colors, accessories and more.Choose a photo from your library, take a picture from your mobile device or select from a variety of models. Save your favorite makeovers and products, download your makeovers right to your mobile device, shop online for your makeover must-haves or buy the whole look with just a few clicks!Plus, put YOUR face on a cover of \u201cThe Look\u201d and share with friends on Facebook, Twitter, SMS or e-mail.Try our one-click makeovers for season-specific, on-trend looks and special occasion makeovers--like beautiful bridal ideas.For endless inspiration, nonstop fun with color and the best in beauty, download the Mary Kay\u00ae Mobile Virtual Makeover app today!Key features:\u2022Create unlimited makeovers using your own photo or model photos.\u2022Choose from hundreds of hairstyles and hair color combinations.\u2022Customize your eye makeup, lip color, accessories and more.\u2022View one-click complete looks for on-trend ideas and special occasions.\u2022Put your face on a cover of \u201cThe Look\u201d and share with friends.\u2022Share your makeover on Facebook, Twitter, through email or by SMS.\u2022Download your makeover directly to your device\u2019s photo album.\u2022Create shopping lists of your favorite products or buy the whole look.\u2022Save your favorite makeovers to view again later.\u2022Available for iPhone 4 and above, iPad, Android tablets and mobile devices, and Kindle Fire.",
  "inc": "Mary Kay, Inc.",
  "intalled_count": "5,000,000",
  "last_update": [
    "June",
    "28",
    " 2018"
  ],
  "name": "Mary Kay\u00ae Virtual Makeover",
  "offered_by": "Google Commerce Ltd",
  "permissions": {
    "Photos/Media/Files": [
      "read the contents of your USB storage",
      "modify or delete the contents of your USB storage"
    ],
    "Storage": [
      "read the contents of your USB storage",
      "modify or delete the contents of your USB storage"
    ],
    "Other": [
      "send sticky broadcast",
      "full network access"
    ]
  },
  "price": "",
  "rate": [
    [
      "54,797",
      "3.9"
    ],
    [
      "30,864",
      "5"
    ],
    [
      "6,917",
      "4"
    ],
    [
      "5,069",
      "3"
    ],
    [
      "3,151",
      "2"
    ],
    [
      "8,796",
      "1"
    ]
  ],
  "required_android": "2.3",
  "reviews": [
    {
      "REQ_subtype": "",
      "REQ_type": "",
      "_id": 0,
      "author_id": "not defined",
      "author_name": "Elizabeth Schening",
      "helpful": "0",
      "polarity": "",
      "rate": 5,
      "response": "",
      "response_date": "",
      "review": "I stumbled on it by accident and I totally love it.",
      "review_date": [
        "July",
        "4",
        " 2018"
      ]
    },
    {
      "REQ_subtype": "",
      "REQ_type": "",
      "_id": 1,
      "author_id": "not defined",
      "author_name": "Mary Charles",
      "helpful": "0",
      "polarity": "",
      "rate": 3,
      "response": "",
      "response_date": "",
      "review": "Limited styles",
      "review_date": [
        "July",
        "6",
        " 2018"
      ]
    },
    {
      "REQ_subtype": "",
      "REQ_type": "",
      "_id": 2,
      "author_id": "not defined",
      "author_name": "T Carey",
      "helpful": "0",
      "polarity": "",
      "rate": 5,
      "response": "",
      "response_date": "",
      "review": "I love it , also don't get youcam makeup because it's the worst",
      "review_date": [
        "June",
        "28",
        " 2018"
      ]
    },
    {
      "REQ_subtype": "",
      "REQ_type": "",
      "_id": 3,
      "author_id": "not defined",
      "author_name": "Norman Liira",
      "helpful": "0",
      "polarity": "",
      "rate": 1,
      "response": "",
      "response_date": "",
      "review": "This app used to work. But now it just is an eye sore with the small font size. And the fact that the only thing that worked was the choosing a model.  Then it all just fell apart. Horrible. I will be uninstalling this immediately. Very disappointing.",
      "review_date": [
        "April",
        "12",
        " 2018"
      ]
    },
    {
      "REQ_subtype": "",
      "REQ_type": "",
      "_id": 4,
      "author_id": "not defined",
      "author_name": "Kate Henderson",
      "helpful": "2",
      "polarity": "",
      "rate": 1,
      "response": "",
      "response_date": "",
      "review": "What an awful app! Only a tiny selection of hair styles which u can't \nchange to fit ur face! Applying different colour makes it look like my 5 \nyear old did it! The make is the best part of this app. Certainly not worth \nthe time",
      "review_date": [
        "May",
        "10",
        " 2018"
      ]
    },
    {
      "REQ_subtype": "",
      "REQ_type": "",
      "_id": 5,
      "author_id": "not defined",
      "author_name": "mohammad saad",
      "helpful": "2",
      "polarity": "",
      "rate": 1,
      "response": "",
      "response_date": "",
      "review": "It sucks it's an app before they invited internet .. just don't West your \ntime",
      "review_date": [
        "May",
        "22",
        " 2018"
      ]
    },
    {
      "REQ_subtype": "",
      "REQ_type": "",
      "_id": 6,
      "author_id": "not defined",
      "author_name": "Cassandra Saimone",
      "helpful": "0",
      "polarity": "",
      "rate": 5,
      "response": "",
      "response_date": "",
      "review": "The ads keep popping up its so annoying! !!!!!+",
      "review_date": [
        "June",
        "2",
        " 2018"
      ]
    },
    {
      "REQ_subtype": "",
      "REQ_type": "",
      "_id": 7,
      "author_id": "not defined",
      "author_name": "A Google user",
      "helpful": "0",
      "polarity": "",
      "rate": 5,
      "response": "",
      "response_date": "",
      "review": "This game is the TOP makeover game! I totally recommend it!!",
      "review_date": [
        "May",
        "20",
        " 2018"
      ]
    },
    {
      "REQ_subtype": "",
      "REQ_type": "",
      "_id": 8,
      "author_id": "not defined",
      "author_name": "A Google user",
      "helpful": "0",
      "polarity": "",
      "rate": 5,
      "response": "",
      "response_date": "",
      "review": "It is a fun app.",
      "review_date": [
        "May",
        "26",
        " 2018"
      ]
    },
    {
      "REQ_subtype": "",
      "REQ_type": "",
      "_id": 9,
      "author_id": "not defined",
      "author_name": "Terrokee Wright",
      "helpful": "0",
      "polarity": "",
      "rate": 1,
      "response": "",
      "response_date": "",
      "review": "Use to love this app until one day all hairstyles were gone and u uninstalled and reinstalled 5 times (no joke)  with no success.  I emailed.. Feedback\u2026 no success.  They replied with a standard basic reply that everyone gets with no resolution whatsoever.  You would think that folks who have been long time app users.. And those who are first time app users would deserve better service!  SMH",
      "review_date": [
        "March",
        "16",
        " 2017"
      ]
    },
    {
      "REQ_subtype": "",
      "REQ_type": "",
      "_id": 10,
      "author_id": "not defined",
      "author_name": "Tamara Kennedy",
      "helpful": "0",
      "polarity": "",
      "rate": 1,
      "response": "",
      "response_date": "",
      "review": "Does not look anything like make up every color is cartoon artwork does not follow your face shape or eyes or lips or eyebrow shape the colors you pick are exactly the same as highlighter used to write over pics. Lame .",
      "review_date": [
        "September",
        "10",
        " 2017"
      ]
    },
    {
      "REQ_subtype": "",
      "REQ_type": "",
      "_id": 11,
      "author_id": "not defined",
      "author_name": "Rebecca Hamrick",
      "helpful": "20",
      "polarity": "",
      "rate": 1,
      "response": "",
      "response_date": "",
      "review": "Clunky, no customization so the makeup looks ridiculous, and my photo uploaded upside down! The main reason I downloaded this app was so that I could try out the hairstyles since I'm thinking of cutting my hair. When I tried that feature it would not let me choose a style saying \"you need to download 'all hairstyles button' to use that\" or something along those lines, which was nowhere to be found! Call me crazy, but if your app is advertised as having a certain feature, then I shouldn't have to download something else to be able to use that feature. Especially not a seemingly non-exsistent something else. Dont waste your time with this pos.",
      "review_date": [
        "September",
        "2",
        " 2017"
      ]
    },
    {
      "REQ_subtype": "",
      "REQ_type": "",
      "_id": 12,
      "author_id": "not defined",
      "author_name": "H Vagasky",
      "helpful": "0",
      "polarity": "",
      "rate": 4,
      "response": "",
      "response_date": "",
      "review": "Love it... Only problem...which is big for me...I want to be able to change the COLOR of my hair... some styles are the right style I want to try, but the wrong color hair for me!  Big bummer, other than that, I loved it!  And I tried a few other apps out there first...",
      "review_date": [
        "January",
        "21",
        " 2017"
      ]
    },
    {
      "REQ_subtype": "",
      "REQ_type": "",
      "_id": 13,
      "author_id": "not defined",
      "author_name": "Gabrielle Kelly",
      "helpful": "4",
      "polarity": "",
      "rate": 1,
      "response": "",
      "response_date": "",
      "review": "This app is trash! Its a waste of time. Everything was ugly and the only \"pretty\" model (she was the best looking I could find but still ugly) had her hair showing with the only pretty-ish hair I could find! The makeup barely changes anything! I hated this I can't believe I downloaded it \ud83d\ude08",
      "review_date": [
        "December",
        "17",
        " 2017"
      ]
    },
    {
      "REQ_subtype": "",
      "REQ_type": "",
      "_id": 14,
      "author_id": "not defined",
      "author_name": "A Google user",
      "helpful": "0",
      "polarity": "",
      "rate": 1,
      "response": "",
      "response_date": "",
      "review": "I have no idea how this app is rated so well. It's absolutely appalling - difficult to use, terrible results, can't even resize the hairstyles. There are so many better beauty apps out there, don't waste your time on this one.",
      "review_date": [
        "May",
        "6",
        " 2017"
      ]
    },
    {
      "REQ_subtype": "",
      "REQ_type": "",
      "_id": 15,
      "author_id": "not defined",
      "author_name": "Crystal Swiger",
      "helpful": "0",
      "polarity": "",
      "rate": 1,
      "response": "",
      "response_date": "",
      "review": "Turned my picture upside down every time i uploaded it.  I uninstalled and reinstalled this app. Same thing. Even tried different camera apps to upload from. Had to uninstall it and look for a different app.",
      "review_date": [
        "March",
        "9",
        " 2017"
      ]
    },
    {
      "REQ_subtype": "",
      "REQ_type": "",
      "_id": 16,
      "author_id": "not defined",
      "author_name": "Harry Moto",
      "helpful": "6",
      "polarity": "",
      "rate": 1,
      "response": "",
      "response_date": "",
      "review": "After taking a picture, adjusting everything to get it looking more or less good, and selecting hair style, color, and highlight color; I found that the app 1) will not divulge what colors you've chosen! 2) when you reload your \"Saved\" look, it has lost ALL of the adjustments. So what's the point? Big waste of time! Why bother? You are right back to trying to guess what color you want.",
      "review_date": [
        "August",
        "22",
        " 2017"
      ]
    },
    {
      "REQ_subtype": "",
      "REQ_type": "",
      "_id": 17,
      "author_id": "not defined",
      "author_name": "Viceiry Suarez",
      "helpful": "0",
      "polarity": "",
      "rate": 5,
      "response": "",
      "response_date": "",
      "review": "How dare you people say it's boring. If you try the make up in real life it's amazing. My mom used to work there so I get to know how the make up looks on me.",
      "review_date": [
        "March",
        "19",
        " 2017"
      ]
    },
    {
      "REQ_subtype": "",
      "REQ_type": "",
      "_id": 18,
      "author_id": "not defined",
      "author_name": "Megan Hall",
      "helpful": "9",
      "polarity": "",
      "rate": 1,
      "response": "",
      "response_date": "",
      "review": "Not a good app. There are very few hairstyles to choose from, and the makeup\u200b applies unevenly to your photo. Also the font is incredibly small. Very disappointing.",
      "review_date": [
        "May",
        "3",
        " 2017"
      ]
    },
    {
      "REQ_subtype": "",
      "REQ_type": "",
      "_id": 19,
      "author_id": "not defined",
      "author_name": "Georgiana Abadia",
      "helpful": "7",
      "polarity": "",
      "rate": 4,
      "response": "",
      "response_date": "",
      "review": "It ould be much better if you could match up the hands with the models for the nails section.  Plus, add more colors, add a secondary color, and possibly add patterns to the nails, or press on designs. Whatever happened to the Hair Accessoies? There isn't any.  It would be wonderful to have them added back in. Also, bring back more hair designs.  There used to be several types of long And short hair.   Please bring them back as well. Thx",
      "review_date": [
        "June",
        "14",
        " 2017"
      ]
    },
    {
      "REQ_subtype": "",
      "REQ_type": "",
      "_id": 20,
      "author_id": "not defined",
      "author_name": "A Google user",
      "helpful": "3",
      "polarity": "",
      "rate": 1,
      "response": "",
      "response_date": "",
      "review": "I used to like this app. However, it has gotten worse. The font is too small to read, there's a shortahe of hairstyles and makeup, and there's only a handful (barely) of models to choose from.",
      "review_date": [
        "November",
        "17",
        " 2017"
      ]
    },
    {
      "REQ_subtype": "",
      "REQ_type": "",
      "_id": 21,
      "author_id": "not defined",
      "author_name": "tracey yeshulas",
      "helpful": "8",
      "polarity": "",
      "rate": 1,
      "response": "",
      "response_date": "",
      "review": "All of a sudden the hairstyles disappeared. The app keeps telling me to choose a hairstyle first, which I obviously can't. So can't use the app. For hair.",
      "review_date": [
        "March",
        "27",
        " 2017"
      ]
    },
    {
      "REQ_subtype": "",
      "REQ_type": "",
      "_id": 22,
      "author_id": "not defined",
      "author_name": "Tina Dean",
      "helpful": "0",
      "polarity": "",
      "rate": 1,
      "response": "",
      "response_date": "",
      "review": "Anyone else not able to select hairstyles? I watched the YouTube video showing where that option is supposed to be located but it does not appear. Under hair I am only able to select hair colors and when I even try that I am prompted to choose a hairstyle first...there is no hairstyle available that I can find! Am I just missing it somehow?",
      "review_date": [
        "March",
        "27",
        " 2017"
      ]
    },
    {
      "REQ_subtype": "",
      "REQ_type": "",
      "_id": 23,
      "author_id": "not defined",
      "author_name": "Debbi Bockhold",
      "helpful": "7",
      "polarity": "",
      "rate": 1,
      "response": "",
      "response_date": "",
      "review": "Was cool to see colors and play around but was not user friendly to my Android phone.  Couldn't add easily to my favorites list.  Had a hard time navigating.",
      "review_date": [
        "March",
        "21",
        " 2017"
      ]
    },
    {
      "REQ_subtype": "",
      "REQ_type": "",
      "_id": 24,
      "author_id": "not defined",
      "author_name": "Abby Asta",
      "helpful": "8",
      "polarity": "",
      "rate": 1,
      "response": "",
      "response_date": "",
      "review": "Words are way too small to click on much less read and doesn't work very well if your face isn't perfectly symmetrical",
      "review_date": [
        "January",
        "19",
        " 2017"
      ]
    },
    {
      "REQ_subtype": "",
      "REQ_type": "",
      "_id": 25,
      "author_id": "not defined",
      "author_name": "TIFFANY JONES",
      "helpful": "0",
      "polarity": "",
      "rate": 1,
      "response": "",
      "response_date": "",
      "review": "Could not get font large enough to read! Very frustrating.",
      "review_date": [
        "January",
        "20",
        " 2017"
      ]
    },
    {
      "REQ_subtype": "",
      "REQ_type": "",
      "_id": 26,
      "author_id": "not defined",
      "author_name": "Bright Jade",
      "helpful": "1",
      "polarity": "",
      "rate": 4,
      "response": "",
      "response_date": "",
      "review": "need to download hairstyles as its not being downloaded with this app, the only bad thing is you need to select the location of your eyes, mouth, shape of your eyes, eyebrows and lips you open this app as its not being saved, we need more hairstyles for short, medium and long, more accessories for hair clips, hats, scarves, glasses overall it look very real and no advertisement great job",
      "review_date": [
        "January",
        "8",
        " 2018"
      ]
    },
    {
      "REQ_subtype": "",
      "REQ_type": "",
      "_id": 27,
      "author_id": "not defined",
      "author_name": "Florence Lynn Lingo",
      "helpful": "0",
      "polarity": "",
      "rate": 4,
      "response": "",
      "response_date": "",
      "review": "Cool! I really like it so far.I feel it  may help Promote Me\u263a A suggestion:\ud83d\ude0f maybe more syles& things to choose from. \ud83d\ude0aOr offer it to me; I'll Help find some cute stuff to add to this app,lol\ud83d\ude09",
      "review_date": [
        "March",
        "10",
        " 2018"
      ]
    },
    {
      "REQ_subtype": "",
      "REQ_type": "",
      "_id": 28,
      "author_id": "not defined",
      "author_name": "Lynn Diven",
      "helpful": "9",
      "polarity": "",
      "rate": 4,
      "response": "",
      "response_date": "",
      "review": "NOTE!!!!!The US version doesn't work. Won't load all the hairstyles. This is a great app but to get the styles, DOWNLOAD the CANADA-ENGLUSH version. All the hair styles will load then!",
      "review_date": [
        "May",
        "9",
        " 2017"
      ]
    },
    {
      "REQ_subtype": "",
      "REQ_type": "",
      "_id": 29,
      "author_id": "not defined",
      "author_name": "William Vango",
      "helpful": "1",
      "polarity": "",
      "rate": 5,
      "response": "",
      "response_date": "",
      "review": "This game is one of the better makeup games, I don't understand how some people rate it so low. I would definitely recommend this game.",
      "review_date": [
        "October",
        "28",
        " 2017"
      ]
    },
    {
      "REQ_subtype": "",
      "REQ_type": "",
      "_id": 30,
      "author_id": "not defined",
      "author_name": "Terah Cloud",
      "helpful": "1",
      "polarity": "",
      "rate": 1,
      "response": "",
      "response_date": "",
      "review": "This app used to have a lot of hair styles, now only 2 per length, not worth using anymore, too much competition.",
      "review_date": [
        "October",
        "18",
        " 2017"
      ]
    },
    {
      "REQ_subtype": "",
      "REQ_type": "",
      "_id": 31,
      "author_id": "not defined",
      "author_name": "Artistic Mia",
      "helpful": "4",
      "polarity": "",
      "rate": 3,
      "response": "",
      "response_date": "",
      "review": "I wish that they had a face paint that would make it more better and that they fix the face alliner because my eyrs are not that close to my nose.",
      "review_date": [
        "June",
        "10",
        " 2017"
      ]
    },
    {
      "REQ_subtype": "",
      "REQ_type": "",
      "_id": 32,
      "author_id": "not defined",
      "author_name": "Lanna Smith",
      "helpful": "2",
      "polarity": "",
      "rate": 5,
      "response": "",
      "response_date": "",
      "review": "At easy to use you can change the eye color. There's literally a button in accessories that says eye color and you can pick whatever eye color contacts you want.",
      "review_date": [
        "May",
        "27",
        " 2017"
      ]
    },
    {
      "REQ_subtype": "",
      "REQ_type": "",
      "_id": 33,
      "author_id": "not defined",
      "author_name": "Alyssa Lemons",
      "helpful": "0",
      "polarity": "",
      "rate": 5,
      "response": "",
      "response_date": "",
      "review": "This app gives you all the thing you expect when you want to do makeup. The perfect app for someone that wants to have a career in makeup.",
      "review_date": [
        "December",
        "4",
        " 2016"
      ]
    },
    {
      "REQ_subtype": "",
      "REQ_type": "",
      "_id": 34,
      "author_id": "not defined",
      "author_name": "Handstand Cleve",
      "helpful": "3",
      "polarity": "",
      "rate": 1,
      "response": "",
      "response_date": "",
      "review": "It was horrible i do not reccomend this Youcammakeup is better dont waste your time on this rubbish",
      "review_date": [
        "April",
        "25",
        " 2017"
      ]
    },
    {
      "REQ_subtype": "",
      "REQ_type": "",
      "_id": 35,
      "author_id": "not defined",
      "author_name": "dakota Segee",
      "helpful": "26",
      "polarity": "",
      "rate": 5,
      "response": "",
      "response_date": "",
      "review": "I loved it.  But we need to have African American braided styles, sew-ins and natural styles also.",
      "review_date": [
        "October",
        "20",
        " 2016"
      ]
    },
    {
      "REQ_subtype": "",
      "REQ_type": "",
      "_id": 36,
      "author_id": "not defined",
      "author_name": "Lucy Avila",
      "helpful": "0",
      "polarity": "",
      "rate": 1,
      "response": "",
      "response_date": "",
      "review": "I agree with Terri Wright. It USED to be a fun app now it's all boring. No hair, no accessories...downright WRONG!",
      "review_date": [
        "July",
        "9",
        " 2017"
      ]
    },
    {
      "REQ_subtype": "",
      "REQ_type": "",
      "_id": 37,
      "author_id": "not defined",
      "author_name": "Ivone Guzman",
      "helpful": "7",
      "polarity": "",
      "rate": 1,
      "response": "",
      "response_date": "",
      "review": "Font is so small you need a magnifier to see stupid!! Uninstalled",
      "review_date": [
        "February",
        "17",
        " 2017"
      ]
    },
    {
      "REQ_subtype": "",
      "REQ_type": "",
      "_id": 38,
      "author_id": "not defined",
      "author_name": "Krystal Rowe",
      "helpful": "3",
      "polarity": "",
      "rate": 1,
      "response": "",
      "response_date": "",
      "review": "Flipped my photo upside down every time. I even uploaded an upside down pic and it kept it upside down.",
      "review_date": [
        "March",
        "14",
        " 2017"
      ]
    },
    {
      "REQ_subtype": "",
      "REQ_type": "",
      "_id": 39,
      "author_id": "not defined",
      "author_name": "Rose Pagan",
      "helpful": "1",
      "polarity": "",
      "rate": 3,
      "response": "",
      "response_date": "",
      "review": "I used to have this app before and it contained alot more differnet hair cuts and styles,  many accesories, now it only has two.",
      "review_date": [
        "July",
        "12",
        " 2017"
      ]
    },
    {
      "REQ_subtype": "",
      "REQ_type": "",
      "_id": 40,
      "author_id": "not defined",
      "author_name": "Leslie Garcia",
      "helpful": "0",
      "polarity": "",
      "rate": 1,
      "response": "",
      "response_date": "",
      "review": "Couldn't get through the first step because photo was loading upside down. Ridiculous app am removing immediately",
      "review_date": [
        "December",
        "10",
        " 2016"
      ]
    },
    {
      "REQ_subtype": "",
      "REQ_type": "",
      "_id": 41,
      "author_id": "not defined",
      "author_name": "A Google user",
      "helpful": "0",
      "polarity": "",
      "rate": 1,
      "response": "",
      "response_date": "",
      "review": "Really wanted to try out this app but was not able use the app kept flipping pic upside down then when u rotated the pic nothing would wrk",
      "review_date": [
        "May",
        "25",
        " 2017"
      ]
    },
    {
      "REQ_subtype": "",
      "REQ_type": "",
      "_id": 42,
      "author_id": "not defined",
      "author_name": "Italee Freeman",
      "helpful": "1",
      "polarity": "",
      "rate": 1,
      "response": "",
      "response_date": "",
      "review": "I use to have this app and i loved it but you must have made some changes because now there are only two hairstyles and it is tearable",
      "review_date": [
        "March",
        "19",
        " 2017"
      ]
    },
    {
      "REQ_subtype": "",
      "REQ_type": "",
      "_id": 43,
      "author_id": "not defined",
      "author_name": "Youfound_megan",
      "helpful": "3",
      "polarity": "",
      "rate": 1,
      "response": "",
      "response_date": "",
      "review": "When i was taking a pic of myself it took the picture upside down and my phone was not upside down so it ruined the whole image",
      "review_date": [
        "February",
        "25",
        " 2017"
      ]
    },
    {
      "REQ_subtype": "",
      "REQ_type": "",
      "_id": 44,
      "author_id": "not defined",
      "author_name": "Tamishia Gunn",
      "helpful": "3",
      "polarity": "",
      "rate": 1,
      "response": "",
      "response_date": "",
      "review": "Very Boring & Not Able To Download New Styles Colors Or Etc.",
      "review_date": [
        "June",
        "27",
        " 2017"
      ]
    },
    {
      "REQ_subtype": "",
      "REQ_type": "",
      "_id": 45,
      "author_id": "not defined",
      "author_name": "Alicia Lakes",
      "helpful": "0",
      "polarity": "",
      "rate": 3,
      "response": "",
      "response_date": "",
      "review": "I can't add accessories to  the models. It also doesn't  line up correctly with some of the models , other than that it is ok .",
      "review_date": [
        "December",
        "24",
        " 2017"
      ]
    },
    {
      "REQ_subtype": "",
      "REQ_type": "",
      "_id": 46,
      "author_id": "not defined",
      "author_name": "Rob Norris",
      "helpful": "2",
      "polarity": "",
      "rate": 1,
      "response": "",
      "response_date": "",
      "review": "I had to use a magnifying glass to read the instructions and I have excellent eyesight! Poor selection of hairstyles as well.",
      "review_date": [
        "July",
        "4",
        " 2017"
      ]
    },
    {
      "REQ_subtype": "",
      "REQ_type": "",
      "_id": 47,
      "author_id": "not defined",
      "author_name": "Alexandra Sevostyanova",
      "helpful": "0",
      "polarity": "",
      "rate": 2,
      "response": "",
      "response_date": "",
      "review": "Photo is upside-down, hairdos are larger than the head of a model, it is just one badly designed app",
      "review_date": [
        "January",
        "17",
        " 2017"
      ]
    },
    {
      "REQ_subtype": "",
      "REQ_type": "",
      "_id": 48,
      "author_id": "not defined",
      "author_name": "A Google user",
      "helpful": "1",
      "polarity": "",
      "rate": 1,
      "response": "",
      "response_date": "",
      "review": "stopped before first edit. I tried over 10 times before I wrote this.",
      "review_date": [
        "March",
        "12",
        " 2017"
      ]
    },
    {
      "REQ_subtype": "",
      "REQ_type": "",
      "_id": 49,
      "author_id": "not defined",
      "author_name": "Madyson Hutchings",
      "helpful": "0",
      "polarity": "",
      "rate": 2,
      "response": "",
      "response_date": "",
      "review": "I had this app a few years ago and at that time it would have a fabulous review, when I had it there were several more hair styles, accessories, and more the app now sucks and barely has anything what happened?!",
      "review_date": [
        "October",
        "10",
        " 2017"
      ]
    },
    {
      "REQ_subtype": "",
      "REQ_type": "",
      "_id": 50,
      "author_id": "not defined",
      "author_name": "Ellen Markham",
      "helpful": "0",
      "polarity": "",
      "rate": 1,
      "response": "",
      "response_date": "",
      "review": "Hated it there's nothing anymore so I'm uninstalling until you put everything back to how it was.",
      "review_date": [
        "November",
        "19",
        " 2017"
      ]
    },
    {
      "REQ_subtype": "",
      "REQ_type": "",
      "_id": 51,
      "author_id": "not defined",
      "author_name": "A Google user",
      "helpful": "0",
      "polarity": "",
      "rate": 1,
      "response": "",
      "response_date": "",
      "review": "Completley not compatible with my galaxy. Everything is too small and i cant even upload a picture",
      "review_date": [
        "December",
        "14",
        " 2017"
      ]
    },
    {
      "REQ_subtype": "",
      "REQ_type": "",
      "_id": 52,
      "author_id": "not defined",
      "author_name": "A Google user",
      "helpful": "0",
      "polarity": "",
      "rate": 1,
      "response": "",
      "response_date": "",
      "review": "Took a long time to download to phone, then wouldn't let me try on hairstyles. Didn't work.",
      "review_date": [
        "April",
        "28",
        " 2017"
      ]
    },
    {
      "REQ_subtype": "",
      "REQ_type": "",
      "_id": 53,
      "author_id": "not defined",
      "author_name": "Graci Harris",
      "helpful": "0",
      "polarity": "",
      "rate": 1,
      "response": "",
      "response_date": "",
      "review": "I didn't like how it always wanted you to buy their products and the fact that I can only share using email or social media, when I wanted to use messaging.",
      "review_date": [
        "June",
        "14",
        " 2017"
      ]
    },
    {
      "REQ_subtype": "",
      "REQ_type": "",
      "_id": 54,
      "author_id": "not defined",
      "author_name": "A Google user",
      "helpful": "0",
      "polarity": "",
      "rate": 1,
      "response": "",
      "response_date": "",
      "review": "It's just boring and there isn't a good range of makeup, and the eyebrow color is terrible.",
      "review_date": [
        "July",
        "7",
        " 2017"
      ]
    },
    {
      "REQ_subtype": "",
      "REQ_type": "",
      "_id": 55,
      "author_id": "not defined",
      "author_name": "ANNAH BRANDLEY",
      "helpful": "0",
      "polarity": "",
      "rate": 5,
      "response": "",
      "response_date": "",
      "review": "\"Really cool. All the things you wish you could fix in a fashion magazine, now you can!!!!\"",
      "review_date": [
        "March",
        "13",
        " 2018"
      ]
    },
    {
      "REQ_subtype": "",
      "REQ_type": "",
      "_id": 56,
      "author_id": "not defined",
      "author_name": "A Google user",
      "helpful": "0",
      "polarity": "",
      "rate": 1,
      "response": "",
      "response_date": "",
      "review": "Ever since my mom started selling Mary Kay I've loved messing around with their make up and I'm only eleven.....But when I got this app I was so exited to do someone's makeup but you can't even apply the makeup your self",
      "review_date": [
        "December",
        "28",
        " 2016"
      ]
    },
    {
      "REQ_subtype": "",
      "REQ_type": "",
      "_id": 57,
      "author_id": "not defined",
      "author_name": "Lynne O",
      "helpful": "0",
      "polarity": "",
      "rate": 3,
      "response": "",
      "response_date": "",
      "review": "Helpful for makeup choices. Just ...Take your selfie with phone upside down!!! I wish you could pick hairstyle & hair color separately. That'd be better. Love selection of eyeglasses!",
      "review_date": [
        "February",
        "18",
        " 2017"
      ]
    },
    {
      "REQ_subtype": "",
      "REQ_type": "",
      "_id": 58,
      "author_id": "not defined",
      "author_name": "Tracey Hammer",
      "helpful": "0",
      "polarity": "",
      "rate": 2,
      "response": "",
      "response_date": "",
      "review": "Was fun for about 10 minutes playing with the included model photos. Based on how this app put make up on my face, I should never buy Mary Kay",
      "review_date": [
        "July",
        "25",
        " 2017"
      ]
    },
    {
      "REQ_subtype": "",
      "REQ_type": "",
      "_id": 59,
      "author_id": "not defined",
      "author_name": "Joanne Ashes",
      "helpful": "1",
      "polarity": "",
      "rate": 2,
      "response": "",
      "response_date": "",
      "review": "Its VERY boring, there's no much to do.",
      "review_date": [
        "October",
        "10",
        " 2017"
      ]
    },
    {
      "REQ_subtype": "",
      "REQ_type": "",
      "_id": 60,
      "author_id": "not defined",
      "author_name": "Jolene jiggy K maitland",
      "helpful": "0",
      "polarity": "",
      "rate": 2,
      "response": "",
      "response_date": "",
      "review": "I'd like too rate this 5 it's one of the best I've used, but I can't save photos too my phone \ud83d\ude10 how do i save the pics to my own gallery?",
      "review_date": [
        "June",
        "10",
        " 2017"
      ]
    },
    {
      "REQ_subtype": "",
      "REQ_type": "",
      "_id": 61,
      "author_id": "not defined",
      "author_name": "A Google user",
      "helpful": "2",
      "polarity": "",
      "rate": 1,
      "response": "",
      "response_date": "",
      "review": "No matter how I took the photo, it always ended up upside down. Couldn't line up eyebrows or anything.",
      "review_date": [
        "March",
        "12",
        " 2017"
      ]
    },
    {
      "REQ_subtype": "",
      "REQ_type": "",
      "_id": 62,
      "author_id": "not defined",
      "author_name": "Walk Again",
      "helpful": "0",
      "polarity": "",
      "rate": 1,
      "response": "",
      "response_date": "",
      "review": "Tiny text. Trouble saving hair that didnt line up or appear realistic.",
      "review_date": [
        "March",
        "24",
        " 2017"
      ]
    },
    {
      "REQ_subtype": "",
      "REQ_type": "",
      "_id": 63,
      "author_id": "not defined",
      "author_name": "A Google user",
      "helpful": "2",
      "polarity": "",
      "rate": 2,
      "response": "",
      "response_date": "",
      "review": "Only 2 hairstyles show up for each category",
      "review_date": [
        "March",
        "16",
        " 2017"
      ]
    },
    {
      "REQ_subtype": "",
      "REQ_type": "",
      "_id": 64,
      "author_id": "not defined",
      "author_name": "Elizabeth Donald",
      "helpful": "0",
      "polarity": "",
      "rate": 4,
      "response": "",
      "response_date": "",
      "review": "Relatively easy to use once you take the right picture. Make-up works great but the hair options are limited. The only color that matched mine was the updo.",
      "review_date": [
        "August",
        "19",
        " 2017"
      ]
    },
    {
      "REQ_subtype": "",
      "REQ_type": "",
      "_id": 65,
      "author_id": "not defined",
      "author_name": "Russel Sempai",
      "helpful": "3",
      "polarity": "",
      "rate": 1,
      "response": "",
      "response_date": "",
      "review": "it just stays on the app..",
      "review_date": [
        "October",
        "23",
        " 2016"
      ]
    },
    {
      "REQ_subtype": "",
      "REQ_type": "",
      "_id": 66,
      "author_id": "not defined",
      "author_name": "Game Ace Won",
      "helpful": "2",
      "polarity": "",
      "rate": 3,
      "response": "",
      "response_date": "",
      "review": "Its a good app you just have to upload ALL the hairstyles and it lloks bad when you do yourself!",
      "review_date": [
        "December",
        "8",
        " 2016"
      ]
    },
    {
      "REQ_subtype": "",
      "REQ_type": "",
      "_id": 67,
      "author_id": "not defined",
      "author_name": "Lana Grando",
      "helpful": "0",
      "polarity": "",
      "rate": 1,
      "response": "",
      "response_date": "",
      "review": "This app is the worst. It doesn't even detect your face correctly!!",
      "review_date": [
        "November",
        "24",
        " 2016"
      ]
    },
    {
      "REQ_subtype": "",
      "REQ_type": "",
      "_id": 68,
      "author_id": "not defined",
      "author_name": "Gabryelle Lee",
      "helpful": "0",
      "polarity": "",
      "rate": 4,
      "response": "",
      "response_date": "",
      "review": "It is a great app I played it when I was younger and now I'm playing it to practice my dream of being a makeup hair and nails young lady I love it so you should get it",
      "review_date": [
        "June",
        "26",
        " 2017"
      ]
    },
    {
      "REQ_subtype": "",
      "REQ_type": "",
      "_id": 69,
      "author_id": "not defined",
      "author_name": "Amber",
      "helpful": "0",
      "polarity": "",
      "rate": 3,
      "response": "",
      "response_date": "",
      "review": "It's fun to get an idea of makeup colors you might want to try, but I wish it was more like how Snap chat filters apply makeup.",
      "review_date": [
        "October",
        "4",
        " 2017"
      ]
    },
    {
      "REQ_subtype": "",
      "REQ_type": "",
      "_id": 70,
      "author_id": "not defined",
      "author_name": "A Google user",
      "helpful": "0",
      "polarity": "",
      "rate": 1,
      "response": "",
      "response_date": "",
      "review": "It's hard to use and I don't recommend it to other people.",
      "review_date": [
        "March",
        "11",
        " 2018"
      ]
    },
    {
      "REQ_subtype": "",
      "REQ_type": "",
      "_id": 71,
      "author_id": "not defined",
      "author_name": "mari perez",
      "helpful": "0",
      "polarity": "",
      "rate": 1,
      "response": "",
      "response_date": "",
      "review": "It downloaded in another  language and don't know how to change it frustrating",
      "review_date": [
        "October",
        "13",
        " 2017"
      ]
    },
    {
      "REQ_subtype": "",
      "REQ_type": "",
      "_id": 72,
      "author_id": "not defined",
      "author_name": "Cynthia Grogan",
      "helpful": "1",
      "polarity": "",
      "rate": 1,
      "response": "",
      "response_date": "",
      "review": "Makes you download hairstyles too ! Dumb",
      "review_date": [
        "December",
        "4",
        " 2017"
      ]
    },
    {
      "REQ_subtype": "",
      "REQ_type": "",
      "_id": 73,
      "author_id": "not defined",
      "author_name": "A Google user",
      "helpful": "0",
      "polarity": "",
      "rate": 1,
      "response": "",
      "response_date": "",
      "review": "Really really bad and half the selections didn't work. Sucks.",
      "review_date": [
        "December",
        "18",
        " 2017"
      ]
    },
    {
      "REQ_subtype": "",
      "REQ_type": "",
      "_id": 74,
      "author_id": "not defined",
      "author_name": "Yvonne Asifo",
      "helpful": "6",
      "polarity": "",
      "rate": 5,
      "response": "",
      "response_date": "",
      "review": "Love this app so easy to use and very cheap",
      "review_date": [
        "November",
        "27",
        " 2016"
      ]
    },
    {
      "REQ_subtype": "",
      "REQ_type": "",
      "_id": 75,
      "author_id": "not defined",
      "author_name": "A Google user",
      "helpful": "0",
      "polarity": "",
      "rate": 1,
      "response": "",
      "response_date": "",
      "review": "I had the app it's good but it's not the best I will now rate it out of 10 I think 5 out of 10 personally.\ud83d\ude0eBut in the other hand I still think it's really good and to be honest it's pretty cool effaced ausome no epic.",
      "review_date": [
        "March",
        "13",
        " 2018"
      ]
    },
    {
      "REQ_subtype": "",
      "REQ_type": "",
      "_id": 76,
      "author_id": "not defined",
      "author_name": "silly chipmunk",
      "helpful": "0",
      "polarity": "",
      "rate": 1,
      "response": "",
      "response_date": "",
      "review": "It turned my pic upside down dont install",
      "review_date": [
        "June",
        "13",
        " 2017"
      ]
    },
    {
      "REQ_subtype": "",
      "REQ_type": "",
      "_id": 77,
      "author_id": "not defined",
      "author_name": "A Google user",
      "helpful": "0",
      "polarity": "",
      "rate": 4,
      "response": "",
      "response_date": "",
      "review": "I gotta say, I like it one reason is cause my aunt works for that company and my mom use to work for that company and cause it helps me out with my haircuts So yeah",
      "review_date": [
        "August",
        "1",
        " 2017"
      ]
    },
    {
      "REQ_subtype": "",
      "REQ_type": "",
      "_id": 78,
      "author_id": "not defined",
      "author_name": "Michelle Zenner",
      "helpful": "0",
      "polarity": "",
      "rate": 1,
      "response": "",
      "response_date": "",
      "review": "Buttons and font is so small it renders the app useless.",
      "review_date": [
        "February",
        "8",
        " 2018"
      ]
    },
    {
      "REQ_subtype": "",
      "REQ_type": "",
      "_id": 79,
      "author_id": "not defined",
      "author_name": "A Google user",
      "helpful": "0",
      "polarity": "",
      "rate": 5,
      "response": "",
      "response_date": "",
      "review": "Love it you but your new hairstyles I am rich who even likes the app will get money and roblux if you have roblox",
      "review_date": [
        "June",
        "24",
        " 2017"
      ]
    },
    {
      "REQ_subtype": "",
      "REQ_type": "",
      "_id": 80,
      "author_id": "not defined",
      "author_name": "Aouna Boothe",
      "helpful": "0",
      "polarity": "",
      "rate": 5,
      "response": "",
      "response_date": "",
      "review": "Only problem is adds there is too many of them!!!",
      "review_date": [
        "November",
        "17",
        " 2016"
      ]
    },
    {
      "REQ_subtype": "",
      "REQ_type": "",
      "_id": 81,
      "author_id": "not defined",
      "author_name": "A Google user",
      "helpful": "2",
      "polarity": "",
      "rate": 1,
      "response": "",
      "response_date": "",
      "review": "It's not even fun don't even try it it looks fun but I sware it's not",
      "review_date": [
        "January",
        "14",
        " 2017"
      ]
    },
    {
      "REQ_subtype": "",
      "REQ_type": "",
      "_id": 82,
      "author_id": "not defined",
      "author_name": "BabyGirl Billings",
      "helpful": "3",
      "polarity": "",
      "rate": 3,
      "response": "",
      "response_date": "",
      "review": "The accessories and hair will no show up on the app",
      "review_date": [
        "May",
        "24",
        " 2017"
      ]
    },
    {
      "REQ_subtype": "",
      "REQ_type": "",
      "_id": 83,
      "author_id": "not defined",
      "author_name": "A Google user",
      "helpful": "1",
      "polarity": "",
      "rate": 5,
      "response": "",
      "response_date": "",
      "review": "This is so fun you can imbrass your personality but ethier way you are beautiful",
      "review_date": [
        "April",
        "5",
        " 2017"
      ]
    },
    {
      "REQ_subtype": "",
      "REQ_type": "",
      "_id": 84,
      "author_id": "not defined",
      "author_name": "marygen 05",
      "helpful": "0",
      "polarity": "",
      "rate": 1,
      "response": "",
      "response_date": "",
      "review": "Very bad at applying the makeup it is not realistic",
      "review_date": [
        "January",
        "5",
        " 2018"
      ]
    },
    {
      "REQ_subtype": "",
      "REQ_type": "",
      "_id": 85,
      "author_id": "not defined",
      "author_name": "Clare Mcsween",
      "helpful": "1",
      "polarity": "",
      "rate": 5,
      "response": "",
      "response_date": "",
      "review": "Love it there is so much to play around ..... keep your imagination running wild\ud83d\ude02\ud83d\ude02",
      "review_date": [
        "December",
        "18",
        " 2016"
      ]
    },
    {
      "REQ_subtype": "",
      "REQ_type": "",
      "_id": 86,
      "author_id": "not defined",
      "author_name": "tiffanie klinac",
      "helpful": "0",
      "polarity": "",
      "rate": 1,
      "response": "",
      "response_date": "",
      "review": "Not very real. Can't adjust hairstyles. Or really anything for that matter. Very basic makup choices. Was disipointed considering it's Mary Kay.",
      "review_date": [
        "March",
        "11",
        " 2018"
      ]
    },
    {
      "REQ_subtype": "",
      "REQ_type": "",
      "_id": 87,
      "author_id": "not defined",
      "author_name": "Kate Maroney",
      "helpful": "0",
      "polarity": "",
      "rate": 1,
      "response": "",
      "response_date": "",
      "review": "It was a pain in the butt to get anything adjusted",
      "review_date": [
        "January",
        "24",
        " 2018"
      ]
    },
    {
      "REQ_subtype": "",
      "REQ_type": "",
      "_id": 88,
      "author_id": "not defined",
      "author_name": "Callie Johnson",
      "helpful": "0",
      "polarity": "",
      "rate": 3,
      "response": "",
      "response_date": "",
      "review": "I had trouble moving the dots around",
      "review_date": [
        "February",
        "12",
        " 2017"
      ]
    },
    {
      "REQ_subtype": "",
      "REQ_type": "",
      "_id": 89,
      "author_id": "not defined",
      "author_name": "Rachel Marie",
      "helpful": "0",
      "polarity": "",
      "rate": 3,
      "response": "",
      "response_date": "",
      "review": "It won't let me upload my own pic. Other than that, it seems ok.",
      "review_date": [
        "October",
        "19",
        " 2016"
      ]
    },
    {
      "REQ_subtype": "",
      "REQ_type": "",
      "_id": 90,
      "author_id": "not defined",
      "author_name": "Mariam Gbateh",
      "helpful": "1",
      "polarity": "",
      "rate": 5,
      "response": "",
      "response_date": "",
      "review": "I love it but it cannot be save to phone or sd card",
      "review_date": [
        "December",
        "22",
        " 2016"
      ]
    },
    {
      "REQ_subtype": "",
      "REQ_type": "",
      "_id": 91,
      "author_id": "not defined",
      "author_name": "julie peel",
      "helpful": "2",
      "polarity": "",
      "rate": 2,
      "response": "",
      "response_date": "",
      "review": "Went from blonde to red,love this app.",
      "review_date": [
        "November",
        "12",
        " 2016"
      ]
    },
    {
      "REQ_subtype": "",
      "REQ_type": "",
      "_id": 92,
      "author_id": "not defined",
      "author_name": "A Google user",
      "helpful": "0",
      "polarity": "",
      "rate": 1,
      "response": "",
      "response_date": "",
      "review": "I can't find anywhere/ way to pinch the hair styles so they actually fit my face",
      "review_date": [
        "February",
        "25",
        " 2018"
      ]
    },
    {
      "REQ_subtype": "",
      "REQ_type": "",
      "_id": 93,
      "author_id": "not defined",
      "author_name": "Kathryn Speagle",
      "helpful": "0",
      "polarity": "",
      "rate": 1,
      "response": "",
      "response_date": "",
      "review": "Didn't work past the upload stage",
      "review_date": [
        "March",
        "22",
        " 2018"
      ]
    },
    {
      "REQ_subtype": "",
      "REQ_type": "",
      "_id": 94,
      "author_id": "not defined",
      "author_name": "Jazlynn Peterson",
      "helpful": "0",
      "polarity": "",
      "rate": 1,
      "response": "",
      "response_date": "",
      "review": "It's was not really so fun",
      "review_date": [
        "June",
        "27",
        " 2017"
      ]
    },
    {
      "REQ_subtype": "",
      "REQ_type": "",
      "_id": 95,
      "author_id": "not defined",
      "author_name": "Addyson Harte",
      "helpful": "0",
      "polarity": "",
      "rate": 5,
      "response": "",
      "response_date": "",
      "review": "Love",
      "review_date": [
        "October",
        "24",
        " 2016"
      ]
    },
    {
      "REQ_subtype": "",
      "REQ_type": "",
      "_id": 96,
      "author_id": "not defined",
      "author_name": "Horse lover Vlogs",
      "helpful": "0",
      "polarity": "",
      "rate": 4,
      "response": "",
      "response_date": "",
      "review": "Can you make the models uglier?",
      "review_date": [
        "August",
        "13",
        " 2017"
      ]
    },
    {
      "REQ_subtype": "",
      "REQ_type": "",
      "_id": 97,
      "author_id": "not defined",
      "author_name": "Lenna Tess",
      "helpful": "0",
      "polarity": "",
      "rate": 1,
      "response": "",
      "response_date": "",
      "review": "Don't offer to be able to upload a photo or take one if you can't even use it.",
      "review_date": [
        "September",
        "9",
        " 2017"
      ]
    },
    {
      "REQ_subtype": "",
      "REQ_type": "",
      "_id": 98,
      "author_id": "not defined",
      "author_name": "Nicole J. Rudd",
      "helpful": "1",
      "polarity": "",
      "rate": 5,
      "response": "",
      "response_date": "",
      "review": "Love trying all the different looks before buying",
      "review_date": [
        "December",
        "31",
        " 2016"
      ]
    },
    {
      "REQ_subtype": "",
      "REQ_type": "",
      "_id": 99,
      "author_id": "not defined",
      "author_name": "Phoebe Woodrow",
      "helpful": "0",
      "polarity": "",
      "rate": 1,
      "response": "",
      "response_date": "",
      "review": "It sucked it was so slow     :(",
      "review_date": [
        "September",
        "7",
        " 2017"
      ]
    },
    {
      "REQ_subtype": "",
      "REQ_type": "",
      "_id": 100,
      "author_id": "not defined",
      "author_name": "Laurie Beckwith",
      "helpful": "3",
      "polarity": "",
      "rate": 1,
      "response": "",
      "response_date": "",
      "review": "Ridiculously difficult to adjust the dots",
      "review_date": [
        "March",
        "16",
        " 2017"
      ]
    },
    {
      "REQ_subtype": "",
      "REQ_type": "",
      "_id": 101,
      "author_id": "not defined",
      "author_name": "A Google user",
      "helpful": "0",
      "polarity": "",
      "rate": 5,
      "response": "",
      "response_date": "",
      "review": "Dry useful and cool and doesn't need Wi-Fi so I can play on the road",
      "review_date": [
        "September",
        "25",
        " 2016"
      ]
    },
    {
      "REQ_subtype": "",
      "REQ_type": "",
      "_id": 102,
      "author_id": "not defined",
      "author_name": "Dale DeRaad",
      "helpful": "0",
      "polarity": "",
      "rate": 3,
      "response": "",
      "response_date": "",
      "review": "My sister has the older version and it has much more hair and accessories options, plus it's easier to use.",
      "review_date": [
        "August",
        "19",
        " 2017"
      ]
    },
    {
      "REQ_subtype": "",
      "REQ_type": "",
      "_id": 103,
      "author_id": "not defined",
      "author_name": "stacy m",
      "helpful": "0",
      "polarity": "",
      "rate": 1,
      "response": "",
      "response_date": "",
      "review": "I dont like this app.",
      "review_date": [
        "February",
        "25",
        " 2018"
      ]
    },
    {
      "REQ_subtype": "",
      "REQ_type": "",
      "_id": 104,
      "author_id": "not defined",
      "author_name": "pat riley",
      "helpful": "1",
      "polarity": "",
      "rate": 5,
      "response": "",
      "response_date": "",
      "review": "Great fun , never laughed so much.",
      "review_date": [
        "October",
        "1",
        " 2016"
      ]
    },
    {
      "REQ_subtype": "",
      "REQ_type": "",
      "_id": 105,
      "author_id": "not defined",
      "author_name": "Johannie Martinez",
      "helpful": "1",
      "polarity": "",
      "rate": 2,
      "response": "",
      "response_date": "",
      "review": "I can't choose the hair style. I dont have that optiob",
      "review_date": [
        "March",
        "27",
        " 2017"
      ]
    },
    {
      "REQ_subtype": "",
      "REQ_type": "",
      "_id": 106,
      "author_id": "not defined",
      "author_name": "RLH 54",
      "helpful": "0",
      "polarity": "",
      "rate": 5,
      "response": "",
      "response_date": "",
      "review": "I am a male and it is fun just to see what makeup looks like on me. \ud83d\udc4d \ud83d\ude18",
      "review_date": [
        "October",
        "12",
        " 2016"
      ]
    },
    {
      "REQ_subtype": "",
      "REQ_type": "",
      "_id": 107,
      "author_id": "not defined",
      "author_name": "Ki Lang",
      "helpful": "3",
      "polarity": "",
      "rate": 1,
      "response": "",
      "response_date": "",
      "review": "My picture kept uploading upside down",
      "review_date": [
        "October",
        "19",
        " 2016"
      ]
    },
    {
      "REQ_subtype": "",
      "REQ_type": "",
      "_id": 108,
      "author_id": "not defined",
      "author_name": "Karissa Zeltinger",
      "helpful": "0",
      "polarity": "",
      "rate": 5,
      "response": "",
      "response_date": "",
      "review": "Once I figured out how to use it, I loved it. Just wish the buttons were bigger on Android app.",
      "review_date": [
        "June",
        "29",
        " 2017"
      ]
    },
    {
      "REQ_subtype": "",
      "REQ_type": "",
      "_id": 109,
      "author_id": "not defined",
      "author_name": "Kerrie Moffatt",
      "helpful": "0",
      "polarity": "",
      "rate": 4,
      "response": "",
      "response_date": "",
      "review": "A good app but some of the colours look fake",
      "review_date": [
        "September",
        "18",
        " 2016"
      ]
    },
    {
      "REQ_subtype": "",
      "REQ_type": "",
      "_id": 110,
      "author_id": "not defined",
      "author_name": "Addison Brazier",
      "helpful": "0",
      "polarity": "",
      "rate": 1,
      "response": "",
      "response_date": "",
      "review": "It's extremely boring!!",
      "review_date": [
        "February",
        "18",
        " 2018"
      ]
    },
    {
      "REQ_subtype": "",
      "REQ_type": "",
      "_id": 111,
      "author_id": "not defined",
      "author_name": "Alicia Ochoa",
      "helpful": "0",
      "polarity": "",
      "rate": 1,
      "response": "",
      "response_date": "",
      "review": "Awful! Just AWFUL! \ud83d\ude21",
      "review_date": [
        "May",
        "2",
        " 2017"
      ]
    },
    {
      "REQ_subtype": "",
      "REQ_type": "",
      "_id": 112,
      "author_id": "not defined",
      "author_name": "Pamela Garcia",
      "helpful": "0",
      "polarity": "",
      "rate": 2,
      "response": "",
      "response_date": "",
      "review": "The previous version was better, you could find product by name and it wasn't micro print",
      "review_date": [
        "September",
        "9",
        " 2017"
      ]
    },
    {
      "REQ_subtype": "",
      "REQ_type": "",
      "_id": 113,
      "author_id": "not defined",
      "author_name": "A Google user",
      "helpful": "0",
      "polarity": "",
      "rate": 5,
      "response": "",
      "response_date": "",
      "review": "You could add famous people like blac chyna or Nicki minaj and more models",
      "review_date": [
        "November",
        "12",
        " 2017"
      ]
    },
    {
      "REQ_subtype": "",
      "REQ_type": "",
      "_id": 114,
      "author_id": "not defined",
      "author_name": "Kiana Sanders",
      "helpful": "0",
      "polarity": "",
      "rate": 1,
      "response": "",
      "response_date": "",
      "review": "It didn't have that many options and no accessory",
      "review_date": [
        "September",
        "18",
        " 2017"
      ]
    },
    {
      "REQ_subtype": "",
      "REQ_type": "",
      "_id": 115,
      "author_id": "not defined",
      "author_name": "A Google user",
      "helpful": "0",
      "polarity": "",
      "rate": 1,
      "response": "",
      "response_date": "",
      "review": "This app does not suit me well",
      "review_date": [
        "March",
        "11",
        " 2018"
      ]
    },
    {
      "REQ_subtype": "",
      "REQ_type": "",
      "_id": 116,
      "author_id": "not defined",
      "author_name": "Naomi Johnson",
      "helpful": "0",
      "polarity": "",
      "rate": 1,
      "response": "",
      "response_date": "",
      "review": "Eye brows are too light. Not for women of color",
      "review_date": [
        "September",
        "29",
        " 2016"
      ]
    },
    {
      "REQ_subtype": "",
      "REQ_type": "",
      "_id": 117,
      "author_id": "not defined",
      "author_name": "Emily Dunn",
      "helpful": "4",
      "polarity": "",
      "rate": 1,
      "response": "",
      "response_date": "",
      "review": "It is soooooo boring!!",
      "review_date": [
        "July",
        "26",
        " 2017"
      ]
    },
    {
      "REQ_subtype": "",
      "REQ_type": "",
      "_id": 118,
      "author_id": "not defined",
      "author_name": "A Google user",
      "helpful": "0",
      "polarity": "",
      "rate": 1,
      "response": "",
      "response_date": "",
      "review": "There's nothing special about this app..not worth the dl",
      "review_date": [
        "October",
        "8",
        " 2017"
      ]
    },
    {
      "REQ_subtype": "",
      "REQ_type": "",
      "_id": 119,
      "author_id": "not defined",
      "author_name": "Beth Tebow",
      "helpful": "1",
      "polarity": "",
      "rate": 5,
      "response": "",
      "response_date": "",
      "review": "Fun, easy, and a lot to choose from.",
      "review_date": [
        "October",
        "28",
        " 2016"
      ]
    }
  ],
  "size": "54",
  "url": "https://play.google.com/store/apps/details?id=air.com.marykay.enterprise.VMO",
  "version": "4.7.9"
}