{
  "categories": [
    "Productivity"
  ],
  "description": "The official AutoCAD mobile app by Autodesk\u00ae Take the power of AutoCAD wherever you go! AutoCAD mobile is a DWG viewing application, with easy-to-use drawing and drafting tools that allow you to view, create, edit, and share AutoCAD drawings on mobile devices - anytime, anywhere. Simplify your site visits with the most powerful CAD app and do real CAD work on the go. Download the FREE 7-day trial of the premium version to unlock the most advanced and easy-to-use drawing, drafting and editing tools. AutoCAD mobile is accurate, fast and offers an abundance of features. Upload and open 2D DWG drawings directly from email or external storage and view all aspects of your DWG file, including external references, layers, and image underlays. The app works with AutoCAD or AutoCAD LT on your desktop to enable a continuous digital workflow from the office to field and back. You can even work offline without an internet connection.AutoCAD mobile app makes life easier for everyone involved in a project, regardless of CAD expertise. An ideal app for architects, engineers, construction professionals, field technicians and contractorsFeatures: - Open and view your DWG files from email or external cloud storage like Google Drive, Dropbox and OneDrive- Create new drawings on the fly- Modify and mark-up drawings- Measure accurately while on site- Draw and edit shapes with accuracy using object snap and keypad input - Advanced drawing and editing tools such as arc, offset and more! - Select, move, rotate, and scale objects. View coordinates and properties- Use multi-touch zoom and pan to easily navigate large drawing- Work offline and sync your changes once back online- Share your designs in the field- Plot designs to PDF or DWF and share them via email- Manage layers- create new layers, lock, rename or delete layers.- Blocks- View and select existing blocks to add to a drawing.- Design feed- Add notes, photos and provide feedback to your colleagues- Easily import measured values from Leica Disto- Use GPS to orient yourself within a drawing - Includes priority email support Key benefits: - Be more productive in the field by working with the latest drawings - Safeguard drawings in your included free Autodesk cloud storage account or with your own external accounts - Collaborate better to avoid mistakes and re-work - Replace blueprints at job sites with drawings on your mobile deviceUpgrade to AutoCAD mobile premium to enable editing and drawings tools or the ultimate version for more storage and larger file sizes.AutoCAD mobile subscription plans are available in the following options: \u2022Premium monthly for $4.99\u2022Premium annual for $49.99 (save $9.89 vs. monthly subscription)\u2022Ultimate annual for $99.99\u2022Students can subscribe to the premium plan for FREE! All new users automatically get a free trial of the premium version for 7 days.Subscriptions will be charged to your credit card through your iTunes account. Subscriptions are automatically renewed unless cancelled at least 24-hours before the end of the current period. You will not be able to cancel a subscription during the active period. Manage your subscriptions in your Account Settings after purchase.* Free products and services are subject to the Autodesk, Inc. terms of use that accompany them.Stay connected. Follow us on:Website: https://www.autodesk.com/products/autocad-mobile/overviewFacebook: http://bit.ly/ACADFacebookTwitter: https://twitter.com/AutoCADmobilePinterest: http://bit.ly/ACADPinterestEmail: Feedback@autocadmobile.comTerms of use: https://www.autodesk.com/company/legal-notices-trademarks/terms-of-service-autodesk360-web-services/autodesk-autocad-mobile-terms-of-servicePrivacy policy: http://usa.autodesk.com/privacy/",
  "inc": "Autodesk Inc.",
  "intalled_count": "10,000,000",
  "last_update": [
    "July",
    "3",
    " 2018"
  ],
  "name": "AutoCAD - DWG Viewer & Editor",
  "offered_by": "Google Commerce Ltd",
  "permissions": {
    "Contacts": [
      "read your contacts"
    ],
    "Location": [
      "precise location (GPS and network-based)"
    ],
    "Photos/Media/Files": [
      "read the contents of your USB storage",
      "modify or delete the contents of your USB storage"
    ],
    "Storage": [
      "read the contents of your USB storage",
      "modify or delete the contents of your USB storage"
    ],
    "Wi-Fi connection information": [
      "view Wi-Fi connections"
    ],
    "Other": [
      "download files without notification",
      "receive data from Internet",
      "view network connections",
      "pair with Bluetooth devices",
      "access Bluetooth settings",
      "full network access",
      "prevent device from sleeping"
    ]
  },
  "price": "",
  "rate": [
    [
      "144,736",
      "4.2"
    ],
    [
      "86,639",
      "5"
    ],
    [
      "29,235",
      "4"
    ],
    [
      "11,643",
      "3"
    ],
    [
      "4,833",
      "2"
    ],
    [
      "12,386",
      "1"
    ]
  ],
  "required_android": "4.4",
  "reviews": [
    {
      "REQ_subtype": "",
      "REQ_type": "",
      "_id": 0,
      "author_id": "not defined",
      "author_name": "hala amm",
      "helpful": "3",
      "polarity": "",
      "rate": 1,
      "response": "",
      "response_date": "",
      "review": "Long time to receive OTP. It sucks, unable to open due to dis issue",
      "review_date": [
        "July",
        "10",
        " 2018"
      ]
    },
    {
      "REQ_subtype": "",
      "REQ_type": "",
      "_id": 1,
      "author_id": "not defined",
      "author_name": "vijay g",
      "helpful": "5",
      "polarity": "",
      "rate": 5,
      "response": "Thanks for your review.",
      "response_date": [
        "July",
        "9",
        " 2018"
      ],
      "review": "Very very useful. Deserves \ud83d\udcaf for the team. Thankful to you.",
      "review_date": [
        "July",
        "6",
        " 2018"
      ]
    },
    {
      "REQ_subtype": "",
      "REQ_type": "",
      "_id": 2,
      "author_id": "not defined",
      "author_name": "neeraj kumar",
      "helpful": "0",
      "polarity": "",
      "rate": 4,
      "response": "",
      "response_date": "",
      "review": "Sir Ye App kB tk free trial m hai ??",
      "review_date": [
        "July",
        "13",
        " 2018"
      ]
    },
    {
      "REQ_subtype": "",
      "REQ_type": "",
      "_id": 3,
      "author_id": "not defined",
      "author_name": "Philip21 Cartagena",
      "helpful": "1",
      "polarity": "",
      "rate": 5,
      "response": "Your feedback is very valuable for us.",
      "response_date": [
        "July",
        "9",
        " 2018"
      ],
      "review": "Very useful",
      "review_date": [
        "July",
        "7",
        " 2018"
      ]
    },
    {
      "REQ_subtype": "",
      "REQ_type": "",
      "_id": 4,
      "author_id": "not defined",
      "author_name": "Samarjeet Yadav",
      "helpful": "4",
      "polarity": "",
      "rate": 1,
      "response": "Could you please specify what you would improve or change in the app? Let us know more here or at  feedback.pro@autocadmobile.com",
      "response_date": [
        "July",
        "9",
        " 2018"
      ],
      "review": "It sucks",
      "review_date": [
        "July",
        "5",
        " 2018"
      ]
    },
    {
      "REQ_subtype": "",
      "REQ_type": "",
      "_id": 5,
      "author_id": "not defined",
      "author_name": "han han",
      "helpful": "0",
      "polarity": "",
      "rate": 3,
      "response": "",
      "response_date": "",
      "review": "When to free ?",
      "review_date": [
        "July",
        "15",
        " 2018"
      ]
    },
    {
      "REQ_subtype": "",
      "REQ_type": "",
      "_id": 6,
      "author_id": "not defined",
      "author_name": "mani rajesh",
      "helpful": "0",
      "polarity": "",
      "rate": 1,
      "response": "",
      "response_date": "",
      "review": "\ud83d\ude0f\ud83d\ude0f\ud83d\ude0f\ud83d\ude0f",
      "review_date": [
        "July",
        "11",
        " 2018"
      ]
    },
    {
      "REQ_subtype": "",
      "REQ_type": "",
      "_id": 7,
      "author_id": "not defined",
      "author_name": "A Google user",
      "helpful": "0",
      "polarity": "",
      "rate": 5,
      "response": "",
      "response_date": "",
      "review": "100%good",
      "review_date": [
        "July",
        "13",
        " 2018"
      ]
    },
    {
      "REQ_subtype": "",
      "REQ_type": "",
      "_id": 8,
      "author_id": "not defined",
      "author_name": "Tharamani Vinay",
      "helpful": "0",
      "polarity": "",
      "rate": 5,
      "response": "",
      "response_date": "",
      "review": "Better of learning",
      "review_date": [
        "July",
        "8",
        " 2018"
      ]
    },
    {
      "REQ_subtype": "",
      "REQ_type": "",
      "_id": 9,
      "author_id": "not defined",
      "author_name": "A Google user",
      "helpful": "13",
      "polarity": "",
      "rate": 1,
      "response": "Since purchase is done via Google Play Store, cancellation of subscription is available in the store.",
      "response_date": [
        "July",
        "1",
        " 2018"
      ],
      "review": "no notification of renewal - also cannot cancel \"inside app\". i followed \ninstruction but no cancel option for tablet... one day response time when i \nemailed them. seems questionable, should be easy :(",
      "review_date": [
        "June",
        "13",
        " 2018"
      ]
    },
    {
      "REQ_subtype": "",
      "REQ_type": "",
      "_id": 10,
      "author_id": "not defined",
      "author_name": "Mandy Delaforce",
      "helpful": "2",
      "polarity": "",
      "rate": 1,
      "response": "You are offered to take part in 7-day trial, after which you can choose to stay free or subscribe to one of the plans. It is stated in the app description. Note that you can view files in free version.",
      "response_date": [
        "July",
        "4",
        " 2018"
      ],
      "review": "Not free at all. 7 day trial and them you have to pay, even if you just \nwant a viewer.",
      "review_date": [
        "June",
        "22",
        " 2018"
      ]
    },
    {
      "REQ_subtype": "",
      "REQ_type": "",
      "_id": 11,
      "author_id": "not defined",
      "author_name": "Prophet Zarquon",
      "helpful": "0",
      "polarity": "",
      "rate": 3,
      "response": "",
      "response_date": "",
      "review": "Editing is only available by subscription. I just want a basic app to \ncreate & edit simple 3D models using a few primitives. Google SketchUp was \ngreat, but is only available as a web service now, & doesn't seem to work \nfrom mobile. I thought AutoCAD might offer something comparable but \napparently not; It's all go Pro or go home. No free options for 3D editing. \n:(",
      "review_date": [
        "June",
        "14",
        " 2018"
      ]
    },
    {
      "REQ_subtype": "",
      "REQ_type": "",
      "_id": 12,
      "author_id": "not defined",
      "author_name": "Sean Peery",
      "helpful": "1",
      "polarity": "",
      "rate": 1,
      "response": "You are offered to take part in 7-day trial, after which you can choose to stay free or subscribe to one of the plans. It is stated in the app description.",
      "response_date": [
        "July",
        "4",
        " 2018"
      ],
      "review": "This product is falsely advertised as a free app, it is instead a 7 day \ntrial.",
      "review_date": [
        "June",
        "28",
        " 2018"
      ]
    },
    {
      "REQ_subtype": "",
      "REQ_type": "",
      "_id": 13,
      "author_id": "not defined",
      "author_name": "A Google user",
      "helpful": "4",
      "polarity": "",
      "rate": 4,
      "response": "Please follow this link for detailed info on how to plot drawing to PDF: http://help.autocad360.com/customer/en_us/portal/articles/1559960-how-to-export-a-drawing-\nIf problem persists, let us know more here or at feedback.pro@autocadmobile.com",
      "response_date": [
        "June",
        "27",
        " 2018"
      ],
      "review": "Hi, it seems like couldn't export the dwg file to PDF. What should I do ?",
      "review_date": [
        "June",
        "13",
        " 2018"
      ]
    },
    {
      "REQ_subtype": "",
      "REQ_type": "",
      "_id": 14,
      "author_id": "not defined",
      "author_name": "mizall works",
      "helpful": "1",
      "polarity": "",
      "rate": 3,
      "response": "We appreciate your feedback. Your suggestion will be transferred to our development team and considered for new releases.",
      "response_date": [
        "July",
        "4",
        " 2018"
      ],
      "review": "Why does this app have no complete editing tools like in PC version? We \nneed a complete toolbars.",
      "review_date": [
        "July",
        "4",
        " 2018"
      ]
    },
    {
      "REQ_subtype": "",
      "REQ_type": "",
      "_id": 15,
      "author_id": "not defined",
      "author_name": "knight templer crusader3",
      "helpful": "1",
      "polarity": "",
      "rate": 4,
      "response": "We appreciate your feedback. Your suggestion will be transferred to our development team and considered for new releases.",
      "response_date": [
        "July",
        "1",
        " 2018"
      ],
      "review": "Great app but still have some missing detail like centre line and some plz \ndo make it better",
      "review_date": [
        "June",
        "16",
        " 2018"
      ]
    },
    {
      "REQ_subtype": "",
      "REQ_type": "",
      "_id": 16,
      "author_id": "not defined",
      "author_name": "Vamsi Krishna",
      "helpful": "1",
      "polarity": "",
      "rate": 5,
      "response": "We are happy to hear that.",
      "response_date": [
        "July",
        "4",
        " 2018"
      ],
      "review": "A very nice app..... It is having many features.... Many commands... \nEtc.... Really a best app for AutoCAD",
      "review_date": [
        "June",
        "22",
        " 2018"
      ]
    },
    {
      "REQ_subtype": "",
      "REQ_type": "",
      "_id": 17,
      "author_id": "not defined",
      "author_name": "prasad technical",
      "helpful": "0",
      "polarity": "",
      "rate": 4,
      "response": "We appreciate your feedback. Your suggestion will be transferred to our development team and considered for new releases.",
      "response_date": [
        "July",
        "1",
        " 2018"
      ],
      "review": "This AutoCAD was good . But some options was missing measurement also not \nworking in 0.00 it's working in mm.",
      "review_date": [
        "June",
        "11",
        " 2018"
      ]
    },
    {
      "REQ_subtype": "",
      "REQ_type": "",
      "_id": 18,
      "author_id": "not defined",
      "author_name": "Nathan Williams",
      "helpful": "1",
      "polarity": "",
      "rate": 1,
      "response": "You are offered to take part in 7-day trial, after which you can choose to stay free or subscribe to one of the plans. It is stated in the app description. Note that viewing drawings is available in free version.",
      "response_date": [
        "July",
        "4",
        " 2018"
      ],
      "review": "Not free. Just want a viewer",
      "review_date": [
        "June",
        "27",
        " 2018"
      ]
    },
    {
      "REQ_subtype": "",
      "REQ_type": "",
      "_id": 19,
      "author_id": "not defined",
      "author_name": "Jazzy JeonChweMin",
      "helpful": "0",
      "polarity": "",
      "rate": 4,
      "response": "You can read about 3D in AutoCAD Mobile here: http://help.autocadmobile.com/customer/en_us/portal/articles/1152798-3d-files-in-autocad-mobile",
      "response_date": [
        "July",
        "1",
        " 2018"
      ],
      "review": "Does this have a 3D one?",
      "review_date": [
        "June",
        "20",
        " 2018"
      ]
    },
    {
      "REQ_subtype": "",
      "REQ_type": "",
      "_id": 20,
      "author_id": "not defined",
      "author_name": "diptadeep Chandra",
      "helpful": "7",
      "polarity": "",
      "rate": 5,
      "response": "We are happy to hear that.",
      "response_date": [
        "July",
        "1",
        " 2018"
      ],
      "review": "Thank",
      "review_date": [
        "June",
        "11",
        " 2018"
      ]
    },
    {
      "REQ_subtype": "",
      "REQ_type": "",
      "_id": 21,
      "author_id": "not defined",
      "author_name": "Pravin Chorghade",
      "helpful": "3",
      "polarity": "",
      "rate": 5,
      "response": "Glad that you like it.",
      "response_date": [
        "July",
        "1",
        " 2018"
      ],
      "review": "Thanks",
      "review_date": [
        "June",
        "13",
        " 2018"
      ]
    },
    {
      "REQ_subtype": "",
      "REQ_type": "",
      "_id": 22,
      "author_id": "not defined",
      "author_name": "mahesh bhide",
      "helpful": "0",
      "polarity": "",
      "rate": 5,
      "response": "",
      "response_date": "",
      "review": "Very Creative App",
      "review_date": [
        "July",
        "10",
        " 2018"
      ]
    },
    {
      "REQ_subtype": "",
      "REQ_type": "",
      "_id": 23,
      "author_id": "not defined",
      "author_name": "KANHU CHARAN",
      "helpful": "0",
      "polarity": "",
      "rate": 3,
      "response": "Contact us at feedback.pro@autocadmobile.com for further assistance.",
      "response_date": [
        "July",
        "1",
        " 2018"
      ],
      "review": "Help for easy use...",
      "review_date": [
        "June",
        "15",
        " 2018"
      ]
    },
    {
      "REQ_subtype": "",
      "REQ_type": "",
      "_id": 24,
      "author_id": "not defined",
      "author_name": "Lucifer k",
      "helpful": "0",
      "polarity": "",
      "rate": 1,
      "response": "Could you please specify what you would improve or change in the app? Let us know more here or at  feedback.pro@autocadmobile.com",
      "response_date": [
        "July",
        "4",
        " 2018"
      ],
      "review": "Bakwas",
      "review_date": [
        "July",
        "2",
        " 2018"
      ]
    },
    {
      "REQ_subtype": "",
      "REQ_type": "",
      "_id": 25,
      "author_id": "not defined",
      "author_name": "Surendar M",
      "helpful": "0",
      "polarity": "",
      "rate": 5,
      "response": "Thanks for choosing our app.",
      "response_date": [
        "June",
        "27",
        " 2018"
      ],
      "review": "Good. App",
      "review_date": [
        "June",
        "14",
        " 2018"
      ]
    },
    {
      "REQ_subtype": "",
      "REQ_type": "",
      "_id": 26,
      "author_id": "not defined",
      "author_name": "Sentu Sk",
      "helpful": "0",
      "polarity": "",
      "rate": 5,
      "response": "Glad that you like it.",
      "response_date": [
        "July",
        "4",
        " 2018"
      ],
      "review": "Excellent Experience",
      "review_date": [
        "June",
        "27",
        " 2018"
      ]
    },
    {
      "REQ_subtype": "",
      "REQ_type": "",
      "_id": 27,
      "author_id": "not defined",
      "author_name": "Chris Sayers",
      "helpful": "12",
      "polarity": "",
      "rate": 4,
      "response": "Thanks for your review. We are constantly working on improving our app and your suggestions will be taken into consideration for future releases.",
      "response_date": [
        "June",
        "5",
        " 2018"
      ],
      "review": "Hey guys! Great app if you spend the time to actually design something, I \nuse it for work often! The reason I rate four stars is there is only solid \nlines! I'm doing a project at the moment and I need dashed/dotted lines! \nPleeaaaasse fix this ASAP please please please",
      "review_date": [
        "June",
        "4",
        " 2018"
      ]
    },
    {
      "REQ_subtype": "",
      "REQ_type": "",
      "_id": 28,
      "author_id": "not defined",
      "author_name": "Nik Barbour",
      "helpful": "0",
      "polarity": "",
      "rate": 1,
      "response": "Thanks for the feedback. We are constantly working on expanding and making our app better.",
      "response_date": [
        "February",
        "19",
        " 2018"
      ],
      "review": "Utterly useless - I qualify for the pro version having an autocad/inventor \nsubscription, but this doesn't recognise dwg 2018 format - it's just told \nme incompatible format. Interface is not good. Install BiiCADo Pro if you \nwant to see how it can be done. Biicado Pro is awesome.",
      "review_date": [
        "June",
        "3",
        " 2018"
      ]
    },
    {
      "REQ_subtype": "",
      "REQ_type": "",
      "_id": 29,
      "author_id": "not defined",
      "author_name": "Gwen Walcott",
      "helpful": "0",
      "polarity": "",
      "rate": 1,
      "response": "You are offered to take part in 7-day trial, after which you can choose to stay free or subscribe to one of the plans. It is stated in the app description.",
      "response_date": [
        "July",
        "1",
        " 2018"
      ],
      "review": "Drawing supplier refers users to this account and emphasizes that this program (FOR READ ONLY) is free. User creates account and they tell you ----> BAIT AND SWITCH ---> You WILL Be STIFFED for $$$$$$$$$$ if you want to view your drawings.  THIS IS A CRIMINAL SOFTWARE OFFER",
      "review_date": [
        "June",
        "9",
        " 2018"
      ]
    },
    {
      "REQ_subtype": "",
      "REQ_type": "",
      "_id": 30,
      "author_id": "not defined",
      "author_name": "Matthew Wilson",
      "helpful": "29",
      "polarity": "",
      "rate": 4,
      "response": "Hi Matthew, thanks for your review. You can view PDF files in AutoCAD mobile app, if you have encounter any difficulties contact us at feedback.pro@autocadmobile.com",
      "response_date": [
        "June",
        "5",
        " 2018"
      ],
      "review": "Useful when you want take a look the drawings ppl sent to you. Easy and \nsimple, no need download fonts. But it want change my default pdf viewer \neven when it cannot open pdf files. Lmao.",
      "review_date": [
        "May",
        "21",
        " 2018"
      ]
    },
    {
      "REQ_subtype": "",
      "REQ_type": "",
      "_id": 31,
      "author_id": "not defined",
      "author_name": "M\u00e1t\u00e9 Karsai",
      "helpful": "9",
      "polarity": "",
      "rate": 2,
      "response": "Contact us at feedback.pro@autocadmobile.com for further assistance.",
      "response_date": [
        "June",
        "5",
        " 2018"
      ],
      "review": "Can't login; \"Signing in\" continuously but never reaches the home screen.",
      "review_date": [
        "May",
        "26",
        " 2018"
      ]
    },
    {
      "REQ_subtype": "",
      "REQ_type": "",
      "_id": 32,
      "author_id": "not defined",
      "author_name": "A Google user",
      "helpful": "3",
      "polarity": "",
      "rate": 5,
      "response": "Thanks for your review.",
      "response_date": [
        "June",
        "27",
        " 2018"
      ],
      "review": "Best app for designing serious it help me to creat a design it will also \nhelp for making my career so thank u so much autodesk",
      "review_date": [
        "June",
        "6",
        " 2018"
      ]
    },
    {
      "REQ_subtype": "",
      "REQ_type": "",
      "_id": 33,
      "author_id": "not defined",
      "author_name": "A Google user",
      "helpful": "0",
      "polarity": "",
      "rate": 5,
      "response": "Thanks for your review. We are constantly working on improving our app and your suggestions will be taken into consideration for future releases.",
      "response_date": [
        "June",
        "5",
        " 2018"
      ],
      "review": "Sir I am beginner I don't know how to perform CAD design but in this app it \nis not showing ortho mode off or on and drawing pan sir could u please help \nme sir",
      "review_date": [
        "May",
        "18",
        " 2018"
      ]
    },
    {
      "REQ_subtype": "",
      "REQ_type": "",
      "_id": 34,
      "author_id": "not defined",
      "author_name": "Joao Alvarinhas",
      "helpful": "2",
      "polarity": "",
      "rate": 5,
      "response": "Glad that you like it.",
      "response_date": [
        "July",
        "1",
        " 2018"
      ],
      "review": "Gra\u00e7as ao Bolsinhas o AutoCAD mudou a minha vida... Agora tamb\u00e9m tenho uma \nbolsinha e sei usar AutoCAD.",
      "review_date": [
        "June",
        "8",
        " 2018"
      ]
    },
    {
      "REQ_subtype": "",
      "REQ_type": "",
      "_id": 35,
      "author_id": "not defined",
      "author_name": "Abhijay Gupta",
      "helpful": "0",
      "polarity": "",
      "rate": 5,
      "response": "Thanks for your review. We are constantly working on improving our app and your suggestions will be taken into consideration for future releases.",
      "response_date": [
        "June",
        "4",
        " 2018"
      ],
      "review": "Can't you add most features of autocad desktop.",
      "review_date": [
        "May",
        "16",
        " 2018"
      ]
    },
    {
      "REQ_subtype": "",
      "REQ_type": "",
      "_id": 36,
      "author_id": "not defined",
      "author_name": "Graesyn Tefft",
      "helpful": "3",
      "polarity": "",
      "rate": 1,
      "response": "We need to examine your account, in order to determine the cause and eliminate this issue. Reach us at feedback.pro@autocadmobile.com",
      "response_date": [
        "June",
        "5",
        " 2018"
      ],
      "review": "Cannot sign in, hangs on the signing in screen.",
      "review_date": [
        "June",
        "1",
        " 2018"
      ]
    },
    {
      "REQ_subtype": "",
      "REQ_type": "",
      "_id": 37,
      "author_id": "not defined",
      "author_name": "Ahmad Be Syria",
      "helpful": "0",
      "polarity": "",
      "rate": 3,
      "response": "AutoCAD Mobile allows you to view and edit your drawings when you are offline. Once the files have been synced locally, you will be able to open them without an Internet connection. For more information, visit our website: http://help.autocad360.com/customer/en_us/portal/articles/1549477-how-to-work-offline",
      "response_date": [
        "July",
        "1",
        " 2018"
      ],
      "review": "I want offline App no need for the internet when every time I have to open \nautocad file from my storages",
      "review_date": [
        "June",
        "16",
        " 2018"
      ]
    },
    {
      "REQ_subtype": "",
      "REQ_type": "",
      "_id": 38,
      "author_id": "not defined",
      "author_name": "shailendra kumar",
      "helpful": "0",
      "polarity": "",
      "rate": 5,
      "response": "",
      "response_date": "",
      "review": "Very poor quality &it is not interested",
      "review_date": [
        "July",
        "13",
        " 2018"
      ]
    },
    {
      "REQ_subtype": "",
      "REQ_type": "",
      "_id": 39,
      "author_id": "not defined",
      "author_name": "mahdi toosi",
      "helpful": "3",
      "polarity": "",
      "rate": 5,
      "response": "Thanks for your review. We are constantly working on improving our app and your suggestions will be taken into consideration for future releases.",
      "response_date": [
        "June",
        "5",
        " 2018"
      ],
      "review": "\u0686\u0631\u0627 \u0632\u0628\u0627\u0646 \u0641\u0627\u0631\u0633\u06cc \u0648 \u0647\u0686 \u0646\u062f\u0627\u0631\u0647",
      "review_date": [
        "May",
        "19",
        " 2018"
      ]
    },
    {
      "REQ_subtype": "",
      "REQ_type": "",
      "_id": 40,
      "author_id": "not defined",
      "author_name": "A Google user",
      "helpful": "2",
      "polarity": "",
      "rate": 5,
      "response": "Thanks for your review. We are constantly working on improving our app and your suggestions will be taken into consideration for future releases.",
      "response_date": [
        "June",
        "5",
        " 2018"
      ],
      "review": "Simple auto cad apo required.",
      "review_date": [
        "May",
        "31",
        " 2018"
      ]
    },
    {
      "REQ_subtype": "",
      "REQ_type": "",
      "_id": 41,
      "author_id": "not defined",
      "author_name": "A Google user",
      "helpful": "2",
      "polarity": "",
      "rate": 3,
      "response": "Welcome to our Help center. You can find info on how to use AutoCAD mobile app here: http://help.autocadmobile.com/customer/en_us/portal/topics/500135-starting-with-autocad-mobile/articles",
      "response_date": [
        "June",
        "5",
        " 2018"
      ],
      "review": "How can I use it to draw a car",
      "review_date": [
        "June",
        "3",
        " 2018"
      ]
    },
    {
      "REQ_subtype": "",
      "REQ_type": "",
      "_id": 42,
      "author_id": "not defined",
      "author_name": "A Google user",
      "helpful": "8",
      "polarity": "",
      "rate": 5,
      "response": "We are happy to hear that.",
      "response_date": [
        "June",
        "5",
        " 2018"
      ],
      "review": "Thanks for make something for mobile",
      "review_date": [
        "May",
        "18",
        " 2018"
      ]
    },
    {
      "REQ_subtype": "",
      "REQ_type": "",
      "_id": 43,
      "author_id": "not defined",
      "author_name": "\u0412\u0430\u0441\u0438\u043b \u0412\u0435\u043b\u0438\u043d\u043e\u0432",
      "helpful": "2",
      "polarity": "",
      "rate": 5,
      "response": "We need to examine your account, in order to determine the cause and eliminate this issue. Reach us at feedback.pro@autocadmobile.com",
      "response_date": [
        "June",
        "4",
        " 2018"
      ],
      "review": "Thank you Autodesk for your answer.",
      "review_date": [
        "June",
        "4",
        " 2018"
      ]
    },
    {
      "REQ_subtype": "",
      "REQ_type": "",
      "_id": 44,
      "author_id": "not defined",
      "author_name": "A Google user",
      "helpful": "0",
      "polarity": "",
      "rate": 1,
      "response": "You are offered to take part in 7-day trial, after which you can choose to stay free or subscribe to one of the plans. It is stated in the app description.",
      "response_date": [
        "June",
        "5",
        " 2018"
      ],
      "review": "You have to pay. No no no no and noooooo",
      "review_date": [
        "May",
        "29",
        " 2018"
      ]
    },
    {
      "REQ_subtype": "",
      "REQ_type": "",
      "_id": 45,
      "author_id": "not defined",
      "author_name": "Madhu sudhan tl",
      "helpful": "2",
      "polarity": "",
      "rate": 2,
      "response": "Please contact us at feedback.pro@autocadmobile.com for further assistance.",
      "response_date": [
        "March",
        "19",
        " 2018"
      ],
      "review": "Problem in \"signing in\"",
      "review_date": [
        "June",
        "2",
        " 2018"
      ]
    },
    {
      "REQ_subtype": "",
      "REQ_type": "",
      "_id": 46,
      "author_id": "not defined",
      "author_name": "ujaM rubuS",
      "helpful": "3",
      "polarity": "",
      "rate": 5,
      "response": "We appreciate your feedback.",
      "response_date": [
        "June",
        "5",
        " 2018"
      ],
      "review": "Try to be a better man",
      "review_date": [
        "May",
        "22",
        " 2018"
      ]
    },
    {
      "REQ_subtype": "",
      "REQ_type": "",
      "_id": 47,
      "author_id": "not defined",
      "author_name": "Ogbonna Chijioke",
      "helpful": "2",
      "polarity": "",
      "rate": 5,
      "response": "Glad that you like it.",
      "response_date": [
        "June",
        "5",
        " 2018"
      ],
      "review": "It's ok",
      "review_date": [
        "June",
        "5",
        " 2018"
      ]
    },
    {
      "REQ_subtype": "",
      "REQ_type": "",
      "_id": 48,
      "author_id": "not defined",
      "author_name": "Hatimyunus Yuns Nasir",
      "helpful": "3",
      "polarity": "",
      "rate": 5,
      "response": "Thanks for your review.",
      "response_date": [
        "June",
        "6",
        " 2018"
      ],
      "review": "To good",
      "review_date": [
        "June",
        "5",
        " 2018"
      ]
    },
    {
      "REQ_subtype": "",
      "REQ_type": "",
      "_id": 49,
      "author_id": "not defined",
      "author_name": "A Google user",
      "helpful": "2",
      "polarity": "",
      "rate": 5,
      "response": "We appreciate your feedback.",
      "response_date": [
        "June",
        "5",
        " 2018"
      ],
      "review": "Good apps",
      "review_date": [
        "May",
        "21",
        " 2018"
      ]
    },
    {
      "REQ_subtype": "",
      "REQ_type": "",
      "_id": 50,
      "author_id": "not defined",
      "author_name": "Jonatan Elgstr\u00f6m",
      "helpful": "0",
      "polarity": "",
      "rate": 1,
      "response": "Contact us at feedback.pro@autocadmobile.com for further assistance.",
      "response_date": [
        "May",
        "9",
        " 2018"
      ],
      "review": "Thanks for this borderline useless app that keeps moving around my objects \nwhen I try to do something as simple as rotate a single line. I'll just \nhave to resort to pen and paper I guess.......",
      "review_date": [
        "May",
        "7",
        " 2018"
      ]
    },
    {
      "REQ_subtype": "",
      "REQ_type": "",
      "_id": 51,
      "author_id": "not defined",
      "author_name": "fbonacic",
      "helpful": "0",
      "polarity": "",
      "rate": 1,
      "response": "We need to examine your account, in order to determine the cause and eliminate this issue. Reach us at feedback.pro@autocadmobile.com",
      "response_date": [
        "May",
        "6",
        " 2018"
      ],
      "review": "It crashed on first drawing! When I need it it doesn't work.. Buuu..",
      "review_date": [
        "May",
        "6",
        " 2018"
      ]
    },
    {
      "REQ_subtype": "",
      "REQ_type": "",
      "_id": 52,
      "author_id": "not defined",
      "author_name": "Alex R",
      "helpful": "0",
      "polarity": "",
      "rate": 1,
      "response": "We need to examine your account, in order to determine the cause and eliminate this issue. Reach us at feedback.pro@autocadmobile.com",
      "response_date": [
        "June",
        "4",
        " 2018"
      ],
      "review": "The app won't let me log in. Just says signing in but does not do anything. \nUsed to work but now it doesn't. Please fix this!",
      "review_date": [
        "May",
        "12",
        " 2018"
      ]
    },
    {
      "REQ_subtype": "",
      "REQ_type": "",
      "_id": 53,
      "author_id": "not defined",
      "author_name": "Russell H",
      "helpful": "0",
      "polarity": "",
      "rate": 5,
      "response": "Your feedback is very valuable for us.",
      "response_date": [
        "May",
        "6",
        " 2018"
      ],
      "review": "Love it. Loads in no time and the Spen works great. The two are a perfect \nmatch.",
      "review_date": [
        "May",
        "4",
        " 2018"
      ]
    },
    {
      "REQ_subtype": "",
      "REQ_type": "",
      "_id": 54,
      "author_id": "not defined",
      "author_name": "Yazan Haddadin",
      "helpful": "2",
      "polarity": "",
      "rate": 1,
      "response": "Contact us at feedback.pro@autocadmobile.com for further assistance.",
      "response_date": [
        "May",
        "6",
        " 2018"
      ],
      "review": "Every time I working on it ..the app stop working",
      "review_date": [
        "May",
        "5",
        " 2018"
      ]
    },
    {
      "REQ_subtype": "",
      "REQ_type": "",
      "_id": 55,
      "author_id": "not defined",
      "author_name": "Sukamal Sarkar",
      "helpful": "1",
      "polarity": "",
      "rate": 4,
      "response": "Currently, AutoCAD Mobile supports working with 3D in view-mode only. More info here: http://help.autocadmobile.com/customer/en_us/portal/articles/1152798-3d-files-in-autocad-mobile",
      "response_date": [
        "June",
        "5",
        " 2018"
      ],
      "review": "that is really good..... but please help me.. to create 3d objects kindly \nshow me the way.....\u2665",
      "review_date": [
        "May",
        "28",
        " 2018"
      ]
    },
    {
      "REQ_subtype": "",
      "REQ_type": "",
      "_id": 56,
      "author_id": "not defined",
      "author_name": "Jose Yanez",
      "helpful": "0",
      "polarity": "",
      "rate": 2,
      "response": "Unfortunately, it is not enough info to resolve this issue. Please, let us know more here or at feedback.pro@autocadmobile.com",
      "response_date": [
        "May",
        "9",
        " 2018"
      ],
      "review": "Can't open my files!",
      "review_date": [
        "May",
        "7",
        " 2018"
      ]
    },
    {
      "REQ_subtype": "",
      "REQ_type": "",
      "_id": 57,
      "author_id": "not defined",
      "author_name": "A Google user",
      "helpful": "2",
      "polarity": "",
      "rate": 5,
      "response": "Glad that you like it.",
      "response_date": [
        "May",
        "6",
        " 2018"
      ],
      "review": "Helped me a lot to make maps. Very very nice app",
      "review_date": [
        "May",
        "4",
        " 2018"
      ]
    },
    {
      "REQ_subtype": "",
      "REQ_type": "",
      "_id": 58,
      "author_id": "not defined",
      "author_name": "ejaj sayyad",
      "helpful": "3",
      "polarity": "",
      "rate": 5,
      "response": "Thanks for your review.",
      "response_date": [
        "May",
        "3",
        " 2018"
      ],
      "review": "Best cad app",
      "review_date": [
        "May",
        "3",
        " 2018"
      ]
    },
    {
      "REQ_subtype": "",
      "REQ_type": "",
      "_id": 59,
      "author_id": "not defined",
      "author_name": "Memud Muiz",
      "helpful": "0",
      "polarity": "",
      "rate": 1,
      "response": "Could you please specify what you would improve or change in the app? Let us know more here or at  feedback.pro@autocadmobile.com",
      "response_date": [
        "May",
        "6",
        " 2018"
      ],
      "review": "Dont download",
      "review_date": [
        "May",
        "5",
        " 2018"
      ]
    },
    {
      "REQ_subtype": "",
      "REQ_type": "",
      "_id": 60,
      "author_id": "not defined",
      "author_name": "shimul paul",
      "helpful": "5",
      "polarity": "",
      "rate": 4,
      "response": "Would you improve anything in the app, so it would get a 5-star review?",
      "response_date": [
        "May",
        "3",
        " 2018"
      ],
      "review": "ok",
      "review_date": [
        "May",
        "3",
        " 2018"
      ]
    },
    {
      "REQ_subtype": "",
      "REQ_type": "",
      "_id": 61,
      "author_id": "not defined",
      "author_name": "David Castrejon",
      "helpful": "0",
      "polarity": "",
      "rate": 1,
      "response": "Could you please specify what you would improve or change in the app? Let us know more here or at  feedback.pro@autocadmobile.com",
      "response_date": [
        "June",
        "4",
        " 2018"
      ],
      "review": "Trash",
      "review_date": [
        "May",
        "13",
        " 2018"
      ]
    },
    {
      "REQ_subtype": "",
      "REQ_type": "",
      "_id": 62,
      "author_id": "not defined",
      "author_name": "Tushar Patil",
      "helpful": "13",
      "polarity": "",
      "rate": 2,
      "response": "Contact us at feedback.pro@autocadmobile.com for further assistance.",
      "response_date": [
        "April",
        "26",
        " 2018"
      ],
      "review": "Very slow app. File opening takes long time even for small sized files. Not \ngood",
      "review_date": [
        "April",
        "24",
        " 2018"
      ]
    },
    {
      "REQ_subtype": "",
      "REQ_type": "",
      "_id": 63,
      "author_id": "not defined",
      "author_name": "Jason Munk",
      "helpful": "6",
      "polarity": "",
      "rate": 1,
      "response": "You are offered to take part in 7-day trial, after which you can choose to stay free or subscribe to one of the plans. It is stated in the app description. Also, please note that you can open your own files in free version.",
      "response_date": [
        "April",
        "29",
        " 2018"
      ],
      "review": "The free version only include measuring the sample files. No drawing or \ncreating. Waste of time!",
      "review_date": [
        "April",
        "24",
        " 2018"
      ]
    },
    {
      "REQ_subtype": "",
      "REQ_type": "",
      "_id": 64,
      "author_id": "not defined",
      "author_name": "Preashcy Pugoen",
      "helpful": "19",
      "polarity": "",
      "rate": 5,
      "response": "You are offered to take part in 7-day trial, after which you can choose to stay free or subscribe to one of the plans.",
      "response_date": [
        "April",
        "26",
        " 2018"
      ],
      "review": "Free 7 days, after 7 days can I still use this app for free? Pls reply. \nThanks!!!",
      "review_date": [
        "April",
        "18",
        " 2018"
      ]
    },
    {
      "REQ_subtype": "",
      "REQ_type": "",
      "_id": 65,
      "author_id": "not defined",
      "author_name": "bhim kumar Mahto",
      "helpful": "0",
      "polarity": "",
      "rate": 1,
      "response": "Contact us at feedback.pro@autocadmobile.com for further assistance.",
      "response_date": [
        "April",
        "29",
        " 2018"
      ],
      "review": "Loser app .... I m installed and trying to open some file .... Didn't open",
      "review_date": [
        "April",
        "27",
        " 2018"
      ]
    },
    {
      "REQ_subtype": "",
      "REQ_type": "",
      "_id": 66,
      "author_id": "not defined",
      "author_name": "harendra singh",
      "helpful": "19",
      "polarity": "",
      "rate": 5,
      "response": "Thanks for choosing our app.",
      "response_date": [
        "April",
        "26",
        " 2018"
      ],
      "review": "Very good app",
      "review_date": [
        "April",
        "16",
        " 2018"
      ]
    },
    {
      "REQ_subtype": "",
      "REQ_type": "",
      "_id": 67,
      "author_id": "not defined",
      "author_name": "shakti sahu",
      "helpful": "0",
      "polarity": "",
      "rate": 5,
      "response": "Thanks, we appreciate your review",
      "response_date": [
        "December",
        "19",
        " 2017"
      ],
      "review": "this apps is very usefull and mini computer working plese dounlode this app \ni try this love it.",
      "review_date": [
        "May",
        "4",
        " 2018"
      ]
    },
    {
      "REQ_subtype": "",
      "REQ_type": "",
      "_id": 68,
      "author_id": "not defined",
      "author_name": "kondalarao muraboinana",
      "helpful": "0",
      "polarity": "",
      "rate": 5,
      "response": "You are offered to take part in 7-day trial, after which you can choose to stay free or subscribe to one of the plans.",
      "response_date": [
        "May",
        "6",
        " 2018"
      ],
      "review": "In very nce.. please remove premium charges..for editing DWG",
      "review_date": [
        "May",
        "4",
        " 2018"
      ]
    },
    {
      "REQ_subtype": "",
      "REQ_type": "",
      "_id": 69,
      "author_id": "not defined",
      "author_name": "Rajneesh Tripathi",
      "helpful": "1",
      "polarity": "",
      "rate": 4,
      "response": "Thanks for your review. We are constantly working on improving our app and your suggestions will be taken into consideration for future releases.",
      "response_date": [
        "April",
        "29",
        " 2018"
      ],
      "review": "Nice but slow app",
      "review_date": [
        "April",
        "29",
        " 2018"
      ]
    },
    {
      "REQ_subtype": "",
      "REQ_type": "",
      "_id": 70,
      "author_id": "not defined",
      "author_name": "Ebenezer Ankomah",
      "helpful": "0",
      "polarity": "",
      "rate": 5,
      "response": "Thanks for choosing our app.",
      "response_date": [
        "April",
        "17",
        " 2018"
      ],
      "review": "About to start using",
      "review_date": [
        "April",
        "17",
        " 2018"
      ]
    },
    {
      "REQ_subtype": "",
      "REQ_type": "",
      "_id": 71,
      "author_id": "not defined",
      "author_name": "jagadeesh gorikapudi",
      "helpful": "0",
      "polarity": "",
      "rate": 1,
      "response": "Could you please specify what you would improve or change in the app? Let us know more here or at  feedback.pro@autocadmobile.com",
      "response_date": [
        "May",
        "1",
        " 2018"
      ],
      "review": "Not sure for learner",
      "review_date": [
        "April",
        "30",
        " 2018"
      ]
    },
    {
      "REQ_subtype": "",
      "REQ_type": "",
      "_id": 72,
      "author_id": "not defined",
      "author_name": "A Google user",
      "helpful": "2",
      "polarity": "",
      "rate": 5,
      "response": "We are happy to hear that.",
      "response_date": [
        "April",
        "26",
        " 2018"
      ],
      "review": "Very good app",
      "review_date": [
        "April",
        "23",
        " 2018"
      ]
    },
    {
      "REQ_subtype": "",
      "REQ_type": "",
      "_id": 73,
      "author_id": "not defined",
      "author_name": "pierre khoury",
      "helpful": "0",
      "polarity": "",
      "rate": 3,
      "response": "Thanks for your review. We are constantly working on improving our app and your suggestions will be taken into consideration for future releases.",
      "response_date": [
        "July",
        "9",
        " 2018"
      ],
      "review": "Good job Please can add a search",
      "review_date": [
        "July",
        "4",
        " 2018"
      ]
    },
    {
      "REQ_subtype": "",
      "REQ_type": "",
      "_id": 74,
      "author_id": "not defined",
      "author_name": "Vikram Singh",
      "helpful": "1",
      "polarity": "",
      "rate": 5,
      "response": "We appreciate your feedback.",
      "response_date": [
        "May",
        "2",
        " 2018"
      ],
      "review": "Needs Improvement",
      "review_date": [
        "May",
        "1",
        " 2018"
      ]
    },
    {
      "REQ_subtype": "",
      "REQ_type": "",
      "_id": 75,
      "author_id": "not defined",
      "author_name": "Mushfique Hasan",
      "helpful": "0",
      "polarity": "",
      "rate": 5,
      "response": "Thanks for your review.",
      "response_date": [
        "May",
        "6",
        " 2018"
      ],
      "review": "Vary useful app",
      "review_date": [
        "May",
        "3",
        " 2018"
      ]
    },
    {
      "REQ_subtype": "",
      "REQ_type": "",
      "_id": 76,
      "author_id": "not defined",
      "author_name": "SHAHID AFRIDI",
      "helpful": "0",
      "polarity": "",
      "rate": 5,
      "response": "Thanks for your review.",
      "response_date": [
        "June",
        "5",
        " 2018"
      ],
      "review": "Well",
      "review_date": [
        "May",
        "17",
        " 2018"
      ]
    },
    {
      "REQ_subtype": "",
      "REQ_type": "",
      "_id": 77,
      "author_id": "not defined",
      "author_name": "A Google user",
      "helpful": "1",
      "polarity": "",
      "rate": 5,
      "response": "Thanks for your review.",
      "response_date": [
        "April",
        "29",
        " 2018"
      ],
      "review": "Nice",
      "review_date": [
        "April",
        "28",
        " 2018"
      ]
    },
    {
      "REQ_subtype": "",
      "REQ_type": "",
      "_id": 78,
      "author_id": "not defined",
      "author_name": "A Google user",
      "helpful": "16",
      "polarity": "",
      "rate": 4,
      "response": "",
      "response_date": "",
      "review": "Hi ! When I'm opening a particular autocad building plan, I see overlapping of many rooms and lines. It's like the drawing has a mirror reflection. The same drawings works perfectly fine on orher devices but not on my Samsung phone. Rest all files are opening perfectly. Please help",
      "review_date": [
        "April",
        "8",
        " 2018"
      ]
    },
    {
      "REQ_subtype": "",
      "REQ_type": "",
      "_id": 79,
      "author_id": "not defined",
      "author_name": "Tony Fu",
      "helpful": "0",
      "polarity": "",
      "rate": 2,
      "response": "Contact us at feedback.pro@autocadmobile.com for further assistance.",
      "response_date": [
        "April",
        "26",
        " 2018"
      ],
      "review": "(4.12.18Reinstalled to view a dwg file. Not) useless. Can't get to work. Support has been hard to find. Uninstalled desktop app out of irritation. Not autocad. The autocad desktop app loader thingy",
      "review_date": [
        "April",
        "13",
        " 2018"
      ]
    },
    {
      "REQ_subtype": "",
      "REQ_type": "",
      "_id": 80,
      "author_id": "not defined",
      "author_name": "A Google user",
      "helpful": "6",
      "polarity": "",
      "rate": 1,
      "response": "Thanks for your review, Alan. We are constantly working on improving our app and your suggestions will be taken into consideration for future releases.",
      "response_date": [
        "April",
        "26",
        " 2018"
      ],
      "review": "Given many people using this will be professionals, it's stunning that it STILL doesn't support Onedrive business accounts. You can only open OneDrive files from a personal account... Laughable!",
      "review_date": [
        "April",
        "12",
        " 2018"
      ]
    },
    {
      "REQ_subtype": "",
      "REQ_type": "",
      "_id": 81,
      "author_id": "not defined",
      "author_name": "Levi Richardson",
      "helpful": "5",
      "polarity": "",
      "rate": 1,
      "response": "You are offered to take part in 7-day trial, after which you can choose to stay free or subscribe to one of the plans. It is stated in the app description.",
      "response_date": [
        "April",
        "26",
        " 2018"
      ],
      "review": "You must pay to use this, AND you must create an account first (give them \nyour name and email address) BEFORE you get to subscription options (49.99 \nand up). This gives a 7 day trial otherwise.",
      "review_date": [
        "April",
        "26",
        " 2018"
      ]
    },
    {
      "REQ_subtype": "",
      "REQ_type": "",
      "_id": 82,
      "author_id": "not defined",
      "author_name": "A Google user",
      "helpful": "11",
      "polarity": "",
      "rate": 1,
      "response": "Unfortunately, it is not enough info to resolve this issue. Please, let us know more here or at feedback.pro@autocadmobile.com",
      "response_date": [
        "April",
        "17",
        " 2018"
      ],
      "review": "This *****app shows that entered email address is not valid  for every time  .I tried  more than 4 emails",
      "review_date": [
        "April",
        "6",
        " 2018"
      ]
    },
    {
      "REQ_subtype": "",
      "REQ_type": "",
      "_id": 83,
      "author_id": "not defined",
      "author_name": "Istvan Voiculescu",
      "helpful": "1",
      "polarity": "",
      "rate": 3,
      "response": "Please, follow this link to read more about files from A360 Drive: http://help.autocadmobile.com/customer/en_us/portal/articles/2934380-a360-drive-files",
      "response_date": [
        "April",
        "26",
        " 2018"
      ],
      "review": "It works. But now i cannot see the files i created on the autodesk 360 Drive. It syncs the folders, but not the files... How can you mess the app that bad?",
      "review_date": [
        "April",
        "15",
        " 2018"
      ]
    },
    {
      "REQ_subtype": "",
      "REQ_type": "",
      "_id": 84,
      "author_id": "not defined",
      "author_name": "HunterDred",
      "helpful": "5",
      "polarity": "",
      "rate": 1,
      "response": "We appreciate your feedback. Your suggestion will be transferred to our development team and considered for new releases.",
      "response_date": [
        "April",
        "26",
        " 2018"
      ],
      "review": "Garbage app it dosent have important features like fillet command etc it lacks most of the proper features dont download this it will jst stress u out..",
      "review_date": [
        "April",
        "10",
        " 2018"
      ]
    },
    {
      "REQ_subtype": "",
      "REQ_type": "",
      "_id": 85,
      "author_id": "not defined",
      "author_name": "Aniket Bhole",
      "helpful": "3",
      "polarity": "",
      "rate": 1,
      "response": "We need to examine your account, in order to determine the cause and eliminate this issue. Reach us at feedback.pro@autocadmobile.com",
      "response_date": [
        "April",
        "26",
        " 2018"
      ],
      "review": "Complete trash app it doesn't open the files",
      "review_date": [
        "April",
        "11",
        " 2018"
      ]
    },
    {
      "REQ_subtype": "",
      "REQ_type": "",
      "_id": 86,
      "author_id": "not defined",
      "author_name": "love kumar",
      "helpful": "11",
      "polarity": "",
      "rate": 1,
      "response": "You are offered to take part in 7-day trial, after which you can choose to stay free or subscribe to one of the plans. It is stated in the app description.",
      "response_date": [
        "April",
        "17",
        " 2018"
      ],
      "review": "This is premium app but it's showing free after download it showing price",
      "review_date": [
        "April",
        "4",
        " 2018"
      ]
    },
    {
      "REQ_subtype": "",
      "REQ_type": "",
      "_id": 87,
      "author_id": "not defined",
      "author_name": "Tech Geek .007",
      "helpful": "0",
      "polarity": "",
      "rate": 1,
      "response": "We need to examine your account, in order to determine the cause and eliminate this issue. Reach us at feedback.pro@autocadmobile.com",
      "response_date": [
        "April",
        "26",
        " 2018"
      ],
      "review": "Can't open the app on my mi note 4 . It loading loading nd loading. Can't \ncreate accounts nd can't sign in either \ud83d\ude11",
      "review_date": [
        "April",
        "16",
        " 2018"
      ]
    },
    {
      "REQ_subtype": "",
      "REQ_type": "",
      "_id": 88,
      "author_id": "not defined",
      "author_name": "Robert Andrey Ilano",
      "helpful": "2",
      "polarity": "",
      "rate": 1,
      "response": "You are offered to take part in 7-day trial, after which you can choose to stay free or subscribe to one of the plans. It is stated in the app description.",
      "response_date": [
        "April",
        "26",
        " 2018"
      ],
      "review": "Says free but its not what a troll",
      "review_date": [
        "April",
        "10",
        " 2018"
      ]
    },
    {
      "REQ_subtype": "",
      "REQ_type": "",
      "_id": 89,
      "author_id": "not defined",
      "author_name": "Arindam Shihi",
      "helpful": "0",
      "polarity": "",
      "rate": 5,
      "response": "",
      "response_date": "",
      "review": "Is there is the option for \" Save As\" in previous AutoCad version like AutoCad 2000 version ?",
      "review_date": [
        "April",
        "14",
        " 2018"
      ]
    },
    {
      "REQ_subtype": "",
      "REQ_type": "",
      "_id": 90,
      "author_id": "not defined",
      "author_name": "Shehzad Govaliya",
      "helpful": "0",
      "polarity": "",
      "rate": 1,
      "response": "You are offered to take part in 7-day trial, after which you can choose to stay free or subscribe to one of the plans. It is stated in the app description.",
      "response_date": [
        "April",
        "26",
        " 2018"
      ],
      "review": "Downloaded this app then came to know that this app is paid after you open this app.",
      "review_date": [
        "April",
        "14",
        " 2018"
      ]
    },
    {
      "REQ_subtype": "",
      "REQ_type": "",
      "_id": 91,
      "author_id": "not defined",
      "author_name": "Parmar Hitesh",
      "helpful": "1",
      "polarity": "",
      "rate": 5,
      "response": "We appreciate your feedback.",
      "response_date": [
        "April",
        "26",
        " 2018"
      ],
      "review": "Live ane thank",
      "review_date": [
        "April",
        "9",
        " 2018"
      ]
    },
    {
      "REQ_subtype": "",
      "REQ_type": "",
      "_id": 92,
      "author_id": "not defined",
      "author_name": "A Google user",
      "helpful": "1",
      "polarity": "",
      "rate": 1,
      "response": "Could you please specify what you would improve or change in the app? Let us know more here or at  feedback.pro@autocadmobile.com",
      "response_date": [
        "April",
        "17",
        " 2018"
      ],
      "review": "Worst app ...",
      "review_date": [
        "April",
        "8",
        " 2018"
      ]
    },
    {
      "REQ_subtype": "",
      "REQ_type": "",
      "_id": 93,
      "author_id": "not defined",
      "author_name": "steve eccles",
      "helpful": "0",
      "polarity": "",
      "rate": 5,
      "response": "Thanks for choosing our app.",
      "response_date": [
        "April",
        "29",
        " 2018"
      ],
      "review": "Great for pulling dimensions off drawings",
      "review_date": [
        "April",
        "25",
        " 2018"
      ]
    },
    {
      "REQ_subtype": "",
      "REQ_type": "",
      "_id": 94,
      "author_id": "not defined",
      "author_name": "A Google user",
      "helpful": "0",
      "polarity": "",
      "rate": 4,
      "response": "Would you improve anything in the app, so it would get a 5-star review?",
      "response_date": [
        "June",
        "5",
        " 2018"
      ],
      "review": "Ok",
      "review_date": [
        "June",
        "1",
        " 2018"
      ]
    },
    {
      "REQ_subtype": "",
      "REQ_type": "",
      "_id": 95,
      "author_id": "not defined",
      "author_name": "Om Kar",
      "helpful": "0",
      "polarity": "",
      "rate": 1,
      "response": "Could you please specify what you would improve or change in the app? Let us know more here or at  feedback.pro@autocadmobile.com",
      "response_date": [
        "April",
        "26",
        " 2018"
      ],
      "review": "\ud83c\udf4c\ud83c\udf4c\ud83c\udf4c\ud83c\udf4c\ud83c\udf4c",
      "review_date": [
        "April",
        "16",
        " 2018"
      ]
    },
    {
      "REQ_subtype": "",
      "REQ_type": "",
      "_id": 96,
      "author_id": "not defined",
      "author_name": "A Google user",
      "helpful": "0",
      "polarity": "",
      "rate": 1,
      "response": "Could you please specify what you would improve or change in the app? Let us know more here or at  feedback.pro@autocadmobile.com",
      "response_date": [
        "April",
        "26",
        " 2018"
      ],
      "review": "Useless",
      "review_date": [
        "April",
        "11",
        " 2018"
      ]
    },
    {
      "REQ_subtype": "",
      "REQ_type": "",
      "_id": 97,
      "author_id": "not defined",
      "author_name": "Mohammad Ali Tayyebi",
      "helpful": "0",
      "polarity": "",
      "rate": 5,
      "response": "Thanks for choosing our app.",
      "response_date": [
        "April",
        "26",
        " 2018"
      ],
      "review": "Awesome",
      "review_date": [
        "April",
        "15",
        " 2018"
      ]
    },
    {
      "REQ_subtype": "",
      "REQ_type": "",
      "_id": 98,
      "author_id": "not defined",
      "author_name": "Rc Guy",
      "helpful": "0",
      "polarity": "",
      "rate": 5,
      "response": "We need to examine your account, in order to determine the cause and eliminate this issue. Reach us at feedback.pro@autocadmobile.com",
      "response_date": [
        "March",
        "26",
        " 2018"
      ],
      "review": "Keeps crashing. Soooo annoying. Even deleted app and  re-downloaded. Still does it  Please fix. Again, Making mad.  Otherwise, a great app. Thank you.",
      "review_date": [
        "March",
        "22",
        " 2018"
      ]
    },
    {
      "REQ_subtype": "",
      "REQ_type": "",
      "_id": 99,
      "author_id": "not defined",
      "author_name": "Armando Lopez",
      "helpful": "0",
      "polarity": "",
      "rate": 1,
      "response": "Contact us at feedback.pro@autocadmobile.com for further assistance.",
      "response_date": [
        "March",
        "26",
        " 2018"
      ],
      "review": "ever since the last update the app keeps telling me I only have the free version when I have paid both the monthly subscription on this app and also have the one year cad lt please fix this",
      "review_date": [
        "March",
        "25",
        " 2018"
      ]
    },
    {
      "REQ_subtype": "",
      "REQ_type": "",
      "_id": 100,
      "author_id": "not defined",
      "author_name": "shreyash saraf",
      "helpful": "24",
      "polarity": "",
      "rate": 5,
      "response": "Thanks, your feedback is very valuable for us.",
      "response_date": [
        "March",
        "26",
        " 2018"
      ],
      "review": "Great app.....work anywhere anytime..\ud83d\udc4c\ud83d\udc4c",
      "review_date": [
        "March",
        "21",
        " 2018"
      ]
    },
    {
      "REQ_subtype": "",
      "REQ_type": "",
      "_id": 101,
      "author_id": "not defined",
      "author_name": "A Google user",
      "helpful": "1",
      "polarity": "",
      "rate": 3,
      "response": "Unfortunately, it is not enough info to resolve this issue. Please, let us know more here or at feedback.pro@autocadmobile.com",
      "response_date": [
        "April",
        "1",
        " 2018"
      ],
      "review": "Cant create account using my google account",
      "review_date": [
        "March",
        "30",
        " 2018"
      ]
    },
    {
      "REQ_subtype": "",
      "REQ_type": "",
      "_id": 102,
      "author_id": "not defined",
      "author_name": "Hemant Prajapat",
      "helpful": "1",
      "polarity": "",
      "rate": 1,
      "response": "You are offered to take part in 7-day trial, after which you can choose to stay free or subscribe to one of the plans. It is stated in the app description.",
      "response_date": [
        "April",
        "1",
        " 2018"
      ],
      "review": "This is trial version only for 7 days",
      "review_date": [
        "March",
        "31",
        " 2018"
      ]
    },
    {
      "REQ_subtype": "",
      "REQ_type": "",
      "_id": 103,
      "author_id": "not defined",
      "author_name": "bharath m",
      "helpful": "0",
      "polarity": "",
      "rate": 1,
      "response": "Could you please specify what you would improve or change in the app? Let us know more here or at  feedback.pro@autocadmobile.com",
      "response_date": [
        "April",
        "17",
        " 2018"
      ],
      "review": "Most of the option are missing This is just a basic ABCD tool",
      "review_date": [
        "April",
        "2",
        " 2018"
      ]
    },
    {
      "REQ_subtype": "",
      "REQ_type": "",
      "_id": 104,
      "author_id": "not defined",
      "author_name": "yasser dachwaly",
      "helpful": "0",
      "polarity": "",
      "rate": 5,
      "response": "Your feedback is very valuable for us.",
      "response_date": [
        "July",
        "4",
        " 2018"
      ],
      "review": "Thank you",
      "review_date": [
        "June",
        "28",
        " 2018"
      ]
    },
    {
      "REQ_subtype": "",
      "REQ_type": "",
      "_id": 105,
      "author_id": "not defined",
      "author_name": "irwan wiranto",
      "helpful": "0",
      "polarity": "",
      "rate": 5,
      "response": "We are happy to hear that.",
      "response_date": [
        "April",
        "17",
        " 2018"
      ],
      "review": "Very usefull...",
      "review_date": [
        "April",
        "2",
        " 2018"
      ]
    },
    {
      "REQ_subtype": "",
      "REQ_type": "",
      "_id": 106,
      "author_id": "not defined",
      "author_name": "Brian Reid",
      "helpful": "0",
      "polarity": "",
      "rate": 1,
      "response": "You are offered to take part in 7day trial, after which you can choose to stay free or subscribe to one of the plans. It is stated in the app description.",
      "response_date": [
        "March",
        "19",
        " 2018"
      ],
      "review": "Says free, but as soon as I signed in with my account it asked me to sign up. I was looking for a quick tool for some furniture placement and Autodesk is the name in the field of CAD. Still I am not shelling out $60 a year for it. In app purchases should be \"Subscription Fee required to us\". Probably great if you already have an account and the desktop software. If you need to just do a few things look somewhere else.",
      "review_date": [
        "March",
        "17",
        " 2018"
      ]
    },
    {
      "REQ_subtype": "",
      "REQ_type": "",
      "_id": 107,
      "author_id": "not defined",
      "author_name": "Joshua Pearson",
      "helpful": "6",
      "polarity": "",
      "rate": 1,
      "response": "You are offered to take part in 7day trial, after which you can choose to stay free or subscribe to one of the plans. It is stated in the app description.",
      "response_date": [
        "March",
        "19",
        " 2018"
      ],
      "review": "Free to download but after you make an account they force you to pay to use the app. Don't know how to delete the account. False advertising.",
      "review_date": [
        "March",
        "17",
        " 2018"
      ]
    },
    {
      "REQ_subtype": "",
      "REQ_type": "",
      "_id": 108,
      "author_id": "not defined",
      "author_name": "Chris Jones",
      "helpful": "3",
      "polarity": "",
      "rate": 1,
      "response": "Hi Chris, free version allows you to open files and use measurement tools.",
      "response_date": [
        "March",
        "19",
        " 2018"
      ],
      "review": "Not free, once installed you can jot use without paying. Can not open step files. Useless app and extremely misleading.",
      "review_date": [
        "March",
        "16",
        " 2018"
      ]
    },
    {
      "REQ_subtype": "",
      "REQ_type": "",
      "_id": 109,
      "author_id": "not defined",
      "author_name": "raimundas vysniauskas",
      "helpful": "8",
      "polarity": "",
      "rate": 1,
      "response": "Please, contact us at feedback.pro@autocadmobile.com so we can check your account.",
      "response_date": [
        "March",
        "19",
        " 2018"
      ],
      "review": "Not recognizing my gmail, can't sign in at all",
      "review_date": [
        "March",
        "12",
        " 2018"
      ]
    },
    {
      "REQ_subtype": "",
      "REQ_type": "",
      "_id": 110,
      "author_id": "not defined",
      "author_name": "talal adada",
      "helpful": "8",
      "polarity": "",
      "rate": 1,
      "response": "Please reach us at feedback.pro@autocadmobile.com for further assistance.",
      "response_date": [
        "March",
        "19",
        " 2018"
      ],
      "review": "Application shut down all the time always problems with the server",
      "review_date": [
        "March",
        "12",
        " 2018"
      ]
    },
    {
      "REQ_subtype": "",
      "REQ_type": "",
      "_id": 111,
      "author_id": "not defined",
      "author_name": "Amir Tangestani",
      "helpful": "2",
      "polarity": "",
      "rate": 4,
      "response": "Thanks for your feedback, Amir. It's very important to us; we will use your suggestion for the future releases.",
      "response_date": [
        "March",
        "19",
        " 2018"
      ],
      "review": "Any chance you could add the feature to create folders and move files to folders?",
      "review_date": [
        "March",
        "10",
        " 2018"
      ]
    },
    {
      "REQ_subtype": "",
      "REQ_type": "",
      "_id": 112,
      "author_id": "not defined",
      "author_name": "A Google user",
      "helpful": "4",
      "polarity": "",
      "rate": 1,
      "response": "Please, contact us at feedback.pro@autocadmobile.com for further assistance.",
      "response_date": [
        "March",
        "19",
        " 2018"
      ],
      "review": "It is not working in my Mob.",
      "review_date": [
        "March",
        "9",
        " 2018"
      ]
    },
    {
      "REQ_subtype": "",
      "REQ_type": "",
      "_id": 113,
      "author_id": "not defined",
      "author_name": "bhagyesh wagh",
      "helpful": "1",
      "polarity": "",
      "rate": 3,
      "response": "We are awaiting your review. Hope you like it!",
      "response_date": [
        "March",
        "19",
        " 2018"
      ],
      "review": "I just started using this app,  Any review send later.",
      "review_date": [
        "March",
        "10",
        " 2018"
      ]
    },
    {
      "REQ_subtype": "",
      "REQ_type": "",
      "_id": 114,
      "author_id": "not defined",
      "author_name": "A Google user",
      "helpful": "0",
      "polarity": "",
      "rate": 1,
      "response": "Thanks for the feedback.",
      "response_date": [
        "March",
        "19",
        " 2018"
      ],
      "review": "In this app requirement of adding draw of hyperbola and parabola ... please add in next version",
      "review_date": [
        "March",
        "18",
        " 2018"
      ]
    },
    {
      "REQ_subtype": "",
      "REQ_type": "",
      "_id": 115,
      "author_id": "not defined",
      "author_name": "Sony Mehra",
      "helpful": "0",
      "polarity": "",
      "rate": 4,
      "response": "You are offered to take part in 7-day trial, after which you can choose to stay free or subscribe to one of the plans.",
      "response_date": [
        "April",
        "29",
        " 2018"
      ],
      "review": "It is good app but earn money while editing the drawing. It should be free.",
      "review_date": [
        "April",
        "28",
        " 2018"
      ]
    },
    {
      "REQ_subtype": "",
      "REQ_type": "",
      "_id": 116,
      "author_id": "not defined",
      "author_name": "Deepand Dark",
      "helpful": "0",
      "polarity": "",
      "rate": 3,
      "response": "You are offered to take part in 7-day trial, after which you can choose to stay free or subscribe to one of the plans. It is stated in the app description.",
      "response_date": [
        "March",
        "26",
        " 2018"
      ],
      "review": "Not free you have to pay.",
      "review_date": [
        "March",
        "20",
        " 2018"
      ]
    },
    {
      "REQ_subtype": "",
      "REQ_type": "",
      "_id": 117,
      "author_id": "not defined",
      "author_name": "alok sharma",
      "helpful": "0",
      "polarity": "",
      "rate": 5,
      "response": "Glad that you like it.",
      "response_date": [
        "April",
        "17",
        " 2018"
      ],
      "review": "Grate app",
      "review_date": [
        "April",
        "1",
        " 2018"
      ]
    },
    {
      "REQ_subtype": "",
      "REQ_type": "",
      "_id": 118,
      "author_id": "not defined",
      "author_name": "Prabu Ram",
      "helpful": "0",
      "polarity": "",
      "rate": 4,
      "response": "",
      "response_date": "",
      "review": "Helpful to view drg files",
      "review_date": [
        "May",
        "26",
        " 2018"
      ]
    },
    {
      "REQ_subtype": "",
      "REQ_type": "",
      "_id": 119,
      "author_id": "not defined",
      "author_name": "SANDESH CHAVAN",
      "helpful": "0",
      "polarity": "",
      "rate": 5,
      "response": "Thank you, Sandesh",
      "response_date": [
        "March",
        "19",
        " 2018"
      ],
      "review": "Nice app",
      "review_date": [
        "March",
        "16",
        " 2018"
      ]
    },
    {
      "REQ_subtype": "",
      "REQ_type": "",
      "_id": 120,
      "author_id": "not defined",
      "author_name": "Chin Tzeloong",
      "helpful": "0",
      "polarity": "",
      "rate": 5,
      "response": "Thanks for choosing our app.",
      "response_date": [
        "May",
        "9",
        " 2018"
      ],
      "review": "Good help",
      "review_date": [
        "May",
        "9",
        " 2018"
      ]
    },
    {
      "REQ_subtype": "",
      "REQ_type": "",
      "_id": 121,
      "author_id": "not defined",
      "author_name": "Dylan 1234",
      "helpful": "0",
      "polarity": "",
      "rate": 4,
      "response": "Thanks, Dylan. What do you think is missing from the app?",
      "response_date": [
        "March",
        "19",
        " 2018"
      ],
      "review": "Good",
      "review_date": [
        "March",
        "11",
        " 2018"
      ]
    },
    {
      "REQ_subtype": "",
      "REQ_type": "",
      "_id": 122,
      "author_id": "not defined",
      "author_name": "Fallen Star",
      "helpful": "0",
      "polarity": "",
      "rate": 2,
      "response": "AutoCAD mobile Premium subscription costs $5 per month or $50 per year. You can also choose to use free version of the app, if you prefer.",
      "response_date": [
        "February",
        "27",
        " 2018"
      ],
      "review": "Expensive! I just wanted something to outline settings for my writing, not to pay 50 dollars a month for it!",
      "review_date": [
        "February",
        "26",
        " 2018"
      ]
    },
    {
      "REQ_subtype": "",
      "REQ_type": "",
      "_id": 123,
      "author_id": "not defined",
      "author_name": "muziqaz M",
      "helpful": "0",
      "polarity": "",
      "rate": 1,
      "response": "It is stated in the description that this is a trial version. However, you can choose to stay free after the trial is over.",
      "response_date": [
        "February",
        "27",
        " 2018"
      ],
      "review": "This is a trial version. Would be nice for them to mention this in app description. But what else do you expect from money grabbing company like Autodesk?",
      "review_date": [
        "February",
        "26",
        " 2018"
      ]
    },
    {
      "REQ_subtype": "",
      "REQ_type": "",
      "_id": 124,
      "author_id": "not defined",
      "author_name": "Mosia Marate",
      "helpful": "9",
      "polarity": "",
      "rate": 5,
      "response": "Thanks, Mosia",
      "response_date": [
        "February",
        "20",
        " 2018"
      ],
      "review": "I Think The App Can Help Engineering Students When It Comes To Drawing Because It's Available On  The Phone And Computer Which Makes It Easier For Them To Learn Faster",
      "review_date": [
        "February",
        "20",
        " 2018"
      ]
    },
    {
      "REQ_subtype": "",
      "REQ_type": "",
      "_id": 125,
      "author_id": "not defined",
      "author_name": "nasir farooq",
      "helpful": "23",
      "polarity": "",
      "rate": 4,
      "response": "Nasir, you can choose to use app for free or subscribe to one of our plans. Detailed plan comparison can be found here: https://www.autodesk.com/products/autocad-mobile/compare-plans#",
      "response_date": [
        "February",
        "20",
        " 2018"
      ],
      "review": "Very good app, at least we can check soft copy on Site. Oh suddenly app reflects it needs premium membership. I am unhappy.",
      "review_date": [
        "February",
        "19",
        " 2018"
      ]
    },
    {
      "REQ_subtype": "",
      "REQ_type": "",
      "_id": 126,
      "author_id": "not defined",
      "author_name": "Aaron Swanson",
      "helpful": "1",
      "polarity": "",
      "rate": 1,
      "response": "",
      "response_date": "",
      "review": "Cannot create or edit 3d drawings, only view them.  Will not refund any of my payment of 1 year subscription, days after purchase. 0 stars. 30 day",
      "review_date": [
        "March",
        "1",
        " 2018"
      ]
    },
    {
      "REQ_subtype": "",
      "REQ_type": "",
      "_id": 127,
      "author_id": "not defined",
      "author_name": "chetan patel",
      "helpful": "9",
      "polarity": "",
      "rate": 5,
      "response": "Thank you!",
      "response_date": [
        "December",
        "19",
        " 2017"
      ],
      "review": "Excellent app. Easy to draw and use.",
      "review_date": [
        "February",
        "18",
        " 2018"
      ]
    },
    {
      "REQ_subtype": "",
      "REQ_type": "",
      "_id": 128,
      "author_id": "not defined",
      "author_name": "Nischal Shrestha",
      "helpful": "1",
      "polarity": "",
      "rate": 1,
      "response": "Hey Nischal, could please specify what you have found dissatisfying in the app here or at feedback.pro@autocadmobile.com",
      "response_date": [
        "March",
        "19",
        " 2018"
      ],
      "review": "Worst app don't download",
      "review_date": [
        "March",
        "9",
        " 2018"
      ]
    },
    {
      "REQ_subtype": "",
      "REQ_type": "",
      "_id": 129,
      "author_id": "not defined",
      "author_name": "Jake Vosloo",
      "helpful": "1",
      "polarity": "",
      "rate": 5,
      "response": "Thanks for the feedback, Jake. We will take it in consideration for future releases.",
      "response_date": [
        "March",
        "4",
        " 2018"
      ],
      "review": "Good for a free app, please add support for stp files.",
      "review_date": [
        "March",
        "4",
        " 2018"
      ]
    },
    {
      "REQ_subtype": "",
      "REQ_type": "",
      "_id": 130,
      "author_id": "not defined",
      "author_name": "A Google user",
      "helpful": "1",
      "polarity": "",
      "rate": 1,
      "response": "Let us know more at feedback.pro@autocadmobile.com",
      "response_date": [
        "February",
        "20",
        " 2018"
      ],
      "review": "It takes lot of time to opening an app still app is not opening",
      "review_date": [
        "February",
        "19",
        " 2018"
      ]
    },
    {
      "REQ_subtype": "",
      "REQ_type": "",
      "_id": 131,
      "author_id": "not defined",
      "author_name": "Preceliano Amigo",
      "helpful": "0",
      "polarity": "",
      "rate": 4,
      "response": "Please, check out our Free version.",
      "response_date": [
        "March",
        "7",
        " 2018"
      ],
      "review": "I love this app..but i dont have money to pay for a year",
      "review_date": [
        "March",
        "6",
        " 2018"
      ]
    },
    {
      "REQ_subtype": "",
      "REQ_type": "",
      "_id": 132,
      "author_id": "not defined",
      "author_name": "yoko S",
      "helpful": "0",
      "polarity": "",
      "rate": 1,
      "response": "Hello Yoko, you can choose to subscribe to one of the paid subscriptions or use AutoCAD mobile app for free.",
      "response_date": [
        "March",
        "19",
        " 2018"
      ],
      "review": "It's not free.",
      "review_date": [
        "March",
        "8",
        " 2018"
      ]
    },
    {
      "REQ_subtype": "",
      "REQ_type": "",
      "_id": 133,
      "author_id": "not defined",
      "author_name": "A Google user",
      "helpful": "0",
      "polarity": "",
      "rate": 4,
      "response": "What do you think is missing from the app?",
      "response_date": [
        "February",
        "21",
        " 2018"
      ],
      "review": "Excellent",
      "review_date": [
        "February",
        "20",
        " 2018"
      ]
    },
    {
      "REQ_subtype": "",
      "REQ_type": "",
      "_id": 134,
      "author_id": "not defined",
      "author_name": "Nick Rushe",
      "helpful": "0",
      "polarity": "",
      "rate": 4,
      "response": "Thanks for the update Nick. We hope you enjoy our app.",
      "response_date": [
        "February",
        "19",
        " 2018"
      ],
      "review": "Great app for accessing data on site if you've left your drawings in the office, the only suggestion I can think of so far is that you allow a snap option for coordinate viewing, as the current cross hairs is too inaccurate to be used as EDM input. Edit: there is now a snap option for coords",
      "review_date": [
        "February",
        "15",
        " 2018"
      ]
    },
    {
      "REQ_subtype": "",
      "REQ_type": "",
      "_id": 135,
      "author_id": "not defined",
      "author_name": "Makarand Shendkar",
      "helpful": "7",
      "polarity": "",
      "rate": 1,
      "response": "Hey, Makarand. Please contact us at feedback.pro@autocadmobile.com for further assistance.",
      "response_date": [
        "February",
        "19",
        " 2018"
      ],
      "review": "Not registered or login \ud83d\ude16\ud83d\ude16\ud83d\udc7f",
      "review_date": [
        "February",
        "15",
        " 2018"
      ]
    },
    {
      "REQ_subtype": "",
      "REQ_type": "",
      "_id": 136,
      "author_id": "not defined",
      "author_name": "Koal Kottentail",
      "helpful": "0",
      "polarity": "",
      "rate": 4,
      "response": "What do you think is missing from the app?",
      "response_date": [
        "February",
        "19",
        " 2018"
      ],
      "review": "It is alright.",
      "review_date": [
        "February",
        "17",
        " 2018"
      ]
    },
    {
      "REQ_subtype": "",
      "REQ_type": "",
      "_id": 137,
      "author_id": "not defined",
      "author_name": "Vijay Sharma",
      "helpful": "2",
      "polarity": "",
      "rate": 5,
      "response": "Thank you, Vijay",
      "response_date": [
        "February",
        "19",
        " 2018"
      ],
      "review": "Good",
      "review_date": [
        "February",
        "13",
        " 2018"
      ]
    },
    {
      "REQ_subtype": "",
      "REQ_type": "",
      "_id": 138,
      "author_id": "not defined",
      "author_name": "Maharshi Patel",
      "helpful": "1",
      "polarity": "",
      "rate": 5,
      "response": "Thanks, Maharishi.",
      "response_date": [
        "February",
        "19",
        " 2018"
      ],
      "review": "Exellent",
      "review_date": [
        "February",
        "15",
        " 2018"
      ]
    },
    {
      "REQ_subtype": "",
      "REQ_type": "",
      "_id": 139,
      "author_id": "not defined",
      "author_name": "Krisna Drahma",
      "helpful": "5",
      "polarity": "",
      "rate": 3,
      "response": "Thanks for the feedback, Krisna. Your comments are highly appreciated and will be considered for future releases.",
      "response_date": [
        "February",
        "18",
        " 2018"
      ],
      "review": "Great app, yet still not good enough. There are some important tools that need to be add quickly, like changing line weight, changing the dimension's dimension (the arrow and the number are too small. Very hard to read if you export it to pdf). No hatch tools. Why don't you guys make it at least it can function like autocad 2000. Nowadays tablet are much more powerfull than a full pc back then.",
      "review_date": [
        "February",
        "8",
        " 2018"
      ]
    },
    {
      "REQ_subtype": "",
      "REQ_type": "",
      "_id": 140,
      "author_id": "not defined",
      "author_name": "Reece Bosher",
      "helpful": "0",
      "polarity": "",
      "rate": 3,
      "response": "All of the features that are available for Premium users are available during the trial. We would like to look into this issue. Please, reach us at  feedback.pro@autocadmobile.com",
      "response_date": [
        "February",
        "19",
        " 2018"
      ],
      "review": "i couldn't edit the length or size of a drawing using the click and edit with number pad method. i couild get the number pad up, b ut wouldn't let me edit it at all. i am using the trial atm, could this be the issue? i best not be cuz thats not that great really is it.",
      "review_date": [
        "February",
        "12",
        " 2018"
      ]
    },
    {
      "REQ_subtype": "",
      "REQ_type": "",
      "_id": 141,
      "author_id": "not defined",
      "author_name": "Shankey Rana",
      "helpful": "0",
      "polarity": "",
      "rate": 3,
      "response": "",
      "response_date": "",
      "review": "AutoCad 360 works perfectly fine in Apple products but in Android this update crashes everytime. So much lagging. Please fix this issue as soon as possible. thanks in advance.",
      "review_date": [
        "February",
        "5",
        " 2018"
      ]
    },
    {
      "REQ_subtype": "",
      "REQ_type": "",
      "_id": 142,
      "author_id": "not defined",
      "author_name": "Tyler Ingram",
      "helpful": "0",
      "polarity": "",
      "rate": 2,
      "response": "",
      "response_date": "",
      "review": "Not great sensitivity on touch controls. Know it's not, but feels scammy to list an app as \"Free with in-app purchases\" when the IAP's are \"being able to use the app whatsoever.\"",
      "review_date": [
        "February",
        "5",
        " 2018"
      ]
    },
    {
      "REQ_subtype": "",
      "REQ_type": "",
      "_id": 143,
      "author_id": "not defined",
      "author_name": "Tony C",
      "helpful": "0",
      "polarity": "",
      "rate": 1,
      "response": "Hi Tony, if you have purchased account via Google Play store, it should appear in your subscriptions.",
      "response_date": [
        "February",
        "1",
        " 2018"
      ],
      "review": "No option to cancel pro subscription, unless I change my payment info for everything. Doesn't show up in wallet subscriptions, they take directly out Of PayPal, very shady.  Update: Still the same, I've tried contacting customer service and there is still no option of cancelling.  Still does not show up in subscriptions and now they take from attached credit card, not paypal as my paypal has recently been cancelled.  They have no way of cancelling a subscription from their end and keep telling me to cancel through google.  I've given them all the info they should need to cancel and they have not made any attempt to help.  This has been going on for years all the while charging me 5.30 a month.  They are stealing from me and don't care about it.  The only solution for me is to cancel my google play account and start from scratch, losing everything.  This is piss poor work at best.  Edit: yes it should show up but it doesn't and this is the problem I've been having, I've sent numerous emails, reported this app to Google reported to better business bureau, I get standard replies with \"go to Google subscriptions and cancel from there\" that's all you have for an answer, you have been stealing from me and have made no attempt to fix it.",
      "review_date": [
        "February",
        "1",
        " 2018"
      ]
    },
    {
      "REQ_subtype": "",
      "REQ_type": "",
      "_id": 144,
      "author_id": "not defined",
      "author_name": "Mike The Sparky",
      "helpful": "1",
      "polarity": "",
      "rate": 1,
      "response": "It is clearly stated in the app description that there are both Free and Premium/Ultimate (paid) versions.",
      "response_date": [
        "February",
        "1",
        " 2018"
      ],
      "review": "I'm sorry but this is not fken free is you have pay for it. False advertising",
      "review_date": [
        "January",
        "30",
        " 2018"
      ]
    },
    {
      "REQ_subtype": "",
      "REQ_type": "",
      "_id": 145,
      "author_id": "not defined",
      "author_name": "Gaurav Dhale",
      "helpful": "0",
      "polarity": "",
      "rate": 5,
      "response": "Sorry for this. Issue is now resolved.",
      "response_date": [
        "January",
        "24",
        " 2018"
      ],
      "review": "Each time I open the app, I have to log in again. Wastes a lot of time. Never happened before in all the years I've been using it.",
      "review_date": [
        "February",
        "11",
        " 2018"
      ]
    },
    {
      "REQ_subtype": "",
      "REQ_type": "",
      "_id": 146,
      "author_id": "not defined",
      "author_name": "justin allen",
      "helpful": "1",
      "polarity": "",
      "rate": 2,
      "response": "Hey Justin, please tell us more feedback.pro@autocadmobile.com\nWe will be happy to assist.",
      "response_date": [
        "February",
        "18",
        " 2018"
      ],
      "review": "why does it keep saying my e-mail is not valid",
      "review_date": [
        "February",
        "10",
        " 2018"
      ]
    },
    {
      "REQ_subtype": "",
      "REQ_type": "",
      "_id": 147,
      "author_id": "not defined",
      "author_name": "Kyle Elsner",
      "helpful": "0",
      "polarity": "",
      "rate": 1,
      "response": "",
      "response_date": "",
      "review": "For an app with \"free\" in the title, you'd think that the most useful features would be free, but they're for premium users only ($99/ year)",
      "review_date": [
        "February",
        "8",
        " 2018"
      ]
    },
    {
      "REQ_subtype": "",
      "REQ_type": "",
      "_id": 148,
      "author_id": "not defined",
      "author_name": "A Google user",
      "helpful": "0",
      "polarity": "",
      "rate": 1,
      "response": "You can choose to stay free.",
      "response_date": [
        "February",
        "18",
        " 2018"
      ],
      "review": "its a free app but you have to buy the soft ware not very kind i got really excited",
      "review_date": [
        "February",
        "6",
        " 2018"
      ]
    },
    {
      "REQ_subtype": "",
      "REQ_type": "",
      "_id": 149,
      "author_id": "not defined",
      "author_name": "Clarke Whillans",
      "helpful": "1",
      "polarity": "",
      "rate": 4,
      "response": "Thanks for your feedback. We are aware of this need and will take it into consideration for future releases.",
      "response_date": [
        "February",
        "18",
        " 2018"
      ],
      "review": "The app is great but would be better if there was a 3d drawing feature",
      "review_date": [
        "February",
        "2",
        " 2018"
      ]
    },
    {
      "REQ_subtype": "",
      "REQ_type": "",
      "_id": 150,
      "author_id": "not defined",
      "author_name": "Rafael Lemieszek Pinheiro",
      "helpful": "0",
      "polarity": "",
      "rate": 1,
      "response": "",
      "response_date": "",
      "review": "Can't open \"large\" files (normal sized projects ~12mb file) unless you're premium.",
      "review_date": [
        "February",
        "1",
        " 2018"
      ]
    },
    {
      "REQ_subtype": "",
      "REQ_type": "",
      "_id": 151,
      "author_id": "not defined",
      "author_name": "A Google user",
      "helpful": "0",
      "polarity": "",
      "rate": 1,
      "response": "Hey, would you like to share what difficulties you've encountered here or at feedback.pro@autocadmobile.com",
      "response_date": [
        "February",
        "18",
        " 2018"
      ],
      "review": "This app very dumb in opening",
      "review_date": [
        "February",
        "3",
        " 2018"
      ]
    },
    {
      "REQ_subtype": "",
      "REQ_type": "",
      "_id": 152,
      "author_id": "not defined",
      "author_name": "A Google user",
      "helpful": "9",
      "polarity": "",
      "rate": 4,
      "response": "Thanks for the feedback.",
      "response_date": [
        "January",
        "25",
        " 2018"
      ],
      "review": "3 points tangent add pls",
      "review_date": [
        "January",
        "24",
        " 2018"
      ]
    },
    {
      "REQ_subtype": "",
      "REQ_type": "",
      "_id": 153,
      "author_id": "not defined",
      "author_name": "Narayan Ladva",
      "helpful": "1",
      "polarity": "",
      "rate": 4,
      "response": "",
      "response_date": "",
      "review": "Display not working point to size  Select the line don't sowing line size",
      "review_date": [
        "January",
        "25",
        " 2018"
      ]
    },
    {
      "REQ_subtype": "",
      "REQ_type": "",
      "_id": 154,
      "author_id": "not defined",
      "author_name": "Lu Mon",
      "helpful": "0",
      "polarity": "",
      "rate": 5,
      "response": "Follow this link: https://www.autodesk.com/products/autocad-mobile/free-trial",
      "response_date": [
        "May",
        "9",
        " 2018"
      ],
      "review": "Can I use free this app after 7 days premium trial? How?",
      "review_date": [
        "May",
        "7",
        " 2018"
      ]
    },
    {
      "REQ_subtype": "",
      "REQ_type": "",
      "_id": 155,
      "author_id": "not defined",
      "author_name": "Bryan Kelly",
      "helpful": "0",
      "polarity": "",
      "rate": 1,
      "response": "Hi Bryan, it is required in order to keep your files secure.",
      "response_date": [
        "February",
        "18",
        " 2018"
      ],
      "review": "Why do I need to log in to just view a DWG file?",
      "review_date": [
        "February",
        "5",
        " 2018"
      ]
    },
    {
      "REQ_subtype": "",
      "REQ_type": "",
      "_id": 156,
      "author_id": "not defined",
      "author_name": "A Google user",
      "helpful": "5",
      "polarity": "",
      "rate": 5,
      "response": "Thank you!",
      "response_date": [
        "January",
        "24",
        " 2018"
      ],
      "review": "This app is a great app for learning",
      "review_date": [
        "January",
        "23",
        " 2018"
      ]
    },
    {
      "REQ_subtype": "",
      "REQ_type": "",
      "_id": 157,
      "author_id": "not defined",
      "author_name": "Ravi Kumar",
      "helpful": "0",
      "polarity": "",
      "rate": 1,
      "response": "Hey Ravi, trial version is completely free.",
      "response_date": [
        "February",
        "18",
        " 2018"
      ],
      "review": "For trail version also charging Rs 50",
      "review_date": [
        "February",
        "3",
        " 2018"
      ]
    },
    {
      "REQ_subtype": "",
      "REQ_type": "",
      "_id": 158,
      "author_id": "not defined",
      "author_name": "ramgumar s",
      "helpful": "0",
      "polarity": "",
      "rate": 1,
      "response": "Hey, could please provide more details at feedback.pro@autocadmobile.com\nWe would be happy to assist you.",
      "response_date": [
        "February",
        "18",
        " 2018"
      ],
      "review": "This app doesn't exits with my mail id's",
      "review_date": [
        "February",
        "8",
        " 2018"
      ]
    },
    {
      "REQ_subtype": "",
      "REQ_type": "",
      "_id": 159,
      "author_id": "not defined",
      "author_name": "ravi kanth",
      "helpful": "1",
      "polarity": "",
      "rate": 4,
      "response": "",
      "response_date": "",
      "review": "How to save the file in my gallery",
      "review_date": [
        "January",
        "26",
        " 2018"
      ]
    }
  ],
  "size": "24",
  "url": "https://play.google.com/store/apps/details?id=com.autodesk.autocadws",
  "version": "4.5.18"
}