{
  "categories": [
    "Lifestyle"
  ],
  "description": "MyDressing is the fashion closet you need in order to build, enhance and share your most beautiful outfits anywhere and any time. With MyDressing, you will never forget an outfit again!* Add your clothes by taking pictures of them or importing an image from your gallery!* Easily crop your clothes out of the pictures* Create your most beautiful outfits to stay trendy* Share them with your friends on Facebook, Twitter, Pinterest or mail...* Beautify your outfits by customizing the background color* Create collections to organize all the outfits you've created* Browse your clothes and your outfits from anywhereFeatured in: Cosmopolitan, Glamour, Look, The Guardian, TechTudo, Irish Examiner, WSVN...Contact us:- Email: team@mydressing.co- Twitter: https://twitter.com/mydressingapp- Facebook: https://www.facebook.com/mydressingapp",
  "inc": "Alexandre THOMAS",
  "intalled_count": "500,000",
  "last_update": [
    "January",
    "26",
    " 2017"
  ],
  "name": "My Dressing - Fashion closet",
  "offered_by": "Google Commerce Ltd",
  "permissions": {
    "Photos/Media/Files": [
      "read the contents of your USB storage",
      "modify or delete the contents of your USB storage"
    ],
    "Storage": [
      "read the contents of your USB storage",
      "modify or delete the contents of your USB storage"
    ],
    "Other": [
      "view network connections",
      "create accounts and set passwords",
      "full network access",
      "prevent device from sleeping",
      "toggle sync on and off",
      "view network connections",
      "create accounts and set passwords",
      "full network access",
      "toggle sync on and off",
      "view network connections",
      "full network access"
    ]
  },
  "price": "",
  "rate": [
    [
      "12,430",
      "4.1"
    ],
    [
      "6,648",
      "5"
    ],
    [
      "3,141",
      "4"
    ],
    [
      "1,129",
      "3"
    ],
    [
      "522",
      "2"
    ],
    [
      "990",
      "1"
    ]
  ],
  "required_android": "Varies with",
  "reviews": [
    {
      "REQ_subtype": "",
      "REQ_type": "",
      "_id": 0,
      "author_id": "not defined",
      "author_name": "Andrea B",
      "helpful": "2",
      "polarity": "",
      "rate": 4,
      "response": "",
      "response_date": "",
      "review": "I came across this app by coincidence, because I wanted to clean up my \ncloset and reorganize my wardrobe. It takes some time to take all the \npictures, but it is totally worh it! After a short time you can already see \nin one glimpse which of your clothes are not compatible with the others and \nwhich ones you are never wearing. Also, you can now memorize the great \noutfits you have put together. Great app and a must-have for every woman!",
      "review_date": [
        "May",
        "22",
        " 2018"
      ]
    },
    {
      "REQ_subtype": "",
      "REQ_type": "",
      "_id": 1,
      "author_id": "not defined",
      "author_name": "Sara Tyberg",
      "helpful": "42",
      "polarity": "",
      "rate": 3,
      "response": "",
      "response_date": "",
      "review": "I prefer this app compared to other closet organization apps for its minimalist interface and finger-tracing cropping function. HOWEVER, sub-categories should not be required for putting something in a category, and you should be able to create new categories from the screen after cropping an outfit. Also, there should be a option to add tags to each entry and a search function to search by tags. Tapping the \"Clothes\" tab should also reset the type sort filter.",
      "review_date": [
        "May",
        "17",
        " 2017"
      ]
    },
    {
      "REQ_subtype": "",
      "REQ_type": "",
      "_id": 2,
      "author_id": "not defined",
      "author_name": "a bell",
      "helpful": "32",
      "polarity": "",
      "rate": 1,
      "response": "",
      "response_date": "",
      "review": "I could not access pictures on my laptop, only on my phone.The backup issues were concerning. I thought that it would help if I paid for the upgrade. I also wrote an email. I never got a response back. Judging by the other reviews, it looks like I am not the only one who has had these issues. I can't believe that a company would simply ignore questions.  Switched to Your Closet. Looking at their reviews, they respond to questions from their customers. It also has good info about backing up and access.   Whew.",
      "review_date": [
        "June",
        "16",
        " 2017"
      ]
    },
    {
      "REQ_subtype": "",
      "REQ_type": "",
      "_id": 3,
      "author_id": "not defined",
      "author_name": "A Google user",
      "helpful": "53",
      "polarity": "",
      "rate": 4,
      "response": "",
      "response_date": "",
      "review": "Love the app!  When it comes to sorting clothes it seems funny that you have to have a subcategory.  So when you nake a new category, you actaully have to make a new subcatefory as well before the category can work.  Would like to see the possibility of being able to tag outfits under multiple categories. As well its kinda annoying to have to name each outfit.  If that were optional that would be nice.  Naming categories is good enough. As well it would be nice to be able to edit the pic after trimming.",
      "review_date": [
        "March",
        "20",
        " 2017"
      ]
    },
    {
      "REQ_subtype": "",
      "REQ_type": "",
      "_id": 4,
      "author_id": "not defined",
      "author_name": "A Google user",
      "helpful": "8",
      "polarity": "",
      "rate": 2,
      "response": "",
      "response_date": "",
      "review": "Loved everything about this app except the fact that you cannot back up your items or outfits even though they claim it has the backup feature. It does have the backup feature but it does not work. When I click on backup nothing happens and after 5 minutes it says connection timed out. I have a perfectly good internet/mobile connection and I don't have any trouble using any other apps! After doing tons of work and taking many many photos I was unable to get my photos or outfits into this app after replacing my phone. I wrote several emails asking for help or a fix for this issue and did not receive a response.",
      "review_date": [
        "November",
        "1",
        " 2017"
      ]
    },
    {
      "REQ_subtype": "",
      "REQ_type": "",
      "_id": 5,
      "author_id": "not defined",
      "author_name": "Athalia Mt",
      "helpful": "2",
      "polarity": "",
      "rate": 2,
      "response": "",
      "response_date": "",
      "review": "The app is better than most of the  similar apps in market (design, cropping). BUT you can't back up your data! I just paid 4\u20ac for synchronization function. That doesn't work either. Judging from all the ratings, contacting the developers team won't change anything either. Such a waste of money and time...",
      "review_date": [
        "November",
        "20",
        " 2017"
      ]
    },
    {
      "REQ_subtype": "",
      "REQ_type": "",
      "_id": 6,
      "author_id": "not defined",
      "author_name": "Jade Nobles",
      "helpful": "3",
      "polarity": "",
      "rate": 3,
      "response": "",
      "response_date": "",
      "review": "I like the concept and the app functions well. I catalog my clothes and make my outfits for the week so I'm not trying to figure out what's in my closet while I'm running late for work. I keep the previous weeks so I don't repeat the same outfits week after week.   I think there could be some improvements to make the app more advanced and appealing. The clipping feature could be advanced. When making outfits, the clothing items I'm selecting from are tiny and are hard to distinguish items that look similar. Appearance of the app is pretty basic.",
      "review_date": [
        "December",
        "6",
        " 2017"
      ]
    },
    {
      "REQ_subtype": "",
      "REQ_type": "",
      "_id": 7,
      "author_id": "not defined",
      "author_name": "Chelsea Randall",
      "helpful": "9",
      "polarity": "",
      "rate": 4,
      "response": "",
      "response_date": "",
      "review": "Liked that I can crop photos of my apparel and then make little outfit sheets. However, I wish there were more ways to sort individual items into multiple categories and not just outfits (ex. One skirt is good for fall and spring, is good for weekend wear, and fits into a goth section of my wardrobe). I want to be able to sort by tag but currently there is no way to do that as far as I can see. Otherwise I like it a lot and it's helping me craft my capsule wardrobes.",
      "review_date": [
        "August",
        "17",
        " 2017"
      ]
    },
    {
      "REQ_subtype": "",
      "REQ_type": "",
      "_id": 8,
      "author_id": "not defined",
      "author_name": "caroline suzuki",
      "helpful": "5",
      "polarity": "",
      "rate": 2,
      "response": "",
      "response_date": "",
      "review": "I like this and always come back to this app when it comes to closet organising. This app will be 5 stat if the app had zoom-in bubble pop when cropping as my phone screen isn't big and I want to crop photos without going over my clothes. Also edit the crop after validation would be nice [edit on 3 Dec 2017] I am trying to do a backup but it seams to be like not working and I tried to search online but it came up that the developer is gone judging by the fact the official website is under pending deletion.... Don't want to repeat the cropping process when I get new phone and other apps always have extra that I don't need so please comeback",
      "review_date": [
        "December",
        "3",
        " 2017"
      ]
    },
    {
      "REQ_subtype": "",
      "REQ_type": "",
      "_id": 9,
      "author_id": "not defined",
      "author_name": "Lidia",
      "helpful": "0",
      "polarity": "",
      "rate": 5,
      "response": "",
      "response_date": "",
      "review": "Fun, easy to use, very helpful when you need to mix and match and create new outfits out of old stuff. I didn't realize I had so much clothes and now I actually wear everything. Also helps me see what items I need to buy to add to my wardrobe and it saves so much time when I have no idea what to wear!",
      "review_date": [
        "April",
        "1",
        " 2017"
      ]
    },
    {
      "REQ_subtype": "",
      "REQ_type": "",
      "_id": 10,
      "author_id": "not defined",
      "author_name": "Michael De Luca",
      "helpful": "8",
      "polarity": "",
      "rate": 3,
      "response": "",
      "response_date": "",
      "review": "Not sure if the developer is maintaining this as much as they should be. The app itself is pretty good, but rigid in context. You can't tag where you are storing your items, and there is no search, just filtering. The biggest issue is that all forms of backup, restore, or syncing, is broken, even with the premium purchase (I requested a refund from Google). Use Helium to backup this app and restore it to any Android device, regardless of Google or My Dressing account.",
      "review_date": [
        "April",
        "9",
        " 2017"
      ]
    },
    {
      "REQ_subtype": "",
      "REQ_type": "",
      "_id": 11,
      "author_id": "not defined",
      "author_name": "A Google user",
      "helpful": "0",
      "polarity": "",
      "rate": 4,
      "response": "",
      "response_date": "",
      "review": "Wow, I wish I had this app earlier. Im able to see all my pieces while laying in bed ir when I'm out shopping. Now there's no repeat buying and my wardrobe is more organized. I do wish it allowed you to select the colors when you are entering in new pieces but overall, you cannot go wrong with this app.",
      "review_date": [
        "August",
        "24",
        " 2017"
      ]
    },
    {
      "REQ_subtype": "",
      "REQ_type": "",
      "_id": 12,
      "author_id": "not defined",
      "author_name": "Julia Hardy",
      "helpful": "2",
      "polarity": "",
      "rate": 3,
      "response": "",
      "response_date": "",
      "review": "Great for deciding outfits for work while watching TV and a godsend for shopping. Love it! However, would be great if anyone actually read and acted on the suggested improvements in the in-app log. DO NOT pay for the premium version. Back ups do not work and they don't respond to messages.",
      "review_date": [
        "September",
        "15",
        " 2017"
      ]
    },
    {
      "REQ_subtype": "",
      "REQ_type": "",
      "_id": 13,
      "author_id": "not defined",
      "author_name": "Rachel DeCraene",
      "helpful": "0",
      "polarity": "",
      "rate": 4,
      "response": "",
      "response_date": "",
      "review": "This app has everything I want and is so easy to use!! It makes planning outfits for an event easy and convenient. My only complaint is there are a few bugs after the new update, but it does what I need. Update: I got a new phone and none of my saved pictures or outfits transfered.",
      "review_date": [
        "April",
        "5",
        " 2018"
      ]
    },
    {
      "REQ_subtype": "",
      "REQ_type": "",
      "_id": 14,
      "author_id": "not defined",
      "author_name": "Ann M",
      "helpful": "8",
      "polarity": "",
      "rate": 1,
      "response": "Hi Ann, we didn't see your email. Could you contact us at support@mydressing.co , we'll do our best to help you. Thanks ",
      "response_date": [
        "December",
        "9",
        " 2015"
      ],
      "review": "I used this to create a wardrobe capsule for an upcoming trip. The app features could use considerable improvement. I paid $3.99 for the syncing feature when changing phones, and it was a waste of money because nothing transferred over. I contacted the developers about it several times over the course of a few months, but never received a response...",
      "review_date": [
        "September",
        "6",
        " 2017"
      ]
    },
    {
      "REQ_subtype": "",
      "REQ_type": "",
      "_id": 15,
      "author_id": "not defined",
      "author_name": "Lydia Neece",
      "helpful": "4",
      "polarity": "",
      "rate": 1,
      "response": "",
      "response_date": "",
      "review": "I used to love this app until I got a new phone and found out that it is impossible to transfer your wardrobe to the new device. It is also impossible to get any sort of help our tech support. No responses to postings are emails. No instructions anywhere. I went to  the  cell phone provider for Tech help and they spent half an hour  and could not figure out how to do it. The app is easy to use until you need something.",
      "review_date": [
        "May",
        "12",
        " 2017"
      ]
    },
    {
      "REQ_subtype": "",
      "REQ_type": "",
      "_id": 16,
      "author_id": "not defined",
      "author_name": "Dorothy Gilmore",
      "helpful": "11",
      "polarity": "",
      "rate": 2,
      "response": "",
      "response_date": "",
      "review": "It is easy and helpful. However, I change phones every year. I paid to be able to login from a new device and back up my photos and outfits. This hasn't worked ONCE. This is my last time trying. And I have never been able to get any response from the makers on the issue. I'll find another app.",
      "review_date": [
        "March",
        "26",
        " 2017"
      ]
    },
    {
      "REQ_subtype": "",
      "REQ_type": "",
      "_id": 17,
      "author_id": "not defined",
      "author_name": "Arami Anwell",
      "helpful": "23",
      "polarity": "",
      "rate": 3,
      "response": "",
      "response_date": "",
      "review": "I bought the paid version in order to save all of the hours I put into added items and when I try to use this feature, the program stops working.  I had more fun taking pictures of completed outfits and saving them to the app as if they were an item.",
      "review_date": [
        "February",
        "5",
        " 2017"
      ]
    },
    {
      "REQ_subtype": "",
      "REQ_type": "",
      "_id": 18,
      "author_id": "not defined",
      "author_name": "g owens",
      "helpful": "9",
      "polarity": "",
      "rate": 5,
      "response": "",
      "response_date": "",
      "review": "Love it! The only thing is I wish they would add a feature where it would tell me which pieces I use the least/don't use. So this way I could keep pieces from getting forgotten about, or help me get rid of them to make room for the ones I do use.",
      "review_date": [
        "February",
        "21",
        " 2017"
      ]
    },
    {
      "REQ_subtype": "",
      "REQ_type": "",
      "_id": 19,
      "author_id": "not defined",
      "author_name": "A Google user",
      "helpful": "0",
      "polarity": "",
      "rate": 5,
      "response": "",
      "response_date": "",
      "review": "I just started using it after downloading it years ago. Will come back with actual review. I wanted to build an app where I have ny whole wardrobe and can decide what to wear at ease. Viola! I found my dressing. So thank you :)",
      "review_date": [
        "May",
        "17",
        " 2017"
      ]
    },
    {
      "REQ_subtype": "",
      "REQ_type": "",
      "_id": 20,
      "author_id": "not defined",
      "author_name": "Raymond Onwunali",
      "helpful": "4",
      "polarity": "",
      "rate": 5,
      "response": "",
      "response_date": "",
      "review": "Material design, online sync. My dreams of the best digital closet so had come true.  I wiped my phone without having saved any of my pics, I opened the app logged in and it restored all my clothes. I purchased the premium version instantly. It saved me hours of hard labour.",
      "review_date": [
        "February",
        "8",
        " 2017"
      ]
    },
    {
      "REQ_subtype": "",
      "REQ_type": "",
      "_id": 21,
      "author_id": "not defined",
      "author_name": "Jennifer Zelm",
      "helpful": "1",
      "polarity": "",
      "rate": 2,
      "response": "",
      "response_date": "",
      "review": "App was great until I needed to use it on a different phone. Backup and sync won't work at all. So now I'll have to redo everything but on a different app that can be backed up. This was money wasted and Google won't refund you. Also from reading other reviews the app developer won't respond to emails. If you ever plan on getting a different phone don't waste your time or money on this app.",
      "review_date": [
        "May",
        "31",
        " 2017"
      ]
    },
    {
      "REQ_subtype": "",
      "REQ_type": "",
      "_id": 22,
      "author_id": "not defined",
      "author_name": "k\u00f6ktze se\u00e7kin",
      "helpful": "0",
      "polarity": "",
      "rate": 5,
      "response": "",
      "response_date": "",
      "review": "this is one of the most useful apps on my phone. i started to clean my wardrope and get into a capsule-wardrobe-ish thing a year ago. i cleaned very well, kept up the cleaning in the shoes sections and etc. i started buying more quality things with a higher price but it is definitely worth it. the thing is, you can get into the mood where you just moan and stand in front of your closets \"i have nothing to wear\" and can't just compose outfits. thanks to this app, i can see what i have, what can i wear for certain moods. it is pure genius! plus it saved me money by helping me shop smart",
      "review_date": [
        "October",
        "8",
        " 2017"
      ]
    },
    {
      "REQ_subtype": "",
      "REQ_type": "",
      "_id": 23,
      "author_id": "not defined",
      "author_name": "kridjiti desai",
      "helpful": "0",
      "polarity": "",
      "rate": 2,
      "response": "",
      "response_date": "",
      "review": "Pointless. I was expecting an app where I could plan outfits but instead \nit's just a collection of all my clothes. If I wanted that I would just \nlook in my closet irl.",
      "review_date": [
        "May",
        "11",
        " 2018"
      ]
    },
    {
      "REQ_subtype": "",
      "REQ_type": "",
      "_id": 24,
      "author_id": "not defined",
      "author_name": "Joy Esmalskade",
      "helpful": "0",
      "polarity": "",
      "rate": 2,
      "response": "",
      "response_date": "",
      "review": "At first i loved the idea, but een after paying synchronisation never worked for me and with every device I got I had to start my photos from scratch. It is very annoying and takes a lit of time! My messages about bugs with synchronisation have never been answered. I have now to switch to another app which does the same, but is able to synchronise and backup.",
      "review_date": [
        "November",
        "27",
        " 2017"
      ]
    },
    {
      "REQ_subtype": "",
      "REQ_type": "",
      "_id": 25,
      "author_id": "not defined",
      "author_name": "Pablo Arias",
      "helpful": "3",
      "polarity": "",
      "rate": 3,
      "response": "",
      "response_date": "",
      "review": "I like the app, but the sync option isn't working! I need it to work because I use the app in 2 different cellphones and I need it synched. Please solve this because the only reason I went premium was because of the sync option which it ISN'T working. If I don't get it to work, I will ask a refund",
      "review_date": [
        "March",
        "10",
        " 2017"
      ]
    },
    {
      "REQ_subtype": "",
      "REQ_type": "",
      "_id": 26,
      "author_id": "not defined",
      "author_name": "Jessica",
      "helpful": "0",
      "polarity": "",
      "rate": 2,
      "response": "",
      "response_date": "",
      "review": "Not as flexible or powerful or intuitive as other free alternatives. You can back up and crop the backgrounds, but you can't add sub-categories or detailed notes. Going with different app.",
      "review_date": [
        "January",
        "10",
        " 2018"
      ]
    },
    {
      "REQ_subtype": "",
      "REQ_type": "",
      "_id": 27,
      "author_id": "not defined",
      "author_name": "Johanna Lesley",
      "helpful": "0",
      "polarity": "",
      "rate": 2,
      "response": "",
      "response_date": "",
      "review": "I used this app last year and everything was great but now today when I reinstalled it and I take a photo of my outfit it gives me an alert that I need to create an item first. I press okay and then it goes back to the main screen what's the deal?",
      "review_date": [
        "July",
        "11",
        " 2017"
      ]
    },
    {
      "REQ_subtype": "",
      "REQ_type": "",
      "_id": 28,
      "author_id": "not defined",
      "author_name": "Isabelle Medina",
      "helpful": "0",
      "polarity": "",
      "rate": 5,
      "response": "",
      "response_date": "",
      "review": "It can do everything I want it to except one thing, I wish it would pick out my outfit for me. But otherwise it is a amazing app and u should get it.",
      "review_date": [
        "June",
        "27",
        " 2017"
      ]
    },
    {
      "REQ_subtype": "",
      "REQ_type": "",
      "_id": 29,
      "author_id": "not defined",
      "author_name": "Miss Foster",
      "helpful": "0",
      "polarity": "",
      "rate": 4,
      "response": "",
      "response_date": "",
      "review": "Now i can worry about other things, but not what I'm going to wear! I can remember what looked good with what so that i can spend less precious time in front of the mirror. Very useful.",
      "review_date": [
        "March",
        "4",
        " 2017"
      ]
    },
    {
      "REQ_subtype": "",
      "REQ_type": "",
      "_id": 30,
      "author_id": "not defined",
      "author_name": "Rachel Laitala",
      "helpful": "0",
      "polarity": "",
      "rate": 1,
      "response": "",
      "response_date": "",
      "review": "The app is great if you don't want it to back up anything you add to it and do not want to be able to transfer your data to another phone. DO NOT pay for it. I have reached out to their support team numerous times and have NEVER heard anything back.",
      "review_date": [
        "July",
        "4",
        " 2017"
      ]
    },
    {
      "REQ_subtype": "",
      "REQ_type": "",
      "_id": 31,
      "author_id": "not defined",
      "author_name": "Lauren King",
      "helpful": "11",
      "polarity": "",
      "rate": 1,
      "response": "",
      "response_date": "",
      "review": "Great app, aside from major issues with backup and sync (\"invalid session token\" notice when I try to backup, even though I paid for premium, and sync never works), and issues with inaccurate background colors (why no BASIC BLACK?) even when you purchase the whole color pack, and inability to assign outfits to more than one season...okay, so not a perfect app.  But it does the job I want it to do.  But the constant \"rate this app\" nag every time it loads is super, super annoying.  I rated the app in the app store and it STILL nags for a rating every time I open it.  Would have given it 2 or even 3 stars, but the irritating nag drops my rating down to 1 star.",
      "review_date": [
        "February",
        "21",
        " 2017"
      ]
    },
    {
      "REQ_subtype": "",
      "REQ_type": "",
      "_id": 32,
      "author_id": "not defined",
      "author_name": "Shai Brown",
      "helpful": "5",
      "polarity": "",
      "rate": 2,
      "response": "",
      "response_date": "",
      "review": "Was great. Now it changes the background color of garments. You can't resize in collection mode.  Deleted items reappear.    Would like to have multiple closets, sort by background color, arrange order of garments",
      "review_date": [
        "November",
        "26",
        " 2017"
      ]
    },
    {
      "REQ_subtype": "",
      "REQ_type": "",
      "_id": 33,
      "author_id": "not defined",
      "author_name": "Huda Minhaj",
      "helpful": "3",
      "polarity": "",
      "rate": 1,
      "response": "",
      "response_date": "",
      "review": "Have been trying to contact support for months about syncing and restore even though i have a premium account. Still doesnt work even after the update and wont let me even log in to another device.",
      "review_date": [
        "March",
        "12",
        " 2017"
      ]
    },
    {
      "REQ_subtype": "",
      "REQ_type": "",
      "_id": 34,
      "author_id": "not defined",
      "author_name": "Mei-An Hoe",
      "helpful": "1",
      "polarity": "",
      "rate": 4,
      "response": "",
      "response_date": "",
      "review": "Handy app, but having seen the competition it would be nice to have a few more features! Like being able to tag items e.g. by colour, calendar view so you can plan ahead, and having an (optional) auto crop option, which looks like it would give a more accurate crop than a finger on a smartphone screen. Also having a laptop/ desktop-friendly version would be useful, as at the moment it only seems to be accessible by smartphone or tablet. That said, it's been lots of fun cataloging my wardrobe and has made creating outfits much simpler!",
      "review_date": [
        "March",
        "5",
        " 2017"
      ]
    },
    {
      "REQ_subtype": "",
      "REQ_type": "",
      "_id": 35,
      "author_id": "not defined",
      "author_name": "A Google user",
      "helpful": "0",
      "polarity": "",
      "rate": 4,
      "response": "",
      "response_date": "",
      "review": "It not only helps you organize your closet, it's a great way to see what you have. Making outfits is fun and it's like shopping in your own closet!",
      "review_date": [
        "October",
        "26",
        " 2017"
      ]
    },
    {
      "REQ_subtype": "",
      "REQ_type": "",
      "_id": 36,
      "author_id": "not defined",
      "author_name": "Morgan Peek",
      "helpful": "0",
      "polarity": "",
      "rate": 5,
      "response": "",
      "response_date": "",
      "review": "Its great.  I found out i had to go on a trip last minute and this really helped me organize things and find out what i needed to get.",
      "review_date": [
        "June",
        "7",
        " 2017"
      ]
    },
    {
      "REQ_subtype": "",
      "REQ_type": "",
      "_id": 37,
      "author_id": "not defined",
      "author_name": "mrbigh95838",
      "helpful": "4",
      "polarity": "",
      "rate": 3,
      "response": "",
      "response_date": "",
      "review": "Great app but two major annoyances...1. Had to get my phone repaired so I did the whole back up restore deal, and now it just shows blank boxes where the pictures were (lost well over 200 pictured items). 2. Contacted support numerous times and never got any response...with that said, this is world's greatest closet app if you plan on your phone lasting for infinity years.",
      "review_date": [
        "February",
        "17",
        " 2017"
      ]
    },
    {
      "REQ_subtype": "",
      "REQ_type": "",
      "_id": 38,
      "author_id": "not defined",
      "author_name": "Carrie Wilson",
      "helpful": "0",
      "polarity": "",
      "rate": 3,
      "response": "",
      "response_date": "",
      "review": "I found this app really simple to use- photos uploaded from camera scroll no problem, cropping and editing photos was straightforward and it helps you to organise your closet,  come up with new outfits and see other useful info like brands, cost and when you bought things.   **update** Although I liked the app at first, it is impossible to sync with other devices. I paid for the upgrade, which was a waste of money. The upgrade didn't work, and there was zero support from the app creator(s), despite the fact that I tried to contact them through Play Store, email, and facebook- that was a waste of $5! In short, the initial free app is fine, but don't pay for the upgrade and don't expect to be able to sync between devices. Disappointing.",
      "review_date": [
        "August",
        "3",
        " 2017"
      ]
    },
    {
      "REQ_subtype": "",
      "REQ_type": "",
      "_id": 39,
      "author_id": "not defined",
      "author_name": "A Google user",
      "helpful": "1",
      "polarity": "",
      "rate": 1,
      "response": "",
      "response_date": "",
      "review": "I purchased the premium version so i can have it on more then one device and it keeps crashing when i try to sync it with another device. I have reported Thai several times and they still haven't fixed it!",
      "review_date": [
        "August",
        "5",
        " 2017"
      ]
    },
    {
      "REQ_subtype": "",
      "REQ_type": "",
      "_id": 40,
      "author_id": "not defined",
      "author_name": "Divisha Bera",
      "helpful": "5",
      "polarity": "",
      "rate": 1,
      "response": "",
      "response_date": "",
      "review": "I even purchased the Premium version, still was unable to restore my closet to new phone. I wasted my money and time. Bunch of swindlers",
      "review_date": [
        "February",
        "21",
        " 2017"
      ]
    },
    {
      "REQ_subtype": "",
      "REQ_type": "",
      "_id": 41,
      "author_id": "not defined",
      "author_name": "Vicki Miller",
      "helpful": "0",
      "polarity": "",
      "rate": 1,
      "response": "",
      "response_date": "",
      "review": "It works great unless you change phones. Backup does not work. Wasted money \npaying for premium. No response to help requests.",
      "review_date": [
        "May",
        "20",
        " 2018"
      ]
    },
    {
      "REQ_subtype": "",
      "REQ_type": "",
      "_id": 42,
      "author_id": "not defined",
      "author_name": "Crystal N",
      "helpful": "4",
      "polarity": "",
      "rate": 2,
      "response": "",
      "response_date": "",
      "review": "Updated review: paid for the Premium version so I could sync or backup. Doesn't work!! Waste of money.",
      "review_date": [
        "March",
        "10",
        " 2017"
      ]
    },
    {
      "REQ_subtype": "",
      "REQ_type": "",
      "_id": 43,
      "author_id": "not defined",
      "author_name": "A Google user",
      "helpful": "0",
      "polarity": "",
      "rate": 5,
      "response": "",
      "response_date": "",
      "review": "I found the confusion in how to use this app was with me. I like the app keep improving. God bless and thank you",
      "review_date": [
        "May",
        "28",
        " 2017"
      ]
    },
    {
      "REQ_subtype": "",
      "REQ_type": "",
      "_id": 44,
      "author_id": "not defined",
      "author_name": "Megs Vids",
      "helpful": "1",
      "polarity": "",
      "rate": 5,
      "response": "",
      "response_date": "",
      "review": "I love this app and it is very useful but... I would LOVE if you put in an option so that you can mark an item as clean or dirty THAT WOULD BE AMAZING please answer me back on this I would love feedback and can I get some likes to petition",
      "review_date": [
        "March",
        "28",
        " 2017"
      ]
    },
    {
      "REQ_subtype": "",
      "REQ_type": "",
      "_id": 45,
      "author_id": "not defined",
      "author_name": "Tiffany Walton",
      "helpful": "4",
      "polarity": "",
      "rate": 1,
      "response": "",
      "response_date": "",
      "review": "I've downloaded so many other apps but this one is by far the best one! *originally gave 5 stars but lost all data when it wouldn't backup",
      "review_date": [
        "March",
        "10",
        " 2017"
      ]
    },
    {
      "REQ_subtype": "",
      "REQ_type": "",
      "_id": 46,
      "author_id": "not defined",
      "author_name": "A Google user",
      "helpful": "1",
      "polarity": "",
      "rate": 5,
      "response": "",
      "response_date": "",
      "review": "This app is very easy to use. Snap, categorize and voila!! I'm able to create beautiful collections because now I can visualize, categorize, mix and match everything I have in my closet. The possibilities are endless!",
      "review_date": [
        "February",
        "17",
        " 2017"
      ]
    },
    {
      "REQ_subtype": "",
      "REQ_type": "",
      "_id": 47,
      "author_id": "not defined",
      "author_name": "Penny Jones",
      "helpful": "0",
      "polarity": "",
      "rate": 5,
      "response": "",
      "response_date": "",
      "review": "Very, very easy to use. Really helps you realize what you have and how to combine things. Think this will revolutionize the way I put my clothes together and help me realize what I need to buy.",
      "review_date": [
        "September",
        "26",
        " 2017"
      ]
    },
    {
      "REQ_subtype": "",
      "REQ_type": "",
      "_id": 48,
      "author_id": "not defined",
      "author_name": "A Google user",
      "helpful": "0",
      "polarity": "",
      "rate": 5,
      "response": "",
      "response_date": "",
      "review": "It is so easy to use and super helpful. I spend so much time trying to find \noutfits and now they are at my finger tips. It's fun to organize outfits \nand see what super cute things you can create!\u2764\u2764\u2764",
      "review_date": [
        "July",
        "15",
        " 2018"
      ]
    },
    {
      "REQ_subtype": "",
      "REQ_type": "",
      "_id": 49,
      "author_id": "not defined",
      "author_name": "Chryso f",
      "helpful": "1",
      "polarity": "",
      "rate": 1,
      "response": "",
      "response_date": "",
      "review": "when I tried to restore my data everything was lost. I kept using this app daily and now everything is lost. I m really disappointed",
      "review_date": [
        "August",
        "8",
        " 2017"
      ]
    },
    {
      "REQ_subtype": "",
      "REQ_type": "",
      "_id": 50,
      "author_id": "not defined",
      "author_name": "destiny evans",
      "helpful": "0",
      "polarity": "",
      "rate": 5,
      "response": "",
      "response_date": "",
      "review": "This is the best app for picking out outfits, especially when your fashionable. you don't have to go through the trouble of going though your closet everyday. Put a outfit together on the app and your simply done and life so much easier , I love this app makes my life easier.",
      "review_date": [
        "March",
        "14",
        " 2017"
      ]
    },
    {
      "REQ_subtype": "",
      "REQ_type": "",
      "_id": 51,
      "author_id": "not defined",
      "author_name": "A Google user",
      "helpful": "0",
      "polarity": "",
      "rate": 1,
      "response": "",
      "response_date": "",
      "review": "The app doesnt even work. Each time I try to download outfit examples it \nbuffers as if its uploading but nothing downloads into the dashboard. Fix \nand update your hollow app.",
      "review_date": [
        "July",
        "2",
        " 2018"
      ]
    },
    {
      "REQ_subtype": "",
      "REQ_type": "",
      "_id": 52,
      "author_id": "not defined",
      "author_name": "Margit Selje",
      "helpful": "0",
      "polarity": "",
      "rate": 1,
      "response": "",
      "response_date": "",
      "review": "If you want to save yourself from annoyance, stay clear from this app! It says it has backup function - not working. Pay for synchronization- doesn't work. Don't spend time adding your stuff to this app, once you change device get ready to do it all again.",
      "review_date": [
        "February",
        "20",
        " 2018"
      ]
    },
    {
      "REQ_subtype": "",
      "REQ_type": "",
      "_id": 53,
      "author_id": "not defined",
      "author_name": "Cherilyn Candi McCabe",
      "helpful": "0",
      "polarity": "",
      "rate": 2,
      "response": "",
      "response_date": "",
      "review": "Installed the app and it would not let me upload. Anytime I pushed the ok button to add info the picture just went away. Disappointing! I uninstalled.",
      "review_date": [
        "August",
        "1",
        " 2017"
      ]
    },
    {
      "REQ_subtype": "",
      "REQ_type": "",
      "_id": 54,
      "author_id": "not defined",
      "author_name": "Ana Ram\u00edrez",
      "helpful": "0",
      "polarity": "",
      "rate": 1,
      "response": "",
      "response_date": "",
      "review": "I could not make a restore in my new phone. I have contacted via email and \nI have not got any answer. This app is abandoned",
      "review_date": [
        "June",
        "15",
        " 2018"
      ]
    },
    {
      "REQ_subtype": "",
      "REQ_type": "",
      "_id": 55,
      "author_id": "not defined",
      "author_name": "A Google user",
      "helpful": "0",
      "polarity": "",
      "rate": 4,
      "response": "",
      "response_date": "",
      "review": "It's great! Would love to be able to move a collection item and change its position in the list and also have the ability to remove background with a click. Overall, easy to use and good layout and functionality.",
      "review_date": [
        "August",
        "21",
        " 2017"
      ]
    },
    {
      "REQ_subtype": "",
      "REQ_type": "",
      "_id": 56,
      "author_id": "not defined",
      "author_name": "Kelly Wallace Horne",
      "helpful": "0",
      "polarity": "",
      "rate": 1,
      "response": "",
      "response_date": "",
      "review": "Just logged into it and all the images have gone. The collections are there but no images! That was a waste of time!",
      "review_date": [
        "May",
        "14",
        " 2017"
      ]
    },
    {
      "REQ_subtype": "",
      "REQ_type": "",
      "_id": 57,
      "author_id": "not defined",
      "author_name": "Mlyn J",
      "helpful": "0",
      "polarity": "",
      "rate": 3,
      "response": "",
      "response_date": "",
      "review": "The backup option doesn't work. Everytime I try to, it closes the app. The  developer doesn't respond to messages either.",
      "review_date": [
        "May",
        "1",
        " 2017"
      ]
    },
    {
      "REQ_subtype": "",
      "REQ_type": "",
      "_id": 58,
      "author_id": "not defined",
      "author_name": "Josie P",
      "helpful": "0",
      "polarity": "",
      "rate": 2,
      "response": "",
      "response_date": "",
      "review": "Closet worked well but inability to backup properly or transfer makes this \napp a waste of time.",
      "review_date": [
        "April",
        "21",
        " 2018"
      ]
    },
    {
      "REQ_subtype": "",
      "REQ_type": "",
      "_id": 59,
      "author_id": "not defined",
      "author_name": "Lorena Ibarra",
      "helpful": "0",
      "polarity": "",
      "rate": 5,
      "response": "",
      "response_date": "",
      "review": "I'm new using this app and after trying  some others, I'm liking this one so much. It's helping me a lot matching my clothes and creating outfits for my vacations.",
      "review_date": [
        "June",
        "16",
        " 2017"
      ]
    },
    {
      "REQ_subtype": "",
      "REQ_type": "",
      "_id": 60,
      "author_id": "not defined",
      "author_name": "Alex Berezkin Haimovitch",
      "helpful": "0",
      "polarity": "",
      "rate": 4,
      "response": "",
      "response_date": "",
      "review": "It has almost all the features I was looking for. Some small improvements (like being able to enlarge the the pictures in a list) would make it the perfect app!",
      "review_date": [
        "November",
        "26",
        " 2017"
      ]
    },
    {
      "REQ_subtype": "",
      "REQ_type": "",
      "_id": 61,
      "author_id": "not defined",
      "author_name": "Ma\u0142gorzata Ga\u0142uszka",
      "helpful": "0",
      "polarity": "",
      "rate": 4,
      "response": "",
      "response_date": "",
      "review": "The only thing that annoys me is cutting pictures maybe some eraser instead of cutting?",
      "review_date": [
        "March",
        "24",
        " 2017"
      ]
    },
    {
      "REQ_subtype": "",
      "REQ_type": "",
      "_id": 62,
      "author_id": "not defined",
      "author_name": "Hun Bun",
      "helpful": "0",
      "polarity": "",
      "rate": 4,
      "response": "",
      "response_date": "",
      "review": "Itz very fun 2 mux and match outfits but the colors 4 the background are kinda boring 2 look at",
      "review_date": [
        "July",
        "17",
        " 2017"
      ]
    },
    {
      "REQ_subtype": "",
      "REQ_type": "",
      "_id": 63,
      "author_id": "not defined",
      "author_name": "Makena B.",
      "helpful": "0",
      "polarity": "",
      "rate": 4,
      "response": "",
      "response_date": "",
      "review": "Great app! I wish there was a \"pack a bag feature\" for when you go on \nvacation or something. And an \"auto crop\" feature would be nice for quick \nadding. Other than that. It's really nice!",
      "review_date": [
        "June",
        "2",
        " 2018"
      ]
    },
    {
      "REQ_subtype": "",
      "REQ_type": "",
      "_id": 64,
      "author_id": "not defined",
      "author_name": "Daniella aka Deny",
      "helpful": "0",
      "polarity": "",
      "rate": 5,
      "response": "",
      "response_date": "",
      "review": "This app is amazing, I can't believe how useful it is. It's my favorite app ever. \ud83d\udc4d\ud83d\udc4d\ud83d\udc4c\ud83d\udc9c",
      "review_date": [
        "May",
        "23",
        " 2017"
      ]
    },
    {
      "REQ_subtype": "",
      "REQ_type": "",
      "_id": 65,
      "author_id": "not defined",
      "author_name": "Miss SkippyKay",
      "helpful": "0",
      "polarity": "",
      "rate": 5,
      "response": "",
      "response_date": "",
      "review": "The best thing about this app is being able to easily find what will work with a new item or one you're having trouble matching with",
      "review_date": [
        "November",
        "8",
        " 2017"
      ]
    },
    {
      "REQ_subtype": "",
      "REQ_type": "",
      "_id": 66,
      "author_id": "not defined",
      "author_name": "S Clark",
      "helpful": "0",
      "polarity": "",
      "rate": 2,
      "response": "",
      "response_date": "",
      "review": "It didn't save any of my work when I switched phones.",
      "review_date": [
        "April",
        "1",
        " 2018"
      ]
    },
    {
      "REQ_subtype": "",
      "REQ_type": "",
      "_id": 67,
      "author_id": "not defined",
      "author_name": "Reetika Anand",
      "helpful": "0",
      "polarity": "",
      "rate": 1,
      "response": "",
      "response_date": "",
      "review": "Paid $6 for synchronization across devices and didn't work. Terrible app.",
      "review_date": [
        "February",
        "21",
        " 2018"
      ]
    },
    {
      "REQ_subtype": "",
      "REQ_type": "",
      "_id": 68,
      "author_id": "not defined",
      "author_name": "A Google user",
      "helpful": "0",
      "polarity": "",
      "rate": 5,
      "response": "",
      "response_date": "",
      "review": "It makes it easier to put clothes together for an outfit, especially when your slow in the mornings you can already have an outfit picked out",
      "review_date": [
        "March",
        "25",
        " 2018"
      ]
    },
    {
      "REQ_subtype": "",
      "REQ_type": "",
      "_id": 69,
      "author_id": "not defined",
      "author_name": "Vultir",
      "helpful": "0",
      "polarity": "",
      "rate": 5,
      "response": "",
      "response_date": "",
      "review": "Easy to use, catagories are a bit confusing because you have to have a \nsubcatagory, and i like how it matches the color of your clothes to the \ncolor it puts behind them.",
      "review_date": [
        "May",
        "28",
        " 2018"
      ]
    },
    {
      "REQ_subtype": "",
      "REQ_type": "",
      "_id": 70,
      "author_id": "not defined",
      "author_name": "Julia Lantis",
      "helpful": "1",
      "polarity": "",
      "rate": 1,
      "response": "",
      "response_date": "",
      "review": "Paid for backup feature that doesn't work properly. If it did I'd give the app 5 stars.",
      "review_date": [
        "August",
        "4",
        " 2017"
      ]
    },
    {
      "REQ_subtype": "",
      "REQ_type": "",
      "_id": 71,
      "author_id": "not defined",
      "author_name": "Khumar Ibrahimova",
      "helpful": "0",
      "polarity": "",
      "rate": 1,
      "response": "",
      "response_date": "",
      "review": "I still have no answer concerning the synchronization from you, even though I received \"Thanks for the message, we'll get back soon to you as possible\" and it was on August 16!!!",
      "review_date": [
        "September",
        "1",
        " 2017"
      ]
    },
    {
      "REQ_subtype": "",
      "REQ_type": "",
      "_id": 72,
      "author_id": "not defined",
      "author_name": "Kiera Fernandes",
      "helpful": "0",
      "polarity": "",
      "rate": 5,
      "response": "",
      "response_date": "",
      "review": "Great app and is extremely useful although the lighting changes when I finish taking my picture this usually messes with the outfits design later on",
      "review_date": [
        "June",
        "9",
        " 2017"
      ]
    },
    {
      "REQ_subtype": "",
      "REQ_type": "",
      "_id": 73,
      "author_id": "not defined",
      "author_name": "Albana Telhai",
      "helpful": "0",
      "polarity": "",
      "rate": 5,
      "response": "",
      "response_date": "",
      "review": "You don't know that you need it, till you have it.",
      "review_date": [
        "October",
        "6",
        " 2017"
      ]
    },
    {
      "REQ_subtype": "",
      "REQ_type": "",
      "_id": 74,
      "author_id": "not defined",
      "author_name": "Alysha Mattos",
      "helpful": "0",
      "polarity": "",
      "rate": 4,
      "response": "",
      "response_date": "",
      "review": "I really like this app but I wish I could trashed my info onto other \ndevices and I wish it could build outfits foe you like some other apps do",
      "review_date": [
        "May",
        "25",
        " 2018"
      ]
    },
    {
      "REQ_subtype": "",
      "REQ_type": "",
      "_id": 75,
      "author_id": "not defined",
      "author_name": "Jessica P",
      "helpful": "0",
      "polarity": "",
      "rate": 2,
      "response": "",
      "response_date": "",
      "review": "Worked great until I bought the Sync function which deleted all my content and the app developer has not responded to my email.",
      "review_date": [
        "September",
        "6",
        " 2017"
      ]
    },
    {
      "REQ_subtype": "",
      "REQ_type": "",
      "_id": 76,
      "author_id": "not defined",
      "author_name": "Dario Colin",
      "helpful": "0",
      "polarity": "",
      "rate": 4,
      "response": "",
      "response_date": "",
      "review": "I like ths idea of it and how it it right now, but I wish that the app could help you choose what to wear or give you suggeations",
      "review_date": [
        "March",
        "16",
        " 2017"
      ]
    },
    {
      "REQ_subtype": "",
      "REQ_type": "",
      "_id": 77,
      "author_id": "not defined",
      "author_name": "Lorraine Mzondo",
      "helpful": "0",
      "polarity": "",
      "rate": 4,
      "response": "",
      "response_date": "",
      "review": "Just takes too long to put things together.",
      "review_date": [
        "March",
        "7",
        " 2017"
      ]
    },
    {
      "REQ_subtype": "",
      "REQ_type": "",
      "_id": 78,
      "author_id": "not defined",
      "author_name": "amanda luptak",
      "helpful": "0",
      "polarity": "",
      "rate": 4,
      "response": "",
      "response_date": "",
      "review": "I love it. I think the app should improve by having help pick the outfits like everyday arrange a new outfit with the clothes you have pictures of.",
      "review_date": [
        "February",
        "20",
        " 2018"
      ]
    },
    {
      "REQ_subtype": "",
      "REQ_type": "",
      "_id": 79,
      "author_id": "not defined",
      "author_name": "sheila sierra",
      "helpful": "0",
      "polarity": "",
      "rate": 4,
      "response": "",
      "response_date": "",
      "review": "Took a while to take pictures of all the clothes I have but it was worth it because I can plan my outfits ahead of time anywhere I want to.",
      "review_date": [
        "July",
        "9",
        " 2017"
      ]
    },
    {
      "REQ_subtype": "",
      "REQ_type": "",
      "_id": 80,
      "author_id": "not defined",
      "author_name": "Nad\u00e8ge V\u00e4\u00e4n\u00e4nen",
      "helpful": "0",
      "polarity": "",
      "rate": 5,
      "response": "",
      "response_date": "",
      "review": "Love this app, very useful for figuring out what I don't wear so much and what doesn't go with any of my other clothes",
      "review_date": [
        "July",
        "9",
        " 2017"
      ]
    },
    {
      "REQ_subtype": "",
      "REQ_type": "",
      "_id": 81,
      "author_id": "not defined",
      "author_name": "F J",
      "helpful": "0",
      "polarity": "",
      "rate": 3,
      "response": "",
      "response_date": "",
      "review": "It seems like the app is abandoned :(",
      "review_date": [
        "April",
        "1",
        " 2018"
      ]
    },
    {
      "REQ_subtype": "",
      "REQ_type": "",
      "_id": 82,
      "author_id": "not defined",
      "author_name": "Kimberley Shepherd",
      "helpful": "0",
      "polarity": "",
      "rate": 1,
      "response": "",
      "response_date": "",
      "review": "This app is very useful and I love it. Please add other choices like: season, party, casual etc",
      "review_date": [
        "August",
        "5",
        " 2017"
      ]
    },
    {
      "REQ_subtype": "",
      "REQ_type": "",
      "_id": 83,
      "author_id": "not defined",
      "author_name": "Y Nailah",
      "helpful": "0",
      "polarity": "",
      "rate": 2,
      "response": "",
      "response_date": "",
      "review": "STOP pestering me to rate it all the time!!",
      "review_date": [
        "June",
        "9",
        " 2017"
      ]
    },
    {
      "REQ_subtype": "",
      "REQ_type": "",
      "_id": 84,
      "author_id": "not defined",
      "author_name": "Jane Marie",
      "helpful": "0",
      "polarity": "",
      "rate": 4,
      "response": "",
      "response_date": "",
      "review": "I wish the cropping function was less sloppy but otherwise this is a nice app.",
      "review_date": [
        "February",
        "5",
        " 2018"
      ]
    },
    {
      "REQ_subtype": "",
      "REQ_type": "",
      "_id": 85,
      "author_id": "not defined",
      "author_name": "diva girl",
      "helpful": "0",
      "polarity": "",
      "rate": 5,
      "response": "",
      "response_date": "",
      "review": "So useful it picks out my outfit when it's really hard soo it's super useful I LOVE IT",
      "review_date": [
        "May",
        "11",
        " 2017"
      ]
    },
    {
      "REQ_subtype": "",
      "REQ_type": "",
      "_id": 86,
      "author_id": "not defined",
      "author_name": "Ashanti Cantu",
      "helpful": "0",
      "polarity": "",
      "rate": 4,
      "response": "",
      "response_date": "",
      "review": "It's a great all and I love it but it would be nice if you could sync without paying money",
      "review_date": [
        "May",
        "1",
        " 2017"
      ]
    },
    {
      "REQ_subtype": "",
      "REQ_type": "",
      "_id": 87,
      "author_id": "not defined",
      "author_name": "Selman Karaday\u0131",
      "helpful": "0",
      "polarity": "",
      "rate": 3,
      "response": "",
      "response_date": "",
      "review": "I've bought the premium option and yet I can't synchronize my wardrobe to \nmy new phone. I want my money back.",
      "review_date": [
        "May",
        "17",
        " 2018"
      ]
    },
    {
      "REQ_subtype": "",
      "REQ_type": "",
      "_id": 88,
      "author_id": "not defined",
      "author_name": "Nicky Blanch",
      "helpful": "0",
      "polarity": "",
      "rate": 4,
      "response": "",
      "response_date": "",
      "review": "Good app annoying when it comes to increasing and decreasing the pictures",
      "review_date": [
        "August",
        "14",
        " 2017"
      ]
    },
    {
      "REQ_subtype": "",
      "REQ_type": "",
      "_id": 89,
      "author_id": "not defined",
      "author_name": "Cansu Pylkk\u00e4nen",
      "helpful": "0",
      "polarity": "",
      "rate": 4,
      "response": "",
      "response_date": "",
      "review": "I'm quite happy with this app. I hope that when i change my phone - i will be able to save my data as it promises \ud83d\udc4d",
      "review_date": [
        "April",
        "4",
        " 2017"
      ]
    },
    {
      "REQ_subtype": "",
      "REQ_type": "",
      "_id": 90,
      "author_id": "not defined",
      "author_name": "Samantha Richardson",
      "helpful": "0",
      "polarity": "",
      "rate": 5,
      "response": "",
      "response_date": "",
      "review": "I'm such a visual person! This app helps me envision every outfit possible in my closet! :)",
      "review_date": [
        "July",
        "27",
        " 2017"
      ]
    },
    {
      "REQ_subtype": "",
      "REQ_type": "",
      "_id": 91,
      "author_id": "not defined",
      "author_name": "ShawRick Farooqui",
      "helpful": "0",
      "polarity": "",
      "rate": 4,
      "response": "",
      "response_date": "",
      "review": "Nice app, still using it even after two years.  I Need more backup and restore options.",
      "review_date": [
        "October",
        "29",
        " 2017"
      ]
    },
    {
      "REQ_subtype": "",
      "REQ_type": "",
      "_id": 92,
      "author_id": "not defined",
      "author_name": "Sarah Karbassi",
      "helpful": "0",
      "polarity": "",
      "rate": 5,
      "response": "",
      "response_date": "",
      "review": "Really fun. It's an east way to try out different outfits without having to pull things out of the closet.",
      "review_date": [
        "February",
        "4",
        " 2018"
      ]
    },
    {
      "REQ_subtype": "",
      "REQ_type": "",
      "_id": 93,
      "author_id": "not defined",
      "author_name": "Gwen Nielsen",
      "helpful": "0",
      "polarity": "",
      "rate": 4,
      "response": "",
      "response_date": "",
      "review": "Super user friendly!  Only thing missing is a calendar.",
      "review_date": [
        "February",
        "16",
        " 2017"
      ]
    },
    {
      "REQ_subtype": "",
      "REQ_type": "",
      "_id": 94,
      "author_id": "not defined",
      "author_name": "Autumn Thatcher",
      "helpful": "0",
      "polarity": "",
      "rate": 5,
      "response": "",
      "response_date": "",
      "review": "I have tried lits of apps and this one is the only app that actually works. It is amazing. Totally recommend it",
      "review_date": [
        "March",
        "13",
        " 2018"
      ]
    },
    {
      "REQ_subtype": "",
      "REQ_type": "",
      "_id": 95,
      "author_id": "not defined",
      "author_name": "katrina santos",
      "helpful": "0",
      "polarity": "",
      "rate": 4,
      "response": "",
      "response_date": "",
      "review": "It helps me organize my clothing plans. But i do hope it will have a zoom \nfunction.",
      "review_date": [
        "May",
        "26",
        " 2018"
      ]
    },
    {
      "REQ_subtype": "",
      "REQ_type": "",
      "_id": 96,
      "author_id": "not defined",
      "author_name": "Sucre O",
      "helpful": "0",
      "polarity": "",
      "rate": 4,
      "response": "",
      "response_date": "",
      "review": "Please include a calendar feature and if possible, stores as well. Love the app and hope the backup feature is improved.",
      "review_date": [
        "August",
        "2",
        " 2017"
      ]
    },
    {
      "REQ_subtype": "",
      "REQ_type": "",
      "_id": 97,
      "author_id": "not defined",
      "author_name": "A Google user",
      "helpful": "0",
      "polarity": "",
      "rate": 5,
      "response": "",
      "response_date": "",
      "review": "The app is perfect but I don't like that I can use it in others cellphones",
      "review_date": [
        "May",
        "18",
        " 2017"
      ]
    },
    {
      "REQ_subtype": "",
      "REQ_type": "",
      "_id": 98,
      "author_id": "not defined",
      "author_name": "Alexander Novak",
      "helpful": "0",
      "polarity": "",
      "rate": 1,
      "response": "",
      "response_date": "",
      "review": "Can't make outfits.",
      "review_date": [
        "October",
        "5",
        " 2017"
      ]
    },
    {
      "REQ_subtype": "",
      "REQ_type": "",
      "_id": 99,
      "author_id": "not defined",
      "author_name": "D Worrajiran",
      "helpful": "0",
      "polarity": "",
      "rate": 1,
      "response": "",
      "response_date": "",
      "review": "It's the best app. I put colour instead of brand, so it a lot easier to view by colour.",
      "review_date": [
        "December",
        "30",
        " 2017"
      ]
    },
    {
      "REQ_subtype": "",
      "REQ_type": "",
      "_id": 100,
      "author_id": "not defined",
      "author_name": "Aginaya Rae",
      "helpful": "0",
      "polarity": "",
      "rate": 4,
      "response": "",
      "response_date": "",
      "review": "\ud83e\udd17 helps me save time and gives me an idea on what i actually need. Prevents me from buying un necessary stuff.",
      "review_date": [
        "October",
        "17",
        " 2017"
      ]
    },
    {
      "REQ_subtype": "",
      "REQ_type": "",
      "_id": 101,
      "author_id": "not defined",
      "author_name": "Kailyn Darnell",
      "helpful": "0",
      "polarity": "",
      "rate": 5,
      "response": "",
      "response_date": "",
      "review": "Its a good thing if you don't know what to wear",
      "review_date": [
        "March",
        "31",
        " 2018"
      ]
    },
    {
      "REQ_subtype": "",
      "REQ_type": "",
      "_id": 102,
      "author_id": "not defined",
      "author_name": "A Google user",
      "helpful": "0",
      "polarity": "",
      "rate": 5,
      "response": "",
      "response_date": "",
      "review": "I really like it. It helps me a lot in choosing a cloth to dress everyday!",
      "review_date": [
        "April",
        "5",
        " 2018"
      ]
    },
    {
      "REQ_subtype": "",
      "REQ_type": "",
      "_id": 103,
      "author_id": "not defined",
      "author_name": "Sexy Lady.",
      "helpful": "0",
      "polarity": "",
      "rate": 1,
      "response": "",
      "response_date": "",
      "review": "Such a crappy app's",
      "review_date": [
        "June",
        "23",
        " 2017"
      ]
    },
    {
      "REQ_subtype": "",
      "REQ_type": "",
      "_id": 104,
      "author_id": "not defined",
      "author_name": "Elizabeth Fetherolf",
      "helpful": "0",
      "polarity": "",
      "rate": 4,
      "response": "",
      "response_date": "",
      "review": "It's great but I wish you could tag items and sort by the tags.",
      "review_date": [
        "March",
        "20",
        " 2017"
      ]
    },
    {
      "REQ_subtype": "",
      "REQ_type": "",
      "_id": 105,
      "author_id": "not defined",
      "author_name": "Morgan Bev",
      "helpful": "0",
      "polarity": "",
      "rate": 5,
      "response": "",
      "response_date": "",
      "review": "This was recommended by VasseurBeauty in youtube and this is exactly what I was looking for! Easy to use, quick and FREE!",
      "review_date": [
        "December",
        "26",
        " 2017"
      ]
    },
    {
      "REQ_subtype": "",
      "REQ_type": "",
      "_id": 106,
      "author_id": "not defined",
      "author_name": "LaRaina Wright",
      "helpful": "0",
      "polarity": "",
      "rate": 2,
      "response": "",
      "response_date": "",
      "review": "Such a long process to upload photos and organize clothes",
      "review_date": [
        "March",
        "23",
        " 2017"
      ]
    },
    {
      "REQ_subtype": "",
      "REQ_type": "",
      "_id": 107,
      "author_id": "not defined",
      "author_name": "Tatiana Bertrand",
      "helpful": "0",
      "polarity": "",
      "rate": 5,
      "response": "",
      "response_date": "",
      "review": "It helped so much especially on the late days",
      "review_date": [
        "January",
        "7",
        " 2018"
      ]
    },
    {
      "REQ_subtype": "",
      "REQ_type": "",
      "_id": 108,
      "author_id": "not defined",
      "author_name": "Heather",
      "helpful": "0",
      "polarity": "",
      "rate": 4,
      "response": "",
      "response_date": "",
      "review": "Even after you rate the app it bugs you to rate it every time you open it :-(",
      "review_date": [
        "June",
        "27",
        " 2017"
      ]
    },
    {
      "REQ_subtype": "",
      "REQ_type": "",
      "_id": 109,
      "author_id": "not defined",
      "author_name": "Taylor Hogg",
      "helpful": "0",
      "polarity": "",
      "rate": 4,
      "response": "",
      "response_date": "",
      "review": "It would be nice to have a featue where you can share and look at others outfits.",
      "review_date": [
        "June",
        "13",
        " 2017"
      ]
    },
    {
      "REQ_subtype": "",
      "REQ_type": "",
      "_id": 110,
      "author_id": "not defined",
      "author_name": "Sriya Roy",
      "helpful": "0",
      "polarity": "",
      "rate": 5,
      "response": "",
      "response_date": "",
      "review": "I like how you can cropped around it so you can use clothing from your own wardrobe",
      "review_date": [
        "February",
        "20",
        " 2017"
      ]
    },
    {
      "REQ_subtype": "",
      "REQ_type": "",
      "_id": 111,
      "author_id": "not defined",
      "author_name": "Raven Dandridge",
      "helpful": "0",
      "polarity": "",
      "rate": 5,
      "response": "",
      "response_date": "",
      "review": "This app is amazing it help me organize my closet, improve my style and, more.",
      "review_date": [
        "July",
        "13",
        " 2017"
      ]
    },
    {
      "REQ_subtype": "",
      "REQ_type": "",
      "_id": 112,
      "author_id": "not defined",
      "author_name": "Natalia Acosta Hurtado",
      "helpful": "0",
      "polarity": "",
      "rate": 4,
      "response": "",
      "response_date": "",
      "review": "Perfecta para saber qu\u00e9 tienes f\u00e1cilmente",
      "review_date": [
        "March",
        "18",
        " 2017"
      ]
    },
    {
      "REQ_subtype": "",
      "REQ_type": "",
      "_id": 113,
      "author_id": "not defined",
      "author_name": "Tabarak Al-delaimi",
      "helpful": "0",
      "polarity": "",
      "rate": 5,
      "response": "",
      "response_date": "",
      "review": "It ok but needs some updates",
      "review_date": [
        "February",
        "14",
        " 2017"
      ]
    },
    {
      "REQ_subtype": "",
      "REQ_type": "",
      "_id": 114,
      "author_id": "not defined",
      "author_name": "A Google user",
      "helpful": "0",
      "polarity": "",
      "rate": 5,
      "response": "",
      "response_date": "",
      "review": "Love this app! I use it for all kinds of various personal design projects.",
      "review_date": [
        "December",
        "4",
        " 2017"
      ]
    },
    {
      "REQ_subtype": "",
      "REQ_type": "",
      "_id": 115,
      "author_id": "not defined",
      "author_name": "Demetria Sanchez",
      "helpful": "0",
      "polarity": "",
      "rate": 5,
      "response": "",
      "response_date": "",
      "review": "Love, but need a way to edit so you can rearrange items.",
      "review_date": [
        "July",
        "23",
        " 2017"
      ]
    },
    {
      "REQ_subtype": "",
      "REQ_type": "",
      "_id": 116,
      "author_id": "not defined",
      "author_name": "Vanessa Abija",
      "helpful": "0",
      "polarity": "",
      "rate": 5,
      "response": "",
      "response_date": "",
      "review": "Absolutely amazing!  I really love it! I was looking for something to organize my clothes.",
      "review_date": [
        "April",
        "16",
        " 2017"
      ]
    },
    {
      "REQ_subtype": "",
      "REQ_type": "",
      "_id": 117,
      "author_id": "not defined",
      "author_name": "Disha 1313",
      "helpful": "0",
      "polarity": "",
      "rate": 4,
      "response": "",
      "response_date": "",
      "review": "I wish it had an inbuilt calender.",
      "review_date": [
        "June",
        "2",
        " 2017"
      ]
    },
    {
      "REQ_subtype": "",
      "REQ_type": "",
      "_id": 118,
      "author_id": "not defined",
      "author_name": "A Google user",
      "helpful": "0",
      "polarity": "",
      "rate": 5,
      "response": "",
      "response_date": "",
      "review": "I love this app! I use it to help pick out outfits for school! The best!",
      "review_date": [
        "August",
        "4",
        " 2017"
      ]
    },
    {
      "REQ_subtype": "",
      "REQ_type": "",
      "_id": 119,
      "author_id": "not defined",
      "author_name": "Modestas V.",
      "helpful": "0",
      "polarity": "",
      "rate": 5,
      "response": "",
      "response_date": "",
      "review": "Best app of this type I ever used. Great work creators!",
      "review_date": [
        "May",
        "5",
        " 2018"
      ]
    },
    {
      "REQ_subtype": "",
      "REQ_type": "",
      "_id": 120,
      "author_id": "not defined",
      "author_name": "Alex Moore",
      "helpful": "0",
      "polarity": "",
      "rate": 4,
      "response": "",
      "response_date": "",
      "review": "It makes it easier for the morning having your uotfit already picked out",
      "review_date": [
        "November",
        "5",
        " 2017"
      ]
    },
    {
      "REQ_subtype": "",
      "REQ_type": "",
      "_id": 121,
      "author_id": "not defined",
      "author_name": "Abigail Batista",
      "helpful": "0",
      "polarity": "",
      "rate": 4,
      "response": "",
      "response_date": "",
      "review": "I love this app! It's very useful for organizing my clothes!",
      "review_date": [
        "April",
        "2",
        " 2017"
      ]
    },
    {
      "REQ_subtype": "",
      "REQ_type": "",
      "_id": 122,
      "author_id": "not defined",
      "author_name": "Owsm Minds",
      "helpful": "0",
      "polarity": "",
      "rate": 5,
      "response": "",
      "response_date": "",
      "review": "A nice I dea of this app  Help fu ll app thank you",
      "review_date": [
        "June",
        "10",
        " 2017"
      ]
    },
    {
      "REQ_subtype": "",
      "REQ_type": "",
      "_id": 123,
      "author_id": "not defined",
      "author_name": "iiWondergirlii",
      "helpful": "0",
      "polarity": "",
      "rate": 3,
      "response": "",
      "response_date": "",
      "review": "It's ok but to plain.",
      "review_date": [
        "May",
        "26",
        " 2018"
      ]
    },
    {
      "REQ_subtype": "",
      "REQ_type": "",
      "_id": 124,
      "author_id": "not defined",
      "author_name": "Faison Family",
      "helpful": "0",
      "polarity": "",
      "rate": 5,
      "response": "",
      "response_date": "",
      "review": "Great App. Very Convenient. Very Fun To Make Outfits And Stuff.",
      "review_date": [
        "February",
        "5",
        " 2017"
      ]
    },
    {
      "REQ_subtype": "",
      "REQ_type": "",
      "_id": 125,
      "author_id": "not defined",
      "author_name": "A Google user",
      "helpful": "0",
      "polarity": "",
      "rate": 5,
      "response": "",
      "response_date": "",
      "review": "Great app - really good for building outfits in particular!",
      "review_date": [
        "July",
        "23",
        " 2017"
      ]
    },
    {
      "REQ_subtype": "",
      "REQ_type": "",
      "_id": 126,
      "author_id": "not defined",
      "author_name": "Jen",
      "helpful": "0",
      "polarity": "",
      "rate": 5,
      "response": "",
      "response_date": "",
      "review": "Great app 4 seeing your clothes and designing clothes. Love it",
      "review_date": [
        "July",
        "15",
        " 2017"
      ]
    },
    {
      "REQ_subtype": "",
      "REQ_type": "",
      "_id": 127,
      "author_id": "not defined",
      "author_name": "Bee Happy",
      "helpful": "0",
      "polarity": "",
      "rate": 5,
      "response": "",
      "response_date": "",
      "review": "This app is great quick easy to use love it!!xxx",
      "review_date": [
        "July",
        "12",
        " 2018"
      ]
    },
    {
      "REQ_subtype": "",
      "REQ_type": "",
      "_id": 128,
      "author_id": "not defined",
      "author_name": "Leigh M.",
      "helpful": "0",
      "polarity": "",
      "rate": 4,
      "response": "",
      "response_date": "",
      "review": "Its a very successful app and I will continue to use it",
      "review_date": [
        "November",
        "6",
        " 2017"
      ]
    },
    {
      "REQ_subtype": "",
      "REQ_type": "",
      "_id": 129,
      "author_id": "not defined",
      "author_name": "Kat Hope",
      "helpful": "0",
      "polarity": "",
      "rate": 4,
      "response": "",
      "response_date": "",
      "review": "I really like this app. It's straightforward and simple",
      "review_date": [
        "October",
        "22",
        " 2017"
      ]
    },
    {
      "REQ_subtype": "",
      "REQ_type": "",
      "_id": 130,
      "author_id": "not defined",
      "author_name": "Gvs Vichu",
      "helpful": "0",
      "polarity": "",
      "rate": 4,
      "response": "",
      "response_date": "",
      "review": "Not available updates",
      "review_date": [
        "May",
        "5",
        " 2017"
      ]
    },
    {
      "REQ_subtype": "",
      "REQ_type": "",
      "_id": 131,
      "author_id": "not defined",
      "author_name": "Christine Nichols",
      "helpful": "0",
      "polarity": "",
      "rate": 4,
      "response": "",
      "response_date": "",
      "review": "Therapeutic to do this with my clothes. Watch YouTube video first.",
      "review_date": [
        "January",
        "17",
        " 2018"
      ]
    },
    {
      "REQ_subtype": "",
      "REQ_type": "",
      "_id": 132,
      "author_id": "not defined",
      "author_name": "Rosse Di Mare",
      "helpful": "0",
      "polarity": "",
      "rate": 3,
      "response": "",
      "response_date": "",
      "review": "Add a calendar please",
      "review_date": [
        "August",
        "4",
        " 2017"
      ]
    },
    {
      "REQ_subtype": "",
      "REQ_type": "",
      "_id": 133,
      "author_id": "not defined",
      "author_name": "Sumithra Kumar",
      "helpful": "0",
      "polarity": "",
      "rate": 5,
      "response": "",
      "response_date": "",
      "review": "This is coool!!!! Now I don't need to find and match my clothes!!",
      "review_date": [
        "February",
        "23",
        " 2017"
      ]
    },
    {
      "REQ_subtype": "",
      "REQ_type": "",
      "_id": 134,
      "author_id": "not defined",
      "author_name": "Erica Garcia",
      "helpful": "0",
      "polarity": "",
      "rate": 1,
      "response": "",
      "response_date": "",
      "review": "I think it 9k",
      "review_date": [
        "October",
        "31",
        " 2017"
      ]
    },
    {
      "REQ_subtype": "",
      "REQ_type": "",
      "_id": 135,
      "author_id": "not defined",
      "author_name": "Gabriela Romero",
      "helpful": "0",
      "polarity": "",
      "rate": 4,
      "response": "",
      "response_date": "",
      "review": "Best thing ever!",
      "review_date": [
        "October",
        "23",
        " 2017"
      ]
    },
    {
      "REQ_subtype": "",
      "REQ_type": "",
      "_id": 136,
      "author_id": "not defined",
      "author_name": "Audrey Kurz",
      "helpful": "0",
      "polarity": "",
      "rate": 4,
      "response": "",
      "response_date": "",
      "review": "Very easy to use. Would like to sync with PC",
      "review_date": [
        "January",
        "28",
        " 2017"
      ]
    },
    {
      "REQ_subtype": "",
      "REQ_type": "",
      "_id": 137,
      "author_id": "not defined",
      "author_name": "A Google user",
      "helpful": "0",
      "polarity": "",
      "rate": 5,
      "response": "",
      "response_date": "",
      "review": "I think I like it",
      "review_date": [
        "December",
        "3",
        " 2017"
      ]
    },
    {
      "REQ_subtype": "",
      "REQ_type": "",
      "_id": 138,
      "author_id": "not defined",
      "author_name": "Abbey Flores",
      "helpful": "0",
      "polarity": "",
      "rate": 5,
      "response": "",
      "response_date": "",
      "review": "Great helps me organize and make new outfits",
      "review_date": [
        "April",
        "30",
        " 2018"
      ]
    },
    {
      "REQ_subtype": "",
      "REQ_type": "",
      "_id": 139,
      "author_id": "not defined",
      "author_name": "wita rizal",
      "helpful": "0",
      "polarity": "",
      "rate": 5,
      "response": "",
      "response_date": "",
      "review": "This app is what i'm looking for. Love it to the max",
      "review_date": [
        "September",
        "22",
        " 2017"
      ]
    },
    {
      "REQ_subtype": "",
      "REQ_type": "",
      "_id": 140,
      "author_id": "not defined",
      "author_name": "Jacinta Browne",
      "helpful": "0",
      "polarity": "",
      "rate": 4,
      "response": "",
      "response_date": "",
      "review": "Loved the app. Only issue was putting outfits in subcategories.",
      "review_date": [
        "July",
        "19",
        " 2017"
      ]
    },
    {
      "REQ_subtype": "",
      "REQ_type": "",
      "_id": 141,
      "author_id": "not defined",
      "author_name": "kaysha ramirez",
      "helpful": "0",
      "polarity": "",
      "rate": 5,
      "response": "",
      "response_date": "",
      "review": "It's perfect gonna save time in the morning",
      "review_date": [
        "March",
        "13",
        " 2017"
      ]
    },
    {
      "REQ_subtype": "",
      "REQ_type": "",
      "_id": 142,
      "author_id": "not defined",
      "author_name": "Rachel Cavalho",
      "helpful": "0",
      "polarity": "",
      "rate": 5,
      "response": "",
      "response_date": "",
      "review": "Makes my life soooo much easier",
      "review_date": [
        "January",
        "8",
        " 2018"
      ]
    },
    {
      "REQ_subtype": "",
      "REQ_type": "",
      "_id": 143,
      "author_id": "not defined",
      "author_name": "Sushi Piglet",
      "helpful": "0",
      "polarity": "",
      "rate": 5,
      "response": "",
      "response_date": "",
      "review": "It's just awesome app Love it !",
      "review_date": [
        "June",
        "2",
        " 2018"
      ]
    },
    {
      "REQ_subtype": "",
      "REQ_type": "",
      "_id": 144,
      "author_id": "not defined",
      "author_name": "A Retro Doll",
      "helpful": "0",
      "polarity": "",
      "rate": 5,
      "response": "",
      "response_date": "",
      "review": "My Clothes Are So Organized Now!!!",
      "review_date": [
        "April",
        "8",
        " 2017"
      ]
    },
    {
      "REQ_subtype": "",
      "REQ_type": "",
      "_id": 145,
      "author_id": "not defined",
      "author_name": "Emmaleah Dutton",
      "helpful": "0",
      "polarity": "",
      "rate": 1,
      "response": "",
      "response_date": "",
      "review": "This is a bad site \ud83d\ude24\ud83d\ude24\ud83d\ude20\ud83d\ude20\ud83d\udc4e\ud83d\udc4e\ud83d\udc4e\ud83d\udc4e\ud83d\udc4e\ud83d\udc4e\ud83d\udc4e",
      "review_date": [
        "March",
        "7",
        " 2018"
      ]
    },
    {
      "REQ_subtype": "",
      "REQ_type": "",
      "_id": 146,
      "author_id": "not defined",
      "author_name": "Nutella55",
      "helpful": "0",
      "polarity": "",
      "rate": 3,
      "response": "",
      "response_date": "",
      "review": "It's the best I could find.",
      "review_date": [
        "October",
        "27",
        " 2017"
      ]
    },
    {
      "REQ_subtype": "",
      "REQ_type": "",
      "_id": 147,
      "author_id": "not defined",
      "author_name": "Christy Anderson",
      "helpful": "0",
      "polarity": "",
      "rate": 5,
      "response": "",
      "response_date": "",
      "review": "This app is so much fun.",
      "review_date": [
        "March",
        "6",
        " 2018"
      ]
    },
    {
      "REQ_subtype": "",
      "REQ_type": "",
      "_id": 148,
      "author_id": "not defined",
      "author_name": "A Google user",
      "helpful": "0",
      "polarity": "",
      "rate": 5,
      "response": "",
      "response_date": "",
      "review": "Like it a lot",
      "review_date": [
        "January",
        "17",
        " 2018"
      ]
    },
    {
      "REQ_subtype": "",
      "REQ_type": "",
      "_id": 149,
      "author_id": "not defined",
      "author_name": "Ercell Nequinto",
      "helpful": "0",
      "polarity": "",
      "rate": 5,
      "response": "",
      "response_date": "",
      "review": "It's organized and easy to use. \ud83d\ude18",
      "review_date": [
        "June",
        "28",
        " 2018"
      ]
    },
    {
      "REQ_subtype": "",
      "REQ_type": "",
      "_id": 150,
      "author_id": "not defined",
      "author_name": "Amrutha Sammeta",
      "helpful": "0",
      "polarity": "",
      "rate": 1,
      "response": "",
      "response_date": "",
      "review": "Worst App",
      "review_date": [
        "July",
        "13",
        " 2017"
      ]
    },
    {
      "REQ_subtype": "",
      "REQ_type": "",
      "_id": 151,
      "author_id": "not defined",
      "author_name": "Tabita Yola Senda",
      "helpful": "0",
      "polarity": "",
      "rate": 3,
      "response": "",
      "response_date": "",
      "review": "Failed to backup",
      "review_date": [
        "December",
        "23",
        " 2017"
      ]
    },
    {
      "REQ_subtype": "",
      "REQ_type": "",
      "_id": 152,
      "author_id": "not defined",
      "author_name": "Jennifer M",
      "helpful": "0",
      "polarity": "",
      "rate": 5,
      "response": "",
      "response_date": "",
      "review": "It's exactly what I need.",
      "review_date": [
        "February",
        "2",
        " 2018"
      ]
    },
    {
      "REQ_subtype": "",
      "REQ_type": "",
      "_id": 153,
      "author_id": "not defined",
      "author_name": "Anna Sorrentino",
      "helpful": "0",
      "polarity": "",
      "rate": 5,
      "response": "",
      "response_date": "",
      "review": "Easy to use very happy.",
      "review_date": [
        "April",
        "19",
        " 2017"
      ]
    },
    {
      "REQ_subtype": "",
      "REQ_type": "",
      "_id": 154,
      "author_id": "not defined",
      "author_name": "Aileen Allison",
      "helpful": "0",
      "polarity": "",
      "rate": 5,
      "response": "",
      "response_date": "",
      "review": "This is the best app ever!!!",
      "review_date": [
        "May",
        "29",
        " 2017"
      ]
    },
    {
      "REQ_subtype": "",
      "REQ_type": "",
      "_id": 155,
      "author_id": "not defined",
      "author_name": "Athirah Nik",
      "helpful": "0",
      "polarity": "",
      "rate": 5,
      "response": "",
      "response_date": "",
      "review": "Very user friendly!",
      "review_date": [
        "May",
        "30",
        " 2017"
      ]
    },
    {
      "REQ_subtype": "",
      "REQ_type": "",
      "_id": 156,
      "author_id": "not defined",
      "author_name": "Ariana",
      "helpful": "0",
      "polarity": "",
      "rate": 5,
      "response": "",
      "response_date": "",
      "review": "I just love it all",
      "review_date": [
        "October",
        "26",
        " 2017"
      ]
    },
    {
      "REQ_subtype": "",
      "REQ_type": "",
      "_id": 157,
      "author_id": "not defined",
      "author_name": "Olivia McAllister",
      "helpful": "0",
      "polarity": "",
      "rate": 5,
      "response": "",
      "response_date": "",
      "review": "So helpful for designing outfits",
      "review_date": [
        "January",
        "3",
        " 2018"
      ]
    },
    {
      "REQ_subtype": "",
      "REQ_type": "",
      "_id": 158,
      "author_id": "not defined",
      "author_name": "Lily Pereira",
      "helpful": "0",
      "polarity": "",
      "rate": 5,
      "response": "",
      "response_date": "",
      "review": "Just what I needed when shopping",
      "review_date": [
        "August",
        "11",
        " 2017"
      ]
    },
    {
      "REQ_subtype": "",
      "REQ_type": "",
      "_id": 159,
      "author_id": "not defined",
      "author_name": "Loralee Rivett",
      "helpful": "0",
      "polarity": "",
      "rate": 5,
      "response": "",
      "response_date": "",
      "review": "LUV THIS APPP!!!",
      "review_date": [
        "April",
        "22",
        " 2017"
      ]
    }
  ],
  "size": "Varies with devic",
  "url": "https://play.google.com/store/apps/details?id=co.mydressing.app",
  "version": "Varies with device"
}