{
  "categories": [
    "Productivity"
  ],
  "description": "Genius Scan enables you to quickly scan documents on the go and export your scans as JPEG or PDF with multiple pagesGenius Scan has more than 20 million users and has won several productivity app prizes and awards!Genius Scan+ integrates with Box, Dropbox, Evernote or any other cloud service app installed on your Android phone to let you export your scans wherever you want.The Genius Scan scanner technology includes smart page detection, perspective correction, image post-processing. Typically, when you take a photo of a picture, you are not perfectly aligned and the light is not perfect. Genius Scan takes care of that for you.KEY FEATURES\u2022\u2003 Save time with our powerful scanning technology:\u2003\u2003\u2003- Automatic, real-time, document detection and perspective correction\u2003\u2003\u2003- Magic mode to snap the photos hand-free\u2003\u2003\u2003- Batch mode to scan several pages in a row\u2022\u2003 Amazing quality:\u2003\u2003\u2003- Enhance the scans with color or black-and-white post-processing\u2003\u2003\u2003- Edit your scans long after scanning your documents\u2022\u2003 Stay organized:\u2003\u2003\u2003- Send the scans as JPEG or PDF by email or FTP\u2003\u2003\u2003- Export documents to any app supporting JPEG or PDF files\u2003\u2003\u2003- Create PDF documents with multiple scans\u2003\u2003\u2003- Smart Document Names: name your documents according to customized patterns\u2003\u2003\u2003- Tag your documents to quickly find themUSAGE EXAMPLES\u2022\u2003 To quickly scan a form you just printed when you don\u2019t have a scanner\u2022\u2003 At the university, to take a picture of a whiteboard\u2022\u2003 On the road, to archive receipts\u2022\u2003 To collect customer paperwork on the go\u2022\u2003 To make a copy when you have no copier available\u2022\u2003 To archive handwritten notes or share them with colleagues\u2022\u2003 Save the perfect recipe after cooking\u2022\u2003 Save handwritten memos, or book pages for future reference\u2022\u2003 Share a good restaurant menu on TwitterPRIVACY\u2022\u2003  Documents are processed on the phone, not sent to a third-party server\u2022\u2003  We are asking some permissions: the network access lets you send your scans to the cloud; the location permissions allows you to automatically name your documents based on the current location. With Android 6 and further, we ask these permissions as needed in the app, but we cannot do that for lower versions.GET IN TOUCHShould you have any questions or feedback, please let us know at android.support@thegrizzlylabs.com. We respond to every email and we definitely love your input to improve Genius Scan further!Follow us on:\u2022\u2003  Google Plus: https://plus.google.com/+thegrizzlylabs\u2022\u2003  Twitter: http://twitter.com/thegrizzlylabs\u2022\u2003  Facebook: http://facebook.com/geniusscanLearn more: http://thegrizzlylabs.com",
  "inc": "The Grizzly Labs",
  "intalled_count": "50,000",
  "last_update": [
    "May",
    "1",
    " 2018"
  ],
  "name": "Genius Scan+ - PDF Scanner",
  "offered_by": "Google Commerce Ltd",
  "permissions": {
    "Location": [
      "approximate location (network-based)"
    ],
    "Photos/Media/Files": [
      "read the contents of your USB storage",
      "modify or delete the contents of your USB storage"
    ],
    "Storage": [
      "read the contents of your USB storage",
      "modify or delete the contents of your USB storage"
    ],
    "Camera": [
      "take pictures and videos"
    ],
    "Wi-Fi connection information": [
      "view Wi-Fi connections"
    ],
    "Other": [
      "view network connections",
      "full network access",
      "prevent device from sleeping",
      "view network connections",
      "full network access"
    ]
  },
  "price": "",
  "rate": [
    [
      "3,008",
      "4.6"
    ],
    [
      "2,151",
      "5"
    ],
    [
      "580",
      "4"
    ],
    [
      "137",
      "3"
    ],
    [
      "70",
      "2"
    ],
    [
      "70",
      "1"
    ]
  ],
  "required_android": "Varies with",
  "reviews": [
    {
      "REQ_subtype": "",
      "REQ_type": "",
      "_id": 0,
      "author_id": "not defined",
      "author_name": "Sonja Wells",
      "helpful": "0",
      "polarity": "",
      "rate": 5,
      "response": "",
      "response_date": "",
      "review": "I love the simplicity, don't need any frills. I am having trouble finding \nmy files, but it's new, I'm still learning.",
      "review_date": [
        "June",
        "5",
        " 2018"
      ]
    },
    {
      "REQ_subtype": "",
      "REQ_type": "",
      "_id": 1,
      "author_id": "not defined",
      "author_name": "Warren Witherell",
      "helpful": "2",
      "polarity": "",
      "rate": 5,
      "response": "",
      "response_date": "",
      "review": "Simple, it does what you need it to (better than the competition), it \ndoesn't crash and it uses NO resources when you are not using it. One of \nthe few apps that you will keep using year after year.",
      "review_date": [
        "June",
        "10",
        " 2018"
      ]
    },
    {
      "REQ_subtype": "",
      "REQ_type": "",
      "_id": 2,
      "author_id": "not defined",
      "author_name": "Chris O'Neill",
      "helpful": "2",
      "polarity": "",
      "rate": 5,
      "response": "",
      "response_date": "",
      "review": "Awesome easy app for business and personal use. Batch scanning and google \ndrive integration are seamless.",
      "review_date": [
        "May",
        "2",
        " 2018"
      ]
    },
    {
      "REQ_subtype": "",
      "REQ_type": "",
      "_id": 3,
      "author_id": "not defined",
      "author_name": "Graeme Smith",
      "helpful": "2",
      "polarity": "",
      "rate": 5,
      "response": "",
      "response_date": "",
      "review": "Fantastic app. The best document scanner I've found. Highly recommend.",
      "review_date": [
        "May",
        "22",
        " 2018"
      ]
    },
    {
      "REQ_subtype": "",
      "REQ_type": "",
      "_id": 4,
      "author_id": "not defined",
      "author_name": "Rashdan Nizar",
      "helpful": "0",
      "polarity": "",
      "rate": 4,
      "response": "",
      "response_date": "",
      "review": "Great App, sure save me a lot of headaches of being tied at the office",
      "review_date": [
        "July",
        "11",
        " 2018"
      ]
    },
    {
      "REQ_subtype": "",
      "REQ_type": "",
      "_id": 5,
      "author_id": "not defined",
      "author_name": "adam tebedo",
      "helpful": "1",
      "polarity": "",
      "rate": 5,
      "response": "",
      "response_date": "",
      "review": "It is a great app. Easy to use and works really well.",
      "review_date": [
        "June",
        "22",
        " 2018"
      ]
    },
    {
      "REQ_subtype": "",
      "REQ_type": "",
      "_id": 6,
      "author_id": "not defined",
      "author_name": "michelle dubuc",
      "helpful": "1",
      "polarity": "",
      "rate": 5,
      "response": "",
      "response_date": "",
      "review": "best scan app out there in my opinion",
      "review_date": [
        "June",
        "4",
        " 2018"
      ]
    },
    {
      "REQ_subtype": "",
      "REQ_type": "",
      "_id": 7,
      "author_id": "not defined",
      "author_name": "David Clemons",
      "helpful": "0",
      "polarity": "",
      "rate": 5,
      "response": "",
      "response_date": "",
      "review": "Only had a day but love it so far",
      "review_date": [
        "June",
        "26",
        " 2018"
      ]
    },
    {
      "REQ_subtype": "",
      "REQ_type": "",
      "_id": 8,
      "author_id": "not defined",
      "author_name": "Don Dunham",
      "helpful": "0",
      "polarity": "",
      "rate": 5,
      "response": "",
      "response_date": "",
      "review": "Delivery as advised. Tried it bought it",
      "review_date": [
        "June",
        "12",
        " 2018"
      ]
    },
    {
      "REQ_subtype": "",
      "REQ_type": "",
      "_id": 9,
      "author_id": "not defined",
      "author_name": "James Onyoin",
      "helpful": "1",
      "polarity": "",
      "rate": 5,
      "response": "",
      "response_date": "",
      "review": "Excellent program for scanning..",
      "review_date": [
        "May",
        "23",
        " 2018"
      ]
    },
    {
      "REQ_subtype": "",
      "REQ_type": "",
      "_id": 10,
      "author_id": "not defined",
      "author_name": "Jeffrey Wade",
      "helpful": "0",
      "polarity": "",
      "rate": 5,
      "response": "",
      "response_date": "",
      "review": "Great app really helpful use it daily",
      "review_date": [
        "June",
        "18",
        " 2018"
      ]
    },
    {
      "REQ_subtype": "",
      "REQ_type": "",
      "_id": 11,
      "author_id": "not defined",
      "author_name": "A Google user",
      "helpful": "0",
      "polarity": "",
      "rate": 5,
      "response": "",
      "response_date": "",
      "review": "Very handy when not in the office. Real timesaver.",
      "review_date": [
        "June",
        "19",
        " 2018"
      ]
    },
    {
      "REQ_subtype": "",
      "REQ_type": "",
      "_id": 12,
      "author_id": "not defined",
      "author_name": "Carlos Alfonso",
      "helpful": "0",
      "polarity": "",
      "rate": 5,
      "response": "",
      "response_date": "",
      "review": "Simple, fast and very packed of features",
      "review_date": [
        "July",
        "3",
        " 2018"
      ]
    },
    {
      "REQ_subtype": "",
      "REQ_type": "",
      "_id": 13,
      "author_id": "not defined",
      "author_name": "A Google user",
      "helpful": "0",
      "polarity": "",
      "rate": 5,
      "response": "",
      "response_date": "",
      "review": "Nice little app. Easy to use",
      "review_date": [
        "July",
        "9",
        " 2018"
      ]
    },
    {
      "REQ_subtype": "",
      "REQ_type": "",
      "_id": 14,
      "author_id": "not defined",
      "author_name": "manong ftmcmurray",
      "helpful": "0",
      "polarity": "",
      "rate": 5,
      "response": "",
      "response_date": "",
      "review": "Very useful and easy to use.",
      "review_date": [
        "June",
        "10",
        " 2018"
      ]
    },
    {
      "REQ_subtype": "",
      "REQ_type": "",
      "_id": 15,
      "author_id": "not defined",
      "author_name": "Bardia Afshar",
      "helpful": "0",
      "polarity": "",
      "rate": 5,
      "response": "",
      "response_date": "",
      "review": "Very good app!",
      "review_date": [
        "June",
        "25",
        " 2018"
      ]
    },
    {
      "REQ_subtype": "",
      "REQ_type": "",
      "_id": 16,
      "author_id": "not defined",
      "author_name": "Ralph Henry",
      "helpful": "0",
      "polarity": "",
      "rate": 5,
      "response": "",
      "response_date": "",
      "review": "Well worth it!",
      "review_date": [
        "May",
        "26",
        " 2018"
      ]
    },
    {
      "REQ_subtype": "",
      "REQ_type": "",
      "_id": 17,
      "author_id": "not defined",
      "author_name": "A Google user",
      "helpful": "0",
      "polarity": "",
      "rate": 5,
      "response": "",
      "response_date": "",
      "review": "Love it. Thanks",
      "review_date": [
        "July",
        "4",
        " 2018"
      ]
    },
    {
      "REQ_subtype": "",
      "REQ_type": "",
      "_id": 18,
      "author_id": "not defined",
      "author_name": "A Google user",
      "helpful": "0",
      "polarity": "",
      "rate": 5,
      "response": "",
      "response_date": "",
      "review": "Perfect\ud83d\udc4d.",
      "review_date": [
        "July",
        "14",
        " 2018"
      ]
    },
    {
      "REQ_subtype": "",
      "REQ_type": "",
      "_id": 19,
      "author_id": "not defined",
      "author_name": "Justin Lowe",
      "helpful": "0",
      "polarity": "",
      "rate": 5,
      "response": "",
      "response_date": "",
      "review": "Good stuff",
      "review_date": [
        "May",
        "18",
        " 2018"
      ]
    },
    {
      "REQ_subtype": "",
      "REQ_type": "",
      "_id": 20,
      "author_id": "not defined",
      "author_name": "nevergiveup",
      "helpful": "5",
      "polarity": "",
      "rate": 5,
      "response": "",
      "response_date": "",
      "review": "Have used the free version for quite some time and have now invested in paid version, to get more options as to sharing the scans goes. A neat app - simple to use.",
      "review_date": [
        "March",
        "21",
        " 2018"
      ]
    },
    {
      "REQ_subtype": "",
      "REQ_type": "",
      "_id": 21,
      "author_id": "not defined",
      "author_name": "Greg Filter",
      "helpful": "3",
      "polarity": "",
      "rate": 5,
      "response": "",
      "response_date": "",
      "review": "Everyone should have this. It seems to get better with time. Black and white \"enhancements\" sometimes don't look great.",
      "review_date": [
        "April",
        "7",
        " 2018"
      ]
    },
    {
      "REQ_subtype": "",
      "REQ_type": "",
      "_id": 22,
      "author_id": "not defined",
      "author_name": "Bill Fischer",
      "helpful": "0",
      "polarity": "",
      "rate": 5,
      "response": "",
      "response_date": "",
      "review": "Great app. Been using for several years. Easier than using a flat bed scanner and with very comparable results.",
      "review_date": [
        "March",
        "29",
        " 2018"
      ]
    },
    {
      "REQ_subtype": "",
      "REQ_type": "",
      "_id": 23,
      "author_id": "not defined",
      "author_name": "Marco Water",
      "helpful": "0",
      "polarity": "",
      "rate": 5,
      "response": "",
      "response_date": "",
      "review": "Is one of my preferred app. Amazing at work, great in private. Love it!",
      "review_date": [
        "April",
        "18",
        " 2018"
      ]
    },
    {
      "REQ_subtype": "",
      "REQ_type": "",
      "_id": 24,
      "author_id": "not defined",
      "author_name": "Daniel T",
      "helpful": "0",
      "polarity": "",
      "rate": 1,
      "response": "Sorry for that. We're almost at parity with the iOS version but a few features are still missing (the Android app is much younger). I'll pass your request to our development team.\n\nBest whishes,\nJ\u00e9r\u00f4me",
      "response_date": [
        "April",
        "11",
        " 2018"
      ],
      "review": "No OneDrive auto sync where as iOS already has this feature.",
      "review_date": [
        "April",
        "10",
        " 2018"
      ]
    },
    {
      "REQ_subtype": "",
      "REQ_type": "",
      "_id": 25,
      "author_id": "not defined",
      "author_name": "Edwin Charles Ellis, II",
      "helpful": "0",
      "polarity": "",
      "rate": 5,
      "response": "",
      "response_date": "",
      "review": "G e n I u s",
      "review_date": [
        "March",
        "25",
        " 2018"
      ]
    },
    {
      "REQ_subtype": "",
      "REQ_type": "",
      "_id": 26,
      "author_id": "not defined",
      "author_name": "MK Dwijayanto",
      "helpful": "0",
      "polarity": "",
      "rate": 5,
      "response": "",
      "response_date": "",
      "review": "G E N I U S",
      "review_date": [
        "March",
        "27",
        " 2018"
      ]
    },
    {
      "REQ_subtype": "",
      "REQ_type": "",
      "_id": 27,
      "author_id": "not defined",
      "author_name": "Nathaniel Booker",
      "helpful": "0",
      "polarity": "",
      "rate": 5,
      "response": "",
      "response_date": "",
      "review": "Awesome",
      "review_date": [
        "April",
        "20",
        " 2018"
      ]
    },
    {
      "REQ_subtype": "",
      "REQ_type": "",
      "_id": 28,
      "author_id": "not defined",
      "author_name": "Craig Boddice",
      "helpful": "4",
      "polarity": "",
      "rate": 3,
      "response": "Hi Craig, check out this article we've just published which explains the issue and offers some workarounds for this bug: https://android.help.thegrizzlylabs.com/article/163-trouble-sending-scans-with-gmail. Let me know if you need more help. Guillaume",
      "response_date": [
        "March",
        "20",
        " 2018"
      ],
      "review": "Having issues as when I email PDFs scanned using the app they are received as some different file that can't be opened. Please help asap.",
      "review_date": [
        "March",
        "2",
        " 2018"
      ]
    },
    {
      "REQ_subtype": "",
      "REQ_type": "",
      "_id": 29,
      "author_id": "not defined",
      "author_name": "Brian Kolm",
      "helpful": "0",
      "polarity": "",
      "rate": 4,
      "response": "Thanks for the feedback and suggestions, Brian.",
      "response_date": [
        "March",
        "12",
        " 2018"
      ],
      "review": "The app is very useful for scanning my drawings from my sketchbook, but I would love to auto export jpg instead of PDFs and a way to zoom in when photographing more distant items like a sign or billboard.",
      "review_date": [
        "March",
        "4",
        " 2018"
      ]
    },
    {
      "REQ_subtype": "",
      "REQ_type": "",
      "_id": 30,
      "author_id": "not defined",
      "author_name": "Ndethi kaGolide",
      "helpful": "0",
      "polarity": "",
      "rate": 1,
      "response": "Hi Ndethi, it looks like Gmail has fixed this bug in their latest version (8.3.12.190852125). Could you try to update Gmail and let us know if you still have any issue? Guillaume",
      "response_date": [
        "April",
        "3",
        " 2018"
      ],
      "review": "I'm struggling all emails I'm sending can't be opened. I'm losing money please fix asap",
      "review_date": [
        "March",
        "15",
        " 2018"
      ]
    },
    {
      "REQ_subtype": "",
      "REQ_type": "",
      "_id": 31,
      "author_id": "not defined",
      "author_name": "A Google user",
      "helpful": "1",
      "polarity": "",
      "rate": 5,
      "response": "",
      "response_date": "",
      "review": "Love it fir mobile PDFs. No more carrying receipts!",
      "review_date": [
        "February",
        "26",
        " 2018"
      ]
    },
    {
      "REQ_subtype": "",
      "REQ_type": "",
      "_id": 32,
      "author_id": "not defined",
      "author_name": "Mark Bianchi",
      "helpful": "0",
      "polarity": "",
      "rate": 5,
      "response": "",
      "response_date": "",
      "review": "So easy with my Samsung Galaxy s8 and previous models, no need for a scanner anymore.",
      "review_date": [
        "March",
        "14",
        " 2018"
      ]
    },
    {
      "REQ_subtype": "",
      "REQ_type": "",
      "_id": 33,
      "author_id": "not defined",
      "author_name": "Karen Rogers",
      "helpful": "0",
      "polarity": "",
      "rate": 5,
      "response": "",
      "response_date": "",
      "review": "I have tried others, but this seems to fit my needs.",
      "review_date": [
        "February",
        "20",
        " 2018"
      ]
    },
    {
      "REQ_subtype": "",
      "REQ_type": "",
      "_id": 34,
      "author_id": "not defined",
      "author_name": "Noah Somerville",
      "helpful": "0",
      "polarity": "",
      "rate": 5,
      "response": "",
      "response_date": "",
      "review": "Awesome! Wish the cloud function was free, but still an awesome, practical app!",
      "review_date": [
        "February",
        "23",
        " 2018"
      ]
    },
    {
      "REQ_subtype": "",
      "REQ_type": "",
      "_id": 35,
      "author_id": "not defined",
      "author_name": "Joe McGettigan",
      "helpful": "0",
      "polarity": "",
      "rate": 5,
      "response": "",
      "response_date": "",
      "review": "I use this app daily for anything I put in a pdf.  Worth the investment.",
      "review_date": [
        "February",
        "28",
        " 2018"
      ]
    },
    {
      "REQ_subtype": "",
      "REQ_type": "",
      "_id": 36,
      "author_id": "not defined",
      "author_name": "Monica Hernandez",
      "helpful": "0",
      "polarity": "",
      "rate": 4,
      "response": "",
      "response_date": "",
      "review": "Great for teachers who need to scan a resource on the fly.",
      "review_date": [
        "March",
        "24",
        " 2018"
      ]
    },
    {
      "REQ_subtype": "",
      "REQ_type": "",
      "_id": 37,
      "author_id": "not defined",
      "author_name": "John Stacey",
      "helpful": "0",
      "polarity": "",
      "rate": 5,
      "response": "",
      "response_date": "",
      "review": "Very good for electronic file holding.",
      "review_date": [
        "March",
        "4",
        " 2018"
      ]
    },
    {
      "REQ_subtype": "",
      "REQ_type": "",
      "_id": 38,
      "author_id": "not defined",
      "author_name": "Jacob L.",
      "helpful": "0",
      "polarity": "",
      "rate": 5,
      "response": "",
      "response_date": "",
      "review": "Awesome so far!",
      "review_date": [
        "March",
        "10",
        " 2018"
      ]
    },
    {
      "REQ_subtype": "",
      "REQ_type": "",
      "_id": 39,
      "author_id": "not defined",
      "author_name": "Anwar Jabari",
      "helpful": "0",
      "polarity": "",
      "rate": 5,
      "response": "",
      "response_date": "",
      "review": "Great app!",
      "review_date": [
        "February",
        "27",
        " 2018"
      ]
    },
    {
      "REQ_subtype": "",
      "REQ_type": "",
      "_id": 40,
      "author_id": "not defined",
      "author_name": "Angelia Lewis",
      "helpful": "0",
      "polarity": "",
      "rate": 5,
      "response": "",
      "response_date": "",
      "review": "Great App",
      "review_date": [
        "March",
        "14",
        " 2018"
      ]
    },
    {
      "REQ_subtype": "",
      "REQ_type": "",
      "_id": 41,
      "author_id": "not defined",
      "author_name": "A Google user",
      "helpful": "0",
      "polarity": "",
      "rate": 4,
      "response": "Hi, anything missing to get 5 stars? :) Guillaume",
      "response_date": [
        "March",
        "12",
        " 2018"
      ],
      "review": "Good",
      "review_date": [
        "February",
        "23",
        " 2018"
      ]
    },
    {
      "REQ_subtype": "",
      "REQ_type": "",
      "_id": 42,
      "author_id": "not defined",
      "author_name": "Kamal Al Nimer",
      "helpful": "0",
      "polarity": "",
      "rate": 5,
      "response": "",
      "response_date": "",
      "review": "Love it",
      "review_date": [
        "March",
        "6",
        " 2018"
      ]
    },
    {
      "REQ_subtype": "",
      "REQ_type": "",
      "_id": 43,
      "author_id": "not defined",
      "author_name": "Abdullahi musa rimi",
      "helpful": "0",
      "polarity": "",
      "rate": 5,
      "response": "",
      "response_date": "",
      "review": "Perfect",
      "review_date": [
        "March",
        "15",
        " 2018"
      ]
    },
    {
      "REQ_subtype": "",
      "REQ_type": "",
      "_id": 44,
      "author_id": "not defined",
      "author_name": "Eitan Rieger",
      "helpful": "0",
      "polarity": "",
      "rate": 5,
      "response": "",
      "response_date": "",
      "review": "Love it",
      "review_date": [
        "March",
        "23",
        " 2018"
      ]
    },
    {
      "REQ_subtype": "",
      "REQ_type": "",
      "_id": 45,
      "author_id": "not defined",
      "author_name": "Bulldogs and Life With Them",
      "helpful": "1",
      "polarity": "",
      "rate": 5,
      "response": "",
      "response_date": "",
      "review": "This saves me so much time. Love this scanner.. used for so many things . also love the genious scan ..saved me from buying a stupid shell vacations by faxing a cancellation to them on the day it was due so saved me thousands! Thank you genious scan.",
      "review_date": [
        "February",
        "4",
        " 2018"
      ]
    },
    {
      "REQ_subtype": "",
      "REQ_type": "",
      "_id": 46,
      "author_id": "not defined",
      "author_name": "Vadim Goltser",
      "helpful": "1",
      "polarity": "",
      "rate": 4,
      "response": "",
      "response_date": "",
      "review": "I would like if you can  add feature  get signatures , and first and last name for paper work.  Similar feature to Adobe Fill&Sign.",
      "review_date": [
        "January",
        "23",
        " 2018"
      ]
    },
    {
      "REQ_subtype": "",
      "REQ_type": "",
      "_id": 47,
      "author_id": "not defined",
      "author_name": "floran kane",
      "helpful": "0",
      "polarity": "",
      "rate": 3,
      "response": "",
      "response_date": "",
      "review": "it's good scanner but needs lot of work to be best first crop operation isn't easy and i expect that auto crop work but it doesn't work and need more options for enhance operation but first problem is auto crop and i hope \ud83d\ude4f to fix issue in next update",
      "review_date": [
        "February",
        "5",
        " 2018"
      ]
    },
    {
      "REQ_subtype": "",
      "REQ_type": "",
      "_id": 48,
      "author_id": "not defined",
      "author_name": "colleen JAY",
      "helpful": "0",
      "polarity": "",
      "rate": 3,
      "response": "",
      "response_date": "",
      "review": "It was working fine until i removed the free version. I downloaded the + version and it keeps freezing",
      "review_date": [
        "February",
        "4",
        " 2018"
      ]
    },
    {
      "REQ_subtype": "",
      "REQ_type": "",
      "_id": 49,
      "author_id": "not defined",
      "author_name": "Neil Parmar",
      "helpful": "0",
      "polarity": "",
      "rate": 5,
      "response": "",
      "response_date": "",
      "review": "love the fact I can save scans directly to my NAS, using WEBDAV.",
      "review_date": [
        "January",
        "26",
        " 2018"
      ]
    },
    {
      "REQ_subtype": "",
      "REQ_type": "",
      "_id": 50,
      "author_id": "not defined",
      "author_name": "Dirk Fancy",
      "helpful": "0",
      "polarity": "",
      "rate": 5,
      "response": "",
      "response_date": "",
      "review": "Love the versatility of this app. Scanner/Fax / Storage Organizer / With excellent quality!",
      "review_date": [
        "January",
        "28",
        " 2018"
      ]
    },
    {
      "REQ_subtype": "",
      "REQ_type": "",
      "_id": 51,
      "author_id": "not defined",
      "author_name": "Kayle Nez",
      "helpful": "0",
      "polarity": "",
      "rate": 5,
      "response": "",
      "response_date": "",
      "review": "I love this app, Helps me send my important documents!",
      "review_date": [
        "February",
        "2",
        " 2018"
      ]
    },
    {
      "REQ_subtype": "",
      "REQ_type": "",
      "_id": 52,
      "author_id": "not defined",
      "author_name": "Michael Tomsik",
      "helpful": "0",
      "polarity": "",
      "rate": 5,
      "response": "",
      "response_date": "",
      "review": "Great scanning to PDF app. Like the cropping tool and emailing functionality.",
      "review_date": [
        "January",
        "29",
        " 2018"
      ]
    },
    {
      "REQ_subtype": "",
      "REQ_type": "",
      "_id": 53,
      "author_id": "not defined",
      "author_name": "Angel Torres",
      "helpful": "0",
      "polarity": "",
      "rate": 5,
      "response": "",
      "response_date": "",
      "review": "Excellent, easy to use.",
      "review_date": [
        "January",
        "31",
        " 2018"
      ]
    },
    {
      "REQ_subtype": "",
      "REQ_type": "",
      "_id": 54,
      "author_id": "not defined",
      "author_name": "IG WHITE",
      "helpful": "0",
      "polarity": "",
      "rate": 5,
      "response": "",
      "response_date": "",
      "review": "Excellent!",
      "review_date": [
        "February",
        "1",
        " 2018"
      ]
    },
    {
      "REQ_subtype": "",
      "REQ_type": "",
      "_id": 55,
      "author_id": "not defined",
      "author_name": "david robinson",
      "helpful": "0",
      "polarity": "",
      "rate": 5,
      "response": "",
      "response_date": "",
      "review": "I have had this app since 2012 and it is very reliable. I constantly need to scan, upload and email documents and I always on the go. This app allows me to scan documents and give them a clean professional look. Great app!",
      "review_date": [
        "January",
        "24",
        " 2018"
      ]
    },
    {
      "REQ_subtype": "",
      "REQ_type": "",
      "_id": 56,
      "author_id": "not defined",
      "author_name": "A Google user",
      "helpful": "0",
      "polarity": "",
      "rate": 5,
      "response": "",
      "response_date": "",
      "review": "This is a fantastic app and a lifesaver for anybody needing to keep receipts for expenses. I have it sync up with Dropbox and it works great. One file with all my receipts seemlessly syncing to my computer. Awesome!!",
      "review_date": [
        "December",
        "15",
        " 2017"
      ]
    },
    {
      "REQ_subtype": "",
      "REQ_type": "",
      "_id": 57,
      "author_id": "not defined",
      "author_name": "Sandra Webster",
      "helpful": "3",
      "polarity": "",
      "rate": 5,
      "response": "",
      "response_date": "",
      "review": "Been using app for 2 years now and still the best. Good to be able to scan and email documents etc when away from main computer.",
      "review_date": [
        "December",
        "27",
        " 2017"
      ]
    },
    {
      "REQ_subtype": "",
      "REQ_type": "",
      "_id": 58,
      "author_id": "not defined",
      "author_name": "Mart\u00edn M\u00e1spero",
      "helpful": "6",
      "polarity": "",
      "rate": 5,
      "response": "",
      "response_date": "",
      "review": "Finally magnifier for better crops!",
      "review_date": [
        "December",
        "11",
        " 2017"
      ]
    },
    {
      "REQ_subtype": "",
      "REQ_type": "",
      "_id": 59,
      "author_id": "not defined",
      "author_name": "Joseph S",
      "helpful": "0",
      "polarity": "",
      "rate": 5,
      "response": "",
      "response_date": "",
      "review": "Great app that has been key to going paperless. Developers are responsive. \nWell worth the price!",
      "review_date": [
        "April",
        "18",
        " 2018"
      ]
    },
    {
      "REQ_subtype": "",
      "REQ_type": "",
      "_id": 60,
      "author_id": "not defined",
      "author_name": "Mike Brehm",
      "helpful": "0",
      "polarity": "",
      "rate": 5,
      "response": "",
      "response_date": "",
      "review": "Great for scanning multiple pages without having to power up a big scanner.",
      "review_date": [
        "January",
        "24",
        " 2018"
      ]
    },
    {
      "REQ_subtype": "",
      "REQ_type": "",
      "_id": 61,
      "author_id": "not defined",
      "author_name": "Jeff Cheffer",
      "helpful": "0",
      "polarity": "",
      "rate": 5,
      "response": "",
      "response_date": "",
      "review": "I use this app all the time some of the best money I've ever spent on an app.",
      "review_date": [
        "December",
        "6",
        " 2017"
      ]
    },
    {
      "REQ_subtype": "",
      "REQ_type": "",
      "_id": 62,
      "author_id": "not defined",
      "author_name": "Lorenzo Ang",
      "helpful": "0",
      "polarity": "",
      "rate": 5,
      "response": "",
      "response_date": "",
      "review": "Have been using this app for years, it is very user friendly. \ud83d\ude04\ud83d\udc4d",
      "review_date": [
        "January",
        "6",
        " 2018"
      ]
    },
    {
      "REQ_subtype": "",
      "REQ_type": "",
      "_id": 63,
      "author_id": "not defined",
      "author_name": "Janice Leung",
      "helpful": "0",
      "polarity": "",
      "rate": 5,
      "response": "",
      "response_date": "",
      "review": "Excellent app. Converts documents well and easy to upload to preferred cloud storage.",
      "review_date": [
        "December",
        "25",
        " 2017"
      ]
    },
    {
      "REQ_subtype": "",
      "REQ_type": "",
      "_id": 64,
      "author_id": "not defined",
      "author_name": "Giorgio",
      "helpful": "0",
      "polarity": "",
      "rate": 5,
      "response": "",
      "response_date": "",
      "review": "It works perfectly and is reliable! Thank you for developing this application.",
      "review_date": [
        "January",
        "19",
        " 2018"
      ]
    },
    {
      "REQ_subtype": "",
      "REQ_type": "",
      "_id": 65,
      "author_id": "not defined",
      "author_name": "John Ryerson",
      "helpful": "0",
      "polarity": "",
      "rate": 5,
      "response": "",
      "response_date": "",
      "review": "Best scanner with the most features.  Very User friendly I love it!!!",
      "review_date": [
        "December",
        "29",
        " 2017"
      ]
    },
    {
      "REQ_subtype": "",
      "REQ_type": "",
      "_id": 66,
      "author_id": "not defined",
      "author_name": "Mark Farley",
      "helpful": "0",
      "polarity": "",
      "rate": 5,
      "response": "",
      "response_date": "",
      "review": "Been using for years.",
      "review_date": [
        "December",
        "29",
        " 2017"
      ]
    },
    {
      "REQ_subtype": "",
      "REQ_type": "",
      "_id": 67,
      "author_id": "not defined",
      "author_name": "Jason Skeffington",
      "helpful": "0",
      "polarity": "",
      "rate": 5,
      "response": "",
      "response_date": "",
      "review": "Excellent document imaging.  Fast and flexible sharing",
      "review_date": [
        "January",
        "8",
        " 2018"
      ]
    },
    {
      "REQ_subtype": "",
      "REQ_type": "",
      "_id": 68,
      "author_id": "not defined",
      "author_name": "Gary Smock",
      "helpful": "0",
      "polarity": "",
      "rate": 5,
      "response": "",
      "response_date": "",
      "review": "Love it. Used for over 2 years!",
      "review_date": [
        "January",
        "10",
        " 2018"
      ]
    },
    {
      "REQ_subtype": "",
      "REQ_type": "",
      "_id": 69,
      "author_id": "not defined",
      "author_name": "John Haggerty",
      "helpful": "0",
      "polarity": "",
      "rate": 5,
      "response": "",
      "response_date": "",
      "review": "I love this app. Keep coming back to it. Never disappointed",
      "review_date": [
        "December",
        "28",
        " 2017"
      ]
    },
    {
      "REQ_subtype": "",
      "REQ_type": "",
      "_id": 70,
      "author_id": "not defined",
      "author_name": "R Ben Hatcher",
      "helpful": "0",
      "polarity": "",
      "rate": 5,
      "response": "",
      "response_date": "",
      "review": "Excellent for capturing text documents and receipts",
      "review_date": [
        "December",
        "17",
        " 2017"
      ]
    },
    {
      "REQ_subtype": "",
      "REQ_type": "",
      "_id": 71,
      "author_id": "not defined",
      "author_name": "Mahbod Shakibaei",
      "helpful": "0",
      "polarity": "",
      "rate": 5,
      "response": "",
      "response_date": "",
      "review": "Amazing app",
      "review_date": [
        "December",
        "6",
        " 2017"
      ]
    },
    {
      "REQ_subtype": "",
      "REQ_type": "",
      "_id": 72,
      "author_id": "not defined",
      "author_name": "Andrew Chang",
      "helpful": "0",
      "polarity": "",
      "rate": 5,
      "response": "",
      "response_date": "",
      "review": "good.good",
      "review_date": [
        "December",
        "14",
        " 2017"
      ]
    },
    {
      "REQ_subtype": "",
      "REQ_type": "",
      "_id": 73,
      "author_id": "not defined",
      "author_name": "Keyur Parikh",
      "helpful": "0",
      "polarity": "",
      "rate": 5,
      "response": "",
      "response_date": "",
      "review": "The app has come a long way, I can finally say that the app is fully functional and that it's very easy up use. Love the share document feature, the scanned documents are converted to PDF on the fly and attached to the app (ie. email app as an attachment)",
      "review_date": [
        "November",
        "29",
        " 2017"
      ]
    },
    {
      "REQ_subtype": "",
      "REQ_type": "",
      "_id": 74,
      "author_id": "not defined",
      "author_name": "Jennifer Rice",
      "helpful": "1",
      "polarity": "",
      "rate": 5,
      "response": "",
      "response_date": "",
      "review": "Most excellent tool for scanning and filing receipts",
      "review_date": [
        "November",
        "28",
        " 2017"
      ]
    },
    {
      "REQ_subtype": "",
      "REQ_type": "",
      "_id": 75,
      "author_id": "not defined",
      "author_name": "Doug Fortune",
      "helpful": "0",
      "polarity": "",
      "rate": 4,
      "response": "Hi Doug, thanks for the review. Is there anything missing to get 5 stars? :) Guillaume",
      "response_date": [
        "December",
        "1",
        " 2017"
      ],
      "review": "Very handy app to turn documents into pdf. Use it frequently without bugs.",
      "review_date": [
        "November",
        "30",
        " 2017"
      ]
    },
    {
      "REQ_subtype": "",
      "REQ_type": "",
      "_id": 76,
      "author_id": "not defined",
      "author_name": "Josh Mills",
      "helpful": "0",
      "polarity": "",
      "rate": 5,
      "response": "",
      "response_date": "",
      "review": "Cake to use.",
      "review_date": [
        "December",
        "5",
        " 2017"
      ]
    },
    {
      "REQ_subtype": "",
      "REQ_type": "",
      "_id": 77,
      "author_id": "not defined",
      "author_name": "Paul Armstrong",
      "helpful": "1",
      "polarity": "",
      "rate": 5,
      "response": "",
      "response_date": "",
      "review": "Like",
      "review_date": [
        "November",
        "25",
        " 2017"
      ]
    },
    {
      "REQ_subtype": "",
      "REQ_type": "",
      "_id": 78,
      "author_id": "not defined",
      "author_name": "Nicholas Cummings",
      "helpful": "0",
      "polarity": "",
      "rate": 4,
      "response": "",
      "response_date": "",
      "review": "Very good app for mobile PDF creation, worth $5. I wish that manual had some sort of explicit 3 second pause lock into place mechanism for fat shaky fingers.",
      "review_date": [
        "November",
        "8",
        " 2017"
      ]
    },
    {
      "REQ_subtype": "",
      "REQ_type": "",
      "_id": 79,
      "author_id": "not defined",
      "author_name": "Greg Colledge",
      "helpful": "0",
      "polarity": "",
      "rate": 4,
      "response": "Hi Greg,\n\nThanks for the review.\nIs there anything missing to get Genius Scan+ a fifth star?\n\nGuillaume",
      "response_date": [
        "December",
        "29",
        " 2017"
      ],
      "review": "This app gives the ability to take pictures and turn them into PDF files, and immediatlycsend them using a variety of methods. This has been a great app for getting a professional looking digital copy of hard copy documents.",
      "review_date": [
        "November",
        "28",
        " 2017"
      ]
    },
    {
      "REQ_subtype": "",
      "REQ_type": "",
      "_id": 80,
      "author_id": "not defined",
      "author_name": "Go ran",
      "helpful": "0",
      "polarity": "",
      "rate": 5,
      "response": "",
      "response_date": "",
      "review": "This is best applucation in universe. Using it since day one and never looked back. Great job and keep it up.",
      "review_date": [
        "November",
        "9",
        " 2017"
      ]
    },
    {
      "REQ_subtype": "",
      "REQ_type": "",
      "_id": 81,
      "author_id": "not defined",
      "author_name": "A Google user",
      "helpful": "0",
      "polarity": "",
      "rate": 4,
      "response": "",
      "response_date": "",
      "review": "Does a good job, though the automatic detection is a little flaky. Manual works well",
      "review_date": [
        "November",
        "8",
        " 2017"
      ]
    },
    {
      "REQ_subtype": "",
      "REQ_type": "",
      "_id": 82,
      "author_id": "not defined",
      "author_name": "Roel Mulder",
      "helpful": "0",
      "polarity": "",
      "rate": 4,
      "response": "Hi Roel, do you know that you can change the file size of the documents you export on the Export screen? You can change it to Large or Medium fo example and get an estimate of the file size. Let me know if you need more details. Guillaume",
      "response_date": [
        "November",
        "20",
        " 2017"
      ],
      "review": "Does what it needs to do. File sizes are huge though.",
      "review_date": [
        "November",
        "18",
        " 2017"
      ]
    },
    {
      "REQ_subtype": "",
      "REQ_type": "",
      "_id": 83,
      "author_id": "not defined",
      "author_name": "Egon Rath",
      "helpful": "0",
      "polarity": "",
      "rate": 5,
      "response": "",
      "response_date": "",
      "review": "Excellent, works absolutely flawless and really gets the job done.",
      "review_date": [
        "November",
        "15",
        " 2017"
      ]
    },
    {
      "REQ_subtype": "",
      "REQ_type": "",
      "_id": 84,
      "author_id": "not defined",
      "author_name": "Stephen Wallace",
      "helpful": "0",
      "polarity": "",
      "rate": 5,
      "response": "",
      "response_date": "",
      "review": "Ideal for receipt capture.",
      "review_date": [
        "November",
        "17",
        " 2017"
      ]
    },
    {
      "REQ_subtype": "",
      "REQ_type": "",
      "_id": 85,
      "author_id": "not defined",
      "author_name": "Jeff Atabelo",
      "helpful": "0",
      "polarity": "",
      "rate": 5,
      "response": "",
      "response_date": "",
      "review": "Just gets better and better",
      "review_date": [
        "November",
        "9",
        " 2017"
      ]
    },
    {
      "REQ_subtype": "",
      "REQ_type": "",
      "_id": 86,
      "author_id": "not defined",
      "author_name": "A Google user",
      "helpful": "0",
      "polarity": "",
      "rate": 5,
      "response": "Thank you so much for the positive review, it means a lot to us.\n\nCheers,\nJ\u00e9r\u00f4me",
      "response_date": [
        "November",
        "13",
        " 2017"
      ],
      "review": "Fantastic app, excellent technical support. Bravo!",
      "review_date": [
        "November",
        "12",
        " 2017"
      ]
    },
    {
      "REQ_subtype": "",
      "REQ_type": "",
      "_id": 87,
      "author_id": "not defined",
      "author_name": "Stephen Lawrence",
      "helpful": "0",
      "polarity": "",
      "rate": 5,
      "response": "",
      "response_date": "",
      "review": "A bargain",
      "review_date": [
        "November",
        "7",
        " 2017"
      ]
    },
    {
      "REQ_subtype": "",
      "REQ_type": "",
      "_id": 88,
      "author_id": "not defined",
      "author_name": "Tareq lilo",
      "helpful": "0",
      "polarity": "",
      "rate": 5,
      "response": "",
      "response_date": "",
      "review": "Nice one",
      "review_date": [
        "November",
        "27",
        " 2017"
      ]
    },
    {
      "REQ_subtype": "",
      "REQ_type": "",
      "_id": 89,
      "author_id": "not defined",
      "author_name": "Shadmox",
      "helpful": "0",
      "polarity": "",
      "rate": 5,
      "response": "",
      "response_date": "",
      "review": "Love it",
      "review_date": [
        "November",
        "19",
        " 2017"
      ]
    },
    {
      "REQ_subtype": "",
      "REQ_type": "",
      "_id": 90,
      "author_id": "not defined",
      "author_name": "Spencer Brown",
      "helpful": "0",
      "polarity": "",
      "rate": 5,
      "response": "Hi Spencer, since your review, we've added tag support and Auto Export to the Android version. You can check them out in the latest version. Let me know if you need any help. Guillaume",
      "response_date": [
        "November",
        "7",
        " 2017"
      ],
      "review": "I love this app, and was thrilled when I switched from to android that I could still use it.   That said, it unfortunately lacks a couple features that are on iOS, like tagging and auto-uploads.  Neither of these is a big deal on their own, since I can use other apps to organize my scans, but both of them missing messes up my workflow.  Edit: Now it has added the only features I missed on Android.  Really the best Scanning app there is for any platform.",
      "review_date": [
        "November",
        "7",
        " 2017"
      ]
    },
    {
      "REQ_subtype": "",
      "REQ_type": "",
      "_id": 91,
      "author_id": "not defined",
      "author_name": "iv hr",
      "helpful": "4",
      "polarity": "",
      "rate": 3,
      "response": "Hi, thanks for the feedback. Which options are you missing in the Android version? We're progressively adding more and more features to the Android version so we'd love to know which one is more important. Guillaume",
      "response_date": [
        "October",
        "9",
        " 2017"
      ],
      "review": "Not bad, needs more options, as a long time iOS user was use to the iOS options, much more detailed and refined. Lots of potential but still not as good as the iOS version.",
      "review_date": [
        "October",
        "6",
        " 2017"
      ]
    },
    {
      "REQ_subtype": "",
      "REQ_type": "",
      "_id": 92,
      "author_id": "not defined",
      "author_name": "luke Michael",
      "helpful": "0",
      "polarity": "",
      "rate": 5,
      "response": "",
      "response_date": "",
      "review": "I enjoy its convenience. Seems to be improving over the last 6 yrs I've been using it. Hope organizing and sharing get a little better soon, not bad now, just feel could be simpler.",
      "review_date": [
        "October",
        "29",
        " 2017"
      ]
    },
    {
      "REQ_subtype": "",
      "REQ_type": "",
      "_id": 93,
      "author_id": "not defined",
      "author_name": "Anthony Gennaro",
      "helpful": "0",
      "polarity": "",
      "rate": 1,
      "response": "Hello Anthony,\n\nCan you contact our team via the Help section of the app, or directly at android.support@thegrizzlylabs.com so we can process your request? Although Genius Scan doesn't offer annotation, it does support multiple photos import (see http://android.help.thegrizzlylabs.com/article/148-how-to-import-photos-files).\n\nBest,\nJ\u00e9r\u00f4me",
      "response_date": [
        "November",
        "2",
        " 2017"
      ],
      "review": "This app is the worst the photos , uploading you can not write or point out areas what a waist even if you upload photos from your gallery you have to do one at a time I want my money back what I paid for do not get This I paid for 6 on all my workers phone calling credit card company to get money back unhappy",
      "review_date": [
        "November",
        "2",
        " 2017"
      ]
    },
    {
      "REQ_subtype": "",
      "REQ_type": "",
      "_id": 94,
      "author_id": "not defined",
      "author_name": "Carl Schoeller",
      "helpful": "0",
      "polarity": "",
      "rate": 3,
      "response": "Hi Carl, here is a tutorial on how to export pages as JPEG: http://android.help.thegrizzlylabs.com/article/93-how-to-export-a-page-as-jpg. Let me know if you need more help. Guillaume",
      "response_date": [
        "November",
        "7",
        " 2017"
      ],
      "review": "Can not get the app to change file to jpeg on my LG phone.",
      "review_date": [
        "November",
        "3",
        " 2017"
      ]
    },
    {
      "REQ_subtype": "",
      "REQ_type": "",
      "_id": 95,
      "author_id": "not defined",
      "author_name": "Hafiz Cheema",
      "helpful": "0",
      "polarity": "",
      "rate": 4,
      "response": "Hi Hafiz, it's now possible to auto export your documents to Dropbox, Google Drive, to your local storage and by FTP. You can set it up in Genius Scan settings. Let me know if you need more details. Guillaume",
      "response_date": [
        "November",
        "20",
        " 2017"
      ],
      "review": "Need auto upload to cloud services. That is a huge feature which is lacking in this app.",
      "review_date": [
        "November",
        "7",
        " 2017"
      ]
    },
    {
      "REQ_subtype": "",
      "REQ_type": "",
      "_id": 96,
      "author_id": "not defined",
      "author_name": "Ariane Alexander",
      "helpful": "0",
      "polarity": "",
      "rate": 5,
      "response": "",
      "response_date": "",
      "review": "I use this all the time for documents. It's better than a physical scanner!",
      "review_date": [
        "November",
        "20",
        " 2017"
      ]
    },
    {
      "REQ_subtype": "",
      "REQ_type": "",
      "_id": 97,
      "author_id": "not defined",
      "author_name": "M Swid",
      "helpful": "0",
      "polarity": "",
      "rate": 4,
      "response": "",
      "response_date": "",
      "review": "Great app but focus problems at times.",
      "review_date": [
        "October",
        "23",
        " 2017"
      ]
    },
    {
      "REQ_subtype": "",
      "REQ_type": "",
      "_id": 98,
      "author_id": "not defined",
      "author_name": "Melle Slotema",
      "helpful": "0",
      "polarity": "",
      "rate": 5,
      "response": "",
      "response_date": "",
      "review": "Very good scan app... Use it for most scans nowadays..",
      "review_date": [
        "October",
        "19",
        " 2017"
      ]
    },
    {
      "REQ_subtype": "",
      "REQ_type": "",
      "_id": 99,
      "author_id": "not defined",
      "author_name": "Krasimir Dimitrov",
      "helpful": "0",
      "polarity": "",
      "rate": 5,
      "response": "",
      "response_date": "",
      "review": "Thank you very much indeed.",
      "review_date": [
        "October",
        "24",
        " 2017"
      ]
    },
    {
      "REQ_subtype": "",
      "REQ_type": "",
      "_id": 100,
      "author_id": "not defined",
      "author_name": "Steve",
      "helpful": "0",
      "polarity": "",
      "rate": 4,
      "response": "",
      "response_date": "",
      "review": "Works well",
      "review_date": [
        "October",
        "22",
        " 2017"
      ]
    },
    {
      "REQ_subtype": "",
      "REQ_type": "",
      "_id": 101,
      "author_id": "not defined",
      "author_name": "PEPPART STUDIOS",
      "helpful": "0",
      "polarity": "",
      "rate": 5,
      "response": "",
      "response_date": "",
      "review": "Perfect for scanning documents",
      "review_date": [
        "October",
        "6",
        " 2017"
      ]
    },
    {
      "REQ_subtype": "",
      "REQ_type": "",
      "_id": 102,
      "author_id": "not defined",
      "author_name": "jerry morgan",
      "helpful": "0",
      "polarity": "",
      "rate": 5,
      "response": "",
      "response_date": "",
      "review": "Good app",
      "review_date": [
        "October",
        "10",
        " 2017"
      ]
    },
    {
      "REQ_subtype": "",
      "REQ_type": "",
      "_id": 103,
      "author_id": "not defined",
      "author_name": "Eric Reinholt",
      "helpful": "1",
      "polarity": "",
      "rate": 5,
      "response": "",
      "response_date": "",
      "review": "Great app for \"scanning\" paperwork!",
      "review_date": [
        "October",
        "3",
        " 2017"
      ]
    },
    {
      "REQ_subtype": "",
      "REQ_type": "",
      "_id": 104,
      "author_id": "not defined",
      "author_name": "A Google user",
      "helpful": "0",
      "polarity": "",
      "rate": 1,
      "response": "Hi, it's now possible to automatically export your Genius Scan documents as PDF to Google Drive. You can set it up in Genius Scan settings. Let me know if you need any help. Guillaume",
      "response_date": [
        "November",
        "7",
        " 2017"
      ],
      "review": "Paid for Google Scan+ because of advertized export fratures. Wantes to export my scans directly to Google Drive folder. These featurea are not available. Reached out to TheGrizzlyLabs and was ignored. I want my money back.",
      "review_date": [
        "August",
        "20",
        " 2017"
      ]
    },
    {
      "REQ_subtype": "",
      "REQ_type": "",
      "_id": 105,
      "author_id": "not defined",
      "author_name": "A Google user",
      "helpful": "3",
      "polarity": "",
      "rate": 5,
      "response": "",
      "response_date": "",
      "review": "The Genius Scan team did an amazing job transitioning my paid subscription from iPhone to Android, preventing me from having to pay twice. They epitomize customer service and the app quality is second to none in all aspects! Truly outstanding, I will not be switching from Genius Scan +",
      "review_date": [
        "August",
        "11",
        " 2017"
      ]
    },
    {
      "REQ_subtype": "",
      "REQ_type": "",
      "_id": 106,
      "author_id": "not defined",
      "author_name": "Dave Kaylor",
      "helpful": "0",
      "polarity": "",
      "rate": 5,
      "response": "",
      "response_date": "",
      "review": "I have quit using my multifunction printer since installing this app.  Makes short work of putting my receipts together for expenses. Also great for scanning documents.",
      "review_date": [
        "October",
        "2",
        " 2017"
      ]
    },
    {
      "REQ_subtype": "",
      "REQ_type": "",
      "_id": 107,
      "author_id": "not defined",
      "author_name": "Jack Lui",
      "helpful": "0",
      "polarity": "",
      "rate": 5,
      "response": "",
      "response_date": "",
      "review": "The only tool I need and use to scan PDFs or JPEGs to my computer, email, or google drive. Very intuitive, simple, and clean UI as well. They have updated it over the past few years and it just gets better.   Some of my favorite features include batch scanning and password protecting your PDFs. Try the FREE if you're on the fence.",
      "review_date": [
        "August",
        "27",
        " 2017"
      ]
    },
    {
      "REQ_subtype": "",
      "REQ_type": "",
      "_id": 108,
      "author_id": "not defined",
      "author_name": "Amy Zeller",
      "helpful": "0",
      "polarity": "",
      "rate": 3,
      "response": "",
      "response_date": "",
      "review": "Grr... got a new phone and tried to upload the back up so I wouldn't lose any of my documents, but Genius Scan was unable to import the backup. I lost everything.  Tried emailing to get help...3 werks, no response.",
      "review_date": [
        "August",
        "28",
        " 2017"
      ]
    },
    {
      "REQ_subtype": "",
      "REQ_type": "",
      "_id": 109,
      "author_id": "not defined",
      "author_name": "Craig Horner",
      "helpful": "1",
      "polarity": "",
      "rate": 5,
      "response": "Hi Craig, it is actually possible to reorder pages within a document: http://android.help.thegrizzlylabs.com/article/138-reorder-the-pages-of-your-document. Therefore, you can add a page to your document using the + button and then reorder it to move the page to the right position. Let me know if you need more help. Guillaume",
      "response_date": [
        "August",
        "10",
        " 2017"
      ],
      "review": "Great scanner app. Had enough of camscanner adverts and subscription fees. This app now beats camscanner and has a one off payment. Also the support by the developers is first rate",
      "review_date": [
        "August",
        "11",
        " 2017"
      ]
    },
    {
      "REQ_subtype": "",
      "REQ_type": "",
      "_id": 110,
      "author_id": "not defined",
      "author_name": "Matthew J. Nestor",
      "helpful": "0",
      "polarity": "",
      "rate": 5,
      "response": "",
      "response_date": "",
      "review": "I have used several apps to do things like scanning, faxing, email, copying, photo scanning, importing photos converting from old file types to new, or digitizing them for the first time, and this is by far the best app I have ever used for this.",
      "review_date": [
        "September",
        "20",
        " 2017"
      ]
    },
    {
      "REQ_subtype": "",
      "REQ_type": "",
      "_id": 111,
      "author_id": "not defined",
      "author_name": "Al Marquez",
      "helpful": "0",
      "polarity": "",
      "rate": 4,
      "response": "",
      "response_date": "",
      "review": "Just had to delete and up load app, didn't down load app before deleting, I guess all dcomments are lost?",
      "review_date": [
        "September",
        "25",
        " 2017"
      ]
    },
    {
      "REQ_subtype": "",
      "REQ_type": "",
      "_id": 112,
      "author_id": "not defined",
      "author_name": "Patrick Bouvry",
      "helpful": "0",
      "polarity": "",
      "rate": 2,
      "response": "Hi Patrick, it's now possible to automatically export your Genius Scan documents as PDF to Google Drive. You can set it up in Genius Scan settings. Let me know if you need any help. Guillaume",
      "response_date": [
        "November",
        "7",
        " 2017"
      ],
      "review": "Scanned pictures don't show in Gallery.  File format hidden in sharing function. No google drive integration.  Self-reliant features not useful instead of using outside solutions (poor).",
      "review_date": [
        "September",
        "12",
        " 2017"
      ]
    },
    {
      "REQ_subtype": "",
      "REQ_type": "",
      "_id": 113,
      "author_id": "not defined",
      "author_name": "Mario Horvat",
      "helpful": "0",
      "polarity": "",
      "rate": 4,
      "response": "Hi Mario, the Dropbox interface changed a little and it's not intuitive anymore to navigate to parent folders. You can either tap the Back button of your device or slide the screen from left to right to go back to the parent folder. Let me know if you need more help. Guillaume",
      "response_date": [
        "September",
        "12",
        " 2017"
      ],
      "review": "When exporting to dropbox, for some time now there is no longer  an option to choose the destination folder. This functionality existed in earlier versions. Big minus!",
      "review_date": [
        "September",
        "8",
        " 2017"
      ]
    },
    {
      "REQ_subtype": "",
      "REQ_type": "",
      "_id": 114,
      "author_id": "not defined",
      "author_name": "Bob B",
      "helpful": "1",
      "polarity": "",
      "rate": 4,
      "response": "",
      "response_date": "",
      "review": "Worked great before newest update, now it will not open.",
      "review_date": [
        "August",
        "11",
        " 2017"
      ]
    },
    {
      "REQ_subtype": "",
      "REQ_type": "",
      "_id": 115,
      "author_id": "not defined",
      "author_name": "Vi\u1ec7t Nguy\u1ec5n",
      "helpful": "0",
      "polarity": "",
      "rate": 4,
      "response": "",
      "response_date": "",
      "review": "4 stars because the scanned file not clear all the black at edge. Hope next version will improve.",
      "review_date": [
        "August",
        "20",
        " 2017"
      ]
    },
    {
      "REQ_subtype": "",
      "REQ_type": "",
      "_id": 116,
      "author_id": "not defined",
      "author_name": "A Google user",
      "helpful": "0",
      "polarity": "",
      "rate": 5,
      "response": "",
      "response_date": "",
      "review": "Excellent scanner!  The pictures are remarkably good, and you can crop them and enhance them to your liking.",
      "review_date": [
        "September",
        "17",
        " 2017"
      ]
    },
    {
      "REQ_subtype": "",
      "REQ_type": "",
      "_id": 117,
      "author_id": "not defined",
      "author_name": "Cory Zipperle",
      "helpful": "0",
      "polarity": "",
      "rate": 5,
      "response": "",
      "response_date": "",
      "review": "Works very well for quick snap and sending of documents.",
      "review_date": [
        "September",
        "28",
        " 2017"
      ]
    },
    {
      "REQ_subtype": "",
      "REQ_type": "",
      "_id": 118,
      "author_id": "not defined",
      "author_name": "Wally Tung",
      "helpful": "0",
      "polarity": "",
      "rate": 5,
      "response": "",
      "response_date": "",
      "review": "Works really well to scan all my receipts",
      "review_date": [
        "August",
        "18",
        " 2017"
      ]
    },
    {
      "REQ_subtype": "",
      "REQ_type": "",
      "_id": 119,
      "author_id": "not defined",
      "author_name": "Coby Donaldson",
      "helpful": "0",
      "polarity": "",
      "rate": 5,
      "response": "",
      "response_date": "",
      "review": "Been using this for years for receipts and docs.  Awesome.",
      "review_date": [
        "September",
        "18",
        " 2017"
      ]
    },
    {
      "REQ_subtype": "",
      "REQ_type": "",
      "_id": 120,
      "author_id": "not defined",
      "author_name": "Rodney Grimes",
      "helpful": "0",
      "polarity": "",
      "rate": 5,
      "response": "",
      "response_date": "",
      "review": "Like it a lot",
      "review_date": [
        "September",
        "8",
        " 2017"
      ]
    },
    {
      "REQ_subtype": "",
      "REQ_type": "",
      "_id": 121,
      "author_id": "not defined",
      "author_name": "Michael Childers",
      "helpful": "0",
      "polarity": "",
      "rate": 5,
      "response": "",
      "response_date": "",
      "review": "Has work great for me",
      "review_date": [
        "September",
        "14",
        " 2017"
      ]
    },
    {
      "REQ_subtype": "",
      "REQ_type": "",
      "_id": 122,
      "author_id": "not defined",
      "author_name": "Polina Bartik",
      "helpful": "1",
      "polarity": "",
      "rate": 5,
      "response": "",
      "response_date": "",
      "review": "Love it!",
      "review_date": [
        "September",
        "1",
        " 2017"
      ]
    },
    {
      "REQ_subtype": "",
      "REQ_type": "",
      "_id": 123,
      "author_id": "not defined",
      "author_name": "bobby goodson",
      "helpful": "0",
      "polarity": "",
      "rate": 5,
      "response": "",
      "response_date": "",
      "review": "Works great.",
      "review_date": [
        "August",
        "14",
        " 2017"
      ]
    },
    {
      "REQ_subtype": "",
      "REQ_type": "",
      "_id": 124,
      "author_id": "not defined",
      "author_name": "Aaron Sims",
      "helpful": "0",
      "polarity": "",
      "rate": 5,
      "response": "",
      "response_date": "",
      "review": "Love it!",
      "review_date": [
        "September",
        "17",
        " 2017"
      ]
    },
    {
      "REQ_subtype": "",
      "REQ_type": "",
      "_id": 125,
      "author_id": "not defined",
      "author_name": "Gerardo Miguel Z\u00fa\u00f1iga Nieto",
      "helpful": "0",
      "polarity": "",
      "rate": 5,
      "response": "",
      "response_date": "",
      "review": "Digging it",
      "review_date": [
        "August",
        "14",
        " 2017"
      ]
    },
    {
      "REQ_subtype": "",
      "REQ_type": "",
      "_id": 126,
      "author_id": "not defined",
      "author_name": "Brian Morton",
      "helpful": "0",
      "polarity": "",
      "rate": 5,
      "response": "",
      "response_date": "",
      "review": "Great stuff",
      "review_date": [
        "September",
        "6",
        " 2017"
      ]
    },
    {
      "REQ_subtype": "",
      "REQ_type": "",
      "_id": 127,
      "author_id": "not defined",
      "author_name": "Pat Rudolph",
      "helpful": "1",
      "polarity": "",
      "rate": 4,
      "response": "Hi Pat, we've recently added Auto Export to Google Drive in Genius Scan. With this feature, every document is automatically exported as PDF to your Drive account. You should try it out in Genius Scan settings. Let me know if you need any help. Guillaume",
      "response_date": [
        "November",
        "7",
        " 2017"
      ],
      "review": "Very intuitive scanning, creating PDFs of my expense receipts, and adding them to folders (called \"documents\" in the app). The only reason they don't get 5 stars is because they don't have auto-backup to cloud storage, only manual backups. And who remembers to do manual backups? Every time I upgrade my phone, I lose my previous scans. PLEASE add an option for auto-backup to Google Drive.",
      "review_date": [
        "July",
        "15",
        " 2017"
      ]
    },
    {
      "REQ_subtype": "",
      "REQ_type": "",
      "_id": 128,
      "author_id": "not defined",
      "author_name": "A Google user",
      "helpful": "0",
      "polarity": "",
      "rate": 5,
      "response": "Thank you Tom for such a positive review. ~ J\u00e9r\u00f4me",
      "response_date": [
        "July",
        "17",
        " 2017"
      ],
      "review": "I've tested a few (dozen) of these scanners and collected a few documents that I use to torture them. There have only been two PDF Scanner apps that have aced all documents tested. This, Genius Scan+, and CamScanner Pro. I don't know which is the better one, or even if one is better than the other, but they are both way, way ahead of the competition. Saving to Evernote (and other places) has never been easier. If you want quality, you will have to pay for it and while the cheaper apps will do the job, they don't do it nearly as well.",
      "review_date": [
        "July",
        "13",
        " 2017"
      ]
    },
    {
      "REQ_subtype": "",
      "REQ_type": "",
      "_id": 129,
      "author_id": "not defined",
      "author_name": "Chris Eich",
      "helpful": "1",
      "polarity": "",
      "rate": 5,
      "response": "Thanks for the feedback, Chris.",
      "response_date": [
        "July",
        "17",
        " 2017"
      ],
      "review": "Love the auto scan feature, takes nice scans quickly and easily and let's you email it out, what more do you really need? Continually updated unlike a lot of other scanner apps I've tried",
      "review_date": [
        "July",
        "13",
        " 2017"
      ]
    },
    {
      "REQ_subtype": "",
      "REQ_type": "",
      "_id": 130,
      "author_id": "not defined",
      "author_name": "zvika schawrtz",
      "helpful": "0",
      "polarity": "",
      "rate": 5,
      "response": "",
      "response_date": "",
      "review": "The problem is the backup i cant really sync to cloud and the files the app makes doesnt really opne when the app needs to use the backup function",
      "review_date": [
        "July",
        "23",
        " 2017"
      ]
    },
    {
      "REQ_subtype": "",
      "REQ_type": "",
      "_id": 131,
      "author_id": "not defined",
      "author_name": "A Google user",
      "helpful": "1",
      "polarity": "",
      "rate": 5,
      "response": "",
      "response_date": "",
      "review": "Love the mobile ability to submit my paperwork",
      "review_date": [
        "July",
        "28",
        " 2017"
      ]
    },
    {
      "REQ_subtype": "",
      "REQ_type": "",
      "_id": 132,
      "author_id": "not defined",
      "author_name": "Jennifer Jackson",
      "helpful": "0",
      "polarity": "",
      "rate": 5,
      "response": "",
      "response_date": "",
      "review": "I use it all the time.  It's a great app. Never have any issues",
      "review_date": [
        "July",
        "31",
        " 2017"
      ]
    },
    {
      "REQ_subtype": "",
      "REQ_type": "",
      "_id": 133,
      "author_id": "not defined",
      "author_name": "Kenneth Kariru Muchiri",
      "helpful": "0",
      "polarity": "",
      "rate": 5,
      "response": "",
      "response_date": "",
      "review": "Intuitive app. I would love to be able to scan direct to Google drive.",
      "review_date": [
        "July",
        "29",
        " 2017"
      ]
    },
    {
      "REQ_subtype": "",
      "REQ_type": "",
      "_id": 134,
      "author_id": "not defined",
      "author_name": "Kenneth Hendrickson",
      "helpful": "0",
      "polarity": "",
      "rate": 5,
      "response": "",
      "response_date": "",
      "review": "Awesome, scan well uploaded to one drive, and email.",
      "review_date": [
        "July",
        "19",
        " 2017"
      ]
    },
    {
      "REQ_subtype": "",
      "REQ_type": "",
      "_id": 135,
      "author_id": "not defined",
      "author_name": "Hendrik Tan",
      "helpful": "0",
      "polarity": "",
      "rate": 5,
      "response": "",
      "response_date": "",
      "review": "The good app",
      "review_date": [
        "August",
        "5",
        " 2017"
      ]
    },
    {
      "REQ_subtype": "",
      "REQ_type": "",
      "_id": 136,
      "author_id": "not defined",
      "author_name": "Ene Claudiu",
      "helpful": "0",
      "polarity": "",
      "rate": 5,
      "response": "",
      "response_date": "",
      "review": "Brilliant app",
      "review_date": [
        "September",
        "2",
        " 2017"
      ]
    },
    {
      "REQ_subtype": "",
      "REQ_type": "",
      "_id": 137,
      "author_id": "not defined",
      "author_name": "Mark Wilko",
      "helpful": "3",
      "polarity": "",
      "rate": 3,
      "response": "Hi Mark, thanks for the feedback and suggestions. Guillaume",
      "response_date": [
        "June",
        "19",
        " 2017"
      ],
      "review": "Would love if you could add folders and encryption of the backup files and I know it's a big ask but on phone OCR would make it near perfect. Your scanning app is in the minority concerning document privacy and security.",
      "review_date": [
        "May",
        "26",
        " 2017"
      ]
    },
    {
      "REQ_subtype": "",
      "REQ_type": "",
      "_id": 138,
      "author_id": "not defined",
      "author_name": "Tyrel Laqua",
      "helpful": "5",
      "polarity": "",
      "rate": 5,
      "response": "",
      "response_date": "",
      "review": "I've had really good luck with this app. I use almost daily at the office to quickly Scan everything from cheques to documents and easily convert jpeg files to pdf.",
      "review_date": [
        "May",
        "17",
        " 2017"
      ]
    },
    {
      "REQ_subtype": "",
      "REQ_type": "",
      "_id": 139,
      "author_id": "not defined",
      "author_name": "G Martinez",
      "helpful": "1",
      "polarity": "",
      "rate": 4,
      "response": "",
      "response_date": "",
      "review": "great scanner app. Highly recommend. One feature I would love to see implemented is the ability to mark-up the documents I scan. I use a stylus with my phone,  and end up transferring these to an outside app to at notes on documents.",
      "review_date": [
        "May",
        "17",
        " 2017"
      ]
    },
    {
      "REQ_subtype": "",
      "REQ_type": "",
      "_id": 140,
      "author_id": "not defined",
      "author_name": "A Google user",
      "helpful": "1",
      "polarity": "",
      "rate": 5,
      "response": "",
      "response_date": "",
      "review": "I use this app everyday to seems on paper work. Works amazingly well.",
      "review_date": [
        "May",
        "10",
        " 2017"
      ]
    },
    {
      "REQ_subtype": "",
      "REQ_type": "",
      "_id": 141,
      "author_id": "not defined",
      "author_name": "Bouazza SE",
      "helpful": "0",
      "polarity": "",
      "rate": 5,
      "response": "",
      "response_date": "",
      "review": "Falls short of many desktop solutions (like ScanTailor) but hey it's still impressive for a phone app and does the job when we need to scan something quickly using the phone when away from the desktop.",
      "review_date": [
        "June",
        "23",
        " 2017"
      ]
    },
    {
      "REQ_subtype": "",
      "REQ_type": "",
      "_id": 142,
      "author_id": "not defined",
      "author_name": "Abdullah Kabli",
      "helpful": "1",
      "polarity": "",
      "rate": 5,
      "response": "",
      "response_date": "",
      "review": "Usually when we take a picture of a document, the shadow of my hand or my phone would appear in the picture. You should find a way to enhance pics with shadow",
      "review_date": [
        "May",
        "10",
        " 2017"
      ]
    },
    {
      "REQ_subtype": "",
      "REQ_type": "",
      "_id": 143,
      "author_id": "not defined",
      "author_name": "Kris Willard",
      "helpful": "0",
      "polarity": "",
      "rate": 5,
      "response": "",
      "response_date": "",
      "review": "Top 5 business apps in my opinion. A must have, and worth every penny! Used for a year so far. Wished I'd purchased sooner!!! You won't regret this one!",
      "review_date": [
        "May",
        "31",
        " 2017"
      ]
    },
    {
      "REQ_subtype": "",
      "REQ_type": "",
      "_id": 144,
      "author_id": "not defined",
      "author_name": "A Google user",
      "helpful": "1",
      "polarity": "",
      "rate": 5,
      "response": "",
      "response_date": "",
      "review": "Mutipage, editing is practical, cloud works perfect, nice to join documents after the fact.",
      "review_date": [
        "May",
        "20",
        " 2017"
      ]
    },
    {
      "REQ_subtype": "",
      "REQ_type": "",
      "_id": 145,
      "author_id": "not defined",
      "author_name": "David Marquez",
      "helpful": "1",
      "polarity": "",
      "rate": 5,
      "response": "",
      "response_date": "",
      "review": "If I could give 6 stars I would. Love this app",
      "review_date": [
        "May",
        "17",
        " 2017"
      ]
    },
    {
      "REQ_subtype": "",
      "REQ_type": "",
      "_id": 146,
      "author_id": "not defined",
      "author_name": "andries fc",
      "helpful": "1",
      "polarity": "",
      "rate": 5,
      "response": "",
      "response_date": "",
      "review": "Essential app if you have to use whiteboards in meetings.",
      "review_date": [
        "May",
        "18",
        " 2017"
      ]
    },
    {
      "REQ_subtype": "",
      "REQ_type": "",
      "_id": 147,
      "author_id": "not defined",
      "author_name": "Robert Pinkard",
      "helpful": "0",
      "polarity": "",
      "rate": 5,
      "response": "",
      "response_date": "",
      "review": "Very quick and easy to use. Helps with digital backup scans when not at home for record keeping.",
      "review_date": [
        "June",
        "14",
        " 2017"
      ]
    },
    {
      "REQ_subtype": "",
      "REQ_type": "",
      "_id": 148,
      "author_id": "not defined",
      "author_name": "Tony Cassidy",
      "helpful": "0",
      "polarity": "",
      "rate": 4,
      "response": "Hi Tony, is there anything missing to get 5 stars? :) Guillaume",
      "response_date": [
        "May",
        "23",
        " 2017"
      ],
      "review": "Great app, scan all sorts of receipts or docs and get rid of that paper",
      "review_date": [
        "May",
        "21",
        " 2017"
      ]
    },
    {
      "REQ_subtype": "",
      "REQ_type": "",
      "_id": 149,
      "author_id": "not defined",
      "author_name": "Kyle Simmons",
      "helpful": "0",
      "polarity": "",
      "rate": 5,
      "response": "",
      "response_date": "",
      "review": "Great for submitting my travel documents for reimbursement and receipts for large purchases.",
      "review_date": [
        "July",
        "18",
        " 2017"
      ]
    },
    {
      "REQ_subtype": "",
      "REQ_type": "",
      "_id": 150,
      "author_id": "not defined",
      "author_name": "sg dasa",
      "helpful": "0",
      "polarity": "",
      "rate": 5,
      "response": "",
      "response_date": "",
      "review": "Awesome. It's siple and easy to use. Works as it should.  Highly recomended!!!",
      "review_date": [
        "June",
        "21",
        " 2017"
      ]
    },
    {
      "REQ_subtype": "",
      "REQ_type": "",
      "_id": 151,
      "author_id": "not defined",
      "author_name": "kewkumba 33",
      "helpful": "0",
      "polarity": "",
      "rate": 5,
      "response": "",
      "response_date": "",
      "review": "I love the crop feature. Very easy to use",
      "review_date": [
        "July",
        "4",
        " 2017"
      ]
    },
    {
      "REQ_subtype": "",
      "REQ_type": "",
      "_id": 152,
      "author_id": "not defined",
      "author_name": "Ivette Perez",
      "helpful": "0",
      "polarity": "",
      "rate": 5,
      "response": "",
      "response_date": "",
      "review": "This app is amazing and safe for important papers.",
      "review_date": [
        "July",
        "11",
        " 2017"
      ]
    },
    {
      "REQ_subtype": "",
      "REQ_type": "",
      "_id": 153,
      "author_id": "not defined",
      "author_name": "Franz Zichy",
      "helpful": "0",
      "polarity": "",
      "rate": 5,
      "response": "",
      "response_date": "",
      "review": "Use it consistently to scan documents. Excellent quality.",
      "review_date": [
        "June",
        "2",
        " 2017"
      ]
    },
    {
      "REQ_subtype": "",
      "REQ_type": "",
      "_id": 154,
      "author_id": "not defined",
      "author_name": "Jerry Ryan",
      "helpful": "0",
      "polarity": "",
      "rate": 5,
      "response": "",
      "response_date": "",
      "review": "The best pocket scanner on the market!",
      "review_date": [
        "June",
        "20",
        " 2017"
      ]
    },
    {
      "REQ_subtype": "",
      "REQ_type": "",
      "_id": 155,
      "author_id": "not defined",
      "author_name": "James Br",
      "helpful": "0",
      "polarity": "",
      "rate": 4,
      "response": "Hello James. Thank you for the positive review, it means a lot! Let us know if there's anything we can do to deserve a 5th star :) ~J\u00e9r\u00f4me",
      "response_date": [
        "July",
        "3",
        " 2017"
      ],
      "review": "Good simple scanning app",
      "review_date": [
        "June",
        "29",
        " 2017"
      ]
    },
    {
      "REQ_subtype": "",
      "REQ_type": "",
      "_id": 156,
      "author_id": "not defined",
      "author_name": "david raridon",
      "helpful": "0",
      "polarity": "",
      "rate": 5,
      "response": "",
      "response_date": "",
      "review": "Its great, get it",
      "review_date": [
        "June",
        "27",
        " 2017"
      ]
    },
    {
      "REQ_subtype": "",
      "REQ_type": "",
      "_id": 157,
      "author_id": "not defined",
      "author_name": "Leonardo Rivera",
      "helpful": "0",
      "polarity": "",
      "rate": 5,
      "response": "",
      "response_date": "",
      "review": "Simply Amazing!",
      "review_date": [
        "July",
        "14",
        " 2017"
      ]
    },
    {
      "REQ_subtype": "",
      "REQ_type": "",
      "_id": 158,
      "author_id": "not defined",
      "author_name": "A Google user",
      "helpful": "7",
      "polarity": "",
      "rate": 5,
      "response": "Hi, that's right, we might sometimes prompt you to review the app but if you discard the message, you should never be bothered again. Feel free to contact us at android.support@thegrizzlylabs.com if you have any other feedback. Regards, Guillaume",
      "response_date": [
        "March",
        "13",
        " 2017"
      ],
      "review": "Genius scan will slow your work occasionally with a \"nag\" to provide feed back to them, a bit embarrassing when with a customer and trying to set an appointment for a sale.  But that only happens when an update to the otherwise perfect tool for my daily communication to the office is updated. Another sales consultant recommended Genius Scan to me and I am glad he did.  Above all the customer support is wonderful!",
      "review_date": [
        "March",
        "15",
        " 2017"
      ]
    },
    {
      "REQ_subtype": "",
      "REQ_type": "",
      "_id": 159,
      "author_id": "not defined",
      "author_name": "Rob Atherton",
      "helpful": "6",
      "polarity": "",
      "rate": 5,
      "response": "",
      "response_date": "",
      "review": "Best scanner app I have tried. Office Lens not up to the same standard. Occasionally doesn't see light colours (particularly blue) but still perfectly usable. Would be nice to get that sorted as it looks better with the perfect white enhanced background. Top app otherwise.",
      "review_date": [
        "March",
        "28",
        " 2017"
      ]
    }
  ],
  "size": "Varies with devic",
  "url": "https://play.google.com/store/apps/details?id=com.thegrizzlylabs.geniusscan",
  "version": "Varies with device"
}