{
  "categories": [
    "Simulation"
  ],
  "description": "It\u2019s time for you to start your agricultural career with this realistic farming simulator. Harvest fields, raise animals, walk around your farm to manage buildings, drive combines, tractors, trucks and semis and master over 50 farm tools and implements.Your goal is to build the most valuable farm. Compare your stats with friends and become the best farmer. Take advantage of changing economy and sell your products at the highest price. Expand your farm by buying new fields and upgrading your buildings.Features:- Own over 50 vehicles and tools, including tractors, combine harvesters, trailers, trucks, cultivators, sowing machines and many other- Hire assistants to help you with your work- Walk or drive around your farm and discover detailed map with 4 major areas - farm, village, industrial and animal dealer- Plant, spray, grow and harvest corn, canola, wheat and hay to sell them on a market with changing prices- Raise cows, sheep and chickens and feed them with the best fodder to guarantee highest productivity- Experience open world gameplay with stunning and highly detailed 3D graphicsPlay the most realistic farming simulator on Google Play.",
  "inc": "Mageeks Apps & Games",
  "intalled_count": "10,000",
  "last_update": [
    "March",
    "14",
    " 2017"
  ],
  "name": "Farming PRO 2015",
  "offered_by": "Google Commerce Ltd",
  "permissions": {
    "Other": [
      "receive data from Internet",
      "view network connections",
      "full network access",
      "run at startup",
      "control vibration",
      "prevent device from sleeping"
    ]
  },
  "rate": [
    [
      "682",
      "3.9"
    ],
    [
      "385",
      "5"
    ],
    [
      "100",
      "4"
    ],
    [
      "50",
      "3"
    ],
    [
      "34",
      "2"
    ],
    [
      "113",
      "1"
    ]
  ],
  "required_android": "4.0.3",
  "reviews": [
    {
      "REQ_subtype": "",
      "REQ_type": "",
      "_id": 0,
      "author_id": "not defined",
      "author_name": "Myra Hulinsky",
      "helpful": "0",
      "polarity": "",
      "rate": 1,
      "response": "",
      "response_date": "",
      "review": "It is not what I thought it would be. I have uninstalled it please give me my money back.",
      "review_date": [
        "May",
        "17",
        " 2017"
      ]
    },
    {
      "REQ_subtype": "",
      "REQ_type": "",
      "_id": 1,
      "author_id": "not defined",
      "author_name": "Glen Grosskurth",
      "helpful": "3",
      "polarity": "",
      "rate": 4,
      "response": "",
      "response_date": "",
      "review": "Like it",
      "review_date": [
        "July",
        "11",
        " 2018"
      ]
    },
    {
      "REQ_subtype": "",
      "REQ_type": "",
      "_id": 2,
      "author_id": "not defined",
      "author_name": "Kyler Wilson",
      "helpful": "0",
      "polarity": "",
      "rate": 5,
      "response": "",
      "response_date": "",
      "review": "I love this game",
      "review_date": [
        "May",
        "16",
        " 2018"
      ]
    },
    {
      "REQ_subtype": "",
      "REQ_type": "",
      "_id": 3,
      "author_id": "not defined",
      "author_name": "Andrew Cabanas",
      "helpful": "6",
      "polarity": "",
      "rate": 2,
      "response": "",
      "response_date": "",
      "review": "Can't get passed trying to buy more seeds...",
      "review_date": [
        "February",
        "16",
        " 2017"
      ]
    },
    {
      "REQ_subtype": "",
      "REQ_type": "",
      "_id": 4,
      "author_id": "not defined",
      "author_name": "Tate Dryland",
      "helpful": "0",
      "polarity": "",
      "rate": 4,
      "response": "",
      "response_date": "",
      "review": "I love it but if you get your vehicle stuck how will you get it back",
      "review_date": [
        "August",
        "9",
        " 2016"
      ]
    },
    {
      "REQ_subtype": "",
      "REQ_type": "",
      "_id": 5,
      "author_id": "not defined",
      "author_name": "JENNIFER DAVILA",
      "helpful": "26",
      "polarity": "",
      "rate": 5,
      "response": "",
      "response_date": "",
      "review": "Drive the tractor and do farming jobs",
      "review_date": [
        "November",
        "1",
        " 2016"
      ]
    },
    {
      "REQ_subtype": "",
      "REQ_type": "",
      "_id": 6,
      "author_id": "not defined",
      "author_name": "Ethan Machin",
      "helpful": "0",
      "polarity": "",
      "rate": 5,
      "response": "",
      "response_date": "",
      "review": "Fun game",
      "review_date": [
        "November",
        "21",
        " 2016"
      ]
    },
    {
      "REQ_subtype": "",
      "REQ_type": "",
      "_id": 7,
      "author_id": "not defined",
      "author_name": "Paul Beeler",
      "helpful": "0",
      "polarity": "",
      "rate": 3,
      "response": "",
      "response_date": "",
      "review": "The gameplay is great and all, but this is not a true simulator.  For example I have to be in the game for the work to complete.  If I leave the game for any reason, (text, phone call) all the work stops even if I have assistants running everything.  The game should continue in the background, or be connected to a server to record game progress, instead of shutting down everything in the game and make you load a game each time you enter the app!  And also put the character back where he was before.",
      "review_date": [
        "July",
        "6",
        " 2015"
      ]
    },
    {
      "REQ_subtype": "",
      "REQ_type": "",
      "_id": 8,
      "author_id": "not defined",
      "author_name": "Denny Steele",
      "helpful": "0",
      "polarity": "",
      "rate": 5,
      "response": "",
      "response_date": "",
      "review": "Love the game and enjoy playing it. Just 1 problem, everytime I enter the game it states not enough food for animals and you can only put so much in there. Is this a glitch or how do you get enough food in there? Please help very irritating.",
      "review_date": [
        "September",
        "12",
        " 2015"
      ]
    },
    {
      "REQ_subtype": "",
      "REQ_type": "",
      "_id": 9,
      "author_id": "not defined",
      "author_name": "D LECOMTE",
      "helpful": "0",
      "polarity": "",
      "rate": 1,
      "response": "",
      "response_date": "",
      "review": "Can't play the game, just freezes. Waste of money!!! Fix the bugs!!!",
      "review_date": [
        "July",
        "28",
        " 2015"
      ]
    },
    {
      "REQ_subtype": "",
      "REQ_type": "",
      "_id": 10,
      "author_id": "not defined",
      "author_name": "Luke Squires",
      "helpful": "0",
      "polarity": "",
      "rate": 1,
      "response": "",
      "response_date": "",
      "review": "I want a refund but do i get it nah now note 4 users should stay clear infact all users not happy should give my money back as it freezes on a field tried downloading twice its took my money and i cant play it i want it back",
      "review_date": [
        "August",
        "4",
        " 2015"
      ]
    },
    {
      "REQ_subtype": "",
      "REQ_type": "",
      "_id": 11,
      "author_id": "not defined",
      "author_name": "Brion Rice",
      "helpful": "0",
      "polarity": "",
      "rate": 1,
      "response": "",
      "response_date": "",
      "review": "Can anyone tell me why it's saying unfortunately farming pro 15 stop. If anyone can help me thanks. This game ain't working it won't start the game it says unfortunately this game won't play an closes out Like to have it fix r so way to get it to work r money back",
      "review_date": [
        "June",
        "21",
        " 2015"
      ]
    },
    {
      "REQ_subtype": "",
      "REQ_type": "",
      "_id": 12,
      "author_id": "not defined",
      "author_name": "cory stadick",
      "helpful": "0",
      "polarity": "",
      "rate": 1,
      "response": "",
      "response_date": "",
      "review": "Spent money to get equipment then game froze and I lost it all should have an auto save so that don't happen",
      "review_date": [
        "June",
        "16",
        " 2015"
      ]
    },
    {
      "REQ_subtype": "",
      "REQ_type": "",
      "_id": 13,
      "author_id": "not defined",
      "author_name": "Lucas Hare",
      "helpful": "0",
      "polarity": "",
      "rate": 2,
      "response": "",
      "response_date": "",
      "review": "Now the game will not load up, I can crate a profile and it loads a screenshot and seems like there is gameplay in the background but I cannot see it to play please look into this.",
      "review_date": [
        "September",
        "21",
        " 2015"
      ]
    },
    {
      "REQ_subtype": "",
      "REQ_type": "",
      "_id": 14,
      "author_id": "not defined",
      "author_name": "hunter Vicsik",
      "helpful": "0",
      "polarity": "",
      "rate": 5,
      "response": "",
      "response_date": "",
      "review": "accidently bought money and it wont let me restore all my purchases please helpnand ill rate 5 stars",
      "review_date": [
        "June",
        "18",
        " 2015"
      ]
    },
    {
      "REQ_subtype": "",
      "REQ_type": "",
      "_id": 15,
      "author_id": "not defined",
      "author_name": "Cody Storm",
      "helpful": "0",
      "polarity": "",
      "rate": 1,
      "response": "Dear Cody, thank you for your review. Please update to the latest version as we have fixed the UI problem that occured on some devices. If you have any other problems don't hesitate to e-mail us.",
      "response_date": [
        "June",
        "2",
        " 2015"
      ],
      "review": "Played my saved game a few nights ago, went to play the saved game and it magically disappeared. Emailed the developer twice now, still no saved game or response",
      "review_date": [
        "July",
        "18",
        " 2015"
      ]
    },
    {
      "REQ_subtype": "",
      "REQ_type": "",
      "_id": 16,
      "author_id": "not defined",
      "author_name": "Bill Angiolillo",
      "helpful": "0",
      "polarity": "",
      "rate": 1,
      "response": "",
      "response_date": "",
      "review": "Galaxy Note 4 (AT&T) the game opens then freezes on a screen with fields. Tried everything and it doesn't work. Waste of $2.99",
      "review_date": [
        "June",
        "16",
        " 2015"
      ]
    },
    {
      "REQ_subtype": "",
      "REQ_type": "",
      "_id": 17,
      "author_id": "not defined",
      "author_name": "Jesse Burnham",
      "helpful": "0",
      "polarity": "",
      "rate": 5,
      "response": "",
      "response_date": "",
      "review": "I love this game! There is a lot of stuff to do and plenty of hours of fun on this game. I would love to see some big Fixes, though. It would be better with a little bit better graphics in the high graphic setting.",
      "review_date": [
        "June",
        "11",
        " 2015"
      ]
    },
    {
      "REQ_subtype": "",
      "REQ_type": "",
      "_id": 18,
      "author_id": "not defined",
      "author_name": "Marcelino Chavez",
      "helpful": "0",
      "polarity": "",
      "rate": 1,
      "response": "",
      "response_date": "",
      "review": "It won't. Let me play it.   I download it. And.  Hit star new. Game and just get stuck  on the. Field screen.  What can I do to fix that",
      "review_date": [
        "June",
        "24",
        " 2015"
      ]
    },
    {
      "REQ_subtype": "",
      "REQ_type": "",
      "_id": 19,
      "author_id": "not defined",
      "author_name": "Trent Flowers",
      "helpful": "0",
      "polarity": "",
      "rate": 1,
      "response": "",
      "response_date": "",
      "review": "I just got the game and when it download now wont even load when the game starts",
      "review_date": [
        "September",
        "22",
        " 2015"
      ]
    },
    {
      "REQ_subtype": "",
      "REQ_type": "",
      "_id": 20,
      "author_id": "not defined",
      "author_name": "Richard Mcvicker",
      "helpful": "0",
      "polarity": "",
      "rate": 1,
      "response": "",
      "response_date": "",
      "review": "Dude I play the game on my nook I played it but the things gilch the tractor are invisabul",
      "review_date": [
        "January",
        "30",
        " 2016"
      ]
    },
    {
      "REQ_subtype": "",
      "REQ_type": "",
      "_id": 21,
      "author_id": "not defined",
      "author_name": "Trini Gonzalez",
      "helpful": "0",
      "polarity": "",
      "rate": 1,
      "response": "",
      "response_date": "",
      "review": "Installed game and it freezes upon launch.  Galaxy Note 4 users stay away!",
      "review_date": [
        "June",
        "24",
        " 2015"
      ]
    },
    {
      "REQ_subtype": "",
      "REQ_type": "",
      "_id": 22,
      "author_id": "not defined",
      "author_name": "Jenna Brassill",
      "helpful": "0",
      "polarity": "",
      "rate": 5,
      "response": "",
      "response_date": "",
      "review": "I love how u put the little signs on where things r its very helpful. And how u have 3 different markets to sell and buy what u need",
      "review_date": [
        "June",
        "10",
        " 2015"
      ]
    },
    {
      "REQ_subtype": "",
      "REQ_type": "",
      "_id": 23,
      "author_id": "not defined",
      "author_name": "Ashley Hahnert",
      "helpful": "0",
      "polarity": "",
      "rate": 3,
      "response": "",
      "response_date": "",
      "review": "I can't see the farmer or the trackters the only thing I can see on the trackter is the lights plz fix it",
      "review_date": [
        "June",
        "13",
        " 2015"
      ]
    },
    {
      "REQ_subtype": "",
      "REQ_type": "",
      "_id": 24,
      "author_id": "not defined",
      "author_name": "Jamie Davis",
      "helpful": "0",
      "polarity": "",
      "rate": 1,
      "response": "",
      "response_date": "",
      "review": "To pay for a game with the worst graphics that I have ever seen.",
      "review_date": [
        "September",
        "23",
        " 2015"
      ]
    },
    {
      "REQ_subtype": "",
      "REQ_type": "",
      "_id": 25,
      "author_id": "not defined",
      "author_name": "Eric Mcleese",
      "helpful": "0",
      "polarity": "",
      "rate": 1,
      "response": "",
      "response_date": "",
      "review": "I liked it but I did a update on my phone. Now when I open it, it won't let me move. The little joysticks won't come up to let me move. I would delete and redownload if I didn't have to pay",
      "review_date": [
        "July",
        "17",
        " 2015"
      ]
    },
    {
      "REQ_subtype": "",
      "REQ_type": "",
      "_id": 26,
      "author_id": "not defined",
      "author_name": "Jared Swenson",
      "helpful": "0",
      "polarity": "",
      "rate": 1,
      "response": "",
      "response_date": "",
      "review": "Will not let me play. I start new game and it freezes on screen.",
      "review_date": [
        "July",
        "3",
        " 2015"
      ]
    },
    {
      "REQ_subtype": "",
      "REQ_type": "",
      "_id": 27,
      "author_id": "not defined",
      "author_name": "Vivek Bandebuche",
      "helpful": "0",
      "polarity": "",
      "rate": 4,
      "response": "",
      "response_date": "",
      "review": "With few bugs but still nice game ... paid game should work flawlessly",
      "review_date": [
        "June",
        "15",
        " 2015"
      ]
    },
    {
      "REQ_subtype": "",
      "REQ_type": "",
      "_id": 28,
      "author_id": "not defined",
      "author_name": "Tyler Jacobson",
      "helpful": "0",
      "polarity": "",
      "rate": 1,
      "response": "",
      "response_date": "",
      "review": "I had the 8 wheel tractor and the game glitch out uninstalled and I tried getting it back and it says (response : 7:item already owned) please fix would rate 5 stars after fixed can i have my money back",
      "review_date": [
        "August",
        "11",
        " 2015"
      ]
    },
    {
      "REQ_subtype": "",
      "REQ_type": "",
      "_id": 29,
      "author_id": "not defined",
      "author_name": "Tracy Doab",
      "helpful": "0",
      "polarity": "",
      "rate": 1,
      "response": "",
      "response_date": "",
      "review": "Bad it is not dolodin after I Delt ol the game",
      "review_date": [
        "August",
        "17",
        " 2015"
      ]
    },
    {
      "REQ_subtype": "",
      "REQ_type": "",
      "_id": 30,
      "author_id": "not defined",
      "author_name": "Katie Tutt",
      "helpful": "2",
      "polarity": "",
      "rate": 4,
      "response": "",
      "response_date": "",
      "review": "Its a good game just didn't save my progress.",
      "review_date": [
        "June",
        "16",
        " 2015"
      ]
    },
    {
      "REQ_subtype": "",
      "REQ_type": "",
      "_id": 31,
      "author_id": "not defined",
      "author_name": "coopsjosh",
      "helpful": "2",
      "polarity": "",
      "rate": 4,
      "response": "",
      "response_date": "",
      "review": "It fun and different than any other games",
      "review_date": [
        "July",
        "7",
        " 2016"
      ]
    },
    {
      "REQ_subtype": "",
      "REQ_type": "",
      "_id": 32,
      "author_id": "not defined",
      "author_name": "Laura Haglin",
      "helpful": "0",
      "polarity": "",
      "rate": 5,
      "response": "",
      "response_date": "",
      "review": "Best game I've played in my life. All of my other games I haven't played for a while",
      "review_date": [
        "July",
        "29",
        " 2015"
      ]
    },
    {
      "REQ_subtype": "",
      "REQ_type": "",
      "_id": 33,
      "author_id": "not defined",
      "author_name": "farmerk",
      "helpful": "2",
      "polarity": "",
      "rate": 5,
      "response": "",
      "response_date": "",
      "review": "This is a very awesome game, I highly recommend it.",
      "review_date": [
        "July",
        "24",
        " 2016"
      ]
    },
    {
      "REQ_subtype": "",
      "REQ_type": "",
      "_id": 34,
      "author_id": "not defined",
      "author_name": "Brian Kennedy",
      "helpful": "0",
      "polarity": "",
      "rate": 1,
      "response": "",
      "response_date": "",
      "review": "I would like my money back the game don't work at all. How can I talk to about getting my money",
      "review_date": [
        "September",
        "10",
        " 2015"
      ]
    },
    {
      "REQ_subtype": "",
      "REQ_type": "",
      "_id": 35,
      "author_id": "not defined",
      "author_name": "Isaac B",
      "helpful": "0",
      "polarity": "",
      "rate": 5,
      "response": "",
      "response_date": "",
      "review": "Just a little lag",
      "review_date": [
        "April",
        "8",
        " 2016"
      ]
    },
    {
      "REQ_subtype": "",
      "REQ_type": "",
      "_id": 36,
      "author_id": "not defined",
      "author_name": "Riley Darby",
      "helpful": "0",
      "polarity": "",
      "rate": 5,
      "response": "",
      "response_date": "",
      "review": "I love it u may care to try it yal will have fun being a farmer here",
      "review_date": [
        "September",
        "30",
        " 2015"
      ]
    },
    {
      "REQ_subtype": "",
      "REQ_type": "",
      "_id": 37,
      "author_id": "not defined",
      "author_name": "Jovon Jones",
      "helpful": "0",
      "polarity": "",
      "rate": 2,
      "response": "",
      "response_date": "",
      "review": "It keeps on exiting me out when I press the start button",
      "review_date": [
        "July",
        "24",
        " 2015"
      ]
    },
    {
      "REQ_subtype": "",
      "REQ_type": "",
      "_id": 38,
      "author_id": "not defined",
      "author_name": "Jake Osborn",
      "helpful": "0",
      "polarity": "",
      "rate": 1,
      "response": "",
      "response_date": "",
      "review": "I purchased this game and downloaded it and it won't even load to let me play",
      "review_date": [
        "September",
        "24",
        " 2015"
      ]
    },
    {
      "REQ_subtype": "",
      "REQ_type": "",
      "_id": 39,
      "author_id": "not defined",
      "author_name": "mark crum",
      "helpful": "0",
      "polarity": "",
      "rate": 5,
      "response": "",
      "response_date": "",
      "review": "Takes up time when u have it",
      "review_date": [
        "June",
        "16",
        " 2015"
      ]
    },
    {
      "REQ_subtype": "",
      "REQ_type": "",
      "_id": 40,
      "author_id": "not defined",
      "author_name": "Andrew Johns",
      "helpful": "0",
      "polarity": "",
      "rate": 5,
      "response": "",
      "response_date": "",
      "review": "Thoroughly loving it, the in app purchases are really cheap so far and really awesome! Great game, well done!",
      "review_date": [
        "August",
        "1",
        " 2015"
      ]
    },
    {
      "REQ_subtype": "",
      "REQ_type": "",
      "_id": 41,
      "author_id": "not defined",
      "author_name": "Josh Cooper",
      "helpful": "0",
      "polarity": "",
      "rate": 4,
      "response": "",
      "response_date": "",
      "review": "I really like this game but the driving controls of the farmer simulation 14 was a lot better",
      "review_date": [
        "June",
        "10",
        " 2015"
      ]
    },
    {
      "REQ_subtype": "",
      "REQ_type": "",
      "_id": 42,
      "author_id": "not defined",
      "author_name": "Kristian Sanders",
      "helpful": "2",
      "polarity": "",
      "rate": 1,
      "response": "",
      "response_date": "",
      "review": "Can I please have a refund",
      "review_date": [
        "September",
        "30",
        " 2016"
      ]
    },
    {
      "REQ_subtype": "",
      "REQ_type": "",
      "_id": 43,
      "author_id": "not defined",
      "author_name": "Alex Batts",
      "helpful": "0",
      "polarity": "",
      "rate": 5,
      "response": "",
      "response_date": "",
      "review": "I was surprised at how fun this game is. Works great on galaxy s6 edge",
      "review_date": [
        "September",
        "19",
        " 2015"
      ]
    },
    {
      "REQ_subtype": "",
      "REQ_type": "",
      "_id": 44,
      "author_id": "not defined",
      "author_name": "Jared Leon",
      "helpful": "0",
      "polarity": "",
      "rate": 4,
      "response": "",
      "response_date": "",
      "review": "Can you guys add traffic",
      "review_date": [
        "July",
        "27",
        " 2015"
      ]
    },
    {
      "REQ_subtype": "",
      "REQ_type": "",
      "_id": 45,
      "author_id": "not defined",
      "author_name": "Brian Proctor",
      "helpful": "0",
      "polarity": "",
      "rate": 5,
      "response": "",
      "response_date": "",
      "review": "Farming  game",
      "review_date": [
        "November",
        "21",
        " 2015"
      ]
    },
    {
      "REQ_subtype": "",
      "REQ_type": "",
      "_id": 46,
      "author_id": "not defined",
      "author_name": "Keith Novak",
      "helpful": "0",
      "polarity": "",
      "rate": 5,
      "response": "",
      "response_date": "",
      "review": "wont let Me get a refund",
      "review_date": [
        "October",
        "24",
        " 2015"
      ]
    },
    {
      "REQ_subtype": "",
      "REQ_type": "",
      "_id": 47,
      "author_id": "not defined",
      "author_name": "charles leach",
      "helpful": "0",
      "polarity": "",
      "rate": 1,
      "response": "",
      "response_date": "",
      "review": "Lost 2 purchase I made",
      "review_date": [
        "June",
        "11",
        " 2015"
      ]
    },
    {
      "REQ_subtype": "",
      "REQ_type": "",
      "_id": 48,
      "author_id": "not defined",
      "author_name": "Jesse Hughes",
      "helpful": "2",
      "polarity": "",
      "rate": 5,
      "response": "",
      "response_date": "",
      "review": "Cool game really like it",
      "review_date": [
        "June",
        "6",
        " 2016"
      ]
    },
    {
      "REQ_subtype": "",
      "REQ_type": "",
      "_id": 49,
      "author_id": "not defined",
      "author_name": "patrick pearce",
      "helpful": "0",
      "polarity": "",
      "rate": 1,
      "response": "",
      "response_date": "",
      "review": "It won't let me play",
      "review_date": [
        "December",
        "6",
        " 2015"
      ]
    },
    {
      "REQ_subtype": "",
      "REQ_type": "",
      "_id": 50,
      "author_id": "not defined",
      "author_name": "Sonicval21 Danielvalle",
      "helpful": "0",
      "polarity": "",
      "rate": 1,
      "response": "",
      "response_date": "",
      "review": "Too much lags",
      "review_date": [
        "August",
        "25",
        " 2015"
      ]
    },
    {
      "REQ_subtype": "",
      "REQ_type": "",
      "_id": 51,
      "author_id": "not defined",
      "author_name": "Clay The Grey",
      "helpful": "0",
      "polarity": "",
      "rate": 5,
      "response": "",
      "response_date": "",
      "review": "It's great to play just wish the vehicles went faster",
      "review_date": [
        "June",
        "25",
        " 2015"
      ]
    },
    {
      "REQ_subtype": "",
      "REQ_type": "",
      "_id": 52,
      "author_id": "not defined",
      "author_name": "Rhys White",
      "helpful": "0",
      "polarity": "",
      "rate": 4,
      "response": "",
      "response_date": "",
      "review": "It is so fun but their could be better stuff",
      "review_date": [
        "July",
        "10",
        " 2015"
      ]
    },
    {
      "REQ_subtype": "",
      "REQ_type": "",
      "_id": 53,
      "author_id": "not defined",
      "author_name": "Acer Nichelson",
      "helpful": "1",
      "polarity": "",
      "rate": 1,
      "response": "",
      "response_date": "",
      "review": "Give me a refund please",
      "review_date": [
        "April",
        "9",
        " 2018"
      ]
    },
    {
      "REQ_subtype": "",
      "REQ_type": "",
      "_id": 54,
      "author_id": "not defined",
      "author_name": "Luke Sergent",
      "helpful": "0",
      "polarity": "",
      "rate": 4,
      "response": "",
      "response_date": "",
      "review": "Asoum",
      "review_date": [
        "August",
        "12",
        " 2015"
      ]
    },
    {
      "REQ_subtype": "",
      "REQ_type": "",
      "_id": 55,
      "author_id": "not defined",
      "author_name": "Malachi Stowe",
      "helpful": "0",
      "polarity": "",
      "rate": 4,
      "response": "",
      "response_date": "",
      "review": "Fun but slow...  so it is real... hahaha",
      "review_date": [
        "August",
        "20",
        " 2015"
      ]
    },
    {
      "REQ_subtype": "",
      "REQ_type": "",
      "_id": 56,
      "author_id": "not defined",
      "author_name": "Romantic pal",
      "helpful": "2",
      "polarity": "",
      "rate": 4,
      "response": "",
      "response_date": "",
      "review": "\u00d1\u00efce game",
      "review_date": [
        "May",
        "11",
        " 2016"
      ]
    },
    {
      "REQ_subtype": "",
      "REQ_type": "",
      "_id": 57,
      "author_id": "not defined",
      "author_name": "ciprian victor ciora",
      "helpful": "0",
      "polarity": "",
      "rate": 5,
      "response": "",
      "response_date": "",
      "review": "I have a lot of fun",
      "review_date": [
        "December",
        "24",
        " 2015"
      ]
    },
    {
      "REQ_subtype": "",
      "REQ_type": "",
      "_id": 58,
      "author_id": "not defined",
      "author_name": "Pam Adams",
      "helpful": "0",
      "polarity": "",
      "rate": 5,
      "response": "",
      "response_date": "",
      "review": "ashley95",
      "review_date": [
        "August",
        "31",
        " 2015"
      ]
    },
    {
      "REQ_subtype": "",
      "REQ_type": "",
      "_id": 59,
      "author_id": "not defined",
      "author_name": "Natalie DiMattia",
      "helpful": "0",
      "polarity": "",
      "rate": 5,
      "response": "",
      "response_date": "",
      "review": "Bccbbcn",
      "review_date": [
        "June",
        "17",
        " 2015"
      ]
    },
    {
      "REQ_subtype": "",
      "REQ_type": "",
      "_id": 60,
      "author_id": "not defined",
      "author_name": "i like class 91s",
      "helpful": "0",
      "polarity": "",
      "rate": 5,
      "response": "",
      "response_date": "",
      "review": "Epic game",
      "review_date": [
        "August",
        "9",
        " 2015"
      ]
    },
    {
      "REQ_subtype": "",
      "REQ_type": "",
      "_id": 61,
      "author_id": "not defined",
      "author_name": "Gary Trusty",
      "helpful": "0",
      "polarity": "",
      "rate": 4,
      "response": "",
      "response_date": "",
      "review": "Nice game",
      "review_date": [
        "June",
        "24",
        " 2015"
      ]
    },
    {
      "REQ_subtype": "",
      "REQ_type": "",
      "_id": 62,
      "author_id": "not defined",
      "author_name": "Domonic Bathurst",
      "helpful": "0",
      "polarity": "",
      "rate": 5,
      "response": "",
      "response_date": "",
      "review": "Good game",
      "review_date": [
        "November",
        "18",
        " 2015"
      ]
    },
    {
      "REQ_subtype": "",
      "REQ_type": "",
      "_id": 63,
      "author_id": "not defined",
      "author_name": "Storch3394",
      "helpful": "0",
      "polarity": "",
      "rate": 5,
      "response": "",
      "response_date": "",
      "review": "Thanks for the game",
      "review_date": [
        "January",
        "1",
        " 2016"
      ]
    },
    {
      "REQ_subtype": "",
      "REQ_type": "",
      "_id": 64,
      "author_id": "not defined",
      "author_name": "Dustin Asleson",
      "helpful": "0",
      "polarity": "",
      "rate": 5,
      "response": "",
      "response_date": "",
      "review": "This is a good game",
      "review_date": [
        "October",
        "12",
        " 2015"
      ]
    },
    {
      "REQ_subtype": "",
      "REQ_type": "",
      "_id": 65,
      "author_id": "not defined",
      "author_name": "Brent Caddenhead",
      "helpful": "0",
      "polarity": "",
      "rate": 5,
      "response": "",
      "response_date": "",
      "review": "Ok",
      "review_date": [
        "August",
        "12",
        " 2015"
      ]
    },
    {
      "REQ_subtype": "",
      "REQ_type": "",
      "_id": 66,
      "author_id": "not defined",
      "author_name": "The Champions",
      "helpful": "0",
      "polarity": "",
      "rate": 5,
      "response": "",
      "response_date": "",
      "review": "Great",
      "review_date": [
        "September",
        "13",
        " 2015"
      ]
    },
    {
      "REQ_subtype": "",
      "REQ_type": "",
      "_id": 67,
      "author_id": "not defined",
      "author_name": "Aidan Franklin",
      "helpful": "0",
      "polarity": "",
      "rate": 5,
      "response": "",
      "response_date": "",
      "review": "Cool game",
      "review_date": [
        "November",
        "9",
        " 2015"
      ]
    },
    {
      "REQ_subtype": "",
      "REQ_type": "",
      "_id": 68,
      "author_id": "not defined",
      "author_name": "Kane Robinson",
      "helpful": "0",
      "polarity": "",
      "rate": 5,
      "response": "",
      "response_date": "",
      "review": "Great game",
      "review_date": [
        "September",
        "7",
        " 2015"
      ]
    },
    {
      "REQ_subtype": "",
      "REQ_type": "",
      "_id": 69,
      "author_id": "not defined",
      "author_name": "Waffles the seal",
      "helpful": "0",
      "polarity": "",
      "rate": 5,
      "response": "",
      "response_date": "",
      "review": "Cool",
      "review_date": [
        "September",
        "6",
        " 2015"
      ]
    },
    {
      "REQ_subtype": "",
      "REQ_type": "",
      "_id": 70,
      "author_id": "not defined",
      "author_name": "Shocktrooper PVT Heavy",
      "helpful": "0",
      "polarity": "",
      "rate": 5,
      "response": "",
      "response_date": "",
      "review": "\ud83d\ude03\ud83d\ude03\ud83d\ude03\ud83d\ude03\ud83d\ude03\ud83d\ude03\ud83d\ude03\ud83d\ude03\ud83d\ude03\ud83d\ude03\ud83d\ude03\ud83d\ude03\ud83d\ude03\ud83d\ude03\ud83d\ude03\ud83d\ude03\ud83d\ude03Worth the Money",
      "review_date": [
        "July",
        "21",
        " 2016"
      ]
    },
    {
      "REQ_subtype": "",
      "REQ_type": "",
      "_id": 71,
      "author_id": "not defined",
      "author_name": "Lisa Peck",
      "helpful": "0",
      "polarity": "",
      "rate": 1,
      "response": "",
      "response_date": "",
      "review": "Terrible glitched entire time the cow was glithing couldnt even walk want refund now nat acceptable how do you expect people to play this",
      "review_date": [
        "June",
        "6",
        " 2015"
      ]
    },
    {
      "REQ_subtype": "",
      "REQ_type": "",
      "_id": 72,
      "author_id": "not defined",
      "author_name": "Kyle Vanspeybroeck",
      "helpful": "0",
      "polarity": "",
      "rate": 1,
      "response": "",
      "response_date": "",
      "review": "Pay for the game. Downloaded it. Nothing will work when I open it.",
      "review_date": [
        "June",
        "5",
        " 2015"
      ]
    },
    {
      "REQ_subtype": "",
      "REQ_type": "",
      "_id": 73,
      "author_id": "not defined",
      "author_name": "David McClarren",
      "helpful": "0",
      "polarity": "",
      "rate": 5,
      "response": "",
      "response_date": "",
      "review": "Could be much smoother. Very good game otherwise.",
      "review_date": [
        "June",
        "6",
        " 2015"
      ]
    },
    {
      "REQ_subtype": "",
      "REQ_type": "",
      "_id": 74,
      "author_id": "not defined",
      "author_name": "Sherry Jannise",
      "helpful": "0",
      "polarity": "",
      "rate": 5,
      "response": "",
      "response_date": "",
      "review": "Love the game",
      "review_date": [
        "June",
        "7",
        " 2015"
      ]
    },
    {
      "REQ_subtype": "",
      "REQ_type": "",
      "_id": 75,
      "author_id": "not defined",
      "author_name": "Brandon Dowd",
      "helpful": "0",
      "polarity": "",
      "rate": 1,
      "response": "Dear Brandon, thank you for your review. Please update to the latest version as we have fixed this issue. If you have any other problems don't hesitate to e-mail us.",
      "response_date": [
        "June",
        "2",
        " 2015"
      ],
      "review": "Spend money on this game, I close it out and come back and none of my equipment is there",
      "review_date": [
        "May",
        "31",
        " 2015"
      ]
    },
    {
      "REQ_subtype": "",
      "REQ_type": "",
      "_id": 76,
      "author_id": "not defined",
      "author_name": "Wes Edwards",
      "helpful": "0",
      "polarity": "",
      "rate": 4,
      "response": "",
      "response_date": "",
      "review": "Enjoying the game but having trouble storing seeds and collecting eggs even with the proper trailers/vehicles",
      "review_date": [
        "May",
        "31",
        " 2015"
      ]
    },
    {
      "REQ_subtype": "",
      "REQ_type": "",
      "_id": 77,
      "author_id": "not defined",
      "author_name": "Mitchell Merwin",
      "helpful": "0",
      "polarity": "",
      "rate": 5,
      "response": "",
      "response_date": "",
      "review": "It's ok . . Wish you could hold more seeds in the storeroom but other then that it's ok.",
      "review_date": [
        "June",
        "1",
        " 2015"
      ]
    },
    {
      "REQ_subtype": "",
      "REQ_type": "",
      "_id": 78,
      "author_id": "not defined",
      "author_name": "Bojan Alexandru",
      "helpful": "0",
      "polarity": "",
      "rate": 1,
      "response": "",
      "response_date": "",
      "review": "I buy the game and I can't download... I want this to fix",
      "review_date": [
        "June",
        "3",
        " 2015"
      ]
    },
    {
      "REQ_subtype": "",
      "REQ_type": "",
      "_id": 79,
      "author_id": "not defined",
      "author_name": "Dalas Johnson",
      "helpful": "0",
      "polarity": "",
      "rate": 4,
      "response": "Dear Dalas, thank you for your review. Please let us know how we can improve our game. Also please update to the latest version as we have fixed many minor problems.",
      "response_date": [
        "June",
        "2",
        " 2015"
      ],
      "review": "Is good but a few bugs",
      "review_date": [
        "May",
        "31",
        " 2015"
      ]
    },
    {
      "REQ_subtype": "",
      "REQ_type": "",
      "_id": 80,
      "author_id": "not defined",
      "author_name": "Liam Ryan",
      "helpful": "0",
      "polarity": "",
      "rate": 2,
      "response": "Dear Liam, thank you for your review. Please let us know what performance issues did you encounter. You can also set the graphical quality level to LOW in settings. Also please update to the latest version as we have fixed many minor problems.",
      "response_date": [
        "June",
        "2",
        " 2015"
      ],
      "review": "Dose not work",
      "review_date": [
        "June",
        "1",
        " 2015"
      ]
    },
    {
      "REQ_subtype": "",
      "REQ_type": "",
      "_id": 81,
      "author_id": "not defined",
      "author_name": "Kody Kaufmann",
      "helpful": "0",
      "polarity": "",
      "rate": 5,
      "response": "",
      "response_date": "",
      "review": "Absolutely love it!",
      "review_date": [
        "May",
        "31",
        " 2015"
      ]
    },
    {
      "REQ_subtype": "",
      "REQ_type": "",
      "_id": 82,
      "author_id": "not defined",
      "author_name": "James Valleroy",
      "helpful": "0",
      "polarity": "",
      "rate": 3,
      "response": "Dear James, thank you for your review. Please update to the latest version as we have fixed the UI problem that occured on some devices. If you have any other problems don't hesitate to e-mail us.",
      "response_date": [
        "June",
        "2",
        " 2015"
      ],
      "review": "Haven't played too much, but currently my map and newspaper looks like an old school 90s printer that ran out of ink.. Can't really read it or see it. Have to scroll to the perfect spot to decode what's there. Galaxy S5 Active.",
      "review_date": [
        "May",
        "22",
        " 2015"
      ]
    },
    {
      "REQ_subtype": "",
      "REQ_type": "",
      "_id": 83,
      "author_id": "not defined",
      "author_name": "Adam Willis",
      "helpful": "0",
      "polarity": "",
      "rate": 5,
      "response": "Dear Adam, thank you for your review.",
      "response_date": [
        "June",
        "2",
        " 2015"
      ],
      "review": "Awesome game especially for a phone. A little fast passed but still very cool",
      "review_date": [
        "May",
        "22",
        " 2015"
      ]
    },
    {
      "REQ_subtype": "",
      "REQ_type": "",
      "_id": 84,
      "author_id": "not defined",
      "author_name": "Kurk katie Walter mulholland",
      "helpful": "0",
      "polarity": "",
      "rate": 1,
      "response": "Dear Kurk, Thank you for your review. Please update to the latest version as we have fixed the UI problem that occured on some devices. If you have any other problems don't hesitate to e-mail us. ",
      "response_date": [
        "June",
        "2",
        " 2015"
      ],
      "review": "Would be awesome if I could see what I can buy uninstalling",
      "review_date": [
        "May",
        "20",
        " 2015"
      ]
    },
    {
      "REQ_subtype": "",
      "REQ_type": "",
      "_id": 85,
      "author_id": "not defined",
      "author_name": "Barry Volk",
      "helpful": "0",
      "polarity": "",
      "rate": 2,
      "response": "Thank you for playing Farming PRO 2015. Can you please explain to us what you find not user friendly? We will do our best to improve it in the next update.",
      "response_date": [
        "May",
        "18",
        " 2015"
      ],
      "review": "Hard to catch 9n to. Not very user friendly",
      "review_date": [
        "May",
        "17",
        " 2015"
      ]
    },
    {
      "REQ_subtype": "",
      "REQ_type": "",
      "_id": 86,
      "author_id": "not defined",
      "author_name": "Ryan Burk",
      "helpful": "0",
      "polarity": "",
      "rate": 5,
      "response": "",
      "response_date": "",
      "review": "Thank you for this awesome game",
      "review_date": [
        "May",
        "19",
        " 2015"
      ]
    },
    {
      "REQ_subtype": "",
      "REQ_type": "",
      "_id": 87,
      "author_id": "not defined",
      "author_name": "David Franco",
      "helpful": "0",
      "polarity": "",
      "rate": 1,
      "response": "",
      "response_date": "",
      "review": "If this game had good graphics like \"farming simulator 14\" or even better graphics, this would be the best game out of ALL OF THE OTHER FARMING GAMES IN ANDROID and I would even pay 8 dollars for this game. But if this game isn't updated in its graphics, then until that happens, this game sucks and I reccomend everyone who likes farming games to not buy this game. I'm sorry but its true. Hope it gets updated in graphics",
      "review_date": [
        "July",
        "9",
        " 2015"
      ]
    },
    {
      "REQ_subtype": "",
      "REQ_type": "",
      "_id": 88,
      "author_id": "not defined",
      "author_name": "Dylan Baballe",
      "helpful": "0",
      "polarity": "",
      "rate": 2,
      "response": "",
      "response_date": "",
      "review": "I tried downloading it 20 times and it won't work my tablet is a polaroid tablet it won't let me download it can you can the makers of this game fix it",
      "review_date": [
        "November",
        "1",
        " 2015"
      ]
    },
    {
      "REQ_subtype": "",
      "REQ_type": "",
      "_id": 89,
      "author_id": "not defined",
      "author_name": "Tonya Sanderson",
      "helpful": "0",
      "polarity": "",
      "rate": 1,
      "response": "",
      "response_date": "",
      "review": "Would not let me get a refund",
      "review_date": [
        "September",
        "20",
        " 2015"
      ]
    },
    {
      "REQ_subtype": "",
      "REQ_type": "",
      "_id": 90,
      "author_id": "not defined",
      "author_name": "gator rittenberry",
      "helpful": "0",
      "polarity": "",
      "rate": 1,
      "response": "",
      "response_date": "",
      "review": "It's a shame I can't get a refund after playing for 5min bc it was def not worth the money.",
      "review_date": [
        "August",
        "17",
        " 2015"
      ]
    },
    {
      "REQ_subtype": "",
      "REQ_type": "",
      "_id": 91,
      "author_id": "not defined",
      "author_name": "Jacob Potter",
      "helpful": "0",
      "polarity": "",
      "rate": 1,
      "response": "",
      "response_date": "",
      "review": "I hate this game it doesn't have good graphics or nothing makes you do stuff that you don't have enough money to do it and that's when you begin",
      "review_date": [
        "June",
        "3",
        " 2015"
      ]
    },
    {
      "REQ_subtype": "",
      "REQ_type": "",
      "_id": 92,
      "author_id": "not defined",
      "author_name": "Julie Bolla",
      "helpful": "0",
      "polarity": "",
      "rate": 1,
      "response": "",
      "response_date": "",
      "review": "Fix accounts.",
      "review_date": [
        "January",
        "17",
        " 2016"
      ]
    },
    {
      "REQ_subtype": "",
      "REQ_type": "",
      "_id": 93,
      "author_id": "not defined",
      "author_name": "dennis goines",
      "helpful": "0",
      "polarity": "",
      "rate": 1,
      "response": "",
      "response_date": "",
      "review": "Installed started a new game and wont do anything past that uninstalled",
      "review_date": [
        "June",
        "16",
        " 2015"
      ]
    },
    {
      "REQ_subtype": "",
      "REQ_type": "",
      "_id": 94,
      "author_id": "not defined",
      "author_name": "Sam Chrispen",
      "helpful": "0",
      "polarity": "",
      "rate": 1,
      "response": "",
      "response_date": "",
      "review": "I bought the game didn't work from the start it's awful.",
      "review_date": [
        "September",
        "14",
        " 2015"
      ]
    },
    {
      "REQ_subtype": "",
      "REQ_type": "",
      "_id": 95,
      "author_id": "not defined",
      "author_name": "Skyler Angel",
      "helpful": "0",
      "polarity": "",
      "rate": 1,
      "response": "",
      "response_date": "",
      "review": "I WANT A REFUND NOW",
      "review_date": [
        "December",
        "29",
        " 2015"
      ]
    },
    {
      "REQ_subtype": "",
      "REQ_type": "",
      "_id": 96,
      "author_id": "not defined",
      "author_name": "Luke Dobberstein",
      "helpful": "0",
      "polarity": "",
      "rate": 1,
      "response": "",
      "response_date": "",
      "review": "Purchased it and it wont download due to an error...waste of money",
      "review_date": [
        "September",
        "19",
        " 2015"
      ]
    },
    {
      "REQ_subtype": "",
      "REQ_type": "",
      "_id": 97,
      "author_id": "not defined",
      "author_name": "Cy B",
      "helpful": "0",
      "polarity": "",
      "rate": 2,
      "response": "",
      "response_date": "",
      "review": "Tractors looked terrible.  Controls were bad.",
      "review_date": [
        "June",
        "6",
        " 2015"
      ]
    },
    {
      "REQ_subtype": "",
      "REQ_type": "",
      "_id": 98,
      "author_id": "not defined",
      "author_name": "Ryan O'Connor",
      "helpful": "0",
      "polarity": "",
      "rate": 1,
      "response": "Dear Ryan, thank you for your review. Please let us know how we can improve our game. Also please update to the latest version as we have fixed many minor problems.",
      "response_date": [
        "June",
        "2",
        " 2015"
      ],
      "review": "Worried game I've played",
      "review_date": [
        "May",
        "28",
        " 2015"
      ]
    },
    {
      "REQ_subtype": "",
      "REQ_type": "",
      "_id": 99,
      "author_id": "not defined",
      "author_name": "Brian Barreau",
      "helpful": "1",
      "polarity": "",
      "rate": 1,
      "response": "",
      "response_date": "",
      "review": "Won't work on note 4",
      "review_date": [
        "June",
        "4",
        " 2015"
      ]
    },
    {
      "REQ_subtype": "",
      "REQ_type": "",
      "_id": 100,
      "author_id": "not defined",
      "author_name": "M1l1tary T5a1n2k",
      "helpful": "0",
      "polarity": "",
      "rate": 1,
      "response": "Dear Frank, thank you for your review. Please update to the latest version as we have fixed the UI problem that occured on some devices. If you have any other problems don't hesitate to e-mail us. ",
      "response_date": [
        "June",
        "2",
        " 2015"
      ],
      "review": "It looked to fake",
      "review_date": [
        "May",
        "20",
        " 2015"
      ]
    },
    {
      "REQ_subtype": "",
      "REQ_type": "",
      "_id": 101,
      "author_id": "not defined",
      "author_name": "A Google user",
      "helpful": "0",
      "polarity": "",
      "rate": 1,
      "response": "",
      "response_date": "",
      "review": "Refund because tye controls are hard to master",
      "review_date": [
        "June",
        "18",
        " 2015"
      ]
    },
    {
      "REQ_subtype": "",
      "REQ_type": "",
      "_id": 102,
      "author_id": "not defined",
      "author_name": "taylor anderson",
      "helpful": "0",
      "polarity": "",
      "rate": 1,
      "response": "",
      "response_date": "",
      "review": "I bought and than I couldn't even play major glitch",
      "review_date": [
        "June",
        "19",
        " 2015"
      ]
    },
    {
      "REQ_subtype": "",
      "REQ_type": "",
      "_id": 103,
      "author_id": "not defined",
      "author_name": "Devin Corley",
      "helpful": "0",
      "polarity": "",
      "rate": 5,
      "response": "",
      "response_date": "",
      "review": "It's cool",
      "review_date": [
        "March",
        "27",
        " 2016"
      ]
    }
  ],
  "size": "52",
  "url": "https://play.google.com/store/apps/details?id=com.mageeks.android.farmingpro2015",
  "version": "1.5.1"
}