{
  "categories": [
    "Shopping"
  ],
  "description": "OurGroceries automatically keeps your family\u2019s grocery list in sync with the latest changes\u2014on every family member\u2019s phone or web browser.\u201cOur Groceries Shopping List is one of the very best grocery list apps for Android.\u201d \u2014 Joy of Android\u201cIt's simple to setup, free to use and it's integrated with Google Home as an Assistant app.\u201d \u2014CNET\u201cI can only say one thing about this app, it is awesome.\u201d \u2014 Fishers Android App Reviews\u201cI love technology, but I also love simplicity. I've found the best of both in OurGroceries.\u201d \u2014 The Kitch review\u201cAfter more than a year of using OurGroceries, we have been very satisfied.\u201d \u2014 Anne vs. Home review\u201cSo far OurGroceries is my app of choice.\u201d \u2014 Android Mom review\u201cIt really shines when dealing with multiple family members or roommates that are responsible for splitting up the grocery shopping.\u201d \u2014 Talk Android reviewEvery change to your shared shopping list is visible in seconds. See items being checked off as your partner shops!\u2022 Share your shopping lists with family members, even if they have an iPhone.\u2022 Share your recipes too; add them to your shopping list with one tap.\u2022 Add items using your Amazon Alexa device, such as the Echo.\u2022 Convenient shopping with your Android Wear watch.\u2022 Add photos to items (premium version only).\u2022 Add items by scanning barcodes (premium version only).\u2022 Ad-supported, but upgradable to turn off the ads.\u2022 iPhone and web versions are also available.Keywords: MyGroceries",
  "inc": "HeadCode",
  "intalled_count": "1,000,000",
  "last_update": [
    "May",
    "22",
    " 2018"
  ],
  "name": "Our Groceries Shopping List",
  "offered_by": "Google Commerce Ltd",
  "permissions": {
    "Location": [
      "approximate location (network-based)"
    ],
    "Photos/Media/Files": [
      "read the contents of your USB storage",
      "modify or delete the contents of your USB storage"
    ],
    "Storage": [
      "read the contents of your USB storage",
      "modify or delete the contents of your USB storage"
    ],
    "Camera": [
      "take pictures and videos"
    ],
    "Other": [
      "receive data from Internet",
      "view network connections",
      "full network access",
      "prevent device from sleeping",
      "install shortcuts"
    ]
  },
  "price": "",
  "rate": [
    [
      "40,002",
      "4.6"
    ],
    [
      "27,540",
      "5"
    ],
    [
      "9,697",
      "4"
    ],
    [
      "1,539",
      "3"
    ],
    [
      "516",
      "2"
    ],
    [
      "710",
      "1"
    ]
  ],
  "required_android": "Varies with",
  "reviews": [
    {
      "REQ_subtype": "",
      "REQ_type": "",
      "_id": 0,
      "author_id": "not defined",
      "author_name": "Pnsndltn Ffff",
      "helpful": "4",
      "polarity": "",
      "rate": 5,
      "response": "",
      "response_date": "",
      "review": "Liking this app a lot so far. Helps my boyfriend and I keep track of our \nshopping without having to constantly carry around and coordinate paper \nlists/take photos of lists. They also seem responsive to suggestions in \ncomments as I have noticed some earlier complaints fixed. Well done and \nthank you for the useful app.",
      "review_date": [
        "June",
        "26",
        " 2018"
      ]
    },
    {
      "REQ_subtype": "",
      "REQ_type": "",
      "_id": 1,
      "author_id": "not defined",
      "author_name": "A Google user",
      "helpful": "0",
      "polarity": "",
      "rate": 5,
      "response": "",
      "response_date": "",
      "review": "Simple yet easy to modify/edit categories as you may need. This app has \nmade my shopping quicker. You have a scanner, camera, notes and recipe \noption. Though I have not needed them it's great that they are there as an \noption. So much better then my previous app. !!",
      "review_date": [
        "June",
        "16",
        " 2018"
      ]
    },
    {
      "REQ_subtype": "",
      "REQ_type": "",
      "_id": 2,
      "author_id": "not defined",
      "author_name": "Joe Jamison",
      "helpful": "6",
      "polarity": "",
      "rate": 4,
      "response": "",
      "response_date": "",
      "review": "It's a good app for the family to keep our shopping list together. No more \ntrying to figure out what is on the list. It would be great to see who put \nsomething on the list if I needed clarification instead of having to ask \neveryone. Nicknames on participating phones would be nice as well. Finally, \nit's too easy to accidentally check something off the list - a long press \ninstead of a quick tap would be better.",
      "review_date": [
        "June",
        "12",
        " 2018"
      ]
    },
    {
      "REQ_subtype": "",
      "REQ_type": "",
      "_id": 3,
      "author_id": "not defined",
      "author_name": "B Moretti",
      "helpful": "1",
      "polarity": "",
      "rate": 5,
      "response": "",
      "response_date": "",
      "review": "Used other grocery apps to share with family for easy shopping and last \nminute add-ons. Kept running into glitches. This app works, is flexible \nwith setting choices, sharing is easy and seamlessly fast! I deleted my old \napp and only use this one with 4 or 5 different lists.",
      "review_date": [
        "July",
        "1",
        " 2018"
      ]
    },
    {
      "REQ_subtype": "",
      "REQ_type": "",
      "_id": 4,
      "author_id": "not defined",
      "author_name": "Esther DeWaters",
      "helpful": "1",
      "polarity": "",
      "rate": 5,
      "response": "",
      "response_date": "",
      "review": "I can create as many lists as I want, my husband can access them at the \nstore, our lists update immediately so I can make those forgotten changes \nwhile he is making a spontaneous grocery run and he can trust that the list \nis accurate. Ads are present but easily ignored. Love this app.",
      "review_date": [
        "June",
        "29",
        " 2018"
      ]
    },
    {
      "REQ_subtype": "",
      "REQ_type": "",
      "_id": 5,
      "author_id": "not defined",
      "author_name": "A Google user",
      "helpful": "1",
      "polarity": "",
      "rate": 4,
      "response": "",
      "response_date": "",
      "review": "Like the app alot, but it could do with a few tweaks. It would be nice to \nbe able to add a category when it pops up, instead of having to go through \nthe settings each time. There are times when I add an item, but could not \nthink of a catagory at the time. Also the app is on another phone in our \nhousehold and is linked to my account, but I think it is a bit rude to have \nto pay again to take off the ads. I would rather pay a little bit more and \nbe able to say put the app on 4 devices with no ads. Overall though the app \nis great. Can it be used with Google Assistant as well, or is that coming \nin the future?",
      "review_date": [
        "June",
        "9",
        " 2018"
      ]
    },
    {
      "REQ_subtype": "",
      "REQ_type": "",
      "_id": 6,
      "author_id": "not defined",
      "author_name": "John Moore",
      "helpful": "1",
      "polarity": "",
      "rate": 5,
      "response": "",
      "response_date": "",
      "review": "This is a very useful app in terms of helping us maintain a shared grocery \nlist. I like being able to create my own categories because they make sense \nto me (maybe not anyone else). It is easy to use both in terms of adding \nitems when we think of them as well as keeping track of items as they go \ninto the shopping basket.",
      "review_date": [
        "June",
        "16",
        " 2018"
      ]
    },
    {
      "REQ_subtype": "",
      "REQ_type": "",
      "_id": 7,
      "author_id": "not defined",
      "author_name": "Dawn Weikle",
      "helpful": "0",
      "polarity": "",
      "rate": 5,
      "response": "",
      "response_date": "",
      "review": "This is awesome to use. Very simple very quick. I've moved all my to-do \nlists to this app because it is so responsive. To Do @ home, To Do @ work, \nTo Do Errands.... LOVE IT! Changed settings to allow add multiple items \nconsecutively.",
      "review_date": [
        "June",
        "20",
        " 2018"
      ]
    },
    {
      "REQ_subtype": "",
      "REQ_type": "",
      "_id": 8,
      "author_id": "not defined",
      "author_name": "Carlos Contreras",
      "helpful": "0",
      "polarity": "",
      "rate": 5,
      "response": "",
      "response_date": "",
      "review": "The wife and I work different schedules. This app helps us know what the \nother needs from the store. We also use it to mark down items we need from \nthe home improvement store \"lowes,home depot\". Great app!",
      "review_date": [
        "May",
        "26",
        " 2018"
      ]
    },
    {
      "REQ_subtype": "",
      "REQ_type": "",
      "_id": 9,
      "author_id": "not defined",
      "author_name": "Doe",
      "helpful": "1",
      "polarity": "",
      "rate": 5,
      "response": "",
      "response_date": "",
      "review": "I've been using this app for a few years and I love it. It allows my family \nto add and subtract items so we (I) don't have to drop what I'm doing to \nrun to the store for missed items. A definite time saver",
      "review_date": [
        "June",
        "11",
        " 2018"
      ]
    },
    {
      "REQ_subtype": "",
      "REQ_type": "",
      "_id": 10,
      "author_id": "not defined",
      "author_name": "pandarenBrewmaster62",
      "helpful": "0",
      "polarity": "",
      "rate": 5,
      "response": "",
      "response_date": "",
      "review": "Very nice app for marriage life. Just sync each others shopping list with \neach others phone, which is super easy, just send an invite via e mail and \nyou have the same list. You can ofc create many different lists, we have \none for many things like grocery shop, IKEA, remember to ask someone \nsomething. Very much recommended!\ud83d\ude01\ud83d\udc4c",
      "review_date": [
        "May",
        "29",
        " 2018"
      ]
    },
    {
      "REQ_subtype": "",
      "REQ_type": "",
      "_id": 11,
      "author_id": "not defined",
      "author_name": "Jacob Wakefield",
      "helpful": "1",
      "polarity": "",
      "rate": 5,
      "response": "",
      "response_date": "",
      "review": "The killer feature: cross platform. Android, iOS, web interface. It also \ndoesn't hurt that syncing is super consistent and nearly instant. Or the \ndedicated, simple grocery interface. The best grocery app out of all that I \nhave tested. \ud83d\udc4d",
      "review_date": [
        "June",
        "10",
        " 2018"
      ]
    },
    {
      "REQ_subtype": "",
      "REQ_type": "",
      "_id": 12,
      "author_id": "not defined",
      "author_name": "Lisa Curb",
      "helpful": "0",
      "polarity": "",
      "rate": 4,
      "response": "",
      "response_date": "",
      "review": "Overall I like the app, and I like that I can integrate it with Amazon \nAlexa. My wish list for improvements are 1) ability to designate units and \npartial quantities of those units (1.5 pounds, instead of just a number), \nand 2) a favorites list I can choose from when depopulation the list with \ncommon staples. I really like My Mighty Grocery better, but the sticking \npoint there was not integrating with Alexa.",
      "review_date": [
        "July",
        "1",
        " 2018"
      ]
    },
    {
      "REQ_subtype": "",
      "REQ_type": "",
      "_id": 13,
      "author_id": "not defined",
      "author_name": "Ehren Leonberger",
      "helpful": "0",
      "polarity": "",
      "rate": 5,
      "response": "",
      "response_date": "",
      "review": "A bit of a learning curve but great functionality. Super fast update and \nsync. Would prefer swipe to cross items off instead of single tap as this \ncan happen accidently as you're walking though the store with phone in hand.",
      "review_date": [
        "June",
        "27",
        " 2018"
      ]
    },
    {
      "REQ_subtype": "",
      "REQ_type": "",
      "_id": 14,
      "author_id": "not defined",
      "author_name": "Tammy Ward",
      "helpful": "0",
      "polarity": "",
      "rate": 5,
      "response": "",
      "response_date": "",
      "review": "I can't live without this app. I have more than one list. I have a Grocery \nlist, a Wal-Mart list, a Dollar Store list, etc. I put things in as I think \nabout it at home so I don't have to remember everything all at once. I LOVE \nthis app!",
      "review_date": [
        "July",
        "15",
        " 2018"
      ]
    },
    {
      "REQ_subtype": "",
      "REQ_type": "",
      "_id": 15,
      "author_id": "not defined",
      "author_name": "Bryon Rachu",
      "helpful": "2",
      "polarity": "",
      "rate": 5,
      "response": "",
      "response_date": "",
      "review": "Nice, simple, easy to use app. I've tried a few shopping list apps and keep coming back to this one. The only thing missing is a notes section on the info page of each item so I can easily keep track of prices.",
      "review_date": [
        "May",
        "30",
        " 2018"
      ]
    },
    {
      "REQ_subtype": "",
      "REQ_type": "",
      "_id": 16,
      "author_id": "not defined",
      "author_name": "Stephen Smith",
      "helpful": "0",
      "polarity": "",
      "rate": 5,
      "response": "",
      "response_date": "",
      "review": "I keep several shopping lists I use across different devices. I don't use \nany other features. Unlike other apps, the features I don't use, don't get \nin the way.",
      "review_date": [
        "July",
        "5",
        " 2018"
      ]
    },
    {
      "REQ_subtype": "",
      "REQ_type": "",
      "_id": 17,
      "author_id": "not defined",
      "author_name": "Jen Anselmi",
      "helpful": "0",
      "polarity": "",
      "rate": 5,
      "response": "",
      "response_date": "",
      "review": "Such a robust app for managing lists. Love the sharing feature. All my \nfamily members can both add to my list or pick things up and I know we \nwon't forget anything.",
      "review_date": [
        "June",
        "12",
        " 2018"
      ]
    },
    {
      "REQ_subtype": "",
      "REQ_type": "",
      "_id": 18,
      "author_id": "not defined",
      "author_name": "Carl Ketchum",
      "helpful": "3",
      "polarity": "",
      "rate": 5,
      "response": "",
      "response_date": "",
      "review": "Master list for all consumables to find the products for a store you have \nlisted is OK, but I would prefer to have A Multi master list for each place \nI buy from. Why because if you have let's say five stores you buy from and \nyou want to add something to your list the master list you have to navigate \nthrough all the store list at the master list I recommend let there be a \nway after you make is this for a store that you could make I mean edit \ninstead of having to go into the master list add stuff to list eve.",
      "review_date": [
        "June",
        "5",
        " 2018"
      ]
    },
    {
      "REQ_subtype": "",
      "REQ_type": "",
      "_id": 19,
      "author_id": "not defined",
      "author_name": "Jung Lee",
      "helpful": "0",
      "polarity": "",
      "rate": 5,
      "response": "",
      "response_date": "",
      "review": "Long time user. Can even use it as a to do list. Cross sharing across \nplatforms is great as well as manual rearrange items, particularly in order \nof shopping aisle, is very useful to effeciently shop.",
      "review_date": [
        "July",
        "2",
        " 2018"
      ]
    },
    {
      "REQ_subtype": "",
      "REQ_type": "",
      "_id": 20,
      "author_id": "not defined",
      "author_name": "C Jeanne DeShazo",
      "helpful": "3",
      "polarity": "",
      "rate": 4,
      "response": "",
      "response_date": "",
      "review": "Our groceries gets easier and easier to use as it recognizes many items I \nstart to enter and categorizes them appropriately. However, I would like to \nadd a note to certain items to be sure that I am getting a quantity and \nproduct that I want. What I do now is modify the item name to indicate a \nbrand or a particular detail. Later that comes in as part of the item and \nhas to be re-edited.",
      "review_date": [
        "May",
        "24",
        " 2018"
      ]
    },
    {
      "REQ_subtype": "",
      "REQ_type": "",
      "_id": 21,
      "author_id": "not defined",
      "author_name": "miriam gondwe",
      "helpful": "0",
      "polarity": "",
      "rate": 5,
      "response": "",
      "response_date": "",
      "review": "Have tried all sorts of Shopping List apps and i always come back to this. \nIts such a breeze, perfect in every way - has all i need in a shopping list \napp.",
      "review_date": [
        "June",
        "20",
        " 2018"
      ]
    },
    {
      "REQ_subtype": "",
      "REQ_type": "",
      "_id": 22,
      "author_id": "not defined",
      "author_name": "Gerhard Lourens",
      "helpful": "0",
      "polarity": "",
      "rate": 5,
      "response": "",
      "response_date": "",
      "review": "Simple way to manage a list to which several people contribute. To the \npoint and without hassle. No sync issues or other problems. I use it daily, \neven for non-shopping.",
      "review_date": [
        "June",
        "22",
        " 2018"
      ]
    },
    {
      "REQ_subtype": "",
      "REQ_type": "",
      "_id": 23,
      "author_id": "not defined",
      "author_name": "Sarah Winnicki",
      "helpful": "2",
      "polarity": "",
      "rate": 5,
      "response": "",
      "response_date": "",
      "review": "This is by far the most useful app on my phone! First of all, it's super \neasy fo use! I have it paired with my echo dot and just ask Alexa to add \nmilk or whatever I need! We use it manually as well. It was easy to share \nthe list too! All we had to do was download the app on my boyfriend's phone \nand I signed in...that's it! No more texting or calling from the store to \nsee what we need or guessing because we forgot the list at home. This is \nthe app you had no idea you needed!!!",
      "review_date": [
        "May",
        "25",
        " 2018"
      ]
    },
    {
      "REQ_subtype": "",
      "REQ_type": "",
      "_id": 24,
      "author_id": "not defined",
      "author_name": "A Google user",
      "helpful": "2",
      "polarity": "",
      "rate": 5,
      "response": "",
      "response_date": "",
      "review": "7/6/2011 Being able to sync multiple users and lists in real time is \nperfect. Makes shopping so much easier to coordinate. . Update 5/25/14 - \nStill use this every day to keep grocery lists synced between my wife and \nI. Update 11/6/15 We still use this daily, still no problems. 06/14/18 \nstill the best. Using it on both an Android and iPhone, keeping both in \nsync.",
      "review_date": [
        "June",
        "14",
        " 2018"
      ]
    },
    {
      "REQ_subtype": "",
      "REQ_type": "",
      "_id": 25,
      "author_id": "not defined",
      "author_name": "David Woods",
      "helpful": "0",
      "polarity": "",
      "rate": 1,
      "response": "",
      "response_date": "",
      "review": "Absolutely terrible integration with Google Home. I ask it to add something \nlike pasta sauce to my shipping list, it adds just \"sauce.\" I ask it to add \nfrozen yogurt, it adds just \"yogurt.\" Just add what I ask for. And let me \nadd more than one item at a time.",
      "review_date": [
        "July",
        "1",
        " 2018"
      ]
    },
    {
      "REQ_subtype": "",
      "REQ_type": "",
      "_id": 26,
      "author_id": "not defined",
      "author_name": "Leah Peterson",
      "helpful": "0",
      "polarity": "",
      "rate": 5,
      "response": "",
      "response_date": "",
      "review": "Exactly what I was looking for! This app is truly wonderful. I am really \nhappy to pay for the premium version and support the creators. It has all \nthe features I want yet is perfectly simple. I *love* the ability to have a \nlist of recipes where you can copy the ingredients over to a shopping list. \nThis. Is. Genius. Also love how easy it is to categorize an item once and \nhave it automatically put in the right place from then on. The category \nheaders are great. Even something as simple as the option to not capitalize \nitems automatically is awesome. There is a running list of all past items \nin each shopping list that you can choose from which makes it super easy to \nmake sure you're not forgetting any staples (just click the plus sign). The \nability to take a picture of each item is freaking awesome just in case I \never need my husband to pick up groceries for me. He'll know exactly what I \nwant. Just the fact that you can share lists is amazing! All the \ncustomizable stuff is great. My shopping list app is really important to me \nand after switching from iOS to Android I had to give up my prior favorite. \nGuess what? This one is so much better!! The makers of this app seem to \nreally care about creating something great. Thank you so much for taking \nthe time to make something this useful and helpful!",
      "review_date": [
        "July",
        "9",
        " 2018"
      ]
    },
    {
      "REQ_subtype": "",
      "REQ_type": "",
      "_id": 27,
      "author_id": "not defined",
      "author_name": "Yoric DanatharFirinne",
      "helpful": "2",
      "polarity": "",
      "rate": 4,
      "response": "",
      "response_date": "",
      "review": "Now if we have a program that gets my spouce to add things to the list with \nenough lead time (ex: toiletpaper, diapers, asprin).",
      "review_date": [
        "July",
        "2",
        " 2018"
      ]
    },
    {
      "REQ_subtype": "",
      "REQ_type": "",
      "_id": 28,
      "author_id": "not defined",
      "author_name": "Lysa Richardson",
      "helpful": "0",
      "polarity": "",
      "rate": 5,
      "response": "",
      "response_date": "",
      "review": "Love this app! It's so useful across multiple devices too which makes \nthings so much easier when shopping with my husband. I love how you can \norganize things into multiple lists and categories as well.",
      "review_date": [
        "June",
        "14",
        " 2018"
      ]
    },
    {
      "REQ_subtype": "",
      "REQ_type": "",
      "_id": 29,
      "author_id": "not defined",
      "author_name": "A Google user",
      "helpful": "1",
      "polarity": "",
      "rate": 5,
      "response": "",
      "response_date": "",
      "review": "We love this app it's on all of our phones. We depend on it because \nwhoever's at the store next knows what everyone wants. I would go so far as \nto say this is one of our most valuable apps it's definitely one of the \nmost often used.",
      "review_date": [
        "June",
        "20",
        " 2018"
      ]
    },
    {
      "REQ_subtype": "",
      "REQ_type": "",
      "_id": 30,
      "author_id": "not defined",
      "author_name": "Lisa Heidtman",
      "helpful": "2",
      "polarity": "",
      "rate": 5,
      "response": "",
      "response_date": "",
      "review": "Exactly what I was looking for in a shopping list app. List updates \nimmediately for all shared users. Love being able to add pictures. If UPCs \nwere more consistent, that would be a more usable feature. Not the fault of \nthe app.",
      "review_date": [
        "June",
        "1",
        " 2018"
      ]
    },
    {
      "REQ_subtype": "",
      "REQ_type": "",
      "_id": 31,
      "author_id": "not defined",
      "author_name": "A Google user",
      "helpful": "0",
      "polarity": "",
      "rate": 5,
      "response": "",
      "response_date": "",
      "review": "Cross platform, lightweight, functional, cross-device sync works quickly \nand efficiently, behaves well & doesn't hit battery life. Dark theme saves \nbattery on OLED devices, too. It just does what it's designed to do - \nsimply and well and doesn't try to do too much, and get cluttered. Been \nusing it for quite some time, and can thoroughly recommend it.",
      "review_date": [
        "June",
        "28",
        " 2018"
      ]
    },
    {
      "REQ_subtype": "",
      "REQ_type": "",
      "_id": 32,
      "author_id": "not defined",
      "author_name": "Paola Martinez",
      "helpful": "2",
      "polarity": "",
      "rate": 5,
      "response": "",
      "response_date": "",
      "review": "Very helpful to keep me updated on my shopping list. Very convenient just \nask Alexa to add an item so I do not forget to buy it when I am at the \nstore. I can costumize it with every store.",
      "review_date": [
        "June",
        "4",
        " 2018"
      ]
    },
    {
      "REQ_subtype": "",
      "REQ_type": "",
      "_id": 33,
      "author_id": "not defined",
      "author_name": "John H.",
      "helpful": "1",
      "polarity": "",
      "rate": 5,
      "response": "",
      "response_date": "",
      "review": "Simple, efficient and useful. Adding, striking and removing items from a \nlist is fast and easy. Seeing what list contains an item is helpful. \nSharing lists is very straightforward.",
      "review_date": [
        "June",
        "2",
        " 2018"
      ]
    },
    {
      "REQ_subtype": "",
      "REQ_type": "",
      "_id": 34,
      "author_id": "not defined",
      "author_name": "Nichole Boardwyne",
      "helpful": "1",
      "polarity": "",
      "rate": 5,
      "response": "",
      "response_date": "",
      "review": "Easy to use, good features. I like being able to add a recipes worth of \nitems. I have the upgrade so I have no ads. Pictures (upgrade) are helpful. \nOnly con: would like to be able to add multiple items from history at once.",
      "review_date": [
        "May",
        "31",
        " 2018"
      ]
    },
    {
      "REQ_subtype": "",
      "REQ_type": "",
      "_id": 35,
      "author_id": "not defined",
      "author_name": "Danica Thomas",
      "helpful": "0",
      "polarity": "",
      "rate": 5,
      "response": "",
      "response_date": "",
      "review": "Awesome app that's super easy to use. Was always forgetting paper lists at \nhome; now this lets me update my grocery list (and other lists I've added!) \nanytime, anywhere, and sync it with family members so they can modify it in \nreal time. Fantastic!",
      "review_date": [
        "July",
        "7",
        " 2018"
      ]
    },
    {
      "REQ_subtype": "",
      "REQ_type": "",
      "_id": 36,
      "author_id": "not defined",
      "author_name": "Original Radman",
      "helpful": "1",
      "polarity": "",
      "rate": 5,
      "response": "",
      "response_date": "",
      "review": "Cross platform, simple and reliable. I have been able to use this with my \nwatch, phone and even my Amazon echo. All long before other apps could try \nto keep up. Thanks.",
      "review_date": [
        "June",
        "16",
        " 2018"
      ]
    },
    {
      "REQ_subtype": "",
      "REQ_type": "",
      "_id": 37,
      "author_id": "not defined",
      "author_name": "Amina Advany Maglajlic",
      "helpful": "0",
      "polarity": "",
      "rate": 5,
      "response": "",
      "response_date": "",
      "review": "I love that my husband and can have the same account through the Google \nlibrary and also access or groceries online as well as easily tell our \nGoogle Home to add items to lists. I do agree, I wish there were a shared \nmaster list",
      "review_date": [
        "June",
        "7",
        " 2018"
      ]
    },
    {
      "REQ_subtype": "",
      "REQ_type": "",
      "_id": 38,
      "author_id": "not defined",
      "author_name": "Kimo Young",
      "helpful": "0",
      "polarity": "",
      "rate": 1,
      "response": "Hi! Sorry, we were away on vacation for a few days. We're responded to your email now, I hope sharing lists works for you.",
      "response_date": [
        "July",
        "3",
        " 2018"
      ],
      "review": "App fails to update with other users attempting to share the lists. \nCustomer support unhelpful I'm trying to troubleshoot issue. I was told to \nsign into one account on both phones which we already had done and it \nwasn't working",
      "review_date": [
        "July",
        "1",
        " 2018"
      ]
    },
    {
      "REQ_subtype": "",
      "REQ_type": "",
      "_id": 39,
      "author_id": "not defined",
      "author_name": "Reba Clapper",
      "helpful": "1",
      "polarity": "",
      "rate": 5,
      "response": "",
      "response_date": "",
      "review": "Makes it very easy since I am home with my mother on Hospice, my husband \ncan get the groceries from the app that is linked to mine",
      "review_date": [
        "June",
        "5",
        " 2018"
      ]
    },
    {
      "REQ_subtype": "",
      "REQ_type": "",
      "_id": 40,
      "author_id": "not defined",
      "author_name": "Iain Moyles",
      "helpful": "0",
      "polarity": "",
      "rate": 4,
      "response": "",
      "response_date": "",
      "review": "Simple easy to use app which syncs well. It does frequently crash though",
      "review_date": [
        "July",
        "1",
        " 2018"
      ]
    },
    {
      "REQ_subtype": "",
      "REQ_type": "",
      "_id": 41,
      "author_id": "not defined",
      "author_name": "Zak Rahman",
      "helpful": "0",
      "polarity": "",
      "rate": 5,
      "response": "",
      "response_date": "",
      "review": "Have used this for well over a year now. This app is simple, effective and \nreliable. Syncing it between family members is absolutely amazing. I love \nthe fact you can control screen sleep settings when the app is active too. \nFantastic!",
      "review_date": [
        "June",
        "11",
        " 2018"
      ]
    },
    {
      "REQ_subtype": "",
      "REQ_type": "",
      "_id": 42,
      "author_id": "not defined",
      "author_name": "Honey Bee",
      "helpful": "2",
      "polarity": "",
      "rate": 5,
      "response": "",
      "response_date": "",
      "review": "I can open it through Google Assistant and use voice to text to add items \nto the list. Updates quickly across devices. Convenient UI.",
      "review_date": [
        "June",
        "1",
        " 2018"
      ]
    },
    {
      "REQ_subtype": "",
      "REQ_type": "",
      "_id": 43,
      "author_id": "not defined",
      "author_name": "Chris Hamburg",
      "helpful": "0",
      "polarity": "",
      "rate": 5,
      "response": "",
      "response_date": "",
      "review": "I love that you can set up multiple stores and categories and you can \ncreate meals or lists that allow you to add common foods, or any consumable \nreally (assigned to the right isle of the right store), with the press of a \nbutton or 2.",
      "review_date": [
        "May",
        "26",
        " 2018"
      ]
    },
    {
      "REQ_subtype": "",
      "REQ_type": "",
      "_id": 44,
      "author_id": "not defined",
      "author_name": "A Google user",
      "helpful": "0",
      "polarity": "",
      "rate": 5,
      "response": "",
      "response_date": "",
      "review": "My husband and I LOVE this app! No more not know what is on the list. We \nboth have the same list. Even had my teenager download it so that he could \nadd stuff. So simple and easy. We will be upgrading!",
      "review_date": [
        "June",
        "26",
        " 2018"
      ]
    },
    {
      "REQ_subtype": "",
      "REQ_type": "",
      "_id": 45,
      "author_id": "not defined",
      "author_name": "Tobias Gammal",
      "helpful": "2",
      "polarity": "",
      "rate": 3,
      "response": "",
      "response_date": "",
      "review": "Would get a higher rating from me if you/they ever made a better-looking \nwidget.",
      "review_date": [
        "May",
        "30",
        " 2018"
      ]
    },
    {
      "REQ_subtype": "",
      "REQ_type": "",
      "_id": 46,
      "author_id": "not defined",
      "author_name": "Britt Priddy Jr",
      "helpful": "0",
      "polarity": "",
      "rate": 5,
      "response": "",
      "response_date": "",
      "review": "This is the most comprehensive and complete grocery list ever. It does \neverything I would want or could imagine I would want. It's not intrusive \nand extremely simple. Even my kids use it to help keep our grocery list up \nto date.",
      "review_date": [
        "July",
        "7",
        " 2018"
      ]
    },
    {
      "REQ_subtype": "",
      "REQ_type": "",
      "_id": 47,
      "author_id": "not defined",
      "author_name": "cindy pugh",
      "helpful": "0",
      "polarity": "",
      "rate": 5,
      "response": "",
      "response_date": "",
      "review": "Love it! My husband and I share the lists. If he needs something he adds \nit, I do the same. When one of us gets to the store we get what's on the \nlists. Oh, we have lists for different stores too. Great App!",
      "review_date": [
        "June",
        "5",
        " 2018"
      ]
    },
    {
      "REQ_subtype": "",
      "REQ_type": "",
      "_id": 48,
      "author_id": "not defined",
      "author_name": "vince smith",
      "helpful": "0",
      "polarity": "",
      "rate": 5,
      "response": "",
      "response_date": "",
      "review": "Simply the best. How every app should work. My wife and I share it and love \nit. Did I say it was simple and worked? Yeah, that's a big deal. Oh, and \nafter you try it, upgrade. These folks developed something that worked!!!",
      "review_date": [
        "June",
        "8",
        " 2018"
      ]
    },
    {
      "REQ_subtype": "",
      "REQ_type": "",
      "_id": 49,
      "author_id": "not defined",
      "author_name": "Karl Lellman",
      "helpful": "0",
      "polarity": "",
      "rate": 4,
      "response": "",
      "response_date": "",
      "review": "Like the app... but a few feature requests... Can we have an option to \norder the crossed off items in their department categories as they are \nabove (makes it easier to find things). Is it possible to participate in \ntwo list sharing accounts? I want go share some lists with my wife but \nothers with our children's nanny.",
      "review_date": [
        "July",
        "13",
        " 2018"
      ]
    },
    {
      "REQ_subtype": "",
      "REQ_type": "",
      "_id": 50,
      "author_id": "not defined",
      "author_name": "Abraham Lebowitz",
      "helpful": "0",
      "polarity": "",
      "rate": 3,
      "response": "",
      "response_date": "",
      "review": "I've tried almost every shopping list program out there and this seems to \nme the most pleasant and easiest to use. We love the real time coordination \nof our lists.",
      "review_date": [
        "July",
        "5",
        " 2018"
      ]
    },
    {
      "REQ_subtype": "",
      "REQ_type": "",
      "_id": 51,
      "author_id": "not defined",
      "author_name": "Keri G",
      "helpful": "0",
      "polarity": "",
      "rate": 4,
      "response": "",
      "response_date": "",
      "review": "Easy to keep lists organized. It's a bit easy to accidentally cross an item \noff the list during a shopping trip. But this is the best grocery app I've \nused so far.",
      "review_date": [
        "June",
        "23",
        " 2018"
      ]
    },
    {
      "REQ_subtype": "",
      "REQ_type": "",
      "_id": 52,
      "author_id": "not defined",
      "author_name": "Kim Chan",
      "helpful": "0",
      "polarity": "",
      "rate": 4,
      "response": "",
      "response_date": "",
      "review": "Love the fact that this app can be shared w partner to avoid double ups & \nhaving to consult w every addition. Easy to use. Like the being able to set \nup categories & add photos as well .",
      "review_date": [
        "June",
        "26",
        " 2018"
      ]
    },
    {
      "REQ_subtype": "",
      "REQ_type": "",
      "_id": 53,
      "author_id": "not defined",
      "author_name": "Kim Anderson",
      "helpful": "0",
      "polarity": "",
      "rate": 5,
      "response": "",
      "response_date": "",
      "review": "Syncs with our Google home, which makes adding items easy. App stays open \nwhile shopping so you don't have to re-open your phone multiple times while \nshopping.",
      "review_date": [
        "July",
        "6",
        " 2018"
      ]
    },
    {
      "REQ_subtype": "",
      "REQ_type": "",
      "_id": 54,
      "author_id": "not defined",
      "author_name": "Steve Krause",
      "helpful": "0",
      "polarity": "",
      "rate": 5,
      "response": "",
      "response_date": "",
      "review": "Sometimes this shopping list is the best communication I have with my wife. \n:-) and she says even that doesn't work at times.",
      "review_date": [
        "June",
        "20",
        " 2018"
      ]
    },
    {
      "REQ_subtype": "",
      "REQ_type": "",
      "_id": 55,
      "author_id": "not defined",
      "author_name": "Kat Banner",
      "helpful": "0",
      "polarity": "",
      "rate": 5,
      "response": "",
      "response_date": "",
      "review": "So easy and helpful, especially if you have roommates! I've got 3 roommates \nand this really helps us all keep track of who buys what and what everyone \nneeds.",
      "review_date": [
        "July",
        "2",
        " 2018"
      ]
    },
    {
      "REQ_subtype": "",
      "REQ_type": "",
      "_id": 56,
      "author_id": "not defined",
      "author_name": "jeff gebert",
      "helpful": "0",
      "polarity": "",
      "rate": 4,
      "response": "",
      "response_date": "",
      "review": "Really like it. It's great for sharing lists and to-dos. It really needs \nspellcheck. An easy way to move a block of items from one list to another \nwould be a time saver too.",
      "review_date": [
        "June",
        "30",
        " 2018"
      ]
    },
    {
      "REQ_subtype": "",
      "REQ_type": "",
      "_id": 57,
      "author_id": "not defined",
      "author_name": "andrea kirkman",
      "helpful": "0",
      "polarity": "",
      "rate": 5,
      "response": "",
      "response_date": "",
      "review": "Solid app, does what I need it to do. Haven't had any issues yet.",
      "review_date": [
        "June",
        "2",
        " 2018"
      ]
    },
    {
      "REQ_subtype": "",
      "REQ_type": "",
      "_id": 58,
      "author_id": "not defined",
      "author_name": "Richard Drouin",
      "helpful": "0",
      "polarity": "",
      "rate": 5,
      "response": "",
      "response_date": "",
      "review": "Great app which allows me to add items to multiple shopping lists using my \nGoogle Home which syncs with my phone and Android Wear watch. I highly \nrecommend this app!",
      "review_date": [
        "July",
        "15",
        " 2018"
      ]
    },
    {
      "REQ_subtype": "",
      "REQ_type": "",
      "_id": 59,
      "author_id": "not defined",
      "author_name": "Dmitry Morozov",
      "helpful": "0",
      "polarity": "",
      "rate": 4,
      "response": "",
      "response_date": "",
      "review": "Good app, synchronization actually works, which was an issue with \ncompetitors. The only function I miss is ability to go straight to the list \nwhen I open the app. Last opened or default, no difference",
      "review_date": [
        "June",
        "6",
        " 2018"
      ]
    },
    {
      "REQ_subtype": "",
      "REQ_type": "",
      "_id": 60,
      "author_id": "not defined",
      "author_name": "Sunny Gilbert",
      "helpful": "1",
      "polarity": "",
      "rate": 5,
      "response": "",
      "response_date": "",
      "review": "I don't know how I would go shopping without it",
      "review_date": [
        "June",
        "15",
        " 2018"
      ]
    },
    {
      "REQ_subtype": "",
      "REQ_type": "",
      "_id": 61,
      "author_id": "not defined",
      "author_name": "Nathan Slemmer",
      "helpful": "0",
      "polarity": "",
      "rate": 5,
      "response": "",
      "response_date": "",
      "review": "I use this app every day. It seamlessly syncs with all my devices and even \nlet's me add and remove items using Alexa!",
      "review_date": [
        "July",
        "14",
        " 2018"
      ]
    },
    {
      "REQ_subtype": "",
      "REQ_type": "",
      "_id": 62,
      "author_id": "not defined",
      "author_name": "Elizabeth B.E.",
      "helpful": "1",
      "polarity": "",
      "rate": 5,
      "response": "",
      "response_date": "",
      "review": "Enjoyable to have a list that can be seen by the whole family and easily \ncrossed off when items purchased.",
      "review_date": [
        "May",
        "28",
        " 2018"
      ]
    },
    {
      "REQ_subtype": "",
      "REQ_type": "",
      "_id": 63,
      "author_id": "not defined",
      "author_name": "Larry Turner",
      "helpful": "0",
      "polarity": "",
      "rate": 3,
      "response": "",
      "response_date": "",
      "review": "Not seamless with Alexa This app looks nice but it does not work seamlessly \nwith Alexa. You have to open the app then add your items. If you pause too \nlong between items you have to open it again.",
      "review_date": [
        "June",
        "16",
        " 2018"
      ]
    },
    {
      "REQ_subtype": "",
      "REQ_type": "",
      "_id": 64,
      "author_id": "not defined",
      "author_name": "Danni Tillman",
      "helpful": "0",
      "polarity": "",
      "rate": 5,
      "response": "",
      "response_date": "",
      "review": "The communication between my husband and I is priceless! The app works \nwonderfully and the upgrade is worth it if you have a husband who needs \npics to do the shopping. \ud83e\udd23",
      "review_date": [
        "June",
        "27",
        " 2018"
      ]
    },
    {
      "REQ_subtype": "",
      "REQ_type": "",
      "_id": 65,
      "author_id": "not defined",
      "author_name": "A Google user",
      "helpful": "0",
      "polarity": "",
      "rate": 5,
      "response": "",
      "response_date": "",
      "review": "Wish the crossed out items were alpha listed or choice in category",
      "review_date": [
        "July",
        "5",
        " 2018"
      ]
    },
    {
      "REQ_subtype": "",
      "REQ_type": "",
      "_id": 66,
      "author_id": "not defined",
      "author_name": "Tom K",
      "helpful": "0",
      "polarity": "",
      "rate": 5,
      "response": "",
      "response_date": "",
      "review": "We live 70 miles out of town, I love that my wife can update the lists from \nhome while I'm shopping in town!!! No texts or calls required...",
      "review_date": [
        "June",
        "6",
        " 2018"
      ]
    },
    {
      "REQ_subtype": "",
      "REQ_type": "",
      "_id": 67,
      "author_id": "not defined",
      "author_name": "Lynna R",
      "helpful": "0",
      "polarity": "",
      "rate": 5,
      "response": "",
      "response_date": "",
      "review": "Great for making a list for the store and marking off each item as you go \nalong. Make a list for each place you need to go to. No bells and whistles, \njust a nice simple app.",
      "review_date": [
        "June",
        "10",
        " 2018"
      ]
    },
    {
      "REQ_subtype": "",
      "REQ_type": "",
      "_id": 68,
      "author_id": "not defined",
      "author_name": "Stephanie Fox Williams",
      "helpful": "0",
      "polarity": "",
      "rate": 5,
      "response": "",
      "response_date": "",
      "review": "Love that lists can be categorized and marked off but not completely \ndeleted. The Echo compatibility is a huge plus.",
      "review_date": [
        "July",
        "1",
        " 2018"
      ]
    },
    {
      "REQ_subtype": "",
      "REQ_type": "",
      "_id": 69,
      "author_id": "not defined",
      "author_name": "A Google user",
      "helpful": "1",
      "polarity": "",
      "rate": 5,
      "response": "",
      "response_date": "",
      "review": "Great way to keep your grocery list with you at all times and you can share \nit with family members.",
      "review_date": [
        "June",
        "16",
        " 2018"
      ]
    },
    {
      "REQ_subtype": "",
      "REQ_type": "",
      "_id": 70,
      "author_id": "not defined",
      "author_name": "Adriana Oprisa",
      "helpful": "0",
      "polarity": "",
      "rate": 5,
      "response": "",
      "response_date": "",
      "review": "I've been using this app for about 2 years now. Love that I can share the \nshopping lists with my partner and we can update them in real time.",
      "review_date": [
        "May",
        "25",
        " 2018"
      ]
    },
    {
      "REQ_subtype": "",
      "REQ_type": "",
      "_id": 71,
      "author_id": "not defined",
      "author_name": "James Pauley",
      "helpful": "0",
      "polarity": "",
      "rate": 4,
      "response": "",
      "response_date": "",
      "review": "Good quality, easy to use without all those complicated what-nots. Could \nuse a saveable history, with a place for prices. Nearly instant sync with \nother devices.",
      "review_date": [
        "July",
        "9",
        " 2018"
      ]
    },
    {
      "REQ_subtype": "",
      "REQ_type": "",
      "_id": 72,
      "author_id": "not defined",
      "author_name": "Graham Purnell",
      "helpful": "0",
      "polarity": "",
      "rate": 5,
      "response": "",
      "response_date": "",
      "review": "I don't use its full capabilities but even as a simple family collaborative \nshopping list, this app is fantastic",
      "review_date": [
        "June",
        "1",
        " 2018"
      ]
    },
    {
      "REQ_subtype": "",
      "REQ_type": "",
      "_id": 73,
      "author_id": "not defined",
      "author_name": "Richard Goff",
      "helpful": "0",
      "polarity": "",
      "rate": 5,
      "response": "",
      "response_date": "",
      "review": "Does what I want it to do. There is some work that needs to be done up \nfront on the menus. And menus can be used for so much more than food.",
      "review_date": [
        "June",
        "24",
        " 2018"
      ]
    },
    {
      "REQ_subtype": "",
      "REQ_type": "",
      "_id": 74,
      "author_id": "not defined",
      "author_name": "Kenneth Porter",
      "helpful": "0",
      "polarity": "",
      "rate": 5,
      "response": "",
      "response_date": "",
      "review": "Massive improvement over Google Express' shopping list feature. I can group \nitems by category (eg. store aisle) and store. Sync to website is instant.",
      "review_date": [
        "June",
        "2",
        " 2018"
      ]
    },
    {
      "REQ_subtype": "",
      "REQ_type": "",
      "_id": 75,
      "author_id": "not defined",
      "author_name": "Peter Middleton",
      "helpful": "0",
      "polarity": "",
      "rate": 3,
      "response": "",
      "response_date": "",
      "review": "It's an app with potential. I'd like to give it 5 stars, but there's no \neasy way to edit the master list of items.",
      "review_date": [
        "June",
        "3",
        " 2018"
      ]
    },
    {
      "REQ_subtype": "",
      "REQ_type": "",
      "_id": 76,
      "author_id": "not defined",
      "author_name": "jen rose",
      "helpful": "0",
      "polarity": "",
      "rate": 5,
      "response": "",
      "response_date": "",
      "review": "I've been using this app for years. My husband and I love having a shared \ngrocery list that we can both use on our phones.",
      "review_date": [
        "July",
        "11",
        " 2018"
      ]
    },
    {
      "REQ_subtype": "",
      "REQ_type": "",
      "_id": 77,
      "author_id": "not defined",
      "author_name": "James D Bostick",
      "helpful": "1",
      "polarity": "",
      "rate": 5,
      "response": "",
      "response_date": "",
      "review": "Awesome app for keeping up with what's needed! Especially with multiple \nusers updated at once! Thank you!",
      "review_date": [
        "May",
        "28",
        " 2018"
      ]
    },
    {
      "REQ_subtype": "",
      "REQ_type": "",
      "_id": 78,
      "author_id": "not defined",
      "author_name": "Kristian B\u00e6kmark Kj\u00e6r",
      "helpful": "0",
      "polarity": "",
      "rate": 5,
      "response": "",
      "response_date": "",
      "review": "Our daily life cannot work without this one!",
      "review_date": [
        "June",
        "22",
        " 2018"
      ]
    },
    {
      "REQ_subtype": "",
      "REQ_type": "",
      "_id": 79,
      "author_id": "not defined",
      "author_name": "Brandon Blake",
      "helpful": "0",
      "polarity": "",
      "rate": 4,
      "response": "",
      "response_date": "",
      "review": "Simple. Easy to use. We've made love together. I love it. It loves me. Been \nusing it for a few years now.",
      "review_date": [
        "July",
        "13",
        " 2018"
      ]
    },
    {
      "REQ_subtype": "",
      "REQ_type": "",
      "_id": 80,
      "author_id": "not defined",
      "author_name": "Rachel Bird",
      "helpful": "0",
      "polarity": "",
      "rate": 5,
      "response": "",
      "response_date": "",
      "review": "Easy to use and I love how I can share all my lists with others. I like the \nrecipe section. I separate my shopping lists by store and it makes life a \nlot easier.",
      "review_date": [
        "July",
        "8",
        " 2018"
      ]
    },
    {
      "REQ_subtype": "",
      "REQ_type": "",
      "_id": 81,
      "author_id": "not defined",
      "author_name": "John Kemp",
      "helpful": "0",
      "polarity": "",
      "rate": 4,
      "response": "",
      "response_date": "",
      "review": "I rely on this. Great app. Please install auto complete spelling. Is this \nreally too much to ask? Oh yes and enable custom sorting.",
      "review_date": [
        "June",
        "4",
        " 2018"
      ]
    },
    {
      "REQ_subtype": "",
      "REQ_type": "",
      "_id": 82,
      "author_id": "not defined",
      "author_name": "Dustin Lawrence",
      "helpful": "0",
      "polarity": "",
      "rate": 5,
      "response": "",
      "response_date": "",
      "review": "Great design! We use it for other stores as well like Lowe's. Never have \nproblems syncing between our devices.",
      "review_date": [
        "July",
        "3",
        " 2018"
      ]
    },
    {
      "REQ_subtype": "",
      "REQ_type": "",
      "_id": 83,
      "author_id": "not defined",
      "author_name": "A Google user",
      "helpful": "0",
      "polarity": "",
      "rate": 4,
      "response": "",
      "response_date": "",
      "review": "Great app, would have been better if you could choose pictures from Google \nsearch, otherwise it's a very useful app.",
      "review_date": [
        "May",
        "28",
        " 2018"
      ]
    },
    {
      "REQ_subtype": "",
      "REQ_type": "",
      "_id": 84,
      "author_id": "not defined",
      "author_name": "Paul Birkenstock",
      "helpful": "0",
      "polarity": "",
      "rate": 5,
      "response": "",
      "response_date": "",
      "review": "Perfect for sharing with my spouse. Like the categories and ease of use. We \nadded a store reference in the item name so we know where to find it.",
      "review_date": [
        "July",
        "4",
        " 2018"
      ]
    },
    {
      "REQ_subtype": "",
      "REQ_type": "",
      "_id": 85,
      "author_id": "not defined",
      "author_name": "Robin Robi.",
      "helpful": "0",
      "polarity": "",
      "rate": 5,
      "response": "",
      "response_date": "",
      "review": "We use this for shopping lists, to do lists, even what not to forget when \nwe have special events. Great to keep everyone on the same page.",
      "review_date": [
        "July",
        "12",
        " 2018"
      ]
    },
    {
      "REQ_subtype": "",
      "REQ_type": "",
      "_id": 86,
      "author_id": "not defined",
      "author_name": "A Google user",
      "helpful": "1",
      "polarity": "",
      "rate": 5,
      "response": "",
      "response_date": "",
      "review": "Using it as a grocery list shopping list it's awesome, also the best \nchecklist of ever used",
      "review_date": [
        "May",
        "29",
        " 2018"
      ]
    },
    {
      "REQ_subtype": "",
      "REQ_type": "",
      "_id": 87,
      "author_id": "not defined",
      "author_name": "Rich Walker",
      "helpful": "0",
      "polarity": "",
      "rate": 5,
      "response": "",
      "response_date": "",
      "review": "I use tbis app every grocery shopping trip. It's so helpful and the bar \ncode scan is awesome!",
      "review_date": [
        "May",
        "24",
        " 2018"
      ]
    },
    {
      "REQ_subtype": "",
      "REQ_type": "",
      "_id": 88,
      "author_id": "not defined",
      "author_name": "Dominic Pfeil",
      "helpful": "0",
      "polarity": "",
      "rate": 5,
      "response": "",
      "response_date": "",
      "review": "Great to share various lists within a family / group / couple. Nice \nopportunities to customize a bit but still easy to handle",
      "review_date": [
        "June",
        "11",
        " 2018"
      ]
    },
    {
      "REQ_subtype": "",
      "REQ_type": "",
      "_id": 89,
      "author_id": "not defined",
      "author_name": "A Google user",
      "helpful": "0",
      "polarity": "",
      "rate": 5,
      "response": "",
      "response_date": "",
      "review": "Great to organize a family grocery list! My husband and kids and I can all \nsee the same list so anyone can go to the store!",
      "review_date": [
        "June",
        "30",
        " 2018"
      ]
    },
    {
      "REQ_subtype": "",
      "REQ_type": "",
      "_id": 90,
      "author_id": "not defined",
      "author_name": "Benjamin Bidwell",
      "helpful": "1",
      "polarity": "",
      "rate": 5,
      "response": "",
      "response_date": "",
      "review": "This app is awesome! My wife and I always have the list.",
      "review_date": [
        "May",
        "28",
        " 2018"
      ]
    },
    {
      "REQ_subtype": "",
      "REQ_type": "",
      "_id": 91,
      "author_id": "not defined",
      "author_name": "Sarah Craimer",
      "helpful": "0",
      "polarity": "",
      "rate": 5,
      "response": "",
      "response_date": "",
      "review": "Great for coordinating with other family members or for events. Like the \nWhatsApp of grocery shopping! Been using it happily for years already.",
      "review_date": [
        "July",
        "1",
        " 2018"
      ]
    },
    {
      "REQ_subtype": "",
      "REQ_type": "",
      "_id": 92,
      "author_id": "not defined",
      "author_name": "Donna Creech",
      "helpful": "1",
      "polarity": "",
      "rate": 5,
      "response": "",
      "response_date": "",
      "review": "Love love this app. I use it for ALL my lists. Totally recommend it",
      "review_date": [
        "May",
        "31",
        " 2018"
      ]
    },
    {
      "REQ_subtype": "",
      "REQ_type": "",
      "_id": 93,
      "author_id": "not defined",
      "author_name": "A Google user",
      "helpful": "0",
      "polarity": "",
      "rate": 5,
      "response": "",
      "response_date": "",
      "review": "This app is great for couples and households, keeping shopping straight and \neasy and organized. Exactly what we needed, thanks!",
      "review_date": [
        "May",
        "27",
        " 2018"
      ]
    },
    {
      "REQ_subtype": "",
      "REQ_type": "",
      "_id": 94,
      "author_id": "not defined",
      "author_name": "Gavin Parkin",
      "helpful": "0",
      "polarity": "",
      "rate": 5,
      "response": "",
      "response_date": "",
      "review": "I just use the basic app and it's perfect for my needs. Being able to sync \nacross devices is handy too.",
      "review_date": [
        "July",
        "8",
        " 2018"
      ]
    },
    {
      "REQ_subtype": "",
      "REQ_type": "",
      "_id": 95,
      "author_id": "not defined",
      "author_name": "Hayden Smith",
      "helpful": "1",
      "polarity": "",
      "rate": 5,
      "response": "",
      "response_date": "",
      "review": "Love it, very helpful because hubby and I both do the shopping...",
      "review_date": [
        "May",
        "31",
        " 2018"
      ]
    },
    {
      "REQ_subtype": "",
      "REQ_type": "",
      "_id": 96,
      "author_id": "not defined",
      "author_name": "Richard L",
      "helpful": "0",
      "polarity": "",
      "rate": 5,
      "response": "",
      "response_date": "",
      "review": "Great little app that allows you to text email and share shopping list. \nGreat for telling the other half what to get in the shop",
      "review_date": [
        "July",
        "15",
        " 2018"
      ]
    },
    {
      "REQ_subtype": "",
      "REQ_type": "",
      "_id": 97,
      "author_id": "not defined",
      "author_name": "A Google user",
      "helpful": "0",
      "polarity": "",
      "rate": 5,
      "response": "",
      "response_date": "",
      "review": "Great app for family shopping lists so multiple persons csn pull up same \nlist and get items",
      "review_date": [
        "July",
        "11",
        " 2018"
      ]
    },
    {
      "REQ_subtype": "",
      "REQ_type": "",
      "_id": 98,
      "author_id": "not defined",
      "author_name": "Jacklyn Q",
      "helpful": "0",
      "polarity": "",
      "rate": 3,
      "response": "",
      "response_date": "",
      "review": "I like the app but you cannot used the scanning if you don't upgrade. I \nuninstalled it.",
      "review_date": [
        "July",
        "7",
        " 2018"
      ]
    },
    {
      "REQ_subtype": "",
      "REQ_type": "",
      "_id": 99,
      "author_id": "not defined",
      "author_name": "Marty Bash",
      "helpful": "0",
      "polarity": "",
      "rate": 5,
      "response": "",
      "response_date": "",
      "review": "Great to be able to share synced lists with hubby. Also keep other lists, \nsuch as medications, current & handy. Christmas lists too.",
      "review_date": [
        "May",
        "27",
        " 2018"
      ]
    },
    {
      "REQ_subtype": "",
      "REQ_type": "",
      "_id": 100,
      "author_id": "not defined",
      "author_name": "Cindy Hood",
      "helpful": "0",
      "polarity": "",
      "rate": 5,
      "response": "",
      "response_date": "",
      "review": "I've had this grocery app a long time, I use it all the time and I think \nit's great!",
      "review_date": [
        "June",
        "24",
        " 2018"
      ]
    },
    {
      "REQ_subtype": "",
      "REQ_type": "",
      "_id": 101,
      "author_id": "not defined",
      "author_name": "David Messenger",
      "helpful": "0",
      "polarity": "",
      "rate": 5,
      "response": "",
      "response_date": "",
      "review": "Best list app I've used so far. Great for updating one list by multiple \nusers!",
      "review_date": [
        "June",
        "26",
        " 2018"
      ]
    },
    {
      "REQ_subtype": "",
      "REQ_type": "",
      "_id": 102,
      "author_id": "not defined",
      "author_name": "Adam M",
      "helpful": "0",
      "polarity": "",
      "rate": 4,
      "response": "",
      "response_date": "",
      "review": "This is perfect for sharing grocery lists and it also allows for custom \nlists so you can be store specific.",
      "review_date": [
        "June",
        "30",
        " 2018"
      ]
    },
    {
      "REQ_subtype": "",
      "REQ_type": "",
      "_id": 103,
      "author_id": "not defined",
      "author_name": "A Google user",
      "helpful": "0",
      "polarity": "",
      "rate": 5,
      "response": "",
      "response_date": "",
      "review": "Combined with Alexa skill to add items, this is the best shopping list app \nthat I have used.",
      "review_date": [
        "July",
        "3",
        " 2018"
      ]
    },
    {
      "REQ_subtype": "",
      "REQ_type": "",
      "_id": 104,
      "author_id": "not defined",
      "author_name": "Maria Isabel Melendez",
      "helpful": "0",
      "polarity": "",
      "rate": 5,
      "response": "",
      "response_date": "",
      "review": "I love this app. My husband and I use it for all our purchase. Works in \nreal time and never fails.",
      "review_date": [
        "July",
        "7",
        " 2018"
      ]
    },
    {
      "REQ_subtype": "",
      "REQ_type": "",
      "_id": 105,
      "author_id": "not defined",
      "author_name": "Paul Smith",
      "helpful": "0",
      "polarity": "",
      "rate": 5,
      "response": "",
      "response_date": "",
      "review": "Much prefer over Amazon lists. Amazon lists would not pull up half the time \nwhen I was in the store.",
      "review_date": [
        "July",
        "2",
        " 2018"
      ]
    },
    {
      "REQ_subtype": "",
      "REQ_type": "",
      "_id": 106,
      "author_id": "not defined",
      "author_name": "Jakub Lepi\u010d",
      "helpful": "0",
      "polarity": "",
      "rate": 5,
      "response": "",
      "response_date": "",
      "review": "Sync that really works, use it for shared family grocery lists.",
      "review_date": [
        "June",
        "20",
        " 2018"
      ]
    },
    {
      "REQ_subtype": "",
      "REQ_type": "",
      "_id": 107,
      "author_id": "not defined",
      "author_name": "Catherine Abbott",
      "helpful": "0",
      "polarity": "",
      "rate": 4,
      "response": "",
      "response_date": "",
      "review": "Great list for shopping and person at home can add things in real time",
      "review_date": [
        "July",
        "4",
        " 2018"
      ]
    },
    {
      "REQ_subtype": "",
      "REQ_type": "",
      "_id": 108,
      "author_id": "not defined",
      "author_name": "Howard Thompson",
      "helpful": "0",
      "polarity": "",
      "rate": 5,
      "response": "",
      "response_date": "",
      "review": "Works for us. Grocery shopping, Christmas shopping and travel packing lists.",
      "review_date": [
        "June",
        "4",
        " 2018"
      ]
    },
    {
      "REQ_subtype": "",
      "REQ_type": "",
      "_id": 109,
      "author_id": "not defined",
      "author_name": "Rick Lantaigne",
      "helpful": "1",
      "polarity": "",
      "rate": 5,
      "response": "",
      "response_date": "",
      "review": "Keeps us in since with our grocery needs!!!",
      "review_date": [
        "May",
        "30",
        " 2018"
      ]
    },
    {
      "REQ_subtype": "",
      "REQ_type": "",
      "_id": 110,
      "author_id": "not defined",
      "author_name": "Brett Lewis",
      "helpful": "0",
      "polarity": "",
      "rate": 5,
      "response": "",
      "response_date": "",
      "review": "My family uses it weekly for our grocery needs!! Awesome App\u2026Keeps all the \nlists organized!!",
      "review_date": [
        "June",
        "25",
        " 2018"
      ]
    },
    {
      "REQ_subtype": "",
      "REQ_type": "",
      "_id": 111,
      "author_id": "not defined",
      "author_name": "Vicki Brown",
      "helpful": "0",
      "polarity": "",
      "rate": 5,
      "response": "",
      "response_date": "",
      "review": "On all of my devices! Plus a wwb app.",
      "review_date": [
        "July",
        "8",
        " 2018"
      ]
    },
    {
      "REQ_subtype": "",
      "REQ_type": "",
      "_id": 112,
      "author_id": "not defined",
      "author_name": "Melissa Preston",
      "helpful": "1",
      "polarity": "",
      "rate": 5,
      "response": "",
      "response_date": "",
      "review": "Great way to stay organized while shopping",
      "review_date": [
        "May",
        "30",
        " 2018"
      ]
    },
    {
      "REQ_subtype": "",
      "REQ_type": "",
      "_id": 113,
      "author_id": "not defined",
      "author_name": "Yanitsel Torres",
      "helpful": "0",
      "polarity": "",
      "rate": 5,
      "response": "",
      "response_date": "",
      "review": "It keeps the family organized when it comes to grocery shopping. We use it \nevery day",
      "review_date": [
        "July",
        "3",
        " 2018"
      ]
    },
    {
      "REQ_subtype": "",
      "REQ_type": "",
      "_id": 114,
      "author_id": "not defined",
      "author_name": "Melanie Mosher",
      "helpful": "0",
      "polarity": "",
      "rate": 5,
      "response": "",
      "response_date": "",
      "review": "The best part is the dynamic lists you can share will your spouse.",
      "review_date": [
        "June",
        "4",
        " 2018"
      ]
    },
    {
      "REQ_subtype": "",
      "REQ_type": "",
      "_id": 115,
      "author_id": "not defined",
      "author_name": "Marc Venverloh",
      "helpful": "0",
      "polarity": "",
      "rate": 5,
      "response": "",
      "response_date": "",
      "review": "Perfect list app. Does exactly what I need it to do. No crashes, no \nglitches.",
      "review_date": [
        "June",
        "9",
        " 2018"
      ]
    },
    {
      "REQ_subtype": "",
      "REQ_type": "",
      "_id": 116,
      "author_id": "not defined",
      "author_name": "Lori Carroll",
      "helpful": "0",
      "polarity": "",
      "rate": 5,
      "response": "",
      "response_date": "",
      "review": "This is the app I've been looking for! Thank you! So convenient and helpful.",
      "review_date": [
        "June",
        "3",
        " 2018"
      ]
    },
    {
      "REQ_subtype": "",
      "REQ_type": "",
      "_id": 117,
      "author_id": "not defined",
      "author_name": "Douglas Healy",
      "helpful": "0",
      "polarity": "",
      "rate": 4,
      "response": "",
      "response_date": "",
      "review": "Please allow an option to set the theme of the widget.",
      "review_date": [
        "June",
        "27",
        " 2018"
      ]
    },
    {
      "REQ_subtype": "",
      "REQ_type": "",
      "_id": 118,
      "author_id": "not defined",
      "author_name": "Mike Garman",
      "helpful": "0",
      "polarity": "",
      "rate": 5,
      "response": "",
      "response_date": "",
      "review": "Being able to sync my phone with my wife's is what seals the deal on this \napp Very useful",
      "review_date": [
        "July",
        "10",
        " 2018"
      ]
    },
    {
      "REQ_subtype": "",
      "REQ_type": "",
      "_id": 119,
      "author_id": "not defined",
      "author_name": "Hayley Jackson",
      "helpful": "0",
      "polarity": "",
      "rate": 4,
      "response": "",
      "response_date": "",
      "review": "Love this app...but it desperately needs a refresh button.",
      "review_date": [
        "June",
        "27",
        " 2018"
      ]
    }
  ],
  "size": "Varies with devic",
  "url": "https://play.google.com/store/apps/details?id=com.headcode.ourgroceries",
  "version": "Varies with device"
}