{
  "categories": [
    "Lifestyle"
  ],
  "description": "Whether you\u2019re looking to buy a car or find great deals on furniture and more, search for it on Gumtree to find great deals. Buy, sell and search ads in your local area to open a world of opportunities. The Gumtree app helps you find local deals and takes the stress away when you\u2019re searching for a new job, sofa or local services. Browse local ads on everything from car buying opportunities to free stuff or find some great deals. With Gumtree, You Can: Discover Thousands of Ads\u2022 Discover deals and classifieds across hundreds of products to buy items in your local area\u2022 Deals on cars, property search for local housing and ads on local job offers\u2022 For sale items come with quality photos and detailed descriptions so you know exactly what you\u2019re buying Local Buyers and Sellers \u2022 Local classifieds open a world of buying and selling opportunities\u2022 Discover items from local sellers and connect through in-app messaging \u2022 Buy and sell locally \u2013 Message local users directly to their phone for a speedy response and quick sale Sell Your Items for Free\u2022 Sell items to local buyers and let someone else discover your loved items\u2022 Local ads can be posted to sell items straight from your smartphone\u2022 Discover interested buyers to sell your stuff fast Buy Tons of Local Items\u2022 Buy a new sofa for cheap from thousands of local classifieds\u2022 Find deals from local sellers on tons of items including car parts and accessories Share Ads across Social Media\u2022 Share classifieds on a house, job or car offers\u2022 Share ads across Twitter and Facebook to get more interest on your for sale items\u2022 Ads can be emailed or messaged directly to your friends and family \u2013 just share the link Shop and Manage Your Top Picks\u2022 Find a car for sale but your meeting is about to start? Save ads to your favourites and review it later \u2022 Flat too far from work? Easily save ads that are important to your new house search\u2022 Local items for sale can be saved and synced with the website for in-app alerts so you never miss fantastic deals again Discover a world of deals on thousands of items or find a new job in your local community today when you buy and sell on the Gumtree app. Download now and start looking for great deals on local items. If you\u2019ve got ideas to make our app even better, please leave a review here, tell us at facebook.com/gumtree or tweet us @gumtree. Gumtree is part of eBay.",
  "inc": "Gumtree UK",
  "intalled_count": "5,000,000",
  "last_update": [
    "July",
    "13",
    " 2018"
  ],
  "name": "Gumtree: Buy & Sell Local deals. Find Jobs & More",
  "offered_by": "Google Commerce Ltd",
  "permissions": {
    "Identity": [
      "find accounts on the device",
      "add or remove accounts"
    ],
    "Contacts": [
      "find accounts on the device"
    ],
    "Location": [
      "precise location (GPS and network-based)"
    ],
    "Photos/Media/Files": [
      "read the contents of your USB storage",
      "modify or delete the contents of your USB storage"
    ],
    "Storage": [
      "read the contents of your USB storage",
      "modify or delete the contents of your USB storage"
    ],
    "Camera": [
      "take pictures and videos"
    ],
    "Other": [
      "receive data from Internet",
      "view network connections",
      "create accounts and set passwords",
      "control flashlight",
      "full network access",
      "control Near Field Communication",
      "read sync settings",
      "use accounts on the device",
      "control vibration",
      "prevent device from sleeping",
      "toggle sync on and off",
      "read Google service configuration",
      "view network connections",
      "create accounts and set passwords",
      "control flashlight",
      "full network access",
      "control Near Field Communication",
      "read sync settings",
      "use accounts on the device",
      "control vibration",
      "prevent device from sleeping",
      "toggle sync on and off"
    ]
  },
  "price": "",
  "rate": [
    [
      "121,818",
      "4.5"
    ],
    [
      "82,725",
      "5"
    ],
    [
      "26,051",
      "4"
    ],
    [
      "5,959",
      "3"
    ],
    [
      "2,368",
      "2"
    ],
    [
      "4,715",
      "1"
    ]
  ],
  "required_android": "4.1",
  "reviews": [
    {
      "REQ_subtype": "",
      "REQ_type": "",
      "_id": 0,
      "author_id": "not defined",
      "author_name": "Cristo Robert",
      "helpful": "2",
      "polarity": "",
      "rate": 1,
      "response": "Hi Cristo. I appreciate your concerns about scammers, but although they are a relentless, industry-wide problem they can be avoided. We\u2019re doing all we can behind the scenes to prevent unscrupulous people from using Gumtree. Follow our safety advice as your most effective form of protection. These can be found here: http://bit.ly/2FjWWsu ^Waylon",
      "response_date": [
        "May",
        "28",
        " 2018"
      ],
      "review": "Unfortunately this good Gumtree attracts Fraudsters Clowns and Idiots. It's \na massive waste of time trying to sell something in here. Other sites do \nbetter now. Gumtree is going down again. Cannot block idiots sending stupid \nmessages. You are discovered to harassment. I feel it's a waste of time . \nHardly selling anything in here even when ridiculously cheap",
      "review_date": [
        "July",
        "16",
        " 2018"
      ]
    },
    {
      "REQ_subtype": "",
      "REQ_type": "",
      "_id": 1,
      "author_id": "not defined",
      "author_name": "Dustin Morton",
      "helpful": "1",
      "polarity": "",
      "rate": 1,
      "response": "",
      "response_date": "",
      "review": "Keeps freezing and jumping back to top of page... So frustrating. Plz fix,",
      "review_date": [
        "July",
        "14",
        " 2018"
      ]
    },
    {
      "REQ_subtype": "",
      "REQ_type": "",
      "_id": 2,
      "author_id": "not defined",
      "author_name": "A Google user",
      "helpful": "15",
      "polarity": "",
      "rate": 5,
      "response": "On version 3.11.0, in the search result screen, there is a \"three dots\" icon. If you click that icon and select \"Refine\" you will be able to change your search criteria, without going to the home screen. Soon we are planing to release Chips in the search result screen, so they will be your option to refine your searches.\nThanks,\nStoycho",
      "response_date": [
        "June",
        "5",
        " 2018"
      ],
      "review": "Yes, finally it has been put back as it was. I love this app again. \nRecommend to anyone. It's a 5 star app",
      "review_date": [
        "July",
        "13",
        " 2018"
      ]
    },
    {
      "REQ_subtype": "",
      "REQ_type": "",
      "_id": 3,
      "author_id": "not defined",
      "author_name": "dave c",
      "helpful": "3",
      "polarity": "",
      "rate": 4,
      "response": "",
      "response_date": "",
      "review": "Have changed review, problem regarding jumping back to home page fixed, \nthank you, still a few too many ads but app working much better.",
      "review_date": [
        "July",
        "13",
        " 2018"
      ]
    },
    {
      "REQ_subtype": "",
      "REQ_type": "",
      "_id": 4,
      "author_id": "not defined",
      "author_name": "Andrew",
      "helpful": "0",
      "polarity": "",
      "rate": 2,
      "response": "",
      "response_date": "",
      "review": "Nothing on here that protects the user from time wasters, frauds or bots. \nNeeds a profile and feedback system until then Gumtree is a absolute \ncesspit for idiots. Sick of fake messages and time wasters. Gumtree get a \ngrip!",
      "review_date": [
        "July",
        "15",
        " 2018"
      ]
    },
    {
      "REQ_subtype": "",
      "REQ_type": "",
      "_id": 5,
      "author_id": "not defined",
      "author_name": "John Smith",
      "helpful": "0",
      "polarity": "",
      "rate": 1,
      "response": "",
      "response_date": "",
      "review": "Unusable on my S7, every time I scroll, it registers it as a click. It's so \ninfuriating that I refuse to use it, can you please designate one side of \nthe screen for scrolling alone?",
      "review_date": [
        "July",
        "14",
        " 2018"
      ]
    },
    {
      "REQ_subtype": "",
      "REQ_type": "",
      "_id": 6,
      "author_id": "not defined",
      "author_name": "daniel musiq",
      "helpful": "0",
      "polarity": "",
      "rate": 1,
      "response": "",
      "response_date": "",
      "review": "most IDIOT app that I have ever seen, you cannot even select the place near \nyou 1 star is way to much",
      "review_date": [
        "July",
        "15",
        " 2018"
      ]
    },
    {
      "REQ_subtype": "",
      "REQ_type": "",
      "_id": 7,
      "author_id": "not defined",
      "author_name": "A Google user",
      "helpful": "3",
      "polarity": "",
      "rate": 4,
      "response": "Hi, An update is being rolled out at the moment. However it's done in stages. This should fix the \"back button\" issue. The latest version is 3.5.1. Thanks ^Gerald",
      "response_date": [
        "November",
        "18",
        " 2017"
      ],
      "review": "Fantastic, thank you for putting back to how it was. Now when I press back \nit doesn't go back to the home page, yippee \ud83d\ude0a",
      "review_date": [
        "July",
        "13",
        " 2018"
      ]
    },
    {
      "REQ_subtype": "",
      "REQ_type": "",
      "_id": 8,
      "author_id": "not defined",
      "author_name": "Melanie Lockwood",
      "helpful": "0",
      "polarity": "",
      "rate": 4,
      "response": "",
      "response_date": "",
      "review": "As soon as you place an ad. You get a dodgy call from 0161 number do not \nanswer",
      "review_date": [
        "July",
        "15",
        " 2018"
      ]
    },
    {
      "REQ_subtype": "",
      "REQ_type": "",
      "_id": 9,
      "author_id": "not defined",
      "author_name": "Shell Lister",
      "helpful": "0",
      "polarity": "",
      "rate": 2,
      "response": "",
      "response_date": "",
      "review": "Keeps changing my location for no reason. Impossible to see local ads",
      "review_date": [
        "July",
        "14",
        " 2018"
      ]
    },
    {
      "REQ_subtype": "",
      "REQ_type": "",
      "_id": 10,
      "author_id": "not defined",
      "author_name": "Jacqueline Macartney",
      "helpful": "0",
      "polarity": "",
      "rate": 3,
      "response": "",
      "response_date": "",
      "review": "Keeps freezing and it won't let me into northern.ireland it keeps going \nacross the water. That's why I am only giving 3",
      "review_date": [
        "July",
        "15",
        " 2018"
      ]
    },
    {
      "REQ_subtype": "",
      "REQ_type": "",
      "_id": 11,
      "author_id": "not defined",
      "author_name": "Saif Miah",
      "helpful": "3",
      "polarity": "",
      "rate": 1,
      "response": "Hi there! Thanks for your feedback. I've passed this on to our developers. If there's any other feedback that you'd like to share or issues that you\u2019d like to report, do let me know. ^Waylon",
      "response_date": [
        "April",
        "23",
        " 2018"
      ],
      "review": "Please update support for Android P (API 28), and adaptive icon, thanks",
      "review_date": [
        "July",
        "10",
        " 2018"
      ]
    },
    {
      "REQ_subtype": "",
      "REQ_type": "",
      "_id": 12,
      "author_id": "not defined",
      "author_name": "Ian Thomas",
      "helpful": "1",
      "polarity": "",
      "rate": 5,
      "response": "",
      "response_date": "",
      "review": "Very impressed so far, quite useful.",
      "review_date": [
        "July",
        "14",
        " 2018"
      ]
    },
    {
      "REQ_subtype": "",
      "REQ_type": "",
      "_id": 13,
      "author_id": "not defined",
      "author_name": "Angela Onyebuchi",
      "helpful": "0",
      "polarity": "",
      "rate": 5,
      "response": "",
      "response_date": "",
      "review": "I have used this app for years now with hardly any problems",
      "review_date": [
        "July",
        "13",
        " 2018"
      ]
    },
    {
      "REQ_subtype": "",
      "REQ_type": "",
      "_id": 14,
      "author_id": "not defined",
      "author_name": "Samantha Maginnis",
      "helpful": "0",
      "polarity": "",
      "rate": 5,
      "response": "",
      "response_date": "",
      "review": "Love Gumtree I like the freebies the website to go on I would recommend \nGumtree to everyone even the price are good too gumtree is really good",
      "review_date": [
        "July",
        "15",
        " 2018"
      ]
    },
    {
      "REQ_subtype": "",
      "REQ_type": "",
      "_id": 15,
      "author_id": "not defined",
      "author_name": "S hanafy",
      "helpful": "0",
      "polarity": "",
      "rate": 4,
      "response": "",
      "response_date": "",
      "review": "Don't really know what to say",
      "review_date": [
        "July",
        "15",
        " 2018"
      ]
    },
    {
      "REQ_subtype": "",
      "REQ_type": "",
      "_id": 16,
      "author_id": "not defined",
      "author_name": "Lyndsay Crossley",
      "helpful": "0",
      "polarity": "",
      "rate": 5,
      "response": "",
      "response_date": "",
      "review": "Fixed the issue with nearest first so back to having 5 stars. Love and used \nthis app for years",
      "review_date": [
        "July",
        "15",
        " 2018"
      ]
    },
    {
      "REQ_subtype": "",
      "REQ_type": "",
      "_id": 17,
      "author_id": "not defined",
      "author_name": "A Google user",
      "helpful": "0",
      "polarity": "",
      "rate": 4,
      "response": "",
      "response_date": "",
      "review": "Really good for selling unwanted items.",
      "review_date": [
        "July",
        "14",
        " 2018"
      ]
    },
    {
      "REQ_subtype": "",
      "REQ_type": "",
      "_id": 18,
      "author_id": "not defined",
      "author_name": "A Google user",
      "helpful": "0",
      "polarity": "",
      "rate": 5,
      "response": "",
      "response_date": "",
      "review": "Ok but not as good as the site more features needed",
      "review_date": [
        "July",
        "15",
        " 2018"
      ]
    },
    {
      "REQ_subtype": "",
      "REQ_type": "",
      "_id": 19,
      "author_id": "not defined",
      "author_name": "Anthony Hewison",
      "helpful": "0",
      "polarity": "",
      "rate": 5,
      "response": "",
      "response_date": "",
      "review": "Excellent. Easy to use and has everything u want. Better than ebay really.",
      "review_date": [
        "July",
        "12",
        " 2018"
      ]
    },
    {
      "REQ_subtype": "",
      "REQ_type": "",
      "_id": 20,
      "author_id": "not defined",
      "author_name": "A Google user",
      "helpful": "0",
      "polarity": "",
      "rate": 4,
      "response": "",
      "response_date": "",
      "review": "ideal sale site",
      "review_date": [
        "July",
        "13",
        " 2018"
      ]
    },
    {
      "REQ_subtype": "",
      "REQ_type": "",
      "_id": 21,
      "author_id": "not defined",
      "author_name": "Casey James",
      "helpful": "0",
      "polarity": "",
      "rate": 4,
      "response": "",
      "response_date": "",
      "review": "Amazing prices and a wide range of items to buy or sell",
      "review_date": [
        "July",
        "14",
        " 2018"
      ]
    },
    {
      "REQ_subtype": "",
      "REQ_type": "",
      "_id": 22,
      "author_id": "not defined",
      "author_name": "Mark Haylor",
      "helpful": "0",
      "polarity": "",
      "rate": 5,
      "response": "",
      "response_date": "",
      "review": "It works.",
      "review_date": [
        "July",
        "14",
        " 2018"
      ]
    },
    {
      "REQ_subtype": "",
      "REQ_type": "",
      "_id": 23,
      "author_id": "not defined",
      "author_name": "Joshua Stanley",
      "helpful": "0",
      "polarity": "",
      "rate": 5,
      "response": "",
      "response_date": "",
      "review": "Far superior to the ios version. Easy to use.",
      "review_date": [
        "July",
        "13",
        " 2018"
      ]
    },
    {
      "REQ_subtype": "",
      "REQ_type": "",
      "_id": 24,
      "author_id": "not defined",
      "author_name": "Alex Forbes",
      "helpful": "0",
      "polarity": "",
      "rate": 5,
      "response": "",
      "response_date": "",
      "review": "Biggest and best classifieds site in the UK",
      "review_date": [
        "July",
        "15",
        " 2018"
      ]
    },
    {
      "REQ_subtype": "",
      "REQ_type": "",
      "_id": 25,
      "author_id": "not defined",
      "author_name": "soyabbhai haji",
      "helpful": "0",
      "polarity": "",
      "rate": 5,
      "response": "Hello, By clicking the back button, you will be reverting back to the Home Screen. In order to reopen the search panel, you'll need to use the Chips (displayed on top of your search result list). ^Waylon",
      "response_date": [
        "June",
        "25",
        " 2018"
      ],
      "review": "Fixed ....the back button issue ....happy days Thank you",
      "review_date": [
        "July",
        "14",
        " 2018"
      ]
    },
    {
      "REQ_subtype": "",
      "REQ_type": "",
      "_id": 26,
      "author_id": "not defined",
      "author_name": "ian moore",
      "helpful": "0",
      "polarity": "",
      "rate": 5,
      "response": "",
      "response_date": "",
      "review": "Easy to use, easy to edit.",
      "review_date": [
        "July",
        "13",
        " 2018"
      ]
    },
    {
      "REQ_subtype": "",
      "REQ_type": "",
      "_id": 27,
      "author_id": "not defined",
      "author_name": "Mohammed Chaudhry",
      "helpful": "0",
      "polarity": "",
      "rate": 5,
      "response": "",
      "response_date": "",
      "review": "Really quick to post ads ,",
      "review_date": [
        "July",
        "15",
        " 2018"
      ]
    },
    {
      "REQ_subtype": "",
      "REQ_type": "",
      "_id": 28,
      "author_id": "not defined",
      "author_name": "Steve Cannon",
      "helpful": "0",
      "polarity": "",
      "rate": 5,
      "response": "",
      "response_date": "",
      "review": "Works great , great app.",
      "review_date": [
        "July",
        "15",
        " 2018"
      ]
    },
    {
      "REQ_subtype": "",
      "REQ_type": "",
      "_id": 29,
      "author_id": "not defined",
      "author_name": "billy lynchwhite",
      "helpful": "0",
      "polarity": "",
      "rate": 5,
      "response": "",
      "response_date": "",
      "review": "Good to sell and buy",
      "review_date": [
        "July",
        "16",
        " 2018"
      ]
    },
    {
      "REQ_subtype": "",
      "REQ_type": "",
      "_id": 30,
      "author_id": "not defined",
      "author_name": "Jackie Dow",
      "helpful": "0",
      "polarity": "",
      "rate": 5,
      "response": "",
      "response_date": "",
      "review": "Very useful app",
      "review_date": [
        "July",
        "15",
        " 2018"
      ]
    },
    {
      "REQ_subtype": "",
      "REQ_type": "",
      "_id": 31,
      "author_id": "not defined",
      "author_name": "Daniel Roberts",
      "helpful": "0",
      "polarity": "",
      "rate": 5,
      "response": "",
      "response_date": "",
      "review": "Easy to post ads",
      "review_date": [
        "July",
        "14",
        " 2018"
      ]
    },
    {
      "REQ_subtype": "",
      "REQ_type": "",
      "_id": 32,
      "author_id": "not defined",
      "author_name": "Dean Atterbury",
      "helpful": "0",
      "polarity": "",
      "rate": 5,
      "response": "",
      "response_date": "",
      "review": "\ud83d\udc4d\ud83c\udffd",
      "review_date": [
        "July",
        "14",
        " 2018"
      ]
    },
    {
      "REQ_subtype": "",
      "REQ_type": "",
      "_id": 33,
      "author_id": "not defined",
      "author_name": "tantiquy yao stephane",
      "helpful": "0",
      "polarity": "",
      "rate": 5,
      "response": "",
      "response_date": "",
      "review": "\ud83d\udc4d\ud83d\ude4f",
      "review_date": [
        "July",
        "16",
        " 2018"
      ]
    },
    {
      "REQ_subtype": "",
      "REQ_type": "",
      "_id": 34,
      "author_id": "not defined",
      "author_name": "Simon Turner",
      "helpful": "9",
      "polarity": "",
      "rate": 1,
      "response": "Hello. Very sorry to hear about this. Can you get in contact with our Twitter CS team at https://twitter.com/HelpMeGumtree - A member of their team will follow up with you on this right away! ^Waylon",
      "response_date": [
        "July",
        "2",
        " 2018"
      ],
      "review": "Tried to placed an add and it keeps getting removed saying my account has \nbeen hacked. They then send me an email saying I'm not following the rules \nand that's why my ad was removed. Set up a new account and still the same \nissue persisted. No point in an app to sell things that won't let you \nactually place ads.",
      "review_date": [
        "June",
        "29",
        " 2018"
      ]
    },
    {
      "REQ_subtype": "",
      "REQ_type": "",
      "_id": 35,
      "author_id": "not defined",
      "author_name": "simon rule",
      "helpful": "0",
      "polarity": "",
      "rate": 2,
      "response": "Hello Simon. By clicking the back button, you will be reverting back to the Home Screen. In order to reopen the search panel, you'll need to use the Chips (displayed on top of your search result list). ^Waylon",
      "response_date": [
        "July",
        "2",
        " 2018"
      ],
      "review": "The app has gone downhill since recent updates. When doing a category \nsearch there is a back tab in every section apart from when accessing the \nadvert list. The only way to click back on the app is to use the back \nbutton on phone. This then takes you back to home screen. Pointless, and \nunnecessary. It's a simple thing to fix and yet nothing has been done.",
      "review_date": [
        "June",
        "28",
        " 2018"
      ]
    },
    {
      "REQ_subtype": "",
      "REQ_type": "",
      "_id": 36,
      "author_id": "not defined",
      "author_name": "dougie miller",
      "helpful": "2",
      "polarity": "",
      "rate": 4,
      "response": "Hi Dougie, Thanks for your feedback. Sorry to hear that the ads seem to be repeating themselves. I've passed this on to our developers so that they can look into it. Thanks. ^Gerald",
      "response_date": [
        "June",
        "13",
        " 2017"
      ],
      "review": "App works OK now. Faster loading time than it used to be. Still has too \nmany intrusive adverts though. On a tablet it shows the same items over and \nover again. Can be a bit annoying at times.",
      "review_date": [
        "June",
        "29",
        " 2018"
      ]
    },
    {
      "REQ_subtype": "",
      "REQ_type": "",
      "_id": 37,
      "author_id": "not defined",
      "author_name": "Ulas Cavusoglu",
      "helpful": "1",
      "polarity": "",
      "rate": 1,
      "response": "Hey Ulas. Sorry to hear about the removal of your ad. Sometimes our emails do end up in the SPAM folder so I would suggest that you check in there. Can you also get in touch with our team over Twitter @HelpMeGumtree - so that they can confirm as to why the ad was removed and if you're eligible for a refund? Thanks! ^Waylon",
      "response_date": [
        "July",
        "9",
        " 2018"
      ],
      "review": "They removed my service ad as I made a mistake that I was not aware of. \nThey did not notify or send email for me the correct the mistake or suspend \nthe ad while i was correcting. Instead they completely removed the ad. So \ndissapointed wont ever use gumtree again. Did not get refund either as i \nthe ad was live only for 1 day then it was removed. On the support page \nthey say you will get email regarding the removal of the ad but did not get \na single email. I guess its an easy way for them to make money off you. \nDissapointed.",
      "review_date": [
        "July",
        "5",
        " 2018"
      ]
    },
    {
      "REQ_subtype": "",
      "REQ_type": "",
      "_id": 38,
      "author_id": "not defined",
      "author_name": "Katsam Sanders",
      "helpful": "3",
      "polarity": "",
      "rate": 2,
      "response": "Hi. You'd need to click on the location that is listed. This would probably be the UK. Then enter your postcode or location and adjust the distance slider. Go to your settings, choose Applications or Applications Manager, depending on your device and find the application that it is locked on. Click and you should see an option to clear defaults.",
      "response_date": [
        "July",
        "9",
        " 2018"
      ],
      "review": "This app has definitely gone downhill since all the recent 'updates!' When \nI want to search for items for sale or on freebies, it keeps searching so \nmany miles radius from the centre of the UK - when I live in the South \nEast!! But it won't change to South! And yes I do have my location switched \non on my phone. Oh and also, if I want to share an ad to someone else, it \nkeeps going to Twitter! No choices to share say, thru Whatsapp! Not good!",
      "review_date": [
        "July",
        "6",
        " 2018"
      ]
    },
    {
      "REQ_subtype": "",
      "REQ_type": "",
      "_id": 39,
      "author_id": "not defined",
      "author_name": "Peter mindyourown",
      "helpful": "1",
      "polarity": "",
      "rate": 5,
      "response": "",
      "response_date": "",
      "review": "Love using gumtree to sell off old or even new items. Simple, easy way to \napply a sale and fast. Smacks the ass off that crappy sphock, which is so \nunorganized and privacy is attacked. Only downside to gumtree is the \nscammers, which I am very aware of and always tell them to simply jog on",
      "review_date": [
        "July",
        "12",
        " 2018"
      ]
    },
    {
      "REQ_subtype": "",
      "REQ_type": "",
      "_id": 40,
      "author_id": "not defined",
      "author_name": "Emily Tucker",
      "helpful": "0",
      "polarity": "",
      "rate": 4,
      "response": "",
      "response_date": "",
      "review": "Takes far too long to load messages, it's not my Wi-Fi or mobile data \neither as everything else loads fine on my phone. I would also like an \noption to report buyers (you can only report ads), as one time I had a guy \nbeing really abusive to me on the messages and couldn't do anything about \nit. Apart from that I like gumtree and the people who use it as they're not \nas rude as people on Facebook.",
      "review_date": [
        "June",
        "30",
        " 2018"
      ]
    },
    {
      "REQ_subtype": "",
      "REQ_type": "",
      "_id": 41,
      "author_id": "not defined",
      "author_name": "Mardy Kennedy",
      "helpful": "0",
      "polarity": "",
      "rate": 2,
      "response": "Hi, Thanks for your message. Sorry to hear that this is happening. Can you let me know if the app is crashing when performing a specific task, or whether it's randomly happening? Look forward to hearing back from you! ^Waylon",
      "response_date": [
        "July",
        "9",
        " 2018"
      ],
      "review": "Doesn't work properly. Slow, Laggy and keeps getting stuck. A lot like the \nGumtree website. It can't handle somebody using it with speed.",
      "review_date": [
        "July",
        "7",
        " 2018"
      ]
    },
    {
      "REQ_subtype": "",
      "REQ_type": "",
      "_id": 42,
      "author_id": "not defined",
      "author_name": "p Pot",
      "helpful": "1",
      "polarity": "",
      "rate": 5,
      "response": "",
      "response_date": "",
      "review": "Love it and @helpmegumtree twitter gang. Lisa super mario.waylon and leanne \nStill cracking service from all the guys n gals at hq always willing and \nvery able to help when needed. Keep up the good work chaps and chapesses",
      "review_date": [
        "June",
        "28",
        " 2018"
      ]
    },
    {
      "REQ_subtype": "",
      "REQ_type": "",
      "_id": 43,
      "author_id": "not defined",
      "author_name": "A Google user",
      "helpful": "0",
      "polarity": "",
      "rate": 1,
      "response": "Hey! We\u2019re doing all we can behind the scenes to prevent unscrupulous people from using Gumtree. Please follow our safety advice as your most effective form of protection. This can be found at the following link: http://bit.ly/2FjWWsu Let me know if you have any other concerns. ^Waylon",
      "response_date": [
        "July",
        "2",
        " 2018"
      ],
      "review": "where to start really. calls from moronic idiots trying to sell you stuff \nor PPI no sooner have you posted ads, scam emails from idiots posing as \nbuyers. simple Google search many have had these emails I found. finally to \ntop it off now the app will not even open anymore! Great stuff...Not",
      "review_date": [
        "July",
        "2",
        " 2018"
      ]
    },
    {
      "REQ_subtype": "",
      "REQ_type": "",
      "_id": 44,
      "author_id": "not defined",
      "author_name": "A Google user",
      "helpful": "0",
      "polarity": "",
      "rate": 2,
      "response": "Hello! Thanks for your feedback. I've passed this on to our developers. If there's any other feedback that you'd like to share or issues that you\u2019d like to report, do let me know. ^Waylon",
      "response_date": [
        "July",
        "9",
        " 2018"
      ],
      "review": "The app needs lots more work done to it. Not good with deleting messages, \ncan't search quickly, photo editing needs more work done to it, adding vids \nis hard work.",
      "review_date": [
        "July",
        "5",
        " 2018"
      ]
    },
    {
      "REQ_subtype": "",
      "REQ_type": "",
      "_id": 45,
      "author_id": "not defined",
      "author_name": "Julie McKim",
      "helpful": "1",
      "polarity": "",
      "rate": 4,
      "response": "",
      "response_date": "",
      "review": "Love this app. Easy to use. Have bought and sold with no trouble. Does have \na tendency to stop working and effect the performance of my mobile but have \njust reinstalled it. So nothing to get upset over",
      "review_date": [
        "July",
        "2",
        " 2018"
      ]
    },
    {
      "REQ_subtype": "",
      "REQ_type": "",
      "_id": 46,
      "author_id": "not defined",
      "author_name": "A Google user",
      "helpful": "0",
      "polarity": "",
      "rate": 5,
      "response": "",
      "response_date": "",
      "review": "Easy to navigate and find what you're looking for. Most people selling on \nGumtree are honest blokes just helping each other out. (Watch out for con \nartists, they are out there.)",
      "review_date": [
        "July",
        "8",
        " 2018"
      ]
    },
    {
      "REQ_subtype": "",
      "REQ_type": "",
      "_id": 47,
      "author_id": "not defined",
      "author_name": "A Google user",
      "helpful": "0",
      "polarity": "",
      "rate": 1,
      "response": "Hi, Your device isn't compatible with our Android app, most probably because it's running lower version of Android. Our app supports versions from Jelly Bean (Android 4.1) +. If you want to use the app please upgrade your OS on that device. Also in play store you need to be logged in with UK user, because the app is for the UK store only. ^Stoycho",
      "response_date": [
        "July",
        "9",
        " 2018"
      ],
      "review": "I have used Gumtree for many years and love the service.I have now changed tablet to a Kindle Fire and cannot get the app to download, it is saying my device is. not compatable, although nothing is suffered other my previous tablet, which was a Sampson any help would be appreciated.",
      "review_date": [
        "July",
        "6",
        " 2018"
      ]
    },
    {
      "REQ_subtype": "",
      "REQ_type": "",
      "_id": 48,
      "author_id": "not defined",
      "author_name": "ivan d'alessandro",
      "helpful": "1",
      "polarity": "",
      "rate": 1,
      "response": "Hey Ivan! Our search is mostly keyword based so it is likely that it's picking up ads posted in the two categories. That would be you're seeing ads which should be posted in both 'To Share' and 'To Rent'. ^Waylon",
      "response_date": [
        "July",
        "9",
        " 2018"
      ],
      "review": "Looking for a one bedroom flat and I have to see 100s of adv of single \nbedooms in flat share. Why don't put them in 2 different categories?",
      "review_date": [
        "July",
        "6",
        " 2018"
      ]
    },
    {
      "REQ_subtype": "",
      "REQ_type": "",
      "_id": 49,
      "author_id": "not defined",
      "author_name": "Luke H",
      "helpful": "3",
      "polarity": "",
      "rate": 1,
      "response": "Hi. Sorry to hear that you're receiving these calls. The best thing to do is remove your phone number from the ad and only use your email address as a contact method. Once you get a genuine buyer, you can then share your phone number via email to facilitate the conversation. ^Waylon",
      "response_date": [
        "June",
        "25",
        " 2018"
      ],
      "review": "Every time I put an advert up within seconds I get unsolicited phone calls \nabout PPI and injury claims..... sort it out gum tree this isn't on!!!!!",
      "review_date": [
        "June",
        "22",
        " 2018"
      ]
    },
    {
      "REQ_subtype": "",
      "REQ_type": "",
      "_id": 50,
      "author_id": "not defined",
      "author_name": "A Google user",
      "helpful": "1",
      "polarity": "",
      "rate": 5,
      "response": "",
      "response_date": "",
      "review": "I enjoy using Gumtree, its a lot better with they're review update, when \nyou sell on Gumtree they pay what you ask and turn up on time unlike \nFacebook selling groups and marketplace where they try and bully you into \nselling your item for \u00a350 less and if you say no they have a strop like a \n5yr old.",
      "review_date": [
        "June",
        "27",
        " 2018"
      ]
    },
    {
      "REQ_subtype": "",
      "REQ_type": "",
      "_id": 51,
      "author_id": "not defined",
      "author_name": "Ben Fletcher",
      "helpful": "0",
      "polarity": "",
      "rate": 4,
      "response": "",
      "response_date": "",
      "review": "No way to refine your results by even simple measures like colour or \nmaterial! So. .. If you're looking for a red leather sofa (for example) you \nhave no choice but to scroll through 1000s of other sofas you have no \ninterest in. ....poor show",
      "review_date": [
        "June",
        "27",
        " 2018"
      ]
    },
    {
      "REQ_subtype": "",
      "REQ_type": "",
      "_id": 52,
      "author_id": "not defined",
      "author_name": "Oliver Bone",
      "helpful": "0",
      "polarity": "",
      "rate": 5,
      "response": "",
      "response_date": "",
      "review": "Easy to find things you want to buy. Great to be able to contact and speak \nto seller before committing time and money to collect. Great as a seller, \nwith easy listing with photos all from phone.",
      "review_date": [
        "July",
        "10",
        " 2018"
      ]
    },
    {
      "REQ_subtype": "",
      "REQ_type": "",
      "_id": 53,
      "author_id": "not defined",
      "author_name": "Haseeb Hussain",
      "helpful": "0",
      "polarity": "",
      "rate": 1,
      "response": "",
      "response_date": "",
      "review": "Terrible first one ad took over 12 hours to process then all my ads were \nremoved for no reason then chat support was just useless they did not even \nrespond it just said you are next for over 1 hour first on my phone then on \nmy laptop.",
      "review_date": [
        "July",
        "9",
        " 2018"
      ]
    },
    {
      "REQ_subtype": "",
      "REQ_type": "",
      "_id": 54,
      "author_id": "not defined",
      "author_name": "brian true",
      "helpful": "0",
      "polarity": "",
      "rate": 1,
      "response": "Hey Brian. By clicking the back button, you will be reverting back to the Home Screen. In order to reopen the search panel, you'll need to use the Chips (displayed on top of your search result list). ^Waylon",
      "response_date": [
        "July",
        "2",
        " 2018"
      ],
      "review": "Still not sorted out going back to home page , so annoying when yr in say \nappliances and search washing machines then u want to press back button to \nlook at tumble dryers but it goes back to home page so have to search all \nover again rubbish will not use",
      "review_date": [
        "June",
        "27",
        " 2018"
      ]
    },
    {
      "REQ_subtype": "",
      "REQ_type": "",
      "_id": 55,
      "author_id": "not defined",
      "author_name": "deniz gencli",
      "helpful": "1",
      "polarity": "",
      "rate": 1,
      "response": "Hi, we've made some performance improvements - please update to the latest version and let us know. Thanks",
      "response_date": [
        "June",
        "30",
        " 2014"
      ],
      "review": "How stupid when you press back button come back to home page should return \njust previous one",
      "review_date": [
        "July",
        "10",
        " 2018"
      ]
    },
    {
      "REQ_subtype": "",
      "REQ_type": "",
      "_id": 56,
      "author_id": "not defined",
      "author_name": "Callum Andrews",
      "helpful": "0",
      "polarity": "",
      "rate": 1,
      "response": "Hello Callum. Will make sure that your feedback is taken on board regarding the ratings option. The one star rating is automatically assigned to each user as a start-up, eventually they'll then work their way up based on experience. Let me know if I can assist with anything else! ^Waylon",
      "response_date": [
        "July",
        "2",
        " 2018"
      ],
      "review": "The star rating system is ridiculous as only 1 person leaves a review and( \nI've sold to 100s of people ) when no one else has out of spite and makes \nyou look like an untrustworthy seller sort it out gum tree!",
      "review_date": [
        "July",
        "1",
        " 2018"
      ]
    },
    {
      "REQ_subtype": "",
      "REQ_type": "",
      "_id": 57,
      "author_id": "not defined",
      "author_name": "Katrina Davies",
      "helpful": "1",
      "polarity": "",
      "rate": 4,
      "response": "",
      "response_date": "",
      "review": "Useful at helping me get rid of any unwanted things for a little bit of \ncash. No problems so far.",
      "review_date": [
        "July",
        "5",
        " 2018"
      ]
    },
    {
      "REQ_subtype": "",
      "REQ_type": "",
      "_id": 58,
      "author_id": "not defined",
      "author_name": "Matt Kane",
      "helpful": "0",
      "polarity": "",
      "rate": 4,
      "response": "",
      "response_date": "",
      "review": "Love the app, works great, one thing I want to point out is I can't seem to \nfilter out traders, lately I've had my local searches just full of a \ntraders new/used products, this isn't what I use gumtree for, please add \nthis filter option \ud83d\ude01",
      "review_date": [
        "July",
        "13",
        " 2018"
      ]
    },
    {
      "REQ_subtype": "",
      "REQ_type": "",
      "_id": 59,
      "author_id": "not defined",
      "author_name": "Ann Horne",
      "helpful": "0",
      "polarity": "",
      "rate": 5,
      "response": "",
      "response_date": "",
      "review": "Used Gumtree several times to sell on unwanted items with a lot of success. \nEasy to use App",
      "review_date": [
        "July",
        "13",
        " 2018"
      ]
    },
    {
      "REQ_subtype": "",
      "REQ_type": "",
      "_id": 60,
      "author_id": "not defined",
      "author_name": "cookie emperor",
      "helpful": "0",
      "polarity": "",
      "rate": 1,
      "response": "Hello, Thanks for your message. I'm sorry that you're not finding the app to be user friendly. If there is any particular aspect of the app that I can assist you with, do let me know. ^Waylon",
      "response_date": [
        "July",
        "9",
        " 2018"
      ],
      "review": "Change it back to the previous update you have ruined it with the latest \nupdate I am considering using other apps instead of this because this \nupdate is so annoying and horrible",
      "review_date": [
        "July",
        "4",
        " 2018"
      ]
    },
    {
      "REQ_subtype": "",
      "REQ_type": "",
      "_id": 61,
      "author_id": "not defined",
      "author_name": "Harriet Greener",
      "helpful": "1",
      "polarity": "",
      "rate": 4,
      "response": "",
      "response_date": "",
      "review": "Easy to use and just what you need in the app. I've bought and sold through \nit with no issues.",
      "review_date": [
        "July",
        "3",
        " 2018"
      ]
    },
    {
      "REQ_subtype": "",
      "REQ_type": "",
      "_id": 62,
      "author_id": "not defined",
      "author_name": "mustak ahmed",
      "helpful": "0",
      "polarity": "",
      "rate": 2,
      "response": "Hi. You'd need to click the search button and enter the item you're after and select one of the suggested categories. Once you've done this and the next page opens up, click on the location that is listed. This would probably be the UK. You can then enter your postcode or location. Then adjust the distance slider to your preferred radius. ^Waylon",
      "response_date": [
        "July",
        "9",
        " 2018"
      ],
      "review": "It's just mess this app is. I live in Luton but keep show I live near \nBurton tent that's near nottingham. Everything search is up nottingham",
      "review_date": [
        "July",
        "6",
        " 2018"
      ]
    },
    {
      "REQ_subtype": "",
      "REQ_type": "",
      "_id": 63,
      "author_id": "not defined",
      "author_name": "Danny Scott",
      "helpful": "0",
      "polarity": "",
      "rate": 3,
      "response": "Hello Danny! Are your favorites still listed on there? If the ad is no longer available, the user might've managed to sell the item. ^Waylon",
      "response_date": [
        "July",
        "2",
        " 2018"
      ],
      "review": "Once upon a time the gumtree app was faultless, now it's just plain \nfrustrating. It won't let you open ads, especially your favourites!",
      "review_date": [
        "June",
        "30",
        " 2018"
      ]
    },
    {
      "REQ_subtype": "",
      "REQ_type": "",
      "_id": 64,
      "author_id": "not defined",
      "author_name": "ashJcoops95",
      "helpful": "0",
      "polarity": "",
      "rate": 3,
      "response": "Hi, Many thanks for your feedback. I have passed this on to our development team so that it can be added to their list for future updates. Can you let me know if you took the pictures through the App itself? Thanks again! ^Waylon",
      "response_date": [
        "July",
        "9",
        " 2018"
      ],
      "review": "Ok app, photo compression/quality needs to improved a lot on the ADs, they \ncome out pixelated and illegible.",
      "review_date": [
        "July",
        "3",
        " 2018"
      ]
    },
    {
      "REQ_subtype": "",
      "REQ_type": "",
      "_id": 65,
      "author_id": "not defined",
      "author_name": "The Mackemtosh",
      "helpful": "0",
      "polarity": "",
      "rate": 5,
      "response": "",
      "response_date": "",
      "review": "Quick and easy to use. No problem on my Moto G5. It's also quick and easy \nto message and reply to people using the app without having to give number \nif you don't wish to.",
      "review_date": [
        "July",
        "7",
        " 2018"
      ]
    },
    {
      "REQ_subtype": "",
      "REQ_type": "",
      "_id": 66,
      "author_id": "not defined",
      "author_name": "Gayle Anderson",
      "helpful": "0",
      "polarity": "",
      "rate": 5,
      "response": "",
      "response_date": "",
      "review": "I have sold loads of stuff on Gum tree, including a car, bed and climbing \nframe. I have brought a sofa, a dog and furniture. It's so so easy to use. \nJust a great app. Love it :- l",
      "review_date": [
        "July",
        "10",
        " 2018"
      ]
    },
    {
      "REQ_subtype": "",
      "REQ_type": "",
      "_id": 67,
      "author_id": "not defined",
      "author_name": "JL",
      "helpful": "0",
      "polarity": "",
      "rate": 1,
      "response": "",
      "response_date": "",
      "review": "All you receive once you upload on ad is scam emails and calls. Terrible app",
      "review_date": [
        "July",
        "13",
        " 2018"
      ]
    },
    {
      "REQ_subtype": "",
      "REQ_type": "",
      "_id": 68,
      "author_id": "not defined",
      "author_name": "Dizidoll",
      "helpful": "3",
      "polarity": "",
      "rate": 5,
      "response": "",
      "response_date": "",
      "review": "I have had this app on my last 4 mobile phones and never had any problems \nwith it . It works exactly has it is expected . \ud83d\udc4c\ud83d\udc4c\ud83d\udc4c",
      "review_date": [
        "July",
        "3",
        " 2018"
      ]
    },
    {
      "REQ_subtype": "",
      "REQ_type": "",
      "_id": 69,
      "author_id": "not defined",
      "author_name": "A Google user",
      "helpful": "0",
      "polarity": "",
      "rate": 5,
      "response": "",
      "response_date": "",
      "review": "Just easy for me to use sold a few things just wish didn't get time wasters \ntoo but on the whole it's good",
      "review_date": [
        "June",
        "25",
        " 2018"
      ]
    },
    {
      "REQ_subtype": "",
      "REQ_type": "",
      "_id": 70,
      "author_id": "not defined",
      "author_name": "Tom Childs",
      "helpful": "1",
      "polarity": "",
      "rate": 5,
      "response": "",
      "response_date": "",
      "review": "Super simple to use. Been using it two weeks now and have sold 5 items on \nit already!",
      "review_date": [
        "June",
        "24",
        " 2018"
      ]
    },
    {
      "REQ_subtype": "",
      "REQ_type": "",
      "_id": 71,
      "author_id": "not defined",
      "author_name": "A Google user",
      "helpful": "0",
      "polarity": "",
      "rate": 4,
      "response": "",
      "response_date": "",
      "review": "It's a bit slow sometimes but it gets stuff sold just fine without the \ntrauma ebay has become. We'll worth it.",
      "review_date": [
        "July",
        "14",
        " 2018"
      ]
    },
    {
      "REQ_subtype": "",
      "REQ_type": "",
      "_id": 72,
      "author_id": "not defined",
      "author_name": "G H",
      "helpful": "0",
      "polarity": "",
      "rate": 5,
      "response": "Hi, we've just published an update to fix the problem which will be with you in the next couple of hours.  The problem was caused by a server change yesterday afternoon.  This kind of thing shouldn't happen, we're very sorry and we'll make sure it doesn't happen again.  If you can forgive us, please re-rate the app after the update :)",
      "response_date": [
        "October",
        "16",
        " 2014"
      ],
      "review": "Great app. Great functionality. The go to place to buy and sell most things \n8-). Since the update had no issues. Thank you !!",
      "review_date": [
        "July",
        "11",
        " 2018"
      ]
    },
    {
      "REQ_subtype": "",
      "REQ_type": "",
      "_id": 73,
      "author_id": "not defined",
      "author_name": "Marcus Stewart",
      "helpful": "0",
      "polarity": "",
      "rate": 4,
      "response": "",
      "response_date": "",
      "review": "Does what I need it to, is slow sometimes due to recent updates",
      "review_date": [
        "July",
        "1",
        " 2018"
      ]
    },
    {
      "REQ_subtype": "",
      "REQ_type": "",
      "_id": 74,
      "author_id": "not defined",
      "author_name": "Charles Inglis",
      "helpful": "0",
      "polarity": "",
      "rate": 4,
      "response": "",
      "response_date": "",
      "review": "Stopped telling you how long someone has been posting for",
      "review_date": [
        "June",
        "30",
        " 2018"
      ]
    },
    {
      "REQ_subtype": "",
      "REQ_type": "",
      "_id": 75,
      "author_id": "not defined",
      "author_name": "Baz Houlden",
      "helpful": "0",
      "polarity": "",
      "rate": 2,
      "response": "",
      "response_date": "",
      "review": "Last update has removed my location and I cannot hold the location screen \nso I see all for sale in UK. Won't use again untill fixed!",
      "review_date": [
        "July",
        "10",
        " 2018"
      ]
    },
    {
      "REQ_subtype": "",
      "REQ_type": "",
      "_id": 76,
      "author_id": "not defined",
      "author_name": "A Google user",
      "helpful": "1",
      "polarity": "",
      "rate": 3,
      "response": "Hi, Many thanks for your feedback. I have passed this on to our development team so that it can be added to their list for future updates. Thanks again! ^Waylon",
      "response_date": [
        "July",
        "2",
        " 2018"
      ],
      "review": "Prior to the update searching was easy but now difficult to search cars \nmake and model.",
      "review_date": [
        "June",
        "29",
        " 2018"
      ]
    },
    {
      "REQ_subtype": "",
      "REQ_type": "",
      "_id": 77,
      "author_id": "not defined",
      "author_name": "A Google user",
      "helpful": "0",
      "polarity": "",
      "rate": 5,
      "response": "",
      "response_date": "",
      "review": "Easy to use app, and a week run service by Gumtree. Def a good platform to \nbuy and sell on, I use it a lot. Have even found rental accommodation on it \nin the past.",
      "review_date": [
        "July",
        "8",
        " 2018"
      ]
    },
    {
      "REQ_subtype": "",
      "REQ_type": "",
      "_id": 78,
      "author_id": "not defined",
      "author_name": "A Google user",
      "helpful": "0",
      "polarity": "",
      "rate": 1,
      "response": "",
      "response_date": "",
      "review": "First time to the site, instantly my ad is removed and account blocked. No \nreason given and customer help was useless as couldnt tell me why.",
      "review_date": [
        "July",
        "8",
        " 2018"
      ]
    },
    {
      "REQ_subtype": "",
      "REQ_type": "",
      "_id": 79,
      "author_id": "not defined",
      "author_name": "PIA Airscout",
      "helpful": "0",
      "polarity": "",
      "rate": 5,
      "response": "",
      "response_date": "",
      "review": "It was very good new version is always pain in the neck sort this out plz . \nThank You",
      "review_date": [
        "July",
        "12",
        " 2018"
      ]
    },
    {
      "REQ_subtype": "",
      "REQ_type": "",
      "_id": 80,
      "author_id": "not defined",
      "author_name": "K N",
      "helpful": "0",
      "polarity": "",
      "rate": 5,
      "response": "",
      "response_date": "",
      "review": "Just great to sell quickly used stuff. Amazing and simple. Never post an \nadd that quick before.",
      "review_date": [
        "July",
        "8",
        " 2018"
      ]
    },
    {
      "REQ_subtype": "",
      "REQ_type": "",
      "_id": 81,
      "author_id": "not defined",
      "author_name": "Scott McRobb",
      "helpful": "0",
      "polarity": "",
      "rate": 5,
      "response": "",
      "response_date": "",
      "review": "Makes selling my unwanted goods a breeze.",
      "review_date": [
        "July",
        "9",
        " 2018"
      ]
    },
    {
      "REQ_subtype": "",
      "REQ_type": "",
      "_id": 82,
      "author_id": "not defined",
      "author_name": "James Cooper",
      "helpful": "0",
      "polarity": "",
      "rate": 5,
      "response": "",
      "response_date": "",
      "review": "Think I'm a gumtree addict got to have my daily fix, already got my car on \nthe app now looking for a motorhome. Luv it",
      "review_date": [
        "June",
        "27",
        " 2018"
      ]
    },
    {
      "REQ_subtype": "",
      "REQ_type": "",
      "_id": 83,
      "author_id": "not defined",
      "author_name": "A Google user",
      "helpful": "0",
      "polarity": "",
      "rate": 5,
      "response": "",
      "response_date": "",
      "review": "YES YES....AS AM LOOKING FOR A OLD SCHOOL IN CAR ENTERTAINMENT \nSYSTEM....THIS PROVIDES A BETTER CHOICE THAN ANY SHOP AROUND!!!!...",
      "review_date": [
        "July",
        "11",
        " 2018"
      ]
    },
    {
      "REQ_subtype": "",
      "REQ_type": "",
      "_id": 84,
      "author_id": "not defined",
      "author_name": "Leigh Duffill",
      "helpful": "0",
      "polarity": "",
      "rate": 5,
      "response": "",
      "response_date": "",
      "review": "Excellent app for selling stuff free of charge, Shame about the time waters \nbut that's hardly gumtree's fault.",
      "review_date": [
        "June",
        "26",
        " 2018"
      ]
    },
    {
      "REQ_subtype": "",
      "REQ_type": "",
      "_id": 85,
      "author_id": "not defined",
      "author_name": "shane ferneyhough",
      "helpful": "0",
      "polarity": "",
      "rate": 5,
      "response": "",
      "response_date": "",
      "review": "Good site better than eBay.more views just good all round love using it for \nsaleing things buying things",
      "review_date": [
        "June",
        "30",
        " 2018"
      ]
    },
    {
      "REQ_subtype": "",
      "REQ_type": "",
      "_id": 86,
      "author_id": "not defined",
      "author_name": "A Google user",
      "helpful": "0",
      "polarity": "",
      "rate": 5,
      "response": "",
      "response_date": "",
      "review": "I thing it's great for selling or giving away things you no longer need.",
      "review_date": [
        "July",
        "2",
        " 2018"
      ]
    },
    {
      "REQ_subtype": "",
      "REQ_type": "",
      "_id": 87,
      "author_id": "not defined",
      "author_name": "Lloyd Clarke",
      "helpful": "0",
      "polarity": "",
      "rate": 5,
      "response": "",
      "response_date": "",
      "review": "I prefer this to eBay... Much better deals as long as youre careful. So \nmuch better to sell than eBay with its 10% fees.",
      "review_date": [
        "June",
        "30",
        " 2018"
      ]
    },
    {
      "REQ_subtype": "",
      "REQ_type": "",
      "_id": 88,
      "author_id": "not defined",
      "author_name": "Shaun Browne",
      "helpful": "0",
      "polarity": "",
      "rate": 5,
      "response": "",
      "response_date": "",
      "review": "Great app, much better than using the website on a phone, does everything \nI've needed it to do so far.",
      "review_date": [
        "June",
        "26",
        " 2018"
      ]
    },
    {
      "REQ_subtype": "",
      "REQ_type": "",
      "_id": 89,
      "author_id": "not defined",
      "author_name": "Nerdy, Retro, Gaming -",
      "helpful": "0",
      "polarity": "",
      "rate": 5,
      "response": "",
      "response_date": "",
      "review": "Gumtree is a really great alternative to ebay, where you want to buy and \nsell locally. Better value for sellers, better items for buyers.",
      "review_date": [
        "June",
        "29",
        " 2018"
      ]
    },
    {
      "REQ_subtype": "",
      "REQ_type": "",
      "_id": 90,
      "author_id": "not defined",
      "author_name": "Itsem .Twins",
      "helpful": "0",
      "polarity": "",
      "rate": 5,
      "response": "",
      "response_date": "",
      "review": "Great app for anyone to use and easy to sell your unwanted items five stars \nall round",
      "review_date": [
        "July",
        "11",
        " 2018"
      ]
    },
    {
      "REQ_subtype": "",
      "REQ_type": "",
      "_id": 91,
      "author_id": "not defined",
      "author_name": "John Hawkins",
      "helpful": "0",
      "polarity": "",
      "rate": 5,
      "response": "",
      "response_date": "",
      "review": "I love Gumtree, and the app makes it really easy to find new stuff and sell \nold stuff",
      "review_date": [
        "June",
        "30",
        " 2018"
      ]
    },
    {
      "REQ_subtype": "",
      "REQ_type": "",
      "_id": 92,
      "author_id": "not defined",
      "author_name": "Ian Maddocks",
      "helpful": "0",
      "polarity": "",
      "rate": 3,
      "response": "Hello Ian! By clicking the back button, you will be reverting back to the Home Screen. In order to reopen the search panel, you'll need to use the Chips (displayed on top of your search result list). ^Waylon",
      "response_date": [
        "July",
        "2",
        " 2018"
      ],
      "review": "Seems to jump straight back to front screen after looking into a category. \nNever used to do that. Please rectify.",
      "review_date": [
        "July",
        "1",
        " 2018"
      ]
    },
    {
      "REQ_subtype": "",
      "REQ_type": "",
      "_id": 93,
      "author_id": "not defined",
      "author_name": "A Google user",
      "helpful": "0",
      "polarity": "",
      "rate": 4,
      "response": "",
      "response_date": "",
      "review": "Easy to use. Could be improved if filters had more categories so search \nresults could be better refined.",
      "review_date": [
        "June",
        "30",
        " 2018"
      ]
    },
    {
      "REQ_subtype": "",
      "REQ_type": "",
      "_id": 94,
      "author_id": "not defined",
      "author_name": "Kate Wright",
      "helpful": "0",
      "polarity": "",
      "rate": 5,
      "response": "",
      "response_date": "",
      "review": "Just posted first ad which was very easy to do. Fingers crossed but it's \nworking so far!",
      "review_date": [
        "July",
        "8",
        " 2018"
      ]
    },
    {
      "REQ_subtype": "",
      "REQ_type": "",
      "_id": 95,
      "author_id": "not defined",
      "author_name": "Carl Gamble",
      "helpful": "0",
      "polarity": "",
      "rate": 3,
      "response": "Hello Carl. Sorry to hear that this is happening. What I would suggest that you try is to uninstall the App completely and to reinstall it from scratch directly through the Play Store as this will ensure a fresh reinstall on your device. Let me know how it goes! ^Waylon",
      "response_date": [
        "July",
        "9",
        " 2018"
      ],
      "review": "Constant crashes and lock ups all the time app is bearly useable at present",
      "review_date": [
        "July",
        "8",
        " 2018"
      ]
    },
    {
      "REQ_subtype": "",
      "REQ_type": "",
      "_id": 96,
      "author_id": "not defined",
      "author_name": "A Google user",
      "helpful": "0",
      "polarity": "",
      "rate": 3,
      "response": "Hi,Glad to hear that and thanks for the feedback. If there's anything I can help with or issues you'd like to point out, just let me know. ^Waylon",
      "response_date": [
        "July",
        "2",
        " 2018"
      ],
      "review": "Not a bad app for selling stuff, I've always advertised all my item's on \ngumtree",
      "review_date": [
        "June",
        "28",
        " 2018"
      ]
    },
    {
      "REQ_subtype": "",
      "REQ_type": "",
      "_id": 97,
      "author_id": "not defined",
      "author_name": "Ian Raine",
      "helpful": "0",
      "polarity": "",
      "rate": 5,
      "response": "",
      "response_date": "",
      "review": "New to Gumtree and I think that it's fab. Sold my first item straight away.",
      "review_date": [
        "July",
        "7",
        " 2018"
      ]
    },
    {
      "REQ_subtype": "",
      "REQ_type": "",
      "_id": 98,
      "author_id": "not defined",
      "author_name": "A Google user",
      "helpful": "0",
      "polarity": "",
      "rate": 3,
      "response": "",
      "response_date": "",
      "review": "The sort by distance option has been removed. This was the best feature of \nthe app, why remove it?",
      "review_date": [
        "July",
        "10",
        " 2018"
      ]
    },
    {
      "REQ_subtype": "",
      "REQ_type": "",
      "_id": 99,
      "author_id": "not defined",
      "author_name": "Scott high",
      "helpful": "0",
      "polarity": "",
      "rate": 5,
      "response": "",
      "response_date": "",
      "review": "Always been a great app can't fault it at all so 5 stars all the way",
      "review_date": [
        "July",
        "1",
        " 2018"
      ]
    },
    {
      "REQ_subtype": "",
      "REQ_type": "",
      "_id": 100,
      "author_id": "not defined",
      "author_name": "John C",
      "helpful": "0",
      "polarity": "",
      "rate": 4,
      "response": "Hi. Here are a few things that you can try: make sure you've upgraded to the latest version of the app to ensure the best performance and check that your device is also running the latest OS. If none of the above solves the issue, please send us as much info as possible and if there was an error message, let us know what it was. ^Waylon",
      "response_date": [
        "March",
        "26",
        " 2018"
      ],
      "review": "Why does the back button take you all the way back to the main menu.",
      "review_date": [
        "June",
        "28",
        " 2018"
      ]
    },
    {
      "REQ_subtype": "",
      "REQ_type": "",
      "_id": 101,
      "author_id": "not defined",
      "author_name": "Geoff Simpson",
      "helpful": "0",
      "polarity": "",
      "rate": 4,
      "response": "",
      "response_date": "",
      "review": "Not used it for much other than advertising stuff but it works well",
      "review_date": [
        "July",
        "6",
        " 2018"
      ]
    },
    {
      "REQ_subtype": "",
      "REQ_type": "",
      "_id": 102,
      "author_id": "not defined",
      "author_name": "Raymond Warwick",
      "helpful": "0",
      "polarity": "",
      "rate": 5,
      "response": "",
      "response_date": "",
      "review": "Gumtree is really good , I would say it's the best for buying and selling, \nthank you gumtree.",
      "review_date": [
        "July",
        "6",
        " 2018"
      ]
    },
    {
      "REQ_subtype": "",
      "REQ_type": "",
      "_id": 103,
      "author_id": "not defined",
      "author_name": "Stuart Cocks",
      "helpful": "0",
      "polarity": "",
      "rate": 5,
      "response": "",
      "response_date": "",
      "review": "Been using this app for a while to buy and sell stuff and can't fault it.",
      "review_date": [
        "July",
        "8",
        " 2018"
      ]
    },
    {
      "REQ_subtype": "",
      "REQ_type": "",
      "_id": 104,
      "author_id": "not defined",
      "author_name": "John Hayselden",
      "helpful": "0",
      "polarity": "",
      "rate": 4,
      "response": "",
      "response_date": "",
      "review": "Quick easy app that makes it easier to post an add on your phone than using \na PC.\ud83d\ude42",
      "review_date": [
        "July",
        "3",
        " 2018"
      ]
    },
    {
      "REQ_subtype": "",
      "REQ_type": "",
      "_id": 105,
      "author_id": "not defined",
      "author_name": "A Google user",
      "helpful": "0",
      "polarity": "",
      "rate": 5,
      "response": "",
      "response_date": "",
      "review": "Great for buying and selling easy to use and great for finding that unusual \nitem you have been searching for",
      "review_date": [
        "July",
        "8",
        " 2018"
      ]
    },
    {
      "REQ_subtype": "",
      "REQ_type": "",
      "_id": 106,
      "author_id": "not defined",
      "author_name": "Sandy Fitzpatrick",
      "helpful": "0",
      "polarity": "",
      "rate": 4,
      "response": "",
      "response_date": "",
      "review": "App works ok most of the time, remember to put photos on first then the \nrest of the add",
      "review_date": [
        "July",
        "4",
        " 2018"
      ]
    },
    {
      "REQ_subtype": "",
      "REQ_type": "",
      "_id": 107,
      "author_id": "not defined",
      "author_name": "A Google user",
      "helpful": "0",
      "polarity": "",
      "rate": 5,
      "response": "",
      "response_date": "",
      "review": "Does the Job, and as close to ad trader/ free ads as it gets.",
      "review_date": [
        "July",
        "3",
        " 2018"
      ]
    },
    {
      "REQ_subtype": "",
      "REQ_type": "",
      "_id": 108,
      "author_id": "not defined",
      "author_name": "alan rennoldson",
      "helpful": "0",
      "polarity": "",
      "rate": 5,
      "response": "",
      "response_date": "",
      "review": "excellent app for selling unwanted goods.much better than ebay.highly \nrecommended.",
      "review_date": [
        "July",
        "8",
        " 2018"
      ]
    },
    {
      "REQ_subtype": "",
      "REQ_type": "",
      "_id": 109,
      "author_id": "not defined",
      "author_name": "BRiiTASH Gaming",
      "helpful": "0",
      "polarity": "",
      "rate": 5,
      "response": "",
      "response_date": "",
      "review": "Good app to buy and sell unwanted items locally for free",
      "review_date": [
        "July",
        "2",
        " 2018"
      ]
    },
    {
      "REQ_subtype": "",
      "REQ_type": "",
      "_id": 110,
      "author_id": "not defined",
      "author_name": "Keith Dickinson",
      "helpful": "0",
      "polarity": "",
      "rate": 5,
      "response": "",
      "response_date": "",
      "review": "Always a bargain to be had. Got some really good stuff off here, love it!!",
      "review_date": [
        "July",
        "1",
        " 2018"
      ]
    },
    {
      "REQ_subtype": "",
      "REQ_type": "",
      "_id": 111,
      "author_id": "not defined",
      "author_name": "John Walker",
      "helpful": "0",
      "polarity": "",
      "rate": 5,
      "response": "",
      "response_date": "",
      "review": "Really good at finding what ever you need and things you don't.",
      "review_date": [
        "July",
        "10",
        " 2018"
      ]
    },
    {
      "REQ_subtype": "",
      "REQ_type": "",
      "_id": 112,
      "author_id": "not defined",
      "author_name": "A Google user",
      "helpful": "0",
      "polarity": "",
      "rate": 4,
      "response": "",
      "response_date": "",
      "review": "Very handy to use & have bought a few things over the years",
      "review_date": [
        "July",
        "13",
        " 2018"
      ]
    },
    {
      "REQ_subtype": "",
      "REQ_type": "",
      "_id": 113,
      "author_id": "not defined",
      "author_name": "Kathleen Kilkelly",
      "helpful": "0",
      "polarity": "",
      "rate": 4,
      "response": "",
      "response_date": "",
      "review": "Too soon until I get some results",
      "review_date": [
        "July",
        "15",
        " 2018"
      ]
    },
    {
      "REQ_subtype": "",
      "REQ_type": "",
      "_id": 114,
      "author_id": "not defined",
      "author_name": "A Google user",
      "helpful": "0",
      "polarity": "",
      "rate": 5,
      "response": "",
      "response_date": "",
      "review": "Have sold items and purchased some bargains",
      "review_date": [
        "July",
        "1",
        " 2018"
      ]
    },
    {
      "REQ_subtype": "",
      "REQ_type": "",
      "_id": 115,
      "author_id": "not defined",
      "author_name": "clive leswell",
      "helpful": "0",
      "polarity": "",
      "rate": 5,
      "response": "",
      "response_date": "",
      "review": "No faults no worries no funnies and strangers call me and give me money! \nMagic",
      "review_date": [
        "July",
        "5",
        " 2018"
      ]
    },
    {
      "REQ_subtype": "",
      "REQ_type": "",
      "_id": 116,
      "author_id": "not defined",
      "author_name": "Callistus Sequeira",
      "helpful": "0",
      "polarity": "",
      "rate": 5,
      "response": "",
      "response_date": "",
      "review": "Very good app to buy and sell items very quickly. Try it to know it!",
      "review_date": [
        "June",
        "30",
        " 2018"
      ]
    },
    {
      "REQ_subtype": "",
      "REQ_type": "",
      "_id": 117,
      "author_id": "not defined",
      "author_name": "LOKITA rao",
      "helpful": "0",
      "polarity": "",
      "rate": 5,
      "response": "",
      "response_date": "",
      "review": "Like it lot. Seems vry addictive. LOL. Bt problm viewing images. Must \nimprove app",
      "review_date": [
        "July",
        "13",
        " 2018"
      ]
    },
    {
      "REQ_subtype": "",
      "REQ_type": "",
      "_id": 118,
      "author_id": "not defined",
      "author_name": "Darren Ravenhill",
      "helpful": "0",
      "polarity": "",
      "rate": 5,
      "response": "",
      "response_date": "",
      "review": "Great app easy to use, no fuss, very happy, prefer gumtree to eBay.",
      "review_date": [
        "June",
        "28",
        " 2018"
      ]
    },
    {
      "REQ_subtype": "",
      "REQ_type": "",
      "_id": 119,
      "author_id": "not defined",
      "author_name": "David James",
      "helpful": "0",
      "polarity": "",
      "rate": 4,
      "response": "",
      "response_date": "",
      "review": "Some issues but overall a good site. OK",
      "review_date": [
        "July",
        "5",
        " 2018"
      ]
    }
  ],
  "size": "28",
  "url": "https://play.google.com/store/apps/details?id=com.gumtree.android",
  "version": "3.13.0"
}