{
  "categories": [
    "Finance"
  ],
  "description": "Made for freelancers and small businesses, for use with Wave's free accounting software (required). No more paper clutter in your wallet or purse! Receipts by Wave makes it easy to track receipts, simplify your small business accounting, and make your business audit-proof.Just snap a photo of your receipts, invoices or bills. Receipts by Wave digitizes (OCR) and imports them directly into your free Wave account. Never face a wallet, purse or shoebox full of receipts again. Your finances are always up to date and correct. KEY FEATURES:\u2605 Snap photos of your receipts, confirm the details and upload it to your accounting\u2605 Seamless integration with the Accounting by Wave; receipt images link with your accounting transactions for easy reference in the future\u2605 Receipts are stored in the cloud; view on Android or download via the Wave web app when needed\u2605 Upload receipts from Google Drive, Dropbox and SkydriveNote: For security reasons, do not take an image of personal identification (such as a passport) or credit cards.Featured in: the New York Times, Forbes, Mashable, CNBC, Inc.Learn more: http://waveapps.com/receipts",
  "inc": "Wave HQ",
  "intalled_count": "100,000",
  "last_update": [
    "July",
    "6",
    " 2018"
  ],
  "name": "Receipts by Wave for business",
  "offered_by": "Google Commerce Ltd",
  "permissions": {
    "Phone": [
      "read phone status and identity"
    ],
    "Photos/Media/Files": [
      "read the contents of your USB storage",
      "modify or delete the contents of your USB storage"
    ],
    "Storage": [
      "read the contents of your USB storage",
      "modify or delete the contents of your USB storage"
    ],
    "Camera": [
      "take pictures and videos"
    ],
    "Device ID & call information": [
      "read phone status and identity"
    ],
    "Other": [
      "receive data from Internet",
      "view network connections",
      "full network access",
      "draw over other apps",
      "prevent device from sleeping"
    ]
  },
  "price": "",
  "rate": [
    [
      "5,223",
      "4.1"
    ],
    [
      "2,877",
      "5"
    ],
    [
      "1,227",
      "4"
    ],
    [
      "409",
      "3"
    ],
    [
      "264",
      "2"
    ],
    [
      "446",
      "1"
    ]
  ],
  "required_android": "4.1",
  "reviews": [
    {
      "REQ_subtype": "",
      "REQ_type": "",
      "_id": 0,
      "author_id": "not defined",
      "author_name": "Kevin Boehmer",
      "helpful": "0",
      "polarity": "",
      "rate": 4,
      "response": "",
      "response_date": "",
      "review": "I really wish it wasnt stuck in vertical position. And I wish it would have \na Pos aspect, not everything you do uses an invoice. I love the program \notherwise. Very clean simple and professional. Thank you",
      "review_date": [
        "July",
        "7",
        " 2018"
      ]
    },
    {
      "REQ_subtype": "",
      "REQ_type": "",
      "_id": 1,
      "author_id": "not defined",
      "author_name": "Ash Bryant",
      "helpful": "0",
      "polarity": "",
      "rate": 2,
      "response": "",
      "response_date": "",
      "review": "This app is made the whole experience frustratingly slow, you have to wait \nfor about 30-60 seconds for it to allow you to take picture, which feels \nlike a life time.",
      "review_date": [
        "July",
        "9",
        " 2018"
      ]
    },
    {
      "REQ_subtype": "",
      "REQ_type": "",
      "_id": 2,
      "author_id": "not defined",
      "author_name": "Jamey Cyphert",
      "helpful": "0",
      "polarity": "",
      "rate": 3,
      "response": "",
      "response_date": "",
      "review": "Hey crasher,  how's crashy crasherson? -crash-out",
      "review_date": [
        "July",
        "9",
        " 2018"
      ]
    },
    {
      "REQ_subtype": "",
      "REQ_type": "",
      "_id": 3,
      "author_id": "not defined",
      "author_name": "Owuraku Otchere-Darko",
      "helpful": "0",
      "polarity": "",
      "rate": 5,
      "response": "",
      "response_date": "",
      "review": "Wave provides great services.",
      "review_date": [
        "July",
        "10",
        " 2018"
      ]
    },
    {
      "REQ_subtype": "",
      "REQ_type": "",
      "_id": 4,
      "author_id": "not defined",
      "author_name": "Alistair Wesson",
      "helpful": "3",
      "polarity": "",
      "rate": 5,
      "response": "",
      "response_date": "",
      "review": "Very very good, the processing software is super accurate and this takes \nmuch less time than manually inputting receipts. Also it means that you can \nsnap them and file them away instantly without having a pile of receipts on \na spike for weeks before you can get round to them.",
      "review_date": [
        "June",
        "15",
        " 2018"
      ]
    },
    {
      "REQ_subtype": "",
      "REQ_type": "",
      "_id": 5,
      "author_id": "not defined",
      "author_name": "Sam Hemphill",
      "helpful": "2",
      "polarity": "",
      "rate": 2,
      "response": "",
      "response_date": "",
      "review": "Wave is fabulous for accounting but the Android version of this app is \ncompletely unusable. Freezes for 5 minutes or more on opening and is \nexceptionally non responsive. Easier to photograph receipts and upload \nmanually",
      "review_date": [
        "June",
        "27",
        " 2018"
      ]
    },
    {
      "REQ_subtype": "",
      "REQ_type": "",
      "_id": 6,
      "author_id": "not defined",
      "author_name": "A Google user",
      "helpful": "0",
      "polarity": "",
      "rate": 2,
      "response": "",
      "response_date": "",
      "review": "Supposed to simplify but is hopelessly confusing. Corrections are a \nnightmare. Anyone who's not hopelessly lost inside their own app would have \nsimply enabled images of receipts to be saved EVEN if the accounting entry \nhad to be deleted because its capacity for corrections is so poor. Saving \nthe receipt image would at least have allowed it to be reused when \nre-entering the transaction. A little thought about user experience and \n\"nudge\" based design would significantly reduce user error & frustration, \nand upgrade Wave from \"meh\" to WOW.",
      "review_date": [
        "July",
        "6",
        " 2018"
      ]
    },
    {
      "REQ_subtype": "",
      "REQ_type": "",
      "_id": 7,
      "author_id": "not defined",
      "author_name": "A Google user",
      "helpful": "1",
      "polarity": "",
      "rate": 4,
      "response": "",
      "response_date": "",
      "review": "I love this app up until recently. I freezes up frequently and keep asking to restart app.",
      "review_date": [
        "June",
        "18",
        " 2018"
      ]
    },
    {
      "REQ_subtype": "",
      "REQ_type": "",
      "_id": 8,
      "author_id": "not defined",
      "author_name": "Barry Bryan",
      "helpful": "0",
      "polarity": "",
      "rate": 4,
      "response": "",
      "response_date": "",
      "review": "Really needs a point button so when on the rare occasion you have to \nmanually input an amount it can only be whole numbers which is poor by any \nmeasure",
      "review_date": [
        "June",
        "20",
        " 2018"
      ]
    },
    {
      "REQ_subtype": "",
      "REQ_type": "",
      "_id": 9,
      "author_id": "not defined",
      "author_name": "Dennis Ziko",
      "helpful": "0",
      "polarity": "",
      "rate": 5,
      "response": "",
      "response_date": "",
      "review": "Best app ever. Captures every detail from even stained receipts. I will \nhighly recommend.",
      "review_date": [
        "June",
        "22",
        " 2018"
      ]
    },
    {
      "REQ_subtype": "",
      "REQ_type": "",
      "_id": 10,
      "author_id": "not defined",
      "author_name": "Paul Shchur",
      "helpful": "0",
      "polarity": "",
      "rate": 4,
      "response": "",
      "response_date": "",
      "review": "Great app, needs ability to crop photo however.",
      "review_date": [
        "June",
        "15",
        " 2018"
      ]
    },
    {
      "REQ_subtype": "",
      "REQ_type": "",
      "_id": 11,
      "author_id": "not defined",
      "author_name": "EVAC KARMA",
      "helpful": "0",
      "polarity": "",
      "rate": 5,
      "response": "",
      "response_date": "",
      "review": "Does exactly what you expect it to do. Fast and easy",
      "review_date": [
        "June",
        "18",
        " 2018"
      ]
    },
    {
      "REQ_subtype": "",
      "REQ_type": "",
      "_id": 12,
      "author_id": "not defined",
      "author_name": "N-Style Painting",
      "helpful": "0",
      "polarity": "",
      "rate": 5,
      "response": "",
      "response_date": "",
      "review": "Wonderful app. Love it.",
      "review_date": [
        "June",
        "17",
        " 2018"
      ]
    },
    {
      "REQ_subtype": "",
      "REQ_type": "",
      "_id": 13,
      "author_id": "not defined",
      "author_name": "Tom Wheeler",
      "helpful": "1",
      "polarity": "",
      "rate": 2,
      "response": "",
      "response_date": "",
      "review": "A great app, but made almost unworkable by the fact it takes 10 seconds to \nwork once opened. It's so boring and inexcusable nowadays.",
      "review_date": [
        "May",
        "31",
        " 2018"
      ]
    },
    {
      "REQ_subtype": "",
      "REQ_type": "",
      "_id": 14,
      "author_id": "not defined",
      "author_name": "Charles Elliott",
      "helpful": "0",
      "polarity": "",
      "rate": 1,
      "response": "",
      "response_date": "",
      "review": "Cannot login to the app. I can log into website fine.. App just tries to \nreset my password (via web browser on phone). At the login screen when I \nenter in my email and password the only two options are reset password or \nlogin with Google. Just terrible to the point I may give up on Wave.. Why \nwould you trust your finances to a company that can't get the basics \nright?l Changed 1 to 3 stars. There is no \"Login\" button. It is an Arrow \npointing right that is a 10th of the size (literally) of the Reset Password \nbutton.",
      "review_date": [
        "June",
        "7",
        " 2018"
      ]
    },
    {
      "REQ_subtype": "",
      "REQ_type": "",
      "_id": 15,
      "author_id": "not defined",
      "author_name": "Matthew Henschke",
      "helpful": "2",
      "polarity": "",
      "rate": 5,
      "response": "",
      "response_date": "",
      "review": "Found it worked well - I prefer the cloud processing as there's really no \ndowntime on the phone and the reciepts should be stored on the cloud \nanyway. Highly recommend!",
      "review_date": [
        "June",
        "2",
        " 2018"
      ]
    },
    {
      "REQ_subtype": "",
      "REQ_type": "",
      "_id": 16,
      "author_id": "not defined",
      "author_name": "Jeff Leyerle",
      "helpful": "1",
      "polarity": "",
      "rate": 4,
      "response": "",
      "response_date": "",
      "review": "Easy to record expenses into the wave app.",
      "review_date": [
        "June",
        "5",
        " 2018"
      ]
    },
    {
      "REQ_subtype": "",
      "REQ_type": "",
      "_id": 17,
      "author_id": "not defined",
      "author_name": "t j",
      "helpful": "2",
      "polarity": "",
      "rate": 4,
      "response": "",
      "response_date": "",
      "review": "I am reading a lot of negative reviews about changes post an update. I \ncannot attest to that, but I can attest to how its worked for me since I \nbegan using it an hour ago. It's great for what you pay for, which is \nabsolutely nothing. If you want super accurate OCR , don't ball up your \nreceipts or just pay for the big guys at around $10/mo. I have worked for \nSage and Intuit doing tech support in the past 10 years so I know what they \nmake because I, supported it. Yes, those apps are superior. But, I am \nreally impressed at Wave desktop and this Receipts app as no cost \naccounting solutions. Is it QB? No, but it's pretty great. Be grateful. To \npotential users, give it a shot and see for yourselves.",
      "review_date": [
        "May",
        "30",
        " 2018"
      ]
    },
    {
      "REQ_subtype": "",
      "REQ_type": "",
      "_id": 18,
      "author_id": "not defined",
      "author_name": "Jeff Bean",
      "helpful": "2",
      "polarity": "",
      "rate": 2,
      "response": "",
      "response_date": "",
      "review": "Finally, can categorize receipts to liability accounts, ie, a credit card. \nKeyboard for editing currency field still has no decimal key, so if OCR is \ninnacurate, amounts will be incorrect and, because they are read-only once \nreviewed, will remain incorrect. Online support says installation of a \nseparate standalone keyboard app is required. (I will edit my review if and \nwhen the situation changes.)",
      "review_date": [
        "May",
        "28",
        " 2018"
      ]
    },
    {
      "REQ_subtype": "",
      "REQ_type": "",
      "_id": 19,
      "author_id": "not defined",
      "author_name": "Sue Wells",
      "helpful": "0",
      "polarity": "",
      "rate": 3,
      "response": "",
      "response_date": "",
      "review": "PLEEEEASE bring back the old app version! This one never works.",
      "review_date": [
        "June",
        "6",
        " 2018"
      ]
    },
    {
      "REQ_subtype": "",
      "REQ_type": "",
      "_id": 20,
      "author_id": "not defined",
      "author_name": "A Google user",
      "helpful": "1",
      "polarity": "",
      "rate": 1,
      "response": "",
      "response_date": "",
      "review": "Junk! It takes forever to get the receipt, because it send pictures in the \ncloud, made the OCR there, translate the result in smth I can't see and \ndeliver back. You kidding me? There are better and faster alternatives. \nDeleted !!!",
      "review_date": [
        "May",
        "20",
        " 2018"
      ]
    },
    {
      "REQ_subtype": "",
      "REQ_type": "",
      "_id": 21,
      "author_id": "not defined",
      "author_name": "Liz McLean Knight",
      "helpful": "0",
      "polarity": "",
      "rate": 3,
      "response": "",
      "response_date": "",
      "review": "To fix unprocessed or unsynced receipts you need to uninstall and reinstall \nthe app. Don't throw out your receipts until you see they've been added. \nHeh.",
      "review_date": [
        "May",
        "25",
        " 2018"
      ]
    },
    {
      "REQ_subtype": "",
      "REQ_type": "",
      "_id": 22,
      "author_id": "not defined",
      "author_name": "Taurus Phillips",
      "helpful": "0",
      "polarity": "",
      "rate": 5,
      "response": "",
      "response_date": "",
      "review": "A simple way to take control of managing your business!",
      "review_date": [
        "May",
        "28",
        " 2018"
      ]
    },
    {
      "REQ_subtype": "",
      "REQ_type": "",
      "_id": 23,
      "author_id": "not defined",
      "author_name": "Darren Thiessen",
      "helpful": "2",
      "polarity": "",
      "rate": 5,
      "response": "",
      "response_date": "",
      "review": "Excellent for tax season! My wife handed me her stack of receipts for the tax season. I snapped the photos and after a little processing by the service I had a nice report I could generate for the business! This is going to make keeping track of expenses much easier. Thanks to The whole team!",
      "review_date": [
        "April",
        "12",
        " 2018"
      ]
    },
    {
      "REQ_subtype": "",
      "REQ_type": "",
      "_id": 24,
      "author_id": "not defined",
      "author_name": "Dustin Lau",
      "helpful": "11",
      "polarity": "",
      "rate": 1,
      "response": "",
      "response_date": "",
      "review": "This app has the slowest start up time of any app on my phone. The camera takes literally minutes before it's able to take a photo of receipt. It is the slowest & laggiest app on my phone. I am switching to a paid app that even though this is free because it's so slow it makes me disproportionately angry",
      "review_date": [
        "March",
        "6",
        " 2018"
      ]
    },
    {
      "REQ_subtype": "",
      "REQ_type": "",
      "_id": 25,
      "author_id": "not defined",
      "author_name": "Kayaking Mamma",
      "helpful": "2",
      "polarity": "",
      "rate": 1,
      "response": "",
      "response_date": "",
      "review": "Tested the app before we actually implemented it and it worked fine. Once we got confident in it's ability and used it to take pictures to save receipts, we were unable to see them either within the app, or on the website. It's unfortunate because we were optimistic it would be a worthwhile expense for our office. Had the Free version, won't be upgrading to the paid for something that won't work.   Also, please note that there is NO customer service available.",
      "review_date": [
        "March",
        "12",
        " 2018"
      ]
    },
    {
      "REQ_subtype": "",
      "REQ_type": "",
      "_id": 26,
      "author_id": "not defined",
      "author_name": "Michael Lee",
      "helpful": "9",
      "polarity": "",
      "rate": 3,
      "response": "",
      "response_date": "",
      "review": "Does not automatically enter sales tax info even if you have the tax named exactly as shown in the receipts. Also, posting to wave accounting creates duplicate entries if you automatically download credit card or bank account transactions. Only solution is to delete the downloaded transactions, which is a pain if there are a lot and kind of defeats the purpose of automatically downloading the transactions. The two systems should be better integrated. Wave accounting should automatically match the receipts to the transactions and then ask you if you want to upload the missing receipts.",
      "review_date": [
        "March",
        "18",
        " 2018"
      ]
    },
    {
      "REQ_subtype": "",
      "REQ_type": "",
      "_id": 27,
      "author_id": "not defined",
      "author_name": "Andy Taylor",
      "helpful": "0",
      "polarity": "",
      "rate": 2,
      "response": "",
      "response_date": "",
      "review": "Everything was fine until the last update. Since then, my payment methods \nhave disappeared. I have a bunch of receipts I cannot move from \"ready\" to \n\"done\" due to no longer having the option of selecting my visa or checking \naccount. Pissed off!",
      "review_date": [
        "May",
        "9",
        " 2018"
      ]
    },
    {
      "REQ_subtype": "",
      "REQ_type": "",
      "_id": 28,
      "author_id": "not defined",
      "author_name": "Joe Chlebanowski",
      "helpful": "0",
      "polarity": "",
      "rate": 4,
      "response": "",
      "response_date": "",
      "review": "This is a perfect and critical tool keeping track of my receipts and I love \nthat it integrates directly into wave Accounting. Only a slight issue that \nthe camera is causing the app to crash when not connected to Wi-Fi.",
      "review_date": [
        "April",
        "25",
        " 2018"
      ]
    },
    {
      "REQ_subtype": "",
      "REQ_type": "",
      "_id": 29,
      "author_id": "not defined",
      "author_name": "Shakya Kumara",
      "helpful": "6",
      "polarity": "",
      "rate": 1,
      "response": "",
      "response_date": "",
      "review": "Took over 24 hours to process 1 receipt! I wanted this to speed things up, but it doesn't do that - I can type in the details manually much more quickly. And the main Wave software is just as slow",
      "review_date": [
        "March",
        "20",
        " 2018"
      ]
    },
    {
      "REQ_subtype": "",
      "REQ_type": "",
      "_id": 30,
      "author_id": "not defined",
      "author_name": "Cameron Gilbert",
      "helpful": "0",
      "polarity": "",
      "rate": 1,
      "response": "",
      "response_date": "",
      "review": "App constantly misreads receipts then freezes when you try to correct the \ntext and will not let you verify. Get it working properly and I would rate \nit higher, but every single use is a headache right now. UPDATE: Still \nglitchy and won't take pictures consistently. Terrible app.",
      "review_date": [
        "May",
        "16",
        " 2018"
      ]
    },
    {
      "REQ_subtype": "",
      "REQ_type": "",
      "_id": 31,
      "author_id": "not defined",
      "author_name": "A Google user",
      "helpful": "6",
      "polarity": "",
      "rate": 1,
      "response": "",
      "response_date": "",
      "review": "I just want to know what's the genius behind making receipts 'read-only' after they're posted. What if there is a mistake and I need to fix it? And why why does the receipt disappear after it's posted? Why can't I add any other expense categories other than the ones you provided? Did you account for every single type of expense category that every business owner has? It's as if this app is designed by people who are completely out of touch with what small business owners do day-to-day. I was using freshbooks then switched to this hoping it would be better. It's actually worse!",
      "review_date": [
        "March",
        "5",
        " 2018"
      ]
    },
    {
      "REQ_subtype": "",
      "REQ_type": "",
      "_id": 32,
      "author_id": "not defined",
      "author_name": "Lyndall H.",
      "helpful": "2",
      "polarity": "",
      "rate": 1,
      "response": "",
      "response_date": "",
      "review": "Use this app if you can wait 4 to 5 days to get any customer service via email. If their solution to your problem does not work, then you have to wait another 4 to 5 days for their response. Your receipts are only available in the app, not on your computer or in a report you can download. I needed my receipts to file my taxes. I was never able to log in to the online site, therefore I had to re enter a big stack of receipts into another app. I was so desperate for phone support that I called their office in Canada and left them messages begging them to call me. They did not. I changed to 1 tap tax app. It is more accurate reading the receipt. It has more useful tax categories. You can tag receipts and easily split 1 receipt into 2 different categories. I rarely ever leave a bad review, but this app failed.",
      "review_date": [
        "March",
        "21",
        " 2018"
      ]
    },
    {
      "REQ_subtype": "",
      "REQ_type": "",
      "_id": 33,
      "author_id": "not defined",
      "author_name": "air tech 2001 2001",
      "helpful": "0",
      "polarity": "",
      "rate": 3,
      "response": "",
      "response_date": "",
      "review": "The idea behind this app is excellent. Downloading of pictured receipts \nsometimes is quick sometimes up to 10 min. Getting support seems to long. I \ncannot get to my receipts to show up in transactions yet it is properly \nentered in receipts. NEED WORK",
      "review_date": [
        "April",
        "26",
        " 2018"
      ]
    },
    {
      "REQ_subtype": "",
      "REQ_type": "",
      "_id": 34,
      "author_id": "not defined",
      "author_name": "Anne Connelly",
      "helpful": "0",
      "polarity": "",
      "rate": 3,
      "response": "",
      "response_date": "",
      "review": "The concept is great, but the execution... Not so much. My receipts keep \nshowing up in South African Rand. Tax season has been a nightmare as a \nresult.",
      "review_date": [
        "April",
        "29",
        " 2018"
      ]
    },
    {
      "REQ_subtype": "",
      "REQ_type": "",
      "_id": 35,
      "author_id": "not defined",
      "author_name": "Mohamed Haroun",
      "helpful": "2",
      "polarity": "",
      "rate": 2,
      "response": "",
      "response_date": "",
      "review": "Very slow in uploading receipts. I was able to see the receipt online while the app was showing underprocess.  Also, can't change a thing once the receipt is uploaded",
      "review_date": [
        "March",
        "7",
        " 2018"
      ]
    },
    {
      "REQ_subtype": "",
      "REQ_type": "",
      "_id": 36,
      "author_id": "not defined",
      "author_name": "Cliff cliff",
      "helpful": "3",
      "polarity": "",
      "rate": 4,
      "response": "",
      "response_date": "",
      "review": "While this app and others by Wave  are useful, they do not offer or account for mileage software. Please consider offering an inclusion similiar to everlance or mile IQ for business owner mileage expenses.",
      "review_date": [
        "March",
        "10",
        " 2018"
      ]
    },
    {
      "REQ_subtype": "",
      "REQ_type": "",
      "_id": 37,
      "author_id": "not defined",
      "author_name": "Jeff Moore",
      "helpful": "1",
      "polarity": "",
      "rate": 5,
      "response": "",
      "response_date": "",
      "review": "Best app for scanning receipts I have used so far. Would like to see a category for personal use added or offer a separate app for the home.  Easy to use just scan and upload. Great job.",
      "review_date": [
        "March",
        "16",
        " 2018"
      ]
    },
    {
      "REQ_subtype": "",
      "REQ_type": "",
      "_id": 38,
      "author_id": "not defined",
      "author_name": "Kelly Davis",
      "helpful": "1",
      "polarity": "",
      "rate": 2,
      "response": "",
      "response_date": "",
      "review": "This was working ok up until a recent update. It is now crashing immediately after submitting the first receipt. I am on Android 8.0.0 / March 1, 2018 Security Patches. Build # 3.5.3.1903",
      "review_date": [
        "April",
        "13",
        " 2018"
      ]
    },
    {
      "REQ_subtype": "",
      "REQ_type": "",
      "_id": 39,
      "author_id": "not defined",
      "author_name": "Sanjeev Khanna",
      "helpful": "0",
      "polarity": "",
      "rate": 4,
      "response": "",
      "response_date": "",
      "review": "Just love the app. Though it is designed for businesses in US, I am using \nit with some adaptations in India. A few modifications by the developers \nwill further enhance it's utility in overseas businesses as well. The \nposting of reciepts, just by clicking a picture, is a great time saver.",
      "review_date": [
        "May",
        "1",
        " 2018"
      ]
    },
    {
      "REQ_subtype": "",
      "REQ_type": "",
      "_id": 40,
      "author_id": "not defined",
      "author_name": "Andre van der Merwe",
      "helpful": "0",
      "polarity": "",
      "rate": 1,
      "response": "",
      "response_date": "",
      "review": "The astronomically slow start up and speed changing anything is ludicrous. \nSo frustrating and barely usable on my tablet or Samsung S5 phone.",
      "review_date": [
        "May",
        "8",
        " 2018"
      ]
    },
    {
      "REQ_subtype": "",
      "REQ_type": "",
      "_id": 41,
      "author_id": "not defined",
      "author_name": "Rory Nicol",
      "helpful": "5",
      "polarity": "",
      "rate": 2,
      "response": "",
      "response_date": "",
      "review": "It's tax time and this app is making my small business receipt upload a massive task. Frustrating to say the least.",
      "review_date": [
        "March",
        "24",
        " 2018"
      ]
    },
    {
      "REQ_subtype": "",
      "REQ_type": "",
      "_id": 42,
      "author_id": "not defined",
      "author_name": "Adam Luckett",
      "helpful": "0",
      "polarity": "",
      "rate": 1,
      "response": "",
      "response_date": "",
      "review": "Fresh update done on 27th Feb 2018, still awful, receipts now go to processing, notify that they are ready, but stay in processing! Terrible update..... again!",
      "review_date": [
        "February",
        "28",
        " 2018"
      ]
    },
    {
      "REQ_subtype": "",
      "REQ_type": "",
      "_id": 43,
      "author_id": "not defined",
      "author_name": "Tarek Belghith",
      "helpful": "0",
      "polarity": "",
      "rate": 3,
      "response": "",
      "response_date": "",
      "review": "You guys can compete with other market players, you only have US and Canada in the country list while you have Zillions of prospects in the rest of the world. What if you add the \"manual tax setting\" so that the accountant will do his magic himself? It Doesn't require any rocket science. I used your app a couple of times, i liked the functions but due to the lack of flexibility, i need to reconsider... Please let me know. But you definitely have big potential in the cloud accounting!",
      "review_date": [
        "March",
        "24",
        " 2018"
      ]
    },
    {
      "REQ_subtype": "",
      "REQ_type": "",
      "_id": 44,
      "author_id": "not defined",
      "author_name": "Soaper Man",
      "helpful": "0",
      "polarity": "",
      "rate": 5,
      "response": "",
      "response_date": "",
      "review": "This app is very amazing and useful especially to us, contractors. We can hardly find time to do the accounting but this app made our management more productive to their job because of the time saving they've got from using this app.",
      "review_date": [
        "March",
        "12",
        " 2018"
      ]
    },
    {
      "REQ_subtype": "",
      "REQ_type": "",
      "_id": 45,
      "author_id": "not defined",
      "author_name": "A Google user",
      "helpful": "0",
      "polarity": "",
      "rate": 3,
      "response": "",
      "response_date": "",
      "review": "Figured out how to add new receipt categories, not very obvious (it's under accounting on the website). Not a fan of receipts being read only once they're approved though.",
      "review_date": [
        "April",
        "9",
        " 2018"
      ]
    },
    {
      "REQ_subtype": "",
      "REQ_type": "",
      "_id": 46,
      "author_id": "not defined",
      "author_name": "Munsell Karen",
      "helpful": "0",
      "polarity": "",
      "rate": 1,
      "response": "Hey Karen, that is definitely not expected behaviour - drop us a note and we can look into whats going on your device. https://support.waveapps.com/hc/en-us/requests/new?ticket_form_id=122946",
      "response_date": [
        "March",
        "23",
        " 2018"
      ],
      "review": "Can't get past the allow access to camera screen. I click to allow and nothing happens. Frustrating when app non functional like this.",
      "review_date": [
        "March",
        "23",
        " 2018"
      ]
    },
    {
      "REQ_subtype": "",
      "REQ_type": "",
      "_id": 47,
      "author_id": "not defined",
      "author_name": "Rizque rizque",
      "helpful": "1",
      "polarity": "",
      "rate": 3,
      "response": "",
      "response_date": "",
      "review": "At least i can use it for invoice, credit card, recurring, reminder, but i dont like slow",
      "review_date": [
        "March",
        "9",
        " 2018"
      ]
    },
    {
      "REQ_subtype": "",
      "REQ_type": "",
      "_id": 48,
      "author_id": "not defined",
      "author_name": "John Kamoosi",
      "helpful": "0",
      "polarity": "",
      "rate": 4,
      "response": "",
      "response_date": "",
      "review": "Can you please add pinch zoom functionality to the photo preview?  Its locked at a fixed size,  and it's useful to see if it's readable before uploading it to the account for processing.",
      "review_date": [
        "March",
        "1",
        " 2018"
      ]
    },
    {
      "REQ_subtype": "",
      "REQ_type": "",
      "_id": 49,
      "author_id": "not defined",
      "author_name": "Monice Peter",
      "helpful": "0",
      "polarity": "",
      "rate": 3,
      "response": "",
      "response_date": "",
      "review": "Really waiting for the technology to sync the notes section of the app to link to the online system. Such a vital part that is being neglected. Come on Waveapps, especially for tax purposes.",
      "review_date": [
        "April",
        "9",
        " 2018"
      ]
    },
    {
      "REQ_subtype": "",
      "REQ_type": "",
      "_id": 50,
      "author_id": "not defined",
      "author_name": "Suzanne",
      "helpful": "0",
      "polarity": "",
      "rate": 4,
      "response": "",
      "response_date": "",
      "review": "Seems to work great thus far. Scans easily, is accurate, able to create and \nassign my own categories. Hoping to make 2018 taxes much more organized!",
      "review_date": [
        "May",
        "3",
        " 2018"
      ]
    },
    {
      "REQ_subtype": "",
      "REQ_type": "",
      "_id": 51,
      "author_id": "not defined",
      "author_name": "Chad Hooper",
      "helpful": "0",
      "polarity": "",
      "rate": 1,
      "response": "",
      "response_date": "",
      "review": "Cuts receipts down in size. Cuts out half the photo you take. Useless",
      "review_date": [
        "March",
        "4",
        " 2018"
      ]
    },
    {
      "REQ_subtype": "",
      "REQ_type": "",
      "_id": 52,
      "author_id": "not defined",
      "author_name": "Jakub Roszkowski",
      "helpful": "0",
      "polarity": "",
      "rate": 1,
      "response": "",
      "response_date": "",
      "review": "Unable to upload pdf receipt a feature you would expect working",
      "review_date": [
        "April",
        "29",
        " 2018"
      ]
    },
    {
      "REQ_subtype": "",
      "REQ_type": "",
      "_id": 53,
      "author_id": "not defined",
      "author_name": "Joe C",
      "helpful": "0",
      "polarity": "",
      "rate": 4,
      "response": "",
      "response_date": "",
      "review": "Very easy to use. Would be nice if it had a feature to enter something manually without an image. But overall very easy to use Simple interface works perfectly",
      "review_date": [
        "April",
        "7",
        " 2018"
      ]
    },
    {
      "REQ_subtype": "",
      "REQ_type": "",
      "_id": 54,
      "author_id": "not defined",
      "author_name": "Amir Ridhwan",
      "helpful": "1",
      "polarity": "",
      "rate": 4,
      "response": "",
      "response_date": "",
      "review": "realy good..just make it can convert to pdf format and i can share it through whatssapp..pls.",
      "review_date": [
        "March",
        "21",
        " 2018"
      ]
    },
    {
      "REQ_subtype": "",
      "REQ_type": "",
      "_id": 55,
      "author_id": "not defined",
      "author_name": "Valent Lau",
      "helpful": "0",
      "polarity": "",
      "rate": 1,
      "response": "Hello Valent, like many other sites, we were impacted by Amazon going down for a while. This should be working fine now - please drop us a note at support@waveapps.com if you are still facing this issue!",
      "response_date": [
        "September",
        "18",
        " 2017"
      ],
      "review": "Cannot handle GST, or any pricing including taxes. This means when scanning you must then manually add GST, then enter the GST amount.",
      "review_date": [
        "April",
        "16",
        " 2018"
      ]
    },
    {
      "REQ_subtype": "",
      "REQ_type": "",
      "_id": 56,
      "author_id": "not defined",
      "author_name": "Jack Bryant",
      "helpful": "0",
      "polarity": "",
      "rate": 4,
      "response": "",
      "response_date": "",
      "review": "Only been on this a few days but recognizes all my receipt and can do \nseveral at one time, loving it",
      "review_date": [
        "May",
        "19",
        " 2018"
      ]
    },
    {
      "REQ_subtype": "",
      "REQ_type": "",
      "_id": 57,
      "author_id": "not defined",
      "author_name": "Zaheer Tariq Jhandu",
      "helpful": "0",
      "polarity": "",
      "rate": 5,
      "response": "",
      "response_date": "",
      "review": "Great app keep track of your invoice. upload on clouds and leave rest on wave. Thanks for a big effort wave HQ",
      "review_date": [
        "April",
        "6",
        " 2018"
      ]
    },
    {
      "REQ_subtype": "",
      "REQ_type": "",
      "_id": 58,
      "author_id": "not defined",
      "author_name": "DUBLIN537",
      "helpful": "0",
      "polarity": "",
      "rate": 2,
      "response": "",
      "response_date": "",
      "review": "Too slow. Quicker using pen and paper.",
      "review_date": [
        "March",
        "24",
        " 2018"
      ]
    },
    {
      "REQ_subtype": "",
      "REQ_type": "",
      "_id": 59,
      "author_id": "not defined",
      "author_name": "Leons Platacis",
      "helpful": "1",
      "polarity": "",
      "rate": 5,
      "response": "",
      "response_date": "",
      "review": "It's very useful accenting system for micro business",
      "review_date": [
        "May",
        "7",
        " 2018"
      ]
    },
    {
      "REQ_subtype": "",
      "REQ_type": "",
      "_id": 60,
      "author_id": "not defined",
      "author_name": "Bauke Janssens",
      "helpful": "0",
      "polarity": "",
      "rate": 5,
      "response": "",
      "response_date": "",
      "review": "Very good app. Saves me a lot if time. Suggestion: overview of the online \npayments as well.",
      "review_date": [
        "April",
        "23",
        " 2018"
      ]
    },
    {
      "REQ_subtype": "",
      "REQ_type": "",
      "_id": 61,
      "author_id": "not defined",
      "author_name": "A Adhikary",
      "helpful": "1",
      "polarity": "",
      "rate": 5,
      "response": "",
      "response_date": "",
      "review": "Like this App. It saved my time and money.",
      "review_date": [
        "April",
        "5",
        " 2018"
      ]
    },
    {
      "REQ_subtype": "",
      "REQ_type": "",
      "_id": 62,
      "author_id": "not defined",
      "author_name": "noel a",
      "helpful": "0",
      "polarity": "",
      "rate": 1,
      "response": "",
      "response_date": "",
      "review": "Doesn't work",
      "review_date": [
        "March",
        "24",
        " 2018"
      ]
    },
    {
      "REQ_subtype": "",
      "REQ_type": "",
      "_id": 63,
      "author_id": "not defined",
      "author_name": "Andy Wynne",
      "helpful": "0",
      "polarity": "",
      "rate": 5,
      "response": "",
      "response_date": "",
      "review": "Great app for small businesses. Easy, intuitive, reliable!",
      "review_date": [
        "April",
        "11",
        " 2018"
      ]
    },
    {
      "REQ_subtype": "",
      "REQ_type": "",
      "_id": 64,
      "author_id": "not defined",
      "author_name": "Martin Agorh",
      "helpful": "0",
      "polarity": "",
      "rate": 5,
      "response": "",
      "response_date": "",
      "review": "A comprehensive package for solepreneurs, Entrepreneurs, and small businesses...",
      "review_date": [
        "April",
        "12",
        " 2018"
      ]
    },
    {
      "REQ_subtype": "",
      "REQ_type": "",
      "_id": 65,
      "author_id": "not defined",
      "author_name": "Alex van Sprang",
      "helpful": "0",
      "polarity": "",
      "rate": 5,
      "response": "",
      "response_date": "",
      "review": "Makes processing receipts very easy! Love it",
      "review_date": [
        "May",
        "19",
        " 2018"
      ]
    },
    {
      "REQ_subtype": "",
      "REQ_type": "",
      "_id": 66,
      "author_id": "not defined",
      "author_name": "Amy N",
      "helpful": "0",
      "polarity": "",
      "rate": 4,
      "response": "",
      "response_date": "",
      "review": "Very good for a free app. Highly recommend.",
      "review_date": [
        "April",
        "4",
        " 2018"
      ]
    },
    {
      "REQ_subtype": "",
      "REQ_type": "",
      "_id": 67,
      "author_id": "not defined",
      "author_name": "Stefan B Neagu",
      "helpful": "0",
      "polarity": "",
      "rate": 3,
      "response": "",
      "response_date": "",
      "review": "Too slow",
      "review_date": [
        "March",
        "21",
        " 2018"
      ]
    },
    {
      "REQ_subtype": "",
      "REQ_type": "",
      "_id": 68,
      "author_id": "not defined",
      "author_name": "dave c",
      "helpful": "0",
      "polarity": "",
      "rate": 4,
      "response": "",
      "response_date": "",
      "review": "Would like to see sorting,",
      "review_date": [
        "March",
        "25",
        " 2018"
      ]
    },
    {
      "REQ_subtype": "",
      "REQ_type": "",
      "_id": 69,
      "author_id": "not defined",
      "author_name": "Andrew Muriuki",
      "helpful": "0",
      "polarity": "",
      "rate": 5,
      "response": "",
      "response_date": "",
      "review": "Functional.",
      "review_date": [
        "April",
        "15",
        " 2018"
      ]
    },
    {
      "REQ_subtype": "",
      "REQ_type": "",
      "_id": 70,
      "author_id": "not defined",
      "author_name": "Dave Lefebvre",
      "helpful": "0",
      "polarity": "",
      "rate": 3,
      "response": "",
      "response_date": "",
      "review": "Needs ability to add categories",
      "review_date": [
        "April",
        "10",
        " 2018"
      ]
    },
    {
      "REQ_subtype": "",
      "REQ_type": "",
      "_id": 71,
      "author_id": "not defined",
      "author_name": "Tiem Tran",
      "helpful": "0",
      "polarity": "",
      "rate": 5,
      "response": "",
      "response_date": "",
      "review": "Easy. Great. Saves times",
      "review_date": [
        "May",
        "2",
        " 2018"
      ]
    },
    {
      "REQ_subtype": "",
      "REQ_type": "",
      "_id": 72,
      "author_id": "not defined",
      "author_name": "Cecelia Barker",
      "helpful": "0",
      "polarity": "",
      "rate": 4,
      "response": "",
      "response_date": "",
      "review": "Very easy to use.",
      "review_date": [
        "March",
        "7",
        " 2018"
      ]
    },
    {
      "REQ_subtype": "",
      "REQ_type": "",
      "_id": 73,
      "author_id": "not defined",
      "author_name": "Linda Chase",
      "helpful": "0",
      "polarity": "",
      "rate": 5,
      "response": "",
      "response_date": "",
      "review": "Easy to use",
      "review_date": [
        "March",
        "1",
        " 2018"
      ]
    },
    {
      "REQ_subtype": "",
      "REQ_type": "",
      "_id": 74,
      "author_id": "not defined",
      "author_name": "John Palermo",
      "helpful": "0",
      "polarity": "",
      "rate": 5,
      "response": "",
      "response_date": "",
      "review": "Really great",
      "review_date": [
        "March",
        "30",
        " 2018"
      ]
    },
    {
      "REQ_subtype": "",
      "REQ_type": "",
      "_id": 75,
      "author_id": "not defined",
      "author_name": "Electronic Kwacha",
      "helpful": "0",
      "polarity": "",
      "rate": 5,
      "response": "",
      "response_date": "",
      "review": "Good good",
      "review_date": [
        "May",
        "21",
        " 2018"
      ]
    },
    {
      "REQ_subtype": "",
      "REQ_type": "",
      "_id": 76,
      "author_id": "not defined",
      "author_name": "Bernie Cervizzi",
      "helpful": "0",
      "polarity": "",
      "rate": 5,
      "response": "",
      "response_date": "",
      "review": "Love it.",
      "review_date": [
        "March",
        "21",
        " 2018"
      ]
    },
    {
      "REQ_subtype": "",
      "REQ_type": "",
      "_id": 77,
      "author_id": "not defined",
      "author_name": "Chris Gindi",
      "helpful": "0",
      "polarity": "",
      "rate": 5,
      "response": "",
      "response_date": "",
      "review": "Love it",
      "review_date": [
        "April",
        "17",
        " 2018"
      ]
    },
    {
      "REQ_subtype": "",
      "REQ_type": "",
      "_id": 78,
      "author_id": "not defined",
      "author_name": "Thomas Paine",
      "helpful": "1",
      "polarity": "",
      "rate": 1,
      "response": "",
      "response_date": "",
      "review": "Agree with others on here. In 2016 this app was excellent. 5 stars all the way. Now it is abysmal. It is so slow to scan in receipts. I can no longer snap a receipt when I receive it. I have to put it in a box and then waste my life bulk scanning them in at home. I am so frustrated with this.",
      "review_date": [
        "February",
        "26",
        " 2018"
      ]
    },
    {
      "REQ_subtype": "",
      "REQ_type": "",
      "_id": 79,
      "author_id": "not defined",
      "author_name": "Stephen Williams",
      "helpful": "1",
      "polarity": "",
      "rate": 2,
      "response": "",
      "response_date": "",
      "review": "2016 it was great. Now 2018 it is slow and the button to accept a picture does not work on my Samsung. Phone is fine - I am typing all over the area of the screen where the buttons sit as I give this review. App no longer works.",
      "review_date": [
        "February",
        "15",
        " 2018"
      ]
    },
    {
      "REQ_subtype": "",
      "REQ_type": "",
      "_id": 80,
      "author_id": "not defined",
      "author_name": "Steve Garside",
      "helpful": "0",
      "polarity": "",
      "rate": 2,
      "response": "",
      "response_date": "",
      "review": "Using wave for &gt;5 years, latest update screwed it. OCR doesn't work, some transactions are processed, some not - am not a happy client",
      "review_date": [
        "February",
        "21",
        " 2018"
      ]
    },
    {
      "REQ_subtype": "",
      "REQ_type": "",
      "_id": 81,
      "author_id": "not defined",
      "author_name": "charles denequolo",
      "helpful": "0",
      "polarity": "",
      "rate": 4,
      "response": "",
      "response_date": "",
      "review": "Doesn't work on note 8 even after update. Everytime I open the app the message \"couldn't load receipts pleas try again\" makes app useless if it can't open. 2/21/18 doesnt even open now. Update 2/24/18 found that won't open when vpn is active close vpn and app opens but i still get the \"\"couldn't load reciepts please try again\" message but the app will still work just takes a long time to process reciepts.",
      "review_date": [
        "February",
        "25",
        " 2018"
      ]
    },
    {
      "REQ_subtype": "",
      "REQ_type": "",
      "_id": 82,
      "author_id": "not defined",
      "author_name": "Michael Pirie",
      "helpful": "0",
      "polarity": "",
      "rate": 5,
      "response": "",
      "response_date": "",
      "review": "Does just what it says on the tin. And does it well. Re reviewing Feb 2018. Used to be a 5 star app, but I'm downgrading it to 3 star after the last update. Receipts just stay processing after scanning. I now have to log out and log back in to see them in the review stage. Don't developers test updates any more?",
      "review_date": [
        "February",
        "21",
        " 2018"
      ]
    },
    {
      "REQ_subtype": "",
      "REQ_type": "",
      "_id": 83,
      "author_id": "not defined",
      "author_name": "Sherryl",
      "helpful": "0",
      "polarity": "",
      "rate": 2,
      "response": "",
      "response_date": "",
      "review": "Used to love this app but with this new version, capturing receipts takes such a long time. The icons are non-responsive and the camera fails to focus. Like another reviewer posted, there's nothing wrong with my phone. Previously I gave this app 5 stars with this comment: 'This app has made accounting for my business as painless as possible.' Please make this app wonderful again by tweaking the camera function to be more responsive.",
      "review_date": [
        "February",
        "16",
        " 2018"
      ]
    },
    {
      "REQ_subtype": "",
      "REQ_type": "",
      "_id": 84,
      "author_id": "not defined",
      "author_name": "Supo K",
      "helpful": "0",
      "polarity": "",
      "rate": 1,
      "response": "",
      "response_date": "",
      "review": "The description appears it does what I need however, it's been 20 minutes since I took a photo of a receipt and it hasn't extracted any of the info yet.   Will take me less time to manually enter the info into a spreadsheet. Deleting it right away",
      "review_date": [
        "February",
        "25",
        " 2018"
      ]
    },
    {
      "REQ_subtype": "",
      "REQ_type": "",
      "_id": 85,
      "author_id": "not defined",
      "author_name": "Charlene Masson",
      "helpful": "0",
      "polarity": "",
      "rate": 3,
      "response": "",
      "response_date": "",
      "review": "Used to be a great app but since the last update it's been very slow to snap a receipt. I also found it's recorded blanks for the past month. Come on developers what's going on with it?",
      "review_date": [
        "February",
        "19",
        " 2018"
      ]
    },
    {
      "REQ_subtype": "",
      "REQ_type": "",
      "_id": 86,
      "author_id": "not defined",
      "author_name": "David Johnson",
      "helpful": "1",
      "polarity": "",
      "rate": 5,
      "response": "",
      "response_date": "",
      "review": "Simple to use.  Millenials who need everything yesterday may find issue with it.  Experienced folks will love it.",
      "review_date": [
        "February",
        "21",
        " 2018"
      ]
    },
    {
      "REQ_subtype": "",
      "REQ_type": "",
      "_id": 87,
      "author_id": "not defined",
      "author_name": "Chris L",
      "helpful": "0",
      "polarity": "",
      "rate": 3,
      "response": "",
      "response_date": "",
      "review": "App was really great until the last few weeks. Now, it takes a while to load enough to input a receipt",
      "review_date": [
        "March",
        "10",
        " 2018"
      ]
    },
    {
      "REQ_subtype": "",
      "REQ_type": "",
      "_id": 88,
      "author_id": "not defined",
      "author_name": "Tristan Patterson",
      "helpful": "1",
      "polarity": "",
      "rate": 5,
      "response": "",
      "response_date": "",
      "review": "So much better than whats on offer here in NZ.",
      "review_date": [
        "February",
        "20",
        " 2018"
      ]
    },
    {
      "REQ_subtype": "",
      "REQ_type": "",
      "_id": 89,
      "author_id": "not defined",
      "author_name": "Paul T",
      "helpful": "1",
      "polarity": "",
      "rate": 5,
      "response": "",
      "response_date": "",
      "review": "Great job with the whole package. I'm impressed.",
      "review_date": [
        "February",
        "16",
        " 2018"
      ]
    },
    {
      "REQ_subtype": "",
      "REQ_type": "",
      "_id": 90,
      "author_id": "not defined",
      "author_name": "Paul Noonan",
      "helpful": "1",
      "polarity": "",
      "rate": 5,
      "response": "",
      "response_date": "",
      "review": "Love it, perfect for a 1 man operation",
      "review_date": [
        "February",
        "14",
        " 2018"
      ]
    },
    {
      "REQ_subtype": "",
      "REQ_type": "",
      "_id": 91,
      "author_id": "not defined",
      "author_name": "rhonda burr",
      "helpful": "0",
      "polarity": "",
      "rate": 5,
      "response": "",
      "response_date": "",
      "review": "Great",
      "review_date": [
        "February",
        "23",
        " 2018"
      ]
    },
    {
      "REQ_subtype": "",
      "REQ_type": "",
      "_id": 92,
      "author_id": "not defined",
      "author_name": "Matt Hensel",
      "helpful": "1",
      "polarity": "",
      "rate": 3,
      "response": "",
      "response_date": "",
      "review": "Trouble with app on Android. Buttons where you click to take a picture of the receipt or accept the receipt are not responsive. No other problems on any other app. I've removed and reinstalled this app twice. Won't do it again if this happens again.",
      "review_date": [
        "February",
        "14",
        " 2018"
      ]
    },
    {
      "REQ_subtype": "",
      "REQ_type": "",
      "_id": 93,
      "author_id": "not defined",
      "author_name": "Steve Henry",
      "helpful": "0",
      "polarity": "",
      "rate": 1,
      "response": "",
      "response_date": "",
      "review": "Extremely slow and laggy. Takes about 1 min to be able to take a picture.",
      "review_date": [
        "February",
        "15",
        " 2018"
      ]
    },
    {
      "REQ_subtype": "",
      "REQ_type": "",
      "_id": 94,
      "author_id": "not defined",
      "author_name": "A Google user",
      "helpful": "1",
      "polarity": "",
      "rate": 4,
      "response": "",
      "response_date": "",
      "review": "Great app, but it would be even better if the photo feature included cropping and brightness enhancements before the image is saved.",
      "review_date": [
        "February",
        "10",
        " 2018"
      ]
    },
    {
      "REQ_subtype": "",
      "REQ_type": "",
      "_id": 95,
      "author_id": "not defined",
      "author_name": "Curtis Craven",
      "helpful": "0",
      "polarity": "",
      "rate": 1,
      "response": "",
      "response_date": "",
      "review": "Processes forever",
      "review_date": [
        "February",
        "10",
        " 2018"
      ]
    },
    {
      "REQ_subtype": "",
      "REQ_type": "",
      "_id": 96,
      "author_id": "not defined",
      "author_name": "Dion Butt",
      "helpful": "0",
      "polarity": "",
      "rate": 5,
      "response": "",
      "response_date": "",
      "review": "Great better than most of the paid services out there",
      "review_date": [
        "February",
        "13",
        " 2018"
      ]
    },
    {
      "REQ_subtype": "",
      "REQ_type": "",
      "_id": 97,
      "author_id": "not defined",
      "author_name": "MANOJKUMAR INGAWALE",
      "helpful": "0",
      "polarity": "",
      "rate": 5,
      "response": "",
      "response_date": "",
      "review": "Awesome no words",
      "review_date": [
        "February",
        "10",
        " 2018"
      ]
    },
    {
      "REQ_subtype": "",
      "REQ_type": "",
      "_id": 98,
      "author_id": "not defined",
      "author_name": "michael j",
      "helpful": "0",
      "polarity": "",
      "rate": 5,
      "response": "",
      "response_date": "",
      "review": "Great app it works",
      "review_date": [
        "February",
        "12",
        " 2018"
      ]
    },
    {
      "REQ_subtype": "",
      "REQ_type": "",
      "_id": 99,
      "author_id": "not defined",
      "author_name": "Aowyn Leonhardt",
      "helpful": "2",
      "polarity": "",
      "rate": 3,
      "response": "",
      "response_date": "",
      "review": "Why can't I put decimals into certain text boxes? I have to go into my phone's notebook and type $3.25, then copy + paste that into the app. Rediculous!",
      "review_date": [
        "February",
        "1",
        " 2018"
      ]
    },
    {
      "REQ_subtype": "",
      "REQ_type": "",
      "_id": 100,
      "author_id": "not defined",
      "author_name": "Nikki Ware",
      "helpful": "2",
      "polarity": "",
      "rate": 1,
      "response": "",
      "response_date": "",
      "review": "Unable to upload any receipts & I have not heard back from tech support. Deleting after a few days of trying.",
      "review_date": [
        "February",
        "6",
        " 2018"
      ]
    },
    {
      "REQ_subtype": "",
      "REQ_type": "",
      "_id": 101,
      "author_id": "not defined",
      "author_name": "RANJITH YARRAMREDDY",
      "helpful": "0",
      "polarity": "",
      "rate": 4,
      "response": "",
      "response_date": "",
      "review": "Great app. But App starts too slow. Have to wait to long scan a receipt.",
      "review_date": [
        "February",
        "9",
        " 2018"
      ]
    },
    {
      "REQ_subtype": "",
      "REQ_type": "",
      "_id": 102,
      "author_id": "not defined",
      "author_name": "marilen kamau",
      "helpful": "0",
      "polarity": "",
      "rate": 3,
      "response": "",
      "response_date": "",
      "review": "Can I download an expense report in excel...",
      "review_date": [
        "February",
        "14",
        " 2018"
      ]
    },
    {
      "REQ_subtype": "",
      "REQ_type": "",
      "_id": 103,
      "author_id": "not defined",
      "author_name": "Patricia Law",
      "helpful": "0",
      "polarity": "",
      "rate": 2,
      "response": "",
      "response_date": "",
      "review": "Takes to long to upload receipts. Seems like they are frozen. Can't delete either",
      "review_date": [
        "February",
        "9",
        " 2018"
      ]
    },
    {
      "REQ_subtype": "",
      "REQ_type": "",
      "_id": 104,
      "author_id": "not defined",
      "author_name": "A Google user",
      "helpful": "0",
      "polarity": "",
      "rate": 5,
      "response": "",
      "response_date": "",
      "review": "Saves a lot of bookeeping time!",
      "review_date": [
        "February",
        "3",
        " 2018"
      ]
    },
    {
      "REQ_subtype": "",
      "REQ_type": "",
      "_id": 105,
      "author_id": "not defined",
      "author_name": "Sarah Curran",
      "helpful": "0",
      "polarity": "",
      "rate": 5,
      "response": "",
      "response_date": "",
      "review": "Love it!",
      "review_date": [
        "February",
        "2",
        " 2018"
      ]
    },
    {
      "REQ_subtype": "",
      "REQ_type": "",
      "_id": 106,
      "author_id": "not defined",
      "author_name": "Rajesh Dsilva",
      "helpful": "0",
      "polarity": "",
      "rate": 5,
      "response": "",
      "response_date": "",
      "review": "Good",
      "review_date": [
        "February",
        "12",
        " 2018"
      ]
    },
    {
      "REQ_subtype": "",
      "REQ_type": "",
      "_id": 107,
      "author_id": "not defined",
      "author_name": "Nicole Burke",
      "helpful": "13",
      "polarity": "",
      "rate": 3,
      "response": "",
      "response_date": "",
      "review": "The app was working well for 3 years for me. I run a small business with this software. Since the August 2017 update, all my taxes are deleted on the app. Here's hoping the glitch is fixed soon! I have reached out to the support email twice since August, no response yet!  The image recognition has been improved, but sometimes takes more than a day to load the scanned data. The regular software (outside of the app) still works well.",
      "review_date": [
        "November",
        "3",
        " 2017"
      ]
    },
    {
      "REQ_subtype": "",
      "REQ_type": "",
      "_id": 108,
      "author_id": "not defined",
      "author_name": "Sarah B",
      "helpful": "22",
      "polarity": "",
      "rate": 1,
      "response": "",
      "response_date": "",
      "review": "The previous version of this app was PERFECT. Since updating, nothing works. Everything is slow, I have to reload the app a few times to even get anything to work. Once I can finally scan in receipts, they take FOREVER to process. I'll get a notification that they are done processing, but it won't show as processed in the app for another 30 minutes.  Edited: Changing this from 2 to 1 stars since it now won't process receipts for me at all, they've just been sitting there for 3 days now. Please fix the app or go back to your previous version :(",
      "review_date": [
        "November",
        "4",
        " 2017"
      ]
    },
    {
      "REQ_subtype": "",
      "REQ_type": "",
      "_id": 109,
      "author_id": "not defined",
      "author_name": "Adam Bridges",
      "helpful": "8",
      "polarity": "",
      "rate": 2,
      "response": "",
      "response_date": "",
      "review": "Previous version before this new version was released a few months ago worked very well. Now this app is riddled with bugs that make it a nuisance to work with. I've addressed the issue to the support team twice so far and I've been informed on both instances to reinstall the app. Upon doing so, some bugs were fixed but the app is still underperforming.",
      "review_date": [
        "October",
        "14",
        " 2017"
      ]
    },
    {
      "REQ_subtype": "",
      "REQ_type": "",
      "_id": 110,
      "author_id": "not defined",
      "author_name": "Jade Lyon",
      "helpful": "10",
      "polarity": "",
      "rate": 1,
      "response": "",
      "response_date": "",
      "review": "Are you ever going to fix this? I understand its free but there's just no point in having this app if it doesn't work. I loved the old version as I used it with wave invoices which is great. I would have rated the old one 5 stars. But my receipts no longer process. I have one processing still from March! Occasionally every few months something processing..... Woo",
      "review_date": [
        "October",
        "3",
        " 2017"
      ]
    },
    {
      "REQ_subtype": "",
      "REQ_type": "",
      "_id": 111,
      "author_id": "not defined",
      "author_name": "Meg B",
      "helpful": "5",
      "polarity": "",
      "rate": 1,
      "response": "",
      "response_date": "",
      "review": "Useless app. :/ Thought I'd give it benefit of the doubt despite all the negative reviews lately. But unfortunately they were all true. Have had a scanned receipt in \"queued\" for 48 hours now, despite many others uploaded via web going through.",
      "review_date": [
        "October",
        "6",
        " 2017"
      ]
    },
    {
      "REQ_subtype": "",
      "REQ_type": "",
      "_id": 112,
      "author_id": "not defined",
      "author_name": "Brett Ludwig",
      "helpful": "2",
      "polarity": "",
      "rate": 2,
      "response": "",
      "response_date": "",
      "review": "App is extremely slow and inconsistent. Opening it to the main screen has about 8 seconds before I can click anything. If I click on the camera during this time, the icon will highlight to acknowledge (sometimes) but won't bring up the camera. Receipts sometimes show up as processing when they are already processed, sometimes don't show up in ready after they are processed. The concept behind the app is good, but sluggish and inconsistent.",
      "review_date": [
        "November",
        "19",
        " 2017"
      ]
    },
    {
      "REQ_subtype": "",
      "REQ_type": "",
      "_id": 113,
      "author_id": "not defined",
      "author_name": "A Google user",
      "helpful": "0",
      "polarity": "",
      "rate": 2,
      "response": "",
      "response_date": "",
      "review": "Doesn't work correctly for Android. Trying to select a category both through the app and online and through the app you it comes up with nothing to select. This is the same for the payment method. Through the web version you select the drop down box on anything and it shows and then disappears. Has potential, but just doesn't work",
      "review_date": [
        "February",
        "4",
        " 2018"
      ]
    },
    {
      "REQ_subtype": "",
      "REQ_type": "",
      "_id": 114,
      "author_id": "not defined",
      "author_name": "Terra Cowles",
      "helpful": "4",
      "polarity": "",
      "rate": 3,
      "response": "",
      "response_date": "",
      "review": "Would give it 5 stars if it would allow you to take a pic of receipts from landscape view. It used to! Please bring this feature back! It's very time consuming to have to take a picture through your phone and then upload it.",
      "review_date": [
        "September",
        "26",
        " 2017"
      ]
    },
    {
      "REQ_subtype": "",
      "REQ_type": "",
      "_id": 115,
      "author_id": "not defined",
      "author_name": "Jodie LaPrell",
      "helpful": "2",
      "polarity": "",
      "rate": 1,
      "response": "",
      "response_date": "",
      "review": "Used to be fantastic, the new update has made it painfully slow to add receipts. It doesn't take pictures unless you sit still for about 55 seconds, and when they are processing it can take hours. Please bring back the old version, this one is useless. It's been a few months. It's still really bad, please listen to your customers and bring back the old version. Please.",
      "review_date": [
        "November",
        "19",
        " 2017"
      ]
    },
    {
      "REQ_subtype": "",
      "REQ_type": "",
      "_id": 116,
      "author_id": "not defined",
      "author_name": "Salman Naqvi",
      "helpful": "1",
      "polarity": "",
      "rate": 1,
      "response": "",
      "response_date": "",
      "review": "Like other reviewers, my receipts simply disappeared. I hope the reviews get the developers attention. It's better that the app doesn't exist than having these types of problems. Luckily I didn't lose data,  just tested with a few receipts.",
      "review_date": [
        "October",
        "26",
        " 2017"
      ]
    },
    {
      "REQ_subtype": "",
      "REQ_type": "",
      "_id": 117,
      "author_id": "not defined",
      "author_name": "Raed Naber",
      "helpful": "1",
      "polarity": "",
      "rate": 2,
      "response": "",
      "response_date": "",
      "review": "After reviewing a receipt and posting it, the app posts the receipt with a different total.  For example when posting a receipt with a total of 3.40 I find that the posted amount is 0.30 when it should be 3.40 as per my input or what is automatically detected.  This is happening on both the Android and iOS versions of the app. Please fix this problem. Thanks",
      "review_date": [
        "November",
        "9",
        " 2017"
      ]
    },
    {
      "REQ_subtype": "",
      "REQ_type": "",
      "_id": 118,
      "author_id": "not defined",
      "author_name": "Tiel Holdstock",
      "helpful": "0",
      "polarity": "",
      "rate": 2,
      "response": "",
      "response_date": "",
      "review": "In line with the other recent reviews, the updated Receipts app is very poor. After taking a picture of the receipt (which my S7 struggles with) the receipt sits in limbo for hours. The previous version was very fast and very easy to use.",
      "review_date": [
        "November",
        "28",
        " 2017"
      ]
    },
    {
      "REQ_subtype": "",
      "REQ_type": "",
      "_id": 119,
      "author_id": "not defined",
      "author_name": "Ben Adriance",
      "helpful": "0",
      "polarity": "",
      "rate": 1,
      "response": "",
      "response_date": "",
      "review": "Used to work perfectly. After the update it does nothing. Locks up, doesn't process uploads they just are stuck processing and are never finalized. Doesn't respond to touches. Don't know why it changed for the worse.",
      "review_date": [
        "December",
        "28",
        " 2017"
      ]
    },
    {
      "REQ_subtype": "",
      "REQ_type": "",
      "_id": 120,
      "author_id": "not defined",
      "author_name": "Nino Iaccarino",
      "helpful": "1",
      "polarity": "",
      "rate": 1,
      "response": "",
      "response_date": "",
      "review": "**Update 17/12/17. I'm downloading all my receipts and uninstalling. This app has turned to absolute rubbish. Going back to taking photos ofy receipts and storing them in Google Drive...A shame as it went from amazing to same old same old..**Dropping to 2 stars. This app used to be very good and only needed some minor touches. The rewrite has made it buggy. I have scanned receipts that just sit there as unknown. A shame ** This app has fantastic potential. With a couple more fixes, I'd give it 5 stars. First, ability to backup elsewhere such as Google Drive, not just import. Doesn't seem to be able to import pdf receipts already taken in Google drive. Ability to identify and crop receipts. Overall impressive!!!",
      "review_date": [
        "December",
        "17",
        " 2017"
      ]
    },
    {
      "REQ_subtype": "",
      "REQ_type": "",
      "_id": 121,
      "author_id": "not defined",
      "author_name": "Renee Schroeder",
      "helpful": "0",
      "polarity": "",
      "rate": 1,
      "response": "",
      "response_date": "",
      "review": "Seriously horrible. The update killed a decent app. Since the update I have had no luck entering my receipts. I will not recommend it to anyone.",
      "review_date": [
        "January",
        "10",
        " 2018"
      ]
    },
    {
      "REQ_subtype": "",
      "REQ_type": "",
      "_id": 122,
      "author_id": "not defined",
      "author_name": "Nalin Singla",
      "helpful": "5",
      "polarity": "",
      "rate": 1,
      "response": "",
      "response_date": "",
      "review": "Terrible, takes forever to scan receipts. While I am writing this review, I had been waiting for more than 40 mins for 10 receipts to be scanned. Previous version was much better and responsive.",
      "review_date": [
        "August",
        "21",
        " 2017"
      ]
    },
    {
      "REQ_subtype": "",
      "REQ_type": "",
      "_id": 123,
      "author_id": "not defined",
      "author_name": "A Google user",
      "helpful": "8",
      "polarity": "",
      "rate": 1,
      "response": "",
      "response_date": "",
      "review": "This update is terrible. Used the previous version that worked like a charm. Takes forever to load. Don't understand how this is an improvement.",
      "review_date": [
        "August",
        "22",
        " 2017"
      ]
    },
    {
      "REQ_subtype": "",
      "REQ_type": "",
      "_id": 124,
      "author_id": "not defined",
      "author_name": "Herman Tsang",
      "helpful": "3",
      "polarity": "",
      "rate": 2,
      "response": "Hey Herman, like many other sites, we were impacted by Amazon going down for a while. This should be working fine now - please drop us a note at support@waveapps.com if you are still facing this issue!",
      "response_date": [
        "September",
        "18",
        " 2017"
      ],
      "review": "Use the app for a while and it is pretty good until now. The girdt time it fail to sync my receipts, is there any server problem or anything else?",
      "review_date": [
        "September",
        "15",
        " 2017"
      ]
    },
    {
      "REQ_subtype": "",
      "REQ_type": "",
      "_id": 125,
      "author_id": "not defined",
      "author_name": "Tanner Chung",
      "helpful": "0",
      "polarity": "",
      "rate": 2,
      "response": "",
      "response_date": "",
      "review": "Great as a utility to keep track of receipts for your business but it has terrible startup lag. Takes half a minute for it to recognize a tap to switch to camera and even longer to take a picture. Don't get frustrated and keep tapping though because it'll register all the taps and the app will spaz out from all the commands.",
      "review_date": [
        "November",
        "13",
        " 2017"
      ]
    },
    {
      "REQ_subtype": "",
      "REQ_type": "",
      "_id": 126,
      "author_id": "not defined",
      "author_name": "Ethan Wollmann",
      "helpful": "4",
      "polarity": "",
      "rate": 1,
      "response": "",
      "response_date": "",
      "review": "New update ruined this app. Can no longer recognize any of the receipts I submit and I need to manually input all the information. Doesn't make tracking any easier because of this.",
      "review_date": [
        "August",
        "21",
        " 2017"
      ]
    },
    {
      "REQ_subtype": "",
      "REQ_type": "",
      "_id": 127,
      "author_id": "not defined",
      "author_name": "Roman Zuluaga",
      "helpful": "0",
      "polarity": "",
      "rate": 1,
      "response": "",
      "response_date": "",
      "review": "This app is terrible. The previous version was better. The syncing does not work properly. Please do another upgrade or revert this version to the old one",
      "review_date": [
        "October",
        "21",
        " 2017"
      ]
    },
    {
      "REQ_subtype": "",
      "REQ_type": "",
      "_id": 128,
      "author_id": "not defined",
      "author_name": "A Google user",
      "helpful": "0",
      "polarity": "",
      "rate": 1,
      "response": "",
      "response_date": "",
      "review": "Painfully slow. The old app was great, but receipts are taking forever to process. Hopeless if you want to do some paperwork quickly.",
      "review_date": [
        "September",
        "25",
        " 2017"
      ]
    },
    {
      "REQ_subtype": "",
      "REQ_type": "",
      "_id": 129,
      "author_id": "not defined",
      "author_name": "Toby Bisco",
      "helpful": "0",
      "polarity": "",
      "rate": 3,
      "response": "Hey Toby, would love to hear more about the performance issues - drop us a note at support@waveapps.com",
      "response_date": [
        "July",
        "24",
        " 2017"
      ],
      "review": "Some very serious performance issues in the new revamped version. Takes up to 40 seconds between opening the app and it being usable (I'm  a on a oneplus 3, which has more than enough power).  Otherwise a great service for free",
      "review_date": [
        "August",
        "25",
        " 2017"
      ]
    },
    {
      "REQ_subtype": "",
      "REQ_type": "",
      "_id": 130,
      "author_id": "not defined",
      "author_name": "Mandy Whittington",
      "helpful": "1",
      "polarity": "",
      "rate": 2,
      "response": "Hey Mandy, sorry to see you have a bad experience with the app. Would love to learn more about the issues you're facing and work with you to resolve them. Drop us a line at support@waveapps.com",
      "response_date": [
        "September",
        "18",
        " 2017"
      ],
      "review": "I agree with the other reviews, the new version is terrible! The older version was much more responsive.",
      "review_date": [
        "September",
        "14",
        " 2017"
      ]
    },
    {
      "REQ_subtype": "",
      "REQ_type": "",
      "_id": 131,
      "author_id": "not defined",
      "author_name": "Tracy Wong",
      "helpful": "0",
      "polarity": "",
      "rate": 3,
      "response": "",
      "response_date": "",
      "review": "Pretty slow app when loading, but mostly does what it's meant to do. My main complaint is that receipts that were verified on the web version isn't synced here. The result is a pile of receipts that stay in \"Processing\" and \"Ready\" that have already been completed. Please fix!",
      "review_date": [
        "October",
        "9",
        " 2017"
      ]
    },
    {
      "REQ_subtype": "",
      "REQ_type": "",
      "_id": 132,
      "author_id": "not defined",
      "author_name": "A Google user",
      "helpful": "0",
      "polarity": "",
      "rate": 3,
      "response": "",
      "response_date": "",
      "review": "The upgrade to the app is still a little buggy. It is very slow and unresponsive. However, when these problems are fixed I can see it will be easier to use than the previous version.",
      "review_date": [
        "August",
        "29",
        " 2017"
      ]
    },
    {
      "REQ_subtype": "",
      "REQ_type": "",
      "_id": 133,
      "author_id": "not defined",
      "author_name": "Dave Nguyen",
      "helpful": "1",
      "polarity": "",
      "rate": 4,
      "response": "",
      "response_date": "",
      "review": "They fixed the \"OAuth authorization method\" issue and it works great again! Very helpful app to organize your receipts when you're out in the field.",
      "review_date": [
        "September",
        "25",
        " 2017"
      ]
    },
    {
      "REQ_subtype": "",
      "REQ_type": "",
      "_id": 134,
      "author_id": "not defined",
      "author_name": "Cherrelle Fancher",
      "helpful": "0",
      "polarity": "",
      "rate": 2,
      "response": "",
      "response_date": "",
      "review": "It's an ok addition to the Wave service, but mostly only useful for cash transactions. Each receipt entered also creates an entirety new transaction, so if it is something imported from your bank already, you'll need to go on your computer & manually merge both. The main drawback: it's unbearably slow. Receipts take 20 minutes to an hour or more to process, then still need to be approved for posting to my books. Even if I manually enter everything, I the app still \"processes\". Its honestly almost not even worth having the app, if you keep good paper backups and don't need digital receipts.",
      "review_date": [
        "August",
        "18",
        " 2017"
      ]
    },
    {
      "REQ_subtype": "",
      "REQ_type": "",
      "_id": 135,
      "author_id": "not defined",
      "author_name": "Chris McMurray",
      "helpful": "0",
      "polarity": "",
      "rate": 1,
      "response": "",
      "response_date": "",
      "review": "Receipts just aren't working at the moment on wave apps. In this app and also I regularly email receipts over to the receipts email address and none of them are showing in my account. Tried sending the emails again, and also scanning paper receipts using the app but either shows queued for days then they disappear, it they just don't show up at all! Needs fixing asap otherwise I will be switching my invoicing system to someone else!",
      "review_date": [
        "November",
        "26",
        " 2017"
      ]
    },
    {
      "REQ_subtype": "",
      "REQ_type": "",
      "_id": 136,
      "author_id": "not defined",
      "author_name": "Nicole Gray",
      "helpful": "0",
      "polarity": "",
      "rate": 3,
      "response": "",
      "response_date": "",
      "review": "Does not respond sometimes. Really like the set up and break dow n of reports",
      "review_date": [
        "January",
        "12",
        " 2018"
      ]
    },
    {
      "REQ_subtype": "",
      "REQ_type": "",
      "_id": 137,
      "author_id": "not defined",
      "author_name": "Ron Sargeant",
      "helpful": "0",
      "polarity": "",
      "rate": 1,
      "response": "",
      "response_date": "",
      "review": "Old version of app had some issues but did seem to work well most of the time. Latest version is awful. Camera is zoomed in and can't be focused, so you need to take photos with the standard camera app then open them in Wave.  Uploaded 5 photos but it seems that the upload only processes one, the remaining four are stuck in \"processing\". Wave in browser shows the processed receipt, which is not synced back to the device app. It's VERY BROKEN. Also, there is no on device filter for processed receipts, all my old receipt images are taking up valuable memory. \"Support\" always gives the stock response of \"uninstall and reinstall\". Well now I will simply uninstall and leave it there. Thanks for the huge waste of time, I will have to place all my accounts back onto something more reliable. In fact, I could probably develop something better than this if I weren't too busy running another business.",
      "review_date": [
        "October",
        "20",
        " 2017"
      ]
    },
    {
      "REQ_subtype": "",
      "REQ_type": "",
      "_id": 138,
      "author_id": "not defined",
      "author_name": "SABUDIN AMDAN",
      "helpful": "2",
      "polarity": "",
      "rate": 1,
      "response": "",
      "response_date": "",
      "review": "What happen to the older version.. This version takes ages to load or verify.... Pls bring back the older version...",
      "review_date": [
        "September",
        "2",
        " 2017"
      ]
    },
    {
      "REQ_subtype": "",
      "REQ_type": "",
      "_id": 139,
      "author_id": "not defined",
      "author_name": "Zach Trumble",
      "helpful": "0",
      "polarity": "",
      "rate": 3,
      "response": "",
      "response_date": "",
      "review": "Since the latest update this app is very very slow. It takes a very long time for photographed receipts to show up completed inside of the app. I just ran some that took 2 hours",
      "review_date": [
        "September",
        "23",
        " 2017"
      ]
    },
    {
      "REQ_subtype": "",
      "REQ_type": "",
      "_id": 140,
      "author_id": "not defined",
      "author_name": "Adrian Seah",
      "helpful": "0",
      "polarity": "",
      "rate": 1,
      "response": "",
      "response_date": "",
      "review": "The previous version worked well, albeit slowly. This new update is laggy as hell, and my receipts get stuck in the processing queue for indefinite periods of time. Please fix.",
      "review_date": [
        "November",
        "30",
        " 2017"
      ]
    },
    {
      "REQ_subtype": "",
      "REQ_type": "",
      "_id": 141,
      "author_id": "not defined",
      "author_name": "A Google user",
      "helpful": "0",
      "polarity": "",
      "rate": 1,
      "response": "",
      "response_date": "",
      "review": "Old version was great - 5 stars. New version is laggy and just doesn't work.",
      "review_date": [
        "October",
        "2",
        " 2017"
      ]
    },
    {
      "REQ_subtype": "",
      "REQ_type": "",
      "_id": 142,
      "author_id": "not defined",
      "author_name": "Mark Paschal",
      "helpful": "0",
      "polarity": "",
      "rate": 2,
      "response": "",
      "response_date": "",
      "review": "Fix the camera button! It's impossible to take photos of receipts. When you press the camera button, the app registers a swipe instead, sliding over to the next screen instead of pressing the camera shutter button.",
      "review_date": [
        "October",
        "17",
        " 2017"
      ]
    },
    {
      "REQ_subtype": "",
      "REQ_type": "",
      "_id": 143,
      "author_id": "not defined",
      "author_name": "Scott McFarland",
      "helpful": "0",
      "polarity": "",
      "rate": 1,
      "response": "",
      "response_date": "",
      "review": "Since the new version was released, I have had no luck uploading receipts.  The previous version worked very well.  Syncing receipts to my books is a big deal for my business.  I may have to find something other than Wave Apps for my accounting software.",
      "review_date": [
        "September",
        "25",
        " 2017"
      ]
    },
    {
      "REQ_subtype": "",
      "REQ_type": "",
      "_id": 144,
      "author_id": "not defined",
      "author_name": "Charles Pretorius",
      "helpful": "0",
      "polarity": "",
      "rate": 5,
      "response": "",
      "response_date": "",
      "review": "Great app! Spares me the hassle of processing journals. Thank you",
      "review_date": [
        "September",
        "10",
        " 2017"
      ]
    },
    {
      "REQ_subtype": "",
      "REQ_type": "",
      "_id": 145,
      "author_id": "not defined",
      "author_name": "Katie Suppiger",
      "helpful": "0",
      "polarity": "",
      "rate": 1,
      "response": "",
      "response_date": "",
      "review": "I can't get it to process anything. This app is totally useless! I have receipts saying waiting to upload from months ago.",
      "review_date": [
        "January",
        "5",
        " 2018"
      ]
    },
    {
      "REQ_subtype": "",
      "REQ_type": "",
      "_id": 146,
      "author_id": "not defined",
      "author_name": "Rahul Pawar",
      "helpful": "0",
      "polarity": "",
      "rate": 1,
      "response": "",
      "response_date": "",
      "review": "Not for India Lot of scope for improvement Doesn't scan GSTIN & HSN codes which are mandatory in India for GST Once submitted editing is impossible",
      "review_date": [
        "November",
        "10",
        " 2017"
      ]
    },
    {
      "REQ_subtype": "",
      "REQ_type": "",
      "_id": 147,
      "author_id": "not defined",
      "author_name": "Gary Johnson",
      "helpful": "0",
      "polarity": "",
      "rate": 3,
      "response": "",
      "response_date": "",
      "review": "Not for bulk scanning.  Too many pics and this thing chokes, so don't get too far ahead of it.",
      "review_date": [
        "January",
        "10",
        " 2018"
      ]
    },
    {
      "REQ_subtype": "",
      "REQ_type": "",
      "_id": 148,
      "author_id": "not defined",
      "author_name": "willy mcmahon",
      "helpful": "0",
      "polarity": "",
      "rate": 1,
      "response": "",
      "response_date": "",
      "review": "Since the updates a few months ago both the invoice and receipts app completely freeze and make the apps unusable on both Galaxy Note 5 and Galaxy Note 8",
      "review_date": [
        "October",
        "3",
        " 2017"
      ]
    },
    {
      "REQ_subtype": "",
      "REQ_type": "",
      "_id": 149,
      "author_id": "not defined",
      "author_name": "Faizel Noorgat",
      "helpful": "0",
      "polarity": "",
      "rate": 1,
      "response": "",
      "response_date": "",
      "review": "This app has a terrible lag, it's so slow. I can barely use it. I've basically stopped using it.",
      "review_date": [
        "October",
        "12",
        " 2017"
      ]
    },
    {
      "REQ_subtype": "",
      "REQ_type": "",
      "_id": 150,
      "author_id": "not defined",
      "author_name": "Tim Montelongo",
      "helpful": "0",
      "polarity": "",
      "rate": 1,
      "response": "",
      "response_date": "",
      "review": "Good idea. Too bad it doesn't work.",
      "review_date": [
        "November",
        "8",
        " 2017"
      ]
    },
    {
      "REQ_subtype": "",
      "REQ_type": "",
      "_id": 151,
      "author_id": "not defined",
      "author_name": "A Google user",
      "helpful": "0",
      "polarity": "",
      "rate": 1,
      "response": "",
      "response_date": "",
      "review": "This does not work don't waste your money paying for any add ons there is Zero support for this app. The free accounting kind of works but that's it",
      "review_date": [
        "January",
        "21",
        " 2018"
      ]
    },
    {
      "REQ_subtype": "",
      "REQ_type": "",
      "_id": 152,
      "author_id": "not defined",
      "author_name": "Eva Yung",
      "helpful": "0",
      "polarity": "",
      "rate": 1,
      "response": "",
      "response_date": "",
      "review": "Doesn't work. Tried taking picture but cannot confirm it's taken nor sent to processing. What's going on....??!",
      "review_date": [
        "August",
        "22",
        " 2017"
      ]
    },
    {
      "REQ_subtype": "",
      "REQ_type": "",
      "_id": 153,
      "author_id": "not defined",
      "author_name": "ron bouwman Bouwman",
      "helpful": "0",
      "polarity": "",
      "rate": 1,
      "response": "",
      "response_date": "",
      "review": "Scanning invoices works in seconds and then waiting weeks for upload. Useless space eater",
      "review_date": [
        "November",
        "27",
        " 2017"
      ]
    },
    {
      "REQ_subtype": "",
      "REQ_type": "",
      "_id": 154,
      "author_id": "not defined",
      "author_name": "Andrea Smith",
      "helpful": "0",
      "polarity": "",
      "rate": 3,
      "response": "",
      "response_date": "",
      "review": "The concept is wonderful. I have problems with syncing.",
      "review_date": [
        "January",
        "25",
        " 2018"
      ]
    },
    {
      "REQ_subtype": "",
      "REQ_type": "",
      "_id": 155,
      "author_id": "not defined",
      "author_name": "Dave Jackson",
      "helpful": "0",
      "polarity": "",
      "rate": 1,
      "response": "Hey Dave, can you reach out to us at support@waveapps.com - would love to learn more and resolve your issue",
      "response_date": [
        "November",
        "2",
        " 2017"
      ],
      "review": "Guys what have you done says not optimal for my device why used to be brill",
      "review_date": [
        "November",
        "2",
        " 2017"
      ]
    },
    {
      "REQ_subtype": "",
      "REQ_type": "",
      "_id": 156,
      "author_id": "not defined",
      "author_name": "Mark Sasser",
      "helpful": "1",
      "polarity": "",
      "rate": 3,
      "response": "",
      "response_date": "",
      "review": "I like what it does but the process is too slow!",
      "review_date": [
        "September",
        "1",
        " 2017"
      ]
    },
    {
      "REQ_subtype": "",
      "REQ_type": "",
      "_id": 157,
      "author_id": "not defined",
      "author_name": "Ashwin Mahalingu",
      "helpful": "1",
      "polarity": "",
      "rate": 3,
      "response": "",
      "response_date": "",
      "review": "Receipt is taking more than 24hrs to process. Even though I enter details manually, it's still in processing state.",
      "review_date": [
        "September",
        "3",
        " 2017"
      ]
    },
    {
      "REQ_subtype": "",
      "REQ_type": "",
      "_id": 158,
      "author_id": "not defined",
      "author_name": "Pete Bresser",
      "helpful": "0",
      "polarity": "",
      "rate": 1,
      "response": "",
      "response_date": "",
      "review": "When this app updated it destroyed the good functionality and turned it into a frustrating unfullfilling experience. Avoid downloading this app until it gets repaired.",
      "review_date": [
        "October",
        "13",
        " 2017"
      ]
    },
    {
      "REQ_subtype": "",
      "REQ_type": "",
      "_id": 159,
      "author_id": "not defined",
      "author_name": "A Google user",
      "helpful": "0",
      "polarity": "",
      "rate": 1,
      "response": "",
      "response_date": "",
      "review": "Extremely Slow processing. Don't use, even if it's free",
      "review_date": [
        "January",
        "23",
        " 2018"
      ]
    }
  ],
  "size": "19",
  "url": "https://play.google.com/store/apps/details?id=com.waveaccounting.receipts",
  "version": "3.5.8"
}