{
  "categories": [
    "Productivity"
  ],
  "description": "Mind mapping helps you organize your thoughts, remember things and generate new ideas. We've created a beautiful, intuitive app, so you can mind map wherever you are and whenever you want.SimpleMind is designed to synchronize your Mind Maps across platforms. For example (as a separate purchase) for Windows and Mac - https://simplemind.euHighlights\u2022 Easy to use.\u2022 Continuously fine-tuned based on customer feedback.\u2022 Trustworthy and reliable: 7 years of updates and improvements.\u2022 Used in a wide range of applications: business, education, legal and medical.\u2022 Unique free layout or different auto layouts.\u2022 Seamless synchronization using Dropbox or Google Drive.\u2022 Add media and documents.\u2022 Share Mind Maps.\u2022 Change and customize the appearance.\u2022 Tools to help you maintain overview.\u2022 Create\u25cb place topics anywhere you want in the free layout\u25cb or use one of the different auto layouts (great for brainstorming)\u25cb virtually unlimited page size and number of elements\u25cb supports multiple Mind Maps on one page\u25cb start with an image at the center of the Mind Map\u25cb reorganize and restructure using drag, rotate, re-arrange or reconnect\u25cb use single select or multiple select\u25cb use checkboxes, auto-numbering\u25cb link any two topics with a crosslink\u25cb label relations\u2022 Seamless synchronization using Dropbox or Google Drive\u25cb sync your Mind Maps with other devices using Dropbox or Google Drive as a conduit\u25cb avoid data loss by recovering deleted Mind Maps\u25cb restore previous versions of a Mind Map\u25cb Dropbox stores deleted files and file versions for at least 30 days\u2022 Add media and documents\u25cb voice memos\u25cb videos\u25cb images\u25cb photos\u25cb notes\u25cb icons (stock or custom)\u25cb links (navigation or hyperlink)\u2022 Share your Mind Map \u25cb for example as PDF or Image\u25cb outline, can be imported in word processors\u25cb import/export as Freemind or opml\u25cb use the presentation mode to show your Mind Map to others\u25cb print\u2022 Change and customize the appearance\u25cb apply our pre-defined style sheets\u25cb pick colors from the style color palette or choose custom colors\u25cb change the appearance of topics and lines\u25cb customize background color\u2022 Maintain overview\u25cb collapse and expand branches\u25cb hide or show branches or topics\u25cb highlight branches by displaying branch borders \u25cb organize your Mind Maps in folders\u25cb searchSimpleMind is optimized for both phones and tablets. Some features are only available in more recent versions of Android.",
  "inc": "ModelMaker Tools",
  "intalled_count": "100,000",
  "last_update": [
    "February",
    "13",
    " 2018"
  ],
  "name": "SimpleMind Pro - Intuitive Mind Mapping",
  "offered_by": "Google Commerce Ltd",
  "permissions": {
    "Identity": [
      "find accounts on the device"
    ],
    "Contacts": [
      "find accounts on the device",
      "read your contacts"
    ],
    "Photos/Media/Files": [
      "read the contents of your USB storage",
      "modify or delete the contents of your USB storage"
    ],
    "Storage": [
      "read the contents of your USB storage",
      "modify or delete the contents of your USB storage"
    ],
    "Microphone": [
      "record audio"
    ],
    "Other": [
      "manage document storage",
      "view network connections",
      "full network access",
      "install shortcuts",
      "Google Play license check"
    ]
  },
  "price": "",
  "rate": [
    [
      "14,811",
      "4.7"
    ],
    [
      "11,269",
      "5"
    ],
    [
      "3,009",
      "4"
    ],
    [
      "323",
      "3"
    ],
    [
      "100",
      "2"
    ],
    [
      "110",
      "1"
    ]
  ],
  "required_android": "4.0",
  "reviews": [
    {
      "REQ_subtype": "",
      "REQ_type": "",
      "_id": 0,
      "author_id": "not defined",
      "author_name": "Handrianto Andri",
      "helpful": "0",
      "polarity": "",
      "rate": 5,
      "response": "",
      "response_date": "",
      "review": "Great App.. I 've been using it for three years. And also I've bought the pc version. I just notice, why SM Pro doesn't have capability to connect to Onedrive as in PC version? Usually I use dropbox, but since I have plenty of space in my onedrive, I plan to migrate to onedrive as SM pro cloud drive.",
      "review_date": [
        "February",
        "25",
        " 2018"
      ]
    },
    {
      "REQ_subtype": "",
      "REQ_type": "",
      "_id": 1,
      "author_id": "not defined",
      "author_name": "Michele Berry",
      "helpful": "10",
      "polarity": "",
      "rate": 3,
      "response": "Hello Michelle, we did not change this. You should be able to add as long a text as you want as long as your device has enough RAM. Please contact us via the feedback form so we can help.",
      "response_date": [
        "April",
        "3",
        " 2018"
      ],
      "review": "Straightforward & effective... EDIT (02.04.2018): Well, it WAS. I used to be able to add any length note I wanted to a topic. Now, I can't. The app doesn't save anything over 3 paragraphs. As a writer, I used find this tool (overall & specifically the notes) invaluable, hence I paid for this app & used to recommend it enthusiastically to other writers. Now, I'm getting less than when I started & DEFINITELY NOT recommending at this point. I hope very much that this changes.",
      "review_date": [
        "April",
        "3",
        " 2018"
      ]
    },
    {
      "REQ_subtype": "",
      "REQ_type": "",
      "_id": 2,
      "author_id": "not defined",
      "author_name": "James Willis",
      "helpful": "0",
      "polarity": "",
      "rate": 5,
      "response": "",
      "response_date": "",
      "review": "Works beautifully and elegantly. Syncing (via Dropbox) between PC, laptop, \nandroid phone and android tablet easy to set up and seamless to use. \nIncremental enhancements in the years I have been using this app have added \nevery feature I could have wished for (if I had thought of them)",
      "review_date": [
        "July",
        "2",
        " 2018"
      ]
    },
    {
      "REQ_subtype": "",
      "REQ_type": "",
      "_id": 3,
      "author_id": "not defined",
      "author_name": "ivano ivano",
      "helpful": "4",
      "polarity": "",
      "rate": 2,
      "response": "Hello, you can sync with SimpleMind Desktop (separate purchase) in original .smmx format. If you want you can use the trial: https://simplemind.eu/download/trial-edition/ Import of MM is indeed possible, but only intended as a 1 time import.",
      "response_date": [
        "February",
        "27",
        " 2018"
      ],
      "review": "The app is not really compatible with the standard mm. You can import it from Dropbox but get transformed in their native format. So I cannot sync with my desktop maps.EDIT. If I want to bind to a specific format then I would use Apple not Android. MM is the standard. Excellent product otherwise",
      "review_date": [
        "February",
        "27",
        " 2018"
      ]
    },
    {
      "REQ_subtype": "",
      "REQ_type": "",
      "_id": 4,
      "author_id": "not defined",
      "author_name": "Yanesh Tyagi",
      "helpful": "0",
      "polarity": "",
      "rate": 5,
      "response": "",
      "response_date": "",
      "review": "The major functioning I was looking for was ability to quickly create a \nmindmap on phone and later edit it on laptop. I have been using free \nversion for long time but it does not allow portability. Hence decided to \ngo for pro version.",
      "review_date": [
        "July",
        "1",
        " 2018"
      ]
    },
    {
      "REQ_subtype": "",
      "REQ_type": "",
      "_id": 5,
      "author_id": "not defined",
      "author_name": "Orion Lopez",
      "helpful": "0",
      "polarity": "",
      "rate": 1,
      "response": "",
      "response_date": "",
      "review": "I'm dealing with mkultra right now soo..this helps alot! But unfortunately \nit was the only one that was very good so it has me very skeptical.. I'll \nupdate once the team at mkultra (cia) base decide to stop the program. \nThanks I removed one of my fingers and sold it to the Mexican cartel to be \nable to pay for the paid version. Thank you.",
      "review_date": [
        "June",
        "25",
        " 2018"
      ]
    },
    {
      "REQ_subtype": "",
      "REQ_type": "",
      "_id": 6,
      "author_id": "not defined",
      "author_name": "Jan",
      "helpful": "3",
      "polarity": "",
      "rate": 1,
      "response": ".",
      "response_date": [
        "April",
        "11",
        " 2018"
      ],
      "review": "WARNING: Don't buy this app! The developers don't deserve your money.  The developers have a toxic, obnoxious and arrogant attitude to premium customers.   I regret  ever paying these little brats a single cent. Over time I have bought the iPad,  Android and PC version (about $60 total).   The developers have utter contempt for customers. They consider it a privilege for you to use this software. You will discover this if you ever have to interact with \"support\".   I regret ever supporting these idiots by paying significant money for the full-version of their app.",
      "review_date": [
        "April",
        "10",
        " 2018"
      ]
    },
    {
      "REQ_subtype": "",
      "REQ_type": "",
      "_id": 7,
      "author_id": "not defined",
      "author_name": "Keith Poplasky",
      "helpful": "1",
      "polarity": "",
      "rate": 5,
      "response": "",
      "response_date": "",
      "review": "I have been using this app for several months. So far everything works very well. I really like the features and the controls. This has really helped me to get a good understanding of some complex subjects. I find this app easy to use. Keep up the good work!                      3-21-2018     UPDATE:   I have now been using this app for a couple of years. In that time the developers have added a great deal of new features. They have been quick to respond to my queries about the app. I have also seen how they respond to bugs in an efficient manner.   This app works well on Android and Windoze. the only fault in the app is that there is no Linux version. (Why? Its not as if porting from Android to linux is that difficult. I suspect that they just have some sort of misguided dislike for linux. Which is silly because Android is a linux kernel dreaming about a Dalvik machine running Android...)   This app blows away most of the Open Source Mind Mapping programs by a wide margin. I can't think of one right now that even comes close to the functionality in the free version of this app.   Keep up the good work!",
      "review_date": [
        "March",
        "21",
        " 2018"
      ]
    },
    {
      "REQ_subtype": "",
      "REQ_type": "",
      "_id": 8,
      "author_id": "not defined",
      "author_name": "Tim Gentry",
      "helpful": "0",
      "polarity": "",
      "rate": 4,
      "response": "",
      "response_date": "",
      "review": "The cumbersome issue isn't with the app itself, but with the android \nkeyboard integration. For quick notes in a mind map fashion the app is \ngreat. For more detailed work you really want an actual keyboard.",
      "review_date": [
        "June",
        "21",
        " 2018"
      ]
    },
    {
      "REQ_subtype": "",
      "REQ_type": "",
      "_id": 9,
      "author_id": "not defined",
      "author_name": "A Google user",
      "helpful": "0",
      "polarity": "",
      "rate": 5,
      "response": "Thank you!",
      "response_date": [
        "June",
        "12",
        " 2018"
      ],
      "review": "I Love this App because of its ease to use. Ive tried 2 other Mind-Mapping \nApps. They're ok, but not the ease that allows you to enter info quickly if \nyour brainstorming, ideas,or thoughts,etc. you want down. Its easy to \nchange subject's, directions, styles, colors,delete items and more. You can \nadd notes or explanations, and they change easily too. Presently, I'm \npreparing a presentation. It's been a life saver. I recommend it highly.",
      "review_date": [
        "June",
        "12",
        " 2018"
      ]
    },
    {
      "REQ_subtype": "",
      "REQ_type": "",
      "_id": 10,
      "author_id": "not defined",
      "author_name": "Marc Co",
      "helpful": "0",
      "polarity": "",
      "rate": 5,
      "response": "",
      "response_date": "",
      "review": "Can you get a new logo.  Make it look some what like it's a mind map instead of a tear lol  Other than that I love this app!  Takes a few minutes to sync from Android to Mac OS via Google drive but it still syncs so I'm happy with that!",
      "review_date": [
        "March",
        "4",
        " 2018"
      ]
    },
    {
      "REQ_subtype": "",
      "REQ_type": "",
      "_id": 11,
      "author_id": "not defined",
      "author_name": "Mark Renier",
      "helpful": "0",
      "polarity": "",
      "rate": 4,
      "response": "",
      "response_date": "",
      "review": "I needed an app to build models in spare minutes while on my phone. I have \na UML background but Mind Mapping fits the bill for what I want to do. Lots \nof options for personalizing appearance and presentation. Support is \nlacking. Videos are mainly sales presentations and not instructional nor \ninformative (lots of music, floaty graphics, transitional changes from one \nscene to the next). Help and documentation covers all platforms which hurts \nactual usage: I.e., to find info specific to your Android platform, you \nalso have to read through all the exceptions for the PC platform and iOS \nplatform. Use the email support address support to get your answers.",
      "review_date": [
        "June",
        "21",
        " 2018"
      ]
    },
    {
      "REQ_subtype": "",
      "REQ_type": "",
      "_id": 12,
      "author_id": "not defined",
      "author_name": "Roberto Mezquia Jr",
      "helpful": "0",
      "polarity": "",
      "rate": 2,
      "response": "",
      "response_date": "",
      "review": "Maybe I'm spoiled by Google and the auto syncing across devices and sharing \nwith other people... This app is really inconvenient for multiple people to \nwork on it at once and sync together with ease... The navigation is REALLY \nbad too... Pressing the \"hamburger menu\" on the top left should open a \nNavigation Drawer but instead it acts as a back button... Iconography could \nuse some work and cohesiveness too... I paid for this app because even with \nall of those negatives, I love how simple it is once opened and \ncreating/editing the map itself...",
      "review_date": [
        "July",
        "14",
        " 2018"
      ]
    },
    {
      "REQ_subtype": "",
      "REQ_type": "",
      "_id": 13,
      "author_id": "not defined",
      "author_name": "Marc Fraser",
      "helpful": "0",
      "polarity": "",
      "rate": 5,
      "response": "",
      "response_date": "",
      "review": "Brilliant app, and worth every penny due to being able to use between my \ntablet and my laptop. It's simple to use and extremely versatile. I've \ntried a few kidnapping apps, and this the one I like best.",
      "review_date": [
        "July",
        "12",
        " 2018"
      ]
    },
    {
      "REQ_subtype": "",
      "REQ_type": "",
      "_id": 14,
      "author_id": "not defined",
      "author_name": "Andy Burton",
      "helpful": "0",
      "polarity": "",
      "rate": 5,
      "response": "",
      "response_date": "",
      "review": "After 5 mins, very easy to use but full of peasant surprises. Whilst \nalready an array of options would love a cut and paste of mind maps \n(probably there but not aware)",
      "review_date": [
        "April",
        "26",
        " 2018"
      ]
    },
    {
      "REQ_subtype": "",
      "REQ_type": "",
      "_id": 15,
      "author_id": "not defined",
      "author_name": "Makay L\u00e1szl\u00f3",
      "helpful": "0",
      "polarity": "",
      "rate": 5,
      "response": "",
      "response_date": "",
      "review": "Absolutely cool app. Quite new in the world of mindmapping, but getting \nbetter and better every day. Recommended tool for all!",
      "review_date": [
        "June",
        "23",
        " 2018"
      ]
    },
    {
      "REQ_subtype": "",
      "REQ_type": "",
      "_id": 16,
      "author_id": "not defined",
      "author_name": "Paddy Wells",
      "helpful": "2",
      "polarity": "",
      "rate": 4,
      "response": "",
      "response_date": "",
      "review": "This is one of the best.  My only annoyance is that there needs to be a browser version.  Makes it difficult to use at work.",
      "review_date": [
        "March",
        "6",
        " 2018"
      ]
    },
    {
      "REQ_subtype": "",
      "REQ_type": "",
      "_id": 17,
      "author_id": "not defined",
      "author_name": "Russell Robinson",
      "helpful": "0",
      "polarity": "",
      "rate": 5,
      "response": "",
      "response_date": "",
      "review": "Best concept/mind mapping app on market, along with i-mind map(whose app does not work on Android for anybody I know), and the free one from IHMC(but this is not avail. on Android).  When you get Windows version for desktop make sure you watch and learn how to set up your cloud drive directory so that you can navigate to files to their respective location within the drive by first starting the navigation from within the program ( not by going to to a directory structure first and then trying to open the file by having the operating system correctly select the right native program to open it. With most programs you can do this last sequence but not With this one.  That is why you have to add the cloud directory to this programs native directory navigational structure.  Probably best to watch a you tube video on this as the sites text description is severely lacking an effective description.).",
      "review_date": [
        "March",
        "9",
        " 2018"
      ]
    },
    {
      "REQ_subtype": "",
      "REQ_type": "",
      "_id": 18,
      "author_id": "not defined",
      "author_name": "Mike duToit",
      "helpful": "0",
      "polarity": "",
      "rate": 5,
      "response": "",
      "response_date": "",
      "review": "So far i like what's it's got to offer. May update the review after i get \nused to it.",
      "review_date": [
        "July",
        "11",
        " 2018"
      ]
    },
    {
      "REQ_subtype": "",
      "REQ_type": "",
      "_id": 19,
      "author_id": "not defined",
      "author_name": "Troy Hart",
      "helpful": "2",
      "polarity": "",
      "rate": 5,
      "response": "",
      "response_date": "",
      "review": "I had a support issue today. They answered an email within just a couple hours or less with advice that solved my issue.",
      "review_date": [
        "February",
        "20",
        " 2018"
      ]
    },
    {
      "REQ_subtype": "",
      "REQ_type": "",
      "_id": 20,
      "author_id": "not defined",
      "author_name": "Idrus Bin Jamian",
      "helpful": "1",
      "polarity": "",
      "rate": 5,
      "response": "",
      "response_date": "",
      "review": "I've been using this app almost in all of my presentation-presenting my \nideas and my research findings. Main ideas and each of its details can be \nspecified according to branches with different colours. Work looks more \norganize with it.",
      "review_date": [
        "April",
        "17",
        " 2018"
      ]
    },
    {
      "REQ_subtype": "",
      "REQ_type": "",
      "_id": 21,
      "author_id": "not defined",
      "author_name": "Wentz Hesselman",
      "helpful": "0",
      "polarity": "",
      "rate": 5,
      "response": "",
      "response_date": "",
      "review": "From time to time Ill check out what mind map apps are out, and I have yet \nto see anything that touches this one. Its really The best of its kind on \nGoogle Play Store. The checkboxes feature is awesome. I don't have to have \na task list app separately because of it. I write, I take notes, I \nbrainstorm, I even use maps for a simple GTD system for my family, and this \napp covers my needs very well. Upgrading to Pro was worth the extra $$.",
      "review_date": [
        "July",
        "9",
        " 2018"
      ]
    },
    {
      "REQ_subtype": "",
      "REQ_type": "",
      "_id": 22,
      "author_id": "not defined",
      "author_name": "Sirius Lee Bakoff",
      "helpful": "0",
      "polarity": "",
      "rate": 5,
      "response": "Hallo Sirius, thank your your feedback. Adding Google Drive is number 1 on our wish list and we are working on it. We need it to work flawlessly across all platforms, unfortunately this takes a bit more time than we anticipated.",
      "response_date": [
        "November",
        "17",
        " 2015"
      ],
      "review": "It just works. It's well designed and intuitive. Has a great export \nfunction. The most useful tool I own for framing cases, trials, discovery, \nand motion practice in my law practice. Beats every other mindmapping app \nI've tried - Android and iOS. And not once has the app been broken by an \nupdate. Out of the dozens of paid apps I own, this is the best and my \nabsolute favorite.",
      "review_date": [
        "May",
        "5",
        " 2018"
      ]
    },
    {
      "REQ_subtype": "",
      "REQ_type": "",
      "_id": 23,
      "author_id": "not defined",
      "author_name": "Don Moody",
      "helpful": "0",
      "polarity": "",
      "rate": 5,
      "response": "",
      "response_date": "",
      "review": "To have the ability to work on the same local files across so many operating systems is a dream come true.  I've got SimpleMind on my Ubuntu Linux, my windows 7, my iPhone 4, and, my Nexus 7.   Kudos to the development team! Fabulous work these developers have done here.",
      "review_date": [
        "February",
        "25",
        " 2018"
      ]
    },
    {
      "REQ_subtype": "",
      "REQ_type": "",
      "_id": 24,
      "author_id": "not defined",
      "author_name": "Mark Luck",
      "helpful": "0",
      "polarity": "",
      "rate": 5,
      "response": "Thanks!",
      "response_date": [
        "February",
        "27",
        " 2018"
      ],
      "review": "Wow. The ONLY app in my MUST have in  EVERY single new Android device I use. It's even installed on my  Android TV box! I've been mind mapping for MANY  years in the traditional sense, but this app is pretty awesome.   Although I would love some additional features I think this is a MANDATORY install/purchase for ANYONE that likes being organised, creative or analytical about a task, event, process and just about ANYTHING ELSE.   The devs are true rock stars to bring mind mapping in such an intuitive format on Android! I reckon if I could award 6 out of 5 stars... I WOULD!",
      "review_date": [
        "February",
        "25",
        " 2018"
      ]
    },
    {
      "REQ_subtype": "",
      "REQ_type": "",
      "_id": 25,
      "author_id": "not defined",
      "author_name": "Ambrose Field",
      "helpful": "0",
      "polarity": "",
      "rate": 5,
      "response": "",
      "response_date": "",
      "review": "So nice to see how well this works on Android, after using the ios version \nfor the last few years. It doesn't seem to get in the way of capturing and \norganising ideas somehow, and the ability to seamlessly zoom and scroll the \ndisplay leaves others behind in usability. Great product.",
      "review_date": [
        "May",
        "9",
        " 2018"
      ]
    },
    {
      "REQ_subtype": "",
      "REQ_type": "",
      "_id": 26,
      "author_id": "not defined",
      "author_name": "Jason Wilczak",
      "helpful": "0",
      "polarity": "",
      "rate": 5,
      "response": "",
      "response_date": "",
      "review": "Update:  I've now been using this app for about 5years and I still absolutely love it.  I have successfully written one book and working on the second in the series.  This app has made the beginning thought process seamless, allowing me to focus on the story and not the mechanism.  I would seriously suggest this app to anyone, and have quite frequently!  A couple of thoughts: 1) would be nice if suncing was more automatic.  I sometimes get switched to local and not cloud storage, they should be one in the same 2) reording items can be cumbersome 3) allow for choice of color  Love it!!!!  Original (2013): Started out with the free version and loved it.   I decided to upgrade so that I could use the export feature.  I have found some great pieces like Dropbox saving, linking to other maps, and a varied amount of other tasks.  Truly wonderful.  I have just a couple comments:  1) Would love a \"find and replace all\" feature on a single map  2) Linking an item to another map clears out all the original text in that item...found this out the hard way  3) Would love to be able to use this version through Chrome on my laptop",
      "review_date": [
        "March",
        "22",
        " 2018"
      ]
    },
    {
      "REQ_subtype": "",
      "REQ_type": "",
      "_id": 27,
      "author_id": "not defined",
      "author_name": "Mark Cartwright",
      "helpful": "1",
      "polarity": "",
      "rate": 5,
      "response": "Thanks Mark",
      "response_date": [
        "April",
        "10",
        " 2018"
      ],
      "review": "If Simpleminds could link to individual Google Keep notes, and/or tasks this app would become STRATOSPHERIC, and become an integral lifestyle component. Amazing app anywy so still 5 *",
      "review_date": [
        "April",
        "8",
        " 2018"
      ]
    },
    {
      "REQ_subtype": "",
      "REQ_type": "",
      "_id": 28,
      "author_id": "not defined",
      "author_name": "jessie deo",
      "helpful": "0",
      "polarity": "",
      "rate": 5,
      "response": "",
      "response_date": "",
      "review": "been using it for several years. works very well maybe i missed it, can we \nget other type of boxes like decisions and other flow chart boxes now pc \napp is available hope the pc app becomes more affordable",
      "review_date": [
        "July",
        "10",
        " 2018"
      ]
    },
    {
      "REQ_subtype": "",
      "REQ_type": "",
      "_id": 29,
      "author_id": "not defined",
      "author_name": "Thesar Waldi",
      "helpful": "0",
      "polarity": "",
      "rate": 3,
      "response": "Can you contact us via e-mail so can help you? (via the help - send feedback button in SimpleMind)",
      "response_date": [
        "July",
        "11",
        " 2018"
      ],
      "review": "I have upgraded my Simple Mind to pro but its still recognizing me as free \nuser so i cant export my file to simple mind PC? I need answer soon. Thanks \nin advance",
      "review_date": [
        "July",
        "7",
        " 2018"
      ]
    },
    {
      "REQ_subtype": "",
      "REQ_type": "",
      "_id": 30,
      "author_id": "not defined",
      "author_name": "Phil Griffiths",
      "helpful": "0",
      "polarity": "",
      "rate": 5,
      "response": "",
      "response_date": "",
      "review": "I used the free version for a while and thought that it was very good. Really love the additional features on this version, especially that I can share across platforms. Also being able to add check boxes and progress bars, which are great when I use the app as a task list or prep tool.",
      "review_date": [
        "March",
        "28",
        " 2018"
      ]
    },
    {
      "REQ_subtype": "",
      "REQ_type": "",
      "_id": 31,
      "author_id": "not defined",
      "author_name": "Break of Dawn Ink",
      "helpful": "0",
      "polarity": "",
      "rate": 5,
      "response": "",
      "response_date": "",
      "review": "Absolutely love this app. Very simple and helps you get your thoughts \ntogether all in one place...other than your head. Love the price, however I \nwish the price was that low for the MacBook app. I definitely recommend \nthis app...the paid version because you can share it and save it.",
      "review_date": [
        "April",
        "21",
        " 2018"
      ]
    },
    {
      "REQ_subtype": "",
      "REQ_type": "",
      "_id": 32,
      "author_id": "not defined",
      "author_name": "P Offutt",
      "helpful": "0",
      "polarity": "",
      "rate": 5,
      "response": "",
      "response_date": "",
      "review": "I have the desktop version. I like that I can brainstorm away from my desk. \nmy only real complaint is the sync, which really does not exist. I must use \ndropbox or drive. P.ITA.",
      "review_date": [
        "June",
        "3",
        " 2018"
      ]
    },
    {
      "REQ_subtype": "",
      "REQ_type": "",
      "_id": 33,
      "author_id": "not defined",
      "author_name": "Travis Smith- Armwood",
      "helpful": "0",
      "polarity": "",
      "rate": 4,
      "response": "",
      "response_date": "",
      "review": "Great app awesome interface I just wish you could give others access to to \nthe mind map so we can do live editing and work together and see each \nothers work chronologically",
      "review_date": [
        "May",
        "4",
        " 2018"
      ]
    },
    {
      "REQ_subtype": "",
      "REQ_type": "",
      "_id": 34,
      "author_id": "not defined",
      "author_name": "Kiki Wibowo",
      "helpful": "0",
      "polarity": "",
      "rate": 5,
      "response": "",
      "response_date": "",
      "review": "I tried the free version only for 30 minutes and buy the full version directly to aim cloud access. This is a very useful app to catch your ideas (and dreams \ud83d\ude00)",
      "review_date": [
        "March",
        "4",
        " 2018"
      ]
    },
    {
      "REQ_subtype": "",
      "REQ_type": "",
      "_id": 35,
      "author_id": "not defined",
      "author_name": "icca",
      "helpful": "0",
      "polarity": "",
      "rate": 5,
      "response": "",
      "response_date": "",
      "review": "This is the best mind map app out there. It's rich, diverse yet simple, minimalistic design makes it easy to use and customize. I use it for work, projects, story boarding, and organizing most ideas.",
      "review_date": [
        "April",
        "9",
        " 2018"
      ]
    },
    {
      "REQ_subtype": "",
      "REQ_type": "",
      "_id": 36,
      "author_id": "not defined",
      "author_name": "SUNIL KUMAR",
      "helpful": "0",
      "polarity": "",
      "rate": 5,
      "response": "Thank you!",
      "response_date": [
        "April",
        "4",
        " 2017"
      ],
      "review": "This is the best app I've used. Kudos to the developers. But I wish if the \nDecision tree / Flowchart capabilities be added, it will be a bonus and \nform a holistic experience for the reader.",
      "review_date": [
        "July",
        "2",
        " 2018"
      ]
    },
    {
      "REQ_subtype": "",
      "REQ_type": "",
      "_id": 37,
      "author_id": "not defined",
      "author_name": "Frederick Barkley",
      "helpful": "0",
      "polarity": "",
      "rate": 5,
      "response": "",
      "response_date": "",
      "review": "Awesome app. Had the free version for a while, but had to upgrade to pro \nfor added functionality. Great for visual learners to process thoughts in a \ncreative and fun way!",
      "review_date": [
        "May",
        "8",
        " 2018"
      ]
    },
    {
      "REQ_subtype": "",
      "REQ_type": "",
      "_id": 38,
      "author_id": "not defined",
      "author_name": "Hirinjay",
      "helpful": "0",
      "polarity": "",
      "rate": 5,
      "response": "",
      "response_date": "",
      "review": "Great app, very useful. I've spent a fair amount of time looking for a good \napp that can help keep track of connections and ideas and this one is the \nbest fit I've found.",
      "review_date": [
        "June",
        "8",
        " 2018"
      ]
    },
    {
      "REQ_subtype": "",
      "REQ_type": "",
      "_id": 39,
      "author_id": "not defined",
      "author_name": "Abdul-Rahim Campbell",
      "helpful": "0",
      "polarity": "",
      "rate": 5,
      "response": "",
      "response_date": "",
      "review": "Love this app. Have used mindmapping for decades. This app makes it easier \nto keep my mind maps on various devices and in the cloud. Synching is easy \nonce you get in some practice. Highly recommended.",
      "review_date": [
        "July",
        "14",
        " 2018"
      ]
    },
    {
      "REQ_subtype": "",
      "REQ_type": "",
      "_id": 40,
      "author_id": "not defined",
      "author_name": "Jazer Martinez",
      "helpful": "2",
      "polarity": "",
      "rate": 5,
      "response": "Hello, SimpleMind 1.15 is released and supports Google Drive.",
      "response_date": [
        "November",
        "29",
        " 2016"
      ],
      "review": "Thank you for including google drive as an option to save in the cloud. Best mindmap app for the price",
      "review_date": [
        "March",
        "14",
        " 2018"
      ]
    },
    {
      "REQ_subtype": "",
      "REQ_type": "",
      "_id": 41,
      "author_id": "not defined",
      "author_name": "Jared Lotz",
      "helpful": "0",
      "polarity": "",
      "rate": 5,
      "response": "",
      "response_date": "",
      "review": "This is a fantastic app and has been remarkably helpful for me taking notes \nand studying for my physiology class, I will be using this for the rest of \nmy classes. Highly recommended.",
      "review_date": [
        "June",
        "25",
        " 2018"
      ]
    },
    {
      "REQ_subtype": "",
      "REQ_type": "",
      "_id": 42,
      "author_id": "not defined",
      "author_name": "Martin Vito",
      "helpful": "0",
      "polarity": "",
      "rate": 5,
      "response": "",
      "response_date": "",
      "review": "Awesome app that does what it says it can do. I particularly like it \nbecause you can turn each mind map into a pdf to share with others. Vision \ncan be clarified really well.",
      "review_date": [
        "July",
        "15",
        " 2018"
      ]
    },
    {
      "REQ_subtype": "",
      "REQ_type": "",
      "_id": 43,
      "author_id": "not defined",
      "author_name": "Stephen McCormick",
      "helpful": "0",
      "polarity": "",
      "rate": 5,
      "response": "",
      "response_date": "",
      "review": "I've impressed work colleagues a number of times by using this app to map out various topics.  It's quick and easy to use and outputs to an image file.",
      "review_date": [
        "February",
        "15",
        " 2018"
      ]
    },
    {
      "REQ_subtype": "",
      "REQ_type": "",
      "_id": 44,
      "author_id": "not defined",
      "author_name": "Abdullah Alahdal",
      "helpful": "0",
      "polarity": "",
      "rate": 5,
      "response": "",
      "response_date": "",
      "review": "I love it and bought the windows version as well. Better than other expensive alternatives.",
      "review_date": [
        "March",
        "19",
        " 2018"
      ]
    },
    {
      "REQ_subtype": "",
      "REQ_type": "",
      "_id": 45,
      "author_id": "not defined",
      "author_name": "Widuro Adi",
      "helpful": "0",
      "polarity": "",
      "rate": 3,
      "response": "",
      "response_date": "",
      "review": "Good Apps... but right now i can't open my Mapping :(... always said \"no \nmind map selected\" please help",
      "review_date": [
        "June",
        "22",
        " 2018"
      ]
    },
    {
      "REQ_subtype": "",
      "REQ_type": "",
      "_id": 46,
      "author_id": "not defined",
      "author_name": "Guy Z",
      "helpful": "0",
      "polarity": "",
      "rate": 5,
      "response": "SimpleMind Pro uses Dropbox and Google Drive to sync your Mind Maps across devices. \nSee how this works in the video in this FAQ: \nhttps://simplemind.eu/faq/can-i-open-my-mind-maps-on-all-devices/",
      "response_date": [
        "May",
        "29",
        " 2018"
      ],
      "review": "Visually appealing mind maps. Missing better sync across all platforms... on Windows, it needs an external sync software, which doesn't work so well.",
      "review_date": [
        "May",
        "29",
        " 2018"
      ]
    },
    {
      "REQ_subtype": "",
      "REQ_type": "",
      "_id": 47,
      "author_id": "not defined",
      "author_name": "A Google user",
      "helpful": "0",
      "polarity": "",
      "rate": 5,
      "response": "",
      "response_date": "",
      "review": "Excellent map tool! It's a bigger bonus how effective this apps works/syncs with the cloud! Consistant app that works as good on a PC as it does on a mobile device..!",
      "review_date": [
        "February",
        "28",
        " 2018"
      ]
    },
    {
      "REQ_subtype": "",
      "REQ_type": "",
      "_id": 48,
      "author_id": "not defined",
      "author_name": "Aref Juma",
      "helpful": "0",
      "polarity": "",
      "rate": 4,
      "response": "Hello Aref,while you can add a shortcut to a Mind Map, adding a shortcut to a folder is not possible.",
      "response_date": [
        "May",
        "13",
        " 2016"
      ],
      "review": "After new android 8.0 updated i am not able to send shotcut file to the DEX \nScreen....it's very important",
      "review_date": [
        "June",
        "14",
        " 2018"
      ]
    },
    {
      "REQ_subtype": "",
      "REQ_type": "",
      "_id": 49,
      "author_id": "not defined",
      "author_name": "Michael Voight",
      "helpful": "0",
      "polarity": "",
      "rate": 5,
      "response": "",
      "response_date": "",
      "review": "Absolutely amazing app, I wish I didnt have to buy it on google and iphone but it was well worth it regardless.",
      "review_date": [
        "March",
        "26",
        " 2018"
      ]
    },
    {
      "REQ_subtype": "",
      "REQ_type": "",
      "_id": 50,
      "author_id": "not defined",
      "author_name": "Joost Noordermeer",
      "helpful": "0",
      "polarity": "",
      "rate": 4,
      "response": "",
      "response_date": "",
      "review": "Really like the quick method to add siblings and children. I miss an export \nto .svg function for incorporation in other documents without a loss of \nquality.",
      "review_date": [
        "July",
        "4",
        " 2018"
      ]
    },
    {
      "REQ_subtype": "",
      "REQ_type": "",
      "_id": 51,
      "author_id": "not defined",
      "author_name": "Michael Day",
      "helpful": "0",
      "polarity": "",
      "rate": 5,
      "response": "",
      "response_date": "",
      "review": "This is an amazing app. It really helps you organize all of your activities. I love it, it's a game changer!",
      "review_date": [
        "March",
        "31",
        " 2018"
      ]
    },
    {
      "REQ_subtype": "",
      "REQ_type": "",
      "_id": 52,
      "author_id": "not defined",
      "author_name": "D Kennedy",
      "helpful": "0",
      "polarity": "",
      "rate": 5,
      "response": "Thanks!",
      "response_date": [
        "May",
        "1",
        " 2018"
      ],
      "review": "Absolutely excellent. Free was good. This is well worth it. Will update \nreview later but upto now everything has been thought of",
      "review_date": [
        "April",
        "27",
        " 2018"
      ]
    },
    {
      "REQ_subtype": "",
      "REQ_type": "",
      "_id": 53,
      "author_id": "not defined",
      "author_name": "Aaron Scully",
      "helpful": "0",
      "polarity": "",
      "rate": 5,
      "response": "",
      "response_date": "",
      "review": "Really, really great piece of mind mapping software. Intuitive and easy to \nuse, plus there's an equally excellent desktop version.",
      "review_date": [
        "May",
        "4",
        " 2018"
      ]
    },
    {
      "REQ_subtype": "",
      "REQ_type": "",
      "_id": 54,
      "author_id": "not defined",
      "author_name": "Peter Orluck",
      "helpful": "0",
      "polarity": "",
      "rate": 5,
      "response": "Thank you Peter, much appreciated.",
      "response_date": [
        "June",
        "6",
        " 2018"
      ],
      "review": "I tried all mind map apps I could find (7 of them). This is the best. The \ndesktop app is excellent too.",
      "review_date": [
        "June",
        "5",
        " 2018"
      ]
    },
    {
      "REQ_subtype": "",
      "REQ_type": "",
      "_id": 55,
      "author_id": "not defined",
      "author_name": "Adrian Scarlett",
      "helpful": "0",
      "polarity": "",
      "rate": 4,
      "response": "",
      "response_date": "",
      "review": "Great app, but disappointing that I have to purchase twice to get it to \nwork on my windows PC.",
      "review_date": [
        "June",
        "24",
        " 2018"
      ]
    },
    {
      "REQ_subtype": "",
      "REQ_type": "",
      "_id": 56,
      "author_id": "not defined",
      "author_name": "A Google user",
      "helpful": "0",
      "polarity": "",
      "rate": 5,
      "response": "Thanks!",
      "response_date": [
        "March",
        "19",
        " 2018"
      ],
      "review": "I'm using this app quit a while and I like it. It's actually a pleasure to use it. Very nice work, guys! :-)",
      "review_date": [
        "March",
        "18",
        " 2018"
      ]
    },
    {
      "REQ_subtype": "",
      "REQ_type": "",
      "_id": 57,
      "author_id": "not defined",
      "author_name": "Gabriel Dos Santos",
      "helpful": "0",
      "polarity": "",
      "rate": 4,
      "response": "",
      "response_date": "",
      "review": "So far seems good, im organizing my RPG on it, but seems like i cannot \nerase a created line between topics",
      "review_date": [
        "June",
        "29",
        " 2018"
      ]
    },
    {
      "REQ_subtype": "",
      "REQ_type": "",
      "_id": 58,
      "author_id": "not defined",
      "author_name": "Michael Emerald",
      "helpful": "0",
      "polarity": "",
      "rate": 5,
      "response": "Thank you Michael. If you want, please use our 30 day full Desktop trial: https://simplemind.eu/download/trial-edition/",
      "response_date": [
        "June",
        "26",
        " 2017"
      ],
      "review": "I use MindJet desktop and SimpleMind for business meetings remote. Much \nmore advanced than Mindjet and easy to use. I may try SimpleMind desktop. I \nbelieve it's available.",
      "review_date": [
        "June",
        "22",
        " 2018"
      ]
    },
    {
      "REQ_subtype": "",
      "REQ_type": "",
      "_id": 59,
      "author_id": "not defined",
      "author_name": "Rishu Dev",
      "helpful": "0",
      "polarity": "",
      "rate": 3,
      "response": "",
      "response_date": "",
      "review": "Good app, but my voice note function not working. Recording my voice, playing it but sounds nothing but a blank track. Help me",
      "review_date": [
        "March",
        "27",
        " 2018"
      ]
    },
    {
      "REQ_subtype": "",
      "REQ_type": "",
      "_id": 60,
      "author_id": "not defined",
      "author_name": "Stephanie Jackson",
      "helpful": "0",
      "polarity": "",
      "rate": 5,
      "response": "",
      "response_date": "",
      "review": "Still very new to mind mapping. This app is truly helpful with teaching someone how to utilize this type of planning tool",
      "review_date": [
        "February",
        "21",
        " 2018"
      ]
    },
    {
      "REQ_subtype": "",
      "REQ_type": "",
      "_id": 61,
      "author_id": "not defined",
      "author_name": "Mark Servaes",
      "helpful": "0",
      "polarity": "",
      "rate": 5,
      "response": "",
      "response_date": "",
      "review": "Very usable. There are some features I would like to see added but overall this does the business!",
      "review_date": [
        "April",
        "3",
        " 2018"
      ]
    },
    {
      "REQ_subtype": "",
      "REQ_type": "",
      "_id": 62,
      "author_id": "not defined",
      "author_name": "Rodney Wagner",
      "helpful": "0",
      "polarity": "",
      "rate": 5,
      "response": "",
      "response_date": "",
      "review": "Replaced my other mindmapping tools with it. Running on PC, iPad and \nSamsung Note8. Easy to sync across all devices.",
      "review_date": [
        "June",
        "10",
        " 2018"
      ]
    },
    {
      "REQ_subtype": "",
      "REQ_type": "",
      "_id": 63,
      "author_id": "not defined",
      "author_name": "A Google user",
      "helpful": "0",
      "polarity": "",
      "rate": 5,
      "response": "",
      "response_date": "",
      "review": "I've used a ton of kind mapping apps and platforms. This is hands down the \nbest one out there.",
      "review_date": [
        "July",
        "9",
        " 2018"
      ]
    },
    {
      "REQ_subtype": "",
      "REQ_type": "",
      "_id": 64,
      "author_id": "not defined",
      "author_name": "Lenard Smith",
      "helpful": "0",
      "polarity": "",
      "rate": 5,
      "response": "",
      "response_date": "",
      "review": "Great app that allows me to take notes on my phone and is excellent in \nstoring, importing, and exporting mind maps",
      "review_date": [
        "May",
        "21",
        " 2018"
      ]
    },
    {
      "REQ_subtype": "",
      "REQ_type": "",
      "_id": 65,
      "author_id": "not defined",
      "author_name": "Tonderai Gomo",
      "helpful": "0",
      "polarity": "",
      "rate": 5,
      "response": "",
      "response_date": "",
      "review": "Best App for brainstorming. Great for presentations. Easy to use. Hard to \nidentify areas requiring improvement.",
      "review_date": [
        "April",
        "22",
        " 2018"
      ]
    },
    {
      "REQ_subtype": "",
      "REQ_type": "",
      "_id": 66,
      "author_id": "not defined",
      "author_name": "Yashwant Bhavsar",
      "helpful": "0",
      "polarity": "",
      "rate": 5,
      "response": "",
      "response_date": "",
      "review": "excellent app for designer and for any creative field. easy to save as pdf, \nimage, etc... easy to share!!",
      "review_date": [
        "June",
        "26",
        " 2018"
      ]
    },
    {
      "REQ_subtype": "",
      "REQ_type": "",
      "_id": 67,
      "author_id": "not defined",
      "author_name": "Reuven Cohen",
      "helpful": "0",
      "polarity": "",
      "rate": 5,
      "response": "",
      "response_date": "",
      "review": "Amazing! Great powerful tool. Spent the few dollars on pro. It's worth much more!",
      "review_date": [
        "February",
        "26",
        " 2018"
      ]
    },
    {
      "REQ_subtype": "",
      "REQ_type": "",
      "_id": 68,
      "author_id": "not defined",
      "author_name": "pankaj gupta",
      "helpful": "0",
      "polarity": "",
      "rate": 4,
      "response": "",
      "response_date": "",
      "review": "Very nice app.I'll give 5 star rating if reminders are also provided.",
      "review_date": [
        "February",
        "18",
        " 2018"
      ]
    },
    {
      "REQ_subtype": "",
      "REQ_type": "",
      "_id": 69,
      "author_id": "not defined",
      "author_name": "David Hoffman",
      "helpful": "0",
      "polarity": "",
      "rate": 5,
      "response": "",
      "response_date": "",
      "review": "Excellent Mind-Mapping app. Very intuitive, yet extremely powerful. Well \nworth the investment.",
      "review_date": [
        "May",
        "3",
        " 2018"
      ]
    },
    {
      "REQ_subtype": "",
      "REQ_type": "",
      "_id": 70,
      "author_id": "not defined",
      "author_name": "Brad May",
      "helpful": "0",
      "polarity": "",
      "rate": 5,
      "response": "",
      "response_date": "",
      "review": "Great app! One of the best out there and keeps getting better with every \nupdate.",
      "review_date": [
        "June",
        "4",
        " 2018"
      ]
    },
    {
      "REQ_subtype": "",
      "REQ_type": "",
      "_id": 71,
      "author_id": "not defined",
      "author_name": "Kent Reid",
      "helpful": "0",
      "polarity": "",
      "rate": 4,
      "response": "",
      "response_date": "",
      "review": "I've used this app to shape out projects just as a brainstorming session... works great.",
      "review_date": [
        "February",
        "19",
        " 2018"
      ]
    },
    {
      "REQ_subtype": "",
      "REQ_type": "",
      "_id": 72,
      "author_id": "not defined",
      "author_name": "Eko Yuono",
      "helpful": "0",
      "polarity": "",
      "rate": 5,
      "response": "",
      "response_date": "",
      "review": "Using it in ipad and android, superb, but the ipad version is more smooth than android version, my top app for working, excellent",
      "review_date": [
        "February",
        "28",
        " 2018"
      ]
    },
    {
      "REQ_subtype": "",
      "REQ_type": "",
      "_id": 73,
      "author_id": "not defined",
      "author_name": "Danilo Augusto Oliveira De Barros",
      "helpful": "0",
      "polarity": "",
      "rate": 4,
      "response": "",
      "response_date": "",
      "review": "Poderia ter OneDrive no Setup de Clouds.",
      "review_date": [
        "April",
        "14",
        " 2018"
      ]
    },
    {
      "REQ_subtype": "",
      "REQ_type": "",
      "_id": 74,
      "author_id": "not defined",
      "author_name": "A Google user",
      "helpful": "0",
      "polarity": "",
      "rate": 5,
      "response": "",
      "response_date": "",
      "review": "THE BEST Mind Mapping App , i hope you to add per floder backup",
      "review_date": [
        "April",
        "29",
        " 2018"
      ]
    },
    {
      "REQ_subtype": "",
      "REQ_type": "",
      "_id": 75,
      "author_id": "not defined",
      "author_name": "pulkit kanodia",
      "helpful": "0",
      "polarity": "",
      "rate": 4,
      "response": "Hello, SimpleMind is updated on a regular basis. See our update history here: https://simplemind.eu/support/new-features/android/",
      "response_date": [
        "May",
        "9",
        " 2017"
      ],
      "review": "Please try to bring regular updates to the app",
      "review_date": [
        "May",
        "18",
        " 2018"
      ]
    },
    {
      "REQ_subtype": "",
      "REQ_type": "",
      "_id": 76,
      "author_id": "not defined",
      "author_name": "A Google user",
      "helpful": "0",
      "polarity": "",
      "rate": 5,
      "response": "",
      "response_date": "",
      "review": "Does everything I want and might need",
      "review_date": [
        "February",
        "21",
        " 2018"
      ]
    },
    {
      "REQ_subtype": "",
      "REQ_type": "",
      "_id": 77,
      "author_id": "not defined",
      "author_name": "Gershom",
      "helpful": "0",
      "polarity": "",
      "rate": 5,
      "response": "",
      "response_date": "",
      "review": "Powerful app, easy to use, great syncing capability. Worth every Penny!",
      "review_date": [
        "February",
        "23",
        " 2018"
      ]
    },
    {
      "REQ_subtype": "",
      "REQ_type": "",
      "_id": 78,
      "author_id": "not defined",
      "author_name": "Jesse Anderson",
      "helpful": "0",
      "polarity": "",
      "rate": 4,
      "response": "",
      "response_date": "",
      "review": "Good feature set and customization options. Great for mental notes. Would \nbe better with more templates.",
      "review_date": [
        "April",
        "15",
        " 2018"
      ]
    },
    {
      "REQ_subtype": "",
      "REQ_type": "",
      "_id": 79,
      "author_id": "not defined",
      "author_name": "Daniel Suarez",
      "helpful": "0",
      "polarity": "",
      "rate": 5,
      "response": "Great to hear so. Best of luck with your studies.",
      "response_date": [
        "March",
        "14",
        " 2018"
      ],
      "review": "This app helps me to get new information fast during classes in the university",
      "review_date": [
        "March",
        "14",
        " 2018"
      ]
    },
    {
      "REQ_subtype": "",
      "REQ_type": "",
      "_id": 80,
      "author_id": "not defined",
      "author_name": "Tom Wilson",
      "helpful": "0",
      "polarity": "",
      "rate": 5,
      "response": "",
      "response_date": "",
      "review": "Simple to use with a ton of features under the surface. I use it for brainstorming as well as flow charts.",
      "review_date": [
        "March",
        "29",
        " 2018"
      ]
    },
    {
      "REQ_subtype": "",
      "REQ_type": "",
      "_id": 81,
      "author_id": "not defined",
      "author_name": "james rewis",
      "helpful": "1",
      "polarity": "",
      "rate": 5,
      "response": "",
      "response_date": "",
      "review": "This app is awesome for brain storming!!!",
      "review_date": [
        "April",
        "30",
        " 2018"
      ]
    },
    {
      "REQ_subtype": "",
      "REQ_type": "",
      "_id": 82,
      "author_id": "not defined",
      "author_name": "Troy Taggart",
      "helpful": "0",
      "polarity": "",
      "rate": 5,
      "response": "",
      "response_date": "",
      "review": "I have tried several other mindmap programs. This is the best one I have used.",
      "review_date": [
        "February",
        "23",
        " 2018"
      ]
    },
    {
      "REQ_subtype": "",
      "REQ_type": "",
      "_id": 83,
      "author_id": "not defined",
      "author_name": "Hester Thiart",
      "helpful": "0",
      "polarity": "",
      "rate": 5,
      "response": "",
      "response_date": "",
      "review": "It has helped me tremendously.",
      "review_date": [
        "July",
        "7",
        " 2018"
      ]
    },
    {
      "REQ_subtype": "",
      "REQ_type": "",
      "_id": 84,
      "author_id": "not defined",
      "author_name": "Steve Upton",
      "helpful": "0",
      "polarity": "",
      "rate": 4,
      "response": "",
      "response_date": "",
      "review": "Great app. I've used a few over the years and this is the best I've found \non Android",
      "review_date": [
        "June",
        "10",
        " 2018"
      ]
    },
    {
      "REQ_subtype": "",
      "REQ_type": "",
      "_id": 85,
      "author_id": "not defined",
      "author_name": "Nicholas Bezzina",
      "helpful": "0",
      "polarity": "",
      "rate": 5,
      "response": "",
      "response_date": "",
      "review": "It does what it says on the tin. Brilliantly user-friendly and extremely \nefficient",
      "review_date": [
        "May",
        "27",
        " 2018"
      ]
    },
    {
      "REQ_subtype": "",
      "REQ_type": "",
      "_id": 86,
      "author_id": "not defined",
      "author_name": "Stewart Flemming",
      "helpful": "0",
      "polarity": "",
      "rate": 5,
      "response": "",
      "response_date": "",
      "review": "Great app I'm getting the windows version for my computer as well.",
      "review_date": [
        "March",
        "1",
        " 2018"
      ]
    },
    {
      "REQ_subtype": "",
      "REQ_type": "",
      "_id": 87,
      "author_id": "not defined",
      "author_name": "Sarah Merritt",
      "helpful": "0",
      "polarity": "",
      "rate": 4,
      "response": "",
      "response_date": "",
      "review": "Pretty good, can see the whole map and edit at the same time.",
      "review_date": [
        "April",
        "16",
        " 2018"
      ]
    },
    {
      "REQ_subtype": "",
      "REQ_type": "",
      "_id": 88,
      "author_id": "not defined",
      "author_name": "Troy INTJ",
      "helpful": "0",
      "polarity": "",
      "rate": 4,
      "response": "",
      "response_date": "",
      "review": "Good app to get acquainted with Mind mapping but easily out grown",
      "review_date": [
        "February",
        "24",
        " 2018"
      ]
    },
    {
      "REQ_subtype": "",
      "REQ_type": "",
      "_id": 89,
      "author_id": "not defined",
      "author_name": "Craig Shaw",
      "helpful": "0",
      "polarity": "",
      "rate": 5,
      "response": "",
      "response_date": "",
      "review": "Would not live without it",
      "review_date": [
        "June",
        "30",
        " 2018"
      ]
    },
    {
      "REQ_subtype": "",
      "REQ_type": "",
      "_id": 90,
      "author_id": "not defined",
      "author_name": "A Google user",
      "helpful": "0",
      "polarity": "",
      "rate": 4,
      "response": "",
      "response_date": "",
      "review": "Thank you, developers!",
      "review_date": [
        "June",
        "14",
        " 2018"
      ]
    },
    {
      "REQ_subtype": "",
      "REQ_type": "",
      "_id": 91,
      "author_id": "not defined",
      "author_name": "Jeff Bowyer",
      "helpful": "0",
      "polarity": "",
      "rate": 5,
      "response": "",
      "response_date": "",
      "review": "Best mindmapping and diagram app for working seamlessly across devices.",
      "review_date": [
        "March",
        "11",
        " 2018"
      ]
    },
    {
      "REQ_subtype": "",
      "REQ_type": "",
      "_id": 92,
      "author_id": "not defined",
      "author_name": "Fergus Brennan",
      "helpful": "0",
      "polarity": "",
      "rate": 5,
      "response": "",
      "response_date": "",
      "review": "Best cross platform mind mapping tool out there.",
      "review_date": [
        "March",
        "8",
        " 2018"
      ]
    },
    {
      "REQ_subtype": "",
      "REQ_type": "",
      "_id": 93,
      "author_id": "not defined",
      "author_name": "Curt Gutierrez",
      "helpful": "0",
      "polarity": "",
      "rate": 5,
      "response": "",
      "response_date": "",
      "review": "Amazingly easy and intuitive! Forget lists make a mind map...",
      "review_date": [
        "April",
        "22",
        " 2018"
      ]
    },
    {
      "REQ_subtype": "",
      "REQ_type": "",
      "_id": 94,
      "author_id": "not defined",
      "author_name": "Mike Bosschaert",
      "helpful": "0",
      "polarity": "",
      "rate": 4,
      "response": "",
      "response_date": "",
      "review": "Simple and intuitive mindmapping app, good integration with Dropbox.",
      "review_date": [
        "June",
        "25",
        " 2018"
      ]
    },
    {
      "REQ_subtype": "",
      "REQ_type": "",
      "_id": 95,
      "author_id": "not defined",
      "author_name": "Chandrashekar Rai",
      "helpful": "0",
      "polarity": "",
      "rate": 5,
      "response": "",
      "response_date": "",
      "review": "It's great. I am using it daily after installation.",
      "review_date": [
        "May",
        "22",
        " 2018"
      ]
    },
    {
      "REQ_subtype": "",
      "REQ_type": "",
      "_id": 96,
      "author_id": "not defined",
      "author_name": "yusuff latif",
      "helpful": "0",
      "polarity": "",
      "rate": 5,
      "response": "",
      "response_date": "",
      "review": "Wonderful app, really help me better planner.",
      "review_date": [
        "May",
        "22",
        " 2018"
      ]
    },
    {
      "REQ_subtype": "",
      "REQ_type": "",
      "_id": 97,
      "author_id": "not defined",
      "author_name": "Nutthapol Asadathorn",
      "helpful": "0",
      "polarity": "",
      "rate": 5,
      "response": "",
      "response_date": "",
      "review": "Mind map on the go. Gather & organize your ideas effectively.",
      "review_date": [
        "June",
        "10",
        " 2018"
      ]
    },
    {
      "REQ_subtype": "",
      "REQ_type": "",
      "_id": 98,
      "author_id": "not defined",
      "author_name": "Paul de Klerk",
      "helpful": "0",
      "polarity": "",
      "rate": 5,
      "response": "",
      "response_date": "",
      "review": "Very intuitive to use, powerful for capturing thinking.",
      "review_date": [
        "April",
        "2",
        " 2018"
      ]
    },
    {
      "REQ_subtype": "",
      "REQ_type": "",
      "_id": 99,
      "author_id": "not defined",
      "author_name": "Bill Gallagher",
      "helpful": "0",
      "polarity": "",
      "rate": 5,
      "response": "",
      "response_date": "",
      "review": "Very good app easy to use and map ideas",
      "review_date": [
        "July",
        "11",
        " 2018"
      ]
    },
    {
      "REQ_subtype": "",
      "REQ_type": "",
      "_id": 100,
      "author_id": "not defined",
      "author_name": "Matti K\u00e4\u00e4p\u00e4",
      "helpful": "0",
      "polarity": "",
      "rate": 4,
      "response": "",
      "response_date": "",
      "review": "Onedrive integration missing, otherwise 5 stars",
      "review_date": [
        "March",
        "20",
        " 2018"
      ]
    },
    {
      "REQ_subtype": "",
      "REQ_type": "",
      "_id": 101,
      "author_id": "not defined",
      "author_name": "jun park",
      "helpful": "0",
      "polarity": "",
      "rate": 5,
      "response": "",
      "response_date": "",
      "review": "such good application very nice and useful.",
      "review_date": [
        "April",
        "28",
        " 2018"
      ]
    },
    {
      "REQ_subtype": "",
      "REQ_type": "",
      "_id": 102,
      "author_id": "not defined",
      "author_name": "LindaLinda SeymourSeymour",
      "helpful": "0",
      "polarity": "",
      "rate": 5,
      "response": "",
      "response_date": "",
      "review": "Exceeded my expectations, very useful!",
      "review_date": [
        "March",
        "29",
        " 2018"
      ]
    },
    {
      "REQ_subtype": "",
      "REQ_type": "",
      "_id": 103,
      "author_id": "not defined",
      "author_name": "Hon Pang",
      "helpful": "0",
      "polarity": "",
      "rate": 5,
      "response": "",
      "response_date": "",
      "review": "I like this app very easy to use",
      "review_date": [
        "April",
        "12",
        " 2018"
      ]
    },
    {
      "REQ_subtype": "",
      "REQ_type": "",
      "_id": 104,
      "author_id": "not defined",
      "author_name": "David Christenson",
      "helpful": "0",
      "polarity": "",
      "rate": 5,
      "response": "",
      "response_date": "",
      "review": "The User Interface is easy to use and powerful :)",
      "review_date": [
        "March",
        "30",
        " 2018"
      ]
    },
    {
      "REQ_subtype": "",
      "REQ_type": "",
      "_id": 105,
      "author_id": "not defined",
      "author_name": "Brendan Mc Aravey",
      "helpful": "0",
      "polarity": "",
      "rate": 5,
      "response": "",
      "response_date": "",
      "review": "Superb! Great mind mapping tool",
      "review_date": [
        "March",
        "10",
        " 2018"
      ]
    },
    {
      "REQ_subtype": "",
      "REQ_type": "",
      "_id": 106,
      "author_id": "not defined",
      "author_name": "Larry Benner",
      "helpful": "0",
      "polarity": "",
      "rate": 5,
      "response": "",
      "response_date": "",
      "review": "My most powerful life app!",
      "review_date": [
        "March",
        "16",
        " 2018"
      ]
    },
    {
      "REQ_subtype": "",
      "REQ_type": "",
      "_id": 107,
      "author_id": "not defined",
      "author_name": "No Left Turns",
      "helpful": "0",
      "polarity": "",
      "rate": 5,
      "response": "",
      "response_date": "",
      "review": "Best mind map app on the market!",
      "review_date": [
        "June",
        "29",
        " 2018"
      ]
    },
    {
      "REQ_subtype": "",
      "REQ_type": "",
      "_id": 108,
      "author_id": "not defined",
      "author_name": "Corey Hokanson",
      "helpful": "0",
      "polarity": "",
      "rate": 5,
      "response": "",
      "response_date": "",
      "review": "Excellent brainstorming tool. Money well spent :-)",
      "review_date": [
        "July",
        "1",
        " 2018"
      ]
    },
    {
      "REQ_subtype": "",
      "REQ_type": "",
      "_id": 109,
      "author_id": "not defined",
      "author_name": "Keith Williams",
      "helpful": "0",
      "polarity": "",
      "rate": 5,
      "response": "",
      "response_date": "",
      "review": "Great tool for creative thinking and writing.",
      "review_date": [
        "March",
        "18",
        " 2018"
      ]
    },
    {
      "REQ_subtype": "",
      "REQ_type": "",
      "_id": 110,
      "author_id": "not defined",
      "author_name": "Nugrohadi Yuwono",
      "helpful": "0",
      "polarity": "",
      "rate": 5,
      "response": "",
      "response_date": "",
      "review": "Easy to Use & Very Useful in Learning Process",
      "review_date": [
        "June",
        "26",
        " 2018"
      ]
    },
    {
      "REQ_subtype": "",
      "REQ_type": "",
      "_id": 111,
      "author_id": "not defined",
      "author_name": "Axel L\u00f3pez",
      "helpful": "0",
      "polarity": "",
      "rate": 5,
      "response": "",
      "response_date": "",
      "review": "Very useful app, keep improving it",
      "review_date": [
        "March",
        "1",
        " 2018"
      ]
    },
    {
      "REQ_subtype": "",
      "REQ_type": "",
      "_id": 112,
      "author_id": "not defined",
      "author_name": "Svetlana beaumont-aniceta",
      "helpful": "0",
      "polarity": "",
      "rate": 5,
      "response": "",
      "response_date": "",
      "review": "Very helpfull. In all areas",
      "review_date": [
        "May",
        "13",
        " 2018"
      ]
    },
    {
      "REQ_subtype": "",
      "REQ_type": "",
      "_id": 113,
      "author_id": "not defined",
      "author_name": "Richard Tiong",
      "helpful": "0",
      "polarity": "",
      "rate": 4,
      "response": "",
      "response_date": "",
      "review": "I like it",
      "review_date": [
        "May",
        "19",
        " 2018"
      ]
    },
    {
      "REQ_subtype": "",
      "REQ_type": "",
      "_id": 114,
      "author_id": "not defined",
      "author_name": "Sandi Makarov",
      "helpful": "0",
      "polarity": "",
      "rate": 5,
      "response": "",
      "response_date": "",
      "review": "Great app to manage your blink",
      "review_date": [
        "April",
        "14",
        " 2018"
      ]
    },
    {
      "REQ_subtype": "",
      "REQ_type": "",
      "_id": 115,
      "author_id": "not defined",
      "author_name": "Qknopp",
      "helpful": "0",
      "polarity": "",
      "rate": 5,
      "response": "",
      "response_date": "",
      "review": "Prettiest mind mapping in the universe.",
      "review_date": [
        "May",
        "27",
        " 2018"
      ]
    },
    {
      "REQ_subtype": "",
      "REQ_type": "",
      "_id": 116,
      "author_id": "not defined",
      "author_name": "Muhammad Rizqhan",
      "helpful": "0",
      "polarity": "",
      "rate": 5,
      "response": "",
      "response_date": "",
      "review": "Very good app! Love!",
      "review_date": [
        "June",
        "3",
        " 2018"
      ]
    },
    {
      "REQ_subtype": "",
      "REQ_type": "",
      "_id": 117,
      "author_id": "not defined",
      "author_name": "Rina Ulwia",
      "helpful": "0",
      "polarity": "",
      "rate": 3,
      "response": "",
      "response_date": "",
      "review": "Biasa aja...",
      "review_date": [
        "April",
        "3",
        " 2018"
      ]
    },
    {
      "REQ_subtype": "",
      "REQ_type": "",
      "_id": 118,
      "author_id": "not defined",
      "author_name": "Romelle Gonzales",
      "helpful": "0",
      "polarity": "",
      "rate": 5,
      "response": "",
      "response_date": "",
      "review": "I really like this app",
      "review_date": [
        "February",
        "13",
        " 2018"
      ]
    },
    {
      "REQ_subtype": "",
      "REQ_type": "",
      "_id": 119,
      "author_id": "not defined",
      "author_name": "Dahuri Mahmud",
      "helpful": "0",
      "polarity": "",
      "rate": 5,
      "response": "",
      "response_date": "",
      "review": "The best thinking organizer",
      "review_date": [
        "March",
        "31",
        " 2018"
      ]
    },
    {
      "REQ_subtype": "",
      "REQ_type": "",
      "_id": 120,
      "author_id": "not defined",
      "author_name": "C Husa",
      "helpful": "0",
      "polarity": "",
      "rate": 5,
      "response": "",
      "response_date": "",
      "review": "STILL Love this product.",
      "review_date": [
        "May",
        "10",
        " 2018"
      ]
    },
    {
      "REQ_subtype": "",
      "REQ_type": "",
      "_id": 121,
      "author_id": "not defined",
      "author_name": "Anwar Mismar",
      "helpful": "0",
      "polarity": "",
      "rate": 5,
      "response": "",
      "response_date": "",
      "review": "Great tool for planning.",
      "review_date": [
        "February",
        "24",
        " 2018"
      ]
    },
    {
      "REQ_subtype": "",
      "REQ_type": "",
      "_id": 122,
      "author_id": "not defined",
      "author_name": "ya hei wong",
      "helpful": "0",
      "polarity": "",
      "rate": 5,
      "response": "",
      "response_date": "",
      "review": "Excellent, Worth buying",
      "review_date": [
        "March",
        "29",
        " 2018"
      ]
    },
    {
      "REQ_subtype": "",
      "REQ_type": "",
      "_id": 123,
      "author_id": "not defined",
      "author_name": "Noah Graham",
      "helpful": "0",
      "polarity": "",
      "rate": 5,
      "response": "Thanks Noah!",
      "response_date": [
        "March",
        "14",
        " 2018"
      ],
      "review": "10/10",
      "review_date": [
        "March",
        "14",
        " 2018"
      ]
    },
    {
      "REQ_subtype": "",
      "REQ_type": "",
      "_id": 124,
      "author_id": "not defined",
      "author_name": "Len Burnell",
      "helpful": "0",
      "polarity": "",
      "rate": 4,
      "response": "",
      "response_date": "",
      "review": "Good so far.",
      "review_date": [
        "March",
        "19",
        " 2018"
      ]
    },
    {
      "REQ_subtype": "",
      "REQ_type": "",
      "_id": 125,
      "author_id": "not defined",
      "author_name": "Mourouganandame Arunachalam",
      "helpful": "0",
      "polarity": "",
      "rate": 5,
      "response": "Hello, see how in this FAQ: \nhttps://simplemind.eu/faq/#!/android/transfer_simplemind_free_mind_maps/",
      "response_date": [
        "February",
        "27",
        " 2018"
      ],
      "review": "Cool....thanks for the clean tool...",
      "review_date": [
        "February",
        "27",
        " 2018"
      ]
    },
    {
      "REQ_subtype": "",
      "REQ_type": "",
      "_id": 126,
      "author_id": "not defined",
      "author_name": "Joe Webb",
      "helpful": "0",
      "polarity": "",
      "rate": 4,
      "response": "",
      "response_date": "",
      "review": "Like it..good app.",
      "review_date": [
        "May",
        "10",
        " 2018"
      ]
    },
    {
      "REQ_subtype": "",
      "REQ_type": "",
      "_id": 127,
      "author_id": "not defined",
      "author_name": "A Google user",
      "helpful": "0",
      "polarity": "",
      "rate": 5,
      "response": "",
      "response_date": "",
      "review": "So good and usefull",
      "review_date": [
        "March",
        "12",
        " 2018"
      ]
    },
    {
      "REQ_subtype": "",
      "REQ_type": "",
      "_id": 128,
      "author_id": "not defined",
      "author_name": "A Google user",
      "helpful": "0",
      "polarity": "",
      "rate": 5,
      "response": "",
      "response_date": "",
      "review": "Powerful and easy to use",
      "review_date": [
        "February",
        "20",
        " 2018"
      ]
    },
    {
      "REQ_subtype": "",
      "REQ_type": "",
      "_id": 129,
      "author_id": "not defined",
      "author_name": "A Google user",
      "helpful": "0",
      "polarity": "",
      "rate": 5,
      "response": "",
      "response_date": "",
      "review": "Versatile and visually appealing",
      "review_date": [
        "June",
        "19",
        " 2018"
      ]
    },
    {
      "REQ_subtype": "",
      "REQ_type": "",
      "_id": 130,
      "author_id": "not defined",
      "author_name": "Sparda AMT",
      "helpful": "0",
      "polarity": "",
      "rate": 5,
      "response": "",
      "response_date": "",
      "review": "Really impressed.",
      "review_date": [
        "April",
        "8",
        " 2018"
      ]
    },
    {
      "REQ_subtype": "",
      "REQ_type": "",
      "_id": 131,
      "author_id": "not defined",
      "author_name": "Chu Hoang Anh",
      "helpful": "0",
      "polarity": "",
      "rate": 5,
      "response": "",
      "response_date": "",
      "review": "I'm happy",
      "review_date": [
        "July",
        "4",
        " 2018"
      ]
    },
    {
      "REQ_subtype": "",
      "REQ_type": "",
      "_id": 132,
      "author_id": "not defined",
      "author_name": "Anne & Tony Croft",
      "helpful": "0",
      "polarity": "",
      "rate": 5,
      "response": "",
      "response_date": "",
      "review": "Simply brilliant...",
      "review_date": [
        "May",
        "13",
        " 2018"
      ]
    },
    {
      "REQ_subtype": "",
      "REQ_type": "",
      "_id": 133,
      "author_id": "not defined",
      "author_name": "A Google user",
      "helpful": "0",
      "polarity": "",
      "rate": 5,
      "response": "",
      "response_date": "",
      "review": "really good \ud83d\udc4c\ud83d\udc4c",
      "review_date": [
        "May",
        "11",
        " 2018"
      ]
    },
    {
      "REQ_subtype": "",
      "REQ_type": "",
      "_id": 134,
      "author_id": "not defined",
      "author_name": "what of products",
      "helpful": "0",
      "polarity": "",
      "rate": 5,
      "response": "",
      "response_date": "",
      "review": "\ud83d\udc4f\ud83d\udc4f",
      "review_date": [
        "April",
        "30",
        " 2018"
      ]
    },
    {
      "REQ_subtype": "",
      "REQ_type": "",
      "_id": 135,
      "author_id": "not defined",
      "author_name": "A Google user",
      "helpful": "0",
      "polarity": "",
      "rate": 5,
      "response": "",
      "response_date": "",
      "review": "Beautiful App",
      "review_date": [
        "March",
        "30",
        " 2018"
      ]
    },
    {
      "REQ_subtype": "",
      "REQ_type": "",
      "_id": 136,
      "author_id": "not defined",
      "author_name": "Rex Whitten",
      "helpful": "0",
      "polarity": "",
      "rate": 5,
      "response": "",
      "response_date": "",
      "review": "Simple and flexible",
      "review_date": [
        "April",
        "2",
        " 2018"
      ]
    },
    {
      "REQ_subtype": "",
      "REQ_type": "",
      "_id": 137,
      "author_id": "not defined",
      "author_name": "Sergey Vititnev",
      "helpful": "0",
      "polarity": "",
      "rate": 5,
      "response": "",
      "response_date": "",
      "review": "So good",
      "review_date": [
        "April",
        "24",
        " 2018"
      ]
    },
    {
      "REQ_subtype": "",
      "REQ_type": "",
      "_id": 138,
      "author_id": "not defined",
      "author_name": "A Google user",
      "helpful": "0",
      "polarity": "",
      "rate": 4,
      "response": "",
      "response_date": "",
      "review": "Good ap",
      "review_date": [
        "April",
        "30",
        " 2018"
      ]
    },
    {
      "REQ_subtype": "",
      "REQ_type": "",
      "_id": 139,
      "author_id": "not defined",
      "author_name": "Thin Chiong Ng",
      "helpful": "0",
      "polarity": "",
      "rate": 5,
      "response": "",
      "response_date": "",
      "review": "The best",
      "review_date": [
        "May",
        "14",
        " 2018"
      ]
    },
    {
      "REQ_subtype": "",
      "REQ_type": "",
      "_id": 140,
      "author_id": "not defined",
      "author_name": "A Thomson",
      "helpful": "0",
      "polarity": "",
      "rate": 5,
      "response": "",
      "response_date": "",
      "review": "Great app",
      "review_date": [
        "May",
        "12",
        " 2018"
      ]
    },
    {
      "REQ_subtype": "",
      "REQ_type": "",
      "_id": 141,
      "author_id": "not defined",
      "author_name": "Michael Ball",
      "helpful": "0",
      "polarity": "",
      "rate": 5,
      "response": "",
      "response_date": "",
      "review": "Great app",
      "review_date": [
        "June",
        "11",
        " 2018"
      ]
    },
    {
      "REQ_subtype": "",
      "REQ_type": "",
      "_id": 142,
      "author_id": "not defined",
      "author_name": "Nirupam Joshi",
      "helpful": "0",
      "polarity": "",
      "rate": 5,
      "response": "",
      "response_date": "",
      "review": "Excellent",
      "review_date": [
        "July",
        "5",
        " 2018"
      ]
    },
    {
      "REQ_subtype": "",
      "REQ_type": "",
      "_id": 143,
      "author_id": "not defined",
      "author_name": "Jack Gaines",
      "helpful": "0",
      "polarity": "",
      "rate": 5,
      "response": "",
      "response_date": "",
      "review": "Cool",
      "review_date": [
        "July",
        "7",
        " 2018"
      ]
    },
    {
      "REQ_subtype": "",
      "REQ_type": "",
      "_id": 144,
      "author_id": "not defined",
      "author_name": "Veeraragavan N",
      "helpful": "0",
      "polarity": "",
      "rate": 5,
      "response": "Thank you!",
      "response_date": [
        "June",
        "19",
        " 2017"
      ],
      "review": "SimpleMind has been one of a kind app +Too good & too useful a tool with too many uses & funtions to list here. +If you understand mindmapping & how it can be used in practically every aspect of your life then this is the GOTO tool that you cannot & should not live without. +Especially @ this price it feels like stealing. +This may soon become a task/project-management tool as well. -No negatives. Really! Deserves 6 stars on 5. Requests:  *More cloud storage options please. *",
      "review_date": [
        "December",
        "16",
        " 2017"
      ]
    },
    {
      "REQ_subtype": "",
      "REQ_type": "",
      "_id": 145,
      "author_id": "not defined",
      "author_name": "Viktor Binzberger",
      "helpful": "6",
      "polarity": "",
      "rate": 5,
      "response": "",
      "response_date": "",
      "review": "Very convenient and easy to use. My only gripe is that there is only limited control over the font size within a text box (i want to make some characters larger, and that is not possible)",
      "review_date": [
        "December",
        "24",
        " 2017"
      ]
    },
    {
      "REQ_subtype": "",
      "REQ_type": "",
      "_id": 146,
      "author_id": "not defined",
      "author_name": "Padilla Santos",
      "helpful": "4",
      "polarity": "",
      "rate": 5,
      "response": "",
      "response_date": "",
      "review": "Very easy to use. As easy as the free version but way more powerfull. I've been using brainstorming and mindstorming for decades ans have used a variety of tools. This one is definitely worth its price. It pays for itself the first time you seriously use it.",
      "review_date": [
        "December",
        "15",
        " 2017"
      ]
    },
    {
      "REQ_subtype": "",
      "REQ_type": "",
      "_id": 147,
      "author_id": "not defined",
      "author_name": "James Williams",
      "helpful": "1",
      "polarity": "",
      "rate": 5,
      "response": "",
      "response_date": "",
      "review": "I used this to plot and organize my ideas and create a flow for a 1 hour video.  With all of the options built in,  it is easy to manage the work flow and not miss any details. I have used it for several other projects since and it has not disappointed me.  One year later after writing the review above, I am very happy to say that it is the best mind mapper hands down! I am seriously considering purchasing a license for my computer. The software has been of immense value for personal projects, and I started using it for work as well!  The only limit to how one can use it is largely up to the individual.... Need to outline for a paper? Need to map a home network? Need ideas for a photography shoot? YOUR imagination is the only limit! SimpleMind will do the rest and allows you to visually map the details!  Thanks!",
      "review_date": [
        "January",
        "13",
        " 2018"
      ]
    },
    {
      "REQ_subtype": "",
      "REQ_type": "",
      "_id": 148,
      "author_id": "not defined",
      "author_name": "Patrick Vance",
      "helpful": "1",
      "polarity": "",
      "rate": 5,
      "response": "",
      "response_date": "",
      "review": "Amazing app to assist with planning and organization. Makes sharing ideas very intuitive and easy, and is a crucial productivity tool for me! Worth every penny :)",
      "review_date": [
        "December",
        "17",
        " 2017"
      ]
    },
    {
      "REQ_subtype": "",
      "REQ_type": "",
      "_id": 149,
      "author_id": "not defined",
      "author_name": "Puzzle Mania",
      "helpful": "0",
      "polarity": "",
      "rate": 5,
      "response": "",
      "response_date": "",
      "review": "Superb.. No other word.. Only one thing.. Embedded image quality isn't that good.. Otherwise.. An awesome utility.",
      "review_date": [
        "January",
        "19",
        " 2018"
      ]
    },
    {
      "REQ_subtype": "",
      "REQ_type": "",
      "_id": 150,
      "author_id": "not defined",
      "author_name": "Raju Bakthavatsalu",
      "helpful": "0",
      "polarity": "",
      "rate": 4,
      "response": "",
      "response_date": "",
      "review": "Tried few other apps and finally this one fit perfect for my needs. A simple tool to capture your mind thoughts and to work on it. The user friendliness and the features are good enough to work with.",
      "review_date": [
        "January",
        "6",
        " 2018"
      ]
    },
    {
      "REQ_subtype": "",
      "REQ_type": "",
      "_id": 151,
      "author_id": "not defined",
      "author_name": "Jesus Ruiz",
      "helpful": "1",
      "polarity": "",
      "rate": 5,
      "response": "",
      "response_date": "",
      "review": "I can't believe how easy is using the app. Immediatly I turned from the free to the pro version.",
      "review_date": [
        "December",
        "18",
        " 2017"
      ]
    },
    {
      "REQ_subtype": "",
      "REQ_type": "",
      "_id": 152,
      "author_id": "not defined",
      "author_name": "Manfred Schlager",
      "helpful": "0",
      "polarity": "",
      "rate": 5,
      "response": "",
      "response_date": "",
      "review": "Just two things in my wishlist to make it the killer mind manager: Native Linux support and transparent, single account, device integration.",
      "review_date": [
        "January",
        "16",
        " 2018"
      ]
    },
    {
      "REQ_subtype": "",
      "REQ_type": "",
      "_id": 153,
      "author_id": "not defined",
      "author_name": "Nati Stander",
      "helpful": "0",
      "polarity": "",
      "rate": 5,
      "response": "",
      "response_date": "",
      "review": "I use this app extensively and I'm very pleased with it. I also bought the Windows version for my desktop, and it synchronizes seamlessly. Please keep up the good work!",
      "review_date": [
        "December",
        "29",
        " 2017"
      ]
    },
    {
      "REQ_subtype": "",
      "REQ_type": "",
      "_id": 154,
      "author_id": "not defined",
      "author_name": "Segundo Romero",
      "helpful": "0",
      "polarity": "",
      "rate": 5,
      "response": "",
      "response_date": "",
      "review": "When I look back at the files I have created over the years with this app, I find out that it is the most useful software I have in my computer.",
      "review_date": [
        "December",
        "24",
        " 2017"
      ]
    },
    {
      "REQ_subtype": "",
      "REQ_type": "",
      "_id": 155,
      "author_id": "not defined",
      "author_name": "Ahmed Mufarji",
      "helpful": "2",
      "polarity": "",
      "rate": 5,
      "response": "",
      "response_date": "",
      "review": "Easy and simple. If you love mind mapping you will love this app !",
      "review_date": [
        "December",
        "16",
        " 2017"
      ]
    },
    {
      "REQ_subtype": "",
      "REQ_type": "",
      "_id": 156,
      "author_id": "not defined",
      "author_name": "Hue Wright",
      "helpful": "0",
      "polarity": "",
      "rate": 5,
      "response": "",
      "response_date": "",
      "review": "Intuitive useful tool which suits my way of thinking. Also great regular updates with obvious improvements.",
      "review_date": [
        "February",
        "8",
        " 2018"
      ]
    },
    {
      "REQ_subtype": "",
      "REQ_type": "",
      "_id": 157,
      "author_id": "not defined",
      "author_name": "Shan Shah",
      "helpful": "0",
      "polarity": "",
      "rate": 5,
      "response": "",
      "response_date": "",
      "review": "As programmer, it's very helpful for me to make logics, software structure and concepts. Brilliant app ever, keep going.  Highly  Recommended.",
      "review_date": [
        "December",
        "24",
        " 2017"
      ]
    },
    {
      "REQ_subtype": "",
      "REQ_type": "",
      "_id": 158,
      "author_id": "not defined",
      "author_name": "Yohay Eldor",
      "helpful": "0",
      "polarity": "",
      "rate": 5,
      "response": "",
      "response_date": "",
      "review": "\u05dc\u05d0 \u05d4\u05db\u05d9 \u05d0\u05d9\u05e0\u05d8\u05d5\u05d0\u05d9\u05d8\u05d9\u05d1\u05d9\u05ea \u05dc\u05ea\u05e4\u05e2\u05d5\u05dc, \u05d0\u05d1\u05dc \u05de\u05d0\u05d3 \u05e2\u05d5\u05d6\u05e8\u05ea \u05dc\u05d0\u05e8\u05d2\u05df \u05d0\u05ea \u05d4\u05de\u05d7\u05e9\u05d1\u05d5\u05ea \u05d5\u05d4\u05de\u05e9\u05d9\u05de\u05d5\u05ea \u05d1\u05e6\u05d5\u05e8\u05d4 \u05d9\u05e2\u05d9\u05dc\u05d4 \u05d1\u05d9\u05d5\u05ea\u05e8.",
      "review_date": [
        "January",
        "11",
        " 2018"
      ]
    },
    {
      "REQ_subtype": "",
      "REQ_type": "",
      "_id": 159,
      "author_id": "not defined",
      "author_name": "Jahanzeb Kamal",
      "helpful": "0",
      "polarity": "",
      "rate": 4,
      "response": "",
      "response_date": "",
      "review": "Please add feature of cut, copy & paste. So we can paste map to different canvases for effective colloboration of ideas.",
      "review_date": [
        "December",
        "28",
        " 2017"
      ]
    }
  ],
  "size": "3.0",
  "url": "https://play.google.com/store/apps/details?id=com.modelmakertools.simplemindpro",
  "version": "1.20.0"
}