{
  "categories": [
    "Productivity"
  ],
  "description": "With over 30 million downloads Jorte is one of the most popular calendar&organizer applications.Enjoy this highly customizable app, you cannot find an application which has as many features as Jorte.Recommended by many sites and newspapers as one of the Best Calendar apps.App Annie Top 10 app with most Monthly Active Users for 2016 in Japan!Yahoo Tech \"Jorte aspires to be more than just a calendar. It wants to the be the main organization app in your life, and the diary with which you catalog your day-to-day experiences.\"The Next Web: \"Seriously, if you\u2019re into customizing the look of your calendar, colors, backgrounds, themese or the size of your widgets, then take a look at Jorte.\"MakeUseOf: \"Jorte goes beyond what other calendar apps are capable of.\"Lifehacker: \"the ability to show your tasks list under your calendar, and show your day's agenda under the month view when you click on it. It's a really nice way to see everything at once.\"NYTimes Tech column suggests Jorte as an alternative to Google Calendar.App Judgement: Robust Calendar, Events and Task Manager. Totally customizable to suit your needs.For personal use or for business Jorte will assist you to manage your daily schedule completely.Features:Jorte now Syncs with Microsoft Office 365\u00ae - Jorte Premium members can sync their Office 365 Calendar to Jorte.Jorte now Syncs with Evernote - Show notes on the calendar viewo Side Menu - Inside the Side Menu you can decide what to show like Today's Events, diary, tasks.o Love typography? Choose your preferred font, even use your own fonts! Supports compatibility with most otf and ttf fonts.o Countdown Feature - See how many days are left for an event on the calendar.o Jorte Diary feature. We have also added a function to include photos in events.o Jorte Cloud: multi-device syncing and backup.o Display Lunar Calendar - Great for Chinese users & users from other Asian countries.o Various widgets are available to set on your Home Screen.o Monthly, Daily, and Weekly views are available.o See completed appointments or choose to hide them.o Adjust the first day of the week.o It can sync with Google Calendar and Jorte Cloud on the PC.- sync your events in Yahoo! Calendar, Microsoft\u00ae Exchange ActiveSync, & more by using  Jorte Sync (Free). Jorte Premium members now have access to a buffet of Icons and Themes!- Please check here for the latest information:- http://facebook.com/jorte.net= Event Calendars =With this feature, you can add many calendars containing events related to your interests like the weather forecast, news, sports, comics, food & recipes, video game news, movie reviews & TV news, and much more.o Weather Forecast (Conveniently view the weather from locations all over the globe) / News / Sports/Food&Recipes.- There are many more event calendars available.- Location data may be used for providing you more relevant ads.= Jorte Cloud (Free) =Sync Jorte Calendar entries and Tasks to Jorte Cloud. You can access Jorte Cloud from home, office, and anywhere else from a PC, smartphone or tablet with internet access. It even works as a backup of your schedules and task lists.Sign-up to get a free Jorte Cloud Account and start taking advantage of the cloud experience! https://jorte.net/certify/account/create/?applicationCode=jorte-cloud= Jorte Store =You can purchase icons & Themes to use in Jorte Calendar. Download contents and start customizing your calendar!- There are many more Icons & Themes available from the Jorte Store.Terms: http://www.jorte.com/en/kiyaku.phpPrivacy Policy: http://www.jorte.com/en/privacy.php",
  "inc": "Jorte Inc.",
  "intalled_count": "10,000,000",
  "last_update": [
    "July",
    "3",
    " 2018"
  ],
  "name": "Jorte Calendar & Organizer",
  "offered_by": "Google Commerce Ltd",
  "permissions": {
    "Identity": [
      "find accounts on the device",
      "add or remove accounts"
    ],
    "Calendar": [
      "read calendar events plus confidential information",
      "add or modify calendar events and send email to guests without owners' knowledge"
    ],
    "Contacts": [
      "find accounts on the device"
    ],
    "Location": [
      "approximate location (network-based)",
      "precise location (GPS and network-based)"
    ],
    "Phone": [
      "read phone status and identity"
    ],
    "Photos/Media/Files": [
      "read the contents of your USB storage",
      "modify or delete the contents of your USB storage"
    ],
    "Storage": [
      "read the contents of your USB storage",
      "modify or delete the contents of your USB storage"
    ],
    "Camera": [
      "take pictures and videos"
    ],
    "Wi-Fi connection information": [
      "view Wi-Fi connections"
    ],
    "Device ID & call information": [
      "read phone status and identity"
    ],
    "Other": [
      "receive data from Internet",
      "view configured accounts",
      "view network connections",
      "pair with Bluetooth devices",
      "access Bluetooth settings",
      "connect and disconnect from Wi-Fi",
      "full network access",
      "run at startup",
      "use accounts on the device",
      "control vibration",
      "prevent device from sleeping"
    ]
  },
  "price": "",
  "rate": [
    [
      "197,786",
      "4.3"
    ],
    [
      "115,076",
      "5"
    ],
    [
      "49,652",
      "4"
    ],
    [
      "16,292",
      "3"
    ],
    [
      "6,834",
      "2"
    ],
    [
      "9,932",
      "1"
    ]
  ],
  "required_android": "Varies with",
  "reviews": [
    {
      "REQ_subtype": "",
      "REQ_type": "",
      "_id": 0,
      "author_id": "not defined",
      "author_name": "michelle calder",
      "helpful": "0",
      "polarity": "",
      "rate": 3,
      "response": "",
      "response_date": "",
      "review": "Very comprehensive calendar with great features. It is missing fortnight \nrepetitive events. Would much rather pay a once off fee for app not \ncomfortable subscription services uninstalled as need fortnight options",
      "review_date": [
        "July",
        "13",
        " 2018"
      ]
    },
    {
      "REQ_subtype": "",
      "REQ_type": "",
      "_id": 1,
      "author_id": "not defined",
      "author_name": "Paul French",
      "helpful": "1",
      "polarity": "",
      "rate": 3,
      "response": "",
      "response_date": "",
      "review": "Still shows events one hour later than created but shows right time after \ncorrection in another calendar app. Serious flaw",
      "review_date": [
        "July",
        "6",
        " 2018"
      ]
    },
    {
      "REQ_subtype": "",
      "REQ_type": "",
      "_id": 2,
      "author_id": "not defined",
      "author_name": "A Google user",
      "helpful": "0",
      "polarity": "",
      "rate": 2,
      "response": "Thank you for the feedback. The questions, for Do you want to back up, and do you want to Add national holidays, only appear after app update, and only if you are not currently syncing with Jorte Cloud or Google Calendar, or have not added a National Holiday. Both are asked to remind you that the option is available.",
      "response_date": [
        "July",
        "6",
        " 2018"
      ],
      "review": "Using it for years and it became so much annoing. I have Jorte widget on \nhome screen and open app only to add new events. Opening it means i have to \ndismiss lots of unrelated things: \"do you want to back up?\" - nope, sync is \na thing for ages, \"do you want add national holidays?\" - hell no, not \nhappening, then wait for ads sidebar, close it, and at that point i don't \nremember anymore what was my event",
      "review_date": [
        "July",
        "5",
        " 2018"
      ]
    },
    {
      "REQ_subtype": "",
      "REQ_type": "",
      "_id": 3,
      "author_id": "not defined",
      "author_name": "kolawole adamson",
      "helpful": "0",
      "polarity": "",
      "rate": 2,
      "response": "Hi Kolawole, Thank you for the report. Please E-mail our support team with your Jorte account and registered mail address so that we can look into this issue for you: support@jorte.com Thanks",
      "response_date": [
        "July",
        "15",
        " 2016"
      ],
      "review": "My notification doesn't work on my phone Itel P31 version 7. Great app. Pls \nfix.",
      "review_date": [
        "July",
        "10",
        " 2018"
      ]
    },
    {
      "REQ_subtype": "",
      "REQ_type": "",
      "_id": 4,
      "author_id": "not defined",
      "author_name": "Smitha Shibu",
      "helpful": "0",
      "polarity": "",
      "rate": 5,
      "response": "Hi Smitha, Thank you for the report. Please mail us: support@jorte.com with more details. When does the app crash? If you can send a crashlog to us that would be helpful, if not describe what you're tapping on/viewing in the app when you see a crash? Thanks",
      "response_date": [
        "November",
        "15",
        " 2017"
      ],
      "review": "A superb application. Excellent.",
      "review_date": [
        "July",
        "3",
        " 2018"
      ]
    },
    {
      "REQ_subtype": "",
      "REQ_type": "",
      "_id": 5,
      "author_id": "not defined",
      "author_name": "Holly Snyder",
      "helpful": "1",
      "polarity": "",
      "rate": 3,
      "response": "",
      "response_date": "",
      "review": "Had this for YEARS anf nu only issue arose a few months ago with one of the \nupdates. There is no option to set an event reminder anymore, unless it \nmoved where I can't locate it. And in looking for a way to contact someone \nabout this, I also couldn't find any other way than a review. I'll happy 5 \nstar this app after a solution to the reminder set up.",
      "review_date": [
        "June",
        "25",
        " 2018"
      ]
    },
    {
      "REQ_subtype": "",
      "REQ_type": "",
      "_id": 6,
      "author_id": "not defined",
      "author_name": "A Google user",
      "helpful": "3",
      "polarity": "",
      "rate": 5,
      "response": "",
      "response_date": "",
      "review": "Favorite calendar, and it's free. But u can purchase emojis, which are of great help, for a minimal one-time price. Been using this for years. My life is on it! Keeps me organized. Great sync. Holidays aren't correct tho.",
      "review_date": [
        "June",
        "29",
        " 2018"
      ]
    },
    {
      "REQ_subtype": "",
      "REQ_type": "",
      "_id": 7,
      "author_id": "not defined",
      "author_name": "simplyInvent",
      "helpful": "1",
      "polarity": "",
      "rate": 1,
      "response": "Hi simplyInvent, Thank you for trying Jorte, we're sorry to hear it didn't match to your expectations. If you have more specific constructive feedback about Jorte please let us know.",
      "response_date": [
        "July",
        "2",
        " 2018"
      ],
      "review": "Hate it. Sorry for being ride but it's the MOST disgusting time management \nand productivity app I've seen till now. Hated it. Really complicated and \nconfusing plus POORUI and NO LATEST MATERIAL DESIGN",
      "review_date": [
        "June",
        "27",
        " 2018"
      ]
    },
    {
      "REQ_subtype": "",
      "REQ_type": "",
      "_id": 8,
      "author_id": "not defined",
      "author_name": "Natasha Ruslan",
      "helpful": "0",
      "polarity": "",
      "rate": 1,
      "response": "Hi Natasha, Thanks for the feedback. You may want to give our other app, Agenda, a try. With it you can view your Calendar in Timeline, Up/Down scrolling  view.\nAlso to clarify there's support for the Default Calendar in Jorte Calendar, view calendars from the Default Calendar app: Tap Calendar icon, Scroll down & Tap Add Other Services, Tap Google",
      "response_date": [
        "July",
        "4",
        " 2018"
      ],
      "review": "How does this still exist in 2018? Terrible UI from the 90s, everything is \nstuffed with ads, no support for the default calendar, amazingly terrible.",
      "review_date": [
        "July",
        "2",
        " 2018"
      ]
    },
    {
      "REQ_subtype": "",
      "REQ_type": "",
      "_id": 9,
      "author_id": "not defined",
      "author_name": "A Google user",
      "helpful": "1",
      "polarity": "",
      "rate": 3,
      "response": "Thank you for the feedback. Jorte is free to download & use, for an overview of the Features included in the optional subscriptions please check our webpage: \nhttp://www.jorte.com/premium/ If you have other feedback please do let us know. Thanks",
      "response_date": [
        "June",
        "25",
        " 2018"
      ],
      "review": "This started out looking fabulous. It did almost everything and I could \nmake it look the way I wanted. Then I got to the bad part, the price. I \ndon't mind paying a premium price for an application but I never rent them. \nIt's far too easy for the Dev to vanish and the App stops working and then \nall my time has been wasted and my data gone. This looks like a great App, \njust not for me.",
      "review_date": [
        "July",
        "5",
        " 2018"
      ]
    },
    {
      "REQ_subtype": "",
      "REQ_type": "",
      "_id": 10,
      "author_id": "not defined",
      "author_name": "Andrea Tuyn",
      "helpful": "0",
      "polarity": "",
      "rate": 3,
      "response": "",
      "response_date": "",
      "review": "The new update changed the widget sizes and font is too small. Please \nchange them back!!!!! Even the resize is not the same size as old version. \nBoooooooooooo",
      "review_date": [
        "June",
        "22",
        " 2018"
      ]
    },
    {
      "REQ_subtype": "",
      "REQ_type": "",
      "_id": 11,
      "author_id": "not defined",
      "author_name": "Angie Diaz",
      "helpful": "1",
      "polarity": "",
      "rate": 4,
      "response": "",
      "response_date": "",
      "review": "I have been using the calendar for a little over a yr. I like very much",
      "review_date": [
        "June",
        "21",
        " 2018"
      ]
    },
    {
      "REQ_subtype": "",
      "REQ_type": "",
      "_id": 12,
      "author_id": "not defined",
      "author_name": "Nicole",
      "helpful": "0",
      "polarity": "",
      "rate": 5,
      "response": "",
      "response_date": "",
      "review": "Amazing I've been using it for years since 2014",
      "review_date": [
        "June",
        "23",
        " 2018"
      ]
    },
    {
      "REQ_subtype": "",
      "REQ_type": "",
      "_id": 13,
      "author_id": "not defined",
      "author_name": "esse roberts",
      "helpful": "9",
      "polarity": "",
      "rate": 5,
      "response": "",
      "response_date": "",
      "review": "Love love love this calender, I can customize everything, the lines, \nnumbers, font, back/ and front colors. Oh la la! It easily lets me add \nevent, or even just a tiny task for the day. And I can COLOR the font\ud83c\udff5\ufe0f in \nMany colors. You can even add a emoji instead, link a picture, or you could \nbuy a new skin, if you wanna spice it up. Oh did I also tell you about you \ncan add holidays according to your region. Like wahh! As a college student, \nthis has helped me in my spure of the moment events, meetings, and don't \nforgets. You can you add a pop up, to let you know a event is coming up, \nyeah you heard me right, it has a reminder! Just just - let me hug this \napp, for helping me finally find a calendar I can really stick with using!",
      "review_date": [
        "May",
        "29",
        " 2018"
      ]
    },
    {
      "REQ_subtype": "",
      "REQ_type": "",
      "_id": 14,
      "author_id": "not defined",
      "author_name": "A Google user",
      "helpful": "4",
      "polarity": "",
      "rate": 3,
      "response": "Sorry to hear you're having trouble with syncing Google Tasks. Please mail us with more details on what you're seeing: support@jorte.com Thanks!",
      "response_date": [
        "June",
        "19",
        " 2018"
      ],
      "review": "It was one of the best & used to recommend our clients but it suddenly \nstopped synchronising so i was forced to update it :( Despite allowing \nmultiple Google app permissions for content access & re checking various \nconfig & ac settings, It now only syncs one way Google tasks - frm Web to \napp only. It simply loses changes & deletes newly created task on app when \nit syncs back to Web. Tasks list on widget randomly blanks out but restores \nafter relaunching app. (hence the reason I don't update apart frm features \nmoved to paid version, though don't mind paying one off or reasonable \nsubscription but not unfair steep monthly sub)",
      "review_date": [
        "June",
        "18",
        " 2018"
      ]
    },
    {
      "REQ_subtype": "",
      "REQ_type": "",
      "_id": 15,
      "author_id": "not defined",
      "author_name": "SeaJay Oceans",
      "helpful": "0",
      "polarity": "",
      "rate": 1,
      "response": "Hi SeaJay, Thank you for the review. Jorte collects information for analytics, research, & improving advertising purposes. This anonymized Information is collected & analyzed in aggregate not on an individual basis. If you have concerns or questions please mail us: support@jorte.com",
      "response_date": [
        "June",
        "19",
        " 2018"
      ],
      "review": "Takes Your LOCATION information, which explicitly identifies you by where \nyou live. The new terms more explicitly states all your information that \nwill be taken by Jorte and sold to unknown parties. Do not sell my info to \nstrangers. NO calendar needs full permissions and unlimited access to all \nthe phone's private information.",
      "review_date": [
        "June",
        "18",
        " 2018"
      ]
    },
    {
      "REQ_subtype": "",
      "REQ_type": "",
      "_id": 16,
      "author_id": "not defined",
      "author_name": "A Google user",
      "helpful": "3",
      "polarity": "",
      "rate": 1,
      "response": "Thank you for giving Jorte a try we're sorry to hear it didn't match your expectations. You may want to give our other app, Agenda, a try it presents your calendar in a Timeline up/down scrolling UI.",
      "response_date": [
        "May",
        "30",
        " 2018"
      ],
      "review": "Not at all intuitive in function. Sync is not reliable. Multiple aspects of \npoor design e.g. location of buttons changes according to the length of the \nname of the month, making rapid click through between months impossible.",
      "review_date": [
        "May",
        "29",
        " 2018"
      ]
    },
    {
      "REQ_subtype": "",
      "REQ_type": "",
      "_id": 17,
      "author_id": "not defined",
      "author_name": "A Google user",
      "helpful": "4",
      "polarity": "",
      "rate": 2,
      "response": "",
      "response_date": "",
      "review": "It was very good. But now it can No longer synchronized with Google Tasks. \nIf it cannot be fixed soon, I will look for alternatives",
      "review_date": [
        "June",
        "15",
        " 2018"
      ]
    },
    {
      "REQ_subtype": "",
      "REQ_type": "",
      "_id": 18,
      "author_id": "not defined",
      "author_name": "A Google user",
      "helpful": "0",
      "polarity": "",
      "rate": 5,
      "response": "",
      "response_date": "",
      "review": "Used to be great, but recent updates seem to have interfered with syncing \nand the widget is totally broken. Never updates and keeps vanishing from \nhome screen. Please fix, don't want to have to go elsewhere.",
      "review_date": [
        "June",
        "12",
        " 2018"
      ]
    },
    {
      "REQ_subtype": "",
      "REQ_type": "",
      "_id": 19,
      "author_id": "not defined",
      "author_name": "ashwin kamdar",
      "helpful": "2",
      "polarity": "",
      "rate": 3,
      "response": "",
      "response_date": "",
      "review": "Bug issues. Sometimes unable to open app through widget. Widget is not \nresizeable",
      "review_date": [
        "June",
        "22",
        " 2018"
      ]
    },
    {
      "REQ_subtype": "",
      "REQ_type": "",
      "_id": 20,
      "author_id": "not defined",
      "author_name": "A Google user",
      "helpful": "0",
      "polarity": "",
      "rate": 5,
      "response": "",
      "response_date": "",
      "review": "For me it's still the best - use it all the time and the dark theme and \ncustomisation suits my vision problems - used for many years and never been \ndisappointed",
      "review_date": [
        "May",
        "27",
        " 2018"
      ]
    },
    {
      "REQ_subtype": "",
      "REQ_type": "",
      "_id": 21,
      "author_id": "not defined",
      "author_name": "J Diamante",
      "helpful": "0",
      "polarity": "",
      "rate": 5,
      "response": "",
      "response_date": "",
      "review": "i.ve just installed it and im loving it already. the designs, the \nsimplicity. everything. it even has a widget! i could not ask for more. \nthanks!",
      "review_date": [
        "June",
        "19",
        " 2018"
      ]
    },
    {
      "REQ_subtype": "",
      "REQ_type": "",
      "_id": 22,
      "author_id": "not defined",
      "author_name": "Joy Lee",
      "helpful": "0",
      "polarity": "",
      "rate": 5,
      "response": "",
      "response_date": "",
      "review": "I have been using this app for a few years now and it has worked \nbeautifully for my needs. Love it!!",
      "review_date": [
        "June",
        "15",
        " 2018"
      ]
    },
    {
      "REQ_subtype": "",
      "REQ_type": "",
      "_id": 23,
      "author_id": "not defined",
      "author_name": "Mike PJ",
      "helpful": "2",
      "polarity": "",
      "rate": 4,
      "response": "",
      "response_date": "",
      "review": "Hope you can add s pen function",
      "review_date": [
        "May",
        "27",
        " 2018"
      ]
    },
    {
      "REQ_subtype": "",
      "REQ_type": "",
      "_id": 24,
      "author_id": "not defined",
      "author_name": "keith a thomas",
      "helpful": "0",
      "polarity": "",
      "rate": 2,
      "response": "Hi Keith, Sorry to hear you're having some trouble with your appointments, please mail us: support@jorte.com with more details on this issue so that we can look into it and help. And if this reply is helpful please update your review.",
      "response_date": [
        "June",
        "13",
        " 2018"
      ],
      "review": "Some appointments keep disappearing",
      "review_date": [
        "June",
        "10",
        " 2018"
      ]
    },
    {
      "REQ_subtype": "",
      "REQ_type": "",
      "_id": 25,
      "author_id": "not defined",
      "author_name": "Zimon egerreggeg",
      "helpful": "0",
      "polarity": "",
      "rate": 3,
      "response": "",
      "response_date": "",
      "review": "You can't show dates like Father's Day",
      "review_date": [
        "June",
        "18",
        " 2018"
      ]
    },
    {
      "REQ_subtype": "",
      "REQ_type": "",
      "_id": 26,
      "author_id": "not defined",
      "author_name": "Jonathan Tiernan",
      "helpful": "0",
      "polarity": "",
      "rate": 5,
      "response": "",
      "response_date": "",
      "review": "Best app ever",
      "review_date": [
        "May",
        "27",
        " 2018"
      ]
    },
    {
      "REQ_subtype": "",
      "REQ_type": "",
      "_id": 27,
      "author_id": "not defined",
      "author_name": "Geoff Anthony",
      "helpful": "2",
      "polarity": "",
      "rate": 5,
      "response": "Hi Geoff, Thank you for the feedback we're sorry to hear you're having some difficulty. Can you please mail us: support@jorte.com with more details of what you're seeing and where you ran into a problem. Thanks",
      "response_date": [
        "May",
        "23",
        " 2018"
      ],
      "review": "It's worked well until now.I couldn't get rid of a page of Terms of \nService, until I realised that you first have to select the tick box on the \nleft. So now Jorte is back on five stars. Hope no one else has made the \nsame mistake. Geoff.",
      "review_date": [
        "May",
        "24",
        " 2018"
      ]
    },
    {
      "REQ_subtype": "",
      "REQ_type": "",
      "_id": 28,
      "author_id": "not defined",
      "author_name": "Nadia Musica",
      "helpful": "0",
      "polarity": "",
      "rate": 3,
      "response": "Hi Nadia, Thanks for the review. Jorte does have a diary feature! You can access your Diary and Add diary entries and even Photos in it by: Open Jorte, Tap Display & Select Diary to view your diary entries.\nOr at any time, tap the + icon and Select Diary to add a new Diary entry. If this reply was helpful please update your review to let us know.",
      "response_date": [
        "January",
        "2",
        " 2018"
      ],
      "review": "I really like it however you should figure out a way to set daily tasks and \nto do and mark them as completed.",
      "review_date": [
        "May",
        "24",
        " 2018"
      ]
    },
    {
      "REQ_subtype": "",
      "REQ_type": "",
      "_id": 29,
      "author_id": "not defined",
      "author_name": "Alphonse Frisby",
      "helpful": "3",
      "polarity": "",
      "rate": 4,
      "response": "Hi Alphonse, Thanks for the feedback. Viewing the National Holidays is one of the most common features our users use, which is why it asks you to select a country to add National Holidays for. You can select your country, then Tap Calendar icon in the toolbar & Uncheck the National Holidays so they don't show on your calendar if you wish to hide it",
      "response_date": [
        "May",
        "24",
        " 2018"
      ],
      "review": "How effing annoying that after every update it asks if I want to set the \nholidays!! ... and the updates are becoming more and more frequent!! There \nshould be a \"marker\" or something that sticks in the settings when one \nchooses not to display holidays.",
      "review_date": [
        "May",
        "18",
        " 2018"
      ]
    },
    {
      "REQ_subtype": "",
      "REQ_type": "",
      "_id": 30,
      "author_id": "not defined",
      "author_name": "Bob Dawkins",
      "helpful": "0",
      "polarity": "",
      "rate": 4,
      "response": "Hi Bob, Thank you for updating your review. We appreciate you not holding it against us that we added another dialog for EU GDPR. You're correct, you don't need to use Google Calendar with Jorte, you can have even more features & flexibility with your events saved in Jorte Calendar mode. Thanks!",
      "response_date": [
        "May",
        "24",
        " 2018"
      ],
      "review": "I hate the eu and it's consistent bullying of all our privacy, our personal \ndetails and yes even our phone application privacy. Ok these eu regulations \nwhich are changing things currently are for all applications to be fair, \nbut I feel everyone should stand together and defy the eu, because we never \nvoted for them, never asked for them, and certainly don't need them to have \nsuch a privilege in the first place. Jorte is still the best calender app \nout there, you can choose not to use Google calender, I just wish the eu \njust died already, because I've experienced nothing but privacy invasion \nand intrusive dictating in everything from our generic laws to even our \nflipping phone app data...",
      "review_date": [
        "May",
        "23",
        " 2018"
      ]
    },
    {
      "REQ_subtype": "",
      "REQ_type": "",
      "_id": 31,
      "author_id": "not defined",
      "author_name": "A Google user",
      "helpful": "10",
      "polarity": "",
      "rate": 4,
      "response": "Thank you for the feedback Jorte Premium adds additional advanced & business features, you are welcome to use Jorte for free if you are happy with the feature set. It is a subscription because Jorte is continuously being updated with feature improvements & bug fixes as new Android releases & phones become available. \"Jorte Plus\" is only $4 per year",
      "response_date": [
        "May",
        "10",
        " 2018"
      ],
      "review": "Almost perfect organizer, unfortunately all the features and security \napparently are locked behind a pay wall called premium. Don't get me wrong \nI would definitely pay a one time fee of $10-$20 for this organizer and \nmaybe pay for new things as added but a monthly subscription fee?? Really?? \nI know infinite monetization sounds nice on paper but this isn't a service, \nit is a single product. Nobody pays a subscription fee for burgers as a \nservice, how is an organizer any different? It's anti-consumer bull \ud83d\udca9 that \nI don't need in my life. Removed one star for lousy recurring premium fee.",
      "review_date": [
        "May",
        "9",
        " 2018"
      ]
    },
    {
      "REQ_subtype": "",
      "REQ_type": "",
      "_id": 32,
      "author_id": "not defined",
      "author_name": "Floris vd Geest",
      "helpful": "0",
      "polarity": "",
      "rate": 4,
      "response": "The largest widget sizes are designed for tablets. The sizes that are listed as available by your phone's home screen are automatically calculated based on your phone size. Usually the the biggest size is 4x5 as recommended by Google design guidelines. If this helps please update your review to let us know. Thank you",
      "response_date": [
        "May",
        "11",
        " 2018"
      ],
      "review": "Great app, works like a charm. But getting the widget to fit fullscreen is \na total disaster. Also, Why does my 6x5 widget not show in widgets, even if \nits enabled in the app? An extra star for you if that gets fixed. Edit: \nThanks for the answer, but my homescreen has a grid of much more then 4x4. \nThat's where the trouble comes from probably, the launchers home grid size..",
      "review_date": [
        "May",
        "2",
        " 2018"
      ]
    },
    {
      "REQ_subtype": "",
      "REQ_type": "",
      "_id": 33,
      "author_id": "not defined",
      "author_name": "Albert Pop",
      "helpful": "1",
      "polarity": "",
      "rate": 5,
      "response": "",
      "response_date": "",
      "review": "In short, I have fallen in love with Jorte. It is versatile, as you can \ncreate widgets customised to your own liking an. It is indeed very \ncustomisable, ranging from the fonts to the background colours and more. \nUsage is straightforward and Jorte provides you with multiple options where \nyou need them. Fantastic!",
      "review_date": [
        "May",
        "4",
        " 2018"
      ]
    },
    {
      "REQ_subtype": "",
      "REQ_type": "",
      "_id": 34,
      "author_id": "not defined",
      "author_name": "Lauren Thomas",
      "helpful": "3",
      "polarity": "",
      "rate": 4,
      "response": "",
      "response_date": "",
      "review": "Very nice app. I wish it could make something occur biweekly, like note pay \ndays. The options for reoccurring things are weekly, monthly, yearly, etc.",
      "review_date": [
        "May",
        "1",
        " 2018"
      ]
    },
    {
      "REQ_subtype": "",
      "REQ_type": "",
      "_id": 35,
      "author_id": "not defined",
      "author_name": "Marison Martinez",
      "helpful": "3",
      "polarity": "",
      "rate": 5,
      "response": "Hi Marison, Thanks for the question, yes you can create a Shared calendar for your Family, and invite your family members to have access to it to update & add plans as they come up. Here are some steps for how to create a Shared calendar: https://support.jorte.net/article/detail.php?id=1436&device=1",
      "response_date": [
        "April",
        "24",
        " 2018"
      ],
      "review": "Always have this app and loved it! but now that i have two kids and our \nfamily schedules are quite messy, i was wondering if this app can do family \nshare?",
      "review_date": [
        "April",
        "23",
        " 2018"
      ]
    },
    {
      "REQ_subtype": "",
      "REQ_type": "",
      "_id": 36,
      "author_id": "not defined",
      "author_name": "Robert Koepke",
      "helpful": "1",
      "polarity": "",
      "rate": 1,
      "response": "Thank you for the feedback. Office 365 support is offered for business users to sync  your work calendars. Free/consumer calendars such as Google Calendar & Yahoo calendar are offered to be synced for free. If you have other questions you can contact us directly: support@jorte.com and if this reply helps clarify please update your review Thanks!",
      "response_date": [
        "May",
        "8",
        " 2018"
      ],
      "review": "Almost bought it - glad I didn't. I'm an Outlook 365 subscriber. The only \nway I can sync is if I pay a recurring subscription fee. Does not allow a \ntrial period to weigh the benefits prior to purchase.",
      "review_date": [
        "May",
        "1",
        " 2018"
      ]
    },
    {
      "REQ_subtype": "",
      "REQ_type": "",
      "_id": 37,
      "author_id": "not defined",
      "author_name": "Gareth Rowell",
      "helpful": "0",
      "polarity": "",
      "rate": 5,
      "response": "",
      "response_date": "",
      "review": "Jorte is the planner app for people who love planners. It has dozens of \nlayouts and can be used either in \"native\" mode or as a front end for \nGoogle, Evernote and several other applications. Note: you need the premium \nversion to take advantage of some of the features and to remove the ads",
      "review_date": [
        "May",
        "17",
        " 2018"
      ]
    },
    {
      "REQ_subtype": "",
      "REQ_type": "",
      "_id": 38,
      "author_id": "not defined",
      "author_name": "A Google user",
      "helpful": "0",
      "polarity": "",
      "rate": 2,
      "response": "Thank you for the feedback. To clarify Exchange ActiveSync & Office 365 sync support have always been available to Jorte Premium members, these services are provided for businesses & enterprises which is the reason why they are paid features, they offered for business users to sync their work calendars. If you have questions please mail us. Thanks",
      "response_date": [
        "May",
        "8",
        " 2018"
      ],
      "review": "I've been using this app since 2012 and apart from a few niggles it was \nvery good. I purchased a few icon packs and was happy with the app. Over \ntime bits have become 'Premium' only, the last straw being able to link to \nExchange calendars being made a 'Premium' feature. *** see UPDATE below *** \nI can't change work using Exchange (over 1,000,000 healthcare staff in the \nUK) so sadly I'll have to find another app that can work with Exchange! I \ncould cope with a reasonable one off price, but monthly, sorry dev that's \ntoo much!! *** UPDATE *** It seems I have an appology to make, Jorte have \ninformed me that the Exchange portion of Jorte has always been a Premium \nproduct. Many thanks for the speedy reply dev. Rating changed from 2* to 3* \nfor the input! So, I guess I was lucky using it for well over a year for \nfree! A nice carrot but it has left a bitter taste. It still won't make me \npay a monthly fee to access my works emails on my personal phone, sorry.",
      "review_date": [
        "May",
        "9",
        " 2018"
      ]
    },
    {
      "REQ_subtype": "",
      "REQ_type": "",
      "_id": 39,
      "author_id": "not defined",
      "author_name": "A J",
      "helpful": "0",
      "polarity": "",
      "rate": 4,
      "response": "",
      "response_date": "",
      "review": "Been a very long time used but for my last two Samsung devices the \nnotifications would cut off the alert while the screen was off. Sorry to \nsee this app go but I need alerts at all times. \ud83d\ude22\u270c\ud83c\udffe",
      "review_date": [
        "April",
        "19",
        " 2018"
      ]
    },
    {
      "REQ_subtype": "",
      "REQ_type": "",
      "_id": 40,
      "author_id": "not defined",
      "author_name": "Calen Oon",
      "helpful": "2",
      "polarity": "",
      "rate": 3,
      "response": "Thank you for the feedback. Please mail us, this sounds like there's a setting on  your phone regarding vibration notifcations that we can try to assist you with finding: support@jorte.com Thanks! If this reply helps please update your review to let us know.",
      "response_date": [
        "May",
        "8",
        " 2018"
      ],
      "review": "Notification keep vibrate even when it set to off.",
      "review_date": [
        "April",
        "24",
        " 2018"
      ]
    },
    {
      "REQ_subtype": "",
      "REQ_type": "",
      "_id": 41,
      "author_id": "not defined",
      "author_name": "Gunter Ott\u00e9",
      "helpful": "0",
      "polarity": "",
      "rate": 3,
      "response": "",
      "response_date": "",
      "review": "Nasty bugs. I'm using this app for many years, but the small nasty bugs are \nannoying...",
      "review_date": [
        "May",
        "12",
        " 2018"
      ]
    },
    {
      "REQ_subtype": "",
      "REQ_type": "",
      "_id": 42,
      "author_id": "not defined",
      "author_name": "\u3072\u3089\u30b5\u30d6\u30ec",
      "helpful": "0",
      "polarity": "",
      "rate": 1,
      "response": "",
      "response_date": "",
      "review": "\u898b\u305f\u76ee\u3001\u64cd\u4f5c\u6027\u5171\u306b\u60aa\u304f\u306f\u3042\u308a\u307e\u305b\u3093\u304c\u5ea6\u91cd\u306a\u308b\u4e0d\u5177\u5408\u306b\u5acc\u6c17\u304c\u6307\u3057\u305f\u306e\u3067\u4ed6\u306e\u30a2\u30d7\u30ea\u3092\u4f7f\u3046\u4e8b\u306b\u3057\u307e\u3059\u3002\u3044\u304f\u3089\u30ea\u30de\u30a4\u30f3\u30c0\u30fc\u3092\u8a2d\u5b9a\u3057\u3066\u3082\u30ea\u30de\u30a4\u30f3\u30c0\u30fc\u304c\u52d5\u4f5c\u3057\u306a\u3044\u306e\u306f\u3068\u3066\u3082\u4e0d\u4fbf\u3067\u3059\u3002",
      "review_date": [
        "May",
        "13",
        " 2018"
      ]
    },
    {
      "REQ_subtype": "",
      "REQ_type": "",
      "_id": 43,
      "author_id": "not defined",
      "author_name": "Kim Banke",
      "helpful": "0",
      "polarity": "",
      "rate": 4,
      "response": "Hi Kim, Please mail us with more details on the issue you're seeing: support@jorte.com so that we can help look into this. Please update your review with how it goes. Thanks!",
      "response_date": [
        "May",
        "14",
        " 2018"
      ],
      "review": "What happened to all the free icons????? Since the update they have \ndisappeared!",
      "review_date": [
        "May",
        "11",
        " 2018"
      ]
    },
    {
      "REQ_subtype": "",
      "REQ_type": "",
      "_id": 44,
      "author_id": "not defined",
      "author_name": "Cristian Randeau",
      "helpful": "2",
      "polarity": "",
      "rate": 5,
      "response": "Hi Cristian, Thank you for the report, please E-mail our support team with more details on when you see the crash, your device's Android version, and what calendars you're using in Jorte. support@jorte.net",
      "response_date": [
        "November",
        "19",
        " 2014"
      ],
      "review": "I run my entire life by you!",
      "review_date": [
        "May",
        "18",
        " 2018"
      ]
    },
    {
      "REQ_subtype": "",
      "REQ_type": "",
      "_id": 45,
      "author_id": "not defined",
      "author_name": "Zeno Amadis",
      "helpful": "0",
      "polarity": "",
      "rate": 5,
      "response": "",
      "response_date": "",
      "review": "Useful, I've used it over 3 years",
      "review_date": [
        "May",
        "3",
        " 2018"
      ]
    },
    {
      "REQ_subtype": "",
      "REQ_type": "",
      "_id": 46,
      "author_id": "not defined",
      "author_name": "Telli Tellis",
      "helpful": "2",
      "polarity": "",
      "rate": 5,
      "response": "",
      "response_date": "",
      "review": "Great!",
      "review_date": [
        "April",
        "18",
        " 2018"
      ]
    },
    {
      "REQ_subtype": "",
      "REQ_type": "",
      "_id": 47,
      "author_id": "not defined",
      "author_name": "A Google user",
      "helpful": "0",
      "polarity": "",
      "rate": 5,
      "response": "",
      "response_date": "",
      "review": "Very useful",
      "review_date": [
        "April",
        "23",
        " 2018"
      ]
    },
    {
      "REQ_subtype": "",
      "REQ_type": "",
      "_id": 48,
      "author_id": "not defined",
      "author_name": "Vicki Allen",
      "helpful": "0",
      "polarity": "",
      "rate": 5,
      "response": "",
      "response_date": "",
      "review": "I have downloaded this app again Can I take notes in this app xoxo",
      "review_date": [
        "April",
        "16",
        " 2018"
      ]
    },
    {
      "REQ_subtype": "",
      "REQ_type": "",
      "_id": 49,
      "author_id": "not defined",
      "author_name": "Laura Mayhew",
      "helpful": "1",
      "polarity": "",
      "rate": 3,
      "response": "Hi Laura, Thank you for the feedback. You can select which Ringtone alarm you want to use in Jorte by: Open Jorte, Tap Settings gear icon, Tap Reminders, tap Select Ring Tone and choose the alarm sound that you wish to use. If this reply help please update your review to let us know! Thanks",
      "response_date": [
        "April",
        "18",
        " 2018"
      ],
      "review": "I notice on all of these type of apps, it only all I was the little blip tones of reminders. I really like on my other appt/planner app it gives you many 'ringtone' alarms. I like that. I only hear certain tones, so I love the actual rington es for differant events, meetings. I am a petsitter and I work outside a lot and in barns etc. Those little reminder blips just won't do :(",
      "review_date": [
        "April",
        "14",
        " 2018"
      ]
    },
    {
      "REQ_subtype": "",
      "REQ_type": "",
      "_id": 50,
      "author_id": "not defined",
      "author_name": "A Google user",
      "helpful": "0",
      "polarity": "",
      "rate": 3,
      "response": "Hi, Please mail us, support@jorte.com we'd be happy to help followup on questions or concerns you have on icons & banners.",
      "response_date": [
        "April",
        "24",
        " 2018"
      ],
      "review": "I paod for VIP but still get banners... The UI is quite messy and some \nsettings aren't exactly found where you'd expect them to be. It's barely \nahead of Google's own calendar. I'm missing icons and some good widgets \nbefore I can switch to Google.",
      "review_date": [
        "April",
        "19",
        " 2018"
      ]
    },
    {
      "REQ_subtype": "",
      "REQ_type": "",
      "_id": 51,
      "author_id": "not defined",
      "author_name": "A Google user",
      "helpful": "3",
      "polarity": "",
      "rate": 5,
      "response": "",
      "response_date": "",
      "review": "Works perfectly as described. Jorte gives you the option to customize your calendar, task/notes and widget from the ground up, this includes your choice of colors (for everything), font, size, layout and lots more or if you prefer Jorte has several installed templates. This app is well done, stable and loaded. I",
      "review_date": [
        "April",
        "13",
        " 2018"
      ]
    },
    {
      "REQ_subtype": "",
      "REQ_type": "",
      "_id": 52,
      "author_id": "not defined",
      "author_name": "Fiona McHugh",
      "helpful": "0",
      "polarity": "",
      "rate": 5,
      "response": "",
      "response_date": "",
      "review": "Use this app all the time love the wallpaper and icons for organising my life. Only complaint is the Subscription it is expensive. I have just purchase some wallpapers and icons.",
      "review_date": [
        "April",
        "2",
        " 2018"
      ]
    },
    {
      "REQ_subtype": "",
      "REQ_type": "",
      "_id": 53,
      "author_id": "not defined",
      "author_name": "thomas chan",
      "helpful": "2",
      "polarity": "",
      "rate": 3,
      "response": "Hi Thomas, Thank you for the report. Please mail us with more details for when you see a crash happen: support@jorte.com Thanks!",
      "response_date": [
        "April",
        "12",
        " 2018"
      ],
      "review": "Was a very good calendar app. But recently keep crashing. Almost every time it crashed, I submit the details through the pop up.",
      "review_date": [
        "April",
        "12",
        " 2018"
      ]
    },
    {
      "REQ_subtype": "",
      "REQ_type": "",
      "_id": 54,
      "author_id": "not defined",
      "author_name": "Flocy C",
      "helpful": "3",
      "polarity": "",
      "rate": 5,
      "response": "",
      "response_date": "",
      "review": "The best... But you need to subs for full feature.. and it's costly. How about one time payment instead?",
      "review_date": [
        "April",
        "10",
        " 2018"
      ]
    },
    {
      "REQ_subtype": "",
      "REQ_type": "",
      "_id": 55,
      "author_id": "not defined",
      "author_name": "Tabitha Reber",
      "helpful": "0",
      "polarity": "",
      "rate": 3,
      "response": "Hi Tabitha, Thank you for the feedback. Please mail us with more details: support@jorte.com so we can look into this and help you. Thanks",
      "response_date": [
        "April",
        "12",
        " 2018"
      ],
      "review": "Would be amazing... Except the events arent showing up by the time there \nscheduled. My 1:15pm appointment is below my 8pm appointment in the \nschedule..",
      "review_date": [
        "April",
        "12",
        " 2018"
      ]
    },
    {
      "REQ_subtype": "",
      "REQ_type": "",
      "_id": 56,
      "author_id": "not defined",
      "author_name": "Carol Wildermuth",
      "helpful": "1",
      "polarity": "",
      "rate": 5,
      "response": "",
      "response_date": "",
      "review": "New but I like it",
      "review_date": [
        "April",
        "9",
        " 2018"
      ]
    },
    {
      "REQ_subtype": "",
      "REQ_type": "",
      "_id": 57,
      "author_id": "not defined",
      "author_name": "Elsa Young",
      "helpful": "1",
      "polarity": "",
      "rate": 5,
      "response": "",
      "response_date": "",
      "review": "Great Customer Service",
      "review_date": [
        "March",
        "30",
        " 2018"
      ]
    },
    {
      "REQ_subtype": "",
      "REQ_type": "",
      "_id": 58,
      "author_id": "not defined",
      "author_name": "Ronny Rizal",
      "helpful": "0",
      "polarity": "",
      "rate": 4,
      "response": "",
      "response_date": "",
      "review": "very helpfull for my agenda..",
      "review_date": [
        "April",
        "14",
        " 2018"
      ]
    },
    {
      "REQ_subtype": "",
      "REQ_type": "",
      "_id": 59,
      "author_id": "not defined",
      "author_name": "Cecilia Cruz-Lopez",
      "helpful": "0",
      "polarity": "",
      "rate": 5,
      "response": "",
      "response_date": "",
      "review": "\ud83d\udc4d",
      "review_date": [
        "April",
        "9",
        " 2018"
      ]
    },
    {
      "REQ_subtype": "",
      "REQ_type": "",
      "_id": 60,
      "author_id": "not defined",
      "author_name": "DVW 3",
      "helpful": "1",
      "polarity": "",
      "rate": 4,
      "response": "",
      "response_date": "",
      "review": "Great",
      "review_date": [
        "April",
        "1",
        " 2018"
      ]
    },
    {
      "REQ_subtype": "",
      "REQ_type": "",
      "_id": 61,
      "author_id": "not defined",
      "author_name": "A Google user",
      "helpful": "0",
      "polarity": "",
      "rate": 1,
      "response": "Hi, Thanks for giving Jorte a try, sorry to hear it wasn't what you were looking for. You may want to try Agenda which has new ways of viewing your calendar, scrolling up and down in a timeline view, new color settings, & icons. Thanks",
      "response_date": [
        "March",
        "30",
        " 2018"
      ],
      "review": "It is now March 2018 and decided to give Jorte a further trial.    Sadly my comments from last time are just as valid again other than to also add that it has become even less intuitive than last time; the view options seem to have disappeared ;  the interface and menu icons appear to have been designed for children and the following is from my previous trial of Jorte which remains valid ;    Have tried jorte calendar yet again but it is still poor when compared to the fantastically configurable aCalendar+. It even looks worse than I remember.  No improvement in all this time!!! Jorte uninstalled again and for good. You had your chances. NO STARS.",
      "review_date": [
        "March",
        "27",
        " 2018"
      ]
    },
    {
      "REQ_subtype": "",
      "REQ_type": "",
      "_id": 62,
      "author_id": "not defined",
      "author_name": "Barbara S",
      "helpful": "6",
      "polarity": "",
      "rate": 3,
      "response": "Hi Barbara, Thank you for the report, Please E-mail us with more details of when you see Jorte lock up or not work smoothly: support@jorte.com We'd like to better understand the issue you're seeing to investigate. Thanks",
      "response_date": [
        "March",
        "19",
        " 2018"
      ],
      "review": "States the issue of the instability had been resolved but it locked up on me a few minutes ago twice. May consider switching,  sad...ive used this for years but tired of it locking up on me.",
      "review_date": [
        "March",
        "14",
        " 2018"
      ]
    },
    {
      "REQ_subtype": "",
      "REQ_type": "",
      "_id": 63,
      "author_id": "not defined",
      "author_name": "Jeremy S",
      "helpful": "0",
      "polarity": "",
      "rate": 5,
      "response": "",
      "response_date": "",
      "review": "I love this app. I tried a few similar and they were not half the user friendly jorte is. It only took me a few minutes to feel like a pro.",
      "review_date": [
        "March",
        "16",
        " 2018"
      ]
    },
    {
      "REQ_subtype": "",
      "REQ_type": "",
      "_id": 64,
      "author_id": "not defined",
      "author_name": "Anna MU",
      "helpful": "0",
      "polarity": "",
      "rate": 4,
      "response": "Hi Anna, Thank you for the report. Please mail us: support@jorte.com with more details so we can look into this issue.",
      "response_date": [
        "March",
        "22",
        " 2018"
      ],
      "review": "Jorte is glitching.  I am having trouble with diary entries. Some entries are doubling up and trying to delete them only deletes a completely different entry. Help!",
      "review_date": [
        "March",
        "22",
        " 2018"
      ]
    },
    {
      "REQ_subtype": "",
      "REQ_type": "",
      "_id": 65,
      "author_id": "not defined",
      "author_name": "Marsh Lukens",
      "helpful": "0",
      "polarity": "",
      "rate": 3,
      "response": "Hi Marsh, Thank you for the report. Please contact us: support@jorte.com with more details, when are you seeing a crash occur? What feature was being used at the time? If possible include a crashlog attached to the mail. To help us look into the issue. Thanks",
      "response_date": [
        "March",
        "22",
        " 2018"
      ],
      "review": "CONSTANTLY CRASHING! \ud83d\ude22 When I first started using Jorte, I loved it, but in the last six months it crashes about half the time I try to load it.  PLEASE FIX!!!",
      "review_date": [
        "March",
        "21",
        " 2018"
      ]
    },
    {
      "REQ_subtype": "",
      "REQ_type": "",
      "_id": 66,
      "author_id": "not defined",
      "author_name": "Frances Yuen",
      "helpful": "2",
      "polarity": "",
      "rate": 5,
      "response": "",
      "response_date": "",
      "review": "Fat Fat & Fat Fat",
      "review_date": [
        "March",
        "24",
        " 2018"
      ]
    },
    {
      "REQ_subtype": "",
      "REQ_type": "",
      "_id": 67,
      "author_id": "not defined",
      "author_name": "TERESA JONES",
      "helpful": "0",
      "polarity": "",
      "rate": 5,
      "response": "",
      "response_date": "",
      "review": "Love it!",
      "review_date": [
        "March",
        "21",
        " 2018"
      ]
    },
    {
      "REQ_subtype": "",
      "REQ_type": "",
      "_id": 68,
      "author_id": "not defined",
      "author_name": "Alan Williams",
      "helpful": "0",
      "polarity": "",
      "rate": 2,
      "response": "Hi Alan, Thank you for the feedback. Please E-mail us: support@jorte.com so that we can help look into the issue you're seeing. Thanks!",
      "response_date": [
        "February",
        "20",
        " 2018"
      ],
      "review": "Used this for several years and on the whole remain happy with it.  It has a problem which successive updates have not corrected. I set diary entries up without an alarm. Without warning they later default to a ten minute alarm. So the alarm goes off at ten to midnight for 'all day' events. This is ridiculous and needs sorting!",
      "review_date": [
        "February",
        "17",
        " 2018"
      ]
    },
    {
      "REQ_subtype": "",
      "REQ_type": "",
      "_id": 69,
      "author_id": "not defined",
      "author_name": "A Google user",
      "helpful": "0",
      "polarity": "",
      "rate": 3,
      "response": "",
      "response_date": "",
      "review": "It was a great calendar. Lately despite trying everything, unable to synchronize on multiple devices. Syncing goes off all on it's own. Disappointing!",
      "review_date": [
        "March",
        "12",
        " 2018"
      ]
    },
    {
      "REQ_subtype": "",
      "REQ_type": "",
      "_id": 70,
      "author_id": "not defined",
      "author_name": "Rovelyn Royo",
      "helpful": "0",
      "polarity": "",
      "rate": 5,
      "response": "",
      "response_date": "",
      "review": "I love this App. Cute and organized. And i love it even more because you can download some themes and icons altho youre not subscribed as premium \ud83d\ude42 keep it up jorte!",
      "review_date": [
        "March",
        "11",
        " 2018"
      ]
    },
    {
      "REQ_subtype": "",
      "REQ_type": "",
      "_id": 71,
      "author_id": "not defined",
      "author_name": "C. Susan Taylor",
      "helpful": "0",
      "polarity": "",
      "rate": 3,
      "response": "Hi Susan, Thanks for giving Jorte a try. There are many more icons available in the Jorte Store, both free & paid icons are available from there to download & use on Jorte Calendar. If this reply helps please update your review to let us know. Thanks",
      "response_date": [
        "February",
        "20",
        " 2018"
      ],
      "review": "Picked app for some reason that is has icons. Disappointed in choices. Liked Samsung S3 calendar with icons. Have searched for similar app.",
      "review_date": [
        "February",
        "16",
        " 2018"
      ]
    },
    {
      "REQ_subtype": "",
      "REQ_type": "",
      "_id": 72,
      "author_id": "not defined",
      "author_name": "Epic Farms",
      "helpful": "0",
      "polarity": "",
      "rate": 4,
      "response": "",
      "response_date": "",
      "review": "I would have given this 5 stars, BUT I discovered that all of the icons I \nPAID FOR to be used with the app could not be reinstalled but had to be \npurchased again. \ud83d\ude21 I would think the creators of the app would offer a \ncode to let you re-download what you've already paid for, or some other \nkind of work around for their customers, but apparently they don't care.",
      "review_date": [
        "May",
        "3",
        " 2018"
      ]
    },
    {
      "REQ_subtype": "",
      "REQ_type": "",
      "_id": 73,
      "author_id": "not defined",
      "author_name": "A Google user",
      "helpful": "0",
      "polarity": "",
      "rate": 3,
      "response": "Hi John, I'm sorry to hear you ran into some trouble while using Jorte. Please do mail us: support@jorte.com and we'll be happy to try and provide step by step details of which buttons to press on your cellphone. Thanks",
      "response_date": [
        "February",
        "27",
        " 2018"
      ],
      "review": "DO NOT EXPECT THE CLOUD BACKUP WILL WORK. ALL DOCUMENTATION OMITS WHEN THEY ARE TALKING ABOUT YOUR CELLPHONE APP VS. SOME INTERNET URL ADDRESS. WHEN THEY MENTION ANY BUTTON TO PUSH THEY NEVER MENTION THE NAVIGATION NEEDED TO FIND THAT BUTTON & WHETHER IT IS ON THE PHONE OR LAPTOP.",
      "review_date": [
        "February",
        "25",
        " 2018"
      ]
    },
    {
      "REQ_subtype": "",
      "REQ_type": "",
      "_id": 74,
      "author_id": "not defined",
      "author_name": "Amy A",
      "helpful": "0",
      "polarity": "",
      "rate": 3,
      "response": "Hi Amy, Please Mail us with more details on this issue: support@jorte.com so that we can help look into it. What are the dates that you see this issue happening? Is it perhaps during Daylight Savings, where a day loses or gains an hour? Thanks!",
      "response_date": [
        "March",
        "14",
        " 2018"
      ],
      "review": "Got my new note 8 today and I click on an event today to edit it but it brings up yesterday's event. I keep deleting and adding and it doesn't let me edit as it should. This happens mostly on weekend events.  Please fix!",
      "review_date": [
        "March",
        "13",
        " 2018"
      ]
    },
    {
      "REQ_subtype": "",
      "REQ_type": "",
      "_id": 75,
      "author_id": "not defined",
      "author_name": "Gary Smith",
      "helpful": "0",
      "polarity": "",
      "rate": 5,
      "response": "Hi Gary, Thanks for the feedback When you setup syncing with Jorte Cloud, there's an Auto sync setting you can set as well, the default setting is every 3 hours. If you wish to Sync right away, there's a Sync button available by tapping Functions, then Tap Sync, or Tap the Calendar icon then Tap Sync.",
      "response_date": [
        "February",
        "27",
        " 2018"
      ],
      "review": "Excellent calendar, but I would love it more if you could do a swipe from top to bottom for updating / synching, like with my Android mail.  Trying to find the sync option is a real PITA.",
      "review_date": [
        "February",
        "21",
        " 2018"
      ]
    },
    {
      "REQ_subtype": "",
      "REQ_type": "",
      "_id": 76,
      "author_id": "not defined",
      "author_name": "A Google user",
      "helpful": "0",
      "polarity": "",
      "rate": 5,
      "response": "",
      "response_date": "",
      "review": "several years using it . Not many ads and in my opinion the best widgets than in any other calendar.",
      "review_date": [
        "March",
        "11",
        " 2018"
      ]
    },
    {
      "REQ_subtype": "",
      "REQ_type": "",
      "_id": 77,
      "author_id": "not defined",
      "author_name": "Fireball Xist",
      "helpful": "0",
      "polarity": "",
      "rate": 5,
      "response": "Hi Fireball, Thank you for the review! We're glad to hear you're enjoying Jorte's design and icons and you are correct you don't need to use Google Calendar with Jorte. -- Team Jorte",
      "response_date": [
        "February",
        "28",
        " 2018"
      ],
      "review": "This is such an awesome calendar app!  I love the icons,  the design and usability. It's user friendly and the best part you are not forced to use it as google calendar.",
      "review_date": [
        "February",
        "28",
        " 2018"
      ]
    },
    {
      "REQ_subtype": "",
      "REQ_type": "",
      "_id": 78,
      "author_id": "not defined",
      "author_name": "Ashley Doom",
      "helpful": "0",
      "polarity": "",
      "rate": 3,
      "response": "Hi Ashley, thank you for the feedback, can you let us know more details. What's wrong with the widget ui? Mail us please at: support@jorte.com",
      "response_date": [
        "February",
        "26",
        " 2018"
      ],
      "review": "The interface is horrible. The widget looks messy and ugly. Font makes it look childish.",
      "review_date": [
        "February",
        "26",
        " 2018"
      ]
    },
    {
      "REQ_subtype": "",
      "REQ_type": "",
      "_id": 79,
      "author_id": "not defined",
      "author_name": "Alex O.",
      "helpful": "0",
      "polarity": "",
      "rate": 3,
      "response": "Hi Alex, Thank you for the report. During Daylight savings time, if you're entering an All Day event it may shift to the next or previous day due to 1 hour being gained or lost. Have you tried entering an event with a Time, for example 3-4 PM? Please followup with us: support@jorte.com So we can help Thanks",
      "response_date": [
        "March",
        "12",
        " 2018"
      ],
      "review": "The app is buggy too many times for me. Daylight savings time today won't allow me to edit any of my appointments for the day. It won't even allow me to choose Sunday, and instead takes me to Saturday or Monday when I select Sunday.",
      "review_date": [
        "March",
        "11",
        " 2018"
      ]
    },
    {
      "REQ_subtype": "",
      "REQ_type": "",
      "_id": 80,
      "author_id": "not defined",
      "author_name": "Charles Poole",
      "helpful": "0",
      "polarity": "",
      "rate": 2,
      "response": "Hi Charles, Thank you for the feedback. Can you let us know more details about what you're looking for via mail? support@jorte.com Jorte might have support for what you're looking for but need to further understand the feature.If not we can consider it for future development.",
      "response_date": [
        "February",
        "26",
        " 2018"
      ],
      "review": "I regret having upgraded to Premium. I was hoping it would alow me to program presets that would always handle calendar events in a certain way without intervention by me.",
      "review_date": [
        "February",
        "22",
        " 2018"
      ]
    },
    {
      "REQ_subtype": "",
      "REQ_type": "",
      "_id": 81,
      "author_id": "not defined",
      "author_name": "Chelsea Lloyd",
      "helpful": "0",
      "polarity": "",
      "rate": 3,
      "response": "",
      "response_date": "",
      "review": "It has so many options! But it doesn't do the one main thing and thats sync to google and/or Facebook calendar \ud83d\ude14",
      "review_date": [
        "March",
        "7",
        " 2018"
      ]
    },
    {
      "REQ_subtype": "",
      "REQ_type": "",
      "_id": 82,
      "author_id": "not defined",
      "author_name": "Jeni Sunderman",
      "helpful": "0",
      "polarity": "",
      "rate": 1,
      "response": "Jeni, we're sorry to hear you didn't find Jorte to your liking. If you have more constructive feedback or questions please do let us know. Thanks",
      "response_date": [
        "February",
        "27",
        " 2018"
      ],
      "review": "This apps sucks and it is dumb trust me",
      "review_date": [
        "February",
        "27",
        " 2018"
      ]
    },
    {
      "REQ_subtype": "",
      "REQ_type": "",
      "_id": 83,
      "author_id": "not defined",
      "author_name": "Natie S.",
      "helpful": "0",
      "polarity": "",
      "rate": 5,
      "response": "",
      "response_date": "",
      "review": "I schedule everything! My memory has always been poor and I've always lived a busy life. This app is WONDERFUL.",
      "review_date": [
        "March",
        "4",
        " 2018"
      ]
    },
    {
      "REQ_subtype": "",
      "REQ_type": "",
      "_id": 84,
      "author_id": "not defined",
      "author_name": "A Google user",
      "helpful": "2",
      "polarity": "",
      "rate": 5,
      "response": "",
      "response_date": "",
      "review": "The best Calendar App out there!!! \u2764\u2764\u2764 YOU JORTE\ud83d\ude0a\ud83d\ude18\ud83d\ude18\ud83d\ude18",
      "review_date": [
        "February",
        "23",
        " 2018"
      ]
    },
    {
      "REQ_subtype": "",
      "REQ_type": "",
      "_id": 85,
      "author_id": "not defined",
      "author_name": "\u6797\u79c0\u96ef",
      "helpful": "0",
      "polarity": "",
      "rate": 1,
      "response": "Thanks for giving Jorte a try, sorry to hear it didn't match to your expectations. If you have more constructive feedback about what you had trouble with or have questions we'd be happy to help: support@jorte.com",
      "response_date": [
        "March",
        "12",
        " 2018"
      ],
      "review": "It's a bad app!",
      "review_date": [
        "March",
        "11",
        " 2018"
      ]
    },
    {
      "REQ_subtype": "",
      "REQ_type": "",
      "_id": 86,
      "author_id": "not defined",
      "author_name": "\u039c\u0397\u03a4\u03a3\u039f\u03a3 \u039c\u0397\u03a4\u03a3\u039f\u03a5",
      "helpful": "0",
      "polarity": "",
      "rate": 1,
      "response": "Thank you for giving Jorte a try, we're sorry to hear it didn't match your expectations. If you have more constructive feedback about what you didn't like please let us know.",
      "response_date": [
        "June",
        "25",
        " 2018"
      ],
      "review": "A waste of time",
      "review_date": [
        "June",
        "21",
        " 2018"
      ]
    },
    {
      "REQ_subtype": "",
      "REQ_type": "",
      "_id": 87,
      "author_id": "not defined",
      "author_name": "A Google user",
      "helpful": "0",
      "polarity": "",
      "rate": 5,
      "response": "",
      "response_date": "",
      "review": "love it to death. the graphics rock! sync w my evernote!",
      "review_date": [
        "March",
        "8",
        " 2018"
      ]
    },
    {
      "REQ_subtype": "",
      "REQ_type": "",
      "_id": 88,
      "author_id": "not defined",
      "author_name": "Van Pax",
      "helpful": "0",
      "polarity": "",
      "rate": 5,
      "response": "",
      "response_date": "",
      "review": "Thanks for this App..",
      "review_date": [
        "March",
        "8",
        " 2018"
      ]
    },
    {
      "REQ_subtype": "",
      "REQ_type": "",
      "_id": 89,
      "author_id": "not defined",
      "author_name": "bobby hull",
      "helpful": "0",
      "polarity": "",
      "rate": 5,
      "response": "",
      "response_date": "",
      "review": "I like it",
      "review_date": [
        "February",
        "28",
        " 2018"
      ]
    },
    {
      "REQ_subtype": "",
      "REQ_type": "",
      "_id": 90,
      "author_id": "not defined",
      "author_name": "Gillian Frame",
      "helpful": "0",
      "polarity": "",
      "rate": 5,
      "response": "",
      "response_date": "",
      "review": "I use the calendar and i love it",
      "review_date": [
        "June",
        "3",
        " 2018"
      ]
    },
    {
      "REQ_subtype": "",
      "REQ_type": "",
      "_id": 91,
      "author_id": "not defined",
      "author_name": "Sharka Slavickova",
      "helpful": "3",
      "polarity": "",
      "rate": 3,
      "response": "Hi Sharka, Thank you for the feedback. If I understand your comment, it sounds like when you switched to a new phone the background colors weren't synced. This is because background colors are local settings on the phone, and unfortunately aren't synced between devices.  If I misunderstood your question please mail us: support@jorte.com Thanks!",
      "response_date": [
        "February",
        "20",
        " 2018"
      ],
      "review": "Very colourful and easy to navigate. I do have an issue with the design though. I got a new device, sinked it all right but the colours were all messed up. Now I can't make the daily tasks have background colour which makes the calendar harder to read. Only things with background are holidays and the rest is just colour letters...how to fix?",
      "review_date": [
        "February",
        "6",
        " 2018"
      ]
    },
    {
      "REQ_subtype": "",
      "REQ_type": "",
      "_id": 92,
      "author_id": "not defined",
      "author_name": "Alycia Lyons",
      "helpful": "0",
      "polarity": "",
      "rate": 3,
      "response": "Hi Alycia, Thank you for the feedback & review. Sorry to hear you had some trouble with Google cal syncing. Please reach out to our support team: support@jorte.com so we can look into the issue you had & help you. Also please let us know what english wording you found awkward, so we can check it. Thank you!",
      "response_date": [
        "January",
        "12",
        " 2018"
      ],
      "review": "This app worked great for a year for me. I even subscribed to use more features. Now the app will not sync with m Google calendars and I have troubleshot with Jorte and Google. I rely on viewing 5 different calendars linked with multiple people. I cancelled the sub and I'm searching for a new app. Plus, their English is terrible! At least have an English person proofread because it is so unprofessional.",
      "review_date": [
        "January",
        "11",
        " 2018"
      ]
    },
    {
      "REQ_subtype": "",
      "REQ_type": "",
      "_id": 93,
      "author_id": "not defined",
      "author_name": "Lori Burch",
      "helpful": "1",
      "polarity": "",
      "rate": 2,
      "response": "Hi Lori, Sorry to hear you're having trouble with syncing. Please mail us: support@jorte.com Are you syncing with Google Calendar or Jorte Cloud? Let us know and we'll be happy to provide step by step instructions to help you check your sync settings. - Team Jorte",
      "response_date": [
        "February",
        "19",
        " 2018"
      ],
      "review": "I have used Jorte for many years. It is extremely easy to navigate and I love using the icons. Unfortunately, recently it has stopped syncing properly between devices. I find this to be particularly upsetting as I share this app between several devices. Fix this bug and I will give you 5\u2b50\u2b50\u2b50\u2b50\u2b50",
      "review_date": [
        "February",
        "3",
        " 2018"
      ]
    },
    {
      "REQ_subtype": "",
      "REQ_type": "",
      "_id": 94,
      "author_id": "not defined",
      "author_name": "Ely Moyal",
      "helpful": "0",
      "polarity": "",
      "rate": 2,
      "response": "Hi Ely, Thank you for the feedback. We see the issue you're reporting, it's because the new Google Calendar site is saving HTML inside the calendar events, incorrectly. We've reported the problem to Google, and are investigating a work around for Jorte Calendar users. Thanks again for the report.",
      "response_date": [
        "February",
        "19",
        " 2018"
      ],
      "review": "Jorte was by far the best until Google updated their calendar. Now when updating the notes for individual calendar entries on the desktop version of Google Calendar it shows up on my Android version of Jorte with all the formatting screwed up (i.e. , etc). Also on the updated Google Calendar desktop version it allows you to save  documents from GDrive to your calendar notes. If Jorte could incorporate fixes for those into the next update it would be a 5 star app again.",
      "review_date": [
        "February",
        "6",
        " 2018"
      ]
    },
    {
      "REQ_subtype": "",
      "REQ_type": "",
      "_id": 95,
      "author_id": "not defined",
      "author_name": "Yanin Pawijit",
      "helpful": "1",
      "polarity": "",
      "rate": 5,
      "response": "",
      "response_date": "",
      "review": "Syncs all App's calenders into one (gmail,  Jorte,  university classes). Simple user interface with all the necessary functions (events,  frequency).  I also use as widget on home screen and it's awesome.",
      "review_date": [
        "February",
        "4",
        " 2018"
      ]
    },
    {
      "REQ_subtype": "",
      "REQ_type": "",
      "_id": 96,
      "author_id": "not defined",
      "author_name": "George Dalton",
      "helpful": "0",
      "polarity": "",
      "rate": 5,
      "response": "",
      "response_date": "",
      "review": "One of the best calendar/diary apps for android.  I have tried others..Jorte blows them away.",
      "review_date": [
        "January",
        "29",
        " 2018"
      ]
    },
    {
      "REQ_subtype": "",
      "REQ_type": "",
      "_id": 97,
      "author_id": "not defined",
      "author_name": "Rowena A",
      "helpful": "3",
      "polarity": "",
      "rate": 3,
      "response": "Hi Rowena, We wanted to check in with you, were you able to get notifications working on your phone? If so please update your review to let us know. If you're still seeing an issue please E-mail us: support@jorte.com so we can help you with this. Thanks!",
      "response_date": [
        "January",
        "25",
        " 2018"
      ],
      "review": "Good customization without losing calendar functionality. Unfortunately notifications occur days after the event has finished.",
      "review_date": [
        "January",
        "15",
        " 2018"
      ]
    },
    {
      "REQ_subtype": "",
      "REQ_type": "",
      "_id": 98,
      "author_id": "not defined",
      "author_name": "Brinaful",
      "helpful": "2",
      "polarity": "",
      "rate": 5,
      "response": "",
      "response_date": "",
      "review": "Jorte allows both me and my husband to use/edit the same family calendar. Great function! Love it!",
      "review_date": [
        "January",
        "17",
        " 2018"
      ]
    },
    {
      "REQ_subtype": "",
      "REQ_type": "",
      "_id": 99,
      "author_id": "not defined",
      "author_name": "Savio W",
      "helpful": "0",
      "polarity": "",
      "rate": 3,
      "response": "Hi Savio, Thank you for the feedback. Please mail our support team so we can look into this issue. support@jorte.com Thanks",
      "response_date": [
        "January",
        "25",
        " 2018"
      ],
      "review": "Recent update drain my battery.  It is more horrible than intrusive ad.  Hope issue will be resolved soon.",
      "review_date": [
        "January",
        "19",
        " 2018"
      ]
    },
    {
      "REQ_subtype": "",
      "REQ_type": "",
      "_id": 100,
      "author_id": "not defined",
      "author_name": "Tiny Freckle",
      "helpful": "0",
      "polarity": "",
      "rate": 4,
      "response": "Hi Tiny, Thank you for the review. Please contact us at support@jorte.com so we can help you to change the order of tasks.",
      "response_date": [
        "January",
        "31",
        " 2018"
      ],
      "review": "Great app but I wish the tasks were ordered by which is due first. Or at least be able to manually change the order of tasks once they've been set.",
      "review_date": [
        "January",
        "30",
        " 2018"
      ]
    },
    {
      "REQ_subtype": "",
      "REQ_type": "",
      "_id": 101,
      "author_id": "not defined",
      "author_name": "A Google user",
      "helpful": "0",
      "polarity": "",
      "rate": 3,
      "response": "Sorry to hear you're having trouble syncing your Microsoft Hotmail account. Please check if you've added it on your phone: Android Settings app, Tap Accounts, Tap Add account, or Check the existing accounts. If you need help after checking this please mail us: support@jorte.com so we can try to assist. If this reply is helpful please update it.",
      "response_date": [
        "February",
        "19",
        " 2018"
      ],
      "review": "After a recent update, unable to link my Hotmail account.",
      "review_date": [
        "February",
        "11",
        " 2018"
      ]
    },
    {
      "REQ_subtype": "",
      "REQ_type": "",
      "_id": 102,
      "author_id": "not defined",
      "author_name": "Wendy Castleberry",
      "helpful": "0",
      "polarity": "",
      "rate": 5,
      "response": "",
      "response_date": "",
      "review": "This app helps me know where i belong everyday. With all my MEDICAL appts it keeps me up to date and very helpful. If it was not for this app i would be lost.",
      "review_date": [
        "February",
        "11",
        " 2018"
      ]
    },
    {
      "REQ_subtype": "",
      "REQ_type": "",
      "_id": 103,
      "author_id": "not defined",
      "author_name": "Annette Trammell",
      "helpful": "0",
      "polarity": "",
      "rate": 5,
      "response": "",
      "response_date": "",
      "review": "I've used for years, works great. Syncs to my Google calendar. I love the customization!",
      "review_date": [
        "January",
        "31",
        " 2018"
      ]
    },
    {
      "REQ_subtype": "",
      "REQ_type": "",
      "_id": 104,
      "author_id": "not defined",
      "author_name": "Krissa Dena",
      "helpful": "0",
      "polarity": "",
      "rate": 5,
      "response": "Hi Krissa,This sounds like a Time Zone settings issue. Please try re-selecting your Time Zone by: Tap Calendar icon in toolbar, Tap on the Calendar name (usually My Calendar), Tap Edit, Tap Advanced Settings link, Tap on TimeZone pulldown menu & re-select your Time Zone. Then tap Update. Please update your review to let us know how it goes. Thanks",
      "response_date": [
        "January",
        "25",
        " 2018"
      ],
      "review": "Most customizeable calendar with handy special features such as customizeable icons and pictures. My go to organizer.",
      "review_date": [
        "January",
        "27",
        " 2018"
      ]
    },
    {
      "REQ_subtype": "",
      "REQ_type": "",
      "_id": 105,
      "author_id": "not defined",
      "author_name": "Jenny Stairs",
      "helpful": "0",
      "polarity": "",
      "rate": 2,
      "response": "",
      "response_date": "",
      "review": "Kept freezing up.",
      "review_date": [
        "January",
        "29",
        " 2018"
      ]
    },
    {
      "REQ_subtype": "",
      "REQ_type": "",
      "_id": 106,
      "author_id": "not defined",
      "author_name": "Larry Smith",
      "helpful": "1",
      "polarity": "",
      "rate": 5,
      "response": "",
      "response_date": "",
      "review": "I use it as my work diary.",
      "review_date": [
        "January",
        "11",
        " 2018"
      ]
    },
    {
      "REQ_subtype": "",
      "REQ_type": "",
      "_id": 107,
      "author_id": "not defined",
      "author_name": "Kristina Miletic",
      "helpful": "1",
      "polarity": "",
      "rate": 5,
      "response": "",
      "response_date": "",
      "review": "Love it. Simple and clean",
      "review_date": [
        "January",
        "19",
        " 2018"
      ]
    },
    {
      "REQ_subtype": "",
      "REQ_type": "",
      "_id": 108,
      "author_id": "not defined",
      "author_name": "Soxx Photography",
      "helpful": "0",
      "polarity": "",
      "rate": 5,
      "response": "",
      "response_date": "",
      "review": "Brilliant app! Does everything I need it too",
      "review_date": [
        "January",
        "31",
        " 2018"
      ]
    },
    {
      "REQ_subtype": "",
      "REQ_type": "",
      "_id": 109,
      "author_id": "not defined",
      "author_name": "A Google user",
      "helpful": "0",
      "polarity": "",
      "rate": 5,
      "response": "",
      "response_date": "",
      "review": "Great app.",
      "review_date": [
        "January",
        "30",
        " 2018"
      ]
    },
    {
      "REQ_subtype": "",
      "REQ_type": "",
      "_id": 110,
      "author_id": "not defined",
      "author_name": "A Google user",
      "helpful": "5",
      "polarity": "",
      "rate": 4,
      "response": "",
      "response_date": "",
      "review": "I've used jorte for years now, and it's served me really well. I bought the premium service so I could sync with office 365, but it keeps giving me an error saying that it can't sign me in to office. Any help?",
      "review_date": [
        "January",
        "6",
        " 2018"
      ]
    },
    {
      "REQ_subtype": "",
      "REQ_type": "",
      "_id": 111,
      "author_id": "not defined",
      "author_name": "A Google user",
      "helpful": "8",
      "polarity": "",
      "rate": 3,
      "response": "Hi, Thank you for the feedback. Have you seen that Jorte Plus membership is available for only $4 per Year, which you can Hide ads with. If this reply helps please update your review to let us know. Thanks!",
      "response_date": [
        "December",
        "27",
        " 2017"
      ],
      "review": "I used to love this calendar app. It's nicely designed, but the ads are too intrusive now, and they want more than I'm going to pay for a calendar when there are free ones with all the features I need.",
      "review_date": [
        "December",
        "27",
        " 2017"
      ]
    },
    {
      "REQ_subtype": "",
      "REQ_type": "",
      "_id": 112,
      "author_id": "not defined",
      "author_name": "Philip Stokes",
      "helpful": "0",
      "polarity": "",
      "rate": 4,
      "response": "",
      "response_date": "",
      "review": "I have used this app for many years and always found it very useful indeed, so much better than the stock android app. The one great difficulty is synchronizing with Google's calendar. It seems astonishingly difficult to do whenever a different phone is set up and although eventually it works I never understand what it was that caused the problem in the first place!",
      "review_date": [
        "January",
        "30",
        " 2018"
      ]
    },
    {
      "REQ_subtype": "",
      "REQ_type": "",
      "_id": 113,
      "author_id": "not defined",
      "author_name": "Man Kit Yau",
      "helpful": "3",
      "polarity": "",
      "rate": 4,
      "response": "Hi, Thank you for the feedback. The Export features are available for Jorte Premium & Jorte Plus members. Jorte Premium is $3 per month and the least expense plan, Jorte Plus, is only $4 per year. You can always sync info you enter in your Jorte My Calendar, with Jorte Cloud for free to backup your data and keep in sync between multiple devices.",
      "response_date": [
        "March",
        "14",
        " 2018"
      ],
      "review": "The management team of the app is great. When I have problem, they will respond to me quickly.",
      "review_date": [
        "March",
        "19",
        " 2018"
      ]
    },
    {
      "REQ_subtype": "",
      "REQ_type": "",
      "_id": 114,
      "author_id": "not defined",
      "author_name": "Brian Tu",
      "helpful": "1",
      "polarity": "",
      "rate": 3,
      "response": "Hi Brian, Thank you for the feedback. The Import/Export csv features is available to Premium members for Advanced users, the recommended way of backing up is syncing with a cloud of your choice, Google Calendar, Jorte Cloud, or other supported cloud calendars. Please update your reply if this was helpful. Have more questions? Mail support@jorte.com",
      "response_date": [
        "January",
        "10",
        " 2018"
      ],
      "review": "I'm really not happy that they removed the Data Import/Export feature... I need my .ics files!!",
      "review_date": [
        "January",
        "8",
        " 2018"
      ]
    },
    {
      "REQ_subtype": "",
      "REQ_type": "",
      "_id": 115,
      "author_id": "not defined",
      "author_name": "CJ St. Pierre",
      "helpful": "0",
      "polarity": "",
      "rate": 2,
      "response": "Hi CJ, Were you able to get your appointment reminders working again? If so please update your review to let us know, if not please E-mail us: support@jorte.com and include which Calendar you save events in, Google or Jorte Cloud or other, so we can help you with this. Thanks",
      "response_date": [
        "January",
        "17",
        " 2018"
      ],
      "review": "I have used this app for many years along with Samsung S series phones with no problems. However I have not been receiving alerts for appointments and missed 2 Drs appointments this week because of it. If the alerts I set aren't going to go off then I need to switch to another calendar.  Unlocked Samsung S8 from the manufacturer.",
      "review_date": [
        "January",
        "12",
        " 2018"
      ]
    },
    {
      "REQ_subtype": "",
      "REQ_type": "",
      "_id": 116,
      "author_id": "not defined",
      "author_name": "Starr Weiner",
      "helpful": "0",
      "polarity": "",
      "rate": 1,
      "response": "Hi Starr, Sorry to hear you're having trouble. Please mail us with more details on this issue you're seeing: support@jorte.com Thank you",
      "response_date": [
        "January",
        "10",
        " 2018"
      ],
      "review": "I paid for the premium version and it's no longer there. Can you help Me? I'll rewrite my review afterwards I just can't reach anyone and I've lost all my important dates.",
      "review_date": [
        "January",
        "5",
        " 2018"
      ]
    },
    {
      "REQ_subtype": "",
      "REQ_type": "",
      "_id": 117,
      "author_id": "not defined",
      "author_name": "A Google user",
      "helpful": "0",
      "polarity": "",
      "rate": 3,
      "response": "Thanks for the feedback. Please check which Calendar you have set as your Default in Jorte, the Default calendar is where your events are saved, either Google Calendar, Jorte's My Calendar, or others. You can check this by: Open Jorte, Tap Calendar icon, Tap on Settings gear, Tap on Select Default Calendar here you can set & check your setting.",
      "response_date": [
        "December",
        "15",
        " 2017"
      ],
      "review": "I added few events to the calendar few days a ago.  I just change to a new phone today.  However,  few new events cannot not show in my new phone Jorte calendar as well as google calendar.   I think it has syn problem.  It is not as good as before.",
      "review_date": [
        "December",
        "14",
        " 2017"
      ]
    },
    {
      "REQ_subtype": "",
      "REQ_type": "",
      "_id": 118,
      "author_id": "not defined",
      "author_name": "Ann mccallister",
      "helpful": "0",
      "polarity": "",
      "rate": 2,
      "response": "Hi Ann, Sorry to hear you had this trouble. Please E-mail us: support@jorte.com with details. Do you save events on Google Calendar or locally in Jorte or sync to Jorte Cloud, and any other details that can help us to help you. Thanks!",
      "response_date": [
        "January",
        "2",
        " 2018"
      ],
      "review": "Didnt remind me of events until almost a week later.  Paid for premium . Wont pay for it again. Will stick to paper.",
      "review_date": [
        "December",
        "29",
        " 2017"
      ]
    },
    {
      "REQ_subtype": "",
      "REQ_type": "",
      "_id": 119,
      "author_id": "not defined",
      "author_name": "Tony Miller",
      "helpful": "1",
      "polarity": "",
      "rate": 5,
      "response": "",
      "response_date": "",
      "review": "It could be better, complicated at first, but once you get the hang of it, it does what its meant to.",
      "review_date": [
        "January",
        "6",
        " 2018"
      ]
    }
  ],
  "size": "Varies with devic",
  "url": "https://play.google.com/store/apps/details?id=jp.co.johospace.jorte",
  "version": "Varies with device"
}