{
  "categories": [
    "Shopping"
  ],
  "description": "Burton Menswear is one of the UK's leading men's clothing & fashion retailers, offering smart clothing for the modern man.With the new improved app, you can keep up to date with the latest men\u2019s fashion wherever you are, and discover new collections at your fingertips. Browse the entire catalogue easily, and search, save, share and shop for your favourites on-the-go. Now it\u2019s even faster to swipe between screens and find that perfect item to update your wardrobe. Download the new Burton Menswear app today.With the new Burton app you can:Shop our entire catalogue of men\u2019s clothingBrowse our most popular categories even if you are offlineBe the first to see what\u2019s New InGet advice on how to dress for certain occasions and read our latest style guidesRead the latest feature on what to wear now and how to style your wardrobeShare your favourite products with your friends via Twitter, Facebook or emailScan product bar-codes in store to save for later, read product reviews, share with friends or check stock in another store or onlineFind out what\u2019s new and how to wear the latest styles via the Burton blogFind your nearest Burton store wherever you are",
  "inc": "Arcadia Group Ltd",
  "intalled_count": "50,000",
  "last_update": [
    "June",
    "15",
    " 2018"
  ],
  "name": "Burton",
  "offered_by": "Google Commerce Ltd",
  "permissions": {
    "Device & app history": [
      "read sensitive log data"
    ],
    "Location": [
      "approximate location (network-based)",
      "precise location (GPS and network-based)"
    ],
    "Photos/Media/Files": [
      "read the contents of your USB storage",
      "modify or delete the contents of your USB storage"
    ],
    "Storage": [
      "read the contents of your USB storage",
      "modify or delete the contents of your USB storage"
    ],
    "Camera": [
      "take pictures and videos"
    ],
    "Wi-Fi connection information": [
      "view Wi-Fi connections"
    ],
    "Other": [
      "receive data from Internet",
      "view network connections",
      "full network access",
      "run at startup",
      "control vibration",
      "prevent device from sleeping",
      "read Google service configuration"
    ]
  },
  "price": "",
  "rate": [
    [
      "595",
      "3.5"
    ],
    [
      "178",
      "5"
    ],
    [
      "154",
      "4"
    ],
    [
      "122",
      "3"
    ],
    [
      "42",
      "2"
    ],
    [
      "99",
      "1"
    ]
  ],
  "required_android": "4.3",
  "reviews": [
    {
      "REQ_subtype": "",
      "REQ_type": "",
      "_id": 0,
      "author_id": "not defined",
      "author_name": "mickey moreland",
      "helpful": "0",
      "polarity": "",
      "rate": 1,
      "response": "",
      "response_date": "",
      "review": "Most frustrating app .Won't let me go to check out . Keeps freezing . Now \nended up with 3 pairs of the same shoes in my basket and can't empty it \n.waste of time . Going to get shot of it .",
      "review_date": [
        "April",
        "20",
        " 2018"
      ]
    },
    {
      "REQ_subtype": "",
      "REQ_type": "",
      "_id": 1,
      "author_id": "not defined",
      "author_name": "Stephan Murdoch",
      "helpful": "0",
      "polarity": "",
      "rate": 1,
      "response": "",
      "response_date": "",
      "review": "The app doesn't work. Let's you view clothes but won't let you view the \nbasket or pay for them so there is no point to it.",
      "review_date": [
        "May",
        "11",
        " 2018"
      ]
    },
    {
      "REQ_subtype": "",
      "REQ_type": "",
      "_id": 2,
      "author_id": "not defined",
      "author_name": "Ash Thomson",
      "helpful": "0",
      "polarity": "",
      "rate": 3,
      "response": "",
      "response_date": "",
      "review": "Not great - and barely even good - by anybody's standards, but it does the job (though oftentimes slowly). It's literally just a mobile port of the website, but it works.",
      "review_date": [
        "April",
        "8",
        " 2018"
      ]
    },
    {
      "REQ_subtype": "",
      "REQ_type": "",
      "_id": 3,
      "author_id": "not defined",
      "author_name": "Laurence Sims",
      "helpful": "0",
      "polarity": "",
      "rate": 1,
      "response": "",
      "response_date": "",
      "review": "Keep trying to purchase clothes. In basket it says I have no items but have \n\u00a311.25. Won't show me what I'm buying or take me to check out. Sony Xperia X",
      "review_date": [
        "May",
        "11",
        " 2018"
      ]
    },
    {
      "REQ_subtype": "",
      "REQ_type": "",
      "_id": 4,
      "author_id": "not defined",
      "author_name": "Sean F",
      "helpful": "0",
      "polarity": "",
      "rate": 1,
      "response": "",
      "response_date": "",
      "review": "Out of all the major clothing websites, this one looks and acts awful on \ntablets.",
      "review_date": [
        "May",
        "11",
        " 2018"
      ]
    },
    {
      "REQ_subtype": "",
      "REQ_type": "",
      "_id": 5,
      "author_id": "not defined",
      "author_name": "R Bravo",
      "helpful": "1",
      "polarity": "",
      "rate": 3,
      "response": "",
      "response_date": "",
      "review": "When requesting that your item is delivered to a store it only gives two options for Nottingham but when you use the website you have the choice of 7 or more",
      "review_date": [
        "April",
        "3",
        " 2018"
      ]
    },
    {
      "REQ_subtype": "",
      "REQ_type": "",
      "_id": 6,
      "author_id": "not defined",
      "author_name": "paul rayner",
      "helpful": "0",
      "polarity": "",
      "rate": 3,
      "response": "",
      "response_date": "",
      "review": "Apps OK but needs a zoom function",
      "review_date": [
        "March",
        "24",
        " 2018"
      ]
    },
    {
      "REQ_subtype": "",
      "REQ_type": "",
      "_id": 7,
      "author_id": "not defined",
      "author_name": "A Google user",
      "helpful": "2",
      "polarity": "",
      "rate": 1,
      "response": "",
      "response_date": "",
      "review": "Freezing",
      "review_date": [
        "February",
        "27",
        " 2018"
      ]
    },
    {
      "REQ_subtype": "",
      "REQ_type": "",
      "_id": 8,
      "author_id": "not defined",
      "author_name": "Shynade Newbold",
      "helpful": "1",
      "polarity": "",
      "rate": 1,
      "response": "",
      "response_date": "",
      "review": "I loved this app but the last couple of days it's freezing and won't add anything to my basket and I'm not the only one..help it's Christmas!!",
      "review_date": [
        "December",
        "8",
        " 2017"
      ]
    },
    {
      "REQ_subtype": "",
      "REQ_type": "",
      "_id": 9,
      "author_id": "not defined",
      "author_name": "Paul Maher",
      "helpful": "0",
      "polarity": "",
      "rate": 1,
      "response": "",
      "response_date": "",
      "review": "Error : 'your checkout has been closed due yo inactivity' whenever I try to view a product cripples the app",
      "review_date": [
        "February",
        "13",
        " 2018"
      ]
    },
    {
      "REQ_subtype": "",
      "REQ_type": "",
      "_id": 10,
      "author_id": "not defined",
      "author_name": "Steve Watts",
      "helpful": "0",
      "polarity": "",
      "rate": 2,
      "response": "",
      "response_date": "",
      "review": "Items being added to bag but showing zero. Can't edit bag or proceed to checkout.",
      "review_date": [
        "January",
        "18",
        " 2018"
      ]
    },
    {
      "REQ_subtype": "",
      "REQ_type": "",
      "_id": 11,
      "author_id": "not defined",
      "author_name": "Gregor Smith",
      "helpful": "1",
      "polarity": "",
      "rate": 1,
      "response": "",
      "response_date": "",
      "review": "Wont even open before the app crashs",
      "review_date": [
        "February",
        "4",
        " 2018"
      ]
    },
    {
      "REQ_subtype": "",
      "REQ_type": "",
      "_id": 12,
      "author_id": "not defined",
      "author_name": "Sunil H",
      "helpful": "2",
      "polarity": "",
      "rate": 2,
      "response": "",
      "response_date": "",
      "review": "Company gone downhill",
      "review_date": [
        "November",
        "1",
        " 2017"
      ]
    },
    {
      "REQ_subtype": "",
      "REQ_type": "",
      "_id": 13,
      "author_id": "not defined",
      "author_name": "Yackov Rubin",
      "helpful": "1",
      "polarity": "",
      "rate": 1,
      "response": "",
      "response_date": "",
      "review": "Works fine till I try checking out. The app just freezes and shuts down.",
      "review_date": [
        "October",
        "10",
        " 2017"
      ]
    },
    {
      "REQ_subtype": "",
      "REQ_type": "",
      "_id": 14,
      "author_id": "not defined",
      "author_name": "Tahmedur Rahman",
      "helpful": "4",
      "polarity": "",
      "rate": 5,
      "response": "",
      "response_date": "",
      "review": "Great app!   I love Burton!! I buy pretty much all my clothes from them. From belts to Tailored fit suits I have a lot of things in my Cupboard that has Burton on it. I love the suits and they are great on me. I wanted something affordable and trendy for my new job and my friend recommended Burton when I went there at first. I brought a lot of suits and I have to say I love them.   Carry on with the good offers and keep it up!",
      "review_date": [
        "February",
        "5",
        " 2017"
      ]
    },
    {
      "REQ_subtype": "",
      "REQ_type": "",
      "_id": 15,
      "author_id": "not defined",
      "author_name": "Mark Pascoe",
      "helpful": "0",
      "polarity": "",
      "rate": 1,
      "response": "",
      "response_date": "",
      "review": "Very poor. Browsing is great buy pointless as when you click checkout \nnothing is there in your basket, other than the total price! What a waste \nof time (literally!)",
      "review_date": [
        "June",
        "13",
        " 2018"
      ]
    },
    {
      "REQ_subtype": "",
      "REQ_type": "",
      "_id": 16,
      "author_id": "not defined",
      "author_name": "Sajid Muhammad",
      "helpful": "1",
      "polarity": "",
      "rate": 3,
      "response": "",
      "response_date": "",
      "review": "Hh",
      "review_date": [
        "August",
        "5",
        " 2017"
      ]
    },
    {
      "REQ_subtype": "",
      "REQ_type": "",
      "_id": 17,
      "author_id": "not defined",
      "author_name": "Harrison Webb",
      "helpful": "6",
      "polarity": "",
      "rate": 3,
      "response": "",
      "response_date": "",
      "review": "App works great all the way to finding address at checkout, then fails",
      "review_date": [
        "January",
        "5",
        " 2017"
      ]
    },
    {
      "REQ_subtype": "",
      "REQ_type": "",
      "_id": 18,
      "author_id": "not defined",
      "author_name": "ibrahim adam",
      "helpful": "0",
      "polarity": "",
      "rate": 1,
      "response": "",
      "response_date": "",
      "review": "Try to open it and it says Burton has stopped",
      "review_date": [
        "December",
        "27",
        " 2016"
      ]
    },
    {
      "REQ_subtype": "",
      "REQ_type": "",
      "_id": 19,
      "author_id": "not defined",
      "author_name": "Daniel Harrison",
      "helpful": "4",
      "polarity": "",
      "rate": 1,
      "response": "",
      "response_date": "",
      "review": "Just doesn't work anymore.",
      "review_date": [
        "December",
        "3",
        " 2016"
      ]
    },
    {
      "REQ_subtype": "",
      "REQ_type": "",
      "_id": 20,
      "author_id": "not defined",
      "author_name": "Jamil Ahmed",
      "helpful": "3",
      "polarity": "",
      "rate": 1,
      "response": "",
      "response_date": "",
      "review": "Error message when trying to access certain subcategories. Did your devs test this app before pushing it to live? Why is there no visual feedback when adding an item to your wishlist? Why are you using legacy Android UI elements? Heard of Material Design?",
      "review_date": [
        "July",
        "29",
        " 2016"
      ]
    },
    {
      "REQ_subtype": "",
      "REQ_type": "",
      "_id": 21,
      "author_id": "not defined",
      "author_name": "Dee Jay",
      "helpful": "2",
      "polarity": "",
      "rate": 2,
      "response": "",
      "response_date": "",
      "review": "Suits won't load, keep saying problem with Internet connection even when I'm connected to my wifi, other products loads ok",
      "review_date": [
        "July",
        "24",
        " 2016"
      ]
    },
    {
      "REQ_subtype": "",
      "REQ_type": "",
      "_id": 22,
      "author_id": "not defined",
      "author_name": "Joan katende",
      "helpful": "3",
      "polarity": "",
      "rate": 5,
      "response": "",
      "response_date": "",
      "review": "The website was so easy to navigate, initial order despatched and received quickly with email updates regarding delivery, my order was delivered quickly, great products for a reasonable price! I am extremely satisfied and very happy with their products, i definitely recommend it to everyone \ud83d\ude1a\ud83d\ude1a\ud83d\ude1a\ud83d\ude1a\ud83d\ude1a",
      "review_date": [
        "May",
        "14",
        " 2016"
      ]
    },
    {
      "REQ_subtype": "",
      "REQ_type": "",
      "_id": 23,
      "author_id": "not defined",
      "author_name": "Aboali Altawousi",
      "helpful": "7",
      "polarity": "",
      "rate": 5,
      "response": "",
      "response_date": "",
      "review": "Very good condition and service and prices",
      "review_date": [
        "January",
        "26",
        " 2016"
      ]
    },
    {
      "REQ_subtype": "",
      "REQ_type": "",
      "_id": 24,
      "author_id": "not defined",
      "author_name": "matthew renner",
      "helpful": "4",
      "polarity": "",
      "rate": 4,
      "response": "",
      "response_date": "",
      "review": "Anyone having issues with this app. I suggest you uninstall the app. restart phone and then reinstall the app. works great now. :)",
      "review_date": [
        "August",
        "14",
        " 2015"
      ]
    },
    {
      "REQ_subtype": "",
      "REQ_type": "",
      "_id": 25,
      "author_id": "not defined",
      "author_name": "Tom Lee",
      "helpful": "1",
      "polarity": "",
      "rate": 5,
      "response": "",
      "response_date": "",
      "review": "Decent",
      "review_date": [
        "August",
        "21",
        " 2015"
      ]
    },
    {
      "REQ_subtype": "",
      "REQ_type": "",
      "_id": 26,
      "author_id": "not defined",
      "author_name": "Daniel Lee",
      "helpful": "2",
      "polarity": "",
      "rate": 1,
      "response": "",
      "response_date": "",
      "review": "Like others have said, you can only view 1 item per category. When will a hot fix be live?",
      "review_date": [
        "May",
        "25",
        " 2015"
      ]
    },
    {
      "REQ_subtype": "",
      "REQ_type": "",
      "_id": 27,
      "author_id": "not defined",
      "author_name": "Terry Lindsay",
      "helpful": "6",
      "polarity": "",
      "rate": 1,
      "response": "",
      "response_date": "",
      "review": "Fed up of only seeing 1 item when looking for clothes. Have tried many times on various days. Come on Burton. Try harder. Apart from this its a good app. Only 1 star till it sorts issue out",
      "review_date": [
        "March",
        "24",
        " 2015"
      ]
    },
    {
      "REQ_subtype": "",
      "REQ_type": "",
      "_id": 28,
      "author_id": "not defined",
      "author_name": "Lee Cych",
      "helpful": "1",
      "polarity": "",
      "rate": 1,
      "response": "",
      "response_date": "",
      "review": "Used to be able to scroll through many items, now only shows 1 item at a time, I wanted to order my holiday items but I can't because it only shows 1 at a time, come on guys why play around with a great app and ruin it. Please fix asap. Get it back to what it was and you will get 5 stars",
      "review_date": [
        "July",
        "10",
        " 2015"
      ]
    },
    {
      "REQ_subtype": "",
      "REQ_type": "",
      "_id": 29,
      "author_id": "not defined",
      "author_name": "Phillip Ashton",
      "helpful": "2",
      "polarity": "",
      "rate": 1,
      "response": "",
      "response_date": "",
      "review": "Shows that there is 149 different types of casual shirt but shows me only 1. Why release a useless app? I don't hate the app it just doesn't do anything right.",
      "review_date": [
        "June",
        "12",
        " 2015"
      ]
    },
    {
      "REQ_subtype": "",
      "REQ_type": "",
      "_id": 30,
      "author_id": "not defined",
      "author_name": "Johnny Donnelly-Palmer",
      "helpful": "2",
      "polarity": "",
      "rate": 1,
      "response": "",
      "response_date": "",
      "review": "Only one item displayed per category. Get it fixed, Burton. You're letting yourselves down here.",
      "review_date": [
        "June",
        "28",
        " 2015"
      ]
    },
    {
      "REQ_subtype": "",
      "REQ_type": "",
      "_id": 31,
      "author_id": "not defined",
      "author_name": "Ryan Barrell",
      "helpful": "4",
      "polarity": "",
      "rate": 2,
      "response": "",
      "response_date": "",
      "review": "Now only showing one item per category for some reason? And the mobile site is rubbish now too so basically can't shop on the move at all.",
      "review_date": [
        "April",
        "13",
        " 2015"
      ]
    },
    {
      "REQ_subtype": "",
      "REQ_type": "",
      "_id": 32,
      "author_id": "not defined",
      "author_name": "A Google user",
      "helpful": "3",
      "polarity": "",
      "rate": 1,
      "response": "",
      "response_date": "",
      "review": "Do guys even bother carrying out UAT/internal testing before even launching an app? Or just blindly post it? One item of clothing in each section is just terrible! What's wrong with you lot?",
      "review_date": [
        "April",
        "26",
        " 2015"
      ]
    },
    {
      "REQ_subtype": "",
      "REQ_type": "",
      "_id": 33,
      "author_id": "not defined",
      "author_name": "Luke Clarke",
      "helpful": "6",
      "polarity": "",
      "rate": 1,
      "response": "",
      "response_date": "",
      "review": "Deleted and re - installed app but still only showing one item. This isn't very useful when wanting to purchase something",
      "review_date": [
        "March",
        "2",
        " 2015"
      ]
    },
    {
      "REQ_subtype": "",
      "REQ_type": "",
      "_id": 34,
      "author_id": "not defined",
      "author_name": "Leigh Machell",
      "helpful": "2",
      "polarity": "",
      "rate": 1,
      "response": "",
      "response_date": "",
      "review": "Only showing one item of clothing in each category, and when I tried to feed this back the 'contact us' page didn't work.",
      "review_date": [
        "June",
        "26",
        " 2015"
      ]
    },
    {
      "REQ_subtype": "",
      "REQ_type": "",
      "_id": 35,
      "author_id": "not defined",
      "author_name": "Michael Barnes",
      "helpful": "2",
      "polarity": "",
      "rate": 1,
      "response": "",
      "response_date": "",
      "review": "Only shows one item from each category. Multiple reviews with the same problem and yet the problem persists.",
      "review_date": [
        "July",
        "5",
        " 2015"
      ]
    },
    {
      "REQ_subtype": "",
      "REQ_type": "",
      "_id": 36,
      "author_id": "not defined",
      "author_name": "Peter Broughton",
      "helpful": "0",
      "polarity": "",
      "rate": 1,
      "response": "",
      "response_date": "",
      "review": "When searching for item. Lists plenty of items available but only shows 1 item. Useless",
      "review_date": [
        "May",
        "3",
        " 2015"
      ]
    },
    {
      "REQ_subtype": "",
      "REQ_type": "",
      "_id": 37,
      "author_id": "not defined",
      "author_name": "Jamie Paterson",
      "helpful": "0",
      "polarity": "",
      "rate": 1,
      "response": "",
      "response_date": "",
      "review": "Only shows one item per section, literally pointless app right now...",
      "review_date": [
        "June",
        "7",
        " 2015"
      ]
    },
    {
      "REQ_subtype": "",
      "REQ_type": "",
      "_id": 38,
      "author_id": "not defined",
      "author_name": "irelandofcourse",
      "helpful": "0",
      "polarity": "",
      "rate": 1,
      "response": "",
      "response_date": "",
      "review": "Advertises loads of items that are out of stock and only shows one item per category",
      "review_date": [
        "September",
        "12",
        " 2015"
      ]
    },
    {
      "REQ_subtype": "",
      "REQ_type": "",
      "_id": 39,
      "author_id": "not defined",
      "author_name": "Liam Hamilton",
      "helpful": "0",
      "polarity": "",
      "rate": 1,
      "response": "",
      "response_date": "",
      "review": "Was a great app, but has only been showing 1 item per page for months now, so it's completely useless.",
      "review_date": [
        "July",
        "25",
        " 2015"
      ]
    },
    {
      "REQ_subtype": "",
      "REQ_type": "",
      "_id": 40,
      "author_id": "not defined",
      "author_name": "alex moore",
      "helpful": "1",
      "polarity": "",
      "rate": 1,
      "response": "",
      "response_date": "",
      "review": "Only showing one item cant search for more... Tried reinstalling clearind local data no differance.",
      "review_date": [
        "December",
        "28",
        " 2014"
      ]
    },
    {
      "REQ_subtype": "",
      "REQ_type": "",
      "_id": 41,
      "author_id": "not defined",
      "author_name": "John Green",
      "helpful": "0",
      "polarity": "",
      "rate": 1,
      "response": "",
      "response_date": "",
      "review": "Only displays one item in each category.",
      "review_date": [
        "July",
        "19",
        " 2015"
      ]
    },
    {
      "REQ_subtype": "",
      "REQ_type": "",
      "_id": 42,
      "author_id": "not defined",
      "author_name": "Richard Martin",
      "helpful": "0",
      "polarity": "",
      "rate": 2,
      "response": "",
      "response_date": "",
      "review": "Only showing one item in each section",
      "review_date": [
        "April",
        "12",
        " 2015"
      ]
    },
    {
      "REQ_subtype": "",
      "REQ_type": "",
      "_id": 43,
      "author_id": "not defined",
      "author_name": "Ashley Bell",
      "helpful": "0",
      "polarity": "",
      "rate": 1,
      "response": "",
      "response_date": "",
      "review": "Only shows on item per catogory! Update needed!!",
      "review_date": [
        "March",
        "22",
        " 2015"
      ]
    },
    {
      "REQ_subtype": "",
      "REQ_type": "",
      "_id": 44,
      "author_id": "not defined",
      "author_name": "Gots2 getpaid",
      "helpful": "0",
      "polarity": "",
      "rate": 1,
      "response": "",
      "response_date": "",
      "review": "Stupid! stupid! stupid!-doesnt have anything in stock ANYTHING! Wtf",
      "review_date": [
        "February",
        "20",
        " 2015"
      ]
    },
    {
      "REQ_subtype": "",
      "REQ_type": "",
      "_id": 45,
      "author_id": "not defined",
      "author_name": "Chris Dunstan",
      "helpful": "0",
      "polarity": "",
      "rate": 1,
      "response": "",
      "response_date": "",
      "review": "Used to be a good app. Now only shows one item",
      "review_date": [
        "June",
        "21",
        " 2015"
      ]
    },
    {
      "REQ_subtype": "",
      "REQ_type": "",
      "_id": 46,
      "author_id": "not defined",
      "author_name": "Daniel Rogers",
      "helpful": "0",
      "polarity": "",
      "rate": 1,
      "response": "",
      "response_date": "",
      "review": "Absolute rubbish!!",
      "review_date": [
        "July",
        "7",
        " 2015"
      ]
    },
    {
      "REQ_subtype": "",
      "REQ_type": "",
      "_id": 47,
      "author_id": "not defined",
      "author_name": "Russell Webb",
      "helpful": "1",
      "polarity": "",
      "rate": 1,
      "response": "",
      "response_date": "",
      "review": "Only showing 1 iteam when you search. Sort it out !",
      "review_date": [
        "June",
        "6",
        " 2015"
      ]
    },
    {
      "REQ_subtype": "",
      "REQ_type": "",
      "_id": 48,
      "author_id": "not defined",
      "author_name": "Chris Scott",
      "helpful": "0",
      "polarity": "",
      "rate": 1,
      "response": "",
      "response_date": "",
      "review": "When will somebody fix this app ??????? Only showing one item might lose ya some customers",
      "review_date": [
        "April",
        "4",
        " 2015"
      ]
    },
    {
      "REQ_subtype": "",
      "REQ_type": "",
      "_id": 49,
      "author_id": "not defined",
      "author_name": "James Smithson",
      "helpful": "0",
      "polarity": "",
      "rate": 1,
      "response": "",
      "response_date": "",
      "review": "Nothing in stock. Have they gone bust?",
      "review_date": [
        "February",
        "21",
        " 2015"
      ]
    },
    {
      "REQ_subtype": "",
      "REQ_type": "",
      "_id": 50,
      "author_id": "not defined",
      "author_name": "Waleed Arafat",
      "helpful": "0",
      "polarity": "",
      "rate": 1,
      "response": "",
      "response_date": "",
      "review": "Shows only 1 item",
      "review_date": [
        "June",
        "22",
        " 2015"
      ]
    },
    {
      "REQ_subtype": "",
      "REQ_type": "",
      "_id": 51,
      "author_id": "not defined",
      "author_name": "D jamaluddin",
      "helpful": "0",
      "polarity": "",
      "rate": 1,
      "response": "",
      "response_date": "",
      "review": "Useless",
      "review_date": [
        "July",
        "3",
        " 2015"
      ]
    },
    {
      "REQ_subtype": "",
      "REQ_type": "",
      "_id": 52,
      "author_id": "not defined",
      "author_name": "Conor Callan",
      "helpful": "3",
      "polarity": "",
      "rate": 2,
      "response": "",
      "response_date": "",
      "review": "Refining items by size doesn't refine them at all. Have to individually go into every item to see if they have your size. App is pretty pointless until they fix this",
      "review_date": [
        "December",
        "29",
        " 2013"
      ]
    },
    {
      "REQ_subtype": "",
      "REQ_type": "",
      "_id": 53,
      "author_id": "not defined",
      "author_name": "Owen Hughes",
      "helpful": "1",
      "polarity": "",
      "rate": 3,
      "response": "",
      "response_date": "",
      "review": "When I click on the wishlist it either doesn't load and the app crashes, or it has completely different items to what I had placed. Needs fixing because I've lost what I wanted to buy twice now.",
      "review_date": [
        "July",
        "13",
        " 2014"
      ]
    },
    {
      "REQ_subtype": "",
      "REQ_type": "",
      "_id": 54,
      "author_id": "not defined",
      "author_name": "Davey Richards",
      "helpful": "1",
      "polarity": "",
      "rate": 4,
      "response": "",
      "response_date": "",
      "review": "I always find with these types of app there is always a little something missing, don't get me wrong it does exactly what you would need it to from a clothing store app but as I said they are always a little lacking",
      "review_date": [
        "January",
        "5",
        " 2014"
      ]
    },
    {
      "REQ_subtype": "",
      "REQ_type": "",
      "_id": 55,
      "author_id": "not defined",
      "author_name": "Inderjeet Singh",
      "helpful": "1",
      "polarity": "",
      "rate": 3,
      "response": "",
      "response_date": "",
      "review": "The UI is good but having to be forced to use location services for finding stores or stock is a let down",
      "review_date": [
        "July",
        "13",
        " 2014"
      ]
    },
    {
      "REQ_subtype": "",
      "REQ_type": "",
      "_id": 56,
      "author_id": "not defined",
      "author_name": "Ian Hughes",
      "helpful": "0",
      "polarity": "",
      "rate": 1,
      "response": "",
      "response_date": "",
      "review": "Tried to filter jeans by size which it said it did but then displayed all items which were out of stock.",
      "review_date": [
        "July",
        "27",
        " 2014"
      ]
    },
    {
      "REQ_subtype": "",
      "REQ_type": "",
      "_id": 57,
      "author_id": "not defined",
      "author_name": "Mick O'Donnell",
      "helpful": "0",
      "polarity": "",
      "rate": 2,
      "response": "",
      "response_date": "",
      "review": "Doesn't appear to always have current deals. Most of the time the stock levels are out no matter which shop you put in.",
      "review_date": [
        "November",
        "8",
        " 2014"
      ]
    },
    {
      "REQ_subtype": "",
      "REQ_type": "",
      "_id": 58,
      "author_id": "not defined",
      "author_name": "D Sheppard",
      "helpful": "0",
      "polarity": "",
      "rate": 1,
      "response": "",
      "response_date": "",
      "review": "Why have items on there to only find out u can't buy them online pointless app waste of time",
      "review_date": [
        "January",
        "3",
        " 2014"
      ]
    },
    {
      "REQ_subtype": "",
      "REQ_type": "",
      "_id": 59,
      "author_id": "not defined",
      "author_name": "Paul Blake",
      "helpful": "1",
      "polarity": "",
      "rate": 4,
      "response": "",
      "response_date": "",
      "review": "A very good app. What  could make it a bit better world be a zoom zoom feature",
      "review_date": [
        "January",
        "2",
        " 2014"
      ]
    },
    {
      "REQ_subtype": "",
      "REQ_type": "",
      "_id": 60,
      "author_id": "not defined",
      "author_name": "Brett P",
      "helpful": "0",
      "polarity": "",
      "rate": 2,
      "response": "",
      "response_date": "",
      "review": "Even when you have bought  something it fails to empty the basket!  Aswell as other bugs..",
      "review_date": [
        "March",
        "23",
        " 2015"
      ]
    },
    {
      "REQ_subtype": "",
      "REQ_type": "",
      "_id": 61,
      "author_id": "not defined",
      "author_name": "Rob Marsh",
      "helpful": "0",
      "polarity": "",
      "rate": 5,
      "response": "",
      "response_date": "",
      "review": "Great app straight from the off.  Very easy to navigate, fast and intuitive with some nice extra feetures.  A must if you like the Burton brand.",
      "review_date": [
        "October",
        "27",
        " 2013"
      ]
    },
    {
      "REQ_subtype": "",
      "REQ_type": "",
      "_id": 62,
      "author_id": "not defined",
      "author_name": "Jack Turner",
      "helpful": "0",
      "polarity": "",
      "rate": 1,
      "response": "",
      "response_date": "",
      "review": "Does any one else have issues with the payment sections",
      "review_date": [
        "September",
        "7",
        " 2014"
      ]
    },
    {
      "REQ_subtype": "",
      "REQ_type": "",
      "_id": 63,
      "author_id": "not defined",
      "author_name": "Thomas little",
      "helpful": "0",
      "polarity": "",
      "rate": 1,
      "response": "",
      "response_date": "",
      "review": "Samsung s4, says it is updating the database but never updates and only seems to display female clothes even though its burtons",
      "review_date": [
        "February",
        "16",
        " 2014"
      ]
    },
    {
      "REQ_subtype": "",
      "REQ_type": "",
      "_id": 64,
      "author_id": "not defined",
      "author_name": "Owen Morley",
      "helpful": "3",
      "polarity": "",
      "rate": 5,
      "response": "",
      "response_date": "",
      "review": "I've been waiting for this to come to Android for a while",
      "review_date": [
        "October",
        "1",
        " 2013"
      ]
    },
    {
      "REQ_subtype": "",
      "REQ_type": "",
      "_id": 65,
      "author_id": "not defined",
      "author_name": "Benjamin Creasey",
      "helpful": "0",
      "polarity": "",
      "rate": 3,
      "response": "",
      "response_date": "",
      "review": "App keeps crashing please sort it out.",
      "review_date": [
        "August",
        "17",
        " 2014"
      ]
    },
    {
      "REQ_subtype": "",
      "REQ_type": "",
      "_id": 66,
      "author_id": "not defined",
      "author_name": "Jordan Packham",
      "helpful": "1",
      "polarity": "",
      "rate": 1,
      "response": "",
      "response_date": "",
      "review": "App doesn't load, crashes instantly",
      "review_date": [
        "December",
        "27",
        " 2013"
      ]
    },
    {
      "REQ_subtype": "",
      "REQ_type": "",
      "_id": 67,
      "author_id": "not defined",
      "author_name": "Jake Carney",
      "helpful": "0",
      "polarity": "",
      "rate": 1,
      "response": "",
      "response_date": "",
      "review": "No payment details options",
      "review_date": [
        "September",
        "8",
        " 2014"
      ]
    },
    {
      "REQ_subtype": "",
      "REQ_type": "",
      "_id": 68,
      "author_id": "not defined",
      "author_name": "Valentin Buzatu",
      "helpful": "1",
      "polarity": "",
      "rate": 1,
      "response": "",
      "response_date": "",
      "review": "Not working",
      "review_date": [
        "April",
        "19",
        " 2014"
      ]
    },
    {
      "REQ_subtype": "",
      "REQ_type": "",
      "_id": 69,
      "author_id": "not defined",
      "author_name": "Sajeel Malik",
      "helpful": "0",
      "polarity": "",
      "rate": 4,
      "response": "",
      "response_date": "",
      "review": "Amazing app but really slow.",
      "review_date": [
        "October",
        "12",
        " 2014"
      ]
    },
    {
      "REQ_subtype": "",
      "REQ_type": "",
      "_id": 70,
      "author_id": "not defined",
      "author_name": "John Robinson",
      "helpful": "0",
      "polarity": "",
      "rate": 5,
      "response": "",
      "response_date": "",
      "review": "Easy to use. Store check function too.",
      "review_date": [
        "December",
        "13",
        " 2013"
      ]
    },
    {
      "REQ_subtype": "",
      "REQ_type": "",
      "_id": 71,
      "author_id": "not defined",
      "author_name": "Syed Hasan",
      "helpful": "0",
      "polarity": "",
      "rate": 5,
      "response": "",
      "response_date": "",
      "review": "Very good",
      "review_date": [
        "December",
        "5",
        " 2013"
      ]
    },
    {
      "REQ_subtype": "",
      "REQ_type": "",
      "_id": 72,
      "author_id": "not defined",
      "author_name": "Andrew Stuart",
      "helpful": "0",
      "polarity": "",
      "rate": 5,
      "response": "",
      "response_date": "",
      "review": "Amazing shop",
      "review_date": [
        "April",
        "12",
        " 2014"
      ]
    },
    {
      "REQ_subtype": "",
      "REQ_type": "",
      "_id": 73,
      "author_id": "not defined",
      "author_name": "Dan Bland",
      "helpful": "0",
      "polarity": "",
      "rate": 4,
      "response": "",
      "response_date": "",
      "review": "Decent",
      "review_date": [
        "December",
        "26",
        " 2013"
      ]
    },
    {
      "REQ_subtype": "",
      "REQ_type": "",
      "_id": 74,
      "author_id": "not defined",
      "author_name": "Neil Fisk",
      "helpful": "0",
      "polarity": "",
      "rate": 4,
      "response": "",
      "response_date": "",
      "review": "Works on my S3 but says it's not compatible with my Nexus 7 (gen 1, stock 4.3). However, a quick side load later and it works just as well on the tablet. Not sure why they think it's incompatible? Anyway, the app is very good. It offers a great range of all types of clothes, in loads of sizes. Good job.",
      "review_date": [
        "October",
        "29",
        " 2013"
      ]
    },
    {
      "REQ_subtype": "",
      "REQ_type": "",
      "_id": 75,
      "author_id": "not defined",
      "author_name": "Paul Whittaker",
      "helpful": "0",
      "polarity": "",
      "rate": 2,
      "response": "",
      "response_date": "",
      "review": "I keep getting an error saying I've lost internet connection and my filters reset. I know I still have a connection and even if I didn't why rest my filters? Avoid this and just use the website",
      "review_date": [
        "September",
        "8",
        " 2016"
      ]
    },
    {
      "REQ_subtype": "",
      "REQ_type": "",
      "_id": 76,
      "author_id": "not defined",
      "author_name": "Otis Smith",
      "helpful": "0",
      "polarity": "",
      "rate": 1,
      "response": "",
      "response_date": "",
      "review": "I don't often shop at Burton and to be honest it is not hard to see why. I strongly believe that Burton has potential to be an uprising retailer but the app is less than appealing and simply doesn't cut it.",
      "review_date": [
        "October",
        "8",
        " 2016"
      ]
    },
    {
      "REQ_subtype": "",
      "REQ_type": "",
      "_id": 77,
      "author_id": "not defined",
      "author_name": "Colin Groves",
      "helpful": "0",
      "polarity": "",
      "rate": 1,
      "response": "",
      "response_date": "",
      "review": "Like all the Arcadia group apps, it doesn't work, totally useless, uninstalled.",
      "review_date": [
        "April",
        "19",
        " 2015"
      ]
    },
    {
      "REQ_subtype": "",
      "REQ_type": "",
      "_id": 78,
      "author_id": "not defined",
      "author_name": "Arvin Rabida",
      "helpful": "0",
      "polarity": "",
      "rate": 1,
      "response": "",
      "response_date": "",
      "review": "Very poor application. Only shows 1 item at a time.",
      "review_date": [
        "July",
        "19",
        " 2015"
      ]
    },
    {
      "REQ_subtype": "",
      "REQ_type": "",
      "_id": 79,
      "author_id": "not defined",
      "author_name": "Michael Kelly",
      "helpful": "0",
      "polarity": "",
      "rate": 1,
      "response": "",
      "response_date": "",
      "review": "Only shows one item",
      "review_date": [
        "May",
        "15",
        " 2015"
      ]
    },
    {
      "REQ_subtype": "",
      "REQ_type": "",
      "_id": 80,
      "author_id": "not defined",
      "author_name": "Andy Phillpots",
      "helpful": "0",
      "polarity": "",
      "rate": 1,
      "response": "",
      "response_date": "",
      "review": "Only showing 1 item of clothing still!! Been this way for months now!",
      "review_date": [
        "July",
        "24",
        " 2015"
      ]
    },
    {
      "REQ_subtype": "",
      "REQ_type": "",
      "_id": 81,
      "author_id": "not defined",
      "author_name": "Ben J",
      "helpful": "0",
      "polarity": "",
      "rate": 1,
      "response": "",
      "response_date": "",
      "review": "Burton sort your life out and get your online stock up and running",
      "review_date": [
        "March",
        "29",
        " 2015"
      ]
    },
    {
      "REQ_subtype": "",
      "REQ_type": "",
      "_id": 82,
      "author_id": "not defined",
      "author_name": "Cheng Huat Low",
      "helpful": "0",
      "polarity": "",
      "rate": 5,
      "response": "",
      "response_date": "",
      "review": "None",
      "review_date": [
        "June",
        "9",
        " 2017"
      ]
    },
    {
      "REQ_subtype": "",
      "REQ_type": "",
      "_id": 83,
      "author_id": "not defined",
      "author_name": "Cecil Green",
      "helpful": "0",
      "polarity": "",
      "rate": 4,
      "response": "",
      "response_date": "",
      "review": "Cecil",
      "review_date": [
        "August",
        "1",
        " 2016"
      ]
    },
    {
      "REQ_subtype": "",
      "REQ_type": "",
      "_id": 84,
      "author_id": "not defined",
      "author_name": "Merline Beauty",
      "helpful": "0",
      "polarity": "",
      "rate": 5,
      "response": "",
      "response_date": "",
      "review": "Good app",
      "review_date": [
        "December",
        "13",
        " 2013"
      ]
    }
  ],
  "size": "17",
  "url": "https://play.google.com/store/apps/details?id=com.arcadia.burton",
  "version": "3.0.12"
}