{
  "categories": [
    "Business"
  ],
  "description": "Skype for Business, formerly Lync 2013, for Android extends the power of Lync and Skype to your favorite mobile device: voice & video over wireless, rich presence, instant messaging, conferencing, and calling features from a single, easy-to-use interface.Key Features:-Initiate a group IM or video conversation and invite additional participants-Join, rejoin and initiate a Skype for Business Meeting to communicate and collaborate on amazing ideas-Share your video and view speaker's video during a conference-Control the meeting (mute or remove attendees) and know more about participants\u2019 modalities-Look at your upcoming meetings and join via one click-Find your recent conversations and pick them up from where you left -Search your contacts by name, email, or phone number-Enhanced security via Active Directory Authentication Library (ADAL) Anyone can use the Skype for Business Mobile app when invited to a Skype for Business or Lync 2013 meeting. However, you must have a Skype for Business or Lync account in order to use (and enjoy) the full capability of the Skype for Business Mobile app. Also, some functionality might require an update to Lync or Skype for Business Server or might not be available to all users. If you\u2019re not sure about your account status, please contact your IT departmentIMPORTANT: THIS SOFTWARE REQUIRES CONNECTIVITY TO VALIDLY LICENSED COPIES OF MICROSOFT LYNC OR SKYPE FOR BUSINESS SERVER OR OFFICE 365 / LYNC ONLINE / SKYPE FOR BUSINESS ONLINE AND WILL NOT WORK WITHOUT IT. UPDATES TO MICROSOFT LYNC SERVER OR SKYPE FOR BUSINESS MAY BE REQUIRED FOR PROPER PERFORMANCE. SOME FUNCTIONALITY MAY NOT BE AVAILABLE IN ALL COUNTRIES. IF YOU ARE UNSURE ABOUT YOUR COMPANY\u2019S LICENSE TO AND/OR DEPLOYMENT OF LYNC OR SKYPE FOR BUSINESS, PLEASE CONTACT YOUR IT DEPARTMENT. SKYPE FOR BUSINESS APP IS ONLY AVAILABLE FOR Android 4.0 OR GREATER.",
  "inc": "Microsoft Corporation",
  "intalled_count": "10,000,000",
  "last_update": [
    "May",
    "17",
    " 2018"
  ],
  "name": "Skype for Business for Android",
  "offered_by": "Google Commerce Ltd",
  "permissions": {
    "Device & app history": [
      "read sensitive log data"
    ],
    "Identity": [
      "find accounts on the device",
      "add or remove accounts"
    ],
    "Calendar": [
      "read calendar events plus confidential information"
    ],
    "Contacts": [
      "find accounts on the device",
      "read your contacts",
      "modify your contacts"
    ],
    "Phone": [
      "directly call phone numbers",
      "read phone status and identity"
    ],
    "Photos/Media/Files": [
      "read the contents of your USB storage",
      "modify or delete the contents of your USB storage"
    ],
    "Storage": [
      "read the contents of your USB storage",
      "modify or delete the contents of your USB storage"
    ],
    "Camera": [
      "take pictures and videos"
    ],
    "Microphone": [
      "record audio"
    ],
    "Wi-Fi connection information": [
      "view Wi-Fi connections"
    ],
    "Device ID & call information": [
      "read phone status and identity"
    ],
    "Other": [
      "read sync statistics",
      "receive data from Internet",
      "view network connections",
      "create accounts and set passwords",
      "pair with Bluetooth devices",
      "send sticky broadcast",
      "change network connectivity",
      "allow Wi-Fi Multicast reception",
      "connect and disconnect from Wi-Fi",
      "full network access",
      "change your audio settings",
      "read sync settings",
      "use accounts on the device",
      "control vibration",
      "prevent device from sleeping",
      "toggle sync on and off",
      "view network connections",
      "create accounts and set passwords",
      "pair with Bluetooth devices",
      "send sticky broadcast",
      "change network connectivity",
      "allow Wi-Fi Multicast reception",
      "connect and disconnect from Wi-Fi",
      "full network access",
      "change your audio settings",
      "read sync settings",
      "draw over other apps",
      "use accounts on the device",
      "control vibration",
      "prevent device from sleeping",
      "modify system settings",
      "toggle sync on and off"
    ]
  },
  "price": "",
  "rate": [
    [
      "77,525",
      "3.9"
    ],
    [
      "42,351",
      "5"
    ],
    [
      "13,072",
      "4"
    ],
    [
      "7,687",
      "3"
    ],
    [
      "4,077",
      "2"
    ],
    [
      "10,338",
      "1"
    ]
  ],
  "required_android": "Varies with",
  "reviews": [
    {
      "REQ_subtype": "",
      "REQ_type": "",
      "_id": 0,
      "author_id": "not defined",
      "author_name": "Matthew Pauley",
      "helpful": "0",
      "polarity": "",
      "rate": 2,
      "response": "",
      "response_date": "",
      "review": "Read a good number of the reviews just before rating this. My comments are \ncompletely in sync with other users experiences - staying in sync, \nsomething this app doesn't do! Running latest Android version on the Galaxy \nS8. One thing I didn't see mentioned is that when a push notification comes \nthrough and I click on it to open the convo in the app, the message \ndissappears. Every time. Please fix as I use this as a primary \ncommunication source for business along with the desktop version.",
      "review_date": [
        "June",
        "12",
        " 2018"
      ]
    },
    {
      "REQ_subtype": "",
      "REQ_type": "",
      "_id": 1,
      "author_id": "not defined",
      "author_name": "Rawr Skyes",
      "helpful": "21",
      "polarity": "",
      "rate": 1,
      "response": "",
      "response_date": "",
      "review": "Won't switch over to Bluetooth. Every other app will work with Bluetooth, \nthis app even gives me the option to swap to Bluetooth but the audio \ncontinues to play out through the device. Running on a Pixel 2. Is a bit of \na joke considering this is one of the core functions of the app...",
      "review_date": [
        "June",
        "13",
        " 2018"
      ]
    },
    {
      "REQ_subtype": "",
      "REQ_type": "",
      "_id": 2,
      "author_id": "not defined",
      "author_name": "Valgar\u00f0ur Gu\u00f0j\u00f3nsson",
      "helpful": "2",
      "polarity": "",
      "rate": 1,
      "response": "",
      "response_date": "",
      "review": "Most of the time it says it cannot connect (to a meeting that works fine in Windows) no explanation, the few times it connects it disconnects after a few seconds, again without explanation.  \"Hijacks\" my calls, always offers me to call using, no (obvious) way to turn off or set my regular phone as a default.  Constant messaging about statuses that I need to confirm.",
      "review_date": [
        "July",
        "4",
        " 2018"
      ]
    },
    {
      "REQ_subtype": "",
      "REQ_type": "",
      "_id": 3,
      "author_id": "not defined",
      "author_name": "alan teal",
      "helpful": "0",
      "polarity": "",
      "rate": 2,
      "response": "",
      "response_date": "",
      "review": "When I click on a msg it does not open in the app I just have a blank msg \npane with the contact. So I have to ask them what they sent. The app \nfeedback button does not work and I just get sent to the faq website. Also \nI can't copy text in a msg. This stuff is basic. Please resolve as this \ncould be a really useful app",
      "review_date": [
        "May",
        "14",
        " 2018"
      ]
    },
    {
      "REQ_subtype": "",
      "REQ_type": "",
      "_id": 4,
      "author_id": "not defined",
      "author_name": "Hugh Ogilvy",
      "helpful": "10",
      "polarity": "",
      "rate": 1,
      "response": "",
      "response_date": "",
      "review": "Surprisingly terrible for what is supposed to be a professional app. \nConstantly can't connect to the server, or update, plus a myriad of other \nbugs and issues, including not being able to see messages that just came \nin. The iPhone app works perfectly well, why can't you make this one work \nwell? Quite disappointed and definitely surprised for what is supposed to \nbe a professional company",
      "review_date": [
        "June",
        "14",
        " 2018"
      ]
    },
    {
      "REQ_subtype": "",
      "REQ_type": "",
      "_id": 5,
      "author_id": "not defined",
      "author_name": "A Google user",
      "helpful": "0",
      "polarity": "",
      "rate": 1,
      "response": "",
      "response_date": "",
      "review": "all the time I get the message that it couldn't get connected to the \nserver. the messages arrive 30 min later to my email. only use it because I \nhave to due to work. not sure what is the difficulty to make it like \ntelegram or whatsapp. in fast connections is ok but forget about it \noverseas or under 3G",
      "review_date": [
        "May",
        "30",
        " 2018"
      ]
    },
    {
      "REQ_subtype": "",
      "REQ_type": "",
      "_id": 6,
      "author_id": "not defined",
      "author_name": "Simon Brink",
      "helpful": "33",
      "polarity": "",
      "rate": 1,
      "response": "",
      "response_date": "",
      "review": "Skype used to be great, now it crashes, the interface is really crappy and \nun-intuitive, and you can't stop it from running when you don't want it to \n(drains battery badly), and you do this in the past. I used to be able to \nlog in with my gmail account, but no longer. Crappyb add-filled junk. I \nwill be looking at better communication tools.",
      "review_date": [
        "May",
        "25",
        " 2018"
      ]
    },
    {
      "REQ_subtype": "",
      "REQ_type": "",
      "_id": 7,
      "author_id": "not defined",
      "author_name": "Josh Weigner",
      "helpful": "0",
      "polarity": "",
      "rate": 1,
      "response": "",
      "response_date": "",
      "review": "The worst app from a major developer that I've used. Frustratingly slow, \ncrashes when making phone calls, dial pad misses numbers pressed, audio \ndoes not always transfer to Bluetooth properly (have to end the call and \nrestart). The list goes on and on. Let's hope the Teams app is better.",
      "review_date": [
        "May",
        "31",
        " 2018"
      ]
    },
    {
      "REQ_subtype": "",
      "REQ_type": "",
      "_id": 8,
      "author_id": "not defined",
      "author_name": "Paul Weller",
      "helpful": "0",
      "polarity": "",
      "rate": 1,
      "response": "",
      "response_date": "",
      "review": "It sucks. It cannot do anything that any other app can do. Don't get to a \nmessage immediately? Don't worry, it's gone. Meetings drop, or can't \nconnect. It is really the worst app and I could only wish my company would \nswitch to something that functions as we cannot be productive with this \ngarbage.",
      "review_date": [
        "May",
        "14",
        " 2018"
      ]
    },
    {
      "REQ_subtype": "",
      "REQ_type": "",
      "_id": 9,
      "author_id": "not defined",
      "author_name": "Mike Gilbert",
      "helpful": "4",
      "polarity": "",
      "rate": 2,
      "response": "",
      "response_date": "",
      "review": "App works ok but puts disruptive notifications on lock screen and 2 big \nnotifications in swipe down notification area, and no way to turn them off \nor close them. They aren't even useful like missed call, just one that says \nrunning and one that says signed in. Can you imagine if every app put up \ntwo permanent notifications plus a permanent bar on the lock screen? Get \nrid of these and I'd be more willing to leave the app running.",
      "review_date": [
        "June",
        "9",
        " 2018"
      ]
    },
    {
      "REQ_subtype": "",
      "REQ_type": "",
      "_id": 10,
      "author_id": "not defined",
      "author_name": "Anthony Schexnaildre",
      "helpful": "3",
      "polarity": "",
      "rate": 1,
      "response": "",
      "response_date": "",
      "review": "The normal Skype app has gotten worse but not nearly as terrible as skype \nfor business. Tons of bugs including the fact that the application just \nhangs with an ANR now when joining a meeting invite. It's pretty much \nworthless now.",
      "review_date": [
        "June",
        "13",
        " 2018"
      ]
    },
    {
      "REQ_subtype": "",
      "REQ_type": "",
      "_id": 11,
      "author_id": "not defined",
      "author_name": "Rohit Krishna Gupta",
      "helpful": "9",
      "polarity": "",
      "rate": 1,
      "response": "",
      "response_date": "",
      "review": "Poor app and not user friendly. Automatically logged out after updating the \napplication and could not login again even after trying multiple times. Now \ninstalling again after uninstallation, don't know what will happen.",
      "review_date": [
        "May",
        "21",
        " 2018"
      ]
    },
    {
      "REQ_subtype": "",
      "REQ_type": "",
      "_id": 12,
      "author_id": "not defined",
      "author_name": "Travis Moore",
      "helpful": "4",
      "polarity": "",
      "rate": 1,
      "response": "",
      "response_date": "",
      "review": "Still qwerky as hell. I have to use regular Skype to enjoy the program at \nall. MS Partner with O365 business accounts, but this app is useless. They \nneed to do away with this and just make one Skype program. Same thing with \nOneNote.",
      "review_date": [
        "June",
        "18",
        " 2018"
      ]
    },
    {
      "REQ_subtype": "",
      "REQ_type": "",
      "_id": 13,
      "author_id": "not defined",
      "author_name": "Zebulon Griggs",
      "helpful": "2",
      "polarity": "",
      "rate": 3,
      "response": "",
      "response_date": "",
      "review": "Bugs galore when trying to make and receive phone calls. Joining meetings \nis a pain if not impossible at times. Mute and unmute are completely \nunreliable. Sometimes need to hang up and call back to be able to speak \nagain.",
      "review_date": [
        "June",
        "7",
        " 2018"
      ]
    },
    {
      "REQ_subtype": "",
      "REQ_type": "",
      "_id": 14,
      "author_id": "not defined",
      "author_name": "Nick K",
      "helpful": "26",
      "polarity": "",
      "rate": 2,
      "response": "",
      "response_date": "",
      "review": "messages never sync between desktop and mobile versions. interface is \nweird, showing multiple versions of same conversations.. takes forever to \nlogin, to update people status. bad all around. unbelievable.",
      "review_date": [
        "May",
        "13",
        " 2018"
      ]
    },
    {
      "REQ_subtype": "",
      "REQ_type": "",
      "_id": 15,
      "author_id": "not defined",
      "author_name": "Matt Berman",
      "helpful": "3",
      "polarity": "",
      "rate": 2,
      "response": "",
      "response_date": "",
      "review": "Seems to get slower and slower; now it complains I need to close the app \nand restart it due to an error. Restarting the app, restarting the phone, \nreinstalling the app - all have no effect. Not a promising sign for what \nwas a promising app.",
      "review_date": [
        "June",
        "26",
        " 2018"
      ]
    },
    {
      "REQ_subtype": "",
      "REQ_type": "",
      "_id": 16,
      "author_id": "not defined",
      "author_name": "Mike Ryan",
      "helpful": "6",
      "polarity": "",
      "rate": 1,
      "response": "",
      "response_date": "",
      "review": "Dreadful app. Appalling excuse for a messaging application. Very, very slow and clunky, no syncing between devices, conversation history very difficult to use. Incredibly poorly thought through. Microsoft should be ashamed of this product.",
      "review_date": [
        "May",
        "28",
        " 2018"
      ]
    },
    {
      "REQ_subtype": "",
      "REQ_type": "",
      "_id": 17,
      "author_id": "not defined",
      "author_name": "saleem ali",
      "helpful": "0",
      "polarity": "",
      "rate": 1,
      "response": "",
      "response_date": "",
      "review": "The app does not work on one plus 5 running android 8. It always comes up \nwith the msg that 'we cannot connect to server'. I can connect quite easily \non laptop or pc but not via android phone. It works well on iPhone too.",
      "review_date": [
        "June",
        "13",
        " 2018"
      ]
    },
    {
      "REQ_subtype": "",
      "REQ_type": "",
      "_id": 18,
      "author_id": "not defined",
      "author_name": "A Google user",
      "helpful": "3",
      "polarity": "",
      "rate": 1,
      "response": "",
      "response_date": "",
      "review": "One of the crappiest apps around. Takes so much of time on my Oneplus 3 to \nconnect to the server, sync statuses and join calls. Neither the UI is \nslick as it should be nor it is intuitive in any way. Lot of performance \nimprovements needed for this to even become barely usable.",
      "review_date": [
        "June",
        "18",
        " 2018"
      ]
    },
    {
      "REQ_subtype": "",
      "REQ_type": "",
      "_id": 19,
      "author_id": "not defined",
      "author_name": "Utpal Biswas",
      "helpful": "0",
      "polarity": "",
      "rate": 4,
      "response": "",
      "response_date": "",
      "review": "Dear Microsoft ... please allow us (App Users) to enable VOIP & Video calls \nusing Mobile Data. In India , we have GBs of mobile data offered by our \ntelecom operators. Now Mobile data is not a concern for us. Overall the App \nis very useful for corporate users.",
      "review_date": [
        "May",
        "24",
        " 2018"
      ]
    },
    {
      "REQ_subtype": "",
      "REQ_type": "",
      "_id": 20,
      "author_id": "not defined",
      "author_name": "RAJAT BHARDWAJ",
      "helpful": "1",
      "polarity": "",
      "rate": 5,
      "response": "",
      "response_date": "",
      "review": "Good app at times but sometimes it starts showing please update the chrome \napp message and South failure.. that time is very frustrating.. tried \nmultiple things frim answers and community but no use.. can you please help",
      "review_date": [
        "June",
        "28",
        " 2018"
      ]
    },
    {
      "REQ_subtype": "",
      "REQ_type": "",
      "_id": 21,
      "author_id": "not defined",
      "author_name": "A Google user",
      "helpful": "2",
      "polarity": "",
      "rate": 2,
      "response": "",
      "response_date": "",
      "review": "This app is a disaster. Does not work with bluetooth, crashes upon simple \nthings like answering a VoIP call, and exchange sync with my work calendar \nappointments works only sometimes. I've missed several important work calls \nwhen relying on Skype due to technical issues. Please fix the core features!",
      "review_date": [
        "June",
        "25",
        " 2018"
      ]
    },
    {
      "REQ_subtype": "",
      "REQ_type": "",
      "_id": 22,
      "author_id": "not defined",
      "author_name": "Chantel J",
      "helpful": "3",
      "polarity": "",
      "rate": 1,
      "response": "",
      "response_date": "",
      "review": "Wish I could give it zero stars. Doesn't even deserve 1 star. Wish it \nworked like Jabber at my last company. It was a great app. Do better Skype, \nso useless I uninstalled.",
      "review_date": [
        "June",
        "22",
        " 2018"
      ]
    },
    {
      "REQ_subtype": "",
      "REQ_type": "",
      "_id": 23,
      "author_id": "not defined",
      "author_name": "Arik Nguyen",
      "helpful": "2",
      "polarity": "",
      "rate": 1,
      "response": "",
      "response_date": "",
      "review": "Unable to sign-in, using Google PIXEL 2 XL - Android 8.0. No issues with my credential as it is working with iOS devices.",
      "review_date": [
        "June",
        "28",
        " 2018"
      ]
    },
    {
      "REQ_subtype": "",
      "REQ_type": "",
      "_id": 24,
      "author_id": "not defined",
      "author_name": "A Google user",
      "helpful": "0",
      "polarity": "",
      "rate": 3,
      "response": "",
      "response_date": "",
      "review": "I find that this app has a habit of not working exactly when you need it. I \ndon't find it reliable enough to be useful on an on going basis. There are \nmany times I will be connected and will be unable to make or receive a \nphone call. When I dial it will just hang up immediately and say the number \ndoesn't exist and when receiving a call it will ring for the person calling \nfor a while and then disconnect but not allow for voicemail. There is no \nway to know when this is going to happen either because the app still shows \nconnected on my end in the notification window. I'm hoping this is \nsomething that is being worked on because the only way I will be able to \nuse this app is if I can rely on it. I will however say that when it DOES \nwork it works fantastically.",
      "review_date": [
        "May",
        "21",
        " 2018"
      ]
    },
    {
      "REQ_subtype": "",
      "REQ_type": "",
      "_id": 25,
      "author_id": "not defined",
      "author_name": "ArKay",
      "helpful": "4",
      "polarity": "",
      "rate": 1,
      "response": "",
      "response_date": "",
      "review": "Limited functionality, the functions it does offer barely work. Login \nseldom ever works. Slow as hell. This is supposed to be used by business \nusers. Microsoft at its worst.",
      "review_date": [
        "May",
        "22",
        " 2018"
      ]
    },
    {
      "REQ_subtype": "",
      "REQ_type": "",
      "_id": 26,
      "author_id": "not defined",
      "author_name": "Sage Aucoin",
      "helpful": "2",
      "polarity": "",
      "rate": 1,
      "response": "",
      "response_date": "",
      "review": "It's okay at best, at other times it can't figure out whether to send \nmessages to my phone or my laptop. Compared to the normal desktop app, this \nis worse in almost every way.",
      "review_date": [
        "May",
        "25",
        " 2018"
      ]
    },
    {
      "REQ_subtype": "",
      "REQ_type": "",
      "_id": 27,
      "author_id": "not defined",
      "author_name": "Claudio Martinica",
      "helpful": "2",
      "polarity": "",
      "rate": 1,
      "response": "",
      "response_date": "",
      "review": "Chat experience is horrible, if someone sends you a message while your \nphone is locked, chances are you will only be able to read it if you see \nthe notification. If you go to the app directly, it will be an empty chat \n95% of the time.",
      "review_date": [
        "June",
        "21",
        " 2018"
      ]
    },
    {
      "REQ_subtype": "",
      "REQ_type": "",
      "_id": 28,
      "author_id": "not defined",
      "author_name": "Mohamed Bahardeen",
      "helpful": "1",
      "polarity": "",
      "rate": 1,
      "response": "",
      "response_date": "",
      "review": "Worst meeting app ever, join experience is terrible, defaults to data \nnetwork for voice which is terrible, meant to be a mobile app, but unable \nto be mobile when in a meeting. Use an enterprise grade app like webex.",
      "review_date": [
        "June",
        "27",
        " 2018"
      ]
    },
    {
      "REQ_subtype": "",
      "REQ_type": "",
      "_id": 29,
      "author_id": "not defined",
      "author_name": "Adarsh Lal",
      "helpful": "1",
      "polarity": "",
      "rate": 2,
      "response": "",
      "response_date": "",
      "review": "Hi I was using Skype for business for some time, everything was perfect \nuntil last Friday. From last Friday its crashing all the time. I am not \nable to make calls or not able to send messages.",
      "review_date": [
        "June",
        "26",
        " 2018"
      ]
    },
    {
      "REQ_subtype": "",
      "REQ_type": "",
      "_id": 30,
      "author_id": "not defined",
      "author_name": "A Google user",
      "helpful": "1",
      "polarity": "",
      "rate": 1,
      "response": "",
      "response_date": "",
      "review": "Worst app... It is to let us know when we recieve a msg.. but here we \nshould have to check for the msgs always by opening the app",
      "review_date": [
        "June",
        "6",
        " 2018"
      ]
    },
    {
      "REQ_subtype": "",
      "REQ_type": "",
      "_id": 31,
      "author_id": "not defined",
      "author_name": "Scott Eisenhardt",
      "helpful": "3",
      "polarity": "",
      "rate": 1,
      "response": "",
      "response_date": "",
      "review": "I've used this app on different android devices and it is consistently \nbarely usable. Freezes all the time. Slow. Struggles with calls and \nnotifications. Honestly the only app I have ever had trouble with.",
      "review_date": [
        "June",
        "8",
        " 2018"
      ]
    },
    {
      "REQ_subtype": "",
      "REQ_type": "",
      "_id": 32,
      "author_id": "not defined",
      "author_name": "Khushbu Joshi",
      "helpful": "3",
      "polarity": "",
      "rate": 5,
      "response": "",
      "response_date": "",
      "review": "latest version bug: app crashes after call. Cannot hang up. Moto g4 plus. \nOS. 6.0",
      "review_date": [
        "May",
        "17",
        " 2018"
      ]
    },
    {
      "REQ_subtype": "",
      "REQ_type": "",
      "_id": 33,
      "author_id": "not defined",
      "author_name": "A Google user",
      "helpful": "2",
      "polarity": "",
      "rate": 1,
      "response": "",
      "response_date": "",
      "review": "The app closes every time after minimizing. Problem specifically exists in \nWork profile when installed using MobileIron Go.",
      "review_date": [
        "May",
        "16",
        " 2018"
      ]
    },
    {
      "REQ_subtype": "",
      "REQ_type": "",
      "_id": 34,
      "author_id": "not defined",
      "author_name": "A Google user",
      "helpful": "8",
      "polarity": "",
      "rate": 1,
      "response": "",
      "response_date": "",
      "review": "Terrible implementation of the system from an enterprise level company, no \nsync between desktop and phone, conversations split into many segments \n(sometimes up to 10). Impossible to use reliably for business",
      "review_date": [
        "May",
        "15",
        " 2018"
      ]
    },
    {
      "REQ_subtype": "",
      "REQ_type": "",
      "_id": 35,
      "author_id": "not defined",
      "author_name": "Theo Stylianides",
      "helpful": "2",
      "polarity": "",
      "rate": 1,
      "response": "",
      "response_date": "",
      "review": "Doesn't sync between laptop and phone. Splits conversations in different parts for some reason. If a discussion comes to your phone you can't see it on laptop. Terrible application in general. Can't be used for business really.",
      "review_date": [
        "May",
        "22",
        " 2018"
      ]
    },
    {
      "REQ_subtype": "",
      "REQ_type": "",
      "_id": 36,
      "author_id": "not defined",
      "author_name": "Clarence Hanson",
      "helpful": "4",
      "polarity": "",
      "rate": 1,
      "response": "",
      "response_date": "",
      "review": "Like others have said, it is in many ways worse to have this app then to \nnot because if you try to actually read a message from someone it does not \nshow up in the app, and the computer! Can't believe this has not been fixed \n.",
      "review_date": [
        "June",
        "21",
        " 2018"
      ]
    },
    {
      "REQ_subtype": "",
      "REQ_type": "",
      "_id": 37,
      "author_id": "not defined",
      "author_name": "Michael Linder",
      "helpful": "3",
      "polarity": "",
      "rate": 1,
      "response": "",
      "response_date": "",
      "review": "Incoming messages are going to my desktop session rather than my mobile \nsession. How hard can it be to sync messages across all logged in sessions? \nBasically, you cannot reliably send and receive messages with this app. \nGarbage, especially for a professional app.",
      "review_date": [
        "June",
        "29",
        " 2018"
      ]
    },
    {
      "REQ_subtype": "",
      "REQ_type": "",
      "_id": 38,
      "author_id": "not defined",
      "author_name": "Sarah Crisp",
      "helpful": "0",
      "polarity": "",
      "rate": 4,
      "response": "",
      "response_date": "",
      "review": "Love Skype for Business, except sometimes this app on my phone rings if \nsomeone is calling me, but no display shows a green button to answer the \ncall so I can't answer. I just have to go back in and call them back, \notherwise, everything runs smoothly.",
      "review_date": [
        "July",
        "14",
        " 2018"
      ]
    },
    {
      "REQ_subtype": "",
      "REQ_type": "",
      "_id": 39,
      "author_id": "not defined",
      "author_name": "Nishant Garodia",
      "helpful": "0",
      "polarity": "",
      "rate": 5,
      "response": "",
      "response_date": "",
      "review": "Business meeting was never so convenient before we moved to Skype for \nbusiness. Best experience so far. Quick to connect, share contents, join \nvoice calls... All so smooth. Thanks.",
      "review_date": [
        "June",
        "25",
        " 2018"
      ]
    },
    {
      "REQ_subtype": "",
      "REQ_type": "",
      "_id": 40,
      "author_id": "not defined",
      "author_name": "Andrew Hubbard",
      "helpful": "0",
      "polarity": "",
      "rate": 5,
      "response": "",
      "response_date": "",
      "review": "Useful app. It finally allows me to separate personal Skype and business \ncontacts. Which stopped me using Skype for personal use as I'd get business \ncalls during my personal time.",
      "review_date": [
        "July",
        "12",
        " 2018"
      ]
    },
    {
      "REQ_subtype": "",
      "REQ_type": "",
      "_id": 41,
      "author_id": "not defined",
      "author_name": "Vijayakumar Machanuru",
      "helpful": "4",
      "polarity": "",
      "rate": 1,
      "response": "",
      "response_date": "",
      "review": "Meeting calls dropped and not able to re-join. Not able to receive messages \nand meeting invites immediately",
      "review_date": [
        "May",
        "14",
        " 2018"
      ]
    },
    {
      "REQ_subtype": "",
      "REQ_type": "",
      "_id": 42,
      "author_id": "not defined",
      "author_name": "Arce Barit Jr",
      "helpful": "2",
      "polarity": "",
      "rate": 1,
      "response": "",
      "response_date": "",
      "review": "Unable to sign in to my account. The PC app works just fine but this \nAndroid version is not working.",
      "review_date": [
        "June",
        "8",
        " 2018"
      ]
    },
    {
      "REQ_subtype": "",
      "REQ_type": "",
      "_id": 43,
      "author_id": "not defined",
      "author_name": "Dhanesh Rajesh",
      "helpful": "2",
      "polarity": "",
      "rate": 3,
      "response": "",
      "response_date": "",
      "review": "It doesn't store credentials even if I opt for 'Save Password' and \neverytime I have to enter everything. Moreover, it doesn't give any alert \non conversations if it (UI) is closed.",
      "review_date": [
        "June",
        "14",
        " 2018"
      ]
    },
    {
      "REQ_subtype": "",
      "REQ_type": "",
      "_id": 44,
      "author_id": "not defined",
      "author_name": "Shankar Shanmugam",
      "helpful": "1",
      "polarity": "",
      "rate": 1,
      "response": "",
      "response_date": "",
      "review": "Worst Application...  i have entered correct user name and password but not working and also it was not showing the missed call properly. Rating is Zero.",
      "review_date": [
        "May",
        "24",
        " 2018"
      ]
    },
    {
      "REQ_subtype": "",
      "REQ_type": "",
      "_id": 45,
      "author_id": "not defined",
      "author_name": "pulkit goyal",
      "helpful": "4",
      "polarity": "",
      "rate": 1,
      "response": "",
      "response_date": "",
      "review": "This app is too slow. If I unmute in between call it takes a lot of time. \nEven on good network it has loads of lag..",
      "review_date": [
        "May",
        "15",
        " 2018"
      ]
    },
    {
      "REQ_subtype": "",
      "REQ_type": "",
      "_id": 46,
      "author_id": "not defined",
      "author_name": "Moadh Ben Sassi",
      "helpful": "0",
      "polarity": "",
      "rate": 3,
      "response": "",
      "response_date": "",
      "review": "Pity It doesn't have a good discussion history. But imo it's still way \nbetter than the desktop version.",
      "review_date": [
        "June",
        "6",
        " 2018"
      ]
    },
    {
      "REQ_subtype": "",
      "REQ_type": "",
      "_id": 47,
      "author_id": "not defined",
      "author_name": "Soroush Kohan",
      "helpful": "0",
      "polarity": "",
      "rate": 5,
      "response": "",
      "response_date": "",
      "review": "Finally a solid app that you can rely on...I see a very small bus here and \nthere like changing speaker or mice does not come up easily during meeting, \nbut not always. Also, Microsoft can always improve the desktop sharing to \nmake it more user friendly and faster. This is a great product to compete \nwith WebEX or GoToMeeting. Thank you Skype team",
      "review_date": [
        "June",
        "22",
        " 2018"
      ]
    },
    {
      "REQ_subtype": "",
      "REQ_type": "",
      "_id": 48,
      "author_id": "not defined",
      "author_name": "Brian Adams",
      "helpful": "0",
      "polarity": "",
      "rate": 3,
      "response": "",
      "response_date": "",
      "review": "Basic features. Still no MFA support. With options like Hangouts, etc., \nit's surprising Microsoft still has such a weak position in this space.",
      "review_date": [
        "July",
        "5",
        " 2018"
      ]
    },
    {
      "REQ_subtype": "",
      "REQ_type": "",
      "_id": 49,
      "author_id": "not defined",
      "author_name": "Aaron Casper",
      "helpful": "1",
      "polarity": "",
      "rate": 4,
      "response": "",
      "response_date": "",
      "review": "One feature I'd like to see is support for persistent chat rooms. Otherwise \nit's very handy to have s4b in my pocket.",
      "review_date": [
        "June",
        "16",
        " 2018"
      ]
    },
    {
      "REQ_subtype": "",
      "REQ_type": "",
      "_id": 50,
      "author_id": "not defined",
      "author_name": "Brett Koger",
      "helpful": "0",
      "polarity": "",
      "rate": 1,
      "response": "",
      "response_date": "",
      "review": "-If someone send me an IM it is normally about 10 mins behind when they \nsend the message. I get the email saying I missed the message before I get \nthe message on the app. -Audio quality is pretty good using the App \n-Presentation quality in meetings is really bad. Most of the time the \nmeeting only load half the screen and when someone swaps slides. I see part \nof the previous slide and the current slide. -Meeting experience is really \nbad. A lot of times I get disconnected from the call after being on a \nmeeting for 20 or 30 mins. -After finishing a meeting before I can join \nanother meeting I have to close the app and reopen it to join a new \nmeeting. -When I am on a phone call with a person they can't share their \nscreen with me. You can only view shared content while in a meeting. -I \ncan't share my screen on my device in the meeting nor with someone I call \neven if they have the Skype client on their PC. -When in a meeting I have \nto use the VoIP Audio, I can't have it call out to my cell phone or another \nphone and stay in the meeting. Lots of work needs to be done before this \napplication is good.",
      "review_date": [
        "May",
        "21",
        " 2018"
      ]
    },
    {
      "REQ_subtype": "",
      "REQ_type": "",
      "_id": 51,
      "author_id": "not defined",
      "author_name": "A Google user",
      "helpful": "0",
      "polarity": "",
      "rate": 5,
      "response": "",
      "response_date": "",
      "review": "I'm continuously frustrated with this app. Too often does it just shut down \nin the middle of a conference call, but the most frustrating thing is that \nsince days I cannot even log into the phone app version as it keeps telling \nme my password is incorrect although it isn't! How to get help???",
      "review_date": [
        "June",
        "7",
        " 2018"
      ]
    },
    {
      "REQ_subtype": "",
      "REQ_type": "",
      "_id": 52,
      "author_id": "not defined",
      "author_name": "Kevin Brooks",
      "helpful": "4",
      "polarity": "",
      "rate": 2,
      "response": "",
      "response_date": "",
      "review": "Can't sign in after update. It doesn't quite sync right with Skype for \nBusiness. Also, it is a pretty big battery drain when it runs.",
      "review_date": [
        "May",
        "12",
        " 2018"
      ]
    },
    {
      "REQ_subtype": "",
      "REQ_type": "",
      "_id": 53,
      "author_id": "not defined",
      "author_name": "Amy Iannone",
      "helpful": "0",
      "polarity": "",
      "rate": 1,
      "response": "",
      "response_date": "",
      "review": "I love Microsoft products but am VERY disappointed in Skype for Business. I \nreally need a solution like GoToWebinar, StartMeeting or Zoom, and Skype \nfor Business is not like this at all. Microsoft needs to make it comparable \nor make an app that is to keep up.",
      "review_date": [
        "May",
        "22",
        " 2018"
      ]
    },
    {
      "REQ_subtype": "",
      "REQ_type": "",
      "_id": 54,
      "author_id": "not defined",
      "author_name": "Dan Manell",
      "helpful": "0",
      "polarity": "",
      "rate": 1,
      "response": "",
      "response_date": "",
      "review": "I was excited when my workplace started using this. That excitement quickly dissipated into disappointment. This app has absolutely nothing to do with the other Skype. It doesn't even work in similar ways. Contacts and chat rooms you have to look for. The so called \"persistent\" chat rooms aren't even available in this app?!?  You can't continue a conversation on the computer that you started on your phone on vice versa. You can't even find it, it's like it never existed. Every time you start talking to someone it's a new conversation and a new chat. You can continue an old conversation, but it's a huge hassle and if it's \"archived\" you're s@#*t out of luck apparently. I would not touch this with a 100 foot pole, but now I don't have a choice.  However I have noticed that Microsoft is hard at work to minimize the differences between Skype and S4B by making regular Skype even worse. Good work.",
      "review_date": [
        "June",
        "15",
        " 2018"
      ]
    },
    {
      "REQ_subtype": "",
      "REQ_type": "",
      "_id": 55,
      "author_id": "not defined",
      "author_name": "RAVIKIRAN SHENOY",
      "helpful": "0",
      "polarity": "",
      "rate": 1,
      "response": "",
      "response_date": "",
      "review": "Crappy app. Notification appears and when you go to application, there's \nnothing. People complain back saying pings have bounced back. Also date of \neach conversation is shown as 01/01/1970. Lame and crappy app behaviour for \nstandards of one of the largest software company..",
      "review_date": [
        "July",
        "11",
        " 2018"
      ]
    },
    {
      "REQ_subtype": "",
      "REQ_type": "",
      "_id": 56,
      "author_id": "not defined",
      "author_name": "Christian Nielsen",
      "helpful": "1",
      "polarity": "",
      "rate": 1,
      "response": "",
      "response_date": "",
      "review": "The app sucks. Lever synched with desktop. Long delays. UI makes no sense \ncompared to other IMs or standard Skype. Let us have same IM as in Skype.",
      "review_date": [
        "May",
        "25",
        " 2018"
      ]
    },
    {
      "REQ_subtype": "",
      "REQ_type": "",
      "_id": 57,
      "author_id": "not defined",
      "author_name": "Kanchana Ramasubramanian",
      "helpful": "0",
      "polarity": "",
      "rate": 1,
      "response": "",
      "response_date": "",
      "review": "I don't understand why I need to link my outlook to my Skype. Before I had \nan option not to do it and just use skype, but now it forces me to login \nin. It is frustrating especially if your organisation has not opted for \noutlook on phone.",
      "review_date": [
        "July",
        "6",
        " 2018"
      ]
    },
    {
      "REQ_subtype": "",
      "REQ_type": "",
      "_id": 58,
      "author_id": "not defined",
      "author_name": "CRTC Studios",
      "helpful": "1",
      "polarity": "",
      "rate": 1,
      "response": "",
      "response_date": "",
      "review": "In short, if you are using a hosted S4B, this client does not work. It \nseems to be looking for hosted MSFT services. Totally useless",
      "review_date": [
        "June",
        "22",
        " 2018"
      ]
    },
    {
      "REQ_subtype": "",
      "REQ_type": "",
      "_id": 59,
      "author_id": "not defined",
      "author_name": "Suraphun Aungwerojanawot",
      "helpful": "0",
      "polarity": "",
      "rate": 1,
      "response": "",
      "response_date": "",
      "review": "Worst app. Wouldn't use it if not for work.",
      "review_date": [
        "June",
        "7",
        " 2018"
      ]
    },
    {
      "REQ_subtype": "",
      "REQ_type": "",
      "_id": 60,
      "author_id": "not defined",
      "author_name": "Kyle Hoyda",
      "helpful": "2",
      "polarity": "",
      "rate": 1,
      "response": "",
      "response_date": "",
      "review": "Nothing but crashes. It's awful",
      "review_date": [
        "June",
        "15",
        " 2018"
      ]
    },
    {
      "REQ_subtype": "",
      "REQ_type": "",
      "_id": 61,
      "author_id": "not defined",
      "author_name": "A Google user",
      "helpful": "1",
      "polarity": "",
      "rate": 1,
      "response": "",
      "response_date": "",
      "review": "Won't stay connected, doesn't update when running in the background, and \nwon't reconnect or sign in unless I restart my phone.",
      "review_date": [
        "July",
        "3",
        " 2018"
      ]
    },
    {
      "REQ_subtype": "",
      "REQ_type": "",
      "_id": 62,
      "author_id": "not defined",
      "author_name": "A Google user",
      "helpful": "1",
      "polarity": "",
      "rate": 1,
      "response": "",
      "response_date": "",
      "review": "Don't like it when using this is rubbish is being forced on me by my \norganisation only because it's a Microsoft product. The whole office 365 is \nthe slowest ms office ever.",
      "review_date": [
        "July",
        "6",
        " 2018"
      ]
    },
    {
      "REQ_subtype": "",
      "REQ_type": "",
      "_id": 63,
      "author_id": "not defined",
      "author_name": "Vivek Vishwakarma",
      "helpful": "3",
      "polarity": "",
      "rate": 1,
      "response": "",
      "response_date": "",
      "review": "There should be an option to turn off/on status if using mobile device,it \nshould allow users to Not show if I am on mobile device or desktop/laptop",
      "review_date": [
        "May",
        "18",
        " 2018"
      ]
    },
    {
      "REQ_subtype": "",
      "REQ_type": "",
      "_id": 64,
      "author_id": "not defined",
      "author_name": "Antanas Babianskas",
      "helpful": "0",
      "polarity": "",
      "rate": 1,
      "response": "",
      "response_date": "",
      "review": "How to call a number from contact card using normal phone? Awful if you are \nlogged in simultaneously on phone and pc - half the message get lost, \ndepending which device receives message first. Totally useless if a person \nis offline, then it only displays error message without any options to send \nvia email or something.",
      "review_date": [
        "June",
        "22",
        " 2018"
      ]
    },
    {
      "REQ_subtype": "",
      "REQ_type": "",
      "_id": 65,
      "author_id": "not defined",
      "author_name": "Ivan Schustak",
      "helpful": "1",
      "polarity": "",
      "rate": 1,
      "response": "",
      "response_date": "",
      "review": "The latest update 6.20.0.7 crashes immediately upon opening, even after \nclearing cache and data.",
      "review_date": [
        "May",
        "22",
        " 2018"
      ]
    },
    {
      "REQ_subtype": "",
      "REQ_type": "",
      "_id": 66,
      "author_id": "not defined",
      "author_name": "Martin Steier",
      "helpful": "0",
      "polarity": "",
      "rate": 1,
      "response": "",
      "response_date": "",
      "review": "I would never use this app of my own free will. It's useless and also fails \nto sync between my phone and Skype for business on my PC. You get multiple \nchats with the same person and in general it fails at everything it \npossibly could fail at.",
      "review_date": [
        "May",
        "22",
        " 2018"
      ]
    },
    {
      "REQ_subtype": "",
      "REQ_type": "",
      "_id": 67,
      "author_id": "not defined",
      "author_name": "Gert Jensen",
      "helpful": "1",
      "polarity": "",
      "rate": 1,
      "response": "",
      "response_date": "",
      "review": "So inconsistent will only allow log in at random. Have reinstalled several \ntimes no improvement.",
      "review_date": [
        "May",
        "30",
        " 2018"
      ]
    },
    {
      "REQ_subtype": "",
      "REQ_type": "",
      "_id": 68,
      "author_id": "not defined",
      "author_name": "Bill Frizzell",
      "helpful": "0",
      "polarity": "",
      "rate": 5,
      "response": "",
      "response_date": "",
      "review": "I think many of the reviews criticizing the app or service are not \ncompletely accurate. Skype for business requires a rhird party VOIP \nprovider. Communication issues are often traced back to that provider, not \nthe Skype for Business app or Service.",
      "review_date": [
        "June",
        "28",
        " 2018"
      ]
    },
    {
      "REQ_subtype": "",
      "REQ_type": "",
      "_id": 69,
      "author_id": "not defined",
      "author_name": "Ankita Gupta",
      "helpful": "0",
      "polarity": "",
      "rate": 1,
      "response": "",
      "response_date": "",
      "review": "The login is so slow and the performance is worse than regular Skype on \nAndroid. Only use it as a last resource if you can't use the desktop \nversion due to mobility",
      "review_date": [
        "July",
        "10",
        " 2018"
      ]
    },
    {
      "REQ_subtype": "",
      "REQ_type": "",
      "_id": 70,
      "author_id": "not defined",
      "author_name": "Priyanka Kesavaram",
      "helpful": "0",
      "polarity": "",
      "rate": 5,
      "response": "",
      "response_date": "",
      "review": "There is a minor defect in the app. When i kill the app in Android and if \nsomeone tries to message me , we won't be receiving their first message. \nWhen they ping for the second time we will receive the message",
      "review_date": [
        "July",
        "2",
        " 2018"
      ]
    },
    {
      "REQ_subtype": "",
      "REQ_type": "",
      "_id": 71,
      "author_id": "not defined",
      "author_name": "Bitan Basak",
      "helpful": "1",
      "polarity": "",
      "rate": 1,
      "response": "",
      "response_date": "",
      "review": "The app is improper for corporate use, data is not in sync. Too slow to \nstart and authenticate.",
      "review_date": [
        "June",
        "2",
        " 2018"
      ]
    },
    {
      "REQ_subtype": "",
      "REQ_type": "",
      "_id": 72,
      "author_id": "not defined",
      "author_name": "Hariram R",
      "helpful": "0",
      "polarity": "",
      "rate": 3,
      "response": "",
      "response_date": "",
      "review": "A few bugs... The cursor for instance, if is clicked on a position it has \nwhite block surrounding the marker... Can't see the text behind.. also the \nconversations are not visible on pc nor those on pc visible in the app",
      "review_date": [
        "July",
        "6",
        " 2018"
      ]
    },
    {
      "REQ_subtype": "",
      "REQ_type": "",
      "_id": 73,
      "author_id": "not defined",
      "author_name": "Dan R",
      "helpful": "2",
      "polarity": "",
      "rate": 1,
      "response": "",
      "response_date": "",
      "review": "Can't even log in. Screen just goes white. Same on desktop. When \"delete my \nsign-in info\", I can't even reenter my password. Credentials still saved.",
      "review_date": [
        "May",
        "16",
        " 2018"
      ]
    },
    {
      "REQ_subtype": "",
      "REQ_type": "",
      "_id": 74,
      "author_id": "not defined",
      "author_name": "A Google user",
      "helpful": "1",
      "polarity": "",
      "rate": 1,
      "response": "",
      "response_date": "",
      "review": "No history, no syncronization to desktop, throttled calls and messages. And \nnot sometimes. Almost everytime.",
      "review_date": [
        "June",
        "11",
        " 2018"
      ]
    },
    {
      "REQ_subtype": "",
      "REQ_type": "",
      "_id": 75,
      "author_id": "not defined",
      "author_name": "Steffan H",
      "helpful": "1",
      "polarity": "",
      "rate": 2,
      "response": "",
      "response_date": "",
      "review": "When i unmute and start talking. App looses audio. Heard same feedback from \nseveral people. Fix it!!",
      "review_date": [
        "May",
        "18",
        " 2018"
      ]
    },
    {
      "REQ_subtype": "",
      "REQ_type": "",
      "_id": 76,
      "author_id": "not defined",
      "author_name": "Aleksander Stukov",
      "helpful": "0",
      "polarity": "",
      "rate": 1,
      "response": "",
      "response_date": "",
      "review": "I just can't believe Microsoft is delivering a crappy application like this \none. Absolutely awful, slow sync or no sync at all, non intuitive, ugly... \nIn the era of social networks, WhatsApp, Facebook or Twitter, there is no \nexcuse to publish an app that is so horrible to use. 0 out of 10. Not \nMicrosoft quality.",
      "review_date": [
        "May",
        "23",
        " 2018"
      ]
    },
    {
      "REQ_subtype": "",
      "REQ_type": "",
      "_id": 77,
      "author_id": "not defined",
      "author_name": "Ian Vindas Rojas",
      "helpful": "0",
      "polarity": "",
      "rate": 1,
      "response": "",
      "response_date": "",
      "review": "This is Just painfull to use. Super unstable and have to constantly clear \nthe app data to make it work again. It needs a serious revamp",
      "review_date": [
        "June",
        "15",
        " 2018"
      ]
    },
    {
      "REQ_subtype": "",
      "REQ_type": "",
      "_id": 78,
      "author_id": "not defined",
      "author_name": "iulian Dragomir",
      "helpful": "1",
      "polarity": "",
      "rate": 2,
      "response": "",
      "response_date": "",
      "review": "You can't trust it. I get the messages hours late. I receive the email \nnotification about the messages but not the message. It's good for \nconferences with phones and Skype together but that is all good about it.",
      "review_date": [
        "June",
        "22",
        " 2018"
      ]
    },
    {
      "REQ_subtype": "",
      "REQ_type": "",
      "_id": 79,
      "author_id": "not defined",
      "author_name": "IK110 IK110",
      "helpful": "0",
      "polarity": "",
      "rate": 1,
      "response": "",
      "response_date": "",
      "review": "I only get notifications that someone has send a message .. but I cannot \nsee that message so how do I reply. Nor I can join any Lync call",
      "review_date": [
        "July",
        "3",
        " 2018"
      ]
    },
    {
      "REQ_subtype": "",
      "REQ_type": "",
      "_id": 80,
      "author_id": "not defined",
      "author_name": "Aniket Pharande",
      "helpful": "0",
      "polarity": "",
      "rate": 5,
      "response": "",
      "response_date": "",
      "review": "Does all the things my desktop app does. Have not yet tried screen sharing \nbut that's the feature I use the least.",
      "review_date": [
        "July",
        "2",
        " 2018"
      ]
    },
    {
      "REQ_subtype": "",
      "REQ_type": "",
      "_id": 81,
      "author_id": "not defined",
      "author_name": "mukul gupta",
      "helpful": "0",
      "polarity": "",
      "rate": 2,
      "response": "",
      "response_date": "",
      "review": "Issue is with volume is too low in Skype app.I just updated to android oreo \nversion and volume gets too low in meetings I am not able to hear.",
      "review_date": [
        "July",
        "10",
        " 2018"
      ]
    },
    {
      "REQ_subtype": "",
      "REQ_type": "",
      "_id": 82,
      "author_id": "not defined",
      "author_name": "Vinayaka Karjigi",
      "helpful": "0",
      "polarity": "",
      "rate": 2,
      "response": "",
      "response_date": "",
      "review": "My meetings never getting synced. Though my password got changed, app still \nlogs in. Is it feature or bug",
      "review_date": [
        "May",
        "29",
        " 2018"
      ]
    },
    {
      "REQ_subtype": "",
      "REQ_type": "",
      "_id": 83,
      "author_id": "not defined",
      "author_name": "Tim Saveneh",
      "helpful": "0",
      "polarity": "",
      "rate": 1,
      "response": "",
      "response_date": "",
      "review": "99% chance it will not allow me to join a meeting. I miss WebEx, this has \nKILLED my mobility and productivity.",
      "review_date": [
        "July",
        "9",
        " 2018"
      ]
    },
    {
      "REQ_subtype": "",
      "REQ_type": "",
      "_id": 84,
      "author_id": "not defined",
      "author_name": "A Google user",
      "helpful": "0",
      "polarity": "",
      "rate": 1,
      "response": "",
      "response_date": "",
      "review": "Sucks , won't logon anymore. Typical support nonsense of uninstall and \nreload . Works on iPhone with less issues but still an abomination",
      "review_date": [
        "July",
        "15",
        " 2018"
      ]
    },
    {
      "REQ_subtype": "",
      "REQ_type": "",
      "_id": 85,
      "author_id": "not defined",
      "author_name": "Pranav Kankane",
      "helpful": "0",
      "polarity": "",
      "rate": 1,
      "response": "",
      "response_date": "",
      "review": "This application is crashing frequently and not working for Nokia 7 Plus. I \nhave to install this application again and again. Please fix this issue. \nNot able to use this application.",
      "review_date": [
        "June",
        "30",
        " 2018"
      ]
    },
    {
      "REQ_subtype": "",
      "REQ_type": "",
      "_id": 86,
      "author_id": "not defined",
      "author_name": "Hassan Ashraf",
      "helpful": "0",
      "polarity": "",
      "rate": 2,
      "response": "",
      "response_date": "",
      "review": "The app used to give notifications but now there are no notifications and \nI've missed important Skype messages and only realised once logging in. \nAlso I still don't understand which Skype message is sent to the laptop and \nwhich to the phone, why not receive the same on both?",
      "review_date": [
        "June",
        "1",
        " 2018"
      ]
    },
    {
      "REQ_subtype": "",
      "REQ_type": "",
      "_id": 87,
      "author_id": "not defined",
      "author_name": "Nguyen Minh Duc",
      "helpful": "0",
      "polarity": "",
      "rate": 1,
      "response": "",
      "response_date": "",
      "review": "Can't I send my letter? After I send my letter than it does not work, the \nkeyboard doesn't appear...pls fix this bug. I need this app for my business.",
      "review_date": [
        "May",
        "26",
        " 2018"
      ]
    },
    {
      "REQ_subtype": "",
      "REQ_type": "",
      "_id": 88,
      "author_id": "not defined",
      "author_name": "Richard Prime",
      "helpful": "0",
      "polarity": "",
      "rate": 1,
      "response": "",
      "response_date": "",
      "review": "Can sign into the desktop version no problem which is fine at my desk.. On \nmy mobile device won't login *ever*. Clear cache, clear all its data, \nuninstall, reinstall makes no difference.",
      "review_date": [
        "June",
        "15",
        " 2018"
      ]
    },
    {
      "REQ_subtype": "",
      "REQ_type": "",
      "_id": 89,
      "author_id": "not defined",
      "author_name": "Matias Juvonen",
      "helpful": "0",
      "polarity": "",
      "rate": 1,
      "response": "",
      "response_date": "",
      "review": "Come on this is just hopeless... Probably the worst ever. Just a very \nannoyingly badly made app and to think this is the professional version",
      "review_date": [
        "July",
        "7",
        " 2018"
      ]
    },
    {
      "REQ_subtype": "",
      "REQ_type": "",
      "_id": 90,
      "author_id": "not defined",
      "author_name": "A Google user",
      "helpful": "0",
      "polarity": "",
      "rate": 1,
      "response": "",
      "response_date": "",
      "review": "Available in settings but make apps crash. Re install many times. If ain't \nfor work use, will never use this",
      "review_date": [
        "May",
        "28",
        " 2018"
      ]
    },
    {
      "REQ_subtype": "",
      "REQ_type": "",
      "_id": 91,
      "author_id": "not defined",
      "author_name": "Michael Stricker",
      "helpful": "2",
      "polarity": "",
      "rate": 3,
      "response": "",
      "response_date": "",
      "review": "Its nice when it works, but constantly goes out of sync.",
      "review_date": [
        "June",
        "28",
        " 2018"
      ]
    },
    {
      "REQ_subtype": "",
      "REQ_type": "",
      "_id": 92,
      "author_id": "not defined",
      "author_name": "Prince Williams",
      "helpful": "0",
      "polarity": "",
      "rate": 5,
      "response": "",
      "response_date": "",
      "review": "Skpe business has been great with remote conference calls and work meeting. \nI will definitely recommend for large small and organizational meetings any \nday.",
      "review_date": [
        "July",
        "6",
        " 2018"
      ]
    },
    {
      "REQ_subtype": "",
      "REQ_type": "",
      "_id": 93,
      "author_id": "not defined",
      "author_name": "Nikhil Mishra",
      "helpful": "0",
      "polarity": "",
      "rate": 4,
      "response": "",
      "response_date": "",
      "review": "Now these days it's not shows meeting event after update please help to get \nresolve this issue.",
      "review_date": [
        "June",
        "19",
        " 2018"
      ]
    },
    {
      "REQ_subtype": "",
      "REQ_type": "",
      "_id": 94,
      "author_id": "not defined",
      "author_name": "Roop Kanwar Kaur",
      "helpful": "1",
      "polarity": "",
      "rate": 1,
      "response": "",
      "response_date": "",
      "review": "It asks to download Microsoft Intune app and then creates a copy of work \naccount of all other apps like contacts, call, msgs, etc.",
      "review_date": [
        "June",
        "1",
        " 2018"
      ]
    },
    {
      "REQ_subtype": "",
      "REQ_type": "",
      "_id": 95,
      "author_id": "not defined",
      "author_name": "Alexander Bielowski",
      "helpful": "0",
      "polarity": "",
      "rate": 1,
      "response": "",
      "response_date": "",
      "review": "It does functionally what it should do and it does it well, but the \nperformance on this Samsung J5 renders it all but unusable.",
      "review_date": [
        "July",
        "6",
        " 2018"
      ]
    },
    {
      "REQ_subtype": "",
      "REQ_type": "",
      "_id": 96,
      "author_id": "not defined",
      "author_name": "Howard Cole",
      "helpful": "0",
      "polarity": "",
      "rate": 3,
      "response": "",
      "response_date": "",
      "review": "Like the app but when used with the Jabra 710 conference phone ending the \ncall on the Jabra merely cuts the connection to the mobile and the call \nremains active on the phone handset which it really shouldn't do. Fix this \nand its a 5 star app",
      "review_date": [
        "July",
        "7",
        " 2018"
      ]
    },
    {
      "REQ_subtype": "",
      "REQ_type": "",
      "_id": 97,
      "author_id": "not defined",
      "author_name": "Mark Elfante",
      "helpful": "0",
      "polarity": "",
      "rate": 3,
      "response": "",
      "response_date": "",
      "review": "Save password not working. Timeouts a lot. Then takes a long time to \nunsuccessful logging back in",
      "review_date": [
        "June",
        "6",
        " 2018"
      ]
    },
    {
      "REQ_subtype": "",
      "REQ_type": "",
      "_id": 98,
      "author_id": "not defined",
      "author_name": "Narsireddy K",
      "helpful": "0",
      "polarity": "",
      "rate": 1,
      "response": "",
      "response_date": "",
      "review": "Not working in my samsung s8 phone.. it throws error message as update \nchrome to latest version. My chrome already up to date.. this may be \nsuitable for small business companies not for giant companies.",
      "review_date": [
        "June",
        "21",
        " 2018"
      ]
    },
    {
      "REQ_subtype": "",
      "REQ_type": "",
      "_id": 99,
      "author_id": "not defined",
      "author_name": "Partha Debnath",
      "helpful": "1",
      "polarity": "",
      "rate": 5,
      "response": "",
      "response_date": "",
      "review": "So far good. Will update if come accross any challenges",
      "review_date": [
        "May",
        "25",
        " 2018"
      ]
    },
    {
      "REQ_subtype": "",
      "REQ_type": "",
      "_id": 100,
      "author_id": "not defined",
      "author_name": "Max Bridges",
      "helpful": "0",
      "polarity": "",
      "rate": 3,
      "response": "",
      "response_date": "",
      "review": "App never seems to open on the first try. I need to open, return to home, \nand then open it again to use it.",
      "review_date": [
        "June",
        "29",
        " 2018"
      ]
    },
    {
      "REQ_subtype": "",
      "REQ_type": "",
      "_id": 101,
      "author_id": "not defined",
      "author_name": "Suganya Jegadheesh",
      "helpful": "0",
      "polarity": "",
      "rate": 1,
      "response": "",
      "response_date": "",
      "review": "Worst... I'm struck to connect the calls. It delays me 10 minutes for calls \ndaily. Hate it",
      "review_date": [
        "June",
        "1",
        " 2018"
      ]
    },
    {
      "REQ_subtype": "",
      "REQ_type": "",
      "_id": 102,
      "author_id": "not defined",
      "author_name": "kishore reddy",
      "helpful": "0",
      "polarity": "",
      "rate": 5,
      "response": "",
      "response_date": "",
      "review": "I am facing issue while signing in and while connecting the calls over the \nskype.Please look into this immediately.",
      "review_date": [
        "May",
        "24",
        " 2018"
      ]
    },
    {
      "REQ_subtype": "",
      "REQ_type": "",
      "_id": 103,
      "author_id": "not defined",
      "author_name": "siva khanna",
      "helpful": "0",
      "polarity": "",
      "rate": 2,
      "response": "",
      "response_date": "",
      "review": "I am using Android mobile. Not getting signed in. Worst app ever.",
      "review_date": [
        "June",
        "22",
        " 2018"
      ]
    },
    {
      "REQ_subtype": "",
      "REQ_type": "",
      "_id": 104,
      "author_id": "not defined",
      "author_name": "Desai Shaunak",
      "helpful": "0",
      "polarity": "",
      "rate": 2,
      "response": "",
      "response_date": "",
      "review": "A third rate app. Needs to be reinstalled all the time. Cannot connect most \nof the time.",
      "review_date": [
        "June",
        "25",
        " 2018"
      ]
    },
    {
      "REQ_subtype": "",
      "REQ_type": "",
      "_id": 105,
      "author_id": "not defined",
      "author_name": "Vishnuraj Rajagopal",
      "helpful": "0",
      "polarity": "",
      "rate": 1,
      "response": "",
      "response_date": "",
      "review": "It's crashing when i open. Can't join a meeting. Meeting in 15 mins.. total \nfrustration..",
      "review_date": [
        "June",
        "21",
        " 2018"
      ]
    },
    {
      "REQ_subtype": "",
      "REQ_type": "",
      "_id": 106,
      "author_id": "not defined",
      "author_name": "Samer Essa",
      "helpful": "0",
      "polarity": "",
      "rate": 1,
      "response": "",
      "response_date": "",
      "review": "Cannot log in to my work account, will update when it is possible.",
      "review_date": [
        "June",
        "18",
        " 2018"
      ]
    },
    {
      "REQ_subtype": "",
      "REQ_type": "",
      "_id": 107,
      "author_id": "not defined",
      "author_name": "Renis Mockus",
      "helpful": "0",
      "polarity": "",
      "rate": 2,
      "response": "",
      "response_date": "",
      "review": "My messages on phone are not synchronized with pc. Sometimes they disappear",
      "review_date": [
        "July",
        "10",
        " 2018"
      ]
    },
    {
      "REQ_subtype": "",
      "REQ_type": "",
      "_id": 108,
      "author_id": "not defined",
      "author_name": "Shankha Majumder",
      "helpful": "0",
      "polarity": "",
      "rate": 1,
      "response": "",
      "response_date": "",
      "review": "It has stopped working without notice for the last few months.",
      "review_date": [
        "July",
        "3",
        " 2018"
      ]
    },
    {
      "REQ_subtype": "",
      "REQ_type": "",
      "_id": 109,
      "author_id": "not defined",
      "author_name": "kamruzzaman Hossain",
      "helpful": "0",
      "polarity": "",
      "rate": 1,
      "response": "",
      "response_date": "",
      "review": "After recent update not able login. It says OAuth failure...!",
      "review_date": [
        "May",
        "31",
        " 2018"
      ]
    },
    {
      "REQ_subtype": "",
      "REQ_type": "",
      "_id": 110,
      "author_id": "not defined",
      "author_name": "A Google user",
      "helpful": "0",
      "polarity": "",
      "rate": 1,
      "response": "",
      "response_date": "",
      "review": "Sound quality and lack of basic features makes this the worst vid conf \nsystem I've used for years",
      "review_date": [
        "June",
        "18",
        " 2018"
      ]
    },
    {
      "REQ_subtype": "",
      "REQ_type": "",
      "_id": 111,
      "author_id": "not defined",
      "author_name": "A Google user",
      "helpful": "0",
      "polarity": "",
      "rate": 1,
      "response": "",
      "response_date": "",
      "review": "To many permissions and lacking features that other modern chat programs \nhave. (Like true conversation history)",
      "review_date": [
        "July",
        "11",
        " 2018"
      ]
    },
    {
      "REQ_subtype": "",
      "REQ_type": "",
      "_id": 112,
      "author_id": "not defined",
      "author_name": "Marvin Jagadits",
      "helpful": "0",
      "polarity": "",
      "rate": 1,
      "response": "",
      "response_date": "",
      "review": "Worst \"business\" messenger and conference solution I've seen so far.",
      "review_date": [
        "June",
        "22",
        " 2018"
      ]
    },
    {
      "REQ_subtype": "",
      "REQ_type": "",
      "_id": 113,
      "author_id": "not defined",
      "author_name": "abhik bandhu Sam",
      "helpful": "0",
      "polarity": "",
      "rate": 1,
      "response": "",
      "response_date": "",
      "review": "I believed in MS and downloaded this app for one of my meeting. \nUnfortunately I never got to to know when the meeting got ended as I could \nnot hear anything but the meeting was running and it was closed \nsuccessfully.",
      "review_date": [
        "June",
        "29",
        " 2018"
      ]
    },
    {
      "REQ_subtype": "",
      "REQ_type": "",
      "_id": 114,
      "author_id": "not defined",
      "author_name": "Biswajit Sarkar",
      "helpful": "0",
      "polarity": "",
      "rate": 5,
      "response": "",
      "response_date": "",
      "review": "It is good for unlimited peer conversation, for classroom lecture etc, but \nmay not work with some routers like digisol showing network issue",
      "review_date": [
        "June",
        "9",
        " 2018"
      ]
    },
    {
      "REQ_subtype": "",
      "REQ_type": "",
      "_id": 115,
      "author_id": "not defined",
      "author_name": "\u041a\u043e\u043d\u0441\u0442\u0430\u043d\u0442\u0438\u043d \u0412\u0435\u0441\u043d\u0430",
      "helpful": "0",
      "polarity": "",
      "rate": 1,
      "response": "",
      "response_date": "",
      "review": "buggy as hell.. sometimes does not start and does not give any explanation \nwhy",
      "review_date": [
        "July",
        "10",
        " 2018"
      ]
    },
    {
      "REQ_subtype": "",
      "REQ_type": "",
      "_id": 116,
      "author_id": "not defined",
      "author_name": "Blake Wilkinson",
      "helpful": "0",
      "polarity": "",
      "rate": 2,
      "response": "",
      "response_date": "",
      "review": "If I click on new messages in the notification bar or in the app it opens a \nconversation with the contact but loses the message. Also, the app on my \ncomputer cant sync open conversations with the app on my phone.",
      "review_date": [
        "June",
        "1",
        " 2018"
      ]
    },
    {
      "REQ_subtype": "",
      "REQ_type": "",
      "_id": 117,
      "author_id": "not defined",
      "author_name": "Michael Toerner",
      "helpful": "0",
      "polarity": "",
      "rate": 1,
      "response": "",
      "response_date": "",
      "review": "No ability to attach pictures to a chat. I could do that with AOL instant \nmessenger 15 years ago.",
      "review_date": [
        "July",
        "2",
        " 2018"
      ]
    },
    {
      "REQ_subtype": "",
      "REQ_type": "",
      "_id": 118,
      "author_id": "not defined",
      "author_name": "Teja Eshwar",
      "helpful": "0",
      "polarity": "",
      "rate": 2,
      "response": "",
      "response_date": "",
      "review": "I'm not able to view my group chat rooms",
      "review_date": [
        "June",
        "1",
        " 2018"
      ]
    },
    {
      "REQ_subtype": "",
      "REQ_type": "",
      "_id": 119,
      "author_id": "not defined",
      "author_name": "Rommel Baduy",
      "helpful": "0",
      "polarity": "",
      "rate": 5,
      "response": "",
      "response_date": "",
      "review": "So far fast reliable allows me to see calendar and better manage my time \nand meetings via mobile. I'm gladly surprised of the improvement.",
      "review_date": [
        "July",
        "5",
        " 2018"
      ]
    },
    {
      "REQ_subtype": "",
      "REQ_type": "",
      "_id": 120,
      "author_id": "not defined",
      "author_name": "Lee Eyre",
      "helpful": "0",
      "polarity": "",
      "rate": 1,
      "response": "",
      "response_date": "",
      "review": "Not been able to log in for over 6 months now",
      "review_date": [
        "June",
        "4",
        " 2018"
      ]
    },
    {
      "REQ_subtype": "",
      "REQ_type": "",
      "_id": 121,
      "author_id": "not defined",
      "author_name": "Alex Chin Guan Lim",
      "helpful": "0",
      "polarity": "",
      "rate": 1,
      "response": "",
      "response_date": "",
      "review": "Cant even get the app to open. Keeps crashing when trying to open the app.",
      "review_date": [
        "June",
        "4",
        " 2018"
      ]
    },
    {
      "REQ_subtype": "",
      "REQ_type": "",
      "_id": 122,
      "author_id": "not defined",
      "author_name": "Gireesh Punjot",
      "helpful": "0",
      "polarity": "",
      "rate": 1,
      "response": "",
      "response_date": "",
      "review": "I am unable to make any cellular calls. Pathetic.",
      "review_date": [
        "July",
        "12",
        " 2018"
      ]
    },
    {
      "REQ_subtype": "",
      "REQ_type": "",
      "_id": 123,
      "author_id": "not defined",
      "author_name": "Shruti Rajan",
      "helpful": "0",
      "polarity": "",
      "rate": 3,
      "response": "",
      "response_date": "",
      "review": "Stay signed in button didn't work. Bad app",
      "review_date": [
        "July",
        "5",
        " 2018"
      ]
    },
    {
      "REQ_subtype": "",
      "REQ_type": "",
      "_id": 124,
      "author_id": "not defined",
      "author_name": "Nallasellan R",
      "helpful": "1",
      "polarity": "",
      "rate": 4,
      "response": "",
      "response_date": "",
      "review": "Not able to attach anything while conversation",
      "review_date": [
        "May",
        "22",
        " 2018"
      ]
    },
    {
      "REQ_subtype": "",
      "REQ_type": "",
      "_id": 125,
      "author_id": "not defined",
      "author_name": "Rhonda Bell",
      "helpful": "0",
      "polarity": "",
      "rate": 1,
      "response": "",
      "response_date": "",
      "review": "I'm on a Chromebook with Skype for Business for Android installed.  It opens fine however it does not open SFB links in meetings that I have received.",
      "review_date": [
        "June",
        "17",
        " 2018"
      ]
    },
    {
      "REQ_subtype": "",
      "REQ_type": "",
      "_id": 126,
      "author_id": "not defined",
      "author_name": "Pawe\u0142 Grabowski",
      "helpful": "0",
      "polarity": "",
      "rate": 1,
      "response": "",
      "response_date": "",
      "review": "Why there is no synchronization between PC and Android versions? Part of \nmessages I can see on my phone and part only on my PC.",
      "review_date": [
        "June",
        "20",
        " 2018"
      ]
    },
    {
      "REQ_subtype": "",
      "REQ_type": "",
      "_id": 127,
      "author_id": "not defined",
      "author_name": "Joe Goddard",
      "helpful": "0",
      "polarity": "",
      "rate": 4,
      "response": "",
      "response_date": "",
      "review": "Great for conference calls and video calls, if you are on a strong network. \nPhone calls are always great.",
      "review_date": [
        "June",
        "7",
        " 2018"
      ]
    },
    {
      "REQ_subtype": "",
      "REQ_type": "",
      "_id": 128,
      "author_id": "not defined",
      "author_name": "ALi AboALnaGa",
      "helpful": "0",
      "polarity": "",
      "rate": 1,
      "response": "",
      "response_date": "",
      "review": "Extremely bad, can't even log in.",
      "review_date": [
        "May",
        "27",
        " 2018"
      ]
    },
    {
      "REQ_subtype": "",
      "REQ_type": "",
      "_id": 129,
      "author_id": "not defined",
      "author_name": "Padmapriya Devarakonda",
      "helpful": "0",
      "polarity": "",
      "rate": 1,
      "response": "",
      "response_date": "",
      "review": "Hangs my phone a d makes it unresponsive",
      "review_date": [
        "July",
        "16",
        " 2018"
      ]
    },
    {
      "REQ_subtype": "",
      "REQ_type": "",
      "_id": 130,
      "author_id": "not defined",
      "author_name": "Geraldo Fonseca",
      "helpful": "0",
      "polarity": "",
      "rate": 1,
      "response": "",
      "response_date": "",
      "review": "Unreliable. Call drops every 3 minutes.",
      "review_date": [
        "May",
        "22",
        " 2018"
      ]
    },
    {
      "REQ_subtype": "",
      "REQ_type": "",
      "_id": 131,
      "author_id": "not defined",
      "author_name": "Richard Neighbour",
      "helpful": "0",
      "polarity": "",
      "rate": 1,
      "response": "",
      "response_date": "",
      "review": "Won't work without Intune app which rejects my phone (and wants to hand \ntotal control to employer too).",
      "review_date": [
        "June",
        "16",
        " 2018"
      ]
    },
    {
      "REQ_subtype": "",
      "REQ_type": "",
      "_id": 132,
      "author_id": "not defined",
      "author_name": "Andrew Haslett",
      "helpful": "0",
      "polarity": "",
      "rate": 3,
      "response": "",
      "response_date": "",
      "review": "Functionality and UI is ok. Please fix the 'Skype is running/Skype is \nlogged in' notifications that can't be dismissed (galaxy s6)",
      "review_date": [
        "June",
        "25",
        " 2018"
      ]
    },
    {
      "REQ_subtype": "",
      "REQ_type": "",
      "_id": 133,
      "author_id": "not defined",
      "author_name": "Asawari Patankar",
      "helpful": "0",
      "polarity": "",
      "rate": 1,
      "response": "",
      "response_date": "",
      "review": "Not signing in. Tried it for long time",
      "review_date": [
        "June",
        "14",
        " 2018"
      ]
    },
    {
      "REQ_subtype": "",
      "REQ_type": "",
      "_id": 134,
      "author_id": "not defined",
      "author_name": "Martha Keely",
      "helpful": "0",
      "polarity": "",
      "rate": 2,
      "response": "",
      "response_date": "",
      "review": "Option for video calls is greyed out.",
      "review_date": [
        "July",
        "6",
        " 2018"
      ]
    },
    {
      "REQ_subtype": "",
      "REQ_type": "",
      "_id": 135,
      "author_id": "not defined",
      "author_name": "Dan B",
      "helpful": "1",
      "polarity": "",
      "rate": 3,
      "response": "",
      "response_date": "",
      "review": "Needs to have fingerprint sign-in. Most apps have this capability, not this \none.",
      "review_date": [
        "May",
        "22",
        " 2018"
      ]
    },
    {
      "REQ_subtype": "",
      "REQ_type": "",
      "_id": 136,
      "author_id": "not defined",
      "author_name": "Rajashekar Raja",
      "helpful": "2",
      "polarity": "",
      "rate": 1,
      "response": "",
      "response_date": "",
      "review": "After installing, it's not allowing me to login with business id",
      "review_date": [
        "May",
        "14",
        " 2018"
      ]
    },
    {
      "REQ_subtype": "",
      "REQ_type": "",
      "_id": 137,
      "author_id": "not defined",
      "author_name": "srayan chaudhury",
      "helpful": "0",
      "polarity": "",
      "rate": 1,
      "response": "",
      "response_date": "",
      "review": "Cannot join any meetings since the last update. Tried reinstalling and also \nin multiple devices",
      "review_date": [
        "June",
        "6",
        " 2018"
      ]
    },
    {
      "REQ_subtype": "",
      "REQ_type": "",
      "_id": 138,
      "author_id": "not defined",
      "author_name": "phoenix cat",
      "helpful": "0",
      "polarity": "",
      "rate": 2,
      "response": "",
      "response_date": "",
      "review": "Latest version is buggy and keeps hanging",
      "review_date": [
        "May",
        "22",
        " 2018"
      ]
    },
    {
      "REQ_subtype": "",
      "REQ_type": "",
      "_id": 139,
      "author_id": "not defined",
      "author_name": "dilip kumar",
      "helpful": "0",
      "polarity": "",
      "rate": 1,
      "response": "",
      "response_date": "",
      "review": "Worst App By Microsoft.",
      "review_date": [
        "May",
        "25",
        " 2018"
      ]
    },
    {
      "REQ_subtype": "",
      "REQ_type": "",
      "_id": 140,
      "author_id": "not defined",
      "author_name": "Rodrigo Chan",
      "helpful": "1",
      "polarity": "",
      "rate": 1,
      "response": "",
      "response_date": "",
      "review": "Can't believe Microsoft can't make a good messaging app",
      "review_date": [
        "May",
        "22",
        " 2018"
      ]
    },
    {
      "REQ_subtype": "",
      "REQ_type": "",
      "_id": 141,
      "author_id": "not defined",
      "author_name": "Sundar Nagarajan",
      "helpful": "0",
      "polarity": "",
      "rate": 5,
      "response": "",
      "response_date": "",
      "review": "Use it at work - works great. Just wish Skype for Business was supported on \nLinux (desktop)",
      "review_date": [
        "June",
        "14",
        " 2018"
      ]
    },
    {
      "REQ_subtype": "",
      "REQ_type": "",
      "_id": 142,
      "author_id": "not defined",
      "author_name": "Surya Venkataraman",
      "helpful": "0",
      "polarity": "",
      "rate": 1,
      "response": "",
      "response_date": "",
      "review": "Rating revised as issue fixed",
      "review_date": [
        "May",
        "21",
        " 2018"
      ]
    },
    {
      "REQ_subtype": "",
      "REQ_type": "",
      "_id": 143,
      "author_id": "not defined",
      "author_name": "Harsha OP",
      "helpful": "3",
      "polarity": "",
      "rate": 1,
      "response": "",
      "response_date": "",
      "review": "Crashes when opened on Android P",
      "review_date": [
        "May",
        "12",
        " 2018"
      ]
    },
    {
      "REQ_subtype": "",
      "REQ_type": "",
      "_id": 144,
      "author_id": "not defined",
      "author_name": "Lalit Gupta",
      "helpful": "0",
      "polarity": "",
      "rate": 1,
      "response": "",
      "response_date": "",
      "review": "Does not work for me",
      "review_date": [
        "June",
        "6",
        " 2018"
      ]
    },
    {
      "REQ_subtype": "",
      "REQ_type": "",
      "_id": 145,
      "author_id": "not defined",
      "author_name": "Mounika Palthi",
      "helpful": "0",
      "polarity": "",
      "rate": 3,
      "response": "",
      "response_date": "",
      "review": "Unable to see the meetings scheduled",
      "review_date": [
        "June",
        "15",
        " 2018"
      ]
    },
    {
      "REQ_subtype": "",
      "REQ_type": "",
      "_id": 146,
      "author_id": "not defined",
      "author_name": "Shrinivas G N",
      "helpful": "0",
      "polarity": "",
      "rate": 1,
      "response": "",
      "response_date": "",
      "review": "Terrible integration with Secure Mail",
      "review_date": [
        "July",
        "6",
        " 2018"
      ]
    },
    {
      "REQ_subtype": "",
      "REQ_type": "",
      "_id": 147,
      "author_id": "not defined",
      "author_name": "Rafael Vila",
      "helpful": "0",
      "polarity": "",
      "rate": 5,
      "response": "",
      "response_date": "",
      "review": "Powerful business communications platform. Also it is integrated with \nMicrosoft Teams.. Make a full collaboration package.",
      "review_date": [
        "May",
        "26",
        " 2018"
      ]
    },
    {
      "REQ_subtype": "",
      "REQ_type": "",
      "_id": 148,
      "author_id": "not defined",
      "author_name": "chenmin tan",
      "helpful": "1",
      "polarity": "",
      "rate": 1,
      "response": "",
      "response_date": "",
      "review": "Skype for business is different from skype.... Crazy brand positioning",
      "review_date": [
        "May",
        "29",
        " 2018"
      ]
    },
    {
      "REQ_subtype": "",
      "REQ_type": "",
      "_id": 149,
      "author_id": "not defined",
      "author_name": "Janu Param",
      "helpful": "1",
      "polarity": "",
      "rate": 5,
      "response": "",
      "response_date": "",
      "review": "Amazing app for business collaboration in IT world.",
      "review_date": [
        "June",
        "28",
        " 2018"
      ]
    },
    {
      "REQ_subtype": "",
      "REQ_type": "",
      "_id": 150,
      "author_id": "not defined",
      "author_name": "A Google user",
      "helpful": "0",
      "polarity": "",
      "rate": 4,
      "response": "",
      "response_date": "",
      "review": "It would be really nice if I could set my status from Wear OS.",
      "review_date": [
        "June",
        "7",
        " 2018"
      ]
    },
    {
      "REQ_subtype": "",
      "REQ_type": "",
      "_id": 151,
      "author_id": "not defined",
      "author_name": "Mohseen Tamboli",
      "helpful": "0",
      "polarity": "",
      "rate": 1,
      "response": "",
      "response_date": "",
      "review": "Not compatible with Android 8.1",
      "review_date": [
        "June",
        "8",
        " 2018"
      ]
    },
    {
      "REQ_subtype": "",
      "REQ_type": "",
      "_id": 152,
      "author_id": "not defined",
      "author_name": "R Vishnu Kumar",
      "helpful": "0",
      "polarity": "",
      "rate": 1,
      "response": "",
      "response_date": "",
      "review": "Group message are not working and sometimes groups also not showing",
      "review_date": [
        "June",
        "14",
        " 2018"
      ]
    },
    {
      "REQ_subtype": "",
      "REQ_type": "",
      "_id": 153,
      "author_id": "not defined",
      "author_name": "Rashid Ahmed",
      "helpful": "0",
      "polarity": "",
      "rate": 1,
      "response": "",
      "response_date": "",
      "review": "Hate it can't work",
      "review_date": [
        "June",
        "10",
        " 2018"
      ]
    },
    {
      "REQ_subtype": "",
      "REQ_type": "",
      "_id": 154,
      "author_id": "not defined",
      "author_name": "Yudhir Kataria",
      "helpful": "0",
      "polarity": "",
      "rate": 1,
      "response": "",
      "response_date": "",
      "review": "Not working after the latest Chrome browser update",
      "review_date": [
        "June",
        "18",
        " 2018"
      ]
    },
    {
      "REQ_subtype": "",
      "REQ_type": "",
      "_id": 155,
      "author_id": "not defined",
      "author_name": "Angelo Anfossi",
      "helpful": "0",
      "polarity": "",
      "rate": 4,
      "response": "",
      "response_date": "",
      "review": "Good but group calls lags a little bit",
      "review_date": [
        "June",
        "8",
        " 2018"
      ]
    },
    {
      "REQ_subtype": "",
      "REQ_type": "",
      "_id": 156,
      "author_id": "not defined",
      "author_name": "Tamajit Sarkar",
      "helpful": "0",
      "polarity": "",
      "rate": 1,
      "response": "",
      "response_date": "",
      "review": "Hangs and crashes.. hate it",
      "review_date": [
        "May",
        "24",
        " 2018"
      ]
    },
    {
      "REQ_subtype": "",
      "REQ_type": "",
      "_id": 157,
      "author_id": "not defined",
      "author_name": "Amit Chowdhary",
      "helpful": "0",
      "polarity": "",
      "rate": 3,
      "response": "",
      "response_date": "",
      "review": "This is good to link, but please add \"offline\" mode just as in the desktop \nsoftware",
      "review_date": [
        "June",
        "28",
        " 2018"
      ]
    },
    {
      "REQ_subtype": "",
      "REQ_type": "",
      "_id": 158,
      "author_id": "not defined",
      "author_name": "sumit verma",
      "helpful": "0",
      "polarity": "",
      "rate": 1,
      "response": "",
      "response_date": "",
      "review": "Since the update the login is not happening anymore.",
      "review_date": [
        "May",
        "19",
        " 2018"
      ]
    },
    {
      "REQ_subtype": "",
      "REQ_type": "",
      "_id": 159,
      "author_id": "not defined",
      "author_name": "Christian Carrizo",
      "helpful": "0",
      "polarity": "",
      "rate": 1,
      "response": "",
      "response_date": "",
      "review": "Keeps redirecting to login after logging in, what the hell",
      "review_date": [
        "July",
        "2",
        " 2018"
      ]
    }
  ],
  "size": "Varies with devic",
  "url": "https://play.google.com/store/apps/details?id=com.microsoft.office.lync15",
  "version": "Varies with device"
}