{
  "categories": [
    "Shopping"
  ],
  "description": "With the Amazon app for Android tablets you can easily search across Amazon\u2019s catalog of millions of products to quickly find what you are looking for, browse and shop by department, and check out lightning deals and deals of the day.  Product detail pages provide useful product information and allow you to read and write product reviews or share products with friends.Enjoy features built especially for tablets, including a fun new way to set aside items \u2013 press and hold on any product image and fling it to the bottom of the screen. The items are saved in a tray that is available to you throughout the entire app, making it easy for you to get to your set aside items with one tap.All purchases made on the Amazon app for Android Tablets are routed through Amazon's secure servers just as they are on the web.  And just like the web experience, Android app customers enjoy the same functionalities of the Amazon Shopping Cart, Wish Lists, order history, payment and Amazon Prime member shipping options, and 1-Click settings.  Customers are able to shop any of Amazon's sites around the world from a single app.** The current release supports Android tablets that are 7\" to 10\" with resolutions from 600x1024 to 1600x2560 with Android OS 4.0.3 and up.Permissions:On Android devices with GPS, we access location information only so that we can provide customers with the option to send packages to a nearby Amazon Locker (a feature only available in the US and UK currently).  On Android devices with both WiFi and cellular radios, we access the phone only to determine which radio to use depending on the strength of signal. On WiFi only products, this permission isn't applicable, but Android's security model requires us to ask on all installations. In order to securely send and receive push notifications on your device (should you choose to do so), we need to use the following permissions: \"Receive data from Internet\" and \"Prevent tablet from sleeping\". We require \u201cRead Contacts\u201d permission to make it easier for you to find and invite friends from your phone address book.* Microphone access: search Amazon catalogue of products using your voice.* Install Shortcut & Read Settings: Used to create a shortcut icon for Amazon Cash if customers choose to have one.* Receive SMS: This permission is used to simplify the process of phone number verification when creating an Amazon account registered to your mobile phone number.",
  "inc": "Amazon Mobile LLC",
  "intalled_count": "10,000,000",
  "last_update": [
    "June",
    "29",
    " 2018"
  ],
  "name": "Amazon for Tablets",
  "offered_by": "Google Commerce Ltd",
  "permissions": {
    "Identity": [
      "find accounts on the device",
      "add or remove accounts"
    ],
    "Contacts": [
      "find accounts on the device",
      "read your contacts"
    ],
    "Location": [
      "precise location (GPS and network-based)"
    ],
    "SMS": [
      "receive text messages (SMS)"
    ],
    "Photos/Media/Files": [
      "read the contents of your USB storage",
      "modify or delete the contents of your USB storage"
    ],
    "Storage": [
      "read the contents of your USB storage",
      "modify or delete the contents of your USB storage"
    ],
    "Microphone": [
      "record audio"
    ],
    "Wi-Fi connection information": [
      "view Wi-Fi connections"
    ],
    "Other": [
      "read Home settings and shortcuts",
      "receive data from Internet",
      "view network connections",
      "create accounts and set passwords",
      "connect and disconnect from Wi-Fi",
      "full network access",
      "use accounts on the device",
      "control vibration",
      "prevent device from sleeping",
      "install shortcuts"
    ]
  },
  "price": "",
  "rate": [
    [
      "141,020",
      "4.0"
    ],
    [
      "77,189",
      "5"
    ],
    [
      "26,816",
      "4"
    ],
    [
      "11,807",
      "3"
    ],
    [
      "6,740",
      "2"
    ],
    [
      "18,468",
      "1"
    ]
  ],
  "required_android": "Varies with",
  "reviews": [
    {
      "REQ_subtype": "",
      "REQ_type": "",
      "_id": 0,
      "author_id": "not defined",
      "author_name": "KINGSHUK BANERJEE",
      "helpful": "1",
      "polarity": "",
      "rate": 1,
      "response": "",
      "response_date": "",
      "review": "The app lacks graphics, the mobile app showcases the offers and other good \ngraphics but this is far lagging and be though I use it on a tablet. The \nAmazon services are far better than flipkart but the app of flipkart is \nfreeware advanced than the Amazon app. Being a prime member ,I hope that \nAmazon won't over hear my plight.",
      "review_date": [
        "July",
        "11",
        " 2018"
      ]
    },
    {
      "REQ_subtype": "",
      "REQ_type": "",
      "_id": 1,
      "author_id": "not defined",
      "author_name": "Bradley",
      "helpful": "0",
      "polarity": "",
      "rate": 2,
      "response": "",
      "response_date": "",
      "review": "I think no amount of personalized setting will stick with the account. \nEither Amazon IT is constantly changing policies and privacy and \nnotification settings get changed too or settings don't travel between \ndevices. Something is wrong with Amazon app or IT. I always find some new \nspam notification to block. I'm going to have to block the entire app. \nAmazon is too political charged and treats their workers poorly anyways, \nthis sort of BS only adds to my need to drop them.",
      "review_date": [
        "July",
        "12",
        " 2018"
      ]
    },
    {
      "REQ_subtype": "",
      "REQ_type": "",
      "_id": 2,
      "author_id": "not defined",
      "author_name": "Jessica Hill",
      "helpful": "0",
      "polarity": "",
      "rate": 5,
      "response": "",
      "response_date": "",
      "review": "I order a lot of books from Amazon. The prices are discounted so much for \nsome things that I didn't believe the quality would be good, but I was \nwrong. The quality for every item I ordered has been good. The used books \nlook brand new. Better quality than books you buy \"new\" at a bookstore \nwhere many people have touched, flipped through, and read already.",
      "review_date": [
        "July",
        "4",
        " 2018"
      ]
    },
    {
      "REQ_subtype": "",
      "REQ_type": "",
      "_id": 3,
      "author_id": "not defined",
      "author_name": "Stephanie Huddleston",
      "helpful": "1",
      "polarity": "",
      "rate": 3,
      "response": "",
      "response_date": "",
      "review": "Good app, but the tablet experience is often lacking from the phone and \nwebsite experience. My biggest issue currently is that I cannot add items \nto a registry from the tablet. The add to registry option is missing. \nPlease correct this.",
      "review_date": [
        "July",
        "8",
        " 2018"
      ]
    },
    {
      "REQ_subtype": "",
      "REQ_type": "",
      "_id": 4,
      "author_id": "not defined",
      "author_name": "google user",
      "helpful": "23",
      "polarity": "",
      "rate": 5,
      "response": "",
      "response_date": "",
      "review": "well still enjoying shopping with Amazon (the only issues I have they don't \nreally make it easy to return item's)(as I don't have a printer to make a \nreturn label)(and carrier pick up won't take it without Amazon return \nlabel)(why don't they put them in with the parcels)(so you end up keeping \nthe item's)(and what a wast of your money)(shame really)(as a older person \ncan't sort what they ask for for the returned of item's)(I've wasted so \nmuch money over these issues)(so hopefully one day it will get sorted) (but \nI'm still spending my money with them )(as it nice and easy-to-use and (do \nlike there delivery hours)(it suites me)(well we live and learn)(or) do \nwe)\u270b\ud83c\udd98\ud83d\udc47 \u2049\ud83d\udc4d\ud83c\udd92\ud83d\udc4d\ud83c\udd99\ud83c\udf1e \ud83c\udd97",
      "review_date": [
        "July",
        "14",
        " 2018"
      ]
    },
    {
      "REQ_subtype": "",
      "REQ_type": "",
      "_id": 5,
      "author_id": "not defined",
      "author_name": "Jarod Jones",
      "helpful": "0",
      "polarity": "",
      "rate": 1,
      "response": "",
      "response_date": "",
      "review": "Does not work in Australia as of July 2018. Sometimes I use my tablet \nrather than my phone as I want a bigger screen. Come on Amazon. You updated \nthe phone app. Please update this version too.",
      "review_date": [
        "July",
        "13",
        " 2018"
      ]
    },
    {
      "REQ_subtype": "",
      "REQ_type": "",
      "_id": 6,
      "author_id": "not defined",
      "author_name": "Gordon Pettey",
      "helpful": "1",
      "polarity": "",
      "rate": 2,
      "response": "",
      "response_date": "",
      "review": "This app is not kept up to date with the same functionality as the standard \"Amazon\" app, yet they've made the Google Play settings such that the non-\"for tablets\" app isn't even available to download if you happen to have a tablet, so your tablet gets stuck with this reduced-functionality app.",
      "review_date": [
        "July",
        "6",
        " 2018"
      ]
    },
    {
      "REQ_subtype": "",
      "REQ_type": "",
      "_id": 7,
      "author_id": "not defined",
      "author_name": "A Google user",
      "helpful": "0",
      "polarity": "",
      "rate": 5,
      "response": "",
      "response_date": "",
      "review": "his is a great app you can get awesome deals on fishing supplies subscribe \nto jiggin with jordan he is such an insperation so he's awesome so \nsubscribe to him on youtube get him to 1 million subscribers please do he \nis so cool if you like fishing and looking for stuff underwater then \nsubscribe his buddy caught a 13 pound BASS so cool.",
      "review_date": [
        "June",
        "30",
        " 2018"
      ]
    },
    {
      "REQ_subtype": "",
      "REQ_type": "",
      "_id": 8,
      "author_id": "not defined",
      "author_name": "Anthony Bennett",
      "helpful": "1",
      "polarity": "",
      "rate": 3,
      "response": "",
      "response_date": "",
      "review": "Good but still doesn't have Australia listed despite Amazon launching over \n6 months ago!",
      "review_date": [
        "July",
        "5",
        " 2018"
      ]
    },
    {
      "REQ_subtype": "",
      "REQ_type": "",
      "_id": 9,
      "author_id": "not defined",
      "author_name": "Robyn Nielsen",
      "helpful": "1",
      "polarity": "",
      "rate": 3,
      "response": "",
      "response_date": "",
      "review": "Why doesn't the tablet version let you see customer photos? That's the most \nuseful part of Amazon for me, and it's bizarre that the phone version lets \nyou see them but not the tablet.",
      "review_date": [
        "July",
        "6",
        " 2018"
      ]
    },
    {
      "REQ_subtype": "",
      "REQ_type": "",
      "_id": 10,
      "author_id": "not defined",
      "author_name": "A Google user",
      "helpful": "4",
      "polarity": "",
      "rate": 1,
      "response": "",
      "response_date": "",
      "review": "Does not allow access to the australian store on s2 galaxy tablet. What a \njoke",
      "review_date": [
        "July",
        "3",
        " 2018"
      ]
    },
    {
      "REQ_subtype": "",
      "REQ_type": "",
      "_id": 11,
      "author_id": "not defined",
      "author_name": "A Google user",
      "helpful": "0",
      "polarity": "",
      "rate": 3,
      "response": "",
      "response_date": "",
      "review": "Take my advice everybody, try out eBay instead of Amazon. The price on eBay \nis cheaper but it takes a lot longer to get your products. At the end of \nthe day you'll be more satisfied with eBay products I'm not trying to \nexaggerate.",
      "review_date": [
        "July",
        "3",
        " 2018"
      ]
    },
    {
      "REQ_subtype": "",
      "REQ_type": "",
      "_id": 12,
      "author_id": "not defined",
      "author_name": "Steve C.",
      "helpful": "0",
      "polarity": "",
      "rate": 1,
      "response": "",
      "response_date": "",
      "review": "New Review: Why does it often take multiple taps for the app to respond \nwhen browsing products? Add to cart? - tap tap tap. Want to view a product \nimage? Tap tap tap tap! Etc. Occasionally responds to first tap, but \nusually requires multiple. |#| Old Review: Why doesn't the tablet version \nhave a Settings menu like the phone version does? Why do we have missing \nfeatures just because we're using a tablet??",
      "review_date": [
        "June",
        "30",
        " 2018"
      ]
    },
    {
      "REQ_subtype": "",
      "REQ_type": "",
      "_id": 13,
      "author_id": "not defined",
      "author_name": "Lillian Pittman",
      "helpful": "0",
      "polarity": "",
      "rate": 5,
      "response": "",
      "response_date": "",
      "review": "I order from amazon alot. It's easy to use and I have yet to have a problem \n.",
      "review_date": [
        "July",
        "15",
        " 2018"
      ]
    },
    {
      "REQ_subtype": "",
      "REQ_type": "",
      "_id": 14,
      "author_id": "not defined",
      "author_name": "Nigel Coldwell",
      "helpful": "0",
      "polarity": "",
      "rate": 1,
      "response": "",
      "response_date": "",
      "review": "So much worse than the phone version. Like the unwanted step child.",
      "review_date": [
        "July",
        "14",
        " 2018"
      ]
    },
    {
      "REQ_subtype": "",
      "REQ_type": "",
      "_id": 15,
      "author_id": "not defined",
      "author_name": "M. White",
      "helpful": "2",
      "polarity": "",
      "rate": 2,
      "response": "",
      "response_date": "",
      "review": "Love the phone app but the tablet version is pared down, slow and just \nplain horrible.",
      "review_date": [
        "July",
        "3",
        " 2018"
      ]
    },
    {
      "REQ_subtype": "",
      "REQ_type": "",
      "_id": 16,
      "author_id": "not defined",
      "author_name": "Larry Breeden",
      "helpful": "2",
      "polarity": "",
      "rate": 1,
      "response": "",
      "response_date": "",
      "review": "Just hate it. Rather do it online then in the app",
      "review_date": [
        "July",
        "1",
        " 2018"
      ]
    },
    {
      "REQ_subtype": "",
      "REQ_type": "",
      "_id": 17,
      "author_id": "not defined",
      "author_name": "shubham arutwar",
      "helpful": "0",
      "polarity": "",
      "rate": 4,
      "response": "",
      "response_date": "",
      "review": "Amazon should improve the interface of the app the interface looks so old \nstyle and buggy Flipkart and Snapdeal have the best app experience",
      "review_date": [
        "July",
        "6",
        " 2018"
      ]
    },
    {
      "REQ_subtype": "",
      "REQ_type": "",
      "_id": 18,
      "author_id": "not defined",
      "author_name": "A Google user",
      "helpful": "1",
      "polarity": "",
      "rate": 5,
      "response": "",
      "response_date": "",
      "review": "If you are tired you shop online",
      "review_date": [
        "July",
        "3",
        " 2018"
      ]
    },
    {
      "REQ_subtype": "",
      "REQ_type": "",
      "_id": 19,
      "author_id": "not defined",
      "author_name": "Icey Mesha",
      "helpful": "1",
      "polarity": "",
      "rate": 4,
      "response": "",
      "response_date": "",
      "review": "It was great until update now I cannot update or track my return and \nrefund. Please fix",
      "review_date": [
        "July",
        "1",
        " 2018"
      ]
    },
    {
      "REQ_subtype": "",
      "REQ_type": "",
      "_id": 20,
      "author_id": "not defined",
      "author_name": "A Google user",
      "helpful": "1",
      "polarity": "",
      "rate": 5,
      "response": "",
      "response_date": "",
      "review": "It's a good thing makes me think!",
      "review_date": [
        "July",
        "6",
        " 2018"
      ]
    },
    {
      "REQ_subtype": "",
      "REQ_type": "",
      "_id": 21,
      "author_id": "not defined",
      "author_name": "Ernest Frederiksen",
      "helpful": "1",
      "polarity": "",
      "rate": 1,
      "response": "",
      "response_date": "",
      "review": "Doesn't show all the departments that show on the phone version of the app.",
      "review_date": [
        "July",
        "8",
        " 2018"
      ]
    },
    {
      "REQ_subtype": "",
      "REQ_type": "",
      "_id": 22,
      "author_id": "not defined",
      "author_name": "Yaniv L",
      "helpful": "0",
      "polarity": "",
      "rate": 3,
      "response": "",
      "response_date": "",
      "review": "Thumbnails load too slow",
      "review_date": [
        "July",
        "15",
        " 2018"
      ]
    },
    {
      "REQ_subtype": "",
      "REQ_type": "",
      "_id": 23,
      "author_id": "not defined",
      "author_name": "Stephen Honeyman",
      "helpful": "2",
      "polarity": "",
      "rate": 2,
      "response": "",
      "response_date": "",
      "review": "Keeps crashing down.",
      "review_date": [
        "July",
        "5",
        " 2018"
      ]
    },
    {
      "REQ_subtype": "",
      "REQ_type": "",
      "_id": 24,
      "author_id": "not defined",
      "author_name": "S Evers",
      "helpful": "4",
      "polarity": "",
      "rate": 2,
      "response": "",
      "response_date": "",
      "review": "It's busted on android today...",
      "review_date": [
        "July",
        "4",
        " 2018"
      ]
    },
    {
      "REQ_subtype": "",
      "REQ_type": "",
      "_id": 25,
      "author_id": "not defined",
      "author_name": "A Google user",
      "helpful": "1",
      "polarity": "",
      "rate": 5,
      "response": "",
      "response_date": "",
      "review": "Amazon my place to be!!! Lol",
      "review_date": [
        "July",
        "9",
        " 2018"
      ]
    },
    {
      "REQ_subtype": "",
      "REQ_type": "",
      "_id": 26,
      "author_id": "not defined",
      "author_name": "Fernando W Batista",
      "helpful": "0",
      "polarity": "",
      "rate": 5,
      "response": "",
      "response_date": "",
      "review": "Amazon is the best thing after white bread",
      "review_date": [
        "July",
        "8",
        " 2018"
      ]
    },
    {
      "REQ_subtype": "",
      "REQ_type": "",
      "_id": 27,
      "author_id": "not defined",
      "author_name": "A Google user",
      "helpful": "0",
      "polarity": "",
      "rate": 5,
      "response": "",
      "response_date": "",
      "review": "I love amazon great prices lots. Of stuff. To choose from",
      "review_date": [
        "July",
        "14",
        " 2018"
      ]
    },
    {
      "REQ_subtype": "",
      "REQ_type": "",
      "_id": 28,
      "author_id": "not defined",
      "author_name": "A Google user",
      "helpful": "0",
      "polarity": "",
      "rate": 5,
      "response": "",
      "response_date": "",
      "review": "I know exactly were to go when i need to find items.",
      "review_date": [
        "July",
        "11",
        " 2018"
      ]
    },
    {
      "REQ_subtype": "",
      "REQ_type": "",
      "_id": 29,
      "author_id": "not defined",
      "author_name": "Ingrid Sanchez",
      "helpful": "0",
      "polarity": "",
      "rate": 5,
      "response": "",
      "response_date": "",
      "review": "I love Amazon I can buy anything at a lower price",
      "review_date": [
        "July",
        "12",
        " 2018"
      ]
    },
    {
      "REQ_subtype": "",
      "REQ_type": "",
      "_id": 30,
      "author_id": "not defined",
      "author_name": "John Thorpe",
      "helpful": "0",
      "polarity": "",
      "rate": 5,
      "response": "",
      "response_date": "",
      "review": "Brilliant ordering and delivery service , great service",
      "review_date": [
        "June",
        "30",
        " 2018"
      ]
    },
    {
      "REQ_subtype": "",
      "REQ_type": "",
      "_id": 31,
      "author_id": "not defined",
      "author_name": "A Google user",
      "helpful": "0",
      "polarity": "",
      "rate": 5,
      "response": "",
      "response_date": "",
      "review": "Gives you good stuff in short time",
      "review_date": [
        "July",
        "1",
        " 2018"
      ]
    },
    {
      "REQ_subtype": "",
      "REQ_type": "",
      "_id": 32,
      "author_id": "not defined",
      "author_name": "Hoyt Davis",
      "helpful": "0",
      "polarity": "",
      "rate": 5,
      "response": "",
      "response_date": "",
      "review": "Generally a good and friendly app.",
      "review_date": [
        "July",
        "12",
        " 2018"
      ]
    },
    {
      "REQ_subtype": "",
      "REQ_type": "",
      "_id": 33,
      "author_id": "not defined",
      "author_name": "Video game news",
      "helpful": "0",
      "polarity": "",
      "rate": 5,
      "response": "",
      "response_date": "",
      "review": "It's so good for ordering stuff",
      "review_date": [
        "July",
        "5",
        " 2018"
      ]
    },
    {
      "REQ_subtype": "",
      "REQ_type": "",
      "_id": 34,
      "author_id": "not defined",
      "author_name": "A Google user",
      "helpful": "0",
      "polarity": "",
      "rate": 5,
      "response": "",
      "response_date": "",
      "review": "Pretty useful and is an awesome app",
      "review_date": [
        "July",
        "8",
        " 2018"
      ]
    },
    {
      "REQ_subtype": "",
      "REQ_type": "",
      "_id": 35,
      "author_id": "not defined",
      "author_name": "Sharon Cooper",
      "helpful": "0",
      "polarity": "",
      "rate": 4,
      "response": "",
      "response_date": "",
      "review": "Very nice to have this",
      "review_date": [
        "July",
        "14",
        " 2018"
      ]
    },
    {
      "REQ_subtype": "",
      "REQ_type": "",
      "_id": 36,
      "author_id": "not defined",
      "author_name": "A Google user",
      "helpful": "0",
      "polarity": "",
      "rate": 5,
      "response": "",
      "response_date": "",
      "review": "It's Awesome",
      "review_date": [
        "July",
        "3",
        " 2018"
      ]
    },
    {
      "REQ_subtype": "",
      "REQ_type": "",
      "_id": 37,
      "author_id": "not defined",
      "author_name": "A Google user",
      "helpful": "0",
      "polarity": "",
      "rate": 5,
      "response": "",
      "response_date": "",
      "review": "Lovee it",
      "review_date": [
        "July",
        "11",
        " 2018"
      ]
    },
    {
      "REQ_subtype": "",
      "REQ_type": "",
      "_id": 38,
      "author_id": "not defined",
      "author_name": "ARSHAD VELLAKKAD B",
      "helpful": "0",
      "polarity": "",
      "rate": 5,
      "response": "",
      "response_date": "",
      "review": "Nice one",
      "review_date": [
        "July",
        "10",
        " 2018"
      ]
    },
    {
      "REQ_subtype": "",
      "REQ_type": "",
      "_id": 39,
      "author_id": "not defined",
      "author_name": "parveen kaur",
      "helpful": "0",
      "polarity": "",
      "rate": 5,
      "response": "",
      "response_date": "",
      "review": "Cool site",
      "review_date": [
        "July",
        "12",
        " 2018"
      ]
    },
    {
      "REQ_subtype": "",
      "REQ_type": "",
      "_id": 40,
      "author_id": "not defined",
      "author_name": "A Google user",
      "helpful": "0",
      "polarity": "",
      "rate": 5,
      "response": "",
      "response_date": "",
      "review": "Awesome",
      "review_date": [
        "July",
        "6",
        " 2018"
      ]
    },
    {
      "REQ_subtype": "",
      "REQ_type": "",
      "_id": 41,
      "author_id": "not defined",
      "author_name": "Malick Coulibaly",
      "helpful": "0",
      "polarity": "",
      "rate": 5,
      "response": "",
      "response_date": "",
      "review": "Excellent",
      "review_date": [
        "July",
        "7",
        " 2018"
      ]
    },
    {
      "REQ_subtype": "",
      "REQ_type": "",
      "_id": 42,
      "author_id": "not defined",
      "author_name": "Christian Moriarty",
      "helpful": "0",
      "polarity": "",
      "rate": 5,
      "response": "",
      "response_date": "",
      "review": "Awesome",
      "review_date": [
        "July",
        "9",
        " 2018"
      ]
    },
    {
      "REQ_subtype": "",
      "REQ_type": "",
      "_id": 43,
      "author_id": "not defined",
      "author_name": "fizzylocks",
      "helpful": "3",
      "polarity": "",
      "rate": 3,
      "response": "",
      "response_date": "",
      "review": "I'm not sure why this app does not show the Free Returns message next to \nthe price on Clothing, Shoes and Accessories. Neither does it show the \nmessage in your basket. The mobile app does and the Web version. It's \nimpossible to tell whether an item has free returns without referring to \nthe Web or mobile. The help section even says that it should show Free \nReturns next to the price.",
      "review_date": [
        "June",
        "22",
        " 2018"
      ]
    },
    {
      "REQ_subtype": "",
      "REQ_type": "",
      "_id": 44,
      "author_id": "not defined",
      "author_name": "A Google user",
      "helpful": "0",
      "polarity": "",
      "rate": 3,
      "response": "",
      "response_date": "",
      "review": "The app runs slowly on tablets. It's formatted differently on phones. The \nlayout is completely rearranged. This app crashes, freezes and lags. The \nlatest update fixed nothing. This is why I prefer shopping on my computer \nad only use apps that are games.",
      "review_date": [
        "June",
        "25",
        " 2018"
      ]
    },
    {
      "REQ_subtype": "",
      "REQ_type": "",
      "_id": 45,
      "author_id": "not defined",
      "author_name": "A Google user",
      "helpful": "0",
      "polarity": "",
      "rate": 1,
      "response": "",
      "response_date": "",
      "review": "I saw an ad in vender central to chat with customers in the Amazon app, but \nI couldn't find said feature in Amazon's crazy confusing interface. Even as \na consumer the app is disorganized, overwhelming and confusing.",
      "review_date": [
        "June",
        "15",
        " 2018"
      ]
    },
    {
      "REQ_subtype": "",
      "REQ_type": "",
      "_id": 46,
      "author_id": "not defined",
      "author_name": "A Google user",
      "helpful": "0",
      "polarity": "",
      "rate": 3,
      "response": "",
      "response_date": "",
      "review": "Awful app. Slow on highest Wi-Fi I can get! Fix it! Not buying anything, \ntoo hard to find anything. I'm dying I don't have time to waste. Idea: be \nlike eBay! That app is very fast and works great, seems that pricing on \nstuff is higher here too. Never will buy anything I'm sure, same thing on \nbrowsers and other app.",
      "review_date": [
        "June",
        "30",
        " 2018"
      ]
    },
    {
      "REQ_subtype": "",
      "REQ_type": "",
      "_id": 47,
      "author_id": "not defined",
      "author_name": "Food Style",
      "helpful": "13",
      "polarity": "",
      "rate": 1,
      "response": "",
      "response_date": "",
      "review": "I think that Amazon is not at all good. No matter whatever I search it \nalways shows something completely out of the topic",
      "review_date": [
        "June",
        "14",
        " 2018"
      ]
    },
    {
      "REQ_subtype": "",
      "REQ_type": "",
      "_id": 48,
      "author_id": "not defined",
      "author_name": "janice delgado",
      "helpful": "5",
      "polarity": "",
      "rate": 1,
      "response": "",
      "response_date": "",
      "review": "No customer images! The amazon website shows customer images and it's a \nvery important feature. I just can't believe this feature isn't in the app. \nDoesn't seam to be something so difficult to add. I won't be using it just \nbecause of this. Sucks",
      "review_date": [
        "June",
        "15",
        " 2018"
      ]
    },
    {
      "REQ_subtype": "",
      "REQ_type": "",
      "_id": 49,
      "author_id": "not defined",
      "author_name": "Dan Rod",
      "helpful": "8",
      "polarity": "",
      "rate": 4,
      "response": "",
      "response_date": "",
      "review": "I mean it does what you expect. Only issue I have with it is that it does \nnot allow me to see images posted by users in reviews.",
      "review_date": [
        "June",
        "19",
        " 2018"
      ]
    },
    {
      "REQ_subtype": "",
      "REQ_type": "",
      "_id": 50,
      "author_id": "not defined",
      "author_name": "Glynis Whitbread",
      "helpful": "0",
      "polarity": "",
      "rate": 1,
      "response": "",
      "response_date": "",
      "review": "I can't believe this app says I can select my country when it's not even on \nthe list? Show me where the app is that contains my country and I might \ngive it a go. Not good enough in the age of technology \ud83d\udc4e",
      "review_date": [
        "June",
        "19",
        " 2018"
      ]
    },
    {
      "REQ_subtype": "",
      "REQ_type": "",
      "_id": 51,
      "author_id": "not defined",
      "author_name": "Akshit madan",
      "helpful": "0",
      "polarity": "",
      "rate": 1,
      "response": "",
      "response_date": "",
      "review": "Amazon is worst online shopping app I ordered books which reached me after \none month after the exams",
      "review_date": [
        "June",
        "15",
        " 2018"
      ]
    },
    {
      "REQ_subtype": "",
      "REQ_type": "",
      "_id": 52,
      "author_id": "not defined",
      "author_name": "Tom tom pom",
      "helpful": "0",
      "polarity": "",
      "rate": 5,
      "response": "",
      "response_date": "",
      "review": "Well I don't know if it's just my tablet but it said that it stopped",
      "review_date": [
        "June",
        "26",
        " 2018"
      ]
    },
    {
      "REQ_subtype": "",
      "REQ_type": "",
      "_id": 53,
      "author_id": "not defined",
      "author_name": "Sodagudi Suhasini",
      "helpful": "0",
      "polarity": "",
      "rate": 1,
      "response": "",
      "response_date": "",
      "review": "The touch is really very bad..I just hated it too much..very bad..the worst \napp I have ever seen.",
      "review_date": [
        "June",
        "16",
        " 2018"
      ]
    },
    {
      "REQ_subtype": "",
      "REQ_type": "",
      "_id": 54,
      "author_id": "not defined",
      "author_name": "chloe",
      "helpful": "0",
      "polarity": "",
      "rate": 1,
      "response": "",
      "response_date": "",
      "review": "Getting red error message since update eg: \"doesnt ship to your location\" \non most products. Weird font in basket. Bring back number of items at top \nafter searched for items. This is Amazon, not eBay... REALLY NEEDS: -Filter \nto only include only NEW products in results or exclude used items & \nmarketplace sellers. -Filter to exclude Kindle from books or combine \npaperback & hardback option. -Delivery between times stated for day of \ndelivery by the delivery service added to tracking info. E.G 'En route. \nAmazon Logistics will deliver your parcel between 8am and 6pm on (your day \nof delivery)'. This would save vast amounts of customer frustration and \nlessen queries to Amazon. -UK only check box option when searching for \nMarketplace sellers please. -Marketplace prices should show p&p & include \nin total price when sorting. -Urgently needs option to mark as received \nitems that have arrived from Amazon marketplace as very confusing during \nbusy shopping times. -Functionality should be the same as the website. You \nshould be able to communicate with customer service regarding returns via \napp & give delivery feedback for the companies Amazon uses. Not everybody \nuses the full website version these days and this app needs to reflect that.",
      "review_date": [
        "June",
        "22",
        " 2018"
      ]
    },
    {
      "REQ_subtype": "",
      "REQ_type": "",
      "_id": 55,
      "author_id": "not defined",
      "author_name": "Mer S",
      "helpful": "0",
      "polarity": "",
      "rate": 2,
      "response": "",
      "response_date": "",
      "review": "App does not load some pages, cannot click some things",
      "review_date": [
        "June",
        "27",
        " 2018"
      ]
    },
    {
      "REQ_subtype": "",
      "REQ_type": "",
      "_id": 56,
      "author_id": "not defined",
      "author_name": "A Google user",
      "helpful": "0",
      "polarity": "",
      "rate": 1,
      "response": "",
      "response_date": "",
      "review": "Too slow, small print and missing features found in website.",
      "review_date": [
        "June",
        "23",
        " 2018"
      ]
    },
    {
      "REQ_subtype": "",
      "REQ_type": "",
      "_id": 57,
      "author_id": "not defined",
      "author_name": "Michael RICH",
      "helpful": "0",
      "polarity": "",
      "rate": 1,
      "response": "",
      "response_date": "",
      "review": "Only a 1/2 arse version, of the current 'phone' apk.",
      "review_date": [
        "June",
        "28",
        " 2018"
      ]
    },
    {
      "REQ_subtype": "",
      "REQ_type": "",
      "_id": 58,
      "author_id": "not defined",
      "author_name": "B H",
      "helpful": "2",
      "polarity": "",
      "rate": 1,
      "response": "",
      "response_date": "",
      "review": "Where the hell is Australia? Absolutely useless",
      "review_date": [
        "June",
        "16",
        " 2018"
      ]
    },
    {
      "REQ_subtype": "",
      "REQ_type": "",
      "_id": 59,
      "author_id": "not defined",
      "author_name": "Jim Sparks",
      "helpful": "0",
      "polarity": "",
      "rate": 1,
      "response": "",
      "response_date": "",
      "review": "Ruined this app with update not easy to use why change a good thing?",
      "review_date": [
        "June",
        "15",
        " 2018"
      ]
    },
    {
      "REQ_subtype": "",
      "REQ_type": "",
      "_id": 60,
      "author_id": "not defined",
      "author_name": "Destiny",
      "helpful": "0",
      "polarity": "",
      "rate": 3,
      "response": "",
      "response_date": "",
      "review": "It works very slow for me",
      "review_date": [
        "June",
        "26",
        " 2018"
      ]
    },
    {
      "REQ_subtype": "",
      "REQ_type": "",
      "_id": 61,
      "author_id": "not defined",
      "author_name": "John McCormack",
      "helpful": "0",
      "polarity": "",
      "rate": 2,
      "response": "",
      "response_date": "",
      "review": "Amazon Australia not available via this app yet.",
      "review_date": [
        "June",
        "27",
        " 2018"
      ]
    },
    {
      "REQ_subtype": "",
      "REQ_type": "",
      "_id": 62,
      "author_id": "not defined",
      "author_name": "bryan evans",
      "helpful": "0",
      "polarity": "",
      "rate": 1,
      "response": "",
      "response_date": "",
      "review": "Since new update can't get into amazon",
      "review_date": [
        "June",
        "25",
        " 2018"
      ]
    },
    {
      "REQ_subtype": "",
      "REQ_type": "",
      "_id": 63,
      "author_id": "not defined",
      "author_name": "Con Carlyon",
      "helpful": "1",
      "polarity": "",
      "rate": 3,
      "response": "",
      "response_date": "",
      "review": "There is no option for Amazon Australia.",
      "review_date": [
        "June",
        "19",
        " 2018"
      ]
    },
    {
      "REQ_subtype": "",
      "REQ_type": "",
      "_id": 64,
      "author_id": "not defined",
      "author_name": "Random Things",
      "helpful": "0",
      "polarity": "",
      "rate": 5,
      "response": "",
      "response_date": "",
      "review": "Its good, but some items cant be shipped to where i live, but some can.",
      "review_date": [
        "June",
        "27",
        " 2018"
      ]
    },
    {
      "REQ_subtype": "",
      "REQ_type": "",
      "_id": 65,
      "author_id": "not defined",
      "author_name": "Shanza Afzal",
      "helpful": "0",
      "polarity": "",
      "rate": 1,
      "response": "",
      "response_date": "",
      "review": "Khoteo dafa o para este app es un nari phusi \ud83d\ude2c\ud83d\ude2c\ud83d\ude2c\ud83d\ude2c\ud83d\ude2c\ud83d\ude2c\ud83d\ude2c",
      "review_date": [
        "June",
        "28",
        " 2018"
      ]
    },
    {
      "REQ_subtype": "",
      "REQ_type": "",
      "_id": 66,
      "author_id": "not defined",
      "author_name": "A Google user",
      "helpful": "1",
      "polarity": "",
      "rate": 4,
      "response": "",
      "response_date": "",
      "review": "It's great!",
      "review_date": [
        "June",
        "17",
        " 2018"
      ]
    },
    {
      "REQ_subtype": "",
      "REQ_type": "",
      "_id": 67,
      "author_id": "not defined",
      "author_name": "Cheetaw paw",
      "helpful": "0",
      "polarity": "",
      "rate": 5,
      "response": "",
      "response_date": "",
      "review": "I love this app I got a phone her",
      "review_date": [
        "June",
        "30",
        " 2018"
      ]
    },
    {
      "REQ_subtype": "",
      "REQ_type": "",
      "_id": 68,
      "author_id": "not defined",
      "author_name": "Brandon Fox",
      "helpful": "0",
      "polarity": "",
      "rate": 5,
      "response": "",
      "response_date": "",
      "review": "Works well and has great functionality.",
      "review_date": [
        "June",
        "23",
        " 2018"
      ]
    },
    {
      "REQ_subtype": "",
      "REQ_type": "",
      "_id": 69,
      "author_id": "not defined",
      "author_name": "Eujon Pierre Gipson",
      "helpful": "0",
      "polarity": "",
      "rate": 5,
      "response": "",
      "response_date": "",
      "review": "Easy access to shopping for sure !!!",
      "review_date": [
        "June",
        "25",
        " 2018"
      ]
    },
    {
      "REQ_subtype": "",
      "REQ_type": "",
      "_id": 70,
      "author_id": "not defined",
      "author_name": "Shirley Abate",
      "helpful": "0",
      "polarity": "",
      "rate": 5,
      "response": "",
      "response_date": "",
      "review": "Love store",
      "review_date": [
        "June",
        "18",
        " 2018"
      ]
    },
    {
      "REQ_subtype": "",
      "REQ_type": "",
      "_id": 71,
      "author_id": "not defined",
      "author_name": "Shirley Thomas",
      "helpful": "0",
      "polarity": "",
      "rate": 5,
      "response": "",
      "response_date": "",
      "review": "Love prime",
      "review_date": [
        "June",
        "24",
        " 2018"
      ]
    },
    {
      "REQ_subtype": "",
      "REQ_type": "",
      "_id": 72,
      "author_id": "not defined",
      "author_name": "Matt Cruz",
      "helpful": "0",
      "polarity": "",
      "rate": 5,
      "response": "",
      "response_date": "",
      "review": "Awesome",
      "review_date": [
        "June",
        "15",
        " 2018"
      ]
    },
    {
      "REQ_subtype": "",
      "REQ_type": "",
      "_id": 73,
      "author_id": "not defined",
      "author_name": "Hash Boi",
      "helpful": "0",
      "polarity": "",
      "rate": 5,
      "response": "",
      "response_date": "",
      "review": "awesome",
      "review_date": [
        "June",
        "29",
        " 2018"
      ]
    },
    {
      "REQ_subtype": "",
      "REQ_type": "",
      "_id": 74,
      "author_id": "not defined",
      "author_name": "A Google user",
      "helpful": "4",
      "polarity": "",
      "rate": 3,
      "response": "",
      "response_date": "",
      "review": "I used to love this app. Now I can no longer look at my shopping history or \nrecently viewed items? I liked being able to pick up where I left off. I \ndon't have time to start all over when I'm looking for something.",
      "review_date": [
        "June",
        "10",
        " 2018"
      ]
    },
    {
      "REQ_subtype": "",
      "REQ_type": "",
      "_id": 75,
      "author_id": "not defined",
      "author_name": "Ron Chase",
      "helpful": "0",
      "polarity": "",
      "rate": 2,
      "response": "",
      "response_date": "",
      "review": "While browsing for an item, for no apparent reason this app decides to \nreturn to the home screen without me doing anything. I'm in the middle of \nreading details about an item I'm looking to buy, but before I can finish \nreading (and no I'm not a show reader) the app decides to either go black \nand display nothing at all, or just return to the hone screen. It appears \nto be doing a refresh for who knows why and simply sends me back to the \nbeginning. If it happened just a couple of times it wouldn't be so bad, but \nit is happening every time I'm in the app. This is starting to become \nintolerable.",
      "review_date": [
        "June",
        "11",
        " 2018"
      ]
    },
    {
      "REQ_subtype": "",
      "REQ_type": "",
      "_id": 76,
      "author_id": "not defined",
      "author_name": "Paul Zahorosky",
      "helpful": "0",
      "polarity": "",
      "rate": 1,
      "response": "",
      "response_date": "",
      "review": "I shop at Amazon every day using various devices. This app, supposedly for \ntablets, has been slow and laggy for years. Scrolling through anything is \nslow, if it works at all. Tapping on anything doesn't always work. This \nproblem has persisted for several years, across three different Samsung \nGalaxy tablets, and is the only app on these devices to perform poorly. \nAmazon\u2015FIX THIS APP!",
      "review_date": [
        "June",
        "3",
        " 2018"
      ]
    },
    {
      "REQ_subtype": "",
      "REQ_type": "",
      "_id": 77,
      "author_id": "not defined",
      "author_name": "Khadijah S.",
      "helpful": "1",
      "polarity": "",
      "rate": 3,
      "response": "",
      "response_date": "",
      "review": "Read the fine print. From clothing to lamps to star wars mats expect it to \nbe smaller than store bought.",
      "review_date": [
        "June",
        "12",
        " 2018"
      ]
    },
    {
      "REQ_subtype": "",
      "REQ_type": "",
      "_id": 78,
      "author_id": "not defined",
      "author_name": "guy Fitzpatrick",
      "helpful": "4",
      "polarity": "",
      "rate": 1,
      "response": "",
      "response_date": "",
      "review": "Why is there no bar code scanner in the tablet version, but there is one for the phone version. My tablet has a cam and several others do to. Asus memo pad",
      "review_date": [
        "June",
        "8",
        " 2018"
      ]
    },
    {
      "REQ_subtype": "",
      "REQ_type": "",
      "_id": 79,
      "author_id": "not defined",
      "author_name": "Chris MH",
      "helpful": "0",
      "polarity": "",
      "rate": 3,
      "response": "",
      "response_date": "",
      "review": "The app is okay for the most part, but there are a couple of annoying \nthings. The main issue I have is that I can only see a couple of reviews on \na product, and the rest say \"loading\", but they never load. It just gets \nstuck there.",
      "review_date": [
        "June",
        "5",
        " 2018"
      ]
    },
    {
      "REQ_subtype": "",
      "REQ_type": "",
      "_id": 80,
      "author_id": "not defined",
      "author_name": "A Google user",
      "helpful": "2",
      "polarity": "",
      "rate": 1,
      "response": "",
      "response_date": "",
      "review": "Have to sign in everytime i open it... keeps on crashing... FIX THIS APP!!! \nCAN'T USE IT ON MY TABLET!!",
      "review_date": [
        "June",
        "11",
        " 2018"
      ]
    },
    {
      "REQ_subtype": "",
      "REQ_type": "",
      "_id": 81,
      "author_id": "not defined",
      "author_name": "Alec Benson",
      "helpful": "0",
      "polarity": "",
      "rate": 1,
      "response": "",
      "response_date": "",
      "review": "What a waste of time. You update the app (at last) and don't bother to \ninclude the Australian store. You've included Australia in the phone app, \nwhy not the tablet? Update: Another update but still no Australian store. \nUpdate 2: Still no Australian store! Update 3: Still no Australian store. \nUpdate 4: Still no Australian store. Update 5: Still no Australian store. \nUpdate 6: Still no Australian store. Update 7: Still no Australian store! \nUpdate 8: Still no Australian store! Update 9: Still no Australian store. \nUpdate 10: Still no Australian store. Pathetic!",
      "review_date": [
        "June",
        "13",
        " 2018"
      ]
    },
    {
      "REQ_subtype": "",
      "REQ_type": "",
      "_id": 82,
      "author_id": "not defined",
      "author_name": "Ganesh R",
      "helpful": "1",
      "polarity": "",
      "rate": 1,
      "response": "",
      "response_date": "",
      "review": "The app is laggy and it does not work smoothly ..... It's irritating , \nAmazon pls look forward to make this app smooth and user friendly",
      "review_date": [
        "June",
        "9",
        " 2018"
      ]
    },
    {
      "REQ_subtype": "",
      "REQ_type": "",
      "_id": 83,
      "author_id": "not defined",
      "author_name": "Becky West",
      "helpful": "1",
      "polarity": "",
      "rate": 5,
      "response": "",
      "response_date": "",
      "review": "I use this app all the time! No need to fire up my laptop. Everything is on \nthis app.",
      "review_date": [
        "June",
        "5",
        " 2018"
      ]
    },
    {
      "REQ_subtype": "",
      "REQ_type": "",
      "_id": 84,
      "author_id": "not defined",
      "author_name": "Steve Oh",
      "helpful": "2",
      "polarity": "",
      "rate": 1,
      "response": "",
      "response_date": "",
      "review": "Is there a reason the tablet version does not show reviews pictures or \nvideos...",
      "review_date": [
        "June",
        "13",
        " 2018"
      ]
    },
    {
      "REQ_subtype": "",
      "REQ_type": "",
      "_id": 85,
      "author_id": "not defined",
      "author_name": "Joy Reyes",
      "helpful": "0",
      "polarity": "",
      "rate": 1,
      "response": "",
      "response_date": "",
      "review": "doesn't work with my tablet I would like to use this app but how can I when \nAmazon doesn't know what is going on with their app",
      "review_date": [
        "June",
        "4",
        " 2018"
      ]
    },
    {
      "REQ_subtype": "",
      "REQ_type": "",
      "_id": 86,
      "author_id": "not defined",
      "author_name": "Vincent Smith",
      "helpful": "0",
      "polarity": "",
      "rate": 1,
      "response": "",
      "response_date": "",
      "review": "Doesn't work keeps crashing.",
      "review_date": [
        "June",
        "4",
        " 2018"
      ]
    },
    {
      "REQ_subtype": "",
      "REQ_type": "",
      "_id": 87,
      "author_id": "not defined",
      "author_name": "Zoran M",
      "helpful": "4",
      "polarity": "",
      "rate": 1,
      "response": "",
      "response_date": "",
      "review": "Pushing Deal of the Day notification without permission.",
      "review_date": [
        "June",
        "5",
        " 2018"
      ]
    },
    {
      "REQ_subtype": "",
      "REQ_type": "",
      "_id": 88,
      "author_id": "not defined",
      "author_name": "A Google user",
      "helpful": "2",
      "polarity": "",
      "rate": 1,
      "response": "",
      "response_date": "",
      "review": "Please bring back \"RECENTLY VIEWED ITEMS\" in the app",
      "review_date": [
        "June",
        "11",
        " 2018"
      ]
    },
    {
      "REQ_subtype": "",
      "REQ_type": "",
      "_id": 89,
      "author_id": "not defined",
      "author_name": "Jessie Jeffree",
      "helpful": "1",
      "polarity": "",
      "rate": 1,
      "response": "",
      "response_date": "",
      "review": "Still Can't access Australian Amazon, please change!!!!",
      "review_date": [
        "June",
        "13",
        " 2018"
      ]
    },
    {
      "REQ_subtype": "",
      "REQ_type": "",
      "_id": 90,
      "author_id": "not defined",
      "author_name": "DsW",
      "helpful": "2",
      "polarity": "",
      "rate": 2,
      "response": "",
      "response_date": "",
      "review": "Really? Still no option for amazon australia?",
      "review_date": [
        "June",
        "12",
        " 2018"
      ]
    },
    {
      "REQ_subtype": "",
      "REQ_type": "",
      "_id": 91,
      "author_id": "not defined",
      "author_name": "ANGEL RIVERA",
      "helpful": "2",
      "polarity": "",
      "rate": 3,
      "response": "",
      "response_date": "",
      "review": "The app needs a lot of updates",
      "review_date": [
        "June",
        "5",
        " 2018"
      ]
    },
    {
      "REQ_subtype": "",
      "REQ_type": "",
      "_id": 92,
      "author_id": "not defined",
      "author_name": "A Google user",
      "helpful": "0",
      "polarity": "",
      "rate": 5,
      "response": "",
      "response_date": "",
      "review": "Besides gives 50% discount for the products",
      "review_date": [
        "June",
        "7",
        " 2018"
      ]
    },
    {
      "REQ_subtype": "",
      "REQ_type": "",
      "_id": 93,
      "author_id": "not defined",
      "author_name": "A Google user",
      "helpful": "0",
      "polarity": "",
      "rate": 2,
      "response": "",
      "response_date": "",
      "review": "I cant use Amazon pay balance easily in this app",
      "review_date": [
        "June",
        "8",
        " 2018"
      ]
    },
    {
      "REQ_subtype": "",
      "REQ_type": "",
      "_id": 94,
      "author_id": "not defined",
      "author_name": "Saifan Mahmud",
      "helpful": "0",
      "polarity": "",
      "rate": 5,
      "response": "",
      "response_date": "",
      "review": "I think it is a good app and amazon is the best seller in the whole world",
      "review_date": [
        "June",
        "8",
        " 2018"
      ]
    },
    {
      "REQ_subtype": "",
      "REQ_type": "",
      "_id": 95,
      "author_id": "not defined",
      "author_name": "Harlene 79",
      "helpful": "0",
      "polarity": "",
      "rate": 3,
      "response": "",
      "response_date": "",
      "review": "It keeps stopping!!!!",
      "review_date": [
        "June",
        "8",
        " 2018"
      ]
    },
    {
      "REQ_subtype": "",
      "REQ_type": "",
      "_id": 96,
      "author_id": "not defined",
      "author_name": "Giulia Styles",
      "helpful": "1",
      "polarity": "",
      "rate": 5,
      "response": "",
      "response_date": "",
      "review": "Makes life easier",
      "review_date": [
        "June",
        "6",
        " 2018"
      ]
    },
    {
      "REQ_subtype": "",
      "REQ_type": "",
      "_id": 97,
      "author_id": "not defined",
      "author_name": "Leticia Ortiz",
      "helpful": "0",
      "polarity": "",
      "rate": 5,
      "response": "",
      "response_date": "",
      "review": "Never had a problem, love it.",
      "review_date": [
        "June",
        "11",
        " 2018"
      ]
    },
    {
      "REQ_subtype": "",
      "REQ_type": "",
      "_id": 98,
      "author_id": "not defined",
      "author_name": "A Google user",
      "helpful": "0",
      "polarity": "",
      "rate": 5,
      "response": "",
      "response_date": "",
      "review": "It's a great app to have!!",
      "review_date": [
        "June",
        "16",
        " 2018"
      ]
    },
    {
      "REQ_subtype": "",
      "REQ_type": "",
      "_id": 99,
      "author_id": "not defined",
      "author_name": "A Google user",
      "helpful": "3",
      "polarity": "",
      "rate": 5,
      "response": "",
      "response_date": "",
      "review": "This is good",
      "review_date": [
        "June",
        "3",
        " 2018"
      ]
    },
    {
      "REQ_subtype": "",
      "REQ_type": "",
      "_id": 100,
      "author_id": "not defined",
      "author_name": "A Google user",
      "helpful": "0",
      "polarity": "",
      "rate": 5,
      "response": "",
      "response_date": "",
      "review": "Tt is very helpful app",
      "review_date": [
        "June",
        "7",
        " 2018"
      ]
    },
    {
      "REQ_subtype": "",
      "REQ_type": "",
      "_id": 101,
      "author_id": "not defined",
      "author_name": "Peter Nikolsky",
      "helpful": "0",
      "polarity": "",
      "rate": 4,
      "response": "",
      "response_date": "",
      "review": "Works better now",
      "review_date": [
        "June",
        "3",
        " 2018"
      ]
    },
    {
      "REQ_subtype": "",
      "REQ_type": "",
      "_id": 102,
      "author_id": "not defined",
      "author_name": "Rishith Rajagopal",
      "helpful": "0",
      "polarity": "",
      "rate": 5,
      "response": "",
      "response_date": "",
      "review": "I love amozon",
      "review_date": [
        "June",
        "7",
        " 2018"
      ]
    },
    {
      "REQ_subtype": "",
      "REQ_type": "",
      "_id": 103,
      "author_id": "not defined",
      "author_name": "A Google user",
      "helpful": "0",
      "polarity": "",
      "rate": 5,
      "response": "",
      "response_date": "",
      "review": "This is a good product",
      "review_date": [
        "June",
        "10",
        " 2018"
      ]
    },
    {
      "REQ_subtype": "",
      "REQ_type": "",
      "_id": 104,
      "author_id": "not defined",
      "author_name": "A Google user",
      "helpful": "0",
      "polarity": "",
      "rate": 5,
      "response": "",
      "response_date": "",
      "review": "I love it",
      "review_date": [
        "June",
        "10",
        " 2018"
      ]
    },
    {
      "REQ_subtype": "",
      "REQ_type": "",
      "_id": 105,
      "author_id": "not defined",
      "author_name": "June English",
      "helpful": "0",
      "polarity": "",
      "rate": 5,
      "response": "",
      "response_date": "",
      "review": "Great app",
      "review_date": [
        "June",
        "8",
        " 2018"
      ]
    },
    {
      "REQ_subtype": "",
      "REQ_type": "",
      "_id": 106,
      "author_id": "not defined",
      "author_name": "A Google user",
      "helpful": "0",
      "polarity": "",
      "rate": 5,
      "response": "",
      "response_date": "",
      "review": "Love it",
      "review_date": [
        "June",
        "6",
        " 2018"
      ]
    },
    {
      "REQ_subtype": "",
      "REQ_type": "",
      "_id": 107,
      "author_id": "not defined",
      "author_name": "A Google user",
      "helpful": "0",
      "polarity": "",
      "rate": 1,
      "response": "",
      "response_date": "",
      "review": "Very disappointed. The experience in the is just as bad as in the site for \nsome reason. when I click on a drop down menu like quantity or color it \ndoesn't react at allor takes a very long time to. The same goes for adding \na product to the basket - I have to wait half a minute for it to react. \nPlease fix, this really hinders my shopping experience",
      "review_date": [
        "May",
        "22",
        " 2018"
      ]
    },
    {
      "REQ_subtype": "",
      "REQ_type": "",
      "_id": 108,
      "author_id": "not defined",
      "author_name": "Lonnie Cavanagh",
      "helpful": "1",
      "polarity": "",
      "rate": 3,
      "response": "",
      "response_date": "",
      "review": "I love amazon except for this app on samsung tablet. Was a good app until \nlast year when the home page stopped working. \"Sorry, there's a problem \nwith this page. We are working to fix it.\" A year later and they must still \nbe working on it....",
      "review_date": [
        "June",
        "3",
        " 2018"
      ]
    },
    {
      "REQ_subtype": "",
      "REQ_type": "",
      "_id": 109,
      "author_id": "not defined",
      "author_name": "A Google user",
      "helpful": "4",
      "polarity": "",
      "rate": 4,
      "response": "",
      "response_date": "",
      "review": "How about adding a share button? Adding 30+ tiny gif ads to every page with \nno description or price is annoying, not helpful! With slow internet, it \ndoubles page load times! Also, Add to cart does not work until they all \nload! Who does that!?",
      "review_date": [
        "May",
        "29",
        " 2018"
      ]
    },
    {
      "REQ_subtype": "",
      "REQ_type": "",
      "_id": 110,
      "author_id": "not defined",
      "author_name": "Wes Phillips",
      "helpful": "2",
      "polarity": "",
      "rate": 1,
      "response": "",
      "response_date": "",
      "review": "New subscribe only links are missleading and harmful! If your'e not \ncareful, you automatically subscibe for monthy shippments!",
      "review_date": [
        "June",
        "2",
        " 2018"
      ]
    },
    {
      "REQ_subtype": "",
      "REQ_type": "",
      "_id": 111,
      "author_id": "not defined",
      "author_name": "Mike Madden",
      "helpful": "0",
      "polarity": "",
      "rate": 3,
      "response": "",
      "response_date": "",
      "review": "Was the best app for shopping, but recently there is a problem with the way \nthe app renders images (on my Samsung TabS) When I enlarged images for a \nbetter view, they dissappear completely! The problem can be fixed for a \nshort while by reinstalling the app but it's very frustrating so I've \nknocked 2 stars off my review. I'll put them back when this problem is \nresolved.",
      "review_date": [
        "June",
        "3",
        " 2018"
      ]
    },
    {
      "REQ_subtype": "",
      "REQ_type": "",
      "_id": 112,
      "author_id": "not defined",
      "author_name": "Beatles Fan",
      "helpful": "0",
      "polarity": "",
      "rate": 1,
      "response": "",
      "response_date": "",
      "review": "I can't order anything. I've been using my tablet for years but ever since \nit was updated about two weeks ago I don't get a buy now button. The same \nfor my computer and phone. All my friends are having trouble too. We all \nuse different devices,have changed browsers, removed and reinstalled the \napp nothing helps. THIS HAPPENED IN MAY 2017 AT THE SAME TIME MEMORIAL DAY \nWEEKEND. IT TOOK ABOUT SIX WEEKS AND MANY OF THE ITEMS WE WANTED WERE GONE",
      "review_date": [
        "May",
        "28",
        " 2018"
      ]
    },
    {
      "REQ_subtype": "",
      "REQ_type": "",
      "_id": 113,
      "author_id": "not defined",
      "author_name": "Swavek G",
      "helpful": "8",
      "polarity": "",
      "rate": 3,
      "response": "",
      "response_date": "",
      "review": "It used to work much better. Now I can only see 3 latest items I my wish \nlist. One of the updates must have corrupted it.",
      "review_date": [
        "May",
        "22",
        " 2018"
      ]
    },
    {
      "REQ_subtype": "",
      "REQ_type": "",
      "_id": 114,
      "author_id": "not defined",
      "author_name": "Shaista Sultana",
      "helpful": "2",
      "polarity": "",
      "rate": 2,
      "response": "",
      "response_date": "",
      "review": "The app is all in all okay. But the problem is that there is no customer \nreview images shown on the app, when i open the sane product on my phone it \nshows the images but with this tablets version it's not the same.",
      "review_date": [
        "June",
        "6",
        " 2018"
      ]
    },
    {
      "REQ_subtype": "",
      "REQ_type": "",
      "_id": 115,
      "author_id": "not defined",
      "author_name": "Josh R",
      "helpful": "5",
      "polarity": "",
      "rate": 1,
      "response": "",
      "response_date": "",
      "review": "This app sucks. Couldnt take off the gift card I had added. All the stuff \nit tells you to do isn't existent. Don't recommend amazon for tablets",
      "review_date": [
        "May",
        "23",
        " 2018"
      ]
    },
    {
      "REQ_subtype": "",
      "REQ_type": "",
      "_id": 116,
      "author_id": "not defined",
      "author_name": "P Schmied",
      "helpful": "5",
      "polarity": "",
      "rate": 3,
      "response": "",
      "response_date": "",
      "review": "Missing a lot of the website functionality. Doesn't support user-created \nlists. Doesn't support Honey. Nags at startup about joining Prime.",
      "review_date": [
        "May",
        "19",
        " 2018"
      ]
    },
    {
      "REQ_subtype": "",
      "REQ_type": "",
      "_id": 117,
      "author_id": "not defined",
      "author_name": "Nicholas Washington",
      "helpful": "0",
      "polarity": "",
      "rate": 1,
      "response": "",
      "response_date": "",
      "review": "As of the latest update the app is no longer supported on the android \nversion of my tablet. I now have to use a browser to access Amazon...",
      "review_date": [
        "July",
        "11",
        " 2018"
      ]
    },
    {
      "REQ_subtype": "",
      "REQ_type": "",
      "_id": 118,
      "author_id": "not defined",
      "author_name": "Joshua Shield",
      "helpful": "1",
      "polarity": "",
      "rate": 1,
      "response": "",
      "response_date": "",
      "review": "Don't like it as it doesn't work on my tablet as it says the andriod system \nis no longer supported.",
      "review_date": [
        "June",
        "29",
        " 2018"
      ]
    },
    {
      "REQ_subtype": "",
      "REQ_type": "",
      "_id": 119,
      "author_id": "not defined",
      "author_name": "Keith Priest",
      "helpful": "2",
      "polarity": "",
      "rate": 3,
      "response": "",
      "response_date": "",
      "review": "This app for tablets will will not tell you whether dvds are area 1 or area \n2. This is very important as area 1 will not play in Europe very \nfrustrating ktp",
      "review_date": [
        "June",
        "1",
        " 2018"
      ]
    },
    {
      "REQ_subtype": "",
      "REQ_type": "",
      "_id": 120,
      "author_id": "not defined",
      "author_name": "SuperSonicmike 02",
      "helpful": "0",
      "polarity": "",
      "rate": 1,
      "response": "",
      "response_date": "",
      "review": "Amazon would not let me submit my order at all. I would put in all my info \nbut Amazon would say that I have put no payment method in",
      "review_date": [
        "May",
        "18",
        " 2018"
      ]
    },
    {
      "REQ_subtype": "",
      "REQ_type": "",
      "_id": 121,
      "author_id": "not defined",
      "author_name": "Medo Bedo",
      "helpful": "0",
      "polarity": "",
      "rate": 2,
      "response": "",
      "response_date": "",
      "review": "It stopped working telling me no longer supported on my Android version , \nbad bad bad",
      "review_date": [
        "June",
        "27",
        " 2018"
      ]
    },
    {
      "REQ_subtype": "",
      "REQ_type": "",
      "_id": 122,
      "author_id": "not defined",
      "author_name": "William Brady",
      "helpful": "1",
      "polarity": "",
      "rate": 1,
      "response": "",
      "response_date": "",
      "review": "Freezes Everytime I open the app. Can do nothing with it.",
      "review_date": [
        "July",
        "6",
        " 2018"
      ]
    },
    {
      "REQ_subtype": "",
      "REQ_type": "",
      "_id": 123,
      "author_id": "not defined",
      "author_name": "Eugene George",
      "helpful": "5",
      "polarity": "",
      "rate": 1,
      "response": "",
      "response_date": "",
      "review": "Take the extra day for free shipping and forget Prime!! Takes the same time \nto get order ready to ship.",
      "review_date": [
        "May",
        "19",
        " 2018"
      ]
    },
    {
      "REQ_subtype": "",
      "REQ_type": "",
      "_id": 124,
      "author_id": "not defined",
      "author_name": "Julianna Reader",
      "helpful": "0",
      "polarity": "",
      "rate": 1,
      "response": "",
      "response_date": "",
      "review": "The update makes it impossible for me to use it on my tablet. Its \nincompatible with my tablet",
      "review_date": [
        "July",
        "8",
        " 2018"
      ]
    },
    {
      "REQ_subtype": "",
      "REQ_type": "",
      "_id": 125,
      "author_id": "not defined",
      "author_name": "Simon Anderson",
      "helpful": "5",
      "polarity": "",
      "rate": 1,
      "response": "",
      "response_date": "",
      "review": "Can't select Australia as a country.... Assumedly this means I can't shop \nfrom Australian Amazon... Deleted.",
      "review_date": [
        "May",
        "21",
        " 2018"
      ]
    },
    {
      "REQ_subtype": "",
      "REQ_type": "",
      "_id": 126,
      "author_id": "not defined",
      "author_name": "Shira Stanley",
      "helpful": "1",
      "polarity": "",
      "rate": 5,
      "response": "",
      "response_date": "",
      "review": "Perfect. It helps with anything that you need to get quick, and it is \nusable just 2 to 3 day shipping.",
      "review_date": [
        "May",
        "28",
        " 2018"
      ]
    },
    {
      "REQ_subtype": "",
      "REQ_type": "",
      "_id": 127,
      "author_id": "not defined",
      "author_name": "Josh Porter",
      "helpful": "2",
      "polarity": "",
      "rate": 1,
      "response": "",
      "response_date": "",
      "review": "2 day shipping isn't 2 days anymore. It is now consistently 2 days before \nit ships and 3 days to ship. Maybe Wal-Mart or eBay is better now.",
      "review_date": [
        "May",
        "26",
        " 2018"
      ]
    },
    {
      "REQ_subtype": "",
      "REQ_type": "",
      "_id": 128,
      "author_id": "not defined",
      "author_name": "A Google user",
      "helpful": "1",
      "polarity": "",
      "rate": 5,
      "response": "",
      "response_date": "",
      "review": "Great for shopping, love the prices, but I can't find the registry on my \ntablet app I can on my phone but not the tablet app",
      "review_date": [
        "May",
        "26",
        " 2018"
      ]
    },
    {
      "REQ_subtype": "",
      "REQ_type": "",
      "_id": 129,
      "author_id": "not defined",
      "author_name": "anthony kanigowski",
      "helpful": "1",
      "polarity": "",
      "rate": 3,
      "response": "",
      "response_date": "",
      "review": "I would have given it 5 stars, but in not able to access my baby registry \nor Amazon Restaurants.",
      "review_date": [
        "May",
        "22",
        " 2018"
      ]
    },
    {
      "REQ_subtype": "",
      "REQ_type": "",
      "_id": 130,
      "author_id": "not defined",
      "author_name": "A Google user",
      "helpful": "1",
      "polarity": "",
      "rate": 5,
      "response": "",
      "response_date": "",
      "review": "Its good but I got scammed because I had 35$ but when I bought something \nfor 10$ I had 2.00$",
      "review_date": [
        "May",
        "30",
        " 2018"
      ]
    },
    {
      "REQ_subtype": "",
      "REQ_type": "",
      "_id": 131,
      "author_id": "not defined",
      "author_name": "A Google user",
      "helpful": "3",
      "polarity": "",
      "rate": 1,
      "response": "",
      "response_date": "",
      "review": "Constant crashes since last update",
      "review_date": [
        "May",
        "30",
        " 2018"
      ]
    },
    {
      "REQ_subtype": "",
      "REQ_type": "",
      "_id": 132,
      "author_id": "not defined",
      "author_name": "Ruthie Fishaimer",
      "helpful": "1",
      "polarity": "",
      "rate": 5,
      "response": "",
      "response_date": "",
      "review": "It is a very good app because you can order stuff online.",
      "review_date": [
        "May",
        "23",
        " 2018"
      ]
    },
    {
      "REQ_subtype": "",
      "REQ_type": "",
      "_id": 133,
      "author_id": "not defined",
      "author_name": "ROBYN EGNATIOS",
      "helpful": "0",
      "polarity": "",
      "rate": 1,
      "response": "",
      "response_date": "",
      "review": "Its so bad I'm speechless",
      "review_date": [
        "June",
        "4",
        " 2018"
      ]
    },
    {
      "REQ_subtype": "",
      "REQ_type": "",
      "_id": 134,
      "author_id": "not defined",
      "author_name": "James Burn",
      "helpful": "0",
      "polarity": "",
      "rate": 1,
      "response": "",
      "response_date": "",
      "review": "Wish lists only load the first 3 items",
      "review_date": [
        "May",
        "22",
        " 2018"
      ]
    },
    {
      "REQ_subtype": "",
      "REQ_type": "",
      "_id": 135,
      "author_id": "not defined",
      "author_name": "M\u00e0rius Rey",
      "helpful": "0",
      "polarity": "",
      "rate": 3,
      "response": "",
      "response_date": "",
      "review": "Pesa molt, lenta comparada amb la compet\u00e8ncia",
      "review_date": [
        "May",
        "20",
        " 2018"
      ]
    },
    {
      "REQ_subtype": "",
      "REQ_type": "",
      "_id": 136,
      "author_id": "not defined",
      "author_name": "JJ_. Nation",
      "helpful": "0",
      "polarity": "",
      "rate": 5,
      "response": "",
      "response_date": "",
      "review": "This ap is like the bomb!!!!",
      "review_date": [
        "July",
        "15",
        " 2018"
      ]
    },
    {
      "REQ_subtype": "",
      "REQ_type": "",
      "_id": 137,
      "author_id": "not defined",
      "author_name": "Vincent A",
      "helpful": "0",
      "polarity": "",
      "rate": 5,
      "response": "",
      "response_date": "",
      "review": "dont know why anyone would rate this app anything but 5 stars",
      "review_date": [
        "May",
        "20",
        " 2018"
      ]
    },
    {
      "REQ_subtype": "",
      "REQ_type": "",
      "_id": 138,
      "author_id": "not defined",
      "author_name": "Alex Martel",
      "helpful": "0",
      "polarity": "",
      "rate": 1,
      "response": "",
      "response_date": "",
      "review": "Why there is no Cash on Delivery ?",
      "review_date": [
        "June",
        "6",
        " 2018"
      ]
    },
    {
      "REQ_subtype": "",
      "REQ_type": "",
      "_id": 139,
      "author_id": "not defined",
      "author_name": "Jon Chase",
      "helpful": "3",
      "polarity": "",
      "rate": 5,
      "response": "",
      "response_date": "",
      "review": "Very useful.",
      "review_date": [
        "May",
        "18",
        " 2018"
      ]
    },
    {
      "REQ_subtype": "",
      "REQ_type": "",
      "_id": 140,
      "author_id": "not defined",
      "author_name": "A Google user",
      "helpful": "1",
      "polarity": "",
      "rate": 2,
      "response": "",
      "response_date": "",
      "review": "Prices are given in dollars",
      "review_date": [
        "May",
        "25",
        " 2018"
      ]
    },
    {
      "REQ_subtype": "",
      "REQ_type": "",
      "_id": 141,
      "author_id": "not defined",
      "author_name": "TA Lommagami",
      "helpful": "0",
      "polarity": "",
      "rate": 1,
      "response": "",
      "response_date": "",
      "review": "It sucks \ud83d\udc4e",
      "review_date": [
        "May",
        "23",
        " 2018"
      ]
    },
    {
      "REQ_subtype": "",
      "REQ_type": "",
      "_id": 142,
      "author_id": "not defined",
      "author_name": "A Google user",
      "helpful": "0",
      "polarity": "",
      "rate": 5,
      "response": "",
      "response_date": "",
      "review": "I\ud83d\udc91Amazon",
      "review_date": [
        "May",
        "27",
        " 2018"
      ]
    },
    {
      "REQ_subtype": "",
      "REQ_type": "",
      "_id": 143,
      "author_id": "not defined",
      "author_name": "Milzi Jex",
      "helpful": "2",
      "polarity": "",
      "rate": 2,
      "response": "",
      "response_date": "",
      "review": "Soooo slow",
      "review_date": [
        "June",
        "4",
        " 2018"
      ]
    },
    {
      "REQ_subtype": "",
      "REQ_type": "",
      "_id": 144,
      "author_id": "not defined",
      "author_name": "lalit mohan",
      "helpful": "0",
      "polarity": "",
      "rate": 5,
      "response": "",
      "response_date": "",
      "review": "Totally hopeless",
      "review_date": [
        "May",
        "23",
        " 2018"
      ]
    },
    {
      "REQ_subtype": "",
      "REQ_type": "",
      "_id": 145,
      "author_id": "not defined",
      "author_name": "Osama Simsim",
      "helpful": "0",
      "polarity": "",
      "rate": 5,
      "response": "",
      "response_date": "",
      "review": "\u0627\u062a\u0647 \u0627\u062a\u0647 \u0644",
      "review_date": [
        "May",
        "24",
        " 2018"
      ]
    },
    {
      "REQ_subtype": "",
      "REQ_type": "",
      "_id": 146,
      "author_id": "not defined",
      "author_name": "Dave Walker",
      "helpful": "0",
      "polarity": "",
      "rate": 5,
      "response": "",
      "response_date": "",
      "review": "The best shopping app",
      "review_date": [
        "May",
        "20",
        " 2018"
      ]
    },
    {
      "REQ_subtype": "",
      "REQ_type": "",
      "_id": 147,
      "author_id": "not defined",
      "author_name": "Kenneth Kennedy",
      "helpful": "0",
      "polarity": "",
      "rate": 5,
      "response": "",
      "response_date": "",
      "review": "Good app does what it says",
      "review_date": [
        "June",
        "13",
        " 2018"
      ]
    },
    {
      "REQ_subtype": "",
      "REQ_type": "",
      "_id": 148,
      "author_id": "not defined",
      "author_name": "maggie and Jack and Deandre",
      "helpful": "1",
      "polarity": "",
      "rate": 5,
      "response": "",
      "response_date": "",
      "review": "It is so cool \ud83d\ude0e\ud83d\ude0e\ud83d\ude0e\ud83d\ude0e",
      "review_date": [
        "May",
        "19",
        " 2018"
      ]
    },
    {
      "REQ_subtype": "",
      "REQ_type": "",
      "_id": 149,
      "author_id": "not defined",
      "author_name": "Shane Nixson",
      "helpful": "0",
      "polarity": "",
      "rate": 5,
      "response": "",
      "response_date": "",
      "review": "I think it's great",
      "review_date": [
        "June",
        "5",
        " 2018"
      ]
    },
    {
      "REQ_subtype": "",
      "REQ_type": "",
      "_id": 150,
      "author_id": "not defined",
      "author_name": "Patricia Tarul",
      "helpful": "0",
      "polarity": "",
      "rate": 5,
      "response": "",
      "response_date": "",
      "review": "You",
      "review_date": [
        "June",
        "4",
        " 2018"
      ]
    },
    {
      "REQ_subtype": "",
      "REQ_type": "",
      "_id": 151,
      "author_id": "not defined",
      "author_name": "Adolfo Rangel",
      "helpful": "0",
      "polarity": "",
      "rate": 1,
      "response": "",
      "response_date": "",
      "review": "LOL LOL",
      "review_date": [
        "May",
        "20",
        " 2018"
      ]
    },
    {
      "REQ_subtype": "",
      "REQ_type": "",
      "_id": 152,
      "author_id": "not defined",
      "author_name": "Anthony Estes",
      "helpful": "0",
      "polarity": "",
      "rate": 5,
      "response": "",
      "response_date": "",
      "review": "Great app",
      "review_date": [
        "May",
        "20",
        " 2018"
      ]
    },
    {
      "REQ_subtype": "",
      "REQ_type": "",
      "_id": 153,
      "author_id": "not defined",
      "author_name": "A Google user",
      "helpful": "0",
      "polarity": "",
      "rate": 5,
      "response": "",
      "response_date": "",
      "review": "I love it",
      "review_date": [
        "June",
        "7",
        " 2018"
      ]
    },
    {
      "REQ_subtype": "",
      "REQ_type": "",
      "_id": 154,
      "author_id": "not defined",
      "author_name": "A Google user",
      "helpful": "0",
      "polarity": "",
      "rate": 5,
      "response": "",
      "response_date": "",
      "review": "Best for shopping",
      "review_date": [
        "June",
        "11",
        " 2018"
      ]
    },
    {
      "REQ_subtype": "",
      "REQ_type": "",
      "_id": 155,
      "author_id": "not defined",
      "author_name": "A Google user",
      "helpful": "0",
      "polarity": "",
      "rate": 5,
      "response": "",
      "response_date": "",
      "review": "Love it.",
      "review_date": [
        "May",
        "23",
        " 2018"
      ]
    },
    {
      "REQ_subtype": "",
      "REQ_type": "",
      "_id": 156,
      "author_id": "not defined",
      "author_name": "A Google user",
      "helpful": "0",
      "polarity": "",
      "rate": 5,
      "response": "",
      "response_date": "",
      "review": "Good",
      "review_date": [
        "May",
        "30",
        " 2018"
      ]
    },
    {
      "REQ_subtype": "",
      "REQ_type": "",
      "_id": 157,
      "author_id": "not defined",
      "author_name": "Greg Hess",
      "helpful": "10",
      "polarity": "",
      "rate": 1,
      "response": "",
      "response_date": "",
      "review": "Latest updates to this app have severely broken it. It is showing someone \nelse's wishlist, it is suggesting items that I would never buy, and have \nnever stopped for. If I clear the apps data and cache, it fixes it, \ntemporarily, but within a few hours, it is broken again.",
      "review_date": [
        "May",
        "13",
        " 2018"
      ]
    },
    {
      "REQ_subtype": "",
      "REQ_type": "",
      "_id": 158,
      "author_id": "not defined",
      "author_name": "Charles Stover",
      "helpful": "3",
      "polarity": "",
      "rate": 1,
      "response": "",
      "response_date": "",
      "review": "I used to love the app. Now, it shows me nothing I'm interested in. The \nrecent and inspired by my wish list have nothing to do with any of the \nitems in my list. Not even close and nothing I've ever looked at.",
      "review_date": [
        "May",
        "12",
        " 2018"
      ]
    },
    {
      "REQ_subtype": "",
      "REQ_type": "",
      "_id": 159,
      "author_id": "not defined",
      "author_name": "Gayle Youngs",
      "helpful": "5",
      "polarity": "",
      "rate": 1,
      "response": "",
      "response_date": "",
      "review": "Poor to none support for pen/stylus as pointer, both Android 7 and also iOS \niPad pro. Locked up, file, could not close, quit or even restart S3 Tab, \nSoftware is not a strong suit for Amazon.",
      "review_date": [
        "May",
        "10",
        " 2018"
      ]
    }
  ],
  "size": "21",
  "url": "https://play.google.com/store/apps/details?id=com.amazon.windowshop",
  "version": "Varies with device"
}