{
  "categories": [
    "Productivity"
  ],
  "description": "Stress-free conference calls.  Never need a PIN.  Never ask \u201cwho just joined\u201d or \u201cwho said that?\u201d\u2605 Winner TechCrunch Disrupt NY 2012 \u2605For most people, audio conferencing starts with the awkward process of finding and typing dial-in numbers and PIN codes. UberConference reinvents conference calling with  web and smartphone interfaces that make it super easy to have a productive meeting.The app makes it easy to start and schedule conference calls on the go. Create instant calls with a click and schedule calls by simply selecting contacts and choosing a meeting time. Features:Create Instant and Scheduled ConferencesNo PINs for the organizerKnow who\u2019s on the call and who\u2019s talkingFree conference recordingsParticipant controls: mute, hangupSee LinkedIn, Facebook, and Google+ profiles for everyoneLearn more at www.UberConference.com",
  "inc": "Dialpad, Inc",
  "intalled_count": "100,000",
  "last_update": [
    "June",
    "28",
    " 2018"
  ],
  "name": "UberConference - Conferencing",
  "offered_by": "Google Commerce Ltd",
  "permissions": {
    "Device & app history": [
      "retrieve running apps"
    ],
    "Contacts": [
      "read your contacts"
    ],
    "Location": [
      "approximate location (network-based)"
    ],
    "Phone": [
      "directly call phone numbers",
      "reroute outgoing calls",
      "read phone status and identity"
    ],
    "Photos/Media/Files": [
      "read the contents of your USB storage",
      "modify or delete the contents of your USB storage"
    ],
    "Storage": [
      "read the contents of your USB storage",
      "modify or delete the contents of your USB storage"
    ],
    "Microphone": [
      "record audio"
    ],
    "Wi-Fi connection information": [
      "view Wi-Fi connections"
    ],
    "Device ID & call information": [
      "read phone status and identity"
    ],
    "Other": [
      "receive data from Internet",
      "view network connections",
      "pair with Bluetooth devices",
      "full network access",
      "change your audio settings",
      "run at startup",
      "control vibration",
      "prevent device from sleeping",
      "read Google service configuration"
    ]
  },
  "price": "",
  "rate": [
    [
      "873",
      "4.0"
    ],
    [
      "521",
      "5"
    ],
    [
      "131",
      "4"
    ],
    [
      "66",
      "3"
    ],
    [
      "49",
      "2"
    ],
    [
      "106",
      "1"
    ]
  ],
  "required_android": "4.4",
  "reviews": [
    {
      "REQ_subtype": "",
      "REQ_type": "",
      "_id": 0,
      "author_id": "not defined",
      "author_name": "James Ta",
      "helpful": "0",
      "polarity": "",
      "rate": 2,
      "response": "",
      "response_date": "",
      "review": "HD Call suddenly doesnt work anymore. I get \"Your call is disconnected\" \nright away. It used to work. I try installed on different phones too. Still \ndidnt work.",
      "review_date": [
        "July",
        "13",
        " 2018"
      ]
    },
    {
      "REQ_subtype": "",
      "REQ_type": "",
      "_id": 1,
      "author_id": "not defined",
      "author_name": "David Seftel",
      "helpful": "0",
      "polarity": "",
      "rate": 1,
      "response": "",
      "response_date": "",
      "review": "The basic functionality that is the ability to schedule a conference call \nusing the app is extremely buggy. There are major bugs in this whole \napplication. Whenever you try to set up the conference says it is unable to \ndo it, however it still sends out an email saying that the conference is \nscheduled, but when you log back into the app, there is no record of a \nconference in the actual dashboard so there's no way to modify it if the \ntime changes without creating a completely new conference. Also when you \ntry to add a participant directly to the fields in the app, it says cannot \ncreate the contact even though all the details of properly typed in. These \nare long-standing problems that need to be addressed, it's a real \nirritation with this app.",
      "review_date": [
        "June",
        "26",
        " 2018"
      ]
    },
    {
      "REQ_subtype": "",
      "REQ_type": "",
      "_id": 2,
      "author_id": "not defined",
      "author_name": "Rahul Gupta",
      "helpful": "1",
      "polarity": "",
      "rate": 4,
      "response": "",
      "response_date": "",
      "review": "Excellent App",
      "review_date": [
        "May",
        "7",
        " 2018"
      ]
    },
    {
      "REQ_subtype": "",
      "REQ_type": "",
      "_id": 3,
      "author_id": "not defined",
      "author_name": "Rick DeFedele",
      "helpful": "0",
      "polarity": "",
      "rate": 5,
      "response": "",
      "response_date": "",
      "review": "Great",
      "review_date": [
        "May",
        "5",
        " 2018"
      ]
    },
    {
      "REQ_subtype": "",
      "REQ_type": "",
      "_id": 4,
      "author_id": "not defined",
      "author_name": "Clement Joseph",
      "helpful": "11",
      "polarity": "",
      "rate": 2,
      "response": "",
      "response_date": "",
      "review": "I enjoyed the App only for two days to be precise. There has been serious interruption in my conferences recently. It goes off in the middle of the conferenc (prayer meetings). You can imagine how embarrassing that could be. People think you are inefficient. Within a space of 30 minutes it disconnects 3 to 4 times and people get frustrated and walk away on you.",
      "review_date": [
        "December",
        "21",
        " 2017"
      ]
    },
    {
      "REQ_subtype": "",
      "REQ_type": "",
      "_id": 5,
      "author_id": "not defined",
      "author_name": "Tech - Life - Photography",
      "helpful": "10",
      "polarity": "",
      "rate": 1,
      "response": "Hello,\nSorry to hear you are having issues, please contact our support and we can try to troubleshoot your issue.\nUberConference",
      "response_date": [
        "January",
        "20",
        " 2018"
      ],
      "review": "Almost every call I'm on it, it kicks me off. I have to hang up fully and back out to the home screen and then go back and search and get back into the conference.  I miss a lot of info going through this.",
      "review_date": [
        "January",
        "19",
        " 2018"
      ]
    },
    {
      "REQ_subtype": "",
      "REQ_type": "",
      "_id": 6,
      "author_id": "not defined",
      "author_name": "A Google user",
      "helpful": "0",
      "polarity": "",
      "rate": 4,
      "response": "Hello,\nWe have just pushed an update that hopefully fixes what you are seeing.\n- UberConference",
      "response_date": [
        "April",
        "28",
        " 2018"
      ],
      "review": "Wont keep me signed on so I can manage my conference from mobile device \nwhile on wifi.Whatever pushyou did for the updates seems to be working good \nnow. Thank you for a speedy response",
      "review_date": [
        "April",
        "28",
        " 2018"
      ]
    },
    {
      "REQ_subtype": "",
      "REQ_type": "",
      "_id": 7,
      "author_id": "not defined",
      "author_name": "A Google user",
      "helpful": "7",
      "polarity": "",
      "rate": 5,
      "response": "",
      "response_date": "",
      "review": "I normally use uberconference on my laptop.  When mobile, it's nice that I can see the presenter's screen even when away from my computer.  Although the smartphone screen is smaller, the app does let me zoom enough to see what us going on.  Audio works fine, too.",
      "review_date": [
        "January",
        "7",
        " 2018"
      ]
    },
    {
      "REQ_subtype": "",
      "REQ_type": "",
      "_id": 8,
      "author_id": "not defined",
      "author_name": "Pawel Veselov",
      "helpful": "0",
      "polarity": "",
      "rate": 1,
      "response": "Hello Pawel,\nI am not 100% sure what you are talking about. Since October we have had VoIP mode in the app. We do require sign-in before joining a call, its free and takes less than a minute. If you are having issues with the VoIP experience please reach out to support.\n- UberConference",
      "response_date": [
        "March",
        "23",
        " 2018"
      ],
      "review": "This app is a disgrace in comparison to desktop experience, and a reason why I would recommend away from Uberconference, as its mobile experience is still quite poor. 3 main reasons: 1) I have to login somewhere to use it. No login of any kind is needed on Desktop, unless you are hosting. It's cumbersome. 2) Opening a conference link in the app does not take you to the conference.  You have to type the conference name in. At least if you had to login in the process. 3) May be there is VOIP support, may be there isn't (yes, I heard rumors there was). I didn't dare find out. The app gives you stern warnings that it needs your phone number, and it will dial in to the conference, which is assigned a US number. Providing the phone number is not an option, as well as not giving the app dialing permissions. I am abroad, I'm on roaming, I don't want to incur international voice charges. If there is a VOIP mode, then those at most should be optional, as I have no assurances that the phone won't dial me into the conferences, plus the app outright tells me it will. (this was expanded as original was typed up on the phone, right after the experience, and as a mean to reply to the Developer).",
      "review_date": [
        "March",
        "23",
        " 2018"
      ]
    },
    {
      "REQ_subtype": "",
      "REQ_type": "",
      "_id": 9,
      "author_id": "not defined",
      "author_name": "Nicole Turner",
      "helpful": "2",
      "polarity": "",
      "rate": 1,
      "response": "",
      "response_date": "",
      "review": "Keeps dropping calls.  Very inconvenient! App crash!!!",
      "review_date": [
        "February",
        "2",
        " 2018"
      ]
    },
    {
      "REQ_subtype": "",
      "REQ_type": "",
      "_id": 10,
      "author_id": "not defined",
      "author_name": "Jeff Tincher",
      "helpful": "1",
      "polarity": "",
      "rate": 5,
      "response": "",
      "response_date": "",
      "review": "Great conferencing app and site. Have used Uber conference since 2016 and it's been flawless.",
      "review_date": [
        "January",
        "10",
        " 2018"
      ]
    },
    {
      "REQ_subtype": "",
      "REQ_type": "",
      "_id": 11,
      "author_id": "not defined",
      "author_name": "A Google user",
      "helpful": "0",
      "polarity": "",
      "rate": 4,
      "response": "",
      "response_date": "",
      "review": "Simple to use, very good call quality. Much better than the Webex solution my company uses.",
      "review_date": [
        "February",
        "8",
        " 2018"
      ]
    },
    {
      "REQ_subtype": "",
      "REQ_type": "",
      "_id": 12,
      "author_id": "not defined",
      "author_name": "Patricia Dermawan",
      "helpful": "0",
      "polarity": "",
      "rate": 1,
      "response": "",
      "response_date": "",
      "review": "mic doesn't work with the app",
      "review_date": [
        "February",
        "23",
        " 2018"
      ]
    },
    {
      "REQ_subtype": "",
      "REQ_type": "",
      "_id": 13,
      "author_id": "not defined",
      "author_name": "Robert Page",
      "helpful": "0",
      "polarity": "",
      "rate": 5,
      "response": "",
      "response_date": "",
      "review": "Super satisfied with functionality, voice quality, user friendly for invitees and cost. THANKS.",
      "review_date": [
        "March",
        "24",
        " 2018"
      ]
    },
    {
      "REQ_subtype": "",
      "REQ_type": "",
      "_id": 14,
      "author_id": "not defined",
      "author_name": "Momodou Mboob",
      "helpful": "0",
      "polarity": "",
      "rate": 5,
      "response": "",
      "response_date": "",
      "review": "A very useful app.",
      "review_date": [
        "December",
        "17",
        " 2017"
      ]
    },
    {
      "REQ_subtype": "",
      "REQ_type": "",
      "_id": 15,
      "author_id": "not defined",
      "author_name": "Brandon Hutchins777",
      "helpful": "0",
      "polarity": "",
      "rate": 5,
      "response": "",
      "response_date": "",
      "review": "Amazing Thank You",
      "review_date": [
        "January",
        "13",
        " 2018"
      ]
    },
    {
      "REQ_subtype": "",
      "REQ_type": "",
      "_id": 16,
      "author_id": "not defined",
      "author_name": "Tom Raspotnik",
      "helpful": "0",
      "polarity": "",
      "rate": 5,
      "response": "",
      "response_date": "",
      "review": "Great app for business",
      "review_date": [
        "January",
        "4",
        " 2018"
      ]
    },
    {
      "REQ_subtype": "",
      "REQ_type": "",
      "_id": 17,
      "author_id": "not defined",
      "author_name": "Parsa Azad",
      "helpful": "0",
      "polarity": "",
      "rate": 5,
      "response": "",
      "response_date": "",
      "review": "Perfect",
      "review_date": [
        "March",
        "22",
        " 2018"
      ]
    },
    {
      "REQ_subtype": "",
      "REQ_type": "",
      "_id": 18,
      "author_id": "not defined",
      "author_name": "Welcome to Where?",
      "helpful": "5",
      "polarity": "",
      "rate": 2,
      "response": "",
      "response_date": "",
      "review": "Have used this app with only workable issues for at least a year. However recently I encountered a more serious issue.  Seemingly suddenly during conference calls my mute button began failing. Initially I thought my phone had failed but I continued to have the issue after purchasing a new phone. After doing some troubleshooting I was able to confirm that this app caused the problem. I have since uninstalled the app (a problem because I have multiple conferences a day) and resumed using my mute button on my old phone with zero issues. I need this corrected ASAP that I can resume using the APP with my calls. This is a serious problem and major issues and I believe it began with the update that was completed on Oct 13, 2017.  Update 12/1/17 I reinstalled the app on  my Honor 6 phone with no issues but on a galaxy note 8 I still have the problem.",
      "review_date": [
        "December",
        "1",
        " 2017"
      ]
    },
    {
      "REQ_subtype": "",
      "REQ_type": "",
      "_id": 19,
      "author_id": "not defined",
      "author_name": "Mathew Call",
      "helpful": "4",
      "polarity": "",
      "rate": 5,
      "response": "",
      "response_date": "",
      "review": "Awww yeah finally got HD calling on mobile!!! Can finally choose to join using WiFi/data or carrier call!!!",
      "review_date": [
        "October",
        "15",
        " 2017"
      ]
    },
    {
      "REQ_subtype": "",
      "REQ_type": "",
      "_id": 20,
      "author_id": "not defined",
      "author_name": "A Google user",
      "helpful": "1",
      "polarity": "",
      "rate": 5,
      "response": "",
      "response_date": "",
      "review": "Good",
      "review_date": [
        "October",
        "22",
        " 2017"
      ]
    },
    {
      "REQ_subtype": "",
      "REQ_type": "",
      "_id": 21,
      "author_id": "not defined",
      "author_name": "Galem Coleman",
      "helpful": "0",
      "polarity": "",
      "rate": 5,
      "response": "",
      "response_date": "",
      "review": "Awesome",
      "review_date": [
        "October",
        "28",
        " 2017"
      ]
    },
    {
      "REQ_subtype": "",
      "REQ_type": "",
      "_id": 22,
      "author_id": "not defined",
      "author_name": "Kenneth Sarita",
      "helpful": "5",
      "polarity": "",
      "rate": 1,
      "response": "",
      "response_date": "",
      "review": "Apps like this should allow users to dial in via data/wifi. I'm not in the US and is connecting with people in the US and you guys want me to dial in using my local mobile carrier? Plus the help function on the app is broken, I was planning to submit this feedback there but since it's broken, I'm sending it here.",
      "review_date": [
        "October",
        "5",
        " 2017"
      ]
    },
    {
      "REQ_subtype": "",
      "REQ_type": "",
      "_id": 23,
      "author_id": "not defined",
      "author_name": "David Haight",
      "helpful": "6",
      "polarity": "",
      "rate": 3,
      "response": "Hello David,\nWe are about to add that capability, we appreciate the patience. Definitely understand the frustration here.\nThanks,\nUberConference.",
      "response_date": [
        "August",
        "29",
        " 2017"
      ],
      "review": "This app should have the ability to join a conference using WiFi data, just like I can in my browser. I don't want it to automatically call using the default Android intent / cell phone call!",
      "review_date": [
        "August",
        "29",
        " 2017"
      ]
    },
    {
      "REQ_subtype": "",
      "REQ_type": "",
      "_id": 24,
      "author_id": "not defined",
      "author_name": "Darryl Anderson",
      "helpful": "4",
      "polarity": "",
      "rate": 5,
      "response": "",
      "response_date": "",
      "review": "Love it! Once in a while the app won't connect then I have to use the desktop. The quality of the calls are great. It's ability to show me who's on the line before getting on and call history are helpful tools. I can use the service equally on wifi as well as cell service.",
      "review_date": [
        "August",
        "22",
        " 2017"
      ]
    },
    {
      "REQ_subtype": "",
      "REQ_type": "",
      "_id": 25,
      "author_id": "not defined",
      "author_name": "Claudette McKenzie",
      "helpful": "4",
      "polarity": "",
      "rate": 5,
      "response": "Hello Claudette,\nPlease reach out to our support team and we will try to figure it out.\nUberConference",
      "response_date": [
        "August",
        "25",
        " 2017"
      ],
      "review": "It's not working properly. All the features are not working. When I first started everything was working Great. The app keeps stopping.  It keeps coming up invalid user",
      "review_date": [
        "October",
        "14",
        " 2017"
      ]
    },
    {
      "REQ_subtype": "",
      "REQ_type": "",
      "_id": 26,
      "author_id": "not defined",
      "author_name": "Anastacia Wey",
      "helpful": "0",
      "polarity": "",
      "rate": 1,
      "response": "Hello Anastacia,\nSorry to hear this. Yes currently it uses your cell to call, but WiFi/VoIP calling is coming shortly.\nUberConference.",
      "response_date": [
        "August",
        "29",
        " 2017"
      ],
      "review": "I thought this app was free but it ended up causing my phone provider to charge me for $53 for a call I made through Uber conference. Super disappointed!!",
      "review_date": [
        "August",
        "25",
        " 2017"
      ]
    },
    {
      "REQ_subtype": "",
      "REQ_type": "",
      "_id": 27,
      "author_id": "not defined",
      "author_name": "Dave Lo",
      "helpful": "1",
      "polarity": "",
      "rate": 1,
      "response": "",
      "response_date": "",
      "review": "App just dials conference numbers.  Cannot call over WiFi/data.  Useless",
      "review_date": [
        "August",
        "19",
        " 2017"
      ]
    },
    {
      "REQ_subtype": "",
      "REQ_type": "",
      "_id": 28,
      "author_id": "not defined",
      "author_name": "Aidan Flood",
      "helpful": "1",
      "polarity": "",
      "rate": 1,
      "response": "",
      "response_date": "",
      "review": "Can't wifi call, and can't adjust for local area, so it's pointless.",
      "review_date": [
        "August",
        "18",
        " 2017"
      ]
    },
    {
      "REQ_subtype": "",
      "REQ_type": "",
      "_id": 29,
      "author_id": "not defined",
      "author_name": "Steve Hanov",
      "helpful": "1",
      "polarity": "",
      "rate": 1,
      "response": "",
      "response_date": "",
      "review": "Warning that it doesn't work from Canada.",
      "review_date": [
        "September",
        "14",
        " 2017"
      ]
    },
    {
      "REQ_subtype": "",
      "REQ_type": "",
      "_id": 30,
      "author_id": "not defined",
      "author_name": "URUBA SIMMONS",
      "helpful": "0",
      "polarity": "",
      "rate": 3,
      "response": "",
      "response_date": "",
      "review": "Didn't work on my phones",
      "review_date": [
        "August",
        "14",
        " 2017"
      ]
    },
    {
      "REQ_subtype": "",
      "REQ_type": "",
      "_id": 31,
      "author_id": "not defined",
      "author_name": "Hakim AB",
      "helpful": "0",
      "polarity": "",
      "rate": 5,
      "response": "",
      "response_date": "",
      "review": "Best conference call platform and app that I've run across so far....",
      "review_date": [
        "September",
        "21",
        " 2017"
      ]
    },
    {
      "REQ_subtype": "",
      "REQ_type": "",
      "_id": 32,
      "author_id": "not defined",
      "author_name": "Theresa Chase",
      "helpful": "0",
      "polarity": "",
      "rate": 4,
      "response": "",
      "response_date": "",
      "review": "Very reliable",
      "review_date": [
        "August",
        "30",
        " 2017"
      ]
    },
    {
      "REQ_subtype": "",
      "REQ_type": "",
      "_id": 33,
      "author_id": "not defined",
      "author_name": "Carl Lydon",
      "helpful": "5",
      "polarity": "",
      "rate": 1,
      "response": "",
      "response_date": "",
      "review": "I was forced to use this app on my computer for work, instead of Skype, for some reason. On the computer it works OK, but after downloading and giving up Tons of info on my android I discover that it doesn't work at all without having the device make a telephone call, which my device does not do. Skype can make this call over wifi. Additionally, it doesn't even show chats, it seems. So, completely useless app for me. Also doesn't seem to save a list of conferences that you typically call so you have to keep typing in the URL.",
      "review_date": [
        "June",
        "28",
        " 2017"
      ]
    },
    {
      "REQ_subtype": "",
      "REQ_type": "",
      "_id": 34,
      "author_id": "not defined",
      "author_name": "Geoffrey Adams",
      "helpful": "6",
      "polarity": "",
      "rate": 1,
      "response": "",
      "response_date": "",
      "review": "Worked for a while, now most features have stopped and many settings kick back errors if I try and change them. I even unistalled and reinstalled to confirm I was on 4.1.  Big buggy bummer.  Money back please.",
      "review_date": [
        "May",
        "9",
        " 2017"
      ]
    },
    {
      "REQ_subtype": "",
      "REQ_type": "",
      "_id": 35,
      "author_id": "not defined",
      "author_name": "Kimberly Coles",
      "helpful": "0",
      "polarity": "",
      "rate": 2,
      "response": "Hello Kimberly,\nOur apologies for the errors, they should be fixed as of version 4.2. Please let us know if you still have outstanding issues.\nUberConference.",
      "response_date": [
        "August",
        "8",
        " 2017"
      ],
      "review": "The app is a joke. If you want to get anything accomplished, use the website. There are several app features that do not work. For example, adding new individuals to a conference. I keep getting the message unable to process and the invitees are not saved or invited. Please update the app and make it usable.",
      "review_date": [
        "August",
        "2",
        " 2017"
      ]
    },
    {
      "REQ_subtype": "",
      "REQ_type": "",
      "_id": 36,
      "author_id": "not defined",
      "author_name": "Jenny Bolton",
      "helpful": "7",
      "polarity": "",
      "rate": 3,
      "response": "",
      "response_date": "",
      "review": "I pay for the calls monthly for almost a year now and it used to be amazing... but now the app won't let me see who's on the call and it won't let me see that a call is going on to record it or anything.  If it's not fixed soon ill have to cancel my account and go elsewhere.  =(",
      "review_date": [
        "May",
        "9",
        " 2017"
      ]
    },
    {
      "REQ_subtype": "",
      "REQ_type": "",
      "_id": 37,
      "author_id": "not defined",
      "author_name": "Robin Mitchell",
      "helpful": "0",
      "polarity": "",
      "rate": 1,
      "response": "Hello Robin,\nOur apologies for the issues, they should be fixed as of version 4.2. Please let us know if you still have something that isn't working.\nUberConference.",
      "response_date": [
        "August",
        "8",
        " 2017"
      ],
      "review": "This app's previous version either great, but now I can't schedule a conference call from the app.  Started a call and invited others to join, but they didn't get the invite.  The app is not working.  Uber disAPPointed...",
      "review_date": [
        "July",
        "19",
        " 2017"
      ]
    },
    {
      "REQ_subtype": "",
      "REQ_type": "",
      "_id": 38,
      "author_id": "not defined",
      "author_name": "Irene Law",
      "helpful": "5",
      "polarity": "",
      "rate": 2,
      "response": "",
      "response_date": "",
      "review": "I like uber conference but whenever I complete the URL to join another call it doesn't work. It says it is an invalid user but it is a valid user. =_= aghhh",
      "review_date": [
        "June",
        "15",
        " 2017"
      ]
    },
    {
      "REQ_subtype": "",
      "REQ_type": "",
      "_id": 39,
      "author_id": "not defined",
      "author_name": "Nina Lee",
      "helpful": "2",
      "polarity": "",
      "rate": 1,
      "response": "",
      "response_date": "",
      "review": "Useless mobile app always says \"Invalid User\" when trying to join my employer's conference call.",
      "review_date": [
        "June",
        "15",
        " 2017"
      ]
    },
    {
      "REQ_subtype": "",
      "REQ_type": "",
      "_id": 40,
      "author_id": "not defined",
      "author_name": "John Groh",
      "helpful": "2",
      "polarity": "",
      "rate": 1,
      "response": "Hello John,\nThat error is shown if you enter an incorrect username (We'll work on improving the messaging). Please check the name (try it your web browser and see if it works there).\nUberConference.",
      "response_date": [
        "June",
        "7",
        " 2017"
      ],
      "review": "Throws the error \"Invalid user\" when you try to join someone else's call",
      "review_date": [
        "June",
        "7",
        " 2017"
      ]
    },
    {
      "REQ_subtype": "",
      "REQ_type": "",
      "_id": 41,
      "author_id": "not defined",
      "author_name": "Adreana Langston",
      "helpful": "2",
      "polarity": "",
      "rate": 1,
      "response": "",
      "response_date": "",
      "review": "USED to work great. Now I can't schedule confereces, can't invite participants. Simply no longer works.",
      "review_date": [
        "June",
        "6",
        " 2017"
      ]
    },
    {
      "REQ_subtype": "",
      "REQ_type": "",
      "_id": 42,
      "author_id": "not defined",
      "author_name": "LaTia Wooden",
      "helpful": "0",
      "polarity": "",
      "rate": 3,
      "response": "Hello LaTia,\nOur apologies for the issues you have been seeing, they should be fixed as of version 4.2. Please let us know if anything still doesn't work.\nUberConference.",
      "response_date": [
        "August",
        "8",
        " 2017"
      ],
      "review": "It doesn't show any of my recorded conferences from today on back to 7/19 and I can't access the playback to any of them and there's no update. I get notifications and the call to join the conference but can't access the call screen. Call quality is good but the fact that this is the 2nd time I've dealt with this issue is annoying, to say the least.",
      "review_date": [
        "July",
        "27",
        " 2017"
      ]
    },
    {
      "REQ_subtype": "",
      "REQ_type": "",
      "_id": 43,
      "author_id": "not defined",
      "author_name": "A Google user",
      "helpful": "0",
      "polarity": "",
      "rate": 1,
      "response": "",
      "response_date": "",
      "review": "Not seen a worse app or customer support . Hate to pay for it and will switch at first opportunity !!!",
      "review_date": [
        "July",
        "27",
        " 2017"
      ]
    },
    {
      "REQ_subtype": "",
      "REQ_type": "",
      "_id": 44,
      "author_id": "not defined",
      "author_name": "Teli Hooker",
      "helpful": "0",
      "polarity": "",
      "rate": 4,
      "response": "",
      "response_date": "",
      "review": "I really like this app - the calls are clear I have had a few issues with the app not showing me whose on the call.",
      "review_date": [
        "June",
        "8",
        " 2017"
      ]
    },
    {
      "REQ_subtype": "",
      "REQ_type": "",
      "_id": 45,
      "author_id": "not defined",
      "author_name": "R.D. BRANCH",
      "helpful": "2",
      "polarity": "",
      "rate": 1,
      "response": "",
      "response_date": "",
      "review": "I loved it until I updated to this version...I can nolonger schedule conferences with rhe updated version",
      "review_date": [
        "July",
        "14",
        " 2017"
      ]
    },
    {
      "REQ_subtype": "",
      "REQ_type": "",
      "_id": 46,
      "author_id": "not defined",
      "author_name": "Scott Silverstine",
      "helpful": "3",
      "polarity": "",
      "rate": 5,
      "response": "",
      "response_date": "",
      "review": "Makes it very easy to manage voice conference calls with an awesome screen share capability.",
      "review_date": [
        "May",
        "9",
        " 2017"
      ]
    },
    {
      "REQ_subtype": "",
      "REQ_type": "",
      "_id": 47,
      "author_id": "not defined",
      "author_name": "A Google user",
      "helpful": "0",
      "polarity": "",
      "rate": 1,
      "response": "",
      "response_date": "",
      "review": "At random times it says that it's recording my confrence call and I'm not sure why.",
      "review_date": [
        "July",
        "18",
        " 2017"
      ]
    },
    {
      "REQ_subtype": "",
      "REQ_type": "",
      "_id": 48,
      "author_id": "not defined",
      "author_name": "Daniel Blackburn",
      "helpful": "0",
      "polarity": "",
      "rate": 1,
      "response": "Hello Daniel,\nOur apologies for the errors, they should be fixed as of version 4.2. Please let us know if you still have outstanding issues.\nUberConference.",
      "response_date": [
        "August",
        "8",
        " 2017"
      ],
      "review": "This app used to be good. It no longer works. I'm going to cancel my paid subscription",
      "review_date": [
        "August",
        "1",
        " 2017"
      ]
    },
    {
      "REQ_subtype": "",
      "REQ_type": "",
      "_id": 49,
      "author_id": "not defined",
      "author_name": "Jean-Carlo Jasmin",
      "helpful": "0",
      "polarity": "",
      "rate": 5,
      "response": "",
      "response_date": "",
      "review": "This app is beyond imagination and the price is affordable.",
      "review_date": [
        "August",
        "2",
        " 2017"
      ]
    },
    {
      "REQ_subtype": "",
      "REQ_type": "",
      "_id": 50,
      "author_id": "not defined",
      "author_name": "Will McNeal",
      "helpful": "0",
      "polarity": "",
      "rate": 5,
      "response": "",
      "response_date": "",
      "review": "Awesome app. Love it...",
      "review_date": [
        "May",
        "14",
        " 2017"
      ]
    },
    {
      "REQ_subtype": "",
      "REQ_type": "",
      "_id": 51,
      "author_id": "not defined",
      "author_name": "Fried M. Khan",
      "helpful": "0",
      "polarity": "",
      "rate": 5,
      "response": "",
      "response_date": "",
      "review": "Love it",
      "review_date": [
        "August",
        "24",
        " 2017"
      ]
    },
    {
      "REQ_subtype": "",
      "REQ_type": "",
      "_id": 52,
      "author_id": "not defined",
      "author_name": "Travis Broich",
      "helpful": "1",
      "polarity": "",
      "rate": 2,
      "response": "Hello Travis,\nPlease try version 4.1 which we just released, it should address your issue. If not please reach out to our support team.\nUberConference",
      "response_date": [
        "May",
        "8",
        " 2017"
      ],
      "review": "Often doesn't even let me log into the thing. I have the right credentials, but after clicking log in, it just does nothing. No error message or anything. I've tried clearing the cache and all.",
      "review_date": [
        "April",
        "27",
        " 2017"
      ]
    },
    {
      "REQ_subtype": "",
      "REQ_type": "",
      "_id": 53,
      "author_id": "not defined",
      "author_name": "A Google user",
      "helpful": "10",
      "polarity": "",
      "rate": 1,
      "response": "",
      "response_date": "",
      "review": "Absolutely useless. It doesn't let me join in to the audio conference, I have to make a long distance call instead. What's the point of this app? I already know how to dial a phone.",
      "review_date": [
        "March",
        "20",
        " 2017"
      ]
    },
    {
      "REQ_subtype": "",
      "REQ_type": "",
      "_id": 54,
      "author_id": "not defined",
      "author_name": "Abid Khan",
      "helpful": "1",
      "polarity": "",
      "rate": 2,
      "response": "",
      "response_date": "",
      "review": "No video calling option and if a copy of recorded call can be emailed upon request within a certain time period will be a good option. I would recommend it.",
      "review_date": [
        "April",
        "7",
        " 2017"
      ]
    },
    {
      "REQ_subtype": "",
      "REQ_type": "",
      "_id": 55,
      "author_id": "not defined",
      "author_name": "Andrew Holbrook",
      "helpful": "5",
      "polarity": "",
      "rate": 1,
      "response": "",
      "response_date": "",
      "review": "Requires you to sign up to join a call? Then all the app does is phone the call in number. There's no audio over data.  Completely useless.",
      "review_date": [
        "March",
        "28",
        " 2017"
      ]
    },
    {
      "REQ_subtype": "",
      "REQ_type": "",
      "_id": 56,
      "author_id": "not defined",
      "author_name": "Julie Snyder",
      "helpful": "1",
      "polarity": "",
      "rate": 4,
      "response": "",
      "response_date": "",
      "review": "The update made it so it no longer calls the participants...I have to screen shot the info and send it to them...not good",
      "review_date": [
        "April",
        "3",
        " 2017"
      ]
    },
    {
      "REQ_subtype": "",
      "REQ_type": "",
      "_id": 57,
      "author_id": "not defined",
      "author_name": "Parikshit Deshpande",
      "helpful": "0",
      "polarity": "",
      "rate": 1,
      "response": "",
      "response_date": "",
      "review": "First off, the desktop version of Uber conference kept crashing my browser! Audio didn't work. Downloaded the app and the app didn't even let me join an ongoing conference directly.",
      "review_date": [
        "April",
        "24",
        " 2017"
      ]
    },
    {
      "REQ_subtype": "",
      "REQ_type": "",
      "_id": 58,
      "author_id": "not defined",
      "author_name": "Mike Webb",
      "helpful": "0",
      "polarity": "",
      "rate": 1,
      "response": "Hello Mike,\nSorry to hear you are having an issue, are you getting an error? Please check out our help center (http://help.uberconference.com/hc/en-us/articles/211583566-Use-the-Android-App#schedule-a-call) and if there are still issues please contact support.\nUberConference",
      "response_date": [
        "May",
        "2",
        " 2017"
      ],
      "review": "It stopped allowing me to schedule conference calls.... Not happy at all I tried uninstalling and reinstalling still nothing.",
      "review_date": [
        "May",
        "2",
        " 2017"
      ]
    },
    {
      "REQ_subtype": "",
      "REQ_type": "",
      "_id": 59,
      "author_id": "not defined",
      "author_name": "Arjun Gupta",
      "helpful": "0",
      "polarity": "",
      "rate": 1,
      "response": "Hello Arjun,\nPlease try version 4.1 which we just released, it should address your issue. If not please reach out to our support team.\nUberConference",
      "response_date": [
        "May",
        "8",
        " 2017"
      ],
      "review": "The app doesn't\u200b even let me sign in. Sad.",
      "review_date": [
        "April",
        "26",
        " 2017"
      ]
    },
    {
      "REQ_subtype": "",
      "REQ_type": "",
      "_id": 60,
      "author_id": "not defined",
      "author_name": "Brian Cohen",
      "helpful": "0",
      "polarity": "",
      "rate": 1,
      "response": "Hello Brian,\nPlease try version 4.1 which we just released, it should address your issue. If not please reach out to our support team.\nUberConference",
      "response_date": [
        "May",
        "8",
        " 2017"
      ],
      "review": "Broken. Doesn't let me sign in.",
      "review_date": [
        "April",
        "26",
        " 2017"
      ]
    },
    {
      "REQ_subtype": "",
      "REQ_type": "",
      "_id": 61,
      "author_id": "not defined",
      "author_name": "Ali Khawaja",
      "helpful": "0",
      "polarity": "",
      "rate": 5,
      "response": "",
      "response_date": "",
      "review": "This app is really good for conference calls. It even takes attendance for you",
      "review_date": [
        "April",
        "21",
        " 2017"
      ]
    },
    {
      "REQ_subtype": "",
      "REQ_type": "",
      "_id": 62,
      "author_id": "not defined",
      "author_name": "A Google user",
      "helpful": "3",
      "polarity": "",
      "rate": 1,
      "response": "",
      "response_date": "",
      "review": "Will dial the number instead of using data for audio...",
      "review_date": [
        "March",
        "28",
        " 2017"
      ]
    },
    {
      "REQ_subtype": "",
      "REQ_type": "",
      "_id": 63,
      "author_id": "not defined",
      "author_name": "Nandhini kumanan",
      "helpful": "0",
      "polarity": "",
      "rate": 2,
      "response": "",
      "response_date": "",
      "review": "Why do I have to call in to a conference when I have an app and good wifi",
      "review_date": [
        "April",
        "18",
        " 2017"
      ]
    },
    {
      "REQ_subtype": "",
      "REQ_type": "",
      "_id": 64,
      "author_id": "not defined",
      "author_name": "Leo Liberman",
      "helpful": "0",
      "polarity": "",
      "rate": 5,
      "response": "",
      "response_date": "",
      "review": "Bright new design, screen screen sharing works great. I know who is on the call. Loving it",
      "review_date": [
        "March",
        "12",
        " 2017"
      ]
    },
    {
      "REQ_subtype": "",
      "REQ_type": "",
      "_id": 65,
      "author_id": "not defined",
      "author_name": "Yaron Golan",
      "helpful": "1",
      "polarity": "",
      "rate": 3,
      "response": "",
      "response_date": "",
      "review": "Missing timezone when scheduling meetings",
      "review_date": [
        "April",
        "11",
        " 2017"
      ]
    },
    {
      "REQ_subtype": "",
      "REQ_type": "",
      "_id": 66,
      "author_id": "not defined",
      "author_name": "amit ojha",
      "helpful": "0",
      "polarity": "",
      "rate": 1,
      "response": "",
      "response_date": "",
      "review": "Very bad app",
      "review_date": [
        "May",
        "6",
        " 2017"
      ]
    },
    {
      "REQ_subtype": "",
      "REQ_type": "",
      "_id": 67,
      "author_id": "not defined",
      "author_name": "Nathan Gingerich",
      "helpful": "0",
      "polarity": "",
      "rate": 5,
      "response": "",
      "response_date": "",
      "review": "schweet",
      "review_date": [
        "March",
        "23",
        " 2017"
      ]
    },
    {
      "REQ_subtype": "",
      "REQ_type": "",
      "_id": 68,
      "author_id": "not defined",
      "author_name": "T Bui",
      "helpful": "45",
      "polarity": "",
      "rate": 1,
      "response": "",
      "response_date": "",
      "review": "I expected the App to perform like being on the computer, but it really fell short.  First, when I dial in a conference, it exits the app and dials via the phone. So this really is a phone dialing app. When my calls drop there is absolutely no way to get back in again from the app. You would think there's a button that let's me dial back in. The app has no useful functions on the call. Just dial in from your phone and save a lot of headache. And microphone drop off is a common problem.",
      "review_date": [
        "March",
        "20",
        " 2016"
      ]
    },
    {
      "REQ_subtype": "",
      "REQ_type": "",
      "_id": 69,
      "author_id": "not defined",
      "author_name": "Viola Gantt",
      "helpful": "0",
      "polarity": "",
      "rate": 1,
      "response": "Hello Viola,\nIt seems that you are on a very old version. What isn't working for you? Please reach out to our support team and we can try and help you!\nUberConference",
      "response_date": [
        "May",
        "30",
        " 2017"
      ],
      "review": "They updated their App and it no longer works properly for Android.  For every reason I upgraded my service and decided to pay a monthly fee, I can no longer use those features in this App and must NOW use my laptop",
      "review_date": [
        "May",
        "30",
        " 2017"
      ]
    },
    {
      "REQ_subtype": "",
      "REQ_type": "",
      "_id": 70,
      "author_id": "not defined",
      "author_name": "Max Laing, D. MP",
      "helpful": "10",
      "polarity": "",
      "rate": 2,
      "response": "",
      "response_date": "",
      "review": "Not sure why this app exists. Like others have said, it would make sense if this would allow you to be part of your conference call as it you were signing in through your computer. As I  never \"dial in\" to my own conference calls - the Uber Conference Desktop / Laptop Chrome plugin activates my mic and speakers - this android app is less than useless.",
      "review_date": [
        "January",
        "14",
        " 2017"
      ]
    },
    {
      "REQ_subtype": "",
      "REQ_type": "",
      "_id": 71,
      "author_id": "not defined",
      "author_name": "Aravind Prasad",
      "helpful": "11",
      "polarity": "",
      "rate": 3,
      "response": "",
      "response_date": "",
      "review": "Low on features compared to services like WebEx. but then it's free. And it's easy to setup, easy to organize, easy to invite people and easy to use.  I did have the two incidents of drop in quality fur a few seconds each time.",
      "review_date": [
        "November",
        "20",
        " 2016"
      ]
    },
    {
      "REQ_subtype": "",
      "REQ_type": "",
      "_id": 72,
      "author_id": "not defined",
      "author_name": "Connor Burke",
      "helpful": "1",
      "polarity": "",
      "rate": 2,
      "response": "",
      "response_date": "",
      "review": "I like the desktop version better. I can't join via phone unless everyone else is already on the meeting. Pretty stupid that I have to actually click my URL to open up the meeting and can't do this just by opening the app.",
      "review_date": [
        "February",
        "7",
        " 2017"
      ]
    },
    {
      "REQ_subtype": "",
      "REQ_type": "",
      "_id": 73,
      "author_id": "not defined",
      "author_name": "Cynthia Duncan",
      "helpful": "15",
      "polarity": "",
      "rate": 3,
      "response": "",
      "response_date": "",
      "review": "It would be nice to have a voice equalizer next to the caller to tell where noise is coming from like another free Tele-conference I used!",
      "review_date": [
        "April",
        "28",
        " 2016"
      ]
    },
    {
      "REQ_subtype": "",
      "REQ_type": "",
      "_id": 74,
      "author_id": "not defined",
      "author_name": "Dan Periard",
      "helpful": "14",
      "polarity": "",
      "rate": 1,
      "response": "",
      "response_date": "",
      "review": "I've tried this a number of times and the app consistently doesn't schedule meetings. I get a calendar notice myself, but no one on my invite list does. Have to use web interface, which works great.",
      "review_date": [
        "July",
        "18",
        " 2016"
      ]
    },
    {
      "REQ_subtype": "",
      "REQ_type": "",
      "_id": 75,
      "author_id": "not defined",
      "author_name": "Soma De\u00e1ki",
      "helpful": "8",
      "polarity": "",
      "rate": 1,
      "response": "",
      "response_date": "",
      "review": "It is extremely frustrating that the app tries to call an american phone number instead of joining the conference online. This defeats the purpose of the app entirely.",
      "review_date": [
        "November",
        "15",
        " 2016"
      ]
    },
    {
      "REQ_subtype": "",
      "REQ_type": "",
      "_id": 76,
      "author_id": "not defined",
      "author_name": "Tom Kutwell",
      "helpful": "7",
      "polarity": "",
      "rate": 1,
      "response": "",
      "response_date": "",
      "review": "I mean come one, we are in 2016. Why should i call an america  number just to get into a conference. WebEx is way better than this app",
      "review_date": [
        "June",
        "24",
        " 2016"
      ]
    },
    {
      "REQ_subtype": "",
      "REQ_type": "",
      "_id": 77,
      "author_id": "not defined",
      "author_name": "John Reynolds",
      "helpful": "1",
      "polarity": "",
      "rate": 2,
      "response": "",
      "response_date": "",
      "review": "It's pretty featureless. Screen share is pretty bandwidth-intensive and probably doesn't use compression.",
      "review_date": [
        "June",
        "29",
        " 2016"
      ]
    },
    {
      "REQ_subtype": "",
      "REQ_type": "",
      "_id": 78,
      "author_id": "not defined",
      "author_name": "Traci Hinds",
      "helpful": "2",
      "polarity": "",
      "rate": 5,
      "response": "",
      "response_date": "",
      "review": "I would like a way to use the recording of my conference elsewhere with editing capabilities. Perhaps there is and I'm just not techy enough.",
      "review_date": [
        "November",
        "6",
        " 2016"
      ]
    },
    {
      "REQ_subtype": "",
      "REQ_type": "",
      "_id": 79,
      "author_id": "not defined",
      "author_name": "Kiran Raj",
      "helpful": "1",
      "polarity": "",
      "rate": 1,
      "response": "",
      "response_date": "",
      "review": "This app doesnt work properly after sisign up..I think waste of time",
      "review_date": [
        "November",
        "7",
        " 2016"
      ]
    },
    {
      "REQ_subtype": "",
      "REQ_type": "",
      "_id": 80,
      "author_id": "not defined",
      "author_name": "Ruth Elisabeth",
      "helpful": "9",
      "polarity": "",
      "rate": 3,
      "response": "",
      "response_date": "",
      "review": "Desktop web is fantastic. Can't use on OZ mobile. No number outside US:(",
      "review_date": [
        "May",
        "26",
        " 2016"
      ]
    },
    {
      "REQ_subtype": "",
      "REQ_type": "",
      "_id": 81,
      "author_id": "not defined",
      "author_name": "J. Miles III",
      "helpful": "0",
      "polarity": "",
      "rate": 5,
      "response": "",
      "response_date": "",
      "review": "I have been using uberconference for 6 months now and by far is the best video conference solution I have ever  used... Thank you uberconference team.",
      "review_date": [
        "May",
        "4",
        " 2016"
      ]
    },
    {
      "REQ_subtype": "",
      "REQ_type": "",
      "_id": 82,
      "author_id": "not defined",
      "author_name": "Jimy Prince",
      "helpful": "0",
      "polarity": "",
      "rate": 5,
      "response": "",
      "response_date": "",
      "review": "Once you try Uberconference, you will never go back to other conferencing apps. Don't just take my words for it, try it yourself.",
      "review_date": [
        "August",
        "20",
        " 2016"
      ]
    },
    {
      "REQ_subtype": "",
      "REQ_type": "",
      "_id": 83,
      "author_id": "not defined",
      "author_name": "Tanganika Bell",
      "helpful": "0",
      "polarity": "",
      "rate": 5,
      "response": "",
      "response_date": "",
      "review": "I love it and its free! We use it every Saturday its a big help that we can come together to pray. Thanks",
      "review_date": [
        "December",
        "17",
        " 2016"
      ]
    },
    {
      "REQ_subtype": "",
      "REQ_type": "",
      "_id": 84,
      "author_id": "not defined",
      "author_name": "Kurt Hamby",
      "helpful": "0",
      "polarity": "",
      "rate": 5,
      "response": "",
      "response_date": "",
      "review": "This a great app I can manage conferences from my phone and keep track of attendance and who is talking.  Scheduling is simple as is the call in process.",
      "review_date": [
        "July",
        "10",
        " 2016"
      ]
    },
    {
      "REQ_subtype": "",
      "REQ_type": "",
      "_id": 85,
      "author_id": "not defined",
      "author_name": "Joel Warren",
      "helpful": "0",
      "polarity": "",
      "rate": 5,
      "response": "",
      "response_date": "",
      "review": "Can't beat that combination. Do not see myself upgrading a paid subscription, ever, but I like it just the way it is. Thanks.",
      "review_date": [
        "July",
        "15",
        " 2016"
      ]
    },
    {
      "REQ_subtype": "",
      "REQ_type": "",
      "_id": 86,
      "author_id": "not defined",
      "author_name": "Jason Wright",
      "helpful": "0",
      "polarity": "",
      "rate": 1,
      "response": "",
      "response_date": "",
      "review": "Totally unimpressed.",
      "review_date": [
        "March",
        "18",
        " 2016"
      ]
    },
    {
      "REQ_subtype": "",
      "REQ_type": "",
      "_id": 87,
      "author_id": "not defined",
      "author_name": "Lajan Mac",
      "helpful": "0",
      "polarity": "",
      "rate": 5,
      "response": "",
      "response_date": "",
      "review": "Welove this App because Lord God's Wprd is heard all over the world.",
      "review_date": [
        "January",
        "30",
        " 2017"
      ]
    },
    {
      "REQ_subtype": "",
      "REQ_type": "",
      "_id": 88,
      "author_id": "not defined",
      "author_name": "Angie Brietweiser",
      "helpful": "0",
      "polarity": "",
      "rate": 2,
      "response": "",
      "response_date": "",
      "review": "No access to billing information",
      "review_date": [
        "August",
        "21",
        " 2016"
      ]
    },
    {
      "REQ_subtype": "",
      "REQ_type": "",
      "_id": 89,
      "author_id": "not defined",
      "author_name": "Eitan Keren",
      "helpful": "2",
      "polarity": "",
      "rate": 1,
      "response": "",
      "response_date": "",
      "review": "App from the the early 2000",
      "review_date": [
        "October",
        "14",
        " 2016"
      ]
    },
    {
      "REQ_subtype": "",
      "REQ_type": "",
      "_id": 90,
      "author_id": "not defined",
      "author_name": "Robert Madia II",
      "helpful": "1",
      "polarity": "",
      "rate": 5,
      "response": "",
      "response_date": "",
      "review": "Amazing tool for screen sharing",
      "review_date": [
        "February",
        "24",
        " 2017"
      ]
    },
    {
      "REQ_subtype": "",
      "REQ_type": "",
      "_id": 91,
      "author_id": "not defined",
      "author_name": "Abhishek G",
      "helpful": "0",
      "polarity": "",
      "rate": 1,
      "response": "",
      "response_date": "",
      "review": "Still wotk to do",
      "review_date": [
        "May",
        "13",
        " 2016"
      ]
    },
    {
      "REQ_subtype": "",
      "REQ_type": "",
      "_id": 92,
      "author_id": "not defined",
      "author_name": "Brendan Defoe",
      "helpful": "0",
      "polarity": "",
      "rate": 4,
      "response": "",
      "response_date": "",
      "review": "Liked it",
      "review_date": [
        "August",
        "6",
        " 2016"
      ]
    },
    {
      "REQ_subtype": "",
      "REQ_type": "",
      "_id": 93,
      "author_id": "not defined",
      "author_name": "IB Taylor-Kamara",
      "helpful": "0",
      "polarity": "",
      "rate": 4,
      "response": "",
      "response_date": "",
      "review": "Wonderful",
      "review_date": [
        "May",
        "19",
        " 2016"
      ]
    },
    {
      "REQ_subtype": "",
      "REQ_type": "",
      "_id": 94,
      "author_id": "not defined",
      "author_name": "Chartavia Brooks",
      "helpful": "0",
      "polarity": "",
      "rate": 5,
      "response": "",
      "response_date": "",
      "review": "Love",
      "review_date": [
        "December",
        "5",
        " 2016"
      ]
    },
    {
      "REQ_subtype": "",
      "REQ_type": "",
      "_id": 95,
      "author_id": "not defined",
      "author_name": "Clinton Mikel",
      "helpful": "5",
      "polarity": "",
      "rate": 1,
      "response": "",
      "response_date": "",
      "review": "I dial in with my cell phone, continue working/multitasking on laptop, and want to be able to open the app on my tablet and  leave it open to see who is speaking, monitor, record, mute, et cetera.  The app won't do that though.  It prompts me to dial in using Skype, and won't bypass to let me into the conference.  On the web interface, you can do so, by telling the system that you have already dialed in.  This kills the app's functionality. I love the overall service (I am a premium subscriber)",
      "review_date": [
        "January",
        "14",
        " 2016"
      ]
    },
    {
      "REQ_subtype": "",
      "REQ_type": "",
      "_id": 96,
      "author_id": "not defined",
      "author_name": "Sascha Picchiantano",
      "helpful": "10",
      "polarity": "",
      "rate": 1,
      "response": "",
      "response_date": "",
      "review": "This app does not let me join a conference using the phone's audio/microphone (no VoIP), and instead forces me to dial in through a regular phone call. Charges apply. This is simply not acceptable in 2015, especially not for a conferencing app.",
      "review_date": [
        "November",
        "10",
        " 2015"
      ]
    },
    {
      "REQ_subtype": "",
      "REQ_type": "",
      "_id": 97,
      "author_id": "not defined",
      "author_name": "Lucus Tate",
      "helpful": "5",
      "polarity": "",
      "rate": 5,
      "response": "",
      "response_date": "",
      "review": "I really appreciate the developers for making such a good conference call app. I like the voice replys nice addition it's like a professional call conference machine which I like. The features to be able to mute,record,transcripts is good.I just got this app today and I already want to get pro because I don't want to call each and every participant to invite them seems like a time consuming task.  ***However*** I would like to atleast hear the \"hold music\" without having to call just to sample it.",
      "review_date": [
        "December",
        "5",
        " 2015"
      ]
    },
    {
      "REQ_subtype": "",
      "REQ_type": "",
      "_id": 98,
      "author_id": "not defined",
      "author_name": "Sergej Henning",
      "helpful": "1",
      "polarity": "",
      "rate": 3,
      "response": "",
      "response_date": "",
      "review": "I wish there was a setting where the app didn't log out ever. There is enough security with my phone login. Usually I need to use the app right when my conference is starting and then I have to fumble and login and make everyone wait.",
      "review_date": [
        "December",
        "30",
        " 2015"
      ]
    },
    {
      "REQ_subtype": "",
      "REQ_type": "",
      "_id": 99,
      "author_id": "not defined",
      "author_name": "Kevin Riemer",
      "helpful": "1",
      "polarity": "",
      "rate": 1,
      "response": "",
      "response_date": "",
      "review": "Tried to install the app on my tablet (Wi-Fi only, no phone) for scheduling calls.  Also tried with my phone, still no joy.    I just can't log-in.  k",
      "review_date": [
        "January",
        "28",
        " 2016"
      ]
    },
    {
      "REQ_subtype": "",
      "REQ_type": "",
      "_id": 100,
      "author_id": "not defined",
      "author_name": "Sandeep S",
      "helpful": "5",
      "polarity": "",
      "rate": 1,
      "response": "",
      "response_date": "",
      "review": "The desktop app is awesome.. But mobile app can't use the phone data/ WiFi to connect to the conference.. It is dialling up... That is a definite no..no",
      "review_date": [
        "December",
        "17",
        " 2015"
      ]
    },
    {
      "REQ_subtype": "",
      "REQ_type": "",
      "_id": 101,
      "author_id": "not defined",
      "author_name": "Rodney Buxton",
      "helpful": "0",
      "polarity": "",
      "rate": 3,
      "response": "",
      "response_date": "",
      "review": "It will always work if I dial in from my cell phone but others dialing in oftentimes get the message that the pin is invalid ,so I can't depend on using it.",
      "review_date": [
        "November",
        "19",
        " 2015"
      ]
    },
    {
      "REQ_subtype": "",
      "REQ_type": "",
      "_id": 102,
      "author_id": "not defined",
      "author_name": "Greta Douglas",
      "helpful": "2",
      "polarity": "",
      "rate": 4,
      "response": "",
      "response_date": "",
      "review": "Love this! I am no longer using the other conference company. As soon as I figure out how long it takes to sync contacts back to my phone,  I will rate it higher.",
      "review_date": [
        "November",
        "16",
        " 2015"
      ]
    },
    {
      "REQ_subtype": "",
      "REQ_type": "",
      "_id": 103,
      "author_id": "not defined",
      "author_name": "Joe Sebo",
      "helpful": "4",
      "polarity": "",
      "rate": 2,
      "response": "Hey Joe, LinkenIn sign up should be working now. Also, it's possible that your contacts weren't done syncing yet. It can take several minutes to sync the first time. Importing from the web also should work. If you try again and still have issues can you let us know at support@uberconference.com so we can fix this for you and other users. Thanks.",
      "response_date": [
        "January",
        "22",
        " 2013"
      ],
      "review": "Does not sync with my calendar for existing conference calls. No go for me. App looks slick otherwise.",
      "review_date": [
        "December",
        "30",
        " 2015"
      ]
    },
    {
      "REQ_subtype": "",
      "REQ_type": "",
      "_id": 104,
      "author_id": "not defined",
      "author_name": "Paul Kenny",
      "helpful": "2",
      "polarity": "",
      "rate": 1,
      "response": "",
      "response_date": "",
      "review": "Really disappointed that there is no VOIP in the app.",
      "review_date": [
        "March",
        "10",
        " 2016"
      ]
    },
    {
      "REQ_subtype": "",
      "REQ_type": "",
      "_id": 105,
      "author_id": "not defined",
      "author_name": "Libni Garcia",
      "helpful": "0",
      "polarity": "",
      "rate": 5,
      "response": "",
      "response_date": "",
      "review": "I'm using Uber Conference as my interpretation system at The Light of the World Church in San Bernardino, CA. Perfect solution for multiple listeners.",
      "review_date": [
        "February",
        "21",
        " 2016"
      ]
    },
    {
      "REQ_subtype": "",
      "REQ_type": "",
      "_id": 106,
      "author_id": "not defined",
      "author_name": "JP",
      "helpful": "1",
      "polarity": "",
      "rate": 5,
      "response": "",
      "response_date": "",
      "review": "I've been using for more than a year.  Great stuff!",
      "review_date": [
        "November",
        "25",
        " 2015"
      ]
    },
    {
      "REQ_subtype": "",
      "REQ_type": "",
      "_id": 107,
      "author_id": "not defined",
      "author_name": "Matthew Mesaros",
      "helpful": "0",
      "polarity": "",
      "rate": 5,
      "response": "",
      "response_date": "",
      "review": "Great value and it integrates with everything. Evernote, LinkedIn, salesforce... The list goes on!",
      "review_date": [
        "November",
        "30",
        " 2015"
      ]
    },
    {
      "REQ_subtype": "",
      "REQ_type": "",
      "_id": 108,
      "author_id": "not defined",
      "author_name": "Exceptional Support Services",
      "helpful": "0",
      "polarity": "",
      "rate": 5,
      "response": "",
      "response_date": "",
      "review": "Excellent  Clarity and works perfectly without dropping calls in St Thomas, US Virgin Islands",
      "review_date": [
        "December",
        "25",
        " 2015"
      ]
    },
    {
      "REQ_subtype": "",
      "REQ_type": "",
      "_id": 109,
      "author_id": "not defined",
      "author_name": "Andrew Plymale",
      "helpful": "1",
      "polarity": "",
      "rate": 5,
      "response": "",
      "response_date": "",
      "review": "Seriously ridiculously good.",
      "review_date": [
        "January",
        "12",
        " 2016"
      ]
    },
    {
      "REQ_subtype": "",
      "REQ_type": "",
      "_id": 110,
      "author_id": "not defined",
      "author_name": "A Google user",
      "helpful": "0",
      "polarity": "",
      "rate": 5,
      "response": "",
      "response_date": "",
      "review": "Just what my committee needed!",
      "review_date": [
        "December",
        "30",
        " 2015"
      ]
    },
    {
      "REQ_subtype": "",
      "REQ_type": "",
      "_id": 111,
      "author_id": "not defined",
      "author_name": "Nathan Flaim",
      "helpful": "0",
      "polarity": "",
      "rate": 5,
      "response": "",
      "response_date": "",
      "review": "Pardon the brevity: it's great, try it out!",
      "review_date": [
        "March",
        "3",
        " 2016"
      ]
    },
    {
      "REQ_subtype": "",
      "REQ_type": "",
      "_id": 112,
      "author_id": "not defined",
      "author_name": "Winona Lewis",
      "helpful": "0",
      "polarity": "",
      "rate": 5,
      "response": "",
      "response_date": "",
      "review": "This has been such a blessing to me!",
      "review_date": [
        "February",
        "22",
        " 2016"
      ]
    },
    {
      "REQ_subtype": "",
      "REQ_type": "",
      "_id": 113,
      "author_id": "not defined",
      "author_name": "Diarmuid Thoma",
      "helpful": "0",
      "polarity": "",
      "rate": 2,
      "response": "",
      "response_date": "",
      "review": "Can't log in, constant server error",
      "review_date": [
        "March",
        "15",
        " 2016"
      ]
    },
    {
      "REQ_subtype": "",
      "REQ_type": "",
      "_id": 114,
      "author_id": "not defined",
      "author_name": "Atimu Abdalla",
      "helpful": "0",
      "polarity": "",
      "rate": 4,
      "response": "",
      "response_date": "",
      "review": "I like it",
      "review_date": [
        "November",
        "26",
        " 2015"
      ]
    },
    {
      "REQ_subtype": "",
      "REQ_type": "",
      "_id": 115,
      "author_id": "not defined",
      "author_name": "Krystal Milan",
      "helpful": "1",
      "polarity": "",
      "rate": 3,
      "response": "",
      "response_date": "",
      "review": "I'm not sure if it's the update, but I've been getting kicked off calls all day. Also, when I'm not kicked off others can't hear me. This App never did this before, it just recently became unreliable. Please fix these bugs and I will update my review. Thank you!",
      "review_date": [
        "October",
        "23",
        " 2015"
      ]
    },
    {
      "REQ_subtype": "",
      "REQ_type": "",
      "_id": 116,
      "author_id": "not defined",
      "author_name": "Danny Chew",
      "helpful": "0",
      "polarity": "",
      "rate": 2,
      "response": "",
      "response_date": "",
      "review": "There's no option for us to dial into the conference via phone data call. We basically need to call a phone number which isn't toll free for where I'm from. Conference calls via the PC doesn't have this problem. Even Google hangouts enables this which is what I'm coming from.",
      "review_date": [
        "October",
        "20",
        " 2015"
      ]
    },
    {
      "REQ_subtype": "",
      "REQ_type": "",
      "_id": 117,
      "author_id": "not defined",
      "author_name": "Pat Harrison",
      "helpful": "0",
      "polarity": "",
      "rate": 5,
      "response": "",
      "response_date": "",
      "review": "An app that does what it advertises it. Easy to use. All the features you need.",
      "review_date": [
        "October",
        "19",
        " 2015"
      ]
    },
    {
      "REQ_subtype": "",
      "REQ_type": "",
      "_id": 118,
      "author_id": "not defined",
      "author_name": "Austin Guanzon",
      "helpful": "0",
      "polarity": "",
      "rate": 5,
      "response": "",
      "response_date": "",
      "review": "Definitely suits my business' needs.",
      "review_date": [
        "November",
        "5",
        " 2015"
      ]
    },
    {
      "REQ_subtype": "",
      "REQ_type": "",
      "_id": 119,
      "author_id": "not defined",
      "author_name": "Perry Barber",
      "helpful": "1",
      "polarity": "",
      "rate": 5,
      "response": "",
      "response_date": "",
      "review": "I just finished downloading and using the UberConference app on my android phone, and I was completely wowed by the ease of installing the software, setting up an account, and scheduling my first conference call among six participants. I scheduled the call literally moments from the time I typed in the last participant's name, and there was no problem at all getting everyone on the line by the scheduled call time - two minutes later! The clarity of the conversation among the six of us was excellent, and everyone on the line commented on how easy UberConference had made it to join the conversation. My highest praise and thanks to this fabulous app!",
      "review_date": [
        "September",
        "11",
        " 2015"
      ]
    },
    {
      "REQ_subtype": "",
      "REQ_type": "",
      "_id": 120,
      "author_id": "not defined",
      "author_name": "Tony Macklin",
      "helpful": "0",
      "polarity": "",
      "rate": 5,
      "response": "",
      "response_date": "",
      "review": "I've consistently had good call quality with Uberconference. The app, website, Chrome extension, and calendar plugin all work together to make the service quick and easy to use.",
      "review_date": [
        "August",
        "3",
        " 2015"
      ]
    },
    {
      "REQ_subtype": "",
      "REQ_type": "",
      "_id": 121,
      "author_id": "not defined",
      "author_name": "Paul Spencer",
      "helpful": "0",
      "polarity": "",
      "rate": 5,
      "response": "",
      "response_date": "",
      "review": "It is great to be able to get rid of join me and get so much more",
      "review_date": [
        "September",
        "14",
        " 2015"
      ]
    },
    {
      "REQ_subtype": "",
      "REQ_type": "",
      "_id": 122,
      "author_id": "not defined",
      "author_name": "Johnny Maclean",
      "helpful": "0",
      "polarity": "",
      "rate": 1,
      "response": "",
      "response_date": "",
      "review": "Can't sign up",
      "review_date": [
        "August",
        "19",
        " 2015"
      ]
    },
    {
      "REQ_subtype": "",
      "REQ_type": "",
      "_id": 123,
      "author_id": "not defined",
      "author_name": "David FLeet",
      "helpful": "0",
      "polarity": "",
      "rate": 5,
      "response": "",
      "response_date": "",
      "review": "Nice",
      "review_date": [
        "August",
        "11",
        " 2015"
      ]
    },
    {
      "REQ_subtype": "",
      "REQ_type": "",
      "_id": 124,
      "author_id": "not defined",
      "author_name": "Yvonne Nero",
      "helpful": "0",
      "polarity": "",
      "rate": 5,
      "response": "",
      "response_date": "",
      "review": "I didn't know such app even exists. It works good for the most part. We use it at least three times  day. It allows me to reach out to people's I never imagined reaching out to. I still give the app 5 stars. I've only have encountered one issue. At one point I was able to have my live conference and see who's calling in and who is speaking.  Now i get a error message. No complaints and will recommend it to other. Thanks",
      "review_date": [
        "July",
        "24",
        " 2015"
      ]
    },
    {
      "REQ_subtype": "",
      "REQ_type": "",
      "_id": 125,
      "author_id": "not defined",
      "author_name": "Adonis Valamontes",
      "helpful": "0",
      "polarity": "",
      "rate": 4,
      "response": "",
      "response_date": "",
      "review": "Its a good app as an appointment setter,  but I would not use it for conferencing since it does not use data, it still a legacy app that tie into the cellular silos.  Setup or monitor your conferences and use the service online with Google+ Thats what I have setup for my Organization.  Also for techies and developers,  join.me is much better",
      "review_date": [
        "July",
        "17",
        " 2015"
      ]
    },
    {
      "REQ_subtype": "",
      "REQ_type": "",
      "_id": 126,
      "author_id": "not defined",
      "author_name": "Daniel Guerrero",
      "helpful": "0",
      "polarity": "",
      "rate": 1,
      "response": "",
      "response_date": "",
      "review": "I thought was an internet service like Skype, but will make automatic calls to international numbers",
      "review_date": [
        "July",
        "17",
        " 2015"
      ]
    },
    {
      "REQ_subtype": "",
      "REQ_type": "",
      "_id": 127,
      "author_id": "not defined",
      "author_name": "SD DD",
      "helpful": "0",
      "polarity": "",
      "rate": 2,
      "response": "",
      "response_date": "",
      "review": "Perfect",
      "review_date": [
        "June",
        "28",
        " 2015"
      ]
    },
    {
      "REQ_subtype": "",
      "REQ_type": "",
      "_id": 128,
      "author_id": "not defined",
      "author_name": "Marcus Dupree",
      "helpful": "0",
      "polarity": "",
      "rate": 5,
      "response": "",
      "response_date": "",
      "review": "Awesome",
      "review_date": [
        "July",
        "18",
        " 2015"
      ]
    },
    {
      "REQ_subtype": "",
      "REQ_type": "",
      "_id": 129,
      "author_id": "not defined",
      "author_name": "Ingo Dean",
      "helpful": "1",
      "polarity": "",
      "rate": 2,
      "response": "",
      "response_date": "",
      "review": "Very disappointing that this is a control app only - calls are actually still placed using your minutes, not over data. This would be SO much more useful if I could use SIP over WiFi.",
      "review_date": [
        "June",
        "19",
        " 2015"
      ]
    },
    {
      "REQ_subtype": "",
      "REQ_type": "",
      "_id": 130,
      "author_id": "not defined",
      "author_name": "Mike Linn",
      "helpful": "2",
      "polarity": "",
      "rate": 5,
      "response": "",
      "response_date": "",
      "review": "Fantastic web conferencing service. Blows WebEx, GoToMeeting, and Adobe Connect out of the water",
      "review_date": [
        "May",
        "23",
        " 2015"
      ]
    },
    {
      "REQ_subtype": "",
      "REQ_type": "",
      "_id": 131,
      "author_id": "not defined",
      "author_name": "Qiqi Abaziz",
      "helpful": "0",
      "polarity": "",
      "rate": 2,
      "response": "Please try the latest update (version 2.4), it fixed a lot of issues, if the problem still persists please contact support.",
      "response_date": [
        "July",
        "14",
        " 2015"
      ],
      "review": "Whenever I'm trying to open my account, the app will get freeze and it will be closed instantly",
      "review_date": [
        "June",
        "3",
        " 2015"
      ]
    },
    {
      "REQ_subtype": "",
      "REQ_type": "",
      "_id": 132,
      "author_id": "not defined",
      "author_name": "Jeanne DeWitt",
      "helpful": "2",
      "polarity": "",
      "rate": 5,
      "response": "",
      "response_date": "",
      "review": "Super easy to join and incredibly helpful to actually be able to see who's on the call and speaking.",
      "review_date": [
        "May",
        "26",
        " 2015"
      ]
    },
    {
      "REQ_subtype": "",
      "REQ_type": "",
      "_id": 133,
      "author_id": "not defined",
      "author_name": "David Glad",
      "helpful": "0",
      "polarity": "",
      "rate": 5,
      "response": "",
      "response_date": "",
      "review": "Straightforward and really more than one can ask for.",
      "review_date": [
        "May",
        "29",
        " 2015"
      ]
    },
    {
      "REQ_subtype": "",
      "REQ_type": "",
      "_id": 134,
      "author_id": "not defined",
      "author_name": "Adan M",
      "helpful": "0",
      "polarity": "",
      "rate": 5,
      "response": "",
      "response_date": "",
      "review": "Very nice conference tool",
      "review_date": [
        "June",
        "11",
        " 2015"
      ]
    },
    {
      "REQ_subtype": "",
      "REQ_type": "",
      "_id": 135,
      "author_id": "not defined",
      "author_name": "Arit A.O.",
      "helpful": "1",
      "polarity": "",
      "rate": 3,
      "response": "",
      "response_date": "",
      "review": "The quality of the actual call isnt much better than the pin-dialing options out there, by my experience. But my clients truly enjoy having only one number to memorize/save.",
      "review_date": [
        "April",
        "6",
        " 2015"
      ]
    },
    {
      "REQ_subtype": "",
      "REQ_type": "",
      "_id": 136,
      "author_id": "not defined",
      "author_name": "Stephen Way",
      "helpful": "1",
      "polarity": "",
      "rate": 1,
      "response": "",
      "response_date": "",
      "review": "I was very excited about this service when I found it. It was exactly what I needed and the promotional video nailed it! I installed and tested out some the features. Wow, pretty cool.  Unfortunately, when I finally used it on an actual conference call with a client, the service (I was using it from the browser) crapped out on me several times. What an embarrassment! I do not know exactly what caused the issue but I couldn't hear the client but the client could hear me (some muting issue) and so I had to call back in. After the second time, I stop using Uber and just called the client directly since there was only two parties on the call this time.  Now, I have to reconsider my options until this is resolved and I have the confidence again in the service. Bummer.",
      "review_date": [
        "March",
        "27",
        " 2015"
      ]
    },
    {
      "REQ_subtype": "",
      "REQ_type": "",
      "_id": 137,
      "author_id": "not defined",
      "author_name": "A Google user",
      "helpful": "0",
      "polarity": "",
      "rate": 4,
      "response": "",
      "response_date": "",
      "review": "Does the job.  Been having issues with screen sharing and using computer to log into a conference call.  It may be a \"user\" error.  I will update review once I figure out if I am the problem.",
      "review_date": [
        "March",
        "17",
        " 2015"
      ]
    },
    {
      "REQ_subtype": "",
      "REQ_type": "",
      "_id": 138,
      "author_id": "not defined",
      "author_name": "Luqman Mahmud",
      "helpful": "1",
      "polarity": "",
      "rate": 5,
      "response": "",
      "response_date": "",
      "review": "Easy to use conference calling features. Great for small team calls. More callers and features require a monthly subscription which is a much cheaper than Gotomeeting.",
      "review_date": [
        "March",
        "27",
        " 2015"
      ]
    },
    {
      "REQ_subtype": "",
      "REQ_type": "",
      "_id": 139,
      "author_id": "not defined",
      "author_name": "PVT Citizen",
      "helpful": "0",
      "polarity": "",
      "rate": 1,
      "response": "",
      "response_date": "",
      "review": "When the app requires you to sign up who needs it",
      "review_date": [
        "March",
        "19",
        " 2015"
      ]
    },
    {
      "REQ_subtype": "",
      "REQ_type": "",
      "_id": 140,
      "author_id": "not defined",
      "author_name": "A Google user",
      "helpful": "3",
      "polarity": "",
      "rate": 5,
      "response": "",
      "response_date": "",
      "review": "Just held my first Uber conference call -- flawless.  Set up took 1 minute with a near-zero learning curve.  Free option gets 10 people on the call (all I needed).  You can add paid bells and whistles like toll free numbers and custom wait music, so it can adjust to any business's needs and tastes.  After my conference call I even received a summary of the participants and how long each person spoke.  Super cool.  If you like simple, effective solutions, you will love Uber.",
      "review_date": [
        "August",
        "18",
        " 2014"
      ]
    },
    {
      "REQ_subtype": "",
      "REQ_type": "",
      "_id": 141,
      "author_id": "not defined",
      "author_name": "James Hansel",
      "helpful": "3",
      "polarity": "",
      "rate": 4,
      "response": "",
      "response_date": "",
      "review": "I like this app and the service behind it. It's a reinvention of conference calling. But as brilliant and innovative as it is, there is a lack of polish. They need some loyal critics who will help smooth out the minor issues.",
      "review_date": [
        "October",
        "4",
        " 2014"
      ]
    },
    {
      "REQ_subtype": "",
      "REQ_type": "",
      "_id": 142,
      "author_id": "not defined",
      "author_name": "Sumith Rajagopalan",
      "helpful": "2",
      "polarity": "",
      "rate": 3,
      "response": "",
      "response_date": "",
      "review": "Tough to use in within corporate environment. Features are confusing, buggy tool",
      "review_date": [
        "September",
        "28",
        " 2014"
      ]
    },
    {
      "REQ_subtype": "",
      "REQ_type": "",
      "_id": 143,
      "author_id": "not defined",
      "author_name": "Alex Rozek",
      "helpful": "1",
      "polarity": "",
      "rate": 1,
      "response": "",
      "response_date": "",
      "review": "App needs a lot of work. Crashes a lot. Invite screen unusable. Calls to many participants by default",
      "review_date": [
        "December",
        "10",
        " 2014"
      ]
    },
    {
      "REQ_subtype": "",
      "REQ_type": "",
      "_id": 144,
      "author_id": "not defined",
      "author_name": "Dexter Johnson",
      "helpful": "0",
      "polarity": "",
      "rate": 5,
      "response": "",
      "response_date": "",
      "review": "What more can you ask for in an app. This is an excellent utility for those that like to get several people together on one line without many of the participants tying up multiple phone lines. On top of that, the options are great for the conference leader, mute, record and more the great thing is that many options are available free. Excellent and a must have utility app.",
      "review_date": [
        "September",
        "2",
        " 2014"
      ]
    },
    {
      "REQ_subtype": "",
      "REQ_type": "",
      "_id": 145,
      "author_id": "not defined",
      "author_name": "Drew Garvey",
      "helpful": "0",
      "polarity": "",
      "rate": 5,
      "response": "",
      "response_date": "",
      "review": "This service provides a sensible solution to static call lines, accessible communication and mobility.  Tie that with the superior sound quality and you have a fantastic product that I can't sing enough praises about.",
      "review_date": [
        "December",
        "24",
        " 2014"
      ]
    },
    {
      "REQ_subtype": "",
      "REQ_type": "",
      "_id": 146,
      "author_id": "not defined",
      "author_name": "Tyler Gillispie",
      "helpful": "0",
      "polarity": "",
      "rate": 5,
      "response": "",
      "response_date": "",
      "review": "Smooth interface, multi platform +, no pin, best conference app to date by far.",
      "review_date": [
        "October",
        "11",
        " 2014"
      ]
    },
    {
      "REQ_subtype": "",
      "REQ_type": "",
      "_id": 147,
      "author_id": "not defined",
      "author_name": "Gavin Cowie",
      "helpful": "0",
      "polarity": "",
      "rate": 5,
      "response": "",
      "response_date": "",
      "review": "We use the premium version of this at work, I've used it since 2012, ffs. It's, beautiful.",
      "review_date": [
        "October",
        "2",
        " 2014"
      ]
    },
    {
      "REQ_subtype": "",
      "REQ_type": "",
      "_id": 148,
      "author_id": "not defined",
      "author_name": "domestic DEEVAH",
      "helpful": "0",
      "polarity": "",
      "rate": 5,
      "response": "",
      "response_date": "",
      "review": "I've used several different conference call services, but UberConfrence is the best. I'm definitely gonna upgrade to the premium account.",
      "review_date": [
        "September",
        "21",
        " 2014"
      ]
    },
    {
      "REQ_subtype": "",
      "REQ_type": "",
      "_id": 149,
      "author_id": "not defined",
      "author_name": "Lisa Yarde",
      "helpful": "1",
      "polarity": "",
      "rate": 5,
      "response": "",
      "response_date": "",
      "review": "Takes a one minute learning curve as a call mod to understand,  but it is perfect.",
      "review_date": [
        "July",
        "25",
        " 2014"
      ]
    },
    {
      "REQ_subtype": "",
      "REQ_type": "",
      "_id": 150,
      "author_id": "not defined",
      "author_name": "DrZipporah Brown",
      "helpful": "0",
      "polarity": "",
      "rate": 5,
      "response": "",
      "response_date": "",
      "review": "Innovative and professional conference system.  The support team respond quickly to issues.",
      "review_date": [
        "February",
        "26",
        " 2015"
      ]
    },
    {
      "REQ_subtype": "",
      "REQ_type": "",
      "_id": 151,
      "author_id": "not defined",
      "author_name": "sam wright",
      "helpful": "0",
      "polarity": "",
      "rate": 5,
      "response": "",
      "response_date": "",
      "review": "Gets the job done. Plan on upgrading to premium in the future.",
      "review_date": [
        "February",
        "24",
        " 2015"
      ]
    },
    {
      "REQ_subtype": "",
      "REQ_type": "",
      "_id": 152,
      "author_id": "not defined",
      "author_name": "Tina Stewart",
      "helpful": "0",
      "polarity": "",
      "rate": 1,
      "response": "",
      "response_date": "",
      "review": "I like Uber conference and even have the premium service...but I dont see the point of this app",
      "review_date": [
        "February",
        "24",
        " 2015"
      ]
    },
    {
      "REQ_subtype": "",
      "REQ_type": "",
      "_id": 153,
      "author_id": "not defined",
      "author_name": "Karen Richards",
      "helpful": "0",
      "polarity": "",
      "rate": 5,
      "response": "",
      "response_date": "",
      "review": "Loving the computer and phone version!  A huge plus for my business",
      "review_date": [
        "October",
        "15",
        " 2014"
      ]
    },
    {
      "REQ_subtype": "",
      "REQ_type": "",
      "_id": 154,
      "author_id": "not defined",
      "author_name": "Shane Brown",
      "helpful": "0",
      "polarity": "",
      "rate": 5,
      "response": "",
      "response_date": "",
      "review": "Uberconferencing is THE cutting edge collaboration platform done with perfection! THanks!",
      "review_date": [
        "January",
        "17",
        " 2015"
      ]
    },
    {
      "REQ_subtype": "",
      "REQ_type": "",
      "_id": 155,
      "author_id": "not defined",
      "author_name": "Lakshman Gudiwada",
      "helpful": "0",
      "polarity": "",
      "rate": 5,
      "response": "",
      "response_date": "",
      "review": "I am planning on recommend this at my work",
      "review_date": [
        "December",
        "25",
        " 2014"
      ]
    },
    {
      "REQ_subtype": "",
      "REQ_type": "",
      "_id": 156,
      "author_id": "not defined",
      "author_name": "Jason Head",
      "helpful": "0",
      "polarity": "",
      "rate": 5,
      "response": "",
      "response_date": "",
      "review": "Really simple and effective tool.",
      "review_date": [
        "February",
        "2",
        " 2015"
      ]
    },
    {
      "REQ_subtype": "",
      "REQ_type": "",
      "_id": 157,
      "author_id": "not defined",
      "author_name": "D T",
      "helpful": "0",
      "polarity": "",
      "rate": 5,
      "response": "",
      "response_date": "",
      "review": "Integrates with google",
      "review_date": [
        "November",
        "12",
        " 2014"
      ]
    },
    {
      "REQ_subtype": "",
      "REQ_type": "",
      "_id": 158,
      "author_id": "not defined",
      "author_name": "Cindy's Journey",
      "helpful": "0",
      "polarity": "",
      "rate": 5,
      "response": "",
      "response_date": "",
      "review": "Good!",
      "review_date": [
        "October",
        "29",
        " 2014"
      ]
    },
    {
      "REQ_subtype": "",
      "REQ_type": "",
      "_id": 159,
      "author_id": "not defined",
      "author_name": "Ben Levine",
      "helpful": "0",
      "polarity": "",
      "rate": 5,
      "response": "",
      "response_date": "",
      "review": "Love it",
      "review_date": [
        "August",
        "28",
        " 2014"
      ]
    }
  ],
  "size": "15",
  "url": "https://play.google.com/store/apps/details?id=com.uberconference",
  "version": "4.6"
}