{
  "categories": [
    "Shopping"
  ],
  "description": "Exchange style advice and discover new trends with people like you on The Hunt. Influence the community\u2019s style and share your shopping expertise and style tips with 4 million people. Browse endless outfits, get style suggestions, and buy your must-have trends with The Hunt as your style guide.",
  "inc": "Style Hunter LLC",
  "intalled_count": "500,000",
  "last_update": [
    "March",
    "20",
    " 2016"
  ],
  "name": "The Hunt - Style & Shopping",
  "offered_by": "Google Commerce Ltd",
  "permissions": {
    "Identity": [
      "find accounts on the device"
    ],
    "Contacts": [
      "find accounts on the device",
      "read your contacts"
    ],
    "Location": [
      "approximate location (network-based)",
      "precise location (GPS and network-based)"
    ],
    "Photos/Media/Files": [
      "read the contents of your USB storage",
      "modify or delete the contents of your USB storage"
    ],
    "Storage": [
      "read the contents of your USB storage",
      "modify or delete the contents of your USB storage"
    ],
    "Camera": [
      "take pictures and videos"
    ],
    "Other": [
      "bind to a notification listener service",
      "receive data from Internet",
      "view network connections",
      "expand/collapse status bar",
      "full network access",
      "run at startup",
      "use accounts on the device",
      "control vibration",
      "prevent device from sleeping"
    ]
  },
  "price": "",
  "rate": [
    [
      "8,885",
      "4.1"
    ],
    [
      "5,234",
      "5"
    ],
    [
      "1,493",
      "4"
    ],
    [
      "855",
      "3"
    ],
    [
      "458",
      "2"
    ],
    [
      "845",
      "1"
    ]
  ],
  "required_android": "4.1",
  "reviews": [
    {
      "REQ_subtype": "",
      "REQ_type": "",
      "_id": 0,
      "author_id": "not defined",
      "author_name": "Kat Hung",
      "helpful": "0",
      "polarity": "",
      "rate": 2,
      "response": "",
      "response_date": "",
      "review": "The 1st time I used this app(a year ago) people were fast and eager to help; I loved it. Now I've posted many different things and not a single find! Like my posts aren't even being seen?? Not very helpful. Love the idea but maybe not enough finders :(",
      "review_date": [
        "March",
        "26",
        " 2016"
      ]
    },
    {
      "REQ_subtype": "",
      "REQ_type": "",
      "_id": 1,
      "author_id": "not defined",
      "author_name": "Julianna Johnson",
      "helpful": "0",
      "polarity": "",
      "rate": 3,
      "response": "",
      "response_date": "",
      "review": "I absolutely love this app but it has some bugs. Everytime I open the app I have to login, then when I try to make a find or respond to anything within the app it tells me to login (as I'm already logged into my account) I tried everything password change disconnect and connect to google+ change the settings. Nothing seems to work, this review is staying 3 stars until it's fixed to be fit for a 5 star rating. Thank you.",
      "review_date": [
        "August",
        "24",
        " 2017"
      ]
    },
    {
      "REQ_subtype": "",
      "REQ_type": "",
      "_id": 2,
      "author_id": "not defined",
      "author_name": "Dharrshiyni Selvam",
      "helpful": "0",
      "polarity": "",
      "rate": 3,
      "response": "",
      "response_date": "",
      "review": "I really like the fact that the app allows you to find clothing and it show trends and stuff. But I can't seem to upload any photo to this app, for example I want to upload a photo to ask people to help me find it but the image keep falling! This is not my internet problem as my internet is good.. I am using Asus fonepad.. Help me solve this problem",
      "review_date": [
        "May",
        "22",
        " 2016"
      ]
    },
    {
      "REQ_subtype": "",
      "REQ_type": "",
      "_id": 3,
      "author_id": "not defined",
      "author_name": "A Google user",
      "helpful": "27",
      "polarity": "",
      "rate": 1,
      "response": "",
      "response_date": "",
      "review": "I never leave reviews but this app is horrible. I downloaded it for the sole purpose of finding something, but it won't let me post anything. It just keeps saying log in. When I am already logged in. So the whole purpose of this app is to find pieces you are looking for. Although it doesn't actually let you do that. Pointless.",
      "review_date": [
        "August",
        "30",
        " 2017"
      ]
    },
    {
      "REQ_subtype": "",
      "REQ_type": "",
      "_id": 4,
      "author_id": "not defined",
      "author_name": "Lisa Pan",
      "helpful": "8",
      "polarity": "",
      "rate": 2,
      "response": "",
      "response_date": "",
      "review": "The app fails consistently to update my profile picture and feed. After i just downloaded it and signed it, I wanted to change my profile picture and update my notifications. Everytime i try to do so the app constantly says that there is an error or I have to log in. I was already logged in that is how I managed to get to the account settings page. Waste of time.",
      "review_date": [
        "October",
        "11",
        " 2017"
      ]
    },
    {
      "REQ_subtype": "",
      "REQ_type": "",
      "_id": 5,
      "author_id": "not defined",
      "author_name": "Atalya",
      "helpful": "8",
      "polarity": "",
      "rate": 1,
      "response": "",
      "response_date": "",
      "review": "I liked it in the beginning because it actually worked. However, now it won't let me post anything because of an error (Which without it kind of makes it useless). I also created a new account to see it it would work but I still received the same error. I contacted support but got no luck.",
      "review_date": [
        "August",
        "5",
        " 2017"
      ]
    },
    {
      "REQ_subtype": "",
      "REQ_type": "",
      "_id": 6,
      "author_id": "not defined",
      "author_name": "Alicia Braithwaite",
      "helpful": "4",
      "polarity": "",
      "rate": 1,
      "response": "",
      "response_date": "",
      "review": "I love that the app let's you find thing through pictures and I could really use this but it wont let me post any! Every time I try to make a poll or a post or anything it tells me in not logged in when I am! I can't do anything other than see what others are looking for which is fine but im trying to find things to and its really annoying. If this gets fixed I will change my review but for now I'm keeping it a 1/5 \ud83d\udc7f",
      "review_date": [
        "July",
        "15",
        " 2017"
      ]
    },
    {
      "REQ_subtype": "",
      "REQ_type": "",
      "_id": 7,
      "author_id": "not defined",
      "author_name": "Nikki Parker",
      "helpful": "18",
      "polarity": "",
      "rate": 1,
      "response": "",
      "response_date": "",
      "review": "I was hopeful this app would work.  After installing it I created an account and logged in.  I try to upload a picture, but it keeps asking me to log in...WTH.  Then it never did find any recommendations for me.  I let it run all night and still a no go.  The only thing that worked was the search, but that's not enough for this waste of resources.",
      "review_date": [
        "May",
        "24",
        " 2017"
      ]
    },
    {
      "REQ_subtype": "",
      "REQ_type": "",
      "_id": 8,
      "author_id": "not defined",
      "author_name": "Gwen",
      "helpful": "4",
      "polarity": "",
      "rate": 2,
      "response": "",
      "response_date": "",
      "review": "Like many others, I have to log into the app every time I open it. I used to love using the website and recently remembered it and wanted to use it again for a few items I'd been searching for. But it's unusable now because it tells me to log in every time I want to submit a photo, and even the mobile browser version is terrible. Please fix these issues, it could be a really good app!",
      "review_date": [
        "November",
        "23",
        " 2017"
      ]
    },
    {
      "REQ_subtype": "",
      "REQ_type": "",
      "_id": 9,
      "author_id": "not defined",
      "author_name": "Jamie Lloyd",
      "helpful": "0",
      "polarity": "",
      "rate": 3,
      "response": "",
      "response_date": "",
      "review": "I have used this app before but have just rediscovered it but I am having some sort of login issue. It won't let me login with my email as it says its connected to facebook, so I login with Facebook but I can't upload an item I'm trying to find as it keeps saying I need to login!?!?",
      "review_date": [
        "April",
        "9",
        " 2017"
      ]
    },
    {
      "REQ_subtype": "",
      "REQ_type": "",
      "_id": 10,
      "author_id": "not defined",
      "author_name": "SadieJamesMagdaline",
      "helpful": "3",
      "polarity": "",
      "rate": 1,
      "response": "",
      "response_date": "",
      "review": "I put in my tags, & legit everything has been loading for two days, so I uninstalled it and install it again....Same thing... Everything on the app won't stop loading! I don't recommend this app! I use to have it & it was fine but now.... Just no",
      "review_date": [
        "March",
        "1",
        " 2017"
      ]
    },
    {
      "REQ_subtype": "",
      "REQ_type": "",
      "_id": 11,
      "author_id": "not defined",
      "author_name": "kerry saunders",
      "helpful": "3",
      "polarity": "",
      "rate": 1,
      "response": "",
      "response_date": "",
      "review": "I read the poor reviews and thought I'd try it anyway and it doesn't work at all keeps saying login although I was logged in! :( Don't waste your time like I did!",
      "review_date": [
        "August",
        "10",
        " 2017"
      ]
    },
    {
      "REQ_subtype": "",
      "REQ_type": "",
      "_id": 12,
      "author_id": "not defined",
      "author_name": "Miriah Trinidad",
      "helpful": "0",
      "polarity": "",
      "rate": 1,
      "response": "",
      "response_date": "",
      "review": "After 20 minutes I started to get annoyed. The app keeps leaving me on the log in screen when I've already logged in... on Gmail and facebook. I've uninstalled the app and checked my connection and my connection is perfectly fine. This app just won't let me in, it just keeps me on the log in screen no matter what.",
      "review_date": [
        "February",
        "8",
        " 2017"
      ]
    },
    {
      "REQ_subtype": "",
      "REQ_type": "",
      "_id": 13,
      "author_id": "not defined",
      "author_name": "Allison Panzica",
      "helpful": "1",
      "polarity": "",
      "rate": 1,
      "response": "",
      "response_date": "",
      "review": "Here's the short of it: I got this app a year and a half ago and LOVED it. However now it's a big pain in the neck. Can't upload a picture of what you need without it saying \"please log in\". Very frustrating. If working correctly, it would be worth five stars",
      "review_date": [
        "November",
        "25",
        " 2017"
      ]
    },
    {
      "REQ_subtype": "",
      "REQ_type": "",
      "_id": 14,
      "author_id": "not defined",
      "author_name": "Louise Shaw",
      "helpful": "1",
      "polarity": "",
      "rate": 1,
      "response": "",
      "response_date": "",
      "review": "At first I was really excited to get this app! I installed it, made a new account and all, made my feed, but when it came to my actual home page, nothing was coming up, it just never loads. And everytime I try to add a new item it says that I have to log in when I literally just did that and I'm on my account! I was really looking forward to this but it's really just a big disappointment... :(",
      "review_date": [
        "October",
        "16",
        " 2017"
      ]
    },
    {
      "REQ_subtype": "",
      "REQ_type": "",
      "_id": 15,
      "author_id": "not defined",
      "author_name": "Tae Yoon",
      "helpful": "3",
      "polarity": "",
      "rate": 1,
      "response": "",
      "response_date": "",
      "review": "I tried MULTIPLE times to sign in with my email and it wouldn't log on! And when I finally got in I couldn't do anything because NOTHING would load and i couldn't add something to find because it would tell me to log in when I CLEARLY WAS. I emailed for support but forget it. Its clear this app does not work",
      "review_date": [
        "July",
        "24",
        " 2017"
      ]
    },
    {
      "REQ_subtype": "",
      "REQ_type": "",
      "_id": 16,
      "author_id": "not defined",
      "author_name": "Becks Hingley",
      "helpful": "1",
      "polarity": "",
      "rate": 1,
      "response": "",
      "response_date": "",
      "review": "Awful. Nothing works! Doesn't let me start a find, look at my personalized \nfeed, change my username or use any function! I had this app a few years \nback and loved it, now it doesn't seem to work at all.",
      "review_date": [
        "April",
        "19",
        " 2018"
      ]
    },
    {
      "REQ_subtype": "",
      "REQ_type": "",
      "_id": 17,
      "author_id": "not defined",
      "author_name": "Carol Durston",
      "helpful": "0",
      "polarity": "",
      "rate": 2,
      "response": "",
      "response_date": "",
      "review": "Used this app on my previous phone and loved it! So many good ideas to buy. Now with my new phone, it's not letting me sign in! I tried uninstalling and installing again but still nothing\ud83d\ude23",
      "review_date": [
        "December",
        "18",
        " 2016"
      ]
    },
    {
      "REQ_subtype": "",
      "REQ_type": "",
      "_id": 18,
      "author_id": "not defined",
      "author_name": "Sarah Nuzzi",
      "helpful": "3",
      "polarity": "",
      "rate": 2,
      "response": "",
      "response_date": "",
      "review": "It would be better if I could actually make posts without the app glitching. I can't post anything because the app tells me to log in when I am logged in I don't get it??? And the website itself has so many bugs. Good concept, just terribly run.",
      "review_date": [
        "April",
        "12",
        " 2017"
      ]
    },
    {
      "REQ_subtype": "",
      "REQ_type": "",
      "_id": 19,
      "author_id": "not defined",
      "author_name": "Krys Chin",
      "helpful": "0",
      "polarity": "",
      "rate": 4,
      "response": "",
      "response_date": "",
      "review": "I really love this app but it force closes a lot and i cant take pics at all only upload from gallery. Please fix these bugs but aside from that its a really cool app and addicting too!  UPDATE: I can now take pics and crop them and such, nice update. Theres still some minor glitching and force quits are much more rare.",
      "review_date": [
        "May",
        "24",
        " 2016"
      ]
    },
    {
      "REQ_subtype": "",
      "REQ_type": "",
      "_id": 20,
      "author_id": "not defined",
      "author_name": "Taylor Sharp-Huseby",
      "helpful": "0",
      "polarity": "",
      "rate": 1,
      "response": "",
      "response_date": "",
      "review": "I love the hunt, I just it on my computer all the time. On the app I had to fight with it to even let me login and when I finally did nothing will load. The menu options are all there and no matter what page I go to and how long I wait it's just a constant loading bar.",
      "review_date": [
        "February",
        "23",
        " 2017"
      ]
    },
    {
      "REQ_subtype": "",
      "REQ_type": "",
      "_id": 21,
      "author_id": "not defined",
      "author_name": "April Messer",
      "helpful": "0",
      "polarity": "",
      "rate": 2,
      "response": "",
      "response_date": "",
      "review": "I would like to use this app but whenever I try to upload a photo, I get the error message that the image is too small. This error message does not state what size it should be nor is that information provided anywhere on the app. User friendlyness is key to a successful app and this one fails at the most basic level. Furthermore, customer service has been emailed twice in a 5-day span with no response to either inquiry.",
      "review_date": [
        "November",
        "7",
        " 2017"
      ]
    },
    {
      "REQ_subtype": "",
      "REQ_type": "",
      "_id": 22,
      "author_id": "not defined",
      "author_name": "Alexandria Scherr",
      "helpful": "1",
      "polarity": "",
      "rate": 2,
      "response": "",
      "response_date": "",
      "review": "I'm logged in, my account was created, I logged in and out multiple times and everytime I try to post something it tells me \"log in\" deleting app! Could have been good, but nope!",
      "review_date": [
        "March",
        "4",
        " 2018"
      ]
    },
    {
      "REQ_subtype": "",
      "REQ_type": "",
      "_id": 23,
      "author_id": "not defined",
      "author_name": "Brittany Vellturo",
      "helpful": "0",
      "polarity": "",
      "rate": 1,
      "response": "",
      "response_date": "",
      "review": "I love the concept of this app but it's inner workings are complete garbage! After I signed up it would not allow me to make a post, search, add a picture unless I \"logged in\", which I already was. It looks like others have had the same issues. No one seems to be fixing it. The app itself runs terribly slow and the last update was in 2016. Will be deleting this app immediately. Hopefully there are other similar apps to this that are better working.",
      "review_date": [
        "February",
        "14",
        " 2018"
      ]
    },
    {
      "REQ_subtype": "",
      "REQ_type": "",
      "_id": 24,
      "author_id": "not defined",
      "author_name": "Suzie Johnson",
      "helpful": "0",
      "polarity": "",
      "rate": 1,
      "response": "",
      "response_date": "",
      "review": "I want to love this app but anytime I try to post it says I need to log in when I'm already logged in. I've tried  so many times and logged out and logged back in and it makes no difference. Even uninstalled it and reinstalled it and still doesn't work.  It's so frustrating",
      "review_date": [
        "August",
        "7",
        " 2017"
      ]
    },
    {
      "REQ_subtype": "",
      "REQ_type": "",
      "_id": 25,
      "author_id": "not defined",
      "author_name": "Little Nessa",
      "helpful": "0",
      "polarity": "",
      "rate": 1,
      "response": "",
      "response_date": "",
      "review": "Wont let me post things. Keeps saying i need to log in when im already logged in.",
      "review_date": [
        "August",
        "27",
        " 2017"
      ]
    },
    {
      "REQ_subtype": "",
      "REQ_type": "",
      "_id": 26,
      "author_id": "not defined",
      "author_name": "Amy Lothian",
      "helpful": "0",
      "polarity": "",
      "rate": 2,
      "response": "",
      "response_date": "",
      "review": "Good app I used it alot ages ago and just reinstalled it although it won't let me post a picture. I have updated this app fully but whenever I attempt to submit a find item post it pops up with \"please log in\" even if I am in fact logged in. ?",
      "review_date": [
        "February",
        "8",
        " 2018"
      ]
    },
    {
      "REQ_subtype": "",
      "REQ_type": "",
      "_id": 27,
      "author_id": "not defined",
      "author_name": "Serena Aoun",
      "helpful": "0",
      "polarity": "",
      "rate": 4,
      "response": "",
      "response_date": "",
      "review": "I love the fact that not only you can find specific clothing items easier but you can also help others with their search. I also really like the fact that people can create polls and everyone can vote and give their feed back on it. The only 2 things that are annoying is that for some reason I don't receive notifications when people vote on a poll and the app stops loading the images after about 10 mins but other then that I really recommend the app.",
      "review_date": [
        "May",
        "22",
        " 2016"
      ]
    },
    {
      "REQ_subtype": "",
      "REQ_type": "",
      "_id": 28,
      "author_id": "not defined",
      "author_name": "Chelsea",
      "helpful": "0",
      "polarity": "",
      "rate": 2,
      "response": "",
      "response_date": "",
      "review": "Really needs an update. It won't let me sign up with Google+ and it doesn't \nremember any log in info or changes made to the profile. It also won't let \nuse any functions of starting hunts or helping others because it says I'm \nnot logged in even though I am and I can see my profile.",
      "review_date": [
        "June",
        "10",
        " 2018"
      ]
    },
    {
      "REQ_subtype": "",
      "REQ_type": "",
      "_id": 29,
      "author_id": "not defined",
      "author_name": "Jo fontenot",
      "helpful": "0",
      "polarity": "",
      "rate": 2,
      "response": "",
      "response_date": "",
      "review": "It's so annoying that since i first downloaded this app i havent been able to use it for more than 5 mins bc everything stops loading. its not my internet, ive turned off my wifi, used others ppls wifi, it does the same thing every time i use it. and it never loads more than 10 posts ugh.",
      "review_date": [
        "May",
        "17",
        " 2016"
      ]
    },
    {
      "REQ_subtype": "",
      "REQ_type": "",
      "_id": 30,
      "author_id": "not defined",
      "author_name": "Samantha Franklin",
      "helpful": "1",
      "polarity": "",
      "rate": 2,
      "response": "",
      "response_date": "",
      "review": "I love the idea of this app but I can't post anything because it keeps asking me to sign in when im already signed in? Very frustrating!!!",
      "review_date": [
        "February",
        "2",
        " 2018"
      ]
    },
    {
      "REQ_subtype": "",
      "REQ_type": "",
      "_id": 31,
      "author_id": "not defined",
      "author_name": "tass",
      "helpful": "0",
      "polarity": "",
      "rate": 1,
      "response": "",
      "response_date": "",
      "review": "I hate it, I want to find clothes and explore, I love the concept but it's not executed well. People have the same problem, we are logged in and when we want to post a picture it says to log in. The pictures also never load, you have to see the pictures of the clothes to like them!!",
      "review_date": [
        "December",
        "17",
        " 2017"
      ]
    },
    {
      "REQ_subtype": "",
      "REQ_type": "",
      "_id": 32,
      "author_id": "not defined",
      "author_name": "Dominika Fab\u010dinov\u00e1",
      "helpful": "1",
      "polarity": "",
      "rate": 2,
      "response": "",
      "response_date": "",
      "review": "So slow, uses so many system resources... Not worth it. Forgot your password isn't sending emails.",
      "review_date": [
        "February",
        "9",
        " 2017"
      ]
    },
    {
      "REQ_subtype": "",
      "REQ_type": "",
      "_id": 33,
      "author_id": "not defined",
      "author_name": "A Google user",
      "helpful": "0",
      "polarity": "",
      "rate": 1,
      "response": "",
      "response_date": "",
      "review": "Makes me re-login every five seconds. Nothing loads. Search is always loading, always see the same posts, and my personal feed never loads. I had this app once before a few months ago and it worked great but now its horrible. I don't know how it changed so quickly",
      "review_date": [
        "July",
        "24",
        " 2017"
      ]
    },
    {
      "REQ_subtype": "",
      "REQ_type": "",
      "_id": 34,
      "author_id": "not defined",
      "author_name": "Laura Klabe",
      "helpful": "4",
      "polarity": "",
      "rate": 1,
      "response": "",
      "response_date": "",
      "review": "I had this app on my first phone and it was a lifesaver. Today, I downloaded it onto my new one and I logged in just fine and went to post something and it said that I needed to log in when I was very obviously logged in. I've tried logging out and back in and deleting and re downloading. Nothing works",
      "review_date": [
        "June",
        "11",
        " 2017"
      ]
    },
    {
      "REQ_subtype": "",
      "REQ_type": "",
      "_id": 35,
      "author_id": "not defined",
      "author_name": "Kyrsten Evans",
      "helpful": "1",
      "polarity": "",
      "rate": 1,
      "response": "",
      "response_date": "",
      "review": "Every time I opened up my account or tried to post something it would tell me to log in even though I was already logged in. It would not let me edit my profile at all and when I tried to make sure I was logged in it showed that I was already logged in. And I know it has nothing to do with my phone since it brand new. This app was not helpful and was always slow.",
      "review_date": [
        "June",
        "30",
        " 2017"
      ]
    },
    {
      "REQ_subtype": "",
      "REQ_type": "",
      "_id": 36,
      "author_id": "not defined",
      "author_name": "sachin makasana",
      "helpful": "3",
      "polarity": "",
      "rate": 1,
      "response": "",
      "response_date": "",
      "review": "The first screen shows you options to log in. I tried using Google+ to login a bunch of times and it didn't work at all. No feedback or errors. Fix this quickly please.",
      "review_date": [
        "April",
        "23",
        " 2017"
      ]
    },
    {
      "REQ_subtype": "",
      "REQ_type": "",
      "_id": 37,
      "author_id": "not defined",
      "author_name": "A Google user",
      "helpful": "0",
      "polarity": "",
      "rate": 1,
      "response": "",
      "response_date": "",
      "review": "For some reason it's not letting post outfits. I'm logged in, but it says that I still need to be logged in. This doesn't make sense.",
      "review_date": [
        "November",
        "28",
        " 2017"
      ]
    },
    {
      "REQ_subtype": "",
      "REQ_type": "",
      "_id": 38,
      "author_id": "not defined",
      "author_name": "kassandra mcdaneld",
      "helpful": "0",
      "polarity": "",
      "rate": 5,
      "response": "",
      "response_date": "",
      "review": "I love this app!!it's addicting and I find myself on it all the time.suuuper helpful and fun.very creative!the only issue is that it is slow sometimes and force closes more than other apps I use but if you can be patient sometimes it's really worth the wait! Will definitely share with my friends",
      "review_date": [
        "August",
        "6",
        " 2017"
      ]
    },
    {
      "REQ_subtype": "",
      "REQ_type": "",
      "_id": 39,
      "author_id": "not defined",
      "author_name": "Courtney Seidenable",
      "helpful": "0",
      "polarity": "",
      "rate": 1,
      "response": "",
      "response_date": "",
      "review": "Use to work perfectly fine, app is now broken. I'm logged in then it'll \nglitch and ask me to log in and won't let me log in.",
      "review_date": [
        "May",
        "19",
        " 2018"
      ]
    },
    {
      "REQ_subtype": "",
      "REQ_type": "",
      "_id": 40,
      "author_id": "not defined",
      "author_name": "Maud van den Heuvel",
      "helpful": "1",
      "polarity": "",
      "rate": 1,
      "response": "",
      "response_date": "",
      "review": "I have similar problems to alot of other reviews. First I couldn't sign in. I tried with Facebook and Google account but it wouldn't log in. Now I finally could log in with my email and I open the app and I can't even post something I am looking for IT says please log in all the time. And same problem with uploading a profile picture.",
      "review_date": [
        "February",
        "23",
        " 2018"
      ]
    },
    {
      "REQ_subtype": "",
      "REQ_type": "",
      "_id": 41,
      "author_id": "not defined",
      "author_name": "Mylen Montgomery",
      "helpful": "1",
      "polarity": "",
      "rate": 1,
      "response": "",
      "response_date": "",
      "review": "I tried to use this but it doesn't seem to work for samsung devices. The app wouldn't let me login using my google+ account, it just kept buffering. When I created an account with my email and tried to upload something to help me find the item,  it kept asking me to log in even though I was already logged in, so I couldn't post anything.",
      "review_date": [
        "July",
        "6",
        " 2017"
      ]
    },
    {
      "REQ_subtype": "",
      "REQ_type": "",
      "_id": 42,
      "author_id": "not defined",
      "author_name": "Loretta Breazeal",
      "helpful": "1",
      "polarity": "",
      "rate": 1,
      "response": "",
      "response_date": "",
      "review": "This app sucked! As soon as I created an account it didn't work! It couldn't load a following feed even after letting it sit and redownloaded the app. I tried uploading a picture, but it just kept telling me to login when I was already logged in. I'm seeing the same complaint from August. Fix this!",
      "review_date": [
        "January",
        "26",
        " 2018"
      ]
    },
    {
      "REQ_subtype": "",
      "REQ_type": "",
      "_id": 43,
      "author_id": "not defined",
      "author_name": "Alexis G",
      "helpful": "1",
      "polarity": "",
      "rate": 1,
      "response": "",
      "response_date": "",
      "review": "The app is a great idea but has a lot of problems. 1. Won't let me log in with Google or Facebook, only email. 2.Newsfeed won't load. 3. When I try to post it says log in even though I'm logged in. So basically I can't use any part of this app.",
      "review_date": [
        "January",
        "26",
        " 2018"
      ]
    },
    {
      "REQ_subtype": "",
      "REQ_type": "",
      "_id": 44,
      "author_id": "not defined",
      "author_name": "Devon Goodman",
      "helpful": "1",
      "polarity": "",
      "rate": 2,
      "response": "",
      "response_date": "",
      "review": "I've used this app with an iPhone and Samsung device with very little issue, but can no longer log in with a new upgraded LG phone. Very disappointed.",
      "review_date": [
        "April",
        "15",
        " 2017"
      ]
    },
    {
      "REQ_subtype": "",
      "REQ_type": "",
      "_id": 45,
      "author_id": "not defined",
      "author_name": "llama.e",
      "helpful": "1",
      "polarity": "",
      "rate": 2,
      "response": "",
      "response_date": "",
      "review": "it seems great and all but I can't upload. it still comes up with the please login thing please reply with something o can do about that",
      "review_date": [
        "February",
        "20",
        " 2018"
      ]
    },
    {
      "REQ_subtype": "",
      "REQ_type": "",
      "_id": 46,
      "author_id": "not defined",
      "author_name": "Hannah Petrosino",
      "helpful": "1",
      "polarity": "",
      "rate": 3,
      "response": "",
      "response_date": "",
      "review": "The app is fairly good at letting you see what other people have posted and found but not many things have been found and it has problems with logging in and posting things to find. I am logged in and try posting something but it says I have to login to post it....which I am. Please fix these bugs",
      "review_date": [
        "July",
        "30",
        " 2017"
      ]
    },
    {
      "REQ_subtype": "",
      "REQ_type": "",
      "_id": 47,
      "author_id": "not defined",
      "author_name": "Rinny Night",
      "helpful": "0",
      "polarity": "",
      "rate": 2,
      "response": "",
      "response_date": "",
      "review": "\"Please log in\" I am logged in. Oh and even better, when I exit out and try to log back in. . .it cannot comprehend it!!!!!!!!! Glitches out! Thx love it.",
      "review_date": [
        "March",
        "10",
        " 2018"
      ]
    },
    {
      "REQ_subtype": "",
      "REQ_type": "",
      "_id": 48,
      "author_id": "not defined",
      "author_name": "Tiahna",
      "helpful": "0",
      "polarity": "",
      "rate": 1,
      "response": "",
      "response_date": "",
      "review": "The sign in with google option does not seem to work and every time i try the sign in with email option it tells me im logged in with facebook. I DONT EVEN HAVE A FACEBOOK! I've unistalled and installed the app about 5 times already and still nothing. What is this mess? Fix it please!",
      "review_date": [
        "July",
        "30",
        " 2016"
      ]
    },
    {
      "REQ_subtype": "",
      "REQ_type": "",
      "_id": 49,
      "author_id": "not defined",
      "author_name": "Yvette Nicolas",
      "helpful": "1",
      "polarity": "",
      "rate": 2,
      "response": "",
      "response_date": "",
      "review": "Keeps logging me out now i cant get back into my account, i lost all of my clothes, horrible app",
      "review_date": [
        "March",
        "14",
        " 2017"
      ]
    },
    {
      "REQ_subtype": "",
      "REQ_type": "",
      "_id": 50,
      "author_id": "not defined",
      "author_name": "Wild Flower",
      "helpful": "1",
      "polarity": "",
      "rate": 1,
      "response": "",
      "response_date": "",
      "review": "Had this app a few years ago and it worked really well however I currently can't even post anything, anytime I tried to post it told me to log in which I'd already done.",
      "review_date": [
        "April",
        "5",
        " 2018"
      ]
    },
    {
      "REQ_subtype": "",
      "REQ_type": "",
      "_id": 51,
      "author_id": "not defined",
      "author_name": "Joseph Segot",
      "helpful": "1",
      "polarity": "",
      "rate": 1,
      "response": "",
      "response_date": "",
      "review": "Does not work. I emailed whoever runs the app. Haven't heard back  from them.  It's been several days. I'm kind of impatient.",
      "review_date": [
        "March",
        "18",
        " 2017"
      ]
    },
    {
      "REQ_subtype": "",
      "REQ_type": "",
      "_id": 52,
      "author_id": "not defined",
      "author_name": "Sofia Rosa",
      "helpful": "0",
      "polarity": "",
      "rate": 3,
      "response": "",
      "response_date": "",
      "review": "It is so easy to find things you are looking for and I love the survey feature, I used it before and it usually works well but 80% of the time it says \"the hunt is not responding\" and it doesn't even work soooo",
      "review_date": [
        "April",
        "19",
        " 2016"
      ]
    },
    {
      "REQ_subtype": "",
      "REQ_type": "",
      "_id": 53,
      "author_id": "not defined",
      "author_name": "Nina Dodd",
      "helpful": "2",
      "polarity": "",
      "rate": 1,
      "response": "",
      "response_date": "",
      "review": "I loved this app on my old phone, but now it won't even let me log in on my new one. I really enjoy this app, please fix",
      "review_date": [
        "April",
        "16",
        " 2017"
      ]
    },
    {
      "REQ_subtype": "",
      "REQ_type": "",
      "_id": 54,
      "author_id": "not defined",
      "author_name": "kpopi'n hoe",
      "helpful": "1",
      "polarity": "",
      "rate": 2,
      "response": "",
      "response_date": "",
      "review": "It keeps signing me out, and when I am signed in and want to post something it tells me to log in first",
      "review_date": [
        "April",
        "3",
        " 2018"
      ]
    },
    {
      "REQ_subtype": "",
      "REQ_type": "",
      "_id": 55,
      "author_id": "not defined",
      "author_name": "A Google user",
      "helpful": "0",
      "polarity": "",
      "rate": 5,
      "response": "",
      "response_date": "",
      "review": "I love when i see a items or a outfit i can buy it right there. I dont have to search the internet for hours. I like that ppl help you find outfits and item's.",
      "review_date": [
        "May",
        "5",
        " 2017"
      ]
    },
    {
      "REQ_subtype": "",
      "REQ_type": "",
      "_id": 56,
      "author_id": "not defined",
      "author_name": "Liliana Torres",
      "helpful": "0",
      "polarity": "",
      "rate": 5,
      "response": "",
      "response_date": "",
      "review": "Sometimes people don't find the right item for you but most of the time its right! And you get to see a lot of the things you like and not random stuff.",
      "review_date": [
        "April",
        "21",
        " 2016"
      ]
    },
    {
      "REQ_subtype": "",
      "REQ_type": "",
      "_id": 57,
      "author_id": "not defined",
      "author_name": "Emma Ulmer",
      "helpful": "0",
      "polarity": "",
      "rate": 5,
      "response": "",
      "response_date": "",
      "review": "This app is so helpful and u can help others to and I just love it so much it finds all thing I post and it's just wonderful I definitely recommend it if u need help finding items or also if u need opinions on something it will help with that to it's amazing",
      "review_date": [
        "June",
        "8",
        " 2016"
      ]
    },
    {
      "REQ_subtype": "",
      "REQ_type": "",
      "_id": 58,
      "author_id": "not defined",
      "author_name": "Jedd Onathan",
      "helpful": "0",
      "polarity": "",
      "rate": 1,
      "response": "",
      "response_date": "",
      "review": "This app isn't even functioning correctly. I tried to sign in using both facebook or google none of them worked, I was able to log in by registering with an Email, but after I loaded the hone screen no deals were being loaded.",
      "review_date": [
        "December",
        "1",
        " 2017"
      ]
    },
    {
      "REQ_subtype": "",
      "REQ_type": "",
      "_id": 59,
      "author_id": "not defined",
      "author_name": "Kaity Cabral",
      "helpful": "1",
      "polarity": "",
      "rate": 1,
      "response": "",
      "response_date": "",
      "review": "Doesn't work. Everytime I try to find something it keeps telling me to log in when I already am.",
      "review_date": [
        "January",
        "24",
        " 2018"
      ]
    },
    {
      "REQ_subtype": "",
      "REQ_type": "",
      "_id": 60,
      "author_id": "not defined",
      "author_name": "Stephane Martinez",
      "helpful": "0",
      "polarity": "",
      "rate": 2,
      "response": "",
      "response_date": "",
      "review": "I have used this app before on many other devices but for some reason it's not login in with the galaxy s6 . I am very disappointed.",
      "review_date": [
        "August",
        "3",
        " 2016"
      ]
    },
    {
      "REQ_subtype": "",
      "REQ_type": "",
      "_id": 61,
      "author_id": "not defined",
      "author_name": "Lauren Echle",
      "helpful": "0",
      "polarity": "",
      "rate": 1,
      "response": "",
      "response_date": "",
      "review": "Fix your stupid bugs. I used to be obsessed with this app, now it doesn't load anything and logs me out whenever I close it. Everyone seems to be having these problems, and yet, after almost a year, they still haven't been fixed.",
      "review_date": [
        "August",
        "21",
        " 2017"
      ]
    },
    {
      "REQ_subtype": "",
      "REQ_type": "",
      "_id": 62,
      "author_id": "not defined",
      "author_name": "Dylan Foster",
      "helpful": "0",
      "polarity": "",
      "rate": 2,
      "response": "",
      "response_date": "",
      "review": "I've used this app in the past and now re using it again and everytime I fill out a find and try to post it, it tells me to log in to my account when I'm already logged in..",
      "review_date": [
        "May",
        "8",
        " 2017"
      ]
    },
    {
      "REQ_subtype": "",
      "REQ_type": "",
      "_id": 63,
      "author_id": "not defined",
      "author_name": "Nawal Steel",
      "helpful": "1",
      "polarity": "",
      "rate": 2,
      "response": "",
      "response_date": "",
      "review": "Whenever i try to do anything it tells me to please log in while i am already logged in \ud83d\ude11",
      "review_date": [
        "July",
        "26",
        " 2017"
      ]
    },
    {
      "REQ_subtype": "",
      "REQ_type": "",
      "_id": 64,
      "author_id": "not defined",
      "author_name": "Janiene Banda",
      "helpful": "0",
      "polarity": "",
      "rate": 1,
      "response": "",
      "response_date": "",
      "review": "Doesn't work, can't log in,  Normally I loved it in the past. But now it's giving me such a hard time  Logging in and even saving anything or looking things up it won't show me pictures.",
      "review_date": [
        "December",
        "20",
        " 2017"
      ]
    },
    {
      "REQ_subtype": "",
      "REQ_type": "",
      "_id": 65,
      "author_id": "not defined",
      "author_name": "Fatima Meshary",
      "helpful": "0",
      "polarity": "",
      "rate": 1,
      "response": "",
      "response_date": "",
      "review": "Just started using this app and when i try to upload an image it keeps asking me to log in!! I already am logged in!! Seems like everyone is having this issue :\\ not worth downloading tbh",
      "review_date": [
        "August",
        "18",
        " 2017"
      ]
    },
    {
      "REQ_subtype": "",
      "REQ_type": "",
      "_id": 66,
      "author_id": "not defined",
      "author_name": "Rod Mann",
      "helpful": "0",
      "polarity": "",
      "rate": 1,
      "response": "",
      "response_date": "",
      "review": "Useless, Buggy, POS App. Signed up & tried for hours to get my feed to refresh & to make a post. Was told over & over that I needed to sign in, even though I already was. Finally had to give up & post what I needed on the actual website. That wasn't much better. Horrible!",
      "review_date": [
        "July",
        "20",
        " 2017"
      ]
    },
    {
      "REQ_subtype": "",
      "REQ_type": "",
      "_id": 67,
      "author_id": "not defined",
      "author_name": "Barbara Solc",
      "helpful": "0",
      "polarity": "",
      "rate": 1,
      "response": "",
      "response_date": "",
      "review": "Terrible won't let me post because I get a \"login in\" error. I am loged in. Have tried everything but nothing helps !",
      "review_date": [
        "October",
        "18",
        " 2017"
      ]
    },
    {
      "REQ_subtype": "",
      "REQ_type": "",
      "_id": 68,
      "author_id": "not defined",
      "author_name": "Mohammad Al-Dabbagh",
      "helpful": "1",
      "polarity": "",
      "rate": 3,
      "response": "",
      "response_date": "",
      "review": "I love the idea, but everytime I try to upload an image ( that I have been looking for months) it keeps telling me to log in, even the I am logged in, this needs a fix",
      "review_date": [
        "August",
        "1",
        " 2017"
      ]
    },
    {
      "REQ_subtype": "",
      "REQ_type": "",
      "_id": 69,
      "author_id": "not defined",
      "author_name": "A Google user",
      "helpful": "2",
      "polarity": "",
      "rate": 1,
      "response": "",
      "response_date": "",
      "review": "The app won't load anything after i log in. I've even tried reinstalling it and it still won't work",
      "review_date": [
        "January",
        "7",
        " 2017"
      ]
    },
    {
      "REQ_subtype": "",
      "REQ_type": "",
      "_id": 70,
      "author_id": "not defined",
      "author_name": "All Might",
      "helpful": "0",
      "polarity": "",
      "rate": 1,
      "response": "",
      "response_date": "",
      "review": "This app is fundamentally broken I'm on galaxy s8+ and I can't even go past \nthe login page it continuously load forever and ever lol",
      "review_date": [
        "April",
        "26",
        " 2018"
      ]
    },
    {
      "REQ_subtype": "",
      "REQ_type": "",
      "_id": 71,
      "author_id": "not defined",
      "author_name": "Hana",
      "helpful": "0",
      "polarity": "",
      "rate": 5,
      "response": "",
      "response_date": "",
      "review": "I can literally find anything this app is perfect \ud83d\udc4c The only issue is knock-off websites that people recommend because they don't know it's a scam site",
      "review_date": [
        "July",
        "25",
        " 2016"
      ]
    },
    {
      "REQ_subtype": "",
      "REQ_type": "",
      "_id": 72,
      "author_id": "not defined",
      "author_name": "Brandy Trick",
      "helpful": "0",
      "polarity": "",
      "rate": 1,
      "response": "",
      "response_date": "",
      "review": "Trying to upload an image and it just keeps telling me to log in, but I am \nalready logged in. Also, the main page constantly tries to load and never \nshows anything. Seems useless. Will wait for an app update and try again, \nbut if it doesn't work after that I'm deleting!",
      "review_date": [
        "April",
        "22",
        " 2018"
      ]
    },
    {
      "REQ_subtype": "",
      "REQ_type": "",
      "_id": 73,
      "author_id": "not defined",
      "author_name": "Anna-Jade Kel",
      "helpful": "0",
      "polarity": "",
      "rate": 1,
      "response": "",
      "response_date": "",
      "review": "Downloaded it, registered with my FB account and everytime I opened it it asked me to log in but I already was logged in and no option to log out or update profile...... FAIL",
      "review_date": [
        "January",
        "18",
        " 2018"
      ]
    },
    {
      "REQ_subtype": "",
      "REQ_type": "",
      "_id": 74,
      "author_id": "not defined",
      "author_name": "Rat Jelly",
      "helpful": "1",
      "polarity": "",
      "rate": 1,
      "response": "",
      "response_date": "",
      "review": "I cant log in, and when I do, and try to post, it asks me to 'log in' before I can verify the post. Y'all im trying to replace my wardrobe that was lost in a fire. I don't have time for this bs sorry my dudes",
      "review_date": [
        "August",
        "2",
        " 2017"
      ]
    },
    {
      "REQ_subtype": "",
      "REQ_type": "",
      "_id": 75,
      "author_id": "not defined",
      "author_name": "Boluwatife monye",
      "helpful": "0",
      "polarity": "",
      "rate": 2,
      "response": "",
      "response_date": "",
      "review": "This is a lot of problem 1 is i try to look for something the app is \ntelling me to log in meanwhile i have logged in meaning that it has a log \nin problem and it slow like a \ud83d\udc0c",
      "review_date": [
        "July",
        "8",
        " 2018"
      ]
    },
    {
      "REQ_subtype": "",
      "REQ_type": "",
      "_id": 76,
      "author_id": "not defined",
      "author_name": "Ashley Bryson",
      "helpful": "0",
      "polarity": "",
      "rate": 1,
      "response": "",
      "response_date": "",
      "review": "Just like everyone else, it constantly asked me to login. I would be so close to actually uploading my picture, but it would tell me to login again.",
      "review_date": [
        "October",
        "27",
        " 2017"
      ]
    },
    {
      "REQ_subtype": "",
      "REQ_type": "",
      "_id": 77,
      "author_id": "not defined",
      "author_name": "Justin Jenkins",
      "helpful": "0",
      "polarity": "",
      "rate": 3,
      "response": "",
      "response_date": "",
      "review": "I used to use this app all the time but I upgraded to a new phone a month ago and ever since then it won't let me log in half the time and if I am able to it won't let me save or make post and just keeps saying log in when I'm logged in",
      "review_date": [
        "September",
        "4",
        " 2017"
      ]
    },
    {
      "REQ_subtype": "",
      "REQ_type": "",
      "_id": 78,
      "author_id": "not defined",
      "author_name": "A Google user",
      "helpful": "1",
      "polarity": "",
      "rate": 1,
      "response": "",
      "response_date": "",
      "review": "App is bugged. Cannot post anything or change accout settings! Please fix \nthis!",
      "review_date": [
        "April",
        "11",
        " 2018"
      ]
    },
    {
      "REQ_subtype": "",
      "REQ_type": "",
      "_id": 79,
      "author_id": "not defined",
      "author_name": "Bri hart",
      "helpful": "0",
      "polarity": "",
      "rate": 5,
      "response": "",
      "response_date": "",
      "review": "This app definitely helps you out when your looking for something specific. I love using it. It's probably the best app out there. Definitely my best download.",
      "review_date": [
        "August",
        "4",
        " 2016"
      ]
    },
    {
      "REQ_subtype": "",
      "REQ_type": "",
      "_id": 80,
      "author_id": "not defined",
      "author_name": "Misti Dinzy",
      "helpful": "0",
      "polarity": "",
      "rate": 1,
      "response": "",
      "response_date": "",
      "review": "Logs me out every single time I close the app, won't let me change my settings, or post anything at all. It just doesn't even register when I hit the check mark button for anything whatsoever.",
      "review_date": [
        "February",
        "23",
        " 2018"
      ]
    },
    {
      "REQ_subtype": "",
      "REQ_type": "",
      "_id": 81,
      "author_id": "not defined",
      "author_name": "Marten R",
      "helpful": "0",
      "polarity": "",
      "rate": 1,
      "response": "",
      "response_date": "",
      "review": "This app is a complete waste of time. Doesn't do a search it just let's users tell you if they know what it is. Honestly pathetic.",
      "review_date": [
        "March",
        "19",
        " 2018"
      ]
    },
    {
      "REQ_subtype": "",
      "REQ_type": "",
      "_id": 82,
      "author_id": "not defined",
      "author_name": "Jessica Dugas",
      "helpful": "2",
      "polarity": "",
      "rate": 1,
      "response": "",
      "response_date": "",
      "review": "Every time I tried to post it would tell me to log in but I was",
      "review_date": [
        "July",
        "7",
        " 2017"
      ]
    },
    {
      "REQ_subtype": "",
      "REQ_type": "",
      "_id": 83,
      "author_id": "not defined",
      "author_name": "angeliccupcake 21",
      "helpful": "0",
      "polarity": "",
      "rate": 1,
      "response": "",
      "response_date": "",
      "review": "This app doesn't work. Whenever I need to do something, it says to log in when I already am logged in. Very frustrating.",
      "review_date": [
        "January",
        "13",
        " 2018"
      ]
    },
    {
      "REQ_subtype": "",
      "REQ_type": "",
      "_id": 84,
      "author_id": "not defined",
      "author_name": "Mary Springall",
      "helpful": "0",
      "polarity": "",
      "rate": 2,
      "response": "",
      "response_date": "",
      "review": "It's good if ur from America but I not, don't waste ur time. I found that whenever I asked for something it either wouldn't get found or it'd all be American shops",
      "review_date": [
        "July",
        "4",
        " 2016"
      ]
    },
    {
      "REQ_subtype": "",
      "REQ_type": "",
      "_id": 85,
      "author_id": "not defined",
      "author_name": "Alejah Dimanche",
      "helpful": "0",
      "polarity": "",
      "rate": 5,
      "response": "",
      "response_date": "",
      "review": "Its totally the best app to find what you have been craving to find for lower prices. Who doesnt like lower prices??",
      "review_date": [
        "August",
        "17",
        " 2016"
      ]
    },
    {
      "REQ_subtype": "",
      "REQ_type": "",
      "_id": 86,
      "author_id": "not defined",
      "author_name": "A Google user",
      "helpful": "0",
      "polarity": "",
      "rate": 1,
      "response": "",
      "response_date": "",
      "review": "Fix your app please. I try to upload stuff but it keeps saying I need to \nlog in when I'm already logged in.",
      "review_date": [
        "July",
        "14",
        " 2018"
      ]
    },
    {
      "REQ_subtype": "",
      "REQ_type": "",
      "_id": 87,
      "author_id": "not defined",
      "author_name": "loxiety",
      "helpful": "1",
      "polarity": "",
      "rate": 4,
      "response": "",
      "response_date": "",
      "review": "Pictures take a long time to load and can't enlarge pictures on polls other than that it's great",
      "review_date": [
        "September",
        "25",
        " 2016"
      ]
    },
    {
      "REQ_subtype": "",
      "REQ_type": "",
      "_id": 88,
      "author_id": "not defined",
      "author_name": "Diva Child",
      "helpful": "0",
      "polarity": "",
      "rate": 2,
      "response": "",
      "response_date": "",
      "review": "Has a sign in issue  Its not letting me sign in to it even tho I tried everything its telling me to do",
      "review_date": [
        "May",
        "31",
        " 2017"
      ]
    },
    {
      "REQ_subtype": "",
      "REQ_type": "",
      "_id": 89,
      "author_id": "not defined",
      "author_name": "Shany Flores",
      "helpful": "0",
      "polarity": "",
      "rate": 1,
      "response": "",
      "response_date": "",
      "review": "I cant upload an item because it keeps telling me to log in. So the app is pointless I deleted it.",
      "review_date": [
        "August",
        "9",
        " 2017"
      ]
    },
    {
      "REQ_subtype": "",
      "REQ_type": "",
      "_id": 90,
      "author_id": "not defined",
      "author_name": "EternityM Seekings",
      "helpful": "0",
      "polarity": "",
      "rate": 2,
      "response": "",
      "response_date": "",
      "review": "Won't let me post anything and keeps logging me out. Keeps saying please \nlog in when I am.",
      "review_date": [
        "May",
        "3",
        " 2018"
      ]
    },
    {
      "REQ_subtype": "",
      "REQ_type": "",
      "_id": 91,
      "author_id": "not defined",
      "author_name": "Turki Albalushi",
      "helpful": "2",
      "polarity": "",
      "rate": 1,
      "response": "",
      "response_date": "",
      "review": "Tried with my google account and facebook but it just stays in the beginning page loading",
      "review_date": [
        "October",
        "29",
        " 2016"
      ]
    },
    {
      "REQ_subtype": "",
      "REQ_type": "",
      "_id": 92,
      "author_id": "not defined",
      "author_name": "leslie sanchez",
      "helpful": "1",
      "polarity": "",
      "rate": 5,
      "response": "",
      "response_date": "",
      "review": "I can find anything with the help of all the other users. This app helps a lot!",
      "review_date": [
        "July",
        "9",
        " 2016"
      ]
    },
    {
      "REQ_subtype": "",
      "REQ_type": "",
      "_id": 93,
      "author_id": "not defined",
      "author_name": "Mina Thai",
      "helpful": "0",
      "polarity": "",
      "rate": 1,
      "response": "",
      "response_date": "",
      "review": "Their fix to allow image upload doesn't work.  Waste of time signing up with no result.",
      "review_date": [
        "August",
        "23",
        " 2017"
      ]
    },
    {
      "REQ_subtype": "",
      "REQ_type": "",
      "_id": 94,
      "author_id": "not defined",
      "author_name": "Taliya B.",
      "helpful": "0",
      "polarity": "",
      "rate": 2,
      "response": "",
      "response_date": "",
      "review": "Everytime I attempt to add an item I'm looking for, it tells me to log in \neven though I'm already logged in.",
      "review_date": [
        "May",
        "5",
        " 2018"
      ]
    },
    {
      "REQ_subtype": "",
      "REQ_type": "",
      "_id": 95,
      "author_id": "not defined",
      "author_name": "Samantha Coley",
      "helpful": "0",
      "polarity": "",
      "rate": 2,
      "response": "",
      "response_date": "",
      "review": "It used to be my favorite app. Now every time I log in, if I go back to my home screen it logs me out. If I try to submit a hunt it logs me out. Please please please fix this!!!",
      "review_date": [
        "October",
        "9",
        " 2017"
      ]
    },
    {
      "REQ_subtype": "",
      "REQ_type": "",
      "_id": 96,
      "author_id": "not defined",
      "author_name": "jamilah williams",
      "helpful": "1",
      "polarity": "",
      "rate": 1,
      "response": "",
      "response_date": "",
      "review": "I really love this app, but it won't allow me to log in or create any hunts. Please fix!",
      "review_date": [
        "November",
        "18",
        " 2017"
      ]
    },
    {
      "REQ_subtype": "",
      "REQ_type": "",
      "_id": 97,
      "author_id": "not defined",
      "author_name": "Bella",
      "helpful": "0",
      "polarity": "",
      "rate": 2,
      "response": "",
      "response_date": "",
      "review": "Can't upload without it asking me to log in which I obviously already have To bad",
      "review_date": [
        "September",
        "25",
        " 2017"
      ]
    },
    {
      "REQ_subtype": "",
      "REQ_type": "",
      "_id": 98,
      "author_id": "not defined",
      "author_name": "Lily Vera",
      "helpful": "0",
      "polarity": "",
      "rate": 1,
      "response": "",
      "response_date": "",
      "review": "I logged in with my account but everytime I try to PST something it tells me I am not logged in.",
      "review_date": [
        "August",
        "24",
        " 2017"
      ]
    },
    {
      "REQ_subtype": "",
      "REQ_type": "",
      "_id": 99,
      "author_id": "not defined",
      "author_name": "Venzina",
      "helpful": "0",
      "polarity": "",
      "rate": 1,
      "response": "",
      "response_date": "",
      "review": "Whenever I'm trying to search for something it's tells me to log in even though I'm already logged in.",
      "review_date": [
        "January",
        "22",
        " 2018"
      ]
    },
    {
      "REQ_subtype": "",
      "REQ_type": "",
      "_id": 100,
      "author_id": "not defined",
      "author_name": "Aryanna",
      "helpful": "1",
      "polarity": "",
      "rate": 5,
      "response": "",
      "response_date": "",
      "review": "It's so amazing, it's all the malls and shops in your pocket. This is MUST HAVE app for MAJOR SHOPAHOLICS.",
      "review_date": [
        "June",
        "28",
        " 2016"
      ]
    },
    {
      "REQ_subtype": "",
      "REQ_type": "",
      "_id": 101,
      "author_id": "not defined",
      "author_name": "7nnah.is.radical",
      "helpful": "0",
      "polarity": "",
      "rate": 3,
      "response": "",
      "response_date": "",
      "review": "I think it has a few bugs because it does lag and us very slow",
      "review_date": [
        "March",
        "28",
        " 2016"
      ]
    },
    {
      "REQ_subtype": "",
      "REQ_type": "",
      "_id": 102,
      "author_id": "not defined",
      "author_name": "A Google user",
      "helpful": "0",
      "polarity": "",
      "rate": 3,
      "response": "",
      "response_date": "",
      "review": "Currently extremely laggy. Does not load my \"home page\" and doesn't save my favourites. Very slow.",
      "review_date": [
        "April",
        "23",
        " 2017"
      ]
    },
    {
      "REQ_subtype": "",
      "REQ_type": "",
      "_id": 103,
      "author_id": "not defined",
      "author_name": "heythereimsam",
      "helpful": "0",
      "polarity": "",
      "rate": 1,
      "response": "",
      "response_date": "",
      "review": "it won't let me upload anything please fix it I really love this app",
      "review_date": [
        "August",
        "14",
        " 2017"
      ]
    },
    {
      "REQ_subtype": "",
      "REQ_type": "",
      "_id": 104,
      "author_id": "not defined",
      "author_name": "Sarah Esp",
      "helpful": "0",
      "polarity": "",
      "rate": 1,
      "response": "",
      "response_date": "",
      "review": "It's really irritating me that I can't upload photos. Please fix this",
      "review_date": [
        "April",
        "12",
        " 2016"
      ]
    },
    {
      "REQ_subtype": "",
      "REQ_type": "",
      "_id": 105,
      "author_id": "not defined",
      "author_name": "Kelsey Barahona",
      "helpful": "1",
      "polarity": "",
      "rate": 1,
      "response": "",
      "response_date": "",
      "review": "I've had this app for a year and now that I have a new phone it won't let me get in through my gmail",
      "review_date": [
        "June",
        "15",
        " 2016"
      ]
    },
    {
      "REQ_subtype": "",
      "REQ_type": "",
      "_id": 106,
      "author_id": "not defined",
      "author_name": "Angelfoodcake",
      "helpful": "2",
      "polarity": "",
      "rate": 3,
      "response": "",
      "response_date": "",
      "review": "It won't work. It won't load anything and won't let me upload.",
      "review_date": [
        "January",
        "30",
        " 2017"
      ]
    },
    {
      "REQ_subtype": "",
      "REQ_type": "",
      "_id": 107,
      "author_id": "not defined",
      "author_name": "Mj Rastakhiz",
      "helpful": "0",
      "polarity": "",
      "rate": 2,
      "response": "",
      "response_date": "",
      "review": "I would love to use this app, but for some reason I can't use it. I try to post something and it says I'm not logged in. If I try to use a certain feature, it loads and loads and doesn't stop loading. Please fix this.",
      "review_date": [
        "October",
        "29",
        " 2017"
      ]
    },
    {
      "REQ_subtype": "",
      "REQ_type": "",
      "_id": 108,
      "author_id": "not defined",
      "author_name": "Adrian Nuno",
      "helpful": "2",
      "polarity": "",
      "rate": 1,
      "response": "",
      "response_date": "",
      "review": "Everything keeps telling me to log in even though I am logged in already. Please fix!",
      "review_date": [
        "July",
        "28",
        " 2017"
      ]
    },
    {
      "REQ_subtype": "",
      "REQ_type": "",
      "_id": 109,
      "author_id": "not defined",
      "author_name": "Justina B",
      "helpful": "0",
      "polarity": "",
      "rate": 4,
      "response": "",
      "response_date": "",
      "review": "So I posted a photo of a shirt to help me find it, and i don't think it's very helpful, i like this app but i think there could be something to have your photos be seen and have people help out, but i feel like my pictures aren't even seen.\ud83d\ude1e\ud83d\ude1e",
      "review_date": [
        "August",
        "4",
        " 2016"
      ]
    },
    {
      "REQ_subtype": "",
      "REQ_type": "",
      "_id": 110,
      "author_id": "not defined",
      "author_name": "Britney Nguyen",
      "helpful": "0",
      "polarity": "",
      "rate": 3,
      "response": "",
      "response_date": "",
      "review": "The only reason I put 3 is because it stopped letting put in tags..",
      "review_date": [
        "September",
        "2",
        " 2017"
      ]
    },
    {
      "REQ_subtype": "",
      "REQ_type": "",
      "_id": 111,
      "author_id": "not defined",
      "author_name": "Tanya Subhan",
      "helpful": "0",
      "polarity": "",
      "rate": 1,
      "response": "",
      "response_date": "",
      "review": "It used to work amazingly but now everytime I try post a picture it just tells me to log in even though I already am. Deleting.",
      "review_date": [
        "July",
        "12",
        " 2017"
      ]
    },
    {
      "REQ_subtype": "",
      "REQ_type": "",
      "_id": 112,
      "author_id": "not defined",
      "author_name": "Cole",
      "helpful": "0",
      "polarity": "",
      "rate": 1,
      "response": "",
      "response_date": "",
      "review": "I log in, and when I go to post a hunt it tells me to log in! Broken app",
      "review_date": [
        "July",
        "13",
        " 2018"
      ]
    },
    {
      "REQ_subtype": "",
      "REQ_type": "",
      "_id": 113,
      "author_id": "not defined",
      "author_name": "santa the girl",
      "helpful": "1",
      "polarity": "",
      "rate": 1,
      "response": "",
      "response_date": "",
      "review": "I HATED IT IT IT DID NOT LET ME ANYTHING",
      "review_date": [
        "August",
        "31",
        " 2017"
      ]
    },
    {
      "REQ_subtype": "",
      "REQ_type": "",
      "_id": 114,
      "author_id": "not defined",
      "author_name": "Zack Bruins",
      "helpful": "0",
      "polarity": "",
      "rate": 1,
      "response": "",
      "response_date": "",
      "review": "Doesn't work. (Doesn't log in / can't view anything but the login screen)",
      "review_date": [
        "January",
        "29",
        " 2018"
      ]
    },
    {
      "REQ_subtype": "",
      "REQ_type": "",
      "_id": 115,
      "author_id": "not defined",
      "author_name": "Panos Tsivi",
      "helpful": "0",
      "polarity": "",
      "rate": 3,
      "response": "",
      "response_date": "",
      "review": "I can't sign up with Google+ account.",
      "review_date": [
        "October",
        "3",
        " 2016"
      ]
    },
    {
      "REQ_subtype": "",
      "REQ_type": "",
      "_id": 116,
      "author_id": "not defined",
      "author_name": "Dhari AL Rumaithan",
      "helpful": "0",
      "polarity": "",
      "rate": 1,
      "response": "",
      "response_date": "",
      "review": "Bugged app.. keeps saying log in when I already logged in.",
      "review_date": [
        "July",
        "17",
        " 2017"
      ]
    },
    {
      "REQ_subtype": "",
      "REQ_type": "",
      "_id": 117,
      "author_id": "not defined",
      "author_name": "Mackenzie Ensign",
      "helpful": "0",
      "polarity": "",
      "rate": 5,
      "response": "",
      "response_date": "",
      "review": "It is one of the best apps i have ever had and ive had to problems with it so far",
      "review_date": [
        "June",
        "4",
        " 2016"
      ]
    },
    {
      "REQ_subtype": "",
      "REQ_type": "",
      "_id": 118,
      "author_id": "not defined",
      "author_name": "Teagan James",
      "helpful": "0",
      "polarity": "",
      "rate": 5,
      "response": "",
      "response_date": "",
      "review": "Havent found anything wrong with this app,  everyone is really helpful and  its super convenient",
      "review_date": [
        "July",
        "22",
        " 2016"
      ]
    },
    {
      "REQ_subtype": "",
      "REQ_type": "",
      "_id": 119,
      "author_id": "not defined",
      "author_name": "Vanessa May",
      "helpful": "0",
      "polarity": "",
      "rate": 1,
      "response": "",
      "response_date": "",
      "review": "It won't let me do ANYTHING. I've uninstalled it and reinstalled it, logged in with google, my old email account, and facebook, and everytime I try to post something or even just add a profile picture it says \"please log in\" when I'm already logged in. Ir may be a great app but it's absolutely worthless when you can't even use it.",
      "review_date": [
        "November",
        "7",
        " 2017"
      ]
    },
    {
      "REQ_subtype": "",
      "REQ_type": "",
      "_id": 120,
      "author_id": "not defined",
      "author_name": "Jewel Whiting",
      "helpful": "0",
      "polarity": "",
      "rate": 3,
      "response": "",
      "response_date": "",
      "review": "When it did the update it deleted all my past saves ...",
      "review_date": [
        "June",
        "3",
        " 2016"
      ]
    },
    {
      "REQ_subtype": "",
      "REQ_type": "",
      "_id": 121,
      "author_id": "not defined",
      "author_name": "Lilia Gutierrez Valencia",
      "helpful": "1",
      "polarity": "",
      "rate": 1,
      "response": "",
      "response_date": "",
      "review": "It has tons of issues with the login... annoying",
      "review_date": [
        "March",
        "19",
        " 2018"
      ]
    },
    {
      "REQ_subtype": "",
      "REQ_type": "",
      "_id": 122,
      "author_id": "not defined",
      "author_name": "Makie Starks",
      "helpful": "0",
      "polarity": "",
      "rate": 3,
      "response": "",
      "response_date": "",
      "review": "Keeps crashing and not fully loading plz fix it",
      "review_date": [
        "August",
        "25",
        " 2017"
      ]
    },
    {
      "REQ_subtype": "",
      "REQ_type": "",
      "_id": 123,
      "author_id": "not defined",
      "author_name": "A Google user",
      "helpful": "0",
      "polarity": "",
      "rate": 4,
      "response": "",
      "response_date": "",
      "review": "Its alright didn't get a answer tight away so had to find it my self but still I just started",
      "review_date": [
        "April",
        "1",
        " 2018"
      ]
    },
    {
      "REQ_subtype": "",
      "REQ_type": "",
      "_id": 124,
      "author_id": "not defined",
      "author_name": "A Google user",
      "helpful": "1",
      "polarity": "",
      "rate": 3,
      "response": "",
      "response_date": "",
      "review": "I'd give the app 5 stars if the photos would load consistently.",
      "review_date": [
        "January",
        "30",
        " 2017"
      ]
    },
    {
      "REQ_subtype": "",
      "REQ_type": "",
      "_id": 125,
      "author_id": "not defined",
      "author_name": "Michelle Madriz",
      "helpful": "0",
      "polarity": "",
      "rate": 5,
      "response": "",
      "response_date": "",
      "review": "This app always comes in handy when I want to shop or help people find clothes they are looking for.",
      "review_date": [
        "June",
        "24",
        " 2016"
      ]
    },
    {
      "REQ_subtype": "",
      "REQ_type": "",
      "_id": 126,
      "author_id": "not defined",
      "author_name": "Alex Schaus",
      "helpful": "0",
      "polarity": "",
      "rate": 1,
      "response": "",
      "response_date": "",
      "review": "Keeps telling me I need to log in when I am clearly logged in, won't let me post anything, won't load any suggestions.",
      "review_date": [
        "June",
        "30",
        " 2017"
      ]
    },
    {
      "REQ_subtype": "",
      "REQ_type": "",
      "_id": 127,
      "author_id": "not defined",
      "author_name": "ForeverKylie",
      "helpful": "0",
      "polarity": "",
      "rate": 4,
      "response": "",
      "response_date": "",
      "review": "I love this app but I think it would be better if things were in pounds aswell",
      "review_date": [
        "June",
        "6",
        " 2016"
      ]
    },
    {
      "REQ_subtype": "",
      "REQ_type": "",
      "_id": 128,
      "author_id": "not defined",
      "author_name": "Tay chicken",
      "helpful": "0",
      "polarity": "",
      "rate": 1,
      "response": "",
      "response_date": "",
      "review": "It won't let me post the clothes i wanna find. It just says you need to login first when i try to post it.",
      "review_date": [
        "October",
        "29",
        " 2017"
      ]
    },
    {
      "REQ_subtype": "",
      "REQ_type": "",
      "_id": 129,
      "author_id": "not defined",
      "author_name": "A Google user",
      "helpful": "0",
      "polarity": "",
      "rate": 1,
      "response": "",
      "response_date": "",
      "review": "Terrible keeps loging me out.",
      "review_date": [
        "February",
        "23",
        " 2018"
      ]
    },
    {
      "REQ_subtype": "",
      "REQ_type": "",
      "_id": 130,
      "author_id": "not defined",
      "author_name": "Michelle Clark",
      "helpful": "0",
      "polarity": "",
      "rate": 1,
      "response": "",
      "response_date": "",
      "review": "I log in, try to post something, tells me to log in...  ok????",
      "review_date": [
        "November",
        "2",
        " 2017"
      ]
    },
    {
      "REQ_subtype": "",
      "REQ_type": "",
      "_id": 131,
      "author_id": "not defined",
      "author_name": "Danielle Villarreal",
      "helpful": "1",
      "polarity": "",
      "rate": 1,
      "response": "",
      "response_date": "",
      "review": "I cant freaking upload a hunt, this problem has legit been forever....",
      "review_date": [
        "February",
        "11",
        " 2017"
      ]
    },
    {
      "REQ_subtype": "",
      "REQ_type": "",
      "_id": 132,
      "author_id": "not defined",
      "author_name": "Michael Kokinos",
      "helpful": "1",
      "polarity": "",
      "rate": 2,
      "response": "",
      "response_date": "",
      "review": "I have to login every time I open the app and then I can't post anything",
      "review_date": [
        "April",
        "3",
        " 2018"
      ]
    },
    {
      "REQ_subtype": "",
      "REQ_type": "",
      "_id": 133,
      "author_id": "not defined",
      "author_name": "Moriah Mike",
      "helpful": "0",
      "polarity": "",
      "rate": 2,
      "response": "",
      "response_date": "",
      "review": "I cant log in! I tried with google and fb it lets me pick my acc but it wont actually log in",
      "review_date": [
        "April",
        "24",
        " 2017"
      ]
    },
    {
      "REQ_subtype": "",
      "REQ_type": "",
      "_id": 134,
      "author_id": "not defined",
      "author_name": "Silvia Aguirre",
      "helpful": "0",
      "polarity": "",
      "rate": 1,
      "response": "",
      "response_date": "",
      "review": "Love this app before now it's taking forever to load it's getting annoying please fix.",
      "review_date": [
        "October",
        "5",
        " 2016"
      ]
    },
    {
      "REQ_subtype": "",
      "REQ_type": "",
      "_id": 135,
      "author_id": "not defined",
      "author_name": "FeRivas Sanchez",
      "helpful": "1",
      "polarity": "",
      "rate": 1,
      "response": "",
      "response_date": "",
      "review": "I wouldn't even let me log in on my S8... such a waste of time...",
      "review_date": [
        "January",
        "26",
        " 2018"
      ]
    },
    {
      "REQ_subtype": "",
      "REQ_type": "",
      "_id": 136,
      "author_id": "not defined",
      "author_name": "Suzette Bonas",
      "helpful": "0",
      "polarity": "",
      "rate": 1,
      "response": "",
      "response_date": "",
      "review": "Can't upload pictures. Useless",
      "review_date": [
        "April",
        "26",
        " 2017"
      ]
    },
    {
      "REQ_subtype": "",
      "REQ_type": "",
      "_id": 137,
      "author_id": "not defined",
      "author_name": "Nina Plemenos",
      "helpful": "0",
      "polarity": "",
      "rate": 1,
      "response": "",
      "response_date": "",
      "review": "This app sucks it doesn't let me post and there are barely any finders if any. Don't buy.",
      "review_date": [
        "February",
        "7",
        " 2018"
      ]
    },
    {
      "REQ_subtype": "",
      "REQ_type": "",
      "_id": 138,
      "author_id": "not defined",
      "author_name": "A Google user",
      "helpful": "0",
      "polarity": "",
      "rate": 2,
      "response": "",
      "response_date": "",
      "review": "every time I open the app i have to log back in!\ud83d\udc4e\ud83d\udc4e\ud83d\udc4eAlso, my custom feed will never load!!",
      "review_date": [
        "September",
        "29",
        " 2017"
      ]
    },
    {
      "REQ_subtype": "",
      "REQ_type": "",
      "_id": 139,
      "author_id": "not defined",
      "author_name": "Katie Walker",
      "helpful": "1",
      "polarity": "",
      "rate": 5,
      "response": "",
      "response_date": "",
      "review": "This app has changed my life it's so so so good",
      "review_date": [
        "April",
        "3",
        " 2016"
      ]
    },
    {
      "REQ_subtype": "",
      "REQ_type": "",
      "_id": 140,
      "author_id": "not defined",
      "author_name": "Tracey Coburn",
      "helpful": "0",
      "polarity": "",
      "rate": 5,
      "response": "",
      "response_date": "",
      "review": "I love this app, you find great deals on the cutest clothes. If you love clothes, I'd definitely recommend it",
      "review_date": [
        "April",
        "1",
        " 2016"
      ]
    },
    {
      "REQ_subtype": "",
      "REQ_type": "",
      "_id": 141,
      "author_id": "not defined",
      "author_name": "Shona Spetrini",
      "helpful": "0",
      "polarity": "",
      "rate": 2,
      "response": "",
      "response_date": "",
      "review": "wont let me post anything to ask for people to hunt!:( that is the whole point of the app",
      "review_date": [
        "January",
        "23",
        " 2018"
      ]
    },
    {
      "REQ_subtype": "",
      "REQ_type": "",
      "_id": 142,
      "author_id": "not defined",
      "author_name": "Isabea Andrade",
      "helpful": "1",
      "polarity": "",
      "rate": 5,
      "response": "",
      "response_date": "",
      "review": "So far I've found everything I obsessed",
      "review_date": [
        "April",
        "30",
        " 2016"
      ]
    },
    {
      "REQ_subtype": "",
      "REQ_type": "",
      "_id": 143,
      "author_id": "not defined",
      "author_name": "Markel",
      "helpful": "0",
      "polarity": "",
      "rate": 4,
      "response": "",
      "response_date": "",
      "review": "Its great but takes forever to load and stops working sometimes.",
      "review_date": [
        "November",
        "11",
        " 2016"
      ]
    },
    {
      "REQ_subtype": "",
      "REQ_type": "",
      "_id": 144,
      "author_id": "not defined",
      "author_name": "Tricia Boyle",
      "helpful": "0",
      "polarity": "",
      "rate": 1,
      "response": "",
      "response_date": "",
      "review": "Won't log in. Useless.",
      "review_date": [
        "May",
        "6",
        " 2018"
      ]
    },
    {
      "REQ_subtype": "",
      "REQ_type": "",
      "_id": 145,
      "author_id": "not defined",
      "author_name": "bd b",
      "helpful": "0",
      "polarity": "",
      "rate": 5,
      "response": "",
      "response_date": "",
      "review": "This app is sooooooo great!!! It makes shopping for the things I want so much easier",
      "review_date": [
        "May",
        "1",
        " 2016"
      ]
    },
    {
      "REQ_subtype": "",
      "REQ_type": "",
      "_id": 146,
      "author_id": "not defined",
      "author_name": "Cory Taylor",
      "helpful": "0",
      "polarity": "",
      "rate": 5,
      "response": "",
      "response_date": "",
      "review": "If i want to find a outfit I post it and the hunt community finds it for me.",
      "review_date": [
        "August",
        "2",
        " 2016"
      ]
    },
    {
      "REQ_subtype": "",
      "REQ_type": "",
      "_id": 147,
      "author_id": "not defined",
      "author_name": "Vitton Lucifer",
      "helpful": "0",
      "polarity": "",
      "rate": 5,
      "response": "",
      "response_date": "",
      "review": "That's what I need. Help me to find some clothes I saw others wear.",
      "review_date": [
        "January",
        "27",
        " 2018"
      ]
    },
    {
      "REQ_subtype": "",
      "REQ_type": "",
      "_id": 148,
      "author_id": "not defined",
      "author_name": "Lee Beech",
      "helpful": "0",
      "polarity": "",
      "rate": 1,
      "response": "",
      "response_date": "",
      "review": "The app doesn't even start on my S8. It never gets past the login screen.",
      "review_date": [
        "March",
        "6",
        " 2018"
      ]
    },
    {
      "REQ_subtype": "",
      "REQ_type": "",
      "_id": 149,
      "author_id": "not defined",
      "author_name": "Deema Al Shaibani",
      "helpful": "0",
      "polarity": "",
      "rate": 5,
      "response": "",
      "response_date": "",
      "review": "An amazing app .. I can find any piece of clothing in the matter of less than a week",
      "review_date": [
        "April",
        "16",
        " 2016"
      ]
    },
    {
      "REQ_subtype": "",
      "REQ_type": "",
      "_id": 150,
      "author_id": "not defined",
      "author_name": "A Google user",
      "helpful": "0",
      "polarity": "",
      "rate": 1,
      "response": "",
      "response_date": "",
      "review": "It won't let me post anything as I'm \"not logged in\"  but I am logged in.",
      "review_date": [
        "December",
        "1",
        " 2017"
      ]
    },
    {
      "REQ_subtype": "",
      "REQ_type": "",
      "_id": 151,
      "author_id": "not defined",
      "author_name": "Marisabel Adon",
      "helpful": "0",
      "polarity": "",
      "rate": 5,
      "response": "",
      "response_date": "",
      "review": "It's great for people who have a sense of style that you can't find in stores",
      "review_date": [
        "November",
        "9",
        " 2016"
      ]
    },
    {
      "REQ_subtype": "",
      "REQ_type": "",
      "_id": 152,
      "author_id": "not defined",
      "author_name": "Samantha Golden",
      "helpful": "0",
      "polarity": "",
      "rate": 3,
      "response": "",
      "response_date": "",
      "review": "I love giving advice to people, but the pictures and polls take so long to load.",
      "review_date": [
        "September",
        "15",
        " 2017"
      ]
    },
    {
      "REQ_subtype": "",
      "REQ_type": "",
      "_id": 153,
      "author_id": "not defined",
      "author_name": "Sophie O'Hare",
      "helpful": "0",
      "polarity": "",
      "rate": 1,
      "response": "",
      "response_date": "",
      "review": "Whenever I tried to start a hunt it said I needed to log in yet I was logged in.",
      "review_date": [
        "April",
        "16",
        " 2017"
      ]
    },
    {
      "REQ_subtype": "",
      "REQ_type": "",
      "_id": 154,
      "author_id": "not defined",
      "author_name": "vic grande",
      "helpful": "0",
      "polarity": "",
      "rate": 1,
      "response": "",
      "response_date": "",
      "review": "tries to post a looking for but asks me to log in even though i have :/",
      "review_date": [
        "October",
        "9",
        " 2017"
      ]
    },
    {
      "REQ_subtype": "",
      "REQ_type": "",
      "_id": 155,
      "author_id": "not defined",
      "author_name": "Henna K",
      "helpful": "0",
      "polarity": "",
      "rate": 1,
      "response": "",
      "response_date": "",
      "review": "Not letting me log in",
      "review_date": [
        "December",
        "31",
        " 2016"
      ]
    },
    {
      "REQ_subtype": "",
      "REQ_type": "",
      "_id": 156,
      "author_id": "not defined",
      "author_name": "Gabby Tadlock",
      "helpful": "0",
      "polarity": "",
      "rate": 5,
      "response": "",
      "response_date": "",
      "review": "I find great ideas and I get answers back for my hunts very quickly.",
      "review_date": [
        "May",
        "5",
        " 2016"
      ]
    },
    {
      "REQ_subtype": "",
      "REQ_type": "",
      "_id": 157,
      "author_id": "not defined",
      "author_name": "Makaio 808",
      "helpful": "0",
      "polarity": "",
      "rate": 1,
      "response": "",
      "response_date": "",
      "review": "I tried deleting my account but it won't let me.",
      "review_date": [
        "February",
        "4",
        " 2017"
      ]
    },
    {
      "REQ_subtype": "",
      "REQ_type": "",
      "_id": 158,
      "author_id": "not defined",
      "author_name": "Jamie Floyd",
      "helpful": "1",
      "polarity": "",
      "rate": 5,
      "response": "",
      "response_date": "",
      "review": "I love this app!\u2661 it's so awesome!!#",
      "review_date": [
        "April",
        "8",
        " 2016"
      ]
    },
    {
      "REQ_subtype": "",
      "REQ_type": "",
      "_id": 159,
      "author_id": "not defined",
      "author_name": "Aislinn Dorgan",
      "helpful": "1",
      "polarity": "",
      "rate": 5,
      "response": "",
      "response_date": "",
      "review": "It's so good. It helps to wear in the morning",
      "review_date": [
        "May",
        "7",
        " 2016"
      ]
    }
  ],
  "size": "21",
  "url": "https://play.google.com/store/apps/details?id=thehunt.shoptap.thehunt",
  "version": "1.8.12"
}