{
  "categories": [
    "Shopping"
  ],
  "description": "YOOX, the world\u2019s leading online lifestyle store for Fashion, Design and Art, is now at your fingertips with a new and improved smartphone app for a personalized shopping experience and even easier navigation\u2022 Register with your personal account to receive the latest YOOX updates and promotions in real time\u2022 Searching for the perfect look? Check out our exclusive \u201cGet inspired\u201d section in the upper left menu where you can play with our suggestions and the style of fashion world insiders\u2022 Access your Dream Box and save your favorite pieces to buy them later\u2022 Use filters to explore the entire selection and find exactly what you\u2019re looking for among a unique assortment for men, women and children\u2022 See all of the information on the product you want thanks to a completely renewed and intuitive interface\u2022 Easily browse the selection of new arrivals and discover the collections of the most famous designers and best brands, in addition to a rare assortment of design objects, books and creations by international artists every day",
  "inc": "YOOX Group",
  "intalled_count": "1,000,000",
  "last_update": [
    "June",
    "19",
    " 2018"
  ],
  "name": "YOOX - Fashion, Design and Art",
  "offered_by": "Google Commerce Ltd",
  "permissions": {
    "Photos/Media/Files": [
      "read the contents of your USB storage",
      "modify or delete the contents of your USB storage"
    ],
    "Storage": [
      "read the contents of your USB storage",
      "modify or delete the contents of your USB storage"
    ],
    "Camera": [
      "take pictures and videos"
    ],
    "Wi-Fi connection information": [
      "view Wi-Fi connections"
    ],
    "Other": [
      "full license to interact across users",
      "receive data from Internet",
      "view network connections",
      "full network access",
      "run at startup",
      "use accounts on the device",
      "control vibration",
      "prevent device from sleeping",
      "read Google service configuration"
    ]
  },
  "price": "",
  "rate": [
    [
      "5,925",
      "4.0"
    ],
    [
      "3,398",
      "5"
    ],
    [
      "986",
      "4"
    ],
    [
      "490",
      "3"
    ],
    [
      "301",
      "2"
    ],
    [
      "750",
      "1"
    ]
  ],
  "required_android": "5.0",
  "reviews": [
    {
      "REQ_subtype": "",
      "REQ_type": "",
      "_id": 0,
      "author_id": "not defined",
      "author_name": "Joost Keirsgieter",
      "helpful": "6",
      "polarity": "",
      "rate": 1,
      "response": "Thank you for your comments. We strongly encourage you to keep in touch with our Customer Care team for assistance and follow their instructions.",
      "response_date": [
        "July",
        "9",
        " 2018"
      ],
      "review": "Bought some clothes and they were dirty and some of them still had \nantitheft marks on them When i contacted the customer service they said \nthis wasnt possible and i couldnt return the items",
      "review_date": [
        "July",
        "3",
        " 2018"
      ]
    },
    {
      "REQ_subtype": "",
      "REQ_type": "",
      "_id": 1,
      "author_id": "not defined",
      "author_name": "A Google user",
      "helpful": "0",
      "polarity": "",
      "rate": 1,
      "response": "We are sorry to hear you are facing issues with our app. You can send us a message to appfeedback@yoox.com and we'll do our best to help. The more details you can include about your problem, the better we can assist you!",
      "response_date": [
        "June",
        "11",
        " 2018"
      ],
      "review": "this app doesnt work hard to buy stuff from this company on an app that wont work",
      "review_date": [
        "June",
        "9",
        " 2018"
      ]
    },
    {
      "REQ_subtype": "",
      "REQ_type": "",
      "_id": 2,
      "author_id": "not defined",
      "author_name": "sugunaselvaan sugunaselvaan32",
      "helpful": "0",
      "polarity": "",
      "rate": 1,
      "response": "",
      "response_date": "",
      "review": "1 no (onrum illai) Tamil nadu(India)",
      "review_date": [
        "June",
        "9",
        " 2018"
      ]
    },
    {
      "REQ_subtype": "",
      "REQ_type": "",
      "_id": 3,
      "author_id": "not defined",
      "author_name": "Awal K. Dafirst",
      "helpful": "4",
      "polarity": "",
      "rate": 1,
      "response": "We are sorry to hear you are facing issues with our app. You can send us a message (using appropriate language) to appfeedback@yoox.com and we'll do our best to help. The more details you can include about your problem, the better we can assist you!",
      "response_date": [
        "June",
        "11",
        " 2018"
      ],
      "review": "Dissapointed!!! How on earth a company like Yoox will have such a crappy \napp. You will be able to see your dreambox but you can't see what's inside \nyour shopping cart to make a purchase!! Really? Yet yoox is encouraging its \ncustomers to use the app!",
      "review_date": [
        "June",
        "6",
        " 2018"
      ]
    },
    {
      "REQ_subtype": "",
      "REQ_type": "",
      "_id": 4,
      "author_id": "not defined",
      "author_name": "A Google user",
      "helpful": "0",
      "polarity": "",
      "rate": 1,
      "response": "We are sorry to hear you are facing issues with our app. You can send us a message to appfeedback@yoox.com and we'll do our best to help. The more details you can include about your problem, the better we can assist you!",
      "response_date": [
        "June",
        "1",
        " 2018"
      ],
      "review": "The search function does not work. When I enter the filter options and \npress 'show results' it says 'no results corresponding to your query', \nalthough the filters applied are few and simple. It will also often show me \nitems that I've already seen before in the scroll down.",
      "review_date": [
        "May",
        "31",
        " 2018"
      ]
    },
    {
      "REQ_subtype": "",
      "REQ_type": "",
      "_id": 5,
      "author_id": "not defined",
      "author_name": "Vienas Lietuvis",
      "helpful": "0",
      "polarity": "",
      "rate": 1,
      "response": "Thank you for your comments. We suggest you to keep in touch with our Customer Care team for assistance and to avoid any misunderstandings",
      "response_date": [
        "May",
        "7",
        " 2018"
      ],
      "review": "Seller to be avoided. Placed order four days ago, today still \"under preparation\". Tried to cancel the order, the only way to contact them is via a web contact form and guess what - all attempts to send a message that way were rejected with a suggestion to try later! Then I read the fine print: they will charge you for return shipping no matter what! This information is well hidden on their site, not under return information but in legal terms. I get the logic: they don't let you cancel and when they ship your unwanted order (whenever that happens - maybe next year?) they charge you for it. No thanks, I'll continue shopping with Amazon and Zalando.",
      "review_date": [
        "April",
        "26",
        " 2018"
      ]
    },
    {
      "REQ_subtype": "",
      "REQ_type": "",
      "_id": 6,
      "author_id": "not defined",
      "author_name": "Nino Allen",
      "helpful": "0",
      "polarity": "",
      "rate": 1,
      "response": "We are sorry to hear you are facing issues with our app. You can send us a message to appfeedback@yoox.com and we'll do our best to help. The more details you can include about your problem, the better we can assist you!",
      "response_date": [
        "March",
        "27",
        " 2018"
      ],
      "review": "Had this app for all of 2 mins. Typed in mens in the search bar and it brought up all kinds of dresses and blouses. This app is trash unless you just want to spend a load of money on thing everyone else reject",
      "review_date": [
        "March",
        "26",
        " 2018"
      ]
    },
    {
      "REQ_subtype": "",
      "REQ_type": "",
      "_id": 7,
      "author_id": "not defined",
      "author_name": "Ola La",
      "helpful": "7",
      "polarity": "",
      "rate": 5,
      "response": "",
      "response_date": "",
      "review": "I just love Yoox. For 10 years already :D",
      "review_date": [
        "April",
        "24",
        " 2018"
      ]
    },
    {
      "REQ_subtype": "",
      "REQ_type": "",
      "_id": 8,
      "author_id": "not defined",
      "author_name": "A Google user",
      "helpful": "2",
      "polarity": "",
      "rate": 1,
      "response": "",
      "response_date": "",
      "review": "Over priced for same things i can get off wish 10 times cheaper with better \nor same quality",
      "review_date": [
        "April",
        "26",
        " 2018"
      ]
    },
    {
      "REQ_subtype": "",
      "REQ_type": "",
      "_id": 9,
      "author_id": "not defined",
      "author_name": "Sean White",
      "helpful": "30",
      "polarity": "",
      "rate": 4,
      "response": "",
      "response_date": "",
      "review": "Not enough mens items and it's not exactly the best value for your money either!!!",
      "review_date": [
        "February",
        "21",
        " 2018"
      ]
    },
    {
      "REQ_subtype": "",
      "REQ_type": "",
      "_id": 10,
      "author_id": "not defined",
      "author_name": "A Google user",
      "helpful": "0",
      "polarity": "",
      "rate": 1,
      "response": "",
      "response_date": "",
      "review": "Oh my God. 2 2 2 2 2 2 2 2 expensive  Im living in Germany. If iwill go to Nike stor in D\u00fcsseldorf iwill never found this price",
      "review_date": [
        "February",
        "6",
        " 2018"
      ]
    },
    {
      "REQ_subtype": "",
      "REQ_type": "",
      "_id": 11,
      "author_id": "not defined",
      "author_name": "Gianna Mylona",
      "helpful": "0",
      "polarity": "",
      "rate": 2,
      "response": "Thank you for your comments. Returns are free if you follow our Return Policy terms and conditions. We suggest you to get in touch with our Customer Care team for more information and assistance",
      "response_date": [
        "March",
        "5",
        " 2018"
      ],
      "review": "Filters are very poor and even when you select your size for example in the filters, you still get items in the results that are not available in your size.",
      "review_date": [
        "March",
        "6",
        " 2018"
      ]
    },
    {
      "REQ_subtype": "",
      "REQ_type": "",
      "_id": 12,
      "author_id": "not defined",
      "author_name": "A Google user",
      "helpful": "0",
      "polarity": "",
      "rate": 5,
      "response": "",
      "response_date": "",
      "review": "Si trovano capi di abbigliamento di alto livello a prezzi ottimi",
      "review_date": [
        "January",
        "31",
        " 2018"
      ]
    },
    {
      "REQ_subtype": "",
      "REQ_type": "",
      "_id": 13,
      "author_id": "not defined",
      "author_name": "A Google user",
      "helpful": "0",
      "polarity": "",
      "rate": 1,
      "response": "We are sorry to hear you are facing issues with our app. You can send a message to appfeedback@yoox.com and we'll do our best to help. The more details you can include about your probem, the better we can assist you!",
      "response_date": [
        "July",
        "6",
        " 2017"
      ],
      "review": "Horrible customer service whenever I experience issues, and recently it's been more frequent. The app functionality is poor. Product page doesn't indicate final sale. Filtering doesn't work that well (will throw in backpacks when viewing tops and show items priced way outside the range set in the filter). Pricing in the shopping cart is laid out in a very confusing way. You can't see what the base price was, how much was reduced through an active sale, how much from an applied coupon, etc. Other usability issues.",
      "review_date": [
        "January",
        "27",
        " 2018"
      ]
    },
    {
      "REQ_subtype": "",
      "REQ_type": "",
      "_id": 14,
      "author_id": "not defined",
      "author_name": "sutsumi1",
      "helpful": "0",
      "polarity": "",
      "rate": 3,
      "response": "",
      "response_date": "",
      "review": "Usually has good deals. But Good luck if they deliver the wrong product! Customer service asks for 3 weeks for any solution. They also advice you to not resubmit the order (yes, you will lose the chance to get the product if it is in demand).  There is no response if the return arrived in condition and any outlook of getting the desired product. Even a week after UPS proof of delivery at the warehouse. Some of the worst customer service among high end sellers",
      "review_date": [
        "December",
        "21",
        " 2017"
      ]
    },
    {
      "REQ_subtype": "",
      "REQ_type": "",
      "_id": 15,
      "author_id": "not defined",
      "author_name": "Ed Kasyan",
      "helpful": "21",
      "polarity": "",
      "rate": 1,
      "response": "We are sorry to hear you are facing issues with our app. You can send us a message to appfeedback@yoox.com and we'll do our best to help. The more details you can include about your problem, the better we can assist you!",
      "response_date": [
        "January",
        "11",
        " 2018"
      ],
      "review": "New version sucks. Saved items dissapeared from the dreambox. Spend time to refill it with the same items, ta da! Empty again, except sold items. Uninstall",
      "review_date": [
        "January",
        "5",
        " 2018"
      ]
    },
    {
      "REQ_subtype": "",
      "REQ_type": "",
      "_id": 16,
      "author_id": "not defined",
      "author_name": "Kevin J",
      "helpful": "0",
      "polarity": "",
      "rate": 5,
      "response": "",
      "response_date": "",
      "review": "I've been on this site for a while now. I absolutely love this site and I'm pretty sure I'll be shopping here for the rest of my life. Lots of great sales on very rare items.",
      "review_date": [
        "February",
        "3",
        " 2018"
      ]
    },
    {
      "REQ_subtype": "",
      "REQ_type": "",
      "_id": 17,
      "author_id": "not defined",
      "author_name": "simon jackson",
      "helpful": "0",
      "polarity": "",
      "rate": 1,
      "response": "",
      "response_date": "",
      "review": "Well overpriced for the UK, higher than rrp, pointless",
      "review_date": [
        "December",
        "26",
        " 2017"
      ]
    },
    {
      "REQ_subtype": "",
      "REQ_type": "",
      "_id": 18,
      "author_id": "not defined",
      "author_name": "Gijsbert van der Heijden",
      "helpful": "0",
      "polarity": "",
      "rate": 1,
      "response": "Thank you for your comments. We suggest you to get in touch with our Customer Care team for assistance",
      "response_date": [
        "January",
        "11",
        " 2018"
      ],
      "review": "Whatever I (male) try, I only get search results for women.?",
      "review_date": [
        "January",
        "10",
        " 2018"
      ]
    },
    {
      "REQ_subtype": "",
      "REQ_type": "",
      "_id": 19,
      "author_id": "not defined",
      "author_name": "Mathew Bolles",
      "helpful": "0",
      "polarity": "",
      "rate": 1,
      "response": "",
      "response_date": "",
      "review": "Wow, talk about overpriced!  However i did find a hat i liked, i tried to find out if it came in different sized, so instead of leaving bad review here i contacted customer service! RUDE RUDE RUDE, Treated my like trash, like i inconvenienced them for asking. Then to top it all off, they never answered my question. Uninstalling",
      "review_date": [
        "December",
        "8",
        " 2017"
      ]
    },
    {
      "REQ_subtype": "",
      "REQ_type": "",
      "_id": 20,
      "author_id": "not defined",
      "author_name": "Dee Land",
      "helpful": "0",
      "polarity": "",
      "rate": 1,
      "response": "",
      "response_date": "",
      "review": "Way over priced! You can find equal gold at Target or thrift store essentially for free with the same style",
      "review_date": [
        "December",
        "7",
        " 2017"
      ]
    },
    {
      "REQ_subtype": "",
      "REQ_type": "",
      "_id": 21,
      "author_id": "not defined",
      "author_name": "Marc Badran",
      "helpful": "0",
      "polarity": "",
      "rate": 1,
      "response": "",
      "response_date": "",
      "review": "Worst customer experience ever, very rude employees.. not fair",
      "review_date": [
        "December",
        "9",
        " 2017"
      ]
    },
    {
      "REQ_subtype": "",
      "REQ_type": "",
      "_id": 22,
      "author_id": "not defined",
      "author_name": "Shantel Earl",
      "helpful": "0",
      "polarity": "",
      "rate": 1,
      "response": "",
      "response_date": "",
      "review": "shows boots on advertising page f or app but says seaarch item not found .. items are over priced in c comparison  to store tags...",
      "review_date": [
        "December",
        "4",
        " 2017"
      ]
    },
    {
      "REQ_subtype": "",
      "REQ_type": "",
      "_id": 23,
      "author_id": "not defined",
      "author_name": "David V.",
      "helpful": "0",
      "polarity": "",
      "rate": 1,
      "response": "Thank you for your comments. We suggest you to get in touch with our Customer Care team for assistance",
      "response_date": [
        "December",
        "5",
        " 2017"
      ],
      "review": "Only lets me shop for womens shoes. Mens shoe category gives me high heels, for example",
      "review_date": [
        "December",
        "1",
        " 2017"
      ]
    },
    {
      "REQ_subtype": "",
      "REQ_type": "",
      "_id": 24,
      "author_id": "not defined",
      "author_name": "lazy al pacino",
      "helpful": "0",
      "polarity": "",
      "rate": 1,
      "response": "",
      "response_date": "",
      "review": "Waste of time",
      "review_date": [
        "December",
        "5",
        " 2017"
      ]
    },
    {
      "REQ_subtype": "",
      "REQ_type": "",
      "_id": 25,
      "author_id": "not defined",
      "author_name": "A Google user",
      "helpful": "0",
      "polarity": "",
      "rate": 1,
      "response": "Thanks for your comment, it will be forwarded and taken into consideration to improve our app",
      "response_date": [
        "November",
        "24",
        " 2017"
      ],
      "review": "Asked me to select country. But then no option for language. I live in Greece but am not Greek. Very limiting in the app, if I can't read it how can I use it. #bebetter",
      "review_date": [
        "November",
        "24",
        " 2017"
      ]
    },
    {
      "REQ_subtype": "",
      "REQ_type": "",
      "_id": 26,
      "author_id": "not defined",
      "author_name": "Riddhi Solanki",
      "helpful": "27",
      "polarity": "",
      "rate": 1,
      "response": "If you have experienced any issues while using the app, you can send us a message to appfeedback@yoox.com and we'll do our best to help. The more details you can include about your problem, the better we can assist you!",
      "response_date": [
        "November",
        "24",
        " 2017"
      ],
      "review": "Terrible",
      "review_date": [
        "November",
        "22",
        " 2017"
      ]
    },
    {
      "REQ_subtype": "",
      "REQ_type": "",
      "_id": 27,
      "author_id": "not defined",
      "author_name": "t n",
      "helpful": "0",
      "polarity": "",
      "rate": 5,
      "response": "",
      "response_date": "",
      "review": "\u914d\u9001\u306f\u9045\u3044\u304c\u3068\u306b\u304b\u304f\u5b89\u3044\uff01",
      "review_date": [
        "November",
        "17",
        " 2017"
      ]
    },
    {
      "REQ_subtype": "",
      "REQ_type": "",
      "_id": 28,
      "author_id": "not defined",
      "author_name": "Theodore Decker",
      "helpful": "0",
      "polarity": "",
      "rate": 1,
      "response": "We are sorry to hear you are facing issues with our app. You can send us a message to appfeedback@yoox.com and we'll do our best to help. The more details you can include about your problem, the better we can assist you!",
      "response_date": [
        "November",
        "15",
        " 2017"
      ],
      "review": "The app didn't work at all. What a waste of time.",
      "review_date": [
        "November",
        "14",
        " 2017"
      ]
    },
    {
      "REQ_subtype": "",
      "REQ_type": "",
      "_id": 29,
      "author_id": "not defined",
      "author_name": "Gursewak Singh",
      "helpful": "0",
      "polarity": "",
      "rate": 1,
      "response": "",
      "response_date": "",
      "review": "Bad",
      "review_date": [
        "November",
        "4",
        " 2017"
      ]
    },
    {
      "REQ_subtype": "",
      "REQ_type": "",
      "_id": 30,
      "author_id": "not defined",
      "author_name": "Sarnai Naran",
      "helpful": "0",
      "polarity": "",
      "rate": 3,
      "response": "Thank you for your comment. We suggest you to get in touch with our Customer Care team for assistance",
      "response_date": [
        "October",
        "9",
        " 2017"
      ],
      "review": "Only 7 items??? It's not enough!",
      "review_date": [
        "October",
        "9",
        " 2017"
      ]
    },
    {
      "REQ_subtype": "",
      "REQ_type": "",
      "_id": 31,
      "author_id": "not defined",
      "author_name": "Maha Hashem",
      "helpful": "0",
      "polarity": "",
      "rate": 5,
      "response": "",
      "response_date": "",
      "review": "please please increase the count of items anyone can put in wishlist. 50 not enough :))",
      "review_date": [
        "October",
        "4",
        " 2017"
      ]
    },
    {
      "REQ_subtype": "",
      "REQ_type": "",
      "_id": 32,
      "author_id": "not defined",
      "author_name": "santon xy",
      "helpful": "0",
      "polarity": "",
      "rate": 5,
      "response": "",
      "response_date": "",
      "review": "It works great for me :))",
      "review_date": [
        "September",
        "20",
        " 2017"
      ]
    },
    {
      "REQ_subtype": "",
      "REQ_type": "",
      "_id": 33,
      "author_id": "not defined",
      "author_name": "Dionne Ashley",
      "helpful": "0",
      "polarity": "",
      "rate": 3,
      "response": "We are sorry to hear you are facing issues with our app. You can send us a message to appfeedback@yoox.com and we'll do our best to help. The more details you include about the problem, the better we can assist you!",
      "response_date": [
        "September",
        "19",
        " 2017"
      ],
      "review": "The clothing is good but the filters are horrendous.  Why aren't the shoe sizes filtered, scrolling through thousands of item and finding most aren't even my size is annoying.  Also can't log in on app via email or FB. Please rectify",
      "review_date": [
        "September",
        "19",
        " 2017"
      ]
    },
    {
      "REQ_subtype": "",
      "REQ_type": "",
      "_id": 34,
      "author_id": "not defined",
      "author_name": "Ari Nejad",
      "helpful": "0",
      "polarity": "",
      "rate": 1,
      "response": "Thank you for your comments. We would suggest you get in touch with our Customer Care team for assistance",
      "response_date": [
        "August",
        "31",
        " 2017"
      ],
      "review": "I bough a shoe,I live in LA, took them 20 days to ship, after all that they sent me a WRONG COLOR & WRONG SIZE !!!!! I mean seriously??? Is this a joke or what???",
      "review_date": [
        "August",
        "31",
        " 2017"
      ]
    },
    {
      "REQ_subtype": "",
      "REQ_type": "",
      "_id": 35,
      "author_id": "not defined",
      "author_name": "johnny coole",
      "helpful": "0",
      "polarity": "",
      "rate": 3,
      "response": "Thank you for your comments. We suggest you to get in touch with our Customer Care team for assistance",
      "response_date": [
        "September",
        "18",
        " 2017"
      ],
      "review": "Does it ship to Norway",
      "review_date": [
        "September",
        "18",
        " 2017"
      ]
    },
    {
      "REQ_subtype": "",
      "REQ_type": "",
      "_id": 36,
      "author_id": "not defined",
      "author_name": "Jerry Francois",
      "helpful": "0",
      "polarity": "",
      "rate": 5,
      "response": "",
      "response_date": "",
      "review": "Love it",
      "review_date": [
        "August",
        "29",
        " 2017"
      ]
    },
    {
      "REQ_subtype": "",
      "REQ_type": "",
      "_id": 37,
      "author_id": "not defined",
      "author_name": "A Google user",
      "helpful": "0",
      "polarity": "",
      "rate": 1,
      "response": "We are sorry to hear you are facing issues with our app. You can send us a message to appfeedback@yoox.com and we'll do our best to help. The more details you can include about your problem, the better we can assist you!",
      "response_date": [
        "July",
        "21",
        " 2017"
      ],
      "review": "Cannot place order using moneyoox. App will not allow to complete order. Also I wanted to take advantage of \"free shipping\" purchase through the app- since I couldn't pay with moneyoox had to order through browser and pay for shipping. Called customer service- they told me there's nothing they are going to to about it.",
      "review_date": [
        "July",
        "21",
        " 2017"
      ]
    },
    {
      "REQ_subtype": "",
      "REQ_type": "",
      "_id": 38,
      "author_id": "not defined",
      "author_name": "Mandea Mandea",
      "helpful": "5",
      "polarity": "",
      "rate": 1,
      "response": "We are sorry to hear you are facing issues with our app. You can send us a message to appfeedback@yoox.com and we'll do our best to help. The more details you can include about your problem, the better we can assist you!",
      "response_date": [
        "December",
        "5",
        " 2017"
      ],
      "review": "The price filter is not working and many more",
      "review_date": [
        "November",
        "30",
        " 2017"
      ]
    },
    {
      "REQ_subtype": "",
      "REQ_type": "",
      "_id": 39,
      "author_id": "not defined",
      "author_name": "CARLOTTA PRIMAVERA",
      "helpful": "0",
      "polarity": "",
      "rate": 2,
      "response": "",
      "response_date": "",
      "review": "Keeps crashing... It should be fixed",
      "review_date": [
        "June",
        "11",
        " 2017"
      ]
    },
    {
      "REQ_subtype": "",
      "REQ_type": "",
      "_id": 40,
      "author_id": "not defined",
      "author_name": "Liliana Hernandez",
      "helpful": "0",
      "polarity": "",
      "rate": 5,
      "response": "",
      "response_date": "",
      "review": "I love this app yoox is the best",
      "review_date": [
        "August",
        "2",
        " 2017"
      ]
    },
    {
      "REQ_subtype": "",
      "REQ_type": "",
      "_id": 41,
      "author_id": "not defined",
      "author_name": "Nader Aghdami",
      "helpful": "0",
      "polarity": "",
      "rate": 5,
      "response": "",
      "response_date": "",
      "review": "\u0639\u0627\u0644\u06cc",
      "review_date": [
        "August",
        "2",
        " 2017"
      ]
    },
    {
      "REQ_subtype": "",
      "REQ_type": "",
      "_id": 42,
      "author_id": "not defined",
      "author_name": "Laura",
      "helpful": "0",
      "polarity": "",
      "rate": 3,
      "response": "",
      "response_date": "",
      "review": "I'm just annoyed with the error that I keep getting when trying to contact customer care: error, page not found. I have also tried via Google but nothing, it's like it doesn't exist anymore. Please fix the issue",
      "review_date": [
        "March",
        "19",
        " 2017"
      ]
    },
    {
      "REQ_subtype": "",
      "REQ_type": "",
      "_id": 43,
      "author_id": "not defined",
      "author_name": "pierpaolo rapana",
      "helpful": "0",
      "polarity": "",
      "rate": 1,
      "response": "",
      "response_date": "",
      "review": "They advertised a 25% discount + 15% with a promo code. After browsing for hours to chose the items the discounts did not apply to the shopping bag. I wrote to customer service and they replied after the promotion was over saying they could not help. Waste of time. I used this app for years but now there is no personal service at all. I hope they fix it since this was my favorite online shop",
      "review_date": [
        "April",
        "17",
        " 2017"
      ]
    },
    {
      "REQ_subtype": "",
      "REQ_type": "",
      "_id": 44,
      "author_id": "not defined",
      "author_name": "Tudor Kovacs",
      "helpful": "0",
      "polarity": "",
      "rate": 1,
      "response": "",
      "response_date": "",
      "review": "It was just impossible to log in. It tells me wrong email and password. I can log in just fine on my desktop computer.",
      "review_date": [
        "March",
        "28",
        " 2017"
      ]
    },
    {
      "REQ_subtype": "",
      "REQ_type": "",
      "_id": 45,
      "author_id": "not defined",
      "author_name": "Lm defelilo",
      "helpful": "0",
      "polarity": "",
      "rate": 2,
      "response": "",
      "response_date": "",
      "review": "Filters and search do not work properly. You can check your options but then it just doesn't apply them",
      "review_date": [
        "April",
        "17",
        " 2017"
      ]
    },
    {
      "REQ_subtype": "",
      "REQ_type": "",
      "_id": 46,
      "author_id": "not defined",
      "author_name": "Rockit",
      "helpful": "0",
      "polarity": "",
      "rate": 1,
      "response": "",
      "response_date": "",
      "review": "Very hard to use and can't see the details I need to choose items",
      "review_date": [
        "May",
        "7",
        " 2017"
      ]
    },
    {
      "REQ_subtype": "",
      "REQ_type": "",
      "_id": 47,
      "author_id": "not defined",
      "author_name": "Artur Grigoryan",
      "helpful": "0",
      "polarity": "",
      "rate": 5,
      "response": "",
      "response_date": "",
      "review": "Good brands, excellent prices, almost all products are made in Italy and high quality ! Easy returns. Would definitely recommend it to family and friends!",
      "review_date": [
        "March",
        "26",
        " 2017"
      ]
    },
    {
      "REQ_subtype": "",
      "REQ_type": "",
      "_id": 48,
      "author_id": "not defined",
      "author_name": "Phyllis Ho",
      "helpful": "0",
      "polarity": "",
      "rate": 1,
      "response": "",
      "response_date": "",
      "review": "Can't make payment at all.",
      "review_date": [
        "May",
        "6",
        " 2017"
      ]
    },
    {
      "REQ_subtype": "",
      "REQ_type": "",
      "_id": 49,
      "author_id": "not defined",
      "author_name": "Zollie Perry",
      "helpful": "0",
      "polarity": "",
      "rate": 5,
      "response": "",
      "response_date": "",
      "review": "Good app",
      "review_date": [
        "February",
        "21",
        " 2017"
      ]
    },
    {
      "REQ_subtype": "",
      "REQ_type": "",
      "_id": 50,
      "author_id": "not defined",
      "author_name": "A Google user",
      "helpful": "0",
      "polarity": "",
      "rate": 3,
      "response": "",
      "response_date": "",
      "review": "Updated...app is still buggy...exchange button does not work when trying to exchange for another size... When using app to exchange for different size, the app shows size not available and return/refund is the only option.  Searching by search function shows otherwise...other sizes are available.  Constantly have to call customer care to make exchanges.",
      "review_date": [
        "January",
        "12",
        " 2017"
      ]
    },
    {
      "REQ_subtype": "",
      "REQ_type": "",
      "_id": 51,
      "author_id": "not defined",
      "author_name": "Alaa Obeid",
      "helpful": "0",
      "polarity": "",
      "rate": 1,
      "response": "",
      "response_date": "",
      "review": "Don't install...they send dirty stained clothes and charge you for returns...it happened twice...and are rude during calls...",
      "review_date": [
        "January",
        "31",
        " 2017"
      ]
    },
    {
      "REQ_subtype": "",
      "REQ_type": "",
      "_id": 52,
      "author_id": "not defined",
      "author_name": "Josh Reza Bryner JR",
      "helpful": "0",
      "polarity": "",
      "rate": 5,
      "response": "",
      "response_date": "",
      "review": "Remember that. This a how to buy.Return back",
      "review_date": [
        "November",
        "10",
        " 2016"
      ]
    },
    {
      "REQ_subtype": "",
      "REQ_type": "",
      "_id": 53,
      "author_id": "not defined",
      "author_name": "Andrea Corvi",
      "helpful": "0",
      "polarity": "",
      "rate": 4,
      "response": "",
      "response_date": "",
      "review": "Ok",
      "review_date": [
        "November",
        "17",
        " 2016"
      ]
    },
    {
      "REQ_subtype": "",
      "REQ_type": "",
      "_id": 54,
      "author_id": "not defined",
      "author_name": "Zephy Chin",
      "helpful": "0",
      "polarity": "",
      "rate": 2,
      "response": "",
      "response_date": "",
      "review": "I can't even view the products I see the thumbnail and when I want to go into the product and view full detail it seizes and restarts the whole app. Please fix this bug",
      "review_date": [
        "November",
        "29",
        " 2016"
      ]
    },
    {
      "REQ_subtype": "",
      "REQ_type": "",
      "_id": 55,
      "author_id": "not defined",
      "author_name": "Igor Tkalia",
      "helpful": "0",
      "polarity": "",
      "rate": 2,
      "response": "",
      "response_date": "",
      "review": "I wanna see my saved clothes, but it tells me to log in when I try to do that, I get pop that I am already logged in",
      "review_date": [
        "October",
        "13",
        " 2016"
      ]
    },
    {
      "REQ_subtype": "",
      "REQ_type": "",
      "_id": 56,
      "author_id": "not defined",
      "author_name": "A Google user",
      "helpful": "0",
      "polarity": "",
      "rate": 1,
      "response": "",
      "response_date": "",
      "review": "Won't let me pay\uff1f\uff01buying somewhere else... tough luck!",
      "review_date": [
        "October",
        "31",
        " 2016"
      ]
    },
    {
      "REQ_subtype": "",
      "REQ_type": "",
      "_id": 57,
      "author_id": "not defined",
      "author_name": "Terri Martin",
      "helpful": "0",
      "polarity": "",
      "rate": 5,
      "response": "",
      "response_date": "",
      "review": "Fashion Passions",
      "review_date": [
        "November",
        "27",
        " 2016"
      ]
    },
    {
      "REQ_subtype": "",
      "REQ_type": "",
      "_id": 58,
      "author_id": "not defined",
      "author_name": "Galania S",
      "helpful": "0",
      "polarity": "",
      "rate": 3,
      "response": "",
      "response_date": "",
      "review": "Problems with log in! Loging out itself! Do not recognising my password! Have changed the password - doesn't help. I uninstalled and installed again the app, but the same thing. What is the problem?",
      "review_date": [
        "September",
        "30",
        " 2016"
      ]
    },
    {
      "REQ_subtype": "",
      "REQ_type": "",
      "_id": 59,
      "author_id": "not defined",
      "author_name": "Lizard King",
      "helpful": "0",
      "polarity": "",
      "rate": 2,
      "response": "",
      "response_date": "",
      "review": "This update, like the recent update to the website, has only made things worse. I'm not someone who fears change and every time an app updates it takes time to get used to the changes. This update just doesn't improve upon the previous version and isn't nice to navigate.",
      "review_date": [
        "September",
        "16",
        " 2016"
      ]
    },
    {
      "REQ_subtype": "",
      "REQ_type": "",
      "_id": 60,
      "author_id": "not defined",
      "author_name": "noor alwelayh",
      "helpful": "0",
      "polarity": "",
      "rate": 4,
      "response": "",
      "response_date": "",
      "review": "\ud83d\udc4d",
      "review_date": [
        "September",
        "21",
        " 2016"
      ]
    },
    {
      "REQ_subtype": "",
      "REQ_type": "",
      "_id": 61,
      "author_id": "not defined",
      "author_name": "First Last",
      "helpful": "0",
      "polarity": "",
      "rate": 5,
      "response": "",
      "response_date": "",
      "review": "I changed my one star to five stars.  Some of their policies are inconvenient, but the deals cannot be denied.",
      "review_date": [
        "September",
        "13",
        " 2016"
      ]
    },
    {
      "REQ_subtype": "",
      "REQ_type": "",
      "_id": 62,
      "author_id": "not defined",
      "author_name": "nakanishi ferry rose",
      "helpful": "12",
      "polarity": "",
      "rate": 1,
      "response": "",
      "response_date": "",
      "review": "I need to finish shopping but it wont let me register my address so how can i shop here? Tried it hundred times but it says error\ud83d\ude12 Will they fix this tomorrow after the 15%off sale? Got it! this app is just a propaganda\ud83d\ude12 Delete the app and just shop the way i was doing it in mobile site",
      "review_date": [
        "May",
        "8",
        " 2016"
      ]
    },
    {
      "REQ_subtype": "",
      "REQ_type": "",
      "_id": 63,
      "author_id": "not defined",
      "author_name": "Arthur Shogenoff",
      "helpful": "5",
      "polarity": "",
      "rate": 2,
      "response": "",
      "response_date": "",
      "review": "Unusable for tablets.",
      "review_date": [
        "May",
        "10",
        " 2016"
      ]
    },
    {
      "REQ_subtype": "",
      "REQ_type": "",
      "_id": 64,
      "author_id": "not defined",
      "author_name": "Amarjit Singh",
      "helpful": "16",
      "polarity": "",
      "rate": 1,
      "response": "",
      "response_date": "",
      "review": "It is soo temprementle, doesn't let me log in, doesn't add things to my dream box sometimes, never received extra 5% off for using app, doesn't allow me to flick from product to product, have to come off that page and the physically click next product. Shame because been using Yoox since they started.",
      "review_date": [
        "March",
        "1",
        " 2016"
      ]
    },
    {
      "REQ_subtype": "",
      "REQ_type": "",
      "_id": 65,
      "author_id": "not defined",
      "author_name": "MOSCOW USA",
      "helpful": "7",
      "polarity": "",
      "rate": 3,
      "response": "",
      "response_date": "",
      "review": "Errors out every time.",
      "review_date": [
        "March",
        "5",
        " 2016"
      ]
    },
    {
      "REQ_subtype": "",
      "REQ_type": "",
      "_id": 66,
      "author_id": "not defined",
      "author_name": "Lovbeing Black",
      "helpful": "0",
      "polarity": "",
      "rate": 5,
      "response": "",
      "response_date": "",
      "review": "Real recognize real (RrR)",
      "review_date": [
        "March",
        "21",
        " 2016"
      ]
    },
    {
      "REQ_subtype": "",
      "REQ_type": "",
      "_id": 67,
      "author_id": "not defined",
      "author_name": "Henrique Toh",
      "helpful": "2",
      "polarity": "",
      "rate": 4,
      "response": "",
      "response_date": "",
      "review": "Love it!!! Easy to shop and best of all is the \"MYOOX\" section where I can see my item purchases with pictures. Only problem with the apps is that unable to clear the search results else would have given it 5 STARS.",
      "review_date": [
        "November",
        "28",
        " 2015"
      ]
    },
    {
      "REQ_subtype": "",
      "REQ_type": "",
      "_id": 68,
      "author_id": "not defined",
      "author_name": "Edward Gucewicz",
      "helpful": "2",
      "polarity": "",
      "rate": 1,
      "response": "",
      "response_date": "",
      "review": "Yoox, this abysmal app keeps not allowing me in due to a technical error. I want to spend money here, yoox you should do something!",
      "review_date": [
        "December",
        "22",
        " 2015"
      ]
    },
    {
      "REQ_subtype": "",
      "REQ_type": "",
      "_id": 69,
      "author_id": "not defined",
      "author_name": "VICKY MARTINOU",
      "helpful": "6",
      "polarity": "",
      "rate": 1,
      "response": "",
      "response_date": "",
      "review": "Cannot open the app most of the times due to technical error... I am frequent customer of the site, but this app is crap...",
      "review_date": [
        "November",
        "15",
        " 2015"
      ]
    },
    {
      "REQ_subtype": "",
      "REQ_type": "",
      "_id": 70,
      "author_id": "not defined",
      "author_name": "A Google user",
      "helpful": "9",
      "polarity": "",
      "rate": 2,
      "response": "",
      "response_date": "",
      "review": "The app keeps crashing and freezes on occasions. Not the best shopping experience.",
      "review_date": [
        "January",
        "13",
        " 2016"
      ]
    },
    {
      "REQ_subtype": "",
      "REQ_type": "",
      "_id": 71,
      "author_id": "not defined",
      "author_name": "Hans Chuang",
      "helpful": "3",
      "polarity": "",
      "rate": 1,
      "response": "",
      "response_date": "",
      "review": "Haven't been able to get it to work even once. Crashes as soon as I open it.",
      "review_date": [
        "January",
        "27",
        " 2016"
      ]
    },
    {
      "REQ_subtype": "",
      "REQ_type": "",
      "_id": 72,
      "author_id": "not defined",
      "author_name": "Laura Abulkhairova",
      "helpful": "4",
      "polarity": "",
      "rate": 1,
      "response": "",
      "response_date": "",
      "review": "This could be a great app if worked properly, however it would not me let to even log in. ..",
      "review_date": [
        "December",
        "29",
        " 2015"
      ]
    },
    {
      "REQ_subtype": "",
      "REQ_type": "",
      "_id": 73,
      "author_id": "not defined",
      "author_name": "Francis Holmes",
      "helpful": "0",
      "polarity": "",
      "rate": 1,
      "response": "",
      "response_date": "",
      "review": "Application froze on log in page. Re downloaded, but won't work any more.",
      "review_date": [
        "February",
        "21",
        " 2016"
      ]
    },
    {
      "REQ_subtype": "",
      "REQ_type": "",
      "_id": 74,
      "author_id": "not defined",
      "author_name": "Anna S",
      "helpful": "4",
      "polarity": "",
      "rate": 5,
      "response": "",
      "response_date": "",
      "review": "Best online shopping experience!",
      "review_date": [
        "January",
        "11",
        " 2016"
      ]
    },
    {
      "REQ_subtype": "",
      "REQ_type": "",
      "_id": 75,
      "author_id": "not defined",
      "author_name": "sis c",
      "helpful": "1",
      "polarity": "",
      "rate": 5,
      "response": "",
      "response_date": "",
      "review": "Awesome experience in shopping",
      "review_date": [
        "August",
        "15",
        " 2016"
      ]
    },
    {
      "REQ_subtype": "",
      "REQ_type": "",
      "_id": 76,
      "author_id": "not defined",
      "author_name": "Rita Ellis",
      "helpful": "0",
      "polarity": "",
      "rate": 5,
      "response": "",
      "response_date": "",
      "review": "Beautiful",
      "review_date": [
        "January",
        "11",
        " 2016"
      ]
    },
    {
      "REQ_subtype": "",
      "REQ_type": "",
      "_id": 77,
      "author_id": "not defined",
      "author_name": "Nina Wirasatria Md Husni",
      "helpful": "1",
      "polarity": "",
      "rate": 2,
      "response": "",
      "response_date": "",
      "review": "Once you exit the app, you'll have to sign in again the next time you start it up. What a waste of my time.",
      "review_date": [
        "October",
        "31",
        " 2015"
      ]
    },
    {
      "REQ_subtype": "",
      "REQ_type": "",
      "_id": 78,
      "author_id": "not defined",
      "author_name": "pun poon",
      "helpful": "2",
      "polarity": "",
      "rate": 3,
      "response": "",
      "response_date": "",
      "review": "I am a regular Yoox customer but this app ruin your shopping experience. :(",
      "review_date": [
        "November",
        "7",
        " 2015"
      ]
    },
    {
      "REQ_subtype": "",
      "REQ_type": "",
      "_id": 79,
      "author_id": "not defined",
      "author_name": "David Burchell",
      "helpful": "0",
      "polarity": "",
      "rate": 1,
      "response": "",
      "response_date": "",
      "review": "Bug-ridden beyond belief. Great firm, terrible app.",
      "review_date": [
        "October",
        "14",
        " 2015"
      ]
    },
    {
      "REQ_subtype": "",
      "REQ_type": "",
      "_id": 80,
      "author_id": "not defined",
      "author_name": "Frederick Rothe III",
      "helpful": "1",
      "polarity": "",
      "rate": 1,
      "response": "",
      "response_date": "",
      "review": "Cannot do specific search for size, or designer.",
      "review_date": [
        "October",
        "12",
        " 2015"
      ]
    },
    {
      "REQ_subtype": "",
      "REQ_type": "",
      "_id": 81,
      "author_id": "not defined",
      "author_name": "Kerry Hawes",
      "helpful": "0",
      "polarity": "",
      "rate": 1,
      "response": "",
      "response_date": "",
      "review": "What a drag",
      "review_date": [
        "October",
        "14",
        " 2015"
      ]
    },
    {
      "REQ_subtype": "",
      "REQ_type": "",
      "_id": 82,
      "author_id": "not defined",
      "author_name": "Daria Otto",
      "helpful": "1",
      "polarity": "",
      "rate": 5,
      "response": "",
      "response_date": "",
      "review": "My only place to buy the best.Thank you Yoox.",
      "review_date": [
        "October",
        "15",
        " 2015"
      ]
    },
    {
      "REQ_subtype": "",
      "REQ_type": "",
      "_id": 83,
      "author_id": "not defined",
      "author_name": "Tamar Dididze",
      "helpful": "3",
      "polarity": "",
      "rate": 5,
      "response": "",
      "response_date": "",
      "review": "Every time is error",
      "review_date": [
        "September",
        "18",
        " 2015"
      ]
    },
    {
      "REQ_subtype": "",
      "REQ_type": "",
      "_id": 84,
      "author_id": "not defined",
      "author_name": "Christopher Fitton",
      "helpful": "1",
      "polarity": "",
      "rate": 2,
      "response": "",
      "response_date": "",
      "review": "Constantly having to reload or up date as it's always freezing or buffering same be a use when it does work on the odd occasion it's great",
      "review_date": [
        "August",
        "19",
        " 2015"
      ]
    },
    {
      "REQ_subtype": "",
      "REQ_type": "",
      "_id": 85,
      "author_id": "not defined",
      "author_name": "Yvonne Adams",
      "helpful": "1",
      "polarity": "",
      "rate": 1,
      "response": "",
      "response_date": "",
      "review": "It won't let me log in and I usually get an technical error message",
      "review_date": [
        "August",
        "1",
        " 2015"
      ]
    },
    {
      "REQ_subtype": "",
      "REQ_type": "",
      "_id": 86,
      "author_id": "not defined",
      "author_name": "Penny Florence Huey",
      "helpful": "2",
      "polarity": "",
      "rate": 5,
      "response": "",
      "response_date": "",
      "review": "Everything one could wish for in an app.",
      "review_date": [
        "May",
        "6",
        " 2015"
      ]
    },
    {
      "REQ_subtype": "",
      "REQ_type": "",
      "_id": 87,
      "author_id": "not defined",
      "author_name": "Antolin Perez",
      "helpful": "0",
      "polarity": "",
      "rate": 4,
      "response": "",
      "response_date": "",
      "review": "Nice",
      "review_date": [
        "May",
        "14",
        " 2015"
      ]
    },
    {
      "REQ_subtype": "",
      "REQ_type": "",
      "_id": 88,
      "author_id": "not defined",
      "author_name": "Dmitry Kvasnevsky",
      "helpful": "0",
      "polarity": "",
      "rate": 3,
      "response": "",
      "response_date": "",
      "review": "Please take a look how it works on tablets - the better is screen/resolution,  the smaller are pictures in search. A lot of space just wasted - micro images you need to open if you want to see anything. After 10 minutes you just stop shopping...",
      "review_date": [
        "November",
        "25",
        " 2014"
      ]
    },
    {
      "REQ_subtype": "",
      "REQ_type": "",
      "_id": 89,
      "author_id": "not defined",
      "author_name": "Angela F",
      "helpful": "1",
      "polarity": "",
      "rate": 1,
      "response": "",
      "response_date": "",
      "review": "It doesn't  show your prior orders listing what you bought their prices and your total amount spent.",
      "review_date": [
        "December",
        "7",
        " 2014"
      ]
    },
    {
      "REQ_subtype": "",
      "REQ_type": "",
      "_id": 90,
      "author_id": "not defined",
      "author_name": "Shivonne Wilson",
      "helpful": "2",
      "polarity": "",
      "rate": 2,
      "response": "The section \"my orders\" will be available in the next release coming in the next few days. We hope you will enjoy this new version.",
      "response_date": [
        "November",
        "27",
        " 2014"
      ],
      "review": "I hate it can't see my orders anymore",
      "review_date": [
        "November",
        "19",
        " 2014"
      ]
    },
    {
      "REQ_subtype": "",
      "REQ_type": "",
      "_id": 91,
      "author_id": "not defined",
      "author_name": "Ade George",
      "helpful": "2",
      "polarity": "",
      "rate": 1,
      "response": "The section \"my orders\" will be available in the next release coming in the next few days. We hope you will enjoy this new version.",
      "response_date": [
        "November",
        "27",
        " 2014"
      ],
      "review": "Can't look up order anymore",
      "review_date": [
        "November",
        "18",
        " 2014"
      ]
    },
    {
      "REQ_subtype": "",
      "REQ_type": "",
      "_id": 92,
      "author_id": "not defined",
      "author_name": "A Google user",
      "helpful": "2",
      "polarity": "",
      "rate": 1,
      "response": "",
      "response_date": "",
      "review": "This application does not work at all. On my nexus 5 I couldn't click any of link provided. So do not install it. Don't waste your time.",
      "review_date": [
        "November",
        "4",
        " 2014"
      ]
    },
    {
      "REQ_subtype": "",
      "REQ_type": "",
      "_id": 93,
      "author_id": "not defined",
      "author_name": "Cynthia Walker-White",
      "helpful": "0",
      "polarity": "",
      "rate": 5,
      "response": "",
      "response_date": "",
      "review": "It offers multiple ways to sort & filter search results, order history, & shipment tracking. I love this app--perhaps too much! I order far more often from my phone than I ever did from my computer.",
      "review_date": [
        "July",
        "12",
        " 2013"
      ]
    },
    {
      "REQ_subtype": "",
      "REQ_type": "",
      "_id": 94,
      "author_id": "not defined",
      "author_name": "Svetlana Sedova",
      "helpful": "2",
      "polarity": "",
      "rate": 3,
      "response": "",
      "response_date": "",
      "review": "Great usability, but please fix some bugs related to inability to go to the next page of searching results",
      "review_date": [
        "May",
        "13",
        " 2014"
      ]
    },
    {
      "REQ_subtype": "",
      "REQ_type": "",
      "_id": 95,
      "author_id": "not defined",
      "author_name": "Omar Abreu",
      "helpful": "0",
      "polarity": "",
      "rate": 2,
      "response": "",
      "response_date": "",
      "review": "Might as well just go in the website in your browser than download a separate app. All tabs redirect you to the website. I love Yoox, but the app could be better. It's designed well, it just needs an ACTUAL interface.",
      "review_date": [
        "March",
        "6",
        " 2014"
      ]
    },
    {
      "REQ_subtype": "",
      "REQ_type": "",
      "_id": 96,
      "author_id": "not defined",
      "author_name": "numan duman",
      "helpful": "1",
      "polarity": "",
      "rate": 1,
      "response": "",
      "response_date": "",
      "review": "Can't even open the app",
      "review_date": [
        "July",
        "12",
        " 2014"
      ]
    },
    {
      "REQ_subtype": "",
      "REQ_type": "",
      "_id": 97,
      "author_id": "not defined",
      "author_name": "Heather LaFaye",
      "helpful": "2",
      "polarity": "",
      "rate": 5,
      "response": "",
      "response_date": "",
      "review": "Great stuff and prices",
      "review_date": [
        "January",
        "20",
        " 2014"
      ]
    },
    {
      "REQ_subtype": "",
      "REQ_type": "",
      "_id": 98,
      "author_id": "not defined",
      "author_name": "Nicholas Panizzolo",
      "helpful": "2",
      "polarity": "",
      "rate": 5,
      "response": "",
      "response_date": "",
      "review": ":)",
      "review_date": [
        "June",
        "11",
        " 2014"
      ]
    },
    {
      "REQ_subtype": "",
      "REQ_type": "",
      "_id": 99,
      "author_id": "not defined",
      "author_name": "Martin Conway",
      "helpful": "0",
      "polarity": "",
      "rate": 2,
      "response": "",
      "response_date": "",
      "review": null,
      "review_date": [
        "March",
        "2",
        " 2014"
      ]
    },
    {
      "REQ_subtype": "",
      "REQ_type": "",
      "_id": 100,
      "author_id": "not defined",
      "author_name": "A Google user",
      "helpful": "2",
      "polarity": "",
      "rate": 5,
      "response": "",
      "response_date": "",
      "review": "Very fun app... I have been running around all day talking to my phone to find the perfect color pair of shoes. Buying is so easy that's scary for my bank account!",
      "review_date": [
        "November",
        "15",
        " 2012"
      ]
    },
    {
      "REQ_subtype": "",
      "REQ_type": "",
      "_id": 101,
      "author_id": "not defined",
      "author_name": "A Google user",
      "helpful": "2",
      "polarity": "",
      "rate": 5,
      "response": "",
      "response_date": "",
      "review": "Really cool catalog navigation. Love it and love this new speak and shop!!!",
      "review_date": [
        "November",
        "15",
        " 2012"
      ]
    },
    {
      "REQ_subtype": "",
      "REQ_type": "",
      "_id": 102,
      "author_id": "not defined",
      "author_name": "A Google user",
      "helpful": "0",
      "polarity": "",
      "rate": 2,
      "response": "",
      "response_date": "",
      "review": "Very crude, small unclear pictures in overview, so you need to enter product page blindly, then there no next button in product view so you go back and forth for each single product. waste of time, uninstall.",
      "review_date": [
        "October",
        "18",
        " 2012"
      ]
    },
    {
      "REQ_subtype": "",
      "REQ_type": "",
      "_id": 103,
      "author_id": "not defined",
      "author_name": "A Google user",
      "helpful": "1",
      "polarity": "",
      "rate": 3,
      "response": "",
      "response_date": "",
      "review": "I'd love to be able to check up on my orders and see their shipping progress.",
      "review_date": [
        "October",
        "2",
        " 2012"
      ]
    },
    {
      "REQ_subtype": "",
      "REQ_type": "",
      "_id": 104,
      "author_id": "not defined",
      "author_name": "A Google user",
      "helpful": "2",
      "polarity": "",
      "rate": 2,
      "response": "",
      "response_date": "",
      "review": "DROID X user. Off and on it won't let me log on, giving the message to check I've entered everything correctly, which in all cases I had.",
      "review_date": [
        "March",
        "11",
        " 2012"
      ]
    },
    {
      "REQ_subtype": "",
      "REQ_type": "",
      "_id": 105,
      "author_id": "not defined",
      "author_name": "A Google user",
      "helpful": "0",
      "polarity": "",
      "rate": 3,
      "response": "",
      "response_date": "",
      "review": "...I'd give the App one star, then uninstall. However since I am loyal to yoox, I give three stars, knowing that it will improve.",
      "review_date": [
        "March",
        "6",
        " 2012"
      ]
    },
    {
      "REQ_subtype": "",
      "REQ_type": "",
      "_id": 106,
      "author_id": "not defined",
      "author_name": "A Google user",
      "helpful": "0",
      "polarity": "",
      "rate": 3,
      "response": "",
      "response_date": "",
      "review": "It's very useful when you are on shopping and want to compare prices before buying something in a phisical shop. Hope it'll become more usable.",
      "review_date": [
        "December",
        "11",
        " 2011"
      ]
    },
    {
      "REQ_subtype": "",
      "REQ_type": "",
      "_id": 107,
      "author_id": "not defined",
      "author_name": "A Google user",
      "helpful": "0",
      "polarity": "",
      "rate": 3,
      "response": "",
      "response_date": "",
      "review": "Nice app overall, but dreambox has a bug. When trying to add an item to dreambox it will incorrectly state 'item already added'.",
      "review_date": [
        "December",
        "4",
        " 2011"
      ]
    },
    {
      "REQ_subtype": "",
      "REQ_type": "",
      "_id": 108,
      "author_id": "not defined",
      "author_name": "A Google user",
      "helpful": "2",
      "polarity": "",
      "rate": 4,
      "response": "",
      "response_date": "",
      "review": "Should have option to sort by name, price, date, etc",
      "review_date": [
        "December",
        "3",
        " 2011"
      ]
    },
    {
      "REQ_subtype": "",
      "REQ_type": "",
      "_id": 109,
      "author_id": "not defined",
      "author_name": "A Google user",
      "helpful": "0",
      "polarity": "",
      "rate": 1,
      "response": "",
      "response_date": "",
      "review": "Constantly freezing",
      "review_date": [
        "July",
        "20",
        " 2011"
      ]
    },
    {
      "REQ_subtype": "",
      "REQ_type": "",
      "_id": 110,
      "author_id": "not defined",
      "author_name": "Cassandra Crow",
      "helpful": "2",
      "polarity": "",
      "rate": 1,
      "response": "",
      "response_date": "",
      "review": "This is a good app of don't deserve a bad rating just because my opinion of \nbeing poor. Lol But not for me deleted in seconds. If you're poor don't \neven bother..no one gonna spend $300 or so on dresses or shoes. No thank \nyou.",
      "review_date": [
        "April",
        "14",
        " 2018"
      ]
    },
    {
      "REQ_subtype": "",
      "REQ_type": "",
      "_id": 111,
      "author_id": "not defined",
      "author_name": "Liz Messick",
      "helpful": "0",
      "polarity": "",
      "rate": 1,
      "response": "",
      "response_date": "",
      "review": "Not worth using on phone. Filter doesn't work properly on app or mobile web version. What a headache. Can't view desktop version on phone either, which is super annoying.",
      "review_date": [
        "April",
        "28",
        " 2016"
      ]
    },
    {
      "REQ_subtype": "",
      "REQ_type": "",
      "_id": 112,
      "author_id": "not defined",
      "author_name": "Fiona Liu",
      "helpful": "0",
      "polarity": "",
      "rate": 1,
      "response": "",
      "response_date": "",
      "review": "As the world No.1 online luxury brands dealer. This app is such a failure!  It extremely slow and it shuts down unexpectedly all the time. IF YOU WANT TO PROMOTE MOBILE PHONE END  PURCHASE,  YOU'D MAKE IT WORK! I only use this app because there is more discount, otherwise forget it.",
      "review_date": [
        "November",
        "27",
        " 2015"
      ]
    },
    {
      "REQ_subtype": "",
      "REQ_type": "",
      "_id": 113,
      "author_id": "not defined",
      "author_name": "amir ghassemi",
      "helpful": "0",
      "polarity": "",
      "rate": 1,
      "response": "",
      "response_date": "",
      "review": "The prices are much higher than that in the shop! However, it says you can benefit around 50 percent discount on the goods, those are even higher than normal prices! I won't recommend this app!",
      "review_date": [
        "November",
        "25",
        " 2017"
      ]
    },
    {
      "REQ_subtype": "",
      "REQ_type": "",
      "_id": 114,
      "author_id": "not defined",
      "author_name": "Skillzmama",
      "helpful": "0",
      "polarity": "",
      "rate": 5,
      "response": "",
      "response_date": "",
      "review": "I really don't have any problems with Yoox. Was so shocked to hear about \nproblems previous customers had experienced. My only gripe is that I wish \nthey are able to inform you on all items (especially shoes) if the item run \nsmall, large or true to fit. I understand that they will need to contact \nthe designers. European and other over seas country made shoes are made \nquite differently from US made shoes. As for their prices they seem to be \nin a price range for me. Some items on Yoox you can't really find \nelsewhere. As for the SHOES when I step out in a pair from Yoox everyone \nnotices!!! Get many complements and always asking where I get them from!!! \nI only buy my shoes from Yoox!!! High end shoes for decent prices. Some \ndesigners never heard of and found out celebrities wear them. Don't get me \nwrong like Chritian Louboutins, however have brought shoes that were better.",
      "review_date": [
        "May",
        "11",
        " 2018"
      ]
    },
    {
      "REQ_subtype": "",
      "REQ_type": "",
      "_id": 115,
      "author_id": "not defined",
      "author_name": "Tina Blakely",
      "helpful": "1",
      "polarity": "",
      "rate": 1,
      "response": "",
      "response_date": "",
      "review": "I installed this app and as son as I opened it I started immediately being spanned by multiple marketing sms.",
      "review_date": [
        "April",
        "24",
        " 2015"
      ]
    },
    {
      "REQ_subtype": "",
      "REQ_type": "",
      "_id": 116,
      "author_id": "not defined",
      "author_name": "A Google user",
      "helpful": "2",
      "polarity": "",
      "rate": 1,
      "response": "",
      "response_date": "",
      "review": "Never seen a worse app than this. Layout does not fit HD phones, search does not work good, interface is not usable",
      "review_date": [
        "October",
        "14",
        " 2012"
      ]
    },
    {
      "REQ_subtype": "",
      "REQ_type": "",
      "_id": 117,
      "author_id": "not defined",
      "author_name": "S Edwards",
      "helpful": "1",
      "polarity": "",
      "rate": 1,
      "response": "",
      "response_date": "",
      "review": "Complete waste of installation time. Tried shopping the site on my phone and it crashed repeatedly so installed app and guess what... Ill go buy somewhere else. Man up Yoox -not much point in a shopping app that you can't shop on.",
      "review_date": [
        "February",
        "26",
        " 2013"
      ]
    },
    {
      "REQ_subtype": "",
      "REQ_type": "",
      "_id": 118,
      "author_id": "not defined",
      "author_name": "Kostyantyn Tsvyelodub",
      "helpful": "2",
      "polarity": "",
      "rate": 2,
      "response": "",
      "response_date": "",
      "review": "YOOX App that I had before was more usable and functional. New app lose a lot of practical and right functions. Please make something to it!!!Could you please fix it!?",
      "review_date": [
        "September",
        "22",
        " 2015"
      ]
    },
    {
      "REQ_subtype": "",
      "REQ_type": "",
      "_id": 119,
      "author_id": "not defined",
      "author_name": "Victory Kuo",
      "helpful": "0",
      "polarity": "",
      "rate": 4,
      "response": "",
      "response_date": "",
      "review": "App version coutry required field had been bug for long time.could not make payment at APP. Please fix it",
      "review_date": [
        "November",
        "29",
        " 2016"
      ]
    },
    {
      "REQ_subtype": "",
      "REQ_type": "",
      "_id": 120,
      "author_id": "not defined",
      "author_name": "Paolo Sciarra",
      "helpful": "0",
      "polarity": "",
      "rate": 1,
      "response": "Thank you for your comments. We suggest you to get in touch with our Customer Care team for assistance",
      "response_date": [
        "October",
        "10",
        " 2017"
      ],
      "review": "I tried to find items by designer (Church's) 0 results. Went on the website and they have plenty. Terrible app.",
      "review_date": [
        "October",
        "10",
        " 2017"
      ]
    },
    {
      "REQ_subtype": "",
      "REQ_type": "",
      "_id": 121,
      "author_id": "not defined",
      "author_name": "A Google user",
      "helpful": "1",
      "polarity": "",
      "rate": 1,
      "response": "",
      "response_date": "",
      "review": "The app just wraps site in custom header and footer - no use at all.",
      "review_date": [
        "December",
        "3",
        " 2012"
      ]
    },
    {
      "REQ_subtype": "",
      "REQ_type": "",
      "_id": 122,
      "author_id": "not defined",
      "author_name": "A Google user",
      "helpful": "0",
      "polarity": "",
      "rate": 2,
      "response": "",
      "response_date": "",
      "review": "But the app is not beautiful like the web site.  Please work on it is important!  A customer.",
      "review_date": [
        "November",
        "13",
        " 2012"
      ]
    },
    {
      "REQ_subtype": "",
      "REQ_type": "",
      "_id": 123,
      "author_id": "not defined",
      "author_name": "Victor Pogorelov",
      "helpful": "0",
      "polarity": "",
      "rate": 1,
      "response": "Thank you for your comments. We suggest you to keep in touch with our Customer Care team for assistance",
      "response_date": [
        "February",
        "16",
        " 2018"
      ],
      "review": "Purchase delivery takes ages (6 weeks after payment)... Customer service is awful!",
      "review_date": [
        "February",
        "15",
        " 2018"
      ]
    },
    {
      "REQ_subtype": "",
      "REQ_type": "",
      "_id": 124,
      "author_id": "not defined",
      "author_name": "Matthew Lemon",
      "helpful": "1",
      "polarity": "",
      "rate": 1,
      "response": "",
      "response_date": "",
      "review": "kicks me out when I try to open the app",
      "review_date": [
        "October",
        "24",
        " 2013"
      ]
    },
    {
      "REQ_subtype": "",
      "REQ_type": "",
      "_id": 125,
      "author_id": "not defined",
      "author_name": "Jojan Yoyane Eeckels",
      "helpful": "1",
      "polarity": "",
      "rate": 3,
      "response": "",
      "response_date": "",
      "review": "Lets you no choice",
      "review_date": [
        "May",
        "21",
        " 2016"
      ]
    },
    {
      "REQ_subtype": "",
      "REQ_type": "",
      "_id": 126,
      "author_id": "not defined",
      "author_name": "Tom Olick",
      "helpful": "0",
      "polarity": "",
      "rate": 1,
      "response": "",
      "response_date": "",
      "review": "Please hire a designer to fix your glaring issues.",
      "review_date": [
        "June",
        "17",
        " 2013"
      ]
    },
    {
      "REQ_subtype": "",
      "REQ_type": "",
      "_id": 127,
      "author_id": "not defined",
      "author_name": "Hilary Rowland",
      "helpful": "1",
      "polarity": "",
      "rate": 1,
      "response": "",
      "response_date": "",
      "review": "Can't filter search results by size or set up size profiles, so I see thousands of results only in sizes that won't fit.",
      "review_date": [
        "July",
        "2",
        " 2014"
      ]
    },
    {
      "REQ_subtype": "",
      "REQ_type": "",
      "_id": 128,
      "author_id": "not defined",
      "author_name": "Ryan Tincknell",
      "helpful": "0",
      "polarity": "",
      "rate": 1,
      "response": "",
      "response_date": "",
      "review": "Your app, mobile site and full version site all crash on my phone- very disappointed as there's a number of times I've gotten premier alerts only to find items sold by the time I get to a computer-for shame! Ive been patient waiting through multiple updates to see if youll fix the problems, but I've pretty much given up. I rely on eBay, gilt & other estores b/c Yoox cant get their game together-UR LOSING MONEY.Check your SiteCat mobile device reports for device bounce rates for gods sake! Analytics 101 here",
      "review_date": [
        "May",
        "11",
        " 2013"
      ]
    },
    {
      "REQ_subtype": "",
      "REQ_type": "",
      "_id": 129,
      "author_id": "not defined",
      "author_name": "Lansana Sheriff",
      "helpful": "0",
      "polarity": "",
      "rate": 5,
      "response": "",
      "response_date": "",
      "review": "I do have problem with currency which one is the product sell in",
      "review_date": [
        "November",
        "29",
        " 2017"
      ]
    },
    {
      "REQ_subtype": "",
      "REQ_type": "",
      "_id": 130,
      "author_id": "not defined",
      "author_name": "A Google user",
      "helpful": "0",
      "polarity": "",
      "rate": 3,
      "response": "",
      "response_date": "",
      "review": "I wish I could favorite designers, do a size profile like on the site, have access to the international size chart they use. Overall tho I love the app",
      "review_date": [
        "October",
        "23",
        " 2012"
      ]
    },
    {
      "REQ_subtype": "",
      "REQ_type": "",
      "_id": 131,
      "author_id": "not defined",
      "author_name": "A Google user",
      "helpful": "2",
      "polarity": "",
      "rate": 1,
      "response": "",
      "response_date": "",
      "review": "Don't bother",
      "review_date": [
        "September",
        "21",
        " 2012"
      ]
    },
    {
      "REQ_subtype": "",
      "REQ_type": "",
      "_id": 132,
      "author_id": "not defined",
      "author_name": "patricamensahpatrici",
      "helpful": "0",
      "polarity": "",
      "rate": 4,
      "response": "",
      "response_date": "",
      "review": "Not everyone have enough space to download the app so I think there should be way so and means to go through the website straight",
      "review_date": [
        "September",
        "15",
        " 2017"
      ]
    },
    {
      "REQ_subtype": "",
      "REQ_type": "",
      "_id": 133,
      "author_id": "not defined",
      "author_name": "Lana Dzidzariia",
      "helpful": "0",
      "polarity": "",
      "rate": 3,
      "response": "Thank you for your comments. We suggest you to get in touch with our Customer Care team for assistance",
      "response_date": [
        "January",
        "30",
        " 2018"
      ],
      "review": "I used to live in one country and now I've moved to another. Why on Earth I can't change it in my profile without registering a new one?",
      "review_date": [
        "January",
        "27",
        " 2018"
      ]
    },
    {
      "REQ_subtype": "",
      "REQ_type": "",
      "_id": 134,
      "author_id": "not defined",
      "author_name": "A Google user",
      "helpful": "2",
      "polarity": "",
      "rate": 5,
      "response": "",
      "response_date": "",
      "review": "I think its great! The prices are fabulous... And easy to shop!!",
      "review_date": [
        "July",
        "2",
        " 2017"
      ]
    },
    {
      "REQ_subtype": "",
      "REQ_type": "",
      "_id": 135,
      "author_id": "not defined",
      "author_name": "Levin Leonata",
      "helpful": "1",
      "polarity": "",
      "rate": 5,
      "response": "",
      "response_date": "",
      "review": "I love YOOX , because they sell a lot of trending brands with low prices",
      "review_date": [
        "July",
        "20",
        " 2017"
      ]
    },
    {
      "REQ_subtype": "",
      "REQ_type": "",
      "_id": 136,
      "author_id": "not defined",
      "author_name": "Angelo Ray",
      "helpful": "0",
      "polarity": "",
      "rate": 5,
      "response": "",
      "response_date": "",
      "review": "I'm A Fashion Guru...There Is Alot Of Nice Pieces On This Site.",
      "review_date": [
        "December",
        "8",
        " 2014"
      ]
    },
    {
      "REQ_subtype": "",
      "REQ_type": "",
      "_id": 137,
      "author_id": "not defined",
      "author_name": "Wilfried Dicka",
      "helpful": "0",
      "polarity": "",
      "rate": 4,
      "response": "",
      "response_date": "",
      "review": "I like our things",
      "review_date": [
        "May",
        "22",
        " 2015"
      ]
    },
    {
      "REQ_subtype": "",
      "REQ_type": "",
      "_id": 138,
      "author_id": "not defined",
      "author_name": "lindokuhle cyprian",
      "helpful": "0",
      "polarity": "",
      "rate": 4,
      "response": "",
      "response_date": "",
      "review": "how do you change your order if it hasn't arrived yet??  Note: I made the order today and I want to change it",
      "review_date": [
        "February",
        "20",
        " 2018"
      ]
    },
    {
      "REQ_subtype": "",
      "REQ_type": "",
      "_id": 139,
      "author_id": "not defined",
      "author_name": "Larisa K.",
      "helpful": "0",
      "polarity": "",
      "rate": 1,
      "response": "",
      "response_date": "",
      "review": "Wont even install  on 4.4",
      "review_date": [
        "November",
        "28",
        " 2016"
      ]
    },
    {
      "REQ_subtype": "",
      "REQ_type": "",
      "_id": 140,
      "author_id": "not defined",
      "author_name": "Angel Hung",
      "helpful": "0",
      "polarity": "",
      "rate": 5,
      "response": "",
      "response_date": "",
      "review": "Very reliable and helpful and the best shopping website. I have been shopping with them for up to 5 years. Always feel good.",
      "review_date": [
        "July",
        "31",
        " 2016"
      ]
    },
    {
      "REQ_subtype": "",
      "REQ_type": "",
      "_id": 141,
      "author_id": "not defined",
      "author_name": "Ava Broderick",
      "helpful": "1",
      "polarity": "",
      "rate": 2,
      "response": "",
      "response_date": "",
      "review": "Cute clothes but ridiculously high prices.",
      "review_date": [
        "July",
        "14",
        " 2015"
      ]
    },
    {
      "REQ_subtype": "",
      "REQ_type": "",
      "_id": 142,
      "author_id": "not defined",
      "author_name": "\u0391\u03b3\u03b3\u03b5\u03bb\u03bf\u03c2 \u039c\u03c0\u03b5\u03bb\u03b7\u03b3\u03b9\u03ac\u03bd\u03bd\u03b7\u03c2",
      "helpful": "0",
      "polarity": "",
      "rate": 1,
      "response": "",
      "response_date": "",
      "review": "\u039c\u03bf\u03c5 \u03bb\u03ad\u03b5\u03b9 \u03c0\u03c9\u03c2 \u03ad\u03c7\u03b5\u03b9 \u03b9\u03cc \u03ba\u03b1\u03b9 \u03bd\u03b1 \u03c4\u03bf \u03ba\u03ac\u03bd\u03c9 \u03b1\u03c0\u03b5\u03b3\u03ba\u03b1\u03c4\u03b1\u03c3\u03c4\u03b1\u03c3\u03b7",
      "review_date": [
        "June",
        "27",
        " 2017"
      ]
    },
    {
      "REQ_subtype": "",
      "REQ_type": "",
      "_id": 143,
      "author_id": "not defined",
      "author_name": "corey watkins",
      "helpful": "0",
      "polarity": "",
      "rate": 4,
      "response": "",
      "response_date": "",
      "review": "Thanks for having my size it's hard to find 12w",
      "review_date": [
        "November",
        "14",
        " 2017"
      ]
    },
    {
      "REQ_subtype": "",
      "REQ_type": "",
      "_id": 144,
      "author_id": "not defined",
      "author_name": "\u0395\u03bb\u03ad\u03bd\u03b7 \u039a\u03c1\u03b7\u03c4\u03b9\u03ba\u03bf\u03cd",
      "helpful": "1",
      "polarity": "",
      "rate": 2,
      "response": "",
      "response_date": "",
      "review": "I can't pay on delivery as usual",
      "review_date": [
        "April",
        "30",
        " 2017"
      ]
    },
    {
      "REQ_subtype": "",
      "REQ_type": "",
      "_id": 145,
      "author_id": "not defined",
      "author_name": "Lesli Lewis",
      "helpful": "0",
      "polarity": "",
      "rate": 5,
      "response": "",
      "response_date": "",
      "review": "Clothes shoes bags belts",
      "review_date": [
        "November",
        "28",
        " 2016"
      ]
    },
    {
      "REQ_subtype": "",
      "REQ_type": "",
      "_id": 146,
      "author_id": "not defined",
      "author_name": "circs girl",
      "helpful": "2",
      "polarity": "",
      "rate": 5,
      "response": "",
      "response_date": "",
      "review": "I love everything about this app",
      "review_date": [
        "April",
        "10",
        " 2017"
      ]
    },
    {
      "REQ_subtype": "",
      "REQ_type": "",
      "_id": 147,
      "author_id": "not defined",
      "author_name": "Karen Hunt",
      "helpful": "1",
      "polarity": "",
      "rate": 5,
      "response": "",
      "response_date": "",
      "review": "Looks band works great!",
      "review_date": [
        "October",
        "26",
        " 2017"
      ]
    },
    {
      "REQ_subtype": "",
      "REQ_type": "",
      "_id": 148,
      "author_id": "not defined",
      "author_name": "vagia drogoula",
      "helpful": "1",
      "polarity": "",
      "rate": 5,
      "response": "",
      "response_date": "",
      "review": "Nice idea! It works!",
      "review_date": [
        "June",
        "10",
        " 2017"
      ]
    },
    {
      "REQ_subtype": "",
      "REQ_type": "",
      "_id": 149,
      "author_id": "not defined",
      "author_name": "Serge Buzko",
      "helpful": "0",
      "polarity": "",
      "rate": 1,
      "response": "Thank you for your comments. We suggest you to get in touch with our Customer Care team for assistance",
      "response_date": [
        "March",
        "5",
        " 2018"
      ],
      "review": "Couldn't log in :) Bad experience. Don't lose time, use the website.",
      "review_date": [
        "March",
        "2",
        " 2018"
      ]
    },
    {
      "REQ_subtype": "",
      "REQ_type": "",
      "_id": 150,
      "author_id": "not defined",
      "author_name": "A Google user",
      "helpful": "1",
      "polarity": "",
      "rate": 5,
      "response": "",
      "response_date": "",
      "review": "THEE VERY BEST PRODUCTS!!!",
      "review_date": [
        "May",
        "30",
        " 2017"
      ]
    },
    {
      "REQ_subtype": "",
      "REQ_type": "",
      "_id": 151,
      "author_id": "not defined",
      "author_name": "Cecil Green",
      "helpful": "2",
      "polarity": "",
      "rate": 5,
      "response": "",
      "response_date": "",
      "review": "Cecil Green",
      "review_date": [
        "January",
        "18",
        " 2017"
      ]
    },
    {
      "REQ_subtype": "",
      "REQ_type": "",
      "_id": 152,
      "author_id": "not defined",
      "author_name": "A Google user",
      "helpful": "0",
      "polarity": "",
      "rate": 5,
      "response": "",
      "response_date": "",
      "review": "Very good and cheap price online shop",
      "review_date": [
        "December",
        "16",
        " 2016"
      ]
    },
    {
      "REQ_subtype": "",
      "REQ_type": "",
      "_id": 153,
      "author_id": "not defined",
      "author_name": "Cu-Sheer Jones",
      "helpful": "2",
      "polarity": "",
      "rate": 5,
      "response": "",
      "response_date": "",
      "review": "I absolutely love it",
      "review_date": [
        "January",
        "23",
        " 2017"
      ]
    },
    {
      "REQ_subtype": "",
      "REQ_type": "",
      "_id": 154,
      "author_id": "not defined",
      "author_name": "TheBlizzard ofeightythree",
      "helpful": "3",
      "polarity": "",
      "rate": 5,
      "response": "",
      "response_date": "",
      "review": "My addiction",
      "review_date": [
        "March",
        "12",
        " 2017"
      ]
    },
    {
      "REQ_subtype": "",
      "REQ_type": "",
      "_id": 155,
      "author_id": "not defined",
      "author_name": "Habibe Otoo",
      "helpful": "2",
      "polarity": "",
      "rate": 5,
      "response": "",
      "response_date": "",
      "review": "First time",
      "review_date": [
        "July",
        "30",
        " 2017"
      ]
    },
    {
      "REQ_subtype": "",
      "REQ_type": "",
      "_id": 156,
      "author_id": "not defined",
      "author_name": "isaac jay kargbo",
      "helpful": "0",
      "polarity": "",
      "rate": 5,
      "response": "",
      "response_date": "",
      "review": "My favourite  online  shopping Apps.",
      "review_date": [
        "November",
        "10",
        " 2017"
      ]
    },
    {
      "REQ_subtype": "",
      "REQ_type": "",
      "_id": 157,
      "author_id": "not defined",
      "author_name": "Natasha Locklear",
      "helpful": "3",
      "polarity": "",
      "rate": 5,
      "response": "",
      "response_date": "",
      "review": "Great app",
      "review_date": [
        "February",
        "23",
        " 2017"
      ]
    },
    {
      "REQ_subtype": "",
      "REQ_type": "",
      "_id": 158,
      "author_id": "not defined",
      "author_name": "A Google user",
      "helpful": "2",
      "polarity": "",
      "rate": 5,
      "response": "",
      "response_date": "",
      "review": "Yoox the best",
      "review_date": [
        "July",
        "20",
        " 2012"
      ]
    },
    {
      "REQ_subtype": "",
      "REQ_type": "",
      "_id": 159,
      "author_id": "not defined",
      "author_name": "Bishal Gohain",
      "helpful": "0",
      "polarity": "",
      "rate": 5,
      "response": "",
      "response_date": "",
      "review": "Wowww I love this app\ud83d\ude0d\ud83d\ude0d\ud83d\ude18\ud83d\udc4c\ud83d\udc4d",
      "review_date": [
        "January",
        "15",
        " 2018"
      ]
    },
    {
      "REQ_subtype": "",
      "REQ_type": "",
      "_id": 160,
      "author_id": "not defined",
      "author_name": "Gwendolyn Halsey",
      "helpful": "0",
      "polarity": "",
      "rate": 5,
      "response": "",
      "response_date": "",
      "review": "Everything is good",
      "review_date": [
        "September",
        "3",
        " 2015"
      ]
    },
    {
      "REQ_subtype": "",
      "REQ_type": "",
      "_id": 161,
      "author_id": "not defined",
      "author_name": "Michael Maybach",
      "helpful": "1",
      "polarity": "",
      "rate": 5,
      "response": "",
      "response_date": "",
      "review": "Balmain",
      "review_date": [
        "August",
        "9",
        " 2016"
      ]
    },
    {
      "REQ_subtype": "",
      "REQ_type": "",
      "_id": 162,
      "author_id": "not defined",
      "author_name": "KOJO TANO",
      "helpful": "1",
      "polarity": "",
      "rate": 5,
      "response": "",
      "response_date": "",
      "review": "They are the best",
      "review_date": [
        "September",
        "17",
        " 2017"
      ]
    },
    {
      "REQ_subtype": "",
      "REQ_type": "",
      "_id": 163,
      "author_id": "not defined",
      "author_name": "TRESOR WILONDJA",
      "helpful": "1",
      "polarity": "",
      "rate": 5,
      "response": "",
      "response_date": "",
      "review": "I love it",
      "review_date": [
        "January",
        "7",
        " 2018"
      ]
    },
    {
      "REQ_subtype": "",
      "REQ_type": "",
      "_id": 164,
      "author_id": "not defined",
      "author_name": "Orlando Daniel",
      "helpful": "1",
      "polarity": "",
      "rate": 5,
      "response": "",
      "response_date": "",
      "review": "The best",
      "review_date": [
        "August",
        "8",
        " 2017"
      ]
    },
    {
      "REQ_subtype": "",
      "REQ_type": "",
      "_id": 165,
      "author_id": "not defined",
      "author_name": "A Google user",
      "helpful": "1",
      "polarity": "",
      "rate": 3,
      "response": "",
      "response_date": "",
      "review": "It awesomeness",
      "review_date": [
        "August",
        "13",
        " 2017"
      ]
    },
    {
      "REQ_subtype": "",
      "REQ_type": "",
      "_id": 166,
      "author_id": "not defined",
      "author_name": "Dolly Boodlal",
      "helpful": "0",
      "polarity": "",
      "rate": 5,
      "response": "",
      "response_date": "",
      "review": "Like it",
      "review_date": [
        "January",
        "9",
        " 2016"
      ]
    },
    {
      "REQ_subtype": "",
      "REQ_type": "",
      "_id": 167,
      "author_id": "not defined",
      "author_name": "A Google user",
      "helpful": "0",
      "polarity": "",
      "rate": 3,
      "response": "",
      "response_date": "",
      "review": "Ntg",
      "review_date": [
        "April",
        "24",
        " 2018"
      ]
    },
    {
      "REQ_subtype": "",
      "REQ_type": "",
      "_id": 168,
      "author_id": "not defined",
      "author_name": "A Google user",
      "helpful": "0",
      "polarity": "",
      "rate": 5,
      "response": "",
      "response_date": "",
      "review": "Awesome!",
      "review_date": [
        "July",
        "14",
        " 2018"
      ]
    },
    {
      "REQ_subtype": "",
      "REQ_type": "",
      "_id": 169,
      "author_id": "not defined",
      "author_name": "Melissa Matthews",
      "helpful": "0",
      "polarity": "",
      "rate": 4,
      "response": "",
      "response_date": "",
      "review": "Its great",
      "review_date": [
        "December",
        "4",
        " 2017"
      ]
    },
    {
      "REQ_subtype": "",
      "REQ_type": "",
      "_id": 170,
      "author_id": "not defined",
      "author_name": "A Google user",
      "helpful": "0",
      "polarity": "",
      "rate": 5,
      "response": "",
      "response_date": "",
      "review": "Great app",
      "review_date": [
        "February",
        "22",
        " 2018"
      ]
    },
    {
      "REQ_subtype": "",
      "REQ_type": "",
      "_id": 171,
      "author_id": "not defined",
      "author_name": "General Born",
      "helpful": "0",
      "polarity": "",
      "rate": 1,
      "response": "",
      "response_date": "",
      "review": "Expensive",
      "review_date": [
        "December",
        "27",
        " 2017"
      ]
    },
    {
      "REQ_subtype": "",
      "REQ_type": "",
      "_id": 172,
      "author_id": "not defined",
      "author_name": "Charles Parker",
      "helpful": "1",
      "polarity": "",
      "rate": 5,
      "response": "",
      "response_date": "",
      "review": "Awesome",
      "review_date": [
        "October",
        "11",
        " 2017"
      ]
    },
    {
      "REQ_subtype": "",
      "REQ_type": "",
      "_id": 173,
      "author_id": "not defined",
      "author_name": "Shuaib Gomina",
      "helpful": "0",
      "polarity": "",
      "rate": 5,
      "response": "",
      "response_date": "",
      "review": "Good",
      "review_date": [
        "October",
        "26",
        " 2017"
      ]
    },
    {
      "REQ_subtype": "",
      "REQ_type": "",
      "_id": 174,
      "author_id": "not defined",
      "author_name": "Jeiby Ortiz",
      "helpful": "0",
      "polarity": "",
      "rate": 5,
      "response": "",
      "response_date": "",
      "review": "Good",
      "review_date": [
        "May",
        "27",
        " 2018"
      ]
    }
  ],
  "size": "29",
  "url": "https://play.google.com/store/apps/details?id=com.yoox",
  "version": "4.13.1"
}