{
  "categories": [
    "Productivity"
  ],
  "description": "TickTick is a simple and effective to-do list and task manager app which helps you make schedule, manage time, remind about deadlines and organize life at work, home and everywhere else.\ud83d\uddd3  \ud83d\udd14  \u2714TickTick is here to help you make the most of your day and get things done (gtd). Whether there is an idea you want to capture, personal goals to achieve, a work to accomplish, or make a collaboration with other colleagues, even to create a shopping list (with a help of a list maker). Achieve your goals with our productivity planner.Easy to useTickTick is easy to get started with its intuitive design and personalized features. Add tasks and reminders in mere seconds and then focus on important work, it is better than other organization and time management apps.Sync across your devicesYour goals will sync within cloud so that you can view and manage them wherever you are for better goal achieving.Quickly create tasks and notesAdd them by voice input or typing. With Smart Date Parsing, the date info you enter into the new field will be automatically set as due date for task reminder with alarm. Stay as productive as you can with this time manager and to do checklist!Instant task to do list reminderThere's no need to keep all things in mind! Just put them to TickTick and it will remember everything for you and provide instant task to do list reminder, for you to gtd. Set multiple notifications for important tasks and notes to never miss any deadline!Sleek calendarGet a clear overview for your plans weeks or months ahead in to-do calendar - Day Planner free. Want to be more specific and know what to do at exact time? Try 3-Day View to check and make a schedule according to your timeline, use time manager. Third-party calendars can also be integrated, such as Google calendar, Outlook, etc.Handy WidgetGet easy access to your tasks and notes by adding a checklist widget to your home screen. There are various sizes and types of widget. Choose one that you like the most.Flexible repeatSet tasks to repeat for those that need to be done regularly. Choose a repeating period (for example, daily, weekly, weekdays, or monthly anydo). You can customize the repeat like: online course every 2 weeks from Monday to Thursday, project meeting every 2 months on the first Monday.- Keep it all organized and know what to do in todo list- Classify your tasks and todos with list maker, folders and tags. - Make checklists and notes.- Prioritize goals and focus on the what really matters to do it tomorrow.- Sort goals by date, priority, and title.- Attach photos, records and other attachments.- Swipe a task to quickly edit, long press to batch edit.Seamless collaborationShare lists (todoist), assign goals to collaborate with colleagues, friends or family. Spend less hours in meetings, on phone calls or on email. Improve the efficiency in collaboration app.- Organize your life with TickTick Pro- Choose from a variety of different themes to match your personality.- View the business calendar in grid format (better than in other time management apps).- Unlimited Planning in todo list.- Take charge with 299 lists (todoist), 999 tasks per list, and 199 subtasks per task.- Add up to 5 notifications to each task with subtasks.- Share a task list planner with up to 19 members.- Use the checklist widget format and type a description in the same task.- Subscribe to third-party calendars and day planners in TickTick.Learn more about TickTick at: www.ticktick.comConnect with us at:Facebook: https://www.facebook.com/TickTickAppTwitter: https://twitter.com/TickTickTeam",
  "inc": "Appest Inc.",
  "intalled_count": "1,000,000",
  "last_update": [
    "June",
    "25",
    " 2018"
  ],
  "name": "TickTick: To Do List with Reminder, Day Planner",
  "offered_by": "Google Commerce Ltd",
  "permissions": {
    "Identity": [
      "find accounts on the device",
      "add or remove accounts"
    ],
    "Calendar": [
      "read calendar events plus confidential information"
    ],
    "Contacts": [
      "find accounts on the device",
      "read your contacts"
    ],
    "Location": [
      "approximate location (network-based)",
      "precise location (GPS and network-based)"
    ],
    "Photos/Media/Files": [
      "read the contents of your USB storage",
      "modify or delete the contents of your USB storage"
    ],
    "Storage": [
      "read the contents of your USB storage",
      "modify or delete the contents of your USB storage"
    ],
    "Microphone": [
      "record audio"
    ],
    "Wi-Fi connection information": [
      "view Wi-Fi connections"
    ],
    "Phone": [
      "read phone status and identity"
    ],
    "Device ID & call information": [
      "read phone status and identity"
    ],
    "Other": [
      "receive data from Internet",
      "view network connections",
      "full network access",
      "run at startup",
      "draw over other apps",
      "use accounts on the device",
      "control vibration",
      "prevent device from sleeping",
      "read Google service configuration",
      "view network connections",
      "full network access",
      "control Near Field Communication",
      "run at startup",
      "use accounts on the device",
      "control vibration",
      "prevent device from sleeping",
      "modify system settings",
      "read Google service configuration",
      "view network connections",
      "full network access",
      "control Near Field Communication",
      "run at startup",
      "use accounts on the device",
      "control vibration",
      "prevent device from sleeping",
      "read Google service configuration",
      "view network connections",
      "full network access",
      "run at startup",
      "use accounts on the device",
      "control vibration",
      "prevent device from sleeping"
    ]
  },
  "price": "",
  "rate": [
    [
      "24,862",
      "4.6"
    ],
    [
      "17,968",
      "5"
    ],
    [
      "4,700",
      "4"
    ],
    [
      "1,081",
      "3"
    ],
    [
      "464",
      "2"
    ],
    [
      "649",
      "1"
    ]
  ],
  "required_android": "Varies with",
  "reviews": [
    {
      "REQ_subtype": "",
      "REQ_type": "",
      "_id": 0,
      "author_id": "not defined",
      "author_name": "Monica Gurnani",
      "helpful": "0",
      "polarity": "",
      "rate": 3,
      "response": "Hi,\nThanks for your feedback about the Multilevel subtasking. I will transfer your suggestion to our product team for further evaluation.",
      "response_date": [
        "July",
        "2",
        " 2018"
      ],
      "review": "Pros: Way too many ways to categorize the tasks.. by priority, by tags, in \nfolders, in checklists, by the time.. Cons: no way to nest a sub-task under \na sub-task. Multilevel subtasking is a very important feature for me. I \nthink I will stick to Astrid despite of it being not updated any more! If I \ncould nest sub-tasks under sub-task and give tags to individual sub-tasks \nas well, I would happily buy the Pro version and stick to it for life!",
      "review_date": [
        "July",
        "2",
        " 2018"
      ]
    },
    {
      "REQ_subtype": "",
      "REQ_type": "",
      "_id": 1,
      "author_id": "not defined",
      "author_name": "Laszlo Toth",
      "helpful": "0",
      "polarity": "",
      "rate": 5,
      "response": "",
      "response_date": "",
      "review": "Exactly what I was looking for. Very clean, very smart. One thing I can't figure out: how to add multiple checklist items to a task? The app allows only one, then the Checklist option disappears from the menu.",
      "review_date": [
        "June",
        "30",
        " 2018"
      ]
    },
    {
      "REQ_subtype": "",
      "REQ_type": "",
      "_id": 2,
      "author_id": "not defined",
      "author_name": "Anthony Le",
      "helpful": "0",
      "polarity": "",
      "rate": 5,
      "response": "",
      "response_date": "",
      "review": "I've used OMNIFOCUS for the Macbook, and then I found another app on android that (actually two of them) that uses Omnifocus data on android.  A lot of the features were stripped and really buggy.    I've used 2DO on the Mac OS which works great, but there is no android app.    I've used todoist, which works on all platforms so solves a lot of my multi-platform issues but it's still lacking some things.  TickTick is basically todoist but better with more features.....I use it on my android phone...LOVE IT, use it on my macbook love it....use it on my iPad, love it.  It just works seamlessly together so well.  TickTick Rocks!",
      "review_date": [
        "July",
        "12",
        " 2018"
      ]
    },
    {
      "REQ_subtype": "",
      "REQ_type": "",
      "_id": 3,
      "author_id": "not defined",
      "author_name": "Ewa Zajac",
      "helpful": "0",
      "polarity": "",
      "rate": 5,
      "response": "",
      "response_date": "",
      "review": "Easy to use, great interface, replaced my paper diary very successfully as \nyou can easily reshuffle the weekly or daily plan when circumstances \nchange. If I could change one thing, it would be to be able to add the time \nof a particular action with fewer clicks, right now it's a bit hidden but \nit's not a major issue.",
      "review_date": [
        "July",
        "8",
        " 2018"
      ]
    },
    {
      "REQ_subtype": "",
      "REQ_type": "",
      "_id": 4,
      "author_id": "not defined",
      "author_name": "Sanjay Daga",
      "helpful": "0",
      "polarity": "",
      "rate": 4,
      "response": "Hi,\nPlease try to find which device has the sync issue. You can find the synced tasks on website https://ticktick.com.\nPlease send the logs to us via TickTick' Settings &gt; Feedback & Suggestion &gt; send feedback email to us (with the log file automatically)",
      "response_date": [
        "July",
        "1",
        " 2018"
      ],
      "review": "I am facing an issue with sync. I am using the same account on two \ndifferent devices. But, I am facing difficulty in keeping them synced. Can \nyou help? Other than that, favourite favourite app",
      "review_date": [
        "June",
        "30",
        " 2018"
      ]
    },
    {
      "REQ_subtype": "",
      "REQ_type": "",
      "_id": 5,
      "author_id": "not defined",
      "author_name": "Abdul Rauf",
      "helpful": "0",
      "polarity": "",
      "rate": 5,
      "response": "You can enable \"Status Bar\"(Settings -- Advanced Settings -- Status Bar) in the app.",
      "response_date": [
        "April",
        "16",
        " 2018"
      ],
      "review": "Excellent app. Only thing I miss from any.do is rotating tasks in \nnotification. Currently, it shows a same task in notification area \neverytime. It should change with time. I hope you add this feature.",
      "review_date": [
        "July",
        "6",
        " 2018"
      ]
    },
    {
      "REQ_subtype": "",
      "REQ_type": "",
      "_id": 6,
      "author_id": "not defined",
      "author_name": "JL P.",
      "helpful": "0",
      "polarity": "",
      "rate": 1,
      "response": "Sorry for that. Did you try to enable TickTick \"keep in background\" or allow all permissions for TickTick?",
      "response_date": [
        "July",
        "11",
        " 2018"
      ],
      "review": "Widget does not update with the app itself. I have items set to repeat \nDaily on the app. It shows on the app. It repeats on the app. The widget \nshows something different. Annoying.",
      "review_date": [
        "July",
        "10",
        " 2018"
      ]
    },
    {
      "REQ_subtype": "",
      "REQ_type": "",
      "_id": 7,
      "author_id": "not defined",
      "author_name": "Thea Nguyen",
      "helpful": "6",
      "polarity": "",
      "rate": 5,
      "response": "",
      "response_date": "",
      "review": "Perfect app. I hope there will be a cheaper premium plan option - with less \nfeatures of course. Couldn't afford to pay for 10+ different apps on my \nphone each month :)",
      "review_date": [
        "June",
        "29",
        " 2018"
      ]
    },
    {
      "REQ_subtype": "",
      "REQ_type": "",
      "_id": 8,
      "author_id": "not defined",
      "author_name": "Isabell Sigma",
      "helpful": "0",
      "polarity": "",
      "rate": 4,
      "response": "",
      "response_date": "",
      "review": "I only just got this app but as far as I can see this app is really good. \nThe only thing is that the weekly and daily view of the calender would be \nreally useful, but the pro version is far too expensive. And why are the \nfuture circles of an event not shown in the widget?",
      "review_date": [
        "July",
        "5",
        " 2018"
      ]
    },
    {
      "REQ_subtype": "",
      "REQ_type": "",
      "_id": 9,
      "author_id": "not defined",
      "author_name": "Ashley Rauschnot",
      "helpful": "0",
      "polarity": "",
      "rate": 5,
      "response": "",
      "response_date": "",
      "review": "Love that you can set recurring events that will calculate the next date \nbased on the COMPLETION date. This way if I forget to change the furnace \nfilter for a week, it won't make me change it again in three more weeks. It \nwill go out one more month from the time it was completed. Have searched \nfor a long time for a to-do app with this ability!",
      "review_date": [
        "July",
        "7",
        " 2018"
      ]
    },
    {
      "REQ_subtype": "",
      "REQ_type": "",
      "_id": 10,
      "author_id": "not defined",
      "author_name": "Patrick Reilly",
      "helpful": "13",
      "polarity": "",
      "rate": 5,
      "response": "",
      "response_date": "",
      "review": "I've been looking for a task manager and as with all things in life you \nalways find it the last place you look. Found. Update: The new features \nhave added to this excellent tool.",
      "review_date": [
        "July",
        "4",
        " 2018"
      ]
    },
    {
      "REQ_subtype": "",
      "REQ_type": "",
      "_id": 11,
      "author_id": "not defined",
      "author_name": "1reason2live",
      "helpful": "0",
      "polarity": "",
      "rate": 4,
      "response": "Hi,\nIs it a \"Daily Alert\" or an all day task with reminder?",
      "response_date": [
        "July",
        "5",
        " 2018"
      ],
      "review": "Good app. If there were fewer bug I would rate it higher. The most annoying \nbug is with Daily Reminder. I have the Daily Reminder set to Never but it \nstill goes off at 0900am.",
      "review_date": [
        "July",
        "3",
        " 2018"
      ]
    },
    {
      "REQ_subtype": "",
      "REQ_type": "",
      "_id": 12,
      "author_id": "not defined",
      "author_name": "A Google user",
      "helpful": "0",
      "polarity": "",
      "rate": 3,
      "response": "",
      "response_date": "",
      "review": "I like the ap ok but it would be better if when the items were unchecked \nthey were in alphabetical order. I use this for my grocery list and i have \nto scroll two and three times to find what I want. Other than that i really \nlike it.",
      "review_date": [
        "July",
        "16",
        " 2018"
      ]
    },
    {
      "REQ_subtype": "",
      "REQ_type": "",
      "_id": 13,
      "author_id": "not defined",
      "author_name": "Kathy P",
      "helpful": "1",
      "polarity": "",
      "rate": 5,
      "response": "",
      "response_date": "",
      "review": "Love this app for my shopping lists. Divide the lists into grocery, bulk, \ngeneral shopping for favorite bands w/style# etc. So handy to always have \nit available! Wouldn't be without it. Thanks",
      "review_date": [
        "July",
        "3",
        " 2018"
      ]
    },
    {
      "REQ_subtype": "",
      "REQ_type": "",
      "_id": 14,
      "author_id": "not defined",
      "author_name": "Justin Bamforth",
      "helpful": "0",
      "polarity": "",
      "rate": 4,
      "response": "Hi, do you long press the date area of the task? Pls try other area and check if it work well. Thx.",
      "response_date": [
        "June",
        "26",
        " 2018"
      ],
      "review": "One of my favorite to-do checklists. But the recent update no longer \nsupports a long press of tasks in order to select multiple tasks at once. \nThis was possible in previous versions.",
      "review_date": [
        "June",
        "26",
        " 2018"
      ]
    },
    {
      "REQ_subtype": "",
      "REQ_type": "",
      "_id": 15,
      "author_id": "not defined",
      "author_name": "David Zechiel",
      "helpful": "0",
      "polarity": "",
      "rate": 4,
      "response": "",
      "response_date": "",
      "review": "With a couple small enhancements (the ability to toggle all check boxes \non/off, or the ability to sort unchecked entries) this should rate five \nstars. As it is, it is still a very useful app, one that I use all the time.",
      "review_date": [
        "July",
        "10",
        " 2018"
      ]
    },
    {
      "REQ_subtype": "",
      "REQ_type": "",
      "_id": 16,
      "author_id": "not defined",
      "author_name": "Rachel Greene",
      "helpful": "0",
      "polarity": "",
      "rate": 5,
      "response": "",
      "response_date": "",
      "review": "I use it everyday! I love that I can make daily tasks, as well as apostate \nlists for groceries, movies I want to watch, and books to read. It's a very \nconvenient app!",
      "review_date": [
        "July",
        "3",
        " 2018"
      ]
    },
    {
      "REQ_subtype": "",
      "REQ_type": "",
      "_id": 17,
      "author_id": "not defined",
      "author_name": "A Google user",
      "helpful": "0",
      "polarity": "",
      "rate": 4,
      "response": "Thanks for your feedback. I've transferred to our product team to evaluate this suggestion.",
      "response_date": [
        "July",
        "13",
        " 2018"
      ],
      "review": "Pros: It has a pomodoro timer along with the to-do list which is \nincredible. Cons: It would be nice if the statistical analysis could be \ndone on the basis of hour and not pomo sessions. Also a weekly tablature of \nsessions woll be helpful. Currently I am using both this app and the Focus \ntimer Reborn. I like the other one more because of its very organised \nstatistical bar graph.",
      "review_date": [
        "July",
        "12",
        " 2018"
      ]
    },
    {
      "REQ_subtype": "",
      "REQ_type": "",
      "_id": 18,
      "author_id": "not defined",
      "author_name": "Nathan Taylor",
      "helpful": "0",
      "polarity": "",
      "rate": 3,
      "response": "",
      "response_date": "",
      "review": "Please offer a one time fee for premium! I use this app to keep track of my \nbills and would love to not pay a subscription based price.",
      "review_date": [
        "July",
        "5",
        " 2018"
      ]
    },
    {
      "REQ_subtype": "",
      "REQ_type": "",
      "_id": 19,
      "author_id": "not defined",
      "author_name": "Karl Pearson",
      "helpful": "0",
      "polarity": "",
      "rate": 5,
      "response": "",
      "response_date": "",
      "review": "I use this as a medication reminder, alarms and all. Why? because the 2 others I used a lot which did almost everything I wanted, have major problems I can't deal with. Eg, the alarm with one was to wake the screen, but didn't most of the time. That made turning the alarm off impossible until I could wake the screen, which it blocked, then open the app because the pop-up was dormant by the time the screen came to life. For some reason the developers of the other reminder app decided to put the med alarm on the same volume control as the ringtone. They moved it off the alarm volume, meaning when the phone is on silent, the alarm is too. Imagine my frustration at missing meds a couple times before I figured out what they'd done. Missing pain meds for one with chronic pain makes life nearly unbearable, and catching up takes a full day sometimes. When one is on opioids, the government controls them so you can't take extra, else the end of the prescription is impossible. When you have the type of pain that untreated causes you to curl up into the fetal position and lay on your bed with your eyes leaking in silent  screams, you'll know what I mean. I dumped both apps. TickTick ROCKS!!!",
      "review_date": [
        "July",
        "13",
        " 2018"
      ]
    },
    {
      "REQ_subtype": "",
      "REQ_type": "",
      "_id": 20,
      "author_id": "not defined",
      "author_name": "Scott Johnson",
      "helpful": "1",
      "polarity": "",
      "rate": 3,
      "response": "",
      "response_date": "",
      "review": "Limited usefulness. 9 lists for the free version. $28 a year for premium. \nIf you switch to a more reasonable payment (such as a one time purchase) \nI'll buy it.",
      "review_date": [
        "July",
        "8",
        " 2018"
      ]
    },
    {
      "REQ_subtype": "",
      "REQ_type": "",
      "_id": 21,
      "author_id": "not defined",
      "author_name": "Safi Rehman",
      "helpful": "0",
      "polarity": "",
      "rate": 3,
      "response": "",
      "response_date": "",
      "review": "If only you could add ability to view task as full note, so I can see full \ntask description, like how google keep does, then this would be the best \nto-do app ever! Please add this viewing option in settings",
      "review_date": [
        "June",
        "26",
        " 2018"
      ]
    },
    {
      "REQ_subtype": "",
      "REQ_type": "",
      "_id": 22,
      "author_id": "not defined",
      "author_name": "Jat Sahi",
      "helpful": "0",
      "polarity": "",
      "rate": 3,
      "response": "Hi, pls contact us via support@ticktick.com. BTW, provide a screenshot to us in the mail. We will look into the issue soon, Thx.",
      "response_date": [
        "June",
        "28",
        " 2018"
      ],
      "review": "Really like it but the Windows 10 app doesn't login using my Google OAuth \nso I can't see my list on my surfacepro I'm working around with the webapp \nbuy that needs a connection - rather have it native on Win10.",
      "review_date": [
        "June",
        "27",
        " 2018"
      ]
    },
    {
      "REQ_subtype": "",
      "REQ_type": "",
      "_id": 23,
      "author_id": "not defined",
      "author_name": "Shalom Steinbach",
      "helpful": "1",
      "polarity": "",
      "rate": 5,
      "response": "",
      "response_date": "",
      "review": "Perfect. Exactly what I was looking for. It's a barebones task list at it's \ncore but has just the right amount of added features to be a complete Todo \nsolution.",
      "review_date": [
        "July",
        "4",
        " 2018"
      ]
    },
    {
      "REQ_subtype": "",
      "REQ_type": "",
      "_id": 24,
      "author_id": "not defined",
      "author_name": "Raymond Phu",
      "helpful": "0",
      "polarity": "",
      "rate": 4,
      "response": "Hi, you can choose \"Show Future Cycles\" in the calendar view.",
      "response_date": [
        "June",
        "28",
        " 2018"
      ],
      "review": "Mostly great, but recurring events don't show up on calendar for future \ncycles until the current one has passed. This makes it tougher to plan with \nthose events.",
      "review_date": [
        "June",
        "27",
        " 2018"
      ]
    },
    {
      "REQ_subtype": "",
      "REQ_type": "",
      "_id": 25,
      "author_id": "not defined",
      "author_name": "Karan Mehta",
      "helpful": "0",
      "polarity": "",
      "rate": 4,
      "response": "",
      "response_date": "",
      "review": "Great app, TickTick has made it much easier to organise my day. Extremely \nsimple interface, great utility (even in the free version), and the widgets \njust make it even better!",
      "review_date": [
        "July",
        "4",
        " 2018"
      ]
    },
    {
      "REQ_subtype": "",
      "REQ_type": "",
      "_id": 26,
      "author_id": "not defined",
      "author_name": "Rufus Smith",
      "helpful": "0",
      "polarity": "",
      "rate": 5,
      "response": "",
      "response_date": "",
      "review": "I haven't been getting my reminders of late. The app sleeps all of the time.",
      "review_date": [
        "July",
        "14",
        " 2018"
      ]
    },
    {
      "REQ_subtype": "",
      "REQ_type": "",
      "_id": 27,
      "author_id": "not defined",
      "author_name": "A Google user",
      "helpful": "1",
      "polarity": "",
      "rate": 4,
      "response": "",
      "response_date": "",
      "review": "Fairly satisfied with this one (haven't tried many of its kind though so \ncan't compare much).",
      "review_date": [
        "July",
        "6",
        " 2018"
      ]
    },
    {
      "REQ_subtype": "",
      "REQ_type": "",
      "_id": 28,
      "author_id": "not defined",
      "author_name": "Dave Butcher",
      "helpful": "3",
      "polarity": "",
      "rate": 5,
      "response": "",
      "response_date": "",
      "review": "This is by far the best to do app that I have come across. Love it.",
      "review_date": [
        "July",
        "7",
        " 2018"
      ]
    },
    {
      "REQ_subtype": "",
      "REQ_type": "",
      "_id": 29,
      "author_id": "not defined",
      "author_name": "Chase Boone",
      "helpful": "0",
      "polarity": "",
      "rate": 5,
      "response": "",
      "response_date": "",
      "review": "A great replacement for Wunderlist; there's even a Wunderlist importer in \nthe Security and Data settings. The scheduling and Pomo features are very \nwell implemented in the app.",
      "review_date": [
        "July",
        "10",
        " 2018"
      ]
    },
    {
      "REQ_subtype": "",
      "REQ_type": "",
      "_id": 30,
      "author_id": "not defined",
      "author_name": "Hari Rezky Putra Kusman",
      "helpful": "0",
      "polarity": "",
      "rate": 5,
      "response": "",
      "response_date": "",
      "review": "I've tried all to do list app, this one is the most usable! At least as \nlong ads isnt in",
      "review_date": [
        "July",
        "8",
        " 2018"
      ]
    },
    {
      "REQ_subtype": "",
      "REQ_type": "",
      "_id": 31,
      "author_id": "not defined",
      "author_name": "\u0633\u064a\u0641 \u0647\u0634\u0627\u0645",
      "helpful": "0",
      "polarity": "",
      "rate": 4,
      "response": "",
      "response_date": "",
      "review": "Perfect app, just wish it had support on a windows platform or a webpage \naccess then I could have it everywhere",
      "review_date": [
        "July",
        "11",
        " 2018"
      ]
    },
    {
      "REQ_subtype": "",
      "REQ_type": "",
      "_id": 32,
      "author_id": "not defined",
      "author_name": "Anton Hartman",
      "helpful": "0",
      "polarity": "",
      "rate": 5,
      "response": "",
      "response_date": "",
      "review": "Great app really organized my life. I just wish there was a free trial to \ntry the pro version.",
      "review_date": [
        "July",
        "8",
        " 2018"
      ]
    },
    {
      "REQ_subtype": "",
      "REQ_type": "",
      "_id": 33,
      "author_id": "not defined",
      "author_name": "Andreas M\u00f8rk",
      "helpful": "0",
      "polarity": "",
      "rate": 4,
      "response": "",
      "response_date": "",
      "review": "Fine app, don't like subscription payment models. Would much rather have a \nsingle charge",
      "review_date": [
        "July",
        "5",
        " 2018"
      ]
    },
    {
      "REQ_subtype": "",
      "REQ_type": "",
      "_id": 34,
      "author_id": "not defined",
      "author_name": "Stanimir Nikolov",
      "helpful": "0",
      "polarity": "",
      "rate": 5,
      "response": "",
      "response_date": "",
      "review": "I have been looking for such app for ages. Thank you to the developers. It \nhas both calendar and list. Amazing!!!",
      "review_date": [
        "July",
        "13",
        " 2018"
      ]
    },
    {
      "REQ_subtype": "",
      "REQ_type": "",
      "_id": 35,
      "author_id": "not defined",
      "author_name": "Abdelrahman Fahmy",
      "helpful": "1",
      "polarity": "",
      "rate": 5,
      "response": "",
      "response_date": "",
      "review": "this is a great app for todo lists and tracking you progress on you happits \nand tasks",
      "review_date": [
        "June",
        "26",
        " 2018"
      ]
    },
    {
      "REQ_subtype": "",
      "REQ_type": "",
      "_id": 36,
      "author_id": "not defined",
      "author_name": "Guillaume Labrie",
      "helpful": "0",
      "polarity": "",
      "rate": 5,
      "response": "",
      "response_date": "",
      "review": "These days I am relying more and more on Tick Tick. Great app, thanks!",
      "review_date": [
        "June",
        "26",
        " 2018"
      ]
    },
    {
      "REQ_subtype": "",
      "REQ_type": "",
      "_id": 37,
      "author_id": "not defined",
      "author_name": "Meir Meir",
      "helpful": "0",
      "polarity": "",
      "rate": 5,
      "response": "",
      "response_date": "",
      "review": "Awesome product! Loving it badly",
      "review_date": [
        "July",
        "4",
        " 2018"
      ]
    },
    {
      "REQ_subtype": "",
      "REQ_type": "",
      "_id": 38,
      "author_id": "not defined",
      "author_name": "David D. Knoll AM",
      "helpful": "0",
      "polarity": "",
      "rate": 5,
      "response": "",
      "response_date": "",
      "review": "It is as good a holder of things you need to remember as Dumbledore's \npensive.",
      "review_date": [
        "July",
        "9",
        " 2018"
      ]
    },
    {
      "REQ_subtype": "",
      "REQ_type": "",
      "_id": 39,
      "author_id": "not defined",
      "author_name": "Maria Semenova",
      "helpful": "0",
      "polarity": "",
      "rate": 5,
      "response": "Hi,\nDid you want to subscribe the calendar event to TickTick?https://guide.ticktick.com/ios_app/3_how_to_subscribe_other_calendar_service.html",
      "response_date": [
        "July",
        "5",
        " 2018"
      ],
      "review": "\u0412\u0441\u0435 \u043e\u0442\u043b\u0438\u0447\u043d\u043e. \u041e\u0442\u0434\u0435\u043b\u044c\u043d\u043e\u0435 \u0441\u043f\u0430\u0441\u0438\u0431\u043e \u0437\u0430 \u0438\u043d\u0442\u0435\u0433\u0440\u0430\u0446\u0438\u044e \u043a\u0430\u043b\u0435\u043d\u0434\u0430\u0440\u044f \u0413\u0443\u0433\u043b \u0432 \u0422\u0438\u043a.",
      "review_date": [
        "July",
        "5",
        " 2018"
      ]
    },
    {
      "REQ_subtype": "",
      "REQ_type": "",
      "_id": 40,
      "author_id": "not defined",
      "author_name": "Richard Roberts",
      "helpful": "0",
      "polarity": "",
      "rate": 5,
      "response": "",
      "response_date": "",
      "review": "I have tried many apps and this is the one I keep coming back to",
      "review_date": [
        "July",
        "2",
        " 2018"
      ]
    },
    {
      "REQ_subtype": "",
      "REQ_type": "",
      "_id": 41,
      "author_id": "not defined",
      "author_name": "hussam zawam",
      "helpful": "0",
      "polarity": "",
      "rate": 5,
      "response": "",
      "response_date": "",
      "review": "Just as expected to do worklists then mark what is finished",
      "review_date": [
        "July",
        "9",
        " 2018"
      ]
    },
    {
      "REQ_subtype": "",
      "REQ_type": "",
      "_id": 42,
      "author_id": "not defined",
      "author_name": "A'Lyah Releford",
      "helpful": "0",
      "polarity": "",
      "rate": 3,
      "response": "",
      "response_date": "",
      "review": "I like the app, but would love some more features on the free version",
      "review_date": [
        "July",
        "9",
        " 2018"
      ]
    },
    {
      "REQ_subtype": "",
      "REQ_type": "",
      "_id": 43,
      "author_id": "not defined",
      "author_name": "noor hafizah zainudin",
      "helpful": "2",
      "polarity": "",
      "rate": 1,
      "response": "",
      "response_date": "",
      "review": "Too expensive!",
      "review_date": [
        "June",
        "27",
        " 2018"
      ]
    },
    {
      "REQ_subtype": "",
      "REQ_type": "",
      "_id": 44,
      "author_id": "not defined",
      "author_name": "#dancer 4 life",
      "helpful": "0",
      "polarity": "",
      "rate": 5,
      "response": "",
      "response_date": "",
      "review": "Well you feel really good because now your just so organized",
      "review_date": [
        "June",
        "26",
        " 2018"
      ]
    },
    {
      "REQ_subtype": "",
      "REQ_type": "",
      "_id": 45,
      "author_id": "not defined",
      "author_name": "John Chan",
      "helpful": "0",
      "polarity": "",
      "rate": 5,
      "response": "",
      "response_date": "",
      "review": "What would I do without it",
      "review_date": [
        "July",
        "3",
        " 2018"
      ]
    },
    {
      "REQ_subtype": "",
      "REQ_type": "",
      "_id": 46,
      "author_id": "not defined",
      "author_name": "Csaba Tamas",
      "helpful": "0",
      "polarity": "",
      "rate": 5,
      "response": "",
      "response_date": "",
      "review": "Whoever did this, had definitely used such application before. Great job.",
      "review_date": [
        "July",
        "7",
        " 2018"
      ]
    },
    {
      "REQ_subtype": "",
      "REQ_type": "",
      "_id": 47,
      "author_id": "not defined",
      "author_name": "L\u00e9o Santos",
      "helpful": "0",
      "polarity": "",
      "rate": 5,
      "response": "",
      "response_date": "",
      "review": "These guys nailed it with this app",
      "review_date": [
        "June",
        "29",
        " 2018"
      ]
    },
    {
      "REQ_subtype": "",
      "REQ_type": "",
      "_id": 48,
      "author_id": "not defined",
      "author_name": "Sunil Veluchamy",
      "helpful": "0",
      "polarity": "",
      "rate": 3,
      "response": "Hi, you can swipe task to postpone. Refer to this: https://guide.ticktick.com/android_app/8_how_to_swipe_tasks_for_quick_actions.html.",
      "response_date": [
        "June",
        "26",
        " 2018"
      ],
      "review": "Very good app. Deferring tasks by using Start date is missing.",
      "review_date": [
        "June",
        "25",
        " 2018"
      ]
    },
    {
      "REQ_subtype": "",
      "REQ_type": "",
      "_id": 49,
      "author_id": "not defined",
      "author_name": "Rob R",
      "helpful": "0",
      "polarity": "",
      "rate": 5,
      "response": "",
      "response_date": "",
      "review": "Does exactly what I need it to do. Fast, simple and functional.",
      "review_date": [
        "July",
        "14",
        " 2018"
      ]
    },
    {
      "REQ_subtype": "",
      "REQ_type": "",
      "_id": 50,
      "author_id": "not defined",
      "author_name": "ItzzAshley",
      "helpful": "0",
      "polarity": "",
      "rate": 5,
      "response": "",
      "response_date": "",
      "review": "I \u2764\ud83d\udc9b\ud83d\udc9a\ud83d\udc9a\ud83d\udc99\ud83d\udc9c this app can't live without it \ud83d\udc8b",
      "review_date": [
        "July",
        "9",
        " 2018"
      ]
    },
    {
      "REQ_subtype": "",
      "REQ_type": "",
      "_id": 51,
      "author_id": "not defined",
      "author_name": "David E\u0161ner",
      "helpful": "0",
      "polarity": "",
      "rate": 5,
      "response": "",
      "response_date": "",
      "review": "Tasks in calendar, easy prioritization, only usefull app in shop",
      "review_date": [
        "July",
        "14",
        " 2018"
      ]
    },
    {
      "REQ_subtype": "",
      "REQ_type": "",
      "_id": 52,
      "author_id": "not defined",
      "author_name": "A Google user",
      "helpful": "0",
      "polarity": "",
      "rate": 5,
      "response": "",
      "response_date": "",
      "review": "Tested all to do list. This one the best far.",
      "review_date": [
        "July",
        "6",
        " 2018"
      ]
    },
    {
      "REQ_subtype": "",
      "REQ_type": "",
      "_id": 53,
      "author_id": "not defined",
      "author_name": "primrose nyx",
      "helpful": "0",
      "polarity": "",
      "rate": 5,
      "response": "",
      "response_date": "",
      "review": "This is the best app I've been looking for!",
      "review_date": [
        "July",
        "9",
        " 2018"
      ]
    },
    {
      "REQ_subtype": "",
      "REQ_type": "",
      "_id": 54,
      "author_id": "not defined",
      "author_name": "Ronak Patil",
      "helpful": "0",
      "polarity": "",
      "rate": 5,
      "response": "",
      "response_date": "",
      "review": "Fantastic app. It's clean, simple, and it works perfectly.",
      "review_date": [
        "July",
        "10",
        " 2018"
      ]
    },
    {
      "REQ_subtype": "",
      "REQ_type": "",
      "_id": 55,
      "author_id": "not defined",
      "author_name": "Dana van Bever",
      "helpful": "0",
      "polarity": "",
      "rate": 5,
      "response": "",
      "response_date": "",
      "review": "Use it daily.",
      "review_date": [
        "July",
        "10",
        " 2018"
      ]
    },
    {
      "REQ_subtype": "",
      "REQ_type": "",
      "_id": 56,
      "author_id": "not defined",
      "author_name": "Sekhar patnaik",
      "helpful": "1",
      "polarity": "",
      "rate": 5,
      "response": "",
      "response_date": "",
      "review": "Good job creator...",
      "review_date": [
        "July",
        "1",
        " 2018"
      ]
    },
    {
      "REQ_subtype": "",
      "REQ_type": "",
      "_id": 57,
      "author_id": "not defined",
      "author_name": "Barry Hudson",
      "helpful": "0",
      "polarity": "",
      "rate": 5,
      "response": "",
      "response_date": "",
      "review": "Easy to use, effective tool for reminders",
      "review_date": [
        "July",
        "15",
        " 2018"
      ]
    },
    {
      "REQ_subtype": "",
      "REQ_type": "",
      "_id": 58,
      "author_id": "not defined",
      "author_name": "Wei Sian Leong",
      "helpful": "0",
      "polarity": "",
      "rate": 4,
      "response": "",
      "response_date": "",
      "review": "Overall, i am happy with this app.",
      "review_date": [
        "July",
        "15",
        " 2018"
      ]
    },
    {
      "REQ_subtype": "",
      "REQ_type": "",
      "_id": 59,
      "author_id": "not defined",
      "author_name": "Tim P.",
      "helpful": "0",
      "polarity": "",
      "rate": 5,
      "response": "",
      "response_date": "",
      "review": "One of the best to do apps around....",
      "review_date": [
        "June",
        "30",
        " 2018"
      ]
    },
    {
      "REQ_subtype": "",
      "REQ_type": "",
      "_id": 60,
      "author_id": "not defined",
      "author_name": "Tabish Asifi",
      "helpful": "0",
      "polarity": "",
      "rate": 5,
      "response": "",
      "response_date": "",
      "review": "Awesome.. even the free version",
      "review_date": [
        "July",
        "3",
        " 2018"
      ]
    },
    {
      "REQ_subtype": "",
      "REQ_type": "",
      "_id": 61,
      "author_id": "not defined",
      "author_name": "LNI H",
      "helpful": "0",
      "polarity": "",
      "rate": 3,
      "response": "Hi,\nPlease tell your suggestions to us via Settings - Feedback & Suggestion - Send Feedback.",
      "response_date": [
        "July",
        "5",
        " 2018"
      ],
      "review": "It can be much better",
      "review_date": [
        "July",
        "3",
        " 2018"
      ]
    },
    {
      "REQ_subtype": "",
      "REQ_type": "",
      "_id": 62,
      "author_id": "not defined",
      "author_name": "Ilya Ponomarenko",
      "helpful": "0",
      "polarity": "",
      "rate": 5,
      "response": "",
      "response_date": "",
      "review": "Great Todo app!",
      "review_date": [
        "July",
        "8",
        " 2018"
      ]
    },
    {
      "REQ_subtype": "",
      "REQ_type": "",
      "_id": 63,
      "author_id": "not defined",
      "author_name": "Ravindra Singh",
      "helpful": "0",
      "polarity": "",
      "rate": 5,
      "response": "",
      "response_date": "",
      "review": "Great and user friendly.",
      "review_date": [
        "June",
        "28",
        " 2018"
      ]
    },
    {
      "REQ_subtype": "",
      "REQ_type": "",
      "_id": 64,
      "author_id": "not defined",
      "author_name": "CA Vishnu Agrawal",
      "helpful": "0",
      "polarity": "",
      "rate": 5,
      "response": "",
      "response_date": "",
      "review": "To my satisfaction",
      "review_date": [
        "June",
        "29",
        " 2018"
      ]
    },
    {
      "REQ_subtype": "",
      "REQ_type": "",
      "_id": 65,
      "author_id": "not defined",
      "author_name": "Lean Guardia",
      "helpful": "0",
      "polarity": "",
      "rate": 5,
      "response": "",
      "response_date": "",
      "review": "Simple and very useful",
      "review_date": [
        "July",
        "12",
        " 2018"
      ]
    },
    {
      "REQ_subtype": "",
      "REQ_type": "",
      "_id": 66,
      "author_id": "not defined",
      "author_name": "Peris Wanja",
      "helpful": "0",
      "polarity": "",
      "rate": 5,
      "response": "",
      "response_date": "",
      "review": "Easy to use.",
      "review_date": [
        "July",
        "6",
        " 2018"
      ]
    },
    {
      "REQ_subtype": "",
      "REQ_type": "",
      "_id": 67,
      "author_id": "not defined",
      "author_name": "Marilyn Winters",
      "helpful": "0",
      "polarity": "",
      "rate": 5,
      "response": "",
      "response_date": "",
      "review": "Love it! Love it!",
      "review_date": [
        "July",
        "14",
        " 2018"
      ]
    },
    {
      "REQ_subtype": "",
      "REQ_type": "",
      "_id": 68,
      "author_id": "not defined",
      "author_name": "Lucas shi",
      "helpful": "0",
      "polarity": "",
      "rate": 5,
      "response": "",
      "response_date": "",
      "review": "good enough",
      "review_date": [
        "June",
        "29",
        " 2018"
      ]
    },
    {
      "REQ_subtype": "",
      "REQ_type": "",
      "_id": 69,
      "author_id": "not defined",
      "author_name": "Yang Dou",
      "helpful": "0",
      "polarity": "",
      "rate": 5,
      "response": "",
      "response_date": "",
      "review": "The best",
      "review_date": [
        "July",
        "7",
        " 2018"
      ]
    },
    {
      "REQ_subtype": "",
      "REQ_type": "",
      "_id": 70,
      "author_id": "not defined",
      "author_name": "Nam Do Van",
      "helpful": "0",
      "polarity": "",
      "rate": 5,
      "response": "",
      "response_date": "",
      "review": "The great",
      "review_date": [
        "July",
        "8",
        " 2018"
      ]
    },
    {
      "REQ_subtype": "",
      "REQ_type": "",
      "_id": 71,
      "author_id": "not defined",
      "author_name": "VIRENDRA KUSHWAHA",
      "helpful": "0",
      "polarity": "",
      "rate": 4,
      "response": "",
      "response_date": "",
      "review": "Nice.",
      "review_date": [
        "June",
        "27",
        " 2018"
      ]
    },
    {
      "REQ_subtype": "",
      "REQ_type": "",
      "_id": 72,
      "author_id": "not defined",
      "author_name": "Mohamed A Mohamed",
      "helpful": "1",
      "polarity": "",
      "rate": 5,
      "response": "",
      "response_date": "",
      "review": "Love it",
      "review_date": [
        "July",
        "2",
        " 2018"
      ]
    },
    {
      "REQ_subtype": "",
      "REQ_type": "",
      "_id": 73,
      "author_id": "not defined",
      "author_name": "vmaxv4",
      "helpful": "0",
      "polarity": "",
      "rate": 5,
      "response": "",
      "response_date": "",
      "review": "Great",
      "review_date": [
        "July",
        "11",
        " 2018"
      ]
    },
    {
      "REQ_subtype": "",
      "REQ_type": "",
      "_id": 74,
      "author_id": "not defined",
      "author_name": "A Google user",
      "helpful": "0",
      "polarity": "",
      "rate": 4,
      "response": "Product team will follow up on this. ^_^",
      "response_date": [
        "June",
        "15",
        " 2018"
      ],
      "review": "Pomo could use improvements. The red background doesn't match user theme. \nDistracting sound gap when ambient noise loops. Please look into the app \nNoisli for ambient sound implementation. Perhaps allow greater \ncustomization (mix/match, volume control) and higher quality recordings. \nEdit: Thank you!",
      "review_date": [
        "June",
        "21",
        " 2018"
      ]
    },
    {
      "REQ_subtype": "",
      "REQ_type": "",
      "_id": 75,
      "author_id": "not defined",
      "author_name": "Nati Ben-Menachem",
      "helpful": "0",
      "polarity": "",
      "rate": 5,
      "response": "",
      "response_date": "",
      "review": "This is by far the best to do app I experienced. I tried the five most popular apps and several others. Its most important features for me are tags, list (which is actually exclusive tag) - the ability to get a view for each tag and list, search task, and reminder. Easily change priority by dragging.",
      "review_date": [
        "June",
        "21",
        " 2018"
      ]
    },
    {
      "REQ_subtype": "",
      "REQ_type": "",
      "_id": 76,
      "author_id": "not defined",
      "author_name": "Pocket Survey",
      "helpful": "2",
      "polarity": "",
      "rate": 1,
      "response": "You can remove the TickTick information manually.",
      "response_date": [
        "April",
        "23",
        " 2018"
      ],
      "review": "I love this program could be 5 stars BUT... 1. New Tag system means you \ncannot tag sub tasks anymore! 2. Sharing a task adds Tick Tick to the \nshared text in the paid version. This not good and means you have to remove \nit every time! WORSE IS THE Developer response I got below, clearly \nindicates they do not understand usability issues reported from good users. \n\" You can remove the TickTick information manually.\" REALLY!!! Not a good \nsuggestion for a productivity product. Should be 5 Stars but for one thing, \nwhen you share anything from tick tick it always puts tick tick in the \nshared information!!!! This is so so annoying, especially in the paid \nversion, this should not be in the paid version at all!! If this was fixed \nit would be five stars definitely. So until this is fixed this review will \nremain at one star, which a real shame. Hopefully the developers will see \nthis and I can then give them five stars",
      "review_date": [
        "June",
        "21",
        " 2018"
      ]
    },
    {
      "REQ_subtype": "",
      "REQ_type": "",
      "_id": 77,
      "author_id": "not defined",
      "author_name": "Space Cadet",
      "helpful": "0",
      "polarity": "",
      "rate": 1,
      "response": "Hi Space, product team have evaluated the suggestion you mentioned above. it is not in our plan. Please add a new task instead.",
      "response_date": [
        "February",
        "28",
        " 2018"
      ],
      "review": "**** DO NOT USE THIS APP FOR RECURRING LISTS **** App does not have option \nto alphabetically sort completed checklist items, only sorts uncompleted \nitems. Huge time waster searching and re-searching a normal, even small, \ncompleted list to re-add items to your active list for the next use. \nExample: For keeping running grocery lists for separate stores, I type a \nproduct (tomatoes) into my list and check it off when picked up in store. \nLater, to add same product (tomatoes) back to pickup list I have to examine \na long UNSORTED completed list, then scroll down, read more list entries, \nthen scroll again, read some more, VERY tired of wasting time searching for \nsomething that could be alphabetical and then having multiples of the same \nitem on my list cause I can't find the item. Begging for this feature since \nmid 2016. Developer is deaf and dumb.",
      "review_date": [
        "June",
        "22",
        " 2018"
      ]
    },
    {
      "REQ_subtype": "",
      "REQ_type": "",
      "_id": 78,
      "author_id": "not defined",
      "author_name": "Kim Novick",
      "helpful": "0",
      "polarity": "",
      "rate": 5,
      "response": "",
      "response_date": "",
      "review": "I've tried them all. Lightweights and heavyweights. Love that I can see my \ncalendar in tick tick and can see my tick tick in my calendar. Litewait \nenough to use. Great functionality when I need it. It's a checklist. When I \nneed real lifting power i use Monday or Teamwork. Also great documentation \nfor tick tick.",
      "review_date": [
        "June",
        "25",
        " 2018"
      ]
    },
    {
      "REQ_subtype": "",
      "REQ_type": "",
      "_id": 79,
      "author_id": "not defined",
      "author_name": "Nick Prinsloo",
      "helpful": "1",
      "polarity": "",
      "rate": 5,
      "response": "",
      "response_date": "",
      "review": "Best ToDo app I've used. I like the fact that I have it on my phone and my \nPC. Keep up the good work.",
      "review_date": [
        "June",
        "22",
        " 2018"
      ]
    },
    {
      "REQ_subtype": "",
      "REQ_type": "",
      "_id": 80,
      "author_id": "not defined",
      "author_name": "Vesal Mahboubi",
      "helpful": "0",
      "polarity": "",
      "rate": 5,
      "response": "",
      "response_date": "",
      "review": "\u06cc\u0647 \u0646\u0631\u0645 \u0627\u0641\u0632\u0627\u0631 \u0639\u0627\u0644\u06cc \u0628\u0631\u0627\u06cc \u0645\u062f\u06cc\u0631\u06cc\u062a \u0648 \u0632\u0645\u0627\u0646 \u0628\u0646\u062f\u06cc \u06a9\u0627\u0631\u0647\u0627 \u0628\u0627 \u0642\u0627\u0628\u0644\u06cc\u062a \u0628\u0647 \u0627\u0634\u062a\u0631\u0627\u06a9 \u06af\u0630\u0627\u0631\u06cc \n\u0644\u06cc\u0633\u062a \u0647\u0627",
      "review_date": [
        "June",
        "23",
        " 2018"
      ]
    },
    {
      "REQ_subtype": "",
      "REQ_type": "",
      "_id": 81,
      "author_id": "not defined",
      "author_name": "Fuad Sahinovic",
      "helpful": "0",
      "polarity": "",
      "rate": 5,
      "response": "Hi, TickTick already supports this function. ^_^ https://guide.ticktick.com/android_app/10_how_to_upload_attachment.html",
      "response_date": [
        "June",
        "25",
        " 2018"
      ],
      "review": "Great app and automatic import from wunderlist possible - switched now for \nthe calendar options no provided by wunderlist. Thanks!",
      "review_date": [
        "June",
        "25",
        " 2018"
      ]
    },
    {
      "REQ_subtype": "",
      "REQ_type": "",
      "_id": 82,
      "author_id": "not defined",
      "author_name": "Fariha Tahani Mimi",
      "helpful": "0",
      "polarity": "",
      "rate": 5,
      "response": "",
      "response_date": "",
      "review": "The simplicity of this app makes it really useful. I love it and it really \nhelped me be more organized",
      "review_date": [
        "June",
        "21",
        " 2018"
      ]
    },
    {
      "REQ_subtype": "",
      "REQ_type": "",
      "_id": 83,
      "author_id": "not defined",
      "author_name": "Dev Ahuja",
      "helpful": "0",
      "polarity": "",
      "rate": 5,
      "response": "",
      "response_date": "",
      "review": "Evwrything is perfect..would be cool if u add material design like \nwunderlist",
      "review_date": [
        "June",
        "24",
        " 2018"
      ]
    },
    {
      "REQ_subtype": "",
      "REQ_type": "",
      "_id": 84,
      "author_id": "not defined",
      "author_name": "Renjith R",
      "helpful": "2",
      "polarity": "",
      "rate": 5,
      "response": "Hi , could you check settings - reminder - reminder not working ?",
      "response_date": [
        "September",
        "25",
        " 2017"
      ],
      "review": "Great UI and User friendly",
      "review_date": [
        "June",
        "25",
        " 2018"
      ]
    },
    {
      "REQ_subtype": "",
      "REQ_type": "",
      "_id": 85,
      "author_id": "not defined",
      "author_name": "Patryk Jab\u0142o\u0144ski",
      "helpful": "0",
      "polarity": "",
      "rate": 5,
      "response": "",
      "response_date": "",
      "review": "Very good application. Looks very flat and easy. Good job",
      "review_date": [
        "June",
        "21",
        " 2018"
      ]
    },
    {
      "REQ_subtype": "",
      "REQ_type": "",
      "_id": 86,
      "author_id": "not defined",
      "author_name": "Josi Grinboju",
      "helpful": "0",
      "polarity": "",
      "rate": 5,
      "response": "",
      "response_date": "",
      "review": "Makes my life easy. Works like a charm. Nice, clean, stable, easy.",
      "review_date": [
        "June",
        "21",
        " 2018"
      ]
    },
    {
      "REQ_subtype": "",
      "REQ_type": "",
      "_id": 87,
      "author_id": "not defined",
      "author_name": "Raii Jones",
      "helpful": "0",
      "polarity": "",
      "rate": 5,
      "response": "",
      "response_date": "",
      "review": "does exactly what it shouldbe doing. totally recommend it \u2661",
      "review_date": [
        "June",
        "29",
        " 2018"
      ]
    },
    {
      "REQ_subtype": "",
      "REQ_type": "",
      "_id": 88,
      "author_id": "not defined",
      "author_name": "Marilyn Brown",
      "helpful": "0",
      "polarity": "",
      "rate": 4,
      "response": "",
      "response_date": "",
      "review": "Best ToDo List I have found",
      "review_date": [
        "June",
        "21",
        " 2018"
      ]
    },
    {
      "REQ_subtype": "",
      "REQ_type": "",
      "_id": 89,
      "author_id": "not defined",
      "author_name": "Begum Kacmaz",
      "helpful": "0",
      "polarity": "",
      "rate": 5,
      "response": "",
      "response_date": "",
      "review": "Absolutely neat, 100% organized \u2714\ufe0f\u2611\ufe0f",
      "review_date": [
        "June",
        "23",
        " 2018"
      ]
    },
    {
      "REQ_subtype": "",
      "REQ_type": "",
      "_id": 90,
      "author_id": "not defined",
      "author_name": "Sergiy Just",
      "helpful": "0",
      "polarity": "",
      "rate": 3,
      "response": "",
      "response_date": "",
      "review": "Good design & functionality, worth to try",
      "review_date": [
        "June",
        "29",
        " 2018"
      ]
    },
    {
      "REQ_subtype": "",
      "REQ_type": "",
      "_id": 91,
      "author_id": "not defined",
      "author_name": "Kurt K",
      "helpful": "0",
      "polarity": "",
      "rate": 5,
      "response": "",
      "response_date": "",
      "review": "It's easy to use and super useful",
      "review_date": [
        "June",
        "24",
        " 2018"
      ]
    },
    {
      "REQ_subtype": "",
      "REQ_type": "",
      "_id": 92,
      "author_id": "not defined",
      "author_name": "Michael Jewell",
      "helpful": "0",
      "polarity": "",
      "rate": 5,
      "response": "",
      "response_date": "",
      "review": "Easy fast period",
      "review_date": [
        "June",
        "20",
        " 2018"
      ]
    },
    {
      "REQ_subtype": "",
      "REQ_type": "",
      "_id": 93,
      "author_id": "not defined",
      "author_name": "Eduardo Albrecht",
      "helpful": "0",
      "polarity": "",
      "rate": 5,
      "response": "",
      "response_date": "",
      "review": "Awesome!!",
      "review_date": [
        "June",
        "22",
        " 2018"
      ]
    },
    {
      "REQ_subtype": "",
      "REQ_type": "",
      "_id": 94,
      "author_id": "not defined",
      "author_name": "LIVINA 1917",
      "helpful": "0",
      "polarity": "",
      "rate": 4,
      "response": "",
      "response_date": "",
      "review": "Good application",
      "review_date": [
        "June",
        "22",
        " 2018"
      ]
    },
    {
      "REQ_subtype": "",
      "REQ_type": "",
      "_id": 95,
      "author_id": "not defined",
      "author_name": "simulacrumindia",
      "helpful": "5",
      "polarity": "",
      "rate": 3,
      "response": "We will add this function in the MacBook App later.",
      "response_date": [
        "June",
        "20",
        " 2018"
      ],
      "review": "Deeply disappointed as the calendar events don't show in the MacBook App. A \ndeal breaker for me. I have paid for the app. I want a refund.",
      "review_date": [
        "June",
        "18",
        " 2018"
      ]
    },
    {
      "REQ_subtype": "",
      "REQ_type": "",
      "_id": 96,
      "author_id": "not defined",
      "author_name": "Marcelo Toledo Simoni",
      "helpful": "1",
      "polarity": "",
      "rate": 5,
      "response": "",
      "response_date": "",
      "review": "Easy to use, clear, beautiful. It's perfect with GTD. Without Ads and full \nof useful features I think is the best solution in the Play Store to \norganize your life.",
      "review_date": [
        "June",
        "18",
        " 2018"
      ]
    },
    {
      "REQ_subtype": "",
      "REQ_type": "",
      "_id": 97,
      "author_id": "not defined",
      "author_name": "Musa Ahmed",
      "helpful": "0",
      "polarity": "",
      "rate": 5,
      "response": "",
      "response_date": "",
      "review": "My most used app! Couldn't ask for anything better",
      "review_date": [
        "June",
        "21",
        " 2018"
      ]
    },
    {
      "REQ_subtype": "",
      "REQ_type": "",
      "_id": 98,
      "author_id": "not defined",
      "author_name": "Mister Sir",
      "helpful": "0",
      "polarity": "",
      "rate": 5,
      "response": "",
      "response_date": "",
      "review": "The best of them all ;)) (this is for free version, which I'm using) I can \nset reminders, repeating tasks and add task description easily and fast",
      "review_date": [
        "June",
        "18",
        " 2018"
      ]
    },
    {
      "REQ_subtype": "",
      "REQ_type": "",
      "_id": 99,
      "author_id": "not defined",
      "author_name": "Joanne Lim",
      "helpful": "0",
      "polarity": "",
      "rate": 5,
      "response": "",
      "response_date": "",
      "review": "Now that Gmail has new features, would be great if tick-tick has an app \nextension in gmail or at least has the ability to sync with Google task",
      "review_date": [
        "June",
        "18",
        " 2018"
      ]
    },
    {
      "REQ_subtype": "",
      "REQ_type": "",
      "_id": 100,
      "author_id": "not defined",
      "author_name": "A Google user",
      "helpful": "0",
      "polarity": "",
      "rate": 2,
      "response": "Sorry for the confusion. We update version when we realize some detail need to be improved or bug need to resolved immediately. We will try our best to provide better application.",
      "response_date": [
        "June",
        "23",
        " 2018"
      ],
      "review": "Since installing it, it's needed updates every day. I just think software \nshouldn't need daily updates.",
      "review_date": [
        "June",
        "21",
        " 2018"
      ]
    },
    {
      "REQ_subtype": "",
      "REQ_type": "",
      "_id": 101,
      "author_id": "not defined",
      "author_name": "Tomislav Simic",
      "helpful": "1",
      "polarity": "",
      "rate": 5,
      "response": "This new version includes bug fixes as well. Have you encountered any bug that has not been fixed? You can post at help.ticktick.com or email us directly at support@ticktick.com so that we can have a further look. ",
      "response_date": [
        "January",
        "5",
        " 2015"
      ],
      "review": "Does all that I need, and then some.",
      "review_date": [
        "June",
        "19",
        " 2018"
      ]
    },
    {
      "REQ_subtype": "",
      "REQ_type": "",
      "_id": 102,
      "author_id": "not defined",
      "author_name": "Steven Chanthavong",
      "helpful": "0",
      "polarity": "",
      "rate": 5,
      "response": "",
      "response_date": "",
      "review": "This is my planner app of choice hands down.",
      "review_date": [
        "June",
        "19",
        " 2018"
      ]
    },
    {
      "REQ_subtype": "",
      "REQ_type": "",
      "_id": 103,
      "author_id": "not defined",
      "author_name": "Danielle Birney",
      "helpful": "0",
      "polarity": "",
      "rate": 5,
      "response": "",
      "response_date": "",
      "review": "My one stop shop for scheduling, to dos, and time tracking.",
      "review_date": [
        "July",
        "3",
        " 2018"
      ]
    },
    {
      "REQ_subtype": "",
      "REQ_type": "",
      "_id": 104,
      "author_id": "not defined",
      "author_name": "PFFlyers24",
      "helpful": "0",
      "polarity": "",
      "rate": 3,
      "response": "",
      "response_date": "",
      "review": "\"Simple is the new smart.\" More about the app (cool bells & whistles) than \nthe tasks. And where is a 2x2 widget that is readable but does not take up \nhalf your page? And why limits on # of lists? And don't we all have too \nmany cloud accounts without setting up another one? Try Gtasks. Syncs with \ngmail, normal size widget.",
      "review_date": [
        "June",
        "5",
        " 2018"
      ]
    },
    {
      "REQ_subtype": "",
      "REQ_type": "",
      "_id": 105,
      "author_id": "not defined",
      "author_name": "Michael West",
      "helpful": "0",
      "polarity": "",
      "rate": 5,
      "response": "",
      "response_date": "",
      "review": "Love it! Evernote, Wunderlist, long time user. Great replacement. Just \nenough very simple with complexity when needed.Y favorite part is the \nweekly interactive widget, and the clean UI. I don't like subscription \nbased cost system, but signed up for this one.",
      "review_date": [
        "June",
        "10",
        " 2018"
      ]
    },
    {
      "REQ_subtype": "",
      "REQ_type": "",
      "_id": 106,
      "author_id": "not defined",
      "author_name": "Kate Roberts",
      "helpful": "1",
      "polarity": "",
      "rate": 5,
      "response": "Thanks. \u2665",
      "response_date": [
        "June",
        "23",
        " 2018"
      ],
      "review": "Folks, the search is over. Best to-do list app by a country mile: I've \nnever been so able to stay focused and organised as I am using this app. \nWonderful to find out that I wasn't actually a hopeless case, I just needed \nthe right method \ud83d\ude09 This app is everything I've ever needed for personal \nand work organisation, right down to integration of the pomodoro technique. \nHappily paying the small monthly subscription - can't put a price on an \nexit from chaos and frustration! Please never disappear \u2665",
      "review_date": [
        "June",
        "15",
        " 2018"
      ]
    },
    {
      "REQ_subtype": "",
      "REQ_type": "",
      "_id": 107,
      "author_id": "not defined",
      "author_name": "Ben & Heidi Werdal",
      "helpful": "0",
      "polarity": "",
      "rate": 2,
      "response": "Really sorry for the inconveniences. Please go to Settings, Send Feedback and email us (the email will auto collect the error log). We will look into the problem asap.",
      "response_date": [
        "June",
        "5",
        " 2018"
      ],
      "review": "I LOOOVE this app! It would give 5 stars, if only it would work\ud83d\ude26. It's \nbeen bad for crashing for months, but I put up with it because I use it so \nmuch. With the last update thigh, it's even worse. I can't put the widget \non my phone, it crashes everytime I try, it doesn't give me my reminders \nand crashes half the time I try to use it! Please fix and I'll give 5 \nstars!!!",
      "review_date": [
        "June",
        "4",
        " 2018"
      ]
    },
    {
      "REQ_subtype": "",
      "REQ_type": "",
      "_id": 108,
      "author_id": "not defined",
      "author_name": "Kishore Kirani",
      "helpful": "0",
      "polarity": "",
      "rate": 4,
      "response": "HI Kishore, we will improve this in the later release version.",
      "response_date": [
        "June",
        "7",
        " 2018"
      ],
      "review": "I have been using this for quite sometime now. No nonsense app, gets the \njob done. But after Oreo update, I can't seem to find custom notification \nsound for Ticktick. Earlier i had set a custom sound for reminder which was \nvery useful. This is the only issue for me.",
      "review_date": [
        "June",
        "5",
        " 2018"
      ]
    },
    {
      "REQ_subtype": "",
      "REQ_type": "",
      "_id": 109,
      "author_id": "not defined",
      "author_name": "Dana Canfield",
      "helpful": "0",
      "polarity": "",
      "rate": 2,
      "response": "",
      "response_date": "",
      "review": "Its Ok. It has the only decent widget in any todo app, but it lacks \nintegrations with much of anything (no Google Assistant, no Wear OS, no \nIFTTT) despite pages of user requests on their site. Severely limits it's \nusefulness beyond a very basic Todo list on your phone. Also, you can't \nbulk delete completed tasks and the developer said they have no plan to \nimplement that?! Finally gave up waiting for the app to grow up.",
      "review_date": [
        "June",
        "8",
        " 2018"
      ]
    },
    {
      "REQ_subtype": "",
      "REQ_type": "",
      "_id": 110,
      "author_id": "not defined",
      "author_name": "Thomas L. Bradley, Jr.",
      "helpful": "0",
      "polarity": "",
      "rate": 4,
      "response": "Hi, please make sure you have enabled \"Settings -- General -- Completion Sound\" in app. If you still encounter any problem, let us know. Thx.",
      "response_date": [
        "June",
        "23",
        " 2018"
      ],
      "review": "Love the app, but it no longer makes the sound when I mark a task complete. \nI've checked my settings and they haven't changed. Please fix when you get \na chance. Thanks!",
      "review_date": [
        "June",
        "19",
        " 2018"
      ]
    },
    {
      "REQ_subtype": "",
      "REQ_type": "",
      "_id": 111,
      "author_id": "not defined",
      "author_name": "Chris Theodore",
      "helpful": "4",
      "polarity": "",
      "rate": 5,
      "response": "",
      "response_date": "",
      "review": "This app works great for tracking both all the recurring tasks I have and \nall the things that pop up at random. Only improvement I would ask for is \nallowing multiple cycles of repeating for one task. Like, the first and \nthird Monday of the month",
      "review_date": [
        "June",
        "2",
        " 2018"
      ]
    },
    {
      "REQ_subtype": "",
      "REQ_type": "",
      "_id": 112,
      "author_id": "not defined",
      "author_name": "Jose Vasconcelos",
      "helpful": "1",
      "polarity": "",
      "rate": 5,
      "response": "",
      "response_date": "",
      "review": "Excellent. I pay the Premium, totally worth it. One improvement it could \nhave is when typing the description in the form of a checklist and I \nminimize the app, the cursor could go back to the where I left it. Right \nnow, it goes back to the first item of the list",
      "review_date": [
        "June",
        "17",
        " 2018"
      ]
    },
    {
      "REQ_subtype": "",
      "REQ_type": "",
      "_id": 113,
      "author_id": "not defined",
      "author_name": "Minh Pham",
      "helpful": "0",
      "polarity": "",
      "rate": 5,
      "response": "",
      "response_date": "",
      "review": "Perfect. Does everything I need it to. It's just intrusive enough to get me \noff my ass, but not too much that it gets annoying. Great app!",
      "review_date": [
        "June",
        "12",
        " 2018"
      ]
    },
    {
      "REQ_subtype": "",
      "REQ_type": "",
      "_id": 114,
      "author_id": "not defined",
      "author_name": "Megan Ellis",
      "helpful": "0",
      "polarity": "",
      "rate": 5,
      "response": "",
      "response_date": "",
      "review": "Definitely the most extensive of the free to do apps I've used, and it \ndoesn't have every useful feature locked behind pay walls. It's also the \nonly one that manages to consistently provide the notifications/reminders I \nset, while others require me to open the app first",
      "review_date": [
        "June",
        "11",
        " 2018"
      ]
    },
    {
      "REQ_subtype": "",
      "REQ_type": "",
      "_id": 115,
      "author_id": "not defined",
      "author_name": "Viacheslav Guzhov",
      "helpful": "2",
      "polarity": "",
      "rate": 5,
      "response": "",
      "response_date": "",
      "review": "I have tried a lot of to-do apps and the last was any.do, but this app even \nbetter - it has faster UI, all kind of customization for tasks and it works \nin browser (any.do has bugs in web version). Thanks.",
      "review_date": [
        "June",
        "2",
        " 2018"
      ]
    },
    {
      "REQ_subtype": "",
      "REQ_type": "",
      "_id": 116,
      "author_id": "not defined",
      "author_name": "blowery56",
      "helpful": "2",
      "polarity": "",
      "rate": 1,
      "response": "",
      "response_date": "",
      "review": "Billed as free, but you can't view month without paying to upgrade. Don't \nknow how the rest of it works...uninstalled after I encountered this.",
      "review_date": [
        "June",
        "4",
        " 2018"
      ]
    },
    {
      "REQ_subtype": "",
      "REQ_type": "",
      "_id": 117,
      "author_id": "not defined",
      "author_name": "Michael Testa",
      "helpful": "0",
      "polarity": "",
      "rate": 5,
      "response": "",
      "response_date": "",
      "review": "Does EVERYTHING I need and has a host of options including tags and \ncategories. Now, I can't live without it. (Note: ensure you add this app to \nthe Clean Master memory boost ignore list IF you have CM installed so CM \nwill NOT interfere with reminders.)",
      "review_date": [
        "June",
        "13",
        " 2018"
      ]
    },
    {
      "REQ_subtype": "",
      "REQ_type": "",
      "_id": 118,
      "author_id": "not defined",
      "author_name": "Jose Pro",
      "helpful": "0",
      "polarity": "",
      "rate": 3,
      "response": "Product team will follow up on your advice. Did you use \"compact\" widget? You can configure under widget settings, choose to \"open list\" or \"task detail\" when you click on task.",
      "response_date": [
        "June",
        "7",
        " 2018"
      ],
      "review": "Widget without quick add in view assigned to. Widget click on task doesnt \nopen the task. Quick add at status bar doesnt show to assign to.",
      "review_date": [
        "June",
        "6",
        " 2018"
      ]
    },
    {
      "REQ_subtype": "",
      "REQ_type": "",
      "_id": 119,
      "author_id": "not defined",
      "author_name": "Uday Thakkar",
      "helpful": "0",
      "polarity": "",
      "rate": 5,
      "response": "",
      "response_date": "",
      "review": "I wish the list was viewable on the left. It's too good. Today is the 4th \nday. Infact my entire office team is on it and through this we share our \nwork. The best part is the reminder pop up is brilliant. On the phone and \non the PC. The snooze is excellent. I wish there were 30 min and 45 min \noptions. Thanks tick tick team",
      "review_date": [
        "June",
        "16",
        " 2018"
      ]
    },
    {
      "REQ_subtype": "",
      "REQ_type": "",
      "_id": 120,
      "author_id": "not defined",
      "author_name": "Hannah Gravius",
      "helpful": "0",
      "polarity": "",
      "rate": 5,
      "response": "",
      "response_date": "",
      "review": "I have been using TickTick for a few weeks now. After about a week I \ndecided to upgrade to the paid version. While the Pomo tool is useful, I \nthink my favorite part of TickTick is its daily scheduler. It shows you \nyour inbox items for the day, and you can choose to 'plan' as one of the \noptions. It's smart UI building, and let's me arrange my tasks now that I \nknow my day's flow. This scheduler is also great for snoozing or \nrecognizing you need to do an item later and helping you arrange a time for \nit. Definitely recommend this tool as someone who needs a nudge on getting \ntasks done.",
      "review_date": [
        "June",
        "12",
        " 2018"
      ]
    },
    {
      "REQ_subtype": "",
      "REQ_type": "",
      "_id": 121,
      "author_id": "not defined",
      "author_name": "gustavo garcia",
      "helpful": "1",
      "polarity": "",
      "rate": 4,
      "response": "",
      "response_date": "",
      "review": "Great app, really simple to use and it actually reminds me without any \nhiccups unlike many other note taking apps. For sure a great one.",
      "review_date": [
        "June",
        "10",
        " 2018"
      ]
    },
    {
      "REQ_subtype": "",
      "REQ_type": "",
      "_id": 122,
      "author_id": "not defined",
      "author_name": "Siddharth Prakash Singh",
      "helpful": "1",
      "polarity": "",
      "rate": 4,
      "response": "",
      "response_date": "",
      "review": "Ticktick is great for task management. I have been a todoist user for \nsometime. There are few features which I miss from todoist - Easy text \nbased project assignment. Text based priority assignment. More keyboard \nshortcuts.",
      "review_date": [
        "June",
        "3",
        " 2018"
      ]
    },
    {
      "REQ_subtype": "",
      "REQ_type": "",
      "_id": 123,
      "author_id": "not defined",
      "author_name": "Arvind Shekhawat",
      "helpful": "1",
      "polarity": "",
      "rate": 5,
      "response": "",
      "response_date": "",
      "review": "Changed life! From lazy to hero.. 5 star",
      "review_date": [
        "June",
        "15",
        " 2018"
      ]
    },
    {
      "REQ_subtype": "",
      "REQ_type": "",
      "_id": 124,
      "author_id": "not defined",
      "author_name": "Vyacheslav Chigorevskiy",
      "helpful": "1",
      "polarity": "",
      "rate": 5,
      "response": "",
      "response_date": "",
      "review": "The best todo app I've ever used. Has a lot of features and I glad that it \nalso has a monthly plan for premium subscription. Happy to use it.",
      "review_date": [
        "June",
        "14",
        " 2018"
      ]
    },
    {
      "REQ_subtype": "",
      "REQ_type": "",
      "_id": 125,
      "author_id": "not defined",
      "author_name": "A Google user",
      "helpful": "0",
      "polarity": "",
      "rate": 5,
      "response": "",
      "response_date": "",
      "review": "The first todo app that clicked for me. Easy to use with a nice UI. Would \nbe a obvious five star if it had any integrations (zapier, ifttt)",
      "review_date": [
        "June",
        "15",
        " 2018"
      ]
    },
    {
      "REQ_subtype": "",
      "REQ_type": "",
      "_id": 126,
      "author_id": "not defined",
      "author_name": "Maggie S",
      "helpful": "0",
      "polarity": "",
      "rate": 5,
      "response": "",
      "response_date": "",
      "review": "Really useful app to help me keep track things I need to do. Simple, nice \nUI and has all the functions I need. Highly recommend it.",
      "review_date": [
        "June",
        "9",
        " 2018"
      ]
    },
    {
      "REQ_subtype": "",
      "REQ_type": "",
      "_id": 127,
      "author_id": "not defined",
      "author_name": "Ethan Hampton",
      "helpful": "2",
      "polarity": "",
      "rate": 5,
      "response": "",
      "response_date": "",
      "review": "Amazing! Very useful and has every to do tool I could ask for, even with \nthe free version",
      "review_date": [
        "June",
        "8",
        " 2018"
      ]
    },
    {
      "REQ_subtype": "",
      "REQ_type": "",
      "_id": 128,
      "author_id": "not defined",
      "author_name": "Alejandra Cano",
      "helpful": "0",
      "polarity": "",
      "rate": 5,
      "response": "",
      "response_date": "",
      "review": "My husband and I consider this app indispensable for all our house chores. \nList sharing works like a charm, reminders are handy and have good \ncustomization options",
      "review_date": [
        "June",
        "7",
        " 2018"
      ]
    },
    {
      "REQ_subtype": "",
      "REQ_type": "",
      "_id": 129,
      "author_id": "not defined",
      "author_name": "Jhanani N",
      "helpful": "0",
      "polarity": "",
      "rate": 3,
      "response": "Hi, you could postpone the task to next cycle and then complete it. Refer to this: https://guide.ticktick.com/android_app/8_how_to_swipe_tasks_for_quick_actions.html",
      "response_date": [
        "June",
        "23",
        " 2018"
      ],
      "review": "The repeat a task daily feature is not working as expected.what if I did \nnot do a task one day and do it next day.it says it will show task for \ntoday only if I complete yesterday which is not possible.please edit that \nfeature",
      "review_date": [
        "June",
        "16",
        " 2018"
      ]
    },
    {
      "REQ_subtype": "",
      "REQ_type": "",
      "_id": 130,
      "author_id": "not defined",
      "author_name": "A Google user",
      "helpful": "0",
      "polarity": "",
      "rate": 5,
      "response": "",
      "response_date": "",
      "review": "Love it! As someone who has trouble staying organized, this app has \neverything I need!",
      "review_date": [
        "June",
        "21",
        " 2018"
      ]
    },
    {
      "REQ_subtype": "",
      "REQ_type": "",
      "_id": 131,
      "author_id": "not defined",
      "author_name": "Ethan Thibault",
      "helpful": "0",
      "polarity": "",
      "rate": 5,
      "response": "",
      "response_date": "",
      "review": "I actually live off TickTick and have for a few years now. Highly \nrecommend, it's my favorite GTD app and is a huge part of my daily routine.",
      "review_date": [
        "June",
        "14",
        " 2018"
      ]
    },
    {
      "REQ_subtype": "",
      "REQ_type": "",
      "_id": 132,
      "author_id": "not defined",
      "author_name": "Anna G",
      "helpful": "0",
      "polarity": "",
      "rate": 5,
      "response": "",
      "response_date": "",
      "review": "It is perfect! I wish I had discovered it sooner. I finally have my tasks \norganized and I get things done!",
      "review_date": [
        "June",
        "16",
        " 2018"
      ]
    },
    {
      "REQ_subtype": "",
      "REQ_type": "",
      "_id": 133,
      "author_id": "not defined",
      "author_name": "Jawad Ahmed",
      "helpful": "2",
      "polarity": "",
      "rate": 4,
      "response": "",
      "response_date": "",
      "review": "Simple and intuitive. Been using ticktick for years now. Great app \ud83d\udc34",
      "review_date": [
        "June",
        "4",
        " 2018"
      ]
    },
    {
      "REQ_subtype": "",
      "REQ_type": "",
      "_id": 134,
      "author_id": "not defined",
      "author_name": "A Google user",
      "helpful": "1",
      "polarity": "",
      "rate": 4,
      "response": "",
      "response_date": "",
      "review": "Does the job effectively. Can't find a bulk erase of completed tasks, \nhowever.",
      "review_date": [
        "June",
        "4",
        " 2018"
      ]
    },
    {
      "REQ_subtype": "",
      "REQ_type": "",
      "_id": 135,
      "author_id": "not defined",
      "author_name": "Sid Hiremath",
      "helpful": "0",
      "polarity": "",
      "rate": 5,
      "response": "",
      "response_date": "",
      "review": "I have used number of to do apps. But this is far better than any app. \nThanks for the Developers. Keep up the good work...",
      "review_date": [
        "June",
        "11",
        " 2018"
      ]
    },
    {
      "REQ_subtype": "",
      "REQ_type": "",
      "_id": 136,
      "author_id": "not defined",
      "author_name": "A Google user",
      "helpful": "3",
      "polarity": "",
      "rate": 5,
      "response": "",
      "response_date": "",
      "review": "Perfect for managing my life, and staying organized.",
      "review_date": [
        "June",
        "16",
        " 2018"
      ]
    },
    {
      "REQ_subtype": "",
      "REQ_type": "",
      "_id": 137,
      "author_id": "not defined",
      "author_name": "Happy Kitty",
      "helpful": "0",
      "polarity": "",
      "rate": 5,
      "response": "",
      "response_date": "",
      "review": "Versatile; plenty of scheduling options, multiple lists, convenient preset \nfor tasks due today. Very robust, even without premium.",
      "review_date": [
        "June",
        "4",
        " 2018"
      ]
    },
    {
      "REQ_subtype": "",
      "REQ_type": "",
      "_id": 138,
      "author_id": "not defined",
      "author_name": "A Google user",
      "helpful": "1",
      "polarity": "",
      "rate": 4,
      "response": "",
      "response_date": "",
      "review": "A little confusing but all in all a great app.",
      "review_date": [
        "June",
        "8",
        " 2018"
      ]
    },
    {
      "REQ_subtype": "",
      "REQ_type": "",
      "_id": 139,
      "author_id": "not defined",
      "author_name": "Cary Thrift Jr",
      "helpful": "1",
      "polarity": "",
      "rate": 5,
      "response": "",
      "response_date": "",
      "review": "I am more organized than ever before. Love it!!",
      "review_date": [
        "June",
        "12",
        " 2018"
      ]
    },
    {
      "REQ_subtype": "",
      "REQ_type": "",
      "_id": 140,
      "author_id": "not defined",
      "author_name": "Jackie Garrison",
      "helpful": "0",
      "polarity": "",
      "rate": 5,
      "response": "",
      "response_date": "",
      "review": "Still working with it, but I feel like it's going to work for me. I \nespecially like the pomo built in.",
      "review_date": [
        "June",
        "9",
        " 2018"
      ]
    },
    {
      "REQ_subtype": "",
      "REQ_type": "",
      "_id": 141,
      "author_id": "not defined",
      "author_name": "A Google user",
      "helpful": "0",
      "polarity": "",
      "rate": 5,
      "response": "",
      "response_date": "",
      "review": "Great app daily reminders until task completed I never forget to get that \nparticular thing done",
      "review_date": [
        "June",
        "14",
        " 2018"
      ]
    },
    {
      "REQ_subtype": "",
      "REQ_type": "",
      "_id": 142,
      "author_id": "not defined",
      "author_name": "Andy Kow",
      "helpful": "1",
      "polarity": "",
      "rate": 5,
      "response": "",
      "response_date": "",
      "review": "Nice clean interface with alot of handy features.",
      "review_date": [
        "June",
        "8",
        " 2018"
      ]
    },
    {
      "REQ_subtype": "",
      "REQ_type": "",
      "_id": 143,
      "author_id": "not defined",
      "author_name": "John Baggott",
      "helpful": "0",
      "polarity": "",
      "rate": 5,
      "response": "",
      "response_date": "",
      "review": "The app is very simple and practical to use - I use it for everything, both \npersonal and work related",
      "review_date": [
        "June",
        "18",
        " 2018"
      ]
    },
    {
      "REQ_subtype": "",
      "REQ_type": "",
      "_id": 144,
      "author_id": "not defined",
      "author_name": "buzz404",
      "helpful": "1",
      "polarity": "",
      "rate": 5,
      "response": "",
      "response_date": "",
      "review": "TickTick kills all.",
      "review_date": [
        "June",
        "2",
        " 2018"
      ]
    },
    {
      "REQ_subtype": "",
      "REQ_type": "",
      "_id": 145,
      "author_id": "not defined",
      "author_name": "Aabhash Maheshwari",
      "helpful": "0",
      "polarity": "",
      "rate": 5,
      "response": "",
      "response_date": "",
      "review": "Good user friendly aap but I think some more features include in free \nversion",
      "review_date": [
        "June",
        "4",
        " 2018"
      ]
    },
    {
      "REQ_subtype": "",
      "REQ_type": "",
      "_id": 146,
      "author_id": "not defined",
      "author_name": "A Google user",
      "helpful": "0",
      "polarity": "",
      "rate": 5,
      "response": "",
      "response_date": "",
      "review": "Love that it has the calendar already integrated into the app. Its Todoist \nand Google Calendar in one",
      "review_date": [
        "June",
        "16",
        " 2018"
      ]
    },
    {
      "REQ_subtype": "",
      "REQ_type": "",
      "_id": 147,
      "author_id": "not defined",
      "author_name": "hanka vojnikova",
      "helpful": "0",
      "polarity": "",
      "rate": 5,
      "response": "",
      "response_date": "",
      "review": "perfect, reliable. I've tried couple more reminders and this one works best \n\ud83d\udc4d",
      "review_date": [
        "June",
        "4",
        " 2018"
      ]
    },
    {
      "REQ_subtype": "",
      "REQ_type": "",
      "_id": 148,
      "author_id": "not defined",
      "author_name": "Mir Tanvir Islam",
      "helpful": "2",
      "polarity": "",
      "rate": 5,
      "response": "",
      "response_date": "",
      "review": "It's the best app in the category",
      "review_date": [
        "June",
        "3",
        " 2018"
      ]
    },
    {
      "REQ_subtype": "",
      "REQ_type": "",
      "_id": 149,
      "author_id": "not defined",
      "author_name": "Vivian Ronaldo",
      "helpful": "0",
      "polarity": "",
      "rate": 5,
      "response": "",
      "response_date": "",
      "review": "This app is lit and it helps me all the time to remember what I must do \neveryday",
      "review_date": [
        "June",
        "25",
        " 2018"
      ]
    },
    {
      "REQ_subtype": "",
      "REQ_type": "",
      "_id": 150,
      "author_id": "not defined",
      "author_name": "Henry Joseph",
      "helpful": "0",
      "polarity": "",
      "rate": 5,
      "response": "",
      "response_date": "",
      "review": "Guys, pls go for this App, simply brilliant, at last I have the best \nreminder in the world.",
      "review_date": [
        "June",
        "9",
        " 2018"
      ]
    },
    {
      "REQ_subtype": "",
      "REQ_type": "",
      "_id": 151,
      "author_id": "not defined",
      "author_name": "Heather Chipman",
      "helpful": "0",
      "polarity": "",
      "rate": 5,
      "response": "",
      "response_date": "",
      "review": "This app keeps me sane - thank you!!!",
      "review_date": [
        "June",
        "6",
        " 2018"
      ]
    },
    {
      "REQ_subtype": "",
      "REQ_type": "",
      "_id": 152,
      "author_id": "not defined",
      "author_name": "Nate Geiger",
      "helpful": "0",
      "polarity": "",
      "rate": 5,
      "response": "",
      "response_date": "",
      "review": "Love the organization elements like tags and priority. No complaints!",
      "review_date": [
        "June",
        "6",
        " 2018"
      ]
    },
    {
      "REQ_subtype": "",
      "REQ_type": "",
      "_id": 153,
      "author_id": "not defined",
      "author_name": "A Google user",
      "helpful": "0",
      "polarity": "",
      "rate": 5,
      "response": "",
      "response_date": "",
      "review": "GREAT for keeping up with my bills. I freaking love this app.",
      "review_date": [
        "June",
        "19",
        " 2018"
      ]
    },
    {
      "REQ_subtype": "",
      "REQ_type": "",
      "_id": 154,
      "author_id": "not defined",
      "author_name": "Sanjeev Prakash",
      "helpful": "0",
      "polarity": "",
      "rate": 5,
      "response": "",
      "response_date": "",
      "review": "Easy and efficient way of noting done things.",
      "review_date": [
        "June",
        "8",
        " 2018"
      ]
    },
    {
      "REQ_subtype": "",
      "REQ_type": "",
      "_id": 155,
      "author_id": "not defined",
      "author_name": "Cesar Besne",
      "helpful": "0",
      "polarity": "",
      "rate": 5,
      "response": "",
      "response_date": "",
      "review": "Very easy to read and to use, synchronizes everywhere.",
      "review_date": [
        "June",
        "18",
        " 2018"
      ]
    },
    {
      "REQ_subtype": "",
      "REQ_type": "",
      "_id": 156,
      "author_id": "not defined",
      "author_name": "Chris Jesse",
      "helpful": "0",
      "polarity": "",
      "rate": 5,
      "response": "",
      "response_date": "",
      "review": "Simple. Keeps me busy and definitely helps plan a day. No complaints at all.",
      "review_date": [
        "June",
        "11",
        " 2018"
      ]
    },
    {
      "REQ_subtype": "",
      "REQ_type": "",
      "_id": 157,
      "author_id": "not defined",
      "author_name": "Omer S",
      "helpful": "0",
      "polarity": "",
      "rate": 5,
      "response": "",
      "response_date": "",
      "review": "Love this app. Easy to use and has boosted productivity.",
      "review_date": [
        "June",
        "18",
        " 2018"
      ]
    },
    {
      "REQ_subtype": "",
      "REQ_type": "",
      "_id": 158,
      "author_id": "not defined",
      "author_name": "Rich Kuzsma",
      "helpful": "0",
      "polarity": "",
      "rate": 5,
      "response": "",
      "response_date": "",
      "review": "Best collaborative todo app, bar none.",
      "review_date": [
        "June",
        "17",
        " 2018"
      ]
    },
    {
      "REQ_subtype": "",
      "REQ_type": "",
      "_id": 159,
      "author_id": "not defined",
      "author_name": "Alex van L. Maas",
      "helpful": "0",
      "polarity": "",
      "rate": 5,
      "response": "",
      "response_date": "",
      "review": "One of the best task managers out there.",
      "review_date": [
        "June",
        "4",
        " 2018"
      ]
    }
  ],
  "size": "Varies with devic",
  "url": "https://play.google.com/store/apps/details?id=com.ticktick.task",
  "version": "Varies with device"
}