{
  "categories": [
    "Social"
  ],
  "description": "The Video Messenger App let you explore new video app daily and also manage your video  messenger apps  Exclusive: Now use chat mask and do safe chatting! In the world of Video messaging, Why to stay behind? Download now and explore world's best video app or video messenger apps at one place and manage all your video apps in just one click.It helps you to keep track of all these Video Creator or Video Messenger app and much more in one tap.This video app helps you to save your time & brings all video apps at one place. The personalisation involved in our app arranges all the video messenger & video apps depending upon your usage which makes it very easy for you and saves more than 3 hours in a week. It's not all, you can save your phone memory by directly accessing them through in-app available web browser which also keeps your surfing private.How to use this app:1. Install The Video messenger app from Google Play Store2. It won't require any of your details3. Check the list of available video apps or video messenger apps in your phone4. Check the list of web browser accessible social video apps from your phone in this app5. If you don't find any social video app which you like, then you can write us to add those app too5. Keep the notification on to directly access The Video Messenger app in 1 clickFEATURES:- Keep track of whatever you use- Chat Mask: Safe chatting in Public, Use mask to hide your chats from anyone seeing it- One tap access from any screen in your mobile phone- Brings 100s of video apps at one place- Easy to access features save hours for youThis app helps you to keep all your video messenger apps and much more at one placeThis free app helps you to connect with your family and friends on video, also this app consume no data and by being low in memory it just take 2mb of your data to downloadWe are doing our best in order to serve you and bring awesome video messaging experience by saving your time and phone memory.",
  "inc": "The Messenger App",
  "intalled_count": "100,000",
  "last_update": [
    "July",
    "5",
    " 2018"
  ],
  "name": "The Video Messenger App",
  "offered_by": "Google Commerce Ltd",
  "permissions": {
    "Photos/Media/Files": [
      "read the contents of your USB storage",
      "modify or delete the contents of your USB storage"
    ],
    "Storage": [
      "read the contents of your USB storage",
      "modify or delete the contents of your USB storage"
    ],
    "Other": [
      "receive data from Internet",
      "view network connections",
      "full network access",
      "draw over other apps",
      "prevent device from sleeping"
    ]
  },
  "price": "",
  "rate": [
    [
      "867",
      "4.5"
    ],
    [
      "607",
      "5"
    ],
    [
      "135",
      "4"
    ],
    [
      "75",
      "3"
    ],
    [
      "13",
      "2"
    ],
    [
      "37",
      "1"
    ]
  ],
  "required_android": "4.1",
  "reviews": [
    {
      "REQ_subtype": "",
      "REQ_type": "",
      "_id": 0,
      "author_id": "not defined",
      "author_name": "Scott Nicol",
      "helpful": "91",
      "polarity": "",
      "rate": 5,
      "response": "",
      "response_date": "",
      "review": "It's not working out for me",
      "review_date": [
        "July",
        "8",
        " 2018"
      ]
    },
    {
      "REQ_subtype": "",
      "REQ_type": "",
      "_id": 1,
      "author_id": "not defined",
      "author_name": "A Google user",
      "helpful": "25",
      "polarity": "",
      "rate": 3,
      "response": "",
      "response_date": "",
      "review": "I use other methods to accomplish these tasks.",
      "review_date": [
        "July",
        "13",
        " 2018"
      ]
    },
    {
      "REQ_subtype": "",
      "REQ_type": "",
      "_id": 2,
      "author_id": "not defined",
      "author_name": "luke Johnson",
      "helpful": "21",
      "polarity": "",
      "rate": 5,
      "response": "",
      "response_date": "",
      "review": "How do you chat to people",
      "review_date": [
        "July",
        "14",
        " 2018"
      ]
    },
    {
      "REQ_subtype": "",
      "REQ_type": "",
      "_id": 3,
      "author_id": "not defined",
      "author_name": "A Google user",
      "helpful": "46",
      "polarity": "",
      "rate": 4,
      "response": "",
      "response_date": "",
      "review": "Must be helpful",
      "review_date": [
        "July",
        "10",
        " 2018"
      ]
    },
    {
      "REQ_subtype": "",
      "REQ_type": "",
      "_id": 4,
      "author_id": "not defined",
      "author_name": "A Google user",
      "helpful": "72",
      "polarity": "",
      "rate": 5,
      "response": "",
      "response_date": "",
      "review": "Ok",
      "review_date": [
        "July",
        "6",
        " 2018"
      ]
    },
    {
      "REQ_subtype": "",
      "REQ_type": "",
      "_id": 5,
      "author_id": "not defined",
      "author_name": "Owen Ramos",
      "helpful": "66",
      "polarity": "",
      "rate": 5,
      "response": "",
      "response_date": "",
      "review": "Please I need you help because in here my country of the Philippines is \nvery low to my present",
      "review_date": [
        "June",
        "30",
        " 2018"
      ]
    },
    {
      "REQ_subtype": "",
      "REQ_type": "",
      "_id": 6,
      "author_id": "not defined",
      "author_name": "A Google user",
      "helpful": "137",
      "polarity": "",
      "rate": 5,
      "response": "",
      "response_date": "",
      "review": "To talk to people",
      "review_date": [
        "June",
        "21",
        " 2018"
      ]
    },
    {
      "REQ_subtype": "",
      "REQ_type": "",
      "_id": 7,
      "author_id": "not defined",
      "author_name": "Chandra Lekha",
      "helpful": "218",
      "polarity": "",
      "rate": 5,
      "response": "",
      "response_date": "",
      "review": "The Video Messengers. OK",
      "review_date": [
        "June",
        "21",
        " 2018"
      ]
    },
    {
      "REQ_subtype": "",
      "REQ_type": "",
      "_id": 8,
      "author_id": "not defined",
      "author_name": "Kyle Wright",
      "helpful": "104",
      "polarity": "",
      "rate": 1,
      "response": "",
      "response_date": "",
      "review": "You cant open it up.to.use it",
      "review_date": [
        "June",
        "26",
        " 2018"
      ]
    },
    {
      "REQ_subtype": "",
      "REQ_type": "",
      "_id": 9,
      "author_id": "not defined",
      "author_name": "Renea Camp",
      "helpful": "173",
      "polarity": "",
      "rate": 5,
      "response": "",
      "response_date": "",
      "review": "I hope this works",
      "review_date": [
        "June",
        "19",
        " 2018"
      ]
    },
    {
      "REQ_subtype": "",
      "REQ_type": "",
      "_id": 10,
      "author_id": "not defined",
      "author_name": "A Google user",
      "helpful": "18",
      "polarity": "",
      "rate": 5,
      "response": "",
      "response_date": "",
      "review": "Very useful",
      "review_date": [
        "July",
        "5",
        " 2018"
      ]
    },
    {
      "REQ_subtype": "",
      "REQ_type": "",
      "_id": 11,
      "author_id": "not defined",
      "author_name": "A Google user",
      "helpful": "10",
      "polarity": "",
      "rate": 5,
      "response": "",
      "response_date": "",
      "review": "I love it",
      "review_date": [
        "July",
        "9",
        " 2018"
      ]
    },
    {
      "REQ_subtype": "",
      "REQ_type": "",
      "_id": 12,
      "author_id": "not defined",
      "author_name": "Patrick Wash",
      "helpful": "67",
      "polarity": "",
      "rate": 3,
      "response": "",
      "response_date": "",
      "review": "Like",
      "review_date": [
        "June",
        "20",
        " 2018"
      ]
    },
    {
      "REQ_subtype": "",
      "REQ_type": "",
      "_id": 13,
      "author_id": "not defined",
      "author_name": "A Google user",
      "helpful": "66",
      "polarity": "",
      "rate": 3,
      "response": "",
      "response_date": "",
      "review": "Cool",
      "review_date": [
        "June",
        "22",
        " 2018"
      ]
    },
    {
      "REQ_subtype": "",
      "REQ_type": "",
      "_id": 14,
      "author_id": "not defined",
      "author_name": "A Google user",
      "helpful": "80",
      "polarity": "",
      "rate": 5,
      "response": "",
      "response_date": "",
      "review": "It should be a little easier to just touch something and call for older \npeople that don't really understand technology too much",
      "review_date": [
        "June",
        "12",
        " 2018"
      ]
    },
    {
      "REQ_subtype": "",
      "REQ_type": "",
      "_id": 15,
      "author_id": "not defined",
      "author_name": "Angelo Salazar",
      "helpful": "60",
      "polarity": "",
      "rate": 5,
      "response": "",
      "response_date": "",
      "review": "It's so greey this Masages fantasy XD",
      "review_date": [
        "June",
        "14",
        " 2018"
      ]
    },
    {
      "REQ_subtype": "",
      "REQ_type": "",
      "_id": 16,
      "author_id": "not defined",
      "author_name": "Wayne Petersen",
      "helpful": "106",
      "polarity": "",
      "rate": 4,
      "response": "",
      "response_date": "",
      "review": "Have not used it for long,,so not sure",
      "review_date": [
        "June",
        "2",
        " 2018"
      ]
    },
    {
      "REQ_subtype": "",
      "REQ_type": "",
      "_id": 17,
      "author_id": "not defined",
      "author_name": "A Google user",
      "helpful": "42",
      "polarity": "",
      "rate": 5,
      "response": "",
      "response_date": "",
      "review": "It's simply awesome",
      "review_date": [
        "May",
        "31",
        " 2018"
      ]
    },
    {
      "REQ_subtype": "",
      "REQ_type": "",
      "_id": 18,
      "author_id": "not defined",
      "author_name": "Lina Lostrangio",
      "helpful": "0",
      "polarity": "",
      "rate": 4,
      "response": "",
      "response_date": "",
      "review": "I liked before but now I can not see when I talk to my family I used. too \nsee them now I was wondering if I should stay with old one",
      "review_date": [
        "July",
        "1",
        " 2018"
      ]
    },
    {
      "REQ_subtype": "",
      "REQ_type": "",
      "_id": 19,
      "author_id": "not defined",
      "author_name": "A Google user",
      "helpful": "0",
      "polarity": "",
      "rate": 3,
      "response": "",
      "response_date": "",
      "review": "Hope I can message my contacts now",
      "review_date": [
        "May",
        "21",
        " 2018"
      ]
    },
    {
      "REQ_subtype": "",
      "REQ_type": "",
      "_id": 20,
      "author_id": "not defined",
      "author_name": "A Google user",
      "helpful": "1",
      "polarity": "",
      "rate": 5,
      "response": "",
      "response_date": "",
      "review": "I like it",
      "review_date": [
        "July",
        "12",
        " 2018"
      ]
    },
    {
      "REQ_subtype": "",
      "REQ_type": "",
      "_id": 21,
      "author_id": "not defined",
      "author_name": "Robert Nita",
      "helpful": "1",
      "polarity": "",
      "rate": 5,
      "response": "",
      "response_date": "",
      "review": "Very cool",
      "review_date": [
        "July",
        "13",
        " 2018"
      ]
    },
    {
      "REQ_subtype": "",
      "REQ_type": "",
      "_id": 22,
      "author_id": "not defined",
      "author_name": "Robin Shakespeare",
      "helpful": "21",
      "polarity": "",
      "rate": 1,
      "response": "",
      "response_date": "",
      "review": "Can't get in",
      "review_date": [
        "June",
        "6",
        " 2018"
      ]
    },
    {
      "REQ_subtype": "",
      "REQ_type": "",
      "_id": 23,
      "author_id": "not defined",
      "author_name": "ivonne valcarcel",
      "helpful": "11",
      "polarity": "",
      "rate": 5,
      "response": "",
      "response_date": "",
      "review": "I want to like enjoy fun video",
      "review_date": [
        "June",
        "29",
        " 2018"
      ]
    },
    {
      "REQ_subtype": "",
      "REQ_type": "",
      "_id": 24,
      "author_id": "not defined",
      "author_name": "A Google user",
      "helpful": "10",
      "polarity": "",
      "rate": 5,
      "response": "",
      "response_date": "",
      "review": "Hope it works",
      "review_date": [
        "June",
        "23",
        " 2018"
      ]
    },
    {
      "REQ_subtype": "",
      "REQ_type": "",
      "_id": 25,
      "author_id": "not defined",
      "author_name": "Bill Alook",
      "helpful": "43",
      "polarity": "",
      "rate": 4,
      "response": "",
      "response_date": "",
      "review": "Love it when I needed it",
      "review_date": [
        "May",
        "23",
        " 2018"
      ]
    },
    {
      "REQ_subtype": "",
      "REQ_type": "",
      "_id": 26,
      "author_id": "not defined",
      "author_name": "A Google user",
      "helpful": "3",
      "polarity": "",
      "rate": 5,
      "response": "",
      "response_date": "",
      "review": "RIFAT2003",
      "review_date": [
        "July",
        "8",
        " 2018"
      ]
    },
    {
      "REQ_subtype": "",
      "REQ_type": "",
      "_id": 27,
      "author_id": "not defined",
      "author_name": "Demi Oconnor",
      "helpful": "0",
      "polarity": "",
      "rate": 5,
      "response": "",
      "response_date": "",
      "review": "Good xxx",
      "review_date": [
        "June",
        "22",
        " 2018"
      ]
    },
    {
      "REQ_subtype": "",
      "REQ_type": "",
      "_id": 28,
      "author_id": "not defined",
      "author_name": "Hamlyn Powell",
      "helpful": "17",
      "polarity": "",
      "rate": 5,
      "response": "",
      "response_date": "",
      "review": "Cool app",
      "review_date": [
        "June",
        "27",
        " 2018"
      ]
    }
  ],
  "size": "2.8",
  "url": "https://play.google.com/store/apps/details?id=messenger.messenger.videocall.messenger",
  "version": "0.0.2"
}