{
  "categories": [
    "Simulation"
  ],
  "description": "*** Due to some limitations the game might not run on any device. We recommend using devices with at least: 5\" Display, Quad-Core CPU, 1GB Ram ***** Check out the new resolution setting. If you have problems please drop us a mail with information about your device and android version so we can try to resolve them: support@chasing-carrots.com **Note: The app could crash sometimes, due to some problems regarding some UI middleware elements. We can't update this at this moment since the game engine used for Cosmonautica isn't updated anymore. If that bothers you, please request a refund and sorry for the inconvenience.Cast off! Are you ready for some hilarious adventures in outer space?Start by boarding a washed-up space cruiser and fulfill your destiny as an aspiring captain on the hunt for fame and fortune. Cosmonautica combines elements of space trading and crew simulation to create a unique experience. Only if you take good care of your crew you will be able to succeed.Do you have what it takes to become the best trader, smuggler, pirate or even space taxi? It\u2019s your choice!Features:* Simulated Galaxy - Cosmonautica offers a detailed and amusing trading simulation gameplay that challenges you among others with pirate attacks, diverse quests and unique crew members. Explore a dynamic and procedurally generated galaxy. Every game is different!* Crew Management - Sign up to eight exceptional and lovable crew members to create a ragtag team of the universe\u2019s best and brightest. Take care of your crew and promote them to reach their full potential. Only if they fit together well and are satisfied, you are able to get the optimum out of your space ship.* Elaborate Trading Simulation - Trade a bevy of goods, including some rare and illegal stuff, with fellow space merchants while exploring the solar systems. Explore the galaxy and pursue intergalactic trading over many solar systems - each with its own traits.* Lively Story & World - Meet unique characters while you embark on a campaign to unveil the secret of a container and the mysterious past of your board A.I. N1L. Or just roam freely through the galaxy in sandbox mode.* One-of-a-Kind Ships - Choose from a range of ship types, equip your vessel with upgradeable rooms and customize your ship's appearance for even more individuality.* Exciting Space Battles - Command demanding space clashes against enemy ships with crafty maneuvers and tactical actions during encounters. Directly attack or outsmart your enemies by using your hacker\u2019s ability. Or pick the peaceful route and choose diplomacy.* Cross-Platform Play - Cosmonautica supports cross-platform save games, which will allow you to play the same game on PC and take it on the go with your tablet or other suited devices.Imprint: http://cosmonautica.com/imprint.html",
  "inc": "Chasing Carrots",
  "intalled_count": "10,000",
  "last_update": [
    "March",
    "3",
    " 2016"
  ],
  "name": "Cosmonautica",
  "offered_by": "Google Commerce Ltd",
  "permissions": {
    "Photos/Media/Files": [
      "read the contents of your USB storage",
      "modify or delete the contents of your USB storage"
    ],
    "Storage": [
      "read the contents of your USB storage",
      "modify or delete the contents of your USB storage"
    ],
    "Wi-Fi connection information": [
      "view Wi-Fi connections"
    ],
    "Other": [
      "view network connections",
      "full network access",
      "prevent device from sleeping",
      "Google Play license check"
    ]
  },
  "rate": [
    [
      "1,815",
      "3.8"
    ],
    [
      "791",
      "5"
    ],
    [
      "432",
      "4"
    ],
    [
      "229",
      "3"
    ],
    [
      "129",
      "2"
    ],
    [
      "234",
      "1"
    ]
  ],
  "required_android": "2.3.3",
  "reviews": [
    {
      "REQ_subtype": "",
      "REQ_type": "",
      "_id": 0,
      "author_id": "not defined",
      "author_name": "Christopher Williams",
      "helpful": "0",
      "polarity": "",
      "rate": 4,
      "response": "",
      "response_date": "",
      "review": "The game is well done.  Reminds me of Privateer.  It is very addicting.  You can customize your ship sort of sim tower style.  Hire your crew.  Specialize in trading cargo, become a space pirate, hunt bounties, or follow the story.  This game would even be better if it was an online game, with say more diverse star systems.  The only draw back I saw was that if you close the screen if hangs and you have to exit the game and restart.  You do not loose your progress or anything you just have to wait for it to reload.",
      "review_date": [
        "July",
        "23",
        " 2016"
      ]
    },
    {
      "REQ_subtype": "",
      "REQ_type": "",
      "_id": 1,
      "author_id": "not defined",
      "author_name": "Ben Reynolds",
      "helpful": "36",
      "polarity": "",
      "rate": 5,
      "response": "",
      "response_date": "",
      "review": "I don't tend to do long reviews as I'm pretty lazy, this is my kind of game and one of the few I've paid for. The game it's self is very details. Graffically it looks amazing for an app. But it is very quick to complete with only a few customisable features and a less than a dozen ships to choose from with little difference in them. The game is definitely worth buying and if they add more features the game would be even better. Keep working devs",
      "review_date": [
        "August",
        "27",
        " 2016"
      ]
    },
    {
      "REQ_subtype": "",
      "REQ_type": "",
      "_id": 2,
      "author_id": "not defined",
      "author_name": "Alexandru Tulai",
      "helpful": "8",
      "polarity": "",
      "rate": 3,
      "response": "",
      "response_date": "",
      "review": "It has a lot of potential with the simulation and crew management, but I think it needed a bit more depth behind them (crew mgmt is quite simple and I don't get attached to them, trading seems super simple). After 15 mins of play it gets a bit laggy and I notice some screen tearing when looking at the ship. All in all, good potential but it needed a bit more in my opinion.",
      "review_date": [
        "February",
        "11",
        " 2017"
      ]
    },
    {
      "REQ_subtype": "",
      "REQ_type": "",
      "_id": 3,
      "author_id": "not defined",
      "author_name": "Joe Madison",
      "helpful": "24",
      "polarity": "",
      "rate": 3,
      "response": "",
      "response_date": "",
      "review": "But it's simply far too involved for the casual style of gaming I have time for.  Unless you have hours to invest in just getting started with this game, or are a hardcore gamer, I suggest saving your money.  It is beautifully done, though, so if they ever do lighten it up some for us casual gamers, it would be awesome I'm sure.",
      "review_date": [
        "July",
        "23",
        " 2016"
      ]
    },
    {
      "REQ_subtype": "",
      "REQ_type": "",
      "_id": 4,
      "author_id": "not defined",
      "author_name": "Amli",
      "helpful": "4",
      "polarity": "",
      "rate": 4,
      "response": "",
      "response_date": "",
      "review": "Put aside constant CTD while playing this game. I actually enjoyed flying my ship all over space until  upgraded all tech and have the best ship available then you are left with no more challenges. Adding endgame bosses and crews dying over combat would improve sandbox mode.",
      "review_date": [
        "July",
        "6",
        " 2017"
      ]
    },
    {
      "REQ_subtype": "",
      "REQ_type": "",
      "_id": 5,
      "author_id": "not defined",
      "author_name": "albie bernabel",
      "helpful": "3",
      "polarity": "",
      "rate": 5,
      "response": "",
      "response_date": "",
      "review": "This game could be a classic. It's immersive in gameplay and graphics are well done. Smart travel and trading system plus highly customizable. On a Nexus 7 tablet I would say it has a few glitchy moments (navigational controls) and minor issues (after your device wakes from sleep mode it takes a bit to return). But well worth it if you love sci-fi games.",
      "review_date": [
        "August",
        "8",
        " 2016"
      ]
    },
    {
      "REQ_subtype": "",
      "REQ_type": "",
      "_id": 6,
      "author_id": "not defined",
      "author_name": "Emil K",
      "helpful": "4",
      "polarity": "",
      "rate": 3,
      "response": "",
      "response_date": "",
      "review": "Its a very beautiful and deep game however, I'm guessing this game was made for a PC and developper didn't care to readjust the user interface. I am playing on a Google Pixel XL and it is almost impossible to read most of the mission texts. Clicking/tapping some of the menus is extremely difficult and frustrating. I doubt they will be fixing it though, so for now, I cant give this more than 3 stars, because of horrible mobile transition.",
      "review_date": [
        "November",
        "29",
        " 2016"
      ]
    },
    {
      "REQ_subtype": "",
      "REQ_type": "",
      "_id": 7,
      "author_id": "not defined",
      "author_name": "Rick Beijer",
      "helpful": "0",
      "polarity": "",
      "rate": 3,
      "response": "",
      "response_date": "",
      "review": "The game seemed interesting so i tested it out and played for a while. After a couple hours playing it turns out not being my kind of game, kinda dissapointed. But when back in the Play Store i can't refund anymore?! Not cool! I want my refund please.",
      "review_date": [
        "May",
        "28",
        " 2016"
      ]
    },
    {
      "REQ_subtype": "",
      "REQ_type": "",
      "_id": 8,
      "author_id": "not defined",
      "author_name": "Daniel Thomas",
      "helpful": "2",
      "polarity": "",
      "rate": 5,
      "response": "",
      "response_date": "",
      "review": "LOVE this game. Just wanted to warn you when I first installed this game it could take a while to load up and seemed to crash. Just wait and keep trying, seems to have sorted itself out now. Glad I didn't give up on it",
      "review_date": [
        "June",
        "19",
        " 2016"
      ]
    },
    {
      "REQ_subtype": "",
      "REQ_type": "",
      "_id": 9,
      "author_id": "not defined",
      "author_name": "Matthew Lyon",
      "helpful": "5",
      "polarity": "",
      "rate": 4,
      "response": "",
      "response_date": "",
      "review": "I liked the game and finished it in spite of the bugs. Fun trading and frantic combat. Would like more multi system quests 4* because the bugs annoyed but didnt stop the game Bugs: Whenever i minimised the game or changed to another app, it would crash. This was annoying but not the worst. When 2 quests have the same quest planet sometimes only one quest would progress when its visited. This left the other quest bugged and unable to be completed. I had to restart my game to reinitialise the main quest line.",
      "review_date": [
        "August",
        "11",
        " 2016"
      ]
    },
    {
      "REQ_subtype": "",
      "REQ_type": "",
      "_id": 10,
      "author_id": "not defined",
      "author_name": "Ramza Beoulve",
      "helpful": "5",
      "polarity": "",
      "rate": 5,
      "response": "",
      "response_date": "",
      "review": "One could tell that a lot of thought has gone into making this game - from the way you plan your trading runs to account for planetary alignment, to the stress on your crew from prolonged battles.. I love the challenge that such a game brings. Keep up the good work.",
      "review_date": [
        "August",
        "14",
        " 2016"
      ]
    },
    {
      "REQ_subtype": "",
      "REQ_type": "",
      "_id": 11,
      "author_id": "not defined",
      "author_name": "Farranon",
      "helpful": "15",
      "polarity": "",
      "rate": 5,
      "response": "",
      "response_date": "",
      "review": "This game is one of the more interesting ones that I have played. It has a steep learning curve, but is well worth it. However, near constant bugs and crashes would render this unplayable to most people's standards. I, on the other hand, find these only to be an annoyance, one worth mentioning, but only that. This is a great example of a game that just needs an investment of patience and understanding, and in return, you may find yourself becoming attached to your motley crew.",
      "review_date": [
        "May",
        "1",
        " 2016"
      ]
    },
    {
      "REQ_subtype": "",
      "REQ_type": "",
      "_id": 12,
      "author_id": "not defined",
      "author_name": "Edson Nadela",
      "helpful": "2",
      "polarity": "",
      "rate": 5,
      "response": "",
      "response_date": "",
      "review": "I'm now moving forward with the campaign. Difficult at first but nevertheless you'll get the hang on it. Definitely a good game, especially if you will add more ship choices in future updates!",
      "review_date": [
        "April",
        "3",
        " 2016"
      ]
    },
    {
      "REQ_subtype": "",
      "REQ_type": "",
      "_id": 13,
      "author_id": "not defined",
      "author_name": "NateO",
      "helpful": "23",
      "polarity": "",
      "rate": 5,
      "response": "",
      "response_date": "",
      "review": "It took me a while to figure out how to make money from the start, but once you find your groove it's such a worthwhile game. Just take it slow at the beginning taking on one or maybe 2 missions at a time. Too many can quickly loose you money if you don't planet well (ha!) Also, try to stick more to the legitimate missions as opposed to the illegal goods missions. Or be prepared to offer the highest bribe. You can also lose a lot of money by failing these missions. Great game once you get the hang of it!",
      "review_date": [
        "March",
        "7",
        " 2016"
      ]
    },
    {
      "REQ_subtype": "",
      "REQ_type": "",
      "_id": 14,
      "author_id": "not defined",
      "author_name": "Andy Parkes",
      "helpful": "9",
      "polarity": "",
      "rate": 3,
      "response": "",
      "response_date": "",
      "review": "I really love the concept of this game but, it just won't work on my Tesco hudl 2 tablet. The game loads but that's as far as I get due to the in game menu's appearing as blank box's with no text in them. It's such a shame because the game looks fun but, it is impossible to play like this.",
      "review_date": [
        "March",
        "17",
        " 2016"
      ]
    },
    {
      "REQ_subtype": "",
      "REQ_type": "",
      "_id": 15,
      "author_id": "not defined",
      "author_name": "Edward Kennedy",
      "helpful": "0",
      "polarity": "",
      "rate": 2,
      "response": "",
      "response_date": "",
      "review": "Need a save feature not an auto save. Lost slot of money on a save the creature run lol.  80% chance on top of a 31 should not have lost to those bad odds.  I should be able to load a previous save.  Feels like I'm playing a multi-player mmo and it's not.",
      "review_date": [
        "October",
        "10",
        " 2017"
      ]
    },
    {
      "REQ_subtype": "",
      "REQ_type": "",
      "_id": 16,
      "author_id": "not defined",
      "author_name": "John Doe",
      "helpful": "0",
      "polarity": "",
      "rate": 4,
      "response": "",
      "response_date": "",
      "review": "If you like fallout shelter you might like this, the big difference  is the whole base goes with you. If you like human resource management,  includes similar elements.  Schedule work hours where people who hate each other are not together, and facilities are operating at peak times. Build a cohesive team. Meet \"human\" needs of crew, bathroom and entertainment. Con campaign bug might not allow you to progress",
      "review_date": [
        "April",
        "3",
        " 2017"
      ]
    },
    {
      "REQ_subtype": "",
      "REQ_type": "",
      "_id": 17,
      "author_id": "not defined",
      "author_name": "Bart Part",
      "helpful": "25",
      "polarity": "",
      "rate": 4,
      "response": "",
      "response_date": "",
      "review": "Finally my shield tablet is getting what it deserves! :) good graphic, funny style, but graphical glithes and very often crashes, destroying experience... But they are not making game unplayable. Also, on xperia z ultra its not even startng.",
      "review_date": [
        "March",
        "20",
        " 2016"
      ]
    },
    {
      "REQ_subtype": "",
      "REQ_type": "",
      "_id": 18,
      "author_id": "not defined",
      "author_name": "Little Xeno",
      "helpful": "2",
      "polarity": "",
      "rate": 4,
      "response": "",
      "response_date": "",
      "review": "The combat flight control is atrocious. Sometimes when flying to planet, ETA will go from 2 days to 14 days.. Then after that it repeats itself. Other than that serious combat flaw and almost game breaking bug, it's an amazing game.",
      "review_date": [
        "August",
        "20",
        " 2016"
      ]
    },
    {
      "REQ_subtype": "",
      "REQ_type": "",
      "_id": 19,
      "author_id": "not defined",
      "author_name": "Matthew Shelley",
      "helpful": "4",
      "polarity": "",
      "rate": 5,
      "response": "",
      "response_date": "",
      "review": "It is an ideal format:  crew maintenance, space operations.  Ive been seeking a game like this forever.  Few bugs, works great on my Galaxy s5 with few slowdowns and only occasional touch  issue. Edit: on previous review I had been playing the campaign, which in most games is the core.  Skip the campaign for now, its misleading.  Play sandbox and learn on your own what you can do in this incredible game.  there's elements of The Sims, elements of Evil Genius, it's honestly the game I've sought for years.  I'll likely purchase again on Steam for the PC version, it's that good.  Its infuriatingly hard, difficulty comes in waves, but it is worth the effort, truly.  I'll be deleting all my other games soon.",
      "review_date": [
        "June",
        "3",
        " 2016"
      ]
    },
    {
      "REQ_subtype": "",
      "REQ_type": "",
      "_id": 20,
      "author_id": "not defined",
      "author_name": "Josh Noir",
      "helpful": "0",
      "polarity": "",
      "rate": 2,
      "response": "",
      "response_date": "",
      "review": "I'll have to give it another go sometime, but the learning curve is so high. I fail a lot at things I didn't realize we're even happening.",
      "review_date": [
        "May",
        "21",
        " 2017"
      ]
    },
    {
      "REQ_subtype": "",
      "REQ_type": "",
      "_id": 21,
      "author_id": "not defined",
      "author_name": "Joseph Doan",
      "helpful": "0",
      "polarity": "",
      "rate": 4,
      "response": "",
      "response_date": "",
      "review": "This game is not for casual play. There is great depth to this complex game. It's like a space trading game and Sims combined. You hire crew members who have needs: happy, morale, toilet, hygiene, food, etc. And they have to have common interests too otherwise they won't get along. Then you construct rooms in your spaceship: bedroom, bathroom, game room, etc. To earn money, there is trading and side missions. The traveling to different planets is not instantaneous, you will have to wait about 10-30 seconds.",
      "review_date": [
        "September",
        "14",
        " 2016"
      ]
    },
    {
      "REQ_subtype": "",
      "REQ_type": "",
      "_id": 22,
      "author_id": "not defined",
      "author_name": "Eric S",
      "helpful": "3",
      "polarity": "",
      "rate": 1,
      "response": "",
      "response_date": "",
      "review": "The developers of this game have abandoned working on it! Do not buy it it is not finished! They keep claiming the engine being abandoned is why the stopped working on it. Yet other devs are able to work with 10 year old engines just fine.",
      "review_date": [
        "December",
        "2",
        " 2016"
      ]
    },
    {
      "REQ_subtype": "",
      "REQ_type": "",
      "_id": 23,
      "author_id": "not defined",
      "author_name": "David Link",
      "helpful": "0",
      "polarity": "",
      "rate": 1,
      "response": "",
      "response_date": "",
      "review": "Audio wobbles in and out real fast. If you can't get the audio right quit making games. Waste of my timw",
      "review_date": [
        "April",
        "17",
        " 2016"
      ]
    },
    {
      "REQ_subtype": "",
      "REQ_type": "",
      "_id": 24,
      "author_id": "not defined",
      "author_name": "Tyler Gamber",
      "helpful": "5",
      "polarity": "",
      "rate": 1,
      "response": "",
      "response_date": "",
      "review": "I can't even review the game because I can't play it. I have a note 4 and the game won't even go past the initial start up screen before crashing. I wasted money on this that I can't get back.",
      "review_date": [
        "May",
        "10",
        " 2016"
      ]
    },
    {
      "REQ_subtype": "",
      "REQ_type": "",
      "_id": 25,
      "author_id": "not defined",
      "author_name": "Joe Driver",
      "helpful": "4",
      "polarity": "",
      "rate": 1,
      "response": "",
      "response_date": "",
      "review": "Had high hopes for this game, however the app crashes every time I start a new campaign or sandbox so I have not actually played the game. Also crashes when trying to troubleshoot by adjusting settings. I would be extremely cautious about purchasing as this seems to be a common issue and I have not seen any acknowledgement of the issue from the development team or any indication of a future fix. (Samsung Galaxy s7)",
      "review_date": [
        "May",
        "17",
        " 2016"
      ]
    },
    {
      "REQ_subtype": "",
      "REQ_type": "",
      "_id": 26,
      "author_id": "not defined",
      "author_name": "Robert Stratton",
      "helpful": "0",
      "polarity": "",
      "rate": 5,
      "response": "",
      "response_date": "",
      "review": "This is a really well done game. Lots of effort went into this. I'm having a really good time with it. There are a few minor bugs. But support is there if you need it. Worth every cent. Hope to see more like this in the furture.",
      "review_date": [
        "January",
        "5",
        " 2017"
      ]
    },
    {
      "REQ_subtype": "",
      "REQ_type": "",
      "_id": 27,
      "author_id": "not defined",
      "author_name": "Seth MacPherson",
      "helpful": "1",
      "polarity": "",
      "rate": 1,
      "response": "",
      "response_date": "",
      "review": "Just bought it and can't create a new campaign. It just crashes everytime. Anyone else experiencing? Galaxy S7",
      "review_date": [
        "January",
        "4",
        " 2017"
      ]
    },
    {
      "REQ_subtype": "",
      "REQ_type": "",
      "_id": 28,
      "author_id": "not defined",
      "author_name": "Scott Welch",
      "helpful": "0",
      "polarity": "",
      "rate": 1,
      "response": "",
      "response_date": "",
      "review": "I bought this game, downloaded it, started it up. All went well until I actually hit start game and every single time it would just crash and restart. Love the pc version, this version is unplayable unfortunately on my Note 4.",
      "review_date": [
        "November",
        "23",
        " 2016"
      ]
    },
    {
      "REQ_subtype": "",
      "REQ_type": "",
      "_id": 29,
      "author_id": "not defined",
      "author_name": "Sane Brain Vs. Liberal",
      "helpful": "0",
      "polarity": "",
      "rate": 5,
      "response": "",
      "response_date": "",
      "review": "Im rating this 5 stars because in my opinion this is one of the best space trading and combat game i have found. There is alot of grinding that you have to do... But overall, a really fun game!",
      "review_date": [
        "May",
        "3",
        " 2016"
      ]
    },
    {
      "REQ_subtype": "",
      "REQ_type": "",
      "_id": 30,
      "author_id": "not defined",
      "author_name": "Ashley Fender",
      "helpful": "5",
      "polarity": "",
      "rate": 1,
      "response": "",
      "response_date": "",
      "review": "Rated 1 star as the game crashes whenever I launch the campaign or sandbox. Please fix or I would like to request a refund.",
      "review_date": [
        "April",
        "10",
        " 2016"
      ]
    },
    {
      "REQ_subtype": "",
      "REQ_type": "",
      "_id": 31,
      "author_id": "not defined",
      "author_name": "William Lari",
      "helpful": "0",
      "polarity": "",
      "rate": 3,
      "response": "",
      "response_date": "",
      "review": "I'm getting more and more annoyed with this game. Crashes too much... can't even play for more than 15 minutes with NO OTHER APPS open. So it's not a RAM issue. Fix this.",
      "review_date": [
        "March",
        "8",
        " 2016"
      ]
    },
    {
      "REQ_subtype": "",
      "REQ_type": "",
      "_id": 32,
      "author_id": "not defined",
      "author_name": "Levi Wheatcroft",
      "helpful": "0",
      "polarity": "",
      "rate": 3,
      "response": "",
      "response_date": "",
      "review": "Really cool concept. Sadly very resource intensive, and numerous bugs add up to a major annoyance.",
      "review_date": [
        "December",
        "3",
        " 2016"
      ]
    },
    {
      "REQ_subtype": "",
      "REQ_type": "",
      "_id": 33,
      "author_id": "not defined",
      "author_name": "Kyle Welge",
      "helpful": "0",
      "polarity": "",
      "rate": 3,
      "response": "",
      "response_date": "",
      "review": "Fun game, but too many crashes and restarts.  The mechanics keep it interesting for long play sessions.  UI bugs can be a headache.  Galaxy S7",
      "review_date": [
        "September",
        "14",
        " 2016"
      ]
    },
    {
      "REQ_subtype": "",
      "REQ_type": "",
      "_id": 34,
      "author_id": "not defined",
      "author_name": "Simon Nelson",
      "helpful": "0",
      "polarity": "",
      "rate": 4,
      "response": "",
      "response_date": "",
      "review": "This game takes me right back to my Free Lancer days on PC, it has the potential to be great! I found that there were a few issues i.e. the left hand toolbar occasionally  disappears completely and only returns after rebooting the game; when scrolling through ship colours, the text flickers and overlays. Also this game could do with difficulty modifiers for the sandbox mode.",
      "review_date": [
        "September",
        "13",
        " 2016"
      ]
    },
    {
      "REQ_subtype": "",
      "REQ_type": "",
      "_id": 35,
      "author_id": "not defined",
      "author_name": "Andi Rachmat",
      "helpful": "0",
      "polarity": "",
      "rate": 5,
      "response": "",
      "response_date": "",
      "review": "Very good micromanagement space trading with balance between trading and fighting. Beware of steep learning curve for new players. Plus the game itself seems to be pretty heavy on graphics, my note 4 and my samsung galaxy tab s barely could run it, I have to change the resolution to low to play it a bit smoothly. Still I like the gameplay though.",
      "review_date": [
        "December",
        "3",
        " 2016"
      ]
    },
    {
      "REQ_subtype": "",
      "REQ_type": "",
      "_id": 36,
      "author_id": "not defined",
      "author_name": "Cari F",
      "helpful": "0",
      "polarity": "",
      "rate": 5,
      "response": "",
      "response_date": "",
      "review": "Don't know why such a low rating! Great involved strategy game, I could easily spend hours playing and discovering. A lot of work went into this game and I feel it deserves a much better rating.",
      "review_date": [
        "February",
        "3",
        " 2017"
      ]
    },
    {
      "REQ_subtype": "",
      "REQ_type": "",
      "_id": 37,
      "author_id": "not defined",
      "author_name": "Ryan Dobbs",
      "helpful": "2",
      "polarity": "",
      "rate": 1,
      "response": "",
      "response_date": "",
      "review": "It won't open. When it does it's fairly slow laggy and the tutorial isn't really that informing either. It seems like it would be really fun and captivating if it actually worked.",
      "review_date": [
        "July",
        "20",
        " 2016"
      ]
    },
    {
      "REQ_subtype": "",
      "REQ_type": "",
      "_id": 38,
      "author_id": "not defined",
      "author_name": "John 117",
      "helpful": "0",
      "polarity": "",
      "rate": 5,
      "response": "",
      "response_date": "",
      "review": "Entertaining, fun game and the quirky characters are great. Bought this game primarily for my ASUS ZenPad TABLET, android version 5.0.2, Intel chip. Had one or two crashes, but I,m sure future updates will correct the issue, developer has always responded back to me when I had questions on my device compatibility, Thanks for this great game.",
      "review_date": [
        "April",
        "7",
        " 2016"
      ]
    },
    {
      "REQ_subtype": "",
      "REQ_type": "",
      "_id": 39,
      "author_id": "not defined",
      "author_name": "Niko Guitskin",
      "helpful": "1",
      "polarity": "",
      "rate": 3,
      "response": "",
      "response_date": "",
      "review": "I really like the idea of this game, however just like the pc version this one as well crashes every 10-15 min, which makes it unplayable.... hopefully a future update will fix this problem",
      "review_date": [
        "August",
        "4",
        " 2016"
      ]
    },
    {
      "REQ_subtype": "",
      "REQ_type": "",
      "_id": 40,
      "author_id": "not defined",
      "author_name": "Trelos Alepou",
      "helpful": "0",
      "polarity": "",
      "rate": 4,
      "response": "",
      "response_date": "",
      "review": "A lovely trading/piracy game set in a 60s looking space opera. Pretty much perfect, save the occasional crash and the lack of endgame. Still, the story campaign is fun and humorous and for everything else, there's the sandbox.",
      "review_date": [
        "August",
        "26",
        " 2016"
      ]
    },
    {
      "REQ_subtype": "",
      "REQ_type": "",
      "_id": 41,
      "author_id": "not defined",
      "author_name": "Daniel Fowler",
      "helpful": "0",
      "polarity": "",
      "rate": 3,
      "response": "",
      "response_date": "",
      "review": "Great concept, but bad presentation. Whatever graphics engine they use seems blurry at the best of times. Overall the game is sluggish.  Game play is good, but combat is more than difficult.",
      "review_date": [
        "December",
        "27",
        " 2016"
      ]
    },
    {
      "REQ_subtype": "",
      "REQ_type": "",
      "_id": 42,
      "author_id": "not defined",
      "author_name": "Bryan Scott",
      "helpful": "0",
      "polarity": "",
      "rate": 3,
      "response": "",
      "response_date": "",
      "review": "It's a great game. I just wish they could update it and stop it from crashing so much.",
      "review_date": [
        "September",
        "29",
        " 2017"
      ]
    },
    {
      "REQ_subtype": "",
      "REQ_type": "",
      "_id": 43,
      "author_id": "not defined",
      "author_name": "Paul Mitchell",
      "helpful": "0",
      "polarity": "",
      "rate": 3,
      "response": "",
      "response_date": "",
      "review": "Has the potential to be great, but the lack of a useful tutorial leaves you confused as to what to do for the best. The stupid times for research means you can't get a medibay without your crew getting ill or going on strike meaning you run out of in game cash quickly. Also the solar system screen doesn't draw correctly on my Nexus 5x making it difficult to work out what planet is where. Fix these issues and I'll look at rescoring. Shame really.",
      "review_date": [
        "December",
        "4",
        " 2016"
      ]
    },
    {
      "REQ_subtype": "",
      "REQ_type": "",
      "_id": 44,
      "author_id": "not defined",
      "author_name": "Coleby Cline",
      "helpful": "0",
      "polarity": "",
      "rate": 5,
      "response": "Hey, thanks for your feedback. Please check out the latest update and let us know if you still have the same problems. Thanks :)",
      "response_date": [
        "June",
        "10",
        " 2015"
      ],
      "review": "Had alot of issues with Lollipop, but since the updates everything has been smooth as silk. Gem of a game, love it and recommend to play if you want something that will entertain you for hours or just in small chunks.",
      "review_date": [
        "December",
        "17",
        " 2016"
      ]
    },
    {
      "REQ_subtype": "",
      "REQ_type": "",
      "_id": 45,
      "author_id": "not defined",
      "author_name": "Razontears",
      "helpful": "1",
      "polarity": "",
      "rate": 4,
      "response": "",
      "response_date": "",
      "review": "The game is good but now when i play the screen just becomes black. I can still play it but i wouldn't be able to see anything besides the black screen. Please fix this",
      "review_date": [
        "February",
        "23",
        " 2018"
      ]
    },
    {
      "REQ_subtype": "",
      "REQ_type": "",
      "_id": 46,
      "author_id": "not defined",
      "author_name": "Bruce Bentz",
      "helpful": "0",
      "polarity": "",
      "rate": 5,
      "response": "",
      "response_date": "",
      "review": "LOVE IT!  Quite  a lot of depth, and challenging!  Still a few crashes now and again but well worth it.  I'm at about 20 hours of gameplay and I'm still discovering nuances about crew management.  Fun sim!",
      "review_date": [
        "September",
        "10",
        " 2016"
      ]
    },
    {
      "REQ_subtype": "",
      "REQ_type": "",
      "_id": 47,
      "author_id": "not defined",
      "author_name": "Kitick 538",
      "helpful": "3",
      "polarity": "",
      "rate": 5,
      "response": "Check out if this still happens with the latest update, thanks :)",
      "response_date": [
        "June",
        "10",
        " 2015"
      ],
      "review": "When I first start out in the first 5 to 10 minutes, my crew go on strike and I can't figure out why. So if you could put something that tells you specifically why they're on strike then I would be very happy.",
      "review_date": [
        "October",
        "20",
        " 2016"
      ]
    },
    {
      "REQ_subtype": "",
      "REQ_type": "",
      "_id": 48,
      "author_id": "not defined",
      "author_name": "Boyd McKenzie",
      "helpful": "0",
      "polarity": "",
      "rate": 1,
      "response": "",
      "response_date": "",
      "review": "It pains me to give this game a 1 star review, but I'll go in to why. I was \nhaving a lot of fun with it and it was on track for a 4-5 star from me. \nMajor Issue: Delivery quest bugs out - So I just purchased a new ship, and \nI took a delivery quest. I spent most of my cash buying the goods, and I \nflew to the station. The good were taken, but I didn't get the quest \nreward. I am now basically broke, I can't sell the ship, and it's a game \nending bug for me. I'm pretty much done with the game because of this. \nMinor: The game crashes quite a lot. Advice to people who want to buy this: \nDo it at your own risk. You might put in a fair bit of time just to lose \neverything.",
      "review_date": [
        "May",
        "24",
        " 2018"
      ]
    },
    {
      "REQ_subtype": "",
      "REQ_type": "",
      "_id": 49,
      "author_id": "not defined",
      "author_name": "Alex Juchna",
      "helpful": "1",
      "polarity": "",
      "rate": 5,
      "response": "",
      "response_date": "",
      "review": "Pretty dang good.  Runs quite well on my device, crashes very infrequently (about as often as any other app I use).",
      "review_date": [
        "March",
        "5",
        " 2016"
      ]
    },
    {
      "REQ_subtype": "",
      "REQ_type": "",
      "_id": 50,
      "author_id": "not defined",
      "author_name": "Jacob Shuman",
      "helpful": "0",
      "polarity": "",
      "rate": 2,
      "response": "",
      "response_date": "",
      "review": "the only reason i gave this game such a bad rating is because i play this game on my Chromebook because of the games battery drain on my phone. I could deal with the lag but what I can't deal with is the face that most ui elements I have to spam 50 times before it recognizes a click instead of a drag.I understand this game isn't optimized for chrome books but I was expecting something a bit more playable. Honestly considering just refunding the game if I cant even get past the first mission on my chromebook.",
      "review_date": [
        "September",
        "20",
        " 2017"
      ]
    },
    {
      "REQ_subtype": "",
      "REQ_type": "",
      "_id": 51,
      "author_id": "not defined",
      "author_name": "Griffin Thoe",
      "helpful": "0",
      "polarity": "",
      "rate": 1,
      "response": "",
      "response_date": "",
      "review": "I really wish I could play. I have a galaxy s7. It crashes whenever I try to start a game",
      "review_date": [
        "July",
        "29",
        " 2016"
      ]
    },
    {
      "REQ_subtype": "",
      "REQ_type": "",
      "_id": 52,
      "author_id": "not defined",
      "author_name": "Kevin Carroll",
      "helpful": "0",
      "polarity": "",
      "rate": 3,
      "response": "",
      "response_date": "",
      "review": "Best version of space trader I've played, but so many issues and oversights like game is barely responsive on a note 4, freezes on idle, and the missions don't pay enough and constantly change parameters.  Just hot hired to take people to other system on getting there they are like now go fight pirates, screw you that wasn't the mission this is a space barge.  Random events are normally only bad and can essentially kill game, everything was good but after an event between planets my happy crew went awol",
      "review_date": [
        "August",
        "20",
        " 2016"
      ]
    },
    {
      "REQ_subtype": "",
      "REQ_type": "",
      "_id": 53,
      "author_id": "not defined",
      "author_name": "Jennifer Simpson",
      "helpful": "0",
      "polarity": "",
      "rate": 5,
      "response": "",
      "response_date": "",
      "review": "I'm always lookin for a good space simulator and I found one, fro. The \nbuilding, researching, battles. It has everything. Hope it gets and update \nsoon though..",
      "review_date": [
        "May",
        "5",
        " 2018"
      ]
    },
    {
      "REQ_subtype": "",
      "REQ_type": "",
      "_id": 54,
      "author_id": "not defined",
      "author_name": "Brandon Drangel",
      "helpful": "0",
      "polarity": "",
      "rate": 2,
      "response": "",
      "response_date": "",
      "review": "I saw this game and thought wow, amazing graphics and it sounds like Galaxy on Fire 2 before they started their IAP craziness. Well, I was wrong. The tutorial is very weak and even after starting the game over 15 times I still end up so many cycles in broke or floating without a pilot. I can't figure out how to stop strikes and the game gives no hints. I've given bonuses and more and nothing works. Penalties for failing missions are crazy. Since when if I don't deliver a pizza IRL I have give the person the pizza and $1000?! I'm still trying to grasp the learning curve and I'll update after, or if, I do. Also it runs well on my ancient Note 3 with only one crash in hours of gameplay. Also on high resolution I might add.",
      "review_date": [
        "January",
        "26",
        " 2017"
      ]
    },
    {
      "REQ_subtype": "",
      "REQ_type": "",
      "_id": 55,
      "author_id": "not defined",
      "author_name": "Denis Parnovsky",
      "helpful": "1",
      "polarity": "",
      "rate": 4,
      "response": "",
      "response_date": "",
      "review": "I just deducting a star because the game is heavy and crashes time to time. Otherwise it is perfect example of the space trading genre",
      "review_date": [
        "April",
        "26",
        " 2017"
      ]
    },
    {
      "REQ_subtype": "",
      "REQ_type": "",
      "_id": 56,
      "author_id": "not defined",
      "author_name": "Joshua Cook",
      "helpful": "0",
      "polarity": "",
      "rate": 1,
      "response": "",
      "response_date": "",
      "review": "Full Crash when selecting new game.   Won't even load.  Can't play.  I have an S7 edge.",
      "review_date": [
        "December",
        "30",
        " 2016"
      ]
    },
    {
      "REQ_subtype": "",
      "REQ_type": "",
      "_id": 57,
      "author_id": "not defined",
      "author_name": "skyler peacock",
      "helpful": "0",
      "polarity": "",
      "rate": 1,
      "response": "",
      "response_date": "",
      "review": "I played this game a few months ago but I could not control anything, my touch did not work then the game crashed, I gave it a second chance and this time i got to the main menu and pushed play the campaign button and all 5 times it said the app stopped working and it asked me if I wanted to reopen it. Sounds like a fun game but it's not playable.",
      "review_date": [
        "January",
        "26",
        " 2018"
      ]
    },
    {
      "REQ_subtype": "",
      "REQ_type": "",
      "_id": 58,
      "author_id": "not defined",
      "author_name": "Mage Prince",
      "helpful": "2",
      "polarity": "",
      "rate": 1,
      "response": "",
      "response_date": "",
      "review": "So anyways the app crashes on the launch of a new campaign game, At&t galaxy s7 edge",
      "review_date": [
        "September",
        "5",
        " 2016"
      ]
    },
    {
      "REQ_subtype": "",
      "REQ_type": "",
      "_id": 59,
      "author_id": "not defined",
      "author_name": "Jon Webster",
      "helpful": "0",
      "polarity": "",
      "rate": 3,
      "response": "",
      "response_date": "",
      "review": "Combat is frustrating to the point of being unplayable. Story mission \nrequires combat so I can't finish it. The fights go into a stalemate of \nrunning and shields with the usual victory being when the other ship \nrunning out of ammo. Slow and not fun.",
      "review_date": [
        "July",
        "1",
        " 2018"
      ]
    },
    {
      "REQ_subtype": "",
      "REQ_type": "",
      "_id": 60,
      "author_id": "not defined",
      "author_name": "Deaf Lion",
      "helpful": "1",
      "polarity": "",
      "rate": 1,
      "response": "",
      "response_date": "",
      "review": "chash every time you hard work mission why we pay for good game?  must be worth 10p no \u00a32.50 - your will next and they dont reply and/or dont refund",
      "review_date": [
        "August",
        "4",
        " 2016"
      ]
    },
    {
      "REQ_subtype": "",
      "REQ_type": "",
      "_id": 61,
      "author_id": "not defined",
      "author_name": "Seth Studley",
      "helpful": "0",
      "polarity": "",
      "rate": 5,
      "response": "",
      "response_date": "",
      "review": "Took a bit to learn but once u get it, its a fun and very open enjoyable game. They could put in a ingame library with hints and what certain icons mean that would help new people get over the learning curve faster other than  that really happy with my purchase hopefully they keep improvements coming like new content such as new ships and missions",
      "review_date": [
        "October",
        "14",
        " 2016"
      ]
    },
    {
      "REQ_subtype": "",
      "REQ_type": "",
      "_id": 62,
      "author_id": "not defined",
      "author_name": "angel demontair",
      "helpful": "0",
      "polarity": "",
      "rate": 1,
      "response": "",
      "response_date": "",
      "review": "I'd love to give a good review, but when I try to start a new game it crashes, looked really good though",
      "review_date": [
        "November",
        "26",
        " 2016"
      ]
    },
    {
      "REQ_subtype": "",
      "REQ_type": "",
      "_id": 63,
      "author_id": "not defined",
      "author_name": "Cory Lim",
      "helpful": "0",
      "polarity": "",
      "rate": 3,
      "response": "",
      "response_date": "",
      "review": "I'm really trying to like this game  but it has so many issues. You can't just drag and top crew members, the text is WAY too small, the tutorial is extremely long but doesn't explain anything well.  You have the whole screen make the text bigger! As it stands it's a game mired in menus and I'm sure there's good stuff here but it's so hard to find.  Example: Pick up 25 tolls and deliver them to Swoin station.  Doesn't say where to pick up tools, that's the first mission you can accept by the way.  I want this to be great but it's just confusing.",
      "review_date": [
        "April",
        "24",
        " 2017"
      ]
    },
    {
      "REQ_subtype": "",
      "REQ_type": "",
      "_id": 64,
      "author_id": "not defined",
      "author_name": "Joe Blubaugh",
      "helpful": "0",
      "polarity": "",
      "rate": 3,
      "response": "",
      "response_date": "",
      "review": "If you enjoy space trading, building up your ship, and crew from a little putter ship, all starter space ships are nothing special, to a huge transport ship while doing jobs and fighting pirates along the way; this game is for you.   Now, here are the down sides. I do enjoy this game very much. But, it is an on going hustle that becomes a hassle over time. You balance your ship, repairs, crew, crew needs, your crew gets paid, and paid well. They also whine a lot. You have to have a large crew to survive and win space battles.  You have to keep making big money to keep it all going, and keep your crew happy  One big space fight, and it can all be gone. Once you reach the level to get the big ship with a sizable crew. All can go well, and seem like your winning with lots of cash your crew is constantly hacking away at. This game is relentless. Any small mistake, or battle, or unforseen event, and its all back to square one, sort of. There really isn't a true save game to go back before it all blew up. I have lost track of how many times I have started over kicking butt, and then the game seems to turn it all bad for a while. Too much like our every day struggles in real life.",
      "review_date": [
        "September",
        "8",
        " 2017"
      ]
    },
    {
      "REQ_subtype": "",
      "REQ_type": "",
      "_id": 65,
      "author_id": "not defined",
      "author_name": "Kelvin Cu",
      "helpful": "1",
      "polarity": "",
      "rate": 3,
      "response": "",
      "response_date": "",
      "review": "It doesn't work on note pro but on my s7 edge it does.  Please fix the issue on note pro. Everytime I start the game it crash.",
      "review_date": [
        "June",
        "16",
        " 2016"
      ]
    },
    {
      "REQ_subtype": "",
      "REQ_type": "",
      "_id": 66,
      "author_id": "not defined",
      "author_name": "Lennert Weijers",
      "helpful": "0",
      "polarity": "",
      "rate": 4,
      "response": "",
      "response_date": "",
      "review": "Crashed consistently on load of campaign just after initial install. Had to clear data, worked after. After weeks of playing, I can safely say it's fun and worth it.",
      "review_date": [
        "March",
        "31",
        " 2016"
      ]
    },
    {
      "REQ_subtype": "",
      "REQ_type": "",
      "_id": 67,
      "author_id": "not defined",
      "author_name": "TENG CHEN PU",
      "helpful": "2",
      "polarity": "",
      "rate": 3,
      "response": "",
      "response_date": "",
      "review": "Galaxy note tab pro. Crashing every 20-40mins into game....",
      "review_date": [
        "May",
        "15",
        " 2016"
      ]
    },
    {
      "REQ_subtype": "",
      "REQ_type": "",
      "_id": 68,
      "author_id": "not defined",
      "author_name": "suber cheater",
      "helpful": "0",
      "polarity": "",
      "rate": 1,
      "response": "",
      "response_date": "",
      "review": "Even as a free game it wouldnt be worth it, miss aligned crew vs ship requirements and theres nothing to do, you spend the whole time trying to keep your crew from going on strike which they do no matter what",
      "review_date": [
        "December",
        "20",
        " 2016"
      ]
    },
    {
      "REQ_subtype": "",
      "REQ_type": "",
      "_id": 69,
      "author_id": "not defined",
      "author_name": "Brazul Blint",
      "helpful": "0",
      "polarity": "",
      "rate": 3,
      "response": "",
      "response_date": "",
      "review": "Every few minutes I have to restart the game because it gets very laggy. I use samsung galaxy note 5. Mostly it just doesn't react when I try to push the keys, I have to hold down the key so it will register that i have issued a command.",
      "review_date": [
        "August",
        "29",
        " 2016"
      ]
    },
    {
      "REQ_subtype": "",
      "REQ_type": "",
      "_id": 70,
      "author_id": "not defined",
      "author_name": "Andres",
      "helpful": "2",
      "polarity": "",
      "rate": 4,
      "response": "",
      "response_date": "",
      "review": "Goulding oakwood d lense outsmart pen x me form buckaroo. Guys.",
      "review_date": [
        "July",
        "15",
        " 2016"
      ]
    },
    {
      "REQ_subtype": "",
      "REQ_type": "",
      "_id": 71,
      "author_id": "not defined",
      "author_name": "Mike Mata",
      "helpful": "0",
      "polarity": "",
      "rate": 3,
      "response": "",
      "response_date": "",
      "review": "The audio seems to be echoing or in a skipping trance. I can't play with the audio on because it gets loud and annoying",
      "review_date": [
        "December",
        "6",
        " 2016"
      ]
    },
    {
      "REQ_subtype": "",
      "REQ_type": "",
      "_id": 72,
      "author_id": "not defined",
      "author_name": "Maxaroniand cheese",
      "helpful": "3",
      "polarity": "",
      "rate": 1,
      "response": "",
      "response_date": "",
      "review": "It won't even let me play!?? It forces itself off before I can even see the screen...fix or give me my refund!",
      "review_date": [
        "September",
        "12",
        " 2016"
      ]
    },
    {
      "REQ_subtype": "",
      "REQ_type": "",
      "_id": 73,
      "author_id": "not defined",
      "author_name": "william martine",
      "helpful": "0",
      "polarity": "",
      "rate": 3,
      "response": "",
      "response_date": "",
      "review": "Cannot start the campaign, I don't know if my Nexus 6P is incompatible, or the game is buggy. WARNING, once you write a review you cannot request a refund.",
      "review_date": [
        "December",
        "17",
        " 2016"
      ]
    },
    {
      "REQ_subtype": "",
      "REQ_type": "",
      "_id": 74,
      "author_id": "not defined",
      "author_name": "David Jones",
      "helpful": "0",
      "polarity": "",
      "rate": 2,
      "response": "",
      "response_date": "",
      "review": "Too buggy. Restarted the game 7 times because of bugs. Right now I'm stuck at the main mission 5. Where you have to get the gems. I let   guys live but I got no gems.",
      "review_date": [
        "January",
        "23",
        " 2017"
      ]
    },
    {
      "REQ_subtype": "",
      "REQ_type": "",
      "_id": 75,
      "author_id": "not defined",
      "author_name": "Nikki Havers",
      "helpful": "2",
      "polarity": "",
      "rate": 5,
      "response": "",
      "response_date": "",
      "review": "If you're into the genre of space traders, buy this right now!",
      "review_date": [
        "March",
        "26",
        " 2016"
      ]
    },
    {
      "REQ_subtype": "",
      "REQ_type": "",
      "_id": 76,
      "author_id": "not defined",
      "author_name": "Alexander Rabot",
      "helpful": "0",
      "polarity": "",
      "rate": 2,
      "response": "",
      "response_date": "",
      "review": "Really looking forward to playing this sync'd with the PC version, but any time I lock my screen/phone while the game is running, when I unlock the phone, the game reboots from scratch.",
      "review_date": [
        "January",
        "3",
        " 2017"
      ]
    },
    {
      "REQ_subtype": "",
      "REQ_type": "",
      "_id": 77,
      "author_id": "not defined",
      "author_name": "Mac Whitledge",
      "helpful": "0",
      "polarity": "",
      "rate": 2,
      "response": "",
      "response_date": "",
      "review": "I need help from someone. Im trying to sell my manatide, i have it stripped \ncompletely down and im trying to buy another ship but it ssys i need to \nsell my cargo first, i have no cargo and no cargo bays on the ship. playing \non galaxy s9+",
      "review_date": [
        "June",
        "20",
        " 2018"
      ]
    },
    {
      "REQ_subtype": "",
      "REQ_type": "",
      "_id": 78,
      "author_id": "not defined",
      "author_name": "Donald Lamont",
      "helpful": "5",
      "polarity": "",
      "rate": 1,
      "response": "",
      "response_date": "",
      "review": "Crashes every time I try to start a new game.",
      "review_date": [
        "March",
        "24",
        " 2016"
      ]
    },
    {
      "REQ_subtype": "",
      "REQ_type": "",
      "_id": 79,
      "author_id": "not defined",
      "author_name": "Lorin Paddock",
      "helpful": "0",
      "polarity": "",
      "rate": 1,
      "response": "",
      "response_date": "",
      "review": "Crashes everytime - this is on a stock S7 Edge and a Tab A 10.1 tablet...save your money until they fix this mess.",
      "review_date": [
        "December",
        "21",
        " 2016"
      ]
    },
    {
      "REQ_subtype": "",
      "REQ_type": "",
      "_id": 80,
      "author_id": "not defined",
      "author_name": "xEdgeOfRealityx x",
      "helpful": "0",
      "polarity": "",
      "rate": 1,
      "response": "",
      "response_date": "",
      "review": "Force closing when I try to start new game. I purchased this game and have not been able to play it due to this error.  Please fix!!!!!",
      "review_date": [
        "November",
        "27",
        " 2016"
      ]
    },
    {
      "REQ_subtype": "",
      "REQ_type": "",
      "_id": 81,
      "author_id": "not defined",
      "author_name": "bert lancaster",
      "helpful": "0",
      "polarity": "",
      "rate": 2,
      "response": "",
      "response_date": "",
      "review": "Too bad this looks like a fun game.",
      "review_date": [
        "December",
        "26",
        " 2016"
      ]
    },
    {
      "REQ_subtype": "",
      "REQ_type": "",
      "_id": 82,
      "author_id": "not defined",
      "author_name": "rob young",
      "helpful": "0",
      "polarity": "",
      "rate": 1,
      "response": "",
      "response_date": "",
      "review": "Game could not run. Turning off scan lines crashed the game. Choosing a save file crashed the game.",
      "review_date": [
        "November",
        "6",
        " 2017"
      ]
    },
    {
      "REQ_subtype": "",
      "REQ_type": "",
      "_id": 83,
      "author_id": "not defined",
      "author_name": "Phil Frederick",
      "helpful": "1",
      "polarity": "",
      "rate": 2,
      "response": "",
      "response_date": "",
      "review": "Lots of bugs and apologies from the devs. Not worth full price.",
      "review_date": [
        "July",
        "18",
        " 2017"
      ]
    },
    {
      "REQ_subtype": "",
      "REQ_type": "",
      "_id": 84,
      "author_id": "not defined",
      "author_name": "Sam Steeves",
      "helpful": "1",
      "polarity": "",
      "rate": 1,
      "response": "",
      "response_date": "",
      "review": "Game crashes after selecting to start a new game on OnePlus 3",
      "review_date": [
        "October",
        "3",
        " 2016"
      ]
    },
    {
      "REQ_subtype": "",
      "REQ_type": "",
      "_id": 85,
      "author_id": "not defined",
      "author_name": "Jared Banyard",
      "helpful": "0",
      "polarity": "",
      "rate": 1,
      "response": "How does work for you now? Please let us know.",
      "response_date": [
        "September",
        "18",
        " 2015"
      ],
      "review": "Crashes during combat on Nexus 6P running 7.1.1. Unable to even start campaign.",
      "review_date": [
        "January",
        "13",
        " 2017"
      ]
    },
    {
      "REQ_subtype": "",
      "REQ_type": "",
      "_id": 86,
      "author_id": "not defined",
      "author_name": "PaRaMyS Steve W",
      "helpful": "0",
      "polarity": "",
      "rate": 4,
      "response": "",
      "response_date": "",
      "review": "Amazing game love it i have the galaxy s7 and the game laggs alot and the audio stutters so much ive had to turn the audio off i have tried reducing the resolution and turning off any background apps but it still does it ive run more resource intensive games than this and never had a prob ive emailed support but no answer pls help",
      "review_date": [
        "October",
        "10",
        " 2016"
      ]
    },
    {
      "REQ_subtype": "",
      "REQ_type": "",
      "_id": 87,
      "author_id": "not defined",
      "author_name": "Manus Exodus",
      "helpful": "1",
      "polarity": "",
      "rate": 1,
      "response": "",
      "response_date": "",
      "review": "Game doesn't tell you what to do after employing the crew. At least it's easy enough to refund.",
      "review_date": [
        "September",
        "17",
        " 2016"
      ]
    },
    {
      "REQ_subtype": "",
      "REQ_type": "",
      "_id": 88,
      "author_id": "not defined",
      "author_name": "Ludovic Piquet",
      "helpful": "0",
      "polarity": "",
      "rate": 1,
      "response": "",
      "response_date": "",
      "review": "This game is not easy !! Lot of missions are impossible ! Something wrong in the first experience !",
      "review_date": [
        "July",
        "27",
        " 2017"
      ]
    },
    {
      "REQ_subtype": "",
      "REQ_type": "",
      "_id": 89,
      "author_id": "not defined",
      "author_name": "Charles Marsh",
      "helpful": "4",
      "polarity": "",
      "rate": 5,
      "response": "",
      "response_date": "",
      "review": "Great game, previous issues fixed.",
      "review_date": [
        "March",
        "16",
        " 2016"
      ]
    },
    {
      "REQ_subtype": "",
      "REQ_type": "",
      "_id": 90,
      "author_id": "not defined",
      "author_name": "Kyle Yadlosky",
      "helpful": "0",
      "polarity": "",
      "rate": 1,
      "response": "",
      "response_date": "",
      "review": "Game crashes right at load up after selecting Campaign on my Moto ZPlay 2.",
      "review_date": [
        "December",
        "15",
        " 2017"
      ]
    },
    {
      "REQ_subtype": "",
      "REQ_type": "",
      "_id": 91,
      "author_id": "not defined",
      "author_name": "Ka Kin Cheung",
      "helpful": "0",
      "polarity": "",
      "rate": 1,
      "response": "",
      "response_date": "",
      "review": "What year is this again? Cannot even get immersive mode into a game? I am not playing/buying a game with those black navigation bar on the side. Refunding now.",
      "review_date": [
        "October",
        "13",
        " 2016"
      ]
    },
    {
      "REQ_subtype": "",
      "REQ_type": "",
      "_id": 92,
      "author_id": "not defined",
      "author_name": "dj west",
      "helpful": "1",
      "polarity": "",
      "rate": 4,
      "response": "",
      "response_date": "",
      "review": "Only issue is it needs more weapons and ships..",
      "review_date": [
        "January",
        "29",
        " 2018"
      ]
    },
    {
      "REQ_subtype": "",
      "REQ_type": "",
      "_id": 93,
      "author_id": "not defined",
      "author_name": "Jeff Hult",
      "helpful": "0",
      "polarity": "",
      "rate": 1,
      "response": "",
      "response_date": "",
      "review": "Can't even play the game. Crashes when trying to start game.",
      "review_date": [
        "January",
        "26",
        " 2017"
      ]
    },
    {
      "REQ_subtype": "",
      "REQ_type": "",
      "_id": 94,
      "author_id": "not defined",
      "author_name": "paul hutchinson",
      "helpful": "1",
      "polarity": "",
      "rate": 3,
      "response": "",
      "response_date": "",
      "review": "I would give this more. But why no manual save game? Very strange.",
      "review_date": [
        "August",
        "21",
        " 2016"
      ]
    },
    {
      "REQ_subtype": "",
      "REQ_type": "",
      "_id": 95,
      "author_id": "not defined",
      "author_name": "Ollokot Xios",
      "helpful": "1",
      "polarity": "",
      "rate": 5,
      "response": "",
      "response_date": "",
      "review": "Great game well worth the price. Seems to be abandoned :/",
      "review_date": [
        "December",
        "13",
        " 2017"
      ]
    },
    {
      "REQ_subtype": "",
      "REQ_type": "",
      "_id": 96,
      "author_id": "not defined",
      "author_name": "Tony K.",
      "helpful": "0",
      "polarity": "",
      "rate": 1,
      "response": "",
      "response_date": "",
      "review": "Finely I've started a new game, but can't actually play because of screen glitches. Progress :)",
      "review_date": [
        "March",
        "6",
        " 2016"
      ]
    },
    {
      "REQ_subtype": "",
      "REQ_type": "",
      "_id": 97,
      "author_id": "not defined",
      "author_name": "Stephen Smartt",
      "helpful": "0",
      "polarity": "",
      "rate": 4,
      "response": "",
      "response_date": "",
      "review": "A little buggy at times, but for the most part, one of the best games I've played in the Android ecosystem!",
      "review_date": [
        "November",
        "20",
        " 2016"
      ]
    },
    {
      "REQ_subtype": "",
      "REQ_type": "",
      "_id": 98,
      "author_id": "not defined",
      "author_name": "Simon Robinson",
      "helpful": "2",
      "polarity": "",
      "rate": 4,
      "response": "",
      "response_date": "",
      "review": "Loved the game but what about more story  missions to be sold as plugins??",
      "review_date": [
        "April",
        "2",
        " 2016"
      ]
    },
    {
      "REQ_subtype": "",
      "REQ_type": "",
      "_id": 99,
      "author_id": "not defined",
      "author_name": "Ume Chan",
      "helpful": "1",
      "polarity": "",
      "rate": 5,
      "response": "",
      "response_date": "",
      "review": "strategy space sim with quirky chars, what else do u need?",
      "review_date": [
        "September",
        "27",
        " 2016"
      ]
    },
    {
      "REQ_subtype": "",
      "REQ_type": "",
      "_id": 100,
      "author_id": "not defined",
      "author_name": "TheRealTCX",
      "helpful": "3",
      "polarity": "",
      "rate": 5,
      "response": "",
      "response_date": "",
      "review": "Works beautifully on my S7 Edge",
      "review_date": [
        "May",
        "22",
        " 2016"
      ]
    },
    {
      "REQ_subtype": "",
      "REQ_type": "",
      "_id": 101,
      "author_id": "not defined",
      "author_name": "Marcus Mind",
      "helpful": "0",
      "polarity": "",
      "rate": 1,
      "response": "",
      "response_date": "",
      "review": "The game start in background and it use a lot battery. After force stop it again run in background.",
      "review_date": [
        "October",
        "3",
        " 2016"
      ]
    },
    {
      "REQ_subtype": "",
      "REQ_type": "",
      "_id": 102,
      "author_id": "not defined",
      "author_name": "War Lord",
      "helpful": "1",
      "polarity": "",
      "rate": 5,
      "response": "",
      "response_date": "",
      "review": "Now i can play this game on my Zenfone 6 :D",
      "review_date": [
        "March",
        "23",
        " 2016"
      ]
    },
    {
      "REQ_subtype": "",
      "REQ_type": "",
      "_id": 103,
      "author_id": "not defined",
      "author_name": "Artem Anisimov",
      "helpful": "0",
      "polarity": "",
      "rate": 3,
      "response": "",
      "response_date": "",
      "review": "Great game, too many bugs.",
      "review_date": [
        "December",
        "4",
        " 2017"
      ]
    },
    {
      "REQ_subtype": "",
      "REQ_type": "",
      "_id": 104,
      "author_id": "not defined",
      "author_name": "Randi Knight",
      "helpful": "1",
      "polarity": "",
      "rate": 5,
      "response": "",
      "response_date": "",
      "review": "an amazing piece of work. That keeps improving.",
      "review_date": [
        "June",
        "9",
        " 2016"
      ]
    },
    {
      "REQ_subtype": "",
      "REQ_type": "",
      "_id": 105,
      "author_id": "not defined",
      "author_name": "TR Temple",
      "helpful": "2",
      "polarity": "",
      "rate": 5,
      "response": "Thanks a lot for your review, can you send us a mail to support@chasing-carrots.com if you know how to reproduce the bug with the icons? That would be super helpful, thanks :)",
      "response_date": [
        "December",
        "1",
        " 2015"
      ],
      "review": "New nVidia Shield tablet and I am back in the game. WHOOT!!!",
      "review_date": [
        "September",
        "20",
        " 2016"
      ]
    },
    {
      "REQ_subtype": "",
      "REQ_type": "",
      "_id": 106,
      "author_id": "not defined",
      "author_name": "Mykee Biteng",
      "helpful": "1",
      "polarity": "",
      "rate": 5,
      "response": "",
      "response_date": "",
      "review": "Confusing but addictive!",
      "review_date": [
        "October",
        "1",
        " 2016"
      ]
    },
    {
      "REQ_subtype": "",
      "REQ_type": "",
      "_id": 107,
      "author_id": "not defined",
      "author_name": "Jose Alvarado",
      "helpful": "3",
      "polarity": "",
      "rate": 5,
      "response": "",
      "response_date": "",
      "review": "Great game",
      "review_date": [
        "April",
        "5",
        " 2016"
      ]
    },
    {
      "REQ_subtype": "",
      "REQ_type": "",
      "_id": 108,
      "author_id": "not defined",
      "author_name": "Tausif Shaikh",
      "helpful": "0",
      "polarity": "",
      "rate": 5,
      "response": "",
      "response_date": "",
      "review": "Nice concept. Almost all issues fixed. Hope to see more updates.",
      "review_date": [
        "January",
        "4",
        " 2017"
      ]
    },
    {
      "REQ_subtype": "",
      "REQ_type": "",
      "_id": 109,
      "author_id": "not defined",
      "author_name": "kiran bv",
      "helpful": "0",
      "polarity": "",
      "rate": 3,
      "response": "",
      "response_date": "",
      "review": "Hey guys  have played it before and loved it  but it ain't workin.",
      "review_date": [
        "December",
        "10",
        " 2016"
      ]
    },
    {
      "REQ_subtype": "",
      "REQ_type": "",
      "_id": 110,
      "author_id": "not defined",
      "author_name": "Adam Moore",
      "helpful": "0",
      "polarity": "",
      "rate": 2,
      "response": "",
      "response_date": "",
      "review": "The majority of in game text is missing or not present, making it impossible to get started.",
      "review_date": [
        "December",
        "4",
        " 2016"
      ]
    },
    {
      "REQ_subtype": "",
      "REQ_type": "",
      "_id": 111,
      "author_id": "not defined",
      "author_name": "Joseph Mottram",
      "helpful": "0",
      "polarity": "",
      "rate": 4,
      "response": "",
      "response_date": "",
      "review": "Great game takes a little while to learn especially the combat but otherwise funny and fun to play",
      "review_date": [
        "January",
        "18",
        " 2017"
      ]
    },
    {
      "REQ_subtype": "",
      "REQ_type": "",
      "_id": 112,
      "author_id": "not defined",
      "author_name": "Frank Hewitt",
      "helpful": "0",
      "polarity": "",
      "rate": 1,
      "response": "",
      "response_date": "",
      "review": "Used to love this game, but doesn't open on my Nexus 5x anymore.",
      "review_date": [
        "August",
        "26",
        " 2017"
      ]
    },
    {
      "REQ_subtype": "",
      "REQ_type": "",
      "_id": 113,
      "author_id": "not defined",
      "author_name": "Andreh Lee",
      "helpful": "0",
      "polarity": "",
      "rate": 5,
      "response": "",
      "response_date": "",
      "review": "Please keep it update excellent game , just need to iron out the bugs",
      "review_date": [
        "January",
        "29",
        " 2017"
      ]
    },
    {
      "REQ_subtype": "",
      "REQ_type": "",
      "_id": 114,
      "author_id": "not defined",
      "author_name": "Chris Geagea",
      "helpful": "2",
      "polarity": "",
      "rate": 4,
      "response": "",
      "response_date": "",
      "review": "Its pretty good.",
      "review_date": [
        "June",
        "12",
        " 2016"
      ]
    },
    {
      "REQ_subtype": "",
      "REQ_type": "",
      "_id": 115,
      "author_id": "not defined",
      "author_name": "\u0427\u0435\u0440\u043d\u043e\u0432 \u042e\u0440\u0438\u0439",
      "helpful": "0",
      "polarity": "",
      "rate": 1,
      "response": "",
      "response_date": "",
      "review": "Not starting new game.",
      "review_date": [
        "November",
        "23",
        " 2016"
      ]
    },
    {
      "REQ_subtype": "",
      "REQ_type": "",
      "_id": 116,
      "author_id": "not defined",
      "author_name": "bryan Shelton",
      "helpful": "0",
      "polarity": "",
      "rate": 5,
      "response": "",
      "response_date": "",
      "review": "Need more bug fixes",
      "review_date": [
        "May",
        "1",
        " 2018"
      ]
    },
    {
      "REQ_subtype": "",
      "REQ_type": "",
      "_id": 117,
      "author_id": "not defined",
      "author_name": "Won Ton On",
      "helpful": "2",
      "polarity": "",
      "rate": 1,
      "response": "",
      "response_date": "",
      "review": "Hard to get into",
      "review_date": [
        "May",
        "26",
        " 2016"
      ]
    },
    {
      "REQ_subtype": "",
      "REQ_type": "",
      "_id": 118,
      "author_id": "not defined",
      "author_name": "mysterious user",
      "helpful": "0",
      "polarity": "",
      "rate": 2,
      "response": "",
      "response_date": "",
      "review": "Blackscreen... bad game...",
      "review_date": [
        "March",
        "14",
        " 2018"
      ]
    },
    {
      "REQ_subtype": "",
      "REQ_type": "",
      "_id": 119,
      "author_id": "not defined",
      "author_name": "Free Random Junk",
      "helpful": "0",
      "polarity": "",
      "rate": 1,
      "response": "",
      "response_date": "",
      "review": "Can't get in",
      "review_date": [
        "February",
        "3",
        " 2017"
      ]
    },
    {
      "REQ_subtype": "",
      "REQ_type": "",
      "_id": 120,
      "author_id": "not defined",
      "author_name": "Gaz Walker",
      "helpful": "0",
      "polarity": "",
      "rate": 5,
      "response": "",
      "response_date": "",
      "review": "Great game Had it since day one",
      "review_date": [
        "August",
        "27",
        " 2017"
      ]
    },
    {
      "REQ_subtype": "",
      "REQ_type": "",
      "_id": 121,
      "author_id": "not defined",
      "author_name": "Enoch Qualls",
      "helpful": "0",
      "polarity": "",
      "rate": 3,
      "response": "",
      "response_date": "",
      "review": "Nice game Not my thing",
      "review_date": [
        "February",
        "10",
        " 2017"
      ]
    },
    {
      "REQ_subtype": "",
      "REQ_type": "",
      "_id": 122,
      "author_id": "not defined",
      "author_name": "Evgueni Fourman",
      "helpful": "0",
      "polarity": "",
      "rate": 3,
      "response": "",
      "response_date": "",
      "review": "Please make resolution compatible with Pixel XL",
      "review_date": [
        "May",
        "13",
        " 2018"
      ]
    },
    {
      "REQ_subtype": "",
      "REQ_type": "",
      "_id": 123,
      "author_id": "not defined",
      "author_name": "Antonio Carr",
      "helpful": "1",
      "polarity": "",
      "rate": 5,
      "response": "",
      "response_date": "",
      "review": "\ud83d\udc98 it",
      "review_date": [
        "July",
        "23",
        " 2016"
      ]
    },
    {
      "REQ_subtype": "",
      "REQ_type": "",
      "_id": 124,
      "author_id": "not defined",
      "author_name": "Ben JDB",
      "helpful": "0",
      "polarity": "",
      "rate": 2,
      "response": "",
      "response_date": "",
      "review": "Abandonware",
      "review_date": [
        "November",
        "22",
        " 2017"
      ]
    },
    {
      "REQ_subtype": "",
      "REQ_type": "",
      "_id": 125,
      "author_id": "not defined",
      "author_name": "Sergey Avanesov",
      "helpful": "0",
      "polarity": "",
      "rate": 5,
      "response": "",
      "response_date": "",
      "review": "LOVE IT",
      "review_date": [
        "July",
        "22",
        " 2017"
      ]
    },
    {
      "REQ_subtype": "",
      "REQ_type": "",
      "_id": 126,
      "author_id": "not defined",
      "author_name": "Parzival",
      "helpful": "0",
      "polarity": "",
      "rate": 5,
      "response": "",
      "response_date": "",
      "review": "Great game",
      "review_date": [
        "July",
        "10",
        " 2018"
      ]
    },
    {
      "REQ_subtype": "",
      "REQ_type": "",
      "_id": 127,
      "author_id": "not defined",
      "author_name": "Mike Dice",
      "helpful": "2",
      "polarity": "",
      "rate": 5,
      "response": "",
      "response_date": "",
      "review": "I was hesitant because of the bad reviews but have been looking at this game for a while. Absolutely incredible. Yes it has some bugs , but the game is still being developed and clearly has a LOT of potential. At first it.can seem overwhelming. This game has a LOT of depth. Also I have a Zte Zmax and the battery drain is no worse then any other game and have not had issues over heating, but then I rarely play any game for more then an hour at a time. I really wish I had gotten this game sooner.",
      "review_date": [
        "December",
        "15",
        " 2015"
      ]
    },
    {
      "REQ_subtype": "",
      "REQ_type": "",
      "_id": 128,
      "author_id": "not defined",
      "author_name": "Frazer Scott",
      "helpful": "0",
      "polarity": "",
      "rate": 5,
      "response": "",
      "response_date": "",
      "review": "I'm loving this one, greatest funny space game.  Build ships a little like fallout shelter and trade or fight stuff.  There are some bugs with bits of the interface vanishing but a restart of the game fixes it, it's not happening often enough to be a problem though.",
      "review_date": [
        "December",
        "8",
        " 2015"
      ]
    },
    {
      "REQ_subtype": "",
      "REQ_type": "",
      "_id": 129,
      "author_id": "not defined",
      "author_name": "Jack Harris",
      "helpful": "3",
      "polarity": "",
      "rate": 2,
      "response": "",
      "response_date": "",
      "review": "It is impossible to get through the first part of the game. The difficulty is enormous, I've tried for multiple hours to beat it but to no avail. There is no tutorial, enemies physically cannot be beaten, a range of disadvantages against you. I tried, boringly, to grind until I had good enough equipment but was still wiped out by a random bandit. Uninstalled due to it not being what a game should be. Fun.",
      "review_date": [
        "March",
        "3",
        " 2016"
      ]
    },
    {
      "REQ_subtype": "",
      "REQ_type": "",
      "_id": 130,
      "author_id": "not defined",
      "author_name": "Nick Sayce",
      "helpful": "4",
      "polarity": "",
      "rate": 4,
      "response": "",
      "response_date": "",
      "review": "I have a game which was on nearly 2000 cycles and now it says -1 cycles! Where has my game gone? It's a cracking game but not enough missions, they're all the same and involve the same cargo. Where are the missions with jewels or secrets or anything but robots, textiles and food? That aside, I want my savegame back! There's no updates to do and it says something about cross save, but all I've ever done is save it to my device. Where's it gone??",
      "review_date": [
        "February",
        "14",
        " 2016"
      ]
    },
    {
      "REQ_subtype": "",
      "REQ_type": "",
      "_id": 131,
      "author_id": "not defined",
      "author_name": "William Nauceder",
      "helpful": "0",
      "polarity": "",
      "rate": 4,
      "response": "",
      "response_date": "",
      "review": "Pop ups became so small I can't read them. Switching to low resolution mirrored and flipped everything.  And it seems like some UI elements have been disappearing. Edit: Works fine on my BLU phone just not my BLU tablet.",
      "review_date": [
        "December",
        "17",
        " 2015"
      ]
    },
    {
      "REQ_subtype": "",
      "REQ_type": "",
      "_id": 132,
      "author_id": "not defined",
      "author_name": "Kirby Angell",
      "helpful": "1",
      "polarity": "",
      "rate": 3,
      "response": "",
      "response_date": "",
      "review": "Fun game, first mobile game I've played for more than a few minutes. Unfortunately I got stuck in an infinite loop dialog during the main mission. Can't break out of it. Don't feel like starting over. Was fun while it lasted though.",
      "review_date": [
        "February",
        "2",
        " 2016"
      ]
    },
    {
      "REQ_subtype": "",
      "REQ_type": "",
      "_id": 133,
      "author_id": "not defined",
      "author_name": "Karolis Kveselis",
      "helpful": "4",
      "polarity": "",
      "rate": 3,
      "response": "Thanks for your review, we'll see how we can improce the pinch zoom.",
      "response_date": [
        "December",
        "1",
        " 2015"
      ],
      "review": "I like the idea a LOT! Game looks and runs great on s6. Pinch zoom kills it all. You do the gesture and where will you will be zoomed is anybody's guess. It drives me so nuts that i'm willing to put this game away for the time being. Oh, and it crashes every time I lock the phone.",
      "review_date": [
        "November",
        "30",
        " 2015"
      ]
    },
    {
      "REQ_subtype": "",
      "REQ_type": "",
      "_id": 134,
      "author_id": "not defined",
      "author_name": "Johannes Hjorteen",
      "helpful": "3",
      "polarity": "",
      "rate": 3,
      "response": "",
      "response_date": "",
      "review": "This is a great game and a good time waster. Though I got to a point where I am supposed to go to a certain planet in the system before a certain amount of cycles. I get there with plenty of cycles left and nothing happens. Travel between other planets and back, nothing happens. The time eventually runs out and... nothing happens!!",
      "review_date": [
        "January",
        "11",
        " 2016"
      ]
    },
    {
      "REQ_subtype": "",
      "REQ_type": "",
      "_id": 135,
      "author_id": "not defined",
      "author_name": "Jonathan Perkins",
      "helpful": "1",
      "polarity": "",
      "rate": 3,
      "response": "",
      "response_date": "",
      "review": "Love the game and the ideas behind it but the difficulty curve needs to be addressed. Ive played the game numerous times now and do really quite well when in the smaller starter ship but as soon as you upgrade to a bigger vessel you syphon money away and I've lost count how many times Ive ended up bankrupt and unable to redeem myself. Even downgrading to a smaller ship never seems to work. The game seems to penalise you for wanting a bigger ship.",
      "review_date": [
        "January",
        "13",
        " 2016"
      ]
    },
    {
      "REQ_subtype": "",
      "REQ_type": "",
      "_id": 136,
      "author_id": "not defined",
      "author_name": "B Bourget",
      "helpful": "1",
      "polarity": "",
      "rate": 5,
      "response": "The startup issues should be fixed with the latest update, please try again or with the final release :)",
      "response_date": [
        "April",
        "20",
        " 2015"
      ],
      "review": "Doesn't even load on my Tab S. This looks interested will purchase when it's released. Edit, it works awesome.  Bought this game on pc android and my iPhone. Love it. One problem  with it crashing on android... Usually when fast traveling.",
      "review_date": [
        "February",
        "29",
        " 2016"
      ]
    },
    {
      "REQ_subtype": "",
      "REQ_type": "",
      "_id": 137,
      "author_id": "not defined",
      "author_name": "Jeremy Fishback",
      "helpful": "1",
      "polarity": "",
      "rate": 3,
      "response": "",
      "response_date": "",
      "review": "Really solid ideas held back a bit by bugs and performance issues. Framerate drops significantly only when selecting research or tasks, and crew strikes seem a bit buggy too.",
      "review_date": [
        "December",
        "15",
        " 2015"
      ]
    },
    {
      "REQ_subtype": "",
      "REQ_type": "",
      "_id": 138,
      "author_id": "not defined",
      "author_name": "Joshua Sallos",
      "helpful": "0",
      "polarity": "",
      "rate": 4,
      "response": "",
      "response_date": "",
      "review": "After a few months without playing it seems like Chasing Carrots has addressed many major blocker bugs and balanced the gameplay a lot. I am giving a star back, although there are still issues, such as a(really cool)mission that can't be completed called Dangerfreaks(killed one of my save files on it :( ). Also on the Moto X I get a \"fake crash\" every start up. Immersive mode could also be a nice feature. If Cosmonautica continues to improve at the same pace, it could truly be legendary.",
      "review_date": [
        "December",
        "7",
        " 2015"
      ]
    },
    {
      "REQ_subtype": "",
      "REQ_type": "",
      "_id": 139,
      "author_id": "not defined",
      "author_name": "Brandon Smith",
      "helpful": "10",
      "polarity": "",
      "rate": 4,
      "response": "",
      "response_date": "",
      "review": "Love the game it's just what I was looking for, crashing some times and text bugs out, I just seem to be stuck on a loop of loosing money pretty much straight after I earn some.",
      "review_date": [
        "December",
        "16",
        " 2015"
      ]
    },
    {
      "REQ_subtype": "",
      "REQ_type": "",
      "_id": 140,
      "author_id": "not defined",
      "author_name": "Craig twigg",
      "helpful": "1",
      "polarity": "",
      "rate": 4,
      "response": "",
      "response_date": "",
      "review": "Nice Game , plays smooth on me Note,I like that there's lots to do and to keep an eye on Brilliantly made.slight down side Very Hard to get the game going in respect to the Coins difficult  to earn but it does get easy'ish, and the Crew can be a pain ,2 area's  of the Game I'd  like to see a change 1st the SAVE  you have to start a new game to save in a slot or it auto saves , i like to be able to save my current game in any slot any time, so if i mess up i dont have to start again, 2nd option to buy coins.",
      "review_date": [
        "January",
        "24",
        " 2016"
      ]
    },
    {
      "REQ_subtype": "",
      "REQ_type": "",
      "_id": 141,
      "author_id": "not defined",
      "author_name": "Sergio Brinkhuis",
      "helpful": "2",
      "polarity": "",
      "rate": 1,
      "response": "",
      "response_date": "",
      "review": "The Android version suffers from the same storyline/progression stopping bug as the Steam version. That bug was identified half a year ago and still has not been fixed. Has the game been abandoned by its devs?",
      "review_date": [
        "February",
        "22",
        " 2016"
      ]
    },
    {
      "REQ_subtype": "",
      "REQ_type": "",
      "_id": 142,
      "author_id": "not defined",
      "author_name": "Chris Morley",
      "helpful": "0",
      "polarity": "",
      "rate": 2,
      "response": "",
      "response_date": "",
      "review": "So much promise for a mobile game but as it stands now, not enjoyable. - Buggy touchscreen response - STEEP difficulty curve - Lazy \\ glitchy gameplay mechanics that will ruin your game, like missions you can accept but are literally impossible to complete - Combat is... Not fun - Horrible save system",
      "review_date": [
        "February",
        "10",
        " 2016"
      ]
    },
    {
      "REQ_subtype": "",
      "REQ_type": "",
      "_id": 143,
      "author_id": "not defined",
      "author_name": "per erik gjesvold",
      "helpful": "0",
      "polarity": "",
      "rate": 4,
      "response": "",
      "response_date": "",
      "review": "The scaling ting mentioned by others is not gone, and sometimes menues overlap buttons so u are forced to restart.  All over is still a very good game I can easily See myself sinking many houres into",
      "review_date": [
        "January",
        "5",
        " 2016"
      ]
    },
    {
      "REQ_subtype": "",
      "REQ_type": "",
      "_id": 144,
      "author_id": "not defined",
      "author_name": "Danial Dennett",
      "helpful": "3",
      "polarity": "",
      "rate": 1,
      "response": "",
      "response_date": "",
      "review": "Samsung galaxy SM-T535 tablet, crashes as soon as i try to start a new game, disappointing because i was looking forward to playing",
      "review_date": [
        "January",
        "9",
        " 2016"
      ]
    },
    {
      "REQ_subtype": "",
      "REQ_type": "",
      "_id": 145,
      "author_id": "not defined",
      "author_name": "Chris Westman",
      "helpful": "1",
      "polarity": "",
      "rate": 5,
      "response": "",
      "response_date": "",
      "review": "This game has huge potential for a second release. Extremely dynamic in so many ways.  It would be nice to have more ships, upgrades, people,  missions, etc. I've spent hours on this game in only the first few days. Definitely addicting. I'll be waiting for updates, upgrades, and new releases! Keep it coming. Great job!",
      "review_date": [
        "January",
        "28",
        " 2016"
      ]
    },
    {
      "REQ_subtype": "",
      "REQ_type": "",
      "_id": 146,
      "author_id": "not defined",
      "author_name": "John Baca",
      "helpful": "0",
      "polarity": "",
      "rate": 1,
      "response": "",
      "response_date": "",
      "review": "Love the idea! Love the screen shots! Love the title screen! I hate that that is as far as things go on my lg g4. Just sits at the title screen indefinitely.",
      "review_date": [
        "February",
        "3",
        " 2016"
      ]
    },
    {
      "REQ_subtype": "",
      "REQ_type": "",
      "_id": 147,
      "author_id": "not defined",
      "author_name": "Taylor Brandt",
      "helpful": "1",
      "polarity": "",
      "rate": 1,
      "response": "",
      "response_date": "",
      "review": "Would love to play this, but it crashes before it ever loads the app.",
      "review_date": [
        "January",
        "6",
        " 2016"
      ]
    },
    {
      "REQ_subtype": "",
      "REQ_type": "",
      "_id": 148,
      "author_id": "not defined",
      "author_name": "Andrew Grasso",
      "helpful": "1",
      "polarity": "",
      "rate": 5,
      "response": "",
      "response_date": "",
      "review": "The game is now worth the price. I'm happy to see devs working on some quality control. 5 stars all day long.",
      "review_date": [
        "May",
        "26",
        " 2016"
      ]
    },
    {
      "REQ_subtype": "",
      "REQ_type": "",
      "_id": 149,
      "author_id": "not defined",
      "author_name": "Tesla Leedskalnin",
      "helpful": "2",
      "polarity": "",
      "rate": 2,
      "response": "",
      "response_date": "",
      "review": "This game won't start on my Samsung galaxy tab 10.2. It doesn't offer me a refund in the playstore.",
      "review_date": [
        "December",
        "15",
        " 2015"
      ]
    },
    {
      "REQ_subtype": "",
      "REQ_type": "",
      "_id": 150,
      "author_id": "not defined",
      "author_name": "Otis Smith",
      "helpful": "1",
      "polarity": "",
      "rate": 5,
      "response": "",
      "response_date": "",
      "review": "Like fallout shelter, but with a space twist to it.",
      "review_date": [
        "November",
        "28",
        " 2015"
      ]
    },
    {
      "REQ_subtype": "",
      "REQ_type": "",
      "_id": 151,
      "author_id": "not defined",
      "author_name": "Leo C",
      "helpful": "0",
      "polarity": "",
      "rate": 5,
      "response": "",
      "response_date": "",
      "review": "Just a very little bugs.  A space game which is fun for me.",
      "review_date": [
        "December",
        "9",
        " 2015"
      ]
    },
    {
      "REQ_subtype": "",
      "REQ_type": "",
      "_id": 152,
      "author_id": "not defined",
      "author_name": "felix_0235",
      "helpful": "2",
      "polarity": "",
      "rate": 1,
      "response": "",
      "response_date": "",
      "review": "As soon as I get on it it kicks me off please fix I will give t stars",
      "review_date": [
        "December",
        "19",
        " 2015"
      ]
    },
    {
      "REQ_subtype": "",
      "REQ_type": "",
      "_id": 153,
      "author_id": "not defined",
      "author_name": "Clayton Reed",
      "helpful": "1",
      "polarity": "",
      "rate": 1,
      "response": "",
      "response_date": "",
      "review": "Galaxy S3, cannot pmeven start a new game without crashing.",
      "review_date": [
        "January",
        "21",
        " 2016"
      ]
    },
    {
      "REQ_subtype": "",
      "REQ_type": "",
      "_id": 154,
      "author_id": "not defined",
      "author_name": "Doctor Boot",
      "helpful": "0",
      "polarity": "",
      "rate": 4,
      "response": "Thanks for your review, we'll see how we can improce the pinch zoom.",
      "response_date": [
        "December",
        "1",
        " 2015"
      ],
      "review": "Really enjoying this.. Only issue I have is the pinch to zoom  is a bit wonky",
      "review_date": [
        "November",
        "11",
        " 2016"
      ]
    },
    {
      "REQ_subtype": "",
      "REQ_type": "",
      "_id": 155,
      "author_id": "not defined",
      "author_name": "the black wolves",
      "helpful": "2",
      "polarity": "",
      "rate": 1,
      "response": "",
      "response_date": "",
      "review": "Won't work every time I try to start a new game it crashes",
      "review_date": [
        "December",
        "9",
        " 2015"
      ]
    },
    {
      "REQ_subtype": "",
      "REQ_type": "",
      "_id": 156,
      "author_id": "not defined",
      "author_name": "William Rabenold",
      "helpful": "1",
      "polarity": "",
      "rate": 3,
      "response": "",
      "response_date": "",
      "review": "Uninstalling it until the bugs are fixed. Hopefully it'll get updated so the bugs are gone. Until then I'm going to have to wait.",
      "review_date": [
        "December",
        "29",
        " 2015"
      ]
    },
    {
      "REQ_subtype": "",
      "REQ_type": "",
      "_id": 157,
      "author_id": "not defined",
      "author_name": "David Carroll",
      "helpful": "0",
      "polarity": "",
      "rate": 1,
      "response": "",
      "response_date": "",
      "review": "Got to the later end of the campaign and encountered a bug due to my earlier action. As you can't have multiple saves I can't go back and fix it without restarting the whole game. When trying to regain void's cube I mistakenly chose diplomacy, and did not get it back. The game just continued, but many missions later I don't have the quest item when it is needed, so my only option is to start from absolute scratch.",
      "review_date": [
        "February",
        "21",
        " 2016"
      ]
    },
    {
      "REQ_subtype": "",
      "REQ_type": "",
      "_id": 158,
      "author_id": "not defined",
      "author_name": "MaysaChan",
      "helpful": "0",
      "polarity": "",
      "rate": 5,
      "response": "",
      "response_date": "",
      "review": "I love this game so much! Only few game that I leaves comment. But this once need to! Adding background moving planet when the ship is zoom out on ETA Travel",
      "review_date": [
        "January",
        "2",
        " 2016"
      ]
    },
    {
      "REQ_subtype": "",
      "REQ_type": "",
      "_id": 159,
      "author_id": "not defined",
      "author_name": "Chad Trimle",
      "helpful": "1",
      "polarity": "",
      "rate": 2,
      "response": "",
      "response_date": "",
      "review": "waiting for it to be played on a intel device. Hope soon. Thanks for your time. Look for awesome game.",
      "review_date": [
        "December",
        "10",
        " 2015"
      ]
    }
  ],
  "size": "24",
  "url": "https://play.google.com/store/apps/details?id=com.chasingcarrots.cosmonautica",
  "version": "1.2.1"
}