{
  "categories": [
    "Photography"
  ],
  "description": "Blend Collage is a new app for making unusual collages, blending photos together in a harmonious way. Just put some pictures on the canvas to create an eye-catching photo story of your family, friends, or vacation. Save your collage in HD quality and share it via Instagram, Facebook and other websites.Get creative and have a lot of fun with Blend Collage!",
  "inc": "KDN Soft",
  "intalled_count": "5,000,000",
  "last_update": [
    "December",
    "24",
    " 2016"
  ],
  "name": "Blend Collage Free",
  "offered_by": "Google Commerce Ltd",
  "permissions": {
    "Photos/Media/Files": [
      "read the contents of your USB storage",
      "modify or delete the contents of your USB storage"
    ],
    "Storage": [
      "read the contents of your USB storage",
      "modify or delete the contents of your USB storage"
    ],
    "Other": [
      "view network connections",
      "full network access",
      "set wallpaper"
    ]
  },
  "price": "",
  "rate": [
    [
      "60,500",
      "4.4"
    ],
    [
      "40,594",
      "5"
    ],
    [
      "9,635",
      "4"
    ],
    [
      "4,644",
      "3"
    ],
    [
      "2,199",
      "2"
    ],
    [
      "3,428",
      "1"
    ]
  ],
  "required_android": "2.3",
  "reviews": [
    {
      "REQ_subtype": "",
      "REQ_type": "",
      "_id": 0,
      "author_id": "not defined",
      "author_name": "A Google user",
      "helpful": "886",
      "polarity": "",
      "rate": 5,
      "response": "",
      "response_date": "",
      "review": "I love this apps so much. I can do whatever I want on my photos. I can add more photos, more texts, etc. I can change the size and rotate photos and texts whatever position I want on it. I can change the color and font style of my texts. this apps have a lot of options to used. and it's very good also for printing. it's also have an options for saving your creations. it's very useful/creative apps ever. and the most important to me on this apps is that I don't need an Internet connection to use it . It's a great app. and I've been using it for more than 3 years already. Thank you \"KDN Soft\" for this owesome apps. just some request, please add more options like photo and text flipping, text curving and bending. and more text font as well.",
      "review_date": [
        "April",
        "1",
        " 2017"
      ]
    },
    {
      "REQ_subtype": "",
      "REQ_type": "",
      "_id": 1,
      "author_id": "not defined",
      "author_name": "chasitie newsom",
      "helpful": "0",
      "polarity": "",
      "rate": 5,
      "response": "",
      "response_date": "",
      "review": "look out--&gt;I'm a photo shop maniac and have tried many different ones..HANDS DOWN- blend collage took the cake!! fun and versatile so u never get bored and it has a super simple, user friendly layout. even amateurs like me can create PRICELESS MASTERPIECES. I definitely HIGHLY RECOMMEND THE APP TO U!! but, hell...don't take my word for it. try it on for size...",
      "review_date": [
        "December",
        "27",
        " 2016"
      ]
    },
    {
      "REQ_subtype": "",
      "REQ_type": "",
      "_id": 2,
      "author_id": "not defined",
      "author_name": "Sheila Mayett",
      "helpful": "0",
      "polarity": "",
      "rate": 5,
      "response": "",
      "response_date": "",
      "review": "Omo! I have my new favorite app! Wait! I have 2 favorite App.   KD Collage and This App. Gosh! Why haven't I discover this App before.    Still! I LOVE IT! HIGHLY RECOMMENDED TO DOWNLOAD!  [To: KDN Soft]  Thank You So Much for creating such an awesome Apps.   I really love your 2 Apps. Please make more awesome Apps.   And DON'T CHANGE IT PLEASE!  Thanks A LOT.",
      "review_date": [
        "February",
        "21",
        " 2017"
      ]
    },
    {
      "REQ_subtype": "",
      "REQ_type": "",
      "_id": 3,
      "author_id": "not defined",
      "author_name": "JIMMY GEORGE",
      "helpful": "38",
      "polarity": "",
      "rate": 5,
      "response": "",
      "response_date": "",
      "review": "Best app,my friends asking me are you using computer to edit photos? My answer is no am using phone with the best program called BLEND COLLAGE. Good app if possible I would rate 7 stars",
      "review_date": [
        "June",
        "4",
        " 2017"
      ]
    },
    {
      "REQ_subtype": "",
      "REQ_type": "",
      "_id": 4,
      "author_id": "not defined",
      "author_name": "payal sharma",
      "helpful": "0",
      "polarity": "",
      "rate": 5,
      "response": "",
      "response_date": "",
      "review": "Hi! It's a great app. I am using it from few months and just loved it. One request,can you guys add a feature where we can blend gifs with images?? I tried adding gifs in an image collage but it didn't work.Please add gif features!",
      "review_date": [
        "February",
        "12",
        " 2017"
      ]
    },
    {
      "REQ_subtype": "",
      "REQ_type": "",
      "_id": 5,
      "author_id": "not defined",
      "author_name": "Eddie Smith",
      "helpful": "28",
      "polarity": "",
      "rate": 5,
      "response": "",
      "response_date": "",
      "review": "Job well done! Only problem i have is there's no features to adjust the picture quality.. for example sharpness, light settings (pics lighter to darker) picture color modes & ect.. other then that is great",
      "review_date": [
        "April",
        "13",
        " 2017"
      ]
    },
    {
      "REQ_subtype": "",
      "REQ_type": "",
      "_id": 6,
      "author_id": "not defined",
      "author_name": "Ann Docherty",
      "helpful": "3",
      "polarity": "",
      "rate": 3,
      "response": "",
      "response_date": "",
      "review": "I would love this app if it would let me add photos from most of my apps on \nmy phone but it won't. Love someone to tell me why anything in other apps \nthat has the cloud and a tick through it wont add HELP",
      "review_date": [
        "May",
        "9",
        " 2018"
      ]
    },
    {
      "REQ_subtype": "",
      "REQ_type": "",
      "_id": 7,
      "author_id": "not defined",
      "author_name": "Sofia. F",
      "helpful": "0",
      "polarity": "",
      "rate": 5,
      "response": "",
      "response_date": "",
      "review": "Usually I never write a review but I feel the need to just say how good this app is.  Personally, my purpose was not only to make collages but to also create manips, and after looong searching I'm excited to say that this app covers me completely.  The blending is I.C.R.E.D.I.B.L.E  The best I've seen so far.  To learn this app is not difficult as long as you dedicate a bit of your time and are patient",
      "review_date": [
        "March",
        "23",
        " 2018"
      ]
    },
    {
      "REQ_subtype": "",
      "REQ_type": "",
      "_id": 8,
      "author_id": "not defined",
      "author_name": "Swapnil Bharadi",
      "helpful": "0",
      "polarity": "",
      "rate": 5,
      "response": "",
      "response_date": "",
      "review": "hey it's  working... thanks team ...it was not working when i installed it few months ago... but now its working and im so happy, maybe its new update helped  i love editing alot and its been very helpful app.. OFCOURSE THIS APP DESERVES 10, 20, 50 or maybe 100 stars...Lol im over reacting....coz i waited for long time for this app...",
      "review_date": [
        "February",
        "9",
        " 2017"
      ]
    },
    {
      "REQ_subtype": "",
      "REQ_type": "",
      "_id": 9,
      "author_id": "not defined",
      "author_name": "Tom Whyte",
      "helpful": "0",
      "polarity": "",
      "rate": 4,
      "response": "",
      "response_date": "",
      "review": "Confused cos can't see my collages when app opens. Also would like to be able to return to editing after closing app. Any ideas??",
      "review_date": [
        "August",
        "23",
        " 2017"
      ]
    },
    {
      "REQ_subtype": "",
      "REQ_type": "",
      "_id": 10,
      "author_id": "not defined",
      "author_name": "Mike Collins",
      "helpful": "0",
      "polarity": "",
      "rate": 5,
      "response": "",
      "response_date": "",
      "review": "I'm a Photoshop junkie and there isn't an editing application that I \nhaven't tried. \u270b down this versatile and truely brilliant application beats \nthem all ten fold. Thanks to the mastermind creators I couldn't Live \nwithout your application...",
      "review_date": [
        "July",
        "10",
        " 2018"
      ]
    },
    {
      "REQ_subtype": "",
      "REQ_type": "",
      "_id": 11,
      "author_id": "not defined",
      "author_name": "A Google user",
      "helpful": "0",
      "polarity": "",
      "rate": 5,
      "response": "",
      "response_date": "",
      "review": "I really love this app, easy to use, makes beautiful layered pics, one of the best (free) apps I've ever tried. Cant wait to make more. Not tried adding words to it yet, not sure if you can yet?!! So happy I came across it. \ud83d\udcaf",
      "review_date": [
        "November",
        "26",
        " 2017"
      ]
    },
    {
      "REQ_subtype": "",
      "REQ_type": "",
      "_id": 12,
      "author_id": "not defined",
      "author_name": "DoctorJey Mahadhi Mahadhy",
      "helpful": "0",
      "polarity": "",
      "rate": 5,
      "response": "",
      "response_date": "",
      "review": "Thanks for very awesome app I enjoy it so much, but keep it as it is, never \ntry to change it please! you'll ruin it as one application known as face \neditor, once it was so better but now they try to change it and turn to \nrubbish!!\ud83d\ude02",
      "review_date": [
        "June",
        "4",
        " 2018"
      ]
    },
    {
      "REQ_subtype": "",
      "REQ_type": "",
      "_id": 13,
      "author_id": "not defined",
      "author_name": "Manoj Kurane",
      "helpful": "0",
      "polarity": "",
      "rate": 3,
      "response": "",
      "response_date": "",
      "review": "\u0916\u0941\u092a \u091b\u093e\u0928 \u0906\u0939\u0947. \u092b\u0915\u094d\u0924 \u092f\u093e\u0924 \u0905\u0915\u094d\u0937\u0930 (Text) bending / Curve \u0915\u0930\u0924\u093e \u0906\u0932\u0947 \u092a\u093e\u0939\u0940\u091c\u0947, \u0924\u0947\u0935\u0922\u0947 \u0915\u0947\u0932\u0947 \u092e\u094d\u0939\u0923\u091c\u0947 \u0939\u0947 app \u090f\u0915\u0926\u092e best \u0939\u094b\u0908\u0932.  Please add function curve & bending text",
      "review_date": [
        "March",
        "13",
        " 2017"
      ]
    },
    {
      "REQ_subtype": "",
      "REQ_type": "",
      "_id": 14,
      "author_id": "not defined",
      "author_name": "harshali albuquerque",
      "helpful": "0",
      "polarity": "",
      "rate": 4,
      "response": "",
      "response_date": "",
      "review": "I have used dis app for many occasions.... N I m very well happy with it. Only thing is sometimes it gets stuck...",
      "review_date": [
        "February",
        "8",
        " 2017"
      ]
    },
    {
      "REQ_subtype": "",
      "REQ_type": "",
      "_id": 15,
      "author_id": "not defined",
      "author_name": "Tiffany Hickle",
      "helpful": "0",
      "polarity": "",
      "rate": 5,
      "response": "",
      "response_date": "",
      "review": "I have a kindle fire and I use to have this app. And I loved the app..  But because I have a kindle i can't download this app to my kindle and if there is a way please let me know...and because it's an Amazon I'd have to get Amazon stuff they don't have cool apps like google play..",
      "review_date": [
        "October",
        "9",
        " 2017"
      ]
    },
    {
      "REQ_subtype": "",
      "REQ_type": "",
      "_id": 16,
      "author_id": "not defined",
      "author_name": "Pritchard George",
      "helpful": "0",
      "polarity": "",
      "rate": 5,
      "response": "",
      "response_date": "",
      "review": "This is the best app i ever installed. When i first installed it , it really surprised me this is the app I've been looking for all the time, now i found it. It is totally excellent.",
      "review_date": [
        "March",
        "14",
        " 2017"
      ]
    },
    {
      "REQ_subtype": "",
      "REQ_type": "",
      "_id": 17,
      "author_id": "not defined",
      "author_name": "Relible Indore",
      "helpful": "14",
      "polarity": "",
      "rate": 5,
      "response": "",
      "response_date": "",
      "review": "\u092c\u0939\u0941\u0924 \u0936\u093e\u0928\u0926\u093e\u0930 \u0910\u092a \u0939\u0948 \u0907\u0938\u0915\u0940 \u091c\u093f\u0924\u0928\u0940 \u0924\u093e\u0930\u0940\u092b \u0915\u0940 \u091c\u093e\u090f \u0909\u0924\u0928\u0940 \u0915\u092e \u0939\u0948 \u0907\u0938 \u0910\u092a \u0915\u094b \u092c\u0928\u093e\u0928\u0947 \u0935\u093e\u0932\u0947 \u0915\u094b \u092c\u0939\u0941\u0924 \u092c\u0939\u0941\u0924 \u0927\u0902\u092f\u0935\u093e\u0926 \u091c\u093f\u0928\u094d\u0939\u094b\u0902\u0928\u0947 \u0907\u0924\u0928\u0940 \u0905\u091a\u094d\u091b\u0940 \u0938\u094b\u091a \u0915\u0947 \u0938\u093e\u0925 \u0907\u0938 \u090f\u0915 \u0915\u094b \u0924\u0948\u092f\u093e\u0930 \u0915\u093f\u092f\u093e \u092d\u0917\u0935\u093e\u0928 \u0915\u0940 \u0938\u092d\u0940 \u092e\u0928\u094b\u0915\u093e\u092e\u0928\u093e \u092a\u0942\u0930\u094d\u0923 \u0915\u0930\u0947\u0902 \u0914\u0930 \u0935\u0939 \u092a\u094d\u0930\u0917\u0924\u093f \u0915\u0947 \u092a\u0925 \u092a\u0930 \u0906\u0917\u0947 \u092c\u0922\u093c\u0924\u0947 \u091a\u0932\u0947 \u0927\u0928\u094d\u092f\u0935\u093e\u0926 \u091c\u092f \u0938\u093f\u092f\u093e\u0930\u093e\u092e \u092e\u093f\u0924\u094d\u0930\u092e\u0902\u0921\u0932",
      "review_date": [
        "March",
        "30",
        " 2017"
      ]
    },
    {
      "REQ_subtype": "",
      "REQ_type": "",
      "_id": 18,
      "author_id": "not defined",
      "author_name": "Edwin Mboya",
      "helpful": "0",
      "polarity": "",
      "rate": 5,
      "response": "",
      "response_date": "",
      "review": "Great app It's helps me to blend numerous of my photos very easily with nice steps. I fell in love with it, mwaaaaaaaaaaa",
      "review_date": [
        "April",
        "26",
        " 2017"
      ]
    },
    {
      "REQ_subtype": "",
      "REQ_type": "",
      "_id": 19,
      "author_id": "not defined",
      "author_name": "A Google user",
      "helpful": "9",
      "polarity": "",
      "rate": 5,
      "response": "",
      "response_date": "",
      "review": "Brilliant app collages only.  Unable to make best wall paper  But fonts are not of good quality and very less and also unable to use freely. No strock, No adjustment,",
      "review_date": [
        "November",
        "21",
        " 2017"
      ]
    },
    {
      "REQ_subtype": "",
      "REQ_type": "",
      "_id": 20,
      "author_id": "not defined",
      "author_name": "Sandra's Diary",
      "helpful": "0",
      "polarity": "",
      "rate": 5,
      "response": "",
      "response_date": "",
      "review": "Wow! Been looking for this so badly. . But now I have it..\ud83d\ude00 so happy!! Thank you so much team for creating this App\ud83d\ude07",
      "review_date": [
        "March",
        "10",
        " 2017"
      ]
    },
    {
      "REQ_subtype": "",
      "REQ_type": "",
      "_id": 21,
      "author_id": "not defined",
      "author_name": "nida nasim",
      "helpful": "0",
      "polarity": "",
      "rate": 5,
      "response": "",
      "response_date": "",
      "review": "I love it. I can't help using it on special moments. I love it alot that i don't want others to know about this app. Its only mine & i have full command on it... \u2661\u2661\u2661\u2661\u2661\u2661\u2661  Was ignoring to rate it since long but now i thought it deserves my appreaciation\u2665\u2665\u2665",
      "review_date": [
        "June",
        "19",
        " 2017"
      ]
    },
    {
      "REQ_subtype": "",
      "REQ_type": "",
      "_id": 22,
      "author_id": "not defined",
      "author_name": "Jennifer vetrano",
      "helpful": "0",
      "polarity": "",
      "rate": 4,
      "response": "",
      "response_date": "",
      "review": "Sometimes I just want to use full pics and don't want to blend. Can y'all consider adding a border feature for around pics, even if just simple lines we can add in any color? It helps pics stand out on textured backgrounds.  If I could add borders, this wb the only collage app I'd need! Thanks!",
      "review_date": [
        "October",
        "15",
        " 2017"
      ]
    },
    {
      "REQ_subtype": "",
      "REQ_type": "",
      "_id": 23,
      "author_id": "not defined",
      "author_name": "Joycelyn Ines Yabes",
      "helpful": "2",
      "polarity": "",
      "rate": 5,
      "response": "",
      "response_date": "",
      "review": "It's the very best app I found and I've been using for long time now...Thanks for creating this easy but amazing app ever!! I loved it so much!",
      "review_date": [
        "February",
        "26",
        " 2018"
      ]
    },
    {
      "REQ_subtype": "",
      "REQ_type": "",
      "_id": 24,
      "author_id": "not defined",
      "author_name": "study Mpsc",
      "helpful": "4",
      "polarity": "",
      "rate": 5,
      "response": "",
      "response_date": "",
      "review": "This app is very useful for photography but there is one requirement in this software. Please add Marathi fonts in this. Hope you will resolve this ASAP.",
      "review_date": [
        "March",
        "26",
        " 2018"
      ]
    },
    {
      "REQ_subtype": "",
      "REQ_type": "",
      "_id": 25,
      "author_id": "not defined",
      "author_name": "VED SOVANI",
      "helpful": "0",
      "polarity": "",
      "rate": 5,
      "response": "",
      "response_date": "",
      "review": "This app is too good I am using this app from 3,4 years But I think there \nit should be few improvements Such as 1) adding our fonts 2) can make PNG \nof it 3) Can add our own texture Etc i hope you will do this improvements \nas early as possbile",
      "review_date": [
        "May",
        "9",
        " 2018"
      ]
    },
    {
      "REQ_subtype": "",
      "REQ_type": "",
      "_id": 26,
      "author_id": "not defined",
      "author_name": "Lira Sheena",
      "helpful": "0",
      "polarity": "",
      "rate": 5,
      "response": "",
      "response_date": "",
      "review": "Changing my Tune again.This App remains by far the Best Collage.Thanks for \nattending to concerns raised earlier.No other Blender comes \nclose.Wedding,Family and Holiday moments are made of this App.Other \nDevelopers out there,I suggest you start here.What a Flexible App!!!Keep it \nUp!!!",
      "review_date": [
        "May",
        "24",
        " 2018"
      ]
    },
    {
      "REQ_subtype": "",
      "REQ_type": "",
      "_id": 27,
      "author_id": "not defined",
      "author_name": "JayyaKhokharan",
      "helpful": "0",
      "polarity": "",
      "rate": 4,
      "response": "",
      "response_date": "",
      "review": "Really its a great app. I use it and enjoyed. Please increased its features and make it more easy to use. If you add in this app election eid and other greating and wishing posters or  backgrounds or frames and please also add more shapes then I will  give it five stars otherwise 3 stars.",
      "review_date": [
        "May",
        "28",
        " 2017"
      ]
    },
    {
      "REQ_subtype": "",
      "REQ_type": "",
      "_id": 28,
      "author_id": "not defined",
      "author_name": "Nida Nasim",
      "helpful": "6",
      "polarity": "",
      "rate": 5,
      "response": "",
      "response_date": "",
      "review": "I think no other collage maker can takeover this one. It is my buddy. My love..\ud83d\udc93",
      "review_date": [
        "January",
        "18",
        " 2018"
      ]
    },
    {
      "REQ_subtype": "",
      "REQ_type": "",
      "_id": 29,
      "author_id": "not defined",
      "author_name": "A Google user",
      "helpful": "0",
      "polarity": "",
      "rate": 5,
      "response": "",
      "response_date": "",
      "review": "I absolutely love this app would recommend it to anyone it's truly one of a kind and has amazing quality this is the app I was looking for for a while now one capable of making business posters and basically anything else u can imagine\ud83d\ude4c\ud83d\udc4d\ud83d\udc4d\ud83d\udc4d\ud83d\udc4d\ud83d\udc4d\ud83d\udc4c\ud83d\udc8b\ud83d\udc93\ud83d\udc93\ud83d\udc96\ud83d\udc97\ud83d\udc95",
      "review_date": [
        "February",
        "11",
        " 2017"
      ]
    },
    {
      "REQ_subtype": "",
      "REQ_type": "",
      "_id": 30,
      "author_id": "not defined",
      "author_name": "Dwarf Giants",
      "helpful": "0",
      "polarity": "",
      "rate": 5,
      "response": "",
      "response_date": "",
      "review": "Why perfect? Easy because I can edit more beautiful photo in just a second.. Thanks to the developer who made this app, I really appreciate your talent... (Merry Christmas & Happy New Year)",
      "review_date": [
        "December",
        "30",
        " 2016"
      ]
    },
    {
      "REQ_subtype": "",
      "REQ_type": "",
      "_id": 31,
      "author_id": "not defined",
      "author_name": "Deborah Armstrong",
      "helpful": "0",
      "polarity": "",
      "rate": 5,
      "response": "",
      "response_date": "",
      "review": "I love to use this app to put my photos in 1photo. It's very easy to use and I love the way you can change the color of the clip art that you use! BUT I would suggest adding a way to edit the pictures before putting them in a collage.",
      "review_date": [
        "August",
        "18",
        " 2017"
      ]
    },
    {
      "REQ_subtype": "",
      "REQ_type": "",
      "_id": 32,
      "author_id": "not defined",
      "author_name": "Thee image shmurda queen thats my wow",
      "helpful": "0",
      "polarity": "",
      "rate": 5,
      "response": "",
      "response_date": "",
      "review": "All dow its moving slow i can cope with it",
      "review_date": [
        "July",
        "2",
        " 2017"
      ]
    },
    {
      "REQ_subtype": "",
      "REQ_type": "",
      "_id": 33,
      "author_id": "not defined",
      "author_name": "A Google user",
      "helpful": "0",
      "polarity": "",
      "rate": 5,
      "response": "",
      "response_date": "",
      "review": "This is one of the best apps I have ever used it helps me with my Business \nCard Business with the mapping shape's thanks keep up the good work but can \nyou please update the stickers",
      "review_date": [
        "June",
        "14",
        " 2018"
      ]
    },
    {
      "REQ_subtype": "",
      "REQ_type": "",
      "_id": 34,
      "author_id": "not defined",
      "author_name": "Lhetz Malabago",
      "helpful": "0",
      "polarity": "",
      "rate": 5,
      "response": "",
      "response_date": "",
      "review": "Hi developers , i hope next update  more on text style, curvy text effects, and have a 3D effects, i hope so. Thank u and God bless.",
      "review_date": [
        "May",
        "1",
        " 2017"
      ]
    },
    {
      "REQ_subtype": "",
      "REQ_type": "",
      "_id": 35,
      "author_id": "not defined",
      "author_name": "Melanie Dasmari\u00f1as",
      "helpful": "12",
      "polarity": "",
      "rate": 5,
      "response": "",
      "response_date": "",
      "review": "Best collage app I've ever download. So easy to use. I can even edit invitation cards and souvenir's labels just using my phone because of your wonderful app. Thank you...\ud83d\ude0a",
      "review_date": [
        "March",
        "4",
        " 2018"
      ]
    },
    {
      "REQ_subtype": "",
      "REQ_type": "",
      "_id": 36,
      "author_id": "not defined",
      "author_name": "A Google user",
      "helpful": "0",
      "polarity": "",
      "rate": 5,
      "response": "",
      "response_date": "",
      "review": "Hi KDN Soft, Your app \"blend Collage\" is very useful! I start earning money \nfrom this by making a Layout. If there's a 10 star, I'll give you 10! Hope \nthere's a Save Button, Undo Button, and a Zoom Button,,Thank you!!!!!\ud83d\ude18\ud83d\ude18\ud83d\ude18 \nand please, hope u add more RATIO,.",
      "review_date": [
        "May",
        "19",
        " 2018"
      ]
    },
    {
      "REQ_subtype": "",
      "REQ_type": "",
      "_id": 37,
      "author_id": "not defined",
      "author_name": "jacoria Squad",
      "helpful": "0",
      "polarity": "",
      "rate": 5,
      "response": "",
      "response_date": "",
      "review": "This app is so amazing I use it everyday I have no problems with it it is not slowing it don't load slow maybe you should upgrade it or add more stickers to it\ud83d\ude0e\ud83d\udc4c\ud83d\ude0a",
      "review_date": [
        "January",
        "16",
        " 2017"
      ]
    },
    {
      "REQ_subtype": "",
      "REQ_type": "",
      "_id": 38,
      "author_id": "not defined",
      "author_name": "A Google user",
      "helpful": "0",
      "polarity": "",
      "rate": 4,
      "response": "",
      "response_date": "",
      "review": "This is one of the best editing app I've ever used. Well, it would have been better if you would have provided us with some effects too.",
      "review_date": [
        "July",
        "2",
        " 2017"
      ]
    },
    {
      "REQ_subtype": "",
      "REQ_type": "",
      "_id": 39,
      "author_id": "not defined",
      "author_name": "Angel Girl",
      "helpful": "0",
      "polarity": "",
      "rate": 5,
      "response": "",
      "response_date": "",
      "review": "Love this app! Is there any difference between the free version and the pro version other than the $1.99 download price? It didn't say in the description if there was anything extra that wasn't available in the free version.",
      "review_date": [
        "February",
        "16",
        " 2017"
      ]
    },
    {
      "REQ_subtype": "",
      "REQ_type": "",
      "_id": 40,
      "author_id": "not defined",
      "author_name": "Amiel Zacarias",
      "helpful": "0",
      "polarity": "",
      "rate": 4,
      "response": "",
      "response_date": "",
      "review": "I would love to give this app 5stars....I would have given it 4 1/2 as it is...Only missing are better fonts....Put better fonts and you are on the top....Maybe some 3d fonts and stuff...I use this app a lot...Good job and thanks",
      "review_date": [
        "January",
        "9",
        " 2017"
      ]
    },
    {
      "REQ_subtype": "",
      "REQ_type": "",
      "_id": 41,
      "author_id": "not defined",
      "author_name": "Samirah Mbarouk",
      "helpful": "0",
      "polarity": "",
      "rate": 5,
      "response": "",
      "response_date": "",
      "review": "Ammazing, i have been using it 4 years now but please add new things",
      "review_date": [
        "September",
        "13",
        " 2017"
      ]
    },
    {
      "REQ_subtype": "",
      "REQ_type": "",
      "_id": 42,
      "author_id": "not defined",
      "author_name": "hunter mullins",
      "helpful": "0",
      "polarity": "",
      "rate": 5,
      "response": "",
      "response_date": "",
      "review": "I don't understand why I can't use it when I'm hooked into certain WiFi like at work or the library.",
      "review_date": [
        "December",
        "25",
        " 2016"
      ]
    },
    {
      "REQ_subtype": "",
      "REQ_type": "",
      "_id": 43,
      "author_id": "not defined",
      "author_name": "A Google user",
      "helpful": "2",
      "polarity": "",
      "rate": 1,
      "response": "",
      "response_date": "",
      "review": "This is very bad app I wasted my app by installing this app I hate this app",
      "review_date": [
        "February",
        "23",
        " 2018"
      ]
    },
    {
      "REQ_subtype": "",
      "REQ_type": "",
      "_id": 44,
      "author_id": "not defined",
      "author_name": "Rhoda Martinez",
      "helpful": "0",
      "polarity": "",
      "rate": 5,
      "response": "",
      "response_date": "",
      "review": "Very easy to use and love it does exactly what it says and no ads interrupt you when using it. Would be Much better if they had more clip art choices",
      "review_date": [
        "January",
        "27",
        " 2017"
      ]
    },
    {
      "REQ_subtype": "",
      "REQ_type": "",
      "_id": 45,
      "author_id": "not defined",
      "author_name": "Mary Asey",
      "helpful": "0",
      "polarity": "",
      "rate": 5,
      "response": "",
      "response_date": "",
      "review": "Absolutely LOVE this app !!! Thank you for making it ,  awesome in every way you can work with is creating amazing photos  by far the best app of this type in the Market for sure , I give it 10* it deserves it :-)",
      "review_date": [
        "May",
        "4",
        " 2017"
      ]
    },
    {
      "REQ_subtype": "",
      "REQ_type": "",
      "_id": 46,
      "author_id": "not defined",
      "author_name": "Indrajeet Mhetre",
      "helpful": "3",
      "polarity": "",
      "rate": 5,
      "response": "",
      "response_date": "",
      "review": "\u0939\u093f\u0902\u0926\u0940 \u092e\u0930\u093e\u0920\u0940 \u0915\u094b\u0908 \u092d\u0940 \u091f\u093e\u0907\u092a\u093f\u0902\u0917 \u091a\u0932\u0947\u0917\u0940 \u0905\u092a\u094d\u092a \u092e\u0947\u0902 \u0914\u0930 \u0928\u092f\u0947 \u092b\u0949\u0928\u094d\u091f\u094d\u0938 \u0914\u0930 \u0928\u092f\u0947 \u0935\u0930\u094d\u0921\u094d\u0938 \u0921\u093f\u0938\u093e\u0908\u0928  \u0921\u093e\u0932\u0947 \u0905\u092a\u094d\u092a \u092e\u0948\u0902",
      "review_date": [
        "December",
        "29",
        " 2017"
      ]
    },
    {
      "REQ_subtype": "",
      "REQ_type": "",
      "_id": 47,
      "author_id": "not defined",
      "author_name": "Abhijeet Kshirsagar",
      "helpful": "0",
      "polarity": "",
      "rate": 5,
      "response": "",
      "response_date": "",
      "review": "Blend Collage is very beautiful is very favourite apps in India currently is the digital prepared for new generation .this is useful for birthday. Political greetings  It is very nice to apps for digital india",
      "review_date": [
        "January",
        "14",
        " 2017"
      ]
    },
    {
      "REQ_subtype": "",
      "REQ_type": "",
      "_id": 48,
      "author_id": "not defined",
      "author_name": "A Google user",
      "helpful": "0",
      "polarity": "",
      "rate": 5,
      "response": "",
      "response_date": "",
      "review": "I LOVE ITTTT ITS D BEST ALL EVER AN I AM TELLING U U SHOULD TRY IT ALL D HATERS OUT THERE WHO HATE IT IS BCZ DEM CAAH USE IT  O WELL BUT THERE IS A TUTORIAL\ud83d\ude0d\ud83d\ude0d\ud83d\udc51\ud83d\udc51\ud83d\udc9e\ud83d\udc9e\u263a\u263a",
      "review_date": [
        "May",
        "6",
        " 2017"
      ]
    },
    {
      "REQ_subtype": "",
      "REQ_type": "",
      "_id": 49,
      "author_id": "not defined",
      "author_name": "A. M.",
      "helpful": "2",
      "polarity": "",
      "rate": 5,
      "response": "",
      "response_date": "",
      "review": "i wish there was an option to change color of the collage to B/W",
      "review_date": [
        "August",
        "11",
        " 2017"
      ]
    },
    {
      "REQ_subtype": "",
      "REQ_type": "",
      "_id": 50,
      "author_id": "not defined",
      "author_name": "A Google user",
      "helpful": "2",
      "polarity": "",
      "rate": 5,
      "response": "",
      "response_date": "",
      "review": "I enjoyed it very well. Thank you hope more updates to come to get more enjoyable this app .",
      "review_date": [
        "January",
        "16",
        " 2018"
      ]
    },
    {
      "REQ_subtype": "",
      "REQ_type": "",
      "_id": 51,
      "author_id": "not defined",
      "author_name": "A Google user",
      "helpful": "0",
      "polarity": "",
      "rate": 5,
      "response": "",
      "response_date": "",
      "review": "Perfect so far... No ads which is good, wish it had filters but otherwise it Is great... Thank you",
      "review_date": [
        "January",
        "26",
        " 2017"
      ]
    },
    {
      "REQ_subtype": "",
      "REQ_type": "",
      "_id": 52,
      "author_id": "not defined",
      "author_name": "A Google user",
      "helpful": "0",
      "polarity": "",
      "rate": 5,
      "response": "",
      "response_date": "",
      "review": "Ummm I really love this app.... It's very helpful to edit... But i think that the makers should add new font styles n cliparts.. \u2764\u270c",
      "review_date": [
        "June",
        "25",
        " 2017"
      ]
    },
    {
      "REQ_subtype": "",
      "REQ_type": "",
      "_id": 53,
      "author_id": "not defined",
      "author_name": "Smi V",
      "helpful": "0",
      "polarity": "",
      "rate": 1,
      "response": "",
      "response_date": "",
      "review": "Didn't work for me.. I followed the instructions in the tutorial.. Wasted a lot of time with this",
      "review_date": [
        "August",
        "17",
        " 2017"
      ]
    },
    {
      "REQ_subtype": "",
      "REQ_type": "",
      "_id": 54,
      "author_id": "not defined",
      "author_name": "A Google user",
      "helpful": "0",
      "polarity": "",
      "rate": 5,
      "response": "",
      "response_date": "",
      "review": "Amazing. Just what i was looking for to create posts for my facebook meme \npage. But it will be outstanding if you guys do some updates for text \noption and emojies",
      "review_date": [
        "July",
        "2",
        " 2018"
      ]
    },
    {
      "REQ_subtype": "",
      "REQ_type": "",
      "_id": 55,
      "author_id": "not defined",
      "author_name": "Marvel FanBoy",
      "helpful": "1",
      "polarity": "",
      "rate": 4,
      "response": "",
      "response_date": "",
      "review": "This app does not contain pencil tool Otherwise Awesome Just add the pencil tool or pen tool Love itt!!!",
      "review_date": [
        "March",
        "20",
        " 2018"
      ]
    },
    {
      "REQ_subtype": "",
      "REQ_type": "",
      "_id": 56,
      "author_id": "not defined",
      "author_name": "Harish Madani",
      "helpful": "0",
      "polarity": "",
      "rate": 5,
      "response": "",
      "response_date": "",
      "review": "Not a single day gone that I haven't use this app. I daily daily use this app.. it's amazing for me.. it's amazing for those who can use it make greetings. I heartily thanks Blend Collage to create this application.",
      "review_date": [
        "April",
        "11",
        " 2017"
      ]
    },
    {
      "REQ_subtype": "",
      "REQ_type": "",
      "_id": 57,
      "author_id": "not defined",
      "author_name": "Greis Dethan",
      "helpful": "0",
      "polarity": "",
      "rate": 4,
      "response": "",
      "response_date": "",
      "review": "I cant save my photos after i edited the photos from this app... please fix it and i will give you 5 stars.. no kidding. Please help. After i redownload this app... it works again.. thankss :)",
      "review_date": [
        "April",
        "1",
        " 2017"
      ]
    },
    {
      "REQ_subtype": "",
      "REQ_type": "",
      "_id": 58,
      "author_id": "not defined",
      "author_name": "Vijay Bajpei",
      "helpful": "0",
      "polarity": "",
      "rate": 5,
      "response": "",
      "response_date": "",
      "review": "Now I can not save any thing,whats problem?",
      "review_date": [
        "May",
        "22",
        " 2017"
      ]
    },
    {
      "REQ_subtype": "",
      "REQ_type": "",
      "_id": 59,
      "author_id": "not defined",
      "author_name": "Sherine Nur",
      "helpful": "0",
      "polarity": "",
      "rate": 5,
      "response": "",
      "response_date": "",
      "review": "My best subject inspire me  To encourage to do something So easy, smooth,  big smile ... number one. Goodluck  More power!",
      "review_date": [
        "March",
        "9",
        " 2017"
      ]
    },
    {
      "REQ_subtype": "",
      "REQ_type": "",
      "_id": 60,
      "author_id": "not defined",
      "author_name": "Alette Ricks Longerbeam",
      "helpful": "0",
      "polarity": "",
      "rate": 5,
      "response": "",
      "response_date": "",
      "review": "It took me a minute to learn the features, but I'm totally hooked now. Love it!!!",
      "review_date": [
        "May",
        "24",
        " 2017"
      ]
    },
    {
      "REQ_subtype": "",
      "REQ_type": "",
      "_id": 61,
      "author_id": "not defined",
      "author_name": "angelica tritcak",
      "helpful": "0",
      "polarity": "",
      "rate": 4,
      "response": "",
      "response_date": "",
      "review": "Please improve this app like 3d text and 3d photos thanks and more design like birthday stickers and  copy   ... I use this apps but I need more improvement like what I wants thank you",
      "review_date": [
        "June",
        "29",
        " 2017"
      ]
    },
    {
      "REQ_subtype": "",
      "REQ_type": "",
      "_id": 62,
      "author_id": "not defined",
      "author_name": "Charity Caagoy",
      "helpful": "0",
      "polarity": "",
      "rate": 5,
      "response": "",
      "response_date": "",
      "review": "So good! They wonder how I edit that photo in my sudden appearance \ud83d\ude18",
      "review_date": [
        "September",
        "28",
        " 2017"
      ]
    },
    {
      "REQ_subtype": "",
      "REQ_type": "",
      "_id": 63,
      "author_id": "not defined",
      "author_name": "Vishnu Dahiphale",
      "helpful": "0",
      "polarity": "",
      "rate": 4,
      "response": "",
      "response_date": "",
      "review": "Good app .but there is shortly we have to function like merge two  images i.e mixing design arts names also backgrounds",
      "review_date": [
        "April",
        "19",
        " 2017"
      ]
    },
    {
      "REQ_subtype": "",
      "REQ_type": "",
      "_id": 64,
      "author_id": "not defined",
      "author_name": "A Google user",
      "helpful": "0",
      "polarity": "",
      "rate": 5,
      "response": "",
      "response_date": "",
      "review": "Excellent (*'\u25bd'*)\u266a deserve full Stars \u2727 Your the best... Ever! Thanks for extra mile making me extraordinary  all because of you.  (\u2661\u02d9\ufe36\u02d9\u2661)",
      "review_date": [
        "July",
        "19",
        " 2017"
      ]
    },
    {
      "REQ_subtype": "",
      "REQ_type": "",
      "_id": 65,
      "author_id": "not defined",
      "author_name": "Pomeranian Online!",
      "helpful": "0",
      "polarity": "",
      "rate": 5,
      "response": "",
      "response_date": "",
      "review": "When my friend first introduced this app to me, I was like, \"HALLELUJAH!\" Exactly the app i hv been looking for. Try it out! No regrets, for sure.",
      "review_date": [
        "April",
        "6",
        " 2017"
      ]
    },
    {
      "REQ_subtype": "",
      "REQ_type": "",
      "_id": 66,
      "author_id": "not defined",
      "author_name": "A Google user",
      "helpful": "2",
      "polarity": "",
      "rate": 5,
      "response": "",
      "response_date": "",
      "review": "Cool! Love it so much.. Esp the multiple choice and colorful background \ud83d\udc99",
      "review_date": [
        "November",
        "23",
        " 2017"
      ]
    },
    {
      "REQ_subtype": "",
      "REQ_type": "",
      "_id": 67,
      "author_id": "not defined",
      "author_name": "sb small art \u0938\u093e\u0917\u0930 \u092d\u0941\u0938\u093e\u0930\u0940",
      "helpful": "0",
      "polarity": "",
      "rate": 5,
      "response": "",
      "response_date": "",
      "review": "\u0906\u092a\u0915\u093e \u092f\u0947 app \u092c\u0939\u0941\u0924 \u0905\u091a\u094d\u091b\u093e \u0939\u0947 \u0915\u0947\u0935\u0933 \u0907\u0938 app \u0915\u093e \u0939\u093f\u0902\u0926\u0940 font \u091a\u0947\u0902\u091c \u0915\u093e \u0905\u092a\u0921\u0947\u091f \u0921\u093f\u091c\u093f\u092f\u0947 \u092a\u093f\u0932\u094d\u091d",
      "review_date": [
        "January",
        "3",
        " 2017"
      ]
    },
    {
      "REQ_subtype": "",
      "REQ_type": "",
      "_id": 68,
      "author_id": "not defined",
      "author_name": "Ujjwala Deshmukh",
      "helpful": "2",
      "polarity": "",
      "rate": 5,
      "response": "",
      "response_date": "",
      "review": "It's too too good I've used it many many many times so I just loved it.",
      "review_date": [
        "April",
        "14",
        " 2018"
      ]
    },
    {
      "REQ_subtype": "",
      "REQ_type": "",
      "_id": 69,
      "author_id": "not defined",
      "author_name": "A Google user",
      "helpful": "0",
      "polarity": "",
      "rate": 5,
      "response": "",
      "response_date": "",
      "review": "\u0623\u0641\u0636\u0644 \u062a\u0637\u0628\u064a\u0642 \u0644\u0635\u0646\u0639 \u0627\u0644\u0635\u0648\u0631 \u060c \u0643\u0645\u0627 \u0647\u0648 \u0633\u0647\u0644 \u0644\u0644\u0625\u0633\u062a\u062e\u062f\u0627\u0645 \u0648 \u064a\u062a\u064a\u062d \u0644\u0643 \u0627\u0644\u0625\u0628\u062f\u0627\u0639 \u0648 \u0627\u0644\u0625\u0628\u062a\u0643\u0627\u0631 \n\u0641\u064a \u0647\u0646\u062f\u0633\u0629 \u0648 \u062a\u062d\u0648\u064a\u0631 \u0627\u0644\u062e\u0637 \u0627\u0644\u0639\u0631\u0628\u064a \u0628\u0637\u0631\u064a\u0642\u0629 \u0633\u0647\u0644\u0629 \u0648 \u0628\u0633\u064a\u0637\u0629",
      "review_date": [
        "May",
        "26",
        " 2018"
      ]
    },
    {
      "REQ_subtype": "",
      "REQ_type": "",
      "_id": 70,
      "author_id": "not defined",
      "author_name": "Mahesh Parab",
      "helpful": "0",
      "polarity": "",
      "rate": 4,
      "response": "",
      "response_date": "",
      "review": "it is useful app for creating new frames , images new ideas  but sometimes gives problem in editing photo (cutting)",
      "review_date": [
        "October",
        "29",
        " 2017"
      ]
    },
    {
      "REQ_subtype": "",
      "REQ_type": "",
      "_id": 71,
      "author_id": "not defined",
      "author_name": "Angela Richards",
      "helpful": "0",
      "polarity": "",
      "rate": 5,
      "response": "",
      "response_date": "",
      "review": "Allows me to quickly change photos and instantly upload, would be even better if it had simple editing (crop/mirror)",
      "review_date": [
        "May",
        "4",
        " 2017"
      ]
    },
    {
      "REQ_subtype": "",
      "REQ_type": "",
      "_id": 72,
      "author_id": "not defined",
      "author_name": "pushkaraj karande",
      "helpful": "0",
      "polarity": "",
      "rate": 5,
      "response": "",
      "response_date": "",
      "review": "Good..... Simple For Use......Need to improvement in baground colours .......Need to add more background pics......Like nature, related to birthday and anniversary backgrounds.....   This app is very useful.....",
      "review_date": [
        "July",
        "1",
        " 2017"
      ]
    },
    {
      "REQ_subtype": "",
      "REQ_type": "",
      "_id": 73,
      "author_id": "not defined",
      "author_name": "Ess Jay Singh",
      "helpful": "2",
      "polarity": "",
      "rate": 5,
      "response": "",
      "response_date": "",
      "review": "Nice Photo college I used for editing pics for my Facebook groups",
      "review_date": [
        "August",
        "31",
        " 2017"
      ]
    },
    {
      "REQ_subtype": "",
      "REQ_type": "",
      "_id": 74,
      "author_id": "not defined",
      "author_name": "A Google user",
      "helpful": "0",
      "polarity": "",
      "rate": 5,
      "response": "",
      "response_date": "",
      "review": "Fine with me. Easy to use but... When I was going to re-edit my saved photo, some of added details gone.",
      "review_date": [
        "October",
        "5",
        " 2017"
      ]
    },
    {
      "REQ_subtype": "",
      "REQ_type": "",
      "_id": 75,
      "author_id": "not defined",
      "author_name": "Victor Mugera",
      "helpful": "1",
      "polarity": "",
      "rate": 5,
      "response": "",
      "response_date": "",
      "review": "I think it's the best photo collage/editor I've come across so far.",
      "review_date": [
        "March",
        "5",
        " 2018"
      ]
    },
    {
      "REQ_subtype": "",
      "REQ_type": "",
      "_id": 76,
      "author_id": "not defined",
      "author_name": "A Google user",
      "helpful": "0",
      "polarity": "",
      "rate": 1,
      "response": "",
      "response_date": "",
      "review": "Warning don't see this aap also Bad,bad,bad",
      "review_date": [
        "May",
        "23",
        " 2018"
      ]
    },
    {
      "REQ_subtype": "",
      "REQ_type": "",
      "_id": 77,
      "author_id": "not defined",
      "author_name": "A Google user",
      "helpful": "0",
      "polarity": "",
      "rate": 1,
      "response": "",
      "response_date": "",
      "review": "This doesn't blend anything or do anything it shows in the pictures... Not worth the space it takes up on my phone. Bye bye app",
      "review_date": [
        "July",
        "16",
        " 2017"
      ]
    },
    {
      "REQ_subtype": "",
      "REQ_type": "",
      "_id": 78,
      "author_id": "not defined",
      "author_name": "Thatgirl",
      "helpful": "0",
      "polarity": "",
      "rate": 5,
      "response": "",
      "response_date": "",
      "review": "i love this so much. it's so easy to use specially on phones. ive been looking for a phone friendly app to use for artistic collages and this was such a great source for it.",
      "review_date": [
        "January",
        "4",
        " 2018"
      ]
    },
    {
      "REQ_subtype": "",
      "REQ_type": "",
      "_id": 79,
      "author_id": "not defined",
      "author_name": "Daya Bedase",
      "helpful": "0",
      "polarity": "",
      "rate": 5,
      "response": "",
      "response_date": "",
      "review": "I love this app.its wonderful. great features. love the blending of pics. thanks for your hard work in developing these amazing apps. you are Amazing. God bless you and your team richly.",
      "review_date": [
        "February",
        "8",
        " 2018"
      ]
    },
    {
      "REQ_subtype": "",
      "REQ_type": "",
      "_id": 80,
      "author_id": "not defined",
      "author_name": "Shantel Headlam",
      "helpful": "1",
      "polarity": "",
      "rate": 5,
      "response": "",
      "response_date": "",
      "review": "Looove it!!! Everything about it I love it. Been using it for years now. And i have no complaint",
      "review_date": [
        "December",
        "18",
        " 2017"
      ]
    },
    {
      "REQ_subtype": "",
      "REQ_type": "",
      "_id": 81,
      "author_id": "not defined",
      "author_name": "satish patil",
      "helpful": "1",
      "polarity": "",
      "rate": 5,
      "response": "",
      "response_date": "",
      "review": "Pls add frames and devnagari fonts. overall It's awesome, fantastic, much better.",
      "review_date": [
        "February",
        "10",
        " 2018"
      ]
    },
    {
      "REQ_subtype": "",
      "REQ_type": "",
      "_id": 82,
      "author_id": "not defined",
      "author_name": "Clarie Paki",
      "helpful": "1",
      "polarity": "",
      "rate": 5,
      "response": "",
      "response_date": "",
      "review": "This app. is the best. In my opinion, no other 'blend collage' can beat it.",
      "review_date": [
        "July",
        "9",
        " 2018"
      ]
    },
    {
      "REQ_subtype": "",
      "REQ_type": "",
      "_id": 83,
      "author_id": "not defined",
      "author_name": "vishal dhopade",
      "helpful": "0",
      "polarity": "",
      "rate": 4,
      "response": "",
      "response_date": "",
      "review": "\u0930\u093e\u092f\u091f\u093f\u0902\u0917 \u0932\u0947\u091f\u0930 \u0932\u093e \u091c\u0930 \u0915\u0930\u094d\u0935\u094d\u0939 \u092e\u0927\u094d\u092f\u0947 \u0932\u093f\u0939\u093f\u0924\u093e \u0906\u0932\u0947 \u0924\u0930 \u0939\u0940 \u0905\u0901\u092a \u090f\u0915 \u0928\u0902\u092c\u0930 (\u092c\u0947\u0938\u094d\u091f \u090d\u092a) \u0939\u094b\u0908\u0932",
      "review_date": [
        "August",
        "18",
        " 2017"
      ]
    },
    {
      "REQ_subtype": "",
      "REQ_type": "",
      "_id": 84,
      "author_id": "not defined",
      "author_name": "SJ creators",
      "helpful": "1",
      "polarity": "",
      "rate": 5,
      "response": "",
      "response_date": "",
      "review": "Very awesome apps finally this great have new spec and colage.. loved this app",
      "review_date": [
        "September",
        "24",
        " 2017"
      ]
    },
    {
      "REQ_subtype": "",
      "REQ_type": "",
      "_id": 85,
      "author_id": "not defined",
      "author_name": "Lajuana Clanton",
      "helpful": "1",
      "polarity": "",
      "rate": 5,
      "response": "",
      "response_date": "",
      "review": "Best collage maker ever\ud83d\ude0d",
      "review_date": [
        "April",
        "7",
        " 2018"
      ]
    },
    {
      "REQ_subtype": "",
      "REQ_type": "",
      "_id": 86,
      "author_id": "not defined",
      "author_name": "A Google user",
      "helpful": "1",
      "polarity": "",
      "rate": 5,
      "response": "",
      "response_date": "",
      "review": "I love this app. Very easy to use . I can't do without blend collage",
      "review_date": [
        "December",
        "18",
        " 2017"
      ]
    },
    {
      "REQ_subtype": "",
      "REQ_type": "",
      "_id": 87,
      "author_id": "not defined",
      "author_name": "surinder kumar",
      "helpful": "0",
      "polarity": "",
      "rate": 5,
      "response": "",
      "response_date": "",
      "review": "This is very nice ..I have never ever used any app including these features...too good",
      "review_date": [
        "June",
        "27",
        " 2017"
      ]
    },
    {
      "REQ_subtype": "",
      "REQ_type": "",
      "_id": 88,
      "author_id": "not defined",
      "author_name": "Vasudeo Neve",
      "helpful": "1",
      "polarity": "",
      "rate": 5,
      "response": "",
      "response_date": "",
      "review": "This app is very Nice.very Interesting.we can prepare any type of good wishes.",
      "review_date": [
        "January",
        "26",
        " 2018"
      ]
    },
    {
      "REQ_subtype": "",
      "REQ_type": "",
      "_id": 89,
      "author_id": "not defined",
      "author_name": "Gretchen Chappell",
      "helpful": "1",
      "polarity": "",
      "rate": 5,
      "response": "",
      "response_date": "",
      "review": "Love creating collages and this app is so fun and easy. It's addicting!",
      "review_date": [
        "February",
        "28",
        " 2018"
      ]
    },
    {
      "REQ_subtype": "",
      "REQ_type": "",
      "_id": 90,
      "author_id": "not defined",
      "author_name": "Makrand Soni",
      "helpful": "1",
      "polarity": "",
      "rate": 3,
      "response": "",
      "response_date": "",
      "review": "Improve with more clipart n font style as well as size. For professional use",
      "review_date": [
        "March",
        "28",
        " 2018"
      ]
    },
    {
      "REQ_subtype": "",
      "REQ_type": "",
      "_id": 91,
      "author_id": "not defined",
      "author_name": "Boniphace Lugola",
      "helpful": "1",
      "polarity": "",
      "rate": 5,
      "response": "",
      "response_date": "",
      "review": "This is very loveable app, easy to use and appreciated you mr app creator.",
      "review_date": [
        "February",
        "15",
        " 2018"
      ]
    },
    {
      "REQ_subtype": "",
      "REQ_type": "",
      "_id": 92,
      "author_id": "not defined",
      "author_name": "Vikas Jalalwad",
      "helpful": "1",
      "polarity": "",
      "rate": 5,
      "response": "",
      "response_date": "",
      "review": "I love very much this app I can all effect made with photos in this apk",
      "review_date": [
        "November",
        "2",
        " 2017"
      ]
    },
    {
      "REQ_subtype": "",
      "REQ_type": "",
      "_id": 93,
      "author_id": "not defined",
      "author_name": "A Google user",
      "helpful": "0",
      "polarity": "",
      "rate": 5,
      "response": "",
      "response_date": "",
      "review": "I love this app very much this is the the best super game forever \n\ud83d\udc4c\ud83d\ude18\ud83d\ude18\ud83d\ude18\ud83d\ude18 100000000% more than that \ud83d\udc4c\ud83d\udc4c\ud83d\ude18\ud83d\ude18\ud83d\ude18\ud83d\udc4c\ud83d\ude0e\ud83d\ude0e\ud83d\ude0d\ud83d\ude0d Install this app \nhappily. When u will install this app u will be happy happiest \ud83d\ude0d\ud83d\ude0d\ud83d\ude0e",
      "review_date": [
        "May",
        "8",
        " 2018"
      ]
    },
    {
      "REQ_subtype": "",
      "REQ_type": "",
      "_id": 94,
      "author_id": "not defined",
      "author_name": "Pratap Singh",
      "helpful": "0",
      "polarity": "",
      "rate": 5,
      "response": "",
      "response_date": "",
      "review": "Brilliant app designed. But fonts r limited. Also doesn't move to adjust according to pic. Always remains on photo. Correct it if possible.",
      "review_date": [
        "May",
        "17",
        " 2017"
      ]
    },
    {
      "REQ_subtype": "",
      "REQ_type": "",
      "_id": 95,
      "author_id": "not defined",
      "author_name": "Pravin Parse \u092a\u094d\u0930\u0935\u093f\u0923 \u092a\u093e\u0930\u0938\u0947",
      "helpful": "0",
      "polarity": "",
      "rate": 4,
      "response": "",
      "response_date": "",
      "review": "\u0905\u0945\u092a \u0905\u0924\u093f\u0936\u092f \u0938\u0941\u0902\u0926\u0930 \u0906\u0939\u0947. \u0915\u094b\u0923\u0924\u093e\u0939\u0940 \u092b\u094b\u091f\u094b \u0905\u0924\u093f\u0936\u092f \u0938\u0941\u0902\u0926\u0930 \u092a\u0926\u094d\u0927\u0924\u0940\u0928\u0947 \u092c\u0928\u0935\u0924\u093e \u092f\u0947\u0924\u094b \u092b\u0915\u094d\u0924 \u0906\u0924\u093e shapes\u0935 fonts \u0935\u093e\u0922\u0935\u0932\u0947 \u092a\u093e\u0939\u093f\u091c\u0947\u0924.",
      "review_date": [
        "October",
        "24",
        " 2017"
      ]
    },
    {
      "REQ_subtype": "",
      "REQ_type": "",
      "_id": 96,
      "author_id": "not defined",
      "author_name": "Ruvinsky Lopez",
      "helpful": "0",
      "polarity": "",
      "rate": 5,
      "response": "",
      "response_date": "",
      "review": "Its awesome !you dont want to miss this one. So make sure u get it. \ud83d\udcaa\u2764",
      "review_date": [
        "February",
        "24",
        " 2017"
      ]
    },
    {
      "REQ_subtype": "",
      "REQ_type": "",
      "_id": 97,
      "author_id": "not defined",
      "author_name": "A Google user",
      "helpful": "0",
      "polarity": "",
      "rate": 5,
      "response": "",
      "response_date": "",
      "review": "This app is really great but if it can be be used to make videos, then it is going to be the greatest app so ever.",
      "review_date": [
        "July",
        "19",
        " 2017"
      ]
    },
    {
      "REQ_subtype": "",
      "REQ_type": "",
      "_id": 98,
      "author_id": "not defined",
      "author_name": "A Google user",
      "helpful": "1",
      "polarity": "",
      "rate": 5,
      "response": "",
      "response_date": "",
      "review": "I like very much.I can create beautiful photos with this application. Thank you .",
      "review_date": [
        "March",
        "15",
        " 2018"
      ]
    },
    {
      "REQ_subtype": "",
      "REQ_type": "",
      "_id": 99,
      "author_id": "not defined",
      "author_name": "SHUBHENDU ROCKHOUND PRABHAS",
      "helpful": "1",
      "polarity": "",
      "rate": 5,
      "response": "",
      "response_date": "",
      "review": "Some changes are needed with all functions....",
      "review_date": [
        "April",
        "9",
        " 2018"
      ]
    },
    {
      "REQ_subtype": "",
      "REQ_type": "",
      "_id": 100,
      "author_id": "not defined",
      "author_name": "Brian Lencki",
      "helpful": "1",
      "polarity": "",
      "rate": 5,
      "response": "",
      "response_date": "",
      "review": "I love making funny photo collages and cool stuff with it, GREAT app",
      "review_date": [
        "March",
        "11",
        " 2018"
      ]
    },
    {
      "REQ_subtype": "",
      "REQ_type": "",
      "_id": 101,
      "author_id": "not defined",
      "author_name": "Lyn Vee Olotnab",
      "helpful": "1",
      "polarity": "",
      "rate": 5,
      "response": "",
      "response_date": "",
      "review": "I love this application i can creat any kind of view in my pictures\ud83d\udc97",
      "review_date": [
        "March",
        "26",
        " 2018"
      ]
    },
    {
      "REQ_subtype": "",
      "REQ_type": "",
      "_id": 102,
      "author_id": "not defined",
      "author_name": "VISHAL SHINDE",
      "helpful": "2",
      "polarity": "",
      "rate": 5,
      "response": "",
      "response_date": "",
      "review": "Nice app really very usefully but stop the ad",
      "review_date": [
        "July",
        "26",
        " 2017"
      ]
    },
    {
      "REQ_subtype": "",
      "REQ_type": "",
      "_id": 103,
      "author_id": "not defined",
      "author_name": "A Google user",
      "helpful": "0",
      "polarity": "",
      "rate": 5,
      "response": "",
      "response_date": "",
      "review": "I luv this app....that's all...lol...I luv this app bc I can edit a photo what ever I want..so yes . sorry for my bad English... Who has a wattpad??..lol",
      "review_date": [
        "November",
        "2",
        " 2017"
      ]
    },
    {
      "REQ_subtype": "",
      "REQ_type": "",
      "_id": 104,
      "author_id": "not defined",
      "author_name": "Krishna Ghuge",
      "helpful": "0",
      "polarity": "",
      "rate": 5,
      "response": "",
      "response_date": "",
      "review": "Very nice app ever using  ...I have one question give blur feature for the background and photo....that is much better",
      "review_date": [
        "October",
        "18",
        " 2017"
      ]
    },
    {
      "REQ_subtype": "",
      "REQ_type": "",
      "_id": 105,
      "author_id": "not defined",
      "author_name": "Aracely Alvarez",
      "helpful": "4",
      "polarity": "",
      "rate": 5,
      "response": "",
      "response_date": "",
      "review": "I really love this app easy to use I will give it straight 10.",
      "review_date": [
        "October",
        "11",
        " 2017"
      ]
    },
    {
      "REQ_subtype": "",
      "REQ_type": "",
      "_id": 106,
      "author_id": "not defined",
      "author_name": "Muzammil Akhtar",
      "helpful": "1",
      "polarity": "",
      "rate": 5,
      "response": "",
      "response_date": "",
      "review": "I always use blend collage  even for minor  editing this is the funtastic apps.",
      "review_date": [
        "December",
        "20",
        " 2017"
      ]
    },
    {
      "REQ_subtype": "",
      "REQ_type": "",
      "_id": 107,
      "author_id": "not defined",
      "author_name": "A Google user",
      "helpful": "0",
      "polarity": "",
      "rate": 5,
      "response": "",
      "response_date": "",
      "review": "This is the best photo collage. It help me in anything. I highly recommnd it to everyone",
      "review_date": [
        "May",
        "3",
        " 2017"
      ]
    },
    {
      "REQ_subtype": "",
      "REQ_type": "",
      "_id": 108,
      "author_id": "not defined",
      "author_name": "Sakthi saga",
      "helpful": "1",
      "polarity": "",
      "rate": 5,
      "response": "",
      "response_date": "",
      "review": "I love love this application. And need some image draping options. Plz developed it.",
      "review_date": [
        "November",
        "11",
        " 2017"
      ]
    },
    {
      "REQ_subtype": "",
      "REQ_type": "",
      "_id": 109,
      "author_id": "not defined",
      "author_name": "A Google user",
      "helpful": "0",
      "polarity": "",
      "rate": 5,
      "response": "",
      "response_date": "",
      "review": "I love it so much .nothing can t catch its place Love it more",
      "review_date": [
        "June",
        "10",
        " 2018"
      ]
    },
    {
      "REQ_subtype": "",
      "REQ_type": "",
      "_id": 110,
      "author_id": "not defined",
      "author_name": "Samrat Patil",
      "helpful": "0",
      "polarity": "",
      "rate": 5,
      "response": "",
      "response_date": "",
      "review": "Superb... But add more option like, brush & sketch... It may be helpful for \nus. Thank you \u270c\ufe0f\ud83d\ude0a",
      "review_date": [
        "June",
        "28",
        " 2018"
      ]
    },
    {
      "REQ_subtype": "",
      "REQ_type": "",
      "_id": 111,
      "author_id": "not defined",
      "author_name": "Nicole Gallo",
      "helpful": "0",
      "polarity": "",
      "rate": 4,
      "response": "",
      "response_date": "",
      "review": "I love this app it is a greatest creation  yu can do with photographs of everyone or anything yu love.  I would like to see more options on this app",
      "review_date": [
        "February",
        "14",
        " 2017"
      ]
    },
    {
      "REQ_subtype": "",
      "REQ_type": "",
      "_id": 112,
      "author_id": "not defined",
      "author_name": "Mb Mohin",
      "helpful": "1",
      "polarity": "",
      "rate": 5,
      "response": "",
      "response_date": "",
      "review": "This is best photo editor",
      "review_date": [
        "May",
        "9",
        " 2017"
      ]
    },
    {
      "REQ_subtype": "",
      "REQ_type": "",
      "_id": 113,
      "author_id": "not defined",
      "author_name": "Syd",
      "helpful": "0",
      "polarity": "",
      "rate": 5,
      "response": "",
      "response_date": "",
      "review": "I have been looking for an app like thos for over a year and i finally found it. Thank you",
      "review_date": [
        "December",
        "28",
        " 2017"
      ]
    },
    {
      "REQ_subtype": "",
      "REQ_type": "",
      "_id": 114,
      "author_id": "not defined",
      "author_name": "Santosh Misal",
      "helpful": "0",
      "polarity": "",
      "rate": 3,
      "response": "",
      "response_date": "",
      "review": "Photo do not cut accurate",
      "review_date": [
        "March",
        "19",
        " 2017"
      ]
    },
    {
      "REQ_subtype": "",
      "REQ_type": "",
      "_id": 115,
      "author_id": "not defined",
      "author_name": "A Google user",
      "helpful": "1",
      "polarity": "",
      "rate": 5,
      "response": "",
      "response_date": "",
      "review": "This app is complete for me for editing, slightly like adobe Photoshop. ..\u2764",
      "review_date": [
        "February",
        "25",
        " 2018"
      ]
    },
    {
      "REQ_subtype": "",
      "REQ_type": "",
      "_id": 116,
      "author_id": "not defined",
      "author_name": "A Google user",
      "helpful": "0",
      "polarity": "",
      "rate": 1,
      "response": "",
      "response_date": "",
      "review": "Update version is totally rubbish \ud83d\ude23",
      "review_date": [
        "December",
        "25",
        " 2016"
      ]
    },
    {
      "REQ_subtype": "",
      "REQ_type": "",
      "_id": 117,
      "author_id": "not defined",
      "author_name": "A Google user",
      "helpful": "0",
      "polarity": "",
      "rate": 4,
      "response": "",
      "response_date": "",
      "review": "I so love this app but I think a few frames and free hand drawing wouldn't be a bad idea to add to the app",
      "review_date": [
        "April",
        "13",
        " 2017"
      ]
    },
    {
      "REQ_subtype": "",
      "REQ_type": "",
      "_id": 118,
      "author_id": "not defined",
      "author_name": "Pankaj PS",
      "helpful": "0",
      "polarity": "",
      "rate": 5,
      "response": "",
      "response_date": "",
      "review": "One is very important fact in this save file format is HD.... plz. Add into the free size image option.",
      "review_date": [
        "March",
        "11",
        " 2017"
      ]
    },
    {
      "REQ_subtype": "",
      "REQ_type": "",
      "_id": 119,
      "author_id": "not defined",
      "author_name": "Saloni Parab",
      "helpful": "0",
      "polarity": "",
      "rate": 5,
      "response": "",
      "response_date": "",
      "review": "Its so nice but there should be sone more gradient colours and also attractive things in it",
      "review_date": [
        "June",
        "28",
        " 2017"
      ]
    },
    {
      "REQ_subtype": "",
      "REQ_type": "",
      "_id": 120,
      "author_id": "not defined",
      "author_name": "NIFSE",
      "helpful": "0",
      "polarity": "",
      "rate": 5,
      "response": "",
      "response_date": "",
      "review": "\u092c\u0939\u0941\u0924 \u0939\u0940 \u092c\u0947\u0939\u0924\u0930\u0940\u0928 \u090f\u092a \u0939\u0948 \u092f\u0939....\u092a\u092a\u094d\u092a\u0942 \u0938\u093f\u0902\u0939 \u0930\u093e\u091c\u092a\u0942\u0924 \u092b\u093e\u092f\u0930 & \u0938\u0947\u092b\u094d\u091f\u0940 \u0915\u093e\u0932\u0947\u091c \u091b\u093f\u0928\u094d\u0926\u0935\u093e\u0921\u093e \u092e\u0927\u094d\u092f\u092a\u094d\u0930\u0926\u0947\u0936",
      "review_date": [
        "January",
        "5",
        " 2018"
      ]
    },
    {
      "REQ_subtype": "",
      "REQ_type": "",
      "_id": 121,
      "author_id": "not defined",
      "author_name": "Aprilyn Corono",
      "helpful": "2",
      "polarity": "",
      "rate": 5,
      "response": "",
      "response_date": "",
      "review": "This is the best photo editor i ever downloaded.",
      "review_date": [
        "February",
        "18",
        " 2018"
      ]
    },
    {
      "REQ_subtype": "",
      "REQ_type": "",
      "_id": 122,
      "author_id": "not defined",
      "author_name": "A Google user",
      "helpful": "0",
      "polarity": "",
      "rate": 5,
      "response": "",
      "response_date": "",
      "review": "The best blend collage ever, perfect really love it.. Thanks I enjoyed so much.. Muah!",
      "review_date": [
        "June",
        "10",
        " 2017"
      ]
    },
    {
      "REQ_subtype": "",
      "REQ_type": "",
      "_id": 123,
      "author_id": "not defined",
      "author_name": "Akshay satav",
      "helpful": "0",
      "polarity": "",
      "rate": 4,
      "response": "",
      "response_date": "",
      "review": "Not easy but not difficult",
      "review_date": [
        "March",
        "11",
        " 2017"
      ]
    },
    {
      "REQ_subtype": "",
      "REQ_type": "",
      "_id": 124,
      "author_id": "not defined",
      "author_name": "A Google user",
      "helpful": "0",
      "polarity": "",
      "rate": 5,
      "response": "",
      "response_date": "",
      "review": "More text fonts to be added. Marathi fonts should be introduced.Masking feature need to enhanced.  Otherwise it's best editing app",
      "review_date": [
        "November",
        "23",
        " 2017"
      ]
    },
    {
      "REQ_subtype": "",
      "REQ_type": "",
      "_id": 125,
      "author_id": "not defined",
      "author_name": "Kiboba 1 1",
      "helpful": "0",
      "polarity": "",
      "rate": 4,
      "response": "",
      "response_date": "",
      "review": "Excellent but there is always room for improvement such as more templates, text styles and clip arts.",
      "review_date": [
        "May",
        "17",
        " 2017"
      ]
    },
    {
      "REQ_subtype": "",
      "REQ_type": "",
      "_id": 126,
      "author_id": "not defined",
      "author_name": "Amal Jayan",
      "helpful": "0",
      "polarity": "",
      "rate": 5,
      "response": "",
      "response_date": "",
      "review": "It is a very good app, i can make so many funny photos of my friends by using this awesome app",
      "review_date": [
        "March",
        "15",
        " 2017"
      ]
    },
    {
      "REQ_subtype": "",
      "REQ_type": "",
      "_id": 127,
      "author_id": "not defined",
      "author_name": "A Google user",
      "helpful": "0",
      "polarity": "",
      "rate": 5,
      "response": "",
      "response_date": "",
      "review": "I was searching this type of app, tried many apps but not satisfied, but this app is excellent",
      "review_date": [
        "August",
        "14",
        " 2017"
      ]
    },
    {
      "REQ_subtype": "",
      "REQ_type": "",
      "_id": 128,
      "author_id": "not defined",
      "author_name": "Debosmita Deb",
      "helpful": "1",
      "polarity": "",
      "rate": 5,
      "response": "",
      "response_date": "",
      "review": "A single word can define this app i.e. SUPERCALIFRAGILISTICEXPIALIDOCIOUS\ud83d\udc97",
      "review_date": [
        "April",
        "10",
        " 2018"
      ]
    },
    {
      "REQ_subtype": "",
      "REQ_type": "",
      "_id": 129,
      "author_id": "not defined",
      "author_name": "Tubby O",
      "helpful": "0",
      "polarity": "",
      "rate": 5,
      "response": "",
      "response_date": "",
      "review": "I think its a good app but sometimes the pictures come out blurry",
      "review_date": [
        "June",
        "8",
        " 2017"
      ]
    },
    {
      "REQ_subtype": "",
      "REQ_type": "",
      "_id": 130,
      "author_id": "not defined",
      "author_name": "Patricia Case",
      "helpful": "0",
      "polarity": "",
      "rate": 5,
      "response": "",
      "response_date": "",
      "review": "I love this app. I use it daily making personalized b-day wishes, to event and sale flyers.",
      "review_date": [
        "April",
        "30",
        " 2017"
      ]
    },
    {
      "REQ_subtype": "",
      "REQ_type": "",
      "_id": 131,
      "author_id": "not defined",
      "author_name": "Prasad Dalvi",
      "helpful": "0",
      "polarity": "",
      "rate": 4,
      "response": "",
      "response_date": "",
      "review": "I wiil give you 5 star but pls pls pls add marathi fonts styles to imptove the app plsss.....!",
      "review_date": [
        "October",
        "15",
        " 2017"
      ]
    },
    {
      "REQ_subtype": "",
      "REQ_type": "",
      "_id": 132,
      "author_id": "not defined",
      "author_name": "Banjara star",
      "helpful": "0",
      "polarity": "",
      "rate": 5,
      "response": "",
      "response_date": "",
      "review": "Plz add one future fx plz",
      "review_date": [
        "January",
        "19",
        " 2018"
      ]
    },
    {
      "REQ_subtype": "",
      "REQ_type": "",
      "_id": 133,
      "author_id": "not defined",
      "author_name": "Heri Andoni",
      "helpful": "0",
      "polarity": "",
      "rate": 5,
      "response": "",
      "response_date": "",
      "review": "best blend app ever...but the drawing mask is a bit hard because there is no zoom option",
      "review_date": [
        "June",
        "11",
        " 2017"
      ]
    },
    {
      "REQ_subtype": "",
      "REQ_type": "",
      "_id": 134,
      "author_id": "not defined",
      "author_name": "sujal chuwan",
      "helpful": "0",
      "polarity": "",
      "rate": 4,
      "response": "",
      "response_date": "",
      "review": "I liked this App. This App. helps to do whatever we want to do with our pictures. Can photo shop and edit as i like.",
      "review_date": [
        "April",
        "7",
        " 2017"
      ]
    },
    {
      "REQ_subtype": "",
      "REQ_type": "",
      "_id": 135,
      "author_id": "not defined",
      "author_name": "laxman jadhav",
      "helpful": "0",
      "polarity": "",
      "rate": 5,
      "response": "",
      "response_date": "",
      "review": "*BLEND COLLAGE * ONE OF THE AWESOME APPS IN THE WORLD..... TRY THIS..... I WILL RECOMMEND YOU TO DOWNLOAD IT..........",
      "review_date": [
        "October",
        "29",
        " 2017"
      ]
    },
    {
      "REQ_subtype": "",
      "REQ_type": "",
      "_id": 136,
      "author_id": "not defined",
      "author_name": "shivani khanna",
      "helpful": "0",
      "polarity": "",
      "rate": 5,
      "response": "",
      "response_date": "",
      "review": "Best blending app! I want to know is this app available on app store??? If \nhave then please let me know asap....",
      "review_date": [
        "June",
        "13",
        " 2018"
      ]
    },
    {
      "REQ_subtype": "",
      "REQ_type": "",
      "_id": 137,
      "author_id": "not defined",
      "author_name": "kearl charles",
      "helpful": "0",
      "polarity": "",
      "rate": 5,
      "response": "",
      "response_date": "",
      "review": "undoubtedly the best, i actually use this app to create all my business \nads, features r great.",
      "review_date": [
        "June",
        "26",
        " 2018"
      ]
    },
    {
      "REQ_subtype": "",
      "REQ_type": "",
      "_id": 138,
      "author_id": "not defined",
      "author_name": "A Google user",
      "helpful": "0",
      "polarity": "",
      "rate": 5,
      "response": "",
      "response_date": "",
      "review": "I like this app becauSe u can edit ur picture likE tOgether,,",
      "review_date": [
        "March",
        "5",
        " 2017"
      ]
    },
    {
      "REQ_subtype": "",
      "REQ_type": "",
      "_id": 139,
      "author_id": "not defined",
      "author_name": "Anu Hiwale",
      "helpful": "0",
      "polarity": "",
      "rate": 4,
      "response": "",
      "response_date": "",
      "review": "Good apk it helps to make collage wonderful apk. I have impressed my all family members",
      "review_date": [
        "April",
        "4",
        " 2017"
      ]
    },
    {
      "REQ_subtype": "",
      "REQ_type": "",
      "_id": 140,
      "author_id": "not defined",
      "author_name": "mrunal kulkarni",
      "helpful": "0",
      "polarity": "",
      "rate": 5,
      "response": "",
      "response_date": "",
      "review": "Very nice app because we can add many photos  In other app we can add only 6 or 9 photos",
      "review_date": [
        "March",
        "15",
        " 2017"
      ]
    },
    {
      "REQ_subtype": "",
      "REQ_type": "",
      "_id": 141,
      "author_id": "not defined",
      "author_name": "FT Technologies",
      "helpful": "0",
      "polarity": "",
      "rate": 5,
      "response": "",
      "response_date": "",
      "review": "It's an awesome and amazingly beautiful collage app, thank you for developing it , it's breath of fresh air!",
      "review_date": [
        "May",
        "9",
        " 2017"
      ]
    },
    {
      "REQ_subtype": "",
      "REQ_type": "",
      "_id": 142,
      "author_id": "not defined",
      "author_name": "Ashok Kumar",
      "helpful": "0",
      "polarity": "",
      "rate": 3,
      "response": "",
      "response_date": "",
      "review": "It's nice, but add more founts and style. Add back option during the work.",
      "review_date": [
        "January",
        "22",
        " 2017"
      ]
    },
    {
      "REQ_subtype": "",
      "REQ_type": "",
      "_id": 143,
      "author_id": "not defined",
      "author_name": "shankar indore",
      "helpful": "0",
      "polarity": "",
      "rate": 1,
      "response": "",
      "response_date": "",
      "review": "Waste of time only collage",
      "review_date": [
        "October",
        "18",
        " 2017"
      ]
    },
    {
      "REQ_subtype": "",
      "REQ_type": "",
      "_id": 144,
      "author_id": "not defined",
      "author_name": "Jitendra Tiwari",
      "helpful": "0",
      "polarity": "",
      "rate": 5,
      "response": "",
      "response_date": "",
      "review": "That is awesome app we make poster, banner, and anything whatever you want just do it",
      "review_date": [
        "January",
        "15",
        " 2018"
      ]
    },
    {
      "REQ_subtype": "",
      "REQ_type": "",
      "_id": 145,
      "author_id": "not defined",
      "author_name": "Allyha Powell",
      "helpful": "0",
      "polarity": "",
      "rate": 4,
      "response": "",
      "response_date": "",
      "review": "Its the best app ive used to edit my pics so far..n its the ok",
      "review_date": [
        "September",
        "10",
        " 2017"
      ]
    },
    {
      "REQ_subtype": "",
      "REQ_type": "",
      "_id": 146,
      "author_id": "not defined",
      "author_name": "harishraje mankare",
      "helpful": "0",
      "polarity": "",
      "rate": 5,
      "response": "",
      "response_date": "",
      "review": "\u0906\u092e\u094d\u0939\u0940 \u092f\u093e \u0905\u0901\u092a \u092e\u0927\u0942\u0928 \u0915\u093e\u0939\u0940 \u092a\u0923 \u090f\u0921\u093f\u091f \u0915\u0930\u0942 \u0936\u0915\u0924\u094b",
      "review_date": [
        "September",
        "25",
        " 2017"
      ]
    },
    {
      "REQ_subtype": "",
      "REQ_type": "",
      "_id": 147,
      "author_id": "not defined",
      "author_name": "rohit agarwalla",
      "helpful": "0",
      "polarity": "",
      "rate": 2,
      "response": "",
      "response_date": "",
      "review": "Photo selection is not being possible  now  Admin plz check",
      "review_date": [
        "February",
        "15",
        " 2017"
      ]
    },
    {
      "REQ_subtype": "",
      "REQ_type": "",
      "_id": 148,
      "author_id": "not defined",
      "author_name": "Sanika Shinde",
      "helpful": "0",
      "polarity": "",
      "rate": 5,
      "response": "",
      "response_date": "",
      "review": "it is really very nice. we can do anything that we want. so i just love this app.",
      "review_date": [
        "November",
        "25",
        " 2017"
      ]
    },
    {
      "REQ_subtype": "",
      "REQ_type": "",
      "_id": 149,
      "author_id": "not defined",
      "author_name": "Razique Shaikh",
      "helpful": "0",
      "polarity": "",
      "rate": 5,
      "response": "",
      "response_date": "",
      "review": "\u0915\u091f\u093f\u0902\u0917 \u0914\u0930 \u092a\u0947\u0938\u094d\u091f\u093f\u0902\u0917 \u0925\u094b\u095c\u0940 \u0913\u0930 \u0906\u0938\u093e\u0928 \u0915\u093f\u092f\u093e \u091c\u093e\u092f\u0947 \u092a\u094d\u0932\u0940\u095b",
      "review_date": [
        "August",
        "24",
        " 2017"
      ]
    },
    {
      "REQ_subtype": "",
      "REQ_type": "",
      "_id": 150,
      "author_id": "not defined",
      "author_name": "renuka bapat",
      "helpful": "0",
      "polarity": "",
      "rate": 5,
      "response": "",
      "response_date": "",
      "review": "What I like the most is pictures donot lose the clarity even after they are put in a collage",
      "review_date": [
        "February",
        "1",
        " 2017"
      ]
    },
    {
      "REQ_subtype": "",
      "REQ_type": "",
      "_id": 151,
      "author_id": "not defined",
      "author_name": "Shailendra Sutar",
      "helpful": "0",
      "polarity": "",
      "rate": 4,
      "response": "",
      "response_date": "",
      "review": "This app is easy to cut the photo and copy. Photo mixing I like it to do in this app.",
      "review_date": [
        "December",
        "31",
        " 2016"
      ]
    },
    {
      "REQ_subtype": "",
      "REQ_type": "",
      "_id": 152,
      "author_id": "not defined",
      "author_name": "A Google user",
      "helpful": "1",
      "polarity": "",
      "rate": 5,
      "response": "",
      "response_date": "",
      "review": "Please add Marathi font style like English font",
      "review_date": [
        "April",
        "5",
        " 2018"
      ]
    },
    {
      "REQ_subtype": "",
      "REQ_type": "",
      "_id": 153,
      "author_id": "not defined",
      "author_name": "Meshack Junior",
      "helpful": "1",
      "polarity": "",
      "rate": 4,
      "response": "",
      "response_date": "",
      "review": "best collage app",
      "review_date": [
        "May",
        "7",
        " 2017"
      ]
    },
    {
      "REQ_subtype": "",
      "REQ_type": "",
      "_id": 154,
      "author_id": "not defined",
      "author_name": "Atupele Wellington",
      "helpful": "0",
      "polarity": "",
      "rate": 5,
      "response": "",
      "response_date": "",
      "review": "Mumeitengeneza vizuri sana kuliko mwanzo( swahili lang.)",
      "review_date": [
        "February",
        "15",
        " 2017"
      ]
    },
    {
      "REQ_subtype": "",
      "REQ_type": "",
      "_id": 155,
      "author_id": "not defined",
      "author_name": "A Google user",
      "helpful": "3",
      "polarity": "",
      "rate": 5,
      "response": "",
      "response_date": "",
      "review": "Thank you for making this type of app",
      "review_date": [
        "August",
        "1",
        " 2017"
      ]
    },
    {
      "REQ_subtype": "",
      "REQ_type": "",
      "_id": 156,
      "author_id": "not defined",
      "author_name": "Hai Caff",
      "helpful": "0",
      "polarity": "",
      "rate": 5,
      "response": "",
      "response_date": "",
      "review": "The easiest blending collage app in Playstore. Pls add more features",
      "review_date": [
        "December",
        "28",
        " 2016"
      ]
    },
    {
      "REQ_subtype": "",
      "REQ_type": "",
      "_id": 157,
      "author_id": "not defined",
      "author_name": "K Bhai",
      "helpful": "0",
      "polarity": "",
      "rate": 4,
      "response": "",
      "response_date": "",
      "review": "If you want 5***** then you want to give more feactures. like for croping  the photo",
      "review_date": [
        "December",
        "30",
        " 2016"
      ]
    },
    {
      "REQ_subtype": "",
      "REQ_type": "",
      "_id": 158,
      "author_id": "not defined",
      "author_name": "Taruna Joshi",
      "helpful": "0",
      "polarity": "",
      "rate": 5,
      "response": "",
      "response_date": "",
      "review": "If you add more styles in words  It becomes better to write down the text more beautifully",
      "review_date": [
        "March",
        "21",
        " 2017"
      ]
    },
    {
      "REQ_subtype": "",
      "REQ_type": "",
      "_id": 159,
      "author_id": "not defined",
      "author_name": "A Google user",
      "helpful": "0",
      "polarity": "",
      "rate": 5,
      "response": "",
      "response_date": "",
      "review": "I seriously  love this app it's so good and gives a new look to all my photos",
      "review_date": [
        "March",
        "20",
        " 2018"
      ]
    }
  ],
  "size": "7.5",
  "url": "https://play.google.com/store/apps/details?id=ru.kdnsoft.android.blendcollage.free",
  "version": "2.3"
}