{
  "categories": [
    "Simulation"
  ],
  "description": "Have you ever wondered what it\u2019s like to land the Space Shuttle? Now you can find out. F-Sim Space Shuttle is a critically acclaimed flight simulator for Android smartphones and tablets. It simulates the Space Shuttle approach and landing in incredible detail and accuracy. We\u2019ve tried to combine realistic flight dynamics with stunning graphics and fun game play: Each landing attempt takes just a few minutes. Our landing analysis and scoring system tells you exactly how to improve your next landing. It will make you come back and try again.Each flight starts at either 10,000 feet, already aligned with the runway, or at up to 50,000 feet, before banking into the heading alignment cone. During descent, the Orbiter is an unpowered glider, so you will only have one chance to get it right. Astronauts used to call it a flying brick: because of its 200,000 lbs. gross weight and low lift over drag ratio, the approach is six times steeper and two times faster than a typical airliner approach. Landing the Orbiter takes practice, but the built-in autopilot demo and tutorials will get you started. After your first safe touchdown,  chase that perfect landing, compare your high scores online with your friends, earn medals, and unlock achievements. Experiment with different weather conditions, night approaches, and even emergency scenarios or system failures. At the end of each flight, watch a replay from different camera angles. You control the Orbiter\u2019s pitch and roll axes by tilting your device. Alternatively, you may switch to on-screen analog sticks. Rudder, speed brake, gear, and chute are usually handled by the autopilot, but you can have full manual control if you like. For beginners, we\u2019ve added rectangles that visualize the desired approach path. Simply try to stay within the corridor of rectangles, and they\u2019ll guide you right to the touchdown point. Advanced pilots can turn them off and rely on the instruments in the head-up display (HUD) instead. The simulated guidance, navigation and control (GNC) systems are authentic replications of their counterparts in the real Orbiter, and the HUD features all the instruments real Space Shuttle commanders used to employ to skillfully land this unique aircraft. Now it\u2019s your turn to give it a try.Here\u2019s what others have said about it:\u201cBecause this app is so visually exciting, so technically deep, so sophisticated, so beautifully done in its realism, effects, and documentation, it earned a perfect 5/5 rating, Outstanding.\u201dJohn Martellaro, Senior Editor for Reviews, The Mac Observer\u201cI was excited to see that I can enjoy flying the space shuttle realistically also on my iPhone and complement my addiction to our Space Shuttle Mission Simulator on PC when I am on the road.\u201dAlex L., www.space-shuttle-mission.com\u201cAbsolutely awesome app that is a must for shuttle huggers and aspiring astronauts.\u201dChris Bergin, Managing Editor, NASASpaceflight.com",
  "inc": "Ledinsky Software GmbH",
  "intalled_count": "100,000",
  "last_update": [
    "January",
    "28",
    " 2014"
  ],
  "name": "F-Sim Space Shuttle",
  "offered_by": "Google Commerce Ltd",
  "permissions": {
    "Device & app history": [
      "retrieve system internal state"
    ],
    "Photos/Media/Files": [
      "read the contents of your USB storage",
      "modify or delete the contents of your USB storage"
    ],
    "Storage": [
      "read the contents of your USB storage",
      "modify or delete the contents of your USB storage"
    ],
    "Identity": [
      "find accounts on the device"
    ],
    "Contacts": [
      "find accounts on the device"
    ],
    "Other": [
      "view network connections",
      "full network access",
      "control vibration",
      "Google Play license check",
      "view network connections",
      "full network access",
      "Google Play license check"
    ]
  },
  "rate": [
    [
      "5,421",
      "4.4"
    ],
    [
      "3,807",
      "5"
    ],
    [
      "808",
      "4"
    ],
    [
      "286",
      "3"
    ],
    [
      "155",
      "2"
    ],
    [
      "365",
      "1"
    ]
  ],
  "required_android": "Varies with",
  "reviews": [
    {
      "REQ_subtype": "",
      "REQ_type": "",
      "_id": 0,
      "author_id": "not defined",
      "author_name": "A Google user",
      "helpful": "0",
      "polarity": "",
      "rate": 5,
      "response": "",
      "response_date": "",
      "review": "This is quite literally one of the best flight simulators I have used, and certainly the best I have used on a mobile device... Everything looks incredible and works flawlessly, exactly as designed without issue. In fact, my only complaint about this simulator is that it is not available for Linux-based operating systems (such as SteamOS and Ubuntu) or Sony PlayStation products (such as the Sony PlayStation Vita and Sony PlayStation 4)!",
      "review_date": [
        "June",
        "14",
        " 2015"
      ]
    },
    {
      "REQ_subtype": "",
      "REQ_type": "",
      "_id": 1,
      "author_id": "not defined",
      "author_name": "Micky Lee",
      "helpful": "0",
      "polarity": "",
      "rate": 5,
      "response": "",
      "response_date": "",
      "review": "Good fun. Very realistic. Great graphics n sound. If u want a REAL flying challenge, this is the 1. (Unlike all other \"flight\" sims on play). Here's the only 1 that's worth it. Pity no full re-entry, but still brill as it is. I'm all 4 iss undock n re-enter n land...... Make it happen pl. Top job dev.",
      "review_date": [
        "February",
        "1",
        " 2015"
      ]
    },
    {
      "REQ_subtype": "",
      "REQ_type": "",
      "_id": 2,
      "author_id": "not defined",
      "author_name": "David Kiy",
      "helpful": "0",
      "polarity": "",
      "rate": 5,
      "response": "",
      "response_date": "",
      "review": "Simple idea, quick to learn, really hard to master! It's effectively a one-third pony, you land the shuttle. It's really well done and the amount of failure option and the skill needed to aquire a perfect landing provide replayability. Don't expect much else and you won't be disappointed. Graphics are great, radio chatter sounds authentic and watching a good landing is great. I would love to be able to do the re-entry sequence as well for the full effect, but this was money very well spent if you like flight sims or ever fancied being an astronaut. Thanks guys",
      "review_date": [
        "April",
        "23",
        " 2015"
      ]
    },
    {
      "REQ_subtype": "",
      "REQ_type": "",
      "_id": 3,
      "author_id": "not defined",
      "author_name": "Ather Mahmood",
      "helpful": "0",
      "polarity": "",
      "rate": 5,
      "response": "",
      "response_date": "",
      "review": "Great game design, fluid and smooth graphics, fantastic replays and challenging score system make this a winner. If I could ask for anything it would be to include the take off, orbit and re-entry phases, hehe but that's being greedy!!",
      "review_date": [
        "September",
        "28",
        " 2016"
      ]
    },
    {
      "REQ_subtype": "",
      "REQ_type": "",
      "_id": 4,
      "author_id": "not defined",
      "author_name": "Scott Barwell",
      "helpful": "0",
      "polarity": "",
      "rate": 5,
      "response": "",
      "response_date": "",
      "review": "Superb. Just the kind of game you want on a mobile. Instant pick up and play. Unfortunately the latest updates are giving me trouble on my Moto Xoom and S3 mini. Juddery replays, bugs... Such as chute being deployed whilst in flight and not being able to share via FB.",
      "review_date": [
        "January",
        "28",
        " 2014"
      ]
    },
    {
      "REQ_subtype": "",
      "REQ_type": "",
      "_id": 5,
      "author_id": "not defined",
      "author_name": "Greig Mcgregor",
      "helpful": "4",
      "polarity": "",
      "rate": 1,
      "response": "",
      "response_date": "",
      "review": "Game work OK when you are above the clouds but as soon as you pass through then the scenery just turns black and you crash almost instantly. Also a few of the camera modes are glitchy and make the game unplayable. Shame as I've wanted this game for ages but never owned a phone good enough to play it",
      "review_date": [
        "January",
        "25",
        " 2016"
      ]
    },
    {
      "REQ_subtype": "",
      "REQ_type": "",
      "_id": 6,
      "author_id": "not defined",
      "author_name": "Matt Rogerson",
      "helpful": "3",
      "polarity": "",
      "rate": 4,
      "response": "",
      "response_date": "",
      "review": "Odd bug when using the phones back button rather than the in-game back button. Or going back to the main menu during flight. Looks like the screen corrupts - need to restart the app to make it work again. But its a brilliant game - graphics audio and replays all brilliant!!",
      "review_date": [
        "May",
        "14",
        " 2014"
      ]
    },
    {
      "REQ_subtype": "",
      "REQ_type": "",
      "_id": 7,
      "author_id": "not defined",
      "author_name": "Brian Shafer",
      "helpful": "0",
      "polarity": "",
      "rate": 5,
      "response": "",
      "response_date": "",
      "review": "The only thing missing is the orange flight suit and helmet!  This sim looks just like the HUD in a shuttle cockpit in a YouTube video of an actual landing. Fun game and very challenging. I love the replay and landing analysis features.",
      "review_date": [
        "November",
        "12",
        " 2014"
      ]
    },
    {
      "REQ_subtype": "",
      "REQ_type": "",
      "_id": 8,
      "author_id": "not defined",
      "author_name": "Chris Peele",
      "helpful": "5",
      "polarity": "",
      "rate": 5,
      "response": "",
      "response_date": "",
      "review": "Best and only shuttle sim.. Would love to see a game go in the direction where there's a launch, ISS dock, and reentry sounds worth a $9.99 price point at least =D perhaps a similar Apollo launch and reentry sounds worth a $9.99 price point as well.. Just saying!! I got ideas!!",
      "review_date": [
        "May",
        "19",
        " 2015"
      ]
    },
    {
      "REQ_subtype": "",
      "REQ_type": "",
      "_id": 9,
      "author_id": "not defined",
      "author_name": "Quinten van der Werf",
      "helpful": "0",
      "polarity": "",
      "rate": 5,
      "response": "",
      "response_date": "",
      "review": "Beautiful graphics, Smith frame rates and precise controls. This is a hit to pickup and play. I'm not even that much into the space shuttle yet I love landing this thing.   Would love to see this company make a flight sim with the same graphics and controls. I would buy that in an instant.",
      "review_date": [
        "May",
        "7",
        " 2014"
      ]
    },
    {
      "REQ_subtype": "",
      "REQ_type": "",
      "_id": 10,
      "author_id": "not defined",
      "author_name": "THE DAMNED",
      "helpful": "3",
      "polarity": "",
      "rate": 5,
      "response": "",
      "response_date": "",
      "review": "Played this fine over the years on XperiaJ. Had cause to uninstall to make room on the fone. Now I have re installed it....what's with the broken,juddery sound?  Please fix this problem....turned off 3d audio and......no sound at all.",
      "review_date": [
        "August",
        "26",
        " 2014"
      ]
    },
    {
      "REQ_subtype": "",
      "REQ_type": "",
      "_id": 11,
      "author_id": "not defined",
      "author_name": "Simon Blackburn",
      "helpful": "2",
      "polarity": "",
      "rate": 4,
      "response": "",
      "response_date": "",
      "review": "I love this game and I've finally mastered how to perform a perfect \nlanding. The biggest problem is that when I reopen the app, all my previous \nlanding replays have gone from my previous session: even if I archive a \nlanding replay. Please fix this so it actually archives the footage and \nactually saves all landing scores.",
      "review_date": [
        "May",
        "22",
        " 2018"
      ]
    },
    {
      "REQ_subtype": "",
      "REQ_type": "",
      "_id": 12,
      "author_id": "not defined",
      "author_name": "Matt Mosher",
      "helpful": "0",
      "polarity": "",
      "rate": 5,
      "response": "",
      "response_date": "",
      "review": "The best sim on the google play store. Incredible graphics and feel. Very challenging. Can choose many different scenarios like day or night landing, alternate runway, cross winds, clouds, turbulence, malfunctions, air temp, air pressure and many more or you can do random scenarios. Very pleased.",
      "review_date": [
        "September",
        "19",
        " 2016"
      ]
    },
    {
      "REQ_subtype": "",
      "REQ_type": "",
      "_id": 13,
      "author_id": "not defined",
      "author_name": "A Google user",
      "helpful": "5",
      "polarity": "",
      "rate": 5,
      "response": "",
      "response_date": "",
      "review": "I have this on iPod touch Awesome fight sim. It's good on galaxy tab 10.1 However when coming in to land its very laggy on HTC One S but this is new to android and the developer's are quick to respond to people's comments soon it will be as polished as the iPod touch for example. Keep up the good work.",
      "review_date": [
        "September",
        "10",
        " 2014"
      ]
    },
    {
      "REQ_subtype": "",
      "REQ_type": "",
      "_id": 14,
      "author_id": "not defined",
      "author_name": "Emeka Atimomo",
      "helpful": "0",
      "polarity": "",
      "rate": 5,
      "response": "",
      "response_date": "",
      "review": "Great realistic game..could do with full re-entry for more challenging level. Gd wrk!  Bad point game play freeze...please fix Android OS",
      "review_date": [
        "March",
        "16",
        " 2014"
      ]
    },
    {
      "REQ_subtype": "",
      "REQ_type": "",
      "_id": 15,
      "author_id": "not defined",
      "author_name": "Faissal aka Md. Faisal Halim",
      "helpful": "0",
      "polarity": "",
      "rate": 5,
      "response": "",
      "response_date": "",
      "review": "This is by far the most subtly addictive game that I have played since Sid Meier and Brian Reynold's Alpha Centauri, for the PC, from over 12 years ago. There is simply so much to explore, and so much joy to derive from the myriads of circumstamces pertaining to a seemingly simple task! This game is simply elegant -- not mere eye candy, but a game that's simply absorbing and demanding in it's play. I can actually feel my heart racing, and myself all but going into a breathless, asphyxiating high from this.",
      "review_date": [
        "March",
        "12",
        " 2014"
      ]
    },
    {
      "REQ_subtype": "",
      "REQ_type": "",
      "_id": 16,
      "author_id": "not defined",
      "author_name": "Jan-Philipp Lauer",
      "helpful": "0",
      "polarity": "",
      "rate": 5,
      "response": "",
      "response_date": "",
      "review": "The simulation seems really accurate and the game is great fun for any pilot. Something seems to be off with the achievements though. I landed the shuttle successfully with the speedbrake stuck at 81% and the guidance inop, however, I received neither achievement. It also needs to be clarified what constitutes a full approach for the full approach landing achievement - I did a perfect landing on a \"full\" approach that was not counted as a full approach.",
      "review_date": [
        "May",
        "18",
        " 2014"
      ]
    },
    {
      "REQ_subtype": "",
      "REQ_type": "",
      "_id": 17,
      "author_id": "not defined",
      "author_name": "Jimmy Su",
      "helpful": "8",
      "polarity": "",
      "rate": 5,
      "response": "",
      "response_date": "",
      "review": "Adding the chute to an already good app is awesome. However, After updating the latest version I am unable to open app. Please help. Thankyou very much for updating app. Can play now without problem. Appreciate your prompt attention.",
      "review_date": [
        "January",
        "29",
        " 2014"
      ]
    },
    {
      "REQ_subtype": "",
      "REQ_type": "",
      "_id": 18,
      "author_id": "not defined",
      "author_name": "Tj Freeman",
      "helpful": "6",
      "polarity": "",
      "rate": 5,
      "response": "",
      "response_date": "",
      "review": "This game is not for amateurs. Your piloting skills will be pushed to the limts in every aspect. If you thought landing a normal aircraft is difficult, then perhaps this game isn't for you. Mayday emergency landing is a good foundation and will prepare you for landing a shuttle in this sim.",
      "review_date": [
        "July",
        "3",
        " 2014"
      ]
    },
    {
      "REQ_subtype": "",
      "REQ_type": "",
      "_id": 19,
      "author_id": "not defined",
      "author_name": "Tom P",
      "helpful": "4",
      "polarity": "",
      "rate": 4,
      "response": "",
      "response_date": "",
      "review": "On my galaxy tab 4 7.0, there is graphic corruption.  On each side of hud, the graphics are folded up, creating a tunnel effect.  Other than that, it's great.  My other devices work fine.",
      "review_date": [
        "August",
        "28",
        " 2014"
      ]
    },
    {
      "REQ_subtype": "",
      "REQ_type": "",
      "_id": 20,
      "author_id": "not defined",
      "author_name": "Jesus Krist",
      "helpful": "0",
      "polarity": "",
      "rate": 4,
      "response": "",
      "response_date": "",
      "review": "I love this game, I really wish the scope of shuttle operation was greater than just landing post reentry phase. It would be fun to see another release that involves launch and orbital insertion, perhaps even orbital maneuver. Thanks for this great sim and the menu is glitchy on my samsung tab 3 fyi",
      "review_date": [
        "August",
        "11",
        " 2014"
      ]
    },
    {
      "REQ_subtype": "",
      "REQ_type": "",
      "_id": 21,
      "author_id": "not defined",
      "author_name": "Zachary Yeager",
      "helpful": "5",
      "polarity": "",
      "rate": 5,
      "response": "",
      "response_date": "",
      "review": "I think the hardest thing ive come across is setting the thing down easy, less than 5m/s v/s. I know the pilots dont have one but a V/S indicator would be nice",
      "review_date": [
        "May",
        "22",
        " 2014"
      ]
    },
    {
      "REQ_subtype": "",
      "REQ_type": "",
      "_id": 22,
      "author_id": "not defined",
      "author_name": "Tito Bandito",
      "helpful": "0",
      "polarity": "",
      "rate": 1,
      "response": "",
      "response_date": "",
      "review": "$4.99 to land the Space Shuttle on limited aproach??? I must have been out of my mind! Don't buy it you will be bored in 2 days.",
      "review_date": [
        "September",
        "4",
        " 2017"
      ]
    },
    {
      "REQ_subtype": "",
      "REQ_type": "",
      "_id": 23,
      "author_id": "not defined",
      "author_name": "Stephen Joines",
      "helpful": "0",
      "polarity": "",
      "rate": 5,
      "response": "",
      "response_date": "",
      "review": "I am speechless! Such a hard but enjoyable simulator. Great graphics and sound effects. I have had the app close a couple of times during play but the game is that good it doesnt bother me.",
      "review_date": [
        "April",
        "13",
        " 2015"
      ]
    },
    {
      "REQ_subtype": "",
      "REQ_type": "",
      "_id": 24,
      "author_id": "not defined",
      "author_name": "Derrick Spagnola",
      "helpful": "0",
      "polarity": "",
      "rate": 1,
      "response": "",
      "response_date": "",
      "review": "I want my money back, played it for 5 minutes and all you do is glide down. What about 're entry and all that.",
      "review_date": [
        "October",
        "31",
        " 2014"
      ]
    },
    {
      "REQ_subtype": "",
      "REQ_type": "",
      "_id": 25,
      "author_id": "not defined",
      "author_name": "Conor Knoyle",
      "helpful": "0",
      "polarity": "",
      "rate": 5,
      "response": "",
      "response_date": "",
      "review": "This app is the best simulator app I've ever seen, the sound effects are brilliant but... We haven't had an update since January and it is getting a bit old as I've have made it harder for myself but scores are too confusing maybe if the score was out of 10, other than that it is a brilliant app.",
      "review_date": [
        "June",
        "11",
        " 2014"
      ]
    },
    {
      "REQ_subtype": "",
      "REQ_type": "",
      "_id": 26,
      "author_id": "not defined",
      "author_name": "Angel Fern",
      "helpful": "7",
      "polarity": "",
      "rate": 5,
      "response": "",
      "response_date": "",
      "review": "This App delivers full detail to landing a American Space Shuttle. With Amazing Graphics And Good Physics. This App Could Not Be Any Better. With No Exceptions I Would Pitch in The .99 Cents.",
      "review_date": [
        "June",
        "11",
        " 2014"
      ]
    },
    {
      "REQ_subtype": "",
      "REQ_type": "",
      "_id": 27,
      "author_id": "not defined",
      "author_name": "Tolga Seref KAYA",
      "helpful": "1",
      "polarity": "",
      "rate": 5,
      "response": "",
      "response_date": "",
      "review": "I've been playing this game since long time. Even though I encounter some black screen issues since last update, this is the game I'll never drop away. 5 star for all improvements that's been done until now.",
      "review_date": [
        "July",
        "16",
        " 2014"
      ]
    },
    {
      "REQ_subtype": "",
      "REQ_type": "",
      "_id": 28,
      "author_id": "not defined",
      "author_name": "Joe Stapp",
      "helpful": "0",
      "polarity": "",
      "rate": 5,
      "response": "",
      "response_date": "",
      "review": "I play this a lot. The graphics are great and is challenging. The only downside is the need to be nearly perfect to not crash. However, same thing applies when you're flying the real thing",
      "review_date": [
        "July",
        "17",
        " 2015"
      ]
    },
    {
      "REQ_subtype": "",
      "REQ_type": "",
      "_id": 29,
      "author_id": "not defined",
      "author_name": "Kevin Snellgrove",
      "helpful": "3",
      "polarity": "",
      "rate": 5,
      "response": "",
      "response_date": "",
      "review": "Really enjoy this game, I have a minor issue sometimes where the screen goes black once a landing has finished and I try going through the menu. Not a big problem, I just terminate the application in the phones application menu and relaunch",
      "review_date": [
        "July",
        "28",
        " 2014"
      ]
    },
    {
      "REQ_subtype": "",
      "REQ_type": "",
      "_id": 30,
      "author_id": "not defined",
      "author_name": "Witold Witkowski",
      "helpful": "0",
      "polarity": "",
      "rate": 5,
      "response": "",
      "response_date": "",
      "review": "I've gotten higher scores, better statistics, and better overall landings without the glide slope. Something tells me that the physics aren't working really well.  I turned up the failures to all, and a super steep glide with heavy flare is too easy to do. Those elevons are not that big. Never flown the real shuttle, but the CG feels odd too.   I\"ve also noticed that there is very little in terms of ground-effect. For such a large delta wing, you'd expect more coming out of a steep flare, but there isn't much in the way of float under mild AOA at less than a wingspan of altitude.   Don't get me wrong, its great fun, and super addicting. Just don't think its realistic.",
      "review_date": [
        "August",
        "15",
        " 2014"
      ]
    },
    {
      "REQ_subtype": "",
      "REQ_type": "",
      "_id": 31,
      "author_id": "not defined",
      "author_name": "Mark Dack",
      "helpful": "2",
      "polarity": "",
      "rate": 5,
      "response": "",
      "response_date": "",
      "review": "You have to try and land the space shuttle the best way you can. I would like it even more if there was more radio chatter I love that stuff and maybe put some failures that need you guided in by a pair of F-35,s he'll yeah",
      "review_date": [
        "July",
        "11",
        " 2015"
      ]
    },
    {
      "REQ_subtype": "",
      "REQ_type": "",
      "_id": 32,
      "author_id": "not defined",
      "author_name": "Sgt Debo",
      "helpful": "2",
      "polarity": "",
      "rate": 5,
      "response": "",
      "response_date": "",
      "review": "This is by far the most impossible sim to fly and get a good landing great landing and perfect landing....   Today.  I finally got my very first perfect landing...  Theres not a flight sim alive for a phone that can beat this....  Love it 100%   lets see how much better this can get..",
      "review_date": [
        "July",
        "20",
        " 2016"
      ]
    },
    {
      "REQ_subtype": "",
      "REQ_type": "",
      "_id": 33,
      "author_id": "not defined",
      "author_name": "Jeremy Lay",
      "helpful": "1",
      "polarity": "",
      "rate": 1,
      "response": "",
      "response_date": "",
      "review": "It would be a lot better if there was the re-enter part as well. Why is there never any updates?  No new features nothing new.  It's getting very boring",
      "review_date": [
        "June",
        "29",
        " 2016"
      ]
    },
    {
      "REQ_subtype": "",
      "REQ_type": "",
      "_id": 34,
      "author_id": "not defined",
      "author_name": "Mike Kellaway",
      "helpful": "3",
      "polarity": "",
      "rate": 5,
      "response": "",
      "response_date": "",
      "review": "Sensitive controls allow very accurate flying. Accurate modeling of aerodynamics include induced drag effects, realistic stall/spin characteristics and stall recovery, also ground effect evident. Graphics are great with multiple camera angles and playback too. Thanks to developers for a wonderful app.",
      "review_date": [
        "May",
        "15",
        " 2015"
      ]
    },
    {
      "REQ_subtype": "",
      "REQ_type": "",
      "_id": 35,
      "author_id": "not defined",
      "author_name": "Aa Bn",
      "helpful": "1",
      "polarity": "",
      "rate": 1,
      "response": "",
      "response_date": "",
      "review": "Was a great game until update. Needs fixes, locks up, or runs super slow.",
      "review_date": [
        "August",
        "27",
        " 2016"
      ]
    },
    {
      "REQ_subtype": "",
      "REQ_type": "",
      "_id": 36,
      "author_id": "not defined",
      "author_name": "A. W. Sauls",
      "helpful": "0",
      "polarity": "",
      "rate": 5,
      "response": "",
      "response_date": "",
      "review": "Top Shelf \ud83d\ude0e .. Hasn't been updated for almost three years now and still THE BEST SIMULATOR for its genre, with Leaderboards and Flight recording. Thousands of hours of seemingly unending variables to land. Absolutely THE MOST realistic flight simulator I've had. The HUD and flight dynamics are the best. With programmable variables for Landing AND Weather AND System Fails, this is hands down the best in Sim programming, progressive in its release, and staying power in its continuing challenge to touchdown",
      "review_date": [
        "February",
        "20",
        " 2017"
      ]
    },
    {
      "REQ_subtype": "",
      "REQ_type": "",
      "_id": 37,
      "author_id": "not defined",
      "author_name": "Ed Leinheiser",
      "helpful": "5",
      "polarity": "",
      "rate": 5,
      "response": "",
      "response_date": "",
      "review": "Just going along for a ride is awesome and worth the money for me. Fun trying to land the first bunch of times,  and as you get more comfortable flying it becomes easier. It's been awhile since I've thought a game was this cool.  It's a great experience to land the shuttle after seeing so many landings and always wondering what it's like. It's done so well and clean that it's easily worth the cost.  Fly and land the shuttle just like you imagined when you were a kid,  thanks for bringing this to android!!!",
      "review_date": [
        "June",
        "27",
        " 2014"
      ]
    },
    {
      "REQ_subtype": "",
      "REQ_type": "",
      "_id": 38,
      "author_id": "not defined",
      "author_name": "Sean Noble",
      "helpful": "0",
      "polarity": "",
      "rate": 2,
      "response": "",
      "response_date": "",
      "review": "So am I missing something or is this strictly a landing simulator and not a space flight simulator as the title says? Please if I am missing something point it out to me. If I am not missing anything and this is just a landing sim then I feel completely ripped off. Can u please help me?",
      "review_date": [
        "December",
        "24",
        " 2014"
      ]
    },
    {
      "REQ_subtype": "",
      "REQ_type": "",
      "_id": 39,
      "author_id": "not defined",
      "author_name": "Bobby Newsom",
      "helpful": "0",
      "polarity": "",
      "rate": 5,
      "response": "",
      "response_date": "",
      "review": "This is a fun simulator that is addictive for such a seemingly simple concept. I have never had a problem with crashes and it runs smoothly. I prefer to use tilt top control it but you can use on screen buttons to do it, and both work just fine. Great game!",
      "review_date": [
        "June",
        "20",
        " 2014"
      ]
    },
    {
      "REQ_subtype": "",
      "REQ_type": "",
      "_id": 40,
      "author_id": "not defined",
      "author_name": "Francisco Esperon",
      "helpful": "3",
      "polarity": "",
      "rate": 4,
      "response": "",
      "response_date": "",
      "review": "Very well done couldn't complain. It would be interesting if you guys had the option where you could start from the point where earths atmosphere meets space and you try not to burn up while descending in your glide slope path to the runway. But still done very well, good if you have a decent amount of free time.",
      "review_date": [
        "April",
        "24",
        " 2014"
      ]
    },
    {
      "REQ_subtype": "",
      "REQ_type": "",
      "_id": 41,
      "author_id": "not defined",
      "author_name": "Jerry Gaddy",
      "helpful": "3",
      "polarity": "",
      "rate": 5,
      "response": "",
      "response_date": "",
      "review": "The game won't let me fly i loved it at first thow. It's still a good game I would get it if I was you.     :)",
      "review_date": [
        "July",
        "19",
        " 2015"
      ]
    },
    {
      "REQ_subtype": "",
      "REQ_type": "",
      "_id": 42,
      "author_id": "not defined",
      "author_name": "Ian Bradshaw",
      "helpful": "0",
      "polarity": "",
      "rate": 5,
      "response": "",
      "response_date": "",
      "review": "This is an outstanding sim that i will never get bored with. I personally cannot find any faults to complain about, but hope tbat one day i can land from a greater orbit....fron re-entry.",
      "review_date": [
        "October",
        "22",
        " 2017"
      ]
    },
    {
      "REQ_subtype": "",
      "REQ_type": "",
      "_id": 43,
      "author_id": "not defined",
      "author_name": "A Google user",
      "helpful": "0",
      "polarity": "",
      "rate": 3,
      "response": "",
      "response_date": "",
      "review": "I've noticed that no matter the rating, the first one is always 5 stars. Pretty intelligence insulting if you ask me. I only read negative ratings and never positive ones.",
      "review_date": [
        "September",
        "7",
        " 2014"
      ]
    },
    {
      "REQ_subtype": "",
      "REQ_type": "",
      "_id": 44,
      "author_id": "not defined",
      "author_name": "Joel Walker",
      "helpful": "0",
      "polarity": "",
      "rate": 4,
      "response": "",
      "response_date": "",
      "review": "Very nice sim, very realistic, but too sensitive by default. I tried to change to joystick mode, but it crashed. Otherwise very good app!",
      "review_date": [
        "June",
        "2",
        " 2014"
      ]
    },
    {
      "REQ_subtype": "",
      "REQ_type": "",
      "_id": 45,
      "author_id": "not defined",
      "author_name": "Aaran Walker",
      "helpful": "1",
      "polarity": "",
      "rate": 4,
      "response": "",
      "response_date": "",
      "review": "I was looking at 3 stars but gave it 4 because of the graphics and realism. Would like to give 5 but this app lacks longer missions. Would be better if there was a re-entry mission from orbit. Would be even better if there was a mission from launchpad to re-entry. That would take a lot to write the app program but I would buy it no matter the cost.",
      "review_date": [
        "November",
        "26",
        " 2015"
      ]
    },
    {
      "REQ_subtype": "",
      "REQ_type": "",
      "_id": 46,
      "author_id": "not defined",
      "author_name": "Peter Slater",
      "helpful": "1",
      "polarity": "",
      "rate": 1,
      "response": "",
      "response_date": "",
      "review": "Samsung Galaxy Core Prime, Android 5.1.1  .... says error message \"Wrong Package! ETC Compression Package required\". Sent support email months ago but heard nothing!    Trying to run on Samsung Galaxy Core Prime SM-G361F.",
      "review_date": [
        "January",
        "19",
        " 2016"
      ]
    },
    {
      "REQ_subtype": "",
      "REQ_type": "",
      "_id": 47,
      "author_id": "not defined",
      "author_name": "Victor Wood",
      "helpful": "1",
      "polarity": "",
      "rate": 4,
      "response": "",
      "response_date": "",
      "review": "Great job on your app but it could  be a start point from space like for a Re-entering that way I or someone could get the feeling of space just putting it out there something to look into.",
      "review_date": [
        "September",
        "5",
        " 2015"
      ]
    },
    {
      "REQ_subtype": "",
      "REQ_type": "",
      "_id": 48,
      "author_id": "not defined",
      "author_name": "Bibin Thomas",
      "helpful": "1",
      "polarity": "",
      "rate": 3,
      "response": "",
      "response_date": "",
      "review": "Hi I purchaced this game. But there was a popup that showing unlicenced copy when try to play. Then  uninstalled the app and the amount refunded. Then I purchaced again. But unlicensed copy popup came again. Now I want to refund and uninstall the app. But there is no option for refund.please help",
      "review_date": [
        "February",
        "6",
        " 2017"
      ]
    },
    {
      "REQ_subtype": "",
      "REQ_type": "",
      "_id": 49,
      "author_id": "not defined",
      "author_name": "Jason Wheeler",
      "helpful": "0",
      "polarity": "",
      "rate": 5,
      "response": "",
      "response_date": "",
      "review": "I love all kinds of flight Sims, and having a good time killer on my phone is always great, Im not a big fan of casual phone games, so this has enough to keep me entertained. I agree with another review, would be awesome if you were able to start outside of the earth's atmosphere, and was able to reenter. I like how it's quick to get started, and requires some thought to land, I am experiencing a bug where the screen goes black after you land. Other then that it's awesome",
      "review_date": [
        "April",
        "1",
        " 2015"
      ]
    },
    {
      "REQ_subtype": "",
      "REQ_type": "",
      "_id": 50,
      "author_id": "not defined",
      "author_name": "daniel proudfoot",
      "helpful": "0",
      "polarity": "",
      "rate": 3,
      "response": "",
      "response_date": "",
      "review": "Its alright, but its not 4.99 good. If you had more then 2 airstrips and more then just landing it could be 4.99 worthy.",
      "review_date": [
        "June",
        "17",
        " 2014"
      ]
    },
    {
      "REQ_subtype": "",
      "REQ_type": "",
      "_id": 51,
      "author_id": "not defined",
      "author_name": "Rob Kalb",
      "helpful": "0",
      "polarity": "",
      "rate": 5,
      "response": "",
      "response_date": "",
      "review": "Impressive instrumentation and control response. Being a pilot the only thing missing is the stick pedals and sensation you feel in your seat while you're in the aircraft. Other than that it's quite realistic.",
      "review_date": [
        "October",
        "23",
        " 2017"
      ]
    },
    {
      "REQ_subtype": "",
      "REQ_type": "",
      "_id": 52,
      "author_id": "not defined",
      "author_name": "A Google user",
      "helpful": "0",
      "polarity": "",
      "rate": 5,
      "response": "",
      "response_date": "",
      "review": "The only thing that could possibly be better than this is if it were augmented with any of the launch aborts.  A return to launch site abort (RTLS)  would be spectacular!",
      "review_date": [
        "September",
        "23",
        " 2015"
      ]
    },
    {
      "REQ_subtype": "",
      "REQ_type": "",
      "_id": 53,
      "author_id": "not defined",
      "author_name": "DM Noza",
      "helpful": "0",
      "polarity": "",
      "rate": 1,
      "response": "",
      "response_date": "",
      "review": "Oops, waste of $4.99 does not give you controls like you would think! Great rip off of techies!",
      "review_date": [
        "December",
        "19",
        " 2015"
      ]
    },
    {
      "REQ_subtype": "",
      "REQ_type": "",
      "_id": 54,
      "author_id": "not defined",
      "author_name": "Christopher Dillard",
      "helpful": "0",
      "polarity": "",
      "rate": 5,
      "response": "",
      "response_date": "",
      "review": "Been playing this for a long time now I wished there could be more like doing an actual reentry and other in space stuff maybe even docking with the international space station. This creator has remarkable graphics. Wished he would do more I would be willing to pay for add-ons.",
      "review_date": [
        "October",
        "24",
        " 2015"
      ]
    },
    {
      "REQ_subtype": "",
      "REQ_type": "",
      "_id": 55,
      "author_id": "not defined",
      "author_name": "Dan Diaz",
      "helpful": "0",
      "polarity": "",
      "rate": 5,
      "response": "",
      "response_date": "",
      "review": "Too bad u cant actually see the chute deploy. Cool game overall.",
      "review_date": [
        "February",
        "7",
        " 2015"
      ]
    },
    {
      "REQ_subtype": "",
      "REQ_type": "",
      "_id": 56,
      "author_id": "not defined",
      "author_name": "Junghwan Lee",
      "helpful": "0",
      "polarity": "",
      "rate": 4,
      "response": "",
      "response_date": "",
      "review": "Where is wheather setting, degree setting, airport selection? Did you guys taking out? Or only for ios version?",
      "review_date": [
        "April",
        "14",
        " 2015"
      ]
    },
    {
      "REQ_subtype": "",
      "REQ_type": "",
      "_id": 57,
      "author_id": "not defined",
      "author_name": "Christopher Whaley",
      "helpful": "0",
      "polarity": "",
      "rate": 4,
      "response": "",
      "response_date": "",
      "review": "The only thing I'm concerned with is I see no control surface movement and I have no control over my speed brakes, its just very automated if this was put into the game I feel like it'll would be beneficial, one other thing I have noticed people pushing to get orbital manuevers..that would be sweet! Also, if the radio would give you actual feedback during your approach that would also be very helpful. Otherwise, a fantastic view, and a really great start to a mobile space shuttle flight simulator. Thank you",
      "review_date": [
        "December",
        "8",
        " 2016"
      ]
    },
    {
      "REQ_subtype": "",
      "REQ_type": "",
      "_id": 58,
      "author_id": "not defined",
      "author_name": "Jason Gray",
      "helpful": "10",
      "polarity": "",
      "rate": 3,
      "response": "",
      "response_date": "",
      "review": "I just wish you could take off enter space re-enter atmosphere and then land so you could have a full experience of the spaceshutle",
      "review_date": [
        "January",
        "28",
        " 2014"
      ]
    },
    {
      "REQ_subtype": "",
      "REQ_type": "",
      "_id": 59,
      "author_id": "not defined",
      "author_name": "Julian Race",
      "helpful": "0",
      "polarity": "",
      "rate": 5,
      "response": "",
      "response_date": "",
      "review": "You can't beat this, I've had it for years and it's never failed me, always speedy, amazing graphics and so well made! It would be great to see the developer making similar apps with various aeroplanes and scenarios with a similar extraordinary detail and excitement as this one!",
      "review_date": [
        "April",
        "30",
        " 2016"
      ]
    },
    {
      "REQ_subtype": "",
      "REQ_type": "",
      "_id": 60,
      "author_id": "not defined",
      "author_name": "Jimmy Pailin",
      "helpful": "0",
      "polarity": "",
      "rate": 5,
      "response": "",
      "response_date": "",
      "review": "...takes a lot of practice, but even with significant needed focus is still a mellow yet interesting game. Quite excellent.",
      "review_date": [
        "June",
        "20",
        " 2016"
      ]
    },
    {
      "REQ_subtype": "",
      "REQ_type": "",
      "_id": 61,
      "author_id": "not defined",
      "author_name": "carolsboy",
      "helpful": "1",
      "polarity": "",
      "rate": 5,
      "response": "",
      "response_date": "",
      "review": "Love the attention to details... can't stop playing. Even completed a complete roll and still brought her in for a hard landing.",
      "review_date": [
        "December",
        "28",
        " 2015"
      ]
    },
    {
      "REQ_subtype": "",
      "REQ_type": "",
      "_id": 62,
      "author_id": "not defined",
      "author_name": "Gary Allport",
      "helpful": "0",
      "polarity": "",
      "rate": 5,
      "response": "",
      "response_date": "",
      "review": "I THOUGHT THIS SIM IS HARD TO GET A PERFECT LANDING AND I MUST SAY IT'S THE BEST FLIGHT SIM YOU CAN GET BUT IF YOU'VE NOT GOT IT TRY OUT MAYDAY I'M FINDING THAT GAME HARDER TO LAND DIFFERENT PLANES TO GET SAFELY ON THE GROUND  IF YOU LIKE A CHALLENGE GET MAYDAY.",
      "review_date": [
        "July",
        "15",
        " 2014"
      ]
    },
    {
      "REQ_subtype": "",
      "REQ_type": "",
      "_id": 63,
      "author_id": "not defined",
      "author_name": "Chad Faul",
      "helpful": "1",
      "polarity": "",
      "rate": 4,
      "response": "",
      "response_date": "",
      "review": "I can't control gyro on any device. Help? Crashes head 1st lol",
      "review_date": [
        "November",
        "15",
        " 2015"
      ]
    },
    {
      "REQ_subtype": "",
      "REQ_type": "",
      "_id": 64,
      "author_id": "not defined",
      "author_name": "mark trenkamp",
      "helpful": "0",
      "polarity": "",
      "rate": 2,
      "response": "",
      "response_date": "",
      "review": "Virtually nothing interactive.  No switches to flip, no buttons to push, almost nothing to do but tilt your device back and forth. I have the full Shuttle Simulator at home, and it is AWESOME!  I expected so much more than this. I wish I could get my money back! The two stars are for the excellent graphics. There needs to be more to do. Maybe start in orbit, have active switches on the consoles, just something more than tilt your device. Note 8.0",
      "review_date": [
        "December",
        "16",
        " 2014"
      ]
    },
    {
      "REQ_subtype": "",
      "REQ_type": "",
      "_id": 65,
      "author_id": "not defined",
      "author_name": "A Google user",
      "helpful": "0",
      "polarity": "",
      "rate": 5,
      "response": "",
      "response_date": "",
      "review": "Excellent detail, easy learning curve. My crew survived my first landing.",
      "review_date": [
        "October",
        "15",
        " 2014"
      ]
    },
    {
      "REQ_subtype": "",
      "REQ_type": "",
      "_id": 66,
      "author_id": "not defined",
      "author_name": "Siskin x",
      "helpful": "0",
      "polarity": "",
      "rate": 5,
      "response": "",
      "response_date": "",
      "review": "When chasing the perfect landing gets repetitive,  you can always get it into a spin then recover at the last second for a perfect touchdown lol.  Doing this never gets old.",
      "review_date": [
        "September",
        "3",
        " 2016"
      ]
    },
    {
      "REQ_subtype": "",
      "REQ_type": "",
      "_id": 67,
      "author_id": "not defined",
      "author_name": "Talmage Davis",
      "helpful": "0",
      "polarity": "",
      "rate": 5,
      "response": "",
      "response_date": "",
      "review": "Love this app. My third time to install it. It's just such a good feeling to make even a 'safe landing', not to mention the elusive 'perfect landing'. Anyone  Interested in flight should experience this app.",
      "review_date": [
        "August",
        "15",
        " 2016"
      ]
    },
    {
      "REQ_subtype": "",
      "REQ_type": "",
      "_id": 68,
      "author_id": "not defined",
      "author_name": "Adrian Wooldridge",
      "helpful": "0",
      "polarity": "",
      "rate": 5,
      "response": "",
      "response_date": "",
      "review": "I LOVE the new 3d sound effects but the recording for upload takes too long and locks up.",
      "review_date": [
        "February",
        "15",
        " 2014"
      ]
    },
    {
      "REQ_subtype": "",
      "REQ_type": "",
      "_id": 69,
      "author_id": "not defined",
      "author_name": "Andrew Bartczak",
      "helpful": "0",
      "polarity": "",
      "rate": 5,
      "response": "",
      "response_date": "",
      "review": "I really enjoy this sim. I realize that an android app might be limited in its scope, but I'd love to see a more advanced version incorporating the full shuttle flight as in orbiter on the PC.  The visuals in this sim are stunning and the flight model seems quite realistic.  Keep up the great work!!",
      "review_date": [
        "June",
        "28",
        " 2015"
      ]
    },
    {
      "REQ_subtype": "",
      "REQ_type": "",
      "_id": 70,
      "author_id": "not defined",
      "author_name": "Talmadge Davis",
      "helpful": "0",
      "polarity": "",
      "rate": 5,
      "response": "",
      "response_date": "",
      "review": "Breathtakingly beautiful. I'm in awe. It's taken me some time to get my first 'safe landing' and I'm thrilled. It's no cakewalk...get ready for some work.",
      "review_date": [
        "May",
        "10",
        " 2015"
      ]
    },
    {
      "REQ_subtype": "",
      "REQ_type": "",
      "_id": 71,
      "author_id": "not defined",
      "author_name": "Seattle Rex",
      "helpful": "0",
      "polarity": "",
      "rate": 5,
      "response": "",
      "response_date": "",
      "review": "Very realistic and enjoyable sim. One of my all time favorites,  and I pretty much hate everything.",
      "review_date": [
        "September",
        "12",
        " 2016"
      ]
    },
    {
      "REQ_subtype": "",
      "REQ_type": "",
      "_id": 72,
      "author_id": "not defined",
      "author_name": "J Carlos Santiago",
      "helpful": "0",
      "polarity": "",
      "rate": 5,
      "response": "",
      "response_date": "",
      "review": "Best simulator ever, 3D sounds is amazing only problem I found is a bug when returning to main menu,  the screen turns all dark and not available to see the options. Please fix it.  Thanks \ud83d\ude01",
      "review_date": [
        "July",
        "20",
        " 2014"
      ]
    },
    {
      "REQ_subtype": "",
      "REQ_type": "",
      "_id": 73,
      "author_id": "not defined",
      "author_name": "David Pauker",
      "helpful": "0",
      "polarity": "",
      "rate": 5,
      "response": "",
      "response_date": "",
      "review": "This is my very favorite flight simulation app.All the others will need light years to even come close.This one will put you on the edge of your seat!I'm still shooting for a 800,000 score for a perfect landing. The realism is awesome.I totally love this!! Bravo to the guys that created this!!Thanks for so much fun!!",
      "review_date": [
        "February",
        "23",
        " 2015"
      ]
    },
    {
      "REQ_subtype": "",
      "REQ_type": "",
      "_id": 74,
      "author_id": "not defined",
      "author_name": "Stuart Jagoda",
      "helpful": "0",
      "polarity": "",
      "rate": 5,
      "response": "",
      "response_date": "",
      "review": "Better then a sex for 1  either way you crash and burn",
      "review_date": [
        "January",
        "4",
        " 2015"
      ]
    },
    {
      "REQ_subtype": "",
      "REQ_type": "",
      "_id": 75,
      "author_id": "not defined",
      "author_name": "Peter gar",
      "helpful": "0",
      "polarity": "",
      "rate": 4,
      "response": "",
      "response_date": "",
      "review": "Overall this is a fun game. I hopes that the levels started out in outer space and the controls were back to default when starting a new level but overall just a fun game to kill time",
      "review_date": [
        "February",
        "25",
        " 2014"
      ]
    },
    {
      "REQ_subtype": "",
      "REQ_type": "",
      "_id": 76,
      "author_id": "not defined",
      "author_name": "A Google user",
      "helpful": "0",
      "polarity": "",
      "rate": 4,
      "response": "",
      "response_date": "",
      "review": "All bugs seem to be eradicated. I love when developers come out with great updates. This is one of them, no bugs, plays well, starts and shuts down quickly.",
      "review_date": [
        "September",
        "18",
        " 2014"
      ]
    },
    {
      "REQ_subtype": "",
      "REQ_type": "",
      "_id": 77,
      "author_id": "not defined",
      "author_name": "david becerra",
      "helpful": "0",
      "polarity": "",
      "rate": 1,
      "response": "",
      "response_date": "",
      "review": "It sucks all you can do is try to land the shuttle this game is not worth 5 bucks Save your money for better , too bad there's no 0 stars",
      "review_date": [
        "August",
        "10",
        " 2015"
      ]
    },
    {
      "REQ_subtype": "",
      "REQ_type": "",
      "_id": 78,
      "author_id": "not defined",
      "author_name": "Azizi Cupid",
      "helpful": "0",
      "polarity": "",
      "rate": 4,
      "response": "",
      "response_date": "",
      "review": "This just feels right. The flight dynamics and the graphics are yup notch! I recently watched a YouTube video of a shuttle landing and the HUD was accurate. It's hard to get a high score, but it's still a great challenge!",
      "review_date": [
        "September",
        "6",
        " 2014"
      ]
    },
    {
      "REQ_subtype": "",
      "REQ_type": "",
      "_id": 79,
      "author_id": "not defined",
      "author_name": "Mick Mace",
      "helpful": "0",
      "polarity": "",
      "rate": 3,
      "response": "",
      "response_date": "",
      "review": "Have played on iPhone since first released and the android version needs a lot of tweaking to get it to iOS level. Slow load, doesn't hold cockpit adjustments and no load screen are just a couple of problems that compound the high purchase price",
      "review_date": [
        "January",
        "31",
        " 2014"
      ]
    },
    {
      "REQ_subtype": "",
      "REQ_type": "",
      "_id": 80,
      "author_id": "not defined",
      "author_name": "Mark Griffin",
      "helpful": "0",
      "polarity": "",
      "rate": 5,
      "response": "",
      "response_date": "",
      "review": "Best sim ever in my opinion. Would be nice to get another upgrade, maybe different times of day, hourly light changes or actual weather such as rain or mist. No complaints though, fantastic game",
      "review_date": [
        "September",
        "28",
        " 2017"
      ]
    },
    {
      "REQ_subtype": "",
      "REQ_type": "",
      "_id": 81,
      "author_id": "not defined",
      "author_name": "--",
      "helpful": "0",
      "polarity": "",
      "rate": 1,
      "response": "",
      "response_date": "",
      "review": "Waste of $5,  very boring same landing over and over, same lame guy repeating himself again and again, inside cockpit view looks very fake, on every landing you get a flat tire",
      "review_date": [
        "January",
        "29",
        " 2015"
      ]
    },
    {
      "REQ_subtype": "",
      "REQ_type": "",
      "_id": 82,
      "author_id": "not defined",
      "author_name": "Jack Murray",
      "helpful": "0",
      "polarity": "",
      "rate": 5,
      "response": "",
      "response_date": "",
      "review": "Getting them perfect landings!! I have this app with five years now (on different devices) and STILL attached to it. Very realistic and smooth controls, by far the funnest simulation game on Google Play in my opinion.",
      "review_date": [
        "June",
        "20",
        " 2017"
      ]
    },
    {
      "REQ_subtype": "",
      "REQ_type": "",
      "_id": 83,
      "author_id": "not defined",
      "author_name": "A Google user",
      "helpful": "1",
      "polarity": "",
      "rate": 5,
      "response": "",
      "response_date": "",
      "review": "This app has been abandoned by the developer and is not being updated and issues are not being addressed.",
      "review_date": [
        "October",
        "28",
        " 2017"
      ]
    },
    {
      "REQ_subtype": "",
      "REQ_type": "",
      "_id": 84,
      "author_id": "not defined",
      "author_name": "A Person",
      "helpful": "0",
      "polarity": "",
      "rate": 5,
      "response": "",
      "response_date": "",
      "review": "Nice runway and approach pattern selections. Replay is nice. I like the stats/scores. I Would LOVE to see a Update  that includes a decent from low Earth orbit(Space). Great graphics, aerodynamics. Finally a realistic Sim! Note3.",
      "review_date": [
        "August",
        "21",
        " 2015"
      ]
    },
    {
      "REQ_subtype": "",
      "REQ_type": "",
      "_id": 85,
      "author_id": "not defined",
      "author_name": "A Google user",
      "helpful": "2",
      "polarity": "",
      "rate": 5,
      "response": "",
      "response_date": "",
      "review": "This is, by far, the best sim for a phone. You would expect this quality on a computer.  Well done.   ! Update - the upgrades are awesome",
      "review_date": [
        "January",
        "23",
        " 2016"
      ]
    },
    {
      "REQ_subtype": "",
      "REQ_type": "",
      "_id": 86,
      "author_id": "not defined",
      "author_name": "B. Petros",
      "helpful": "1",
      "polarity": "",
      "rate": 5,
      "response": "",
      "response_date": "",
      "review": "Great realistic simulation. You feel like bring real pilot and part of the space shuttle program.",
      "review_date": [
        "February",
        "3",
        " 2014"
      ]
    },
    {
      "REQ_subtype": "",
      "REQ_type": "",
      "_id": 87,
      "author_id": "not defined",
      "author_name": "Damon Leung",
      "helpful": "0",
      "polarity": "",
      "rate": 5,
      "response": "",
      "response_date": "",
      "review": "Excellent graphics, sound effects.  Like the analysis and scoring.  Replay allows you to review.  Can't find any fault with it.  A must-have for space fan.",
      "review_date": [
        "June",
        "18",
        " 2014"
      ]
    },
    {
      "REQ_subtype": "",
      "REQ_type": "",
      "_id": 88,
      "author_id": "not defined",
      "author_name": "A Google user",
      "helpful": "0",
      "polarity": "",
      "rate": 4,
      "response": "",
      "response_date": "",
      "review": "Well thought out and a lot of options for a android based flight sim. Update 10/2/2012. After update it shuts down aftet flight",
      "review_date": [
        "August",
        "23",
        " 2014"
      ]
    },
    {
      "REQ_subtype": "",
      "REQ_type": "",
      "_id": 89,
      "author_id": "not defined",
      "author_name": "Lee C",
      "helpful": "0",
      "polarity": "",
      "rate": 5,
      "response": "",
      "response_date": "",
      "review": "Incredible game!  Smooth graphics, excellent physics, and the replay mode gives the game a dimension you can't find on most other sims.  Get this game; worth every penny-",
      "review_date": [
        "August",
        "6",
        " 2014"
      ]
    },
    {
      "REQ_subtype": "",
      "REQ_type": "",
      "_id": 90,
      "author_id": "not defined",
      "author_name": "gordon wright",
      "helpful": "0",
      "polarity": "",
      "rate": 4,
      "response": "",
      "response_date": "",
      "review": "Love playing this game when I've got some me time. Superb graphics. Would be good if it started higher in the atmosphere, hay maybe later nevertheless brilliant game.",
      "review_date": [
        "August",
        "24",
        " 2014"
      ]
    },
    {
      "REQ_subtype": "",
      "REQ_type": "",
      "_id": 91,
      "author_id": "not defined",
      "author_name": "Clayton Harris",
      "helpful": "0",
      "polarity": "",
      "rate": 4,
      "response": "",
      "response_date": "",
      "review": "Quick and clean game.  Just land the shuttle.  -1 star for fairly constant lock ups and force closes.",
      "review_date": [
        "August",
        "4",
        " 2014"
      ]
    },
    {
      "REQ_subtype": "",
      "REQ_type": "",
      "_id": 92,
      "author_id": "not defined",
      "author_name": "Terry Tasker",
      "helpful": "0",
      "polarity": "",
      "rate": 5,
      "response": "",
      "response_date": "",
      "review": "bloody good game shame you can't play full expierience such as the launch then the orbit have a play around with space and then de-orbit and then land but all in all a great game please i do strongly think people should play this.",
      "review_date": [
        "December",
        "11",
        " 2014"
      ]
    },
    {
      "REQ_subtype": "",
      "REQ_type": "",
      "_id": 93,
      "author_id": "not defined",
      "author_name": "Marc Massicotte",
      "helpful": "0",
      "polarity": "",
      "rate": 5,
      "response": "",
      "response_date": "",
      "review": "Best game of all time worth allot more 5 or 6 bucks. Take the boxes out in the settings and it looks like you are really flying Atlantis home from space",
      "review_date": [
        "March",
        "23",
        " 2014"
      ]
    },
    {
      "REQ_subtype": "",
      "REQ_type": "",
      "_id": 94,
      "author_id": "not defined",
      "author_name": "dale jay",
      "helpful": "1",
      "polarity": "",
      "rate": 4,
      "response": "",
      "response_date": "",
      "review": "y did u take the other (better) cockpit view out...this one SUX...less realistic,and changed my whole experience..sad thing is I already paid...",
      "review_date": [
        "June",
        "19",
        " 2015"
      ]
    },
    {
      "REQ_subtype": "",
      "REQ_type": "",
      "_id": 95,
      "author_id": "not defined",
      "author_name": "Keith Murakami",
      "helpful": "0",
      "polarity": "",
      "rate": 3,
      "response": "",
      "response_date": "",
      "review": "For some reason the parachute is no longer visible. Tried uninstalling and reinstalling, did not work.  Please help",
      "review_date": [
        "July",
        "9",
        " 2017"
      ]
    },
    {
      "REQ_subtype": "",
      "REQ_type": "",
      "_id": 96,
      "author_id": "not defined",
      "author_name": "Christopher Keazor",
      "helpful": "0",
      "polarity": "",
      "rate": 3,
      "response": "",
      "response_date": "",
      "review": "Please rectify as screen darkens the minute the program starts up, it happened few times.",
      "review_date": [
        "September",
        "17",
        " 2014"
      ]
    },
    {
      "REQ_subtype": "",
      "REQ_type": "",
      "_id": 97,
      "author_id": "not defined",
      "author_name": "Steve Ashbolt",
      "helpful": "0",
      "polarity": "",
      "rate": 3,
      "response": "",
      "response_date": "",
      "review": "Not in my family library as bought before July. Dev needs to allow past purchases!",
      "review_date": [
        "August",
        "21",
        " 2016"
      ]
    },
    {
      "REQ_subtype": "",
      "REQ_type": "",
      "_id": 98,
      "author_id": "not defined",
      "author_name": "Carleton Gunther",
      "helpful": "0",
      "polarity": "",
      "rate": 5,
      "response": "",
      "response_date": "",
      "review": "With as hard as it is to get a successful landing, this game is surprisingly excellent. I would also love to see you develop space shuttle launch and re-entry games.",
      "review_date": [
        "November",
        "3",
        " 2016"
      ]
    },
    {
      "REQ_subtype": "",
      "REQ_type": "",
      "_id": 99,
      "author_id": "not defined",
      "author_name": "Tim Naylor",
      "helpful": "0",
      "polarity": "",
      "rate": 4,
      "response": "",
      "response_date": "",
      "review": "Concentrates on handling skill rather than flashy effects though the visuals are stunning.  Very addictive trying to improve score with a host of other variables to play with.",
      "review_date": [
        "April",
        "5",
        " 2014"
      ]
    },
    {
      "REQ_subtype": "",
      "REQ_type": "",
      "_id": 100,
      "author_id": "not defined",
      "author_name": "Steve Batchelor",
      "helpful": "0",
      "polarity": "",
      "rate": 5,
      "response": "",
      "response_date": "",
      "review": "Addicted for years.  Great game",
      "review_date": [
        "October",
        "27",
        " 2014"
      ]
    },
    {
      "REQ_subtype": "",
      "REQ_type": "",
      "_id": 101,
      "author_id": "not defined",
      "author_name": "Simon Williams",
      "helpful": "0",
      "polarity": "",
      "rate": 1,
      "response": "",
      "response_date": "",
      "review": "Crashes during replay... Shame, used to love this game...",
      "review_date": [
        "June",
        "30",
        " 2015"
      ]
    },
    {
      "REQ_subtype": "",
      "REQ_type": "",
      "_id": 102,
      "author_id": "not defined",
      "author_name": "Ask A Trainer",
      "helpful": "0",
      "polarity": "",
      "rate": 3,
      "response": "",
      "response_date": "",
      "review": "On my galaxy s5 the drag chute is invisible as well as the landing gear",
      "review_date": [
        "July",
        "7",
        " 2015"
      ]
    },
    {
      "REQ_subtype": "",
      "REQ_type": "",
      "_id": 103,
      "author_id": "not defined",
      "author_name": "Wil Dobson",
      "helpful": "2",
      "polarity": "",
      "rate": 4,
      "response": "",
      "response_date": "",
      "review": "Great looking tablet sim, and I enjoy the high standards it keeps.",
      "review_date": [
        "December",
        "4",
        " 2014"
      ]
    },
    {
      "REQ_subtype": "",
      "REQ_type": "",
      "_id": 104,
      "author_id": "not defined",
      "author_name": "Nick Kendall",
      "helpful": "0",
      "polarity": "",
      "rate": 5,
      "response": "",
      "response_date": "",
      "review": "What a superb, addictive, sim! Anyone who is even a bit interested in space or flying get this game. Well done to the designers I'm really happy and impressed!  Keep up the good work.",
      "review_date": [
        "September",
        "16",
        " 2015"
      ]
    },
    {
      "REQ_subtype": "",
      "REQ_type": "",
      "_id": 105,
      "author_id": "not defined",
      "author_name": "Saurabh Mittal",
      "helpful": "1",
      "polarity": "",
      "rate": 5,
      "response": "",
      "response_date": "",
      "review": "Amazing clarity, realistic controls, awesome commentary. Makes you feel like an astronaut.",
      "review_date": [
        "September",
        "3",
        " 2014"
      ]
    },
    {
      "REQ_subtype": "",
      "REQ_type": "",
      "_id": 106,
      "author_id": "not defined",
      "author_name": "Gus Castillo",
      "helpful": "0",
      "polarity": "",
      "rate": 4,
      "response": "",
      "response_date": "",
      "review": "Very nice game,  really enjoy how quickly you get into the action.   Wish it would have free flight, maybe like from space.   Over all its good",
      "review_date": [
        "September",
        "11",
        " 2014"
      ]
    },
    {
      "REQ_subtype": "",
      "REQ_type": "",
      "_id": 107,
      "author_id": "not defined",
      "author_name": "Liam Koch",
      "helpful": "1",
      "polarity": "",
      "rate": 5,
      "response": "",
      "response_date": "",
      "review": "And you get to fly it!",
      "review_date": [
        "February",
        "22",
        " 2016"
      ]
    },
    {
      "REQ_subtype": "",
      "REQ_type": "",
      "_id": 108,
      "author_id": "not defined",
      "author_name": "Gabe Fox",
      "helpful": "0",
      "polarity": "",
      "rate": 4,
      "response": "",
      "response_date": "",
      "review": "I've had this game for a long time and have grown board, when will there be a gameplay update?",
      "review_date": [
        "July",
        "29",
        " 2016"
      ]
    },
    {
      "REQ_subtype": "",
      "REQ_type": "",
      "_id": 109,
      "author_id": "not defined",
      "author_name": "Sean Pablo",
      "helpful": "0",
      "polarity": "",
      "rate": 3,
      "response": "",
      "response_date": "",
      "review": "Like when entering the  atmosphere the fire.",
      "review_date": [
        "March",
        "29",
        " 2015"
      ]
    },
    {
      "REQ_subtype": "",
      "REQ_type": "",
      "_id": 110,
      "author_id": "not defined",
      "author_name": "Shane Campbell",
      "helpful": "0",
      "polarity": "",
      "rate": 1,
      "response": "",
      "response_date": "",
      "review": "For some odd reason it just sits there no movement  or anything.  Very weird",
      "review_date": [
        "March",
        "20",
        " 2017"
      ]
    },
    {
      "REQ_subtype": "",
      "REQ_type": "",
      "_id": 111,
      "author_id": "not defined",
      "author_name": "Felix Charles",
      "helpful": "0",
      "polarity": "",
      "rate": 5,
      "response": "",
      "response_date": "",
      "review": "Love this game so much fun can't get enough of it by far one of the best simulator games I've ever played",
      "review_date": [
        "November",
        "24",
        " 2014"
      ]
    },
    {
      "REQ_subtype": "",
      "REQ_type": "",
      "_id": 112,
      "author_id": "not defined",
      "author_name": "A Google user",
      "helpful": "0",
      "polarity": "",
      "rate": 5,
      "response": "",
      "response_date": "",
      "review": "Every chance I get I land .... I hope they are working on adding more and by more I mean a lot more such as launch, orbit and the full package .. its a great simulation I. Either case",
      "review_date": [
        "September",
        "16",
        " 2014"
      ]
    },
    {
      "REQ_subtype": "",
      "REQ_type": "",
      "_id": 113,
      "author_id": "not defined",
      "author_name": "DOMO666GAMING&VLOGS",
      "helpful": "1",
      "polarity": "",
      "rate": 4,
      "response": "",
      "response_date": "",
      "review": "I like it but is just bleh. Would have 3d buildings other then the space center.",
      "review_date": [
        "March",
        "16",
        " 2015"
      ]
    },
    {
      "REQ_subtype": "",
      "REQ_type": "",
      "_id": 114,
      "author_id": "not defined",
      "author_name": "Idiot Conspirafart Theorist",
      "helpful": "0",
      "polarity": "",
      "rate": 1,
      "response": "",
      "response_date": "",
      "review": "Do not buy this app. The developer has abandoned this app. This app has not been updated in over a year. This app is dead.",
      "review_date": [
        "October",
        "3",
        " 2015"
      ]
    },
    {
      "REQ_subtype": "",
      "REQ_type": "",
      "_id": 115,
      "author_id": "not defined",
      "author_name": "Norhazry Johari",
      "helpful": "0",
      "polarity": "",
      "rate": 1,
      "response": "",
      "response_date": "",
      "review": "I love this game but after the last android update the game freezes...",
      "review_date": [
        "June",
        "28",
        " 2015"
      ]
    },
    {
      "REQ_subtype": "",
      "REQ_type": "",
      "_id": 116,
      "author_id": "not defined",
      "author_name": "Dwayne Sessions",
      "helpful": "0",
      "polarity": "",
      "rate": 5,
      "response": "",
      "response_date": "",
      "review": "The best space shuttle simulator out there.  Awesome graphics and realistic flight controls.  Definitely worth the purchase price. Keep up the great work on this program. Deserves 10 stars.",
      "review_date": [
        "December",
        "4",
        " 2016"
      ]
    },
    {
      "REQ_subtype": "",
      "REQ_type": "",
      "_id": 117,
      "author_id": "not defined",
      "author_name": "Nick Deakin",
      "helpful": "1",
      "polarity": "",
      "rate": 5,
      "response": "",
      "response_date": "",
      "review": "Land the shuttle. That's your task. Simple in theory, tricky in practice.",
      "review_date": [
        "April",
        "4",
        " 2014"
      ]
    },
    {
      "REQ_subtype": "",
      "REQ_type": "",
      "_id": 118,
      "author_id": "not defined",
      "author_name": "Tony Tadic",
      "helpful": "0",
      "polarity": "",
      "rate": 5,
      "response": "",
      "response_date": "",
      "review": "Fantastic app! A shuttle leaving v iss ,sub orbit re- entry version would b a hit!!!",
      "review_date": [
        "September",
        "6",
        " 2014"
      ]
    },
    {
      "REQ_subtype": "",
      "REQ_type": "",
      "_id": 119,
      "author_id": "not defined",
      "author_name": "Ian McCulloch",
      "helpful": "1",
      "polarity": "",
      "rate": 5,
      "response": "",
      "response_date": "",
      "review": "What a fantastic Sim. I have FSX for PC which is superb. This is just as good",
      "review_date": [
        "August",
        "28",
        " 2016"
      ]
    },
    {
      "REQ_subtype": "",
      "REQ_type": "",
      "_id": 120,
      "author_id": "not defined",
      "author_name": "Mydon Guilbe",
      "helpful": "0",
      "polarity": "",
      "rate": 5,
      "response": "",
      "response_date": "",
      "review": "Is not a fighter jet. Great game. The calibration could be improved..(manual calibration). Ability to save replays would be nice. Cloud support to upload statistics and save flight info. Pilot account would be great.",
      "review_date": [
        "April",
        "10",
        " 2017"
      ]
    },
    {
      "REQ_subtype": "",
      "REQ_type": "",
      "_id": 121,
      "author_id": "not defined",
      "author_name": "julio Franco",
      "helpful": "0",
      "polarity": "",
      "rate": 2,
      "response": "",
      "response_date": "",
      "review": "Good simulator but keep crashing Please fix",
      "review_date": [
        "May",
        "16",
        " 2014"
      ]
    },
    {
      "REQ_subtype": "",
      "REQ_type": "",
      "_id": 122,
      "author_id": "not defined",
      "author_name": "Anthony-Tuong Nguyen",
      "helpful": "0",
      "polarity": "",
      "rate": 5,
      "response": "",
      "response_date": "",
      "review": "Excellent software. It always a dream for me to fly a space shuttle.  With this software, it makes it possible for my dream come true.",
      "review_date": [
        "March",
        "4",
        " 2014"
      ]
    },
    {
      "REQ_subtype": "",
      "REQ_type": "",
      "_id": 123,
      "author_id": "not defined",
      "author_name": "CHARLES HART",
      "helpful": "0",
      "polarity": "",
      "rate": 5,
      "response": "",
      "response_date": "",
      "review": "So you just nearly landed perfect. Beware, doing it consecutively can be elusive Hotdog.  Great challange to just land safely.  Great sim of a real Shuttle approach.  Totally worth the purchase!",
      "review_date": [
        "November",
        "13",
        " 2016"
      ]
    },
    {
      "REQ_subtype": "",
      "REQ_type": "",
      "_id": 124,
      "author_id": "not defined",
      "author_name": "Yunes Tamimi",
      "helpful": "0",
      "polarity": "",
      "rate": 4,
      "response": "",
      "response_date": "",
      "review": "Hello. I think that you need to through some little updates here and there...",
      "review_date": [
        "June",
        "27",
        " 2014"
      ]
    },
    {
      "REQ_subtype": "",
      "REQ_type": "",
      "_id": 125,
      "author_id": "not defined",
      "author_name": "Zachary Tabebot",
      "helpful": "0",
      "polarity": "",
      "rate": 2,
      "response": "",
      "response_date": "",
      "review": "I've spent 3,000 FCFA! It's big money! So why don't you have TAKE OFFS? WHY DON'T YOU HAVE OUTER SPACE NAVIGATION?",
      "review_date": [
        "August",
        "20",
        " 2017"
      ]
    },
    {
      "REQ_subtype": "",
      "REQ_type": "",
      "_id": 126,
      "author_id": "not defined",
      "author_name": "A Google user",
      "helpful": "0",
      "polarity": "",
      "rate": 1,
      "response": "",
      "response_date": "",
      "review": "This game is not nice I am not playing this game but it is just cutting and cutting the dollar",
      "review_date": [
        "September",
        "27",
        " 2017"
      ]
    },
    {
      "REQ_subtype": "",
      "REQ_type": "",
      "_id": 127,
      "author_id": "not defined",
      "author_name": "A Google user",
      "helpful": "0",
      "polarity": "",
      "rate": 5,
      "response": "",
      "response_date": "",
      "review": "Awesome!! But with frequent crashing at loading..=(",
      "review_date": [
        "February",
        "13",
        " 2015"
      ]
    },
    {
      "REQ_subtype": "",
      "REQ_type": "",
      "_id": 128,
      "author_id": "not defined",
      "author_name": "Tommy Fanning",
      "helpful": "0",
      "polarity": "",
      "rate": 3,
      "response": "",
      "response_date": "",
      "review": "I was really pist off that there is no launch",
      "review_date": [
        "March",
        "29",
        " 2015"
      ]
    },
    {
      "REQ_subtype": "",
      "REQ_type": "",
      "_id": 129,
      "author_id": "not defined",
      "author_name": "Satiar Rajabian",
      "helpful": "0",
      "polarity": "",
      "rate": 4,
      "response": "",
      "response_date": "",
      "review": "I would give it a 5 but all u can do is land. It would be nice if you can add  launch and docking in the iss. BUT GREAT SIM",
      "review_date": [
        "September",
        "22",
        " 2014"
      ]
    },
    {
      "REQ_subtype": "",
      "REQ_type": "",
      "_id": 130,
      "author_id": "not defined",
      "author_name": "Appollo",
      "helpful": "0",
      "polarity": "",
      "rate": 5,
      "response": "",
      "response_date": "",
      "review": "Does not work on this tab, graphics are jumbled up.",
      "review_date": [
        "December",
        "12",
        " 2014"
      ]
    },
    {
      "REQ_subtype": "",
      "REQ_type": "",
      "_id": 131,
      "author_id": "not defined",
      "author_name": "Andrew Partridge",
      "helpful": "0",
      "polarity": "",
      "rate": 5,
      "response": "",
      "response_date": "",
      "review": "If You like realistic flight sims You will love this one. It's fun hard to master and it's same sim astronaut's used during training. Love it",
      "review_date": [
        "March",
        "29",
        " 2016"
      ]
    },
    {
      "REQ_subtype": "",
      "REQ_type": "",
      "_id": 132,
      "author_id": "not defined",
      "author_name": "Gage Henderson",
      "helpful": "0",
      "polarity": "",
      "rate": 4,
      "response": "",
      "response_date": "",
      "review": "Considering it's not free, it doesn't get the 5th star because I would hope for more flight than just LANDING the shuttle.",
      "review_date": [
        "November",
        "13",
        " 2014"
      ]
    },
    {
      "REQ_subtype": "",
      "REQ_type": "",
      "_id": 133,
      "author_id": "not defined",
      "author_name": "Donald Robert Reed Jr",
      "helpful": "0",
      "polarity": "",
      "rate": 5,
      "response": "",
      "response_date": "",
      "review": "I no longer can steer the craft please help me fix this problem",
      "review_date": [
        "April",
        "11",
        " 2016"
      ]
    },
    {
      "REQ_subtype": "",
      "REQ_type": "",
      "_id": 134,
      "author_id": "not defined",
      "author_name": "Bryan Case",
      "helpful": "0",
      "polarity": "",
      "rate": 5,
      "response": "",
      "response_date": "",
      "review": "Wonderful! Seems so simple. Land the shuttle. Not as easy as you think, but a wonderful challenge. Well done. Very addictive!",
      "review_date": [
        "October",
        "1",
        " 2017"
      ]
    },
    {
      "REQ_subtype": "",
      "REQ_type": "",
      "_id": 135,
      "author_id": "not defined",
      "author_name": "nortnel201225",
      "helpful": "0",
      "polarity": "",
      "rate": 5,
      "response": "",
      "response_date": "",
      "review": "Best app,game 3D and voice instructor beautifully graphic awaiting some more extragety like real situations and how to solved problems",
      "review_date": [
        "August",
        "18",
        " 2014"
      ]
    },
    {
      "REQ_subtype": "",
      "REQ_type": "",
      "_id": 136,
      "author_id": "not defined",
      "author_name": "Steve Davies",
      "helpful": "0",
      "polarity": "",
      "rate": 5,
      "response": "",
      "response_date": "",
      "review": "The only thing missing is the torso harness and the helmet.",
      "review_date": [
        "February",
        "16",
        " 2014"
      ]
    },
    {
      "REQ_subtype": "",
      "REQ_type": "",
      "_id": 137,
      "author_id": "not defined",
      "author_name": "Ranveer",
      "helpful": "0",
      "polarity": "",
      "rate": 3,
      "response": "",
      "response_date": "",
      "review": "There are several bugs with the scores and achievements of your landing.",
      "review_date": [
        "August",
        "6",
        " 2015"
      ]
    },
    {
      "REQ_subtype": "",
      "REQ_type": "",
      "_id": 138,
      "author_id": "not defined",
      "author_name": "Mike Johnson",
      "helpful": "0",
      "polarity": "",
      "rate": 2,
      "response": "",
      "response_date": "",
      "review": "It keeps closing. Every time, right before I land.",
      "review_date": [
        "February",
        "2",
        " 2014"
      ]
    },
    {
      "REQ_subtype": "",
      "REQ_type": "",
      "_id": 139,
      "author_id": "not defined",
      "author_name": "James Markland",
      "helpful": "0",
      "polarity": "",
      "rate": 5,
      "response": "",
      "response_date": "",
      "review": "Very addictive, must be me find it really hard to get over 750000 but still keep trying well done",
      "review_date": [
        "February",
        "10",
        " 2015"
      ]
    },
    {
      "REQ_subtype": "",
      "REQ_type": "",
      "_id": 140,
      "author_id": "not defined",
      "author_name": "christopher miller",
      "helpful": "0",
      "polarity": "",
      "rate": 2,
      "response": "",
      "response_date": "",
      "review": "Should have launch and space flight.",
      "review_date": [
        "December",
        "14",
        " 2014"
      ]
    },
    {
      "REQ_subtype": "",
      "REQ_type": "",
      "_id": 141,
      "author_id": "not defined",
      "author_name": "A Google user",
      "helpful": "0",
      "polarity": "",
      "rate": 4,
      "response": "",
      "response_date": "",
      "review": "Would love to be able to play this on my nvidia shield with its high end graphics and fantastic gamepad",
      "review_date": [
        "November",
        "12",
        " 2015"
      ]
    },
    {
      "REQ_subtype": "",
      "REQ_type": "",
      "_id": 142,
      "author_id": "not defined",
      "author_name": "Taranjeet Singh",
      "helpful": "0",
      "polarity": "",
      "rate": 5,
      "response": "",
      "response_date": "",
      "review": "Bril sim..  V realistic and love the graphics.  Wd love it if you cd perhaps  extend the sim to before reentry into the earths atmos.",
      "review_date": [
        "October",
        "5",
        " 2014"
      ]
    },
    {
      "REQ_subtype": "",
      "REQ_type": "",
      "_id": 143,
      "author_id": "not defined",
      "author_name": "Russ Allen",
      "helpful": "0",
      "polarity": "",
      "rate": 5,
      "response": "",
      "response_date": "",
      "review": "the most amazing  thing I love to play great job I would like to see re entry from space added",
      "review_date": [
        "October",
        "19",
        " 2014"
      ]
    },
    {
      "REQ_subtype": "",
      "REQ_type": "",
      "_id": 144,
      "author_id": "not defined",
      "author_name": "A Google user",
      "helpful": "0",
      "polarity": "",
      "rate": 3,
      "response": "",
      "response_date": "",
      "review": "Id really would of gave it 5 stars if i can move it to my sd card exstension but the scene and gameplay is phenominal!!!",
      "review_date": [
        "March",
        "10",
        " 2014"
      ]
    },
    {
      "REQ_subtype": "",
      "REQ_type": "",
      "_id": 145,
      "author_id": "not defined",
      "author_name": "J L",
      "helpful": "0",
      "polarity": "",
      "rate": 4,
      "response": "",
      "response_date": "",
      "review": "Now now about an orbital mission or a luanch?that would b awesome...2nd review...just got 500000 points...plz add more missions,objectives",
      "review_date": [
        "February",
        "6",
        " 2015"
      ]
    },
    {
      "REQ_subtype": "",
      "REQ_type": "",
      "_id": 146,
      "author_id": "not defined",
      "author_name": "Jake Rushworth",
      "helpful": "0",
      "polarity": "",
      "rate": 4,
      "response": "",
      "response_date": "",
      "review": "The movement is very accurate as well as the cockpit inside. Very well done and quite a fun game but please add a mission where you are in space",
      "review_date": [
        "June",
        "6",
        " 2016"
      ]
    },
    {
      "REQ_subtype": "",
      "REQ_type": "",
      "_id": 147,
      "author_id": "not defined",
      "author_name": "Stan Nowak",
      "helpful": "0",
      "polarity": "",
      "rate": 5,
      "response": "",
      "response_date": "",
      "review": "A phenomenal sim from any perspective. Reviewing  F-Sim is humbling, what could possibly be said...It's The Best, full stop.",
      "review_date": [
        "June",
        "10",
        " 2017"
      ]
    },
    {
      "REQ_subtype": "",
      "REQ_type": "",
      "_id": 148,
      "author_id": "not defined",
      "author_name": "James Rau",
      "helpful": "0",
      "polarity": "",
      "rate": 5,
      "response": "",
      "response_date": "",
      "review": "There is no other , perfectly done",
      "review_date": [
        "February",
        "17",
        " 2015"
      ]
    },
    {
      "REQ_subtype": "",
      "REQ_type": "",
      "_id": 149,
      "author_id": "not defined",
      "author_name": "Vic Duniec",
      "helpful": "0",
      "polarity": "",
      "rate": 5,
      "response": "",
      "response_date": "",
      "review": "Good attention to detail in every aspect of this sim. Comms, camera angles, dynamics, graphics. Would like to see other Sims of this caliber.",
      "review_date": [
        "May",
        "30",
        " 2014"
      ]
    },
    {
      "REQ_subtype": "",
      "REQ_type": "",
      "_id": 150,
      "author_id": "not defined",
      "author_name": "Marcus Keltner",
      "helpful": "0",
      "polarity": "",
      "rate": 5,
      "response": "",
      "response_date": "",
      "review": "Best graphics most challenging and realistic flight Sim on app store! Wish others had the quality and entertainment value.",
      "review_date": [
        "September",
        "4",
        " 2014"
      ]
    },
    {
      "REQ_subtype": "",
      "REQ_type": "",
      "_id": 151,
      "author_id": "not defined",
      "author_name": "Mat Dock",
      "helpful": "0",
      "polarity": "",
      "rate": 5,
      "response": "",
      "response_date": "",
      "review": "Truly one of the most amazing simulator i have ever played. The controls are not complicated and the interface is very neat. Awesome work!",
      "review_date": [
        "September",
        "18",
        " 2014"
      ]
    },
    {
      "REQ_subtype": "",
      "REQ_type": "",
      "_id": 152,
      "author_id": "not defined",
      "author_name": "Jack D",
      "helpful": "0",
      "polarity": "",
      "rate": 4,
      "response": "",
      "response_date": "",
      "review": "Good but I thought it would be the whole adventure. Launch, orbit, orbital tasks, reentry and landing. But all around its a great simulation",
      "review_date": [
        "October",
        "15",
        " 2014"
      ]
    },
    {
      "REQ_subtype": "",
      "REQ_type": "",
      "_id": 153,
      "author_id": "not defined",
      "author_name": "Bob Cambra",
      "helpful": "0",
      "polarity": "",
      "rate": 5,
      "response": "",
      "response_date": "",
      "review": "I have played this for a few years and although the scenarios are somewhat limited, the graphics are great and I keep striving for that perfect landing!",
      "review_date": [
        "January",
        "24",
        " 2017"
      ]
    },
    {
      "REQ_subtype": "",
      "REQ_type": "",
      "_id": 154,
      "author_id": "not defined",
      "author_name": "Warren Newman",
      "helpful": "0",
      "polarity": "",
      "rate": 3,
      "response": "",
      "response_date": "",
      "review": "Definitely worth the money so smooth looks good plays great fantastic game  will give 5* when they give controller support",
      "review_date": [
        "February",
        "25",
        " 2015"
      ]
    },
    {
      "REQ_subtype": "",
      "REQ_type": "",
      "_id": 155,
      "author_id": "not defined",
      "author_name": "Marcel Anderson",
      "helpful": "1",
      "polarity": "",
      "rate": 5,
      "response": "",
      "response_date": "",
      "review": "None better out there yet",
      "review_date": [
        "February",
        "6",
        " 2014"
      ]
    },
    {
      "REQ_subtype": "",
      "REQ_type": "",
      "_id": 156,
      "author_id": "not defined",
      "author_name": "Brendan Burlace",
      "helpful": "1",
      "polarity": "",
      "rate": 5,
      "response": "",
      "response_date": "",
      "review": "Really fun , audio is good,  nice options,  could use some time in orbit / reentry though.   Just a thought..... 99%Awesome!",
      "review_date": [
        "February",
        "1",
        " 2014"
      ]
    },
    {
      "REQ_subtype": "",
      "REQ_type": "",
      "_id": 157,
      "author_id": "not defined",
      "author_name": "Barry Elder",
      "helpful": "0",
      "polarity": "",
      "rate": 5,
      "response": "",
      "response_date": "",
      "review": "Just like the real thing I'm told.",
      "review_date": [
        "July",
        "14",
        " 2014"
      ]
    },
    {
      "REQ_subtype": "",
      "REQ_type": "",
      "_id": 158,
      "author_id": "not defined",
      "author_name": "Toxic weasel",
      "helpful": "0",
      "polarity": "",
      "rate": 5,
      "response": "",
      "response_date": "",
      "review": "Superb, intense and very addictive. Best way to waste time.",
      "review_date": [
        "September",
        "29",
        " 2016"
      ]
    },
    {
      "REQ_subtype": "",
      "REQ_type": "",
      "_id": 159,
      "author_id": "not defined",
      "author_name": "W. Brewster Morgan Jr.",
      "helpful": "0",
      "polarity": "",
      "rate": 4,
      "response": "",
      "response_date": "",
      "review": "So far, a challenging simulation.It takes real skill to get the vehicle to a safe landing.....Beautiful graphics.....Look forward to advancing  .",
      "review_date": [
        "October",
        "14",
        " 2016"
      ]
    }
  ],
  "size": "Varies with devic",
  "url": "https://play.google.com/store/apps/details?id=net.ledinsky.fsim",
  "version": "Varies with device"
}