{
  "categories": [
    "Productivity"
  ],
  "description": "Send Anywhere: Easy, quick, and unlimited file sharing \u25b6 Features\u2022 Transfer any file type without altering the original\u2022 All you need is a one-time 6-digit key for an easy file transfer\u2022 Wi-Fi Direct: transfer without using data or the Internet\u2022 Share files to multi-people at once via a link\u2022 Transfer files to a specific device\u2022 Reinforced file encryption (256-bit)\u25b6 Send Anywhere PLUS\u2022 Upload maximum 50GB files at once\u2022 Create 1TB My link\u2022 Set expiration date as you want\u2022 Limit download count and more..\u25b6 When to use Send Anywhere!\u2022 When moving photos, videos, and music to your PC!\u2022 When you need to send large files but you do not have mobile data or you have difficulty connecting to the internet\u2022 Anytime you want to send files in an instant!* While using the application if an issue or error arises, please let us know by clicking \u201cSend Feedback\u201d under More menu-APK File\u2022 The copyright of applications sent through Send Anywhere belong to the application\u2019s developer. If sharing an APK file conflicts with current copyright laws then all responsibility falls upon the user.\u2022 Typically, you will not be able to share APK files between OS and Android. First check with application\u2019s developer before cross-platform transfers.Video Files\u2022 Depending on the video type received, the video may not be pushed into the phone\u2019s gallery. In this case, using a file management application will play the video.\u2022 If you can\u2019t play the videos received, download a different video player that is compatible with the video format.-To best use Send Anywhere\u2019s convenient file sharing service, we ask user\u2019s permissions listed below\u2022 Write Internal Storage(Required) : To store files that are in internal storage through 'Send Anywhere'\u2022 Read Internal Storage(Required) : To send files stored in internal storage through Send Anywhere.\u2022 Access to location: To share files by using Wi-Fi Direct that through Google Nearby API.( Bluetooth may be turned on to find and identify near devices, so it may request Bluetooth permissions.)\u2022 Write External Storage : To store files that are received through Send Anywhere in external storage (SD Card).\u2022 Read External Storage : To send files stored in external storage through Send Anywhere.\u2022 Record Audio : To recognize a sound wave and receive files.\u2022 Read Contacts : To send contacts stored in your phone.\u2022 Camera : For being able to receive files via a QR Code.",
  "inc": "Estmob Inc.",
  "intalled_count": "10,000,000",
  "last_update": [
    "July",
    "11",
    " 2018"
  ],
  "name": "Send Anywhere (File Transfer)",
  "offered_by": "Google Commerce Ltd",
  "permissions": {
    "Identity": [
      "find accounts on the device",
      "read your own contact card"
    ],
    "Contacts": [
      "find accounts on the device",
      "read your contacts"
    ],
    "Location": [
      "approximate location (network-based)",
      "precise location (GPS and network-based)"
    ],
    "Photos/Media/Files": [
      "read the contents of your USB storage",
      "modify or delete the contents of your USB storage"
    ],
    "Storage": [
      "read the contents of your USB storage",
      "modify or delete the contents of your USB storage"
    ],
    "Camera": [
      "take pictures and videos"
    ],
    "Microphone": [
      "record audio"
    ],
    "Wi-Fi connection information": [
      "view Wi-Fi connections"
    ],
    "Other": [
      "receive data from Internet",
      "view network connections",
      "pair with Bluetooth devices",
      "access Bluetooth settings",
      "change network connectivity",
      "allow Wi-Fi Multicast reception",
      "connect and disconnect from Wi-Fi",
      "full network access",
      "run at startup",
      "draw over other apps",
      "control vibration",
      "prevent device from sleeping",
      "modify system settings"
    ]
  },
  "price": "",
  "rate": [
    [
      "155,795",
      "4.7"
    ],
    [
      "131,886",
      "5"
    ],
    [
      "12,373",
      "4"
    ],
    [
      "3,998",
      "3"
    ],
    [
      "1,929",
      "2"
    ],
    [
      "5,609",
      "1"
    ]
  ],
  "required_android": "4.2",
  "reviews": [
    {
      "REQ_subtype": "",
      "REQ_type": "",
      "_id": 0,
      "author_id": "not defined",
      "author_name": "Tyrone Singer",
      "helpful": "4",
      "polarity": "",
      "rate": 5,
      "response": "",
      "response_date": "",
      "review": "I've had this app a few days and used it a lot transferring between my 2 \nphones. Absolutely a great app. No glitches, no slowdowns, no problems. \nHaven't tried it over a long distance yet. I do not usually give 5 stars or \na review like this. The devs deserves 6 stars!",
      "review_date": [
        "July",
        "11",
        " 2018"
      ]
    },
    {
      "REQ_subtype": "",
      "REQ_type": "",
      "_id": 1,
      "author_id": "not defined",
      "author_name": "Stephen O Connor",
      "helpful": "2",
      "polarity": "",
      "rate": 5,
      "response": "",
      "response_date": "",
      "review": "Normally apps ask you to rate them but this app didn't need to ask. I had \nto transfer 1,118 songs from my previous phone to my new one and this did \nit SO quickly. I was shocked! Without a doubt, download this. 5 stars isn't \nenough. This is one of the best apps I've ever used.",
      "review_date": [
        "July",
        "13",
        " 2018"
      ]
    },
    {
      "REQ_subtype": "",
      "REQ_type": "",
      "_id": 2,
      "author_id": "not defined",
      "author_name": "keith trott",
      "helpful": "0",
      "polarity": "",
      "rate": 5,
      "response": "",
      "response_date": "",
      "review": "After finally working out how to share a file, this app doesn't seem bad at \nall. I've had to find a useable alternative to \"wetransfer\" as that has \njust been destroyed with version 2 update. This is not as straight forward \nand quick to use as the original \"wetransfer\" as you have to upload your \nfile first to send it. The set up seems more like drop box. However if it \ngets it to where I've sent it then it's done it's job. I've had to pay to \nremove the adds though as they are slightly annoying, but I don't have an \nissue with paying a developer for something that works. The big test is now \nto see if everyone I'm sending to can open and download all files. If they \ncan then i will probably buy the plus version. If that happens then this \nwill get 5 stars. UPDATE: This app is brilliant \ud83d\ude0a the people I'm sending \nto are having no problems at all opening the links and downloading. I've \nupgraded to plus version and now given 5 stars \ud83d\udc4d",
      "review_date": [
        "July",
        "15",
        " 2018"
      ]
    },
    {
      "REQ_subtype": "",
      "REQ_type": "",
      "_id": 3,
      "author_id": "not defined",
      "author_name": "Charlie Hannan",
      "helpful": "2",
      "polarity": "",
      "rate": 1,
      "response": "",
      "response_date": "",
      "review": "Terrible, did not work at all, every time I tried to receive or send a flow \nit just came up with \"Error with transfer, code 203\"",
      "review_date": [
        "July",
        "13",
        " 2018"
      ]
    },
    {
      "REQ_subtype": "",
      "REQ_type": "",
      "_id": 4,
      "author_id": "not defined",
      "author_name": "Eric Smith",
      "helpful": "0",
      "polarity": "",
      "rate": 1,
      "response": "",
      "response_date": "",
      "review": "really? Your app pops a random notification saying that I should use the \napp? instant uninstall.",
      "review_date": [
        "July",
        "16",
        " 2018"
      ]
    },
    {
      "REQ_subtype": "",
      "REQ_type": "",
      "_id": 5,
      "author_id": "not defined",
      "author_name": "Diptiranjan Moharana",
      "helpful": "1",
      "polarity": "",
      "rate": 5,
      "response": "",
      "response_date": "",
      "review": "Loved it...easy & safe for all type of file transfers..thanks",
      "review_date": [
        "July",
        "12",
        " 2018"
      ]
    },
    {
      "REQ_subtype": "",
      "REQ_type": "",
      "_id": 6,
      "author_id": "not defined",
      "author_name": "Oshe Urn",
      "helpful": "1",
      "polarity": "",
      "rate": 5,
      "response": "",
      "response_date": "",
      "review": "this app is much more convenient than the other app that i use for \nsharing..keep up the goodwork.\ud83d\ude0a\ud83d\ude0a\ud83d\ude0a",
      "review_date": [
        "July",
        "12",
        " 2018"
      ]
    },
    {
      "REQ_subtype": "",
      "REQ_type": "",
      "_id": 7,
      "author_id": "not defined",
      "author_name": "Jordan Agoyo",
      "helpful": "0",
      "polarity": "",
      "rate": 5,
      "response": "",
      "response_date": "",
      "review": "The best sharing app I've every come across. Simple, easy and hands down \nfreaking awesome",
      "review_date": [
        "July",
        "14",
        " 2018"
      ]
    },
    {
      "REQ_subtype": "",
      "REQ_type": "",
      "_id": 8,
      "author_id": "not defined",
      "author_name": "Aravind Mani",
      "helpful": "0",
      "polarity": "",
      "rate": 5,
      "response": "",
      "response_date": "",
      "review": "In overall a gud app to share files across variety of smart devices swiftly \nwithout any hassels.",
      "review_date": [
        "July",
        "14",
        " 2018"
      ]
    },
    {
      "REQ_subtype": "",
      "REQ_type": "",
      "_id": 9,
      "author_id": "not defined",
      "author_name": "Archie Pelagoosa",
      "helpful": "0",
      "polarity": "",
      "rate": 5,
      "response": "",
      "response_date": "",
      "review": "It works fine and it works fast, like lightspeed fast. Good job on this \ngood app. Thanks, Dev team",
      "review_date": [
        "July",
        "15",
        " 2018"
      ]
    },
    {
      "REQ_subtype": "",
      "REQ_type": "",
      "_id": 10,
      "author_id": "not defined",
      "author_name": "A Google user",
      "helpful": "0",
      "polarity": "",
      "rate": 5,
      "response": "",
      "response_date": "",
      "review": "I use this app for everything!!",
      "review_date": [
        "July",
        "15",
        " 2018"
      ]
    },
    {
      "REQ_subtype": "",
      "REQ_type": "",
      "_id": 11,
      "author_id": "not defined",
      "author_name": "A Google user",
      "helpful": "0",
      "polarity": "",
      "rate": 5,
      "response": "",
      "response_date": "",
      "review": "This was exactly what I was looking for! Thank you! Works great.",
      "review_date": [
        "July",
        "15",
        " 2018"
      ]
    },
    {
      "REQ_subtype": "",
      "REQ_type": "",
      "_id": 12,
      "author_id": "not defined",
      "author_name": "Haf A",
      "helpful": "0",
      "polarity": "",
      "rate": 5,
      "response": "",
      "response_date": "",
      "review": "Love It!! Easy secure transfer between 2 devices.",
      "review_date": [
        "July",
        "15",
        " 2018"
      ]
    },
    {
      "REQ_subtype": "",
      "REQ_type": "",
      "_id": 13,
      "author_id": "not defined",
      "author_name": "Vincy Sirius",
      "helpful": "0",
      "polarity": "",
      "rate": 5,
      "response": "",
      "response_date": "",
      "review": "The most efficient app to transfer files EVERRRRR",
      "review_date": [
        "July",
        "15",
        " 2018"
      ]
    },
    {
      "REQ_subtype": "",
      "REQ_type": "",
      "_id": 14,
      "author_id": "not defined",
      "author_name": "El CrackOMG",
      "helpful": "0",
      "polarity": "",
      "rate": 5,
      "response": "",
      "response_date": "",
      "review": "I love it really it save me once!",
      "review_date": [
        "July",
        "13",
        " 2018"
      ]
    },
    {
      "REQ_subtype": "",
      "REQ_type": "",
      "_id": 15,
      "author_id": "not defined",
      "author_name": "vasu Nareshl",
      "helpful": "0",
      "polarity": "",
      "rate": 5,
      "response": "",
      "response_date": "",
      "review": "Very fast download easy to download any files any ware",
      "review_date": [
        "July",
        "12",
        " 2018"
      ]
    },
    {
      "REQ_subtype": "",
      "REQ_type": "",
      "_id": 16,
      "author_id": "not defined",
      "author_name": "A Google user",
      "helpful": "0",
      "polarity": "",
      "rate": 4,
      "response": "",
      "response_date": "",
      "review": "So far it is great. Just what I needed",
      "review_date": [
        "July",
        "15",
        " 2018"
      ]
    },
    {
      "REQ_subtype": "",
      "REQ_type": "",
      "_id": 17,
      "author_id": "not defined",
      "author_name": "vijay ammaya",
      "helpful": "0",
      "polarity": "",
      "rate": 5,
      "response": "",
      "response_date": "",
      "review": "Great app for transferring files ! Loved it \ud83d\ude0a",
      "review_date": [
        "July",
        "15",
        " 2018"
      ]
    },
    {
      "REQ_subtype": "",
      "REQ_type": "",
      "_id": 18,
      "author_id": "not defined",
      "author_name": "JV TV",
      "helpful": "0",
      "polarity": "",
      "rate": 5,
      "response": "",
      "response_date": "",
      "review": "No complications, very easy to use.",
      "review_date": [
        "July",
        "15",
        " 2018"
      ]
    },
    {
      "REQ_subtype": "",
      "REQ_type": "",
      "_id": 19,
      "author_id": "not defined",
      "author_name": "Laquita Adams",
      "helpful": "0",
      "polarity": "",
      "rate": 5,
      "response": "",
      "response_date": "",
      "review": "Best app I ever downloaded",
      "review_date": [
        "July",
        "12",
        " 2018"
      ]
    },
    {
      "REQ_subtype": "",
      "REQ_type": "",
      "_id": 20,
      "author_id": "not defined",
      "author_name": "Salvador Wamara",
      "helpful": "0",
      "polarity": "",
      "rate": 5,
      "response": "",
      "response_date": "",
      "review": "Very fast very easy to use",
      "review_date": [
        "July",
        "15",
        " 2018"
      ]
    },
    {
      "REQ_subtype": "",
      "REQ_type": "",
      "_id": 21,
      "author_id": "not defined",
      "author_name": "Ovais Kawos",
      "helpful": "0",
      "polarity": "",
      "rate": 5,
      "response": "",
      "response_date": "",
      "review": "Excellent app, works best",
      "review_date": [
        "July",
        "15",
        " 2018"
      ]
    },
    {
      "REQ_subtype": "",
      "REQ_type": "",
      "_id": 22,
      "author_id": "not defined",
      "author_name": "Joseph Cook",
      "helpful": "0",
      "polarity": "",
      "rate": 5,
      "response": "",
      "response_date": "",
      "review": "Just so good to be honest",
      "review_date": [
        "July",
        "15",
        " 2018"
      ]
    },
    {
      "REQ_subtype": "",
      "REQ_type": "",
      "_id": 23,
      "author_id": "not defined",
      "author_name": "Alex Lee",
      "helpful": "0",
      "polarity": "",
      "rate": 5,
      "response": "",
      "response_date": "",
      "review": "Convenient n fast",
      "review_date": [
        "July",
        "15",
        " 2018"
      ]
    },
    {
      "REQ_subtype": "",
      "REQ_type": "",
      "_id": 24,
      "author_id": "not defined",
      "author_name": "A Google user",
      "helpful": "1",
      "polarity": "",
      "rate": 5,
      "response": "",
      "response_date": "",
      "review": "Am lovin it",
      "review_date": [
        "July",
        "12",
        " 2018"
      ]
    },
    {
      "REQ_subtype": "",
      "REQ_type": "",
      "_id": 25,
      "author_id": "not defined",
      "author_name": "ale sutowo",
      "helpful": "0",
      "polarity": "",
      "rate": 5,
      "response": "",
      "response_date": "",
      "review": "good enough",
      "review_date": [
        "July",
        "15",
        " 2018"
      ]
    },
    {
      "REQ_subtype": "",
      "REQ_type": "",
      "_id": 26,
      "author_id": "not defined",
      "author_name": "A Google user",
      "helpful": "0",
      "polarity": "",
      "rate": 5,
      "response": "",
      "response_date": "",
      "review": "Awesome",
      "review_date": [
        "July",
        "15",
        " 2018"
      ]
    },
    {
      "REQ_subtype": "",
      "REQ_type": "",
      "_id": 27,
      "author_id": "not defined",
      "author_name": "Luis Maria Martinez Gonzalez",
      "helpful": "0",
      "polarity": "",
      "rate": 5,
      "response": "",
      "response_date": "",
      "review": "Perfecta para enviar mis fotos entre dispositivos. Del resto no puedo \nopinar.",
      "review_date": [
        "July",
        "11",
        " 2018"
      ]
    },
    {
      "REQ_subtype": "",
      "REQ_type": "",
      "_id": 28,
      "author_id": "not defined",
      "author_name": "A Google user",
      "helpful": "0",
      "polarity": "",
      "rate": 5,
      "response": "",
      "response_date": "",
      "review": "Simply easy ... Worth every penny",
      "review_date": [
        "July",
        "11",
        " 2018"
      ]
    },
    {
      "REQ_subtype": "",
      "REQ_type": "",
      "_id": 29,
      "author_id": "not defined",
      "author_name": "hendika dimas",
      "helpful": "1",
      "polarity": "",
      "rate": 5,
      "response": "",
      "response_date": "",
      "review": "Awesome",
      "review_date": [
        "July",
        "11",
        " 2018"
      ]
    },
    {
      "REQ_subtype": "",
      "REQ_type": "",
      "_id": 30,
      "author_id": "not defined",
      "author_name": "A Google user",
      "helpful": "6",
      "polarity": "",
      "rate": 3,
      "response": "Sorry to hear that. Send Anywhere is an internet-based service. Depending on the network you use, a transmission may be delayed or paused. Please try to transfer after checking your network condition(network cable, Wi-fi router, etc) If the issue still persists, please let us know the exact key or link that fails to transfer at support@estmob.com.",
      "response_date": [
        "July",
        "4",
        " 2018"
      ],
      "review": "This app is nice but there have been times I didn't have the opportunity to \nstand next to the person I'm sending a file to, which was frustrating. My \n\"share link\" did not/ does not work. By that being my 2nd \"go-to\" this app \nis worthless to me now. Thnks",
      "review_date": [
        "July",
        "3",
        " 2018"
      ]
    },
    {
      "REQ_subtype": "",
      "REQ_type": "",
      "_id": 31,
      "author_id": "not defined",
      "author_name": "Sandeep k",
      "helpful": "3",
      "polarity": "",
      "rate": 5,
      "response": "",
      "response_date": "",
      "review": "Love this app! Been my daily driver for a long time! It simply works! Other \nsimilar apps hve a lot of ads popping up every now and then, but not in \nthis one!",
      "review_date": [
        "July",
        "1",
        " 2018"
      ]
    },
    {
      "REQ_subtype": "",
      "REQ_type": "",
      "_id": 32,
      "author_id": "not defined",
      "author_name": "A Google user",
      "helpful": "3",
      "polarity": "",
      "rate": 3,
      "response": "Thanks for your feedback. You mean 'Wifi Direct Transfer'? This issue is occurring to a small number of users with some specific Android devices, so our team works hard on improvements of Wi-Fi Direct transfer. We appreciate your patience while updating this! If you have any further question, please feel free to contact us at support@estmob.com.",
      "response_date": [
        "July",
        "4",
        " 2018"
      ],
      "review": "One of best apps ever.... Send and receive multiple files to cell phone \nandroid device iPad your PC WITH MESSY cables... Must have wifi.... \nUPDATE...doesn't work half the time....now 3 stars",
      "review_date": [
        "July",
        "4",
        " 2018"
      ]
    },
    {
      "REQ_subtype": "",
      "REQ_type": "",
      "_id": 33,
      "author_id": "not defined",
      "author_name": "Piotr Waniek",
      "helpful": "0",
      "polarity": "",
      "rate": 5,
      "response": "",
      "response_date": "",
      "review": "This is by far the easiest way to send files between my devices. It's as \nsimple as dragging a file on my computer and then using the camera on my \nphone to scan the QR code. Easy peasy lemon sqeezey",
      "review_date": [
        "June",
        "27",
        " 2018"
      ]
    },
    {
      "REQ_subtype": "",
      "REQ_type": "",
      "_id": 34,
      "author_id": "not defined",
      "author_name": "Warren Moore",
      "helpful": "1",
      "polarity": "",
      "rate": 1,
      "response": "Sorry to hear that. Send Anywhere is an internet-based service. Depending on the network you use, a transmission may be delayed or paused. Please try to transfer after checking your network condition(network cable, Wi-fi router, etc) If the issue still persists, please let us know the exact key or link that fails to transfer at support@estmob.com",
      "response_date": [
        "July",
        "5",
        " 2018"
      ],
      "review": "This app is garbage. Every time my friend sends me link it begins the \ntransfer and cancels well before its done. We have tried it like 10 times. \nSo frustrated!",
      "review_date": [
        "July",
        "5",
        " 2018"
      ]
    },
    {
      "REQ_subtype": "",
      "REQ_type": "",
      "_id": 35,
      "author_id": "not defined",
      "author_name": "Farida Stw",
      "helpful": "0",
      "polarity": "",
      "rate": 2,
      "response": "Wifi-direct transfer only works between Android device and both sending and receiving devices needs to be in the close proximity. so you can't transfer via Wifi-direct from android to PC. Our team works hard on improvements of this. We appreciate your patience while updating this!",
      "response_date": [
        "July",
        "3",
        " 2018"
      ],
      "review": "Wifi direct feature creates an error in 10-15 sec of activation and hotspot \ngets disabbled ,help please... Cant connect to computer ..... Help please \n...desktop app lags.. The app is great but please add feature to share the \ndocument direct through sendanywhere wifi direct as only normal sharing is \navailable from my giles & increase the speed with wifi direct and less up \nthe app. But please work hard on speed of transfer for 5*. And also \nconnecting to another device make difficult and consumes more time.. \"And \nmake your app on android 4.0 above versions also so there there will be \nmuch more downloads. Please\"",
      "review_date": [
        "July",
        "2",
        " 2018"
      ]
    },
    {
      "REQ_subtype": "",
      "REQ_type": "",
      "_id": 36,
      "author_id": "not defined",
      "author_name": "Ashley Mixson",
      "helpful": "3",
      "polarity": "",
      "rate": 5,
      "response": "",
      "response_date": "",
      "review": "An amazing app! The interface is nice and clean and it's so easy to use. I \nalso like that there's more than one way to transfer files. I wish I'd know \nabout this app years ago!",
      "review_date": [
        "June",
        "28",
        " 2018"
      ]
    },
    {
      "REQ_subtype": "",
      "REQ_type": "",
      "_id": 37,
      "author_id": "not defined",
      "author_name": "A Google user",
      "helpful": "0",
      "polarity": "",
      "rate": 5,
      "response": "",
      "response_date": "",
      "review": "Perfect, short n sweet. No complicated connections involved. After a long \ntime, someone has come up with some innovative thinking. Works perfectly on \nall platforms. This app had no barriers. Loved it.",
      "review_date": [
        "July",
        "7",
        " 2018"
      ]
    },
    {
      "REQ_subtype": "",
      "REQ_type": "",
      "_id": 38,
      "author_id": "not defined",
      "author_name": "Artyom Nedelin",
      "helpful": "0",
      "polarity": "",
      "rate": 1,
      "response": "Hi, We are sorry to hear that! If you face any difficulties with the app please feel free to get in touch with our support team(support@estmob.com). You can always send an inquiry by tapping the [Send Feedback] in our app. We will gladly help you.",
      "response_date": [
        "July",
        "10",
        " 2018"
      ],
      "review": "Hard to use. Doesn't work properly for sending documents. Don't recommend.",
      "review_date": [
        "July",
        "8",
        " 2018"
      ]
    },
    {
      "REQ_subtype": "",
      "REQ_type": "",
      "_id": 39,
      "author_id": "not defined",
      "author_name": "Elaine Walsh",
      "helpful": "1",
      "polarity": "",
      "rate": 5,
      "response": "",
      "response_date": "",
      "review": "I tried a few different ways to export my contacts- I started to feel like \nmy Mum- and then I discovered this app. Sanity saved. I'm sure there's \nplenty more functionality. But I haven't experienced it get.",
      "review_date": [
        "July",
        "5",
        " 2018"
      ]
    },
    {
      "REQ_subtype": "",
      "REQ_type": "",
      "_id": 40,
      "author_id": "not defined",
      "author_name": "Jose Garcia",
      "helpful": "0",
      "polarity": "",
      "rate": 5,
      "response": "",
      "response_date": "",
      "review": "I love this app because it allows me to transfer files easily between my \ncell phone and my laptop. It even allow me to bypass my work laptops \nsecurity, which prevents me from transferring from my cellphone and laptop \nby cable. Also useful since my company won't allow us to use drop box on \nour laptops. So I can transfer it off my cellphone",
      "review_date": [
        "July",
        "5",
        " 2018"
      ]
    },
    {
      "REQ_subtype": "",
      "REQ_type": "",
      "_id": 41,
      "author_id": "not defined",
      "author_name": "Gabo Alvarez",
      "helpful": "1",
      "polarity": "",
      "rate": 3,
      "response": "Thanks for your feedback. You mean 'Wifi Direct Transfer'? This issue is occurring to a small number of users with some specific Android devices, so our team works hard on improvements of Wi-Fi Direct transfer. We appreciate your patience while updating this! If you have any further question, please feel free to contact us at support@estmob.com.",
      "response_date": [
        "July",
        "3",
        " 2018"
      ],
      "review": "Potentially good: Wifi only transfers are not working in Android 8; it gets \nstuck and never gives the mentioned code for the transfer (even the timer \nis not running).",
      "review_date": [
        "June",
        "29",
        " 2018"
      ]
    },
    {
      "REQ_subtype": "",
      "REQ_type": "",
      "_id": 42,
      "author_id": "not defined",
      "author_name": "Ramana Balachandhran",
      "helpful": "0",
      "polarity": "",
      "rate": 5,
      "response": "",
      "response_date": "",
      "review": "Pretty neat. Solves the problem of sharing media files from Apple\u2122 devices.",
      "review_date": [
        "July",
        "4",
        " 2018"
      ]
    },
    {
      "REQ_subtype": "",
      "REQ_type": "",
      "_id": 43,
      "author_id": "not defined",
      "author_name": "Mervyn Beamish",
      "helpful": "0",
      "polarity": "",
      "rate": 2,
      "response": "Sorry to hear that. The original files are transferred as they are between devices of various platforms without any file corruption. It is very likely that the file itself has the problem. Please check the file to transfer again.",
      "response_date": [
        "July",
        "6",
        " 2018"
      ],
      "review": "Worked well until last couple of weeks then transferred media files became \ncorrupted and were not readable. ANDROID TO WINDOWS 10",
      "review_date": [
        "July",
        "5",
        " 2018"
      ]
    },
    {
      "REQ_subtype": "",
      "REQ_type": "",
      "_id": 44,
      "author_id": "not defined",
      "author_name": "Athili kolakhe",
      "helpful": "0",
      "polarity": "",
      "rate": 1,
      "response": "Hi, Sorry to hear that. This issue is occurring to a small number of users with some specific Android devices, so our team works hard on improvements. We appreciate your patience while updating this! If you have any further question, please feel free to contact us at support@estmob.com.",
      "response_date": [
        "May",
        "25",
        " 2018"
      ],
      "review": "Officially given up on this app. Eagerly updated and it happens again. \nAnother problem!!! This time it takes forever to setup the \"wifi direct\" \nconnection. Then the other device can't connect",
      "review_date": [
        "June",
        "29",
        " 2018"
      ]
    },
    {
      "REQ_subtype": "",
      "REQ_type": "",
      "_id": 45,
      "author_id": "not defined",
      "author_name": "Nicodemus Tirade",
      "helpful": "4",
      "polarity": "",
      "rate": 1,
      "response": "Sorry to hear that. Can you please one more test that has the same problem after delete Send Anywhere app and re-install the latest version? If the issue still persists, please let us know the exact number key or share-link which you have trouble at support@estmob.com You also can always contact us by tapping the [Send Feedback] in our app.",
      "response_date": [
        "July",
        "3",
        " 2018"
      ],
      "review": "Broken app. It would not function as described.",
      "review_date": [
        "July",
        "2",
        " 2018"
      ]
    },
    {
      "REQ_subtype": "",
      "REQ_type": "",
      "_id": 46,
      "author_id": "not defined",
      "author_name": "S\u0142awomir Jakubowski",
      "helpful": "2",
      "polarity": "",
      "rate": 5,
      "response": "",
      "response_date": "",
      "review": "Perfect app to transfer files. Easy to use. 100% better than ShareIt.",
      "review_date": [
        "June",
        "29",
        " 2018"
      ]
    },
    {
      "REQ_subtype": "",
      "REQ_type": "",
      "_id": 47,
      "author_id": "not defined",
      "author_name": "Daniel Rowland",
      "helpful": "0",
      "polarity": "",
      "rate": 5,
      "response": "",
      "response_date": "",
      "review": "Good app. Has a few adds but they don't take up the whole screen like other \napps. Works perfect for what it is.",
      "review_date": [
        "July",
        "9",
        " 2018"
      ]
    },
    {
      "REQ_subtype": "",
      "REQ_type": "",
      "_id": 48,
      "author_id": "not defined",
      "author_name": "alex altmann",
      "helpful": "1",
      "polarity": "",
      "rate": 5,
      "response": "",
      "response_date": "",
      "review": "Amazing send High def vibe pics anything easy-to-use for everyone",
      "review_date": [
        "July",
        "1",
        " 2018"
      ]
    },
    {
      "REQ_subtype": "",
      "REQ_type": "",
      "_id": 49,
      "author_id": "not defined",
      "author_name": "A Google user",
      "helpful": "0",
      "polarity": "",
      "rate": 5,
      "response": "",
      "response_date": "",
      "review": "Easy to use especially for Android to ios transfers and even for phone to \nlaptop transfers. No need to e-mail or use USB drives.",
      "review_date": [
        "July",
        "10",
        " 2018"
      ]
    },
    {
      "REQ_subtype": "",
      "REQ_type": "",
      "_id": 50,
      "author_id": "not defined",
      "author_name": "Muthappa Srinivasan",
      "helpful": "1",
      "polarity": "",
      "rate": 5,
      "response": "",
      "response_date": "",
      "review": "Very handy and very much easy to transfer files to any where.",
      "review_date": [
        "July",
        "3",
        " 2018"
      ]
    },
    {
      "REQ_subtype": "",
      "REQ_type": "",
      "_id": 51,
      "author_id": "not defined",
      "author_name": "Vivek Gowda",
      "helpful": "0",
      "polarity": "",
      "rate": 5,
      "response": "",
      "response_date": "",
      "review": "Super Cool its awesome u people r great very simple to use am fan now.",
      "review_date": [
        "July",
        "7",
        " 2018"
      ]
    },
    {
      "REQ_subtype": "",
      "REQ_type": "",
      "_id": 52,
      "author_id": "not defined",
      "author_name": "Jeff Robertson",
      "helpful": "1",
      "polarity": "",
      "rate": 5,
      "response": "",
      "response_date": "",
      "review": "Smoking fast! Really great for transfers in either direction.",
      "review_date": [
        "June",
        "28",
        " 2018"
      ]
    },
    {
      "REQ_subtype": "",
      "REQ_type": "",
      "_id": 53,
      "author_id": "not defined",
      "author_name": "toxic pizza",
      "helpful": "1",
      "polarity": "",
      "rate": 5,
      "response": "",
      "response_date": "",
      "review": "This app is so easy to use and its very useful",
      "review_date": [
        "June",
        "30",
        " 2018"
      ]
    },
    {
      "REQ_subtype": "",
      "REQ_type": "",
      "_id": 54,
      "author_id": "not defined",
      "author_name": "Hamid Ghorbani",
      "helpful": "0",
      "polarity": "",
      "rate": 1,
      "response": "Sorry to hear that. Send Anywhere is an internet-based service. Depending on the network you're using, a transmission may be delayed or paused. Please try to transfer after checking your network condition(network cable, Wi-fi router, etc) If issue still persists, please let us know the exact transfer key that fails to transfer at support@estmob.com",
      "response_date": [
        "July",
        "3",
        " 2018"
      ],
      "review": "Very slow in data transfer",
      "review_date": [
        "June",
        "30",
        " 2018"
      ]
    },
    {
      "REQ_subtype": "",
      "REQ_type": "",
      "_id": 55,
      "author_id": "not defined",
      "author_name": "Shirisha Peram",
      "helpful": "1",
      "polarity": "",
      "rate": 5,
      "response": "",
      "response_date": "",
      "review": "Images are very good clarity I love this app",
      "review_date": [
        "June",
        "30",
        " 2018"
      ]
    },
    {
      "REQ_subtype": "",
      "REQ_type": "",
      "_id": 56,
      "author_id": "not defined",
      "author_name": "Haseeb Tabassum",
      "helpful": "1",
      "polarity": "",
      "rate": 5,
      "response": "",
      "response_date": "",
      "review": "Best app to transfer files super fast",
      "review_date": [
        "June",
        "27",
        " 2018"
      ]
    },
    {
      "REQ_subtype": "",
      "REQ_type": "",
      "_id": 57,
      "author_id": "not defined",
      "author_name": "al rod",
      "helpful": "0",
      "polarity": "",
      "rate": 5,
      "response": "",
      "response_date": "",
      "review": "Awesome app. Send and receive with no issues, iPhone to Android. Windows to \nandroid. must have app",
      "review_date": [
        "July",
        "9",
        " 2018"
      ]
    },
    {
      "REQ_subtype": "",
      "REQ_type": "",
      "_id": 58,
      "author_id": "not defined",
      "author_name": "Scud Rock",
      "helpful": "0",
      "polarity": "",
      "rate": 5,
      "response": "",
      "response_date": "",
      "review": "Fantastic Job with this one! Easy to share whatever you need with whomever \nyou need to. Super quick!",
      "review_date": [
        "July",
        "2",
        " 2018"
      ]
    },
    {
      "REQ_subtype": "",
      "REQ_type": "",
      "_id": 59,
      "author_id": "not defined",
      "author_name": "Jenny ChanHoiLam",
      "helpful": "1",
      "polarity": "",
      "rate": 5,
      "response": "",
      "response_date": "",
      "review": "The best sharing app!\ud83d\udc9c",
      "review_date": [
        "July",
        "7",
        " 2018"
      ]
    },
    {
      "REQ_subtype": "",
      "REQ_type": "",
      "_id": 60,
      "author_id": "not defined",
      "author_name": "Tinnapop Touarawong",
      "helpful": "0",
      "polarity": "",
      "rate": 5,
      "response": "",
      "response_date": "",
      "review": "This app is very simple to sharing any files. I love it so much.",
      "review_date": [
        "July",
        "10",
        " 2018"
      ]
    },
    {
      "REQ_subtype": "",
      "REQ_type": "",
      "_id": 61,
      "author_id": "not defined",
      "author_name": "chandra kanth",
      "helpful": "2",
      "polarity": "",
      "rate": 5,
      "response": "",
      "response_date": "",
      "review": "Easy way to transfer files",
      "review_date": [
        "July",
        "5",
        " 2018"
      ]
    },
    {
      "REQ_subtype": "",
      "REQ_type": "",
      "_id": 62,
      "author_id": "not defined",
      "author_name": "Jack LeMaster",
      "helpful": "1",
      "polarity": "",
      "rate": 5,
      "response": "",
      "response_date": "",
      "review": "Much faster than Bluetooth!",
      "review_date": [
        "July",
        "4",
        " 2018"
      ]
    },
    {
      "REQ_subtype": "",
      "REQ_type": "",
      "_id": 63,
      "author_id": "not defined",
      "author_name": "sunil Kumar",
      "helpful": "0",
      "polarity": "",
      "rate": 5,
      "response": "",
      "response_date": "",
      "review": "Gajab aap hai...file transfer mein isse upar koi nhi....no.1 app hai....",
      "review_date": [
        "July",
        "9",
        " 2018"
      ]
    },
    {
      "REQ_subtype": "",
      "REQ_type": "",
      "_id": 64,
      "author_id": "not defined",
      "author_name": "ARNALDO SANTIAGO",
      "helpful": "1",
      "polarity": "",
      "rate": 5,
      "response": "",
      "response_date": "",
      "review": "Perfectly meet my expectation\ud83d\udc4d",
      "review_date": [
        "July",
        "6",
        " 2018"
      ]
    },
    {
      "REQ_subtype": "",
      "REQ_type": "",
      "_id": 65,
      "author_id": "not defined",
      "author_name": "Wahyu Yudha",
      "helpful": "0",
      "polarity": "",
      "rate": 1,
      "response": "In the Sending device, create a 6-digit key or share-link then enter the key in the receiving device (or you can scan the QR code).\nHere's the link where you can learn more:\n- How to send files: https://goo.gl/E7NDKp\n- How to receive files: https://goo.gl/GxjURD",
      "response_date": [
        "July",
        "4",
        " 2018"
      ],
      "review": "How to transfer from phone to pc?",
      "review_date": [
        "July",
        "3",
        " 2018"
      ]
    },
    {
      "REQ_subtype": "",
      "REQ_type": "",
      "_id": 66,
      "author_id": "not defined",
      "author_name": "A Google user",
      "helpful": "1",
      "polarity": "",
      "rate": 5,
      "response": "",
      "response_date": "",
      "review": "All good, so far",
      "review_date": [
        "July",
        "2",
        " 2018"
      ]
    },
    {
      "REQ_subtype": "",
      "REQ_type": "",
      "_id": 67,
      "author_id": "not defined",
      "author_name": "Mohamed Azaruthin",
      "helpful": "1",
      "polarity": "",
      "rate": 4,
      "response": "",
      "response_date": "",
      "review": "It's very nice.i like it",
      "review_date": [
        "July",
        "7",
        " 2018"
      ]
    },
    {
      "REQ_subtype": "",
      "REQ_type": "",
      "_id": 68,
      "author_id": "not defined",
      "author_name": "RAKESH VERMA",
      "helpful": "0",
      "polarity": "",
      "rate": 5,
      "response": "",
      "response_date": "",
      "review": "Must have app for everyone. .\u2661",
      "review_date": [
        "July",
        "10",
        " 2018"
      ]
    },
    {
      "REQ_subtype": "",
      "REQ_type": "",
      "_id": 69,
      "author_id": "not defined",
      "author_name": "A Google user",
      "helpful": "1",
      "polarity": "",
      "rate": 5,
      "response": "",
      "response_date": "",
      "review": "easy to use app!!",
      "review_date": [
        "July",
        "8",
        " 2018"
      ]
    },
    {
      "REQ_subtype": "",
      "REQ_type": "",
      "_id": 70,
      "author_id": "not defined",
      "author_name": "Jeremy Thomas",
      "helpful": "1",
      "polarity": "",
      "rate": 5,
      "response": "",
      "response_date": "",
      "review": "Its a great app and it delivers",
      "review_date": [
        "June",
        "30",
        " 2018"
      ]
    },
    {
      "REQ_subtype": "",
      "REQ_type": "",
      "_id": 71,
      "author_id": "not defined",
      "author_name": "London Wellham",
      "helpful": "0",
      "polarity": "",
      "rate": 5,
      "response": "",
      "response_date": "",
      "review": "Cool app when you have 2 different carriers!",
      "review_date": [
        "July",
        "1",
        " 2018"
      ]
    },
    {
      "REQ_subtype": "",
      "REQ_type": "",
      "_id": 72,
      "author_id": "not defined",
      "author_name": "A Google user",
      "helpful": "1",
      "polarity": "",
      "rate": 5,
      "response": "",
      "response_date": "",
      "review": "Best application in android Market......",
      "review_date": [
        "July",
        "8",
        " 2018"
      ]
    },
    {
      "REQ_subtype": "",
      "REQ_type": "",
      "_id": 73,
      "author_id": "not defined",
      "author_name": "A Google user",
      "helpful": "0",
      "polarity": "",
      "rate": 5,
      "response": "",
      "response_date": "",
      "review": "So good for wifi direct transfering. Easy to use",
      "review_date": [
        "July",
        "9",
        " 2018"
      ]
    },
    {
      "REQ_subtype": "",
      "REQ_type": "",
      "_id": 74,
      "author_id": "not defined",
      "author_name": "Brost Family",
      "helpful": "0",
      "polarity": "",
      "rate": 5,
      "response": "",
      "response_date": "",
      "review": "I love it. It helps me send stuff",
      "review_date": [
        "July",
        "7",
        " 2018"
      ]
    },
    {
      "REQ_subtype": "",
      "REQ_type": "",
      "_id": 75,
      "author_id": "not defined",
      "author_name": "Diego Sifontes",
      "helpful": "0",
      "polarity": "",
      "rate": 5,
      "response": "",
      "response_date": "",
      "review": "This is what I was looking for. Amazing app. A bridge between Android and \niOS.",
      "review_date": [
        "July",
        "7",
        " 2018"
      ]
    },
    {
      "REQ_subtype": "",
      "REQ_type": "",
      "_id": 76,
      "author_id": "not defined",
      "author_name": "Nikki Ortega",
      "helpful": "0",
      "polarity": "",
      "rate": 5,
      "response": "",
      "response_date": "",
      "review": "Does exactly what it says it will do! Love it",
      "review_date": [
        "July",
        "7",
        " 2018"
      ]
    },
    {
      "REQ_subtype": "",
      "REQ_type": "",
      "_id": 77,
      "author_id": "not defined",
      "author_name": "Myint Lwin",
      "helpful": "1",
      "polarity": "",
      "rate": 5,
      "response": "",
      "response_date": "",
      "review": "Awesome, love it.",
      "review_date": [
        "July",
        "4",
        " 2018"
      ]
    },
    {
      "REQ_subtype": "",
      "REQ_type": "",
      "_id": 78,
      "author_id": "not defined",
      "author_name": "A Google user",
      "helpful": "0",
      "polarity": "",
      "rate": 5,
      "response": "",
      "response_date": "",
      "review": "Easy to use when sharing between iphone and android.",
      "review_date": [
        "June",
        "28",
        " 2018"
      ]
    },
    {
      "REQ_subtype": "",
      "REQ_type": "",
      "_id": 79,
      "author_id": "not defined",
      "author_name": "Cristina Neuner",
      "helpful": "0",
      "polarity": "",
      "rate": 5,
      "response": "",
      "response_date": "",
      "review": "This app is great and uncomplicated. I love it",
      "review_date": [
        "July",
        "2",
        " 2018"
      ]
    },
    {
      "REQ_subtype": "",
      "REQ_type": "",
      "_id": 80,
      "author_id": "not defined",
      "author_name": "muhd hamizan",
      "helpful": "0",
      "polarity": "",
      "rate": 5,
      "response": "",
      "response_date": "",
      "review": "Good app easiest way to transfer data",
      "review_date": [
        "June",
        "29",
        " 2018"
      ]
    },
    {
      "REQ_subtype": "",
      "REQ_type": "",
      "_id": 81,
      "author_id": "not defined",
      "author_name": "Arata Kaizaki",
      "helpful": "0",
      "polarity": "",
      "rate": 5,
      "response": "",
      "response_date": "",
      "review": "Best file-sharing app ever!",
      "review_date": [
        "July",
        "7",
        " 2018"
      ]
    },
    {
      "REQ_subtype": "",
      "REQ_type": "",
      "_id": 82,
      "author_id": "not defined",
      "author_name": "A Google user",
      "helpful": "0",
      "polarity": "",
      "rate": 4,
      "response": "",
      "response_date": "",
      "review": "Simple and practical, does the job well.",
      "review_date": [
        "July",
        "13",
        " 2018"
      ]
    },
    {
      "REQ_subtype": "",
      "REQ_type": "",
      "_id": 83,
      "author_id": "not defined",
      "author_name": "Steve Grace",
      "helpful": "0",
      "polarity": "",
      "rate": 5,
      "response": "",
      "response_date": "",
      "review": "Brilliant does exactly what I want.",
      "review_date": [
        "July",
        "4",
        " 2018"
      ]
    },
    {
      "REQ_subtype": "",
      "REQ_type": "",
      "_id": 84,
      "author_id": "not defined",
      "author_name": "A Google user",
      "helpful": "1",
      "polarity": "",
      "rate": 5,
      "response": "",
      "response_date": "",
      "review": "Its very goood",
      "review_date": [
        "June",
        "28",
        " 2018"
      ]
    },
    {
      "REQ_subtype": "",
      "REQ_type": "",
      "_id": 85,
      "author_id": "not defined",
      "author_name": "Antonio M.",
      "helpful": "3",
      "polarity": "",
      "rate": 5,
      "response": "",
      "response_date": "",
      "review": "Awesome!",
      "review_date": [
        "July",
        "2",
        " 2018"
      ]
    },
    {
      "REQ_subtype": "",
      "REQ_type": "",
      "_id": 86,
      "author_id": "not defined",
      "author_name": "Ulli Tietze",
      "helpful": "0",
      "polarity": "",
      "rate": 5,
      "response": "",
      "response_date": "",
      "review": "Super easy and works without problems",
      "review_date": [
        "July",
        "7",
        " 2018"
      ]
    },
    {
      "REQ_subtype": "",
      "REQ_type": "",
      "_id": 87,
      "author_id": "not defined",
      "author_name": "boobalan saravanan",
      "helpful": "1",
      "polarity": "",
      "rate": 5,
      "response": "",
      "response_date": "",
      "review": "One of the best .",
      "review_date": [
        "July",
        "7",
        " 2018"
      ]
    },
    {
      "REQ_subtype": "",
      "REQ_type": "",
      "_id": 88,
      "author_id": "not defined",
      "author_name": "A Google user",
      "helpful": "1",
      "polarity": "",
      "rate": 5,
      "response": "",
      "response_date": "",
      "review": "Game changer.",
      "review_date": [
        "July",
        "4",
        " 2018"
      ]
    },
    {
      "REQ_subtype": "",
      "REQ_type": "",
      "_id": 89,
      "author_id": "not defined",
      "author_name": "amy mcdowell",
      "helpful": "1",
      "polarity": "",
      "rate": 5,
      "response": "",
      "response_date": "",
      "review": "Amazing iPhone to Android and Android to iPhone",
      "review_date": [
        "July",
        "7",
        " 2018"
      ]
    },
    {
      "REQ_subtype": "",
      "REQ_type": "",
      "_id": 90,
      "author_id": "not defined",
      "author_name": "rahul garg",
      "helpful": "2",
      "polarity": "",
      "rate": 5,
      "response": "",
      "response_date": "",
      "review": "Perfect excellent",
      "review_date": [
        "June",
        "28",
        " 2018"
      ]
    },
    {
      "REQ_subtype": "",
      "REQ_type": "",
      "_id": 91,
      "author_id": "not defined",
      "author_name": "Keyunia Burley",
      "helpful": "1",
      "polarity": "",
      "rate": 5,
      "response": "",
      "response_date": "",
      "review": "Love it!!!",
      "review_date": [
        "July",
        "6",
        " 2018"
      ]
    },
    {
      "REQ_subtype": "",
      "REQ_type": "",
      "_id": 92,
      "author_id": "not defined",
      "author_name": "Dime Georgievski",
      "helpful": "2",
      "polarity": "",
      "rate": 5,
      "response": "",
      "response_date": "",
      "review": "Lovee",
      "review_date": [
        "July",
        "1",
        " 2018"
      ]
    },
    {
      "REQ_subtype": "",
      "REQ_type": "",
      "_id": 93,
      "author_id": "not defined",
      "author_name": "Ardavan Kamkar",
      "helpful": "0",
      "polarity": "",
      "rate": 5,
      "response": "",
      "response_date": "",
      "review": "Love it Goog work",
      "review_date": [
        "July",
        "10",
        " 2018"
      ]
    },
    {
      "REQ_subtype": "",
      "REQ_type": "",
      "_id": 94,
      "author_id": "not defined",
      "author_name": "corey salery",
      "helpful": "1",
      "polarity": "",
      "rate": 5,
      "response": "",
      "response_date": "",
      "review": "Great app",
      "review_date": [
        "July",
        "3",
        " 2018"
      ]
    },
    {
      "REQ_subtype": "",
      "REQ_type": "",
      "_id": 95,
      "author_id": "not defined",
      "author_name": "ANIL SONUNE",
      "helpful": "1",
      "polarity": "",
      "rate": 5,
      "response": "",
      "response_date": "",
      "review": "Awesome",
      "review_date": [
        "June",
        "30",
        " 2018"
      ]
    },
    {
      "REQ_subtype": "",
      "REQ_type": "",
      "_id": 96,
      "author_id": "not defined",
      "author_name": "Dhil DInu",
      "helpful": "1",
      "polarity": "",
      "rate": 5,
      "response": "",
      "response_date": "",
      "review": "Good",
      "review_date": [
        "June",
        "30",
        " 2018"
      ]
    },
    {
      "REQ_subtype": "",
      "REQ_type": "",
      "_id": 97,
      "author_id": "not defined",
      "author_name": "A Google user",
      "helpful": "1",
      "polarity": "",
      "rate": 5,
      "response": "",
      "response_date": "",
      "review": "Nice",
      "review_date": [
        "June",
        "30",
        " 2018"
      ]
    },
    {
      "REQ_subtype": "",
      "REQ_type": "",
      "_id": 98,
      "author_id": "not defined",
      "author_name": "Siow Kee Teoh",
      "helpful": "1",
      "polarity": "",
      "rate": 5,
      "response": "",
      "response_date": "",
      "review": "Love it",
      "review_date": [
        "July",
        "6",
        " 2018"
      ]
    },
    {
      "REQ_subtype": "",
      "REQ_type": "",
      "_id": 99,
      "author_id": "not defined",
      "author_name": "Jonil Camargo",
      "helpful": "1",
      "polarity": "",
      "rate": 5,
      "response": "",
      "response_date": "",
      "review": "Good",
      "review_date": [
        "July",
        "3",
        " 2018"
      ]
    },
    {
      "REQ_subtype": "",
      "REQ_type": "",
      "_id": 100,
      "author_id": "not defined",
      "author_name": "Narendra Mehra",
      "helpful": "1",
      "polarity": "",
      "rate": 5,
      "response": "",
      "response_date": "",
      "review": "Excellent",
      "review_date": [
        "July",
        "3",
        " 2018"
      ]
    },
    {
      "REQ_subtype": "",
      "REQ_type": "",
      "_id": 101,
      "author_id": "not defined",
      "author_name": "thomas loyson",
      "helpful": "1",
      "polarity": "",
      "rate": 4,
      "response": "",
      "response_date": "",
      "review": "Good",
      "review_date": [
        "July",
        "3",
        " 2018"
      ]
    },
    {
      "REQ_subtype": "",
      "REQ_type": "",
      "_id": 102,
      "author_id": "not defined",
      "author_name": "jamie m",
      "helpful": "0",
      "polarity": "",
      "rate": 5,
      "response": "",
      "response_date": "",
      "review": "Brilliant",
      "review_date": [
        "July",
        "10",
        " 2018"
      ]
    },
    {
      "REQ_subtype": "",
      "REQ_type": "",
      "_id": 103,
      "author_id": "not defined",
      "author_name": "Sparky Jones",
      "helpful": "0",
      "polarity": "",
      "rate": 1,
      "response": "Hi, Thank you for the feedback! We are running ads in our apps in right ways. There do NEVER have any malicious spamware. We hope you do not misunderstand. If you have any questions, please feel free to get in touch with our support team(support@estmob.com). You can always send an inquiry by tapping the [Send Feedback] in our app.",
      "response_date": [
        "May",
        "14",
        " 2018"
      ],
      "review": "Not going to update just to get less functionality and more ads. Adding \nmore adverts just mean I'll install easyjoin instead. Free, open source and \nno ads. Goodbye",
      "review_date": [
        "June",
        "26",
        " 2018"
      ]
    },
    {
      "REQ_subtype": "",
      "REQ_type": "",
      "_id": 104,
      "author_id": "not defined",
      "author_name": "tinhoxiii",
      "helpful": "0",
      "polarity": "",
      "rate": 5,
      "response": "",
      "response_date": "",
      "review": "Did what I wanted so happy with results.",
      "review_date": [
        "June",
        "27",
        " 2018"
      ]
    },
    {
      "REQ_subtype": "",
      "REQ_type": "",
      "_id": 105,
      "author_id": "not defined",
      "author_name": "Oscar Orea",
      "helpful": "1",
      "polarity": "",
      "rate": 4,
      "response": "",
      "response_date": "",
      "review": "Great like n love",
      "review_date": [
        "June",
        "27",
        " 2018"
      ]
    },
    {
      "REQ_subtype": "",
      "REQ_type": "",
      "_id": 106,
      "author_id": "not defined",
      "author_name": "Dei Barney",
      "helpful": "0",
      "polarity": "",
      "rate": 5,
      "response": "",
      "response_date": "",
      "review": "Very easy to use from the very beginning. very fast transfers.",
      "review_date": [
        "June",
        "26",
        " 2018"
      ]
    },
    {
      "REQ_subtype": "",
      "REQ_type": "",
      "_id": 107,
      "author_id": "not defined",
      "author_name": "Mike Mead",
      "helpful": "0",
      "polarity": "",
      "rate": 5,
      "response": "",
      "response_date": "",
      "review": "Great program.",
      "review_date": [
        "June",
        "26",
        " 2018"
      ]
    },
    {
      "REQ_subtype": "",
      "REQ_type": "",
      "_id": 108,
      "author_id": "not defined",
      "author_name": "Grand Finale Art",
      "helpful": "0",
      "polarity": "",
      "rate": 5,
      "response": "",
      "response_date": "",
      "review": "I've used a bunch of this type of app, but this is the best by far. Large \ntransfers (over 100 files), tend to fail, but it shows you what did and did \nnot already send, which is great. I used to end up transferring the same \nfiles multiple times because I didn't know what had and and not gone \nthrough, but not anymore. It's easy to do, and you can use your phone while \nit runs in the background too. This app is worth upgrading simply to \nsupport the developer. It's that good.",
      "review_date": [
        "June",
        "25",
        " 2018"
      ]
    },
    {
      "REQ_subtype": "",
      "REQ_type": "",
      "_id": 109,
      "author_id": "not defined",
      "author_name": "A Google user",
      "helpful": "1",
      "polarity": "",
      "rate": 1,
      "response": "Since Send Anywhere transfers all files in its original format, if the files were already taken in HEIC, it may not be opened depending on receiving devices\u2019 setting or OS. To view the received HEIC file, you should use a viewer app that supports HEIC. Also, On your iPhone, after changing the setting, You can convert HEIC to JPG and transfer them.",
      "response_date": [
        "June",
        "25",
        " 2018"
      ],
      "review": "The one thing that I wanted the app for it didn't do. I wanted to transfer \na photos I took on my iPhone to my android phone. It seems it doesn't \nsupport Apple's recent new HEIC format. Shame as I would have bought it if \nit did.",
      "review_date": [
        "June",
        "24",
        " 2018"
      ]
    },
    {
      "REQ_subtype": "",
      "REQ_type": "",
      "_id": 110,
      "author_id": "not defined",
      "author_name": "Mandy Parsons",
      "helpful": "0",
      "polarity": "",
      "rate": 1,
      "response": "Sorry to hear that. Can you one more test that has the same problem after deleting our app and re-installing the latest version? Also, we know there are some issues in the Wi-Fi Direct and our engineering team is currently fixing. We will update the next version after fixing them. Meanwhile, you can make use of 6-digit key or Share-link.",
      "response_date": [
        "June",
        "18",
        " 2018"
      ],
      "review": "Seemed simple enough but didn't work. Transfered two out of 700 files \nbefore failing with wifi direct off. Couldn't even connect with wifi direct \nturned on. Waste of time.",
      "review_date": [
        "June",
        "18",
        " 2018"
      ]
    },
    {
      "REQ_subtype": "",
      "REQ_type": "",
      "_id": 111,
      "author_id": "not defined",
      "author_name": "Chinna Bujji",
      "helpful": "0",
      "polarity": "",
      "rate": 3,
      "response": "",
      "response_date": "",
      "review": "I thought this app transfers files faster than \"share it\". But it's too \nlazy. Not up to mark... Rather than file transfer speed, it's a very good \napp. It connects easily, performs fast.",
      "review_date": [
        "June",
        "8",
        " 2018"
      ]
    },
    {
      "REQ_subtype": "",
      "REQ_type": "",
      "_id": 112,
      "author_id": "not defined",
      "author_name": "Dave Stapley",
      "helpful": "0",
      "polarity": "",
      "rate": 5,
      "response": "",
      "response_date": "",
      "review": "Having used several cumbersome methods of moving pictures around, this app \nwas a good find. We have two android tablets, two android phones, two \nlaptop PC and a retired phone with tons of pictures. Send Anywhere made it \nan easy task of cleaning up picture files and transferring them between \ndevices. All done within our wi-fi. 2018 Update. Ad's are now intrusive \npop-ups, warning about your virus or memory full. Might have to look for \nanother FTP.",
      "review_date": [
        "June",
        "12",
        " 2018"
      ]
    },
    {
      "REQ_subtype": "",
      "REQ_type": "",
      "_id": 113,
      "author_id": "not defined",
      "author_name": "A Google user",
      "helpful": "0",
      "polarity": "",
      "rate": 3,
      "response": "Sorry for the inconvenience and glad to hear that work our app again after reinstall. Could you explain what occurred UI error? If you provide us the answer, I'll forward this to our engineering team to fix it ASAP. Please feel free to contact us at support@estmob.com. You also can always send an inquiry by tapping the [Send Feedback] in our app",
      "response_date": [
        "June",
        "25",
        " 2018"
      ],
      "review": "UI error, program became a mess, useless. (Work 1st time). What a pity \nAfter reinstall, work again. Really need to use and debug the program \nbefore release.",
      "review_date": [
        "June",
        "25",
        " 2018"
      ]
    },
    {
      "REQ_subtype": "",
      "REQ_type": "",
      "_id": 114,
      "author_id": "not defined",
      "author_name": "A Google user",
      "helpful": "7",
      "polarity": "",
      "rate": 1,
      "response": "Did you use Wifi Direct? Hope you don't misunderstanding. We know there are some bugs not to be able to transfer via the Wi-Fi Direct and our engineering team is currently fixing. We will update the next version after fixing them. Meanwhile, we would appreciate you to transfer the file via 6-digit key or shared link.",
      "response_date": [
        "June",
        "14",
        " 2018"
      ],
      "review": "The transfer of apps worked better then Bluetooth. This app opens when it \nis closed. I woke up twice to it having created a code to pair devices. Big \nred flag looks like a scam.",
      "review_date": [
        "June",
        "11",
        " 2018"
      ]
    },
    {
      "REQ_subtype": "",
      "REQ_type": "",
      "_id": 115,
      "author_id": "not defined",
      "author_name": "TheM4GICGAM3R",
      "helpful": "0",
      "polarity": "",
      "rate": 5,
      "response": "",
      "response_date": "",
      "review": "OMG \ud83d\ude31 This help when I was at work. Everyone saw me, so they all \ndownloaded it. Little embarrassed at first... But it turned \ud83d\udc4d good",
      "review_date": [
        "June",
        "1",
        " 2018"
      ]
    },
    {
      "REQ_subtype": "",
      "REQ_type": "",
      "_id": 116,
      "author_id": "not defined",
      "author_name": "Natalie Craig",
      "helpful": "1",
      "polarity": "",
      "rate": 5,
      "response": "",
      "response_date": "",
      "review": "Brilliant app! I've tried a few apps for sending between devices but a lot \nof them didn't work. This one does and it's so easy to use. Fab!",
      "review_date": [
        "June",
        "17",
        " 2018"
      ]
    },
    {
      "REQ_subtype": "",
      "REQ_type": "",
      "_id": 117,
      "author_id": "not defined",
      "author_name": "Prerna Deep",
      "helpful": "1",
      "polarity": "",
      "rate": 1,
      "response": "Sorry to hear that. Wifi direct functionality has not been supported due to the technical changes in Android OS. So we have no choice but to replace the existing method with the way of using the Nearby API of Google to reorganize the function. Our engineers are working hard to improve Wifi direct transfer faster. Please Wait for the next version.",
      "response_date": [
        "June",
        "21",
        " 2018"
      ],
      "review": "The app would keep searching and waiting for WiFi to transfer and won't \nconnect via hotspot. Keeps showing unstable network and even when connected \nit took half an hour to share 10 pictures. Super slow and lame app.",
      "review_date": [
        "June",
        "20",
        " 2018"
      ]
    },
    {
      "REQ_subtype": "",
      "REQ_type": "",
      "_id": 118,
      "author_id": "not defined",
      "author_name": "Kate Giovanni",
      "helpful": "0",
      "polarity": "",
      "rate": 5,
      "response": "",
      "response_date": "",
      "review": "I can transfer pictures in seconds and its simple. Previous apps have \nfrustrated me and took forever to accomplish, so indeed i love this app",
      "review_date": [
        "June",
        "10",
        " 2018"
      ]
    },
    {
      "REQ_subtype": "",
      "REQ_type": "",
      "_id": 119,
      "author_id": "not defined",
      "author_name": "A Google user",
      "helpful": "0",
      "polarity": "",
      "rate": 5,
      "response": "",
      "response_date": "",
      "review": "It's awesome it took me quite a while to find app that will let me transfer \nmy pictures from an iPod to an Android phone. This app does exactly what I \nneed it to do. It's super easy to do and an amazing app they did a great \njob with this app.",
      "review_date": [
        "June",
        "25",
        " 2018"
      ]
    }
  ],
  "size": "11",
  "url": "https://play.google.com/store/apps/details?id=com.estmob.android.sendanywhere",
  "version": "8.7.11"
}