{
  "categories": [
    "Productivity"
  ],
  "description": "To do list, Calendar and Reminders by Any.do is simply a MUST HAVE APP on every Android device (NYTimes, USA TODAY, WSJ & Lifehacker)Over 20 Million people trust Any.do to keep life under control and get things done. With To-do list, Calendar, Reminders and Daily planner in one app, you\u2019d be able to get more done.THE #1 TO DO LIST & TASK LISTSYNCS SEAMLESSLY between your mobile, desktop, web and tablet. Keeps all your to do list, tasks, reminders, calendar & agenda always in sync so you\u2019ll never forget a thingGET REMINDERS for a scheduled time, when you reach a particular location or set recurring reminders so you never miss a thingWORK TOGETHER with shared lists and assigned tasks to collaborate and get more done, with anyone.HOMESCREEN WIDGET with simple and powerful features to keep your to do list and calendar events always at handCOMBINED WITH A SIMPLE & POWERFUL CALENDAR OUTLOOKEASILY VIEW your events and to-do list & Tasks for the day, week & monthSYNC SEAMLESSLY in real time with your phone\u2019s calendar, google calendar, facebook events, outlook calendar or any other calendar so you don\u2019t forget an important eventFOLLOW UP WITH TASKS and action items after a meeting, while it's still fresh in your headALL-IN-ONE APP FOR GETTING THINGS DONETo easily create reminders we added voice entry so you can just speak your mind and we\u2019ll add it to your to do list. For better task management flow we added a calendar integration to keep your agenda always up to date. To enhance your productivity we added cross-platform support for recurring reminders, location reminders, sub-tasks, notes & file attachments. To keep your to-do list always up to date, we\u2019ve added a one-of-a-kind daily planner.TO DO LIST, CALENDAR & REMINDERS MADE SIMPLEAny.do was designed to keep you on top of your to do list and calendar each and every day with no hassle. Thanks to the intuitive drag and drop of tasks, swiping to mark to-do's as complete, and shaking your device to remove completed from your to do list - you can keep yourself organized and enjoy every minute of it.POWERFUL TASK LIST MANAGEMENTLooking for more? Add a to do list item straight from your email inbox by forwarding do@any.do. Attach files from your computer, Dropbox, or Google Drive to your tasks. Print, Export and share your lists of groceries and daily errands. Never forget to call back friends, family members or work colleagues thanks to our unique missed call reminder featureLIFE ORGANIZER & DAILY PLANNERAny.do is a to do list, a calendar, an inbox, a notepad, a checklist, task list, a board for post its or sticky notes, a project management tool, a reminders app, a daily planner, a family organizer, and overall the simplest and most useful productivity tool you will ever have. Best of all \u2013 it\u2019s free for basic use!SHARE LISTS & ASSIGN TASKSTo plan & organize projects has never been easier. Now you can share lists between family members, assign tasks to each other, chat and much more. Any.do will help you and the people around you stay in-sync and get reminders so that you can focus on what really matters, knowing that you had a productive day where you crossed many tasks off your to do listGROCERY LIST & SHOPPING LISTAny.do task list is also great for shopping at the grocery store. Right there on your to do list is a handy shopping list option that you can share with others. Forgot to buy post-it notes? Want reminders? Simply create a list on Any.do, share it with your loved ones and see them adding their shopping items in real time. You won\u2019t believe how you\u2019ve done shopping or grocery lists beforeCAPTURE WHAT'S ON YOUR MINDWith built-in speech recognition software, you can type less and do more. Quickly jotting down your thoughts is made easier thanks to Any.do\u2019s powerful auto-suggest that anticipates and notes thoughts for you and adds them to your to do list, subtasks or calendar",
  "inc": "Any.do",
  "intalled_count": "10,000,000",
  "last_update": [
    "July",
    "12",
    " 2018"
  ],
  "name": "Any.do: To-do list, Calendar, Reminders & Planner",
  "offered_by": "Google Commerce Ltd",
  "permissions": {
    "Identity": [
      "find accounts on the device",
      "add or remove accounts"
    ],
    "Calendar": [
      "read calendar events plus confidential information",
      "add or modify calendar events and send email to guests without owners' knowledge"
    ],
    "Contacts": [
      "find accounts on the device",
      "read your contacts"
    ],
    "Location": [
      "approximate location (network-based)",
      "precise location (GPS and network-based)"
    ],
    "Phone": [
      "read call log",
      "read phone status and identity"
    ],
    "Photos/Media/Files": [
      "read the contents of your USB storage",
      "modify or delete the contents of your USB storage"
    ],
    "Storage": [
      "read the contents of your USB storage",
      "modify or delete the contents of your USB storage"
    ],
    "Microphone": [
      "record audio"
    ],
    "Wi-Fi connection information": [
      "view Wi-Fi connections"
    ],
    "Device ID & call information": [
      "read phone status and identity"
    ],
    "Other": [
      "receive data from Internet",
      "view network connections",
      "create accounts and set passwords",
      "expand/collapse status bar",
      "full network access",
      "control Near Field Communication",
      "run at startup",
      "use accounts on the device",
      "control vibration",
      "prevent device from sleeping",
      "toggle sync on and off",
      "install shortcuts",
      "uninstall shortcuts",
      "read Google service configuration",
      "prevent device from sleeping"
    ]
  },
  "price": "",
  "rate": [
    [
      "297,249",
      "4.5"
    ],
    [
      "210,672",
      "5"
    ],
    [
      "51,229",
      "4"
    ],
    [
      "15,363",
      "3"
    ],
    [
      "7,393",
      "2"
    ],
    [
      "12,592",
      "1"
    ]
  ],
  "required_android": "Varies with",
  "reviews": [
    {
      "REQ_subtype": "",
      "REQ_type": "",
      "_id": 0,
      "author_id": "not defined",
      "author_name": "A Google user",
      "helpful": "5",
      "polarity": "",
      "rate": 4,
      "response": "",
      "response_date": "",
      "review": "I have tried a lot of different apps to boost productivity yet none seemed \nquite right. I've finally found the perfect fit. Well, almost. 27 dollars \nis too expensive for features I won't use. I propose you allow us to pay \nfor features separately so they we can support you for the things we need \nand not pay extra for the things we don't.",
      "review_date": [
        "July",
        "13",
        " 2018"
      ]
    },
    {
      "REQ_subtype": "",
      "REQ_type": "",
      "_id": 1,
      "author_id": "not defined",
      "author_name": "Katalin G",
      "helpful": "0",
      "polarity": "",
      "rate": 1,
      "response": "",
      "response_date": "",
      "review": "The app has great functions however it doesnt work. When i got in touch and \nrequested a refund they disregarded my request to fix it saying to me to \nchange my settings when i had not changed them so wrong settings were \nclearly not the problem. It was working for weeks then it started to bring \nup wrong notifications. I have asked for a refund and they take ages to get \nback to me. Still waiting. Overall, bad customer service and the app doesnt \nwork. Great ideas and if it was fixed it would be a great app, however the \nway it is, its useless.",
      "review_date": [
        "July",
        "16",
        " 2018"
      ]
    },
    {
      "REQ_subtype": "",
      "REQ_type": "",
      "_id": 2,
      "author_id": "not defined",
      "author_name": "C Fooks",
      "helpful": "2",
      "polarity": "",
      "rate": 3,
      "response": "You can do this by simply increasing the font size in your device Settings :) You may also use the check boxes in the Calendar View to complete tasks if that's more convenient to you.",
      "response_date": [
        "April",
        "23",
        " 2018"
      ],
      "review": "I wish the app would stop hijacking whatever you are currently doing as \nreminders pop-up no matter what you are working on. Also wish you could \nchange font size - whenever you swipe to delete a task it clears the wrong \nitem.",
      "review_date": [
        "July",
        "14",
        " 2018"
      ]
    },
    {
      "REQ_subtype": "",
      "REQ_type": "",
      "_id": 3,
      "author_id": "not defined",
      "author_name": "K Snyman",
      "helpful": "1",
      "polarity": "",
      "rate": 5,
      "response": "",
      "response_date": "",
      "review": "Excellent and simple to use. I use it for personal to-do lists, buying list \nand capturing names, movies to watch, books to read etc on the fly.",
      "review_date": [
        "July",
        "14",
        " 2018"
      ]
    },
    {
      "REQ_subtype": "",
      "REQ_type": "",
      "_id": 4,
      "author_id": "not defined",
      "author_name": "cinnabun",
      "helpful": "3",
      "polarity": "",
      "rate": 5,
      "response": "",
      "response_date": "",
      "review": "This is a very good app, it keeps me productive and organized, and its very \neasy to use as it has a minimalistic design, and its so straightforward. I \nreally loved this app.",
      "review_date": [
        "July",
        "12",
        " 2018"
      ]
    },
    {
      "REQ_subtype": "",
      "REQ_type": "",
      "_id": 5,
      "author_id": "not defined",
      "author_name": "Alalibo Alalibo",
      "helpful": "1",
      "polarity": "",
      "rate": 3,
      "response": "",
      "response_date": "",
      "review": "After buying a phone with Android 8.1 Oreo OS anydo is no longer working. \nIt doesn't open again.",
      "review_date": [
        "July",
        "15",
        " 2018"
      ]
    },
    {
      "REQ_subtype": "",
      "REQ_type": "",
      "_id": 6,
      "author_id": "not defined",
      "author_name": "Akhilesh Sahni",
      "helpful": "0",
      "polarity": "",
      "rate": 4,
      "response": "",
      "response_date": "",
      "review": "Any.do is awesome but the premium subscription is way too expensive! Umm... \nI'm looking forward to an offer.",
      "review_date": [
        "July",
        "16",
        " 2018"
      ]
    },
    {
      "REQ_subtype": "",
      "REQ_type": "",
      "_id": 7,
      "author_id": "not defined",
      "author_name": "Subrat Barsainya",
      "helpful": "3",
      "polarity": "",
      "rate": 1,
      "response": "",
      "response_date": "",
      "review": "Reminder is bad . Not even the screen shines during reminder",
      "review_date": [
        "July",
        "11",
        " 2018"
      ]
    },
    {
      "REQ_subtype": "",
      "REQ_type": "",
      "_id": 8,
      "author_id": "not defined",
      "author_name": "Valur Hjartarson",
      "helpful": "0",
      "polarity": "",
      "rate": 1,
      "response": "",
      "response_date": "",
      "review": "What the hell? Why can't I arrange subtasks, Anydo?",
      "review_date": [
        "July",
        "12",
        " 2018"
      ]
    },
    {
      "REQ_subtype": "",
      "REQ_type": "",
      "_id": 9,
      "author_id": "not defined",
      "author_name": "Samir Makarem",
      "helpful": "2",
      "polarity": "",
      "rate": 5,
      "response": "",
      "response_date": "",
      "review": "Great app helps me stay in focus and administer my time!",
      "review_date": [
        "July",
        "13",
        " 2018"
      ]
    },
    {
      "REQ_subtype": "",
      "REQ_type": "",
      "_id": 10,
      "author_id": "not defined",
      "author_name": "Aquelius Young",
      "helpful": "0",
      "polarity": "",
      "rate": 5,
      "response": "",
      "response_date": "",
      "review": "It's a very good and easy to use app that keeps you organised by providing \nreminders and various categories for tasks.",
      "review_date": [
        "July",
        "15",
        " 2018"
      ]
    },
    {
      "REQ_subtype": "",
      "REQ_type": "",
      "_id": 11,
      "author_id": "not defined",
      "author_name": "Muhammad Shuaib",
      "helpful": "0",
      "polarity": "",
      "rate": 3,
      "response": "",
      "response_date": "",
      "review": "Just installed need to be used for some time",
      "review_date": [
        "July",
        "12",
        " 2018"
      ]
    },
    {
      "REQ_subtype": "",
      "REQ_type": "",
      "_id": 12,
      "author_id": "not defined",
      "author_name": "Bhaumik Dhamecha",
      "helpful": "0",
      "polarity": "",
      "rate": 4,
      "response": "",
      "response_date": "",
      "review": "Add time stamp of reminder in widget.",
      "review_date": [
        "July",
        "13",
        " 2018"
      ]
    },
    {
      "REQ_subtype": "",
      "REQ_type": "",
      "_id": 13,
      "author_id": "not defined",
      "author_name": "Digendra Rathore",
      "helpful": "2",
      "polarity": "",
      "rate": 5,
      "response": "",
      "response_date": "",
      "review": "Very good UX and pleasant UI",
      "review_date": [
        "July",
        "12",
        " 2018"
      ]
    },
    {
      "REQ_subtype": "",
      "REQ_type": "",
      "_id": 14,
      "author_id": "not defined",
      "author_name": "Gil Bitman",
      "helpful": "0",
      "polarity": "",
      "rate": 3,
      "response": "",
      "response_date": "",
      "review": "Supports android watch but doesn't supper gear 3",
      "review_date": [
        "July",
        "16",
        " 2018"
      ]
    },
    {
      "REQ_subtype": "",
      "REQ_type": "",
      "_id": 15,
      "author_id": "not defined",
      "author_name": "A Google user",
      "helpful": "0",
      "polarity": "",
      "rate": 5,
      "response": "",
      "response_date": "",
      "review": "The app is working great for what I need it to do!",
      "review_date": [
        "July",
        "15",
        " 2018"
      ]
    },
    {
      "REQ_subtype": "",
      "REQ_type": "",
      "_id": 16,
      "author_id": "not defined",
      "author_name": "Ibraheem Apple",
      "helpful": "0",
      "polarity": "",
      "rate": 5,
      "response": "",
      "response_date": "",
      "review": "Veryyyyyyyyy goooooooooddddd mels",
      "review_date": [
        "July",
        "14",
        " 2018"
      ]
    },
    {
      "REQ_subtype": "",
      "REQ_type": "",
      "_id": 17,
      "author_id": "not defined",
      "author_name": "A Google user",
      "helpful": "0",
      "polarity": "",
      "rate": 4,
      "response": "",
      "response_date": "",
      "review": "Love it, would prefer to buy a Lifetime access.",
      "review_date": [
        "July",
        "15",
        " 2018"
      ]
    },
    {
      "REQ_subtype": "",
      "REQ_type": "",
      "_id": 18,
      "author_id": "not defined",
      "author_name": "qmg qmg",
      "helpful": "0",
      "polarity": "",
      "rate": 5,
      "response": "",
      "response_date": "",
      "review": "What a wonderful app it was.very useful app.",
      "review_date": [
        "July",
        "15",
        " 2018"
      ]
    },
    {
      "REQ_subtype": "",
      "REQ_type": "",
      "_id": 19,
      "author_id": "not defined",
      "author_name": "Evelyn Hernandez",
      "helpful": "0",
      "polarity": "",
      "rate": 5,
      "response": "",
      "response_date": "",
      "review": "Love it! Very helpful and simple",
      "review_date": [
        "July",
        "15",
        " 2018"
      ]
    },
    {
      "REQ_subtype": "",
      "REQ_type": "",
      "_id": 20,
      "author_id": "not defined",
      "author_name": "Morteza Motaghedi",
      "helpful": "0",
      "polarity": "",
      "rate": 5,
      "response": "",
      "response_date": "",
      "review": "That's Very good and useful",
      "review_date": [
        "July",
        "15",
        " 2018"
      ]
    },
    {
      "REQ_subtype": "",
      "REQ_type": "",
      "_id": 21,
      "author_id": "not defined",
      "author_name": "CAMILLE_ JLS",
      "helpful": "0",
      "polarity": "",
      "rate": 5,
      "response": "",
      "response_date": "",
      "review": "Very Nice App!",
      "review_date": [
        "July",
        "14",
        " 2018"
      ]
    },
    {
      "REQ_subtype": "",
      "REQ_type": "",
      "_id": 22,
      "author_id": "not defined",
      "author_name": "A Google user",
      "helpful": "0",
      "polarity": "",
      "rate": 5,
      "response": "",
      "response_date": "",
      "review": "I totally love it",
      "review_date": [
        "July",
        "15",
        " 2018"
      ]
    },
    {
      "REQ_subtype": "",
      "REQ_type": "",
      "_id": 23,
      "author_id": "not defined",
      "author_name": "Barak Gazit",
      "helpful": "0",
      "polarity": "",
      "rate": 5,
      "response": "",
      "response_date": "",
      "review": "Great app",
      "review_date": [
        "July",
        "15",
        " 2018"
      ]
    },
    {
      "REQ_subtype": "",
      "REQ_type": "",
      "_id": 24,
      "author_id": "not defined",
      "author_name": "A Google user",
      "helpful": "0",
      "polarity": "",
      "rate": 5,
      "response": "",
      "response_date": "",
      "review": "Very good",
      "review_date": [
        "July",
        "13",
        " 2018"
      ]
    },
    {
      "REQ_subtype": "",
      "REQ_type": "",
      "_id": 25,
      "author_id": "not defined",
      "author_name": "victor050213023",
      "helpful": "0",
      "polarity": "",
      "rate": 5,
      "response": "",
      "response_date": "",
      "review": "good",
      "review_date": [
        "July",
        "13",
        " 2018"
      ]
    },
    {
      "REQ_subtype": "",
      "REQ_type": "",
      "_id": 26,
      "author_id": "not defined",
      "author_name": "Ami Pooran",
      "helpful": "2",
      "polarity": "",
      "rate": 5,
      "response": "",
      "response_date": "",
      "review": "It is easy to use, it is useful, it has great user interface, it has \nminimal design, it has nice features and most importantly it keeps me \norganized! The disappointing thing is that you have to pay for the complete \nversion! I don't mind but if they can make it absolutely free that would be \ntotally awesome! Thanks for reading my review on this app and have a great \nand wonderful day!",
      "review_date": [
        "July",
        "11",
        " 2018"
      ]
    },
    {
      "REQ_subtype": "",
      "REQ_type": "",
      "_id": 27,
      "author_id": "not defined",
      "author_name": "Alex Williamson",
      "helpful": "0",
      "polarity": "",
      "rate": 5,
      "response": "",
      "response_date": "",
      "review": "This app has been a big part of my life for a while, having a good to do \nlist has changed how I live my life for the better. The app isn't perfect, \nand I have two main complaints. It seems that when I restart my phone, the \n4x4 widget with the calendar on it will be completely blank and I'll have \nto reapply it to get it to work. Also, sometimes I'll reschedule a task \nseveral hours ahead, yet I'll still get a notification at the original \ntime. Even still, one of my favorite apps. Don't leave home without it",
      "review_date": [
        "July",
        "4",
        " 2018"
      ]
    },
    {
      "REQ_subtype": "",
      "REQ_type": "",
      "_id": 28,
      "author_id": "not defined",
      "author_name": "Beverly Moore",
      "helpful": "0",
      "polarity": "",
      "rate": 1,
      "response": "",
      "response_date": "",
      "review": "I had this app on a 2 year old phone, synced with my Echo. It worked \nperfectly and I loved it!! I upgraded my phone to a Samsung Galaxy 9+ and \ncan't get this app to work with the Echo no matter what I've tried. The \nAlexa app says it's synced but it still doesn't work. I'm so disappointed. \n:(",
      "review_date": [
        "July",
        "3",
        " 2018"
      ]
    },
    {
      "REQ_subtype": "",
      "REQ_type": "",
      "_id": 29,
      "author_id": "not defined",
      "author_name": "Hisham Mohammed",
      "helpful": "1",
      "polarity": "",
      "rate": 4,
      "response": "",
      "response_date": "",
      "review": "Good app but you guys should consider having an alarm feature (not just a \nlittle alert which is available at the moment). Some things are very \nimportant and shouldnt be missed so a loud alarm would help. I still use \nthe app but whenever somethings really important i still set my phone \nalarm. Other than that, happy with it",
      "review_date": [
        "July",
        "11",
        " 2018"
      ]
    },
    {
      "REQ_subtype": "",
      "REQ_type": "",
      "_id": 30,
      "author_id": "not defined",
      "author_name": "Monish Mhatre",
      "helpful": "0",
      "polarity": "",
      "rate": 4,
      "response": "",
      "response_date": "",
      "review": "The app is great with good widgets. Only problem i had was inability to \nprevent certain type of calendar entries like birthdays that Google \ncalendar picks up from google+. If we could have simpler way to hid these \nfrom widgets it would be great!",
      "review_date": [
        "July",
        "10",
        " 2018"
      ]
    },
    {
      "REQ_subtype": "",
      "REQ_type": "",
      "_id": 31,
      "author_id": "not defined",
      "author_name": "J. Hui Lee",
      "helpful": "3",
      "polarity": "",
      "rate": 1,
      "response": "",
      "response_date": "",
      "review": "App is very sluggish. When you have a to-do app, you want to jot things \nquickly, open the list for a quick glance. But this app's animation is very \nslow. There's a lack of tactile feedback (did i click on this button, or is \nthe app just lagging?) The app often pauses a few seconds or just outright \nhangs and suddenly catches up erratically. It's extremely frustrating to \nnavigate the app; your blood will boil as you wait for the app to respond",
      "review_date": [
        "July",
        "8",
        " 2018"
      ]
    },
    {
      "REQ_subtype": "",
      "REQ_type": "",
      "_id": 32,
      "author_id": "not defined",
      "author_name": "Michael Widjaja",
      "helpful": "0",
      "polarity": "",
      "rate": 1,
      "response": "",
      "response_date": "",
      "review": "I reinstalled the app and it still has my old tasks, which is good. The \nproblem is, those tasks that never got completed in the past, it displays \nthem as today's tasks, how incredible it is. My today's tasks are from last \nyear.",
      "review_date": [
        "July",
        "10",
        " 2018"
      ]
    },
    {
      "REQ_subtype": "",
      "REQ_type": "",
      "_id": 33,
      "author_id": "not defined",
      "author_name": "Tshepo Sedumo",
      "helpful": "0",
      "polarity": "",
      "rate": 5,
      "response": "",
      "response_date": "",
      "review": "Great App I came across this app a few years ago when it was still new and \nused it briefly on my iPod touch. Fast forward to the present and I'm glad \nto see that it's better than ever. I recommend it for anyone who likes to \nstay on top of their daily activities in a concise and efficient way",
      "review_date": [
        "July",
        "15",
        " 2018"
      ]
    },
    {
      "REQ_subtype": "",
      "REQ_type": "",
      "_id": 34,
      "author_id": "not defined",
      "author_name": "N M",
      "helpful": "0",
      "polarity": "",
      "rate": 5,
      "response": "",
      "response_date": "",
      "review": "Beautiful app with gorgeous UX/UI. It's totally helping me manage my \nwork/life. However, I feel that recurring tasks should not be a paid \nfeature. It's the most essential feature of a to do app and even the most \nsimple ones have it for free.",
      "review_date": [
        "July",
        "3",
        " 2018"
      ]
    },
    {
      "REQ_subtype": "",
      "REQ_type": "",
      "_id": 35,
      "author_id": "not defined",
      "author_name": "Va Nessa",
      "helpful": "2",
      "polarity": "",
      "rate": 4,
      "response": "This sounds odd! Please submit a bug via Settings - Support for both these issues so that we can look into them for you :)",
      "response_date": [
        "July",
        "8",
        " 2018"
      ],
      "review": "Notifications dont clear after you mark task complete when you plan your \nday. This is confusing me. Also would be great if widget reassigns a task \nto the current day after you plan your day.",
      "review_date": [
        "July",
        "5",
        " 2018"
      ]
    },
    {
      "REQ_subtype": "",
      "REQ_type": "",
      "_id": 36,
      "author_id": "not defined",
      "author_name": "A Google user",
      "helpful": "0",
      "polarity": "",
      "rate": 1,
      "response": "We are sorry to hear this! To delete a subtask, just complete it by swiping from left to right and tap on the X next to the subtask. For any additional questions, feel free to reach out to us at customers@any.do \u2764\ufe0f",
      "response_date": [
        "July",
        "8",
        " 2018"
      ],
      "review": "This app literally makes evrything harder. I was looking on how to delete \nthe sublist for half an hour. Getting back to basic, but the design is \npretty. Its too complicated, zz.",
      "review_date": [
        "July",
        "4",
        " 2018"
      ]
    },
    {
      "REQ_subtype": "",
      "REQ_type": "",
      "_id": 37,
      "author_id": "not defined",
      "author_name": "Janey Cringean",
      "helpful": "0",
      "polarity": "",
      "rate": 1,
      "response": "",
      "response_date": "",
      "review": "I can't get this app to open any longer. It just closes immediately with an \nerror on a Samsung Galaxy A3",
      "review_date": [
        "July",
        "9",
        " 2018"
      ]
    },
    {
      "REQ_subtype": "",
      "REQ_type": "",
      "_id": 38,
      "author_id": "not defined",
      "author_name": "Philip Hankes",
      "helpful": "0",
      "polarity": "",
      "rate": 3,
      "response": "",
      "response_date": "",
      "review": "The reminders are annoying, especially when I dont schedule anything. Best \npart is the cross off feature when completing tasks.",
      "review_date": [
        "July",
        "13",
        " 2018"
      ]
    },
    {
      "REQ_subtype": "",
      "REQ_type": "",
      "_id": 39,
      "author_id": "not defined",
      "author_name": "Nick Johnson",
      "helpful": "1",
      "polarity": "",
      "rate": 5,
      "response": "",
      "response_date": "",
      "review": "Beautiful app layout on phones. I love the calendar view. Ive tried about 4 \nof the most popular to-do list apps and this one was the easiest to use \nquickly and all the features i really needed are in the free version which \nwasn't the case in the competing apps. However the paid version does add a \nlot of awesome features. Just wish the iPad app took better advantage of \nthe large screen.",
      "review_date": [
        "July",
        "11",
        " 2018"
      ]
    },
    {
      "REQ_subtype": "",
      "REQ_type": "",
      "_id": 40,
      "author_id": "not defined",
      "author_name": "Riaan Henning",
      "helpful": "10",
      "polarity": "",
      "rate": 1,
      "response": "Hi Riaan, 95% of the Any.do features are actually completely free! We offer a free 7 day Premium trial so that users can see if they enjoy using the Premium features, however it is completely optional :) You are welcome to use the standard app for as long as you wish.",
      "response_date": [
        "July",
        "2",
        " 2018"
      ],
      "review": "\"Free and Simple\" my arse you can't say it is free and then after \ninstallation remind you of a 7day trail... Useless...",
      "review_date": [
        "July",
        "1",
        " 2018"
      ]
    },
    {
      "REQ_subtype": "",
      "REQ_type": "",
      "_id": 41,
      "author_id": "not defined",
      "author_name": "A Google user",
      "helpful": "0",
      "polarity": "",
      "rate": 2,
      "response": "",
      "response_date": "",
      "review": "I downloaded it to set reminders which the notification never even came up \non my screen. I had to scroll down where i find my torch to be able to see \nwhat it was reminding me about. And it doesn't have a notification sound \neither.",
      "review_date": [
        "July",
        "11",
        " 2018"
      ]
    },
    {
      "REQ_subtype": "",
      "REQ_type": "",
      "_id": 42,
      "author_id": "not defined",
      "author_name": "Cody Win",
      "helpful": "2",
      "polarity": "",
      "rate": 3,
      "response": "Hi Cody, we're so sorry for this! Please submit a bug report via Settings - Support so that our team can get to the bottom of the issue ASAP :)",
      "response_date": [
        "July",
        "9",
        " 2018"
      ],
      "review": "Great design & easy to use but the calendar widget freeze up every time. \nWon't work please fix!",
      "review_date": [
        "July",
        "6",
        " 2018"
      ]
    },
    {
      "REQ_subtype": "",
      "REQ_type": "",
      "_id": 43,
      "author_id": "not defined",
      "author_name": "A Google user",
      "helpful": "0",
      "polarity": "",
      "rate": 5,
      "response": "",
      "response_date": "",
      "review": "So far this has been really useful, especially since I can be super \nforgetful. 9/10 would recommend",
      "review_date": [
        "July",
        "9",
        " 2018"
      ]
    },
    {
      "REQ_subtype": "",
      "REQ_type": "",
      "_id": 44,
      "author_id": "not defined",
      "author_name": "Allan Safdie",
      "helpful": "0",
      "polarity": "",
      "rate": 2,
      "response": "",
      "response_date": "",
      "review": "It advertises lots customizability like semi and bi-weekly task management, \nsharing between phones etc. However, these are only available by \nsubscription. Either let me pay updront for everything or dont, but don't \nhide your app behind a subscription wall.",
      "review_date": [
        "July",
        "10",
        " 2018"
      ]
    },
    {
      "REQ_subtype": "",
      "REQ_type": "",
      "_id": 45,
      "author_id": "not defined",
      "author_name": "K1NG",
      "helpful": "4",
      "polarity": "",
      "rate": 5,
      "response": "Thanks for the awesome review \u2764\ufe0f",
      "response_date": [
        "July",
        "8",
        " 2018"
      ],
      "review": "Best to-do and calendar in one app, you can easily migrate data from \nWunderlist and Google Calendar, beautiful UI \ud83d\ude0d",
      "review_date": [
        "July",
        "4",
        " 2018"
      ]
    },
    {
      "REQ_subtype": "",
      "REQ_type": "",
      "_id": 46,
      "author_id": "not defined",
      "author_name": "swati sehgal",
      "helpful": "1",
      "polarity": "",
      "rate": 5,
      "response": "So glad to hear it, thanks for sticking with Any.do \ud83d\ude0a\ud83d\ude0a",
      "response_date": [
        "July",
        "9",
        " 2018"
      ],
      "review": "I have been using this app for 5 years. I always found it very useful. Even \nmore now with its updated version that has madr classfying tasks eariser.",
      "review_date": [
        "July",
        "6",
        " 2018"
      ]
    },
    {
      "REQ_subtype": "",
      "REQ_type": "",
      "_id": 47,
      "author_id": "not defined",
      "author_name": "KALYAN PRASAD",
      "helpful": "1",
      "polarity": "",
      "rate": 2,
      "response": "",
      "response_date": "",
      "review": "I subscribed for this app but, I am not getting alerts for completion of \ntasks neither reminders to call back when we get missed calls or on \ndisconnecting the calls, I also have written an email to support team on \nthese issues but no response at all..",
      "review_date": [
        "July",
        "3",
        " 2018"
      ]
    },
    {
      "REQ_subtype": "",
      "REQ_type": "",
      "_id": 48,
      "author_id": "not defined",
      "author_name": "NOBLE NOBLE",
      "helpful": "0",
      "polarity": "",
      "rate": 4,
      "response": "Thanks for the feedback. Tasks are being added to the bottom based on users' requests and internal analysis though we will definitely forward your requests to our Product Team :)",
      "response_date": [
        "July",
        "15",
        " 2018"
      ],
      "review": "YOU SHOULD REALLY CONSIDER make new added lists on top instead of being at \nthe end of all lists and also clicking the task should show it all not part \nof it for long notes I mean",
      "review_date": [
        "July",
        "7",
        " 2018"
      ]
    },
    {
      "REQ_subtype": "",
      "REQ_type": "",
      "_id": 49,
      "author_id": "not defined",
      "author_name": "Mark James",
      "helpful": "0",
      "polarity": "",
      "rate": 4,
      "response": "Hi Mark, thanks for the feedback! Our prices are actually lower than competitive apps on the market. We also offer seasonal discounts which you can inquire about here: premium@any.do :) As for the currency issue, please write us with the exact details so that we can check this for you!",
      "response_date": [
        "July",
        "8",
        " 2018"
      ],
      "review": "The app and would want the Prem version but the cost in terms of my \ncurrency is a bit on the high side for me...if you can do something about \nit I'll be filled with gratitude. Thanks guys",
      "review_date": [
        "July",
        "6",
        " 2018"
      ]
    },
    {
      "REQ_subtype": "",
      "REQ_type": "",
      "_id": 50,
      "author_id": "not defined",
      "author_name": "Adnan Iqbal",
      "helpful": "1",
      "polarity": "",
      "rate": 5,
      "response": "Happy to hear that Any.do can help you stay on top of things :)",
      "response_date": [
        "July",
        "15",
        " 2018"
      ],
      "review": "I love this app it's help me a lot to manage my work and remind me what I \nleft and not to forget things which I forgot some time.",
      "review_date": [
        "July",
        "7",
        " 2018"
      ]
    },
    {
      "REQ_subtype": "",
      "REQ_type": "",
      "_id": 51,
      "author_id": "not defined",
      "author_name": "Rebecca Job",
      "helpful": "0",
      "polarity": "",
      "rate": 5,
      "response": "",
      "response_date": "",
      "review": "Really great app. I love being able to plan my day, and to categorize \ntasks. This really keeps the important things forefront in my mind.",
      "review_date": [
        "July",
        "9",
        " 2018"
      ]
    },
    {
      "REQ_subtype": "",
      "REQ_type": "",
      "_id": 52,
      "author_id": "not defined",
      "author_name": "Forwork Only",
      "helpful": "0",
      "polarity": "",
      "rate": 3,
      "response": "",
      "response_date": "",
      "review": "Great app, I would buy the full version if they had a 1 time price. But i \nam not paying 3 bucks a month for the next 5 years for the same app.",
      "review_date": [
        "July",
        "8",
        " 2018"
      ]
    },
    {
      "REQ_subtype": "",
      "REQ_type": "",
      "_id": 53,
      "author_id": "not defined",
      "author_name": "Jim ODonnell",
      "helpful": "1",
      "polarity": "",
      "rate": 5,
      "response": "Glad to hear you are taking advantage of our Alexa Skill Jim  \ud83d\ude01\ud83d\ude0a",
      "response_date": [
        "July",
        "8",
        " 2018"
      ],
      "review": "This app pretty well covers it and easy to use unlike some others. \nIntegrates with Alexa on list. I like the daily reminders",
      "review_date": [
        "July",
        "5",
        " 2018"
      ]
    },
    {
      "REQ_subtype": "",
      "REQ_type": "",
      "_id": 54,
      "author_id": "not defined",
      "author_name": "Gilles Castonguay",
      "helpful": "2",
      "polarity": "",
      "rate": 1,
      "response": "Hi Gilles, we're so sorry you feel this way! Any.do does not have any 3rd party apps. The Premium screens only show when logging into the app or trying to use a Premium feature.",
      "response_date": [
        "July",
        "15",
        " 2018"
      ],
      "review": "Endless, annoying, useless adds. This ends NOW!",
      "review_date": [
        "July",
        "7",
        " 2018"
      ]
    },
    {
      "REQ_subtype": "",
      "REQ_type": "",
      "_id": 55,
      "author_id": "not defined",
      "author_name": "Hugo Prunaux",
      "helpful": "0",
      "polarity": "",
      "rate": 2,
      "response": "",
      "response_date": "",
      "review": "Annoying and useless notifications, without the possibility to disable them \nin the settings. Rest is ok.",
      "review_date": [
        "July",
        "10",
        " 2018"
      ]
    },
    {
      "REQ_subtype": "",
      "REQ_type": "",
      "_id": 56,
      "author_id": "not defined",
      "author_name": "Gretha Margareth Bong",
      "helpful": "1",
      "polarity": "",
      "rate": 5,
      "response": "Any.do is happy to be your personal assistant \ud83d\ude01\ud83d\ude01",
      "response_date": [
        "July",
        "8",
        " 2018"
      ],
      "review": "This apk helping so much:), a lot of work that i solved quickly , i call \nthis app a personal assistant ..Hahaha",
      "review_date": [
        "July",
        "4",
        " 2018"
      ]
    },
    {
      "REQ_subtype": "",
      "REQ_type": "",
      "_id": 57,
      "author_id": "not defined",
      "author_name": "BTS X ARMY",
      "helpful": "0",
      "polarity": "",
      "rate": 5,
      "response": "",
      "response_date": "",
      "review": "Uzun zamand\u0131r g\u00fczel ve bilirsiniz g\u00f6r\u00fcn\u00fcm\u00fc g\u00fczel olan bir uygulama \nar\u0131yordum.san\u0131r\u0131m bulabilece\u011fimin en iyisi bu. Cidden \u00e7ok \u00fc\u015fengecim ve \nyalan s\u00f6ylemeyece\u011fim sadece bir g\u00fcn kulland\u0131m ama cidden \u00e7ok iyi oldu\u011funu \ns\u00f6yleyebilirim.T\u00fcrk\u00e7e dil se\u00e7ene\u011fi de var isteyenler i\u00e7in.\ud83d\ude0a",
      "review_date": [
        "July",
        "9",
        " 2018"
      ]
    },
    {
      "REQ_subtype": "",
      "REQ_type": "",
      "_id": 58,
      "author_id": "not defined",
      "author_name": "Michael Graham",
      "helpful": "0",
      "polarity": "",
      "rate": 5,
      "response": "",
      "response_date": "",
      "review": "Clean, simple, thoughtful, not too much, and not too little. Just right for \na task list app / life (personal & proffessional) prioritizing app. \nAbsolutely fantastic. #thebest",
      "review_date": [
        "July",
        "9",
        " 2018"
      ]
    },
    {
      "REQ_subtype": "",
      "REQ_type": "",
      "_id": 59,
      "author_id": "not defined",
      "author_name": "Jason Pascascio",
      "helpful": "1",
      "polarity": "",
      "rate": 5,
      "response": "",
      "response_date": "",
      "review": "App works as it's supposed to. Straightforward, to the point & easy to use. \nWill recommend this to all my colleagues",
      "review_date": [
        "July",
        "8",
        " 2018"
      ]
    },
    {
      "REQ_subtype": "",
      "REQ_type": "",
      "_id": 60,
      "author_id": "not defined",
      "author_name": "Re no",
      "helpful": "0",
      "polarity": "",
      "rate": 1,
      "response": "Hi, Any.do moment allows up to 5 uses a month for Standard users and unlimited uses for Premium users. That said, we appreciate your feedback and will pass it on to our Product Team.",
      "response_date": [
        "July",
        "8",
        " 2018"
      ],
      "review": "You can plan 5 times a month. What a rip-off!",
      "review_date": [
        "July",
        "4",
        " 2018"
      ]
    },
    {
      "REQ_subtype": "",
      "REQ_type": "",
      "_id": 61,
      "author_id": "not defined",
      "author_name": "A Google user",
      "helpful": "3",
      "polarity": "",
      "rate": 1,
      "response": "",
      "response_date": "",
      "review": "Many bugs, not responsive.",
      "review_date": [
        "July",
        "4",
        " 2018"
      ]
    },
    {
      "REQ_subtype": "",
      "REQ_type": "",
      "_id": 62,
      "author_id": "not defined",
      "author_name": "Vikas Bhutra",
      "helpful": "1",
      "polarity": "",
      "rate": 5,
      "response": "So glad to hear it! To learn more about Any.do, we recommend checking out our Help Center (https://support.any.do) for more details regarding the app and its features, as well as our Blog (https://blog.any.do/) for useful tips and guidelines :)",
      "response_date": [
        "July",
        "15",
        " 2018"
      ],
      "review": "I love this app. It works great as a reminder and calendar. It has many \nuses . I'm trying to learn a few.",
      "review_date": [
        "July",
        "7",
        " 2018"
      ]
    },
    {
      "REQ_subtype": "",
      "REQ_type": "",
      "_id": 63,
      "author_id": "not defined",
      "author_name": "Chyn",
      "helpful": "0",
      "polarity": "",
      "rate": 4,
      "response": "",
      "response_date": "",
      "review": "Widget doesn't update well and needs to be refreshed.",
      "review_date": [
        "July",
        "10",
        " 2018"
      ]
    },
    {
      "REQ_subtype": "",
      "REQ_type": "",
      "_id": 64,
      "author_id": "not defined",
      "author_name": "Caleb Kirksey",
      "helpful": "1",
      "polarity": "",
      "rate": 5,
      "response": "We love helping users stay on top of their tasks \ud83d\ude01\ud83d\ude0a",
      "response_date": [
        "July",
        "8",
        " 2018"
      ],
      "review": "Helps me keep track of my assignments very well. When I forget, it doesn't.",
      "review_date": [
        "July",
        "4",
        " 2018"
      ]
    },
    {
      "REQ_subtype": "",
      "REQ_type": "",
      "_id": 65,
      "author_id": "not defined",
      "author_name": "Manoj Sharma",
      "helpful": "1",
      "polarity": "",
      "rate": 5,
      "response": "We \u2764\ufe0f you too! So glad Any.do can help you stay on top of your tasks!",
      "response_date": [
        "July",
        "9",
        " 2018"
      ],
      "review": "Wow ! Very helpful for task remembering n nice UI .. I love this app",
      "review_date": [
        "July",
        "6",
        " 2018"
      ]
    },
    {
      "REQ_subtype": "",
      "REQ_type": "",
      "_id": 66,
      "author_id": "not defined",
      "author_name": "Thomas Lundin",
      "helpful": "1",
      "polarity": "",
      "rate": 5,
      "response": "So glad you enjoy all of the helpful Any.do features! \ud83d\ude01",
      "response_date": [
        "July",
        "8",
        " 2018"
      ],
      "review": "The free version has more features, and more useful features, than \ncompeting list apps.",
      "review_date": [
        "July",
        "4",
        " 2018"
      ]
    },
    {
      "REQ_subtype": "",
      "REQ_type": "",
      "_id": 67,
      "author_id": "not defined",
      "author_name": "Lalchand Mulchandani",
      "helpful": "1",
      "polarity": "",
      "rate": 5,
      "response": "So glad Any.do can help you stay organized!",
      "response_date": [
        "July",
        "9",
        " 2018"
      ],
      "review": "Very Very best of remind Todo work in very best ways. Really very best from \nmany other this type apps.",
      "review_date": [
        "July",
        "6",
        " 2018"
      ]
    },
    {
      "REQ_subtype": "",
      "REQ_type": "",
      "_id": 68,
      "author_id": "not defined",
      "author_name": "dazhane eatmon",
      "helpful": "1",
      "polarity": "",
      "rate": 5,
      "response": "So glad to hear Any.do can be there to help you out! We \u2764\ufe0f you too!",
      "response_date": [
        "July",
        "8",
        " 2018"
      ],
      "review": "I have ADHD and this app is really helping me. 4 days in and I love it",
      "review_date": [
        "July",
        "5",
        " 2018"
      ]
    },
    {
      "REQ_subtype": "",
      "REQ_type": "",
      "_id": 69,
      "author_id": "not defined",
      "author_name": "Nick Latino",
      "helpful": "1",
      "polarity": "",
      "rate": 5,
      "response": "Organization and productivity are key! \ud83d\ude03\ud83d\ude03",
      "response_date": [
        "July",
        "8",
        " 2018"
      ],
      "review": "I love this app! It helps me to be organized and remain prouductive.",
      "review_date": [
        "July",
        "6",
        " 2018"
      ]
    },
    {
      "REQ_subtype": "",
      "REQ_type": "",
      "_id": 70,
      "author_id": "not defined",
      "author_name": "sachin patki",
      "helpful": "1",
      "polarity": "",
      "rate": 5,
      "response": "Glad to hear it! \ud83d\ude0a\ud83d\ude00",
      "response_date": [
        "July",
        "8",
        " 2018"
      ],
      "review": "It remember every thing for me",
      "review_date": [
        "July",
        "5",
        " 2018"
      ]
    },
    {
      "REQ_subtype": "",
      "REQ_type": "",
      "_id": 71,
      "author_id": "not defined",
      "author_name": "Route 49 Studio Brighton",
      "helpful": "0",
      "polarity": "",
      "rate": 4,
      "response": "",
      "response_date": "",
      "review": "Giod app organised in a way that makes sense to me",
      "review_date": [
        "July",
        "12",
        " 2018"
      ]
    },
    {
      "REQ_subtype": "",
      "REQ_type": "",
      "_id": 72,
      "author_id": "not defined",
      "author_name": "Shafiqul Islam",
      "helpful": "1",
      "polarity": "",
      "rate": 5,
      "response": "",
      "response_date": "",
      "review": "Excellent, please add long time tunes,minimum 10 seconds",
      "review_date": [
        "July",
        "3",
        " 2018"
      ]
    },
    {
      "REQ_subtype": "",
      "REQ_type": "",
      "_id": 73,
      "author_id": "not defined",
      "author_name": "A Google user",
      "helpful": "0",
      "polarity": "",
      "rate": 5,
      "response": "",
      "response_date": "",
      "review": "Enjoying using this app and want to buy premium. But I have to know, can I \nuse premium with different devices?",
      "review_date": [
        "July",
        "11",
        " 2018"
      ]
    },
    {
      "REQ_subtype": "",
      "REQ_type": "",
      "_id": 74,
      "author_id": "not defined",
      "author_name": "UltiMogr",
      "helpful": "1",
      "polarity": "",
      "rate": 5,
      "response": "",
      "response_date": "",
      "review": "Easy. Intuitive and very usefull if you have amazon echo",
      "review_date": [
        "July",
        "12",
        " 2018"
      ]
    },
    {
      "REQ_subtype": "",
      "REQ_type": "",
      "_id": 75,
      "author_id": "not defined",
      "author_name": "Luk\u00e1\u0161 Hadam\u010d\u00edk",
      "helpful": "2",
      "polarity": "",
      "rate": 5,
      "response": "Hi Luk\u00e1\u0161, we are sorry for this! We will be releasing a new version soon which will give you the option to turn this notification off. Thank you for your patience :)",
      "response_date": [
        "May",
        "23",
        " 2017"
      ],
      "review": "The best ToDo app out there!",
      "review_date": [
        "July",
        "10",
        " 2018"
      ]
    },
    {
      "REQ_subtype": "",
      "REQ_type": "",
      "_id": 76,
      "author_id": "not defined",
      "author_name": "Mugil Murugan",
      "helpful": "1",
      "polarity": "",
      "rate": 3,
      "response": "",
      "response_date": "",
      "review": "I need how to make some of my enrolled tasks to repeat everyday..",
      "review_date": [
        "July",
        "3",
        " 2018"
      ]
    },
    {
      "REQ_subtype": "",
      "REQ_type": "",
      "_id": 77,
      "author_id": "not defined",
      "author_name": "arpit patel",
      "helpful": "0",
      "polarity": "",
      "rate": 5,
      "response": "",
      "response_date": "",
      "review": "It's amazing that individual tabs of task which you can cross out and the \ndistinction between task and event is amazing.",
      "review_date": [
        "July",
        "11",
        " 2018"
      ]
    },
    {
      "REQ_subtype": "",
      "REQ_type": "",
      "_id": 78,
      "author_id": "not defined",
      "author_name": "Paul H. Kircher III",
      "helpful": "1",
      "polarity": "",
      "rate": 1,
      "response": "Hoe so Paul? :) Please send us more details to customers@any.do so we can learn how to improve!",
      "response_date": [
        "July",
        "8",
        " 2018"
      ],
      "review": "It looks more like a Modem than an app to me.",
      "review_date": [
        "July",
        "5",
        " 2018"
      ]
    },
    {
      "REQ_subtype": "",
      "REQ_type": "",
      "_id": 79,
      "author_id": "not defined",
      "author_name": "Saaremamou Bah",
      "helpful": "1",
      "polarity": "",
      "rate": 5,
      "response": "\ud83d\ude01\ud83d\ude01",
      "response_date": [
        "July",
        "9",
        " 2018"
      ],
      "review": "No word can describe it",
      "review_date": [
        "July",
        "7",
        " 2018"
      ]
    },
    {
      "REQ_subtype": "",
      "REQ_type": "",
      "_id": 80,
      "author_id": "not defined",
      "author_name": "Boye Falonipe",
      "helpful": "0",
      "polarity": "",
      "rate": 5,
      "response": "",
      "response_date": "",
      "review": "Just started using it a day now and I'm excited at what it can do, it frees \nmy mind",
      "review_date": [
        "July",
        "11",
        " 2018"
      ]
    },
    {
      "REQ_subtype": "",
      "REQ_type": "",
      "_id": 81,
      "author_id": "not defined",
      "author_name": "Elle Kat",
      "helpful": "0",
      "polarity": "",
      "rate": 1,
      "response": "",
      "response_date": "",
      "review": "Won't let me sign in with email",
      "review_date": [
        "July",
        "11",
        " 2018"
      ]
    },
    {
      "REQ_subtype": "",
      "REQ_type": "",
      "_id": 82,
      "author_id": "not defined",
      "author_name": "Girish Joshi",
      "helpful": "1",
      "polarity": "",
      "rate": 5,
      "response": "Thrilled to hear it Girish \ud83d\ude0d",
      "response_date": [
        "July",
        "8",
        " 2018"
      ],
      "review": "Thank you team. It works as expected.",
      "review_date": [
        "July",
        "4",
        " 2018"
      ]
    },
    {
      "REQ_subtype": "",
      "REQ_type": "",
      "_id": 83,
      "author_id": "not defined",
      "author_name": "A Google user",
      "helpful": "0",
      "polarity": "",
      "rate": 5,
      "response": "",
      "response_date": "",
      "review": "Super fantastic. Love the integration with my calendar. Thinking about full \nversion. Finally a decent organizer",
      "review_date": [
        "July",
        "9",
        " 2018"
      ]
    },
    {
      "REQ_subtype": "",
      "REQ_type": "",
      "_id": 84,
      "author_id": "not defined",
      "author_name": "Ashish Verma",
      "helpful": "0",
      "polarity": "",
      "rate": 5,
      "response": "",
      "response_date": "",
      "review": "Must have for task list and remonder",
      "review_date": [
        "July",
        "10",
        " 2018"
      ]
    },
    {
      "REQ_subtype": "",
      "REQ_type": "",
      "_id": 85,
      "author_id": "not defined",
      "author_name": "A Google user",
      "helpful": "0",
      "polarity": "",
      "rate": 5,
      "response": "",
      "response_date": "",
      "review": "Perfect app for getting things done. Simple, straightforward, and easy to \nnavigate.",
      "review_date": [
        "July",
        "11",
        " 2018"
      ]
    },
    {
      "REQ_subtype": "",
      "REQ_type": "",
      "_id": 86,
      "author_id": "not defined",
      "author_name": "venu k",
      "helpful": "4",
      "polarity": "",
      "rate": 1,
      "response": "Hi, we are sorry that you feel this way. We would love to hear more about your experience. Feel free to contact customers@any.do with any feedback you have about the app.",
      "response_date": [
        "July",
        "2",
        " 2018"
      ],
      "review": "Weast app, plz don't install",
      "review_date": [
        "July",
        "1",
        " 2018"
      ]
    },
    {
      "REQ_subtype": "",
      "REQ_type": "",
      "_id": 87,
      "author_id": "not defined",
      "author_name": "ANKUR BHARDWAJ",
      "helpful": "0",
      "polarity": "",
      "rate": 5,
      "response": "",
      "response_date": "",
      "review": "They have been consistently trying to improve, should dp more marketing",
      "review_date": [
        "July",
        "14",
        " 2018"
      ]
    },
    {
      "REQ_subtype": "",
      "REQ_type": "",
      "_id": 88,
      "author_id": "not defined",
      "author_name": "Oggy Stine",
      "helpful": "0",
      "polarity": "",
      "rate": 5,
      "response": "",
      "response_date": "",
      "review": "Very useful app , specially call linked task option is very nice",
      "review_date": [
        "July",
        "11",
        " 2018"
      ]
    },
    {
      "REQ_subtype": "",
      "REQ_type": "",
      "_id": 89,
      "author_id": "not defined",
      "author_name": "Murali Goud",
      "helpful": "0",
      "polarity": "",
      "rate": 3,
      "response": "",
      "response_date": "",
      "review": "Nice app but reminders are like notification If it is like a alarm it would \nbe perfect.",
      "review_date": [
        "July",
        "12",
        " 2018"
      ]
    },
    {
      "REQ_subtype": "",
      "REQ_type": "",
      "_id": 90,
      "author_id": "not defined",
      "author_name": "Guru Raja Y",
      "helpful": "1",
      "polarity": "",
      "rate": 2,
      "response": "It's in the works ;) We will keep you guys updates on our social media so stay tuned for updates.",
      "response_date": [
        "July",
        "8",
        " 2018"
      ],
      "review": "No support for Google Assistant",
      "review_date": [
        "July",
        "4",
        " 2018"
      ]
    },
    {
      "REQ_subtype": "",
      "REQ_type": "",
      "_id": 91,
      "author_id": "not defined",
      "author_name": "Leroy Knox",
      "helpful": "0",
      "polarity": "",
      "rate": 1,
      "response": "",
      "response_date": "",
      "review": "Can't update to newer version",
      "review_date": [
        "July",
        "10",
        " 2018"
      ]
    },
    {
      "REQ_subtype": "",
      "REQ_type": "",
      "_id": 92,
      "author_id": "not defined",
      "author_name": "sreemukhi kasinadhuni",
      "helpful": "0",
      "polarity": "",
      "rate": 5,
      "response": "",
      "response_date": "",
      "review": "The best To Do list app I've come across",
      "review_date": [
        "July",
        "10",
        " 2018"
      ]
    },
    {
      "REQ_subtype": "",
      "REQ_type": "",
      "_id": 93,
      "author_id": "not defined",
      "author_name": "Abbey Websper",
      "helpful": "0",
      "polarity": "",
      "rate": 1,
      "response": "",
      "response_date": "",
      "review": "Can't cancel subscription!!!",
      "review_date": [
        "July",
        "11",
        " 2018"
      ]
    },
    {
      "REQ_subtype": "",
      "REQ_type": "",
      "_id": 94,
      "author_id": "not defined",
      "author_name": "Lamonth Ashford",
      "helpful": "0",
      "polarity": "",
      "rate": 5,
      "response": "",
      "response_date": "",
      "review": "Great app, as a businessman it really helps me stay on task.",
      "review_date": [
        "July",
        "10",
        " 2018"
      ]
    },
    {
      "REQ_subtype": "",
      "REQ_type": "",
      "_id": 95,
      "author_id": "not defined",
      "author_name": "Aimer Scien",
      "helpful": "0",
      "polarity": "",
      "rate": 5,
      "response": "We love you too!!",
      "response_date": [
        "July",
        "8",
        " 2018"
      ],
      "review": "It plays a critical role in my schedule, I love it",
      "review_date": [
        "July",
        "6",
        " 2018"
      ]
    },
    {
      "REQ_subtype": "",
      "REQ_type": "",
      "_id": 96,
      "author_id": "not defined",
      "author_name": "Rahul Shinde",
      "helpful": "0",
      "polarity": "",
      "rate": 5,
      "response": "",
      "response_date": "",
      "review": "So far so good, Alarm has no sound",
      "review_date": [
        "July",
        "8",
        " 2018"
      ]
    },
    {
      "REQ_subtype": "",
      "REQ_type": "",
      "_id": 97,
      "author_id": "not defined",
      "author_name": "arvind kumar",
      "helpful": "0",
      "polarity": "",
      "rate": 5,
      "response": "",
      "response_date": "",
      "review": "Give free users use more features like pro",
      "review_date": [
        "July",
        "11",
        " 2018"
      ]
    },
    {
      "REQ_subtype": "",
      "REQ_type": "",
      "_id": 98,
      "author_id": "not defined",
      "author_name": "A Google user",
      "helpful": "0",
      "polarity": "",
      "rate": 5,
      "response": "So glad Any.do has everything you need for a productive day! \ud83d\ude03\ud83d\ude03",
      "response_date": [
        "July",
        "8",
        " 2018"
      ],
      "review": "Before this i had separate apps for tasks and calendar. I love it.",
      "review_date": [
        "July",
        "5",
        " 2018"
      ]
    },
    {
      "REQ_subtype": "",
      "REQ_type": "",
      "_id": 99,
      "author_id": "not defined",
      "author_name": "A Google user",
      "helpful": "0",
      "polarity": "",
      "rate": 5,
      "response": "",
      "response_date": "",
      "review": "Best App ever. Please add it in Every phone by default.",
      "review_date": [
        "July",
        "10",
        " 2018"
      ]
    },
    {
      "REQ_subtype": "",
      "REQ_type": "",
      "_id": 100,
      "author_id": "not defined",
      "author_name": "Denise Misquita",
      "helpful": "1",
      "polarity": "",
      "rate": 5,
      "response": "Love to hear it Denise \u2764\ufe0f",
      "response_date": [
        "July",
        "8",
        " 2018"
      ],
      "review": "It's very productive",
      "review_date": [
        "July",
        "4",
        " 2018"
      ]
    },
    {
      "REQ_subtype": "",
      "REQ_type": "",
      "_id": 101,
      "author_id": "not defined",
      "author_name": "Kirk Fontaine",
      "helpful": "0",
      "polarity": "",
      "rate": 4,
      "response": "",
      "response_date": "",
      "review": "I love the ui and functionality thanks for the link to the calendar",
      "review_date": [
        "July",
        "10",
        " 2018"
      ]
    },
    {
      "REQ_subtype": "",
      "REQ_type": "",
      "_id": 102,
      "author_id": "not defined",
      "author_name": "8 cat",
      "helpful": "0",
      "polarity": "",
      "rate": 5,
      "response": "",
      "response_date": "",
      "review": "Meh, issokay",
      "review_date": [
        "July",
        "8",
        " 2018"
      ]
    },
    {
      "REQ_subtype": "",
      "REQ_type": "",
      "_id": 103,
      "author_id": "not defined",
      "author_name": "HubbaBaz Mozay",
      "helpful": "0",
      "polarity": "",
      "rate": 5,
      "response": "",
      "response_date": "",
      "review": "Great digital assistant for my daily schedule \ud83d\udc4d",
      "review_date": [
        "July",
        "12",
        " 2018"
      ]
    },
    {
      "REQ_subtype": "",
      "REQ_type": "",
      "_id": 104,
      "author_id": "not defined",
      "author_name": "Lisane-Selassie Miller",
      "helpful": "0",
      "polarity": "",
      "rate": 5,
      "response": "Cheers! Thanks for the 5 star review!",
      "response_date": [
        "July",
        "9",
        " 2018"
      ],
      "review": "Very helpful app and does the job well",
      "review_date": [
        "July",
        "6",
        " 2018"
      ]
    },
    {
      "REQ_subtype": "",
      "REQ_type": "",
      "_id": 105,
      "author_id": "not defined",
      "author_name": "Allyson Xanleeuwin",
      "helpful": "0",
      "polarity": "",
      "rate": 5,
      "response": "",
      "response_date": "",
      "review": "Its good but please improve it more",
      "review_date": [
        "July",
        "8",
        " 2018"
      ]
    },
    {
      "REQ_subtype": "",
      "REQ_type": "",
      "_id": 106,
      "author_id": "not defined",
      "author_name": "Michael Blake",
      "helpful": "0",
      "polarity": "",
      "rate": 5,
      "response": "Cheers! We \u2764\ufe0f you!",
      "response_date": [
        "July",
        "8",
        " 2018"
      ],
      "review": "Best app to stay organized. Love it!!",
      "review_date": [
        "July",
        "4",
        " 2018"
      ]
    },
    {
      "REQ_subtype": "",
      "REQ_type": "",
      "_id": 107,
      "author_id": "not defined",
      "author_name": "Sheikh Raisul Islam",
      "helpful": "0",
      "polarity": "",
      "rate": 5,
      "response": "",
      "response_date": "",
      "review": "Just awesome. Ma shaa ALLAH",
      "review_date": [
        "July",
        "8",
        " 2018"
      ]
    },
    {
      "REQ_subtype": "",
      "REQ_type": "",
      "_id": 108,
      "author_id": "not defined",
      "author_name": "Logesh kumar",
      "helpful": "0",
      "polarity": "",
      "rate": 5,
      "response": "",
      "response_date": "",
      "review": "Really supb app. Easy to use",
      "review_date": [
        "July",
        "11",
        " 2018"
      ]
    },
    {
      "REQ_subtype": "",
      "REQ_type": "",
      "_id": 109,
      "author_id": "not defined",
      "author_name": "Ashutosh Jaiswal",
      "helpful": "0",
      "polarity": "",
      "rate": 5,
      "response": "So glad to hear it! :))",
      "response_date": [
        "July",
        "9",
        " 2018"
      ],
      "review": "App does perfectly what it is supposed to do..",
      "review_date": [
        "July",
        "7",
        " 2018"
      ]
    },
    {
      "REQ_subtype": "",
      "REQ_type": "",
      "_id": 110,
      "author_id": "not defined",
      "author_name": "Chris KOUAKAM",
      "helpful": "0",
      "polarity": "",
      "rate": 4,
      "response": "",
      "response_date": "",
      "review": "Simple to use. I really love it !.",
      "review_date": [
        "July",
        "12",
        " 2018"
      ]
    },
    {
      "REQ_subtype": "",
      "REQ_type": "",
      "_id": 111,
      "author_id": "not defined",
      "author_name": "Roberto Wyszkowski",
      "helpful": "0",
      "polarity": "",
      "rate": 5,
      "response": "That's what Any.do is here for! :)",
      "response_date": [
        "July",
        "8",
        " 2018"
      ],
      "review": "Great tool to manage daily tasks",
      "review_date": [
        "July",
        "5",
        " 2018"
      ]
    },
    {
      "REQ_subtype": "",
      "REQ_type": "",
      "_id": 112,
      "author_id": "not defined",
      "author_name": "A Google user",
      "helpful": "0",
      "polarity": "",
      "rate": 4,
      "response": "",
      "response_date": "",
      "review": "Great! Love the inspiration messages",
      "review_date": [
        "July",
        "2",
        " 2018"
      ]
    },
    {
      "REQ_subtype": "",
      "REQ_type": "",
      "_id": 113,
      "author_id": "not defined",
      "author_name": "raymond charles",
      "helpful": "1",
      "polarity": "",
      "rate": 5,
      "response": "\ud83d\ude01\ud83d\ude01",
      "response_date": [
        "July",
        "8",
        " 2018"
      ],
      "review": "It's awesome",
      "review_date": [
        "July",
        "4",
        " 2018"
      ]
    },
    {
      "REQ_subtype": "",
      "REQ_type": "",
      "_id": 114,
      "author_id": "not defined",
      "author_name": "Jonathan",
      "helpful": "0",
      "polarity": "",
      "rate": 4,
      "response": "",
      "response_date": "",
      "review": "Great app. Does the job",
      "review_date": [
        "July",
        "8",
        " 2018"
      ]
    },
    {
      "REQ_subtype": "",
      "REQ_type": "",
      "_id": 115,
      "author_id": "not defined",
      "author_name": "Shreejan Shrestha",
      "helpful": "0",
      "polarity": "",
      "rate": 5,
      "response": "That's what we're here for \ud83d\ude01\ud83d\ude01",
      "response_date": [
        "July",
        "9",
        " 2018"
      ],
      "review": "Great app for managing todos",
      "review_date": [
        "July",
        "6",
        " 2018"
      ]
    },
    {
      "REQ_subtype": "",
      "REQ_type": "",
      "_id": 116,
      "author_id": "not defined",
      "author_name": "gajula rakesh",
      "helpful": "0",
      "polarity": "",
      "rate": 5,
      "response": "",
      "response_date": "",
      "review": "Remind s me a lot",
      "review_date": [
        "July",
        "3",
        " 2018"
      ]
    },
    {
      "REQ_subtype": "",
      "REQ_type": "",
      "_id": 117,
      "author_id": "not defined",
      "author_name": "darwin orendain",
      "helpful": "0",
      "polarity": "",
      "rate": 5,
      "response": "That's the goal! \ud83d\ude01",
      "response_date": [
        "July",
        "8",
        " 2018"
      ],
      "review": "Very simple and tidy.",
      "review_date": [
        "July",
        "6",
        " 2018"
      ]
    },
    {
      "REQ_subtype": "",
      "REQ_type": "",
      "_id": 118,
      "author_id": "not defined",
      "author_name": "zi hao Lim",
      "helpful": "0",
      "polarity": "",
      "rate": 5,
      "response": "",
      "response_date": "",
      "review": "It's it's all great!",
      "review_date": [
        "July",
        "14",
        " 2018"
      ]
    },
    {
      "REQ_subtype": "",
      "REQ_type": "",
      "_id": 119,
      "author_id": "not defined",
      "author_name": "\u0414\u043c\u0438\u0442\u0440\u0438\u0439 \u041a\u0440\u0430\u0441\u043d\u043e\u043f\u043e\u043b\u044c\u0441\u043a\u0438\u0439",
      "helpful": "0",
      "polarity": "",
      "rate": 5,
      "response": "\u2764\ufe0f\u2764\ufe0f",
      "response_date": [
        "July",
        "3",
        " 2018"
      ],
      "review": "Amazing app!",
      "review_date": [
        "July",
        "2",
        " 2018"
      ]
    },
    {
      "REQ_subtype": "",
      "REQ_type": "",
      "_id": 120,
      "author_id": "not defined",
      "author_name": "Srinivasan venkatraman",
      "helpful": "0",
      "polarity": "",
      "rate": 5,
      "response": "",
      "response_date": "",
      "review": "Good for a free app",
      "review_date": [
        "July",
        "6",
        " 2018"
      ]
    },
    {
      "REQ_subtype": "",
      "REQ_type": "",
      "_id": 121,
      "author_id": "not defined",
      "author_name": "Kareem Hamed",
      "helpful": "0",
      "polarity": "",
      "rate": 5,
      "response": "",
      "response_date": "",
      "review": "Great app to use",
      "review_date": [
        "July",
        "6",
        " 2018"
      ]
    },
    {
      "REQ_subtype": "",
      "REQ_type": "",
      "_id": 122,
      "author_id": "not defined",
      "author_name": "Nisal Fernando",
      "helpful": "0",
      "polarity": "",
      "rate": 5,
      "response": "So glad you are enjoying Any.do, thanks for the support! \ud83d\ude01\ud83d\ude01",
      "response_date": [
        "July",
        "8",
        " 2018"
      ],
      "review": "This is freaking awesome",
      "review_date": [
        "July",
        "6",
        " 2018"
      ]
    },
    {
      "REQ_subtype": "",
      "REQ_type": "",
      "_id": 123,
      "author_id": "not defined",
      "author_name": "Hazem ElMansoury",
      "helpful": "0",
      "polarity": "",
      "rate": 5,
      "response": "",
      "response_date": "",
      "review": "Very good app",
      "review_date": [
        "July",
        "9",
        " 2018"
      ]
    },
    {
      "REQ_subtype": "",
      "REQ_type": "",
      "_id": 124,
      "author_id": "not defined",
      "author_name": "Rangi Mathew",
      "helpful": "1",
      "polarity": "",
      "rate": 5,
      "response": "",
      "response_date": "",
      "review": "Great app",
      "review_date": [
        "July",
        "4",
        " 2018"
      ]
    },
    {
      "REQ_subtype": "",
      "REQ_type": "",
      "_id": 125,
      "author_id": "not defined",
      "author_name": "A Google user",
      "helpful": "0",
      "polarity": "",
      "rate": 4,
      "response": "So glad you enjoy it! How can we get this review up to 5 stars? \ud83d\ude09\ud83d\ude09",
      "response_date": [
        "July",
        "8",
        " 2018"
      ],
      "review": "Nice app.very useful",
      "review_date": [
        "July",
        "5",
        " 2018"
      ]
    },
    {
      "REQ_subtype": "",
      "REQ_type": "",
      "_id": 126,
      "author_id": "not defined",
      "author_name": "BZzz TV",
      "helpful": "0",
      "polarity": "",
      "rate": 1,
      "response": "Hi, are you experiencing any issues with the app? You are welcome to contact us at customers@any.do for assistance or with any questions :)",
      "response_date": [
        "July",
        "9",
        " 2018"
      ],
      "review": "Aw",
      "review_date": [
        "July",
        "6",
        " 2018"
      ]
    },
    {
      "REQ_subtype": "",
      "REQ_type": "",
      "_id": 127,
      "author_id": "not defined",
      "author_name": "Shreyas Shah",
      "helpful": "0",
      "polarity": "",
      "rate": 5,
      "response": "\ud83d\ude0a\ud83d\ude00",
      "response_date": [
        "July",
        "8",
        " 2018"
      ],
      "review": "\u091b\u093e\u0928",
      "review_date": [
        "July",
        "5",
        " 2018"
      ]
    },
    {
      "REQ_subtype": "",
      "REQ_type": "",
      "_id": 128,
      "author_id": "not defined",
      "author_name": "razak hasan",
      "helpful": "0",
      "polarity": "",
      "rate": 5,
      "response": "",
      "response_date": "",
      "review": "Gooddd",
      "review_date": [
        "July",
        "11",
        " 2018"
      ]
    },
    {
      "REQ_subtype": "",
      "REQ_type": "",
      "_id": 129,
      "author_id": "not defined",
      "author_name": "Guillermo Solla",
      "helpful": "0",
      "polarity": "",
      "rate": 5,
      "response": "",
      "response_date": "",
      "review": "Good app",
      "review_date": [
        "July",
        "5",
        " 2018"
      ]
    },
    {
      "REQ_subtype": "",
      "REQ_type": "",
      "_id": 130,
      "author_id": "not defined",
      "author_name": "Anshul Singhvi",
      "helpful": "0",
      "polarity": "",
      "rate": 5,
      "response": "\ud83d\ude0a\ud83d\ude01",
      "response_date": [
        "July",
        "9",
        " 2018"
      ],
      "review": "Beautiful App",
      "review_date": [
        "July",
        "6",
        " 2018"
      ]
    },
    {
      "REQ_subtype": "",
      "REQ_type": "",
      "_id": 131,
      "author_id": "not defined",
      "author_name": "Ahmed Khedr",
      "helpful": "0",
      "polarity": "",
      "rate": 5,
      "response": "\ud83d\ude0d\ud83d\ude0d",
      "response_date": [
        "July",
        "15",
        " 2018"
      ],
      "review": "Best ever",
      "review_date": [
        "July",
        "7",
        " 2018"
      ]
    },
    {
      "REQ_subtype": "",
      "REQ_type": "",
      "_id": 132,
      "author_id": "not defined",
      "author_name": "Shushu Love",
      "helpful": "0",
      "polarity": "",
      "rate": 5,
      "response": "",
      "response_date": "",
      "review": "Love this app",
      "review_date": [
        "July",
        "9",
        " 2018"
      ]
    },
    {
      "REQ_subtype": "",
      "REQ_type": "",
      "_id": 133,
      "author_id": "not defined",
      "author_name": "kumawat dinesh",
      "helpful": "0",
      "polarity": "",
      "rate": 5,
      "response": "",
      "response_date": "",
      "review": "Usefull app",
      "review_date": [
        "July",
        "10",
        " 2018"
      ]
    },
    {
      "REQ_subtype": "",
      "REQ_type": "",
      "_id": 134,
      "author_id": "not defined",
      "author_name": "jitendra raipur",
      "helpful": "0",
      "polarity": "",
      "rate": 5,
      "response": "",
      "response_date": "",
      "review": "Nice app",
      "review_date": [
        "July",
        "10",
        " 2018"
      ]
    },
    {
      "REQ_subtype": "",
      "REQ_type": "",
      "_id": 135,
      "author_id": "not defined",
      "author_name": "Wen Xean",
      "helpful": "0",
      "polarity": "",
      "rate": 5,
      "response": "",
      "response_date": "",
      "review": "Very good",
      "review_date": [
        "July",
        "11",
        " 2018"
      ]
    },
    {
      "REQ_subtype": "",
      "REQ_type": "",
      "_id": 136,
      "author_id": "not defined",
      "author_name": "Mohmad All",
      "helpful": "0",
      "polarity": "",
      "rate": 5,
      "response": "",
      "response_date": "",
      "review": "Good app",
      "review_date": [
        "July",
        "11",
        " 2018"
      ]
    },
    {
      "REQ_subtype": "",
      "REQ_type": "",
      "_id": 137,
      "author_id": "not defined",
      "author_name": "Thirish Raj",
      "helpful": "0",
      "polarity": "",
      "rate": 5,
      "response": "",
      "response_date": "",
      "review": "Good one",
      "review_date": [
        "July",
        "11",
        " 2018"
      ]
    },
    {
      "REQ_subtype": "",
      "REQ_type": "",
      "_id": 138,
      "author_id": "not defined",
      "author_name": "divyesh vishwakarm",
      "helpful": "0",
      "polarity": "",
      "rate": 5,
      "response": "",
      "response_date": "",
      "review": "Best reminder",
      "review_date": [
        "July",
        "13",
        " 2018"
      ]
    },
    {
      "REQ_subtype": "",
      "REQ_type": "",
      "_id": 139,
      "author_id": "not defined",
      "author_name": "Deborah Emawodia",
      "helpful": "0",
      "polarity": "",
      "rate": 5,
      "response": "",
      "response_date": "",
      "review": "Fantastic planner",
      "review_date": [
        "July",
        "11",
        " 2018"
      ]
    },
    {
      "REQ_subtype": "",
      "REQ_type": "",
      "_id": 140,
      "author_id": "not defined",
      "author_name": "Thabo Mmotle",
      "helpful": "0",
      "polarity": "",
      "rate": 5,
      "response": "",
      "response_date": "",
      "review": "Great app...",
      "review_date": [
        "July",
        "10",
        " 2018"
      ]
    },
    {
      "REQ_subtype": "",
      "REQ_type": "",
      "_id": 141,
      "author_id": "not defined",
      "author_name": "Naser K",
      "helpful": "0",
      "polarity": "",
      "rate": 4,
      "response": "",
      "response_date": "",
      "review": "Nice",
      "review_date": [
        "July",
        "12",
        " 2018"
      ]
    },
    {
      "REQ_subtype": "",
      "REQ_type": "",
      "_id": 142,
      "author_id": "not defined",
      "author_name": "A Google user",
      "helpful": "0",
      "polarity": "",
      "rate": 5,
      "response": "We \u2764\ufe0f you!",
      "response_date": [
        "July",
        "8",
        " 2018"
      ],
      "review": "Love it",
      "review_date": [
        "July",
        "5",
        " 2018"
      ]
    },
    {
      "REQ_subtype": "",
      "REQ_type": "",
      "_id": 143,
      "author_id": "not defined",
      "author_name": "MIH Matukane",
      "helpful": "0",
      "polarity": "",
      "rate": 5,
      "response": "We \u2764\ufe0f you!",
      "response_date": [
        "July",
        "8",
        " 2018"
      ],
      "review": "Love this a",
      "review_date": [
        "July",
        "5",
        " 2018"
      ]
    },
    {
      "REQ_subtype": "",
      "REQ_type": "",
      "_id": 144,
      "author_id": "not defined",
      "author_name": "Austin Kyunni",
      "helpful": "0",
      "polarity": "",
      "rate": 5,
      "response": "",
      "response_date": "",
      "review": "Fantastic",
      "review_date": [
        "July",
        "8",
        " 2018"
      ]
    },
    {
      "REQ_subtype": "",
      "REQ_type": "",
      "_id": 145,
      "author_id": "not defined",
      "author_name": "Ariel Zeitune",
      "helpful": "0",
      "polarity": "",
      "rate": 5,
      "response": "",
      "response_date": "",
      "review": "Awesome",
      "review_date": [
        "July",
        "8",
        " 2018"
      ]
    },
    {
      "REQ_subtype": "",
      "REQ_type": "",
      "_id": 146,
      "author_id": "not defined",
      "author_name": "sharief homsi",
      "helpful": "0",
      "polarity": "",
      "rate": 5,
      "response": "",
      "response_date": "",
      "review": "Love it",
      "review_date": [
        "July",
        "12",
        " 2018"
      ]
    },
    {
      "REQ_subtype": "",
      "REQ_type": "",
      "_id": 147,
      "author_id": "not defined",
      "author_name": "Brett Kelly",
      "helpful": "0",
      "polarity": "",
      "rate": 5,
      "response": "Thanks so much for the support! We're so happy that you are taking advantage of all the features Any.do has to offer. We design every feature with the goal of making our users'' lives easier and more productive. \ud83d\ude01\ud83d\ude01",
      "response_date": [
        "June",
        "28",
        " 2018"
      ],
      "review": "This app has been primarily iOS for a long time, but they finally seem to be adding the features I need to the Android version. The calendar widget took a while to get here but it is the best I've seen by FAR. It has a pure black theme, which is great. I think both of these are premium features, but this app is so well written they deserve support.",
      "review_date": [
        "June",
        "28",
        " 2018"
      ]
    },
    {
      "REQ_subtype": "",
      "REQ_type": "",
      "_id": 148,
      "author_id": "not defined",
      "author_name": "Leigha",
      "helpful": "7",
      "polarity": "",
      "rate": 2,
      "response": "Hey Leigha! 95% of Any.do features are completely free! We believe Any.do should be accessible to everyone. If you have seen the Premium upgrade screen too often, you are welcome to report it at premium@any.do so our team can look into it\ud83d\ude0a",
      "response_date": [
        "June",
        "27",
        " 2018"
      ],
      "review": "The app itself is okay I'm the free version at least. The concept is \nflawless and it seems the paid version is fantastic. However I cannot \nafford to pay for it. The obsessive repetition of \"Hey upgrade Me! Only \n2.50 a month! Billed annually!!\" Was definitely what prompted me to delete \nthe app. Will not use again unless the forceful push to upgrade to Premium \nstops. Don't download the app unless you are willing to pay for it. Free \nisn't worth it.",
      "review_date": [
        "June",
        "25",
        " 2018"
      ]
    },
    {
      "REQ_subtype": "",
      "REQ_type": "",
      "_id": 149,
      "author_id": "not defined",
      "author_name": "Raj Kondala",
      "helpful": "2",
      "polarity": "",
      "rate": 5,
      "response": "We are so happy you like the new call feature and the notification options, Raj! Thanks for being a part of our Any.do community \u2764\ufe0f",
      "response_date": [
        "July",
        "1",
        " 2018"
      ],
      "review": "Wow! On snooze the task gets rearranged in calendar view. The only feature \nI never seen in any other apps. Never miss a call back that was important. \nThe best part I like the most is the in app notification from where you can \nselect task and postpone as usual.",
      "review_date": [
        "June",
        "29",
        " 2018"
      ]
    },
    {
      "REQ_subtype": "",
      "REQ_type": "",
      "_id": 150,
      "author_id": "not defined",
      "author_name": "Carl Jefferson Jones - Horsley",
      "helpful": "1",
      "polarity": "",
      "rate": 2,
      "response": "Hi Carl, 95% of the Any.do features are actually available to our free users. Our prices are per industry standard, though we do offer promotional discounts every now and then :) You are welcome to check with our team at premium@any.do for available discounts.",
      "response_date": [
        "July",
        "1",
        " 2018"
      ],
      "review": "This is a very nice app,, but it is useless without the premium version. \nThe cost is scandalous and out of reach for the normal user. There are \nother excellent apps that cost just a little one off payment. I will \nuninstall because of this rip off..",
      "review_date": [
        "July",
        "1",
        " 2018"
      ]
    },
    {
      "REQ_subtype": "",
      "REQ_type": "",
      "_id": 151,
      "author_id": "not defined",
      "author_name": "Stephen Ansley",
      "helpful": "2",
      "polarity": "",
      "rate": 4,
      "response": "Hi Stephen! This looks like a bug. Please reach out to us at customers@any.do so we can look into this issue for you \ud83d\ude0a",
      "response_date": [
        "June",
        "27",
        " 2018"
      ],
      "review": "Love this app and have been using it daily for a couple of years. My only \nissue is that it really lags for me when trying to enter new tasks or \nrename them etc. This seemed to be resolved once after clearing all caches \nand all that, but came back within a couple of weeks. I still like it just \nenough to keep it, though I might have to look around if the lag gets worse.",
      "review_date": [
        "June",
        "25",
        " 2018"
      ]
    },
    {
      "REQ_subtype": "",
      "REQ_type": "",
      "_id": 152,
      "author_id": "not defined",
      "author_name": "Ramneek Singh",
      "helpful": "0",
      "polarity": "",
      "rate": 5,
      "response": "Thank you for your feedback. We are glad you are part of the community, and you are free to contact customers@any.do with any questions you might have :)",
      "response_date": [
        "July",
        "2",
        " 2018"
      ],
      "review": "Hey developers! I used this app after a long time since Wunderlist is \ndying, and while I like it, I usually take my time with an app before \nswitching to its premium version. And you can't escape it much when using \nany.do, even if you want to change the theme. But smooth as usual :)",
      "review_date": [
        "June",
        "30",
        " 2018"
      ]
    },
    {
      "REQ_subtype": "",
      "REQ_type": "",
      "_id": 153,
      "author_id": "not defined",
      "author_name": "Vincent Krisna",
      "helpful": "1",
      "polarity": "",
      "rate": 2,
      "response": "Hi Kris, so glad that you're enjoying the app! Having indicators is a great suggestion and we've already started working on it - it should be released in the next few months \ud83d\ude0a To add your support and receive updates, you're welcome to go here: https://goo.gl/HQbfsn.",
      "response_date": [
        "April",
        "21",
        " 2018"
      ],
      "review": "Disappointed with it's slow development when it's only a single app \ncompany. Been waiting for \"due date view without tap\" since last year and \nhaven't heard of anything and my subscription is almost end. Subscription \nis extremely expensive when all I need is their theme color and \nnotification limitations. This could've been the best app but I have to \nmove to Wunderlist from now on since their subscription is now totally \nfree. Will consider moving back someday when a real update came.",
      "review_date": [
        "July",
        "3",
        " 2018"
      ]
    },
    {
      "REQ_subtype": "",
      "REQ_type": "",
      "_id": 154,
      "author_id": "not defined",
      "author_name": "A Google user",
      "helpful": "0",
      "polarity": "",
      "rate": 2,
      "response": "Hi, we're sorry for the inconvenience! Please submit a bug report through Settings - Support so we can figure out exactly what is going on and assist you ASAP.",
      "response_date": [
        "June",
        "28",
        " 2018"
      ],
      "review": "The swipe to complete is not reliable and I would love an option to turn it \noff in favor of an old check mark system. I use the app primarily because \nit supports Alexa. But, occasionally, Alexa and this app de-sync and I've \ngot to reinstall the app. This happens every few months. It's also a pain \nto navigate. I would like the back button to go to the task home screen. \nHalf the time it opens to a list and I naturally press back so that I can \nswitch to another list and it exits the app.",
      "review_date": [
        "June",
        "27",
        " 2018"
      ]
    },
    {
      "REQ_subtype": "",
      "REQ_type": "",
      "_id": 155,
      "author_id": "not defined",
      "author_name": "MusicMuse",
      "helpful": "0",
      "polarity": "",
      "rate": 4,
      "response": "",
      "response_date": "",
      "review": "I really enjoy this app, it is very helpful and does what it says. However \nkindly do not send me messages such as \"your to do list feels useless...\" \non my days off, as it feels pushy and stressful and only urges me to \nuninstall an otherwise very nice app. Thank you (:",
      "review_date": [
        "July",
        "3",
        " 2018"
      ]
    },
    {
      "REQ_subtype": "",
      "REQ_type": "",
      "_id": 156,
      "author_id": "not defined",
      "author_name": "Searabo Nkau",
      "helpful": "0",
      "polarity": "",
      "rate": 3,
      "response": "Hi, this sounds odd! Please submit a bug report through Settings - Support and the we will look into the issue right away.",
      "response_date": [
        "June",
        "27",
        " 2018"
      ],
      "review": "I have issues synchronizing accross different devices, and changes i make \non the app are not synchronized with my team. This is creating issues when \nwe are coordinating tasks because we have different task lists where I have \nupdated on my side and they don't see my updates. Please look into this",
      "review_date": [
        "June",
        "26",
        " 2018"
      ]
    },
    {
      "REQ_subtype": "",
      "REQ_type": "",
      "_id": 157,
      "author_id": "not defined",
      "author_name": "hiraganaguy",
      "helpful": "3",
      "polarity": "",
      "rate": 5,
      "response": "We are so thrilled to know that Any.do is helping you finish all of your life's tasks \ud83d\ude0d",
      "response_date": [
        "June",
        "26",
        " 2018"
      ],
      "review": "Nice and easy to use once you get the hang of it. Always reminds me that I \nhave something left undone so I remember to finish it!",
      "review_date": [
        "June",
        "22",
        " 2018"
      ]
    },
    {
      "REQ_subtype": "",
      "REQ_type": "",
      "_id": 158,
      "author_id": "not defined",
      "author_name": "sona mishra",
      "helpful": "5",
      "polarity": "",
      "rate": 3,
      "response": "Hi Sona! You can delete your complete tasks by selecting the X to the right of the completed task while in your Task View. We are always happy to answer any other questions if you reach out to us at customers@any.do",
      "response_date": [
        "June",
        "27",
        " 2018"
      ],
      "review": "Its a very great app but I'm not able to delete my completed tasks.... I \ntried very much but I was not able to remove the tasks.... & it keeps \ngiving me notification of my completed tasks.....",
      "review_date": [
        "June",
        "24",
        " 2018"
      ]
    },
    {
      "REQ_subtype": "",
      "REQ_type": "",
      "_id": 159,
      "author_id": "not defined",
      "author_name": "Joel Donfak",
      "helpful": "1",
      "polarity": "",
      "rate": 4,
      "response": "Hi Joel, this sounds odd. Please submit a bug report via Settings - Support so we can figure out the problem ASAP :))",
      "response_date": [
        "June",
        "27",
        " 2018"
      ],
      "review": "Great app guys! I love the calendar widget design, but unfortunately it \nisn't operating as intended. Nothing happen when taping on: - the arrows to \nchange month - a calendar day - the 'Calendar' and 'Tasks' tabs on the \nwidget header... Device infos: Leagoo T5, Android 7",
      "review_date": [
        "June",
        "26",
        " 2018"
      ]
    }
  ],
  "size": "Varies with devic",
  "url": "https://play.google.com/store/apps/details?id=com.anydo",
  "version": "Varies with device"
}