{
  "categories": [
    "Photography"
  ],
  "description": "\u2605\u2605\u2605\u2605\u2605 \"The Best Camera App for Android\" - lifehacker \u2605\u2605\u2605\u2605\u2605\ud83d\ude80 Best apps - Google Play, #1 MUST-HAVE APP FOR PHOTOGRAPHERS \ud83d\ude80Now with full Camera2 manual controls!! Join millions of people who use Camera ZOOM FX.There's so much you can do: action shots, stable shot, photo filters, collage, photo composition and more.\ud83c\udfc6\ud83c\udfc6\ud83c\udfc6\ud83c\udfc6\ud83c\udfc6  Editor's Choice - Google Play, Gizmodo + SlashGear\ud83d\udc4d\ud83d\udc4d\ud83d\udc4d\ud83d\udc4d\ud83d\udc4d \"The Best Camera for Android\" - lifehacker\ud83d\ude80Huge update: Camera ZOOM FX v6 Out Now!!\ud83d\ude80\u2714 Full manual DSLR controls using Camera API2!\u2714 RAW capture (supported devices)\u2714 Set ISO, focus distance, exposure, shutter speed (Lollipop only)\u2714 Faster, more powerful, material interface!!\u2714 Combine shooting modes, e.g. timer + hdr, stable + timelapse!\u2714 Specify button order in UX!The final choice for 2,000,000+ people!\u2605 POWERFUL FEATURES:\u2714 Fastest camera on Android\u2714 Killer speed burst mode!\u2714 RAW capture (supported devices)\u2714 Manual controls, ISO, shutter speed, focus distance (supported devices)\u2714 Set actions for hardware buttons, e.g. volume to control zoom\u2714 Best Photo Mode!\u2714 Stable Shot for better pics!\u2714 Timer\u2714 Voice Activated\u2714 Collage Maker\u2714 Time Lapse\u2714 HDR Mode Pro\u2714 100s of effects: Vignette, Retro, Holga, Bokeh, lomo, hipster!\u2714 Tap anywhere to shoot\u2714 Silent camera mode\u2714 Grid overlays\u2714 360 Horizon level\u2714 Multiple flash modes\u2714 Live effects\u2714 Spy / Incognito Camera\u2714 Scene modes, e.g. night\u2714 Selfie flash\u2714 Link to video app\u2714 Widget for your photos\u2714 Custom folders, including external storage\u2714 Collage: e.g. 2x2 selfie shots\u2714 Tilt-shift filter\u2605 FREE DOWNLOAD PACKS:\u2714 Fun camera props\u2714 Famous \u2018buddies\u2019\u2714 Shutter animations\u2714 FramesTested on 100s of phones: Samsung Galaxy S6, Nexus, Motorola, etc.Tested on Android 2.2 through to KitKat, ICS, Marshmallow\u2605 REVIEWS:\"our choice for the best camera app around ... a ton of different effects if you're in the mood for a Hipstamatic type shot\" - lifehacker\"greatly improves the usefulness of your Android\" - Gizmodo\"Few apps offer as many options for shooting as this one\" - WIRED\u2605 SOCIAL MEDIAhttps://plus.google.com/communities/106277567695418760523App Permissions explained:\u2022 Write Internal Storage: To save photos\u2022 Location: To geotag photos (optional)",
  "inc": "androidslide",
  "intalled_count": "5,000,000",
  "last_update": [
    "April",
    "6",
    " 2017"
  ],
  "name": "Camera ZOOM FX - FREE",
  "offered_by": "Google Commerce Ltd",
  "permissions": {
    "Location": [
      "approximate location (network-based)",
      "precise location (GPS and network-based)"
    ],
    "Photos/Media/Files": [
      "read the contents of your USB storage",
      "modify or delete the contents of your USB storage"
    ],
    "Storage": [
      "read the contents of your USB storage",
      "modify or delete the contents of your USB storage"
    ],
    "Camera": [
      "take pictures and videos"
    ],
    "Microphone": [
      "record audio"
    ],
    "Other": [
      "view network connections",
      "control flashlight",
      "full network access",
      "run at startup",
      "control vibration",
      "prevent device from sleeping"
    ]
  },
  "price": "",
  "rate": [
    [
      "88,793",
      "4.0"
    ],
    [
      "47,231",
      "5"
    ],
    [
      "16,232",
      "4"
    ],
    [
      "9,855",
      "3"
    ],
    [
      "5,368",
      "2"
    ],
    [
      "10,107",
      "1"
    ]
  ],
  "required_android": "2.3",
  "reviews": [
    {
      "REQ_subtype": "",
      "REQ_type": "",
      "_id": 0,
      "author_id": "not defined",
      "author_name": "Carol Crowley",
      "helpful": "0",
      "polarity": "",
      "rate": 5,
      "response": "",
      "response_date": "",
      "review": "An amazing editing app! Everything you need without a ton of stuff you'll \nnever use. Allows you to pick which elements to download. Such as frames, \noverlays and stickers and leave the rest. No unnecessary stuff cluttering \nup your app. So many ways to edit create and share all your pictures. \nYou'll never want or need to download anything different. Very happy with \nthis app!!",
      "review_date": [
        "May",
        "1",
        " 2018"
      ]
    },
    {
      "REQ_subtype": "",
      "REQ_type": "",
      "_id": 1,
      "author_id": "not defined",
      "author_name": "Cowgirlriding Lgd",
      "helpful": "0",
      "polarity": "",
      "rate": 3,
      "response": "",
      "response_date": "",
      "review": "Still unable to try features or find out how they work. I did find out at \nan in operable moment that video doesn't work w/out premium. Missed what \neould have been a court saving video. I liked the app so far. I would like \nto upgrade for the half price it offers but when I go to it it brings up \nreg. Price.Never got the Answers or price change. Also would like 2 know if \nfull functions work with MotoE phone?",
      "review_date": [
        "April",
        "30",
        " 2018"
      ]
    },
    {
      "REQ_subtype": "",
      "REQ_type": "",
      "_id": 2,
      "author_id": "not defined",
      "author_name": "Billy Moskowitz",
      "helpful": "0",
      "polarity": "",
      "rate": 3,
      "response": "",
      "response_date": "",
      "review": "When I snap a bunch of photos, I like using your collage feature to put similar pics together. I also like using the collage feature to make one of a kind memes. However, since the update this past Thursday, I can only save ONE photo I edit on your app. Period. And it's overwritten if I try to save more. What happened?",
      "review_date": [
        "December",
        "30",
        " 2017"
      ]
    },
    {
      "REQ_subtype": "",
      "REQ_type": "",
      "_id": 3,
      "author_id": "not defined",
      "author_name": "Jairaj Saxena",
      "helpful": "0",
      "polarity": "",
      "rate": 1,
      "response": "",
      "response_date": "",
      "review": "I have paid money as you demanded but all it's features are not working. When i go to use the functions  given in,  a logo pops on demanding money for premium. What is it  ? It is not fair to cheat like this. No one can become a big man by cheating. God will teach you a lesson. God bless you  . I am not able to give you any rating like this",
      "review_date": [
        "April",
        "29",
        " 2017"
      ]
    },
    {
      "REQ_subtype": "",
      "REQ_type": "",
      "_id": 4,
      "author_id": "not defined",
      "author_name": "Abraham Samuel",
      "helpful": "0",
      "polarity": "",
      "rate": 1,
      "response": "",
      "response_date": "",
      "review": "At least allow the people to try the features for sometime before asking them to pay up. I wanted to check how the ISO settings work on this one but no, please pay to upgrade to \"premium\" version in order to use that. Greedy.",
      "review_date": [
        "December",
        "8",
        " 2017"
      ]
    },
    {
      "REQ_subtype": "",
      "REQ_type": "",
      "_id": 5,
      "author_id": "not defined",
      "author_name": "T Bonds",
      "helpful": "0",
      "polarity": "",
      "rate": 1,
      "response": "",
      "response_date": "",
      "review": "I was specifically searching for a voice activated camera app & this one \nsaid free & it also said voice-activated in the list of features. I \ninstalled it and guess what--voice activation requires you to upgrade to \nPremium. how crappy is that? Uninstalling immediately. Free means free, not \nfree until you install me & then I will force you to pay for an option that \nwas listed under the free features.",
      "review_date": [
        "July",
        "4",
        " 2018"
      ]
    },
    {
      "REQ_subtype": "",
      "REQ_type": "",
      "_id": 6,
      "author_id": "not defined",
      "author_name": "A Google user",
      "helpful": "1",
      "polarity": "",
      "rate": 4,
      "response": "",
      "response_date": "",
      "review": "Love the camera. Good clear photos and easy to use functions. Only issue I \nhave is the lack of response I had when I mailed the developer about having \ndifficulty with purchasing the pro version. That's enough to make me change \nmy mind about spending money altogether.",
      "review_date": [
        "July",
        "4",
        " 2018"
      ]
    },
    {
      "REQ_subtype": "",
      "REQ_type": "",
      "_id": 7,
      "author_id": "not defined",
      "author_name": "Edwin Dunckley",
      "helpful": "0",
      "polarity": "",
      "rate": 1,
      "response": "",
      "response_date": "",
      "review": "Second tap on item on screen popped up a \"must upgrade for that feature\" dialog with no way to say \"no\" or close dialog. Only way out was to power off phone. You had me for a minute.",
      "review_date": [
        "March",
        "13",
        " 2018"
      ]
    },
    {
      "REQ_subtype": "",
      "REQ_type": "",
      "_id": 8,
      "author_id": "not defined",
      "author_name": "Jonathan Capps",
      "helpful": "0",
      "polarity": "",
      "rate": 1,
      "response": "",
      "response_date": "",
      "review": "I wanted to like this but so many features are behind a paywall. I can't \nturn off the shutter sound without paying for premium? Very poor handling.",
      "review_date": [
        "July",
        "2",
        " 2018"
      ]
    },
    {
      "REQ_subtype": "",
      "REQ_type": "",
      "_id": 9,
      "author_id": "not defined",
      "author_name": "pw20092",
      "helpful": "0",
      "polarity": "",
      "rate": 1,
      "response": "",
      "response_date": "",
      "review": "Some interesting features.  A lot of features are locked.  Was prompted while using it to upgrade for half price. Decided to buy.  Purchased it and was charged full price.  Uninstalled paid version and refunded.    Emailed author, no answer...  Apparently an unsupported program or absent author.",
      "review_date": [
        "June",
        "25",
        " 2018"
      ]
    },
    {
      "REQ_subtype": "",
      "REQ_type": "",
      "_id": 10,
      "author_id": "not defined",
      "author_name": "Raymond Schaffran",
      "helpful": "0",
      "polarity": "",
      "rate": 1,
      "response": "",
      "response_date": "",
      "review": "Inappropriate advertising, it claims it can do stuff,  but when you try it sends you to buy the premium version.  Most of the advertised options are not available.  Be aware before downloading this app.",
      "review_date": [
        "August",
        "10",
        " 2017"
      ]
    },
    {
      "REQ_subtype": "",
      "REQ_type": "",
      "_id": 11,
      "author_id": "not defined",
      "author_name": "Adelin Banu",
      "helpful": "0",
      "polarity": "",
      "rate": 1,
      "response": "",
      "response_date": "",
      "review": "Useless for a dual camera phone. You just can't choose the camera to use. Developer, think! Smartphones have evolved, you should be doing the same!",
      "review_date": [
        "June",
        "16",
        " 2017"
      ]
    },
    {
      "REQ_subtype": "",
      "REQ_type": "",
      "_id": 12,
      "author_id": "not defined",
      "author_name": "VIPIN RAJAK",
      "helpful": "0",
      "polarity": "",
      "rate": 1,
      "response": "",
      "response_date": "",
      "review": "You should make it compatible for dual camera as well as now most of the phone having dual camera... You should include potrate mood... Blur effect else for single rear camera phone its good great rbg effect but useless for me until will get new update",
      "review_date": [
        "July",
        "23",
        " 2017"
      ]
    },
    {
      "REQ_subtype": "",
      "REQ_type": "",
      "_id": 13,
      "author_id": "not defined",
      "author_name": "A Google user",
      "helpful": "0",
      "polarity": "",
      "rate": 2,
      "response": "",
      "response_date": "",
      "review": "I was way too generous when I reviewed this app. But there's nothing worse than hitting the shutter button and being told that is a paid feature, and getting an ad.  Indicate something isn't available before hand.   I think I'll purchase this one though, and I never purchase apps!",
      "review_date": [
        "December",
        "26",
        " 2017"
      ]
    },
    {
      "REQ_subtype": "",
      "REQ_type": "",
      "_id": 14,
      "author_id": "not defined",
      "author_name": "Sean Niles",
      "helpful": "4",
      "polarity": "",
      "rate": 4,
      "response": "",
      "response_date": "",
      "review": "Worth the price of pro version. It really needs a Panoramic shooting mode though. If it had this, it would be 5 stars all day since i would not have to have a second camera app installed just for shooting panoramas.",
      "review_date": [
        "December",
        "16",
        " 2017"
      ]
    },
    {
      "REQ_subtype": "",
      "REQ_type": "",
      "_id": 15,
      "author_id": "not defined",
      "author_name": "S. Shull",
      "helpful": "10",
      "polarity": "",
      "rate": 4,
      "response": "",
      "response_date": "",
      "review": "App is OK, but dishonest. They advertised 50% off if I upgraded, but I was charged the full price of $2.99!",
      "review_date": [
        "July",
        "1",
        " 2017"
      ]
    },
    {
      "REQ_subtype": "",
      "REQ_type": "",
      "_id": 16,
      "author_id": "not defined",
      "author_name": "Rachel Beinish",
      "helpful": "6",
      "polarity": "",
      "rate": 3,
      "response": "",
      "response_date": "",
      "review": "It seems like a fine camera app but 75%+ of the basic features are locked away inside the paid version. Hard to tell if it's really any good? Oh well...",
      "review_date": [
        "October",
        "15",
        " 2017"
      ]
    },
    {
      "REQ_subtype": "",
      "REQ_type": "",
      "_id": 17,
      "author_id": "not defined",
      "author_name": "Tgf Tgf",
      "helpful": "2",
      "polarity": "",
      "rate": 3,
      "response": "",
      "response_date": "",
      "review": "I unhappy to have to pay for the features that I downloaded for free. Your company can keep my business if you do better!sounds exciting to use!  TGF",
      "review_date": [
        "August",
        "7",
        " 2017"
      ]
    },
    {
      "REQ_subtype": "",
      "REQ_type": "",
      "_id": 18,
      "author_id": "not defined",
      "author_name": "A Google user",
      "helpful": "7",
      "polarity": "",
      "rate": 3,
      "response": "",
      "response_date": "",
      "review": "I have to buy the timer function too? Shouldn't that be part of the camera for obvious reasons! This app is a money making machine. Good tho!",
      "review_date": [
        "July",
        "11",
        " 2017"
      ]
    },
    {
      "REQ_subtype": "",
      "REQ_type": "",
      "_id": 19,
      "author_id": "not defined",
      "author_name": "A Google user",
      "helpful": "0",
      "polarity": "",
      "rate": 3,
      "response": "",
      "response_date": "",
      "review": "It is not bad but the live view of the screen os enhanced more than yje real pic. So it is a fake ass",
      "review_date": [
        "December",
        "29",
        " 2017"
      ]
    },
    {
      "REQ_subtype": "",
      "REQ_type": "",
      "_id": 20,
      "author_id": "not defined",
      "author_name": "Xangam",
      "helpful": "0",
      "polarity": "",
      "rate": 1,
      "response": "",
      "response_date": "",
      "review": "The App literally SPAMS 50% OFF Price Advertisements almost every second(super annoying for a free app), and if you actually accept the offer, the App is still at FULL price(you think your users are totally retarded or what?). For being one of the more expensive camera apps on the market it offers nothing that the competition does not have for less money. There are better FREE and much better Paid Apps.",
      "review_date": [
        "July",
        "15",
        " 2017"
      ]
    },
    {
      "REQ_subtype": "",
      "REQ_type": "",
      "_id": 21,
      "author_id": "not defined",
      "author_name": "Marshall Estes",
      "helpful": "29",
      "polarity": "",
      "rate": 1,
      "response": "",
      "response_date": "",
      "review": "Almost all of the stated features are only available in the premium version. This is false advertising period.",
      "review_date": [
        "May",
        "15",
        " 2017"
      ]
    },
    {
      "REQ_subtype": "",
      "REQ_type": "",
      "_id": 22,
      "author_id": "not defined",
      "author_name": "Jim Klaver",
      "helpful": "0",
      "polarity": "",
      "rate": 2,
      "response": "",
      "response_date": "",
      "review": "Looks cool but 99% of everything is premium. If you want me to buy you need to let me play with some of the stuff first. Rly, 9/10 buttons don't show me something cool, they pop up a buy me screen. Uninstalled.",
      "review_date": [
        "July",
        "9",
        " 2017"
      ]
    },
    {
      "REQ_subtype": "",
      "REQ_type": "",
      "_id": 23,
      "author_id": "not defined",
      "author_name": "Kristi Dishner",
      "helpful": "0",
      "polarity": "",
      "rate": 4,
      "response": "",
      "response_date": "",
      "review": "Just getting used to this so I will rate again later. I just hope I can get \nit to capture my pictures faster because subject is hyper & won't hold \nstill! ( my dog)!!",
      "review_date": [
        "May",
        "23",
        " 2018"
      ]
    },
    {
      "REQ_subtype": "",
      "REQ_type": "",
      "_id": 24,
      "author_id": "not defined",
      "author_name": "Michael childers",
      "helpful": "0",
      "polarity": "",
      "rate": 2,
      "response": "",
      "response_date": "",
      "review": "I tap the screen for it to focus then it focuses but automatically goes back to what it was -out of focus. Like the feature set if it could focus. Camera mx focuses well automatically.",
      "review_date": [
        "April",
        "13",
        " 2017"
      ]
    },
    {
      "REQ_subtype": "",
      "REQ_type": "",
      "_id": 25,
      "author_id": "not defined",
      "author_name": "Jacquelin Grant",
      "helpful": "2",
      "polarity": "",
      "rate": 2,
      "response": "",
      "response_date": "",
      "review": "Good effort. It zooms nicely, however the pic are not crisp enough for my liking. If you work on getting crisper, or more detailed looking results, you'll have a great app.",
      "review_date": [
        "September",
        "27",
        " 2017"
      ]
    },
    {
      "REQ_subtype": "",
      "REQ_type": "",
      "_id": 26,
      "author_id": "not defined",
      "author_name": "cathy phillips",
      "helpful": "0",
      "polarity": "",
      "rate": 5,
      "response": "",
      "response_date": "",
      "review": "I haven't had a chance to really use it yet. I LOVE TAKING PICTURES. I have dementia so it takes me longer to figure things out",
      "review_date": [
        "January",
        "7",
        " 2018"
      ]
    },
    {
      "REQ_subtype": "",
      "REQ_type": "",
      "_id": 27,
      "author_id": "not defined",
      "author_name": "Michael Adelman",
      "helpful": "2",
      "polarity": "",
      "rate": 2,
      "response": "",
      "response_date": "",
      "review": "Bought a premium version but a lot of features are still not available. Timer feature makes the app unusable as it blocks half of the screen and it is impossible to hide.",
      "review_date": [
        "August",
        "10",
        " 2017"
      ]
    },
    {
      "REQ_subtype": "",
      "REQ_type": "",
      "_id": 28,
      "author_id": "not defined",
      "author_name": "Meg Maples",
      "helpful": "0",
      "polarity": "",
      "rate": 1,
      "response": "",
      "response_date": "",
      "review": "I downloaded this to try it before paying for the full app. However, with \nnearly all of the features disabled that I was interested in, I never got \nthe chance to see if it was better than my stock camera. It took the same \nquality photos as I can already get.",
      "review_date": [
        "July",
        "14",
        " 2018"
      ]
    },
    {
      "REQ_subtype": "",
      "REQ_type": "",
      "_id": 29,
      "author_id": "not defined",
      "author_name": "Benji Small",
      "helpful": "4",
      "polarity": "",
      "rate": 1,
      "response": "",
      "response_date": "",
      "review": "I have paid the full price and many modes do not work and I keep receiving a command to upgrade. Rip off!",
      "review_date": [
        "July",
        "15",
        " 2017"
      ]
    },
    {
      "REQ_subtype": "",
      "REQ_type": "",
      "_id": 30,
      "author_id": "not defined",
      "author_name": "Van Helzing",
      "helpful": "0",
      "polarity": "",
      "rate": 2,
      "response": "",
      "response_date": "",
      "review": "Asks u to pay for additional features. Garbage",
      "review_date": [
        "March",
        "26",
        " 2018"
      ]
    },
    {
      "REQ_subtype": "",
      "REQ_type": "",
      "_id": 31,
      "author_id": "not defined",
      "author_name": "Aashish Bana",
      "helpful": "6",
      "polarity": "",
      "rate": 2,
      "response": "",
      "response_date": "",
      "review": "Crashing at launch on Redmi 4A Build info: cm_rolex-userdebug 7.1.1 NMF26V e057c56a67 test-keys Serial number: 16ff96071f384",
      "review_date": [
        "June",
        "2",
        " 2017"
      ]
    },
    {
      "REQ_subtype": "",
      "REQ_type": "",
      "_id": 32,
      "author_id": "not defined",
      "author_name": "A Google user",
      "helpful": "2",
      "polarity": "",
      "rate": 5,
      "response": "",
      "response_date": "",
      "review": "This camera app  eliminated the blurriness and lines in my photos I thought I had to get a new phone but using this app fixed my issues",
      "review_date": [
        "September",
        "19",
        " 2017"
      ]
    },
    {
      "REQ_subtype": "",
      "REQ_type": "",
      "_id": 33,
      "author_id": "not defined",
      "author_name": "Sayudh Mukherjee",
      "helpful": "26",
      "polarity": "",
      "rate": 3,
      "response": "",
      "response_date": "",
      "review": "Idk but it's not working for Redmi Note 4. Tried the paid apk too. Still it didn't work.",
      "review_date": [
        "April",
        "11",
        " 2017"
      ]
    },
    {
      "REQ_subtype": "",
      "REQ_type": "",
      "_id": 34,
      "author_id": "not defined",
      "author_name": "Cj Pruitt",
      "helpful": "1",
      "polarity": "",
      "rate": 1,
      "response": "",
      "response_date": "",
      "review": "Pretty disappointed. It only offers the exact same thing as the camara on my device UNLESS YOU PAY",
      "review_date": [
        "February",
        "9",
        " 2018"
      ]
    },
    {
      "REQ_subtype": "",
      "REQ_type": "",
      "_id": 35,
      "author_id": "not defined",
      "author_name": "Guided Motorbike Tours",
      "helpful": "1",
      "polarity": "",
      "rate": 1,
      "response": "",
      "response_date": "",
      "review": "Why offer a free version of the premium app if the user can't test the premium features before buying. It'll be better to offer a trial period to use all the features. As such I won't be buying the premium version or using the free version as I can't use any of the features I wanted that are in the paid version",
      "review_date": [
        "August",
        "28",
        " 2017"
      ]
    },
    {
      "REQ_subtype": "",
      "REQ_type": "",
      "_id": 36,
      "author_id": "not defined",
      "author_name": "Debbie Nance - House",
      "helpful": "0",
      "polarity": "",
      "rate": 2,
      "response": "",
      "response_date": "",
      "review": "It ^seems^ to be a great camera, wish I could have tried it on more than  a handful of shots! Was out shooting and it will force you to buy, or won't let you take any more photos. Will only let you edit m A COUPLE PICS W ONLY A FEW SELECT FILTERS BUT COULDN'T SAVE, UNLESS I OURCHASED SO FREE? NO",
      "review_date": [
        "June",
        "30",
        " 2017"
      ]
    },
    {
      "REQ_subtype": "",
      "REQ_type": "",
      "_id": 37,
      "author_id": "not defined",
      "author_name": "Fred Kraxberger",
      "helpful": "0",
      "polarity": "",
      "rate": 1,
      "response": "",
      "response_date": "",
      "review": "I paid  to upgrade from free to premium.  None of the premium features work, it just keeps on asking to pay for premium upgrade. Do Not Pay to Upgrade..... it's a rip-off !!!!",
      "review_date": [
        "September",
        "25",
        " 2017"
      ]
    },
    {
      "REQ_subtype": "",
      "REQ_type": "",
      "_id": 38,
      "author_id": "not defined",
      "author_name": "TheBagSupplier Sales",
      "helpful": "0",
      "polarity": "",
      "rate": 5,
      "response": "",
      "response_date": "",
      "review": "I have tried various camera apps and, to date, this is the best I have discovered. Combines a myriad of easy to operate functions and takes  superb quality photos on my LG G3 phone. I use it every day for multiple photos and hasn't failed me yet. Highly recommended.",
      "review_date": [
        "July",
        "13",
        " 2017"
      ]
    },
    {
      "REQ_subtype": "",
      "REQ_type": "",
      "_id": 39,
      "author_id": "not defined",
      "author_name": "vasanth kumar",
      "helpful": "0",
      "polarity": "",
      "rate": 4,
      "response": "",
      "response_date": "",
      "review": "This is the best camera app .i want to buy the pro version but i have some \ndrawbacks after i take photo in front camera it is mirrored ,pls give an \nsolution '!! Im using sony xperia m5.",
      "review_date": [
        "May",
        "30",
        " 2018"
      ]
    },
    {
      "REQ_subtype": "",
      "REQ_type": "",
      "_id": 40,
      "author_id": "not defined",
      "author_name": "Serene Dougan",
      "helpful": "0",
      "polarity": "",
      "rate": 1,
      "response": "",
      "response_date": "",
      "review": "Ripped off! Paid for app and 45 mins after, my paid for app is reverted to the free version and most of the settings are not accessible. REFUND MY EFFING MONEY-NOW! I will report this!",
      "review_date": [
        "June",
        "11",
        " 2017"
      ]
    },
    {
      "REQ_subtype": "",
      "REQ_type": "",
      "_id": 41,
      "author_id": "not defined",
      "author_name": "Aaron Bramson",
      "helpful": "1",
      "polarity": "",
      "rate": 1,
      "response": "",
      "response_date": "",
      "review": "Made sound and stopped music playback when I took a picture, so it's worthless to me.",
      "review_date": [
        "July",
        "26",
        " 2017"
      ]
    },
    {
      "REQ_subtype": "",
      "REQ_type": "",
      "_id": 42,
      "author_id": "not defined",
      "author_name": "K Cyr",
      "helpful": "4",
      "polarity": "",
      "rate": 4,
      "response": "",
      "response_date": "",
      "review": "Don't want to pay for it a 2nd time. Way better than what came with my phone. I purchased it. I lost it when I had to reset my phone!",
      "review_date": [
        "October",
        "28",
        " 2017"
      ]
    },
    {
      "REQ_subtype": "",
      "REQ_type": "",
      "_id": 43,
      "author_id": "not defined",
      "author_name": "Chris Brogan",
      "helpful": "0",
      "polarity": "",
      "rate": 1,
      "response": "",
      "response_date": "",
      "review": "When you go into the picture editing feature and the back button only sends you into an infinite loop of ads, a product loses all of my business and earns my enmity.",
      "review_date": [
        "April",
        "25",
        " 2017"
      ]
    },
    {
      "REQ_subtype": "",
      "REQ_type": "",
      "_id": 44,
      "author_id": "not defined",
      "author_name": "A Google user",
      "helpful": "5",
      "polarity": "",
      "rate": 2,
      "response": "",
      "response_date": "",
      "review": "Lol. It took a picture. One second after I pushed the trigger... Already focused",
      "review_date": [
        "June",
        "5",
        " 2017"
      ]
    },
    {
      "REQ_subtype": "",
      "REQ_type": "",
      "_id": 45,
      "author_id": "not defined",
      "author_name": "Make Money",
      "helpful": "2",
      "polarity": "",
      "rate": 2,
      "response": "",
      "response_date": "",
      "review": "App alway done with Unfortunately, camera zoom fx has been stopped..",
      "review_date": [
        "June",
        "4",
        " 2017"
      ]
    },
    {
      "REQ_subtype": "",
      "REQ_type": "",
      "_id": 46,
      "author_id": "not defined",
      "author_name": "Jason Wade",
      "helpful": "0",
      "polarity": "",
      "rate": 1,
      "response": "",
      "response_date": "",
      "review": "Nothing works as you said and you have to pay for everything and the matter how many times I say no thanks soon as I put on the bottom you are asking me to give more money I'm disgusted I even downloaded",
      "review_date": [
        "February",
        "8",
        " 2018"
      ]
    },
    {
      "REQ_subtype": "",
      "REQ_type": "",
      "_id": 47,
      "author_id": "not defined",
      "author_name": "Leonard Krashoc",
      "helpful": "0",
      "polarity": "",
      "rate": 1,
      "response": "",
      "response_date": "",
      "review": "No instructions or anyone to contact. You pick an option like \"manual \nfocus\", and nothing, no controls or even a hint of how it works. And don't \nthink the paid version will help, I did and lost $4. :(",
      "review_date": [
        "May",
        "29",
        " 2018"
      ]
    },
    {
      "REQ_subtype": "",
      "REQ_type": "",
      "_id": 48,
      "author_id": "not defined",
      "author_name": "A Google user",
      "helpful": "1",
      "polarity": "",
      "rate": 1,
      "response": "",
      "response_date": "",
      "review": "this is a suck assapp.Makes you have to paymoney to do anything.I go to set timer,firrstthing I do on any camera and it says I gotbto upgrade  tto bpremium.Well ,I am iuninstalling now and liok for anither.",
      "review_date": [
        "July",
        "25",
        " 2017"
      ]
    },
    {
      "REQ_subtype": "",
      "REQ_type": "",
      "_id": 49,
      "author_id": "not defined",
      "author_name": "Edna Wilhelm",
      "helpful": "2",
      "polarity": "",
      "rate": 4,
      "response": "",
      "response_date": "",
      "review": "Momma always said stupid is as stupid does and I've only used it a little in this you pictures it was wonderful stay tuned for an update",
      "review_date": [
        "September",
        "19",
        " 2017"
      ]
    },
    {
      "REQ_subtype": "",
      "REQ_type": "",
      "_id": 50,
      "author_id": "not defined",
      "author_name": "Divyam Shah",
      "helpful": "1",
      "polarity": "",
      "rate": 4,
      "response": "",
      "response_date": "",
      "review": "I previously purchased full version but don't know how to restore to pro again",
      "review_date": [
        "June",
        "10",
        " 2017"
      ]
    },
    {
      "REQ_subtype": "",
      "REQ_type": "",
      "_id": 51,
      "author_id": "not defined",
      "author_name": "A Google user",
      "helpful": "0",
      "polarity": "",
      "rate": 3,
      "response": "",
      "response_date": "",
      "review": "Once you select a mode its a pain in the ass to go bk to normal picture, also very Laggy very dark pictures wouldn't pay for this..",
      "review_date": [
        "March",
        "13",
        " 2018"
      ]
    },
    {
      "REQ_subtype": "",
      "REQ_type": "",
      "_id": 52,
      "author_id": "not defined",
      "author_name": "Omid Musa",
      "helpful": "2",
      "polarity": "",
      "rate": 1,
      "response": "",
      "response_date": "",
      "review": "Just has a black screen whenever I launch it. Using a Moto g3.",
      "review_date": [
        "May",
        "10",
        " 2017"
      ]
    },
    {
      "REQ_subtype": "",
      "REQ_type": "",
      "_id": 53,
      "author_id": "not defined",
      "author_name": "Martin erdsneker",
      "helpful": "0",
      "polarity": "",
      "rate": 5,
      "response": "",
      "response_date": "",
      "review": "Great app easy to use almost obviously intuitive and does a great job. I wish that the photos would go directly to gallery otherwise I have no complaints and I would recommend it to anyone who wants to use a simple intuitive app for their photography",
      "review_date": [
        "May",
        "6",
        " 2017"
      ]
    },
    {
      "REQ_subtype": "",
      "REQ_type": "",
      "_id": 54,
      "author_id": "not defined",
      "author_name": "Cheryl Ween",
      "helpful": "1",
      "polarity": "",
      "rate": 2,
      "response": "",
      "response_date": "",
      "review": "I am going to uninstall this app as it boasts about lots of free features but I can't even crop my photos! It doesn't upload my photos to Google photos either.",
      "review_date": [
        "December",
        "29",
        " 2017"
      ]
    },
    {
      "REQ_subtype": "",
      "REQ_type": "",
      "_id": 55,
      "author_id": "not defined",
      "author_name": "Mark Earnhart",
      "helpful": "0",
      "polarity": "",
      "rate": 2,
      "response": "",
      "response_date": "",
      "review": "For some reason Motorilo decided to change the phone on my Moto Z and when \nI called tech support they put this camera on my phone. This camera is no \nway compares to the original camera. I bought the Moto Z mainly for the \ncamera. Now that my camera is gone this is just another basic phone to me.",
      "review_date": [
        "May",
        "27",
        " 2018"
      ]
    },
    {
      "REQ_subtype": "",
      "REQ_type": "",
      "_id": 56,
      "author_id": "not defined",
      "author_name": "Stephen Salzman",
      "helpful": "0",
      "polarity": "",
      "rate": 4,
      "response": "",
      "response_date": "",
      "review": "Like the effects including HD.  Sometimes slow to navigate but pretty reliable and useful for creative shots. I have used it effectively for several years.",
      "review_date": [
        "March",
        "24",
        " 2018"
      ]
    },
    {
      "REQ_subtype": "",
      "REQ_type": "",
      "_id": 57,
      "author_id": "not defined",
      "author_name": "drizzt du",
      "helpful": "0",
      "polarity": "",
      "rate": 4,
      "response": "",
      "response_date": "",
      "review": "so far ok. however it does not have date stamp capability on photos, so likely won't purchase it.",
      "review_date": [
        "April",
        "8",
        " 2017"
      ]
    },
    {
      "REQ_subtype": "",
      "REQ_type": "",
      "_id": 58,
      "author_id": "not defined",
      "author_name": "Ziddique Abu",
      "helpful": "2",
      "polarity": "",
      "rate": 1,
      "response": "",
      "response_date": "",
      "review": "Annoying everytime take a picture, asking review,pay etc",
      "review_date": [
        "August",
        "21",
        " 2017"
      ]
    },
    {
      "REQ_subtype": "",
      "REQ_type": "",
      "_id": 59,
      "author_id": "not defined",
      "author_name": "Gunnarr S",
      "helpful": "0",
      "polarity": "",
      "rate": 4,
      "response": "",
      "response_date": "",
      "review": "I like the free version..When I  bought the premium, 1/2 price according to the pop up, I was charged full price????? uninstalled.",
      "review_date": [
        "April",
        "2",
        " 2018"
      ]
    },
    {
      "REQ_subtype": "",
      "REQ_type": "",
      "_id": 60,
      "author_id": "not defined",
      "author_name": "C G",
      "helpful": "0",
      "polarity": "",
      "rate": 1,
      "response": "",
      "response_date": "",
      "review": "On pixel 2xl is lagging so bad,hard to use with lots of useless options",
      "review_date": [
        "May",
        "3",
        " 2018"
      ]
    },
    {
      "REQ_subtype": "",
      "REQ_type": "",
      "_id": 61,
      "author_id": "not defined",
      "author_name": "Alex Pheonix",
      "helpful": "0",
      "polarity": "",
      "rate": 1,
      "response": "",
      "response_date": "",
      "review": "Uninstall this app after the two features I was most interested in required \nan upgrade to Premium what a bunch of dicks I would give you less than one \nstar if it were possible",
      "review_date": [
        "May",
        "31",
        " 2018"
      ]
    },
    {
      "REQ_subtype": "",
      "REQ_type": "",
      "_id": 62,
      "author_id": "not defined",
      "author_name": "A Google user",
      "helpful": "0",
      "polarity": "",
      "rate": 1,
      "response": "",
      "response_date": "",
      "review": "Don't bother, other apps offer all features for free. Open Camera for example.",
      "review_date": [
        "April",
        "30",
        " 2017"
      ]
    },
    {
      "REQ_subtype": "",
      "REQ_type": "",
      "_id": 63,
      "author_id": "not defined",
      "author_name": "Mukesh",
      "helpful": "0",
      "polarity": "",
      "rate": 5,
      "response": "",
      "response_date": "",
      "review": "It said you can buy the premium version for half of the price. But there is no half price . It is full price.",
      "review_date": [
        "November",
        "13",
        " 2017"
      ]
    },
    {
      "REQ_subtype": "",
      "REQ_type": "",
      "_id": 64,
      "author_id": "not defined",
      "author_name": "Joaozito Polo",
      "helpful": "1",
      "polarity": "",
      "rate": 2,
      "response": "",
      "response_date": "",
      "review": "Not sure why to install that. Almost things are disabled in free version.",
      "review_date": [
        "May",
        "22",
        " 2017"
      ]
    },
    {
      "REQ_subtype": "",
      "REQ_type": "",
      "_id": 65,
      "author_id": "not defined",
      "author_name": "Lorraine Hoffman",
      "helpful": "0",
      "polarity": "",
      "rate": 5,
      "response": "",
      "response_date": "",
      "review": "It's a great app however, in order to edit a photo you have to purchase specific add ons in order to do so. You should have some editing items standard.",
      "review_date": [
        "January",
        "1",
        " 2018"
      ]
    },
    {
      "REQ_subtype": "",
      "REQ_type": "",
      "_id": 66,
      "author_id": "not defined",
      "author_name": "Brixter Tabun",
      "helpful": "0",
      "polarity": "",
      "rate": 1,
      "response": "",
      "response_date": "",
      "review": "Annoying. It hides the back button and I accidentally take photos when trying to exit",
      "review_date": [
        "February",
        "23",
        " 2018"
      ]
    },
    {
      "REQ_subtype": "",
      "REQ_type": "",
      "_id": 67,
      "author_id": "not defined",
      "author_name": "Larry Tille",
      "helpful": "2",
      "polarity": "",
      "rate": 1,
      "response": "",
      "response_date": "",
      "review": "Junk zoom is trash and I will delete this app",
      "review_date": [
        "August",
        "22",
        " 2017"
      ]
    },
    {
      "REQ_subtype": "",
      "REQ_type": "",
      "_id": 68,
      "author_id": "not defined",
      "author_name": "Demetrie Martin",
      "helpful": "0",
      "polarity": "",
      "rate": 5,
      "response": "",
      "response_date": "",
      "review": "CAMERA ZOOM FX Is the ishh on my Droid!! .CRISP and CLEAR IMAGES and the ton of ill  _ss effects! Its a NO LOSE situation, PEACE!!!",
      "review_date": [
        "November",
        "6",
        " 2017"
      ]
    },
    {
      "REQ_subtype": "",
      "REQ_type": "",
      "_id": 69,
      "author_id": "not defined",
      "author_name": "Dave Sherratt",
      "helpful": "0",
      "polarity": "",
      "rate": 5,
      "response": "",
      "response_date": "",
      "review": "Love it. Bought new phone but with basics camera. This has topped it up. \nGreat effects, easy to navigate around. Amazing piece of kit. Great job guys",
      "review_date": [
        "July",
        "11",
        " 2018"
      ]
    },
    {
      "REQ_subtype": "",
      "REQ_type": "",
      "_id": 70,
      "author_id": "not defined",
      "author_name": "gowtham",
      "helpful": "1",
      "polarity": "",
      "rate": 1,
      "response": "",
      "response_date": "",
      "review": "There is no trial to evaluate the app. Not fair.",
      "review_date": [
        "October",
        "29",
        " 2017"
      ]
    },
    {
      "REQ_subtype": "",
      "REQ_type": "",
      "_id": 71,
      "author_id": "not defined",
      "author_name": "A Google user",
      "helpful": "0",
      "polarity": "",
      "rate": 5,
      "response": "",
      "response_date": "",
      "review": "Just started using my new app I will let you know later if you ask again. So far I love the picture I just took.",
      "review_date": [
        "July",
        "31",
        " 2017"
      ]
    },
    {
      "REQ_subtype": "",
      "REQ_type": "",
      "_id": 72,
      "author_id": "not defined",
      "author_name": "Stephen A Weiss",
      "helpful": "0",
      "polarity": "",
      "rate": 5,
      "response": "",
      "response_date": "",
      "review": "I've used CamerZoom for several years now and I have excellent experience \nwith it taking some 12,000 pics and the only flaws were always mine.",
      "review_date": [
        "April",
        "13",
        " 2018"
      ]
    },
    {
      "REQ_subtype": "",
      "REQ_type": "",
      "_id": 73,
      "author_id": "not defined",
      "author_name": "Raji",
      "helpful": "0",
      "polarity": "",
      "rate": 4,
      "response": "",
      "response_date": "",
      "review": "When I try to upgrade to premium version I will be promised half price but on the payment page I would be asked full price always. (240 rupees)   I am from India and my currency is rupee.  Please correct this.",
      "review_date": [
        "July",
        "1",
        " 2017"
      ]
    },
    {
      "REQ_subtype": "",
      "REQ_type": "",
      "_id": 74,
      "author_id": "not defined",
      "author_name": "mel2k",
      "helpful": "1",
      "polarity": "",
      "rate": 2,
      "response": "",
      "response_date": "",
      "review": "All desirable features required an upgrade to premium. There are better camera app choices than this one.",
      "review_date": [
        "March",
        "8",
        " 2018"
      ]
    },
    {
      "REQ_subtype": "",
      "REQ_type": "",
      "_id": 75,
      "author_id": "not defined",
      "author_name": "Logan Martin",
      "helpful": "0",
      "polarity": "",
      "rate": 1,
      "response": "",
      "response_date": "",
      "review": "Unable to check iso or other settings nothing but spam for upgrade \"at half \nprice\" which takes to a link for full price.",
      "review_date": [
        "June",
        "13",
        " 2018"
      ]
    },
    {
      "REQ_subtype": "",
      "REQ_type": "",
      "_id": 76,
      "author_id": "not defined",
      "author_name": "aleksei antonovich",
      "helpful": "0",
      "polarity": "",
      "rate": 3,
      "response": "",
      "response_date": "",
      "review": "Looks good, but super annoying nag popups: \"only selected users including you, could get discount. Buy NOW.\"",
      "review_date": [
        "July",
        "16",
        " 2017"
      ]
    },
    {
      "REQ_subtype": "",
      "REQ_type": "",
      "_id": 77,
      "author_id": "not defined",
      "author_name": "LAKHAN NONIA",
      "helpful": "0",
      "polarity": "",
      "rate": 1,
      "response": "",
      "response_date": "",
      "review": "Very bad app!!! Every functions requires upgrade to premium.",
      "review_date": [
        "July",
        "20",
        " 2017"
      ]
    },
    {
      "REQ_subtype": "",
      "REQ_type": "",
      "_id": 78,
      "author_id": "not defined",
      "author_name": "Balint T",
      "helpful": "1",
      "polarity": "",
      "rate": 1,
      "response": "",
      "response_date": "",
      "review": "You must pay for everything. Bad app.",
      "review_date": [
        "June",
        "29",
        " 2017"
      ]
    },
    {
      "REQ_subtype": "",
      "REQ_type": "",
      "_id": 79,
      "author_id": "not defined",
      "author_name": "Rajesh Negi",
      "helpful": "0",
      "polarity": "",
      "rate": 4,
      "response": "",
      "response_date": "",
      "review": "Liked the output, selfi mode shows the subject too small screen so difficult to check what you are shooting.",
      "review_date": [
        "January",
        "6",
        " 2018"
      ]
    },
    {
      "REQ_subtype": "",
      "REQ_type": "",
      "_id": 80,
      "author_id": "not defined",
      "author_name": "John Hedgecoe",
      "helpful": "0",
      "polarity": "",
      "rate": 1,
      "response": "",
      "response_date": "",
      "review": "Useless, cannot save to SD card.",
      "review_date": [
        "May",
        "31",
        " 2018"
      ]
    },
    {
      "REQ_subtype": "",
      "REQ_type": "",
      "_id": 81,
      "author_id": "not defined",
      "author_name": "Charles Katholi Jr.",
      "helpful": "0",
      "polarity": "",
      "rate": 5,
      "response": "",
      "response_date": "",
      "review": "I really like the various effects that can be applied to photos.  The video features are excellent.  I would recommend this to a friend.",
      "review_date": [
        "June",
        "12",
        " 2017"
      ]
    },
    {
      "REQ_subtype": "",
      "REQ_type": "",
      "_id": 82,
      "author_id": "not defined",
      "author_name": "Sunny Malhotra",
      "helpful": "0",
      "polarity": "",
      "rate": 5,
      "response": "",
      "response_date": "",
      "review": "I wanna buy paid version which is 240rs. While in demo version its showing 50%discount. Plz tell me how can i get 50%discount",
      "review_date": [
        "April",
        "19",
        " 2017"
      ]
    },
    {
      "REQ_subtype": "",
      "REQ_type": "",
      "_id": 83,
      "author_id": "not defined",
      "author_name": "Brian LaFollette",
      "helpful": "0",
      "polarity": "",
      "rate": 3,
      "response": "",
      "response_date": "",
      "review": "Haven't taken more than 6 pics. I will re-evaluate when I have taken at least mixed pics.",
      "review_date": [
        "March",
        "15",
        " 2018"
      ]
    },
    {
      "REQ_subtype": "",
      "REQ_type": "",
      "_id": 84,
      "author_id": "not defined",
      "author_name": "Nina Hooper",
      "helpful": "0",
      "polarity": "",
      "rate": 4,
      "response": "",
      "response_date": "",
      "review": "I need it to be a bit more handicapped friendly",
      "review_date": [
        "June",
        "2",
        " 2018"
      ]
    },
    {
      "REQ_subtype": "",
      "REQ_type": "",
      "_id": 85,
      "author_id": "not defined",
      "author_name": "john sluka",
      "helpful": "0",
      "polarity": "",
      "rate": 4,
      "response": "",
      "response_date": "",
      "review": "Gave it a three star rating because you have to manually set for burst \nmode. Other apps take multiple shots automatically.",
      "review_date": [
        "July",
        "1",
        " 2018"
      ]
    },
    {
      "REQ_subtype": "",
      "REQ_type": "",
      "_id": 86,
      "author_id": "not defined",
      "author_name": "Job Muhia",
      "helpful": "0",
      "polarity": "",
      "rate": 5,
      "response": "",
      "response_date": "",
      "review": "Its an amazing one.. I just wont buy because am not sure if i will have to buy again when i buy another phone.",
      "review_date": [
        "January",
        "1",
        " 2018"
      ]
    },
    {
      "REQ_subtype": "",
      "REQ_type": "",
      "_id": 87,
      "author_id": "not defined",
      "author_name": "Sidd Gould",
      "helpful": "1",
      "polarity": "",
      "rate": 1,
      "response": "",
      "response_date": "",
      "review": "Standard camera on my LG v 20 zooms more than this app does.",
      "review_date": [
        "September",
        "17",
        " 2017"
      ]
    },
    {
      "REQ_subtype": "",
      "REQ_type": "",
      "_id": 88,
      "author_id": "not defined",
      "author_name": "scott brown",
      "helpful": "0",
      "polarity": "",
      "rate": 1,
      "response": "",
      "response_date": "",
      "review": "I don't know how to zoom, how do you zoom please??? There is no zoom in settings???",
      "review_date": [
        "June",
        "10",
        " 2017"
      ]
    },
    {
      "REQ_subtype": "",
      "REQ_type": "",
      "_id": 89,
      "author_id": "not defined",
      "author_name": "Joshua Dominguez",
      "helpful": "0",
      "polarity": "",
      "rate": 5,
      "response": "",
      "response_date": "",
      "review": "Gives so much control to the user. Perfect for those who want to take good \npictures without the frustration of automatic focusing and light",
      "review_date": [
        "June",
        "11",
        " 2018"
      ]
    },
    {
      "REQ_subtype": "",
      "REQ_type": "",
      "_id": 90,
      "author_id": "not defined",
      "author_name": "GARY BOWSER",
      "helpful": "2",
      "polarity": "",
      "rate": 2,
      "response": "",
      "response_date": "",
      "review": "So limited what u can do without first paying to upgrade.",
      "review_date": [
        "October",
        "22",
        " 2017"
      ]
    },
    {
      "REQ_subtype": "",
      "REQ_type": "",
      "_id": 91,
      "author_id": "not defined",
      "author_name": "A Google user",
      "helpful": "1",
      "polarity": "",
      "rate": 5,
      "response": "",
      "response_date": "",
      "review": "Nice app but needs more free filters other free apps have more.",
      "review_date": [
        "August",
        "23",
        " 2017"
      ]
    },
    {
      "REQ_subtype": "",
      "REQ_type": "",
      "_id": 92,
      "author_id": "not defined",
      "author_name": "Liesl Lancaster",
      "helpful": "0",
      "polarity": "",
      "rate": 3,
      "response": "",
      "response_date": "",
      "review": "Have to pay for far too many things to appreciate the app",
      "review_date": [
        "January",
        "12",
        " 2018"
      ]
    },
    {
      "REQ_subtype": "",
      "REQ_type": "",
      "_id": 93,
      "author_id": "not defined",
      "author_name": "Tristan Bell",
      "helpful": "0",
      "polarity": "",
      "rate": 5,
      "response": "",
      "response_date": "",
      "review": "Do you really have yo pay money yo get FX? I Thinkit should be a free app",
      "review_date": [
        "May",
        "16",
        " 2018"
      ]
    },
    {
      "REQ_subtype": "",
      "REQ_type": "",
      "_id": 94,
      "author_id": "not defined",
      "author_name": "Gregory Beetar",
      "helpful": "0",
      "polarity": "",
      "rate": 5,
      "response": "",
      "response_date": "",
      "review": "I am finding this app much better than the default camera app that came installed on my phone. Photos are clearer and the camera is responsive.",
      "review_date": [
        "June",
        "17",
        " 2017"
      ]
    },
    {
      "REQ_subtype": "",
      "REQ_type": "",
      "_id": 95,
      "author_id": "not defined",
      "author_name": "A Google user",
      "helpful": "0",
      "polarity": "",
      "rate": 1,
      "response": "",
      "response_date": "",
      "review": "i dont like this app bookey effect",
      "review_date": [
        "January",
        "16",
        " 2018"
      ]
    },
    {
      "REQ_subtype": "",
      "REQ_type": "",
      "_id": 96,
      "author_id": "not defined",
      "author_name": "L\u00e1szl\u00f3 Dajka",
      "helpful": "1",
      "polarity": "",
      "rate": 1,
      "response": "",
      "response_date": "",
      "review": "It says free. Yet when you i stall it you need to pay for everything. No, thank you.",
      "review_date": [
        "December",
        "25",
        " 2017"
      ]
    },
    {
      "REQ_subtype": "",
      "REQ_type": "",
      "_id": 97,
      "author_id": "not defined",
      "author_name": "Sarah MacLeod",
      "helpful": "1",
      "polarity": "",
      "rate": 4,
      "response": "",
      "response_date": "",
      "review": "Takes great photos. Manages changeable light conditions better than the built in Android camera app.",
      "review_date": [
        "September",
        "30",
        " 2017"
      ]
    },
    {
      "REQ_subtype": "",
      "REQ_type": "",
      "_id": 98,
      "author_id": "not defined",
      "author_name": "dezso szilagyi",
      "helpful": "0",
      "polarity": "",
      "rate": 5,
      "response": "",
      "response_date": "",
      "review": "If i purchased once the pay version do I need to pay each time I reinstall the program ?????  Or just bee happy with the pre paid free one ?",
      "review_date": [
        "October",
        "15",
        " 2017"
      ]
    },
    {
      "REQ_subtype": "",
      "REQ_type": "",
      "_id": 99,
      "author_id": "not defined",
      "author_name": "A Google user",
      "helpful": "0",
      "polarity": "",
      "rate": 4,
      "response": "",
      "response_date": "",
      "review": "Great app but drives you nuts to write a review. Should at least give you time to use it before it asks what you think of it.",
      "review_date": [
        "September",
        "26",
        " 2017"
      ]
    },
    {
      "REQ_subtype": "",
      "REQ_type": "",
      "_id": 100,
      "author_id": "not defined",
      "author_name": "Carl Vincent Matias",
      "helpful": "1",
      "polarity": "",
      "rate": 5,
      "response": "",
      "response_date": "",
      "review": "Great! Best app for me and has a great and easy to use tools!",
      "review_date": [
        "December",
        "8",
        " 2017"
      ]
    },
    {
      "REQ_subtype": "",
      "REQ_type": "",
      "_id": 101,
      "author_id": "not defined",
      "author_name": "Scepticalosian K",
      "helpful": "1",
      "polarity": "",
      "rate": 4,
      "response": "",
      "response_date": "",
      "review": "Keep up the good work guys. I thank you!",
      "review_date": [
        "June",
        "8",
        " 2017"
      ]
    },
    {
      "REQ_subtype": "",
      "REQ_type": "",
      "_id": 102,
      "author_id": "not defined",
      "author_name": "Jan Lakin",
      "helpful": "2",
      "polarity": "",
      "rate": 5,
      "response": "",
      "response_date": "",
      "review": "Awesome!!!\ud83d\ude0estill the best so many options with this app !",
      "review_date": [
        "May",
        "20",
        " 2018"
      ]
    },
    {
      "REQ_subtype": "",
      "REQ_type": "",
      "_id": 103,
      "author_id": "not defined",
      "author_name": "Nicholas J",
      "helpful": "0",
      "polarity": "",
      "rate": 5,
      "response": "",
      "response_date": "",
      "review": "Crystal clear photography for mobile devices instead of stock camera apps. \nI love this app. This is truly the best camera app",
      "review_date": [
        "July",
        "2",
        " 2018"
      ]
    },
    {
      "REQ_subtype": "",
      "REQ_type": "",
      "_id": 104,
      "author_id": "not defined",
      "author_name": "magnolia thomas",
      "helpful": "0",
      "polarity": "",
      "rate": 5,
      "response": "",
      "response_date": "",
      "review": "Best camera app ever for my S5. Wish I discovered this before my 3 week vacation in Germany",
      "review_date": [
        "July",
        "11",
        " 2017"
      ]
    },
    {
      "REQ_subtype": "",
      "REQ_type": "",
      "_id": 105,
      "author_id": "not defined",
      "author_name": "Dottie & John",
      "helpful": "0",
      "polarity": "",
      "rate": 5,
      "response": "",
      "response_date": "",
      "review": "I bought the Pro version, so far this camera has the best options for me. THANK YOU",
      "review_date": [
        "May",
        "11",
        " 2017"
      ]
    },
    {
      "REQ_subtype": "",
      "REQ_type": "",
      "_id": 106,
      "author_id": "not defined",
      "author_name": "Rod Young",
      "helpful": "1",
      "polarity": "",
      "rate": 4,
      "response": "",
      "response_date": "",
      "review": "Tip top for a quick snap or even a 'decisive moment ' !!!  or two .",
      "review_date": [
        "September",
        "19",
        " 2017"
      ]
    },
    {
      "REQ_subtype": "",
      "REQ_type": "",
      "_id": 107,
      "author_id": "not defined",
      "author_name": "Gina Victoria Apollon",
      "helpful": "0",
      "polarity": "",
      "rate": 5,
      "response": "",
      "response_date": "",
      "review": "New cam\u00e9ra Simone  Gina Victoria moyen",
      "review_date": [
        "September",
        "2",
        " 2017"
      ]
    },
    {
      "REQ_subtype": "",
      "REQ_type": "",
      "_id": 108,
      "author_id": "not defined",
      "author_name": "Musenga Demias Sinkala",
      "helpful": "1",
      "polarity": "",
      "rate": 4,
      "response": "",
      "response_date": "",
      "review": "It's an awesome camera that give good quality good shots of quality pictures",
      "review_date": [
        "October",
        "25",
        " 2017"
      ]
    },
    {
      "REQ_subtype": "",
      "REQ_type": "",
      "_id": 109,
      "author_id": "not defined",
      "author_name": "Lin\u00e9a Marketos",
      "helpful": "1",
      "polarity": "",
      "rate": 5,
      "response": "",
      "response_date": "",
      "review": "Great closeups, great detail! So far, I love it!",
      "review_date": [
        "January",
        "4",
        " 2018"
      ]
    },
    {
      "REQ_subtype": "",
      "REQ_type": "",
      "_id": 110,
      "author_id": "not defined",
      "author_name": "Ed Drost",
      "helpful": "2",
      "polarity": "",
      "rate": 5,
      "response": "",
      "response_date": "",
      "review": "So far I like the camera, but videos not working",
      "review_date": [
        "April",
        "15",
        " 2017"
      ]
    },
    {
      "REQ_subtype": "",
      "REQ_type": "",
      "_id": 111,
      "author_id": "not defined",
      "author_name": "J Hawkins",
      "helpful": "0",
      "polarity": "",
      "rate": 3,
      "response": "",
      "response_date": "",
      "review": "I use this app for the flashlight that stays on when you're trying to take a pic",
      "review_date": [
        "June",
        "13",
        " 2017"
      ]
    },
    {
      "REQ_subtype": "",
      "REQ_type": "",
      "_id": 112,
      "author_id": "not defined",
      "author_name": "mayette jimenez",
      "helpful": "0",
      "polarity": "",
      "rate": 5,
      "response": "",
      "response_date": "",
      "review": "This app gives me the colors that i am expecting from my stock camera app.",
      "review_date": [
        "June",
        "7",
        " 2017"
      ]
    },
    {
      "REQ_subtype": "",
      "REQ_type": "",
      "_id": 113,
      "author_id": "not defined",
      "author_name": "A Google user",
      "helpful": "0",
      "polarity": "",
      "rate": 4,
      "response": "",
      "response_date": "",
      "review": "Great wish I didn't have to get the premium to have the full benefits \nthough!!",
      "review_date": [
        "July",
        "15",
        " 2018"
      ]
    },
    {
      "REQ_subtype": "",
      "REQ_type": "",
      "_id": 114,
      "author_id": "not defined",
      "author_name": "Asha Roberts",
      "helpful": "1",
      "polarity": "",
      "rate": 3,
      "response": "",
      "response_date": "",
      "review": "Good but can't do much without premium.",
      "review_date": [
        "July",
        "23",
        " 2017"
      ]
    },
    {
      "REQ_subtype": "",
      "REQ_type": "",
      "_id": 115,
      "author_id": "not defined",
      "author_name": "Vinay Bhamidipati",
      "helpful": "0",
      "polarity": "",
      "rate": 5,
      "response": "",
      "response_date": "",
      "review": "Was my first paid app. Have been using because I bought it. Works well.",
      "review_date": [
        "August",
        "5",
        " 2017"
      ]
    },
    {
      "REQ_subtype": "",
      "REQ_type": "",
      "_id": 116,
      "author_id": "not defined",
      "author_name": "GERARDO ALCIRA JR",
      "helpful": "0",
      "polarity": "",
      "rate": 4,
      "response": "",
      "response_date": "",
      "review": "So far no problems ,& it gets a great picture ,when it would usually be good ,so far so good ,i'll review again when I start using it more often.",
      "review_date": [
        "July",
        "29",
        " 2017"
      ]
    },
    {
      "REQ_subtype": "",
      "REQ_type": "",
      "_id": 117,
      "author_id": "not defined",
      "author_name": "LXMN CREATIONS",
      "helpful": "0",
      "polarity": "",
      "rate": 1,
      "response": "",
      "response_date": "",
      "review": "Worst app dont download",
      "review_date": [
        "May",
        "3",
        " 2017"
      ]
    },
    {
      "REQ_subtype": "",
      "REQ_type": "",
      "_id": 118,
      "author_id": "not defined",
      "author_name": "Akinropo Amos",
      "helpful": "0",
      "polarity": "",
      "rate": 3,
      "response": "",
      "response_date": "",
      "review": "Unstable on my Nokia 6",
      "review_date": [
        "May",
        "18",
        " 2018"
      ]
    },
    {
      "REQ_subtype": "",
      "REQ_type": "",
      "_id": 119,
      "author_id": "not defined",
      "author_name": "Jerry Sapaugh",
      "helpful": "1",
      "polarity": "",
      "rate": 1,
      "response": "",
      "response_date": "",
      "review": "Its says its a zoom..but unless you buy it..no zoom",
      "review_date": [
        "June",
        "6",
        " 2017"
      ]
    }
  ],
  "size": "6.1",
  "url": "https://play.google.com/store/apps/details?id=slide.camZoomFree",
  "version": "6.2.9"
}