{
  "categories": [
    "Sports"
  ],
  "description": "**Now over 1 million 5 Star reviews!**Welcome to New Star Soccer, \u201cThe best football game on mobile and tablets.\u201d (Eurogamer). The soccer game acclaimed and adored by players and the gaming press en masse. You are the star of the show as you launch your soccer career as a fragile 16 year old in this BAFTA award-winning, App Store #1 sports RPG from New Star Games. \"A pristine game\" 5/5 (The Sun) Build your skills, lifestyle and ride the roller-coaster of life as you experience every emotion this great sport has to offer! \u201cThe perfect marriage of quick play phone game, football management, sim and RPG\u201d (Kotaku). Manage your relationships, keeping team-mates, the coach, your partner and your sponsors happy as you face dilemmas and exciting twists along the way. Risk your earnings in the casino, explore sinister bribes and eventually retire to set a new career game score! Equally enjoyable as a snack game for a few minutes or an intensive few hours, New Star Soccer will leave you entertained, amused and hungry for more, and it\u2019s entirely free to play without any restriction! \u201cAn essential download\u201d (Game Trailers) Over 30,000 user reviews averaging 4.7/5!! \u201cNew Star Soccer is one of the most addictive games ever\u201d. (Sunday Mirror) Instinctive controls, laced with detail, entertainment, mini-games, shocks, surprises and sheer unadulterated joy, New Star Soccer is a delight from start to finish. \"So engrossing you'll be playing until your phone battery dies\" 5/5 (Sunday Times) What are you waiting for? This huge, detailed football universe is yours to own. To the training ground and earn your first contract\u2026 KEY FEATURES Free to play! Hundreds of hours of entertainment at your fingertips! Super addictive, exciting simulation of the modern football universe! Create your alter ego and make your way through the leagues to International glory! Experience highs and lows, make key decisions and build your celebrity lifestyle! Hire agents, trainers, learn new skills, develop your talent! Enjoy the casino, own race-horses and more besides - but keep the boss sweet! \u2605 Eurogamer - App of the Day - \"The best football game on mobile and tablets.\"\u2605 The Sun - App of the Year - \"A pristine game.\" 5/5\u2605 PocketGamer - Gold Award - \"You'll suffer the highs and lows of its simply presented matches with the grin of a true addict plastered across your face.\"\u2605 Kotaku - App of the Day - \"The perfect marriage of quickplay phone game, football management sim and RPG.\"\u2605 Gametrailers - App of the Day - \"It's an essential download.\"\u2605 MSN - App of the Day - \"New Star Soccer is getting evangelistic word-of-mouth buzz from players who can't put their phones down.\" 5/5\u2605 Sunday Times - \"So engrossing you'll be playing until your phone battery dies.\" 5/5\u2605 Telegraph - \"It's a wonderful little game but it will eat your life.\" 4.5/5\u2605 Modojo - \"The best soccer game you'll ever play on your mobile.\" 4.5/5\u2605 AllAboutTheGames - \"I've spent an entire week playing New Star Soccer.\" 5/5\u2605 Sunday Mirror - \"New Star Soccer is one of the most addictive games ever.\"\u2605 Edge - \"Simon Read\u2019s creation smartly captures the capitalism, the artistry and the sheer, glorious unpredictability of its subject.\" 7/10\u2605\u00a0PCAdvisor - \"Incredibly addictive and satisfying.\" 4.5/5\u2605 GodIsAGeek - \"It really can\u2019t be over-estimated how brilliant New Star Soccer is.\" 10/10\u2605\u00a0MacWorld - Editor's Choice - \"New Star Soccer aims for the perfect mobile experience, and effortlessly hits the top corner.\" 5/5",
  "inc": "Five Aces Publishing Ltd.",
  "intalled_count": "10,000,000",
  "last_update": [
    "April",
    "30",
    " 2018"
  ],
  "name": "New Star Soccer",
  "offered_by": "Google Commerce Ltd",
  "permissions": {
    "Device & app history": [
      "retrieve running apps",
      "read your Web bookmarks and history"
    ],
    "Identity": [
      "find accounts on the device"
    ],
    "Contacts": [
      "find accounts on the device"
    ],
    "Location": [
      "approximate location (network-based)"
    ],
    "Phone": [
      "read phone status and identity"
    ],
    "Photos/Media/Files": [
      "read the contents of your USB storage",
      "modify or delete the contents of your USB storage"
    ],
    "Storage": [
      "read the contents of your USB storage",
      "modify or delete the contents of your USB storage"
    ],
    "Wi-Fi connection information": [
      "view Wi-Fi connections"
    ],
    "Device ID & call information": [
      "read phone status and identity"
    ],
    "Other": [
      "receive data from Internet",
      "view network connections",
      "full network access",
      "run at startup",
      "draw over other apps",
      "prevent device from sleeping",
      "write web bookmarks and history",
      "install shortcuts",
      "uninstall shortcuts",
      "view network connections",
      "full network access",
      "prevent device from sleeping",
      "view network connections",
      "full network access",
      "run at startup",
      "draw over other apps",
      "prevent device from sleeping",
      "write web bookmarks and history",
      "install shortcuts",
      "uninstall shortcuts",
      "read Google service configuration"
    ]
  },
  "rate": [
    [
      "1,876,075",
      "4.6"
    ],
    [
      "1,460,284",
      "5"
    ],
    [
      "249,187",
      "4"
    ],
    [
      "75,427",
      "3"
    ],
    [
      "22,838",
      "2"
    ],
    [
      "68,339",
      "1"
    ]
  ],
  "required_android": "Varies with",
  "reviews": [
    {
      "REQ_subtype": "",
      "REQ_type": "",
      "_id": 0,
      "author_id": "not defined",
      "author_name": "A Google user",
      "helpful": "0",
      "polarity": "",
      "rate": 5,
      "response": "",
      "response_date": "",
      "review": "Nice. Love the game. The one thing is that some of the team names are \nabbreviated and I don't know what they are sometimes. Other than that the \ngane is great and I can't wait for the manager version. I also think it \nwould be cool if you could make a career game like this but for sports like \nbaseball, basketba, and american football. Plz FIX that thing and maybe \nrespond back",
      "review_date": [
        "May",
        "30",
        " 2018"
      ]
    },
    {
      "REQ_subtype": "",
      "REQ_type": "",
      "_id": 1,
      "author_id": "not defined",
      "author_name": "Buhanuddin Khokhawala",
      "helpful": "88",
      "polarity": "",
      "rate": 4,
      "response": "",
      "response_date": "",
      "review": "This game is very good .It is an unbeatable game ,I love it cause it is a \nsuper career game. It would be great if you'll could connect it to Facebook \nso that even if the game gets deleted you can download it again and \ncontinue your career from there itself. I had completed 43 years but the \ngame got deleted and now I have to start all over again.",
      "review_date": [
        "May",
        "5",
        " 2018"
      ]
    },
    {
      "REQ_subtype": "",
      "REQ_type": "",
      "_id": 2,
      "author_id": "not defined",
      "author_name": "DARREN BRAMLEY",
      "helpful": "27",
      "polarity": "",
      "rate": 5,
      "response": "",
      "response_date": "",
      "review": "Force closes when trying to start a match. Played it when I had to buy it. \nWhilst it has improved since then, the fact that the best boots e.t.c. all \ncost real money. Don't mind paying for one set of boots, agent and trainer \nto support the development, but having to keep spending is greedy.",
      "review_date": [
        "June",
        "13",
        " 2018"
      ]
    },
    {
      "REQ_subtype": "",
      "REQ_type": "",
      "_id": 3,
      "author_id": "not defined",
      "author_name": "Gary Riverol",
      "helpful": "0",
      "polarity": "",
      "rate": 4,
      "response": "",
      "response_date": "",
      "review": "I like the game and it's features. It's really fun to play. But the way the \nenergy and works is stupid. It's troubling to keep your relationships up, \nbuy energy drinks, get your lifestyle up and train. Energy drinks \nconstantly go raise in price making it difficult to buy them and continue \nwith other stuff. The constant dilemmas also make it impossible to maintain \nrelationships.",
      "review_date": [
        "July",
        "12",
        " 2018"
      ]
    },
    {
      "REQ_subtype": "",
      "REQ_type": "",
      "_id": 4,
      "author_id": "not defined",
      "author_name": "Graham Timothy",
      "helpful": "7",
      "polarity": "",
      "rate": 2,
      "response": "",
      "response_date": "",
      "review": "Can we get an update? How about a coin bonus for logging in everyday? Or \ncoin bonuses for winning the 3 trophies at the end of the year? Or a coin \nbonus for reaching achievements? You want us as player's of this game to \nspend, spend, spend but you not giving anything in return?!? And why can't \na full bar of energy do two skills? Thats crazy for real only able to do \none which is absurd...",
      "review_date": [
        "July",
        "3",
        " 2018"
      ]
    },
    {
      "REQ_subtype": "",
      "REQ_type": "",
      "_id": 5,
      "author_id": "not defined",
      "author_name": "KoolKive",
      "helpful": "5",
      "polarity": "",
      "rate": 4,
      "response": "",
      "response_date": "",
      "review": "Been playing this off and on for a little over 3 years. Very fun game. One \nof the best mobile. Controls are easy. Variations of difficulty \nautomatically set. Its improved and added more stuff. Not a fan of offsides \nbut its noy a big deal. The 1 and only thing ive never liked is that team \nrelationship will go down constantly if bimbos arent impressed with your \nlifestyle. I dont even want a girlfriend in the game. Frustrating but \neasily passable as the game progresses not to mention the amount of leagues \nin the game. Must play even for non soccer fans like myself",
      "review_date": [
        "July",
        "1",
        " 2018"
      ]
    },
    {
      "REQ_subtype": "",
      "REQ_type": "",
      "_id": 6,
      "author_id": "not defined",
      "author_name": "A Google user",
      "helpful": "7",
      "polarity": "",
      "rate": 5,
      "response": "",
      "response_date": "",
      "review": "It's a really good game but the only frustrating thing about your game is \nthat 1:When ever you do something wrong it says chance missed and when \nSomebody else does something wrong it comes up with a different sentence. \n2:The other players on your team do not pass to you. I know it could be \nhard to do but it would make the game a lot more enjoyable. (Please reply \nASAP)",
      "review_date": [
        "May",
        "27",
        " 2018"
      ]
    },
    {
      "REQ_subtype": "",
      "REQ_type": "",
      "_id": 7,
      "author_id": "not defined",
      "author_name": "Sehej Khatkar",
      "helpful": "0",
      "polarity": "",
      "rate": 5,
      "response": "",
      "response_date": "",
      "review": "Quite a good game and realistic with the lifestyle easy controls but \ndirecting the ball can be a bit hard to judge. Really fun and addictive. It \nwould be better if the energy would recharge overtime and if there was a \ndaily reward. Your team mates are a little slow.",
      "review_date": [
        "July",
        "10",
        " 2018"
      ]
    },
    {
      "REQ_subtype": "",
      "REQ_type": "",
      "_id": 8,
      "author_id": "not defined",
      "author_name": "Sinisa Mikasinovic",
      "helpful": "9",
      "polarity": "",
      "rate": 1,
      "response": "",
      "response_date": "",
      "review": "It is a disgrace what they did to the game once they bought it from the \noriginal developer. Such a blatant cash grab that sucks all the energy out \nof your player that you can't even train. If you've heard about being able \nto use the energy to improve various relationships, it is true. But you \nwill need to splash some serious cash to have that kind of energy. I \nabsolutely despise the abomination this game has become. Support the \noriginal game developer and buy the PC version of New Star Soccer. It is \nstill amazing!",
      "review_date": [
        "June",
        "19",
        " 2018"
      ]
    },
    {
      "REQ_subtype": "",
      "REQ_type": "",
      "_id": 9,
      "author_id": "not defined",
      "author_name": "Evie Matthews",
      "helpful": "31",
      "polarity": "",
      "rate": 5,
      "response": "",
      "response_date": "",
      "review": "So, it's a great came for passing time, and is a good way to not use up all \nof your data whilst away, without wifi. My only critique is that \noccasionally it kicks you off of the game, which can be annoying at times. \nApart from that, the game's great!",
      "review_date": [
        "May",
        "3",
        " 2018"
      ]
    },
    {
      "REQ_subtype": "",
      "REQ_type": "",
      "_id": 10,
      "author_id": "not defined",
      "author_name": "Darren Dack",
      "helpful": "13",
      "polarity": "",
      "rate": 1,
      "response": "",
      "response_date": "",
      "review": "When you become world player of the year win everything year after year and \nyou still can't afford to buy energy never mind anything else it quickly \nbecomes an un-install game. Every time you get a pay rise so the price of \nenergy goes up too Not a fun game a game anymore",
      "review_date": [
        "May",
        "19",
        " 2018"
      ]
    },
    {
      "REQ_subtype": "",
      "REQ_type": "",
      "_id": 11,
      "author_id": "not defined",
      "author_name": "Leanne Millar",
      "helpful": "0",
      "polarity": "",
      "rate": 3,
      "response": "",
      "response_date": "",
      "review": "The Ads are getting a bit silly now. I dont mind watching Ads to progress, \nyou have to make money as developers and I support that but full screen Pop \nUps on a 10 second loop is going a bit too far. This is going to get \ndeleted soon as the ads will annoy me more than the game play is enjoyable.",
      "review_date": [
        "May",
        "30",
        " 2018"
      ]
    },
    {
      "REQ_subtype": "",
      "REQ_type": "",
      "_id": 12,
      "author_id": "not defined",
      "author_name": "Daniel S.",
      "helpful": "2",
      "polarity": "",
      "rate": 3,
      "response": "",
      "response_date": "",
      "review": "I just downloaded the game and played it for about an hour and I did \neverything I could to get free energy by watching ads but when that option \nran out, the refresh rate to even get more energy is slow, so slow I don't \nknow if it does refresh that you have to pay. It's a good game though from \nwhat I played but I am uninstalling just because of the energy issue.",
      "review_date": [
        "June",
        "28",
        " 2018"
      ]
    },
    {
      "REQ_subtype": "",
      "REQ_type": "",
      "_id": 13,
      "author_id": "not defined",
      "author_name": "Owen Choyce",
      "helpful": "4",
      "polarity": "",
      "rate": 3,
      "response": "",
      "response_date": "",
      "review": "Good Game but, how on earth does the keeper save the ball when the ball is \nover is body bit stupid if u ask me. Had this game about 2 years ago and \nit's good for not wasting data",
      "review_date": [
        "May",
        "19",
        " 2018"
      ]
    },
    {
      "REQ_subtype": "",
      "REQ_type": "",
      "_id": 14,
      "author_id": "not defined",
      "author_name": "Jake-T-Spark",
      "helpful": "1",
      "polarity": "",
      "rate": 4,
      "response": "",
      "response_date": "",
      "review": "I live almost everything about this game. The only rhings that hinder it \nare the constant ads and sometimes the game stops responding. The balance \nif career, life and the choices you make has been good, hence why this \nhasn't changed.",
      "review_date": [
        "May",
        "29",
        " 2018"
      ]
    },
    {
      "REQ_subtype": "",
      "REQ_type": "",
      "_id": 15,
      "author_id": "not defined",
      "author_name": "Devin Obot",
      "helpful": "0",
      "polarity": "",
      "rate": 3,
      "response": "",
      "response_date": "",
      "review": "I like the game based on how you play bit I just don't like the guessing \npart in the negotiations. Many major clubs withdrew their contract offer \nbecause I thought that the next number was higher than two. Then the money \npat of the game is bad. O become broke just because the NRG became more \nexpensive. Then when I can't afford the nrg when I'm tired the boss get a \nmad at me because he's paying only 9 frikin dollars when the nrg is 14",
      "review_date": [
        "May",
        "27",
        " 2018"
      ]
    },
    {
      "REQ_subtype": "",
      "REQ_type": "",
      "_id": 16,
      "author_id": "not defined",
      "author_name": "Menno H",
      "helpful": "4",
      "polarity": "",
      "rate": 1,
      "response": "",
      "response_date": "",
      "review": "Unplayable. You start out well and then the game just stops working. Forces \nyou to spend a lot of money to actually achieve something. Don't waste your \nmoney.",
      "review_date": [
        "May",
        "30",
        " 2018"
      ]
    },
    {
      "REQ_subtype": "",
      "REQ_type": "",
      "_id": 17,
      "author_id": "not defined",
      "author_name": "Vincent Killion",
      "helpful": "5",
      "polarity": "",
      "rate": 4,
      "response": "",
      "response_date": "",
      "review": "This game is still as fun as it was several years ago. One thing I noticed \nwas that some USA leagues weren't correct. Specifically USA2 and USA3 (both \nE and W). There been a lot of changes in the last few years with leagues \nchanging divisions and teams changing leagues. Just needs an update is all.",
      "review_date": [
        "May",
        "18",
        " 2018"
      ]
    },
    {
      "REQ_subtype": "",
      "REQ_type": "",
      "_id": 18,
      "author_id": "not defined",
      "author_name": "Adam Cooper",
      "helpful": "0",
      "polarity": "",
      "rate": 5,
      "response": "",
      "response_date": "",
      "review": "An app filled with passion and detail. The game has a great dynamic and \nprovides entertainment on any long haul Journey, offering twist and turns \nthroughout even when you think you've unlocked or experienced everything. \nOnly criticism would be some ads just showing a black screen and a scenario \nin which the game breaks if a cross curves towards the halfway line without \ngoing out of the screen",
      "review_date": [
        "June",
        "30",
        " 2018"
      ]
    },
    {
      "REQ_subtype": "",
      "REQ_type": "",
      "_id": 19,
      "author_id": "not defined",
      "author_name": "Ben Orton",
      "helpful": "3",
      "polarity": "",
      "rate": 5,
      "response": "",
      "response_date": "",
      "review": "So addictive. Can't stop playing it. Difficult to gain any sort of coins, \nbut I am in my first season so hopefully will be better as the game goes \non. Highly recommend",
      "review_date": [
        "June",
        "9",
        " 2018"
      ]
    },
    {
      "REQ_subtype": "",
      "REQ_type": "",
      "_id": 20,
      "author_id": "not defined",
      "author_name": "scott rice",
      "helpful": "1",
      "polarity": "",
      "rate": 1,
      "response": "",
      "response_date": "",
      "review": "Game is good however I paid to remove ads on my previous android device yet \nnow I have ads again and none of the weather effects etc I paid for, with \nno restore purchases option. Feels like a proper money grab now or even \nworse they have taken paid for items off my account \ud83d\ude21\ud83d\ude21",
      "review_date": [
        "June",
        "28",
        " 2018"
      ]
    },
    {
      "REQ_subtype": "",
      "REQ_type": "",
      "_id": 21,
      "author_id": "not defined",
      "author_name": "Abdul Vahid",
      "helpful": "8",
      "polarity": "",
      "rate": 1,
      "response": "",
      "response_date": "",
      "review": "Bad game. No matter how much you progress you never get rich because the \nenergy drink cost more and more as you get better wages. The game says it \nonly takes 25% energy for training and increasing relationship stats but \neven if you have 100% energy left you can only train 2 times.",
      "review_date": [
        "May",
        "21",
        " 2018"
      ]
    },
    {
      "REQ_subtype": "",
      "REQ_type": "",
      "_id": 22,
      "author_id": "not defined",
      "author_name": "Tiago Fonseca",
      "helpful": "0",
      "polarity": "",
      "rate": 4,
      "response": "",
      "response_date": "",
      "review": "Very addictive game. It's a shame you can't make one payment to get a \npremium version. Lots of micro payments kind of ruin it.",
      "review_date": [
        "May",
        "15",
        " 2018"
      ]
    },
    {
      "REQ_subtype": "",
      "REQ_type": "",
      "_id": 23,
      "author_id": "not defined",
      "author_name": "Brandon Anderson",
      "helpful": "0",
      "polarity": "",
      "rate": 5,
      "response": "",
      "response_date": "",
      "review": "I can't stand soccer, but I love this game. It's probably because it's fast \npaced, u don't have to run all over the place trying to make things happen \nlike FIFA, and u can smoke thru a season in no time. My kinda game! A good \nsim for soccer! PLAY IT NOW!",
      "review_date": [
        "May",
        "6",
        " 2018"
      ]
    },
    {
      "REQ_subtype": "",
      "REQ_type": "",
      "_id": 24,
      "author_id": "not defined",
      "author_name": "Andr\u00e9 Elias Oliveira",
      "helpful": "0",
      "polarity": "",
      "rate": 4,
      "response": "",
      "response_date": "",
      "review": "Honestly this is a very original game with very interesting mechanics (a \nhated the wind part a bit, though). It's only a pity it is made to be such \nan ad pain but I guess this is what it takes to develop a good game in \nthese days. It's challenging and a good game of football overall.",
      "review_date": [
        "June",
        "10",
        " 2018"
      ]
    },
    {
      "REQ_subtype": "",
      "REQ_type": "",
      "_id": 25,
      "author_id": "not defined",
      "author_name": "Raunaq SJB Rana",
      "helpful": "4",
      "polarity": "",
      "rate": 4,
      "response": "",
      "response_date": "",
      "review": "Hard to understand what ball does sometimes. Doesn't go distance or \novershoots at random times. Also needs an AI engine update.",
      "review_date": [
        "May",
        "7",
        " 2018"
      ]
    },
    {
      "REQ_subtype": "",
      "REQ_type": "",
      "_id": 26,
      "author_id": "not defined",
      "author_name": "GD Obarla342",
      "helpful": "0",
      "polarity": "",
      "rate": 3,
      "response": "",
      "response_date": "",
      "review": "I love this game, but... There are a ton of flaws with this game. For \nexample: Sometimes your players can act like they aren't playing for your \nteam. This has happened to me a lot, and I wish you could fix that. The \nother flaw: the game was made so that when you score a goal the other team \nscores within seconds. And the last flaw: Headers. They're so unrealistic I \njust can't... Oh and also, the wind. Please remove it. That's it with the \nflaws. PS I wish you could add a goalkeeper and a defender mode. It would \nmake this game more exciting. If you're reading this, thanks! :D",
      "review_date": [
        "July",
        "9",
        " 2018"
      ]
    },
    {
      "REQ_subtype": "",
      "REQ_type": "",
      "_id": 27,
      "author_id": "not defined",
      "author_name": "Dwayne Hall",
      "helpful": "0",
      "polarity": "",
      "rate": 3,
      "response": "",
      "response_date": "",
      "review": "The ads keep crashing the game or making it buggy sometimes during a shot \nor important moment. The idea of items deteriorating is annoying",
      "review_date": [
        "July",
        "5",
        " 2018"
      ]
    },
    {
      "REQ_subtype": "",
      "REQ_type": "",
      "_id": 28,
      "author_id": "not defined",
      "author_name": "Luna TV",
      "helpful": "5",
      "polarity": "",
      "rate": 5,
      "response": "",
      "response_date": "",
      "review": "The new update is awesome. I hope next time the Philippines in the game \nwill be having play off because the Top 4 teams after the regular season \nwill have a play off. They are modelling the league after the league of \nAustralia. I hope too there will be a Philippine Cup. I also like to see in \nthe future the top 2 teams of the Philippines",
      "review_date": [
        "May",
        "20",
        " 2018"
      ]
    },
    {
      "REQ_subtype": "",
      "REQ_type": "",
      "_id": 29,
      "author_id": "not defined",
      "author_name": "Labib Sheikh",
      "helpful": "10",
      "polarity": "",
      "rate": 4,
      "response": "",
      "response_date": "",
      "review": "An incredibly good game to pass the time. Unfortunately my account had \nreset randomly so I've had to restart the entire game, hence the dropped \nstar.",
      "review_date": [
        "May",
        "2",
        " 2018"
      ]
    },
    {
      "REQ_subtype": "",
      "REQ_type": "",
      "_id": 30,
      "author_id": "not defined",
      "author_name": "Kevin Elliott",
      "helpful": "3",
      "polarity": "",
      "rate": 5,
      "response": "",
      "response_date": "",
      "review": "Bril game. Paid a couple of quid to get rid of ads and get a bit of weather \nbut worth it. No need to buy boots and other things cos you can get to be a \nsuperstar without them.",
      "review_date": [
        "June",
        "3",
        " 2018"
      ]
    },
    {
      "REQ_subtype": "",
      "REQ_type": "",
      "_id": 31,
      "author_id": "not defined",
      "author_name": "starbangers",
      "helpful": "5",
      "polarity": "",
      "rate": 4,
      "response": "",
      "response_date": "",
      "review": "Addicting, been playing it for years. Sad to see that it's become more \npushy when it comes to making you buy things, though. In game items are \nmade expensive to force you to pay.",
      "review_date": [
        "May",
        "14",
        " 2018"
      ]
    },
    {
      "REQ_subtype": "",
      "REQ_type": "",
      "_id": 32,
      "author_id": "not defined",
      "author_name": "Jim Tau",
      "helpful": "2",
      "polarity": "",
      "rate": 3,
      "response": "",
      "response_date": "",
      "review": "When I pass my team mates the ball always goes astray, or unable to control \nor unable to hold on. It only happens when you back pass. It doesn't matter \nif you reduce the arrow power. It always does the same problem. How \npathetic, since when a back pass is problem in soccer.",
      "review_date": [
        "June",
        "26",
        " 2018"
      ]
    },
    {
      "REQ_subtype": "",
      "REQ_type": "",
      "_id": 33,
      "author_id": "not defined",
      "author_name": "tennicity",
      "helpful": "5",
      "polarity": "",
      "rate": 4,
      "response": "",
      "response_date": "",
      "review": "It's a solid game with a few too many ads I wish national teams were more \nrealistic tho, you could be playing for Gibraltar and they wouldn't call \nyou up despite being in the prem.",
      "review_date": [
        "May",
        "7",
        " 2018"
      ]
    },
    {
      "REQ_subtype": "",
      "REQ_type": "",
      "_id": 34,
      "author_id": "not defined",
      "author_name": "Jeremiah Murphy",
      "helpful": "3",
      "polarity": "",
      "rate": 4,
      "response": "",
      "response_date": "",
      "review": "Pretty fun so far. Kinda annoying how prices change so quickly for energy \nand how you cannot buy staff permanently. But it's a fun manager game so \nfar.",
      "review_date": [
        "May",
        "20",
        " 2018"
      ]
    },
    {
      "REQ_subtype": "",
      "REQ_type": "",
      "_id": 35,
      "author_id": "not defined",
      "author_name": "Dan Duke",
      "helpful": "0",
      "polarity": "",
      "rate": 3,
      "response": "",
      "response_date": "",
      "review": "My last review got deleted \ud83e\udd28 it's a pay to win game that's very \nchallenging for the average player it'll pass the time if you've got the \npatience and talking about patience the constant adverts are getting silly. \nUpdate I got in too the championship and the difficulty is bordering \ninsanity play at own risk, definitely needs a difficulty setting",
      "review_date": [
        "June",
        "28",
        " 2018"
      ]
    },
    {
      "REQ_subtype": "",
      "REQ_type": "",
      "_id": 36,
      "author_id": "not defined",
      "author_name": "Suvrajit Chakraborty",
      "helpful": "0",
      "polarity": "",
      "rate": 5,
      "response": "",
      "response_date": "",
      "review": "Overall the game is absolutely amazing! The only thing that I think needs \nto improve is the team AI. I should be able to play through passes in \nunmarked areas which could create scoring opportunities.",
      "review_date": [
        "July",
        "10",
        " 2018"
      ]
    },
    {
      "REQ_subtype": "",
      "REQ_type": "",
      "_id": 37,
      "author_id": "not defined",
      "author_name": "\u03a3\u03a4\u0395\u03a6\u0391\u039d\u039f\u03a3 \u039a\u03a9\u039d\u03a3\u03a4\u0391\u039d\u03a4\u0399\u039d\u039f\u03a5",
      "helpful": "1",
      "polarity": "",
      "rate": 5,
      "response": "",
      "response_date": "",
      "review": "Could you have an update with difficulties? I've won the treble with Barca \n3 consequetive seasons and i't getting kind of dull.",
      "review_date": [
        "June",
        "9",
        " 2018"
      ]
    },
    {
      "REQ_subtype": "",
      "REQ_type": "",
      "_id": 38,
      "author_id": "not defined",
      "author_name": "Charlie Playz",
      "helpful": "0",
      "polarity": "",
      "rate": 5,
      "response": "",
      "response_date": "",
      "review": "Best game in the world..!!!! But could you not do the dilemma thing because \nI never get passed to because the dilemma put the relationship of my team \ndown a lot. THANK YOU!!",
      "review_date": [
        "June",
        "9",
        " 2018"
      ]
    },
    {
      "REQ_subtype": "",
      "REQ_type": "",
      "_id": 39,
      "author_id": "not defined",
      "author_name": "Spencer Fletcher",
      "helpful": "1",
      "polarity": "",
      "rate": 5,
      "response": "",
      "response_date": "",
      "review": "I've just started playing as I am well racked off with NORDEUS top eleven \nfootball manager because of the pay to win in the game makes it a joke ! \nBut this has started very well cheers spence",
      "review_date": [
        "May",
        "12",
        " 2018"
      ]
    },
    {
      "REQ_subtype": "",
      "REQ_type": "",
      "_id": 40,
      "author_id": "not defined",
      "author_name": "VidFlow",
      "helpful": "0",
      "polarity": "",
      "rate": 5,
      "response": "",
      "response_date": "",
      "review": "I thought that it was slightly unrealistic. I went from the National League \nNorth to The Bundesliga and playing with the National Team. But still I \nlove he game \ud83d\udc4c",
      "review_date": [
        "July",
        "4",
        " 2018"
      ]
    },
    {
      "REQ_subtype": "",
      "REQ_type": "",
      "_id": 41,
      "author_id": "not defined",
      "author_name": "Jayden Grey",
      "helpful": "0",
      "polarity": "",
      "rate": 4,
      "response": "",
      "response_date": "",
      "review": "The game is fun but I do wish it could be just a tiny little bit more \nrealistic. I win the Champions League, Dutch cup and top the Eredivisie for \nFC Oss, originally an Eerste Divisie team (Dutch second division). Italian \nManager: Not impressed. I play 5 games in the bundesliga. Italian Manager: \nBegging me to play. I miss 2 shots in a game. Game: \"He is going through a \ndry spell but I'm sure he'll get through it\" + \"ironic cheers from the \ncrowd.\" I average a goal every game, 2 assists per game + aforementioned \nachievements before age 18. Transfer value: less than 300,000.",
      "review_date": [
        "July",
        "9",
        " 2018"
      ]
    },
    {
      "REQ_subtype": "",
      "REQ_type": "",
      "_id": 42,
      "author_id": "not defined",
      "author_name": "Jason Messenger",
      "helpful": "1",
      "polarity": "",
      "rate": 5,
      "response": "",
      "response_date": "",
      "review": "Great game really addictive only thing I'd say is season lasts too long.. \nGreat when you get transferred made captain or England call up",
      "review_date": [
        "May",
        "9",
        " 2018"
      ]
    },
    {
      "REQ_subtype": "",
      "REQ_type": "",
      "_id": 43,
      "author_id": "not defined",
      "author_name": "Kwabena Nkyi",
      "helpful": "0",
      "polarity": "",
      "rate": 5,
      "response": "",
      "response_date": "",
      "review": "It's great but you should be able to get booked, or injured or sent off. \nYou should be able to tackle as well. Also if you have a nice steady \nrelationship with your girl/boyfriend you can propose to them or they can \npropose to you.",
      "review_date": [
        "May",
        "26",
        " 2018"
      ]
    },
    {
      "REQ_subtype": "",
      "REQ_type": "",
      "_id": 44,
      "author_id": "not defined",
      "author_name": "Mickey Finn",
      "helpful": "1",
      "polarity": "",
      "rate": 3,
      "response": "",
      "response_date": "",
      "review": "OK bit harsh on the ratings after a match. Also hate the RNG when it's \ncomes to contract negotiations. Fairly good fun and the shop is reasonably \nOK.",
      "review_date": [
        "June",
        "19",
        " 2018"
      ]
    },
    {
      "REQ_subtype": "",
      "REQ_type": "",
      "_id": 45,
      "author_id": "not defined",
      "author_name": "Matija Klari\u0107",
      "helpful": "3",
      "polarity": "",
      "rate": 5,
      "response": "",
      "response_date": "",
      "review": "It's a very fun game and easy to pick up when free. I absolutely love it, \njust wish that stars could be earned a bit quicker but that's all. Great \njob, keep it up!",
      "review_date": [
        "May",
        "7",
        " 2018"
      ]
    },
    {
      "REQ_subtype": "",
      "REQ_type": "",
      "_id": 46,
      "author_id": "not defined",
      "author_name": "A Google user",
      "helpful": "0",
      "polarity": "",
      "rate": 5,
      "response": "",
      "response_date": "",
      "review": "It's a fun football game to play.U can play it any time cause it is \noffline.I got so addicted that I play the game everyday. So plz give more \nupdates to make the game better.\ud83d\ude0a\ud83d\ude18",
      "review_date": [
        "July",
        "12",
        " 2018"
      ]
    },
    {
      "REQ_subtype": "",
      "REQ_type": "",
      "_id": 47,
      "author_id": "not defined",
      "author_name": "Connor0806",
      "helpful": "0",
      "polarity": "",
      "rate": 5,
      "response": "",
      "response_date": "",
      "review": "Good gameplay. Only bad thing is the adverts after every match.",
      "review_date": [
        "May",
        "31",
        " 2018"
      ]
    },
    {
      "REQ_subtype": "",
      "REQ_type": "",
      "_id": 48,
      "author_id": "not defined",
      "author_name": "Fred Wilcox",
      "helpful": "0",
      "polarity": "",
      "rate": 5,
      "response": "",
      "response_date": "",
      "review": "Smells more like lavender than a milkshake. Would share with several other \nthings that you have been. We can do a little research paper on the road.",
      "review_date": [
        "July",
        "9",
        " 2018"
      ]
    },
    {
      "REQ_subtype": "",
      "REQ_type": "",
      "_id": 49,
      "author_id": "not defined",
      "author_name": "Chris Phillips",
      "helpful": "0",
      "polarity": "",
      "rate": 3,
      "response": "",
      "response_date": "",
      "review": "Decent game destroyed by massive number of adds including videos battering \ndata. I've paid for this app too, so why hammered by advertising?",
      "review_date": [
        "June",
        "22",
        " 2018"
      ]
    },
    {
      "REQ_subtype": "",
      "REQ_type": "",
      "_id": 50,
      "author_id": "not defined",
      "author_name": "Ganon Dorf",
      "helpful": "0",
      "polarity": "",
      "rate": 4,
      "response": "",
      "response_date": "",
      "review": "Only bad thing is you have to pay but worth it as the game is awesome. They \nhave changed so you only pay for extras and can earn free stuff by watching \nadverts. Worth it IMO",
      "review_date": [
        "May",
        "11",
        " 2018"
      ]
    },
    {
      "REQ_subtype": "",
      "REQ_type": "",
      "_id": 51,
      "author_id": "not defined",
      "author_name": "Adam on your pc",
      "helpful": "2",
      "polarity": "",
      "rate": 5,
      "response": "",
      "response_date": "",
      "review": "Great game overall it is very addicting. The best thing about the game is \nthat it doesn't require wifi. I love it myself and would definitely \nrecommend it to anyone",
      "review_date": [
        "May",
        "28",
        " 2018"
      ]
    },
    {
      "REQ_subtype": "",
      "REQ_type": "",
      "_id": 52,
      "author_id": "not defined",
      "author_name": "Mick cranston",
      "helpful": "0",
      "polarity": "",
      "rate": 5,
      "response": "",
      "response_date": "",
      "review": "I love NSS but I think that you should get paid for making assists without \nhaving to negotiate because you don't get that much money and I think the \nNRG drinks should be one set price and not change depending what level or \namount of money you have. Overall, a really fun game though.",
      "review_date": [
        "May",
        "28",
        " 2018"
      ]
    },
    {
      "REQ_subtype": "",
      "REQ_type": "",
      "_id": 53,
      "author_id": "not defined",
      "author_name": "Chris England",
      "helpful": "7",
      "polarity": "",
      "rate": 5,
      "response": "",
      "response_date": "",
      "review": "This game is genius. Already told my mates and they are playing too.highly \naddictive but seems to get better and better. UTB",
      "review_date": [
        "May",
        "8",
        " 2018"
      ]
    },
    {
      "REQ_subtype": "",
      "REQ_type": "",
      "_id": 54,
      "author_id": "not defined",
      "author_name": "Lee Aldred",
      "helpful": "1",
      "polarity": "",
      "rate": 3,
      "response": "",
      "response_date": "",
      "review": "Updated review. Although the game itself is kind of cool, the whole actual \npay to play aspect really ruins the game. Make energy rechargable over \ntime. Or make Ads available more as a way of replenishing energy. Ruins a \npotentially good game.",
      "review_date": [
        "June",
        "26",
        " 2018"
      ]
    },
    {
      "REQ_subtype": "",
      "REQ_type": "",
      "_id": 55,
      "author_id": "not defined",
      "author_name": "A Google user",
      "helpful": "2",
      "polarity": "",
      "rate": 3,
      "response": "",
      "response_date": "",
      "review": "It is an ok game. It's annoying that you have to have energy to play a game \nor train and stuff. If you don't have any money you can't do much about it.",
      "review_date": [
        "May",
        "9",
        " 2018"
      ]
    },
    {
      "REQ_subtype": "",
      "REQ_type": "",
      "_id": 56,
      "author_id": "not defined",
      "author_name": "Dudley Delcy",
      "helpful": "0",
      "polarity": "",
      "rate": 4,
      "response": "",
      "response_date": "",
      "review": "I HAVE BEEN GRINDING for points to get world player but never have, is it \npossible, I mean what kind of person can get 121 points, 59 goals and 61 \nassists and not get it \ud83d\ude10\ud83d\ude10. There should be a top 3 to see how close you \nwere, Also they should be real players like Messi or Ronaldo. But getting \nthe award should be more easy !",
      "review_date": [
        "July",
        "9",
        " 2018"
      ]
    },
    {
      "REQ_subtype": "",
      "REQ_type": "",
      "_id": 57,
      "author_id": "not defined",
      "author_name": "Steve Williams",
      "helpful": "0",
      "polarity": "",
      "rate": 4,
      "response": "",
      "response_date": "",
      "review": "Love this game! I play it on my mobile pad & pc. Never had any problems \nwith it. Only reason it doesn't get 5 stars is because of in game \npurchases,otherwise it's great!!",
      "review_date": [
        "June",
        "6",
        " 2018"
      ]
    },
    {
      "REQ_subtype": "",
      "REQ_type": "",
      "_id": 58,
      "author_id": "not defined",
      "author_name": "mr nobody",
      "helpful": "9",
      "polarity": "",
      "rate": 5,
      "response": "",
      "response_date": "",
      "review": "If it wasn't for the amount of ads in every game nowadays it would be \nbetter but i know to turn the internet on games to turn the ads off thats \nhelps",
      "review_date": [
        "April",
        "30",
        " 2018"
      ]
    },
    {
      "REQ_subtype": "",
      "REQ_type": "",
      "_id": 59,
      "author_id": "not defined",
      "author_name": "Harvey Atkinson",
      "helpful": "1",
      "polarity": "",
      "rate": 4,
      "response": "",
      "response_date": "",
      "review": "I had a good 1st season but at the end i wanted to leave club but when i \nwanted to look at offers it says unfortunately nss has stopped. Please \nplease fix this!",
      "review_date": [
        "July",
        "5",
        " 2018"
      ]
    },
    {
      "REQ_subtype": "",
      "REQ_type": "",
      "_id": 60,
      "author_id": "not defined",
      "author_name": "Christian Ioannou",
      "helpful": "0",
      "polarity": "",
      "rate": 5,
      "response": "",
      "response_date": "",
      "review": "Great game but my online shop seems to not be working can't connect to the \nstore, needs to be fixed as I need money and other stuff so I would like to \npurchase them, also what I find is on defensive mode you don't really do \nmuch, need to add a feature where we can actually defend our goal.",
      "review_date": [
        "June",
        "17",
        " 2018"
      ]
    },
    {
      "REQ_subtype": "",
      "REQ_type": "",
      "_id": 61,
      "author_id": "not defined",
      "author_name": "Carl Anthony",
      "helpful": "3",
      "polarity": "",
      "rate": 5,
      "response": "",
      "response_date": "",
      "review": "Great game easy to play and so addictive. Would be good to have a better \ntransfer market where you can see teams fighting for you",
      "review_date": [
        "May",
        "14",
        " 2018"
      ]
    },
    {
      "REQ_subtype": "",
      "REQ_type": "",
      "_id": 62,
      "author_id": "not defined",
      "author_name": "Robbie Hall",
      "helpful": "0",
      "polarity": "",
      "rate": 5,
      "response": "",
      "response_date": "",
      "review": "Great be a pro career with ups and downs and tactical thinking involved. \nGreat app would love to see a new star MMA or boxing game next.",
      "review_date": [
        "June",
        "25",
        " 2018"
      ]
    },
    {
      "REQ_subtype": "",
      "REQ_type": "",
      "_id": 63,
      "author_id": "not defined",
      "author_name": "ray duffy",
      "helpful": "0",
      "polarity": "",
      "rate": 4,
      "response": "",
      "response_date": "",
      "review": "Addictive and enjoyable. Would like a little more match drama like injury \ntime goals or a red card or two",
      "review_date": [
        "June",
        "4",
        " 2018"
      ]
    },
    {
      "REQ_subtype": "",
      "REQ_type": "",
      "_id": 64,
      "author_id": "not defined",
      "author_name": "Darrell Kerrison",
      "helpful": "0",
      "polarity": "",
      "rate": 4,
      "response": "",
      "response_date": "",
      "review": "Decengame but the A.I. is lacking. Team mates will regularly run away from \nthe ball or watch it go past them resulting in a failure for the player.",
      "review_date": [
        "June",
        "8",
        " 2018"
      ]
    },
    {
      "REQ_subtype": "",
      "REQ_type": "",
      "_id": 65,
      "author_id": "not defined",
      "author_name": "Aenar Stormblade",
      "helpful": "0",
      "polarity": "",
      "rate": 1,
      "response": "",
      "response_date": "",
      "review": "While this game starts off ok, once you get so far you can't go very much \nfurther without spending money! Pretty poor from the developers that! At \nleast recharge energy over a set period of time FFS!",
      "review_date": [
        "July",
        "4",
        " 2018"
      ]
    },
    {
      "REQ_subtype": "",
      "REQ_type": "",
      "_id": 66,
      "author_id": "not defined",
      "author_name": "Jason Pettitt",
      "helpful": "0",
      "polarity": "",
      "rate": 4,
      "response": "",
      "response_date": "",
      "review": "Great game. 3 seasons in and very much addicted.",
      "review_date": [
        "June",
        "2",
        " 2018"
      ]
    },
    {
      "REQ_subtype": "",
      "REQ_type": "",
      "_id": 67,
      "author_id": "not defined",
      "author_name": "\u00c9rico Hortolan",
      "helpful": "0",
      "polarity": "",
      "rate": 1,
      "response": "",
      "response_date": "",
      "review": "O jogo \u00e9 at\u00e9 legal, mas a quantidade de propagandas me fez desinstalar, a \ncada partida ou treinamento \u00e9 exibida uma propaganda o que torna o jogo \nirritante.",
      "review_date": [
        "July",
        "7",
        " 2018"
      ]
    },
    {
      "REQ_subtype": "",
      "REQ_type": "",
      "_id": 68,
      "author_id": "not defined",
      "author_name": "Blue Jelly",
      "helpful": "0",
      "polarity": "",
      "rate": 5,
      "response": "",
      "response_date": "",
      "review": "Odlicno! Igrica je zakon preporucujem ju svima i cak sad ovu novu koja je \nizasla samo instaliravajte i igraj te svoj vlastiti nogomet ili cricet!\u2606 \nbilo bi jos super da mozes editat svog lika.... uglavnom ok je. :)",
      "review_date": [
        "June",
        "12",
        " 2018"
      ]
    },
    {
      "REQ_subtype": "",
      "REQ_type": "",
      "_id": 69,
      "author_id": "not defined",
      "author_name": "cristiano ronaldo",
      "helpful": "2",
      "polarity": "",
      "rate": 2,
      "response": "",
      "response_date": "",
      "review": "No retirement so there's no hard difficulty anymore. Please fix this",
      "review_date": [
        "June",
        "23",
        " 2018"
      ]
    },
    {
      "REQ_subtype": "",
      "REQ_type": "",
      "_id": 70,
      "author_id": "not defined",
      "author_name": "A Google user",
      "helpful": "0",
      "polarity": "",
      "rate": 4,
      "response": "",
      "response_date": "",
      "review": "Game is ok but controls are bad and its so dumb to wait to play on field \nwhen yoy need to wait that somebody pass you or something and nrg are to \nexpensive at thw end",
      "review_date": [
        "June",
        "5",
        " 2018"
      ]
    },
    {
      "REQ_subtype": "",
      "REQ_type": "",
      "_id": 71,
      "author_id": "not defined",
      "author_name": "Reinaldo Rosa",
      "helpful": "0",
      "polarity": "",
      "rate": 5,
      "response": "",
      "response_date": "",
      "review": "This game is my favorite!! Played it in highschool and i am glad they \nbrought it back!! Worth getting.",
      "review_date": [
        "July",
        "14",
        " 2018"
      ]
    },
    {
      "REQ_subtype": "",
      "REQ_type": "",
      "_id": 72,
      "author_id": "not defined",
      "author_name": "A Google user",
      "helpful": "0",
      "polarity": "",
      "rate": 3,
      "response": "",
      "response_date": "",
      "review": "Remove the wind factor. Stop the last moment goals of opponents. Many a \ntimes, opponents score a goal within a minute after my team scores one \ngoal. How is it possible?? Is this a game or joke. And also fix the price \nof energy",
      "review_date": [
        "June",
        "17",
        " 2018"
      ]
    },
    {
      "REQ_subtype": "",
      "REQ_type": "",
      "_id": 73,
      "author_id": "not defined",
      "author_name": "Shaun Ingram",
      "helpful": "0",
      "polarity": "",
      "rate": 4,
      "response": "",
      "response_date": "",
      "review": "I like the game, it's a lot better than similar games in this genre. I \nthink you should make it easier to earn money and energy as i find I am \nwaiting a long time to go further into the game",
      "review_date": [
        "June",
        "25",
        " 2018"
      ]
    },
    {
      "REQ_subtype": "",
      "REQ_type": "",
      "_id": 74,
      "author_id": "not defined",
      "author_name": "A Google user",
      "helpful": "0",
      "polarity": "",
      "rate": 5,
      "response": "",
      "response_date": "",
      "review": "Absolutely loving the game so far. I would like for the teammates to be a \nbit more responsive to the ball as I feel as if they just stand like \nstatues when the ball comes close",
      "review_date": [
        "July",
        "14",
        " 2018"
      ]
    },
    {
      "REQ_subtype": "",
      "REQ_type": "",
      "_id": 75,
      "author_id": "not defined",
      "author_name": "David Calle",
      "helpful": "0",
      "polarity": "",
      "rate": 4,
      "response": "",
      "response_date": "",
      "review": "I love it this game: i have been playing for a couple of years, i really \nenjoy it, just wish more opportunity to make more money besides jobs like \nsome type of stick of exercise gives more pay boost. Idk but really like it",
      "review_date": [
        "June",
        "17",
        " 2018"
      ]
    },
    {
      "REQ_subtype": "",
      "REQ_type": "",
      "_id": 76,
      "author_id": "not defined",
      "author_name": "Colman Glynn",
      "helpful": "0",
      "polarity": "",
      "rate": 4,
      "response": "",
      "response_date": "",
      "review": "It's very good for kids and has plenty of joy in it although I only gave it \na 4 star because the better you get and the more you progress it can get \nvery hard. A bit too hard.",
      "review_date": [
        "July",
        "10",
        " 2018"
      ]
    },
    {
      "REQ_subtype": "",
      "REQ_type": "",
      "_id": 77,
      "author_id": "not defined",
      "author_name": "Uuno T",
      "helpful": "0",
      "polarity": "",
      "rate": 5,
      "response": "",
      "response_date": "",
      "review": "Next game I Would like To See is new star icehockey \ud83d\ude06 One bad thing when i \nresetted My Phone all Saved games were gone.",
      "review_date": [
        "June",
        "28",
        " 2018"
      ]
    },
    {
      "REQ_subtype": "",
      "REQ_type": "",
      "_id": 78,
      "author_id": "not defined",
      "author_name": "Victor Rh\u00e9a",
      "helpful": "0",
      "polarity": "",
      "rate": 1,
      "response": "",
      "response_date": "",
      "review": "You Guys must be kidding me. After EVERY single game an ad? And sometimes \nthe ad does not show, and you cant play, cant exit, cant do anything, just \nrestart the game. It is ok to show ads, that's not what I'm talking about. \nThe problem is having ads that simply stops you from playing.",
      "review_date": [
        "May",
        "21",
        " 2018"
      ]
    },
    {
      "REQ_subtype": "",
      "REQ_type": "",
      "_id": 79,
      "author_id": "not defined",
      "author_name": "Matthew King",
      "helpful": "0",
      "polarity": "",
      "rate": 5,
      "response": "",
      "response_date": "",
      "review": "If they made NS Basketball that would be the only thing I'd play. I don't \neven like football that much but I love this game.",
      "review_date": [
        "July",
        "7",
        " 2018"
      ]
    },
    {
      "REQ_subtype": "",
      "REQ_type": "",
      "_id": 80,
      "author_id": "not defined",
      "author_name": "Conrad Van Zyl",
      "helpful": "1",
      "polarity": "",
      "rate": 4,
      "response": "",
      "response_date": "",
      "review": "Very good idea but you run out of energy too soon and the timers on the \nitems bought is too fast for early game.",
      "review_date": [
        "May",
        "8",
        " 2018"
      ]
    },
    {
      "REQ_subtype": "",
      "REQ_type": "",
      "_id": 81,
      "author_id": "not defined",
      "author_name": "rhys Jones",
      "helpful": "2",
      "polarity": "",
      "rate": 5,
      "response": "",
      "response_date": "",
      "review": "This game is amazing as I had this game for a really long time and I would \nnever stop playing it. Most times I get into it and never stop playing \nuntil my phone dies",
      "review_date": [
        "May",
        "5",
        " 2018"
      ]
    },
    {
      "REQ_subtype": "",
      "REQ_type": "",
      "_id": 82,
      "author_id": "not defined",
      "author_name": "Chris White",
      "helpful": "1",
      "polarity": "",
      "rate": 1,
      "response": "",
      "response_date": "",
      "review": "Edit 01/07/2018 - game crashes on my Samsung galaxy s7 during gameplay",
      "review_date": [
        "July",
        "1",
        " 2018"
      ]
    },
    {
      "REQ_subtype": "",
      "REQ_type": "",
      "_id": 83,
      "author_id": "not defined",
      "author_name": "A Google user",
      "helpful": "0",
      "polarity": "",
      "rate": 4,
      "response": "",
      "response_date": "",
      "review": "It's an extremely addictive and fun game to play. Downloaded it for a \ncouple of hours and can't stop",
      "review_date": [
        "July",
        "6",
        " 2018"
      ]
    },
    {
      "REQ_subtype": "",
      "REQ_type": "",
      "_id": 84,
      "author_id": "not defined",
      "author_name": "A Google user",
      "helpful": "3",
      "polarity": "",
      "rate": 5,
      "response": "",
      "response_date": "",
      "review": "Still one of the best Android footy games out there. Just pick up and play. \nCan't wait for New Star Soccer Manager to arrive.",
      "review_date": [
        "June",
        "25",
        " 2018"
      ]
    },
    {
      "REQ_subtype": "",
      "REQ_type": "",
      "_id": 85,
      "author_id": "not defined",
      "author_name": "Elias Savant",
      "helpful": "1",
      "polarity": "",
      "rate": 5,
      "response": "",
      "response_date": "",
      "review": "Great game! Fell in love with it instantly",
      "review_date": [
        "May",
        "14",
        " 2018"
      ]
    },
    {
      "REQ_subtype": "",
      "REQ_type": "",
      "_id": 86,
      "author_id": "not defined",
      "author_name": "Lee Mitchell",
      "helpful": "0",
      "polarity": "",
      "rate": 5,
      "response": "",
      "response_date": "",
      "review": "Really great game and so enjoyable. Would advise to stay in lower leagues \nwhen you start as going up to a higher league too soon makes you look a bit \nout of your depth",
      "review_date": [
        "May",
        "24",
        " 2018"
      ]
    },
    {
      "REQ_subtype": "",
      "REQ_type": "",
      "_id": 87,
      "author_id": "not defined",
      "author_name": "keval tanna",
      "helpful": "0",
      "polarity": "",
      "rate": 5,
      "response": "",
      "response_date": "",
      "review": "I absolutely love this game . Sometimes it might get a bit annoying but it \ngets better and better as your career gets longer. I \ud83d\udc96 it",
      "review_date": [
        "June",
        "9",
        " 2018"
      ]
    },
    {
      "REQ_subtype": "",
      "REQ_type": "",
      "_id": 88,
      "author_id": "not defined",
      "author_name": "Ardit771",
      "helpful": "0",
      "polarity": "",
      "rate": 5,
      "response": "",
      "response_date": "",
      "review": "I am loving this game because it just doesnt get boring even if you play it \nfor a long period of time unlike the other ones. Good job developers\ud83d\udc4c",
      "review_date": [
        "June",
        "5",
        " 2018"
      ]
    },
    {
      "REQ_subtype": "",
      "REQ_type": "",
      "_id": 89,
      "author_id": "not defined",
      "author_name": "Thomas Frost",
      "helpful": "0",
      "polarity": "",
      "rate": 4,
      "response": "",
      "response_date": "",
      "review": "Yeah decent game, only problem I have is whenever you start you instantly \nbecome a striker/forward.Can you make it so you can choose different \npositions, I'd love to play as a tough tackling defensive mid, nothing too \nglamorous, just mopping up loose balls and playing safe sideways passes. \nUPDATE: After the first season I had a whole host of top clubs wanting my \nsignature. However, I decided on a move to Burnley with the prospects of \nworking under Sean Dyche, who I see as a bit of a father figure and someone \nI hoped could mould me into a solid defensive midfielder in the guise of \nClaude Makelele. Unfortunately I've been scoring too many goals if anything \nand I feel this detracts from the realism of the game. For example, we \nplayed an free flowing Brighton team, so I instantly set myself to \n\"Defensive\", hoping to frustrate them, limit their chances and maybe nick \none on the break. However I ended up bagging a brace and setting up another \nin what can only be described as a rout, which surely can't be realistic?",
      "review_date": [
        "June",
        "19",
        " 2018"
      ]
    },
    {
      "REQ_subtype": "",
      "REQ_type": "",
      "_id": 90,
      "author_id": "not defined",
      "author_name": "Luis Rodriguez",
      "helpful": "0",
      "polarity": "",
      "rate": 4,
      "response": "",
      "response_date": "",
      "review": "A super addictuve game where you can spend a lot of time playing on it. It \ncan improve in making it a little bit easier so that the user doesn't get \nfrustrated and erase the app",
      "review_date": [
        "June",
        "25",
        " 2018"
      ]
    },
    {
      "REQ_subtype": "",
      "REQ_type": "",
      "_id": 91,
      "author_id": "not defined",
      "author_name": "danielv2110",
      "helpful": "0",
      "polarity": "",
      "rate": 4,
      "response": "",
      "response_date": "",
      "review": "The only annoying thing is that you have to watch so many ads ECT. But this \nis a good way of not having to pay any real money. I like this game fills \nthe spare time well.",
      "review_date": [
        "June",
        "12",
        " 2018"
      ]
    },
    {
      "REQ_subtype": "",
      "REQ_type": "",
      "_id": 92,
      "author_id": "not defined",
      "author_name": "R.G Vlogs",
      "helpful": "0",
      "polarity": "",
      "rate": 5,
      "response": "",
      "response_date": "",
      "review": "Overall a very good game. But you don't need the part that flashes up \nwhenever you score or get an assist on modern mode. Classic works better \nfor me",
      "review_date": [
        "May",
        "28",
        " 2018"
      ]
    },
    {
      "REQ_subtype": "",
      "REQ_type": "",
      "_id": 93,
      "author_id": "not defined",
      "author_name": "Beri Misiel",
      "helpful": "0",
      "polarity": "",
      "rate": 5,
      "response": "",
      "response_date": "",
      "review": "This game has consumed my life, and I dont even like soccer at all",
      "review_date": [
        "July",
        "11",
        " 2018"
      ]
    },
    {
      "REQ_subtype": "",
      "REQ_type": "",
      "_id": 94,
      "author_id": "not defined",
      "author_name": "A Google user",
      "helpful": "0",
      "polarity": "",
      "rate": 5,
      "response": "",
      "response_date": "",
      "review": "Amazing fantastic game but in the match's i wish we could move when we are \npassing the ball going to score but you can at least dribble the ball but \nanyway fantastic game well done on who made the game",
      "review_date": [
        "May",
        "30",
        " 2018"
      ]
    },
    {
      "REQ_subtype": "",
      "REQ_type": "",
      "_id": 95,
      "author_id": "not defined",
      "author_name": "Sunnie Wallace",
      "helpful": "0",
      "polarity": "",
      "rate": 4,
      "response": "",
      "response_date": "",
      "review": "I like the game but. Could get coin faster and the delay in the commentary \npart while playing league games is annoying but other than that a stoners \nperfect time killer",
      "review_date": [
        "June",
        "1",
        " 2018"
      ]
    },
    {
      "REQ_subtype": "",
      "REQ_type": "",
      "_id": 96,
      "author_id": "not defined",
      "author_name": "Ruhi Tolley",
      "helpful": "0",
      "polarity": "",
      "rate": 1,
      "response": "",
      "response_date": "",
      "review": "Stupid game and not realistic every time you score 2 goals they do!",
      "review_date": [
        "July",
        "8",
        " 2018"
      ]
    },
    {
      "REQ_subtype": "",
      "REQ_type": "",
      "_id": 97,
      "author_id": "not defined",
      "author_name": "Ricky Bontoft",
      "helpful": "0",
      "polarity": "",
      "rate": 5,
      "response": "",
      "response_date": "",
      "review": "Love this game. find it so hard to put my phone down.",
      "review_date": [
        "July",
        "8",
        " 2018"
      ]
    },
    {
      "REQ_subtype": "",
      "REQ_type": "",
      "_id": 98,
      "author_id": "not defined",
      "author_name": "DooM KinG",
      "helpful": "0",
      "polarity": "",
      "rate": 2,
      "response": "",
      "response_date": "",
      "review": "Weak gameplay no difference between teams everything costs too much energy \nto do",
      "review_date": [
        "July",
        "5",
        " 2018"
      ]
    },
    {
      "REQ_subtype": "",
      "REQ_type": "",
      "_id": 99,
      "author_id": "not defined",
      "author_name": "Macaulay Guyon",
      "helpful": "0",
      "polarity": "",
      "rate": 5,
      "response": "",
      "response_date": "",
      "review": "So so addictive!! Great progression and multiple save options! Smashes it \nin every area most phone game arent!",
      "review_date": [
        "July",
        "6",
        " 2018"
      ]
    },
    {
      "REQ_subtype": "",
      "REQ_type": "",
      "_id": 100,
      "author_id": "not defined",
      "author_name": "Autumn M",
      "helpful": "1",
      "polarity": "",
      "rate": 4,
      "response": "",
      "response_date": "",
      "review": "A very easy to get down fame that is forgiving of those who choose not to \nfork out the cash for micro-tansactions.",
      "review_date": [
        "May",
        "17",
        " 2018"
      ]
    },
    {
      "REQ_subtype": "",
      "REQ_type": "",
      "_id": 101,
      "author_id": "not defined",
      "author_name": "Harout Jabamikos",
      "helpful": "1",
      "polarity": "",
      "rate": 5,
      "response": "",
      "response_date": "",
      "review": "Really fun if you love soccer the manager should give us bonus when we win \na competition and we should make more money",
      "review_date": [
        "May",
        "15",
        " 2018"
      ]
    },
    {
      "REQ_subtype": "",
      "REQ_type": "",
      "_id": 102,
      "author_id": "not defined",
      "author_name": "Vuyo Siboto",
      "helpful": "0",
      "polarity": "",
      "rate": 3,
      "response": "",
      "response_date": "",
      "review": "The game needs work but they need to show the person u play with also add \nsome control buttons like dls and be like FIFA player mode also add real \nfootballer s",
      "review_date": [
        "June",
        "16",
        " 2018"
      ]
    },
    {
      "REQ_subtype": "",
      "REQ_type": "",
      "_id": 103,
      "author_id": "not defined",
      "author_name": "Football is Life",
      "helpful": "0",
      "polarity": "",
      "rate": 5,
      "response": "",
      "response_date": "",
      "review": "I think this is a very good game but you need to make the weather \nconditions free . Beside that, everything is great. And add permeti in \nalbania leauge",
      "review_date": [
        "July",
        "9",
        " 2018"
      ]
    },
    {
      "REQ_subtype": "",
      "REQ_type": "",
      "_id": 104,
      "author_id": "not defined",
      "author_name": "Gunn Panprayun",
      "helpful": "0",
      "polarity": "",
      "rate": 4,
      "response": "",
      "response_date": "",
      "review": "energy restoration is very slow and there are ads at the end of matches \nthat we are forced to watch.",
      "review_date": [
        "June",
        "13",
        " 2018"
      ]
    },
    {
      "REQ_subtype": "",
      "REQ_type": "",
      "_id": 105,
      "author_id": "not defined",
      "author_name": "Phil Bowden",
      "helpful": "0",
      "polarity": "",
      "rate": 5,
      "response": "",
      "response_date": "",
      "review": "Love the game but takes a long time to get into at first. Should provide \nmore boosts of later items than the very rare pair of shows",
      "review_date": [
        "July",
        "9",
        " 2018"
      ]
    },
    {
      "REQ_subtype": "",
      "REQ_type": "",
      "_id": 106,
      "author_id": "not defined",
      "author_name": "Ben Pearce",
      "helpful": "0",
      "polarity": "",
      "rate": 3,
      "response": "",
      "response_date": "",
      "review": "The gameplays decent actually its just very frustrating with the whole \nlifestyle thing along with it",
      "review_date": [
        "May",
        "29",
        " 2018"
      ]
    },
    {
      "REQ_subtype": "",
      "REQ_type": "",
      "_id": 107,
      "author_id": "not defined",
      "author_name": "Ahmed Magdy",
      "helpful": "0",
      "polarity": "",
      "rate": 1,
      "response": "",
      "response_date": "",
      "review": "The game always crashes 10 seconds after starting it. Better fix that game \nif you expect a better review.",
      "review_date": [
        "May",
        "16",
        " 2018"
      ]
    },
    {
      "REQ_subtype": "",
      "REQ_type": "",
      "_id": 108,
      "author_id": "not defined",
      "author_name": "Radoslaw Leszczynski",
      "helpful": "0",
      "polarity": "",
      "rate": 5,
      "response": "",
      "response_date": "",
      "review": "Cool stuff! With annoying boss.",
      "review_date": [
        "July",
        "11",
        " 2018"
      ]
    },
    {
      "REQ_subtype": "",
      "REQ_type": "",
      "_id": 109,
      "author_id": "not defined",
      "author_name": "Will Binder",
      "helpful": "0",
      "polarity": "",
      "rate": 4,
      "response": "",
      "response_date": "",
      "review": "Really fun game, would recommend staying with the same club until you get a \ngood star rating, otherwise it is really hard to progress in the game.",
      "review_date": [
        "July",
        "10",
        " 2018"
      ]
    },
    {
      "REQ_subtype": "",
      "REQ_type": "",
      "_id": 110,
      "author_id": "not defined",
      "author_name": "facup06",
      "helpful": "0",
      "polarity": "",
      "rate": 5,
      "response": "",
      "response_date": "",
      "review": "It's a good game the one issue I have is you lose energy a bit too quickly \nother than that its a good way to pass the time",
      "review_date": [
        "June",
        "5",
        " 2018"
      ]
    },
    {
      "REQ_subtype": "",
      "REQ_type": "",
      "_id": 111,
      "author_id": "not defined",
      "author_name": "PRANAV TEJA",
      "helpful": "0",
      "polarity": "",
      "rate": 2,
      "response": "",
      "response_date": "",
      "review": "Stupid game which should not be installed...It keeps annoying you by \nfrequently crashing.",
      "review_date": [
        "June",
        "21",
        " 2018"
      ]
    },
    {
      "REQ_subtype": "",
      "REQ_type": "",
      "_id": 112,
      "author_id": "not defined",
      "author_name": "Jack Harrison",
      "helpful": "0",
      "polarity": "",
      "rate": 4,
      "response": "",
      "response_date": "",
      "review": "I like the new look, but before, you couldn't transfer files to a new \ndevice. With Google play connectivity, not sure if you can now.",
      "review_date": [
        "May",
        "1",
        " 2018"
      ]
    },
    {
      "REQ_subtype": "",
      "REQ_type": "",
      "_id": 113,
      "author_id": "not defined",
      "author_name": "Kaya Calderon",
      "helpful": "0",
      "polarity": "",
      "rate": 1,
      "response": "",
      "response_date": "",
      "review": "Full of adv. and videos to watch mandatory. Hate it!. Can't even play game \ncuz of videos!. Totally rubbish..",
      "review_date": [
        "June",
        "10",
        " 2018"
      ]
    },
    {
      "REQ_subtype": "",
      "REQ_type": "",
      "_id": 114,
      "author_id": "not defined",
      "author_name": "Liam O'Neill",
      "helpful": "1",
      "polarity": "",
      "rate": 5,
      "response": "",
      "response_date": "",
      "review": "This game isnt that bad once you start playing but it is very addicting and \nhard to stop playing in my opinion",
      "review_date": [
        "May",
        "15",
        " 2018"
      ]
    },
    {
      "REQ_subtype": "",
      "REQ_type": "",
      "_id": 115,
      "author_id": "not defined",
      "author_name": "Jellybean 2",
      "helpful": "0",
      "polarity": "",
      "rate": 4,
      "response": "",
      "response_date": "",
      "review": "Evrything is good except PHILIPPINES Club can't play in afc champions \nleague, at least give the champion playoff spot or make the afc cup so \nit'll be more realistic",
      "review_date": [
        "May",
        "8",
        " 2018"
      ]
    },
    {
      "REQ_subtype": "",
      "REQ_type": "",
      "_id": 116,
      "author_id": "not defined",
      "author_name": "nick mail",
      "helpful": "0",
      "polarity": "",
      "rate": 2,
      "response": "",
      "response_date": "",
      "review": "Lot of things wrong with this game i dont know where to start, id like it \nif it was improved good concept but i wont be playing again after 2days",
      "review_date": [
        "June",
        "26",
        " 2018"
      ]
    },
    {
      "REQ_subtype": "",
      "REQ_type": "",
      "_id": 117,
      "author_id": "not defined",
      "author_name": "Daisy Elizabeth",
      "helpful": "0",
      "polarity": "",
      "rate": 5,
      "response": "",
      "response_date": "",
      "review": "I love this app because its really easy to use however a way that they can improve it is by making it easier to earn bux but overall its a great game",
      "review_date": [
        "June",
        "26",
        " 2018"
      ]
    },
    {
      "REQ_subtype": "",
      "REQ_type": "",
      "_id": 118,
      "author_id": "not defined",
      "author_name": "Diana Mandaza",
      "helpful": "0",
      "polarity": "",
      "rate": 5,
      "response": "",
      "response_date": "",
      "review": "This game really is a game that has been thouroughly looked through and \nreally does go according to a normal footballer'life. A great game for \nanyone even if you don't like football.",
      "review_date": [
        "May",
        "16",
        " 2018"
      ]
    },
    {
      "REQ_subtype": "",
      "REQ_type": "",
      "_id": 119,
      "author_id": "not defined",
      "author_name": "Jakub Jeczalik",
      "helpful": "0",
      "polarity": "",
      "rate": 4,
      "response": "",
      "response_date": "",
      "review": "On my one plus 5T top of the screen keeps glitching and lagging",
      "review_date": [
        "June",
        "29",
        " 2018"
      ]
    },
    {
      "REQ_subtype": "",
      "REQ_type": "",
      "_id": 120,
      "author_id": "not defined",
      "author_name": "Tushar Kanti Banerjee",
      "helpful": "0",
      "polarity": "",
      "rate": 5,
      "response": "",
      "response_date": "",
      "review": "Everything is fine but the problem is that whenever I go to India or the \nUSA,the players run very slowly.It is understandable that they are worse \nthan English players but it does not mean that they are not fast runners.",
      "review_date": [
        "May",
        "31",
        " 2018"
      ]
    },
    {
      "REQ_subtype": "",
      "REQ_type": "",
      "_id": 121,
      "author_id": "not defined",
      "author_name": "Dylan Baas",
      "helpful": "0",
      "polarity": "",
      "rate": 5,
      "response": "",
      "response_date": "",
      "review": "This game is so much fun! It just made me come back to play another game.",
      "review_date": [
        "June",
        "10",
        " 2018"
      ]
    },
    {
      "REQ_subtype": "",
      "REQ_type": "",
      "_id": 122,
      "author_id": "not defined",
      "author_name": "Owen Curley",
      "helpful": "0",
      "polarity": "",
      "rate": 3,
      "response": "",
      "response_date": "",
      "review": "Decent and somewhat addictive, but PLEASE ADD IN A MULTILAYER MODE, LIKE I \nCOULD BE WITH CELTIC AND FACE SOMEONE IN A CAREER WITH BARCELONA ETC",
      "review_date": [
        "May",
        "26",
        " 2018"
      ]
    },
    {
      "REQ_subtype": "",
      "REQ_type": "",
      "_id": 123,
      "author_id": "not defined",
      "author_name": "Myke Garraway",
      "helpful": "0",
      "polarity": "",
      "rate": 4,
      "response": "",
      "response_date": "",
      "review": "Love the new update but it now contains a lot of ads. Given that \nmicrotransactions are in the game, I don't see the need for ads to be \npopping up every so often.",
      "review_date": [
        "July",
        "8",
        " 2018"
      ]
    },
    {
      "REQ_subtype": "",
      "REQ_type": "",
      "_id": 124,
      "author_id": "not defined",
      "author_name": "abdul khaaliq jacobs",
      "helpful": "0",
      "polarity": "",
      "rate": 4,
      "response": "",
      "response_date": "",
      "review": "I think it's a decent game,the only off-putting thing is the rendering of \nthe game.Graphics could be improved as well as the price of NRG.",
      "review_date": [
        "June",
        "25",
        " 2018"
      ]
    },
    {
      "REQ_subtype": "",
      "REQ_type": "",
      "_id": 125,
      "author_id": "not defined",
      "author_name": "Tayyab Ahmed",
      "helpful": "0",
      "polarity": "",
      "rate": 5,
      "response": "",
      "response_date": "",
      "review": "needs some changes to the rating given by boss team and fans and needs some \nmore updates",
      "review_date": [
        "June",
        "15",
        " 2018"
      ]
    },
    {
      "REQ_subtype": "",
      "REQ_type": "",
      "_id": 126,
      "author_id": "not defined",
      "author_name": "redinela azizaj",
      "helpful": "0",
      "polarity": "",
      "rate": 5,
      "response": "",
      "response_date": "",
      "review": "I used to play this game 3 years ago but I deleted it. Now I teinstalled it \nand i love the new updates.",
      "review_date": [
        "May",
        "12",
        " 2018"
      ]
    },
    {
      "REQ_subtype": "",
      "REQ_type": "",
      "_id": 127,
      "author_id": "not defined",
      "author_name": "darren hobbs",
      "helpful": "1",
      "polarity": "",
      "rate": 5,
      "response": "",
      "response_date": "",
      "review": "Great game everyone will love it even if you don't really like football",
      "review_date": [
        "May",
        "19",
        " 2018"
      ]
    },
    {
      "REQ_subtype": "",
      "REQ_type": "",
      "_id": 128,
      "author_id": "not defined",
      "author_name": "toni fashina",
      "helpful": "0",
      "polarity": "",
      "rate": 5,
      "response": "",
      "response_date": "",
      "review": "Great game really addictive but if you could add more features like more \ncomments on the newspaper koz it gets boring getting the same comments",
      "review_date": [
        "July",
        "1",
        " 2018"
      ]
    },
    {
      "REQ_subtype": "",
      "REQ_type": "",
      "_id": 129,
      "author_id": "not defined",
      "author_name": "misty dash",
      "helpful": "0",
      "polarity": "",
      "rate": 2,
      "response": "",
      "response_date": "",
      "review": "Started out fun game spent a few \u00a3s and then all of a sudden it was not \nresponding and kept crashing don't waste money whatever you do",
      "review_date": [
        "May",
        "31",
        " 2018"
      ]
    },
    {
      "REQ_subtype": "",
      "REQ_type": "",
      "_id": 130,
      "author_id": "not defined",
      "author_name": "Pedro Guedes",
      "helpful": "0",
      "polarity": "",
      "rate": 5,
      "response": "",
      "response_date": "",
      "review": "\u00c9 o mais completo com as mais variadas possibilidades e coisas e caminho q \nvc pode ESCOLHER para o futuro do jogador, muito bom!! PERFECT, EXCELLENT",
      "review_date": [
        "June",
        "13",
        " 2018"
      ]
    },
    {
      "REQ_subtype": "",
      "REQ_type": "",
      "_id": 131,
      "author_id": "not defined",
      "author_name": "Chris Deary",
      "helpful": "0",
      "polarity": "",
      "rate": 3,
      "response": "",
      "response_date": "",
      "review": "doesnt let you contimue from your game, as i was playing it about 3 months \nago lost my tablet, finally bought a new one and it wont let me restore the \ngame or purchases ive made",
      "review_date": [
        "May",
        "28",
        " 2018"
      ]
    },
    {
      "REQ_subtype": "",
      "REQ_type": "",
      "_id": 132,
      "author_id": "not defined",
      "author_name": "mlgplebslayer 2610",
      "helpful": "0",
      "polarity": "",
      "rate": 4,
      "response": "",
      "response_date": "",
      "review": "It is a very good game but I think that the price for NRG drinks is a bit \nexpensive because it can go from 2 to 5 when your only getting 2 starbucs a \ngame",
      "review_date": [
        "July",
        "8",
        " 2018"
      ]
    },
    {
      "REQ_subtype": "",
      "REQ_type": "",
      "_id": 133,
      "author_id": "not defined",
      "author_name": "robbie carlin",
      "helpful": "0",
      "polarity": "",
      "rate": 5,
      "response": "",
      "response_date": "",
      "review": "Game is nothing but fantastic graphics big up NSS!",
      "review_date": [
        "May",
        "24",
        " 2018"
      ]
    },
    {
      "REQ_subtype": "",
      "REQ_type": "",
      "_id": 134,
      "author_id": "not defined",
      "author_name": "Matt Sinclair",
      "helpful": "0",
      "polarity": "",
      "rate": 5,
      "response": "",
      "response_date": "",
      "review": "Great game sometimes a bit laggy but most bugs fixed",
      "review_date": [
        "June",
        "15",
        " 2018"
      ]
    },
    {
      "REQ_subtype": "",
      "REQ_type": "",
      "_id": 135,
      "author_id": "not defined",
      "author_name": "A Google user",
      "helpful": "0",
      "polarity": "",
      "rate": 5,
      "response": "",
      "response_date": "",
      "review": "It's a great game but after playing it for sometimes it stop working on my \nphone",
      "review_date": [
        "June",
        "19",
        " 2018"
      ]
    },
    {
      "REQ_subtype": "",
      "REQ_type": "",
      "_id": 136,
      "author_id": "not defined",
      "author_name": "aaron Marshall",
      "helpful": "0",
      "polarity": "",
      "rate": 5,
      "response": "",
      "response_date": "",
      "review": "Great game....just reached league 2 with Salford & QF with Wales in world \ncup.I think loan moves would be a good thing to.",
      "review_date": [
        "May",
        "1",
        " 2018"
      ]
    },
    {
      "REQ_subtype": "",
      "REQ_type": "",
      "_id": 137,
      "author_id": "not defined",
      "author_name": "Jack Smith",
      "helpful": "0",
      "polarity": "",
      "rate": 2,
      "response": "",
      "response_date": "",
      "review": "Not working on the one plus 6. Display errors and frequent crashes.",
      "review_date": [
        "May",
        "30",
        " 2018"
      ]
    },
    {
      "REQ_subtype": "",
      "REQ_type": "",
      "_id": 138,
      "author_id": "not defined",
      "author_name": "Alexandru Garbulet",
      "helpful": "0",
      "polarity": "",
      "rate": 4,
      "response": "",
      "response_date": "",
      "review": "Nice game, but i hate one thing...your energy does refill after some \ntime..u need to keep buying energy drinks...and it's \nfrustating..otherwise..good game",
      "review_date": [
        "July",
        "11",
        " 2018"
      ]
    },
    {
      "REQ_subtype": "",
      "REQ_type": "",
      "_id": 139,
      "author_id": "not defined",
      "author_name": "Lee Rothwell",
      "helpful": "0",
      "polarity": "",
      "rate": 5,
      "response": "",
      "response_date": "",
      "review": "Good game the graphics not all that but the actuall gameplay as career mode \nis quite good but should give out more bux",
      "review_date": [
        "June",
        "5",
        " 2018"
      ]
    },
    {
      "REQ_subtype": "",
      "REQ_type": "",
      "_id": 140,
      "author_id": "not defined",
      "author_name": "Martha Cooper",
      "helpful": "0",
      "polarity": "",
      "rate": 5,
      "response": "",
      "response_date": "",
      "review": "Best game ever! My grade is 10. Involve player stats, make em visible, \nevery game can upgrade them and this game will be...SUPERB..with grade 10 +",
      "review_date": [
        "July",
        "10",
        " 2018"
      ]
    },
    {
      "REQ_subtype": "",
      "REQ_type": "",
      "_id": 141,
      "author_id": "not defined",
      "author_name": "A Google user",
      "helpful": "0",
      "polarity": "",
      "rate": 5,
      "response": "",
      "response_date": "",
      "review": "Brilliant game. Would be nice to see game being played until ball comes to \nyou then goes to normal shooting or passing screen just a thought",
      "review_date": [
        "June",
        "14",
        " 2018"
      ]
    },
    {
      "REQ_subtype": "",
      "REQ_type": "",
      "_id": 142,
      "author_id": "not defined",
      "author_name": "Brandon Lopez",
      "helpful": "0",
      "polarity": "",
      "rate": 5,
      "response": "",
      "response_date": "",
      "review": "Very addictive and I thoroughly enjoy playing this game! Mabye if they \ndecreased the reliance on energy so much it would be even better...",
      "review_date": [
        "June",
        "19",
        " 2018"
      ]
    },
    {
      "REQ_subtype": "",
      "REQ_type": "",
      "_id": 143,
      "author_id": "not defined",
      "author_name": "Yummy Cookie 69",
      "helpful": "0",
      "polarity": "",
      "rate": 5,
      "response": "",
      "response_date": "",
      "review": "For some reason the game lags a lot pls fix it.",
      "review_date": [
        "June",
        "9",
        " 2018"
      ]
    },
    {
      "REQ_subtype": "",
      "REQ_type": "",
      "_id": 144,
      "author_id": "not defined",
      "author_name": "eyal zadok",
      "helpful": "0",
      "polarity": "",
      "rate": 5,
      "response": "",
      "response_date": "",
      "review": "great game too bad some of the things are not free",
      "review_date": [
        "July",
        "3",
        " 2018"
      ]
    },
    {
      "REQ_subtype": "",
      "REQ_type": "",
      "_id": 145,
      "author_id": "not defined",
      "author_name": "Lukas Games",
      "helpful": "0",
      "polarity": "",
      "rate": 5,
      "response": "",
      "response_date": "",
      "review": "This is my favourite game I absolutely love it. Its really fun I can't put \nmy phone down until I have to. Amazing game so glad that I found it",
      "review_date": [
        "June",
        "14",
        " 2018"
      ]
    },
    {
      "REQ_subtype": "",
      "REQ_type": "",
      "_id": 146,
      "author_id": "not defined",
      "author_name": "Reece Bailie",
      "helpful": "0",
      "polarity": "",
      "rate": 4,
      "response": "",
      "response_date": "",
      "review": "Great game, addictive, i understand the need for ads for revenue but the \namount of ads is nonsense thats why im giving it 4 stars instead of 5",
      "review_date": [
        "May",
        "7",
        " 2018"
      ]
    },
    {
      "REQ_subtype": "",
      "REQ_type": "",
      "_id": 147,
      "author_id": "not defined",
      "author_name": "Denver Kyle",
      "helpful": "0",
      "polarity": "",
      "rate": 3,
      "response": "",
      "response_date": "",
      "review": "Good game but the passing has to be spot on because the players don't move \nfast to the ball if u hit it less than perfect",
      "review_date": [
        "May",
        "12",
        " 2018"
      ]
    },
    {
      "REQ_subtype": "",
      "REQ_type": "",
      "_id": 148,
      "author_id": "not defined",
      "author_name": "Abs Polly",
      "helpful": "0",
      "polarity": "",
      "rate": 5,
      "response": "",
      "response_date": "",
      "review": "Rlly addictive and it was actually my big brother that got me and my \nyounger brother into this game and I just want to say it is pretty decent \n\u26bd\ufe0f\ud83c\udfdfx",
      "review_date": [
        "May",
        "25",
        " 2018"
      ]
    },
    {
      "REQ_subtype": "",
      "REQ_type": "",
      "_id": 149,
      "author_id": "not defined",
      "author_name": "Thierry Uwizeyimana",
      "helpful": "0",
      "polarity": "",
      "rate": 1,
      "response": "",
      "response_date": "",
      "review": "It keeps crashing I can't even open the app",
      "review_date": [
        "June",
        "11",
        " 2018"
      ]
    },
    {
      "REQ_subtype": "",
      "REQ_type": "",
      "_id": 150,
      "author_id": "not defined",
      "author_name": "A Google user",
      "helpful": "0",
      "polarity": "",
      "rate": 2,
      "response": "",
      "response_date": "",
      "review": "If you're prepared to pay then you will romp this game, if you try to play \nwithout paying then your player is destined to lower league obscurity.",
      "review_date": [
        "June",
        "25",
        " 2018"
      ]
    },
    {
      "REQ_subtype": "",
      "REQ_type": "",
      "_id": 151,
      "author_id": "not defined",
      "author_name": "Nick Holmes",
      "helpful": "0",
      "polarity": "",
      "rate": 5,
      "response": "",
      "response_date": "",
      "review": "Always loved this game, only problem is sometimes it glitches out mid match.",
      "review_date": [
        "June",
        "16",
        " 2018"
      ]
    },
    {
      "REQ_subtype": "",
      "REQ_type": "",
      "_id": 152,
      "author_id": "not defined",
      "author_name": "A Google user",
      "helpful": "0",
      "polarity": "",
      "rate": 5,
      "response": "",
      "response_date": "",
      "review": "Sometimes glitches while the ball is in the air makes it hard for headers",
      "review_date": [
        "June",
        "13",
        " 2018"
      ]
    },
    {
      "REQ_subtype": "",
      "REQ_type": "",
      "_id": 153,
      "author_id": "not defined",
      "author_name": "Oliver Zankor",
      "helpful": "0",
      "polarity": "",
      "rate": 5,
      "response": "",
      "response_date": "",
      "review": "Brilliant game. Stick to it. It just gets better and better",
      "review_date": [
        "June",
        "19",
        " 2018"
      ]
    },
    {
      "REQ_subtype": "",
      "REQ_type": "",
      "_id": 154,
      "author_id": "not defined",
      "author_name": "Leandro Lares",
      "helpful": "0",
      "polarity": "",
      "rate": 5,
      "response": "",
      "response_date": "",
      "review": "This game is so addicting I love it but the energy price keeps going up as \nyou level up but other than that great game",
      "review_date": [
        "July",
        "13",
        " 2018"
      ]
    },
    {
      "REQ_subtype": "",
      "REQ_type": "",
      "_id": 155,
      "author_id": "not defined",
      "author_name": "Andrew Eaton",
      "helpful": "1",
      "polarity": "",
      "rate": 5,
      "response": "",
      "response_date": "",
      "review": "It's a great game with a diverse set of teams and leagues from almost every \nsingle FIFA country.",
      "review_date": [
        "May",
        "5",
        " 2018"
      ]
    },
    {
      "REQ_subtype": "",
      "REQ_type": "",
      "_id": 156,
      "author_id": "not defined",
      "author_name": "Edward Palmer",
      "helpful": "1",
      "polarity": "",
      "rate": 5,
      "response": "",
      "response_date": "",
      "review": "Its pretty fun but earning the currency is very difficult especially at the \nstart",
      "review_date": [
        "May",
        "17",
        " 2018"
      ]
    },
    {
      "REQ_subtype": "",
      "REQ_type": "",
      "_id": 157,
      "author_id": "not defined",
      "author_name": "tyrese Hoey",
      "helpful": "0",
      "polarity": "",
      "rate": 5,
      "response": "",
      "response_date": "",
      "review": "Just cant stop playing so addictive that it's actually dumb",
      "review_date": [
        "May",
        "9",
        " 2018"
      ]
    },
    {
      "REQ_subtype": "",
      "REQ_type": "",
      "_id": 158,
      "author_id": "not defined",
      "author_name": "Umu Kamara",
      "helpful": "0",
      "polarity": "",
      "rate": 5,
      "response": "",
      "response_date": "",
      "review": "It's a really good game because of this game I can't put my phone down \nCan't wait for Scorer Manager.",
      "review_date": [
        "May",
        "27",
        " 2018"
      ]
    },
    {
      "REQ_subtype": "",
      "REQ_type": "",
      "_id": 159,
      "author_id": "not defined",
      "author_name": "foleybhoy1",
      "helpful": "0",
      "polarity": "",
      "rate": 4,
      "response": "",
      "response_date": "",
      "review": "Decent game but I wish the energy wasn't so tight. Be nice to be able to \nplay for a bit without running into a pay wall",
      "review_date": [
        "June",
        "22",
        " 2018"
      ]
    }
  ],
  "size": "Varies with devic",
  "url": "https://play.google.com/store/apps/details?id=com.newstargames.newstarsoccer",
  "version": "Varies with device"
}