{
  "categories": [
    "Productivity"
  ],
  "description": "With AVG Cleaner, your Android device will run faster and smoother, store more data, free up memory by cleaning junk, and stay charged for longer. AVG Cleaner is a smart device manager & optimization tool already installed by almost 50 million people.AVG Cleaner top features:\u2714 Remove preinstalled apps - Remove pre-installed apps to save space and boost performance\u2714 Get more space - Remove old files, uninstall apps, and delete bad or unwanted photos and videos\u2714 Improve performance - Use Cleaner to clear cache, remove junk, and identify apps that are slowing down your device \u2714 Longer battery life - Cleaner's battery saving feature helps improve your device's battery life\u2714 Hibernate apps - Suspend background apps to prolong battery life and save mobile data\u2714 System info - Everything you need to know about your phone on one screen\u2714 File manager - Smart File Manager & Storage Cleaner can analyze pictures, files, and apps to help you maximize your Android device's performance\u2714 Junk Cleaner - Clean out any useless junk from your deviceWith AVG Cleaner, you will enjoy a longer battery life, avoid a lagging Android device, get rid of junk files, and automatically find bad quality or duplicate photosAVG Cleaner is a smart analysis application and clean up tool that gives you more storage space, better performance, and longer battery lifeThe booster, battery saver, memory and storage clean up, and app removal features are described below:Cleaner: Advanced app remover & app manager:\u25ba Remove preinstalled apps: Do you have pre-installed bloatware apps you don't need? We can prevent them from slowing down your device\u25ba App analyzer: AVG Cleaner can identify apps that consume your battery, drain mobile data, or take up too much storage space, allowing you to clean them out more easily\u25ba App remover: Easily remove apps that slow down your device\u25ba Easily analyze apps based on storage, ram, battery, data consumption or usageCleaner: Photo Analyzer:\u25ba Fast and easy photo gallery optimization\u25ba Find bad quality or duplicate photos\u25ba Our 'swipe left to delete, swipe right to keep' feature helps you decide if you want to remove or keep the identified photosCleaner: Battery Saver & Optimizer:\u25ba App hibernation: Hibernating apps help you prolong battery life and keep your device running faster for longer\u25ba Battery Profiles & Optimization: choose between \"Low Battery\", \"Home\", \"Work\", and \"Car\" profiles, or set up your own to automatically adjust your battery usage how you want (30-day FREE trial)Cleaner: 1-tap Analysis and Optimization\u25ba Clean your device with a single tap of a button\u25ba Perform device scan and analysis with just one tapClean your phone to free up storage space, help it run smoother and faster, and boost its speed and performance. Eliminate junk, delete bad quality, similar or duplicate photos to make more storage space available for the apps, photos, and other stuff you want Download AVG Cleaner, Booster & Battery Saver for Android phones for FREE now!By installing this app, you agree that your use of it is governed by these terms: http://m.avg.com/termsThis app uses Accessibility permission to assist disabled and other users stop all background apps with just one tap",
  "inc": "AVG Mobile",
  "intalled_count": "10,000,000",
  "last_update": [
    "June",
    "14",
    " 2018"
  ],
  "name": "AVG Cleaner \u2013 Speed, Battery & Memory Booster",
  "offered_by": "Google Commerce Ltd",
  "permissions": {
    "Device & app history": [
      "retrieve running apps"
    ],
    "Identity": [
      "find accounts on the device",
      "add or remove accounts"
    ],
    "Contacts": [
      "find accounts on the device"
    ],
    "Location": [
      "precise location (GPS and network-based)"
    ],
    "Phone": [
      "read phone status and identity"
    ],
    "Photos/Media/Files": [
      "read the contents of your USB storage",
      "modify or delete the contents of your USB storage"
    ],
    "Storage": [
      "read the contents of your USB storage",
      "modify or delete the contents of your USB storage"
    ],
    "Wi-Fi connection information": [
      "view Wi-Fi connections"
    ],
    "Device ID & call information": [
      "read phone status and identity"
    ],
    "Other": [
      "update component usage statistics",
      "receive data from Internet",
      "view network connections",
      "create accounts and set passwords",
      "pair with Bluetooth devices",
      "access Bluetooth settings",
      "change network connectivity",
      "connect and disconnect from Wi-Fi",
      "delete all app cache data",
      "measure app storage space",
      "full network access",
      "close other apps",
      "read sync settings",
      "run at startup",
      "draw over other apps",
      "use accounts on the device",
      "prevent device from sleeping",
      "modify system settings",
      "toggle sync on and off",
      "install shortcuts"
    ]
  },
  "price": "",
  "rate": [
    [
      "1,182,533",
      "4.4"
    ],
    [
      "736,163",
      "5"
    ],
    [
      "280,178",
      "4"
    ],
    [
      "92,288",
      "3"
    ],
    [
      "30,044",
      "2"
    ],
    [
      "43,860",
      "1"
    ]
  ],
  "required_android": "4.1",
  "reviews": [
    {
      "REQ_subtype": "",
      "REQ_type": "",
      "_id": 0,
      "author_id": "not defined",
      "author_name": "Pat Blevins",
      "helpful": "85",
      "polarity": "",
      "rate": 5,
      "response": "",
      "response_date": "",
      "review": "I have used it for years on all of my devices. It works better than any \nother that I have tried. It does a very good job. I highly recommend it to \nanyone who wants a reliable product, and it is free. They offer a paid \nversion, for those who need more options, or don't want the adds. I have \nused several AVG apps and I highly recommend them all. Thanks for making \nall of these much needed apps for free. Updated 06/20/2018. Still love it, \nit just gets better and better. Keep up the good work.",
      "review_date": [
        "June",
        "20",
        " 2018"
      ]
    },
    {
      "REQ_subtype": "",
      "REQ_type": "",
      "_id": 1,
      "author_id": "not defined",
      "author_name": "Funnybunnyireland Sweeney",
      "helpful": "44",
      "polarity": "",
      "rate": 5,
      "response": "",
      "response_date": "",
      "review": "This app works amazing! Before I got it I literally only had about 200 mb \nof storage, 2 days later I have 900! It really works and is safe and \nhelpful. I couldn't recommend any other app. Finally I have storage! It \ntakes about 10 seconds to clear plenty of storage! GET THIS APP.",
      "review_date": [
        "June",
        "19",
        " 2018"
      ]
    },
    {
      "REQ_subtype": "",
      "REQ_type": "",
      "_id": 2,
      "author_id": "not defined",
      "author_name": "Kathy Maxwell",
      "helpful": "81",
      "polarity": "",
      "rate": 5,
      "response": "Thanks for your kind words Kathy! AVG Mobile Support Team",
      "response_date": [
        "November",
        "6",
        " 2016"
      ],
      "review": "I just don't have time to keep track of everything. This program does so \nmany things. It even goes through my pictures and shows me which ones might \nbe duplicates. It takes a few seconds to review them and decide which ones \nI am going to keep. Easy peasy.",
      "review_date": [
        "July",
        "6",
        " 2018"
      ]
    },
    {
      "REQ_subtype": "",
      "REQ_type": "",
      "_id": 3,
      "author_id": "not defined",
      "author_name": "Pamela Hanson",
      "helpful": "6",
      "polarity": "",
      "rate": 3,
      "response": "",
      "response_date": "",
      "review": "Bad actor in my ZTE phone. Data problems can be seen but app currently and \nobviously cannot fix the problems. CALEA and PRISM protocol accepted long \nago but the \"significant in use and during use interference\" and memory \nusage problems such as double saving screenshots and suggesting I delete \nessential google office type apps to free up memory to download your apps \nis not acceptable. I don't like the ads but I will put up with them if you \ncan provide a reasonable fix. Please consider me appreciative of your \nefforts. Former Security Officer Pamela J. Hanson",
      "review_date": [
        "July",
        "6",
        " 2018"
      ]
    },
    {
      "REQ_subtype": "",
      "REQ_type": "",
      "_id": 4,
      "author_id": "not defined",
      "author_name": "Stone Saiyan",
      "helpful": "12",
      "polarity": "",
      "rate": 2,
      "response": "",
      "response_date": "",
      "review": "Worked good months ago, but now i can't even use this app. Every time i tap \nto clean, it freezes before it finishes and it causes my phone to lag and \nglitch until i restart my phone. I have uninstalled and re-installed it, \nsame issues.",
      "review_date": [
        "July",
        "4",
        " 2018"
      ]
    },
    {
      "REQ_subtype": "",
      "REQ_type": "",
      "_id": 5,
      "author_id": "not defined",
      "author_name": "Christopher Walton",
      "helpful": "5",
      "polarity": "",
      "rate": 2,
      "response": "",
      "response_date": "",
      "review": "Used for long time; now locks up, causing phone to overheat then restart \nitself. Just not good enough considering I can clean the phone in it's own \nsettings; this just used to be quicker. Uninstalled...",
      "review_date": [
        "July",
        "6",
        " 2018"
      ]
    },
    {
      "REQ_subtype": "",
      "REQ_type": "",
      "_id": 6,
      "author_id": "not defined",
      "author_name": "An-D T",
      "helpful": "5",
      "polarity": "",
      "rate": 2,
      "response": "",
      "response_date": "",
      "review": "AVG usually has a good product, unfortunately this is not one. Besides \nfreezing, apparently restarting and freezing in the middle of restarting, \nwhen I had to pull the battery, I don't know what, if anything it did. I'm \nreally disappointed because their antivirus works very well on both my \nphone and computer. I was hoping this would be able to get rid of the \npre-installed apps that I have no use or want, but it is too problematic to \ndeal with. Again, I'm really disappointed. LG Stylo 2",
      "review_date": [
        "July",
        "5",
        " 2018"
      ]
    },
    {
      "REQ_subtype": "",
      "REQ_type": "",
      "_id": 7,
      "author_id": "not defined",
      "author_name": "D. Adelle Lee",
      "helpful": "14",
      "polarity": "",
      "rate": 4,
      "response": "",
      "response_date": "",
      "review": "Photo cleaner is a good tool for getting rid of duplicates; you can choose \na different photo to keep than the one picked by the app. Like the option \nto choose how much to delete when cleaning. DO NOT LIKE non-clarity when \ndealing with multiple subscriptions. Want to uninstall extra subscription \nbut unsure which phone(s) is covered by each subscription.",
      "review_date": [
        "June",
        "24",
        " 2018"
      ]
    },
    {
      "REQ_subtype": "",
      "REQ_type": "",
      "_id": 8,
      "author_id": "not defined",
      "author_name": "A Google user",
      "helpful": "21",
      "polarity": "",
      "rate": 4,
      "response": "",
      "response_date": "",
      "review": "Easy to use. Isn't forceful like the one that was installed on my phone \nwhen I got it...I have no need for something that will NOT get off my \nscreen no matter what. I uninstalled the old one and it still left \nsomething on my screen. I cannot get rid of. So very thankful for AVG",
      "review_date": [
        "June",
        "23",
        " 2018"
      ]
    },
    {
      "REQ_subtype": "",
      "REQ_type": "",
      "_id": 9,
      "author_id": "not defined",
      "author_name": "Mohammad Ahmos",
      "helpful": "0",
      "polarity": "",
      "rate": 4,
      "response": "",
      "response_date": "",
      "review": "Perfect... But it has very annoying ads. Also, i notice something strange.. \nThis app. and Avast Cleaner app. ls literally copy & paste from each other \n.. the same UI and actions !!",
      "review_date": [
        "June",
        "21",
        " 2018"
      ]
    },
    {
      "REQ_subtype": "",
      "REQ_type": "",
      "_id": 10,
      "author_id": "not defined",
      "author_name": "Chris Flanigan",
      "helpful": "4",
      "polarity": "",
      "rate": 3,
      "response": "",
      "response_date": "",
      "review": "I am very disappointed to learn that subscribing to AVG Antivirus doesn't \ngive me access to AVG Cleaner as well. I should have read more carefully. I \nthink I'll be cancelling and finding another solution.",
      "review_date": [
        "July",
        "5",
        " 2018"
      ]
    },
    {
      "REQ_subtype": "",
      "REQ_type": "",
      "_id": 11,
      "author_id": "not defined",
      "author_name": "Robert Becker",
      "helpful": "2",
      "polarity": "",
      "rate": 4,
      "response": "",
      "response_date": "",
      "review": "App does what it is supposed to do. I have had no issues such as crashing \nor any other random errors. I also appreciate the fact that this app along \nwith the other apps by AVG are FREE and WORK.",
      "review_date": [
        "July",
        "9",
        " 2018"
      ]
    },
    {
      "REQ_subtype": "",
      "REQ_type": "",
      "_id": 12,
      "author_id": "not defined",
      "author_name": "Kris VN",
      "helpful": "0",
      "polarity": "",
      "rate": 5,
      "response": "",
      "response_date": "",
      "review": "Since last 2 updates, the memory only hibernates 2 or 3 at a time. I \nconstantly have to go back and do it again and again...sometimes 10x...(no \nexaggeration)",
      "review_date": [
        "June",
        "17",
        " 2018"
      ]
    },
    {
      "REQ_subtype": "",
      "REQ_type": "",
      "_id": 13,
      "author_id": "not defined",
      "author_name": "Tanya Burda",
      "helpful": "0",
      "polarity": "",
      "rate": 4,
      "response": "",
      "response_date": "",
      "review": "I have the free version, and it seems to do what it claims to do. My one \ncomplaint is the video ads. I know ads come with the territory of free \napps, but I really *hate* auto-play video/sound ads. It doesn't matter what \nmy phone settings are on... Wi-Fi vs no Wi-Fi, volume vs vibrate/silent.... \nthe ads play loud and proud, and take several tries to shut them off. I \nchecked the app settings to see if there was a way to stop the auto-play, \nbut no luck. When I have my phone on silent, it's for a reason (usually to \nnot scare the bejeesus out of the people around me), and video ads take \ndata. I don't mind silent/still ads popping up to keep a legitimate app \nfree, but these video ads are ridiculous.",
      "review_date": [
        "July",
        "10",
        " 2018"
      ]
    },
    {
      "REQ_subtype": "",
      "REQ_type": "",
      "_id": 14,
      "author_id": "not defined",
      "author_name": "mark young",
      "helpful": "2",
      "polarity": "",
      "rate": 5,
      "response": "",
      "response_date": "",
      "review": "AVG always says ,we're looking out for you, and that is exactly how I feel \n. When I'm online or when I'm doing things on my phone, I feel like it \ndirects me away from harmful material. I have been the victim of identity \ntheft, and this makes me feel a lot more comfortable doing things on my \nphone, like filing my taxes. :-)",
      "review_date": [
        "July",
        "7",
        " 2018"
      ]
    },
    {
      "REQ_subtype": "",
      "REQ_type": "",
      "_id": 15,
      "author_id": "not defined",
      "author_name": "ABI ASBO",
      "helpful": "0",
      "polarity": "",
      "rate": 1,
      "response": "",
      "response_date": "",
      "review": "This ancient app WAS SLOW, DATED, FUSSY and LOCKED UP MY SCREEN! SO SLOW TO \nLOAD, IT DIDN'T EVEN WORK PROPERLY! KEPT STOPPING!?!! RUBBISH! DELETED! \nAVOID! UK REVIEW",
      "review_date": [
        "June",
        "14",
        " 2018"
      ]
    },
    {
      "REQ_subtype": "",
      "REQ_type": "",
      "_id": 16,
      "author_id": "not defined",
      "author_name": "Lillian Hayes",
      "helpful": "1",
      "polarity": "",
      "rate": 5,
      "response": "",
      "response_date": "",
      "review": "After trying numerous free apps, this one is the best. The only thing it \ndoesn't do is give me suggestions for dinner tonight. \ud83d\ude09\ud83e\udd19",
      "review_date": [
        "July",
        "13",
        " 2018"
      ]
    },
    {
      "REQ_subtype": "",
      "REQ_type": "",
      "_id": 17,
      "author_id": "not defined",
      "author_name": "john Herman",
      "helpful": "6",
      "polarity": "",
      "rate": 1,
      "response": "",
      "response_date": "",
      "review": "Almost worse than having viruses with all the add and gimmicks. Pro tip, it \nwill stall or be \"working\" at XX% forever. Click on add then click back and \nit will resume. Shady app",
      "review_date": [
        "July",
        "4",
        " 2018"
      ]
    },
    {
      "REQ_subtype": "",
      "REQ_type": "",
      "_id": 18,
      "author_id": "not defined",
      "author_name": "Rebecca Johnson",
      "helpful": "0",
      "polarity": "",
      "rate": 5,
      "response": "",
      "response_date": "",
      "review": "This app is the best app I have used to clean and protect my phone. I have \ntried several and this is by far the best. Doesn't have all those annoying \npop-ups",
      "review_date": [
        "July",
        "2",
        " 2018"
      ]
    },
    {
      "REQ_subtype": "",
      "REQ_type": "",
      "_id": 19,
      "author_id": "not defined",
      "author_name": "Ted Robinson",
      "helpful": "0",
      "polarity": "",
      "rate": 5,
      "response": "",
      "response_date": "",
      "review": "Simply The BEST! It's allways worked just Fine,never any problems.Very Easy \nto use.I also recomend you get AVG Antivirus. These guy's know what they \nare doing. Thank's again AVG!",
      "review_date": [
        "July",
        "13",
        " 2018"
      ]
    },
    {
      "REQ_subtype": "",
      "REQ_type": "",
      "_id": 20,
      "author_id": "not defined",
      "author_name": "Emily C",
      "helpful": "0",
      "polarity": "",
      "rate": 5,
      "response": "",
      "response_date": "",
      "review": "Great app to have. It's on all my devices. picks out all the unused apps \nand junk files, freeing up space. \ud83d\udc4d\ud83c\udffc",
      "review_date": [
        "July",
        "7",
        " 2018"
      ]
    },
    {
      "REQ_subtype": "",
      "REQ_type": "",
      "_id": 21,
      "author_id": "not defined",
      "author_name": "A Google user",
      "helpful": "2",
      "polarity": "",
      "rate": 4,
      "response": "",
      "response_date": "",
      "review": "Very good to reduce clutter and improve speed. Two issues, too many \nadverts, almost everyday now asking to clean up, remove unused apps, or \nupgrade offers",
      "review_date": [
        "July",
        "10",
        " 2018"
      ]
    },
    {
      "REQ_subtype": "",
      "REQ_type": "",
      "_id": 22,
      "author_id": "not defined",
      "author_name": "Joseph Brewster",
      "helpful": "3",
      "polarity": "",
      "rate": 5,
      "response": "",
      "response_date": "",
      "review": "I have used AVG all most a decade now, work's great, easy to use and have \nhad no problems or infections! Thank you.",
      "review_date": [
        "June",
        "29",
        " 2018"
      ]
    },
    {
      "REQ_subtype": "",
      "REQ_type": "",
      "_id": 23,
      "author_id": "not defined",
      "author_name": "Steve Souza",
      "helpful": "0",
      "polarity": "",
      "rate": 5,
      "response": "",
      "response_date": "",
      "review": "I'm using the Pro (paid) version, and it's been working very well. Simple, \nintuitive, and doesn't hog too much RAM i.e. lightweight. Samsung Galaxy S7 \nActive. Android 7.0",
      "review_date": [
        "June",
        "17",
        " 2018"
      ]
    },
    {
      "REQ_subtype": "",
      "REQ_type": "",
      "_id": 24,
      "author_id": "not defined",
      "author_name": "Melinda Reffalt",
      "helpful": "0",
      "polarity": "",
      "rate": 2,
      "response": "",
      "response_date": "",
      "review": "It used to work great but now keeps shutting down instead of what it's \nsupposed to do. Only it doesn't shut down it keeps flashing the shutting \ndown message constantly until it's Forced Stopped.",
      "review_date": [
        "June",
        "28",
        " 2018"
      ]
    },
    {
      "REQ_subtype": "",
      "REQ_type": "",
      "_id": 25,
      "author_id": "not defined",
      "author_name": "Shamih Sikthy",
      "helpful": "1",
      "polarity": "",
      "rate": 5,
      "response": "",
      "response_date": "",
      "review": "It really works. Other junk removal apps only clean app caches which can be \ndeleted even without any apps. But this one make wonders",
      "review_date": [
        "July",
        "4",
        " 2018"
      ]
    },
    {
      "REQ_subtype": "",
      "REQ_type": "",
      "_id": 26,
      "author_id": "not defined",
      "author_name": "eddie 1175",
      "helpful": "2",
      "polarity": "",
      "rate": 1,
      "response": "",
      "response_date": "",
      "review": "I used to love it, but the adds are excessive, I realize it's free and you \nneed to use the adds for revenue, but too many adds are very annoying, \nsorry but it's not working for me this way, going to delete it.",
      "review_date": [
        "June",
        "29",
        " 2018"
      ]
    },
    {
      "REQ_subtype": "",
      "REQ_type": "",
      "_id": 27,
      "author_id": "not defined",
      "author_name": "John Etuale",
      "helpful": "0",
      "polarity": "",
      "rate": 5,
      "response": "",
      "response_date": "",
      "review": "I love this app, but maybe the programmers (or anyone else) can help me \nout. The \"quick clean\" function shows, let's say 2gb, of cleaning that can \nbe done. When I use it, it only cleans a fraction of that and will show the \nremaining 1.whatever gigs left. I didn't have that issue on previous \ndevices.",
      "review_date": [
        "July",
        "3",
        " 2018"
      ]
    },
    {
      "REQ_subtype": "",
      "REQ_type": "",
      "_id": 28,
      "author_id": "not defined",
      "author_name": "A Google user",
      "helpful": "3",
      "polarity": "",
      "rate": 5,
      "response": "",
      "response_date": "",
      "review": "It does what it says... Clears junk such as cookies etc works very well.",
      "review_date": [
        "June",
        "28",
        " 2018"
      ]
    },
    {
      "REQ_subtype": "",
      "REQ_type": "",
      "_id": 29,
      "author_id": "not defined",
      "author_name": "Roger Perris",
      "helpful": "0",
      "polarity": "",
      "rate": 1,
      "response": "",
      "response_date": "",
      "review": "Does the opposite. Will not run keeps freezing and the phone is running \nmuch slower.",
      "review_date": [
        "June",
        "14",
        " 2018"
      ]
    },
    {
      "REQ_subtype": "",
      "REQ_type": "",
      "_id": 30,
      "author_id": "not defined",
      "author_name": "Susan Wallace",
      "helpful": "0",
      "polarity": "",
      "rate": 4,
      "response": "",
      "response_date": "",
      "review": "The AVG suite of free apps on Android are good. The user interface isn't. \nIt doesn't handle device rotation, edit focus etc. If you gave the \ndevelopment team \ud83d\udcb0 they might improve",
      "review_date": [
        "June",
        "20",
        " 2018"
      ]
    },
    {
      "REQ_subtype": "",
      "REQ_type": "",
      "_id": 31,
      "author_id": "not defined",
      "author_name": "Kellin Jayne",
      "helpful": "0",
      "polarity": "",
      "rate": 5,
      "response": "",
      "response_date": "",
      "review": "Easy to use, detailed, full of options, buy the paid version so you don't \nget ads (only $0.50 / month) or get CCleaner. I personally like the AVG app \nbetter for android although I use CCleaner for my laptop",
      "review_date": [
        "June",
        "21",
        " 2018"
      ]
    },
    {
      "REQ_subtype": "",
      "REQ_type": "",
      "_id": 32,
      "author_id": "not defined",
      "author_name": "Kimberly Walker",
      "helpful": "0",
      "polarity": "",
      "rate": 3,
      "response": "",
      "response_date": "",
      "review": "Too many ads. And instructions are a little confusing. And, on the \npictures, don't auto select to delete when I don't want it deleted. Let me \ndecide, they are my pictures. If I didn't want it, I wouldn't have taken \nit. Also, do not like having to pay separately to upgrade. I paid for the \nAVG app and it wouldn't show that I did. Still don't know what I paid for.",
      "review_date": [
        "July",
        "13",
        " 2018"
      ]
    },
    {
      "REQ_subtype": "",
      "REQ_type": "",
      "_id": 33,
      "author_id": "not defined",
      "author_name": "Louise Liddle",
      "helpful": "0",
      "polarity": "",
      "rate": 4,
      "response": "",
      "response_date": "",
      "review": "Great app in general but wish it had an 'ignore' function rather than same \nthings being shown each time. Otherwise it's good",
      "review_date": [
        "June",
        "21",
        " 2018"
      ]
    },
    {
      "REQ_subtype": "",
      "REQ_type": "",
      "_id": 34,
      "author_id": "not defined",
      "author_name": "Jason Pyne",
      "helpful": "0",
      "polarity": "",
      "rate": 5,
      "response": "",
      "response_date": "",
      "review": "Just started using AVG My phone has perked up nicely after so I'm happy \nover what I had before. They could reduce the advertisments slightly but it \nseems to be active and getting it done!!",
      "review_date": [
        "July",
        "16",
        " 2018"
      ]
    },
    {
      "REQ_subtype": "",
      "REQ_type": "",
      "_id": 35,
      "author_id": "not defined",
      "author_name": "Willie Thornton",
      "helpful": "0",
      "polarity": "",
      "rate": 5,
      "response": "",
      "response_date": "",
      "review": "Does what it says get avg pro and this had no ads both apps worth the money \nand for what it does I think it was cheap I like it.",
      "review_date": [
        "June",
        "26",
        " 2018"
      ]
    },
    {
      "REQ_subtype": "",
      "REQ_type": "",
      "_id": 36,
      "author_id": "not defined",
      "author_name": "Roddy Boon",
      "helpful": "0",
      "polarity": "",
      "rate": 4,
      "response": "",
      "response_date": "",
      "review": "I like this App only downside is bleeping ads which drive me nuts and I'm \nnot paying to remove cheap to use another App nudge nudge",
      "review_date": [
        "June",
        "19",
        " 2018"
      ]
    },
    {
      "REQ_subtype": "",
      "REQ_type": "",
      "_id": 37,
      "author_id": "not defined",
      "author_name": "greg dinkel",
      "helpful": "0",
      "polarity": "",
      "rate": 4,
      "response": "",
      "response_date": "",
      "review": "I like the app except on the cache cleaner in the history cleaner it never \nseems to work right maybe you guys can fix it",
      "review_date": [
        "June",
        "24",
        " 2018"
      ]
    },
    {
      "REQ_subtype": "",
      "REQ_type": "",
      "_id": 38,
      "author_id": "not defined",
      "author_name": "A Google user",
      "helpful": "0",
      "polarity": "",
      "rate": 4,
      "response": "",
      "response_date": "",
      "review": "For the most part it works for me. The only thing I personally dislike \nabout it is the fact it deems to tell me what qualifies as a bad picture.",
      "review_date": [
        "July",
        "14",
        " 2018"
      ]
    },
    {
      "REQ_subtype": "",
      "REQ_type": "",
      "_id": 39,
      "author_id": "not defined",
      "author_name": "Kristin Hulak",
      "helpful": "0",
      "polarity": "",
      "rate": 5,
      "response": "",
      "response_date": "",
      "review": "Always loved AVG for my computer, so tried it for my cell, and it's just as \ngreat! Best free protection you can get, hands down!!",
      "review_date": [
        "June",
        "30",
        " 2018"
      ]
    },
    {
      "REQ_subtype": "",
      "REQ_type": "",
      "_id": 40,
      "author_id": "not defined",
      "author_name": "Ewan Roberts",
      "helpful": "2",
      "polarity": "",
      "rate": 4,
      "response": "",
      "response_date": "",
      "review": "It gives you a detailed view on what needs cleaning and always asks your \npermission, great app",
      "review_date": [
        "June",
        "24",
        " 2018"
      ]
    },
    {
      "REQ_subtype": "",
      "REQ_type": "",
      "_id": 41,
      "author_id": "not defined",
      "author_name": "LAD",
      "helpful": "0",
      "polarity": "",
      "rate": 3,
      "response": "",
      "response_date": "",
      "review": "Be less time wasted if once I confirm that I DONT want to delete the files \nAVG want to remove to save room that theres an action whereby it can be \nmade a permanent thing so I dont have it brought up to Review & Decide over \nand over. Example..I have alot of special vids, pics, screenshots that used \nto ONLY be in Gallery...but Samsung /Google have taken over and both take \nmy data and back up so Im unsure where all my original Gallery data is \nsafely saved...seems to be split up all over the device. Until I am 100% \nsure what AVG want to delete are copies Im NOT deleting any of those files. \nFrustrating...it doesnt confirm if original files or copies...",
      "review_date": [
        "July",
        "13",
        " 2018"
      ]
    },
    {
      "REQ_subtype": "",
      "REQ_type": "",
      "_id": 42,
      "author_id": "not defined",
      "author_name": "A Google user",
      "helpful": "0",
      "polarity": "",
      "rate": 4,
      "response": "",
      "response_date": "",
      "review": "Im Not sure yet, and went i use it first then I will let you know ok google.",
      "review_date": [
        "July",
        "9",
        " 2018"
      ]
    },
    {
      "REQ_subtype": "",
      "REQ_type": "",
      "_id": 43,
      "author_id": "not defined",
      "author_name": "Carol Davidson-Slater",
      "helpful": "2",
      "polarity": "",
      "rate": 5,
      "response": "",
      "response_date": "",
      "review": "Sometimes it's a little overbearing with it's suggesting. I plan to upgrade \nto Pro",
      "review_date": [
        "July",
        "6",
        " 2018"
      ]
    },
    {
      "REQ_subtype": "",
      "REQ_type": "",
      "_id": 44,
      "author_id": "not defined",
      "author_name": "Fred Madison",
      "helpful": "0",
      "polarity": "",
      "rate": 2,
      "response": "",
      "response_date": "",
      "review": "While it does seem to clean up junk it also seems to jamb things up almost \nlike a kid trying to get your attention is the best way I know how to \ndescribe it I'm uninstalling it and moving on",
      "review_date": [
        "June",
        "29",
        " 2018"
      ]
    },
    {
      "REQ_subtype": "",
      "REQ_type": "",
      "_id": 45,
      "author_id": "not defined",
      "author_name": "Brian Fontaine",
      "helpful": "0",
      "polarity": "",
      "rate": 5,
      "response": "",
      "response_date": "",
      "review": "It's been my laptop for a long time,so it's only fair to put it on my other \ndevices I get too",
      "review_date": [
        "July",
        "3",
        " 2018"
      ]
    },
    {
      "REQ_subtype": "",
      "REQ_type": "",
      "_id": 46,
      "author_id": "not defined",
      "author_name": "Selene L Cape",
      "helpful": "0",
      "polarity": "",
      "rate": 5,
      "response": "",
      "response_date": "",
      "review": "Just installed it so I'm not sure how it works, but I'll take all the help \nI can get!",
      "review_date": [
        "June",
        "16",
        " 2018"
      ]
    },
    {
      "REQ_subtype": "",
      "REQ_type": "",
      "_id": 47,
      "author_id": "not defined",
      "author_name": "Dragon Customs",
      "helpful": "1",
      "polarity": "",
      "rate": 5,
      "response": "",
      "response_date": "",
      "review": "Excellent tool for keeping my phone at its best although the ads are \nannoying, but it's free so it's all good",
      "review_date": [
        "July",
        "7",
        " 2018"
      ]
    },
    {
      "REQ_subtype": "",
      "REQ_type": "",
      "_id": 48,
      "author_id": "not defined",
      "author_name": "Gary Stroud",
      "helpful": "0",
      "polarity": "",
      "rate": 5,
      "response": "",
      "response_date": "",
      "review": "It's a good anti virus/cleaner but I would like a little more detail about \nwhat some of the futures are doing and what the affects will be on my phone \nand the apps that are left in it.",
      "review_date": [
        "June",
        "18",
        " 2018"
      ]
    },
    {
      "REQ_subtype": "",
      "REQ_type": "",
      "_id": 49,
      "author_id": "not defined",
      "author_name": "Jennifer McDonald",
      "helpful": "0",
      "polarity": "",
      "rate": 3,
      "response": "",
      "response_date": "",
      "review": "Only had this app 24 hrs and phone is working So much better ! Will update \nagain in a week or so.. So far , So Good \ud83d\ude09",
      "review_date": [
        "July",
        "9",
        " 2018"
      ]
    },
    {
      "REQ_subtype": "",
      "REQ_type": "",
      "_id": 50,
      "author_id": "not defined",
      "author_name": "John Wetzel",
      "helpful": "0",
      "polarity": "",
      "rate": 5,
      "response": "",
      "response_date": "",
      "review": "Avg is by far the best all around anti virus and pc/ tablet/ smart phone \napplication out there. It's user friendly and very secure. Highly \nrecommended!",
      "review_date": [
        "June",
        "17",
        " 2018"
      ]
    },
    {
      "REQ_subtype": "",
      "REQ_type": "",
      "_id": 51,
      "author_id": "not defined",
      "author_name": "IROC Z",
      "helpful": "0",
      "polarity": "",
      "rate": 2,
      "response": "",
      "response_date": "",
      "review": "Why doesn't anyone actually check who they are advertising for, junk adds \nthat crash the app are not good for business",
      "review_date": [
        "June",
        "19",
        " 2018"
      ]
    },
    {
      "REQ_subtype": "",
      "REQ_type": "",
      "_id": 52,
      "author_id": "not defined",
      "author_name": "A Google user",
      "helpful": "0",
      "polarity": "",
      "rate": 4,
      "response": "",
      "response_date": "",
      "review": "Okay free is good but annoying adverts for the pro version can get \nfrustrating,",
      "review_date": [
        "June",
        "22",
        " 2018"
      ]
    },
    {
      "REQ_subtype": "",
      "REQ_type": "",
      "_id": 53,
      "author_id": "not defined",
      "author_name": "Thomas Lee",
      "helpful": "2",
      "polarity": "",
      "rate": 5,
      "response": "",
      "response_date": "",
      "review": "Easy to use have used avg on my personal computers for years never had any \nissue",
      "review_date": [
        "June",
        "28",
        " 2018"
      ]
    },
    {
      "REQ_subtype": "",
      "REQ_type": "",
      "_id": 54,
      "author_id": "not defined",
      "author_name": "A Google user",
      "helpful": "0",
      "polarity": "",
      "rate": 5,
      "response": "",
      "response_date": "",
      "review": "It seems to work ok and cleared out a lot of the hidden junk as well",
      "review_date": [
        "July",
        "1",
        " 2018"
      ]
    },
    {
      "REQ_subtype": "",
      "REQ_type": "",
      "_id": 55,
      "author_id": "not defined",
      "author_name": "Geoff Walker",
      "helpful": "0",
      "polarity": "",
      "rate": 4,
      "response": "",
      "response_date": "",
      "review": "I am trying to upgrade to the paid app and it keeps telling me to check my \nInternet connection. My connection is fine but if you don't want my \nmoney.....",
      "review_date": [
        "July",
        "13",
        " 2018"
      ]
    },
    {
      "REQ_subtype": "",
      "REQ_type": "",
      "_id": 56,
      "author_id": "not defined",
      "author_name": "Kim Alexander",
      "helpful": "0",
      "polarity": "",
      "rate": 5,
      "response": "",
      "response_date": "",
      "review": "Best Android cleaning App available. Easy to use. One tap cache and history \ncleaner. Awesome junk cleaner. Highly recommend installing on your Android \nphone.",
      "review_date": [
        "June",
        "20",
        " 2018"
      ]
    },
    {
      "REQ_subtype": "",
      "REQ_type": "",
      "_id": 57,
      "author_id": "not defined",
      "author_name": "Anthony Costello",
      "helpful": "0",
      "polarity": "",
      "rate": 4,
      "response": "",
      "response_date": "",
      "review": "Way to many adds and sometimes it is confusing which items are completed or \nwhich program is running.",
      "review_date": [
        "June",
        "25",
        " 2018"
      ]
    },
    {
      "REQ_subtype": "",
      "REQ_type": "",
      "_id": 58,
      "author_id": "not defined",
      "author_name": "Lorelei Ives",
      "helpful": "0",
      "polarity": "",
      "rate": 5,
      "response": "",
      "response_date": "",
      "review": "My older brother turned me on to AVG! I've been using it for years!",
      "review_date": [
        "June",
        "25",
        " 2018"
      ]
    },
    {
      "REQ_subtype": "",
      "REQ_type": "",
      "_id": 59,
      "author_id": "not defined",
      "author_name": "Nicola Watts",
      "helpful": "0",
      "polarity": "",
      "rate": 5,
      "response": "",
      "response_date": "",
      "review": "Have used Avg free antivirus for years and have never had a problem. On my \nlaptop, tablet and mobile phone, highly recommend it aaa+ rating.",
      "review_date": [
        "June",
        "27",
        " 2018"
      ]
    },
    {
      "REQ_subtype": "",
      "REQ_type": "",
      "_id": 60,
      "author_id": "not defined",
      "author_name": "Elias Atallah",
      "helpful": "0",
      "polarity": "",
      "rate": 1,
      "response": "",
      "response_date": "",
      "review": "I think as a paying customer having to pay for adds to be rempved is an \nabsolute joke...",
      "review_date": [
        "June",
        "18",
        " 2018"
      ]
    },
    {
      "REQ_subtype": "",
      "REQ_type": "",
      "_id": 61,
      "author_id": "not defined",
      "author_name": "A Google user",
      "helpful": "0",
      "polarity": "",
      "rate": 4,
      "response": "",
      "response_date": "",
      "review": "This app works well to eliminate junk files and prevent viruses.",
      "review_date": [
        "July",
        "2",
        " 2018"
      ]
    },
    {
      "REQ_subtype": "",
      "REQ_type": "",
      "_id": 62,
      "author_id": "not defined",
      "author_name": "Felipe Caparelli",
      "helpful": "0",
      "polarity": "",
      "rate": 5,
      "response": "",
      "response_date": "",
      "review": "It help me to clean up my smartphone from undesirable ads",
      "review_date": [
        "July",
        "13",
        " 2018"
      ]
    },
    {
      "REQ_subtype": "",
      "REQ_type": "",
      "_id": 63,
      "author_id": "not defined",
      "author_name": "Andrew Gomez",
      "helpful": "0",
      "polarity": "",
      "rate": 5,
      "response": "",
      "response_date": "",
      "review": "I love it, it does an annoying persistent rate me pop up, I hate that.",
      "review_date": [
        "June",
        "22",
        " 2018"
      ]
    },
    {
      "REQ_subtype": "",
      "REQ_type": "",
      "_id": 64,
      "author_id": "not defined",
      "author_name": "chris way",
      "helpful": "0",
      "polarity": "",
      "rate": 5,
      "response": "",
      "response_date": "",
      "review": "does what it says. so far so good even if it is heavy on the adds but if \nyou want it for free then you just put up with it",
      "review_date": [
        "July",
        "5",
        " 2018"
      ]
    },
    {
      "REQ_subtype": "",
      "REQ_type": "",
      "_id": 65,
      "author_id": "not defined",
      "author_name": "Brian Peace",
      "helpful": "0",
      "polarity": "",
      "rate": 5,
      "response": "",
      "response_date": "",
      "review": "This App is a wonderful background helper to enable me to keep my Samsung \nGalaxy tablet tidy and efficient: wouldn't be without it, thanks AVG!!",
      "review_date": [
        "July",
        "13",
        " 2018"
      ]
    },
    {
      "REQ_subtype": "",
      "REQ_type": "",
      "_id": 66,
      "author_id": "not defined",
      "author_name": "Linda Woodall",
      "helpful": "0",
      "polarity": "",
      "rate": 5,
      "response": "",
      "response_date": "",
      "review": "Ive been using for a long time. Never any problems",
      "review_date": [
        "June",
        "24",
        " 2018"
      ]
    },
    {
      "REQ_subtype": "",
      "REQ_type": "",
      "_id": 67,
      "author_id": "not defined",
      "author_name": "Jada Vaudrin",
      "helpful": "1",
      "polarity": "",
      "rate": 5,
      "response": "",
      "response_date": "",
      "review": "Always keeps my phone clean of junk!",
      "review_date": [
        "July",
        "6",
        " 2018"
      ]
    },
    {
      "REQ_subtype": "",
      "REQ_type": "",
      "_id": 68,
      "author_id": "not defined",
      "author_name": "johnny 5",
      "helpful": "0",
      "polarity": "",
      "rate": 5,
      "response": "",
      "response_date": "",
      "review": "Avg Cleaner is what i need and more!! Easy to use. Simple to understand, \nautomatic cleaning settings and, download the avg virus protection for \nadded security. Love it!! Non invasive, reminders, and does it's job!!",
      "review_date": [
        "July",
        "15",
        " 2018"
      ]
    },
    {
      "REQ_subtype": "",
      "REQ_type": "",
      "_id": 69,
      "author_id": "not defined",
      "author_name": "om joseph",
      "helpful": "1",
      "polarity": "",
      "rate": 5,
      "response": "",
      "response_date": "",
      "review": "Excellent Aap .very useful to use .and very effective",
      "review_date": [
        "June",
        "24",
        " 2018"
      ]
    },
    {
      "REQ_subtype": "",
      "REQ_type": "",
      "_id": 70,
      "author_id": "not defined",
      "author_name": "Peter whitehead",
      "helpful": "0",
      "polarity": "",
      "rate": 5,
      "response": "",
      "response_date": "",
      "review": "The only criticism of the app is there are too many ads",
      "review_date": [
        "June",
        "27",
        " 2018"
      ]
    },
    {
      "REQ_subtype": "",
      "REQ_type": "",
      "_id": 71,
      "author_id": "not defined",
      "author_name": "A Google user",
      "helpful": "1",
      "polarity": "",
      "rate": 5,
      "response": "",
      "response_date": "",
      "review": "Good Tec people in past owned pc lap top I trust more then most trust counts",
      "review_date": [
        "June",
        "30",
        " 2018"
      ]
    },
    {
      "REQ_subtype": "",
      "REQ_type": "",
      "_id": 72,
      "author_id": "not defined",
      "author_name": "SaNvI BrAgTa",
      "helpful": "0",
      "polarity": "",
      "rate": 5,
      "response": "",
      "response_date": "",
      "review": "It is goof if you install AVG antivirus app",
      "review_date": [
        "July",
        "11",
        " 2018"
      ]
    },
    {
      "REQ_subtype": "",
      "REQ_type": "",
      "_id": 73,
      "author_id": "not defined",
      "author_name": "A Google user",
      "helpful": "0",
      "polarity": "",
      "rate": 5,
      "response": "",
      "response_date": "",
      "review": "It's very useful and helps protect my battery it is the best app cleaning \napp therefore has been literally it works perfectly Give it a try PEOPLE",
      "review_date": [
        "June",
        "29",
        " 2018"
      ]
    },
    {
      "REQ_subtype": "",
      "REQ_type": "",
      "_id": 74,
      "author_id": "not defined",
      "author_name": "Anthony Travers",
      "helpful": "3",
      "polarity": "",
      "rate": 4,
      "response": "",
      "response_date": "",
      "review": "I like it but it doesn't have cool phone down like some others.",
      "review_date": [
        "July",
        "4",
        " 2018"
      ]
    },
    {
      "REQ_subtype": "",
      "REQ_type": "",
      "_id": 75,
      "author_id": "not defined",
      "author_name": "Gauravdeep Dayal",
      "helpful": "0",
      "polarity": "",
      "rate": 4,
      "response": "",
      "response_date": "",
      "review": "It is great but I still don't feel in control, can I stop it from saying \n'We have found 296 mb of junk!'",
      "review_date": [
        "July",
        "14",
        " 2018"
      ]
    },
    {
      "REQ_subtype": "",
      "REQ_type": "",
      "_id": 76,
      "author_id": "not defined",
      "author_name": "Tony Dorie",
      "helpful": "2",
      "polarity": "",
      "rate": 5,
      "response": "",
      "response_date": "",
      "review": "For being free it's a good cleaner",
      "review_date": [
        "June",
        "23",
        " 2018"
      ]
    },
    {
      "REQ_subtype": "",
      "REQ_type": "",
      "_id": 77,
      "author_id": "not defined",
      "author_name": "Lee Thompson",
      "helpful": "0",
      "polarity": "",
      "rate": 5,
      "response": "",
      "response_date": "",
      "review": "The questions you asked me i knew nothing about.",
      "review_date": [
        "June",
        "27",
        " 2018"
      ]
    },
    {
      "REQ_subtype": "",
      "REQ_type": "",
      "_id": 78,
      "author_id": "not defined",
      "author_name": "Cheyenne Underwood",
      "helpful": "1",
      "polarity": "",
      "rate": 4,
      "response": "",
      "response_date": "",
      "review": "I think the app does a good job on cleaning my phone and doing what all \nthat supposed to do",
      "review_date": [
        "June",
        "22",
        " 2018"
      ]
    },
    {
      "REQ_subtype": "",
      "REQ_type": "",
      "_id": 79,
      "author_id": "not defined",
      "author_name": "Elizabeth Strauss",
      "helpful": "0",
      "polarity": "",
      "rate": 5,
      "response": "",
      "response_date": "",
      "review": "Cleans alot of junk files. I like the app",
      "review_date": [
        "June",
        "25",
        " 2018"
      ]
    },
    {
      "REQ_subtype": "",
      "REQ_type": "",
      "_id": 80,
      "author_id": "not defined",
      "author_name": "Michelle Estes",
      "helpful": "0",
      "polarity": "",
      "rate": 5,
      "response": "",
      "response_date": "",
      "review": "Never any issues. Promptly declutters my phone.",
      "review_date": [
        "July",
        "8",
        " 2018"
      ]
    },
    {
      "REQ_subtype": "",
      "REQ_type": "",
      "_id": 81,
      "author_id": "not defined",
      "author_name": "Tyrone Wilson",
      "helpful": "0",
      "polarity": "",
      "rate": 4,
      "response": "",
      "response_date": "",
      "review": "Actually works; noticable improvement in phone performance.",
      "review_date": [
        "June",
        "24",
        " 2018"
      ]
    },
    {
      "REQ_subtype": "",
      "REQ_type": "",
      "_id": 82,
      "author_id": "not defined",
      "author_name": "Walter Krust",
      "helpful": "0",
      "polarity": "",
      "rate": 5,
      "response": "",
      "response_date": "",
      "review": "Lots of neat tools within the single app. Combine with antivirus through \nAVG ultimate for all my devices great VFM!",
      "review_date": [
        "July",
        "4",
        " 2018"
      ]
    },
    {
      "REQ_subtype": "",
      "REQ_type": "",
      "_id": 83,
      "author_id": "not defined",
      "author_name": "A Google user",
      "helpful": "0",
      "polarity": "",
      "rate": 5,
      "response": "",
      "response_date": "",
      "review": "Great app. Very thorough. Cleans unwanted and cached data.",
      "review_date": [
        "July",
        "10",
        " 2018"
      ]
    },
    {
      "REQ_subtype": "",
      "REQ_type": "",
      "_id": 84,
      "author_id": "not defined",
      "author_name": "Russ Luepnitz",
      "helpful": "1",
      "polarity": "",
      "rate": 5,
      "response": "",
      "response_date": "",
      "review": "1 month in this app seems to be working as advertised. I wonder how \nimportant apps that clean are neccessary.",
      "review_date": [
        "June",
        "24",
        " 2018"
      ]
    },
    {
      "REQ_subtype": "",
      "REQ_type": "",
      "_id": 85,
      "author_id": "not defined",
      "author_name": "A Google user",
      "helpful": "2",
      "polarity": "",
      "rate": 4,
      "response": "",
      "response_date": "",
      "review": "It works for what its for usually so ...",
      "review_date": [
        "June",
        "21",
        " 2018"
      ]
    },
    {
      "REQ_subtype": "",
      "REQ_type": "",
      "_id": 86,
      "author_id": "not defined",
      "author_name": "Jonathan Henderson",
      "helpful": "0",
      "polarity": "",
      "rate": 5,
      "response": "",
      "response_date": "",
      "review": "Help prevent theft and much more details.",
      "review_date": [
        "July",
        "12",
        " 2018"
      ]
    },
    {
      "REQ_subtype": "",
      "REQ_type": "",
      "_id": 87,
      "author_id": "not defined",
      "author_name": "Rebecca Pursley",
      "helpful": "0",
      "polarity": "",
      "rate": 4,
      "response": "",
      "response_date": "",
      "review": "Works well even for little old ladies.",
      "review_date": [
        "June",
        "25",
        " 2018"
      ]
    },
    {
      "REQ_subtype": "",
      "REQ_type": "",
      "_id": 88,
      "author_id": "not defined",
      "author_name": "Po Vaitkus",
      "helpful": "0",
      "polarity": "",
      "rate": 2,
      "response": "",
      "response_date": "",
      "review": "Im trying to upgrade to pro but it says that there is no internet \nconnection, althought all other apps can access internet",
      "review_date": [
        "June",
        "25",
        " 2018"
      ]
    },
    {
      "REQ_subtype": "",
      "REQ_type": "",
      "_id": 89,
      "author_id": "not defined",
      "author_name": "Salem Romero",
      "helpful": "0",
      "polarity": "",
      "rate": 5,
      "response": "",
      "response_date": "",
      "review": "Keeps shutting off and resetting to beginning of shows",
      "review_date": [
        "July",
        "14",
        " 2018"
      ]
    },
    {
      "REQ_subtype": "",
      "REQ_type": "",
      "_id": 90,
      "author_id": "not defined",
      "author_name": "James Nguyen",
      "helpful": "0",
      "polarity": "",
      "rate": 5,
      "response": "",
      "response_date": "",
      "review": "Uninstaller v\u00ec CCleaner does better job",
      "review_date": [
        "June",
        "21",
        " 2018"
      ]
    },
    {
      "REQ_subtype": "",
      "REQ_type": "",
      "_id": 91,
      "author_id": "not defined",
      "author_name": "Blackcoco Water",
      "helpful": "0",
      "polarity": "",
      "rate": 5,
      "response": "",
      "response_date": "",
      "review": "If slows down I reboot and clean with this app then freeze only good app",
      "review_date": [
        "June",
        "23",
        " 2018"
      ]
    },
    {
      "REQ_subtype": "",
      "REQ_type": "",
      "_id": 92,
      "author_id": "not defined",
      "author_name": "A Google user",
      "helpful": "0",
      "polarity": "",
      "rate": 5,
      "response": "",
      "response_date": "",
      "review": "At frist it seem to be checking my phone and not a lot else . Then it went \nto work . Its great .I'm very impressed",
      "review_date": [
        "June",
        "26",
        " 2018"
      ]
    },
    {
      "REQ_subtype": "",
      "REQ_type": "",
      "_id": 93,
      "author_id": "not defined",
      "author_name": "Daniel Stevens",
      "helpful": "0",
      "polarity": "",
      "rate": 5,
      "response": "",
      "response_date": "",
      "review": "I have used AVG for a few years now on my phone and PC and it gives me the \ntools and coverage I need.",
      "review_date": [
        "June",
        "30",
        " 2018"
      ]
    },
    {
      "REQ_subtype": "",
      "REQ_type": "",
      "_id": 94,
      "author_id": "not defined",
      "author_name": "A Google user",
      "helpful": "0",
      "polarity": "",
      "rate": 4,
      "response": "",
      "response_date": "",
      "review": "This is a good cleaner. I wish it didn't ask me every time if I want to \ndelete my pictures and apps.",
      "review_date": [
        "July",
        "16",
        " 2018"
      ]
    },
    {
      "REQ_subtype": "",
      "REQ_type": "",
      "_id": 95,
      "author_id": "not defined",
      "author_name": "A Google user",
      "helpful": "1",
      "polarity": "",
      "rate": 5,
      "response": "",
      "response_date": "",
      "review": "The app is very useful and user friendly. Recommended for maximizing phones \nperformance.",
      "review_date": [
        "July",
        "6",
        " 2018"
      ]
    },
    {
      "REQ_subtype": "",
      "REQ_type": "",
      "_id": 96,
      "author_id": "not defined",
      "author_name": "A Google user",
      "helpful": "0",
      "polarity": "",
      "rate": 3,
      "response": "",
      "response_date": "",
      "review": "Always love the avg Antivirus but the cleaner has way to many ads it's easy \nto navigate but the ads are crazy",
      "review_date": [
        "June",
        "26",
        " 2018"
      ]
    },
    {
      "REQ_subtype": "",
      "REQ_type": "",
      "_id": 97,
      "author_id": "not defined",
      "author_name": "Lyz QuietStorm1210 Miller",
      "helpful": "0",
      "polarity": "",
      "rate": 5,
      "response": "",
      "response_date": "",
      "review": "I love AVG apps ever since my brother highly suggested I use the anti virus \napp in 2013. Tha\u00f1ks AVG.",
      "review_date": [
        "June",
        "28",
        " 2018"
      ]
    },
    {
      "REQ_subtype": "",
      "REQ_type": "",
      "_id": 98,
      "author_id": "not defined",
      "author_name": "TwoReel Productions",
      "helpful": "0",
      "polarity": "",
      "rate": 4,
      "response": "",
      "response_date": "",
      "review": "I've had AVG free for years. Its mybfirst time paying. As of right now I \nlove it.",
      "review_date": [
        "June",
        "20",
        " 2018"
      ]
    },
    {
      "REQ_subtype": "",
      "REQ_type": "",
      "_id": 99,
      "author_id": "not defined",
      "author_name": "Tony Gurhy",
      "helpful": "1",
      "polarity": "",
      "rate": 5,
      "response": "",
      "response_date": "",
      "review": "This has helped me greatly",
      "review_date": [
        "June",
        "26",
        " 2018"
      ]
    },
    {
      "REQ_subtype": "",
      "REQ_type": "",
      "_id": 100,
      "author_id": "not defined",
      "author_name": "Tim Bell",
      "helpful": "0",
      "polarity": "",
      "rate": 5,
      "response": "",
      "response_date": "",
      "review": "Does what it should with little fuss.",
      "review_date": [
        "June",
        "18",
        " 2018"
      ]
    },
    {
      "REQ_subtype": "",
      "REQ_type": "",
      "_id": 101,
      "author_id": "not defined",
      "author_name": "Anak Kampung",
      "helpful": "0",
      "polarity": "",
      "rate": 5,
      "response": "",
      "response_date": "",
      "review": "have been using this app since ever and never regret downloaded it..it \nhelps alot",
      "review_date": [
        "July",
        "8",
        " 2018"
      ]
    },
    {
      "REQ_subtype": "",
      "REQ_type": "",
      "_id": 102,
      "author_id": "not defined",
      "author_name": "Michael Morgan",
      "helpful": "0",
      "polarity": "",
      "rate": 1,
      "response": "",
      "response_date": "",
      "review": "Pop up ads galore!",
      "review_date": [
        "June",
        "19",
        " 2018"
      ]
    },
    {
      "REQ_subtype": "",
      "REQ_type": "",
      "_id": 103,
      "author_id": "not defined",
      "author_name": "Darrell Taylor",
      "helpful": "1",
      "polarity": "",
      "rate": 4,
      "response": "",
      "response_date": "",
      "review": "It's good but the ads are annoying",
      "review_date": [
        "June",
        "24",
        " 2018"
      ]
    },
    {
      "REQ_subtype": "",
      "REQ_type": "",
      "_id": 104,
      "author_id": "not defined",
      "author_name": "Adrian Wilkinson",
      "helpful": "0",
      "polarity": "",
      "rate": 5,
      "response": "",
      "response_date": "",
      "review": "Had avg on my old computers.still got it on my new phones.never had a \nprpblem wot a virus oralware",
      "review_date": [
        "June",
        "15",
        " 2018"
      ]
    },
    {
      "REQ_subtype": "",
      "REQ_type": "",
      "_id": 105,
      "author_id": "not defined",
      "author_name": "Night Joker",
      "helpful": "2",
      "polarity": "",
      "rate": 5,
      "response": "",
      "response_date": "",
      "review": "Very good best I have used.",
      "review_date": [
        "July",
        "1",
        " 2018"
      ]
    },
    {
      "REQ_subtype": "",
      "REQ_type": "",
      "_id": 106,
      "author_id": "not defined",
      "author_name": "Esther Christapp",
      "helpful": "0",
      "polarity": "",
      "rate": 5,
      "response": "",
      "response_date": "",
      "review": "An app one can rely on...does its job perfectly. Thank for the developer!! \nI recommend it to all.",
      "review_date": [
        "June",
        "15",
        " 2018"
      ]
    },
    {
      "REQ_subtype": "",
      "REQ_type": "",
      "_id": 107,
      "author_id": "not defined",
      "author_name": "A Google user",
      "helpful": "0",
      "polarity": "",
      "rate": 5,
      "response": "",
      "response_date": "",
      "review": "Have used it for years on all my devices. It prompts me to clean up and \norganise",
      "review_date": [
        "July",
        "13",
        " 2018"
      ]
    },
    {
      "REQ_subtype": "",
      "REQ_type": "",
      "_id": 108,
      "author_id": "not defined",
      "author_name": "Georgiana Matei",
      "helpful": "1",
      "polarity": "",
      "rate": 5,
      "response": "",
      "response_date": "",
      "review": "It keeps my phone clean and eunning. Very pleased with it",
      "review_date": [
        "June",
        "21",
        " 2018"
      ]
    },
    {
      "REQ_subtype": "",
      "REQ_type": "",
      "_id": 109,
      "author_id": "not defined",
      "author_name": "Brian Myers",
      "helpful": "2",
      "polarity": "",
      "rate": 4,
      "response": "",
      "response_date": "",
      "review": "A trusted company with software that does its job.",
      "review_date": [
        "June",
        "22",
        " 2018"
      ]
    },
    {
      "REQ_subtype": "",
      "REQ_type": "",
      "_id": 110,
      "author_id": "not defined",
      "author_name": "Art Creator",
      "helpful": "0",
      "polarity": "",
      "rate": 4,
      "response": "",
      "response_date": "",
      "review": "All good but sometimes it hangs it's minor issue which can be easily fixed",
      "review_date": [
        "June",
        "26",
        " 2018"
      ]
    },
    {
      "REQ_subtype": "",
      "REQ_type": "",
      "_id": 111,
      "author_id": "not defined",
      "author_name": "A Google user",
      "helpful": "0",
      "polarity": "",
      "rate": 5,
      "response": "",
      "response_date": "",
      "review": "Excellent app, everything I need I one place, optimises my phone for \noptimum performance. 5 star *****",
      "review_date": [
        "July",
        "9",
        " 2018"
      ]
    },
    {
      "REQ_subtype": "",
      "REQ_type": "",
      "_id": 112,
      "author_id": "not defined",
      "author_name": "Perry Allemang",
      "helpful": "0",
      "polarity": "",
      "rate": 4,
      "response": "",
      "response_date": "",
      "review": "It's ok but I've still have a bug on my SD card it can't find.",
      "review_date": [
        "July",
        "8",
        " 2018"
      ]
    },
    {
      "REQ_subtype": "",
      "REQ_type": "",
      "_id": 113,
      "author_id": "not defined",
      "author_name": "A Google user",
      "helpful": "0",
      "polarity": "",
      "rate": 5,
      "response": "",
      "response_date": "",
      "review": "I upgraded to the Pro version. This app keeps my phone very clean. Still a \nhappy user here.",
      "review_date": [
        "July",
        "1",
        " 2018"
      ]
    },
    {
      "REQ_subtype": "",
      "REQ_type": "",
      "_id": 114,
      "author_id": "not defined",
      "author_name": "Gary Sparks",
      "helpful": "1",
      "polarity": "",
      "rate": 5,
      "response": "",
      "response_date": "",
      "review": "App is a good price I upgraded to get the best of the app",
      "review_date": [
        "July",
        "3",
        " 2018"
      ]
    },
    {
      "REQ_subtype": "",
      "REQ_type": "",
      "_id": 115,
      "author_id": "not defined",
      "author_name": "Prakhar Anand",
      "helpful": "1",
      "polarity": "",
      "rate": 1,
      "response": "",
      "response_date": "",
      "review": "Worst experience ever with this app",
      "review_date": [
        "July",
        "8",
        " 2018"
      ]
    },
    {
      "REQ_subtype": "",
      "REQ_type": "",
      "_id": 116,
      "author_id": "not defined",
      "author_name": "Patrick Casey",
      "helpful": "2",
      "polarity": "",
      "rate": 5,
      "response": "",
      "response_date": "",
      "review": "Keeps things cleaned up",
      "review_date": [
        "June",
        "22",
        " 2018"
      ]
    },
    {
      "REQ_subtype": "",
      "REQ_type": "",
      "_id": 117,
      "author_id": "not defined",
      "author_name": "mark douglass",
      "helpful": "0",
      "polarity": "",
      "rate": 5,
      "response": "",
      "response_date": "",
      "review": "Great app if you don't mind free version with adds but can pay for add free \nversion \ud83d\ude09",
      "review_date": [
        "July",
        "10",
        " 2018"
      ]
    },
    {
      "REQ_subtype": "",
      "REQ_type": "",
      "_id": 118,
      "author_id": "not defined",
      "author_name": "A Google user",
      "helpful": "0",
      "polarity": "",
      "rate": 5,
      "response": "",
      "response_date": "",
      "review": "My phone always hang,than I download this app to clean lo",
      "review_date": [
        "July",
        "7",
        " 2018"
      ]
    },
    {
      "REQ_subtype": "",
      "REQ_type": "",
      "_id": 119,
      "author_id": "not defined",
      "author_name": "Wine Bunny",
      "helpful": "0",
      "polarity": "",
      "rate": 5,
      "response": "",
      "response_date": "",
      "review": "It is awesome pro AVG cleaner or not! This also had a impact on my life to! \n10/10",
      "review_date": [
        "July",
        "10",
        " 2018"
      ]
    },
    {
      "REQ_subtype": "",
      "REQ_type": "",
      "_id": 120,
      "author_id": "not defined",
      "author_name": "Janice C",
      "helpful": "1",
      "polarity": "",
      "rate": 4,
      "response": "",
      "response_date": "",
      "review": "Great app. I have not had any issues.",
      "review_date": [
        "June",
        "29",
        " 2018"
      ]
    },
    {
      "REQ_subtype": "",
      "REQ_type": "",
      "_id": 121,
      "author_id": "not defined",
      "author_name": "Sherrie Smith",
      "helpful": "0",
      "polarity": "",
      "rate": 5,
      "response": "",
      "response_date": "",
      "review": "I have used this app for years and never had a problems with viruses.",
      "review_date": [
        "July",
        "5",
        " 2018"
      ]
    },
    {
      "REQ_subtype": "",
      "REQ_type": "",
      "_id": 122,
      "author_id": "not defined",
      "author_name": "Samuel Butler",
      "helpful": "1",
      "polarity": "",
      "rate": 5,
      "response": "",
      "response_date": "",
      "review": "Avg provides hands free protection. Enough said",
      "review_date": [
        "July",
        "1",
        " 2018"
      ]
    },
    {
      "REQ_subtype": "",
      "REQ_type": "",
      "_id": 123,
      "author_id": "not defined",
      "author_name": "Pellumbesha Dervishaj",
      "helpful": "1",
      "polarity": "",
      "rate": 5,
      "response": "",
      "response_date": "",
      "review": "This is very verv nice. I love this app",
      "review_date": [
        "June",
        "30",
        " 2018"
      ]
    },
    {
      "REQ_subtype": "",
      "REQ_type": "",
      "_id": 124,
      "author_id": "not defined",
      "author_name": "Daniel Mart",
      "helpful": "0",
      "polarity": "",
      "rate": 5,
      "response": "",
      "response_date": "",
      "review": "It's does a really good job at helping me keep my phone clean and safe.",
      "review_date": [
        "June",
        "21",
        " 2018"
      ]
    },
    {
      "REQ_subtype": "",
      "REQ_type": "",
      "_id": 125,
      "author_id": "not defined",
      "author_name": "A Google user",
      "helpful": "1",
      "polarity": "",
      "rate": 5,
      "response": "",
      "response_date": "",
      "review": "This app has clean my phone storage",
      "review_date": [
        "June",
        "28",
        " 2018"
      ]
    },
    {
      "REQ_subtype": "",
      "REQ_type": "",
      "_id": 126,
      "author_id": "not defined",
      "author_name": "Karen Peyer",
      "helpful": "0",
      "polarity": "",
      "rate": 5,
      "response": "",
      "response_date": "",
      "review": "Have it on all my electronics because I know it's safe and does the job of \nkeeping me safe.",
      "review_date": [
        "June",
        "16",
        " 2018"
      ]
    },
    {
      "REQ_subtype": "",
      "REQ_type": "",
      "_id": 127,
      "author_id": "not defined",
      "author_name": "A Google user",
      "helpful": "0",
      "polarity": "",
      "rate": 5,
      "response": "",
      "response_date": "",
      "review": "Only been using the app for few days but it looks solid",
      "review_date": [
        "July",
        "3",
        " 2018"
      ]
    },
    {
      "REQ_subtype": "",
      "REQ_type": "",
      "_id": 128,
      "author_id": "not defined",
      "author_name": "TheMineProGamer 914",
      "helpful": "0",
      "polarity": "",
      "rate": 5,
      "response": "",
      "response_date": "",
      "review": "I have always used AVG on my phone and laptops, I recommend it to anyone \nwilling to listen.",
      "review_date": [
        "July",
        "15",
        " 2018"
      ]
    },
    {
      "REQ_subtype": "",
      "REQ_type": "",
      "_id": 129,
      "author_id": "not defined",
      "author_name": "Alan Mackenzie",
      "helpful": "0",
      "polarity": "",
      "rate": 5,
      "response": "",
      "response_date": "",
      "review": "Faultless. Used AVG for years on multiple devices and wouldn't use any \nother. Reliability is second to none.",
      "review_date": [
        "July",
        "14",
        " 2018"
      ]
    },
    {
      "REQ_subtype": "",
      "REQ_type": "",
      "_id": 130,
      "author_id": "not defined",
      "author_name": "Lee Birbeck",
      "helpful": "0",
      "polarity": "",
      "rate": 5,
      "response": "",
      "response_date": "",
      "review": "OK dose what it's mean to do really I'd say its ok",
      "review_date": [
        "June",
        "21",
        " 2018"
      ]
    },
    {
      "REQ_subtype": "",
      "REQ_type": "",
      "_id": 131,
      "author_id": "not defined",
      "author_name": "PJ Kazpa",
      "helpful": "0",
      "polarity": "",
      "rate": 5,
      "response": "",
      "response_date": "",
      "review": "Why would I buy ice when i know it melts, over hot coals, see for yourself!",
      "review_date": [
        "July",
        "13",
        " 2018"
      ]
    },
    {
      "REQ_subtype": "",
      "REQ_type": "",
      "_id": 132,
      "author_id": "not defined",
      "author_name": "A Google user",
      "helpful": "0",
      "polarity": "",
      "rate": 5,
      "response": "",
      "response_date": "",
      "review": "I have used AVG for my computers and phones for years and I will never use \nanything else",
      "review_date": [
        "June",
        "18",
        " 2018"
      ]
    },
    {
      "REQ_subtype": "",
      "REQ_type": "",
      "_id": 133,
      "author_id": "not defined",
      "author_name": "Linda Byford",
      "helpful": "1",
      "polarity": "",
      "rate": 5,
      "response": "",
      "response_date": "",
      "review": "Seems to work very well. Pleased so far.",
      "review_date": [
        "June",
        "25",
        " 2018"
      ]
    },
    {
      "REQ_subtype": "",
      "REQ_type": "",
      "_id": 134,
      "author_id": "not defined",
      "author_name": "saul Garay",
      "helpful": "0",
      "polarity": "",
      "rate": 5,
      "response": "",
      "response_date": "",
      "review": "Great to keep your battery life last longer, keeps your cashes cleaned and \nkeeps your phone speed up",
      "review_date": [
        "June",
        "17",
        " 2018"
      ]
    },
    {
      "REQ_subtype": "",
      "REQ_type": "",
      "_id": 135,
      "author_id": "not defined",
      "author_name": "A Google user",
      "helpful": "0",
      "polarity": "",
      "rate": 5,
      "response": "",
      "response_date": "",
      "review": "Very easy to use and s a great tool that has my tablet running very well.",
      "review_date": [
        "July",
        "9",
        " 2018"
      ]
    },
    {
      "REQ_subtype": "",
      "REQ_type": "",
      "_id": 136,
      "author_id": "not defined",
      "author_name": "La Lamb",
      "helpful": "0",
      "polarity": "",
      "rate": 5,
      "response": "",
      "response_date": "",
      "review": "The only cleaner/memory and speed booster I have used that doesn't suck! \nYay for AVG!!!",
      "review_date": [
        "July",
        "1",
        " 2018"
      ]
    },
    {
      "REQ_subtype": "",
      "REQ_type": "",
      "_id": 137,
      "author_id": "not defined",
      "author_name": "Patricia Wayne",
      "helpful": "0",
      "polarity": "",
      "rate": 5,
      "response": "",
      "response_date": "",
      "review": "My family has always used AVG on every device. Awesome! Has always \nprotected us!",
      "review_date": [
        "July",
        "4",
        " 2018"
      ]
    },
    {
      "REQ_subtype": "",
      "REQ_type": "",
      "_id": 138,
      "author_id": "not defined",
      "author_name": "scotty wilkins",
      "helpful": "0",
      "polarity": "",
      "rate": 3,
      "response": "",
      "response_date": "",
      "review": "It is good for free but it keeps going on the payment screen",
      "review_date": [
        "July",
        "8",
        " 2018"
      ]
    },
    {
      "REQ_subtype": "",
      "REQ_type": "",
      "_id": 139,
      "author_id": "not defined",
      "author_name": "Peter Bubb",
      "helpful": "0",
      "polarity": "",
      "rate": 5,
      "response": "",
      "response_date": "",
      "review": "perfet app does what it says dont change thank you",
      "review_date": [
        "July",
        "4",
        " 2018"
      ]
    },
    {
      "REQ_subtype": "",
      "REQ_type": "",
      "_id": 140,
      "author_id": "not defined",
      "author_name": "Terry Beranak",
      "helpful": "0",
      "polarity": "",
      "rate": 5,
      "response": "",
      "response_date": "",
      "review": "Antivirus app that I can count on at home and on my phone.",
      "review_date": [
        "July",
        "11",
        " 2018"
      ]
    },
    {
      "REQ_subtype": "",
      "REQ_type": "",
      "_id": 141,
      "author_id": "not defined",
      "author_name": "A Google user",
      "helpful": "1",
      "polarity": "",
      "rate": 4,
      "response": "",
      "response_date": "",
      "review": "Still new to it so ?",
      "review_date": [
        "June",
        "21",
        " 2018"
      ]
    },
    {
      "REQ_subtype": "",
      "REQ_type": "",
      "_id": 142,
      "author_id": "not defined",
      "author_name": "Mark Murphy",
      "helpful": "0",
      "polarity": "",
      "rate": 5,
      "response": "",
      "response_date": "",
      "review": "Works well.. while the premium app is obviously better the free version \nworks just fine",
      "review_date": [
        "June",
        "15",
        " 2018"
      ]
    },
    {
      "REQ_subtype": "",
      "REQ_type": "",
      "_id": 143,
      "author_id": "not defined",
      "author_name": "A Google user",
      "helpful": "0",
      "polarity": "",
      "rate": 5,
      "response": "",
      "response_date": "",
      "review": "Used for years and always go back as others are always full of ads",
      "review_date": [
        "July",
        "15",
        " 2018"
      ]
    },
    {
      "REQ_subtype": "",
      "REQ_type": "",
      "_id": 144,
      "author_id": "not defined",
      "author_name": "Dixit Bhabhor",
      "helpful": "0",
      "polarity": "",
      "rate": 3,
      "response": "",
      "response_date": "",
      "review": "Not that great apps .",
      "review_date": [
        "July",
        "1",
        " 2018"
      ]
    },
    {
      "REQ_subtype": "",
      "REQ_type": "",
      "_id": 145,
      "author_id": "not defined",
      "author_name": "Danny John",
      "helpful": "0",
      "polarity": "",
      "rate": 5,
      "response": "",
      "response_date": "",
      "review": "One of the best virus checkers around, been using AVG for over 12 years.",
      "review_date": [
        "June",
        "28",
        " 2018"
      ]
    },
    {
      "REQ_subtype": "",
      "REQ_type": "",
      "_id": 146,
      "author_id": "not defined",
      "author_name": "JuSt icE",
      "helpful": "0",
      "polarity": "",
      "rate": 4,
      "response": "",
      "response_date": "",
      "review": "I just have to say what do you expect for free if you want more remember \nyou get what you paid for",
      "review_date": [
        "July",
        "4",
        " 2018"
      ]
    },
    {
      "REQ_subtype": "",
      "REQ_type": "",
      "_id": 147,
      "author_id": "not defined",
      "author_name": "Fabio Nalin",
      "helpful": "0",
      "polarity": "",
      "rate": 5,
      "response": "",
      "response_date": "",
      "review": "Easy way to clean junk and keep phone running smooth",
      "review_date": [
        "June",
        "23",
        " 2018"
      ]
    },
    {
      "REQ_subtype": "",
      "REQ_type": "",
      "_id": 148,
      "author_id": "not defined",
      "author_name": "James Pollard",
      "helpful": "0",
      "polarity": "",
      "rate": 5,
      "response": "",
      "response_date": "",
      "review": "Nice update Works on moto g6 plus so far keep up the good work",
      "review_date": [
        "June",
        "27",
        " 2018"
      ]
    },
    {
      "REQ_subtype": "",
      "REQ_type": "",
      "_id": 149,
      "author_id": "not defined",
      "author_name": "PUNEET JADAUN",
      "helpful": "0",
      "polarity": "",
      "rate": 4,
      "response": "",
      "response_date": "",
      "review": "Good but the adds irritate me alot",
      "review_date": [
        "July",
        "7",
        " 2018"
      ]
    },
    {
      "REQ_subtype": "",
      "REQ_type": "",
      "_id": 150,
      "author_id": "not defined",
      "author_name": "Patrick Hentges",
      "helpful": "0",
      "polarity": "",
      "rate": 4,
      "response": "",
      "response_date": "",
      "review": "Much easier to use and more comprehensive than native file management \nsoftware included with phone",
      "review_date": [
        "June",
        "29",
        " 2018"
      ]
    },
    {
      "REQ_subtype": "",
      "REQ_type": "",
      "_id": 151,
      "author_id": "not defined",
      "author_name": "Ellen Nelson",
      "helpful": "0",
      "polarity": "",
      "rate": 5,
      "response": "",
      "response_date": "",
      "review": "Just started it. Like the avg virus app. So will see if this equals out to \nthat",
      "review_date": [
        "July",
        "11",
        " 2018"
      ]
    },
    {
      "REQ_subtype": "",
      "REQ_type": "",
      "_id": 152,
      "author_id": "not defined",
      "author_name": "Brian Gould",
      "helpful": "0",
      "polarity": "",
      "rate": 5,
      "response": "",
      "response_date": "",
      "review": "Seems to get the job done without a lot of drama.",
      "review_date": [
        "June",
        "24",
        " 2018"
      ]
    },
    {
      "REQ_subtype": "",
      "REQ_type": "",
      "_id": 153,
      "author_id": "not defined",
      "author_name": "Elizabeth Graham",
      "helpful": "0",
      "polarity": "",
      "rate": 5,
      "response": "",
      "response_date": "",
      "review": "AVG is the best product out there! I've never used any other product! And \nnever will!",
      "review_date": [
        "June",
        "15",
        " 2018"
      ]
    },
    {
      "REQ_subtype": "",
      "REQ_type": "",
      "_id": 154,
      "author_id": "not defined",
      "author_name": "Richard Smith",
      "helpful": "0",
      "polarity": "",
      "rate": 5,
      "response": "",
      "response_date": "",
      "review": "To dam slow.",
      "review_date": [
        "June",
        "15",
        " 2018"
      ]
    },
    {
      "REQ_subtype": "",
      "REQ_type": "",
      "_id": 155,
      "author_id": "not defined",
      "author_name": "Jim Orwell",
      "helpful": "1",
      "polarity": "",
      "rate": 5,
      "response": "",
      "response_date": "",
      "review": "Great app worth paying for pro version",
      "review_date": [
        "June",
        "26",
        " 2018"
      ]
    },
    {
      "REQ_subtype": "",
      "REQ_type": "",
      "_id": 156,
      "author_id": "not defined",
      "author_name": "A Google user",
      "helpful": "1",
      "polarity": "",
      "rate": 5,
      "response": "",
      "response_date": "",
      "review": "Great app been using over years",
      "review_date": [
        "June",
        "22",
        " 2018"
      ]
    },
    {
      "REQ_subtype": "",
      "REQ_type": "",
      "_id": 157,
      "author_id": "not defined",
      "author_name": "Scott Smith",
      "helpful": "0",
      "polarity": "",
      "rate": 1,
      "response": "",
      "response_date": "",
      "review": "Free version FULL OF ADS in e wry available screen space. Uninstalled",
      "review_date": [
        "July",
        "7",
        " 2018"
      ]
    },
    {
      "REQ_subtype": "",
      "REQ_type": "",
      "_id": 158,
      "author_id": "not defined",
      "author_name": "Peter Ridler",
      "helpful": "0",
      "polarity": "",
      "rate": 5,
      "response": "",
      "response_date": "",
      "review": "This works so far as I can tell.",
      "review_date": [
        "July",
        "10",
        " 2018"
      ]
    },
    {
      "REQ_subtype": "",
      "REQ_type": "",
      "_id": 159,
      "author_id": "not defined",
      "author_name": "Dylan Fill Gaming",
      "helpful": "0",
      "polarity": "",
      "rate": 5,
      "response": "",
      "response_date": "",
      "review": "Cuse it gave me back more GB",
      "review_date": [
        "June",
        "24",
        " 2018"
      ]
    }
  ],
  "size": "24",
  "url": "https://play.google.com/store/apps/details?id=com.avg.cleaner",
  "version": "4.6.4"
}