{
  "categories": [
    "Productivity"
  ],
  "description": "A powerful, yet simple and logical productivity framework. Much more elaborate than usual todo/task apps. Helps you understand what to do, why you need to do it, and then do it.Like everything in life, requires some learning investment.The idea is:1. Write what is your mission in life. 2. Write down what concerns you have and which ones you can influence - visualize them in the circles.3. Define your roles. Look at your life from different points. 4. Set the goals you want to reach for each role. You can set long-term or short-term goals.5. Define concrete steps - actions. You can have a single step actions, or you can define complex, multi-level project, or simple checklists. 6. Prioritize your actions using 2x2 matrix (a.k.a. Eisenhower matrix).7. Assign tasks to week days (use weekly planning). Use recurrences and reminders.8. Use Workodoro to fight procrastination (when you need to).Features:+ Define your principles with mission statement+ Remove distractions with Influences/Concerns+ Goal setting+ Create a comprehensive action plan+ Set your priorities+ Put the tasks into Projects/Actions/Checklists+ Manage tasks recurrences and reminders.+ Use weekly plan view for week actions and week goals!+ Concentrate on the next action + Fight procrastination with the Workodoro pomodoro timer+ Keep your notes, thoughts, ideas nearby+ Backup to and restore from Google Drive\u2122If you have issues, feedback or a simple thought about the application that you want to share with us, we are very happy to get that. Please, send them to ksasdk@gmail.com, or write them anywhere in the http://andtek.blogspot.com, or within the review comments. The feedback from you is very welcome!Account permissions are required for Google API access.",
  "inc": "AndTek: Productivity Tools",
  "intalled_count": "500,000",
  "last_update": [
    "July",
    "14",
    " 2018"
  ],
  "name": "My Effectiveness: To do, Tasks",
  "offered_by": "Google Commerce Ltd",
  "permissions": {
    "Identity": [
      "find accounts on the device",
      "add or remove accounts"
    ],
    "Contacts": [
      "find accounts on the device"
    ],
    "Photos/Media/Files": [
      "read the contents of your USB storage",
      "modify or delete the contents of your USB storage"
    ],
    "Storage": [
      "read the contents of your USB storage",
      "modify or delete the contents of your USB storage"
    ],
    "Other": [
      "receive data from Internet",
      "view network connections",
      "full network access",
      "run at startup",
      "use accounts on the device",
      "control vibration",
      "prevent device from sleeping"
    ]
  },
  "price": "",
  "rate": [
    [
      "14,016",
      "4.6"
    ],
    [
      "10,322",
      "5"
    ],
    [
      "2,499",
      "4"
    ],
    [
      "698",
      "3"
    ],
    [
      "250",
      "2"
    ],
    [
      "247",
      "1"
    ]
  ],
  "required_android": "4.1",
  "reviews": [
    {
      "REQ_subtype": "",
      "REQ_type": "",
      "_id": 0,
      "author_id": "not defined",
      "author_name": "Amy Phoenix",
      "helpful": "1",
      "polarity": "",
      "rate": 5,
      "response": "",
      "response_date": "",
      "review": "I'm just getting started with this app but it is a very clean, clear \ninterface with several options for living life intentionally. Thank you \nvery much for offering this as a free resource to live one's life on \npurpose.",
      "review_date": [
        "July",
        "14",
        " 2018"
      ]
    },
    {
      "REQ_subtype": "",
      "REQ_type": "",
      "_id": 1,
      "author_id": "not defined",
      "author_name": "shreyas sastry",
      "helpful": "8",
      "polarity": "",
      "rate": 5,
      "response": "",
      "response_date": "",
      "review": "Didn't expect a to-do app to force me to think through my mission (telling \nme it's ok if I'm wrong and I'll have to keep having a re-look \nperiodically), roles I play in my life and the goals I try to accomplish as \nI play those roles. Thinking through in a structured way like this to add \ntasks/activities is making me better. Thank you!",
      "review_date": [
        "May",
        "11",
        " 2018"
      ]
    },
    {
      "REQ_subtype": "",
      "REQ_type": "",
      "_id": 2,
      "author_id": "not defined",
      "author_name": "shittu oluwatobi",
      "helpful": "6",
      "polarity": "",
      "rate": 4,
      "response": "",
      "response_date": "",
      "review": "It's a great app. Really useful but I believe it could better, I want to \nsee it get better, I think a feature like a journal where you log your day \nto day affairs based on your goals or roles should be added. Here, all your \ndaily concerns, hindrances and 'little wins' could be added. All in all, \nit's a great app",
      "review_date": [
        "May",
        "27",
        " 2018"
      ]
    },
    {
      "REQ_subtype": "",
      "REQ_type": "",
      "_id": 3,
      "author_id": "not defined",
      "author_name": "Timothy Fenwick",
      "helpful": "0",
      "polarity": "",
      "rate": 4,
      "response": "",
      "response_date": "",
      "review": "It's a great app, very fluid and quick interface. My only complaint is the \ncolor scheme. It changed recently to use differing colors for each day. Of \ncourse it's subjective but seems a little distracting, because the first \nthought when seeing a different color scheme is that the behavior is \ndifferent. Associating the color of the page frames with feature \n(notes-blue, role-red, etc) was more intuitive and I think provided more \nconsistency from a psychological perspective. Seeing the same color per day \nso far hasn't given me any benefit as far as quick association of color to \nday, but color to feature was helpful in navigating/learning what is a \nrather intricate (and nicely made!) app.",
      "review_date": [
        "July",
        "15",
        " 2018"
      ]
    },
    {
      "REQ_subtype": "",
      "REQ_type": "",
      "_id": 4,
      "author_id": "not defined",
      "author_name": "teyseer al-zaky",
      "helpful": "6",
      "polarity": "",
      "rate": 4,
      "response": "",
      "response_date": "",
      "review": "I never thought that I would be able to apply what I had read on the book \nof first things first, but thanks to this app from the first glance I \nsensed the light at the end of the tunnel. But you still need to work on \nthe design a little bit.",
      "review_date": [
        "May",
        "10",
        " 2018"
      ]
    },
    {
      "REQ_subtype": "",
      "REQ_type": "",
      "_id": 5,
      "author_id": "not defined",
      "author_name": "Elizabeth Amacher-Robinson",
      "helpful": "12",
      "polarity": "",
      "rate": 5,
      "response": "",
      "response_date": "",
      "review": "The app is fantastic, but there needs to be a way to get rid of these ads. \nIt makes the app nearly useless and annoying as heck! Subscription or Pro \nanything please.",
      "review_date": [
        "May",
        "9",
        " 2018"
      ]
    },
    {
      "REQ_subtype": "",
      "REQ_type": "",
      "_id": 6,
      "author_id": "not defined",
      "author_name": "Debra Jabs",
      "helpful": "3",
      "polarity": "",
      "rate": 5,
      "response": "",
      "response_date": "",
      "review": "This app starts out by making you dig deep introspectively to put your \ngoals in life and work into concise statements. You cannot be productive if \nyou don't know what want to accomplis!",
      "review_date": [
        "May",
        "22",
        " 2018"
      ]
    },
    {
      "REQ_subtype": "",
      "REQ_type": "",
      "_id": 7,
      "author_id": "not defined",
      "author_name": "Mac Karlekar",
      "helpful": "2",
      "polarity": "",
      "rate": 5,
      "response": "",
      "response_date": "",
      "review": "I used Eisenhower + Google calendar + keep + sticky notes + task manager \n-so many things to manage and prioritise work. This seems to be the one \ntool you need. Still in 1st week but going good.",
      "review_date": [
        "May",
        "14",
        " 2018"
      ]
    },
    {
      "REQ_subtype": "",
      "REQ_type": "",
      "_id": 8,
      "author_id": "not defined",
      "author_name": "Kymberlyn Valbuena",
      "helpful": "0",
      "polarity": "",
      "rate": 5,
      "response": "",
      "response_date": "",
      "review": "I don't do a review but I can't resist. Good job guys, loved it. Though \nother apps have better design aesthetics, still the content wins. In fact, \nI'm using it right now. GOD bless!! \ud83d\ude0a\ud83d\ude0a",
      "review_date": [
        "June",
        "26",
        " 2018"
      ]
    },
    {
      "REQ_subtype": "",
      "REQ_type": "",
      "_id": 9,
      "author_id": "not defined",
      "author_name": "Nab Z",
      "helpful": "5",
      "polarity": "",
      "rate": 5,
      "response": "",
      "response_date": "",
      "review": "This combines many of the effectiveness techniques. I really like the app \nalready. But there's still a lot of scope for improvement. 1. Easy sync \nwith Google drive. 2. Multiple first things first squares. 3. Customisation \nof the main screen. Etc.",
      "review_date": [
        "May",
        "4",
        " 2018"
      ]
    },
    {
      "REQ_subtype": "",
      "REQ_type": "",
      "_id": 10,
      "author_id": "not defined",
      "author_name": "Corentin Bonnepart",
      "helpful": "1",
      "polarity": "",
      "rate": 4,
      "response": "We actually mentioned him always, until at some point we couldn't because of the copyright stuff :)",
      "response_date": [
        "June",
        "27",
        " 2018"
      ],
      "review": "Great app, but I believe it is unfair not to mention the guy who inspired \nyou to create this: Stephen R. Covey and his book \"The 7 Habits of Highly \nEffective People\". Please give him some credit, because clearly this app \nwould not exist without his work.",
      "review_date": [
        "June",
        "27",
        " 2018"
      ]
    },
    {
      "REQ_subtype": "",
      "REQ_type": "",
      "_id": 11,
      "author_id": "not defined",
      "author_name": "Kaelyn Petra",
      "helpful": "4",
      "polarity": "",
      "rate": 4,
      "response": "",
      "response_date": "",
      "review": "Effective. Super Useful tool. but is there a way to change the quardrant \ncolors? I always feel like Red and Orange must be for Importances. Blue and \nGreen in vice versa. EDIT : I really want to pay at any suitable price to \nsupport the dev but please consider one time in app purchase for full \nversion.",
      "review_date": [
        "May",
        "5",
        " 2018"
      ]
    },
    {
      "REQ_subtype": "",
      "REQ_type": "",
      "_id": 12,
      "author_id": "not defined",
      "author_name": "A Google user",
      "helpful": "0",
      "polarity": "",
      "rate": 2,
      "response": "",
      "response_date": "",
      "review": "The first things first colouring doesn't match with the typical colour used \nin business(Red, Amber, green). Red is important/urgent and green is not \nurgent not important",
      "review_date": [
        "June",
        "15",
        " 2018"
      ]
    },
    {
      "REQ_subtype": "",
      "REQ_type": "",
      "_id": 13,
      "author_id": "not defined",
      "author_name": "Jakes Joubert",
      "helpful": "1",
      "polarity": "",
      "rate": 5,
      "response": "",
      "response_date": "",
      "review": "Who is the mastermind behind this? This guy really understands the working \nof my brain! I choose the role based on what I feel like doing now - then \nchoose which goal to focus on and then the actions can start rolling! The \nbest app in the world!",
      "review_date": [
        "June",
        "5",
        " 2018"
      ]
    },
    {
      "REQ_subtype": "",
      "REQ_type": "",
      "_id": 14,
      "author_id": "not defined",
      "author_name": "A Google user",
      "helpful": "2",
      "polarity": "",
      "rate": 5,
      "response": "",
      "response_date": "",
      "review": "This is The most Perfect Well Organized Goals Reminder Apps I have Seen. \nSimple And Precise. Dumbs up to the brains behind this great project. Thank \nyou",
      "review_date": [
        "June",
        "8",
        " 2018"
      ]
    },
    {
      "REQ_subtype": "",
      "REQ_type": "",
      "_id": 15,
      "author_id": "not defined",
      "author_name": "Girish Deshpande",
      "helpful": "0",
      "polarity": "",
      "rate": 5,
      "response": "",
      "response_date": "",
      "review": "App really has everything one needs to organise one's life around his or \nher goals. It has have a great impact on my life. I feel energised, light \nand worry-free, like never before. Bless you dear developer for making this \naap, keeping it free and everything else!",
      "review_date": [
        "June",
        "17",
        " 2018"
      ]
    },
    {
      "REQ_subtype": "",
      "REQ_type": "",
      "_id": 16,
      "author_id": "not defined",
      "author_name": "Belinda Mitchell",
      "helpful": "1",
      "polarity": "",
      "rate": 4,
      "response": "",
      "response_date": "",
      "review": "It is a great app that does everything I need it to do. Thank you!!! \nUpdate: I took a star because I would rather pay for the app instead of \nhaving ads. Please make this option available.",
      "review_date": [
        "May",
        "18",
        " 2018"
      ]
    },
    {
      "REQ_subtype": "",
      "REQ_type": "",
      "_id": 17,
      "author_id": "not defined",
      "author_name": "Julie Hatton",
      "helpful": "0",
      "polarity": "",
      "rate": 5,
      "response": "",
      "response_date": "",
      "review": "As good as it gets. \ud83d\ude0a This app is versatile, comprehensive and yet feels \n\"compact\" thanks to its clever design. It makes organisation easy and \nenjoyable. It has all essentials including backup, reminders, priorities \netc....along with the wonderful Pomodoro and Eisenhower grid. Only \nimprovements would be a paid version to remove ads (which are so discreet \nthey're almost not noticed) and the option to change the colours of the \nEisenhower boxes. Just love this app. Seriously the best organisation app \nout there, and I've tried hundreds. \ud83d\udc95",
      "review_date": [
        "May",
        "6",
        " 2018"
      ]
    },
    {
      "REQ_subtype": "",
      "REQ_type": "",
      "_id": 18,
      "author_id": "not defined",
      "author_name": "kareem aldeek",
      "helpful": "1",
      "polarity": "",
      "rate": 4,
      "response": "",
      "response_date": "",
      "review": "Great app I like it but i wish if i could have more control on colours and \nfonts & when i move between menu i have to press back button like thousand \ntime to exit the app",
      "review_date": [
        "May",
        "6",
        " 2018"
      ]
    },
    {
      "REQ_subtype": "",
      "REQ_type": "",
      "_id": 19,
      "author_id": "not defined",
      "author_name": "Jinx Wilson",
      "helpful": "1",
      "polarity": "",
      "rate": 5,
      "response": "",
      "response_date": "",
      "review": "Just got it last night and I love it. There's a bit of a learning curve but so far so good.   It's so different from other productivity apps in that it offers a way to thoroughly and logically prioritize your task list that ALSO incorporates the proportional pat on the back that helps keep one going (that so many others overlook).   It seems to come more from a helpful therapeutic place, using many different methods of helping one prioritize, instead of \"one size fits all\" checklisting.  The only things I can think that would improve it would be: -Desktop and smart watch accessibility -Ability to import tasks/ lists/ calendar/ from other apps (Google, esp) -Ability to work with fitness apps (like Fit) and nutrition apps (like SparkPeople)  Even if those are/could be just premium features, I could DEF see myself paying for the upgrade, which is something I reserve for only for the few apps that are the most integral to my daily life.  Overall, I really look forward to getting more involved with it and seeing what my therapist thinks of it, too.   Thank you! <3",
      "review_date": [
        "June",
        "22",
        " 2018"
      ]
    },
    {
      "REQ_subtype": "",
      "REQ_type": "",
      "_id": 20,
      "author_id": "not defined",
      "author_name": "monmon lml",
      "helpful": "0",
      "polarity": "",
      "rate": 4,
      "response": "",
      "response_date": "",
      "review": "can you make it possible to rpeat actions for number of days like after 3 \ndays or 2 days ? . Also Please translate to Arabic language",
      "review_date": [
        "June",
        "30",
        " 2018"
      ]
    },
    {
      "REQ_subtype": "",
      "REQ_type": "",
      "_id": 21,
      "author_id": "not defined",
      "author_name": "Jithin V Joy",
      "helpful": "1",
      "polarity": "",
      "rate": 1,
      "response": "",
      "response_date": "",
      "review": "Sent an email to the developer regarding a bug/ issue found in the app. But \nthey never mind it. No response from the developer. So giving one star only.",
      "review_date": [
        "May",
        "7",
        " 2018"
      ]
    },
    {
      "REQ_subtype": "",
      "REQ_type": "",
      "_id": 22,
      "author_id": "not defined",
      "author_name": "A Google user",
      "helpful": "3",
      "polarity": "",
      "rate": 5,
      "response": "",
      "response_date": "",
      "review": "Pls include image attachment for goals and tasks. Also include \"start date\" \noption. And \"finish date\" option as well Thanks for adding the date \noptions. Can we put bookmarks",
      "review_date": [
        "May",
        "7",
        " 2018"
      ]
    },
    {
      "REQ_subtype": "",
      "REQ_type": "",
      "_id": 23,
      "author_id": "not defined",
      "author_name": "Arv Bhagan",
      "helpful": "0",
      "polarity": "",
      "rate": 5,
      "response": "",
      "response_date": "",
      "review": "Very well organised, so it helps organise ones life. suggest to add the \nlife wheel feature eith periodic updates so a person can assess how the \neffectiveness is affecting personal well-being.",
      "review_date": [
        "July",
        "13",
        " 2018"
      ]
    },
    {
      "REQ_subtype": "",
      "REQ_type": "",
      "_id": 24,
      "author_id": "not defined",
      "author_name": "Vadims Kirilovs",
      "helpful": "0",
      "polarity": "",
      "rate": 4,
      "response": "",
      "response_date": "",
      "review": "\u0421\u0440\u0430\u0437\u0443 \u0432\u0438\u0434\u043d\u043e \u0448\u0442\u043e \u043d\u0430\u0448\u0438 \u0434\u0435\u043b\u0430\u043b\u0438, \u0441\u0443\u043f\u0435\u0440 \u0432\u0441\u0435 \u043e\u0447\u0435\u043d\u044c \u043f\u043e\u043d\u0440\u0430\u0432\u0438\u043b\u043e\u0441\u044c \u043f\u0440\u043e\u0441\u0442\u043e \u043f\u043e\u043b\u044c\u0437\u043e\u0432\u0430\u043b\u0441\u044f \n\u043d\u043e \u043d\u0430\u0434\u043e \u0448\u0442\u043e\u0442\u043e \u0441\u0434\u0435\u043b\u0430\u0442\u044c \u0441 \u0440\u0435\u043a\u043b\u0430\u043c\u043e\u0439 \u0432 \u043f\u0440\u043e\u0433\u0440\u0430\u043c\u043c\u0435 \u043d\u0435\u0442\u0443 \u0432\u043e\u0437\u043c\u043e\u0436\u043d\u043e\u0441\u0442\u0438 \u0443\u0434\u0430\u043b\u0438\u0442\u044c!",
      "review_date": [
        "June",
        "12",
        " 2018"
      ]
    },
    {
      "REQ_subtype": "",
      "REQ_type": "",
      "_id": 25,
      "author_id": "not defined",
      "author_name": "A Google user",
      "helpful": "0",
      "polarity": "",
      "rate": 4,
      "response": "",
      "response_date": "",
      "review": "One of the Best and Most Effective Productivity Apps. It would be even \nbetter if it can include the habit tracker/ Action & Performance review \nGraph",
      "review_date": [
        "April",
        "30",
        " 2018"
      ]
    },
    {
      "REQ_subtype": "",
      "REQ_type": "",
      "_id": 26,
      "author_id": "not defined",
      "author_name": "A Google user",
      "helpful": "0",
      "polarity": "",
      "rate": 5,
      "response": "",
      "response_date": "",
      "review": "Awesome app. First time I have ever put a review. This is a must app but \nyou have to take advantage of the entire functionality and read the books!",
      "review_date": [
        "June",
        "20",
        " 2018"
      ]
    },
    {
      "REQ_subtype": "",
      "REQ_type": "",
      "_id": 27,
      "author_id": "not defined",
      "author_name": "Dayal Saran Chundi",
      "helpful": "1",
      "polarity": "",
      "rate": 5,
      "response": "",
      "response_date": "",
      "review": "Good job. For students, if you provide study targets, it will be more \nuseful.",
      "review_date": [
        "May",
        "12",
        " 2018"
      ]
    },
    {
      "REQ_subtype": "",
      "REQ_type": "",
      "_id": 28,
      "author_id": "not defined",
      "author_name": "Prabhu Ram",
      "helpful": "1",
      "polarity": "",
      "rate": 4,
      "response": "",
      "response_date": "",
      "review": "All good. Should have Google signin and be ads free. We can pay for ad free",
      "review_date": [
        "May",
        "25",
        " 2018"
      ]
    },
    {
      "REQ_subtype": "",
      "REQ_type": "",
      "_id": 29,
      "author_id": "not defined",
      "author_name": "Ruben Rivera",
      "helpful": "0",
      "polarity": "",
      "rate": 5,
      "response": "",
      "response_date": "",
      "review": "It is simple to use, and follows the rapid planning method. This makes it a \nstraight forward transition. Great job.",
      "review_date": [
        "May",
        "14",
        " 2018"
      ]
    },
    {
      "REQ_subtype": "",
      "REQ_type": "",
      "_id": 30,
      "author_id": "not defined",
      "author_name": "Sorin Ghinescu",
      "helpful": "0",
      "polarity": "",
      "rate": 1,
      "response": "",
      "response_date": "",
      "review": "Looking for a paid version with no ads, then i will give 5 stars",
      "review_date": [
        "May",
        "13",
        " 2018"
      ]
    },
    {
      "REQ_subtype": "",
      "REQ_type": "",
      "_id": 31,
      "author_id": "not defined",
      "author_name": "Ibnu Said",
      "helpful": "0",
      "polarity": "",
      "rate": 5,
      "response": "",
      "response_date": "",
      "review": "Please add feature sync with Google calendar",
      "review_date": [
        "July",
        "8",
        " 2018"
      ]
    },
    {
      "REQ_subtype": "",
      "REQ_type": "",
      "_id": 32,
      "author_id": "not defined",
      "author_name": "Clem Reyes",
      "helpful": "0",
      "polarity": "",
      "rate": 5,
      "response": "",
      "response_date": "",
      "review": "Very well built for effectiveness May need a print option besides the share \nselection",
      "review_date": [
        "May",
        "31",
        " 2018"
      ]
    },
    {
      "REQ_subtype": "",
      "REQ_type": "",
      "_id": 33,
      "author_id": "not defined",
      "author_name": "Pratap Shinde",
      "helpful": "0",
      "polarity": "",
      "rate": 2,
      "response": "",
      "response_date": "",
      "review": "There is alarms from app for the actions.. please do the needful. Although \napp is very nice",
      "review_date": [
        "June",
        "19",
        " 2018"
      ]
    },
    {
      "REQ_subtype": "",
      "REQ_type": "",
      "_id": 34,
      "author_id": "not defined",
      "author_name": "Manohar T K",
      "helpful": "0",
      "polarity": "",
      "rate": 5,
      "response": "",
      "response_date": "",
      "review": "Fantastic app.. refer to developer's blog to understand how to use it.. \nvery feature rich app.. I'm loving it..",
      "review_date": [
        "May",
        "1",
        " 2018"
      ]
    },
    {
      "REQ_subtype": "",
      "REQ_type": "",
      "_id": 35,
      "author_id": "not defined",
      "author_name": "Tejeshwar A V",
      "helpful": "0",
      "polarity": "",
      "rate": 5,
      "response": "",
      "response_date": "",
      "review": "Love it. But not available on iPhone. When will I have this on iOS?",
      "review_date": [
        "May",
        "15",
        " 2018"
      ]
    },
    {
      "REQ_subtype": "",
      "REQ_type": "",
      "_id": 36,
      "author_id": "not defined",
      "author_name": "Akshay Chauhan",
      "helpful": "0",
      "polarity": "",
      "rate": 5,
      "response": "",
      "response_date": "",
      "review": "Its really good, if we followed our tasks strictly",
      "review_date": [
        "May",
        "11",
        " 2018"
      ]
    },
    {
      "REQ_subtype": "",
      "REQ_type": "",
      "_id": 37,
      "author_id": "not defined",
      "author_name": "Justin Cloete",
      "helpful": "0",
      "polarity": "",
      "rate": 5,
      "response": "",
      "response_date": "",
      "review": "A great execution of the best self management system, for free!",
      "review_date": [
        "May",
        "10",
        " 2018"
      ]
    },
    {
      "REQ_subtype": "",
      "REQ_type": "",
      "_id": 38,
      "author_id": "not defined",
      "author_name": "Prasadh Narasimhan",
      "helpful": "0",
      "polarity": "",
      "rate": 5,
      "response": "",
      "response_date": "",
      "review": "Very good app, I loved it. Can make it easier to use.",
      "review_date": [
        "May",
        "9",
        " 2018"
      ]
    },
    {
      "REQ_subtype": "",
      "REQ_type": "",
      "_id": 39,
      "author_id": "not defined",
      "author_name": "Salman Moosa",
      "helpful": "0",
      "polarity": "",
      "rate": 5,
      "response": "",
      "response_date": "",
      "review": "Brilliant App. Very well organized. Was looking for something like this",
      "review_date": [
        "June",
        "2",
        " 2018"
      ]
    },
    {
      "REQ_subtype": "",
      "REQ_type": "",
      "_id": 40,
      "author_id": "not defined",
      "author_name": "tejas ukalkar",
      "helpful": "0",
      "polarity": "",
      "rate": 4,
      "response": "",
      "response_date": "",
      "review": "App is Truly amazing, please add longer remainder sounds",
      "review_date": [
        "May",
        "15",
        " 2018"
      ]
    },
    {
      "REQ_subtype": "",
      "REQ_type": "",
      "_id": 41,
      "author_id": "not defined",
      "author_name": "Lidia Stolyarova",
      "helpful": "0",
      "polarity": "",
      "rate": 5,
      "response": "",
      "response_date": "",
      "review": "It's exactly what I searched few years. Thanks!",
      "review_date": [
        "June",
        "8",
        " 2018"
      ]
    },
    {
      "REQ_subtype": "",
      "REQ_type": "",
      "_id": 42,
      "author_id": "not defined",
      "author_name": "sharon maswai",
      "helpful": "0",
      "polarity": "",
      "rate": 5,
      "response": "",
      "response_date": "",
      "review": "Wow it can really help you tidy your life.",
      "review_date": [
        "June",
        "6",
        " 2018"
      ]
    },
    {
      "REQ_subtype": "",
      "REQ_type": "",
      "_id": 43,
      "author_id": "not defined",
      "author_name": "Rama Subramanian",
      "helpful": "0",
      "polarity": "",
      "rate": 5,
      "response": "",
      "response_date": "",
      "review": "Reflecting covey,s time management in a simpler manner",
      "review_date": [
        "June",
        "16",
        " 2018"
      ]
    },
    {
      "REQ_subtype": "",
      "REQ_type": "",
      "_id": 44,
      "author_id": "not defined",
      "author_name": "David Onum",
      "helpful": "0",
      "polarity": "",
      "rate": 5,
      "response": "",
      "response_date": "",
      "review": "It has some really great features",
      "review_date": [
        "July",
        "8",
        " 2018"
      ]
    },
    {
      "REQ_subtype": "",
      "REQ_type": "",
      "_id": 45,
      "author_id": "not defined",
      "author_name": "vivek kesarkar",
      "helpful": "0",
      "polarity": "",
      "rate": 5,
      "response": "",
      "response_date": "",
      "review": "Fantastic app ,you should definitely use this",
      "review_date": [
        "May",
        "10",
        " 2018"
      ]
    },
    {
      "REQ_subtype": "",
      "REQ_type": "",
      "_id": 46,
      "author_id": "not defined",
      "author_name": "Shailendra Kumar",
      "helpful": "0",
      "polarity": "",
      "rate": 5,
      "response": "",
      "response_date": "",
      "review": "Awesome, please add search option to search in app",
      "review_date": [
        "April",
        "30",
        " 2018"
      ]
    },
    {
      "REQ_subtype": "",
      "REQ_type": "",
      "_id": 47,
      "author_id": "not defined",
      "author_name": "A Google user",
      "helpful": "0",
      "polarity": "",
      "rate": 5,
      "response": "",
      "response_date": "",
      "review": "One of the best finds of my life!",
      "review_date": [
        "May",
        "8",
        " 2018"
      ]
    },
    {
      "REQ_subtype": "",
      "REQ_type": "",
      "_id": 48,
      "author_id": "not defined",
      "author_name": "Richard Hill",
      "helpful": "0",
      "polarity": "",
      "rate": 5,
      "response": "",
      "response_date": "",
      "review": "this apps WOW me...\ud83d\udc4c",
      "review_date": [
        "June",
        "26",
        " 2018"
      ]
    },
    {
      "REQ_subtype": "",
      "REQ_type": "",
      "_id": 49,
      "author_id": "not defined",
      "author_name": "Sanodermicano",
      "helpful": "0",
      "polarity": "",
      "rate": 5,
      "response": "",
      "response_date": "",
      "review": "Exactly what I need, thank you",
      "review_date": [
        "May",
        "14",
        " 2018"
      ]
    },
    {
      "REQ_subtype": "",
      "REQ_type": "",
      "_id": 50,
      "author_id": "not defined",
      "author_name": "benbaid",
      "helpful": "0",
      "polarity": "",
      "rate": 5,
      "response": "",
      "response_date": "",
      "review": "I love it ,so goooooood app",
      "review_date": [
        "May",
        "27",
        " 2018"
      ]
    },
    {
      "REQ_subtype": "",
      "REQ_type": "",
      "_id": 51,
      "author_id": "not defined",
      "author_name": "Andreja Kojani\u0107",
      "helpful": "0",
      "polarity": "",
      "rate": 4,
      "response": "",
      "response_date": "",
      "review": "Adding a task should be simpler & faster",
      "review_date": [
        "June",
        "5",
        " 2018"
      ]
    },
    {
      "REQ_subtype": "",
      "REQ_type": "",
      "_id": 52,
      "author_id": "not defined",
      "author_name": "Hafiidh Wa'",
      "helpful": "0",
      "polarity": "",
      "rate": 5,
      "response": "",
      "response_date": "",
      "review": "Simple, Complete, and Usefull!!",
      "review_date": [
        "June",
        "20",
        " 2018"
      ]
    },
    {
      "REQ_subtype": "",
      "REQ_type": "",
      "_id": 53,
      "author_id": "not defined",
      "author_name": "A Google user",
      "helpful": "0",
      "polarity": "",
      "rate": 5,
      "response": "",
      "response_date": "",
      "review": "it's best apk for planning",
      "review_date": [
        "June",
        "27",
        " 2018"
      ]
    },
    {
      "REQ_subtype": "",
      "REQ_type": "",
      "_id": 54,
      "author_id": "not defined",
      "author_name": "Hue Jorgan",
      "helpful": "1",
      "polarity": "",
      "rate": 5,
      "response": "",
      "response_date": "",
      "review": "Awesome!",
      "review_date": [
        "April",
        "30",
        " 2018"
      ]
    },
    {
      "REQ_subtype": "",
      "REQ_type": "",
      "_id": 55,
      "author_id": "not defined",
      "author_name": "Chris Sandford II",
      "helpful": "0",
      "polarity": "",
      "rate": 5,
      "response": "",
      "response_date": "",
      "review": "As close to Perfect as it could possibly get!!!!!!!!!!!",
      "review_date": [
        "June",
        "12",
        " 2018"
      ]
    },
    {
      "REQ_subtype": "",
      "REQ_type": "",
      "_id": 56,
      "author_id": "not defined",
      "author_name": "A Google user",
      "helpful": "0",
      "polarity": "",
      "rate": 5,
      "response": "",
      "response_date": "",
      "review": "Great app.....very practical",
      "review_date": [
        "May",
        "20",
        " 2018"
      ]
    },
    {
      "REQ_subtype": "",
      "REQ_type": "",
      "_id": 57,
      "author_id": "not defined",
      "author_name": "A Google user",
      "helpful": "0",
      "polarity": "",
      "rate": 5,
      "response": "",
      "response_date": "",
      "review": "Awesome app",
      "review_date": [
        "June",
        "18",
        " 2018"
      ]
    },
    {
      "REQ_subtype": "",
      "REQ_type": "",
      "_id": 58,
      "author_id": "not defined",
      "author_name": "Julian Hibbert",
      "helpful": "0",
      "polarity": "",
      "rate": 5,
      "response": "",
      "response_date": "",
      "review": "Excellent thanks",
      "review_date": [
        "July",
        "3",
        " 2018"
      ]
    },
    {
      "REQ_subtype": "",
      "REQ_type": "",
      "_id": 59,
      "author_id": "not defined",
      "author_name": "Ahmad Aljadei",
      "helpful": "0",
      "polarity": "",
      "rate": 5,
      "response": "",
      "response_date": "",
      "review": "Amazing",
      "review_date": [
        "May",
        "13",
        " 2018"
      ]
    },
    {
      "REQ_subtype": "",
      "REQ_type": "",
      "_id": 60,
      "author_id": "not defined",
      "author_name": "Dr. Omair A. Asif",
      "helpful": "0",
      "polarity": "",
      "rate": 5,
      "response": "",
      "response_date": "",
      "review": "Effective",
      "review_date": [
        "June",
        "11",
        " 2018"
      ]
    },
    {
      "REQ_subtype": "",
      "REQ_type": "",
      "_id": 61,
      "author_id": "not defined",
      "author_name": "Joseph san nicolas",
      "helpful": "1",
      "polarity": "",
      "rate": 5,
      "response": "",
      "response_date": "",
      "review": "This app though I habe used it for only a little while is very useful in \norganizing your thoughts great work",
      "review_date": [
        "April",
        "22",
        " 2018"
      ]
    },
    {
      "REQ_subtype": "",
      "REQ_type": "",
      "_id": 62,
      "author_id": "not defined",
      "author_name": "just reads",
      "helpful": "1",
      "polarity": "",
      "rate": 5,
      "response": "",
      "response_date": "",
      "review": "It helps you set up roles, goals and actions for yourself and is a good way \nof reminding you of that which you have chosen to set. Wonderful tool for \ndeveloping habit7s that are aligned to your goals and roles in life. =)",
      "review_date": [
        "April",
        "26",
        " 2018"
      ]
    },
    {
      "REQ_subtype": "",
      "REQ_type": "",
      "_id": 63,
      "author_id": "not defined",
      "author_name": "Jaime Atadero",
      "helpful": "0",
      "polarity": "",
      "rate": 5,
      "response": "",
      "response_date": "",
      "review": "I like how this is more focused on YOU than what you have to do. This is \nexactly what I was looking for! I didn't even expect things like Workodoro, \nor Mission Statement. I feel much more at peace. Thank you so much!!!",
      "review_date": [
        "April",
        "19",
        " 2018"
      ]
    },
    {
      "REQ_subtype": "",
      "REQ_type": "",
      "_id": 64,
      "author_id": "not defined",
      "author_name": "Osagie Akhigbe",
      "helpful": "1",
      "polarity": "",
      "rate": 5,
      "response": "",
      "response_date": "",
      "review": "Hmmm....this is wonderful. However, I would like the developer to make it \npossible to choose one's notification sound from one's device",
      "review_date": [
        "April",
        "23",
        " 2018"
      ]
    },
    {
      "REQ_subtype": "",
      "REQ_type": "",
      "_id": 65,
      "author_id": "not defined",
      "author_name": "Allison Cooper",
      "helpful": "0",
      "polarity": "",
      "rate": 5,
      "response": "",
      "response_date": "",
      "review": "It has a lot going on and covers many areas of what I think. It's pretty \ngreat!",
      "review_date": [
        "April",
        "19",
        " 2018"
      ]
    },
    {
      "REQ_subtype": "",
      "REQ_type": "",
      "_id": 66,
      "author_id": "not defined",
      "author_name": "Joon Moi Chan",
      "helpful": "0",
      "polarity": "",
      "rate": 5,
      "response": "",
      "response_date": "",
      "review": "Comprehensive,helps me to focus and achieve goals in my life",
      "review_date": [
        "April",
        "27",
        " 2018"
      ]
    },
    {
      "REQ_subtype": "",
      "REQ_type": "",
      "_id": 67,
      "author_id": "not defined",
      "author_name": "naveen mittal",
      "helpful": "0",
      "polarity": "",
      "rate": 5,
      "response": "",
      "response_date": "",
      "review": "It Helps to achieve Goal...",
      "review_date": [
        "April",
        "24",
        " 2018"
      ]
    },
    {
      "REQ_subtype": "",
      "REQ_type": "",
      "_id": 68,
      "author_id": "not defined",
      "author_name": "METHEESH WEERASINGHE",
      "helpful": "0",
      "polarity": "",
      "rate": 5,
      "response": "",
      "response_date": "",
      "review": "Great app.very useful",
      "review_date": [
        "April",
        "26",
        " 2018"
      ]
    },
    {
      "REQ_subtype": "",
      "REQ_type": "",
      "_id": 69,
      "author_id": "not defined",
      "author_name": "Ahmad Basit Ahyar",
      "helpful": "0",
      "polarity": "",
      "rate": 5,
      "response": "",
      "response_date": "",
      "review": "Superb!!",
      "review_date": [
        "April",
        "20",
        " 2018"
      ]
    },
    {
      "REQ_subtype": "",
      "REQ_type": "",
      "_id": 70,
      "author_id": "not defined",
      "author_name": "A Google user",
      "helpful": "7",
      "polarity": "",
      "rate": 5,
      "response": "",
      "response_date": "",
      "review": "This is a very nice application. It took a lot of time and effort before I fully understand how the app will help to keep me productive everyday.     *bugs* App doesn't automatically update  when I change something. I need to press the back button and click the object before I see the changes I make.  I can't delete and even edit the list when I forget to assign a date to that particular list   Good app but the GUI is not user friendly. ALL IN ALL IT'S A VERY NICE app",
      "review_date": [
        "April",
        "7",
        " 2018"
      ]
    },
    {
      "REQ_subtype": "",
      "REQ_type": "",
      "_id": 71,
      "author_id": "not defined",
      "author_name": "K. G. Wilkie",
      "helpful": "9",
      "polarity": "",
      "rate": 4,
      "response": "",
      "response_date": "",
      "review": "*Update: the calendar function is a little inefficient when you are writing tasks to add deadlines to them, you have to take another step to do this which is annoying. Still my favorite productivity app though.* This combines an Eisenhower style prioritizing checklist, project tracking, pomodoro timer,  calendar, goal setting into one efficient interface. I like the layout of the whole thing. IMPROVEMENTS: I think that the option to attach a location to tasks, and to have the option to hide future tasks until the scheduled reminder time, would be useful. I'd also like it if it could sync with multiple devices using the same account: laptop, tablet, and phone for me. That would be handy. As is, I love this app, and the small amount of time spent learning how to use it is more than made up for by not wasting time several programs to get the same work done as this all-in-one.",
      "review_date": [
        "April",
        "10",
        " 2018"
      ]
    },
    {
      "REQ_subtype": "",
      "REQ_type": "",
      "_id": 72,
      "author_id": "not defined",
      "author_name": "Elias Musawi",
      "helpful": "3",
      "polarity": "",
      "rate": 5,
      "response": "",
      "response_date": "",
      "review": "This app is beautifully cable of breaking down sophisticated projects, big \nissues ,and concerns into clear and simple step by step instructions. If \nyou're just looking for something to track down your daily groceries , then \ndon't bother with this one...",
      "review_date": [
        "April",
        "17",
        " 2018"
      ]
    },
    {
      "REQ_subtype": "",
      "REQ_type": "",
      "_id": 73,
      "author_id": "not defined",
      "author_name": "Alex Mosk",
      "helpful": "2",
      "polarity": "",
      "rate": 5,
      "response": "",
      "response_date": "",
      "review": "This is as close to perfection for a productivity app so far, if I had to write an app this is just what I would create, love it. \ud83d\udc93",
      "review_date": [
        "April",
        "11",
        " 2018"
      ]
    },
    {
      "REQ_subtype": "",
      "REQ_type": "",
      "_id": 74,
      "author_id": "not defined",
      "author_name": "Alireza Abbasi",
      "helpful": "0",
      "polarity": "",
      "rate": 3,
      "response": "Can you please give more details?",
      "response_date": [
        "April",
        "21",
        " 2018"
      ],
      "review": "The widget has some problems, please fix it",
      "review_date": [
        "April",
        "20",
        " 2018"
      ]
    },
    {
      "REQ_subtype": "",
      "REQ_type": "",
      "_id": 75,
      "author_id": "not defined",
      "author_name": "Mohammad Noorizadeh",
      "helpful": "0",
      "polarity": "",
      "rate": 5,
      "response": "",
      "response_date": "",
      "review": "All in one. Helps you to set your mission and goals, and to organize yourself reaching them.",
      "review_date": [
        "April",
        "5",
        " 2018"
      ]
    },
    {
      "REQ_subtype": "",
      "REQ_type": "",
      "_id": 76,
      "author_id": "not defined",
      "author_name": "A Google user",
      "helpful": "0",
      "polarity": "",
      "rate": 4,
      "response": "",
      "response_date": "",
      "review": "It has very organised features and plans which can certainly help every \nperson",
      "review_date": [
        "April",
        "13",
        " 2018"
      ]
    },
    {
      "REQ_subtype": "",
      "REQ_type": "",
      "_id": 77,
      "author_id": "not defined",
      "author_name": "Yew Chang",
      "helpful": "1",
      "polarity": "",
      "rate": 4,
      "response": "",
      "response_date": "",
      "review": "Can we have a search feature?",
      "review_date": [
        "April",
        "15",
        " 2018"
      ]
    },
    {
      "REQ_subtype": "",
      "REQ_type": "",
      "_id": 78,
      "author_id": "not defined",
      "author_name": "Chris oparanozie",
      "helpful": "0",
      "polarity": "",
      "rate": 5,
      "response": "",
      "response_date": "",
      "review": "Super application! Exactly what my life and businesses needed! \nFacebook:@DozeKnowsHomes",
      "review_date": [
        "April",
        "17",
        " 2018"
      ]
    },
    {
      "REQ_subtype": "",
      "REQ_type": "",
      "_id": 79,
      "author_id": "not defined",
      "author_name": "ARZIAL",
      "helpful": "0",
      "polarity": "",
      "rate": 5,
      "response": "",
      "response_date": "",
      "review": "Amazing app! Please keep improving it. Thanks for the great work (:",
      "review_date": [
        "April",
        "16",
        " 2018"
      ]
    },
    {
      "REQ_subtype": "",
      "REQ_type": "",
      "_id": 80,
      "author_id": "not defined",
      "author_name": "BETTE WHITE",
      "helpful": "0",
      "polarity": "",
      "rate": 4,
      "response": "",
      "response_date": "",
      "review": "So far so good still learing about it looks good for know",
      "review_date": [
        "April",
        "19",
        " 2018"
      ]
    },
    {
      "REQ_subtype": "",
      "REQ_type": "",
      "_id": 81,
      "author_id": "not defined",
      "author_name": "Mahima --",
      "helpful": "0",
      "polarity": "",
      "rate": 5,
      "response": "",
      "response_date": "",
      "review": "Helps me to make my life time oriented.",
      "review_date": [
        "April",
        "11",
        " 2018"
      ]
    },
    {
      "REQ_subtype": "",
      "REQ_type": "",
      "_id": 82,
      "author_id": "not defined",
      "author_name": "mydi032",
      "helpful": "0",
      "polarity": "",
      "rate": 5,
      "response": "",
      "response_date": "",
      "review": "Simple app but helps me a lot",
      "review_date": [
        "April",
        "9",
        " 2018"
      ]
    },
    {
      "REQ_subtype": "",
      "REQ_type": "",
      "_id": 83,
      "author_id": "not defined",
      "author_name": "Shannon Erin-Michelle Hilliard",
      "helpful": "2",
      "polarity": "",
      "rate": 5,
      "response": "",
      "response_date": "",
      "review": "As an adult with adhd, I often convey my responses inaccurately and completely different to the content in my mind. I want to praise this application and thank the developers for allowing it to be free. Its simply wonderful! Id definitely pay for this application just as it is now or with enhanced features    .",
      "review_date": [
        "March",
        "29",
        " 2018"
      ]
    },
    {
      "REQ_subtype": "",
      "REQ_type": "",
      "_id": 84,
      "author_id": "not defined",
      "author_name": "N Chioma",
      "helpful": "2",
      "polarity": "",
      "rate": 5,
      "response": "",
      "response_date": "",
      "review": "Helpful to scheduling, review and improve My Effectiveness. Good for everyone. \ud83d\udc4d",
      "review_date": [
        "March",
        "28",
        " 2018"
      ]
    },
    {
      "REQ_subtype": "",
      "REQ_type": "",
      "_id": 85,
      "author_id": "not defined",
      "author_name": "A Google user",
      "helpful": "1",
      "polarity": "",
      "rate": 5,
      "response": "",
      "response_date": "",
      "review": "So far so good. Really a good way to stay organised",
      "review_date": [
        "March",
        "31",
        " 2018"
      ]
    },
    {
      "REQ_subtype": "",
      "REQ_type": "",
      "_id": 86,
      "author_id": "not defined",
      "author_name": "Far Day",
      "helpful": "0",
      "polarity": "",
      "rate": 4,
      "response": "",
      "response_date": "",
      "review": "Hey, it will be nice if we can change the start day of the week. Thanks",
      "review_date": [
        "April",
        "3",
        " 2018"
      ]
    },
    {
      "REQ_subtype": "",
      "REQ_type": "",
      "_id": 87,
      "author_id": "not defined",
      "author_name": "A Google user",
      "helpful": "0",
      "polarity": "",
      "rate": 5,
      "response": "",
      "response_date": "",
      "review": "Nothing",
      "review_date": [
        "April",
        "1",
        " 2018"
      ]
    },
    {
      "REQ_subtype": "",
      "REQ_type": "",
      "_id": 88,
      "author_id": "not defined",
      "author_name": "reza zare",
      "helpful": "0",
      "polarity": "",
      "rate": 4,
      "response": "",
      "response_date": "",
      "review": "Merc",
      "review_date": [
        "April",
        "21",
        " 2018"
      ]
    },
    {
      "REQ_subtype": "",
      "REQ_type": "",
      "_id": 89,
      "author_id": "not defined",
      "author_name": "\u798fPower Justice",
      "helpful": "3",
      "polarity": "",
      "rate": 5,
      "response": "",
      "response_date": "",
      "review": "It's really good and interesting! I can make goals and break it down in single simple steps! I really like the dark theme ^^ There are really MANY different features in this app and maybe it would be better to build in a tutorial for new users, so they can understand it better and faster. And please implement a scheduled synchronization for my data. So I don't have to make it manually. That's my only complaint I have.",
      "review_date": [
        "March",
        "13",
        " 2018"
      ]
    },
    {
      "REQ_subtype": "",
      "REQ_type": "",
      "_id": 90,
      "author_id": "not defined",
      "author_name": "JA X",
      "helpful": "0",
      "polarity": "",
      "rate": 5,
      "response": "",
      "response_date": "",
      "review": "So useful to help with keeping goals in mind and formulating a plan to accomplish them.  Includes a nice countdown timer that can help remind you to stay focused.  Also, the dev is very responsive to issues (responded within 24 hrs on the blog site, fixed the issue in the very next update).  Keeps getting better and better.  Works even better with \"The 7 Habits of Highly Effective People\"",
      "review_date": [
        "February",
        "21",
        " 2018"
      ]
    },
    {
      "REQ_subtype": "",
      "REQ_type": "",
      "_id": 91,
      "author_id": "not defined",
      "author_name": "Maggie Meyers",
      "helpful": "9",
      "polarity": "",
      "rate": 5,
      "response": "",
      "response_date": "",
      "review": "When I am looking for an app I look for all similar apps pick out my favorites or ones that have the highest potential to satisfy my needs and then test them all out. I was looking for an organizational map for Allis Etc. I'm not a professional person but I'm a very busy mom and small cottage business owner. What I found in this app was not expected! It does cover kind of what I was looking for but it is so much more! I don't think I've ever found an app that I've been this excited about! I've even recommended it to my family and friends. It takes time to work with it to really have it show you who you are and what your values are and where you're going but one more time it is so worth it!!! I want to buy it. I just haven't found a price. This is the first time I have ever left a review and I rarely read anything but this app deserves it. Get it is what I can tell others. I really wish I could give it 10 Stars!!!",
      "review_date": [
        "February",
        "15",
        " 2018"
      ]
    },
    {
      "REQ_subtype": "",
      "REQ_type": "",
      "_id": 92,
      "author_id": "not defined",
      "author_name": "A Google user",
      "helpful": "1",
      "polarity": "",
      "rate": 5,
      "response": "",
      "response_date": "",
      "review": "It demands a lot of you and then gives you far more in return. Consider it a sure-fire investment into living the life you really want. Great when paired with the Loop Habits Tracker app (also free).  Two issues: 1. Notes do not sync. Button is greyed out for me.  2. Sync and backup should be more all-inclusive and streamlined rather than piecemeal and complex.",
      "review_date": [
        "March",
        "13",
        " 2018"
      ]
    },
    {
      "REQ_subtype": "",
      "REQ_type": "",
      "_id": 93,
      "author_id": "not defined",
      "author_name": "Mike Z",
      "helpful": "5",
      "polarity": "",
      "rate": 5,
      "response": "",
      "response_date": "",
      "review": "This is really a good organiser with much more aware degree of planning. Tasks can be nested into projects, checklists and actions with reminders, recurrence and importance labels. What is more, notes can be taken inside the app. All of these can be split into Eisenhower matrix and every task is percepted from the point of view for importance, urgency, life mission, goal and roles.  I wish it only had a full time tracking capabilities with reports for individual actions and projects, not just a general workodoro timer to fight distraction.  That would make it a PERFECT personal effectiveness meter! Way to go for developers!",
      "review_date": [
        "February",
        "9",
        " 2018"
      ]
    },
    {
      "REQ_subtype": "",
      "REQ_type": "",
      "_id": 94,
      "author_id": "not defined",
      "author_name": "Behzad Ahmadzadeh",
      "helpful": "9",
      "polarity": "",
      "rate": 4,
      "response": "",
      "response_date": "",
      "review": "It doesn't have a help reference! I wish it had one! For example I don't know how to use the options: \"Action, Project, Checklist\", and what the exact role of each of them is. BTW thanks for the app; it applicable and nice!\ud83d\udc4d I've bought the book \"7 habits ... \" and enjoyed it too. Reading the book beside this app is a necessity.",
      "review_date": [
        "January",
        "16",
        " 2018"
      ]
    },
    {
      "REQ_subtype": "",
      "REQ_type": "",
      "_id": 95,
      "author_id": "not defined",
      "author_name": "Al Chemist",
      "helpful": "1",
      "polarity": "",
      "rate": 3,
      "response": "",
      "response_date": "",
      "review": "My Effectiveness has tremendous potential, but also some show stoppers that mean I will continue my search for an organisation tool that covers all the bases. The concept is very good, tying goals, roles and actions together, but the execution is not intuitive enough and there is only limited help to understand what is going on. The main show stopper for me is the embedded 'delete' function which without much warning does just that - fully deletes things so that you lose all the history. This is great if you want an absolutely clutter free life but if history is of value this will leave you with a sense of loss. A far preferable approach would be to simply provide a 'hide completed items' option to allow you to focus on the open items but leave the history available if needed.",
      "review_date": [
        "March",
        "20",
        " 2018"
      ]
    },
    {
      "REQ_subtype": "",
      "REQ_type": "",
      "_id": 96,
      "author_id": "not defined",
      "author_name": "Nabanita Pramanik",
      "helpful": "5",
      "polarity": "",
      "rate": 5,
      "response": "",
      "response_date": "",
      "review": "This is the best app I could find! Thank you very much! I am really grateful! I was looking for such an amazing app to help me out, just what I needed! When you start understanding the app after exploring it you love using it and applying it daily! It took sometime for me to get used to the app and now I am enjoying it!",
      "review_date": [
        "January",
        "18",
        " 2018"
      ]
    },
    {
      "REQ_subtype": "",
      "REQ_type": "",
      "_id": 97,
      "author_id": "not defined",
      "author_name": "\u0421\u0435\u0440\u0433\u0435\u0439 \u0411\u0430\u043b\u0430\u043a\u0438\u0440\u0435\u0432",
      "helpful": "0",
      "polarity": "",
      "rate": 5,
      "response": "",
      "response_date": "",
      "review": "Wow, it's brilliant! I had already lost any hope to find an app which would fully satisfy me concerning goals and tasks, but finally I did it! Thank you, developers! The only shortage I have found is the absence of an event time. I'd prefer it together with the reminder time and independently of it.",
      "review_date": [
        "March",
        "15",
        " 2018"
      ]
    },
    {
      "REQ_subtype": "",
      "REQ_type": "",
      "_id": 98,
      "author_id": "not defined",
      "author_name": "Priscilla Ting",
      "helpful": "1",
      "polarity": "",
      "rate": 4,
      "response": "",
      "response_date": "",
      "review": "The to do grid is terrific, but could the color coding be a bit more mindful. Soothing and calm colors like green and blue are used for the urgent tasks while alerting colors like red and orange are used the the non urgent ones. It adds one more demand for people who are very visual to remember that the colors are the other way around, especially for those who have been taught to color code red for urgent, important things and green or blue for less urgent or important things.",
      "review_date": [
        "March",
        "6",
        " 2018"
      ]
    },
    {
      "REQ_subtype": "",
      "REQ_type": "",
      "_id": 99,
      "author_id": "not defined",
      "author_name": "A Google user",
      "helpful": "2",
      "polarity": "",
      "rate": 4,
      "response": "",
      "response_date": "",
      "review": "I really like this app. The ability to add several levels of sub-tasks is invaluable. I have a couple suggestions: many of the instructions are either missing text or are badly worded so that really  needs a polish; I'd appreciate an option to add the checklist items and project sub-tasks using the return key; make the widget able to be dark. Otherwise this is excellent.",
      "review_date": [
        "February",
        "7",
        " 2018"
      ]
    },
    {
      "REQ_subtype": "",
      "REQ_type": "",
      "_id": 100,
      "author_id": "not defined",
      "author_name": "Twyla Price",
      "helpful": "1",
      "polarity": "",
      "rate": 5,
      "response": "",
      "response_date": "",
      "review": "I really love the role setting!!! This is going to help me get into the right mindset of things. I did hit a problem where do I go for help?",
      "review_date": [
        "January",
        "31",
        " 2018"
      ]
    },
    {
      "REQ_subtype": "",
      "REQ_type": "",
      "_id": 101,
      "author_id": "not defined",
      "author_name": "pratheek reddy",
      "helpful": "1",
      "polarity": "",
      "rate": 3,
      "response": "",
      "response_date": "",
      "review": "The attempt and intention has been good but the app is really confusing. If FAQs addressing the most common doubts or explaining every feature present than that would be really helpful or at least have a video where all the options, features and how it works is explained",
      "review_date": [
        "March",
        "11",
        " 2018"
      ]
    },
    {
      "REQ_subtype": "",
      "REQ_type": "",
      "_id": 102,
      "author_id": "not defined",
      "author_name": "Lindney Akonwie",
      "helpful": "1",
      "polarity": "",
      "rate": 5,
      "response": "",
      "response_date": "",
      "review": "Freaking loooooove this app!! A comprehensive planner for everything you wish to accomplish. From small projects to shopping lists to daily \"to-do\" tasks. It doesn't miss a single thing. Love the ability to move a task or action into another one. I do have a suggestion for the widget though: would be very helpful if it could display the tasks and actions of the day on a timeline. To visually see the things you have planned for the day is truly helpful. Thanks Mr. Developer. Did I already mention how much I loooooove this app?",
      "review_date": [
        "February",
        "9",
        " 2018"
      ]
    },
    {
      "REQ_subtype": "",
      "REQ_type": "",
      "_id": 103,
      "author_id": "not defined",
      "author_name": "Tejinder Singh Bansal",
      "helpful": "0",
      "polarity": "",
      "rate": 5,
      "response": "",
      "response_date": "",
      "review": "Hello Developer, please advice if we can sync google calender with the calender in this app.. would be very much usefull.... Edit  dated. 27/02/2018, how to remove adds in this app. They are annoying at times.",
      "review_date": [
        "February",
        "27",
        " 2018"
      ]
    },
    {
      "REQ_subtype": "",
      "REQ_type": "",
      "_id": 104,
      "author_id": "not defined",
      "author_name": "Win Assam",
      "helpful": "0",
      "polarity": "",
      "rate": 4,
      "response": "",
      "response_date": "",
      "review": "Superb app...  The best, I was searching for such an app for many days..  One suggestion I want to give is that please develop the graphics. It looks quite boring, it will be great if grafic will be developed.",
      "review_date": [
        "February",
        "27",
        " 2018"
      ]
    },
    {
      "REQ_subtype": "",
      "REQ_type": "",
      "_id": 105,
      "author_id": "not defined",
      "author_name": "Laura Breuer",
      "helpful": "1",
      "polarity": "",
      "rate": 3,
      "response": "Laura, thank you for the review! We will change the ad-situation soon: will make them less distracting and will release an ad-free paid version.",
      "response_date": [
        "August",
        "8",
        " 2013"
      ],
      "review": "Love FC but hate ads i would pay for this no problem. You still have ads so I'm gone in 2014 you said you wood wood release and ad-free version but you have not I am done I will find something else",
      "review_date": [
        "January",
        "24",
        " 2018"
      ]
    },
    {
      "REQ_subtype": "",
      "REQ_type": "",
      "_id": 106,
      "author_id": "not defined",
      "author_name": "Tom Hodges",
      "helpful": "5",
      "polarity": "",
      "rate": 3,
      "response": "",
      "response_date": "",
      "review": "Would be 5 stars with Google calendar integration and automatic cloud sync. Calendar integration is a must for me. Push/pull to drive is ok, but make it foolproof with automatic sync. Don't make me think about it. Would pay to upgrade for these features even. Thanks!",
      "review_date": [
        "January",
        "23",
        " 2018"
      ]
    },
    {
      "REQ_subtype": "",
      "REQ_type": "",
      "_id": 107,
      "author_id": "not defined",
      "author_name": "Jitendra Dabadgaonkar",
      "helpful": "2",
      "polarity": "",
      "rate": 5,
      "response": "",
      "response_date": "",
      "review": "Very useful, settled with this app after 18 months of research. Few updates required like synch, offline availability. Sure it will happen soon.",
      "review_date": [
        "January",
        "11",
        " 2018"
      ]
    },
    {
      "REQ_subtype": "",
      "REQ_type": "",
      "_id": 108,
      "author_id": "not defined",
      "author_name": "NATIK JAIN",
      "helpful": "0",
      "polarity": "",
      "rate": 2,
      "response": "",
      "response_date": "",
      "review": "It was good before but now its crashing while additing notes.please add developer suggestion or complaint options so that we could connect to you directly. Please show goal details in which action has to be taken as actions and role only shows in weekly details.",
      "review_date": [
        "March",
        "15",
        " 2018"
      ]
    },
    {
      "REQ_subtype": "",
      "REQ_type": "",
      "_id": 109,
      "author_id": "not defined",
      "author_name": "A Google user",
      "helpful": "0",
      "polarity": "",
      "rate": 5,
      "response": "",
      "response_date": "",
      "review": "Super useful. Will stop me carrying around lists.",
      "review_date": [
        "January",
        "15",
        " 2018"
      ]
    },
    {
      "REQ_subtype": "",
      "REQ_type": "",
      "_id": 110,
      "author_id": "not defined",
      "author_name": "MyVanda Stop",
      "helpful": "0",
      "polarity": "",
      "rate": 5,
      "response": "",
      "response_date": "",
      "review": "Easy to navigate, nice platform that is not only eye-catching, but very efficient reminder approach. If you was to upgrade this application I would most definitely play with adding a music button to help motivate goalscoring.",
      "review_date": [
        "March",
        "25",
        " 2018"
      ]
    },
    {
      "REQ_subtype": "",
      "REQ_type": "",
      "_id": 111,
      "author_id": "not defined",
      "author_name": "Aini i2",
      "helpful": "0",
      "polarity": "",
      "rate": 5,
      "response": "",
      "response_date": "",
      "review": "I just download it and have my way around it. This is so useful!! uninstall few other apps just because this app alone offer the same things. Looking forward to use this.",
      "review_date": [
        "February",
        "6",
        " 2018"
      ]
    },
    {
      "REQ_subtype": "",
      "REQ_type": "",
      "_id": 112,
      "author_id": "not defined",
      "author_name": "Josef Hadz",
      "helpful": "0",
      "polarity": "",
      "rate": 5,
      "response": "",
      "response_date": "",
      "review": "This app is for developing you PERSONALLY. It is not a coladeration app for project teams. If you're familiar with books like the seeds of greatness, the 7 habits of effective people, or sharping the sword. This is a near perfect app to keep all your roles, goals & specific plans; organized & safely tucked away on your device.  I only wish some of the hints displayed in some text input boxes (defining specific goals) would remain displayed while I enter information.",
      "review_date": [
        "February",
        "20",
        " 2018"
      ]
    },
    {
      "REQ_subtype": "",
      "REQ_type": "",
      "_id": 113,
      "author_id": "not defined",
      "author_name": "Lize' Brits",
      "helpful": "0",
      "polarity": "",
      "rate": 4,
      "response": "",
      "response_date": "",
      "review": "So far it's THE app I've been looking for. Task within tasks and reminders set to accomplish them. To define each of the many to-do's as a role you play e.g. student or business owner etc. helped me a lot to define,structure and prioritise my to do's",
      "review_date": [
        "February",
        "8",
        " 2018"
      ]
    },
    {
      "REQ_subtype": "",
      "REQ_type": "",
      "_id": 114,
      "author_id": "not defined",
      "author_name": "Shailesh Dalal",
      "helpful": "4",
      "polarity": "",
      "rate": 5,
      "response": "",
      "response_date": "",
      "review": "Really very very useful application. Also it is user friendly. I am sure anyone who try this will love this app.",
      "review_date": [
        "January",
        "10",
        " 2018"
      ]
    },
    {
      "REQ_subtype": "",
      "REQ_type": "",
      "_id": 115,
      "author_id": "not defined",
      "author_name": "Mary Brooks",
      "helpful": "0",
      "polarity": "",
      "rate": 5,
      "response": "",
      "response_date": "",
      "review": "I wish I would have known about this app awhile ago. I'm less stress out even with a handful of the kids running around all day. I can actually sit and rest more often. I even get rest at night for the first time in years. Thank you from me and my family.",
      "review_date": [
        "January",
        "27",
        " 2018"
      ]
    },
    {
      "REQ_subtype": "",
      "REQ_type": "",
      "_id": 116,
      "author_id": "not defined",
      "author_name": "Rachel Wambui",
      "helpful": "0",
      "polarity": "",
      "rate": 5,
      "response": "",
      "response_date": "",
      "review": "Used the workodoro feature today for the first time. As someone who takes \nconstant 'breaks' ie. gets distracted easily, there's something about the \ntimer that forced me to stick to the task at hand, like I couldn't even \nstop to look and reply to notifications/texts (you know, coz I'm on a timer \nhere people!). I got so much done in so little time! I'll try out the other \nfeatures in the coming days. But so far so good. Thanks",
      "review_date": [
        "May",
        "23",
        " 2018"
      ]
    },
    {
      "REQ_subtype": "",
      "REQ_type": "",
      "_id": 117,
      "author_id": "not defined",
      "author_name": "Aaron Edson",
      "helpful": "0",
      "polarity": "",
      "rate": 5,
      "response": "",
      "response_date": "",
      "review": "Finally, an organiztion tool that feels effortless. It is beypnd comprehension that others find it so hard to be easy to look at while utilizing roles and FTF.",
      "review_date": [
        "February",
        "18",
        " 2018"
      ]
    },
    {
      "REQ_subtype": "",
      "REQ_type": "",
      "_id": 118,
      "author_id": "not defined",
      "author_name": "Asyraf Rongi",
      "helpful": "0",
      "polarity": "",
      "rate": 5,
      "response": "",
      "response_date": "",
      "review": "Wow. Works great on me! Now i can fight the guilty conscience of not  doing the important & urgent tasks first.",
      "review_date": [
        "January",
        "10",
        " 2018"
      ]
    },
    {
      "REQ_subtype": "",
      "REQ_type": "",
      "_id": 119,
      "author_id": "not defined",
      "author_name": "Aideen N\u00ed Ch\u00e9illeachair",
      "helpful": "0",
      "polarity": "",
      "rate": 4,
      "response": "",
      "response_date": "",
      "review": "I like this app. Its helpful. Id really like if i could schedule activiti es for the first monday of the month and forgnightly etc. The options stm are quite limired  Id also like to be able to schedule chores two aeeks from completion rather than on a regular schedule.",
      "review_date": [
        "February",
        "5",
        " 2018"
      ]
    },
    {
      "REQ_subtype": "",
      "REQ_type": "",
      "_id": 120,
      "author_id": "not defined",
      "author_name": "Igor Pellegrini",
      "helpful": "5",
      "polarity": "",
      "rate": 4,
      "response": "",
      "response_date": "",
      "review": "This app is really great. Even if not appealing like those cool apps out there, it allows to handle your tasks with a lot of detail.  Needs some initial time to grasp how it works (READING THE HELP PAGE IS MANDATORY) and to configure the basis, but then it will surprise you for how much power provides in handling tasks (and, I guess, infinite level of sub-tasking) of so many different contexts. Also provides the main features of many (often paying/premium) Task Apps but merging all together nicely without being too cluttering (still, it needs time to get confident with. UI is not the best but it's really good for all the different things that the app makes). Also one of the most satisfying app in allowing common task managing (like I do on Todoist) but providing the big advantage of rearranging everything in a priority/Eisenhower matrix (this is the most valuable part, IMHO).   And it is given FOR FREE!!  No hidden blocked/premium features!   Am still using it since few days, so I'll come back to improve my review and report bugs or improvement requests.   Suggested to everybody that needs a massive & in-detail managing of tasks! Or that wants to organize with a goal/improvement-driven approach!      TO IMPROVE:  - the filtering; is good but, when having many roles/goals/actions, things are still too cluttered some times and too separated at other times. - snooze could allow to set a custom time, instead of just relative presets - multiple reminders on the actions - Eisenhower matrix filters (date filter is limited to a week: should allow selection of custom dates, for longer term planning) - automatic backup on Google Drive; and maybe automatic check for restoring (in case one loses the phone or switches to another one).  - history of completed tasks. To get rid of a completed task in the Eisenhower matrix I must delete it; while maybe I want to be able to review my done actions, once achieved the goal, without having to keep them cluttering my view. Now when deleted task is gone. FOREVER (and \"Clear tasks\" is not clear [oh God... ] enough on the fact that it will make you loose completely your completed actions). History could allow to show some (motivating) statistics :) - sort roles at arbitrarily, so to put the more rilevants on the top. - would be nice to display the date of the next recurrence of an Action (maybe close to \"Done: \"?) - allow to delete items of the checklist Actions (atm can just add them [Found how to do it: swipe it away ;)]) - when tapping to add a reminder always adds a default of \"Tomorrow at 9am\"; when having Recurrence set would be cool to have the default reminder be set to \"On recurrence days\"          TO ADD:   - add Tags and related filters; they allow to group actions and goals even if they are not related by roles (eg. filter by \"Debt\" tag'd show me the fine I have to pay as Citizen, and the money I owe back as Friend or Son). This would be the definitive improvement of flexibility. - allow to set a (future) starting time for an Action, since it would allow to plan longer term goals, without cluttering the Eisenhower matrix with not relevant activities. (e.g: I'll be busy the next two months, won't have free time to read books; however I'd like to be able to plan a recurring Action of reading 30min a day, starting in two months. Does it make sense? \ud83d\ude0a). - add a web interface to access the minimum features, or at least a read-only overview of the Google Drive backup. Minimum edit abilities would be great for rescheduling actions or adding notes (eg. add a link list of the browsing tabs related to an action/goal). However, I know that would be a lot of work; it's just an idea that I think would make this app even greater ;)  By the way: if there would be a basic public API available then I could be interested in contributing in creating such web app :)       BUGS:   - in the Goal view the menu button doesn't show the menu - Goal completion percentage doesn't consider resetting completed Actions to uncompleted",
      "review_date": [
        "January",
        "19",
        " 2018"
      ]
    },
    {
      "REQ_subtype": "",
      "REQ_type": "",
      "_id": 121,
      "author_id": "not defined",
      "author_name": "Patitapabana Moharana",
      "helpful": "0",
      "polarity": "",
      "rate": 5,
      "response": "",
      "response_date": "",
      "review": "Best Organizer app.  This app having good user interference with useful organizing tools. It makes us more effectiveness in everyday life. Thanks for developing this app.",
      "review_date": [
        "January",
        "16",
        " 2018"
      ]
    },
    {
      "REQ_subtype": "",
      "REQ_type": "",
      "_id": 122,
      "author_id": "not defined",
      "author_name": "Nata Vishnevska",
      "helpful": "1",
      "polarity": "",
      "rate": 4,
      "response": "",
      "response_date": "",
      "review": "How can I plan actions that are repeated several times a day?",
      "review_date": [
        "February",
        "21",
        " 2018"
      ]
    },
    {
      "REQ_subtype": "",
      "REQ_type": "",
      "_id": 123,
      "author_id": "not defined",
      "author_name": "christian baldonado",
      "helpful": "7",
      "polarity": "",
      "rate": 5,
      "response": "If you see only 1 goal ('unset'), then try to scroll it - there's a bug that goals occupy whole screen. But, they are there, check, please.\n\nUpd.: :) Thank you!)",
      "response_date": [
        "March",
        "18",
        " 2016"
      ],
      "review": "I updated my review because I still freaking love the app. Thanks!",
      "review_date": [
        "March",
        "14",
        " 2018"
      ]
    },
    {
      "REQ_subtype": "",
      "REQ_type": "",
      "_id": 124,
      "author_id": "not defined",
      "author_name": "lexo janji",
      "helpful": "1",
      "polarity": "",
      "rate": 4,
      "response": "",
      "response_date": "",
      "review": "I like it but main problem is that you cant have it on pc",
      "review_date": [
        "March",
        "6",
        " 2018"
      ]
    },
    {
      "REQ_subtype": "",
      "REQ_type": "",
      "_id": 125,
      "author_id": "not defined",
      "author_name": "Tera Richardson",
      "helpful": "0",
      "polarity": "",
      "rate": 4,
      "response": "",
      "response_date": "",
      "review": "I think the developers put a lot of thought into this. It is everything I've been looking for in an organization app and is helpful in getting me to think of things that put life into perspective.",
      "review_date": [
        "March",
        "23",
        " 2018"
      ]
    },
    {
      "REQ_subtype": "",
      "REQ_type": "",
      "_id": 126,
      "author_id": "not defined",
      "author_name": "Yvonne Koechig",
      "helpful": "2",
      "polarity": "",
      "rate": 4,
      "response": "",
      "response_date": "",
      "review": "I like this app,  and would like to use it more. Is there a user's guide available?",
      "review_date": [
        "January",
        "15",
        " 2018"
      ]
    },
    {
      "REQ_subtype": "",
      "REQ_type": "",
      "_id": 127,
      "author_id": "not defined",
      "author_name": "Levi C",
      "helpful": "0",
      "polarity": "",
      "rate": 4,
      "response": "",
      "response_date": "",
      "review": "If the UX/UI ncreased by 20% as far as sexiness/work flow, I would have rated 5 stars, but this is a great app and features are extremely solid",
      "review_date": [
        "March",
        "23",
        " 2018"
      ]
    },
    {
      "REQ_subtype": "",
      "REQ_type": "",
      "_id": 128,
      "author_id": "not defined",
      "author_name": "Jasper van Baars",
      "helpful": "0",
      "polarity": "",
      "rate": 5,
      "response": "",
      "response_date": "",
      "review": "Lovely execution of a great idea : helps me greatly and effectively - dislike the irritating Ad's , please allow for Ad removal soonest willing to pay",
      "review_date": [
        "February",
        "1",
        " 2018"
      ]
    },
    {
      "REQ_subtype": "",
      "REQ_type": "",
      "_id": 129,
      "author_id": "not defined",
      "author_name": "David Rodriguez",
      "helpful": "0",
      "polarity": "",
      "rate": 5,
      "response": "",
      "response_date": "",
      "review": "If it does have messaging please inform me how to use it. Would love to share information to family other than Gmail or Facebook. On a personal note I really love this ap. Thnx to everyone good job",
      "review_date": [
        "January",
        "19",
        " 2018"
      ]
    },
    {
      "REQ_subtype": "",
      "REQ_type": "",
      "_id": 130,
      "author_id": "not defined",
      "author_name": "Salsa Billa Aprianti",
      "helpful": "0",
      "polarity": "",
      "rate": 5,
      "response": "",
      "response_date": "",
      "review": "This is the most powerful and should have application ever! Not only how to put everything together. But the meaning of being organised and maintain a stable routine.",
      "review_date": [
        "March",
        "18",
        " 2018"
      ]
    },
    {
      "REQ_subtype": "",
      "REQ_type": "",
      "_id": 131,
      "author_id": "not defined",
      "author_name": "Jam Our",
      "helpful": "0",
      "polarity": "",
      "rate": 2,
      "response": "",
      "response_date": "",
      "review": "Confusing and overcomplicated no help guide shame as a lot of good features in it.",
      "review_date": [
        "March",
        "8",
        " 2018"
      ]
    },
    {
      "REQ_subtype": "",
      "REQ_type": "",
      "_id": 132,
      "author_id": "not defined",
      "author_name": "Adrian Clark",
      "helpful": "0",
      "polarity": "",
      "rate": 5,
      "response": "",
      "response_date": "",
      "review": "Love it. Want a paid version to support dev and kill ads... ;)",
      "review_date": [
        "February",
        "9",
        " 2018"
      ]
    },
    {
      "REQ_subtype": "",
      "REQ_type": "",
      "_id": 133,
      "author_id": "not defined",
      "author_name": "Phil Miller",
      "helpful": "0",
      "polarity": "",
      "rate": 5,
      "response": "",
      "response_date": "",
      "review": "Early on, and loving it. Ease of use makes it user friendly, so I see myself getting into the habit of using it often. Great job!",
      "review_date": [
        "March",
        "15",
        " 2018"
      ]
    },
    {
      "REQ_subtype": "",
      "REQ_type": "",
      "_id": 134,
      "author_id": "not defined",
      "author_name": "Mora Fr",
      "helpful": "2",
      "polarity": "",
      "rate": 4,
      "response": "",
      "response_date": "",
      "review": "The one thing that this app need to be great is to link it with Google Calendar",
      "review_date": [
        "March",
        "28",
        " 2018"
      ]
    },
    {
      "REQ_subtype": "",
      "REQ_type": "",
      "_id": 135,
      "author_id": "not defined",
      "author_name": "sanju mehta",
      "helpful": "0",
      "polarity": "",
      "rate": 5,
      "response": "",
      "response_date": "",
      "review": "Very good app for productivity.. Specially first thing first and mission statement",
      "review_date": [
        "January",
        "15",
        " 2018"
      ]
    },
    {
      "REQ_subtype": "",
      "REQ_type": "",
      "_id": 136,
      "author_id": "not defined",
      "author_name": "Lena Adams",
      "helpful": "0",
      "polarity": "",
      "rate": 5,
      "response": "",
      "response_date": "",
      "review": "Genius tool! After having tried tons of various time management apps, this is the one that did everything I ever wished for and more!",
      "review_date": [
        "March",
        "20",
        " 2018"
      ]
    },
    {
      "REQ_subtype": "",
      "REQ_type": "",
      "_id": 137,
      "author_id": "not defined",
      "author_name": "sacricide X",
      "helpful": "0",
      "polarity": "",
      "rate": 5,
      "response": "",
      "response_date": "",
      "review": "So far I'm impressed just on the layout alone. It's simple but not too simple",
      "review_date": [
        "January",
        "11",
        " 2018"
      ]
    },
    {
      "REQ_subtype": "",
      "REQ_type": "",
      "_id": 138,
      "author_id": "not defined",
      "author_name": "poy espiritu",
      "helpful": "0",
      "polarity": "",
      "rate": 5,
      "response": "",
      "response_date": "",
      "review": "LOVE AT FIRST SIGHT. IT HAS EVERYTHING YOU NEED. THE CREATOR HAS PUT LOTS OF EFFORT AND RESEARCH",
      "review_date": [
        "March",
        "16",
        " 2018"
      ]
    },
    {
      "REQ_subtype": "",
      "REQ_type": "",
      "_id": 139,
      "author_id": "not defined",
      "author_name": "Chris Cunlah",
      "helpful": "0",
      "polarity": "",
      "rate": 4,
      "response": "",
      "response_date": "",
      "review": "I like this app as it is user friendly. Of course it can be improved upon but already it is on the right track... thank you.",
      "review_date": [
        "February",
        "17",
        " 2018"
      ]
    },
    {
      "REQ_subtype": "",
      "REQ_type": "",
      "_id": 140,
      "author_id": "not defined",
      "author_name": "iSaltNetwork Inc",
      "helpful": "0",
      "polarity": "",
      "rate": 5,
      "response": "",
      "response_date": "",
      "review": "This isn't just another app... This is an AWESOME tool for developing the life you truly want. I LOVE IT!",
      "review_date": [
        "March",
        "24",
        " 2018"
      ]
    },
    {
      "REQ_subtype": "",
      "REQ_type": "",
      "_id": 141,
      "author_id": "not defined",
      "author_name": "Mohamed Taher",
      "helpful": "0",
      "polarity": "",
      "rate": 5,
      "response": "",
      "response_date": "",
      "review": "Seriously perfect app with useful features, setting long term goals and philosophy as well is quite nice job.",
      "review_date": [
        "February",
        "27",
        " 2018"
      ]
    },
    {
      "REQ_subtype": "",
      "REQ_type": "",
      "_id": 142,
      "author_id": "not defined",
      "author_name": "Anh lam",
      "helpful": "0",
      "polarity": "",
      "rate": 5,
      "response": "",
      "response_date": "",
      "review": "I love this app, it helps me stop being lazy, unfocus..., Try to make all goals come true",
      "review_date": [
        "February",
        "28",
        " 2018"
      ]
    },
    {
      "REQ_subtype": "",
      "REQ_type": "",
      "_id": 143,
      "author_id": "not defined",
      "author_name": "Muhammad Faisal",
      "helpful": "0",
      "polarity": "",
      "rate": 5,
      "response": "",
      "response_date": "",
      "review": "This app has great features. I like most Setting Goals and Actions under your Role.",
      "review_date": [
        "February",
        "5",
        " 2018"
      ]
    },
    {
      "REQ_subtype": "",
      "REQ_type": "",
      "_id": 144,
      "author_id": "not defined",
      "author_name": "Sumit Kumar Dash",
      "helpful": "0",
      "polarity": "",
      "rate": 5,
      "response": "",
      "response_date": "",
      "review": "Best concept, well designed App..., can we set pictures to the goals. That will feel real......",
      "review_date": [
        "February",
        "6",
        " 2018"
      ]
    },
    {
      "REQ_subtype": "",
      "REQ_type": "",
      "_id": 145,
      "author_id": "not defined",
      "author_name": "Reza T.Ashtiani",
      "helpful": "0",
      "polarity": "",
      "rate": 5,
      "response": "",
      "response_date": "",
      "review": "Is there anyway I can upgrade and get rid of the ads?",
      "review_date": [
        "February",
        "1",
        " 2018"
      ]
    },
    {
      "REQ_subtype": "",
      "REQ_type": "",
      "_id": 146,
      "author_id": "not defined",
      "author_name": "A Google user",
      "helpful": "0",
      "polarity": "",
      "rate": 5,
      "response": "",
      "response_date": "",
      "review": "very details. help me to complete my goals and its free ;)",
      "review_date": [
        "January",
        "11",
        " 2018"
      ]
    },
    {
      "REQ_subtype": "",
      "REQ_type": "",
      "_id": 147,
      "author_id": "not defined",
      "author_name": "Devin OneGreatMan",
      "helpful": "0",
      "polarity": "",
      "rate": 4,
      "response": "",
      "response_date": "",
      "review": "Support your practice of the 7 Habits with this life management app based on Covey's book.",
      "review_date": [
        "February",
        "19",
        " 2018"
      ]
    },
    {
      "REQ_subtype": "",
      "REQ_type": "",
      "_id": 148,
      "author_id": "not defined",
      "author_name": "Ritik Jain RJ",
      "helpful": "0",
      "polarity": "",
      "rate": 3,
      "response": "",
      "response_date": "",
      "review": "Need some improvement in weekly schedule section",
      "review_date": [
        "March",
        "3",
        " 2018"
      ]
    },
    {
      "REQ_subtype": "",
      "REQ_type": "",
      "_id": 149,
      "author_id": "not defined",
      "author_name": "sanjib samantray",
      "helpful": "0",
      "polarity": "",
      "rate": 5,
      "response": "",
      "response_date": "",
      "review": "Very detailed app for time management and productivity. You should give it a try!",
      "review_date": [
        "March",
        "26",
        " 2018"
      ]
    },
    {
      "REQ_subtype": "",
      "REQ_type": "",
      "_id": 150,
      "author_id": "not defined",
      "author_name": "ankit singh",
      "helpful": "0",
      "polarity": "",
      "rate": 5,
      "response": "",
      "response_date": "",
      "review": "It's a great app with an awesome UI. Loved the concept of concerns and Influence.",
      "review_date": [
        "January",
        "16",
        " 2018"
      ]
    },
    {
      "REQ_subtype": "",
      "REQ_type": "",
      "_id": 151,
      "author_id": "not defined",
      "author_name": "James Garcia",
      "helpful": "0",
      "polarity": "",
      "rate": 5,
      "response": "",
      "response_date": "",
      "review": "This app is effective for figuring out my goals and helping me execute them",
      "review_date": [
        "March",
        "22",
        " 2018"
      ]
    },
    {
      "REQ_subtype": "",
      "REQ_type": "",
      "_id": 152,
      "author_id": "not defined",
      "author_name": "Kaushal Naik",
      "helpful": "1",
      "polarity": "",
      "rate": 1,
      "response": "We don't have yet, but you can try a program like 'adblock'",
      "response_date": [
        "October",
        "28",
        " 2017"
      ],
      "review": "Please Provide Ad Free Version",
      "review_date": [
        "March",
        "11",
        " 2018"
      ]
    },
    {
      "REQ_subtype": "",
      "REQ_type": "",
      "_id": 153,
      "author_id": "not defined",
      "author_name": "Okeoma Agu",
      "helpful": "1",
      "polarity": "",
      "rate": 4,
      "response": "",
      "response_date": "",
      "review": "Good start. Has enormous potential.",
      "review_date": [
        "January",
        "30",
        " 2018"
      ]
    },
    {
      "REQ_subtype": "",
      "REQ_type": "",
      "_id": 154,
      "author_id": "not defined",
      "author_name": "A Google user",
      "helpful": "0",
      "polarity": "",
      "rate": 5,
      "response": "",
      "response_date": "",
      "review": "Great to help me focus and keep on top of things",
      "review_date": [
        "March",
        "5",
        " 2018"
      ]
    },
    {
      "REQ_subtype": "",
      "REQ_type": "",
      "_id": 155,
      "author_id": "not defined",
      "author_name": "Kamohelo Motsima",
      "helpful": "0",
      "polarity": "",
      "rate": 5,
      "response": "",
      "response_date": "",
      "review": "What I've been looking for!",
      "review_date": [
        "February",
        "22",
        " 2018"
      ]
    },
    {
      "REQ_subtype": "",
      "REQ_type": "",
      "_id": 156,
      "author_id": "not defined",
      "author_name": "Sam big",
      "helpful": "0",
      "polarity": "",
      "rate": 4,
      "response": "",
      "response_date": "",
      "review": "Please insert Persian language",
      "review_date": [
        "February",
        "2",
        " 2018"
      ]
    },
    {
      "REQ_subtype": "",
      "REQ_type": "",
      "_id": 157,
      "author_id": "not defined",
      "author_name": "Ra biya",
      "helpful": "0",
      "polarity": "",
      "rate": 5,
      "response": "",
      "response_date": "",
      "review": "JUST what I was looking for, seriously thank you so much!",
      "review_date": [
        "February",
        "24",
        " 2018"
      ]
    },
    {
      "REQ_subtype": "",
      "REQ_type": "",
      "_id": 158,
      "author_id": "not defined",
      "author_name": "sara elkeurti",
      "helpful": "0",
      "polarity": "",
      "rate": 5,
      "response": "",
      "response_date": "",
      "review": "Wonderful very helpful and effective wow  , i'd really love it",
      "review_date": [
        "January",
        "22",
        " 2018"
      ]
    },
    {
      "REQ_subtype": "",
      "REQ_type": "",
      "_id": 159,
      "author_id": "not defined",
      "author_name": "Sandeep Navale Lakshman Rao",
      "helpful": "0",
      "polarity": "",
      "rate": 5,
      "response": "",
      "response_date": "",
      "review": "Changed from 3 star to 5 star after seeing the progress on comments",
      "review_date": [
        "March",
        "13",
        " 2018"
      ]
    }
  ],
  "size": "8.0",
  "url": "https://play.google.com/store/apps/details?id=com.andtek.sevenhabits",
  "version": "0.20.9"
}