{
  "categories": [
    "Simulation"
  ],
  "description": "Welcome, eager young investor, to AdVenture Capitalist! Arguably the world's greatest Capitalism simulator!\u00a0Have you always dreamed of owning your own business? Being the master of your own destiny?\u00a0 Forming your own multi-national conglomerate to create a world-wide, monopolistic economy? Then AdVenture Capitalist is the game for YOU!Begin your quest for world domination by clicking on the Lemonade Stand progress bar. Keep clicking until you can afford to pay for more squeezers! Now you\u2019ve got the hang of it.\u00a0Hire employees, purchase cutting edge upgrades, dominate the market, and attract eager Angel Investors to boost your profits! The only way to go is UP UP UP!AdVenture Capitalist - a strangely addicting idle game.",
  "inc": "Kongregate",
  "intalled_count": "10,000,000",
  "last_update": [
    "July",
    "10",
    " 2018"
  ],
  "name": "AdVenture Capitalist",
  "offered_by": "Google Commerce Ltd",
  "permissions": {
    "Identity": [
      "find accounts on the device"
    ],
    "Contacts": [
      "find accounts on the device"
    ],
    "Photos/Media/Files": [
      "read the contents of your USB storage",
      "modify or delete the contents of your USB storage"
    ],
    "Storage": [
      "read the contents of your USB storage",
      "modify or delete the contents of your USB storage"
    ],
    "Wi-Fi connection information": [
      "view Wi-Fi connections"
    ],
    "Phone": [
      "read phone status and identity"
    ],
    "Device ID & call information": [
      "read phone status and identity"
    ],
    "Other": [
      "receive data from Internet",
      "view network connections",
      "full network access",
      "run at startup",
      "control vibration",
      "prevent device from sleeping",
      "view network connections",
      "full network access",
      "control vibration",
      "prevent device from sleeping",
      "view network connections",
      "full network access"
    ]
  },
  "rate": [
    [
      "1,360,999",
      "4.6"
    ],
    [
      "1,002,275",
      "5"
    ],
    [
      "242,140",
      "4"
    ],
    [
      "62,019",
      "3"
    ],
    [
      "17,337",
      "2"
    ],
    [
      "37,228",
      "1"
    ]
  ],
  "required_android": "Varies with",
  "reviews": [
    {
      "REQ_subtype": "",
      "REQ_type": "",
      "_id": 0,
      "author_id": "not defined",
      "author_name": "Jeff T",
      "helpful": "22",
      "polarity": "",
      "rate": 1,
      "response": "Hey Jeff! We definitely spend a lot of time testing each update before they're released, but some issues can pop-up once an update is released to the masses. Our team is working on fixing the ad timer issue right now, and we're getting closer each day. The crashing could be low RAM - can you let us know your device make, model, and OS version?",
      "response_date": [
        "July",
        "11",
        " 2018"
      ],
      "review": "Latest update crashes when getting offline profits, the forgets about 3+ \nhours of remaining multiplier time. I don't know what is going on in the \ndevelopment world these days, but releasing updates to the general public \nwith no QA or UAT is just lazy. Why would anyone spend real world money \ninside the app if its just going to crash? If the free parts of the app \ndon't work, why would I assume the paid parts would work?",
      "review_date": [
        "July",
        "11",
        " 2018"
      ]
    },
    {
      "REQ_subtype": "",
      "REQ_type": "",
      "_id": 1,
      "author_id": "not defined",
      "author_name": "Heather Ceana Craig",
      "helpful": "12",
      "polarity": "",
      "rate": 1,
      "response": "Hey Heather, the screen rotation is actually a game requirement from the Play Store, so we likely can't make changes to this. As for the ad boost timer issue you're seeing, our team is working on the fix for this right now. We appreciate your patience with this. Thanks!",
      "response_date": [
        "July",
        "13",
        " 2018"
      ],
      "review": "I have the screen rotate TURNED OFF on my mobile, but this FRIGGEN game \nspins right as you click to view the menu, causing you to use time warps!! \nWho is the IDIOT who programmed that?? Do you people test your own games?? \nSub-menus only ditch back out to game. You have to re-click the menu. \nOften, the game \"loses\" time from your x2 profit videos.",
      "review_date": [
        "July",
        "13",
        " 2018"
      ]
    },
    {
      "REQ_subtype": "",
      "REQ_type": "",
      "_id": 2,
      "author_id": "not defined",
      "author_name": "YM Droid",
      "helpful": "3",
      "polarity": "",
      "rate": 5,
      "response": "Wow! Thank you so much for those incredibly kind words :) We're so thrilled to hear you're enjoying the game and you're sticking with us through the bumps in the road - it really means a lot to all of us here at Hyper Hippo!!",
      "response_date": [
        "July",
        "13",
        " 2018"
      ],
      "review": "I've been playing this game for a while and appreciate the updates they've \nmade to keep things interesting for people who've already completed the \nmain planets. There were a lot of bugs along the way, but what makes this a \n5 star game for me is that they've got the best support. If I could I'd \ngive them 10 stars for the support. Whether it's an independent game studio \nor big one like EA, I've never gotten faster support that didn't try to \nshift blame for what's actually an app issue. They acknowledge when things \ngo wrong and actually give you a real solution to help you in the game.",
      "review_date": [
        "July",
        "12",
        " 2018"
      ]
    },
    {
      "REQ_subtype": "",
      "REQ_type": "",
      "_id": 3,
      "author_id": "not defined",
      "author_name": "Timothy Brown",
      "helpful": "5",
      "polarity": "",
      "rate": 1,
      "response": "Hey Timothy, can you write to us at adventurecapitalist@hyperhippo.ca with your device info so we can help with the ads issue in more detail. As for the players at the top of the leaderboards, these could be paying players or even folks who have manipulated the game. If they play unfairly, they will be removed before the end of the Event.",
      "response_date": [
        "July",
        "13",
        " 2018"
      ],
      "review": "Wish i could put no stars. Your adds keep freezing my phone is getting \nannoying. It only happens on your app. I have other game the do the adds, \nand I never get disconnected from them. Tried closing all running apps and \nstill the same. Have to waste data to watch the adds, then i get know \nreward. Can you fix this if not i might be deleting game. One hour in to \nweekly contest and people are at decillion angles is crazy unfair. Sounds \nlike a pay to get anywhere game. New Halloween contest this week. And 15 \nminutes in and 100 people are at cotton angles. There useing time warps. So \nlike I said pay to get anywhere game. I'm deleting",
      "review_date": [
        "July",
        "13",
        " 2018"
      ]
    },
    {
      "REQ_subtype": "",
      "REQ_type": "",
      "_id": 4,
      "author_id": "not defined",
      "author_name": "Arrol Bernard",
      "helpful": "6",
      "polarity": "",
      "rate": 5,
      "response": "There's soooo many numbers beyond quadrillion you won't believe it!\n\nWhile there is a ranking system during the weekly Live Events, having something like this in the main game would be so cool. We can't guarantee anything, but we'll definitely take this into consideration!",
      "response_date": [
        "July",
        "13",
        " 2018"
      ],
      "review": "Great game. Was looking at the achievements and it looks crazy the amount \nof money you can make. After a quadrillion dollars i didnt even new there \nwas such a number. But it keeps going. Lol. Wish you could be ranked \nagainst other players or have some kind of interaction with other players?",
      "review_date": [
        "July",
        "13",
        " 2018"
      ]
    },
    {
      "REQ_subtype": "",
      "REQ_type": "",
      "_id": 5,
      "author_id": "not defined",
      "author_name": "Tech Wolf",
      "helpful": "5",
      "polarity": "",
      "rate": 5,
      "response": "Great question! The \"Free Rewards\" button that shows every few hours on the side of your game screen will provide the chance to earn a few Gold (or other random rewards). You can also tap the \"Free Gold\" option for alternative ways to collect Gold :)",
      "response_date": [
        "July",
        "12",
        " 2018"
      ],
      "review": "So far, so good! I left the tablet in sleep mode for a night, and was able \nto purchase everything on earth! I was wondering if it's possible to add \nthe ability to earn gold through watching adds or something, because gold \nseems pretty hard to come by!",
      "review_date": [
        "July",
        "11",
        " 2018"
      ]
    },
    {
      "REQ_subtype": "",
      "REQ_type": "",
      "_id": 6,
      "author_id": "not defined",
      "author_name": "Kyle Lemieux",
      "helpful": "3",
      "polarity": "",
      "rate": 5,
      "response": "",
      "response_date": "",
      "review": "Great game, I really do love it. But the one thing I don't like (and it's \nnot even gameplay related) is that if you dont have the auto rotate setting \nenabled on your phone, the game still switches to landscape mode if you \nturn your phone to the side. Sometimes I like to just play this game while \nI'm laying in bed on my side, but its kind of annoying when it switches to \nlandscape mode. Is there any way to disable it? Thanks!",
      "review_date": [
        "July",
        "12",
        " 2018"
      ]
    },
    {
      "REQ_subtype": "",
      "REQ_type": "",
      "_id": 7,
      "author_id": "not defined",
      "author_name": "Coulson L",
      "helpful": "3",
      "polarity": "",
      "rate": 3,
      "response": "Glad to hear you're enjoying the game again :) \n\nAs for the ads and the Event, this could be a connection issue. Please try disconnecting and reconnecting to your wifi network, and even try rebooting your device. If you continue to have the issues, write to us at ,adventurecapitalist@hyperhippo.ca so we can look into this in more detail. Thanks!",
      "response_date": [
        "July",
        "13",
        " 2018"
      ],
      "review": "Game is straightforward. Make money. I've played before but just restarted \nand it's as fun as I remember. After the recent update though, ads won't \nplay and I can't play the event, it'll just hang until I force quit the \ngame.",
      "review_date": [
        "July",
        "13",
        " 2018"
      ]
    },
    {
      "REQ_subtype": "",
      "REQ_type": "",
      "_id": 8,
      "author_id": "not defined",
      "author_name": "David Gray",
      "helpful": "0",
      "polarity": "",
      "rate": 3,
      "response": "Hi David, sorry to hear your progress was lost after the update - that definitely shouldn't have happened! Our support team can help get you back on track; please visit this link to learn how: http://bit.ly/2ID0BWB  \n\nYou can also write to us directly at adventurecapitalist@hyperhippo.ca",
      "response_date": [
        "July",
        "13",
        " 2018"
      ],
      "review": "This is a update 13th July 3018. I am \"FUMING\" with the game makers \n(kongregate) I updated the game with the new update so I could continue, or \nso I thought. My game I had going has been completely wiped away and u guys \nr making me redo \"everything\" and I mean everything again as if I've \n\"never\" played it b4. FIX THIS ISSUE NOW or I'm uninstalling for good and \nwill \"NEVER\" go near kongregate stuff again. \n\ud83d\ude2c\ud83d\ude2c\ud83d\ude2c\ud83d\ude2c\ud83d\ude2c\ud83d\ude2c\ud83d\ude2c\ud83d\ude2c\ud83d\ude2c\ud83d\ude2c\ud83d\ude2c\ud83d\ude2c\ud83d\ude2c\ud83d\ude2c\ud83d\ude2c\ud83d\ude2c\ud83d\ude2c\ud83d\ude2c\ud83d\ude2c",
      "review_date": [
        "July",
        "13",
        " 2018"
      ]
    },
    {
      "REQ_subtype": "",
      "REQ_type": "",
      "_id": 9,
      "author_id": "not defined",
      "author_name": "Breanna B",
      "helpful": "2",
      "polarity": "",
      "rate": 5,
      "response": "Hahaha - so glad to hear you're enjoying the game, Breanna! Best of luck in the Halloween Event this weekend :)",
      "response_date": [
        "July",
        "13",
        " 2018"
      ],
      "review": "This game is fantastic, but my biggest gripe right now is... Why the hell \nis there a Halloween event in the middle of July? I don't get it... Edit: \nyou guys are hilarious! I love this game",
      "review_date": [
        "July",
        "13",
        " 2018"
      ]
    },
    {
      "REQ_subtype": "",
      "REQ_type": "",
      "_id": 10,
      "author_id": "not defined",
      "author_name": "Jason Drizd",
      "helpful": "1",
      "polarity": "",
      "rate": 2,
      "response": "Thanks for your feedback, Jason! This is an issue our team is working on right now, but it's a little more complex than initially suspected. We don't have an ETA for the fix yet, but we're hoping to get this one sorted out as quickly as possible.",
      "response_date": [
        "July",
        "13",
        " 2018"
      ],
      "review": "This game was fun until I started noticing that my boosts were disappearing \nbefore the expiration time and the game stopped progressing while offline. \nMake you feel ripped off when it happens every other day. Fix the bugs. You \nlost a player in me.",
      "review_date": [
        "July",
        "12",
        " 2018"
      ]
    },
    {
      "REQ_subtype": "",
      "REQ_type": "",
      "_id": 11,
      "author_id": "not defined",
      "author_name": "Ryen Kuiper",
      "helpful": "2",
      "polarity": "",
      "rate": 4,
      "response": "Not over-stressed at all, Ryen - issues like these are definitely frustrating to come across in the game, especially if it means missing out on extra profits from your businesses :) Thanks for your understanding and patience with this!",
      "response_date": [
        "July",
        "13",
        " 2018"
      ],
      "review": "Edit: wow, thank you for responding so quickly Kongregate! That makes \nsense; I might have overstressed the inconvenience of it by using the word \n\"glaring,\" but at least you're aware that it happens. Great little \ntime-sink of a clicker game, all around. That being said, there's one \nglaring flaw in it for me: Not sure if it's the latest update version or \nwhat, but on my account, the ads that give you free resources/profit \nboosts/offline profit multiplication don't load unless I boot the game up \nand let it sit totally still for 3 minutes or so. If I hit \"Watch Ad\" too \nearly, it tells me something along the lines of \"Whoops! Looks like we ran \nout of advertisements for you!\" and in certain cases locks me out of \nwhatever reward I was trying to watch an ad for.",
      "review_date": [
        "July",
        "13",
        " 2018"
      ]
    },
    {
      "REQ_subtype": "",
      "REQ_type": "",
      "_id": 12,
      "author_id": "not defined",
      "author_name": "John Jacobson",
      "helpful": "2",
      "polarity": "",
      "rate": 2,
      "response": "Hey John, these issues are typically is caused by low RAM. Please try playing with as few background apps running as possible, and while connected to a strong wifi network. If the freezing continues, let us know your device info at adventurecapitalist@hyperhippo.ca",
      "response_date": [
        "July",
        "13",
        " 2018"
      ],
      "review": "Like the game but it freezes too much. Almost ready to uninstall as I am \nalways trying to get it to work.",
      "review_date": [
        "July",
        "13",
        " 2018"
      ]
    },
    {
      "REQ_subtype": "",
      "REQ_type": "",
      "_id": 13,
      "author_id": "not defined",
      "author_name": "Ianmonster27",
      "helpful": "3",
      "polarity": "",
      "rate": 5,
      "response": "",
      "response_date": "",
      "review": "Making money the easy way, this game is simple, yet... addicting.from the \nconcept to the gameplay you will have your greedy, money making hands \nwrapped around the phone/tablet playing this game!",
      "review_date": [
        "July",
        "13",
        " 2018"
      ]
    },
    {
      "REQ_subtype": "",
      "REQ_type": "",
      "_id": 14,
      "author_id": "not defined",
      "author_name": "Kiara Keefer",
      "helpful": "1",
      "polarity": "",
      "rate": 3,
      "response": "Hey Kiara, thanks for that feedback! While there isn't a way to revert the update or look of the game, we'd like to look into the font sizes with you, since they shouldn't have changed dramatically. Can you let us know your device make, model, and the OS version you have installed? Thanks so much!",
      "response_date": [
        "July",
        "12",
        " 2018"
      ],
      "review": "I love this game and I just updated it and I guess I had a older version \nand all the graphics and stuff changed and I wish there was an option to go \nback to the old version because I can't see it really well because of how \nsmall the numbers look now and I wish this would change because I really \nlike this game",
      "review_date": [
        "July",
        "11",
        " 2018"
      ]
    },
    {
      "REQ_subtype": "",
      "REQ_type": "",
      "_id": 15,
      "author_id": "not defined",
      "author_name": "Chris Modes",
      "helpful": "0",
      "polarity": "",
      "rate": 1,
      "response": "",
      "response_date": "",
      "review": "Game is trash but the support staff is worse. I played this game for years \nnow and spent too much money on it but when my game started messing up they \nasked me to jump through all these hoops and show proof of purchases and \nall this stuff they should have attached to my account. There game broke \nand somehow I'm on the hook to do an hours of screen shots and emails just \nto get back to maybe where I left off? Don't waste your time and money on \nthis game they will just f you over in the long run",
      "review_date": [
        "July",
        "14",
        " 2018"
      ]
    },
    {
      "REQ_subtype": "",
      "REQ_type": "",
      "_id": 16,
      "author_id": "not defined",
      "author_name": "Kaine Eyedeekay",
      "helpful": "1",
      "polarity": "",
      "rate": 2,
      "response": "",
      "response_date": "",
      "review": "Dull and uninteresting gameplay. This game crashes constantly, losing your \nprogress and typically taking more than 1 restart to get it running again. \nNot worth the constant ads",
      "review_date": [
        "July",
        "13",
        " 2018"
      ]
    },
    {
      "REQ_subtype": "",
      "REQ_type": "",
      "_id": 17,
      "author_id": "not defined",
      "author_name": "freddy fazbear",
      "helpful": "4",
      "polarity": "",
      "rate": 5,
      "response": "We appreciate the enthusiasm Freddy, but there's no need to resort to violence ;) We're so happy to hear you're loving the game and making good progress - keep up the good work!",
      "response_date": [
        "July",
        "12",
        " 2018"
      ],
      "review": "Its so good I have 3 more stores to buy then I have them all! THIS GAME IS \nTHE BEST IF U DONT RATE IT 5 STARS I WILL HURT U OK",
      "review_date": [
        "July",
        "12",
        " 2018"
      ]
    },
    {
      "REQ_subtype": "",
      "REQ_type": "",
      "_id": 18,
      "author_id": "not defined",
      "author_name": "Will Harris",
      "helpful": "0",
      "polarity": "",
      "rate": 5,
      "response": "",
      "response_date": "",
      "review": "This was surprisingly fun I have been playing this game almost non-stop \nsince I first downloaded it and that was yesterday. Now normally I don't \nlike the microtransaction style but this one is totally possible without \nbuying anything. However it takes much longer to accomplish the same thing. \nThat being said there's lots of opportunities to get the things that you \nwould normally have to pay for it. So in conclusion super fun not totally \npay to win so yeah I'd recommend it.",
      "review_date": [
        "July",
        "14",
        " 2018"
      ]
    },
    {
      "REQ_subtype": "",
      "REQ_type": "",
      "_id": 19,
      "author_id": "not defined",
      "author_name": "A Google user",
      "helpful": "2",
      "polarity": "",
      "rate": 5,
      "response": "Glad to hear you're having fun :) If you experience issues not earning offline progress consistently, this could be a sign of a connection issue. Disconnecting and reconnecting from wifi, or even rebooting your device, can help with this. Thanks again!",
      "response_date": [
        "July",
        "12",
        " 2018"
      ],
      "review": "this really fun and soooo easy. sometimes it can glitch and not give you \nyour offline earnings, but it doesn't happen often. It's so easy to spend \nmoney, but the more you spend, the more you earn.",
      "review_date": [
        "July",
        "11",
        " 2018"
      ]
    },
    {
      "REQ_subtype": "",
      "REQ_type": "",
      "_id": 20,
      "author_id": "not defined",
      "author_name": "Phillip Troedson",
      "helpful": "1",
      "polarity": "",
      "rate": 5,
      "response": "",
      "response_date": "",
      "review": "WARNING.. if you play this game you won't stop. I've been playing it for 3 \nyears now. Great game",
      "review_date": [
        "July",
        "13",
        " 2018"
      ]
    },
    {
      "REQ_subtype": "",
      "REQ_type": "",
      "_id": 21,
      "author_id": "not defined",
      "author_name": "Lucy Atakashi",
      "helpful": "1",
      "polarity": "",
      "rate": 5,
      "response": "",
      "response_date": "",
      "review": "Its honestly the best time killer and I love it so much. There's no need to \nrush or anything and it continues on it's own even if you close out!",
      "review_date": [
        "July",
        "13",
        " 2018"
      ]
    },
    {
      "REQ_subtype": "",
      "REQ_type": "",
      "_id": 22,
      "author_id": "not defined",
      "author_name": "A Google user",
      "helpful": "6",
      "polarity": "",
      "rate": 5,
      "response": "",
      "response_date": "",
      "review": "You should definitely download this game is highly recommended?! It's very \naddictive and fun I never really enjoyed tycoons but now I do but my \nfavourite is definitely this one! So yeah DOWNLOAD ITT $$$$",
      "review_date": [
        "July",
        "11",
        " 2018"
      ]
    },
    {
      "REQ_subtype": "",
      "REQ_type": "",
      "_id": 23,
      "author_id": "not defined",
      "author_name": "Embure Gehm",
      "helpful": "5",
      "polarity": "",
      "rate": 2,
      "response": "Hi again, have you been able to write to us at adventurecapitalist@hyperhippo.ca regarding the crashing? If you haven't, please do so whenever you can. If you have, our support team will reply to you as soon as they can. Thanks so much :)",
      "response_date": [
        "July",
        "13",
        " 2018"
      ],
      "review": "PLEASE FIX IT. Every time I go to open it and click continue to get the \nmoney that's collected while I was gone the entire game closes, it also \ndoes this when I go to do events, please fix it and I'll give the game 5 \nstars cuz I really do like it, it's just that ever since all the patches \nit's been messing up",
      "review_date": [
        "July",
        "12",
        " 2018"
      ]
    },
    {
      "REQ_subtype": "",
      "REQ_type": "",
      "_id": 24,
      "author_id": "not defined",
      "author_name": "A Google user",
      "helpful": "1",
      "polarity": "",
      "rate": 5,
      "response": "",
      "response_date": "",
      "review": "An extremely good time killer! Very nice graphics and easy controls (just \ntap). It's fun when you let it sit a couple of days, it builds up hella \nmoney.",
      "review_date": [
        "July",
        "12",
        " 2018"
      ]
    },
    {
      "REQ_subtype": "",
      "REQ_type": "",
      "_id": 25,
      "author_id": "not defined",
      "author_name": "Tyler Jensen",
      "helpful": "1",
      "polarity": "",
      "rate": 1,
      "response": "Hey Tyler - we're always working on improvements to the game. We'd love to help you out with this in more detail; please just write to us directly at adventurecapitalist@hyperhippo.ca with your device make, model, and your OS version. Thanks so much!",
      "response_date": [
        "July",
        "13",
        " 2018"
      ],
      "review": "Scam! They refuse to fix in game rewards for viewing ads so you watch them, \nbut the game resets and you don't get the reward. Report this game!",
      "review_date": [
        "July",
        "13",
        " 2018"
      ]
    },
    {
      "REQ_subtype": "",
      "REQ_type": "",
      "_id": 26,
      "author_id": "not defined",
      "author_name": "Tony Lacy",
      "helpful": "0",
      "polarity": "",
      "rate": 5,
      "response": "Wow! That's so awesome to hear, Tony! We'll make sure our resident musician hears the rave reviews :)",
      "response_date": [
        "July",
        "13",
        " 2018"
      ],
      "review": "The music is this game is by far my favorite phone game music I've ever \nheard. It's a catchy tune that I find myself singing, whistling, and \nhumming on a regular basis. The game is equally enjoyable and equally \naddictive. Play it with the sound on and try and compete with friends for \nhigh scores.",
      "review_date": [
        "July",
        "13",
        " 2018"
      ]
    },
    {
      "REQ_subtype": "",
      "REQ_type": "",
      "_id": 27,
      "author_id": "not defined",
      "author_name": "A Google user",
      "helpful": "0",
      "polarity": "",
      "rate": 5,
      "response": "",
      "response_date": "",
      "review": "Useless time-wasting app that requires absolutely no brain power to win \nat... I love it",
      "review_date": [
        "July",
        "13",
        " 2018"
      ]
    },
    {
      "REQ_subtype": "",
      "REQ_type": "",
      "_id": 28,
      "author_id": "not defined",
      "author_name": "Cassandra Jack",
      "helpful": "1",
      "polarity": "",
      "rate": 1,
      "response": "Hi Cassandra! Events are only accessible from Thursday - Monday; you'll see a \"Launch\" button when they're available. As for your Earth not working, can you let us know what's happening? You can also contact us directly at adventurecapitalist@hyperhippo.ca",
      "response_date": [
        "July",
        "12",
        " 2018"
      ],
      "review": "My game isnt working on earth at all. Your coding is messed up. It has been \nfor weeks. I had hoped youd fix it by now.",
      "review_date": [
        "July",
        "12",
        " 2018"
      ]
    },
    {
      "REQ_subtype": "",
      "REQ_type": "",
      "_id": 29,
      "author_id": "not defined",
      "author_name": "A Google user",
      "helpful": "0",
      "polarity": "",
      "rate": 5,
      "response": "",
      "response_date": "",
      "review": "It is amazing it is a simple game to play when you are bored. I mean I'm \nimpressed by this app (as long as this doesn't ask me to pay for anything ) \nthis should be rated 10 stars instead. \u2764\ud83d\udc99\ud83d\udc9a\ud83d\udc9b\ud83d\udc9c\ud83d\udc93\ud83d\udc94\ud83d\udc95\ud83d\udc96\ud83d\udc97\ud83d\udc98\ud83d\udc9d\ud83d\udc9e\ud83d\udc9f\ud83d\udc4d",
      "review_date": [
        "July",
        "13",
        " 2018"
      ]
    },
    {
      "REQ_subtype": "",
      "REQ_type": "",
      "_id": 30,
      "author_id": "not defined",
      "author_name": "Zomit the Comet Cats are Lords",
      "helpful": "1",
      "polarity": "",
      "rate": 4,
      "response": "That's challenging goal and impressive that you accomplished it! You've got the making of a true Capitalist, friend \ud83d\ude04",
      "response_date": [
        "July",
        "12",
        " 2018"
      ],
      "review": "Ok I think this game can be addicting. I made it my goal to only use lemons \ntill it costed at least 40 million to buy even 1. I succeeded too. I like \nthe easy to use formatting also.",
      "review_date": [
        "July",
        "11",
        " 2018"
      ]
    },
    {
      "REQ_subtype": "",
      "REQ_type": "",
      "_id": 31,
      "author_id": "not defined",
      "author_name": "Having Fun",
      "helpful": "1",
      "polarity": "",
      "rate": 5,
      "response": "",
      "response_date": "",
      "review": "It is an ok game but at the sometime you don't do much part from just \nwaiting in tell you have money to upgrade to get more money",
      "review_date": [
        "July",
        "12",
        " 2018"
      ]
    },
    {
      "REQ_subtype": "",
      "REQ_type": "",
      "_id": 32,
      "author_id": "not defined",
      "author_name": "RoboHobo",
      "helpful": "1",
      "polarity": "",
      "rate": 5,
      "response": "",
      "response_date": "",
      "review": "It's a great game but it's boring till a point but what can I say I play it \nfor almost an hour and it got boring I need to wait a lot and that's the \nboring part",
      "review_date": [
        "July",
        "11",
        " 2018"
      ]
    },
    {
      "REQ_subtype": "",
      "REQ_type": "",
      "_id": 33,
      "author_id": "not defined",
      "author_name": "Eleneri Pen'neth",
      "helpful": "1",
      "polarity": "",
      "rate": 4,
      "response": "",
      "response_date": "",
      "review": "If only earning really worked like this! This is a fun little game that's a \ngreat time sink. The music is cute and retro, the graphics are fun, and the \ngameplay is easy.",
      "review_date": [
        "July",
        "12",
        " 2018"
      ]
    },
    {
      "REQ_subtype": "",
      "REQ_type": "",
      "_id": 34,
      "author_id": "not defined",
      "author_name": "Blake Carlyon",
      "helpful": "1",
      "polarity": "",
      "rate": 5,
      "response": "",
      "response_date": "",
      "review": "Greatest clicker on the Play Store. Highly addictive. Been playing it for a \nfew years on different platforms. Highly recommend. Just don't go poop or \nyou'll be sitting for a long time.",
      "review_date": [
        "July",
        "12",
        " 2018"
      ]
    },
    {
      "REQ_subtype": "",
      "REQ_type": "",
      "_id": 35,
      "author_id": "not defined",
      "author_name": "A Google user",
      "helpful": "1",
      "polarity": "",
      "rate": 5,
      "response": "",
      "response_date": "",
      "review": "I like making money games and I couldn't find any game so this was the one \nand I love games like this. Thank you.",
      "review_date": [
        "July",
        "12",
        " 2018"
      ]
    },
    {
      "REQ_subtype": "",
      "REQ_type": "",
      "_id": 36,
      "author_id": "not defined",
      "author_name": "Melody Sanchez",
      "helpful": "1",
      "polarity": "",
      "rate": 5,
      "response": "",
      "response_date": "",
      "review": "Pretty addictive. If I can't be a billionaire in real life, an app is the \nnext best thing!",
      "review_date": [
        "July",
        "12",
        " 2018"
      ]
    },
    {
      "REQ_subtype": "",
      "REQ_type": "",
      "_id": 37,
      "author_id": "not defined",
      "author_name": "A Google user",
      "helpful": "1",
      "polarity": "",
      "rate": 5,
      "response": "",
      "response_date": "",
      "review": "It's a relaxing game where you upgrade different business to make more \nmoney to get more and better business I give it five stars",
      "review_date": [
        "July",
        "11",
        " 2018"
      ]
    },
    {
      "REQ_subtype": "",
      "REQ_type": "",
      "_id": 38,
      "author_id": "not defined",
      "author_name": "A Google user",
      "helpful": "1",
      "polarity": "",
      "rate": 4,
      "response": "",
      "response_date": "",
      "review": "Fun game. But moon and Mars are impossible to make useful progress without \nspending a lot of money",
      "review_date": [
        "July",
        "12",
        " 2018"
      ]
    },
    {
      "REQ_subtype": "",
      "REQ_type": "",
      "_id": 39,
      "author_id": "not defined",
      "author_name": "Ethyn Gunn",
      "helpful": "1",
      "polarity": "",
      "rate": 4,
      "response": "Well that's no good! Can you write to us at adventurecapitalist@hyperhippo.ca so we can help get you the Gold back to your account? Thanks so much!",
      "response_date": [
        "July",
        "12",
        " 2018"
      ],
      "review": "I spent 20 gold on a mega ticket and it stole my gold and didn't give me \nthe mega ticket",
      "review_date": [
        "July",
        "12",
        " 2018"
      ]
    },
    {
      "REQ_subtype": "",
      "REQ_type": "",
      "_id": 40,
      "author_id": "not defined",
      "author_name": "Angela Victorino",
      "helpful": "1",
      "polarity": "",
      "rate": 3,
      "response": "Oh no!! Crashing typically is caused by low RAM. Please try playing with as few background apps running as possible, and while connected to a strong wifi network. If the crashing continues, let us know your device info at adventurecapitalist@hyperhippo.ca. We can also help with your progress as well!",
      "response_date": [
        "July",
        "12",
        " 2018"
      ],
      "review": "I would give five stars...but the game made me uninstall it then reinstall \nit because it kept crashing every time I tried to go to the moon",
      "review_date": [
        "July",
        "12",
        " 2018"
      ]
    },
    {
      "REQ_subtype": "",
      "REQ_type": "",
      "_id": 41,
      "author_id": "not defined",
      "author_name": "Gen Bowman",
      "helpful": "1",
      "polarity": "",
      "rate": 5,
      "response": "Hi Gen, we hear you! We'd love to have a cloud saving feature one day. In the meantime, our support team is happy to help transfer your progress. Write us at adventurecapitalist@hyperhippo.ca to get started.",
      "response_date": [
        "July",
        "13",
        " 2018"
      ],
      "review": "I have played this game for almost 4 years and I love it. I just wish I \ndidn't have to start a new game every time I switch phones.",
      "review_date": [
        "July",
        "13",
        " 2018"
      ]
    },
    {
      "REQ_subtype": "",
      "REQ_type": "",
      "_id": 42,
      "author_id": "not defined",
      "author_name": "Adam Zappone",
      "helpful": "1",
      "polarity": "",
      "rate": 4,
      "response": "",
      "response_date": "",
      "review": "It's a great game and I gave it four stars because every Everything is \ncosting to much but great game",
      "review_date": [
        "July",
        "12",
        " 2018"
      ]
    },
    {
      "REQ_subtype": "",
      "REQ_type": "",
      "_id": 43,
      "author_id": "not defined",
      "author_name": "Ethan Marshall",
      "helpful": "1",
      "polarity": "",
      "rate": 4,
      "response": "",
      "response_date": "",
      "review": "Really fun way to waste time and no ads except if you want to speed things \nup! Exellent!!!",
      "review_date": [
        "July",
        "11",
        " 2018"
      ]
    },
    {
      "REQ_subtype": "",
      "REQ_type": "",
      "_id": 44,
      "author_id": "not defined",
      "author_name": "Arianna Rose",
      "helpful": "1",
      "polarity": "",
      "rate": 4,
      "response": "",
      "response_date": "",
      "review": "It's a good game if you are one of the people who likes taps to riches you \nwill like this game even more",
      "review_date": [
        "July",
        "12",
        " 2018"
      ]
    },
    {
      "REQ_subtype": "",
      "REQ_type": "",
      "_id": 45,
      "author_id": "not defined",
      "author_name": "Nikki Pope",
      "helpful": "1",
      "polarity": "",
      "rate": 5,
      "response": "",
      "response_date": "",
      "review": "I play this game daily. Just got a new phone and restarted from the \nbeginning and I'm so happy!",
      "review_date": [
        "July",
        "12",
        " 2018"
      ]
    },
    {
      "REQ_subtype": "",
      "REQ_type": "",
      "_id": 46,
      "author_id": "not defined",
      "author_name": "Love Potion",
      "helpful": "1",
      "polarity": "",
      "rate": 5,
      "response": "",
      "response_date": "",
      "review": "It is a great casual game that doesn't need a lot of attention yet \nextremely fun and addictive",
      "review_date": [
        "July",
        "12",
        " 2018"
      ]
    },
    {
      "REQ_subtype": "",
      "REQ_type": "",
      "_id": 47,
      "author_id": "not defined",
      "author_name": "Lyle Bowyer",
      "helpful": "1",
      "polarity": "",
      "rate": 5,
      "response": "",
      "response_date": "",
      "review": "Fun tome killer no need to be fully invested just couple of clicks and \nbegin upgrading",
      "review_date": [
        "July",
        "12",
        " 2018"
      ]
    },
    {
      "REQ_subtype": "",
      "REQ_type": "",
      "_id": 48,
      "author_id": "not defined",
      "author_name": "Robert Mancuso",
      "helpful": "1",
      "polarity": "",
      "rate": 4,
      "response": "",
      "response_date": "",
      "review": "Great time killer I've been downloading time killer apps and deleting them \nafter this is a keeper at least for awhile",
      "review_date": [
        "July",
        "12",
        " 2018"
      ]
    },
    {
      "REQ_subtype": "",
      "REQ_type": "",
      "_id": 49,
      "author_id": "not defined",
      "author_name": "Joseph Walters",
      "helpful": "1",
      "polarity": "",
      "rate": 1,
      "response": "Sorry to hear that, Joseph - what's happening when you try to play? Can you also let us know your device make, model, and OS version? Thanks!",
      "response_date": [
        "July",
        "11",
        " 2018"
      ],
      "review": "Your bad game did not even let me play it",
      "review_date": [
        "July",
        "11",
        " 2018"
      ]
    },
    {
      "REQ_subtype": "",
      "REQ_type": "",
      "_id": 50,
      "author_id": "not defined",
      "author_name": "Itachi Uchiha",
      "helpful": "1",
      "polarity": "",
      "rate": 4,
      "response": "You'll start earning Angels pretty quickly - you just have to first focus on making your businesses make as much money as you possibly can!",
      "response_date": [
        "July",
        "13",
        " 2018"
      ],
      "review": "It's fine. Just wish I could find a way to get the angels and other things.",
      "review_date": [
        "July",
        "13",
        " 2018"
      ]
    },
    {
      "REQ_subtype": "",
      "REQ_type": "",
      "_id": 51,
      "author_id": "not defined",
      "author_name": "Josue Rodriguez",
      "helpful": "1",
      "polarity": "",
      "rate": 5,
      "response": "",
      "response_date": "",
      "review": "Its the best app n game to kill time if you have something to wait to be \ndone!!!",
      "review_date": [
        "July",
        "13",
        " 2018"
      ]
    },
    {
      "REQ_subtype": "",
      "REQ_type": "",
      "_id": 52,
      "author_id": "not defined",
      "author_name": "colisha simpkins",
      "helpful": "0",
      "polarity": "",
      "rate": 1,
      "response": "Hey there! We can help get your progress back on track. Please check out this article to learn how we'll do this: http://bit.ly/2ID0BWB",
      "response_date": [
        "July",
        "14",
        " 2018"
      ],
      "review": "After spending A TON OF TIME on this game my tablet had to go through a \nreset and i lost EVERYTHING. They do not save your progress. Money and time \nall down the drain.",
      "review_date": [
        "July",
        "13",
        " 2018"
      ]
    },
    {
      "REQ_subtype": "",
      "REQ_type": "",
      "_id": 53,
      "author_id": "not defined",
      "author_name": "Lucastics",
      "helpful": "1",
      "polarity": "",
      "rate": 4,
      "response": "",
      "response_date": "",
      "review": "An easy concept to grasp and fun to play! A great concept with the Angels \nto make it even more fun.",
      "review_date": [
        "July",
        "12",
        " 2018"
      ]
    },
    {
      "REQ_subtype": "",
      "REQ_type": "",
      "_id": 54,
      "author_id": "not defined",
      "author_name": "Josh Schleit",
      "helpful": "1",
      "polarity": "",
      "rate": 1,
      "response": "",
      "response_date": "",
      "review": "Was fun till it started to extremly over heat my phone and force close \neverytime i tried to play it",
      "review_date": [
        "July",
        "13",
        " 2018"
      ]
    },
    {
      "REQ_subtype": "",
      "REQ_type": "",
      "_id": 55,
      "author_id": "not defined",
      "author_name": "John Stephen",
      "helpful": "1",
      "polarity": "",
      "rate": 4,
      "response": "",
      "response_date": "",
      "review": "Decent game decent play. I enjoy watcing the money go up and up. Im in the \ntrillions",
      "review_date": [
        "July",
        "11",
        " 2018"
      ]
    },
    {
      "REQ_subtype": "",
      "REQ_type": "",
      "_id": 56,
      "author_id": "not defined",
      "author_name": "Steve Orford",
      "helpful": "1",
      "polarity": "",
      "rate": 5,
      "response": "",
      "response_date": "",
      "review": "The game was great andi s one of the best clicker games. My only complaint \nis that its a pay to win.",
      "review_date": [
        "July",
        "11",
        " 2018"
      ]
    },
    {
      "REQ_subtype": "",
      "REQ_type": "",
      "_id": 57,
      "author_id": "not defined",
      "author_name": "A Google user",
      "helpful": "1",
      "polarity": "",
      "rate": 5,
      "response": "",
      "response_date": "",
      "review": "it is an awsoem game its like u have lots of jobs",
      "review_date": [
        "July",
        "12",
        " 2018"
      ]
    },
    {
      "REQ_subtype": "",
      "REQ_type": "",
      "_id": 58,
      "author_id": "not defined",
      "author_name": "Dead SliceX",
      "helpful": "3",
      "polarity": "",
      "rate": 5,
      "response": "",
      "response_date": "",
      "review": "Lul this game is time CONSUMING AND I'M HAVING SO MUCH FUN",
      "review_date": [
        "July",
        "11",
        " 2018"
      ]
    },
    {
      "REQ_subtype": "",
      "REQ_type": "",
      "_id": 59,
      "author_id": "not defined",
      "author_name": "The Blood Gang",
      "helpful": "1",
      "polarity": "",
      "rate": 5,
      "response": "",
      "response_date": "",
      "review": "This is a good time killing app I started playing at 12 and it's already 4",
      "review_date": [
        "July",
        "12",
        " 2018"
      ]
    },
    {
      "REQ_subtype": "",
      "REQ_type": "",
      "_id": 60,
      "author_id": "not defined",
      "author_name": "austin duvall",
      "helpful": "1",
      "polarity": "",
      "rate": 5,
      "response": "",
      "response_date": "",
      "review": "Second time I've downloaded this game and I still enjoy it for some unknown \nreason lol",
      "review_date": [
        "July",
        "12",
        " 2018"
      ]
    },
    {
      "REQ_subtype": "",
      "REQ_type": "",
      "_id": 61,
      "author_id": "not defined",
      "author_name": "Amy Bill",
      "helpful": "0",
      "polarity": "",
      "rate": 2,
      "response": "",
      "response_date": "",
      "review": "I can't even play game more then 2min keeps stopping and have to reloading \ngame every time I been playing this game for a long time and now it doing \nthis not happy please fix it",
      "review_date": [
        "July",
        "14",
        " 2018"
      ]
    },
    {
      "REQ_subtype": "",
      "REQ_type": "",
      "_id": 62,
      "author_id": "not defined",
      "author_name": "Eman Assad",
      "helpful": "1",
      "polarity": "",
      "rate": 5,
      "response": "If we ever find a way to translate your AdCap money to real life money, we'll let you know ;)",
      "response_date": [
        "July",
        "12",
        " 2018"
      ],
      "review": "It so awesome I wish you can get money in real life from this",
      "review_date": [
        "July",
        "12",
        " 2018"
      ]
    },
    {
      "REQ_subtype": "",
      "REQ_type": "",
      "_id": 63,
      "author_id": "not defined",
      "author_name": "A Google user",
      "helpful": "1",
      "polarity": "",
      "rate": 5,
      "response": "",
      "response_date": "",
      "review": "I absolutely love this game I've been playing this for like 10 years it's \namazing",
      "review_date": [
        "July",
        "12",
        " 2018"
      ]
    },
    {
      "REQ_subtype": "",
      "REQ_type": "",
      "_id": 64,
      "author_id": "not defined",
      "author_name": "David Knowles",
      "helpful": "2",
      "polarity": "",
      "rate": 4,
      "response": "Hey David, while there is any automatic way to transfer progress, our team can help set you up on the new phone. This article goes over the info we'll need in order to do this for you: http://bit.ly/2ID0BWB",
      "response_date": [
        "July",
        "11",
        " 2018"
      ],
      "review": "Fun game. Just wish you could transfer your progress to a new phone.",
      "review_date": [
        "July",
        "11",
        " 2018"
      ]
    },
    {
      "REQ_subtype": "",
      "REQ_type": "",
      "_id": 65,
      "author_id": "not defined",
      "author_name": "A Google user",
      "helpful": "1",
      "polarity": "",
      "rate": 3,
      "response": "Hey there, crashing typically is caused by low RAM. Please try playing with as few background apps running as possible, and while connected to a strong wifi network. If the crashing continues, let us know your device info at adventurecapitalist@hyperhippo.ca",
      "response_date": [
        "July",
        "12",
        " 2018"
      ],
      "review": "Its addictive but it always closes the app for no reason and i cant watch \nads",
      "review_date": [
        "July",
        "12",
        " 2018"
      ]
    },
    {
      "REQ_subtype": "",
      "REQ_type": "",
      "_id": 66,
      "author_id": "not defined",
      "author_name": "A Google user",
      "helpful": "1",
      "polarity": "",
      "rate": 4,
      "response": "Hi there! Crashing typically is caused by low RAM. Please try playing with as few background apps running as possible, and while connected to a strong wifi network. If the crashing continues, let us know your device info at adventurecapitalist@hyperhippo.ca",
      "response_date": [
        "July",
        "13",
        " 2018"
      ],
      "review": "It keeps going to the home screen! Fix that! But the game in general is good",
      "review_date": [
        "July",
        "13",
        " 2018"
      ]
    },
    {
      "REQ_subtype": "",
      "REQ_type": "",
      "_id": 67,
      "author_id": "not defined",
      "author_name": "Stella Twilley",
      "helpful": "1",
      "polarity": "",
      "rate": 5,
      "response": "",
      "response_date": "",
      "review": "For the first time since the last time I was a little bit of a big guy and \nit really",
      "review_date": [
        "July",
        "13",
        " 2018"
      ]
    },
    {
      "REQ_subtype": "",
      "REQ_type": "",
      "_id": 68,
      "author_id": "not defined",
      "author_name": "walter house",
      "helpful": "1",
      "polarity": "",
      "rate": 5,
      "response": "",
      "response_date": "",
      "review": "Fun game, phone needs to spit some of that money out!! Lol",
      "review_date": [
        "July",
        "12",
        " 2018"
      ]
    },
    {
      "REQ_subtype": "",
      "REQ_type": "",
      "_id": 69,
      "author_id": "not defined",
      "author_name": "Carmen Perez",
      "helpful": "1",
      "polarity": "",
      "rate": 5,
      "response": "",
      "response_date": "",
      "review": "I truly do love this game I'm on it 24/7 non-stop\u270b",
      "review_date": [
        "July",
        "13",
        " 2018"
      ]
    },
    {
      "REQ_subtype": "",
      "REQ_type": "",
      "_id": 70,
      "author_id": "not defined",
      "author_name": "Trevas Koss",
      "helpful": "1",
      "polarity": "",
      "rate": 3,
      "response": "",
      "response_date": "",
      "review": "We're up all night to get lucky.",
      "review_date": [
        "July",
        "13",
        " 2018"
      ]
    },
    {
      "REQ_subtype": "",
      "REQ_type": "",
      "_id": 71,
      "author_id": "not defined",
      "author_name": "A Google user",
      "helpful": "1",
      "polarity": "",
      "rate": 5,
      "response": "That would be coo! Would it be even cooler if the Capitalists could segway around? It is the future of transportation after all :) \n\nThanks so much for your feedback!",
      "response_date": [
        "July",
        "13",
        " 2018"
      ],
      "review": "What I think is it would be more cool to let people walk around",
      "review_date": [
        "July",
        "13",
        " 2018"
      ]
    },
    {
      "REQ_subtype": "",
      "REQ_type": "",
      "_id": 72,
      "author_id": "not defined",
      "author_name": "Jim Bob",
      "helpful": "0",
      "polarity": "",
      "rate": 2,
      "response": "Hey Jim - our team is working on the fix for this issue right now! The issue has turned out to be slightly more complex than it appears, so it's taking longer to resolve than we'd like. We really appreciate your patience with this in the meantime. Thanks so much :)",
      "response_date": [
        "July",
        "13",
        " 2018"
      ],
      "review": "The ad booster does not last the full 24 hours, please fix... Today at \n14:21 watched 3 ad boosters which is 12 hours worth, its currently 22:30 \nand boosters have expired. Not 12 hours long, fix now devs or am deleting. \nI'm sure this affects many others as well. You make money off the ads but \ndon't honor the boost.",
      "review_date": [
        "July",
        "13",
        " 2018"
      ]
    },
    {
      "REQ_subtype": "",
      "REQ_type": "",
      "_id": 73,
      "author_id": "not defined",
      "author_name": "A Google user",
      "helpful": "3",
      "polarity": "",
      "rate": 5,
      "response": "",
      "response_date": "",
      "review": "I have never had this much fun playing a game\ud83d\ude06\ud83d\ude04",
      "review_date": [
        "July",
        "10",
        " 2018"
      ]
    },
    {
      "REQ_subtype": "",
      "REQ_type": "",
      "_id": 74,
      "author_id": "not defined",
      "author_name": "A Google user",
      "helpful": "1",
      "polarity": "",
      "rate": 4,
      "response": "That's a great idea! Earning piles of cash with your friends would be so fun :) We can't guarantee we can bring this into the game, but we'll definitely take it into consideration :)",
      "response_date": [
        "July",
        "13",
        " 2018"
      ],
      "review": "It is a fun game it would be cool if you could mak3s groups",
      "review_date": [
        "July",
        "12",
        " 2018"
      ]
    },
    {
      "REQ_subtype": "",
      "REQ_type": "",
      "_id": 75,
      "author_id": "not defined",
      "author_name": "Shawn Dean",
      "helpful": "0",
      "polarity": "",
      "rate": 4,
      "response": "",
      "response_date": "",
      "review": "Pretty good game but sometime it will glitch and I'd end up losing profit \nbut overall it's a pretty amazing game and addicting to if your into doing \nthe best",
      "review_date": [
        "July",
        "13",
        " 2018"
      ]
    },
    {
      "REQ_subtype": "",
      "REQ_type": "",
      "_id": 76,
      "author_id": "not defined",
      "author_name": "Nicolas Brandes",
      "helpful": "1",
      "polarity": "",
      "rate": 4,
      "response": "",
      "response_date": "",
      "review": "It's addicting, but a time waster.",
      "review_date": [
        "July",
        "12",
        " 2018"
      ]
    },
    {
      "REQ_subtype": "",
      "REQ_type": "",
      "_id": 77,
      "author_id": "not defined",
      "author_name": "Maya Alhajry",
      "helpful": "1",
      "polarity": "",
      "rate": 5,
      "response": "",
      "response_date": "",
      "review": "The game's AMAZING.Not a single thing that's wrong about it!Love It.",
      "review_date": [
        "July",
        "13",
        " 2018"
      ]
    },
    {
      "REQ_subtype": "",
      "REQ_type": "",
      "_id": 78,
      "author_id": "not defined",
      "author_name": "ThatOneRandomWhiteDude G",
      "helpful": "0",
      "polarity": "",
      "rate": 1,
      "response": "Hey there, did you AdCap progress get reset? Or was this progress for the other games? If it was for our game, you can check out this article to learn more about how we can help you get back on track: http://bit.ly/2ID0BWB",
      "response_date": [
        "July",
        "14",
        " 2018"
      ],
      "review": "As soon as I downloaded 4 games to complete the offers for gold, they reset \nand changed on me.",
      "review_date": [
        "July",
        "13",
        " 2018"
      ]
    },
    {
      "REQ_subtype": "",
      "REQ_type": "",
      "_id": 79,
      "author_id": "not defined",
      "author_name": "Nathaniel Bowers",
      "helpful": "1",
      "polarity": "",
      "rate": 5,
      "response": "",
      "response_date": "",
      "review": "Great way to kill some time. 10/10 great for anxiety",
      "review_date": [
        "July",
        "12",
        " 2018"
      ]
    }
  ],
  "size": "Varies with devic",
  "url": "https://play.google.com/store/apps/details?id=com.kongregate.mobile.adventurecapitalist.google",
  "version": "Varies with device"
}