{
  "categories": [
    "Simulation",
    "Action & Adventure"
  ],
  "description": "Do you want to build houses and industrial buildings with heavy machines from LIEBHERR, MAN and STILL? Then get the Construction Simulator 2014 \u2013 in this way your Android device becomes a virtual construction site.Playing the Construction Simulator 2014 you can take over the control of 14 construction machines which are true to the originals in high-quality 3D graphics.  Excavate the foundation of a one-family house with realistic machines, operate a concrete pump which is as high as a house to cast concrete into the wall formwork of an industrial hall or place giant roof trusses with a mobile crane and show that you can keep a steady hand \u2013 more than 300 tasks promise more than 20 hours of gaming fun.Do you want to convert the small building company into a successful real estate group and bring your own style to the city where you can navigate freely?Features:-\t14 construction machines from LIEBHERR, MAN and STILL designed true to the original with original operating modes-\tHigh-quality 3D graphics-\tRealistic control of the construction machines, optimally designed for mobile devices - for example,  support of the euro control for excavators-\tHuge construction sites like wind generator, swimming pool, school building or town hall-\tFor beginners and experts: Free change from Arcade control to professional control -\tHuge freely navigable world -\tLadder of success: From apprentice to building tycoon-\tHighly variable order system guarantees never ending gaming funUnlock the different districts of the city and bring your own style to the city and choose freely colour, material and specifications of the construction",
  "inc": "astragon Entertainment GmbH",
  "intalled_count": "1,000,000",
  "last_update": [
    "April",
    "2",
    " 2015"
  ],
  "name": "Construction Simulator 2014",
  "offered_by": "Google Commerce Ltd",
  "permissions": {
    "Photos/Media/Files": [
      "read the contents of your USB storage",
      "modify or delete the contents of your USB storage"
    ],
    "Storage": [
      "read the contents of your USB storage",
      "modify or delete the contents of your USB storage"
    ],
    "Wi-Fi connection information": [
      "view Wi-Fi connections"
    ],
    "Other": [
      "view network connections",
      "full network access",
      "prevent device from sleeping",
      "Google Play license check"
    ]
  },
  "rate": [
    [
      "100,393",
      "4.3"
    ],
    [
      "67,832",
      "5"
    ],
    [
      "15,786",
      "4"
    ],
    [
      "6,511",
      "3"
    ],
    [
      "3,069",
      "2"
    ],
    [
      "7,195",
      "1"
    ]
  ],
  "required_android": "4.0.3",
  "reviews": [
    {
      "REQ_subtype": "",
      "REQ_type": "",
      "_id": 0,
      "author_id": "not defined",
      "author_name": "Max Kendall",
      "helpful": "2058",
      "polarity": "",
      "rate": 5,
      "response": "",
      "response_date": "",
      "review": "It's a great game but here are some ways you could make the game better in the next update 1. One thing you put in the is more vehicles. 2.another that would be great is to make it to where you can get out of the vehicle and walk around. 3.their could  be seasons in the game so they their would be seasonal  missions for example in the winter   you could clear the roads and in the fall you can gather the leaves. 4.It should also change  from day to night  during  gameplay  to improve the game. So if the creator of this game can set aside some time to make changes to the game that would be great",
      "review_date": [
        "October",
        "16",
        " 2016"
      ]
    },
    {
      "REQ_subtype": "",
      "REQ_type": "",
      "_id": 1,
      "author_id": "not defined",
      "author_name": "Dawson Flinchbaugh",
      "helpful": "1328",
      "polarity": "",
      "rate": 5,
      "response": "",
      "response_date": "",
      "review": "Construction Simulator is a well known pc game series, and this is its mobile counterpart. The game is open world with many diverse and realistic missions you can do to earn money. You can use the money you earn to buy new vehicles,(including a Liebherr LTM three axle mobile crane!) and grow your fleet. Recently, my game began to crash repeatedly, not allowing me to play. A message to the development team: if this is a widespread issue, I would recommend you address it ASAP.",
      "review_date": [
        "April",
        "5",
        " 2016"
      ]
    },
    {
      "REQ_subtype": "",
      "REQ_type": "",
      "_id": 2,
      "author_id": "not defined",
      "author_name": "Justin Bluer",
      "helpful": "0",
      "polarity": "",
      "rate": 4,
      "response": "",
      "response_date": "",
      "review": "Really fun game. I've done most of this stuff and can say most of the controls are accurate and realistic. I would like to be able to get right inside excavator and run joy sticks like I've seen on other excavation games. Just preference thing though. It would be better if the driving was a little more realistic.   I like this game though and thank you for your hard work. I'd also like to see a water well or oil well driller. Get a oil rig on here.",
      "review_date": [
        "April",
        "3",
        " 2015"
      ]
    },
    {
      "REQ_subtype": "",
      "REQ_type": "",
      "_id": 3,
      "author_id": "not defined",
      "author_name": "Taylor evans",
      "helpful": "0",
      "polarity": "",
      "rate": 5,
      "response": "",
      "response_date": "",
      "review": "I bought the game cuz I love it, but it didn't work well on my phone. I tried to do the refund button it didn't work for a few days and now it won't let me. I was wondering if you could somehow refund me at all? I will buy it in the future when I get a better phone also buy some goodies too ;). P.s thank you and hope to here back soon.",
      "review_date": [
        "February",
        "5",
        " 2016"
      ]
    },
    {
      "REQ_subtype": "",
      "REQ_type": "",
      "_id": 4,
      "author_id": "not defined",
      "author_name": "Bob Gibbs",
      "helpful": "1239",
      "polarity": "",
      "rate": 4,
      "response": "",
      "response_date": "",
      "review": "This is a good app.  However it is such a shame that there is no in-cab views, that are done in a similar fashion as is done in your truck simulator app.  I realize that creating these views will take time and effort, but I'll be happy to pay money for a job well done.  The M.A.N. prime mover needs to be enlarged in scale, as it is unrealistically tiny compared to the other vehicles.  Other than that I am very happy with this app.  Thank you.",
      "review_date": [
        "April",
        "4",
        " 2016"
      ]
    },
    {
      "REQ_subtype": "",
      "REQ_type": "",
      "_id": 5,
      "author_id": "not defined",
      "author_name": "Corey C",
      "helpful": "0",
      "polarity": "",
      "rate": 5,
      "response": "",
      "response_date": "",
      "review": "Great game best top quality construction sim out right now. Just waiting for a new version since I already completed this one.......Hey so are u guys a one hit wonder or what? Cause I've been waiting for a new update with more missions for a year now and still nothin....LETS GO! love the game.",
      "review_date": [
        "April",
        "25",
        " 2016"
      ]
    },
    {
      "REQ_subtype": "",
      "REQ_type": "",
      "_id": 6,
      "author_id": "not defined",
      "author_name": "shon nicolas",
      "helpful": "0",
      "polarity": "",
      "rate": 3,
      "response": "",
      "response_date": "",
      "review": "Especially for paying for a game, there are to many places to begin on how unfriendly to the user this game is.  If your in a job and have to stop for your actual life,  you can lose what you have accomplished.  Fun and addictive, but not worth the money for the product,  just could be a lot more user friendly.  Plus,  what the point in having money to spend in the game if you can only buy 1 vehicle of each? No properties,  or shops, or attachments,  tools, etc??? Great idea, not thought through.",
      "review_date": [
        "September",
        "14",
        " 2016"
      ]
    },
    {
      "REQ_subtype": "",
      "REQ_type": "",
      "_id": 7,
      "author_id": "not defined",
      "author_name": "John C",
      "helpful": "0",
      "polarity": "",
      "rate": 5,
      "response": "",
      "response_date": "",
      "review": "I do like the vehicles and the way they move to their certain aspects. You should add some details though like more vehicles that are controlled by the computer you know like the vans. Oh and add some other vehicles that you can master like one of those 8 axel cranes. With the second piece attached to the back. Make the larger excavator faster and add labels to the computer controlled cars. Oh and add something like hiring a worker so at the same time multiple things can happen. And add damage to vehicles. Real and visual to both the cars and the mastered vehicles. Thank you. I would suggest something like other construction vehicles that drive around. And D.O.T. trucks driving around. And make where it changes season and from day to knight. That would be great along with weather changing randomly. Thank you so much for creating something so good. Keep updating it with my suggestions will ya.",
      "review_date": [
        "February",
        "12",
        " 2017"
      ]
    },
    {
      "REQ_subtype": "",
      "REQ_type": "",
      "_id": 8,
      "author_id": "not defined",
      "author_name": "Kevin Lidtka",
      "helpful": "0",
      "polarity": "",
      "rate": 4,
      "response": "",
      "response_date": "",
      "review": "I have spent way more time playing this game then any other game I have. It's simple, relaxing and fun. I have one gripe and one request to make this game perfect. First, it is unable to multitask, meaning if you hop over to another app then hop back it restarts the game and resets you progress in a mission.  One request to make the app better is to reduce the amount of boundary walls in the map. I love taking shortcuts across the map and would like more. The invisible walls everywhere are jarring.",
      "review_date": [
        "July",
        "17",
        " 2015"
      ]
    },
    {
      "REQ_subtype": "",
      "REQ_type": "",
      "_id": 9,
      "author_id": "not defined",
      "author_name": "John Lyman",
      "helpful": "0",
      "polarity": "",
      "rate": 5,
      "response": "",
      "response_date": "",
      "review": "At first the game seemed a bit too difficult for me. But after some practice, I can now drive the truck down the street without ramming into anything, and I can operate an excavator. Very fun!",
      "review_date": [
        "October",
        "15",
        " 2016"
      ]
    },
    {
      "REQ_subtype": "",
      "REQ_type": "",
      "_id": 10,
      "author_id": "not defined",
      "author_name": "Adam D",
      "helpful": "0",
      "polarity": "",
      "rate": 5,
      "response": "",
      "response_date": "",
      "review": "All in all a great game, very graphic, on point, well put together. Crane stuff is pretty well on point, I think if picking up something too heavy with 60 ton mobile crane there should be a warning system telling the operators use a bigger crane, (tower crane) in some cases. Just to make it a Little more difficult ;)",
      "review_date": [
        "December",
        "27",
        " 2015"
      ]
    },
    {
      "REQ_subtype": "",
      "REQ_type": "",
      "_id": 11,
      "author_id": "not defined",
      "author_name": "Michelle Gonzaga",
      "helpful": "0",
      "polarity": "",
      "rate": 5,
      "response": "",
      "response_date": "",
      "review": "My 5 year old son loves all things construction, and so was beyond thrilled when I bought a coin package so we can purchase more vehicles. He gets impatient with the missions but loves to drive and explore the different places and discover what the vehicles can do. Imagine his disappointment when his profile disappeared, along with it his beloved vehicles. I emailed dev support, and they delivered! Plus 4 extra vehicles for the trouble.:)",
      "review_date": [
        "October",
        "28",
        " 2015"
      ]
    },
    {
      "REQ_subtype": "",
      "REQ_type": "",
      "_id": 12,
      "author_id": "not defined",
      "author_name": "Jack 1",
      "helpful": "0",
      "polarity": "",
      "rate": 1,
      "response": "",
      "response_date": "",
      "review": "Loved this game but no update in 3 years leaves me feeling unloved by the Devs. I also, as other below have spent a lot of money on in app purchases. Only to discover when I change my phone, my progress and purchase will not transfer over, leaving me frustrated and out of pocket.                                                          I have been waiting for a new or updated game so I can start over again, but untill that day I will be avoiding.",
      "review_date": [
        "February",
        "11",
        " 2018"
      ]
    },
    {
      "REQ_subtype": "",
      "REQ_type": "",
      "_id": 13,
      "author_id": "not defined",
      "author_name": "Corey Reese",
      "helpful": "53",
      "polarity": "",
      "rate": 4,
      "response": "",
      "response_date": "",
      "review": "I love the game overall. But the only issue I really have is it glitched and I can't use one of my vehicles. And I'll agree with some of the ppl on here a new version needs to come out. Better graphics more options as far as buildings, accessories to some of the machines and the ability to move in both modes on some of the vehicle. Other than that great game",
      "review_date": [
        "January",
        "20",
        " 2017"
      ]
    },
    {
      "REQ_subtype": "",
      "REQ_type": "",
      "_id": 14,
      "author_id": "not defined",
      "author_name": "Ciprian Diaconescu",
      "helpful": "203",
      "polarity": "",
      "rate": 4,
      "response": "",
      "response_date": "",
      "review": "Beautiful game with superb graphics and gameplay. Only issue for which i rate only 4 stars is the control of the car, we have only tilt which I don't like or a slider for left and right.the problem is that if you take out the finger from the slider you lose the control which anyway is very sensitive. I wish there were arrows instead of this useless slider",
      "review_date": [
        "April",
        "10",
        " 2016"
      ]
    },
    {
      "REQ_subtype": "",
      "REQ_type": "",
      "_id": 15,
      "author_id": "not defined",
      "author_name": "Abang Asriman",
      "helpful": "262",
      "polarity": "",
      "rate": 5,
      "response": "",
      "response_date": "",
      "review": "my child really love this game and can't stop playing this game at anytime does his have. And one more thing i am really need to know why it consum to much battery power... can the developer check for it and i am really appreciate if his can solve this situation... anyway i am alsoo love this game and 10 star for the great job...",
      "review_date": [
        "April",
        "8",
        " 2015"
      ]
    },
    {
      "REQ_subtype": "",
      "REQ_type": "",
      "_id": 16,
      "author_id": "not defined",
      "author_name": "Yash Patil",
      "helpful": "117",
      "polarity": "",
      "rate": 5,
      "response": "",
      "response_date": "",
      "review": "Its very good. And the graphics are awesome on my tab Acer Iconia B1-730HD. But I am sad that now this game has been freed by astragon cause I had to buy it last year. But new installers of this game are lucky to get free.",
      "review_date": [
        "September",
        "27",
        " 2015"
      ]
    },
    {
      "REQ_subtype": "",
      "REQ_type": "",
      "_id": 17,
      "author_id": "not defined",
      "author_name": "Steve Voelkel",
      "helpful": "99",
      "polarity": "",
      "rate": 1,
      "response": "",
      "response_date": "",
      "review": "I love the game but even though I sign in with google+ everyone I switch phones or have to reset it I lose all my progress and money paid in. Is here any way for this to not happen this time around? Thanks for the great game but hate loosing my progress.         Thanks for not responding at all.  That's great service.",
      "review_date": [
        "November",
        "13",
        " 2015"
      ]
    },
    {
      "REQ_subtype": "",
      "REQ_type": "",
      "_id": 18,
      "author_id": "not defined",
      "author_name": "Michael Fildes",
      "helpful": "67",
      "polarity": "",
      "rate": 5,
      "response": "",
      "response_date": "",
      "review": "Great game but needs an update. I've built almost everything now, had all vehicles for very long time. Update with new missions and vehicles would be amazing.... i would love an area that i can keep on digging into a open pit mine. Thhat would be so cool. still this is the best construction game I've found",
      "review_date": [
        "October",
        "20",
        " 2015"
      ]
    },
    {
      "REQ_subtype": "",
      "REQ_type": "",
      "_id": 19,
      "author_id": "not defined",
      "author_name": "gair talboys",
      "helpful": "36",
      "polarity": "",
      "rate": 3,
      "response": "",
      "response_date": "",
      "review": "Good game, but a few different things to do would be nice. I've built the same football pitch and swimming pool 3 times now and some more vehicles too. Surely an update is well overdue. Need some different things to do. Road building, estates etc that stay and not building the same things over and over again",
      "review_date": [
        "October",
        "5",
        " 2016"
      ]
    },
    {
      "REQ_subtype": "",
      "REQ_type": "",
      "_id": 20,
      "author_id": "not defined",
      "author_name": "Adam Meloche",
      "helpful": "522",
      "polarity": "",
      "rate": 5,
      "response": "",
      "response_date": "",
      "review": "Have issues with glitches when using the deposit tipper a lot. When you need to re use the container again, it does not empty. Also sometimes your submission does not complete when you leave the site causing you to need to redo that task. Other than that, awesome game!",
      "review_date": [
        "January",
        "5",
        " 2016"
      ]
    },
    {
      "REQ_subtype": "",
      "REQ_type": "",
      "_id": 21,
      "author_id": "not defined",
      "author_name": "Marcus Gaming",
      "helpful": "92",
      "polarity": "",
      "rate": 1,
      "response": "",
      "response_date": "",
      "review": "The developers of this app make an ok game, but you click refund and they deny your refund. THE GAME DOESN'T EVEN WORK FOR ME, I CAN USE IT, OR GET A REFUND!",
      "review_date": [
        "September",
        "29",
        " 2015"
      ]
    },
    {
      "REQ_subtype": "",
      "REQ_type": "",
      "_id": 22,
      "author_id": "not defined",
      "author_name": "David Calasso",
      "helpful": "101",
      "polarity": "",
      "rate": 1,
      "response": "",
      "response_date": "",
      "review": "This game wasn't too bad, initially, but once I got all the machines, and really started to progress in the game, it began crashing more and more, until finally it can't even be played. My device is more than sufficient to run this game, so this is clearly poor software designing. VERY DISAPPOINTED  !!!",
      "review_date": [
        "August",
        "3",
        " 2015"
      ]
    },
    {
      "REQ_subtype": "",
      "REQ_type": "",
      "_id": 23,
      "author_id": "not defined",
      "author_name": "John Silvestre",
      "helpful": "10",
      "polarity": "",
      "rate": 5,
      "response": "",
      "response_date": "",
      "review": "It's a pretty good game since I got the game for 20 cents when i only had like 80 cents left. Sad thing is that there is no cabin view please add this developers. Appreciate the good work but wed some twitching in some details",
      "review_date": [
        "October",
        "19",
        " 2017"
      ]
    },
    {
      "REQ_subtype": "",
      "REQ_type": "",
      "_id": 24,
      "author_id": "not defined",
      "author_name": "arnel galdo",
      "helpful": "12",
      "polarity": "",
      "rate": 5,
      "response": "",
      "response_date": "",
      "review": "I really love it. At first hated it because its hard to finished the game. But now I'm good. To make it easy,  just read and follow instruction. Thanks to the maker and developer. Hoping you to add another vehicle. Such as grider, dozer, or tug boat for inter island project. Thank you.",
      "review_date": [
        "July",
        "8",
        " 2017"
      ]
    },
    {
      "REQ_subtype": "",
      "REQ_type": "",
      "_id": 25,
      "author_id": "not defined",
      "author_name": "B ruski",
      "helpful": "33",
      "polarity": "",
      "rate": 5,
      "response": "",
      "response_date": "",
      "review": "It's sad how I read these comments and all u see is \"you need to improve this and that\" ..man screw all that! None of you can create a game so why have anything negative to say. Make your own game that does all the things that you're bugging this man about! Good job bro!!! 10 stars if I could.",
      "review_date": [
        "May",
        "11",
        " 2015"
      ]
    },
    {
      "REQ_subtype": "",
      "REQ_type": "",
      "_id": 26,
      "author_id": "not defined",
      "author_name": "Cesar Gonzalez",
      "helpful": "19",
      "polarity": "",
      "rate": 1,
      "response": "",
      "response_date": "",
      "review": "Missions are totally unclear, directions are given but is not ease or even possible to follow. Big time improvements needed on how the instructions are provided. I can not play this game and for now until fixed is money wasted!",
      "review_date": [
        "January",
        "20",
        " 2017"
      ]
    },
    {
      "REQ_subtype": "",
      "REQ_type": "",
      "_id": 27,
      "author_id": "not defined",
      "author_name": "Kevin Wilkins",
      "helpful": "26",
      "polarity": "",
      "rate": 3,
      "response": "",
      "response_date": "",
      "review": "This could be so much better if it worked properly. The driving controls and the camera  angles suck ! And many of the instructions  are not very clear. And the other motorists  are idiots, the makers of this game must be from Russia ! (Because of the driving)",
      "review_date": [
        "April",
        "15",
        " 2015"
      ]
    },
    {
      "REQ_subtype": "",
      "REQ_type": "",
      "_id": 28,
      "author_id": "not defined",
      "author_name": "ignacio gomez",
      "helpful": "22",
      "polarity": "",
      "rate": 1,
      "response": "",
      "response_date": "",
      "review": "I spent $ 10.00 on this game but when i upgraded my phone it did not allow me to redownload my previous in app purchases i was told i had to buy everything again. This game screwed me out of my $",
      "review_date": [
        "October",
        "10",
        " 2016"
      ]
    },
    {
      "REQ_subtype": "",
      "REQ_type": "",
      "_id": 29,
      "author_id": "not defined",
      "author_name": "W.D Gentry",
      "helpful": "17",
      "polarity": "",
      "rate": 3,
      "response": "",
      "response_date": "",
      "review": "If it had just a couple more pieces of equipment, a dozer for sure, and maybe an off-road truck? Any chance of further advancement to allow grade control? Throw in a dozer and ill give it 5 for sure. This game is awesome, make it better :-D",
      "review_date": [
        "June",
        "30",
        " 2015"
      ]
    },
    {
      "REQ_subtype": "",
      "REQ_type": "",
      "_id": 30,
      "author_id": "not defined",
      "author_name": "Dylan Ridder",
      "helpful": "22",
      "polarity": "",
      "rate": 2,
      "response": "",
      "response_date": "",
      "review": "I like the game a lot but for some reason it keeps on thinking that I'm trying to change vehicle modes when I'm not and its starting to get really annoying I really hope they fix it because it's a fun game and if there do fix it I would definitely rate it at 5 stars",
      "review_date": [
        "June",
        "18",
        " 2015"
      ]
    },
    {
      "REQ_subtype": "",
      "REQ_type": "",
      "_id": 31,
      "author_id": "not defined",
      "author_name": "Ryan Waldram",
      "helpful": "34",
      "polarity": "",
      "rate": 4,
      "response": "If your profile got lost for any reason, please contact our support directly via e-mail: support@astragon.de",
      "response_date": [
        "April",
        "3",
        " 2015"
      ],
      "review": "When I first installed this it was brilliant, spent countless hours on it and got through a heap of jobs and had most of the vehicles, since it updated (now for the second time) I have nothing. Every update wipes your account and makes you start all over again.",
      "review_date": [
        "April",
        "3",
        " 2015"
      ]
    },
    {
      "REQ_subtype": "",
      "REQ_type": "",
      "_id": 32,
      "author_id": "not defined",
      "author_name": "Ryan McCabe",
      "helpful": "9",
      "polarity": "",
      "rate": 3,
      "response": "",
      "response_date": "",
      "review": "I love this game... I play it all the time. I do have a problem though. I can not load my tipper with soil from the tower, nor, can I fill my concrete mixer. This does prevent me from completing certain missions meaning I have to employ contractors and losing out on money... Please solve this issue!!!",
      "review_date": [
        "June",
        "16",
        " 2015"
      ]
    },
    {
      "REQ_subtype": "",
      "REQ_type": "",
      "_id": 33,
      "author_id": "not defined",
      "author_name": "Ray 2020",
      "helpful": "0",
      "polarity": "",
      "rate": 1,
      "response": "",
      "response_date": "",
      "review": "Excellent graphics and gameplay.  Extremely poor quality customer service.  I purchased one million coins.  Deleted the profiles to start a new game and the coins disappeared.  THE PROGRAM SHOULD HAVE WARNED ME IF I DELETE THE PROFILES THE COINS WILL DISAPPEAR.   I have contacted customer service for two weeks without getting a simple solution.  They think that everybody wants coins for free.  Very poor English.",
      "review_date": [
        "November",
        "26",
        " 2015"
      ]
    },
    {
      "REQ_subtype": "",
      "REQ_type": "",
      "_id": 34,
      "author_id": "not defined",
      "author_name": "Rob Lennon",
      "helpful": "17",
      "polarity": "",
      "rate": 4,
      "response": "",
      "response_date": "",
      "review": "Great game save yourself the monotony of doing the same missions and spend 10 bucks for the 2mil coin pack. Only negative is that the camera angles are usually always in the worst spot. Besides that great game to kill time with",
      "review_date": [
        "August",
        "11",
        " 2016"
      ]
    },
    {
      "REQ_subtype": "",
      "REQ_type": "",
      "_id": 35,
      "author_id": "not defined",
      "author_name": "Jewel s",
      "helpful": "17",
      "polarity": "",
      "rate": 1,
      "response": "Can you please contact our support team directly via e-mail: support@astragon.de",
      "response_date": [
        "August",
        "24",
        " 2015"
      ],
      "review": "The game becomes unresponsive after a short time and crashes. This was without an update causing, it just randomly started doing. Already tried uninstalling and reinstalling, and it still does it",
      "review_date": [
        "September",
        "17",
        " 2015"
      ]
    },
    {
      "REQ_subtype": "",
      "REQ_type": "",
      "_id": 36,
      "author_id": "not defined",
      "author_name": "Choo Choo Ryan",
      "helpful": "0",
      "polarity": "",
      "rate": 4,
      "response": "",
      "response_date": "",
      "review": "Its a vearry great game! Never seen any better app game, just wow! Problems: 1. during the wind weel build, the crane hoock glitches and it goes in a weird angel like gravity doesn't exist and it's really annoying now. 2 your 2nd game isn't compatible with my tablet and I really wanna play it! Plz Help.",
      "review_date": [
        "December",
        "19",
        " 2017"
      ]
    },
    {
      "REQ_subtype": "",
      "REQ_type": "",
      "_id": 37,
      "author_id": "not defined",
      "author_name": "michael tomeng",
      "helpful": "0",
      "polarity": "",
      "rate": 1,
      "response": "",
      "response_date": "",
      "review": "I bought the game and many coins with real money, and purchased all the vehicles in the game. When i bought a new device, all my data cant be sync to my new device. I emailed dev, they just tell me their game data cant be transfer to other devices and user need to start again. What a stupid game. U should allow player to sync their data through google acc or facebook acc. Refund me all my previous purchase or help me to sync my last data!!!",
      "review_date": [
        "August",
        "19",
        " 2015"
      ]
    },
    {
      "REQ_subtype": "",
      "REQ_type": "",
      "_id": 38,
      "author_id": "not defined",
      "author_name": "Tim Northrup",
      "helpful": "21",
      "polarity": "",
      "rate": 1,
      "response": "",
      "response_date": "",
      "review": "Loved the game,  got a new phone,  used the same google play account and CAN NOT restore the purchases I made and paid real money for...... Extremely disappointed. Would have given 5 stars.",
      "review_date": [
        "July",
        "28",
        " 2015"
      ]
    },
    {
      "REQ_subtype": "",
      "REQ_type": "",
      "_id": 39,
      "author_id": "not defined",
      "author_name": "Gar Jenkins",
      "helpful": "22",
      "polarity": "",
      "rate": 4,
      "response": "",
      "response_date": "",
      "review": "Great game for \u20ac1. No real requirement to take any in app purchases which is nice. 1 small intermittent glitch on my GS5 where a mission will stall trying to deliver to the site but abandoning a mission is not detrimental. Will be nice to see continued updates.",
      "review_date": [
        "April",
        "3",
        " 2015"
      ]
    },
    {
      "REQ_subtype": "",
      "REQ_type": "",
      "_id": 40,
      "author_id": "not defined",
      "author_name": "sam c",
      "helpful": "0",
      "polarity": "",
      "rate": 4,
      "response": "",
      "response_date": "",
      "review": "Great game with good range of vehicle controlls unlike other games. The steering is a bit hard to use as it is not like a standard conventional wheel which i would much prefer. Great bit of fun graphics are not to bad either. Well worth the money.",
      "review_date": [
        "July",
        "3",
        " 2016"
      ]
    },
    {
      "REQ_subtype": "",
      "REQ_type": "",
      "_id": 41,
      "author_id": "not defined",
      "author_name": "A Ford",
      "helpful": "0",
      "polarity": "",
      "rate": 3,
      "response": "",
      "response_date": "",
      "review": "I love this game and would have rated it higher but for the horrendous method of steering. It is extremely difficult on my Tablet to control steering on any vehicle above 20mph. A slider system of steering would be much better as used on other simulator games I play. Please, please do something about this problem. It would then receive a five star rating from me, but left as it is, its only worth a three star.",
      "review_date": [
        "October",
        "9",
        " 2015"
      ]
    },
    {
      "REQ_subtype": "",
      "REQ_type": "",
      "_id": 42,
      "author_id": "not defined",
      "author_name": "Douglas Bone",
      "helpful": "13",
      "polarity": "",
      "rate": 5,
      "response": "",
      "response_date": "",
      "review": "I have tried more than a few mobile games in my time, most of which are pretty awful, but this game is an exception. Granted, the format lends itself to the mobile platform, but still it is executed well and the gameplay is entertaining. I can certainly forgive the dodgy translation!",
      "review_date": [
        "October",
        "18",
        " 2015"
      ]
    },
    {
      "REQ_subtype": "",
      "REQ_type": "",
      "_id": 43,
      "author_id": "not defined",
      "author_name": "A Google user",
      "helpful": "20",
      "polarity": "",
      "rate": 4,
      "response": "",
      "response_date": "",
      "review": "Need more public projects. Excavator controls are spot on. I cant believe your little prius can stop a semi hauling oversize dead in its tracks. What is that about? I think the devs are tired of actual trucks driving aggressive.",
      "review_date": [
        "December",
        "25",
        " 2015"
      ]
    },
    {
      "REQ_subtype": "",
      "REQ_type": "",
      "_id": 44,
      "author_id": "not defined",
      "author_name": "Travis Dillman",
      "helpful": "15",
      "polarity": "",
      "rate": 4,
      "response": "",
      "response_date": "",
      "review": "Needs bulldozers some track loaders Maybe some paving equipment....needs some skid loaders and also needs new jobs these are getting old",
      "review_date": [
        "November",
        "11",
        " 2015"
      ]
    },
    {
      "REQ_subtype": "",
      "REQ_type": "",
      "_id": 45,
      "author_id": "not defined",
      "author_name": "Durham Hrizai",
      "helpful": "3",
      "polarity": "",
      "rate": 1,
      "response": "",
      "response_date": "",
      "review": "Terrible game. Halfway through owning all equipent the game glitched and my \ntrailer for the loader truck fell through the map. Cant get an excavater \naround faster than 2mph",
      "review_date": [
        "June",
        "3",
        " 2018"
      ]
    },
    {
      "REQ_subtype": "",
      "REQ_type": "",
      "_id": 46,
      "author_id": "not defined",
      "author_name": "Eric Lugay",
      "helpful": "28",
      "polarity": "",
      "rate": 3,
      "response": "",
      "response_date": "",
      "review": "More pieces of equipment-fuel truck, bulldozer, wrecker, backhoe, repair truck. The truck should display the air hoses when it's hooked to the lowboy. Containers on own chassises, short, or long. Able to take containers off chassises. Factory and port loads on own chassises. Lowboy needs brakes. Able to buy and sell different types of equipment. 20 pieces of the same type of equipment allowed to be purchased! Please listen! Purchases are disappearing, unacceptable!",
      "review_date": [
        "May",
        "10",
        " 2015"
      ]
    },
    {
      "REQ_subtype": "",
      "REQ_type": "",
      "_id": 47,
      "author_id": "not defined",
      "author_name": "will richards",
      "helpful": "8",
      "polarity": "",
      "rate": 5,
      "response": "",
      "response_date": "",
      "review": "Like the game only one downside spent money on game had everything unlocked and then some, phone messed up had to reset lost everything wishing it could save",
      "review_date": [
        "January",
        "21",
        " 2016"
      ]
    },
    {
      "REQ_subtype": "",
      "REQ_type": "",
      "_id": 48,
      "author_id": "not defined",
      "author_name": "john danson muchiri",
      "helpful": "12",
      "polarity": "",
      "rate": 4,
      "response": "",
      "response_date": "",
      "review": "The only thing I would tell one downloading the game,don't download if your phone or tablet specifics are below esp in ROM",
      "review_date": [
        "May",
        "28",
        " 2016"
      ]
    },
    {
      "REQ_subtype": "",
      "REQ_type": "",
      "_id": 49,
      "author_id": "not defined",
      "author_name": "Jon Saxton",
      "helpful": "9",
      "polarity": "",
      "rate": 4,
      "response": "",
      "response_date": "",
      "review": "Excellent game better than most simulators. Like the graphics looks realistic at some aspect. Although i spent money on a coin package you took my money but never gave my coins, please fix or refund my money",
      "review_date": [
        "November",
        "20",
        " 2016"
      ]
    },
    {
      "REQ_subtype": "",
      "REQ_type": "",
      "_id": 50,
      "author_id": "not defined",
      "author_name": "Adam Stebbings",
      "helpful": "0",
      "polarity": "",
      "rate": 5,
      "response": "",
      "response_date": "",
      "review": "Love the game. Works really well and doesn't lag at all.  Things that could improve.  Moving vehicles off site when jobs are completed is annoying as the excavator is slow.   I think the truck and trailer should be one,  many times I've loaded the game and my trailers gone back to yard and truck hasn't. Should be a quick save button during each individual mission. ( good for when playing at work) running I to cars and signs stopping a big truck ks wierd and kind of annoying.",
      "review_date": [
        "November",
        "21",
        " 2015"
      ]
    },
    {
      "REQ_subtype": "",
      "REQ_type": "",
      "_id": 51,
      "author_id": "not defined",
      "author_name": "Maris Lukss",
      "helpful": "7",
      "polarity": "",
      "rate": 5,
      "response": "",
      "response_date": "",
      "review": "Causes a terminal glitch for my Samsung. Makes my phone unusable. Reinstalling doesn't fix the issue. Would love to continue using but cannot. Any ideas?",
      "review_date": [
        "December",
        "4",
        " 2017"
      ]
    },
    {
      "REQ_subtype": "",
      "REQ_type": "",
      "_id": 52,
      "author_id": "not defined",
      "author_name": "J Warren",
      "helpful": "0",
      "polarity": "",
      "rate": 5,
      "response": "",
      "response_date": "",
      "review": "Was a bit laggy on my old RAZR, but runs fine on my Droid Turbo. Has an amazing amount of detail for phone game. I have killed hours on this game and have successfully advanced without spending any in-app purchases.",
      "review_date": [
        "May",
        "17",
        " 2015"
      ]
    },
    {
      "REQ_subtype": "",
      "REQ_type": "",
      "_id": 53,
      "author_id": "not defined",
      "author_name": "Jaykob Stephens",
      "helpful": "0",
      "polarity": "",
      "rate": 4,
      "response": "",
      "response_date": "",
      "review": "This is a great game overall,  but one of the outstanding issues is the issue of saving. When you are doing a very time-consuming task and you have to quit for a reason, your progress is lost! I suggest a save button in the pause menu, such as the one found in Farming Simulator.",
      "review_date": [
        "May",
        "1",
        " 2015"
      ]
    },
    {
      "REQ_subtype": "",
      "REQ_type": "",
      "_id": 54,
      "author_id": "not defined",
      "author_name": "Where's Jug?",
      "helpful": "0",
      "polarity": "",
      "rate": 4,
      "response": "",
      "response_date": "",
      "review": "Honestly one of the coolest games I've ever played. But needs a little improvement... Like when you crash it just stops the vehicle. No damage or anything. Multiple vehicles on the heavy hauler. Other than that it's great",
      "review_date": [
        "October",
        "12",
        " 2015"
      ]
    },
    {
      "REQ_subtype": "",
      "REQ_type": "",
      "_id": 55,
      "author_id": "not defined",
      "author_name": "The Forward Observer Reviews and Unboxings",
      "helpful": "0",
      "polarity": "",
      "rate": 4,
      "response": "",
      "response_date": "",
      "review": "The steering slider is clunky and tilting is a pain in the butt. Also, driving on the right hand side is annoying but that's regional so no biggy.",
      "review_date": [
        "June",
        "30",
        " 2016"
      ]
    },
    {
      "REQ_subtype": "",
      "REQ_type": "",
      "_id": 56,
      "author_id": "not defined",
      "author_name": "Rob Robeson",
      "helpful": "0",
      "polarity": "",
      "rate": 5,
      "response": "",
      "response_date": "",
      "review": "Great work simulator. When I get home from work I can pretend to work more only without getting paid. Don't get the wrong idea, it's quite fun!",
      "review_date": [
        "May",
        "27",
        " 2016"
      ]
    },
    {
      "REQ_subtype": "",
      "REQ_type": "",
      "_id": 57,
      "author_id": "not defined",
      "author_name": "podski4",
      "helpful": "0",
      "polarity": "",
      "rate": 5,
      "response": "",
      "response_date": "",
      "review": "If you like 'big boys toys', this is the next best thing on a game simulater. As a mobile crane operator by profession, I can't put this game down, and I haven't got the cranes yet!. Superb graphics and amazing attention to detail where the vehicles are concerned. On the negative side, I would like to see accident damage when hitting other vehicles and road signs etc. It's not clever when my carefully manoevered low-loader gets pushed sideways by a car. Worth every penny though. 10/10",
      "review_date": [
        "September",
        "19",
        " 2015"
      ]
    },
    {
      "REQ_subtype": "",
      "REQ_type": "",
      "_id": 58,
      "author_id": "not defined",
      "author_name": "Reza Muttaqien",
      "helpful": "6",
      "polarity": "",
      "rate": 2,
      "response": "",
      "response_date": "",
      "review": "It's could't works well on my Samsung JT-1. It's always crushes, always show a report that it has stop working. Please fix it i love this game so much",
      "review_date": [
        "January",
        "26",
        " 2016"
      ]
    },
    {
      "REQ_subtype": "",
      "REQ_type": "",
      "_id": 59,
      "author_id": "not defined",
      "author_name": "Eric Kincl",
      "helpful": "0",
      "polarity": "",
      "rate": 4,
      "response": "",
      "response_date": "",
      "review": "Entertaining game, fun gameplay.  Keeps the toddler rivited.  The physics are a little funny as a truck going full speed will be stopped in its tracks by a measly fence post, but what do you expect for a cell-phone game?",
      "review_date": [
        "July",
        "15",
        " 2015"
      ]
    },
    {
      "REQ_subtype": "",
      "REQ_type": "",
      "_id": 60,
      "author_id": "not defined",
      "author_name": "Ronnie Johnny",
      "helpful": "6",
      "polarity": "",
      "rate": 3,
      "response": "",
      "response_date": "",
      "review": "Should consider options as follow: 1. Add driver view instead bumper view(including the tower view of crane). 2. Traffic flow should be more realistic, rather keep crashing on vehicle driven (even you have the right of the road). 3. Add damage effect to the vehicles or construction site if you bumped into it. That all, thanks.",
      "review_date": [
        "March",
        "11",
        " 2016"
      ]
    },
    {
      "REQ_subtype": "",
      "REQ_type": "",
      "_id": 61,
      "author_id": "not defined",
      "author_name": "A Google user",
      "helpful": "0",
      "polarity": "",
      "rate": 1,
      "response": "",
      "response_date": "",
      "review": "It opens, then I see the loading screen, then it crashes,re-opens,crashes,re-open again and again and again... Cant even see the title screen. Very dissapointed. PC version better. I demand a Refund",
      "review_date": [
        "September",
        "25",
        " 2015"
      ]
    },
    {
      "REQ_subtype": "",
      "REQ_type": "",
      "_id": 62,
      "author_id": "not defined",
      "author_name": "Lorenzo Reetz",
      "helpful": "6",
      "polarity": "",
      "rate": 3,
      "response": "",
      "response_date": "",
      "review": "When ever I leave the game to do another thing on my phone,when I come back on the game the job or tutorial has been reset and I have to start from step one again. Other wise it is fun.",
      "review_date": [
        "December",
        "9",
        " 2016"
      ]
    },
    {
      "REQ_subtype": "",
      "REQ_type": "",
      "_id": 63,
      "author_id": "not defined",
      "author_name": "DaniTwisted",
      "helpful": "6",
      "polarity": "",
      "rate": 4,
      "response": "",
      "response_date": "",
      "review": "For 1$ this game is very good! I wish there were graphic options since my device is not so good, and I am having lag and heating, bur a part from that, interesting game",
      "review_date": [
        "May",
        "5",
        " 2016"
      ]
    },
    {
      "REQ_subtype": "",
      "REQ_type": "",
      "_id": 64,
      "author_id": "not defined",
      "author_name": "Tomas Ribinskis",
      "helpful": "156",
      "polarity": "",
      "rate": 5,
      "response": "",
      "response_date": "",
      "review": "The issue is that I can't see any steering controls while in driving mode, the slider for steering is missing. My device is Samsung s5 marshmallow, before the marshmallow update, everything worked correctly.",
      "review_date": [
        "June",
        "19",
        " 2016"
      ]
    },
    {
      "REQ_subtype": "",
      "REQ_type": "",
      "_id": 65,
      "author_id": "not defined",
      "author_name": "archibald septon",
      "helpful": "6",
      "polarity": "",
      "rate": 4,
      "response": "",
      "response_date": "",
      "review": "This game is amazing. Fab graphics for a tablet great range of plant but some items are annoying to control and require Xbox 360 or other consoles controllers, so it NEEDS to have a controller system implemented.",
      "review_date": [
        "April",
        "25",
        " 2016"
      ]
    },
    {
      "REQ_subtype": "",
      "REQ_type": "",
      "_id": 66,
      "author_id": "not defined",
      "author_name": "Shivkiran Anil",
      "helpful": "9",
      "polarity": "",
      "rate": 1,
      "response": "",
      "response_date": "",
      "review": "I bought a cool pack fo 2million and i bought all the vehicles but when my phone reebooted the game was gone and when i reinstalled the game the profile and all the vehicles are gone i want it fixed or i want my money back i spent so much money for the coin pack and also to purchase the game but now i am thinking how stupid i was. I want it foxed game developors or i want refund",
      "review_date": [
        "September",
        "11",
        " 2015"
      ]
    },
    {
      "REQ_subtype": "",
      "REQ_type": "",
      "_id": 67,
      "author_id": "not defined",
      "author_name": "Jason Jaeger",
      "helpful": "0",
      "polarity": "",
      "rate": 2,
      "response": "",
      "response_date": "",
      "review": "Slow moving. Not a game you can play while wasting a few min and since when can't an excavator go over a 6in pile of dirt?",
      "review_date": [
        "April",
        "9",
        " 2017"
      ]
    },
    {
      "REQ_subtype": "",
      "REQ_type": "",
      "_id": 68,
      "author_id": "not defined",
      "author_name": "JustinTimeToFish",
      "helpful": "0",
      "polarity": "",
      "rate": 1,
      "response": "",
      "response_date": "",
      "review": "I bought it and tried installing, but it said it couldn't be installed. I have a samsung galaxy note 4 and I don't understand why it won't work...",
      "review_date": [
        "March",
        "21",
        " 2016"
      ]
    },
    {
      "REQ_subtype": "",
      "REQ_type": "",
      "_id": 69,
      "author_id": "not defined",
      "author_name": "peter muir",
      "helpful": "0",
      "polarity": "",
      "rate": 4,
      "response": "",
      "response_date": "",
      "review": "Best to play when you don't have much to do. Your going to hate leaving a mission incomplete. Love it looking for the up grade. However it would be nice to have the driver walking Form trucks and seeing from the inside as you control the trucks.",
      "review_date": [
        "June",
        "20",
        " 2017"
      ]
    },
    {
      "REQ_subtype": "",
      "REQ_type": "",
      "_id": 70,
      "author_id": "not defined",
      "author_name": "John Doe",
      "helpful": "6",
      "polarity": "",
      "rate": 3,
      "response": "",
      "response_date": "",
      "review": "How come the website doesn't work? Just started (5 hours). Like it, but must admit, already a bit tedious. I guess labour is. Already a bit frustrated that there are no real business simulations. Being able to hire labour, run multiple tenders, growing from a one man entrepreneur to a potential conglomerate, with a share trading system and real estate investment system and some competition from a clever AI, would take this beyond a simulation game to a proper strategy, and I'd be willing to pay full price!",
      "review_date": [
        "July",
        "12",
        " 2016"
      ]
    },
    {
      "REQ_subtype": "",
      "REQ_type": "",
      "_id": 71,
      "author_id": "not defined",
      "author_name": "Steve Ball",
      "helpful": "0",
      "polarity": "",
      "rate": 4,
      "response": "",
      "response_date": "",
      "review": "Really enjoying this one my only moan is that the controls can be temperamental some times they don't register when pushed and can be a little frustrating. Otherwise would be a big five stars if this was fixed",
      "review_date": [
        "September",
        "15",
        " 2015"
      ]
    },
    {
      "REQ_subtype": "",
      "REQ_type": "",
      "_id": 72,
      "author_id": "not defined",
      "author_name": "Rob Kurtz",
      "helpful": "0",
      "polarity": "",
      "rate": 2,
      "response": "",
      "response_date": "",
      "review": "I first got this game almost two years ago. It's still the exact same. I believe the only update so far has been for language support. The game is glitch-y. Missions sometimes don't complete. The hook on the mobile crane often gets stuck attached to the D-ring. I've built the pool three times and still can't seem to get the achievement for it. The trailer won't seem to stay at home. Whenever the game is restarted the trailer will be off parked wherever the last job was. The content needs updates.",
      "review_date": [
        "November",
        "14",
        " 2015"
      ]
    },
    {
      "REQ_subtype": "",
      "REQ_type": "",
      "_id": 73,
      "author_id": "not defined",
      "author_name": "John Humphreys",
      "helpful": "0",
      "polarity": "",
      "rate": 5,
      "response": "",
      "response_date": "",
      "review": "This game is the best construction game I have ever played on a tablet. Awesome game for the money. Can't wait for the next one 2015. I can't stop playing this game. When will we get a new version. This game awesome but would be great if we could get more.",
      "review_date": [
        "November",
        "25",
        " 2016"
      ]
    },
    {
      "REQ_subtype": "",
      "REQ_type": "",
      "_id": 74,
      "author_id": "not defined",
      "author_name": "Theresa Heil",
      "helpful": "0",
      "polarity": "",
      "rate": 5,
      "response": "",
      "response_date": "",
      "review": "I work in construction and am a nerd and love my job to the point, I like playing games about it too. I love and hate the fact you can get a speeding ticket. It's realistic.",
      "review_date": [
        "September",
        "9",
        " 2015"
      ]
    },
    {
      "REQ_subtype": "",
      "REQ_type": "",
      "_id": 75,
      "author_id": "not defined",
      "author_name": "Simon B",
      "helpful": "0",
      "polarity": "",
      "rate": 5,
      "response": "",
      "response_date": "",
      "review": "Some 'bugs' need fixing. Unfortunately I cannot attach a screenshot showing an example. But the skip got stuck in the digger!! Wherever I moved to, the skip would be there as part of the digger so I couldn't continue.",
      "review_date": [
        "October",
        "5",
        " 2015"
      ]
    },
    {
      "REQ_subtype": "",
      "REQ_type": "",
      "_id": 76,
      "author_id": "not defined",
      "author_name": "Rumple Stilskin",
      "helpful": "0",
      "polarity": "",
      "rate": 5,
      "response": "",
      "response_date": "",
      "review": "It's so much like playing a construction simulation game on your phone that you will swear that you're actually playing a construction simulation game on your phone!!",
      "review_date": [
        "September",
        "23",
        " 2016"
      ]
    },
    {
      "REQ_subtype": "",
      "REQ_type": "",
      "_id": 77,
      "author_id": "not defined",
      "author_name": "Eddy Diaz",
      "helpful": "0",
      "polarity": "",
      "rate": 5,
      "response": "",
      "response_date": "",
      "review": "I bought this game and honestly I have to say I'm loving it so far compared to the other construction games this one is the best. If I may suggest putting some traffic lights weather change a horn and maybe try to fix the steering on it a little. It also would be nice to put headlights on the trucks and let it turn dark, need to try and fix the part were the cars crash into u when u stop at the corners.",
      "review_date": [
        "May",
        "21",
        " 2015"
      ]
    },
    {
      "REQ_subtype": "",
      "REQ_type": "",
      "_id": 78,
      "author_id": "not defined",
      "author_name": "Jeremy Monteith",
      "helpful": "6",
      "polarity": "",
      "rate": 4,
      "response": "",
      "response_date": "",
      "review": "Good game overall. It's fairly realistic. My biggest complaint is the steering is almost impossible to control. But other than that it's a fun time kill!",
      "review_date": [
        "September",
        "13",
        " 2015"
      ]
    },
    {
      "REQ_subtype": "",
      "REQ_type": "",
      "_id": 79,
      "author_id": "not defined",
      "author_name": "Samaya Kumar",
      "helpful": "0",
      "polarity": "",
      "rate": 5,
      "response": "",
      "response_date": "",
      "review": "Very good game for .. who love to drive all those earth movers .. Crane controls are perfect.. Especially swing of the weight stops when u do the trick.. Superb..i am enjoing it and my wifes hates it ha ha ha ..",
      "review_date": [
        "June",
        "3",
        " 2015"
      ]
    },
    {
      "REQ_subtype": "",
      "REQ_type": "",
      "_id": 80,
      "author_id": "not defined",
      "author_name": "A Google user",
      "helpful": "0",
      "polarity": "",
      "rate": 5,
      "response": "",
      "response_date": "",
      "review": "The only bad thing is i paid for it and it keeps stopping while im playing and idea's on how to fix this problem",
      "review_date": [
        "September",
        "18",
        " 2016"
      ]
    },
    {
      "REQ_subtype": "",
      "REQ_type": "",
      "_id": 81,
      "author_id": "not defined",
      "author_name": "josh goreham",
      "helpful": "5",
      "polarity": "",
      "rate": 1,
      "response": "",
      "response_date": "",
      "review": "The only problem i have with the game it crashes all the time and its really annoying not to be able to play its a good game if i can play it without crashing",
      "review_date": [
        "August",
        "15",
        " 2016"
      ]
    },
    {
      "REQ_subtype": "",
      "REQ_type": "",
      "_id": 82,
      "author_id": "not defined",
      "author_name": "Dominic Johnson",
      "helpful": "0",
      "polarity": "",
      "rate": 5,
      "response": "",
      "response_date": "",
      "review": "This game couldn't be better. My only problem is why you don't start with the semi. It sucks to have to crawl across the map to the job site. Also, isn't the point of a simulator to be realistic, and in real life you could drive through a wooden fence into a field?",
      "review_date": [
        "April",
        "8",
        " 2016"
      ]
    },
    {
      "REQ_subtype": "",
      "REQ_type": "",
      "_id": 83,
      "author_id": "not defined",
      "author_name": "mamo adi",
      "helpful": "4",
      "polarity": "",
      "rate": 3,
      "response": "",
      "response_date": "",
      "review": "I can't understand how can a tiny car or a sign stops a speeding trailer!! Will you give more reliability for this game please?? It is nice but it needs to be close to reality.",
      "review_date": [
        "August",
        "13",
        " 2015"
      ]
    },
    {
      "REQ_subtype": "",
      "REQ_type": "",
      "_id": 84,
      "author_id": "not defined",
      "author_name": "mark douglass",
      "helpful": "0",
      "polarity": "",
      "rate": 4,
      "response": "",
      "response_date": "",
      "review": "Good little game ,but camera angles make it hard to drive the truck about .. just got so frustrating. .but apart from that a really good effort",
      "review_date": [
        "June",
        "20",
        " 2015"
      ]
    },
    {
      "REQ_subtype": "",
      "REQ_type": "",
      "_id": 85,
      "author_id": "not defined",
      "author_name": "Adrian Jackson",
      "helpful": "4",
      "polarity": "",
      "rate": 3,
      "response": "",
      "response_date": "",
      "review": "I absolutely love the game but find it infuriating when you do what you have to in order to get the achievements but the game does not give them to you. Please fix it!",
      "review_date": [
        "February",
        "4",
        " 2016"
      ]
    },
    {
      "REQ_subtype": "",
      "REQ_type": "",
      "_id": 86,
      "author_id": "not defined",
      "author_name": "Richard Letanosky",
      "helpful": "0",
      "polarity": "",
      "rate": 4,
      "response": "",
      "response_date": "",
      "review": "I really like this game. Lots of aspects to play in the construction and transfer business. One issue though, the steering is little tough at times and a bit vague. Fix that and I rate it five stars.",
      "review_date": [
        "January",
        "7",
        " 2017"
      ]
    },
    {
      "REQ_subtype": "",
      "REQ_type": "",
      "_id": 87,
      "author_id": "not defined",
      "author_name": "BERNARD O'Neill",
      "helpful": "4",
      "polarity": "",
      "rate": 2,
      "response": "",
      "response_date": "",
      "review": "This is a brilliant simulation game 1 of the best BUT it keeps just bringing me back out to my home screen which is very annoying. Please fix or refund my purchase.",
      "review_date": [
        "April",
        "20",
        " 2015"
      ]
    },
    {
      "REQ_subtype": "",
      "REQ_type": "",
      "_id": 88,
      "author_id": "not defined",
      "author_name": "Norman Arroyo",
      "helpful": "4",
      "polarity": "",
      "rate": 2,
      "response": "",
      "response_date": "",
      "review": "The game is much better thank you. Now, when you're in a job and leave the game, once you come back to it, all the vehicles are scattered all over the city and some back to base and is very annoying driving everyday all vehicles back to the job site.",
      "review_date": [
        "December",
        "21",
        " 2016"
      ]
    },
    {
      "REQ_subtype": "",
      "REQ_type": "",
      "_id": 89,
      "author_id": "not defined",
      "author_name": "Dan Danielson",
      "helpful": "0",
      "polarity": "",
      "rate": 1,
      "response": "",
      "response_date": "",
      "review": "Asus memo pad 8, the frame rate is terrible, sometimes a frame every 30 seconds. It has crashed many times, hoping they read the error reports and fix so I can play. Otherwise I want my money back. I loved the few mission I did play, even with the terrain/ cars disappearing sometimes.",
      "review_date": [
        "April",
        "18",
        " 2015"
      ]
    },
    {
      "REQ_subtype": "",
      "REQ_type": "",
      "_id": 90,
      "author_id": "not defined",
      "author_name": "ILOVE FRIES",
      "helpful": "0",
      "polarity": "",
      "rate": 5,
      "response": "",
      "response_date": "",
      "review": "This game is awsome. I never play any other game apart from this one.  The only thing i dont like about this game is the steering. If u could add a steering wheel it would be very much approciated.",
      "review_date": [
        "November",
        "29",
        " 2015"
      ]
    },
    {
      "REQ_subtype": "",
      "REQ_type": "",
      "_id": 91,
      "author_id": "not defined",
      "author_name": "mohd raezal",
      "helpful": "7",
      "polarity": "",
      "rate": 2,
      "response": "",
      "response_date": "",
      "review": "Why the mission doesnt show to full details? I got stuck and dont know what to do after that.. cant view the full really details for the mission.. blah!!!!!!",
      "review_date": [
        "August",
        "17",
        " 2015"
      ]
    },
    {
      "REQ_subtype": "",
      "REQ_type": "",
      "_id": 92,
      "author_id": "not defined",
      "author_name": "Jack Porter",
      "helpful": "0",
      "polarity": "",
      "rate": 4,
      "response": "",
      "response_date": "",
      "review": "Overall this is a great game.  Only problem I have experienced is the  aspect ratio being wrong when you are playing(I'm using the one plus two)  I don't know if this is my phone of the game but it's not really that noticeable anyway",
      "review_date": [
        "September",
        "17",
        " 2015"
      ]
    },
    {
      "REQ_subtype": "",
      "REQ_type": "",
      "_id": 93,
      "author_id": "not defined",
      "author_name": "Darryl Hunter",
      "helpful": "4",
      "polarity": "",
      "rate": 2,
      "response": "",
      "response_date": "",
      "review": "Played the game for a couple of days which was fine but then it just started crashing and going back to the profile menu, i uninstalled it and reinstalled but its still doing the same.",
      "review_date": [
        "November",
        "29",
        " 2015"
      ]
    },
    {
      "REQ_subtype": "",
      "REQ_type": "",
      "_id": 94,
      "author_id": "not defined",
      "author_name": "Josef Wall",
      "helpful": "3",
      "polarity": "",
      "rate": 3,
      "response": "",
      "response_date": "",
      "review": "it would be better if i could restore my purchases. i had alot of money and every vehicle before, and now ive got to start over again. i spent real money in this game, and i want what i payed for.",
      "review_date": [
        "January",
        "18",
        " 2017"
      ]
    },
    {
      "REQ_subtype": "",
      "REQ_type": "",
      "_id": 95,
      "author_id": "not defined",
      "author_name": "Troy Dragon",
      "helpful": "0",
      "polarity": "",
      "rate": 4,
      "response": "",
      "response_date": "",
      "review": "Awesome job.  Its as good as ive seen for a construction sim.  Ill continue to enjoy it.  Kudos on the vehicle delivery,  driving each mission segment could get monotonous.   Well thought out ladies and gents!",
      "review_date": [
        "March",
        "28",
        " 2017"
      ]
    },
    {
      "REQ_subtype": "",
      "REQ_type": "",
      "_id": 96,
      "author_id": "not defined",
      "author_name": "Naren Hariharan",
      "helpful": "0",
      "polarity": "",
      "rate": 5,
      "response": "",
      "response_date": "",
      "review": "Great game, played till my battery drained out of my phone....it was a little difficult to get used to the controls. But was very good overall.. Can fuel consumption be added to the vehicles, adding more realism??",
      "review_date": [
        "October",
        "20",
        " 2015"
      ]
    },
    {
      "REQ_subtype": "",
      "REQ_type": "",
      "_id": 97,
      "author_id": "not defined",
      "author_name": "Original Recipe",
      "helpful": "5",
      "polarity": "",
      "rate": 1,
      "response": "",
      "response_date": "",
      "review": "Once again I make a purchase and its gone. No one can help me and I'm out of my money. This is just like Farming Simulator 16. Buy then they make it disappear and say we are sorry but you are a sucker. Last time these guys rip me off !",
      "review_date": [
        "December",
        "26",
        " 2015"
      ]
    },
    {
      "REQ_subtype": "",
      "REQ_type": "",
      "_id": 98,
      "author_id": "not defined",
      "author_name": "JONO KING",
      "helpful": "0",
      "polarity": "",
      "rate": 5,
      "response": "",
      "response_date": "",
      "review": "I deleted a file lost all my vehicles, $ and progress. I emailed them they replied and they were able to sort it out almost straight away. This game is great keep it up I give it a 10 out of 5 \u2606",
      "review_date": [
        "October",
        "23",
        " 2017"
      ]
    },
    {
      "REQ_subtype": "",
      "REQ_type": "",
      "_id": 99,
      "author_id": "not defined",
      "author_name": "Anthony Henderson",
      "helpful": "0",
      "polarity": "",
      "rate": 1,
      "response": "",
      "response_date": "",
      "review": "Unable to play due to constant force closing when using an excavator and having to start completely over after getting 3/4 of the way done with the mission. Please Fix",
      "review_date": [
        "June",
        "7",
        " 2015"
      ]
    },
    {
      "REQ_subtype": "",
      "REQ_type": "",
      "_id": 100,
      "author_id": "not defined",
      "author_name": "kevon browne",
      "helpful": "2",
      "polarity": "",
      "rate": 3,
      "response": "",
      "response_date": "",
      "review": "controls,vehicles perfect only need more vehicles like bobcat mini skids lull that way i can build an entire building also just to see workers looking like they're working that'll be cool oh could have road machine so we pave new road for new building thanks.",
      "review_date": [
        "March",
        "4",
        " 2018"
      ]
    },
    {
      "REQ_subtype": "",
      "REQ_type": "",
      "_id": 101,
      "author_id": "not defined",
      "author_name": "Hunter Hansen",
      "helpful": "2",
      "polarity": "",
      "rate": 3,
      "response": "",
      "response_date": "",
      "review": "There are still only 14 vehicles *a bulldozer would be nice*but besides that I'm really happy with it for the most part. Again an update would be nice and maybe a different world? Or just add more to the world like the option to build roads or even a sandbox mode. Please respond if u guys read this*the people who made this* but besides that again its a good gamr, good graphics and OK game play.",
      "review_date": [
        "August",
        "12",
        " 2016"
      ]
    },
    {
      "REQ_subtype": "",
      "REQ_type": "",
      "_id": 102,
      "author_id": "not defined",
      "author_name": "ANON ANON",
      "helpful": "0",
      "polarity": "",
      "rate": 5,
      "response": "",
      "response_date": "",
      "review": "I thought I'd hate it but I love it! I keep crashing with the digger though and dug up half of someone's yard on a mission! I made a huge mess and kept crashing lol! \ud83d\ude02\ud83d\ude28\ud83d\ude0f",
      "review_date": [
        "July",
        "1",
        " 2016"
      ]
    },
    {
      "REQ_subtype": "",
      "REQ_type": "",
      "_id": 103,
      "author_id": "not defined",
      "author_name": "SEVEN Coley",
      "helpful": "0",
      "polarity": "",
      "rate": 5,
      "response": "",
      "response_date": "",
      "review": "Even though i dropped my phone and the battery came out and i had to start all over after having 2 million dollars and over half the achievements. Great game though",
      "review_date": [
        "July",
        "17",
        " 2015"
      ]
    },
    {
      "REQ_subtype": "",
      "REQ_type": "",
      "_id": 104,
      "author_id": "not defined",
      "author_name": "Eweber03 Gaming",
      "helpful": "4",
      "polarity": "",
      "rate": 3,
      "response": "",
      "response_date": "",
      "review": "My sister deleted all ky games and this game i bought money and i cant get that save file bck i would like it if i can be refunded my 6 dollars",
      "review_date": [
        "October",
        "9",
        " 2016"
      ]
    },
    {
      "REQ_subtype": "",
      "REQ_type": "",
      "_id": 105,
      "author_id": "not defined",
      "author_name": "Donald Sir vlogs",
      "helpful": "0",
      "polarity": "",
      "rate": 5,
      "response": "",
      "response_date": "",
      "review": "I tried to see if there was a multiplayer but I don't know how to get it but the game was awesome if you really really really want to Construction Simulator you should get this game cuz all the other games on Play Store are bad and I mean if you want to download a Construction Simulator for free don't waste your time on those other ones trust me play store doesn't have that many good Construction Simulator this is the only done",
      "review_date": [
        "August",
        "23",
        " 2016"
      ]
    },
    {
      "REQ_subtype": "",
      "REQ_type": "",
      "_id": 106,
      "author_id": "not defined",
      "author_name": "Razaq Jat",
      "helpful": "0",
      "polarity": "",
      "rate": 5,
      "response": "",
      "response_date": "",
      "review": "It is little creepy because there is no traffic or signals plus there is no humans on the road and just see the windows of some houses it is too creepy rest all things are awesome",
      "review_date": [
        "April",
        "18",
        " 2016"
      ]
    },
    {
      "REQ_subtype": "",
      "REQ_type": "",
      "_id": 107,
      "author_id": "not defined",
      "author_name": "Aaron Adams",
      "helpful": "0",
      "polarity": "",
      "rate": 5,
      "response": "",
      "response_date": "",
      "review": "This game is very fun! It is realistic and challenging. My only problem was that i tried to spend a little money on this game but it never properly connected",
      "review_date": [
        "June",
        "14",
        " 2015"
      ]
    },
    {
      "REQ_subtype": "",
      "REQ_type": "",
      "_id": 108,
      "author_id": "not defined",
      "author_name": "Stephen Johnston",
      "helpful": "3",
      "polarity": "",
      "rate": 4,
      "response": "",
      "response_date": "",
      "review": "Nice little game,gives me somthing to do and teaches you a few things about construction.",
      "review_date": [
        "May",
        "5",
        " 2016"
      ]
    },
    {
      "REQ_subtype": "",
      "REQ_type": "",
      "_id": 109,
      "author_id": "not defined",
      "author_name": "SL Lee",
      "helpful": "0",
      "polarity": "",
      "rate": 4,
      "response": "",
      "response_date": "",
      "review": "This game lacks something, which is the dashboard (Or cockpit) view which Construction Simulator 2015 have, but why can't this android app can't have it too? And the graphics can be improved still to be more realistic with more shades (Take Construction Simulator 2015 for example), and can the tyres and rims change too since it ALWAYS looked dirty. Other than these issues it is a good game.",
      "review_date": [
        "February",
        "5",
        " 2016"
      ]
    },
    {
      "REQ_subtype": "",
      "REQ_type": "",
      "_id": 110,
      "author_id": "not defined",
      "author_name": "asher sever",
      "helpful": "1",
      "polarity": "",
      "rate": 1,
      "response": "",
      "response_date": "",
      "review": "Horrible",
      "review_date": [
        "December",
        "1",
        " 2015"
      ]
    },
    {
      "REQ_subtype": "",
      "REQ_type": "",
      "_id": 111,
      "author_id": "not defined",
      "author_name": "vid kidd",
      "helpful": "0",
      "polarity": "",
      "rate": 5,
      "response": "",
      "response_date": "",
      "review": "Overall it's the best construction builder game I've played. I would like to see destructables in future releases; ex. Going down the road in a big truck at 70kph and I hit a smaller vehicle and I stop dead in my tracks. The other car should be smashed and fly out of the way. Same sort of thing with road signs, markers, piles of whatever etc... But if you like builder games don't pass this one up!",
      "review_date": [
        "March",
        "23",
        " 2018"
      ]
    },
    {
      "REQ_subtype": "",
      "REQ_type": "",
      "_id": 112,
      "author_id": "not defined",
      "author_name": "Richard Whitfield",
      "helpful": "0",
      "polarity": "",
      "rate": 5,
      "response": "",
      "response_date": "",
      "review": "Great gameplay, lots to do, but when I got a new phone the data didn't \ntransfer. I lost my game data and everything I paid for. I won't take the \ntime to start over, but encourage to play, just expect to lose everything \npotentially",
      "review_date": [
        "June",
        "15",
        " 2018"
      ]
    },
    {
      "REQ_subtype": "",
      "REQ_type": "",
      "_id": 113,
      "author_id": "not defined",
      "author_name": "ashley byass",
      "helpful": "0",
      "polarity": "",
      "rate": 4,
      "response": "",
      "response_date": "",
      "review": "Very fun and well made, only thing I find annoying is the map whilst driving. The map would be easier to use if it rotated the way you are going, other than that I can't really fault it",
      "review_date": [
        "July",
        "19",
        " 2015"
      ]
    },
    {
      "REQ_subtype": "",
      "REQ_type": "",
      "_id": 114,
      "author_id": "not defined",
      "author_name": "Anthony Nelson",
      "helpful": "0",
      "polarity": "",
      "rate": 4,
      "response": "",
      "response_date": "",
      "review": "Fun game with good graphics. I've found a few glitches: when loading a dump truck with the wheel loader I had control of both machines at once. SGS5",
      "review_date": [
        "April",
        "20",
        " 2015"
      ]
    },
    {
      "REQ_subtype": "",
      "REQ_type": "",
      "_id": 115,
      "author_id": "not defined",
      "author_name": "XESIV R33",
      "helpful": "11",
      "polarity": "",
      "rate": 1,
      "response": "",
      "response_date": "",
      "review": "Purchased app went fine through the install then kept dropping out after the start menu even after clearing everything off my device and reinstalling the game 3 times it still won't work properly waste of time purchasing it in the first place!",
      "review_date": [
        "September",
        "20",
        " 2015"
      ]
    },
    {
      "REQ_subtype": "",
      "REQ_type": "",
      "_id": 116,
      "author_id": "not defined",
      "author_name": "Pauley Ducati",
      "helpful": "0",
      "polarity": "",
      "rate": 5,
      "response": "",
      "response_date": "",
      "review": "Fantastic in depth simulator very similar to the PC version of the game. Awesome game to play even if you're not big into simulators and just like playing with equipment as you don't have to be perfectly exact and precise as some simulators require you to be to pass missions. I definately gice the developers props for a great game/app eith thorough controls.",
      "review_date": [
        "May",
        "21",
        " 2017"
      ]
    },
    {
      "REQ_subtype": "",
      "REQ_type": "",
      "_id": 117,
      "author_id": "not defined",
      "author_name": "DaBot Agudo",
      "helpful": "0",
      "polarity": "",
      "rate": 4,
      "response": "",
      "response_date": "",
      "review": "But I go head on to a car a it just stop when my full loaded truck at full throttle I should be able to demolish that poor little light car. Be better if machinery would sustaine real damage and dents",
      "review_date": [
        "July",
        "21",
        " 2015"
      ]
    },
    {
      "REQ_subtype": "",
      "REQ_type": "",
      "_id": 118,
      "author_id": "not defined",
      "author_name": "Jason Reid",
      "helpful": "0",
      "polarity": "",
      "rate": 5,
      "response": "",
      "response_date": "",
      "review": "Fantastic game although i have now come to a point where the crane wont pick up building materials from the flat bed truck. This has now stopped me from being able to finish the job. Hope there is a fix to this.",
      "review_date": [
        "March",
        "15",
        " 2018"
      ]
    },
    {
      "REQ_subtype": "",
      "REQ_type": "",
      "_id": 119,
      "author_id": "not defined",
      "author_name": "Jerry Eicher",
      "helpful": "0",
      "polarity": "",
      "rate": 4,
      "response": "",
      "response_date": "",
      "review": "Please make the tower crane able to fold up and transport. I hate to see the tower crane constantly raised.",
      "review_date": [
        "July",
        "14",
        " 2017"
      ]
    }
  ],
  "size": "19",
  "url": "https://play.google.com/store/apps/details?id=com.astragon.cs2014",
  "version": "1.12"
}