{
  "categories": [
    "Photography"
  ],
  "description": "Photofy is a super-easy photo editing app for consumers and businesses that combines all the features you need in one app: Templates, Filters, Light Effects, Photo Mirror, Fit (Insta-size photos to square for easy sharing to Instagram), Text with 90+ free fonts, Meme editor, Collage maker with over 70+ free layouts, and the world\u2019s largest collection of overlay content (50,000+ graphic elements). Create amazing photos, collages, and marketing content.",
  "inc": "Photofy Inc",
  "intalled_count": "5,000,000",
  "last_update": [
    "June",
    "1",
    " 2018"
  ],
  "name": "Photofy Content Creation Tool",
  "offered_by": "Google Commerce Ltd",
  "permissions": {
    "Identity": [
      "find accounts on the device"
    ],
    "Contacts": [
      "find accounts on the device",
      "read your contacts"
    ],
    "Photos/Media/Files": [
      "read the contents of your USB storage",
      "modify or delete the contents of your USB storage"
    ],
    "Storage": [
      "read the contents of your USB storage",
      "modify or delete the contents of your USB storage"
    ],
    "Camera": [
      "take pictures and videos"
    ],
    "Other": [
      "read sync statistics",
      "receive data from Internet",
      "view network connections",
      "full network access",
      "run at startup",
      "use accounts on the device",
      "prevent device from sleeping",
      "toggle sync on and off"
    ]
  },
  "price": "",
  "rate": [
    [
      "96,142",
      "4.3"
    ],
    [
      "59,685",
      "5"
    ],
    [
      "17,732",
      "4"
    ],
    [
      "8,498",
      "3"
    ],
    [
      "3,980",
      "2"
    ],
    [
      "6,247",
      "1"
    ]
  ],
  "required_android": "4.2",
  "reviews": [
    {
      "REQ_subtype": "",
      "REQ_type": "",
      "_id": 0,
      "author_id": "not defined",
      "author_name": "A Google user",
      "helpful": "7",
      "polarity": "",
      "rate": 1,
      "response": "We are so sorry you are having troubles with the watermark removal feature. Please send us an email to support@photofy.com and we will get it working for you again!",
      "response_date": [
        "June",
        "12",
        " 2018"
      ],
      "review": "I purchased the watermark removal, yet it has a watermark. And even if I \ntry to re buy it it won't let me... keep clicking and clicking on the $1.99 \nand nothing happens. I live the app and the fonts, but this is making think \nabout looking into other apps. Please help me or fix it!",
      "review_date": [
        "June",
        "9",
        " 2018"
      ]
    },
    {
      "REQ_subtype": "",
      "REQ_type": "",
      "_id": 1,
      "author_id": "not defined",
      "author_name": "A Google user",
      "helpful": "0",
      "polarity": "",
      "rate": 5,
      "response": "Thank you for using Photofy! We are adding free artwork all the time! Much of the paid options are thanks to individual artists who license their art for use on your awesome Photofy creations! They appreciate your support!",
      "response_date": [
        "July",
        "3",
        " 2018"
      ],
      "review": "I LOVEEEEEE this app, just disappointed that you have to pay for every \nother sticker or frame! Other than that, this app helps make my pics \nadorable!! Great job Photofy....now work on giving more for FREE.",
      "review_date": [
        "July",
        "3",
        " 2018"
      ]
    },
    {
      "REQ_subtype": "",
      "REQ_type": "",
      "_id": 2,
      "author_id": "not defined",
      "author_name": "Amber Grover King",
      "helpful": "3",
      "polarity": "",
      "rate": 5,
      "response": "Hi Amber. You can change the crop by going to the Edit Layout option and then clicking Ratio. Hope this helps!",
      "response_date": [
        "June",
        "1",
        " 2017"
      ],
      "review": "**Updated - the app is working again and I use it frequently and really \nlike the results! I do wish we didn't have to crop the photos down to \nsquares, and I do feel like we get a bit nickel and dimed on the paid \nfeatures, but overall I'm very happy with this app! **edit - I'm even more \nhappy with this app now that I know how to change the ratio! Thanks for \nleaving the comment and reaching out Photofy team!!",
      "review_date": [
        "June",
        "11",
        " 2018"
      ]
    },
    {
      "REQ_subtype": "",
      "REQ_type": "",
      "_id": 3,
      "author_id": "not defined",
      "author_name": "LouP x NukeRZzz",
      "helpful": "0",
      "polarity": "",
      "rate": 1,
      "response": "",
      "response_date": "",
      "review": "App works poorly, rotations are horrible and the way the app cuts the \npictures is just dumb. I strongly do not recommend this app.",
      "review_date": [
        "July",
        "13",
        " 2018"
      ]
    },
    {
      "REQ_subtype": "",
      "REQ_type": "",
      "_id": 4,
      "author_id": "not defined",
      "author_name": "Beth Henning",
      "helpful": "4",
      "polarity": "",
      "rate": 1,
      "response": "Hi Beth.. I'm so sorry you're having troubles! Have you reached out to our support team yet? Please send them an email with what your issue is and I'm sure we can get it fixed up for you! support@photofy.com!",
      "response_date": [
        "June",
        "15",
        " 2018"
      ],
      "review": "This WAS the best app ever buy recent updates have been causing so many \nissues. I paid for things on it to be able to use them and it won't even \nlet me use the things I PAID FOR!!!!!",
      "review_date": [
        "June",
        "15",
        " 2018"
      ]
    },
    {
      "REQ_subtype": "",
      "REQ_type": "",
      "_id": 5,
      "author_id": "not defined",
      "author_name": "KNOWARE",
      "helpful": "0",
      "polarity": "",
      "rate": 3,
      "response": "Thanks for being a Photofy customer! Please send an email with any screenshots you may have to support@photofy.com if you haven't already! We want to make sure everything is working properly for you!",
      "response_date": [
        "July",
        "3",
        " 2018"
      ],
      "review": "Purchased several font packs. They all used to work perfectly. Recently \nmost of them have disappeared. The font is still there, but they all look \nidentical. Tried uninstalling and reinstalling. Nothing. Tried to reinstall \nthe font packs. Nothing.",
      "review_date": [
        "June",
        "30",
        " 2018"
      ]
    },
    {
      "REQ_subtype": "",
      "REQ_type": "",
      "_id": 6,
      "author_id": "not defined",
      "author_name": "Louise Williams",
      "helpful": "0",
      "polarity": "",
      "rate": 5,
      "response": "Great to hear the problem is solved! Thanks for the 5 stars!!! :) :) :)",
      "response_date": [
        "November",
        "16",
        " 2017"
      ],
      "review": "I've bought a lot on this app and sad to now find many of the purchases I \nmade have changed... Feel conned. Many of the packages I bought had 100s of \nstickers in and now when I got to them there's only about 30-50 per pack \nwhere have they all gone???? I didn't pay almost 2 pound per pack for just \na few stickers will not be paying for anymore",
      "review_date": [
        "June",
        "1",
        " 2018"
      ]
    },
    {
      "REQ_subtype": "",
      "REQ_type": "",
      "_id": 7,
      "author_id": "not defined",
      "author_name": "Millie Tan",
      "helpful": "0",
      "polarity": "",
      "rate": 4,
      "response": "Thank you for being a Photofy user, and thanks so much for the feedback! There is a search option in the app so you can find artwork that has been tagged with certain categories! Hope this helps!",
      "response_date": [
        "June",
        "12",
        " 2018"
      ],
      "review": "Would have given 5 star except it does not interface well with user created \nphoto folders, it just jumble up everything and you have to scroll thru a \nlot to find if you can.. Please look into this.. The search function does \nnot come up for 'All' or 'Album', only on the 'stock' option.. You may want \nto fix that..",
      "review_date": [
        "June",
        "12",
        " 2018"
      ]
    },
    {
      "REQ_subtype": "",
      "REQ_type": "",
      "_id": 8,
      "author_id": "not defined",
      "author_name": "Mvsv. Santosh Kumar",
      "helpful": "0",
      "polarity": "",
      "rate": 5,
      "response": "Thank you for using Photofy. We do have the option to remove the Photofy Watermark for a one time in-app purchase of $1.99.",
      "response_date": [
        "July",
        "3",
        " 2018"
      ],
      "review": "I am using this app around 6 months , i am disappointed with logo while \nsaving photo the logo is coming through photo ...that i didn't like it , \nthe indeveloped app is excellent and i hope you for next update you may \ngive without logo with buying options to users it only request for user's",
      "review_date": [
        "July",
        "1",
        " 2018"
      ]
    },
    {
      "REQ_subtype": "",
      "REQ_type": "",
      "_id": 9,
      "author_id": "not defined",
      "author_name": "Roger Malan",
      "helpful": "1",
      "polarity": "",
      "rate": 4,
      "response": "Thanks for using Photofy! Please send an email to support@photofy.com and we can take a look into that for you!",
      "response_date": [
        "June",
        "12",
        " 2018"
      ],
      "review": "Guys i just bought tha Lights FX collection. Then why is it still the other \nlight filter are locked? Thanks... Your response is very much appreciated",
      "review_date": [
        "June",
        "6",
        " 2018"
      ]
    },
    {
      "REQ_subtype": "",
      "REQ_type": "",
      "_id": 10,
      "author_id": "not defined",
      "author_name": "Lucy Johnstone",
      "helpful": "0",
      "polarity": "",
      "rate": 1,
      "response": "Hi Lucy! I am so sorry you have had troubles with the app. I took a look into your trouble ticket history, and it looks like several attempts to assist you were made, with constant communication regarding your issue. We have had several updates to our software, and would love for you to give us a try again! Please contact us at support@photofy.com",
      "response_date": [
        "June",
        "12",
        " 2018"
      ],
      "review": "Paid for fonts and none of them work. Customer service are useless. Waste \nof money and I have now got a new app to use as this is ridiculous!",
      "review_date": [
        "June",
        "12",
        " 2018"
      ]
    },
    {
      "REQ_subtype": "",
      "REQ_type": "",
      "_id": 11,
      "author_id": "not defined",
      "author_name": "Dr. Dale Dugas",
      "helpful": "0",
      "polarity": "",
      "rate": 1,
      "response": "We are very sorry! Would you please send an email over to support@photofy.com with a description of the issues you are experiencing and any supporting screenshots? We would love to help you get back up and running asap!",
      "response_date": [
        "June",
        "19",
        " 2018"
      ],
      "review": "Unfortunately your app has been crashing and now my subscriptions are all messed up and it unconnected from my verizon account.",
      "review_date": [
        "June",
        "19",
        " 2018"
      ]
    },
    {
      "REQ_subtype": "",
      "REQ_type": "",
      "_id": 12,
      "author_id": "not defined",
      "author_name": "Emily Arnold",
      "helpful": "0",
      "polarity": "",
      "rate": 5,
      "response": "Thanks so much for using Photofy!",
      "response_date": [
        "June",
        "26",
        " 2018"
      ],
      "review": "This app is the best photo editor I've found! Total time saver instead of \ntime waster! Great choice of content in the free version. Highly recommend.",
      "review_date": [
        "June",
        "25",
        " 2018"
      ]
    },
    {
      "REQ_subtype": "",
      "REQ_type": "",
      "_id": 13,
      "author_id": "not defined",
      "author_name": "Tipacal Girl",
      "helpful": "0",
      "polarity": "",
      "rate": 4,
      "response": "Hi Claire! Thanks so much for your comment. Unfortunately, our app is strictly for still photos. We hope you'll still use us sometimes! :) Thanks for checking out Photofy!",
      "response_date": [
        "June",
        "22",
        " 2018"
      ],
      "review": "I think this is a great app for editing but what I was really looking for \nin this app was being able to edit videos like do time effects and normal \neffects like turbulance besides that it's and amazing app",
      "review_date": [
        "June",
        "22",
        " 2018"
      ]
    },
    {
      "REQ_subtype": "",
      "REQ_type": "",
      "_id": 14,
      "author_id": "not defined",
      "author_name": "Emma Cain",
      "helpful": "0",
      "polarity": "",
      "rate": 4,
      "response": "Thank you so much for using Photofy! I am so sorry you are having troubles! Please send us an email at support@photofy.com and we can get this fixed for you!",
      "response_date": [
        "June",
        "12",
        " 2018"
      ],
      "review": "Paid for some editing packs for filters and removal of watermark and didn't \nget them. Annoyed.",
      "review_date": [
        "June",
        "8",
        " 2018"
      ]
    },
    {
      "REQ_subtype": "",
      "REQ_type": "",
      "_id": 15,
      "author_id": "not defined",
      "author_name": "Pooh Bear",
      "helpful": "2",
      "polarity": "",
      "rate": 3,
      "response": "Hi Pooh Bear,\nThank you for using Photofy! we are sorry you are experiencing this issue. Have you tried to refresh the app in settings? Log out and sign back in? Our support team would love to help you if you cannot get app working on your device!",
      "response_date": [
        "April",
        "24",
        " 2018"
      ],
      "review": "Even after uninstalling and reinstalling it still wont let me see any \nartwork all i get is losding circles",
      "review_date": [
        "June",
        "5",
        " 2018"
      ]
    },
    {
      "REQ_subtype": "",
      "REQ_type": "",
      "_id": 16,
      "author_id": "not defined",
      "author_name": "Heather Momof2Boys",
      "helpful": "0",
      "polarity": "",
      "rate": 5,
      "response": "",
      "response_date": "",
      "review": "I have been using Photofy for over a year now and it has been the only \nPhoto App that offers exactly what I need to make a great photo! I only use \nPhotofy to edit my photos and make great collages!",
      "review_date": [
        "July",
        "12",
        " 2018"
      ]
    },
    {
      "REQ_subtype": "",
      "REQ_type": "",
      "_id": 17,
      "author_id": "not defined",
      "author_name": "Sylvi Astaire",
      "helpful": "0",
      "polarity": "",
      "rate": 5,
      "response": "Thank you so much for being a part of the Photofy Community! We are so glad that you are loving our app! Be sure to tag us in some of your posts so we can see your creations!",
      "response_date": [
        "June",
        "12",
        " 2018"
      ],
      "review": "It's has a ton of stickers and artwork. It's awesome for a mostly free app. \nI've paid $3 for another app and they don't have nearly as much as photofy. \nLove it.",
      "review_date": [
        "June",
        "10",
        " 2018"
      ]
    },
    {
      "REQ_subtype": "",
      "REQ_type": "",
      "_id": 18,
      "author_id": "not defined",
      "author_name": "Tahrrific !",
      "helpful": "0",
      "polarity": "",
      "rate": 1,
      "response": "Please send us an email to support@photofy.com! We haven't had anyone complain about it being slow. We would love to figure it out for you!",
      "response_date": [
        "July",
        "3",
        " 2018"
      ],
      "review": "It's has become too slow, it's hanging in between",
      "review_date": [
        "July",
        "1",
        " 2018"
      ]
    },
    {
      "REQ_subtype": "",
      "REQ_type": "",
      "_id": 19,
      "author_id": "not defined",
      "author_name": "Lupe Cani",
      "helpful": "0",
      "polarity": "",
      "rate": 4,
      "response": "",
      "response_date": "",
      "review": "I just use the free version and it works good for being free, very limited. \nIt has a lot more lock features than before.",
      "review_date": [
        "July",
        "15",
        " 2018"
      ]
    },
    {
      "REQ_subtype": "",
      "REQ_type": "",
      "_id": 20,
      "author_id": "not defined",
      "author_name": "Erin Washkurak",
      "helpful": "0",
      "polarity": "",
      "rate": 5,
      "response": "Thank you so much for using Photofy! If it helps, we do have a great support page, and some video tutorials available! http://support.photofy.com/support/solutions/folders/6000204579",
      "response_date": [
        "June",
        "20",
        " 2018"
      ],
      "review": "I dont use/know all of the features but I love using this app it's easy for \nsomeone not techie like me!",
      "review_date": [
        "June",
        "19",
        " 2018"
      ]
    },
    {
      "REQ_subtype": "",
      "REQ_type": "",
      "_id": 21,
      "author_id": "not defined",
      "author_name": "Cassandra Terry",
      "helpful": "0",
      "polarity": "",
      "rate": 5,
      "response": "Thank you so much for using Photofy! We love our users so we offer over 55K graphics w/ half being free to use! The paid content is due to individual artist contributors & their corresponding licensed material that must be paid for in order to use! We recommend purchasing bundled packs, which unlock over half of the paid content in the Photofy App.",
      "response_date": [
        "June",
        "16",
        " 2018"
      ],
      "review": "I love this app for so many reasons. I just wish they had more free design",
      "review_date": [
        "June",
        "16",
        " 2018"
      ]
    },
    {
      "REQ_subtype": "",
      "REQ_type": "",
      "_id": 22,
      "author_id": "not defined",
      "author_name": "mylene kasala",
      "helpful": "0",
      "polarity": "",
      "rate": 5,
      "response": "Thank you so much for being a part of the Photofy Community! We are so glad that you love our app! Be sure to tag us in some of your posts so we can see them!",
      "response_date": [
        "June",
        "12",
        " 2018"
      ],
      "review": "I am loving this app. So many options to choose from and you can find lots \nof design that can really show personality. I love it!",
      "review_date": [
        "June",
        "11",
        " 2018"
      ]
    },
    {
      "REQ_subtype": "",
      "REQ_type": "",
      "_id": 23,
      "author_id": "not defined",
      "author_name": "Lets Event",
      "helpful": "0",
      "polarity": "",
      "rate": 5,
      "response": "Thanks so much for using Photofy! \nYes! To save space on your mobile device, we keep all of our artwork and goodies in the cloud! So, you do need to have a data connection to run our app! But, it's worth it when you can use the thousands of fun effects, etc to make your photo stand out of the crowd!",
      "response_date": [
        "June",
        "15",
        " 2018"
      ],
      "review": "It's a good app to edit pictures, but it only runs when internet is \nrunning, according to the festivals it adds new stickers & boarders",
      "review_date": [
        "June",
        "15",
        " 2018"
      ]
    },
    {
      "REQ_subtype": "",
      "REQ_type": "",
      "_id": 24,
      "author_id": "not defined",
      "author_name": "Lorina Harris",
      "helpful": "0",
      "polarity": "",
      "rate": 4,
      "response": "Thank you so much for giving Photofy a try! We hope you love our app as much as we do!",
      "response_date": [
        "July",
        "11",
        " 2018"
      ],
      "review": "I just used this app to add words to a photo, and for that, it is \nfantastic! I look forward to trying out other features soon.",
      "review_date": [
        "July",
        "10",
        " 2018"
      ]
    },
    {
      "REQ_subtype": "",
      "REQ_type": "",
      "_id": 25,
      "author_id": "not defined",
      "author_name": "Vanessa Burney",
      "helpful": "1",
      "polarity": "",
      "rate": 5,
      "response": "Thanks so much, for using Photofy!",
      "response_date": [
        "July",
        "5",
        " 2018"
      ],
      "review": "I had this app for awhile it's the best photo decorating app that there is \nI use it daily....",
      "review_date": [
        "July",
        "5",
        " 2018"
      ]
    },
    {
      "REQ_subtype": "",
      "REQ_type": "",
      "_id": 26,
      "author_id": "not defined",
      "author_name": "Danial Hakimi",
      "helpful": "0",
      "polarity": "",
      "rate": 5,
      "response": "Thank you for using Photofy!",
      "response_date": [
        "July",
        "3",
        " 2018"
      ],
      "review": "I like it very much !! Thanks for creating this kind app .. really \nappreciate that..keep renew the great things",
      "review_date": [
        "July",
        "1",
        " 2018"
      ]
    },
    {
      "REQ_subtype": "",
      "REQ_type": "",
      "_id": 27,
      "author_id": "not defined",
      "author_name": "liljoey 444",
      "helpful": "0",
      "polarity": "",
      "rate": 5,
      "response": "Thanks so much! We are so glad you love Photofy! Don't forget to tag us on social media so we can see some of your creations too!",
      "response_date": [
        "June",
        "12",
        " 2018"
      ],
      "review": "Love this app and all the creative things I can add to my pictures. Very \nuser friendly.",
      "review_date": [
        "June",
        "9",
        " 2018"
      ]
    },
    {
      "REQ_subtype": "",
      "REQ_type": "",
      "_id": 28,
      "author_id": "not defined",
      "author_name": "A Google user",
      "helpful": "0",
      "polarity": "",
      "rate": 4,
      "response": "Thank you so much for the updated review! We are so glad you are still enjoying Photofy! Don't hesitate to contact us directly if you ever run into any issues!",
      "response_date": [
        "July",
        "8",
        " 2018"
      ],
      "review": "They worked out the bugs and it is still my go to app for editing after 4 \nyears",
      "review_date": [
        "July",
        "6",
        " 2018"
      ]
    },
    {
      "REQ_subtype": "",
      "REQ_type": "",
      "_id": 29,
      "author_id": "not defined",
      "author_name": "A Google user",
      "helpful": "0",
      "polarity": "",
      "rate": 4,
      "response": "Thank you for using Photofy! If you have any issues, please send us an email to support@photofy.com",
      "response_date": [
        "July",
        "11",
        " 2018"
      ],
      "review": "It takes long to load temates, but has what I need. Will continue to use it.",
      "review_date": [
        "July",
        "11",
        " 2018"
      ]
    },
    {
      "REQ_subtype": "",
      "REQ_type": "",
      "_id": 30,
      "author_id": "not defined",
      "author_name": "Gustavo Dallos",
      "helpful": "0",
      "polarity": "",
      "rate": 5,
      "response": "So glad you love our app! Thanks for using Photofy!",
      "response_date": [
        "June",
        "20",
        " 2018"
      ],
      "review": "Long time looking for the right app for my instagram photos and finally \nfind the perfect one",
      "review_date": [
        "June",
        "20",
        " 2018"
      ]
    },
    {
      "REQ_subtype": "",
      "REQ_type": "",
      "_id": 31,
      "author_id": "not defined",
      "author_name": "Maryann Kajewski",
      "helpful": "0",
      "polarity": "",
      "rate": 5,
      "response": "Thank you for using Photofy!",
      "response_date": [
        "June",
        "27",
        " 2018"
      ],
      "review": "Love love love it. Easy to use. I'm a bit addicted to it.",
      "review_date": [
        "June",
        "27",
        " 2018"
      ]
    },
    {
      "REQ_subtype": "",
      "REQ_type": "",
      "_id": 32,
      "author_id": "not defined",
      "author_name": "Olivia Holmes",
      "helpful": "0",
      "polarity": "",
      "rate": 4,
      "response": "Thank you for using Photofy! Many of the extras are created by artists, and all purchases support their time and work! But we do offer lots of free elements and functions for our users to enjoy!",
      "response_date": [
        "June",
        "26",
        " 2018"
      ],
      "review": "Very easy to use!! You do have to unlock a lot of extras but..not too much",
      "review_date": [
        "June",
        "25",
        " 2018"
      ]
    },
    {
      "REQ_subtype": "",
      "REQ_type": "",
      "_id": 33,
      "author_id": "not defined",
      "author_name": "Jess'metics",
      "helpful": "0",
      "polarity": "",
      "rate": 4,
      "response": "We are so glad you love us! We love you too, and you should NOT have to pay for something twice! Please send us an email at support@photofy.com with a copy of your purchase receipt and we'll get you fixed right up!  Thanks!",
      "response_date": [
        "June",
        "18",
        " 2018"
      ],
      "review": "I love this app but I paid to remove watermark and it's not removing \nit?it's asking me to pay again?",
      "review_date": [
        "June",
        "17",
        " 2018"
      ]
    },
    {
      "REQ_subtype": "",
      "REQ_type": "",
      "_id": 34,
      "author_id": "not defined",
      "author_name": "A Google user",
      "helpful": "0",
      "polarity": "",
      "rate": 4,
      "response": "Thanks so much for being a Photofy User! Have you taken a look at our Pro option for your home business?",
      "response_date": [
        "June",
        "12",
        " 2018"
      ],
      "review": "Great for making custom photo collages and use alot for my home business!",
      "review_date": [
        "June",
        "12",
        " 2018"
      ]
    },
    {
      "REQ_subtype": "",
      "REQ_type": "",
      "_id": 35,
      "author_id": "not defined",
      "author_name": "A Google user",
      "helpful": "0",
      "polarity": "",
      "rate": 4,
      "response": "Thank you for using Photofy!  We have several video tutorials on our website (support.photofy.com) , and you can always send us an email at support@photofy.com if you need help with anything!",
      "response_date": [
        "June",
        "18",
        " 2018"
      ],
      "review": "I'm enjoying it but do find it abit hard to figure out it all.",
      "review_date": [
        "June",
        "17",
        " 2018"
      ]
    },
    {
      "REQ_subtype": "",
      "REQ_type": "",
      "_id": 36,
      "author_id": "not defined",
      "author_name": "A Google user",
      "helpful": "0",
      "polarity": "",
      "rate": 5,
      "response": "Thank you for using Photofy!",
      "response_date": [
        "July",
        "3",
        " 2018"
      ],
      "review": "This app good but ads in between creates disturbance",
      "review_date": [
        "July",
        "1",
        " 2018"
      ]
    },
    {
      "REQ_subtype": "",
      "REQ_type": "",
      "_id": 37,
      "author_id": "not defined",
      "author_name": "PDR Beats",
      "helpful": "0",
      "polarity": "",
      "rate": 4,
      "response": "Thank you for using Photofy!",
      "response_date": [
        "June",
        "26",
        " 2018"
      ],
      "review": "There's nothing wrong with the app. There is high quality text and it does \nwhat it's supposed to from what I've seen.",
      "review_date": [
        "June",
        "24",
        " 2018"
      ]
    },
    {
      "REQ_subtype": "",
      "REQ_type": "",
      "_id": 38,
      "author_id": "not defined",
      "author_name": "A Google user",
      "helpful": "0",
      "polarity": "",
      "rate": 5,
      "response": "Thank you so much for using Photofy!",
      "response_date": [
        "July",
        "3",
        " 2018"
      ],
      "review": "It has every thing that a good editor should have",
      "review_date": [
        "July",
        "3",
        " 2018"
      ]
    },
    {
      "REQ_subtype": "",
      "REQ_type": "",
      "_id": 39,
      "author_id": "not defined",
      "author_name": "Rosa Deleon",
      "helpful": "0",
      "polarity": "",
      "rate": 5,
      "response": "Thank you for using Photofy!",
      "response_date": [
        "July",
        "3",
        " 2018"
      ],
      "review": "Awesome app if you have a creative mind and patience this app is easy and \nfun to use!",
      "review_date": [
        "June",
        "29",
        " 2018"
      ]
    },
    {
      "REQ_subtype": "",
      "REQ_type": "",
      "_id": 40,
      "author_id": "not defined",
      "author_name": "josh sparks",
      "helpful": "0",
      "polarity": "",
      "rate": 5,
      "response": "Thank you for using Photofy!",
      "response_date": [
        "July",
        "10",
        " 2018"
      ],
      "review": "it helps me with all my photo needs",
      "review_date": [
        "July",
        "9",
        " 2018"
      ]
    },
    {
      "REQ_subtype": "",
      "REQ_type": "",
      "_id": 41,
      "author_id": "not defined",
      "author_name": "lili mahmoud",
      "helpful": "0",
      "polarity": "",
      "rate": 2,
      "response": "Unfortunately, the app is only in English right now. We are working on expanding the ability to change languages. Thanks for your comment! We will let the team know about your request!",
      "response_date": [
        "June",
        "18",
        " 2018"
      ],
      "review": "Why there is only one language, there is no arabic ?",
      "review_date": [
        "June",
        "18",
        " 2018"
      ]
    },
    {
      "REQ_subtype": "",
      "REQ_type": "",
      "_id": 42,
      "author_id": "not defined",
      "author_name": "Robyn Frye",
      "helpful": "0",
      "polarity": "",
      "rate": 5,
      "response": "Thank you for using Photofy!",
      "response_date": [
        "June",
        "18",
        " 2018"
      ],
      "review": "I am in love with this app. It does everything I need it to and it is so \neasy to use.",
      "review_date": [
        "June",
        "16",
        " 2018"
      ]
    },
    {
      "REQ_subtype": "",
      "REQ_type": "",
      "_id": 43,
      "author_id": "not defined",
      "author_name": "A Google user",
      "helpful": "0",
      "polarity": "",
      "rate": 5,
      "response": "",
      "response_date": "",
      "review": "I like the filters and light fx",
      "review_date": [
        "July",
        "15",
        " 2018"
      ]
    },
    {
      "REQ_subtype": "",
      "REQ_type": "",
      "_id": 44,
      "author_id": "not defined",
      "author_name": "Tyci McCurdy",
      "helpful": "0",
      "polarity": "",
      "rate": 5,
      "response": "Thanks you so much for using Photofy!",
      "response_date": [
        "June",
        "20",
        " 2018"
      ],
      "review": "Love it always will and mostly the list goes on n on why ill always use it \ntoo.",
      "review_date": [
        "June",
        "19",
        " 2018"
      ]
    },
    {
      "REQ_subtype": "",
      "REQ_type": "",
      "_id": 45,
      "author_id": "not defined",
      "author_name": "Amber Tully - Independent Scentsy Consultant",
      "helpful": "0",
      "polarity": "",
      "rate": 5,
      "response": "Thank you so much for using Photofy!",
      "response_date": [
        "June",
        "26",
        " 2018"
      ],
      "review": "Lots of cool tools to use in sync with our companies logo and products! \nLove it!",
      "review_date": [
        "June",
        "26",
        " 2018"
      ]
    },
    {
      "REQ_subtype": "",
      "REQ_type": "",
      "_id": 46,
      "author_id": "not defined",
      "author_name": "Usman Khan",
      "helpful": "0",
      "polarity": "",
      "rate": 5,
      "response": "Thank you for using Photofy!",
      "response_date": [
        "July",
        "10",
        " 2018"
      ],
      "review": "This is no.1 app for editing photo",
      "review_date": [
        "July",
        "9",
        " 2018"
      ]
    },
    {
      "REQ_subtype": "",
      "REQ_type": "",
      "_id": 47,
      "author_id": "not defined",
      "author_name": "Adi Wahyu Adji",
      "helpful": "0",
      "polarity": "",
      "rate": 5,
      "response": "Thank you for using Photofy!",
      "response_date": [
        "June",
        "18",
        " 2018"
      ],
      "review": "More than expected. Give me complete tools for advance photo editing.",
      "review_date": [
        "June",
        "16",
        " 2018"
      ]
    },
    {
      "REQ_subtype": "",
      "REQ_type": "",
      "_id": 48,
      "author_id": "not defined",
      "author_name": "A Google user",
      "helpful": "0",
      "polarity": "",
      "rate": 5,
      "response": "Thank you for using Photofy! We love that you love us!",
      "response_date": [
        "June",
        "14",
        " 2018"
      ],
      "review": "Love jazzing up my pics with all the frames, stickers & such!! \ud83d\udc9c",
      "review_date": [
        "June",
        "14",
        " 2018"
      ]
    },
    {
      "REQ_subtype": "",
      "REQ_type": "",
      "_id": 49,
      "author_id": "not defined",
      "author_name": "basu melligeri",
      "helpful": "0",
      "polarity": "",
      "rate": 5,
      "response": "Thank you for using Photofy!",
      "response_date": [
        "June",
        "14",
        " 2018"
      ],
      "review": "I like it for text editing",
      "review_date": [
        "June",
        "13",
        " 2018"
      ]
    },
    {
      "REQ_subtype": "",
      "REQ_type": "",
      "_id": 50,
      "author_id": "not defined",
      "author_name": "Sahil Khan",
      "helpful": "0",
      "polarity": "",
      "rate": 5,
      "response": "Thanks for using Photofy!",
      "response_date": [
        "July",
        "4",
        " 2018"
      ],
      "review": "diz app is jst awsm",
      "review_date": [
        "July",
        "3",
        " 2018"
      ]
    },
    {
      "REQ_subtype": "",
      "REQ_type": "",
      "_id": 51,
      "author_id": "not defined",
      "author_name": "Niina Vitelli",
      "helpful": "0",
      "polarity": "",
      "rate": 5,
      "response": "Thank you so much for using Photofy!",
      "response_date": [
        "July",
        "5",
        " 2018"
      ],
      "review": "This is my favorite app to do my picture editing! It's phenomenal!",
      "review_date": [
        "July",
        "4",
        " 2018"
      ]
    },
    {
      "REQ_subtype": "",
      "REQ_type": "",
      "_id": 52,
      "author_id": "not defined",
      "author_name": "Lisa Norris",
      "helpful": "0",
      "polarity": "",
      "rate": 5,
      "response": "Thank you so much for using Photofy!",
      "response_date": [
        "June",
        "12",
        " 2018"
      ],
      "review": "Easy app to use! My go to everytime I need",
      "review_date": [
        "June",
        "8",
        " 2018"
      ]
    },
    {
      "REQ_subtype": "",
      "REQ_type": "",
      "_id": 53,
      "author_id": "not defined",
      "author_name": "Caprianna",
      "helpful": "0",
      "polarity": "",
      "rate": 5,
      "response": "",
      "response_date": "",
      "review": "Photofy is an amazing app that has so many features to play with.",
      "review_date": [
        "July",
        "12",
        " 2018"
      ]
    },
    {
      "REQ_subtype": "",
      "REQ_type": "",
      "_id": 54,
      "author_id": "not defined",
      "author_name": "Eunice Dangallo",
      "helpful": "0",
      "polarity": "",
      "rate": 4,
      "response": "Thanks for using Photofy! If it helps, we do have some video tutorials on our website! http://support.photofy.com/support/solutions/folders/6000204579",
      "response_date": [
        "June",
        "20",
        " 2018"
      ],
      "review": "I'm a newbie in editing a picture so I think it's Good \ud83d\ude18",
      "review_date": [
        "June",
        "20",
        " 2018"
      ]
    },
    {
      "REQ_subtype": "",
      "REQ_type": "",
      "_id": 55,
      "author_id": "not defined",
      "author_name": "A Google user",
      "helpful": "0",
      "polarity": "",
      "rate": 5,
      "response": "Thank you for using Photofy!",
      "response_date": [
        "July",
        "10",
        " 2018"
      ],
      "review": "Impressed not seen any other editing app like this",
      "review_date": [
        "July",
        "9",
        " 2018"
      ]
    },
    {
      "REQ_subtype": "",
      "REQ_type": "",
      "_id": 56,
      "author_id": "not defined",
      "author_name": "Melina Cardenas",
      "helpful": "0",
      "polarity": "",
      "rate": 5,
      "response": "Thank you for using Photofy!",
      "response_date": [
        "June",
        "14",
        " 2018"
      ],
      "review": "Lots of cute stuff, borders and images. Fairly priced. Love it!!!",
      "review_date": [
        "June",
        "14",
        " 2018"
      ]
    },
    {
      "REQ_subtype": "",
      "REQ_type": "",
      "_id": 57,
      "author_id": "not defined",
      "author_name": "kol b",
      "helpful": "0",
      "polarity": "",
      "rate": 5,
      "response": "Thank you so much for using Photofy!",
      "response_date": [
        "June",
        "20",
        " 2018"
      ],
      "review": "Great app, love alot of the free features!!",
      "review_date": [
        "June",
        "20",
        " 2018"
      ]
    },
    {
      "REQ_subtype": "",
      "REQ_type": "",
      "_id": 58,
      "author_id": "not defined",
      "author_name": "Siswaji Dwi",
      "helpful": "0",
      "polarity": "",
      "rate": 4,
      "response": "Thank you so much for being a Photofy user!",
      "response_date": [
        "June",
        "26",
        " 2018"
      ],
      "review": "Absolutely best photo editor..nice feature and very easy to use..\ud83d\udc4d\ud83d\udc4d",
      "review_date": [
        "June",
        "25",
        " 2018"
      ]
    },
    {
      "REQ_subtype": "",
      "REQ_type": "",
      "_id": 59,
      "author_id": "not defined",
      "author_name": "Amanda Gray",
      "helpful": "0",
      "polarity": "",
      "rate": 5,
      "response": "Thanks so much for being a Photofy User!",
      "response_date": [
        "June",
        "12",
        " 2018"
      ],
      "review": "Easier photo app and has many different features!",
      "review_date": [
        "June",
        "12",
        " 2018"
      ]
    },
    {
      "REQ_subtype": "",
      "REQ_type": "",
      "_id": 60,
      "author_id": "not defined",
      "author_name": "A Google user",
      "helpful": "0",
      "polarity": "",
      "rate": 5,
      "response": "",
      "response_date": "",
      "review": "So much fun creating awesome images to share!",
      "review_date": [
        "July",
        "14",
        " 2018"
      ]
    },
    {
      "REQ_subtype": "",
      "REQ_type": "",
      "_id": 61,
      "author_id": "not defined",
      "author_name": "Waneta Larios",
      "helpful": "0",
      "polarity": "",
      "rate": 5,
      "response": "Thank you so much for using Photofy! We are so glad you love it!",
      "response_date": [
        "June",
        "12",
        " 2018"
      ],
      "review": "I appreciate how easy it is to use and the abundance of templates \navailable!!",
      "review_date": [
        "June",
        "4",
        " 2018"
      ]
    },
    {
      "REQ_subtype": "",
      "REQ_type": "",
      "_id": 62,
      "author_id": "not defined",
      "author_name": "Samantha Richardson",
      "helpful": "0",
      "polarity": "",
      "rate": 5,
      "response": "Thank you so much for using Photofy! We are so glad you love our app!",
      "response_date": [
        "July",
        "9",
        " 2018"
      ],
      "review": "Absolutely love this app!! Best photo editing app I've found!!",
      "review_date": [
        "July",
        "7",
        " 2018"
      ]
    },
    {
      "REQ_subtype": "",
      "REQ_type": "",
      "_id": 63,
      "author_id": "not defined",
      "author_name": "Tiffany Rommel",
      "helpful": "0",
      "polarity": "",
      "rate": 5,
      "response": "Thank you so much for using Photofy!",
      "response_date": [
        "June",
        "25",
        " 2018"
      ],
      "review": "Easy to use. Worth the $2 to remove the watermark",
      "review_date": [
        "June",
        "23",
        " 2018"
      ]
    },
    {
      "REQ_subtype": "",
      "REQ_type": "",
      "_id": 64,
      "author_id": "not defined",
      "author_name": "Casey Bowers - John L. Scott, Everett",
      "helpful": "0",
      "polarity": "",
      "rate": 5,
      "response": "Thanks so much for being a part of the Photofy community!",
      "response_date": [
        "June",
        "14",
        " 2018"
      ],
      "review": "Intuitive and love the range of stock photos and templates.",
      "review_date": [
        "June",
        "14",
        " 2018"
      ]
    },
    {
      "REQ_subtype": "",
      "REQ_type": "",
      "_id": 65,
      "author_id": "not defined",
      "author_name": "Denise Venter",
      "helpful": "0",
      "polarity": "",
      "rate": 5,
      "response": "Thank you so much for using Photofy! We are so glad you love it!",
      "response_date": [
        "June",
        "12",
        " 2018"
      ],
      "review": "Love this app keep up with the great work",
      "review_date": [
        "June",
        "6",
        " 2018"
      ]
    },
    {
      "REQ_subtype": "",
      "REQ_type": "",
      "_id": 66,
      "author_id": "not defined",
      "author_name": "ARINDAM HALDER",
      "helpful": "0",
      "polarity": "",
      "rate": 5,
      "response": "Thank you so much for using Photofy!",
      "response_date": [
        "June",
        "12",
        " 2018"
      ],
      "review": "It could have some wonderful filters",
      "review_date": [
        "June",
        "8",
        " 2018"
      ]
    },
    {
      "REQ_subtype": "",
      "REQ_type": "",
      "_id": 67,
      "author_id": "not defined",
      "author_name": "Katie Hartle",
      "helpful": "0",
      "polarity": "",
      "rate": 5,
      "response": "Thank you so much for using Photofy! We are so glad you love it!",
      "response_date": [
        "June",
        "12",
        " 2018"
      ],
      "review": "My go-to for better instagram posts",
      "review_date": [
        "June",
        "4",
        " 2018"
      ]
    },
    {
      "REQ_subtype": "",
      "REQ_type": "",
      "_id": 68,
      "author_id": "not defined",
      "author_name": "A Google user",
      "helpful": "0",
      "polarity": "",
      "rate": 5,
      "response": "Thank you so much for being a Photofy user!",
      "response_date": [
        "June",
        "22",
        " 2018"
      ],
      "review": "Love designing my baby's pictures",
      "review_date": [
        "June",
        "22",
        " 2018"
      ]
    },
    {
      "REQ_subtype": "",
      "REQ_type": "",
      "_id": 69,
      "author_id": "not defined",
      "author_name": "Pj Abogado",
      "helpful": "0",
      "polarity": "",
      "rate": 5,
      "response": "Thank you for using Photofy!",
      "response_date": [
        "June",
        "25",
        " 2018"
      ],
      "review": "Great app for adding text on photos.",
      "review_date": [
        "June",
        "23",
        " 2018"
      ]
    },
    {
      "REQ_subtype": "",
      "REQ_type": "",
      "_id": 70,
      "author_id": "not defined",
      "author_name": "Brandi Renee'",
      "helpful": "0",
      "polarity": "",
      "rate": 5,
      "response": "We are so glad you love Photofy! Be sure to tag us on social media so we can see some of your creations!",
      "response_date": [
        "June",
        "12",
        " 2018"
      ],
      "review": "Love it! Use it for every occasion.",
      "review_date": [
        "June",
        "9",
        " 2018"
      ]
    },
    {
      "REQ_subtype": "",
      "REQ_type": "",
      "_id": 71,
      "author_id": "not defined",
      "author_name": "JT tech",
      "helpful": "0",
      "polarity": "",
      "rate": 5,
      "response": "",
      "response_date": "",
      "review": "its vry wow app....",
      "review_date": [
        "July",
        "15",
        " 2018"
      ]
    },
    {
      "REQ_subtype": "",
      "REQ_type": "",
      "_id": 72,
      "author_id": "not defined",
      "author_name": "Sarah Griggs",
      "helpful": "0",
      "polarity": "",
      "rate": 5,
      "response": "Thank you for using Photofy! Glad you're enjoying the app!",
      "response_date": [
        "July",
        "3",
        " 2018"
      ],
      "review": "It's been great so far",
      "review_date": [
        "July",
        "2",
        " 2018"
      ]
    },
    {
      "REQ_subtype": "",
      "REQ_type": "",
      "_id": 73,
      "author_id": "not defined",
      "author_name": "Sarah Le Adams",
      "helpful": "0",
      "polarity": "",
      "rate": 5,
      "response": "",
      "response_date": "",
      "review": "Best app I've ever used",
      "review_date": [
        "July",
        "8",
        " 2018"
      ]
    },
    {
      "REQ_subtype": "",
      "REQ_type": "",
      "_id": 74,
      "author_id": "not defined",
      "author_name": "Love Nilkanth",
      "helpful": "0",
      "polarity": "",
      "rate": 4,
      "response": "Thank you for using Photofy!",
      "response_date": [
        "June",
        "12",
        " 2018"
      ],
      "review": "Yeah its a good photo editor",
      "review_date": [
        "June",
        "8",
        " 2018"
      ]
    },
    {
      "REQ_subtype": "",
      "REQ_type": "",
      "_id": 75,
      "author_id": "not defined",
      "author_name": "Angie Brown",
      "helpful": "0",
      "polarity": "",
      "rate": 5,
      "response": "And we love you!! Thanks so much for being a Photofy user!",
      "response_date": [
        "June",
        "15",
        " 2018"
      ],
      "review": "Love this app one of my favorites",
      "review_date": [
        "June",
        "15",
        " 2018"
      ]
    },
    {
      "REQ_subtype": "",
      "REQ_type": "",
      "_id": 76,
      "author_id": "not defined",
      "author_name": "Krystal jenkins",
      "helpful": "0",
      "polarity": "",
      "rate": 5,
      "response": "Thank you for using Photofy!",
      "response_date": [
        "June",
        "18",
        " 2018"
      ],
      "review": "I love it so much \u2764\ufe0f",
      "review_date": [
        "June",
        "17",
        " 2018"
      ]
    },
    {
      "REQ_subtype": "",
      "REQ_type": "",
      "_id": 77,
      "author_id": "not defined",
      "author_name": "Ivy Knight",
      "helpful": "0",
      "polarity": "",
      "rate": 5,
      "response": "Thank you so much for using Photofy!",
      "response_date": [
        "July",
        "11",
        " 2018"
      ],
      "review": "Love it for adding and editing g photos",
      "review_date": [
        "July",
        "10",
        " 2018"
      ]
    },
    {
      "REQ_subtype": "",
      "REQ_type": "",
      "_id": 78,
      "author_id": "not defined",
      "author_name": "A Google user",
      "helpful": "0",
      "polarity": "",
      "rate": 4,
      "response": "Thank you so much for using Photofy!",
      "response_date": [
        "June",
        "12",
        " 2018"
      ],
      "review": "It works",
      "review_date": [
        "June",
        "9",
        " 2018"
      ]
    },
    {
      "REQ_subtype": "",
      "REQ_type": "",
      "_id": 79,
      "author_id": "not defined",
      "author_name": "Up23 tochan",
      "helpful": "0",
      "polarity": "",
      "rate": 5,
      "response": "Thanks for using Photofy!",
      "response_date": [
        "June",
        "18",
        " 2018"
      ],
      "review": "Bindaas app",
      "review_date": [
        "June",
        "18",
        " 2018"
      ]
    },
    {
      "REQ_subtype": "",
      "REQ_type": "",
      "_id": 80,
      "author_id": "not defined",
      "author_name": "Stephanie Van Daele",
      "helpful": "0",
      "polarity": "",
      "rate": 5,
      "response": "Thank you so much for being a Photofy user!",
      "response_date": [
        "June",
        "21",
        " 2018"
      ],
      "review": "Easy to use & free tools are good.",
      "review_date": [
        "June",
        "21",
        " 2018"
      ]
    },
    {
      "REQ_subtype": "",
      "REQ_type": "",
      "_id": 81,
      "author_id": "not defined",
      "author_name": "Aly Briscoe",
      "helpful": "0",
      "polarity": "",
      "rate": 5,
      "response": "Thank you for being a Photofy user!",
      "response_date": [
        "June",
        "21",
        " 2018"
      ],
      "review": "Great App and works well!",
      "review_date": [
        "June",
        "21",
        " 2018"
      ]
    },
    {
      "REQ_subtype": "",
      "REQ_type": "",
      "_id": 82,
      "author_id": "not defined",
      "author_name": "Christel Labuschagne",
      "helpful": "0",
      "polarity": "",
      "rate": 5,
      "response": "Thank you so much for using Photofy!",
      "response_date": [
        "June",
        "27",
        " 2018"
      ],
      "review": "I just LOVE this App!",
      "review_date": [
        "June",
        "27",
        " 2018"
      ]
    },
    {
      "REQ_subtype": "",
      "REQ_type": "",
      "_id": 83,
      "author_id": "not defined",
      "author_name": "A Google user",
      "helpful": "0",
      "polarity": "",
      "rate": 5,
      "response": "Thank you so much for using Photofy!",
      "response_date": [
        "June",
        "20",
        " 2018"
      ],
      "review": "I love this app to edit pictures I love",
      "review_date": [
        "June",
        "20",
        " 2018"
      ]
    },
    {
      "REQ_subtype": "",
      "REQ_type": "",
      "_id": 84,
      "author_id": "not defined",
      "author_name": "Holly Edgington",
      "helpful": "0",
      "polarity": "",
      "rate": 4,
      "response": "Thank you so much for using Photofy! We are so glad you like our app!",
      "response_date": [
        "July",
        "9",
        " 2018"
      ],
      "review": "Fun app really like !!",
      "review_date": [
        "July",
        "6",
        " 2018"
      ]
    },
    {
      "REQ_subtype": "",
      "REQ_type": "",
      "_id": 85,
      "author_id": "not defined",
      "author_name": "zero foxdemon",
      "helpful": "0",
      "polarity": "",
      "rate": 4,
      "response": "Thank you for using Photofy!",
      "response_date": [
        "June",
        "11",
        " 2018"
      ],
      "review": "I like the different typestyles .",
      "review_date": [
        "June",
        "11",
        " 2018"
      ]
    },
    {
      "REQ_subtype": "",
      "REQ_type": "",
      "_id": 86,
      "author_id": "not defined",
      "author_name": "A Google user",
      "helpful": "0",
      "polarity": "",
      "rate": 4,
      "response": "",
      "response_date": "",
      "review": "Not bad, working easly",
      "review_date": [
        "June",
        "2",
        " 2018"
      ]
    },
    {
      "REQ_subtype": "",
      "REQ_type": "",
      "_id": 87,
      "author_id": "not defined",
      "author_name": "gaurav Verma",
      "helpful": "0",
      "polarity": "",
      "rate": 5,
      "response": "Thank you for using Photofy!",
      "response_date": [
        "July",
        "3",
        " 2018"
      ],
      "review": "Usefull app great\u270c\ufe0f",
      "review_date": [
        "June",
        "29",
        " 2018"
      ]
    },
    {
      "REQ_subtype": "",
      "REQ_type": "",
      "_id": 88,
      "author_id": "not defined",
      "author_name": "Samin Yasar Khan",
      "helpful": "0",
      "polarity": "",
      "rate": 4,
      "response": "Thanks so much for being a Photofy user!",
      "response_date": [
        "June",
        "15",
        " 2018"
      ],
      "review": "Easy to use.. It's useful and cool...",
      "review_date": [
        "June",
        "15",
        " 2018"
      ]
    },
    {
      "REQ_subtype": "",
      "REQ_type": "",
      "_id": 89,
      "author_id": "not defined",
      "author_name": "A Google user",
      "helpful": "0",
      "polarity": "",
      "rate": 5,
      "response": "Thank you for using Photofy!",
      "response_date": [
        "July",
        "8",
        " 2018"
      ],
      "review": "So far so good.",
      "review_date": [
        "July",
        "6",
        " 2018"
      ]
    },
    {
      "REQ_subtype": "",
      "REQ_type": "",
      "_id": 90,
      "author_id": "not defined",
      "author_name": "jess p",
      "helpful": "0",
      "polarity": "",
      "rate": 5,
      "response": "Thanks so much for being a Photofy User!",
      "response_date": [
        "June",
        "12",
        " 2018"
      ],
      "review": "Fun and easy to use!",
      "review_date": [
        "June",
        "12",
        " 2018"
      ]
    },
    {
      "REQ_subtype": "",
      "REQ_type": "",
      "_id": 91,
      "author_id": "not defined",
      "author_name": "Emma Abraham",
      "helpful": "0",
      "polarity": "",
      "rate": 5,
      "response": "Thanks so much for being a Photofy user!",
      "response_date": [
        "June",
        "15",
        " 2018"
      ],
      "review": "Wow soo helpful!",
      "review_date": [
        "June",
        "15",
        " 2018"
      ]
    },
    {
      "REQ_subtype": "",
      "REQ_type": "",
      "_id": 92,
      "author_id": "not defined",
      "author_name": "A Google user",
      "helpful": "0",
      "polarity": "",
      "rate": 3,
      "response": "Thank you so much for using Photofy! We hope you'll like us enough for a 5 star review in the future!",
      "response_date": [
        "June",
        "26",
        " 2018"
      ],
      "review": "This app is so good",
      "review_date": [
        "June",
        "23",
        " 2018"
      ]
    },
    {
      "REQ_subtype": "",
      "REQ_type": "",
      "_id": 93,
      "author_id": "not defined",
      "author_name": "Nikhil Ji",
      "helpful": "0",
      "polarity": "",
      "rate": 5,
      "response": "Thank you for using Photofy!",
      "response_date": [
        "June",
        "28",
        " 2018"
      ],
      "review": "Very good app for editing",
      "review_date": [
        "June",
        "28",
        " 2018"
      ]
    },
    {
      "REQ_subtype": "",
      "REQ_type": "",
      "_id": 94,
      "author_id": "not defined",
      "author_name": "Nichelle Pace",
      "helpful": "0",
      "polarity": "",
      "rate": 4,
      "response": "Thank you for using Photofy!",
      "response_date": [
        "July",
        "5",
        " 2018"
      ],
      "review": "Very cool photo editor",
      "review_date": [
        "July",
        "5",
        " 2018"
      ]
    },
    {
      "REQ_subtype": "",
      "REQ_type": "",
      "_id": 95,
      "author_id": "not defined",
      "author_name": "K Marsh",
      "helpful": "0",
      "polarity": "",
      "rate": 3,
      "response": "Thank you for giving Photofy a try!  We hope we can get that 5 star rating from you after you use our app for a bit!",
      "response_date": [
        "July",
        "8",
        " 2018"
      ],
      "review": "So far so good",
      "review_date": [
        "July",
        "8",
        " 2018"
      ]
    },
    {
      "REQ_subtype": "",
      "REQ_type": "",
      "_id": 96,
      "author_id": "not defined",
      "author_name": "maskuter misketar",
      "helpful": "0",
      "polarity": "",
      "rate": 5,
      "response": "",
      "response_date": "",
      "review": "So far so good",
      "review_date": [
        "July",
        "13",
        " 2018"
      ]
    },
    {
      "REQ_subtype": "",
      "REQ_type": "",
      "_id": 97,
      "author_id": "not defined",
      "author_name": "A Google user",
      "helpful": "0",
      "polarity": "",
      "rate": 5,
      "response": "Thank you so much for using Photofy!",
      "response_date": [
        "June",
        "12",
        " 2018"
      ],
      "review": "Speechless \ud83d\ude0d",
      "review_date": [
        "June",
        "9",
        " 2018"
      ]
    },
    {
      "REQ_subtype": "",
      "REQ_type": "",
      "_id": 98,
      "author_id": "not defined",
      "author_name": "Yogesh Kathepuri",
      "helpful": "0",
      "polarity": "",
      "rate": 4,
      "response": "Thank you so much for using Photofy!",
      "response_date": [
        "June",
        "12",
        " 2018"
      ],
      "review": "Best app for Editing Pics...",
      "review_date": [
        "June",
        "8",
        " 2018"
      ]
    },
    {
      "REQ_subtype": "",
      "REQ_type": "",
      "_id": 99,
      "author_id": "not defined",
      "author_name": "chaitaly shah",
      "helpful": "0",
      "polarity": "",
      "rate": 4,
      "response": "Thanks so much for using Photofy!",
      "response_date": [
        "June",
        "15",
        " 2018"
      ],
      "review": "It's a good app",
      "review_date": [
        "June",
        "12",
        " 2018"
      ]
    },
    {
      "REQ_subtype": "",
      "REQ_type": "",
      "_id": 100,
      "author_id": "not defined",
      "author_name": "Rudelle Rademeyer",
      "helpful": "0",
      "polarity": "",
      "rate": 5,
      "response": "Thank you for using Photofy!",
      "response_date": [
        "June",
        "18",
        " 2018"
      ],
      "review": "I love this app.",
      "review_date": [
        "June",
        "16",
        " 2018"
      ]
    },
    {
      "REQ_subtype": "",
      "REQ_type": "",
      "_id": 101,
      "author_id": "not defined",
      "author_name": "ANNIE AMALA",
      "helpful": "0",
      "polarity": "",
      "rate": 5,
      "response": "",
      "response_date": "",
      "review": "Just osm....app....best for editing photos",
      "review_date": [
        "July",
        "8",
        " 2018"
      ]
    },
    {
      "REQ_subtype": "",
      "REQ_type": "",
      "_id": 102,
      "author_id": "not defined",
      "author_name": "Sid The Kid Carlton",
      "helpful": "0",
      "polarity": "",
      "rate": 5,
      "response": "Thank you for using Photofy!",
      "response_date": [
        "June",
        "29",
        " 2018"
      ],
      "review": "It's great!",
      "review_date": [
        "June",
        "29",
        " 2018"
      ]
    },
    {
      "REQ_subtype": "",
      "REQ_type": "",
      "_id": 103,
      "author_id": "not defined",
      "author_name": "Sean Perkins",
      "helpful": "0",
      "polarity": "",
      "rate": 4,
      "response": "Thank you so much for using Photofy!",
      "response_date": [
        "June",
        "12",
        " 2018"
      ],
      "review": "Great App!",
      "review_date": [
        "June",
        "8",
        " 2018"
      ]
    },
    {
      "REQ_subtype": "",
      "REQ_type": "",
      "_id": 104,
      "author_id": "not defined",
      "author_name": "Rebecca Etherton",
      "helpful": "0",
      "polarity": "",
      "rate": 5,
      "response": "Thank you for using Photofy!",
      "response_date": [
        "June",
        "18",
        " 2018"
      ],
      "review": "Love this App!",
      "review_date": [
        "June",
        "17",
        " 2018"
      ]
    },
    {
      "REQ_subtype": "",
      "REQ_type": "",
      "_id": 105,
      "author_id": "not defined",
      "author_name": "Khaled Saifullah",
      "helpful": "0",
      "polarity": "",
      "rate": 5,
      "response": "Thank you so much for being a Photofy user!",
      "response_date": [
        "June",
        "21",
        " 2018"
      ],
      "review": "wow! loved it",
      "review_date": [
        "June",
        "21",
        " 2018"
      ]
    },
    {
      "REQ_subtype": "",
      "REQ_type": "",
      "_id": 106,
      "author_id": "not defined",
      "author_name": "Mali Brooks",
      "helpful": "0",
      "polarity": "",
      "rate": 5,
      "response": "Thank you! We hope you love Photofy as much as we do!",
      "response_date": [
        "June",
        "27",
        " 2018"
      ],
      "review": "Pretty Awesome!",
      "review_date": [
        "June",
        "27",
        " 2018"
      ]
    },
    {
      "REQ_subtype": "",
      "REQ_type": "",
      "_id": 107,
      "author_id": "not defined",
      "author_name": "Shaneandsonya Schirmer",
      "helpful": "0",
      "polarity": "",
      "rate": 5,
      "response": "Thank you so much for using Photofy!",
      "response_date": [
        "July",
        "11",
        " 2018"
      ],
      "review": "Love the templates!",
      "review_date": [
        "July",
        "7",
        " 2018"
      ]
    },
    {
      "REQ_subtype": "",
      "REQ_type": "",
      "_id": 108,
      "author_id": "not defined",
      "author_name": "Rena Ferdin",
      "helpful": "0",
      "polarity": "",
      "rate": 5,
      "response": "Thank you so much for using Photofy!",
      "response_date": [
        "July",
        "9",
        " 2018"
      ],
      "review": "Makes cool graphics",
      "review_date": [
        "July",
        "7",
        " 2018"
      ]
    },
    {
      "REQ_subtype": "",
      "REQ_type": "",
      "_id": 109,
      "author_id": "not defined",
      "author_name": "Jony Kumar",
      "helpful": "0",
      "polarity": "",
      "rate": 5,
      "response": "Thank you so much for using Photofy! We are so glad you love it!",
      "response_date": [
        "June",
        "12",
        " 2018"
      ],
      "review": "Best app ever",
      "review_date": [
        "June",
        "6",
        " 2018"
      ]
    },
    {
      "REQ_subtype": "",
      "REQ_type": "",
      "_id": 110,
      "author_id": "not defined",
      "author_name": "fatima parak",
      "helpful": "0",
      "polarity": "",
      "rate": 4,
      "response": "Thank you so much for using Photofy!",
      "response_date": [
        "June",
        "12",
        " 2018"
      ],
      "review": "User friendly and easy",
      "review_date": [
        "June",
        "5",
        " 2018"
      ]
    },
    {
      "REQ_subtype": "",
      "REQ_type": "",
      "_id": 111,
      "author_id": "not defined",
      "author_name": "Divya Sai",
      "helpful": "0",
      "polarity": "",
      "rate": 5,
      "response": "Thank you so much for using Photofy!",
      "response_date": [
        "June",
        "12",
        " 2018"
      ],
      "review": "Perfect editing app",
      "review_date": [
        "June",
        "9",
        " 2018"
      ]
    },
    {
      "REQ_subtype": "",
      "REQ_type": "",
      "_id": 112,
      "author_id": "not defined",
      "author_name": "Felecia Hope",
      "helpful": "0",
      "polarity": "",
      "rate": 5,
      "response": "Thanks for using Photofy!",
      "response_date": [
        "June",
        "14",
        " 2018"
      ],
      "review": "Excellent for quick use",
      "review_date": [
        "June",
        "14",
        " 2018"
      ]
    },
    {
      "REQ_subtype": "",
      "REQ_type": "",
      "_id": 113,
      "author_id": "not defined",
      "author_name": "Denzel Mbugua",
      "helpful": "0",
      "polarity": "",
      "rate": 5,
      "response": "Thanks so much for using Photofy!",
      "response_date": [
        "June",
        "26",
        " 2018"
      ],
      "review": "Best app ever",
      "review_date": [
        "June",
        "23",
        " 2018"
      ]
    },
    {
      "REQ_subtype": "",
      "REQ_type": "",
      "_id": 114,
      "author_id": "not defined",
      "author_name": "A Google user",
      "helpful": "0",
      "polarity": "",
      "rate": 5,
      "response": "Thank you so much for being a Photofy user!",
      "response_date": [
        "June",
        "21",
        " 2018"
      ],
      "review": "So much love",
      "review_date": [
        "June",
        "21",
        " 2018"
      ]
    },
    {
      "REQ_subtype": "",
      "REQ_type": "",
      "_id": 115,
      "author_id": "not defined",
      "author_name": "Laxman Ghalan",
      "helpful": "0",
      "polarity": "",
      "rate": 3,
      "response": "Thank you for using Photofy!",
      "response_date": [
        "July",
        "3",
        " 2018"
      ],
      "review": "Nice n enjoying",
      "review_date": [
        "July",
        "1",
        " 2018"
      ]
    },
    {
      "REQ_subtype": "",
      "REQ_type": "",
      "_id": 116,
      "author_id": "not defined",
      "author_name": "Chelsea Blackburn",
      "helpful": "0",
      "polarity": "",
      "rate": 5,
      "response": "Thanks so much for using Photofy!",
      "response_date": [
        "July",
        "3",
        " 2018"
      ],
      "review": "Love it so far",
      "review_date": [
        "July",
        "3",
        " 2018"
      ]
    },
    {
      "REQ_subtype": "",
      "REQ_type": "",
      "_id": 117,
      "author_id": "not defined",
      "author_name": "V.K Gujarati Studio With Gujarati Singer",
      "helpful": "0",
      "polarity": "",
      "rate": 5,
      "response": "",
      "response_date": "",
      "review": "Very good aap",
      "review_date": [
        "July",
        "8",
        " 2018"
      ]
    },
    {
      "REQ_subtype": "",
      "REQ_type": "",
      "_id": 118,
      "author_id": "not defined",
      "author_name": "A Google user",
      "helpful": "0",
      "polarity": "",
      "rate": 4,
      "response": "Thank you for using Photofy!",
      "response_date": [
        "July",
        "11",
        " 2018"
      ],
      "review": "Awesome app its",
      "review_date": [
        "July",
        "11",
        " 2018"
      ]
    },
    {
      "REQ_subtype": "",
      "REQ_type": "",
      "_id": 119,
      "author_id": "not defined",
      "author_name": "yoh hh",
      "helpful": "0",
      "polarity": "",
      "rate": 5,
      "response": "",
      "response_date": "",
      "review": "Best editing app",
      "review_date": [
        "July",
        "14",
        " 2018"
      ]
    },
    {
      "REQ_subtype": "",
      "REQ_type": "",
      "_id": 120,
      "author_id": "not defined",
      "author_name": "A Google user",
      "helpful": "0",
      "polarity": "",
      "rate": 5,
      "response": "",
      "response_date": "",
      "review": "this app is fantabulous for editing",
      "review_date": [
        "July",
        "14",
        " 2018"
      ]
    },
    {
      "REQ_subtype": "",
      "REQ_type": "",
      "_id": 121,
      "author_id": "not defined",
      "author_name": "Silas Treveli",
      "helpful": "0",
      "polarity": "",
      "rate": 4,
      "response": "Thank you! We are so glad you love Photofy!",
      "response_date": [
        "June",
        "11",
        " 2018"
      ],
      "review": "Cool app!!!",
      "review_date": [
        "June",
        "11",
        " 2018"
      ]
    },
    {
      "REQ_subtype": "",
      "REQ_type": "",
      "_id": 122,
      "author_id": "not defined",
      "author_name": "Dianna Kelley",
      "helpful": "0",
      "polarity": "",
      "rate": 5,
      "response": "Thank you for using Photofy!",
      "response_date": [
        "July",
        "10",
        " 2018"
      ],
      "review": "A++ powerful",
      "review_date": [
        "July",
        "8",
        " 2018"
      ]
    },
    {
      "REQ_subtype": "",
      "REQ_type": "",
      "_id": 123,
      "author_id": "not defined",
      "author_name": "abraham joseph",
      "helpful": "0",
      "polarity": "",
      "rate": 5,
      "response": "",
      "response_date": "",
      "review": "Awesome, love it",
      "review_date": [
        "July",
        "12",
        " 2018"
      ]
    },
    {
      "REQ_subtype": "",
      "REQ_type": "",
      "_id": 124,
      "author_id": "not defined",
      "author_name": "Soumodeep Midya",
      "helpful": "0",
      "polarity": "",
      "rate": 5,
      "response": "",
      "response_date": "",
      "review": "Bekar",
      "review_date": [
        "June",
        "2",
        " 2018"
      ]
    },
    {
      "REQ_subtype": "",
      "REQ_type": "",
      "_id": 125,
      "author_id": "not defined",
      "author_name": "Igors Korolkovs",
      "helpful": "0",
      "polarity": "",
      "rate": 5,
      "response": "Thank you for using Photofy!",
      "response_date": [
        "June",
        "18",
        " 2018"
      ],
      "review": "Like it",
      "review_date": [
        "June",
        "16",
        " 2018"
      ]
    },
    {
      "REQ_subtype": "",
      "REQ_type": "",
      "_id": 126,
      "author_id": "not defined",
      "author_name": "Prince Shan",
      "helpful": "0",
      "polarity": "",
      "rate": 3,
      "response": "Thanks for using Photofy!",
      "response_date": [
        "June",
        "18",
        " 2018"
      ],
      "review": "nothing",
      "review_date": [
        "June",
        "18",
        " 2018"
      ]
    },
    {
      "REQ_subtype": "",
      "REQ_type": "",
      "_id": 127,
      "author_id": "not defined",
      "author_name": "A Google user",
      "helpful": "0",
      "polarity": "",
      "rate": 5,
      "response": "Thank you for using Photofy!",
      "response_date": [
        "June",
        "21",
        " 2018"
      ],
      "review": "Love,Love,Love this app.",
      "review_date": [
        "June",
        "21",
        " 2018"
      ]
    },
    {
      "REQ_subtype": "",
      "REQ_type": "",
      "_id": 128,
      "author_id": "not defined",
      "author_name": "A Google user",
      "helpful": "0",
      "polarity": "",
      "rate": 3,
      "response": "Thank you for using Photofy!",
      "response_date": [
        "July",
        "4",
        " 2018"
      ],
      "review": "Gud",
      "review_date": [
        "July",
        "4",
        " 2018"
      ]
    },
    {
      "REQ_subtype": "",
      "REQ_type": "",
      "_id": 129,
      "author_id": "not defined",
      "author_name": "CreaTuber",
      "helpful": "0",
      "polarity": "",
      "rate": 4,
      "response": "Thank you for using Photofy!",
      "response_date": [
        "July",
        "12",
        " 2018"
      ],
      "review": "Standard",
      "review_date": [
        "July",
        "12",
        " 2018"
      ]
    },
    {
      "REQ_subtype": "",
      "REQ_type": "",
      "_id": 130,
      "author_id": "not defined",
      "author_name": "irene jaramillo",
      "helpful": "0",
      "polarity": "",
      "rate": 5,
      "response": "Thank you for using Photofy!",
      "response_date": [
        "June",
        "18",
        " 2018"
      ],
      "review": "Love the app.",
      "review_date": [
        "June",
        "17",
        " 2018"
      ]
    },
    {
      "REQ_subtype": "",
      "REQ_type": "",
      "_id": 131,
      "author_id": "not defined",
      "author_name": "utpal goswami",
      "helpful": "0",
      "polarity": "",
      "rate": 5,
      "response": "Thank you for being a Photofy user!",
      "response_date": [
        "June",
        "21",
        " 2018"
      ],
      "review": "mostly amazing app ...... i like this app..... \ud83d\ude18\ud83d\ude18",
      "review_date": [
        "June",
        "21",
        " 2018"
      ]
    },
    {
      "REQ_subtype": "",
      "REQ_type": "",
      "_id": 132,
      "author_id": "not defined",
      "author_name": "Justina Walker",
      "helpful": "0",
      "polarity": "",
      "rate": 5,
      "response": "",
      "response_date": "",
      "review": "\ud83d\udc4dgreat app",
      "review_date": [
        "June",
        "3",
        " 2018"
      ]
    },
    {
      "REQ_subtype": "",
      "REQ_type": "",
      "_id": 133,
      "author_id": "not defined",
      "author_name": "Ashley Darty",
      "helpful": "0",
      "polarity": "",
      "rate": 5,
      "response": "Thank you so much for being a Photofy User!",
      "response_date": [
        "June",
        "21",
        " 2018"
      ],
      "review": "Great!",
      "review_date": [
        "June",
        "21",
        " 2018"
      ]
    },
    {
      "REQ_subtype": "",
      "REQ_type": "",
      "_id": 134,
      "author_id": "not defined",
      "author_name": "Tiffany Rhodes",
      "helpful": "0",
      "polarity": "",
      "rate": 5,
      "response": "Thank you for using Photofy!",
      "response_date": [
        "July",
        "3",
        " 2018"
      ],
      "review": "Love!!",
      "review_date": [
        "July",
        "3",
        " 2018"
      ]
    },
    {
      "REQ_subtype": "",
      "REQ_type": "",
      "_id": 135,
      "author_id": "not defined",
      "author_name": "Karla Andrade",
      "helpful": "0",
      "polarity": "",
      "rate": 5,
      "response": "Thanks so much!",
      "response_date": [
        "June",
        "18",
        " 2018"
      ],
      "review": "Love it!",
      "review_date": [
        "June",
        "18",
        " 2018"
      ]
    },
    {
      "REQ_subtype": "",
      "REQ_type": "",
      "_id": 136,
      "author_id": "not defined",
      "author_name": "Eikya Lola Nieves",
      "helpful": "0",
      "polarity": "",
      "rate": 5,
      "response": "Thanks so much for using Photofy!",
      "response_date": [
        "June",
        "15",
        " 2018"
      ],
      "review": "Excellent!",
      "review_date": [
        "June",
        "13",
        " 2018"
      ]
    },
    {
      "REQ_subtype": "",
      "REQ_type": "",
      "_id": 137,
      "author_id": "not defined",
      "author_name": "A Google user",
      "helpful": "0",
      "polarity": "",
      "rate": 5,
      "response": "Thank you for using Photofy!",
      "response_date": [
        "July",
        "10",
        " 2018"
      ],
      "review": "Very nice..",
      "review_date": [
        "July",
        "9",
        " 2018"
      ]
    },
    {
      "REQ_subtype": "",
      "REQ_type": "",
      "_id": 138,
      "author_id": "not defined",
      "author_name": "Andrea Davis",
      "helpful": "0",
      "polarity": "",
      "rate": 5,
      "response": "Thank you so much for using Photofy! We are so glad you love it!",
      "response_date": [
        "June",
        "12",
        " 2018"
      ],
      "review": "Love it!!!",
      "review_date": [
        "June",
        "7",
        " 2018"
      ]
    },
    {
      "REQ_subtype": "",
      "REQ_type": "",
      "_id": 139,
      "author_id": "not defined",
      "author_name": "mizan ahmad",
      "helpful": "0",
      "polarity": "",
      "rate": 5,
      "response": "",
      "response_date": "",
      "review": "sooo good",
      "review_date": [
        "June",
        "3",
        " 2018"
      ]
    },
    {
      "REQ_subtype": "",
      "REQ_type": "",
      "_id": 140,
      "author_id": "not defined",
      "author_name": "A Google user",
      "helpful": "0",
      "polarity": "",
      "rate": 5,
      "response": "",
      "response_date": "",
      "review": "Good app",
      "review_date": [
        "June",
        "3",
        " 2018"
      ]
    },
    {
      "REQ_subtype": "",
      "REQ_type": "",
      "_id": 141,
      "author_id": "not defined",
      "author_name": "Julie B",
      "helpful": "0",
      "polarity": "",
      "rate": 5,
      "response": "Thank you so much for using Photofy!",
      "response_date": [
        "June",
        "12",
        " 2018"
      ],
      "review": "Very useful",
      "review_date": [
        "June",
        "4",
        " 2018"
      ]
    },
    {
      "REQ_subtype": "",
      "REQ_type": "",
      "_id": 142,
      "author_id": "not defined",
      "author_name": "Shaikh Safoora",
      "helpful": "0",
      "polarity": "",
      "rate": 5,
      "response": "Thank you so much for using Photofy!",
      "response_date": [
        "June",
        "12",
        " 2018"
      ],
      "review": "Good one",
      "review_date": [
        "June",
        "4",
        " 2018"
      ]
    },
    {
      "REQ_subtype": "",
      "REQ_type": "",
      "_id": 143,
      "author_id": "not defined",
      "author_name": "hendri michel",
      "helpful": "0",
      "polarity": "",
      "rate": 5,
      "response": "Thank you so much for using Photofy! We are so glad you love it!",
      "response_date": [
        "June",
        "12",
        " 2018"
      ],
      "review": "one of the best",
      "review_date": [
        "June",
        "5",
        " 2018"
      ]
    },
    {
      "REQ_subtype": "",
      "REQ_type": "",
      "_id": 144,
      "author_id": "not defined",
      "author_name": "siti rahayu",
      "helpful": "0",
      "polarity": "",
      "rate": 5,
      "response": "Thank you so much for using Photofy! We are so glad you love it!",
      "response_date": [
        "June",
        "12",
        " 2018"
      ],
      "review": "I loved it",
      "review_date": [
        "June",
        "5",
        " 2018"
      ]
    },
    {
      "REQ_subtype": "",
      "REQ_type": "",
      "_id": 145,
      "author_id": "not defined",
      "author_name": "Victor Aristy",
      "helpful": "0",
      "polarity": "",
      "rate": 5,
      "response": "Thank you so much for using Photofy! We are so glad you love it!",
      "response_date": [
        "June",
        "12",
        " 2018"
      ],
      "review": "Very nice",
      "review_date": [
        "June",
        "5",
        " 2018"
      ]
    },
    {
      "REQ_subtype": "",
      "REQ_type": "",
      "_id": 146,
      "author_id": "not defined",
      "author_name": "\u00df\u00e1 p p\u00e0 D\u00e5s",
      "helpful": "0",
      "polarity": "",
      "rate": 2,
      "response": "Thanks for using Photofy!",
      "response_date": [
        "June",
        "12",
        " 2018"
      ],
      "review": "Just well",
      "review_date": [
        "June",
        "6",
        " 2018"
      ]
    },
    {
      "REQ_subtype": "",
      "REQ_type": "",
      "_id": 147,
      "author_id": "not defined",
      "author_name": "Sharukh Rathod",
      "helpful": "0",
      "polarity": "",
      "rate": 5,
      "response": "Thank you so much for using Photofy!",
      "response_date": [
        "June",
        "12",
        " 2018"
      ],
      "review": "Nice aap",
      "review_date": [
        "June",
        "8",
        " 2018"
      ]
    },
    {
      "REQ_subtype": "",
      "REQ_type": "",
      "_id": 148,
      "author_id": "not defined",
      "author_name": "prabhu dayal Dadel",
      "helpful": "0",
      "polarity": "",
      "rate": 5,
      "response": "Thank you so much for using Photofy!",
      "response_date": [
        "June",
        "12",
        " 2018"
      ],
      "review": "Nice work",
      "review_date": [
        "June",
        "8",
        " 2018"
      ]
    },
    {
      "REQ_subtype": "",
      "REQ_type": "",
      "_id": 149,
      "author_id": "not defined",
      "author_name": "Nik Mf",
      "helpful": "0",
      "polarity": "",
      "rate": 5,
      "response": "We think you're pretty cool too! Thanks for using Photofy!",
      "response_date": [
        "June",
        "14",
        " 2018"
      ],
      "review": "So cool",
      "review_date": [
        "June",
        "14",
        " 2018"
      ]
    },
    {
      "REQ_subtype": "",
      "REQ_type": "",
      "_id": 150,
      "author_id": "not defined",
      "author_name": "A Google user",
      "helpful": "0",
      "polarity": "",
      "rate": 5,
      "response": "Thanks so much for using Photofy!",
      "response_date": [
        "June",
        "15",
        " 2018"
      ],
      "review": "Great loved it",
      "review_date": [
        "June",
        "13",
        " 2018"
      ]
    },
    {
      "REQ_subtype": "",
      "REQ_type": "",
      "_id": 151,
      "author_id": "not defined",
      "author_name": "Luisa Pisana",
      "helpful": "0",
      "polarity": "",
      "rate": 5,
      "response": "Thank you for using Photofy!",
      "response_date": [
        "June",
        "18",
        " 2018"
      ],
      "review": "I love it",
      "review_date": [
        "June",
        "17",
        " 2018"
      ]
    },
    {
      "REQ_subtype": "",
      "REQ_type": "",
      "_id": 152,
      "author_id": "not defined",
      "author_name": "Samantha du Preez",
      "helpful": "0",
      "polarity": "",
      "rate": 5,
      "response": "Thank you for using Photofy!",
      "response_date": [
        "June",
        "18",
        " 2018"
      ],
      "review": "Great app",
      "review_date": [
        "June",
        "16",
        " 2018"
      ]
    },
    {
      "REQ_subtype": "",
      "REQ_type": "",
      "_id": 153,
      "author_id": "not defined",
      "author_name": "Yashika Nathani",
      "helpful": "0",
      "polarity": "",
      "rate": 5,
      "response": "Thank you for using Photofy!",
      "response_date": [
        "June",
        "20",
        " 2018"
      ],
      "review": "the best app",
      "review_date": [
        "June",
        "19",
        " 2018"
      ]
    },
    {
      "REQ_subtype": "",
      "REQ_type": "",
      "_id": 154,
      "author_id": "not defined",
      "author_name": "Lindsay Badali",
      "helpful": "0",
      "polarity": "",
      "rate": 5,
      "response": "Thank you for using Photofy!",
      "response_date": [
        "June",
        "26",
        " 2018"
      ],
      "review": "Works great",
      "review_date": [
        "June",
        "24",
        " 2018"
      ]
    },
    {
      "REQ_subtype": "",
      "REQ_type": "",
      "_id": 155,
      "author_id": "not defined",
      "author_name": "Charlae Inman",
      "helpful": "0",
      "polarity": "",
      "rate": 5,
      "response": "Thank you for using Photofy!",
      "response_date": [
        "June",
        "26",
        " 2018"
      ],
      "review": "I love it",
      "review_date": [
        "June",
        "25",
        " 2018"
      ]
    },
    {
      "REQ_subtype": "",
      "REQ_type": "",
      "_id": 156,
      "author_id": "not defined",
      "author_name": "Jennie Remy",
      "helpful": "0",
      "polarity": "",
      "rate": 5,
      "response": "Thank you for using Photofy!",
      "response_date": [
        "June",
        "28",
        " 2018"
      ],
      "review": "Good app",
      "review_date": [
        "June",
        "28",
        " 2018"
      ]
    },
    {
      "REQ_subtype": "",
      "REQ_type": "",
      "_id": 157,
      "author_id": "not defined",
      "author_name": "Manpreet Singh",
      "helpful": "0",
      "polarity": "",
      "rate": 5,
      "response": "Thank you for using Photofy!",
      "response_date": [
        "July",
        "3",
        " 2018"
      ],
      "review": "Really nice",
      "review_date": [
        "June",
        "30",
        " 2018"
      ]
    },
    {
      "REQ_subtype": "",
      "REQ_type": "",
      "_id": 158,
      "author_id": "not defined",
      "author_name": "Ivo KustomKicks",
      "helpful": "0",
      "polarity": "",
      "rate": 5,
      "response": "Thank you for using Photofy!",
      "response_date": [
        "July",
        "3",
        " 2018"
      ],
      "review": "Great app",
      "review_date": [
        "June",
        "30",
        " 2018"
      ]
    },
    {
      "REQ_subtype": "",
      "REQ_type": "",
      "_id": 159,
      "author_id": "not defined",
      "author_name": "Pritam Kumar",
      "helpful": "0",
      "polarity": "",
      "rate": 5,
      "response": "Thanks for using Photofy!",
      "response_date": [
        "July",
        "3",
        " 2018"
      ],
      "review": "Great app",
      "review_date": [
        "July",
        "1",
        " 2018"
      ]
    }
  ],
  "size": "53",
  "url": "https://play.google.com/store/apps/details?id=com.photofy.android",
  "version": "5.4.5a"
}