{
  "categories": [
    "Simulation"
  ],
  "description": "In Real Dress Up 2, you can dress daily clothes or special dresses to real models. You will get points from the jury based on your fashion choices that you will present. There are 3 game modes for you to enjoy: Model Dress Up, Time Trial and Dress Yourself in which you will able to dress yourself using a photo of your face. The most realistic dressing game \"Real Dress Up 2\" is totally free. Hundreds of clothes, accessories, shoes and real models are waiting for you. Download now for free!What is waiting for you:* Dress Yourself using a selfie* A lot of real clothes and real models* A jury that gives points to you based on your fashion choices* Race against time in Time Trial mode",
  "inc": "\u0130zmo Bili\u015fim",
  "intalled_count": "1,000,000",
  "last_update": [
    "September",
    "3",
    " 2016"
  ],
  "name": "Real Dress Up 2",
  "offered_by": "Google Commerce Ltd",
  "permissions": {
    "Photos/Media/Files": [
      "read the contents of your USB storage",
      "modify or delete the contents of your USB storage"
    ],
    "Storage": [
      "read the contents of your USB storage",
      "modify or delete the contents of your USB storage"
    ],
    "Other": [
      "full network access"
    ]
  },
  "rate": [
    [
      "41,005",
      "4.0"
    ],
    [
      "25,433",
      "5"
    ],
    [
      "4,363",
      "4"
    ],
    [
      "3,321",
      "3"
    ],
    [
      "1,804",
      "2"
    ],
    [
      "6,084",
      "1"
    ]
  ],
  "required_android": "2.3",
  "reviews": [
    {
      "REQ_subtype": "",
      "REQ_type": "",
      "_id": 0,
      "author_id": "not defined",
      "author_name": "Bass Mainer",
      "helpful": "1166",
      "polarity": "",
      "rate": 4,
      "response": "",
      "response_date": "",
      "review": "I like the game,  but it has too many adverts. It only has females. It would be fun if there were men to dress up too. I'm not really sure how to dress up a woman though I try. I find that  it's much better to play offline to prevent the ads from creeping in.",
      "review_date": [
        "October",
        "11",
        " 2016"
      ]
    },
    {
      "REQ_subtype": "",
      "REQ_type": "",
      "_id": 1,
      "author_id": "not defined",
      "author_name": "Sasha Honey",
      "helpful": "355",
      "polarity": "",
      "rate": 1,
      "response": "",
      "response_date": "",
      "review": "Terrible! The basic controls of this game are pathetic. You can upload your own photos but they appear sideways with no way to correct them. Don't bother to waste your time with this app especially if you're after diversity in the models!",
      "review_date": [
        "August",
        "6",
        " 2017"
      ]
    },
    {
      "REQ_subtype": "",
      "REQ_type": "",
      "_id": 2,
      "author_id": "not defined",
      "author_name": "Michelle Wedlake",
      "helpful": "181",
      "polarity": "",
      "rate": 1,
      "response": "",
      "response_date": "",
      "review": "Game for girls but plays like designed by children.  Its also racist.  The only model is white and I had to totally wash out my face to match the model's skin tone.  Maybe i just wasnt able to select another model cause the game didn't respond to my selections.",
      "review_date": [
        "October",
        "16",
        " 2017"
      ]
    },
    {
      "REQ_subtype": "",
      "REQ_type": "",
      "_id": 3,
      "author_id": "not defined",
      "author_name": "A Google user",
      "helpful": "0",
      "polarity": "",
      "rate": 1,
      "response": "",
      "response_date": "",
      "review": "Total waste of time.  You try to put your own face in there and it goes in sidewaus and wont let me turn it around.  Too many adds also.  Don't waste your data on such rubbish",
      "review_date": [
        "June",
        "29",
        " 2017"
      ]
    },
    {
      "REQ_subtype": "",
      "REQ_type": "",
      "_id": 4,
      "author_id": "not defined",
      "author_name": "A Google user",
      "helpful": "0",
      "polarity": "",
      "rate": 1,
      "response": "",
      "response_date": "",
      "review": "This game had such bad facial detail. I tried to cut my face and it kept turning my face so that it didn't match up \ud83d\ude15not recommend",
      "review_date": [
        "December",
        "9",
        " 2017"
      ]
    },
    {
      "REQ_subtype": "",
      "REQ_type": "",
      "_id": 5,
      "author_id": "not defined",
      "author_name": "Chocolate Jones",
      "helpful": "0",
      "polarity": "",
      "rate": 1,
      "response": "",
      "response_date": "",
      "review": "Horrible",
      "review_date": [
        "November",
        "18",
        " 2016"
      ]
    },
    {
      "REQ_subtype": "",
      "REQ_type": "",
      "_id": 6,
      "author_id": "not defined",
      "author_name": "initial halo",
      "helpful": "0",
      "polarity": "",
      "rate": 3,
      "response": "",
      "response_date": "",
      "review": "I mean it is fun and all But everytime u want to get something else you have to go all the way back and we'll u have to dress ugly for the judges OT like it",
      "review_date": [
        "January",
        "13",
        " 2017"
      ]
    },
    {
      "REQ_subtype": "",
      "REQ_type": "",
      "_id": 7,
      "author_id": "not defined",
      "author_name": "A Google user",
      "helpful": "0",
      "polarity": "",
      "rate": 1,
      "response": "",
      "response_date": "",
      "review": "This game is awful as I wanted to download another dress up game and it would not work until I installed the latest version. I installed this latest version but all it does is go off , what a WASTE of time sort it out please",
      "review_date": [
        "November",
        "6",
        " 2016"
      ]
    },
    {
      "REQ_subtype": "",
      "REQ_type": "",
      "_id": 8,
      "author_id": "not defined",
      "author_name": "HIRA JAIN",
      "helpful": "0",
      "polarity": "",
      "rate": 1,
      "response": "",
      "response_date": "",
      "review": "It is said that you can dress your own self by pic but not true it is stupid game don't waste time on this. I am willing to kill the maker",
      "review_date": [
        "September",
        "13",
        " 2016"
      ]
    },
    {
      "REQ_subtype": "",
      "REQ_type": "",
      "_id": 9,
      "author_id": "not defined",
      "author_name": "A Google user",
      "helpful": "22",
      "polarity": "",
      "rate": 4,
      "response": "",
      "response_date": "",
      "review": "Maybe your phones is stupid",
      "review_date": [
        "December",
        "22",
        " 2016"
      ]
    },
    {
      "REQ_subtype": "",
      "REQ_type": "",
      "_id": 10,
      "author_id": "not defined",
      "author_name": "kayla miller",
      "helpful": "0",
      "polarity": "",
      "rate": 1,
      "response": "",
      "response_date": "",
      "review": "this game was terrible, you can't change your skin color the pictures are \nto bright, the clothing looks facke. I reccomend you don't waste your \ndevices space on this terrible game unless you like these terrible games \nand I can't forget it starts you off in underwhere and a undershirt.",
      "review_date": [
        "May",
        "25",
        " 2018"
      ]
    },
    {
      "REQ_subtype": "",
      "REQ_type": "",
      "_id": 11,
      "author_id": "not defined",
      "author_name": "Sherry Salas",
      "helpful": "9",
      "polarity": "",
      "rate": 5,
      "response": "",
      "response_date": "",
      "review": "I Love This Game It Reminds Me When I Use To Play Dress Up With My Sweet Little Granddaughter.",
      "review_date": [
        "March",
        "18",
        " 2017"
      ]
    },
    {
      "REQ_subtype": "",
      "REQ_type": "",
      "_id": 12,
      "author_id": "not defined",
      "author_name": "Jamee Cornett",
      "helpful": "0",
      "polarity": "",
      "rate": 3,
      "response": "",
      "response_date": "",
      "review": "It was confusing and now that I think about it, it was dangerous you had to take a picture of yourself and dress it up. And the bra showed in most the clothes",
      "review_date": [
        "January",
        "3",
        " 2017"
      ]
    },
    {
      "REQ_subtype": "",
      "REQ_type": "",
      "_id": 13,
      "author_id": "not defined",
      "author_name": "DeAngela Johnson",
      "helpful": "0",
      "polarity": "",
      "rate": 4,
      "response": "",
      "response_date": "",
      "review": "I love the models! They look so real. Not cartoonish. I don't want to play a game where women look animated. I just wish they had more clothing to choose from, more faces, and more body types. Please bring us more clothes and more shoes, including different colored skirt suits! And it wouldn't hurt to possibly add a few black and Asian women either.",
      "review_date": [
        "January",
        "21",
        " 2017"
      ]
    },
    {
      "REQ_subtype": "",
      "REQ_type": "",
      "_id": 14,
      "author_id": "not defined",
      "author_name": "A Google user",
      "helpful": "0",
      "polarity": "",
      "rate": 5,
      "response": "",
      "response_date": "",
      "review": "I love it because its so muuch fun and dont be a hater on this game cause of when u dress up your self u take a photo and your face ends up upside down and i know how to fix that. All u do is u vlip the screen upside sown when the screen rotation is of and it works!",
      "review_date": [
        "September",
        "2",
        " 2017"
      ]
    },
    {
      "REQ_subtype": "",
      "REQ_type": "",
      "_id": 15,
      "author_id": "not defined",
      "author_name": "RaJKumar Singh",
      "helpful": "1",
      "polarity": "",
      "rate": 1,
      "response": "",
      "response_date": "",
      "review": "Such a stupid game  The pic in the picture can not fixed  I have seen such a stupid game  Please never install this type of games  I hate such a game\ud83d\udc4e\ud83d\udc4e\ud83d\udc4e\ud83d\udc4e\ud83d\udc4e",
      "review_date": [
        "July",
        "23",
        " 2017"
      ]
    },
    {
      "REQ_subtype": "",
      "REQ_type": "",
      "_id": 16,
      "author_id": "not defined",
      "author_name": "Mya Owl",
      "helpful": "0",
      "polarity": "",
      "rate": 2,
      "response": "",
      "response_date": "",
      "review": "Ad,ad,ad,ad!!oh,you have like 10 ugly outfits to work with.Plus,the judges are hators!and ever time you place a pic. its side ways!don't bye",
      "review_date": [
        "December",
        "9",
        " 2016"
      ]
    },
    {
      "REQ_subtype": "",
      "REQ_type": "",
      "_id": 17,
      "author_id": "not defined",
      "author_name": "Tameisha Stovall",
      "helpful": "0",
      "polarity": "",
      "rate": 5,
      "response": "",
      "response_date": "",
      "review": "I can't speak for anyone,but when yall play this game its gonna blow your mind, because its fun to dress the characters up and you even get juged by the game to show you if you can dress. Well you heared it from me now go see for youselfs. Bye guys .........",
      "review_date": [
        "March",
        "18",
        " 2017"
      ]
    },
    {
      "REQ_subtype": "",
      "REQ_type": "",
      "_id": 18,
      "author_id": "not defined",
      "author_name": "A Google user",
      "helpful": "0",
      "polarity": "",
      "rate": 1,
      "response": "",
      "response_date": "",
      "review": "We can't play real dress up part 1 without downloading it and also if we download it it will not start such a rubbish thing I want to just catch the maker of this game and ask him / her to tell why it is happening so",
      "review_date": [
        "November",
        "1",
        " 2016"
      ]
    },
    {
      "REQ_subtype": "",
      "REQ_type": "",
      "_id": 19,
      "author_id": "not defined",
      "author_name": "mani sindhu",
      "helpful": "0",
      "polarity": "",
      "rate": 1,
      "response": "",
      "response_date": "",
      "review": "It's horrible sry to be rude because it's not coming to play when I open it iam going to play it will be back again I want to play I tried so many times but no use not only that I am not able to fix my face please don't install it and I also check my phone there is no fault iny phone",
      "review_date": [
        "October",
        "2",
        " 2017"
      ]
    },
    {
      "REQ_subtype": "",
      "REQ_type": "",
      "_id": 20,
      "author_id": "not defined",
      "author_name": "Aleah Acciaio",
      "helpful": "0",
      "polarity": "",
      "rate": 1,
      "response": "",
      "response_date": "",
      "review": "Every time I turn it on it comes off this game is a rip off I evan tried it like a million times I littrally wasted all my time and battery on tring to get this appbto work",
      "review_date": [
        "September",
        "18",
        " 2016"
      ]
    },
    {
      "REQ_subtype": "",
      "REQ_type": "",
      "_id": 21,
      "author_id": "not defined",
      "author_name": "Nazmeen Shaik",
      "helpful": "0",
      "polarity": "",
      "rate": 1,
      "response": "",
      "response_date": "",
      "review": "What a hell!!  How could u thnk i would put my face to side instead of in face position.This game is ridiculous  im tierd of adjusting  my face  I suggest plz don't dwnlod",
      "review_date": [
        "July",
        "4",
        " 2017"
      ]
    },
    {
      "REQ_subtype": "",
      "REQ_type": "",
      "_id": 22,
      "author_id": "not defined",
      "author_name": "SRINIVAS RAO",
      "helpful": "1",
      "polarity": "",
      "rate": 1,
      "response": "",
      "response_date": "",
      "review": "It's the most worst game I played. I downloaded it but still it's not working. Soo irritated by this worst game.",
      "review_date": [
        "April",
        "27",
        " 2017"
      ]
    },
    {
      "REQ_subtype": "",
      "REQ_type": "",
      "_id": 23,
      "author_id": "not defined",
      "author_name": "Atiya Gillani",
      "helpful": "0",
      "polarity": "",
      "rate": 2,
      "response": "",
      "response_date": "",
      "review": "So difficult face rotation not available in this. And only western clothes here show eastern style too. And fix your app and improve it with rotation mode",
      "review_date": [
        "May",
        "10",
        " 2017"
      ]
    },
    {
      "REQ_subtype": "",
      "REQ_type": "",
      "_id": 24,
      "author_id": "not defined",
      "author_name": "Rama Krishna",
      "helpful": "0",
      "polarity": "",
      "rate": 2,
      "response": "",
      "response_date": "",
      "review": "It is a waste game we can't dress up our selfie pick if you want to dress up u want to take selifie in another way",
      "review_date": [
        "April",
        "3",
        " 2017"
      ]
    },
    {
      "REQ_subtype": "",
      "REQ_type": "",
      "_id": 25,
      "author_id": "not defined",
      "author_name": "Wendy Tate",
      "helpful": "0",
      "polarity": "",
      "rate": 1,
      "response": "",
      "response_date": "",
      "review": "hate it I don't even have to say why 2nd everyone else even thinks it sucks \nso yeah I just hate this stupid dumb game",
      "review_date": [
        "June",
        "14",
        " 2018"
      ]
    },
    {
      "REQ_subtype": "",
      "REQ_type": "",
      "_id": 26,
      "author_id": "not defined",
      "author_name": "Emison Collins",
      "helpful": "0",
      "polarity": "",
      "rate": 1,
      "response": "",
      "response_date": "",
      "review": "What?!!!! As soon as I press play and choose if I want to choose a model or my self it goes out of the game. Is anyone else having this problem or is it just me? \ud83d\ude20\ud83d\ude2c\ud83d\ude2d",
      "review_date": [
        "October",
        "1",
        " 2017"
      ]
    },
    {
      "REQ_subtype": "",
      "REQ_type": "",
      "_id": 27,
      "author_id": "not defined",
      "author_name": "tinyboss powley",
      "helpful": "0",
      "polarity": "",
      "rate": 3,
      "response": "",
      "response_date": "",
      "review": "I wouldn't give it five stars cause the selfie camera doesn't even work it just comes out side ways other wise than that this game is nice",
      "review_date": [
        "October",
        "15",
        " 2016"
      ]
    },
    {
      "REQ_subtype": "",
      "REQ_type": "",
      "_id": 28,
      "author_id": "not defined",
      "author_name": "A Google user",
      "helpful": "0",
      "polarity": "",
      "rate": 3,
      "response": "",
      "response_date": "",
      "review": "Its OK but the judges give low points for awesome looks and when u dress the model the worst they can look u get a 100 points and it says dress yourself when u take a pic it comes out sideways please fix this game is kind of boring but at the same time its OK",
      "review_date": [
        "June",
        "18",
        " 2017"
      ]
    },
    {
      "REQ_subtype": "",
      "REQ_type": "",
      "_id": 29,
      "author_id": "not defined",
      "author_name": "Marelize Jooste",
      "helpful": "5",
      "polarity": "",
      "rate": 5,
      "response": "",
      "response_date": "",
      "review": "Nice game to play,  fun and easy.  Please bring out more games like this one?",
      "review_date": [
        "May",
        "9",
        " 2017"
      ]
    },
    {
      "REQ_subtype": "",
      "REQ_type": "",
      "_id": 30,
      "author_id": "not defined",
      "author_name": "Saphira Reeves",
      "helpful": "9",
      "polarity": "",
      "rate": 5,
      "response": "",
      "response_date": "",
      "review": "I love you. You are the best. I love you soooooooooooooooooooooooooooooooooo much by, Saphira Reeves.",
      "review_date": [
        "September",
        "23",
        " 2016"
      ]
    },
    {
      "REQ_subtype": "",
      "REQ_type": "",
      "_id": 31,
      "author_id": "not defined",
      "author_name": "A Google user",
      "helpful": "0",
      "polarity": "",
      "rate": 2,
      "response": "",
      "response_date": "",
      "review": "It's okay but...  There were to many ads and it kept freezing up.  Kg takes up a lot of space, don't install it",
      "review_date": [
        "August",
        "8",
        " 2017"
      ]
    },
    {
      "REQ_subtype": "",
      "REQ_type": "",
      "_id": 32,
      "author_id": "not defined",
      "author_name": "wolfy 997",
      "helpful": "0",
      "polarity": "",
      "rate": 1,
      "response": "",
      "response_date": "",
      "review": "I don't like it but like its ok there's just females and it says \"REAL dress up2\" it doesn't even look real",
      "review_date": [
        "November",
        "14",
        " 2016"
      ]
    },
    {
      "REQ_subtype": "",
      "REQ_type": "",
      "_id": 33,
      "author_id": "not defined",
      "author_name": "Eseosa Ominuta",
      "helpful": "4",
      "polarity": "",
      "rate": 1,
      "response": "",
      "response_date": "",
      "review": "It just freezes up for no reason",
      "review_date": [
        "November",
        "13",
        " 2016"
      ]
    },
    {
      "REQ_subtype": "",
      "REQ_type": "",
      "_id": 34,
      "author_id": "not defined",
      "author_name": "Nadege Joseph",
      "helpful": "0",
      "polarity": "",
      "rate": 1,
      "response": "",
      "response_date": "",
      "review": "Could have been better. Kinda hate it",
      "review_date": [
        "May",
        "22",
        " 2017"
      ]
    },
    {
      "REQ_subtype": "",
      "REQ_type": "",
      "_id": 35,
      "author_id": "not defined",
      "author_name": "beautiful lady",
      "helpful": "0",
      "polarity": "",
      "rate": 1,
      "response": "",
      "response_date": "",
      "review": "Every time I turn it on it shuts off I downloaded it 3 times and still won't work I give up",
      "review_date": [
        "October",
        "18",
        " 2016"
      ]
    },
    {
      "REQ_subtype": "",
      "REQ_type": "",
      "_id": 36,
      "author_id": "not defined",
      "author_name": "Vivian Gopane",
      "helpful": "0",
      "polarity": "",
      "rate": 2,
      "response": "",
      "response_date": "",
      "review": "This game sucks the are too many adverts but I does not derseve five star  \ud83d\ude15\ud83d\ude11\ud83d\ude12",
      "review_date": [
        "June",
        "12",
        " 2017"
      ]
    },
    {
      "REQ_subtype": "",
      "REQ_type": "",
      "_id": 37,
      "author_id": "not defined",
      "author_name": "Eva mogaki",
      "helpful": "0",
      "polarity": "",
      "rate": 3,
      "response": "",
      "response_date": "",
      "review": "I like it but it should have other skin color too . and waved hair and hip hop clothing",
      "review_date": [
        "December",
        "18",
        " 2016"
      ]
    },
    {
      "REQ_subtype": "",
      "REQ_type": "",
      "_id": 38,
      "author_id": "not defined",
      "author_name": "A Google user",
      "helpful": "0",
      "polarity": "",
      "rate": 1,
      "response": "",
      "response_date": "",
      "review": "When you upload your pictures the head is upside down and you can't turn it round. Very annoying",
      "review_date": [
        "January",
        "6",
        " 2018"
      ]
    },
    {
      "REQ_subtype": "",
      "REQ_type": "",
      "_id": 39,
      "author_id": "not defined",
      "author_name": "A Google user",
      "helpful": "8",
      "polarity": "",
      "rate": 5,
      "response": "",
      "response_date": "",
      "review": "the best game every\ud83d\ude1cand if you don't like it shame on you\ud83d\ude21\ud83d\ude21",
      "review_date": [
        "October",
        "15",
        " 2016"
      ]
    },
    {
      "REQ_subtype": "",
      "REQ_type": "",
      "_id": 40,
      "author_id": "not defined",
      "author_name": "vishwa hospital",
      "helpful": "0",
      "polarity": "",
      "rate": 1,
      "response": "",
      "response_date": "",
      "review": "I hate this  game it is a total waste of time when we  crop our face it goes sidewords its...aghh",
      "review_date": [
        "August",
        "14",
        " 2017"
      ]
    },
    {
      "REQ_subtype": "",
      "REQ_type": "",
      "_id": 41,
      "author_id": "not defined",
      "author_name": "A Google user",
      "helpful": "0",
      "polarity": "",
      "rate": 3,
      "response": "",
      "response_date": "",
      "review": "When I play it its fun but real dress up 1 has boy and girl so you can dress it up and vote for two people and in this no just one",
      "review_date": [
        "September",
        "20",
        " 2016"
      ]
    },
    {
      "REQ_subtype": "",
      "REQ_type": "",
      "_id": 42,
      "author_id": "not defined",
      "author_name": "Nashita Karim",
      "helpful": "0",
      "polarity": "",
      "rate": 1,
      "response": "",
      "response_date": "",
      "review": "It's just waste of time it doesn't even works properly please don't download this stupid game .",
      "review_date": [
        "March",
        "31",
        " 2017"
      ]
    },
    {
      "REQ_subtype": "",
      "REQ_type": "",
      "_id": 43,
      "author_id": "not defined",
      "author_name": "Katie Turcotte",
      "helpful": "0",
      "polarity": "",
      "rate": 1,
      "response": "",
      "response_date": "",
      "review": "I hated it when i opened the app all that showed up was adds and i couldn't do anything.",
      "review_date": [
        "December",
        "16",
        " 2016"
      ]
    },
    {
      "REQ_subtype": "",
      "REQ_type": "",
      "_id": 44,
      "author_id": "not defined",
      "author_name": "Jessica Smith",
      "helpful": "0",
      "polarity": "",
      "rate": 3,
      "response": "",
      "response_date": "",
      "review": "It's alright works fine but too many advert it gets very annoying",
      "review_date": [
        "September",
        "17",
        " 2016"
      ]
    },
    {
      "REQ_subtype": "",
      "REQ_type": "",
      "_id": 45,
      "author_id": "not defined",
      "author_name": "Umair Ali",
      "helpful": "2",
      "polarity": "",
      "rate": 5,
      "response": "",
      "response_date": "",
      "review": "I GUD but the application is not work",
      "review_date": [
        "December",
        "12",
        " 2016"
      ]
    },
    {
      "REQ_subtype": "",
      "REQ_type": "",
      "_id": 46,
      "author_id": "not defined",
      "author_name": "Adalid Ventura",
      "helpful": "0",
      "polarity": "",
      "rate": 2,
      "response": "",
      "response_date": "",
      "review": "I dont know how this game is but it looks good if I liked it I would give a 4 because at the begining it went bad please fixxxxx the gameeee",
      "review_date": [
        "September",
        "25",
        " 2016"
      ]
    },
    {
      "REQ_subtype": "",
      "REQ_type": "",
      "_id": 47,
      "author_id": "not defined",
      "author_name": "ashno N",
      "helpful": "3",
      "polarity": "",
      "rate": 3,
      "response": "",
      "response_date": "",
      "review": "I would have put more stars if the camera didn't always go sideways \ud83d\ude1e",
      "review_date": [
        "January",
        "27",
        " 2017"
      ]
    },
    {
      "REQ_subtype": "",
      "REQ_type": "",
      "_id": 48,
      "author_id": "not defined",
      "author_name": "A Google user",
      "helpful": "0",
      "polarity": "",
      "rate": 1,
      "response": "",
      "response_date": "",
      "review": "Yes it's terrible game to create our own photos it come side way no proper functioning is there",
      "review_date": [
        "December",
        "30",
        " 2017"
      ]
    },
    {
      "REQ_subtype": "",
      "REQ_type": "",
      "_id": 49,
      "author_id": "not defined",
      "author_name": "celeste satchell",
      "helpful": "0",
      "polarity": "",
      "rate": 1,
      "response": "",
      "response_date": "",
      "review": "IT CLOSES EVERY TIME I OPEN THE APP I CANT PlAY IT",
      "review_date": [
        "September",
        "11",
        " 2016"
      ]
    },
    {
      "REQ_subtype": "",
      "REQ_type": "",
      "_id": 50,
      "author_id": "not defined",
      "author_name": "I Forney",
      "helpful": "0",
      "polarity": "",
      "rate": 2,
      "response": "",
      "response_date": "",
      "review": "It is nasty and inappropriate to play .They have naked girls and their \nprivate parts",
      "review_date": [
        "June",
        "24",
        " 2018"
      ]
    },
    {
      "REQ_subtype": "",
      "REQ_type": "",
      "_id": 51,
      "author_id": "not defined",
      "author_name": "A Google user",
      "helpful": "0",
      "polarity": "",
      "rate": 4,
      "response": "",
      "response_date": "",
      "review": "When I started this game I was too excited but when my game start I click \non dress up myself button and I was just adjusting my pic in that model it \nwas not rotating at that moment I get angry but otherwise this game if mind \nblowing",
      "review_date": [
        "May",
        "22",
        " 2018"
      ]
    },
    {
      "REQ_subtype": "",
      "REQ_type": "",
      "_id": 52,
      "author_id": "not defined",
      "author_name": "Samantha Walkowski",
      "helpful": "0",
      "polarity": "",
      "rate": 3,
      "response": "",
      "response_date": "",
      "review": "So it OK but I hate that when you dress ugly the judges like it BRUH",
      "review_date": [
        "August",
        "21",
        " 2017"
      ]
    },
    {
      "REQ_subtype": "",
      "REQ_type": "",
      "_id": 53,
      "author_id": "not defined",
      "author_name": "Kelly Mcfarland",
      "helpful": "1",
      "polarity": "",
      "rate": 2,
      "response": "",
      "response_date": "",
      "review": "OK,  horrible the pictures were sideways and no diversity and the heads don't fit the bodies",
      "review_date": [
        "November",
        "28",
        " 2017"
      ]
    },
    {
      "REQ_subtype": "",
      "REQ_type": "",
      "_id": 54,
      "author_id": "not defined",
      "author_name": "A Google user",
      "helpful": "0",
      "polarity": "",
      "rate": 1,
      "response": "",
      "response_date": "",
      "review": "This is a very bad game it will waste your time do not get it",
      "review_date": [
        "October",
        "24",
        " 2016"
      ]
    },
    {
      "REQ_subtype": "",
      "REQ_type": "",
      "_id": 55,
      "author_id": "not defined",
      "author_name": "A Google user",
      "helpful": "0",
      "polarity": "",
      "rate": 1,
      "response": "",
      "response_date": "",
      "review": "This game is such a # headache  And I really don't like suchhhhhhhh gamessss",
      "review_date": [
        "April",
        "4",
        " 2017"
      ]
    },
    {
      "REQ_subtype": "",
      "REQ_type": "",
      "_id": 56,
      "author_id": "not defined",
      "author_name": "A Google user",
      "helpful": "2",
      "polarity": "",
      "rate": 3,
      "response": "",
      "response_date": "",
      "review": "It is fine you can't dress your self it judges you to much too.",
      "review_date": [
        "November",
        "25",
        " 2016"
      ]
    },
    {
      "REQ_subtype": "",
      "REQ_type": "",
      "_id": 57,
      "author_id": "not defined",
      "author_name": "Ellie Mcdonald",
      "helpful": "0",
      "polarity": "",
      "rate": 1,
      "response": "",
      "response_date": "",
      "review": "It is rubish every time I open it say it does not work \ud83d\ude21",
      "review_date": [
        "September",
        "17",
        " 2016"
      ]
    },
    {
      "REQ_subtype": "",
      "REQ_type": "",
      "_id": 58,
      "author_id": "not defined",
      "author_name": "Ramesh Soni",
      "helpful": "0",
      "polarity": "",
      "rate": 2,
      "response": "",
      "response_date": "",
      "review": "This is the worst game ever .... Aa bahu j bhangar and bogus chhe ..koi install karta nahi..",
      "review_date": [
        "February",
        "10",
        " 2017"
      ]
    },
    {
      "REQ_subtype": "",
      "REQ_type": "",
      "_id": 59,
      "author_id": "not defined",
      "author_name": "cynthia white",
      "helpful": "0",
      "polarity": "",
      "rate": 4,
      "response": "",
      "response_date": "",
      "review": "Like the game but alot of inappropriate pop up some cartoon versions, parents should supervise",
      "review_date": [
        "May",
        "13",
        " 2017"
      ]
    },
    {
      "REQ_subtype": "",
      "REQ_type": "",
      "_id": 60,
      "author_id": "not defined",
      "author_name": "Penny Bolin",
      "helpful": "0",
      "polarity": "",
      "rate": 3,
      "response": "",
      "response_date": "",
      "review": "I think it is a fine and ok game it's your opinion but it's fine and I like it kinda on the other side it gets boring a lot and it's always loading   and I would not recommend it but it's ok",
      "review_date": [
        "October",
        "16",
        " 2016"
      ]
    },
    {
      "REQ_subtype": "",
      "REQ_type": "",
      "_id": 61,
      "author_id": "not defined",
      "author_name": "Emi ve",
      "helpful": "0",
      "polarity": "",
      "rate": 2,
      "response": "",
      "response_date": "",
      "review": "Doesnt work on my phone (1st time something hasn't worked on my phone by the way)",
      "review_date": [
        "May",
        "31",
        " 2017"
      ]
    },
    {
      "REQ_subtype": "",
      "REQ_type": "",
      "_id": 62,
      "author_id": "not defined",
      "author_name": "A Google user",
      "helpful": "2",
      "polarity": "",
      "rate": 1,
      "response": "",
      "response_date": "",
      "review": "Everytime I try playing it....it shuts down.",
      "review_date": [
        "December",
        "16",
        " 2016"
      ]
    },
    {
      "REQ_subtype": "",
      "REQ_type": "",
      "_id": 63,
      "author_id": "not defined",
      "author_name": "Digvijay kumar",
      "helpful": "3",
      "polarity": "",
      "rate": 1,
      "response": "",
      "response_date": "",
      "review": "This game is not starting",
      "review_date": [
        "December",
        "29",
        " 2016"
      ]
    },
    {
      "REQ_subtype": "",
      "REQ_type": "",
      "_id": 64,
      "author_id": "not defined",
      "author_name": "Kumud Sarin",
      "helpful": "0",
      "polarity": "",
      "rate": 3,
      "response": "",
      "response_date": "",
      "review": "This game can't get 5 stars any time",
      "review_date": [
        "September",
        "20",
        " 2016"
      ]
    },
    {
      "REQ_subtype": "",
      "REQ_type": "",
      "_id": 65,
      "author_id": "not defined",
      "author_name": "Gaming Queen",
      "helpful": "1",
      "polarity": "",
      "rate": 1,
      "response": "",
      "response_date": "",
      "review": "Not interesting and the face camera doesn't even work!!",
      "review_date": [
        "March",
        "18",
        " 2017"
      ]
    },
    {
      "REQ_subtype": "",
      "REQ_type": "",
      "_id": 66,
      "author_id": "not defined",
      "author_name": "Kina desousa",
      "helpful": "0",
      "polarity": "",
      "rate": 5,
      "response": "",
      "response_date": "",
      "review": "This app is amazing, the variety is amazing...it would be more fun if you can choose skin color and if the shoes can be magnified and more detailed, and lastly, more accessories!! Amazing app nonetheless.",
      "review_date": [
        "October",
        "14",
        " 2016"
      ]
    },
    {
      "REQ_subtype": "",
      "REQ_type": "",
      "_id": 67,
      "author_id": "not defined",
      "author_name": "sassy sista",
      "helpful": "0",
      "polarity": "",
      "rate": 3,
      "response": "",
      "response_date": "",
      "review": "I hated this game as soon as I got it I imedeatly deleted it uuuuuuuuuuhg. .. I don't recommend this game at alllllll",
      "review_date": [
        "December",
        "8",
        " 2017"
      ]
    },
    {
      "REQ_subtype": "",
      "REQ_type": "",
      "_id": 68,
      "author_id": "not defined",
      "author_name": "I Make Videos Videos",
      "helpful": "0",
      "polarity": "",
      "rate": 1,
      "response": "",
      "response_date": "",
      "review": "I hate it, whenever I touch the screen to play, it kicks me out of the game.",
      "review_date": [
        "March",
        "25",
        " 2018"
      ]
    },
    {
      "REQ_subtype": "",
      "REQ_type": "",
      "_id": 69,
      "author_id": "not defined",
      "author_name": "A Google user",
      "helpful": "1",
      "polarity": "",
      "rate": 5,
      "response": "",
      "response_date": "",
      "review": "I love the game . But when I post the photo of mine, the colour is doesn't match I'm little bit fair",
      "review_date": [
        "February",
        "7",
        " 2017"
      ]
    },
    {
      "REQ_subtype": "",
      "REQ_type": "",
      "_id": 70,
      "author_id": "not defined",
      "author_name": "Lyirina YT",
      "helpful": "0",
      "polarity": "",
      "rate": 1,
      "response": "",
      "response_date": "",
      "review": "Ugh the pictures moves however u hold ur phone and the clothes are not good I say don't get!",
      "review_date": [
        "September",
        "14",
        " 2017"
      ]
    },
    {
      "REQ_subtype": "",
      "REQ_type": "",
      "_id": 71,
      "author_id": "not defined",
      "author_name": "Edithe Starr",
      "helpful": "0",
      "polarity": "",
      "rate": 1,
      "response": "",
      "response_date": "",
      "review": "Because it just takes me back to my home screen\ud83d\ude20\ud83d\ude20",
      "review_date": [
        "December",
        "8",
        " 2016"
      ]
    },
    {
      "REQ_subtype": "",
      "REQ_type": "",
      "_id": 72,
      "author_id": "not defined",
      "author_name": "A Google user",
      "helpful": "6",
      "polarity": "",
      "rate": 5,
      "response": "",
      "response_date": "",
      "review": "I love it. It has lots of choices from the outfits to the hair styles.",
      "review_date": [
        "October",
        "14",
        " 2016"
      ]
    },
    {
      "REQ_subtype": "",
      "REQ_type": "",
      "_id": 73,
      "author_id": "not defined",
      "author_name": "Gracie Smith",
      "helpful": "0",
      "polarity": "",
      "rate": 1,
      "response": "",
      "response_date": "",
      "review": "When you hit the back button to get out of a add cause there is no x on the add it takes you out of the game and the add will not go away. \ud83d\ude32\ud83d\ude21\ud83d\ude20",
      "review_date": [
        "December",
        "18",
        " 2016"
      ]
    },
    {
      "REQ_subtype": "",
      "REQ_type": "",
      "_id": 74,
      "author_id": "not defined",
      "author_name": "singh malkit",
      "helpful": "0",
      "polarity": "",
      "rate": 1,
      "response": "",
      "response_date": "",
      "review": "It is not good game because there is no rotate of phot",
      "review_date": [
        "January",
        "2",
        " 2017"
      ]
    },
    {
      "REQ_subtype": "",
      "REQ_type": "",
      "_id": 75,
      "author_id": "not defined",
      "author_name": "Pizza Gaming",
      "helpful": "1",
      "polarity": "",
      "rate": 2,
      "response": "",
      "response_date": "",
      "review": "The game is very borring Don't install it.",
      "review_date": [
        "April",
        "29",
        " 2017"
      ]
    },
    {
      "REQ_subtype": "",
      "REQ_type": "",
      "_id": 76,
      "author_id": "not defined",
      "author_name": "Jan Labuschagne",
      "helpful": "0",
      "polarity": "",
      "rate": 2,
      "response": "",
      "response_date": "",
      "review": "Stop all the smack it is not the best but they tried hard",
      "review_date": [
        "November",
        "27",
        " 2016"
      ]
    },
    {
      "REQ_subtype": "",
      "REQ_type": "",
      "_id": 77,
      "author_id": "not defined",
      "author_name": "A Google user",
      "helpful": "0",
      "polarity": "",
      "rate": 2,
      "response": "",
      "response_date": "",
      "review": "Qhen u put the stuff on it looks horrible so get rid of it",
      "review_date": [
        "May",
        "28",
        " 2018"
      ]
    },
    {
      "REQ_subtype": "",
      "REQ_type": "",
      "_id": 78,
      "author_id": "not defined",
      "author_name": "A Google user",
      "helpful": "0",
      "polarity": "",
      "rate": 1,
      "response": "",
      "response_date": "",
      "review": "My face did go aside and don't let me do it nicely",
      "review_date": [
        "September",
        "6",
        " 2017"
      ]
    },
    {
      "REQ_subtype": "",
      "REQ_type": "",
      "_id": 79,
      "author_id": "not defined",
      "author_name": "Marya l0l",
      "helpful": "0",
      "polarity": "",
      "rate": 4,
      "response": "",
      "response_date": "",
      "review": "I think it's good but there is a really bad thingy in the camera so please fix it and also please leave me a reply you game ....",
      "review_date": [
        "September",
        "12",
        " 2016"
      ]
    },
    {
      "REQ_subtype": "",
      "REQ_type": "",
      "_id": 80,
      "author_id": "not defined",
      "author_name": "alisha khare",
      "helpful": "0",
      "polarity": "",
      "rate": 2,
      "response": "",
      "response_date": "",
      "review": "This is just good for dressing models selfie camera or gallery doesn't work . Our real pics can't be used well in this game so I disliked it.",
      "review_date": [
        "February",
        "27",
        " 2017"
      ]
    },
    {
      "REQ_subtype": "",
      "REQ_type": "",
      "_id": 81,
      "author_id": "not defined",
      "author_name": "A Google user",
      "helpful": "2",
      "polarity": "",
      "rate": 1,
      "response": "",
      "response_date": "",
      "review": "It doesn't even let me do anything it logs out when I try to play the game",
      "review_date": [
        "January",
        "29",
        " 2017"
      ]
    },
    {
      "REQ_subtype": "",
      "REQ_type": "",
      "_id": 82,
      "author_id": "not defined",
      "author_name": "A Google user",
      "helpful": "0",
      "polarity": "",
      "rate": 1,
      "response": "",
      "response_date": "",
      "review": "this is very bad game so my friends do not play this game",
      "review_date": [
        "July",
        "24",
        " 2017"
      ]
    },
    {
      "REQ_subtype": "",
      "REQ_type": "",
      "_id": 83,
      "author_id": "not defined",
      "author_name": "A Google user",
      "helpful": "1",
      "polarity": "",
      "rate": 1,
      "response": "",
      "response_date": "",
      "review": "I can't really play it because if I press a girl or a model then it goes all black and then turns off",
      "review_date": [
        "January",
        "20",
        " 2017"
      ]
    },
    {
      "REQ_subtype": "",
      "REQ_type": "",
      "_id": 84,
      "author_id": "not defined",
      "author_name": "A Google user",
      "helpful": "1",
      "polarity": "",
      "rate": 3,
      "response": "",
      "response_date": "",
      "review": "I wish it had a body for a black person.It only has a body for a white person.The face won't face right.",
      "review_date": [
        "December",
        "17",
        " 2016"
      ]
    },
    {
      "REQ_subtype": "",
      "REQ_type": "",
      "_id": 85,
      "author_id": "not defined",
      "author_name": "Ravinder Singh",
      "helpful": "0",
      "polarity": "",
      "rate": 1,
      "response": "",
      "response_date": "",
      "review": "Very bad it doesn't work only I hate this game\ud83d\ude21",
      "review_date": [
        "March",
        "7",
        " 2017"
      ]
    },
    {
      "REQ_subtype": "",
      "REQ_type": "",
      "_id": 86,
      "author_id": "not defined",
      "author_name": "A Google user",
      "helpful": "0",
      "polarity": "",
      "rate": 3,
      "response": "",
      "response_date": "",
      "review": "Bad because when I open it turns of I don't know why please tell me I want to play it please please please please please please please",
      "review_date": [
        "June",
        "28",
        " 2017"
      ]
    },
    {
      "REQ_subtype": "",
      "REQ_type": "",
      "_id": 87,
      "author_id": "not defined",
      "author_name": "Randy Aragon",
      "helpful": "0",
      "polarity": "",
      "rate": 1,
      "response": "",
      "response_date": "",
      "review": "U can't flip a pic to fit it on the dress up myself",
      "review_date": [
        "September",
        "9",
        " 2017"
      ]
    },
    {
      "REQ_subtype": "",
      "REQ_type": "",
      "_id": 88,
      "author_id": "not defined",
      "author_name": "A Google user",
      "helpful": "0",
      "polarity": "",
      "rate": 5,
      "response": "",
      "response_date": "",
      "review": "Love the game. And about the dress urself part should rotate ur pix from the gallery before using it. It worked for me. Might work fir everyone else",
      "review_date": [
        "March",
        "8",
        " 2018"
      ]
    },
    {
      "REQ_subtype": "",
      "REQ_type": "",
      "_id": 89,
      "author_id": "not defined",
      "author_name": "A Google user",
      "helpful": "0",
      "polarity": "",
      "rate": 1,
      "response": "",
      "response_date": "",
      "review": "Always unable to start up. Just wasted my time",
      "review_date": [
        "September",
        "23",
        " 2016"
      ]
    },
    {
      "REQ_subtype": "",
      "REQ_type": "",
      "_id": 90,
      "author_id": "not defined",
      "author_name": "Jill St Germain",
      "helpful": "0",
      "polarity": "",
      "rate": 1,
      "response": "",
      "response_date": "",
      "review": "Your face comes out sideways every time.",
      "review_date": [
        "September",
        "9",
        " 2016"
      ]
    },
    {
      "REQ_subtype": "",
      "REQ_type": "",
      "_id": 91,
      "author_id": "not defined",
      "author_name": "fascinating stories",
      "helpful": "0",
      "polarity": "",
      "rate": 1,
      "response": "",
      "response_date": "",
      "review": "It glitched my device I couldn't even play it",
      "review_date": [
        "December",
        "25",
        " 2017"
      ]
    },
    {
      "REQ_subtype": "",
      "REQ_type": "",
      "_id": 92,
      "author_id": "not defined",
      "author_name": "sapphire storm",
      "helpful": "0",
      "polarity": "",
      "rate": 1,
      "response": "",
      "response_date": "",
      "review": "It keeps kicking me out I hate it",
      "review_date": [
        "October",
        "31",
        " 2016"
      ]
    },
    {
      "REQ_subtype": "",
      "REQ_type": "",
      "_id": 93,
      "author_id": "not defined",
      "author_name": "Shireen Sukhan",
      "helpful": "0",
      "polarity": "",
      "rate": 1,
      "response": "",
      "response_date": "",
      "review": "i can't rotate my face in the dummy ...fake and waste of time",
      "review_date": [
        "September",
        "30",
        " 2017"
      ]
    },
    {
      "REQ_subtype": "",
      "REQ_type": "",
      "_id": 94,
      "author_id": "not defined",
      "author_name": "Megan Schulze",
      "helpful": "2",
      "polarity": "",
      "rate": 5,
      "response": "",
      "response_date": "",
      "review": "It was cool I get 3 stars every time a little too easy",
      "review_date": [
        "February",
        "11",
        " 2017"
      ]
    },
    {
      "REQ_subtype": "",
      "REQ_type": "",
      "_id": 95,
      "author_id": "not defined",
      "author_name": "david norberte",
      "helpful": "0",
      "polarity": "",
      "rate": 1,
      "response": "",
      "response_date": "",
      "review": "Your game is a very horrible who ever made the game is a nerd",
      "review_date": [
        "September",
        "25",
        " 2016"
      ]
    },
    {
      "REQ_subtype": "",
      "REQ_type": "",
      "_id": 96,
      "author_id": "not defined",
      "author_name": "A Google user",
      "helpful": "1",
      "polarity": "",
      "rate": 3,
      "response": "",
      "response_date": "",
      "review": "It's okay  but not  so cool",
      "review_date": [
        "January",
        "24",
        " 2017"
      ]
    },
    {
      "REQ_subtype": "",
      "REQ_type": "",
      "_id": 97,
      "author_id": "not defined",
      "author_name": "Donna Bunnell",
      "helpful": "0",
      "polarity": "",
      "rate": 1,
      "response": "",
      "response_date": "",
      "review": "It does the \"choose yourself\"pics only SIDEWAYS.!!!!!!u need to Fix NOW",
      "review_date": [
        "December",
        "2",
        " 2016"
      ]
    },
    {
      "REQ_subtype": "",
      "REQ_type": "",
      "_id": 98,
      "author_id": "not defined",
      "author_name": "Brittany Bucy",
      "helpful": "0",
      "polarity": "",
      "rate": 2,
      "response": "",
      "response_date": "",
      "review": "I do not know how to use this app it's weird!\ud83d\ude15\ud83d\ude15\ud83d\ude15",
      "review_date": [
        "September",
        "5",
        " 2016"
      ]
    },
    {
      "REQ_subtype": "",
      "REQ_type": "",
      "_id": 99,
      "author_id": "not defined",
      "author_name": "nishtha rawat",
      "helpful": "5",
      "polarity": "",
      "rate": 5,
      "response": "",
      "response_date": "",
      "review": "Excellent app gor girls",
      "review_date": [
        "October",
        "21",
        " 2016"
      ]
    },
    {
      "REQ_subtype": "",
      "REQ_type": "",
      "_id": 100,
      "author_id": "not defined",
      "author_name": "Judynar Mordeno",
      "helpful": "1",
      "polarity": "",
      "rate": 5,
      "response": "",
      "response_date": "",
      "review": "This is really fun I rate 5 stars because my sister love it for me it is a bit bouring but sometimes I like it ok........!!!!!!!?",
      "review_date": [
        "February",
        "19",
        " 2017"
      ]
    },
    {
      "REQ_subtype": "",
      "REQ_type": "",
      "_id": 101,
      "author_id": "not defined",
      "author_name": "Andre Govan",
      "helpful": "0",
      "polarity": "",
      "rate": 1,
      "response": "",
      "response_date": "",
      "review": "This game is not good this game make me want to\ud83d\udc7a",
      "review_date": [
        "October",
        "21",
        " 2017"
      ]
    },
    {
      "REQ_subtype": "",
      "REQ_type": "",
      "_id": 102,
      "author_id": "not defined",
      "author_name": "A Google user",
      "helpful": "3",
      "polarity": "",
      "rate": 5,
      "response": "",
      "response_date": "",
      "review": "I hope you loved it",
      "review_date": [
        "December",
        "4",
        " 2016"
      ]
    },
    {
      "REQ_subtype": "",
      "REQ_type": "",
      "_id": 103,
      "author_id": "not defined",
      "author_name": "Chloe G",
      "helpful": "2",
      "polarity": "",
      "rate": 5,
      "response": "",
      "response_date": "",
      "review": "I don't like how they don't let you do your own style though",
      "review_date": [
        "November",
        "26",
        " 2016"
      ]
    },
    {
      "REQ_subtype": "",
      "REQ_type": "",
      "_id": 104,
      "author_id": "not defined",
      "author_name": "A Google user",
      "helpful": "0",
      "polarity": "",
      "rate": 5,
      "response": "",
      "response_date": "",
      "review": "I love the opportunity you have to be a good fashion designer if you take your time to read this thank you so much for reading this",
      "review_date": [
        "January",
        "7",
        " 2017"
      ]
    },
    {
      "REQ_subtype": "",
      "REQ_type": "",
      "_id": 105,
      "author_id": "not defined",
      "author_name": "Maria Castaneda",
      "helpful": "0",
      "polarity": "",
      "rate": 3,
      "response": "",
      "response_date": "",
      "review": "I guess its fun but it would be funnER if there were kids,baby,toddlers,and men with the woman and all types of people.Also l love this game but it legit has no style",
      "review_date": [
        "September",
        "6",
        " 2017"
      ]
    },
    {
      "REQ_subtype": "",
      "REQ_type": "",
      "_id": 106,
      "author_id": "not defined",
      "author_name": "Bhumika G",
      "helpful": "2",
      "polarity": "",
      "rate": 3,
      "response": "",
      "response_date": "",
      "review": "Plz help me how to put the photo horizontal please tell and reply fast",
      "review_date": [
        "March",
        "8",
        " 2017"
      ]
    },
    {
      "REQ_subtype": "",
      "REQ_type": "",
      "_id": 107,
      "author_id": "not defined",
      "author_name": "JammerHDFluFfy - aj",
      "helpful": "2",
      "polarity": "",
      "rate": 2,
      "response": "",
      "response_date": "",
      "review": "I hate it, every time i take a photo of grace it's either up side down or side ways!\ud83d\ude2a\ud83d\ude2a\ud83d\ude2a\ud83d\ude2a\ud83d\ude2b\ud83d\ude2b\ud83d\ude2b\ud83d\ude2b\ud83d\ude2b\ud83d\ude2b\ud83d\ude2b\ud83d\ude2b\ud83d\ude27\ud83d\ude27\ud83d\ude27\ud83d\ude27\ud83d\ude27\ud83d\ude27\ud83d\ude13\ud83d\ude13\ud83d\ude13\ud83d\ude13\ud83d\ude2f\ud83d\ude2f\ud83d\ude2f\ud83d\ude2f\ud83d\ude32\ud83d\ude32\ud83d\ude32\ud83d\ude32\ud83d\ude12\ud83d\ude12\ud83d\ude12\ud83d\ude12",
      "review_date": [
        "March",
        "12",
        " 2017"
      ]
    },
    {
      "REQ_subtype": "",
      "REQ_type": "",
      "_id": 108,
      "author_id": "not defined",
      "author_name": "A Google user",
      "helpful": "1",
      "polarity": "",
      "rate": 1,
      "response": "",
      "response_date": "",
      "review": "This is a really stoped game\ud83d\ude2d",
      "review_date": [
        "January",
        "4",
        " 2017"
      ]
    },
    {
      "REQ_subtype": "",
      "REQ_type": "",
      "_id": 109,
      "author_id": "not defined",
      "author_name": "mukesh sharma",
      "helpful": "0",
      "polarity": "",
      "rate": 1,
      "response": "",
      "response_date": "",
      "review": "Don't try it only your net waste trust me and other feedback",
      "review_date": [
        "September",
        "14",
        " 2016"
      ]
    },
    {
      "REQ_subtype": "",
      "REQ_type": "",
      "_id": 110,
      "author_id": "not defined",
      "author_name": "A Google user",
      "helpful": "0",
      "polarity": "",
      "rate": 1,
      "response": "",
      "response_date": "",
      "review": "Stupid app don't download this app for your safety",
      "review_date": [
        "August",
        "19",
        " 2017"
      ]
    },
    {
      "REQ_subtype": "",
      "REQ_type": "",
      "_id": 111,
      "author_id": "not defined",
      "author_name": "tanishka Sahu",
      "helpful": "2",
      "polarity": "",
      "rate": 5,
      "response": "",
      "response_date": "",
      "review": "I loved this game it has toooo much choices of dress jackets etc\ud83d\ude00\ud83d\ude00\ud83d\ude00\ud83d\ude00",
      "review_date": [
        "December",
        "28",
        " 2016"
      ]
    },
    {
      "REQ_subtype": "",
      "REQ_type": "",
      "_id": 112,
      "author_id": "not defined",
      "author_name": "Senthil Kumar c.s",
      "helpful": "0",
      "polarity": "",
      "rate": 1,
      "response": "",
      "response_date": "",
      "review": "Vvvvvvvvvery bad game pls don't play pls hate it me",
      "review_date": [
        "April",
        "25",
        " 2018"
      ]
    },
    {
      "REQ_subtype": "",
      "REQ_type": "",
      "_id": 113,
      "author_id": "not defined",
      "author_name": "Aiman Fatima",
      "helpful": "1",
      "polarity": "",
      "rate": 4,
      "response": "",
      "response_date": "",
      "review": "I like it but I am bored  But my small sister love this game",
      "review_date": [
        "December",
        "6",
        " 2016"
      ]
    },
    {
      "REQ_subtype": "",
      "REQ_type": "",
      "_id": 114,
      "author_id": "not defined",
      "author_name": "cute panda",
      "helpful": "0",
      "polarity": "",
      "rate": 3,
      "response": "",
      "response_date": "",
      "review": "The pic! God knows why! Whenever  i try to fix it in the frame it turns sideways Please fox it! Otherwise the idea of self dressing is unique and lovely",
      "review_date": [
        "August",
        "14",
        " 2017"
      ]
    },
    {
      "REQ_subtype": "",
      "REQ_type": "",
      "_id": 115,
      "author_id": "not defined",
      "author_name": "Saniya Tak",
      "helpful": "0",
      "polarity": "",
      "rate": 1,
      "response": "",
      "response_date": "",
      "review": "Time waste application",
      "review_date": [
        "October",
        "1",
        " 2016"
      ]
    },
    {
      "REQ_subtype": "",
      "REQ_type": "",
      "_id": 116,
      "author_id": "not defined",
      "author_name": "Radha Krishnan",
      "helpful": "0",
      "polarity": "",
      "rate": 1,
      "response": "",
      "response_date": "",
      "review": "Photo will not correctly I hate it",
      "review_date": [
        "May",
        "23",
        " 2017"
      ]
    },
    {
      "REQ_subtype": "",
      "REQ_type": "",
      "_id": 117,
      "author_id": "not defined",
      "author_name": "A Google user",
      "helpful": "2",
      "polarity": "",
      "rate": 1,
      "response": "",
      "response_date": "",
      "review": "It won't let me in the game I don't know why",
      "review_date": [
        "December",
        "18",
        " 2016"
      ]
    },
    {
      "REQ_subtype": "",
      "REQ_type": "",
      "_id": 118,
      "author_id": "not defined",
      "author_name": "brenda Van Der Mescht",
      "helpful": "0",
      "polarity": "",
      "rate": 5,
      "response": "",
      "response_date": "",
      "review": "Its better than real dress up so go download it you can use you're own face or other people",
      "review_date": [
        "November",
        "7",
        " 2016"
      ]
    },
    {
      "REQ_subtype": "",
      "REQ_type": "",
      "_id": 119,
      "author_id": "not defined",
      "author_name": "A Google user",
      "helpful": "0",
      "polarity": "",
      "rate": 2,
      "response": "",
      "response_date": "",
      "review": "Whenever I took a picture of myself it was sideways",
      "review_date": [
        "March",
        "12",
        " 2018"
      ]
    }
  ],
  "size": "52",
  "url": "https://play.google.com/store/apps/details?id=com.izmo.realdressup",
  "version": "7.0"
}