{
  "categories": [
    "Parenting"
  ],
  "description": "Moment Garden helps you save and relive your baby\u2019s special moments and privately share them with your closest family and friends. With a single click, you can even turn your child\u2019s memories into a Moment Book, a beautifully printed photo book - that baby book you never had time to finish! Don't risk losing any stories, pictures, videos or funny things your children say: start building your Moment Garden today!Since 2010, we've helped over 100,000 people tell their child's story and connect with their families.Moment Garden is simple to use, private and centered around your child. Only the people you invite can view or add memories to your child's garden. When you add new memories, your family and friends will receive the latest pictures or stories right in their inbox. Grandparents LOVE seeing the moments in their email. This will absolutely make their day! Pregnant? Start saving the ultrasound photos and pregnancy stories as you begin your new adventure! You will love looking back on them after your baby is born! Fun Features: \u2605 Turn your Moment Garden into a beautiful, printed photo book with a couple clicks! (Moment Books)\u2605 Print prints, cards, framed pictures, magnets, mugs and much more from the Moment Garden website.\u2605 Save stories, photos or videos quickly and easily, anywhere you go with your child\u2605 Privately share your moments with just your closest family & friends \u2605 Emails reminding you of moments that happened a year ago (Moment Memories)\u2605 Receive creative moment and milestone suggestions based on your child\u2019s age \u2605 Full images and videos are saved and backed up. Safe and secure! \u2605 Complimentary website with a beautiful timeline of all your child's moments for you and your family to enjoy\u2605 Simple enough for your entire family to use. Even great-grandparents can enjoy Moment Garden!\u2605 Stay connected with those who matter most in your child\u2019s lifeSome things parents use Moment Garden to save: - Milestones and \"firsts\"- Weight and height as your child grows up- Daily or weekly recurring staged photos (like with a stuffed animal)- The hilarious quotes your kids say- Best of the best moments you want in your printed memory book- Personalized baby journal or keepsake- Pregnancy tracker to watch your tummy growMost importantly, Moment Garden is your space, so have fun and be creative!  As seen on BBC, CoolMomPicks and Better Homes and Gardens.",
  "inc": "Moment Garden",
  "intalled_count": "10,000",
  "last_update": [
    "June",
    "1",
    " 2018"
  ],
  "name": "Moment Garden  Baby Photo Book",
  "offered_by": "Google Commerce Ltd",
  "permissions": {
    "Contacts": [
      "read your contacts"
    ],
    "Photos/Media/Files": [
      "read the contents of your USB storage",
      "modify or delete the contents of your USB storage"
    ],
    "Storage": [
      "read the contents of your USB storage",
      "modify or delete the contents of your USB storage"
    ],
    "Other": [
      "receive data from Internet",
      "view network connections",
      "full network access",
      "prevent device from sleeping",
      "view network connections",
      "full network access"
    ]
  },
  "price": "",
  "rate": [
    [
      "1,161",
      "4.6"
    ],
    [
      "848",
      "5"
    ],
    [
      "226",
      "4"
    ],
    [
      "47",
      "3"
    ],
    [
      "14",
      "2"
    ],
    [
      "26",
      "1"
    ]
  ],
  "required_android": "Varies with",
  "reviews": [
    {
      "REQ_subtype": "",
      "REQ_type": "",
      "_id": 0,
      "author_id": "not defined",
      "author_name": "Taylor Johnson",
      "helpful": "0",
      "polarity": "",
      "rate": 4,
      "response": "",
      "response_date": "",
      "review": "Moment Garden lets us privately share photographs with family and friends. \nIt allows others the parent approves to upload photos as well, so we can \nkeep all the best photos in one place and make a photo book. The free \nversion is good enough to use without being worried about running out of \nspace like on similar apps. However, the interface is not the most \nbeautiful and easy to use, which can make it so you need to set it up for \nthe grandparents. It also does not have some features like growth milestone \ncollages. Overall, if you want a free app that does the basics of a baby \nbook, without bells and whistles, this is a great option.",
      "review_date": [
        "June",
        "28",
        " 2018"
      ]
    },
    {
      "REQ_subtype": "",
      "REQ_type": "",
      "_id": 1,
      "author_id": "not defined",
      "author_name": "sammi t",
      "helpful": "1",
      "polarity": "",
      "rate": 4,
      "response": "",
      "response_date": "",
      "review": "Works as expected. I like the fact that it will store videos (albeit low \nquality for free version). Thanks!",
      "review_date": [
        "July",
        "5",
        " 2018"
      ]
    },
    {
      "REQ_subtype": "",
      "REQ_type": "",
      "_id": 2,
      "author_id": "not defined",
      "author_name": "A Google user",
      "helpful": "0",
      "polarity": "",
      "rate": 5,
      "response": "",
      "response_date": "",
      "review": "Great app.... A great way to connect with family and friends to update them \non things.... Thx to the creators...",
      "review_date": [
        "July",
        "3",
        " 2018"
      ]
    },
    {
      "REQ_subtype": "",
      "REQ_type": "",
      "_id": 3,
      "author_id": "not defined",
      "author_name": "Kayla Jensen",
      "helpful": "0",
      "polarity": "",
      "rate": 4,
      "response": "",
      "response_date": "",
      "review": "Good app. Would like if it could have tabs or something to separate month \nby month though.",
      "review_date": [
        "July",
        "9",
        " 2018"
      ]
    },
    {
      "REQ_subtype": "",
      "REQ_type": "",
      "_id": 4,
      "author_id": "not defined",
      "author_name": "Miki Nyckel",
      "helpful": "0",
      "polarity": "",
      "rate": 4,
      "response": "",
      "response_date": "",
      "review": "I'm really liking the app. Very easy to add photos and a description, \ncreate memories to look upon later. Or for family and friends to see. It's \nreally a 'garden of moments'. Genius. Definitely a time saver, it's quite \nefficient. I'm actually using it, unlike my baby book. I also can't wait to \njust print the photo book! So easy, compared to doing all the work myself. \nHuge plus. It only loses a star because I don't get the high subscription \ncost. I will be making photo books of this, which I'm sure aren't all that \ncheap, so I'm not about to also pay almost $5 monthly ($60 annually?!) for \nit too! But, at least you can still get a great app without upgrading.",
      "review_date": [
        "June",
        "19",
        " 2018"
      ]
    },
    {
      "REQ_subtype": "",
      "REQ_type": "",
      "_id": 5,
      "author_id": "not defined",
      "author_name": "A Google user",
      "helpful": "0",
      "polarity": "",
      "rate": 4,
      "response": "",
      "response_date": "",
      "review": "Really love how simple it us to use, it takes me moments to add a picture and text. Easy to use in the app or share to the app. Family & friends I've added are enjoying it. Can't upload videos without upgrading and haven't done that yet. As only just started using it, I've not made a photo book yet & hope this works.",
      "review_date": [
        "March",
        "26",
        " 2018"
      ]
    },
    {
      "REQ_subtype": "",
      "REQ_type": "",
      "_id": 6,
      "author_id": "not defined",
      "author_name": "c nasca",
      "helpful": "2",
      "polarity": "",
      "rate": 4,
      "response": "",
      "response_date": "",
      "review": "I chose this baby photo app because it is available across all platforms. \nHave to pay for slideshow, which is just a compost picture. Can only invite \npeople by email. Other than that, a nice app.",
      "review_date": [
        "April",
        "15",
        " 2018"
      ]
    },
    {
      "REQ_subtype": "",
      "REQ_type": "",
      "_id": 7,
      "author_id": "not defined",
      "author_name": "Tara Garland",
      "helpful": "3",
      "polarity": "",
      "rate": 5,
      "response": "",
      "response_date": "",
      "review": "It won't let my create a garden. Keeps saying I have no internet connection when I do.",
      "review_date": [
        "March",
        "29",
        " 2018"
      ]
    },
    {
      "REQ_subtype": "",
      "REQ_type": "",
      "_id": 8,
      "author_id": "not defined",
      "author_name": "A Google user",
      "helpful": "0",
      "polarity": "",
      "rate": 5,
      "response": "",
      "response_date": "",
      "review": "Great app for keeping memories in one place and to share with family \nmembers. Easy to use. Highly recommended",
      "review_date": [
        "April",
        "17",
        " 2018"
      ]
    },
    {
      "REQ_subtype": "",
      "REQ_type": "",
      "_id": 9,
      "author_id": "not defined",
      "author_name": "Hassina Mohammed",
      "helpful": "0",
      "polarity": "",
      "rate": 5,
      "response": "",
      "response_date": "",
      "review": "Love it. My friend is now living away and it's a great app to stay connected",
      "review_date": [
        "April",
        "20",
        " 2018"
      ]
    },
    {
      "REQ_subtype": "",
      "REQ_type": "",
      "_id": 10,
      "author_id": "not defined",
      "author_name": "Star Geisz",
      "helpful": "0",
      "polarity": "",
      "rate": 5,
      "response": "",
      "response_date": "",
      "review": "Love the ease of keeping up with my grandson on this app!",
      "review_date": [
        "April",
        "26",
        " 2018"
      ]
    },
    {
      "REQ_subtype": "",
      "REQ_type": "",
      "_id": 11,
      "author_id": "not defined",
      "author_name": "Rachel Pardy",
      "helpful": "0",
      "polarity": "",
      "rate": 5,
      "response": "",
      "response_date": "",
      "review": "Easy to use, no problems with uploading media",
      "review_date": [
        "May",
        "6",
        " 2018"
      ]
    },
    {
      "REQ_subtype": "",
      "REQ_type": "",
      "_id": 12,
      "author_id": "not defined",
      "author_name": "A Google user",
      "helpful": "0",
      "polarity": "",
      "rate": 5,
      "response": "",
      "response_date": "",
      "review": "It is wonderful aplications",
      "review_date": [
        "July",
        "15",
        " 2018"
      ]
    },
    {
      "REQ_subtype": "",
      "REQ_type": "",
      "_id": 13,
      "author_id": "not defined",
      "author_name": "A Google user",
      "helpful": "0",
      "polarity": "",
      "rate": 5,
      "response": "",
      "response_date": "",
      "review": "Great \ud83d\ude0a",
      "review_date": [
        "July",
        "5",
        " 2018"
      ]
    },
    {
      "REQ_subtype": "",
      "REQ_type": "",
      "_id": 14,
      "author_id": "not defined",
      "author_name": "Elizabeth Lunsford",
      "helpful": "0",
      "polarity": "",
      "rate": 5,
      "response": "",
      "response_date": "",
      "review": "Love it",
      "review_date": [
        "June",
        "4",
        " 2018"
      ]
    },
    {
      "REQ_subtype": "",
      "REQ_type": "",
      "_id": 15,
      "author_id": "not defined",
      "author_name": "Nicholas W",
      "helpful": "2",
      "polarity": "",
      "rate": 5,
      "response": "",
      "response_date": "",
      "review": "First of all, the MG concept is stellar for parents with geographically scattered family; it provides private, [relatively] high resolution media hosting with event broadcasts to subscribers without requiring subscriber site membership all for the low price of free. Amazing. At that price you'd expect a botched app implementation, but it's arguably better than the great website. I have some small nitpicky suggestions for improvement, but overall, this app legitimately earns its five stars. Well done, MG.",
      "review_date": [
        "March",
        "21",
        " 2018"
      ]
    },
    {
      "REQ_subtype": "",
      "REQ_type": "",
      "_id": 16,
      "author_id": "not defined",
      "author_name": "Doron Sagi",
      "helpful": "0",
      "polarity": "",
      "rate": 5,
      "response": "",
      "response_date": "",
      "review": "Only started using, but I've tried about 10 apps like this, and this is my choice. All the other apps seemed bad, and this is the only one answering my needs.",
      "review_date": [
        "March",
        "20",
        " 2018"
      ]
    },
    {
      "REQ_subtype": "",
      "REQ_type": "",
      "_id": 17,
      "author_id": "not defined",
      "author_name": "Misty Altice",
      "helpful": "0",
      "polarity": "",
      "rate": 1,
      "response": "Hi Misty, I'm so sorry for the trouble and the misunderstanding with our email. The problem was not the code, the problem was the book has fewer  pages than our printer allows (20 page minimum). We're happy to give you a free book, we just need you to add a couple more pages.",
      "response_date": [
        "March",
        "24",
        " 2018"
      ],
      "review": "I had a free code they send an email saying I wasn't going to get the book I order not happy",
      "review_date": [
        "March",
        "23",
        " 2018"
      ]
    },
    {
      "REQ_subtype": "",
      "REQ_type": "",
      "_id": 18,
      "author_id": "not defined",
      "author_name": "Lyssa Davis",
      "helpful": "1",
      "polarity": "",
      "rate": 5,
      "response": "",
      "response_date": "",
      "review": "I love it. It uses the date from the picture so you don't have to upload it that day.",
      "review_date": [
        "March",
        "17",
        " 2018"
      ]
    },
    {
      "REQ_subtype": "",
      "REQ_type": "",
      "_id": 19,
      "author_id": "not defined",
      "author_name": "Tom Avery",
      "helpful": "0",
      "polarity": "",
      "rate": 5,
      "response": "",
      "response_date": "",
      "review": "Great app and excellent tech support!",
      "review_date": [
        "March",
        "17",
        " 2018"
      ]
    },
    {
      "REQ_subtype": "",
      "REQ_type": "",
      "_id": 20,
      "author_id": "not defined",
      "author_name": "Christianna Grinter",
      "helpful": "0",
      "polarity": "",
      "rate": 5,
      "response": "",
      "response_date": "",
      "review": "Great app, easy to use",
      "review_date": [
        "March",
        "15",
        " 2018"
      ]
    },
    {
      "REQ_subtype": "",
      "REQ_type": "",
      "_id": 21,
      "author_id": "not defined",
      "author_name": "Celeste Jain",
      "helpful": "3",
      "polarity": "",
      "rate": 5,
      "response": "",
      "response_date": "",
      "review": "Just started using this for my 2 boys a couple weeks ago but so far I love it. Way easier than my previous method of scribbling notes on a calendar and then trying to find matching pictures to make a baby book.",
      "review_date": [
        "January",
        "14",
        " 2018"
      ]
    },
    {
      "REQ_subtype": "",
      "REQ_type": "",
      "_id": 22,
      "author_id": "not defined",
      "author_name": "Suga Lette",
      "helpful": "1",
      "polarity": "",
      "rate": 2,
      "response": "Hi Suga, I'm really sorry we weren't clearer about this. Only the length of an individual video is limited in the free version, not the total amount of moments (photo or video) you can contribute. Video length helps us manage our costs and ensures people using the free version will not be forced to upgrade in the future, ever.",
      "response_date": [
        "February",
        "8",
        " 2018"
      ],
      "review": "It would be nice if it was actually unlimited storage like they state in the description. Pretty crappy how they sneak in ways to make money off this. Couldve been a cute app if they wouldnt have lied about it.",
      "review_date": [
        "February",
        "8",
        " 2018"
      ]
    },
    {
      "REQ_subtype": "",
      "REQ_type": "",
      "_id": 23,
      "author_id": "not defined",
      "author_name": "Amilcar Vasquez",
      "helpful": "6",
      "polarity": "",
      "rate": 5,
      "response": "",
      "response_date": "",
      "review": "It's awesome. I have my daughter's story from birth until 4 years and counting. It's way better than keeping track of actual pictures here and there",
      "review_date": [
        "November",
        "15",
        " 2017"
      ]
    },
    {
      "REQ_subtype": "",
      "REQ_type": "",
      "_id": 24,
      "author_id": "not defined",
      "author_name": "Anna Kirkman",
      "helpful": "9",
      "polarity": "",
      "rate": 5,
      "response": "",
      "response_date": "",
      "review": "Fabulous way to avoid facebook when you are full of newborn love for your baby and want to share too many photos - I share just with veru close family.",
      "review_date": [
        "November",
        "7",
        " 2017"
      ]
    },
    {
      "REQ_subtype": "",
      "REQ_type": "",
      "_id": 25,
      "author_id": "not defined",
      "author_name": "Rudina H",
      "helpful": "2",
      "polarity": "",
      "rate": 5,
      "response": "",
      "response_date": "",
      "review": "A fantastic way to share memories and look back at old ones. Love the memories reminders.  Solid app.  Have used it for my kids and love it.",
      "review_date": [
        "November",
        "15",
        " 2017"
      ]
    },
    {
      "REQ_subtype": "",
      "REQ_type": "",
      "_id": 26,
      "author_id": "not defined",
      "author_name": "Joe Williamson",
      "helpful": "0",
      "polarity": "",
      "rate": 5,
      "response": "",
      "response_date": "",
      "review": "We've been using moment garden for more than 4 years now. It's been a great way of sharing the development of our little boy with all our friends and family. We highly recommend moment garden for anyone with a growing child, particularly if you are concerned about there online exposure.",
      "review_date": [
        "February",
        "23",
        " 2018"
      ]
    },
    {
      "REQ_subtype": "",
      "REQ_type": "",
      "_id": 27,
      "author_id": "not defined",
      "author_name": "Maria Vega",
      "helpful": "1",
      "polarity": "",
      "rate": 4,
      "response": "",
      "response_date": "",
      "review": "Great app! Easy to use and great way to keep track of all the milestones. I love the \"memories\" function. Only downside is I wish the Moment Garden Star wasn't as expensive.",
      "review_date": [
        "February",
        "1",
        " 2018"
      ]
    },
    {
      "REQ_subtype": "",
      "REQ_type": "",
      "_id": 28,
      "author_id": "not defined",
      "author_name": "Rob Feltus",
      "helpful": "1",
      "polarity": "",
      "rate": 4,
      "response": "Thanks Rob for letting us know!  Your wife can allow you to contribute to the gardens she started, but she'll need to make this change via the website. It's being added to the next Android release as we speak. Downloading the photos to your phone is also on our list but will be a little longer.",
      "response_date": [
        "January",
        "31",
        " 2018"
      ],
      "review": "I really like this app, but I would like to contribute to my kids' timelines as well even though my wife started the gardens. I would also like to be able to download pictures to my phone from the timeline.",
      "review_date": [
        "January",
        "31",
        " 2018"
      ]
    },
    {
      "REQ_subtype": "",
      "REQ_type": "",
      "_id": 29,
      "author_id": "not defined",
      "author_name": "Stephanie D. Birch",
      "helpful": "1",
      "polarity": "",
      "rate": 4,
      "response": "",
      "response_date": "",
      "review": "Great app, but wish that there was a view only option for people you invite to view it. Also, I totally love that you can have the memory book printed.",
      "review_date": [
        "November",
        "29",
        " 2017"
      ]
    },
    {
      "REQ_subtype": "",
      "REQ_type": "",
      "_id": 30,
      "author_id": "not defined",
      "author_name": "svye lunite",
      "helpful": "1",
      "polarity": "",
      "rate": 5,
      "response": "",
      "response_date": "",
      "review": "Fantastic way of sharing pictures and videos of your wee ones. Great interface, works beautifully and is easy to use.",
      "review_date": [
        "December",
        "1",
        " 2017"
      ]
    },
    {
      "REQ_subtype": "",
      "REQ_type": "",
      "_id": 31,
      "author_id": "not defined",
      "author_name": "Glor G",
      "helpful": "1",
      "polarity": "",
      "rate": 4,
      "response": "",
      "response_date": "",
      "review": "Three years and two grandchildren later this is still the best way to share special moments.",
      "review_date": [
        "November",
        "11",
        " 2017"
      ]
    },
    {
      "REQ_subtype": "",
      "REQ_type": "",
      "_id": 32,
      "author_id": "not defined",
      "author_name": "Sarah P",
      "helpful": "1",
      "polarity": "",
      "rate": 5,
      "response": "",
      "response_date": "",
      "review": "Easy to use. Great way to keep family members updated on baby's first everything!",
      "review_date": [
        "December",
        "6",
        " 2017"
      ]
    },
    {
      "REQ_subtype": "",
      "REQ_type": "",
      "_id": 33,
      "author_id": "not defined",
      "author_name": "Tynan Marie",
      "helpful": "1",
      "polarity": "",
      "rate": 5,
      "response": "",
      "response_date": "",
      "review": "Great alternative to more open social media!",
      "review_date": [
        "January",
        "10",
        " 2018"
      ]
    },
    {
      "REQ_subtype": "",
      "REQ_type": "",
      "_id": 34,
      "author_id": "not defined",
      "author_name": "Yana Sirenko",
      "helpful": "0",
      "polarity": "",
      "rate": 5,
      "response": "",
      "response_date": "",
      "review": "Just started using this app not too long ago. So far so good",
      "review_date": [
        "February",
        "11",
        " 2018"
      ]
    },
    {
      "REQ_subtype": "",
      "REQ_type": "",
      "_id": 35,
      "author_id": "not defined",
      "author_name": "A Google user",
      "helpful": "0",
      "polarity": "",
      "rate": 5,
      "response": "",
      "response_date": "",
      "review": "Loving how simple it is to use and how easy it was to add family members.",
      "review_date": [
        "January",
        "29",
        " 2018"
      ]
    },
    {
      "REQ_subtype": "",
      "REQ_type": "",
      "_id": 36,
      "author_id": "not defined",
      "author_name": "Ed Clinton",
      "helpful": "0",
      "polarity": "",
      "rate": 3,
      "response": "Thanks for your feedback Ed, and we're working on it! One workaround is logging into the website on your phone and using the 'download' button from the slideshow. However, in-app will be far better :)",
      "response_date": [
        "February",
        "1",
        " 2018"
      ],
      "review": "Should be able to downloan pictures from the garden to your phone",
      "review_date": [
        "February",
        "1",
        " 2018"
      ]
    },
    {
      "REQ_subtype": "",
      "REQ_type": "",
      "_id": 37,
      "author_id": "not defined",
      "author_name": "LAquinda davis",
      "helpful": "0",
      "polarity": "",
      "rate": 5,
      "response": "",
      "response_date": "",
      "review": "I love it keeps up with all my memories",
      "review_date": [
        "March",
        "8",
        " 2018"
      ]
    },
    {
      "REQ_subtype": "",
      "REQ_type": "",
      "_id": 38,
      "author_id": "not defined",
      "author_name": "tejas walke",
      "helpful": "0",
      "polarity": "",
      "rate": 4,
      "response": "",
      "response_date": "",
      "review": "Fun way to record your baby's growth",
      "review_date": [
        "December",
        "28",
        " 2017"
      ]
    },
    {
      "REQ_subtype": "",
      "REQ_type": "",
      "_id": 39,
      "author_id": "not defined",
      "author_name": "Amber Wiles",
      "helpful": "0",
      "polarity": "",
      "rate": 5,
      "response": "",
      "response_date": "",
      "review": "Loveit hasn't let me down yet",
      "review_date": [
        "February",
        "17",
        " 2018"
      ]
    },
    {
      "REQ_subtype": "",
      "REQ_type": "",
      "_id": 40,
      "author_id": "not defined",
      "author_name": "David Thomas",
      "helpful": "0",
      "polarity": "",
      "rate": 5,
      "response": "",
      "response_date": "",
      "review": "Amazing and easy way to store family memories",
      "review_date": [
        "December",
        "22",
        " 2017"
      ]
    },
    {
      "REQ_subtype": "",
      "REQ_type": "",
      "_id": 41,
      "author_id": "not defined",
      "author_name": "A Google user",
      "helpful": "0",
      "polarity": "",
      "rate": 5,
      "response": "",
      "response_date": "",
      "review": "Great way to organize day to day moments",
      "review_date": [
        "January",
        "4",
        " 2018"
      ]
    },
    {
      "REQ_subtype": "",
      "REQ_type": "",
      "_id": 42,
      "author_id": "not defined",
      "author_name": "Jason Knight",
      "helpful": "0",
      "polarity": "",
      "rate": 5,
      "response": "",
      "response_date": "",
      "review": "Like a private fb for family pictures",
      "review_date": [
        "January",
        "13",
        " 2018"
      ]
    },
    {
      "REQ_subtype": "",
      "REQ_type": "",
      "_id": 43,
      "author_id": "not defined",
      "author_name": "Kim Harvey",
      "helpful": "0",
      "polarity": "",
      "rate": 5,
      "response": "",
      "response_date": "",
      "review": "Great app thank you",
      "review_date": [
        "December",
        "17",
        " 2017"
      ]
    },
    {
      "REQ_subtype": "",
      "REQ_type": "",
      "_id": 44,
      "author_id": "not defined",
      "author_name": "David Podegracz",
      "helpful": "0",
      "polarity": "",
      "rate": 5,
      "response": "",
      "response_date": "",
      "review": "Easy to install and use!",
      "review_date": [
        "January",
        "2",
        " 2018"
      ]
    },
    {
      "REQ_subtype": "",
      "REQ_type": "",
      "_id": 45,
      "author_id": "not defined",
      "author_name": "Debbie Miller",
      "helpful": "0",
      "polarity": "",
      "rate": 5,
      "response": "",
      "response_date": "",
      "review": "Great way to share photos",
      "review_date": [
        "February",
        "6",
        " 2018"
      ]
    },
    {
      "REQ_subtype": "",
      "REQ_type": "",
      "_id": 46,
      "author_id": "not defined",
      "author_name": "jeremy doucet",
      "helpful": "0",
      "polarity": "",
      "rate": 4,
      "response": "",
      "response_date": "",
      "review": "Awesome app.. Works well",
      "review_date": [
        "November",
        "12",
        " 2017"
      ]
    },
    {
      "REQ_subtype": "",
      "REQ_type": "",
      "_id": 47,
      "author_id": "not defined",
      "author_name": "Melinda Kenneson",
      "helpful": "0",
      "polarity": "",
      "rate": 5,
      "response": "",
      "response_date": "",
      "review": "LOVE IT!!",
      "review_date": [
        "November",
        "12",
        " 2017"
      ]
    },
    {
      "REQ_subtype": "",
      "REQ_type": "",
      "_id": 48,
      "author_id": "not defined",
      "author_name": "Heather Duda",
      "helpful": "0",
      "polarity": "",
      "rate": 5,
      "response": "",
      "response_date": "",
      "review": "It is so good",
      "review_date": [
        "December",
        "5",
        " 2017"
      ]
    },
    {
      "REQ_subtype": "",
      "REQ_type": "",
      "_id": 49,
      "author_id": "not defined",
      "author_name": "Rachelle Conry",
      "helpful": "0",
      "polarity": "",
      "rate": 5,
      "response": "",
      "response_date": "",
      "review": "Just perfect",
      "review_date": [
        "January",
        "10",
        " 2018"
      ]
    },
    {
      "REQ_subtype": "",
      "REQ_type": "",
      "_id": 50,
      "author_id": "not defined",
      "author_name": "Ellen W",
      "helpful": "3",
      "polarity": "",
      "rate": 5,
      "response": "",
      "response_date": "",
      "review": "We've used the app for about a year now. Love that we can share photos with family while respecting our baby's privacy. Only down side is that the grandparents now expect photos daily. \ud83d\ude02",
      "review_date": [
        "October",
        "24",
        " 2017"
      ]
    },
    {
      "REQ_subtype": "",
      "REQ_type": "",
      "_id": 51,
      "author_id": "not defined",
      "author_name": "Sheryl Crosby",
      "helpful": "1",
      "polarity": "",
      "rate": 4,
      "response": "",
      "response_date": "",
      "review": "Fun to share pictures. Wish the videos could be longer.",
      "review_date": [
        "October",
        "28",
        " 2017"
      ]
    },
    {
      "REQ_subtype": "",
      "REQ_type": "",
      "_id": 52,
      "author_id": "not defined",
      "author_name": "Nora Metzker",
      "helpful": "0",
      "polarity": "",
      "rate": 5,
      "response": "",
      "response_date": "",
      "review": "Easy family documenting.",
      "review_date": [
        "October",
        "22",
        " 2017"
      ]
    },
    {
      "REQ_subtype": "",
      "REQ_type": "",
      "_id": 53,
      "author_id": "not defined",
      "author_name": "RaeJeanne Guizar",
      "helpful": "0",
      "polarity": "",
      "rate": 5,
      "response": "",
      "response_date": "",
      "review": "Love it!",
      "review_date": [
        "October",
        "22",
        " 2017"
      ]
    },
    {
      "REQ_subtype": "",
      "REQ_type": "",
      "_id": 54,
      "author_id": "not defined",
      "author_name": "Jennifer Haegele",
      "helpful": "0",
      "polarity": "",
      "rate": 3,
      "response": "Hi Jennifer, I'm so sorry for the trouble! Please email support @ momentgarden.com and we would be happy to help figure out what is happening and fix this right away.",
      "response_date": [
        "October",
        "18",
        " 2017"
      ],
      "review": "I've had this app for over 2 years now and I've always loved it until it stopped letting me upload videos and started crashing my phone. I pay the yearly subscription to upload longer videos too.   I should have the ability to place my pictures in the order I want them for collages. Additionally, when I want to print books, I would like the option to have the comments printed as well as the photos and caption.",
      "review_date": [
        "October",
        "18",
        " 2017"
      ]
    },
    {
      "REQ_subtype": "",
      "REQ_type": "",
      "_id": 55,
      "author_id": "not defined",
      "author_name": "Tessa Maish",
      "helpful": "0",
      "polarity": "",
      "rate": 5,
      "response": "",
      "response_date": "",
      "review": "Intuitive to use, easy to share moments with designated family/friends. Responsive support team.",
      "review_date": [
        "October",
        "19",
        " 2017"
      ]
    },
    {
      "REQ_subtype": "",
      "REQ_type": "",
      "_id": 56,
      "author_id": "not defined",
      "author_name": "A Google user",
      "helpful": "0",
      "polarity": "",
      "rate": 5,
      "response": "",
      "response_date": "",
      "review": "Love this app. It is easy to use and a a great way to share photos and videos with family without having to email or text them individually. Also I love how they can choose how often to receive emails so I don't feel like I am harassing anyone or leaving them out.",
      "review_date": [
        "October",
        "17",
        " 2017"
      ]
    },
    {
      "REQ_subtype": "",
      "REQ_type": "",
      "_id": 57,
      "author_id": "not defined",
      "author_name": "Megan Rasey",
      "helpful": "3",
      "polarity": "",
      "rate": 5,
      "response": "",
      "response_date": "",
      "review": "Updating the photo for each individual garden, the photos upload sideways. There's no way to rotate them. Otherwise, love it! As does family and friends.",
      "review_date": [
        "September",
        "28",
        " 2017"
      ]
    },
    {
      "REQ_subtype": "",
      "REQ_type": "",
      "_id": 58,
      "author_id": "not defined",
      "author_name": "Karissa Wimsatt",
      "helpful": "3",
      "polarity": "",
      "rate": 5,
      "response": "",
      "response_date": "",
      "review": "Great way to share pictures with all family and friends on a regular basis. Also easy for those who aren't technologically savvy.",
      "review_date": [
        "September",
        "4",
        " 2017"
      ]
    },
    {
      "REQ_subtype": "",
      "REQ_type": "",
      "_id": 59,
      "author_id": "not defined",
      "author_name": "Jessica Tecxidor",
      "helpful": "0",
      "polarity": "",
      "rate": 4,
      "response": "",
      "response_date": "",
      "review": "Great free app but wish it was cheaper to subscribe to monthly or yearly, too expensive for full site, app",
      "review_date": [
        "October",
        "11",
        " 2017"
      ]
    },
    {
      "REQ_subtype": "",
      "REQ_type": "",
      "_id": 60,
      "author_id": "not defined",
      "author_name": "Hobie Cohen",
      "helpful": "2",
      "polarity": "",
      "rate": 5,
      "response": "",
      "response_date": "",
      "review": "Very nice interface, and unlimited storage!",
      "review_date": [
        "September",
        "19",
        " 2017"
      ]
    },
    {
      "REQ_subtype": "",
      "REQ_type": "",
      "_id": 61,
      "author_id": "not defined",
      "author_name": "janice james",
      "helpful": "0",
      "polarity": "",
      "rate": 5,
      "response": "",
      "response_date": "",
      "review": "This is the best brag book ever. It's always with me.",
      "review_date": [
        "October",
        "18",
        " 2017"
      ]
    },
    {
      "REQ_subtype": "",
      "REQ_type": "",
      "_id": 62,
      "author_id": "not defined",
      "author_name": "Mandi Boykin",
      "helpful": "0",
      "polarity": "",
      "rate": 4,
      "response": "",
      "response_date": "",
      "review": "Great way to save moments!",
      "review_date": [
        "September",
        "29",
        " 2017"
      ]
    },
    {
      "REQ_subtype": "",
      "REQ_type": "",
      "_id": 63,
      "author_id": "not defined",
      "author_name": "A Google user",
      "helpful": "0",
      "polarity": "",
      "rate": 5,
      "response": "",
      "response_date": "",
      "review": "Fab app",
      "review_date": [
        "September",
        "26",
        " 2017"
      ]
    },
    {
      "REQ_subtype": "",
      "REQ_type": "",
      "_id": 64,
      "author_id": "not defined",
      "author_name": "Amanda Williams",
      "helpful": "11",
      "polarity": "",
      "rate": 4,
      "response": "",
      "response_date": "",
      "review": "Update: Latest version now lets me edit the time of a moment via the app! So excited about that! Thanks to the developers for listening to their users for requested features.  Original review: Great idea. Love it. Use it regularly. (Should use it more!) Just wish I could edit the time of a moment so I can keep things in chronological order on a date from within the app rather than logging in to the website. Would like to use some of the star features but don't like the subscription model. Would happily pay a one-off fee for the app for those features though.",
      "review_date": [
        "June",
        "22",
        " 2017"
      ]
    },
    {
      "REQ_subtype": "",
      "REQ_type": "",
      "_id": 65,
      "author_id": "not defined",
      "author_name": "Kelly Larson",
      "helpful": "3",
      "polarity": "",
      "rate": 2,
      "response": "",
      "response_date": "",
      "review": "Update: it did work great. Now i keep getting errors when trying to upload photos and when you can only upload one at a time it's super frustrating that they dont upload! And no im not paying to upgrade.  Previous review: Works great. Just wish there was a easier way to add family other then email. Like send the link through text. I have a lot of phone numbers but not emails",
      "review_date": [
        "August",
        "3",
        " 2017"
      ]
    },
    {
      "REQ_subtype": "",
      "REQ_type": "",
      "_id": 66,
      "author_id": "not defined",
      "author_name": "Tamara Smith",
      "helpful": "2",
      "polarity": "",
      "rate": 4,
      "response": "",
      "response_date": "",
      "review": "I love the app! It works perfectly to capture moments and keep a digital baby book. Sharing with family is so easy and they love it. The only thing I would change is to make the books easier to edit. Printing a book is important to me and I wish it were a bit easier to get the book just perfect.",
      "review_date": [
        "August",
        "12",
        " 2017"
      ]
    },
    {
      "REQ_subtype": "",
      "REQ_type": "",
      "_id": 67,
      "author_id": "not defined",
      "author_name": "A Google user",
      "helpful": "1",
      "polarity": "",
      "rate": 4,
      "response": "",
      "response_date": "",
      "review": "A pretty great app. I love the format but the books are pricey and can be a little difficult to edit. A great phone app though!",
      "review_date": [
        "July",
        "26",
        " 2017"
      ]
    },
    {
      "REQ_subtype": "",
      "REQ_type": "",
      "_id": 68,
      "author_id": "not defined",
      "author_name": "Courtney Phillips",
      "helpful": "1",
      "polarity": "",
      "rate": 3,
      "response": "",
      "response_date": "",
      "review": "Overall I think its good, but since I cannot stop family and friends from posting I probably won't use it. It needs to add posting permissions for each user.",
      "review_date": [
        "July",
        "15",
        " 2017"
      ]
    },
    {
      "REQ_subtype": "",
      "REQ_type": "",
      "_id": 69,
      "author_id": "not defined",
      "author_name": "A Google user",
      "helpful": "0",
      "polarity": "",
      "rate": 5,
      "response": "",
      "response_date": "",
      "review": "Awesome way to keep track of all our memories! The best feature is the fact that we can upload videos to share with family. Well worth paying the membership fee to get longer videos.",
      "review_date": [
        "August",
        "27",
        " 2017"
      ]
    },
    {
      "REQ_subtype": "",
      "REQ_type": "",
      "_id": 70,
      "author_id": "not defined",
      "author_name": "A Google user",
      "helpful": "3",
      "polarity": "",
      "rate": 5,
      "response": "",
      "response_date": "",
      "review": "Great way to keep track of the fleeting moments.",
      "review_date": [
        "July",
        "9",
        " 2017"
      ]
    },
    {
      "REQ_subtype": "",
      "REQ_type": "",
      "_id": 71,
      "author_id": "not defined",
      "author_name": "Nicole Davis",
      "helpful": "0",
      "polarity": "",
      "rate": 5,
      "response": "",
      "response_date": "",
      "review": "This has been a blessing in disguise.i share with all.of my family and i get age attached to my pictures!!!",
      "review_date": [
        "July",
        "17",
        " 2017"
      ]
    },
    {
      "REQ_subtype": "",
      "REQ_type": "",
      "_id": 72,
      "author_id": "not defined",
      "author_name": "Ashley Clark",
      "helpful": "0",
      "polarity": "",
      "rate": 5,
      "response": "",
      "response_date": "",
      "review": "It's great to be able to share pics directly from my phone.",
      "review_date": [
        "July",
        "10",
        " 2017"
      ]
    },
    {
      "REQ_subtype": "",
      "REQ_type": "",
      "_id": 73,
      "author_id": "not defined",
      "author_name": "Brian Hewitt",
      "helpful": "0",
      "polarity": "",
      "rate": 5,
      "response": "",
      "response_date": "",
      "review": "Great idea for charting children lives .",
      "review_date": [
        "August",
        "10",
        " 2017"
      ]
    },
    {
      "REQ_subtype": "",
      "REQ_type": "",
      "_id": 74,
      "author_id": "not defined",
      "author_name": "Kimberly Petersen",
      "helpful": "8",
      "polarity": "",
      "rate": 4,
      "response": "",
      "response_date": "",
      "review": "I love being able to see pictures of my friends' kids without unwantedly going to a social media site like facebook.",
      "review_date": [
        "May",
        "29",
        " 2017"
      ]
    },
    {
      "REQ_subtype": "",
      "REQ_type": "",
      "_id": 75,
      "author_id": "not defined",
      "author_name": "A Google user",
      "helpful": "0",
      "polarity": "",
      "rate": 4,
      "response": "Hi, I'm so sorry! We've been upgrading our technology over the last couple months and this might have been a result of some of that. Are you still experiencing problems? Could you please email us at support@momentgarden.com? We'd be happy to look into it right away.",
      "response_date": [
        "June",
        "12",
        " 2017"
      ],
      "review": "I used to love this. But now this is continuously showing me an error dialog about no internet connection! Can't access my garden :(",
      "review_date": [
        "June",
        "12",
        " 2017"
      ]
    },
    {
      "REQ_subtype": "",
      "REQ_type": "",
      "_id": 76,
      "author_id": "not defined",
      "author_name": "A Google user",
      "helpful": "0",
      "polarity": "",
      "rate": 4,
      "response": "",
      "response_date": "",
      "review": "Great sharing site.  Loves and comments work great.  Sometimes it is a bit slow on an upload but patience yields another precious moment.",
      "review_date": [
        "June",
        "7",
        " 2017"
      ]
    },
    {
      "REQ_subtype": "",
      "REQ_type": "",
      "_id": 77,
      "author_id": "not defined",
      "author_name": "Jp Sakura",
      "helpful": "1",
      "polarity": "",
      "rate": 5,
      "response": "",
      "response_date": "",
      "review": "Awesome app! Great way to keep a photo journal of your little ones. Love it.",
      "review_date": [
        "June",
        "11",
        " 2017"
      ]
    },
    {
      "REQ_subtype": "",
      "REQ_type": "",
      "_id": 78,
      "author_id": "not defined",
      "author_name": "Amy Riess",
      "helpful": "0",
      "polarity": "",
      "rate": 5,
      "response": "",
      "response_date": "",
      "review": "I use this app to communicate with my son's birth mother.  It's been working great.  I especially like that it's more private than facebook.",
      "review_date": [
        "June",
        "7",
        " 2017"
      ]
    },
    {
      "REQ_subtype": "",
      "REQ_type": "",
      "_id": 79,
      "author_id": "not defined",
      "author_name": "Melissa Stutzman",
      "helpful": "0",
      "polarity": "",
      "rate": 5,
      "response": "",
      "response_date": "",
      "review": "Fantastic way to share photos with friends and family!",
      "review_date": [
        "June",
        "19",
        " 2017"
      ]
    },
    {
      "REQ_subtype": "",
      "REQ_type": "",
      "_id": 80,
      "author_id": "not defined",
      "author_name": "Sarah Changuion",
      "helpful": "0",
      "polarity": "",
      "rate": 5,
      "response": "",
      "response_date": "",
      "review": "Easy and attractive way to remember happy times.",
      "review_date": [
        "May",
        "29",
        " 2017"
      ]
    },
    {
      "REQ_subtype": "",
      "REQ_type": "",
      "_id": 81,
      "author_id": "not defined",
      "author_name": "#ProudMamaAgain L H",
      "helpful": "0",
      "polarity": "",
      "rate": 5,
      "response": "",
      "response_date": "",
      "review": "I just love this app. It's the best so far.  I especially love how they turn your photos into a book and keep up with your child age (timeline). My child was born premature@ 23 weeks, 1lbs 2oz. N I was able to capture every moment as she fought to stay alive and grow up to be the strong \ud83d\ude07 she is today.  Thank you so much for creating this wonderful and awesome app.",
      "review_date": [
        "June",
        "12",
        " 2017"
      ]
    },
    {
      "REQ_subtype": "",
      "REQ_type": "",
      "_id": 82,
      "author_id": "not defined",
      "author_name": "A Google user",
      "helpful": "1",
      "polarity": "",
      "rate": 5,
      "response": "",
      "response_date": "",
      "review": "Moment Garden is a wonderful way for parents to share pictures & comments of their babies with relatives who live out-of-state. It has made the distance between Colorado & Iowa seem much less than it actually is.",
      "review_date": [
        "May",
        "19",
        " 2017"
      ]
    },
    {
      "REQ_subtype": "",
      "REQ_type": "",
      "_id": 83,
      "author_id": "not defined",
      "author_name": "Steadham Angela",
      "helpful": "3",
      "polarity": "",
      "rate": 3,
      "response": "We're so sorry you feel that way. We do our best to balance the free and paid versions in order to keep Moment Garden ad-free. We'd like to hear your thoughts on this, so please email us at support@momentgarden.com if you're willing to share further feedback.",
      "response_date": [
        "May",
        "1",
        " 2017"
      ],
      "review": "Wish it was just free not free until you really want to use it then give us all your money...",
      "review_date": [
        "April",
        "30",
        " 2017"
      ]
    },
    {
      "REQ_subtype": "",
      "REQ_type": "",
      "_id": 84,
      "author_id": "not defined",
      "author_name": "Joyce Kloss",
      "helpful": "2",
      "polarity": "",
      "rate": 5,
      "response": "",
      "response_date": "",
      "review": "I love getting daily updates and pictures automatically and also being allowed to comment on them.",
      "review_date": [
        "May",
        "6",
        " 2017"
      ]
    },
    {
      "REQ_subtype": "",
      "REQ_type": "",
      "_id": 85,
      "author_id": "not defined",
      "author_name": "Andrea Harper",
      "helpful": "1",
      "polarity": "",
      "rate": 5,
      "response": "",
      "response_date": "",
      "review": "Very helpful when you live life on the go! You can still record those precious moments straight from your phone!!!",
      "review_date": [
        "May",
        "13",
        " 2017"
      ]
    },
    {
      "REQ_subtype": "",
      "REQ_type": "",
      "_id": 86,
      "author_id": "not defined",
      "author_name": "Deepika L",
      "helpful": "1",
      "polarity": "",
      "rate": 4,
      "response": "",
      "response_date": "",
      "review": "Good app where we can store pics n make more memorable wen we see them later",
      "review_date": [
        "April",
        "27",
        " 2017"
      ]
    },
    {
      "REQ_subtype": "",
      "REQ_type": "",
      "_id": 87,
      "author_id": "not defined",
      "author_name": "Jacqueline Allen",
      "helpful": "1",
      "polarity": "",
      "rate": 5,
      "response": "",
      "response_date": "",
      "review": "Amazing way to keep up with family if y'all are spread out!!",
      "review_date": [
        "May",
        "10",
        " 2017"
      ]
    },
    {
      "REQ_subtype": "",
      "REQ_type": "",
      "_id": 88,
      "author_id": "not defined",
      "author_name": "Abubakr Hommeada",
      "helpful": "1",
      "polarity": "",
      "rate": 5,
      "response": "",
      "response_date": "",
      "review": "Good app.  Please try to add more emotions ..",
      "review_date": [
        "May",
        "2",
        " 2017"
      ]
    },
    {
      "REQ_subtype": "",
      "REQ_type": "",
      "_id": 89,
      "author_id": "not defined",
      "author_name": "Andy kinomol",
      "helpful": "0",
      "polarity": "",
      "rate": 4,
      "response": "",
      "response_date": "",
      "review": "Very useful apps for mummy to keep baby milestone",
      "review_date": [
        "April",
        "29",
        " 2017"
      ]
    },
    {
      "REQ_subtype": "",
      "REQ_type": "",
      "_id": 90,
      "author_id": "not defined",
      "author_name": "Lisa Sabella",
      "helpful": "2",
      "polarity": "",
      "rate": 5,
      "response": "",
      "response_date": "",
      "review": "Great way to share kids pics with family!",
      "review_date": [
        "April",
        "2",
        " 2017"
      ]
    },
    {
      "REQ_subtype": "",
      "REQ_type": "",
      "_id": 91,
      "author_id": "not defined",
      "author_name": "Princy Philip",
      "helpful": "1",
      "polarity": "",
      "rate": 3,
      "response": "Hi Princy, I'm so sorry for the problem! We have this fixed in the latest version (3.4.4) but please email us at support @ momentgarden.com if you are still having problems and we'll get this figured out right away.",
      "response_date": [
        "March",
        "31",
        " 2017"
      ],
      "review": "Why not able to add videos?",
      "review_date": [
        "March",
        "31",
        " 2017"
      ]
    },
    {
      "REQ_subtype": "",
      "REQ_type": "",
      "_id": 92,
      "author_id": "not defined",
      "author_name": "sib snd",
      "helpful": "1",
      "polarity": "",
      "rate": 5,
      "response": "",
      "response_date": "",
      "review": "Love it",
      "review_date": [
        "April",
        "2",
        " 2017"
      ]
    },
    {
      "REQ_subtype": "",
      "REQ_type": "",
      "_id": 93,
      "author_id": "not defined",
      "author_name": "Anna Rudo-Hutt",
      "helpful": "2",
      "polarity": "",
      "rate": 5,
      "response": "",
      "response_date": "",
      "review": "Great app for sharing pics, videos, and stories privately with family and friends. I use this app on a daily basis. I also used the website to order calendars as Christmas presents, and they turned out really well! Super easy to use too.",
      "review_date": [
        "March",
        "19",
        " 2017"
      ]
    },
    {
      "REQ_subtype": "",
      "REQ_type": "",
      "_id": 94,
      "author_id": "not defined",
      "author_name": "Rachael Toney",
      "helpful": "0",
      "polarity": "",
      "rate": 4,
      "response": "",
      "response_date": "",
      "review": "This is an easy way to give loved ones updated pictures. It reminds you to take pictures if it's been a while as life gets busy! And it's fun. I really like the layout. Easy to browse.",
      "review_date": [
        "March",
        "29",
        " 2017"
      ]
    },
    {
      "REQ_subtype": "",
      "REQ_type": "",
      "_id": 95,
      "author_id": "not defined",
      "author_name": "A Google user",
      "helpful": "4",
      "polarity": "",
      "rate": 5,
      "response": "",
      "response_date": "",
      "review": "Nice to see my neice developing",
      "review_date": [
        "March",
        "11",
        " 2017"
      ]
    },
    {
      "REQ_subtype": "",
      "REQ_type": "",
      "_id": 96,
      "author_id": "not defined",
      "author_name": "A Google user",
      "helpful": "1",
      "polarity": "",
      "rate": 5,
      "response": "",
      "response_date": "",
      "review": "It's very easy to use and great fun.",
      "review_date": [
        "March",
        "31",
        " 2017"
      ]
    },
    {
      "REQ_subtype": "",
      "REQ_type": "",
      "_id": 97,
      "author_id": "not defined",
      "author_name": "Corrin Chatterton",
      "helpful": "0",
      "polarity": "",
      "rate": 3,
      "response": "Hi Corrin, I'm so sorry for the trouble! We had a problem sending emails the other day which could have been what you experienced. The problem has been fixed, and if you email us at support@momentgarden.com we would be happy to help you get them resent!",
      "response_date": [
        "March",
        "2",
        " 2017"
      ],
      "review": "I've added my husband, parents and siblings several times and they never get an email invitation. If that portion worked properly, app would get a 5.",
      "review_date": [
        "March",
        "2",
        " 2017"
      ]
    },
    {
      "REQ_subtype": "",
      "REQ_type": "",
      "_id": 98,
      "author_id": "not defined",
      "author_name": "Clifford Meyers",
      "helpful": "0",
      "polarity": "",
      "rate": 5,
      "response": "",
      "response_date": "",
      "review": "Love it!",
      "review_date": [
        "March",
        "2",
        " 2017"
      ]
    },
    {
      "REQ_subtype": "",
      "REQ_type": "",
      "_id": 99,
      "author_id": "not defined",
      "author_name": "Dena McKitrick",
      "helpful": "1",
      "polarity": "",
      "rate": 5,
      "response": "",
      "response_date": "",
      "review": "I love keeping up with my grandchuldren and the rest of the family.",
      "review_date": [
        "February",
        "27",
        " 2017"
      ]
    },
    {
      "REQ_subtype": "",
      "REQ_type": "",
      "_id": 100,
      "author_id": "not defined",
      "author_name": "A Google user",
      "helpful": "3",
      "polarity": "",
      "rate": 5,
      "response": "",
      "response_date": "",
      "review": "I use this app everyday! It keeps everyone in my family happy because they get pictures all the time.it also keeps everyone one up to date on how big the little one is. I hope in the future the little one will appreciate it too.",
      "review_date": [
        "February",
        "9",
        " 2017"
      ]
    },
    {
      "REQ_subtype": "",
      "REQ_type": "",
      "_id": 101,
      "author_id": "not defined",
      "author_name": "Diana Rice",
      "helpful": "1",
      "polarity": "",
      "rate": 4,
      "response": "",
      "response_date": "",
      "review": "Great app.  Would be nice if you could collage moments on pages in book.",
      "review_date": [
        "February",
        "10",
        " 2017"
      ]
    },
    {
      "REQ_subtype": "",
      "REQ_type": "",
      "_id": 102,
      "author_id": "not defined",
      "author_name": "Kyle B",
      "helpful": "1",
      "polarity": "",
      "rate": 1,
      "response": "Hi Kyle, I'm really sorry you're having trouble logging in!  Please email us (support@momentgarden.com) we would be happy to help you right away!",
      "response_date": [
        "February",
        "17",
        " 2017"
      ],
      "review": "Totally useless. Impossible to login.",
      "review_date": [
        "February",
        "17",
        " 2017"
      ]
    },
    {
      "REQ_subtype": "",
      "REQ_type": "",
      "_id": 103,
      "author_id": "not defined",
      "author_name": "PRASANNA SHINDE",
      "helpful": "0",
      "polarity": "",
      "rate": 4,
      "response": "",
      "response_date": "",
      "review": "Nice but I want more photos uploaded sistym they have only one photo upload.",
      "review_date": [
        "February",
        "4",
        " 2017"
      ]
    },
    {
      "REQ_subtype": "",
      "REQ_type": "",
      "_id": 104,
      "author_id": "not defined",
      "author_name": "Stephanie DiFilippi",
      "helpful": "9",
      "polarity": "",
      "rate": 5,
      "response": "",
      "response_date": "",
      "review": "Such a great way to keep a private blog about my pregnancy. We don't want the whole world knowing on social media so having an app that allows me to only invite the special people in our lives is really important. Thank you so much!",
      "review_date": [
        "December",
        "30",
        " 2016"
      ]
    },
    {
      "REQ_subtype": "",
      "REQ_type": "",
      "_id": 105,
      "author_id": "not defined",
      "author_name": "Clare Emms",
      "helpful": "1",
      "polarity": "",
      "rate": 5,
      "response": "",
      "response_date": "",
      "review": "I love this app and how I can see and share my baby's most important moments so easily",
      "review_date": [
        "January",
        "8",
        " 2017"
      ]
    },
    {
      "REQ_subtype": "",
      "REQ_type": "",
      "_id": 106,
      "author_id": "not defined",
      "author_name": "Bethany Sklow",
      "helpful": "0",
      "polarity": "",
      "rate": 5,
      "response": "",
      "response_date": "",
      "review": "I didn't even think something like this existed. I wish I'd had this 4.5 or 13 years ago... But I'm keeping track now.",
      "review_date": [
        "January",
        "14",
        " 2017"
      ]
    },
    {
      "REQ_subtype": "",
      "REQ_type": "",
      "_id": 107,
      "author_id": "not defined",
      "author_name": "trena kinsey",
      "helpful": "2",
      "polarity": "",
      "rate": 5,
      "response": "",
      "response_date": "",
      "review": "Good app to have for your precious littleone",
      "review_date": [
        "December",
        "30",
        " 2016"
      ]
    },
    {
      "REQ_subtype": "",
      "REQ_type": "",
      "_id": 108,
      "author_id": "not defined",
      "author_name": "Suzie Matthews",
      "helpful": "0",
      "polarity": "",
      "rate": 5,
      "response": "",
      "response_date": "",
      "review": "Love this app. We are in one state and they are in another, but this app helps melt the miles away.",
      "review_date": [
        "January",
        "18",
        " 2017"
      ]
    },
    {
      "REQ_subtype": "",
      "REQ_type": "",
      "_id": 109,
      "author_id": "not defined",
      "author_name": "Nancy Clark",
      "helpful": "0",
      "polarity": "",
      "rate": 5,
      "response": "",
      "response_date": "",
      "review": "Nancy",
      "review_date": [
        "January",
        "11",
        " 2017"
      ]
    },
    {
      "REQ_subtype": "",
      "REQ_type": "",
      "_id": 110,
      "author_id": "not defined",
      "author_name": "A Google user",
      "helpful": "2",
      "polarity": "",
      "rate": 4,
      "response": "",
      "response_date": "",
      "review": "Sometimes have issues uploading photos. Other than that, I enjoy the layout and it's easy to use and share.",
      "review_date": [
        "November",
        "21",
        " 2016"
      ]
    },
    {
      "REQ_subtype": "",
      "REQ_type": "",
      "_id": 111,
      "author_id": "not defined",
      "author_name": "Guard Guy Gary",
      "helpful": "3",
      "polarity": "",
      "rate": 5,
      "response": "",
      "response_date": "",
      "review": "This is great for my wife and I who love sharing pics but don't care for facebook related drama.  Great app.",
      "review_date": [
        "October",
        "30",
        " 2016"
      ]
    },
    {
      "REQ_subtype": "",
      "REQ_type": "",
      "_id": 112,
      "author_id": "not defined",
      "author_name": "Keshia Solem",
      "helpful": "0",
      "polarity": "",
      "rate": 5,
      "response": "",
      "response_date": "",
      "review": "We love the Moment Garden. It's easy to share with friends and family. You can put more pictures than you would on Facebook so you don't have to overload social media.",
      "review_date": [
        "November",
        "7",
        " 2016"
      ]
    },
    {
      "REQ_subtype": "",
      "REQ_type": "",
      "_id": 113,
      "author_id": "not defined",
      "author_name": "Tomeka Ridley",
      "helpful": "2",
      "polarity": "",
      "rate": 4,
      "response": "",
      "response_date": "",
      "review": "Works Great.  Though I wish I add more than one photo for free per moment.",
      "review_date": [
        "November",
        "6",
        " 2016"
      ]
    },
    {
      "REQ_subtype": "",
      "REQ_type": "",
      "_id": 114,
      "author_id": "not defined",
      "author_name": "Cindi Bruce",
      "helpful": "0",
      "polarity": "",
      "rate": 5,
      "response": "",
      "response_date": "",
      "review": "My first grandson, \"ELI\"",
      "review_date": [
        "November",
        "16",
        " 2016"
      ]
    },
    {
      "REQ_subtype": "",
      "REQ_type": "",
      "_id": 115,
      "author_id": "not defined",
      "author_name": "Lisa Hladik",
      "helpful": "0",
      "polarity": "",
      "rate": 5,
      "response": "",
      "response_date": "",
      "review": "loved it",
      "review_date": [
        "November",
        "14",
        " 2016"
      ]
    },
    {
      "REQ_subtype": "",
      "REQ_type": "",
      "_id": 116,
      "author_id": "not defined",
      "author_name": "Sean Brownlow",
      "helpful": "6",
      "polarity": "",
      "rate": 5,
      "response": "",
      "response_date": "",
      "review": "Perfect for keeping a diary of your child's life as they grow!",
      "review_date": [
        "October",
        "14",
        " 2016"
      ]
    },
    {
      "REQ_subtype": "",
      "REQ_type": "",
      "_id": 117,
      "author_id": "not defined",
      "author_name": "Zina Rusev",
      "helpful": "1",
      "polarity": "",
      "rate": 5,
      "response": "",
      "response_date": "",
      "review": "It is a nice memory storage to have.",
      "review_date": [
        "October",
        "5",
        " 2016"
      ]
    },
    {
      "REQ_subtype": "",
      "REQ_type": "",
      "_id": 118,
      "author_id": "not defined",
      "author_name": "Aurelia Tate",
      "helpful": "0",
      "polarity": "",
      "rate": 5,
      "response": "",
      "response_date": "",
      "review": "Great",
      "review_date": [
        "November",
        "9",
        " 2016"
      ]
    },
    {
      "REQ_subtype": "",
      "REQ_type": "",
      "_id": 119,
      "author_id": "not defined",
      "author_name": "Emma Campbell",
      "helpful": "11",
      "polarity": "",
      "rate": 5,
      "response": "",
      "response_date": "",
      "review": "I started using this app just to keep track of photos for myself, but now my whole family wants an account and everyone loves it. It's a lovely way to keep in touch with family and is really easy to use even while looking after a tiny baby.",
      "review_date": [
        "September",
        "10",
        " 2016"
      ]
    }
  ],
  "size": "Varies with devic",
  "url": "https://play.google.com/store/apps/details?id=com.momentgarden",
  "version": "Varies with device"
}