{
  "categories": [
    "Photography"
  ],
  "description": "KD Collage - new application to create wonderful collages from your photos. The application includes about 100 collage templates and over 120 background options. Added photo can be moved, rotated and zoomed in/out. You can also add a text with different fonts and styles. Completed collages can be saved in HD to SD memory card or in Favorites for further editing.We wish you the creative successes and breath-taking results!",
  "inc": "KDN Soft",
  "intalled_count": "1,000,000",
  "last_update": [
    "December",
    "15",
    " 2016"
  ],
  "name": "KD Collage Free",
  "offered_by": "Google Commerce Ltd",
  "permissions": {
    "Photos/Media/Files": [
      "read the contents of your USB storage",
      "modify or delete the contents of your USB storage"
    ],
    "Storage": [
      "read the contents of your USB storage",
      "modify or delete the contents of your USB storage"
    ],
    "Other": [
      "view network connections",
      "full network access",
      "set wallpaper"
    ]
  },
  "price": "",
  "rate": [
    [
      "46,096",
      "4.4"
    ],
    [
      "30,446",
      "5"
    ],
    [
      "8,117",
      "4"
    ],
    [
      "3,545",
      "3"
    ],
    [
      "1,593",
      "2"
    ],
    [
      "2,395",
      "1"
    ]
  ],
  "required_android": "2.3",
  "reviews": [
    {
      "REQ_subtype": "",
      "REQ_type": "",
      "_id": 0,
      "author_id": "not defined",
      "author_name": "Sheila Mayett",
      "helpful": "0",
      "polarity": "",
      "rate": 5,
      "response": "",
      "response_date": "",
      "review": "The Best App Ever! Please! Don't Change It!     Don't Be Like Other Photo Editor App Creator. Who change their app for the \"worse\".    I Love KD Collage as it is. Easy to use. And very useful.  Highly Recommended!  You Should Download It!   Been using it for a year already. And damn! Can't get enough of it.   I beg you KDN Soft! Don't change it! Stay this app as it is.   I'm using this App to creating my BC. So please! Don't change it to a new different and difficult App.   That's all. And THANK YOU SO MUCH FOR CREATING THIS AWESOME APP!",
      "review_date": [
        "February",
        "21",
        " 2017"
      ]
    },
    {
      "REQ_subtype": "",
      "REQ_type": "",
      "_id": 1,
      "author_id": "not defined",
      "author_name": "Alice Henderson",
      "helpful": "0",
      "polarity": "",
      "rate": 5,
      "response": "",
      "response_date": "",
      "review": "Please add a new frame for  single, an oval  frame. Also, may be sunset, sunrise and ocean views for the background. I bought the Pro thinking it had different frames. Other than that, I love this app.  Every phone i switch to, i make sure i download this app.",
      "review_date": [
        "April",
        "7",
        " 2017"
      ]
    },
    {
      "REQ_subtype": "",
      "REQ_type": "",
      "_id": 2,
      "author_id": "not defined",
      "author_name": "Zadddy Mir",
      "helpful": "4",
      "polarity": "",
      "rate": 5,
      "response": "",
      "response_date": "",
      "review": "I use this app for all my collages best one yet!\ud83d\ude01\ud83d\ude00",
      "review_date": [
        "January",
        "6",
        " 2017"
      ]
    },
    {
      "REQ_subtype": "",
      "REQ_type": "",
      "_id": 3,
      "author_id": "not defined",
      "author_name": "Sylvia Hangero",
      "helpful": "2",
      "polarity": "",
      "rate": 5,
      "response": "",
      "response_date": "",
      "review": "Its the best collage app i ever used.love it.",
      "review_date": [
        "February",
        "15",
        " 2017"
      ]
    },
    {
      "REQ_subtype": "",
      "REQ_type": "",
      "_id": 4,
      "author_id": "not defined",
      "author_name": "Kathy Mormino",
      "helpful": "3",
      "polarity": "",
      "rate": 5,
      "response": "",
      "response_date": "",
      "review": "I love this app there's nothing that compares. Thank you",
      "review_date": [
        "April",
        "2",
        " 2017"
      ]
    },
    {
      "REQ_subtype": "",
      "REQ_type": "",
      "_id": 5,
      "author_id": "not defined",
      "author_name": "Jarese York",
      "helpful": "1",
      "polarity": "",
      "rate": 3,
      "response": "",
      "response_date": "",
      "review": "its decent enough to keep.",
      "review_date": [
        "June",
        "19",
        " 2017"
      ]
    },
    {
      "REQ_subtype": "",
      "REQ_type": "",
      "_id": 6,
      "author_id": "not defined",
      "author_name": "gerard hennig",
      "helpful": "2",
      "polarity": "",
      "rate": 5,
      "response": "",
      "response_date": "",
      "review": "Dope!!!! I make my own flyers, posters and business card with this app!! Dope!! - BLUE CHIP",
      "review_date": [
        "February",
        "20",
        " 2017"
      ]
    },
    {
      "REQ_subtype": "",
      "REQ_type": "",
      "_id": 7,
      "author_id": "not defined",
      "author_name": "Donjanay Jenkins",
      "helpful": "6",
      "polarity": "",
      "rate": 5,
      "response": "",
      "response_date": "",
      "review": "This app is great and lo e how it is form",
      "review_date": [
        "December",
        "21",
        " 2016"
      ]
    },
    {
      "REQ_subtype": "",
      "REQ_type": "",
      "_id": 8,
      "author_id": "not defined",
      "author_name": "Stephen Dunne",
      "helpful": "1",
      "polarity": "",
      "rate": 5,
      "response": "",
      "response_date": "",
      "review": "I like it. Nice and straightforward. There are ads and they are noticable but not bothersome.",
      "review_date": [
        "March",
        "3",
        " 2017"
      ]
    },
    {
      "REQ_subtype": "",
      "REQ_type": "",
      "_id": 9,
      "author_id": "not defined",
      "author_name": "A Google user",
      "helpful": "2",
      "polarity": "",
      "rate": 5,
      "response": "",
      "response_date": "",
      "review": "This app helps me write good pic msges",
      "review_date": [
        "January",
        "29",
        " 2017"
      ]
    },
    {
      "REQ_subtype": "",
      "REQ_type": "",
      "_id": 10,
      "author_id": "not defined",
      "author_name": "Lalrinawma Ralte",
      "helpful": "2",
      "polarity": "",
      "rate": 4,
      "response": "",
      "response_date": "",
      "review": "Its a good app...I just wish everything wasn't square...",
      "review_date": [
        "December",
        "26",
        " 2016"
      ]
    },
    {
      "REQ_subtype": "",
      "REQ_type": "",
      "_id": 11,
      "author_id": "not defined",
      "author_name": "A Google user",
      "helpful": "0",
      "polarity": "",
      "rate": 5,
      "response": "",
      "response_date": "",
      "review": "It's the best collage app I hv ever used.. Awesome in every sense. My favourite \ud83d\ude0d",
      "review_date": [
        "January",
        "21",
        " 2017"
      ]
    },
    {
      "REQ_subtype": "",
      "REQ_type": "",
      "_id": 12,
      "author_id": "not defined",
      "author_name": "Ara Fulgar",
      "helpful": "0",
      "polarity": "",
      "rate": 5,
      "response": "",
      "response_date": "",
      "review": "Excellent apps thumbs up very usefull easy to use highly recommended surely u will not regret this apps...",
      "review_date": [
        "September",
        "12",
        " 2017"
      ]
    },
    {
      "REQ_subtype": "",
      "REQ_type": "",
      "_id": 13,
      "author_id": "not defined",
      "author_name": "Marty Borent",
      "helpful": "3",
      "polarity": "",
      "rate": 4,
      "response": "",
      "response_date": "",
      "review": "I love this apps.",
      "review_date": [
        "December",
        "30",
        " 2016"
      ]
    },
    {
      "REQ_subtype": "",
      "REQ_type": "",
      "_id": 14,
      "author_id": "not defined",
      "author_name": "Lexxy Thomas",
      "helpful": "1",
      "polarity": "",
      "rate": 5,
      "response": "",
      "response_date": "",
      "review": "I love this app very easy to use and it is great!",
      "review_date": [
        "June",
        "19",
        " 2017"
      ]
    },
    {
      "REQ_subtype": "",
      "REQ_type": "",
      "_id": 15,
      "author_id": "not defined",
      "author_name": "Deana Lambert",
      "helpful": "3",
      "polarity": "",
      "rate": 5,
      "response": "",
      "response_date": "",
      "review": "Love it! My go to everything!",
      "review_date": [
        "December",
        "20",
        " 2016"
      ]
    },
    {
      "REQ_subtype": "",
      "REQ_type": "",
      "_id": 16,
      "author_id": "not defined",
      "author_name": "Nandkumar Sarma",
      "helpful": "2",
      "polarity": "",
      "rate": 5,
      "response": "",
      "response_date": "",
      "review": "All the best like to g.+1",
      "review_date": [
        "April",
        "7",
        " 2017"
      ]
    },
    {
      "REQ_subtype": "",
      "REQ_type": "",
      "_id": 17,
      "author_id": "not defined",
      "author_name": "\u0627\u062d\u0633\u0627\u0646 \u0646\u0638\u0627\u0645 \u067e\u0648\u0631",
      "helpful": "0",
      "polarity": "",
      "rate": 5,
      "response": "",
      "response_date": "",
      "review": "\u0645\u0646 \u06a9\u0647 \u0631\u0627\u0636\u06cc\u0645.\u06a9\u0648\u0646 \u0644\u0642\u0647 \u0647\u0631 \u06a9\u06cc \u0631\u0627\u0636\u06cc \u0646\u06cc\u0633\u062a!\ud83d\ude00\ud83d\ude09",
      "review_date": [
        "May",
        "12",
        " 2017"
      ]
    },
    {
      "REQ_subtype": "",
      "REQ_type": "",
      "_id": 18,
      "author_id": "not defined",
      "author_name": "A Google user",
      "helpful": "1",
      "polarity": "",
      "rate": 5,
      "response": "",
      "response_date": "",
      "review": "Unbelievable great ,I just loveeee it.",
      "review_date": [
        "March",
        "11",
        " 2017"
      ]
    },
    {
      "REQ_subtype": "",
      "REQ_type": "",
      "_id": 19,
      "author_id": "not defined",
      "author_name": "A Google user",
      "helpful": "0",
      "polarity": "",
      "rate": 4,
      "response": "",
      "response_date": "",
      "review": "This is one of the most simplest and amazing  app I have ever come acrossed.",
      "review_date": [
        "January",
        "2",
        " 2018"
      ]
    },
    {
      "REQ_subtype": "",
      "REQ_type": "",
      "_id": 20,
      "author_id": "not defined",
      "author_name": "BHUSHAN SURYAWANSHI",
      "helpful": "0",
      "polarity": "",
      "rate": 4,
      "response": "",
      "response_date": "",
      "review": "App is too good .... But pls add background option to zoom in/out, rotates..",
      "review_date": [
        "January",
        "28",
        " 2018"
      ]
    },
    {
      "REQ_subtype": "",
      "REQ_type": "",
      "_id": 21,
      "author_id": "not defined",
      "author_name": "Anshu Mayuri",
      "helpful": "0",
      "polarity": "",
      "rate": 5,
      "response": "",
      "response_date": "",
      "review": "Small pack with lots of options to do.",
      "review_date": [
        "May",
        "23",
        " 2017"
      ]
    },
    {
      "REQ_subtype": "",
      "REQ_type": "",
      "_id": 22,
      "author_id": "not defined",
      "author_name": "easter brock",
      "helpful": "2",
      "polarity": "",
      "rate": 5,
      "response": "",
      "response_date": "",
      "review": "Only use to compare pics",
      "review_date": [
        "January",
        "22",
        " 2017"
      ]
    },
    {
      "REQ_subtype": "",
      "REQ_type": "",
      "_id": 23,
      "author_id": "not defined",
      "author_name": "Brandy LeNae",
      "helpful": "1",
      "polarity": "",
      "rate": 5,
      "response": "",
      "response_date": "",
      "review": "Love this app use it all the time",
      "review_date": [
        "March",
        "8",
        " 2018"
      ]
    },
    {
      "REQ_subtype": "",
      "REQ_type": "",
      "_id": 24,
      "author_id": "not defined",
      "author_name": "Nekha Dev",
      "helpful": "0",
      "polarity": "",
      "rate": 5,
      "response": "",
      "response_date": "",
      "review": "It's awesome.. added new collage",
      "review_date": [
        "December",
        "30",
        " 2016"
      ]
    },
    {
      "REQ_subtype": "",
      "REQ_type": "",
      "_id": 25,
      "author_id": "not defined",
      "author_name": "Matt Cowles",
      "helpful": "1",
      "polarity": "",
      "rate": 4,
      "response": "",
      "response_date": "",
      "review": "Easy to use and add text to.",
      "review_date": [
        "February",
        "22",
        " 2017"
      ]
    },
    {
      "REQ_subtype": "",
      "REQ_type": "",
      "_id": 26,
      "author_id": "not defined",
      "author_name": "Imae Abadiano",
      "helpful": "0",
      "polarity": "",
      "rate": 3,
      "response": "",
      "response_date": "",
      "review": "Update and more improvement please :)",
      "review_date": [
        "May",
        "30",
        " 2018"
      ]
    },
    {
      "REQ_subtype": "",
      "REQ_type": "",
      "_id": 27,
      "author_id": "not defined",
      "author_name": "Johnny Casals",
      "helpful": "0",
      "polarity": "",
      "rate": 5,
      "response": "",
      "response_date": "",
      "review": "Gets you really great results! Very easy to use.",
      "review_date": [
        "November",
        "25",
        " 2017"
      ]
    },
    {
      "REQ_subtype": "",
      "REQ_type": "",
      "_id": 28,
      "author_id": "not defined",
      "author_name": "N Jacob T Bundor",
      "helpful": "1",
      "polarity": "",
      "rate": 4,
      "response": "",
      "response_date": "",
      "review": "Good app. Simply to used.",
      "review_date": [
        "March",
        "27",
        " 2017"
      ]
    },
    {
      "REQ_subtype": "",
      "REQ_type": "",
      "_id": 29,
      "author_id": "not defined",
      "author_name": "Rajib Gurung",
      "helpful": "0",
      "polarity": "",
      "rate": 5,
      "response": "",
      "response_date": "",
      "review": "Ramon Rajib Gurung",
      "review_date": [
        "August",
        "4",
        " 2017"
      ]
    },
    {
      "REQ_subtype": "",
      "REQ_type": "",
      "_id": 30,
      "author_id": "not defined",
      "author_name": "\u0924\u0915\u094d\u0937\u0936\u093f\u0932\u093e Clear your vision here",
      "helpful": "0",
      "polarity": "",
      "rate": 4,
      "response": "",
      "response_date": "",
      "review": "Easy to use ... And good collage app keep it up.",
      "review_date": [
        "June",
        "24",
        " 2017"
      ]
    },
    {
      "REQ_subtype": "",
      "REQ_type": "",
      "_id": 31,
      "author_id": "not defined",
      "author_name": "Jennifer",
      "helpful": "0",
      "polarity": "",
      "rate": 5,
      "response": "",
      "response_date": "",
      "review": "I've been using this app for years. I love it!",
      "review_date": [
        "April",
        "18",
        " 2018"
      ]
    },
    {
      "REQ_subtype": "",
      "REQ_type": "",
      "_id": 32,
      "author_id": "not defined",
      "author_name": "Elam Mgaga",
      "helpful": "0",
      "polarity": "",
      "rate": 5,
      "response": "",
      "response_date": "",
      "review": "Dope 100%",
      "review_date": [
        "June",
        "10",
        " 2017"
      ]
    },
    {
      "REQ_subtype": "",
      "REQ_type": "",
      "_id": 33,
      "author_id": "not defined",
      "author_name": "Brad Rainey",
      "helpful": "0",
      "polarity": "",
      "rate": 5,
      "response": "",
      "response_date": "",
      "review": "Won't fix the paid version.....",
      "review_date": [
        "May",
        "31",
        " 2018"
      ]
    },
    {
      "REQ_subtype": "",
      "REQ_type": "",
      "_id": 34,
      "author_id": "not defined",
      "author_name": "Antoine Rembert",
      "helpful": "1",
      "polarity": "",
      "rate": 4,
      "response": "",
      "response_date": "",
      "review": "It's kool \ud83d\ude0e",
      "review_date": [
        "January",
        "25",
        " 2017"
      ]
    },
    {
      "REQ_subtype": "",
      "REQ_type": "",
      "_id": 35,
      "author_id": "not defined",
      "author_name": "Ebony Howell",
      "helpful": "1",
      "polarity": "",
      "rate": 5,
      "response": "",
      "response_date": "",
      "review": "Simple and easy to use",
      "review_date": [
        "February",
        "18",
        " 2017"
      ]
    },
    {
      "REQ_subtype": "",
      "REQ_type": "",
      "_id": 36,
      "author_id": "not defined",
      "author_name": "Nellie Rivera",
      "helpful": "0",
      "polarity": "",
      "rate": 4,
      "response": "",
      "response_date": "",
      "review": "Great just need more selection",
      "review_date": [
        "May",
        "30",
        " 2017"
      ]
    },
    {
      "REQ_subtype": "",
      "REQ_type": "",
      "_id": 37,
      "author_id": "not defined",
      "author_name": "barbie270456",
      "helpful": "0",
      "polarity": "",
      "rate": 5,
      "response": "",
      "response_date": "",
      "review": "No complaints..had this a while now",
      "review_date": [
        "November",
        "18",
        " 2017"
      ]
    },
    {
      "REQ_subtype": "",
      "REQ_type": "",
      "_id": 38,
      "author_id": "not defined",
      "author_name": "A Google user",
      "helpful": "0",
      "polarity": "",
      "rate": 5,
      "response": "",
      "response_date": "",
      "review": "I enjoy using  KD Collage.... Wonderful",
      "review_date": [
        "April",
        "16",
        " 2017"
      ]
    },
    {
      "REQ_subtype": "",
      "REQ_type": "",
      "_id": 39,
      "author_id": "not defined",
      "author_name": "Penang HoJiak",
      "helpful": "0",
      "polarity": "",
      "rate": 5,
      "response": "",
      "response_date": "",
      "review": "Great simple app. Love it",
      "review_date": [
        "July",
        "25",
        " 2017"
      ]
    },
    {
      "REQ_subtype": "",
      "REQ_type": "",
      "_id": 40,
      "author_id": "not defined",
      "author_name": "Manjushree Ray",
      "helpful": "0",
      "polarity": "",
      "rate": 5,
      "response": "",
      "response_date": "",
      "review": "Simple and easy collage maker",
      "review_date": [
        "June",
        "11",
        " 2017"
      ]
    },
    {
      "REQ_subtype": "",
      "REQ_type": "",
      "_id": 41,
      "author_id": "not defined",
      "author_name": "Pearl Dsouza",
      "helpful": "1",
      "polarity": "",
      "rate": 5,
      "response": "",
      "response_date": "",
      "review": "Very cool..",
      "review_date": [
        "January",
        "9",
        " 2017"
      ]
    },
    {
      "REQ_subtype": "",
      "REQ_type": "",
      "_id": 42,
      "author_id": "not defined",
      "author_name": "A Google user",
      "helpful": "0",
      "polarity": "",
      "rate": 5,
      "response": "",
      "response_date": "",
      "review": "Easy to use for simple editing",
      "review_date": [
        "September",
        "10",
        " 2017"
      ]
    },
    {
      "REQ_subtype": "",
      "REQ_type": "",
      "_id": 43,
      "author_id": "not defined",
      "author_name": "Lisa Carmona",
      "helpful": "0",
      "polarity": "",
      "rate": 5,
      "response": "",
      "response_date": "",
      "review": "Love it been using it for years",
      "review_date": [
        "April",
        "23",
        " 2017"
      ]
    },
    {
      "REQ_subtype": "",
      "REQ_type": "",
      "_id": 44,
      "author_id": "not defined",
      "author_name": "weedah jappie",
      "helpful": "0",
      "polarity": "",
      "rate": 5,
      "response": "",
      "response_date": "",
      "review": "Wonderful App... I love it!!!",
      "review_date": [
        "October",
        "16",
        " 2017"
      ]
    },
    {
      "REQ_subtype": "",
      "REQ_type": "",
      "_id": 45,
      "author_id": "not defined",
      "author_name": "Yoj Aniceth",
      "helpful": "0",
      "polarity": "",
      "rate": 5,
      "response": "",
      "response_date": "",
      "review": "It's simple and fun",
      "review_date": [
        "June",
        "29",
        " 2018"
      ]
    },
    {
      "REQ_subtype": "",
      "REQ_type": "",
      "_id": 46,
      "author_id": "not defined",
      "author_name": "Juma Ali",
      "helpful": "0",
      "polarity": "",
      "rate": 5,
      "response": "",
      "response_date": "",
      "review": "It's fine.i like it",
      "review_date": [
        "June",
        "9",
        " 2017"
      ]
    },
    {
      "REQ_subtype": "",
      "REQ_type": "",
      "_id": 47,
      "author_id": "not defined",
      "author_name": "Grace LIN",
      "helpful": "0",
      "polarity": "",
      "rate": 4,
      "response": "",
      "response_date": "",
      "review": "Fun to create memories",
      "review_date": [
        "August",
        "12",
        " 2017"
      ]
    },
    {
      "REQ_subtype": "",
      "REQ_type": "",
      "_id": 48,
      "author_id": "not defined",
      "author_name": "mohammad Kamal",
      "helpful": "0",
      "polarity": "",
      "rate": 5,
      "response": "",
      "response_date": "",
      "review": "Best collage app",
      "review_date": [
        "August",
        "15",
        " 2017"
      ]
    },
    {
      "REQ_subtype": "",
      "REQ_type": "",
      "_id": 49,
      "author_id": "not defined",
      "author_name": "Mark Rogers",
      "helpful": "0",
      "polarity": "",
      "rate": 5,
      "response": "",
      "response_date": "",
      "review": "Very Good app",
      "review_date": [
        "June",
        "4",
        " 2018"
      ]
    },
    {
      "REQ_subtype": "",
      "REQ_type": "",
      "_id": 50,
      "author_id": "not defined",
      "author_name": "A Google user",
      "helpful": "1",
      "polarity": "",
      "rate": 4,
      "response": "",
      "response_date": "",
      "review": "Fantastic app",
      "review_date": [
        "March",
        "3",
        " 2017"
      ]
    },
    {
      "REQ_subtype": "",
      "REQ_type": "",
      "_id": 51,
      "author_id": "not defined",
      "author_name": "A Google user",
      "helpful": "1",
      "polarity": "",
      "rate": 5,
      "response": "",
      "response_date": "",
      "review": "Easy to use",
      "review_date": [
        "February",
        "4",
        " 2017"
      ]
    },
    {
      "REQ_subtype": "",
      "REQ_type": "",
      "_id": 52,
      "author_id": "not defined",
      "author_name": "aris tiyanto",
      "helpful": "0",
      "polarity": "",
      "rate": 5,
      "response": "",
      "response_date": "",
      "review": "Ok",
      "review_date": [
        "December",
        "21",
        " 2017"
      ]
    },
    {
      "REQ_subtype": "",
      "REQ_type": "",
      "_id": 53,
      "author_id": "not defined",
      "author_name": "Maria Lucia Chu",
      "helpful": "0",
      "polarity": "",
      "rate": 5,
      "response": "",
      "response_date": "",
      "review": "Love it!!",
      "review_date": [
        "April",
        "20",
        " 2018"
      ]
    },
    {
      "REQ_subtype": "",
      "REQ_type": "",
      "_id": 54,
      "author_id": "not defined",
      "author_name": "kenneth jagon",
      "helpful": "0",
      "polarity": "",
      "rate": 5,
      "response": "",
      "response_date": "",
      "review": "Easy to use...",
      "review_date": [
        "November",
        "14",
        " 2017"
      ]
    },
    {
      "REQ_subtype": "",
      "REQ_type": "",
      "_id": 55,
      "author_id": "not defined",
      "author_name": "A Google user",
      "helpful": "0",
      "polarity": "",
      "rate": 5,
      "response": "",
      "response_date": "",
      "review": "Good app",
      "review_date": [
        "August",
        "14",
        " 2017"
      ]
    },
    {
      "REQ_subtype": "",
      "REQ_type": "",
      "_id": 56,
      "author_id": "not defined",
      "author_name": "Tatenda Gonorashe",
      "helpful": "0",
      "polarity": "",
      "rate": 5,
      "response": "",
      "response_date": "",
      "review": "Love this app",
      "review_date": [
        "October",
        "19",
        " 2017"
      ]
    },
    {
      "REQ_subtype": "",
      "REQ_type": "",
      "_id": 57,
      "author_id": "not defined",
      "author_name": "Maryam fj41",
      "helpful": "2",
      "polarity": "",
      "rate": 5,
      "response": "",
      "response_date": "",
      "review": "Nice",
      "review_date": [
        "December",
        "16",
        " 2016"
      ]
    },
    {
      "REQ_subtype": "",
      "REQ_type": "",
      "_id": 58,
      "author_id": "not defined",
      "author_name": "Kisha R. Anderson",
      "helpful": "1",
      "polarity": "",
      "rate": 5,
      "response": "",
      "response_date": "",
      "review": "Love it",
      "review_date": [
        "March",
        "6",
        " 2017"
      ]
    },
    {
      "REQ_subtype": "",
      "REQ_type": "",
      "_id": 59,
      "author_id": "not defined",
      "author_name": "hayley wade",
      "helpful": "1",
      "polarity": "",
      "rate": 4,
      "response": "",
      "response_date": "",
      "review": "Brilliant",
      "review_date": [
        "January",
        "2",
        " 2017"
      ]
    },
    {
      "REQ_subtype": "",
      "REQ_type": "",
      "_id": 60,
      "author_id": "not defined",
      "author_name": "B Rose Sams",
      "helpful": "0",
      "polarity": "",
      "rate": 5,
      "response": "",
      "response_date": "",
      "review": "Great",
      "review_date": [
        "April",
        "24",
        " 2017"
      ]
    },
    {
      "REQ_subtype": "",
      "REQ_type": "",
      "_id": 61,
      "author_id": "not defined",
      "author_name": "victor madziva",
      "helpful": "0",
      "polarity": "",
      "rate": 5,
      "response": "",
      "response_date": "",
      "review": "Nice",
      "review_date": [
        "July",
        "5",
        " 2017"
      ]
    },
    {
      "REQ_subtype": "",
      "REQ_type": "",
      "_id": 62,
      "author_id": "not defined",
      "author_name": "Garrett Hayashida",
      "helpful": "2",
      "polarity": "",
      "rate": 1,
      "response": "",
      "response_date": "",
      "review": "Does this app work with Nougat (7.0)?  Adding pics only works when selecting \"Other Apps / Documents\" and whenever I try to save I get an error.",
      "review_date": [
        "December",
        "9",
        " 2016"
      ]
    },
    {
      "REQ_subtype": "",
      "REQ_type": "",
      "_id": 63,
      "author_id": "not defined",
      "author_name": "Sana Kagermes",
      "helpful": "3",
      "polarity": "",
      "rate": 2,
      "response": "",
      "response_date": "",
      "review": "Not able to add images from gallery anymore",
      "review_date": [
        "December",
        "3",
        " 2016"
      ]
    },
    {
      "REQ_subtype": "",
      "REQ_type": "",
      "_id": 64,
      "author_id": "not defined",
      "author_name": "Prashant Patil",
      "helpful": "0",
      "polarity": "",
      "rate": 1,
      "response": "",
      "response_date": "",
      "review": "Bad apps gallery does not open proper way",
      "review_date": [
        "December",
        "12",
        " 2016"
      ]
    },
    {
      "REQ_subtype": "",
      "REQ_type": "",
      "_id": 65,
      "author_id": "not defined",
      "author_name": "CanSandra Joyner",
      "helpful": "2",
      "polarity": "",
      "rate": 5,
      "response": "",
      "response_date": "",
      "review": "Needs more options for stamps & can't use emojis",
      "review_date": [
        "November",
        "26",
        " 2016"
      ]
    },
    {
      "REQ_subtype": "",
      "REQ_type": "",
      "_id": 66,
      "author_id": "not defined",
      "author_name": "Ims Amour",
      "helpful": "1",
      "polarity": "",
      "rate": 5,
      "response": "",
      "response_date": "",
      "review": "Simple and easy to use!",
      "review_date": [
        "December",
        "6",
        " 2016"
      ]
    },
    {
      "REQ_subtype": "",
      "REQ_type": "",
      "_id": 67,
      "author_id": "not defined",
      "author_name": "Parthina Thompson",
      "helpful": "0",
      "polarity": "",
      "rate": 1,
      "response": "",
      "response_date": "",
      "review": "Cant save my colleagues",
      "review_date": [
        "December",
        "11",
        " 2016"
      ]
    },
    {
      "REQ_subtype": "",
      "REQ_type": "",
      "_id": 68,
      "author_id": "not defined",
      "author_name": "Ariel Rush",
      "helpful": "0",
      "polarity": "",
      "rate": 5,
      "response": "",
      "response_date": "",
      "review": "I don't use any other app.",
      "review_date": [
        "November",
        "24",
        " 2016"
      ]
    },
    {
      "REQ_subtype": "",
      "REQ_type": "",
      "_id": 69,
      "author_id": "not defined",
      "author_name": "Tiffany Gall",
      "helpful": "0",
      "polarity": "",
      "rate": 2,
      "response": "",
      "response_date": "",
      "review": "Images won't upload anymore",
      "review_date": [
        "December",
        "8",
        " 2016"
      ]
    },
    {
      "REQ_subtype": "",
      "REQ_type": "",
      "_id": 70,
      "author_id": "not defined",
      "author_name": "Maria M Vazquez",
      "helpful": "0",
      "polarity": "",
      "rate": 5,
      "response": "",
      "response_date": "",
      "review": "Great app, it's fun to use it!",
      "review_date": [
        "December",
        "14",
        " 2016"
      ]
    },
    {
      "REQ_subtype": "",
      "REQ_type": "",
      "_id": 71,
      "author_id": "not defined",
      "author_name": "Iqra Qasim",
      "helpful": "0",
      "polarity": "",
      "rate": 5,
      "response": "",
      "response_date": "",
      "review": "Highly recommended",
      "review_date": [
        "December",
        "17",
        " 2016"
      ]
    },
    {
      "REQ_subtype": "",
      "REQ_type": "",
      "_id": 72,
      "author_id": "not defined",
      "author_name": "lorie Zachary",
      "helpful": "0",
      "polarity": "",
      "rate": 5,
      "response": "",
      "response_date": "",
      "review": "Best collage App, easy to use",
      "review_date": [
        "November",
        "28",
        " 2016"
      ]
    },
    {
      "REQ_subtype": "",
      "REQ_type": "",
      "_id": 73,
      "author_id": "not defined",
      "author_name": "Lydia Sam",
      "helpful": "0",
      "polarity": "",
      "rate": 1,
      "response": "",
      "response_date": "",
      "review": "No good",
      "review_date": [
        "December",
        "12",
        " 2016"
      ]
    },
    {
      "REQ_subtype": "",
      "REQ_type": "",
      "_id": 74,
      "author_id": "not defined",
      "author_name": "Amit Malhotra",
      "helpful": "0",
      "polarity": "",
      "rate": 4,
      "response": "",
      "response_date": "",
      "review": "Awesome",
      "review_date": [
        "November",
        "24",
        " 2016"
      ]
    },
    {
      "REQ_subtype": "",
      "REQ_type": "",
      "_id": 75,
      "author_id": "not defined",
      "author_name": "Dawn Shield",
      "helpful": "0",
      "polarity": "",
      "rate": 5,
      "response": "",
      "response_date": "",
      "review": "I've used KD Collage before many many times and I'll be the first to say that it's exceeded my needs in a collage maker. I believe that it is the best app out there for creating collages and know personal friends who can back that it up. However, ever since getting my new phone, an HTC Desire 510, I've been unable to save the collages I create to my phone. I'd really appreciate it if something was done about this. KD Collage is my number one source for the best collages, but this issue needs to be fixed.",
      "review_date": [
        "August",
        "12",
        " 2015"
      ]
    },
    {
      "REQ_subtype": "",
      "REQ_type": "",
      "_id": 76,
      "author_id": "not defined",
      "author_name": "Justine Kroll",
      "helpful": "8",
      "polarity": "",
      "rate": 2,
      "response": "",
      "response_date": "",
      "review": "This was my favourite photo app I've ever had. I use it regularly, but after the most recent update there seems to be a glitch. When I click on a photo from my gallery to add to a college it doesn't work and keeps coming out blank. I've tried different photos. I uninstalled the app and reinstalled, but it unfortunately still isn't working. If you could fix this, my rating will be 5 stars again. Thank you.",
      "review_date": [
        "November",
        "12",
        " 2015"
      ]
    },
    {
      "REQ_subtype": "",
      "REQ_type": "",
      "_id": 77,
      "author_id": "not defined",
      "author_name": "Creative Gift Shop",
      "helpful": "0",
      "polarity": "",
      "rate": 2,
      "response": "",
      "response_date": "",
      "review": "I love this app and i am using it since 3years now. But i dont know why from last week when i changed my phone and got a new one. This app working amazing but the saved images are not opening as a jpeg format in computer which earlier used to be good",
      "review_date": [
        "June",
        "15",
        " 2016"
      ]
    },
    {
      "REQ_subtype": "",
      "REQ_type": "",
      "_id": 78,
      "author_id": "not defined",
      "author_name": "Jamie Kosh",
      "helpful": "6",
      "polarity": "",
      "rate": 4,
      "response": "",
      "response_date": "",
      "review": "I love this app! It allows me to side by side my pics. My only complaint is that picture/collage storage is not independent of my phones photo gallery (such that if I delete a pic frm my phone it will no longer appear in my saved collages)...",
      "review_date": [
        "November",
        "4",
        " 2014"
      ]
    },
    {
      "REQ_subtype": "",
      "REQ_type": "",
      "_id": 79,
      "author_id": "not defined",
      "author_name": "Edward",
      "helpful": "0",
      "polarity": "",
      "rate": 4,
      "response": "",
      "response_date": "",
      "review": "Good interface. Easy to use. A couple of suggestions. 1) resize needs to be by pinching instead of a tiny wheel. 2) separate resize from rotate.  With both being on the same function it makes alignment difficult because it resizes often too or vice versa. That's the only reason for 4 stars so far.",
      "review_date": [
        "March",
        "20",
        " 2015"
      ]
    },
    {
      "REQ_subtype": "",
      "REQ_type": "",
      "_id": 80,
      "author_id": "not defined",
      "author_name": "Janis Bertrands",
      "helpful": "1",
      "polarity": "",
      "rate": 2,
      "response": "",
      "response_date": "",
      "review": "Looks like these guys have a decent collage engine which is then let down by a pretty terrible interface (adjust setting on the bottom, apply or cancel on top, really?), non real time updates, weird slowdown (might be due to ads) that seems to often invalidate your taps and general awkwardness. I'm glad it isn't another aviary based ad mill, but being like this in 2016 isn't much better.",
      "review_date": [
        "March",
        "29",
        " 2016"
      ]
    },
    {
      "REQ_subtype": "",
      "REQ_type": "",
      "_id": 81,
      "author_id": "not defined",
      "author_name": "Rachel Martinez",
      "helpful": "8",
      "polarity": "",
      "rate": 5,
      "response": "",
      "response_date": "",
      "review": "KD Collage is my most favorite editing app for pictures. I freakin LOVE this app!!! Amazing!! However, one thing I want to address is what's the point in saving your finished collages as favorites when they don't really save? I went to go edit a few, and my text & pictures were completely gone!! I would be completely happy if this was somehow fixed!!",
      "review_date": [
        "June",
        "12",
        " 2014"
      ]
    },
    {
      "REQ_subtype": "",
      "REQ_type": "",
      "_id": 82,
      "author_id": "not defined",
      "author_name": "Karen Calder",
      "helpful": "0",
      "polarity": "",
      "rate": 2,
      "response": "",
      "response_date": "",
      "review": "Took the time to install app. Created a few collages. NONE of them saved! Uninstalling now! Very disappointed. A good concept but it doesn't work.  Have found the images in my gallery but cannot edit them. Still uninstalling",
      "review_date": [
        "July",
        "2",
        " 2014"
      ]
    },
    {
      "REQ_subtype": "",
      "REQ_type": "",
      "_id": 83,
      "author_id": "not defined",
      "author_name": "A Google user",
      "helpful": "0",
      "polarity": "",
      "rate": 1,
      "response": "",
      "response_date": "",
      "review": "I've had this for a while until it started crashing, not saving collages, and freezes my phone! I gave it a second chance hoping out was fixed but nope. Don't waste your time.",
      "review_date": [
        "November",
        "14",
        " 2014"
      ]
    },
    {
      "REQ_subtype": "",
      "REQ_type": "",
      "_id": 84,
      "author_id": "not defined",
      "author_name": "Jolene Groth",
      "helpful": "1",
      "polarity": "",
      "rate": 2,
      "response": "",
      "response_date": "",
      "review": "I've had this app for years. And loved it. Never used another. But after update pics stopped saving unless I sent them to myself instead of saving. Very disappointed Please fix ASAP",
      "review_date": [
        "April",
        "6",
        " 2015"
      ]
    },
    {
      "REQ_subtype": "",
      "REQ_type": "",
      "_id": 85,
      "author_id": "not defined",
      "author_name": "Celeste Aragon",
      "helpful": "1",
      "polarity": "",
      "rate": 3,
      "response": "",
      "response_date": "",
      "review": "It's not saving to my gallery and I'm getting mad cause I need it for something important. You're making me look bad stupid KD collage",
      "review_date": [
        "July",
        "30",
        " 2014"
      ]
    },
    {
      "REQ_subtype": "",
      "REQ_type": "",
      "_id": 86,
      "author_id": "not defined",
      "author_name": "Nicole Slater",
      "helpful": "1",
      "polarity": "",
      "rate": 1,
      "response": "",
      "response_date": "",
      "review": "I've had this app for like two years, used to work great, but SUCKS now. It takes forever to load just getting into the app, then when you choose a collage and then when you choose photos. It can take an hour when it used to take minutes. Very disappointed.",
      "review_date": [
        "February",
        "22",
        " 2015"
      ]
    },
    {
      "REQ_subtype": "",
      "REQ_type": "",
      "_id": 87,
      "author_id": "not defined",
      "author_name": "Erica Teel",
      "helpful": "1",
      "polarity": "",
      "rate": 2,
      "response": "",
      "response_date": "",
      "review": "When I first downloaded this app, I fell in love with it. It has the best collage grids I have seen thus far. However, I have been experiencing a few problems lately. My collages aren't being saved. I uninstalled & then reinstalled the app & I am still having that issue. I tried deleting My collages to make room for new ones, but they won't allow me to delete. Please fix so I can enjoy this act again.",
      "review_date": [
        "August",
        "21",
        " 2014"
      ]
    },
    {
      "REQ_subtype": "",
      "REQ_type": "",
      "_id": 88,
      "author_id": "not defined",
      "author_name": "Heather Moser",
      "helpful": "0",
      "polarity": "",
      "rate": 2,
      "response": "",
      "response_date": "",
      "review": "Doesn't save the collage properly even when it says it has successfully. Needs fixed!! 1/5 stars, could rate lower if I were allowed.",
      "review_date": [
        "July",
        "20",
        " 2014"
      ]
    },
    {
      "REQ_subtype": "",
      "REQ_type": "",
      "_id": 89,
      "author_id": "not defined",
      "author_name": "Amanda Marroquin",
      "helpful": "0",
      "polarity": "",
      "rate": 4,
      "response": "",
      "response_date": "",
      "review": "I use it alot... But only thing I dislike it doesn't save any that I made, thank goodness it saves to my phone....",
      "review_date": [
        "September",
        "7",
        " 2014"
      ]
    },
    {
      "REQ_subtype": "",
      "REQ_type": "",
      "_id": 90,
      "author_id": "not defined",
      "author_name": "Brianna Bennett",
      "helpful": "0",
      "polarity": "",
      "rate": 5,
      "response": "",
      "response_date": "",
      "review": "Great app! Only problem is that it won't save to favorites. I would love to see some cool new features one day too. Other than that it's the best collage app I've seen by far. I've made some really cute and cool pictures. :)",
      "review_date": [
        "February",
        "16",
        " 2015"
      ]
    },
    {
      "REQ_subtype": "",
      "REQ_type": "",
      "_id": 91,
      "author_id": "not defined",
      "author_name": "Lyndsey Yvonne Darwin- Spooner",
      "helpful": "0",
      "polarity": "",
      "rate": 1,
      "response": "",
      "response_date": "",
      "review": "I actually purchased the pro version in 2013- I used to love it. I've had Android 4.3 for over a year, yet for some reason lately instead of saving the pictures, like it says it is, it saves a black jpg. I wasted so much time making pictures just to find out NONE SAVED! I checked all my settings, checked to see if I missed an update (I didn't), so I uninstalled and tried the free verson. Equally as bad... well worse actually because it has ads! Don't bother.",
      "review_date": [
        "March",
        "12",
        " 2015"
      ]
    },
    {
      "REQ_subtype": "",
      "REQ_type": "",
      "_id": 92,
      "author_id": "not defined",
      "author_name": "Cherie Hamilton-Buckingham",
      "helpful": "4",
      "polarity": "",
      "rate": 4,
      "response": "",
      "response_date": "",
      "review": "I've been using this app for a long time and love it! Easy to use and even in standard mode,  the pic collages look great! I would def recommend this app to anyone! Ps\u2026 there's always somethings that can be improved\u2026 I'm sure they'll get around to making updates and adding features. \ud83d\ude09\u2026 patience\u2026",
      "review_date": [
        "July",
        "30",
        " 2014"
      ]
    },
    {
      "REQ_subtype": "",
      "REQ_type": "",
      "_id": 93,
      "author_id": "not defined",
      "author_name": "Eulicer Sanchez",
      "helpful": "0",
      "polarity": "",
      "rate": 5,
      "response": "",
      "response_date": "",
      "review": "I have tried this app for a while and also I had to uninstalled it because was giving me an error message saving.. The I installed it again and now is working just fine.. Loving it.",
      "review_date": [
        "July",
        "11",
        " 2014"
      ]
    },
    {
      "REQ_subtype": "",
      "REQ_type": "",
      "_id": 94,
      "author_id": "not defined",
      "author_name": "Evanie Villacura Mcdonough",
      "helpful": "0",
      "polarity": "",
      "rate": 4,
      "response": "",
      "response_date": "",
      "review": "Its not that amazing or the better but its nice coz u can collage more pictures. Its just that  theres no edits.. i mean ,, more light for dark pictures, wharever chuchu.XD..",
      "review_date": [
        "October",
        "23",
        " 2014"
      ]
    },
    {
      "REQ_subtype": "",
      "REQ_type": "",
      "_id": 95,
      "author_id": "not defined",
      "author_name": "TheEpicToyReviewer 345",
      "helpful": "26",
      "polarity": "",
      "rate": 4,
      "response": "",
      "response_date": "",
      "review": "The only thing I hate about this is the text, pls give us different cool fonts to pick from if you do that I would love it and rate it 5 stars.",
      "review_date": [
        "August",
        "25",
        " 2014"
      ]
    },
    {
      "REQ_subtype": "",
      "REQ_type": "",
      "_id": 96,
      "author_id": "not defined",
      "author_name": "Jenn Alfabeto",
      "helpful": "0",
      "polarity": "",
      "rate": 2,
      "response": "",
      "response_date": "",
      "review": "Been using this app for almost a year but since my android updated to 4.4.2, it became a mess!!! Its not responding, blacks out, shuts out, does not save. Uninstalled it. Will wait for the fix. I hope.",
      "review_date": [
        "August",
        "21",
        " 2014"
      ]
    },
    {
      "REQ_subtype": "",
      "REQ_type": "",
      "_id": 97,
      "author_id": "not defined",
      "author_name": "Mar Romero",
      "helpful": "0",
      "polarity": "",
      "rate": 5,
      "response": "",
      "response_date": "",
      "review": "The best app I've used... just a little comment.. please make more stickers that's the only thing that is missing. ;)",
      "review_date": [
        "July",
        "25",
        " 2014"
      ]
    },
    {
      "REQ_subtype": "",
      "REQ_type": "",
      "_id": 98,
      "author_id": "not defined",
      "author_name": "Rosina Islam",
      "helpful": "0",
      "polarity": "",
      "rate": 5,
      "response": "",
      "response_date": "",
      "review": "I have looking for something like this and I finally got it. It is super simple and really easy to use. Who ever said this is bad needs to look again. Once again it is so amazing.",
      "review_date": [
        "August",
        "26",
        " 2014"
      ]
    },
    {
      "REQ_subtype": "",
      "REQ_type": "",
      "_id": 99,
      "author_id": "not defined",
      "author_name": "Niki Akhavan",
      "helpful": "0",
      "polarity": "",
      "rate": 1,
      "response": "",
      "response_date": "",
      "review": "It doesnt work at all 4 new v. Updated android 4.4.2 Plzzzz update is sooonnnnn",
      "review_date": [
        "September",
        "1",
        " 2015"
      ]
    },
    {
      "REQ_subtype": "",
      "REQ_type": "",
      "_id": 100,
      "author_id": "not defined",
      "author_name": "David Hernandez",
      "helpful": "0",
      "polarity": "",
      "rate": 5,
      "response": "",
      "response_date": "",
      "review": "I loved it till now. It won't save collages anymore. I was going to buy the pro version,  but with this incident I don't think so :( Unless it is fixed.",
      "review_date": [
        "June",
        "16",
        " 2014"
      ]
    },
    {
      "REQ_subtype": "",
      "REQ_type": "",
      "_id": 101,
      "author_id": "not defined",
      "author_name": "Andy M",
      "helpful": "0",
      "polarity": "",
      "rate": 5,
      "response": "",
      "response_date": "",
      "review": "I have no complaint so far. The best collage app I've tried, and it served it's purpose for such a small app compared to other overbloated popular apps. And you have control over your collage, so it's a very good app. Kudos to dev.",
      "review_date": [
        "June",
        "8",
        " 2015"
      ]
    },
    {
      "REQ_subtype": "",
      "REQ_type": "",
      "_id": 102,
      "author_id": "not defined",
      "author_name": "Gbenga Olowu",
      "helpful": "0",
      "polarity": "",
      "rate": 5,
      "response": "",
      "response_date": "",
      "review": "I love all have done with it. In fact, I had to redownload it after I have tried other but not satisfied. Keep it up!",
      "review_date": [
        "March",
        "7",
        " 2015"
      ]
    },
    {
      "REQ_subtype": "",
      "REQ_type": "",
      "_id": 103,
      "author_id": "not defined",
      "author_name": "April Joyce Fuentes",
      "helpful": "2",
      "polarity": "",
      "rate": 4,
      "response": "",
      "response_date": "",
      "review": "This app is the best! very easy to use and has lots of templates! The only thing is i can't find it on iphone app store. why :(",
      "review_date": [
        "June",
        "25",
        " 2014"
      ]
    },
    {
      "REQ_subtype": "",
      "REQ_type": "",
      "_id": 104,
      "author_id": "not defined",
      "author_name": "Stephanie Ng",
      "helpful": "0",
      "polarity": "",
      "rate": 2,
      "response": "",
      "response_date": "",
      "review": "This is the first collage apps i have ever love! I hope you can make a lot of multi collage! Overall, 5 stars for you! This apps is overdose!",
      "review_date": [
        "July",
        "16",
        " 2014"
      ]
    },
    {
      "REQ_subtype": "",
      "REQ_type": "",
      "_id": 105,
      "author_id": "not defined",
      "author_name": "Abhinav Soni",
      "helpful": "0",
      "polarity": "",
      "rate": 5,
      "response": "",
      "response_date": "",
      "review": "Nice app.. I wanna buy this app Pro version but not able to pay amount.. Always showing error... Please fix it..\u263a\u263a",
      "review_date": [
        "October",
        "29",
        " 2015"
      ]
    },
    {
      "REQ_subtype": "",
      "REQ_type": "",
      "_id": 106,
      "author_id": "not defined",
      "author_name": "Caroline Lavender",
      "helpful": "0",
      "polarity": "",
      "rate": 5,
      "response": "",
      "response_date": "",
      "review": "Tried a few different apps before this one. This one you can actually change the size of text easily, on other apps it was impossible to do on a mobile phone screen",
      "review_date": [
        "October",
        "10",
        " 2014"
      ]
    },
    {
      "REQ_subtype": "",
      "REQ_type": "",
      "_id": 107,
      "author_id": "not defined",
      "author_name": "Sanjay Kumar",
      "helpful": "1",
      "polarity": "",
      "rate": 5,
      "response": "",
      "response_date": "",
      "review": "By far the best collage app by distance, some of the templates here are superb. Keep up the gr8 work guys",
      "review_date": [
        "July",
        "8",
        " 2015"
      ]
    },
    {
      "REQ_subtype": "",
      "REQ_type": "",
      "_id": 108,
      "author_id": "not defined",
      "author_name": "Skylar Annette",
      "helpful": "0",
      "polarity": "",
      "rate": 3,
      "response": "",
      "response_date": "",
      "review": "I've had this app for over a year and this year its starting to become annoying. Once I pick which collage type I want, I go to the list of which albums I want photos from. Then I look for photos and several copies of two or three different photos replace what I'm trying to use and its irritating. Please fix the issue. I really don't want to uninstall it.",
      "review_date": [
        "June",
        "17",
        " 2014"
      ]
    },
    {
      "REQ_subtype": "",
      "REQ_type": "",
      "_id": 109,
      "author_id": "not defined",
      "author_name": "A Google user",
      "helpful": "0",
      "polarity": "",
      "rate": 4,
      "response": "",
      "response_date": "",
      "review": "Luv, luv, luv this app. Lacking 1 star because it won't allow pictures to print in a common size.",
      "review_date": [
        "October",
        "30",
        " 2014"
      ]
    },
    {
      "REQ_subtype": "",
      "REQ_type": "",
      "_id": 110,
      "author_id": "not defined",
      "author_name": "Melianne Raymond",
      "helpful": "1",
      "polarity": "",
      "rate": 5,
      "response": "",
      "response_date": "",
      "review": "Perfect if you don't have slit of space on your phone, lots of options and colors, the only problem it has is that you can't resize the picture. You can only zoom in and out, and it doesn't have stickers.",
      "review_date": [
        "April",
        "14",
        " 2015"
      ]
    },
    {
      "REQ_subtype": "",
      "REQ_type": "",
      "_id": 111,
      "author_id": "not defined",
      "author_name": "herhijabstory",
      "helpful": "0",
      "polarity": "",
      "rate": 5,
      "response": "",
      "response_date": "",
      "review": "I've tried so many collage apps and KD Collage still is my favourite one. It's easy to use and doesn't destroy the picture quality. Lovin' it! Thank you! \ud83d\ude0a",
      "review_date": [
        "December",
        "20",
        " 2015"
      ]
    },
    {
      "REQ_subtype": "",
      "REQ_type": "",
      "_id": 112,
      "author_id": "not defined",
      "author_name": "Official Lizana",
      "helpful": "0",
      "polarity": "",
      "rate": 4,
      "response": "",
      "response_date": "",
      "review": "I have tried other different apps only to find myself redownloading it again.....",
      "review_date": [
        "June",
        "17",
        " 2015"
      ]
    },
    {
      "REQ_subtype": "",
      "REQ_type": "",
      "_id": 113,
      "author_id": "not defined",
      "author_name": "Megan Marie.M",
      "helpful": "0",
      "polarity": "",
      "rate": 1,
      "response": "",
      "response_date": "",
      "review": "None of colleges saved! Used to be a good app now its a crap app, uninstalled",
      "review_date": [
        "July",
        "15",
        " 2014"
      ]
    },
    {
      "REQ_subtype": "",
      "REQ_type": "",
      "_id": 114,
      "author_id": "not defined",
      "author_name": "Jolena Harrigan",
      "helpful": "4",
      "polarity": "",
      "rate": 2,
      "response": "",
      "response_date": "",
      "review": "Used to love this app now all it does is stick, turns the screen black and does not allow you to save the pics...please fix..I see a lot of others are having the same problem..used to b my favorite collage app...",
      "review_date": [
        "June",
        "22",
        " 2014"
      ]
    },
    {
      "REQ_subtype": "",
      "REQ_type": "",
      "_id": 115,
      "author_id": "not defined",
      "author_name": "madhura dateer",
      "helpful": "7",
      "polarity": "",
      "rate": 3,
      "response": "",
      "response_date": "",
      "review": "Before i got the kitkat update.. this app would work really well.. bt aftrr the update the images do not get saved :(",
      "review_date": [
        "September",
        "4",
        " 2014"
      ]
    },
    {
      "REQ_subtype": "",
      "REQ_type": "",
      "_id": 116,
      "author_id": "not defined",
      "author_name": "Kayla's kawaii squishy",
      "helpful": "0",
      "polarity": "",
      "rate": 5,
      "response": "",
      "response_date": "",
      "review": "Its so cool compared to photogrid... So many collage templates to choose from. I super love it. And best of all its not so big app save a lot on my memory card!",
      "review_date": [
        "June",
        "13",
        " 2014"
      ]
    },
    {
      "REQ_subtype": "",
      "REQ_type": "",
      "_id": 117,
      "author_id": "not defined",
      "author_name": "t turner",
      "helpful": "0",
      "polarity": "",
      "rate": 1,
      "response": "",
      "response_date": "",
      "review": "If it saved my collages and have more collages to choose from id rate it 5 needs ti be fixed fast",
      "review_date": [
        "August",
        "20",
        " 2014"
      ]
    },
    {
      "REQ_subtype": "",
      "REQ_type": "",
      "_id": 118,
      "author_id": "not defined",
      "author_name": "Octavia James",
      "helpful": "0",
      "polarity": "",
      "rate": 1,
      "response": "",
      "response_date": "",
      "review": "It sucks. Doesn't even load up my pics anymore. Use to be cool.. but not anymore.",
      "review_date": [
        "August",
        "29",
        " 2014"
      ]
    },
    {
      "REQ_subtype": "",
      "REQ_type": "",
      "_id": 119,
      "author_id": "not defined",
      "author_name": "Teneisha Frazier",
      "helpful": "0",
      "polarity": "",
      "rate": 1,
      "response": "",
      "response_date": "",
      "review": "It use to be my favorite but the program has been freezing up for last 4 months. It won't let me make any colleges. Finally when the program does start up it freezes my phone and it doesn't save the colleges I get to make.",
      "review_date": [
        "August",
        "17",
        " 2014"
      ]
    },
    {
      "REQ_subtype": "",
      "REQ_type": "",
      "_id": 120,
      "author_id": "not defined",
      "author_name": "Miss Leek",
      "helpful": "0",
      "polarity": "",
      "rate": 4,
      "response": "",
      "response_date": "",
      "review": "I really like this app. I do a lot of personalized photos for people, and it helps to have a lot of templates to choose from. The only reason I rated it 4 stars is because you need new fonts and more designs for backgrounds! Good app! I would recommend it!",
      "review_date": [
        "December",
        "27",
        " 2014"
      ]
    },
    {
      "REQ_subtype": "",
      "REQ_type": "",
      "_id": 121,
      "author_id": "not defined",
      "author_name": "shalu arora",
      "helpful": "0",
      "polarity": "",
      "rate": 5,
      "response": "",
      "response_date": "",
      "review": "Ok thanx regrads the UK and I am in the UK and Ireland. With a bit of a new one. To be honest, I have been a while?",
      "review_date": [
        "June",
        "17",
        " 2014"
      ]
    },
    {
      "REQ_subtype": "",
      "REQ_type": "",
      "_id": 122,
      "author_id": "not defined",
      "author_name": "Alex Logaiski",
      "helpful": "0",
      "polarity": "",
      "rate": 1,
      "response": "",
      "response_date": "",
      "review": "It was my favorite app on Galaxy 3, now I have Galaxy s5 and always when I'm trying to open this app, it's stock and crush...also my phone start frozen...very despondent",
      "review_date": [
        "September",
        "27",
        " 2014"
      ]
    },
    {
      "REQ_subtype": "",
      "REQ_type": "",
      "_id": 123,
      "author_id": "not defined",
      "author_name": "Cynthia Florez",
      "helpful": "1",
      "polarity": "",
      "rate": 1,
      "response": "",
      "response_date": "",
      "review": "The updates killed this app absolutely sucks now deleting don't download; very slow, doesn't save, && sometimes it doesn't even open",
      "review_date": [
        "November",
        "2",
        " 2014"
      ]
    },
    {
      "REQ_subtype": "",
      "REQ_type": "",
      "_id": 124,
      "author_id": "not defined",
      "author_name": "Mama Nguea",
      "helpful": "3",
      "polarity": "",
      "rate": 1,
      "response": "",
      "response_date": "",
      "review": "Has just deleted all the collages that was saved on my phone favourites collumn...not impressed at all! :( :( please fix asap!",
      "review_date": [
        "June",
        "6",
        " 2014"
      ]
    },
    {
      "REQ_subtype": "",
      "REQ_type": "",
      "_id": 125,
      "author_id": "not defined",
      "author_name": "Janelle Hernandez",
      "helpful": "1",
      "polarity": "",
      "rate": 2,
      "response": "",
      "response_date": "",
      "review": "Ever since an update or something... it's not saving my files, it shows it as broken or unsupported file. & this is 1 of the main photo collage apps I use. Please fix it! HELP!",
      "review_date": [
        "July",
        "18",
        " 2014"
      ]
    },
    {
      "REQ_subtype": "",
      "REQ_type": "",
      "_id": 126,
      "author_id": "not defined",
      "author_name": "Krissy Zahorchak",
      "helpful": "0",
      "polarity": "",
      "rate": 2,
      "response": "",
      "response_date": "",
      "review": "I'm very disappointed... I used this app all the time I would have normally gave it a 4 but now all of a sudden it wont save anything. What's the point if it won't save what you make?",
      "review_date": [
        "September",
        "29",
        " 2014"
      ]
    },
    {
      "REQ_subtype": "",
      "REQ_type": "",
      "_id": 127,
      "author_id": "not defined",
      "author_name": "Simone Pillay",
      "helpful": "0",
      "polarity": "",
      "rate": 4,
      "response": "",
      "response_date": "",
      "review": "It's very good. Only thing is theres no stickers nd thing nd u cant add text on the pic's",
      "review_date": [
        "October",
        "4",
        " 2014"
      ]
    },
    {
      "REQ_subtype": "",
      "REQ_type": "",
      "_id": 128,
      "author_id": "not defined",
      "author_name": "Lori Rodriguez",
      "helpful": "0",
      "polarity": "",
      "rate": 2,
      "response": "",
      "response_date": "",
      "review": "Can never open without it crashing,  have try 4 to 5 times and it stays black for a long period of time.",
      "review_date": [
        "May",
        "24",
        " 2015"
      ]
    },
    {
      "REQ_subtype": "",
      "REQ_type": "",
      "_id": 129,
      "author_id": "not defined",
      "author_name": "Mili Verma",
      "helpful": "0",
      "polarity": "",
      "rate": 5,
      "response": "",
      "response_date": "",
      "review": "No crashes no bugs a beautiful deignable n a simple editor just one wat i missed is this should have different fonts tats it otherwise its awsm",
      "review_date": [
        "June",
        "2",
        " 2015"
      ]
    },
    {
      "REQ_subtype": "",
      "REQ_type": "",
      "_id": 130,
      "author_id": "not defined",
      "author_name": "Vanessa C",
      "helpful": "1",
      "polarity": "",
      "rate": 2,
      "response": "",
      "response_date": "",
      "review": "I like the collage selections, but if you mess up, you have to start over.  There is no delete button, unless I just haven't found it.",
      "review_date": [
        "July",
        "22",
        " 2014"
      ]
    },
    {
      "REQ_subtype": "",
      "REQ_type": "",
      "_id": 131,
      "author_id": "not defined",
      "author_name": "Nina aliah Lopena",
      "helpful": "0",
      "polarity": "",
      "rate": 4,
      "response": "",
      "response_date": "",
      "review": "I wish theres also some kind of stickers and effects.. =( But thats ok..",
      "review_date": [
        "May",
        "16",
        " 2015"
      ]
    },
    {
      "REQ_subtype": "",
      "REQ_type": "",
      "_id": 132,
      "author_id": "not defined",
      "author_name": "Aidana.medina Enriquez",
      "helpful": "1",
      "polarity": "",
      "rate": 5,
      "response": "",
      "response_date": "",
      "review": "Stfu your phone suck thats why this is a great app so yeah gtfo with yo bullshit hoe ight",
      "review_date": [
        "August",
        "13",
        " 2014"
      ]
    },
    {
      "REQ_subtype": "",
      "REQ_type": "",
      "_id": 133,
      "author_id": "not defined",
      "author_name": "Cece Ivy",
      "helpful": "0",
      "polarity": "",
      "rate": 2,
      "response": "",
      "response_date": "",
      "review": "I used to really love it... after i updated it application to be responding very poorly...",
      "review_date": [
        "August",
        "16",
        " 2014"
      ]
    },
    {
      "REQ_subtype": "",
      "REQ_type": "",
      "_id": 134,
      "author_id": "not defined",
      "author_name": "Ritza Yana",
      "helpful": "0",
      "polarity": "",
      "rate": 1,
      "response": "",
      "response_date": "",
      "review": "It was the best......for some reason.....now it doesn't work!  #sad",
      "review_date": [
        "September",
        "12",
        " 2014"
      ]
    },
    {
      "REQ_subtype": "",
      "REQ_type": "",
      "_id": 135,
      "author_id": "not defined",
      "author_name": "Edwin Perez II",
      "helpful": "0",
      "polarity": "",
      "rate": 4,
      "response": "",
      "response_date": "",
      "review": "Great app! People don't want to see 4 pictures of your kid eating toast... Trust me. You can easily put multiple pics in one and maybe save a friendship",
      "review_date": [
        "June",
        "22",
        " 2016"
      ]
    },
    {
      "REQ_subtype": "",
      "REQ_type": "",
      "_id": 136,
      "author_id": "not defined",
      "author_name": "Rikc Edward",
      "helpful": "0",
      "polarity": "",
      "rate": 5,
      "response": "",
      "response_date": "",
      "review": "Please fix the fact that app does not load without crashing now. It use to work perfectly fine!",
      "review_date": [
        "November",
        "25",
        " 2014"
      ]
    },
    {
      "REQ_subtype": "",
      "REQ_type": "",
      "_id": 137,
      "author_id": "not defined",
      "author_name": "Patole Shashikant",
      "helpful": "1",
      "polarity": "",
      "rate": 5,
      "response": "",
      "response_date": "",
      "review": "Its really good. I have used it for my businees branding. Very simple and user friendly. Would have been better if more fonts are available. Thanks",
      "review_date": [
        "November",
        "2",
        " 2014"
      ]
    },
    {
      "REQ_subtype": "",
      "REQ_type": "",
      "_id": 138,
      "author_id": "not defined",
      "author_name": "christopher gaughan",
      "helpful": "0",
      "polarity": "",
      "rate": 4,
      "response": "",
      "response_date": "",
      "review": "I like this app alot. Its eazy to use, i like the temp layouts and the editing features ect",
      "review_date": [
        "June",
        "18",
        " 2014"
      ]
    },
    {
      "REQ_subtype": "",
      "REQ_type": "",
      "_id": 139,
      "author_id": "not defined",
      "author_name": "Tiffany White",
      "helpful": "0",
      "polarity": "",
      "rate": 1,
      "response": "",
      "response_date": "",
      "review": "I used to only use this app. Now it doesn't save my collages. I have to turn off my phone and hope it pops up afterwards. Deleting.",
      "review_date": [
        "September",
        "29",
        " 2014"
      ]
    },
    {
      "REQ_subtype": "",
      "REQ_type": "",
      "_id": 140,
      "author_id": "not defined",
      "author_name": "Raye Newell",
      "helpful": "0",
      "polarity": "",
      "rate": 5,
      "response": "",
      "response_date": "",
      "review": "It works great & now I can resize pics to fit on instagram! No more it's too big lol",
      "review_date": [
        "March",
        "10",
        " 2015"
      ]
    },
    {
      "REQ_subtype": "",
      "REQ_type": "",
      "_id": 141,
      "author_id": "not defined",
      "author_name": "UniQ Fields",
      "helpful": "0",
      "polarity": "",
      "rate": 1,
      "response": "",
      "response_date": "",
      "review": "I used to love this app until it all of a sudden no longer saves my photos. It shows it saved on my phone but when I go to my gallery....it's not there.",
      "review_date": [
        "June",
        "18",
        " 2015"
      ]
    },
    {
      "REQ_subtype": "",
      "REQ_type": "",
      "_id": 142,
      "author_id": "not defined",
      "author_name": "StealingDayDreams",
      "helpful": "0",
      "polarity": "",
      "rate": 3,
      "response": "",
      "response_date": "",
      "review": "I use to love this app but now whenever I add a photo to a college its doesnt add it, it just stays gray. It use to work perfect now it works every once and a while",
      "review_date": [
        "June",
        "12",
        " 2014"
      ]
    },
    {
      "REQ_subtype": "",
      "REQ_type": "",
      "_id": 143,
      "author_id": "not defined",
      "author_name": "Jasmine Z",
      "helpful": "0",
      "polarity": "",
      "rate": 4,
      "response": "",
      "response_date": "",
      "review": "I am having a problem in saving the collages. Even the free one.  Please fix",
      "review_date": [
        "January",
        "27",
        " 2015"
      ]
    },
    {
      "REQ_subtype": "",
      "REQ_type": "",
      "_id": 144,
      "author_id": "not defined",
      "author_name": "Kevin Robe",
      "helpful": "0",
      "polarity": "",
      "rate": 1,
      "response": "",
      "response_date": "",
      "review": "Every time I try to get on to make a collage it freezes up",
      "review_date": [
        "November",
        "7",
        " 2014"
      ]
    },
    {
      "REQ_subtype": "",
      "REQ_type": "",
      "_id": 145,
      "author_id": "not defined",
      "author_name": "Jan of Hyrule",
      "helpful": "0",
      "polarity": "",
      "rate": 2,
      "response": "",
      "response_date": "",
      "review": "It takes a long time before the collage appears in the gallery. I didn't experience this before.",
      "review_date": [
        "March",
        "21",
        " 2015"
      ]
    },
    {
      "REQ_subtype": "",
      "REQ_type": "",
      "_id": 146,
      "author_id": "not defined",
      "author_name": "Jeannette Hurta",
      "helpful": "0",
      "polarity": "",
      "rate": 3,
      "response": "",
      "response_date": "",
      "review": "I love the app used it for 3 years or more however its been freezing alot  I tried uninstalling and reinstalling it it opens but nothing else  like where r select somthing it's jus the background colors",
      "review_date": [
        "October",
        "30",
        " 2016"
      ]
    },
    {
      "REQ_subtype": "",
      "REQ_type": "",
      "_id": 147,
      "author_id": "not defined",
      "author_name": "Lashana Sackryas",
      "helpful": "0",
      "polarity": "",
      "rate": 4,
      "response": "",
      "response_date": "",
      "review": "It  should  have  been  five but  I  don't  see  heart  collages  for  five  photos  and  up",
      "review_date": [
        "February",
        "10",
        " 2015"
      ]
    },
    {
      "REQ_subtype": "",
      "REQ_type": "",
      "_id": 148,
      "author_id": "not defined",
      "author_name": "Matthew Warwick",
      "helpful": "0",
      "polarity": "",
      "rate": 5,
      "response": "",
      "response_date": "",
      "review": "I had an amazing wallpaper for a while,  but I wanted something new.  I was able to add more pictures around it while keeping that one picture the biggest.  This app is addicting I keep trying to make a better wallpaper. Definitely download it!!!",
      "review_date": [
        "October",
        "12",
        " 2014"
      ]
    },
    {
      "REQ_subtype": "",
      "REQ_type": "",
      "_id": 149,
      "author_id": "not defined",
      "author_name": "Kimberly Johnson",
      "helpful": "0",
      "polarity": "",
      "rate": 3,
      "response": "",
      "response_date": "",
      "review": "This app was one of my favorite apps but this is starting to crash in I could not say none of my photos and now I can't even open it I don't have a photo collage app anymore",
      "review_date": [
        "July",
        "17",
        " 2014"
      ]
    },
    {
      "REQ_subtype": "",
      "REQ_type": "",
      "_id": 150,
      "author_id": "not defined",
      "author_name": "Yoshi Matsumoto",
      "helpful": "0",
      "polarity": "",
      "rate": 5,
      "response": "",
      "response_date": "",
      "review": "It worked for me. Nice features. I used basics. All I wanted was a basic collage and I got it. Pro features come in handy if you want higher quality but this is fine. The interface isn't disgusting like others.",
      "review_date": [
        "August",
        "26",
        " 2014"
      ]
    },
    {
      "REQ_subtype": "",
      "REQ_type": "",
      "_id": 151,
      "author_id": "not defined",
      "author_name": "CiciSlade_954",
      "helpful": "0",
      "polarity": "",
      "rate": 3,
      "response": "",
      "response_date": "",
      "review": "This app was my best app now I guess since I have my zte zmax phone I download it and when I save my picture my collage is telling me my picture is successful for me to see the college I have to keep resetting my phone and I don't like that please fix it .",
      "review_date": [
        "March",
        "8",
        " 2015"
      ]
    },
    {
      "REQ_subtype": "",
      "REQ_type": "",
      "_id": 152,
      "author_id": "not defined",
      "author_name": "Ainaiyah Hagan",
      "helpful": "0",
      "polarity": "",
      "rate": 2,
      "response": "",
      "response_date": "",
      "review": "It Dosn't Actually Save On To My Gallery.  It's Slow And Pointless.",
      "review_date": [
        "June",
        "11",
        " 2014"
      ]
    },
    {
      "REQ_subtype": "",
      "REQ_type": "",
      "_id": 153,
      "author_id": "not defined",
      "author_name": "Maria Popovici",
      "helpful": "0",
      "polarity": "",
      "rate": 5,
      "response": "",
      "response_date": "",
      "review": "Honestly, this is the best collage app I've ever downloaded. It's very quick and easy to use & my pics look really great. :) I totally recommend it. It's worth downloading.",
      "review_date": [
        "August",
        "17",
        " 2014"
      ]
    },
    {
      "REQ_subtype": "",
      "REQ_type": "",
      "_id": 154,
      "author_id": "not defined",
      "author_name": "Rabi Rana",
      "helpful": "0",
      "polarity": "",
      "rate": 5,
      "response": "",
      "response_date": "",
      "review": "Awesome one... I have been looking for that type of collage maker for a long time.. excited to have it\u2665",
      "review_date": [
        "July",
        "3",
        " 2014"
      ]
    },
    {
      "REQ_subtype": "",
      "REQ_type": "",
      "_id": 155,
      "author_id": "not defined",
      "author_name": "Meechy Latraune",
      "helpful": "0",
      "polarity": "",
      "rate": 2,
      "response": "",
      "response_date": "",
      "review": "good collage app but freeze & slow..please fix",
      "review_date": [
        "July",
        "23",
        " 2014"
      ]
    },
    {
      "REQ_subtype": "",
      "REQ_type": "",
      "_id": 156,
      "author_id": "not defined",
      "author_name": "Tricia Jefferies",
      "helpful": "0",
      "polarity": "",
      "rate": 1,
      "response": "",
      "response_date": "",
      "review": "Hmmmm",
      "review_date": [
        "April",
        "18",
        " 2016"
      ]
    },
    {
      "REQ_subtype": "",
      "REQ_type": "",
      "_id": 157,
      "author_id": "not defined",
      "author_name": "Vil Elverson",
      "helpful": "0",
      "polarity": "",
      "rate": 4,
      "response": "",
      "response_date": "",
      "review": "by the way i use this app it gives you the possibility to bring the new thing.",
      "review_date": [
        "August",
        "15",
        " 2014"
      ]
    },
    {
      "REQ_subtype": "",
      "REQ_type": "",
      "_id": 158,
      "author_id": "not defined",
      "author_name": "Mary Vidales",
      "helpful": "0",
      "polarity": "",
      "rate": 2,
      "response": "",
      "response_date": "",
      "review": "Doesn't save my collages that I take time making, it's annoying.",
      "review_date": [
        "August",
        "4",
        " 2014"
      ]
    },
    {
      "REQ_subtype": "",
      "REQ_type": "",
      "_id": 159,
      "author_id": "not defined",
      "author_name": "Arrianna Burgess",
      "helpful": "0",
      "polarity": "",
      "rate": 1,
      "response": "",
      "response_date": "",
      "review": "It won't let me download..... And when it did it keep force closing \ud83d\ude12",
      "review_date": [
        "January",
        "12",
        " 2015"
      ]
    }
  ],
  "size": "5.9",
  "url": "https://play.google.com/store/apps/details?id=ru.kdnsoft.android.collagefree",
  "version": "2.3"
}