{
  "categories": [
    "Photography"
  ],
  "description": "Transform your photography with Photoshop Mix. Cut out and combine images, change colors and enhance your photos anytime, anywhere. Share your creations with friends via social media and send them to Photoshop CC on your desktop for advanced photo editing. \u2022\tCut out and remove sections of your images or merge multiple photos. \u2022\tSeamlessly combine photos together to create fun or surreal images.\u2022\tAdjust colors and contrast or apply preset FX Looks (filters) to your pictures. Enhance the entire image, or just a portion with the touch of your finger.\u2022\tNon-destructive editing means your original pics stay pristine and untouched.\u2022\tQuickly and easily share your creations on social media.GET CONNECTED TO CREATIVE CLOUD Love photography? Check out the Creative Cloud Photography plan. It gives you Lightroom and Photoshop, the most powerful editing tools around. With Creative Cloud, you can open and edit Photoshop files in Mix and send compositions to Photoshop CC for further refinement\u2014layers, masks and all. Or open and mix Lightroom images. And all your edits are synced across all your computers and devices. Make a change on you Android phone, it\u2019ll show up on your desktop. Take your photography further with the Creative Cloud Photography plan.ADOBE IDSign up for an Adobe ID through Mix for free. Use your Adobe ID to keep track of your purchases, membership, updates and trials of Adobe apps and services. You can also use it to register products, track orders, contact Adobe Support and participate in Adobe forums and events.INTERNET CONNECTION & ADOBE ID REQUIREDAdobe online services, including the Adobe Creative Cloud service, are available only to users 13 and older and require registration and agreement to additional terms and Adobe's online privacy policy at http://www.adobe.com/special/misc/privacy.html. Adobe online services are not available in all countries or languages, may require user registration and may be subject to change or discontinuation without notice.",
  "inc": "Adobe",
  "intalled_count": "5,000,000",
  "last_update": [
    "September",
    "20",
    " 2017"
  ],
  "name": "Adobe Photoshop Mix - Cut-out, Combine, Create",
  "offered_by": "Google Commerce Ltd",
  "permissions": {
    "Identity": [
      "find accounts on the device",
      "add or remove accounts"
    ],
    "Contacts": [
      "find accounts on the device"
    ],
    "Photos/Media/Files": [
      "read the contents of your USB storage",
      "modify or delete the contents of your USB storage"
    ],
    "Storage": [
      "read the contents of your USB storage",
      "modify or delete the contents of your USB storage"
    ],
    "Wi-Fi connection information": [
      "view Wi-Fi connections"
    ],
    "Other": [
      "receive data from Internet",
      "view network connections",
      "create accounts and set passwords",
      "full network access",
      "use accounts on the device",
      "prevent device from sleeping",
      "view network connections",
      "create accounts and set passwords",
      "full network access",
      "use accounts on the device"
    ]
  },
  "price": "",
  "rate": [
    [
      "51,641",
      "4.0"
    ],
    [
      "30,441",
      "5"
    ],
    [
      "7,925",
      "4"
    ],
    [
      "4,288",
      "3"
    ],
    [
      "2,188",
      "2"
    ],
    [
      "6,799",
      "1"
    ]
  ],
  "required_android": "5.0",
  "reviews": [
    {
      "REQ_subtype": "",
      "REQ_type": "",
      "_id": 0,
      "author_id": "not defined",
      "author_name": "Geoff Currey",
      "helpful": "404",
      "polarity": "",
      "rate": 4,
      "response": "",
      "response_date": "",
      "review": "A great app for combining a few images but limited to 5 layers which is a big disappointment. There is no way to type in an exact size or rotation adjustment for each image so you need fiddle a lot with your fingers. For an Adobe app it should be better and I'm sure over time it can be but right now it is more for kids to learn with than a serious tool for designers.",
      "review_date": [
        "March",
        "8",
        " 2018"
      ]
    },
    {
      "REQ_subtype": "",
      "REQ_type": "",
      "_id": 1,
      "author_id": "not defined",
      "author_name": "Kieran",
      "helpful": "0",
      "polarity": "",
      "rate": 2,
      "response": "",
      "response_date": "",
      "review": "Tools are great but all of the buttons are offset by about 4mm, meaning \nit's impossible to select some functions. Cutting something out for \nexample, I can't press the tick button to confirm my selection, if I press \nthe button then it actually seems to register it as the magic wand button \nthat's above it. The solution is to press lower than the tick button but I \ncan't because I'm going into the android black bar at the bottom so it \nwon't register. If they fixed this, the app would be fine",
      "review_date": [
        "May",
        "4",
        " 2018"
      ]
    },
    {
      "REQ_subtype": "",
      "REQ_type": "",
      "_id": 2,
      "author_id": "not defined",
      "author_name": "Jay B",
      "helpful": "118",
      "polarity": "",
      "rate": 4,
      "response": "",
      "response_date": "",
      "review": "A bit buggy sometimes, maybe a bit processor hungry on my S6. I find the \nlocation to touch on screen to select seems to move below the actual \nbutton. This means incorrect buttons are hit or not selected at all. Still, \nits mostly intuitive and a nice app for roughing ideas",
      "review_date": [
        "May",
        "4",
        " 2018"
      ]
    },
    {
      "REQ_subtype": "",
      "REQ_type": "",
      "_id": 3,
      "author_id": "not defined",
      "author_name": "Matthew James",
      "helpful": "0",
      "polarity": "",
      "rate": 2,
      "response": "",
      "response_date": "",
      "review": "Maybe I'm mistaken, but \"Cut Out,\" to me, means take what I selected out of the rest of the image and get rid of it. Not, take what I selected and keep only that! All I want to do is cover a license plate, and I've yet to find an app that has the simple ability to cover or remove a section of a photo. Come on Adobe, I used to associate your name with high end, useful editing. Now I'm not so sure.",
      "review_date": [
        "November",
        "17",
        " 2017"
      ]
    },
    {
      "REQ_subtype": "",
      "REQ_type": "",
      "_id": 4,
      "author_id": "not defined",
      "author_name": "Herry Sucahya",
      "helpful": "0",
      "polarity": "",
      "rate": 4,
      "response": "",
      "response_date": "",
      "review": "Quite a fun app for photo editing. The selection tool seems one of the best \nin Android. But could've been a lot better, considering the sophistication \nof their desktop app. Very easy to use. BUT, errors during editing is the \nmost annoying thing as you cannot save the project. Therefore I couldn't \ngive any 5 star for it.",
      "review_date": [
        "April",
        "10",
        " 2018"
      ]
    },
    {
      "REQ_subtype": "",
      "REQ_type": "",
      "_id": 5,
      "author_id": "not defined",
      "author_name": "Patrice Salazar",
      "helpful": "0",
      "polarity": "",
      "rate": 4,
      "response": "",
      "response_date": "",
      "review": "The app is amazingly easy to use. I love that about it. Ive down downloaded other apps like toolwiz which i thought was cool but adobe photoshop kills it by far. There is how ever a problem. Its slow and sometimes takes A min to load. Idk if its like a bug or what can it be??",
      "review_date": [
        "March",
        "17",
        " 2018"
      ]
    },
    {
      "REQ_subtype": "",
      "REQ_type": "",
      "_id": 6,
      "author_id": "not defined",
      "author_name": "Azhar Khan",
      "helpful": "0",
      "polarity": "",
      "rate": 3,
      "response": "",
      "response_date": "",
      "review": "The app itself is great but the problem lies within the fact that it continuously crashes. Every 5-10 minutes. It's REALLY frustrating when you spend time on something and then it vanishes due to the crashes. But if you save your work every 2 minutes it shouldn't be much of a problem",
      "review_date": [
        "November",
        "17",
        " 2017"
      ]
    },
    {
      "REQ_subtype": "",
      "REQ_type": "",
      "_id": 7,
      "author_id": "not defined",
      "author_name": "Patrik von K\u00f6hler",
      "helpful": "0",
      "polarity": "",
      "rate": 3,
      "response": "",
      "response_date": "",
      "review": "Great fun for pasting objects from one picture into another picture. The only negative things I have to say is that it's so difficult to move the picture around when you've zoomed in to cut an object out. And the other thing is that my object that I've Photoshopped to another picture suddenly gets really pixilated After I've saved the picture to my gallery.",
      "review_date": [
        "March",
        "9",
        " 2018"
      ]
    },
    {
      "REQ_subtype": "",
      "REQ_type": "",
      "_id": 8,
      "author_id": "not defined",
      "author_name": "Dennis Snow",
      "helpful": "6",
      "polarity": "",
      "rate": 5,
      "response": "",
      "response_date": "",
      "review": "This app is really cool, the negative reviews I've read seem to be from people who don't have much experience with these types of programs and didn't want to take the clearly labelled tutorial. FYI, if you want the \"cut- out\" feature to remove what you touch, flip the switch to \"subtract\". I was able to get great results, and it only took me about 5 minutes to figure it out, without the tutorial.  Overlay, cut out, transpose, blend and resize individual layers and create a realistic image from pieces of multiple photos! Easy to correct any mistakes you make.",
      "review_date": [
        "March",
        "11",
        " 2018"
      ]
    },
    {
      "REQ_subtype": "",
      "REQ_type": "",
      "_id": 9,
      "author_id": "not defined",
      "author_name": "Juan David Pearson",
      "helpful": "0",
      "polarity": "",
      "rate": 5,
      "response": "",
      "response_date": "",
      "review": "THIS APP IS AMAZING I BEEN USING FOR MONTHS... NEVER STOP USING IT.. IF SOMEONE HACK OR ERASE IT I SWEAR I'M GOING TO BE IN BED ALL DAY WITH NO PHONE BCUZ THE APP IS GONE",
      "review_date": [
        "November",
        "18",
        " 2017"
      ]
    },
    {
      "REQ_subtype": "",
      "REQ_type": "",
      "_id": 10,
      "author_id": "not defined",
      "author_name": "Red Path",
      "helpful": "0",
      "polarity": "",
      "rate": 3,
      "response": "",
      "response_date": "",
      "review": "When it works its fantastic! But all the buttons are offset about 4mm below the actual icon. This makes using it extremely difficult and frustrating and some functions won't work at all! Ie Blend - unable to select the tick to complete the function as it keeps pressing \"screen\" instead. Makes the entire app inoperable. Please fix!!!!",
      "review_date": [
        "October",
        "4",
        " 2017"
      ]
    },
    {
      "REQ_subtype": "",
      "REQ_type": "",
      "_id": 11,
      "author_id": "not defined",
      "author_name": "Hongou Gentarou",
      "helpful": "3",
      "polarity": "",
      "rate": 3,
      "response": "",
      "response_date": "",
      "review": "I like the app features, though including burn tool would be nice. The issue is that I'm constantly losing my work. It crashes SO much. There is no periodic auto save and there is no recovered document when you reopen after a crash.  The app takes ages to save and it won't save if you minimise it. If I lock my phone or keep the app in the background for a while, I come back and the app has closed itself and I've lost everything. This may be to do with my phone, but the app should at least save before closing.",
      "review_date": [
        "January",
        "20",
        " 2018"
      ]
    },
    {
      "REQ_subtype": "",
      "REQ_type": "",
      "_id": 12,
      "author_id": "not defined",
      "author_name": "lilclocktower",
      "helpful": "20",
      "polarity": "",
      "rate": 1,
      "response": "",
      "response_date": "",
      "review": "I CANT EVEN START! when i first download the app i made a new account then when i try to log in it doesnt let me, it keeps saying there was a problem logging in and to try again",
      "review_date": [
        "November",
        "5",
        " 2017"
      ]
    },
    {
      "REQ_subtype": "",
      "REQ_type": "",
      "_id": 13,
      "author_id": "not defined",
      "author_name": "Devin Brownell",
      "helpful": "3",
      "polarity": "",
      "rate": 2,
      "response": "",
      "response_date": "",
      "review": "Great app before an update that removed my ability to move my layers between  eachother as well as merging my layers. I tried this on more than one device, reinstalled the app, etc. and it was the same issue through and through. Please fix this and I will rate accordingly.",
      "review_date": [
        "March",
        "11",
        " 2018"
      ]
    },
    {
      "REQ_subtype": "",
      "REQ_type": "",
      "_id": 14,
      "author_id": "not defined",
      "author_name": "Accel Paynor",
      "helpful": "0",
      "polarity": "",
      "rate": 2,
      "response": "",
      "response_date": "",
      "review": "Crashes like hell... at the first project it was working fine but then on the third project, well, this app went down the rabbit hole. Would've given 5 stars of it weren't for the crashes. It's unfortunate really, I guess I expected too much.",
      "review_date": [
        "October",
        "17",
        " 2017"
      ]
    },
    {
      "REQ_subtype": "",
      "REQ_type": "",
      "_id": 15,
      "author_id": "not defined",
      "author_name": "Heather Olguin",
      "helpful": "0",
      "polarity": "",
      "rate": 2,
      "response": "",
      "response_date": "",
      "review": "I started using this app on my iPhone 6 and really loved it despite the low quality images but for fun edits on my phone,  I wouldn't complain.  However, when I switched phones to the S8, the app is different and I can't stand it! Before,  I could zoom in to specific parts on my image and delete fine details almost down to the pixel. Now, I can't zoom in as easily nor can I get those tight zooms I did on iOS. Before, I could also drop an image a d harmonize it with the other layer. Good luck getting the layer dialogue box to open, it's just not responsive.",
      "review_date": [
        "November",
        "1",
        " 2017"
      ]
    },
    {
      "REQ_subtype": "",
      "REQ_type": "",
      "_id": 16,
      "author_id": "not defined",
      "author_name": "Zach",
      "helpful": "0",
      "polarity": "",
      "rate": 2,
      "response": "",
      "response_date": "",
      "review": "Its alright, not very powerful and exports pretty low quality.. I dont like how theres only a max of 5 images, theres no remove image button, and I cant stand the new update cause of the changes to the cropping. It seems now there is a max image size of 900px width and 600 px height, which is ridiculous",
      "review_date": [
        "September",
        "28",
        " 2017"
      ]
    },
    {
      "REQ_subtype": "",
      "REQ_type": "",
      "_id": 17,
      "author_id": "not defined",
      "author_name": "ore wa ochinchin ga daisuki nandayo",
      "helpful": "2",
      "polarity": "",
      "rate": 1,
      "response": "",
      "response_date": "",
      "review": "This was a great app when it was actually free. Now you have to make an \naccount. Instantly unistalled it as soon as that update came out. You \nshould not be forced to make an account, the account is only useful if you \nplan on buying anything from adobe which i never have nor will.",
      "review_date": [
        "June",
        "5",
        " 2018"
      ]
    },
    {
      "REQ_subtype": "",
      "REQ_type": "",
      "_id": 18,
      "author_id": "not defined",
      "author_name": "I am Princess",
      "helpful": "0",
      "polarity": "",
      "rate": 5,
      "response": "",
      "response_date": "",
      "review": "... well it's a GREAT app on iPhones but Android is a different story. I'm an Android gyal too and this stuff is literally pixilated when trying to cut out stuff on an Android. I still use it tho because something is better than nothing lol",
      "review_date": [
        "February",
        "19",
        " 2018"
      ]
    },
    {
      "REQ_subtype": "",
      "REQ_type": "",
      "_id": 19,
      "author_id": "not defined",
      "author_name": "J Saunders",
      "helpful": "0",
      "polarity": "",
      "rate": 3,
      "response": "",
      "response_date": "",
      "review": "Great UI and digital tools and ability to share with the Adobe cloud. \nHowever final images exported have there quality throttled. Even if you use \nimages with a high quality, they will export at a much lower quality then \nwhat they came in at.",
      "review_date": [
        "July",
        "6",
        " 2018"
      ]
    },
    {
      "REQ_subtype": "",
      "REQ_type": "",
      "_id": 20,
      "author_id": "not defined",
      "author_name": "TheTEARAWAY1X3 The OP",
      "helpful": "0",
      "polarity": "",
      "rate": 5,
      "response": "",
      "response_date": "",
      "review": "This App Is Literally Amazing! It May Lack A Few Features Like Adding Text, But The Other Added Features Were Better! It Is Just Like My PC I Left In Cadiz!",
      "review_date": [
        "September",
        "26",
        " 2017"
      ]
    },
    {
      "REQ_subtype": "",
      "REQ_type": "",
      "_id": 21,
      "author_id": "not defined",
      "author_name": "Norris Hoffelbrick",
      "helpful": "1",
      "polarity": "",
      "rate": 3,
      "response": "",
      "response_date": "",
      "review": "Its just so slow sometimes. Also locks up the droids system a bit. Nice to see photoshop editing that doesnt cost a small Fortune either.",
      "review_date": [
        "February",
        "20",
        " 2018"
      ]
    },
    {
      "REQ_subtype": "",
      "REQ_type": "",
      "_id": 22,
      "author_id": "not defined",
      "author_name": "natsuki chr",
      "helpful": "0",
      "polarity": "",
      "rate": 3,
      "response": "",
      "response_date": "",
      "review": "I used to use this app all the time, but it's been acting weird as of late. All of the buttons are offset a bit, so I can't even cut something out because I can't press the finish button. Please fix this, it's so frustrating!",
      "review_date": [
        "February",
        "19",
        " 2018"
      ]
    },
    {
      "REQ_subtype": "",
      "REQ_type": "",
      "_id": 23,
      "author_id": "not defined",
      "author_name": "Matt Wolf",
      "helpful": "0",
      "polarity": "",
      "rate": 3,
      "response": "",
      "response_date": "",
      "review": "No way to delete layers added by accident. Forced to restart the project from beginning which is annoying. No way to add text or if there is there's no clear way. The tutorials are lack luster and there are none on which I stated about above so again, no way to delete accidental layers and no way to add text into project which makes this app just like every other app. I'll go back to PicSay Pro which I've been using for the last 5 years. It requires a little more time put in but has every feature this app has but more.",
      "review_date": [
        "March",
        "17",
        " 2018"
      ]
    },
    {
      "REQ_subtype": "",
      "REQ_type": "",
      "_id": 24,
      "author_id": "not defined",
      "author_name": "Jeff Spires",
      "helpful": "0",
      "polarity": "",
      "rate": 1,
      "response": "",
      "response_date": "",
      "review": "Try to place two screen shots side by side; the crop function will not expand the canvas to include both layers, even though it shows the function expanding the pixel size. Always reverts to the size of the device screen. No auto sizing option. Non-intuitive. Useless.",
      "review_date": [
        "January",
        "20",
        " 2018"
      ]
    },
    {
      "REQ_subtype": "",
      "REQ_type": "",
      "_id": 25,
      "author_id": "not defined",
      "author_name": "iiCrystalGalaxy Plays",
      "helpful": "0",
      "polarity": "",
      "rate": 4,
      "response": "",
      "response_date": "",
      "review": "It's okay. The one thing that bugs me is that I'm not able to add text! My \ncousin showed me a screenshot from her iPhone, and it was way different \nthan my Samsung phone. Please make it so you can add text!",
      "review_date": [
        "June",
        "26",
        " 2018"
      ]
    },
    {
      "REQ_subtype": "",
      "REQ_type": "",
      "_id": 26,
      "author_id": "not defined",
      "author_name": "MochaTater",
      "helpful": "2",
      "polarity": "",
      "rate": 3,
      "response": "",
      "response_date": "",
      "review": "I am mixed on this app. It's not horrible it certainly helps me edit photos but it can be really difficult to use. You can't resize layers, when I go to crop things it's very slow and hard to control, and it freezes a lot. Other than that it's pretty nice for a phone app. Definitely wouldn't pay for it though.",
      "review_date": [
        "January",
        "31",
        " 2018"
      ]
    },
    {
      "REQ_subtype": "",
      "REQ_type": "",
      "_id": 27,
      "author_id": "not defined",
      "author_name": "Nutty Jonah",
      "helpful": "18",
      "polarity": "",
      "rate": 3,
      "response": "",
      "response_date": "",
      "review": "Would rate higher but its very hard to use. There is a bug that makes it tap higher than where you tapped. This would be liveable if you could tap the save changes checkmark, butchya can't.",
      "review_date": [
        "September",
        "22",
        " 2017"
      ]
    },
    {
      "REQ_subtype": "",
      "REQ_type": "",
      "_id": 28,
      "author_id": "not defined",
      "author_name": "Maria Bribiesca",
      "helpful": "3",
      "polarity": "",
      "rate": 3,
      "response": "",
      "response_date": "",
      "review": "It kinda stopped working and I couldn't really press the buttons because when I did, it wouldn't work. And when I tried to use the blending feature, when I tried to cut out a part of the picture, it ended up removing the area opposite of where I was shading. I just followed the video tutorial and I got different results than I expected",
      "review_date": [
        "March",
        "2",
        " 2018"
      ]
    },
    {
      "REQ_subtype": "",
      "REQ_type": "",
      "_id": 29,
      "author_id": "not defined",
      "author_name": "Arizona_Ranger11",
      "helpful": "0",
      "polarity": "",
      "rate": 5,
      "response": "",
      "response_date": "",
      "review": "This app is amazing! I have been looking for a free app like this for a \nlong while. And now I finally have it! So happy. easy on-the-go \nphotoshopping. Really cool editing software if you want to take a more \nserious route. All in all, amazing app all around.",
      "review_date": [
        "June",
        "2",
        " 2018"
      ]
    },
    {
      "REQ_subtype": "",
      "REQ_type": "",
      "_id": 30,
      "author_id": "not defined",
      "author_name": "raider wolf",
      "helpful": "0",
      "polarity": "",
      "rate": 1,
      "response": "",
      "response_date": "",
      "review": "Doesn't work. I tried to crop a picture. Used the freedom button to resize \nthe crop I want but it doesn't respond. Then I tried the square option and \nthat doesn't move either. Complete waste of time. Uninstalled.",
      "review_date": [
        "July",
        "12",
        " 2018"
      ]
    },
    {
      "REQ_subtype": "",
      "REQ_type": "",
      "_id": 31,
      "author_id": "not defined",
      "author_name": "Corey Keller",
      "helpful": "0",
      "polarity": "",
      "rate": 3,
      "response": "",
      "response_date": "",
      "review": "I love the idea of the app. Unfortunately there are so many bugs and glitches that the app ends up freezing like 75% of the time I try to use it.",
      "review_date": [
        "March",
        "28",
        " 2018"
      ]
    },
    {
      "REQ_subtype": "",
      "REQ_type": "",
      "_id": 32,
      "author_id": "not defined",
      "author_name": "Phil B",
      "helpful": "0",
      "polarity": "",
      "rate": 1,
      "response": "",
      "response_date": "",
      "review": "App requires me to login to use. Would prefer to delay the login to at least try the app before finding it to be a disappointment and uninstalling it. In trying to resize images, you will find that you cannot shrink a layered image small enough, and you cannot resize images without rotating the image as you try to pinch the screen.",
      "review_date": [
        "December",
        "3",
        " 2017"
      ]
    },
    {
      "REQ_subtype": "",
      "REQ_type": "",
      "_id": 33,
      "author_id": "not defined",
      "author_name": "Noah Return",
      "helpful": "2",
      "polarity": "",
      "rate": 2,
      "response": "",
      "response_date": "",
      "review": "The app crashes all the time! Just when I have a piece of art the way I like it, STOP! The app freeze and crashes and when I reload it, my work is unsaved and time, waisted.",
      "review_date": [
        "April",
        "7",
        " 2018"
      ]
    },
    {
      "REQ_subtype": "",
      "REQ_type": "",
      "_id": 34,
      "author_id": "not defined",
      "author_name": "Hunter Hamilton",
      "helpful": "3",
      "polarity": "",
      "rate": 3,
      "response": "",
      "response_date": "",
      "review": "This a great \"Photoshop-esque\" photo editor for your mobile device. There has been a glaring issue for many updates that has yet to be resolved. The app very frequently crashes, causing all work to be lost. When this happens after a few hours of work on a project for your career, then you lose those hours you'd invested. It comes out of your pay check. App would receive a 4 star or higher review if it wasn't for this app breaking bug.",
      "review_date": [
        "January",
        "4",
        " 2018"
      ]
    },
    {
      "REQ_subtype": "",
      "REQ_type": "",
      "_id": 35,
      "author_id": "not defined",
      "author_name": "A Google user",
      "helpful": "0",
      "polarity": "",
      "rate": 5,
      "response": "",
      "response_date": "",
      "review": "THIS WAS FANTASTIC. SOME ONE TWEETED THE LOGAN PAUL INCIDENT IN SUICIDE FOREST IN JAPAN AND WROTE LOGAN PAUL WRONG. THEY WROTE \"LOGAN PAIL\", SO THEN I JUXTAPOSED LOGANS FACE ON A PAIL\\BUCKET",
      "review_date": [
        "January",
        "2",
        " 2018"
      ]
    },
    {
      "REQ_subtype": "",
      "REQ_type": "",
      "_id": 36,
      "author_id": "not defined",
      "author_name": "Jay Hoskinson",
      "helpful": "10",
      "polarity": "",
      "rate": 2,
      "response": "",
      "response_date": "",
      "review": "Touch interface is misaligned. You have to touch a ways below whatever tool you are trying to use, which makes everything frustrating. Potentially great app, though with that fixed.",
      "review_date": [
        "October",
        "25",
        " 2017"
      ]
    },
    {
      "REQ_subtype": "",
      "REQ_type": "",
      "_id": 37,
      "author_id": "not defined",
      "author_name": "Sione Aloise Faust",
      "helpful": "0",
      "polarity": "",
      "rate": 2,
      "response": "",
      "response_date": "",
      "review": "Disappointed. I can't use the app at all, it keeps freezing, or the app wont respond if im tapping blend or anything... being back the last update thoooooo",
      "review_date": [
        "January",
        "27",
        " 2018"
      ]
    },
    {
      "REQ_subtype": "",
      "REQ_type": "",
      "_id": 38,
      "author_id": "not defined",
      "author_name": "Karen Cabitla",
      "helpful": "0",
      "polarity": "",
      "rate": 5,
      "response": "",
      "response_date": "",
      "review": "Being able to layer images over one another and edit them separately is \nexactly what I was looking for! Couldn't find any other apps that were \ncapable of doing this, and I searched for quite a while. This app is \nwonderful!",
      "review_date": [
        "June",
        "15",
        " 2018"
      ]
    },
    {
      "REQ_subtype": "",
      "REQ_type": "",
      "_id": 39,
      "author_id": "not defined",
      "author_name": "A Google user",
      "helpful": "1",
      "polarity": "",
      "rate": 1,
      "response": "",
      "response_date": "",
      "review": "I've installed the app but when i want to sign in a white page comes and i \ncan't do any thing. What's wrong??",
      "review_date": [
        "May",
        "2",
        " 2018"
      ]
    },
    {
      "REQ_subtype": "",
      "REQ_type": "",
      "_id": 40,
      "author_id": "not defined",
      "author_name": "Akshay Bagri",
      "helpful": "0",
      "polarity": "",
      "rate": 4,
      "response": "",
      "response_date": "",
      "review": "I loved this app. but cropping picture after editing is worst part, couse canvas extend pic with overlay and while cropping angle shifts again and again. It took me 10 mins to crop suitable when used this app first time",
      "review_date": [
        "January",
        "26",
        " 2018"
      ]
    },
    {
      "REQ_subtype": "",
      "REQ_type": "",
      "_id": 41,
      "author_id": "not defined",
      "author_name": "Giri Prashath",
      "helpful": "23",
      "polarity": "",
      "rate": 3,
      "response": "",
      "response_date": "",
      "review": "Hello there...   This is one of the best app to blend images.  But after the update it either compresses the image or  does not load the image.  I desperately need the original , help me to get old mix back.",
      "review_date": [
        "October",
        "16",
        " 2017"
      ]
    },
    {
      "REQ_subtype": "",
      "REQ_type": "",
      "_id": 42,
      "author_id": "not defined",
      "author_name": "Cameron Wereb",
      "helpful": "6",
      "polarity": "",
      "rate": 1,
      "response": "",
      "response_date": "",
      "review": "This app is nothing but frustration. Everything is confusing and when I press clear, it just adds something else. This is a TERRIBLE app!",
      "review_date": [
        "January",
        "21",
        " 2018"
      ]
    },
    {
      "REQ_subtype": "",
      "REQ_type": "",
      "_id": 43,
      "author_id": "not defined",
      "author_name": "GB DIY",
      "helpful": "1",
      "polarity": "",
      "rate": 1,
      "response": "",
      "response_date": "",
      "review": "This app may be good on iPhones but on Samsung's it is HORRIBLE!! I can't \neven use the cut out option and nothing would work properly for me. So \nmaybe try to make this app work for all phones onstead of just the apple \nones.",
      "review_date": [
        "June",
        "29",
        " 2018"
      ]
    },
    {
      "REQ_subtype": "",
      "REQ_type": "",
      "_id": 44,
      "author_id": "not defined",
      "author_name": "Mahmoud Abdalla",
      "helpful": "0",
      "polarity": "",
      "rate": 1,
      "response": "",
      "response_date": "",
      "review": "The touch areas are off their location by a centimeter or two. Every button i click on does whats aboue it. My phone and touch functions are fine! You had me go through the trouble of verifying that it is the stupid app thats misbehaving, not my phone! Absolutely not the quality of and Adobe product!",
      "review_date": [
        "January",
        "13",
        " 2018"
      ]
    },
    {
      "REQ_subtype": "",
      "REQ_type": "",
      "_id": 45,
      "author_id": "not defined",
      "author_name": "A Google user",
      "helpful": "2",
      "polarity": "",
      "rate": 1,
      "response": "",
      "response_date": "",
      "review": "This was great on my iPhone. Android version is awful. Can't see bottom \nlayer when trying to cutout portions of the top layer. Garbage garbage \ngarbage.",
      "review_date": [
        "May",
        "10",
        " 2018"
      ]
    },
    {
      "REQ_subtype": "",
      "REQ_type": "",
      "_id": 46,
      "author_id": "not defined",
      "author_name": "andy mccafferty",
      "helpful": "7",
      "polarity": "",
      "rate": 2,
      "response": "",
      "response_date": "",
      "review": "I've have this a low score as it crashes as ll the time. Doesn't load any pics, just buffers. Please fix!! I love the cutting tool, it's very good! I'll  change the rating once it's been updated",
      "review_date": [
        "December",
        "6",
        " 2017"
      ]
    },
    {
      "REQ_subtype": "",
      "REQ_type": "",
      "_id": 47,
      "author_id": "not defined",
      "author_name": "Ryan Royce",
      "helpful": "1",
      "polarity": "",
      "rate": 1,
      "response": "",
      "response_date": "",
      "review": "Coming over from the iOS version of the app I had much higher expectations. \nThis is a severely watered down version of Adobe Mix which is barely usable \nin comparison! Add the same features as the iOS version and then it'll \nactually be a decent app!",
      "review_date": [
        "June",
        "14",
        " 2018"
      ]
    },
    {
      "REQ_subtype": "",
      "REQ_type": "",
      "_id": 48,
      "author_id": "not defined",
      "author_name": "Theo Lester",
      "helpful": "0",
      "polarity": "",
      "rate": 1,
      "response": "",
      "response_date": "",
      "review": "Awful app. I just want to be able to use the cropping function to add top&bottom or side borders to a photo for better uploading. Sometimes I can do this, sometimes not, with no indication as to why. Adobe are complete idiots for discontinuing Photoshop Touch.",
      "review_date": [
        "December",
        "31",
        " 2017"
      ]
    },
    {
      "REQ_subtype": "",
      "REQ_type": "",
      "_id": 49,
      "author_id": "not defined",
      "author_name": "Johnny Miller",
      "helpful": "0",
      "polarity": "",
      "rate": 1,
      "response": "",
      "response_date": "",
      "review": "Yes you can crop...yes you can resize...no you can't shrink more than about \n70%... no you can't crop individual layers...there's a function for \nrotating and a function for cropping...if I wanted to rotate I would use \nrotate not crop who the heck programs the rotate and crop functions \ntogether... literally the most frustrating app I have used for editing \nfreaking pictures...god just give me the simple functions like MS Paint \nhas...ffs",
      "review_date": [
        "July",
        "9",
        " 2018"
      ]
    },
    {
      "REQ_subtype": "",
      "REQ_type": "",
      "_id": 50,
      "author_id": "not defined",
      "author_name": "\\ [T] / Tomo",
      "helpful": "3",
      "polarity": "",
      "rate": 2,
      "response": "",
      "response_date": "",
      "review": "Quality. Adding an image to be edited, extremely reduces quality to the point i can clearly see individual pixels of things. Why you can't keep the quality of the original phit is beyond me but it is really frustrating.",
      "review_date": [
        "March",
        "27",
        " 2018"
      ]
    },
    {
      "REQ_subtype": "",
      "REQ_type": "",
      "_id": 51,
      "author_id": "not defined",
      "author_name": "Ethan Fox",
      "helpful": "1",
      "polarity": "",
      "rate": 2,
      "response": "",
      "response_date": "",
      "review": "Cannot open files from \"Downloads\" to use, which is a nuisance. Cut out is \nvery hit or miss and does not work well for faces. Crashes are common. \nNeeds work.",
      "review_date": [
        "June",
        "7",
        " 2018"
      ]
    },
    {
      "REQ_subtype": "",
      "REQ_type": "",
      "_id": 52,
      "author_id": "not defined",
      "author_name": "speedyness",
      "helpful": "1",
      "polarity": "",
      "rate": 2,
      "response": "",
      "response_date": "",
      "review": "At first very satisfied. Even though the things you can do are very \nlimited. Until app crashed and hours of work disappeared. Definitely not a \nrecommendation. Only usefull for small fixed/projects.",
      "review_date": [
        "July",
        "1",
        " 2018"
      ]
    },
    {
      "REQ_subtype": "",
      "REQ_type": "",
      "_id": 53,
      "author_id": "not defined",
      "author_name": "Joseph Smith",
      "helpful": "0",
      "polarity": "",
      "rate": 5,
      "response": "",
      "response_date": "",
      "review": "UPDATED REVIEW. they just \"updated\" this app. By update i mean returned it to its former glory. Now i once again LOVE IT! i will leave my old review below as a reminder of how they went astray.  OLD REVIEW. This app used to be my favorite. The update removed the only tools that made this app useful. No layers? No cut out? Now its just like the thousands of other useless apps out there to adjust brightness and tint. Pssst. We can use the stock photo editor on our phones to do all this. Ill check back from time to time to see if they go back to the old version. I have no other reason to ever open this app again.",
      "review_date": [
        "September",
        "21",
        " 2017"
      ]
    },
    {
      "REQ_subtype": "",
      "REQ_type": "",
      "_id": 54,
      "author_id": "not defined",
      "author_name": "Vito DeCarlo",
      "helpful": "1",
      "polarity": "",
      "rate": 1,
      "response": "",
      "response_date": "",
      "review": "Horrible quality images taken from my Google Pixel. No camera settings or \ncontrol. Backs up all of your photos taken through the app it from your \ngallery, to their own cloud, with no option to disable the feature.",
      "review_date": [
        "April",
        "22",
        " 2018"
      ]
    },
    {
      "REQ_subtype": "",
      "REQ_type": "",
      "_id": 55,
      "author_id": "not defined",
      "author_name": "Rebecca B",
      "helpful": "0",
      "polarity": "",
      "rate": 4,
      "response": "",
      "response_date": "",
      "review": "I adore this app, but it keep deleting my projects while I am working on \nthem and closing. I have to keep remaking them over and over and hoping it \nwon't crash. Previous versions of this never had this issue, and it makes \nme upset because I love this app greatly.",
      "review_date": [
        "July",
        "11",
        " 2018"
      ]
    },
    {
      "REQ_subtype": "",
      "REQ_type": "",
      "_id": 56,
      "author_id": "not defined",
      "author_name": "Alexander Macleay",
      "helpful": "0",
      "polarity": "",
      "rate": 3,
      "response": "",
      "response_date": "",
      "review": "The interface is slightly different than the one on my iphone . I would  prefer a numeric input option over scroll bars. No color to alpha , but the blend works well enough. Bottom line, its good for down time designing when my phone is dead and im mocking up project. It is not good for use on the final project",
      "review_date": [
        "March",
        "17",
        " 2018"
      ]
    },
    {
      "REQ_subtype": "",
      "REQ_type": "",
      "_id": 57,
      "author_id": "not defined",
      "author_name": "A Google user",
      "helpful": "0",
      "polarity": "",
      "rate": 5,
      "response": "",
      "response_date": "",
      "review": "If your are wondering if you want to download Or not, PLZ DOWNLOAD IT RIGHT \nNOW!!! It is very useful and I hv a yt channel called the origami world \nplease remember to subscribe to meh!!",
      "review_date": [
        "May",
        "4",
        " 2018"
      ]
    },
    {
      "REQ_subtype": "",
      "REQ_type": "",
      "_id": 58,
      "author_id": "not defined",
      "author_name": "Mariah Reed",
      "helpful": "5",
      "polarity": "",
      "rate": 5,
      "response": "",
      "response_date": "",
      "review": "Really helpful and easy to use once you know your way around. Sometimes gets a bit buggy but exiting out then back in again fixes that problem.",
      "review_date": [
        "October",
        "16",
        " 2017"
      ]
    },
    {
      "REQ_subtype": "",
      "REQ_type": "",
      "_id": 59,
      "author_id": "not defined",
      "author_name": "Nik Wickham",
      "helpful": "2",
      "polarity": "",
      "rate": 1,
      "response": "",
      "response_date": "",
      "review": "Cut-out function is shocking. You can't see what you are doing. The very \nthing it claims do to well. Poor poor UI.",
      "review_date": [
        "April",
        "13",
        " 2018"
      ]
    },
    {
      "REQ_subtype": "",
      "REQ_type": "",
      "_id": 60,
      "author_id": "not defined",
      "author_name": "ALPANA BHATTACHARYA",
      "helpful": "8",
      "polarity": "",
      "rate": 4,
      "response": "",
      "response_date": "",
      "review": "It's great for what I want to do. But I do have an issue with the way you can highlight certain parts of an image, it sometimes gives inaccurate results. But overall it is quite good.",
      "review_date": [
        "September",
        "27",
        " 2017"
      ]
    },
    {
      "REQ_subtype": "",
      "REQ_type": "",
      "_id": 61,
      "author_id": "not defined",
      "author_name": "Zipsterella",
      "helpful": "11",
      "polarity": "",
      "rate": 3,
      "response": "",
      "response_date": "",
      "review": "I'm not sure 'bout nothin'. It says I'm too young for this app. Not really fair. I've been interested in Photoshop and have been looking for a great app. I thought I had found it! But, turns out... I didn't. I'm 12. Not too young. Am I?",
      "review_date": [
        "September",
        "21",
        " 2017"
      ]
    },
    {
      "REQ_subtype": "",
      "REQ_type": "",
      "_id": 62,
      "author_id": "not defined",
      "author_name": "Jayarna Smith",
      "helpful": "1",
      "polarity": "",
      "rate": 1,
      "response": "",
      "response_date": "",
      "review": "Would be nice if I could use the app. After I downloaded it it asks to sign \nup or sign in. Neither options work. It just says error, try again later.",
      "review_date": [
        "May",
        "11",
        " 2018"
      ]
    },
    {
      "REQ_subtype": "",
      "REQ_type": "",
      "_id": 63,
      "author_id": "not defined",
      "author_name": "Thomas Bailey",
      "helpful": "5",
      "polarity": "",
      "rate": 1,
      "response": "",
      "response_date": "",
      "review": "Tried to use this app for something outside of Snapseed's capabilities, but it wants me to sign in or create an account. Not even worth the download for a one-time use with this roadblock.",
      "review_date": [
        "October",
        "28",
        " 2017"
      ]
    },
    {
      "REQ_subtype": "",
      "REQ_type": "",
      "_id": 64,
      "author_id": "not defined",
      "author_name": "A Google user",
      "helpful": "0",
      "polarity": "",
      "rate": 5,
      "response": "",
      "response_date": "",
      "review": "Tons of functionality. It sometimes crashes, but that might be because my phone can't wield the awesome might of Photoshop mix.",
      "review_date": [
        "February",
        "25",
        " 2018"
      ]
    },
    {
      "REQ_subtype": "",
      "REQ_type": "",
      "_id": 65,
      "author_id": "not defined",
      "author_name": "Nina",
      "helpful": "8",
      "polarity": "",
      "rate": 1,
      "response": "",
      "response_date": "",
      "review": "Great app, but it always crashes. After first crash I almost completed my masterpiece and it crashed again at 2:12am. Sad.",
      "review_date": [
        "November",
        "5",
        " 2017"
      ]
    },
    {
      "REQ_subtype": "",
      "REQ_type": "",
      "_id": 66,
      "author_id": "not defined",
      "author_name": "Garret Giouard",
      "helpful": "3",
      "polarity": "",
      "rate": 3,
      "response": "",
      "response_date": "",
      "review": "Pretty good for what it says. Mostly for blending clip art photos. Won't allow past 5 and I need to save and add five more. It's an amateur tool meant for select things such as blending photos.",
      "review_date": [
        "December",
        "27",
        " 2017"
      ]
    },
    {
      "REQ_subtype": "",
      "REQ_type": "",
      "_id": 67,
      "author_id": "not defined",
      "author_name": "C. I-N",
      "helpful": "0",
      "polarity": "",
      "rate": 4,
      "response": "",
      "response_date": "",
      "review": "Works fairly well only complaint that I have which I learned to resolve is \nif you have two images on different layers it becomes harder to crop and \nblend, so crop images seperately then merge them in a new project. Other \nthan that its a nice way to intro to photoshop even if you're not familiar \nwith the full PC version good job developers \ud83d\udc4d\ud83c\udffe",
      "review_date": [
        "April",
        "30",
        " 2018"
      ]
    },
    {
      "REQ_subtype": "",
      "REQ_type": "",
      "_id": 68,
      "author_id": "not defined",
      "author_name": "A Google user",
      "helpful": "5",
      "polarity": "",
      "rate": 2,
      "response": "",
      "response_date": "",
      "review": "Tried this app twice on two separate download s and both times it doesn't work properly. Clicking on 'buttons' doesn't work like the screen isn't lined up with where you touch",
      "review_date": [
        "September",
        "29",
        " 2017"
      ]
    },
    {
      "REQ_subtype": "",
      "REQ_type": "",
      "_id": 69,
      "author_id": "not defined",
      "author_name": "A Google user",
      "helpful": "4",
      "polarity": "",
      "rate": 2,
      "response": "",
      "response_date": "",
      "review": "I'm not sure what's happened with this app, I can no longer drag the layers. This is a fundamental problem and a reason to uninstall. It's a real shame as it was my go-to app for photo manipulation.",
      "review_date": [
        "January",
        "16",
        " 2018"
      ]
    },
    {
      "REQ_subtype": "",
      "REQ_type": "",
      "_id": 70,
      "author_id": "not defined",
      "author_name": "G Littlejohn",
      "helpful": "1",
      "polarity": "",
      "rate": 1,
      "response": "",
      "response_date": "",
      "review": "Stupid. Requires login to use an image editor. Why? You know why. Data data \ndata, baby. Get lost, Adobe.",
      "review_date": [
        "June",
        "21",
        " 2018"
      ]
    },
    {
      "REQ_subtype": "",
      "REQ_type": "",
      "_id": 71,
      "author_id": "not defined",
      "author_name": "bhanuj saharan",
      "helpful": "1",
      "polarity": "",
      "rate": 1,
      "response": "",
      "response_date": "",
      "review": "I really don't know how this app got so many good review. I am not even \nable to make a normal cut out from this app. It sucks big time.",
      "review_date": [
        "June",
        "16",
        " 2018"
      ]
    },
    {
      "REQ_subtype": "",
      "REQ_type": "",
      "_id": 72,
      "author_id": "not defined",
      "author_name": "Wendi Erickson",
      "helpful": "0",
      "polarity": "",
      "rate": 5,
      "response": "",
      "response_date": "",
      "review": "I am a reemerging artist. There is so much that has changed. Technology is a medium in itself. This is wonderful place to explore. I have much to learn and this is a really good place to begin along with some other Adobe APs.",
      "review_date": [
        "October",
        "3",
        " 2017"
      ]
    },
    {
      "REQ_subtype": "",
      "REQ_type": "",
      "_id": 73,
      "author_id": "not defined",
      "author_name": "Peter Wandera Steven",
      "helpful": "1",
      "polarity": "",
      "rate": 4,
      "response": "",
      "response_date": "",
      "review": "It's an amazing app. Awesome capability in terms of compositing but I'm wondering why the apple version has more options than the android version yet they are crucial options for picture manipulation.",
      "review_date": [
        "February",
        "13",
        " 2018"
      ]
    },
    {
      "REQ_subtype": "",
      "REQ_type": "",
      "_id": 74,
      "author_id": "not defined",
      "author_name": "Shawn Ivan Rivera",
      "helpful": "3",
      "polarity": "",
      "rate": 3,
      "response": "",
      "response_date": "",
      "review": "I can't open the app now and everytime I open the app it will automatically close and I don't know what is causing the bug. I will surely give it five stars if you can fix this.",
      "review_date": [
        "September",
        "29",
        " 2017"
      ]
    },
    {
      "REQ_subtype": "",
      "REQ_type": "",
      "_id": 75,
      "author_id": "not defined",
      "author_name": "A Google user",
      "helpful": "0",
      "polarity": "",
      "rate": 1,
      "response": "",
      "response_date": "",
      "review": "after wasting half an hour of my time, as an engineer I failed to combine two images using this app, imagine a lay user using this app for the same reason! that's how bad its usability is",
      "review_date": [
        "November",
        "17",
        " 2017"
      ]
    },
    {
      "REQ_subtype": "",
      "REQ_type": "",
      "_id": 76,
      "author_id": "not defined",
      "author_name": "James Devinarde Wong",
      "helpful": "3",
      "polarity": "",
      "rate": 1,
      "response": "",
      "response_date": "",
      "review": "Sign in errors upon installing and even after rebooting. Can't even use this app. 1 star terrible.",
      "review_date": [
        "November",
        "2",
        " 2017"
      ]
    },
    {
      "REQ_subtype": "",
      "REQ_type": "",
      "_id": 77,
      "author_id": "not defined",
      "author_name": "Riska Ayu Eka Putri",
      "helpful": "0",
      "polarity": "",
      "rate": 2,
      "response": "",
      "response_date": "",
      "review": "I love this app, I need this app. But the button is offside. I always end up touching the wrong button. And most of the time, can't save the image I've edited. Please fix it before your users left you.",
      "review_date": [
        "October",
        "15",
        " 2017"
      ]
    },
    {
      "REQ_subtype": "",
      "REQ_type": "",
      "_id": 78,
      "author_id": "not defined",
      "author_name": "Aditya",
      "helpful": "1",
      "polarity": "",
      "rate": 1,
      "response": "",
      "response_date": "",
      "review": "Veeeeeeeeeeeeerrrrrrrrrrrrrryyyyyyyyyyyy bad app. It is not smooth. Worst \nexperience in the life. Not expected from Adobe.\ud83d\ude25\ud83d\ude15\ud83d\ude24\ud83d\ude2b",
      "review_date": [
        "April",
        "22",
        " 2018"
      ]
    },
    {
      "REQ_subtype": "",
      "REQ_type": "",
      "_id": 79,
      "author_id": "not defined",
      "author_name": "Bryce Shaddix",
      "helpful": "14",
      "polarity": "",
      "rate": 1,
      "response": "",
      "response_date": "",
      "review": "Doesn't seem to work anymore. The new UI is broken",
      "review_date": [
        "September",
        "19",
        " 2017"
      ]
    },
    {
      "REQ_subtype": "",
      "REQ_type": "",
      "_id": 80,
      "author_id": "not defined",
      "author_name": "A Google user",
      "helpful": "0",
      "polarity": "",
      "rate": 5,
      "response": "",
      "response_date": "",
      "review": "Honestly amazing, just what I've been looking for, the best part about it, \nis that it's free and there's no watermark, it's easy to use and very \nefficient. One thing that I'd love as an additional feature is to stretch \nthe image, it would really help when making memes haha, overall great job :)",
      "review_date": [
        "July",
        "6",
        " 2018"
      ]
    },
    {
      "REQ_subtype": "",
      "REQ_type": "",
      "_id": 81,
      "author_id": "not defined",
      "author_name": "Alex Becker",
      "helpful": "1",
      "polarity": "",
      "rate": 4,
      "response": "",
      "response_date": "",
      "review": "I'm very disappointed the android version doesn't allow you to add text \nlike the iPhone version. Otherwise the app is great.",
      "review_date": [
        "April",
        "30",
        " 2018"
      ]
    },
    {
      "REQ_subtype": "",
      "REQ_type": "",
      "_id": 82,
      "author_id": "not defined",
      "author_name": "Semeone Mundy",
      "helpful": "0",
      "polarity": "",
      "rate": 3,
      "response": "",
      "response_date": "",
      "review": "It's a great app but the problem is that the user interface bugs out way \ntoo much. Sometimes the buttons will disappear or overlap with the other \nbuttons. I have to restart the app many times until it fixes itself.",
      "review_date": [
        "June",
        "5",
        " 2018"
      ]
    },
    {
      "REQ_subtype": "",
      "REQ_type": "",
      "_id": 83,
      "author_id": "not defined",
      "author_name": "Dennis Guerra",
      "helpful": "0",
      "polarity": "",
      "rate": 1,
      "response": "",
      "response_date": "",
      "review": "Could not do anything with cut out or blend on Pixel. Wasted of time.",
      "review_date": [
        "September",
        "18",
        " 2017"
      ]
    },
    {
      "REQ_subtype": "",
      "REQ_type": "",
      "_id": 84,
      "author_id": "not defined",
      "author_name": "Kevin Dowdell",
      "helpful": "0",
      "polarity": "",
      "rate": 4,
      "response": "",
      "response_date": "",
      "review": "Compositing images on mobile is exactly what I needed, and it can do it \nwell. Inputs are a little inconsistent, but it just takes a bit of patience.",
      "review_date": [
        "June",
        "24",
        " 2018"
      ]
    },
    {
      "REQ_subtype": "",
      "REQ_type": "",
      "_id": 85,
      "author_id": "not defined",
      "author_name": "Dean Faccini",
      "helpful": "0",
      "polarity": "",
      "rate": 2,
      "response": "",
      "response_date": "",
      "review": "Buggy. Many functions fail to work e.g. crop, filters, selecting layers. It \noften freezes and crashes. Used on a Pixel 2 XL.",
      "review_date": [
        "June",
        "28",
        " 2018"
      ]
    },
    {
      "REQ_subtype": "",
      "REQ_type": "",
      "_id": 86,
      "author_id": "not defined",
      "author_name": "A Google user",
      "helpful": "2",
      "polarity": "",
      "rate": 2,
      "response": "",
      "response_date": "",
      "review": "If I can't try it, even for a limited time, before having to make (yet another) account for me to keep track of, then I won't even bother. Uninstalling.",
      "review_date": [
        "January",
        "17",
        " 2018"
      ]
    },
    {
      "REQ_subtype": "",
      "REQ_type": "",
      "_id": 87,
      "author_id": "not defined",
      "author_name": "ARS Studio",
      "helpful": "0",
      "polarity": "",
      "rate": 1,
      "response": "",
      "response_date": "",
      "review": "Adobe!!!!! You have finally outdone yourself. No option to manually set \ncanvas size. The crop tool method SUCKS!!!!!!!!! HALF MY PICTURE IS CUT OUT \nIN ANY ATTEMPT TO RESIZE THE CANVAS. FIX TOUR SAMN APP QUICKLY.",
      "review_date": [
        "May",
        "1",
        " 2018"
      ]
    },
    {
      "REQ_subtype": "",
      "REQ_type": "",
      "_id": 88,
      "author_id": "not defined",
      "author_name": "A Google user",
      "helpful": "0",
      "polarity": "",
      "rate": 1,
      "response": "",
      "response_date": "",
      "review": "Stupid! They wanna know too much info.",
      "review_date": [
        "March",
        "18",
        " 2018"
      ]
    },
    {
      "REQ_subtype": "",
      "REQ_type": "",
      "_id": 89,
      "author_id": "not defined",
      "author_name": "Tivah Hertz",
      "helpful": "0",
      "polarity": "",
      "rate": 2,
      "response": "",
      "response_date": "",
      "review": "Loved it. But it's been freezing for a long time. And no updated that fixes it so far. Like ALL Adobe photo edit apps.",
      "review_date": [
        "October",
        "10",
        " 2017"
      ]
    },
    {
      "REQ_subtype": "",
      "REQ_type": "",
      "_id": 90,
      "author_id": "not defined",
      "author_name": "A Google user",
      "helpful": "1",
      "polarity": "",
      "rate": 4,
      "response": "",
      "response_date": "",
      "review": "Cut out option could be a little less heavy handed, more refinement. Overall good app.",
      "review_date": [
        "December",
        "9",
        " 2017"
      ]
    },
    {
      "REQ_subtype": "",
      "REQ_type": "",
      "_id": 91,
      "author_id": "not defined",
      "author_name": "crystal Unicorn32",
      "helpful": "1",
      "polarity": "",
      "rate": 1,
      "response": "",
      "response_date": "",
      "review": "It just would not let me sign in at all please fix it or do something I put in my email and name and password and it says no it just needs to be fixed.",
      "review_date": [
        "January",
        "28",
        " 2018"
      ]
    },
    {
      "REQ_subtype": "",
      "REQ_type": "",
      "_id": 92,
      "author_id": "not defined",
      "author_name": "chocochipthepug 1",
      "helpful": "1",
      "polarity": "",
      "rate": 5,
      "response": "",
      "response_date": "",
      "review": "So far, its great, my bad photos are now great photos. The only problem is that it crashes, and or freezes, every time I use it, not saving the photo I was progressing in. Other than that, its a great app, would reccommend.",
      "review_date": [
        "October",
        "19",
        " 2017"
      ]
    },
    {
      "REQ_subtype": "",
      "REQ_type": "",
      "_id": 93,
      "author_id": "not defined",
      "author_name": "Leslie Thomason",
      "helpful": "0",
      "polarity": "",
      "rate": 5,
      "response": "",
      "response_date": "",
      "review": "This thing is handy for a beginner like me. I have no idea what I'm doing and the next thing you know I'm making some really cool pictures that are spliced together. Thanks Adobe!",
      "review_date": [
        "March",
        "20",
        " 2018"
      ]
    },
    {
      "REQ_subtype": "",
      "REQ_type": "",
      "_id": 94,
      "author_id": "not defined",
      "author_name": "skoopy 101",
      "helpful": "1",
      "polarity": "",
      "rate": 4,
      "response": "",
      "response_date": "",
      "review": "I'll give 4 stars because I'm having problems were if I try to cut a picture I have to tap under the cut icon to cut my picture and sometimes the option to save/share disappears I'll give it 4 stars for now",
      "review_date": [
        "March",
        "4",
        " 2018"
      ]
    },
    {
      "REQ_subtype": "",
      "REQ_type": "",
      "_id": 95,
      "author_id": "not defined",
      "author_name": "Maralgua Odkhuu",
      "helpful": "2",
      "polarity": "",
      "rate": 2,
      "response": "",
      "response_date": "",
      "review": "It stops working during my edit and it closes right after an error. So I have to start all over again. Fix this, please.",
      "review_date": [
        "December",
        "8",
        " 2017"
      ]
    },
    {
      "REQ_subtype": "",
      "REQ_type": "",
      "_id": 96,
      "author_id": "not defined",
      "author_name": "Satoru Channel",
      "helpful": "14",
      "polarity": "",
      "rate": 5,
      "response": "",
      "response_date": "",
      "review": "Better than anything you can find at Play Store. The only thing I miss is the possibility to add a solid color background.",
      "review_date": [
        "January",
        "30",
        " 2018"
      ]
    },
    {
      "REQ_subtype": "",
      "REQ_type": "",
      "_id": 97,
      "author_id": "not defined",
      "author_name": "Lok Weng See",
      "helpful": "0",
      "polarity": "",
      "rate": 1,
      "response": "",
      "response_date": "",
      "review": "It is very bad. Cut outs are impposible to use because the smart brush is \nkina like a dumb brush because all it does is make you cut out pixelated. \nAnd the auto cut feature is very bad. And it lacks features copared to IOS",
      "review_date": [
        "May",
        "14",
        " 2018"
      ]
    },
    {
      "REQ_subtype": "",
      "REQ_type": "",
      "_id": 98,
      "author_id": "not defined",
      "author_name": "Ale Melo",
      "helpful": "1",
      "polarity": "",
      "rate": 3,
      "response": "",
      "response_date": "",
      "review": "The app works fine, or worked.. since the last update it stopped having support for transparency in PNG pics... Now it's useless for me...",
      "review_date": [
        "April",
        "6",
        " 2018"
      ]
    },
    {
      "REQ_subtype": "",
      "REQ_type": "",
      "_id": 99,
      "author_id": "not defined",
      "author_name": "Lesya Zilberova",
      "helpful": "2",
      "polarity": "",
      "rate": 1,
      "response": "",
      "response_date": "",
      "review": "EVERY SINGLE TIME I DO SOMETHING IT CRASHES AND I CANT DO ANYTHING ABOUT IT. IT DOESENT SAVE AND ALL MY WORK DISAPPEARS",
      "review_date": [
        "January",
        "14",
        " 2018"
      ]
    },
    {
      "REQ_subtype": "",
      "REQ_type": "",
      "_id": 100,
      "author_id": "not defined",
      "author_name": "Jonathan Rychlik",
      "helpful": "6",
      "polarity": "",
      "rate": 2,
      "response": "",
      "response_date": "",
      "review": "Y CAN'T I ADJUST THE STRENGTH OF THE AUTO CUT OUT THING!?!??!? Other then that it's a pretty solid app.",
      "review_date": [
        "October",
        "10",
        " 2017"
      ]
    },
    {
      "REQ_subtype": "",
      "REQ_type": "",
      "_id": 101,
      "author_id": "not defined",
      "author_name": "Alexander Nightroad",
      "helpful": "0",
      "polarity": "",
      "rate": 5,
      "response": "",
      "response_date": "",
      "review": "I was looking for an app to cut images and paste them onto other images for lulz. After so many failures, this gem shines. I put my friends face onto a 500lb naked rlderly gamer man. 5/5 would troll again!",
      "review_date": [
        "January",
        "22",
        " 2018"
      ]
    },
    {
      "REQ_subtype": "",
      "REQ_type": "",
      "_id": 102,
      "author_id": "not defined",
      "author_name": "ii Amber",
      "helpful": "0",
      "polarity": "",
      "rate": 4,
      "response": "",
      "response_date": "",
      "review": "I wish there was a rotate button to like switch the picture upside down or \naround to make some things more realistic but otherwise than that it's a \ngood app. Maybe provide some kind of color wheel? But it's good especially \nsince I make funny pictures",
      "review_date": [
        "May",
        "22",
        " 2018"
      ]
    },
    {
      "REQ_subtype": "",
      "REQ_type": "",
      "_id": 103,
      "author_id": "not defined",
      "author_name": "Levi Morgan",
      "helpful": "3",
      "polarity": "",
      "rate": 1,
      "response": "",
      "response_date": "",
      "review": "I was making a BTS edit and the thing crashed. I couldn't open the app and when I could it was slow and crashed again. Thanks.",
      "review_date": [
        "October",
        "23",
        " 2017"
      ]
    },
    {
      "REQ_subtype": "",
      "REQ_type": "",
      "_id": 104,
      "author_id": "not defined",
      "author_name": "Chirag Soin",
      "helpful": "0",
      "polarity": "",
      "rate": 1,
      "response": "",
      "response_date": "",
      "review": "Thanks Adobe to making me help because I am finding this type of editors \napp in my play store from 5 days and anyone who told me about this I just \nconnect to my wifi and download it thank you for making this app and \nputting some exciting features in it ..I m glad to download it and using it \nit just make my photoes more real than others thank you very much Adobe I \nlike eyour company a I wanted to sponsor you but I am nonentity and I think \ni can't because I m still studying I school thank you very much Adobe",
      "review_date": [
        "June",
        "28",
        " 2018"
      ]
    },
    {
      "REQ_subtype": "",
      "REQ_type": "",
      "_id": 105,
      "author_id": "not defined",
      "author_name": "A Google user",
      "helpful": "0",
      "polarity": "",
      "rate": 1,
      "response": "",
      "response_date": "",
      "review": "Its sooooooooo slow to use it doesn't do the things I wanted it to do waist of time and storage. I highly wouldn't recommend it...",
      "review_date": [
        "March",
        "19",
        " 2018"
      ]
    },
    {
      "REQ_subtype": "",
      "REQ_type": "",
      "_id": 106,
      "author_id": "not defined",
      "author_name": "Pale Godwit",
      "helpful": "1",
      "polarity": "",
      "rate": 1,
      "response": "",
      "response_date": "",
      "review": "ATTENTION!!! DO NOT DOWNLOAD!! will not allow you to use local assets or files!",
      "review_date": [
        "January",
        "22",
        " 2018"
      ]
    },
    {
      "REQ_subtype": "",
      "REQ_type": "",
      "_id": 107,
      "author_id": "not defined",
      "author_name": "Aleksa Cicarevic",
      "helpful": "1",
      "polarity": "",
      "rate": 5,
      "response": "",
      "response_date": "",
      "review": "It's easy to use, fun, and you can get allot done. Though the cut out tool can get a bit finicky.",
      "review_date": [
        "January",
        "19",
        " 2018"
      ]
    },
    {
      "REQ_subtype": "",
      "REQ_type": "",
      "_id": 108,
      "author_id": "not defined",
      "author_name": "Helen Craythorne",
      "helpful": "0",
      "polarity": "",
      "rate": 3,
      "response": "",
      "response_date": "",
      "review": "Needs an update. Keeps crashing or taking forever to load or go back. Good \napp but have to be patient to use",
      "review_date": [
        "June",
        "18",
        " 2018"
      ]
    },
    {
      "REQ_subtype": "",
      "REQ_type": "",
      "_id": 109,
      "author_id": "not defined",
      "author_name": "David Sullivan",
      "helpful": "1",
      "polarity": "",
      "rate": 1,
      "response": "",
      "response_date": "",
      "review": "Requires sign in to even look at the app and its features. There is no reason other than data mining to require a sign in to crop a picture. Uninstalled.",
      "review_date": [
        "December",
        "20",
        " 2017"
      ]
    },
    {
      "REQ_subtype": "",
      "REQ_type": "",
      "_id": 110,
      "author_id": "not defined",
      "author_name": "nita spartan",
      "helpful": "1",
      "polarity": "",
      "rate": 1,
      "response": "",
      "response_date": "",
      "review": "This app sucks, not user friendly at all, it lags and it won't let me adjust the photograph into the position I want",
      "review_date": [
        "October",
        "24",
        " 2017"
      ]
    },
    {
      "REQ_subtype": "",
      "REQ_type": "",
      "_id": 111,
      "author_id": "not defined",
      "author_name": "Matte Birchler",
      "helpful": "0",
      "polarity": "",
      "rate": 5,
      "response": "",
      "response_date": "",
      "review": "First impression was when I could take a sunrise photo. Then within 5 min I could do things on mobile across all platforms. Impressive.",
      "review_date": [
        "January",
        "30",
        " 2018"
      ]
    },
    {
      "REQ_subtype": "",
      "REQ_type": "",
      "_id": 112,
      "author_id": "not defined",
      "author_name": "L\u0394",
      "helpful": "3",
      "polarity": "",
      "rate": 2,
      "response": "",
      "response_date": "",
      "review": "The cut out doesn't work properly like it used to. Sometimes it'll let me cut out once and others it won't let me at all. Please fix.",
      "review_date": [
        "October",
        "14",
        " 2017"
      ]
    },
    {
      "REQ_subtype": "",
      "REQ_type": "",
      "_id": 113,
      "author_id": "not defined",
      "author_name": "Jake Utah",
      "helpful": "5",
      "polarity": "",
      "rate": 5,
      "response": "",
      "response_date": "",
      "review": "Great focused app, very powerful. This is the one you want for mixing \nimages. The rest out there is garbage.",
      "review_date": [
        "June",
        "13",
        " 2018"
      ]
    },
    {
      "REQ_subtype": "",
      "REQ_type": "",
      "_id": 114,
      "author_id": "not defined",
      "author_name": "Donza Threedee",
      "helpful": "0",
      "polarity": "",
      "rate": 1,
      "response": "",
      "response_date": "",
      "review": "Ok I'm a PShop user and this seems like it would be easy to use BUT is this \njust a tutorial? Nowhere does it allow you to open a file to modify it or \nstart a new one??? I see reviews that its great but they must be talking \nabout some other app. Note 8",
      "review_date": [
        "June",
        "29",
        " 2018"
      ]
    },
    {
      "REQ_subtype": "",
      "REQ_type": "",
      "_id": 115,
      "author_id": "not defined",
      "author_name": "RAKAN AJ7",
      "helpful": "0",
      "polarity": "",
      "rate": 5,
      "response": "",
      "response_date": "",
      "review": "Greatest app I could find to my extent! Used to be pretty laggy but over time it has improved alot",
      "review_date": [
        "February",
        "12",
        " 2018"
      ]
    },
    {
      "REQ_subtype": "",
      "REQ_type": "",
      "_id": 116,
      "author_id": "not defined",
      "author_name": "KAVITY GAMING",
      "helpful": "1",
      "polarity": "",
      "rate": 5,
      "response": "",
      "response_date": "",
      "review": "I love how it gives just enough editing power for free it's all enough to \nmake some amazing art",
      "review_date": [
        "July",
        "14",
        " 2018"
      ]
    },
    {
      "REQ_subtype": "",
      "REQ_type": "",
      "_id": 117,
      "author_id": "not defined",
      "author_name": "Malik LA",
      "helpful": "0",
      "polarity": "",
      "rate": 4,
      "response": "",
      "response_date": "",
      "review": "Really I have been waiting an update to fix picture movement when I use two fingers to move it nothing happens the app is still buggy but on iphone everything is fine ...this app should be included in early access apps",
      "review_date": [
        "March",
        "30",
        " 2018"
      ]
    },
    {
      "REQ_subtype": "",
      "REQ_type": "",
      "_id": 118,
      "author_id": "not defined",
      "author_name": "Paul D",
      "helpful": "3",
      "polarity": "",
      "rate": 1,
      "response": "",
      "response_date": "",
      "review": "Cannot use app without logging into their cloud service. Privacy compromised.",
      "review_date": [
        "December",
        "19",
        " 2017"
      ]
    },
    {
      "REQ_subtype": "",
      "REQ_type": "",
      "_id": 119,
      "author_id": "not defined",
      "author_name": "A Google user",
      "helpful": "0",
      "polarity": "",
      "rate": 3,
      "response": "",
      "response_date": "",
      "review": "I've changed my password for several times and then login, and also tried \nto login via Google and Facebook,but the app always notices me that there \nwas an error during login and suggest me to login again.I used Google to \nsearch this problem,but in Adobe's community,I saw Adobe customer service \nstuff didn't give the answer to a user who faced the same problem as me",
      "review_date": [
        "May",
        "26",
        " 2018"
      ]
    },
    {
      "REQ_subtype": "",
      "REQ_type": "",
      "_id": 120,
      "author_id": "not defined",
      "author_name": "M.Abdullah Khurshid",
      "helpful": "0",
      "polarity": "",
      "rate": 4,
      "response": "",
      "response_date": "",
      "review": "Hey Sir I can't Sign In to this App I am using Adobe Photoshop Touch and there I can Sign in but here in Adobe Photoshop Mix I can not Sign in There Comes an Error whenever I try To SIGN IN PLZ HELP",
      "review_date": [
        "December",
        "27",
        " 2017"
      ]
    },
    {
      "REQ_subtype": "",
      "REQ_type": "",
      "_id": 121,
      "author_id": "not defined",
      "author_name": "Delwyn Bell",
      "helpful": "1",
      "polarity": "",
      "rate": 3,
      "response": "",
      "response_date": "",
      "review": "It lacks compared to photoshop touch.Needs an intensity setting for \nselecting objects.Needs refine edge tools.Color range selection tools.The \nadd /subtract method was better .I use a galaxy note 8 phone with the \nincluded stylus and this should give me an edge on selecting things but it \ndoesn't.Removing tight parts from objects is a little more difficult and \nthe result is not as defined.I use to do this with ease in P.S. touch.Plus \nI purchased P.S. touch for 9 bucks and can't use it because it's not \ncompatible with note 8 phones because it needs a new update to the app In \nthe google playstore.If you purchased it in the past you should be able to \ncontinue using it.Photoshop touch was truly the best selection app for note \nphone user's This Photoshop fix app has potential to be 5 stars but needs a \nlot of enhancements to compare.Please improve the selection tools so they \nare not so basic.",
      "review_date": [
        "May",
        "20",
        " 2018"
      ]
    },
    {
      "REQ_subtype": "",
      "REQ_type": "",
      "_id": 122,
      "author_id": "not defined",
      "author_name": "A Google user",
      "helpful": "2",
      "polarity": "",
      "rate": 4,
      "response": "",
      "response_date": "",
      "review": "How do I resize canvas to my preference and not just the picture resolution?",
      "review_date": [
        "January",
        "9",
        " 2018"
      ]
    },
    {
      "REQ_subtype": "",
      "REQ_type": "",
      "_id": 123,
      "author_id": "not defined",
      "author_name": "A Google user",
      "helpful": "0",
      "polarity": "",
      "rate": 1,
      "response": "",
      "response_date": "",
      "review": "I don't want create any account in application, so I can't use it! If not change will remove application. It is very annoyingly to demand make account! Let user install and use first and then user can decide need he make account or no!",
      "review_date": [
        "April",
        "9",
        " 2018"
      ]
    },
    {
      "REQ_subtype": "",
      "REQ_type": "",
      "_id": 124,
      "author_id": "not defined",
      "author_name": "Margaret Aranjuez",
      "helpful": "0",
      "polarity": "",
      "rate": 4,
      "response": "",
      "response_date": "",
      "review": "This worked so good when I needed to do some editing and my laptop was MIA, \ngood work! I hope that you can also incorporate some very helpful functions \nthat adobe desktop/pc has in here but kudos team!",
      "review_date": [
        "July",
        "1",
        " 2018"
      ]
    },
    {
      "REQ_subtype": "",
      "REQ_type": "",
      "_id": 125,
      "author_id": "not defined",
      "author_name": "Evan Rolland",
      "helpful": "5",
      "polarity": "",
      "rate": 3,
      "response": "",
      "response_date": "",
      "review": "Since the update it's impossible to recrop larger than the original photo, please fix it and it will be great again \ud83d\udc4c",
      "review_date": [
        "September",
        "20",
        " 2017"
      ]
    },
    {
      "REQ_subtype": "",
      "REQ_type": "",
      "_id": 126,
      "author_id": "not defined",
      "author_name": "A Google user",
      "helpful": "0",
      "polarity": "",
      "rate": 3,
      "response": "",
      "response_date": "",
      "review": "umm i love it but .... its not even equal to the ios version. On my iphone \ni had the 'fill' option which was legendary but when i switched to my \nandroid , the version of photoshop was average.",
      "review_date": [
        "May",
        "27",
        " 2018"
      ]
    },
    {
      "REQ_subtype": "",
      "REQ_type": "",
      "_id": 127,
      "author_id": "not defined",
      "author_name": "A Google user",
      "helpful": "0",
      "polarity": "",
      "rate": 5,
      "response": "",
      "response_date": "",
      "review": "This is amazing. I like it so much.its little bit hard because i didnot use \nany thing like that",
      "review_date": [
        "July",
        "10",
        " 2018"
      ]
    },
    {
      "REQ_subtype": "",
      "REQ_type": "",
      "_id": 128,
      "author_id": "not defined",
      "author_name": "cancerousHomestuck",
      "helpful": "0",
      "polarity": "",
      "rate": 2,
      "response": "",
      "response_date": "",
      "review": "Used to work very well but recently it for some reason whenever I press anything it goes further up from where I pressed making it near impossible to do anything",
      "review_date": [
        "January",
        "31",
        " 2018"
      ]
    },
    {
      "REQ_subtype": "",
      "REQ_type": "",
      "_id": 129,
      "author_id": "not defined",
      "author_name": "Vaporwave Xan",
      "helpful": "0",
      "polarity": "",
      "rate": 2,
      "response": "",
      "response_date": "",
      "review": "This app was horrible. It's slow, unresponsive, it won't let me use the vairous tools when I select them, I can't zoom in or out and I tried this on multiple devices and had the same issues. I'm dissapointed.",
      "review_date": [
        "September",
        "29",
        " 2017"
      ]
    },
    {
      "REQ_subtype": "",
      "REQ_type": "",
      "_id": 130,
      "author_id": "not defined",
      "author_name": "A Google user",
      "helpful": "0",
      "polarity": "",
      "rate": 1,
      "response": "",
      "response_date": "",
      "review": "Not to be dramatic, but this app is an affront against God. By trying to \nmake Photoshop accessible to the unwashed masses, Adobe has robbed me of \nthe once-exclusive Photoshop abilities awarded to me by staying inside and \ndrawing Neopets on the computer instead of talking to other children in \nreal life. My Neopet's wife's Neo-owner faked cancer and then ghosted me, \nAdobe, but I weathered that storm so that I could be a part of the elite \ncraftsmen capable of putting Waluigi's face on top of a slick and oiled up \nbodybuilder's torso. And this is how you do me? You replace my single \nfamiliar app with two whose features confound me as if I were an out of \ntouch, wizened crone, a silent reminder of the passage of time? You put \nhammer to steel and pull from your forge a glowing, red-hot digital memento \nmori? Lay me in my casket face-down, Adobe, so that you might gaze upon the \nknife in my back.",
      "review_date": [
        "July",
        "7",
        " 2018"
      ]
    },
    {
      "REQ_subtype": "",
      "REQ_type": "",
      "_id": 131,
      "author_id": "not defined",
      "author_name": "A Google user",
      "helpful": "0",
      "polarity": "",
      "rate": 1,
      "response": "",
      "response_date": "",
      "review": "Total scam, wants to.hacl.your phone and private data. Not interested in your cloud scams",
      "review_date": [
        "September",
        "22",
        " 2017"
      ]
    },
    {
      "REQ_subtype": "",
      "REQ_type": "",
      "_id": 132,
      "author_id": "not defined",
      "author_name": "Random Human",
      "helpful": "0",
      "polarity": "",
      "rate": 3,
      "response": "",
      "response_date": "",
      "review": "It is pretty good so far of it wasn't for one thing. Everything you have to click, the icon is like an inch above where you actually have to click! I can't even click some buttons because it goes off the screen!!! Fix this and I'll rate 5 stars.",
      "review_date": [
        "November",
        "9",
        " 2017"
      ]
    },
    {
      "REQ_subtype": "",
      "REQ_type": "",
      "_id": 133,
      "author_id": "not defined",
      "author_name": "A Google user",
      "helpful": "0",
      "polarity": "",
      "rate": 2,
      "response": "",
      "response_date": "",
      "review": "I hated it it doesnt even let you save it it says it saves and then 1 minute later IT DID NOT SAVE.dont trust this game",
      "review_date": [
        "March",
        "21",
        " 2018"
      ]
    },
    {
      "REQ_subtype": "",
      "REQ_type": "",
      "_id": 134,
      "author_id": "not defined",
      "author_name": "Nathan Woodford",
      "helpful": "0",
      "polarity": "",
      "rate": 3,
      "response": "",
      "response_date": "",
      "review": "The \"cut out\" feature has serious bugs. It keeps cutting out portions of \nthe background even when my finger is nowhere near it. Please fix this, \nthis is very frustrating.",
      "review_date": [
        "May",
        "25",
        " 2018"
      ]
    },
    {
      "REQ_subtype": "",
      "REQ_type": "",
      "_id": 135,
      "author_id": "not defined",
      "author_name": "Katt Sabbath",
      "helpful": "0",
      "polarity": "",
      "rate": 4,
      "response": "",
      "response_date": "",
      "review": "I've just started using this app,as i'm still working my way through how to \nuse it,please excuse me for leaving 4 stars..i'm sure i'll amend this after \na few days of using it \u263a",
      "review_date": [
        "July",
        "2",
        " 2018"
      ]
    },
    {
      "REQ_subtype": "",
      "REQ_type": "",
      "_id": 136,
      "author_id": "not defined",
      "author_name": "Trish Pettis",
      "helpful": "0",
      "polarity": "",
      "rate": 2,
      "response": "",
      "response_date": "",
      "review": "The buttons are offset a half to a 1/3rd inch. It's extremely difficult to \nuse because I can't tell which icon I'll be pressing, and there are some \nbuttons I can't use period due to the offset",
      "review_date": [
        "July",
        "3",
        " 2018"
      ]
    },
    {
      "REQ_subtype": "",
      "REQ_type": "",
      "_id": 137,
      "author_id": "not defined",
      "author_name": "Mikayla R",
      "helpful": "0",
      "polarity": "",
      "rate": 3,
      "response": "",
      "response_date": "",
      "review": "This app is great if it works properly. I agree with others in that there's a bug which offsets the selection process. For example, I'll try and select the \u2714 indicating to save my work and it thinks I'm selecting the function above it.",
      "review_date": [
        "February",
        "9",
        " 2018"
      ]
    },
    {
      "REQ_subtype": "",
      "REQ_type": "",
      "_id": 138,
      "author_id": "not defined",
      "author_name": "Yoel ganapol",
      "helpful": "0",
      "polarity": "",
      "rate": 2,
      "response": "",
      "response_date": "",
      "review": "App has an offset when using my Samsung S8, so i cannot press the submit button and the work process is awful because of that.",
      "review_date": [
        "February",
        "23",
        " 2018"
      ]
    },
    {
      "REQ_subtype": "",
      "REQ_type": "",
      "_id": 139,
      "author_id": "not defined",
      "author_name": "Vangie La UnikaRemix",
      "helpful": "0",
      "polarity": "",
      "rate": 5,
      "response": "",
      "response_date": "",
      "review": "I think I'm in love! No joke! Adobe you have outdone yourself! This is outstanding! I feel so capable of achieving a lifelong dream of being a graphic designer/ small business owner. thank you is ...just a speck of my appreciation.",
      "review_date": [
        "April",
        "1",
        " 2018"
      ]
    },
    {
      "REQ_subtype": "",
      "REQ_type": "",
      "_id": 140,
      "author_id": "not defined",
      "author_name": "Rmn ENT.",
      "helpful": "1",
      "polarity": "",
      "rate": 4,
      "response": "",
      "response_date": "",
      "review": "It's good but it's hard to understand how to use it at first . You people should try and make it a little bit more easy to understand",
      "review_date": [
        "November",
        "22",
        " 2017"
      ]
    },
    {
      "REQ_subtype": "",
      "REQ_type": "",
      "_id": 141,
      "author_id": "not defined",
      "author_name": "a stupid monk",
      "helpful": "1",
      "polarity": "",
      "rate": 1,
      "response": "",
      "response_date": "",
      "review": "Very very slow! Google's Snapseed does this job very effectively with so many other features!",
      "review_date": [
        "November",
        "21",
        " 2017"
      ]
    },
    {
      "REQ_subtype": "",
      "REQ_type": "",
      "_id": 142,
      "author_id": "not defined",
      "author_name": "NubeTube 24",
      "helpful": "0",
      "polarity": "",
      "rate": 1,
      "response": "",
      "response_date": "",
      "review": "Every time you do something a loading screen appears on your screen that doesn't stop, your app is slow and is completely useless and is garbage.",
      "review_date": [
        "March",
        "6",
        " 2018"
      ]
    },
    {
      "REQ_subtype": "",
      "REQ_type": "",
      "_id": 143,
      "author_id": "not defined",
      "author_name": "Warf White",
      "helpful": "0",
      "polarity": "",
      "rate": 1,
      "response": "",
      "response_date": "",
      "review": "Stupid! Doesn't let you do ANYTHING, unless you sign up for a (free) online account. All I want to do is edit an image, I don't want to create an online presence.",
      "review_date": [
        "February",
        "25",
        " 2018"
      ]
    },
    {
      "REQ_subtype": "",
      "REQ_type": "",
      "_id": 144,
      "author_id": "not defined",
      "author_name": "L Prince",
      "helpful": "0",
      "polarity": "",
      "rate": 1,
      "response": "",
      "response_date": "",
      "review": "Cannot use the app show Screen overlay and ask to change the settings.. Could not find the said setting ... Just wasted sone time and data",
      "review_date": [
        "March",
        "1",
        " 2018"
      ]
    },
    {
      "REQ_subtype": "",
      "REQ_type": "",
      "_id": 145,
      "author_id": "not defined",
      "author_name": "Joss Stehbens",
      "helpful": "0",
      "polarity": "",
      "rate": 1,
      "response": "",
      "response_date": "",
      "review": "Requires a sign up before you can even try the program. That's an instant uninstall for me, because I don't even know if I like the program so why would I sign up for it, especially using Google or social media logins? Even signing up with a new account, I'm not going to give my personal information without being able to try the program first.",
      "review_date": [
        "March",
        "29",
        " 2018"
      ]
    },
    {
      "REQ_subtype": "",
      "REQ_type": "",
      "_id": 146,
      "author_id": "not defined",
      "author_name": "A Google user",
      "helpful": "0",
      "polarity": "",
      "rate": 2,
      "response": "",
      "response_date": "",
      "review": "Seems ok for blending but the app gets stuck sometimes where I can select options or save anything unless I close out of it 3 or 4 times",
      "review_date": [
        "March",
        "18",
        " 2018"
      ]
    },
    {
      "REQ_subtype": "",
      "REQ_type": "",
      "_id": 147,
      "author_id": "not defined",
      "author_name": "TG Ian",
      "helpful": "1",
      "polarity": "",
      "rate": 5,
      "response": "",
      "response_date": "",
      "review": "It does not actually pressing what i press.. it selecting the thing on top of my finger",
      "review_date": [
        "April",
        "11",
        " 2018"
      ]
    },
    {
      "REQ_subtype": "",
      "REQ_type": "",
      "_id": 148,
      "author_id": "not defined",
      "author_name": "Ben Elphick",
      "helpful": "0",
      "polarity": "",
      "rate": 2,
      "response": "",
      "response_date": "",
      "review": "It works... sometimes, and that's the problem. Too many times has the app \ncrashed and erased all progress. But no more, I'm finding a new app \ud83d\udc94",
      "review_date": [
        "June",
        "15",
        " 2018"
      ]
    },
    {
      "REQ_subtype": "",
      "REQ_type": "",
      "_id": 149,
      "author_id": "not defined",
      "author_name": "Justin Hafeman",
      "helpful": "0",
      "polarity": "",
      "rate": 3,
      "response": "",
      "response_date": "",
      "review": "It's a great app, but duplicating layers seems buggy, the app crashes every time I try to do, otherwise I haven't run into any other problems.",
      "review_date": [
        "March",
        "22",
        " 2018"
      ]
    },
    {
      "REQ_subtype": "",
      "REQ_type": "",
      "_id": 150,
      "author_id": "not defined",
      "author_name": "A Google user",
      "helpful": "0",
      "polarity": "",
      "rate": 1,
      "response": "",
      "response_date": "",
      "review": "Keeps on crashing for no reason. Although it has many problems I would say \nthat for the purpose of Photoshop, it has what it takes to get the job done.",
      "review_date": [
        "May",
        "26",
        " 2018"
      ]
    },
    {
      "REQ_subtype": "",
      "REQ_type": "",
      "_id": 151,
      "author_id": "not defined",
      "author_name": "A Google user",
      "helpful": "0",
      "polarity": "",
      "rate": 5,
      "response": "",
      "response_date": "",
      "review": "This app has made picture taking a whole new experience for me the things i am able to do with this app are amazing no other photoshop. App can touch you guys",
      "review_date": [
        "April",
        "1",
        " 2018"
      ]
    },
    {
      "REQ_subtype": "",
      "REQ_type": "",
      "_id": 152,
      "author_id": "not defined",
      "author_name": "Luus",
      "helpful": "0",
      "polarity": "",
      "rate": 1,
      "response": "",
      "response_date": "",
      "review": "The app keeps crashing and everytime the things I've been working on are \ngone because of it. I have a Sony Xperia XZ premium",
      "review_date": [
        "May",
        "24",
        " 2018"
      ]
    },
    {
      "REQ_subtype": "",
      "REQ_type": "",
      "_id": 153,
      "author_id": "not defined",
      "author_name": "Nightcore Songs",
      "helpful": "0",
      "polarity": "",
      "rate": 5,
      "response": "",
      "response_date": "",
      "review": "I love this app. My most favorite thing it is that I can cut out some \npictures and make animations in real life :D.",
      "review_date": [
        "May",
        "27",
        " 2018"
      ]
    },
    {
      "REQ_subtype": "",
      "REQ_type": "",
      "_id": 154,
      "author_id": "not defined",
      "author_name": "iwan tjhai",
      "helpful": "3",
      "polarity": "",
      "rate": 3,
      "response": "",
      "response_date": "",
      "review": "No lasso tool. It's a bit different than the one in iphone.",
      "review_date": [
        "December",
        "11",
        " 2017"
      ]
    },
    {
      "REQ_subtype": "",
      "REQ_type": "",
      "_id": 155,
      "author_id": "not defined",
      "author_name": "A Google user",
      "helpful": "0",
      "polarity": "",
      "rate": 5,
      "response": "",
      "response_date": "",
      "review": "It's a great app. A little hard to use first off but afterwards it's really \neasy",
      "review_date": [
        "April",
        "30",
        " 2018"
      ]
    },
    {
      "REQ_subtype": "",
      "REQ_type": "",
      "_id": 156,
      "author_id": "not defined",
      "author_name": "Kacie Stokes",
      "helpful": "0",
      "polarity": "",
      "rate": 1,
      "response": "",
      "response_date": "",
      "review": "Everytime i tried to so somwthi g it would crash or just load. I couldn't do anything but the tutorial",
      "review_date": [
        "February",
        "7",
        " 2018"
      ]
    },
    {
      "REQ_subtype": "",
      "REQ_type": "",
      "_id": 157,
      "author_id": "not defined",
      "author_name": "F1reblade Warlock",
      "helpful": "0",
      "polarity": "",
      "rate": 1,
      "response": "",
      "response_date": "",
      "review": "Cannot add more than 1 image, used to be able to an app is glitching. Have updates been ceased to this?",
      "review_date": [
        "March",
        "21",
        " 2018"
      ]
    },
    {
      "REQ_subtype": "",
      "REQ_type": "",
      "_id": 158,
      "author_id": "not defined",
      "author_name": "A Google user",
      "helpful": "0",
      "polarity": "",
      "rate": 5,
      "response": "",
      "response_date": "",
      "review": "THIS APP IS AMAZING! It's so easy to use and the outcome is amazing! I went in as a person looking to make some funny edits and came out with some amazing, high quality pictures!",
      "review_date": [
        "April",
        "15",
        " 2018"
      ]
    },
    {
      "REQ_subtype": "",
      "REQ_type": "",
      "_id": 159,
      "author_id": "not defined",
      "author_name": "Korrine Olsen",
      "helpful": "0",
      "polarity": "",
      "rate": 3,
      "response": "",
      "response_date": "",
      "review": "The hit boxes are all of for the menu buttons. Long press is out of wack, \nso annoying and makes me frustrated",
      "review_date": [
        "May",
        "17",
        " 2018"
      ]
    }
  ],
  "size": "Varies with devic",
  "url": "https://play.google.com/store/apps/details?id=com.adobe.photoshopmix",
  "version": "2.6.2.393"
}