{
  "categories": [
    "Card"
  ],
  "description": "TriPeaks Solitaire is a newly designed mobile card game based on the most popular and classic TriPeaks solitaire gameplay. Together with the BEAUTIFUL themes and EXCITING Daily Challenges, you will experience the BEST TriPeaks solitaire card game on your mobile phones or tablets!Tons of new features were added; Try to DOWNLOAD and get it for FREE now!\u26a1 HIGHLIGHTS \u26a1 - BEST TriPeaks solitaire: based on the classic solitaire gameplay - Most Challenging: it makes you think- Beautiful Themes: you can fully customize the game- Available Anytime: you can easily play on your device\u2728 FEATURES \u2728\u2660\ufe0f Daily challenges with different levels\u2665\ufe0f Customize beautiful themes on your own\u2663\ufe0f Multiple languages supported\u2666\ufe0f Auto-save game in play\u2660\ufe0f Feature to Undo moves \u2665\ufe0f Feature to use Hints \u2663\ufe0f Big and easy to see cards \u2666\ufe0f Single tap or drag & drop to move cards \u2660\ufe0f Landscape mode supported \u2665\ufe0f Up to 10 top records \u2663\ufe0f Offline play and no data cost \u2666\ufe0f Timer mode supported \u2660\ufe0f Left-handed supportedLike playing TriPeaks Solitaire or other Solitaire card games on PC?It is surely the BEST TriPeaks Solitaire game in your hands!COME and TRY our TriPeaks Solitaire card game for FREE! Train your brain as well as kill time with it!\u2605\u2605\u2605 100% Addictive & Fun, Download It NOW! \u2605\u2605\u2605Any problems or question? Email us to support@solitairegames.freshdesk.com",
  "inc": "Solitaire Fun",
  "intalled_count": "50,000",
  "last_update": [
    "March",
    "2",
    " 2018"
  ],
  "name": "TriPeaks Solitaire",
  "offered_by": "Google Commerce Ltd",
  "permissions": {
    "Phone": [
      "read phone status and identity"
    ],
    "Photos/Media/Files": [
      "access USB storage filesystem",
      "read the contents of your USB storage",
      "modify or delete the contents of your USB storage"
    ],
    "Storage": [
      "read the contents of your USB storage",
      "modify or delete the contents of your USB storage"
    ],
    "Wi-Fi connection information": [
      "view Wi-Fi connections"
    ],
    "Device ID & call information": [
      "read phone status and identity"
    ],
    "Other": [
      "receive data from Internet",
      "view network connections",
      "full network access",
      "control vibration",
      "prevent device from sleeping"
    ]
  },
  "rate": [
    [
      "1,563",
      "4.9"
    ],
    [
      "1,430",
      "5"
    ],
    [
      "89",
      "4"
    ],
    [
      "18",
      "3"
    ],
    [
      "9",
      "2"
    ],
    [
      "17",
      "1"
    ]
  ],
  "required_android": "4.0.3",
  "size": "22",
  "url": "https://play.google.com/store/apps/details?id=com.cardgame.tripeaks.fishdom",
  "version": "2.9.477"
}