{
  "categories": [
    "Board"
  ],
  "description": "Find Object is a search and find hidden objects type of puzzle game, a style also known as find doodle.Your goal is simple: given the object name, you have to find the hidden object on the screen.\u2022 Addictive: play a cool and relaxed match, with no time countdown.\u2022 Boards: search objects on 1800 boards, all free & unlocked. 200 objects to find.\u2022 Difficulties: The harder the difficulty, more hidden objects will clutter on the screen. You will need to zoom & pan on harder matches.\u2022 Practice Languages: Currently you can learn the objects in English, French, German, Spanish and Portuguese.After playing a few matches you will find the hidden objects in no time, and improve your concentration a lot.Have fun!!",
  "inc": "Rottz Games",
  "intalled_count": "1,000,000",
  "last_update": [
    "April",
    "29",
    " 2017"
  ],
  "name": "Find Objects Hidden Object",
  "offered_by": "Google Commerce Ltd",
  "permissions": {
    "Other": [
      "receive data from Internet",
      "view network connections",
      "full network access",
      "prevent device from sleeping"
    ]
  },
  "rate": [
    [
      "19,764",
      "4.4"
    ],
    [
      "11,165",
      "5"
    ],
    [
      "5,851",
      "4"
    ],
    [
      "1,918",
      "3"
    ],
    [
      "366",
      "2"
    ],
    [
      "464",
      "1"
    ]
  ],
  "required_android": "4.1",
  "size": "52",
  "url": "https://play.google.com/store/apps/details?id=com.rottzgames.findobject",
  "version": "1.6.3"
}