{
  "categories": [
    "Casual"
  ],
  "description": "Shoot and pop bubbles at Bubble Trouble game for free and explore over 1000 bouncy levels! Hurry up and crash all bubbles before time is up!Match at least 3 bubbles of the same color to pop and win levels. Can you handle the pressure and solve the bubble puzzles? * Win all the levels by popping all the bubbles before the reach the bottom!* 1000+ challenging levels * Swap bubbles without limit- Tap on your bubble to change the color.No time to lose\u2013 shots are limited so use them wisely!All rights of Bubble Shooter\u2122 are owned by Ilyon Dynamics Ltd.",
  "inc": "Bubble Shooter Games by Ilyon",
  "intalled_count": "1,000,000",
  "last_update": [
    "June",
    "7",
    " 2018"
  ],
  "name": "Bubble Trouble",
  "offered_by": "Google Commerce Ltd",
  "permissions": {
    "Other": [
      "view network connections",
      "full network access",
      "control vibration",
      "prevent device from sleeping"
    ]
  },
  "rate": [
    [
      "6,318",
      "4.4"
    ],
    [
      "4,576",
      "5"
    ],
    [
      "731",
      "4"
    ],
    [
      "562",
      "3"
    ],
    [
      "150",
      "2"
    ],
    [
      "299",
      "1"
    ]
  ],
  "required_android": "4.1",
  "size": "11",
  "url": "https://play.google.com/store/apps/details?id=bubble.shooter.trouble",
  "version": "1.2"
}