{
  "categories": [
    "Casino"
  ],
  "description": "Play Texas Hold'em Poker with friends and millions around the world with unlimited entertainment, top-tier graphics.The game is FREE to play. Lots of Bonus Chips. It lets you play the quick Hold'em Tables and Sit-N-Go tournaments. I. Hold'em Tables :  \u2003\u2022\u2003 Quickly Join a table, bet and make some virtual cash to experience Las Vegas casino. RNG certified odds to win big.\u2003\u2022\u2003 Play Live with people around the world in real time\u2003\u2022\u2003 Chat with other players on the table\u2003\u2022\u2003 Choose a table / tournament based on your virtual betting capacity\u2003\u2022\u2003 Send Poker Faces while Playing. Bluff others about your hand with your poker face\u2003\u2022\u2003 Send In-Game gifts to table matesII. Sit-N-Go tournaments :\u2003\u2022\u2003 Play online any of the 8 rooms available for a fixed time. Works as offline simulator \u2003\u2022\u2003 1st, 2nd and 3rd ranking people are awarded the Pot moneyIII. Spend your coins to buy virtual items on the Shop and Compare your rankings on the Leader Board.IV. Invite and Play with your friends or Join the table they are playing in right away. Make friends at the table as well.Try our Texas Hold'em Poker Live, Now! We are sure you will love it.",
  "inc": "Mywavia Studios",
  "intalled_count": "500,000",
  "last_update": [
    "June",
    "1",
    " 2018"
  ],
  "name": "Texas HoldEm Poker FREE - Live",
  "offered_by": "Google Commerce Ltd",
  "permissions": {
    "Photos/Media/Files": [
      "read the contents of your USB storage",
      "modify or delete the contents of your USB storage"
    ],
    "Storage": [
      "read the contents of your USB storage",
      "modify or delete the contents of your USB storage"
    ],
    "Wi-Fi connection information": [
      "view Wi-Fi connections"
    ],
    "Other": [
      "receive data from Internet",
      "view network connections",
      "full network access",
      "control vibration",
      "prevent device from sleeping"
    ]
  },
  "rate": [
    [
      "11,618",
      "4.2"
    ],
    [
      "7,248",
      "5"
    ],
    [
      "2,139",
      "4"
    ],
    [
      "987",
      "3"
    ],
    [
      "361",
      "2"
    ],
    [
      "883",
      "1"
    ]
  ],
  "required_android": "4.0.3",
  "size": "18",
  "url": "https://play.google.com/store/apps/details?id=com.mywavia.poker.android",
  "version": "14.6"
}