{
  "categories": [
    "Sports"
  ],
  "description": "Do you eat, sleep and drink Man United? The 90min - Manchester United App is a must have for every real fan! This is the complete football app for all the latest-breaking Manchester United news, transfer rumours, fixtures, results, tables, live scores, and more straight to your phone. Features:\u2022 Live feeds with the most up-to-date soccer news, tailored specifically for you\u2022 The best of European football tournaments like Champions League and Europa\u2022 Country league live news \u2013 Premier league, La Liga, Serie A and Bundesliga \u2022 Read personalized,\u00a0original and unique stories you won\u2019t find anywhere else. \u2022 Push notifications for breaking news and live match updates, so you're always the first to know the latest news and results\u2022 Live match line-ups, stats, commentary and more, so you'll never miss a moment of any match\u2022 Enjoy 90min from your tablet or mobile\u2022 Easily share the latest-breaking soccer news via Facebook, Twitter, e-mail or any social network\u2022 Team-centric feeds so you can easily navigate all the news of your favorite club*Neither Manchester United FC nor the English Premier League have endorsed or are in association with this app.*",
  "inc": "Minute Media Apps",
  "intalled_count": "500,000",
  "last_update": [
    "May",
    "28",
    " 2018"
  ],
  "name": "Man United App - 90min Edition",
  "offered_by": "Google Commerce Ltd",
  "permissions": {
    "Phone": [
      "read phone status and identity"
    ],
    "Photos/Media/Files": [
      "read the contents of your USB storage",
      "modify or delete the contents of your USB storage"
    ],
    "Storage": [
      "read the contents of your USB storage",
      "modify or delete the contents of your USB storage"
    ],
    "Wi-Fi connection information": [
      "view Wi-Fi connections"
    ],
    "Device ID & call information": [
      "read phone status and identity"
    ],
    "Identity": [
      "find accounts on the device"
    ],
    "Contacts": [
      "find accounts on the device"
    ],
    "Location": [
      "approximate location (network-based)"
    ],
    "Other": [
      "receive data from Internet",
      "view network connections",
      "full network access",
      "control vibration",
      "prevent device from sleeping",
      "view network connections",
      "full network access",
      "run at startup",
      "control vibration",
      "prevent device from sleeping"
    ]
  },
  "price": "",
  "rate": [
    [
      "16,415",
      "4.5"
    ],
    [
      "11,764",
      "5"
    ],
    [
      "2,639",
      "4"
    ],
    [
      "901",
      "3"
    ],
    [
      "432",
      "2"
    ],
    [
      "679",
      "1"
    ]
  ],
  "required_android": "Varies with",
  "reviews": [
    {
      "REQ_subtype": "",
      "REQ_type": "",
      "_id": 0,
      "author_id": "not defined",
      "author_name": "Oluwatobi Makanjuola",
      "helpful": "0",
      "polarity": "",
      "rate": 2,
      "response": "",
      "response_date": "",
      "review": "What did you guys do.... You broke it. It's not opening and when it does it \ncrashes. Fix it and then I will give a star 5",
      "review_date": [
        "July",
        "11",
        " 2018"
      ]
    },
    {
      "REQ_subtype": "",
      "REQ_type": "",
      "_id": 1,
      "author_id": "not defined",
      "author_name": "A Google user",
      "helpful": "0",
      "polarity": "",
      "rate": 1,
      "response": "",
      "response_date": "",
      "review": "I have push notifications for one team only, yet you see fit to disturb me \nto let me know the next world cup hosts. Did I ask for general football \nnews? No!",
      "review_date": [
        "June",
        "13",
        " 2018"
      ]
    },
    {
      "REQ_subtype": "",
      "REQ_type": "",
      "_id": 2,
      "author_id": "not defined",
      "author_name": "tauriq dramat",
      "helpful": "1",
      "polarity": "",
      "rate": 2,
      "response": "",
      "response_date": "",
      "review": "The app keeps crashing when I open an aricle",
      "review_date": [
        "June",
        "29",
        " 2018"
      ]
    },
    {
      "REQ_subtype": "",
      "REQ_type": "",
      "_id": 3,
      "author_id": "not defined",
      "author_name": "Simon Akunda",
      "helpful": "0",
      "polarity": "",
      "rate": 1,
      "response": "",
      "response_date": "",
      "review": "Ur silly stories on Raheem Sterling are a disgrace.",
      "review_date": [
        "May",
        "30",
        " 2018"
      ]
    },
    {
      "REQ_subtype": "",
      "REQ_type": "",
      "_id": 4,
      "author_id": "not defined",
      "author_name": "Andrew Mackie",
      "helpful": "0",
      "polarity": "",
      "rate": 2,
      "response": "",
      "response_date": "",
      "review": "Thankyou for fixing the problem with the app, it's now back to being awesome",
      "review_date": [
        "July",
        "1",
        " 2018"
      ]
    },
    {
      "REQ_subtype": "",
      "REQ_type": "",
      "_id": 5,
      "author_id": "not defined",
      "author_name": "Ian Pocock",
      "helpful": "0",
      "polarity": "",
      "rate": 5,
      "response": "",
      "response_date": "",
      "review": "Great app easy to get round",
      "review_date": [
        "July",
        "7",
        " 2018"
      ]
    },
    {
      "REQ_subtype": "",
      "REQ_type": "",
      "_id": 6,
      "author_id": "not defined",
      "author_name": "udeme warrie",
      "helpful": "0",
      "polarity": "",
      "rate": 5,
      "response": "",
      "response_date": "",
      "review": "I love the app",
      "review_date": [
        "July",
        "12",
        " 2018"
      ]
    },
    {
      "REQ_subtype": "",
      "REQ_type": "",
      "_id": 7,
      "author_id": "not defined",
      "author_name": "ysaM special UmE",
      "helpful": "1",
      "polarity": "",
      "rate": 5,
      "response": "",
      "response_date": "",
      "review": "great one",
      "review_date": [
        "June",
        "15",
        " 2018"
      ]
    },
    {
      "REQ_subtype": "",
      "REQ_type": "",
      "_id": 8,
      "author_id": "not defined",
      "author_name": "karan sharma",
      "helpful": "1",
      "polarity": "",
      "rate": 1,
      "response": "",
      "response_date": "",
      "review": "The app in the month of May, still showing me fixtures of April!!! \ud83d\ude11",
      "review_date": [
        "May",
        "26",
        " 2018"
      ]
    },
    {
      "REQ_subtype": "",
      "REQ_type": "",
      "_id": 9,
      "author_id": "not defined",
      "author_name": "Joel Jose",
      "helpful": "15",
      "polarity": "",
      "rate": 5,
      "response": "",
      "response_date": "",
      "review": "The best football app  I appreciate it.",
      "review_date": [
        "January",
        "21",
        " 2018"
      ]
    },
    {
      "REQ_subtype": "",
      "REQ_type": "",
      "_id": 10,
      "author_id": "not defined",
      "author_name": "Amish ramkisson",
      "helpful": "26",
      "polarity": "",
      "rate": 5,
      "response": "",
      "response_date": "",
      "review": "Very good app ,keeps me up to date.",
      "review_date": [
        "January",
        "19",
        " 2018"
      ]
    },
    {
      "REQ_subtype": "",
      "REQ_type": "",
      "_id": 11,
      "author_id": "not defined",
      "author_name": "Saurav Dhungana",
      "helpful": "4",
      "polarity": "",
      "rate": 5,
      "response": "",
      "response_date": "",
      "review": "Its give every information exactly",
      "review_date": [
        "January",
        "25",
        " 2018"
      ]
    },
    {
      "REQ_subtype": "",
      "REQ_type": "",
      "_id": 12,
      "author_id": "not defined",
      "author_name": "A Google user",
      "helpful": "1",
      "polarity": "",
      "rate": 5,
      "response": "",
      "response_date": "",
      "review": "This app is everything I needed in football",
      "review_date": [
        "March",
        "28",
        " 2018"
      ]
    },
    {
      "REQ_subtype": "",
      "REQ_type": "",
      "_id": 13,
      "author_id": "not defined",
      "author_name": "Timmy.D Triple.T",
      "helpful": "1",
      "polarity": "",
      "rate": 5,
      "response": "",
      "response_date": "",
      "review": "Amazing app..love it...keep it up for great work..",
      "review_date": [
        "February",
        "20",
        " 2018"
      ]
    },
    {
      "REQ_subtype": "",
      "REQ_type": "",
      "_id": 14,
      "author_id": "not defined",
      "author_name": "A Google user",
      "helpful": "0",
      "polarity": "",
      "rate": 5,
      "response": "",
      "response_date": "",
      "review": "Super Good. I really love this app I can't stay without it.",
      "review_date": [
        "April",
        "25",
        " 2018"
      ]
    },
    {
      "REQ_subtype": "",
      "REQ_type": "",
      "_id": 15,
      "author_id": "not defined",
      "author_name": "Obinna Ikekwem",
      "helpful": "1",
      "polarity": "",
      "rate": 4,
      "response": "",
      "response_date": "",
      "review": "App. Very handy and helpful.",
      "review_date": [
        "May",
        "28",
        " 2018"
      ]
    },
    {
      "REQ_subtype": "",
      "REQ_type": "",
      "_id": 16,
      "author_id": "not defined",
      "author_name": "Leo Spandzev",
      "helpful": "0",
      "polarity": "",
      "rate": 4,
      "response": "",
      "response_date": "",
      "review": "I think this is the place for football fans to see the newest stories",
      "review_date": [
        "February",
        "3",
        " 2018"
      ]
    },
    {
      "REQ_subtype": "",
      "REQ_type": "",
      "_id": 17,
      "author_id": "not defined",
      "author_name": "Ikani Enoch",
      "helpful": "2",
      "polarity": "",
      "rate": 5,
      "response": "",
      "response_date": "",
      "review": "Wonderful app.",
      "review_date": [
        "February",
        "19",
        " 2018"
      ]
    },
    {
      "REQ_subtype": "",
      "REQ_type": "",
      "_id": 18,
      "author_id": "not defined",
      "author_name": "F.P Theunis",
      "helpful": "3",
      "polarity": "",
      "rate": 5,
      "response": "",
      "response_date": "",
      "review": "The best",
      "review_date": [
        "March",
        "25",
        " 2018"
      ]
    },
    {
      "REQ_subtype": "",
      "REQ_type": "",
      "_id": 19,
      "author_id": "not defined",
      "author_name": "julie kleinhans",
      "helpful": "0",
      "polarity": "",
      "rate": 5,
      "response": "",
      "response_date": "",
      "review": "Best app",
      "review_date": [
        "March",
        "5",
        " 2018"
      ]
    },
    {
      "REQ_subtype": "",
      "REQ_type": "",
      "_id": 20,
      "author_id": "not defined",
      "author_name": "A Google user",
      "helpful": "19",
      "polarity": "",
      "rate": 5,
      "response": "",
      "response_date": "",
      "review": "I have nothing to say but i appreciate this app",
      "review_date": [
        "October",
        "27",
        " 2017"
      ]
    },
    {
      "REQ_subtype": "",
      "REQ_type": "",
      "_id": 21,
      "author_id": "not defined",
      "author_name": "terry page",
      "helpful": "9",
      "polarity": "",
      "rate": 5,
      "response": "",
      "response_date": "",
      "review": "Love this app but started to get error message 120.?",
      "review_date": [
        "December",
        "12",
        " 2017"
      ]
    },
    {
      "REQ_subtype": "",
      "REQ_type": "",
      "_id": 22,
      "author_id": "not defined",
      "author_name": "Alex Elrick",
      "helpful": "7",
      "polarity": "",
      "rate": 5,
      "response": "",
      "response_date": "",
      "review": "the man Utd app is brilliant",
      "review_date": [
        "November",
        "18",
        " 2017"
      ]
    },
    {
      "REQ_subtype": "",
      "REQ_type": "",
      "_id": 23,
      "author_id": "not defined",
      "author_name": "Kailexi cruzz",
      "helpful": "0",
      "polarity": "",
      "rate": 4,
      "response": "",
      "response_date": "",
      "review": "Good app...but needs improvements.....have a few faults that really gets under my skin",
      "review_date": [
        "February",
        "21",
        " 2018"
      ]
    },
    {
      "REQ_subtype": "",
      "REQ_type": "",
      "_id": 24,
      "author_id": "not defined",
      "author_name": "Asdi tjahjadi",
      "helpful": "1",
      "polarity": "",
      "rate": 5,
      "response": "",
      "response_date": "",
      "review": "#IAMUNITED TILL I DIE GGMU",
      "review_date": [
        "January",
        "4",
        " 2018"
      ]
    },
    {
      "REQ_subtype": "",
      "REQ_type": "",
      "_id": 25,
      "author_id": "not defined",
      "author_name": "Aaron Middleton",
      "helpful": "8",
      "polarity": "",
      "rate": 5,
      "response": "",
      "response_date": "",
      "review": "Good very good",
      "review_date": [
        "November",
        "12",
        " 2017"
      ]
    },
    {
      "REQ_subtype": "",
      "REQ_type": "",
      "_id": 26,
      "author_id": "not defined",
      "author_name": "Simbongile Webu",
      "helpful": "2",
      "polarity": "",
      "rate": 5,
      "response": "",
      "response_date": "",
      "review": "It's a trappathon!!",
      "review_date": [
        "December",
        "11",
        " 2017"
      ]
    },
    {
      "REQ_subtype": "",
      "REQ_type": "",
      "_id": 27,
      "author_id": "not defined",
      "author_name": "Atrius 121",
      "helpful": "3",
      "polarity": "",
      "rate": 5,
      "response": "",
      "response_date": "",
      "review": "Really fantastic app",
      "review_date": [
        "November",
        "20",
        " 2017"
      ]
    },
    {
      "REQ_subtype": "",
      "REQ_type": "",
      "_id": 28,
      "author_id": "not defined",
      "author_name": "Mikhael Jordan W.Wangge",
      "helpful": "0",
      "polarity": "",
      "rate": 4,
      "response": "",
      "response_date": "",
      "review": "I like this apps.",
      "review_date": [
        "December",
        "7",
        " 2017"
      ]
    },
    {
      "REQ_subtype": "",
      "REQ_type": "",
      "_id": 29,
      "author_id": "not defined",
      "author_name": "A Google user",
      "helpful": "0",
      "polarity": "",
      "rate": 5,
      "response": "",
      "response_date": "",
      "review": "Very good  app  but it's missing the  leagues tables",
      "review_date": [
        "December",
        "14",
        " 2017"
      ]
    },
    {
      "REQ_subtype": "",
      "REQ_type": "",
      "_id": 30,
      "author_id": "not defined",
      "author_name": "Rinna United",
      "helpful": "1",
      "polarity": "",
      "rate": 5,
      "response": "",
      "response_date": "",
      "review": "Very good #MUFC",
      "review_date": [
        "December",
        "12",
        " 2017"
      ]
    },
    {
      "REQ_subtype": "",
      "REQ_type": "",
      "_id": 31,
      "author_id": "not defined",
      "author_name": "Juma jey14",
      "helpful": "2",
      "polarity": "",
      "rate": 5,
      "response": "",
      "response_date": "",
      "review": "Jumaje14",
      "review_date": [
        "January",
        "4",
        " 2018"
      ]
    },
    {
      "REQ_subtype": "",
      "REQ_type": "",
      "_id": 32,
      "author_id": "not defined",
      "author_name": "A Google user",
      "helpful": "1",
      "polarity": "",
      "rate": 5,
      "response": "",
      "response_date": "",
      "review": "GREAT APP",
      "review_date": [
        "December",
        "27",
        " 2017"
      ]
    },
    {
      "REQ_subtype": "",
      "REQ_type": "",
      "_id": 33,
      "author_id": "not defined",
      "author_name": "Deo Haule",
      "helpful": "1",
      "polarity": "",
      "rate": 5,
      "response": "",
      "response_date": "",
      "review": "I love  this",
      "review_date": [
        "January",
        "8",
        " 2018"
      ]
    },
    {
      "REQ_subtype": "",
      "REQ_type": "",
      "_id": 34,
      "author_id": "not defined",
      "author_name": "Manchester United",
      "helpful": "0",
      "polarity": "",
      "rate": 5,
      "response": "",
      "response_date": "",
      "review": "Love it",
      "review_date": [
        "May",
        "2",
        " 2018"
      ]
    },
    {
      "REQ_subtype": "",
      "REQ_type": "",
      "_id": 35,
      "author_id": "not defined",
      "author_name": "Ian Kershaw",
      "helpful": "0",
      "polarity": "",
      "rate": 1,
      "response": "Hi Ian,\n\nWe're sorry to hear you're disappointed with the app.\n\nPlease contact us at care@minutemedia.com to further discuss it. Your feedback is very important for us and we're looking forward to hear from you again.\n\nCheers,",
      "response_date": [
        "October",
        "13",
        " 2017"
      ],
      "review": "Much better before the update.  IT USED TO BE THE BEST football app. Now it is littered with news stories ahead of me getting to the two screens I used the most - tables and matches for the day. It's as if you are over trying. I will give it a bit longer.",
      "review_date": [
        "September",
        "27",
        " 2017"
      ]
    },
    {
      "REQ_subtype": "",
      "REQ_type": "",
      "_id": 36,
      "author_id": "not defined",
      "author_name": "Brian Steward",
      "helpful": "2",
      "polarity": "",
      "rate": 2,
      "response": "",
      "response_date": "",
      "review": "What the F happened? This used to be a great app.  Now all the team specific articles are gone. Should just be called premier League 90 minute. Terrible redesign, terrible changes. Time to delete this app and find a new one. Why is it, that whenever an app gets redesigned, it totally sucks afterward? Totally different, totally garbage",
      "review_date": [
        "October",
        "10",
        " 2017"
      ]
    },
    {
      "REQ_subtype": "",
      "REQ_type": "",
      "_id": 37,
      "author_id": "not defined",
      "author_name": "Muzammil Muhammad",
      "helpful": "4",
      "polarity": "",
      "rate": 5,
      "response": "",
      "response_date": "",
      "review": "I love it, it has all u\u2019ve got to know about football, fast updates for all kinds of news, results or even buzz. I give it 5+.   But from ze last big update it bugged at everytime, it never open again it stop on ze logo.. so plz fix it, return it in the form of ze one before or i\u2019ll be force to delete it and download another app. Fix it asap thanx...",
      "review_date": [
        "October",
        "18",
        " 2017"
      ]
    },
    {
      "REQ_subtype": "",
      "REQ_type": "",
      "_id": 38,
      "author_id": "not defined",
      "author_name": "Michael Me",
      "helpful": "1",
      "polarity": "",
      "rate": 1,
      "response": "Hi Ian,\n\nWe're sorry to hear you're disappointed with the app.\n\nPlease contact us at care@minutemedia.com to further discuss it. Your feedback is very important for us and we're looking forward to hear from you again.\n\nCheers,",
      "response_date": [
        "October",
        "13",
        " 2017"
      ],
      "review": "This app is terrible...the update ruined it.  I'm deleting it in two weeks if this update isn't undone.  I just found a way better app...im deleting this one now",
      "review_date": [
        "October",
        "9",
        " 2017"
      ]
    },
    {
      "REQ_subtype": "",
      "REQ_type": "",
      "_id": 39,
      "author_id": "not defined",
      "author_name": "George Alegria",
      "helpful": "1",
      "polarity": "",
      "rate": 4,
      "response": "",
      "response_date": "",
      "review": "New update is annoying. I mainly visited the app for the scores and tables and my teams future fixtures. The app is useless without it. If I wanted to read stupid rumors,I just Google it. Fix it please.",
      "review_date": [
        "October",
        "1",
        " 2017"
      ]
    },
    {
      "REQ_subtype": "",
      "REQ_type": "",
      "_id": 40,
      "author_id": "not defined",
      "author_name": "Vishnu Shankar",
      "helpful": "1",
      "polarity": "",
      "rate": 1,
      "response": "Hi Vishnu,\n\nWe're sorry to hear you're disappointed with the app.\n\nPlease contact us at care@minutemedia.com to further discuss it. Your feedback is very important for us and we're looking forward to hear from you again.\n\nCheers,",
      "response_date": [
        "December",
        "14",
        " 2017"
      ],
      "review": "Update ruined the app. Im thinking of deleting it now. It was a crazy app. Horrible work dudes.",
      "review_date": [
        "October",
        "14",
        " 2017"
      ]
    },
    {
      "REQ_subtype": "",
      "REQ_type": "",
      "_id": 41,
      "author_id": "not defined",
      "author_name": "Owen E Schmidt",
      "helpful": "0",
      "polarity": "",
      "rate": 1,
      "response": "Hi Owen,\n\nWe're sorry you're having issues with the app.\n\nPlease contact us at care@minutemedia.com to further discuss it. Your feedback is very important for us and we're looking forward to hear from you again.\n\nCheers,",
      "response_date": [
        "October",
        "13",
        " 2017"
      ],
      "review": "Current update continuously crashes. Error 120 try again",
      "review_date": [
        "September",
        "26",
        " 2017"
      ]
    },
    {
      "REQ_subtype": "",
      "REQ_type": "",
      "_id": 42,
      "author_id": "not defined",
      "author_name": "Ahmad Bandaniji",
      "helpful": "0",
      "polarity": "",
      "rate": 3,
      "response": "",
      "response_date": "",
      "review": "Timeout is useless, remove it.. replace with a better and usefull feature.",
      "review_date": [
        "October",
        "4",
        " 2017"
      ]
    },
    {
      "REQ_subtype": "",
      "REQ_type": "",
      "_id": 43,
      "author_id": "not defined",
      "author_name": "Bahati Muyala",
      "helpful": "1",
      "polarity": "",
      "rate": 3,
      "response": "",
      "response_date": "",
      "review": "Its a good app but try to give us hot news by time but also put time, when the news posted.!",
      "review_date": [
        "October",
        "5",
        " 2017"
      ]
    },
    {
      "REQ_subtype": "",
      "REQ_type": "",
      "_id": 44,
      "author_id": "not defined",
      "author_name": "oriel mbhalati",
      "helpful": "2",
      "polarity": "",
      "rate": 5,
      "response": "",
      "response_date": "",
      "review": "I'm addicted to this app glory man u come on united, come on",
      "review_date": [
        "October",
        "9",
        " 2017"
      ]
    },
    {
      "REQ_subtype": "",
      "REQ_type": "",
      "_id": 45,
      "author_id": "not defined",
      "author_name": "Reza M Abizar",
      "helpful": "0",
      "polarity": "",
      "rate": 1,
      "response": "Hi Reza,\n\nWe're sorry to hear you're disappointed with the app.\n\nPlease contact us at care@minutemedia.com to further discuss it. Your feedback is very important for us and we're looking forward to hear from you again.\n\nCheers,",
      "response_date": [
        "October",
        "13",
        " 2017"
      ],
      "review": "The design and new feature of the new update is confusing.",
      "review_date": [
        "October",
        "6",
        " 2017"
      ]
    },
    {
      "REQ_subtype": "",
      "REQ_type": "",
      "_id": 46,
      "author_id": "not defined",
      "author_name": "jash poonatar",
      "helpful": "1",
      "polarity": "",
      "rate": 5,
      "response": "",
      "response_date": "",
      "review": "Its a great app for football fans Plus the new layout is better",
      "review_date": [
        "September",
        "28",
        " 2017"
      ]
    },
    {
      "REQ_subtype": "",
      "REQ_type": "",
      "_id": 47,
      "author_id": "not defined",
      "author_name": "Aldaine Watson",
      "helpful": "0",
      "polarity": "",
      "rate": 5,
      "response": "",
      "response_date": "",
      "review": "This is simply magnificent the new update has that sleek elegant look and I absolutely loooovvvvveeee iiiit",
      "review_date": [
        "September",
        "27",
        " 2017"
      ]
    },
    {
      "REQ_subtype": "",
      "REQ_type": "",
      "_id": 48,
      "author_id": "not defined",
      "author_name": "Manish Kharel",
      "helpful": "2",
      "polarity": "",
      "rate": 3,
      "response": "",
      "response_date": "",
      "review": "Cool but where're the tables?",
      "review_date": [
        "September",
        "27",
        " 2017"
      ]
    },
    {
      "REQ_subtype": "",
      "REQ_type": "",
      "_id": 49,
      "author_id": "not defined",
      "author_name": "Mervyn Sam",
      "helpful": "2",
      "polarity": "",
      "rate": 1,
      "response": "Hi Mervyn,\n\nWe're sorry to hear you're disappointed with the app.\n\nPlease contact us at care@minutemedia.com to further discuss it. Your feedback is very important for us and we're looking forward to hear from you again.\n\nCheers,",
      "response_date": [
        "December",
        "14",
        " 2017"
      ],
      "review": "Before much better",
      "review_date": [
        "October",
        "21",
        " 2017"
      ]
    },
    {
      "REQ_subtype": "",
      "REQ_type": "",
      "_id": 50,
      "author_id": "not defined",
      "author_name": "Boss net",
      "helpful": "2",
      "polarity": "",
      "rate": 5,
      "response": "",
      "response_date": "",
      "review": "nice i love hem",
      "review_date": [
        "October",
        "20",
        " 2017"
      ]
    },
    {
      "REQ_subtype": "",
      "REQ_type": "",
      "_id": 51,
      "author_id": "not defined",
      "author_name": "Freddy Maxley",
      "helpful": "1",
      "polarity": "",
      "rate": 5,
      "response": "",
      "response_date": "",
      "review": "fanstatic...keep it up",
      "review_date": [
        "September",
        "29",
        " 2017"
      ]
    },
    {
      "REQ_subtype": "",
      "REQ_type": "",
      "_id": 52,
      "author_id": "not defined",
      "author_name": "Riezqie Dhias",
      "helpful": "0",
      "polarity": "",
      "rate": 5,
      "response": "",
      "response_date": "",
      "review": "Great update! Refreshing the interface... Good job!",
      "review_date": [
        "September",
        "30",
        " 2017"
      ]
    },
    {
      "REQ_subtype": "",
      "REQ_type": "",
      "_id": 53,
      "author_id": "not defined",
      "author_name": "John Doe",
      "helpful": "1",
      "polarity": "",
      "rate": 1,
      "response": "Hi John,\n\nWe're sorry to hear you're disappointed with the app.\n\nPlease contact us at care@minutemedia.com to further discuss it. Your feedback is very important for us and we're looking forward to hear from you again.\n\nCheers,",
      "response_date": [
        "October",
        "13",
        " 2017"
      ],
      "review": "Better b4 the upgrade",
      "review_date": [
        "October",
        "5",
        " 2017"
      ]
    },
    {
      "REQ_subtype": "",
      "REQ_type": "",
      "_id": 54,
      "author_id": "not defined",
      "author_name": "Cooze Jojo",
      "helpful": "1",
      "polarity": "",
      "rate": 5,
      "response": "",
      "response_date": "",
      "review": "better now..",
      "review_date": [
        "October",
        "25",
        " 2017"
      ]
    },
    {
      "REQ_subtype": "",
      "REQ_type": "",
      "_id": 55,
      "author_id": "not defined",
      "author_name": "Vishaagen Mootien",
      "helpful": "0",
      "polarity": "",
      "rate": 1,
      "response": "Hi  - thanks for the feedback.  We're sorry you're experiencing issues with the app and would love to figure out the problem with your help.  Please head to the app and send us a feedback so our customer service team will be able to assist you.  Cheers!",
      "response_date": [
        "January",
        "17",
        " 2018"
      ],
      "review": "Where are the league tables?????",
      "review_date": [
        "October",
        "22",
        " 2017"
      ]
    },
    {
      "REQ_subtype": "",
      "REQ_type": "",
      "_id": 56,
      "author_id": "not defined",
      "author_name": "Jason October",
      "helpful": "3",
      "polarity": "",
      "rate": 5,
      "response": "",
      "response_date": "",
      "review": "Update is beautiful",
      "review_date": [
        "October",
        "5",
        " 2017"
      ]
    },
    {
      "REQ_subtype": "",
      "REQ_type": "",
      "_id": 57,
      "author_id": "not defined",
      "author_name": "kamanzi gilbert",
      "helpful": "2",
      "polarity": "",
      "rate": 5,
      "response": "",
      "response_date": "",
      "review": "perfect",
      "review_date": [
        "October",
        "26",
        " 2017"
      ]
    },
    {
      "REQ_subtype": "",
      "REQ_type": "",
      "_id": 58,
      "author_id": "not defined",
      "author_name": "djanoe pxpx",
      "helpful": "1",
      "polarity": "",
      "rate": 5,
      "response": "",
      "response_date": "",
      "review": "Good",
      "review_date": [
        "September",
        "26",
        " 2017"
      ]
    },
    {
      "REQ_subtype": "",
      "REQ_type": "",
      "_id": 59,
      "author_id": "not defined",
      "author_name": "Neil Harteveld",
      "helpful": "3",
      "polarity": "",
      "rate": 3,
      "response": "",
      "response_date": "",
      "review": "Would be a great app if it didn't play up constantly, drives me dull! If our feedback is very important to you, could you fix the problems we're highlighting then pal\ud83d\udc4d",
      "review_date": [
        "August",
        "23",
        " 2017"
      ]
    },
    {
      "REQ_subtype": "",
      "REQ_type": "",
      "_id": 60,
      "author_id": "not defined",
      "author_name": "Arthurs Arthur",
      "helpful": "5",
      "polarity": "",
      "rate": 5,
      "response": "",
      "response_date": "",
      "review": "It is a very good up for soccer fans and provides the latest news, rumours and transfers",
      "review_date": [
        "September",
        "7",
        " 2017"
      ]
    },
    {
      "REQ_subtype": "",
      "REQ_type": "",
      "_id": 61,
      "author_id": "not defined",
      "author_name": "Dean Blake",
      "helpful": "8",
      "polarity": "",
      "rate": 5,
      "response": "",
      "response_date": "",
      "review": "So for it's the best as it's gives you the latest on MU news plus all related football news in and around Europe",
      "review_date": [
        "August",
        "15",
        " 2017"
      ]
    },
    {
      "REQ_subtype": "",
      "REQ_type": "",
      "_id": 62,
      "author_id": "not defined",
      "author_name": "Viciano Notonegoro",
      "helpful": "4",
      "polarity": "",
      "rate": 5,
      "response": "",
      "response_date": "",
      "review": "This is awesome. Makes me know whenever MU played",
      "review_date": [
        "August",
        "13",
        " 2017"
      ]
    },
    {
      "REQ_subtype": "",
      "REQ_type": "",
      "_id": 63,
      "author_id": "not defined",
      "author_name": "Ilman Fahmi",
      "helpful": "0",
      "polarity": "",
      "rate": 2,
      "response": "",
      "response_date": "",
      "review": "forced close on my xiaomi redmi note 4x snapdragon",
      "review_date": [
        "September",
        "10",
        " 2017"
      ]
    },
    {
      "REQ_subtype": "",
      "REQ_type": "",
      "_id": 64,
      "author_id": "not defined",
      "author_name": "Josh Whittington",
      "helpful": "0",
      "polarity": "",
      "rate": 1,
      "response": "Hi Josh,\n\nWe're sorry you're having issues with the app.\n\nPlease contact us at care@minutemedia.com to further discuss it. Your feedback is very important for us and we're looking forward to hear from you again.\n\nCheers,",
      "response_date": [
        "October",
        "13",
        " 2017"
      ],
      "review": "Doesn't open",
      "review_date": [
        "August",
        "13",
        " 2017"
      ]
    },
    {
      "REQ_subtype": "",
      "REQ_type": "",
      "_id": 65,
      "author_id": "not defined",
      "author_name": "Murdas Tamim",
      "helpful": "0",
      "polarity": "",
      "rate": 4,
      "response": "",
      "response_date": "",
      "review": "Great Applications for latest news and scores",
      "review_date": [
        "September",
        "23",
        " 2017"
      ]
    },
    {
      "REQ_subtype": "",
      "REQ_type": "",
      "_id": 66,
      "author_id": "not defined",
      "author_name": "ALZBUD",
      "helpful": "6",
      "polarity": "",
      "rate": 1,
      "response": "Hi - We're sorry to hear you're disappointed with the app.\nPlease contact us at care@minutemedia.com to further discuss it. Your feedback is very important for us and we're looking forward to hear from you again.",
      "response_date": [
        "June",
        "26",
        " 2017"
      ],
      "review": "Don't waste your time with this site the so called reporters tell lies on here find your self a better one I have & I'll not come back to this .... site.",
      "review_date": [
        "June",
        "20",
        " 2017"
      ]
    },
    {
      "REQ_subtype": "",
      "REQ_type": "",
      "_id": 67,
      "author_id": "not defined",
      "author_name": "Rizki Akbar Hasan",
      "helpful": "7",
      "polarity": "",
      "rate": 2,
      "response": "Hi  - thanks for the feedback.  We're sorry you're experiencing issues with the app and would love to figure out the problem with your help.  Please head to the 90min app and send us a feedback so our customer service team will be able to assist you.  Cheers!",
      "response_date": [
        "June",
        "26",
        " 2017"
      ],
      "review": "Usually, the app was good. But now, when i'm click on the match section, the app crashed",
      "review_date": [
        "May",
        "6",
        " 2017"
      ]
    },
    {
      "REQ_subtype": "",
      "REQ_type": "",
      "_id": 68,
      "author_id": "not defined",
      "author_name": "Owen Clarke",
      "helpful": "0",
      "polarity": "",
      "rate": 4,
      "response": "",
      "response_date": "",
      "review": "It was a great app,  I used it every day but now when I go into articles they don't scroll down so I can't see the article.. Plz fix",
      "review_date": [
        "June",
        "6",
        " 2017"
      ]
    },
    {
      "REQ_subtype": "",
      "REQ_type": "",
      "_id": 69,
      "author_id": "not defined",
      "author_name": "ROBERT LEVY",
      "helpful": "7",
      "polarity": "",
      "rate": 3,
      "response": "",
      "response_date": "",
      "review": "App is malfunctioning so please fix it fast",
      "review_date": [
        "April",
        "8",
        " 2017"
      ]
    },
    {
      "REQ_subtype": "",
      "REQ_type": "",
      "_id": 70,
      "author_id": "not defined",
      "author_name": "Kevin Hulsey",
      "helpful": "0",
      "polarity": "",
      "rate": 1,
      "response": "Hi  - thanks for the feedback.  We're sorry you're experiencing issues with the app and would love to figure out the problem with your help.  Please head to the 90min app and send us a feedback so our customer service team will be able to assist you.  Cheers!",
      "response_date": [
        "June",
        "26",
        " 2017"
      ],
      "review": "It was great fit a while, now the matches don't show up for any team line out used to. Please fix",
      "review_date": [
        "May",
        "21",
        " 2017"
      ]
    },
    {
      "REQ_subtype": "",
      "REQ_type": "",
      "_id": 71,
      "author_id": "not defined",
      "author_name": "james bates",
      "helpful": "0",
      "polarity": "",
      "rate": 4,
      "response": "",
      "response_date": "",
      "review": "Great app for all Man Utd fans, although can force close on certain content which is frustrating, but all in all a good MUFC app.",
      "review_date": [
        "August",
        "12",
        " 2017"
      ]
    },
    {
      "REQ_subtype": "",
      "REQ_type": "",
      "_id": 72,
      "author_id": "not defined",
      "author_name": "rufiedy biolz",
      "helpful": "1",
      "polarity": "",
      "rate": 5,
      "response": "",
      "response_date": "",
      "review": "good app but now can't open the apps..please rectify the problem",
      "review_date": [
        "July",
        "1",
        " 2017"
      ]
    },
    {
      "REQ_subtype": "",
      "REQ_type": "",
      "_id": 73,
      "author_id": "not defined",
      "author_name": "drather iqbalkhan",
      "helpful": "2",
      "polarity": "",
      "rate": 5,
      "response": "",
      "response_date": "",
      "review": "One of the best football apps on play store",
      "review_date": [
        "April",
        "8",
        " 2017"
      ]
    },
    {
      "REQ_subtype": "",
      "REQ_type": "",
      "_id": 74,
      "author_id": "not defined",
      "author_name": "ashnav ramdeen",
      "helpful": "1",
      "polarity": "",
      "rate": 3,
      "response": "",
      "response_date": "",
      "review": "Big problem not entering",
      "review_date": [
        "July",
        "26",
        " 2017"
      ]
    },
    {
      "REQ_subtype": "",
      "REQ_type": "",
      "_id": 75,
      "author_id": "not defined",
      "author_name": "Bonbon Brian",
      "helpful": "0",
      "polarity": "",
      "rate": 1,
      "response": "",
      "response_date": "",
      "review": "App is not opening stay on logo  90 min ,cant connect to server",
      "review_date": [
        "July",
        "25",
        " 2017"
      ]
    },
    {
      "REQ_subtype": "",
      "REQ_type": "",
      "_id": 76,
      "author_id": "not defined",
      "author_name": "A Google user",
      "helpful": "0",
      "polarity": "",
      "rate": 5,
      "response": "",
      "response_date": "",
      "review": "i ITS A COOL APP!EVERY MAN ITD FAN SHOULD HAVE THIS  APP\u26bd\u26bd\ud83d\ude08\ud83d\udc4d\ud83d\udc4c\u270c",
      "review_date": [
        "March",
        "30",
        " 2017"
      ]
    },
    {
      "REQ_subtype": "",
      "REQ_type": "",
      "_id": 77,
      "author_id": "not defined",
      "author_name": "NANDI FACHRURROZI",
      "helpful": "0",
      "polarity": "",
      "rate": 5,
      "response": "",
      "response_date": "",
      "review": "Kalau bisa kita minta video supaya kita bisa lihat highligts pertandingan juga om....",
      "review_date": [
        "July",
        "8",
        " 2017"
      ]
    },
    {
      "REQ_subtype": "",
      "REQ_type": "",
      "_id": 78,
      "author_id": "not defined",
      "author_name": "Sevan Dig",
      "helpful": "0",
      "polarity": "",
      "rate": 5,
      "response": "",
      "response_date": "",
      "review": "App is good but when I am click on the match section doesn't work plz fix",
      "review_date": [
        "April",
        "8",
        " 2017"
      ]
    },
    {
      "REQ_subtype": "",
      "REQ_type": "",
      "_id": 79,
      "author_id": "not defined",
      "author_name": "sheraaz snyman",
      "helpful": "0",
      "polarity": "",
      "rate": 4,
      "response": "",
      "response_date": "",
      "review": "I can only view one article, the others are blank",
      "review_date": [
        "June",
        "20",
        " 2017"
      ]
    },
    {
      "REQ_subtype": "",
      "REQ_type": "",
      "_id": 80,
      "author_id": "not defined",
      "author_name": "Samyak Jain",
      "helpful": "0",
      "polarity": "",
      "rate": 4,
      "response": "",
      "response_date": "",
      "review": "Please fix the comment section and also the match section.",
      "review_date": [
        "July",
        "29",
        " 2017"
      ]
    },
    {
      "REQ_subtype": "",
      "REQ_type": "",
      "_id": 81,
      "author_id": "not defined",
      "author_name": "M Sholahuddin",
      "helpful": "2",
      "polarity": "",
      "rate": 5,
      "response": "",
      "response_date": "",
      "review": "Funtastic..!!!!",
      "review_date": [
        "July",
        "19",
        " 2017"
      ]
    },
    {
      "REQ_subtype": "",
      "REQ_type": "",
      "_id": 82,
      "author_id": "not defined",
      "author_name": "Catalin Neacsu",
      "helpful": "0",
      "polarity": "",
      "rate": 5,
      "response": "",
      "response_date": "",
      "review": "Fastest news app for your favourite team!!! The first to anounce all the important news!!!",
      "review_date": [
        "July",
        "8",
        " 2017"
      ]
    },
    {
      "REQ_subtype": "",
      "REQ_type": "",
      "_id": 83,
      "author_id": "not defined",
      "author_name": "Amlaan Purohit",
      "helpful": "0",
      "polarity": "",
      "rate": 5,
      "response": "",
      "response_date": "",
      "review": "Really brilliant. Has all the latest news. Really good app",
      "review_date": [
        "June",
        "10",
        " 2017"
      ]
    },
    {
      "REQ_subtype": "",
      "REQ_type": "",
      "_id": 84,
      "author_id": "not defined",
      "author_name": "Juan Espinoza",
      "helpful": "0",
      "polarity": "",
      "rate": 4,
      "response": "",
      "response_date": "",
      "review": "Excellent app, but the Match section isnt working",
      "review_date": [
        "April",
        "9",
        " 2017"
      ]
    },
    {
      "REQ_subtype": "",
      "REQ_type": "",
      "_id": 85,
      "author_id": "not defined",
      "author_name": "Isiko Eric",
      "helpful": "1",
      "polarity": "",
      "rate": 5,
      "response": "",
      "response_date": "",
      "review": "It's a cool app",
      "review_date": [
        "May",
        "13",
        " 2017"
      ]
    },
    {
      "REQ_subtype": "",
      "REQ_type": "",
      "_id": 86,
      "author_id": "not defined",
      "author_name": "Damion Waters",
      "helpful": "0",
      "polarity": "",
      "rate": 5,
      "response": "",
      "response_date": "",
      "review": "Great app but need more access to videos",
      "review_date": [
        "April",
        "13",
        " 2017"
      ]
    },
    {
      "REQ_subtype": "",
      "REQ_type": "",
      "_id": 87,
      "author_id": "not defined",
      "author_name": "Ramesh Srikant",
      "helpful": "0",
      "polarity": "",
      "rate": 5,
      "response": "",
      "response_date": "",
      "review": "Perfect app to know match timings and football news. No fake news!",
      "review_date": [
        "April",
        "20",
        " 2017"
      ]
    },
    {
      "REQ_subtype": "",
      "REQ_type": "",
      "_id": 88,
      "author_id": "not defined",
      "author_name": "Nia Rusnia",
      "helpful": "0",
      "polarity": "",
      "rate": 5,
      "response": "",
      "response_date": "",
      "review": "this app sk useful for know the match section",
      "review_date": [
        "June",
        "9",
        " 2017"
      ]
    },
    {
      "REQ_subtype": "",
      "REQ_type": "",
      "_id": 89,
      "author_id": "not defined",
      "author_name": "Souvik Ghosh",
      "helpful": "0",
      "polarity": "",
      "rate": 5,
      "response": "",
      "response_date": "",
      "review": "A wonderful app. My requirements are fulfilled.",
      "review_date": [
        "November",
        "22",
        " 2017"
      ]
    },
    {
      "REQ_subtype": "",
      "REQ_type": "",
      "_id": 90,
      "author_id": "not defined",
      "author_name": "FT Gamer",
      "helpful": "1",
      "polarity": "",
      "rate": 5,
      "response": "",
      "response_date": "",
      "review": "Manchester United",
      "review_date": [
        "April",
        "9",
        " 2017"
      ]
    },
    {
      "REQ_subtype": "",
      "REQ_type": "",
      "_id": 91,
      "author_id": "not defined",
      "author_name": "Gary Beccles",
      "helpful": "0",
      "polarity": "",
      "rate": 5,
      "response": "",
      "response_date": "",
      "review": "Brilliant the best United app",
      "review_date": [
        "March",
        "27",
        " 2017"
      ]
    },
    {
      "REQ_subtype": "",
      "REQ_type": "",
      "_id": 92,
      "author_id": "not defined",
      "author_name": "A Google user",
      "helpful": "0",
      "polarity": "",
      "rate": 3,
      "response": "",
      "response_date": "",
      "review": "I really love it",
      "review_date": [
        "July",
        "7",
        " 2017"
      ]
    },
    {
      "REQ_subtype": "",
      "REQ_type": "",
      "_id": 93,
      "author_id": "not defined",
      "author_name": "A Google user",
      "helpful": "0",
      "polarity": "",
      "rate": 5,
      "response": "",
      "response_date": "",
      "review": "It is awesome",
      "review_date": [
        "July",
        "18",
        " 2017"
      ]
    },
    {
      "REQ_subtype": "",
      "REQ_type": "",
      "_id": 94,
      "author_id": "not defined",
      "author_name": "emmanuel sapatheka",
      "helpful": "0",
      "polarity": "",
      "rate": 4,
      "response": "",
      "response_date": "",
      "review": "Great app",
      "review_date": [
        "August",
        "26",
        " 2017"
      ]
    },
    {
      "REQ_subtype": "",
      "REQ_type": "",
      "_id": 95,
      "author_id": "not defined",
      "author_name": "yassin kassim",
      "helpful": "0",
      "polarity": "",
      "rate": 5,
      "response": "",
      "response_date": "",
      "review": "Love it \u2764\u2764\u2764",
      "review_date": [
        "April",
        "14",
        " 2017"
      ]
    },
    {
      "REQ_subtype": "",
      "REQ_type": "",
      "_id": 96,
      "author_id": "not defined",
      "author_name": "Rudianto Saputro",
      "helpful": "0",
      "polarity": "",
      "rate": 5,
      "response": "",
      "response_date": "",
      "review": "Good",
      "review_date": [
        "July",
        "9",
        " 2017"
      ]
    },
    {
      "REQ_subtype": "",
      "REQ_type": "",
      "_id": 97,
      "author_id": "not defined",
      "author_name": "arief shabran",
      "helpful": "0",
      "polarity": "",
      "rate": 5,
      "response": "",
      "response_date": "",
      "review": "Good",
      "review_date": [
        "September",
        "27",
        " 2017"
      ]
    },
    {
      "REQ_subtype": "",
      "REQ_type": "",
      "_id": 98,
      "author_id": "not defined",
      "author_name": "A Google user",
      "helpful": "0",
      "polarity": "",
      "rate": 5,
      "response": "",
      "response_date": "",
      "review": "Brilliant",
      "review_date": [
        "May",
        "9",
        " 2017"
      ]
    },
    {
      "REQ_subtype": "",
      "REQ_type": "",
      "_id": 99,
      "author_id": "not defined",
      "author_name": "rian teknika",
      "helpful": "5",
      "polarity": "",
      "rate": 5,
      "response": "",
      "response_date": "",
      "review": "Aplikasi ini bagus, saya sering membaca berita2 terbaru disini, namun ada yg nampak ganjal setiap melihat papan klasemen dimana beberapa liga ada tampilan logo (ikon) untuk klub sepakbola, namun ada juga liga yg tidak ditampilkan logo klub seperti liga inggris.. menurut saya sih biar lebih kelihatan semakin menarik lagi dimohon agar admin membuat pembaharuan aplikasi yang terbaru.. terima kasih.",
      "review_date": [
        "February",
        "26",
        " 2017"
      ]
    },
    {
      "REQ_subtype": "",
      "REQ_type": "",
      "_id": 100,
      "author_id": "not defined",
      "author_name": "Thomas Trevor",
      "helpful": "4",
      "polarity": "",
      "rate": 5,
      "response": "",
      "response_date": "",
      "review": "This app gives you loads of information .",
      "review_date": [
        "March",
        "4",
        " 2017"
      ]
    },
    {
      "REQ_subtype": "",
      "REQ_type": "",
      "_id": 101,
      "author_id": "not defined",
      "author_name": "Benjamin Baidoo Mensah",
      "helpful": "0",
      "polarity": "",
      "rate": 5,
      "response": "",
      "response_date": "",
      "review": "This is a great app.  Thanks for the developer. Love it, love, love it. Keep up the good work.",
      "review_date": [
        "March",
        "14",
        " 2017"
      ]
    },
    {
      "REQ_subtype": "",
      "REQ_type": "",
      "_id": 102,
      "author_id": "not defined",
      "author_name": "DonDukes Ammisah",
      "helpful": "0",
      "polarity": "",
      "rate": 5,
      "response": "",
      "response_date": "",
      "review": "Best feed app about Manchester United...Designed for The Fans..",
      "review_date": [
        "April",
        "16",
        " 2017"
      ]
    },
    {
      "REQ_subtype": "",
      "REQ_type": "",
      "_id": 103,
      "author_id": "not defined",
      "author_name": "dulanga madushan",
      "helpful": "0",
      "polarity": "",
      "rate": 5,
      "response": "",
      "response_date": "",
      "review": "I love this app",
      "review_date": [
        "February",
        "25",
        " 2017"
      ]
    },
    {
      "REQ_subtype": "",
      "REQ_type": "",
      "_id": 104,
      "author_id": "not defined",
      "author_name": "Emmanuel Eugene Addo",
      "helpful": "0",
      "polarity": "",
      "rate": 5,
      "response": "",
      "response_date": "",
      "review": "Great app",
      "review_date": [
        "July",
        "30",
        " 2017"
      ]
    },
    {
      "REQ_subtype": "",
      "REQ_type": "",
      "_id": 105,
      "author_id": "not defined",
      "author_name": "Michael Maggazi",
      "helpful": "0",
      "polarity": "",
      "rate": 5,
      "response": "",
      "response_date": "",
      "review": "Good App",
      "review_date": [
        "March",
        "11",
        " 2017"
      ]
    },
    {
      "REQ_subtype": "",
      "REQ_type": "",
      "_id": 106,
      "author_id": "not defined",
      "author_name": "Joe Clarke",
      "helpful": "0",
      "polarity": "",
      "rate": 5,
      "response": "",
      "response_date": "",
      "review": "Cool",
      "review_date": [
        "March",
        "1",
        " 2017"
      ]
    },
    {
      "REQ_subtype": "",
      "REQ_type": "",
      "_id": 107,
      "author_id": "not defined",
      "author_name": "Mona Shehata",
      "helpful": "0",
      "polarity": "",
      "rate": 3,
      "response": "",
      "response_date": "",
      "review": "Used to be able to hide results by not choosing notifications except for beginning and end of match. Now I receive a notification with the final result, which actually was one the main reason I liked the app. I could choose to see what I want. Now it gives me all the news so had to disable any news notifications and the final result which when I'm sometimes out and recording the match is pretty annoying. Used to he 5 stars",
      "review_date": [
        "December",
        "14",
        " 2016"
      ]
    },
    {
      "REQ_subtype": "",
      "REQ_type": "",
      "_id": 108,
      "author_id": "not defined",
      "author_name": "Cristian Bocanegra",
      "helpful": "0",
      "polarity": "",
      "rate": 3,
      "response": "",
      "response_date": "",
      "review": "I've been using this app for nearly two years. It's AWESOME. I stay connected. Read different opinions and stats. Run into funny content every now and then. Overall I love this app. BUT, please fix this bug. For about the last month articles are repeating themselves. I scroll and scroll, and I find myself seeing the SAME 10-15 articles... Some times I click on an article and it turns into a completely different one. Please fix this!! Thank you all for putting this together :) peace and love yo. Also GGMU \ud83d\ude08",
      "review_date": [
        "November",
        "10",
        " 2016"
      ]
    },
    {
      "REQ_subtype": "",
      "REQ_type": "",
      "_id": 109,
      "author_id": "not defined",
      "author_name": "NoFeArChiC2",
      "helpful": "0",
      "polarity": "",
      "rate": 1,
      "response": "",
      "response_date": "",
      "review": "Since the update, no longer able to share articles through Skype. The option was completely removed and it's the only platform I use. Grrrr! Also, the comment section has vanished... Oh, and videos will disappear as well sometimes when you try to hit play... What is going on with this app???",
      "review_date": [
        "January",
        "2",
        " 2017"
      ]
    },
    {
      "REQ_subtype": "",
      "REQ_type": "",
      "_id": 110,
      "author_id": "not defined",
      "author_name": "raghav nagpal",
      "helpful": "21",
      "polarity": "",
      "rate": 2,
      "response": "Hi  - thanks for the feedback.  We're sorry you're experiencing issues with the app and would love to figure out the problem with your help.  Please head to the app and send us a feedback so our customer service team will be able assist you.  Cheers!",
      "response_date": [
        "September",
        "6",
        " 2016"
      ],
      "review": "Lately its been frustrating..just doesnt work only...keeps on displaying cant connect with the server... Their is no problem of net everything else just works fine...plzz solve it..im missing my daily news coz of this",
      "review_date": [
        "August",
        "25",
        " 2016"
      ]
    },
    {
      "REQ_subtype": "",
      "REQ_type": "",
      "_id": 111,
      "author_id": "not defined",
      "author_name": "Tony Ali",
      "helpful": "1",
      "polarity": "",
      "rate": 2,
      "response": "",
      "response_date": "",
      "review": "Cannot Give Opinions On Matters At My Favourite Club Which Besides The Info On The Club I Do Like To Give Opinions And Read Other Statements So Whats Going On With This App? Sort It Out..!!",
      "review_date": [
        "January",
        "2",
        " 2017"
      ]
    },
    {
      "REQ_subtype": "",
      "REQ_type": "",
      "_id": 112,
      "author_id": "not defined",
      "author_name": "Mohammad Edzri",
      "helpful": "1",
      "polarity": "",
      "rate": 5,
      "response": "",
      "response_date": "",
      "review": "I just love how it shows all the matches and we can also choose on having which team to be notified on..it also notify us about other league matches which is also great!! Keep up the good work guys..",
      "review_date": [
        "December",
        "24",
        " 2016"
      ]
    },
    {
      "REQ_subtype": "",
      "REQ_type": "",
      "_id": 113,
      "author_id": "not defined",
      "author_name": "Bhaskar Bisht",
      "helpful": "0",
      "polarity": "",
      "rate": 5,
      "response": "Hi  - thanks for the feedback.  We're sorry you're experiencing issues with the app and would love to figure out the problem with your help.  Please head to the app and send us a feedback so our customer service team will be able assist you.  Cheers!",
      "response_date": [
        "September",
        "6",
        " 2016"
      ],
      "review": "The app has not been working lately while on wifi. It says that cannot connect to internet while everything else is working just fine. It connects on mobile internet though. Please fix the this issue. Thanks for sorting it out..",
      "review_date": [
        "September",
        "25",
        " 2016"
      ]
    },
    {
      "REQ_subtype": "",
      "REQ_type": "",
      "_id": 114,
      "author_id": "not defined",
      "author_name": "harsh jasrai",
      "helpful": "0",
      "polarity": "",
      "rate": 1,
      "response": "Hi  - thanks for the feedback.  We're sorry you're experiencing issues with the app and would love to figure out the problem with your help.  Please head to the app and send us a feedback so our customer service team will be able assist you.  Cheers!",
      "response_date": [
        "September",
        "6",
        " 2016"
      ],
      "review": "Since past 2 weeks app isnt working. Keep displaying error \" cant connect to server (104) \" while each nd every other app is working",
      "review_date": [
        "August",
        "20",
        " 2016"
      ]
    },
    {
      "REQ_subtype": "",
      "REQ_type": "",
      "_id": 115,
      "author_id": "not defined",
      "author_name": "Orsel Louis",
      "helpful": "0",
      "polarity": "",
      "rate": 5,
      "response": "",
      "response_date": "",
      "review": "I've been using it for some time now and when it comes to football updates, it's the best for me and for any team I want. Thanks guys for keeping us updated 24/7",
      "review_date": [
        "November",
        "4",
        " 2016"
      ]
    },
    {
      "REQ_subtype": "",
      "REQ_type": "",
      "_id": 116,
      "author_id": "not defined",
      "author_name": "Gift Medson",
      "helpful": "1",
      "polarity": "",
      "rate": 4,
      "response": "",
      "response_date": "",
      "review": "Waking 90% is good  I can  see  results  and  news  for  Man United   but please  add  extra  reagues",
      "review_date": [
        "December",
        "16",
        " 2016"
      ]
    },
    {
      "REQ_subtype": "",
      "REQ_type": "",
      "_id": 117,
      "author_id": "not defined",
      "author_name": "amponsah ernest",
      "helpful": "3",
      "polarity": "",
      "rate": 5,
      "response": "",
      "response_date": "",
      "review": "You can share your comments on issues brought up.. I Like it",
      "review_date": [
        "August",
        "18",
        " 2016"
      ]
    },
    {
      "REQ_subtype": "",
      "REQ_type": "",
      "_id": 118,
      "author_id": "not defined",
      "author_name": "Mattdabeasty",
      "helpful": "1",
      "polarity": "",
      "rate": 3,
      "response": "",
      "response_date": "",
      "review": "The commentary is poor and lazy unlike a year ago",
      "review_date": [
        "August",
        "27",
        " 2016"
      ]
    },
    {
      "REQ_subtype": "",
      "REQ_type": "",
      "_id": 119,
      "author_id": "not defined",
      "author_name": "Derrick David",
      "helpful": "0",
      "polarity": "",
      "rate": 1,
      "response": "",
      "response_date": "",
      "review": "Thought it was about Man Utd,  damn it's not it's all about football from whole world,  it shouldn't be called Man Utd",
      "review_date": [
        "December",
        "9",
        " 2016"
      ]
    },
    {
      "REQ_subtype": "",
      "REQ_type": "",
      "_id": 120,
      "author_id": "not defined",
      "author_name": "Vijayan Haridas",
      "helpful": "1",
      "polarity": "",
      "rate": 5,
      "response": "",
      "response_date": "",
      "review": "Used it on iOS and when I move to Android, it's serves the same with all the features.",
      "review_date": [
        "October",
        "4",
        " 2016"
      ]
    },
    {
      "REQ_subtype": "",
      "REQ_type": "",
      "_id": 121,
      "author_id": "not defined",
      "author_name": "John Brown",
      "helpful": "0",
      "polarity": "",
      "rate": 4,
      "response": "",
      "response_date": "",
      "review": "Dropped it down by one star because it has been missing the fa matches for this season so far",
      "review_date": [
        "January",
        "13",
        " 2017"
      ]
    },
    {
      "REQ_subtype": "",
      "REQ_type": "",
      "_id": 122,
      "author_id": "not defined",
      "author_name": "Issabella Leiighte",
      "helpful": "2",
      "polarity": "",
      "rate": 4,
      "response": "",
      "response_date": "",
      "review": "So Far This is One  Of  The Best.",
      "review_date": [
        "September",
        "2",
        " 2016"
      ]
    },
    {
      "REQ_subtype": "",
      "REQ_type": "",
      "_id": 123,
      "author_id": "not defined",
      "author_name": "A Google user",
      "helpful": "0",
      "polarity": "",
      "rate": 5,
      "response": "",
      "response_date": "",
      "review": "This app is all a United fan needs. It's absolutely fancy, awesome and comfortable in usage.  Keep it up!!!ManUtd Pro.",
      "review_date": [
        "April",
        "27",
        " 2017"
      ]
    },
    {
      "REQ_subtype": "",
      "REQ_type": "",
      "_id": 124,
      "author_id": "not defined",
      "author_name": "Abel Paul Sabu",
      "helpful": "3",
      "polarity": "",
      "rate": 5,
      "response": "",
      "response_date": "",
      "review": "One of the best apps for quick updates.LOVE IT",
      "review_date": [
        "August",
        "24",
        " 2016"
      ]
    },
    {
      "REQ_subtype": "",
      "REQ_type": "",
      "_id": 125,
      "author_id": "not defined",
      "author_name": "Amri Masuma",
      "helpful": "2",
      "polarity": "",
      "rate": 5,
      "response": "",
      "response_date": "",
      "review": "Nice app but sometimes video won't play",
      "review_date": [
        "November",
        "22",
        " 2016"
      ]
    },
    {
      "REQ_subtype": "",
      "REQ_type": "",
      "_id": 126,
      "author_id": "not defined",
      "author_name": "Nana Kumi",
      "helpful": "2",
      "polarity": "",
      "rate": 5,
      "response": "",
      "response_date": "",
      "review": "Do more than that",
      "review_date": [
        "August",
        "22",
        " 2016"
      ]
    },
    {
      "REQ_subtype": "",
      "REQ_type": "",
      "_id": 127,
      "author_id": "not defined",
      "author_name": "Mark Berrisford",
      "helpful": "2",
      "polarity": "",
      "rate": 5,
      "response": "",
      "response_date": "",
      "review": "Brilliant always upto date info..",
      "review_date": [
        "August",
        "21",
        " 2016"
      ]
    },
    {
      "REQ_subtype": "",
      "REQ_type": "",
      "_id": 128,
      "author_id": "not defined",
      "author_name": "Denzil Nongkynrih",
      "helpful": "0",
      "polarity": "",
      "rate": 5,
      "response": "",
      "response_date": "",
      "review": "It's awesome cause I got the latest news in part of the football yes Long of the game",
      "review_date": [
        "January",
        "18",
        " 2017"
      ]
    },
    {
      "REQ_subtype": "",
      "REQ_type": "",
      "_id": 129,
      "author_id": "not defined",
      "author_name": "Ebuka Akubue",
      "helpful": "1",
      "polarity": "",
      "rate": 5,
      "response": "",
      "response_date": "",
      "review": "Simple de best sport highlights ever",
      "review_date": [
        "August",
        "29",
        " 2016"
      ]
    },
    {
      "REQ_subtype": "",
      "REQ_type": "",
      "_id": 130,
      "author_id": "not defined",
      "author_name": "Saidhassan Idarus",
      "helpful": "1",
      "polarity": "",
      "rate": 5,
      "response": "",
      "response_date": "",
      "review": "Great app for football news,",
      "review_date": [
        "December",
        "2",
        " 2016"
      ]
    },
    {
      "REQ_subtype": "",
      "REQ_type": "",
      "_id": 131,
      "author_id": "not defined",
      "author_name": "Alexis Declykx",
      "helpful": "0",
      "polarity": "",
      "rate": 5,
      "response": "",
      "response_date": "",
      "review": "It is f\u00e0ntastic app",
      "review_date": [
        "December",
        "31",
        " 2016"
      ]
    },
    {
      "REQ_subtype": "",
      "REQ_type": "",
      "_id": 132,
      "author_id": "not defined",
      "author_name": "Abdullahi Adamu",
      "helpful": "0",
      "polarity": "",
      "rate": 5,
      "response": "",
      "response_date": "",
      "review": "Very good app, everything I need from man united official, I got it on this app",
      "review_date": [
        "October",
        "29",
        " 2016"
      ]
    },
    {
      "REQ_subtype": "",
      "REQ_type": "",
      "_id": 133,
      "author_id": "not defined",
      "author_name": "Muhammad Lawan",
      "helpful": "1",
      "polarity": "",
      "rate": 3,
      "response": "",
      "response_date": "",
      "review": "Wonderful app I like it",
      "review_date": [
        "September",
        "30",
        " 2016"
      ]
    },
    {
      "REQ_subtype": "",
      "REQ_type": "",
      "_id": 134,
      "author_id": "not defined",
      "author_name": "Jason Brink",
      "helpful": "1",
      "polarity": "",
      "rate": 1,
      "response": "",
      "response_date": "",
      "review": "It is the worst",
      "review_date": [
        "November",
        "11",
        " 2016"
      ]
    },
    {
      "REQ_subtype": "",
      "REQ_type": "",
      "_id": 135,
      "author_id": "not defined",
      "author_name": "Tsor Sam",
      "helpful": "0",
      "polarity": "",
      "rate": 5,
      "response": "",
      "response_date": "",
      "review": "Real man u fans",
      "review_date": [
        "November",
        "15",
        " 2016"
      ]
    },
    {
      "REQ_subtype": "",
      "REQ_type": "",
      "_id": 136,
      "author_id": "not defined",
      "author_name": "Jubril Olayinka",
      "helpful": "0",
      "polarity": "",
      "rate": 5,
      "response": "",
      "response_date": "",
      "review": "We're the RED DEVILS",
      "review_date": [
        "February",
        "25",
        " 2017"
      ]
    },
    {
      "REQ_subtype": "",
      "REQ_type": "",
      "_id": 137,
      "author_id": "not defined",
      "author_name": "Kavita Sharma",
      "helpful": "1",
      "polarity": "",
      "rate": 5,
      "response": "",
      "response_date": "",
      "review": "Amazing app",
      "review_date": [
        "October",
        "27",
        " 2016"
      ]
    },
    {
      "REQ_subtype": "",
      "REQ_type": "",
      "_id": 138,
      "author_id": "not defined",
      "author_name": "aarti kulkarni",
      "helpful": "0",
      "polarity": "",
      "rate": 4,
      "response": "",
      "response_date": "",
      "review": "But there are more links of news than normal one..",
      "review_date": [
        "November",
        "1",
        " 2016"
      ]
    },
    {
      "REQ_subtype": "",
      "REQ_type": "",
      "_id": 139,
      "author_id": "not defined",
      "author_name": "ZARNI MIN NAING",
      "helpful": "0",
      "polarity": "",
      "rate": 5,
      "response": "",
      "response_date": "",
      "review": "It's a very good app . I like it very much.",
      "review_date": [
        "October",
        "15",
        " 2016"
      ]
    },
    {
      "REQ_subtype": "",
      "REQ_type": "",
      "_id": 140,
      "author_id": "not defined",
      "author_name": "my channel",
      "helpful": "0",
      "polarity": "",
      "rate": 5,
      "response": "",
      "response_date": "",
      "review": "Tells us everything about man United",
      "review_date": [
        "January",
        "30",
        " 2017"
      ]
    },
    {
      "REQ_subtype": "",
      "REQ_type": "",
      "_id": 141,
      "author_id": "not defined",
      "author_name": "Harith Hasan",
      "helpful": "1",
      "polarity": "",
      "rate": 5,
      "response": "",
      "response_date": "",
      "review": "Good for united news",
      "review_date": [
        "September",
        "24",
        " 2016"
      ]
    },
    {
      "REQ_subtype": "",
      "REQ_type": "",
      "_id": 142,
      "author_id": "not defined",
      "author_name": "Eddy Pedro",
      "helpful": "1",
      "polarity": "",
      "rate": 5,
      "response": "",
      "response_date": "",
      "review": "Very nice APP",
      "review_date": [
        "September",
        "3",
        " 2016"
      ]
    },
    {
      "REQ_subtype": "",
      "REQ_type": "",
      "_id": 143,
      "author_id": "not defined",
      "author_name": "Ashish Gohil",
      "helpful": "0",
      "polarity": "",
      "rate": 5,
      "response": "",
      "response_date": "",
      "review": "This app is amazing I love it",
      "review_date": [
        "April",
        "28",
        " 2017"
      ]
    },
    {
      "REQ_subtype": "",
      "REQ_type": "",
      "_id": 144,
      "author_id": "not defined",
      "author_name": "steven mutale",
      "helpful": "0",
      "polarity": "",
      "rate": 5,
      "response": "",
      "response_date": "",
      "review": "Very fast and accurate in reports.",
      "review_date": [
        "March",
        "3",
        " 2017"
      ]
    },
    {
      "REQ_subtype": "",
      "REQ_type": "",
      "_id": 145,
      "author_id": "not defined",
      "author_name": "Siddhant Baral",
      "helpful": "0",
      "polarity": "",
      "rate": 5,
      "response": "",
      "response_date": "",
      "review": "Beautiful name along with functions.",
      "review_date": [
        "April",
        "11",
        " 2017"
      ]
    },
    {
      "REQ_subtype": "",
      "REQ_type": "",
      "_id": 146,
      "author_id": "not defined",
      "author_name": "Azhar Noor",
      "helpful": "2",
      "polarity": "",
      "rate": 5,
      "response": "",
      "response_date": "",
      "review": "Superb",
      "review_date": [
        "September",
        "24",
        " 2016"
      ]
    },
    {
      "REQ_subtype": "",
      "REQ_type": "",
      "_id": 147,
      "author_id": "not defined",
      "author_name": "Lesley Jeff Kabula",
      "helpful": "2",
      "polarity": "",
      "rate": 5,
      "response": "",
      "response_date": "",
      "review": "Great app",
      "review_date": [
        "January",
        "12",
        " 2017"
      ]
    },
    {
      "REQ_subtype": "",
      "REQ_type": "",
      "_id": 148,
      "author_id": "not defined",
      "author_name": "# Declan",
      "helpful": "1",
      "polarity": "",
      "rate": 1,
      "response": "",
      "response_date": "",
      "review": "U-N-I-T-E-D",
      "review_date": [
        "October",
        "1",
        " 2016"
      ]
    },
    {
      "REQ_subtype": "",
      "REQ_type": "",
      "_id": 149,
      "author_id": "not defined",
      "author_name": "Deano Hamilton",
      "helpful": "0",
      "polarity": "",
      "rate": 5,
      "response": "",
      "response_date": "",
      "review": "Very informative \ud83d\udcaf",
      "review_date": [
        "April",
        "21",
        " 2017"
      ]
    },
    {
      "REQ_subtype": "",
      "REQ_type": "",
      "_id": 150,
      "author_id": "not defined",
      "author_name": "Benson Rwelamila",
      "helpful": "0",
      "polarity": "",
      "rate": 5,
      "response": "",
      "response_date": "",
      "review": "Its great",
      "review_date": [
        "April",
        "6",
        " 2017"
      ]
    },
    {
      "REQ_subtype": "",
      "REQ_type": "",
      "_id": 151,
      "author_id": "not defined",
      "author_name": "Matthew pickle",
      "helpful": "0",
      "polarity": "",
      "rate": 4,
      "response": "",
      "response_date": "",
      "review": "Brilliant app",
      "review_date": [
        "December",
        "27",
        " 2016"
      ]
    },
    {
      "REQ_subtype": "",
      "REQ_type": "",
      "_id": 152,
      "author_id": "not defined",
      "author_name": "Karthikeyan S",
      "helpful": "2",
      "polarity": "",
      "rate": 5,
      "response": "",
      "response_date": "",
      "review": "Good",
      "review_date": [
        "August",
        "31",
        " 2016"
      ]
    },
    {
      "REQ_subtype": "",
      "REQ_type": "",
      "_id": 153,
      "author_id": "not defined",
      "author_name": "mark kenna",
      "helpful": "0",
      "polarity": "",
      "rate": 5,
      "response": "",
      "response_date": "",
      "review": "Cool",
      "review_date": [
        "February",
        "8",
        " 2017"
      ]
    },
    {
      "REQ_subtype": "",
      "REQ_type": "",
      "_id": 154,
      "author_id": "not defined",
      "author_name": "A Google user",
      "helpful": "0",
      "polarity": "",
      "rate": 5,
      "response": "",
      "response_date": "",
      "review": "Good",
      "review_date": [
        "February",
        "7",
        " 2017"
      ]
    },
    {
      "REQ_subtype": "",
      "REQ_type": "",
      "_id": 155,
      "author_id": "not defined",
      "author_name": "Ramadhan Ali",
      "helpful": "0",
      "polarity": "",
      "rate": 5,
      "response": "",
      "response_date": "",
      "review": "Good",
      "review_date": [
        "March",
        "3",
        " 2017"
      ]
    },
    {
      "REQ_subtype": "",
      "REQ_type": "",
      "_id": 156,
      "author_id": "not defined",
      "author_name": "Alex Anderton",
      "helpful": "10",
      "polarity": "",
      "rate": 3,
      "response": "",
      "response_date": "",
      "review": "After the most recent update the app won't even open. Notifications comes through but then the message \"Unfortunately, Man Utd Pro has stopped.\" keeps popping up when attempting to launch it. The 3 stars come from the fact the app used to work well and still works well on my iPad Pro 12.9\" and is a pleasure to use. I have a Samsung Galaxy S7 so it is a modern phone so shouldn't be outdated. I have uninstalled, reinstalled and restarted my device twice yet it still refuses to work. What have you done?",
      "review_date": [
        "July",
        "22",
        " 2016"
      ]
    },
    {
      "REQ_subtype": "",
      "REQ_type": "",
      "_id": 157,
      "author_id": "not defined",
      "author_name": "Mohamed Camara",
      "helpful": "1",
      "polarity": "",
      "rate": 2,
      "response": "Hi  - thanks for the feedback.  We're sorry you're experiencing issues with the app and would love to figure out the problem with your help.  Please head to the app and send us a feedback so our customer service team will be able assist you.  Cheers!",
      "response_date": [
        "September",
        "6",
        " 2016"
      ],
      "review": "Use to b great but lately it won't open, videos don't play out it freezes most of the time n sometimes I've to delete n reinstall again to b able to get the news again. Plz fix it cuz I luv reading about United everyday",
      "review_date": [
        "August",
        "16",
        " 2016"
      ]
    },
    {
      "REQ_subtype": "",
      "REQ_type": "",
      "_id": 158,
      "author_id": "not defined",
      "author_name": "Tom Lomas",
      "helpful": "0",
      "polarity": "",
      "rate": 2,
      "response": "Hi  - thanks for the feedback.  We're sorry you're experiencing issues with the app and would love to figure out the problem with your help.  Please head to the app and send us a feedback so our customer service team will be able assist you.  Cheers!",
      "response_date": [
        "September",
        "6",
        " 2016"
      ],
      "review": "This app used to be the best. But now, videos won't play, 'browser isn't supported' or something and won't play. And just recently although I still get notifications to alert me of transfers and news. When I open the app, it loads for a while then says 'cant connect to server... (105)' and continues to do it. Tried everything to resolve it and hasn't worked. Please fix. I use this app on a daily basis, and love it.",
      "review_date": [
        "July",
        "20",
        " 2016"
      ]
    },
    {
      "REQ_subtype": "",
      "REQ_type": "",
      "_id": 159,
      "author_id": "not defined",
      "author_name": "David Whitworth",
      "helpful": "0",
      "polarity": "",
      "rate": 1,
      "response": "Hi  - thanks for the feedback.  We're sorry you're experiencing issues with the app and would love to figure out the problem with your help.  Please head to the app and send us a feedback so our customer service team will be able assist you.  Cheers!",
      "response_date": [
        "September",
        "6",
        " 2016"
      ],
      "review": "This used to be a 5star app but it won't open at all now please fix it(update it now works but says this browser does not support video what a farce) can I give 0 stars please",
      "review_date": [
        "July",
        "17",
        " 2016"
      ]
    }
  ],
  "size": "Varies with devic",
  "url": "https://play.google.com/store/apps/details?id=com.ftbpro.manutd",
  "version": "Varies with device"
}