{
  "categories": [
    "Arcade"
  ],
  "description": "Play SLOTS! for SLOT MACHINES FREE! Try OVER 50+ FREE Slot Machines unlocked NOW with SLOTS: free vegas casino slot games! Updated with 2 new slots free with bonus games every month!Play SLOTS! for free Slot machines without wifi - online or offline - and try to win the Jackpot! It\u2019s like a REAL Vegas Casino in an android game app! Want the best free slot games with bonus features and free coins? Play SLOTS! Free Slot Games without wifi today!This free slot games app is intended for adult audiences and does not offer real money gambling or any opportunities to win real money or prizes. Success within this free slots game does not imply future success at real money gambling.SLOTS! By Super Lucky Casino: makers of the best FREE Las Vegas casino games and slot machine apps for phone or tablet! SPIN NOW IN SLOTS!Having an issue with the game?  For immediate support, contact us at SLTa@12gigs.com.  Thanks!",
  "inc": "Super Lucky Casino",
  "intalled_count": "1,000,000",
  "last_update": [
    "August",
    "26",
    " 2016"
  ],
  "name": "SLOTS!",
  "offered_by": "Google Commerce Ltd",
  "permissions": {
    "Identity": [
      "find accounts on the device",
      "read your own contact card"
    ],
    "Contacts": [
      "find accounts on the device",
      "read your contacts",
      "modify your contacts"
    ],
    "Photos/Media/Files": [
      "read the contents of your USB storage",
      "modify or delete the contents of your USB storage"
    ],
    "Storage": [
      "read the contents of your USB storage",
      "modify or delete the contents of your USB storage"
    ],
    "Wi-Fi connection information": [
      "view Wi-Fi connections"
    ],
    "Other": [
      "receive data from Internet",
      "view network connections",
      "full network access",
      "control vibration",
      "prevent device from sleeping"
    ]
  },
  "rate": [
    [
      "60,684",
      "4.6"
    ],
    [
      "45,572",
      "5"
    ],
    [
      "9,008",
      "4"
    ],
    [
      "2,811",
      "3"
    ],
    [
      "804",
      "2"
    ],
    [
      "2,489",
      "1"
    ]
  ],
  "required_android": "2.3.3",
  "size": "46",
  "url": "https://play.google.com/store/apps/details?id=com.slots.best.android",
  "version": "1.112"
}