{
  "categories": [
    "Arcade"
  ],
  "description": "ROOOOAAAAARRR!Play as a rebellious teenage DRAGON and burn everything in your path! Roast the neighboring lords and steal their gold in order to amass the greatest TREASURE ever held by a dragon. Drag'n'Boom offers you a unique mobile gaming experience. The left side of the screen controls your movement: JUMP, FLY, and CHARGE YOUR PREY. The right side lets you spit fireballs: PILLAGE, BURN, RANSACK\u2026 and all in STYLE! Hoard gold and unlock new powers. Launch your enemies into the air and perform series of combos, moves, and EXPLOSIVE ROUTINES! Features/Characteristics\u2022\tDrag'n'Boom is a fun old-school arcade game combining speed and precision!\u2022\tDive into an imaginary medieval universe full of heroes, echoing the greatest arcade and platform games of all time. \u2022\tUnleash your flames in no fewer than 50 levels and a never-ending world! \u2022\tThe more gold you hoard, the more powerful you become! So what are you waiting for? For it to rain gold! \u2022\tTake advantage of these powers to strut your stuff with ever more stylish moves! \u2022\tBlow away your friends' scores with devastating combos!\u2022\tAnd don't forget the slow-motion effect, which allows you to shoot with extreme precision.",
  "inc": "ANKAMA GAMES",
  "intalled_count": "1,000,000",
  "last_update": [
    "January",
    "12",
    " 2018"
  ],
  "name": "Drag'n'Boom",
  "offered_by": "Google Commerce Ltd",
  "permissions": {
    "Wi-Fi connection information": [
      "view Wi-Fi connections"
    ],
    "Other": [
      "view network connections",
      "full network access"
    ]
  },
  "rate": [
    [
      "132,641",
      "4.8"
    ],
    [
      "118,923",
      "5"
    ],
    [
      "9,836",
      "4"
    ],
    [
      "2,040",
      "3"
    ],
    [
      "414",
      "2"
    ],
    [
      "1,428",
      "1"
    ]
  ],
  "required_android": "4.4",
  "size": "54",
  "url": "https://play.google.com/store/apps/details?id=com.ankama.dragnboom",
  "version": "1.1.1"
}