{
  "categories": [
    "Board"
  ],
  "description": "Dominos is one of the most played board games in the world. We worked hard to offer you a free and exceptional game experience. Enjoy the clean, easy to use interface, the fast and smooth game animations, and the self adjustable intelligence or your opponent. You can choose between the three most played game versions: All Fives, Draw Dominos and Block Dominos. This board game is also called muggins, dominoes, domino and the tiles are sometimes referred to as bones.To succeed you need logical reasoning and luck. Practice certainly will take you far! The game consists of 28 dominoes. Each domino is a rectangle divided into two square ends. Each end has a number of pips (or spots) ranging from 0 to 6.The goal is basically to achieve a certain score. You must match the same number of pips on one end of a tile to another equivalent number of a tile available on the end of a branch on the board. You have to get rid of all the tiles you hold before your opponent.",
  "inc": "FIOGONIA LIMITED",
  "intalled_count": "1,000,000",
  "last_update": [
    "July",
    "23",
    " 2018"
  ],
  "name": "Dominos - Best Dominoes Game",
  "offered_by": "Google Commerce Ltd",
  "permissions": {
    "Location": [
      "approximate location (network-based)"
    ],
    "Wi-Fi connection information": [
      "view Wi-Fi connections"
    ],
    "Other": [
      "receive data from Internet",
      "view network connections",
      "full network access",
      "prevent device from sleeping"
    ]
  },
  "rate": [
    [
      "17,430",
      "4.5"
    ],
    [
      "12,751",
      "5"
    ],
    [
      "2,760",
      "4"
    ],
    [
      "869",
      "3"
    ],
    [
      "303",
      "2"
    ],
    [
      "747",
      "1"
    ]
  ],
  "required_android": "4.4",
  "size": "26",
  "url": "https://play.google.com/store/apps/details?id=com.fiogonia.dominoes",
  "version": "1.0.18"
}