{
  "categories": [
    "Board"
  ],
  "description": "Enjoy a variety of modesWe are ready to game online with the mobile.It will be a boost to your brain.[Operation]Find a touch of the same shape as the inverted card![Features]- Stage Mode: diverse and unique stage is ready.- Arcade Mode: Find same card within the timeout period- Multiplayer mode: Brain game together with the people around the world- Easy one-touch operation- Leaderboards, achievements, friend Support- Low musk phones, tablet devices supportHomepage :https://play.google.com/store/apps/dev?id=4864673505117639552Facebook : https://www.facebook.com/mobirixplayenYouTube :https://www.youtube.com/user/mobirix1",
  "inc": "mobirix",
  "intalled_count": "1,000,000",
  "last_update": [
    "May",
    "24",
    " 2018"
  ],
  "name": "Matching King",
  "offered_by": "Google Commerce Ltd",
  "permissions": {
    "Wi-Fi connection information": [
      "view Wi-Fi connections"
    ],
    "Other": [
      "receive data from Internet",
      "view network connections",
      "full network access",
      "prevent device from sleeping"
    ]
  },
  "rate": [
    [
      "9,850",
      "4.4"
    ],
    [
      "6,129",
      "5"
    ],
    [
      "2,250",
      "4"
    ],
    [
      "1,075",
      "3"
    ],
    [
      "133",
      "2"
    ],
    [
      "263",
      "1"
    ]
  ],
  "required_android": "2.3",
  "size": "9.5",
  "url": "https://play.google.com/store/apps/details?id=com.mobirix.cardmatch",
  "version": "1.0.9"
}