{
  "categories": [
    "Card"
  ],
  "description": "Play Texas Hold\u2019em Poker free with millions of players from all over the world! Immerse yourself in a world of Texas Hold\u2019em excitement, challenges and victories to prove that you're a true winner. Bluff and raise, improve your skills, gain experience, make new friends and become the best poker player ever!Game features:\u2022 FREE CHIPS \u2013 Play the game every day to get free chips!\u2022 PLAY WITH FRIENDS \u2013 Get free bonuses when you invite your friends to the game through email or Facebook.\u2022 TOURNAMENTS \u2013 Master your poker skills! Participate in WEEKLY Sit'n'Go and Shootout tournaments where you can WIN unique Trophies and top our Leaderboard.\u2022 GET REWARDS \u2013 Up the stakes, win hands, go all-in and unlock achievements.\u2022 QUESTS - Complete daily quests to get free chips!\u2022 YOUR OWN PROFILE PAGE \u2013 Track your progress and status in the game! Get experience and lvl-up! See how many poker Tournaments you've won and Achievements you've completed. Get unique Properties and display them on your profile! View other players profiles to see how you compare! \u2022 CHAT WITH OTHER PLAYERS \u2013 Have even more fun at the casino tables with our easy to use in-game instant messenger and chat with other Texas Hold\u2019em players!\u2022 FAIR HAND DEALING GUARANTEED \u2013 Our Certified Random Number Generator (RNG) brings you the best and fairest Texas Hold\u2019em experience.\u2022 LEARN TO PLAY \u2013 Are you new to Texas Hold\u2019em Poker, Blackjack or Roulette but always wanted to try it? Our simple to follow tutorial mode will help you take the first steps. Learn everything you need to know about poker, winning combinations and the rules of the game quickly.\u2022 SMOOTH INTERFACE \u2013 A simple and attractive interface which gives you the ability to call, fold or raise with just one tap.\u2022 NO REGISTRATION \u2013 Get straight into the action. Use guest mode to use our free casino app without registration.\u2022 SINGLE ACCOUNT \u2013 Start playing free Texas Hold\u2019em Poker on your smartphone then continue playing on tablet without losing your progress. Use your single account to play any of our other casino games in one app!\u2665\ufe0f\u2666\ufe0f\u2660\ufe0f\u2663\ufe0f Want more than poker? \u2663\ufe0f\u2660\ufe0f\u2666\ufe0f\u2665\ufe0fTry our other games for an unforgettable 3D experience: \u2022 BLACKJACK  \u2013 A simple game of \u201c21\u201d. An exciting 3D game that any blackjack fan is sure to enjoy. \u2022 ROULETTE  \u2013 Featuring stunning 3D graphics and three varieties of table: French, American, and European. \u2022 OMAHA POKER  - A more dynamic version of poker with 5 cards in hand. Have more fun with amazing combinations!Like us on facebook!http://facebook.com/PokeristFollow us on Twitter!https://twitter.com/KamaCasino This game is only available to people of legal age. The game offers no possibility of winning money or anything of value. Success in playing this game does not imply your success in a similar real-money casino game.",
  "inc": "KamaGames",
  "intalled_count": "10,000,000",
  "last_update": [
    "July",
    "31",
    " 2018"
  ],
  "name": "Texas Holdem & Omaha Poker: Pokerist",
  "offered_by": "Google Commerce Ltd",
  "permissions": {
    "Device & app history": [
      "retrieve running apps"
    ],
    "Identity": [
      "find accounts on the device"
    ],
    "Contacts": [
      "find accounts on the device"
    ],
    "Location": [
      "approximate location (network-based)"
    ],
    "Phone": [
      "read phone status and identity"
    ],
    "Photos/Media/Files": [
      "read the contents of your USB storage",
      "modify or delete the contents of your USB storage"
    ],
    "Storage": [
      "read the contents of your USB storage",
      "modify or delete the contents of your USB storage"
    ],
    "Microphone": [
      "record audio"
    ],
    "Wi-Fi connection information": [
      "view Wi-Fi connections"
    ],
    "Device ID & call information": [
      "read phone status and identity"
    ],
    "Other": [
      "receive data from Internet",
      "view network connections",
      "full network access",
      "use accounts on the device",
      "control vibration",
      "prevent device from sleeping",
      "Google Play license check"
    ]
  },
  "rate": [
    [
      "186,653",
      "4.3"
    ],
    [
      "124,323",
      "5"
    ],
    [
      "26,383",
      "4"
    ],
    [
      "13,255",
      "3"
    ],
    [
      "5,172",
      "2"
    ],
    [
      "17,520",
      "1"
    ]
  ],
  "required_android": "4.1",
  "size": "28",
  "url": "https://play.google.com/store/apps/details?id=com.kamagames.pokerist",
  "version": "18.4.0"
}