{
  "categories": [
    "Social"
  ],
  "description": "Looking for creative ideas? Whether you\u2019re planning your next big travel adventure, searching for home design concepts, looking for fashion & fitness tips or checking out new recipes, explore lifestyle inspiration on Pinterest. Good ideas start here!Discover over 100 billion possibilities for every part of your life, from new recipes and trending food images to creative design ideas. Create extra home storage space, build a DIY dog bed, find the perfect haircut and get style tips for your wedding with Pinterest.Save ideas on Pinterest:1. Find lifestyle inspiration & explore articles on trending and recommended topics 2. Collaborate with friends for your next group trip, party or DIY project 3. See ideas & images out in the world that you like and snap a photo with Pinterest Lens to find out how to buy/make/do them!Discover wedding tips, beauty inspiration and design concepts for your big day. Explore thousands of recommended or trending images, get travel inspiration or read new recipes and creative food ideas for your next dinner party. With fitness tips, interesting DIY projects to try out and tons of great fashion, style & beauty tips, Pinterest keeps all of your lifestyle inspiration in one place.You never know what sparks a great design idea or when inspiration for your next DIY project might strike.Get inspired from anywhere on the internet. Save your ideas, organize them by topic and share with others \u2013 all from your pocket! Get ideas for the topics you care about most:- Home design, architecture & DIY- Creative wedding tips - Travel, fitness & beauty- Fashion and style inspiration- Food, new recipes & cooking Download Pinterest to start exploring possibilities for your next DIY or home design project.",
  "inc": "Pinterest",
  "intalled_count": "100,000,000",
  "last_update": [
    "August",
    "1",
    " 2018"
  ],
  "name": "Pinterest",
  "offered_by": "Google Commerce Ltd",
  "permissions": {
    "Identity": [
      "find accounts on the device",
      "read your own contact card"
    ],
    "Contacts": [
      "find accounts on the device",
      "read your contacts"
    ],
    "Location": [
      "precise location (GPS and network-based)"
    ],
    "Photos/Media/Files": [
      "read the contents of your USB storage",
      "modify or delete the contents of your USB storage"
    ],
    "Storage": [
      "read the contents of your USB storage",
      "modify or delete the contents of your USB storage"
    ],
    "Camera": [
      "take pictures and videos"
    ],
    "Other": [
      "receive data from Internet",
      "view network connections",
      "full network access",
      "run at startup",
      "use accounts on the device",
      "prevent device from sleeping",
      "read Google service configuration"
    ]
  },
  "rate": [
    [
      "4,295,290",
      "4.6"
    ],
    [
      "3,266,051",
      "5"
    ],
    [
      "695,374",
      "4"
    ],
    [
      "166,585",
      "3"
    ],
    [
      "57,855",
      "2"
    ],
    [
      "109,425",
      "1"
    ]
  ],
  "required_android": "Varies with",
  "size": "Varies with devic",
  "url": "https://play.google.com/store/apps/details?id=com.pinterest",
  "version": "Varies with device"
}