{
  "categories": [
    "Sports"
  ],
  "description": "\u26bd LIVE SCORES - MATCH COMMENTARY - STATS - FIXTURES - NEWSFotMob gives you all the scores, stats, and storylines to keep you up to speed with the world of soccer. Personalized news and notifications make it easy to follow your favorite teams and players. And lightning-quick live match updates make sure you never miss a moment, no matter where you are. Features include: \u2022 Live scores and match stats\u2022 Live text commentary\u2022 Pre-match lineups \u2022 Confirmed transfer updates\u2022 Personalized news content and push notifications for your favorite clubs and players\u2022 TV schedules\u2022 Audio commentary in more than 10 languages\u2022 Favorites tab helps you easily track the teams and players you love\u2022 News feeds by league and team\u2022 Coverage for over 200 competitions including: Premier League, La Liga, Serie A, Bundesliga (1, 2 & 3), Ligue 1, MLS, USL, Champions League, Liga MX, FA Women\u2019s Super League, Eredivisie, FA Cup, the Championship, EFL, Scottish Premier League, and more.Follow for the latest updates and to share feedback - we'd love to hear from you!Twitter: http://twitter.com/fotmobFacebook: http://www.facebook.com/fotmobInstagram: http://www.instagram.com/fotmobappWeb: http://www.fotmob.com/",
  "inc": "NorApps AS",
  "intalled_count": "10,000,000",
  "last_update": [
    "July",
    "31",
    " 2018"
  ],
  "name": "FotMob - Live Soccer Scores",
  "offered_by": "Google Commerce Ltd",
  "permissions": {
    "Photos/Media/Files": [
      "read the contents of your USB storage"
    ],
    "Storage": [
      "read the contents of your USB storage"
    ],
    "Wi-Fi connection information": [
      "view Wi-Fi connections"
    ],
    "Location": [
      "approximate location (network-based)"
    ],
    "Identity": [
      "find accounts on the device"
    ],
    "Contacts": [
      "find accounts on the device"
    ],
    "Phone": [
      "read phone status and identity"
    ],
    "Device ID & call information": [
      "read phone status and identity"
    ],
    "Other": [
      "receive data from Internet",
      "prevent device from sleeping",
      "view network connections",
      "full network access",
      "control vibration",
      "prevent device from sleeping"
    ]
  },
  "rate": [
    [
      "409,915",
      "4.7"
    ],
    [
      "313,987",
      "5"
    ],
    [
      "73,396",
      "4"
    ],
    [
      "11,936",
      "3"
    ],
    [
      "3,911",
      "2"
    ],
    [
      "6,685",
      "1"
    ]
  ],
  "required_android": "Varies with",
  "size": "Varies with devic",
  "url": "https://play.google.com/store/apps/details?id=com.mobilefootie.wc2010",
  "version": "Varies with device"
}