{
  "categories": [
    "Board"
  ],
  "description": "This is a Mahjong game with many features. The goal is to clear the board by removing all the matching identical pairs from the layout. A valid pair consists of two tiles which are both free and identical or of the same type.",
  "inc": "TNATUREII",
  "intalled_count": "1,000,000",
  "last_update": [
    "August",
    "1",
    " 2015"
  ],
  "name": "Mahjong Classic",
  "offered_by": "Google Commerce Ltd",
  "permissions": {
    "Other": [
      "view network connections",
      "full network access"
    ]
  },
  "rate": [
    [
      "6,918",
      "4.0"
    ],
    [
      "3,717",
      "5"
    ],
    [
      "1,146",
      "4"
    ],
    [
      "886",
      "3"
    ],
    [
      "358",
      "2"
    ],
    [
      "811",
      "1"
    ]
  ],
  "required_android": "2.3",
  "size": "1.4",
  "url": "https://play.google.com/store/apps/details?id=com.tnature3.Mahjong",
  "version": "2.2"
}