{
  "categories": [
    "Card"
  ],
  "description": "Scopa, il popolare gioco di carte italiano che non pu\u00f2 mancare sul tuo smartphone e/o tablet.Puoi personalizzare la modalit\u00e0 di gioco modificando opportunamente le seguenti opzioni: - il punteggio di fine partita: 11, 15 oppure 21 punti;- le varianti di gioco: NAPOLA, REBELLO, ASSO PIGLIA TUTTO e SBARAZZINO o SCOPA D'ASSI;- il mazzo di carte a scelta tra le sette tipologie messe a disposizione: bergamasche, francesi, napoletane, piacentine, siciliane, toscane e trevisane;- la velocit\u00e0 delle animazioni e gli effetti audio.Il gioco \u00e8 corredato da una STATISTICA e da una CLASSIFICA dove ci si pu\u00f2 confrontare con i propri amici e con tutti gli altri giocatori amanti di questo gioco.Grazie alla modalit\u00e0 MULTIPLAYER \u00e8 ora possibile sfidare giocatori veri.Per malfunzionamenti e/o suggerimenti \u00e8 possibile inviare una mail a scopaapp@gmail.comNon mi rimane altro che augurarti BUON DIVERTIMENTO!!!SCARICANDO E INSTALLANDO QUESTO SOFTWARE SI ACCETTANO LE SEGUENTI CONDIZIONI:a. QUESTA APPLICAZIONE E' FORNITA SENZA GARANZIE DI NESSUN TIPO E IL SUO UTILIZZO E' A PROPRIO RISCHIO.b. L'UTILIZZATORE E' L'UNICO RESPONSABILE PER EVENTUALI DANNI AL DISPOSITIVO SU CUI VIENE INSTALLATA, O PERDITE DI DATI DERIVANTI DALL'USO DEL SOFTWARE.c. L'APPLICAZIONE NON E' STATA PROGETTATA PER L'UTILIZZO NEI CONTESTI IN CUI UN EVENTUALE MALFUNZIONAMENTO SOFTWARE POSSA COMPORTARE DANNI A PERSONE O COSE.d. QUESTO SOFTWARE UTILIZZA IL COLLEGAMENTO AD INTERNET, PER OTTENERE SUGGERIMENTI PUBBLICITARI FORNITI DA SOCIETA\u2019 SPECIALIZZATE; LO SVILUPPATORE NON E\u2019 RESPONSABILE PER EVENTUALI COSTI DERIVANTI DA TALE COLLEGAMENTO AD INTERNET, NE\u2019 E\u2019 RESPONSABILE PER I CONTENUTI MOSTRATI DA TALI PUBBLICITA\u2019.",
  "inc": "Davide Terella",
  "intalled_count": "100,000",
  "last_update": [
    "October",
    "31",
    " 2017"
  ],
  "name": "Scopa",
  "offered_by": "Google Commerce Ltd",
  "permissions": {
    "Wi-Fi connection information": [
      "view Wi-Fi connections"
    ],
    "Other": [
      "view network connections",
      "full network access",
      "control vibration"
    ]
  },
  "rate": [],
  "required_android": "2.3.3",
  "size": "12",
  "url": "https://play.google.com/store/apps/details?id=it.dt.scopa.ui",
  "version": "1.1.14"
}