{
  "categories": [
    "Casual"
  ],
  "description": "* 100's of levels* Challenge the bosses. Can you master their quirks?* Great audio to help you get in the zone* Messy painting fun",
  "inc": "MAG Interactive",
  "intalled_count": "10,000,000",
  "last_update": [
    "July",
    "6",
    " 2018"
  ],
  "name": "Paint Hit",
  "offered_by": "Google Commerce Ltd",
  "permissions": {
    "Wi-Fi connection information": [
      "view Wi-Fi connections"
    ],
    "Other": [
      "view network connections",
      "full network access"
    ]
  },
  "rate": [
    [
      "35,410",
      "4.4"
    ],
    [
      "25,226",
      "5"
    ],
    [
      "4,248",
      "4"
    ],
    [
      "2,257",
      "3"
    ],
    [
      "682",
      "2"
    ],
    [
      "2,997",
      "1"
    ]
  ],
  "required_android": "5.0",
  "size": "33",
  "url": "https://play.google.com/store/apps/details?id=com.dimico.painthit",
  "version": "5.200"
}