{
  "categories": [
    "Casino"
  ],
  "description": "If you like BINGO, solitaire and slots, you\u2019re going to love this casino card matching game! Download this FREE game for your tablet and smartphone and play today! Can you clear two, three, or even four bingo lines at once? SPIN the slot machine reels and find the matching cards on the bingo board. Every level has a different pattern you finish to win, and then the stakes get even bigger! If you're feeling lucky try and complete the full card for even more coins! Play the Joker Wild Cards strategically for MAXIMUM PAYOUTS! As one of our happy players proudly comments, \u201cA nicely done game featuring two familiar genres mashed together. The gameplay is simple and easy to pick up with enough variety to make each game a new experience. Looking forward to seeing what comes next!\u201d \u2605 A FRESH TAKE ON BINGO \u2605Solitaire Slots combines classic bingo-style matching with exciting slot machine fun (and much more) to create a unique and addicting experience. \u2605 SLOT MACHINE EXCITEMENT \u2605Kick back, relax and spin the slot machine reels that give you cards to match on the solitaire deck AND offer jackpot bonus coins when you make a matching poker hand! \u2605 GAME-CHANGING JOKER WILD CARDS \u2605Tilt the odds in your favor by spinning the Wild Card Joker causing a cascade of bingos, boost scores, and elevate your status in the game with maximum payouts! \u2605 ADVENTURE WITH THE CARD SUITS \u2605Enjoy more than 15 themed card decks and follow the delightful card suit characters on their adventures around the world! Progress from one deck to the next by collecting stars when you clear a bingo card. \u2605 PLAY WITH FRIENDS \u2605Connect with friends also playing Solitaire Slots and compete on the leaderboard to see who can earn the most stars! \u2605 UPDATES! UPDATES! UPDATES! \u2605Our regular app updates bring you new card decks and new features helping you spin to WIN. Having problems? Any suggestions? We would love to hear from you! You can reach us at inquiries@goneorbital.com. Created and supported by Orbital Games, LLC. FIND YOUR LUCK TODAY!",
  "inc": "Orbital Games",
  "intalled_count": "100,000",
  "last_update": [
    "May",
    "6",
    " 2016"
  ],
  "name": "Bingo - Solitaire Slots!",
  "offered_by": "Google Commerce Ltd",
  "permissions": {
    "Phone": [
      "read phone status and identity"
    ],
    "Photos/Media/Files": [
      "read the contents of your USB storage",
      "modify or delete the contents of your USB storage"
    ],
    "Storage": [
      "read the contents of your USB storage",
      "modify or delete the contents of your USB storage"
    ],
    "Wi-Fi connection information": [
      "view Wi-Fi connections"
    ],
    "Device ID & call information": [
      "read phone status and identity"
    ],
    "Other": [
      "view network connections",
      "full network access",
      "control vibration"
    ]
  },
  "rate": [
    [
      "7,131",
      "4.6"
    ],
    [
      "5,220",
      "5"
    ],
    [
      "1,214",
      "4"
    ],
    [
      "395",
      "3"
    ],
    [
      "119",
      "2"
    ],
    [
      "183",
      "1"
    ]
  ],
  "required_android": "2.3",
  "size": "29",
  "url": "https://play.google.com/store/apps/details?id=com.OrbitalGames.SolitaireSlots",
  "version": "2.17.5g"
}