{
  "categories": [
    "Casual"
  ],
  "description": "Transform your very own tropical island into a bustling metropolis beyond your wildest imagination! In this top-notch city management simulation, you'll work with the Mayor and his quirky cohorts to build it into the best paradise it can be.DEVELOP YOUR DREAMS\u2022 Choose your expansion style: industrial tycoon, technological prodigy, or cultural artisan.\u2022 Visit your friends' cities to see the effects of different development strategies.\u2022 Unlock unique landmarks and buildings: They'll produce diverse resources that keep your city appealing to new citizens.ENJOY AN ENGAGING STORY \u2022 Help the wacky Mayor make important decisions to achieve his goals successfully.\u2022 Heed the advice of your advisors to navigate tricky scenarios.EXPERIENCE A LIVELY CITY \u2022 Handle spontaneous events impacted by the unique design of your city.\u2022 Get breaking Daily News reports that recap your latest achievements.Become the most creative tycoon the world has ever seen -- and the best builder, too! _____________________________________________Visit our official site at http://www.gameloft.comFollow us on Twitter at http://glft.co/GameloftonTwitter or like us on Facebook at http://facebook.com/Gameloft to get more info about all our upcoming titles.Check out our videos and game trailers on http://www.youtube.com/GameloftDiscover our blog at http://glft.co/Gameloft_Official_Blog for the inside scoop on everything Gameloft._____________________________________________This app allows you to purchase virtual items within the app and may contain third-party advertisements that may redirect you to a third-party site.Terms of Use: http://www.gameloft.com/conditions/Privacy Policy: http://www.gameloft.com/privacy-notice/End-User License Agreement: http://www.gameloft.com/eula/?lang=en",
  "inc": "Gameloft",
  "intalled_count": "10,000,000",
  "last_update": [
    "March",
    "20",
    " 2018"
  ],
  "name": "Little Big City 2",
  "offered_by": "Google Commerce Ltd",
  "permissions": {
    "Identity": [
      "find accounts on the device"
    ],
    "Contacts": [
      "find accounts on the device"
    ],
    "Location": [
      "approximate location (network-based)"
    ],
    "Photos/Media/Files": [
      "read the contents of your USB storage",
      "modify or delete the contents of your USB storage"
    ],
    "Storage": [
      "read the contents of your USB storage",
      "modify or delete the contents of your USB storage"
    ],
    "Wi-Fi connection information": [
      "view Wi-Fi connections"
    ],
    "Other": [
      "receive data from Internet",
      "view network connections",
      "full network access",
      "run at startup",
      "control vibration",
      "prevent device from sleeping"
    ]
  },
  "rate": [
    [
      "343,609",
      "4.4"
    ],
    [
      "234,301",
      "5"
    ],
    [
      "57,133",
      "4"
    ],
    [
      "26,739",
      "3"
    ],
    [
      "7,410",
      "2"
    ],
    [
      "18,026",
      "1"
    ]
  ],
  "required_android": "4.0.3",
  "size": "30",
  "url": "https://play.google.com/store/apps/details?id=com.gameloft.android.ANMP.GloftL2HM",
  "version": "9.2.4"
}