{
  "categories": [
    "Sports"
  ],
  "description": "No frills \u2013 just football GoalAlert is the fastest soccer app - All goals come through instantly. You are looking for a simple and user-friendly football app that keeps you informed about the results of the Premier League and Championship or do you need the fixtures of the upcoming FA or League Cup round?With GoalAlert you are able to receive live scores of your favorite football teams in real time! With its clear design, GoalAlert is easy to use and faster than other soccer- and news-apps.You decide from which football teams you want to receive push notifications about results, goals and live scores!But not only fans of the English League will enjoy this app. The app includes many other international leagues: from German Bundesliga to Spanish La Liga, there is something for every football fan!GoalAlert comes with a clear homepage, which shows you the most important leagues and international competitions at a glance. You are also able to personalize it according to your needs and interests. Only interested in the Champions League? No problem! You decide which competitions you want to access with just one click. GoalAlert also comes with a superfast live table and match schedules of the entire football season. We are happy GoalAlert is so positively received by our users and we are constantly working on updates to make the app even better!Never miss a goal again!By using this app, you agree to our privacy policy.",
  "inc": "TorAlarm GmbH",
  "intalled_count": "1,000,000",
  "last_update": [
    "July",
    "31",
    " 2018"
  ],
  "name": "GoalAlert Football Live Scores Fixtures Results",
  "offered_by": "Google Commerce Ltd",
  "permissions": {
    "Phone": [
      "read phone status and identity"
    ],
    "Wi-Fi connection information": [
      "view Wi-Fi connections"
    ],
    "Device ID & call information": [
      "read phone status and identity"
    ],
    "Other": [
      "receive data from Internet",
      "view network connections",
      "full network access",
      "control vibration",
      "prevent device from sleeping"
    ]
  },
  "rate": [
    [
      "89,873",
      "4.5"
    ],
    [
      "61,618",
      "5"
    ],
    [
      "21,273",
      "4"
    ],
    [
      "3,521",
      "3"
    ],
    [
      "1,299",
      "2"
    ],
    [
      "2,162",
      "1"
    ]
  ],
  "required_android": "Varies with",
  "size": "Varies with devic",
  "url": "https://play.google.com/store/apps/details?id=com.eisterhues_media_2",
  "version": "Varies with device"
}