{
  "categories": [
    "Social"
  ],
  "description": "OK Live \u2013 Watch livestream videos and follow everything that is going on around you! Share lifetime moments in real time with friends and the whole world with the camera on your mobile phone, without ads and for free. A weak signal is not an issue for streaming anymore! The app works on 4G/3G/2G/EDGE or WiFi networks.Why OK Live?Watch livestreams anonymously, without registration and for free.Create your own livestreams and use great filters to make your broadcast unique!Find the most spectacular livestreams and their recordings in the \"Popular\" section.Find livestreams from anywhere in the world on a map.Subscribe to popular users and receive notifications when they are starting their livestreams.Livestreams and recordings, and their authors, are accessible by user in search or on a map.At the end of the broadcast, a recording will be available for users to view. Livestream recordings will be stored indefinitely, and the author can remove it at any time, if desired.Share livestreams on social networks, messengers and other apps on your phone while broadcasting your moments or watching others.Livestreams can automatically be placed on your profile or in a group on OK. Like it!",
  "inc": "Odnoklassniki Ltd",
  "intalled_count": "1,000,000",
  "last_update": [
    "August",
    "2",
    " 2018"
  ],
  "name": "OK Live - video livestreams",
  "offered_by": "Google Commerce Ltd",
  "permissions": {
    "Identity": [
      "find accounts on the device",
      "add or remove accounts"
    ],
    "Contacts": [
      "find accounts on the device"
    ],
    "Location": [
      "approximate location (network-based)",
      "precise location (GPS and network-based)"
    ],
    "SMS": [
      "read your text messages (SMS or MMS)",
      "receive text messages (SMS)"
    ],
    "Phone": [
      "directly call phone numbers",
      "read call log",
      "read phone status and identity"
    ],
    "Photos/Media/Files": [
      "read the contents of your USB storage",
      "modify or delete the contents of your USB storage"
    ],
    "Storage": [
      "read the contents of your USB storage",
      "modify or delete the contents of your USB storage"
    ],
    "Camera": [
      "take pictures and videos"
    ],
    "Microphone": [
      "record audio"
    ],
    "Wi-Fi connection information": [
      "view Wi-Fi connections"
    ],
    "Device ID & call information": [
      "read phone status and identity"
    ],
    "Other": [
      "receive data from Internet",
      "view network connections",
      "create accounts and set passwords",
      "full network access",
      "change your audio settings",
      "run at startup",
      "draw over other apps",
      "use accounts on the device",
      "prevent device from sleeping",
      "view network connections",
      "create accounts and set passwords",
      "full network access",
      "run at startup",
      "use accounts on the device",
      "prevent device from sleeping"
    ]
  },
  "rate": [
    [
      "25,150",
      "4.5"
    ],
    [
      "19,282",
      "5"
    ],
    [
      "2,178",
      "4"
    ],
    [
      "1,306",
      "3"
    ],
    [
      "503",
      "2"
    ],
    [
      "1,881",
      "1"
    ]
  ],
  "required_android": "Varies with",
  "size": "Varies with devic",
  "url": "https://play.google.com/store/apps/details?id=ru.ok.live",
  "version": "Varies with device"
}