{
  "categories": [
    "Casual"
  ],
  "description": "Have you ever been bored at work, crumpled up a piece of paper and counted how many times you can make it in a small trash can? Has your boss ever gone out for a quick bite while you and your co-workers see how far you can move the trash can away and still make the paper shot? Have you ever brought in electric fans to make the shot even harder? Backflip Studios is happy to announce that we have brought this amazing and hilarious experience to the Android. This game is oddly satisfying . . . much like tossing a real ball of crumpled paper into a metal trash basket. So realistic, you will think you are stuck in an office killing time.Game includes:-Gorgeous graphics-8 levels of varied difficulty-Innovative flick control-Animated paper-Real office sounds-Varying wind speed from fan impacts paper flight-Verbal abuse from angry co-workersLet us know what you think. Paper Toss is brought to you by Backflip Studios, creators of absurdly fun mobile games like NinJump, DragonVale, Spellfall, Army of Darkness Defense & more. Search the Play Store for \"Backflip Studios\" to see all our games. Follow @BackflipStudios on Twitter for game announcements and other updates.",
  "inc": "Backflip Studios",
  "intalled_count": "50,000,000",
  "last_update": [
    "June",
    "13",
    " 2018"
  ],
  "name": "Paper Toss",
  "offered_by": "Google Commerce Ltd",
  "permissions": {
    "Photos/Media/Files": [
      "read the contents of your USB storage",
      "modify or delete the contents of your USB storage"
    ],
    "Storage": [
      "read the contents of your USB storage",
      "modify or delete the contents of your USB storage"
    ],
    "Wi-Fi connection information": [
      "view Wi-Fi connections"
    ],
    "Other": [
      "receive data from Internet",
      "view network connections",
      "full network access",
      "run at startup",
      "prevent device from sleeping"
    ]
  },
  "rate": [
    [
      "480,243",
      "4.0"
    ],
    [
      "261,115",
      "5"
    ],
    [
      "88,420",
      "4"
    ],
    [
      "54,738",
      "3"
    ],
    [
      "25,832",
      "2"
    ],
    [
      "50,138",
      "1"
    ]
  ],
  "required_android": "4.0.3",
  "size": "56",
  "url": "https://play.google.com/store/apps/details?id=com.bfs.papertoss",
  "version": "2.1.1"
}