{
  "categories": [
    "Social"
  ],
  "description": "Stay connected anywhere, anytime with Naver Blog.With the official Naver Blog app, you can check out real-time status of your blog and the latest updates from your neighbors. Also, you can easily publish posts with photos or location information. Naver Blog is just the right way to share your stories with the world!Highlighted Features:1)Check out real-time status updates of your blog and any updated post from your neighbors2)View enlarged photos on posts.3)Enjoy lively communication with your neighbors. You can directly access your neighbors, read their latest updates, and leave short messages on the board.4)Upload posts with photos or maps. You can save them even when you are offline!5)Add a new blogger as your neighbor and accept anybody who wants to become one of your neighbors.Thank you for using Naver apps. We will continue to improve our products and to provide up-to-date services. In case a problem or an error occurs while using the app, please feel free to leave your inquiry on NAVER Customer Center (WEB: m.help.naver.com/mail.nhn, MAIL: navercc@naver.com) Please note that an accurate assessment and answer to your problem may not be possible if you do not provide us with a direct inquiry to the above Customer Center. Please understand that leaving us a feedback comment on the review board, while greatly appreciated, does not suffice as a direct inquiry.",
  "inc": "NAVER Corp.",
  "intalled_count": "10,000,000",
  "last_update": [
    "July",
    "26",
    " 2018"
  ],
  "name": "\ub124\uc774\ubc84 \ube14\ub85c\uadf8 - Naver Blog",
  "offered_by": "Google Commerce Ltd",
  "permissions": {
    "Device & app history": [
      "retrieve running apps",
      "read sensitive log data"
    ],
    "Identity": [
      "find accounts on the device",
      "add or remove accounts"
    ],
    "Contacts": [
      "find accounts on the device"
    ],
    "Location": [
      "approximate location (network-based)",
      "precise location (GPS and network-based)"
    ],
    "Phone": [
      "read phone status and identity"
    ],
    "Photos/Media/Files": [
      "read the contents of your USB storage",
      "modify or delete the contents of your USB storage"
    ],
    "Storage": [
      "read the contents of your USB storage",
      "modify or delete the contents of your USB storage"
    ],
    "Camera": [
      "take pictures and videos"
    ],
    "Microphone": [
      "record audio"
    ],
    "Device ID & call information": [
      "read phone status and identity"
    ],
    "Other": [
      "receive data from Internet",
      "view network connections",
      "create accounts and set passwords",
      "disable your screen lock",
      "full network access",
      "run at startup",
      "draw over other apps",
      "use accounts on the device",
      "control vibration",
      "prevent device from sleeping",
      "install shortcuts"
    ]
  },
  "rate": [
    [
      "74,925",
      "3.8"
    ],
    [
      "38,619",
      "5"
    ],
    [
      "11,098",
      "4"
    ],
    [
      "7,713",
      "3"
    ],
    [
      "4,278",
      "2"
    ],
    [
      "13,217",
      "1"
    ]
  ],
  "required_android": "Varies with",
  "size": "Varies with devic",
  "url": "https://play.google.com/store/apps/details?id=com.nhn.android.blog",
  "version": "Varies with device"
}