{
  "categories": [
    "Board"
  ],
  "description": "101 Okey indir. 101 Okey, yapay zekas\u0131, zengin g\u00f6rsel efektleri, basit, kullan\u0131\u015fl\u0131 aray\u00fcz\u00fc ile amaca uygun 101 Y\u00fczbir Okey indir. \u0130nternetsiz, bilgisayara kar\u015f\u0131 okey 101 oyna. \u00dccretsiz 101 Okey \u0130ndir. Herkese iyi e\u011flenceler.101 Okey \u00d6zellikleri:- Google Game Play Service,- Ba\u015far\u0131lar,- S\u0131ralamalar,- \u0130statistikler,- G\u00f6revler,- Seviyeler.Ayarlar:- Katlamal\u0131 / Katlamas\u0131z se\u00e7ene\u011fi,- Oyun H\u0131z Ayar\u0131,- Ak\u0131ll\u0131 Ta\u015f Dizme a\u00e7\u0131k / kapal\u0131Okey 101 d\u00f6rt oyuncu ile birden fazla turda oynan\u0131r. Bu oyunda ama\u00e7 m\u00fcmk\u00fcn oldu\u011fu kadar az puanla oyunu bitirmektir. T\u00fcm turlar sonunda en az puana sahip olan oyuncu oyunun galibidir. Puanlar elde kalan ta\u015flar\u0131n \u00fczerindeki say\u0131lar ile belirlenir (\u00f6rnek: bir k\u0131rm\u0131z\u0131 3 = \u00fc\u00e7 puan, bir siyah 11 = 11 puan) Oyun desteden \u00e7ekecek ta\u015f kalmay\u0131nca bitebilece\u011fi gibi oyunculardan birinin elini tamamlamas\u0131 ile de bitebilir. Oyun belli say\u0131da turlardan olu\u015fur (\u00f6rnek: 3, 5, 7, 9 veya 11 tur). Her tur oyunculardan birinin elini bitirmesine kadar s\u00fcrer.Oyuncular aras\u0131ndan bir oyuncunun da\u011f\u0131t\u0131c\u0131 olarak belirlenmesinden sonra da\u011f\u0131t\u0131c\u0131 her oyuncuya 21 ta\u015f da\u011f\u0131t\u0131r ve kendine 22 ta\u015f al\u0131r. Geri kalan ta\u015flar masada ters \u00e7evrilmi\u015f \u015fekilde dururken bir tane ta\u015f a\u00e7\u0131k durur. Bu a\u00e7\u0131k ta\u015f jokeri (OKEY ta\u015f\u0131n\u0131) belirler. Oyun saat y\u00f6n\u00fcn\u00fcn tersine do\u011fru oynan\u0131r. Oyuna ta\u015f da\u011f\u0131tan ba\u015flar ve bu oyuncu ta\u015f \u00e7ekmeden bir ta\u015f atar. Sonra onun sa\u011f\u0131ndaki oynar. Her s\u0131ras\u0131 gelen oyuncu ya desteden bir ta\u015f \u00e7eker ya da bir \u00f6nceki oyuncunun att\u0131\u011f\u0131 son ta\u015f\u0131 al\u0131r. Oyuncu ta\u015f \u00e7ektikten sonra e\u011fer elindeki serilerin toplam\u0131 101 say\u0131s\u0131na ula\u015f\u0131yorsa elini a\u00e7abilir (dizdi\u011fi serileri masan\u0131n \u00fcst\u00fcne koyar). Oyuncu elini a\u00e7\u0131nca elindeki serileri masaya di\u011fer seri ta\u015flar\u0131n yan\u0131na koyar. E\u011fer oyuncu masaya ta\u015f a\u00e7am\u0131yorsa masaya bir ta\u015f atarak s\u0131ras\u0131n\u0131 savar. Oyun s\u0131ras\u0131 gelen oyuncu s\u0131ras\u0131n\u0131 mutlaka masaya bir ta\u015f atarak tamamlar hatta t\u00fcm elini a\u00e7sa dahi son ta\u015f\u0131n\u0131 masaya atmak zorundad\u0131r.El a\u00e7mak i\u00e7in en az 101 say\u0131n\u0131z olmal\u0131d\u0131r. El a\u00e7mak i\u00e7in elinizde ayn\u0131 numaral\u0131 de\u011fi\u015fik renklerden 3 veya 4 adet set (\u00f6rnek olarak siyah 5, k\u0131rm\u0131z\u0131 5 ve bir tane de mavi 5) veya ayn\u0131 renklerden s\u0131ral\u0131 say\u0131 seti (\u00f6rnek olarak k\u0131rm\u0131z\u0131 7,8,9) olmal\u0131d\u0131r. Bir sette minimum 3 ta\u015f olmal\u0131d\u0131r. Mevcut a\u00e7\u0131lm\u0131\u015f ta\u015flara ta\u015f eklenebilmesi i\u00e7in oyuncunun minimum 101 say\u0131s\u0131na ula\u015farak elini a\u00e7m\u0131\u015f gerekir. Ayn\u0131 oyun s\u0131ras\u0131nda hem elinizi a\u00e7abilir hem de di\u011fer a\u00e7\u0131lm\u0131\u015f setlere eklemeler yapabilirsiniz. E\u011fer oyuncu kendinden \u00f6nceki oyuncunun att\u0131\u011f\u0131 ta\u015f\u0131 al\u0131rsa bu ald\u0131\u011f\u0131 ta\u015f\u0131 kullanmak zorundad\u0131r. E\u011fer bu at\u0131lan ta\u015f\u0131 alan oyuncu hen\u00fcz elini a\u00e7mam\u0131\u015f ise bu ta\u015f\u0131 ald\u0131\u011f\u0131 zaman elini a\u00e7mal\u0131 ve a\u00e7t\u0131\u011f\u0131 setlerin birinin i\u00e7inde bu al\u0131nan ta\u015f da kullan\u0131lm\u0131\u015f olmal\u0131d\u0131r. Bu al\u0131nan ta\u015f\u0131n elinizde istekada durmas\u0131na m\u00fcsaade edilmez. E\u011fer bu al\u0131nan ta\u015f set olu\u015fturmada veya el a\u00e7mada kullan\u0131lam\u0131yorsa bu ta\u015f geri yerine konur ve desteden bir ta\u015f \u00e7ekilir. Bu yanl\u0131\u015fl\u0131ktan dolay\u0131 ceza puan\u0131 verilmez.Eli a\u00e7mak i\u00e7in bir ba\u015fka yol da en az be\u015f \u00e7ift ta\u015f biriktirmektir. \u00c7iftten anla\u015f\u0131lan benzer iki ta\u015ft\u0131r. E\u011fer oyuncu bir kez \u00e7ifte giderek oyun a\u00e7arsa bu oyunda bir daha normal bir set a\u00e7amaz. Ancak di\u011fer oyuncular\u0131n a\u00e7m\u0131\u015f olduklar\u0131 masadaki setlere ta\u015f ekleyebilir. E\u011fer masadaki d\u00f6rt oyuncu da ayn\u0131 oyun i\u00e7inde \u00e7ift a\u00e7arsa bu tur iptal olur ve yeni oyuna ba\u015flan\u0131r. Hi\u00e7bir oyuncu bu oyunda ceza puan\u0131 almaz.Ayr\u0131ca Pi\u015fti, Batak, Okey, Hearts, Spades, Gin Rummy gibi oyunlar\u0131m\u0131z\u0131 da deneyebilirisiniz.101 Okey hd ekranlara sahiptir.101, 101 okey, okey 101, 101 oyna, 101 indir, 101 okey hd, 101 okey oyna, 101 okey indir, internetsiz 101, 101 internetsiz, 101 plus, y\u00fczbir okey, y\u00fczbir oyna, okey y\u00fczbir, y\u00fczbir indir, 101 okey plus, y\u00fczbir okey oyna, 101 online, online 101, \u00e7anak 101, \u00e7anak 101 okey, 101 okey online, okey, okey indir, okey plus, online okey, okey oyun, okey hd, okey oyna, okey oyunu, y\u00fczbir, y\u00fczbir okey indir, batak hd, okey oyun, y\u00fczbir okey plus, bedava okey, okey pro, online okey, gamyun, yuzbir, yuzbir oyna, 101 okey pro, mynet okey, mynet 101, mynet 101 okey.",
  "inc": "Fuzzy Mobile Games",
  "intalled_count": "500,000",
  "last_update": [
    "July",
    "8",
    " 2018"
  ],
  "name": "101 Okey - \u0130nternetsiz",
  "offered_by": "Google Commerce Ltd",
  "permissions": {
    "Other": [
      "receive data from Internet",
      "view network connections",
      "full network access",
      "control vibration",
      "prevent device from sleeping"
    ]
  },
  "rate": [
    [
      "7,365",
      "4.4"
    ],
    [
      "4,989",
      "5"
    ],
    [
      "1,223",
      "4"
    ],
    [
      "605",
      "3"
    ],
    [
      "153",
      "2"
    ],
    [
      "395",
      "1"
    ]
  ],
  "required_android": "4.0",
  "size": "23",
  "url": "https://play.google.com/store/apps/details?id=com.hyilmaz.okey.yuzbir",
  "version": "1.12.1"
}