{
  "categories": [
    "Card"
  ],
  "description": "Spider Solitaire: Classic is a collection of the most popular card games including such classical variations of solitaire as FreeCell and Klondike Solitaire, which are the most popular types of solitaires.Features and advantages of the gameSolitaires by themselves are quite entertaining and addicting games, but this time developers have tried to combine them with user-friendly navigation, a high-quality interface, and flexible settings. Thus we can name the following advantages of the game:- The presence of the most popular game modes;- User-friendly interface;- Flexible tinctures;- Easy management;- Flexible.The essence of the game Spider SolitaireThe game of spider solitaire is a software implementation of the world-famous and widely known board game. This solitaire has a single-player game mode, that is, is designed for one player.Free card game Spider Solitaire: Classic is a fairly popular game, whose goal is to collect all the cards in the house. In this variant, the cards, initially spread out into 10 columns, all the cards can be moved according to certain rules.If you are a fan of card games and like to play solitaires, this game is for you. In addition, you can play for free with Spider Solitaire: Classic right on your mobile device at any time of the day. All the most popular solitaire collection free of charge offers you in their software version. A kindergarten, a spider, a tapeworm - all this and not only, is waiting for you in this game.",
  "inc": "Andrey Rebrik",
  "intalled_count": "100,000",
  "last_update": [
    "December",
    "19",
    " 2017"
  ],
  "name": "Spider Solitaire: Classic",
  "offered_by": "Google Commerce Ltd",
  "permissions": {
    "Photos/Media/Files": [
      "read the contents of your USB storage",
      "modify or delete the contents of your USB storage"
    ],
    "Storage": [
      "read the contents of your USB storage",
      "modify or delete the contents of your USB storage"
    ],
    "Other": [
      "receive data from Internet",
      "view network connections",
      "full network access",
      "prevent device from sleeping"
    ]
  },
  "rate": [
    [
      "1,020",
      "4.6"
    ],
    [
      "722",
      "5"
    ],
    [
      "247",
      "4"
    ],
    [
      "35",
      "3"
    ],
    [
      "7",
      "2"
    ],
    [
      "9",
      "1"
    ]
  ],
  "required_android": "4.0.3",
  "size": "24",
  "url": "https://play.google.com/store/apps/details?id=com.andreyrebrik.spider",
  "version": "1.0.2"
}