{
  "categories": [
    "Card"
  ],
  "description": "Callbreak Multiplayer brings classic and popular card game with online multiplayer feature to the Google Play Store.Game RulesCallbreak is a trick-taking card game played with a standard 52-card deck between four players. There are 5 rounds in a game. Players' sitting direction and the first dealer are selected before the first round begins. To randomize player's sitting direction and the first dealer, each player draws a card from the deck, and based on the order of the cards, their directions and first dealer are fixed. Dealers are changed successively in anti-clockwise direction in the following rounds.DealIn each round, a dealer starting from their right, deals all the cards in anti-clockwise direction to all the players without revealing any card, making 13 cards per each player.BiddingAll four players, starting from the player to dealer's right bid a number of tricks that they must win in that round in order to get a positive score, otherwise they will get a negative score.PlayIn Callbreak, Spades are the trump cards.In each trick, player must follow the same suit; if unable, player must play a trump card if eligible to win; if unable, player can play any card of their choice.Player must always try to win the trick, in other words (s)he must play higher cards possible.The first trick in a round is led by player to dealer's right with any card of any suit. Each player, in turn plays in anti-clockwise direction. A trick containing a spade is won by the highest spade played; if no spade is played, the trick is won by the highest card of the same suit. The winner of each trick leads to the next trick.ScoringPlayer that takes at least as many tricks as her bid receives a score equal to her bid. Additional tricks (Over Tricks) are worth an extra 0.1 times one point each. If unable to get the stated bid, score will be deducted equal to the stated bid.  After 4 rounds are completed, scores are summed to help players set a goal for their final round. After the final round, winner and runner-ups of the game are declared.Features:- Intuitive drag interface to play a card- Bots with improved AI in single player mode- Multiplayer with random online players- Multiplayer with online facebook friendsComing soon:- Local/wifi/hotspot multiplayer- Score history, statistics- Leaderboard and achievements- Sounds and notificationsAlso try the web versionhttp://callbreak.com/Localized name of the game:- Callbreak (in Nepal)- Lakdi, Lakadi (in India)",
  "inc": "Teslatech Pvt. Ltd.",
  "intalled_count": "10,000,000",
  "last_update": [
    "June",
    "29",
    " 2018"
  ],
  "name": "Callbreak Multiplayer",
  "offered_by": "Google Commerce Ltd",
  "permissions": {
    "Location": [
      "approximate location (network-based)"
    ],
    "Photos/Media/Files": [
      "access USB storage filesystem",
      "read the contents of your USB storage",
      "modify or delete the contents of your USB storage"
    ],
    "Storage": [
      "read the contents of your USB storage",
      "modify or delete the contents of your USB storage"
    ],
    "Wi-Fi connection information": [
      "view Wi-Fi connections"
    ],
    "Other": [
      "receive data from Internet",
      "view network connections",
      "full network access",
      "prevent device from sleeping",
      "view network connections",
      "change network connectivity",
      "connect and disconnect from Wi-Fi",
      "full network access"
    ]
  },
  "rate": [
    [
      "128,563",
      "4.4"
    ],
    [
      "87,574",
      "5"
    ],
    [
      "18,667",
      "4"
    ],
    [
      "11,611",
      "3"
    ],
    [
      "3,611",
      "2"
    ],
    [
      "7,100",
      "1"
    ]
  ],
  "required_android": "Varies with",
  "size": "Varies with devic",
  "url": "https://play.google.com/store/apps/details?id=io.teslatech.callbreak",
  "version": "Varies with device"
}