{
  "categories": [
    "Social"
  ],
  "description": "Glympse is a fast, free and simple way to share your real-time location using GPS tracking, with any of your family, friends or co-workers! Send a Glympse to let friends and family know you are on your way. Request a Glympse from a colleague who is always running late. Set up a Glympse group for your family reunion. Those you share with can view your Glympse from any web-enabled device, no sign-up required!   Download Glympse today!App Features:+ Easy: no sign-up required+ Safe: your Glympse automatically expires+ Live: share location in real time with dynamic map+ Open: share with anyone \u2013 no app required to view+ Passive: runs in the background+ Global: works anywhere you have GPS and a data connectionUse Glympse to:+ coordinate a social night out with friends+ let your spouse know your ETA when you\u2019ll be home from work+ let your family know you are safe while running or cycling+ find friends at a concert festival+ provide a courtesy notice with ETA to a client when stuck in traffic+ share a charity run route with followers on Facebook or Twitter+ direct emergency or roadside personnel to you quickly~~~ AWARDS & PRESS ~~~+ 2014 Webby Award Winner+ \"[Glympse] is one of those apps that\u2019s ingenious in its simplicity, insanely handy to have around, and just a little bit fun to boot.\" \u2013 CNET Reviews+ \"Glympse: The Coolest Thing Your Smartphone Can Do\" \u2013 Fast Company+ Named one of \"15 Best Mobile Apps of 2011\" \u2013 Mashable\u2022 We LOVE TO HEAR FROM CUSTOMERS. If you have an issue or suggestion, please send us a note using the \"Send us Feedback\" feature in the app under Settings.",
  "inc": "Glympse",
  "intalled_count": "5,000,000",
  "last_update": [
    "August",
    "1",
    " 2018"
  ],
  "name": "Glympse - Share GPS location",
  "offered_by": "Google Commerce Ltd",
  "permissions": {
    "Identity": [
      "find accounts on the device"
    ],
    "Calendar": [
      "read calendar events plus confidential information"
    ],
    "Contacts": [
      "read your contacts"
    ],
    "Location": [
      "approximate location (network-based)",
      "precise location (GPS and network-based)",
      "access extra location provider commands"
    ],
    "SMS": [
      "read your text messages (SMS or MMS)",
      "receive text messages (SMS)",
      "send SMS messages"
    ],
    "Phone": [
      "read phone status and identity"
    ],
    "Photos/Media/Files": [
      "read the contents of your USB storage",
      "modify or delete the contents of your USB storage"
    ],
    "Storage": [
      "read the contents of your USB storage",
      "modify or delete the contents of your USB storage"
    ],
    "Wi-Fi connection information": [
      "view Wi-Fi connections"
    ],
    "Device ID & call information": [
      "read phone status and identity"
    ],
    "Other": [
      "receive data from Internet",
      "control location update notifications",
      "view network connections",
      "pair with Bluetooth devices",
      "connect and disconnect from Wi-Fi",
      "full network access",
      "control Near Field Communication",
      "control vibration",
      "prevent device from sleeping",
      "install shortcuts",
      "read Google service configuration",
      "view network connections",
      "pair with Bluetooth devices",
      "access Bluetooth settings",
      "connect and disconnect from Wi-Fi",
      "full network access",
      "control Near Field Communication",
      "control vibration",
      "prevent device from sleeping",
      "install shortcuts",
      "read Google service configuration",
      "view network connections",
      "connect and disconnect from Wi-Fi",
      "full network access",
      "control Near Field Communication",
      "control vibration",
      "prevent device from sleeping",
      "install shortcuts"
    ]
  },
  "rate": [
    [
      "102,000",
      "4.5"
    ],
    [
      "69,025",
      "5"
    ],
    [
      "21,555",
      "4"
    ],
    [
      "5,937",
      "3"
    ],
    [
      "2,154",
      "2"
    ],
    [
      "3,329",
      "1"
    ]
  ],
  "required_android": "Varies with",
  "size": "Varies with devic",
  "url": "https://play.google.com/store/apps/details?id=com.glympse.android.glympse",
  "version": "Varies with device"
}