{
  "categories": [
    "Casual",
    "Brain Games"
  ],
  "description": "Journey with lovely witch Arya to find the best candies\ud83c\udf6cin the world. Swap and match 3 or more of identical colorful candies to blast\ud83c\udf87.\u00a0Create as many sweet boosters as you can to clean up the plate. Show off your skills in Candy Witch\ud83c\udfc1.Features\ud83d\udc95- New Match 3 Gameplay: swap and match, Help Arya make delicious sweets in the magical world- Challenges and exciting levels- Casual game,Time killer and addictive!- Vivid candy graphics and in-game experience- Super fun puzzle levels and fresh gameplay, great for brain training- Addictive match 3 puzzle game- Free game for everyone\uff0cyou will love it!Start and spread the fun in Candy Witch for FREE now\u23f0\u23f0\u23f0Visit us:https://www.facebook.com/playcandywitch/",
  "inc": "gameone",
  "intalled_count": "1,000,000",
  "last_update": [
    "July",
    "30",
    " 2018"
  ],
  "name": "Sweet Candy Witch",
  "offered_by": "Google Commerce Ltd",
  "permissions": {
    "Phone": [
      "read phone status and identity"
    ],
    "Photos/Media/Files": [
      "read the contents of your USB storage",
      "modify or delete the contents of your USB storage"
    ],
    "Storage": [
      "read the contents of your USB storage",
      "modify or delete the contents of your USB storage"
    ],
    "Wi-Fi connection information": [
      "view Wi-Fi connections"
    ],
    "Device ID & call information": [
      "read phone status and identity"
    ],
    "Other": [
      "view network connections",
      "full network access",
      "run at startup",
      "prevent device from sleeping"
    ]
  },
  "rate": [
    [
      "29,552",
      "4.8"
    ],
    [
      "24,943",
      "5"
    ],
    [
      "3,073",
      "4"
    ],
    [
      "962",
      "3"
    ],
    [
      "190",
      "2"
    ],
    [
      "384",
      "1"
    ]
  ],
  "required_android": "4.0.3",
  "size": "41",
  "url": "https://play.google.com/store/apps/details?id=com.game.candywitch.cookie.stars.free",
  "version": "6.9.3183"
}