{
  "categories": [
    "Board"
  ],
  "description": "Rummy offline (the board game version of its card counterpart) is now ready for android mobile phones and tablets with its high quality. Download now and play free. You can play Rummy - Offline in anywhere you want. No need to the internet connection. You can earn millions of chip and play in high bet rooms against artificial intelligence if you are a really good rummy player.Rummy offline is a tile-based game for four players, combining elements of the card game rummy, rummy 500, Indian Rummy, board game okey and mahjong. It is also a puzzle game like klondike, solitaire, spider and free cell solitaire.",
  "inc": "SNG Games",
  "intalled_count": "1,000,000",
  "last_update": [
    "July",
    "2",
    " 2018"
  ],
  "name": "Rummy - Offline",
  "offered_by": "Google Commerce Ltd",
  "permissions": {
    "Photos/Media/Files": [
      "read the contents of your USB storage",
      "modify or delete the contents of your USB storage"
    ],
    "Storage": [
      "read the contents of your USB storage",
      "modify or delete the contents of your USB storage"
    ],
    "Wi-Fi connection information": [
      "view Wi-Fi connections"
    ],
    "Other": [
      "view network connections",
      "full network access",
      "prevent device from sleeping"
    ]
  },
  "rate": [
    [
      "21,458",
      "4.4"
    ],
    [
      "13,018",
      "5"
    ],
    [
      "6,052",
      "4"
    ],
    [
      "1,302",
      "3"
    ],
    [
      "286",
      "2"
    ],
    [
      "800",
      "1"
    ]
  ],
  "required_android": "4.1",
  "size": "22",
  "url": "https://play.google.com/store/apps/details?id=com.sngict.rummy",
  "version": "1.1.4"
}