{
  "categories": [
    "Card"
  ],
  "description": "Nu conteaza daca esti un jucator cu experienta sau un incepator, in Poker Romania asiguram o experienta reala  pentru niveluri diferite! Joaca impreuna cu prietenii tai reali si impotriva a mii de jucatori conectati!1. Aplicatie gratuita, poti juca deasemenea si prin intermediul contului tau de Facebook!2. mese aseaza-te si porneste si turnee zilnice!3 Mii de jucatori conectazi in fiecare zi!4. Joaca impreuna cu prietenii si fati prieteni noi, aici!5. Verifica unde joaca prietenii tai si alatura-te lor oricand!Acest\u00a0joc\u00a0este\u00a0destinat\u00a0adultilor, pentru\u00a0distractie\u00a0si\u00a0petrecerea\u00a0timpului\u00a0liber.\u00a0Nu\u00a0se\u00a0castiga\u00a0premii\u00a0in\u00a0bani\u00a0reali\u00a0in\u00a0urma\u00a0succesului\u00a0in\u00a0cadrul\u00a0jocului, iar\u00a0acest\u00a0succes\u00a0nu\u00a0garanteaza\u00a0rezultate\u00a0similare\u00a0si\u00a0in\u00a0cazul\u00a0unui\u00a0joc\u00a0avand\u00a0mize\u00a0in\u00a0bani\u00a0reali.",
  "inc": "Artrix Limited",
  "intalled_count": "500,000",
  "last_update": [
    "July",
    "6",
    " 2018"
  ],
  "name": "Poker Romania",
  "offered_by": "Google Commerce Ltd",
  "permissions": {
    "Photos/Media/Files": [
      "read the contents of your USB storage",
      "modify or delete the contents of your USB storage"
    ],
    "Storage": [
      "read the contents of your USB storage",
      "modify or delete the contents of your USB storage"
    ],
    "Wi-Fi connection information": [
      "view Wi-Fi connections"
    ],
    "Other": [
      "receive data from Internet",
      "view network connections",
      "full network access",
      "control vibration",
      "prevent device from sleeping"
    ]
  },
  "rate": [
    [
      "15,791",
      "4.3"
    ],
    [
      "11,599",
      "5"
    ],
    [
      "1,527",
      "4"
    ],
    [
      "791",
      "3"
    ],
    [
      "311",
      "2"
    ],
    [
      "1,563",
      "1"
    ]
  ],
  "required_android": "4.0.3",
  "size": "67",
  "url": "https://play.google.com/store/apps/details?id=com.playshoo.texaspoker.romania",
  "version": "7.0.606"
}