{
  "categories": [
    "Casino"
  ],
  "description": "\u2605\u2605\u2605\u2605\u2605 THE BEST FREE-TO-PLAY SLOTS GAME! \u2605\u2605\u2605\u2605\u2605Play Slots Wolf\u2122 the best and most realistic Vegas slot machine experience on Android for FREE today! You\u2019ll experience Las Vegas casino slots anytime anywhere! With extremely high quality graphics, sound effects and designs never before seen on mobile, you\u2019ll have massive fun playing forever with unlimited FREE coins and FREE bonuses! Slots Wolf\u2122 is a slots simulator for entertainment use only.",
  "inc": "ADDA Entertainment by Appslots LLC",
  "intalled_count": "1,000,000",
  "last_update": [
    "August",
    "5",
    " 2017"
  ],
  "name": "Slots\u2122 Wolf FREE Slot Machines",
  "offered_by": "Google Commerce Ltd",
  "permissions": {
    "Photos/Media/Files": [
      "read the contents of your USB storage",
      "modify or delete the contents of your USB storage"
    ],
    "Storage": [
      "read the contents of your USB storage",
      "modify or delete the contents of your USB storage"
    ],
    "Wi-Fi connection information": [
      "view Wi-Fi connections"
    ],
    "Other": [
      "view network connections",
      "full network access",
      "Google Play license check"
    ]
  },
  "rate": [
    [
      "32,884",
      "4.5"
    ],
    [
      "22,566",
      "5"
    ],
    [
      "5,893",
      "4"
    ],
    [
      "2,408",
      "3"
    ],
    [
      "752",
      "2"
    ],
    [
      "1,265",
      "1"
    ]
  ],
  "required_android": "4.0.3",
  "size": "35",
  "url": "https://play.google.com/store/apps/details?id=com.ADDAentertainment.SlotsWolf",
  "version": "7.2"
}