{
  "categories": [
    "Casual"
  ],
  "description": "Start playing Candy Crush Saga today \u2013  loved by millions of players around the world.With over a trillion levels played, this sweet match 3 puzzle game is one of the most popular mobile games of all time!Switch and match Candies in this divine puzzle adventure to progress to the next level in hope of achieving that sweet feeling! Quick thinking and smart moves are rewarded with delicious rainbow-colored cascades and tasty candy combos!Plan your moves by matching 3 or more candies in a row, using boosters wisely in order to overcome those extra sticky levels! Smash the chocolate and collect ingredients across thousands of levels guaranteed to have you craving more!Take on this deliciously sweet match 3 Saga alone or play with friends! Candy Crush Saga is completely free to play but some optional in-game items will require payment.By downloading this game you are agreeing to our terms of service; http://about.king.com/consumer-terms/termsCandy Crush Saga features:\u25cf Tasty ways to play: Target Score, Clear the Jelly, Collect the Ingredients and Order Mode to name a few!\u25cf Check back daily to receive free tasty rewards, take part in time limited challenges to earn boosters to help you level up! \u25cf Collect sugar drops to progress along the Sugar Track for super sweet surprises!\u25cf Spin the Daily Booster Wheel for a delicious prize \u25cf Unwrap delicious environments and meet the sweetest characters\u25cf Tasty Candies, wrapped and striped Special Candies, Color Bombs and various other magical boosters to help with those challenging sticky levels\u25cf Thousands of the best levels and puzzles in the Candy Kingdom and with more added every 2 weeks your sugar fix is never far away! \u25cf Leaderboards to watch your friends and competitors!\u25cf It's easy to sync the game between devices and unlock full game features when connected to the InternetVisit https://care.king.com/ if you need help!Follow us to get news and updates;facebook.com/CandyCrushSagaTwitter @CandyCrushSagahttps://www.youtube.com/user/CandyCrushOfficialhttp://candycrushsaga.com/Have fun playing Candy Crush Saga the sweetest match 3 game around!",
  "inc": "King",
  "intalled_count": "500,000,000",
  "last_update": [
    "July",
    "5",
    " 2018"
  ],
  "name": "Candy Crush Saga",
  "offered_by": "Google Commerce Ltd",
  "permissions": {
    "Wi-Fi connection information": [
      "view Wi-Fi connections"
    ],
    "Other": [
      "receive data from Internet",
      "view network connections",
      "full network access",
      "prevent device from sleeping"
    ]
  },
  "rate": [
    [
      "22,403,998",
      "4.4"
    ],
    [
      "15,365,275",
      "5"
    ],
    [
      "3,965,509",
      "4"
    ],
    [
      "1,456,784",
      "3"
    ],
    [
      "531,435",
      "2"
    ],
    [
      "1,084,995",
      "1"
    ]
  ],
  "required_android": "4.1",
  "size": "74",
  "url": "https://play.google.com/store/apps/details?id=com.king.candycrushsaga",
  "version": "1.129.0.2"
}