{
  "categories": [
    "Card"
  ],
  "description": "From the studio that brought you Overwatch\u00ae and World of Warcraft\u00ae, comes HEARTHSTONE\u00ae, Blizzard Entertainment\u2019s award-winning collectable card game! Collect powerful cards and create mighty decks. Summon minions and sling spells to seize control of an ever-shifting battlefield. Wield masterful strategies and defeat all players who dare challenge you. Experience the magic, mischief and mayhem with your friends. Clash with friends and join the millions of players enjoying Hearthstone, and DOWNLOAD TODAY! AN EVER EXPANDING UNIVERSE. Build your deck to harness the power of amazing minions and spells - brave the mysterious forests of The Witchwood and hunt the evils that lurk in the shadows, or become a powerful Death Knight from the Knights of the Frozen Throne. Discover dinosaurs and elementals from Journey to Un\u2019Goro. Explore dark caverns and unearth hidden powerful weapons and treasures from Kobolds and Catacombs. DEFEAT YOUR ENEMIES, FIGHT FOR GLORY. Master your deck, and assemble powerful combos, in this fast-paced card game of cunning strategy.  Seize control over the battlefields of Azeroth and experience dazzling real-time, player vs. player combat. STEP INTO THE ARENA AND DUEL PLAYERS TO EARN AWESOME PRIZES. DECEPTIVELY SIMPLE. INSANELY FUN. FEATURES:\u2022        Battle iconic heroes from the Warcraft universe, the Lich King, Illidan, Thrall\u2026 They\u2019re all here!\u2022        Competitive real-time (player vs. player) combat\u2022        Win, craft, or collect powerful cards\u2022        Assemble powerful decks and dominate your opponents\u2022        Rich single-player missions YOUR GAME TRAVELS WITH YOU. Hearthstone is linked to your Blizzard Account, allowing you to play from your mobile device and desktop with ease. Play Hearthstone, wherever you go. Whether it\u2019s your first card game or you\u2019re an experienced pro, the depth and charm of Hearthstone will draw you in. So, what are you waiting for? In Hearthstone, it\u2019s a battle of wits, and building decks to create powerful strategies. Download and play today. SUPPORT: Are you experiencing problems? Visit: http://us.battle.net/hearthstone/en/forum/13619661/ Languages Supported: * English * Fran\u00e7ais * Deutsch * Espa\u00f1ol* \u7b80\u4f53\u4e2d\u6587 (Simplified Chinese) \u00a9 2018 Blizzard Entertainment, Inc. Hearthstone, Battle.net, Overwatch, World of Warcraft and Blizzard Entertainment are trademarks or registered trademarks of Blizzard Entertainment, Inc., in the U.S., and/or other countries.",
  "inc": "Blizzard Entertainment, Inc.",
  "intalled_count": "10,000,000",
  "last_update": [
    "August",
    "2",
    " 2018"
  ],
  "name": "Hearthstone",
  "offered_by": "Google Commerce Ltd",
  "permissions": {
    "Location": [
      "precise location (GPS and network-based)"
    ],
    "Photos/Media/Files": [
      "read the contents of your USB storage",
      "modify or delete the contents of your USB storage"
    ],
    "Storage": [
      "read the contents of your USB storage",
      "modify or delete the contents of your USB storage"
    ],
    "Wi-Fi connection information": [
      "view Wi-Fi connections"
    ],
    "Other": [
      "receive data from Internet",
      "view network connections",
      "connect and disconnect from Wi-Fi",
      "full network access",
      "control vibration",
      "prevent device from sleeping",
      "Google Play license check"
    ]
  },
  "rate": [
    [
      "1,475,165",
      "4.4"
    ],
    [
      "1,093,144",
      "5"
    ],
    [
      "144,547",
      "4"
    ],
    [
      "60,969",
      "3"
    ],
    [
      "34,125",
      "2"
    ],
    [
      "142,380",
      "1"
    ]
  ],
  "required_android": "4.0",
  "size": "38",
  "url": "https://play.google.com/store/apps/details?id=com.blizzard.wtcg.hearthstone",
  "version": "12.0.25787"
}