{
  "categories": [
    "Social"
  ],
  "description": "A new type of media and messaging network for mobile gamers. Connect, manage and improve your guild with messaging, media and live game integration \u2013 starting with the hit puzzle RPG Legendary: Game of Heroes.Real-time messaging for groups and guilds.Share video, images, links and emojis in a rich text chat. Make sure you stay on top of things with @mentions and direct messages.Synced with your game data.The N3TWORK integrates with Legendary: Game of Heroes and syncs with your game profile, guild membership and in-game chat.Channels dedicated to fans.Everything for the game you love, all in one place with quick access to the friends you play with, content about the game you love, and tools to run your guild more efficiently.Content that's laser-focused on your needs.Starting with Legendary: Game of Heroes, The N3TWORK features daily content that includes news, videos, strategies, interviews, leaderboard updates and more.Share everything with your guild.The N3TWORK makes it quick and easy to share anything with your guild or the groups you're chatting with.",
  "inc": "N3TWORK Inc.",
  "intalled_count": "10,000",
  "last_update": [
    "August",
    "1",
    " 2018"
  ],
  "name": "The N3TWORK",
  "offered_by": "Google Commerce Ltd",
  "permissions": {
    "Photos/Media/Files": [
      "read the contents of your USB storage",
      "modify or delete the contents of your USB storage"
    ],
    "Storage": [
      "read the contents of your USB storage",
      "modify or delete the contents of your USB storage"
    ],
    "Camera": [
      "take pictures and videos"
    ],
    "Other": [
      "receive data from Internet",
      "view network connections",
      "full network access",
      "control vibration",
      "prevent device from sleeping"
    ]
  },
  "rate": [
    [
      "121",
      "3.5"
    ],
    [
      "51",
      "5"
    ],
    [
      "20",
      "4"
    ],
    [
      "12",
      "3"
    ],
    [
      "12",
      "2"
    ],
    [
      "26",
      "1"
    ]
  ],
  "required_android": "5.0",
  "size": "13",
  "url": "https://play.google.com/store/apps/details?id=com.n3twork.nw",
  "version": "1.5.3+716"
}