{
  "categories": [
    "Casino"
  ],
  "description": "Play the world\u2019s friendliest BINGO game, live with your friends in the most beautiful locations worldwide. Chat with your friends, and enjoy an exciting game packed with a variety of power-plays. Immerse yourself in the fun of BINGO Club. New rooms are added regularly.  \u2605 Meet your friends in international holiday destinations, and play together! Experience the romance of Paris, glamour of Hollywood, serenity of Hawaii, fast life of New York, culture of Tokyo, action of Las Vegas, colors of Rio and many other destinations as you play Bingo Club, and complete the tours while discovering treasure chests to win even more prizes.   \u2605 Dig through hidden gems in Treasure Island, while in familiar setting of your favorite Bingo game. Exciting special rooms are being added regularly.  \u2605 Great rewards every step of way. Every time you win a BINGO, or make progress towards your level, you get exciting rewards. You will enjoy winning great prizes in every session.   \u2605 Get free cash to play Bingo Club daily. Play more to increase your daily free cash. Every destination city has a tour, finish it simply by winning BINGOs to win more free bingo cash. Compare your progress with others for some friendly competition.  \u2605 Exciting power-plays to turn your luck around and help you win even more. Have fun with Bingo like never before.  \u2605 Play live with your friends. Play with friendly people around the world, and make new friends in the game. Bingo Club is a complete online multi-player, and real-time social game. Have even more fun and exciting time than your local Bingo hall.   \u2605 Great Bingo experience, without annoying popups, no crashes, no slow movements, no stalling, no hangs, no crashes, no interruptions. Just buttery smooth game!  \u2605 Play anytime during the day or night. With millions of people playing world wide, there is a room to join anytime during the day or night without waiting. Its like having a Bingo heaven in your pocket.Have questions or suggestions about BINGO Club - FREE Online Bingo? Email to bingoclub@moonfroglabs.com",
  "inc": "Moonfrog",
  "intalled_count": "100,000",
  "last_update": [
    "December",
    "28",
    " 2016"
  ],
  "name": "BINGO Club - FREE Online Bingo",
  "offered_by": "Google Commerce Ltd",
  "permissions": {
    "Identity": [
      "find accounts on the device"
    ],
    "Contacts": [
      "find accounts on the device"
    ],
    "Location": [
      "precise location (GPS and network-based)"
    ],
    "Phone": [
      "read phone status and identity"
    ],
    "Photos/Media/Files": [
      "read the contents of your USB storage",
      "modify or delete the contents of your USB storage"
    ],
    "Storage": [
      "read the contents of your USB storage",
      "modify or delete the contents of your USB storage"
    ],
    "Device ID & call information": [
      "read phone status and identity"
    ],
    "Other": [
      "receive data from Internet",
      "view network connections",
      "full network access",
      "prevent device from sleeping",
      "Google Play license check"
    ]
  },
  "rate": [
    [
      "8,756",
      "4.2"
    ],
    [
      "5,391",
      "5"
    ],
    [
      "1,538",
      "4"
    ],
    [
      "880",
      "3"
    ],
    [
      "349",
      "2"
    ],
    [
      "598",
      "1"
    ]
  ],
  "required_android": "2.3.3",
  "size": "Varies with devic",
  "url": "https://play.google.com/store/apps/details?id=com.moonfroglabs.bingo",
  "version": "2.5.7"
}