{
  "categories": [
    "Board"
  ],
  "description": "Okey is a traditional tile-based game with long history and many variations. It's highly popular in Turkey among Turkish people, played mainly in coffee houses by people in every age. It's very similar to Rummy/Rummikub as it is played with the same set of boards and tiles but with different rules.Realistic feeling, simple interface and exciting gameplay!Okey Game is played by four players with a set of 106 tiles and 104 of them are numbered from 1 to 13 with four different colors. During the game each player has 14 tiles on his board. On each turn a player draws one tile and discards one tile. The object of the game is to be first to form a board which consists sets and runs using all 14 tiles. There are special tiles chosen in every game, called jokers which helps the player form his 14 tiles board of sets and runs, by replacing the tile which is missing. Two last tiles from 106-tile-set represented with stars are tricky 'false jokers', which against expectations acts as normal numbered tile.Features:\u2605 Advanced Artificial Intelligence\u2605 Full HD graphics (perfect for high resolution tablets)\u2605 Multitouch support\u2605 Unlimited hours of joy\u2605 Multiple game modes\u2605 High playability\u2605 High quality animationsIn Okey game, when you attempt to win a game by discarding a tile to the center of table (bank), if there are any mistakes with your groups, these groups will be highlighted with red color.You can tap and hold a tile in the same place for 3 seconds to flip it. This is generally used as a reminder of joker tiles in Okey game.For online version please try our new game Okey Pro !--------------------------------T\u00fcrk insan\u0131n\u0131n en \u00e7ok sevdi\u011fi okey oyununun teknolojiyle en g\u00fczel birle\u015fimi. Evde, yolda, bay\u0131rda, \u00e7ay\u0131rda istedi\u011finiz zaman oynay\u0131n.Bu Okey oyunu online de\u011fildir. Bu Okey oyununda geli\u015fmi\u015f yapay zekaya kar\u015f\u0131 oynuyorsunuz. Bu sayede internet baglantisina ihtiyac duymadan oyunu oynayabiliyorsunuz ve diger oyuncularin tas atmasini beklemekle vakit kaybetmiyorsunuz.\u00d6zellikler:\u2605 Geli\u015fmi\u015f yapay zeka\u2606 Full HD grafikler\u2605 Multitouch deste\u011fi (tabletler i\u00e7in m\u00fckemmel)\u2606 M\u00fckemmel oynama kolayl\u0131\u011f\u0131\u2605 Say\u0131dan d\u00fc\u015fmeli oyun modu\u2606 Y\u00fcksek kalite animasyonlarOnline versiyon i\u00e7in l\u00fctfen \"Okey Pro\" adl\u0131 oyunumuzu deneyin !L\u00fctfen hata raporlar\u0131n\u0131z\u0131, \u00f6nerilerinizi ve isteklerinizi ahoy.games.contact@gmail.com adresine iletiniz.Ana men\u00fc'de 'Kurallar' butonunun yan\u0131ndaki butona basarak oyundaki masan\u0131n resmini de\u011fi\u015ftirebilirsiniz.Deste\u011finiz i\u00e7in \u00e7ok te\u015fekk\u00fcr ediyoruz !",
  "inc": "Ahoy Games",
  "intalled_count": "10,000,000",
  "last_update": [
    "August",
    "2",
    " 2018"
  ],
  "name": "Okey",
  "offered_by": "Google Commerce Ltd",
  "permissions": {
    "Photos/Media/Files": [
      "read the contents of your USB storage",
      "modify or delete the contents of your USB storage"
    ],
    "Storage": [
      "read the contents of your USB storage",
      "modify or delete the contents of your USB storage"
    ],
    "Other": [
      "receive data from Internet",
      "view network connections",
      "full network access"
    ]
  },
  "rate": [
    [
      "451,928",
      "4.3"
    ],
    [
      "313,562",
      "5"
    ],
    [
      "54,548",
      "4"
    ],
    [
      "30,909",
      "3"
    ],
    [
      "16,205",
      "2"
    ],
    [
      "36,704",
      "1"
    ]
  ],
  "required_android": "Varies with",
  "size": "Varies with devic",
  "url": "https://play.google.com/store/apps/details?id=com.ahoygames.okey",
  "version": "Varies with device"
}