{
  "categories": [
    "Arcade",
    "Action & Adventure"
  ],
  "description": "Why should the chicken get all the fun?  From Hipster Whale, the makers of the original Crossy Road\u00ae with over 120,000,000 downloads, and Disney comes Disney Crossy Road\u2014an all-new take on the 8-bit endless adventure to cross the road without splatting!  Tap and swipe your way to a record-setting number of steps with 100+ Disney and Pixar figurines while dodging crazy and unexpected obstacles in the 8-bit worlds of Toy Story, Zootopia, The Lion King, The Haunted Mansion, Tangled, Wreck-It Ralph, and more.  \u2022\tCOLLECT over 100+ Disney and Pixar figurines, including Mickey, Donald, Buzz Lightyear, Rapunzel, Mufasa, Sadness, Wreck-It Ralph, Madame Leota, and other favorites (many with fun surprises)!\u2022\tJOURNEY through 8-bit depictions of Al\u2019s Toy Barn, the Pride Lands of Africa, the Haunted Mansion, San Fransokyo, and more while enjoying 8-bit versions of familiar tunes like \u201cYou\u2019ve Got a Friend in Me\u201d and \u201cI Just Can\u2019t Wait to be King!\u201d\u2022\tMASTER special themed challenges unique to each of the worlds, such as weathering blizzards, collecting cherries to earn special power-ups, avoiding thundering stampedes of wildebeest, staying clear of falling barrels, and then some!You can upload and save content from this app to your deviceThis app uses your camera feature to let you send and upload photos.Visit the official Disney Crossy Roads website - http://lol.disney.com/games/disney-crossy-roadPrivacy Policy \u2013 http://disneyprivacycenter.comTerms of Use \u2013 http://disneytermsofuse.com",
  "inc": "Disney",
  "intalled_count": "10,000,000",
  "last_update": [
    "May",
    "30",
    " 2018"
  ],
  "name": "Disney Crossy Road",
  "offered_by": "Google Commerce Ltd",
  "permissions": {
    "Phone": [
      "read phone status and identity"
    ],
    "Photos/Media/Files": [
      "read the contents of your USB storage",
      "modify or delete the contents of your USB storage"
    ],
    "Storage": [
      "read the contents of your USB storage",
      "modify or delete the contents of your USB storage"
    ],
    "Camera": [
      "take pictures and videos"
    ],
    "Wi-Fi connection information": [
      "view Wi-Fi connections"
    ],
    "Device ID & call information": [
      "read phone status and identity"
    ],
    "Other": [
      "full license to interact across users",
      "receive data from Internet",
      "view network connections",
      "full network access",
      "control vibration",
      "prevent device from sleeping"
    ]
  },
  "rate": [
    [
      "513,647",
      "4.5"
    ],
    [
      "389,490",
      "5"
    ],
    [
      "61,243",
      "4"
    ],
    [
      "25,958",
      "3"
    ],
    [
      "9,893",
      "2"
    ],
    [
      "27,063",
      "1"
    ]
  ],
  "required_android": "4.4",
  "size": "83",
  "url": "https://play.google.com/store/apps/details?id=com.disney.disneycrossyroad_goo",
  "version": "3.200.18289"
}