{
  "categories": [
    "Arcade"
  ],
  "description": "Brick Game is the compilation of the best games from the most popular console of the 1990s. Do you feel tired of with complicated and difficult games? Did you miss the favorite classic games? Let's play this game to feel nostalgic!Game features:\u2022 18 games in 1\u2022 Many level and speed\u2022 10 different classic themes\u2022 8 bits sound\u2022 Share high score with your friends, family via social apps\u2022 Submit score to leaderboardGame list:A - Brick Puzzle Classic:   Move and rotate the falling blocks. Lines are cleared when they are filled with blocks and have no empty spacesB - Tank Classic:   Move tank and shoot bullet to kill enemy. The speed and intelligence of the enemy will increase after each levelC - Racing Classic:   Move racer left right to avoid enemy, the speed will be increase after each levelD - Snake Classic:   Move the snake to avoid obstacles and eat more foods to grow in sizeE - Supplement Shooting Classic:   Move the gun platform, shoot block to the sky to fill the falling blocks. When the blocks are filled, they will collapse upwardsF - Shooting Players Classic:    Move the gun platform, shoot to destroy the falling blocks before they touch the groundG - Brick Breaker Classic:    Smash a wall of bricks by deflecting a bouncing ball with a paddleH - Frog Across River Classic:    Control player move and jump to avoid all obstaclesI - Match Three Classic:    Change blocks of different shapes to match given blocks falling downJ - Brick Puzzle Classic II :    After brick fall down, all bricks will move right 1 unitK - Brick Puzzle Classic III :    After brick fall down, all bricks will invisibleL - Brick Puzzle Classic IV :   After some bricks fall down, all bricks will move up 1 unitM - Brick Puzzle Classic V :   Instead rotate brick, in this mode the brick can be exchange to other shapesN - Brick Puzzle Classic VI :   The reverse of original version through vertical axisO - Racing Classic II:   Control the racer avoid all obstacles on the road. The speed will be increase after    each levelP - Ping Pong Classic:   Control the paddle to hit a ball back and forth and compete against with a computer-controlled opponent. The aim is reach ten points, points are earned when opponent fails to return the ball to the player.Q - Racing Classic III:   Control racer avoid enemy in 3 lanes road, the speed will be increase after each levelR - Snake Classic II:   Move the snake to avoid obstacles, through 4 holes and eat more foods to grow in size",
  "inc": "PerseusGames",
  "intalled_count": "5,000,000",
  "last_update": [
    "July",
    "8",
    " 2018"
  ],
  "name": "Brick Game",
  "offered_by": "Google Commerce Ltd",
  "permissions": {
    "Other": [
      "view network connections",
      "full network access",
      "control vibration"
    ]
  },
  "rate": [
    [
      "28,141",
      "4.6"
    ],
    [
      "21,768",
      "5"
    ],
    [
      "3,894",
      "4"
    ],
    [
      "1,692",
      "3"
    ],
    [
      "273",
      "2"
    ],
    [
      "514",
      "1"
    ]
  ],
  "required_android": "4.1",
  "size": "Varies with devic",
  "url": "https://play.google.com/store/apps/details?id=com.perseusgames.brickgame",
  "version": "18.2.0"
}