{
  "categories": [
    "Sports"
  ],
  "description": "Download the official 2018 Tour de France app, presented by \u0160KODA This application for cycling fans provides important news on the 2018 Tour de France in real time and features a live stream of every stage on your smartphone or tablet via France T\u00e9l\u00e9visions.Discover all the stages of the Tour de France, route videos, teams and riders and all the information about the Grand D\u00e9part from Vend\u00e9e \u2013 Pays de la Loire before the start of the Tour de France and, from July 7, check out the live stream, race updates, live gaps on maps and profiles, results and classifications at the end of each stage\u2026Features: \u2013 Video streaming of all the stages of the Tour de France with the live France T\u00e9l\u00e9visions broadcast\u2013 Race Center: a new live tracking module that takes you into the heart of the action\u2013 All the videos of the Tour de France (onboard camera, magazines, interviews, reports, near-live footage, etc.)          \u2013 Breaking news\u2013 Live GPS tracking of riders on stage maps and profiles\u2013 Results and classifications for each stage",
  "inc": "Amaury Sport Organisation (A.S.O)",
  "intalled_count": "1,000,000",
  "last_update": [
    "July",
    "27",
    " 2018"
  ],
  "name": "TDF 2018, presented by \u0160KODA",
  "offered_by": "Google Commerce Ltd",
  "permissions": {
    "Location": [
      "precise location (GPS and network-based)"
    ],
    "Photos/Media/Files": [
      "read the contents of your USB storage",
      "modify or delete the contents of your USB storage"
    ],
    "Storage": [
      "read the contents of your USB storage",
      "modify or delete the contents of your USB storage"
    ],
    "Other": [
      "receive data from Internet",
      "view network connections",
      "full network access",
      "run at startup",
      "control vibration",
      "prevent device from sleeping"
    ]
  },
  "rate": [
    [
      "13,574",
      "4.1"
    ],
    [
      "7,716",
      "5"
    ],
    [
      "2,632",
      "4"
    ],
    [
      "974",
      "3"
    ],
    [
      "702",
      "2"
    ],
    [
      "1,550",
      "1"
    ]
  ],
  "required_android": "4.1",
  "size": "19",
  "url": "https://play.google.com/store/apps/details?id=com.aso.tdf2012int",
  "version": "6.0.16"
}