{
  "categories": [
    "Social"
  ],
  "description": "Ultra Fast App & Security Lock for Messenger Plus is the ultra light app for facebook messenger along with great in-built security lock. Messenger plus is the lighter version of Facebook, twitter, Instagram, LinkedIn, Pinterest, Reddit. Access all these social networks in one single app along with security lock. The app installs faster than ever with less than 2.5MB this is the ultra lite app for Facebook messenger, Twitter, Instagram, Reddit, Pinterest and LinkedIn etc.Some of the main features of Messenger Plus are\u2605Ultimate Security Lock\u2605Less than 2.5MB with 7 social networks\u2605Search friends, people, pages and everything else on Facebook, Twitter, Instagram\u2605Works with 4G,3G,2G Data and wi-fi !\u2605Super fast lightning speed.\u2605Save your battery and memory\u2605Free and lightweight alternative to both Facebook, Facebook Messenger, Instagram, Twitter, Reddit and Pinterest\u2605Video downloader for Facebook and Twitter.Awesome Features-Ultra Lite App & Security Lock for Messenger Plus- Ultra light app for Facebook and Facebook messenger uses less data and protects your privacy. Login using your facebook credentials and you are secured by the encryption technology-The app has an inbuilt messenger, you can call, message to your Facebook friends. No need 2 separate apps!-Free, lightweight alternative for Facebook Lite, Facebook messenger lite which allows you to chat with your Facebook friends, send emoticon, videos, images, gift, browse news feed, comments, etc..-Minimalistic design and uses less mobile data to save your battery and RAM- Compatible with all versions of android. Use your favorite keyboard to chat send messages and emoji\u2019s-Intergrated news feed, chat (messenger)... all in one Messenger For Facebook for Facebook apps.",
  "inc": "Messenger : Free Videos,Text, Messages",
  "intalled_count": "1,000,000",
  "last_update": [
    "June",
    "14",
    " 2018"
  ],
  "name": "Free Messages, Video, Chat,Text for Messenger Plus",
  "offered_by": "Google Commerce Ltd",
  "permissions": {
    "Location": [
      "precise location (GPS and network-based)"
    ],
    "Phone": [
      "read phone status and identity"
    ],
    "Photos/Media/Files": [
      "read the contents of your USB storage",
      "modify or delete the contents of your USB storage"
    ],
    "Storage": [
      "read the contents of your USB storage",
      "modify or delete the contents of your USB storage"
    ],
    "Wi-Fi connection information": [
      "view Wi-Fi connections"
    ],
    "Device ID & call information": [
      "read phone status and identity"
    ],
    "Other": [
      "prevent device from sleeping",
      "receive data from Internet",
      "view network connections",
      "connect and disconnect from Wi-Fi",
      "full network access",
      "run at startup",
      "draw over other apps",
      "control vibration",
      "prevent device from sleeping"
    ]
  },
  "rate": [
    [
      "5,895",
      "4.3"
    ],
    [
      "3,948",
      "5"
    ],
    [
      "865",
      "4"
    ],
    [
      "542",
      "3"
    ],
    [
      "154",
      "2"
    ],
    [
      "386",
      "1"
    ]
  ],
  "required_android": "4.3",
  "size": "3.1",
  "url": "https://play.google.com/store/apps/details?id=messenger.lite.messenger.messenger",
  "version": "1.0.9"
}