{
  "categories": [
    "Social"
  ],
  "description": "Personal safety app keeps track of where your loved ones are. It's free!Location by SMS is the Premium feature will help you to know the user's location even without expensive internet data plan or/and if the app is suspended by the phone\u2019s energy saving settings into hibernation mode.\u2605 Receive automated alerts when your loved ones arrive home, school, or any places you set\u2605 In case of emergency, use the SOS button to send a help alert\u2605 Browse your child\u2019s location history for today and yesterday\u2605 Locate via SMS, even if your kid\u2019s phone doesn\u2019t have internet!\u2605 Kid Control GPS phone tracker can locate even in the underground parking! \u2605 Get alerts when the phone battery is low, so you can remind your child to charge the phone\u2605 Navigate to your child location\u2605 Search for a lost or stolen phone\u2605 Set up Dangerous zones to receive alerts when your children enter them\u2605 In Premium version, enable Blackbox feature - recording of geodata when Internet is off\u2605 Connect Wonlex Smart Baby Watch and enjoy better performance. The app supports Watch models: Q50 - Q1000, Gw100 - Gw1000, Ew100, Ew200, v7k, D100, A16 and many others!\u2605 Add second child, your spouse and other family members to your account\u2605 You can see the report of how your child is using and charging her or his phone\u2605 Kid Control GPS tracker has intelligent battery consumption, so it only uses 1-7% of the battery during the day\u2605 You no longer have to bother your child with \u201cWhere are you?\u201d calls or texts\u2605 Telegram bot for desktop computers @KidControlBot\u2605 Locate Android Phones and iPhones with Family Locator Kids ControlFree family locator Kid Control is a reliable app for tracking cell phones.KidControl GPS phone tracker turns your child's phone into a tool for monitoring phone usage and tracking location and safety. Who knows, it might even improve your relationship with your kids!To get automated alerts when your child arrives somewhere, create Places (geo fences), such as School and Home. When your child enters or leaves these areas, your phone receives a notification.When the phone's battery level falls below 15%, KidControl GPS tracker sends alerts about this phone, and you can remind your child to charge the phone.The report on battery and internet shows you how often the phone is charged, how quickly it drains, and when it's disconnected. You can use this information to tell when your child goes to bed and gets up. You can also see the stability of the internet signal for the last two days.To provide precise coordinates, the phone must have Location service enabled. Enabled Wi-Fi increases accuracy to 30-100 feet and works indoors. GPS location has accuracy of 30-150 feet, only outdoors.When GPS tracking and Wi-Fi location are turned off or not available, KidControl family locator determines phone's location by LBS coordinates of GSM towers with 300-5000 feet accuracy. Such locations we mark on the map with the \"No GPS\" icon. Some parents are worried that their child might delete the app. Based on our experience, it helps to explain to children why KidControl family tracker is useful and let them see when you are on your way home. This level of openness also means your kids won't need to call to ask \"Where are you?\" or \"How soon will you get here?\"If you need assistance with setting up the app or have questions/suggestions, you can reach our tech support directly from the Help section in the app. Or email us at help@kid-control.com.========Upgrade to Premium and get: unlimited number of Places (only 2 Places can be set in the free version), 2 weeks of location history (instead of 2 days)GPS via SMS let you get location from a phone even without active mobile data plan.Blackbox Flight recorder let you record route when Internet is not available.There are no ads in Premium.",
  "inc": "KidControl Dev.",
  "intalled_count": "1,000,000",
  "last_update": [
    "July",
    "27",
    " 2018"
  ],
  "name": "Family GPS tracker KidControl + GPS by SMS Locator",
  "offered_by": "Google Commerce Ltd",
  "permissions": {
    "Identity": [
      "find accounts on the device",
      "read your own contact card"
    ],
    "Contacts": [
      "find accounts on the device",
      "read your contacts"
    ],
    "Location": [
      "approximate location (network-based)",
      "precise location (GPS and network-based)"
    ],
    "SMS": [
      "receive text messages (SMS)",
      "send SMS messages"
    ],
    "Phone": [
      "read phone status and identity"
    ],
    "Photos/Media/Files": [
      "read the contents of your USB storage",
      "modify or delete the contents of your USB storage"
    ],
    "Storage": [
      "read the contents of your USB storage",
      "modify or delete the contents of your USB storage"
    ],
    "Wi-Fi connection information": [
      "view Wi-Fi connections"
    ],
    "Device ID & call information": [
      "read phone status and identity"
    ],
    "Camera": [
      "take pictures and videos"
    ],
    "Other": [
      "receive data from Internet",
      "view network connections",
      "full network access",
      "run at startup",
      "control vibration",
      "prevent device from sleeping"
    ]
  },
  "rate": [
    [
      "57,005",
      "4.5"
    ],
    [
      "42,683",
      "5"
    ],
    [
      "6,607",
      "4"
    ],
    [
      "2,860",
      "3"
    ],
    [
      "1,483",
      "2"
    ],
    [
      "3,372",
      "1"
    ]
  ],
  "required_android": "4.0.3",
  "size": "Varies with devic",
  "url": "https://play.google.com/store/apps/details?id=ru.kidcontrol.gpstracker",
  "version": "Varies with device"
}