{
  "categories": [
    "Casual"
  ],
  "description": "The makers of Candy Crush Saga and Farm Heroes Saga are back with even bigger Cropsies and more switcher fun in Farm Heroes Super Saga! Help the Farm Heroes defeat Rancid and win the Country Show in this adorable match 3 adventure.The Farm Heroes know Rancid Raccoon is up to his old tricks again and it's up to you to help them defeat him in this puzzle quest.  Grow and harvest the biggest Super Cropsies and stop Rancid from ruining the fun for everyone!Adventure through this Farmtastic puzzle game while collecting as many Cropsies as you can! Help Fidget the squirrel collect his nuts, harvest adorable Super Cropsies and go on a puzzle quest to meet exciting new Farm Heroes. Be careful on your adventure and watch for Rancid Raccoon, he will pop up and try to stop you when you least expect him...Farm Heroes Super Saga features:Match 3 Games - Easy to Play, Challenging to Master\u2022 Fun game with Farmtastic puzzles with new game modes \u2022 Match 3 games with hundreds of levels for hours of fun! \u2022 More fruit and veg to harvest; grow the biggest Cropsies and will the Country ShowFarming Fun \u2013 Switch, Connect & More\u2022 Switcher gameplay \u2013 Match 4 fruit or veg to grow Super Cropsies!Connect to Online Leaderboards\u2022 Connecting online through Facebook lets you compare scores with friends on the leaderboards and save your farm adventure on mobile and tablet devices\u2022 Connect to the internet to unlock the full game features and keep collecting CropsiesTake on this Croptastic Saga and help the Farm Heroes bring harmony back to rural farm life in this fun match 3 puzzle game! Defeat Rancid Raccoon\u2019s sneaky plan and grow Super Cropsies!Download today and start collecting Cropsies!Visit https://care.king.com/ if you need help!Follow us to get news and updates:https://www.facebook.com/FarmHeroesSuperSaga/https://twitter.com/farmheroessuperhttps://www.youtube.com/user/FarmHeroesOfficialhttps://www.instagram.com/farmheroessuper/Farm Heroes Super Saga is completely free to play, but some optional in-game items will require payment. By downloading this game, you are agreeing to our terms of service: http://about.king.com/consumer-terms/termsHave fun playing Farm Heroes Super Saga!",
  "inc": "King",
  "intalled_count": "10,000,000",
  "last_update": [
    "July",
    "27",
    " 2018"
  ],
  "name": "Farm Heroes Super Saga",
  "offered_by": "Google Commerce Ltd",
  "permissions": {
    "Wi-Fi connection information": [
      "view Wi-Fi connections"
    ],
    "Other": [
      "receive data from Internet",
      "view network connections",
      "full network access",
      "prevent device from sleeping"
    ]
  },
  "rate": [
    [
      "966,703",
      "4.5"
    ],
    [
      "645,399",
      "5"
    ],
    [
      "200,150",
      "4"
    ],
    [
      "70,659",
      "3"
    ],
    [
      "17,896",
      "2"
    ],
    [
      "32,599",
      "1"
    ]
  ],
  "required_android": "4.0.3",
  "size": "84",
  "url": "https://play.google.com/store/apps/details?id=com.king.farmheroessupersaga",
  "version": "1.5.18"
}