{
  "categories": [
    "Casino"
  ],
  "description": "Download now and play the greatest slots for free at Casino Games - Slots! Play the best casino slots \ud83c\udfb0 offline for free and experience the real thrill of Las Vegas! Casino Games - Slots offers  \ud83c\udfc6 big wins \ud83d\udcb0 on over 50 real high quality, classic and modern slot games seen before only on real casino slot machines in the best casinos, which you can play offline right now! Play our offline casino games for free and experience:\u25ba 300 000 free chips to get you started!\u25ba free chips every 60 minutes so you can play your favourite slots anytime you want\u25ba over 50 real high quality slots which you can play offline absolutely for free\u25ba plenty of exciting bonus games on all the slot machines which will make you feel the real thrill of Las Vegas\u25ba daily goals which you can complete and claim rewards for\u25ba daily dash map events with fabulous rewards\u25ba slots machines with regular and expanding wilds which will make you a fortune\u25ba regular and irregular size slots games with diverse themes\u25ba beautifully animated stacks which you just must get\u25ba big wins and mega wins which give you this special Las Vegas casino feeling\u25ba up to 120 free spins which bring you huuuge payouts\u25ba free chips and special promotions tailored just for you\u25ba legendary classic pokies including God of Sky, Queen of Egypt, Ramesses the Great and 777 slot machine\u25ba mystery prizes which you unlock while playing your top pokies\u25ba cumulative spin rewards which you can claim while you play your favourite slot machinesIf you love pokies with wilds, stacks, multipliers, mystery symbols, super symbols and free spins then play Casino Games - Slots and enjoy over 50 slot machines! And for all the sloto maniacs out there who absolutely love the Las Vegas thrills, we have lots of events, mystery prizes, daily goals and achievements you can collect and claim prizes for!Are you serious? PLAY CASINO GAMES FOR FREE !! Can that be true?Absolutely. Casino Games - Slots gives you bonus chips every 60 minutes so that you can enjoy our pokies anytime! You can also get up to 120 free spins! Place your bet in our slot machines, spin and win big in this best free casino game on Google Play now!FIND US:For even more best free casino slot games with bonuses and free spins visit us at: http://www.huuugegames.com/Find and like us on Faceboook at: https://www.facebook.com/huuugegamesIf you need help or support, please contact us at: support@huuugegames.comThe Best Free Casino Games and Slot Machines are produced for you by Huuuge\u2122\u25ba Offline play is supported if the specific slot has already been downloaded.\u25ba The game is intended for a mature audience.\u25ba The game does not offer real money gambling or an opportunity to win real money or real prizes.\u25ba Wins made while gambling in social casino games can't be exchanged into real money or real rewards.\u25ba Past success at social casino gambling has no relationship to future success in real money gambling.",
  "inc": "Huuuge Global",
  "intalled_count": "1,000,000",
  "last_update": [
    "July",
    "17",
    " 2018"
  ],
  "name": "Casino Games - Slots",
  "offered_by": "Google Commerce Ltd",
  "permissions": {
    "Identity": [
      "find accounts on the device"
    ],
    "Contacts": [
      "find accounts on the device"
    ],
    "Photos/Media/Files": [
      "read the contents of your USB storage",
      "modify or delete the contents of your USB storage"
    ],
    "Storage": [
      "read the contents of your USB storage",
      "modify or delete the contents of your USB storage"
    ],
    "Wi-Fi connection information": [
      "view Wi-Fi connections"
    ],
    "Other": [
      "receive data from Internet",
      "view network connections",
      "full network access",
      "run at startup",
      "control vibration",
      "prevent device from sleeping"
    ]
  },
  "rate": [
    [
      "78,693",
      "4.5"
    ],
    [
      "59,584",
      "5"
    ],
    [
      "9,232",
      "4"
    ],
    [
      "3,715",
      "3"
    ],
    [
      "1,648",
      "2"
    ],
    [
      "4,514",
      "1"
    ]
  ],
  "required_android": "4.0",
  "size": "87",
  "url": "https://play.google.com/store/apps/details?id=com.gamelion.cleopatra",
  "version": "2.8.2976"
}