{
  "categories": [
    "Card"
  ],
  "description": "Fantasy Soccer that's out of this world!Assemble the best soccer team in the galaxy to defeat the League of Evil!Features1. Dynamic Sound EffectsFeaturing 30 voice actors and over 3,000 sound effects!2. A Story Transcending Time and Space!Compete in the Galaxy League to put an end to an epic Space War!3. Real-time Command BattlesStrengthen your team and power-up your players to fight against the toughest teams in the Colosseum of Despair!4. Lose Yourself in an Immersive Gaming ExperiencePlay in Story Mode, Challenge Mode, and the Colosseum of Despair to head to the top of the Galaxy League!5. Recruit Managers to Strengthen Your TeamUtilize coaches, managers, and scouts with special abilities to train your team!* Access permission notice for gameplay\u00b7 STORAGE: The permission is required to store game data and will not access personal files such as photos.\u00b7 PHONE: The permission is required to proceed with in-game events and rewards and will not affect calls.\u00b7 CONTACTS: The permission is required to sync your friend list and Google Account.\u203b You'll be able to enjoy the service except features related to above authorities even if you don't give permission to the above.\u2022Language support: English, Fran\u00e7ais, Deutsch. \ud55c\uad6d\uc5b4, \u4e2d\u6587\u7b80\u4f53, \u4e2d\u6587\u7e41\u9ad4, \u65e5\u672c\u8a9e, Portugu\u00eas, Espa\u00f1ol, \u0420\u0443\u0441\u0441\u043a\u0438\u0439\u2022 Items are available for purchase in this game. Some paid items may not be refundable depending on the type of item. \u2022 For Com2uS Mobile Game Terms of Service, visit http://www.withhive.com/.- Terms of Service : http://terms.withhive.com/terms/policy/view/M9/T1- Privacy Policy : http://terms.withhive.com/terms/policy/view/M9/T3\u2022 For questions or customer support, please contact our Customer Support by visiting http://www.withhive.com/help/inquire\u2500\u2500\u2500\u2500\u2500\u2500\u2500\u2500\u2500\u2500\u2500\u2500\u2500\u2500\u2500\u2500Play with Com2uS!\u2500\u2500\u2500\u2500\u2500\u2500\u2500\u2500\u2500\u2500\u2500\u2500\u2500\u2500\u2500\u2500Follow us!twitter.com/Com2uSLike us on Facebook!facebook.com/Com2uSTips and Updateshttp://www.withhive.com",
  "inc": "Com2uS",
  "intalled_count": "1,000,000",
  "last_update": [
    "June",
    "26",
    " 2018"
  ],
  "name": "Soccer Spirits",
  "offered_by": "Google Commerce Ltd",
  "permissions": {
    "Device & app history": [
      "retrieve running apps"
    ],
    "Cellular data settings": [
      "change/intercept network settings and traffic"
    ],
    "Contacts": [
      "read your contacts"
    ],
    "Phone": [
      "read phone status and identity"
    ],
    "Photos/Media/Files": [
      "read the contents of your USB storage",
      "modify or delete the contents of your USB storage"
    ],
    "Storage": [
      "read the contents of your USB storage",
      "modify or delete the contents of your USB storage"
    ],
    "Wi-Fi connection information": [
      "view Wi-Fi connections"
    ],
    "Device ID & call information": [
      "read phone status and identity"
    ],
    "Other": [
      "modify battery statistics",
      "receive data from Internet",
      "view network connections",
      "change network connectivity",
      "connect and disconnect from Wi-Fi",
      "full network access",
      "control vibration",
      "prevent device from sleeping"
    ]
  },
  "rate": [
    [
      "163,896",
      "4.4"
    ],
    [
      "112,638",
      "5"
    ],
    [
      "27,054",
      "4"
    ],
    [
      "9,831",
      "3"
    ],
    [
      "3,682",
      "2"
    ],
    [
      "10,691",
      "1"
    ]
  ],
  "required_android": "4.0.3",
  "size": "97",
  "url": "https://play.google.com/store/apps/details?id=com.com2us.soccerspirits.normal2.freefull.google.global.android.common",
  "version": "1.34.1"
}