{
  "categories": [
    "Casual"
  ],
  "description": "With Let's Create: Pottery making ceramics has never been more simple and fun! Become a true artist and create \"one of a kind\" pottery items and share them with your friends! Throw the clay on the wheel, release all your artistic talents and take benefit of dozens of materials available in order to create your own design! Even when you glaze and fire your very first pot you will feel accomplished and relaxed as pottery is the best way to relieve your everyday stress and find your inner peace. An amazing, therapeutic and uplifting experience you can enjoy with your family and friends!Gameplay tutorial video:http://www.youtube.com/watch?v=4Myr4kw8QMMTrailer video:http://www.youtube.com/watch?v=KxMb5f085lw \u2605\u2605\u2605\u2605\u2605 \"Let's create! Pottery\" is totally worth a look. The entire game is a very unique experience that works extremely well on the iPad. - Touch Arcade\u2605\u2605\u2605\u2605\u2605 The best part about \"Let's create! Pottery\" is that once you've unlocked everything you can let your imagination roam free and as time-wasters go, this is a truly unique experience. - App Spy",
  "inc": "Infinite Dreams",
  "intalled_count": "10,000,000",
  "last_update": [
    "December",
    "1",
    " 2017"
  ],
  "name": "Let's Create! Pottery Lite",
  "offered_by": "Google Commerce Ltd",
  "permissions": {
    "Photos/Media/Files": [
      "read the contents of your USB storage",
      "modify or delete the contents of your USB storage"
    ],
    "Storage": [
      "read the contents of your USB storage",
      "modify or delete the contents of your USB storage"
    ],
    "Other": [
      "view network connections",
      "full network access"
    ]
  },
  "rate": [
    [
      "642,558",
      "4.4"
    ],
    [
      "461,534",
      "5"
    ],
    [
      "82,269",
      "4"
    ],
    [
      "41,451",
      "3"
    ],
    [
      "18,817",
      "2"
    ],
    [
      "38,487",
      "1"
    ]
  ],
  "required_android": "4.1",
  "size": "41",
  "url": "https://play.google.com/store/apps/details?id=pl.idreams.potterylite",
  "version": "1.63"
}