{
  "categories": [
    "Casual"
  ],
  "description": "garden blossom crushmatch your way through full of colorful budsCrush the blossom by your finger, and enjoy blossom! Make matches of 3 or more flowers, create Garden Blossom Crush or slide combination 3 or more same flowers to make a juicy slicing! Reach the goal before the moves run out! Clear all flowers in same type, combo more than three same flowers to win a power-up flower to clear more.Explore this challenging blossom games world and win spectacular prizes!You are not alone in defeating the villains though. You will get a lot of help from adorable friends in the enchanting garden blossom crush. You can also ask for help and favor from your Facebook friends. You will become addicted to this blossom match game in a very short time and you do not know how to stop playing.garden blossom crush features:+ fun and challenging levels..coming soon for the new levels+ stunning paradise graphics and effects set in beautiful flower gardens+ best entertainment to kill your free time+ graphic is as sweet as valentine.+ suitable for family, including kids+ fun & exciting background music.+ easy and fun to play, challenging to master+ free login coins and free in-game items+ share with family & friends, invite them to play together through Facebook",
  "inc": "Enjoy Your Games",
  "intalled_count": "100,000",
  "last_update": [
    "May",
    "12",
    " 2018"
  ],
  "name": "Garden Blossom Crush",
  "offered_by": "Google Commerce Ltd",
  "permissions": {
    "Other": [
      "view network connections",
      "full network access"
    ]
  },
  "rate": [
    [
      "825",
      "4.4"
    ],
    [
      "551",
      "5"
    ],
    [
      "144",
      "4"
    ],
    [
      "80",
      "3"
    ],
    [
      "19",
      "2"
    ],
    [
      "31",
      "1"
    ]
  ],
  "required_android": "4.0",
  "size": "17",
  "url": "https://play.google.com/store/apps/details?id=com.xzdailygame.GardenBlossom",
  "version": "1.4"
}