{
  "categories": [
    "Arcade"
  ],
  "description": "One of the best selling SEGA games of all time - Sonic The Hedgehog 2 is now available for free on mobile! Rediscover SEGA\u2019s super Sonic masterpiece!Dr. Eggman is back to his old tricks, trying to find the seven Chaos Emeralds that will enable him to complete his ultimate weapon, the Death Egg. Only the triple threat of Sonic, Tails, and Knuckles can defeat him in this remaster from the team behind Sonic Mania!Sonic The Hedgehog 2 joins the ever-increasing line-up of \u2018SEGA Forever\u2019, a treasure trove of free SEGA console classics brought to life on mobile for the first time!FEATURES- Twelve Badnik-infested zones to master, from underwater caverns to neon-lit casinos!- Compete online, take on the Time Attack mode, and the all-new Boss Attack mode!- Play the secret Hidden Palace Zone stage that didn't make it into the original release!- Fight Dr. Eggman's creations, including the terrifying Mecha Sonic- Obtain all the Chaos Emeralds to transform into Super Sonic and Super Knuckles!MOBILE GAME FEATURES- PLAY FREE with ad-support or ad-free via In-App Purchase- SAVE YOUR GAMES \u2013 save your progress at any point in the game.- LEADERBOARDS \u2013 compete with the world for high scores- CONTROLLER SUPPORT: HID compatible controllersRETRO REVIEWS\"Without doubt, it's SEGA's best game ever.\" [96%] - Stuart Clarke, Mega Zone #25 (December 1992)\"Faster, slicker, more colourful, louder, bigger, and much, much tougher than the original.\" [96%] - Julian \"Jaz\" Rignall, Mean Machines SEGA #2 (November 1992)\"Packs a ton more punch than Bluey's first outing.\" [94%] - Paul Anglin, Computer & Video Games #132 (November 1992)SONIC THE HEDGEHOG 2 TRIVIA- This is the most complete version of Sonic The Hedgehog 2 to date, complete with widescreen, 60FPS action, and a remastered soundtrack!- This was the first Sonic game to feature the Spin Dash move- The Master System version was the first game Tails appeared in, although he wasn\u2019t playable!- Unlike the Mega Drive/Genesis original, you can now fly as Tails!SONIC THE HEDGEHOG 2 HISTORY- The game was originally released worldwide in November 1992- Original developer: Sonic Team & SEGA Technical Institute- Designer: Hirokazu Yasuhara- Lead Composer: Masato Nakamura- - - - -Privacy Policy: http://www.sega.com/mprivacyTerms of Use: http://www.sega.com/termsGame apps are ad-supported and no in-app purchases are required to progress; ad-free play option available with in-app purchase.This game may include \"Interest Based Ads\" (please see http://www.sega.com/mprivacy#3IBADiscolure for more information)\u200b and may collect \"Precise Location Data\" \u200b(please see http://www.sega.com/mprivacy#5LocationDataDisclosure \u200bfor more information)\u200b\u00a9 SEGA. All rights reserved. SEGA, the SEGA logo, Sonic The Hedgehog 2, SEGA Forever, and the SEGA Forever logo are registered trademarks or trademarks of SEGA Holdings Co., Ltd. or its affiliates.",
  "inc": "SEGA",
  "intalled_count": "5,000,000",
  "last_update": [
    "June",
    "18",
    " 2018"
  ],
  "name": "Sonic The Hedgehog 2 Classic",
  "offered_by": "Google Commerce Ltd",
  "permissions": {
    "Wi-Fi connection information": [
      "view Wi-Fi connections"
    ],
    "Other": [
      "receive data from Internet",
      "view network connections",
      "full network access",
      "run at startup",
      "prevent device from sleeping",
      "view network connections",
      "full network access",
      "prevent device from sleeping",
      "view network connections",
      "full network access",
      "control vibration",
      "prevent device from sleeping"
    ]
  },
  "rate": [
    [
      "46,467",
      "4.6"
    ],
    [
      "37,609",
      "5"
    ],
    [
      "3,472",
      "4"
    ],
    [
      "1,705",
      "3"
    ],
    [
      "810",
      "2"
    ],
    [
      "2,871",
      "1"
    ]
  ],
  "required_android": "4.2",
  "size": "65",
  "url": "https://play.google.com/store/apps/details?id=com.sega.sonic2.runner",
  "version": "1.1.0"
}