{
  "categories": [
    "Board"
  ],
  "description": "Connect the same numbered tiles.Use up all the cards that you have then you will be the winner!3 different game rules, offline mode, and multiplayer mode supported.[Features]- 1 to 4 people can enjoy the game at the same time.- 3 unique modes supported. (Draw mode, Block mode, All Five mode)- Useful Items that will save you from crisis- Battle Mode: get more gold rewards from the mode.- 16 languages supported.- Achievement& Leaderboard supported.- Tablet PC and smart pads supported.Homepage :https://play.google.com/store/apps/dev?id=4864673505117639552Facebook : https://www.facebook.com/mobirixplayenYouTube :https://www.youtube.com/user/mobirix1",
  "inc": "mobirix",
  "intalled_count": "100,000",
  "last_update": [
    "June",
    "21",
    " 2018"
  ],
  "name": "Dominoes Challenge",
  "offered_by": "Google Commerce Ltd",
  "permissions": {
    "Other": [
      "receive data from Internet",
      "view network connections",
      "full network access",
      "prevent device from sleeping"
    ]
  },
  "rate": [
    [
      "1,258",
      "4.4"
    ],
    [
      "840",
      "5"
    ],
    [
      "233",
      "4"
    ],
    [
      "117",
      "3"
    ],
    [
      "19",
      "2"
    ],
    [
      "49",
      "1"
    ]
  ],
  "required_android": "4.0.3",
  "size": "15",
  "url": "https://play.google.com/store/apps/details?id=com.mobirix.dominoes",
  "version": "1.0.6"
}