{
  "categories": [
    "Sports"
  ],
  "description": "All Deine Fu\u00dfball News zum Amateurfu\u00dfball direkt im \u00dcberblick mit der Fu\u00dfball App von FUSSBALL.DEAlle Features im \u00dcberblick:\u27a4 viele Details zu den w\u00f6chentlich mehr als 27.000 Fu\u00dfballspielen in Deutschland\u27a4 aktuelle Fu\u00dfball News zu Deinem Verein, egal ob Aufstellungen, Spielverlauf mit Torsch\u00fctzen, Einwechselungen und vieles mehr\u27a4 Fu\u00dfball Ergebnisse, Tabellenst\u00e4nde und mehr von der Kreisliga, Oberliga, Regionalliga bis zur Bundesliga\u27a4 Ein modernes Layout f\u00fchrt Dich durch die Breaking News Deiner Amateurliga\u27a4 Lade eigene Bilder und Videos zu Deinem Match hoch und vertrete Deinen Club\u27a4 Entdecke unseren Liveticker, der bereits f\u00fcr viele Spiele verf\u00fcgbar ist und verfolge das Spielgeschehen nahezu in Echtzeit\u27a4 W\u00e4hle aus einer umfangreichen Liste von Fu\u00dfballvereinen Deinen Favoriten aus und sei stets \u00fcber dessen aktuelle Fu\u00dfball Ergebnisse informiert  Mit der offiziellen Fu\u00dfball App von FUSSBALL.DE erlebst Du Amateurfu\u00dfball auf Profiniveau!Alle News zum Amateurfu\u00dfball---------------------------------------------------Willst Du die aktuellsten Amateurfu\u00dfball News zu Deiner Liga und die M\u00f6glichkeit stets \u00fcber Deine Ligen auf dem Laufenden zu sein?Ob von der Couch Zuhause oder vom Spielfeldrand aus, mit der FUSSBALL.DE Fu\u00dfball App erh\u00e4ltst Du als Vollblut-Fu\u00dfballer mit Leidenschaft und Fan der Fu\u00dfball Amateurliga aktuelle Einblicke in Tabellen, Ergebnisse, Spielverl\u00e4ufe, Platzverweise, Tore und vieles mehr.Dein Zugriff auf Statistiken und aktuelle Ergebnisse---------------------------------------------------Die App bietet aus Informationen zu den w\u00f6chentlich \u00fcber 27.000 Fu\u00dfballspielen in Deutschland das Wichtigste zu Regionalliga und Co. Dabei erh\u00e4ltst Du exklusiven Einblick in DFB News, Aufstellungen, Spielverl\u00e4ufe, Platzverweise, Tabellenst\u00e4nde,  Ergebnisse und vieles mehr.F\u00fcge Fu\u00dfballvereine zu Deinen Favoriten hinzu, um noch besser \u00fcber die Ligen (Kreisliga, Oberliga oder Regionalliga, usw.) informiert zu sein.Solltest Du also ein \u00fcberzeugter Fan sein, f\u00fchrt Dich das innovative Bedienkonzept von FUSSBALL.DE zu allen relevanten DFB News deiner Amateurliga. Dadurch wird es zum Kinderspiel Statistiken und aktuelle Amateurfu\u00dfball Ergebnisse zu finden.\u2003Dein Portal zum Amateurfu\u00dfball---------------------------------------------------FUSSBALL.DE bietet Dir das Aktuellste aus Kreisklasse, Kreisliga, Kreisoberliga, Bezirksliga, Landesliga, Oberliga, Regionalliga, Futsal und dem Frauenfu\u00dfball. FUSSBALL.DE ist Dein erster Anlaufpunkt f\u00fcr Amateurfu\u00dfball Ergebnisse und das Portal f\u00fcr Fans, Freunde und Mitglieder des Amateurfu\u00dfballs, die vielmehr als nur Berichterstattung wollen. Liveticker ---------------------------------------------------F\u00fcr viele Spiele bieten wir bereits einen Liveticker an, der Dir Fu\u00dfball Ergebnisse und aktuelle Statistiken in Echtzeit bietet. Finde heraus, ob auch Dein Verein unterst\u00fctzt wird. Amateurfu\u00dfball als Fundament des deutschen Fu\u00dfballsports---------------------------------------------------In 26.000 Vereinen mit mehr als 165.000 Mannschaften wird das Fundament f\u00fcr erfolgreichen Profifu\u00dfball gelegt. Dabei bilden besonders die aktiven und ambitionierten Amateurfu\u00dfballer und Ihre Fans der Kreisliga, Oberliga bis hin zur Regionalliga die Basis von Fu\u00dfball Deutschland. Lade Dir die App herunter, um daran teilzuhaben und ein Teil des Amateurfu\u00dfballs zu werden.Deine Meinung ist gefragtNeben den wichtigsten DFB News der Amateurfu\u00dfballligen wollen wir Dir noch mehr bieten, weshalb uns Deine Meinung stets wichtig ist. Denn wir arbeiten st\u00e4ndig an Weiterentwicklungen, technisch, sowie redaktionell. Sollte Dir also etwas auffallen oder solltest Du neue Ideen haben, um Dein Erlebnis zu verbessern, dann z\u00f6gere nicht und maile uns unter: service@FUSSBALL.DE.",
  "inc": "DFB GmbH",
  "intalled_count": "1,000,000",
  "last_update": [
    "August",
    "2",
    " 2018"
  ],
  "name": "FUSSBALL.DE",
  "offered_by": "Google Commerce Ltd",
  "permissions": {
    "Identity": [
      "find accounts on the device"
    ],
    "Calendar": [
      "read calendar events plus confidential information",
      "add or modify calendar events and send email to guests without owners' knowledge"
    ],
    "Contacts": [
      "find accounts on the device"
    ],
    "Photos/Media/Files": [
      "read the contents of your USB storage",
      "modify or delete the contents of your USB storage"
    ],
    "Storage": [
      "read the contents of your USB storage",
      "modify or delete the contents of your USB storage"
    ],
    "Other": [
      "receive data from Internet",
      "view network connections",
      "full network access",
      "control vibration",
      "prevent device from sleeping"
    ]
  },
  "rate": [
    [
      "19,704",
      "4.2"
    ],
    [
      "12,418",
      "5"
    ],
    [
      "3,610",
      "4"
    ],
    [
      "1,207",
      "3"
    ],
    [
      "701",
      "2"
    ],
    [
      "1,768",
      "1"
    ]
  ],
  "required_android": "4.0.3",
  "size": "14",
  "url": "https://play.google.com/store/apps/details?id=de.dfbmedien.FussballDE",
  "version": "6.5.9"
}