{
  "categories": [
    "Arcade"
  ],
  "description": "Can't get enough of those pegs?Enter the new and improved Pegland, with over 25 new levels, innovative balls and every type of special peg you could imagine\u2026 It becomes very clear why this game is called deluxe!In Pegland Deluxe you will enjoy a game of aim and fire with such a twist \u2013 you won't be able to put it down! Play in an endless amount of scenes and tons of gorgeous landscapes and hit as many red pegs as you can! But watch out, there are some chilling scenarios going on in Pegland Deluxe\u2026 If you aren\u2019t careful you may encounter the black hole of Pegland \u2013 The Destroyer Peg \u2013 it sucks in everything in its way! This game has lots of option to win\u2026 but it won't always be easy. If you are up for a challenge, this is the game to play!What are you waiting for?How to Play?\u2022 Aim, Tap and Hit! It's as easy as that! Highlights:\u2022 25 MORE challenging levels\u2022 Beautiful landscapes and gorgeous graphics!\u2022 2 additional ball types (the Explosion Ball the Full Score Ball that will give double, triple and even more than quadruple your points!)\u2022 9 fresh peg types (including the Infecting Peg, the Fire Peg, the Armored Peg and many more!)This game was designed by and created in cooperation with Arkadium Inc.http://www.arkadium.com/",
  "inc": "Adzert Corp",
  "intalled_count": "500,000",
  "last_update": [
    "July",
    "23",
    " 2018"
  ],
  "name": "Pegland Deluxe",
  "offered_by": "Google Commerce Ltd",
  "permissions": {
    "Identity": [
      "find accounts on the device"
    ],
    "Contacts": [
      "find accounts on the device"
    ],
    "Location": [
      "approximate location (network-based)"
    ],
    "Phone": [
      "read phone status and identity"
    ],
    "Photos/Media/Files": [
      "read the contents of your USB storage",
      "modify or delete the contents of your USB storage"
    ],
    "Storage": [
      "read the contents of your USB storage",
      "modify or delete the contents of your USB storage"
    ],
    "Wi-Fi connection information": [
      "view Wi-Fi connections"
    ],
    "Device ID & call information": [
      "read phone status and identity"
    ],
    "Other": [
      "receive data from Internet",
      "view network connections",
      "full network access",
      "use accounts on the device",
      "prevent device from sleeping"
    ]
  },
  "rate": [
    [
      "14,987",
      "3.9"
    ],
    [
      "7,362",
      "5"
    ],
    [
      "3,213",
      "4"
    ],
    [
      "1,910",
      "3"
    ],
    [
      "965",
      "2"
    ],
    [
      "1,537",
      "1"
    ]
  ],
  "required_android": "2.3",
  "size": "40",
  "url": "https://play.google.com/store/apps/details?id=mominis.Generic_Android.Pegland_Deluxe",
  "version": "1.2.3"
}