{
  "categories": [
    "Arcade"
  ],
  "description": "Take the wheel and make your getaway! The cops are on your tail - get to the next checkpoint before time runs out!Show off your driving skills: catch the slipstream of other cars to go even faster, and build up a combo for super-speed!Smash your way to freedom: collect boosts to clear a destructive path through traffic!Ride with style: your style! Choose your car from a large fleet, then upgrade your ride to make it even faster and stronger.Look out for transporter trucks to grab a special vehicle! Fancy a bigfoot? We got ya. Feeling more like riding a tank? No problemo. Perhaps with a side of warplanes? We got that too, and then some!What are you waiting for? Get in, hit the gas and let\u2019s go On The Run!FEATURES\u2022 Dodge, smash and crash your way through the streets!\u2022 Race through exotic locations, evading police and traffic!\u2022 Grab destructive power-ups: speed boosts, fire trucks, planes and tanks!\u2022 Upgrade and unlock better and faster cars!\u2022 Stay ahead of your friends, and top global leaderboards!**************************************** Find out more about Miniclip: http://www.miniclip.comFollow Miniclip on Twitter: http://www.twitter.com//miniclipFollow Miniclip on Facebook:http://www.facebook.com/miniclipFollow Miniclip on YouTube:http://www.youtube.com/miniclip",
  "inc": "Miniclip.com",
  "intalled_count": "1,000,000",
  "last_update": [
    "May",
    "3",
    " 2018"
  ],
  "name": "On The Run\u2122",
  "offered_by": "Google Commerce Ltd",
  "permissions": {
    "Wi-Fi connection information": [
      "view Wi-Fi connections"
    ],
    "Other": [
      "view network connections",
      "full network access",
      "prevent device from sleeping"
    ]
  },
  "rate": [
    [
      "58,323",
      "4.2"
    ],
    [
      "35,603",
      "5"
    ],
    [
      "10,488",
      "4"
    ],
    [
      "5,539",
      "3"
    ],
    [
      "2,506",
      "2"
    ],
    [
      "4,187",
      "1"
    ]
  ],
  "required_android": "2.3.3",
  "size": "46",
  "url": "https://play.google.com/store/apps/details?id=com.miniclip.ontherun",
  "version": "1.0.10"
}