{
  "categories": [
    "Social"
  ],
  "description": "Naver Caf\u00e9 in your Own Hands!Naver Caf\u00e9 is an open social community which enables everyone to create a community group that matches their personal interests. Moreover, everyone can participate freely as they desire, and they can set their own launch image using Naver Caf\u00e9 dedicated icons. Enjoy Naver Caf\u00e9 that has come closer to your daily life through mobile application!With Naver Caf\u00e9 App, you can:- Compose hot brand-new posts by utilizing picture/movie, map, and temporary saving functions.- Go to your favorite contents faster than ever through Caf\u00e9 and message boards that are added on your favorites list.- Manage your Caf\u00e9 whenever & wherever by not only viewing news on your own posts, but also authorizing & denying registration requests.- Set the initially displayed Caf\u00e9 with your own taste, and register Naver Caf\u00e9 dedicated icons and launch images for your own Caf\u00e9- Read & Write on Integrated Board, Q&A Board, and Staff Board, and you can also check Registered Products BoardThank you for using Naver services, and we will constantly improve to serve you better, and to provide up-to-date services.===========================Please leave your inquiry on NAVER Customer Center ( http://me2.do/GNATuAjT ) in case a problem occurs while using app. Please note that an accurate access and answer to your problem cannot be possible if you are only leaving comment on the review. (Email inquiry: navercc@naver.com)===========================",
  "inc": "NAVER Corp.",
  "intalled_count": "10,000,000",
  "last_update": [
    "July",
    "24",
    " 2018"
  ],
  "name": "\ub124\uc774\ubc84 \uce74\ud398  - Naver Cafe",
  "offered_by": "Google Commerce Ltd",
  "permissions": {
    "Device & app history": [
      "retrieve running apps"
    ],
    "Identity": [
      "find accounts on the device",
      "add or remove accounts"
    ],
    "Contacts": [
      "find accounts on the device"
    ],
    "Location": [
      "approximate location (network-based)",
      "precise location (GPS and network-based)"
    ],
    "Phone": [
      "directly call phone numbers",
      "read phone status and identity"
    ],
    "Photos/Media/Files": [
      "read the contents of your USB storage",
      "modify or delete the contents of your USB storage"
    ],
    "Storage": [
      "read the contents of your USB storage",
      "modify or delete the contents of your USB storage"
    ],
    "Camera": [
      "take pictures and videos"
    ],
    "Device ID & call information": [
      "read phone status and identity"
    ],
    "Other": [
      "read Home settings and shortcuts",
      "receive data from Internet",
      "view network connections",
      "create accounts and set passwords",
      "full network access",
      "use accounts on the device",
      "control vibration",
      "prevent device from sleeping",
      "install shortcuts",
      "uninstall shortcuts"
    ]
  },
  "rate": [
    [
      "93,099",
      "3.7"
    ],
    [
      "46,740",
      "5"
    ],
    [
      "12,612",
      "4"
    ],
    [
      "9,756",
      "3"
    ],
    [
      "5,645",
      "2"
    ],
    [
      "18,346",
      "1"
    ]
  ],
  "required_android": "Varies with",
  "size": "Varies with devic",
  "url": "https://play.google.com/store/apps/details?id=com.nhn.android.navercafe",
  "version": "Varies with device"
}