{
  "categories": [
    "Casual"
  ],
  "description": "The most addictive puzzle game on mobile today! Work your way through matching three or more jellies and creating boosters! Enjoy your Jelly Jam Blast adventure now!HIGHLIGHTSTHE BEST LEVELS: HUNDREDS of levels to beat and NEW LEVELS added every week!CHALLENGING AND FUN PLAY: Gather powerful boosters to beat the toughest stages.PLAY WITH FRIENDS -Show off your gaming progress on the leaderboard to your friends! Beat your friends\u2019core on every level and keep track of it!How To PlaySwap and Match at least 3 jelly of the same type to burst!Make unique combinations to get powerful bombsPlay more levels to activate new characters and collect boosters!Leverage powerful boosters to help clear obstacles!Achieve 3 stars for each level to get more boosters!Aim to use the least moves to achieve goal!\u00a0Sync between devices and play anywhere, anytime! ****************************************************Follow Jelly Jam on Facebook for more bonus: fb.me/JellyJamBlastQuestions? Suggestions? Send message to: m.me/JellyJamBlast. Or get in touch: jellyjambalst@avid.ly Please note that Jelly Jam is a completely FREE match 3 puzzle game. It\u2019 free to download and play, but there are game items available for purchase with real money.",
  "inc": "Word Finder Games",
  "intalled_count": "100,000",
  "last_update": [
    "July",
    "23",
    " 2018"
  ],
  "name": "Jelly Jam Blast - A Match 3 Game",
  "offered_by": "Google Commerce Ltd",
  "permissions": {
    "Phone": [
      "read phone status and identity"
    ],
    "Photos/Media/Files": [
      "read the contents of your USB storage",
      "modify or delete the contents of your USB storage"
    ],
    "Storage": [
      "read the contents of your USB storage",
      "modify or delete the contents of your USB storage"
    ],
    "Wi-Fi connection information": [
      "view Wi-Fi connections"
    ],
    "Device ID & call information": [
      "read phone status and identity"
    ],
    "Other": [
      "view network connections",
      "full network access"
    ]
  },
  "rate": [
    [
      "2,515",
      "4.9"
    ],
    [
      "2,387",
      "5"
    ],
    [
      "88",
      "4"
    ],
    [
      "21",
      "3"
    ],
    [
      "3",
      "2"
    ],
    [
      "16",
      "1"
    ]
  ],
  "required_android": "4.1",
  "size": "37",
  "url": "https://play.google.com/store/apps/details?id=jelly.jam.fruit.match.cookie",
  "version": "1.0.4"
}