{
  "categories": [
    "Casual"
  ],
  "description": "The super hit casual game Candy Frenzy 2 now comes! Starts out simple, but things get more and more interesting and challenging. More fun with this Candy Frenzy 2!Candy Frenzy 2 features: \u25cf New special candy and jelly levels\u25cf Many challenging levels of saga puzzles \u25cf Magic blast effects on boosters\u25cf New tricky obstacles\u25cf Stunning and powerful effects\u25cf Play high score in game center\u25cf Small size but super tasty graphicsKeep hungry, enjoy sweet and delicious Candy Frenzy 2!",
  "inc": "appgo",
  "intalled_count": "10,000,000",
  "last_update": [
    "June",
    "8",
    " 2018"
  ],
  "name": "Candy Frenzy 2",
  "offered_by": "Google Commerce Ltd",
  "permissions": {
    "Phone": [
      "read phone status and identity"
    ],
    "Photos/Media/Files": [
      "read the contents of your USB storage",
      "modify or delete the contents of your USB storage"
    ],
    "Storage": [
      "read the contents of your USB storage",
      "modify or delete the contents of your USB storage"
    ],
    "Wi-Fi connection information": [
      "view Wi-Fi connections"
    ],
    "Device ID & call information": [
      "read phone status and identity"
    ],
    "Other": [
      "view network connections",
      "full network access"
    ]
  },
  "rate": [
    [
      "88,767",
      "4.0"
    ],
    [
      "48,543",
      "5"
    ],
    [
      "16,328",
      "4"
    ],
    [
      "10,551",
      "3"
    ],
    [
      "4,618",
      "2"
    ],
    [
      "8,727",
      "1"
    ]
  ],
  "required_android": "4.0.3",
  "size": "14",
  "url": "https://play.google.com/store/apps/details?id=com.appgame7.candyfrenzy2",
  "version": "5.8.3179"
}