{
  "categories": [
    "Casual",
    "Brain Games"
  ],
  "description": "Super big fan of delicious candy puzzle games? Match and collect 3 or more scrumptious candies in Candy Fever. Create sweet boosters to achieve highest score and win 3 stars with each puzzle. Join and spread the fun in amazing Candy Fever!- Journey through more than 200 enchanting levels. Updates come out all the time!- Explore a sweet world of delicious candies: Chocolate Villa, Ice-cream Bakery, Whipped Citadel and Pastry Carnivals- Use boosters to burst 5 layers cake, Jam Virus, Gummy Skull, Chocolate, Ice etc.- Show off your gaming progress on leaderboard- Never ending fun of match-3 puzzle game- Slide, swap, switch and match 3 or more same sweet candies- You will be able to get a special candy if 4 or more candies are matched- Appetizing and delightful candy design with sweet charm and charisma- Play anywhere anytime: Internet is not a must- Completely FREE match 3 candy gameTry exciting Candy Fever and test your matching skill with interesting yet challenging candy levels!",
  "inc": "Mobileguru",
  "intalled_count": "10,000,000",
  "last_update": [
    "June",
    "8",
    " 2018"
  ],
  "name": "Candy Fever",
  "offered_by": "Google Commerce Ltd",
  "permissions": {
    "Phone": [
      "read phone status and identity"
    ],
    "Photos/Media/Files": [
      "read the contents of your USB storage",
      "modify or delete the contents of your USB storage"
    ],
    "Storage": [
      "read the contents of your USB storage",
      "modify or delete the contents of your USB storage"
    ],
    "Wi-Fi connection information": [
      "view Wi-Fi connections"
    ],
    "Device ID & call information": [
      "read phone status and identity"
    ],
    "Other": [
      "view network connections",
      "full network access"
    ]
  },
  "rate": [
    [
      "103,024",
      "4.4"
    ],
    [
      "66,224",
      "5"
    ],
    [
      "19,167",
      "4"
    ],
    [
      "10,693",
      "3"
    ],
    [
      "2,465",
      "2"
    ],
    [
      "4,475",
      "1"
    ]
  ],
  "required_android": "4.0.3",
  "size": "17",
  "url": "https://play.google.com/store/apps/details?id=com.mobileguru.candyfever.free",
  "version": "5.3.3179"
}