{
  "categories": [
    "Casino"
  ],
  "description": "\u2605\u2605\u2605\u2605\u2605 WIN THE BIGGEST JACKPOTS ON MOBILE! PLAY RICHES OF GREECE  CASINO SLOTS TODAY \u2605\u2605\u2605\u2605\u2605Riches of Greece Slots has the BIGGEST JACKPOTS and is the HIGHEST PAYING free slots game experience in the app store! Experience the magnificent luxury and style of a Las Vegas Casino Game right in the palm of your hand! \u2605\u2605\u2605\u2605 GAME FEATURES \u2605\u2605\u2605\u2605\u25ba Journey through Olympus with Greek Gods like Athena, Hermes, Aphrodite, Poseidon, Dionysus, Medusa, Apollo Slots! \u25ba Play the biggest payouts and jackpots with no internet and no wifi!\u25ba All of our Olympic God themed free slot machines have tons of mega win paylines\u25ba Unique bonus and freespin rounds in all of our free casino games!\u25ba Our slot machines have beautifully hand painted themes (Titan Riches, Wild West, Timber Wolves,and Buffalo Slots) all in HD graphicsIf you enjoy great free slots games, then you'll have tons of fun exploring all the games Riches of Greece Slots Casino has to offer!Questions? E-mail us at: richesofzeussupport@playrocketgames.com",
  "inc": "Rocket Speed - Casino Slots Games",
  "intalled_count": "1,000,000",
  "last_update": [
    "June",
    "9",
    " 2016"
  ],
  "name": "Slots Gods of Greece Slots - Free Slot Machines",
  "offered_by": "Google Commerce Ltd",
  "permissions": {
    "Identity": [
      "find accounts on the device"
    ],
    "Contacts": [
      "find accounts on the device"
    ],
    "Location": [
      "approximate location (network-based)",
      "precise location (GPS and network-based)"
    ],
    "Phone": [
      "read phone status and identity"
    ],
    "Photos/Media/Files": [
      "read the contents of your USB storage",
      "modify or delete the contents of your USB storage"
    ],
    "Storage": [
      "read the contents of your USB storage",
      "modify or delete the contents of your USB storage"
    ],
    "Wi-Fi connection information": [
      "view Wi-Fi connections"
    ],
    "Device ID & call information": [
      "read phone status and identity"
    ],
    "Other": [
      "receive data from Internet",
      "view network connections",
      "full network access",
      "prevent device from sleeping"
    ]
  },
  "rate": [
    [
      "25,431",
      "4.5"
    ],
    [
      "19,044",
      "5"
    ],
    [
      "3,194",
      "4"
    ],
    [
      "1,361",
      "3"
    ],
    [
      "564",
      "2"
    ],
    [
      "1,268",
      "1"
    ]
  ],
  "required_android": "2.3.3",
  "size": "46",
  "url": "https://play.google.com/store/apps/details?id=com.RocketGames.RichesofZeus",
  "version": "1.12.0"
}