{
  "categories": [
    "Casual"
  ],
  "description": "Swap to match 3 or more and create waves of excitement in this fun and juicy puzzle game.Immerse yourself into this nutritious Fruit Candy Bomb where garden strawberry, green apple, fresh blueberry, sweet carrots and delicious grapes are everywhere. Bomb your way out and start swatting right away!!Game Features: \u2714 240 levels of insane fruit bombing fun\u2714 Whip your way through Tart Citadel, Juicy Pharos, Citrus Island and Nashi Forest, ect.\u2714 Collect water drops and sunflowers for the tough levels \u2714 Uniquely challenging barriers\u2714 High\u00a0Definition\u00a0&\u00a0First\u00a0Class\u00a0Fruits\u00a0Design\u2714 Fun to play, even more fun to fully master\u2714 Keep updating new exciting levels and surprises",
  "inc": "Mobileguru",
  "intalled_count": "500,000",
  "last_update": [
    "February",
    "2",
    " 2018"
  ],
  "name": "Fruit Candy Bomb",
  "offered_by": "Google Commerce Ltd",
  "permissions": {
    "Phone": [
      "read phone status and identity"
    ],
    "Photos/Media/Files": [
      "read the contents of your USB storage",
      "modify or delete the contents of your USB storage"
    ],
    "Storage": [
      "read the contents of your USB storage",
      "modify or delete the contents of your USB storage"
    ],
    "Wi-Fi connection information": [
      "view Wi-Fi connections"
    ],
    "Device ID & call information": [
      "read phone status and identity"
    ],
    "Other": [
      "view network connections",
      "full network access"
    ]
  },
  "rate": [
    [
      "3,415",
      "4.4"
    ],
    [
      "2,312",
      "5"
    ],
    [
      "535",
      "4"
    ],
    [
      "401",
      "3"
    ],
    [
      "63",
      "2"
    ],
    [
      "104",
      "1"
    ]
  ],
  "required_android": "4.0.3",
  "size": "17",
  "url": "https://play.google.com/store/apps/details?id=com.mobileguru.fruitcandybomb.free",
  "version": "1.2.3151"
}