{
  "categories": [
    "Arcade"
  ],
  "description": "Stack up the blocks as high as you can!\u25c9 Simple & Beautiful graphics designed\u25c9 Compete for the best score in the world",
  "inc": "Ketchapp",
  "intalled_count": "10,000,000",
  "last_update": [
    "May",
    "14",
    " 2016"
  ],
  "name": "Stack",
  "offered_by": "Google Commerce Ltd",
  "permissions": {
    "Photos/Media/Files": [
      "read the contents of your USB storage",
      "modify or delete the contents of your USB storage"
    ],
    "Storage": [
      "read the contents of your USB storage",
      "modify or delete the contents of your USB storage"
    ],
    "Other": [
      "view network connections",
      "full network access"
    ]
  },
  "rate": [
    [
      "390,897",
      "4.4"
    ],
    [
      "265,425",
      "5"
    ],
    [
      "65,320",
      "4"
    ],
    [
      "26,989",
      "3"
    ],
    [
      "8,959",
      "2"
    ],
    [
      "24,204",
      "1"
    ]
  ],
  "required_android": "3.0",
  "size": "27",
  "url": "https://play.google.com/store/apps/details?id=com.ketchapp.stack",
  "version": "2.1"
}