{
  "categories": [
    "Board"
  ],
  "description": "\"Dominoes\" is a single- and multiplayer logic domino game. Your aim is to match the bones with the same number of dots and score the most points. Compete against up to 3 opponents in this classic puzzle game!# Domino game modes- Muggins, All fives: Score fives with spinner- Block: Play tiles and score having the fewest left- Draw: Just like blocking, but draw when blocked- Singleplayer vs. bot or local players- Multiplayer (online) with chat, highscore and profiles# To answer a few comments:Bone selection/drawing is absolutely random. If you write down drawn bones for a higher amount of games you'll be able to verify that there is no pattern or bias. Also the bot does not cheat, but it can easily calculate his chances to block and score and will act accordingly.",
  "inc": "Carl Hopf",
  "intalled_count": "10,000,000",
  "last_update": [
    "February",
    "24",
    " 2017"
  ],
  "name": "Dominoes",
  "offered_by": "Google Commerce Ltd",
  "permissions": {
    "Phone": [
      "read phone status and identity"
    ],
    "Device ID & call information": [
      "read phone status and identity"
    ],
    "Other": [
      "view network connections",
      "full network access",
      "control vibration",
      "prevent device from sleeping"
    ]
  },
  "rate": [
    [
      "70,459",
      "4.1"
    ],
    [
      "38,926",
      "5"
    ],
    [
      "14,027",
      "4"
    ],
    [
      "7,249",
      "3"
    ],
    [
      "3,514",
      "2"
    ],
    [
      "6,743",
      "1"
    ]
  ],
  "required_android": "2.3",
  "size": "2.7",
  "url": "https://play.google.com/store/apps/details?id=com.cdroid.dominoes",
  "version": "1.0.37"
}