{
  "categories": [
    "Card"
  ],
  "description": "Play Poker online now, in this great multiplayer online Texas Hold'em Poker game! Enjoy Texas Holdem in: Cash games, Spin & Play, Sit & Go poker tournaments, Royal Poker, Friends game, online Blackjack 21, Big Win and much more great poker in the different Wild West poker saloons. This variety of online poker formats is a real poker party and gives the best poker experience!Texas Holdem Poker is the best card game in the world and Governor of Poker lets you play it, on your Android device! Compete in poker with friends and challenge new poker players! The Governor of Poker series is known as the best free offline poker game, but now you can also play the live online Multiplayer Holdem app and prove you are the real poker pro in your poker league! This FREE #1 poker app is being used by millions, come and show you are the real poker king! Join the poker club now and play in Vegas western style!Start as a Poker Begnner and work all the way up to a high roller with the ultimate goal to be a VIP Poker star.Raise the stakes and try Governor of Poker 3 for free to win Texas, there is no limit in this fun poker app!This app is great to Learn poker as well, as you don't play with real money. You have time to learn the poker combinations, pokerhands, poker terms like all-in and showdown, when to fold,  and we explain why players win at poker. There is also a cheat sheet with all the hand rankings, it's easy to learn as it's similar to Yahtzee combinations. It's a great way to practice poker and improve your online strategy and skill.Absolute best Online Texas Holdem game features:\u25cf BIG FREE CHIP STACK: 30,000 free poker chips, free gold, jackpot spinning wheel and a hat for every new poker player.\u25cf 7 TEXAS HOLD\u2019EM POKER TYPES: Cash poker games, Sit N Go tournaments, Heads up Tournament with chests, Push or Fold, Big Win, Royal Poker and Spin & Play jackpot poker.\u25cf UNIQUE MULTI-TABLE MODE: Play poker on multiple tables, this is great for advanced poker players to play quick poker. Don\u2019t wait for other players!\u25cf ENJOY TEXAS CASINO GAMBLE: Travel through Texas by winning poker tournaments, beat friends at Texas Hold\u2019em cash games and Big Win Poker tournaments. The stakes, buy ins and chips prizes become higher the further the journey gets.\u25cf Play Texas Holdem against players from all over the WORLD! Compete against other world poker players and hit the number 1 spot in the leaderboards!\u25cf GUEST MODE \u2013 Win at the Poker tables and play Texas Hold\u2019em anonymously. Feel free to bluff! Easy to learn poker without an account!\u25cf BLACKJACK 21: Different betting amounts\u25cf POKER WITH FRIENDS: host your own poker room, put on a poker face and invite friends to the table.\u25cf WIN BADGES, TROPHIES & STATUS: Become VIP, High roller, Poker Shark, VIP+ or Elite status.\u25cf CONNECT DEVICES: Start playing on your Android device (mobile phone/tablet) and continue on Facebook, Steam or Web with the same chip bankroll.\u25cf CHAT with holdem players through free chat, quick chat and animating emoticons. Use them to bluff or taunt players.\u25cf  POKER IN VEGAS AT NIGHT: Play poker in casino style in the Vegas WIld West area.\u25cf FAIR POKER GAME - No cheating allowed! We value a fair game, so we shuffle the cards with the best proven methods. So no roulette or bingo poker.\u25cf Languages: English,Deutsch,Espa\u00f1ol,Fran\u00e7ais,\u0420\u0443\u0441\u0441\u043a\u0438\u0439,Portugu\u00eas,Italiano,Nederlands,T\u00fcrk\u00e7e,PolskiPlay the most exciting Texas Holdem poker game NOW. Download Governor of Poker 3.Tips:This pokee game is intended for an adult audience. (e.g for use by those 21 or older)The game does not offer \u201creal money gambling\u201d or an opportunity to win real money or prizes. (e.g the game is for amusement purposes only).Practice or success at social poker game does not imply future success at \u201creal money poker\u201dSuggestions or issues: support@governorofpoker.comFacebook: https://www.facebook.com/GOP3/Youtube: https://www.youtube.com/user/youdagames",
  "inc": "Youda Games Holding B.V.",
  "intalled_count": "1,000,000",
  "last_update": [
    "August",
    "1",
    " 2018"
  ],
  "name": "Governor of Poker 3 - Texas Holdem Poker Online",
  "offered_by": "Google Commerce Ltd",
  "permissions": {
    "Photos/Media/Files": [
      "read the contents of your USB storage",
      "modify or delete the contents of your USB storage"
    ],
    "Storage": [
      "read the contents of your USB storage",
      "modify or delete the contents of your USB storage"
    ],
    "Other": [
      "receive data from Internet",
      "view network connections",
      "full network access",
      "control vibration",
      "prevent device from sleeping"
    ]
  },
  "rate": [
    [
      "150,564",
      "4.6"
    ],
    [
      "117,310",
      "5"
    ],
    [
      "17,814",
      "4"
    ],
    [
      "5,517",
      "3"
    ],
    [
      "2,449",
      "2"
    ],
    [
      "7,474",
      "1"
    ]
  ],
  "required_android": "4.3",
  "size": "65",
  "url": "https://play.google.com/store/apps/details?id=com.youdagames.gop3multiplayer",
  "version": "4.2.1"
}