{
  "categories": [
    "Sports"
  ],
  "description": "PRO Soccer Manager 2018 Cup \u2013 Become a manager in this mobile soccer simulator! Get stars such as Cristiano Ronaldo, Diego Costa, Bacca, Higuain, Griezmann, Bale or the Spanish Silva from one of the best soccer clubs: Real Madrid CF, Paris Saint-Germain, Juventus, Chelsea FC... or just go for a sports goal legend! More than 1000 OFFICIAL PLAYERS to sign and more than 20 CLUBS to lead. You can create your squad to develop your career in a soccer club and beat opponents in this top manager game and sports simulator. Go beat all the rivals and conquer the tournaments of every live match! Train and equip your squad now! Beat opponents with your goal factory and reach the premier league. Go CRUSH the pitch and win the championship! ARE YOU TRAINING FOR THE PREMIER LEAGUE 2018? Create your soccer team now!- Try your best shooting the ball in every match to beat your opponents and climb up to the highest division. It depends on how well you know about soccer strategy to beat rivals, claim the winner in the premier league and beat the high-scores!- Live match: Choose where and how to defeat your opponents: Head to Head tournaments, defense or striker, exhibition or seasonal competition. Develop the perfect strategy to become a soccer champion for the ultimate league! Select the players to lead and defeat the opponents!- Play against your friends' roster and other users: Jump into the pitch and use your tactics to kick a penalty shot and score a goal to beat them and enjoy the moves of your opponents in each tournament! Compete against real users for great prizes and unlock high-ranked division. Coach the best roster and break the net of this sports simulator!- The core of this sports simulator is the value of players. Play to be a scout trade agent, check statistics, transfer market and some thrilling auction, sign new sponsor and star contracts and choose the best roster to coach and win each live match. The higher the value of your alignment, the more chances you have to beat your opponents. These scores vary regarding their actual performance and the competition in which your players perform. Official leagues are waiting ahead! PRO Soccer Manager 2018 Cup brings you the best experience of actual performance with best soccer player rosters by engaging a top manager and challenges coming from all soccer lovers worldwide. Include Cristiano Ronaldo, Diego Costa, Bacca, Higuain, Griezmann, Bale or Neymar from OFFICIAL CLUBS such as Juventus, Chelsea, Real Madrid, Barcelona, etc in your roster. Start developing your career of soccer manager and get to the top in this sports game by wining matches.Download PRO Soccer Manager 2018 Cup, coach in the real league for FREE and lead an official team in this top soccer game! Manage your favourite clubs using the best strategy and become the ultimate winner! Will you go to Russia to score a winning goal? OFFICIALLY LICENSED PRODUCT OF FROM THE BENCH - trademarks and copyrighted works, including the Clubs logo, and intellectual property rights are owned and/or held by From The Bench and may not be used without From The Bench's written consent.To play this strategy live sports game you must accept the \"Privacy Policy\" and the \"Legal Notice\" you'll find in a link after the description. This application offers in-app purchases which you can disable in your device settings.Support: https://fromthebench.zendesk.comTwitter: https://twitter.com/FTB_FMFootballFacebook: https://www.facebook.com/fantasymanagerthegame/",
  "inc": "FROM THE BENCH",
  "intalled_count": "5,000,000",
  "last_update": [
    "July",
    "10",
    " 2018"
  ],
  "name": "PRO Soccer Manager 2018 Cup",
  "offered_by": "Google Commerce Ltd",
  "permissions": {
    "Device & app history": [
      "retrieve running apps"
    ],
    "Identity": [
      "find accounts on the device"
    ],
    "Contacts": [
      "find accounts on the device"
    ],
    "Location": [
      "approximate location (network-based)"
    ],
    "Phone": [
      "read phone status and identity"
    ],
    "Photos/Media/Files": [
      "read the contents of your USB storage",
      "modify or delete the contents of your USB storage"
    ],
    "Storage": [
      "read the contents of your USB storage",
      "modify or delete the contents of your USB storage"
    ],
    "Wi-Fi connection information": [
      "view Wi-Fi connections"
    ],
    "Device ID & call information": [
      "read phone status and identity"
    ],
    "Other": [
      "receive data from Internet",
      "view network connections",
      "full network access",
      "control vibration",
      "prevent device from sleeping"
    ]
  },
  "price": "",
  "rate": [
    [
      "82,580",
      "3.9"
    ],
    [
      "44,582",
      "5"
    ],
    [
      "12,698",
      "4"
    ],
    [
      "9,002",
      "3"
    ],
    [
      "4,503",
      "2"
    ],
    [
      "11,795",
      "1"
    ]
  ],
  "required_android": "4.1",
  "reviews": [
    {
      "REQ_subtype": "",
      "REQ_type": "",
      "_id": 0,
      "author_id": "not defined",
      "author_name": "L.B. GAMING",
      "helpful": "0",
      "polarity": "",
      "rate": 2,
      "response": "Dear L.B. GAMING,\n\nThanks for writing and apologies for the inconvenience. Can you please give us more information about the issue you're experiencing so we can better understand how to assist?\n\nThe FTB Team",
      "response_date": [
        "July",
        "5",
        " 2018"
      ],
      "review": "For some reason. I am unable to improve a player",
      "review_date": [
        "July",
        "5",
        " 2018"
      ]
    },
    {
      "REQ_subtype": "",
      "REQ_type": "",
      "_id": 1,
      "author_id": "not defined",
      "author_name": "Francis Geovanni",
      "helpful": "0",
      "polarity": "",
      "rate": 5,
      "response": "Hey, Francis Geovan, Apologies for the inconvenience. Please contact our support team at https://goo.gl/bGWNYJ so that we can look further into this for you as soon as possible.\nThe FTB team\n - Live Sports in First Person -",
      "response_date": [
        "May",
        "9",
        " 2018"
      ],
      "review": "These planets introduction in the game were first terrible but now am \nenjoying it....The thrill of making your players evolve when u move up the \nplanet is cool... they even reduced platinum and diamond planets...so its \neven more fantastic...",
      "review_date": [
        "June",
        "24",
        " 2018"
      ]
    },
    {
      "REQ_subtype": "",
      "REQ_type": "",
      "_id": 2,
      "author_id": "not defined",
      "author_name": "Coolzn Now",
      "helpful": "12",
      "polarity": "",
      "rate": 3,
      "response": "Hey, Coolzn Now! Thanks a lot for your suggestions! We'll definitely keep them in mind for our next versions.\nThe FTB team\n - Live Sports in First Person -",
      "response_date": [
        "June",
        "12",
        " 2018"
      ],
      "review": "This is a re-review, i didn't like this game at first, but I gave it \nanother go and i must say not bad, but the game needs sound effects and \nmusic then it'll feel a bit more fun.",
      "review_date": [
        "June",
        "9",
        " 2018"
      ]
    },
    {
      "REQ_subtype": "",
      "REQ_type": "",
      "_id": 3,
      "author_id": "not defined",
      "author_name": "Jason Leung",
      "helpful": "3",
      "polarity": "",
      "rate": 1,
      "response": "Hey Jason Leung,\nOur support team is currently assisting you with this issue. We'll continue to be in touch via email.\nThe FTB Team\n - Live Sports in First Person -",
      "response_date": [
        "June",
        "14",
        " 2018"
      ],
      "review": "Can not bid certain players in the game..... keep saying the price has \nchange due to another bid yet there is no price change with the player... \nvery frustrating......",
      "review_date": [
        "June",
        "13",
        " 2018"
      ]
    },
    {
      "REQ_subtype": "",
      "REQ_type": "",
      "_id": 4,
      "author_id": "not defined",
      "author_name": "Saleem Kasper",
      "helpful": "6",
      "polarity": "",
      "rate": 5,
      "response": "",
      "response_date": "",
      "review": "better than before but more ads please remove",
      "review_date": [
        "June",
        "14",
        " 2018"
      ]
    },
    {
      "REQ_subtype": "",
      "REQ_type": "",
      "_id": 5,
      "author_id": "not defined",
      "author_name": "A Google user",
      "helpful": "6",
      "polarity": "",
      "rate": 5,
      "response": "",
      "response_date": "",
      "review": "Superb ! \ud83d\udc2f",
      "review_date": [
        "June",
        "9",
        " 2018"
      ]
    },
    {
      "REQ_subtype": "",
      "REQ_type": "",
      "_id": 6,
      "author_id": "not defined",
      "author_name": "Sinan Chinnu",
      "helpful": "11",
      "polarity": "",
      "rate": 5,
      "response": "",
      "response_date": "",
      "review": "Not goot it is famtastic",
      "review_date": [
        "June",
        "2",
        " 2018"
      ]
    },
    {
      "REQ_subtype": "",
      "REQ_type": "",
      "_id": 7,
      "author_id": "not defined",
      "author_name": "Ac LW",
      "helpful": "9",
      "polarity": "",
      "rate": 5,
      "response": "",
      "response_date": "",
      "review": "Great \ud83d\ude0d\ud83d\udc4f\ud83d\udc4f\ud83d\udc4f",
      "review_date": [
        "June",
        "4",
        " 2018"
      ]
    },
    {
      "REQ_subtype": "",
      "REQ_type": "",
      "_id": 8,
      "author_id": "not defined",
      "author_name": "luis gonzalez garcia",
      "helpful": "5",
      "polarity": "",
      "rate": 4,
      "response": "",
      "response_date": "",
      "review": "Buen juego muy adictivo,pero a la hora de darte los coins de tapjoy gratis \naveces tienes que reclamarlos por que se olvidan de dartelos.",
      "review_date": [
        "May",
        "31",
        " 2018"
      ]
    },
    {
      "REQ_subtype": "",
      "REQ_type": "",
      "_id": 9,
      "author_id": "not defined",
      "author_name": "A Google user",
      "helpful": "6",
      "polarity": "",
      "rate": 5,
      "response": "",
      "response_date": "",
      "review": "This is a good game and I love it",
      "review_date": [
        "May",
        "31",
        " 2018"
      ]
    },
    {
      "REQ_subtype": "",
      "REQ_type": "",
      "_id": 10,
      "author_id": "not defined",
      "author_name": "Wayne Rogers",
      "helpful": "2",
      "polarity": "",
      "rate": 5,
      "response": "",
      "response_date": "",
      "review": "it's great",
      "review_date": [
        "June",
        "10",
        " 2018"
      ]
    },
    {
      "REQ_subtype": "",
      "REQ_type": "",
      "_id": 11,
      "author_id": "not defined",
      "author_name": "Thomas Edison",
      "helpful": "0",
      "polarity": "",
      "rate": 1,
      "response": "Hey Thomas Edison,\nCan you please let us know what about the game isn't related to soccer? We'd love to hear your feedback. Please let us know when you can. Thanks!\nThe FTB Team\n - Live Sports in First Person -",
      "response_date": [
        "May",
        "22",
        " 2018"
      ],
      "review": "Terribly not related to soccer.. I don't even need to do anything. Is \nsimply pay to win brainless games!!! ..",
      "review_date": [
        "May",
        "21",
        " 2018"
      ]
    },
    {
      "REQ_subtype": "",
      "REQ_type": "",
      "_id": 12,
      "author_id": "not defined",
      "author_name": "rini Merliani",
      "helpful": "0",
      "polarity": "",
      "rate": 5,
      "response": "",
      "response_date": "",
      "review": "I loved it",
      "review_date": [
        "May",
        "19",
        " 2018"
      ]
    },
    {
      "REQ_subtype": "",
      "REQ_type": "",
      "_id": 13,
      "author_id": "not defined",
      "author_name": "christabel alenkhe",
      "helpful": "0",
      "polarity": "",
      "rate": 5,
      "response": "",
      "response_date": "",
      "review": "Good",
      "review_date": [
        "May",
        "19",
        " 2018"
      ]
    },
    {
      "REQ_subtype": "",
      "REQ_type": "",
      "_id": 14,
      "author_id": "not defined",
      "author_name": "Akshay Ajith",
      "helpful": "0",
      "polarity": "",
      "rate": 1,
      "response": "Hey, Akshay Ajith, Apologies for the inconvenience. Please contact our support team at https://goo.gl/bGWNYJ so they can resolve this for you as soon as possible.\nThe FTB team\n - Live Sports in First Person -",
      "response_date": [
        "May",
        "11",
        " 2018"
      ],
      "review": "This game won't open saying that workers are improving the game and says we \nwill online back soon",
      "review_date": [
        "May",
        "11",
        " 2018"
      ]
    },
    {
      "REQ_subtype": "",
      "REQ_type": "",
      "_id": 15,
      "author_id": "not defined",
      "author_name": "Marin Malatestini\u0107",
      "helpful": "0",
      "polarity": "",
      "rate": 5,
      "response": "",
      "response_date": "",
      "review": "The game is difficult and need patience to be the manager, i don't know how \nlong do I play it, but is year's now... so , keep going! There r thousand \nof players playing for yrs too,and those who pay it for, so they r the \nbest, but if u know anything about football, you'll find it competitive! \nBut only thing that they can change that would be fantastic is that u can \nsell players, not give it for nothing! Even if it is a fee that u can't \nchange!!!",
      "review_date": [
        "April",
        "28",
        " 2018"
      ]
    },
    {
      "REQ_subtype": "",
      "REQ_type": "",
      "_id": 16,
      "author_id": "not defined",
      "author_name": "Nathaniel Godspower",
      "helpful": "0",
      "polarity": "",
      "rate": 1,
      "response": "Hey! Apologies for the inconvenience. Please contact our support team at https://goo.gl/bGWNYJ so they can resolve this for you as soon as possible.\nThe FTB team\n  - Live Sports in First Person -",
      "response_date": [
        "March",
        "1",
        " 2018"
      ],
      "review": "Won't open at all. Keeps saying unfortunately... Downloaded it like 2 times now",
      "review_date": [
        "March",
        "1",
        " 2018"
      ]
    },
    {
      "REQ_subtype": "",
      "REQ_type": "",
      "_id": 17,
      "author_id": "not defined",
      "author_name": "Hadriel Okonna",
      "helpful": "0",
      "polarity": "",
      "rate": 5,
      "response": "",
      "response_date": "",
      "review": "I think this game is sick but why do I have to login into Facebook",
      "review_date": [
        "March",
        "4",
        " 2018"
      ]
    },
    {
      "REQ_subtype": "",
      "REQ_type": "",
      "_id": 18,
      "author_id": "not defined",
      "author_name": "Kevin Crook",
      "helpful": "0",
      "polarity": "",
      "rate": 1,
      "response": "Hey, Kevin Crook, Apologies for the inconvenience. Please contact our support team at https://goo.gl/bGWNYJ so they can resolve this for you as soon as possible.\nThe FTB team\n - Live Sports in First Person -",
      "response_date": [
        "April",
        "9",
        " 2018"
      ],
      "review": "Download the game and it keeps crashing before I can do anything",
      "review_date": [
        "April",
        "7",
        " 2018"
      ]
    },
    {
      "REQ_subtype": "",
      "REQ_type": "",
      "_id": 19,
      "author_id": "not defined",
      "author_name": "Les Royal",
      "helpful": "0",
      "polarity": "",
      "rate": 1,
      "response": "Hey Les Royal,\nCan you please contact us from within the game in the section \"More - Support\" so we can check further into this for you? Messi's value should have increased after his last performance. Are you referring to matches within the game or in real life?\nThe FTB Team",
      "response_date": [
        "March",
        "16",
        " 2018"
      ],
      "review": "I have Christiano Ronaldo as one of my strikers. The team win a match Christiano scores both winning goals and loses 300 points off his rating????? My other striker is L Messi, they win a match Messi scores twice and he also drops over 300! Why oh why oh why????",
      "review_date": [
        "March",
        "15",
        " 2018"
      ]
    },
    {
      "REQ_subtype": "",
      "REQ_type": "",
      "_id": 20,
      "author_id": "not defined",
      "author_name": "Peter Hayes",
      "helpful": "1",
      "polarity": "",
      "rate": 3,
      "response": "Hey, Peter Hayes, Apologies for the inconvenience. Please contact our support team at https://goo.gl/bGWNYJ so they can resolve this for you as soon as possible.\nThe FTB team\n - Live Sports in First Person -",
      "response_date": [
        "March",
        "26",
        " 2018"
      ],
      "review": "Not too sure  1st in div1 in the silver planet  expecting to go gold has not switch still in silver planet",
      "review_date": [
        "March",
        "26",
        " 2018"
      ]
    },
    {
      "REQ_subtype": "",
      "REQ_type": "",
      "_id": 21,
      "author_id": "not defined",
      "author_name": "Cristi Vicky",
      "helpful": "0",
      "polarity": "",
      "rate": 3,
      "response": "Hey, Cristi Vicky! Thanks a lot for your suggestions! We'll definitely keep them in mind for our next versions.\nThe FTB team\n - Live Sports in First Person -",
      "response_date": [
        "February",
        "23",
        " 2018"
      ],
      "review": "it would be good if we could search for players with their last name in the auction window.... anyhow the game rocks...",
      "review_date": [
        "February",
        "23",
        " 2018"
      ]
    },
    {
      "REQ_subtype": "",
      "REQ_type": "",
      "_id": 22,
      "author_id": "not defined",
      "author_name": "rishi kumar",
      "helpful": "0",
      "polarity": "",
      "rate": 3,
      "response": "Hey, rishi kumar! It's nice to hear from you! Would you mind sending us some of your thoughts on how we could make the game more enjoyable for you through this link: https://goo.gl/wxzMeA? Thanks a lot!\nThe FTB team\n - Live Sports in First Person -",
      "response_date": [
        "March",
        "8",
        " 2018"
      ],
      "review": "I love this game, but i need to search players so that ill be ready with my money in the future to buy some of my favourite players!!!!",
      "review_date": [
        "March",
        "7",
        " 2018"
      ]
    },
    {
      "REQ_subtype": "",
      "REQ_type": "",
      "_id": 23,
      "author_id": "not defined",
      "author_name": "Oliver Guinn",
      "helpful": "1",
      "polarity": "",
      "rate": 1,
      "response": "Hey! It's nice to hear from you! Would you mind sending us some of your thoughts on how we could make the game more enjoyable for you through this link: https://goo.gl/wxzMeA? Thanks a lot!\nThe FTB team\n - Live Sports in First Person -",
      "response_date": [
        "March",
        "26",
        " 2018"
      ],
      "review": "This is the worst game ever",
      "review_date": [
        "March",
        "26",
        " 2018"
      ]
    },
    {
      "REQ_subtype": "",
      "REQ_type": "",
      "_id": 24,
      "author_id": "not defined",
      "author_name": "Mfundo Mayaya",
      "helpful": "0",
      "polarity": "",
      "rate": 3,
      "response": "Hey! We're working on adding the Loan feature into the Android version as soon as we can, however, we cannot confirm exact details at this time. You should be able to request help from your friends though, like in the Tournaments, for example. If it's not allowing you to do that, please contact us from the game in \"More - Support\".\nThe FTB Team",
      "response_date": [
        "May",
        "10",
        " 2018"
      ],
      "review": "Why android users still can't loan players and request help from friends?",
      "review_date": [
        "May",
        "10",
        " 2018"
      ]
    },
    {
      "REQ_subtype": "",
      "REQ_type": "",
      "_id": 25,
      "author_id": "not defined",
      "author_name": "Sean Richardson",
      "helpful": "3",
      "polarity": "",
      "rate": 5,
      "response": "",
      "response_date": "",
      "review": "No credits for watching videos??? Please reply developer",
      "review_date": [
        "March",
        "11",
        " 2018"
      ]
    },
    {
      "REQ_subtype": "",
      "REQ_type": "",
      "_id": 26,
      "author_id": "not defined",
      "author_name": "Paul Davison",
      "helpful": "0",
      "polarity": "",
      "rate": 3,
      "response": "Hey, Paul Davison, Apologies for the inconvenience. Please contact our support team at https://goo.gl/bGWNYJ so they can resolve this for you as soon as possible.\nThe FTB team\n - Live Sports in First Person -",
      "response_date": [
        "May",
        "7",
        " 2018"
      ],
      "review": "Every time I seem to log you are doing work to the game apart from thts its \nfine",
      "review_date": [
        "May",
        "5",
        " 2018"
      ]
    },
    {
      "REQ_subtype": "",
      "REQ_type": "",
      "_id": 27,
      "author_id": "not defined",
      "author_name": "Chisom Okenwa",
      "helpful": "1",
      "polarity": "",
      "rate": 1,
      "response": "Hey, Chisom Okenwa! It's nice to hear from you! Would you mind sending us some of your thoughts on how we could make the game more enjoyable for you through this link: https://goo.gl/wxzMeA? Thanks a lot!\nThe FTB team\n - Live Sports in First Person -",
      "response_date": [
        "March",
        "5",
        " 2018"
      ],
      "review": "Worst game ever",
      "review_date": [
        "March",
        "4",
        " 2018"
      ]
    },
    {
      "REQ_subtype": "",
      "REQ_type": "",
      "_id": 28,
      "author_id": "not defined",
      "author_name": "A Google user",
      "helpful": "0",
      "polarity": "",
      "rate": 3,
      "response": "Good morning! You can change your team formation by tapping and dragging a player from one position and changing him for a player from another position.\nIf you have any further questions, please contact us from within the game in \"More - Support\".\nThe FTB Team\n - Live Sports in First Person -",
      "response_date": [
        "March",
        "5",
        " 2018"
      ],
      "review": "It's a good game but why can't we change formations?",
      "review_date": [
        "March",
        "3",
        " 2018"
      ]
    },
    {
      "REQ_subtype": "",
      "REQ_type": "",
      "_id": 29,
      "author_id": "not defined",
      "author_name": "A Google user",
      "helpful": "0",
      "polarity": "",
      "rate": 3,
      "response": "Hey there! We're sorry to hear you don't like the game! Would you mind sending us some of your thoughts on how we could make the game more enjoyable for you through this link: https://goo.gl/wxzMeA? Thanks a lot!\nThe FTB team\n - Live Sports in First Person -",
      "response_date": [
        "April",
        "10",
        " 2018"
      ],
      "review": "The game sucks",
      "review_date": [
        "April",
        "10",
        " 2018"
      ]
    },
    {
      "REQ_subtype": "",
      "REQ_type": "",
      "_id": 30,
      "author_id": "not defined",
      "author_name": "Ziad Sameh",
      "helpful": "4",
      "polarity": "",
      "rate": 5,
      "response": "",
      "response_date": "",
      "review": "Zimmerman Zimmerman d  Zimmerman",
      "review_date": [
        "February",
        "27",
        " 2018"
      ]
    },
    {
      "REQ_subtype": "",
      "REQ_type": "",
      "_id": 31,
      "author_id": "not defined",
      "author_name": "Champa Baishya",
      "helpful": "0",
      "polarity": "",
      "rate": 1,
      "response": "Dear Champa Baishya,\n\nThanks for writing and apologies for the inconvenience. Can you please give us more information about the issue you're experiencing so we can better understand how to assist?\n\nRegards,",
      "response_date": [
        "July",
        "5",
        " 2018"
      ],
      "review": "You must give us the chance to play",
      "review_date": [
        "July",
        "4",
        " 2018"
      ]
    },
    {
      "REQ_subtype": "",
      "REQ_type": "",
      "_id": 32,
      "author_id": "not defined",
      "author_name": "Arcitic Squad",
      "helpful": "0",
      "polarity": "",
      "rate": 5,
      "response": "",
      "response_date": "",
      "review": "This game is amazing",
      "review_date": [
        "April",
        "1",
        " 2018"
      ]
    },
    {
      "REQ_subtype": "",
      "REQ_type": "",
      "_id": 33,
      "author_id": "not defined",
      "author_name": "Fahim Nakib",
      "helpful": "3",
      "polarity": "",
      "rate": 1,
      "response": "Hey, Fahim Nakib! It's nice to hear from you! Would you mind sending us some of your thoughts on how we could make the game more enjoyable for you through this link: https://goo.gl/wxzMeA? Thanks a lot!\nThe FTB team\n - Live Sports in First Person -",
      "response_date": [
        "March",
        "5",
        " 2018"
      ],
      "review": "disgusting",
      "review_date": [
        "March",
        "5",
        " 2018"
      ]
    },
    {
      "REQ_subtype": "",
      "REQ_type": "",
      "_id": 34,
      "author_id": "not defined",
      "author_name": "Izzaire Hassan",
      "helpful": "11",
      "polarity": "",
      "rate": 2,
      "response": "Hey! Thanks so much for getting in touch with us! We want to help you out with this issue, so can you please contact us through this link https://goo.gl/WBGqO9 so we can help resolve this for you as soon as possible? Thanks!\nThe FTB team\n - Live Sports in First Person -",
      "response_date": [
        "February",
        "5",
        " 2018"
      ],
      "review": "I played it on my another sim card. Then when I am using new sim card. I have to restart over again even though I connect with my facebook. How to solve this?",
      "review_date": [
        "February",
        "4",
        " 2018"
      ]
    },
    {
      "REQ_subtype": "",
      "REQ_type": "",
      "_id": 35,
      "author_id": "not defined",
      "author_name": "Joseph Demilade",
      "helpful": "0",
      "polarity": "",
      "rate": 1,
      "response": "Hey Joseph Demilade,\nThis is a Fantasy Manager game, so you play the role of the head coach, you sign the players, you can train them and get them ready for league matches, but you can't control the player in each match. If you have further questions, please contact us from within the game in \"More - Support\". Thanks!\nThe FTB Team",
      "response_date": [
        "February",
        "5",
        " 2018"
      ],
      "review": "Rubbish. It does everything by itself. Don't download it",
      "review_date": [
        "February",
        "4",
        " 2018"
      ]
    },
    {
      "REQ_subtype": "",
      "REQ_type": "",
      "_id": 36,
      "author_id": "not defined",
      "author_name": "Saumya Jana",
      "helpful": "20",
      "polarity": "",
      "rate": 5,
      "response": "",
      "response_date": "",
      "review": "2x3jpqvwzA my fan code. Please do mine.",
      "review_date": [
        "January",
        "24",
        " 2018"
      ]
    },
    {
      "REQ_subtype": "",
      "REQ_type": "",
      "_id": 37,
      "author_id": "not defined",
      "author_name": "muzammil salam",
      "helpful": "40",
      "polarity": "",
      "rate": 1,
      "response": "Hey muzammil salam,\nWe're sorry you feel this way. Would you mind sending us some of your thoughts on how we could make the game more enjoyable for you through this link: https://goo.gl/wxzMeA? Thanks a lot!\nThe FTB team\n - Live Sports in First Person -",
      "response_date": [
        "January",
        "9",
        " 2018"
      ],
      "review": "Its a joke!",
      "review_date": [
        "January",
        "9",
        " 2018"
      ]
    },
    {
      "REQ_subtype": "",
      "REQ_type": "",
      "_id": 38,
      "author_id": "not defined",
      "author_name": "Ahmed Mohamed",
      "helpful": "1",
      "polarity": "",
      "rate": 5,
      "response": "",
      "response_date": "",
      "review": "\u0646\u0631\u062c\u0648 \u062a\u062d\u062f\u064a\u062b\u0627\u062a \u0627\u0643\u062b\u0631 \u0648\u0628\u0637\u0648\u0644\u0627\u062a \u0627\u0643\u062b\u0631 \u0644\u0627\u0646\u0647\u0627 \u0644\u0644\u0639\u0628\u0647 \u0631\u0627\u0621\u0639\u0647",
      "review_date": [
        "February",
        "8",
        " 2018"
      ]
    },
    {
      "REQ_subtype": "",
      "REQ_type": "",
      "_id": 39,
      "author_id": "not defined",
      "author_name": "Rachel Moocarme",
      "helpful": "6",
      "polarity": "",
      "rate": 1,
      "response": "Hi Rachel,\nPer the club's request, we don't have the club Liverpool available in the Club shop, but you should be able to choose their unofficial kit when creating an account.\nWe do, however, have a game specifically for Liverpool (Liverpool FC Fantasy Manager) and you can download it for free in the Google App Store.\nThe FTB Team",
      "response_date": [
        "January",
        "18",
        " 2018"
      ],
      "review": "It doesnt have liverpool\ud83d\ude31",
      "review_date": [
        "January",
        "17",
        " 2018"
      ]
    },
    {
      "REQ_subtype": "",
      "REQ_type": "",
      "_id": 40,
      "author_id": "not defined",
      "author_name": "Rasidin Saini",
      "helpful": "1",
      "polarity": "",
      "rate": 4,
      "response": "",
      "response_date": "",
      "review": "Why my league not start",
      "review_date": [
        "February",
        "11",
        " 2018"
      ]
    },
    {
      "REQ_subtype": "",
      "REQ_type": "",
      "_id": 41,
      "author_id": "not defined",
      "author_name": "Karim Abdelnaser",
      "helpful": "2",
      "polarity": "",
      "rate": 4,
      "response": "",
      "response_date": "",
      "review": "2xghswzABF this is my code fan",
      "review_date": [
        "January",
        "24",
        " 2018"
      ]
    },
    {
      "REQ_subtype": "",
      "REQ_type": "",
      "_id": 42,
      "author_id": "not defined",
      "author_name": "QIMAT 27",
      "helpful": "24",
      "polarity": "",
      "rate": 3,
      "response": "Hey! Thanks for taking the time to rate the game and leave us a comment. Would you mind sending us some of your thoughts on how we could make the game more enjoyable for you through this link: https://goo.gl/wxzMeA? Thanks a lot!\nThe FTB team\n - Live Sports in First Person -",
      "response_date": [
        "January",
        "8",
        " 2018"
      ],
      "review": "Hummm",
      "review_date": [
        "December",
        "31",
        " 2017"
      ]
    },
    {
      "REQ_subtype": "",
      "REQ_type": "",
      "_id": 43,
      "author_id": "not defined",
      "author_name": "GAMING LEGEND",
      "helpful": "0",
      "polarity": "",
      "rate": 5,
      "response": "",
      "response_date": "",
      "review": "Best game ever!!!",
      "review_date": [
        "January",
        "2",
        " 2018"
      ]
    },
    {
      "REQ_subtype": "",
      "REQ_type": "",
      "_id": 44,
      "author_id": "not defined",
      "author_name": "Muamuan Guite",
      "helpful": "0",
      "polarity": "",
      "rate": 5,
      "response": "",
      "response_date": "",
      "review": "Great games",
      "review_date": [
        "December",
        "25",
        " 2017"
      ]
    },
    {
      "REQ_subtype": "",
      "REQ_type": "",
      "_id": 45,
      "author_id": "not defined",
      "author_name": "A Google user",
      "helpful": "0",
      "polarity": "",
      "rate": 4,
      "response": "",
      "response_date": "",
      "review": "Its a great game, i love the graphics.and everything. But there is one error in the game that i hate, every time i trie to touch the league button to check in what place iam in the league it says \"error 404\" it is so annoying, could you please fix it?",
      "review_date": [
        "July",
        "28",
        " 2017"
      ]
    },
    {
      "REQ_subtype": "",
      "REQ_type": "",
      "_id": 46,
      "author_id": "not defined",
      "author_name": "am nuc",
      "helpful": "0",
      "polarity": "",
      "rate": 5,
      "response": "Hey am nuc,\n We're very sorry for the inconvenience. We've made some adjustments in the infrastructure of the game which created some unexpected issues. Our team is working to resolve the issue as soon as possible.\nThe FTB team\n - Live Sports in First Person -",
      "response_date": [
        "August",
        "19",
        " 2016"
      ],
      "review": "Have been playing since 2013 and still don't want to stop. It's just a bit more difficult now and disappointed about why the market has been removed. Finished in first place in 2nd division but the pop-up box said i've finished 6th. What am I supposed to consider???",
      "review_date": [
        "April",
        "9",
        " 2017"
      ]
    },
    {
      "REQ_subtype": "",
      "REQ_type": "",
      "_id": 47,
      "author_id": "not defined",
      "author_name": "John Cool",
      "helpful": "0",
      "polarity": "",
      "rate": 4,
      "response": "Hi John,\nThanks for taking the time to rate the game. For technical issues, please contact our in-game support team via \"MORE -- SUPPORT\" and they'll be able to assist you as soon as possible.\nRegards",
      "response_date": [
        "August",
        "14",
        " 2015"
      ],
      "review": "Suggestion: Please add \"Refresh\" Button to randomly generate opponent list during event for the cost of 5 gold coin. I think this will make event more competitive.  . Very glad you update the level up system. no need money to level up. thanks yo.. ----- previous review -&gt; very poor update...why need money to level up players??!?!? very not helpful... just tooo expensive to level up players...",
      "review_date": [
        "June",
        "4",
        " 2017"
      ]
    },
    {
      "REQ_subtype": "",
      "REQ_type": "",
      "_id": 48,
      "author_id": "not defined",
      "author_name": "Richu Raj",
      "helpful": "5",
      "polarity": "",
      "rate": 1,
      "response": "Hey, Richu Raj,\nApologies for the inconvenience. Please contact our support team at https://goo.gl/WBGqO9 so they can resolve this for you as soon as possible.\nThe FTB team\n                     - Live Sports in First Person -",
      "response_date": [
        "August",
        "18",
        " 2017"
      ],
      "review": "I played this game as a guest and made an in app purchase and the next day I lost my team and money I need you to refund it ..   It feels really bad.  Take this seriously..  I've unistalled this game and will ask the people who plays this game..  Such a waste of time and money.",
      "review_date": [
        "August",
        "16",
        " 2017"
      ]
    },
    {
      "REQ_subtype": "",
      "REQ_type": "",
      "_id": 49,
      "author_id": "not defined",
      "author_name": "Rolnic Goh",
      "helpful": "8",
      "polarity": "",
      "rate": 4,
      "response": "",
      "response_date": "",
      "review": "Pls keep update the players latest face n their current position... Or else allow us to add the player in the position we wanted to create our formation.",
      "review_date": [
        "July",
        "4",
        " 2017"
      ]
    },
    {
      "REQ_subtype": "",
      "REQ_type": "",
      "_id": 50,
      "author_id": "not defined",
      "author_name": "Adam Daniel",
      "helpful": "8",
      "polarity": "",
      "rate": 5,
      "response": "",
      "response_date": "",
      "review": "Kenapa melayu kt sini jgn berputus asa sbb game ni mmg best cuma tulah, korang kena rajin main. Selamat Hari Raya!",
      "review_date": [
        "June",
        "23",
        " 2017"
      ]
    },
    {
      "REQ_subtype": "",
      "REQ_type": "",
      "_id": 51,
      "author_id": "not defined",
      "author_name": "Sang lian",
      "helpful": "5",
      "polarity": "",
      "rate": 1,
      "response": "Hey, Sang lian,\nApologies for the inconvenience. Please contact our support team at https://goo.gl/WBGqO9 so they can resolve this for you as soon as possible.\nThe FTB team\n                     - Live Sports in First Person -",
      "response_date": [
        "June",
        "29",
        " 2017"
      ],
      "review": "What happened to my account.. i have reached level 27 but after i update i can't log on to my account.. it just start from level 1.. help.",
      "review_date": [
        "June",
        "29",
        " 2017"
      ]
    },
    {
      "REQ_subtype": "",
      "REQ_type": "",
      "_id": 52,
      "author_id": "not defined",
      "author_name": "jackchew0511",
      "helpful": "0",
      "polarity": "",
      "rate": 2,
      "response": "Hey, jackchew0511,\nApologies for the inconvenience. Please contact our support team at https://goo.gl/WBGqO9 so they can resolve this for you as soon as possible.\nThe FTB team\n - Live Sports in First Person -",
      "response_date": [
        "June",
        "19",
        " 2017"
      ],
      "review": "Worst and most lousy football manager game i ever played Error keep on occur Profile show i have 5 midfielder but only 4 shown in the line up No other line up formation to choose No strategy setting Transfer market player are limited Need tons of improvement",
      "review_date": [
        "June",
        "16",
        " 2017"
      ]
    },
    {
      "REQ_subtype": "",
      "REQ_type": "",
      "_id": 53,
      "author_id": "not defined",
      "author_name": "Snake CK",
      "helpful": "4",
      "polarity": "",
      "rate": 5,
      "response": "",
      "response_date": "",
      "review": "Love it  But please update avatar player no face. And as well add music on the background please. Thanks",
      "review_date": [
        "July",
        "8",
        " 2017"
      ]
    },
    {
      "REQ_subtype": "",
      "REQ_type": "",
      "_id": 54,
      "author_id": "not defined",
      "author_name": "Mohammed elamier",
      "helpful": "0",
      "polarity": "",
      "rate": 3,
      "response": "Apologies for the inconvenience. Please contact our support team at https://goo.gl/WBGqO9 so they can resolve this for you as soon as possible.\nThe FTB team\n - Live Sports in First Person -",
      "response_date": [
        "April",
        "7",
        " 2017"
      ],
      "review": "Many times it's not working , and it is  late to update players points after end of matches , without notification of changes",
      "review_date": [
        "April",
        "6",
        " 2017"
      ]
    },
    {
      "REQ_subtype": "",
      "REQ_type": "",
      "_id": 55,
      "author_id": "not defined",
      "author_name": "Clinton Reddy",
      "helpful": "0",
      "polarity": "",
      "rate": 4,
      "response": "",
      "response_date": "",
      "review": "Hi excellent game, but it would be  nice if we can sell our players in order to buy new players when we get to a higher league/ level. Kind Regards Clinton",
      "review_date": [
        "June",
        "7",
        " 2017"
      ]
    },
    {
      "REQ_subtype": "",
      "REQ_type": "",
      "_id": 56,
      "author_id": "not defined",
      "author_name": "MI Hashimi",
      "helpful": "4",
      "polarity": "",
      "rate": 4,
      "response": "Hi Mohammad,\nIn the new version it's no longer necessary to train your players. They'll always be at 100% now.\nThe FTB team\n                       -Live Sports in First Person-",
      "response_date": [
        "March",
        "18",
        " 2016"
      ],
      "review": "It is heavy game you must have high speed internet connection.",
      "review_date": [
        "July",
        "10",
        " 2017"
      ]
    },
    {
      "REQ_subtype": "",
      "REQ_type": "",
      "_id": 57,
      "author_id": "not defined",
      "author_name": "Shefi Ali",
      "helpful": "3",
      "polarity": "",
      "rate": 5,
      "response": "",
      "response_date": "",
      "review": "Its best manager game i ever see in my life , but i to get cash and coins",
      "review_date": [
        "July",
        "23",
        " 2017"
      ]
    },
    {
      "REQ_subtype": "",
      "REQ_type": "",
      "_id": 58,
      "author_id": "not defined",
      "author_name": "Yusuf Munir",
      "helpful": "0",
      "polarity": "",
      "rate": 1,
      "response": "Hey, Yusuf Munir,\nApologies for the inconvenience. Please contact our support team at https://goo.gl/WBGqO9 so they can resolve this for you as soon as possible.\nThe FTB team\n - Live Sports in First Person -",
      "response_date": [
        "May",
        "24",
        " 2017"
      ],
      "review": "I was playing Liverpool fantasy manager 16 before and it was working fine , but when I updated it it stopped working telling me an unexpected error occurred, so I uninstalled it and downloaded this game but it keeps telling me the same thing",
      "review_date": [
        "May",
        "24",
        " 2017"
      ]
    },
    {
      "REQ_subtype": "",
      "REQ_type": "",
      "_id": 59,
      "author_id": "not defined",
      "author_name": "Mohamed Taufiq Bin Mohamed Noh",
      "helpful": "1",
      "polarity": "",
      "rate": 1,
      "response": "Dear Mohamed Taufiq Bin Mohamed Noh,\n\nThanks for writing and . Can you please give us more information about the issue you're experiencing so we can better understand how to assist?\n\nRegards,",
      "response_date": [
        "August",
        "18",
        " 2017"
      ],
      "review": "How the hell can you leave out LIVERPOOL FC from your app!!!!",
      "review_date": [
        "August",
        "15",
        " 2017"
      ]
    },
    {
      "REQ_subtype": "",
      "REQ_type": "",
      "_id": 60,
      "author_id": "not defined",
      "author_name": "Sandeep Jain",
      "helpful": "0",
      "polarity": "",
      "rate": 3,
      "response": "Hey Sandeep Jain,\nWe can't solve your issue through Google reviews. Please contact our support team at https://goo.gl/WBGqO9 so they can resolve this for you as soon as possible.\nThe FTB team\n- Live Sports in First Person -",
      "response_date": [
        "August",
        "22",
        " 2017"
      ],
      "review": "I 've lost my Old Guest a/c,the app automatically starts a new a/c, I know my old ID (identifier) and Manager name Can I recover it...!",
      "review_date": [
        "August",
        "21",
        " 2017"
      ]
    },
    {
      "REQ_subtype": "",
      "REQ_type": "",
      "_id": 61,
      "author_id": "not defined",
      "author_name": "Zakaria Helfaoui",
      "helpful": "1",
      "polarity": "",
      "rate": 5,
      "response": "",
      "response_date": "",
      "review": "It is amazing but I wish you add the bank because it would be more beautiful with it. Thanks",
      "review_date": [
        "August",
        "3",
        " 2017"
      ]
    },
    {
      "REQ_subtype": "",
      "REQ_type": "",
      "_id": 62,
      "author_id": "not defined",
      "author_name": "funny videos",
      "helpful": "4",
      "polarity": "",
      "rate": 1,
      "response": "Hey, funny videos,\nApologies for the inconvenience. Please contact our support team at https://goo.gl/WBGqO9 so they can resolve this for you as soon as possible.\nThe FTB team\n - Live Sports in First Person -",
      "response_date": [
        "June",
        "6",
        " 2017"
      ],
      "review": "It doesnt let me play it always says error",
      "review_date": [
        "June",
        "5",
        " 2017"
      ]
    },
    {
      "REQ_subtype": "",
      "REQ_type": "",
      "_id": 63,
      "author_id": "not defined",
      "author_name": "nosa mo",
      "helpful": "0",
      "polarity": "",
      "rate": 4,
      "response": "",
      "response_date": "",
      "review": "I don't think it's going to take 5 stars",
      "review_date": [
        "October",
        "27",
        " 2017"
      ]
    },
    {
      "REQ_subtype": "",
      "REQ_type": "",
      "_id": 64,
      "author_id": "not defined",
      "author_name": "Goodson Mwense",
      "helpful": "1",
      "polarity": "",
      "rate": 1,
      "response": "Hey, Goodson Mwense,\nApologies for the inconvenience. Please contact our support team at https://goo.gl/WBGqO9 so they can resolve this for you as soon as possible.\nThe FTB team\n - Live Sports in First Person -",
      "response_date": [
        "July",
        "26",
        " 2017"
      ],
      "review": "Hate the game it won't even start",
      "review_date": [
        "July",
        "26",
        " 2017"
      ]
    },
    {
      "REQ_subtype": "",
      "REQ_type": "",
      "_id": 65,
      "author_id": "not defined",
      "author_name": "Dattapro",
      "helpful": "1",
      "polarity": "",
      "rate": 1,
      "response": "Hey, Dattapro Clash royle and other online games:\nCould you please send us some of your thoughts on how we could improve the game through this link: https://goo.gl/wxzMeA?\nThe FTB team\n                     - Live Sports in First Person -",
      "response_date": [
        "July",
        "31",
        " 2017"
      ],
      "review": "Not working. Some stupid error",
      "review_date": [
        "July",
        "30",
        " 2017"
      ]
    },
    {
      "REQ_subtype": "",
      "REQ_type": "",
      "_id": 66,
      "author_id": "not defined",
      "author_name": "Emir Brun\u010devi\u0107",
      "helpful": "0",
      "polarity": "",
      "rate": 1,
      "response": "Hey, Emir Brun\u010devi\u0107,\nApologies for the inconvenience. Please contact our support team at https://goo.gl/WBGqO9 so they can resolve this for you as soon as possible.\nThe FTB team\n                     - Live Sports in First Person -",
      "response_date": [
        "August",
        "18",
        " 2017"
      ],
      "review": "Doesn't work. Never loads up",
      "review_date": [
        "August",
        "16",
        " 2017"
      ]
    },
    {
      "REQ_subtype": "",
      "REQ_type": "",
      "_id": 67,
      "author_id": "not defined",
      "author_name": "adeeb jalajel",
      "helpful": "5",
      "polarity": "",
      "rate": 3,
      "response": "Apologies for any inconvenience. Please contact our support team at https://goo.gl/WBGqO9 so they can provide you with a more detailed response.\nThe FTB team\n - Live Sports in First Person -",
      "response_date": [
        "January",
        "9",
        " 2017"
      ],
      "review": "How come I finished first in 2nd division and it said I finished in 6th place?????",
      "review_date": [
        "April",
        "9",
        " 2017"
      ]
    },
    {
      "REQ_subtype": "",
      "REQ_type": "",
      "_id": 68,
      "author_id": "not defined",
      "author_name": "ThunderShockzHD",
      "helpful": "3",
      "polarity": "",
      "rate": 1,
      "response": "Hey ThunderShockz HD,\nThe club Liverpool FC requested that they not appear in our Fantasy Manager Football 2017 game since they asked us to create a game for them, Liverpool Fantasy Manager. You can find it in the Google Play Store under the same name.\nThe FTB Team",
      "response_date": [
        "May",
        "30",
        " 2017"
      ],
      "review": "In english league there no LIVERPOOL",
      "review_date": [
        "May",
        "30",
        " 2017"
      ]
    },
    {
      "REQ_subtype": "",
      "REQ_type": "",
      "_id": 69,
      "author_id": "not defined",
      "author_name": "Cormacanddonal M",
      "helpful": "0",
      "polarity": "",
      "rate": 4,
      "response": "",
      "response_date": "",
      "review": "This game is not cute scary funny it's a good football game.",
      "review_date": [
        "July",
        "3",
        " 2017"
      ]
    },
    {
      "REQ_subtype": "",
      "REQ_type": "",
      "_id": 70,
      "author_id": "not defined",
      "author_name": "Ai Man",
      "helpful": "0",
      "polarity": "",
      "rate": 4,
      "response": "",
      "response_date": "",
      "review": "I love this game but why it cannot be moved to my sd card.. usually many games can be moved to sd card",
      "review_date": [
        "April",
        "23",
        " 2017"
      ]
    },
    {
      "REQ_subtype": "",
      "REQ_type": "",
      "_id": 71,
      "author_id": "not defined",
      "author_name": "Luke Davis",
      "helpful": "0",
      "polarity": "",
      "rate": 3,
      "response": "Hey Luke,\nThe Club Liverpool requested that they not be in our Fantasy Manager Football 2017 game because they have their own game, Liverpool Fantasy Manager 2017. You can find and download it in the Google Play store under that name.\nThe FTB Team\n       - Live Sports in First Person -",
      "response_date": [
        "April",
        "11",
        " 2017"
      ],
      "review": "I like the game but why are liverpool  not their  to use",
      "review_date": [
        "April",
        "11",
        " 2017"
      ]
    },
    {
      "REQ_subtype": "",
      "REQ_type": "",
      "_id": 72,
      "author_id": "not defined",
      "author_name": "ManuKiddo",
      "helpful": "0",
      "polarity": "",
      "rate": 3,
      "response": "Apologies for the inconvenience. Please contact our support team at https://goo.gl/WBGqO9 so they can resolve this for you as soon as possible.\nThe FTB team\n - Live Sports in First Person -",
      "response_date": [
        "February",
        "13",
        " 2017"
      ],
      "review": "Where is the bank option? I had 75M cash in bank. I want it back. :(",
      "review_date": [
        "April",
        "14",
        " 2017"
      ]
    },
    {
      "REQ_subtype": "",
      "REQ_type": "",
      "_id": 73,
      "author_id": "not defined",
      "author_name": "Pascaline Onu",
      "helpful": "0",
      "polarity": "",
      "rate": 5,
      "response": "",
      "response_date": "",
      "review": "How can I sell player in other to buy It will be good if we can sell and buy players",
      "review_date": [
        "August",
        "6",
        " 2017"
      ]
    },
    {
      "REQ_subtype": "",
      "REQ_type": "",
      "_id": 74,
      "author_id": "not defined",
      "author_name": "Yasin YN",
      "helpful": "0",
      "polarity": "",
      "rate": 3,
      "response": "Hey, all about videos,\nApologies for the inconvenience. Please contact our support team at https://goo.gl/WBGqO9 so they can resolve this for you as soon as possible.\nThe FTB team\n                     - Live Sports in First Person -",
      "response_date": [
        "September",
        "11",
        " 2017"
      ],
      "review": "In the leugue there are not liverpool whyy\ud83d\ude20",
      "review_date": [
        "September",
        "11",
        " 2017"
      ]
    },
    {
      "REQ_subtype": "",
      "REQ_type": "",
      "_id": 75,
      "author_id": "not defined",
      "author_name": "sayed soliman",
      "helpful": "3",
      "polarity": "",
      "rate": 3,
      "response": "Hey sayed soliman,\nAt this time it's not possible to sell players in the game, but we're studying the possibility of adding the option into a future version of the game.\nCould you please send us some of your thoughts on how we could improve the game?\nThe FTB team\n                    - Live Sports in First Person -",
      "response_date": [
        "April",
        "19",
        " 2017"
      ],
      "review": "How can I sell players ??",
      "review_date": [
        "April",
        "18",
        " 2017"
      ]
    },
    {
      "REQ_subtype": "",
      "REQ_type": "",
      "_id": 76,
      "author_id": "not defined",
      "author_name": "ferry gustien",
      "helpful": "0",
      "polarity": "",
      "rate": 1,
      "response": "",
      "response_date": "",
      "review": "The new update is very suuuuck",
      "review_date": [
        "April",
        "6",
        " 2017"
      ]
    },
    {
      "REQ_subtype": "",
      "REQ_type": "",
      "_id": 77,
      "author_id": "not defined",
      "author_name": "Monicah Ondimu",
      "helpful": "0",
      "polarity": "",
      "rate": 3,
      "response": "Hey Monicah Ondimu,\nAt this time it's not possible to sell players in the game, but we'll take it into account for a future version.\nThe FTB Team\n - Live Sports in First Person -",
      "response_date": [
        "November",
        "6",
        " 2017"
      ],
      "review": "You can't even sell prayers",
      "review_date": [
        "November",
        "4",
        " 2017"
      ]
    },
    {
      "REQ_subtype": "",
      "REQ_type": "",
      "_id": 78,
      "author_id": "not defined",
      "author_name": "short Comedy",
      "helpful": "0",
      "polarity": "",
      "rate": 1,
      "response": "Hey, short Comedy,\nApologies for the inconvenience. Please contact our support team at https://goo.gl/WBGqO9 so they can resolve this for you as soon as possible.\nThe FTB team\n - Live Sports in First Person -",
      "response_date": [
        "October",
        "10",
        " 2017"
      ],
      "review": "Didn't support on my device  F**k off",
      "review_date": [
        "October",
        "7",
        " 2017"
      ]
    },
    {
      "REQ_subtype": "",
      "REQ_type": "",
      "_id": 79,
      "author_id": "not defined",
      "author_name": "Abdel Neuhaus",
      "helpful": "0",
      "polarity": "",
      "rate": 4,
      "response": "",
      "response_date": "",
      "review": "I'm still waiting for more players in the store cuz it's always same players",
      "review_date": [
        "August",
        "26",
        " 2017"
      ]
    },
    {
      "REQ_subtype": "",
      "REQ_type": "",
      "_id": 80,
      "author_id": "not defined",
      "author_name": "Lucas Chow",
      "helpful": "0",
      "polarity": "",
      "rate": 2,
      "response": "Hey, Lucas Chow:\nThanks for your message. At the moment it's not possible to sell players but we're looking into this option for a future version.\nThe FTB team\n                     - Live Sports in First Person -",
      "response_date": [
        "September",
        "21",
        " 2017"
      ],
      "review": "agreed if can sell players will be good for next update  version",
      "review_date": [
        "September",
        "21",
        " 2017"
      ]
    },
    {
      "REQ_subtype": "",
      "REQ_type": "",
      "_id": 81,
      "author_id": "not defined",
      "author_name": "Clinton Thedyardi",
      "helpful": "0",
      "polarity": "",
      "rate": 4,
      "response": "",
      "response_date": "",
      "review": "too many reparation time",
      "review_date": [
        "September",
        "3",
        " 2017"
      ]
    },
    {
      "REQ_subtype": "",
      "REQ_type": "",
      "_id": 82,
      "author_id": "not defined",
      "author_name": "Sakib Ferdoush Tonmoy",
      "helpful": "0",
      "polarity": "",
      "rate": 5,
      "response": "",
      "response_date": "",
      "review": "Overall gd!!!",
      "review_date": [
        "August",
        "21",
        " 2017"
      ]
    },
    {
      "REQ_subtype": "",
      "REQ_type": "",
      "_id": 83,
      "author_id": "not defined",
      "author_name": "Soccer Flips",
      "helpful": "0",
      "polarity": "",
      "rate": 1,
      "response": "Hey,\nApologies for the inconvenience. Please contact our support team at https://goo.gl/WBGqO9 so they can resolve this for you as soon as possible.\nThe FTB team\n - Live Sports in First Person -",
      "response_date": [
        "June",
        "12",
        " 2017"
      ],
      "review": "How could they forget Liverpool my favorite team",
      "review_date": [
        "June",
        "11",
        " 2017"
      ]
    },
    {
      "REQ_subtype": "",
      "REQ_type": "",
      "_id": 84,
      "author_id": "not defined",
      "author_name": "michael moon",
      "helpful": "0",
      "polarity": "",
      "rate": 5,
      "response": "",
      "response_date": "",
      "review": "Me feliz mucho",
      "review_date": [
        "September",
        "25",
        " 2017"
      ]
    },
    {
      "REQ_subtype": "",
      "REQ_type": "",
      "_id": 85,
      "author_id": "not defined",
      "author_name": "Vinicius Siqueira",
      "helpful": "0",
      "polarity": "",
      "rate": 1,
      "response": "Hey, Vinicius Siqueira:\nCould you please send us some of your thoughts on how we could improve the game through this link: https://goo.gl/wxzMeA?\nThe FTB team\n                     - Live Sports in First Person -",
      "response_date": [
        "August",
        "3",
        " 2017"
      ],
      "review": "Prices more expensives",
      "review_date": [
        "August",
        "3",
        " 2017"
      ]
    },
    {
      "REQ_subtype": "",
      "REQ_type": "",
      "_id": 86,
      "author_id": "not defined",
      "author_name": "A Google user",
      "helpful": "0",
      "polarity": "",
      "rate": 1,
      "response": "Hey! Apologies for the inconvenience. Please contact our support team at https://goo.gl/WBGqO9 so they can resolve this for you as soon as possible.\nThe FTB team\n                     - Live Sports in First Person",
      "response_date": [
        "October",
        "16",
        " 2017"
      ],
      "review": "its not working",
      "review_date": [
        "October",
        "16",
        " 2017"
      ]
    },
    {
      "REQ_subtype": "",
      "REQ_type": "",
      "_id": 87,
      "author_id": "not defined",
      "author_name": "Saptarshi Panja",
      "helpful": "0",
      "polarity": "",
      "rate": 5,
      "response": "",
      "response_date": "",
      "review": "Great game. Use my fan code 2x78aovCJK",
      "review_date": [
        "November",
        "27",
        " 2017"
      ]
    },
    {
      "REQ_subtype": "",
      "REQ_type": "",
      "_id": 88,
      "author_id": "not defined",
      "author_name": "ismail gx29",
      "helpful": "0",
      "polarity": "",
      "rate": 4,
      "response": "",
      "response_date": "",
      "review": "Help please, how can i sell my own players ?!!",
      "review_date": [
        "August",
        "3",
        " 2017"
      ]
    },
    {
      "REQ_subtype": "",
      "REQ_type": "",
      "_id": 89,
      "author_id": "not defined",
      "author_name": "Crispy Muffin",
      "helpful": "0",
      "polarity": "",
      "rate": 4,
      "response": "Hey, Crispy Muffin,\nCould you please send us more information on what you mean exactly through this link: https://goo.gl/wxzMeA? The more information you give us, the better we can understand and help with this as soon as possible.\nThe FTB team\n- Live Sports in First Person -",
      "response_date": [
        "December",
        "19",
        " 2017"
      ],
      "review": "Game is great but pls update team badges",
      "review_date": [
        "December",
        "16",
        " 2017"
      ]
    },
    {
      "REQ_subtype": "",
      "REQ_type": "",
      "_id": 90,
      "author_id": "not defined",
      "author_name": "bonafide II",
      "helpful": "0",
      "polarity": "",
      "rate": 5,
      "response": "",
      "response_date": "",
      "review": "Love it but we need something new \ud83d\ude07\u2764",
      "review_date": [
        "August",
        "26",
        " 2017"
      ]
    },
    {
      "REQ_subtype": "",
      "REQ_type": "",
      "_id": 91,
      "author_id": "not defined",
      "author_name": "Charmaine Micallef",
      "helpful": "2",
      "polarity": "",
      "rate": 1,
      "response": "Good morning,\nCould you please send us some of your thoughts on how we could improve the game?\nThe FTB team\n - Live Sports in First Person -",
      "response_date": [
        "April",
        "11",
        " 2017"
      ],
      "review": "Worst game",
      "review_date": [
        "April",
        "10",
        " 2017"
      ]
    },
    {
      "REQ_subtype": "",
      "REQ_type": "",
      "_id": 92,
      "author_id": "not defined",
      "author_name": "Susheel Harsoor",
      "helpful": "1",
      "polarity": "",
      "rate": 4,
      "response": "",
      "response_date": "",
      "review": "How to sell players???",
      "review_date": [
        "July",
        "13",
        " 2017"
      ]
    },
    {
      "REQ_subtype": "",
      "REQ_type": "",
      "_id": 93,
      "author_id": "not defined",
      "author_name": "Taryn Nair",
      "helpful": "0",
      "polarity": "",
      "rate": 5,
      "response": "",
      "response_date": "",
      "review": "I love the game best game ever.",
      "review_date": [
        "October",
        "4",
        " 2017"
      ]
    },
    {
      "REQ_subtype": "",
      "REQ_type": "",
      "_id": 94,
      "author_id": "not defined",
      "author_name": "Michael Nifty",
      "helpful": "0",
      "polarity": "",
      "rate": 1,
      "response": "Hey, Michael Nifty,\nThanks for your message. Please contact our support team at https://goo.gl/WBGqO9 so they can resolve this for you as soon as possible.\nThe FTB team\n                     - Live Sports in First Person -",
      "response_date": [
        "September",
        "13",
        " 2017"
      ],
      "review": "No Liverpool",
      "review_date": [
        "September",
        "12",
        " 2017"
      ]
    },
    {
      "REQ_subtype": "",
      "REQ_type": "",
      "_id": 95,
      "author_id": "not defined",
      "author_name": "Mo7ammed El 23SAR",
      "helpful": "1",
      "polarity": "",
      "rate": 5,
      "response": "",
      "response_date": "",
      "review": "It's good",
      "review_date": [
        "June",
        "16",
        " 2017"
      ]
    },
    {
      "REQ_subtype": "",
      "REQ_type": "",
      "_id": 96,
      "author_id": "not defined",
      "author_name": "David Nageh",
      "helpful": "0",
      "polarity": "",
      "rate": 5,
      "response": "",
      "response_date": "",
      "review": "Expensive in paid",
      "review_date": [
        "December",
        "8",
        " 2017"
      ]
    },
    {
      "REQ_subtype": "",
      "REQ_type": "",
      "_id": 97,
      "author_id": "not defined",
      "author_name": "The JackBruno",
      "helpful": "0",
      "polarity": "",
      "rate": 5,
      "response": "",
      "response_date": "",
      "review": "Amazing gameplay i love it!",
      "review_date": [
        "February",
        "27",
        " 2018"
      ]
    },
    {
      "REQ_subtype": "",
      "REQ_type": "",
      "_id": 98,
      "author_id": "not defined",
      "author_name": "oleekah 4life",
      "helpful": "0",
      "polarity": "",
      "rate": 3,
      "response": "Hey oleekah 4life,\nIn the Superleague you have the chance to win real prizes, yes.\nPlease contact support in \"More &gt; Support\" for more information.\nThe FTB Team\n        - Live Sports in First Person -",
      "response_date": [
        "October",
        "3",
        " 2017"
      ],
      "review": "Are there prizes?",
      "review_date": [
        "October",
        "2",
        " 2017"
      ]
    },
    {
      "REQ_subtype": "",
      "REQ_type": "",
      "_id": 99,
      "author_id": "not defined",
      "author_name": "axel vader",
      "helpful": "0",
      "polarity": "",
      "rate": 5,
      "response": "",
      "response_date": "",
      "review": "People said it was good",
      "review_date": [
        "May",
        "24",
        " 2017"
      ]
    },
    {
      "REQ_subtype": "",
      "REQ_type": "",
      "_id": 100,
      "author_id": "not defined",
      "author_name": "Bob Marly",
      "helpful": "0",
      "polarity": "",
      "rate": 5,
      "response": "",
      "response_date": "",
      "review": "Ggh",
      "review_date": [
        "July",
        "19",
        " 2017"
      ]
    },
    {
      "REQ_subtype": "",
      "REQ_type": "",
      "_id": 101,
      "author_id": "not defined",
      "author_name": "A Google user",
      "helpful": "0",
      "polarity": "",
      "rate": 4,
      "response": "",
      "response_date": "",
      "review": "Boo....",
      "review_date": [
        "July",
        "11",
        " 2017"
      ]
    },
    {
      "REQ_subtype": "",
      "REQ_type": "",
      "_id": 102,
      "author_id": "not defined",
      "author_name": "Boss Baby",
      "helpful": "0",
      "polarity": "",
      "rate": 2,
      "response": "Hey, Boss Baby:\nCould you please send us some of your thoughts on how we could improve the game through this link: https://goo.gl/wxzMeA?\nThe FTB team\n                     - Live Sports in First Person -",
      "response_date": [
        "August",
        "18",
        " 2017"
      ],
      "review": "HORRIBLE",
      "review_date": [
        "August",
        "13",
        " 2017"
      ]
    },
    {
      "REQ_subtype": "",
      "REQ_type": "",
      "_id": 103,
      "author_id": "not defined",
      "author_name": "Tamsin Garvey",
      "helpful": "0",
      "polarity": "",
      "rate": 1,
      "response": "Hey, Tamsin Garvey:\nCould you please send us some of your thoughts on how we could improve the game through this link: https://goo.gl/wxzMeA?\nThe FTB team\n - Live Sports in First Person -",
      "response_date": [
        "July",
        "3",
        " 2017"
      ],
      "review": "Terrible",
      "review_date": [
        "June",
        "30",
        " 2017"
      ]
    },
    {
      "REQ_subtype": "",
      "REQ_type": "",
      "_id": 104,
      "author_id": "not defined",
      "author_name": "Samuel Agyemang",
      "helpful": "0",
      "polarity": "",
      "rate": 5,
      "response": "",
      "response_date": "",
      "review": "Superb",
      "review_date": [
        "August",
        "21",
        " 2017"
      ]
    },
    {
      "REQ_subtype": "",
      "REQ_type": "",
      "_id": 105,
      "author_id": "not defined",
      "author_name": "Ferdinand Kharumnuid",
      "helpful": "0",
      "polarity": "",
      "rate": 5,
      "response": "",
      "response_date": "",
      "review": "Good",
      "review_date": [
        "July",
        "30",
        " 2017"
      ]
    },
    {
      "REQ_subtype": "",
      "REQ_type": "",
      "_id": 106,
      "author_id": "not defined",
      "author_name": "TRUTHSEEKER 4LIFE",
      "helpful": "4",
      "polarity": "",
      "rate": 5,
      "response": "",
      "response_date": "",
      "review": "yeah",
      "review_date": [
        "April",
        "4",
        " 2017"
      ]
    },
    {
      "REQ_subtype": "",
      "REQ_type": "",
      "_id": 107,
      "author_id": "not defined",
      "author_name": "Marios D",
      "helpful": "6",
      "polarity": "",
      "rate": 1,
      "response": "Please contact our support team at https://goo.gl/WBGqO9 so they can resolve this for you as soon as possible.\nThe FTB team\n - Live Sports in First Person -",
      "response_date": [
        "March",
        "27",
        " 2017"
      ],
      "review": "A company (fromthebench) that doesnt respect their clients. They advertise one thing and produce a completely different thing. They change the concept and the rules of the game many times in the middle of the season. Also a game full of bugs. I used to like and enjoy the game. Now they are destroying the game day by day.   DONT TRUST THEM!  Update march 2017... Enough is enough! Their total lack of respect towards their customers , by not fixing the bugs/issues that their apps is producing is unbelievable! All they care is receiving money for zero seevices, as they \"manage\" to produce more bugs in number in each update that the ones they fix",
      "review_date": [
        "March",
        "27",
        " 2017"
      ]
    },
    {
      "REQ_subtype": "",
      "REQ_type": "",
      "_id": 108,
      "author_id": "not defined",
      "author_name": "Fahad Lynx Alqahtani",
      "helpful": "0",
      "polarity": "",
      "rate": 1,
      "response": "Good morning,\nWe sincerely apologize for the inconvenience. We've resolved the issue and now it should be possible to play the game without any trouble. If not, please contact our support team at https://goo.gl/WBGqO9.\nThe FTB team\n - Live Sports in First Person -",
      "response_date": [
        "March",
        "14",
        " 2017"
      ],
      "review": "Please don't do stupid changes if you don't know the outcome because clearly whoever is deciding on these new updates, all he will do to the game is make it worse if not the worst in terms of game play. You should fire him if I were you. The last time I checked, you had above 4 stars and now you're going down.",
      "review_date": [
        "March",
        "14",
        " 2017"
      ]
    },
    {
      "REQ_subtype": "",
      "REQ_type": "",
      "_id": 109,
      "author_id": "not defined",
      "author_name": "Mha Hays",
      "helpful": "11",
      "polarity": "",
      "rate": 1,
      "response": "",
      "response_date": "",
      "review": "Didn't work after update",
      "review_date": [
        "March",
        "14",
        " 2017"
      ]
    },
    {
      "REQ_subtype": "",
      "REQ_type": "",
      "_id": 110,
      "author_id": "not defined",
      "author_name": "Jarek Bryndzej",
      "helpful": "11",
      "polarity": "",
      "rate": 3,
      "response": "",
      "response_date": "",
      "review": "After new update I can't upgrade my players from bronze to silver why?????",
      "review_date": [
        "March",
        "19",
        " 2017"
      ]
    },
    {
      "REQ_subtype": "",
      "REQ_type": "",
      "_id": 111,
      "author_id": "not defined",
      "author_name": "Tidhar Peer",
      "helpful": "5",
      "polarity": "",
      "rate": 5,
      "response": "",
      "response_date": "",
      "review": "Great game!",
      "review_date": [
        "March",
        "15",
        " 2017"
      ]
    },
    {
      "REQ_subtype": "",
      "REQ_type": "",
      "_id": 112,
      "author_id": "not defined",
      "author_name": "Haree Novicio",
      "helpful": "0",
      "polarity": "",
      "rate": 1,
      "response": "Good morning,\nWe sincerely apologize for the inconvenience. We've resolved the issue and now it should be possible to play the game without any trouble. If not, please contact our support team at https://goo.gl/WBGqO9.\nThe FTB team\n - Live Sports in First Person -",
      "response_date": [
        "March",
        "14",
        " 2017"
      ],
      "review": "It not opens",
      "review_date": [
        "March",
        "13",
        " 2017"
      ]
    },
    {
      "REQ_subtype": "",
      "REQ_type": "",
      "_id": 113,
      "author_id": "not defined",
      "author_name": "syaharizan jamian",
      "helpful": "0",
      "polarity": "",
      "rate": 5,
      "response": "",
      "response_date": "",
      "review": "Its a good game and it must use internet..",
      "review_date": [
        "April",
        "7",
        " 2017"
      ]
    },
    {
      "REQ_subtype": "",
      "REQ_type": "",
      "_id": 114,
      "author_id": "not defined",
      "author_name": "Karen O'leary",
      "helpful": "0",
      "polarity": "",
      "rate": 5,
      "response": "",
      "response_date": "",
      "review": "It good",
      "review_date": [
        "March",
        "19",
        " 2017"
      ]
    },
    {
      "REQ_subtype": "",
      "REQ_type": "",
      "_id": 115,
      "author_id": "not defined",
      "author_name": "The Narly Barly",
      "helpful": "1",
      "polarity": "",
      "rate": 4,
      "response": "Hi JD Games,\nLiverpool has asked us to create a personalized game for their club. You can play with Liverpool in the game Liverpool Fantasy Manager 2017 which can also be found on the Google Play Store.\nThe FTB Team\n       - Live Sports in First Person -",
      "response_date": [
        "March",
        "15",
        " 2017"
      ],
      "review": "Decent",
      "review_date": [
        "March",
        "19",
        " 2017"
      ]
    },
    {
      "REQ_subtype": "",
      "REQ_type": "",
      "_id": 116,
      "author_id": "not defined",
      "author_name": "Hassan Khan",
      "helpful": "0",
      "polarity": "",
      "rate": 4,
      "response": "",
      "response_date": "",
      "review": "When are the rosters going to be updated? I have Niang who is scoring and assisting at his new club Watford and I'm losing out because according to the game he has no club, no face as well. Please update the roster asap.",
      "review_date": [
        "March",
        "13",
        " 2017"
      ]
    },
    {
      "REQ_subtype": "",
      "REQ_type": "",
      "_id": 117,
      "author_id": "not defined",
      "author_name": "Cooper Gibson Raps",
      "helpful": "24",
      "polarity": "",
      "rate": 5,
      "response": "",
      "response_date": "",
      "review": "I can't spy on people",
      "review_date": [
        "February",
        "22",
        " 2017"
      ]
    },
    {
      "REQ_subtype": "",
      "REQ_type": "",
      "_id": 118,
      "author_id": "not defined",
      "author_name": "Eddy Jeff",
      "helpful": "0",
      "polarity": "",
      "rate": 5,
      "response": "",
      "response_date": "",
      "review": "It's among the best games I have ever played in my life",
      "review_date": [
        "March",
        "12",
        " 2017"
      ]
    },
    {
      "REQ_subtype": "",
      "REQ_type": "",
      "_id": 119,
      "author_id": "not defined",
      "author_name": "Florence Uche-Williams",
      "helpful": "0",
      "polarity": "",
      "rate": 5,
      "response": "",
      "response_date": "",
      "review": "GAME IS GOOD",
      "review_date": [
        "February",
        "22",
        " 2017"
      ]
    }
  ],
  "size": "42",
  "url": "https://play.google.com/store/apps/details?id=com.fromthebenchgames.fmfootball2015",
  "version": "8.20.021"
}