{
  "categories": [
    "Card"
  ],
  "description": "Classic Spider Solitaire is one of most popular Solitaire card games in the world. The game rules of Spider Solitaire are very similar to classic Solitaire game; the cards and backgrounds are carefully designed for people of all age. If you are a fan of Solitaire games on PC, you\u2019ll surely love this free Solitaire game!On top of the original gameplay of Classic Spider Solitaire, we added tons of new features into the game including customizable themes. We believe with these features, you will enjoy Classic Spider Solitaire in a completely new way.Game highlights:\u2660 Classic Spider Solitaire gameplay\u2660 Addictive and challenging\u2660 Optimized for mobile phone play\u2660 Beautiful and customizable themesMain Game Features:\u2660 Daily challenges\u2660 Clean and user-friendly designs\u2660 Big and easy to see cards\u2660 Single tap or drag&drop to move cards\u2660 Customizable beautiful themes\u2660 Auto-save game in play\u2660 Feature to Undo moves\u2660 Feature to use Hints\u2660 Timer mode supported\u2660 Left-handed supported\u2660 Landscape mode supported\u2660 Up to 10 top records\u2660 Offline play and no data cost\u2660 Multiple languages supportedWe hope you will enjoy the Classic Spider Solitaire. Your support will be our greatest motivation!We would llike to hear your feedback. Please let us know what you think of the app and rate us after each update.",
  "inc": "Netsuridqhstudio",
  "intalled_count": "100,000",
  "last_update": [
    "September",
    "14",
    " 2017"
  ],
  "name": "Classic Spider Solitaire",
  "offered_by": "Google Commerce Ltd",
  "permissions": {
    "Other": [
      "receive data from Internet",
      "view network connections",
      "full network access",
      "prevent device from sleeping"
    ]
  },
  "rate": [
    [
      "1,716",
      "4.4"
    ],
    [
      "1,036",
      "5"
    ],
    [
      "488",
      "4"
    ],
    [
      "141",
      "3"
    ],
    [
      "11",
      "2"
    ],
    [
      "40",
      "1"
    ]
  ],
  "required_android": "2.3.3",
  "size": "40",
  "url": "https://play.google.com/store/apps/details?id=com.netsuridqhstudio.spidersolitaire",
  "version": "17.01.17"
}