{
  "categories": [
    "Casual"
  ],
  "description": "Play the award-winning hit action-strategy adventure where you meet, greet, and defeat legions of hilarious zombies from the dawn of time, to the end of days. Amass an army of amazing plants, supercharge them with Plant Food, and devise the ultimate plan to protect your brain. 100 Million Downloads \u2013 This app has received more than 100 million overall downloads. Winner: Best Mobile Game at E3 \u2013 Game InformerWinner: Best Mobile Game 2013 \u2013 MashableWinner: Game of the Year 2013 \u2013 Slide to PlayDISCOVER HUNDREDS OF PLANTS AND ZOMBIESCollect your favorite lawn legends, like Sunflower and Peashooter, along with hundreds of other horticultural hotshots, including creative bloomers like Lava Guava and Laser Bean. Go toe-to-missing-toe with a massive array of zombies at every turn, like Jetpack Zombie and Mermaid Imp \u2013 you\u2019ll even have to protect your brain from rampant Zombie Chickens! GROW POWERFUL PLANTS  Earn Seed Packets as you play and use them to fuel your plants like never before. Power up attacks, double-down defenses, speed up planting time, and even gain entirely new abilities. Boost your plants to ensure those zombies are lawn-gone!JOURNEY THROUGH SPACE AND TIME Battle across 11 crazy worlds, from Ancient Egypt to the Far Future, and beyond. With more than 300 levels, ultra-challenging endless zones, fun mini-games, and daily Pi\u00f1ata Party events, there\u2019s always a new challenge to complete. Plus, ready your best defenses \u2013 Dr. Zomboss is waiting to take you on at the end of every world! EXPLORE MORE WITH THE TRAVEL LOGStumped about where to go next? Consult your Travel Log to embark on exciting Quests created just for you. Complete Scheduled Quests before time runs out, or take on a series of Epic Quests and earn special rewards.Requires acceptance of EA\u2019s Privacy & Cookie Policy and User Agreement.",
  "inc": "ELECTRONIC ARTS",
  "intalled_count": "100,000,000",
  "last_update": [
    "June",
    "12",
    " 2018"
  ],
  "name": "Plants vs. Zombies 2",
  "offered_by": "Google Commerce Ltd",
  "permissions": {
    "Photos/Media/Files": [
      "read the contents of your USB storage",
      "modify or delete the contents of your USB storage"
    ],
    "Storage": [
      "read the contents of your USB storage",
      "modify or delete the contents of your USB storage"
    ],
    "Wi-Fi connection information": [
      "view Wi-Fi connections"
    ],
    "Other": [
      "receive data from Internet",
      "view network connections",
      "full network access",
      "control vibration",
      "prevent device from sleeping",
      "Google Play license check"
    ]
  },
  "rate": [
    [
      "5,666,945",
      "4.4"
    ],
    [
      "4,169,584",
      "5"
    ],
    [
      "683,918",
      "4"
    ],
    [
      "315,830",
      "3"
    ],
    [
      "144,514",
      "2"
    ],
    [
      "353,099",
      "1"
    ]
  ],
  "required_android": "4.1",
  "size": "15",
  "url": "https://play.google.com/store/apps/details?id=com.ea.game.pvz2_row",
  "version": "6.8.1"
}