{
  "categories": [
    "Social"
  ],
  "description": "Download the latest release of the official Blogger app, and start blogging on the go. With Blogger for Android you can:* Compose a post that you can save to draft or immediately publish* Edit existing posts* View list of your saved and published posts* Switch account/blog if you have more than one* Embed an image from the gallery, or, by taking a picture directly from the app* Add labels to your posts* Add location informationWith the Blogger app for Android, you can quickly and easily publish posts to your blog wherever you are.",
  "inc": "Google LLC",
  "intalled_count": "5,000,000",
  "last_update": [
    "February",
    "29",
    " 2016"
  ],
  "name": "Blogger",
  "offered_by": "Google Commerce Ltd",
  "permissions": {
    "Device & app history": [
      "retrieve running apps",
      "read sensitive log data"
    ],
    "Identity": [
      "find accounts on the device",
      "add or remove accounts"
    ],
    "Contacts": [
      "find accounts on the device"
    ],
    "Location": [
      "approximate location (network-based)",
      "precise location (GPS and network-based)",
      "access extra location provider commands"
    ],
    "Photos/Media/Files": [
      "read the contents of your USB storage",
      "modify or delete the contents of your USB storage"
    ],
    "Storage": [
      "read the contents of your USB storage",
      "modify or delete the contents of your USB storage"
    ],
    "Other": [
      "read sync statistics",
      "view configured accounts",
      "Blogger",
      "Picasa Web Albums",
      "view network connections",
      "full network access",
      "read sync settings",
      "use accounts on the device",
      "toggle sync on and off"
    ]
  },
  "rate": [
    [
      "137,979",
      "3.7"
    ],
    [
      "64,610",
      "5"
    ],
    [
      "23,633",
      "4"
    ],
    [
      "18,584",
      "3"
    ],
    [
      "10,659",
      "2"
    ],
    [
      "20,493",
      "1"
    ]
  ],
  "required_android": "2.1",
  "size": "2.7",
  "url": "https://play.google.com/store/apps/details?id=com.google.android.apps.blogger",
  "version": "2.1.3"
}