{
  "categories": [
    "Sports"
  ],
  "description": "SofaScore is sports live score app with widget that gives you live coverage (results, fixtures, standings) for ALL LEAGUES, and competitions in 22 sports:Football (Soccer), Basketball, Ice Hockey, Tennis, Motorsport (Formula 2018 Live timing, MotoGP, Superbike, Nascar, Rally, DTM), Cricket, Baseball, Rugby, American Football, Handball, Volleyball, Cycling, Waterpolo, Futsal, Aussie Rules, Snooker, Darts, Badminton, Floorball, Bandy, Table tennis, Beach Volleyball.In addition to all previously mentioned sports, you can follow tournaments from USA, like Major League Soccer - MLS, North American League, NBA, WNBA, US Open Cup, NFL, College football, MLB, NHL, AHL\"SofaScore Live Sports Scores\" app is optimized for Android Wear smartwatches.",
  "inc": "SofaScore",
  "intalled_count": "10,000,000",
  "last_update": [
    "July",
    "26",
    " 2018"
  ],
  "name": "SofaScore Live Score",
  "offered_by": "Google Commerce Ltd",
  "permissions": {
    "Photos/Media/Files": [
      "read the contents of your USB storage",
      "modify or delete the contents of your USB storage"
    ],
    "Storage": [
      "read the contents of your USB storage",
      "modify or delete the contents of your USB storage"
    ],
    "Wi-Fi connection information": [
      "view Wi-Fi connections"
    ],
    "Other": [
      "receive data from Internet",
      "view network connections",
      "full network access",
      "use accounts on the device",
      "control vibration",
      "prevent device from sleeping",
      "view network connections",
      "full network access",
      "prevent device from sleeping",
      "view network connections",
      "full network access",
      "run at startup",
      "prevent device from sleeping"
    ]
  },
  "rate": [
    [
      "221,284",
      "4.8"
    ],
    [
      "191,936",
      "5"
    ],
    [
      "19,585",
      "4"
    ],
    [
      "4,926",
      "3"
    ],
    [
      "1,553",
      "2"
    ],
    [
      "3,284",
      "1"
    ]
  ],
  "required_android": "Varies with",
  "size": "Varies with devic",
  "url": "https://play.google.com/store/apps/details?id=com.sofascore.results",
  "version": "Varies with device"
}