{
  "categories": [
    "Board"
  ],
  "description": "Okey is a traditional tile-based board game with long history and many variations. It's very similar to GinRummy as it is played with the same set of boards and tiles but with different rules. Realistic feeling, simple interface and exciting gameplay!Level based, progressive rummy game with a very high re-playability value!Okey Extra Game is played by up to four players with a set of 106 tiles and 104 of them are numbered from 1 to 13 with four different colours. During the game each player has 14 tiles on his board. On each turn a player draws one tile and discards one tile. The object of the game is to be first to form a board which consists sets and runs using all 14 tiles. There are special tiles chosen in every game, called jokers which helps the player form his 14 tiles board of sets and runs, by replacing the tile which is missing. Two last tiles from 106-tile-set represented with stars are tricky 'false jokers', which against expectations acts as normal numbered tile.Features:* Play online with thousands of players* Free coins everyday* Unlimited hours of joy* Multiple game modes* High playability* High quality animationsOkey Extra is intended for an adult audience. Okey Extra do not offer \"real money gambling\" or an opportunity to win real money or prizes. Practice or success at casino gaming does not imply future success at \"real money gambling\".",
  "inc": "Digitoy Games",
  "intalled_count": "1,000,000",
  "last_update": [
    "June",
    "24",
    " 2018"
  ],
  "name": "Okey Extra - Gin Rummy Online",
  "offered_by": "Google Commerce Ltd",
  "permissions": {
    "Wi-Fi connection information": [
      "view Wi-Fi connections"
    ],
    "Other": [
      "receive data from Internet",
      "view network connections",
      "full network access",
      "run at startup",
      "control vibration",
      "prevent device from sleeping"
    ]
  },
  "rate": [
    [
      "63,805",
      "4.8"
    ],
    [
      "59,053",
      "5"
    ],
    [
      "1,781",
      "4"
    ],
    [
      "841",
      "3"
    ],
    [
      "391",
      "2"
    ],
    [
      "1,739",
      "1"
    ]
  ],
  "required_android": "Varies with",
  "size": "10",
  "url": "https://play.google.com/store/apps/details?id=com.digitoygames.okeyextra",
  "version": "Varies with device"
}