{
  "categories": [
    "Board"
  ],
  "description": "Join millions of fanatical Yatzy players. Get the best dice game ever: Yazy! It is simple, fast to learn and offers you guaranteed fun!Yatzy is composed of 13 rounds. There are five dice that can be rolled up to three times in each round. At any moment you can choose one of the 13 category boxes to score the result you achieved. Many of the sets are Poker like, such as 3 of a kind, 4 of a kind, straights, etc. Some call it dice poker game.You have to score once and only once in each category box. You must think, judge and develop your skills to progress and improve your gaming abilities. As the game unfolds your category boxes start to run out. The objective is to achieve the highest score from these 13 rounds.Features:- The best tutorial for the new players- Best, easiest interface you will find anywhere- 4 playing options *- Customizable dice colors * This amazing Yatzy dice game has 4 playing options:- One Solo Game: One column game- Triples Game: Longer three columns game- Play versus opponent: Play against the robot- Local pass and play: Play a friend using the same deviceThis is the coolest yatzy dice game ever. Try it now and let us know what you think! We are always improving. The game is also called Poker Dice Game, The Yacht Game, Yatzy, Yam\u2019s, or Yatzee. Some common typos are yahtzy, yahtzee tm, yatze, yatsy, yazee and. It is a fantastic family dice game.",
  "inc": "FIOGONIA LIMITED",
  "intalled_count": "500,000",
  "last_update": [
    "July",
    "19",
    " 2018"
  ],
  "name": "Yazy the best yatzy dice game",
  "offered_by": "Google Commerce Ltd",
  "permissions": {
    "Location": [
      "approximate location (network-based)"
    ],
    "Wi-Fi connection information": [
      "view Wi-Fi connections"
    ],
    "Photos/Media/Files": [
      "read the contents of your USB storage",
      "modify or delete the contents of your USB storage"
    ],
    "Storage": [
      "read the contents of your USB storage",
      "modify or delete the contents of your USB storage"
    ],
    "Other": [
      "receive data from Internet",
      "view network connections",
      "full network access",
      "prevent device from sleeping"
    ]
  },
  "rate": [
    [
      "5,426",
      "4.6"
    ],
    [
      "4,122",
      "5"
    ],
    [
      "830",
      "4"
    ],
    [
      "186",
      "3"
    ],
    [
      "74",
      "2"
    ],
    [
      "214",
      "1"
    ]
  ],
  "required_android": "4.4",
  "size": "35",
  "url": "https://play.google.com/store/apps/details?id=com.fiogonia.yatzy",
  "version": "1.0.11"
}