{
  "categories": [
    "Card"
  ],
  "description": "\"Favorite Solitaires\" is the collection of 12 most popular solitaire games: Algerian Patience, Calculation, Canfield, Freecell, Golf, 2 variant of Klondike, Pyramid, Scorpion, Spider, Trefoil, Tri-Peaks. For each game there is a description of the rules and a demonstration.",
  "inc": "Alexei Anoshenko",
  "intalled_count": "5,000,000",
  "last_update": [
    "September",
    "23",
    " 2017"
  ],
  "name": "Favorite Solitaires",
  "offered_by": "Google Commerce Ltd",
  "permissions": {
    "Photos/Media/Files": [
      "read the contents of your USB storage",
      "modify or delete the contents of your USB storage"
    ],
    "Storage": [
      "read the contents of your USB storage",
      "modify or delete the contents of your USB storage"
    ],
    "Other": [
      "change screen orientation",
      "receive data from Internet",
      "view network connections",
      "full network access",
      "prevent device from sleeping"
    ]
  },
  "rate": [
    [
      "39,846",
      "4.4"
    ],
    [
      "28,092",
      "5"
    ],
    [
      "5,313",
      "4"
    ],
    [
      "2,101",
      "3"
    ],
    [
      "1,561",
      "2"
    ],
    [
      "2,779",
      "1"
    ]
  ],
  "required_android": "4.0",
  "size": "9.6",
  "url": "https://play.google.com/store/apps/details?id=com.anoshenko.android.fav_solitaires",
  "version": "3.2.1"
}