{
  "categories": [
    "Card"
  ],
  "description": "Play a popular card game with the computer.The Russian word \"Durak\" means a Fool.The goal of the game is to get rid of all the cards in your hand. The rules of the game are classic. 4 suits. One suit is a trump card.Features:- Two game modes: Simple Fool and Transfer Fool.- 3 levels of difficulty.- 36 and 52 cards in the deck.- Simple and concise graphics, nothing superfluous.- Nice animations of cards. You can mix the cards in your hand.- Simple and convenient controls.- Low system requirements.- Supports Russian and English languages.- Table of score.- Supports portrait and landscape screen orientation.Good luck!",
  "inc": "cmyksoft",
  "intalled_count": "1,000,000",
  "last_update": [
    "June",
    "26",
    " 2018"
  ],
  "name": "Durak (Fool)",
  "offered_by": "Google Commerce Ltd",
  "permissions": {
    "Other": [
      "view network connections",
      "full network access"
    ]
  },
  "rate": [
    [
      "20,471",
      "4.0"
    ],
    [
      "12,297",
      "5"
    ],
    [
      "2,807",
      "4"
    ],
    [
      "1,795",
      "3"
    ],
    [
      "969",
      "2"
    ],
    [
      "2,603",
      "1"
    ]
  ],
  "required_android": "Varies with",
  "size": "5.4",
  "url": "https://play.google.com/store/apps/details?id=com.cmyksoft.durak",
  "version": "1.6.0"
}