{
  "categories": [
    "Sports"
  ],
  "description": "The World Cup is over, but the 2018-19 European soccer season is here and Onefootball is the only soccer app you need to follow thousands of teams and hundreds of leagues worldwide. Packed with all the latest news, videos, fixtures, scores, stats and key dates for your favorite teams during the season.\u26bd\ufe0fAll Leagues. All Competitions. One App. Onefootball.\u2714SOCCER NEWS, SOCCER SCORES, HIGHLIGHTS, TRANSFERS, STATS AND VIDEOSAll you need to know about your favorite US and international soccer teams: fixtures, insider news, live scores, transfer news and rumors, player profiles and video channels are always on hand in the team section.\u2714PERSONALISED CONTENTWhether you\u2019re mad for Zlatan, Wayne Rooney or Messi, crazy about Real Madrid or Atlanta United, select your favorite players, soccer clubs, national teams and leagues under the \u2018Following\u2019 tab, to get up-to-the-minute soccer content and scores that matter to you and your team. Get the latest soccer news articles daily, written by our international newsroom of soccer journalists from all over the globe. Follow competitions from MLS, Premier League, Champions League, Copa MX and F\u00fatbol Liga MX where the Apertura is about to get underway. Get the latest scoop on CR7, Neymar or Mbapp\u00e9. Get team news notifications and live match updates for La Liga and Bundesliga opening day fixtures.\u2714LIVE COMMENTARY & INSTANT PUSH NOTIFICATIONSFollow our expert analysis, predict the results of all soccer matches and vote for the best player. Get minute by minute updates during games. Customize push notifications to receive team line-ups key events, goals and red cards in the competitions you want to hear about. Whether it\u2019s about a surprise Man United team selection or a last-minute winner in the MLS, we can keep you updated. \u2714ALL THE LEAGUES & TEAMSExplore the world of soccer with access to schedules for all the international competitions and teams. If you follow Major League Soccer teams such as DC United, New York City FC or LA Galaxy you can cheer with fans all over the world! From the first match of the season to the Champions League final in May. If you love La Liga, have Premier League passion or are a Bundesliga buff, Onefootball has you covered!Stay in touch and share your feedback with us!Facebook: facebook.com/Onefootball Twitter: @OnefootballENInstagram: OnefootballEmail: feedback@onefootball.com",
  "inc": "Onefootball GmbH",
  "intalled_count": "10,000,000",
  "last_update": [
    "August",
    "1",
    " 2018"
  ],
  "name": "Onefootball - Soccer Scores",
  "offered_by": "Google Commerce Ltd",
  "permissions": {
    "Wi-Fi connection information": [
      "view Wi-Fi connections"
    ],
    "Other": [
      "receive data from Internet",
      "view network connections",
      "full network access",
      "control vibration",
      "prevent device from sleeping"
    ]
  },
  "rate": [
    [
      "907,728",
      "4.7"
    ],
    [
      "724,409",
      "5"
    ],
    [
      "133,292",
      "4"
    ],
    [
      "25,309",
      "3"
    ],
    [
      "7,859",
      "2"
    ],
    [
      "16,859",
      "1"
    ]
  ],
  "required_android": "4.4",
  "size": "20",
  "url": "https://play.google.com/store/apps/details?id=de.motain.iliga",
  "version": "10.8.1.330"
}