{
  "categories": [
    "Board"
  ],
  "description": "Play \u00c7anak Okey Plus with your friends and millions of players for free!Join your friends\u2019 tables and play instantly.Chat with other players while you play.Thousands of free chips as soon as you start playing Canak Okey Plus.PLAY NOWQuickly and easily start playing Okey with the most suitable rivals to your level by using the \u2018Play Now\u2019 option.SELECT A ROOMBecome a legend by playing every day in one of the private rooms categorized by player level.CREATE A TABLECreate your own table, defining the bet amount.PLAY WITH YOUR FRIENDSYou can see your online friends on Facebook from your friends list and join their tables directly to have Okey fun together.Additional information:\u2022 The game is free to play; however, in-app purchases are available for additional content and in-game currency. In-app purchases range from $0.99 to $99.99 USD.\u2022 Use of this application is governed by Zynga\u2019s Terms of Service, found at www.zynga.com/legal/terms-of-service. \u00a92017 Zynga Inc.",
  "inc": "Zynga",
  "intalled_count": "5,000,000",
  "last_update": [
    "July",
    "18",
    " 2018"
  ],
  "name": "\u00c7anak Okey Plus",
  "offered_by": "Google Commerce Ltd",
  "permissions": {
    "Photos/Media/Files": [
      "read the contents of your USB storage",
      "modify or delete the contents of your USB storage"
    ],
    "Storage": [
      "read the contents of your USB storage",
      "modify or delete the contents of your USB storage"
    ],
    "Wi-Fi connection information": [
      "view Wi-Fi connections"
    ],
    "Other": [
      "receive data from Internet",
      "view network connections",
      "full network access",
      "run at startup",
      "control vibration",
      "prevent device from sleeping"
    ]
  },
  "rate": [
    [
      "470,357",
      "4.7"
    ],
    [
      "423,979",
      "5"
    ],
    [
      "14,718",
      "4"
    ],
    [
      "8,649",
      "3"
    ],
    [
      "4,428",
      "2"
    ],
    [
      "18,583",
      "1"
    ]
  ],
  "required_android": "4.0.3",
  "size": "28",
  "url": "https://play.google.com/store/apps/details?id=net.peakgames.mobile.canakokey.android",
  "version": "3.28.1"
}