{
  "categories": [
    "Casual"
  ],
  "description": "Following the massive success of Dumb Ways to Die, we are giving the world something fresh, new and original to fall in love with: a sequel.Dumb Ways to Die 2: The Games has taken the world by storm; launching to the #1 spot in 83 countries with 75 million downloads and over 1.2 billion unique plays to date.Boasting all new levels and challenges, leader boards, as well as a cast of new characters, Dumb Ways to Die 2: The Games is (in our own completely biased view) the best sequel to anything, ever. And the best part is over 65 million people pledged to be safe around trains following the game\u2019s release. Dumb Ways to Die 2: The Games is bringing train safety message to the world in a cheeky and fun way.External Storage privileges are required for .OBB files and also for caching advertisements on the device.",
  "inc": "Metro Trains",
  "intalled_count": "50,000,000",
  "last_update": [
    "July",
    "12",
    " 2018"
  ],
  "name": "Dumb Ways to Die 2: The Games",
  "offered_by": "Google Commerce Ltd",
  "permissions": {
    "Photos/Media/Files": [
      "read the contents of your USB storage",
      "modify or delete the contents of your USB storage"
    ],
    "Storage": [
      "read the contents of your USB storage",
      "modify or delete the contents of your USB storage"
    ],
    "Wi-Fi connection information": [
      "view Wi-Fi connections"
    ],
    "Identity": [
      "find accounts on the device"
    ],
    "Contacts": [
      "find accounts on the device"
    ],
    "Other": [
      "receive data from Internet",
      "view network connections",
      "full network access",
      "prevent device from sleeping",
      "view network connections",
      "full network access",
      "control vibration",
      "prevent device from sleeping"
    ]
  },
  "rate": [
    [
      "1,670,554",
      "4.2"
    ],
    [
      "1,087,687",
      "5"
    ],
    [
      "233,176",
      "4"
    ],
    [
      "135,527",
      "3"
    ],
    [
      "68,188",
      "2"
    ],
    [
      "145,976",
      "1"
    ]
  ],
  "required_android": "Varies with",
  "size": "Varies with devic",
  "url": "https://play.google.com/store/apps/details?id=air.au.com.metro.DumbWaysToDie2",
  "version": "Varies with device"
}