{
  "categories": [
    "Casual",
    "Creativity"
  ],
  "description": "This Drawing is a creative space where you can learn how to color summer camp islands drawing and coloring pages!Summer Camp in The Island coloring pages collection for absolutely FREE:* Hedgehog Coloring Book* Susie Coloring Book* Oscar Coloring Book* Alice Coloring Book* Betsy Coloring Book* Max coloring book* Lucy Coloring Book* The Moon Coloring BookIn our step by step drawing and coloring games for free you will learn color, learn drawing and how to draw cute characters. It is amazing kids painting app game! Drawing on the screen , brings joy and happiness. Summer Camp in The Island Coloring Pages is free and easy to use you will learn coloring Oscar and Hedgehog so fast and you will have fun with summer campSummer Camp in The Island Coloring Pages is a coloring application with lots of images of Oscar also hedgehog,You can fill the colors in prepared image outlines and can also create your own original drawings. \u2013 Oscar Coloring Pages is cool coloring pages game in summer island.\u2013 Hedgehog Coloring Pages is the best coloring book for everyone who love Oscar games and coloring games.Summer Camp in The Island Coloring Pages is very easy to use:* download game Summer Camp in The Island Coloring Pages Google Play* open and select a coloring page camp island* color Oscar with 3 built-in palettes * zoom in, zoom out for coloring small details of bears* select another one picture in Hedgehog Coloring Book* color and recolor as many time as you want* create your own color combinations in this awesome coloring game* all coloring is saving in gallery of Summer Camp in The Island Coloring Pages* share your coloring with your friends and family in Facebook, Instagram, Twitter, WhatsApp and other social networks DISCLAIMER: This is NOT an official app of Summer Camp in The Island or The cartoon, but simply made by a fan. this app is not UNOFICIAL All copyrights and trademarks are owned by their respective owners. Pictures in this application were collected from all over the web, if we violated your copyright, please let us know and it will be removed as soon as possible thank you.",
  "inc": "skies apps",
  "intalled_count": "100",
  "last_update": [
    "July",
    "9",
    " 2018"
  ],
  "name": "Summer Camp in The Island Coloring Pages",
  "offered_by": "skies apps",
  "permissions": {
    "Photos/Media/Files": [
      "read the contents of your USB storage",
      "modify or delete the contents of your USB storage"
    ],
    "Storage": [
      "read the contents of your USB storage",
      "modify or delete the contents of your USB storage"
    ],
    "Wi-Fi connection information": [
      "view Wi-Fi connections"
    ],
    "Other": [
      "view network connections",
      "full network access"
    ]
  },
  "rate": [
    [
      "6",
      "3.5"
    ],
    [
      "3",
      "5"
    ],
    [
      "1",
      "4"
    ],
    [
      "0",
      "3"
    ],
    [
      "0",
      "2"
    ],
    [
      "2",
      "1"
    ]
  ],
  "required_android": "4.0.3",
  "size": "9.6",
  "url": "https://play.google.com/store/apps/details?id=com.summercamp.coloringbook",
  "version": "1.0.0"
}