{
  "categories": [
    "Educational",
    "Creativity"
  ],
  "description": "GROW GARDEN - let your kids discover ORGANIC GARDENING. Meet Connie the Compost and her friends the Micro organisms. They live under the trees in your Grow Garden, right next to the animals, and they love old food scraps! When you feed Connie and her friends, magic things start to happen. They start producing nutritious soil that makes your crops grow faster and taste better. So after harvesting your tasty vegetables you can treat Banja the rabbit and all the other animals in the cottage. Along the way your Item Collection will also grow with cool items, good food, and badges to reward your progress. Grow Garden is the fun place to learn about organic gardening and sustainable farming. Kids get to learn and understand environmental issues in a simple and entertaining way. FEATURES: \u2022 Rich edutainment game with hundreds of possibilities\u2022 Multitouch interface, play together with your friends\u2022 Kid-friendly interface \u2022 Handcrafted scenography \u2022 No third-party advertising \u2022 Diverse group of fun characters \u2022 No in-app purchases \u2022 \"Learn-as-you-play\" game. No written instructions \u2022 Tips and tricks ABOUT GRO PLAY We are an independent creative studio based in Stockholm, Sweden, that offers eco-educational toys, games and apps. Gro Play is a founded by the social entrepreneur Patricia Richter, and is the proud winner of the Swedish Living Green award 2012. STAY TUNED Like us on facebook: www.facebook.com/GroPlay Instagram: http://www.instagr.am/GroPlay Twitter: http://www.twitter.com/GroPlay Visit our website: www.GroPlay.com",
  "inc": "Gro Play Digital",
  "intalled_count": "1,000",
  "last_update": [
    "June",
    "4",
    " 2018"
  ],
  "name": "Grow Garden",
  "offered_by": "Gro Play Digital",
  "permissions": {
    "Other": [
      "receive data from Internet",
      "view network connections",
      "full network access",
      "prevent device from sleeping"
    ]
  },
  "rate": [
    [
      "59",
      "4.4"
    ],
    [
      "40",
      "5"
    ],
    [
      "12",
      "4"
    ],
    [
      "2",
      "3"
    ],
    [
      "2",
      "2"
    ],
    [
      "3",
      "1"
    ]
  ],
  "required_android": "4.1",
  "size": "63",
  "url": "https://play.google.com/store/apps/details?id=com.groplay.grogarden",
  "version": "1.2"
}