{
  "categories": [
    "Educational",
    "Creativity"
  ],
  "description": "Teaching your kids how to paint pictures correctly has never been easier with this coloring game for LEGO Superhero for kids among kids coloring games which is full of superheroes suchas super spider hero, incredible monster, black flying panther, captain US and a best coloring game.How to color LEGO superheros This coloring game or coloring pages is not designed only for your daughter but for your son as well so this is one of the coloring games for girlsand boys.Color the coloring pages of LEGO superheroes on your phone or tablet in this virtual coloring game and painting book and experience a new coloring games.This coloring games for girls and boys ia s kids coloring game which is so easy that anyone can play, paint & draw in coloring pages.So install and give a chance to your child among kids coloring games.How to color LEGO superheros book pages and coloring book for kids is a kids coloring game where children can color their favorite superheroes cartoonscoloring pages.Both, boys and girls will love this coloring game of children coloring and drawing book pages which is a best coloring games for girls and boys.So come and choose right colors to paint and play.Among coloring lego games Superhero Coloring book lets you have a lot of fun with educational coloring game also you will know how to draw super spider hero,incredible monster, black flying panther,captain US and a lot of superheroes characters easily by coping the drawings to your device in hero coloring book a best game among kids coloring games.Educational games and lego coloring games are similar in increasing child skills & interest in learning new things using the phone or tablet in a fun way.So through this hero coloring game for kids and coloring book for kids they can enjoy the perks of learn to paint, color and play.So click install this coloring book for kids which is best coloring games for girls and boys for learn to paint.Super hero Coloring Book Pages is an incredible game for kids specially who love to color and paint.Your girl and son must listen to the stories of superheroes so, let them get into the magical world of educational coloring game,the super hero coloring book.Another advantage of this coloring book for kids and kids coloring game is that there is no need to draw something because the sketchesare already over there, little kid just paint with right colors and learn to paint in kids coloring games.This finger paint fill and draw coloring game is a sweet educational coloring game package for your kids.It will be a love game for him or her if they like to play paint, brushes, books, drawings, dye and cleanup games.In this coloring games for girls and boys they will enjoy hero coloring a lot and provide you a huge time to get relax while playing coloring book for kids.And meanwhile they will learn how to paint hero coloring in coloring book, remember colors and decorate superheroes.Game PlayYour child is just one click away from enjoying educational coloring game of the superhero coloring pages so,install the free app ask your kid to select the beautiful superheroes.Than it would be a happy tapy and choose the color they want to fill but try to fill right colors in coloring book for kids.Every part like the shoe, feather, hair etc can be paint separately. So download this free game and open the box of entertainment with learn to paint!This app offers you to learn:- how to color spider-man- how to color batman- how to color capitain america- how to color hulk- how to color superman- how to color wonder woman- how to color incredible",
  "inc": "RedApps4Kids",
  "intalled_count": "10",
  "last_update": [
    "August",
    "3",
    " 2018"
  ],
  "name": "LEGO Superheros Coloring Game : Kids Coloring",
  "offered_by": "RedApps4Kids",
  "permissions": {
    "Photos/Media/Files": [
      "read the contents of your USB storage",
      "modify or delete the contents of your USB storage"
    ],
    "Storage": [
      "read the contents of your USB storage",
      "modify or delete the contents of your USB storage"
    ],
    "Other": [
      "view network connections",
      "full network access"
    ]
  },
  "rate": [],
  "required_android": "4.1",
  "size": "31",
  "url": "https://play.google.com/store/apps/details?id=com.LEGOsuperforkids.coloringforkids",
  "version": "6.0"
}