{
  "categories": [
    "Educational",
    "Creativity"
  ],
  "description": "Welcome to Tic Tic Games world of beautiful Dolls Coloring book for kids and adulte LOL!We introduces to you Dolls Coloring Pages one of the best coloring book for everyone who love Dolls games and coloring games.Dolls Coloring book has 50+ beautiful Dolls girl coloring game for having fun and Surprise!Enjoy Enjoy the pictures of LOL ,Dolls,Surprise Eggs,Eyebrows,Cloths,Fairy,Hair,Eyelash,Hair do,Blush,Makeup kit,Purse,Wallet,Beach cloths,Sandals,Shoes,Glass,Sunglass And many more girl accessories!also you feel the vibes of Coloring Dolls dress, hair, crown. Dolls Coloring game is perfect for kids imagination!Dolls Coloring book :The game includes the following features:* 60 colorable pictures of makeup, rings, clothes, wallets, bags and other accessories.* 20 bright and beautiful colors to use for drawing and filling.* A free-drawing game for creating original drawings.* Filling an entire region with color, drawing with a pencil or a brush, and using an eraser.* Simply tap to pick color and paint, all you need is your imagination!* Lots of beautiful illustrations and drawings to color, and more are coming!* Personalized color palettes, pick your favorite!* Design unique work with amazing filters and effects* Share your creations with family and friends* Be able to save different version of your artwork for the same sketch and revisit later!* Pinch to zoom in/out, easy coloring games!How to play Dolls LOL coloring Game :* download Dolls, Draw Set of Female Accessories Coloring book from Google Play* open Srprise and select one coloring page of Dolls, Draw Set of Female Accessories Coloring Pages* color Dolls awith 3 built*in palettes* zoom in, zoom out for coloring Female Accessorie of small details of Unicorn* select another one picture in Dolls Coloring Pages* \u0441olor Dolls and recolor as many time as you want* \u0441reate your own color combinations in this awesome Dolls coloring game* all colouring Dolls are saving in gallery of Unicorn Coloring Pages automatically* share your coloring Unicorn with your friends and family in Facebook, Instagram, Twitter, WatsApp and other social networksIf you have any problem in using process, please contact us at:ssivertami@gmail.com",
  "inc": "TIC TIC GAMES",
  "intalled_count": "100",
  "last_update": [
    "July",
    "28",
    " 2018"
  ],
  "name": "Dolls Coloring Book Pages: Kids Coloring Surprise",
  "offered_by": "TIC TIC GAMES",
  "permissions": {
    "Other": [
      "view network connections",
      "full network access"
    ]
  },
  "rate": [],
  "required_android": "4.1",
  "size": "22",
  "url": "https://play.google.com/store/apps/details?id=com.forr.dollscoloring1",
  "version": "1.0"
}