{
  "categories": [
    "Educational",
    "Creativity"
  ],
  "description": "Subscribe to BabyBus Kids TV \u25ba\u25ba https://goo.gl/llI2fXMy Little Toothbrush teaches your children the proper brushing techniques. More importantly, this app is designed to help children form a habit of brushing and maintaining their healthy teeth. Let them sing along with the toothbrush song!Fun features:- Sing the teeth brushing song- Play and practice techniques- Cheer on friends and see great results!Children often think of brushing their teeth as a task rather than a habit. They tried it out and stopped. With this app, you will see them form the habit and fall in love with it. Play it and start brushing!\u2014\u2014\u2014\u2014\u2014BabyBus provides intelligent early childhood educational content online for children up to 6 years of age. BabyBus have developed early educational games, songs, and cartoons focusing on language, health, science, society, and art, all based on Montessori education theory. BabyBus believes \"joyful learning\" is the starting point of education, and aims to inspire children's delight for learning, to support happy, smart children around the world. \u2014\u2014\u2014\u2014\u2014Contact us:E-mail: en@babybus.comWebsite: http://www.babybus.com",
  "inc": "BabyBus Kids Games",
  "intalled_count": "1,000,000",
  "last_update": [
    "August",
    "1",
    " 2018"
  ],
  "name": "Baby Panda's Toothbrush",
  "offered_by": "BabyBus Kids Games",
  "permissions": {
    "Wi-Fi connection information": [
      "view Wi-Fi connections"
    ],
    "Other": [
      "receive data from Internet",
      "view network connections",
      "full network access",
      "prevent device from sleeping",
      "modify system settings"
    ]
  },
  "rate": [
    [
      "1,278",
      "4.2"
    ],
    [
      "910",
      "5"
    ],
    [
      "90",
      "4"
    ],
    [
      "79",
      "3"
    ],
    [
      "55",
      "2"
    ],
    [
      "144",
      "1"
    ]
  ],
  "required_android": "4.0.3",
  "size": "42",
  "url": "https://play.google.com/store/apps/details?id=com.sinyee.babybus.brushteeth.global",
  "version": "8.25.10.00"
}