{
  "categories": [
    "Entertainment",
    "Creativity"
  ],
  "description": "The 3D version of the HOTTEST coloring game No.Draw is here!  Hop on the 3D coloring train and bring to life amazing 3D pixel arts!  EVERYTHING is in 3D!HOW TO PLAY?- Choose an amazing 3D Pixel Art piece.- Fill in colors by matching the numbers of the pixel blocks.  Remember to move and rotate the 3D model and fill all the blocks.- DONE!  And don\u2019t forget to SHARE your work on Facebook, Instagram or others!FEATURES:- Tons of 3D Pixel Arts designed and made by our designers, updated regularly.- 3D No.Draw also helps children develop better hand-eye coordination, recognition of colors and numbers, and spatial awareness.- Auto generated video of your coloring process.  Share it, it looks amazing!Download and play for FREE now!  Happy coloring everyone!",
  "inc": "Creative APPS",
  "intalled_count": "1,000,000",
  "last_update": [
    "August",
    "2",
    " 2018"
  ],
  "name": "3D No.Draw \u2013 Color by Number",
  "offered_by": "Creative APPS",
  "permissions": {
    "Photos/Media/Files": [
      "read the contents of your USB storage",
      "modify or delete the contents of your USB storage"
    ],
    "Storage": [
      "read the contents of your USB storage",
      "modify or delete the contents of your USB storage"
    ],
    "Wi-Fi connection information": [
      "view Wi-Fi connections"
    ],
    "Other": [
      "receive data from Internet",
      "view network connections",
      "full network access",
      "control vibration",
      "prevent device from sleeping"
    ]
  },
  "rate": [
    [
      "8,698",
      "4.6"
    ],
    [
      "7,002",
      "5"
    ],
    [
      "773",
      "4"
    ],
    [
      "364",
      "3"
    ],
    [
      "107",
      "2"
    ],
    [
      "452",
      "1"
    ]
  ],
  "required_android": "4.1",
  "size": "28",
  "url": "https://play.google.com/store/apps/details?id=com.no.draw.color.by.number",
  "version": "1.0.2"
}