{
  "categories": [
    "Entertainment",
    "Creativity"
  ],
  "description": "Want to enhance your gaming experience while playing the Minecraft Pocket Edition? Looking for a unique tool to create and edit your own Custom Minecraft skins? Start using this custom skin creator app for Minecraft PE - Custom Skin Creator Minecraft. This is not a game, it is just a skin creator for Minecraft Pocket Edition.Using the free \u201cCustom Skin Creator for Minecraft\u201d app, you can make skins. On the Custom Skin Creator for Minecraft PE, you can directly dressing to your skin and create just the look you've been searching for! Create skin using custom skin parts and make custom skins never seen anywhere before.Still looking for reasons that make \u201cCustom Skin Creator Minecraft\u201d the most unique among all minecraft skin apps? Here are features that make the app incredible--\tCreate your own custom skins with Minecraft skin creator -\tMinecraft 1.8+ Compatible-\tSkin creator for minecraft pocket edition ( also you can use in computer version of minecraft by using export to minecraft)-\tSupport for both 64x32 (old version) and 64x64 (new version) skins.-\tExport skins in both 64x32 old minecraft skin format for 1.8 below and 64x64 new 1.8+ minecraft skin-\tYou can just pick any one and start dressing.-\tCreate your skin from Steve, Alex, Blank skin.-\tUpload to Minecraft.net for Computer editon.-\tFor minecraft PE, save custom skins to your device -\tColorful, creative, funny and cool skin parts for boys, girls and special characters-\tLarge collection of dressing and accessories to apply directly to your skin.-\tRandom skin you can create and enjoy thousand of skins. -\tReset tools useful for editing the skin also.-\tView Skin Editor 360 Degree 3D after editing the skin.-\tLoad custom pre-made skin for Minecraft  - Minecraft skin stealer-\tAllows stealing skins from any other players using their username.-\tImport minecraft skins from your gallery-\tSave Minecraft skin characters-\tExport to Minecraft PE (Minecraft pocket edition)-\tExport custom miskins to your gallery.-\tDownload external minecraft skins-       Use pre-made skin parts like hat,hair,crown,jacket,pant,mob etc. to create custom skin very easilyWe are constantly working hard on making the \u201cCustom Skin Creator Minecraft\u201d app better and more useful for you. We need your constant support to get going. Please feel free to email us at minebuilder.studioz@gmail.com for any queries/suggestions/problems or if you just want to say hello. We would love to hear from you. If you have enjoyed any feature of the \u201cCustom Skin Creator Minecraft\u201d app, do not forget to rate us on play store.Custom Skin Creator Minecraft is not developed by Mojang. Minecraft is a trademark of Mojang AB. The Minecraft Name, the Minecraft Brand and the Minecraft Assets are all property of Mojang AB or their respectful owner.Please note that we are not affiliated with Mojang AB but we adhere to the terms set out by Mojang AB at https://www.minecraft.net/terms",
  "inc": "MineBuilder.Studioz",
  "intalled_count": "500,000",
  "last_update": [
    "June",
    "11",
    " 2018"
  ],
  "name": "Custom Skin Creator for Minecraft PE",
  "offered_by": "MineBuilder.Studioz",
  "permissions": {
    "Photos/Media/Files": [
      "read the contents of your USB storage",
      "modify or delete the contents of your USB storage"
    ],
    "Storage": [
      "read the contents of your USB storage",
      "modify or delete the contents of your USB storage"
    ],
    "Other": [
      "receive data from Internet",
      "view network connections",
      "full network access",
      "prevent device from sleeping",
      "set an alarm"
    ]
  },
  "rate": [
    [
      "4,794",
      "4.3"
    ],
    [
      "3,446",
      "5"
    ],
    [
      "391",
      "4"
    ],
    [
      "277",
      "3"
    ],
    [
      "77",
      "2"
    ],
    [
      "603",
      "1"
    ]
  ],
  "required_android": "4.2",
  "size": "14",
  "url": "https://play.google.com/store/apps/details?id=com.minecraft.minebuilderskincreator",
  "version": "2.0.0"
}