{
  "categories": [
    "Casual",
    "Creativity"
  ],
  "description": "Unicorns are magical horses with a horn on their head. In this game you can create a huge number of outfits  from over 180 items for 8 pet unicorns. Categories of items in the game: capes, headbands, hoofs, horns, manes & tails of varioius shapes and colors, mane & tail decorations, necklaces, skirts, body stickers and even wings! 7 backgrounds with rainbows, meadows and magical forests. All of that is completely free, no in-app purchases! A real feast for all horse and animal lovers!We have more dressup/makeover games for girls about pets and animals: \"Pony & Girl Dress Up\", \"Cat Dress Up\", and \"Dog Puppy Dress Up. To download them and play completely free, without any in-app purchases, tap the \"More by Games For Girls\" link.",
  "inc": "Best Dress Up Games For Girls",
  "intalled_count": "1,000,000",
  "last_update": [
    "April",
    "3",
    " 2018"
  ],
  "name": "Unicorn Dress Up - Girls Games",
  "offered_by": "Best Dress Up Games For Girls",
  "permissions": {
    "Photos/Media/Files": [
      "read the contents of your USB storage",
      "modify or delete the contents of your USB storage"
    ],
    "Storage": [
      "read the contents of your USB storage",
      "modify or delete the contents of your USB storage"
    ],
    "Other": [
      "view network connections",
      "full network access"
    ]
  },
  "rate": [
    [
      "2,565",
      "4.4"
    ],
    [
      "1,917",
      "5"
    ],
    [
      "247",
      "4"
    ],
    [
      "158",
      "3"
    ],
    [
      "41",
      "2"
    ],
    [
      "202",
      "1"
    ]
  ],
  "required_android": "4.1",
  "size": "36",
  "url": "https://play.google.com/store/apps/details?id=com.gamesforgirlsfree.unicorn",
  "version": "1.0.4"
}