{
  "categories": [
    "Education",
    "Creativity"
  ],
  "description": "Features of Magic Slate app\u2022 Kids can learn drawing or writing alphabets and numbers\u2022 Save kids drawings in mobile memory.\u2022 Kids can begin their study with this amazing app\u2022 Multiple brush size is available\u2022 Share and print your kid's drawings and art work with family and friends\u2022 Eraser available to make corrections\u2022 Multiple color selectionDon't keep \"Magic Slate Pro\" app a secret! We grow with your support, keep sharing :)Please don't leave negative feedback! Instead, please contact us @ ng.labs108@gmail.com and we'll do our best to solve your issues.",
  "inc": "ng-labs",
  "intalled_count": "1,000",
  "last_update": [
    "July",
    "9",
    " 2018"
  ],
  "name": "Magic Slate Pro",
  "offered_by": "ng-labs",
  "permissions": {
    "Photos/Media/Files": [
      "read the contents of your USB storage",
      "modify or delete the contents of your USB storage"
    ],
    "Storage": [
      "read the contents of your USB storage",
      "modify or delete the contents of your USB storage"
    ],
    "Other": []
  },
  "rate": [
    [
      "24",
      "4.6"
    ],
    [
      "18",
      "5"
    ],
    [
      "4",
      "4"
    ],
    [
      "1",
      "3"
    ],
    [
      "0",
      "2"
    ],
    [
      "1",
      "1"
    ]
  ],
  "required_android": "4.0",
  "size": "851",
  "url": "https://play.google.com/store/apps/details?id=com.ng_labs.magicslate.pro",
  "version": "1.9"
}