{
  "categories": [
    "Educational",
    "Creativity"
  ],
  "description": "Play and learn with Laa-Laa in Teletubbyland! Laa-Laa loves to perform and dance. Can you help her with her dance routine, props and choice of music?Teletubbies has been designed to encourage young children to engage with content creatively. Full of fun and exploration, it inspires confidence and curiosity and nurtures childhood development. FEATURES:\u2022 Explore a beautiful, immersive, 3D world full of touch points for children to discover.\u2022 Interact with iconic items from the show - the Windmill, Custard Machine, Tubby Toast, Tubby Phone, Rabbits and more.\u2022 Open-ended play with hours of enjoyment.\u2022 No in-app purchases or third-party advertising, so your child can play uninterrupted and at their own pace.\u2022 Personal information will never be shared and COPPA compliant.\u2022 Tested and loved by children.ABOUT THE TELETUBBIES:The timeless, unique and much-loved Teletubbies are re-imagined for a new generation. Tinky Winky, Dipsy, Laa-Laa and Po have retained their loveable, huggable distinctive features, but offer some exciting and surprising new developments too. Laa-Laa is one of four in a suite of collectable apps designed and developed exclusively for Teletubbies. SUPPORT:If you have any questions or problems with the Laa-Laa app, please visit: http://www.teletubbiesapps.com/faq. We love to know what you think, so please get in touch. If your child likes our Laa-Laa app, please consider leaving a review.COMPATIBILITY: Unfortunately, the Laa-Laa app is not compatible with some older devices. Please check the 'Compatibility list' before you download.",
  "inc": "Cube Kids",
  "intalled_count": "1,000",
  "last_update": [
    "August",
    "1",
    " 2016"
  ],
  "name": "Teletubbies: Laa-Laa's Dancing Game",
  "offered_by": "Cube Kids",
  "permissions": {
    "Photos/Media/Files": [
      "read the contents of your USB storage",
      "modify or delete the contents of your USB storage"
    ],
    "Storage": [
      "read the contents of your USB storage",
      "modify or delete the contents of your USB storage"
    ],
    "Other": [
      "view network connections",
      "full network access"
    ]
  },
  "rate": [
    [
      "11",
      "4.5"
    ],
    [
      "8",
      "5"
    ],
    [
      "2",
      "4"
    ],
    [
      "0",
      "3"
    ],
    [
      "0",
      "2"
    ],
    [
      "1",
      "1"
    ]
  ],
  "required_android": "4.4",
  "size": "47",
  "url": "https://play.google.com/store/apps/details?id=com.CubeKids.LaaLaa",
  "version": "2.1"
}