{
  "categories": [
    "Role Playing",
    "Creativity"
  ],
  "description": "It's been half a month since the Beach Queen Scramble. Welcome back to an exciting new semester! This is still a story about Sophia and her friends. Guess you all know what happened among them before. So, how will the story go? Will Sophia and Rebecca be friends again? Will Sophia forgive Javier for not telling her the truth? Will Sophia encounter new difficulties? You gotta find it out by yourself!Features:- A new theme of cheerleaders offers you different enjoymentLove sports? Love the enthusiasm of cheerleaders? This will be a good place for you.- 24 levels involve both mind and brainDozens of levels offer you endless fun. Style Sophia for different occasions and play fun-filled mini games.- A story full of ups and downs helps you witness the growth of SophiaThe seemingly peaceful campus actually happens a plenty of conflicts. You can only know what will happen after reading through the whole story.- Use the camera to freeze the beauty of high school girlsCheerleader uniforms, evening dresses... be sure to take unique pictures of the girls with rich expressions.About Libii:With over 600 million downloads and growing, Libii is committed to creating innovative games for kids. We'll keep working on establishing a good relationship with both parents and their children and bringing a healthy, happy atmosphere for them.Visit us: http://www.libii.com/Like us: http://www.facebook.com/LibiiGameContact us: Got any ideas? Suggestions? Need technical support? Please feel free to contact us 24/7 at WeCare@libii.comNeed You Know:This app is totally free to download and play, some basic items are also free to use, but some additional items need you to purchase and pay to unlock. Therefore, if you do not want to use these items, please turn off the in-app purchase in your settings. Thanks.",
  "inc": "Libii",
  "intalled_count": "100,000",
  "last_update": [
    "December",
    "19",
    " 2017"
  ],
  "name": "Cheerleader Clash - Fashion High School",
  "offered_by": "Libii",
  "permissions": {
    "Photos/Media/Files": [
      "access USB storage filesystem",
      "read the contents of your USB storage",
      "modify or delete the contents of your USB storage"
    ],
    "Storage": [
      "read the contents of your USB storage",
      "modify or delete the contents of your USB storage"
    ],
    "Camera": [
      "take pictures and videos"
    ],
    "Wi-Fi connection information": [
      "view Wi-Fi connections"
    ],
    "Other": [
      "view network connections",
      "full network access",
      "install shortcuts",
      "uninstall shortcuts"
    ]
  },
  "rate": [
    [
      "1,954",
      "3.9"
    ],
    [
      "1,186",
      "5"
    ],
    [
      "162",
      "4"
    ],
    [
      "164",
      "3"
    ],
    [
      "81",
      "2"
    ],
    [
      "361",
      "1"
    ]
  ],
  "required_android": "3.0",
  "size": "69",
  "url": "https://play.google.com/store/apps/details?id=com.libii.cheerleaderclash",
  "version": "1.0"
}