{
  "categories": [
    "Entertainment",
    "Creativity"
  ],
  "description": "The best app for coloring book therapy is now on your Android phone!And it is ALL FREE! for all the beautiful illustrations,including mandala,floral and animals, along with many cool colorful palettes! A mind journey which makes you anxiety free and stress relieving!Explore the secret garden created in beautifully detailed illustrations and drawings and bring them to life using those colorful palettes with your imagination.Have fun in this relaxing painting experience, refill the energy and let anxiety fade away through coloring games.\u2605 Simply tap to pick color and paint, all you need is your imagination!\u2605 100+ beautiful illustrations and drawings to color!\u2605 Personalized color palettes, pick your favorite!\u2605 Design unique work with amazing filters and effects\u2605 Share your creations with family and friends\u2605 Be able to save different version of your artwork for the same sketch and revisit later! \u2605 Pinch to zoom in/out, easy coloring games!The best colour therapy game ever!Download Colorfeel 2.0 for free today and keep your eyes in our frequent updates for lots of new content.Our Facebook Page:https://www.facebook.com/Colorfeel-1212107172140488/",
  "inc": "Coloring Games Free",
  "intalled_count": "1,000,000",
  "last_update": [
    "April",
    "30",
    " 2018"
  ],
  "name": "Coloring Book",
  "offered_by": "Coloring Games Free",
  "permissions": {
    "Phone": [
      "read phone status and identity"
    ],
    "Photos/Media/Files": [
      "read the contents of your USB storage",
      "modify or delete the contents of your USB storage"
    ],
    "Storage": [
      "read the contents of your USB storage",
      "modify or delete the contents of your USB storage"
    ],
    "Device ID & call information": [
      "read phone status and identity"
    ],
    "Other": [
      "view network connections",
      "full network access"
    ]
  },
  "rate": [
    [
      "24,546",
      "4.5"
    ],
    [
      "17,954",
      "5"
    ],
    [
      "3,715",
      "4"
    ],
    [
      "1,605",
      "3"
    ],
    [
      "373",
      "2"
    ],
    [
      "899",
      "1"
    ]
  ],
  "required_android": "4.0",
  "size": "36",
  "url": "https://play.google.com/store/apps/details?id=com.colorfeel.coloring",
  "version": "2.1.2"
}