{
  "categories": [
    "Books & Reference",
    "Creativity"
  ],
  "description": "NOTE: This app will only work if you download an image marker from ExperienceAnomaly.com/ccc or use the children's book Creative Creature Catcher.Experience the creatures of Creative Creature Catcher in full 3D through this AUGMENTED REALITY app.  Simply open the book, launch the app and point the camera at the pages and watch the magic unfold.  Alternatively, visit ExperienceAnomaly.com/ccc to print out a marker and try without the book.Many different creatures pop out at you with interactivity, animation and sound!",
  "inc": "Anomaly Productions, Inc.",
  "intalled_count": "10",
  "last_update": [
    "July",
    "20",
    " 2018"
  ],
  "name": "Creative Creature Catcher AR",
  "offered_by": "Anomaly Productions, Inc.",
  "permissions": {
    "Photos/Media/Files": [
      "read the contents of your USB storage",
      "modify or delete the contents of your USB storage"
    ],
    "Storage": [
      "read the contents of your USB storage",
      "modify or delete the contents of your USB storage"
    ],
    "Camera": [
      "take pictures and videos"
    ],
    "Other": [
      "view network connections",
      "full network access"
    ]
  },
  "rate": [],
  "required_android": "4.1",
  "size": "81",
  "url": "https://play.google.com/store/apps/details?id=com.anomalyproductions.CCC",
  "version": "1.0"
}