{
  "categories": [
    "Educational",
    "Education"
  ],
  "description": "Play an adventure game and have fun while learning to code i.e. program computers. Use visual instructions to guide Marco or Sophia through a series of levels as they try to discover themsevles. In this journey you will learn how to think as a software developer one step at a time! Instructions are in the form of the standard visual programming language \"Blockly\", which is the same used by the official Hour of Code tutorials.Based on an original story, this is so fun to play that you will forget it's an educational game from level one! Designed for 6 to 12 y.o. kids by a team of experts in engineering, arts and education.Run Marco is recommended in the official website for the Hour of Code.The first level set in the Jungle, teaches basic instructions and sequence of commands, different types of iteration and conditional logic.The game is translated in 26 languages and more are coming soon.Feel free to send us your feedback to: support@allcancode.com",
  "inc": "Allcancode, Inc.",
  "intalled_count": "50,000",
  "last_update": [
    "June",
    "20",
    " 2016"
  ],
  "name": "Run Marco!",
  "offered_by": "Allcancode, Inc.",
  "permissions": {
    "Other": [
      "full network access"
    ]
  },
  "rate": [
    [
      "414",
      "4.3"
    ],
    [
      "293",
      "5"
    ],
    [
      "44",
      "4"
    ],
    [
      "20",
      "3"
    ],
    [
      "13",
      "2"
    ],
    [
      "44",
      "1"
    ]
  ],
  "required_android": "4.4",
  "size": "62",
  "url": "https://play.google.com/store/apps/details?id=com.allcancode.runmarco",
  "version": "2.2.1"
}