{
  "categories": [
    "Simulation",
    "Creativity"
  ],
  "description": "Hungry? Get baking! Become the best cake baker in town and create the yummiest cakes, in this delicious cooking game! This cooking game\u2019s beautiful 3D art will make you feel like you\u2019re baking a real cake! Yummy! What are you waiting for? Get your mixer out and start cracking those eggs! Be the best cake baker the world has ever seen! What\u2019s your favorite type of cake? Sweet birthday cakes? Fancy wedding cakes? Whatever it is, you can make it! Decorate your cakes to make them extra beautiful, and take photos so you can show your friends your yummy creations! You can even enter your cakes in a contest and serve them to your friends at the cake party!Features:> Learn how to bake the most delicious cakes EVER in this fun cooking game!> Tons of mouth-watering cake recipes to make for you and your friends!> Use professional baker tools to bake, design & decorate the most delicious cakes!> From rainbow-sprinkled birthday cakes to strawberry cupcakes, the choices are infinite!> Decorate your cakes with yummy frosting, delicious decorations & adorable toppers!> Are those wedding bells? Design and bake a beautiful cake for the bride. > Put the prettiest picture of yourself on your very own cake!> Have a cake party with your fuzzy bunny, kitty and puppy friends, cute babies, and more!> Make the party extra festive with your very own party decorations!> Enter the cake bake competition, vote for your favorite cake, and win first prize!> To-die-for dark chocolate, cherry-banana cake or cheesecake? You choose - You\u2019re the baker! > It\u2019s princess party time! Put your favorite princess on a cake! > Take pictures of your masterpiece to show off your gorgeous cake designs!> Make a cake album so you\u2019ll always remember your incredibly delicious creations!> Tons of adorable and fun coloring pages for you to draw in, in this awesome cooking game!About Coco PlayCoco Play is China-based developer of creative and unique apps for kids and the whole family. Founded in 2013, Coco Play provides rich 3D simulation-based games for the whole family. Coco Play is a subsidiary of TabTale, a leading, global creator of innovative games, interactive books and educational apps.Visit us: http://www.tabtale.com/ Like us: http://www.facebook.com/TabTaleFollow us:@TabtaleWatch us: http://www.youtube.com/iTabtale CONTACT US Let us know what you think! Questions? Suggestions? Technical Support? Contact us 24/7 at WeCare@TabTale.com.FOR PARENTS: \tThe app is free to play but certain in-game items may require payment. You may restrict in-app purchases by disabling them on this device. The app may include advertising for TabTale and certain third parties which will redirect users to our sites, apps or third-party sites.Privacy is important to us. The app may enable collection of limited user data by TabTale or its carefully selected providers (e.g. ad networks and analytics) for limited legal purposes described in our Privacy Policy (e.g. respond to support queries; enable, analyze and improve the app\u2019s features and services; serve contextual ads). The app includes certain features only accessible behind an age-gate to protect children (e.g. restrict behavioral ads; social networks links to connect with others while playing; option to accept push notifications to inform of exciting news e.g. updates). By downloading or using the app you accept our Privacy Policy: https://tabtale.com/privacy-policy/  and Terms of Use: https://tabtale.com/terms-of-use/   and permit such uses for users of your device.",
  "inc": "Coco Play By TabTale",
  "intalled_count": "10,000,000",
  "last_update": [
    "July",
    "9",
    " 2018"
  ],
  "name": "Real Cake Maker 3D - Bake, Design & Decorate",
  "offered_by": "Coco Play By TabTale",
  "permissions": {
    "Photos/Media/Files": [
      "read the contents of your USB storage",
      "modify or delete the contents of your USB storage"
    ],
    "Storage": [
      "read the contents of your USB storage",
      "modify or delete the contents of your USB storage"
    ],
    "Camera": [
      "take pictures and videos"
    ],
    "Other": [
      "view network connections",
      "full network access",
      "run at startup",
      "prevent device from sleeping"
    ]
  },
  "rate": [
    [
      "117,488",
      "4.4"
    ],
    [
      "86,184",
      "5"
    ],
    [
      "13,047",
      "4"
    ],
    [
      "8,433",
      "3"
    ],
    [
      "2,421",
      "2"
    ],
    [
      "7,403",
      "1"
    ]
  ],
  "required_android": "4.1",
  "size": "94",
  "url": "https://play.google.com/store/apps/details?id=com.cocoplay.cakemaker",
  "version": "1.7.0"
}