{
  "categories": [
    "Educational",
    "Creativity"
  ],
  "description": "Extra, extra! The ice cream hunter is caught red-handed!Like any other place, there are lots of stories going on here every day, except that most of the news in this town is about Candy - a little girl who uses her superpowers to bring the villains to justice. Her x-ray vision allows her to see through things and help people get their lost stuff back. With the speed of light, she can easily catch the angry monkey and kick the troublemaker out of town. She's even strong enough to fight the mama ghost and give peace back to this town. Come and experience the thrilling adventures of incredible Candy as she fights crime every day.Features- A lot of fabulous outfits for a little heroTons of possible combinations to dress the incredible girl. Give her a cool style to dazzle.- Cool adventures unfold every day. Be ready for adventures and indulge yourself in a world full of fun.- Use superpowers to make a differenceThe speed of a bullet, x-ray vision, and the power to fly... Use the superpowers to help people and make the town stay great.- Great mini games filled to the brim with funPlay great mini games and explore action-packed stories.About Libii:With over 800 million downloads and growing, Libii is committed to creating innovative games for kids. We'll keep working on establishing a good relationship with both parents and their children and bringing a healthy, happy atmosphere for them.Visit us: http://www.libii.com/Like us: http://www.facebook.com/LibiiGameContact us: Got any ideas? Suggestions? Need technical support? Please feel free to contact us 24/7 at WeCare@libii.comNeed You Know:This app is totally free to download and play, some basic items are also free to use, but some additional items need you to purchase and pay to unlock. Therefore, if you do not want to use these items, please turn off the in-app purchase in your settings. Thanks.",
  "inc": "Libii",
  "intalled_count": "5,000",
  "last_update": [
    "July",
    "10",
    " 2018"
  ],
  "name": "Superhero Candy - The Incredible Superpower Girl",
  "offered_by": "Libii",
  "permissions": {
    "Phone": [
      "read phone status and identity"
    ],
    "Photos/Media/Files": [
      "access USB storage filesystem",
      "read the contents of your USB storage",
      "modify or delete the contents of your USB storage"
    ],
    "Storage": [
      "read the contents of your USB storage",
      "modify or delete the contents of your USB storage"
    ],
    "Wi-Fi connection information": [
      "view Wi-Fi connections"
    ],
    "Device ID & call information": [
      "read phone status and identity"
    ],
    "Other": [
      "read Home settings and shortcuts",
      "view network connections",
      "full network access",
      "install shortcuts",
      "uninstall shortcuts"
    ]
  },
  "rate": [
    [
      "108",
      "4.5"
    ],
    [
      "88",
      "5"
    ],
    [
      "6",
      "4"
    ],
    [
      "1",
      "3"
    ],
    [
      "1",
      "2"
    ],
    [
      "12",
      "1"
    ]
  ],
  "required_android": "4.1",
  "size": "94",
  "url": "https://play.google.com/store/apps/details?id=com.libii.incrediblecandy",
  "version": "1.0"
}