{
  "categories": [
    "Educational",
    "Education"
  ],
  "description": "Have you ever thought of teaching your children English in a fun and easy way? Do you wonder how to do it so that your toddler learns alphabet effortlessly? This great kids game will help your children to learn many new things, including:\u2714 The alphabet\u2714 Letters\u2714 Spelling \u2714 English words\u2714 English pronunciationApplication is totally for FREE!But mostly, your kids will have a lot of fun with this game! It proves that learning can be both fun and motivating experience! Try our newest educational game Happy alphabet ABC for kids! Enjoy playing with your toddlers and teaching them the alphabet! This amazing game allows your child to learn basic English words, the alphabet and its sounds but also teaches your toddler fine motor skills and lets them discover the world inside the game! So download it now and let your child join the magical flying saucer that brings knowledge! Don\u2019t think that learning is just for school! Give your toddler an early start and teach them English with ABC HAPPY LETTERS \u2013 this will help them in their future, as they will quickly learn proper English sounds and pronunciation. A great game for toddlers - it will help them with spelling and English simultaneously! In addition, thanks to the bright and colorful drawings, the game helps to develop your child\u2019s imagination, creativity and color perception. Older kids can use it to learn how to read and work on their pronunciation. ABC HAPPY LETTERS is the best choice in toddler teaching, and will quickly become your kids\u2019 favorite educational game!Our game includes 26 words that can be explored, listened to and learnt by all children.Each word features an interactive letter puzzle with talking animated letters and an animation illustrating the definition of the word. Thus, the child can learn the letter sounds and the word in English, while learning how to spell! If children click on an animation, it will become interactive and will do funny actions, so don't forget to click anything you see \u2013 there are many surprises waiting for you! :) You will be very impressed to see how fast kids learn alphabet using our Happy alphabet ABC phonic game! This is the best choice for preschool learning and toddlers. Try it for free today and your kids will never tire of playing it!Happy alphabet ABC offers:- 26 English words to explore and learn- teaches children letters, spelling, and words- beautiful animations teach children the definitions of the words in a fun and engaging way- helps toddlers and younger children to learn and improve their memory, attention and fine motor skills thanks to its features such as tracing lettersFacebook:https://www.facebook.com/pages/Kids-Coloring/1489911931226963?ref=bookmarksG +:https://plus.google.com/114293037815350905016/postsTwitter:https://twitter.com/goodsofttechWeb:http://www.goodsofttech.com",
  "inc": "GoodSoftTech",
  "intalled_count": "100,000",
  "last_update": [
    "June",
    "12",
    " 2018"
  ],
  "name": "Learn letters English alphabet",
  "offered_by": "GoodSoftTech",
  "permissions": {
    "Photos/Media/Files": [
      "read the contents of your USB storage",
      "modify or delete the contents of your USB storage"
    ],
    "Storage": [
      "read the contents of your USB storage",
      "modify or delete the contents of your USB storage"
    ],
    "Other": [
      "view network connections",
      "full network access"
    ]
  },
  "rate": [
    [
      "300",
      "4.2"
    ],
    [
      "187",
      "5"
    ],
    [
      "57",
      "4"
    ],
    [
      "16",
      "3"
    ],
    [
      "14",
      "2"
    ],
    [
      "26",
      "1"
    ]
  ],
  "required_android": "4.0",
  "size": "21",
  "url": "https://play.google.com/store/apps/details?id=com.goodsofttech.happyalphabet",
  "version": "3.3"
}