{
  "categories": [
    "Strategy",
    "Creativity"
  ],
  "description": "Welcome to Family Town! Dear Mayor, this is your town now! We congratulate you on the recent promotion! Family Town is a town populated by the kindest and most caring residents. Since you are now the Mayor, you can make this town the best place to live on Earth. Help your friends and neighbors, complete their requests, and they will always be on your side. The prosperity of Family Town is now in your hands! Here are a few suggestions for the newly appointed Mayor: - Build residential houses and shops;- Don\u2019t forget about parks and recreation centers;- Pay attention to the roads;- Complete residents\u2019 requests;- Visit the Lighthouse;- Plant more trees \u2013 a green town is a clean town;- Develop new territories. While Family Town is being downloaded, here are a few interesting facts: - Hundreds of interesting tasks that you will receive as you develop your Town;- Never-ending combinations of buildings and decorations that you can use to make your Town more unique;- Tournaments with the mayors of other towns;- Unique buildings, such as an Airport, an Amusement Park, a Spaceport, and many others;- Collections, mixtures, daily bonuses, gifts from friends, achievements, adventures and much, much more! Don\u2019t miss your opportunity to become one of the greatest city-planners in history! Download Family Town for free and enjoy! Invite your friends and loved ones and build the best metropolis in the world! Visit the Family Town community and you will be the first to: - Receive all of the news and participate in various tournaments;- Win prizes and receive presents;- Learn new secrets and useful suggestions;- Have an opportunity to share what you know with and learn from other players, as well as the developers of the game.  Official Family Town community page on Facebook:https://www.facebook.com/FamilyTownTimes",
  "inc": "Game Garden\u2122",
  "intalled_count": "1,000,000",
  "last_update": [
    "February",
    "8",
    " 2017"
  ],
  "name": "Family Town",
  "offered_by": "Game Garden\u2122",
  "permissions": {
    "Identity": [
      "find accounts on the device"
    ],
    "Contacts": [
      "find accounts on the device"
    ],
    "Phone": [
      "read phone status and identity"
    ],
    "Photos/Media/Files": [
      "read the contents of your USB storage",
      "modify or delete the contents of your USB storage"
    ],
    "Storage": [
      "read the contents of your USB storage",
      "modify or delete the contents of your USB storage"
    ],
    "Wi-Fi connection information": [
      "view Wi-Fi connections"
    ],
    "Device ID & call information": [
      "read phone status and identity"
    ],
    "Other": [
      "receive data from Internet",
      "view network connections",
      "full network access",
      "control vibration",
      "prevent device from sleeping",
      "Google Play license check"
    ]
  },
  "rate": [
    [
      "11,102",
      "4.1"
    ],
    [
      "6,786",
      "5"
    ],
    [
      "1,363",
      "4"
    ],
    [
      "1,221",
      "3"
    ],
    [
      "540",
      "2"
    ],
    [
      "1,192",
      "1"
    ]
  ],
  "required_android": "2.3.3",
  "size": "6.0",
  "url": "https://play.google.com/store/apps/details?id=com.gamegarden.ft",
  "version": "1.1.1"
}