{
  "categories": [
    "Education",
    "Creativity"
  ],
  "description": "Do your kids love magic? Now they can join a ticklish teddy bear and rig up a their very own creative magic show! - Winner of Digital Ehon Award (Tokyo 2015)- FWA Mobile Of The Day (MOTD) Award - thefwa.com/mobile- Editor's Choice Badge - bestappsforkids.com Give your toddlers a touch of magic and appetite for wonder! Tricks are not only fun - they also spark children's creativity: Anything is possible! With Bogga Magic, kids can explore the performing art of illusions, and best of all - join the show. There might also be some hidden tricks somewhere. Can you find them all?\"Bright, clean colors and smooth, intuitive game play.\"- SmartAppsForKids.com\"Bogga Magic is a high-quality app. Developers have really focused on making the app intuitive and easy to use.\"- BestAppsForKids.com\"This is a fun app toddlers and preschoolers will love playing with and it changes each time so children will not get bored. I recommend this app.\"- AppyMall.com\"Bogga Magic gives kids a 'magical' entertaining experience with an educational twist.\"- TheIphoneAppReview.com\"I'm a big fan of free exploration and like that the app allows kids the opportunity to combine objects without restraint.\"- FunEducationalApps.com\"Magic and humor in a charming show.\"- PappasAppar.seFEATURES: * An assisting wizardly teddy bear who loooves to be tickled* A magical spinning wheel for picking the color of Ted's suit* A box of magic wand parts so toddlers can assemble their own* A chalkboard where your kids drawings transform into a growing plant* Loads of magic tricks waiting to be explored* No stress, just play and the joy of discovering * Original colorful design * No third-party advertising * No in-app purchases EDUCATIONAL ASPECT:* Color practice while choosing Ted's suit and hat* Interpret signs* Stimulate logic by puzzling shapes* Explore the outcome of combinations* Prompt creativity through drawingBogga Magic is suitable for children aged 2+ ABOUT BOGGATAP Boggatap is a small, independent game studio that creates playful apps for kids. We aim to promote learning through creative fun - digitoys that invites children and their parents to play together. We focus on safe and inspiring play and therefore have no third-party advertising or in-app purchases. We also do not collect, transmit or access any personal information from the user. The only links to internet, including integration with social media sites, resides in the \"For grown-ups\" section with a parental lock - making it unavailable for small hands. The app does not generate any performance reports or track any usage. We are approved by Moms With Apps and ACT, a staff of parents and educators who filters safe apps for children, with no unwanted surprises.",
  "inc": "Boggatap",
  "intalled_count": "100",
  "last_update": [
    "August",
    "17",
    " 2016"
  ],
  "name": "Bogga Magic Game for Toddlers",
  "offered_by": "Boggatap",
  "permissions": {
    "Phone": [
      "read phone status and identity"
    ],
    "Photos/Media/Files": [
      "read the contents of your USB storage",
      "modify or delete the contents of your USB storage"
    ],
    "Storage": [
      "read the contents of your USB storage",
      "modify or delete the contents of your USB storage"
    ],
    "Device ID & call information": [
      "read phone status and identity"
    ],
    "Other": [
      "disable your screen lock",
      "full network access",
      "prevent device from sleeping"
    ]
  },
  "rate": [],
  "required_android": "4.0",
  "size": "Varies with devic",
  "url": "https://play.google.com/store/apps/details?id=air.com.boggatap.boggamagic",
  "version": "1.0.2"
}