{
  "categories": [
    "Entertainment",
    "Creativity"
  ],
  "description": "The android version of this app is no longer being updated by our developer so I've made it free here on google play.   It still seems to be working correctly on most android devices.  However if you can't get it to work on your device, please note there is no customer support for the free version.  Surprise Cakes by How To Cook That turns any birthday cake into a spectacular celebration as 3D animations like the FIREWORKS suddenly bursting from the top of your cake, UNICORNS or even a DRAGON lurking in side your cake.Watch your partygoers gasp as your android device erupts with an incredible sky show, whizzing above the cake or a unicorn that you can move and change its colors or a dragon flying out of the top of the cake. Perfect for every busy Mum or friend feeling the pressure of serving an impressive cake at birthday time.Includes a camera option so you can get the perfect photo of your birthday girl or boy with their cake and fireworks or dragon.",
  "inc": "Ann Reardon",
  "intalled_count": "500",
  "last_update": [
    "June",
    "18",
    " 2015"
  ],
  "name": "Surprise Cakes",
  "offered_by": "Ann Reardon",
  "permissions": {
    "Photos/Media/Files": [
      "read the contents of your USB storage",
      "modify or delete the contents of your USB storage"
    ],
    "Storage": [
      "read the contents of your USB storage",
      "modify or delete the contents of your USB storage"
    ],
    "Camera": [
      "take pictures and videos"
    ],
    "Other": [
      "view network connections",
      "full network access",
      "prevent device from sleeping"
    ]
  },
  "rate": [
    [
      "35",
      "4.1"
    ],
    [
      "27",
      "5"
    ],
    [
      "0",
      "4"
    ],
    [
      "0",
      "3"
    ],
    [
      "1",
      "2"
    ],
    [
      "7",
      "1"
    ]
  ],
  "required_android": "2.3",
  "size": "45",
  "url": "https://play.google.com/store/apps/details?id=com.surprisecakes",
  "version": "4.0"
}