{
  "categories": [
    "Entertainment",
    "Creativity"
  ],
  "description": "Color by number for kids is a new game created by 32 pixel for kids that helps them learn numbers and colors in funny and easy way.Easy color by number is a great application that lets you create beautiful artwork by your own hands. Moreover, it\u2019s also a perfect art therapy that helps children relieve stress and relax, develops their motor skills and concentration, teaches them accuracy.Color by number games for kids contains a huge library with a tons of small and simple pictures for girls and boys like cartoon characters, animals, cars, flowers, food, and more. And this library is constantly updated!It\u2019s a very easy to use game:\u2022 Choose one of thousands of images\u2022 Color it by tapping your finger on the same numbers\u2022 Surprise at the end - personalize your artwork\u2022 Share it with family and friends on Instagram, Twitter or FacebookEasy color by number games is:\u2022 Perfect relaxing and educational activity\u2022 Coloring for all ages - for kids and adults\u2022 Regularly updated content - new pictures will be updated every dayColor by number for kids is also fun for any age and for the whole family. You can spend your time with pleasure together with your kids by coloring a thousands of interesting pictures. Choose from a variety of cool images and follow the numbers to color them.Surprise! Just now as a gift along with the downloading easy color by number app you are getting a free unlimited access to premium content. Happy coloring for you and your children!",
  "inc": "\ud83d\udd25 Health & Fitness Tracker Apps",
  "intalled_count": "100,000",
  "last_update": [
    "July",
    "9",
    " 2018"
  ],
  "name": "Color by Number for Kids",
  "offered_by": "\ud83d\udd25 Health & Fitness Tracker Apps",
  "permissions": {
    "Photos/Media/Files": [
      "read the contents of your USB storage",
      "modify or delete the contents of your USB storage"
    ],
    "Storage": [
      "read the contents of your USB storage",
      "modify or delete the contents of your USB storage"
    ],
    "Other": [
      "receive data from Internet",
      "view network connections",
      "full network access",
      "control vibration",
      "prevent device from sleeping"
    ]
  },
  "rate": [
    [
      "696",
      "4.5"
    ],
    [
      "542",
      "5"
    ],
    [
      "51",
      "4"
    ],
    [
      "36",
      "3"
    ],
    [
      "12",
      "2"
    ],
    [
      "55",
      "1"
    ]
  ],
  "required_android": "4.0.3",
  "size": "4.1",
  "url": "https://play.google.com/store/apps/details?id=com.x32.pixel.color.number.coloring.book.kids",
  "version": "1.3.3"
}