{
  "categories": [
    "Entertainment",
    "Creativity"
  ],
  "description": "Want to enhance your gaming experience while playing the Minecraft Pocket Edition? Looking for a unique tool to create and edit your own Custom Minecraft skins? Start using this custom skin editor lite app for Minecraft PE - Skin Editor Lite for Minecraft. This is not a game, it is just a skin editor for Minecraft Pocket Edition.Using the free \u201cSkin Editor Lite for Minecraft\u201d app, you can make skins and steal any Minecraft free skin. On the Skin Editor Lite for Minecraft PE, you can use tools like brush, eraser and color picker to edit your skin and create just the look you've been searching for!*************************APP FEATURES*************************Still looking for reasons that make \u201cSkin Editor Lite for Minecraft\u201d the most unique among all minecraft skin apps? Here are features that make the app incredible--\tCreate your own custom skins with Minecraft skin creator -\tMinecraft 1.8+ Compatible-\tSkin editor for minecraft pocket edition ( also you can use in computer version of minecraft by using export to minecraft)-\tEdit the skins you create color pixel by color pixel-\tSupport for both 64x32 (old version) and 64x64 (new version) skins.-\tExport skins in both 64x32 old minecraft skin format for 1.8 below and 64x64 new 1.8+ minecraft skin-\tCreate your skin from Steve skin.-\tColor palette and Eye dropper tools for coloring the skin.-\tZoom in/out and rotate the skin-\tUpload to Minecraft.net for Computer editon.-\tFor minecraft PE, save custom skins to your device -\tEraser tool make things easy for editing skin.-\tReset tools useful for editing the skin also.-\tView Skin Editor 360 Degree 3D after editing the skin.-\tLoad custom pre-made skin for Minecraft  - Minecraft skin stealer-\tAllows stealing skins from any other players using their username.-\tImport minecraft skins from your gallery-\tSave Minecraft skin characters-\tExport to Minecraft PE (Minecraft pocket edition)-\tExport custom miskins to your gallery.-\tDownload external minecraft skinsUse advanced tools like brush, paint bucket, eraser and color picker to edit your skin and create just the look you've been searching for! \u201cSkin Editor Lite for Minecraft\u201d has an easy to use skin part visibility chooser to let you focus just on the parts you want to edit.************************SAY HELLO************************We are constantly working hard on making the \u201cSkin Editor Lite for Minecraft\u201d app better and more useful for you. We need your constant support to get going. Please feel free to email us at minecraftquickskineditor@gmail.com for any queries/suggestions/problems or if you just want to say hello. We would love to hear from you. If you have enjoyed any feature of the \u201cSkin Editor Lite for Minecraft\u201d app, do not forget to rate us on play store.************************DISCLAIMER************************Skin Editor Lite for Minecraft is not developed by Mojang. Minecraft is a trademark of Mojang AB. The Minecraft Name, the Minecraft Brand and the Minecraft Assets are all property of Mojang AB or their respectful owner.Please note that we are not affiliated with Mojang AB but we adhere to the terms set out by Mojang AB at https://www.minecraft.net/terms",
  "inc": "Andro.Developers",
  "intalled_count": "1,000,000",
  "last_update": [
    "September",
    "26",
    " 2017"
  ],
  "name": "Custom Skin Editor Lite for Minecraft",
  "offered_by": "Andro.Developers",
  "permissions": {
    "Photos/Media/Files": [
      "read the contents of your USB storage",
      "modify or delete the contents of your USB storage"
    ],
    "Storage": [
      "read the contents of your USB storage",
      "modify or delete the contents of your USB storage"
    ],
    "Other": [
      "receive data from Internet",
      "view network connections",
      "full network access",
      "prevent device from sleeping"
    ]
  },
  "rate": [
    [
      "12,413",
      "4.4"
    ],
    [
      "9,206",
      "5"
    ],
    [
      "1,112",
      "4"
    ],
    [
      "650",
      "3"
    ],
    [
      "203",
      "2"
    ],
    [
      "1,242",
      "1"
    ]
  ],
  "required_android": "4.1",
  "size": "8.6",
  "url": "https://play.google.com/store/apps/details?id=com.minecraft.skineditorlite",
  "version": "2.7.0"
}