{
  "categories": [
    "Educational",
    "Education"
  ],
  "description": "Turn screen time into learning time with Mother Goose Club! Our award-winning team have developed a great educational app for kids. Using song, rhyme, play and dance, the Mother Goose Club characters create a learning kingdom promoting early literacy, math and more. Learn through gentle exploration of numbers, the alphabet and logic games! Bring the club on your travels with the watch offline function.Based on the YouTube kids channel and Netflix for kids sensations, our award winning content is beloved by all ages, from your little baby to school goers, from parents to teachers worldwide.  \u2022 Explore exclusive interactive learn to read kids books. \u2022 Read-along with your kids or let them explore the stories on their own, with full narration.\u2022 Learn with our educational Goose games -  jigsaws, abc, 123, matching and quizzes -  and videos children will love\u2022 Learn all about colors, shapes and numbers.\u2022 Enjoy quiet time with books, games and puzzles.\u2022 From baby to school goer they will love singing along to their favorite Mother Goose Club songs and videos.\u2022 Encourage movement by dancing along with songs\u2022 Access all our content in a safe, ad free space.\u2022 Now available with Spanish content for early learners\u2022 Best of all - use our curated video playlists or build your own to save your favourite content to your device and watch offline. Try ALL our content in the free trial! From baby to parent Mother Goose Club is a safe space for learning and is certified by the kidSAFE Seal Program. To learn more go to www.kidsafeseal.com. Mother Goose Club is a subscription service that gives access to books, games and videos with new content added every month.- You can cancel your subscription anytime, no hassles or fees.- Payment will be charged at confirmation of purchase.- Subscription automatically renews unless auto-renew is turned off at least 24-hours before the end of the current period- Subscriptions are managed by the user and auto-renewal may be turned off by going to the user's Account Settings after purchase.",
  "inc": "StoryToys",
  "intalled_count": "100,000",
  "last_update": [
    "July",
    "25",
    " 2018"
  ],
  "name": "Mother Goose Club: Nursery Rhymes & Learning Games",
  "offered_by": "StoryToys",
  "permissions": {
    "Photos/Media/Files": [
      "read the contents of your USB storage",
      "modify or delete the contents of your USB storage"
    ],
    "Storage": [
      "read the contents of your USB storage",
      "modify or delete the contents of your USB storage"
    ],
    "Wi-Fi connection information": [
      "view Wi-Fi connections"
    ],
    "Other": [
      "receive data from Internet",
      "view network connections",
      "full network access",
      "prevent device from sleeping",
      "view network connections",
      "full network access",
      "prevent device from sleeping",
      "Google Play license check"
    ]
  },
  "rate": [
    [
      "318",
      "4.1"
    ],
    [
      "215",
      "5"
    ],
    [
      "31",
      "4"
    ],
    [
      "9",
      "3"
    ],
    [
      "18",
      "2"
    ],
    [
      "45",
      "1"
    ]
  ],
  "required_android": "4.4",
  "size": "92",
  "url": "https://play.google.com/store/apps/details?id=com.storytoys.mothergooseclub.free.android.googleplay",
  "version": "5.1.1"
}