{
  "categories": [
    "Education",
    "Creativity"
  ],
  "description": "Unicorn Coloring Book is a coloring application with 60 images of unicorn, horses and little ponies.This virtual coloring and drawing book, full of fairytale pictures, is designed for all family ages, girls and boys alike (although, girls especially like it). It is suitable for both phones and tablets.You can fill the colors in prepared image outlines and can also create your own original drawings. It is so simple and easy even the youngest kids can play it. The game includes a lot of beautiful images of unicorn, horses and little ponies.The game includes the following features:\u2714 60 colorable pictures of unicorns, horses and little ponies.\u2714 20 bright and beautiful colors to use for drawing and filling.\u2714 Filling an entire region with color, drawing with a pencil or a brush, and using an eraser.Your can paint, draw, or doodle their favorite little ponies and unicorns, or basically whatever they want. Doodling, painting, and drawing have never been easier and more fun, so let's start now with yours favorite unicorns and little ponies.This game has a plenty of unicorn, pony and horse images that little kids like. Download it today and enjoy!Our goal at Forqan Smart Tech is to provide the best value for your family, allowing them to develop visual and cognitive abilities, to learn to communicate with their peers and the environment around them, and to acquire important life skills. Each game is designed by a professional for the specific age group.It is the time to have fun with our wonderful Unicorn Coloring Book game!",
  "inc": "forqan smart tech",
  "intalled_count": "50,000",
  "last_update": [
    "August",
    "5",
    " 2018"
  ],
  "name": "Unicorn Coloring Book",
  "offered_by": "forqan smart tech",
  "permissions": {
    "Photos/Media/Files": [
      "read the contents of your USB storage",
      "modify or delete the contents of your USB storage"
    ],
    "Storage": [
      "read the contents of your USB storage",
      "modify or delete the contents of your USB storage"
    ],
    "Other": [
      "view network connections",
      "full network access"
    ]
  },
  "rate": [
    [
      "53",
      "4.5"
    ],
    [
      "42",
      "5"
    ],
    [
      "4",
      "4"
    ],
    [
      "1",
      "3"
    ],
    [
      "1",
      "2"
    ],
    [
      "5",
      "1"
    ]
  ],
  "required_android": "4.0",
  "size": "47",
  "url": "https://play.google.com/store/apps/details?id=com.forqan.tech.UnicornColoring",
  "version": "1.2.0"
}