{
  "categories": [
    "Casual",
    "Creativity"
  ],
  "description": "Mandala Pixel Art \u2013 Mandala Coloring by Number is a creative application and anti-stress coloring book with Sandbox Coloring Mandala By Number Pixel. This pixel coloring book as a pixel art therapy helps you relieve stress and anxiety. Mandala Coloring by Number is a coloring app for all ages. No matter women, kids, elderly, housewives, pretty girls, handsome man - can play Pixel Art Coloring. You just need to color by numbers and you can create a perfect masterpiece without any complex skills! Coloring with Pixel Art is an excellent way of relaxation and meditation. Coloring by Number and develop your concentration, color matching skills, accuracy and precision.HOW TO PLAY: Mandala Coloring by Number \u2714  Select pictures as you want.\u2714  Just fill the right color according to the color number in the grid.\u2714  Share your works with friends on social platforms.\t````FEATURES : Mandala Coloring by Number \u2714 Perfectly develops children fine motor skills\u2714 Family-friendly content: coloring anti-stress picture suits for all ages\u2714 Lots of Mandala pictures as you want\u2714 Zoom in, Zoom out, Erase and Drag your Coloring.\u2714 Auto Save Your Work\u2714 Share with friends on social platforms.\u2714 Suitable for all ages.\u2714 And the most importantly ALL PICTURES is FREE, no purchase activity!Mandala Coloring by Number is completely free for all!Pixel Art is more than just coloring. It\u2019s a pleasant way to relax and bring out your creativity.Coloring by Number is the best Coloring App for you! Download now to start your painting journey! Painting has never been easier! No stress of picking up colors. Relax, Happy, and enjoy  with Mandala Coloring by Number!",
  "inc": "Nabil Pixel Art Coloring",
  "intalled_count": "100",
  "last_update": [
    "August",
    "2",
    " 2018"
  ],
  "name": "Mandala Pixel Art - Number Coloring",
  "offered_by": "Nabil Pixel Art Coloring",
  "permissions": {
    "Other": [
      "view network connections",
      "full network access",
      "control vibration"
    ]
  },
  "rate": [],
  "required_android": "4.0.3",
  "size": "4.2",
  "url": "https://play.google.com/store/apps/details?id=com.nabilpixelart.mandalasandboxcoloring",
  "version": "1.0.1"
}