{
  "categories": [
    "Education",
    "Creativity"
  ],
  "description": "Yippie, the world can be painted! The Damki Town colouring book with funny animal illustrations by Danadamki is waiting to be colored by creative children. For kids from 4.The group of crazy animal residents who live in Damki Town can be colored by kids with a large, bright colour palette. Furthermore the kids can add funny accessoires to the colored animals. But who are the funny animal residents the kids can color? There are Simone, the hungry squirrel, Richie, the chubby circus bear and Larry, the flying lama. But all three have many more animal friends, who are waiting to have more color in their lives.Damki Town can be enjoyed by anyone who enjoys colouring. For kids from 4 to 99 years old, or even older!Kids can save their finished artworks, send the colored pics to their friends, or share them on Facebook so that everyone can see how colorful the coloring book Damki Town is.Proudly presented by Ahoiii with illustrations by Danadamki.* Colour 36 crazy animal town residents and 12 extraordinary houses* Extra accessories to enhance your picture\u00a0* Paint with your finger or use the painting tool* Easy to erase* Save your favorite artworks* Send pictures to your friends or make your Facebook page more colorful\"You like Damki Town? Please rate us with 5 stars on the Play Store.Become a fan! All Damki Town news on:http://www.facebook.com/damkitown",
  "inc": "Ahoiii Entertainment",
  "intalled_count": "500",
  "last_update": [
    "December",
    "20",
    " 2013"
  ],
  "name": "Damki Town \u2013 Animal Coloring Book App for Kids",
  "offered_by": "Ahoiii Entertainment",
  "permissions": {
    "Photos/Media/Files": [
      "read the contents of your USB storage",
      "modify or delete the contents of your USB storage"
    ],
    "Storage": [
      "read the contents of your USB storage",
      "modify or delete the contents of your USB storage"
    ],
    "Other": [
      "full network access"
    ]
  },
  "rate": [
    [
      "9",
      "3.3"
    ],
    [
      "3",
      "5"
    ],
    [
      "1",
      "4"
    ],
    [
      "3",
      "3"
    ],
    [
      "0",
      "2"
    ],
    [
      "2",
      "1"
    ]
  ],
  "required_android": "2.2",
  "size": "11",
  "url": "https://play.google.com/store/apps/details?id=air.com.ahoiii.damkiTown",
  "version": "1.0.0"
}