{
  "categories": [
    "Simulation",
    "Creativity"
  ],
  "description": "Space City is a futuristic space-themed city building game.  In this space-based city building game you must design, build and manage a self-sustaining civilisation on a remote and desolate planet.DESIGN AND BUILD A SPACE CITYTo build a successful city you will need to attract residents to the planet by building accommodation for them to live in.  They will need somewhere to work so you will also develop commerce and businesses to provide them with employment.   Unlike Earth, there isn\u2019t a ready supply of resources so you will be responsible for providing power, water and oxygen for your citizens, farming for food and mining for resources.It is not all about work though as that will make your population unhappy.  Provide them with city services, leisure and community buildings, parks and decorations to keep your new residents happy and content in their new city.Happy people will work harder and create more income for you to spend building and improving your city.  Manage transport networks to keep your citizens moving and build spaceports to increase industry and travel.MANAGE YOUR CITYSuitable for all ages and all experience levels, Space City can be played as a regular city builder and you\u2019re completely free to design a fabulous city or you can use the inbuilt advanced analytics to optimise your city - down to an individual building level.The more advanced city builders can apply town zoning principles, manage pollution levels, efficiently deploy city services and optimise resources to increase city happiness and maximise city revenue.  Keep it as simple as you like or be a tycoon and micromanage building your city and keeping your people happy; the choice is yours.DESIGN AND EVOLVE YOUR CITYDynamic land generation ensures no two civilisations will ever look the same.  Want to create a commercial powerhouse?  No problem, zone a commercial area and build high tech businesses.  Want to be a tycoon?  No problem, zone a large industrial area and sell the mined resources on the global exchange.With non-scripted game play you have the creative freedom to build your city your way.  The only limitation is your imagination.SPACE CITY FEATURES\u2714 FREE to play\u2714 Does not require an internet connection to play\u2714 Full freedom to design the city the way you want it\u2714 Massive playing area to build your city on\u2714 Non-scripted game play\u2714 Helpful city advisers give you real time warnings and important information\u2714 Dynamic land generation\u2714 Receive daily bonuses and weekly presents\u2714 400+ high quality photo-realistic buildings\u2714 Build road and rail networks with bridges\u2714 Build custom spaceports\u2714 Earn free gold\u2714 75 challenges and 360 achievements to complete\u2714 1,000 levels of progression\u2714 Visit and compete with other cities from around the world\u2714 Play against your Facebook friends\u2714 Get your city to the top of multiple leader boards\u2714 Manage city services and resources\u2714 Micro manage and optimise your city (if you want to)\u2714 Every building is upgradable and movable once built\u2714 Overview your entire city and easily see areas of low happiness, high pollution or without critical services coverage\u2714 Play on either tablet or phone.  You can also play simultaneously on multiple devices if linked via Facebook \u2013 even to your iPad\u2714 Low detail setting for smooth game play on older devices\u2714 Play again and again with a city reset feature and watch a new landscape dynamically generate for youIf you love building games then this is the space building game for you.  Happy designing.Note: Space City can be played completely free.  Some completely optional in-game items, such as purchasing game currency, will require payment.",
  "inc": "Sphere Game Studios",
  "intalled_count": "100,000",
  "last_update": [
    "June",
    "5",
    " 2018"
  ],
  "name": "Space City: building game",
  "offered_by": "Sphere Game Studios",
  "permissions": {
    "Photos/Media/Files": [
      "read the contents of your USB storage",
      "modify or delete the contents of your USB storage"
    ],
    "Storage": [
      "read the contents of your USB storage",
      "modify or delete the contents of your USB storage"
    ],
    "Other": [
      "view network connections",
      "full network access",
      "run at startup",
      "prevent device from sleeping"
    ]
  },
  "rate": [
    [
      "4,322",
      "4.4"
    ],
    [
      "2,926",
      "5"
    ],
    [
      "696",
      "4"
    ],
    [
      "312",
      "3"
    ],
    [
      "118",
      "2"
    ],
    [
      "270",
      "1"
    ]
  ],
  "required_android": "4.0.3",
  "size": "69",
  "url": "https://play.google.com/store/apps/details?id=com.spheregamestudios.spacecity",
  "version": "1.13"
}