{
  "categories": [
    "Casual",
    "Creativity"
  ],
  "description": "Color by numbers in this new addictive game. Choose from a variety of super fun images and follow the numbers to bring them to life. Coloring has never been this easy!Enjoy creating anti-stress pixel art with Color By Number App! Pixel Coloring is the best app to color by number and draw your modern masterpiece based on the numbers! This sandbox style coloring game is popular all over the world for both kids and adults and we provide you with the unlimited coloring pages. This pixel coloring book as an pixel art therapy helps you relieve stress and anxiety from reality. Whenever you want to meditate, relax and develop your concentration, just open this app and start drawing. You will find so many free and fascinating pictures in this app, like flowers, animals, and food, which suit for both adults and kids.Sandbox Number Coloring created for children which are in the process for developing their skills and knowledge with many interesting pixel pages and number books to coloring.Pixel is an amusing sandbox coloring that teaches accuracy and precision, which also helps them develop motor vehicles, introducing numbers and colors for them.It is an easy way to uncover the painter in the painting according to color by number.As you can sustain painting, you will get a work of art synchronized with it.Creating masterpieces by your own hands and relief your stress.Excellent features:- Easy to color: color pages according to the number and highlighted area.- Daily update: new pictures will be updated every day. Get notified to check the new arrival and start coloring. - Time lapse video: save your masterpiece as short time lapse video to impress everyone.- Share with others: share with family and friends on Instagram, Facebook or other social platforms.Color by number pages are a great way to teach your kids or students basic number recognition, how to use and it will give them the opportunity to work on their fine motor skills.Trains your concentration and steadiness Or just want to color your own way, practice your drawing and coloring skill.This is a great activity to practice your drawing skills. It\u2019s also fun for any age to try to finish the drawing.You will always get a harmonic work of art as a result of the coloring process.",
  "inc": "Color By Number - Sandbox Pixel Coloring Book",
  "intalled_count": "1,000,000",
  "last_update": [
    "August",
    "2",
    " 2018"
  ],
  "name": "Draw Color by Number - Sandbox Pixel Art",
  "offered_by": "Color By Number - Sandbox Pixel Coloring Book",
  "permissions": {
    "Photos/Media/Files": [
      "read the contents of your USB storage",
      "modify or delete the contents of your USB storage"
    ],
    "Storage": [
      "read the contents of your USB storage",
      "modify or delete the contents of your USB storage"
    ],
    "Wi-Fi connection information": [
      "view Wi-Fi connections"
    ],
    "Other": [
      "receive data from Internet",
      "view network connections",
      "full network access",
      "draw over other apps",
      "control vibration",
      "prevent device from sleeping"
    ]
  },
  "rate": [
    [
      "34,283",
      "4.7"
    ],
    [
      "28,891",
      "5"
    ],
    [
      "2,707",
      "4"
    ],
    [
      "1,138",
      "3"
    ],
    [
      "268",
      "2"
    ],
    [
      "1,279",
      "1"
    ]
  ],
  "required_android": "4.4",
  "size": "24",
  "url": "https://play.google.com/store/apps/details?id=pixel.art.no.draw.color.by.number.sandbox.coloring",
  "version": "1.2.3"
}