{
  "categories": [
    "Casual",
    "Creativity"
  ],
  "description": "You like fun, you like beauty, you love animals... you've come to the right place! Beauty Animal Hair Fun Salon lets players style all their favorite animals!Just look at the kinds of animals you can go to work on! We've got giraffes with their necks so long! Pandas that are so cute we just want to cuddle them all day long! There are leopards that will make you squeal with excitement! Then there's the elephants with their big long trunks that are so good at squirting water! But better still, we've got baby animals!Aww yes! Baby giraffes with the craziest of hairstyles! Baby bears you'll want to take home! And the most adorable kittens the world has ever seen! We've got them all, and they're just waiting for you to come along and style their hair!You won't believe how much fun you can have with a kitten when you've covered it in soapy bubbles! We don't leave anything uncovered EXCEPT for those big, blue eyes, that cute little button nose and those dainty little claws!Then we shower it all off and make the kitty look soooooo fluffy! But no cat likes to be wet, so that's why we use the hair dryer to blow all those drips of water off her superb coat and then she's ready for styling!First, we give her a trim, then we get the scissors out and get funky! We'll make her look super cool!And we go further than other styling salons, because at Beauty Animal Hair Fun Salon we'll even dye our customer's fur and paint their claws to make them look extra pretty!Then it's time for the finishing touches - a little bit of extra sparkle! Some cute earrings, a beautiful bow, and a dazzling collar! We guarantee that each and every animal that comes through our doors will leave looking a million dollars and every stylist who comes to work for us will love, love, love their job each and every day!",
  "inc": "Tiki Telas",
  "intalled_count": "100",
  "last_update": [
    "July",
    "10",
    " 2018"
  ],
  "name": "Beauty Animal Hair Fun Salon",
  "offered_by": "Tiki Telas",
  "permissions": {
    "Photos/Media/Files": [
      "read the contents of your USB storage",
      "modify or delete the contents of your USB storage"
    ],
    "Storage": [
      "read the contents of your USB storage",
      "modify or delete the contents of your USB storage"
    ],
    "Other": [
      "view network connections",
      "full network access"
    ]
  },
  "rate": [],
  "required_android": "2.3",
  "size": "49",
  "url": "https://play.google.com/store/apps/details?id=com.tikitelas.beauty.animal.hair.fun.salon",
  "version": "1.0"
}