{
  "categories": [
    "Parenting",
    "Creativity"
  ],
  "description": "This is real hairstyling fun: Style, cut, curl, wash, and dry - any way you want - with adorable funny characters.\u25ce 4 funny characters, \u25ce 14 exciting tools, \u25ce 30 beautiful accessories, \u25ce 2 great game modes and some really unique features:\u2022 Mini games: Our animals want particular hairstyles \u2014 try to make them happy.\u2022 Freestyle: Just style and dress any way you want. No right, no wrong - just fun!\u2022 You can even style their bodies: Check this out.\u2022 Dancing: Touch the radio and watch all the animals do funny dance moves to 4 different songs.\u00a0This app gives you and your kids full control over creativity and fun. Use lots of different tools, create your own style, and then top it all off with glasses, hats, shoes, and tattoo stickers.\u00a0Ideal family fun for all ages.\u00a0\u25ce WHAT\u2019S INCLUDED \u25ce\u2022 Create any style you want: punk, disco, casual, surfer, serious, crazy ...\u2022 4 characters: Billy the Sheep, Leo the Lion, Peter the Panda, and Hanna the Horse.\u2022 Cut and trim their hair with scissors or an electric hair trimmer\u2022 Curl or straighten their hair\u2022 Comb the animals\u2019 hair to the perfect position while you give them a little body massage\u2022 Use our funny hair dryer\u00a0\u2022 Wash the animals with hot or cold water (Which do you think they like more?)\u2022 Lots of hair colors to combine\u2022 Styling accessories: hats, shoes, glasses and much more\u2026\u2022 Funny tattoo stickers\u25b6 Take a photo of your styled animal and send it to your friends, parents, and grandparents.\u25ce SPECIAL FEATURES \u25ce\u2022 All the characters have super adorable animation and make funny faces and sounds while you style them.\u2022 Train your styling skills: if you want, the animals can tell you their favorite hairstyle. Try to make them happy \u2026\u2022 Our characters really love music: watch them bring out their funniest dance moves when you turn on the radio.\u25ce GET IN TOUCH with us \u25ceWe want to hear from you, so don\u2019t be shy! Go ahead: keep telling us what you think about our apps! What do you want to see next? Share your thoughts with us @wonderkind on Facebook.(The sheep with all tools and with lots of fun are included. If you like the app, you can get the whole animal-box as an In-App package. But no must, no pay to win, no pop-ups, just an option).",
  "inc": "wonderkind GmbH",
  "intalled_count": "100,000",
  "last_update": [
    "April",
    "30",
    " 2018"
  ],
  "name": "Silly Billy Hair Salon",
  "offered_by": "wonderkind GmbH",
  "permissions": {
    "Photos/Media/Files": [
      "read the contents of your USB storage",
      "modify or delete the contents of your USB storage"
    ],
    "Storage": [
      "read the contents of your USB storage",
      "modify or delete the contents of your USB storage"
    ],
    "Other": [
      "view network connections",
      "full network access"
    ]
  },
  "rate": [
    [
      "859",
      "4.1"
    ],
    [
      "560",
      "5"
    ],
    [
      "89",
      "4"
    ],
    [
      "69",
      "3"
    ],
    [
      "41",
      "2"
    ],
    [
      "100",
      "1"
    ]
  ],
  "required_android": "4.1",
  "size": "90",
  "url": "https://play.google.com/store/apps/details?id=de.wonderkind.shavesheep",
  "version": "2.0"
}