{
  "categories": [
    "Entertainment",
    "Creativity"
  ],
  "description": "Think and learn while you make music videos with Rocktopus!Dive into fun with Rocktopus and his band as you create music videos under the sea!  With 90 animated facts about musical instruments, the play and learning never ends!Tap to select your venue, then choose a song or record your own!  Drag bandmates to make them perform, and customize your video with selfies, speech and special effects!  Features-\t4 Undersea Venues (Coral Cove, The Shellmore, The Captain\u2019s Plank, Lazy Bottom Lounge)-\t5 Music Genres (Rock, Jazz Funk, Classical, Pop, World) featuring songs from the toy!-\t15 Instruments (Guitar, Bass, Drum Kit, Piano, Trumpet, Saxophone, Violin, Xylophone, Clarinet, Keyboard, Drum Machine, Cowbell, Congas, Steel Drum, Maracas)-\t18 Aquatic Bandmates, plus 6 themed variations of Rocktopus himself!-\t90 Fun Facts about Instruments with animated illustrations-\tGreatest Hits gallery for saving and exporting your music videos! -\tSongs, instruments and themes from the Think & Learn Rocktopus\u2122 STEAM toy by Fisher-PriceLearning & Curriculum Content-\tInstruments, Facts & Musical Knowledge: As children tap the bubbles while playing, they\u2019ll hear fun musical facts & learn interesting things about the different musical instruments within the app.-\tCreativity & Imagination: The app encourages children to be creative as they design their own music videos and watch them back. They can even include their own \u201cselfie\u201d in the fun, as they imagine all the possibilities of their cool musical band!For more information about Rocktopus\u2122 and the Fisher-Price\u00ae Think & Learn line of toys and apps, please visit: http://fisher-price.com/thinkandlearn",
  "inc": "Fisher-Price, Inc.",
  "intalled_count": "1,000",
  "last_update": [
    "July",
    "3",
    " 2018"
  ],
  "name": "Think & Learn Rocktopus",
  "offered_by": "Fisher-Price, Inc.",
  "permissions": {
    "Photos/Media/Files": [
      "read the contents of your USB storage",
      "modify or delete the contents of your USB storage"
    ],
    "Storage": [
      "read the contents of your USB storage",
      "modify or delete the contents of your USB storage"
    ],
    "Camera": [
      "take pictures and videos"
    ],
    "Microphone": [
      "record audio"
    ],
    "Other": [
      "disable your screen lock",
      "full network access",
      "prevent device from sleeping"
    ]
  },
  "rate": [],
  "required_android": "4.3",
  "size": "51",
  "url": "https://play.google.com/store/apps/details?id=air.fisherprice.com.rocktopusGoogle",
  "version": "1.1.0"
}