{
  "categories": [
    "Entertainment",
    "Creativity"
  ],
  "description": "This app was created for my infant son.  Tap the screen and watch the fireworks explode!NO ADS!To make this app baby proof all menus and options have been removed.  Minimal buttons and no ads to tap on makes this perfect for toddlers!Tap and drag to set off a string of fireworks!  Handles multi-touch so you can set off fireworks by tapping all your fingers at once!These fireworks are easy enough for babies to use and fun for adults too.  Enjoy these amazing and totally free fireworks!If you like this fireworks app (and are feeling generous) please rate the app.",
  "inc": "Jesse S Potter",
  "intalled_count": "5",
  "last_update": [
    "May",
    "9",
    " 2018"
  ],
  "name": "Fireworks Tap",
  "offered_by": "Jesse S Potter",
  "permissions": {
    "Other": []
  },
  "rate": [],
  "required_android": "4.1",
  "size": "38",
  "url": "https://play.google.com/store/apps/details?id=com.PotterSolutions.FireworksTap",
  "version": "1.4"
}