{
  "categories": [
    "Art & Design",
    "Creativity"
  ],
  "description": "THIS IS AD FREE VERSION OF OUR APP KIDS PAINT FREE- DRAWING FUN.Kids Paint Free is one of the best fun painting and drawing app for your kids on Play Store. Kids can use their fingers or a stylus to draw beautiful drawings and unleash their creativity and entertain themselves at the same time. It's simple and fun to use if you have little kids, they can enjoy and learn drawing on this app. Kids Paint is absolutely lite weight and completely free app which can be used for educating kids and introducing them to drawing right from your phones or tablets. Kids can use this to practice the alphabet and numbers and paintings.This app has a simple and easy to use design. It is not confusing and easily recognizable  icons are used in the app which makes it easy for kids to use. This is a single screen and one click app, you land on the app and can start using it as soon as you click on app icon, no annoying welcome screens or button clicks required to actually start working on the app.Key Features of Application- Kids Paint Free is one of the best painting or drawing apps for kids to unleash their creativity.- Kids can draw beautiful pictures and paintings with over 20 colors.- This App offers you a white background for your kids to start fresh drawing on.- Using Kids Paint Free you can Save and Share the picture through social media.- Kids Paint Free offers multiple brush and eraser sizes for a great experience.- Kids Paint Free is a lightweight paint app which hardly takes any space on your device.- Kids Paint Free works on both phones and Tablets.- Best suited for phones having a screen size greater than or equal to 4 inches.You can share your images on Pinterest board or Google Plus Collection, below are the links.https://in.pinterest.com/besteapplications/app-kids-paint-drwaing-fun/https://plus.google.com/u/0/collection/sr5PZEPlease share this app if you like it. Happy painting with your kids.",
  "inc": "Beste Apps",
  "intalled_count": "5",
  "last_update": [
    "July",
    "1",
    " 2018"
  ],
  "name": "Kids Paint - Pro",
  "offered_by": "Beste Apps",
  "permissions": {
    "Photos/Media/Files": [
      "read the contents of your USB storage",
      "modify or delete the contents of your USB storage"
    ],
    "Storage": [
      "read the contents of your USB storage",
      "modify or delete the contents of your USB storage"
    ],
    "Other": [
      "view network connections",
      "full network access"
    ]
  },
  "rate": [],
  "required_android": "4.0.3",
  "size": "3.1",
  "url": "https://play.google.com/store/apps/details?id=com.kidspaintpro.kaushalmehra.drawingfun",
  "version": "1.0"
}