{
  "categories": [
    "Education",
    "Creativity"
  ],
  "description": "***Use your imagination to bring super silly animals to life in Wubbzy\u2019s Animal Coloring Book!***Your kids will love using their tablet as a portable art studio in Wubbzy\u2019s Animal Coloring Book!\u00a0 Grab your favorite color and choose from a series of popular tools\u2026spray paint, chalk, brushes and buckets of paint to complete your masterpiece! Don't forget to add kooky stickers to 16 wubbtastic scenes in this fun-filled coloring extravaganza!\u00a0FEATURESColor many exciting scenes or create your own artwork from scratch! Play with 25 fantastic colors!22 kooky stickersPaint the giant Sillyasaurus, style the snappity snap turtles and more with a combination of fun tools !Easy-to-use navigationSimple tutorials for kids of all ages!Cupcakedigital.com provides free downloadable activities to further the educational value at home. Parents\u2019 and Teachers\u2019 Guides are also available with helpful tips to get children ready for school and how to utilize apps to reinforce learning in and out of the classroom.Hey, parents and caregivers! We care about your kids and their safety. This app contains gated links to ensure that only adults can access social networking sites, send contact e-mails or visit app stores. A pixel embedded in this app collects anonymous data to help us understand downloads by device. We never collect personal data from children. For more information, or to view our full app privacy policy, please visit www.cupcakedigital.com/appsprivacy.",
  "inc": "Cupcake Digital, Inc.",
  "intalled_count": "100",
  "last_update": [
    "December",
    "4",
    " 2013"
  ],
  "name": "Wubbzy's Animal Coloring Book",
  "offered_by": "Cupcake Digital, Inc.",
  "permissions": {
    "Identity": [
      "find accounts on the device"
    ],
    "Contacts": [
      "find accounts on the device"
    ],
    "Phone": [
      "read phone status and identity"
    ],
    "Photos/Media/Files": [
      "read the contents of your USB storage",
      "modify or delete the contents of your USB storage"
    ],
    "Storage": [
      "read the contents of your USB storage",
      "modify or delete the contents of your USB storage"
    ],
    "Wi-Fi connection information": [
      "view Wi-Fi connections"
    ],
    "Device ID & call information": [
      "read phone status and identity"
    ],
    "Other": [
      "receive data from Internet",
      "view network connections",
      "disable your screen lock",
      "full network access",
      "prevent device from sleeping"
    ]
  },
  "rate": [
    [
      "5",
      "5.0"
    ],
    [
      "5",
      "5"
    ],
    [
      "0",
      "4"
    ],
    [
      "0",
      "3"
    ],
    [
      "0",
      "2"
    ],
    [
      "0",
      "1"
    ]
  ],
  "required_android": "2.2",
  "size": "15",
  "url": "https://play.google.com/store/apps/details?id=air.com.cupcakedigital.wbz.cnc.animals",
  "version": "1.1"
}