{
  "categories": [
    "Educational",
    "Creativity"
  ],
  "description": "For over 70 years, Highlights has created puzzling fun that nurtures young minds and imaginations. HIDDEN PICTURES\u2122 PUZZLE TOWN is an educational mobile play experience that helps children learn through play. It's quality screen time that parents can feel good about!In HIDDEN PICTURES PUZZLE TOWN, kids can explore an interactive town, playing learning puzzles as they go. They can choose from 5 exciting game types, including Highlights\u2019 famous Hidden Pictures puzzles, mazes, matching games, spot the difference scenes and more!PLUS, bonus mini-games let kids unlock playful characters that they can use to personalize their town and engage in imaginative free-play.  With HIDDEN PICTURES PUZZLE TOWN, your child can spot, match, solve, and explore, all while building important early literacy, math and problem-solving skills! PUZZLE GAME TYPES- HIDDEN PICTURES\u00ae puzzles promote early vocabulary development through spot-it fun. - LOOK AND LOOK AGAIN scenes encourage critical thinking skills through spot-the-difference play.- MAZES strengthen problem-solving and fine motor skills.- MATCH MAKER activities build early math skills through classification and visual memory practice.- PICTURE MIX-UPS improve cognitive flexibility and short-term memory skills.FUN FOR KIDS- Get 50 puzzles instantly, plus new puzzles weekly, so the educational puzzle fun never ends!- 5 exciting types of puzzle games, including classic  HIDDEN PICTURES scenes- Exciting rewards, including playful characters and accessories - Bonus mini-games that continue the learning and fun- Delightful sounds and graphics to keep little ones engaged PEACE OF MIND FOR PARENTS- Intuitive learning puzzles that kids can play alone or with you- Adaptive learning technology that tailors gameplay difficulty to each child\u2019s ability, ensuring the right level of challenge and fun- Imaginative play in a safe, secure and ad-free environment - Offline play option for educational play anywherePlayable in English (US + UK), Spanish and Chinese based on device language. Subscription details:\u2022 Subscribe to  HIDDEN PICTURES PUZZLE TOWN from Highlights for Children and start collecting an ever-growing library of puzzles, plus special bonus content.\u2022 The first payment will be charged to your Google Play account on the first day following your 30-day free trial, unless auto-renew is turned off at least 24 hours before the end of the trial.\u2022 Subscriptions last one month and automatically renew. \u2022 Any unused portion of a free trial, if offered, will be forfeited when the user subscribes.\u2022 The subscription price is $3.99Privacy Policy and Terms and Conditions: https://www.highlights.com/store/apps/terms-conditions ABOUT USHIGHLIGHTS FOR CHILDRENFounded by educators Dr. Garry and Caroline Myers in 1946, Highlights was built on the belief that \u201cChildren Are the World\u2019s Most Important People\u2122\u201d. Today, 70 years later, every product is still designed to help children become their best selves: \u201cCurious, Creative, Caring and Confident \u2122\u201d. COLTOColto is a multi-award-winning play studio creating imaginative learning mobile play experiences for kids around the world based on original and branded properties. The studio strives to develop quality educational apps that kids love and parents trust. Its games are ethical, safe and designed to be non-addictive for kids.",
  "inc": "Highlights for Children, Inc.",
  "intalled_count": "10,000",
  "last_update": [
    "August",
    "6",
    " 2018"
  ],
  "name": "Hidden Pictures Puzzle Town \u2013 Kids Learning Games",
  "offered_by": "Highlights for Children, Inc.",
  "permissions": {
    "Identity": [
      "find accounts on the device"
    ],
    "Contacts": [
      "find accounts on the device"
    ],
    "Wi-Fi connection information": [
      "view Wi-Fi connections"
    ],
    "Other": [
      "receive data from Internet",
      "view network connections",
      "pair with Bluetooth devices",
      "full network access",
      "prevent device from sleeping"
    ]
  },
  "rate": [
    [
      "60",
      "3.8"
    ],
    [
      "34",
      "5"
    ],
    [
      "8",
      "4"
    ],
    [
      "2",
      "3"
    ],
    [
      "3",
      "2"
    ],
    [
      "13",
      "1"
    ]
  ],
  "required_android": "4.1",
  "size": "79",
  "url": "https://play.google.com/store/apps/details?id=com.highlights.preschoolpuzzles",
  "version": "1.4.22"
}