{
  "categories": [
    "Casual",
    "Creativity"
  ],
  "description": "Wedding is the most important day in every girl's life. In this girls game \"Model Wedding\" you will experience a real holiday and great positive emotions that the marriage day gives to any girl, even if she is a famous supermodel and a celebrity. The most fun of the wedding is the preparations, the dressup, the design of the best bridal outfit, of which the most important is the bridal dress.4 gorgeous, classy brides are there for your fashionista talent. With a perfect shape, an ideal superstar's face and a fancy hairstyle, they all want to be the princesses of their marriage day. Pick trendy, glam or traditional bridal outfits for your superstar bride and she will look like a princess among her girl friends.All our dressup games for girls are completely free and offer no in-app purchases. 200 items will make for an enormous number of unique combinations in this super model wedding salon! Dozens of classy dresses, skirts (long and short), shoes, wedding veils, handbags, bouquets and jewelry will let young fashionistas experiment with different bridal outfits for the top models and develop their artistic taste and fashion designer skills.If you love to dress up dolls, we've got more makeover games with princesses, brides, fairies and other beautiful girls available completely free. Download them all!",
  "inc": "Fashion Games Free",
  "intalled_count": "5,000,000",
  "last_update": [
    "March",
    "8",
    " 2018"
  ],
  "name": "Model Wedding - Girls Games",
  "offered_by": "Fashion Games Free",
  "permissions": {
    "Photos/Media/Files": [
      "read the contents of your USB storage",
      "modify or delete the contents of your USB storage"
    ],
    "Storage": [
      "read the contents of your USB storage",
      "modify or delete the contents of your USB storage"
    ],
    "Other": [
      "view network connections",
      "full network access"
    ]
  },
  "rate": [
    [
      "40,488",
      "4.4"
    ],
    [
      "29,698",
      "5"
    ],
    [
      "4,447",
      "4"
    ],
    [
      "2,964",
      "3"
    ],
    [
      "837",
      "2"
    ],
    [
      "2,542",
      "1"
    ]
  ],
  "required_android": "4.1",
  "size": "36",
  "url": "https://play.google.com/store/apps/details?id=com.gamesforgirlsfree.modelwedding",
  "version": "1.1.4"
}