{
  "categories": [
    "Music & Audio",
    "Creativity"
  ],
  "description": "Garage band for kids is a music app designed specially for pre school and nursery kids to experience various musical instruments such as piano, banjo, drum, xylophone, shakers and rattlers and play various instruments to create their own type of music and have an educational learning experience.This is the AD FREE Version of the app Kids Garage Band.Please try our free version https://play.google.com/store/apps/details?id=com.cgartshop.kidsgarageband.",
  "inc": "One for Fun",
  "intalled_count": "50",
  "last_update": [
    "January",
    "2",
    " 2015"
  ],
  "name": "Kids Garageband No Ads",
  "offered_by": "One for Fun",
  "permissions": {
    "Other": [
      "view network connections",
      "full network access"
    ]
  },
  "rate": [],
  "required_android": "2.3",
  "size": "7.9",
  "url": "https://play.google.com/store/apps/details?id=com.cgartshop.kidsgaragebandpaid",
  "version": "1"
}