{
  "categories": [
    "Art & Design",
    "Creativity"
  ],
  "description": "Simple and fun painting program with color palette! You can take picture, import photo, save to photo gallery, send to friends or share the drawing with the world using Flickr, Facebook, etc! Simple Paint supports Android tablets! The app also supports Samsung S Pen!Perform actions using menu or the following shortcuts:- tap on color palette to change color- tap on brush circle to change brush size- shake to clear screenPinterest: http://www.pinterest.com/virtualgs/simple-paint/Simple Paint was originally written for the Apple IIGS computer. This app uses the Apple IIGS Super Hires color palette!",
  "inc": "Virtual GS",
  "intalled_count": "5,000",
  "last_update": [
    "February",
    "14",
    " 2018"
  ],
  "name": "Simple Paint",
  "offered_by": "Virtual GS",
  "permissions": {
    "Photos/Media/Files": [
      "read the contents of your USB storage",
      "modify or delete the contents of your USB storage"
    ],
    "Storage": [
      "read the contents of your USB storage",
      "modify or delete the contents of your USB storage"
    ],
    "Other": []
  },
  "rate": [
    [
      "30",
      "4.3"
    ],
    [
      "18",
      "5"
    ],
    [
      "8",
      "4"
    ],
    [
      "1",
      "3"
    ],
    [
      "2",
      "2"
    ],
    [
      "1",
      "1"
    ]
  ],
  "required_android": "4.0.3",
  "size": "1.5",
  "url": "https://play.google.com/store/apps/details?id=virtualgs.spaint",
  "version": "6.1"
}