{
  "categories": [
    "Music",
    "Pretend Play"
  ],
  "description": "Tiffany Alvord\u2019s first official game! Live a life of music, glamor, and endless fashion choices! Look fabulous, sound great, meet interesting new people, and put on a stellar show! The YouTube sensation comes to your mobile device like never before!Musician extraordinaire Tiffany Alvord knows what it takes to become a superstar.  Tiffany\u2019s advice on the ups and downs of the music business will be essential to your rise to stardom. With her model\u2019s fashion sense, charm, soulful performances, and enthralling vocals, Tiffany Alvord will guide you to become the superstar you\u2019ve always dreamed of being.Let Tiffany help you turn your fantasy of fame and success into reality! Your avatar will perform on stage, dress up in the most stylish clothes, interact with fellow stars, recruit members for your band, and pose for photo shoots in your very own studio! But that\u2019s just the beginning; there are a lot more cool jobs to do, new people to meet, awards to win, and fun mini-games to play!Even someone with as much talent as Tiffany had to start somewhere, and it will take just as much hard work until your first breakthrough. Don\u2019t hesitate\u2014your dazzling debut awaits and Tiffany Alvord will show you the way!Features:- Fully customizable avatar and wardrobe- Countless possible outfit combinations- A soundtrack of songs by Tiffany Alvord!- Train your character as a singer, an actress, or a model- Interact and befriend potential band members- Earn money to spend on fabulous clothes- Participate in a lot of other activities and mini-games- Perform on stage like Tiffany Alvord, and much more!** Please note that while the app is free, please be aware that it contains paid content for real money that can be purchased upon users' wish to enhance their gaming experience.You may control in-app purchases made within this app using password protection which can be enabled from the setting page of the Google Play Store app. **",
  "inc": "Star Girl Apps",
  "intalled_count": "1,000,000",
  "last_update": [
    "January",
    "21",
    " 2015"
  ],
  "name": "Tiffany Alvord Dream World",
  "offered_by": "Star Girl Apps",
  "permissions": {
    "Photos/Media/Files": [
      "read the contents of your USB storage",
      "modify or delete the contents of your USB storage"
    ],
    "Storage": [
      "read the contents of your USB storage",
      "modify or delete the contents of your USB storage"
    ],
    "Wi-Fi connection information": [
      "view Wi-Fi connections"
    ],
    "Identity": [
      "find accounts on the device"
    ],
    "Contacts": [
      "find accounts on the device"
    ],
    "Location": [
      "approximate location (network-based)"
    ],
    "Phone": [
      "read phone status and identity"
    ],
    "Device ID & call information": [
      "read phone status and identity"
    ],
    "Other": [
      "receive data from Internet",
      "view network connections",
      "full network access",
      "use accounts on the device",
      "prevent device from sleeping",
      "Google Play license check",
      "view network connections",
      "full network access",
      "change your audio settings",
      "use accounts on the device",
      "prevent device from sleeping"
    ]
  },
  "rate": [
    [
      "57,803",
      "4.4"
    ],
    [
      "41,690",
      "5"
    ],
    [
      "6,206",
      "4"
    ],
    [
      "3,689",
      "3"
    ],
    [
      "1,948",
      "2"
    ],
    [
      "4,270",
      "1"
    ]
  ],
  "required_android": "2.3",
  "size": "46",
  "url": "https://play.google.com/store/apps/details?id=com.stargirlapps.google.tiffany",
  "version": "1.0.0"
}