{
  "categories": [
    "Educational",
    "Creativity"
  ],
  "description": "Cool coloring book for horse games lovers, 25+ horse coloring pages\u2022\tHorse Coloring Pages is awesome coloring book for kids and adults\u2022\tHorse Coloring Pages includes 25+ horse drawing\u2022\tHorse Coloring Pages perfect game for every person who love coloring games and horse gamesCool  coloring book for Horse Games lovers, awesome horses \u2022\tHorse Coloring Book 3d is beautiful 3d coloring book for kids and adults\u2022\tHorse Coloring Book 3d includes 12+ horse coloring pages in \u2022\tHorse Coloring Book 3d perfect app for every person who love coloring games and horse gamesTry horse collection in Horse Coloring Pages absolutely free:\u2022\tcute bunny, cute horse coloring pages \u2022\tcartoon horse coloring pages\u2022\thorses family, horses with mom in Horse Coloring Pages \u2022\trealistic horse coloring pages\u2022\tfunny, dreaming, sleeping horses in Horse Coloring Pages\u2022\thorses with flowers, carrots, hearts in Horse Coloring Pages \u2022\tEaster horse in Horse Coloring Pages\u2022       coloring rabbits and pony, cats; dog animals farm, and petsGame Horse Coloring Book is very easy to use:\u2022\tDownload game Horse Coloring Book 3d from GooglePlay\u2022\tOpen Horse Coloring Book 3d and click play button\u2022\tSelect one horse coloring page 3d from all Horse Coloring Book 3d\u2022\tColor horse 3d with original pallet\u2022\tchoose the detail of horse 3d for 3d coloring\u2022\tturn horse 3d to the left and to the right\u2022\t\u0441olor and recolor horse 3d as many time as you want\u2022\twhen your horse 3d is ready take a picture of it\u2022\tall colouring horses is saving in gallery of Horse Coloring Book 3dGame Horse Coloring Pages is very easy to use:\u2022\tDownload game Horse Coloring Pages from GooglePlay\u2022\tOpen game Horse Coloring Pages and click play button\u2022\tSelect one cute bunny from all horse coloring book\u2022\tColor and recolor horse with original pallet\u2022\tzoom in, zoom out for coloring small details of horses\u2022\tShare your cute horse drawing with your friends and familyHorse coloring pages is a coloring game for kids and adults, who love horse games, coloring books, horse pictures.Horse coloring book includes different drawing styles:- cute horse- realistic horse- small horse- wild horse- beautiful horse- racing horse- zenart horseTry horse collection in Horse Coloring Book for absolutely free:\u2022\tRunning horse coloring pages \u2022\tCute and beautiful horse coloring pages \u2022\tMom horse with baby foal coloring pages \u2022\tUpright horse coloring pages \u2022\tMuscular horse coloring pages Horse Coloring Book 3d is the game for the whole family: adults can use it for relax and anti-stress coloring, kids for fun coloring horse games. It is a free and fun 3d coloring game for all ages. Everyone can select perfect horse for him and color it as he wants.Features of Horse Coloring Pages:\u2022\t25+ cute horse coloring pages \u2022\tDifferent horse coloring pages from very simple to very detailed\u2022\thorse coloring book is game for kids and adults, all ages",
  "inc": "AZEDEV",
  "intalled_count": "100",
  "last_update": [
    "July",
    "29",
    " 2018"
  ],
  "name": "Horses Coloring Pages Book",
  "offered_by": "AZEDEV",
  "permissions": {
    "Photos/Media/Files": [
      "read the contents of your USB storage",
      "modify or delete the contents of your USB storage"
    ],
    "Storage": [
      "read the contents of your USB storage",
      "modify or delete the contents of your USB storage"
    ],
    "Other": [
      "view network connections",
      "full network access"
    ]
  },
  "rate": [],
  "required_android": "4.0",
  "size": "11",
  "url": "https://play.google.com/store/apps/details?id=com.izelgue.horsecoloringpages",
  "version": "1.0"
}