{
  "categories": [
    "Educational",
    "Creativity"
  ],
  "description": "Coloring book for kindergarten kids and toddlers. The app has 120 pictures for coloring that will keep your child entertained while developing creativity, fine motor skills and hand eye coordination. Our coloring game is great for both girls and boys of all ages and interests. It allows kids to color animals, dinosaurs, princesses, transport, aliens, sea creatures, robots and even Christmas pictures.Drawing game with different instruments \u2013 pencil, brush, spray, crayon, felt-tip pen and chalk.Magic painting for toddlers \u2013 create beautiful pictures with little effort.User-friendly game for 2 to 6 year olds\u2013 you can easily correct mistakes with \u201cundo\u201d button.Versatile coloring game for kids \u2013 120 coloring pages in 8 different themes.Our game for toddlers is perfect for pre-k and kindergarten children who want to develop their creativity and drawing skills. Ages: 2, 3, 4, 5, 6 or 7 years old pre-kindergarten and kindergarten children.You will never find annoying ads inside our app. We are always glad to receive your feedback and suggestions.",
  "inc": "Bimi Boo Kids - Games for boys and girls LLC",
  "intalled_count": "100,000",
  "last_update": [
    "May",
    "21",
    " 2018"
  ],
  "name": "Coloring book for kids",
  "offered_by": "Bimi Boo Kids - Games for boys and girls LLC",
  "permissions": {
    "Wi-Fi connection information": [
      "view Wi-Fi connections"
    ],
    "Other": [
      "view network connections",
      "full network access",
      "prevent device from sleeping"
    ]
  },
  "rate": [
    [
      "927",
      "4.3"
    ],
    [
      "642",
      "5"
    ],
    [
      "115",
      "4"
    ],
    [
      "62",
      "3"
    ],
    [
      "36",
      "2"
    ],
    [
      "72",
      "1"
    ]
  ],
  "required_android": "4.0",
  "size": "46",
  "url": "https://play.google.com/store/apps/details?id=com.bimiboo.coloring",
  "version": "1.91"
}