{
  "categories": [
    "Entertainment",
    "Creativity"
  ],
  "description": "Be the part of the mermaid glitter painting and enjoy your free time in painting the most beautiful mermaid color by number. Let your imagination run wild and don't be constrained with anything when you are coloring this extra-ordinary glitter coloring book of mermaid by numbers.The unique and impressive opportunity to explore the marine life and feeling relax while tapping the outlines of this sketch to fill them with brilliant glitter shades. Create the masterpiece by your own hands and relief your stress and bring out the creativity.Set the stunning pictures of glitter mermaid on your smartphone as a wallpaper that will unleash your creativity and you will make the breath taking new pictures through the game of mermaid glitter color by number. Download the latest free glitter color by number game and color the beautiful mermaids that live under the water.",
  "inc": "Coloring by Number - Pixel Art Games : Next Tech",
  "intalled_count": "10,000",
  "last_update": [
    "June",
    "14",
    " 2018"
  ],
  "name": "Mermaid Glitter Color by Number:Pixel Art Coloring",
  "offered_by": "Coloring by Number - Pixel Art Games : Next Tech",
  "permissions": {
    "Photos/Media/Files": [
      "read the contents of your USB storage",
      "modify or delete the contents of your USB storage"
    ],
    "Storage": [
      "read the contents of your USB storage",
      "modify or delete the contents of your USB storage"
    ],
    "Other": [
      "view network connections",
      "full network access"
    ]
  },
  "rate": [
    [
      "56",
      "4.5"
    ],
    [
      "45",
      "5"
    ],
    [
      "3",
      "4"
    ],
    [
      "4",
      "3"
    ],
    [
      "0",
      "2"
    ],
    [
      "4",
      "1"
    ]
  ],
  "required_android": "4.1",
  "size": "Varies with devic",
  "url": "https://play.google.com/store/apps/details?id=com.nexttechgamesstudio.mermaid.glitter.color.by.number.sandbox.coloring.adult.coloring.book",
  "version": "1.0"
}