{
  "categories": [
    "Educational",
    "Creativity"
  ],
  "description": "**Charlie and Lola \u2013 Multiple BAFTA Award Winning**The extremely special and completely official BBC Charlie and Lola App! Safe, trusted, ad-free fun for your pre-school little ones. My Little Town consists of six creative activities focusing on free-form and creative gameplay to help encourage learning through imagination.Key Features:\u2022\tImmerse yourself in the world of Charlie and Lola across 6 interactive games  \u2022\tDevelop creative skills through free-form and imaginative game-play style\u2022\tCollect special rewards as you play to build your very own Charlie and Lola Town\u2022\tGated grown-ups\u2019 area including a Help section ensures a child-friendly game experienceGames:Animal CreatorMy Little Town needs animals and the more colourful the better. Design different animals using lots of pens, pencils and paints. Be as silly as you can \u2013 a blue rabbit, pink and red elephant or a spotty green lion.Dress UpDress up Charlie, Lola, Marv and Lotta in a very funny range of costumes including a doctor, cowboy, astronaut and even a glowing pumpkin \u2013 or mix and match for some crazy combinations!Building CreatorCharlie and Lola will need fantastic buildings for the residents of My Little Town. Use blocks of various shapes, sizes and colours to design your own, unique buildings. Then decorate them with a whole bunch of stickers \u2013 a shop, police station or even a zoo. Music MakerFill Your Little Town with your own musical compositions. There are lots of little birds with their own set of notes and instruments \u2013 drag and drop them on to the tree branch in any order you like to create your very own tune.Playmat DesignerAll of your amazing creations need an equally amazing Playmat to sit on. Design from scratch with a blank canvas, or pick a Charlie and Lola template \u2013 maybe a park, the beach or outer space! Playmat ActivityBring your creations to life using the interactive Playmat. Fill the Playmat with your buildings, characters, animals and tunes. Watch as your completed My Little Town bursts into life with animations and sounds, and don\u2019t forget to save a snapshot to your gallery to capture the moment! Customer Care:If you experience any technical issues with this app please get in touch with our Customer Care Team. Most issues can be easily fixed and we are always happy to help. Contact us at support@scarybeasties.comPrivacy:This app will ask for permission to access the camera and photo library of your device.The camera can take a picture of the player for their user profile, which is used to track and retain progress through the game \u2013 you may also choose from a number of characters from Charlie and Lola to represent the player in the user profile. The photo library is accessed in order to store pictures the player may take of the Playmats they can create in the final activity of the app. When asked, you will be given an option of accepting or turning down permission. If you turn down permission to use the camera, you will not be able to take a photograph for the user profile. If you turn down permission to access the picture library, you will not be able to save a picture of the Playmats that are created in the Playmat Activity part of the game. This app does not collect or store any personal data from your device. View our privacy policy here http://www.bbcworldwide.com/privacy.aspxAbout TigerTiger Aspect Productions, an Endemol Shine Company, is one of the UK\u2019s most prolific television production companies, making programmes across genres including animation, children\u2019s, comedy, drama, entertainment and factual. Find out more at www.tigeraspect.co.uk.About Scary BeastiesScary Beasties are a mobile and online games designer and developer specialising in kids\u2019 content, from pre-school through to the teen market. Be the first to hear about our other apps: on twitter @scarybeasties or www.facebook.com/scarybeasties A Scary Beasties production for BBC Worldwide",
  "inc": "BBC Worldwide (Ltd)",
  "intalled_count": "1,000",
  "last_update": [
    "May",
    "9",
    " 2018"
  ],
  "name": "Charlie & Lola: My Little Town",
  "offered_by": "BBC Worldwide (Ltd)",
  "permissions": {
    "Photos/Media/Files": [
      "read the contents of your USB storage",
      "modify or delete the contents of your USB storage"
    ],
    "Storage": [
      "read the contents of your USB storage",
      "modify or delete the contents of your USB storage"
    ],
    "Camera": [
      "take pictures and videos"
    ],
    "Wi-Fi connection information": [
      "view Wi-Fi connections"
    ],
    "Other": [
      "view network connections",
      "full network access",
      "prevent device from sleeping",
      "Google Play license check"
    ]
  },
  "rate": [
    [
      "35",
      "3.9"
    ],
    [
      "23",
      "5"
    ],
    [
      "2",
      "4"
    ],
    [
      "1",
      "3"
    ],
    [
      "1",
      "2"
    ],
    [
      "8",
      "1"
    ]
  ],
  "required_android": "4.0",
  "size": "16",
  "url": "https://play.google.com/store/apps/details?id=com.bbc.charlieandlolamylittletown",
  "version": "1.4"
}