{
  "categories": [
    "Educational",
    "Creativity"
  ],
  "description": "Finally, you've arrived at Play Store \ud83d\udd8cWorkBook\ud83d\udcd8, the best relax game in the entire store. You can paint hundreds of illustrations made in pixels for free in 2D and 3D. Or use the pixel camera. Color by numbers all these pixels and enjoy a unique experience. You can paint everything from mandalas to superheroes to movie characters to unicorns if you like. Whatever your imagination wants.MAIN CHARACTERISTICSThe game is aimed at both children and adults. If you are a child you will have 2D and 3D templates of your favorite characters, coloring games, kpop and kwai styles, cartoons and even be able to number by color of magical worlds like unicorns, dragons and goblins. He wears a sandbox for everything.\ud83d\udccc If you are an adult you are in luck as it has a wide range of patterns for mandalas, which reduce stress and help in your painting skills getting to grow your artbook and coloring.\ud83d\udccc You have hundreds of pages to color and create. Paint and relax by filling in every gap that corresponds to one pixel.\ud83d\udccc Each day you will have a different challenge to paint, you will enter the leaderboard depending on the brand you make. Be the best.\ud83d\udcccDon't miss the 3d models, something revolutionary in terms of coloring games is concerned, an unlimited colorbox. We also use voxel models.\ud83d\udcccUse the pixel art camera to take pictures of you and your friends and transform them into pixel images to color and enjoy with them.\ud83d\udcccUse power ups and complete the drawing before anyone else. Create true works of art quickly with these accelerators. Use the paint bucket and color pump to your advantage to complete the sandbox.This game is for you and is completely free, join the millions of players around the world. Forget about daily stress and change the numbers by color. That's how he creates amazing things. For both children and adults. Find the relaxation you deserve Premium ModeWoorkbook Premium is a feature that allows you to access exclusive designs designed by our team and remove ads. You have 3 days free trial. Then you can get weekly, monthly and annual subscriptions. Choose yours and access the entire artbook.Once the trial period is over, google charges your account with the established subscription. You can cancel the free period at any time without obligation and you will not be charged anything once it ends. You can unsubscribe at any time from my applications but google will not refund the amount.We hope you enjoy our WorkBook ColorArt by Pixelnumber game to the fullest.",
  "inc": "QuizzPanda Inc.",
  "intalled_count": "5,000",
  "last_update": [
    "July",
    "10",
    " 2018"
  ],
  "name": "Workbook 3D - Pixel Art: Coloring by Numbers",
  "offered_by": "QuizzPanda Inc.",
  "permissions": {
    "Photos/Media/Files": [
      "read the contents of your USB storage",
      "modify or delete the contents of your USB storage"
    ],
    "Storage": [
      "read the contents of your USB storage",
      "modify or delete the contents of your USB storage"
    ],
    "Camera": [
      "take pictures and videos"
    ],
    "Wi-Fi connection information": [
      "view Wi-Fi connections"
    ],
    "Other": [
      "receive data from Internet",
      "view network connections",
      "full network access",
      "run at startup",
      "control vibration",
      "prevent device from sleeping"
    ]
  },
  "rate": [
    [
      "2,496",
      "4.8"
    ],
    [
      "2,098",
      "5"
    ],
    [
      "379",
      "4"
    ],
    [
      "5",
      "3"
    ],
    [
      "1",
      "2"
    ],
    [
      "13",
      "1"
    ]
  ],
  "required_android": "4.1",
  "size": "34",
  "url": "https://play.google.com/store/apps/details?id=com.quizzpanda.workbookcolorbynumber.pixelartdrawunicorn",
  "version": "2.0"
}