{
  "categories": [
    "Casual",
    "Creativity"
  ],
  "description": "There\u2019re many beautiful Mandala patterns to you for free !!!With the very colorful palettes, there\u2019re hundreds of colors for you to use.Variety of exquisite paintbrushes: crayons, pen, marker, brush, pencil and more.And Colorjoy can develop your imagination and Innovation.The Exquisite user interface designs for you to find the secret of mandala.- Many beautiful Mandala pictures.- A realistic coloring experience just like working with actual pencils and paper.- Provides the best coloring experience on phone and tablet.- Colorful Palette.Come to share your best work to your friends !Fllow Colorjoy by:Facebookhttps://www.facebook.com/Colorjoy-160828617684866/If you have any problem in using process, please contact us at:colorjoy.feedback@outlook.com",
  "inc": "ColorJoy",
  "intalled_count": "500,000",
  "last_update": [
    "June",
    "7",
    " 2017"
  ],
  "name": "100+ Mandala coloring pages",
  "offered_by": "ColorJoy",
  "permissions": {
    "Device & app history": [
      "retrieve running apps"
    ],
    "Location": [
      "precise location (GPS and network-based)"
    ],
    "Phone": [
      "read phone status and identity"
    ],
    "Photos/Media/Files": [
      "read the contents of your USB storage",
      "modify or delete the contents of your USB storage"
    ],
    "Storage": [
      "read the contents of your USB storage",
      "modify or delete the contents of your USB storage"
    ],
    "Camera": [
      "take pictures and videos"
    ],
    "Wi-Fi connection information": [
      "view Wi-Fi connections"
    ],
    "Device ID & call information": [
      "read phone status and identity"
    ],
    "Other": [
      "view network connections",
      "change network connectivity",
      "connect and disconnect from Wi-Fi",
      "full network access",
      "run at startup",
      "prevent device from sleeping",
      "modify system settings"
    ]
  },
  "rate": [
    [
      "4,205",
      "4.4"
    ],
    [
      "2,893",
      "5"
    ],
    [
      "659",
      "4"
    ],
    [
      "271",
      "3"
    ],
    [
      "111",
      "2"
    ],
    [
      "271",
      "1"
    ]
  ],
  "required_android": "4.0.3",
  "size": "27",
  "url": "https://play.google.com/store/apps/details?id=com.ew.coloring.mandala",
  "version": "1.5.0"
}