{
  "categories": [
    "Educational",
    "Creativity"
  ],
  "description": "New Year and Christmas are the most awaited holidays! Everybody is waiting, when Santa Claus brings toys for kids and different interesting presents for adults. While there isn't any New Year and Christmas, far way Lapland works hard in its holiday workshop. Santa Claus and elves are doing the presents and toys by themselves. They cut out snowflakes, create decorations to decorate the Christmas tree and have fun. Would you like to get some holiday mood, do handmade toys, have some lessons with elves and have a Santa Claus master class? Then let's go! Santa Claus' workshop is open especially for you.Our beloved Hippy is waiting for New Year and Christmas. Hippy and her brother Ji are bored in Hippo town, and Daddy has decided to make them happy. Hippo's Daddy have got two tickets to Lapland for master class in the Santa Claus' workshop. Now real New Year adventures are waiting for us! Do you have your own creative ideas? Do you want to create a unique Christmas tree decorations and decorate Christmas tree? Are you interested in funny Christmas puzzles? Or maybe you just want to have fun and play snowballs? Then you should visit Santa's workshop together with Hippo! And it doesn't matter whether we cut snowflakes, do handmade decorations or we just have fun with elves. Holiday spirit is, for sure, to come! Santa Claus invites you and beloved Hippy to come over. Far away Lapland is waiting for you! Santa Claus will bring a real New Year miracle and funny elves will help to bring to reality all your most creative ideas.Hippy invites everybody who likes New Year and Christmas to big New Year adventures! Have fun and play with your family members! Have a lot of positive emotions and spend useful time. Stay tuned and stay with us. Our educational family games will make you and your family members happy.",
  "inc": "Kids Arcade Games",
  "intalled_count": "100,000",
  "last_update": [
    "June",
    "18",
    " 2018"
  ],
  "name": "Santa's workshop: Christmas Eve",
  "offered_by": "Kids Arcade Games",
  "permissions": {
    "Other": [
      "view network connections",
      "full network access",
      "control vibration"
    ]
  },
  "rate": [
    [
      "412",
      "4.2"
    ],
    [
      "314",
      "5"
    ],
    [
      "13",
      "4"
    ],
    [
      "18",
      "3"
    ],
    [
      "6",
      "2"
    ],
    [
      "61",
      "1"
    ]
  ],
  "required_android": "4.1",
  "size": "78",
  "url": "https://play.google.com/store/apps/details?id=com.hippo.SantasWorkshop",
  "version": "1.0.7"
}