{
  "categories": [
    "Casual",
    "Creativity"
  ],
  "description": "Hidden Objects Kids Room Games are made for children to search for hidden objects and match them. Children can improve their intelligence and thinking power. There are various other benefits that we can get from this game. This game has good picture quality.The benefits our kids get from this game:* Train the Brain* Train Intelligence* Many more....Hopefully this game always provides good benefits for our children.",
  "inc": "HighYa",
  "intalled_count": "1",
  "last_update": [
    "July",
    "29",
    " 2018"
  ],
  "name": "Hidden Objects Kids Room",
  "offered_by": "HighYa",
  "permissions": {
    "Photos/Media/Files": [
      "read the contents of your USB storage",
      "modify or delete the contents of your USB storage"
    ],
    "Storage": [
      "read the contents of your USB storage",
      "modify or delete the contents of your USB storage"
    ],
    "Wi-Fi connection information": [
      "view Wi-Fi connections"
    ],
    "Other": [
      "view network connections",
      "full network access"
    ]
  },
  "rate": [],
  "required_android": "4.2",
  "size": "12",
  "url": "https://play.google.com/store/apps/details?id=com.elixs.hiddenobjectskidsroom",
  "version": "1.1"
}