{
  "categories": [
    "Role Playing",
    "Creativity"
  ],
  "description": "\u201cAll in all, it's a beautiful app that I highly recommend.\u201cGeekswithjuniors.comWhen you enter Fuzzy House, you enter a timeless world, that you can change and vitalize yourself. Kids can explore Fuzzy House, use their imagination and create their own stories as they play along.What is going to happen in the house is up to you \u2013 is there going to be a tea party, is it time to tug the fuzzies to bed, take a bath or just sit by the fireplace and play the guitar?In Fuzzy House you will meet no in-app purchases and no advertisements. There are no time limits, levels, scores or power ups \u2013 Fuzzy House is all about free open-ended and imaginative play. There are lots of things to discover and interact with and therefore plenty of replay value.Fuzzy House is designed, so that 4 year olds as well as 9 year olds can use it \u2013 and have fun.We have established Fuzzy House, because we want to develop great apps for kids.- Apps that appeal to parents like ourselves who prefer authenticity over princess stereotypes and makeup games.- Apps where kids can use their imagination and create their own stories as they play along.- Apps where kids can be kids without gender stereotypes.Fuzzy House is supported by the Danish Games Scheme.\u201cThere is so much for kids to explore, it\u2019ll take them a long time to get through it all.\u201dBestappsforkids.comFeatured as one of \u201c7 AWESOME apps for preschoolers\u201d:\u201cThere is plenty to discover and interact with, and the app is supported by a great website with ideas for make and create, and knitting.\u201dkidsonthecoast.com.au\u201cThe more digital my life gets \u2013 and that of my children \u2013 the more I\u2019m drawn to beautiful physical toys, from wood to wool. Some apps are inspired by those kinds of toys too, though. Fuzzy House, for example, is a lovely \u201cdoll house app\u201d that stars a cast of woolly characters.\u201dAppsplayground.com\u201cLove using open exploration apps like this in OMazing Kids speech therapy! So many great opportunities for vocabulary, verbs, adjectives, pronouns, spatial concepts, storytelling, sequencing, turn taking and more.\u201domazingkidsllc.comwww.fuzzyhouse.comhttps://www.facebook.com/fuzzyhousehttps://www.instagram.com/fuzzyhouse/",
  "inc": "Fuzzy House Aps",
  "intalled_count": "5,000",
  "last_update": [
    "September",
    "5",
    " 2016"
  ],
  "name": "Fuzzy House Premium",
  "offered_by": "Fuzzy House Aps",
  "permissions": {
    "Other": []
  },
  "rate": [
    [
      "201",
      "4.6"
    ],
    [
      "164",
      "5"
    ],
    [
      "17",
      "4"
    ],
    [
      "6",
      "3"
    ],
    [
      "4",
      "2"
    ],
    [
      "10",
      "1"
    ]
  ],
  "required_android": "2.3",
  "size": "63",
  "url": "https://play.google.com/store/apps/details?id=com.fuzzyhouse.FuzzyHousePremium",
  "version": "1.2"
}