{
  "categories": [
    "Entertainment",
    "Creativity"
  ],
  "description": "Pocoyo House is a secure digital playground for children. It gives parents a great support in managing kid's first experience with digital devices.Pocoyo House is a friendly environment: a home full of activities - apps and videos - to enjoy with Pocoyo.The house:* Contains no hidden charges and no external links.* Provides \"baby mode\" feature to lock the phone or tablet for safe and secure playtime.* No advertising for subscribers.The house presents a parent's view to allow adults to select the activity for the baby and a child's view, the house: two floors full of fun with their hero Pocoyo and all his friends.",
  "inc": "Zinkia Entertainment, S.A.",
  "intalled_count": "1,000,000",
  "last_update": [
    "July",
    "26",
    " 2018"
  ],
  "name": "Pocoyo House",
  "offered_by": "Zinkia Entertainment, S.A.",
  "permissions": {
    "Identity": [
      "find accounts on the device"
    ],
    "Contacts": [
      "find accounts on the device"
    ],
    "Phone": [
      "read phone status and identity"
    ],
    "Photos/Media/Files": [
      "read the contents of your USB storage",
      "modify or delete the contents of your USB storage"
    ],
    "Storage": [
      "read the contents of your USB storage",
      "modify or delete the contents of your USB storage"
    ],
    "Camera": [
      "take pictures and videos"
    ],
    "Device ID & call information": [
      "read phone status and identity"
    ],
    "Other": [
      "receive data from Internet",
      "view network connections",
      "full network access",
      "prevent device from sleeping"
    ]
  },
  "rate": [
    [
      "3,783",
      "4.1"
    ],
    [
      "2,559",
      "5"
    ],
    [
      "319",
      "4"
    ],
    [
      "254",
      "3"
    ],
    [
      "161",
      "2"
    ],
    [
      "490",
      "1"
    ]
  ],
  "required_android": "4.2",
  "size": "62",
  "url": "https://play.google.com/store/apps/details?id=com.pocoyo.house",
  "version": "2.6.9"
}