{
  "categories": [
    "Casual",
    "Creativity"
  ],
  "description": "Let your imagination run wild in Max & Ruby: Bunny Make Believe!  Make Max a playful pirate or give Ruby a twirl in her tutu, and spend hours playing in your imagination! Visit playful locations and fill them with ladybugs, music, and rocket ships to create the picture perfect scene. Make sure to include all your favorite characters - Max, Ruby, Grandma - and more! Choose different locations, dress up your characters with colorful clothes, and give them props, hats and more! Make sure to save your favorites scenes, and use them as wallpaper! Now it's your turn to Bunny Make Believe!Hoptastic features include:\u2022\tBrand NEW game from Max & Ruby \u2013 the first in two years!\u2022\tSpend hours playing make believe with all your favorite Max & Ruby characters!\u2022\tCreate your very own scenes in 5 different locations!\u2022\tDress-up Max & Ruby in clothes, costumes, hats, and props\u2022\tSave your scenes and use them as wallpaper!",
  "inc": "Nelvana Digital Inc.",
  "intalled_count": "1,000",
  "last_update": [
    "November",
    "24",
    " 2014"
  ],
  "name": "Max & Ruby: Bunny Make Believe",
  "offered_by": "Nelvana Digital Inc.",
  "permissions": {
    "Photos/Media/Files": [
      "read the contents of your USB storage",
      "modify or delete the contents of your USB storage"
    ],
    "Storage": [
      "read the contents of your USB storage",
      "modify or delete the contents of your USB storage"
    ],
    "Wi-Fi connection information": [
      "view Wi-Fi connections"
    ],
    "Other": [
      "view network connections",
      "full network access"
    ]
  },
  "rate": [
    [
      "15",
      "3.1"
    ],
    [
      "6",
      "5"
    ],
    [
      "2",
      "4"
    ],
    [
      "0",
      "3"
    ],
    [
      "2",
      "2"
    ],
    [
      "5",
      "1"
    ]
  ],
  "required_android": "2.2",
  "size": "27",
  "url": "https://play.google.com/store/apps/details?id=air.com.nelvanadigital.bunnymakebelieve",
  "version": "1.0.0"
}