{
  "categories": [
    "Simulation",
    "Creativity"
  ],
  "description": "A new challenge is waiting for all \"Wildlife Park\"-managers and  animal park tycoons! \"Wildlife Park: Wild Creatures\" leads you into an extremely exotic world of wild and extinct animals . Numerous new species are available in missions and in sandbox mode. In your research centers and genetic labs you are able to breed related ancestors of existing animals, such as e.g. mammoths and dinosaurs. Features: \u2022 Detailed, seamlessly animated and simulated species ranging from mammals and reptiles to birds and marine animals\u2022 Includes extinct and prehistoric animals\u2022 Many plants from all over the world, such as underwater plants\u2022 Animals can be trained with a huge variety of interaction devices such as trampolines, ropes, slides, trees, and video screens\u2022 Additional toys, for example music instruments for apes\u2022 Additional park equipment, for instance water fountains and fancy water toys to place in the lakes\u2022 You can breed back prehistoric animals like the Gigantoptihecus, the biggest ape ever on earth, or the mighty mammoth. Now, for the first time ever, you can even bring dinosaurs that lived in the ocean back to life\u2022 Use special equipment to change the climatic conditions in your park\u2022 Train your animals, teach them all kinds of tricks and let them entertain your visitors to maximize your profit\u2022 12 professions for your personnel to care for the animals and park: Feeder, Garbage, Zookeeper, Animal Catcher, Gardener, Scoutmaster, Vet, Worker, Animal Trainer, First-Aid",
  "inc": "b-alive GmbH",
  "intalled_count": "50,000",
  "last_update": [
    "May",
    "4",
    " 2017"
  ],
  "name": "Wildlife Park: Wild Creatures",
  "offered_by": "b-alive GmbH",
  "permissions": {
    "Photos/Media/Files": [
      "read the contents of your USB storage",
      "modify or delete the contents of your USB storage"
    ],
    "Storage": [
      "read the contents of your USB storage",
      "modify or delete the contents of your USB storage"
    ],
    "Wi-Fi connection information": [
      "view Wi-Fi connections"
    ],
    "Other": [
      "power device on or off",
      "change screen orientation",
      "view network connections",
      "full network access",
      "change your audio settings",
      "prevent device from sleeping",
      "Google Play license check"
    ]
  },
  "rate": [
    [
      "1,029",
      "4.1"
    ],
    [
      "652",
      "5"
    ],
    [
      "109",
      "4"
    ],
    [
      "99",
      "3"
    ],
    [
      "43",
      "2"
    ],
    [
      "126",
      "1"
    ]
  ],
  "required_android": "4.1",
  "size": "70",
  "url": "https://play.google.com/store/apps/details?id=de.balive.wildcreatures",
  "version": "1.0.35"
}