{
  "categories": [
    "Communication",
    "Creativity"
  ],
  "description": "JusTalk Kids is a FREE video calling and messaging app designed for kids to connect with family and close friends from their tablets or smartphones.Safer Environment for Kids- There are no ads or in-app purchases and the app is free to download.- NO harassment from strangers. Kids will not receive friend requests, messages, or calls from strangers unless they add the parents-approved person first.- No phone number is needed. Parents and guardians help their kids to create a JusTalk Kids account by setting a JusTalk ID through the bottom of the signup page.- Your child\u2019s JusTalk ID won\u2019t be recommended to any other users on JusTalk or JusTalk Kids!More Fun for Kids- Doodles, stickers, photo sharing: help kids creatively express themselves and learn new things during calls!- Voice and video recording: save memorable childhood forever!- Play fun and interactive game while calling with parents or close friends.- Start a live video chat to help kids share their favorite moments with loved ones in voice calls.- Send and receive photos, instant video messages, emoji and more on chats.Works with JusTalk- Your child uses JusTalk Kids to video call and message over Wi-Fi or on-the-go (EDGE/2G/3G/4G)*.- Parents and other family members can chat with their kids through their existing JusTalk app.- The same HD quality of audio and video as JusTalk.Cross-platformJusTalk Kids is supported to use on different operating systems and all kinds of device sizes no matter it\u2019s a smartphone or tablet.Private and SecureAll your children's personal information (including calling and messaging data) is end-to-end encrypted. It's split into multiple random path which ensures it can\u2019t be monitored or saved by servers.*Data charges may apply. Check with your carrier for details.--------------------------------------------------------------We're always excited to hear from you! Please feel free to contact us via:Email: kids@justalk.comFacebook: facebook.com/justalkkidsTwitter: @JusTalkKidsInstagram: @justalk_kids---------------------------------------------------------------The following is a more detailed description:Free Phone Calls and Kids ChatMake voice or lively video chats with your children wherever you are. You will never miss any important moment with your family. When you\u2019re unable to accompany you kids, experience life events (loss of first tooth, the first school day, a birthday house party and so on) with your kids together on JusTalk Kids with no distance.Interactive Video FeaturesDuring calls you can tell short stories to your kids by sharing their favorite pictures of story books. Parents and kids doodle together and add emoticons or stickers to spark conversation and laughter. Play games and compete with each other.Designed for FamilyJusTalk Kids is designed as an easy-to-use, safe and educational tool for children where family and friends meet together. Make free calls and share free messages with family and kids.Simple InterfaceA clean, intuitive design makes communicating faster and more fun.Low Data UsageSave 40-90% of the voip or vowifi network traffic during realtime video call with 720P HD quality. Like a fun video walkie talkie.",
  "inc": "JusTalk",
  "intalled_count": "10,000",
  "last_update": [
    "July",
    "30",
    " 2018"
  ],
  "name": "JusTalk Kids - Safe Video Chat and Messenger",
  "offered_by": "JusTalk",
  "permissions": {
    "Device & app history": [
      "retrieve running apps",
      "read sensitive log data"
    ],
    "Identity": [
      "find accounts on the device",
      "add or remove accounts"
    ],
    "Contacts": [
      "find accounts on the device",
      "read your contacts",
      "modify your contacts"
    ],
    "Phone": [
      "directly call phone numbers",
      "read phone status and identity"
    ],
    "Photos/Media/Files": [
      "read the contents of your USB storage",
      "modify or delete the contents of your USB storage"
    ],
    "Storage": [
      "read the contents of your USB storage",
      "modify or delete the contents of your USB storage"
    ],
    "Camera": [
      "take pictures and videos"
    ],
    "Microphone": [
      "record audio"
    ],
    "Wi-Fi connection information": [
      "view Wi-Fi connections"
    ],
    "Device ID & call information": [
      "read phone status and identity"
    ],
    "Other": [
      "receive data from Internet",
      "view network connections",
      "create accounts and set passwords",
      "pair with Bluetooth devices",
      "send sticky broadcast",
      "full network access",
      "change your audio settings",
      "run at startup",
      "draw over other apps",
      "use accounts on the device",
      "control vibration",
      "prevent device from sleeping",
      "toggle sync on and off",
      "install shortcuts"
    ]
  },
  "rate": [
    [
      "241",
      "4.5"
    ],
    [
      "190",
      "5"
    ],
    [
      "20",
      "4"
    ],
    [
      "9",
      "3"
    ],
    [
      "4",
      "2"
    ],
    [
      "18",
      "1"
    ]
  ],
  "required_android": "4.0.3",
  "size": "26",
  "url": "https://play.google.com/store/apps/details?id=com.justalk.kids.android",
  "version": "0.5"
}