{
  "categories": [
    "Education",
    "Creativity"
  ],
  "description": "Tootooni! Games for Toddlers & KidsTwenty children's games in one, to educate and entertain toddlers and small children. The games feature cute, colorful cartoon art and lively sound effects. The user interface is specially designed to allow kids to explore and enjoy the games on their own.Draw the tracks game: Kids, drag your finger on the screen to create a train track, road or airway over the on-screen scenery, then watch as the cartoon trains, cars and airplanes travel along the paths while making their distinctive sounds.Building blocks game: Kids, pick up and place different shapes and colors of blocks and form houses, trains, etc with or without gravity.Match the pairs game: Kids, tap the screen to reveal pictures of the cartoon vehicle characters and exercise your memory by matching the pairs of identical pictures (of trains, cars, planes).Water paint game: Kids, brush your finger over the black-and-white sketches to reveal the colors that complete the picture.Finger paint game: Kids, choose colors from the palette and brush your finger over the canvas to color-in the black-and-white sketches using your own imagination.Picture puzzle game: Kids, reassemble the scrambled pictures by dragging the tiles to their correct place on the canvas.Music room : Tap on the cartoon characters and hear the sounds they make (trains, cars, planes).Connect the dots game: Kids, tap on the numbered dots in sequence to reveal the hidden image.Scratch the cards game: Kids, scratch with your finger the card to unveil the picture.Blackboard: Kids, write your name, letters, numbers, outlines, do additions using your finger as chalk on the blackboard.Maze game: Kids, drag the character (train, car, airplane) and solve the maze.Math game: Kids, count the characters (train, car, airplane) and/or add, subtract, multiply, divide numbers.My Puzzle, My Scratch, My Water paint game: Kids, add your drawings, digital photos, web downloaded images of favorite cartoon characters and play in these games.Reversi: a strategy board game for one player vs computer or two players.Four in a Row: a strategy board game to connect four of one's own discs of the same color next to each other vertically, horizontally, or diagonally before your opponent.Blocks 2: Build the same structure as the one depicted on the card placed at the top left corner of the screen.Tic Tac Toe: a classic game loved by children.Slide puzzle: slide the scrambled piece to their correct place on the canvas.Toddler lock: Use the toddler lock button in the starting menu to keep your kids in the app. Toddler lock functionality does not change any of your device's settings and may not work on all devices. To unlock, use your device's back button to go to the starting menu and tap on unlock.Suitable for 1 year, 2 years, 3 years, 4 year, 5 year, 6 years + old.Privacy : No data of any kind is collected by this app. This app does not make use of internet communications.Planarsoft educational games for toddler, baby, preschool, kindergarten, child, children, kids, with train characters, trains, cars, planes featuring games like water paint, finger paint, puzzle (jigsaw), drawing tracks & lines, scratch, connect the dots, memory, music. Special thanks to Thomas & Alex.",
  "inc": "Planarsoft",
  "intalled_count": "10,000",
  "last_update": [
    "March",
    "18",
    " 2018"
  ],
  "name": "Tootooni! for Toddlers & Kids",
  "offered_by": "Planarsoft",
  "permissions": {
    "Device & app history": [
      "retrieve running apps"
    ],
    "Photos/Media/Files": [
      "read the contents of your USB storage",
      "modify or delete the contents of your USB storage"
    ],
    "Storage": [
      "read the contents of your USB storage",
      "modify or delete the contents of your USB storage"
    ],
    "Other": [
      "draw over other apps"
    ]
  },
  "rate": [
    [
      "308",
      "4.5"
    ],
    [
      "215",
      "5"
    ],
    [
      "64",
      "4"
    ],
    [
      "15",
      "3"
    ],
    [
      "3",
      "2"
    ],
    [
      "11",
      "1"
    ]
  ],
  "required_android": "2.2",
  "size": "24",
  "url": "https://play.google.com/store/apps/details?id=org.microemu.android.com.planarsoft.mobile.train.Init",
  "version": "6.24t"
}