{
  "categories": [
    "Social",
    "Creativity"
  ],
  "description": "CHAT WITH FRIENDS, POST YOUR ART, GAIN FOLLOWERS. PopJam. It\u2019s fun. It\u2019s free. It\u2019s all about YOU!Get PopJam now! Create and share art and much more! Watch specially selected videos, take quizzes, play games and discover and follow all the stuff you love! PopJam is a safe place to share your drawings, post art, make friends, chat with friends, and explore.Why you'll love PopJam:BECOME A STAR - Get likes and followers to become a PopJam Star!SHARE ART \u2013 Share your drawings and creations with all of your followers!EPIC QUIZZES \u2013 Fun quizzes for kids! Try brilliant swipe and trivia quizzes and take quizzes all about you!AWESOME VIDEOS \u2013 Check out the coolest videos ever!TOP GAMES - Beat your friends' high scores!SUPER STICKERS \u2013 Add crazy stickers and GIFs!DAILY CHALLENGE \u2013 Could you be the winner of our creative challenge?JOIN IN! \u2013 @Mention and #Tag your posts and comment on, heart and ReJam friends' posts!Try PopJam: a super awesome social media tool to express your creativity and become a Neon Star. Draw pictures, make memes, caption photos, paint art, write stories, post quizzes \u2013 make art and express yourself in every way you can imagine!PopJam is packed with awesome videos for kids, engaging quizzes, amazing games, hilarious GIFs and so much more fun stuff. Join PopJam now to share your art and start earning kudos and likes from followers!Have fun,The PopJam team :PPlease note: PopJammers cannot share personally identifying information such as email, full name, phone number or selfies/ photos of friends.PopJam is certified by the kidSAFE Seal Program. To learn more go to www.kidsafeseal.com",
  "inc": "SuperAwesome LTD",
  "intalled_count": "500,000",
  "last_update": [
    "July",
    "5",
    " 2018"
  ],
  "name": "PopJam",
  "offered_by": "SuperAwesome LTD",
  "permissions": {
    "Device & app history": [
      "retrieve running apps"
    ],
    "Photos/Media/Files": [
      "read the contents of your USB storage",
      "modify or delete the contents of your USB storage"
    ],
    "Storage": [
      "read the contents of your USB storage",
      "modify or delete the contents of your USB storage"
    ],
    "Camera": [
      "take pictures and videos"
    ],
    "Wi-Fi connection information": [
      "view Wi-Fi connections"
    ],
    "Other": [
      "full license to interact across users",
      "receive data from Internet",
      "view network connections",
      "full network access",
      "prevent device from sleeping",
      "Google Play license check"
    ]
  },
  "rate": [
    [
      "19,970",
      "4.4"
    ],
    [
      "14,827",
      "5"
    ],
    [
      "2,040",
      "4"
    ],
    [
      "1,157",
      "3"
    ],
    [
      "492",
      "2"
    ],
    [
      "1,454",
      "1"
    ]
  ],
  "required_android": "4.1",
  "size": "63",
  "url": "https://play.google.com/store/apps/details?id=com.mindcandy.popjam",
  "version": "5.11.4"
}