{
  "categories": [
    "Educational",
    "Creativity"
  ],
  "description": "\u201cWoof, woof, woof~\u201d, oh, dear Little Pet Doctor, it seems that someone is sending a distress signal! Oops! It turns out that our lovely dogs are in trouble. Oh\u2026these poor little things, some of them are terribly sick and others are even trapped. Take action now! It\u2019s time to bring these pets back home to cure them, and also tell the whole world that you are the best doctor ever!Here advanced medical facilities enable you to show your skills to the fullest. Meanwhile the comfortable garden and nice bathroom grant your doggy a wonderful life. That\u2019s the end? Absolutely not! There is also something delicious offered to the puppies, so you can feed them when they feel hungry. Are you ready to save the doggies and rock the medical field? Just do it!How to play:Open the game and choose a doggy to start the rescue. Firstly, you\u2019ll find it being trapped in a terrible place and what you need to do is help it out under the instructions. That must be a piece of cake for you, right? But don\u2019t take it lightly, because the dog may be injured, and you need to treat it at home with the instruments offered. In return, the cured dog will settle down in your nice house. And guess what? There are also many interesting activities waiting for you, such as dressing up your dog, traveling around and taking photos with it. That\u2019s really exciting, huh? Time waits for no one, so get down to your rescue plan at once\uff01Features:- 6 dogs with different stories- 5 diagnostic tools and lots of medical facilities- 3 sections: saving, treating and taking care of the dogs- Interactive experiences such as bathing, dressing up & feeding the dogs - 9 toys to play with and 5 places to travel-\u00a0Got\u00a0any\u00a0ideas?\u00a0Suggestions?\u00a0Need\u00a0technical\u00a0support?\u00a0Please\u00a0feel\u00a0free\u00a0to\u00a0contact\u00a0us\u00a024/7\u00a0at\u00a0Support@libii.com Need You Know:This app is totally free to download and play, some basic items are also free to use, but some additional items need you to purchase and pay to unlock. Therefore, if you do not want to use these items, please turn off the in-app purchase in your settings. Thanks.",
  "inc": "Libii",
  "intalled_count": "500,000",
  "last_update": [
    "May",
    "24",
    " 2015"
  ],
  "name": "Little Pet Doctor",
  "offered_by": "Libii",
  "permissions": {
    "Photos/Media/Files": [
      "read the contents of your USB storage",
      "modify or delete the contents of your USB storage"
    ],
    "Storage": [
      "read the contents of your USB storage",
      "modify or delete the contents of your USB storage"
    ],
    "Camera": [
      "take pictures and videos"
    ],
    "Wi-Fi connection information": [
      "view Wi-Fi connections"
    ],
    "Other": [
      "receive data from Internet",
      "view network connections",
      "full network access",
      "prevent device from sleeping"
    ]
  },
  "rate": [
    [
      "4,710",
      "3.7"
    ],
    [
      "2,493",
      "5"
    ],
    [
      "514",
      "4"
    ],
    [
      "439",
      "3"
    ],
    [
      "410",
      "2"
    ],
    [
      "854",
      "1"
    ]
  ],
  "required_android": "2.3",
  "size": "44",
  "url": "https://play.google.com/store/apps/details?id=com.libiitech.littlepetdoctorpuppy",
  "version": "1.0.3"
}