{
  "categories": [
    "Education",
    "Education"
  ],
  "description": "\"Kudos for putting together an academic-research background with an imaginative, playful presentation to try to help kids build a solid early math foundation.\u201d - Common Sense MediaHelp your preschooler develop early math skills with this science-backed game! Fuzzy Numbers provides a fairy-tale setting for children to practice foundational early math skills.Your child will love exploring Princess Poodle\u2019s castle, Prince Frog\u2019s beanstalk, Witch Cat\u2019s potion school, and Pirate Whale\u2019s treasure cove. Each scene is designed to help your child exercise his or her intuitive sense of quantity, or \u201cnumber sense\u201d.Research shows that children with a stronger number sense tend to perform better on real math tests (Halberda et al., 2008). Four and five year old children who played digital number sense games demonstrated better math performance (on tests of counting, number identification, addition, etc.) compared to control groups, when tested right after a brief practice (Wang et al., 2016) or after several weeks of practice (Park et al., 2016). Fuzzy Numbers is adaptive and continually challenges your child\u2019s number sense. Children from ages 3 to 5 enjoy playing Fuzzy Numbers, a reimagined version of our first number sense game, More 4 Monkey.Cognitive ToyBox is committed to developing science-backed games to support the early learning and cognitive development of children. Please contact us at hello@cognitivetoybox.com with any questions or feedback.===References:Halberda, J., Mazzocco, M. M., & Feigenson, L. (2008). Individual differences in non-verbal number acuity correlate with maths achievement. Nature, 455(7213), 665-668.Park, J., Bermudez, V., Roberts, R. C., & Brannon, E. M. (2016). Non-symbolic approximate arithmetic training improves math performance in preschoolers. Journal of Experimental Child Psychology, 152, 278-293.Wang, J. J., Odic, D., Halberda, J., & Feigenson, L. (2016). Changing the precision of preschoolers\u2019 approximate number system representations changes their symbolic math performance. Journal of Experimental Child Psychology, 147, 82-99.",
  "inc": "Cognitive ToyBox, Inc.",
  "intalled_count": "1,000",
  "last_update": [
    "July",
    "21",
    " 2017"
  ],
  "name": "Fuzzy Numbers: Pre-K Number Foundation",
  "offered_by": "Cognitive ToyBox, Inc.",
  "permissions": {
    "Other": []
  },
  "rate": [
    [
      "21",
      "4.7"
    ],
    [
      "16",
      "5"
    ],
    [
      "3",
      "4"
    ],
    [
      "2",
      "3"
    ],
    [
      "0",
      "2"
    ],
    [
      "0",
      "1"
    ]
  ],
  "required_android": "4.1",
  "size": "44",
  "url": "https://play.google.com/store/apps/details?id=com.cognitivetoybox.fuzzynumbers",
  "version": "1.3"
}