{
  "categories": [
    "Educational",
    "Creativity"
  ],
  "description": "Children have a naturally short attention span, no single game can usually hold their attention for more than a few minutes.  Baby & Toddler Games solves this problem by having multiple games inside of one app.  That should hold your child attention for longer and hopefully give you some much deserved free time and a bit of peace and quiet. App has three different difficulty / age group settings:\u00b7 0-2 years \u00b7 2-4 years \u00b7 4+ years Switching between these allows your child to grow up and improve with the app, and decrease the chance of them getting bored with a game when it becomes not challenging enough. It can be also used by more than one child if they are of different age groups.List of included gamesMain games and activities: \u00b7  Match shadow  (Drag and drop toys, animals, garden & transport items) \u00b7  Musical Drum  (Tap do play nursery rhyme with special effects) \u00b7  Bubble Burst  (Burst bubbles to get a new backgroundimage of cute kittens and puppies) \u00b7  Keyboard  (Learn nursery rhymes, play keyboard with various instruments and sound effects, record songs etc..) \u00b7  Piano Tiles  (tap on black tiles to play nursery rhymes or custom recorded songs)Hidden games: \u00b7 Paint  (Paint over the canvas with cute puppies and kittens with multiple colors, erase and draw mode...) \u00b7 Memory Pairs  (Find matching pairs to clear the playfield)Bonus level games: \u00b7  Whack'a'Mole (Quickly tap the squares that light up) \u00b7  Bubble Wrap Pop (Pop all the bubbles in the wrap sheet before the time runs out)Developed by a new father and ex-teacher, these games have been designed to : \u00b7  Develop your child\u2019s fine and coarse motor skills \u00b7  Improve and train hand to eye coordination \u00b7  Develop recognition of shapes and objects \u00b7  Enhance the child's vocabulary \u00b7  Learn to play keyboard in a fun and engaging way \u00b7  Help with learning the different colours, shapes, and numbers \u00b7  Increase reaction times \u00b7  Improve cognitive and memory functions \u00b7  Learn new songs and nursery rhymesGames are designed with attention to detail and feature engaging and realistic graphics & animations. App has a lock function to prevent accidental taps and a help function for each screen and section. Available in 15 languages.",
  "inc": "Aardvark Studios",
  "intalled_count": "10",
  "last_update": [
    "April",
    "22",
    " 2018"
  ],
  "name": "Baby, Toddler & Kids Edu Games & Activities Pro",
  "offered_by": "Aardvark Studios",
  "permissions": {
    "Photos/Media/Files": [
      "read the contents of your USB storage",
      "modify or delete the contents of your USB storage"
    ],
    "Storage": [
      "read the contents of your USB storage",
      "modify or delete the contents of your USB storage"
    ],
    "Other": [
      "full network access"
    ]
  },
  "rate": [
    [
      "13",
      "4.9"
    ],
    [
      "12",
      "5"
    ],
    [
      "1",
      "4"
    ],
    [
      "0",
      "3"
    ],
    [
      "0",
      "2"
    ],
    [
      "0",
      "1"
    ]
  ],
  "required_android": "2.2",
  "size": "34",
  "url": "https://play.google.com/store/apps/details?id=com.aadvarkstudios.babygames.BabyGames",
  "version": "1.3.1"
}