{
  "categories": [
    "Casual",
    "Creativity"
  ],
  "description": "In this fashion and beauty salon game for fashionista girls you dress up 12 princesses in fancy outfits. The game is completely free. No purchases in this princess dress up game whatsoever!If you're addicted to dress up games, come see these gorgeous princesses who are just waiting for amazing makeovers and new wonderful dressups! How should these princesses look: trendy, fancy, stylish, royal, casual? Use your fashion sense and your internal fashionista talent to create the best outfit for each princess girl.Choose hairstyle, dress, gloves, shoes, wings, and other accessories for your princess girls. This game lets young fashionistas develop their taste and fashion designer skills.We know that girls just love dressup and makeover games, so we've created a lot more dress up games for girls of all ages on different topics! Check out our fashionista games with princesses, fairies, brides and much more by following the \"More by Games For Girls\" link! More free girl games and new makeover salon apps await!",
  "inc": "Best Dress Up Games For Girls",
  "intalled_count": "1,000,000",
  "last_update": [
    "April",
    "13",
    " 2018"
  ],
  "name": "Dress up - Games for Girls",
  "offered_by": "Best Dress Up Games For Girls",
  "permissions": {
    "Photos/Media/Files": [
      "read the contents of your USB storage",
      "modify or delete the contents of your USB storage"
    ],
    "Storage": [
      "read the contents of your USB storage",
      "modify or delete the contents of your USB storage"
    ],
    "Other": [
      "view network connections",
      "full network access"
    ]
  },
  "rate": [
    [
      "19,679",
      "4.1"
    ],
    [
      "12,818",
      "5"
    ],
    [
      "1,965",
      "4"
    ],
    [
      "1,710",
      "3"
    ],
    [
      "763",
      "2"
    ],
    [
      "2,423",
      "1"
    ]
  ],
  "required_android": "4.1",
  "size": "41",
  "url": "https://play.google.com/store/apps/details?id=com.gamesforgirlsfree.dressup",
  "version": "1.2.8"
}