{
  "categories": [
    "Simulation",
    "Creativity"
  ],
  "description": "Get ready to legally be illegal!Feel the rush of city traffic & become the Living Legend of Illegal Driving.You\u2019re going to need some super crazy parking skills to get through these jam-packed roads and find your place. In each level of this ILLEGAL DRIVING REAL CITY TRAFFIC JAM you need to hop into your car, dodge through traffic, earn points, buy better cars, squeeze between parked cars and will have the ultimate experience of car driving, make sure you fasten your seatbelts and experience this enthralling adventure with all kinds of vehicles including sports cars, jeeps and more.So here\u2019s the deal, just play this ILLEGAL DRIVING REAL CITY TRAFFIC JAM and feel the rush of Illegal driving & become the master of driving skills.Driving features:- drive with tilt or using on screen buttons.- use your skills to clear your way and become skillful driver.- if you want to feel the speed, you need to push the                              acceleration button all the time.- don\u2019t forget to use brake, it\u2019s better to be safe than crash          into other cars.- drive with lines in one direction or two lines in opposing              directions.Game Features:- stunning graphics.- multiple vehicles to choose.- drive through real traffic in several completely different                 scenarios.- drive your favorite cars with engine, steering and     acceleration.- earn coins and buy new wheels.- become master of driving skills.",
  "inc": "Games Box Studios",
  "intalled_count": "500",
  "last_update": [
    "July",
    "20",
    " 2018"
  ],
  "name": "Illegal Driving Real City Traffic Jam",
  "offered_by": "Games Box Studios",
  "permissions": {
    "Other": [
      "view network connections",
      "full network access"
    ]
  },
  "rate": [
    [
      "52",
      "4.9"
    ],
    [
      "48",
      "5"
    ],
    [
      "3",
      "4"
    ],
    [
      "1",
      "3"
    ],
    [
      "0",
      "2"
    ],
    [
      "0",
      "1"
    ]
  ],
  "required_android": "4.1",
  "size": "25",
  "url": "https://play.google.com/store/apps/details?id=com.gb101.illegal.driving.city.traffic",
  "version": "1.0.1"
}