{
  "categories": [
    "Simulation",
    "Creativity"
  ],
  "description": "Build the city of your dreams with Dr. Panda! Dr. Panda City is bigger and better than ever! Create a thriving metropolis with sky-high apartments and shopping malls, or a paradise beach retreat with harbors over sparkling waters!BUILD THE CITY OF YOUR DREAMS!Build and explore with Dr. Panda a beautiful 3D world! Combine 8 different world-building elements to make train tracks, homes, shops, airports and more!DISCOVER, EXPERIMENT AND UNLOCK!Each building takes a special combination to discover and unlock, so you have the freedom to experiment and build in any way you want! Can you find all of the secret combinations?SO MANY WAYS TO PLAY IN YOUR CITY!Explore as you play inside of every building. Go shopping in the mall, get married at the City Hall or ride on a dinosaur in the museum!Dr. Panda City 2 is designed with kids in mind, but people of all ages can play and have fun!KEY FEATURES:\u25cf Build bigger than ever in full 3D!\u25cf Tap, rotate and pinch to zoom to see your city from all different angles.\u25cf Experiment with 8 world-building elements to discover and unlock over 60 buildings!\u25cf Explore the inside of buildings and play with the surroundings\u25cf Dress-up your citizens with fun clothes and accessories!\u25cf Switch between Night and Day Mode and watch your city light up!\u25cf Hoopa's Building Book will keep track of what you've unlocked and how to build it.\u25cf Save over 20 cities, so you can always try something new!Privacy Policy As a designer of kids\u2019 games, we understand how important privacy is in this modern, digital world. You can read our privacy policy here: http://www.drpanda.com/privacy About Dr. PandaDr. Panda is a developer of games for kids. We develop games with educational values that help kids learn about the world. All of our games are safe and do not contain inappropriate content.If you\u2019d like to know more about us and how we design games for kids, visit our website www.drpanda.com/about. If you have any questions, feel free to send us an email at support@drpanda.com or contact us on Facebook (www.facebook.com/drpandagames) or Twitter (www.twitter.com/drpandagames) or Instagram (www.instagram.com/drpandagames).",
  "inc": "Dr. Panda",
  "intalled_count": "10,000",
  "last_update": [
    "February",
    "18",
    " 2017"
  ],
  "name": "Hoopa City 2",
  "offered_by": "Dr. Panda",
  "permissions": {
    "Photos/Media/Files": [
      "read the contents of your USB storage",
      "modify or delete the contents of your USB storage"
    ],
    "Storage": [
      "read the contents of your USB storage",
      "modify or delete the contents of your USB storage"
    ],
    "Other": [
      "view network connections",
      "full network access",
      "prevent device from sleeping",
      "Google Play license check"
    ]
  },
  "rate": [
    [
      "212",
      "4.3"
    ],
    [
      "159",
      "5"
    ],
    [
      "16",
      "4"
    ],
    [
      "5",
      "3"
    ],
    [
      "4",
      "2"
    ],
    [
      "28",
      "1"
    ]
  ],
  "required_android": "4.0",
  "size": "74",
  "url": "https://play.google.com/store/apps/details?id=com.drpanda.city2",
  "version": "1.2"
}