{
  "categories": [
    "Casual",
    "Creativity"
  ],
  "description": "High school is over, and prom night is ahead! 6 girl friends are going to the prom. Which of them will become the new prom queen? Each girl is gorgeous and has an incredible fashion taste. Pick the best trendy dresses and other fancy items for the girls!In this makeover / dress up game for girls and fashionistas there are over 200 clothing items, all available completely free without any annoying locks or in-app purchases. Actually, none of our dress games for girls ever demand real money! That's why we proudly believe that our girl games are simply the best on Android and Google Play! We checked, nowhere else will you find such an abundance of clothes at exactly zero cost and zero nagging. If you like this friendly approach, be sure to check out our other fashionista games for girls on other topics.In this new makeover game for girls you can browse between the following categories of items: dresses, skirts, tops, hats, shoes, capes, gloves, necklaces, flowers, handbags, and of course hairstyles. These young beauties have dreamed of the prom and now it's their time to look like gorgeous princesses. Play \"Prom Night Dress Up\" free, dress up each highschool student in unique outfits, make a photo of the prom princess and share it with your friends!",
  "inc": "Teen Fashion Games",
  "intalled_count": "1,000,000",
  "last_update": [
    "March",
    "8",
    " 2018"
  ],
  "name": "Prom Night Dress Up",
  "offered_by": "Teen Fashion Games",
  "permissions": {
    "Photos/Media/Files": [
      "read the contents of your USB storage",
      "modify or delete the contents of your USB storage"
    ],
    "Storage": [
      "read the contents of your USB storage",
      "modify or delete the contents of your USB storage"
    ],
    "Other": [
      "view network connections",
      "full network access"
    ]
  },
  "rate": [
    [
      "16,761",
      "4.4"
    ],
    [
      "12,231",
      "5"
    ],
    [
      "1,862",
      "4"
    ],
    [
      "1,275",
      "3"
    ],
    [
      "354",
      "2"
    ],
    [
      "1,039",
      "1"
    ]
  ],
  "required_android": "4.1",
  "size": "34",
  "url": "https://play.google.com/store/apps/details?id=com.gamesforgirlsfree.promnight",
  "version": "1.1.9"
}