{
  "categories": [
    "Education",
    "Creativity"
  ],
  "description": "Kids Coloring Book, show your kids imagination.  Coloring game for kids is fun learning.It contains Elephant, Fishes, Flowers, Doll, Horse, Cake, Angle, Duck, Joker, Hippo, Plane, Rocket, Honey bee, Car, Christmas tree, Train, Spider, Birds, Plants and many more coloring pages.Features:1. 76 high quality color pages, that your kid will love to color.2. 48 unique fill colors.3. You can zoom the image.4. Can do undo more than 1000+ times.5. Save your coloring picture to you color book.6. High quality sound.send you feedback on ACKADInfo@Gmail.com for any suggestions.",
  "inc": "ACKAD Developer.",
  "intalled_count": "1,000,000",
  "last_update": [
    "July",
    "15",
    " 2018"
  ],
  "name": "Kids Coloring Book",
  "offered_by": "ACKAD Developer.",
  "permissions": {
    "Photos/Media/Files": [
      "read the contents of your USB storage",
      "modify or delete the contents of your USB storage"
    ],
    "Storage": [
      "read the contents of your USB storage",
      "modify or delete the contents of your USB storage"
    ],
    "Other": [
      "view network connections",
      "full network access"
    ]
  },
  "rate": [
    [
      "810",
      "4.4"
    ],
    [
      "620",
      "5"
    ],
    [
      "51",
      "4"
    ],
    [
      "48",
      "3"
    ],
    [
      "17",
      "2"
    ],
    [
      "74",
      "1"
    ]
  ],
  "required_android": "4.1",
  "size": "5.0",
  "url": "https://play.google.com/store/apps/details?id=com.ackad.kidspainting",
  "version": "1.9"
}