{
  "categories": [
    "Educational",
    "Creativity"
  ],
  "description": "A world to build at the tip of your fingers!Start by BUILDING a TRACK with roads and rails.Next organize a CITY with its walls, buildings and trees.All you have to do is EXPLORE the fascinating city you've imagined.Thanks to you, Pango and his friends will take turns as the firefighter, grocer, postman or doctor. They travel by train or car, visit big monuments like the Eiffel Tower and return home to sleep in the evening.You can be PROUD of the city you've imagined!With PANGO BUILD City, your child builds and rebuilds in complete freedom.It gives free rein to children's creativity, drives their logical thinking and motor skills.A game with positive repercussions for BETTER GROWTH!For smaller children, PANGO BUILD adapts by proposing 3 pre-built cities.The child starts by MANIPULATING and EXPLORING the universe.Little by little, the child can MODIFY the cities before embarking on the grand adventure of BUILDING on a blank slate.With PANGO, use your IMAGINATION!To know more: http://www.studio-pango.comFEATURES- BUILD a track- ORGANISE a city- EXPLORE that universe and PLAY with Pango and his friends.- Save the cities that YOU'VE imagined.- A BUILDING game that lets children flourish and grow FREELY.- A game that EVOLVES with pre build cities for the smallest children to use.- Perfect for children 3 or older- A simple, functional application- Internal parental control- No in-game purchases and no invasive advertising",
  "inc": "Studio Pango",
  "intalled_count": "1,000",
  "last_update": [
    "June",
    "29",
    " 2016"
  ],
  "name": "Pango Build City",
  "offered_by": "Studio Pango",
  "permissions": {
    "Other": [
      "full network access"
    ]
  },
  "rate": [
    [
      "43",
      "4.6"
    ],
    [
      "37",
      "5"
    ],
    [
      "1",
      "4"
    ],
    [
      "1",
      "3"
    ],
    [
      "2",
      "2"
    ],
    [
      "2",
      "1"
    ]
  ],
  "required_android": "3.0",
  "size": "31",
  "url": "https://play.google.com/store/apps/details?id=com.studiopango.pangobuildcity",
  "version": "1.0.1"
}