{
  "categories": [
    "Communication",
    "Creativity"
  ],
  "description": "Safe and fun messaging app to connect your kids with everyone they love!** Keep in touch with your children. No SIM card required!** Share the love with grand-parents & family** Control: friends' requests approved by parents Monster Messenger is an instant messaging app for kids and their families. Monster Messenger enables children and their relatives to exchange all these little daily signs of love and reinforcement that are oh-so important to help children to grow up in harmony and confidence.Monster Messenger is completely independent from Facebook. By creating your children's accounts on Monster Messenger, you don't force your own parents nor the parents of your children's friends to create a Facebook account. We believe that everyone should remain free of their choices, especially when it comes to kids' screen time and connection with social networks.Sharing with your child a photo, a voice message, a drawing or a short text message gives you instant presence by your child, wherever you are. Your child can also safely communicate with family members and closest friends, because you validate all invitations received, and sent. With Monster Messenger, share all day long with your children what matters most for their growth: your love.Loaded with fun features:\u2023 Photos, drawings, voice and text messages\u2023 Tons of cute stickers to share\u2023 Personalize your photos with stickers, drawings and text!A kid-safe experience:\u2023 Full parental control: parents manage their children\u2019s accounts, invitations, have access to their contact lists and can block contacts at any time * Parents have to approve invitations sent to and by their children before they can talk to a user\u2023 Simple one-swipe gesture to report a conversation or to block a user\u2023 0-bullying tolerance policy: we invite children to think twice before sending some inappropriate messages \u2023 Kid-safe and kid-appropriate content and behavior only are allowed within the App\u2023 Professional trained moderators enforce anti-bullying, safe content and behavior policies\u2023 Children (and all users') personal data is covered by a public privacy policy. In plain English: all of your children\u2019s personal information (including conversations) is encrypted and never shared with any third party.One more thing: Monster Messenger is 100% free and ad-free! :)Monster Messenger is created by eduPad, whose educational apps are already used by 8 million children in 146 countries. We value your feedback and feature requests, as it helps us provide you the best apps and service, so you\u2019re more than welcome to send us an email at feedback@edupad.com ! :)Try the new messenger kids and their families have been craving for, and share the love!",
  "inc": "eduPad",
  "intalled_count": "100,000",
  "last_update": [
    "August",
    "6",
    " 2018"
  ],
  "name": "Monster Messenger",
  "offered_by": "eduPad",
  "permissions": {
    "Device & app history": [
      "read sensitive log data"
    ],
    "Identity": [
      "find accounts on the device"
    ],
    "Contacts": [
      "find accounts on the device",
      "read your contacts"
    ],
    "Phone": [
      "read phone status and identity"
    ],
    "Photos/Media/Files": [
      "read the contents of your USB storage",
      "modify or delete the contents of your USB storage"
    ],
    "Storage": [
      "read the contents of your USB storage",
      "modify or delete the contents of your USB storage"
    ],
    "Camera": [
      "take pictures and videos"
    ],
    "Microphone": [
      "record audio"
    ],
    "Device ID & call information": [
      "read phone status and identity"
    ],
    "Other": [
      "full license to interact across users",
      "receive data from Internet",
      "view network connections",
      "pair with Bluetooth devices",
      "full network access",
      "change your audio settings",
      "run at startup",
      "prevent device from sleeping",
      "view network connections",
      "full network access",
      "run at startup",
      "prevent device from sleeping"
    ]
  },
  "rate": [
    [
      "7,299",
      "4.6"
    ],
    [
      "5,734",
      "5"
    ],
    [
      "780",
      "4"
    ],
    [
      "295",
      "3"
    ],
    [
      "120",
      "2"
    ],
    [
      "370",
      "1"
    ]
  ],
  "required_android": "4.4",
  "size": "Varies with devic",
  "url": "https://play.google.com/store/apps/details?id=com.edupad.messenger",
  "version": "Varies with device"
}