{
  "categories": [
    "Entertainment",
    "Creativity"
  ],
  "description": "Our app toys baby doll is aimed at providing hours of fun and entertainment. In the videos you can see how baby dolls play, how they open surprise eggs, ride a car, make food and play kitchens, bathe their baby dolls in orbeez slime, go to the supermarket, create music videos, play with their brothers, they make fun games, ...With our app baby doll toys you will have fun hours, you will enjoy the videos of games, toys and surprise eggs. Always entertaining and cheerful.",
  "inc": "alexapps39@gmail.com",
  "intalled_count": "100,000",
  "last_update": [
    "May",
    "25",
    " 2018"
  ],
  "name": "Toys Baby Dolls",
  "offered_by": "alexapps39@gmail.com",
  "permissions": {
    "Identity": [
      "find accounts on the device"
    ],
    "Contacts": [
      "find accounts on the device"
    ],
    "Photos/Media/Files": [
      "read the contents of your USB storage",
      "modify or delete the contents of your USB storage"
    ],
    "Storage": [
      "read the contents of your USB storage",
      "modify or delete the contents of your USB storage"
    ],
    "Other": [
      "receive data from Internet",
      "view network connections",
      "full network access",
      "set wallpaper",
      "control vibration",
      "prevent device from sleeping"
    ]
  },
  "rate": [
    [
      "363",
      "3.8"
    ],
    [
      "216",
      "5"
    ],
    [
      "26",
      "4"
    ],
    [
      "23",
      "3"
    ],
    [
      "14",
      "2"
    ],
    [
      "84",
      "1"
    ]
  ],
  "required_android": "4.0",
  "size": "3.7",
  "url": "https://play.google.com/store/apps/details?id=babydolltoys.funnyvideos",
  "version": "5.0.0"
}