{
  "categories": [
    "Education",
    "Creativity"
  ],
  "description": "Free girls coloring book and drawing game. This app is designed to be fun and easy to use for a mixed audience of all ages, from young to old. Easy navigation make it fun for grown up women, but also easy to use for girls. We get lots of positive feedback from women of all ages, toddlers, little girls, teenagers and adult women. Even grandmothers find it fun to paint and color in this app.Download this app for girls now and start drawing and painting and share your drawings with family or friends. -Fun to play-Share your drawing via email, Facebook, etc.-Save and load your coloring pages-Create your own drawing-Many, many different colors-Easy navigation for kids and toddlers.Lots of designs for girls of clothes and fashion, hair and hairdressing salon, princesses and make-up, horses and mermaids. This is an educational game for stimulating the creativity of a baby, toddler or school student. But it's also  lot of fun for a teenager or adult. If you or your little girl loves to color, paint or draw, this game is great. This game is great for toddlers of 3 year, 4 years or 6 years old, but also for older children and adults.And once the coloring page is ready, your kid can easily share it on Facebook, Twitter, WhatsApp or email to family and friends. For more coloring pages have a look with our other games.Nice for girls which like clothes or fashion, hair salon and hairdressing, princesses and mermaids or horses.All copyrights are owned by 2 Monkeys. Only use for non commercial purposes is allowed. Girls games: free coloring book and drawing game.",
  "inc": "Coloring Games",
  "intalled_count": "1,000,000",
  "last_update": [
    "August",
    "1",
    " 2018"
  ],
  "name": "Girls Games Free Coloring",
  "offered_by": "Coloring Games",
  "permissions": {
    "Device & app history": [
      "retrieve running apps"
    ],
    "Photos/Media/Files": [
      "read the contents of your USB storage",
      "modify or delete the contents of your USB storage"
    ],
    "Storage": [
      "read the contents of your USB storage",
      "modify or delete the contents of your USB storage"
    ],
    "Wi-Fi connection information": [
      "view Wi-Fi connections"
    ],
    "Other": [
      "receive data from Internet",
      "view network connections",
      "full network access",
      "control vibration",
      "prevent device from sleeping"
    ]
  },
  "rate": [
    [
      "11,490",
      "3.9"
    ],
    [
      "6,843",
      "5"
    ],
    [
      "1,197",
      "4"
    ],
    [
      "1,027",
      "3"
    ],
    [
      "649",
      "2"
    ],
    [
      "1,774",
      "1"
    ]
  ],
  "required_android": "4.1",
  "size": "Varies with devic",
  "url": "https://play.google.com/store/apps/details?id=com.coloring.girlsfree",
  "version": "Varies with device"
}