{
  "categories": [
    "Casual",
    "Creativity"
  ],
  "description": "Budge Studios\u2122 presents Miss Hollywood: Vacation! After winning a dream getaway to visit a beautiful island resort, Miss Hollywood and a group of her International pet friends arrive at Paradise Cove. There is just one problem, the hotel is in shambles! By competing in island adventure challenges, the pets can win prizes to help Paradise Cove become the dream destination it used to be! ISLAND ADVENTURES\u2022DECORATE 7 themed pet hotel rooms\u2022EARN pet outfits and play dress up\u2022SURF the waves\u2022PLAY mini golf\u2022BUILD sand castles\u2022CREATE and mix rainbow colored slushies!\u2022COOK and roll sushi\u2022DANCE to island jams7 INTERNATIONAL PET FRIENDS\u2022MISS HOLLYWOOD: a fashionista Chihuahua from glamorous Los Angeles\u2022CHINOOK: an energetic Husky dog from Canada\u2022LOULOU: a posh poodle from Paris\u2022KOKO: a loving Koala from Australia\u2022JAG: an athletic Jaguar from Brazil\u2022CLEO PAWTRA: a royal Sphinx cat from Egypt\u2022AKI: a samurai Akita dog from JapanVisit us: www.budgestudios.com Like us: facebook.com/budgestudios Follow us: @budgestudios Watch our app trailers: youtube.com/budgestudios HAVE QUESTIONS? We always welcome your questions, suggestions and comments. Contact us 24/7 at support@budgestudios.ca COPPA COMPLIANTBudge Studios takes children's privacy seriously and ensures that its apps are compliant with privacy laws, including the\u00a0Child Online Privacy Protection Act\u00a0(COPPA), a privacy legislation in the United States of America. \u00a0 If you would like to learn more on what information we collect and how we use it, please visit our privacy policy at:\u00a0http://budgestudios.ca/?p=privacy\u00a0. If \u00a0you have any questions, email our Privacy Officer at :\u00a0privacy@budgestudios.caBefore you download this game, please note that this app is free to play, but additional content may be available via in-app purchases. It also may contain advertising from Budge Studios Inc. \u00a0regarding other apps we publish\u00a0and from\u00a0partners, and social media links that are only accessible behind a parental gate.\u00a0BUDGE STUDIOS is a trademark of Budge Studios Inc.End User License Agreement : https://budgestudios.com/legal/eula/",
  "inc": "Budge Studios",
  "intalled_count": "1,000,000",
  "last_update": [
    "February",
    "29",
    " 2016"
  ],
  "name": "Miss Hollywood: Vacation",
  "offered_by": "Budge Studios",
  "permissions": {
    "Photos/Media/Files": [
      "read the contents of your USB storage",
      "modify or delete the contents of your USB storage"
    ],
    "Storage": [
      "read the contents of your USB storage",
      "modify or delete the contents of your USB storage"
    ],
    "Wi-Fi connection information": [
      "view Wi-Fi connections"
    ],
    "Phone": [
      "read phone status and identity"
    ],
    "Device ID & call information": [
      "read phone status and identity"
    ],
    "Other": [
      "view network connections",
      "full network access",
      "prevent device from sleeping",
      "Google Play license check"
    ]
  },
  "rate": [
    [
      "35,276",
      "4.3"
    ],
    [
      "24,861",
      "5"
    ],
    [
      "3,835",
      "4"
    ],
    [
      "2,515",
      "3"
    ],
    [
      "1,148",
      "2"
    ],
    [
      "2,917",
      "1"
    ]
  ],
  "required_android": "4.0.3",
  "size": "37",
  "url": "https://play.google.com/store/apps/details?id=com.budgestudios.MissHollywoodVacation",
  "version": "1.1"
}