{
  "categories": [
    "Educational",
    "Creativity"
  ],
  "description": "Put the petal to the metal and rev up for some serious slam and jam fun with the Monster Truck Sounds & Games Activity App!  This interactive app is easy to use and designed for ages 3 and up, and it\u2019s full of activities that are sure to keep your little drivers entertained to the max!  Have a wicked time driving a monster truck and jumping, using your monster truck to collect points, and playing fun monster truck matching games.  And the best part of all in the Monster Truck Games Easy for Kids is the cool sounds!  See and hear Monster Trucks doing traditional monster truck rally jumps and silly things while they rev their engines and groove to funky music.Interactive Monster Trucks Sounds The easy to use interactive tap and tap sounds make this feature a roaring good time!  Your little driver will get to play with awesome monster trucks crushing cars, monster trucks crash, jumping over a volcano, and even getting present from some reindeer.  Monster Truck lovers will adore wicked sound pages that respond by touch.  Easy for first time app users and totally fun for everyone, you\u2019ll have a groovy time playing the Monster Truck Game for Toddlers sounds!Monster Truck RacingAnother engaging activity included in the monster truck games easy for kids is the interactive racing game!  So much fun as your little one gets to drive and jump over the vehicles in it's path.  Easy to use and suitable for preschoolers, this game is super fun and also promotes:-Fine motor skills -Reasoning and concept developmentMonster Truck Match GamesThe delight filled matching games in the monster truck games will get your little drivers playing with all the trucks and challenge them by changing positions every time they play a new game.  Have a rally good time playing the toddler monster truck games that also promotes:   -Fine motor skills.-Memory and recognition skills.-Vocabulary and language.Design Team: Nancy, Deborah, Sam, Thomas & Belle-Ann.Have a rockin\u2019 time playing with Monster Trucks in the Monster Truck Game for Kids Easy Activity App and let your child zip into learning with games for toddlers and kids with a Button and Twink App!There is a FREE version of this Monster Truck Game for Toddlers Activity App available on Google Play.",
  "inc": "Zip Zoom Into Learning: Games For Toddler And Kids",
  "intalled_count": "5",
  "last_update": [
    "May",
    "23",
    " 2018"
  ],
  "name": "Monster Truck Games for Kids",
  "offered_by": "Zip Zoom Into Learning: Games For Toddler And Kids",
  "permissions": {
    "Identity": [
      "find accounts on the device"
    ],
    "Contacts": [
      "find accounts on the device"
    ],
    "Location": [
      "approximate location (network-based)"
    ],
    "Phone": [
      "read phone status and identity"
    ],
    "Device ID & call information": [
      "read phone status and identity"
    ],
    "Other": [
      "receive data from Internet",
      "view network connections",
      "full network access",
      "prevent device from sleeping"
    ]
  },
  "rate": [],
  "required_android": "4.0.3",
  "size": "57",
  "url": "https://play.google.com/store/apps/details?id=com.playnlearnapps.monstertrucksoundsadfree",
  "version": "1.2"
}