{
  "categories": [
    "Casual",
    "Creativity"
  ],
  "description": "\u2022\tsuper heroes Coloring Pages is awesome coloring book for kids and adults\u2022\tsuper heroes Coloring Pages includes 25+ super heroes drawing\u2022\tsuper heroes Coloring Pages perfect game for every person who love coloring games and super heroes gamesCool 3d coloring book for super heroes Games lovers, awesome super heroes 3d\u2022\tsuper heroes Coloring Book 3d is beautiful 3d coloring book for kids and adults\u2022\tsuper heroes Coloring Book 3d includes 12+ super heroes coloring pages in 3d \u2022\tsuper heroes Coloring Book 3d perfect app for every person who love coloring games and super heroes gamesTry super heroes collection in super heroes Coloring Pages absolutely free:\u2022\tcute bunny, cute super heroes coloring pages \u2022\tcartoon super heroes coloring pages\u2022\tsuper heroes family, super heroes with mom in super heroes Coloring Pages \u2022\trealistic super heroes coloring pages\u2022\tfunny, dreaming, sleeping super heroes in super heroes Coloring Pages\u2022\tsuper heroes with flowers, carrots, hearts in super heroes Coloring Pages \u2022\tEaster super heroes in super heroes Coloring PagesGame super heroes Coloring Book 3d is very easy to use:\u2022\tDownload game super heroes Coloring Book 3d \u2022\tOpen super heroes Coloring Book 3d and click play button\u2022\tSelect one super heroes coloring page 3d from all super heroes Coloring Book 3d\u2022\tColor super heroes 3d with original pallet\u2022\tchoose the detail of super heroes 3d for 3d coloring\u2022\tturn super heroes 3d to the left and to the right\u2022\t\u0441color and recolor super heroes 3d as many time as you want\u2022\twhen your super heroes 3d is ready take a picture of it\u2022\tall colouring super heroes is saving in gallery of super heroes Coloring Book 3dGame super heroes Coloring Pages is very easy to use:\u2022\tDownload game super heroes Coloring Pages from\u2022\tOpen game super heroes Coloring Pages and click play button\u2022\tSelect one cute bunny from all super heroes coloring book\u2022\tColor and recolor super heroes with original pallet\u2022\tzoom in, zoom out for coloring small details of super heroes\u2022\tShare your cute super heroes drawing with your friends and familysuper heroes coloring pages is a coloring game for kids and adults, who love super heroes games, coloring books, super heroes pictures.super heroes coloring book includes different drawing styles:- cute super heroes- realistic super heroes- small super heroes- wild super heroes- beautiful super heroes- racing super heroesTry super heroes collection in super heroes Coloring Book for absolutely free:\u2022\tRunning super heroes coloring pages \u2022\tCute and beautiful super heroes coloring pages \u2022\tMom super heroes with baby foal coloring pages \u2022\tUpright super heroes coloring pages \u2022\tMuscular super heroes coloring pages super heroes Coloring Book 3d is the game for the whole family: adults can use it for relax and anti-stress coloring, kids for fun coloring super heroes games. It is a free and fun 3d coloring game for all ages. Everyone can select perfect super heroes for him and color it as he wants.Features of super heroes Coloring Pages:\u2022\t25+ cute super heroes coloring pages \u2022\tDifferent super heroes coloring pages from very simple to very detailed\u2022\tsuper heroes coloring book is game for kids and adults, all ages",
  "inc": "AZEDEV",
  "intalled_count": "10",
  "last_update": [
    "July",
    "29",
    " 2018"
  ],
  "name": "Super Heroes Coloring Pages",
  "offered_by": "AZEDEV",
  "permissions": {
    "Photos/Media/Files": [
      "read the contents of your USB storage",
      "modify or delete the contents of your USB storage"
    ],
    "Storage": [
      "read the contents of your USB storage",
      "modify or delete the contents of your USB storage"
    ],
    "Other": [
      "view network connections",
      "full network access"
    ]
  },
  "rate": [],
  "required_android": "4.0",
  "size": "11",
  "url": "https://play.google.com/store/apps/details?id=com.superheroes.izelguecoloring",
  "version": "1.0"
}