{
  "categories": [
    "Casual",
    "Creativity"
  ],
  "description": "Have fun making a cake, make a wish, then eat the cake or send it as a gift.Whether you're a boy or a girl, everybody has a sweet tooth, especially when a yummy piece of cake is on the plate.Cake Maker Kids allows you to create a cake for any occasion. If you want to make a cake for someone\u2019s birthday, your friend's wedding, or maybe to surprise your valentine sweetheart or just to brighten someone\u2019s day, then Cake Maker Kids is the app for you.You can choose from numerous cake shapes with different fillings, create one or two storey cakes with different dressings, decorate it with figures for various occasions, add marzipan decorations, fresh fruits, candy and cream. Sprinkle it with crumbs, put on some candles and add little toys to make it even more attractive.Now, let's the party begin.Features:\u2605 beautiful high quality HD graphics\u2605 intuitive, easy to use interface\u2605 infinite gameplay with unlimited combinations\u2605 many different cake shapes with dressings for each of two storeys\u2605 lots of toppings, candies, fruits, creams, candles, crumbs, marzipan\u2605 figures and sound making toys for decoration\u2605 slide puzzle minigame",
  "inc": "Bubadu",
  "intalled_count": "5,000,000",
  "last_update": [
    "July",
    "27",
    " 2018"
  ],
  "name": "Cake Maker Kids - Cooking Game",
  "offered_by": "Bubadu",
  "permissions": {
    "Photos/Media/Files": [
      "read the contents of your USB storage",
      "modify or delete the contents of your USB storage"
    ],
    "Storage": [
      "read the contents of your USB storage",
      "modify or delete the contents of your USB storage"
    ],
    "Wi-Fi connection information": [
      "view Wi-Fi connections"
    ],
    "Other": [
      "receive data from Internet",
      "view network connections",
      "full network access",
      "prevent device from sleeping"
    ]
  },
  "rate": [
    [
      "26,879",
      "3.9"
    ],
    [
      "15,367",
      "5"
    ],
    [
      "3,141",
      "4"
    ],
    [
      "2,584",
      "3"
    ],
    [
      "1,879",
      "2"
    ],
    [
      "3,908",
      "1"
    ]
  ],
  "required_android": "4.1",
  "size": "28",
  "url": "https://play.google.com/store/apps/details?id=si.pilcom.apps.cakemakerkids",
  "version": "1.37"
}