{
  "categories": [
    "Word",
    "Creativity"
  ],
  "description": "Pick a card, any card! This app provides you with hundreds of great ice breaker questions to help spark purposeful conversations and build community.The \u201cpick a card\u201d concept makes breaking the ice easy. Ditch the anxiety which comes with having to find the right question, and pick a card instead! It\u2019s as simple as choosing a card from a standard deck of cards to reveal a question from the chosen category/categories. \u00a0Sample Questions\u2022\tIf you could travel anywhere in the world, where would you go?\u2022\tWhat is the strangest thing you have ever eaten?\u2022\tWhat do you struggle with most when it comes to your self-image?\u2022\tTell us about you and your significant other\u2019s first date?\u2022\tDescribe an experience which required a huge leap of faith.\u00a0Pick A Card Pro Ice Breakers comes with questions suitable for all situations. Choose from a variety of categories:\u2022\tFun\u2022\tDeeper\u2022\tSpiritual (beliefs and Christianity)\u2022\tDeeper Spiritual\u2022\tFeelings (great for developing soft skills and EQ)\u2022\tCouples (suitable for all couples)\u2022\tKids Mix it up and choose single, multiple or all categories, simultaneously. No need to fear the awkwardness of duplicate questions back-to-back as our programming prevents that occurrence.  Each of our categories includes 100+ questions which have been tested and vetted to ensure a positive experience for app users.CustomizationEnjoy the ability to customize your virtual deck of cards by using the settings wheel at the top right-hand corner of the screen to select one or more categories of questions. Use the settings wheel again to change the Custom Title, select a Theme (traditional, earthy or bold), and choose a Custom Font size (small is recommended for smaller phones, large is recommended for tablets, and medium for all other Android devices.) Default font size is medium.SpecificsPick A Card Pro Ice Breakers works great on a phone or pad. Once the app has been downloaded to your device, it can run in airplane mode so you may enjoy Pick A Card Pro Ice Breakers while you are traveling. This app will not use your data when running, is ad-free and does not track your personal information. In-app expansion pack purchases are available.",
  "inc": "Midtown Fellowship",
  "intalled_count": "10",
  "last_update": [
    "August",
    "1",
    " 2018"
  ],
  "name": "Pick A Card Pro Ice Breakers",
  "offered_by": "Midtown Fellowship",
  "permissions": {
    "Photos/Media/Files": [
      "read the contents of your USB storage",
      "modify or delete the contents of your USB storage"
    ],
    "Storage": [
      "read the contents of your USB storage",
      "modify or delete the contents of your USB storage"
    ],
    "Wi-Fi connection information": [
      "view Wi-Fi connections"
    ],
    "Other": [
      "view network connections",
      "full network access"
    ]
  },
  "rate": [],
  "required_android": "2.1",
  "size": "4.2",
  "url": "https://play.google.com/store/apps/details?id=appinventor.ai_Mrs_Renee_Hope.pickacardpro",
  "version": "1.27"
}