{
  "categories": [
    "Puzzle",
    "Creativity"
  ],
  "description": "Follow the step-by-step instructions to build space cars and star wars vehicles AdFree. Playing is fun and will add a lot the development of motoric skills. This puzzle game is really for all ages. Bring the bricks together and follow the color pattern.Get ready to fly in space! When the alarm sounds, it\u2019s time for action! These space examples have everything you'll need, from space motors to star wars fighters. Unload the goods with these transporters and air cars. A brave star trek team is ready to launch the space flyers into the stars. The vehicles are divided into sub-models for easy building and instant play! Create those elegot figures and get the real and legot figures.The larger pieces allow children to use the blocks with their own small hands. They will lose their imagination with these kinds of three dimensional designs. Let your creativity go and try alternative colors or add small changes. Let the youngest play and be surprised with the results.These games are intended to play with colorful interlocking plastic building block toys. The blocks can be assembled and connected in many ways to construct such objects as vehicles, animals, buildings and even working robots. Anything constructed can be taken apart again and the pieces can be used to make other objects.Help your child as a parent and you will be surprised how fast the children will pick up the game.Take a picture and post the creation online. Happy faces will follow and your family and friend club will enjoy.This kid puzzle needs a set of building blocks like lego or mega bloks. Start with a basic set and have fun exploring this game. The step-by-step instructions are intended to let your kids get more out of these beautiful toys. Most duplo or mega blocks come with limited instructions. These instructions will help you to get the most out of the toys. There are also alternative sets available.If you like to play with building blocks, then this puzzle game is definitely for you! Have fun with these great constructions. Features:- Easy and clean user interface- Free puzzles- Nice graphics- For all ages- Share creations on social media- AdFree",
  "inc": "Building Examples",
  "intalled_count": "100",
  "last_update": [
    "August",
    "2",
    " 2018"
  ],
  "name": "Brick space examples - AdFree",
  "offered_by": "Building Examples",
  "permissions": {
    "Photos/Media/Files": [
      "read the contents of your USB storage",
      "modify or delete the contents of your USB storage"
    ],
    "Storage": [
      "read the contents of your USB storage",
      "modify or delete the contents of your USB storage"
    ],
    "Other": [
      "view network connections",
      "full network access"
    ]
  },
  "rate": [],
  "required_android": "4.0",
  "size": "12",
  "url": "https://play.google.com/store/apps/details?id=com.buildingexamples.build.lego.space",
  "version": "3.1"
}