{
  "categories": [
    "Casual",
    "Creativity"
  ],
  "description": "Vampire girls have fangs and wings similar to those of vampire bats, long nails, thin waists, royal posture and an icy gaze. Vampires are proud of themselves, have sophisticated high-brow tastes and wear classy, fancy clothes. Vampires are true aristocrats and own castles and vast estates. Often they are descendants of old noble houses. Vampire is a frequent guest at the Halloween holiday.This is the best opportunity to become yourself into a different halloween makeover and costume styles on and to try different scary hair style by using this simulation game. Actually you have to prepare yourself for upcoming halloween party which is held on All Hallow\u2019s Eve. You can turned yourself into different helloween Vampire, Monster, and witches Zombie Style in this Princess makeup and Dress up Salon and Spooky Spa Center.Dress up girl vampires in a classy, glamor, dark or even scary / horror style. Create a unique outfit with demonic wings, shoes, accessories and fancy hairstyles. Vampire girls like black and red colors, but can also wear outfits of other colors with dignity. All that you will find in our new dress game for girls about vampires for free! Choose from many options of skirts, tops, intricate accessories and much more to give these teenage girls a gothic, sophisticated look! 200 items to choose from, that's an incredible variety. Moreover, all of that comes completely free, without any in-app purchases, locks, timers or other annoying garbage.",
  "inc": "NUNANI",
  "intalled_count": "10",
  "last_update": [
    "July",
    "19",
    " 2018"
  ],
  "name": "Vampire Fashion Dress Up",
  "offered_by": "NUNANI",
  "permissions": {
    "Photos/Media/Files": [
      "read the contents of your USB storage",
      "modify or delete the contents of your USB storage"
    ],
    "Storage": [
      "read the contents of your USB storage",
      "modify or delete the contents of your USB storage"
    ],
    "Other": [
      "full network access"
    ]
  },
  "rate": [],
  "required_android": "4.1",
  "size": "41",
  "url": "https://play.google.com/store/apps/details?id=nunani.vampirefashion",
  "version": "1.0"
}