{
  "categories": [
    "Educational",
    "Education"
  ],
  "description": "The Math Blaster that you know and love is now on the go! Math Blaster has moved from the Computer Lab to your mobile device, and made some serious changes along the way. Math Blaster has evolved into a full world where you can compete alongside friends and rivals for high scores and trophies. FeaturesCrews: Invite friends to join you in Math Blaster and together you can unite to become the Heroes of the Universe.Red Alert: The Space Station is under attack! Listen for the Commander\u2019s call and head to the nearest portal to protect the Space Station from flying space debris.Play with Friends: Challenge others to beat your high score in games like the ultra-popular HyperBlast (now its own mobile app!), Space Zapper, BForce Blaster and more.Progressive Learning: With math subjects of varying difficulty, Math Blaster is perfect for beginning math learners or returning Blasters who want to better their math skills.PLEASE NOTE:Math Blaster is free to play, but contains in-app purchases for additional items such as power-ups that grant you extra lives and help you in the game. You may lock out the ability to purchase the upgrade by disabling in-app purchases through your device's settings.Email us at AppComments@jumpstart.com with your suggestions and comments. We love to hear your ideas and feedback!Privacy Policy: http://www.jumpstart.com/customercare/privacy-policy Registration information is optional (children under 13 require parent registration). You will be able to be notified of game updates and new features along with integration to the online virtual world MathBlaster.com.",
  "inc": "JumpStart Games",
  "intalled_count": "10,000",
  "last_update": [
    "February",
    "21",
    " 2018"
  ],
  "name": "Math Blaster",
  "offered_by": "JumpStart Games",
  "permissions": {
    "Phone": [
      "read phone status and identity"
    ],
    "Photos/Media/Files": [
      "read the contents of your USB storage",
      "modify or delete the contents of your USB storage"
    ],
    "Storage": [
      "read the contents of your USB storage",
      "modify or delete the contents of your USB storage"
    ],
    "Device ID & call information": [
      "read phone status and identity"
    ],
    "Other": [
      "view network connections",
      "full network access",
      "prevent device from sleeping"
    ]
  },
  "rate": [
    [
      "316",
      "4.2"
    ],
    [
      "223",
      "5"
    ],
    [
      "16",
      "4"
    ],
    [
      "27",
      "3"
    ],
    [
      "14",
      "2"
    ],
    [
      "36",
      "1"
    ]
  ],
  "required_android": "2.3",
  "size": "23",
  "url": "https://play.google.com/store/apps/details?id=com.KnowledgeAdventure.MathBlaster",
  "version": "1.3.0"
}