{
  "categories": [
    "Casual",
    "Creativity"
  ],
  "description": "*** Coloring game for children animals by 2bros games for kids ***Coloring pages book for kids is game full of animals such as lion, tiger, elephant, parrot etc. is not designed only for your 3-5 years old daughter but for your son as well. Color the coloring pages of animals on your phone or tablet in this virtual coloring game and painting book. It so easy that even toddler can play, paint & draw. This coloring game is a kids coloring game where children can color animals coloring pages, but they can also draw their own drawing for example birds, fish, insect or mammals. Both, boys and girls will love this coloring game for children. In this coloring game you can find many types of animals such as dog, cat, rabbit, turtle, sheep, bear, monkey or even giraffe, horse, kitty, bunny.What's this animals coloring book game for children about:- RMS Animals Coloring book cointains 20 coloring pages in theme of animals, birds, fish, insect or mammals.- Free drawing game. Draw your own drawings like wolf, tiger, lion, crocodile, fox, dog, cat, etc.- You can easily fill out an entire region, draw with a pencil or brush and use an eraser- Saves your kids pictures to the gallery of your device- Both girls and boys will love it- 20 beautiful colors so your kids can color the animals coloring pages.Your children can paint, draw or doodle whenever they want to. Doodling, painting and drawing was never so easy and funny. Let your kids be creative by downloading this free app: Coloring game for children animals with many pictures which can be drawn, painted or doodle their own kangaroo, koala and so on. Your kids not only learn colors but they also learn different kind of animals which live in forest, desert, jungle, antarctica or in the air or even in the rain forest and far away in savanna. No matter where are you from in this game you are gonna find african, asian, american, european and of course australian animals. If you have toddler, boy, girl in the first grade, second grade or in the higher grade or is 2-5 years old even older kid do not hesitate to:Join us on Facebook: https://www.facebook.com/2brosgamesforkidsBecause more kids games for your toddlers, boys or girls are coming soon.",
  "inc": "2bros - games for kids",
  "intalled_count": "5,000,000",
  "last_update": [
    "June",
    "19",
    " 2018"
  ],
  "name": "Coloring games for kids animal",
  "offered_by": "2bros - games for kids",
  "permissions": {
    "Photos/Media/Files": [
      "read the contents of your USB storage",
      "modify or delete the contents of your USB storage"
    ],
    "Storage": [
      "read the contents of your USB storage",
      "modify or delete the contents of your USB storage"
    ],
    "Wi-Fi connection information": [
      "view Wi-Fi connections"
    ],
    "Other": [
      "receive data from Internet",
      "view network connections",
      "full network access",
      "run at startup",
      "prevent device from sleeping"
    ]
  },
  "rate": [
    [
      "39,435",
      "4.4"
    ],
    [
      "27,932",
      "5"
    ],
    [
      "5,260",
      "4"
    ],
    [
      "2,834",
      "3"
    ],
    [
      "1,032",
      "2"
    ],
    [
      "2,377",
      "1"
    ]
  ],
  "required_android": "4.0",
  "size": "30",
  "url": "https://play.google.com/store/apps/details?id=com.coloring.book.animals",
  "version": "1.4.1"
}