{
  "categories": [
    "Art & Design",
    "Creativity"
  ],
  "description": "Color by numbers is an addictive anti-stress pixel art game. Choose from a variety of super fun images and follow the numbers to bring them to life. Coloring has never been this easy! There\u2019re tons of interesting pixel arts for you to color, and more updated daily; you\u2019ll never run out of coloring materials! Fill colors in pixel blocks with the same numbers, and you\u2019ll have a piece of super cool pixel art!Features:- So many artworks to choose from: Mandalas, Flowers, Sweets, and others from easy to very detailed;- Fresh new pictures every day. Get daily new images for adults and kids;- Easily color any image you want!- Share with friends on Instagram, Twitter, Facebook or Whatsapp- Family-friendly content and coloring for all ages- Long press to color continuously which make coloring and drawing more easily.Happy number coloring!",
  "inc": "EnjoyGames",
  "intalled_count": "500,000",
  "last_update": [
    "May",
    "28",
    " 2018"
  ],
  "name": "Pixel Box - Number Coloring",
  "offered_by": "EnjoyGames",
  "permissions": {
    "Photos/Media/Files": [
      "read the contents of your USB storage",
      "modify or delete the contents of your USB storage"
    ],
    "Storage": [
      "read the contents of your USB storage",
      "modify or delete the contents of your USB storage"
    ],
    "Other": [
      "receive data from Internet",
      "view network connections",
      "full network access",
      "prevent device from sleeping"
    ]
  },
  "rate": [
    [
      "1,230",
      "4.3"
    ],
    [
      "894",
      "5"
    ],
    [
      "106",
      "4"
    ],
    [
      "66",
      "3"
    ],
    [
      "16",
      "2"
    ],
    [
      "148",
      "1"
    ]
  ],
  "required_android": "4.4",
  "size": "2.5",
  "url": "https://play.google.com/store/apps/details?id=com.sandbox.numbercoloring.pixelart",
  "version": "1.5"
}