{
  "categories": [
    "Education",
    "Creativity"
  ],
  "description": "TELL YOUR STORY with Scribble, the creative bookmaking App for kids!Designed for the classroom and at home, Scribble is a creativity platform for children to imagine, write, illustrate, and publish their own stories.  Powerhouse features include video export, audio recording, musical scores, over 300 drawing tools, backgrounds, and stickers to inspire creativity and 30 fill-in-the-blank story starters ranging from the silly to the sublime.Formerly known as Scribble Press, this fun and family-friendly creativity platform has been called \u201chands down the best story creation App\u201d and has won numerous awards from educational and parenting media. Originally launched for the iPad in 2011, Scribble has since been adopted by teachers and young authors in thousands of classrooms and been used to create over 100,000 books.  Scribble teaches aspiring authors to write their own books, developing skills in literacy, writing, creativity, illustration, and more.FEATURES--This all-new version of the app includes powerhouse features such as:- Start with one of our 35 book templates, or use a blank book- Author and design your book, using our library of 250 beautifully-illustrated stickers and backgrounds- Use the camera tools to take, cut, crop and add photos- \u201cPut Yourself in the Story\u201d - A fun new way for kids to cast themselves in the role of a storybook character- Choose the perfect musical score for your story- Record your own voice narration - Have fun personalizing your story, while developing literacy- Make a movie - Save your story as a movie to watch anytime with parents, friends and teachersFOR TEACHERS--- Perfect for your classroom!- Teachers can access a variety of features which allow sharing and presenting of stories.- In the classroom, using Scribble teaches young authors skills in literacy, writing, and creativity.Note: To protect child-safety and allow kids to write any storybook they can imagine, only parents and teachers are able to publish books or access sharing features within the app.ACCOLADES--Accolades received by Scribble Press:TIME Magazine\u2019s Top 25 iPad apps for Kids in 2012Parents Choice Gold Award \u201cHands Down the Best Story Creation App\u201d - Famigo\u201cThis is one cool tool! Kids can use their imaginations to author, illustrate, and publish an ibook, which can then be shared.\u201d - Teachers with Apps.com\u201cScribble Press is my favorite kids\u2019 treat.\u201d  - Jennifer GarnerScribble:  Author, Create and Publish!",
  "inc": "Fingerprint Digital Inc.",
  "intalled_count": "500",
  "last_update": [
    "November",
    "17",
    " 2015"
  ],
  "name": "Scribble: Kids Book Maker",
  "offered_by": "Fingerprint Digital Inc.",
  "permissions": {
    "Phone": [
      "read phone status and identity"
    ],
    "Photos/Media/Files": [
      "read the contents of your USB storage",
      "modify or delete the contents of your USB storage"
    ],
    "Storage": [
      "read the contents of your USB storage",
      "modify or delete the contents of your USB storage"
    ],
    "Camera": [
      "take pictures and videos"
    ],
    "Microphone": [
      "record audio"
    ],
    "Wi-Fi connection information": [
      "view Wi-Fi connections"
    ],
    "Device ID & call information": [
      "read phone status and identity"
    ],
    "Other": [
      "view network connections",
      "full network access",
      "prevent device from sleeping",
      "Google Play license check"
    ]
  },
  "rate": [
    [
      "17",
      "3.7"
    ],
    [
      "10",
      "5"
    ],
    [
      "1",
      "4"
    ],
    [
      "1",
      "3"
    ],
    [
      "1",
      "2"
    ],
    [
      "4",
      "1"
    ]
  ],
  "required_android": "4.1",
  "size": "19",
  "url": "https://play.google.com/store/apps/details?id=com.fingerprintplay.scribble2paid",
  "version": "1.07.00"
}