{
  "categories": [
    "Strategy",
    "Creativity"
  ],
  "description": "Build your own city in this free village to city builder game. If you liked the early city building sims and Village City Island Sim 1, you will definitely love this next city building tycoon simulation game, build away! You\u2019ll be the tycoon to grow a small village on one island into a megapolis. Build your own city in this free city builder game! Discover new buildings, expand your town and city life, keep your citizens happy, manage transportation (trains / railways) and enjoy a virtual world full of quests! Manage and expand your city on the go \u2013 both online and offline playable.In Village City - Island Sim 2 you will expand and build houses for your citizens, decorations and community buildings to make them happy, explore the beach, and create jobs so you can earn money and gold from your happy citizens. If you like to play a free citygame on Android, building a virtual life on Village City - Island Sim 2 is your best choice! Expand your city to make it larger and more challenging.Discover and expand your island, town and beach life in a virtual world full of quests where you have the power to build a lot of different structures with a choice of 100+ unique buildings, like hotels, cinema's, offices, bakeries, restaurants, and even oil platforms on your paradise island. Start with a tiny city and grow it into a large metropolis. Catch some fish with your boats, make people happy by building parks, beach huts, schools, churches, libraries, museums, plants, and even a nice ferris wheel. It is all about insight and balance in this city town game: happy people attract more citizens, who will need residences and jobs. You have all the power in this epic story: discover what is the best way to be a successful entrepreneur in this fabulous virtual world!** Features **- Top FREE to play simulation game- Tablet support- HIGH QUALITY town graphics- Translated to 24 languages- Intuitive gameplay- Challenge to create your own new virtual paradise- Unlock and build from a list of 100+ Unique buildings (residential, commercial, farm, community, decoration, park, plants, beach and sea buildings like oil platforms and more)- Currencies: gold and cash- Attract citizens with parks, trees, and community buildings- Build residences for your larger population of citizens- Collect profit from your commercial buildings- Upgrade your city buildings- Collect XP and level up to unlock new buildings for construction- Collect dozens of REWARDS while playing- Expand the tiny city on your larger paradise island to create more room for constructing more buildings, and making your tiny city bigger and bigger- Speed up construction/upgrade time using gold- Lots of adventure and quests to unlock- Help your citizens build a city on this exotic island and explore the beach- Age independent story- Find pirate chests around your island, containing cash or gold- Tons of hours of fun- Play with your friends: enter friend codes and gift codes to receive cash and gold- The \"City Advisor\" will provide insight and tell you what is needed in your city",
  "inc": "Sparkling Society -Sim World Village Building Sims",
  "intalled_count": "1,000,000",
  "last_update": [
    "July",
    "23",
    " 2018"
  ],
  "name": "Town Games: Village City - Island Sim Life 2",
  "offered_by": "Sparkling Society -Sim World Village Building Sims",
  "permissions": {
    "Device & app history": [
      "retrieve running apps"
    ],
    "Photos/Media/Files": [
      "read the contents of your USB storage",
      "modify or delete the contents of your USB storage"
    ],
    "Storage": [
      "read the contents of your USB storage",
      "modify or delete the contents of your USB storage"
    ],
    "Other": [
      "view network connections",
      "full network access",
      "prevent device from sleeping"
    ]
  },
  "rate": [
    [
      "13,036",
      "4.1"
    ],
    [
      "7,860",
      "5"
    ],
    [
      "1,869",
      "4"
    ],
    [
      "1,642",
      "3"
    ],
    [
      "541",
      "2"
    ],
    [
      "1,124",
      "1"
    ]
  ],
  "required_android": "4.1",
  "size": "43",
  "url": "https://play.google.com/store/apps/details?id=com.pearlgames.villagecityislandsim2",
  "version": "1.4.4"
}