{
  "categories": [
    "Art & Design"
  ],
  "description": "Junimong is an app which users are came from 225 countries who like to draw.Share your daily life through photo and drawing, make friends with who likes to draw.Drawing every day and receive the 'like' from your friends.More fun while drawing.Leave drawing comment, send message to your friends.More interesting and fun platform for you and your friends.\u2022 Search friends, interact with them. \u2022 Make your own Avatar character, show it to friends.\u2022 Draw about your usual life, what do you feel and share to friends.\u2022 Draw various of comic characters, such as Undertale game character 'Sans'.\u2022 Draw on your photo and record voice, share with your friends.\u2022 Join the various themes of contest.\u2022 Can even hold a contest by yourself. \u2022 Draw with Mozbii Colorpillar.Download Junimong now, meet friends from over the world in Junimong!",
  "inc": "Yea Studio. Co., Ltd.",
  "intalled_count": "1,000,000",
  "last_update": [
    "November",
    "16",
    " 2016"
  ],
  "name": "Junimong - How to Draw",
  "offered_by": "Google Commerce Ltd",
  "permissions": {
    "Device & app history": [
      "retrieve running apps"
    ],
    "Identity": [
      "find accounts on the device"
    ],
    "Contacts": [
      "find accounts on the device"
    ],
    "Phone": [
      "read phone status and identity"
    ],
    "Photos/Media/Files": [
      "read the contents of your USB storage",
      "modify or delete the contents of your USB storage"
    ],
    "Storage": [
      "read the contents of your USB storage",
      "modify or delete the contents of your USB storage"
    ],
    "Camera": [
      "take pictures and videos"
    ],
    "Microphone": [
      "record audio"
    ],
    "Wi-Fi connection information": [
      "view Wi-Fi connections"
    ],
    "Device ID & call information": [
      "read phone status and identity"
    ],
    "Other": [
      "receive data from Internet",
      "view network connections",
      "act as the AccountManagerService",
      "pair with Bluetooth devices",
      "access Bluetooth settings",
      "change network connectivity",
      "connect and disconnect from Wi-Fi",
      "full network access",
      "run at startup",
      "use accounts on the device",
      "control vibration",
      "prevent device from sleeping",
      "read Google service configuration"
    ]
  },
  "price": "",
  "rate": [
    [
      "8,120",
      "4.1"
    ],
    [
      "5,296",
      "5"
    ],
    [
      "928",
      "4"
    ],
    [
      "608",
      "3"
    ],
    [
      "382",
      "2"
    ],
    [
      "906",
      "1"
    ]
  ],
  "required_android": "4.0.3",
  "reviews": [
    {
      "REQ_subtype": "",
      "REQ_type": "",
      "_id": 0,
      "author_id": "not defined",
      "author_name": "SGT.Babyhands",
      "helpful": "0",
      "polarity": "",
      "rate": 4,
      "response": "Hi, thank you for you review. First of all, we consider to 'save and continue later?' option. But it is impossible to update or possible to update later. Also you'll find 'Rainbow crayon' that we called in drawing tools for custom color and opacity what do you want.",
      "response_date": [
        "August",
        "18",
        " 2016"
      ],
      "review": "Its been a while.. So I am updating my review. The app as a whole is a fun place for people to draw together! Wonderful for young children and even experienced artist that want a little challenge... However, it does have its issues. 1. It needs a save and continue later feature. Being able to save a drawing and finish later is DEFINITELY something I can promise everyone wants. 2. A system where we have at least 3 separate drawing layers. This will improve art quality and make things easier to do. 3. The drawing menu NEEDS to be moveable! A part of it takes up the bottom right corner! 4. An explanation page on how it works... I, personally, have no idea how to make junitoons/comics! ;q ; A question and answer section and tutorial is much needed! B U T! OVERALL... A very simple app that kids can draw with an enjoy doing so.",
      "review_date": [
        "January",
        "15",
        " 2018"
      ]
    },
    {
      "REQ_subtype": "",
      "REQ_type": "",
      "_id": 1,
      "author_id": "not defined",
      "author_name": "Husky Draws",
      "helpful": "0",
      "polarity": "",
      "rate": 4,
      "response": "",
      "response_date": "",
      "review": "I enjoy the app. I've made many freinds on here. Drawing is fun an easy. One this is. Mean people. An some how people completely stealing my art?? Like. The same thing i drew is now an there account. I do not enjoy. That. Also people who just randomly report our art. I would like to know why they did it an who. Buut other than those problems. I love the app.",
      "review_date": [
        "March",
        "26",
        " 2018"
      ]
    },
    {
      "REQ_subtype": "",
      "REQ_type": "",
      "_id": 2,
      "author_id": "not defined",
      "author_name": "hello it's me",
      "helpful": "0",
      "polarity": "",
      "rate": 4,
      "response": "Thank you for your advice. We accepted your request and deleted the contest. In the future, we will do our best to improve the service. We give thanks for your advice.",
      "response_date": [
        "April",
        "3",
        " 2017"
      ],
      "review": "I'm just saying, letting kids ship people together on this app is stupid. It is an amazing  app, but if I was a parent I certainly  wouldn't  want  my children  to do that, it's not ok, it's not. Ok? Please, delete the contest, do you not see how bad of an idea that is? ARE YOU NUTS?",
      "review_date": [
        "April",
        "2",
        " 2017"
      ]
    },
    {
      "REQ_subtype": "",
      "REQ_type": "",
      "_id": 3,
      "author_id": "not defined",
      "author_name": "Husky Dose Things",
      "helpful": "0",
      "polarity": "",
      "rate": 1,
      "response": "Hi, I'm sorry. If drawing was gone accidentally, your drawing is safe by autosave drawing. Would you like to check gone drawing in background image menu?\nThere is it in drawing screen, bottom right. I think you will find it to look around menus. Thanks!",
      "response_date": [
        "November",
        "21",
        " 2016"
      ],
      "review": "I was doing a drawing and I just finished  it but I accidentally hit the video  or how to draw and when I went back it was gone!!! The drawing took me over 3 hours! \ud83d\ude27\ud83d\ude27\ud83d\ude24\ud83d\ude24\ud83d\ude2d\ud83d\ude2d please fix that. ....... this app was once a magnificent place  for me.",
      "review_date": [
        "November",
        "19",
        " 2016"
      ]
    },
    {
      "REQ_subtype": "",
      "REQ_type": "",
      "_id": 4,
      "author_id": "not defined",
      "author_name": "A Google user",
      "helpful": "0",
      "polarity": "",
      "rate": 1,
      "response": "",
      "response_date": "",
      "review": "Always when I b drawing Sagmon by reporting it and pretty but it took half an hour and the problem is that they do not return quickly, I have painted a painting about a month ago but it was no back",
      "review_date": [
        "March",
        "17",
        " 2017"
      ]
    },
    {
      "REQ_subtype": "",
      "REQ_type": "",
      "_id": 5,
      "author_id": "not defined",
      "author_name": "A Google user",
      "helpful": "0",
      "polarity": "",
      "rate": 2,
      "response": "",
      "response_date": "",
      "review": "It won't let me got to setting the way I like it and won't let me talk to someone \ud83d\ude20\ud83d\ude20\ud83d\ude20\ud83d\ude20",
      "review_date": [
        "November",
        "19",
        " 2016"
      ]
    },
    {
      "REQ_subtype": "",
      "REQ_type": "",
      "_id": 6,
      "author_id": "not defined",
      "author_name": "slide shows/ photo shows!",
      "helpful": "0",
      "polarity": "",
      "rate": 5,
      "response": "",
      "response_date": "",
      "review": "Good! I love Junimong! I had a lot of accounts in this app. Keep up! \ud83d\ude18\ud83d\ude18 and pleeeeeeeeeeeeeeeeeeeeeeeeeeeese do stickers on it so that I can put  stickers. And \"pop jam\" have stickers that is why it is my favorite app.",
      "review_date": [
        "February",
        "5",
        " 2017"
      ]
    },
    {
      "REQ_subtype": "",
      "REQ_type": "",
      "_id": 7,
      "author_id": "not defined",
      "author_name": "A Google user",
      "helpful": "1",
      "polarity": "",
      "rate": 5,
      "response": "",
      "response_date": "",
      "review": "This is the best game ever it's so much fun it's like a social media but for kids",
      "review_date": [
        "December",
        "28",
        " 2016"
      ]
    },
    {
      "REQ_subtype": "",
      "REQ_type": "",
      "_id": 8,
      "author_id": "not defined",
      "author_name": "Galaxy Waffle",
      "helpful": "4",
      "polarity": "",
      "rate": 5,
      "response": "",
      "response_date": "",
      "review": "This helps me draw but please let it load faster",
      "review_date": [
        "January",
        "2",
        " 2017"
      ]
    },
    {
      "REQ_subtype": "",
      "REQ_type": "",
      "_id": 9,
      "author_id": "not defined",
      "author_name": "A Google user",
      "helpful": "0",
      "polarity": "",
      "rate": 5,
      "response": "",
      "response_date": "",
      "review": "I love it because it like teaches u how to draw and like u dont have to go to youtube cause there is  youtube in the game",
      "review_date": [
        "August",
        "16",
        " 2017"
      ]
    },
    {
      "REQ_subtype": "",
      "REQ_type": "",
      "_id": 10,
      "author_id": "not defined",
      "author_name": "21 Pilots",
      "helpful": "0",
      "polarity": "",
      "rate": 5,
      "response": "",
      "response_date": "",
      "review": "It is a great game and im happy i have 492 fans in this app!My username in this app is kawaiichan with the girl in the blond ponytail",
      "review_date": [
        "March",
        "19",
        " 2017"
      ]
    },
    {
      "REQ_subtype": "",
      "REQ_type": "",
      "_id": 11,
      "author_id": "not defined",
      "author_name": "Juddy Juju",
      "helpful": "0",
      "polarity": "",
      "rate": 5,
      "response": "",
      "response_date": "",
      "review": "Love it for now I have 31 friends and I really like this app it's amazing for children and young kids",
      "review_date": [
        "July",
        "12",
        " 2017"
      ]
    },
    {
      "REQ_subtype": "",
      "REQ_type": "",
      "_id": 12,
      "author_id": "not defined",
      "author_name": "Seiko Koun",
      "helpful": "0",
      "polarity": "",
      "rate": 4,
      "response": "",
      "response_date": "",
      "review": "Stop this ! I've been playing for hours ! ! !",
      "review_date": [
        "May",
        "27",
        " 2018"
      ]
    },
    {
      "REQ_subtype": "",
      "REQ_type": "",
      "_id": 13,
      "author_id": "not defined",
      "author_name": "mr cool yo yo",
      "helpful": "1",
      "polarity": "",
      "rate": 5,
      "response": "",
      "response_date": "",
      "review": "This is very interesting game and very nice",
      "review_date": [
        "March",
        "23",
        " 2017"
      ]
    },
    {
      "REQ_subtype": "",
      "REQ_type": "",
      "_id": 14,
      "author_id": "not defined",
      "author_name": "yea idk",
      "helpful": "1",
      "polarity": "",
      "rate": 5,
      "response": "",
      "response_date": "",
      "review": "ITS AMAZING!",
      "review_date": [
        "April",
        "10",
        " 2017"
      ]
    },
    {
      "REQ_subtype": "",
      "REQ_type": "",
      "_id": 15,
      "author_id": "not defined",
      "author_name": "girls challenges",
      "helpful": "0",
      "polarity": "",
      "rate": 5,
      "response": "",
      "response_date": "",
      "review": "This is the best appp ever love it",
      "review_date": [
        "November",
        "3",
        " 2017"
      ]
    },
    {
      "REQ_subtype": "",
      "REQ_type": "",
      "_id": 16,
      "author_id": "not defined",
      "author_name": "The Jonae Show Lps",
      "helpful": "1",
      "polarity": "",
      "rate": 5,
      "response": "",
      "response_date": "",
      "review": "Cooooool",
      "review_date": [
        "December",
        "21",
        " 2016"
      ]
    },
    {
      "REQ_subtype": "",
      "REQ_type": "",
      "_id": 17,
      "author_id": "not defined",
      "author_name": "JoKeR GaEmS",
      "helpful": "0",
      "polarity": "",
      "rate": 5,
      "response": "",
      "response_date": "",
      "review": "WOW",
      "review_date": [
        "August",
        "25",
        " 2017"
      ]
    },
    {
      "REQ_subtype": "",
      "REQ_type": "",
      "_id": 18,
      "author_id": "not defined",
      "author_name": "freddy fazbear x me fnaf",
      "helpful": "1",
      "polarity": "",
      "rate": 5,
      "response": "",
      "response_date": "",
      "review": "Cute",
      "review_date": [
        "April",
        "10",
        " 2017"
      ]
    },
    {
      "REQ_subtype": "",
      "REQ_type": "",
      "_id": 19,
      "author_id": "not defined",
      "author_name": "Alvin C",
      "helpful": "0",
      "polarity": "",
      "rate": 5,
      "response": "",
      "response_date": "",
      "review": "I have been playing this game for  two years... AND I LOVE IT!!! You can draw anything you want with ANY color! Really good drawing app PLZ INSTALL REALLY GOOD APP!!!",
      "review_date": [
        "November",
        "16",
        " 2016"
      ]
    },
    {
      "REQ_subtype": "",
      "REQ_type": "",
      "_id": 20,
      "author_id": "not defined",
      "author_name": "A Google user",
      "helpful": "0",
      "polarity": "",
      "rate": 5,
      "response": "",
      "response_date": "",
      "review": "Love it!",
      "review_date": [
        "October",
        "25",
        " 2016"
      ]
    },
    {
      "REQ_subtype": "",
      "REQ_type": "",
      "_id": 21,
      "author_id": "not defined",
      "author_name": "Alaq Mahdi",
      "helpful": "0",
      "polarity": "",
      "rate": 5,
      "response": "",
      "response_date": "",
      "review": "\u0648\u0627\u0648 w\u00f8w \u0648\u0627\u062a\u0645\u0646\u0649 \u062c\u0648\u0628\u0648\u0646\u064a \u0648\u0625\u0646\u064a \u062d\u0633\u0627\u0628\u064a  \u2661\u0627\u0644\u0648\u0643\u0629 A\u2661",
      "review_date": [
        "September",
        "18",
        " 2016"
      ]
    },
    {
      "REQ_subtype": "",
      "REQ_type": "",
      "_id": 22,
      "author_id": "not defined",
      "author_name": "A Google user",
      "helpful": "0",
      "polarity": "",
      "rate": 5,
      "response": "",
      "response_date": "",
      "review": "\u0639\u0627\u0644\u06cc \u0628\u0648\u062f \u0645\u0645\u0646\u0648\u0646\u0645 \u0627\u0632 \u0627\u06cc\u0646 \u0628\u0631\u0646\u0627\u0645\u062a\u0648\u0646",
      "review_date": [
        "September",
        "19",
        " 2016"
      ]
    },
    {
      "REQ_subtype": "",
      "REQ_type": "",
      "_id": 23,
      "author_id": "not defined",
      "author_name": "Angelina Akhaphong",
      "helpful": "2",
      "polarity": "",
      "rate": 2,
      "response": "",
      "response_date": "",
      "review": "I wish you guys can look at the drawings people are making, its too much for the kids that are 10 yrs old and under.",
      "review_date": [
        "August",
        "16",
        " 2016"
      ]
    },
    {
      "REQ_subtype": "",
      "REQ_type": "",
      "_id": 24,
      "author_id": "not defined",
      "author_name": "Twilight sparkle",
      "helpful": "0",
      "polarity": "",
      "rate": 5,
      "response": "",
      "response_date": "",
      "review": "I love this app because I love having friends in the app drawing and meeting new friends that start playing and one more thing will you guys update the app again?",
      "review_date": [
        "July",
        "20",
        " 2016"
      ]
    },
    {
      "REQ_subtype": "",
      "REQ_type": "",
      "_id": 25,
      "author_id": "not defined",
      "author_name": "Ajmal Alami",
      "helpful": "1",
      "polarity": "",
      "rate": 3,
      "response": "",
      "response_date": "",
      "review": "I wil, tell you what you need i was playing i uploaded a pic from the internet and i saw that the backround is white all around and the picture itself is really tiny please change this please then you'll have 5* please i said please change this yea studio p.z reply im despret!",
      "review_date": [
        "August",
        "13",
        " 2016"
      ]
    },
    {
      "REQ_subtype": "",
      "REQ_type": "",
      "_id": 26,
      "author_id": "not defined",
      "author_name": "Shari Casado",
      "helpful": "0",
      "polarity": "",
      "rate": 5,
      "response": "Hi. If you want to custom avatar, just touch your avatar. And when you update next version you'll buy various avatar items.",
      "response_date": [
        "August",
        "19",
        " 2016"
      ],
      "review": "I love how I can custome my own avatar",
      "review_date": [
        "August",
        "18",
        " 2016"
      ]
    },
    {
      "REQ_subtype": "",
      "REQ_type": "",
      "_id": 27,
      "author_id": "not defined",
      "author_name": "Breanna Henning",
      "helpful": "0",
      "polarity": "",
      "rate": 5,
      "response": "",
      "response_date": "",
      "review": "This game is amazing it is fun and free",
      "review_date": [
        "July",
        "14",
        " 2016"
      ]
    },
    {
      "REQ_subtype": "",
      "REQ_type": "",
      "_id": 28,
      "author_id": "not defined",
      "author_name": "Akbor Munna",
      "helpful": "0",
      "polarity": "",
      "rate": 5,
      "response": "",
      "response_date": "",
      "review": "Thanks again for your help and support",
      "review_date": [
        "August",
        "3",
        " 2016"
      ]
    },
    {
      "REQ_subtype": "",
      "REQ_type": "",
      "_id": 29,
      "author_id": "not defined",
      "author_name": "Kaena Barker",
      "helpful": "0",
      "polarity": "",
      "rate": 5,
      "response": "",
      "response_date": "",
      "review": "Love it so much\ud83d\ude1c",
      "review_date": [
        "January",
        "4",
        " 2017"
      ]
    },
    {
      "REQ_subtype": "",
      "REQ_type": "",
      "_id": 30,
      "author_id": "not defined",
      "author_name": "cute pikagirl",
      "helpful": "0",
      "polarity": "",
      "rate": 5,
      "response": "",
      "response_date": "",
      "review": "Good Game l love to draw",
      "review_date": [
        "July",
        "7",
        " 2016"
      ]
    },
    {
      "REQ_subtype": "",
      "REQ_type": "",
      "_id": 31,
      "author_id": "not defined",
      "author_name": "Hana Tarek",
      "helpful": "0",
      "polarity": "",
      "rate": 5,
      "response": "",
      "response_date": "",
      "review": "Really it's a nice game. It's full of drawing, painting and learn to draw",
      "review_date": [
        "June",
        "21",
        " 2016"
      ]
    },
    {
      "REQ_subtype": "",
      "REQ_type": "",
      "_id": 32,
      "author_id": "not defined",
      "author_name": "vortex the fox",
      "helpful": "0",
      "polarity": "",
      "rate": 5,
      "response": "",
      "response_date": "",
      "review": "I really like it because  you can show your true talent",
      "review_date": [
        "June",
        "8",
        " 2016"
      ]
    },
    {
      "REQ_subtype": "",
      "REQ_type": "",
      "_id": 33,
      "author_id": "not defined",
      "author_name": "iza strawn",
      "helpful": "0",
      "polarity": "",
      "rate": 5,
      "response": "Thank you for review :)",
      "response_date": [
        "June",
        "20",
        " 2016"
      ],
      "review": "una Strawn, I have loved junimong.",
      "review_date": [
        "June",
        "18",
        " 2016"
      ]
    },
    {
      "REQ_subtype": "",
      "REQ_type": "",
      "_id": 34,
      "author_id": "not defined",
      "author_name": "Ira Myriam",
      "helpful": "0",
      "polarity": "",
      "rate": 5,
      "response": "",
      "response_date": "",
      "review": "Is really good",
      "review_date": [
        "June",
        "21",
        " 2016"
      ]
    },
    {
      "REQ_subtype": "",
      "REQ_type": "",
      "_id": 35,
      "author_id": "not defined",
      "author_name": "Mandy Lynam",
      "helpful": "0",
      "polarity": "",
      "rate": 4,
      "response": "",
      "response_date": "",
      "review": "It's all about a kid coloring app with... NO VIOLENCE AND NOTING BAD!!!!",
      "review_date": [
        "July",
        "30",
        " 2016"
      ]
    },
    {
      "REQ_subtype": "",
      "REQ_type": "",
      "_id": 36,
      "author_id": "not defined",
      "author_name": "Lisa Marie Granato",
      "helpful": "0",
      "polarity": "",
      "rate": 4,
      "response": "",
      "response_date": "",
      "review": "I like it, but it has it's moments of cussing & etc",
      "review_date": [
        "May",
        "25",
        " 2016"
      ]
    },
    {
      "REQ_subtype": "",
      "REQ_type": "",
      "_id": 37,
      "author_id": "not defined",
      "author_name": "little Faeeza",
      "helpful": "0",
      "polarity": "",
      "rate": 5,
      "response": "",
      "response_date": "",
      "review": "I love it.........",
      "review_date": [
        "May",
        "9",
        " 2016"
      ]
    },
    {
      "REQ_subtype": "",
      "REQ_type": "",
      "_id": 38,
      "author_id": "not defined",
      "author_name": "Monica Sajo",
      "helpful": "0",
      "polarity": "",
      "rate": 5,
      "response": "",
      "response_date": "",
      "review": "ITS BEEN SO LONG SINCE I HAD THIS I LOVED THIS APP SO MUCH!",
      "review_date": [
        "September",
        "2",
        " 2016"
      ]
    },
    {
      "REQ_subtype": "",
      "REQ_type": "",
      "_id": 39,
      "author_id": "not defined",
      "author_name": "Cat Patrick Stump",
      "helpful": "0",
      "polarity": "",
      "rate": 5,
      "response": "",
      "response_date": "",
      "review": "App is Amazing",
      "review_date": [
        "May",
        "4",
        " 2016"
      ]
    },
    {
      "REQ_subtype": "",
      "REQ_type": "",
      "_id": 40,
      "author_id": "not defined",
      "author_name": "Sana Ranjan",
      "helpful": "0",
      "polarity": "",
      "rate": 5,
      "response": "",
      "response_date": "",
      "review": "Kritika",
      "review_date": [
        "January",
        "6",
        " 2017"
      ]
    },
    {
      "REQ_subtype": "",
      "REQ_type": "",
      "_id": 41,
      "author_id": "not defined",
      "author_name": "Ikhide Ozolua",
      "helpful": "0",
      "polarity": "",
      "rate": 5,
      "response": "",
      "response_date": "",
      "review": "Lot of drawing",
      "review_date": [
        "September",
        "10",
        " 2016"
      ]
    },
    {
      "REQ_subtype": "",
      "REQ_type": "",
      "_id": 42,
      "author_id": "not defined",
      "author_name": "Chris Dacpano",
      "helpful": "0",
      "polarity": "",
      "rate": 4,
      "response": "",
      "response_date": "",
      "review": "Samnhamamsomaayaollolooayal",
      "review_date": [
        "April",
        "15",
        " 2016"
      ]
    },
    {
      "REQ_subtype": "",
      "REQ_type": "",
      "_id": 43,
      "author_id": "not defined",
      "author_name": "rayan mohd",
      "helpful": "0",
      "polarity": "",
      "rate": 5,
      "response": "\u0634\u0643\u0631\u0631\u0631\u0631\u0631\u0631\u0631\u0631\u0631\u0631\u0631\u0631\u0627",
      "response_date": [
        "March",
        "8",
        " 2016"
      ],
      "review": "\u0631\u0648\u0639\u0639\u0639\u0639\u0639\u0639\u0639\u0639\u0639\u0639\u0639\u0639\u0639\u0639\u0639\u0639\u0639\u0639\u0639\u0639\u0639\u0639\u0639\u0639\u0639\u0639\u0639\u0639\u0629\ud83d\ude18\ud83d\ude1a\ud83d\ude19\ud83d\ude0d",
      "review_date": [
        "July",
        "30",
        " 2016"
      ]
    },
    {
      "REQ_subtype": "",
      "REQ_type": "",
      "_id": 44,
      "author_id": "not defined",
      "author_name": "\u029d\u0454\u029d\u0454 q\u03c5\u0454\u0454\u03b7",
      "helpful": "0",
      "polarity": "",
      "rate": 5,
      "response": "\u0634\u0643\u0631\u0627\u064b \u062c\u0632\u064a\u0644\u0627\u064b!!",
      "response_date": [
        "April",
        "11",
        " 2016"
      ],
      "review": "\u0627\u0644\u0628\u0631\u0646\u0627\u0645\u062c \u0645\u0631\u0631\u0631\u0631\u0631\u0631\u0631\u0631\u0631\u0631\u0631\u0631\u0631\u0631\u0631\u0631\u0647 \u0631\u0648\u0639\u0647 \u0648\u0627\u0633\u0645\u0627\u0621 \u0635\u062f\u064a\u0642\u0627\u062a\u064a \u0641\u064a \u0647\u0630\u0627 \u0627\u0644\u0628\u0631\u0646\u0627\u0645\u062c:\u2013   \u0641\u0647\u064a\u0645\u0647 \u0648 \u0633\u0645\u0627\u0646\u0647 \u0648 \u0633\u062c\u0649 \u0648 \u062c\u0645\u0627\u0646\u0647 \u0648 \u0641\u0644\u0647 \u0648 \u0631\u0627\u0646\u064a\u0647 \u0648 \u0631\u063a\u062f \u0648 \u0627\u0644\u0643\u062b\u064a\u064a\u064a\u064a\u0631 \u0645\u0646\u0647\u0645 \u0648\u0627\u062d\u0628\u0643\u0645 \u0643\u062a\u064a\u064a\u064a\u064a\u064a\u064a\u064a\u064a\u064a\u064a\u064a\u064a\u064a\u064a\u064a\u064a\u064a\u064a\u064a\u064a\u064a\u064a\u0631 \u064a\u0627 \u0635\u062f\u064a\u0642\u0627\u062a\u064a \ud83d\ude18\ud83d\ude18\u2764",
      "review_date": [
        "April",
        "1",
        " 2016"
      ]
    },
    {
      "REQ_subtype": "",
      "REQ_type": "",
      "_id": 45,
      "author_id": "not defined",
      "author_name": "Preethi Remeshan",
      "helpful": "1",
      "polarity": "",
      "rate": 3,
      "response": "",
      "response_date": "",
      "review": ":-)",
      "review_date": [
        "March",
        "28",
        " 2016"
      ]
    },
    {
      "REQ_subtype": "",
      "REQ_type": "",
      "_id": 46,
      "author_id": "not defined",
      "author_name": "Kim Soha",
      "helpful": "0",
      "polarity": "",
      "rate": 5,
      "response": "",
      "response_date": "",
      "review": "I like this soooooo muchhhhhhhh",
      "review_date": [
        "March",
        "24",
        " 2016"
      ]
    },
    {
      "REQ_subtype": "",
      "REQ_type": "",
      "_id": 47,
      "author_id": "not defined",
      "author_name": "Shopifymaster Team",
      "helpful": "2",
      "polarity": "",
      "rate": 5,
      "response": "",
      "response_date": "",
      "review": "It is nice. Thanks for create this app.",
      "review_date": [
        "January",
        "7",
        " 2016"
      ]
    },
    {
      "REQ_subtype": "",
      "REQ_type": "",
      "_id": 48,
      "author_id": "not defined",
      "author_name": "blue shy",
      "helpful": "0",
      "polarity": "",
      "rate": 5,
      "response": "",
      "response_date": "",
      "review": "It was  cool and amazing and  nice",
      "review_date": [
        "January",
        "1",
        " 2016"
      ]
    },
    {
      "REQ_subtype": "",
      "REQ_type": "",
      "_id": 49,
      "author_id": "not defined",
      "author_name": "Jet7E7",
      "helpful": "2",
      "polarity": "",
      "rate": 5,
      "response": "",
      "response_date": "",
      "review": "It's me cute studio   I'm on my brothers account! .__.",
      "review_date": [
        "December",
        "26",
        " 2015"
      ]
    },
    {
      "REQ_subtype": "",
      "REQ_type": "",
      "_id": 50,
      "author_id": "not defined",
      "author_name": "saadia brunei",
      "helpful": "1",
      "polarity": "",
      "rate": 4,
      "response": "",
      "response_date": "",
      "review": "It's boring when you play it many times.",
      "review_date": [
        "December",
        "16",
        " 2015"
      ]
    },
    {
      "REQ_subtype": "",
      "REQ_type": "",
      "_id": 51,
      "author_id": "not defined",
      "author_name": "Yu Kim Hong",
      "helpful": "0",
      "polarity": "",
      "rate": 5,
      "response": "",
      "response_date": "",
      "review": "Best game ever but people keep on reporting my drawings. It's me yuki:P",
      "review_date": [
        "December",
        "19",
        " 2015"
      ]
    },
    {
      "REQ_subtype": "",
      "REQ_type": "",
      "_id": 52,
      "author_id": "not defined",
      "author_name": "mohammed alzubaidi",
      "helpful": "0",
      "polarity": "",
      "rate": 5,
      "response": "",
      "response_date": "",
      "review": "AlzuBaiDi",
      "review_date": [
        "December",
        "18",
        " 2015"
      ]
    },
    {
      "REQ_subtype": "",
      "REQ_type": "",
      "_id": 53,
      "author_id": "not defined",
      "author_name": "Adam Naziry",
      "helpful": "4",
      "polarity": "",
      "rate": 5,
      "response": "We are really happy you like our app and thank you for telling us the problem. We are trying to fix it now, will update a better one asap",
      "response_date": [
        "November",
        "30",
        " 2015"
      ],
      "review": "I LOVE IT AMAZING GAME BETTER THAN THE GAME AFKAIN LIFE THANK YOU FOR MAKING THIS GAME THANKS ALOT PLEASE  REPLY!!!!!!  \ud83d\ude09\ud83d\ude04\ud83d\ude03\ud83d\ude02\ud83d\ude01\ud83d\ude00\ud83d\ude0a\u263a\ud83d\ude05\ud83d\ude06\ud83d\ude0b\ud83d\ude19\ud83d\ude18\ud83d\ude1a\ud83d\ude0e\ud83d\ude0c ................................ NOW AFTER SOME TIME I CANT PUT THE PICTURE HOW DO U ZOOOOM IN TO MAKE THE PICTURE BIGGER I LIKE THE OLD JUNIMONG PLEASE TELL ME lilstudio PLEASE TELL ME!! thanks alot... so youll update it?!",
      "review_date": [
        "December",
        "5",
        " 2015"
      ]
    },
    {
      "REQ_subtype": "",
      "REQ_type": "",
      "_id": 54,
      "author_id": "not defined",
      "author_name": "jescaza brown",
      "helpful": "2",
      "polarity": "",
      "rate": 5,
      "response": "",
      "response_date": "",
      "review": "My daughter loves this",
      "review_date": [
        "December",
        "4",
        " 2015"
      ]
    },
    {
      "REQ_subtype": "",
      "REQ_type": "",
      "_id": 55,
      "author_id": "not defined",
      "author_name": "Ahmad Ammar",
      "helpful": "1",
      "polarity": "",
      "rate": 5,
      "response": "",
      "response_date": "",
      "review": "\u0631\u0648\u0648\u0648\u0648\u0648\u0648\u0648\u0648\u0648\u0648\u0648\u0648\u0648\u0648\u0648\u0648\u0648\u0648\u0639\u0629 \u062c\u0645\u064a\u0644\u0629 \u062c\u062f\u0627\u064b \u0627\u0646\u0627 \u0628\u0646\u0632\u0644 \u0627\u0644\u0639\u0628\u0629 \u0627\u0644\u062d\u064a\u0646 \u0648\u0645\u062a\u0634\u0648\u0642\u0629 \u0639\u0634\u0627\u0646 \u0627\u0644\u0639\u0628\u0647\u0627",
      "review_date": [
        "November",
        "14",
        " 2015"
      ]
    },
    {
      "REQ_subtype": "",
      "REQ_type": "",
      "_id": 56,
      "author_id": "not defined",
      "author_name": "Erin Dupre",
      "helpful": "0",
      "polarity": "",
      "rate": 5,
      "response": "",
      "response_date": "",
      "review": "I love it it's sooooo awsome BTW Im KAWAIICHAN \ud83d\ude1c\ud83d\ude19",
      "review_date": [
        "November",
        "22",
        " 2015"
      ]
    },
    {
      "REQ_subtype": "",
      "REQ_type": "",
      "_id": 57,
      "author_id": "not defined",
      "author_name": "Rihanna Cheng",
      "helpful": "0",
      "polarity": "",
      "rate": 5,
      "response": "",
      "response_date": "",
      "review": "Thanks! Lauren! Your So Sweet! ;D",
      "review_date": [
        "November",
        "12",
        " 2015"
      ]
    },
    {
      "REQ_subtype": "",
      "REQ_type": "",
      "_id": 58,
      "author_id": "not defined",
      "author_name": "us Ah",
      "helpful": "0",
      "polarity": "",
      "rate": 5,
      "response": "",
      "response_date": "",
      "review": "Cool.I like that.",
      "review_date": [
        "November",
        "15",
        " 2015"
      ]
    },
    {
      "REQ_subtype": "",
      "REQ_type": "",
      "_id": 59,
      "author_id": "not defined",
      "author_name": "Carolin Dietl",
      "helpful": "0",
      "polarity": "",
      "rate": 3,
      "response": "Hi,\n\nIf you noticed any inappropriate drawing, you can either report directly through the drawing, we have a function as  \"Flag as inappropriate\" at the bottom part of each drawing, please long press it and it will send the report to us, or take screen shot and attach to us through email. Thanks",
      "response_date": [
        "November",
        "6",
        " 2015"
      ],
      "review": "the app is nice for kids but on the gallery it has some not so good pictures -.- how can I hide or put the gallery away I don't want ,my son to click on it and see pictures  that he don't need to see",
      "review_date": [
        "November",
        "4",
        " 2015"
      ]
    },
    {
      "REQ_subtype": "",
      "REQ_type": "",
      "_id": 60,
      "author_id": "not defined",
      "author_name": "JACKIE Fields",
      "helpful": "0",
      "polarity": "",
      "rate": 5,
      "response": "",
      "response_date": "",
      "review": "Games/Godson deaf in. One ear three yrs old loves playing all gamed",
      "review_date": [
        "March",
        "3",
        " 2016"
      ]
    },
    {
      "REQ_subtype": "",
      "REQ_type": "",
      "_id": 61,
      "author_id": "not defined",
      "author_name": "Shaza Aboul-ela",
      "helpful": "0",
      "polarity": "",
      "rate": 4,
      "response": "",
      "response_date": "",
      "review": "Wow",
      "review_date": [
        "November",
        "11",
        " 2015"
      ]
    },
    {
      "REQ_subtype": "",
      "REQ_type": "",
      "_id": 62,
      "author_id": "not defined",
      "author_name": "ariana williamson",
      "helpful": "0",
      "polarity": "",
      "rate": 5,
      "response": "",
      "response_date": "",
      "review": "If you dont get this game shame of you you should be sorry then after you better get it",
      "review_date": [
        "October",
        "31",
        " 2015"
      ]
    },
    {
      "REQ_subtype": "",
      "REQ_type": "",
      "_id": 63,
      "author_id": "not defined",
      "author_name": "ForeignDoll Haileii",
      "helpful": "0",
      "polarity": "",
      "rate": 5,
      "response": "",
      "response_date": "",
      "review": "I love how you can draw and message people good way of making friends!!!",
      "review_date": [
        "October",
        "4",
        " 2015"
      ]
    },
    {
      "REQ_subtype": "",
      "REQ_type": "",
      "_id": 64,
      "author_id": "not defined",
      "author_name": "Lauren Cornejo",
      "helpful": "0",
      "polarity": "",
      "rate": 5,
      "response": "",
      "response_date": "",
      "review": "It is awsome i love how they teach you how to draw",
      "review_date": [
        "October",
        "6",
        " 2015"
      ]
    },
    {
      "REQ_subtype": "",
      "REQ_type": "",
      "_id": 65,
      "author_id": "not defined",
      "author_name": "Devidas Mate",
      "helpful": "0",
      "polarity": "",
      "rate": 1,
      "response": "",
      "response_date": "",
      "review": "Not offline",
      "review_date": [
        "October",
        "31",
        " 2015"
      ]
    },
    {
      "REQ_subtype": "",
      "REQ_type": "",
      "_id": 66,
      "author_id": "not defined",
      "author_name": "Gamini Abeywickrama",
      "helpful": "0",
      "polarity": "",
      "rate": 5,
      "response": "",
      "response_date": "",
      "review": "It is very good",
      "review_date": [
        "October",
        "2",
        " 2015"
      ]
    },
    {
      "REQ_subtype": "",
      "REQ_type": "",
      "_id": 67,
      "author_id": "not defined",
      "author_name": "Priyal S",
      "helpful": "0",
      "polarity": "",
      "rate": 5,
      "response": "Thanks for loving our app ^^",
      "response_date": [
        "October",
        "26",
        " 2015"
      ],
      "review": "I loved it so much.\u2665\u2665\u2665\u2665\u2665",
      "review_date": [
        "October",
        "10",
        " 2015"
      ]
    },
    {
      "REQ_subtype": "",
      "REQ_type": "",
      "_id": 68,
      "author_id": "not defined",
      "author_name": "Iman Asim",
      "helpful": "0",
      "polarity": "",
      "rate": 5,
      "response": "We feel pleasure that your kids enjoyed it! Thank you ^^",
      "response_date": [
        "October",
        "26",
        " 2015"
      ],
      "review": "My kids enjoyed it,,,,,  thanks, it's an wonderful app.....  :-)",
      "review_date": [
        "October",
        "9",
        " 2015"
      ]
    },
    {
      "REQ_subtype": "",
      "REQ_type": "",
      "_id": 69,
      "author_id": "not defined",
      "author_name": "Marissa Hernandez",
      "helpful": "3",
      "polarity": "",
      "rate": 3,
      "response": "",
      "response_date": "",
      "review": "How can i delete  my pictures ! Having touble deleing it",
      "review_date": [
        "September",
        "10",
        " 2015"
      ]
    },
    {
      "REQ_subtype": "",
      "REQ_type": "",
      "_id": 70,
      "author_id": "not defined",
      "author_name": "tansel tuna",
      "helpful": "0",
      "polarity": "",
      "rate": 5,
      "response": "",
      "response_date": "",
      "review": "Green",
      "review_date": [
        "September",
        "3",
        " 2015"
      ]
    },
    {
      "REQ_subtype": "",
      "REQ_type": "",
      "_id": 71,
      "author_id": "not defined",
      "author_name": "Tommy Griffith",
      "helpful": "1",
      "polarity": "",
      "rate": 3,
      "response": "",
      "response_date": "",
      "review": "Why....why...why....",
      "review_date": [
        "September",
        "30",
        " 2015"
      ]
    },
    {
      "REQ_subtype": "",
      "REQ_type": "",
      "_id": 72,
      "author_id": "not defined",
      "author_name": "Dilenny Lopez",
      "helpful": "0",
      "polarity": "",
      "rate": 5,
      "response": "",
      "response_date": "",
      "review": "Love",
      "review_date": [
        "September",
        "16",
        " 2015"
      ]
    },
    {
      "REQ_subtype": "",
      "REQ_type": "",
      "_id": 73,
      "author_id": "not defined",
      "author_name": "Rawan Magdy",
      "helpful": "0",
      "polarity": "",
      "rate": 5,
      "response": "",
      "response_date": "",
      "review": "V.good\ud83d\ude17\ud83d\ude17",
      "review_date": [
        "September",
        "14",
        " 2015"
      ]
    },
    {
      "REQ_subtype": "",
      "REQ_type": "",
      "_id": 74,
      "author_id": "not defined",
      "author_name": "Jennifer LPS",
      "helpful": "0",
      "polarity": "",
      "rate": 4,
      "response": "",
      "response_date": "",
      "review": "Be friends with rainbow jazz she is awesome key is Rainbow Dash but she calls herself rainbow jazz so yeah she looks like Rainbow Dash on the cover so be her friend",
      "review_date": [
        "August",
        "12",
        " 2015"
      ]
    },
    {
      "REQ_subtype": "",
      "REQ_type": "",
      "_id": 75,
      "author_id": "not defined",
      "author_name": "Guillermo Castillo",
      "helpful": "0",
      "polarity": "",
      "rate": 3,
      "response": "Hello. Let me know your nickname and sign in information which google, facebook or email. Please send me to app_feed@yeastudio.net. Thank you.",
      "response_date": [
        "August",
        "22",
        " 2015"
      ],
      "review": "after you login all drawings my daughter had were erased. what can I do?",
      "review_date": [
        "August",
        "22",
        " 2015"
      ]
    },
    {
      "REQ_subtype": "",
      "REQ_type": "",
      "_id": 76,
      "author_id": "not defined",
      "author_name": "Mia :3",
      "helpful": "0",
      "polarity": "",
      "rate": 5,
      "response": "You've surprised a lot. I'm so sorry. Drawings are hided normally by user to do flag as inappropriate. It is not deleted. The reported drawing is reclassified through an internal filter, normal drawing will not be reported again. Specific users are doing flag as inappropriate to popular drawings\nNow check out that drawing is recovered. Thank you.",
      "response_date": [
        "August",
        "21",
        " 2015"
      ],
      "review": "They're back, thanks!",
      "review_date": [
        "August",
        "21",
        " 2015"
      ]
    },
    {
      "REQ_subtype": "",
      "REQ_type": "",
      "_id": 77,
      "author_id": "not defined",
      "author_name": "Mong Juni",
      "helpful": "0",
      "polarity": "",
      "rate": 5,
      "response": "",
      "response_date": "",
      "review": "Thank you to play Junimong! See you soon in Junimong.",
      "review_date": [
        "August",
        "20",
        " 2015"
      ]
    },
    {
      "REQ_subtype": "",
      "REQ_type": "",
      "_id": 78,
      "author_id": "not defined",
      "author_name": "super girl 101",
      "helpful": "0",
      "polarity": "",
      "rate": 4,
      "response": "",
      "response_date": "",
      "review": "It's like facebook but for kids",
      "review_date": [
        "August",
        "23",
        " 2015"
      ]
    },
    {
      "REQ_subtype": "",
      "REQ_type": "",
      "_id": 79,
      "author_id": "not defined",
      "author_name": "Judyth Timm",
      "helpful": "0",
      "polarity": "",
      "rate": 5,
      "response": "",
      "response_date": "",
      "review": "Art by children",
      "review_date": [
        "June",
        "16",
        " 2016"
      ]
    },
    {
      "REQ_subtype": "",
      "REQ_type": "",
      "_id": 80,
      "author_id": "not defined",
      "author_name": "cuauhtemoc cabral",
      "helpful": "0",
      "polarity": "",
      "rate": 3,
      "response": "",
      "response_date": "",
      "review": "Well one problem can u please make somthing eaiser like useing a paint bucket to not color all of the doodles cuz its bugging me plz add a paint bucket",
      "review_date": [
        "July",
        "26",
        " 2016"
      ]
    },
    {
      "REQ_subtype": "",
      "REQ_type": "",
      "_id": 81,
      "author_id": "not defined",
      "author_name": "fred laine",
      "helpful": "0",
      "polarity": "",
      "rate": 4,
      "response": "",
      "response_date": "",
      "review": "It nice but how u get friends and all of that ,don't really get this game but I like it anyways",
      "review_date": [
        "August",
        "9",
        " 2015"
      ]
    },
    {
      "REQ_subtype": "",
      "REQ_type": "",
      "_id": 82,
      "author_id": "not defined",
      "author_name": "Miguel A. Medina",
      "helpful": "0",
      "polarity": "",
      "rate": 5,
      "response": "",
      "response_date": "",
      "review": "Luv it i get to draw post it \ud83d\ude04 everyone should get this app",
      "review_date": [
        "August",
        "9",
        " 2015"
      ]
    },
    {
      "REQ_subtype": "",
      "REQ_type": "",
      "_id": 83,
      "author_id": "not defined",
      "author_name": "jayant padharia",
      "helpful": "0",
      "polarity": "",
      "rate": 3,
      "response": "",
      "response_date": "",
      "review": "Nice application",
      "review_date": [
        "July",
        "24",
        " 2015"
      ]
    },
    {
      "REQ_subtype": "",
      "REQ_type": "",
      "_id": 84,
      "author_id": "not defined",
      "author_name": "A Google user",
      "helpful": "0",
      "polarity": "",
      "rate": 5,
      "response": "",
      "response_date": "",
      "review": "It's a cool game I play it all the time",
      "review_date": [
        "July",
        "20",
        " 2015"
      ]
    },
    {
      "REQ_subtype": "",
      "REQ_type": "",
      "_id": 85,
      "author_id": "not defined",
      "author_name": "claire boulton",
      "helpful": "3",
      "polarity": "",
      "rate": 5,
      "response": "Thank you for review :)",
      "response_date": [
        "June",
        "12",
        " 2015"
      ],
      "review": "LOVE THIS GAME BEST GAME IN ALLTHE WORLDS",
      "review_date": [
        "July",
        "3",
        " 2015"
      ]
    },
    {
      "REQ_subtype": "",
      "REQ_type": "",
      "_id": 86,
      "author_id": "not defined",
      "author_name": "_Bubbles_ _N' Cream_",
      "helpful": "0",
      "polarity": "",
      "rate": 2,
      "response": "I'm so sorry. We have discovered that there is a problem to Sign in with the Email. Sooner it will be updated.",
      "response_date": [
        "July",
        "6",
        " 2015"
      ],
      "review": "All I can do is sign in put my name in and click the play button nothing else",
      "review_date": [
        "July",
        "6",
        " 2015"
      ]
    },
    {
      "REQ_subtype": "",
      "REQ_type": "",
      "_id": 87,
      "author_id": "not defined",
      "author_name": "Khan Ali",
      "helpful": "0",
      "polarity": "",
      "rate": 5,
      "response": "",
      "response_date": "",
      "review": "Humanizing kids drawin",
      "review_date": [
        "July",
        "4",
        " 2015"
      ]
    },
    {
      "REQ_subtype": "",
      "REQ_type": "",
      "_id": 88,
      "author_id": "not defined",
      "author_name": "- SakurA Megumin -",
      "helpful": "0",
      "polarity": "",
      "rate": 3,
      "response": "",
      "response_date": "",
      "review": "It needs to be smoother in performance and be less laggy.",
      "review_date": [
        "June",
        "7",
        " 2015"
      ]
    },
    {
      "REQ_subtype": "",
      "REQ_type": "",
      "_id": 89,
      "author_id": "not defined",
      "author_name": "Allieoaks",
      "helpful": "0",
      "polarity": "",
      "rate": 2,
      "response": "",
      "response_date": "",
      "review": "This app is Horrible in ways i can't explain! Check it out. I dare you. See how much you don't like it. One more thing I have to say. This game no. Just no.",
      "review_date": [
        "June",
        "7",
        " 2015"
      ]
    },
    {
      "REQ_subtype": "",
      "REQ_type": "",
      "_id": 90,
      "author_id": "not defined",
      "author_name": "T Jones",
      "helpful": "1",
      "polarity": "",
      "rate": 1,
      "response": "",
      "response_date": "",
      "review": "How do you get on",
      "review_date": [
        "June",
        "13",
        " 2015"
      ]
    },
    {
      "REQ_subtype": "",
      "REQ_type": "",
      "_id": 91,
      "author_id": "not defined",
      "author_name": "EJ Anjo",
      "helpful": "0",
      "polarity": "",
      "rate": 3,
      "response": "",
      "response_date": "",
      "review": "The entire thing froze up my tablet.\ud83d\ude13",
      "review_date": [
        "June",
        "6",
        " 2015"
      ]
    },
    {
      "REQ_subtype": "",
      "REQ_type": "",
      "_id": 92,
      "author_id": "not defined",
      "author_name": "Teegan Fox",
      "helpful": "0",
      "polarity": "",
      "rate": 5,
      "response": "Thank you for review !\nEnjoy Junimong :)",
      "response_date": [
        "June",
        "12",
        " 2015"
      ],
      "review": "This mom is happy!\ud83d\ude0d no ads. Child can learn. And clearly k.ow the colors. Thank you thank you thank you",
      "review_date": [
        "June",
        "12",
        " 2015"
      ]
    },
    {
      "REQ_subtype": "",
      "REQ_type": "",
      "_id": 93,
      "author_id": "not defined",
      "author_name": "Raja Ali",
      "helpful": "0",
      "polarity": "",
      "rate": 5,
      "response": "",
      "response_date": "",
      "review": "My sis loved i cant find my phone any where but when i went to her room i found it under her bed",
      "review_date": [
        "June",
        "5",
        " 2015"
      ]
    },
    {
      "REQ_subtype": "",
      "REQ_type": "",
      "_id": 94,
      "author_id": "not defined",
      "author_name": "Lea Kusaula",
      "helpful": "0",
      "polarity": "",
      "rate": 5,
      "response": "We feel pleasure too as you share your dream on our app! ^^",
      "response_date": [
        "October",
        "26",
        " 2015"
      ],
      "review": "I'm a artist this ga me is so fun i always wanted to be a artist thank you for making this game",
      "review_date": [
        "October",
        "10",
        " 2015"
      ]
    },
    {
      "REQ_subtype": "",
      "REQ_type": "",
      "_id": 95,
      "author_id": "not defined",
      "author_name": "Margaret Murray",
      "helpful": "2",
      "polarity": "",
      "rate": 5,
      "response": "",
      "response_date": "",
      "review": "Love it so does my Granddaughter",
      "review_date": [
        "June",
        "8",
        " 2015"
      ]
    },
    {
      "REQ_subtype": "",
      "REQ_type": "",
      "_id": 96,
      "author_id": "not defined",
      "author_name": "Forgotten Universe",
      "helpful": "0",
      "polarity": "",
      "rate": 1,
      "response": "",
      "response_date": "",
      "review": "Doesn't load for note 4 please fix",
      "review_date": [
        "June",
        "6",
        " 2015"
      ]
    },
    {
      "REQ_subtype": "",
      "REQ_type": "",
      "_id": 97,
      "author_id": "not defined",
      "author_name": "plan with mai",
      "helpful": "0",
      "polarity": "",
      "rate": 5,
      "response": "",
      "response_date": "",
      "review": "This is so interesting but how you can collect you best drawings",
      "review_date": [
        "June",
        "13",
        " 2015"
      ]
    },
    {
      "REQ_subtype": "",
      "REQ_type": "",
      "_id": 98,
      "author_id": "not defined",
      "author_name": "Jalissa Greene",
      "helpful": "0",
      "polarity": "",
      "rate": 5,
      "response": "",
      "response_date": "",
      "review": "I  loveed   it",
      "review_date": [
        "June",
        "16",
        " 2015"
      ]
    },
    {
      "REQ_subtype": "",
      "REQ_type": "",
      "_id": 99,
      "author_id": "not defined",
      "author_name": "Kurstin Johnson",
      "helpful": "0",
      "polarity": "",
      "rate": 5,
      "response": "",
      "response_date": "",
      "review": "Fum game and Im 13",
      "review_date": [
        "June",
        "13",
        " 2015"
      ]
    },
    {
      "REQ_subtype": "",
      "REQ_type": "",
      "_id": 100,
      "author_id": "not defined",
      "author_name": "Helena Fox",
      "helpful": "1",
      "polarity": "",
      "rate": 5,
      "response": "",
      "response_date": "",
      "review": "This app is the best!!!",
      "review_date": [
        "June",
        "8",
        " 2015"
      ]
    },
    {
      "REQ_subtype": "",
      "REQ_type": "",
      "_id": 101,
      "author_id": "not defined",
      "author_name": "Marwa zaky",
      "helpful": "0",
      "polarity": "",
      "rate": 2,
      "response": "",
      "response_date": "",
      "review": "Doesnt work",
      "review_date": [
        "June",
        "6",
        " 2015"
      ]
    },
    {
      "REQ_subtype": "",
      "REQ_type": "",
      "_id": 102,
      "author_id": "not defined",
      "author_name": "Melissa Sack",
      "helpful": "0",
      "polarity": "",
      "rate": 5,
      "response": "",
      "response_date": "",
      "review": "My girl loves it and she's ten",
      "review_date": [
        "June",
        "5",
        " 2015"
      ]
    },
    {
      "REQ_subtype": "",
      "REQ_type": "",
      "_id": 103,
      "author_id": "not defined",
      "author_name": "Glenrose Mamaci",
      "helpful": "0",
      "polarity": "",
      "rate": 5,
      "response": "",
      "response_date": "",
      "review": "Awesome app my daughter lvs it",
      "review_date": [
        "June",
        "10",
        " 2015"
      ]
    },
    {
      "REQ_subtype": "",
      "REQ_type": "",
      "_id": 104,
      "author_id": "not defined",
      "author_name": "Fatima Anwar",
      "helpful": "0",
      "polarity": "",
      "rate": 5,
      "response": "",
      "response_date": "",
      "review": "I like it",
      "review_date": [
        "June",
        "21",
        " 2015"
      ]
    },
    {
      "REQ_subtype": "",
      "REQ_type": "",
      "_id": 105,
      "author_id": "not defined",
      "author_name": "Sneha Roy",
      "helpful": "0",
      "polarity": "",
      "rate": 4,
      "response": "",
      "response_date": "",
      "review": "I am a child. \u2665 this",
      "review_date": [
        "June",
        "11",
        " 2015"
      ]
    },
    {
      "REQ_subtype": "",
      "REQ_type": "",
      "_id": 106,
      "author_id": "not defined",
      "author_name": "Lily Allen",
      "helpful": "0",
      "polarity": "",
      "rate": 5,
      "response": "",
      "response_date": "",
      "review": "It the best",
      "review_date": [
        "June",
        "10",
        " 2015"
      ]
    },
    {
      "REQ_subtype": "",
      "REQ_type": "",
      "_id": 107,
      "author_id": "not defined",
      "author_name": "Enting Barroga",
      "helpful": "0",
      "polarity": "",
      "rate": 5,
      "response": "",
      "response_date": "",
      "review": "Cool game",
      "review_date": [
        "June",
        "20",
        " 2015"
      ]
    },
    {
      "REQ_subtype": "",
      "REQ_type": "",
      "_id": 108,
      "author_id": "not defined",
      "author_name": "Hastismart M.",
      "helpful": "0",
      "polarity": "",
      "rate": 5,
      "response": "",
      "response_date": "",
      "review": "I lllllllove it ...\u2661\u2661\u2661\u2661\u2661\u2661",
      "review_date": [
        "June",
        "23",
        " 2015"
      ]
    },
    {
      "REQ_subtype": "",
      "REQ_type": "",
      "_id": 109,
      "author_id": "not defined",
      "author_name": "Brett Ask",
      "helpful": "0",
      "polarity": "",
      "rate": 5,
      "response": "",
      "response_date": "",
      "review": "Great",
      "review_date": [
        "June",
        "5",
        " 2015"
      ]
    },
    {
      "REQ_subtype": "",
      "REQ_type": "",
      "_id": 110,
      "author_id": "not defined",
      "author_name": "Kaitlyn7066 Plays",
      "helpful": "0",
      "polarity": "",
      "rate": 5,
      "response": "",
      "response_date": "",
      "review": "Amazing!!!!!!!",
      "review_date": [
        "June",
        "12",
        " 2015"
      ]
    },
    {
      "REQ_subtype": "",
      "REQ_type": "",
      "_id": 111,
      "author_id": "not defined",
      "author_name": "george saliba",
      "helpful": "2",
      "polarity": "",
      "rate": 5,
      "response": "Thank you for review. Would you please try again install on Google Play Store? APK don't save your galaxy s4.",
      "response_date": [
        "May",
        "17",
        " 2015"
      ],
      "review": "Please need your's HELP.THANKS FOR ALL.",
      "review_date": [
        "May",
        "17",
        " 2015"
      ]
    },
    {
      "REQ_subtype": "",
      "REQ_type": "",
      "_id": 112,
      "author_id": "not defined",
      "author_name": "Jaky R cortez",
      "helpful": "0",
      "polarity": "",
      "rate": 5,
      "response": "Thank you for review :)",
      "response_date": [
        "May",
        "17",
        " 2015"
      ],
      "review": "Very good for younger siblings or your kids. Thanks for the app. It's really fun.",
      "review_date": [
        "May",
        "17",
        " 2015"
      ]
    },
    {
      "REQ_subtype": "",
      "REQ_type": "",
      "_id": 113,
      "author_id": "not defined",
      "author_name": "Tamil Arasu",
      "helpful": "1",
      "polarity": "",
      "rate": 5,
      "response": "Thank you for review :)",
      "response_date": [
        "May",
        "17",
        " 2015"
      ],
      "review": "very nice app you too use it ;-):-)",
      "review_date": [
        "May",
        "16",
        " 2015"
      ]
    },
    {
      "REQ_subtype": "",
      "REQ_type": "",
      "_id": 114,
      "author_id": "not defined",
      "author_name": "Priti Sharma",
      "helpful": "0",
      "polarity": "",
      "rate": 4,
      "response": "Thank you for review :)",
      "response_date": [
        "May",
        "17",
        " 2015"
      ],
      "review": "Good for children",
      "review_date": [
        "May",
        "17",
        " 2015"
      ]
    },
    {
      "REQ_subtype": "",
      "REQ_type": "",
      "_id": 115,
      "author_id": "not defined",
      "author_name": "Safia Mohiuddin",
      "helpful": "0",
      "polarity": "",
      "rate": 5,
      "response": "Thank you for review :)\nI think Junimong is exellent, too !",
      "response_date": [
        "May",
        "15",
        " 2015"
      ],
      "review": "Wonderful!!! Every thing is xellent \u2606\u2606\u2606\u2606\u2606\u2606\u2606\u2606\u2606\u2606\u2606\u2606\u2606\u2606\u2606\u2606\u2606\u2606\u2606\u2606\u2606\u2606\u2606\u2606\u2606\u2606\u2606\u2606\u2606\u2606\u2606\u2606\u2606\u2606\u2606\u2606\u2606\u2606\u2606\u2606\u2606\u2606\u2606\u2606\u2606\u2606\u2606\u2606   \ud83d\ude0a                  good work                      \ud83d\ude0a",
      "review_date": [
        "May",
        "14",
        " 2015"
      ]
    },
    {
      "REQ_subtype": "",
      "REQ_type": "",
      "_id": 116,
      "author_id": "not defined",
      "author_name": "Raeda Siddique",
      "helpful": "0",
      "polarity": "",
      "rate": 1,
      "response": "",
      "response_date": "",
      "review": "I keep trying to upload a picture and it loads for ages which causes other apps to slow down! Let's not talk about the lag.",
      "review_date": [
        "June",
        "18",
        " 2015"
      ]
    },
    {
      "REQ_subtype": "",
      "REQ_type": "",
      "_id": 117,
      "author_id": "not defined",
      "author_name": "ashley linn",
      "helpful": "0",
      "polarity": "",
      "rate": 5,
      "response": "",
      "response_date": "",
      "review": "This is sewedheart!!!!\u2605\u2606\u25a0\u25a1\u25cf\u25cb\u25aa\u00b0\u2022\u25a1\u25c7\u25c6\u00a4\u00b0\u2022\u00b0\u2661\u2665      :3 but a lot of peaple say mean things about me,but i just......ignore em and KILL EM in my mind.                                sorry fkr this stupid comment tho.DX",
      "review_date": [
        "January",
        "12",
        " 2016"
      ]
    },
    {
      "REQ_subtype": "",
      "REQ_type": "",
      "_id": 118,
      "author_id": "not defined",
      "author_name": "A Google user",
      "helpful": "0",
      "polarity": "",
      "rate": 1,
      "response": "",
      "response_date": "",
      "review": "No one on it is English, everyone is Japan and chinese... you can't get followers easily and the way it works sucks! Also my old account got deleted which had a lot of followers. I hate it! Don't waste your time and find a better app than this. No one is fair because you can never get likes, also you get bullied easily. Its so annoying when you work so hard on a drawing and it ends up getting only 2 likes",
      "review_date": [
        "March",
        "10",
        " 2018"
      ]
    },
    {
      "REQ_subtype": "",
      "REQ_type": "",
      "_id": 119,
      "author_id": "not defined",
      "author_name": "Romaine Noriega",
      "helpful": "0",
      "polarity": "",
      "rate": 5,
      "response": "",
      "response_date": "",
      "review": "but next time I want to block some kids because sometimes they're bad and bullying me",
      "review_date": [
        "April",
        "13",
        " 2016"
      ]
    },
    {
      "REQ_subtype": "",
      "REQ_type": "",
      "_id": 120,
      "author_id": "not defined",
      "author_name": "Bollywood Bozo",
      "helpful": "2",
      "polarity": "",
      "rate": 1,
      "response": "",
      "response_date": "",
      "review": "I tried signing up for it but it wouldn't let me! Also for half an hour I tried to find out how to get to the sign up/login and I pressed everywhere and then it let me get to sign up/login and I put in my nickname but that didn't work...ughh uninstalling!",
      "review_date": [
        "June",
        "6",
        " 2015"
      ]
    },
    {
      "REQ_subtype": "",
      "REQ_type": "",
      "_id": 121,
      "author_id": "not defined",
      "author_name": "A Google user",
      "helpful": "1",
      "polarity": "",
      "rate": 2,
      "response": "",
      "response_date": "",
      "review": "It takes too long to. Load and it forces itself to close it's very laggy and it made my phone slow",
      "review_date": [
        "June",
        "7",
        " 2015"
      ]
    },
    {
      "REQ_subtype": "",
      "REQ_type": "",
      "_id": 122,
      "author_id": "not defined",
      "author_name": "A Google user",
      "helpful": "0",
      "polarity": "",
      "rate": 1,
      "response": "Hello, If you noticed any inappropriate drawing or bullying, you can either report directly through the drawing, we have a function as  \"Flag as inappropriate\" at the bottom part of each drawing, please long press it and it will send report to us, or take screen shot and attach to us through email. Thank you",
      "response_date": [
        "November",
        "6",
        " 2015"
      ],
      "review": "There is not an option to report kids using foul language and bullying eachother.",
      "review_date": [
        "October",
        "30",
        " 2015"
      ]
    },
    {
      "REQ_subtype": "",
      "REQ_type": "",
      "_id": 123,
      "author_id": "not defined",
      "author_name": "Elvira ramos",
      "helpful": "0",
      "polarity": "",
      "rate": 5,
      "response": "",
      "response_date": "",
      "review": "Chooseanaccount chrome browser window downloaded from networks network administration foreshadowing divide between wwwbelkin52con INFORMATION CHOOSEANACCOUNT COMBATS BELKIN52CGUEST COMCAST cable television xfinilywifi system siyeupcgi administrator location discussion setting network administration foreshadowing divide between wwwbelkin52con information ramoselvira095@gmail. COM LOGIN SUPPORT CHROMOSOMAL LOGIN SUPPORT CHROMOSOMAL TELEVISION PASSWORD 3c927648 unfortunately",
      "review_date": [
        "July",
        "29",
        " 2015"
      ]
    },
    {
      "REQ_subtype": "",
      "REQ_type": "",
      "_id": 124,
      "author_id": "not defined",
      "author_name": "gianni Hardy",
      "helpful": "0",
      "polarity": "",
      "rate": 5,
      "response": "",
      "response_date": "",
      "review": "I love this app I had it my old tablet but I delete it cuz I need some more storage but you know I download on my new tablet and it's totally free and now I'm really really really excited to play it now",
      "review_date": [
        "June",
        "30",
        " 2016"
      ]
    },
    {
      "REQ_subtype": "",
      "REQ_type": "",
      "_id": 125,
      "author_id": "not defined",
      "author_name": "SniperDeul 20",
      "helpful": "0",
      "polarity": "",
      "rate": 5,
      "response": "",
      "response_date": "",
      "review": "I missed jubumong from my child hood when i was five and im 8 now oh how i miss it!!",
      "review_date": [
        "June",
        "24",
        " 2017"
      ]
    },
    {
      "REQ_subtype": "",
      "REQ_type": "",
      "_id": 126,
      "author_id": "not defined",
      "author_name": "paul cox",
      "helpful": "2",
      "polarity": "",
      "rate": 1,
      "response": "I'm so sorry. We had a problem but now problem is solved. Please retry your application. Thank you for review :)",
      "response_date": [
        "May",
        "16",
        " 2015"
      ],
      "review": "Does not work after entering nickname nothing happens",
      "review_date": [
        "May",
        "16",
        " 2015"
      ]
    },
    {
      "REQ_subtype": "",
      "REQ_type": "",
      "_id": 127,
      "author_id": "not defined",
      "author_name": "Alexis Johnson",
      "helpful": "0",
      "polarity": "",
      "rate": 3,
      "response": "",
      "response_date": "",
      "review": "This us a bad but good game",
      "review_date": [
        "July",
        "6",
        " 2015"
      ]
    },
    {
      "REQ_subtype": "",
      "REQ_type": "",
      "_id": 128,
      "author_id": "not defined",
      "author_name": "Annabelle Rocha",
      "helpful": "0",
      "polarity": "",
      "rate": 1,
      "response": "",
      "response_date": "",
      "review": "It won't even load I waited for an hour for it to load and it still hasn't worked",
      "review_date": [
        "July",
        "29",
        " 2015"
      ]
    },
    {
      "REQ_subtype": "",
      "REQ_type": "",
      "_id": 129,
      "author_id": "not defined",
      "author_name": "Hendra SIMMONS",
      "helpful": "0",
      "polarity": "",
      "rate": 1,
      "response": "",
      "response_date": "",
      "review": "This freaking  game  SUCKS  LIKE  HECK",
      "review_date": [
        "June",
        "13",
        " 2015"
      ]
    },
    {
      "REQ_subtype": "",
      "REQ_type": "",
      "_id": 130,
      "author_id": "not defined",
      "author_name": "Mary Yrish",
      "helpful": "0",
      "polarity": "",
      "rate": 1,
      "response": "",
      "response_date": "",
      "review": "This game stupid i have no space please big it and i delete bye bye you stupid game",
      "review_date": [
        "May",
        "17",
        " 2017"
      ]
    },
    {
      "REQ_subtype": "",
      "REQ_type": "",
      "_id": 131,
      "author_id": "not defined",
      "author_name": "Aftab Ali",
      "helpful": "0",
      "polarity": "",
      "rate": 1,
      "response": "",
      "response_date": "",
      "review": "The waste game in world in this game only please friends don't download this game",
      "review_date": [
        "June",
        "12",
        " 2015"
      ]
    },
    {
      "REQ_subtype": "",
      "REQ_type": "",
      "_id": 132,
      "author_id": "not defined",
      "author_name": "Darian Reyes",
      "helpful": "0",
      "polarity": "",
      "rate": 5,
      "response": "",
      "response_date": "",
      "review": "Ok y tiene el numero porke no tenia espacio para salir",
      "review_date": [
        "February",
        "29",
        " 2016"
      ]
    },
    {
      "REQ_subtype": "",
      "REQ_type": "",
      "_id": 133,
      "author_id": "not defined",
      "author_name": "Hoorulain Iqbal",
      "helpful": "0",
      "polarity": "",
      "rate": 5,
      "response": "",
      "response_date": "",
      "review": "Wow what a game its control children to handle \u2605 :-) super hit",
      "review_date": [
        "June",
        "3",
        " 2015"
      ]
    },
    {
      "REQ_subtype": "",
      "REQ_type": "",
      "_id": 134,
      "author_id": "not defined",
      "author_name": "Romaine Noriega",
      "helpful": "0",
      "polarity": "",
      "rate": 4,
      "response": "",
      "response_date": "",
      "review": "Some of the members are rude his name is  Aadhar",
      "review_date": [
        "October",
        "3",
        " 2015"
      ]
    },
    {
      "REQ_subtype": "",
      "REQ_type": "",
      "_id": 135,
      "author_id": "not defined",
      "author_name": "Mary Adjei",
      "helpful": "0",
      "polarity": "",
      "rate": 5,
      "response": "",
      "response_date": "",
      "review": "I needed it badly.",
      "review_date": [
        "June",
        "9",
        " 2015"
      ]
    },
    {
      "REQ_subtype": "",
      "REQ_type": "",
      "_id": 136,
      "author_id": "not defined",
      "author_name": "Marina Gl",
      "helpful": "0",
      "polarity": "",
      "rate": 4,
      "response": "",
      "response_date": "",
      "review": "I wish the login didn't take so long ; it froze halfway through and I didn't get to login to my account. Please fix this!",
      "review_date": [
        "February",
        "7",
        " 2016"
      ]
    },
    {
      "REQ_subtype": "",
      "REQ_type": "",
      "_id": 137,
      "author_id": "not defined",
      "author_name": "Shantal Yamile Soriano Riva",
      "helpful": "0",
      "polarity": "",
      "rate": 5,
      "response": "",
      "response_date": "",
      "review": "Me gusta mucho porque como se dibujar mucho jjjj dibujo paisajes hermosos y los colores est\u00e1n muy bellos",
      "review_date": [
        "November",
        "20",
        " 2015"
      ]
    },
    {
      "REQ_subtype": "",
      "REQ_type": "",
      "_id": 138,
      "author_id": "not defined",
      "author_name": "Maram EL JENNI",
      "helpful": "0",
      "polarity": "",
      "rate": 1,
      "response": "Thank you for review :) \nWould you please try again?",
      "response_date": [
        "May",
        "17",
        " 2015"
      ],
      "review": "I could not download it.",
      "review_date": [
        "May",
        "17",
        " 2015"
      ]
    },
    {
      "REQ_subtype": "",
      "REQ_type": "",
      "_id": 139,
      "author_id": "not defined",
      "author_name": "Kennedy Allen",
      "helpful": "0",
      "polarity": "",
      "rate": 2,
      "response": "",
      "response_date": "",
      "review": "It froze up on my iPhone 6 + but other then that I loved it and I'm 11",
      "review_date": [
        "June",
        "12",
        " 2015"
      ]
    },
    {
      "REQ_subtype": "",
      "REQ_type": "",
      "_id": 140,
      "author_id": "not defined",
      "author_name": "Isabella Balderaa",
      "helpful": "0",
      "polarity": "",
      "rate": 1,
      "response": "",
      "response_date": "",
      "review": "It was hard to find stuff",
      "review_date": [
        "July",
        "2",
        " 2015"
      ]
    },
    {
      "REQ_subtype": "",
      "REQ_type": "",
      "_id": 141,
      "author_id": "not defined",
      "author_name": "Maya cosma",
      "helpful": "0",
      "polarity": "",
      "rate": 4,
      "response": "",
      "response_date": "",
      "review": "\u0645\u0627 \u0628\u0639\u0631\u0641 \u0627\u0630\u0627 \u0643\u0627\u0646 \u062d\u0644\u0648 \u0648\u0644\u0647 \u0644\u0627 \u0628\u0633 \u0631\u0627\u062d \u062c\u0631\u0628\u0648 \u0627\u062a\u0645\u0646\u064a \u064a\u0643\u0648\u0646 \u062d\u0644\u0648",
      "review_date": [
        "August",
        "31",
        " 2016"
      ]
    },
    {
      "REQ_subtype": "",
      "REQ_type": "",
      "_id": 142,
      "author_id": "not defined",
      "author_name": "Kristen Fleischer",
      "helpful": "0",
      "polarity": "",
      "rate": 1,
      "response": "",
      "response_date": "",
      "review": "Would not download",
      "review_date": [
        "June",
        "11",
        " 2015"
      ]
    },
    {
      "REQ_subtype": "",
      "REQ_type": "",
      "_id": 143,
      "author_id": "not defined",
      "author_name": "Pita Gutierrez",
      "helpful": "0",
      "polarity": "",
      "rate": 4,
      "response": "",
      "response_date": "",
      "review": "There's a user named Star bubble bullien me please  report him",
      "review_date": [
        "September",
        "5",
        " 2016"
      ]
    },
    {
      "REQ_subtype": "",
      "REQ_type": "",
      "_id": 144,
      "author_id": "not defined",
      "author_name": "Kyra .vs.diy's Subscribe",
      "helpful": "0",
      "polarity": "",
      "rate": 1,
      "response": "",
      "response_date": "",
      "review": "The  new  year  sexsexsexsexsexdexsexsexsexsexsexsex",
      "review_date": [
        "June",
        "17",
        " 2015"
      ]
    },
    {
      "REQ_subtype": "",
      "REQ_type": "",
      "_id": 145,
      "author_id": "not defined",
      "author_name": "jose gonzales",
      "helpful": "0",
      "polarity": "",
      "rate": 5,
      "response": "",
      "response_date": "",
      "review": "I Think its so fun those 1 star peeps suck",
      "review_date": [
        "August",
        "7",
        " 2015"
      ]
    },
    {
      "REQ_subtype": "",
      "REQ_type": "",
      "_id": 146,
      "author_id": "not defined",
      "author_name": "RMRM_496 \u0627\u0642\u0648\u0644 \u0639\u0631\u0628\u064a\u0647 \u062b\u0645\u064a\u0646 \u0646\u0632\u064a\u0644",
      "helpful": "0",
      "polarity": "",
      "rate": 5,
      "response": "",
      "response_date": "",
      "review": "\u0627\u0644\u0639\u0628\u0647 \u0645\u0627\u0634\u0627\u0621 \u0627\u0644\u0644\u0647 \u062a\u0628\u0627\u0631\u0643 \u0627\u0644\u0631\u062d\u0645\u0646 \u062a\u0623\u062e\u0630 500000,0000\u2605\u062a\u0633\u062a\u0627\u0647\u0644",
      "review_date": [
        "August",
        "10",
        " 2015"
      ]
    },
    {
      "REQ_subtype": "",
      "REQ_type": "",
      "_id": 147,
      "author_id": "not defined",
      "author_name": "Ayling Vindel",
      "helpful": "0",
      "polarity": "",
      "rate": 5,
      "response": "",
      "response_date": "",
      "review": "My baby sister has this game and she is just 3 years old and I am 8years old",
      "review_date": [
        "August",
        "19",
        " 2015"
      ]
    },
    {
      "REQ_subtype": "",
      "REQ_type": "",
      "_id": 148,
      "author_id": "not defined",
      "author_name": "Mohammad Mussa",
      "helpful": "0",
      "polarity": "",
      "rate": 5,
      "response": "We feel honour too! Thanks for loving our app :)",
      "response_date": [
        "October",
        "26",
        " 2015"
      ],
      "review": "Me and my little bro love this game thank you for making this game\ud83d\ude3b\ud83d\ude1d\ud83d\ude1c\ud83d\ude0b\ud83d\ude4b\ud83d\ude4c",
      "review_date": [
        "October",
        "21",
        " 2015"
      ]
    },
    {
      "REQ_subtype": "",
      "REQ_type": "",
      "_id": 149,
      "author_id": "not defined",
      "author_name": "Oumou Ly",
      "helpful": "0",
      "polarity": "",
      "rate": 1,
      "response": "",
      "response_date": "",
      "review": "S",
      "review_date": [
        "August",
        "8",
        " 2015"
      ]
    },
    {
      "REQ_subtype": "",
      "REQ_type": "",
      "_id": 150,
      "author_id": "not defined",
      "author_name": "Huzaifa Khadim",
      "helpful": "0",
      "polarity": "",
      "rate": 1,
      "response": "",
      "response_date": "",
      "review": "This is so bad game",
      "review_date": [
        "June",
        "4",
        " 2018"
      ]
    },
    {
      "REQ_subtype": "",
      "REQ_type": "",
      "_id": 151,
      "author_id": "not defined",
      "author_name": "Jesserie venice Chavez",
      "helpful": "0",
      "polarity": "",
      "rate": 5,
      "response": "",
      "response_date": "",
      "review": "Its super awesome keep up the good work on this",
      "review_date": [
        "June",
        "11",
        " 2015"
      ]
    },
    {
      "REQ_subtype": "",
      "REQ_type": "",
      "_id": 152,
      "author_id": "not defined",
      "author_name": "Karen Rideout",
      "helpful": "0",
      "polarity": "",
      "rate": 5,
      "response": "",
      "response_date": "",
      "review": "The Villa thing",
      "review_date": [
        "June",
        "8",
        " 2015"
      ]
    },
    {
      "REQ_subtype": "",
      "REQ_type": "",
      "_id": 153,
      "author_id": "not defined",
      "author_name": "Vishu Soni",
      "helpful": "0",
      "polarity": "",
      "rate": 5,
      "response": "",
      "response_date": "",
      "review": "Because this game has tell me how to do it",
      "review_date": [
        "June",
        "20",
        " 2015"
      ]
    },
    {
      "REQ_subtype": "",
      "REQ_type": "",
      "_id": 154,
      "author_id": "not defined",
      "author_name": "Hemani Jhanji",
      "helpful": "0",
      "polarity": "",
      "rate": 1,
      "response": "",
      "response_date": "",
      "review": "Took more than 1 hour  to download. Rubishhhh",
      "review_date": [
        "May",
        "17",
        " 2015"
      ]
    },
    {
      "REQ_subtype": "",
      "REQ_type": "",
      "_id": 155,
      "author_id": "not defined",
      "author_name": "Khandi White",
      "helpful": "0",
      "polarity": "",
      "rate": 1,
      "response": "",
      "response_date": "",
      "review": "I'm sorry but i don't like when space is full",
      "review_date": [
        "February",
        "23",
        " 2016"
      ]
    },
    {
      "REQ_subtype": "",
      "REQ_type": "",
      "_id": 156,
      "author_id": "not defined",
      "author_name": "Angelo Gonzales",
      "helpful": "0",
      "polarity": "",
      "rate": 1,
      "response": "",
      "response_date": "",
      "review": "I want to gamea",
      "review_date": [
        "September",
        "5",
        " 2015"
      ]
    },
    {
      "REQ_subtype": "",
      "REQ_type": "",
      "_id": 157,
      "author_id": "not defined",
      "author_name": "nusrat Khan",
      "helpful": "0",
      "polarity": "",
      "rate": 5,
      "response": "",
      "response_date": "",
      "review": "Wonderful game I like it very much u play and enjoy bbbyee",
      "review_date": [
        "June",
        "12",
        " 2015"
      ]
    },
    {
      "REQ_subtype": "",
      "REQ_type": "",
      "_id": 158,
      "author_id": "not defined",
      "author_name": "Meenu Malhotra",
      "helpful": "0",
      "polarity": "",
      "rate": 3,
      "response": "",
      "response_date": "",
      "review": "Interesting Only 4 kids...nothing special to  appreciate",
      "review_date": [
        "February",
        "29",
        " 2016"
      ]
    },
    {
      "REQ_subtype": "",
      "REQ_type": "",
      "_id": 159,
      "author_id": "not defined",
      "author_name": "\u0645\u062d\u0645\u062f \u0634\u062d\u0627\u062a\u0647",
      "helpful": "0",
      "polarity": "",
      "rate": 5,
      "response": "",
      "response_date": "",
      "review": "\u062b\u062e\u0627\u0627\u0627\u0644\u0644\u0644\u0627\u0627\u0627\u0627\u0644\ufefb\ufefb\u0644\u0627\u0644\u063a\u063a\u063a\u063a\u0627\u062a\u063a\u0627\u0627\u0627\u0639\u063a\u063a\u0639\u0639\u0639\u0639\u063a\u0627\u0627\u0644\u063a\u063a\u0639\u0627\u063a\u0639\u0639\u0639\u0639\u063a\u063a\u0627\u063a\u063a\u063a\u063a\u0627\u063a\u063a\u0627\u0627\u0627\u063a\u063a\u0627\u0646\u0646\u0648\u0646\u0639\u062a\u062a\u0627\u0627\u0627\u0644\u0644\u0644\u0627\ufefb\u0644\u0644\u0644\u0644\u0631\ufefb\u0644\u0644\u0628\u0628\u0631\u0624\u0633\u0621\u0621\u0624\u064a\u0628\u0628\u0631\u0624 \u0627\u0631\u0631\u0631\u0631\ufefb\u0644\u0644\u0644\u0644\u0644\u0624\u0624\u0631\u0627\ufefb\u0644\u0627\u0644\ufefb\u0631\u0628\u0644\u0644\u0627\u0627\u0627\u0627\u0627\u0627\u0644\u0631\ufefb\u0631\u0627\u0649\u0644\u0631\u0631\u0631\u0631\u0631\u0631\ufefb \u0627\u0627\u0627\u0627\u062a\ufefb \u0643\u062e\u0627\u0627\u062a\u062a\u0639\u0647\ufefb\u0627\u062a\u0644\ufefb\u0627\ufefb\ufefb\u0644\u0644\u0644\ufefb\u0644\u0628\u063a\u0627\u0644\u0644\u0644\u0644\u0644\u063a\u0639\u0627\u0627\u063a\u0639\u0646\u0639\u062a\u0627\u062a\u0627\u0627\u0649\u0627\u062a\u062a\u062a\u062a\u0646\u062a\u062a\u0646\u062a\u062a\u062a\u062a\u062a\u0646\u062a\u062e\u0647\u062e\u0627\u0628\u063a\u062a\u0627\u0627\u0627\u0627\u0627\u0629\u0627\u0649",
      "review_date": [
        "June",
        "11",
        " 2015"
      ]
    }
  ],
  "size": "34",
  "url": "https://play.google.com/store/apps/details?id=com.Junimong.Junimong",
  "version": "2.00.90"
}