{
  "categories": [
    "Health & Fitness"
  ],
  "description": "Join millions of Runtastic users who have experienced mountain biking on a whole new level with the free Runtastic Mountain Bike app. This MTB app offers everything a hobby biker, BMX rider or professional mountain biker could ever need.Our offline maps have got you covered so you can track your ride and enjoy the most remote, untouched scenic trails.MOUNTAIN BIKE APP FEATURES & BENEFITS: (limited in free version)* Track MTB tours via GPS: Duration, distance, elevation gain, pace, calories burned, etc.* Voice Coach: Keeps you posted on speed, distance, elevation gain, etc.* Browse & search thousands of mountain bike routes (available in the app & on Runtastic.com)* LIVE Tracking: Go LIVE, show your friends where & how fast you\u2019re riding and get cheered on* Maps (Google Maps): Get details on your current location* Offline maps: Download & save maps to your smartphone to use them without internet connection* Colored Traces (speed, elevation, climb rate, heart rate, etc.)* Detailed analysis of your MTB tour incl. start and end point* Display your current rate of climb during a tour (elevation gain/minute)* Show current grade in % * Measure your cadence & speed when on the trails with the Runtastic Speed & Cadence Sensor (Bluetooth Low Energy)* Heart rate measurement (with additional hardware)* Configure your display: You choose which values are shown during your MTB rides* Music: Create a playlist for your tours & activate your Powersong to boost motivation!* Auto Pause (with Speed & Cadence Sensor)* Split Tables: Analysis of each split of your mountain bike trek* Detailed post-tour analysis incl. time rode uphill, downhill, flat * Provides info on wind & weather conditions* Comprehensive training log: Statistics, graphs & progress* Share your mountain bike activities on Google+, Facebook, Twitter and via emailCOMPATIBLE BIKING HARDWARE:* Runtastic Heart Rate Combo Monitor* Runtastic Speed & Cadence Sensor (Bluetooth Low Energy)* Runtastic Bike Case for Android Smartphones* Runtastic Sports ArmbandYou can upload all your MTB workouts to Runtastic.com, if desired, where they\u2019re automatically added to your training log. Runtastic.com offers detailed information on your MTB acvitities, plus you can compare your BMX, downhill or mountain bike performance to your friends\u2019. These and further benefits help you keep motivated, improve your MTB training & reach your personal fitness goals.Get the free Runtastic Mountain Bike app now!Runtastic is all about health & fitness apps! Check out more of our apps to help you reach your fitness goals at http://play.google.com/store/search?q=pub:Runtastic",
  "inc": "Runtastic",
  "intalled_count": "1,000,000",
  "last_update": [
    "May",
    "24",
    " 2018"
  ],
  "name": "Runtastic Mountain Bike GPS Tracker",
  "offered_by": "Google Commerce Ltd",
  "permissions": {
    "Device & app history": [
      "retrieve running apps"
    ],
    "Identity": [
      "find accounts on the device",
      "add or remove accounts"
    ],
    "Contacts": [
      "find accounts on the device",
      "read your contacts"
    ],
    "Location": [
      "approximate location (network-based)",
      "precise location (GPS and network-based)"
    ],
    "Photos/Media/Files": [
      "read the contents of your USB storage",
      "read the contents of your USB storage",
      "modify or delete the contents of your USB storage",
      "modify or delete the contents of your USB storage"
    ],
    "Storage": [
      "read the contents of your USB storage",
      "read the contents of your USB storage",
      "modify or delete the contents of your USB storage",
      "modify or delete the contents of your USB storage"
    ],
    "Microphone": [
      "record audio"
    ],
    "Other": [
      "control media playback and metadata access",
      "receive data from Internet",
      "view network connections",
      "create accounts and set passwords",
      "pair with Bluetooth devices",
      "access Bluetooth settings",
      "full network access",
      "run at startup",
      "draw over other apps",
      "use accounts on the device",
      "control vibration",
      "prevent device from sleeping",
      "Google Play license check",
      "read Google service configuration"
    ]
  },
  "price": "",
  "rate": [
    [
      "50,605",
      "4.5"
    ],
    [
      "34,194",
      "5"
    ],
    [
      "10,975",
      "4"
    ],
    [
      "2,471",
      "3"
    ],
    [
      "1,047",
      "2"
    ],
    [
      "1,918",
      "1"
    ]
  ],
  "required_android": "4.4",
  "reviews": [
    {
      "REQ_subtype": "",
      "REQ_type": "",
      "_id": 0,
      "author_id": "not defined",
      "author_name": "Mathias Lorson",
      "helpful": "0",
      "polarity": "",
      "rate": 5,
      "response": "",
      "response_date": "",
      "review": "Problem solved: just delete your Runtastic account in your device settings \nand it will work :) Not working on my Huawei mate 10 pro. Only start page \nwith loading icon...",
      "review_date": [
        "June",
        "13",
        " 2018"
      ]
    },
    {
      "REQ_subtype": "",
      "REQ_type": "",
      "_id": 1,
      "author_id": "not defined",
      "author_name": "A Google user",
      "helpful": "0",
      "polarity": "",
      "rate": 2,
      "response": "",
      "response_date": "",
      "review": "Very inaccurate. My bike computer is spot on and this app is way off of \neverything. Why go pro when free sucks so badly.",
      "review_date": [
        "June",
        "3",
        " 2018"
      ]
    },
    {
      "REQ_subtype": "",
      "REQ_type": "",
      "_id": 2,
      "author_id": "not defined",
      "author_name": "carlos andres toro",
      "helpful": "15",
      "polarity": "",
      "rate": 1,
      "response": "",
      "response_date": "",
      "review": "Can't open after installation. Doesn't start the app. I'm using HTC U11",
      "review_date": [
        "April",
        "29",
        " 2018"
      ]
    },
    {
      "REQ_subtype": "",
      "REQ_type": "",
      "_id": 3,
      "author_id": "not defined",
      "author_name": "Denise Burrell",
      "helpful": "0",
      "polarity": "",
      "rate": 1,
      "response": "",
      "response_date": "",
      "review": "I use Runtastic for running so I thought I would download this for biking. Can't even get past the \"getting started\" pages when I open the app. Using galaxy s9",
      "review_date": [
        "April",
        "10",
        " 2018"
      ]
    },
    {
      "REQ_subtype": "",
      "REQ_type": "",
      "_id": 4,
      "author_id": "not defined",
      "author_name": "Xavier DALMAU MARTI",
      "helpful": "0",
      "polarity": "",
      "rate": 4,
      "response": "",
      "response_date": "",
      "review": "Easy to set and install devices",
      "review_date": [
        "May",
        "19",
        " 2018"
      ]
    },
    {
      "REQ_subtype": "",
      "REQ_type": "",
      "_id": 5,
      "author_id": "not defined",
      "author_name": "Don Ovan",
      "helpful": "0",
      "polarity": "",
      "rate": 5,
      "response": "",
      "response_date": "",
      "review": "Good App!",
      "review_date": [
        "May",
        "16",
        " 2018"
      ]
    },
    {
      "REQ_subtype": "",
      "REQ_type": "",
      "_id": 6,
      "author_id": "not defined",
      "author_name": "Hemant Gaikwad",
      "helpful": "19",
      "polarity": "",
      "rate": 1,
      "response": "",
      "response_date": "",
      "review": "Can't open after installation, I am using moto g5s plus mob",
      "review_date": [
        "February",
        "24",
        " 2018"
      ]
    },
    {
      "REQ_subtype": "",
      "REQ_type": "",
      "_id": 7,
      "author_id": "not defined",
      "author_name": "Elvis Ch",
      "helpful": "0",
      "polarity": "",
      "rate": 5,
      "response": "",
      "response_date": "",
      "review": "Very relieable app for recreation cyclists. Even if its free version it has a lot of  useful features. I'm using it for years now and dont need anything better.",
      "review_date": [
        "March",
        "9",
        " 2018"
      ]
    },
    {
      "REQ_subtype": "",
      "REQ_type": "",
      "_id": 8,
      "author_id": "not defined",
      "author_name": "A Google user",
      "helpful": "3",
      "polarity": "",
      "rate": 2,
      "response": "",
      "response_date": "",
      "review": "Wouldn't let me look iin or even create an account",
      "review_date": [
        "March",
        "12",
        " 2018"
      ]
    },
    {
      "REQ_subtype": "",
      "REQ_type": "",
      "_id": 9,
      "author_id": "not defined",
      "author_name": "Jelwin Geuan",
      "helpful": "6",
      "polarity": "",
      "rate": 5,
      "response": "",
      "response_date": "",
      "review": "That's great!",
      "review_date": [
        "March",
        "21",
        " 2018"
      ]
    },
    {
      "REQ_subtype": "",
      "REQ_type": "",
      "_id": 10,
      "author_id": "not defined",
      "author_name": "Arquimedes L\u00f3pez",
      "helpful": "0",
      "polarity": "",
      "rate": 4,
      "response": "",
      "response_date": "",
      "review": "It need to add the leader board for bike... Please, do it...",
      "review_date": [
        "February",
        "15",
        " 2018"
      ]
    },
    {
      "REQ_subtype": "",
      "REQ_type": "",
      "_id": 11,
      "author_id": "not defined",
      "author_name": "Caleb Cook",
      "helpful": "1",
      "polarity": "",
      "rate": 5,
      "response": "",
      "response_date": "",
      "review": "Great",
      "review_date": [
        "April",
        "6",
        " 2018"
      ]
    },
    {
      "REQ_subtype": "",
      "REQ_type": "",
      "_id": 12,
      "author_id": "not defined",
      "author_name": "James Blackie",
      "helpful": "0",
      "polarity": "",
      "rate": 2,
      "response": "",
      "response_date": "",
      "review": "Doesn't recognise my Sony SmartBand 2. Even though I have it connected to my phone the app doesn't sync with it.",
      "review_date": [
        "October",
        "29",
        " 2017"
      ]
    },
    {
      "REQ_subtype": "",
      "REQ_type": "",
      "_id": 13,
      "author_id": "not defined",
      "author_name": "Paul McMahon",
      "helpful": "0",
      "polarity": "",
      "rate": 2,
      "response": "",
      "response_date": "",
      "review": "Free version is feature poor.   I would have upgraded to pro but was put off because: * The interface is not intuitive * Doco on supported devices is limited and I can't check if my devices work with the app because the features are disabled * It's unclear which features are fully functional in pro and which require a premium subscription.   I was torn wether to go with two stars or three. The features that aren't disabled seem to work, however I don't consider it a complete app.",
      "review_date": [
        "December",
        "29",
        " 2017"
      ]
    },
    {
      "REQ_subtype": "",
      "REQ_type": "",
      "_id": 14,
      "author_id": "not defined",
      "author_name": "Zodinmawia Pachuau",
      "helpful": "4",
      "polarity": "",
      "rate": 3,
      "response": "",
      "response_date": "",
      "review": "Whenever i change the units to metric from imperial, it will revert back to imperial in 2 or 3 days. I wish there is a way to change permanently",
      "review_date": [
        "February",
        "13",
        " 2018"
      ]
    },
    {
      "REQ_subtype": "",
      "REQ_type": "",
      "_id": 15,
      "author_id": "not defined",
      "author_name": "Anton Petrov",
      "helpful": "0",
      "polarity": "",
      "rate": 4,
      "response": "",
      "response_date": "",
      "review": "Hi! I have only one question. What's the difference between Road Bike app and MTB Bike app? I really don't know the answer. There is no even settings for wheels, size of the frame, cranks and so on.",
      "review_date": [
        "July",
        "8",
        " 2017"
      ]
    },
    {
      "REQ_subtype": "",
      "REQ_type": "",
      "_id": 16,
      "author_id": "not defined",
      "author_name": "Jeffery Barrett",
      "helpful": "0",
      "polarity": "",
      "rate": 1,
      "response": "Hi Jeffery, It sounds like that you have accidentally created a second account. have you already submitted your problem to our Support Team? If not, please submit a ticket to us at help.runtastic.com. We look forward to helping you resolve this issue.",
      "response_date": [
        "July",
        "4",
        " 2017"
      ],
      "review": "\ud83d\ude20 angry! Added runtastics mountain bike app and it erased all my runtastic running history. Why did this happen? Considering deleting both apps.",
      "review_date": [
        "June",
        "19",
        " 2017"
      ]
    },
    {
      "REQ_subtype": "",
      "REQ_type": "",
      "_id": 17,
      "author_id": "not defined",
      "author_name": "Mike",
      "helpful": "0",
      "polarity": "",
      "rate": 2,
      "response": "Hi Mike. Those details are required when registering with Runtastic and opening a new account.  When you would not like to share those details with other users, you can change it under privacy settings at runtastic.com.",
      "response_date": [
        "July",
        "4",
        " 2017"
      ],
      "review": "Wants your contacts and your date of birth. Why? way to much info that's not need to go riding.",
      "review_date": [
        "July",
        "4",
        " 2017"
      ]
    },
    {
      "REQ_subtype": "",
      "REQ_type": "",
      "_id": 18,
      "author_id": "not defined",
      "author_name": "\u0410\u043d\u0442\u043e\u043d \u041f\u0440\u043e\u0442\u0447\u0435\u043d\u043a\u043e :3",
      "helpful": "0",
      "polarity": "",
      "rate": 3,
      "response": "",
      "response_date": "",
      "review": "If I already have a runtastic running app which has all these functions,why on earth I should download these MTB and cycling apps?can anybody explain me,please..",
      "review_date": [
        "September",
        "21",
        " 2017"
      ]
    },
    {
      "REQ_subtype": "",
      "REQ_type": "",
      "_id": 19,
      "author_id": "not defined",
      "author_name": "Dean G",
      "helpful": "0",
      "polarity": "",
      "rate": 1,
      "response": "Hi Dean, integrating your social media accounts with Runtastic is not a must, only based on the decision of the user.",
      "response_date": [
        "July",
        "4",
        " 2017"
      ],
      "review": "Wants social media logins to use app, no respect for privacy.",
      "review_date": [
        "May",
        "21",
        " 2017"
      ]
    },
    {
      "REQ_subtype": "",
      "REQ_type": "",
      "_id": 20,
      "author_id": "not defined",
      "author_name": "Luis Mu\u00f1oz",
      "helpful": "0",
      "polarity": "",
      "rate": 1,
      "response": "",
      "response_date": "",
      "review": "La utilic\u00e9 por a\u00f1os y ni un problema, pero en el \u00faltimo tiempo no se puede iniciar sesion, pese a estar registrado en la pagina de runtastic",
      "review_date": [
        "December",
        "23",
        " 2017"
      ]
    },
    {
      "REQ_subtype": "",
      "REQ_type": "",
      "_id": 21,
      "author_id": "not defined",
      "author_name": "Abgr Xenda",
      "helpful": "0",
      "polarity": "",
      "rate": 1,
      "response": "",
      "response_date": "",
      "review": "The app submit the cycle session to google fit average speed in m/h while the value is k/h",
      "review_date": [
        "May",
        "3",
        " 2017"
      ]
    },
    {
      "REQ_subtype": "",
      "REQ_type": "",
      "_id": 22,
      "author_id": "not defined",
      "author_name": "Emmanuel Wolf",
      "helpful": "0",
      "polarity": "",
      "rate": 5,
      "response": "",
      "response_date": "",
      "review": "Excellent! I love that I can track my speed workout the need for a separate bike computer.",
      "review_date": [
        "September",
        "23",
        " 2017"
      ]
    },
    {
      "REQ_subtype": "",
      "REQ_type": "",
      "_id": 23,
      "author_id": "not defined",
      "author_name": "Frabk Stein",
      "helpful": "0",
      "polarity": "",
      "rate": 1,
      "response": "Hello Frabk, thank you for your feedback. Please contact our Support Team at help.runtastic.com, we will check the GPS issue specifically for your phone and Runtastic version and find an individual solution.",
      "response_date": [
        "July",
        "20",
        " 2017"
      ],
      "review": "Doesn't track!!! One time it worked. But two times 0.05km.",
      "review_date": [
        "July",
        "13",
        " 2017"
      ]
    },
    {
      "REQ_subtype": "",
      "REQ_type": "",
      "_id": 24,
      "author_id": "not defined",
      "author_name": "Dave Hearrell",
      "helpful": "1",
      "polarity": "",
      "rate": 5,
      "response": "",
      "response_date": "",
      "review": "Awesome for a free app.",
      "review_date": [
        "February",
        "22",
        " 2018"
      ]
    },
    {
      "REQ_subtype": "",
      "REQ_type": "",
      "_id": 25,
      "author_id": "not defined",
      "author_name": "Dennis Capatan",
      "helpful": "0",
      "polarity": "",
      "rate": 5,
      "response": "",
      "response_date": "",
      "review": "Nice apps, very useful.. Accurate..!",
      "review_date": [
        "August",
        "4",
        " 2017"
      ]
    },
    {
      "REQ_subtype": "",
      "REQ_type": "",
      "_id": 26,
      "author_id": "not defined",
      "author_name": "Andi Faisal",
      "helpful": "0",
      "polarity": "",
      "rate": 5,
      "response": "",
      "response_date": "",
      "review": "Good",
      "review_date": [
        "December",
        "24",
        " 2017"
      ]
    },
    {
      "REQ_subtype": "",
      "REQ_type": "",
      "_id": 27,
      "author_id": "not defined",
      "author_name": "Md Kazi Arif",
      "helpful": "0",
      "polarity": "",
      "rate": 5,
      "response": "",
      "response_date": "",
      "review": "Nice",
      "review_date": [
        "November",
        "12",
        " 2017"
      ]
    },
    {
      "REQ_subtype": "",
      "REQ_type": "",
      "_id": 28,
      "author_id": "not defined",
      "author_name": "Peter Szabados",
      "helpful": "0",
      "polarity": "",
      "rate": 4,
      "response": "",
      "response_date": "",
      "review": "It's a trustful app with a nice interface and a lot of statistics about your trip. Maybe the only disadvantage that it does not have turn-by-turn navigation. You can select your next trip from a large collection created by the community. After the trip you can rate the tour and it's important because sometimes the tour does not match the description. So watch the ratings before you select a route! Battery consumption is also moderate. I like it!",
      "review_date": [
        "September",
        "25",
        " 2016"
      ]
    },
    {
      "REQ_subtype": "",
      "REQ_type": "",
      "_id": 29,
      "author_id": "not defined",
      "author_name": "Josh P",
      "helpful": "0",
      "polarity": "",
      "rate": 1,
      "response": "",
      "response_date": "",
      "review": "I'm not sure what happened, because I never had this problem before. But twice now as soon as I went on a ride it said GPS signal lost and then only recorded in .01 of a mile. But tracks the time. I don't have problems with my GPS using it any other time other than with this app. HTC One M9",
      "review_date": [
        "March",
        "31",
        " 2016"
      ]
    },
    {
      "REQ_subtype": "",
      "REQ_type": "",
      "_id": 30,
      "author_id": "not defined",
      "author_name": "Ismaeel Ali",
      "helpful": "6",
      "polarity": "",
      "rate": 5,
      "response": "",
      "response_date": "",
      "review": "Its a good app keeping me fit. Just one idea. Make it so that if we have a crash you message our emergency contacts. But after 30 deconds unless we press the button sayinf in fine. Good idea?",
      "review_date": [
        "April",
        "2",
        " 2017"
      ]
    },
    {
      "REQ_subtype": "",
      "REQ_type": "",
      "_id": 31,
      "author_id": "not defined",
      "author_name": "Alky R",
      "helpful": "0",
      "polarity": "",
      "rate": 4,
      "response": "",
      "response_date": "",
      "review": "I downloaded this app and used it in a couple of times.  It seemed to be working fine.  I like the GUI and how all the info is displayed.  The unfortunate thing for me, is that it screws my GPS signal.  I almost sent my phone back to manufacturer.  I did a reset of phone an GPS was back to normal.  So then I started to reinstall all my apps and when I reinstalled this app, my GPS was not working once again.  I had to uninstall it and am currently looking for a new app that will not mess up my GPS. I have a LG Stylo, just in case any update can fix the issue.",
      "review_date": [
        "July",
        "2",
        " 2016"
      ]
    },
    {
      "REQ_subtype": "",
      "REQ_type": "",
      "_id": 32,
      "author_id": "not defined",
      "author_name": "Andrew Martin",
      "helpful": "0",
      "polarity": "",
      "rate": 1,
      "response": "",
      "response_date": "",
      "review": "I used this for a while, and it seemed to work fine, but now, it won't let me use the app without signing in. The crazy thing is, I already have an account (which I signed up for when I first got introduced to Run faster), but when I attempt to sing in (in the app), it says the email address is invalid or something. Then, I go to their website (on the same phone's web browser) and sign in and it lets me in there just fine. Come on, man! Why can't I just simply use the app?",
      "review_date": [
        "July",
        "26",
        " 2016"
      ]
    },
    {
      "REQ_subtype": "",
      "REQ_type": "",
      "_id": 33,
      "author_id": "not defined",
      "author_name": "Andrej Gieci",
      "helpful": "2",
      "polarity": "",
      "rate": 4,
      "response": "",
      "response_date": "",
      "review": "Nice app. Use it for cycling. I would appreciate to expand type of activities into skiing and/or snowboarding. I use the app to track also these activities but there is no way to distinguish them from cycling",
      "review_date": [
        "May",
        "29",
        " 2017"
      ]
    },
    {
      "REQ_subtype": "",
      "REQ_type": "",
      "_id": 34,
      "author_id": "not defined",
      "author_name": "craig",
      "helpful": "0",
      "polarity": "",
      "rate": 3,
      "response": "",
      "response_date": "",
      "review": "Cant input correct kcal if you use ypur own heart rate monitor.  Values are always very out with Runtastic!  Dont update! !!!",
      "review_date": [
        "April",
        "1",
        " 2016"
      ]
    },
    {
      "REQ_subtype": "",
      "REQ_type": "",
      "_id": 35,
      "author_id": "not defined",
      "author_name": "Nitish Bhugun",
      "helpful": "0",
      "polarity": "",
      "rate": 1,
      "response": "",
      "response_date": "",
      "review": "No precision now,  shows me going in a straight line when I'm going around turning right left.. Please fix",
      "review_date": [
        "March",
        "6",
        " 2016"
      ]
    },
    {
      "REQ_subtype": "",
      "REQ_type": "",
      "_id": 36,
      "author_id": "not defined",
      "author_name": "Timothy Walding",
      "helpful": "0",
      "polarity": "",
      "rate": 2,
      "response": "",
      "response_date": "",
      "review": "I am so sad. Loved the app, but it does not work now and all of my history is gone. Poop",
      "review_date": [
        "May",
        "5",
        " 2016"
      ]
    },
    {
      "REQ_subtype": "",
      "REQ_type": "",
      "_id": 37,
      "author_id": "not defined",
      "author_name": "Johan Meyer",
      "helpful": "0",
      "polarity": "",
      "rate": 2,
      "response": "",
      "response_date": "",
      "review": "Really enjoyed this app. Unfortunately some features got disabled after a while. Trying to make jou buy pro.",
      "review_date": [
        "September",
        "30",
        " 2016"
      ]
    },
    {
      "REQ_subtype": "",
      "REQ_type": "",
      "_id": 38,
      "author_id": "not defined",
      "author_name": "Ben Bayes",
      "helpful": "0",
      "polarity": "",
      "rate": 1,
      "response": "",
      "response_date": "",
      "review": "Crashes WHEN NOT EVEN RUNNING, all the time whenever any music app plays on Android Nougat. Extremely annoying this bug has never gotten fixed, like it was with the regular Runtastic app, half a year ago.",
      "review_date": [
        "November",
        "18",
        " 2016"
      ]
    },
    {
      "REQ_subtype": "",
      "REQ_type": "",
      "_id": 39,
      "author_id": "not defined",
      "author_name": "Dane Hauser",
      "helpful": "0",
      "polarity": "",
      "rate": 1,
      "response": "Hello Dane! We really appreciate your input. Is this something you've already contacted our Support Team about? If not, please contact us at help.runtastic.com in order for us to help you resolve the issue. Thanks and have a great day! Your Runtastic Tam.",
      "response_date": [
        "May",
        "29",
        " 2017"
      ],
      "review": "Won't allow you to access history of your rides more than a few months back so you can't redo rides. Unfortunately I didn't take notes of WNC rides and all those routes are lost.",
      "review_date": [
        "May",
        "14",
        " 2017"
      ]
    },
    {
      "REQ_subtype": "",
      "REQ_type": "",
      "_id": 40,
      "author_id": "not defined",
      "author_name": "Ian Gilmartin",
      "helpful": "0",
      "polarity": "",
      "rate": 1,
      "response": "",
      "response_date": "",
      "review": "What the hell happened to this app? It went from working to not. What was useful and worked is now useless. Well done guys!",
      "review_date": [
        "April",
        "21",
        " 2016"
      ]
    },
    {
      "REQ_subtype": "",
      "REQ_type": "",
      "_id": 41,
      "author_id": "not defined",
      "author_name": "neil coomber",
      "helpful": "0",
      "polarity": "",
      "rate": 1,
      "response": "",
      "response_date": "",
      "review": "What have you done, its ruined. Since last update the auto pause wipes out all information except the route...  Its now useless for those burning kcals......",
      "review_date": [
        "August",
        "4",
        " 2016"
      ]
    },
    {
      "REQ_subtype": "",
      "REQ_type": "",
      "_id": 42,
      "author_id": "not defined",
      "author_name": "A Google user",
      "helpful": "0",
      "polarity": "",
      "rate": 1,
      "response": "",
      "response_date": "",
      "review": "why would a gps tracker need access to my device's body sensors? it might be a nice additioal feature, but the fact that the app is not useable without body sensor access rights is a no-go",
      "review_date": [
        "March",
        "31",
        " 2017"
      ]
    },
    {
      "REQ_subtype": "",
      "REQ_type": "",
      "_id": 43,
      "author_id": "not defined",
      "author_name": "Brett Scotland",
      "helpful": "0",
      "polarity": "",
      "rate": 5,
      "response": "",
      "response_date": "",
      "review": "But it said I did 52mins riding .73km GPS was on?",
      "review_date": [
        "March",
        "28",
        " 2016"
      ]
    },
    {
      "REQ_subtype": "",
      "REQ_type": "",
      "_id": 44,
      "author_id": "not defined",
      "author_name": "Federico De Faveri",
      "helpful": "0",
      "polarity": "",
      "rate": 1,
      "response": "",
      "response_date": "",
      "review": "It keeps running in background consuming battery also when not used.",
      "review_date": [
        "May",
        "10",
        " 2016"
      ]
    },
    {
      "REQ_subtype": "",
      "REQ_type": "",
      "_id": 45,
      "author_id": "not defined",
      "author_name": "Colin Mcmeckan",
      "helpful": "0",
      "polarity": "",
      "rate": 4,
      "response": "",
      "response_date": "",
      "review": "Cant sign in with my facebook account where all my statistics are saved...Very disappointed \ud83d\ude41",
      "review_date": [
        "March",
        "9",
        " 2017"
      ]
    },
    {
      "REQ_subtype": "",
      "REQ_type": "",
      "_id": 46,
      "author_id": "not defined",
      "author_name": "rick rosal",
      "helpful": "0",
      "polarity": "",
      "rate": 1,
      "response": "",
      "response_date": "",
      "review": "Biked almost 40km but recorded .3km only",
      "review_date": [
        "May",
        "11",
        " 2016"
      ]
    },
    {
      "REQ_subtype": "",
      "REQ_type": "",
      "_id": 47,
      "author_id": "not defined",
      "author_name": "sarabjyot chhatwal",
      "helpful": "0",
      "polarity": "",
      "rate": 2,
      "response": "",
      "response_date": "",
      "review": "The GPS signal lost every time",
      "review_date": [
        "August",
        "25",
        " 2016"
      ]
    },
    {
      "REQ_subtype": "",
      "REQ_type": "",
      "_id": 48,
      "author_id": "not defined",
      "author_name": "Gabriel Hyman",
      "helpful": "0",
      "polarity": "",
      "rate": 2,
      "response": "Hello Gabriel! Have you already submitted your problem to our Support Team? If not, please submit a ticket to us at help.runtastic.com. We look forward to helping you resolve this issue. Your Runtastic Team.",
      "response_date": [
        "March",
        "28",
        " 2017"
      ],
      "review": "How does a 17 minute hill climb of over 300ft measure the same number of calories as a 15 minute jaunt of only 39ft. NOT convinced by your sums.",
      "review_date": [
        "February",
        "24",
        " 2017"
      ]
    },
    {
      "REQ_subtype": "",
      "REQ_type": "",
      "_id": 49,
      "author_id": "not defined",
      "author_name": "Carlos Caporal",
      "helpful": "4",
      "polarity": "",
      "rate": 1,
      "response": "",
      "response_date": "",
      "review": "Was supposed to be free. Not adware.",
      "review_date": [
        "October",
        "10",
        " 2016"
      ]
    },
    {
      "REQ_subtype": "",
      "REQ_type": "",
      "_id": 50,
      "author_id": "not defined",
      "author_name": "David Boberg",
      "helpful": "0",
      "polarity": "",
      "rate": 1,
      "response": "",
      "response_date": "",
      "review": "I downloaded this app to my Samsung s7 and it will only measure time.",
      "review_date": [
        "October",
        "29",
        " 2016"
      ]
    },
    {
      "REQ_subtype": "",
      "REQ_type": "",
      "_id": 51,
      "author_id": "not defined",
      "author_name": "Raymund Joshua Mendoza",
      "helpful": "4",
      "polarity": "",
      "rate": 1,
      "response": "",
      "response_date": "",
      "review": "Fix the bugs",
      "review_date": [
        "August",
        "30",
        " 2016"
      ]
    },
    {
      "REQ_subtype": "",
      "REQ_type": "",
      "_id": 52,
      "author_id": "not defined",
      "author_name": "andy mcgaughey",
      "helpful": "5",
      "polarity": "",
      "rate": 1,
      "response": "",
      "response_date": "",
      "review": "Unless you go pro it's useless even auto pause is only available in the pro !!!!!",
      "review_date": [
        "January",
        "24",
        " 2017"
      ]
    },
    {
      "REQ_subtype": "",
      "REQ_type": "",
      "_id": 53,
      "author_id": "not defined",
      "author_name": "A Google user",
      "helpful": "0",
      "polarity": "",
      "rate": 1,
      "response": "",
      "response_date": "",
      "review": "Garbage and you gave to pay for routes",
      "review_date": [
        "January",
        "23",
        " 2017"
      ]
    },
    {
      "REQ_subtype": "",
      "REQ_type": "",
      "_id": 54,
      "author_id": "not defined",
      "author_name": "Jeff Gothro",
      "helpful": "0",
      "polarity": "",
      "rate": 1,
      "response": "",
      "response_date": "",
      "review": "Junk, log in problems. Uninstalled.",
      "review_date": [
        "March",
        "22",
        " 2017"
      ]
    },
    {
      "REQ_subtype": "",
      "REQ_type": "",
      "_id": 55,
      "author_id": "not defined",
      "author_name": "Mico Usana",
      "helpful": "0",
      "polarity": "",
      "rate": 5,
      "response": "",
      "response_date": "",
      "review": "Its the best way to accurate your distance and to improve your biking experience!",
      "review_date": [
        "November",
        "13",
        " 2016"
      ]
    },
    {
      "REQ_subtype": "",
      "REQ_type": "",
      "_id": 56,
      "author_id": "not defined",
      "author_name": "Stephen Van Niekerk",
      "helpful": "0",
      "polarity": "",
      "rate": 5,
      "response": "",
      "response_date": "",
      "review": "Works like a bome perfict",
      "review_date": [
        "July",
        "13",
        " 2016"
      ]
    },
    {
      "REQ_subtype": "",
      "REQ_type": "",
      "_id": 57,
      "author_id": "not defined",
      "author_name": "Sam Dean",
      "helpful": "0",
      "polarity": "",
      "rate": 2,
      "response": "",
      "response_date": "",
      "review": "Good app ruined by adverts",
      "review_date": [
        "July",
        "29",
        " 2016"
      ]
    },
    {
      "REQ_subtype": "",
      "REQ_type": "",
      "_id": 58,
      "author_id": "not defined",
      "author_name": "George One",
      "helpful": "0",
      "polarity": "",
      "rate": 3,
      "response": "",
      "response_date": "",
      "review": "Top  speed cap is 48.8 km/h, please fix it",
      "review_date": [
        "November",
        "20",
        " 2016"
      ]
    },
    {
      "REQ_subtype": "",
      "REQ_type": "",
      "_id": 59,
      "author_id": "not defined",
      "author_name": "Al Graham",
      "helpful": "0",
      "polarity": "",
      "rate": 1,
      "response": "",
      "response_date": "",
      "review": "Just a free trial",
      "review_date": [
        "October",
        "22",
        " 2016"
      ]
    },
    {
      "REQ_subtype": "",
      "REQ_type": "",
      "_id": 60,
      "author_id": "not defined",
      "author_name": "\u0421\u0435\u0440\u0433\u0435\u0439 \u041c\u043e\u0440\u043e\u0437\u0451\u043d\u043e\u043a",
      "helpful": "0",
      "polarity": "",
      "rate": 5,
      "response": "",
      "response_date": "",
      "review": "Thanks to AppOfTheDay.",
      "review_date": [
        "October",
        "9",
        " 2016"
      ]
    },
    {
      "REQ_subtype": "",
      "REQ_type": "",
      "_id": 61,
      "author_id": "not defined",
      "author_name": "Mateusz Kk",
      "helpful": "0",
      "polarity": "",
      "rate": 5,
      "response": "",
      "response_date": "",
      "review": "Very nice app. 5 stars !",
      "review_date": [
        "September",
        "3",
        " 2016"
      ]
    },
    {
      "REQ_subtype": "",
      "REQ_type": "",
      "_id": 62,
      "author_id": "not defined",
      "author_name": "Matiakis Dimitrios",
      "helpful": "0",
      "polarity": "",
      "rate": 5,
      "response": "",
      "response_date": "",
      "review": "Easy to use. Reliable as it should be.",
      "review_date": [
        "June",
        "26",
        " 2016"
      ]
    },
    {
      "REQ_subtype": "",
      "REQ_type": "",
      "_id": 63,
      "author_id": "not defined",
      "author_name": "Christian Notorious",
      "helpful": "3",
      "polarity": "",
      "rate": 5,
      "response": "",
      "response_date": "",
      "review": "It work",
      "review_date": [
        "April",
        "6",
        " 2017"
      ]
    },
    {
      "REQ_subtype": "",
      "REQ_type": "",
      "_id": 64,
      "author_id": "not defined",
      "author_name": "Joel Miranda",
      "helpful": "0",
      "polarity": "",
      "rate": 4,
      "response": "",
      "response_date": "",
      "review": "very nice and its free. :)",
      "review_date": [
        "August",
        "31",
        " 2016"
      ]
    },
    {
      "REQ_subtype": "",
      "REQ_type": "",
      "_id": 65,
      "author_id": "not defined",
      "author_name": "MrSHaM mav",
      "helpful": "0",
      "polarity": "",
      "rate": 4,
      "response": "",
      "response_date": "",
      "review": "Very useful apps...",
      "review_date": [
        "March",
        "29",
        " 2017"
      ]
    },
    {
      "REQ_subtype": "",
      "REQ_type": "",
      "_id": 66,
      "author_id": "not defined",
      "author_name": "Carl frost",
      "helpful": "0",
      "polarity": "",
      "rate": 5,
      "response": "",
      "response_date": "",
      "review": "Bang on",
      "review_date": [
        "June",
        "1",
        " 2016"
      ]
    },
    {
      "REQ_subtype": "",
      "REQ_type": "",
      "_id": 67,
      "author_id": "not defined",
      "author_name": "Abel Evangelista",
      "helpful": "0",
      "polarity": "",
      "rate": 4,
      "response": "",
      "response_date": "",
      "review": "Awesome!",
      "review_date": [
        "July",
        "29",
        " 2016"
      ]
    },
    {
      "REQ_subtype": "",
      "REQ_type": "",
      "_id": 68,
      "author_id": "not defined",
      "author_name": "Fatjon Dermani",
      "helpful": "0",
      "polarity": "",
      "rate": 4,
      "response": "",
      "response_date": "",
      "review": "Awesome",
      "review_date": [
        "April",
        "9",
        " 2016"
      ]
    },
    {
      "REQ_subtype": "",
      "REQ_type": "",
      "_id": 69,
      "author_id": "not defined",
      "author_name": "Nat Temby",
      "helpful": "0",
      "polarity": "",
      "rate": 1,
      "response": "",
      "response_date": "",
      "review": "Can't log in due to a network connection error, tried restarting and certainly have network connection. So all I can judge the app by is a broken sign in/sign up page .",
      "review_date": [
        "February",
        "26",
        " 2016"
      ]
    },
    {
      "REQ_subtype": "",
      "REQ_type": "",
      "_id": 70,
      "author_id": "not defined",
      "author_name": "Bhupesh Rathod",
      "helpful": "0",
      "polarity": "",
      "rate": 1,
      "response": "",
      "response_date": "",
      "review": "After latest update I have lost all my past history.",
      "review_date": [
        "February",
        "25",
        " 2016"
      ]
    },
    {
      "REQ_subtype": "",
      "REQ_type": "",
      "_id": 71,
      "author_id": "not defined",
      "author_name": "A Google user",
      "helpful": "0",
      "polarity": "",
      "rate": 1,
      "response": "",
      "response_date": "",
      "review": "You say \"Tap the arrow in the upper right corner to download the map\"! Clear enought, but unfortunatelly, THERE IS NO ARROW!",
      "review_date": [
        "February",
        "22",
        " 2016"
      ]
    },
    {
      "REQ_subtype": "",
      "REQ_type": "",
      "_id": 72,
      "author_id": "not defined",
      "author_name": "Hans Zielarz",
      "helpful": "0",
      "polarity": "",
      "rate": 3,
      "response": "",
      "response_date": "",
      "review": "Another example of destroing perfectly fine app by bull...it update!",
      "review_date": [
        "February",
        "19",
        " 2016"
      ]
    },
    {
      "REQ_subtype": "",
      "REQ_type": "",
      "_id": 73,
      "author_id": "not defined",
      "author_name": "Russell Terrey",
      "helpful": "0",
      "polarity": "",
      "rate": 4,
      "response": "",
      "response_date": "",
      "review": "Great app one of the best. Definately would recommend. Although it was a lot of work to take out of pocket when you stop even for a little brake. I think it would be better if it would stop the time for yo u when you stop instead of getting pro version. Also really does push you to get pro version when you might not want it.",
      "review_date": [
        "July",
        "12",
        " 2015"
      ]
    },
    {
      "REQ_subtype": "",
      "REQ_type": "",
      "_id": 74,
      "author_id": "not defined",
      "author_name": "Dino",
      "helpful": "0",
      "polarity": "",
      "rate": 4,
      "response": "",
      "response_date": "",
      "review": "I was disappointed with three of the similar apps for mountain biking.  Last time I used this was a few years ago; then I just stopped bringing my phone altogether.  The app has definitely improved over the years.  It did a great job tracking my route while similar apps not so much.  I'll update my review after a few more uses, and purchase the pro if I like it enough.",
      "review_date": [
        "August",
        "10",
        " 2015"
      ]
    },
    {
      "REQ_subtype": "",
      "REQ_type": "",
      "_id": 75,
      "author_id": "not defined",
      "author_name": "L G",
      "helpful": "3",
      "polarity": "",
      "rate": 4,
      "response": "",
      "response_date": "",
      "review": "I have tested different apps and this one, to me, is the best one out there. It would awesome if the developers could add a feature that would allow me to make markings, like pin drops, to the map. Sometimes I'm on a trail that I'm not familiar with and I would like to mark some points of the ride to identify them after I'm done riding and I study my route.",
      "review_date": [
        "October",
        "30",
        " 2015"
      ]
    },
    {
      "REQ_subtype": "",
      "REQ_type": "",
      "_id": 76,
      "author_id": "not defined",
      "author_name": "Mike Crosby",
      "helpful": "0",
      "polarity": "",
      "rate": 5,
      "response": "",
      "response_date": "",
      "review": "Gives you more information than you need, shows you on a map where you've been, where you want to go, length of your ride, time you've been riding, calories burned, and lots more. Elevations, speed, fastest time, slowest time, you name it, it does it!! IMPRESSIVE. I don't know why other people have problems with it, maybe they should take the time to read how to use it",
      "review_date": [
        "October",
        "7",
        " 2015"
      ]
    },
    {
      "REQ_subtype": "",
      "REQ_type": "",
      "_id": 77,
      "author_id": "not defined",
      "author_name": "Toffanin Chiara",
      "helpful": "0",
      "polarity": "",
      "rate": 1,
      "response": "",
      "response_date": "",
      "review": "Last year it worked well...but now it is a nightmare!!! After 4 times in 2 weeks it did not started or stopped after few seconds with gps working losing all my ride... well ...I think it deserves to be uninstalled!!",
      "review_date": [
        "June",
        "21",
        " 2016"
      ]
    },
    {
      "REQ_subtype": "",
      "REQ_type": "",
      "_id": 78,
      "author_id": "not defined",
      "author_name": "Diego Amortegui",
      "helpful": "3",
      "polarity": "",
      "rate": 2,
      "response": "",
      "response_date": "",
      "review": "The app used to work on my s5, but after latest update stopped working, really liked this app a lot, sent lost of feedback hopping it gets resolved but after 2 months guess I'll start looking for a replacement",
      "review_date": [
        "September",
        "6",
        " 2015"
      ]
    },
    {
      "REQ_subtype": "",
      "REQ_type": "",
      "_id": 79,
      "author_id": "not defined",
      "author_name": "Darren Mathews",
      "helpful": "4",
      "polarity": "",
      "rate": 5,
      "response": "",
      "response_date": "",
      "review": "Found this app really useful for exploring forestry tracks near my home in rural Ireland.   Google maps and os maps a little out of date so overlaying actual track is very useful for creating routes. Thanks will be going pro now.",
      "review_date": [
        "July",
        "26",
        " 2015"
      ]
    },
    {
      "REQ_subtype": "",
      "REQ_type": "",
      "_id": 80,
      "author_id": "not defined",
      "author_name": "Milos Horvat",
      "helpful": "1",
      "polarity": "",
      "rate": 4,
      "response": "",
      "response_date": "",
      "review": "Overall great app, but today it cut my ride in 3 parts, like they were separate rides. When I paused, after 2-3 minutes after pausing, it just summarised my session, two times in a row, that's why I took a star. Is there a way to merge the route of those \"3\" rides?",
      "review_date": [
        "May",
        "16",
        " 2015"
      ]
    },
    {
      "REQ_subtype": "",
      "REQ_type": "",
      "_id": 81,
      "author_id": "not defined",
      "author_name": "A Google user",
      "helpful": "0",
      "polarity": "",
      "rate": 1,
      "response": "",
      "response_date": "",
      "review": "It was my favorite but then you made it junk with your ads. You ads jump every second, consume my data, slow down my phone... Strava is much better. Bye bye",
      "review_date": [
        "September",
        "1",
        " 2015"
      ]
    },
    {
      "REQ_subtype": "",
      "REQ_type": "",
      "_id": 82,
      "author_id": "not defined",
      "author_name": "JAPYEN",
      "helpful": "1",
      "polarity": "",
      "rate": 4,
      "response": "",
      "response_date": "",
      "review": "Does what you need it to do. Buy the pro version though and save your self some heart ache with the adds. Otherwise Is a great app.",
      "review_date": [
        "August",
        "25",
        " 2015"
      ]
    },
    {
      "REQ_subtype": "",
      "REQ_type": "",
      "_id": 83,
      "author_id": "not defined",
      "author_name": "Oscar Deleon",
      "helpful": "0",
      "polarity": "",
      "rate": 2,
      "response": "",
      "response_date": "",
      "review": "Whenever I click out of the full screen ad it glitches and it makes it go back to the home screen, so I can't see my past sessions",
      "review_date": [
        "June",
        "8",
        " 2015"
      ]
    },
    {
      "REQ_subtype": "",
      "REQ_type": "",
      "_id": 84,
      "author_id": "not defined",
      "author_name": "Robert Johnson",
      "helpful": "2",
      "polarity": "",
      "rate": 5,
      "response": "",
      "response_date": "",
      "review": "I only have one problem with the app and that is I have paid for the pro version on my iPhone but I now have a Samsung s6 . Do I really have to pay for it again or is there a one off code i can put in to transfer the pro from apple to Samsung ? Very good app though",
      "review_date": [
        "December",
        "22",
        " 2015"
      ]
    },
    {
      "REQ_subtype": "",
      "REQ_type": "",
      "_id": 85,
      "author_id": "not defined",
      "author_name": "David Garza",
      "helpful": "0",
      "polarity": "",
      "rate": 3,
      "response": "",
      "response_date": "",
      "review": "I cant even use the app now. I dismiss the ad and every 3 seconds it will pop up again. It used to be the perfect app but now its just not worth it.",
      "review_date": [
        "September",
        "30",
        " 2015"
      ]
    },
    {
      "REQ_subtype": "",
      "REQ_type": "",
      "_id": 86,
      "author_id": "not defined",
      "author_name": "Sharkera Corbin",
      "helpful": "0",
      "polarity": "",
      "rate": 5,
      "response": "",
      "response_date": "",
      "review": "This app is really good. You don't have to worry about it slowing your phone down or freezing your phone like most biking apps. Also when you reach each mile the app speaks to you and let you know your progress. Great stuff! :-)",
      "review_date": [
        "July",
        "4",
        " 2015"
      ]
    },
    {
      "REQ_subtype": "",
      "REQ_type": "",
      "_id": 87,
      "author_id": "not defined",
      "author_name": "Jindrich Pinc",
      "helpful": "0",
      "polarity": "",
      "rate": 1,
      "response": "",
      "response_date": "",
      "review": "Unable to buy pro version due to some weird glitch. All I can see is spinning wheel trying to load and that's it. Please fix, I cannot live with full screen ads much longer..",
      "review_date": [
        "July",
        "2",
        " 2015"
      ]
    },
    {
      "REQ_subtype": "",
      "REQ_type": "",
      "_id": 88,
      "author_id": "not defined",
      "author_name": "tim welch",
      "helpful": "1",
      "polarity": "",
      "rate": 5,
      "response": "",
      "response_date": "",
      "review": "I use a Samsung Galaxy S6 and I found this to be very useful for the casual rider. Keeps track of time,distance, calories burned. Even makes a map of where you were.",
      "review_date": [
        "May",
        "23",
        " 2015"
      ]
    },
    {
      "REQ_subtype": "",
      "REQ_type": "",
      "_id": 89,
      "author_id": "not defined",
      "author_name": "Bill Welch",
      "helpful": "0",
      "polarity": "",
      "rate": 5,
      "response": "",
      "response_date": "",
      "review": "Cool app. Haven't had any issues the first couple times I've used. First biking app I've tried, so nothing to compare it to yet.",
      "review_date": [
        "December",
        "12",
        " 2015"
      ]
    },
    {
      "REQ_subtype": "",
      "REQ_type": "",
      "_id": 90,
      "author_id": "not defined",
      "author_name": "Eric Olson",
      "helpful": "2",
      "polarity": "",
      "rate": 5,
      "response": "",
      "response_date": "",
      "review": "After blowing out my hips as part of my 25 breaks (across 15 bones), this app help me track my progress of getting back up on my feet.",
      "review_date": [
        "February",
        "1",
        " 2016"
      ]
    },
    {
      "REQ_subtype": "",
      "REQ_type": "",
      "_id": 91,
      "author_id": "not defined",
      "author_name": "Bobbie Garcia",
      "helpful": "0",
      "polarity": "",
      "rate": 4,
      "response": "",
      "response_date": "",
      "review": "Just a good app.  I'd give it 5 stars but am afraid it will get buggy tomorrow.  So far first app with no flaws. Will reevaluate in a couple of months.",
      "review_date": [
        "December",
        "6",
        " 2015"
      ]
    },
    {
      "REQ_subtype": "",
      "REQ_type": "",
      "_id": 92,
      "author_id": "not defined",
      "author_name": "bryson oneill",
      "helpful": "1",
      "polarity": "",
      "rate": 4,
      "response": "",
      "response_date": "",
      "review": "Figured out that to use live tracking: you need to use the website. Tracks well, it's nice being given updates on distances and time. It even tells you when the GPS signal is lost. Would be handy if we were told when it was required, so we wouldn't be worrying about it",
      "review_date": [
        "January",
        "4",
        " 2016"
      ]
    },
    {
      "REQ_subtype": "",
      "REQ_type": "",
      "_id": 93,
      "author_id": "not defined",
      "author_name": "Devin Owermohle",
      "helpful": "0",
      "polarity": "",
      "rate": 4,
      "response": "",
      "response_date": "",
      "review": "I used to love this app and I still think its a valuable tool but the other day I made the irreversible mistake of updating it.  I now have a permanent banner ad at the bottom, and even worse there's full screen popups far too frequently.  The developers were very deceptive in that they declined to mention this unwelcome feature in 'what's new'.  If you already have this app, I hope you are lucky enough to read this before you err like I did and update it!",
      "review_date": [
        "May",
        "1",
        " 2015"
      ]
    },
    {
      "REQ_subtype": "",
      "REQ_type": "",
      "_id": 94,
      "author_id": "not defined",
      "author_name": "Joshua Brumbach",
      "helpful": "0",
      "polarity": "",
      "rate": 4,
      "response": "",
      "response_date": "",
      "review": "I've only used the free version, but really enjoy it so far. I love that it helps keep track of my rides, average speed, elevation and approximate calories burned.",
      "review_date": [
        "April",
        "8",
        " 2015"
      ]
    },
    {
      "REQ_subtype": "",
      "REQ_type": "",
      "_id": 95,
      "author_id": "not defined",
      "author_name": "Outdoors Lifestyle",
      "helpful": "2",
      "polarity": "",
      "rate": 5,
      "response": "",
      "response_date": "",
      "review": "Went for an evening cycle to gain fitness and decided to use this app and all I can say is superb, great breakdown of data and easy to use.",
      "review_date": [
        "May",
        "20",
        " 2015"
      ]
    },
    {
      "REQ_subtype": "",
      "REQ_type": "",
      "_id": 96,
      "author_id": "not defined",
      "author_name": "Allen Ford",
      "helpful": "1",
      "polarity": "",
      "rate": 3,
      "response": "",
      "response_date": "",
      "review": "The ads pop up every 2 seconds!!! Really! Either go Strava or buy pro version.",
      "review_date": [
        "August",
        "31",
        " 2015"
      ]
    },
    {
      "REQ_subtype": "",
      "REQ_type": "",
      "_id": 97,
      "author_id": "not defined",
      "author_name": "Manoj Vimalassery",
      "helpful": "2",
      "polarity": "",
      "rate": 3,
      "response": "",
      "response_date": "",
      "review": "Thanks for giving the pro version for free. But Apple users received the PRO versions, Android users only the pro functionality on the regular version. If I reinstall the app on my phone or I change my phone, the pro functionality is gone.",
      "review_date": [
        "November",
        "24",
        " 2015"
      ]
    },
    {
      "REQ_subtype": "",
      "REQ_type": "",
      "_id": 98,
      "author_id": "not defined",
      "author_name": "Neil Paterson",
      "helpful": "1",
      "polarity": "",
      "rate": 5,
      "response": "",
      "response_date": "",
      "review": "This is my first cycling app to use with my mountain bike. so far it's exactly what I was after, nothing too complicated, hardly any set up perfect",
      "review_date": [
        "January",
        "23",
        " 2016"
      ]
    },
    {
      "REQ_subtype": "",
      "REQ_type": "",
      "_id": 99,
      "author_id": "not defined",
      "author_name": "Jacob Boutrup",
      "helpful": "1",
      "polarity": "",
      "rate": 1,
      "response": "",
      "response_date": "",
      "review": "I was biking 12 km, but the app only show 4 km. Not good",
      "review_date": [
        "November",
        "22",
        " 2015"
      ]
    },
    {
      "REQ_subtype": "",
      "REQ_type": "",
      "_id": 100,
      "author_id": "not defined",
      "author_name": "Deija W.",
      "helpful": "1",
      "polarity": "",
      "rate": 4,
      "response": "",
      "response_date": "",
      "review": "It's my first time using this app. I really like the way it performs. I was able to see my results in real time. A great app to share with friends.",
      "review_date": [
        "October",
        "29",
        " 2015"
      ]
    },
    {
      "REQ_subtype": "",
      "REQ_type": "",
      "_id": 101,
      "author_id": "not defined",
      "author_name": "Devon Wagner",
      "helpful": "0",
      "polarity": "",
      "rate": 2,
      "response": "",
      "response_date": "",
      "review": "This app works great, other than it won't work with my Samsung gear s smart watch. It says it's connected but none of the features show up on the watch. Would give 4 or 5 stars if this was fixed.",
      "review_date": [
        "July",
        "27",
        " 2015"
      ]
    },
    {
      "REQ_subtype": "",
      "REQ_type": "",
      "_id": 102,
      "author_id": "not defined",
      "author_name": "CafeNightster",
      "helpful": "1",
      "polarity": "",
      "rate": 5,
      "response": "",
      "response_date": "",
      "review": "Easy use, tracks distance, pace, and many other things. I've only used it a few times, but will probably use it more often.",
      "review_date": [
        "December",
        "30",
        " 2015"
      ]
    },
    {
      "REQ_subtype": "",
      "REQ_type": "",
      "_id": 103,
      "author_id": "not defined",
      "author_name": "Evaldas N.",
      "helpful": "0",
      "polarity": "",
      "rate": 3,
      "response": "",
      "response_date": "",
      "review": "Track is not very precise without good gps update. Should be included option to choose signal update frequency by time and/or distance",
      "review_date": [
        "August",
        "20",
        " 2015"
      ]
    },
    {
      "REQ_subtype": "",
      "REQ_type": "",
      "_id": 104,
      "author_id": "not defined",
      "author_name": "JDS Lawncare & Landscape",
      "helpful": "1",
      "polarity": "",
      "rate": 5,
      "response": "",
      "response_date": "",
      "review": "Excellent app I love how my progress is tracked & the speech output tells me my distance I highly recommend this app to any avid biker",
      "review_date": [
        "May",
        "28",
        " 2015"
      ]
    },
    {
      "REQ_subtype": "",
      "REQ_type": "",
      "_id": 105,
      "author_id": "not defined",
      "author_name": "Mike Williams",
      "helpful": "1",
      "polarity": "",
      "rate": 1,
      "response": "",
      "response_date": "",
      "review": "Cannot put my route in it makes its own and is unchangeable wasted my monies on this",
      "review_date": [
        "November",
        "17",
        " 2015"
      ]
    },
    {
      "REQ_subtype": "",
      "REQ_type": "",
      "_id": 106,
      "author_id": "not defined",
      "author_name": "Peter Skelton",
      "helpful": "1",
      "polarity": "",
      "rate": 4,
      "response": "",
      "response_date": "",
      "review": "Not bad. I'll give it a few more goes and try it out. If it goes OK, I might give it a six or more and try the pro version",
      "review_date": [
        "September",
        "24",
        " 2015"
      ]
    },
    {
      "REQ_subtype": "",
      "REQ_type": "",
      "_id": 107,
      "author_id": "not defined",
      "author_name": "Matej Fran\u010di\u0107",
      "helpful": "1",
      "polarity": "",
      "rate": 5,
      "response": "",
      "response_date": "",
      "review": "Probao sam sve poznatije aplikacije (strava,u\u017eas,endomondo,sportstracker...) i od svih testiranih ova ima funkcionalnosti koje mi odgovaraju.",
      "review_date": [
        "August",
        "9",
        " 2015"
      ]
    },
    {
      "REQ_subtype": "",
      "REQ_type": "",
      "_id": 108,
      "author_id": "not defined",
      "author_name": "Edgar Estrada",
      "helpful": "0",
      "polarity": "",
      "rate": 5,
      "response": "",
      "response_date": "",
      "review": "Great app! The audio updates provided during a sessions is a plus (with headphones); keeps you from pulling out your phone.",
      "review_date": [
        "September",
        "11",
        " 2015"
      ]
    },
    {
      "REQ_subtype": "",
      "REQ_type": "",
      "_id": 109,
      "author_id": "not defined",
      "author_name": "Tesaro Sandu",
      "helpful": "1",
      "polarity": "",
      "rate": 5,
      "response": "",
      "response_date": "",
      "review": "Still using the free version but if I continue to do bike rides will get the paid version.. now to decide of road or mtb version...",
      "review_date": [
        "May",
        "15",
        " 2015"
      ]
    },
    {
      "REQ_subtype": "",
      "REQ_type": "",
      "_id": 110,
      "author_id": "not defined",
      "author_name": "Phil Spreckley",
      "helpful": "1",
      "polarity": "",
      "rate": 4,
      "response": "",
      "response_date": "",
      "review": "The ONLY reason I'm giving 4* is because the pro version is too much...great app though guy's.",
      "review_date": [
        "September",
        "26",
        " 2015"
      ]
    },
    {
      "REQ_subtype": "",
      "REQ_type": "",
      "_id": 111,
      "author_id": "not defined",
      "author_name": "al green",
      "helpful": "1",
      "polarity": "",
      "rate": 5,
      "response": "",
      "response_date": "",
      "review": "Just what I was looking for and does what I says it does and more.cant understand why they made loads of separate apps, though...",
      "review_date": [
        "April",
        "22",
        " 2015"
      ]
    },
    {
      "REQ_subtype": "",
      "REQ_type": "",
      "_id": 112,
      "author_id": "not defined",
      "author_name": "Duane Fawkner",
      "helpful": "1",
      "polarity": "",
      "rate": 5,
      "response": "",
      "response_date": "",
      "review": "The information contained herein are merely indications that I have to been a long little more bit more and I have w a few good for you email with",
      "review_date": [
        "February",
        "8",
        " 2016"
      ]
    },
    {
      "REQ_subtype": "",
      "REQ_type": "",
      "_id": 113,
      "author_id": "not defined",
      "author_name": "Bryan Polanski",
      "helpful": "3",
      "polarity": "",
      "rate": 5,
      "response": "",
      "response_date": "",
      "review": "Works smoothly I keep it in my backpack when I'm riding so I don't touch it from when I start to when I end.",
      "review_date": [
        "April",
        "20",
        " 2015"
      ]
    },
    {
      "REQ_subtype": "",
      "REQ_type": "",
      "_id": 114,
      "author_id": "not defined",
      "author_name": "Cj Zappa",
      "helpful": "1",
      "polarity": "",
      "rate": 5,
      "response": "",
      "response_date": "",
      "review": "Brilliant, but swear the calories used is off, felt like much more!!\ud83d\ude01",
      "review_date": [
        "August",
        "9",
        " 2015"
      ]
    },
    {
      "REQ_subtype": "",
      "REQ_type": "",
      "_id": 115,
      "author_id": "not defined",
      "author_name": "tony james",
      "helpful": "1",
      "polarity": "",
      "rate": 4,
      "response": "",
      "response_date": "",
      "review": "Excellent tracking, voice promos and good to upload si others can follow on it favourite social network",
      "review_date": [
        "June",
        "29",
        " 2015"
      ]
    },
    {
      "REQ_subtype": "",
      "REQ_type": "",
      "_id": 116,
      "author_id": "not defined",
      "author_name": "Leigh Barber",
      "helpful": "1",
      "polarity": "",
      "rate": 5,
      "response": "",
      "response_date": "",
      "review": "Installed program before a ride at McDowell Mountain, AZ.  Great information and installed without a hitch!",
      "review_date": [
        "February",
        "11",
        " 2016"
      ]
    },
    {
      "REQ_subtype": "",
      "REQ_type": "",
      "_id": 117,
      "author_id": "not defined",
      "author_name": "Gavin Brebner",
      "helpful": "1",
      "polarity": "",
      "rate": 4,
      "response": "",
      "response_date": "",
      "review": "Use it a lot and like it. Pity that it sometimes seems to lose your login details for a while.",
      "review_date": [
        "July",
        "11",
        " 2015"
      ]
    },
    {
      "REQ_subtype": "",
      "REQ_type": "",
      "_id": 118,
      "author_id": "not defined",
      "author_name": "Les F",
      "helpful": "1",
      "polarity": "",
      "rate": 2,
      "response": "",
      "response_date": "",
      "review": "Pop ups all the time,paid for full version",
      "review_date": [
        "June",
        "7",
        " 2015"
      ]
    },
    {
      "REQ_subtype": "",
      "REQ_type": "",
      "_id": 119,
      "author_id": "not defined",
      "author_name": "John Moran",
      "helpful": "0",
      "polarity": "",
      "rate": 1,
      "response": "",
      "response_date": "",
      "review": "This app is a drag. Lost my last 2 rides. It just stops a couple miles in. Bummed to not have confirmation of what feels like improving times. Save yourself the irritation.",
      "review_date": [
        "May",
        "14",
        " 2015"
      ]
    },
    {
      "REQ_subtype": "",
      "REQ_type": "",
      "_id": 120,
      "author_id": "not defined",
      "author_name": "Myriam Anderson",
      "helpful": "1",
      "polarity": "",
      "rate": 5,
      "response": "",
      "response_date": "",
      "review": "I don't know what I'd do without it! &lt;3 I love tracking my workouts here :)",
      "review_date": [
        "July",
        "12",
        " 2015"
      ]
    },
    {
      "REQ_subtype": "",
      "REQ_type": "",
      "_id": 121,
      "author_id": "not defined",
      "author_name": "Sam Andrews",
      "helpful": "1",
      "polarity": "",
      "rate": 5,
      "response": "",
      "response_date": "",
      "review": "I got a bike recently, and it tracks my distance perfectly. I am so happy with this app.",
      "review_date": [
        "July",
        "4",
        " 2015"
      ]
    },
    {
      "REQ_subtype": "",
      "REQ_type": "",
      "_id": 122,
      "author_id": "not defined",
      "author_name": "jose rivera",
      "helpful": "1",
      "polarity": "",
      "rate": 4,
      "response": "",
      "response_date": "",
      "review": "I just wanted to know my mph and distance. Also like how it records your logging.",
      "review_date": [
        "July",
        "27",
        " 2015"
      ]
    },
    {
      "REQ_subtype": "",
      "REQ_type": "",
      "_id": 123,
      "author_id": "not defined",
      "author_name": "Vadim Kornilov",
      "helpful": "1",
      "polarity": "",
      "rate": 5,
      "response": "",
      "response_date": "",
      "review": "Used the app for the first time for a bike drive. Seems to work jist fine.",
      "review_date": [
        "August",
        "30",
        " 2015"
      ]
    },
    {
      "REQ_subtype": "",
      "REQ_type": "",
      "_id": 124,
      "author_id": "not defined",
      "author_name": "Robert Mollet",
      "helpful": "1",
      "polarity": "",
      "rate": 5,
      "response": "",
      "response_date": "",
      "review": "Kept great GPS track of our ride and helped us back to the trail head.",
      "review_date": [
        "April",
        "5",
        " 2015"
      ]
    },
    {
      "REQ_subtype": "",
      "REQ_type": "",
      "_id": 125,
      "author_id": "not defined",
      "author_name": "Tim Apunkt",
      "helpful": "1",
      "polarity": "",
      "rate": 5,
      "response": "",
      "response_date": "",
      "review": "It does what it is supposed to do, and that's perfect to track your sessions.",
      "review_date": [
        "May",
        "8",
        " 2015"
      ]
    },
    {
      "REQ_subtype": "",
      "REQ_type": "",
      "_id": 126,
      "author_id": "not defined",
      "author_name": "Scott Defeyter",
      "helpful": "2",
      "polarity": "",
      "rate": 5,
      "response": "",
      "response_date": "",
      "review": "A great app to help push yourself to improve.",
      "review_date": [
        "May",
        "23",
        " 2015"
      ]
    },
    {
      "REQ_subtype": "",
      "REQ_type": "",
      "_id": 127,
      "author_id": "not defined",
      "author_name": "John Bowland",
      "helpful": "1",
      "polarity": "",
      "rate": 5,
      "response": "",
      "response_date": "",
      "review": "Way better app than mapmyride does everything i could want plus more.",
      "review_date": [
        "July",
        "3",
        " 2015"
      ]
    },
    {
      "REQ_subtype": "",
      "REQ_type": "",
      "_id": 128,
      "author_id": "not defined",
      "author_name": "Ryan Bernholtz",
      "helpful": "1",
      "polarity": "",
      "rate": 4,
      "response": "",
      "response_date": "",
      "review": "Basic version needs to not count pit stops but I guess that's how they get your money!",
      "review_date": [
        "May",
        "10",
        " 2015"
      ]
    },
    {
      "REQ_subtype": "",
      "REQ_type": "",
      "_id": 129,
      "author_id": "not defined",
      "author_name": "Carl Pin",
      "helpful": "0",
      "polarity": "",
      "rate": 2,
      "response": "",
      "response_date": "",
      "review": "its good but after 2 uses ask to buy the version pro and lite version is lock cant use it anymore. what a crap!",
      "review_date": [
        "August",
        "26",
        " 2015"
      ]
    },
    {
      "REQ_subtype": "",
      "REQ_type": "",
      "_id": 130,
      "author_id": "not defined",
      "author_name": "Methit Krongkaew",
      "helpful": "0",
      "polarity": "",
      "rate": 5,
      "response": "",
      "response_date": "",
      "review": "Customizable interface and ability to see map and info at the same time is just fantastic. Thank you",
      "review_date": [
        "November",
        "1",
        " 2015"
      ]
    },
    {
      "REQ_subtype": "",
      "REQ_type": "",
      "_id": 131,
      "author_id": "not defined",
      "author_name": "Darren Hesmondhalgh",
      "helpful": "1",
      "polarity": "",
      "rate": 1,
      "response": "",
      "response_date": "",
      "review": "What happened to the Google earth view so you can watch your route later??",
      "review_date": [
        "June",
        "12",
        " 2016"
      ]
    },
    {
      "REQ_subtype": "",
      "REQ_type": "",
      "_id": 132,
      "author_id": "not defined",
      "author_name": "Jay Sombr\u00e9",
      "helpful": "1",
      "polarity": "",
      "rate": 5,
      "response": "",
      "response_date": "",
      "review": "Good app for logging and tracking routes etc recomend!",
      "review_date": [
        "September",
        "18",
        " 2015"
      ]
    },
    {
      "REQ_subtype": "",
      "REQ_type": "",
      "_id": 133,
      "author_id": "not defined",
      "author_name": "Wilbert Flores",
      "helpful": "0",
      "polarity": "",
      "rate": 5,
      "response": "",
      "response_date": "",
      "review": "Simple, easy and gets the job done.. love this app! & the free version has good features",
      "review_date": [
        "April",
        "18",
        " 2015"
      ]
    },
    {
      "REQ_subtype": "",
      "REQ_type": "",
      "_id": 134,
      "author_id": "not defined",
      "author_name": "ranil wickramasinghe",
      "helpful": "0",
      "polarity": "",
      "rate": 5,
      "response": "",
      "response_date": "",
      "review": "Better than footsteps rather same  quality better options and practical.....support health bands  as well I recommend.",
      "review_date": [
        "July",
        "7",
        " 2015"
      ]
    },
    {
      "REQ_subtype": "",
      "REQ_type": "",
      "_id": 135,
      "author_id": "not defined",
      "author_name": "DH-Tomsy",
      "helpful": "2",
      "polarity": "",
      "rate": 5,
      "response": "",
      "response_date": "",
      "review": "but would be bitter if it was miles and not KM",
      "review_date": [
        "September",
        "10",
        " 2015"
      ]
    },
    {
      "REQ_subtype": "",
      "REQ_type": "",
      "_id": 136,
      "author_id": "not defined",
      "author_name": "Wecamp04",
      "helpful": "1",
      "polarity": "",
      "rate": 3,
      "response": "",
      "response_date": "",
      "review": "It's ok got to go pro for 4.99 if you want all features",
      "review_date": [
        "January",
        "14",
        " 2016"
      ]
    },
    {
      "REQ_subtype": "",
      "REQ_type": "",
      "_id": 137,
      "author_id": "not defined",
      "author_name": "Michael Caudle",
      "helpful": "1",
      "polarity": "",
      "rate": 5,
      "response": "",
      "response_date": "",
      "review": "I like having cutomizable displays as well as the map displayed",
      "review_date": [
        "July",
        "9",
        " 2015"
      ]
    },
    {
      "REQ_subtype": "",
      "REQ_type": "",
      "_id": 138,
      "author_id": "not defined",
      "author_name": "Mike Flatten",
      "helpful": "0",
      "polarity": "",
      "rate": 5,
      "response": "",
      "response_date": "",
      "review": "This mountain bike app does exactly what I need it to do, without problems.",
      "review_date": [
        "October",
        "12",
        " 2015"
      ]
    },
    {
      "REQ_subtype": "",
      "REQ_type": "",
      "_id": 139,
      "author_id": "not defined",
      "author_name": "au tn",
      "helpful": "0",
      "polarity": "",
      "rate": 4,
      "response": "",
      "response_date": "",
      "review": "location precision is my problem, not yours.",
      "review_date": [
        "November",
        "23",
        " 2015"
      ]
    },
    {
      "REQ_subtype": "",
      "REQ_type": "",
      "_id": 140,
      "author_id": "not defined",
      "author_name": "F Hickman",
      "helpful": "1",
      "polarity": "",
      "rate": 4,
      "response": "",
      "response_date": "",
      "review": "MUCH better than my other workout app.",
      "review_date": [
        "May",
        "12",
        " 2015"
      ]
    },
    {
      "REQ_subtype": "",
      "REQ_type": "",
      "_id": 141,
      "author_id": "not defined",
      "author_name": "Gary Gordon",
      "helpful": "0",
      "polarity": "",
      "rate": 4,
      "response": "",
      "response_date": "",
      "review": "Maps your ride which enables you to choose a ride.dependant on your mood from easy to hard and agreessive.",
      "review_date": [
        "August",
        "3",
        " 2015"
      ]
    },
    {
      "REQ_subtype": "",
      "REQ_type": "",
      "_id": 142,
      "author_id": "not defined",
      "author_name": "The Change Auto Panda",
      "helpful": "0",
      "polarity": "",
      "rate": 1,
      "response": "",
      "response_date": "",
      "review": "doesnt work at all",
      "review_date": [
        "May",
        "29",
        " 2015"
      ]
    },
    {
      "REQ_subtype": "",
      "REQ_type": "",
      "_id": 143,
      "author_id": "not defined",
      "author_name": "moe green",
      "helpful": "1",
      "polarity": "",
      "rate": 5,
      "response": "",
      "response_date": "",
      "review": "Does what it says great app for keeping track of progress",
      "review_date": [
        "May",
        "18",
        " 2015"
      ]
    },
    {
      "REQ_subtype": "",
      "REQ_type": "",
      "_id": 144,
      "author_id": "not defined",
      "author_name": "JSN FLX",
      "helpful": "1",
      "polarity": "",
      "rate": 5,
      "response": "",
      "response_date": "",
      "review": "Good app going to buy pro version worth it",
      "review_date": [
        "June",
        "28",
        " 2015"
      ]
    },
    {
      "REQ_subtype": "",
      "REQ_type": "",
      "_id": 145,
      "author_id": "not defined",
      "author_name": "prashant thoke",
      "helpful": "0",
      "polarity": "",
      "rate": 5,
      "response": "",
      "response_date": "",
      "review": "Really very good app split tables are very helpful. I will strongly recommend this app for good cycling",
      "review_date": [
        "February",
        "23",
        " 2016"
      ]
    },
    {
      "REQ_subtype": "",
      "REQ_type": "",
      "_id": 146,
      "author_id": "not defined",
      "author_name": "Alexandre Poletto",
      "helpful": "0",
      "polarity": "",
      "rate": 5,
      "response": "",
      "response_date": "",
      "review": "Showed me everything I needed to see!",
      "review_date": [
        "April",
        "18",
        " 2015"
      ]
    },
    {
      "REQ_subtype": "",
      "REQ_type": "",
      "_id": 147,
      "author_id": "not defined",
      "author_name": "Samuel Jamieson",
      "helpful": "0",
      "polarity": "",
      "rate": 5,
      "response": "",
      "response_date": "",
      "review": "This app works very well indeed!",
      "review_date": [
        "February",
        "13",
        " 2016"
      ]
    },
    {
      "REQ_subtype": "",
      "REQ_type": "",
      "_id": 148,
      "author_id": "not defined",
      "author_name": "Seth Johnson",
      "helpful": "0",
      "polarity": "",
      "rate": 5,
      "response": "",
      "response_date": "",
      "review": "No gps problem. Thats all I care about! Thanks for the great ride!",
      "review_date": [
        "May",
        "2",
        " 2015"
      ]
    },
    {
      "REQ_subtype": "",
      "REQ_type": "",
      "_id": 149,
      "author_id": "not defined",
      "author_name": "John Graboski",
      "helpful": "0",
      "polarity": "",
      "rate": 4,
      "response": "",
      "response_date": "",
      "review": "Gonna add an hr monitor.  Keep up the good work!",
      "review_date": [
        "December",
        "27",
        " 2015"
      ]
    },
    {
      "REQ_subtype": "",
      "REQ_type": "",
      "_id": 150,
      "author_id": "not defined",
      "author_name": "manikanda iyyappan",
      "helpful": "1",
      "polarity": "",
      "rate": 5,
      "response": "",
      "response_date": "",
      "review": "Superb and easy to use and accurate",
      "review_date": [
        "January",
        "23",
        " 2016"
      ]
    },
    {
      "REQ_subtype": "",
      "REQ_type": "",
      "_id": 151,
      "author_id": "not defined",
      "author_name": "Omar Al Dabbagh",
      "helpful": "0",
      "polarity": "",
      "rate": 5,
      "response": "",
      "response_date": "",
      "review": "I recommend this application for any kind of outdoor activities, it is really fantastic..",
      "review_date": [
        "January",
        "16",
        " 2016"
      ]
    },
    {
      "REQ_subtype": "",
      "REQ_type": "",
      "_id": 152,
      "author_id": "not defined",
      "author_name": "mark harries",
      "helpful": "0",
      "polarity": "",
      "rate": 4,
      "response": "",
      "response_date": "",
      "review": "Used a fue times does what I need",
      "review_date": [
        "January",
        "9",
        " 2016"
      ]
    },
    {
      "REQ_subtype": "",
      "REQ_type": "",
      "_id": 153,
      "author_id": "not defined",
      "author_name": "Christinne Cuyugan",
      "helpful": "1",
      "polarity": "",
      "rate": 5,
      "response": "",
      "response_date": "",
      "review": "WOO! Love the app :) Thanks Runtastic!",
      "review_date": [
        "November",
        "17",
        " 2015"
      ]
    },
    {
      "REQ_subtype": "",
      "REQ_type": "",
      "_id": 154,
      "author_id": "not defined",
      "author_name": "Freddy Escalada",
      "helpful": "0",
      "polarity": "",
      "rate": 1,
      "response": "",
      "response_date": "",
      "review": "Los conexion many times!",
      "review_date": [
        "July",
        "26",
        " 2015"
      ]
    },
    {
      "REQ_subtype": "",
      "REQ_type": "",
      "_id": 155,
      "author_id": "not defined",
      "author_name": "zhengyu Xiao",
      "helpful": "0",
      "polarity": "",
      "rate": 5,
      "response": "",
      "response_date": "",
      "review": "\u8f6f\u4ef6\u4e0d\u9519\uff01\u4e0d\u77e5\u9053\u8fd9\u4e2a\u8f6f\u4ef6\u662f\u4e0d\u662f\u6c38\u4e45\u514d\u8d39\u7684\uff1f",
      "review_date": [
        "October",
        "18",
        " 2015"
      ]
    },
    {
      "REQ_subtype": "",
      "REQ_type": "",
      "_id": 156,
      "author_id": "not defined",
      "author_name": "steven skow",
      "helpful": "0",
      "polarity": "",
      "rate": 1,
      "response": "",
      "response_date": "",
      "review": "Why can't I re-download my miles",
      "review_date": [
        "October",
        "25",
        " 2015"
      ]
    },
    {
      "REQ_subtype": "",
      "REQ_type": "",
      "_id": 157,
      "author_id": "not defined",
      "author_name": "Dominic Servais",
      "helpful": "0",
      "polarity": "",
      "rate": 5,
      "response": "",
      "response_date": "",
      "review": "First time use. Love you quickly set weather etc.",
      "review_date": [
        "February",
        "17",
        " 2016"
      ]
    },
    {
      "REQ_subtype": "",
      "REQ_type": "",
      "_id": 158,
      "author_id": "not defined",
      "author_name": "Brad B",
      "helpful": "0",
      "polarity": "",
      "rate": 5,
      "response": "",
      "response_date": "",
      "review": "Took a minute to stop it or pause it so my time was off",
      "review_date": [
        "August",
        "8",
        " 2015"
      ]
    },
    {
      "REQ_subtype": "",
      "REQ_type": "",
      "_id": 159,
      "author_id": "not defined",
      "author_name": "Jon Harrison",
      "helpful": "0",
      "polarity": "",
      "rate": 2,
      "response": "",
      "response_date": "",
      "review": "Keeps losing GPS  signal. ... 12 month's ago it worked fine not anymore",
      "review_date": [
        "April",
        "19",
        " 2015"
      ]
    }
  ],
  "size": "38",
  "url": "https://play.google.com/store/apps/details?id=com.runtastic.android.mountainbike.lite",
  "version": "3.6.1"
}