{
  "categories": [
    "Events"
  ],
  "description": "Trouvez les vide-greniers, march\u00e9s aux puces et brocantes proches de chez vous.L'application permet de d\u00e9couvrir les manifestations en France, Suisse et Belgique qui ont \u00e9t\u00e9 renseign\u00e9es par la communaut\u00e9 active de vide-greniers.org (agenda n\u00b01 sur la toile)Cet agenda et calendrier vous permettra de visualiser les vide-greniers, march\u00e9s aux puces, salons d'antiquaires, bourses aux v\u00eatements, salons de collectionneurs et brocantes pour la semaine \u00e0 venir.G\u00e9olocalisation des vide-greniers et itin\u00e9raires pour vous y rendre sont facilement accessibles.L'application propose des fonctionnalit\u00e9s pratiques qui vous permettront de pr\u00e9parer au mieux vos sorties du week-end.En bref, l'application incontournable pour vous rendre sur les vide-greniers et brocantesLa visualisation des manifestations est limit\u00e9e \u00e0 30 jours, sans restriction.Vous pouvez, si vous le souhaitez, souscrire \"in App\" dans l'application, une option qui vous permettra de recevoir des notifications imm\u00e9diates si une manifestation que vous avez cibl\u00e9e venait \u00e0 \u00eatre modifi\u00e9e (annul\u00e9e par exemple).",
  "inc": "Sopheos",
  "intalled_count": "100,000",
  "last_update": [
    "November",
    "8",
    " 2016"
  ],
  "name": "vide-greniers.org",
  "offered_by": "Google Commerce Ltd",
  "permissions": {
    "Identity": [
      "find accounts on the device"
    ],
    "Contacts": [
      "find accounts on the device"
    ],
    "Location": [
      "approximate location (network-based)",
      "precise location (GPS and network-based)"
    ],
    "Phone": [
      "directly call phone numbers"
    ],
    "Photos/Media/Files": [
      "read the contents of your USB storage",
      "modify or delete the contents of your USB storage"
    ],
    "Storage": [
      "read the contents of your USB storage",
      "modify or delete the contents of your USB storage"
    ],
    "Device ID & call information": [
      "read phone status and identity"
    ],
    "Other": [
      "receive data from Internet",
      "view network connections",
      "full network access",
      "use accounts on the device",
      "prevent device from sleeping",
      "view network connections",
      "full network access",
      "prevent device from sleeping",
      "read Google service configuration"
    ]
  },
  "price": "",
  "rate": [
    [
      "5,790",
      "4.3"
    ],
    [
      "3,087",
      "5"
    ],
    [
      "1,914",
      "4"
    ],
    [
      "452",
      "3"
    ],
    [
      "126",
      "2"
    ],
    [
      "211",
      "1"
    ]
  ],
  "required_android": "2.3.3",
  "reviews": [
    {
      "REQ_subtype": "",
      "REQ_type": "",
      "_id": 0,
      "author_id": "not defined",
      "author_name": "A Google user",
      "helpful": "1",
      "polarity": "",
      "rate": 2,
      "response": "",
      "response_date": "",
      "review": "La transition vers le guidage plante !",
      "review_date": [
        "June",
        "1",
        " 2018"
      ]
    },
    {
      "REQ_subtype": "",
      "REQ_type": "",
      "_id": 1,
      "author_id": "not defined",
      "author_name": "Roger Reedologist",
      "helpful": "0",
      "polarity": "",
      "rate": 5,
      "response": "",
      "response_date": "",
      "review": "Tr\u00e8s bien fait...Je l'utilise tout les temps",
      "review_date": [
        "August",
        "19",
        " 2017"
      ]
    },
    {
      "REQ_subtype": "",
      "REQ_type": "",
      "_id": 2,
      "author_id": "not defined",
      "author_name": "Gerard Zi",
      "helpful": "1",
      "polarity": "",
      "rate": 4,
      "response": "",
      "response_date": "",
      "review": "Trop cool",
      "review_date": [
        "May",
        "18",
        " 2017"
      ]
    },
    {
      "REQ_subtype": "",
      "REQ_type": "",
      "_id": 3,
      "author_id": "not defined",
      "author_name": "frimpong philip",
      "helpful": "0",
      "polarity": "",
      "rate": 5,
      "response": "",
      "response_date": "",
      "review": "I loved it",
      "review_date": [
        "October",
        "22",
        " 2017"
      ]
    },
    {
      "REQ_subtype": "",
      "REQ_type": "",
      "_id": 4,
      "author_id": "not defined",
      "author_name": "A Google user",
      "helpful": "2",
      "polarity": "",
      "rate": 5,
      "response": "",
      "response_date": "",
      "review": "Excellente application",
      "review_date": [
        "April",
        "6",
        " 2016"
      ]
    },
    {
      "REQ_subtype": "",
      "REQ_type": "",
      "_id": 5,
      "author_id": "not defined",
      "author_name": "Richard Scarborough",
      "helpful": "0",
      "polarity": "",
      "rate": 5,
      "response": "",
      "response_date": "",
      "review": "Recommended",
      "review_date": [
        "February",
        "21",
        " 2016"
      ]
    },
    {
      "REQ_subtype": "",
      "REQ_type": "",
      "_id": 6,
      "author_id": "not defined",
      "author_name": "Kwashie K",
      "helpful": "0",
      "polarity": "",
      "rate": 5,
      "response": "",
      "response_date": "",
      "review": "Fantastic",
      "review_date": [
        "August",
        "13",
        " 2015"
      ]
    },
    {
      "REQ_subtype": "",
      "REQ_type": "",
      "_id": 7,
      "author_id": "not defined",
      "author_name": "Filipe Azevedo",
      "helpful": "0",
      "polarity": "",
      "rate": 3,
      "response": "On va essayer de faire quelque chose pour \u00e7a dans la prochaine version.\nC'est faisable",
      "response_date": [
        "April",
        "6",
        " 2015"
      ],
      "review": "Ca manque quand meme d un filtre sur la distance. J aimerai par exemple n avoir que les evenements sur 15km maximum. Edit: super le tri par kilometre!!",
      "review_date": [
        "June",
        "20",
        " 2015"
      ]
    },
    {
      "REQ_subtype": "",
      "REQ_type": "",
      "_id": 8,
      "author_id": "not defined",
      "author_name": "Guillaume KELLER",
      "helpful": "0",
      "polarity": "",
      "rate": 4,
      "response": "Nous avons cr\u00e9\u00e9 une mise \u00e0 jour, d'ici 15H30, 16H, une version qui corrige votre probl\u00e8me sera installable. Rendez vous donc dans le PlayStore avant la fin de journ\u00e9e. Merci de votre compr\u00e9hension.",
      "response_date": [
        "June",
        "5",
        " 2015"
      ],
      "review": "Marche plut\u00f4t bien, il faudrait pouvoir trouver l'info des manifestations p\u00e9riodiques (genre tous les mois...) car on arrive parfois sur des endroits vides. Sinon nickel. Staff r\u00e9actif bravo.",
      "review_date": [
        "June",
        "6",
        " 2015"
      ]
    },
    {
      "REQ_subtype": "",
      "REQ_type": "",
      "_id": 9,
      "author_id": "not defined",
      "author_name": "Ze Manel",
      "helpful": "0",
      "polarity": "",
      "rate": 3,
      "response": "",
      "response_date": "",
      "review": "...cool!",
      "review_date": [
        "April",
        "17",
        " 2015"
      ]
    },
    {
      "REQ_subtype": "",
      "REQ_type": "",
      "_id": 10,
      "author_id": "not defined",
      "author_name": "Steven Lemonache",
      "helpful": "0",
      "polarity": "",
      "rate": 5,
      "response": "",
      "response_date": "",
      "review": "Tres pratique.",
      "review_date": [
        "December",
        "11",
        " 2014"
      ]
    },
    {
      "REQ_subtype": "",
      "REQ_type": "",
      "_id": 11,
      "author_id": "not defined",
      "author_name": "Khairol Nizam",
      "helpful": "0",
      "polarity": "",
      "rate": 2,
      "response": "",
      "response_date": "",
      "review": "It will be good if they can be translated to english",
      "review_date": [
        "November",
        "2",
        " 2014"
      ]
    },
    {
      "REQ_subtype": "",
      "REQ_type": "",
      "_id": 12,
      "author_id": "not defined",
      "author_name": "jonathan nevarc",
      "helpful": "0",
      "polarity": "",
      "rate": 1,
      "response": "Suite \u00e0 vos nombreux commentaires, nous avons \u00e9tendu la p\u00e9riode de visibilit\u00e9 des dates \u00e0 1 mois.\nMerci de revoir votre note.\nCordialement.\n",
      "response_date": [
        "September",
        "27",
        " 2014"
      ],
      "review": "Ok, so it seems to be working, but what's the point? It takes a while to load, I have to fill in my search area each time and then it only gives you one weeks worth of boot sales, with the possibility to pay for more information! Easier solution is to tap 'Internet &gt;favourites&gt;vide grenier' where I am taken directly to the main site and have a list of every boot sale for the whole year! And of course it's free!",
      "review_date": [
        "June",
        "28",
        " 2014"
      ]
    },
    {
      "REQ_subtype": "",
      "REQ_type": "",
      "_id": 13,
      "author_id": "not defined",
      "author_name": "Pierre Cholhot",
      "helpful": "0",
      "polarity": "",
      "rate": 1,
      "response": "Suite \u00e0 vos nombreux commentaires, nous avons \u00e9tendu la p\u00e9riode de visibilit\u00e9 des dates \u00e0 1 mois.\nMerci de revoir votre note.\nCordialement.\n",
      "response_date": [
        "September",
        "27",
        " 2014"
      ],
      "review": "fake",
      "review_date": [
        "May",
        "18",
        " 2014"
      ]
    },
    {
      "REQ_subtype": "",
      "REQ_type": "",
      "_id": 14,
      "author_id": "not defined",
      "author_name": "Dan Johnston",
      "helpful": "0",
      "polarity": "",
      "rate": 1,
      "response": "R\u00e9gl\u00e9 sur la version actuelle",
      "response_date": [
        "July",
        "4",
        " 2014"
      ],
      "review": "App times out and gives error on every search",
      "review_date": [
        "October",
        "22",
        " 2013"
      ]
    },
    {
      "REQ_subtype": "",
      "REQ_type": "",
      "_id": 15,
      "author_id": "not defined",
      "author_name": "Kevin Douglas",
      "helpful": "0",
      "polarity": "",
      "rate": 4,
      "response": "",
      "response_date": "",
      "review": "excellent, manque parfois l'information sur le nombre d'exposants",
      "review_date": [
        "December",
        "3",
        " 2017"
      ]
    }
  ],
  "size": "3.5",
  "url": "https://play.google.com/store/apps/details?id=com.sopheos.videgreniersmobile",
  "version": "16.11.8"
}