{
  "categories": [
    "Finance"
  ],
  "description": "TAP INTO YOUR MONEYSend money to almost anywhere in the world in just seconds. Manage all the ways you send, receive, and spend money at a glance - it\u2019s all here.SEND MONEY IN SECONDSSend Money to PayPal account holders in over 100 countries using just their email address or mobile number. When the money arrives in their account (usually in seconds), they can spend the money online or withdraw it with just a tap. And it\u2019s completely free when you send money to friends in the US from your bank account or PayPal balance.GET PAID WITH EASESend a request for money that\u00a0allows people to pay you back with just a tap. Whether you\u2019re collecting money for a group gift or something you sold online, we make it easy for them and even easier for you. STAY ON TOP OF IT ALLWhenever you send, receive, and spend money with PayPal, the app sends an instant notification to help you keep track of it all.\u00a0Whether you use PayPal Credit, your balance, your bank, or your debit and credit cards to pay with PayPal - you can find everything and anything you need to simply manage it all in this secure app.",
  "inc": "PayPal Mobile",
  "intalled_count": "50,000,000",
  "last_update": [
    "July",
    "5",
    " 2018"
  ],
  "name": "PayPal",
  "offered_by": "Google Commerce Ltd",
  "permissions": {
    "Identity": [
      "read your own contact card"
    ],
    "Contacts": [
      "read your contacts"
    ],
    "Location": [
      "precise location (GPS and network-based)"
    ],
    "SMS": [
      "read your text messages (SMS or MMS)",
      "receive text messages (SMS)"
    ],
    "Phone": [
      "read phone status and identity"
    ],
    "Photos/Media/Files": [
      "read the contents of your USB storage",
      "modify or delete the contents of your USB storage"
    ],
    "Storage": [
      "read the contents of your USB storage",
      "modify or delete the contents of your USB storage"
    ],
    "Camera": [
      "take pictures and videos"
    ],
    "Wi-Fi connection information": [
      "view Wi-Fi connections"
    ],
    "Device ID & call information": [
      "read phone status and identity"
    ],
    "Other": [
      "receive data from Internet",
      "view network connections",
      "create accounts and set passwords",
      "change system display settings",
      "disable your screen lock",
      "full network access",
      "control Near Field Communication",
      "run at startup",
      "control vibration",
      "prevent device from sleeping",
      "read Google service configuration"
    ]
  },
  "price": "",
  "rate": [
    [
      "654,928",
      "4.3"
    ],
    [
      "444,962",
      "5"
    ],
    [
      "103,863",
      "4"
    ],
    [
      "37,366",
      "3"
    ],
    [
      "17,443",
      "2"
    ],
    [
      "51,294",
      "1"
    ]
  ],
  "required_android": "4.4",
  "reviews": [
    {
      "REQ_subtype": "",
      "REQ_type": "",
      "_id": 0,
      "author_id": "not defined",
      "author_name": "Flavia Moldovan",
      "helpful": "86",
      "polarity": "",
      "rate": 5,
      "response": "",
      "response_date": "",
      "review": "I forgot my password but then I can't even change it because the only way \nto prove I'm me it's trough call and Hell No to that, I'm not gonna call \nfrom Germany to Nebraska and pay for that. When I tried to do the SMS, \nwhich the button was there to click on for about 4 times, nothing happened, \nthen I try the email way to...guess what, also disappear. How the f do I go \nin my acc now? Cause out of 3 basic links 2 ain't working and the 3rd ain't \neven an option...",
      "review_date": [
        "June",
        "30",
        " 2018"
      ]
    },
    {
      "REQ_subtype": "",
      "REQ_type": "",
      "_id": 1,
      "author_id": "not defined",
      "author_name": "Julian Petty",
      "helpful": "27",
      "polarity": "",
      "rate": 1,
      "response": "",
      "response_date": "",
      "review": "This app doesn't work. I've tried 3 different debit cards from different \nplaces and none of them can be processed. I even tried to use the cash \nfunction with the barcode, but it dosent scan.....I've called customer \nservice at least 2 times to find a solution and they never give me a proper \nanswer. Make sure your system works before you let people use it....",
      "review_date": [
        "July",
        "5",
        " 2018"
      ]
    },
    {
      "REQ_subtype": "",
      "REQ_type": "",
      "_id": 2,
      "author_id": "not defined",
      "author_name": "Aaron Ouellette",
      "helpful": "11",
      "polarity": "",
      "rate": 4,
      "response": "",
      "response_date": "",
      "review": "I've only used PayPal a dozen times or so now but really like the ease of \nuse and flexibility of payment options. The app is basic in design, which I \ndon't consider a flaw. What I can't figure out though, is there a message \ncentre in the app? Some of the features for the browser version don't seem \nto be in the app. Unless I am missing something!? Good app though!",
      "review_date": [
        "July",
        "5",
        " 2018"
      ]
    },
    {
      "REQ_subtype": "",
      "REQ_type": "",
      "_id": 3,
      "author_id": "not defined",
      "author_name": "The3picPoptart",
      "helpful": "17",
      "polarity": "",
      "rate": 1,
      "response": "",
      "response_date": "",
      "review": "Paypal has to be hands down the worst money application I have ever used. \nEverytime I think my account works it doesn't. It's such a hassle to pay \nsomeone or even checkout at website cause half the time PayPal doesn't \nwork. If i could give it -10 stars i would.",
      "review_date": [
        "July",
        "4",
        " 2018"
      ]
    },
    {
      "REQ_subtype": "",
      "REQ_type": "",
      "_id": 4,
      "author_id": "not defined",
      "author_name": "A Google user",
      "helpful": "1",
      "polarity": "",
      "rate": 1,
      "response": "",
      "response_date": "",
      "review": "The app gives me a headache. You have to visit the website to do anything \nuseful... They're about to lose my business anyway. PayPal doesn't have \nyour back. Apparently sellers on ebay can get away with anything they want \nin a PayPal transaction. They don't even have to send you what you paid for \nin good faith and worry about having to refund you. The Resolution Center \nis a joke.",
      "review_date": [
        "July",
        "9",
        " 2018"
      ]
    },
    {
      "REQ_subtype": "",
      "REQ_type": "",
      "_id": 5,
      "author_id": "not defined",
      "author_name": "Danny Vargas",
      "helpful": "4",
      "polarity": "",
      "rate": 1,
      "response": "",
      "response_date": "",
      "review": "I have been using pay pal for over a year as a business method payment and \nnever had an issue or any complaints but recently I guess they had an \nupdate or new rules and I received a payment and pay pal is holding my \nmoney !! ( For 21 days ! And besides that they charged me a 22$ fee just \nfor the transaction. The payment is still pending but as soon as it goes \nthrough I will uninstall the app and use a different one",
      "review_date": [
        "July",
        "8",
        " 2018"
      ]
    },
    {
      "REQ_subtype": "",
      "REQ_type": "",
      "_id": 6,
      "author_id": "not defined",
      "author_name": "poppers Penguin",
      "helpful": "1",
      "polarity": "",
      "rate": 1,
      "response": "",
      "response_date": "",
      "review": "DO NOT INSTALL! This app is not safe and PayPal will NOT refund you if you \nare the victim of fraudulent activity as we found out today. Our account \nwas apparently hacked via this phone app and payments were made to a \nscammer (from another country I believe) and PayPal even refused to block \nany FURTHER payments going to this person! A second payment to this scammer \nactually went through while we were on the phone to them and they still \nsaid there was nothing they could do! REALLY! Had to contact the bank to \nremove the credit card from PayPal as we weren't allowed to do it via \nPayPal until the scammers payment was cleared SERIOUSLY! DO NOT INSTALL!",
      "review_date": [
        "July",
        "10",
        " 2018"
      ]
    },
    {
      "REQ_subtype": "",
      "REQ_type": "",
      "_id": 7,
      "author_id": "not defined",
      "author_name": "manoj kumar",
      "helpful": "24",
      "polarity": "",
      "rate": 1,
      "response": "",
      "response_date": "",
      "review": "I am unable add credit card as it throwing token not found error. I raised \ncomplaint but no one responding. It's very difficult process to link your \ncard or account, I never seen this much difficulty in any wallets. But I \nsee lot 5 stars for this app , not sure how.",
      "review_date": [
        "June",
        "29",
        " 2018"
      ]
    },
    {
      "REQ_subtype": "",
      "REQ_type": "",
      "_id": 8,
      "author_id": "not defined",
      "author_name": "Ralph Sperlunto",
      "helpful": "19",
      "polarity": "",
      "rate": 1,
      "response": "",
      "response_date": "",
      "review": "This PayPal as a whole such they declined my transaction because or a \nsecurity issue said they weren't sure it was me. I use a pixil 2 phone with \nthe same phone number I had for 6 years. And finger print scanner that only \nI can use the phone. Ebsy and PayPal are really sad.",
      "review_date": [
        "July",
        "1",
        " 2018"
      ]
    },
    {
      "REQ_subtype": "",
      "REQ_type": "",
      "_id": 9,
      "author_id": "not defined",
      "author_name": "A Google user",
      "helpful": "9",
      "polarity": "",
      "rate": 1,
      "response": "",
      "response_date": "",
      "review": "Why after the last update i do not see my paypal credit info? Any idea, \npaypal? Give me a valid reason and then i will change my rating, if your \nreason proves to be good. Untill then, VERY BAD DECISION to remove paypal \ninfo, in favour of activity screen.",
      "review_date": [
        "July",
        "4",
        " 2018"
      ]
    },
    {
      "REQ_subtype": "",
      "REQ_type": "",
      "_id": 10,
      "author_id": "not defined",
      "author_name": "Noreen Schaan",
      "helpful": "0",
      "polarity": "",
      "rate": 5,
      "response": "",
      "response_date": "",
      "review": "I absolutely love PayPal! Very secure and i like that when buying online. I \nhave just recently had issues with the items I purchased online. PayPal was \nvery quick in dealing with the refund , and in fact it was back in my bank \naccount in less than 24 hours. Excellent and very secure . I totally \nrecommend this way of paying.\ud83d\ude0a",
      "review_date": [
        "June",
        "30",
        " 2018"
      ]
    },
    {
      "REQ_subtype": "",
      "REQ_type": "",
      "_id": 11,
      "author_id": "not defined",
      "author_name": "Douglas Kersh",
      "helpful": "5",
      "polarity": "",
      "rate": 2,
      "response": "",
      "response_date": "",
      "review": "I was trying to schedule a monthly payment, you need a third option that I \ntype. Not 2 options of be all end all. Only options listed now are minimum \npayment and balance payment. Where are choice to pay something between the \n2 values. Unsatisfactory programming.",
      "review_date": [
        "July",
        "7",
        " 2018"
      ]
    },
    {
      "REQ_subtype": "",
      "REQ_type": "",
      "_id": 12,
      "author_id": "not defined",
      "author_name": "Jacquie CDV",
      "helpful": "22",
      "polarity": "",
      "rate": 1,
      "response": "",
      "response_date": "",
      "review": "Update: A major change in functionality appears to have been implemented. \nThere is no way to instantly add money to a PayPal business account except \nthrough the PayPal system (an invoice payment or from another PayPal \naccount), which for me is a deal breaker.",
      "review_date": [
        "July",
        "8",
        " 2018"
      ]
    },
    {
      "REQ_subtype": "",
      "REQ_type": "",
      "_id": 13,
      "author_id": "not defined",
      "author_name": "Jay DeLancey",
      "helpful": "16",
      "polarity": "",
      "rate": 1,
      "response": "",
      "response_date": "",
      "review": "So full of bugs I wasn't even able to log in during multiple attempts over \na couple of days. Just have to keep using the website I guess.",
      "review_date": [
        "June",
        "27",
        " 2018"
      ]
    },
    {
      "REQ_subtype": "",
      "REQ_type": "",
      "_id": 14,
      "author_id": "not defined",
      "author_name": "Astraea Arceus",
      "helpful": "7",
      "polarity": "",
      "rate": 3,
      "response": "",
      "response_date": "",
      "review": "Can't prove my identity problems. It keeps saying \"No internet connection\" \nwhen I am connected to Wifi! When you take a photo the system thinks your \noffline if you upload a photo it works so please fix that.",
      "review_date": [
        "June",
        "30",
        " 2018"
      ]
    },
    {
      "REQ_subtype": "",
      "REQ_type": "",
      "_id": 15,
      "author_id": "not defined",
      "author_name": "Alex Lynch",
      "helpful": "2",
      "polarity": "",
      "rate": 1,
      "response": "",
      "response_date": "",
      "review": "I hate this app because I couldn't even put in my address. When I did, it \nwould say to check my address, when I clearly had everything filled out \ncorrectly.",
      "review_date": [
        "July",
        "4",
        " 2018"
      ]
    },
    {
      "REQ_subtype": "",
      "REQ_type": "",
      "_id": 16,
      "author_id": "not defined",
      "author_name": "Sorin L",
      "helpful": "10",
      "polarity": "",
      "rate": 1,
      "response": "",
      "response_date": "",
      "review": "It's horrible! Just because I live in Budapest doesn't mean that I'm \nHungarian or I learned Hungarian language! No setting to change language. \nEven my locales are different I'm forced to guess what means. Why all has \nbeen turned to Hungarian without my will? The worst update!",
      "review_date": [
        "June",
        "29",
        " 2018"
      ]
    },
    {
      "REQ_subtype": "",
      "REQ_type": "",
      "_id": 17,
      "author_id": "not defined",
      "author_name": "A Google user",
      "helpful": "1",
      "polarity": "",
      "rate": 3,
      "response": "",
      "response_date": "",
      "review": "I've used PayPal quite extensively over the years. They have been there for \nme, Especially with deceptive Chinese vendors. Thanks PayPal!",
      "review_date": [
        "July",
        "3",
        " 2018"
      ]
    },
    {
      "REQ_subtype": "",
      "REQ_type": "",
      "_id": 18,
      "author_id": "not defined",
      "author_name": "Alyona Lewis",
      "helpful": "3",
      "polarity": "",
      "rate": 1,
      "response": "",
      "response_date": "",
      "review": "Terrible international support, language support non existent, impossible \nto register a countrycode for you phone numbers. This app is supposed to \nsuport international money transfers, its pathetic, worse still, its full \nof bugs, has a horrific non intuative user interface and no support.",
      "review_date": [
        "July",
        "6",
        " 2018"
      ]
    },
    {
      "REQ_subtype": "",
      "REQ_type": "",
      "_id": 19,
      "author_id": "not defined",
      "author_name": "watashi zenki",
      "helpful": "3",
      "polarity": "",
      "rate": 1,
      "response": "",
      "response_date": "",
      "review": "this app is making me look stupid saying my password is incorrect. just in \nthe mobile app. in the mobile browser no problem. I typed the password in \nthe mobile site, ok, paste it in the app. says invalid. how stupid.",
      "review_date": [
        "July",
        "7",
        " 2018"
      ]
    },
    {
      "REQ_subtype": "",
      "REQ_type": "",
      "_id": 20,
      "author_id": "not defined",
      "author_name": "Darrin Armstrong",
      "helpful": "0",
      "polarity": "",
      "rate": 3,
      "response": "",
      "response_date": "",
      "review": "Take a look at the picture on the left above. The in-store button & the \nloyalty card button have been removed from the app so don't expect to be \nable to use PayPal anywhere except on line. Kind of takes away a big part \nof why I wanted the app. Customer service no help, offered me a card so I \napplied then they tell me I am not eligible. Ridiculous.",
      "review_date": [
        "June",
        "22",
        " 2018"
      ]
    },
    {
      "REQ_subtype": "",
      "REQ_type": "",
      "_id": 21,
      "author_id": "not defined",
      "author_name": "Hannah McDowell",
      "helpful": "16",
      "polarity": "",
      "rate": 1,
      "response": "",
      "response_date": "",
      "review": "I have 6 charges to my account I did not authorize. There should have been \nno activity on my paypal this month yet I have charges Paypal made without \nmy authorization. I have emailed them but have not heard anything. Be \ncareful linking cards to Paypal.",
      "review_date": [
        "June",
        "26",
        " 2018"
      ]
    },
    {
      "REQ_subtype": "",
      "REQ_type": "",
      "_id": 22,
      "author_id": "not defined",
      "author_name": "Rashmi Choudhary",
      "helpful": "0",
      "polarity": "",
      "rate": 5,
      "response": "",
      "response_date": "",
      "review": "The App UNINSTALLS automatically at times. Huge inconvenience. I have to go \nto the app store and install it all over again",
      "review_date": [
        "July",
        "6",
        " 2018"
      ]
    },
    {
      "REQ_subtype": "",
      "REQ_type": "",
      "_id": 23,
      "author_id": "not defined",
      "author_name": "Tyler Whitley",
      "helpful": "5",
      "polarity": "",
      "rate": 1,
      "response": "",
      "response_date": "",
      "review": "I hate this app. It the least user friendly app of all the payment apps \nI've ever used. I especially hate that everyone uses PayPal, so I'm \ncontinually having to use this terrible app.",
      "review_date": [
        "July",
        "4",
        " 2018"
      ]
    },
    {
      "REQ_subtype": "",
      "REQ_type": "",
      "_id": 24,
      "author_id": "not defined",
      "author_name": "Adil Messi",
      "helpful": "2",
      "polarity": "",
      "rate": 4,
      "response": "",
      "response_date": "",
      "review": "Everything about this app is good, I just hate this one problem where I \nhave my fingerprint set up and after I use my fingerprint it asks me to \ntype my password. That just defeats the whole purpose of adding a \nfingerprint unlock feature. I hope this will be fixed soon.",
      "review_date": [
        "July",
        "4",
        " 2018"
      ]
    },
    {
      "REQ_subtype": "",
      "REQ_type": "",
      "_id": 25,
      "author_id": "not defined",
      "author_name": "wayne jackson",
      "helpful": "4",
      "polarity": "",
      "rate": 2,
      "response": "",
      "response_date": "",
      "review": "Mostly ok. Don't, under any circumstances, use 'paypal credit'. Requires a \nregistered bank account to make a payment. Request authorisation code to be \nsent to bank but never received. Email for help - receive links to faq with \nmy question not sent to customer services. Email again to say my question \nhas not been answered by faq to be told I need to confirm my bank account. \nReply I already know this but haven't got a code. Response: I need to \nconfirm my bank account. Getting very irate by now. Finally speak to \nsomeone who sorts me out with a confirmation code. Confirm bank account but \nnow can't see the bank account from the select bank account popup. Very, \nvery irate by now. Payment deadline approaching and a default on my credit \nfile if this isn't sorted.",
      "review_date": [
        "July",
        "2",
        " 2018"
      ]
    },
    {
      "REQ_subtype": "",
      "REQ_type": "",
      "_id": 26,
      "author_id": "not defined",
      "author_name": "Keith Goodson",
      "helpful": "0",
      "polarity": "",
      "rate": 4,
      "response": "",
      "response_date": "",
      "review": "I like the app, but occasionally it simply does not work. It becomes \nimpossible to log in, then in about 24 hours it starts working again.",
      "review_date": [
        "June",
        "28",
        " 2018"
      ]
    },
    {
      "REQ_subtype": "",
      "REQ_type": "",
      "_id": 27,
      "author_id": "not defined",
      "author_name": "Yaumine Paxton",
      "helpful": "10",
      "polarity": "",
      "rate": 1,
      "response": "",
      "response_date": "",
      "review": "I truly don't understand how this company even exist. Each time my job \nsends my funds here, I fear something bad will happen and I've been right \nhalf of the time. The first time it took them forever to process the money \nmy job sent and now, it took me an hour to try and get my funds transferred \nfrom PayPal to my bank account only to find out that I have to wait an \nentire day just to get my money all because of a stupid security error on \nthere part. I hope this company shuts down and something better takes there \nplace.",
      "review_date": [
        "July",
        "2",
        " 2018"
      ]
    },
    {
      "REQ_subtype": "",
      "REQ_type": "",
      "_id": 28,
      "author_id": "not defined",
      "author_name": "Glen Jarvis",
      "helpful": "1",
      "polarity": "",
      "rate": 1,
      "response": "",
      "response_date": "",
      "review": "What went wrong? Been using PayPal for years without issue, then since a \nfew months ago had constant problems. Payments rejected, every purchased \nreviewed, refunds reviewed and delayed then withdrawals reviewed and \ndelayed. Has gone from safe and convenient to unreliable, slow and \nunreliable. Won't be using again.",
      "review_date": [
        "July",
        "4",
        " 2018"
      ]
    },
    {
      "REQ_subtype": "",
      "REQ_type": "",
      "_id": 29,
      "author_id": "not defined",
      "author_name": "TineReed",
      "helpful": "0",
      "polarity": "",
      "rate": 1,
      "response": "",
      "response_date": "",
      "review": "Impossible to log on. I I enter my login and password correctly every time \nbut I go through security question that locks me out and I have to do it \nover and over and over.",
      "review_date": [
        "July",
        "2",
        " 2018"
      ]
    },
    {
      "REQ_subtype": "",
      "REQ_type": "",
      "_id": 30,
      "author_id": "not defined",
      "author_name": "A Google user",
      "helpful": "4",
      "polarity": "",
      "rate": 4,
      "response": "",
      "response_date": "",
      "review": "The only thing needed is full account management features like the website. \nAlso fees are excessive on transactions less than $10",
      "review_date": [
        "July",
        "3",
        " 2018"
      ]
    },
    {
      "REQ_subtype": "",
      "REQ_type": "",
      "_id": 31,
      "author_id": "not defined",
      "author_name": "Golkjamzqp Fhyws",
      "helpful": "6",
      "polarity": "",
      "rate": 1,
      "response": "",
      "response_date": "",
      "review": "Unable to link to my bank account and after 4 customer representatives \nlater I am still unable to transfer any funds.. So if there was a 0 stars \nthat's what it worth to me in weight at this point.",
      "review_date": [
        "June",
        "29",
        " 2018"
      ]
    },
    {
      "REQ_subtype": "",
      "REQ_type": "",
      "_id": 32,
      "author_id": "not defined",
      "author_name": "Lauren caldwell",
      "helpful": "0",
      "polarity": "",
      "rate": 1,
      "response": "",
      "response_date": "",
      "review": "This app is awful. Used it once before and it was fine, now it wont let me \ndo anything without saying \"We are having trouble processing your request \nat the moment\" can't do anything on it!",
      "review_date": [
        "July",
        "9",
        " 2018"
      ]
    },
    {
      "REQ_subtype": "",
      "REQ_type": "",
      "_id": 33,
      "author_id": "not defined",
      "author_name": "Tamar Boussi",
      "helpful": "3",
      "polarity": "",
      "rate": 1,
      "response": "",
      "response_date": "",
      "review": "I spent all I spent all morning trying to use this account to no avail help \nplease my account is with you but you aren't letting me in to use it. I do \nneatly all my shopping on line",
      "review_date": [
        "July",
        "3",
        " 2018"
      ]
    },
    {
      "REQ_subtype": "",
      "REQ_type": "",
      "_id": 34,
      "author_id": "not defined",
      "author_name": "Court Money",
      "helpful": "5",
      "polarity": "",
      "rate": 1,
      "response": "",
      "response_date": "",
      "review": "I've literally had to wait a week and counting to recieve my funds from a \nfriend I have not recieved one cent of the money sent through this \napplication yet, so no telling how long it'll be until I recieve it... I \nwouldn't recommend this service to anyone if you are trying to transfer \nmoney in a speedily fashion. Stick to western union seriously. A big \ninconvenience.",
      "review_date": [
        "July",
        "2",
        " 2018"
      ]
    },
    {
      "REQ_subtype": "",
      "REQ_type": "",
      "_id": 35,
      "author_id": "not defined",
      "author_name": "OJ Maya",
      "helpful": "0",
      "polarity": "",
      "rate": 1,
      "response": "",
      "response_date": "",
      "review": "Customer support is basically on a 9-5 schedule, which is unacceptable for \na financial institution. EBay transactions are held despite the customers \nreceiving items. Tracking information is nice to have but is of no use if \nthey don't update their system to reflect delivery of items to expedite the \nprocess of releasing funds. Transfers to your bank are held for review as \nif it was their money and they don't specify a valid reason for delaying \nthe transaction. This is despite the fact that I've gone through the \nprocess of lifting the withdrawal limit and being a customer since 2011, \napparently they feel the need to verify my identity after 7 years.",
      "review_date": [
        "July",
        "10",
        " 2018"
      ]
    },
    {
      "REQ_subtype": "",
      "REQ_type": "",
      "_id": 36,
      "author_id": "not defined",
      "author_name": "Lashaunda Grissom",
      "helpful": "2",
      "polarity": "",
      "rate": 1,
      "response": "",
      "response_date": "",
      "review": "This app doesn't work for me. I tried to sing in and it shut down . Emailed \nthe developer and was told to go log in and go to setting and contact \npaypal....you don't say. Well if I could get in the dam thing I would ! I \nthink is a developer issue not paypal",
      "review_date": [
        "July",
        "1",
        " 2018"
      ]
    },
    {
      "REQ_subtype": "",
      "REQ_type": "",
      "_id": 37,
      "author_id": "not defined",
      "author_name": "A Google user",
      "helpful": "1",
      "polarity": "",
      "rate": 1,
      "response": "",
      "response_date": "",
      "review": "You cant even issue refund with this app. What a joke. I have to log into \nthe website to do that. Silly.",
      "review_date": [
        "July",
        "10",
        " 2018"
      ]
    },
    {
      "REQ_subtype": "",
      "REQ_type": "",
      "_id": 38,
      "author_id": "not defined",
      "author_name": "Mallory Adina",
      "helpful": "7",
      "polarity": "",
      "rate": 2,
      "response": "",
      "response_date": "",
      "review": "This app would be 100% better and more useful if I could easily change my \nprimary shipping address. I've long since moved, but orders keep getting \nsent to my old address because a lot of vendors only ship to the primary \nshipping address, yet as far as I can tell it is IMPOSSIBLE to change your \nprimary shipping address within the app, and this is a reoccurring problem \nsince at least 2015, according to all the unsolved reports in the paypal \nforums. I don't understand why this simple thing hasn't already been \nimplemented, especially since it was very easy to change my billing address \nwhen I got a new card.",
      "review_date": [
        "June",
        "28",
        " 2018"
      ]
    },
    {
      "REQ_subtype": "",
      "REQ_type": "",
      "_id": 39,
      "author_id": "not defined",
      "author_name": "Stephanie Sanzotta",
      "helpful": "9",
      "polarity": "",
      "rate": 1,
      "response": "",
      "response_date": "",
      "review": "beware of paypal ans their shady practices of holding your funds they give \nyou some bs about a policy but dont buy it banks dont hold your cash for \nlonger than 5 days. they have random reviews ans terrible customer serve \nyoure better off with square or chasequick pay apple pay anything but paypal",
      "review_date": [
        "June",
        "28",
        " 2018"
      ]
    },
    {
      "REQ_subtype": "",
      "REQ_type": "",
      "_id": 40,
      "author_id": "not defined",
      "author_name": "Robbi S",
      "helpful": "1",
      "polarity": "",
      "rate": 1,
      "response": "",
      "response_date": "",
      "review": "Why not affliate with bitcoin.co.id or bank in indonesia? To many \nprocedure. You should make a simple way. Create account, and make people \ntransfer to that account, and paypal wallet money increases for someone who \nhad transfer.",
      "review_date": [
        "July",
        "8",
        " 2018"
      ]
    },
    {
      "REQ_subtype": "",
      "REQ_type": "",
      "_id": 41,
      "author_id": "not defined",
      "author_name": "J T",
      "helpful": "19",
      "polarity": "",
      "rate": 1,
      "response": "",
      "response_date": "",
      "review": "Buyer beware! You can't trust PayPal to refund your money if an online \nseller doesn't deliver your product, especially digital items purchased in \ngames. Any time you have any doubt at all that you will receive what you've \npaid for you should fund the purchase through PayPal with your credit card, \nnot a debit card or bank account. That way, when PayPal fails to issue a \nrefund you can do a charge back on your credit card to get your money back \nor report it as fraud. I have had a PayPal account for well over a decade \nand the 3 times I got ripped off PayPal was completely useless and refused \nto refund my money. I especially recommend using the credit card for \nanything valuable or for purchases made in games. PayPal is convenient, but \nwhen push comes to shove they will not protect you from unscrupulous \nsellers.",
      "review_date": [
        "June",
        "24",
        " 2018"
      ]
    },
    {
      "REQ_subtype": "",
      "REQ_type": "",
      "_id": 42,
      "author_id": "not defined",
      "author_name": "A Google user",
      "helpful": "8",
      "polarity": "",
      "rate": 3,
      "response": "",
      "response_date": "",
      "review": "The login process is broken. With fingerprint and pin enabled, using the \nfingerprint then goes the pin then 2FA. With fingerprint enabled and pin \ndisabled, it asks for my fingerprint, then password, then pin, then 2FA. \nEverything else works fine, just not the login process.",
      "review_date": [
        "June",
        "26",
        " 2018"
      ]
    },
    {
      "REQ_subtype": "",
      "REQ_type": "",
      "_id": 43,
      "author_id": "not defined",
      "author_name": "Andre Hamilton",
      "helpful": "0",
      "polarity": "",
      "rate": 1,
      "response": "",
      "response_date": "",
      "review": "App is good, but overall paypal as a service is terrible and they have \nliterally the worst customer service on the planet. Wouldn't process my \ncard and have me no reason why. Basically just said \"oh well find another \nway\". Worst experience of my life dealing with these people. I'd never \nrecommend it to anyone.",
      "review_date": [
        "July",
        "9",
        " 2018"
      ]
    },
    {
      "REQ_subtype": "",
      "REQ_type": "",
      "_id": 44,
      "author_id": "not defined",
      "author_name": "William T Smith",
      "helpful": "0",
      "polarity": "",
      "rate": 1,
      "response": "",
      "response_date": "",
      "review": "PayPal mobile for credit has no payment verification page.  So  * You can't see a pending payment to PayPal credit. * Since their is no verification, it's easy to accidentally swipe the screen and pay the entire balance which can drain your bank account. * There is no way to cancel the payment within the PayPal app.  By the time I could get to a computer and actually FIND the payments it would not allow me to cancel pending payments. * I sent an email and it gave me an automated response dealing with interpersonal payments instead of addressing my issue. * Website thinks all payments are person to person and not person to PayPal credit.  So when I did call was directed to the wrong division.   * My bank took the money out of my account but PayPal did not receive it.  So it is stuck in limbo. * The individual at PayPal credit was very courteous, but their system did not allow her to immediately reverse the charge.  So I'm stuck without cash for probably a week while I go on vacation.",
      "review_date": [
        "June",
        "30",
        " 2018"
      ]
    },
    {
      "REQ_subtype": "",
      "REQ_type": "",
      "_id": 45,
      "author_id": "not defined",
      "author_name": "Matthew Baker",
      "helpful": "0",
      "polarity": "",
      "rate": 3,
      "response": "",
      "response_date": "",
      "review": "The functionality suits my needs, but the new main screen UI is jarring. It \nlooks like it's in some sort of tutorial mode with the grey background as \nthough there's an overlay. Especially when the button text is also greyed \nout. Not good design in my opinion. Why not make the background white and \nthe buttons coloured.",
      "review_date": [
        "July",
        "5",
        " 2018"
      ]
    },
    {
      "REQ_subtype": "",
      "REQ_type": "",
      "_id": 46,
      "author_id": "not defined",
      "author_name": "Dhea MH",
      "helpful": "0",
      "polarity": "",
      "rate": 1,
      "response": "",
      "response_date": "",
      "review": "Want to login but there is the quick security check which is not really \nquick, it takes 5 minutes (for once round) but failed and again and again. \nIt really stressful",
      "review_date": [
        "June",
        "29",
        " 2018"
      ]
    },
    {
      "REQ_subtype": "",
      "REQ_type": "",
      "_id": 47,
      "author_id": "not defined",
      "author_name": "Keith White Jr.",
      "helpful": "2",
      "polarity": "",
      "rate": 1,
      "response": "",
      "response_date": "",
      "review": "Keeps asking for my pass code and does a verify account thing. 13 times and \nstill it won't log me in. This app is very broken",
      "review_date": [
        "July",
        "4",
        " 2018"
      ]
    },
    {
      "REQ_subtype": "",
      "REQ_type": "",
      "_id": 48,
      "author_id": "not defined",
      "author_name": "Topp Nickmann",
      "helpful": "0",
      "polarity": "",
      "rate": 1,
      "response": "",
      "response_date": "",
      "review": "wasted my time and effort. Its not allowing me to signup and keep on asking \nme to provide my date of birth even though I'm providing the right one with \nthe correct format.",
      "review_date": [
        "July",
        "8",
        " 2018"
      ]
    },
    {
      "REQ_subtype": "",
      "REQ_type": "",
      "_id": 49,
      "author_id": "not defined",
      "author_name": "John R.",
      "helpful": "11",
      "polarity": "",
      "rate": 1,
      "response": "",
      "response_date": "",
      "review": "PayPal is the worse I've ever seen in my life. Have had an account with \nthem over two years and nothing but constant headache and stress.",
      "review_date": [
        "June",
        "28",
        " 2018"
      ]
    },
    {
      "REQ_subtype": "",
      "REQ_type": "",
      "_id": 50,
      "author_id": "not defined",
      "author_name": "Col Wal",
      "helpful": "4",
      "polarity": "",
      "rate": 1,
      "response": "",
      "response_date": "",
      "review": "Poor log in...can access account via Web but not via app using same email \nand password... disappointing...been a PayPal user for 10 years +",
      "review_date": [
        "July",
        "1",
        " 2018"
      ]
    },
    {
      "REQ_subtype": "",
      "REQ_type": "",
      "_id": 51,
      "author_id": "not defined",
      "author_name": "Dennis W",
      "helpful": "0",
      "polarity": "",
      "rate": 2,
      "response": "",
      "response_date": "",
      "review": "Good app but horrible customer service. Expect stock replies that don't \nactually answer your question about the app (like when it will be available \nfor Android 7, the most popular android version ATM). Also their feedback \nemail is not in use and tells you to log into their website to ask questions",
      "review_date": [
        "June",
        "29",
        " 2018"
      ]
    },
    {
      "REQ_subtype": "",
      "REQ_type": "",
      "_id": 52,
      "author_id": "not defined",
      "author_name": "Jennie Hope",
      "helpful": "1",
      "polarity": "",
      "rate": 1,
      "response": "",
      "response_date": "",
      "review": "Waited a long time to download & it's junk. Will not accept my address. No \nway to contact these idiots.",
      "review_date": [
        "July",
        "7",
        " 2018"
      ]
    },
    {
      "REQ_subtype": "",
      "REQ_type": "",
      "_id": 53,
      "author_id": "not defined",
      "author_name": "Debra Mode",
      "helpful": "1",
      "polarity": "",
      "rate": 5,
      "response": "",
      "response_date": "",
      "review": "I feel much safer using pay pal my account was hacked but they didn't get \ninto my bank account",
      "review_date": [
        "June",
        "28",
        " 2018"
      ]
    },
    {
      "REQ_subtype": "",
      "REQ_type": "",
      "_id": 54,
      "author_id": "not defined",
      "author_name": "Diesel Red",
      "helpful": "8",
      "polarity": "",
      "rate": 2,
      "response": "",
      "response_date": "",
      "review": "This app sucks, while logged in the app if you click the tracking number of \na order it wants you to login to PayPal again. Not useful it makes no \nsense. Furthermore you already have access to the tracking number you can \ncopy it down and track it elsewhere there's no security benefit to doing it \nthis way you suck PayPal",
      "review_date": [
        "June",
        "26",
        " 2018"
      ]
    },
    {
      "REQ_subtype": "",
      "REQ_type": "",
      "_id": 55,
      "author_id": "not defined",
      "author_name": "Franz Cruz",
      "helpful": "4",
      "polarity": "",
      "rate": 4,
      "response": "",
      "response_date": "",
      "review": "Great app let down by none-working fingerprint login. Always asks for \npassword afterwards.",
      "review_date": [
        "June",
        "26",
        " 2018"
      ]
    },
    {
      "REQ_subtype": "",
      "REQ_type": "",
      "_id": 56,
      "author_id": "not defined",
      "author_name": "Junika Niken",
      "helpful": "1",
      "polarity": "",
      "rate": 4,
      "response": "",
      "response_date": "",
      "review": "I want to ask, I want to send money with \"friends and family\" type, with \nthe currency was same \"$USD\" to \"$USD\". First time, I send it without \ngetting fee. It's free. But, when I want to send again, it got fee like I \nwant to send $2,50 USD and the fee was $2,50 USD and that makes me paid $5 \nUSD. What should I do? Why was like that? Please give me help...",
      "review_date": [
        "July",
        "6",
        " 2018"
      ]
    },
    {
      "REQ_subtype": "",
      "REQ_type": "",
      "_id": 57,
      "author_id": "not defined",
      "author_name": "Ricky Shannan",
      "helpful": "0",
      "polarity": "",
      "rate": 5,
      "response": "",
      "response_date": "",
      "review": "Constantly asked to log in when i am already signed in cant add tracking \ninfo and everytime i do log in again i just get redirected to the log in \npage needing sorted out cant even contact paypal because it asks me to log \nin again then redirects me \ud83d\ude21\ud83d\ude21\ud83d\ude21 very poor i have also been charged twice \nin error not once but twice",
      "review_date": [
        "July",
        "10",
        " 2018"
      ]
    },
    {
      "REQ_subtype": "",
      "REQ_type": "",
      "_id": 58,
      "author_id": "not defined",
      "author_name": "NIRMAN ARCHITECT",
      "helpful": "3",
      "polarity": "",
      "rate": 1,
      "response": "",
      "response_date": "",
      "review": "Plz do not use this app and websites he eat my money \ud83d\ude30\ud83d\ude30\ud83d\ude30 not give me \nreply i hate u paypal",
      "review_date": [
        "July",
        "4",
        " 2018"
      ]
    },
    {
      "REQ_subtype": "",
      "REQ_type": "",
      "_id": 59,
      "author_id": "not defined",
      "author_name": "Julio Lagara",
      "helpful": "6",
      "polarity": "",
      "rate": 4,
      "response": "",
      "response_date": "",
      "review": "Beautifully designed on version 6.0. Allegedly it says fingerprint support \nbut your target API is for Lollipop 5.0. Needs to be for Marshmallow 6.0 \nfor Fingerprint to work on a Nexus 6P.",
      "review_date": [
        "June",
        "28",
        " 2018"
      ]
    },
    {
      "REQ_subtype": "",
      "REQ_type": "",
      "_id": 60,
      "author_id": "not defined",
      "author_name": "Abdul Fahim",
      "helpful": "6",
      "polarity": "",
      "rate": 5,
      "response": "",
      "response_date": "",
      "review": "With the new update i am not able to login to my account. Please fix it.",
      "review_date": [
        "June",
        "26",
        " 2018"
      ]
    },
    {
      "REQ_subtype": "",
      "REQ_type": "",
      "_id": 61,
      "author_id": "not defined",
      "author_name": "Sara Hughes",
      "helpful": "0",
      "polarity": "",
      "rate": 3,
      "response": "",
      "response_date": "",
      "review": "Frustrated with this app. Added my bank card but my payments keep being \ndenied on the site I am using. My bank said PayPal is the issue, not them. \nThe site I am trying to make a purchase on also says PayPal is the problem.",
      "review_date": [
        "July",
        "5",
        " 2018"
      ]
    },
    {
      "REQ_subtype": "",
      "REQ_type": "",
      "_id": 62,
      "author_id": "not defined",
      "author_name": "Mick P",
      "helpful": "6",
      "polarity": "",
      "rate": 1,
      "response": "",
      "response_date": "",
      "review": "Will never use this service again holding my partners money for 21 days but \ndon't warn you of that when they're trying to promote their scam company!! \nAvoid at all cost",
      "review_date": [
        "June",
        "26",
        " 2018"
      ]
    },
    {
      "REQ_subtype": "",
      "REQ_type": "",
      "_id": 63,
      "author_id": "not defined",
      "author_name": "Bradley Johnson",
      "helpful": "0",
      "polarity": "",
      "rate": 1,
      "response": "",
      "response_date": "",
      "review": "No matter what bank card that I use it seems like it doesn't want to work \nbut this also happened on a PC to what have you done PayPal can you fix \nthis problem.",
      "review_date": [
        "July",
        "7",
        " 2018"
      ]
    },
    {
      "REQ_subtype": "",
      "REQ_type": "",
      "_id": 64,
      "author_id": "not defined",
      "author_name": "Justin Roach",
      "helpful": "0",
      "polarity": "",
      "rate": 3,
      "response": "",
      "response_date": "",
      "review": "It worked omay for my first couple transfers. Then they started putting my \ntransfers on hold for 24 hrs. Now when I try to transfer money from my \nPayPal to debit card it says sorry something when wrong on our end. And \nivet won't transfer now. They obviously make there money off having our \nmoney sitting in there account. LAME!!!!!",
      "review_date": [
        "July",
        "10",
        " 2018"
      ]
    },
    {
      "REQ_subtype": "",
      "REQ_type": "",
      "_id": 65,
      "author_id": "not defined",
      "author_name": "Fragilus Helexases",
      "helpful": "0",
      "polarity": "",
      "rate": 2,
      "response": "",
      "response_date": "",
      "review": "link card error beware!!! when a add my card it keeps on giving ang error \nthat it cant process the request... so i keep on pressing the link card... \nand wen i check the balance in my card it deducted 266 pesos.. do something \nabout this plz.",
      "review_date": [
        "July",
        "10",
        " 2018"
      ]
    },
    {
      "REQ_subtype": "",
      "REQ_type": "",
      "_id": 66,
      "author_id": "not defined",
      "author_name": "Gautam Tirkha",
      "helpful": "0",
      "polarity": "",
      "rate": 3,
      "response": "",
      "response_date": "",
      "review": "I can't understand why no option to par with PayPal. Me link, even if I've \ninstalled the app PayPal.me links open with chrome not with PayPal",
      "review_date": [
        "July",
        "6",
        " 2018"
      ]
    },
    {
      "REQ_subtype": "",
      "REQ_type": "",
      "_id": 67,
      "author_id": "not defined",
      "author_name": "Matthew Botha",
      "helpful": "0",
      "polarity": "",
      "rate": 1,
      "response": "",
      "response_date": "",
      "review": "I have waited friking 4 days for my money, I have emailed them and they \nhaven't even responed, honestly I think this app is a waste of time.",
      "review_date": [
        "July",
        "4",
        " 2018"
      ]
    },
    {
      "REQ_subtype": "",
      "REQ_type": "",
      "_id": 68,
      "author_id": "not defined",
      "author_name": "Otobong Obot",
      "helpful": "0",
      "polarity": "",
      "rate": 2,
      "response": "",
      "response_date": "",
      "review": "I can't receive money from my friends (PayPal users) in USA, but i can send \neasily. What could be the issue please?",
      "review_date": [
        "July",
        "4",
        " 2018"
      ]
    },
    {
      "REQ_subtype": "",
      "REQ_type": "",
      "_id": 69,
      "author_id": "not defined",
      "author_name": "Drake VanMorrison",
      "helpful": "0",
      "polarity": "",
      "rate": 5,
      "response": "",
      "response_date": "",
      "review": "There's a lot of companies vying for use by the masses, but PayPal always \nworks, and well. Always has, probably always will. Thanks PayPal, you're a \npal indeed \ud83d\udc4d",
      "review_date": [
        "July",
        "10",
        " 2018"
      ]
    },
    {
      "REQ_subtype": "",
      "REQ_type": "",
      "_id": 70,
      "author_id": "not defined",
      "author_name": "Neeraj Kumar Yogi",
      "helpful": "0",
      "polarity": "",
      "rate": 1,
      "response": "",
      "response_date": "",
      "review": "I just forgot my password, going to reset. Showing only robotic \nconfirmation, not even sending otp on my registered number. Very worst.",
      "review_date": [
        "July",
        "9",
        " 2018"
      ]
    },
    {
      "REQ_subtype": "",
      "REQ_type": "",
      "_id": 71,
      "author_id": "not defined",
      "author_name": "KissKris Madness",
      "helpful": "2",
      "polarity": "",
      "rate": 1,
      "response": "",
      "response_date": "",
      "review": "I can not use this app because it always crashes every single time I try to \nsign in so I can only use the website still.",
      "review_date": [
        "June",
        "27",
        " 2018"
      ]
    },
    {
      "REQ_subtype": "",
      "REQ_type": "",
      "_id": 72,
      "author_id": "not defined",
      "author_name": "David Meyer",
      "helpful": "2",
      "polarity": "",
      "rate": 1,
      "response": "",
      "response_date": "",
      "review": "If you allow fingerprint login, then stop defaulting to password",
      "review_date": [
        "July",
        "3",
        " 2018"
      ]
    },
    {
      "REQ_subtype": "",
      "REQ_type": "",
      "_id": 73,
      "author_id": "not defined",
      "author_name": "D. T.",
      "helpful": "0",
      "polarity": "",
      "rate": 1,
      "response": "",
      "response_date": "",
      "review": "Money withdraw should be in two hours,but now should wait for it 72 \nhour.just no serious at all for such big company.",
      "review_date": [
        "July",
        "4",
        " 2018"
      ]
    },
    {
      "REQ_subtype": "",
      "REQ_type": "",
      "_id": 74,
      "author_id": "not defined",
      "author_name": "Steve Buddy",
      "helpful": "0",
      "polarity": "",
      "rate": 2,
      "response": "",
      "response_date": "",
      "review": "The PayPal app dissappears right after logging in! What's going on, \nPayPal?!?! I'm using a brand new Samsung Note8 so I highly doubt it's my \nphone!",
      "review_date": [
        "July",
        "6",
        " 2018"
      ]
    },
    {
      "REQ_subtype": "",
      "REQ_type": "",
      "_id": 75,
      "author_id": "not defined",
      "author_name": "Reagan Gray",
      "helpful": "0",
      "polarity": "",
      "rate": 1,
      "response": "",
      "response_date": "",
      "review": "Once the app updated, I can't see paypal credit or make payments from the \napp. Just shows a feed of my activity",
      "review_date": [
        "July",
        "4",
        " 2018"
      ]
    },
    {
      "REQ_subtype": "",
      "REQ_type": "",
      "_id": 76,
      "author_id": "not defined",
      "author_name": "Scottie Combs",
      "helpful": "11",
      "polarity": "",
      "rate": 5,
      "response": "",
      "response_date": "",
      "review": "It's a great app to have to send money or get, pay bills or get played, \nlove this app",
      "review_date": [
        "June",
        "23",
        " 2018"
      ]
    },
    {
      "REQ_subtype": "",
      "REQ_type": "",
      "_id": 77,
      "author_id": "not defined",
      "author_name": "Rik OShea",
      "helpful": "0",
      "polarity": "",
      "rate": 1,
      "response": "",
      "response_date": "",
      "review": "Stupid app won't let me confirm my bank account. Its a dead link. Keep \nsending me deposits though Muppets.",
      "review_date": [
        "July",
        "3",
        " 2018"
      ]
    },
    {
      "REQ_subtype": "",
      "REQ_type": "",
      "_id": 78,
      "author_id": "not defined",
      "author_name": "Maria Cvetkovski",
      "helpful": "5",
      "polarity": "",
      "rate": 1,
      "response": "",
      "response_date": "",
      "review": "New update does not work. I cannot scan my finger print being trying for \n2days now.",
      "review_date": [
        "June",
        "27",
        " 2018"
      ]
    },
    {
      "REQ_subtype": "",
      "REQ_type": "",
      "_id": 79,
      "author_id": "not defined",
      "author_name": "Becci Adams",
      "helpful": "0",
      "polarity": "",
      "rate": 3,
      "response": "",
      "response_date": "",
      "review": "Why is it I have to uninstall and reinstall this stupid app. I see crazy \nletters and #s where it should be PayPal",
      "review_date": [
        "July",
        "8",
        " 2018"
      ]
    },
    {
      "REQ_subtype": "",
      "REQ_type": "",
      "_id": 80,
      "author_id": "not defined",
      "author_name": "Neha Thapa",
      "helpful": "1",
      "polarity": "",
      "rate": 1,
      "response": "",
      "response_date": "",
      "review": "It crashes every time I try to open it. Such a waste of time",
      "review_date": [
        "July",
        "6",
        " 2018"
      ]
    },
    {
      "REQ_subtype": "",
      "REQ_type": "",
      "_id": 81,
      "author_id": "not defined",
      "author_name": "Tony",
      "helpful": "0",
      "polarity": "",
      "rate": 1,
      "response": "",
      "response_date": "",
      "review": "Very dumb payment system that will make dumb descision on which available \nfund to draw from. Thanks for the overdraft fees.",
      "review_date": [
        "July",
        "5",
        " 2018"
      ]
    },
    {
      "REQ_subtype": "",
      "REQ_type": "",
      "_id": 82,
      "author_id": "not defined",
      "author_name": "Nic O'Donnell",
      "helpful": "0",
      "polarity": "",
      "rate": 1,
      "response": "",
      "response_date": "",
      "review": "Goes to login page but when signing in it crashes and shuts. Such a \ndisappointment as used this app for years",
      "review_date": [
        "July",
        "9",
        " 2018"
      ]
    },
    {
      "REQ_subtype": "",
      "REQ_type": "",
      "_id": 83,
      "author_id": "not defined",
      "author_name": "Nitin mehrok",
      "helpful": "2",
      "polarity": "",
      "rate": 2,
      "response": "",
      "response_date": "",
      "review": "my payment is stopped for many days. it doesn't send my money to account",
      "review_date": [
        "July",
        "4",
        " 2018"
      ]
    },
    {
      "REQ_subtype": "",
      "REQ_type": "",
      "_id": 84,
      "author_id": "not defined",
      "author_name": "Kasim",
      "helpful": "0",
      "polarity": "",
      "rate": 3,
      "response": "",
      "response_date": "",
      "review": "Simple to use. Just make payment Pending more quick. It takes 2 weeks to \nget paid from a sale, and the money should be deposited to users bank \naccount automatically..",
      "review_date": [
        "July",
        "7",
        " 2018"
      ]
    },
    {
      "REQ_subtype": "",
      "REQ_type": "",
      "_id": 85,
      "author_id": "not defined",
      "author_name": "Desiola Kolade",
      "helpful": "0",
      "polarity": "",
      "rate": 2,
      "response": "",
      "response_date": "",
      "review": "I'm having problems signing into my account. I installed it on my phone \nseveral minutes ago.",
      "review_date": [
        "July",
        "10",
        " 2018"
      ]
    },
    {
      "REQ_subtype": "",
      "REQ_type": "",
      "_id": 86,
      "author_id": "not defined",
      "author_name": "Tommy DeHart",
      "helpful": "0",
      "polarity": "",
      "rate": 4,
      "response": "",
      "response_date": "",
      "review": "Will not let me request money. Upon submitting my request, it says that I \ncan't send money to myself. The email of the person I am requesting money \nfrom is clearly shown above the submit button.",
      "review_date": [
        "July",
        "10",
        " 2018"
      ]
    },
    {
      "REQ_subtype": "",
      "REQ_type": "",
      "_id": 87,
      "author_id": "not defined",
      "author_name": "Bright X",
      "helpful": "0",
      "polarity": "",
      "rate": 1,
      "response": "",
      "response_date": "",
      "review": "I think people gotta stop using PayPal their f****** crooks there starting \nto add more fees to the accounts . if you buy cheap items they put another \nfee same because it's too cheap and they have to charge a government fee on \ntop of it f****** c*** I'm going to stop using these bastards from now on I \nthink everyone's got to stop using PayPal. There making billions of dollars \nout of people anything you buy in eBay make sure before you pay look right \ndown the bottom there's another fee added just recently",
      "review_date": [
        "July",
        "3",
        " 2018"
      ]
    },
    {
      "REQ_subtype": "",
      "REQ_type": "",
      "_id": 88,
      "author_id": "not defined",
      "author_name": "Alim Gonzalez",
      "helpful": "9",
      "polarity": "",
      "rate": 1,
      "response": "",
      "response_date": "",
      "review": "Says my card is a prepaid card, it's a Visa paycard, I use it everywhere \nelse no problem",
      "review_date": [
        "June",
        "23",
        " 2018"
      ]
    },
    {
      "REQ_subtype": "",
      "REQ_type": "",
      "_id": 89,
      "author_id": "not defined",
      "author_name": "shan games",
      "helpful": "0",
      "polarity": "",
      "rate": 1,
      "response": "",
      "response_date": "",
      "review": "I really hate this app because when I sign up she's taking me a home",
      "review_date": [
        "July",
        "9",
        " 2018"
      ]
    },
    {
      "REQ_subtype": "",
      "REQ_type": "",
      "_id": 90,
      "author_id": "not defined",
      "author_name": "beginner /",
      "helpful": "0",
      "polarity": "",
      "rate": 3,
      "response": "",
      "response_date": "",
      "review": "Please does not transfer my balance to my bank account without my \npermission. Please solve this issue.",
      "review_date": [
        "July",
        "9",
        " 2018"
      ]
    },
    {
      "REQ_subtype": "",
      "REQ_type": "",
      "_id": 91,
      "author_id": "not defined",
      "author_name": "andre muise",
      "helpful": "0",
      "polarity": "",
      "rate": 1,
      "response": "",
      "response_date": "",
      "review": "At the capacity this company does business you'd think you'd be able to \nchange a phone number with the CHANGE link next to your phone number. After \nadding one successfully through a web browser",
      "review_date": [
        "July",
        "10",
        " 2018"
      ]
    },
    {
      "REQ_subtype": "",
      "REQ_type": "",
      "_id": 92,
      "author_id": "not defined",
      "author_name": "Susan Lewis",
      "helpful": "0",
      "polarity": "",
      "rate": 1,
      "response": "",
      "response_date": "",
      "review": "I thought this would be be a fast, secure way to transfer funds. It's been \n3 days and the transaction is still pending. Google Pay is instant. As soon \nas this transaction clears, I'm uninstalling.",
      "review_date": [
        "July",
        "10",
        " 2018"
      ]
    },
    {
      "REQ_subtype": "",
      "REQ_type": "",
      "_id": 93,
      "author_id": "not defined",
      "author_name": "Marco Gonzalez",
      "helpful": "0",
      "polarity": "",
      "rate": 1,
      "response": "",
      "response_date": "",
      "review": "Why do they make it so hard to cancel a payment. Seriously disappointed",
      "review_date": [
        "July",
        "5",
        " 2018"
      ]
    },
    {
      "REQ_subtype": "",
      "REQ_type": "",
      "_id": 94,
      "author_id": "not defined",
      "author_name": "Zim Boy98",
      "helpful": "0",
      "polarity": "",
      "rate": 1,
      "response": "",
      "response_date": "",
      "review": "Piece of junk wont let me login. I have to use the desktop instead.",
      "review_date": [
        "July",
        "6",
        " 2018"
      ]
    },
    {
      "REQ_subtype": "",
      "REQ_type": "",
      "_id": 95,
      "author_id": "not defined",
      "author_name": "Rita Arredondo",
      "helpful": "0",
      "polarity": "",
      "rate": 1,
      "response": "",
      "response_date": "",
      "review": "Have been trying all day to install this app but it's not easy",
      "review_date": [
        "July",
        "5",
        " 2018"
      ]
    },
    {
      "REQ_subtype": "",
      "REQ_type": "",
      "_id": 96,
      "author_id": "not defined",
      "author_name": "Jessica Trigg",
      "helpful": "0",
      "polarity": "",
      "rate": 1,
      "response": "",
      "response_date": "",
      "review": "PayPal sucks they have updated their system now my debit card does not link \nup to their new system so I had to wait for my check to be mailed. Y'all \nget paid when you get paid so you can take care of your family now I have \nto wait for your people to send me a check to pay my bills and take care of \nmy children that is not",
      "review_date": [
        "July",
        "3",
        " 2018"
      ]
    },
    {
      "REQ_subtype": "",
      "REQ_type": "",
      "_id": 97,
      "author_id": "not defined",
      "author_name": "Thomas J. Kapp Jr.",
      "helpful": "0",
      "polarity": "",
      "rate": 5,
      "response": "",
      "response_date": "",
      "review": "It works well have used it 20 years with out any problems",
      "review_date": [
        "July",
        "4",
        " 2018"
      ]
    },
    {
      "REQ_subtype": "",
      "REQ_type": "",
      "_id": 98,
      "author_id": "not defined",
      "author_name": "chris stang",
      "helpful": "0",
      "polarity": "",
      "rate": 1,
      "response": "",
      "response_date": "",
      "review": "They took away the ability to refund and send money to people who send you \nmoney, now you have to go all the way back and type in their email to send \nthem money",
      "review_date": [
        "July",
        "3",
        " 2018"
      ]
    },
    {
      "REQ_subtype": "",
      "REQ_type": "",
      "_id": 99,
      "author_id": "not defined",
      "author_name": "Matt Loftus",
      "helpful": "0",
      "polarity": "",
      "rate": 2,
      "response": "",
      "response_date": "",
      "review": "Not one problem from them..except the feature to use paypal credit at \ndollar general stores and auto zones was removed..you get 2 stars now",
      "review_date": [
        "June",
        "28",
        " 2018"
      ]
    },
    {
      "REQ_subtype": "",
      "REQ_type": "",
      "_id": 100,
      "author_id": "not defined",
      "author_name": "Honey Jain",
      "helpful": "0",
      "polarity": "",
      "rate": 1,
      "response": "",
      "response_date": "",
      "review": "I wanted to creat my account in paypal but while signing up it does not \nshowing all state of India , even it is not showing capital of India Delhi.",
      "review_date": [
        "July",
        "10",
        " 2018"
      ]
    },
    {
      "REQ_subtype": "",
      "REQ_type": "",
      "_id": 101,
      "author_id": "not defined",
      "author_name": "Joanna J",
      "helpful": "6",
      "polarity": "",
      "rate": 5,
      "response": "",
      "response_date": "",
      "review": "Great app use it to do all payments on line \ud83d\ude0a",
      "review_date": [
        "June",
        "26",
        " 2018"
      ]
    },
    {
      "REQ_subtype": "",
      "REQ_type": "",
      "_id": 102,
      "author_id": "not defined",
      "author_name": "Ags Aguilar",
      "helpful": "0",
      "polarity": "",
      "rate": 5,
      "response": "",
      "response_date": "",
      "review": "GREAT! HOPE WE CAN MANAGE CURRENCY WITHIN THE APP, AND HAVE AN OPTION TO \nTRANSFER VIA CARD.",
      "review_date": [
        "July",
        "9",
        " 2018"
      ]
    },
    {
      "REQ_subtype": "",
      "REQ_type": "",
      "_id": 103,
      "author_id": "not defined",
      "author_name": "A Google user",
      "helpful": "0",
      "polarity": "",
      "rate": 4,
      "response": "",
      "response_date": "",
      "review": "I have loved the app for years. It's started having bugs with log ins the \nlast few weeks. Hopefully they get it fixed quick.",
      "review_date": [
        "July",
        "9",
        " 2018"
      ]
    },
    {
      "REQ_subtype": "",
      "REQ_type": "",
      "_id": 104,
      "author_id": "not defined",
      "author_name": "Steve Delarosa",
      "helpful": "0",
      "polarity": "",
      "rate": 1,
      "response": "",
      "response_date": "",
      "review": "BEWARE they will take you $$$ & issue funds without your approval !!!",
      "review_date": [
        "July",
        "9",
        " 2018"
      ]
    },
    {
      "REQ_subtype": "",
      "REQ_type": "",
      "_id": 105,
      "author_id": "not defined",
      "author_name": "Joshua Laryea",
      "helpful": "1",
      "polarity": "",
      "rate": 4,
      "response": "",
      "response_date": "",
      "review": "Great app but this version unfortunately still doesn't have the cash a \ncheck feature.",
      "review_date": [
        "June",
        "29",
        " 2018"
      ]
    },
    {
      "REQ_subtype": "",
      "REQ_type": "",
      "_id": 106,
      "author_id": "not defined",
      "author_name": "Lizette M. AKA Airheaded Fangirl",
      "helpful": "0",
      "polarity": "",
      "rate": 3,
      "response": "",
      "response_date": "",
      "review": "It's not allowing me to link my account anywhere? Do I need to add a card \nor something just to let people find my account?",
      "review_date": [
        "July",
        "6",
        " 2018"
      ]
    },
    {
      "REQ_subtype": "",
      "REQ_type": "",
      "_id": 107,
      "author_id": "not defined",
      "author_name": "Ben Fields",
      "helpful": "0",
      "polarity": "",
      "rate": 1,
      "response": "",
      "response_date": "",
      "review": "App crashing when I try to transfer money.",
      "review_date": [
        "June",
        "29",
        " 2018"
      ]
    },
    {
      "REQ_subtype": "",
      "REQ_type": "",
      "_id": 108,
      "author_id": "not defined",
      "author_name": "A Google user",
      "helpful": "0",
      "polarity": "",
      "rate": 3,
      "response": "",
      "response_date": "",
      "review": "Improved significantly but they need to update PayPal credit better like \nviewing statement through app not just transactions.",
      "review_date": [
        "July",
        "5",
        " 2018"
      ]
    },
    {
      "REQ_subtype": "",
      "REQ_type": "",
      "_id": 109,
      "author_id": "not defined",
      "author_name": "A Google user",
      "helpful": "0",
      "polarity": "",
      "rate": 4,
      "response": "",
      "response_date": "",
      "review": "It's ok nut previous wa easier to navigate to various payment options and \ndeferred payment due dates and balances. Google is getting to be a \ndistraction.",
      "review_date": [
        "July",
        "9",
        " 2018"
      ]
    },
    {
      "REQ_subtype": "",
      "REQ_type": "",
      "_id": 110,
      "author_id": "not defined",
      "author_name": "Gerardo Fedon",
      "helpful": "0",
      "polarity": "",
      "rate": 2,
      "response": "",
      "response_date": "",
      "review": "I can't log in since changing my password, making the app useless since I \nrefuse to change my password to something weaker.",
      "review_date": [
        "July",
        "3",
        " 2018"
      ]
    },
    {
      "REQ_subtype": "",
      "REQ_type": "",
      "_id": 111,
      "author_id": "not defined",
      "author_name": "Bryan Munar",
      "helpful": "0",
      "polarity": "",
      "rate": 4,
      "response": "",
      "response_date": "",
      "review": "Hello, I love the app, very useful and convenient, I was just wondering \nwhen will you enable PayPal to be used with Google pay in Canada?",
      "review_date": [
        "July",
        "8",
        " 2018"
      ]
    },
    {
      "REQ_subtype": "",
      "REQ_type": "",
      "_id": 112,
      "author_id": "not defined",
      "author_name": "A Google user",
      "helpful": "0",
      "polarity": "",
      "rate": 1,
      "response": "",
      "response_date": "",
      "review": "Put password in, crashes and closes. Useless",
      "review_date": [
        "July",
        "5",
        " 2018"
      ]
    },
    {
      "REQ_subtype": "",
      "REQ_type": "",
      "_id": 113,
      "author_id": "not defined",
      "author_name": "RAHUL JAiswal",
      "helpful": "0",
      "polarity": "",
      "rate": 1,
      "response": "",
      "response_date": "",
      "review": "Worst app Sign in problem Waste of time",
      "review_date": [
        "July",
        "4",
        " 2018"
      ]
    },
    {
      "REQ_subtype": "",
      "REQ_type": "",
      "_id": 114,
      "author_id": "not defined",
      "author_name": "Tukas Armanis",
      "helpful": "0",
      "polarity": "",
      "rate": 1,
      "response": "",
      "response_date": "",
      "review": "Useless cant login will close account",
      "review_date": [
        "July",
        "10",
        " 2018"
      ]
    },
    {
      "REQ_subtype": "",
      "REQ_type": "",
      "_id": 115,
      "author_id": "not defined",
      "author_name": "Ron downs",
      "helpful": "0",
      "polarity": "",
      "rate": 3,
      "response": "",
      "response_date": "",
      "review": "No comment@ this time Thanks again",
      "review_date": [
        "July",
        "5",
        " 2018"
      ]
    },
    {
      "REQ_subtype": "",
      "REQ_type": "",
      "_id": 116,
      "author_id": "not defined",
      "author_name": "Isaac Abouganem",
      "helpful": "0",
      "polarity": "",
      "rate": 2,
      "response": "",
      "response_date": "",
      "review": "This version is full of bugs, cannot switch accounts as before and even \ntrying to log out does nothing.",
      "review_date": [
        "July",
        "4",
        " 2018"
      ]
    },
    {
      "REQ_subtype": "",
      "REQ_type": "",
      "_id": 117,
      "author_id": "not defined",
      "author_name": "dkrocksuthar",
      "helpful": "0",
      "polarity": "",
      "rate": 5,
      "response": "",
      "response_date": "",
      "review": "This application is very good but I can't update my bank account in PayPal \naccount so please reply hurry......",
      "review_date": [
        "June",
        "30",
        " 2018"
      ]
    },
    {
      "REQ_subtype": "",
      "REQ_type": "",
      "_id": 118,
      "author_id": "not defined",
      "author_name": "nakanaela spencer",
      "helpful": "0",
      "polarity": "",
      "rate": 1,
      "response": "",
      "response_date": "",
      "review": "Tried making an account and I enter my address it keeps telling me to check \nthe address over and over, I'm in the us",
      "review_date": [
        "June",
        "30",
        " 2018"
      ]
    },
    {
      "REQ_subtype": "",
      "REQ_type": "",
      "_id": 119,
      "author_id": "not defined",
      "author_name": "Andy Anderson",
      "helpful": "1",
      "polarity": "",
      "rate": 1,
      "response": "",
      "response_date": "",
      "review": "PayPal sucks! It won't let me change my cc.",
      "review_date": [
        "July",
        "3",
        " 2018"
      ]
    }
  ],
  "size": "44",
  "url": "https://play.google.com/store/apps/details?id=com.paypal.android.p2pmobile",
  "version": "6.27.2"
}