{
  "categories": [
    "Health & Fitness"
  ],
  "description": "Relax Noise 3 masks nerving ambient noise and also your tinnitus with white, pink or red background noise.All three noise signals are random signals but with different acoustic colours:- White noise has a flat power spectral density and corresponds to the background noise of electronic amplifiers (thermal or resistor random noise).- Pink noise has a power spectral density which is inversely proportional to the frequency (1/f). Pink noise occurs in electronic devices (flicker radom noise) and also as ambient noise in the nature. It sounds like leaves rustling or rushing water.- Red or brown noise has like pink noise a decreasing power spectral density but it is louder at lower frequencies (1/f\u00b2). In nature it sound similar to waterfalls, heavy rainfalls or to the sounds of the sea.Just choose the ambient noise which you like most. Adjust the sound volume rather low so you can still hear the environmental noise.Never use it in road transport or while driving a car!!!You can also program the timer to turn off Relax Noise 3 automatically after an adjustable period of time. Setting the timer to \"00:00\" means that the timer is disabled and the random noise generator runs endless.Relax Noise 3 respects your privacy: Our random noise generator does not require any internet access and is free of advertising banners!Features:- 3 random noise sounds: white noise, pink noise- programmable timer (1min\u201324hours) to turn the noise generator off- adjustable random noise volume- dimmable background",
  "inc": "Martin Nathansen",
  "intalled_count": "100,000",
  "last_update": [
    "March",
    "26",
    " 2015"
  ],
  "name": "Relax Noise 3 - Tinnitus Mask",
  "offered_by": "Google Commerce Ltd",
  "permissions": {
    "Other": [
      "prevent device from sleeping"
    ]
  },
  "price": "",
  "rate": [
    [
      "661",
      "4.2"
    ],
    [
      "389",
      "5"
    ],
    [
      "127",
      "4"
    ],
    [
      "55",
      "3"
    ],
    [
      "37",
      "2"
    ],
    [
      "53",
      "1"
    ]
  ],
  "required_android": "2.1",
  "reviews": [
    {
      "REQ_subtype": "",
      "REQ_type": "",
      "_id": 0,
      "author_id": "not defined",
      "author_name": "Sarah Vance",
      "helpful": "0",
      "polarity": "",
      "rate": 5,
      "response": "",
      "response_date": "",
      "review": "I'm a VERY light sleeper. Any little sound will wake me up, making restful nights difficult to achieve. This app has been extremely effective in helping me overcome that. I put my headphones on, plug them into my phone and run this app (red noise). Works beautifully.",
      "review_date": [
        "April",
        "2",
        " 2015"
      ]
    },
    {
      "REQ_subtype": "",
      "REQ_type": "",
      "_id": 1,
      "author_id": "not defined",
      "author_name": "Justin T",
      "helpful": "19",
      "polarity": "",
      "rate": 5,
      "response": "",
      "response_date": "",
      "review": "Clean interface, small size, and easy to use. Helped me in the past when I had trouble sleeping.  The 2 phase generator sounds funny to me, maybe because I'm hearing the phasing of the noise. It sounds very electronic with reverb when on. I just turn off the 2 gen and it sounds perfect.  Awesome app!",
      "review_date": [
        "December",
        "12",
        " 2015"
      ]
    },
    {
      "REQ_subtype": "",
      "REQ_type": "",
      "_id": 2,
      "author_id": "not defined",
      "author_name": "Chris Lewis",
      "helpful": "20",
      "polarity": "",
      "rate": 5,
      "response": "",
      "response_date": "",
      "review": "This simple app works for me. I tried other apps that do running water, rain, birdsong etc. but they were too distracting for me. This produces white, pink or white noise which is regular and constant. I use it every night for 7 hours.  My tinnitus gets louder in quiet situations, so this both keeps it down, but also I can listen to this soothing sound rather than my tinnitus. Sounds illogical but it works for me.  Simple but effective.",
      "review_date": [
        "August",
        "13",
        " 2015"
      ]
    },
    {
      "REQ_subtype": "",
      "REQ_type": "",
      "_id": 3,
      "author_id": "not defined",
      "author_name": "Carlton Harris",
      "helpful": "4",
      "polarity": "",
      "rate": 5,
      "response": "",
      "response_date": "",
      "review": "The double tracking erases the obnoxious looping sound.  Not found in any other noise app I've used.",
      "review_date": [
        "September",
        "7",
        " 2015"
      ]
    },
    {
      "REQ_subtype": "",
      "REQ_type": "",
      "_id": 4,
      "author_id": "not defined",
      "author_name": "Mobile Devices",
      "helpful": "1",
      "polarity": "",
      "rate": 5,
      "response": "",
      "response_date": "",
      "review": "Simple and does the job.  Running it 24/7.  Makes a weird disruptive noise after running for 30+ hours... requires stop & restart.",
      "review_date": [
        "October",
        "6",
        " 2015"
      ]
    },
    {
      "REQ_subtype": "",
      "REQ_type": "",
      "_id": 5,
      "author_id": "not defined",
      "author_name": "Esuna Chamberlain",
      "helpful": "3",
      "polarity": "",
      "rate": 5,
      "response": "",
      "response_date": "",
      "review": "My tinnitus has got worse in recent years and bird song and waves just wasn't cutting it, this is super, asleep like a baby, red noise is great, thank you :)",
      "review_date": [
        "December",
        "29",
        " 2015"
      ]
    },
    {
      "REQ_subtype": "",
      "REQ_type": "",
      "_id": 6,
      "author_id": "not defined",
      "author_name": "Dan Worth",
      "helpful": "0",
      "polarity": "",
      "rate": 5,
      "response": "",
      "response_date": "",
      "review": "A truly excellent app!  The best sleep aid app I've found.  Red noise sounds just like brown noise zzz",
      "review_date": [
        "August",
        "29",
        " 2017"
      ]
    },
    {
      "REQ_subtype": "",
      "REQ_type": "",
      "_id": 7,
      "author_id": "not defined",
      "author_name": "Tao Scott",
      "helpful": "5",
      "polarity": "",
      "rate": 5,
      "response": "",
      "response_date": "",
      "review": "And only used about 20% of battery for 8 hours sleep with WiFi and data turned off",
      "review_date": [
        "May",
        "5",
        " 2015"
      ]
    },
    {
      "REQ_subtype": "",
      "REQ_type": "",
      "_id": 8,
      "author_id": "not defined",
      "author_name": "Steven Watson",
      "helpful": "2",
      "polarity": "",
      "rate": 1,
      "response": "",
      "response_date": "",
      "review": "I close it from the apps exit option and it stays on in the background. I force close it and it stops for a second then starts back up!",
      "review_date": [
        "September",
        "12",
        " 2015"
      ]
    },
    {
      "REQ_subtype": "",
      "REQ_type": "",
      "_id": 9,
      "author_id": "not defined",
      "author_name": "Dinesh Gupta",
      "helpful": "0",
      "polarity": "",
      "rate": 5,
      "response": "",
      "response_date": "",
      "review": "Good app. for those suffering from tinnitus.",
      "review_date": [
        "November",
        "2",
        " 2017"
      ]
    },
    {
      "REQ_subtype": "",
      "REQ_type": "",
      "_id": 10,
      "author_id": "not defined",
      "author_name": "Randy young",
      "helpful": "1",
      "polarity": "",
      "rate": 5,
      "response": "",
      "response_date": "",
      "review": "Simple to use and does not consume too much of your cells CPU power like others I've tried.",
      "review_date": [
        "February",
        "2",
        " 2016"
      ]
    },
    {
      "REQ_subtype": "",
      "REQ_type": "",
      "_id": 11,
      "author_id": "not defined",
      "author_name": "Nathan Hopper",
      "helpful": "0",
      "polarity": "",
      "rate": 5,
      "response": "",
      "response_date": "",
      "review": "Wish it had a few more customization options to fine tune the style of noise, and frequency, but otherwise it's an outstanding program. Simple, effective.",
      "review_date": [
        "November",
        "7",
        " 2015"
      ]
    },
    {
      "REQ_subtype": "",
      "REQ_type": "",
      "_id": 12,
      "author_id": "not defined",
      "author_name": "Abdul Munim Alwahab",
      "helpful": "0",
      "polarity": "",
      "rate": 1,
      "response": "",
      "response_date": "",
      "review": "it is not continuous sound but retarting every 30 seconds.",
      "review_date": [
        "March",
        "22",
        " 2016"
      ]
    },
    {
      "REQ_subtype": "",
      "REQ_type": "",
      "_id": 13,
      "author_id": "not defined",
      "author_name": "Parth Pandya",
      "helpful": "3",
      "polarity": "",
      "rate": 3,
      "response": "",
      "response_date": "",
      "review": "Can you make different volume for lefd and right ear",
      "review_date": [
        "September",
        "22",
        " 2015"
      ]
    },
    {
      "REQ_subtype": "",
      "REQ_type": "",
      "_id": 14,
      "author_id": "not defined",
      "author_name": "Andrew Dawber",
      "helpful": "2",
      "polarity": "",
      "rate": 5,
      "response": "",
      "response_date": "",
      "review": "one of the only white noise apps that work with my tinnitus",
      "review_date": [
        "March",
        "1",
        " 2017"
      ]
    },
    {
      "REQ_subtype": "",
      "REQ_type": "",
      "_id": 15,
      "author_id": "not defined",
      "author_name": "cindy baird",
      "helpful": "0",
      "polarity": "",
      "rate": 5,
      "response": "",
      "response_date": "",
      "review": "Helps block the ringing in my ears",
      "review_date": [
        "September",
        "11",
        " 2017"
      ]
    },
    {
      "REQ_subtype": "",
      "REQ_type": "",
      "_id": 16,
      "author_id": "not defined",
      "author_name": "Clive Jefferies",
      "helpful": "3",
      "polarity": "",
      "rate": 5,
      "response": "",
      "response_date": "",
      "review": "For my tinnitus. Thanks.",
      "review_date": [
        "April",
        "25",
        " 2015"
      ]
    },
    {
      "REQ_subtype": "",
      "REQ_type": "",
      "_id": 17,
      "author_id": "not defined",
      "author_name": "Yolanda Rudberg",
      "helpful": "1",
      "polarity": "",
      "rate": 2,
      "response": "",
      "response_date": "",
      "review": "With a pop.",
      "review_date": [
        "July",
        "10",
        " 2016"
      ]
    },
    {
      "REQ_subtype": "",
      "REQ_type": "",
      "_id": 18,
      "author_id": "not defined",
      "author_name": "Stefan Isendahl",
      "helpful": "2",
      "polarity": "",
      "rate": 5,
      "response": "",
      "response_date": "",
      "review": "A great help!",
      "review_date": [
        "January",
        "14",
        " 2016"
      ]
    },
    {
      "REQ_subtype": "",
      "REQ_type": "",
      "_id": 19,
      "author_id": "not defined",
      "author_name": "Lisa Raganold",
      "helpful": "1",
      "polarity": "",
      "rate": 5,
      "response": "",
      "response_date": "",
      "review": "It's easy and works",
      "review_date": [
        "May",
        "23",
        " 2016"
      ]
    },
    {
      "REQ_subtype": "",
      "REQ_type": "",
      "_id": 20,
      "author_id": "not defined",
      "author_name": "A Google user",
      "helpful": "0",
      "polarity": "",
      "rate": 5,
      "response": "",
      "response_date": "",
      "review": "I've used this app for a while now. Sleep in peace friends.",
      "review_date": [
        "May",
        "17",
        " 2017"
      ]
    },
    {
      "REQ_subtype": "",
      "REQ_type": "",
      "_id": 21,
      "author_id": "not defined",
      "author_name": "Craig Channell",
      "helpful": "0",
      "polarity": "",
      "rate": 5,
      "response": "",
      "response_date": "",
      "review": "Very good app",
      "review_date": [
        "March",
        "30",
        " 2017"
      ]
    },
    {
      "REQ_subtype": "",
      "REQ_type": "",
      "_id": 22,
      "author_id": "not defined",
      "author_name": "Ryan Thorgeirson",
      "helpful": "1",
      "polarity": "",
      "rate": 5,
      "response": "",
      "response_date": "",
      "review": "I have suffered from tinnitus since I was 7 yrs old. As it has gotten worse the white nose with 2nd noise generator active from this app is a lifesaver. I couldn't get work done now without it when my ringing is acting up.",
      "review_date": [
        "February",
        "16",
        " 2015"
      ]
    },
    {
      "REQ_subtype": "",
      "REQ_type": "",
      "_id": 23,
      "author_id": "not defined",
      "author_name": "John W.",
      "helpful": "1",
      "polarity": "",
      "rate": 4,
      "response": "",
      "response_date": "",
      "review": "Would like to modify the frequency. Used it for tinnitus and got some relief.  All i can say is its time for a newer operating system and that means buyin another phone.  Unemployed, can't see doing it right now.",
      "review_date": [
        "November",
        "4",
        " 2014"
      ]
    },
    {
      "REQ_subtype": "",
      "REQ_type": "",
      "_id": 24,
      "author_id": "not defined",
      "author_name": "Iahel Cathartes Aura",
      "helpful": "8",
      "polarity": "",
      "rate": 5,
      "response": "",
      "response_date": "",
      "review": "I never liked white noise or any background noise, strongly prefer silence, found nearly any noise to be too stimulating & distracting. But after developing some tinnitus in last few months, I gave this a try. I adore this app!!! Masks tinnitus  beautifully for me (mine sounds like a slow-turning ceiling fan + high-pitched ambient EMF). Set on pink noise thru speakers in day also gives me PERFECT mind-space for super-relaxed, creative work with no neck pain or tension at all! Magical! Healing!",
      "review_date": [
        "March",
        "7",
        " 2014"
      ]
    },
    {
      "REQ_subtype": "",
      "REQ_type": "",
      "_id": 25,
      "author_id": "not defined",
      "author_name": "Russ Arnett",
      "helpful": "3",
      "polarity": "",
      "rate": 5,
      "response": "",
      "response_date": "",
      "review": "I use the pink noise and I wish I had this years ago!! Has helped with the ringing in my ears when I sleep. My wife tells me I snore less.  ***Update: I have used this for 6 weeks now. I have never slept this well in years.***   Thanks Mr. Nathansen.",
      "review_date": [
        "March",
        "5",
        " 2014"
      ]
    },
    {
      "REQ_subtype": "",
      "REQ_type": "",
      "_id": 26,
      "author_id": "not defined",
      "author_name": "Kris V",
      "helpful": "0",
      "polarity": "",
      "rate": 5,
      "response": "",
      "response_date": "",
      "review": "I use red noise and sometimes pink one. Works great and the sound is quite strong. No ads or anything else that is annoying.  If you look for sth more diverse go for White Noise or Relax Melodies, if not then this is it. Big thanks dev",
      "review_date": [
        "May",
        "13",
        " 2014"
      ]
    },
    {
      "REQ_subtype": "",
      "REQ_type": "",
      "_id": 27,
      "author_id": "not defined",
      "author_name": "Subhash S.v",
      "helpful": "0",
      "polarity": "",
      "rate": 4,
      "response": "",
      "response_date": "",
      "review": "Great app.. but needs a tweak.   There seems to be a glitch in sw. For a second the noise stops and starts.  Annoying When it happens",
      "review_date": [
        "December",
        "28",
        " 2014"
      ]
    },
    {
      "REQ_subtype": "",
      "REQ_type": "",
      "_id": 28,
      "author_id": "not defined",
      "author_name": "Rhiannon Martin",
      "helpful": "0",
      "polarity": "",
      "rate": 5,
      "response": "",
      "response_date": "",
      "review": "I've been dealing with ringing in my ears for about a year now. I installed this last night, and so far, it's awesome. I turn the red noise on low, plug in my ear bud, and zzzzzzz! Samsung Galaxy 4s",
      "review_date": [
        "April",
        "24",
        " 2014"
      ]
    },
    {
      "REQ_subtype": "",
      "REQ_type": "",
      "_id": 29,
      "author_id": "not defined",
      "author_name": "ian huet",
      "helpful": "1",
      "polarity": "",
      "rate": 5,
      "response": "",
      "response_date": "",
      "review": "Gets me to sleep on restless nights or if I'm spending the night somewhere. I would like to see black noise added. I used one app that had it but the loop was to noticeable",
      "review_date": [
        "April",
        "10",
        " 2014"
      ]
    },
    {
      "REQ_subtype": "",
      "REQ_type": "",
      "_id": 30,
      "author_id": "not defined",
      "author_name": "James Yeh",
      "helpful": "1",
      "polarity": "",
      "rate": 3,
      "response": "",
      "response_date": "",
      "review": "This app is almost perfect but it had small gaps in continuity that are very annoying. These gaps occur even when the app's parallel mode is on.",
      "review_date": [
        "October",
        "15",
        " 2014"
      ]
    },
    {
      "REQ_subtype": "",
      "REQ_type": "",
      "_id": 31,
      "author_id": "not defined",
      "author_name": "Brian Smith",
      "helpful": "3",
      "polarity": "",
      "rate": 1,
      "response": "",
      "response_date": "",
      "review": "It keeps hiccuping. It's always done so but now more apparent than ever. Cannot use anymore. (pink noise)",
      "review_date": [
        "October",
        "14",
        " 2014"
      ]
    },
    {
      "REQ_subtype": "",
      "REQ_type": "",
      "_id": 32,
      "author_id": "not defined",
      "author_name": "Pat C",
      "helpful": "0",
      "polarity": "",
      "rate": 5,
      "response": "",
      "response_date": "",
      "review": "Very simple, yet effective. I've tried almost all of the other tinnitus apps, and removed them.  This app is all I need for instant relief.",
      "review_date": [
        "August",
        "30",
        " 2014"
      ]
    },
    {
      "REQ_subtype": "",
      "REQ_type": "",
      "_id": 33,
      "author_id": "not defined",
      "author_name": "Richard G",
      "helpful": "3",
      "polarity": "",
      "rate": 4,
      "response": "",
      "response_date": "",
      "review": "I have using this app for a few months without incident, until recently. Running Andriod 2.3.5 It has frozen(My Phone) at least four times in the last two weeks upon completing its scheduled termination.  Two other times it interfered with my Alarm Clock. Not Good!  This is a great app!!!       BUT WHY HAS IT TURNED TO CRAP??? Update:...just installed on Moto x. I hope it works without any hiccups. I think it will work just fine though. Good work either way.",
      "review_date": [
        "March",
        "27",
        " 2014"
      ]
    },
    {
      "REQ_subtype": "",
      "REQ_type": "",
      "_id": 34,
      "author_id": "not defined",
      "author_name": "Caroline Kirkham",
      "helpful": "2",
      "polarity": "",
      "rate": 4,
      "response": "",
      "response_date": "",
      "review": "I have tinnitus on a regular basis and it gives me such a headache but with this app it covers the tinnitus nicely with the sound of a fan or crashing waves which is much better. A good app to cover tinnitus!",
      "review_date": [
        "June",
        "3",
        " 2014"
      ]
    },
    {
      "REQ_subtype": "",
      "REQ_type": "",
      "_id": 35,
      "author_id": "not defined",
      "author_name": "Jacob Moss",
      "helpful": "1",
      "polarity": "",
      "rate": 4,
      "response": "",
      "response_date": "",
      "review": "There is a more noticeable skip in the sound lately. It's starting to get annoying. It's better when playing 2 noise generators.",
      "review_date": [
        "June",
        "20",
        " 2014"
      ]
    },
    {
      "REQ_subtype": "",
      "REQ_type": "",
      "_id": 36,
      "author_id": "not defined",
      "author_name": "Kevin Layer",
      "helpful": "1",
      "polarity": "",
      "rate": 3,
      "response": "",
      "response_date": "",
      "review": "For me, on all three types,, I can still hear the noise in my head that the app is supposed to be covering up. The headset button thing is the worst thing though.",
      "review_date": [
        "December",
        "31",
        " 2014"
      ]
    },
    {
      "REQ_subtype": "",
      "REQ_type": "",
      "_id": 37,
      "author_id": "not defined",
      "author_name": "Emma Roughley",
      "helpful": "1",
      "polarity": "",
      "rate": 3,
      "response": "",
      "response_date": "",
      "review": "It's o.k. But just not for Me. Definitely masks the tinnitus but afterwards my tinnitus sounds even louder.",
      "review_date": [
        "April",
        "9",
        " 2014"
      ]
    },
    {
      "REQ_subtype": "",
      "REQ_type": "",
      "_id": 38,
      "author_id": "not defined",
      "author_name": "Drew Parker",
      "helpful": "0",
      "polarity": "",
      "rate": 5,
      "response": "",
      "response_date": "",
      "review": "It really helps me fall asleep at night. I personally like the red noise.",
      "review_date": [
        "October",
        "1",
        " 2014"
      ]
    },
    {
      "REQ_subtype": "",
      "REQ_type": "",
      "_id": 39,
      "author_id": "not defined",
      "author_name": "Becky Blunt",
      "helpful": "1",
      "polarity": "",
      "rate": 3,
      "response": "",
      "response_date": "",
      "review": "Can tell when the sound starts over. Long loop but startles me when starts over.",
      "review_date": [
        "June",
        "22",
        " 2014"
      ]
    },
    {
      "REQ_subtype": "",
      "REQ_type": "",
      "_id": 40,
      "author_id": "not defined",
      "author_name": "M Wolek",
      "helpful": "1",
      "polarity": "",
      "rate": 5,
      "response": "",
      "response_date": "",
      "review": "But effective . It's brought down the volume to a  level that I can live with. Thank you for sharing this app.",
      "review_date": [
        "April",
        "22",
        " 2014"
      ]
    },
    {
      "REQ_subtype": "",
      "REQ_type": "",
      "_id": 41,
      "author_id": "not defined",
      "author_name": "meg soos",
      "helpful": "0",
      "polarity": "",
      "rate": 4,
      "response": "",
      "response_date": "",
      "review": "Gud app! Helps me get sleep.",
      "review_date": [
        "September",
        "9",
        " 2014"
      ]
    },
    {
      "REQ_subtype": "",
      "REQ_type": "",
      "_id": 42,
      "author_id": "not defined",
      "author_name": "Short Link",
      "helpful": "1",
      "polarity": "",
      "rate": 5,
      "response": "",
      "response_date": "",
      "review": "Good whitenoise generator",
      "review_date": [
        "October",
        "17",
        " 2014"
      ]
    },
    {
      "REQ_subtype": "",
      "REQ_type": "",
      "_id": 43,
      "author_id": "not defined",
      "author_name": "Tim Shenk",
      "helpful": "0",
      "polarity": "",
      "rate": 5,
      "response": "",
      "response_date": "",
      "review": "Thanks",
      "review_date": [
        "April",
        "28",
        " 2014"
      ]
    },
    {
      "REQ_subtype": "",
      "REQ_type": "",
      "_id": 44,
      "author_id": "not defined",
      "author_name": "Emma Scuffham",
      "helpful": "0",
      "polarity": "",
      "rate": 4,
      "response": "",
      "response_date": "",
      "review": "Cool I guess!",
      "review_date": [
        "March",
        "16",
        " 2015"
      ]
    },
    {
      "REQ_subtype": "",
      "REQ_type": "",
      "_id": 45,
      "author_id": "not defined",
      "author_name": "pratik raut",
      "helpful": "0",
      "polarity": "",
      "rate": 5,
      "response": "",
      "response_date": "",
      "review": "Best n west",
      "review_date": [
        "March",
        "26",
        " 2014"
      ]
    },
    {
      "REQ_subtype": "",
      "REQ_type": "",
      "_id": 46,
      "author_id": "not defined",
      "author_name": "Olsi Xhaferaj",
      "helpful": "0",
      "polarity": "",
      "rate": 5,
      "response": "",
      "response_date": "",
      "review": "I can sleep :)",
      "review_date": [
        "February",
        "24",
        " 2014"
      ]
    },
    {
      "REQ_subtype": "",
      "REQ_type": "",
      "_id": 47,
      "author_id": "not defined",
      "author_name": "mini apte",
      "helpful": "0",
      "polarity": "",
      "rate": 2,
      "response": "",
      "response_date": "",
      "review": "Gud",
      "review_date": [
        "March",
        "26",
        " 2014"
      ]
    },
    {
      "REQ_subtype": "",
      "REQ_type": "",
      "_id": 48,
      "author_id": "not defined",
      "author_name": "Charles Allen",
      "helpful": "0",
      "polarity": "",
      "rate": 5,
      "response": "",
      "response_date": "",
      "review": "Brilliant app.",
      "review_date": [
        "November",
        "27",
        " 2014"
      ]
    },
    {
      "REQ_subtype": "",
      "REQ_type": "",
      "_id": 49,
      "author_id": "not defined",
      "author_name": "Amit Johar",
      "helpful": "0",
      "polarity": "",
      "rate": 5,
      "response": "",
      "response_date": "",
      "review": "Love it",
      "review_date": [
        "May",
        "12",
        " 2014"
      ]
    },
    {
      "REQ_subtype": "",
      "REQ_type": "",
      "_id": 50,
      "author_id": "not defined",
      "author_name": "Saiful Islam",
      "helpful": "0",
      "polarity": "",
      "rate": 5,
      "response": "",
      "response_date": "",
      "review": "Wonderful",
      "review_date": [
        "July",
        "24",
        " 2014"
      ]
    },
    {
      "REQ_subtype": "",
      "REQ_type": "",
      "_id": 51,
      "author_id": "not defined",
      "author_name": "Norman Putra",
      "helpful": "0",
      "polarity": "",
      "rate": 5,
      "response": "",
      "response_date": "",
      "review": "Loved it",
      "review_date": [
        "July",
        "21",
        " 2014"
      ]
    },
    {
      "REQ_subtype": "",
      "REQ_type": "",
      "_id": 52,
      "author_id": "not defined",
      "author_name": "Rahul Date",
      "helpful": "0",
      "polarity": "",
      "rate": 5,
      "response": "",
      "response_date": "",
      "review": "Good",
      "review_date": [
        "March",
        "29",
        " 2014"
      ]
    },
    {
      "REQ_subtype": "",
      "REQ_type": "",
      "_id": 53,
      "author_id": "not defined",
      "author_name": "Larry James",
      "helpful": "0",
      "polarity": "",
      "rate": 4,
      "response": "",
      "response_date": "",
      "review": null,
      "review_date": [
        "March",
        "5",
        " 2014"
      ]
    },
    {
      "REQ_subtype": "",
      "REQ_type": "",
      "_id": 54,
      "author_id": "not defined",
      "author_name": "Mark W.",
      "helpful": "0",
      "polarity": "",
      "rate": 5,
      "response": "",
      "response_date": "",
      "review": "No loop hiccup. Nice constant tone. Ad free. Love the red noise.",
      "review_date": [
        "February",
        "14",
        " 2014"
      ]
    },
    {
      "REQ_subtype": "",
      "REQ_type": "",
      "_id": 55,
      "author_id": "not defined",
      "author_name": "Hugo Carducci",
      "helpful": "0",
      "polarity": "",
      "rate": 1,
      "response": "",
      "response_date": "",
      "review": "Not a clean loop.",
      "review_date": [
        "February",
        "16",
        " 2014"
      ]
    },
    {
      "REQ_subtype": "",
      "REQ_type": "",
      "_id": 56,
      "author_id": "not defined",
      "author_name": "Jess Riedel",
      "helpful": "0",
      "polarity": "",
      "rate": 5,
      "response": "",
      "response_date": "",
      "review": "Does its job and gets out of the way. I wish it wouldn't show a splash screen for 3 seconds when you start it, but this is a small price to pay for a free and advertisment-free app.",
      "review_date": [
        "February",
        "7",
        " 2014"
      ]
    },
    {
      "REQ_subtype": "",
      "REQ_type": "",
      "_id": 57,
      "author_id": "not defined",
      "author_name": "Chris C",
      "helpful": "2",
      "polarity": "",
      "rate": 5,
      "response": "",
      "response_date": "",
      "review": "I have tried several noise generator apps and this is the best. Simple and easy to use. The sound is smooth without a noticeable cycle. I use this app to help me fall asleep and for this it is outstanding. I set the timer for an hour with red sound. It calms my busy thoughts so I get to sleep. A bonus is it uses very little battery power.  It is a great app Thanks",
      "review_date": [
        "October",
        "9",
        " 2013"
      ]
    },
    {
      "REQ_subtype": "",
      "REQ_type": "",
      "_id": 58,
      "author_id": "not defined",
      "author_name": "Ionescu Mihai Florin",
      "helpful": "0",
      "polarity": "",
      "rate": 5,
      "response": "",
      "response_date": "",
      "review": "Although, the sound disappears suddenly apparently at random when switching apps or when putting phone to sleep.  When i pinpoint a case scenario, i will send a mail.  For now i believe it was the timer, not sure yet.",
      "review_date": [
        "February",
        "8",
        " 2014"
      ]
    },
    {
      "REQ_subtype": "",
      "REQ_type": "",
      "_id": 59,
      "author_id": "not defined",
      "author_name": "Jan Corcoran",
      "helpful": "4",
      "polarity": "",
      "rate": 5,
      "response": "",
      "response_date": "",
      "review": "I have constant tinitus due to conducive hearing loss. Use it when I'm working in a quiet environment (when my tinitus is worst) and the red noise seems to help. Wish I could hear it with my hearing aids off to help me get to sleep!",
      "review_date": [
        "November",
        "4",
        " 2013"
      ]
    },
    {
      "REQ_subtype": "",
      "REQ_type": "",
      "_id": 60,
      "author_id": "not defined",
      "author_name": "Don Metz",
      "helpful": "3",
      "polarity": "",
      "rate": 4,
      "response": "",
      "response_date": "",
      "review": "This is the best! After years of computer fan noise, the Red noise selection helps the most. Just wished there wasn't breaks in the sound playback  as it can become annoying - not sure if G4 issue or App buffering issue. Other phone functions also break through which is great so you don't miss a call or those important alarms. Would be nice to have a quick mute button or for it to sense local loud noises so that it doesn't block potential dangerous situations.  Bottom line it doesn't use much battery.",
      "review_date": [
        "October",
        "5",
        " 2013"
      ]
    },
    {
      "REQ_subtype": "",
      "REQ_type": "",
      "_id": 61,
      "author_id": "not defined",
      "author_name": "A Google user",
      "helpful": "0",
      "polarity": "",
      "rate": 2,
      "response": "",
      "response_date": "",
      "review": "This app suddenly stops and raises the volume to the maximum. It's annoying",
      "review_date": [
        "January",
        "27",
        " 2014"
      ]
    },
    {
      "REQ_subtype": "",
      "REQ_type": "",
      "_id": 62,
      "author_id": "not defined",
      "author_name": "Steven Juarez",
      "helpful": "0",
      "polarity": "",
      "rate": 5,
      "response": "",
      "response_date": "",
      "review": "No ads and background functionality make this better than many other noise generators available in the play store.",
      "review_date": [
        "September",
        "16",
        " 2013"
      ]
    },
    {
      "REQ_subtype": "",
      "REQ_type": "",
      "_id": 63,
      "author_id": "not defined",
      "author_name": "Ithan Jessemar Dollente",
      "helpful": "0",
      "polarity": "",
      "rate": 5,
      "response": "",
      "response_date": "",
      "review": "It simply accomplishes what it sets out to do... Good adjustable quality and can be played on the background... I quickly uninstalled the previous apps when I got this one.",
      "review_date": [
        "January",
        "28",
        " 2014"
      ]
    },
    {
      "REQ_subtype": "",
      "REQ_type": "",
      "_id": 64,
      "author_id": "not defined",
      "author_name": "Wayne Lowery",
      "helpful": "2",
      "polarity": "",
      "rate": 5,
      "response": "",
      "response_date": "",
      "review": "I love this app. It is simple and does its job well. I still use this app daily!",
      "review_date": [
        "December",
        "15",
        " 2013"
      ]
    },
    {
      "REQ_subtype": "",
      "REQ_type": "",
      "_id": 65,
      "author_id": "not defined",
      "author_name": "George Datro",
      "helpful": "0",
      "polarity": "",
      "rate": 5,
      "response": "",
      "response_date": "",
      "review": "Helpful temporary relief from tinnitus condition.",
      "review_date": [
        "February",
        "13",
        " 2014"
      ]
    },
    {
      "REQ_subtype": "",
      "REQ_type": "",
      "_id": 66,
      "author_id": "not defined",
      "author_name": "larry brown",
      "helpful": "0",
      "polarity": "",
      "rate": 5,
      "response": "",
      "response_date": "",
      "review": "The best I've found yet. This works great for my office!",
      "review_date": [
        "February",
        "10",
        " 2014"
      ]
    },
    {
      "REQ_subtype": "",
      "REQ_type": "",
      "_id": 67,
      "author_id": "not defined",
      "author_name": "Angela He",
      "helpful": "0",
      "polarity": "",
      "rate": 5,
      "response": "",
      "response_date": "",
      "review": "The features of this app are great! Very useful for studying. :-)",
      "review_date": [
        "February",
        "2",
        " 2014"
      ]
    },
    {
      "REQ_subtype": "",
      "REQ_type": "",
      "_id": 68,
      "author_id": "not defined",
      "author_name": "A Google user",
      "helpful": "0",
      "polarity": "",
      "rate": 5,
      "response": "",
      "response_date": "",
      "review": "Very, Very Interesting & Awesome App! Thank You",
      "review_date": [
        "October",
        "22",
        " 2013"
      ]
    },
    {
      "REQ_subtype": "",
      "REQ_type": "",
      "_id": 69,
      "author_id": "not defined",
      "author_name": "Svyat Aleksandrovych",
      "helpful": "0",
      "polarity": "",
      "rate": 5,
      "response": "",
      "response_date": "",
      "review": "Thanks!  Simply and useful!",
      "review_date": [
        "September",
        "7",
        " 2013"
      ]
    },
    {
      "REQ_subtype": "",
      "REQ_type": "",
      "_id": 70,
      "author_id": "not defined",
      "author_name": "Joey Luis",
      "helpful": "0",
      "polarity": "",
      "rate": 5,
      "response": "",
      "response_date": "",
      "review": "Great 5 Stars",
      "review_date": [
        "January",
        "8",
        " 2014"
      ]
    },
    {
      "REQ_subtype": "",
      "REQ_type": "",
      "_id": 71,
      "author_id": "not defined",
      "author_name": "Jst Aubrey",
      "helpful": "0",
      "polarity": "",
      "rate": 5,
      "response": "",
      "response_date": "",
      "review": "Very good",
      "review_date": [
        "February",
        "1",
        " 2014"
      ]
    },
    {
      "REQ_subtype": "",
      "REQ_type": "",
      "_id": 72,
      "author_id": "not defined",
      "author_name": "Sherry Higgs-Anderson",
      "helpful": "0",
      "polarity": "",
      "rate": 5,
      "response": "",
      "response_date": "",
      "review": "Zzzzzz",
      "review_date": [
        "January",
        "30",
        " 2014"
      ]
    },
    {
      "REQ_subtype": "",
      "REQ_type": "",
      "_id": 73,
      "author_id": "not defined",
      "author_name": "Hossain Abeer",
      "helpful": "0",
      "polarity": "",
      "rate": 5,
      "response": "",
      "response_date": "",
      "review": "Nice and simple",
      "review_date": [
        "October",
        "8",
        " 2013"
      ]
    },
    {
      "REQ_subtype": "",
      "REQ_type": "",
      "_id": 74,
      "author_id": "not defined",
      "author_name": "Sanjeev Chauhan",
      "helpful": "0",
      "polarity": "",
      "rate": 4,
      "response": "",
      "response_date": "",
      "review": null,
      "review_date": [
        "February",
        "20",
        " 2014"
      ]
    },
    {
      "REQ_subtype": "",
      "REQ_type": "",
      "_id": 75,
      "author_id": "not defined",
      "author_name": "Oliver Thomas",
      "helpful": "0",
      "polarity": "",
      "rate": 5,
      "response": "",
      "response_date": "",
      "review": "I work in a fairly noisy environment, and sometimes music's just as distracting. This app is perfect for masking environmental noise and just getting on with whatever you're doing. Thank you!",
      "review_date": [
        "August",
        "6",
        " 2013"
      ]
    },
    {
      "REQ_subtype": "",
      "REQ_type": "",
      "_id": 76,
      "author_id": "not defined",
      "author_name": "Ray Machen",
      "helpful": "0",
      "polarity": "",
      "rate": 4,
      "response": "",
      "response_date": "",
      "review": "When I turn it on I can actually hear some miynut background noise and it's in a loop over and over and it kinda annoys me but I still like using it although it would be nice if they would fix the problem.",
      "review_date": [
        "July",
        "9",
        " 2013"
      ]
    },
    {
      "REQ_subtype": "",
      "REQ_type": "",
      "_id": 77,
      "author_id": "not defined",
      "author_name": "G Good",
      "helpful": "0",
      "polarity": "",
      "rate": 4,
      "response": "",
      "response_date": "",
      "review": "Works well. Somewhat basic but very useful for those times when it would be nice to mask some noise. I recommend it!",
      "review_date": [
        "July",
        "31",
        " 2013"
      ]
    },
    {
      "REQ_subtype": "",
      "REQ_type": "",
      "_id": 78,
      "author_id": "not defined",
      "author_name": "Tracy Wadleigh",
      "helpful": "0",
      "polarity": "",
      "rate": 5,
      "response": "",
      "response_date": "",
      "review": "I love the simple, elegant interface; and the sound quality is first rate. I sleep with this app playing through ear buds all night.",
      "review_date": [
        "July",
        "3",
        " 2013"
      ]
    },
    {
      "REQ_subtype": "",
      "REQ_type": "",
      "_id": 79,
      "author_id": "not defined",
      "author_name": "Ramon de Torres",
      "helpful": "0",
      "polarity": "",
      "rate": 4,
      "response": "",
      "response_date": "",
      "review": "Setup &display is smooth! Excellent in appearance. It just works!",
      "review_date": [
        "June",
        "9",
        " 2013"
      ]
    },
    {
      "REQ_subtype": "",
      "REQ_type": "",
      "_id": 80,
      "author_id": "not defined",
      "author_name": "Lim Handoko",
      "helpful": "0",
      "polarity": "",
      "rate": 5,
      "response": "",
      "response_date": "",
      "review": "Good and simple. Thanks for providing this app.",
      "review_date": [
        "May",
        "27",
        " 2013"
      ]
    },
    {
      "REQ_subtype": "",
      "REQ_type": "",
      "_id": 81,
      "author_id": "not defined",
      "author_name": "Chris O'Brien",
      "helpful": "3",
      "polarity": "",
      "rate": 5,
      "response": "",
      "response_date": "",
      "review": "No extra crap, just 3 buttons to give me exactly what I want. Works flawlessly and doesnt drain my battery like some others did.",
      "review_date": [
        "April",
        "11",
        " 2013"
      ]
    },
    {
      "REQ_subtype": "",
      "REQ_type": "",
      "_id": 82,
      "author_id": "not defined",
      "author_name": "Stone Kings",
      "helpful": "0",
      "polarity": "",
      "rate": 5,
      "response": "",
      "response_date": "",
      "review": "Thanks for making this. I have been suffering with labyrinthitis for 9months and this has helped calm down the ringing in my ears.",
      "review_date": [
        "May",
        "23",
        " 2013"
      ]
    },
    {
      "REQ_subtype": "",
      "REQ_type": "",
      "_id": 83,
      "author_id": "not defined",
      "author_name": "Rebecca",
      "helpful": "1",
      "polarity": "",
      "rate": 5,
      "response": "",
      "response_date": "",
      "review": "Simple transparent design lets you keep your own wallpaper. Simple settings. I have an extremely hard time sleeping & I downloaded this for the pink noise setting. I highly recommend it to anybody who have sleeping issues.",
      "review_date": [
        "April",
        "15",
        " 2013"
      ]
    },
    {
      "REQ_subtype": "",
      "REQ_type": "",
      "_id": 84,
      "author_id": "not defined",
      "author_name": "Jo Barbour",
      "helpful": "0",
      "polarity": "",
      "rate": 5,
      "response": "",
      "response_date": "",
      "review": "Perfect. Three choices, like a counter balance. While searching for another solution, this allows me to ignore this noise between my ears.",
      "review_date": [
        "March",
        "26",
        " 2013"
      ]
    },
    {
      "REQ_subtype": "",
      "REQ_type": "",
      "_id": 85,
      "author_id": "not defined",
      "author_name": "A Google user",
      "helpful": "3",
      "polarity": "",
      "rate": 3,
      "response": "",
      "response_date": "",
      "review": "Only issues I have is the occasional little skip (no biggie) and it kept going when I answered my phone and couldn't hear the person on the other end over it...",
      "review_date": [
        "November",
        "14",
        " 2012"
      ]
    },
    {
      "REQ_subtype": "",
      "REQ_type": "",
      "_id": 86,
      "author_id": "not defined",
      "author_name": "A Google user",
      "helpful": "0",
      "polarity": "",
      "rate": 5,
      "response": "",
      "response_date": "",
      "review": "Masks my tinnitus beautifully! Whem sleeping at night, just keep your phone plugged in close by to prevent any battery drain.",
      "review_date": [
        "April",
        "6",
        " 2013"
      ]
    },
    {
      "REQ_subtype": "",
      "REQ_type": "",
      "_id": 87,
      "author_id": "not defined",
      "author_name": "krispy dolla",
      "helpful": "1",
      "polarity": "",
      "rate": 5,
      "response": "",
      "response_date": "",
      "review": "This app is amazing. It does what its supposed to. No ads, doesn't drain the battery at all. 5 stars for this one, just don't go mess it up.",
      "review_date": [
        "March",
        "16",
        " 2013"
      ]
    },
    {
      "REQ_subtype": "",
      "REQ_type": "",
      "_id": 88,
      "author_id": "not defined",
      "author_name": "Audiwan Kenobi",
      "helpful": "1",
      "polarity": "",
      "rate": 5,
      "response": "",
      "response_date": "",
      "review": "Yes I can hear the loop....bbbbuuuuttttt this app is just perfect....I aint listening 2 music,answering calls,or anything else wit this phone.....I just got this app on!.....thank u!",
      "review_date": [
        "April",
        "18",
        " 2013"
      ]
    },
    {
      "REQ_subtype": "",
      "REQ_type": "",
      "_id": 89,
      "author_id": "not defined",
      "author_name": "A Google user",
      "helpful": "1",
      "polarity": "",
      "rate": 5,
      "response": "",
      "response_date": "",
      "review": "This app doesnt use data connection in use. Is good sound which effectively keeps me focused. And its free.",
      "review_date": [
        "November",
        "15",
        " 2012"
      ]
    },
    {
      "REQ_subtype": "",
      "REQ_type": "",
      "_id": 90,
      "author_id": "not defined",
      "author_name": "Angela Ursery",
      "helpful": "1",
      "polarity": "",
      "rate": 2,
      "response": "",
      "response_date": "",
      "review": "Like the timer, like the adjustable fade and the choice of red, pink, or white noise.  Don't like how program doesn't really turn itself off and eats through the battery like a program 10 times the size. Uninstalled.",
      "review_date": [
        "December",
        "10",
        " 2012"
      ]
    },
    {
      "REQ_subtype": "",
      "REQ_type": "",
      "_id": 91,
      "author_id": "not defined",
      "author_name": "A Google user",
      "helpful": "1",
      "polarity": "",
      "rate": 5,
      "response": "",
      "response_date": "",
      "review": "Really helps masking my T, love the pink ! :)",
      "review_date": [
        "November",
        "27",
        " 2012"
      ]
    },
    {
      "REQ_subtype": "",
      "REQ_type": "",
      "_id": 92,
      "author_id": "not defined",
      "author_name": "Ted Ehrich",
      "helpful": "0",
      "polarity": "",
      "rate": 5,
      "response": "",
      "response_date": "",
      "review": "Great real noise. No loops and their pops.",
      "review_date": [
        "March",
        "12",
        " 2013"
      ]
    },
    {
      "REQ_subtype": "",
      "REQ_type": "",
      "_id": 93,
      "author_id": "not defined",
      "author_name": "Casey Davis",
      "helpful": "0",
      "polarity": "",
      "rate": 5,
      "response": "",
      "response_date": "",
      "review": "This sounds great. The loop is seamless and the ui is nice. Thank you!",
      "review_date": [
        "March",
        "10",
        " 2013"
      ]
    },
    {
      "REQ_subtype": "",
      "REQ_type": "",
      "_id": 94,
      "author_id": "not defined",
      "author_name": "Carin Basson",
      "helpful": "0",
      "polarity": "",
      "rate": 5,
      "response": "",
      "response_date": "",
      "review": "Simple, small and ad free.",
      "review_date": [
        "May",
        "13",
        " 2013"
      ]
    },
    {
      "REQ_subtype": "",
      "REQ_type": "",
      "_id": 95,
      "author_id": "not defined",
      "author_name": "A Google user",
      "helpful": "1",
      "polarity": "",
      "rate": 5,
      "response": "",
      "response_date": "",
      "review": "I like especially the red noise. Version 1.0 still had an issue with interruptions, but this is fixed with version 1.1 of 25 Sep 2012.  Free, non-obtrusive noise generator that also supports multi-tasking (e.g. browse while listening to the noise.) Great!",
      "review_date": [
        "September",
        "25",
        " 2012"
      ]
    },
    {
      "REQ_subtype": "",
      "REQ_type": "",
      "_id": 96,
      "author_id": "not defined",
      "author_name": "A Google user",
      "helpful": "0",
      "polarity": "",
      "rate": 5,
      "response": "",
      "response_date": "",
      "review": "I really like this app, especially the red noise, which helps me sleep well when I travel. The only suggestion I would make: Please change the app to allow the noise to override phone calls and texts when the phone ringer is set to silent. When I have the  ringer volume turned up, I obviously want to know that I'm getting a call, but when I'm trying to sleep, even though I turn the ringer to silent, the noise app fades out when there is a call, and it wakes me up! Thank you!",
      "review_date": [
        "October",
        "9",
        " 2012"
      ]
    },
    {
      "REQ_subtype": "",
      "REQ_type": "",
      "_id": 97,
      "author_id": "not defined",
      "author_name": "A Google user",
      "helpful": "0",
      "polarity": "",
      "rate": 4,
      "response": "",
      "response_date": "",
      "review": "I've recently discovered the joys of white noise and was looking for one I could use at work. This is perfect. I didn't rate 5 stars because there is always room for improvement.",
      "review_date": [
        "November",
        "9",
        " 2012"
      ]
    },
    {
      "REQ_subtype": "",
      "REQ_type": "",
      "_id": 98,
      "author_id": "not defined",
      "author_name": "A Google user",
      "helpful": "1",
      "polarity": "",
      "rate": 5,
      "response": "",
      "response_date": "",
      "review": "At last you click on you click off three noises to choose from well done for resisting the temptation to cram it full off useless crap wish all apps were like this.",
      "review_date": [
        "October",
        "31",
        " 2012"
      ]
    },
    {
      "REQ_subtype": "",
      "REQ_type": "",
      "_id": 99,
      "author_id": "not defined",
      "author_name": "A Google user",
      "helpful": "2",
      "polarity": "",
      "rate": 5,
      "response": "",
      "response_date": "",
      "review": "No ads and no unnecessary permissions. I wish all apps were developed like this one. Easy to use and works as it says.",
      "review_date": [
        "November",
        "9",
        " 2012"
      ]
    },
    {
      "REQ_subtype": "",
      "REQ_type": "",
      "_id": 100,
      "author_id": "not defined",
      "author_name": "A Google user",
      "helpful": "1",
      "polarity": "",
      "rate": 5,
      "response": "",
      "response_date": "",
      "review": "Simple. Functional. Useful. Sound is great- can hear no loop points.  Timer feature is awesome. Dev - Thanks for making this!!",
      "review_date": [
        "October",
        "3",
        " 2012"
      ]
    },
    {
      "REQ_subtype": "",
      "REQ_type": "",
      "_id": 101,
      "author_id": "not defined",
      "author_name": "A Google user",
      "helpful": "0",
      "polarity": "",
      "rate": 5,
      "response": "",
      "response_date": "",
      "review": "Very simple but works very well. Just what I was searching.",
      "review_date": [
        "October",
        "14",
        " 2012"
      ]
    },
    {
      "REQ_subtype": "",
      "REQ_type": "",
      "_id": 102,
      "author_id": "not defined",
      "author_name": "A Google user",
      "helpful": "0",
      "polarity": "",
      "rate": 5,
      "response": "",
      "response_date": "",
      "review": "Great & simple interface & emembers your last settings.",
      "review_date": [
        "October",
        "2",
        " 2012"
      ]
    },
    {
      "REQ_subtype": "",
      "REQ_type": "",
      "_id": 103,
      "author_id": "not defined",
      "author_name": "A Google user",
      "helpful": "0",
      "polarity": "",
      "rate": 5,
      "response": "",
      "response_date": "",
      "review": "No loop breaks. I love it!",
      "review_date": [
        "October",
        "31",
        " 2012"
      ]
    },
    {
      "REQ_subtype": "",
      "REQ_type": "",
      "_id": 104,
      "author_id": "not defined",
      "author_name": "A Google user",
      "helpful": "0",
      "polarity": "",
      "rate": 5,
      "response": "",
      "response_date": "",
      "review": "Does exactly as advertised. Great job!",
      "review_date": [
        "November",
        "10",
        " 2012"
      ]
    },
    {
      "REQ_subtype": "",
      "REQ_type": "",
      "_id": 105,
      "author_id": "not defined",
      "author_name": "A Google user",
      "helpful": "0",
      "polarity": "",
      "rate": 5,
      "response": "",
      "response_date": "",
      "review": "Thanks Developer! No crazy permissions!",
      "review_date": [
        "October",
        "3",
        " 2012"
      ]
    },
    {
      "REQ_subtype": "",
      "REQ_type": "",
      "_id": 106,
      "author_id": "not defined",
      "author_name": "A Google user",
      "helpful": "0",
      "polarity": "",
      "rate": 5,
      "response": "",
      "response_date": "",
      "review": "WOW ONE OF THE BEST! and it's FREE!",
      "review_date": [
        "October",
        "11",
        " 2012"
      ]
    },
    {
      "REQ_subtype": "",
      "REQ_type": "",
      "_id": 107,
      "author_id": "not defined",
      "author_name": "A Google user",
      "helpful": "1",
      "polarity": "",
      "rate": 3,
      "response": "",
      "response_date": "",
      "review": "The break in the looped white noise is almost as annoying as what I'm trying to drown out.  Simple interface and appropriate permissions are a plus though.",
      "review_date": [
        "September",
        "24",
        " 2012"
      ]
    },
    {
      "REQ_subtype": "",
      "REQ_type": "",
      "_id": 108,
      "author_id": "not defined",
      "author_name": "A Google user",
      "helpful": "0",
      "polarity": "",
      "rate": 5,
      "response": "",
      "response_date": "",
      "review": "I like the red noise... The other two don't work for me, too strident.",
      "review_date": [
        "September",
        "4",
        " 2012"
      ]
    },
    {
      "REQ_subtype": "",
      "REQ_type": "",
      "_id": 109,
      "author_id": "not defined",
      "author_name": "Matty G",
      "helpful": "0",
      "polarity": "",
      "rate": 1,
      "response": "",
      "response_date": "",
      "review": "Keeps pausing as if on a playback loop. Doesn't help. Fix the pause and it would be a good app.",
      "review_date": [
        "January",
        "30",
        " 2015"
      ]
    },
    {
      "REQ_subtype": "",
      "REQ_type": "",
      "_id": 110,
      "author_id": "not defined",
      "author_name": "Adelle Stavis",
      "helpful": "0",
      "polarity": "",
      "rate": 5,
      "response": "",
      "response_date": "",
      "review": "Have had this app on a Nexus 7 for all of 45 minutes. But it's been 45 minutes of blissful relief from life long tinnitus. Also downloading to my phone. Ahhhh!",
      "review_date": [
        "June",
        "12",
        " 2013"
      ]
    },
    {
      "REQ_subtype": "",
      "REQ_type": "",
      "_id": 111,
      "author_id": "not defined",
      "author_name": "Scott Wiseman",
      "helpful": "0",
      "polarity": "",
      "rate": 2,
      "response": "",
      "response_date": "",
      "review": "The noise doesn't loop properly. Just when you think you're relaxing though \nto fall asleep there's a disturbing cut.",
      "review_date": [
        "June",
        "18",
        " 2018"
      ]
    },
    {
      "REQ_subtype": "",
      "REQ_type": "",
      "_id": 112,
      "author_id": "not defined",
      "author_name": "Lisa Smith",
      "helpful": "0",
      "polarity": "",
      "rate": 2,
      "response": "",
      "response_date": "",
      "review": "The idea is great but none of the sounds works with my ear noise. Disappointed.",
      "review_date": [
        "March",
        "10",
        " 2015"
      ]
    },
    {
      "REQ_subtype": "",
      "REQ_type": "",
      "_id": 113,
      "author_id": "not defined",
      "author_name": "Robert Reedy",
      "helpful": "0",
      "polarity": "",
      "rate": 1,
      "response": "",
      "response_date": "",
      "review": "This ape forces pop-up ads onto your phone.  It is not ad free, the pop up are worse than on-screen ads  when you use the app.  It is off my phone.",
      "review_date": [
        "July",
        "7",
        " 2014"
      ]
    },
    {
      "REQ_subtype": "",
      "REQ_type": "",
      "_id": 114,
      "author_id": "not defined",
      "author_name": "James Wallace",
      "helpful": "0",
      "polarity": "",
      "rate": 4,
      "response": "",
      "response_date": "",
      "review": "I have T real bad and it starts so loud that even with my earphones on regular music it dont matter what volume I have it at my T over rides it. Anyone have any suggestions?",
      "review_date": [
        "March",
        "16",
        " 2013"
      ]
    },
    {
      "REQ_subtype": "",
      "REQ_type": "",
      "_id": 115,
      "author_id": "not defined",
      "author_name": "A Google user",
      "helpful": "0",
      "polarity": "",
      "rate": 5,
      "response": "",
      "response_date": "",
      "review": "I'm looking for a pink noise generator to break in headphones and speakers. PERFECT!!!",
      "review_date": [
        "November",
        "7",
        " 2012"
      ]
    },
    {
      "REQ_subtype": "",
      "REQ_type": "",
      "_id": 116,
      "author_id": "not defined",
      "author_name": "A Google user",
      "helpful": "0",
      "polarity": "",
      "rate": 5,
      "response": "",
      "response_date": "",
      "review": "Just what I was looking for. Small app, no ads or strange permissions.   A volume oscillation feature would be nice, but the app is still excellent in its present state.",
      "review_date": [
        "August",
        "30",
        " 2012"
      ]
    },
    {
      "REQ_subtype": "",
      "REQ_type": "",
      "_id": 117,
      "author_id": "not defined",
      "author_name": "Krystin Chavarria",
      "helpful": "2",
      "polarity": "",
      "rate": 2,
      "response": "",
      "response_date": "",
      "review": "The sounds should be constant, this one has noticeable skipping.",
      "review_date": [
        "January",
        "15",
        " 2013"
      ]
    },
    {
      "REQ_subtype": "",
      "REQ_type": "",
      "_id": 118,
      "author_id": "not defined",
      "author_name": "Pete Jorgensen",
      "helpful": "1",
      "polarity": "",
      "rate": 2,
      "response": "",
      "response_date": "",
      "review": "Drove me nuts with the stop start every 5 secs.",
      "review_date": [
        "July",
        "30",
        " 2013"
      ]
    },
    {
      "REQ_subtype": "",
      "REQ_type": "",
      "_id": 119,
      "author_id": "not defined",
      "author_name": "Brandon Peveto",
      "helpful": "0",
      "polarity": "",
      "rate": 1,
      "response": "",
      "response_date": "",
      "review": "Listening to the pink one almost made me go into an anxiety attack! Immediate uninstall!!",
      "review_date": [
        "February",
        "12",
        " 2013"
      ]
    },
    {
      "REQ_subtype": "",
      "REQ_type": "",
      "_id": 120,
      "author_id": "not defined",
      "author_name": "Bryan O'Neill",
      "helpful": "0",
      "polarity": "",
      "rate": 1,
      "response": "",
      "response_date": "",
      "review": "This is replacing one noise with another, why can't anyone come up with an app that you can tune in to your particular tinnitus frequency!",
      "review_date": [
        "December",
        "18",
        " 2012"
      ]
    },
    {
      "REQ_subtype": "",
      "REQ_type": "",
      "_id": 121,
      "author_id": "not defined",
      "author_name": "jesusfilledphil",
      "helpful": "0",
      "polarity": "",
      "rate": 2,
      "response": "",
      "response_date": "",
      "review": "Loop splicing is bad, the sound cuts to a lower volume level.",
      "review_date": [
        "June",
        "15",
        " 2017"
      ]
    },
    {
      "REQ_subtype": "",
      "REQ_type": "",
      "_id": 122,
      "author_id": "not defined",
      "author_name": "Corey A Brooks",
      "helpful": "0",
      "polarity": "",
      "rate": 5,
      "response": "",
      "response_date": "",
      "review": "The red noise is like waterfalls helps me to sit down and focus on my work keeps me from being distracted.",
      "review_date": [
        "April",
        "8",
        " 2013"
      ]
    },
    {
      "REQ_subtype": "",
      "REQ_type": "",
      "_id": 123,
      "author_id": "not defined",
      "author_name": "Miguel Del Rosario",
      "helpful": "0",
      "polarity": "",
      "rate": 5,
      "response": "",
      "response_date": "",
      "review": "Great app for healing tinnitus the benefits of relaxation when sleeping to avoid ringing sounds in ears..",
      "review_date": [
        "February",
        "5",
        " 2015"
      ]
    },
    {
      "REQ_subtype": "",
      "REQ_type": "",
      "_id": 124,
      "author_id": "not defined",
      "author_name": "Karma Trough",
      "helpful": "0",
      "polarity": "",
      "rate": 1,
      "response": "",
      "response_date": "",
      "review": "Hollow reverberating undertones. Not good.",
      "review_date": [
        "March",
        "20",
        " 2014"
      ]
    },
    {
      "REQ_subtype": "",
      "REQ_type": "",
      "_id": 125,
      "author_id": "not defined",
      "author_name": "Cinderz T",
      "helpful": "0",
      "polarity": "",
      "rate": 5,
      "response": "",
      "response_date": "",
      "review": "It soothes my tinnitus on days when it is really loud.",
      "review_date": [
        "May",
        "18",
        " 2014"
      ]
    },
    {
      "REQ_subtype": "",
      "REQ_type": "",
      "_id": 126,
      "author_id": "not defined",
      "author_name": "Marco Fahrbach",
      "helpful": "0",
      "polarity": "",
      "rate": 4,
      "response": "",
      "response_date": "",
      "review": "Simple and looks pretty good too.",
      "review_date": [
        "December",
        "24",
        " 2012"
      ]
    },
    {
      "REQ_subtype": "",
      "REQ_type": "",
      "_id": 127,
      "author_id": "not defined",
      "author_name": "Jerwin Bruza",
      "helpful": "0",
      "polarity": "",
      "rate": 5,
      "response": "",
      "response_date": "",
      "review": "Thanks to the creator of this app.",
      "review_date": [
        "April",
        "13",
        " 2015"
      ]
    },
    {
      "REQ_subtype": "",
      "REQ_type": "",
      "_id": 128,
      "author_id": "not defined",
      "author_name": "Thomas baldguy",
      "helpful": "1",
      "polarity": "",
      "rate": 1,
      "response": "",
      "response_date": "",
      "review": "Phone rings and app is still on.",
      "review_date": [
        "April",
        "26",
        " 2013"
      ]
    },
    {
      "REQ_subtype": "",
      "REQ_type": "",
      "_id": 129,
      "author_id": "not defined",
      "author_name": "James Cann",
      "helpful": "0",
      "polarity": "",
      "rate": 5,
      "response": "",
      "response_date": "",
      "review": "Used on holiday to help the family sleep. Thanks",
      "review_date": [
        "June",
        "27",
        " 2013"
      ]
    },
    {
      "REQ_subtype": "",
      "REQ_type": "",
      "_id": 130,
      "author_id": "not defined",
      "author_name": "Rimpiyaad Rimpiyaad",
      "helpful": "0",
      "polarity": "",
      "rate": 5,
      "response": "",
      "response_date": "",
      "review": "I like it very much",
      "review_date": [
        "November",
        "12",
        " 2015"
      ]
    },
    {
      "REQ_subtype": "",
      "REQ_type": "",
      "_id": 131,
      "author_id": "not defined",
      "author_name": "Andrew cleaver",
      "helpful": "0",
      "polarity": "",
      "rate": 5,
      "response": "",
      "response_date": "",
      "review": "Helps me sleep so much",
      "review_date": [
        "March",
        "5",
        " 2013"
      ]
    },
    {
      "REQ_subtype": "",
      "REQ_type": "",
      "_id": 132,
      "author_id": "not defined",
      "author_name": "A Google user",
      "helpful": "0",
      "polarity": "",
      "rate": 5,
      "response": "",
      "response_date": "",
      "review": "It does what it promises",
      "review_date": [
        "November",
        "12",
        " 2012"
      ]
    },
    {
      "REQ_subtype": "",
      "REQ_type": "",
      "_id": 133,
      "author_id": "not defined",
      "author_name": "Ashvin Sharma",
      "helpful": "0",
      "polarity": "",
      "rate": 1,
      "response": "",
      "response_date": "",
      "review": "Sounds is irritating",
      "review_date": [
        "December",
        "13",
        " 2014"
      ]
    },
    {
      "REQ_subtype": "",
      "REQ_type": "",
      "_id": 134,
      "author_id": "not defined",
      "author_name": "A Google user",
      "helpful": "0",
      "polarity": "",
      "rate": 5,
      "response": "",
      "response_date": "",
      "review": "Excellent!",
      "review_date": [
        "November",
        "1",
        " 2012"
      ]
    },
    {
      "REQ_subtype": "",
      "REQ_type": "",
      "_id": 135,
      "author_id": "not defined",
      "author_name": "Dubya Aaych",
      "helpful": "0",
      "polarity": "",
      "rate": 5,
      "response": "",
      "response_date": "",
      "review": "Simple and effective",
      "review_date": [
        "November",
        "5",
        " 2016"
      ]
    }
  ],
  "size": "2.1",
  "url": "https://play.google.com/store/apps/details?id=de.xipa.rnoise",
  "version": "1.6"
}