{
  "categories": [
    "Health & Fitness"
  ],
  "description": "**Do you want to get in shape and lose some weight? Do you want to feel fit and be stronger? See the results in just 30 days. Take up the 30 Day Cardio Challenge with our app for FREE!**\u2022 Train at home. If you don't have dumbbells use heavy books or do it empty handed. No gym equipment required!\u2022 Challenge tracker to keep track of your progress.\u2022 Video instructions for all the workouts with step by step guide.\u2022 Daily reminder alarm so that you never miss a single day of the challenge.\u2022 Share your progress with friends on Facebook, Twitter, Whatsapp, Email and more!\u2022 Stay motivated and connected with others on our Facebook and Twitter pages.\u2022 All the videos are included in the application. No Internet connection required. 30 Day Cardio Challenge is a simple 30 day workout plan. You do a number of exercises each day. There are rest days to make sure you get proper recovery time. The intensity of the exercises increase slowly and by the end of this 30 days of cardio workout plan, you will definitely lose weight, feel fitter and stronger. This workout plan is suitable for both men and women.Just install this app and follow the routine daily. Our reminder will automatically remind you to workout daily. Rest days will help your muscles recover. Tick off the days you have completed to keep track of your challenge progress. Don't cheat! It's as simple as that.You can also track your progress and share it with your friends via Facebook, Twitter, Whatsapp, Email and more!Follow us: \u2022 Twitter: @workoutc9\u2022 Facebook: http://on.fb.me/1nzk6Jy for regular updates on the upcoming challenges and to meet other people taking up the workout challenges.Check out our other apps:\u2022 30 Day Ab Challenge FREE: http://t.co/rH7Fj0vg6S\u2022 30 Day Arm Challenge FREE: http://bit.ly/1rDkCLN \u2022 30 Day Butt Challenge FREE: http://bit.ly/1pNRnrxPlease feel free to give us feedback through the review system. 30 Day Cardio Challenge can only get better with your help. Before you give us a bad review, please email us at workoutc@gmail.com and let us know what we can be doing better.",
  "inc": "Teer Studios",
  "intalled_count": "500,000",
  "last_update": [
    "December",
    "13",
    " 2017"
  ],
  "name": "30 Day Cardio Challenge FREE",
  "offered_by": "Google Commerce Ltd",
  "permissions": {
    "Location": [
      "approximate location (network-based)",
      "precise location (GPS and network-based)"
    ],
    "Other": [
      "view network connections",
      "full network access"
    ]
  },
  "price": "",
  "rate": [
    [
      "3,909",
      "4.4"
    ],
    [
      "2,441",
      "5"
    ],
    [
      "922",
      "4"
    ],
    [
      "300",
      "3"
    ],
    [
      "91",
      "2"
    ],
    [
      "155",
      "1"
    ]
  ],
  "required_android": "Varies with",
  "reviews": [
    {
      "REQ_subtype": "",
      "REQ_type": "",
      "_id": 0,
      "author_id": "not defined",
      "author_name": "Tamara Plant",
      "helpful": "1",
      "polarity": "",
      "rate": 3,
      "response": "",
      "response_date": "",
      "review": "This is a great warm up or quick workout if you are short on time. I also \nlike the fact that it is progressive, so each day you will work a little \nharder. Update: they removed the punches which were good for obliques, and \nthey still haven't fixed the issue with the app stopping your music. That \nneeds go be fixed!",
      "review_date": [
        "May",
        "25",
        " 2018"
      ]
    },
    {
      "REQ_subtype": "",
      "REQ_type": "",
      "_id": 1,
      "author_id": "not defined",
      "author_name": "Ali Imran Naqvi",
      "helpful": "6",
      "polarity": "",
      "rate": 3,
      "response": "",
      "response_date": "",
      "review": "It maybe better to have workout as described rather than continuously doing mountain climber instead of 6 raps and so on for other parts",
      "review_date": [
        "December",
        "15",
        " 2017"
      ]
    },
    {
      "REQ_subtype": "",
      "REQ_type": "",
      "_id": 2,
      "author_id": "not defined",
      "author_name": "A Google user",
      "helpful": "5",
      "polarity": "",
      "rate": 5,
      "response": "",
      "response_date": "",
      "review": "Perfect",
      "review_date": [
        "December",
        "21",
        " 2017"
      ]
    },
    {
      "REQ_subtype": "",
      "REQ_type": "",
      "_id": 3,
      "author_id": "not defined",
      "author_name": "Johnathan Lovejoy",
      "helpful": "0",
      "polarity": "",
      "rate": 5,
      "response": "",
      "response_date": "",
      "review": "On day 6 along with abs, arms, and back and I feel the burn. Glad it allows rest days so I know I'm not running myself into the dirt. Even when \"too tired\" I mix up a fresh smoothie and get to work. Perfect for beginners and gradually gets u where u want to be. Only gripe would be volume for the instructors. Otherwise great",
      "review_date": [
        "June",
        "17",
        " 2015"
      ]
    },
    {
      "REQ_subtype": "",
      "REQ_type": "",
      "_id": 4,
      "author_id": "not defined",
      "author_name": "Cathy Falcetta",
      "helpful": "40",
      "polarity": "",
      "rate": 5,
      "response": "",
      "response_date": "",
      "review": "When starting this challenge, you have to know that you do all of the work. If you aren't motivated and don't finish all of it or don't do it every day, then It won't work as well. It keeps your workouts organized but you have to stay motivated. Eating in a more balanced or healthy diet can also go a long way. Otherwise the weight you lose will be out back on. I have several of these and it is turning into my routine. I definitely recommend this app or any of the others.",
      "review_date": [
        "August",
        "20",
        " 2015"
      ]
    },
    {
      "REQ_subtype": "",
      "REQ_type": "",
      "_id": 5,
      "author_id": "not defined",
      "author_name": "A B",
      "helpful": "96",
      "polarity": "",
      "rate": 3,
      "response": "",
      "response_date": "",
      "review": "I like how the exercises start you of slow for if you haven't worked out in a while and then as days go on it's more. You can feel your heart racing more as the days go on.  I think they need to add least  two more exercises. It would also be nice if the app told you how many calories you lost per day you achieved.  It's hard looking on Google to find out how many calories I burned.",
      "review_date": [
        "February",
        "23",
        " 2016"
      ]
    },
    {
      "REQ_subtype": "",
      "REQ_type": "",
      "_id": 6,
      "author_id": "not defined",
      "author_name": "Autumn Daugherty",
      "helpful": "10",
      "polarity": "",
      "rate": 5,
      "response": "",
      "response_date": "",
      "review": "I absolutely love this app. The 60 sec timer in between sets is what you're supposed to do for your body,the workout plan started small and easy, and gradually builds your tolerance.I can't stand the apps that start you right off with 60 squats,its discouraging. Thanks for making yet another amazing app! I'm on day 12 and I feel great :)",
      "review_date": [
        "April",
        "8",
        " 2016"
      ]
    },
    {
      "REQ_subtype": "",
      "REQ_type": "",
      "_id": 7,
      "author_id": "not defined",
      "author_name": "Rachel Napier",
      "helpful": "4",
      "polarity": "",
      "rate": 5,
      "response": "",
      "response_date": "",
      "review": "I love these apps. I'm on day 15 with this one, abs, butt, arms and plank and I can really feel the burn and see a difference. I really recommend these apps for beginners or for people who haven't worked out in awhile. It's not too easy and its not too hard.",
      "review_date": [
        "August",
        "9",
        " 2016"
      ]
    },
    {
      "REQ_subtype": "",
      "REQ_type": "",
      "_id": 8,
      "author_id": "not defined",
      "author_name": "Jeanne Sanda",
      "helpful": "7",
      "polarity": "",
      "rate": 4,
      "response": "",
      "response_date": "",
      "review": "The apps are good.  Day 4 and I can feel a difference. The only thing that would make them better would be the ability to move to sd card.  When you download 10 different challenges to do successively, it uses up quite a bit of memory.",
      "review_date": [
        "February",
        "5",
        " 2016"
      ]
    },
    {
      "REQ_subtype": "",
      "REQ_type": "",
      "_id": 9,
      "author_id": "not defined",
      "author_name": "Brigit Floriano",
      "helpful": "6",
      "polarity": "",
      "rate": 5,
      "response": "",
      "response_date": "",
      "review": "It works, no intrusive apps.  Simple to use, great workout guide!  Gets a little tougher everyday with some rest days thrown in.  They have so many different 30 day challenges!",
      "review_date": [
        "November",
        "3",
        " 2015"
      ]
    },
    {
      "REQ_subtype": "",
      "REQ_type": "",
      "_id": 10,
      "author_id": "not defined",
      "author_name": "Kasey Simington",
      "helpful": "1",
      "polarity": "",
      "rate": 2,
      "response": "",
      "response_date": "",
      "review": "When I'm done with the 30 days I'll give it 5\u2606 if it works. Keeps freezing have to restart at least 2 or 3 times before it actually works. But not giving up!",
      "review_date": [
        "April",
        "3",
        " 2015"
      ]
    },
    {
      "REQ_subtype": "",
      "REQ_type": "",
      "_id": 11,
      "author_id": "not defined",
      "author_name": "Kathryn Fuller",
      "helpful": "9",
      "polarity": "",
      "rate": 5,
      "response": "",
      "response_date": "",
      "review": "I'm only on day 3 and I am also doing the butt and ab challenge along with this and I feel like I have been hit by a mack truck ha. Feeling the burn can't wait for results.  Loving the app it's great hate the whole  :)",
      "review_date": [
        "April",
        "17",
        " 2015"
      ]
    },
    {
      "REQ_subtype": "",
      "REQ_type": "",
      "_id": 12,
      "author_id": "not defined",
      "author_name": "A Google user",
      "helpful": "0",
      "polarity": "",
      "rate": 3,
      "response": "",
      "response_date": "",
      "review": "I just installed it together with the back, abs and butt challenges. The reviews are great but I would like to know if its effective for weightloss?? I'm kinda fat not too fat but I wanna be slimmed and toned up.",
      "review_date": [
        "April",
        "11",
        " 2016"
      ]
    },
    {
      "REQ_subtype": "",
      "REQ_type": "",
      "_id": 13,
      "author_id": "not defined",
      "author_name": "Wayne Clark",
      "helpful": "6",
      "polarity": "",
      "rate": 4,
      "response": "",
      "response_date": "",
      "review": "Why can't there be an app like this but combine all the different apps? 30 day challenge with abs, back, legs, push ups etc. All the 30 day challenge apps focus on one thing.",
      "review_date": [
        "January",
        "7",
        " 2016"
      ]
    },
    {
      "REQ_subtype": "",
      "REQ_type": "",
      "_id": 14,
      "author_id": "not defined",
      "author_name": "Ashley Jackson",
      "helpful": "2",
      "polarity": "",
      "rate": 3,
      "response": "",
      "response_date": "",
      "review": "I did this combined with the 30 day abs and did not see much in the way of results other than a lot of effort exerted and chugging through the numerous rep jncreases. Good start I guess. Just not as effective as I had hoped.",
      "review_date": [
        "April",
        "2",
        " 2016"
      ]
    },
    {
      "REQ_subtype": "",
      "REQ_type": "",
      "_id": 15,
      "author_id": "not defined",
      "author_name": "Paulo Arana",
      "helpful": "0",
      "polarity": "",
      "rate": 4,
      "response": "",
      "response_date": "",
      "review": "It's got a nice set of exercises, but the interface is quite slow and too manual. Doesn't really discipline you enough with timers or determined sets. Still a good app and have been losing weight with it.",
      "review_date": [
        "September",
        "30",
        " 2016"
      ]
    },
    {
      "REQ_subtype": "",
      "REQ_type": "",
      "_id": 16,
      "author_id": "not defined",
      "author_name": "Mohammed Ziyad Shamsuddin",
      "helpful": "1",
      "polarity": "",
      "rate": 3,
      "response": "",
      "response_date": "",
      "review": "Only 3 stars bcoz i want to hav a feature tht makes workout plans according to the weight & height of the persn using it...also no featur to sync it with google fit.",
      "review_date": [
        "October",
        "19",
        " 2015"
      ]
    },
    {
      "REQ_subtype": "",
      "REQ_type": "",
      "_id": 17,
      "author_id": "not defined",
      "author_name": "Bryan Benavides",
      "helpful": "4",
      "polarity": "",
      "rate": 5,
      "response": "",
      "response_date": "",
      "review": "I was wondering if i can combine the abs, cardio, and arm app as a daily workout. i need to know if that is too much. the app is a HUGE help by the way!!",
      "review_date": [
        "March",
        "22",
        " 2015"
      ]
    },
    {
      "REQ_subtype": "",
      "REQ_type": "",
      "_id": 18,
      "author_id": "not defined",
      "author_name": "Paul Jepson",
      "helpful": "0",
      "polarity": "",
      "rate": 5,
      "response": "",
      "response_date": "",
      "review": "Am enjoying this, but found it boring having a minutes rest so I go straight through now. Combined with the abs workout. Also feels not long enough, am on day six. Does it burn calories or a gimmick?",
      "review_date": [
        "December",
        "10",
        " 2015"
      ]
    },
    {
      "REQ_subtype": "",
      "REQ_type": "",
      "_id": 19,
      "author_id": "not defined",
      "author_name": "Pia Cainglet",
      "helpful": "13",
      "polarity": "",
      "rate": 4,
      "response": "",
      "response_date": "",
      "review": "Latest minor update keeps bugging me if I want to rate the app whenever I move around the menu or use the back button on the phone. Enough already! Once is enough. Previous version was running fine for me. I am not even complaining of the ads. The ads appear far much less often than asking to be rated.  If the latest minor update was intended to forcibly solicit feedback, it was ill advised. You are now receiving feedback not for the content but for the functionality.  This feedback applies to your other apps that is installed. They have the same annoyance with the constant asking for app rating. Kept pressing later, as in later after I finish the 30 days. Once a day, every other day, or week is more tolerable.  Asking to rate the app while navigating around the menu or pressing the back button is irritating and has triggered unintended negative feedback, taking away good attention to what your apps are all about.",
      "review_date": [
        "July",
        "13",
        " 2015"
      ]
    },
    {
      "REQ_subtype": "",
      "REQ_type": "",
      "_id": 20,
      "author_id": "not defined",
      "author_name": "Chelsea Erexson",
      "helpful": "0",
      "polarity": "",
      "rate": 5,
      "response": "",
      "response_date": "",
      "review": "I am only on day 3 and really feel the burn. I am using the arm, abs, cardio, butt, and pushup challenges everyday for a complete workout. It really works!!",
      "review_date": [
        "July",
        "6",
        " 2015"
      ]
    },
    {
      "REQ_subtype": "",
      "REQ_type": "",
      "_id": 21,
      "author_id": "not defined",
      "author_name": "zhaine ross",
      "helpful": "0",
      "polarity": "",
      "rate": 5,
      "response": "",
      "response_date": "",
      "review": "The arms challenge and abs really work for me since im a college i have no time to do  my old habits like hitting the gym ...irregular scheds. Also is my prob. I used this for 1 month and the abs challenge really help me bcuz i want to maintain my slender shape",
      "review_date": [
        "December",
        "29",
        " 2015"
      ]
    },
    {
      "REQ_subtype": "",
      "REQ_type": "",
      "_id": 22,
      "author_id": "not defined",
      "author_name": "Simone Spieringshoek",
      "helpful": "0",
      "polarity": "",
      "rate": 3,
      "response": "",
      "response_date": "",
      "review": "I like that you can tick each day as you go, that kinda motivates me to get to the next tick. I just wish the reminder worked better. Doesn't matter what time I set it for, it sends the reminder immediately after I've set it.",
      "review_date": [
        "June",
        "21",
        " 2016"
      ]
    },
    {
      "REQ_subtype": "",
      "REQ_type": "",
      "_id": 23,
      "author_id": "not defined",
      "author_name": "H D",
      "helpful": "1",
      "polarity": "",
      "rate": 5,
      "response": "",
      "response_date": "",
      "review": "I appreciate the video instructions. Even rest time counts 60 seconds you have option to press Next to start next exercise thus shortening rest periods. I like the build up, start with doable daily reps that increase in number daily , build your confidence, technique and have a workout goal achieved in shortest amount of time. This 30 day might just be the jumpstart to fitness that i needed :-D",
      "review_date": [
        "October",
        "21",
        " 2015"
      ]
    },
    {
      "REQ_subtype": "",
      "REQ_type": "",
      "_id": 24,
      "author_id": "not defined",
      "author_name": "angelica flores",
      "helpful": "2",
      "polarity": "",
      "rate": 5,
      "response": "",
      "response_date": "",
      "review": "I love all these 30 day challenge apps!!  I'm a mother of three children and have had c-sections  for all 3.  Losing weight for me has been a big challenge.  I started using this app along with the arms and abs challenge combined with a healthy diet, and I've lost 15 pounds in 4 months.  Not only have I lost weight but the workout has completely changed my body shape.  My husband is always complimenting me on how amazing I look.   I hope my story helps motivate you too.",
      "review_date": [
        "July",
        "17",
        " 2015"
      ]
    },
    {
      "REQ_subtype": "",
      "REQ_type": "",
      "_id": 25,
      "author_id": "not defined",
      "author_name": "25102701",
      "helpful": "1",
      "polarity": "",
      "rate": 2,
      "response": "",
      "response_date": "",
      "review": "Far too easy, 60 secs rest in-between each exercise is lame. I thought my cardio was not that good but skipped to day 30 to get breathing heavy. Maybe straight through.",
      "review_date": [
        "January",
        "1",
        " 2016"
      ]
    },
    {
      "REQ_subtype": "",
      "REQ_type": "",
      "_id": 26,
      "author_id": "not defined",
      "author_name": "Matt Andrus",
      "helpful": "3",
      "polarity": "",
      "rate": 5,
      "response": "",
      "response_date": "",
      "review": "If it isn't simple and straight forward, I don't keep it. This exercise app is awesome, gets to the point, and gives you instructions as well. Definitely a keeper",
      "review_date": [
        "March",
        "29",
        " 2015"
      ]
    },
    {
      "REQ_subtype": "",
      "REQ_type": "",
      "_id": 27,
      "author_id": "not defined",
      "author_name": "Nosike Adah",
      "helpful": "1",
      "polarity": "",
      "rate": 4,
      "response": "",
      "response_date": "",
      "review": "You have to be consistent.... If you miss any days make it up and stay focused!!!!  I would advise you mix things up with their other apps e.g. Planks, back, and so on But limit it 3 apps to combine.",
      "review_date": [
        "April",
        "28",
        " 2015"
      ]
    },
    {
      "REQ_subtype": "",
      "REQ_type": "",
      "_id": 28,
      "author_id": "not defined",
      "author_name": "Trinity Theresa missfinesse Bradford",
      "helpful": "0",
      "polarity": "",
      "rate": 5,
      "response": "",
      "response_date": "",
      "review": "I have back problems but notice that if i cant do it all at once, i break it up morning afternoon, or night to make sure i get it in. It definitely increases fast but i find myself after 3/4 days i cant wait to get up to start my exercise.  Great app.",
      "review_date": [
        "August",
        "13",
        " 2015"
      ]
    },
    {
      "REQ_subtype": "",
      "REQ_type": "",
      "_id": 29,
      "author_id": "not defined",
      "author_name": "Victoria Banner",
      "helpful": "37",
      "polarity": "",
      "rate": 4,
      "response": "",
      "response_date": "",
      "review": "Would prefer to be able to choose level (beginner/advanced) and I think the videos in each day are unnecessary. I just want a checklist.",
      "review_date": [
        "September",
        "16",
        " 2015"
      ]
    },
    {
      "REQ_subtype": "",
      "REQ_type": "",
      "_id": 30,
      "author_id": "not defined",
      "author_name": "Jim Levins",
      "helpful": "0",
      "polarity": "",
      "rate": 4,
      "response": "",
      "response_date": "",
      "review": "Good app but would like to see some variance between exercises.  Would be more 'fun' to exercise if day1 was mountain climbers/skaters/jumping jacks/jump rope, then day2 different cardio exercises, then day3 back to original exercises...switch it up a little each day",
      "review_date": [
        "July",
        "27",
        " 2015"
      ]
    },
    {
      "REQ_subtype": "",
      "REQ_type": "",
      "_id": 31,
      "author_id": "not defined",
      "author_name": "Trista Boettcher",
      "helpful": "36",
      "polarity": "",
      "rate": 5,
      "response": "",
      "response_date": "",
      "review": "Use with the abb and arm challenges along with healthy eating and you will see results. I lost 4 pounds in two weeks!",
      "review_date": [
        "January",
        "5",
        " 2015"
      ]
    },
    {
      "REQ_subtype": "",
      "REQ_type": "",
      "_id": 32,
      "author_id": "not defined",
      "author_name": "Tiffany Hunter",
      "helpful": "4",
      "polarity": "",
      "rate": 5,
      "response": "",
      "response_date": "",
      "review": "I really like this app! This app helps me to stay motivated & get a quick cardio set in between a stressful meetings.",
      "review_date": [
        "February",
        "26",
        " 2015"
      ]
    },
    {
      "REQ_subtype": "",
      "REQ_type": "",
      "_id": 33,
      "author_id": "not defined",
      "author_name": "\u0391\u03bd\u03c4\u03ce\u03bd\u03b7\u03c2 \u0391\u03c1\u03c7\u03bf\u03bd\u03c4\u03bf\u03cd\u03bb\u03b7\u03c2",
      "helpful": "0",
      "polarity": "",
      "rate": 5,
      "response": "",
      "response_date": "",
      "review": "I was looking a fun way to loose weight. Of course I could run 1-2k meters but it's boring :/",
      "review_date": [
        "August",
        "19",
        " 2015"
      ]
    },
    {
      "REQ_subtype": "",
      "REQ_type": "",
      "_id": 34,
      "author_id": "not defined",
      "author_name": "Sadilyia Davis",
      "helpful": "0",
      "polarity": "",
      "rate": 4,
      "response": "",
      "response_date": "",
      "review": "On days ten n my legs feel stronger n fragile at the same time. Ima stick with it n hopefully I see results n my pants size at the end",
      "review_date": [
        "July",
        "18",
        " 2015"
      ]
    },
    {
      "REQ_subtype": "",
      "REQ_type": "",
      "_id": 35,
      "author_id": "not defined",
      "author_name": "Heather Munson",
      "helpful": "4",
      "polarity": "",
      "rate": 5,
      "response": "",
      "response_date": "",
      "review": "Combined this one, the abs challenge, the butt challenge, and the plank challenge as a morning warmup workout.  I'll do this, walk 5 miles, and then do an evening workout of body weight exercises. I've only been doing it for 3 days and I've lost 5.6lbs!!!!",
      "review_date": [
        "March",
        "10",
        " 2016"
      ]
    },
    {
      "REQ_subtype": "",
      "REQ_type": "",
      "_id": 36,
      "author_id": "not defined",
      "author_name": "Abnabs V.A",
      "helpful": "1",
      "polarity": "",
      "rate": 5,
      "response": "",
      "response_date": "",
      "review": "Absolutely love this app. Great use and givea you a target to look forward too each day!!",
      "review_date": [
        "November",
        "27",
        " 2015"
      ]
    },
    {
      "REQ_subtype": "",
      "REQ_type": "",
      "_id": 37,
      "author_id": "not defined",
      "author_name": "Kevin P.",
      "helpful": "1",
      "polarity": "",
      "rate": 4,
      "response": "",
      "response_date": "",
      "review": "Its working but not better than abs and arms",
      "review_date": [
        "June",
        "11",
        " 2015"
      ]
    },
    {
      "REQ_subtype": "",
      "REQ_type": "",
      "_id": 38,
      "author_id": "not defined",
      "author_name": "Jayne Parmenter",
      "helpful": "2",
      "polarity": "",
      "rate": 4,
      "response": "",
      "response_date": "",
      "review": "I'm on day 25 and I'm definitely seeing results. Paired this up with the back challenge, last month was abs and butt and with some tweaking I've lost 16 lbs",
      "review_date": [
        "June",
        "11",
        " 2015"
      ]
    },
    {
      "REQ_subtype": "",
      "REQ_type": "",
      "_id": 39,
      "author_id": "not defined",
      "author_name": "Sanna Miller",
      "helpful": "3",
      "polarity": "",
      "rate": 4,
      "response": "",
      "response_date": "",
      "review": "First week was really easy. Using with ab and butt challenges for more workout. Keeps me on track with working out daily though.",
      "review_date": [
        "September",
        "19",
        " 2015"
      ]
    },
    {
      "REQ_subtype": "",
      "REQ_type": "",
      "_id": 40,
      "author_id": "not defined",
      "author_name": "Junaur Alojipan",
      "helpful": "0",
      "polarity": "",
      "rate": 5,
      "response": "",
      "response_date": "",
      "review": "Great App! The demo of each excercise, if you are not clear how to do exercises, is Very helpful.",
      "review_date": [
        "May",
        "23",
        " 2015"
      ]
    },
    {
      "REQ_subtype": "",
      "REQ_type": "",
      "_id": 41,
      "author_id": "not defined",
      "author_name": "Sara K",
      "helpful": "0",
      "polarity": "",
      "rate": 3,
      "response": "",
      "response_date": "",
      "review": "I love the app and I feel a lot fitter on day 6! But I'm wondering, do I just do what it says to do or do I have to do sets of these workouts to see proper results? Thanks!",
      "review_date": [
        "September",
        "4",
        " 2015"
      ]
    },
    {
      "REQ_subtype": "",
      "REQ_type": "",
      "_id": 42,
      "author_id": "not defined",
      "author_name": "A Google user",
      "helpful": "1",
      "polarity": "",
      "rate": 4,
      "response": "",
      "response_date": "",
      "review": "Very helpful, simple and great increments of exercise.. I am doing this with the 30 day ab challenge and the whole 30 challenge . Today is day 4 and I can see and feel a difference.",
      "review_date": [
        "July",
        "11",
        " 2015"
      ]
    },
    {
      "REQ_subtype": "",
      "REQ_type": "",
      "_id": 43,
      "author_id": "not defined",
      "author_name": "Joann Gmerek",
      "helpful": "3",
      "polarity": "",
      "rate": 5,
      "response": "",
      "response_date": "",
      "review": "Love the other challenge apps as well, its really kicking my butt, so I know its working ;)",
      "review_date": [
        "January",
        "23",
        " 2015"
      ]
    },
    {
      "REQ_subtype": "",
      "REQ_type": "",
      "_id": 44,
      "author_id": "not defined",
      "author_name": "Christy Reynosa",
      "helpful": "1",
      "polarity": "",
      "rate": 5,
      "response": "",
      "response_date": "",
      "review": "Seems easy at first and the 60 second break seems long...after a few days the 60 seconds isn't long enough lol! Great app!",
      "review_date": [
        "March",
        "20",
        " 2015"
      ]
    },
    {
      "REQ_subtype": "",
      "REQ_type": "",
      "_id": 45,
      "author_id": "not defined",
      "author_name": "A Google user",
      "helpful": "0",
      "polarity": "",
      "rate": 5,
      "response": "",
      "response_date": "",
      "review": "This app starts you off at a gentle pace. The exercises could be easily done at home so you don't have to worry about gym bunny's looking at you.",
      "review_date": [
        "January",
        "4",
        " 2017"
      ]
    },
    {
      "REQ_subtype": "",
      "REQ_type": "",
      "_id": 46,
      "author_id": "not defined",
      "author_name": "Paige Lane",
      "helpful": "0",
      "polarity": "",
      "rate": 5,
      "response": "",
      "response_date": "",
      "review": "It gets your blood pumping but is also easy enough for my 6 year old to do with me. Since I've started I've lost many inches and plan to lose even more. This is an amazing app and I've already recommended it to a few friends!",
      "review_date": [
        "June",
        "10",
        " 2015"
      ]
    },
    {
      "REQ_subtype": "",
      "REQ_type": "",
      "_id": 47,
      "author_id": "not defined",
      "author_name": "Kehinde Haastrup",
      "helpful": "1",
      "polarity": "",
      "rate": 5,
      "response": "",
      "response_date": "",
      "review": "I'm an outdoor cardio person, but these exercises prove quite a challenge! And the best part? I DON'T HAVE TO LEAVE MY BEDROOM!",
      "review_date": [
        "April",
        "15",
        " 2016"
      ]
    },
    {
      "REQ_subtype": "",
      "REQ_type": "",
      "_id": 48,
      "author_id": "not defined",
      "author_name": "Felicia Eubanks",
      "helpful": "1",
      "polarity": "",
      "rate": 5,
      "response": "",
      "response_date": "",
      "review": "Great cardio would like to cut the break time in half but only on day 4. So far phenomenal!",
      "review_date": [
        "July",
        "17",
        " 2015"
      ]
    },
    {
      "REQ_subtype": "",
      "REQ_type": "",
      "_id": 49,
      "author_id": "not defined",
      "author_name": "MasterProGamer YT",
      "helpful": "0",
      "polarity": "",
      "rate": 5,
      "response": "",
      "response_date": "",
      "review": "This has helped me in harder things as I was a beginner and now im so fit I could lift anything up!!",
      "review_date": [
        "September",
        "24",
        " 2016"
      ]
    },
    {
      "REQ_subtype": "",
      "REQ_type": "",
      "_id": 50,
      "author_id": "not defined",
      "author_name": "Franchesca Garcia",
      "helpful": "1",
      "polarity": "",
      "rate": 4,
      "response": "",
      "response_date": "",
      "review": "I'm on day 7 and I can see it working. I'm doing this along with the butt workout and hopefully all this has worked out by the end of this month!",
      "review_date": [
        "June",
        "21",
        " 2015"
      ]
    },
    {
      "REQ_subtype": "",
      "REQ_type": "",
      "_id": 51,
      "author_id": "not defined",
      "author_name": "Gregory M. Casey",
      "helpful": "0",
      "polarity": "",
      "rate": 5,
      "response": "",
      "response_date": "",
      "review": "I really like the 30 day challenge series of apps. Mind you, I'm unable to complete any of them but I've always loved a challenge. The built in timer function is also great.",
      "review_date": [
        "April",
        "3",
        " 2015"
      ]
    },
    {
      "REQ_subtype": "",
      "REQ_type": "",
      "_id": 52,
      "author_id": "not defined",
      "author_name": "Trisha Grant",
      "helpful": "0",
      "polarity": "",
      "rate": 4,
      "response": "",
      "response_date": "",
      "review": "I'm new to this but my two nieces really love it, so I'm sure I will after they show me how it works..i can't seem to figure it out . I'm not the most tech savvy..that's why I only gave four stars..needs more instructions",
      "review_date": [
        "December",
        "30",
        " 2015"
      ]
    },
    {
      "REQ_subtype": "",
      "REQ_type": "",
      "_id": 53,
      "author_id": "not defined",
      "author_name": "megan Whitehead",
      "helpful": "1",
      "polarity": "",
      "rate": 4,
      "response": "",
      "response_date": "",
      "review": "I've been doing it for a few days and it's been great! Hopefully by the end I'll see the results I'm hoping for.",
      "review_date": [
        "April",
        "3",
        " 2016"
      ]
    },
    {
      "REQ_subtype": "",
      "REQ_type": "",
      "_id": 54,
      "author_id": "not defined",
      "author_name": "Andrew White",
      "helpful": "0",
      "polarity": "",
      "rate": 1,
      "response": "",
      "response_date": "",
      "review": "I literally added a 0 to the amount of reps to get anything out of it. So instead of doing 10 jumping Jacks I did 100. Even then it's not hard.",
      "review_date": [
        "May",
        "25",
        " 2016"
      ]
    },
    {
      "REQ_subtype": "",
      "REQ_type": "",
      "_id": 55,
      "author_id": "not defined",
      "author_name": "Alixanda Quan",
      "helpful": "0",
      "polarity": "",
      "rate": 4,
      "response": "",
      "response_date": "",
      "review": "There needs to be warmup & stretch component. Other than that pretty good especially if you're not an exercise person. First few days might be too easy. I just added some reps.",
      "review_date": [
        "June",
        "7",
        " 2016"
      ]
    },
    {
      "REQ_subtype": "",
      "REQ_type": "",
      "_id": 56,
      "author_id": "not defined",
      "author_name": "Enrique Torres",
      "helpful": "1",
      "polarity": "",
      "rate": 5,
      "response": "",
      "response_date": "",
      "review": "My little girls love these 30 day challenges. Are family time consists of 30 day workouts",
      "review_date": [
        "February",
        "24",
        " 2015"
      ]
    },
    {
      "REQ_subtype": "",
      "REQ_type": "",
      "_id": 57,
      "author_id": "not defined",
      "author_name": "Joshua Whitfield",
      "helpful": "0",
      "polarity": "",
      "rate": 4,
      "response": "",
      "response_date": "",
      "review": "Good for easing into a routine. I use it as a warm up for other workouts but I'm not even 10 days into the challenge yet so it may eventually become a workout.",
      "review_date": [
        "October",
        "20",
        " 2015"
      ]
    },
    {
      "REQ_subtype": "",
      "REQ_type": "",
      "_id": 58,
      "author_id": "not defined",
      "author_name": "Greycoat",
      "helpful": "0",
      "polarity": "",
      "rate": 5,
      "response": "",
      "response_date": "",
      "review": "It has a good rate of progression, enough to get you sweating without overdoing it. Great for any workout novice.",
      "review_date": [
        "May",
        "18",
        " 2015"
      ]
    },
    {
      "REQ_subtype": "",
      "REQ_type": "",
      "_id": 59,
      "author_id": "not defined",
      "author_name": "Shaahid Sheriff",
      "helpful": "0",
      "polarity": "",
      "rate": 5,
      "response": "",
      "response_date": "",
      "review": "Luv it. Pushes to Max.",
      "review_date": [
        "June",
        "23",
        " 2015"
      ]
    },
    {
      "REQ_subtype": "",
      "REQ_type": "",
      "_id": 60,
      "author_id": "not defined",
      "author_name": "Christine d'Avoine",
      "helpful": "0",
      "polarity": "",
      "rate": 5,
      "response": "",
      "response_date": "",
      "review": "Surprisingly tiring.",
      "review_date": [
        "March",
        "17",
        " 2015"
      ]
    },
    {
      "REQ_subtype": "",
      "REQ_type": "",
      "_id": 61,
      "author_id": "not defined",
      "author_name": "Jennifer Nelson",
      "helpful": "0",
      "polarity": "",
      "rate": 5,
      "response": "",
      "response_date": "",
      "review": "Love that it's the same exercises every day but growing reps. I've been helping my mom get into shape and it has been challenging yet doable. Perfect for us both.",
      "review_date": [
        "June",
        "5",
        " 2015"
      ]
    },
    {
      "REQ_subtype": "",
      "REQ_type": "",
      "_id": 62,
      "author_id": "not defined",
      "author_name": "Virginia Nkosi",
      "helpful": "3",
      "polarity": "",
      "rate": 5,
      "response": "",
      "response_date": "",
      "review": "It is wonderful i have a personal trainer in my pocket if only the reminder had a sound",
      "review_date": [
        "January",
        "24",
        " 2015"
      ]
    },
    {
      "REQ_subtype": "",
      "REQ_type": "",
      "_id": 63,
      "author_id": "not defined",
      "author_name": "Tearshia Realta",
      "helpful": "0",
      "polarity": "",
      "rate": 3,
      "response": "",
      "response_date": "",
      "review": "No landscape mode and you have to hit next to go to the next exercise which kinda defeats the point of aerobic exercise....",
      "review_date": [
        "July",
        "18",
        " 2015"
      ]
    },
    {
      "REQ_subtype": "",
      "REQ_type": "",
      "_id": 64,
      "author_id": "not defined",
      "author_name": "Tecynte Bell",
      "helpful": "0",
      "polarity": "",
      "rate": 4,
      "response": "",
      "response_date": "",
      "review": "So convenient. Absolutely love it. I just wish they would explain the Jump Rope Reps. Not sure if 1 rep equals 1 minute or 1 second or just 1 jump.",
      "review_date": [
        "July",
        "9",
        " 2015"
      ]
    },
    {
      "REQ_subtype": "",
      "REQ_type": "",
      "_id": 65,
      "author_id": "not defined",
      "author_name": "Miss Lis",
      "helpful": "0",
      "polarity": "",
      "rate": 5,
      "response": "",
      "response_date": "",
      "review": "The exercises are simple yet effective as the repetitions increase! I've already gotten my mom and friends to download this app!",
      "review_date": [
        "July",
        "10",
        " 2016"
      ]
    },
    {
      "REQ_subtype": "",
      "REQ_type": "",
      "_id": 66,
      "author_id": "not defined",
      "author_name": "Nawang Ngrm",
      "helpful": "0",
      "polarity": "",
      "rate": 5,
      "response": "",
      "response_date": "",
      "review": "I loss 2 kg in 3 days",
      "review_date": [
        "July",
        "12",
        " 2015"
      ]
    },
    {
      "REQ_subtype": "",
      "REQ_type": "",
      "_id": 67,
      "author_id": "not defined",
      "author_name": "Kimberly Garland",
      "helpful": "0",
      "polarity": "",
      "rate": 5,
      "response": "",
      "response_date": "",
      "review": "Only on day 3 and I've already lost 4 pounds!!",
      "review_date": [
        "August",
        "7",
        " 2015"
      ]
    },
    {
      "REQ_subtype": "",
      "REQ_type": "",
      "_id": 68,
      "author_id": "not defined",
      "author_name": "Tutu M",
      "helpful": "0",
      "polarity": "",
      "rate": 5,
      "response": "",
      "response_date": "",
      "review": "This is not a planner app, it's a challenge, so every day will be harder than the last. You get  rest days too, so all's well. Doing arms and butt too, love it!",
      "review_date": [
        "November",
        "19",
        " 2017"
      ]
    },
    {
      "REQ_subtype": "",
      "REQ_type": "",
      "_id": 69,
      "author_id": "not defined",
      "author_name": "92 Sports Sialkot",
      "helpful": "1",
      "polarity": "",
      "rate": 5,
      "response": "",
      "response_date": "",
      "review": "I lost 7 KGS in 30 days using this application. It is in details and tell you step by step procedure ...",
      "review_date": [
        "April",
        "18",
        " 2015"
      ]
    },
    {
      "REQ_subtype": "",
      "REQ_type": "",
      "_id": 70,
      "author_id": "not defined",
      "author_name": "christina bradley",
      "helpful": "0",
      "polarity": "",
      "rate": 4,
      "response": "",
      "response_date": "",
      "review": "I don't have a smart watch to know if it works with a smartphone lol",
      "review_date": [
        "April",
        "14",
        " 2017"
      ]
    },
    {
      "REQ_subtype": "",
      "REQ_type": "",
      "_id": 71,
      "author_id": "not defined",
      "author_name": "Joe Matthews Jr.",
      "helpful": "2",
      "polarity": "",
      "rate": 5,
      "response": "",
      "response_date": "",
      "review": "Straightforward,  easy, good regime.",
      "review_date": [
        "February",
        "12",
        " 2016"
      ]
    },
    {
      "REQ_subtype": "",
      "REQ_type": "",
      "_id": 72,
      "author_id": "not defined",
      "author_name": "Carla Curtis",
      "helpful": "0",
      "polarity": "",
      "rate": 5,
      "response": "",
      "response_date": "",
      "review": "Totally makes you sweat, really like the other ones too  the ab and butt, arm's they are reforming my body love it,feel the burn",
      "review_date": [
        "April",
        "28",
        " 2015"
      ]
    },
    {
      "REQ_subtype": "",
      "REQ_type": "",
      "_id": 73,
      "author_id": "not defined",
      "author_name": "Katniss Hawethorne",
      "helpful": "0",
      "polarity": "",
      "rate": 5,
      "response": "",
      "response_date": "",
      "review": "I am doing the cardio, abs, and squats, and I can definitely feel a difference! It's great to know that the apps will actually keep you doing it daily with the reminders!",
      "review_date": [
        "July",
        "4",
        " 2015"
      ]
    },
    {
      "REQ_subtype": "",
      "REQ_type": "",
      "_id": 74,
      "author_id": "not defined",
      "author_name": "Brian Dunn",
      "helpful": "0",
      "polarity": "",
      "rate": 4,
      "response": "",
      "response_date": "",
      "review": "Good app. Pity there is no audio instruction then it have been a 5\u2605",
      "review_date": [
        "June",
        "23",
        " 2015"
      ]
    },
    {
      "REQ_subtype": "",
      "REQ_type": "",
      "_id": 75,
      "author_id": "not defined",
      "author_name": "Ella W\u00f3jcicka",
      "helpful": "0",
      "polarity": "",
      "rate": 5,
      "response": "",
      "response_date": "",
      "review": "As long as you stick with it you will succeed!",
      "review_date": [
        "February",
        "6",
        " 2016"
      ]
    },
    {
      "REQ_subtype": "",
      "REQ_type": "",
      "_id": 76,
      "author_id": "not defined",
      "author_name": "Alyxandria Carter",
      "helpful": "0",
      "polarity": "",
      "rate": 5,
      "response": "",
      "response_date": "",
      "review": "Only on day 4 but I can tell a difference already. Can't wait to see the final results on day 30.",
      "review_date": [
        "January",
        "27",
        " 2015"
      ]
    },
    {
      "REQ_subtype": "",
      "REQ_type": "",
      "_id": 77,
      "author_id": "not defined",
      "author_name": "Lynne Charnock",
      "helpful": "0",
      "polarity": "",
      "rate": 5,
      "response": "",
      "response_date": "",
      "review": "Putting me through my paces, along with other apps/challenges. Great workout.",
      "review_date": [
        "April",
        "24",
        " 2015"
      ]
    },
    {
      "REQ_subtype": "",
      "REQ_type": "",
      "_id": 78,
      "author_id": "not defined",
      "author_name": "Mohammed Vasaiwala",
      "helpful": "0",
      "polarity": "",
      "rate": 1,
      "response": "",
      "response_date": "",
      "review": "Not able to see the exercises as it crashes everytime.",
      "review_date": [
        "June",
        "21",
        " 2015"
      ]
    },
    {
      "REQ_subtype": "",
      "REQ_type": "",
      "_id": 79,
      "author_id": "not defined",
      "author_name": "Emma Shelton",
      "helpful": "0",
      "polarity": "",
      "rate": 5,
      "response": "",
      "response_date": "",
      "review": "I love this the exercises are easy to follow and it helps me with other weight loss apps I use too",
      "review_date": [
        "May",
        "8",
        " 2015"
      ]
    },
    {
      "REQ_subtype": "",
      "REQ_type": "",
      "_id": 80,
      "author_id": "not defined",
      "author_name": "KATRINA MANSARAY",
      "helpful": "0",
      "polarity": "",
      "rate": 5,
      "response": "",
      "response_date": "",
      "review": "Found this a fab app. Haven't exercises properly in years. This app gets you on track at an easy gping pace.",
      "review_date": [
        "June",
        "7",
        " 2015"
      ]
    },
    {
      "REQ_subtype": "",
      "REQ_type": "",
      "_id": 81,
      "author_id": "not defined",
      "author_name": "Amy Armitage",
      "helpful": "0",
      "polarity": "",
      "rate": 5,
      "response": "",
      "response_date": "",
      "review": "I am on my 2nd day and already feeling the difference. I use a stretching app before this one and I really do feel the difference. This app is brilliant!",
      "review_date": [
        "April",
        "22",
        " 2015"
      ]
    },
    {
      "REQ_subtype": "",
      "REQ_type": "",
      "_id": 82,
      "author_id": "not defined",
      "author_name": "Roman Reigns",
      "helpful": "1",
      "polarity": "",
      "rate": 4,
      "response": "",
      "response_date": "",
      "review": "I have all the challenge but do your necessary to make the exercises without equipment",
      "review_date": [
        "October",
        "6",
        " 2015"
      ]
    },
    {
      "REQ_subtype": "",
      "REQ_type": "",
      "_id": 83,
      "author_id": "not defined",
      "author_name": "tynice simpson",
      "helpful": "0",
      "polarity": "",
      "rate": 5,
      "response": "",
      "response_date": "",
      "review": "They tell me what to do, how to do it, and how many to do. I can also set an alarm on here to work out. I  love this app",
      "review_date": [
        "June",
        "8",
        " 2015"
      ]
    },
    {
      "REQ_subtype": "",
      "REQ_type": "",
      "_id": 84,
      "author_id": "not defined",
      "author_name": "Tanika Cook",
      "helpful": "0",
      "polarity": "",
      "rate": 5,
      "response": "",
      "response_date": "",
      "review": "Great way for people like myself who sometimes feel no motivation. It's intense bt it's challenging and not boring to do.",
      "review_date": [
        "June",
        "4",
        " 2015"
      ]
    },
    {
      "REQ_subtype": "",
      "REQ_type": "",
      "_id": 85,
      "author_id": "not defined",
      "author_name": "Jovanna Palma",
      "helpful": "4",
      "polarity": "",
      "rate": 3,
      "response": "",
      "response_date": "",
      "review": "Its tireing and hurting but good",
      "review_date": [
        "July",
        "17",
        " 2015"
      ]
    },
    {
      "REQ_subtype": "",
      "REQ_type": "",
      "_id": 86,
      "author_id": "not defined",
      "author_name": "Shashwat Krishna",
      "helpful": "2",
      "polarity": "",
      "rate": 5,
      "response": "",
      "response_date": "",
      "review": "Coupled it up with abs and a healthy diet...Can feel the burn!",
      "review_date": [
        "June",
        "12",
        " 2016"
      ]
    },
    {
      "REQ_subtype": "",
      "REQ_type": "",
      "_id": 87,
      "author_id": "not defined",
      "author_name": "d nashwa",
      "helpful": "0",
      "polarity": "",
      "rate": 5,
      "response": "",
      "response_date": "",
      "review": "perfect",
      "review_date": [
        "August",
        "11",
        " 2015"
      ]
    },
    {
      "REQ_subtype": "",
      "REQ_type": "",
      "_id": 88,
      "author_id": "not defined",
      "author_name": "Biodun Anyanwu",
      "helpful": "0",
      "polarity": "",
      "rate": 5,
      "response": "",
      "response_date": "",
      "review": "Really helps push me each day",
      "review_date": [
        "August",
        "30",
        " 2016"
      ]
    },
    {
      "REQ_subtype": "",
      "REQ_type": "",
      "_id": 89,
      "author_id": "not defined",
      "author_name": "Hector Lopez",
      "helpful": "0",
      "polarity": "",
      "rate": 4,
      "response": "",
      "response_date": "",
      "review": "When i play music it stops it",
      "review_date": [
        "July",
        "29",
        " 2015"
      ]
    },
    {
      "REQ_subtype": "",
      "REQ_type": "",
      "_id": 90,
      "author_id": "not defined",
      "author_name": "mizzjaxon ifurnasty",
      "helpful": "0",
      "polarity": "",
      "rate": 5,
      "response": "",
      "response_date": "",
      "review": "Amazingly awesome.  If you lived a sedentary lifestyle this is great to get you started.",
      "review_date": [
        "February",
        "1",
        " 2015"
      ]
    },
    {
      "REQ_subtype": "",
      "REQ_type": "",
      "_id": 91,
      "author_id": "not defined",
      "author_name": "esrafil behrang",
      "helpful": "0",
      "polarity": "",
      "rate": 4,
      "response": "",
      "response_date": "",
      "review": "Good for me and lazy guys.",
      "review_date": [
        "July",
        "17",
        " 2015"
      ]
    },
    {
      "REQ_subtype": "",
      "REQ_type": "",
      "_id": 92,
      "author_id": "not defined",
      "author_name": "Joseph Tolentino",
      "helpful": "0",
      "polarity": "",
      "rate": 5,
      "response": "",
      "response_date": "",
      "review": "Already 5 days in and I'm starting to see results and have a toner body",
      "review_date": [
        "August",
        "6",
        " 2015"
      ]
    },
    {
      "REQ_subtype": "",
      "REQ_type": "",
      "_id": 93,
      "author_id": "not defined",
      "author_name": "JBTEsquire the Seventh",
      "helpful": "0",
      "polarity": "",
      "rate": 5,
      "response": "",
      "response_date": "",
      "review": "Go ahead and download this app, easy to use, takes little memory on your phone, and good for keeping in shape.",
      "review_date": [
        "August",
        "2",
        " 2016"
      ]
    },
    {
      "REQ_subtype": "",
      "REQ_type": "",
      "_id": 94,
      "author_id": "not defined",
      "author_name": "Winnetka Acy",
      "helpful": "0",
      "polarity": "",
      "rate": 5,
      "response": "",
      "response_date": "",
      "review": "This application help me to keep my cardio in shape on non gym days. It is an helpful application to have.",
      "review_date": [
        "May",
        "21",
        " 2015"
      ]
    },
    {
      "REQ_subtype": "",
      "REQ_type": "",
      "_id": 95,
      "author_id": "not defined",
      "author_name": "Mandy Keach",
      "helpful": "0",
      "polarity": "",
      "rate": 5,
      "response": "",
      "response_date": "",
      "review": "Challenging but not too challenging ! I'm already seeing and feeling result on day six !! Great app for beginers",
      "review_date": [
        "August",
        "5",
        " 2015"
      ]
    },
    {
      "REQ_subtype": "",
      "REQ_type": "",
      "_id": 96,
      "author_id": "not defined",
      "author_name": "Naomi R Williams",
      "helpful": "0",
      "polarity": "",
      "rate": 4,
      "response": "",
      "response_date": "",
      "review": "Would like a message reminding what's coming next during rest intervals but otherwise it's great",
      "review_date": [
        "June",
        "11",
        " 2015"
      ]
    },
    {
      "REQ_subtype": "",
      "REQ_type": "",
      "_id": 97,
      "author_id": "not defined",
      "author_name": "Sarah Cook",
      "helpful": "0",
      "polarity": "",
      "rate": 5,
      "response": "",
      "response_date": "",
      "review": "Easy to stick to and gradually builds up each day,using this one along with the above and butt one.",
      "review_date": [
        "June",
        "4",
        " 2015"
      ]
    },
    {
      "REQ_subtype": "",
      "REQ_type": "",
      "_id": 98,
      "author_id": "not defined",
      "author_name": "Ngoha Tri",
      "helpful": "0",
      "polarity": "",
      "rate": 5,
      "response": "",
      "response_date": "",
      "review": "The exercise was perfect . I can really feel my cardio moving up to the next level",
      "review_date": [
        "September",
        "4",
        " 2015"
      ]
    },
    {
      "REQ_subtype": "",
      "REQ_type": "",
      "_id": 99,
      "author_id": "not defined",
      "author_name": "vj i",
      "helpful": "0",
      "polarity": "",
      "rate": 4,
      "response": "",
      "response_date": "",
      "review": "Very reasonable and specific exercise but few in number and few to start in count.. With few more to add with increasing days will be best",
      "review_date": [
        "May",
        "13",
        " 2015"
      ]
    },
    {
      "REQ_subtype": "",
      "REQ_type": "",
      "_id": 100,
      "author_id": "not defined",
      "author_name": "Ntokozo Dlamini",
      "helpful": "1",
      "polarity": "",
      "rate": 4,
      "response": "",
      "response_date": "",
      "review": "It seems promising. Im on my 2nd day..",
      "review_date": [
        "February",
        "16",
        " 2015"
      ]
    },
    {
      "REQ_subtype": "",
      "REQ_type": "",
      "_id": 101,
      "author_id": "not defined",
      "author_name": "Tasha M",
      "helpful": "0",
      "polarity": "",
      "rate": 5,
      "response": "",
      "response_date": "",
      "review": "I use with some of the other apps by the same company and I can defiantly feel it working!",
      "review_date": [
        "June",
        "24",
        " 2015"
      ]
    },
    {
      "REQ_subtype": "",
      "REQ_type": "",
      "_id": 102,
      "author_id": "not defined",
      "author_name": "Dominique Engome",
      "helpful": "0",
      "polarity": "",
      "rate": 5,
      "response": "",
      "response_date": "",
      "review": "It's very progressive and let's you start small. It even includes rest days which is also great.",
      "review_date": [
        "August",
        "24",
        " 2016"
      ]
    },
    {
      "REQ_subtype": "",
      "REQ_type": "",
      "_id": 103,
      "author_id": "not defined",
      "author_name": "alya huda",
      "helpful": "0",
      "polarity": "",
      "rate": 5,
      "response": "",
      "response_date": "",
      "review": "I'm try to be fit and search this app at play store n im install then I'm try this challenge n it's work !",
      "review_date": [
        "August",
        "8",
        " 2015"
      ]
    },
    {
      "REQ_subtype": "",
      "REQ_type": "",
      "_id": 104,
      "author_id": "not defined",
      "author_name": "Dee Chase",
      "helpful": "1",
      "polarity": "",
      "rate": 5,
      "response": "",
      "response_date": "",
      "review": "Awesome app! Really enjoy doing the challenges.",
      "review_date": [
        "January",
        "22",
        " 2015"
      ]
    },
    {
      "REQ_subtype": "",
      "REQ_type": "",
      "_id": 105,
      "author_id": "not defined",
      "author_name": "Delaena Dugan",
      "helpful": "0",
      "polarity": "",
      "rate": 5,
      "response": "",
      "response_date": "",
      "review": "Combining it with the abs and butt challenge. On day 9 on this one and I feel really good about myself",
      "review_date": [
        "January",
        "12",
        " 2016"
      ]
    },
    {
      "REQ_subtype": "",
      "REQ_type": "",
      "_id": 106,
      "author_id": "not defined",
      "author_name": "Pauline B",
      "helpful": "0",
      "polarity": "",
      "rate": 4,
      "response": "",
      "response_date": "",
      "review": "I am on day 3 and am loving it. I especially like the inclusion of instructions for each exercise.",
      "review_date": [
        "February",
        "1",
        " 2016"
      ]
    },
    {
      "REQ_subtype": "",
      "REQ_type": "",
      "_id": 107,
      "author_id": "not defined",
      "author_name": "Neha Sohail",
      "helpful": "0",
      "polarity": "",
      "rate": 5,
      "response": "",
      "response_date": "",
      "review": "For how much time a day we have to do it can u plz tell me",
      "review_date": [
        "June",
        "10",
        " 2015"
      ]
    },
    {
      "REQ_subtype": "",
      "REQ_type": "",
      "_id": 108,
      "author_id": "not defined",
      "author_name": "Manas Ojha",
      "helpful": "0",
      "polarity": "",
      "rate": 4,
      "response": "",
      "response_date": "",
      "review": "Shuts my music player when I jump from one exercise to another, otherwise it's great",
      "review_date": [
        "April",
        "20",
        " 2016"
      ]
    },
    {
      "REQ_subtype": "",
      "REQ_type": "",
      "_id": 109,
      "author_id": "not defined",
      "author_name": "NEXT GENERATION //NEXTGEN",
      "helpful": "0",
      "polarity": "",
      "rate": 5,
      "response": "",
      "response_date": "",
      "review": "It's the best app ever I'm on day 10 and I'm feeling way better than I did before I started",
      "review_date": [
        "January",
        "4",
        " 2016"
      ]
    },
    {
      "REQ_subtype": "",
      "REQ_type": "",
      "_id": 110,
      "author_id": "not defined",
      "author_name": "Cortez Rich",
      "helpful": "0",
      "polarity": "",
      "rate": 5,
      "response": "",
      "response_date": "",
      "review": "Quick and challenging. Combined with their other workouts. You definitely feel the burn as u get further along",
      "review_date": [
        "April",
        "14",
        " 2016"
      ]
    },
    {
      "REQ_subtype": "",
      "REQ_type": "",
      "_id": 111,
      "author_id": "not defined",
      "author_name": "Jessica Stewart",
      "helpful": "0",
      "polarity": "",
      "rate": 4,
      "response": "",
      "response_date": "",
      "review": "great for beginners, hope it will help to get rid of stubborn belly fat",
      "review_date": [
        "February",
        "22",
        " 2017"
      ]
    },
    {
      "REQ_subtype": "",
      "REQ_type": "",
      "_id": 112,
      "author_id": "not defined",
      "author_name": "Ciana T.",
      "helpful": "0",
      "polarity": "",
      "rate": 5,
      "response": "",
      "response_date": "",
      "review": "Exercises are easy and fun to do. Deffinitely gets your heart rate up. Good cardio exercise. Deffinitely would recommend.",
      "review_date": [
        "July",
        "8",
        " 2015"
      ]
    },
    {
      "REQ_subtype": "",
      "REQ_type": "",
      "_id": 113,
      "author_id": "not defined",
      "author_name": "Justyna Juicy87",
      "helpful": "0",
      "polarity": "",
      "rate": 5,
      "response": "",
      "response_date": "",
      "review": "I love the exercises!  They really helps your body looks better! Don't afraid to try it!",
      "review_date": [
        "March",
        "20",
        " 2015"
      ]
    },
    {
      "REQ_subtype": "",
      "REQ_type": "",
      "_id": 114,
      "author_id": "not defined",
      "author_name": "Patrick Howard",
      "helpful": "0",
      "polarity": "",
      "rate": 4,
      "response": "",
      "response_date": "",
      "review": "Very convenient for a person who's getting back into working out. This is the fitness foundation I was looking for.",
      "review_date": [
        "July",
        "31",
        " 2016"
      ]
    },
    {
      "REQ_subtype": "",
      "REQ_type": "",
      "_id": 115,
      "author_id": "not defined",
      "author_name": "Kuljeet Sandhu",
      "helpful": "0",
      "polarity": "",
      "rate": 5,
      "response": "",
      "response_date": "",
      "review": "I started my work out today...and I hope I will make it to day 30.great workouts..",
      "review_date": [
        "September",
        "29",
        " 2014"
      ]
    },
    {
      "REQ_subtype": "",
      "REQ_type": "",
      "_id": 116,
      "author_id": "not defined",
      "author_name": "Lauren Cecil",
      "helpful": "0",
      "polarity": "",
      "rate": 5,
      "response": "",
      "response_date": "",
      "review": "Easy to use! Great for beginnigers because it starts easy and builds up the reps per workout.",
      "review_date": [
        "August",
        "5",
        " 2016"
      ]
    },
    {
      "REQ_subtype": "",
      "REQ_type": "",
      "_id": 117,
      "author_id": "not defined",
      "author_name": "Douw Steyn",
      "helpful": "0",
      "polarity": "",
      "rate": 5,
      "response": "",
      "response_date": "",
      "review": "Doing it with abs and butt. So war so good!",
      "review_date": [
        "June",
        "6",
        " 2015"
      ]
    },
    {
      "REQ_subtype": "",
      "REQ_type": "",
      "_id": 118,
      "author_id": "not defined",
      "author_name": "Conall Rice",
      "helpful": "0",
      "polarity": "",
      "rate": 4,
      "response": "",
      "response_date": "",
      "review": "Needs more too it, like a workout log or results on how much you have improved",
      "review_date": [
        "November",
        "13",
        " 2015"
      ]
    },
    {
      "REQ_subtype": "",
      "REQ_type": "",
      "_id": 119,
      "author_id": "not defined",
      "author_name": "Shon P",
      "helpful": "0",
      "polarity": "",
      "rate": 4,
      "response": "",
      "response_date": "",
      "review": "Exercises are clear and concise. Video is great. Minimal ads!!! It's a winner in my book.",
      "review_date": [
        "April",
        "11",
        " 2015"
      ]
    },
    {
      "REQ_subtype": "",
      "REQ_type": "",
      "_id": 120,
      "author_id": "not defined",
      "author_name": "Darko Miljkovic",
      "helpful": "0",
      "polarity": "",
      "rate": 5,
      "response": "",
      "response_date": "",
      "review": "Can you connect it to the Google fit, can you make extreme/advanced option same as for squats?",
      "review_date": [
        "October",
        "30",
        " 2015"
      ]
    },
    {
      "REQ_subtype": "",
      "REQ_type": "",
      "_id": 121,
      "author_id": "not defined",
      "author_name": "Shannon Kearney",
      "helpful": "0",
      "polarity": "",
      "rate": 5,
      "response": "",
      "response_date": "",
      "review": "I have been using this qpp for three days and I can already see the results I am so happy with it :)",
      "review_date": [
        "February",
        "12",
        " 2015"
      ]
    },
    {
      "REQ_subtype": "",
      "REQ_type": "",
      "_id": 122,
      "author_id": "not defined",
      "author_name": "Tina Hidalgo",
      "helpful": "0",
      "polarity": "",
      "rate": 5,
      "response": "",
      "response_date": "",
      "review": "Felt good",
      "review_date": [
        "May",
        "20",
        " 2016"
      ]
    },
    {
      "REQ_subtype": "",
      "REQ_type": "",
      "_id": 123,
      "author_id": "not defined",
      "author_name": "Tiny Thundersong",
      "helpful": "0",
      "polarity": "",
      "rate": 1,
      "response": "",
      "response_date": "",
      "review": "Ads polluting my phone",
      "review_date": [
        "June",
        "13",
        " 2016"
      ]
    },
    {
      "REQ_subtype": "",
      "REQ_type": "",
      "_id": 124,
      "author_id": "not defined",
      "author_name": "Rafae Faiz",
      "helpful": "0",
      "polarity": "",
      "rate": 5,
      "response": "",
      "response_date": "",
      "review": "Helps you a lot and brings you back in shape thank you who ever made this keep the good work up",
      "review_date": [
        "July",
        "8",
        " 2015"
      ]
    },
    {
      "REQ_subtype": "",
      "REQ_type": "",
      "_id": 125,
      "author_id": "not defined",
      "author_name": "Willim Carter",
      "helpful": "0",
      "polarity": "",
      "rate": 4,
      "response": "",
      "response_date": "",
      "review": "Just recently discovered this ap so will have to see how it goes. Using it with the abs ap.",
      "review_date": [
        "June",
        "24",
        " 2015"
      ]
    },
    {
      "REQ_subtype": "",
      "REQ_type": "",
      "_id": 126,
      "author_id": "not defined",
      "author_name": "Shefan Khan",
      "helpful": "0",
      "polarity": "",
      "rate": 4,
      "response": "",
      "response_date": "",
      "review": "At which time i do this? Can i do your other exercise along with this?",
      "review_date": [
        "May",
        "31",
        " 2015"
      ]
    },
    {
      "REQ_subtype": "",
      "REQ_type": "",
      "_id": 127,
      "author_id": "not defined",
      "author_name": "Joce Aurele",
      "helpful": "0",
      "polarity": "",
      "rate": 4,
      "response": "",
      "response_date": "",
      "review": "Great app. Would have given it a 5 star if there were more exercises",
      "review_date": [
        "April",
        "14",
        " 2015"
      ]
    },
    {
      "REQ_subtype": "",
      "REQ_type": "",
      "_id": 128,
      "author_id": "not defined",
      "author_name": "Stephanie Baker",
      "helpful": "0",
      "polarity": "",
      "rate": 5,
      "response": "",
      "response_date": "",
      "review": "Love it so far.  Only on day 5, but gets heart going for the few exercises.",
      "review_date": [
        "January",
        "22",
        " 2016"
      ]
    },
    {
      "REQ_subtype": "",
      "REQ_type": "",
      "_id": 129,
      "author_id": "not defined",
      "author_name": "Lupita Arroyo",
      "helpful": "1",
      "polarity": "",
      "rate": 5,
      "response": "",
      "response_date": "",
      "review": "Works and I intend to keep using this app",
      "review_date": [
        "April",
        "9",
        " 2015"
      ]
    },
    {
      "REQ_subtype": "",
      "REQ_type": "",
      "_id": 130,
      "author_id": "not defined",
      "author_name": "Stacy C",
      "helpful": "0",
      "polarity": "",
      "rate": 5,
      "response": "",
      "response_date": "",
      "review": "Great exercise. Keeps the body active. Currently on day 15. Way to keep moving!",
      "review_date": [
        "September",
        "28",
        " 2015"
      ]
    },
    {
      "REQ_subtype": "",
      "REQ_type": "",
      "_id": 131,
      "author_id": "not defined",
      "author_name": "hina firdaus",
      "helpful": "0",
      "polarity": "",
      "rate": 5,
      "response": "",
      "response_date": "",
      "review": "It cn be btr if sound ll be dr in back",
      "review_date": [
        "June",
        "15",
        " 2015"
      ]
    },
    {
      "REQ_subtype": "",
      "REQ_type": "",
      "_id": 132,
      "author_id": "not defined",
      "author_name": "Ness G",
      "helpful": "0",
      "polarity": "",
      "rate": 5,
      "response": "",
      "response_date": "",
      "review": "Just like the other 30 day apps it's great for tracking and exercise visual.",
      "review_date": [
        "January",
        "7",
        " 2015"
      ]
    },
    {
      "REQ_subtype": "",
      "REQ_type": "",
      "_id": 133,
      "author_id": "not defined",
      "author_name": "Carol Robles",
      "helpful": "0",
      "polarity": "",
      "rate": 4,
      "response": "",
      "response_date": "",
      "review": "Si tuviera sonido seria aun mejor.",
      "review_date": [
        "March",
        "23",
        " 2016"
      ]
    },
    {
      "REQ_subtype": "",
      "REQ_type": "",
      "_id": 134,
      "author_id": "not defined",
      "author_name": "Chiika Egbogu",
      "helpful": "0",
      "polarity": "",
      "rate": 4,
      "response": "",
      "response_date": "",
      "review": "For the first time in many years I'm following a routine.",
      "review_date": [
        "December",
        "1",
        " 2016"
      ]
    },
    {
      "REQ_subtype": "",
      "REQ_type": "",
      "_id": 135,
      "author_id": "not defined",
      "author_name": "Jeri Flanery",
      "helpful": "0",
      "polarity": "",
      "rate": 5,
      "response": "",
      "response_date": "",
      "review": "Challenging when paired with the other apps. Love the reminders and the simple but effective exercises.",
      "review_date": [
        "July",
        "27",
        " 2016"
      ]
    },
    {
      "REQ_subtype": "",
      "REQ_type": "",
      "_id": 136,
      "author_id": "not defined",
      "author_name": "Mohammad Shouaib",
      "helpful": "0",
      "polarity": "",
      "rate": 5,
      "response": "",
      "response_date": "",
      "review": "I really likeddd ittt",
      "review_date": [
        "March",
        "3",
        " 2015"
      ]
    },
    {
      "REQ_subtype": "",
      "REQ_type": "",
      "_id": 137,
      "author_id": "not defined",
      "author_name": "Susana Machado",
      "helpful": "0",
      "polarity": "",
      "rate": 5,
      "response": "",
      "response_date": "",
      "review": "It does what it's supposed to do, without any glitches.",
      "review_date": [
        "June",
        "27",
        " 2015"
      ]
    },
    {
      "REQ_subtype": "",
      "REQ_type": "",
      "_id": 138,
      "author_id": "not defined",
      "author_name": "Jesse Sanchez",
      "helpful": "0",
      "polarity": "",
      "rate": 5,
      "response": "",
      "response_date": "",
      "review": "DOWNLOAD THIS APP IT REALLY WORKS AMAZING RESULTS U WON'T  BELIEVE IT",
      "review_date": [
        "August",
        "18",
        " 2016"
      ]
    },
    {
      "REQ_subtype": "",
      "REQ_type": "",
      "_id": 139,
      "author_id": "not defined",
      "author_name": "Melissa Morris",
      "helpful": "0",
      "polarity": "",
      "rate": 4,
      "response": "",
      "response_date": "",
      "review": "I'm on a ball with all these 30 day challenge apps.",
      "review_date": [
        "August",
        "13",
        " 2015"
      ]
    },
    {
      "REQ_subtype": "",
      "REQ_type": "",
      "_id": 140,
      "author_id": "not defined",
      "author_name": "Noemi Lopez",
      "helpful": "0",
      "polarity": "",
      "rate": 5,
      "response": "",
      "response_date": "",
      "review": "This app is amazing I got results in 20 days",
      "review_date": [
        "January",
        "30",
        " 2016"
      ]
    },
    {
      "REQ_subtype": "",
      "REQ_type": "",
      "_id": 141,
      "author_id": "not defined",
      "author_name": "Stef PC",
      "helpful": "0",
      "polarity": "",
      "rate": 4,
      "response": "",
      "response_date": "",
      "review": "Easy to stick with and easy to use. Gradually increases. Stay fit without overdoing it",
      "review_date": [
        "April",
        "11",
        " 2015"
      ]
    },
    {
      "REQ_subtype": "",
      "REQ_type": "",
      "_id": 142,
      "author_id": "not defined",
      "author_name": "angie martinez",
      "helpful": "0",
      "polarity": "",
      "rate": 4,
      "response": "",
      "response_date": "",
      "review": "Got my body back in shape thanks to this app and some other adjustments",
      "review_date": [
        "March",
        "28",
        " 2015"
      ]
    },
    {
      "REQ_subtype": "",
      "REQ_type": "",
      "_id": 143,
      "author_id": "not defined",
      "author_name": "Serge Tchwenko",
      "helpful": "0",
      "polarity": "",
      "rate": 4,
      "response": "",
      "response_date": "",
      "review": "Feel effects already after 2 days",
      "review_date": [
        "September",
        "24",
        " 2016"
      ]
    },
    {
      "REQ_subtype": "",
      "REQ_type": "",
      "_id": 144,
      "author_id": "not defined",
      "author_name": "Wavy Gamer",
      "helpful": "0",
      "polarity": "",
      "rate": 5,
      "response": "",
      "response_date": "",
      "review": "Really works out leg muscles but not to hard",
      "review_date": [
        "August",
        "3",
        " 2015"
      ]
    },
    {
      "REQ_subtype": "",
      "REQ_type": "",
      "_id": 145,
      "author_id": "not defined",
      "author_name": "Robert Perry",
      "helpful": "0",
      "polarity": "",
      "rate": 4,
      "response": "",
      "response_date": "",
      "review": "So far so good, this should help me with training",
      "review_date": [
        "March",
        "16",
        " 2015"
      ]
    },
    {
      "REQ_subtype": "",
      "REQ_type": "",
      "_id": 146,
      "author_id": "not defined",
      "author_name": "Sam Hicks",
      "helpful": "0",
      "polarity": "",
      "rate": 3,
      "response": "",
      "response_date": "",
      "review": "This app awesome for beginners but after 30 days then what?",
      "review_date": [
        "September",
        "28",
        " 2015"
      ]
    },
    {
      "REQ_subtype": "",
      "REQ_type": "",
      "_id": 147,
      "author_id": "not defined",
      "author_name": "Manaal Nizar",
      "helpful": "0",
      "polarity": "",
      "rate": 5,
      "response": "",
      "response_date": "",
      "review": "I am just on day four and I loved it... great.  waiting for the result:)",
      "review_date": [
        "July",
        "22",
        " 2015"
      ]
    },
    {
      "REQ_subtype": "",
      "REQ_type": "",
      "_id": 148,
      "author_id": "not defined",
      "author_name": "BingBong Aye",
      "helpful": "0",
      "polarity": "",
      "rate": 4,
      "response": "",
      "response_date": "",
      "review": "It's great but if they had music in the background it would be amazing .......",
      "review_date": [
        "September",
        "28",
        " 2015"
      ]
    },
    {
      "REQ_subtype": "",
      "REQ_type": "",
      "_id": 149,
      "author_id": "not defined",
      "author_name": "Natasha Haywood",
      "helpful": "0",
      "polarity": "",
      "rate": 4,
      "response": "",
      "response_date": "",
      "review": "It's a good app and I like it a lot but I can't hear the instructions",
      "review_date": [
        "August",
        "24",
        " 2015"
      ]
    },
    {
      "REQ_subtype": "",
      "REQ_type": "",
      "_id": 150,
      "author_id": "not defined",
      "author_name": "Erin Saukkola",
      "helpful": "0",
      "polarity": "",
      "rate": 4,
      "response": "",
      "response_date": "",
      "review": "My 7 year old loves to do this with me!!",
      "review_date": [
        "February",
        "27",
        " 2016"
      ]
    },
    {
      "REQ_subtype": "",
      "REQ_type": "",
      "_id": 151,
      "author_id": "not defined",
      "author_name": "Danielle Sullivan",
      "helpful": "0",
      "polarity": "",
      "rate": 5,
      "response": "",
      "response_date": "",
      "review": "I did not have no problems with this app it was great love the workout.",
      "review_date": [
        "February",
        "25",
        " 2015"
      ]
    },
    {
      "REQ_subtype": "",
      "REQ_type": "",
      "_id": 152,
      "author_id": "not defined",
      "author_name": "pinkey chauhan",
      "helpful": "0",
      "polarity": "",
      "rate": 3,
      "response": "",
      "response_date": "",
      "review": "Should also add some description of exercises in videos",
      "review_date": [
        "June",
        "14",
        " 2016"
      ]
    },
    {
      "REQ_subtype": "",
      "REQ_type": "",
      "_id": 153,
      "author_id": "not defined",
      "author_name": "Don Boettcher",
      "helpful": "0",
      "polarity": "",
      "rate": 5,
      "response": "",
      "response_date": "",
      "review": "Love this app. It's a great way to get some extra cardio in",
      "review_date": [
        "December",
        "17",
        " 2015"
      ]
    },
    {
      "REQ_subtype": "",
      "REQ_type": "",
      "_id": 154,
      "author_id": "not defined",
      "author_name": "Alicia Stavenger",
      "helpful": "0",
      "polarity": "",
      "rate": 3,
      "response": "",
      "response_date": "",
      "review": "Good quick workout for when you dont have a lot of time.",
      "review_date": [
        "June",
        "23",
        " 2015"
      ]
    },
    {
      "REQ_subtype": "",
      "REQ_type": "",
      "_id": 155,
      "author_id": "not defined",
      "author_name": "A Google user",
      "helpful": "0",
      "polarity": "",
      "rate": 4,
      "response": "",
      "response_date": "",
      "review": "\u2022clear easy to follow instructions            \u2022challenging but not impossible",
      "review_date": [
        "September",
        "14",
        " 2016"
      ]
    },
    {
      "REQ_subtype": "",
      "REQ_type": "",
      "_id": 156,
      "author_id": "not defined",
      "author_name": "Ermila Oseguera",
      "helpful": "0",
      "polarity": "",
      "rate": 5,
      "response": "",
      "response_date": "",
      "review": "I like the results after I do each day!",
      "review_date": [
        "June",
        "26",
        " 2015"
      ]
    },
    {
      "REQ_subtype": "",
      "REQ_type": "",
      "_id": 157,
      "author_id": "not defined",
      "author_name": "Ruth Simpson",
      "helpful": "0",
      "polarity": "",
      "rate": 5,
      "response": "",
      "response_date": "",
      "review": "Instructions are clear. Video as well. Nailed it.",
      "review_date": [
        "March",
        "2",
        " 2015"
      ]
    },
    {
      "REQ_subtype": "",
      "REQ_type": "",
      "_id": 158,
      "author_id": "not defined",
      "author_name": "Mohamed Alihusein",
      "helpful": "0",
      "polarity": "",
      "rate": 5,
      "response": "",
      "response_date": "",
      "review": "Best app which can give u a result that u can never imagine",
      "review_date": [
        "May",
        "31",
        " 2015"
      ]
    },
    {
      "REQ_subtype": "",
      "REQ_type": "",
      "_id": 159,
      "author_id": "not defined",
      "author_name": "A Google user",
      "helpful": "0",
      "polarity": "",
      "rate": 5,
      "response": "",
      "response_date": "",
      "review": "Believe me extreme results",
      "review_date": [
        "August",
        "26",
        " 2017"
      ]
    }
  ],
  "size": "Varies with devic",
  "url": "https://play.google.com/store/apps/details?id=com.teerstudios.cardiochallenge",
  "version": "Varies with device"
}