{
  "categories": [
    "Finance"
  ],
  "description": "Trade Forex from your smartphone or tablet!MetaTrader 4 is the world's most popular Forex trading platform. Choose from hundreds of brokers and thousands of servers to trade with your MetaTrader 4 Android app. Control your account, trade and analyze the Forex market using technical indicators and graphical objects.TRADING* Real-time quotes of financial instruments* Full set of trade orders, including pending orders* All types of trade execution* Detailed trading historyADVANCED FUNCTIONALITY* Fast switch between financial instruments on charts* Sound notifications* Customizable chart color scheme* Trade levels visualizing the prices of pending order, as well as SL and TP values on the chart* Free financial news \u2014 dozens of materials daily* Chat with any registered MQL5.community user* Support for push notifications from the desktop MetaTrader 4 platform and MQL5.community servicesTECHNICAL ANALYSIS* Interactive real-time charts with zoom and scroll options* 30 most popular technical indicators* 24 analytical objects: lines, channels, geometric shapes, as well as Gann, Fibonacci and Elliott tools* 9 timeframes: M1, M5, M15, M30, H1, H4, D1, W1 and MN* 3 types of charts: bars, Japanese candlesticks and broken lineDownload MetaTrader 4 for Android on your smartphone or tablet and trade Forex anytime and anywhere in the world!",
  "inc": "MetaQuotes Software Corp.",
  "intalled_count": "5,000,000",
  "last_update": [
    "July",
    "10",
    " 2018"
  ],
  "name": "MetaTrader 4",
  "offered_by": "Google Commerce Ltd",
  "permissions": {
    "Identity": [
      "find accounts on the device"
    ],
    "Contacts": [
      "find accounts on the device"
    ],
    "Phone": [
      "read phone status and identity"
    ],
    "Photos/Media/Files": [
      "read the contents of your USB storage",
      "modify or delete the contents of your USB storage"
    ],
    "Storage": [
      "read the contents of your USB storage",
      "modify or delete the contents of your USB storage"
    ],
    "Device ID & call information": [
      "read phone status and identity"
    ],
    "Other": [
      "receive data from Internet",
      "view network connections",
      "full network access",
      "control vibration",
      "prevent device from sleeping"
    ]
  },
  "price": "",
  "rate": [
    [
      "254,620",
      "4.6"
    ],
    [
      "181,054",
      "5"
    ],
    [
      "52,576",
      "4"
    ],
    [
      "11,067",
      "3"
    ],
    [
      "3,195",
      "2"
    ],
    [
      "6,728",
      "1"
    ]
  ],
  "required_android": "4.0",
  "reviews": [
    {
      "REQ_subtype": "",
      "REQ_type": "",
      "_id": 0,
      "author_id": "not defined",
      "author_name": "George Paterakis",
      "helpful": "2",
      "polarity": "",
      "rate": 3,
      "response": "",
      "response_date": "",
      "review": "What I would prefer is more sound notifications for order execution. Also \nsound notifications for additional limits when you set price limits. \nSuppose you are very near(I must determine how near) to your \nclosing/opening price, then this notification should be useful too. Then \nyou should not continuously looking at the charts. Anyway it's very nice \nand steady application. Thank you.",
      "review_date": [
        "July",
        "10",
        " 2018"
      ]
    },
    {
      "REQ_subtype": "",
      "REQ_type": "",
      "_id": 1,
      "author_id": "not defined",
      "author_name": "Hamdany Mustang",
      "helpful": "3",
      "polarity": "",
      "rate": 2,
      "response": "",
      "response_date": "",
      "review": "Very disappointed with the lack of progress and maintenance of an app from \nsuch a big company. There has been more than 1 year since smartphone market \nhas considerably being shipping devices with bigger screen ratio such as \n18:9 and 19:9, and the app is still not optimized for this resolutions, \ntherefore having a big black line on the lower part of the screen. For some \nreason i can't load most of assets data on big time frames such as Daily, \nWeekly or Monthly. No slow connection or related issue is the case, this \nwas also happening sometimes on my old smartphone. After years on Android, \nthe app still lacks of many MT4 Windows platform features, even some of \nthen so basics like automatic alerts on level prices! I really hope \ndevelopment starts to really be taken seriously.",
      "review_date": [
        "July",
        "10",
        " 2018"
      ]
    },
    {
      "REQ_subtype": "",
      "REQ_type": "",
      "_id": 2,
      "author_id": "not defined",
      "author_name": "Matthew Kastor",
      "helpful": "2",
      "polarity": "",
      "rate": 1,
      "response": "",
      "response_date": "",
      "review": "Update came through today and now it won't connect. Send me 1000 dollars \nfor my QA work.",
      "review_date": [
        "July",
        "9",
        " 2018"
      ]
    },
    {
      "REQ_subtype": "",
      "REQ_type": "",
      "_id": 3,
      "author_id": "not defined",
      "author_name": "Jahed Ozsu",
      "helpful": "3",
      "polarity": "",
      "rate": 4,
      "response": "",
      "response_date": "",
      "review": "ladies and gentlmen please be aware trade12 broker company scammer. they \ndid not give my money back the amount 11000$. please dont invest your money.",
      "review_date": [
        "July",
        "7",
        " 2018"
      ]
    },
    {
      "REQ_subtype": "",
      "REQ_type": "",
      "_id": 4,
      "author_id": "not defined",
      "author_name": "A Google user",
      "helpful": "0",
      "polarity": "",
      "rate": 3,
      "response": "",
      "response_date": "",
      "review": "App is great but that cursor measuring should be implemented, aside of that \nI now have a green screen that is hiding the market, what's up with that? I \ncan't see the market",
      "review_date": [
        "July",
        "9",
        " 2018"
      ]
    },
    {
      "REQ_subtype": "",
      "REQ_type": "",
      "_id": 5,
      "author_id": "not defined",
      "author_name": "Ewanz Fazriel",
      "helpful": "2",
      "polarity": "",
      "rate": 5,
      "response": "",
      "response_date": "",
      "review": "After updated to latest version, Quotes and Charts not responding...before \nthis Quotes and Charts responding very well. But now, when I want to New \nOrder...it show Market Closed. Hope MetaQuotes Software Corp. can fix it up.",
      "review_date": [
        "July",
        "8",
        " 2018"
      ]
    },
    {
      "REQ_subtype": "",
      "REQ_type": "",
      "_id": 6,
      "author_id": "not defined",
      "author_name": "Heryanto Takahara",
      "helpful": "2",
      "polarity": "",
      "rate": 3,
      "response": "",
      "response_date": "",
      "review": "Hi Meta, will you update feature for trailing stop in MT4 Android for next \nupdate? That tool is really helpful for beginner trader. Thanks.",
      "review_date": [
        "July",
        "8",
        " 2018"
      ]
    },
    {
      "REQ_subtype": "",
      "REQ_type": "",
      "_id": 7,
      "author_id": "not defined",
      "author_name": "Robert Stewart",
      "helpful": "0",
      "polarity": "",
      "rate": 1,
      "response": "Please, go to https://www.mql5.com/en/contact and open the ticket to servicedesk.\nPlease, describe your problem, attach your logs and attach the file Android/data/net.metaquotes.metatrader4/files/profile/charts.dat",
      "response_date": [
        "July",
        "10",
        " 2018"
      ],
      "review": "I have a Samsung Pro 2n1. Every time I customize my colors close out \nprogram it goes back to default. Please fix. Thanks",
      "review_date": [
        "July",
        "10",
        " 2018"
      ]
    },
    {
      "REQ_subtype": "",
      "REQ_type": "",
      "_id": 8,
      "author_id": "not defined",
      "author_name": "kenroy Stewart",
      "helpful": "0",
      "polarity": "",
      "rate": 3,
      "response": "",
      "response_date": "",
      "review": "I'm still on my demo account but after the recent update my quotes and \ncharts have stopped responding",
      "review_date": [
        "July",
        "9",
        " 2018"
      ]
    },
    {
      "REQ_subtype": "",
      "REQ_type": "",
      "_id": 9,
      "author_id": "not defined",
      "author_name": "Kevin Scanes",
      "helpful": "0",
      "polarity": "",
      "rate": 3,
      "response": "",
      "response_date": "",
      "review": "After the last update when I view the terminal and try to exit the terminal \nthe app crashes.",
      "review_date": [
        "July",
        "10",
        " 2018"
      ]
    },
    {
      "REQ_subtype": "",
      "REQ_type": "",
      "_id": 10,
      "author_id": "not defined",
      "author_name": "A Google user",
      "helpful": "0",
      "polarity": "",
      "rate": 3,
      "response": "Please, send log file to us.",
      "response_date": [
        "October",
        "5",
        " 2016"
      ],
      "review": "After using MT5 mobile, and crosshair measuring tool implemented in it, and \nafter seeing MT4 team refusing to implement it, 3 stars until measuring \ntool is implemented in MT4. Other than that, more stable than MT5 mobile, \nfor now at least.",
      "review_date": [
        "July",
        "7",
        " 2018"
      ]
    },
    {
      "REQ_subtype": "",
      "REQ_type": "",
      "_id": 11,
      "author_id": "not defined",
      "author_name": "HLUMELO MATHE",
      "helpful": "0",
      "polarity": "",
      "rate": 5,
      "response": "What exactly doesn't work?",
      "response_date": [
        "July",
        "8",
        " 2018"
      ],
      "review": "I had a slight problem but it's fixed",
      "review_date": [
        "July",
        "8",
        " 2018"
      ]
    },
    {
      "REQ_subtype": "",
      "REQ_type": "",
      "_id": 12,
      "author_id": "not defined",
      "author_name": "Tan Guan Kiat",
      "helpful": "3",
      "polarity": "",
      "rate": 5,
      "response": "",
      "response_date": "",
      "review": "This app will be on the next level if you can add price alerts",
      "review_date": [
        "July",
        "8",
        " 2018"
      ]
    },
    {
      "REQ_subtype": "",
      "REQ_type": "",
      "_id": 13,
      "author_id": "not defined",
      "author_name": "Anthony Uzendu",
      "helpful": "3",
      "polarity": "",
      "rate": 5,
      "response": "",
      "response_date": "",
      "review": "The app is very simple to use and straight forward.",
      "review_date": [
        "July",
        "8",
        " 2018"
      ]
    },
    {
      "REQ_subtype": "",
      "REQ_type": "",
      "_id": 14,
      "author_id": "not defined",
      "author_name": "Presly Nyamayaro",
      "helpful": "0",
      "polarity": "",
      "rate": 4,
      "response": "",
      "response_date": "",
      "review": "A very great app rlly liked it though am still learning it but so far I \nlike it very well, such a great app",
      "review_date": [
        "July",
        "11",
        " 2018"
      ]
    },
    {
      "REQ_subtype": "",
      "REQ_type": "",
      "_id": 15,
      "author_id": "not defined",
      "author_name": "Ramesh Mahato",
      "helpful": "0",
      "polarity": "",
      "rate": 1,
      "response": "",
      "response_date": "",
      "review": "price alert notification has been suspended with new update..so 1 star",
      "review_date": [
        "July",
        "7",
        " 2018"
      ]
    },
    {
      "REQ_subtype": "",
      "REQ_type": "",
      "_id": 16,
      "author_id": "not defined",
      "author_name": "Imtiyaz Khan",
      "helpful": "1",
      "polarity": "",
      "rate": 4,
      "response": "",
      "response_date": "",
      "review": "can you replace 1 minutes with 10 minutes chart.",
      "review_date": [
        "July",
        "7",
        " 2018"
      ]
    },
    {
      "REQ_subtype": "",
      "REQ_type": "",
      "_id": 17,
      "author_id": "not defined",
      "author_name": "Kon Kon",
      "helpful": "0",
      "polarity": "",
      "rate": 3,
      "response": "",
      "response_date": "",
      "review": "how i can add this symbol USDTRY and why there is a different in spread \nbetween meta4 and meta5 to in the same symbol and the same moment?",
      "review_date": [
        "July",
        "10",
        " 2018"
      ]
    },
    {
      "REQ_subtype": "",
      "REQ_type": "",
      "_id": 18,
      "author_id": "not defined",
      "author_name": "franata mahardika",
      "helpful": "1",
      "polarity": "",
      "rate": 4,
      "response": "",
      "response_date": "",
      "review": "Why my shape always gone ?",
      "review_date": [
        "July",
        "7",
        " 2018"
      ]
    },
    {
      "REQ_subtype": "",
      "REQ_type": "",
      "_id": 19,
      "author_id": "not defined",
      "author_name": "Faith Mongae",
      "helpful": "0",
      "polarity": "",
      "rate": 5,
      "response": "",
      "response_date": "",
      "review": "Want to edit candle sticks please",
      "review_date": [
        "July",
        "8",
        " 2018"
      ]
    },
    {
      "REQ_subtype": "",
      "REQ_type": "",
      "_id": 20,
      "author_id": "not defined",
      "author_name": "gugu tladi",
      "helpful": "0",
      "polarity": "",
      "rate": 5,
      "response": "",
      "response_date": "",
      "review": "Its a great app to make one a millionaire",
      "review_date": [
        "July",
        "10",
        " 2018"
      ]
    },
    {
      "REQ_subtype": "",
      "REQ_type": "",
      "_id": 21,
      "author_id": "not defined",
      "author_name": "MZIMKHULU NYABA",
      "helpful": "0",
      "polarity": "",
      "rate": 5,
      "response": "",
      "response_date": "",
      "review": "Really great platform for trading. Simple and easy to use. Works great with \nmost brokers.",
      "review_date": [
        "July",
        "9",
        " 2018"
      ]
    },
    {
      "REQ_subtype": "",
      "REQ_type": "",
      "_id": 22,
      "author_id": "not defined",
      "author_name": "Anthony Kitchen",
      "helpful": "0",
      "polarity": "",
      "rate": 5,
      "response": "",
      "response_date": "",
      "review": "Simplicity is bliss here. Everything you need to trade no confusion.",
      "review_date": [
        "July",
        "10",
        " 2018"
      ]
    },
    {
      "REQ_subtype": "",
      "REQ_type": "",
      "_id": 23,
      "author_id": "not defined",
      "author_name": "Moses Charles",
      "helpful": "1",
      "polarity": "",
      "rate": 5,
      "response": "",
      "response_date": "",
      "review": "Simple and useful to every trader.\u2b50\u2b50\u2b50\u2b50\u2b50",
      "review_date": [
        "July",
        "9",
        " 2018"
      ]
    },
    {
      "REQ_subtype": "",
      "REQ_type": "",
      "_id": 24,
      "author_id": "not defined",
      "author_name": "Tino Gumbojena",
      "helpful": "0",
      "polarity": "",
      "rate": 4,
      "response": "",
      "response_date": "",
      "review": "Anyone know any good brokers",
      "review_date": [
        "July",
        "8",
        " 2018"
      ]
    },
    {
      "REQ_subtype": "",
      "REQ_type": "",
      "_id": 25,
      "author_id": "not defined",
      "author_name": "Katlego Katlego",
      "helpful": "0",
      "polarity": "",
      "rate": 5,
      "response": "",
      "response_date": "",
      "review": "Great app for makin moola Love it",
      "review_date": [
        "July",
        "10",
        " 2018"
      ]
    },
    {
      "REQ_subtype": "",
      "REQ_type": "",
      "_id": 26,
      "author_id": "not defined",
      "author_name": "Thomson Tam",
      "helpful": "0",
      "polarity": "",
      "rate": 3,
      "response": "",
      "response_date": "",
      "review": "Able to login after update.",
      "review_date": [
        "July",
        "11",
        " 2018"
      ]
    },
    {
      "REQ_subtype": "",
      "REQ_type": "",
      "_id": 27,
      "author_id": "not defined",
      "author_name": "Samora Malamule",
      "helpful": "0",
      "polarity": "",
      "rate": 5,
      "response": "",
      "response_date": "",
      "review": "Simply the best!",
      "review_date": [
        "July",
        "10",
        " 2018"
      ]
    },
    {
      "REQ_subtype": "",
      "REQ_type": "",
      "_id": 28,
      "author_id": "not defined",
      "author_name": "Taimoor Ali",
      "helpful": "0",
      "polarity": "",
      "rate": 5,
      "response": "",
      "response_date": "",
      "review": "Thanks this is good app",
      "review_date": [
        "July",
        "7",
        " 2018"
      ]
    },
    {
      "REQ_subtype": "",
      "REQ_type": "",
      "_id": 29,
      "author_id": "not defined",
      "author_name": "Tony Teo",
      "helpful": "0",
      "polarity": "",
      "rate": 5,
      "response": "",
      "response_date": "",
      "review": "Absolutely brilliant Thanks",
      "review_date": [
        "July",
        "10",
        " 2018"
      ]
    },
    {
      "REQ_subtype": "",
      "REQ_type": "",
      "_id": 30,
      "author_id": "not defined",
      "author_name": "Tanvir Kh",
      "helpful": "0",
      "polarity": "",
      "rate": 5,
      "response": "",
      "response_date": "",
      "review": "I Love This software.....",
      "review_date": [
        "July",
        "8",
        " 2018"
      ]
    },
    {
      "REQ_subtype": "",
      "REQ_type": "",
      "_id": 31,
      "author_id": "not defined",
      "author_name": "Md.M Rahman",
      "helpful": "0",
      "polarity": "",
      "rate": 5,
      "response": "",
      "response_date": "",
      "review": "Easy to use",
      "review_date": [
        "July",
        "7",
        " 2018"
      ]
    },
    {
      "REQ_subtype": "",
      "REQ_type": "",
      "_id": 32,
      "author_id": "not defined",
      "author_name": "Adeyemo Gbenga",
      "helpful": "0",
      "polarity": "",
      "rate": 5,
      "response": "",
      "response_date": "",
      "review": "Cool",
      "review_date": [
        "July",
        "9",
        " 2018"
      ]
    },
    {
      "REQ_subtype": "",
      "REQ_type": "",
      "_id": 33,
      "author_id": "not defined",
      "author_name": "Alex Frank",
      "helpful": "0",
      "polarity": "",
      "rate": 5,
      "response": "",
      "response_date": "",
      "review": "Good",
      "review_date": [
        "July",
        "10",
        " 2018"
      ]
    },
    {
      "REQ_subtype": "",
      "REQ_type": "",
      "_id": 34,
      "author_id": "not defined",
      "author_name": "Maricor Marcelo",
      "helpful": "0",
      "polarity": "",
      "rate": 5,
      "response": "",
      "response_date": "",
      "review": "love it",
      "review_date": [
        "July",
        "11",
        " 2018"
      ]
    },
    {
      "REQ_subtype": "",
      "REQ_type": "",
      "_id": 35,
      "author_id": "not defined",
      "author_name": "Emmanuel Omoro",
      "helpful": "3",
      "polarity": "",
      "rate": 3,
      "response": "",
      "response_date": "",
      "review": "Love the fact that it allows you see the movement of the market in graph \nformat which makes it somewhat easy to look for patterns. But what I would \nlove to see, which I do not think is available is equities, precious \nmetal... just like in tradehero app. It appears one can only monitor forex \nand gold.",
      "review_date": [
        "July",
        "6",
        " 2018"
      ]
    },
    {
      "REQ_subtype": "",
      "REQ_type": "",
      "_id": 36,
      "author_id": "not defined",
      "author_name": "Innocent Thanjekwayo",
      "helpful": "0",
      "polarity": "",
      "rate": 5,
      "response": "",
      "response_date": "",
      "review": "Very easy to use. Only problem is that am trying to install it on my lab \ntop an it's giving me a problem. Can I get help there",
      "review_date": [
        "July",
        "7",
        " 2018"
      ]
    },
    {
      "REQ_subtype": "",
      "REQ_type": "",
      "_id": 37,
      "author_id": "not defined",
      "author_name": "GoodBoyFx",
      "helpful": "1",
      "polarity": "",
      "rate": 3,
      "response": "",
      "response_date": "",
      "review": "Its good but plz implement 1 click all close option some of us have \nmultiple trades open n need to close our positions immediately upon hearing \nnews or some incident...plz plz feature will help many of pro traders who \nbelieve in scaling positions..thx",
      "review_date": [
        "July",
        "7",
        " 2018"
      ]
    },
    {
      "REQ_subtype": "",
      "REQ_type": "",
      "_id": 38,
      "author_id": "not defined",
      "author_name": "John Wheatland",
      "helpful": "2",
      "polarity": "",
      "rate": 1,
      "response": "",
      "response_date": "",
      "review": "Unable to trade after update on mobile data. Seems to work on WiFi.",
      "review_date": [
        "July",
        "6",
        " 2018"
      ]
    },
    {
      "REQ_subtype": "",
      "REQ_type": "",
      "_id": 39,
      "author_id": "not defined",
      "author_name": "A Google user",
      "helpful": "2",
      "polarity": "",
      "rate": 1,
      "response": "",
      "response_date": "",
      "review": "Unable to login after update. Please, fix it.",
      "review_date": [
        "July",
        "6",
        " 2018"
      ]
    },
    {
      "REQ_subtype": "",
      "REQ_type": "",
      "_id": 40,
      "author_id": "not defined",
      "author_name": "han xiang",
      "helpful": "3",
      "polarity": "",
      "rate": 4,
      "response": "",
      "response_date": "",
      "review": "I saw new updates. Still no heikin ashi?",
      "review_date": [
        "July",
        "6",
        " 2018"
      ]
    },
    {
      "REQ_subtype": "",
      "REQ_type": "",
      "_id": 41,
      "author_id": "not defined",
      "author_name": "Rajesh Shah",
      "helpful": "0",
      "polarity": "",
      "rate": 5,
      "response": "",
      "response_date": "",
      "review": "When I activate virtual button app goes landscape mode from Portrait mode. \nPlease fix this bug..",
      "review_date": [
        "July",
        "6",
        " 2018"
      ]
    },
    {
      "REQ_subtype": "",
      "REQ_type": "",
      "_id": 42,
      "author_id": "not defined",
      "author_name": "A Google user",
      "helpful": "0",
      "polarity": "",
      "rate": 2,
      "response": "",
      "response_date": "",
      "review": "\u0e40\u0e1b\u0e34\u0e14\u0e41\u0e25\u0e49\u0e27 \u0e2a\u0e39\u0e1a\u0e41\u0e1a\u0e15 \u0e40\u0e1b\u0e47\u0e19\u0e27\u0e48\u0e32\u0e40\u0e25\u0e48\u0e19 \u0e22\u0e34\u0e48\u0e07\u0e01\u0e27\u0e48\u0e32\u0e40\u0e01\u0e21\u0e01\u0e23\u0e32\u0e1f\u0e1f\u0e34\u0e04\u0e2a\u0e39\u0e07\u0e46\u0e2d\u0e35\u0e01 \u0e1c\u0e21\u0e14\u0e39\u0e41\u0e25\u0e49\u0e27 \n\u0e44\u0e21\u0e48\u0e19\u0e48\u0e32\u0e01\u0e34\u0e19\u0e41\u0e1a\u0e15\u0e21\u0e32\u0e01\u0e02\u0e19\u0e32\u0e19\u0e19\u0e35\u0e49 \u0e40\u0e2b\u0e21\u0e37\u0e2d\u0e19\u0e22\u0e31\u0e07\u0e21\u0e37\u0e2d\u0e16\u0e37\u0e2d\u0e1c\u0e21\u0e40\u0e1b\u0e34\u0e14\u0e23\u0e31\u0e19\u0e2b\u0e19\u0e31\u0e01\u0e21\u0e32\u0e01 \u0e2d\u0e22\u0e48\u0e32\u0e07\u0e01\u0e31\u0e1a\u0e21\u0e37\u0e2d\u0e16\u0e37\u0e2d\u0e1c\u0e21\u0e40\u0e1b\u0e47\u0e19 \nServer \u0e40\u0e25\u0e22 \u0e40\u0e1b\u0e34\u0e14\u0e17\u0e34\u0e49\u0e07\u0e44\u0e27\u0e49 \u0e0a\u0e31\u0e48\u0e27\u0e42\u0e21\u0e07\u0e01\u0e27\u0e48\u0e32\u0e2b\u0e21\u0e14\u0e41\u0e25\u0e49\u0e27 \u0e41\u0e15\u0e48\u0e16\u0e49\u0e32\u0e1b\u0e34\u0e14 \u0e2d\u0e22\u0e39\u0e48\u0e44\u0e14\u0e49\u0e19\u0e32\u0e19 \n\u0e0a\u0e48\u0e27\u0e22\u0e41\u0e01\u0e49\u0e44\u0e02\u0e49\u0e14\u0e49\u0e27\u0e22 \u0e41\u0e1a\u0e21\u0e44\u0e21\u0e48 \u0e41\u0e25\u0e49\u0e27\u0e15\u0e49\u0e2d\u0e07\u0e21\u0e32\u0e23\u0e2d\u0e0a\u0e32\u0e17\u0e4c\u0e1b \u0e43\u0e2b\u0e49\u0e40\u0e15\u0e47\u0e21\u0e2d\u0e35\u0e01 \u0e44\u0e21\u0e48\u0e15\u0e49\u0e2d\u0e07\u0e14\u0e39\u0e01\u0e23\u0e32\u0e1f\u0e40\u0e25\u0e22 \n\u0e19\u0e31\u0e48\u0e07\u0e14\u0e39\u0e01\u0e23\u0e32\u0e1f\u0e44\u0e21\u0e48\u0e16\u0e36\u0e07 15 \u0e19\u0e32\u0e17\u0e35 \u0e41\u0e1a\u0e15\u0e2b\u0e21\u0e14 \u0e41\u0e25\u0e49\u0e27\u0e08\u0e30\u0e40\u0e25\u0e48\u0e19\u0e2d\u0e22\u0e48\u0e32\u0e07\u0e44\u0e2b\u0e07 \u0e08\u0e30\u0e14\u0e39\u0e01\u0e23\u0e32\u0e1f\u0e17\u0e35\u0e48 \n\u0e15\u0e49\u0e34\u0e07\u0e23\u0e2d\u0e0a\u0e32\u0e1b\u0e41\u0e1a\u0e15\u0e43\u0e2b\u0e49\u0e40\u0e15\u0e47\u0e21 \u0e21\u0e32\u0e19\u0e31\u0e48\u0e07\u0e14\u0e39 15 \u0e19\u0e32\u0e17\u0e35 \u0e44\u0e21\u0e48\u0e15\u0e49\u0e2d\u0e07\u0e40\u0e25\u0e48\u0e19\u0e14\u0e35\u0e01\u0e27\u0e48\u0e32\u0e44\u0e2b\u0e21",
      "review_date": [
        "July",
        "7",
        " 2018"
      ]
    },
    {
      "REQ_subtype": "",
      "REQ_type": "",
      "_id": 43,
      "author_id": "not defined",
      "author_name": "haitham dabbour",
      "helpful": "0",
      "polarity": "",
      "rate": 4,
      "response": "",
      "response_date": "",
      "review": "But after updating app not working",
      "review_date": [
        "July",
        "6",
        " 2018"
      ]
    },
    {
      "REQ_subtype": "",
      "REQ_type": "",
      "_id": 44,
      "author_id": "not defined",
      "author_name": "Axell Gun",
      "helpful": "0",
      "polarity": "",
      "rate": 4,
      "response": "",
      "response_date": "",
      "review": "Please add One Click Button on Chart, modify and close button on trade..",
      "review_date": [
        "July",
        "6",
        " 2018"
      ]
    },
    {
      "REQ_subtype": "",
      "REQ_type": "",
      "_id": 45,
      "author_id": "not defined",
      "author_name": "Mehran Rajabali",
      "helpful": "0",
      "polarity": "",
      "rate": 5,
      "response": "",
      "response_date": "",
      "review": "must be like MT5 but is not.",
      "review_date": [
        "July",
        "6",
        " 2018"
      ]
    },
    {
      "REQ_subtype": "",
      "REQ_type": "",
      "_id": 46,
      "author_id": "not defined",
      "author_name": "Aang Abdul",
      "helpful": "0",
      "polarity": "",
      "rate": 4,
      "response": "",
      "response_date": "",
      "review": "Hope include custom indicator",
      "review_date": [
        "July",
        "11",
        " 2018"
      ]
    },
    {
      "REQ_subtype": "",
      "REQ_type": "",
      "_id": 47,
      "author_id": "not defined",
      "author_name": "Khairina Ishak",
      "helpful": "0",
      "polarity": "",
      "rate": 5,
      "response": "",
      "response_date": "",
      "review": "Still no fibo on android ?",
      "review_date": [
        "July",
        "6",
        " 2018"
      ]
    },
    {
      "REQ_subtype": "",
      "REQ_type": "",
      "_id": 48,
      "author_id": "not defined",
      "author_name": "Edi Efendi",
      "helpful": "0",
      "polarity": "",
      "rate": 4,
      "response": "",
      "response_date": "",
      "review": "More helpful if next mt4 can save tamplate",
      "review_date": [
        "July",
        "8",
        " 2018"
      ]
    },
    {
      "REQ_subtype": "",
      "REQ_type": "",
      "_id": 49,
      "author_id": "not defined",
      "author_name": "MOEMEDI RAMOGAPI",
      "helpful": "0",
      "polarity": "",
      "rate": 5,
      "response": "",
      "response_date": "",
      "review": "Very Good and simple app to use especially when on the go.",
      "review_date": [
        "July",
        "11",
        " 2018"
      ]
    },
    {
      "REQ_subtype": "",
      "REQ_type": "",
      "_id": 50,
      "author_id": "not defined",
      "author_name": "ivan ezra",
      "helpful": "0",
      "polarity": "",
      "rate": 4,
      "response": "",
      "response_date": "",
      "review": "Good job...the App is amazing",
      "review_date": [
        "July",
        "6",
        " 2018"
      ]
    },
    {
      "REQ_subtype": "",
      "REQ_type": "",
      "_id": 51,
      "author_id": "not defined",
      "author_name": "Yudhistira 99",
      "helpful": "0",
      "polarity": "",
      "rate": 5,
      "response": "",
      "response_date": "",
      "review": "Learn to be forex manager..",
      "review_date": [
        "July",
        "11",
        " 2018"
      ]
    },
    {
      "REQ_subtype": "",
      "REQ_type": "",
      "_id": 52,
      "author_id": "not defined",
      "author_name": "A Google user",
      "helpful": "0",
      "polarity": "",
      "rate": 5,
      "response": "",
      "response_date": "",
      "review": "Very good!",
      "review_date": [
        "July",
        "6",
        " 2018"
      ]
    },
    {
      "REQ_subtype": "",
      "REQ_type": "",
      "_id": 53,
      "author_id": "not defined",
      "author_name": "Eico Dotcom",
      "helpful": "0",
      "polarity": "",
      "rate": 5,
      "response": "",
      "response_date": "",
      "review": "\ud83d\udc4d",
      "review_date": [
        "July",
        "6",
        " 2018"
      ]
    },
    {
      "REQ_subtype": "",
      "REQ_type": "",
      "_id": 54,
      "author_id": "not defined",
      "author_name": "pouya sa",
      "helpful": "1",
      "polarity": "",
      "rate": 5,
      "response": "",
      "response_date": "",
      "review": "we dont have any choice",
      "review_date": [
        "July",
        "5",
        " 2018"
      ]
    },
    {
      "REQ_subtype": "",
      "REQ_type": "",
      "_id": 55,
      "author_id": "not defined",
      "author_name": "Jegannathan Ethiraj",
      "helpful": "0",
      "polarity": "",
      "rate": 1,
      "response": "MetaTrader 4 for Android is absolutely free for use. We don't charge you for downloading or using this app.",
      "response_date": [
        "June",
        "17",
        " 2018"
      ],
      "review": "Question2- I understand your reply that this app is free to use. Am not able to see MCX and various other Symbols except Currency. It asks for a login for which I just have user ID and not password. please help  I am a subscribed user of the desktop application. Should I need to pay extra price to avail the same service to use on Mobilephones (App)? Please help. Thanks.",
      "review_date": [
        "June",
        "17",
        " 2018"
      ]
    },
    {
      "REQ_subtype": "",
      "REQ_type": "",
      "_id": 56,
      "author_id": "not defined",
      "author_name": "Brian Ahamefula",
      "helpful": "0",
      "polarity": "",
      "rate": 3,
      "response": "",
      "response_date": "",
      "review": "Metatrader remains one of the best apps for trading Fx on Android. I like \nits simplicity and ease of use. What grinds my gears? Come on guys it's \n2018 in all this time you guys couldn't add an a price alert feature. And \ntrend lines channels and other object go missing even when you just switch \npairs. Fix it guys or give us a paid version were it stays.",
      "review_date": [
        "May",
        "26",
        " 2018"
      ]
    },
    {
      "REQ_subtype": "",
      "REQ_type": "",
      "_id": 57,
      "author_id": "not defined",
      "author_name": "REMIGUS ONYEKWERE",
      "helpful": "0",
      "polarity": "",
      "rate": 5,
      "response": "",
      "response_date": "",
      "review": "DONT HAVE PROBLEM WITH THE APP, EXCEPT HOW TO SET MY CHOISE OF COLOUR TO \nREMAIN PERMANENT SO THAT EACH TIME I OPEN MY PLATFORM IT WILL NOT RETURN TO \nFOLLOW COME COLOUR. THANNKS SO MUCH AS I LOOK FOWARD TO GET REPLY ON THE \nCOLOUR ISSUE.",
      "review_date": [
        "May",
        "9",
        " 2018"
      ]
    },
    {
      "REQ_subtype": "",
      "REQ_type": "",
      "_id": 58,
      "author_id": "not defined",
      "author_name": "Baren Azisia Undiana",
      "helpful": "6",
      "polarity": "",
      "rate": 5,
      "response": "",
      "response_date": "",
      "review": "Nice app. Need a fix when i tried to input JPY positions. Had to slide left \nto write the number because after one digit it automatically slide right, \nJPY tends to use three digits instead of one. Maybe you can add more \nfeatures such as trailing stops or display spreads. So far, I like this app.",
      "review_date": [
        "June",
        "18",
        " 2018"
      ]
    },
    {
      "REQ_subtype": "",
      "REQ_type": "",
      "_id": 59,
      "author_id": "not defined",
      "author_name": "Barb Ford",
      "helpful": "4",
      "polarity": "",
      "rate": 5,
      "response": "",
      "response_date": "",
      "review": "Great app. Never any problems. 1/7/18 latest update on android tablet now \nseems to lose all trendlines and other objects as soon as I switch to a new \nchart. Very annoying to have to put them back every time I look at a chart. \nPlease fix. Dropped 2 stars.",
      "review_date": [
        "July",
        "3",
        " 2018"
      ]
    },
    {
      "REQ_subtype": "",
      "REQ_type": "",
      "_id": 60,
      "author_id": "not defined",
      "author_name": "Ismail Nawi",
      "helpful": "19",
      "polarity": "",
      "rate": 1,
      "response": "",
      "response_date": "",
      "review": "[Still no solution from previous complaint] I found out when placing \norders, the app dont respond with decimal point, when pressing decimal \npoint at keyboard nothing happened, need to use slider to move cursor past \nthe point to key-in the decimal number, very annoying. This is very \nimportant for trading as all the price are in decimal. Never occurs in \nprevious versions years back.",
      "review_date": [
        "May",
        "24",
        " 2018"
      ]
    },
    {
      "REQ_subtype": "",
      "REQ_type": "",
      "_id": 61,
      "author_id": "not defined",
      "author_name": "aries williams",
      "helpful": "4",
      "polarity": "",
      "rate": 3,
      "response": "",
      "response_date": "",
      "review": "Nice app. Will you be adding any alerts? Update 4/8/18 I guess thats no for \nalerts. Dropped 2 stars. Make a save setting feature for chart layout and \nindicators. I hate when this thing randomly resets the i have to added my \nstuff back",
      "review_date": [
        "June",
        "18",
        " 2018"
      ]
    },
    {
      "REQ_subtype": "",
      "REQ_type": "",
      "_id": 62,
      "author_id": "not defined",
      "author_name": "Ephraim Paatey",
      "helpful": "60",
      "polarity": "",
      "rate": 1,
      "response": "Could you send your logs?\nPlease, go to the journal tab, tap on letter icon, add description and send the mail",
      "response_date": [
        "May",
        "9",
        " 2018"
      ],
      "review": "Recommended to me by a friend. Having issues with login at my very first \nattempt. I've deleted & reinstalled app several times but still \nencountering the same problem. Beginning to dislike it already!",
      "review_date": [
        "May",
        "9",
        " 2018"
      ]
    },
    {
      "REQ_subtype": "",
      "REQ_type": "",
      "_id": 63,
      "author_id": "not defined",
      "author_name": "Kretos Kim",
      "helpful": "5",
      "polarity": "",
      "rate": 5,
      "response": "",
      "response_date": "",
      "review": "at first the platform was hard to use so I didn't like it but after \nlearning it's mechanics i can tell it has the best chat support, good \nfinance services(giving u feedback of your total profit/loss in a day trade \nvia email).. it's simply one of the best apps you can get at the \nmoment..Great Work FXTM",
      "review_date": [
        "May",
        "16",
        " 2018"
      ]
    },
    {
      "REQ_subtype": "",
      "REQ_type": "",
      "_id": 64,
      "author_id": "not defined",
      "author_name": "Charlton Williams",
      "helpful": "0",
      "polarity": "",
      "rate": 1,
      "response": "",
      "response_date": "",
      "review": "You still have not provide an update and ut has been months! Newer version \nandroid phones can not log into the app. Its useless at the moment. Do \nsomething!",
      "review_date": [
        "May",
        "30",
        " 2018"
      ]
    },
    {
      "REQ_subtype": "",
      "REQ_type": "",
      "_id": 65,
      "author_id": "not defined",
      "author_name": "Rashida Carter",
      "helpful": "0",
      "polarity": "",
      "rate": 1,
      "response": "",
      "response_date": "",
      "review": "After my previous review listed below the push notifications started \nworking....for one month! Now its not working again! I need my \nnotifications! Its not working! This new update is horrible!! The app \nworked perfectly before but it now doesn't work for notifications! I needy \npush notifications and now it doesn't work. Change it back!",
      "review_date": [
        "June",
        "12",
        " 2018"
      ]
    },
    {
      "REQ_subtype": "",
      "REQ_type": "",
      "_id": 66,
      "author_id": "not defined",
      "author_name": "Nhalende Moiane",
      "helpful": "13",
      "polarity": "",
      "rate": 4,
      "response": "",
      "response_date": "",
      "review": "I've been using mata Trader 4 for a while now & I'm pretty much impressed. \nThe only issue is the app freeze or crush if I have not opened/used it for \na long time. That's why I gave it 4 stars ;)",
      "review_date": [
        "May",
        "21",
        " 2018"
      ]
    },
    {
      "REQ_subtype": "",
      "REQ_type": "",
      "_id": 67,
      "author_id": "not defined",
      "author_name": "Jonathan Leger",
      "helpful": "7",
      "polarity": "",
      "rate": 4,
      "response": "",
      "response_date": "",
      "review": "Love the app. Clean, easy interface. I'd love give it 5 stars but it \ndesperately needs a Watch List feature that let's me save specific views \nthat I can quickly return to. For example, CHFJPY H1 zoomed in to the same \nlevel from the time I saved the view.",
      "review_date": [
        "May",
        "16",
        " 2018"
      ]
    },
    {
      "REQ_subtype": "",
      "REQ_type": "",
      "_id": 68,
      "author_id": "not defined",
      "author_name": "Thabiso Sthembiso Ntshangase",
      "helpful": "13",
      "polarity": "",
      "rate": 3,
      "response": "",
      "response_date": "",
      "review": "I've never had a problem with the app till recently. It's been freezing and \nthat becomes a problem when I want to monitor my trades. Please fix this \nASAP",
      "review_date": [
        "May",
        "10",
        " 2018"
      ]
    },
    {
      "REQ_subtype": "",
      "REQ_type": "",
      "_id": 69,
      "author_id": "not defined",
      "author_name": "Shaikhr Shaik",
      "helpful": "0",
      "polarity": "",
      "rate": 4,
      "response": "",
      "response_date": "",
      "review": "Excellent app for forex trading.. But need multiple terminal option as \nmt5..please develop this app.. When ever I close the my changes moves to \ndefault.. It's very irritating the problem.. Plz fix it..",
      "review_date": [
        "June",
        "28",
        " 2018"
      ]
    },
    {
      "REQ_subtype": "",
      "REQ_type": "",
      "_id": 70,
      "author_id": "not defined",
      "author_name": "TheHaratashi",
      "helpful": "0",
      "polarity": "",
      "rate": 1,
      "response": "",
      "response_date": "",
      "review": "The app only has a limited number of pairs and you can't add any more pairs to it.  I don't know why they limit it.  It makes the app mostly worthless.",
      "review_date": [
        "June",
        "6",
        " 2018"
      ]
    },
    {
      "REQ_subtype": "",
      "REQ_type": "",
      "_id": 71,
      "author_id": "not defined",
      "author_name": "luke call",
      "helpful": "0",
      "polarity": "",
      "rate": 3,
      "response": "",
      "response_date": "",
      "review": "I use this on a day to day basis when out and about. Just yesterday it's \nstarted to freeze, I have trades still open and unable to close them. This \nis a BIG problem for me. Please fix this and I will rate 5*. But a trading \nplatform you can't trade on isn't going to work.",
      "review_date": [
        "May",
        "10",
        " 2018"
      ]
    },
    {
      "REQ_subtype": "",
      "REQ_type": "",
      "_id": 72,
      "author_id": "not defined",
      "author_name": "Amir Hussain",
      "helpful": "10",
      "polarity": "",
      "rate": 1,
      "response": "",
      "response_date": "",
      "review": "Everthing froze. No trades were moving at all. I couldnt close any of my \ntrades. Ive lost 3/5 of balance due to this. Very unprofessional.",
      "review_date": [
        "May",
        "10",
        " 2018"
      ]
    },
    {
      "REQ_subtype": "",
      "REQ_type": "",
      "_id": 73,
      "author_id": "not defined",
      "author_name": "sola oladosu",
      "helpful": "1",
      "polarity": "",
      "rate": 2,
      "response": "",
      "response_date": "",
      "review": "This app deserves way more than two stars but there's only one thing \nruining it for me. NO IN-BUILT PRICE ALERT FEATURE!! Shouldn't have to wait \nto get back home to my PC before setting alerts when I can do it on the go.",
      "review_date": [
        "June",
        "10",
        " 2018"
      ]
    },
    {
      "REQ_subtype": "",
      "REQ_type": "",
      "_id": 74,
      "author_id": "not defined",
      "author_name": "Hakim Said",
      "helpful": "0",
      "polarity": "",
      "rate": 3,
      "response": "",
      "response_date": "",
      "review": "Can't seem to connect to my broker after I've changed phone. It says \n\"invalid server name\" but i can connect it with other phone.",
      "review_date": [
        "July",
        "5",
        " 2018"
      ]
    },
    {
      "REQ_subtype": "",
      "REQ_type": "",
      "_id": 75,
      "author_id": "not defined",
      "author_name": "Daniel Silva",
      "helpful": "2",
      "polarity": "",
      "rate": 3,
      "response": "",
      "response_date": "",
      "review": "Main thing missing is a notification service. I would like to be notified \nevery time a tarde hits stoploss or take profit.",
      "review_date": [
        "June",
        "15",
        " 2018"
      ]
    },
    {
      "REQ_subtype": "",
      "REQ_type": "",
      "_id": 76,
      "author_id": "not defined",
      "author_name": "Ogechukwu Benedict Ochomma",
      "helpful": "0",
      "polarity": "",
      "rate": 3,
      "response": "",
      "response_date": "",
      "review": "Runs perfectly well, but I'd love to have alerts and other features of a pc \nmt4 especially trailing stops. In serious need of frequent updates!",
      "review_date": [
        "June",
        "3",
        " 2018"
      ]
    },
    {
      "REQ_subtype": "",
      "REQ_type": "",
      "_id": 77,
      "author_id": "not defined",
      "author_name": "D'Allo Wharton",
      "helpful": "0",
      "polarity": "",
      "rate": 5,
      "response": "",
      "response_date": "",
      "review": "Works perfectly! I have 0 problems and the user interface is easy to \nunderstand and get used to. I recommend going o. YouTube and watch some \nvids on how to use it first before going live. I give it 10 out of 5 stars \n\ud83d\ude0a",
      "review_date": [
        "June",
        "12",
        " 2018"
      ]
    },
    {
      "REQ_subtype": "",
      "REQ_type": "",
      "_id": 78,
      "author_id": "not defined",
      "author_name": "Mriganka Bhattachaya",
      "helpful": "0",
      "polarity": "",
      "rate": 5,
      "response": "",
      "response_date": "",
      "review": "Meta trader is ok but the process used by Perfect Capital Market(PCM) is \njust a fraud. PCM never allows to withdraw cash and all deposit amounts \nwill autometically wash out in PCM if trade goes negative. Never invest \nmoney in PCM",
      "review_date": [
        "June",
        "4",
        " 2018"
      ]
    },
    {
      "REQ_subtype": "",
      "REQ_type": "",
      "_id": 79,
      "author_id": "not defined",
      "author_name": "A Google user",
      "helpful": "5",
      "polarity": "",
      "rate": 5,
      "response": "",
      "response_date": "",
      "review": "Trade Forex on Android MetaTrader 4 App and Desktop version. The app works \nwell and easy to use. I was up and running within Six minutes in trading my \nfirst currency pair USDJPY. Robert Flythe",
      "review_date": [
        "May",
        "12",
        " 2018"
      ]
    },
    {
      "REQ_subtype": "",
      "REQ_type": "",
      "_id": 80,
      "author_id": "not defined",
      "author_name": "Elroy Tities",
      "helpful": "5",
      "polarity": "",
      "rate": 5,
      "response": "",
      "response_date": "",
      "review": "I haven't experienced any problems with MT4 as yet. Plus it's the simplest \ntrading platform I know. Easy to use, has all the technical tools I need. \nLove it.",
      "review_date": [
        "May",
        "11",
        " 2018"
      ]
    },
    {
      "REQ_subtype": "",
      "REQ_type": "",
      "_id": 81,
      "author_id": "not defined",
      "author_name": "Sunita Woodcheke",
      "helpful": "1",
      "polarity": "",
      "rate": 4,
      "response": "",
      "response_date": "",
      "review": "Great app and so easy to use. My only real request is that you guys make it \neasy to adjust indicators. It's really hard to set indicators exactly where \nI want",
      "review_date": [
        "June",
        "29",
        " 2018"
      ]
    },
    {
      "REQ_subtype": "",
      "REQ_type": "",
      "_id": 82,
      "author_id": "not defined",
      "author_name": "A Google user",
      "helpful": "5",
      "polarity": "",
      "rate": 3,
      "response": "",
      "response_date": "",
      "review": "It's a nice application for trading not complicated but simple to use. I \nwould like if you added the Indicator HaikeNashi it would be a great help \nbecause i trade using the strategy and can only access it through my Laptop \nbut not the phone app. Thank you.",
      "review_date": [
        "May",
        "18",
        " 2018"
      ]
    },
    {
      "REQ_subtype": "",
      "REQ_type": "",
      "_id": 83,
      "author_id": "not defined",
      "author_name": "ubayda choudhury",
      "helpful": "10",
      "polarity": "",
      "rate": 1,
      "response": "",
      "response_date": "",
      "review": "NOT LETTING ME LOG IN! MY ACCOUNT IS FROZEN FOR THE PAST DAY AND I HAVE \nTRADES OPEN THAT I CANNOT MONITOR! WHAT IS GOING ON!!!",
      "review_date": [
        "May",
        "10",
        " 2018"
      ]
    },
    {
      "REQ_subtype": "",
      "REQ_type": "",
      "_id": 84,
      "author_id": "not defined",
      "author_name": "Michael Reichel",
      "helpful": "3",
      "polarity": "",
      "rate": 4,
      "response": "",
      "response_date": "",
      "review": "Not much to complain about, but I've noticed that margin, margin level and \nequity isn't always correct. I would then have to close the application and \nreopen it for all the data to be correct.",
      "review_date": [
        "May",
        "9",
        " 2018"
      ]
    },
    {
      "REQ_subtype": "",
      "REQ_type": "",
      "_id": 85,
      "author_id": "not defined",
      "author_name": "A Google user",
      "helpful": "0",
      "polarity": "",
      "rate": 1,
      "response": "",
      "response_date": "",
      "review": "agents always force to invest more and more money. Once u invested they \nwill never respond u, never receive ur calls, no call backs, Fake app, \nfeeling cheated,",
      "review_date": [
        "June",
        "4",
        " 2018"
      ]
    },
    {
      "REQ_subtype": "",
      "REQ_type": "",
      "_id": 86,
      "author_id": "not defined",
      "author_name": "ankit patel",
      "helpful": "1",
      "polarity": "",
      "rate": 5,
      "response": "",
      "response_date": "",
      "review": "Nice application. Just one request , please give notification when tp or \nstock loss triggers",
      "review_date": [
        "June",
        "19",
        " 2018"
      ]
    },
    {
      "REQ_subtype": "",
      "REQ_type": "",
      "_id": 87,
      "author_id": "not defined",
      "author_name": "Ezekiel Ojarovwe",
      "helpful": "6",
      "polarity": "",
      "rate": 4,
      "response": "",
      "response_date": "",
      "review": "Is very handy app, keep me up to date with my accounts always .and I can \nquickly take trades and close trades. I will advice you add some good and \nvery useful custom indicators to male it the best around.",
      "review_date": [
        "May",
        "15",
        " 2018"
      ]
    },
    {
      "REQ_subtype": "",
      "REQ_type": "",
      "_id": 88,
      "author_id": "not defined",
      "author_name": "A Google user",
      "helpful": "8",
      "polarity": "",
      "rate": 1,
      "response": "",
      "response_date": "",
      "review": "I'm having trouble with the app everything's just frozen trades are not \nmoving I was already logged in but having serious issues with it nothings \nhappening at all everything is just frozen and on a standstill don't kno if \nit's just me it's happening too?",
      "review_date": [
        "May",
        "9",
        " 2018"
      ]
    },
    {
      "REQ_subtype": "",
      "REQ_type": "",
      "_id": 89,
      "author_id": "not defined",
      "author_name": "Awelani Mbodi",
      "helpful": "0",
      "polarity": "",
      "rate": 5,
      "response": "",
      "response_date": "",
      "review": "Mobile app is simple to use, makes it possible to open trade anytime \nanywhere. Open buy or sell limit easy to limit loss throught Stop Loss and \nTake Profit. I love it",
      "review_date": [
        "June",
        "25",
        " 2018"
      ]
    },
    {
      "REQ_subtype": "",
      "REQ_type": "",
      "_id": 90,
      "author_id": "not defined",
      "author_name": "Bill Leeds",
      "helpful": "1",
      "polarity": "",
      "rate": 3,
      "response": "Trend lines are already availabe",
      "response_date": [
        "June",
        "5",
        " 2018"
      ],
      "review": "It would be nice if l could add trend lines. It would also be nice if I \ncould drag stop loss or take profit levels. Otherwise show dollar amounts \nwhen setting stop levels; similar to web app",
      "review_date": [
        "June",
        "5",
        " 2018"
      ]
    },
    {
      "REQ_subtype": "",
      "REQ_type": "",
      "_id": 91,
      "author_id": "not defined",
      "author_name": "Ishmael Raines",
      "helpful": "1",
      "polarity": "",
      "rate": 3,
      "response": "",
      "response_date": "",
      "review": "Hoping you're working on ability to launch chart from History, Also to show \nprevious day closing balance (currently showing only profit but good work \nthough) Another feature to add could be ability to disable chat roll \nbecause at the moment the chart rolls to the current time while someone is \nviewing previous data Otherwise all is awesome features and nitter than \nbefore",
      "review_date": [
        "June",
        "6",
        " 2018"
      ]
    },
    {
      "REQ_subtype": "",
      "REQ_type": "",
      "_id": 92,
      "author_id": "not defined",
      "author_name": "Al Hamda",
      "helpful": "0",
      "polarity": "",
      "rate": 5,
      "response": "",
      "response_date": "",
      "review": "This app is good enough for trading chart on android platform. Even though \nthis app still can't replace desktop version of trading chart, but this app \nis very suitable for trading manually & to monitor price movements and \ntrends, especially for the traders who are mobile or have simple trading \nstrategy & analysis.",
      "review_date": [
        "July",
        "9",
        " 2018"
      ]
    },
    {
      "REQ_subtype": "",
      "REQ_type": "",
      "_id": 93,
      "author_id": "not defined",
      "author_name": "madhu konappagari",
      "helpful": "1",
      "polarity": "",
      "rate": 4,
      "response": "",
      "response_date": "",
      "review": "This app was awesome but so times this was buffering because Internet speed \nor MT4 problem I unable to find out. Other than everything good.",
      "review_date": [
        "June",
        "11",
        " 2018"
      ]
    },
    {
      "REQ_subtype": "",
      "REQ_type": "",
      "_id": 94,
      "author_id": "not defined",
      "author_name": "usaama adia",
      "helpful": "5",
      "polarity": "",
      "rate": 4,
      "response": "",
      "response_date": "",
      "review": "The best platform I have used but the only bad thing is sometimes the \ncurrency pair that I would like to trade doesn't come on so I have to go \nonto my account through another phone to find the currency pair",
      "review_date": [
        "May",
        "12",
        " 2018"
      ]
    },
    {
      "REQ_subtype": "",
      "REQ_type": "",
      "_id": 95,
      "author_id": "not defined",
      "author_name": "Paulo Riziki",
      "helpful": "0",
      "polarity": "",
      "rate": 4,
      "response": "",
      "response_date": "",
      "review": "The graphs can be made a little bit better, just like IQ options.. every \nthing else is okay \ud83d\udc4d",
      "review_date": [
        "July",
        "3",
        " 2018"
      ]
    },
    {
      "REQ_subtype": "",
      "REQ_type": "",
      "_id": 96,
      "author_id": "not defined",
      "author_name": "Dominik Reckwald",
      "helpful": "2",
      "polarity": "",
      "rate": 4,
      "response": "",
      "response_date": "",
      "review": "Great application! Only one disadvantage that I can find is lack of ability \nto use my own indicators. Great work!",
      "review_date": [
        "May",
        "20",
        " 2018"
      ]
    },
    {
      "REQ_subtype": "",
      "REQ_type": "",
      "_id": 97,
      "author_id": "not defined",
      "author_name": "ncaneh ngwane",
      "helpful": "0",
      "polarity": "",
      "rate": 5,
      "response": "",
      "response_date": "",
      "review": "Great app. Why can't I use my old demo login details? I get \"authentication \nfailed\"",
      "review_date": [
        "May",
        "9",
        " 2018"
      ]
    },
    {
      "REQ_subtype": "",
      "REQ_type": "",
      "_id": 98,
      "author_id": "not defined",
      "author_name": "Richard Yates Sr",
      "helpful": "7",
      "polarity": "",
      "rate": 5,
      "response": "",
      "response_date": "",
      "review": "I am a 7 1/2 year trader and i have tried a few different platforms but I \nlike my4 the best for me it has all I need",
      "review_date": [
        "May",
        "10",
        " 2018"
      ]
    },
    {
      "REQ_subtype": "",
      "REQ_type": "",
      "_id": 99,
      "author_id": "not defined",
      "author_name": "leah waheire",
      "helpful": "7",
      "polarity": "",
      "rate": 4,
      "response": "",
      "response_date": "",
      "review": "I am a beginner, still on demo, and may not be able to say much, but I have \nfound it great for my learning process.",
      "review_date": [
        "May",
        "9",
        " 2018"
      ]
    },
    {
      "REQ_subtype": "",
      "REQ_type": "",
      "_id": 100,
      "author_id": "not defined",
      "author_name": "A Google user",
      "helpful": "3",
      "polarity": "",
      "rate": 1,
      "response": "",
      "response_date": "",
      "review": "this app is worthless. way to slow. no one touch trading, cant open or \nclose your trade quickly",
      "review_date": [
        "May",
        "30",
        " 2018"
      ]
    },
    {
      "REQ_subtype": "",
      "REQ_type": "",
      "_id": 101,
      "author_id": "not defined",
      "author_name": "mbrooks3",
      "helpful": "1",
      "polarity": "",
      "rate": 5,
      "response": "",
      "response_date": "",
      "review": "GREAT for forex trading! Very stable & reliable. Just wish the Android \nversion was as easy to use as the iOS verson for trade entries.",
      "review_date": [
        "June",
        "25",
        " 2018"
      ]
    },
    {
      "REQ_subtype": "",
      "REQ_type": "",
      "_id": 102,
      "author_id": "not defined",
      "author_name": "Leonardo Goncalves",
      "helpful": "1",
      "polarity": "",
      "rate": 4,
      "response": "",
      "response_date": "",
      "review": "Its the best app on the market to trade, my suggestion would be to add \nnotifications for example when trades hit SL or TP and other options for \nnotifications for example high sudden moves and so on",
      "review_date": [
        "June",
        "17",
        " 2018"
      ]
    },
    {
      "REQ_subtype": "",
      "REQ_type": "",
      "_id": 103,
      "author_id": "not defined",
      "author_name": "Md Nowajesh Noor Zaman",
      "helpful": "0",
      "polarity": "",
      "rate": 5,
      "response": "",
      "response_date": "",
      "review": "For all forex brokers this app is really cool very handy easy to use... \nusing it for quite a long time faced no problem so far..best thing is that \nit supports almost all the major forex brokers and popular indicators...",
      "review_date": [
        "June",
        "16",
        " 2018"
      ]
    },
    {
      "REQ_subtype": "",
      "REQ_type": "",
      "_id": 104,
      "author_id": "not defined",
      "author_name": "Abd Halim Zakaria",
      "helpful": "0",
      "polarity": "",
      "rate": 4,
      "response": "",
      "response_date": "",
      "review": "Installing process succeed... but error massage \"Unfortunately your device \nis not supported\". Very dissapointed. Any solution?",
      "review_date": [
        "May",
        "15",
        " 2018"
      ]
    },
    {
      "REQ_subtype": "",
      "REQ_type": "",
      "_id": 105,
      "author_id": "not defined",
      "author_name": "Michael Davis",
      "helpful": "3",
      "polarity": "",
      "rate": 5,
      "response": "",
      "response_date": "",
      "review": "This is a great app 4 FOREX Trading, one of the best. Maybe the developer \nwould consider adding the crosshair/ ruler feature like MT5.",
      "review_date": [
        "May",
        "19",
        " 2018"
      ]
    },
    {
      "REQ_subtype": "",
      "REQ_type": "",
      "_id": 106,
      "author_id": "not defined",
      "author_name": "A Google user",
      "helpful": "0",
      "polarity": "",
      "rate": 5,
      "response": "",
      "response_date": "",
      "review": "This application platform is user friendly and for mobile devices.. gets \nfive star rate from me , Thron high Magus of the Grand Order Of Draco \nSlayers Wales, manifest your destination in your life path, work with the \nplanet Jupiter and make energetic correspondence to Jupiter , find out it \nmetal, it's crystal , it's colour, it's herbs, put them all in a little \nroyal blue pouch the colour Jupiter and this talimanic amulet one must keep \non you with the sigil of the planet drawn outside it and on a piece of blue \npaper write your financial needs and life desire, blessings to all Thorn...",
      "review_date": [
        "May",
        "28",
        " 2018"
      ]
    },
    {
      "REQ_subtype": "",
      "REQ_type": "",
      "_id": 107,
      "author_id": "not defined",
      "author_name": "A Google user",
      "helpful": "0",
      "polarity": "",
      "rate": 3,
      "response": "",
      "response_date": "",
      "review": "Mt4 is the best platform especially recommended for beginners.ths simply \nand easy to set up your trades quite good, but ,one thing hinder it doesn't \ninclude some of crucial pairs like KWD,,CLF, AED,RUR.if you can please add \nthese currency pairs they are very important also the gold ounces like \n:XPT,XAG,XCP,XDR,XPD...please we also need to capitalise with those \ncurrencies",
      "review_date": [
        "June",
        "17",
        " 2018"
      ]
    },
    {
      "REQ_subtype": "",
      "REQ_type": "",
      "_id": 108,
      "author_id": "not defined",
      "author_name": "Hardik Gaikwad",
      "helpful": "1",
      "polarity": "",
      "rate": 4,
      "response": "",
      "response_date": "",
      "review": "Why we cannot have mt4 for Indian stocks?? India has a big market and most \nof the traders are looking for mt4 platform to trade... Pls make this wish \ncome true for an Indian traders.... Thanks",
      "review_date": [
        "May",
        "16",
        " 2018"
      ]
    },
    {
      "REQ_subtype": "",
      "REQ_type": "",
      "_id": 109,
      "author_id": "not defined",
      "author_name": "Hafiz Nazmi",
      "helpful": "0",
      "polarity": "",
      "rate": 5,
      "response": "",
      "response_date": "",
      "review": "Hi Metaquotes, Mt4 apps for Android is great. But it would be much greater \nif we can adjust the hight of the 2nd indicator windows. Because when i \nusing Mt4 in a landscape mode, the chart become smaller due to 2nd \nindicator, but if we can adjust the hight of the 2nd indicator windows, \nthen it will bring more greatness towards end user. =D",
      "review_date": [
        "June",
        "8",
        " 2018"
      ]
    },
    {
      "REQ_subtype": "",
      "REQ_type": "",
      "_id": 110,
      "author_id": "not defined",
      "author_name": "NEILL CASTILLO",
      "helpful": "1",
      "polarity": "",
      "rate": 4,
      "response": "",
      "response_date": "",
      "review": "There is only one thing lacking for me. To have an option of including \ncustom indicators within the chart.",
      "review_date": [
        "June",
        "1",
        " 2018"
      ]
    },
    {
      "REQ_subtype": "",
      "REQ_type": "",
      "_id": 111,
      "author_id": "not defined",
      "author_name": "Stoyan Atanasoff",
      "helpful": "0",
      "polarity": "",
      "rate": 3,
      "response": "",
      "response_date": "",
      "review": "Hello MetaQuotes, The following scenario is different in MT4 Mobile and \nDesktop client. 1. Add RSI in separate window. 2. Add SMA in the RSI \nwindow. Desktop client calculates the SMA based on the RSI data. MT4 client \ncalculates the SMA based on actual quote price. Will you fix this \ndifference? I think I should be able to create an averaged RSI in the same \nwindow. If I want averaged quote price I'll put the SMA into the \ncandlesticks window. Thank you.",
      "review_date": [
        "June",
        "14",
        " 2018"
      ]
    },
    {
      "REQ_subtype": "",
      "REQ_type": "",
      "_id": 112,
      "author_id": "not defined",
      "author_name": "Dale Ledain",
      "helpful": "4",
      "polarity": "",
      "rate": 1,
      "response": "",
      "response_date": "",
      "review": "Constantly freezes, if you have open trades when this happens, it becomes a \nbig problem",
      "review_date": [
        "May",
        "10",
        " 2018"
      ]
    },
    {
      "REQ_subtype": "",
      "REQ_type": "",
      "_id": 113,
      "author_id": "not defined",
      "author_name": "Fedro Nierzhi",
      "helpful": "0",
      "polarity": "",
      "rate": 3,
      "response": "",
      "response_date": "",
      "review": "Developer, please make an update for sound notification. 1. IF WE GOT \nPROFIT AND IT'S BLUE = PLEASE CREATE ANY SOUND NOTIFICATION TO THIS WHICH \nWE CAN DEFINE OUR SOUND/RINGTONE JUST LIKE WE RECEIVE A SOUND NOTIFICATION \nFROM A TEXT MESSAGE OR WHATSAPP NOTI\u20a3ICATION. 2. IF WE GOT LOSS AND IT'S \nRED = PLEASE CREAT SOUND NOTIFICATION TO THIS TOO. AND ALSO WE WANT OUR OWN \nSOUND. NOT DEFAULT SOUND FROM YOU. i think only this my suggestion. just \nmake this real n ill rate you for 5 stars. im waiting for this update.",
      "review_date": [
        "June",
        "18",
        " 2018"
      ]
    },
    {
      "REQ_subtype": "",
      "REQ_type": "",
      "_id": 114,
      "author_id": "not defined",
      "author_name": "MALUCY CELE MTHIYANE",
      "helpful": "0",
      "polarity": "",
      "rate": 1,
      "response": "",
      "response_date": "",
      "review": "Hi i have a problem with my apps it keeps on removing my trading accounts \nand i will have to enter their details all over again please sort this out \nbeen happening for a long time now \ud83d\ude1f\ud83d\ude1f\ud83d\ude1f\ud83d\ude1f",
      "review_date": [
        "June",
        "27",
        " 2018"
      ]
    },
    {
      "REQ_subtype": "",
      "REQ_type": "",
      "_id": 115,
      "author_id": "not defined",
      "author_name": "Blessing Ncube",
      "helpful": "0",
      "polarity": "",
      "rate": 3,
      "response": "",
      "response_date": "",
      "review": "There's one important option which is not available on this app. Add an \noption to keep the screen on when opened. Its just not cool to change \nscreen timeout on my device just to keep this app on.",
      "review_date": [
        "June",
        "3",
        " 2018"
      ]
    },
    {
      "REQ_subtype": "",
      "REQ_type": "",
      "_id": 116,
      "author_id": "not defined",
      "author_name": "Louissiana Vhutshilo Munyai",
      "helpful": "0",
      "polarity": "",
      "rate": 1,
      "response": "",
      "response_date": "",
      "review": "The app just suddenly stopped working and value a on open positions haven't \nchanged all day and I'm looking money here cause of this vlitvj, doesn't \neven wanna close or open positions anymore",
      "review_date": [
        "July",
        "3",
        " 2018"
      ]
    },
    {
      "REQ_subtype": "",
      "REQ_type": "",
      "_id": 117,
      "author_id": "not defined",
      "author_name": "Jai Prakash",
      "helpful": "0",
      "polarity": "",
      "rate": 1,
      "response": "",
      "response_date": "",
      "review": "\u0926\u094b\u0938\u094d\u0924\u094b\u0902 , \u092e\u0942\u0930\u094d\u0916 \u092c\u0928\u093e \u0930\u0939\u0947 \u0939\u0948 \u092f\u0947 \u0906\u092a\u0915\u094b , \u0915\u093f\u0938\u0940 \u090f\u0915 \u0939\u0940 \u0915\u0930\u0947\u0902\u0938\u0940 \u0915\u094b \u0906\u092a buy \u092f\u093e sell \u092e\u0947 \n\u090f\u0915 \u0938\u093e\u0925 \u0932\u0917\u093e\u0913\u0917\u0947 , \u0924\u092c \u092d\u0940 \u0906\u092a \u0926\u094b\u0928\u094b \u092e\u0947 \u0905\u0932\u0917 \u0905\u0932\u0917 \u0930\u0947\u091f \u0926\u0947\u0916\u094b\u0917\u0947 , \u0914\u0930 \u0926\u094b\u0928\u094b \u092e\u0947 loss \u0939\u094b \n\u0930\u0939\u093e \u0939\u094b , Cheater app",
      "review_date": [
        "May",
        "10",
        " 2018"
      ]
    },
    {
      "REQ_subtype": "",
      "REQ_type": "",
      "_id": 118,
      "author_id": "not defined",
      "author_name": "Srikanth Raj",
      "helpful": "0",
      "polarity": "",
      "rate": 3,
      "response": "",
      "response_date": "",
      "review": "Automatic log out from my fxopen account quite often. I have to login every \n3-4days. Please fix this and please add drag and drop stop levels",
      "review_date": [
        "June",
        "17",
        " 2018"
      ]
    },
    {
      "REQ_subtype": "",
      "REQ_type": "",
      "_id": 119,
      "author_id": "not defined",
      "author_name": "Usama Kayani",
      "helpful": "1",
      "polarity": "",
      "rate": 2,
      "response": "",
      "response_date": "",
      "review": "My MetaTrader 4 crashes whenever I open a new chart window. Fix it please",
      "review_date": [
        "June",
        "6",
        " 2018"
      ]
    },
    {
      "REQ_subtype": "",
      "REQ_type": "",
      "_id": 120,
      "author_id": "not defined",
      "author_name": "Arup Haldar",
      "helpful": "5",
      "polarity": "",
      "rate": 5,
      "response": "",
      "response_date": "",
      "review": "I like to trade with it. I feel like computer. New version is amazing easy \nand comfortable. But I miss the one click order button very much.",
      "review_date": [
        "May",
        "11",
        " 2018"
      ]
    },
    {
      "REQ_subtype": "",
      "REQ_type": "",
      "_id": 121,
      "author_id": "not defined",
      "author_name": "\uc870\uac15\ud55c",
      "helpful": "0",
      "polarity": "",
      "rate": 5,
      "response": "",
      "response_date": "",
      "review": "Tons of improvements, seamlessly linked to desktop version, easy to use, \ngood luck traders! When will we possible to use our own customized \nindicator or automatic trading like in the desktop? Can't wait for it. \nAlso, just an idea, night mode please.",
      "review_date": [
        "June",
        "4",
        " 2018"
      ]
    },
    {
      "REQ_subtype": "",
      "REQ_type": "",
      "_id": 122,
      "author_id": "not defined",
      "author_name": "Thanaporn Okamoto",
      "helpful": "0",
      "polarity": "",
      "rate": 1,
      "response": "Is anything in terminal logs when you start the the terminal and see, that all your drawings were been reset?",
      "response_date": [
        "May",
        "23",
        " 2018"
      ],
      "review": "My chart keep resetting to defult! I can't setting any indicators or draw \nS/R . Please tell me how to fix this. I'm so sick of it. Everytime have to \nkeep set the new one.",
      "review_date": [
        "May",
        "23",
        " 2018"
      ]
    },
    {
      "REQ_subtype": "",
      "REQ_type": "",
      "_id": 123,
      "author_id": "not defined",
      "author_name": "Mmetla Mamatela",
      "helpful": "2",
      "polarity": "",
      "rate": 5,
      "response": "",
      "response_date": "",
      "review": "I love the app a lot how ever I'd like to have the trend lines not move \naround when I change time frames on my android decive",
      "review_date": [
        "May",
        "8",
        " 2018"
      ]
    },
    {
      "REQ_subtype": "",
      "REQ_type": "",
      "_id": 124,
      "author_id": "not defined",
      "author_name": "Brian Smith",
      "helpful": "0",
      "polarity": "",
      "rate": 1,
      "response": "",
      "response_date": "",
      "review": "Crummy link to MT4 and MT5. If you use this app use it to only close open \npositions or place super tiny trades for open positions given the fact it \nconstantly has server conmection problems with IC Markets and TW. How \nconvenient for this app to be so buggy.",
      "review_date": [
        "May",
        "14",
        " 2018"
      ]
    },
    {
      "REQ_subtype": "",
      "REQ_type": "",
      "_id": 125,
      "author_id": "not defined",
      "author_name": "Adryll Fuzz",
      "helpful": "0",
      "polarity": "",
      "rate": 5,
      "response": "",
      "response_date": "",
      "review": "Hi team developer.. Please make MT4 android version as good as the ios \nversion of MT4..I love using Android phone..but when it comes to MT4, ios \nversion was far more advanced than the Android.. it's kinda not fair for \nmost of the trade..so please..make it even..or at least,as close as it can \nget..thank you for this awesome apps..love you guys..",
      "review_date": [
        "June",
        "13",
        " 2018"
      ]
    },
    {
      "REQ_subtype": "",
      "REQ_type": "",
      "_id": 126,
      "author_id": "not defined",
      "author_name": "Donnie Black ZA",
      "helpful": "0",
      "polarity": "",
      "rate": 1,
      "response": "If you have set SL or TP, then the triggering of SL or TP are executing on server side. So freezing the terminal doesn't make any sense on closing position by sl/tp.",
      "response_date": [
        "June",
        "14",
        " 2018"
      ],
      "review": "PLEASE FIX FREEZING GLITCHES, LOST A TONE OF MONEY DUE TP THE APP FREEZING \nAND BEING SLOW TO EXECUTE A COMMAND",
      "review_date": [
        "June",
        "14",
        " 2018"
      ]
    },
    {
      "REQ_subtype": "",
      "REQ_type": "",
      "_id": 127,
      "author_id": "not defined",
      "author_name": "A Google user",
      "helpful": "0",
      "polarity": "",
      "rate": 3,
      "response": "",
      "response_date": "",
      "review": "Ok But lacks any built in alert notifications. You can set an alert in \ndesktop and leave that desktop running forever to get the alert on \nmobile.....but you cant set up an alert on the mobile app at all. Pretty \npoor lack of functionality these days, especially given half the job is \nalready done (in that it can already receive and display push alerts).",
      "review_date": [
        "July",
        "6",
        " 2018"
      ]
    },
    {
      "REQ_subtype": "",
      "REQ_type": "",
      "_id": 128,
      "author_id": "not defined",
      "author_name": "Amiruddin Zulkifli",
      "helpful": "4",
      "polarity": "",
      "rate": 1,
      "response": "",
      "response_date": "",
      "review": "I rate it back to one star since the chart is not displayed.",
      "review_date": [
        "May",
        "8",
        " 2018"
      ]
    },
    {
      "REQ_subtype": "",
      "REQ_type": "",
      "_id": 129,
      "author_id": "not defined",
      "author_name": "Sua Bhu",
      "helpful": "0",
      "polarity": "",
      "rate": 3,
      "response": "You should contact your broker",
      "response_date": [
        "May",
        "24",
        " 2018"
      ],
      "review": "The app took my money twice when I press instant but did no excute the sell \njust deduct money from my account I would like my money back",
      "review_date": [
        "May",
        "24",
        " 2018"
      ]
    },
    {
      "REQ_subtype": "",
      "REQ_type": "",
      "_id": 130,
      "author_id": "not defined",
      "author_name": "Shane Carlson",
      "helpful": "0",
      "polarity": "",
      "rate": 4,
      "response": "",
      "response_date": "",
      "review": "I really like the app, by far the best mobile trading platform in my \nopinion. Could still see some improvements. Would love to see the ability \nto draw trendlines on charts. As well as being able to place Fibonacci \nlevels.",
      "review_date": [
        "May",
        "14",
        " 2018"
      ]
    },
    {
      "REQ_subtype": "",
      "REQ_type": "",
      "_id": 131,
      "author_id": "not defined",
      "author_name": "K K",
      "helpful": "1",
      "polarity": "",
      "rate": 3,
      "response": "",
      "response_date": "",
      "review": "Mostly ok to use. But can't trade some currencies via phone like USDCHF. \nAnd if I make a trade in my pc it won't allow me to update it via app",
      "review_date": [
        "June",
        "19",
        " 2018"
      ]
    },
    {
      "REQ_subtype": "",
      "REQ_type": "",
      "_id": 132,
      "author_id": "not defined",
      "author_name": "Dego Dego",
      "helpful": "0",
      "polarity": "",
      "rate": 1,
      "response": "",
      "response_date": "",
      "review": "After the update I get an error: Failed to register messages receiving \nservice. Check your internet connection and try again. I have internet lol.",
      "review_date": [
        "May",
        "4",
        " 2018"
      ]
    },
    {
      "REQ_subtype": "",
      "REQ_type": "",
      "_id": 133,
      "author_id": "not defined",
      "author_name": "Bongani Mulaudzi",
      "helpful": "0",
      "polarity": "",
      "rate": 5,
      "response": "",
      "response_date": "",
      "review": "This app is very helpful in my day to day trading, whether it be executing \ntrades or doing analysis. And the best thing of all is that its in my \npocket.",
      "review_date": [
        "June",
        "3",
        " 2018"
      ]
    },
    {
      "REQ_subtype": "",
      "REQ_type": "",
      "_id": 134,
      "author_id": "not defined",
      "author_name": "Vytautas Liesis",
      "helpful": "0",
      "polarity": "",
      "rate": 4,
      "response": "",
      "response_date": "",
      "review": "It is great, but lacks the choice of all the broker's instruments, like \nother than main pairs or other metals. They appear only after you have open \nposition on MT4 on PC and then open an app.",
      "review_date": [
        "June",
        "10",
        " 2018"
      ]
    },
    {
      "REQ_subtype": "",
      "REQ_type": "",
      "_id": 135,
      "author_id": "not defined",
      "author_name": "Shihepo Hutchinson",
      "helpful": "0",
      "polarity": "",
      "rate": 4,
      "response": "",
      "response_date": "",
      "review": "can you please tell me is my bank account linked already here. or what i am \nworried about this app. please I am waiting for my answer",
      "review_date": [
        "June",
        "15",
        " 2018"
      ]
    },
    {
      "REQ_subtype": "",
      "REQ_type": "",
      "_id": 136,
      "author_id": "not defined",
      "author_name": "Irene Hansen",
      "helpful": "0",
      "polarity": "",
      "rate": 5,
      "response": "",
      "response_date": "",
      "review": "Great app. Like it very much. Have not encountered any problems so far with \nthe app.",
      "review_date": [
        "May",
        "21",
        " 2018"
      ]
    },
    {
      "REQ_subtype": "",
      "REQ_type": "",
      "_id": 137,
      "author_id": "not defined",
      "author_name": "Mohd J Al Ebrahim",
      "helpful": "0",
      "polarity": "",
      "rate": 4,
      "response": "",
      "response_date": "",
      "review": "MT4 is my favourite. I miss dragging the SL & TP on the mobile which I am \nused to on PC. Wish could be achieved.",
      "review_date": [
        "June",
        "11",
        " 2018"
      ]
    },
    {
      "REQ_subtype": "",
      "REQ_type": "",
      "_id": 138,
      "author_id": "not defined",
      "author_name": "Desmond Nhlanganiso",
      "helpful": "0",
      "polarity": "",
      "rate": 2,
      "response": "",
      "response_date": "",
      "review": "Encountered a situation where my PC operation system crashed and my MT4 was \naffected because I use one account in the platform on the PC and phone",
      "review_date": [
        "May",
        "9",
        " 2018"
      ]
    },
    {
      "REQ_subtype": "",
      "REQ_type": "",
      "_id": 139,
      "author_id": "not defined",
      "author_name": "Ziggy Ent",
      "helpful": "1",
      "polarity": "",
      "rate": 4,
      "response": "",
      "response_date": "",
      "review": "Sometimes it disconnects my email address and when I register again it \ndisconnects and I had to download the app again",
      "review_date": [
        "May",
        "21",
        " 2018"
      ]
    },
    {
      "REQ_subtype": "",
      "REQ_type": "",
      "_id": 140,
      "author_id": "not defined",
      "author_name": "Siyabonga Makapela",
      "helpful": "0",
      "polarity": "",
      "rate": 5,
      "response": "",
      "response_date": "",
      "review": "Good app but not the best as I have seen other platforms with so much \ninstruments to analyse the market. But good guyz",
      "review_date": [
        "June",
        "7",
        " 2018"
      ]
    },
    {
      "REQ_subtype": "",
      "REQ_type": "",
      "_id": 141,
      "author_id": "not defined",
      "author_name": "Tanveer Hussain",
      "helpful": "0",
      "polarity": "",
      "rate": 1,
      "response": "",
      "response_date": "",
      "review": "Crosshair of this app not show tha complete detail like pips and \npoints.this is big broblem estimate tp and sl.",
      "review_date": [
        "June",
        "21",
        " 2018"
      ]
    },
    {
      "REQ_subtype": "",
      "REQ_type": "",
      "_id": 142,
      "author_id": "not defined",
      "author_name": "Dave Vial",
      "helpful": "0",
      "polarity": "",
      "rate": 1,
      "response": "",
      "response_date": "",
      "review": "It keeps telling me authorization failed, when trying to log in t a real \naccount, so I can't open one!!",
      "review_date": [
        "May",
        "14",
        " 2018"
      ]
    },
    {
      "REQ_subtype": "",
      "REQ_type": "",
      "_id": 143,
      "author_id": "not defined",
      "author_name": "Sipho Moon",
      "helpful": "0",
      "polarity": "",
      "rate": 4,
      "response": "",
      "response_date": "",
      "review": "Has issues during high impact news with loading data. Probably broker \nserver related. But it's not a good experience.",
      "review_date": [
        "May",
        "16",
        " 2018"
      ]
    },
    {
      "REQ_subtype": "",
      "REQ_type": "",
      "_id": 144,
      "author_id": "not defined",
      "author_name": "Sukhdev Singh",
      "helpful": "0",
      "polarity": "",
      "rate": 5,
      "response": "",
      "response_date": "",
      "review": "Nice software and easy to use but charts are not displaying correctly in my \none plus 5T fullhd+ phones candles are looking very big pls fix it",
      "review_date": [
        "May",
        "30",
        " 2018"
      ]
    },
    {
      "REQ_subtype": "",
      "REQ_type": "",
      "_id": 145,
      "author_id": "not defined",
      "author_name": "Random English Man",
      "helpful": "0",
      "polarity": "",
      "rate": 1,
      "response": "",
      "response_date": "",
      "review": "My account and other people I know all of their account is frozen and \nloading from past 2 days including all the orders I placed and i can't even \nclose the order or edit it. 0 out of 10 0/10 \ud83d\udc4e\ud83d\udc4e\ud83d\udc4e",
      "review_date": [
        "May",
        "10",
        " 2018"
      ]
    },
    {
      "REQ_subtype": "",
      "REQ_type": "",
      "_id": 146,
      "author_id": "not defined",
      "author_name": "Ruben Leal",
      "helpful": "1",
      "polarity": "",
      "rate": 4,
      "response": "",
      "response_date": "",
      "review": "Really good app to Tracking and posting bids, but I would like to put \nnotification and sound when hit your bid.",
      "review_date": [
        "June",
        "4",
        " 2018"
      ]
    },
    {
      "REQ_subtype": "",
      "REQ_type": "",
      "_id": 147,
      "author_id": "not defined",
      "author_name": "Humphery Chinonso",
      "helpful": "0",
      "polarity": "",
      "rate": 2,
      "response": "The terminal displays the time of server.",
      "response_date": [
        "June",
        "25",
        " 2018"
      ],
      "review": "My time currently is 7:26am, but my MT4 is 9:20am what's the fault.. This \nis really pissing me off",
      "review_date": [
        "June",
        "25",
        " 2018"
      ]
    },
    {
      "REQ_subtype": "",
      "REQ_type": "",
      "_id": 148,
      "author_id": "not defined",
      "author_name": "Mega Ham",
      "helpful": "0",
      "polarity": "",
      "rate": 1,
      "response": "Please, contact your broker to solve your problem.",
      "response_date": [
        "November",
        "28",
        " 2017"
      ],
      "review": "I am unable to log in.No server for pepperstone-09 All ok after I contacted \nmy broker\ud83d\udc4d",
      "review_date": [
        "May",
        "29",
        " 2018"
      ]
    },
    {
      "REQ_subtype": "",
      "REQ_type": "",
      "_id": 149,
      "author_id": "not defined",
      "author_name": "fari ali",
      "helpful": "0",
      "polarity": "",
      "rate": 5,
      "response": "",
      "response_date": "",
      "review": "\u0622\u0633\u0627\u0646 \u06c1\u06d2 \u0627\u0633\u062a\u0639\u0645\u0627\u0644 \u0645\u06cc\u06ba \u0627\u0686\u06be\u06d2 \u0622\u067e\u0634\u0646 \u06c1\u06cc\u06ba \u0628\u06c1\u062a \u0627\u0686\u06be\u06d2 very nice easy i use may \ndeveloper live long One wish for charge less spread if possible so nice \nplease",
      "review_date": [
        "June",
        "20",
        " 2018"
      ]
    },
    {
      "REQ_subtype": "",
      "REQ_type": "",
      "_id": 150,
      "author_id": "not defined",
      "author_name": "Snenduduzo Mncwabe",
      "helpful": "0",
      "polarity": "",
      "rate": 1,
      "response": "",
      "response_date": "",
      "review": "I don't know what you did but the app now uses too much data. Please fix it.",
      "review_date": [
        "May",
        "22",
        " 2018"
      ]
    },
    {
      "REQ_subtype": "",
      "REQ_type": "",
      "_id": 151,
      "author_id": "not defined",
      "author_name": "Gopikrishnan S Menon",
      "helpful": "0",
      "polarity": "",
      "rate": 3,
      "response": "",
      "response_date": "",
      "review": "Needs lots of improvement in setting trade Vol. More studies required. \nFibo... labeling levels ... pivot ...etc. many times the app is sluggish",
      "review_date": [
        "May",
        "19",
        " 2018"
      ]
    },
    {
      "REQ_subtype": "",
      "REQ_type": "",
      "_id": 152,
      "author_id": "not defined",
      "author_name": "Micah Makgamatha",
      "helpful": "0",
      "polarity": "",
      "rate": 3,
      "response": "",
      "response_date": "",
      "review": "Something is wrong, it keeps logging off my trading account when i close \nthe app, i have to re-enter my account number and password every time i \nwana login, i never had this problem before, whats going on. And save \npassword is on",
      "review_date": [
        "May",
        "14",
        " 2018"
      ]
    },
    {
      "REQ_subtype": "",
      "REQ_type": "",
      "_id": 153,
      "author_id": "not defined",
      "author_name": "Aladdin Abdulkareem",
      "helpful": "0",
      "polarity": "",
      "rate": 3,
      "response": "",
      "response_date": "",
      "review": "Thanks for your efforts to produce this app. I hope you can add two \nfeatures: 1- Renko Chart. 2- Ability to modify the size of thr pending \norder size after placing it.",
      "review_date": [
        "June",
        "14",
        " 2018"
      ]
    },
    {
      "REQ_subtype": "",
      "REQ_type": "",
      "_id": 154,
      "author_id": "not defined",
      "author_name": "Antoine Lee",
      "helpful": "0",
      "polarity": "",
      "rate": 4,
      "response": "",
      "response_date": "",
      "review": "MT4 is a great trading app for forex... All thats missing is the ability to \nadd trendlines, Fibonacci lines, etc, and the ability to trade directly \nfrom the charts from your phone. Otherwise, it has most other apps beat.",
      "review_date": [
        "June",
        "13",
        " 2018"
      ]
    },
    {
      "REQ_subtype": "",
      "REQ_type": "",
      "_id": 155,
      "author_id": "not defined",
      "author_name": "lucky mbotiwa",
      "helpful": "0",
      "polarity": "",
      "rate": 5,
      "response": "",
      "response_date": "",
      "review": "This is a good App. The App has made my life easier, I'm able to trade on \nforex market using my phone and I'm always alerted by any events happening. \n*****",
      "review_date": [
        "June",
        "21",
        " 2018"
      ]
    },
    {
      "REQ_subtype": "",
      "REQ_type": "",
      "_id": 156,
      "author_id": "not defined",
      "author_name": "Steven Ernest",
      "helpful": "0",
      "polarity": "",
      "rate": 4,
      "response": "",
      "response_date": "",
      "review": "Works well enough for most small (under $1 M ) traders.... There are a few \ngadgets missing (compared to laptop version ) but overall good for speed \nmobility accuracy.",
      "review_date": [
        "May",
        "13",
        " 2018"
      ]
    },
    {
      "REQ_subtype": "",
      "REQ_type": "",
      "_id": 157,
      "author_id": "not defined",
      "author_name": "A Google user",
      "helpful": "0",
      "polarity": "",
      "rate": 5,
      "response": "",
      "response_date": "",
      "review": "I appreciate winning the Florida lottery now (02-07-20-26-29-30), deposit \n$5 million into \ud83d\udc41\ufe0f account and enjoy \ud83d\udc41\ufe0f life if trading \ud83d\udcca\ud83d\udcc9\ud83d\udcc8\ud83c\udf10\ud83c\uddef\ud83c\uddf2 \nUNIVERSAL LORD \ud83d\udc41\ufe0fAM",
      "review_date": [
        "May",
        "27",
        " 2018"
      ]
    },
    {
      "REQ_subtype": "",
      "REQ_type": "",
      "_id": 158,
      "author_id": "not defined",
      "author_name": "Kenny Chen",
      "helpful": "0",
      "polarity": "",
      "rate": 4,
      "response": "",
      "response_date": "",
      "review": "Should add notif when current trx reach profit/loss or current order \nopened. Please update",
      "review_date": [
        "June",
        "29",
        " 2018"
      ]
    },
    {
      "REQ_subtype": "",
      "REQ_type": "",
      "_id": 159,
      "author_id": "not defined",
      "author_name": "Abigail Rennie",
      "helpful": "0",
      "polarity": "",
      "rate": 4,
      "response": "",
      "response_date": "",
      "review": "When i first got my demo account it was working really good, but for the \npast three days the currency pairs are not fluctuating and when i place an \norder it says market is closed.",
      "review_date": [
        "June",
        "3",
        " 2018"
      ]
    }
  ],
  "size": "5.5",
  "url": "https://play.google.com/store/apps/details?id=net.metaquotes.metatrader4",
  "version": "400.1128"
}