{
  "categories": [
    "Events"
  ],
  "description": "La gran experiencia de Junkers y la capacidad innovadora de Bosch, unidas para dise\u00f1ar productos de nueva generaci\u00f3n, dise\u00f1ados para el futuro.Con esta aplicaci\u00f3n, introduciendo el c\u00f3digo de invitado, podr\u00e1s consultar la agenda del evento, confirmar tu asistencia al mismo, ver en qu\u00e9 lugar se celebrar\u00e1 el evento y obtener una invitaci\u00f3n con tu confirmaci\u00f3n para entrar directamente con tu m\u00f3vil como entrada.Adem\u00e1s podr\u00e1s descargarte toda la documentaci\u00f3n del portfolio de productos de Junkers y sus servicios.Junkers se renueva dise\u00f1ando para el futuro.",
  "inc": "DESARROLLO4APP, S.L.",
  "intalled_count": "1,000",
  "last_update": [
    "May",
    "22",
    " 2018"
  ],
  "name": "Evento Junkers Bosch",
  "offered_by": "Google Commerce Ltd",
  "permissions": {
    "Camera": [
      "take pictures and videos"
    ],
    "Other": [
      "receive data from Internet",
      "view network connections",
      "full network access",
      "prevent device from sleeping"
    ]
  },
  "price": "",
  "rate": [],
  "required_android": "4.2",
  "reviews": [],
  "size": "",
  "url": "https://play.google.com/store/apps/details?id=com.desarrollo4app.eventojunkersbosch",
  "version": "1.5"
}