{
  "categories": [
    "Finance"
  ],
  "description": "SBI Anywhere PersonalMobile Banking application for Smart Phone customers of SBI supporting English and Hindi languages.  Use your Retail Internet Banking credentials to login or register afresh through the Register > New User option.A safe, convenient and easy to use application with a host of features to help users manage your finances on the move. Download from Google Play store Only. Do not use any other websites for downloading this application.Voice Assisted Transactions    \u2022 Balance Enquiry    \u2022 Mini Statement (Last 10 transactions)    \u2022 Mobile Recharge     \u2022 DTH Recharge    \u2022 Quick Transfer    \u2022 View and Pay Bills    \u2022 LogoutMy Accounts    \u2022 Detailed account information (Transaction / Deposit / Loan / PPF / SSA accounts)    \u2022 Mini Statement (Last 10 transactions)    \u2022 mPassbook (upto 150 transactions)Banking     \u2022 Funds Transfer within Self Accounts    \u2022 Third Party Transfer within SBI    \u2022 Inter-Bank Transfer (RTGS / NEFT /IMPS)    \u2022 Quick Transfer to Unregistered Beneficiaries using QR Code    \u2022 IMPS Transfer (using IFSC & Account Number or Mobile Number & MMID)    \u2022 Transfer to mobile number or email id using mCash    \u2022 Instant Opening / Closing of Fixed and Recurring Deposits    \u2022 Schedule TransactionsUPI    \u2022 Pay to VPA    \u2022 Pay to Aadhaaar    \u2022 Pay to Account No & IFSC    \u2022 UPI Payment History & Raise Dispute    \u2022 Dispute StatusBill / Merchant Payments    \u2022 View and Pay Bills    \u2022 Adhoc Payment to unregistered Billers    \u2022 Credit Card (VISA) Transfer    \u2022 SBI Life Premium Payment    \u2022 Bill Payment History    \u2022 Add / Manage Billers with Auto Pay facility    \u2022 Postpaid Bill Payments    \u2022 Schedule Bill PaymentsTop-up and Recharge    \u2022 Mobile Top-up    \u2022 DTH Recharge    \u2022 Top-up of State Bank Wallets    \u2022 Top-up of Pre Paid CardsServices    \u2022 Manage Debit Cards Access Channels    \u2022 Manage Channel Wise Limits for Debit Card Transactions    \u2022 Debit Card Hotlisting    \u2022 Create and Manage Standing Instruction    \u2022 Change Maturity Instructions for eDeposits    \u2022 Online Nomination    \u2022 TDS Enquiry    \u2022 Cheque Book Request    \u2022 Virtual Card facility for secure eCommerce payments    \u2022 Aadhaar Linking    \u2022 LPG Seeding to A/c Number for DBTSmart Watch Banking - Enquiry, Funds Transfer and Mobile Top-upSBI Quick - Missed Call and SMS Banking facility (a pre-login feature)    \u2022 Balance Enquiry    \u2022 Mini Statement    \u2022 Email Statement    \u2022 Interest Certificate for Home and Education Loans    \u2022 Debit Card Services - Card Blocking, Green PIN generation, Manage Usage    \u2022 Subscribe to PM Social Security Schemes (PMJJBY / PMSBY) using SBI QuickOther Pre-login features    \u2022 Registration for New Users    \u2022 BharatQR Merchant Payments    \u2022 State Bank Collect    \u2022 mPassbook facility (view passbook without internet connectivity)    \u2022 Debit Card Blocking    \u2022 Claim mCash    \u2022 Online Locker Enquiry    \u2022 myFitness to monitor and track fitness activities    \u2022 Contact UsAll you need :   \u2022 A smart phone with Android Operating System (Android ver 4.2 or above).   \u2022 Internet connectivity through Mobile Data/ Wi-Fi.For feedback & suggestions, kindly email us at mb.support@sbi.co.inVisit https://mobility.onlinesbi.com for more details.",
  "inc": "State Bank of India",
  "intalled_count": "10,000,000",
  "last_update": [
    "July",
    "7",
    " 2018"
  ],
  "name": "SBI Anywhere Personal",
  "offered_by": "Google Commerce Ltd",
  "permissions": {
    "Identity": [
      "find accounts on the device"
    ],
    "Contacts": [
      "find accounts on the device",
      "read your contacts"
    ],
    "Location": [
      "precise location (GPS and network-based)"
    ],
    "SMS": [
      "read your text messages (SMS or MMS)",
      "receive text messages (SMS)",
      "send SMS messages"
    ],
    "Phone": [
      "directly call phone numbers",
      "read phone status and identity"
    ],
    "Photos/Media/Files": [
      "read the contents of your USB storage",
      "modify or delete the contents of your USB storage"
    ],
    "Storage": [
      "read the contents of your USB storage",
      "modify or delete the contents of your USB storage"
    ],
    "Camera": [
      "take pictures and videos"
    ],
    "Microphone": [
      "record audio"
    ],
    "Device ID & call information": [
      "read phone status and identity"
    ],
    "Other": [
      "manage document storage",
      "receive data from Internet",
      "view network connections",
      "full network access",
      "control vibration",
      "prevent device from sleeping"
    ]
  },
  "price": "",
  "rate": [
    [
      "387,760",
      "3.9"
    ],
    [
      "205,848",
      "5"
    ],
    [
      "77,221",
      "4"
    ],
    [
      "30,658",
      "3"
    ],
    [
      "16,280",
      "2"
    ],
    [
      "57,753",
      "1"
    ]
  ],
  "required_android": "4.2",
  "reviews": [
    {
      "REQ_subtype": "",
      "REQ_type": "",
      "_id": 0,
      "author_id": "not defined",
      "author_name": "Dr. Abhimanyu Singh",
      "helpful": "4",
      "polarity": "",
      "rate": 4,
      "response": "Dear Customer,\nWe thank you for your interest in SBI Anywhere Personal app. We have added the feature of add/manage beneficiary under fund transfer option. After cooling period you can transfer fund to other bank account also.\n We will try to include your suggestion in future updates.\n- SBI Mobility Team",
      "response_date": [
        "July",
        "11",
        " 2018"
      ],
      "review": "The updates are coming in good and iam beginning to like it more and more. \nLogin is easy accessing account and other details is easy too. Just that I \ncan't add beneficiary's through the app itself. Add this option I don't \nwant to visit website to do so and also add the facility to edit profile \npassword via this app. Logining into website is not comfortable and takes \ntime too. Please consider this suggestion.",
      "review_date": [
        "July",
        "10",
        " 2018"
      ]
    },
    {
      "REQ_subtype": "",
      "REQ_type": "",
      "_id": 1,
      "author_id": "not defined",
      "author_name": "Sudheesh R",
      "helpful": "53",
      "polarity": "",
      "rate": 1,
      "response": "",
      "response_date": "",
      "review": "The latest two updates gave me the most irritating experiences. Every time \nit says some technical errors. Why do you keep doing this? To push ourself \nto use yono? Please don't. We liked the older version of Anywhere app. \nPlease downgrade it. And remove your irrelevant buggy code. Please...",
      "review_date": [
        "July",
        "7",
        " 2018"
      ]
    },
    {
      "REQ_subtype": "",
      "REQ_type": "",
      "_id": 2,
      "author_id": "not defined",
      "author_name": "Atul K",
      "helpful": "9",
      "polarity": "",
      "rate": 1,
      "response": "",
      "response_date": "",
      "review": "Newer versions are coming with a lot of irritating experiences. First of \nall it doesn't let to login saying \"plz logout first\"... Seriously? SBI and \ngovernment is pushing all of us to use digital bank accounts, upi payments, \nyono and all kind of banking frauds that goverment is promoting to help \nmoney laundering. My NEFT payment fails are happening too often. Ifcyou \nfacing same problems then it is a deliberate attempt by government to get \nsick of secure payment options.",
      "review_date": [
        "July",
        "10",
        " 2018"
      ]
    },
    {
      "REQ_subtype": "",
      "REQ_type": "",
      "_id": 3,
      "author_id": "not defined",
      "author_name": "Prakash Kumar",
      "helpful": "2",
      "polarity": "",
      "rate": 5,
      "response": "We are glad to hear that you like the service of SBI Anywhere Personal app. Thanks for your feedback.",
      "response_date": [
        "July",
        "11",
        " 2018"
      ],
      "review": "GREAT APP AND I AM LOVING IT Now i can access my passwork very easily. In 1 \nyears i haven't went to bank because of this app. I always doing my all \ntransactions and transfer funds, online activity by this single app.. I \nwould like to tnx sbi and its developers to make such a awesome app.",
      "review_date": [
        "July",
        "10",
        " 2018"
      ]
    },
    {
      "REQ_subtype": "",
      "REQ_type": "",
      "_id": 4,
      "author_id": "not defined",
      "author_name": "Vikas Kumar",
      "helpful": "1",
      "polarity": "",
      "rate": 1,
      "response": "",
      "response_date": "",
      "review": "The worst app in finance sector. This app is not at par with its private \ncounterparts. In one sentence, this is like BSNL which has lots of \ninfrastructure but has very bad arrangements so as to compete with app \nservices being provided by the private sector banks. Please provide better \nservices.",
      "review_date": [
        "July",
        "11",
        " 2018"
      ]
    },
    {
      "REQ_subtype": "",
      "REQ_type": "",
      "_id": 5,
      "author_id": "not defined",
      "author_name": "A Google user",
      "helpful": "2",
      "polarity": "",
      "rate": 1,
      "response": "The inconvenience caused is regretted. It might be intermittent network issue. Please try again and still if you are facing the same issue, request you to provide your mobile no, device and service provider details on feedback.statebankanywhere@sbi.co.in. Please let us know your feedback. We will be happy to assist you.",
      "response_date": [
        "July",
        "11",
        " 2018"
      ],
      "review": "after update and since last 3 days app is not working. whenever i open it \nsays facing technical issue please try again later. Worst update ever. \nearlier the app used to work very fine now its dead. Not expected this from \nIndia's largest bank. fix this problem as soon as possible.",
      "review_date": [
        "July",
        "11",
        " 2018"
      ]
    },
    {
      "REQ_subtype": "",
      "REQ_type": "",
      "_id": 6,
      "author_id": "not defined",
      "author_name": "Avishek Das",
      "helpful": "0",
      "polarity": "",
      "rate": 1,
      "response": "",
      "response_date": "",
      "review": "I was not having many issues previously. But last few days I'm not even \nable to use this app. Everytime it pops up saying we're having technical \nissue please try again later. I mean how much patience will anyone have. \nYour branch banking literally pathetic. Only hope was this online one. This \nalso creating such nuances.",
      "review_date": [
        "July",
        "12",
        " 2018"
      ]
    },
    {
      "REQ_subtype": "",
      "REQ_type": "",
      "_id": 7,
      "author_id": "not defined",
      "author_name": "Saurabh Upadhyay",
      "helpful": "2",
      "polarity": "",
      "rate": 1,
      "response": "Rooting is the process of allowing users of smartphones running the Android OS to attain privileged control (root access). As per our Root Detection algorithm, we are checking for additional sensitive privileges given to normal users provided by Device manufacturers by default. In such cases, We are displaying this  warning message to customer.",
      "response_date": [
        "April",
        "12",
        " 2018"
      ],
      "review": "After a long time I installed this app again, but still it is rubbish as it \nwas. The app hangs whenever I click on username or password for login, \nneither keypad opens. Don't you guys even try to make a good app, you just \neat the money govt. pays you. Shame on you.",
      "review_date": [
        "July",
        "10",
        " 2018"
      ]
    },
    {
      "REQ_subtype": "",
      "REQ_type": "",
      "_id": 8,
      "author_id": "not defined",
      "author_name": "NARAYAN DATT SHARMA",
      "helpful": "7",
      "polarity": "",
      "rate": 1,
      "response": "",
      "response_date": "",
      "review": "The latest update had given a most irritating experience. When I open the \napp. It always shows \"We are having technical issue. Please try again \nlater\". But never opens. I am very disappointed with the latest update. \nKindly resolve the issue.",
      "review_date": [
        "July",
        "10",
        " 2018"
      ]
    },
    {
      "REQ_subtype": "",
      "REQ_type": "",
      "_id": 9,
      "author_id": "not defined",
      "author_name": "A Google user",
      "helpful": "18",
      "polarity": "",
      "rate": 1,
      "response": "Dear Customer,\nWe regret the inconvenience caused to you. If you are facing the issues, for further investigation, please share us mobile device details, Android version details, error description and mobile number at feedback.statebankanywhere@sbi.co.in. We are happy to assist you.\n- SBI Mobility Team",
      "response_date": [
        "July",
        "7",
        " 2018"
      ],
      "review": "The latest update is hopeless as we can't even login and the app gets \nclosed automatically. Don't you try to be professional??? When do you show \nthe class? Pls learn something from HDFC or ICICI services!",
      "review_date": [
        "July",
        "7",
        " 2018"
      ]
    },
    {
      "REQ_subtype": "",
      "REQ_type": "",
      "_id": 10,
      "author_id": "not defined",
      "author_name": "Chandan Gain",
      "helpful": "20",
      "polarity": "",
      "rate": 3,
      "response": "",
      "response_date": "",
      "review": "It has become very annoying. For the last few weeks most of the time \nwhenever I try to open the app, it says \"we are having technical issues\". \nWhen will this \"technical issue\" be solved? SBI team, please do something, \nquick.",
      "review_date": [
        "July",
        "7",
        " 2018"
      ]
    },
    {
      "REQ_subtype": "",
      "REQ_type": "",
      "_id": 11,
      "author_id": "not defined",
      "author_name": "Hemanth Tech",
      "helpful": "11",
      "polarity": "",
      "rate": 1,
      "response": "",
      "response_date": "",
      "review": "ALL USELESS , when i opening the app and trying to loing it is saying that \nthere is technical issue.. Since the last update the issue is arrived. \nPlease downgrade the app. The of previous versoin is very nice but the new \nupgrade is annyoing.",
      "review_date": [
        "July",
        "8",
        " 2018"
      ]
    },
    {
      "REQ_subtype": "",
      "REQ_type": "",
      "_id": 12,
      "author_id": "not defined",
      "author_name": "A Google user",
      "helpful": "0",
      "polarity": "",
      "rate": 1,
      "response": "Dear Customer,\nWe regret the inconvenience caused to you. Try to clear data and clear cache. If you are facing the issues, for further investigation, please share us mobile device details, Android version details, error description and mobile number at feedback.statebankanywhere@sbi.co.in. We are happy to assist you.\n- SBI Mobility Team",
      "response_date": [
        "June",
        "12",
        " 2018"
      ],
      "review": "After the latest update, I'm facing the same problem which I had faced \nearlier. The app is taking too much time to respond. Online sbi website is \ngetting loaded instantly, whereas the app is taking 5-10 minutes to \nrespond. The 'loading' symbol is being displayed on the screen. Clearing \nthe cache also did not solve the problem. Please fix the bug at the \nearliest as it causes real annoyance at the time of urgency. Thank you.",
      "review_date": [
        "July",
        "12",
        " 2018"
      ]
    },
    {
      "REQ_subtype": "",
      "REQ_type": "",
      "_id": 13,
      "author_id": "not defined",
      "author_name": "rahul mondal",
      "helpful": "2",
      "polarity": "",
      "rate": 1,
      "response": "",
      "response_date": "",
      "review": "Tried for more than 50 times but never received the SMS with the activation \ncode. Failed to understand the reason why it's happening while my one and \nonly mobile no is registered with the bank and always I receive SMS \nwhenever any transaction takes place from the account. I would like to know \nthe reason behind the said problem and ask for solution from SBI. Please \nlook into and confirm at the earliest.",
      "review_date": [
        "July",
        "8",
        " 2018"
      ]
    },
    {
      "REQ_subtype": "",
      "REQ_type": "",
      "_id": 14,
      "author_id": "not defined",
      "author_name": "mohit mittal",
      "helpful": "11",
      "polarity": "",
      "rate": 5,
      "response": "Dear Customer,\nWe regret the inconvenience caused to you. If you are facing the issues, for further investigation, please share us mobile device details, Android version details, error description and mobile number at feedback.statebankanywhere@sbi.co.in. We are happy to assist you.\n- SBI Mobility Team",
      "response_date": [
        "July",
        "7",
        " 2018"
      ],
      "review": "For last 2 days, whenever I may trying to do a transaction, it says....we r \nhaving technical issues. You can't manage a technical issue in 2 \ndays...better remove ur app from playstore and go back to pen & \npaper...looks like the 'sarkari' employees are not very keen on digital \nIndia, for they will get there salary without any performance review. Fed \nup of this app.",
      "review_date": [
        "July",
        "7",
        " 2018"
      ]
    },
    {
      "REQ_subtype": "",
      "REQ_type": "",
      "_id": 15,
      "author_id": "not defined",
      "author_name": "Sridhar Iyer",
      "helpful": "0",
      "polarity": "",
      "rate": 3,
      "response": "",
      "response_date": "",
      "review": "Was perfect. I am getting \" we are having technical issue please try again \nlater \" message every time I try to open the app. This has been happening \nfrom the last couple of updates. I just updated the app today hoping \nthat'll solve the problem but no go. Sometimes works fine sometimes the \nerror pops up. Please help!",
      "review_date": [
        "July",
        "12",
        " 2018"
      ]
    },
    {
      "REQ_subtype": "",
      "REQ_type": "",
      "_id": 16,
      "author_id": "not defined",
      "author_name": "TASVEER PRAJAPATI",
      "helpful": "4",
      "polarity": "",
      "rate": 1,
      "response": "We apologize for the inconvenience caused to you and are working to resolve the issues. Thank you for your feedback.",
      "response_date": [
        "January",
        "25",
        " 2017"
      ],
      "review": "Main problem is when login than app will be hang and doesn't login, require \nrelogin & also same problem after login. App take more loading........very \nbad update..... Plz improve as fast as possible...",
      "review_date": [
        "July",
        "9",
        " 2018"
      ]
    },
    {
      "REQ_subtype": "",
      "REQ_type": "",
      "_id": 17,
      "author_id": "not defined",
      "author_name": "Kaushal Singh",
      "helpful": "1",
      "polarity": "",
      "rate": 3,
      "response": "",
      "response_date": "",
      "review": "Last few days this app is not working , everytime it is saying we are \nfacing technical issue. Even I reinstall the app but same problem is coming.",
      "review_date": [
        "July",
        "7",
        " 2018"
      ]
    },
    {
      "REQ_subtype": "",
      "REQ_type": "",
      "_id": 18,
      "author_id": "not defined",
      "author_name": "Anuj Tech Alone",
      "helpful": "4",
      "polarity": "",
      "rate": 3,
      "response": "",
      "response_date": "",
      "review": "I am not able to transfer funds through NEFT....and it also does not add \nany beneficiary, it always shows techical error in both service i think \nthere is a big problem in fund transfer section.....plz plz correct this. I \nwould be very grateful to you.",
      "review_date": [
        "July",
        "7",
        " 2018"
      ]
    },
    {
      "REQ_subtype": "",
      "REQ_type": "",
      "_id": 19,
      "author_id": "not defined",
      "author_name": "ravi chimkar",
      "helpful": "1",
      "polarity": "",
      "rate": 1,
      "response": "The inconvenience caused is regretted. It might be intermittent network issue. Please try again and still if you are facing the same issue, request you to provide your mobile no, device and service provider details on feedback.statebankanywhere@sbi.co.in. Please let us know your feedback. We will be happy to assist you.",
      "response_date": [
        "July",
        "12",
        " 2018"
      ],
      "review": "New update useless any time app showing technical issue please try again i \nam you lava V9 nothing my network issue can you solve tgis issue too many \npeople having same problem but i think you are not interested to solving \nthis problem or this problem is out off your mind\ud83d\ude02\ud83d\ude02 totally helpless this \napp and all off this app teem\ud83d\ude1c\ud83d\ude1c",
      "review_date": [
        "July",
        "12",
        " 2018"
      ]
    },
    {
      "REQ_subtype": "",
      "REQ_type": "",
      "_id": 20,
      "author_id": "not defined",
      "author_name": "Rekesh Tushir",
      "helpful": "0",
      "polarity": "",
      "rate": 4,
      "response": "",
      "response_date": "",
      "review": "Check Balance, PassBook, Not full authorised app. You can install it \nwithout visiting branch. But not so many user friendly. You have to make \nbeneficetiery and then to wait for one or two days, then to create allow \ntransfer permission and again wait. If not received OTP to complete \ntransaction from one a.c. to other bank a.c. then register complaint and \nwait for 10 days. Only one thing, Something is better than nothing. Pls. \ncompare your app. with other banks app. Only 2 stars if compare then others.",
      "review_date": [
        "July",
        "8",
        " 2018"
      ]
    },
    {
      "REQ_subtype": "",
      "REQ_type": "",
      "_id": 21,
      "author_id": "not defined",
      "author_name": "True False",
      "helpful": "0",
      "polarity": "",
      "rate": 1,
      "response": "",
      "response_date": "",
      "review": "If You can't login you can't do anything as simple as that. Only it just \ntakes start and then green blue circle is running round and round. App even \ndoesn't load properly and Modi ji wants digital India. I don't understand \nwhy always government Apps and Sites don't work properly.",
      "review_date": [
        "July",
        "9",
        " 2018"
      ]
    },
    {
      "REQ_subtype": "",
      "REQ_type": "",
      "_id": 22,
      "author_id": "not defined",
      "author_name": "A Google user",
      "helpful": "0",
      "polarity": "",
      "rate": 1,
      "response": "",
      "response_date": "",
      "review": "I am not able to login or register.. can't able to use the features of this \napp. Please suggest.. I want to know my balances and want to do transactions",
      "review_date": [
        "July",
        "10",
        " 2018"
      ]
    },
    {
      "REQ_subtype": "",
      "REQ_type": "",
      "_id": 23,
      "author_id": "not defined",
      "author_name": "Syed Showkat",
      "helpful": "0",
      "polarity": "",
      "rate": 1,
      "response": "Sorry for the inconvenience caused to you. For better assistance please send us the screen shot of error message  while using our latest version 5.3.7 of SB anywhere personal app and  also share your mobile no, device detail on mb.support@sbi.co.in. Restart your android device again and let us know your feedback.",
      "response_date": [
        "September",
        "5",
        " 2017"
      ],
      "review": "This app seems to be absurd as it never works well. What is the logic \nbehind developing such apps that don't work..",
      "review_date": [
        "July",
        "10",
        " 2018"
      ]
    },
    {
      "REQ_subtype": "",
      "REQ_type": "",
      "_id": 24,
      "author_id": "not defined",
      "author_name": "MITHILKUMAR SURVE",
      "helpful": "0",
      "polarity": "",
      "rate": 1,
      "response": "The inconvenience caused is regretted. It might be intermittent network issue. Please try again and still if you are facing the same issue, request you to provide your mobile no, device and service provider details on feedback.statebankanywhere@sbi.co.in. Please let us know your feedback. We will be happy to assist you.",
      "response_date": [
        "July",
        "12",
        " 2018"
      ],
      "review": "What's wrong with SBI anywhere personal??? Unable to open app for a week or \nso.... It says \"we are having technical issues, please try again later\" Not \nsure how long that's gonna take for SBI team to figure out the technical \nissue. I tried almost everything, cleared cache cleared data, reinstalled \napp, then re-registered it but still it's giving me that technical issues \nerror. Will back-end team look into the as soon as possible??",
      "review_date": [
        "July",
        "12",
        " 2018"
      ]
    },
    {
      "REQ_subtype": "",
      "REQ_type": "",
      "_id": 25,
      "author_id": "not defined",
      "author_name": "Shaji Simon",
      "helpful": "71",
      "polarity": "",
      "rate": 1,
      "response": "",
      "response_date": "",
      "review": "It's really irritating when opening this application. Every time I have to \ndo activated to use this app. Every time it's asking details for \nactivation.we need one time activation and use it smoothly by using it's \nmpin. Not eveytime activating this app",
      "review_date": [
        "July",
        "8",
        " 2018"
      ]
    },
    {
      "REQ_subtype": "",
      "REQ_type": "",
      "_id": 26,
      "author_id": "not defined",
      "author_name": "Martin Sangma",
      "helpful": "0",
      "polarity": "",
      "rate": 2,
      "response": "Dear Customer,\nThe inconvenience caused to you is deeply regretted. For better assistance please share the screen shot of loading error message received and also share your mobile no, device detail on feedback.statebankanywhere@sbi.co.in. We will be happy to assist you.\n- SBI Mobility Team",
      "response_date": [
        "July",
        "11",
        " 2018"
      ],
      "review": "What is wrong with this app? It is taking years to load, infact it only \nsays loading. My connection is good and the application has also been \nupdated. Please fix it ASAP.",
      "review_date": [
        "July",
        "11",
        " 2018"
      ]
    },
    {
      "REQ_subtype": "",
      "REQ_type": "",
      "_id": 27,
      "author_id": "not defined",
      "author_name": "nandalal hidam",
      "helpful": "1",
      "polarity": "",
      "rate": 4,
      "response": "",
      "response_date": "",
      "review": "I was seamlessly using it until last update. I can't even type pin no now. \nIt gets hanged every time I used this app.. Do something SBI",
      "review_date": [
        "July",
        "8",
        " 2018"
      ]
    },
    {
      "REQ_subtype": "",
      "REQ_type": "",
      "_id": 28,
      "author_id": "not defined",
      "author_name": "VIKAS MISHRA",
      "helpful": "1",
      "polarity": "",
      "rate": 1,
      "response": "The inconvenience caused is regretted. It might be intermittent network issue. Please try again and still if you are facing the same issue, request you to provide your mobile no, device and service provider details on feedback.statebankanywhere@sbi.co.in. Please let us know your feedback. We will be happy to assist you.",
      "response_date": [
        "July",
        "12",
        " 2018"
      ],
      "review": "Everytime it says 'having technical issues try again later'. All this \nhappened from recent frequent updates. Plz don't make our life hell by \ngiving all these stupid updates. Fix it asap.",
      "review_date": [
        "July",
        "12",
        " 2018"
      ]
    },
    {
      "REQ_subtype": "",
      "REQ_type": "",
      "_id": 29,
      "author_id": "not defined",
      "author_name": "raju kumar dubey",
      "helpful": "0",
      "polarity": "",
      "rate": 1,
      "response": "The inconvenience caused is regretted. It might be intermittent network issue. Please try again and still if you are facing the same issue, request you to provide your mobile no, device and service provider details on feedback.statebankanywhere@sbi.co.in. Please let us know your feedback. We will be happy to assist you.",
      "response_date": [
        "July",
        "11",
        " 2018"
      ],
      "review": "Mostly time whenever I log in, it shows a pop up that \"we are having \ntechnical issue, please try later\" . I'm facing this issue from last 2 \nmonths and before two months the app was working very fine and never caused \nany inconvenience or the issues mentioned above. SBI app developers are \nrequested to look into the above mentioned unexpected and irritating issue \non priority basis and resolve the same asap.",
      "review_date": [
        "July",
        "12",
        " 2018"
      ]
    },
    {
      "REQ_subtype": "",
      "REQ_type": "",
      "_id": 30,
      "author_id": "not defined",
      "author_name": "MOHAN KUMAR",
      "helpful": "3",
      "polarity": "",
      "rate": 1,
      "response": "",
      "response_date": "",
      "review": "Showing we are having technical issue, please try again later from past 2 \ndays onwards. Highly irritated for the first time using this app since \n1year. My app is updated latest version. Please look into the issue ASAP",
      "review_date": [
        "July",
        "7",
        " 2018"
      ]
    },
    {
      "REQ_subtype": "",
      "REQ_type": "",
      "_id": 31,
      "author_id": "not defined",
      "author_name": "nakul nagvekar",
      "helpful": "1",
      "polarity": "",
      "rate": 2,
      "response": "",
      "response_date": "",
      "review": "Worst app, does not open fast, takes so much time to load and open. Often \nHave error issues. Other banking app are much quick and reliable than this \nsbi app... plz improve this app",
      "review_date": [
        "July",
        "8",
        " 2018"
      ]
    },
    {
      "REQ_subtype": "",
      "REQ_type": "",
      "_id": 32,
      "author_id": "not defined",
      "author_name": "ISHU TOMAR",
      "helpful": "1",
      "polarity": "",
      "rate": 5,
      "response": "",
      "response_date": "",
      "review": "This app is not working fast Do work on working fastly. Its take too much \ntime for login so kindly solve this prblm..thnks not working from 3 days",
      "review_date": [
        "July",
        "9",
        " 2018"
      ]
    },
    {
      "REQ_subtype": "",
      "REQ_type": "",
      "_id": 33,
      "author_id": "not defined",
      "author_name": "Tech Duniya",
      "helpful": "3",
      "polarity": "",
      "rate": 1,
      "response": "",
      "response_date": "",
      "review": "Team, After updating app , when I click to login the keyboard doesn't \nappear for typing user name and password in boxes and it's got hanged then \nnothing works even if I touch anywhere in applications. I am user of \nOnePlus 3T with Oxygen open beta 29 (Android Version 8.0)",
      "review_date": [
        "July",
        "8",
        " 2018"
      ]
    },
    {
      "REQ_subtype": "",
      "REQ_type": "",
      "_id": 34,
      "author_id": "not defined",
      "author_name": "MISSION HELP",
      "helpful": "0",
      "polarity": "",
      "rate": 1,
      "response": "The inconvenience caused to you is deeply regretted. For better assistance please share the detail of error message received while using our latest version 5.3.10 of SBI Anywhere Personal app and also share your mobile no, device detail on feedback.statebankanywhere@sbi.co.in. We will be happy to assist you.",
      "response_date": [
        "December",
        "20",
        " 2017"
      ],
      "review": "After last updation It has started again hanging while sign in and does not \nwork later. Mobile Honor View 10. Android 8.0",
      "review_date": [
        "July",
        "11",
        " 2018"
      ]
    },
    {
      "REQ_subtype": "",
      "REQ_type": "",
      "_id": 35,
      "author_id": "not defined",
      "author_name": "Usha K",
      "helpful": "0",
      "polarity": "",
      "rate": 1,
      "response": "",
      "response_date": "",
      "review": "Pathetic app experience. It has only one thing to say...some technical \nerror. My payments got delayed as I was unable to access the app... Who is \nresponsible for the penalties...",
      "review_date": [
        "July",
        "10",
        " 2018"
      ]
    },
    {
      "REQ_subtype": "",
      "REQ_type": "",
      "_id": 36,
      "author_id": "not defined",
      "author_name": "Rahul Deivasigamani",
      "helpful": "0",
      "polarity": "",
      "rate": 3,
      "response": "",
      "response_date": "",
      "review": "The app works fine but I've noticed an error in it. The yono option \nredirects me to a broken phishing link. Fix it",
      "review_date": [
        "July",
        "12",
        " 2018"
      ]
    },
    {
      "REQ_subtype": "",
      "REQ_type": "",
      "_id": 37,
      "author_id": "not defined",
      "author_name": "Mukesh Kumar",
      "helpful": "4",
      "polarity": "",
      "rate": 5,
      "response": "The inconvenience caused to you is deeply regretted. It might be intermediate issue. For better assistance pls share your mobile no, device detail and service provider detail on feedback.statebankanywhere@sbi.co.in. Try to clear data and clear cache. Restart your android device again and let us know your feedback. We will be happy to assist you.",
      "response_date": [
        "July",
        "7",
        " 2018"
      ],
      "review": "The App is slower now a days and takes longer time to load. Sometimes shows \nWE HAVE TECHNICAL ISSUES. PLEASE TRY AFTER SOMETIME. May be improved.",
      "review_date": [
        "July",
        "7",
        " 2018"
      ]
    },
    {
      "REQ_subtype": "",
      "REQ_type": "",
      "_id": 38,
      "author_id": "not defined",
      "author_name": "RJ Ravi k Verma",
      "helpful": "0",
      "polarity": "",
      "rate": 1,
      "response": "",
      "response_date": "",
      "review": "New updated version is taking too much time to open the usre interface \ninsted of old version. Very disappointing",
      "review_date": [
        "July",
        "9",
        " 2018"
      ]
    },
    {
      "REQ_subtype": "",
      "REQ_type": "",
      "_id": 39,
      "author_id": "not defined",
      "author_name": "Kaza K",
      "helpful": "3",
      "polarity": "",
      "rate": 3,
      "response": "",
      "response_date": "",
      "review": "Why you still stuck with 6 digit pin... Enable fingerprint",
      "review_date": [
        "July",
        "7",
        " 2018"
      ]
    },
    {
      "REQ_subtype": "",
      "REQ_type": "",
      "_id": 40,
      "author_id": "not defined",
      "author_name": "rajendraprasad boga",
      "helpful": "2",
      "polarity": "",
      "rate": 1,
      "response": "",
      "response_date": "",
      "review": "For the past 4 days I am unable to open the APP and every time greeting the \nerror 'we are facing technical issues pl try later'.pl rectify it at the \nearliest",
      "review_date": [
        "July",
        "7",
        " 2018"
      ]
    },
    {
      "REQ_subtype": "",
      "REQ_type": "",
      "_id": 41,
      "author_id": "not defined",
      "author_name": "Anand Yadav",
      "helpful": "0",
      "polarity": "",
      "rate": 1,
      "response": "Dear Customer,\nThe inconvenience caused to you is deeply regretted. For better assistance please share the screen shot of login error message received and also share your mobile no, device detail on feedback.statebankanywhere@sbi.co.in. We will be happy to assist you.",
      "response_date": [
        "July",
        "10",
        " 2018"
      ],
      "review": "Worst app ever . Problem in login. Other bank app is much better than it",
      "review_date": [
        "July",
        "10",
        " 2018"
      ]
    },
    {
      "REQ_subtype": "",
      "REQ_type": "",
      "_id": 42,
      "author_id": "not defined",
      "author_name": "jaswant verma",
      "helpful": "0",
      "polarity": "",
      "rate": 1,
      "response": "The inconvenience caused to you is deeply regretted. Try to clear data and clear cache. Please make sure that the device is connected to internet. Share your mobile no, device detail and service provider detail on feedback.statebankanywhere@sbi.co.in. Restart your android device again and let us know your feedback. We will be happy to assist you.",
      "response_date": [
        "July",
        "11",
        " 2018"
      ],
      "review": "Before last updatation app functionally well but after updation app do not \nwork. Please solve problem immidiatly",
      "review_date": [
        "July",
        "11",
        " 2018"
      ]
    },
    {
      "REQ_subtype": "",
      "REQ_type": "",
      "_id": 43,
      "author_id": "not defined",
      "author_name": "Gavy Toor",
      "helpful": "2",
      "polarity": "",
      "rate": 1,
      "response": "We regret the inconvenience caused to you. We have upgraded the services of app. Please download the latest version 5.3.12 of SBI Anywhere Personal from Google Playstore. If you are still facing the issues kindly reply back at feedback.statebankanywhere@sbi.co.in with error details. We are happy to assist you.",
      "response_date": [
        "February",
        "14",
        " 2018"
      ],
      "review": "very wrost app... not open my account show loading sign... i use regular \nbut last 15 days not open my account...very slow app. plz update otherwise \nremove from play store why irritated",
      "review_date": [
        "July",
        "7",
        " 2018"
      ]
    },
    {
      "REQ_subtype": "",
      "REQ_type": "",
      "_id": 44,
      "author_id": "not defined",
      "author_name": "Abhishek Ranjan",
      "helpful": "0",
      "polarity": "",
      "rate": 1,
      "response": "We regret the inconveniences caused to you. Please check if you are using customise keypad or any third party keypad application. Try once with default keypad. If same issue is persists, share your register mobile number, device details and exact login error details on feedback.statebankanywhere@sbi.co.in. We will be happy to assist you.",
      "response_date": [
        "June",
        "25",
        " 2018"
      ],
      "review": "Getting worse day by day. Again same problem occured. Unable to enter the \npin code for log in. The app doesn't give any response while entering the \npin code. And let me tell you I am not using any third party keyboard. I am \nusing pre-installed google keyboard. So kindly fix the problem from your \nside.",
      "review_date": [
        "July",
        "8",
        " 2018"
      ]
    },
    {
      "REQ_subtype": "",
      "REQ_type": "",
      "_id": 45,
      "author_id": "not defined",
      "author_name": "kushendra pal",
      "helpful": "1",
      "polarity": "",
      "rate": 2,
      "response": "The inconvenience caused is regretted. It might be intermittent network issue. Please try again and still if you are facing the same issue, request you to provide your mobile no, device and service provider details on feedback.statebankanywhere@sbi.co.in. Please let us know your feedback. We will be happy to assist you.",
      "response_date": [
        "July",
        "10",
        " 2018"
      ],
      "review": "after two update app experience is very bad all time technical error and \nloading (open) very slow.",
      "review_date": [
        "July",
        "10",
        " 2018"
      ]
    },
    {
      "REQ_subtype": "",
      "REQ_type": "",
      "_id": 46,
      "author_id": "not defined",
      "author_name": "Akash Patel",
      "helpful": "0",
      "polarity": "",
      "rate": 2,
      "response": "",
      "response_date": "",
      "review": "It's always showing- invalid username or password. I am able to login in \nBhim SBI app with same username & password. But can't login in this app.",
      "review_date": [
        "July",
        "9",
        " 2018"
      ]
    },
    {
      "REQ_subtype": "",
      "REQ_type": "",
      "_id": 47,
      "author_id": "not defined",
      "author_name": "Amit Thapa",
      "helpful": "0",
      "polarity": "",
      "rate": 1,
      "response": "",
      "response_date": "",
      "review": "you update it or not, the app gets hanged and shows popup of technical \nerror for most of the times... Done thousand things to get this app work, \nbut still getting same popup of technical error .",
      "review_date": [
        "July",
        "11",
        " 2018"
      ]
    },
    {
      "REQ_subtype": "",
      "REQ_type": "",
      "_id": 48,
      "author_id": "not defined",
      "author_name": "abhinaw kapoor",
      "helpful": "1",
      "polarity": "",
      "rate": 1,
      "response": "",
      "response_date": "",
      "review": "After last update everytime i open app ...it shows we are having technical \nissues....why u upgrade it....your older version is better....fix it \nsoon....we don't expect such lazy and slow service from bank like SBI.... \nDON'T RUIN YOUR NAME",
      "review_date": [
        "July",
        "9",
        " 2018"
      ]
    },
    {
      "REQ_subtype": "",
      "REQ_type": "",
      "_id": 49,
      "author_id": "not defined",
      "author_name": "mani gandan",
      "helpful": "1",
      "polarity": "",
      "rate": 5,
      "response": "",
      "response_date": "",
      "review": "Its took so much time to login and authenticating past 2 days i am trying \nnot at all login my account login issue on past 3 days not at all opened \nthe apps",
      "review_date": [
        "July",
        "10",
        " 2018"
      ]
    },
    {
      "REQ_subtype": "",
      "REQ_type": "",
      "_id": 50,
      "author_id": "not defined",
      "author_name": "A Google user",
      "helpful": "0",
      "polarity": "",
      "rate": 3,
      "response": "",
      "response_date": "",
      "review": "Maximum time showing \"We are having technical issue, Please try again \nlater.\" Latest version is very very hopeless version, old version is best \nbetter than latest version.",
      "review_date": [
        "July",
        "8",
        " 2018"
      ]
    },
    {
      "REQ_subtype": "",
      "REQ_type": "",
      "_id": 51,
      "author_id": "not defined",
      "author_name": "The Wild Animal official",
      "helpful": "1",
      "polarity": "",
      "rate": 3,
      "response": "We thank you for your interest in SB anywhere personal app. Please check if you are using customise keypad or any third party keypad application. Please try once with default keypad. For better assistance please send us the screen shot of login error message received and also share your mobile no on feedback.statebankanywhere@sbi.co.in.",
      "response_date": [
        "July",
        "18",
        " 2017"
      ],
      "review": "Technical error kyo btane laga achanak kuch dino se Eske liye kya krna hoga \napp update bhi kr liya..",
      "review_date": [
        "July",
        "9",
        " 2018"
      ]
    },
    {
      "REQ_subtype": "",
      "REQ_type": "",
      "_id": 52,
      "author_id": "not defined",
      "author_name": "SUPRIYO CHATTERJEE",
      "helpful": "1",
      "polarity": "",
      "rate": 3,
      "response": "The inconvenience caused is regretted. It might be intermittent network issue. Please try again and still if you are facing the same issue, request you to provide your mobile no, device and service provider details on feedback.statebankanywhere@sbi.co.in. Please let us know your feedback. We will be happy to assist you.",
      "response_date": [
        "July",
        "10",
        " 2018"
      ],
      "review": "Thank you for updating with voice assist option, very useful but your \nsystem is not good everytimes it shows technical problem and try again later",
      "review_date": [
        "July",
        "10",
        " 2018"
      ]
    },
    {
      "REQ_subtype": "",
      "REQ_type": "",
      "_id": 53,
      "author_id": "not defined",
      "author_name": "amit raja Panigrahi",
      "helpful": "0",
      "polarity": "",
      "rate": 1,
      "response": "Dear Customer,\nThe inconvenience caused to you is deeply regretted. Try to clear data and clear cache. For better assistance please share the screen shot of technical error message received and also share your mobile no, device detail on feedback.statebankanywhere@sbi.co.in. We will be happy to assist you.",
      "response_date": [
        "July",
        "10",
        " 2018"
      ],
      "review": "This app is killing me; I cant login at all as everytime its saying \ntechnical error. Is this some kind of marketing? R u forcing us to download \nthat yono app ?",
      "review_date": [
        "July",
        "10",
        " 2018"
      ]
    },
    {
      "REQ_subtype": "",
      "REQ_type": "",
      "_id": 54,
      "author_id": "not defined",
      "author_name": "A Google user",
      "helpful": "1",
      "polarity": "",
      "rate": 2,
      "response": "",
      "response_date": "",
      "review": "It's very slow! Every time app showing loading loading and loading in 4G \nspeed! Better Internet Banking in Browser.",
      "review_date": [
        "July",
        "9",
        " 2018"
      ]
    },
    {
      "REQ_subtype": "",
      "REQ_type": "",
      "_id": 55,
      "author_id": "not defined",
      "author_name": "Somenath Ganguly",
      "helpful": "0",
      "polarity": "",
      "rate": 3,
      "response": "The inconvenience caused is regretted. It might be intermittent issue. Please try again and still if you are facing the same issue, request you to provide your mobile no, device and service provider details on feedback.statebankanywhere@sbi.co.in. Please let us know your feedback. We will be happy to assist you.",
      "response_date": [
        "July",
        "11",
        " 2018"
      ],
      "review": "Technical problem is always happening. The app is loading too slow despite \nof good network connectivity",
      "review_date": [
        "July",
        "11",
        " 2018"
      ]
    },
    {
      "REQ_subtype": "",
      "REQ_type": "",
      "_id": 56,
      "author_id": "not defined",
      "author_name": "Praneeth Godisela",
      "helpful": "0",
      "polarity": "",
      "rate": 1,
      "response": "Dear Customer,\nThe inconvenience caused to you is deeply regretted. For better assistance please share the screen shot of error message received while using our latest version 5.3.14 of SBI Anywhere Personal app and also share your mobile no, device detail on feedback.statebankanywhere@sbi.co.in. We will be happy to assist you.",
      "response_date": [
        "July",
        "11",
        " 2018"
      ],
      "review": "Waste app.... Always saying server is busy please try after sometime ... \nVery much disappointed with the SBI official app service which they are \nproviding...",
      "review_date": [
        "July",
        "11",
        " 2018"
      ]
    },
    {
      "REQ_subtype": "",
      "REQ_type": "",
      "_id": 57,
      "author_id": "not defined",
      "author_name": "anand singh",
      "helpful": "0",
      "polarity": "",
      "rate": 1,
      "response": "Dear Customer,\nWe regret the inconvenience caused to you. If you are facing the issues, for further investigation, please share us mobile device details, Android version details, error description and mobile number at feedback.statebankanywhere@sbi.co.in. We are happy to assist you.\n- SBI Mobility Team",
      "response_date": [
        "July",
        "12",
        " 2018"
      ],
      "review": "Bhai sbi walo kya ghatiya bana diye ho yaar app ko ek baar koi bhi kaam \nkarny main app sy aadha ghanta lag jata hai. Update karky app ki band baj \ngaye hai",
      "review_date": [
        "July",
        "11",
        " 2018"
      ]
    },
    {
      "REQ_subtype": "",
      "REQ_type": "",
      "_id": 58,
      "author_id": "not defined",
      "author_name": "Durgesh Pandey",
      "helpful": "0",
      "polarity": "",
      "rate": 1,
      "response": "",
      "response_date": "",
      "review": "Slow ho gga h Last update hone ke baad Sidhe start hone se pahle jo Sbi \npersonal kar ke jo aata h usse logo ko kafi pareshan hina pad raha h",
      "review_date": [
        "July",
        "7",
        " 2018"
      ]
    },
    {
      "REQ_subtype": "",
      "REQ_type": "",
      "_id": 59,
      "author_id": "not defined",
      "author_name": "shantilal chouhan",
      "helpful": "0",
      "polarity": "",
      "rate": 2,
      "response": "The inconvenience caused is regretted. It might be intermittent network issue. Please try again and still if you are facing the same issue, request you to provide your mobile no, device and service provider details on feedback.statebankanywhere@sbi.co.in. Please let us know your feedback. We will be happy to assist you.",
      "response_date": [
        "July",
        "12",
        " 2018"
      ],
      "review": "App open hi nahi hi raha hai 2 uninstall karke insall kiya fhir bhi havy \ntechnical issues bata raha hai mera kaam atak gaya .. 0 star ke layak bhi \nnahi hai aaj aubah se pareshan kar rakha hai..",
      "review_date": [
        "July",
        "12",
        " 2018"
      ]
    },
    {
      "REQ_subtype": "",
      "REQ_type": "",
      "_id": 60,
      "author_id": "not defined",
      "author_name": "patil ravindra",
      "helpful": "0",
      "polarity": "",
      "rate": 1,
      "response": "The inconvenience caused is regretted. It might be intermittent network issue. Please try again and still if you are facing the same issue, request you to provide your mobile no, device and service provider details on feedback.statebankanywhere@sbi.co.in. Please let us know your feedback. We will be happy to assist you.",
      "response_date": [
        "July",
        "12",
        " 2018"
      ],
      "review": "\u092f\u0939 \u0905\u0901\u092a \u092e\u094b\u092c\u093e\u0908\u0932 \u092e\u094b\u091f\u094b g4 \u092a\u094d\u0932\u0938 \u092e\u0927\u094d\u092f\u0947 \u091a\u093e\u0932\u0924 \u0928\u093e\u0939\u0940 \u092e\u093e\u0917\u0940\u0932 \u0924\u0940\u0928 \u0926\u093f\u0935\u0938 \u091d\u093e\u0932\u0947 \u092a\u0941\u0930\u093e\u0928\u0947 \u0905\u0901\u092a \n\u091a\u093e\u0932\u0924 \u0939\u094b\u0924\u0947 \u090f\u0930\u0930 you are having technical issue please try again later",
      "review_date": [
        "July",
        "11",
        " 2018"
      ]
    },
    {
      "REQ_subtype": "",
      "REQ_type": "",
      "_id": 61,
      "author_id": "not defined",
      "author_name": "Shailendra Verma",
      "helpful": "0",
      "polarity": "",
      "rate": 1,
      "response": "",
      "response_date": "",
      "review": "Worst app sbi is a big bank and the app is worst sbi needs to learn from \nother banks how to make app Not able to log in always say plz enter \nregistered mobile number",
      "review_date": [
        "July",
        "8",
        " 2018"
      ]
    },
    {
      "REQ_subtype": "",
      "REQ_type": "",
      "_id": 62,
      "author_id": "not defined",
      "author_name": "NAVIN PANDEY",
      "helpful": "0",
      "polarity": "",
      "rate": 3,
      "response": "",
      "response_date": "",
      "review": "Its very irriatating to use this app last few weeks always says not opening \nthe app due to some technical issues...please ensure and test the app \nbefore launching any updates or changes.. dont trouble customers",
      "review_date": [
        "July",
        "8",
        " 2018"
      ]
    },
    {
      "REQ_subtype": "",
      "REQ_type": "",
      "_id": 63,
      "author_id": "not defined",
      "author_name": "A Google user",
      "helpful": "0",
      "polarity": "",
      "rate": 3,
      "response": "Dear Customer,\nThe inconvenience caused to you is deeply regretted. Try to clear data and clear cache. For better assistance please share the screen shot of technical error message received and also share your mobile no, device detail on feedback.statebankanywhere@sbi.co.in. We will be happy to assist you.",
      "response_date": [
        "July",
        "10",
        " 2018"
      ],
      "review": "What is happening SBI? Since several days during the day the SBI app during \nopening showing msg that \"we are having technical issue, plz try later\" \nresulting problem to us for using app. When it will be solved?",
      "review_date": [
        "July",
        "10",
        " 2018"
      ]
    },
    {
      "REQ_subtype": "",
      "REQ_type": "",
      "_id": 64,
      "author_id": "not defined",
      "author_name": "Pratik Ranjan",
      "helpful": "0",
      "polarity": "",
      "rate": 2,
      "response": "The inconvenience caused is regretted. It might be intermittent network issue. Please try again and still if you are facing the same issue, request you to provide your mobile no, device and service provider details on feedback.statebankanywhere@sbi.co.in. Please let us know your feedback. We will be happy to assist you.",
      "response_date": [
        "July",
        "12",
        " 2018"
      ],
      "review": "This Version of app very often give technical error warning while opening \nand doesn't redirect to login page. Worst app , have to use Internet \nbanking at last.",
      "review_date": [
        "July",
        "12",
        " 2018"
      ]
    },
    {
      "REQ_subtype": "",
      "REQ_type": "",
      "_id": 65,
      "author_id": "not defined",
      "author_name": "Abhishek Kumar",
      "helpful": "0",
      "polarity": "",
      "rate": 1,
      "response": "",
      "response_date": "",
      "review": "worst App by SBI it always shows we are having some technical issue. \ud83d\ude02\ud83d\ude02\ud83d\ude02 \nbecause government employees are not working they are busy in personal work \nand relatives works. SBI employees means- Do nothing but look busy. if you \nagree hit the like button.\ud83d\udc4d",
      "review_date": [
        "July",
        "8",
        " 2018"
      ]
    },
    {
      "REQ_subtype": "",
      "REQ_type": "",
      "_id": 66,
      "author_id": "not defined",
      "author_name": "Ajit Vishwakarma",
      "helpful": "0",
      "polarity": "",
      "rate": 4,
      "response": "We apologize for the inconvenience caused to you and are working to resolve the issues. Thank you for your feedback.",
      "response_date": [
        "January",
        "25",
        " 2017"
      ],
      "review": "MBI (madharjaad bank of india) ....and fucing online services...cant book \nur tatkal ticket cause at the time of booking they laxda lahsun problem n \nall... take years to login..Gave 5 stars so that they show my comment...",
      "review_date": [
        "July",
        "7",
        " 2018"
      ]
    },
    {
      "REQ_subtype": "",
      "REQ_type": "",
      "_id": 67,
      "author_id": "not defined",
      "author_name": "MANAS RANJAN PARIDA",
      "helpful": "0",
      "polarity": "",
      "rate": 5,
      "response": "The inconvenience caused is regretted. It might be intermittent network issue. Please try again and still if you are facing the same issue, request you to provide your mobile no, device and service provider details on feedback.statebankanywhere@sbi.co.in. Please let us know your feedback. We will be happy to assist you.",
      "response_date": [
        "July",
        "11",
        " 2018"
      ],
      "review": "Whenever i m trying to login to the app its is showing a error message \nsaying there is some technical issues please try after sometime .. Please \nfix it soon.",
      "review_date": [
        "July",
        "10",
        " 2018"
      ]
    },
    {
      "REQ_subtype": "",
      "REQ_type": "",
      "_id": 68,
      "author_id": "not defined",
      "author_name": "sanjeev kumar",
      "helpful": "0",
      "polarity": "",
      "rate": 1,
      "response": "",
      "response_date": "",
      "review": "Useless, every time I try to login it gives as login failed in valid user \nid ,hell man u r providing on the msg the user id to register with and ur \nthis good for nothing app is denying it, improve ur services SBI ,,",
      "review_date": [
        "July",
        "7",
        " 2018"
      ]
    },
    {
      "REQ_subtype": "",
      "REQ_type": "",
      "_id": 69,
      "author_id": "not defined",
      "author_name": "Shraddhanand Kore",
      "helpful": "0",
      "polarity": "",
      "rate": 1,
      "response": "The inconvenience caused is regretted. It might be intermittent network issue. Please try again and still if you are facing the same issue, request you to provide your mobile no, device and service provider details on feedback.statebankanywhere@sbi.co.in. Please let us know your feedback. We will be happy to assist you.",
      "response_date": [
        "July",
        "11",
        " 2018"
      ],
      "review": "Useless app...everytime shows the the window of facing technical issue hard \nto believe so called bank of largest Indians providing such pathetic service",
      "review_date": [
        "July",
        "10",
        " 2018"
      ]
    },
    {
      "REQ_subtype": "",
      "REQ_type": "",
      "_id": 70,
      "author_id": "not defined",
      "author_name": "Snehal Chevli",
      "helpful": "0",
      "polarity": "",
      "rate": 3,
      "response": "",
      "response_date": "",
      "review": "M passbook is taking more useless space in bank logo and previous Next \nIcon, make full Screen in passbook with big fount and numbers. Thankyou",
      "review_date": [
        "July",
        "10",
        " 2018"
      ]
    },
    {
      "REQ_subtype": "",
      "REQ_type": "",
      "_id": 71,
      "author_id": "not defined",
      "author_name": "Eswar Jonnagadla",
      "helpful": "0",
      "polarity": "",
      "rate": 2,
      "response": "The inconvenience caused is regretted. It might be intermittent network issue. Please try again and still if you are facing the same issue, request you to provide your mobile no, device and service provider details on feedback.statebankanywhere@sbi.co.in. Please let us know your feedback. We will be happy to assist you.",
      "response_date": [
        "July",
        "10",
        " 2018"
      ],
      "review": "India filled with Younger generation but SBI filled with senior citizens, \nnot performing up to expectations, so many times problems and technical \nissues. India'sational Bank, but in view of service it's Not perfect.",
      "review_date": [
        "July",
        "10",
        " 2018"
      ]
    },
    {
      "REQ_subtype": "",
      "REQ_type": "",
      "_id": 72,
      "author_id": "not defined",
      "author_name": "santosh kumar",
      "helpful": "1",
      "polarity": "",
      "rate": 1,
      "response": "Dear Customer,\nThe inconvenience caused to you is deeply regretted. Try to clear data and clear cache. For better assistance please share the screen shot of technical error message received and also share your mobile no, device detail on feedback.statebankanywhere@sbi.co.in. We will be happy to assist you.",
      "response_date": [
        "July",
        "7",
        " 2018"
      ],
      "review": "Every time I try to open it shows we have a technical issue please try \nafter some time",
      "review_date": [
        "July",
        "7",
        " 2018"
      ]
    },
    {
      "REQ_subtype": "",
      "REQ_type": "",
      "_id": 73,
      "author_id": "not defined",
      "author_name": "Louanne Dias",
      "helpful": "0",
      "polarity": "",
      "rate": 1,
      "response": "The inconvenience caused is regretted. It might be intermittent network issue. Please try again and still if you are facing the same issue, request you to provide your mobile no, device and service provider details on feedback.statebankanywhere@sbi.co.in. Please let us know your feedback. We will be happy to assist you.",
      "response_date": [
        "July",
        "12",
        " 2018"
      ],
      "review": "It's absolutely terrible! Its been over a week now, everytime I open the \napp it says 'technical error'. How many bad reviews is it going to take to \nfix this?",
      "review_date": [
        "July",
        "12",
        " 2018"
      ]
    },
    {
      "REQ_subtype": "",
      "REQ_type": "",
      "_id": 74,
      "author_id": "not defined",
      "author_name": "Iravatheeswaran Eswaran",
      "helpful": "0",
      "polarity": "",
      "rate": 3,
      "response": "The inconvenience caused is regretted. It might be intermittent network issue. Please try again and still if you are facing the same issue, request you to provide your mobile no, device and service provider details on feedback.statebankanywhere@sbi.co.in. We will try to include your suggestion in future updates.",
      "response_date": [
        "July",
        "12",
        " 2018"
      ],
      "review": "Please Fix many bugs on the application while try to login it shows \ntechnical issue.And change the interface like ICICI bank which makes good \nlook.",
      "review_date": [
        "July",
        "11",
        " 2018"
      ]
    },
    {
      "REQ_subtype": "",
      "REQ_type": "",
      "_id": 75,
      "author_id": "not defined",
      "author_name": "Abdul Rasheed",
      "helpful": "0",
      "polarity": "",
      "rate": 5,
      "response": "",
      "response_date": "",
      "review": "Dear SBI I am using Samsung S7 Edge model with android version of 8.0. \nRecently I feel this app is very slow while login and unable to open login \npage, if open i cannot use other netbanking facilities.",
      "review_date": [
        "July",
        "9",
        " 2018"
      ]
    },
    {
      "REQ_subtype": "",
      "REQ_type": "",
      "_id": 76,
      "author_id": "not defined",
      "author_name": "GAURAV SINGH",
      "helpful": "0",
      "polarity": "",
      "rate": 1,
      "response": "We regret the inconveniences caused to you. Please check if you are using customise keypad or any third party keypad application. Try once with default keypad. If same issue is persists, share your register mobile number, device details and exact login error details on feedback.statebankanywhere@sbi.co.in. We will be happy to assist you.",
      "response_date": [
        "July",
        "12",
        " 2018"
      ],
      "review": "App seems worst because it doesn't respond to any keyboard (g board or \nSwiftKey keyboard ) also the cursor won't appear on the required fields . \nPlease fix these issues.",
      "review_date": [
        "July",
        "12",
        " 2018"
      ]
    },
    {
      "REQ_subtype": "",
      "REQ_type": "",
      "_id": 77,
      "author_id": "not defined",
      "author_name": "Matkham Kakho",
      "helpful": "0",
      "polarity": "",
      "rate": 1,
      "response": "Dear Customer,\nWe regret the inconvenience caused to you. Please provide us transaction Ref number, amount and date of transaction on email id-mb.support@sbi.co.in. We will process refund of this transaction as fast as possible.\n- SBI Mobility Team",
      "response_date": [
        "July",
        "12",
        " 2018"
      ],
      "review": "Nonsense apps,\ud83d\ude21 hum yeh apps se 7/07/2018 ko mera Tata sky ke liye 600 \nhundred ka recharge kiya tha, par recharge toh hua nehi, Lekin, ye apps ne \nMera account se 600 rupees debit kar diya...",
      "review_date": [
        "July",
        "12",
        " 2018"
      ]
    },
    {
      "REQ_subtype": "",
      "REQ_type": "",
      "_id": 78,
      "author_id": "not defined",
      "author_name": "Parikxit Gogoi",
      "helpful": "0",
      "polarity": "",
      "rate": 1,
      "response": "The inconvenience caused to you is deeply regretted. It might be intermittent issue. For better assistance pls share your mobile no, device detail and service provider detail on feedback.statebankanywhere@sbi.co.in. Try to clear data and clear cache. Restart your android device again and let us know your feedback. We will be happy to assist you.",
      "response_date": [
        "July",
        "12",
        " 2018"
      ],
      "review": "Dont knw wat is wrng with sbi .cant evn open the app ones it juz kips on \nloading total waste of tym. axis and icici app is far more bettr. And the \nsbi team doesn't reply to the low raters they just thanks d high raters.",
      "review_date": [
        "July",
        "11",
        " 2018"
      ]
    },
    {
      "REQ_subtype": "",
      "REQ_type": "",
      "_id": 79,
      "author_id": "not defined",
      "author_name": "Jitendra Arsud",
      "helpful": "0",
      "polarity": "",
      "rate": 1,
      "response": "",
      "response_date": "",
      "review": "Totally hopeless updates. Last two updates are very disgusting.facing \"we \nhave technical issue\" problem on every login. Can't login, are private \nbanko se kuchh to sikho, kab sudhroge?",
      "review_date": [
        "July",
        "8",
        " 2018"
      ]
    },
    {
      "REQ_subtype": "",
      "REQ_type": "",
      "_id": 80,
      "author_id": "not defined",
      "author_name": "Bharath B",
      "helpful": "0",
      "polarity": "",
      "rate": 1,
      "response": "The inconvenience caused is regretted. It might be intermittent network issue. Please try again and still if you are facing the same issue, request you to provide your mobile no, device and service provider details on feedback.statebankanywhere@sbi.co.in. Please let us know your feedback. We will be happy to assist you.",
      "response_date": [
        "July",
        "11",
        " 2018"
      ],
      "review": "After updating this app, Every time I try to open this app It shows a \npop-up saying \"we are having a technical issue please try later\" fix this.",
      "review_date": [
        "July",
        "11",
        " 2018"
      ]
    },
    {
      "REQ_subtype": "",
      "REQ_type": "",
      "_id": 81,
      "author_id": "not defined",
      "author_name": "Durga teja G",
      "helpful": "0",
      "polarity": "",
      "rate": 4,
      "response": "",
      "response_date": "",
      "review": "The latest update is worst . Auto fill service not working in OREO. SO. \neach time I need to manually enter username and password Resolve this issue",
      "review_date": [
        "July",
        "8",
        " 2018"
      ]
    },
    {
      "REQ_subtype": "",
      "REQ_type": "",
      "_id": 82,
      "author_id": "not defined",
      "author_name": "Abdul Rasheed",
      "helpful": "0",
      "polarity": "",
      "rate": 1,
      "response": "The inconvenience caused is regretted. It might be intermittent network issue. Please try again and still if you are facing the same issue, request you to provide your mobile no, device and service provider details on feedback.statebankanywhere@sbi.co.in. Please let us know your feedback. We will be happy to assist you.",
      "response_date": [
        "July",
        "11",
        " 2018"
      ],
      "review": "After its updated version, never able to open the app. Every time whenever \nI want to open, it says \"technical problem\". Please fix it dear developer \nor introduce old version.",
      "review_date": [
        "July",
        "11",
        " 2018"
      ]
    },
    {
      "REQ_subtype": "",
      "REQ_type": "",
      "_id": 83,
      "author_id": "not defined",
      "author_name": "Vikram Gupta",
      "helpful": "0",
      "polarity": "",
      "rate": 1,
      "response": "The inconvenience caused is regretted. It might be intermittent network issue. Please try again and still if you are facing the same issue, request you to provide your mobile no, device and service provider details on feedback.statebankanywhere@sbi.co.in. Please let us know your feedback. We will be happy to assist you.",
      "response_date": [
        "July",
        "12",
        " 2018"
      ],
      "review": "Not able to access since last update....pop up says \"we are having \ntechnical issues. Please try again later.\" Not working at all even after \nuninstalling ang reinstalling!!",
      "review_date": [
        "July",
        "12",
        " 2018"
      ]
    },
    {
      "REQ_subtype": "",
      "REQ_type": "",
      "_id": 84,
      "author_id": "not defined",
      "author_name": "Sudhanshu Mishra",
      "helpful": "0",
      "polarity": "",
      "rate": 2,
      "response": "The inconvenience caused is regretted. It might be intermittent network issue. Please try again and still if you are facing the same issue, request you to provide your mobile no, device and service provider details on feedback.statebankanywhere@sbi.co.in. Please let us know your feedback. We will be happy to assist you.",
      "response_date": [
        "July",
        "10",
        " 2018"
      ],
      "review": "There is an issue of login and logout . I tried many times but this issue \nis not resolved.. Please resolve this bug, new update is totally disgusting",
      "review_date": [
        "July",
        "10",
        " 2018"
      ]
    },
    {
      "REQ_subtype": "",
      "REQ_type": "",
      "_id": 85,
      "author_id": "not defined",
      "author_name": "Satish Yadav",
      "helpful": "0",
      "polarity": "",
      "rate": 3,
      "response": "The inconvenience caused is regretted. It might be intermittent network issue. Please try again and still if you are facing the same issue, request you to provide your mobile no, device and service provider details on feedback.statebankanywhere@sbi.co.in. Please let us know your feedback. We will be happy to assist you.",
      "response_date": [
        "July",
        "12",
        " 2018"
      ],
      "review": "After latest update it becomes wrost app. Every time it says we having some \ntechnology issues, please try after some time.? What's the reason behind \nthis, I don't know and doesn't wants to know...!!!",
      "review_date": [
        "July",
        "11",
        " 2018"
      ]
    },
    {
      "REQ_subtype": "",
      "REQ_type": "",
      "_id": 86,
      "author_id": "not defined",
      "author_name": "Pankaj Kushwaha",
      "helpful": "0",
      "polarity": "",
      "rate": 1,
      "response": "The inconvenience caused is regretted. It might be intermittent network issue. Please try again and still if you are facing the same issue, request you to provide your mobile no, device and service provider details on feedback.statebankanywhere@sbi.co.in. Please let us know your feedback. We will be happy to assist you.",
      "response_date": [
        "July",
        "12",
        " 2018"
      ],
      "review": "Lagta hai SBI Free ka developer rakha hai tabhi har update me kuch na kuch \nbug rah jata hai. Last update me technical issue aa rha hai.",
      "review_date": [
        "July",
        "12",
        " 2018"
      ]
    },
    {
      "REQ_subtype": "",
      "REQ_type": "",
      "_id": 87,
      "author_id": "not defined",
      "author_name": "Nitish Biswas",
      "helpful": "0",
      "polarity": "",
      "rate": 2,
      "response": "",
      "response_date": "",
      "review": "On 08-07-18, I have tried to recharge UTS but failed 02 times, though a/c \ndebited twice each of Us.102/-.Till now no reflection in sb account yet.",
      "review_date": [
        "July",
        "12",
        " 2018"
      ]
    },
    {
      "REQ_subtype": "",
      "REQ_type": "",
      "_id": 88,
      "author_id": "not defined",
      "author_name": "Rajesh Kumar",
      "helpful": "0",
      "polarity": "",
      "rate": 5,
      "response": "",
      "response_date": "",
      "review": "Very impressive design and very easy to use...I am honestly want to say \nthat SBI is the best bank in India by all means..........It's products can \nprove that......Dear Developer we are awaiting fingerprint facility in next \nupdate...",
      "review_date": [
        "July",
        "8",
        " 2018"
      ]
    },
    {
      "REQ_subtype": "",
      "REQ_type": "",
      "_id": 89,
      "author_id": "not defined",
      "author_name": "A Google user",
      "helpful": "0",
      "polarity": "",
      "rate": 1,
      "response": "The inconvenience caused is regretted. It might be intermittent network issue. Please try again and still if you are facing the same issue, request you to provide your mobile no, device and service provider details on feedback.statebankanywhere@sbi.co.in. Please let us know your feedback. We will be happy to assist you.",
      "response_date": [
        "July",
        "11",
        " 2018"
      ],
      "review": "MANY TIMES IT SHOWING \"WE ARE HAVING TECHNICAL ISSUE PLEASE TRY AGAIN \nLATER\" THIS APP ONLY WORKS 2-3 TIMES PER DAY",
      "review_date": [
        "July",
        "11",
        " 2018"
      ]
    },
    {
      "REQ_subtype": "",
      "REQ_type": "",
      "_id": 90,
      "author_id": "not defined",
      "author_name": "Gautham Ashok",
      "helpful": "0",
      "polarity": "",
      "rate": 1,
      "response": "The inconvenience caused is regretted. It might be intermittent network issue. Please try again and still if you are facing the same issue, request you to provide your mobile no, device and service provider details on feedback.statebankanywhere@sbi.co.in. Please let us know your feedback. We will be happy to assist you.",
      "response_date": [
        "July",
        "11",
        " 2018"
      ],
      "review": "Last 2 updates totally sucks! It's taking 2 mins to login into mobile \nbanking and at the point of fund transfer 'technical issue' flashes. \nTotally sucks!",
      "review_date": [
        "July",
        "11",
        " 2018"
      ]
    },
    {
      "REQ_subtype": "",
      "REQ_type": "",
      "_id": 91,
      "author_id": "not defined",
      "author_name": "Lalmuankima Renthlei",
      "helpful": "0",
      "polarity": "",
      "rate": 3,
      "response": "",
      "response_date": "",
      "review": "It has been weeks, whenever i open this app, it shows 'We are having \ntechnical issue' and then the app closes by itself. When will this be fixed?",
      "review_date": [
        "July",
        "7",
        " 2018"
      ]
    },
    {
      "REQ_subtype": "",
      "REQ_type": "",
      "_id": 92,
      "author_id": "not defined",
      "author_name": "Saikat Sarkar",
      "helpful": "0",
      "polarity": "",
      "rate": 1,
      "response": "The inconvenience caused is regretted. It might be intermittent network issue. Please try again and still if you are facing the same issue, request you to provide your mobile no, device and service provider details on feedback.statebankanywhere@sbi.co.in. Please let us know your feedback. We will be happy to assist you.",
      "response_date": [
        "July",
        "11",
        " 2018"
      ],
      "review": "For last 15 days I can't open this apps. Every time its state 'technical \nissues'. Team SBI should do something for its customers.",
      "review_date": [
        "July",
        "11",
        " 2018"
      ]
    },
    {
      "REQ_subtype": "",
      "REQ_type": "",
      "_id": 93,
      "author_id": "not defined",
      "author_name": "Pravin Patil",
      "helpful": "0",
      "polarity": "",
      "rate": 3,
      "response": "",
      "response_date": "",
      "review": "SBI fund transfer is difficult ,it is asking profile password.why not done \nOTP instead of profile password.now how many password user can store in \nmemory..",
      "review_date": [
        "July",
        "8",
        " 2018"
      ]
    },
    {
      "REQ_subtype": "",
      "REQ_type": "",
      "_id": 94,
      "author_id": "not defined",
      "author_name": "Santu Santhosh",
      "helpful": "0",
      "polarity": "",
      "rate": 2,
      "response": "",
      "response_date": "",
      "review": "After the recent update the app is not at all opening. From that time it is \nshowing \"we are having technical issues try after sometime\" message.",
      "review_date": [
        "July",
        "10",
        " 2018"
      ]
    },
    {
      "REQ_subtype": "",
      "REQ_type": "",
      "_id": 95,
      "author_id": "not defined",
      "author_name": "Ims Grang",
      "helpful": "0",
      "polarity": "",
      "rate": 1,
      "response": "The inconvenience caused to you is deeply regretted. Try to clear data and clear cache. Please make sure that the device is connected to internet. Share your mobile no, device detail and service provider detail on feedback.statebankanywhere@sbi.co.in. Restart your android device again and let us know your feedback. We will be happy to assist you.",
      "response_date": [
        "July",
        "12",
        " 2018"
      ],
      "review": "Not working properly... Take too much time to open login screen.. Very very \nslow/ poor performance Totally wastage of time. I HATE IT...",
      "review_date": [
        "July",
        "11",
        " 2018"
      ]
    },
    {
      "REQ_subtype": "",
      "REQ_type": "",
      "_id": 96,
      "author_id": "not defined",
      "author_name": "Sohail Khan",
      "helpful": "0",
      "polarity": "",
      "rate": 1,
      "response": "The inconvenience caused is regretted. It might be intermittent network issue. Please try again and still if you are facing the same issue, request you to provide your mobile no, device and service provider details on feedback.statebankanywhere@sbi.co.in. Please let us know your feedback. We will be happy to assist you.",
      "response_date": [
        "July",
        "11",
        " 2018"
      ],
      "review": "I don't know why these days this app is showing 'we are having some \ntechnical issue.try it later'.Don't understand what is the problem with the \nnew update.",
      "review_date": [
        "July",
        "9",
        " 2018"
      ]
    },
    {
      "REQ_subtype": "",
      "REQ_type": "",
      "_id": 97,
      "author_id": "not defined",
      "author_name": "Atul Rokade",
      "helpful": "0",
      "polarity": "",
      "rate": 1,
      "response": "",
      "response_date": "",
      "review": "After first login successfully, Now it is showing technical issue pls try \nagain later why so??? Pls fix this issue as soon as",
      "review_date": [
        "July",
        "8",
        " 2018"
      ]
    },
    {
      "REQ_subtype": "",
      "REQ_type": "",
      "_id": 98,
      "author_id": "not defined",
      "author_name": "Udit Falor",
      "helpful": "0",
      "polarity": "",
      "rate": 1,
      "response": "The inconvenience caused to you is deeply regretted. Try to clear data and clear cache. Please make sure that the device is connected to internet. Share your mobile no, device detail and service provider detail on feedback.statebankanywhere@sbi.co.in. Restart your android device again and let us know your feedback. We will be happy to assist you.",
      "response_date": [
        "July",
        "10",
        " 2018"
      ],
      "review": "App is not working from last 10-15 days. after updating also app is not \nworking..only the home screen comes and the apl does not move after that \nstep.. frustrating app",
      "review_date": [
        "July",
        "10",
        " 2018"
      ]
    },
    {
      "REQ_subtype": "",
      "REQ_type": "",
      "_id": 99,
      "author_id": "not defined",
      "author_name": "aditya shekhar",
      "helpful": "0",
      "polarity": "",
      "rate": 1,
      "response": "We regret the inconvenience caused to you. We have upgraded the services of app. Please download the latest version 5.3.13 of SBI Anywhere Personal from Google Playstore. If you are still facing the issues kindly reply back at feedback.statebankanywhere@sbi.co.in with error details. We are happy to assist you.",
      "response_date": [
        "March",
        "22",
        " 2018"
      ],
      "review": "Most of the times it shows \"we're facing a technical issue\". This happens \nwhen you don't pay good salary to your technical department. \ud83d\ude02",
      "review_date": [
        "July",
        "8",
        " 2018"
      ]
    },
    {
      "REQ_subtype": "",
      "REQ_type": "",
      "_id": 100,
      "author_id": "not defined",
      "author_name": "bhanu maipali",
      "helpful": "0",
      "polarity": "",
      "rate": 1,
      "response": "",
      "response_date": "",
      "review": "Every time open the app...we have some technical issue ....it's \nirritate...plz resolve it....regular sbi holder also not satisfied my \nmobile j7 pro....wat happen can I expect reply",
      "review_date": [
        "July",
        "9",
        " 2018"
      ]
    },
    {
      "REQ_subtype": "",
      "REQ_type": "",
      "_id": 101,
      "author_id": "not defined",
      "author_name": "Sandeep Kumar",
      "helpful": "0",
      "polarity": "",
      "rate": 1,
      "response": "",
      "response_date": "",
      "review": "The last three updates is very irritating because fund transfer to other \nthan SBI accounts always technical issue.",
      "review_date": [
        "July",
        "9",
        " 2018"
      ]
    },
    {
      "REQ_subtype": "",
      "REQ_type": "",
      "_id": 102,
      "author_id": "not defined",
      "author_name": "Vikas Mishra",
      "helpful": "0",
      "polarity": "",
      "rate": 1,
      "response": "",
      "response_date": "",
      "review": "In xperia xa1 the app in not running keypads are not coming out and touch \npanel of this app is also not good...... The same problem persist in xperia \nr1+ solve this issue.....",
      "review_date": [
        "July",
        "12",
        " 2018"
      ]
    },
    {
      "REQ_subtype": "",
      "REQ_type": "",
      "_id": 103,
      "author_id": "not defined",
      "author_name": "Raju Brahma",
      "helpful": "0",
      "polarity": "",
      "rate": 2,
      "response": "",
      "response_date": "",
      "review": "The latest updates is very annoying, I can't even login to it and it says \ntechnical issues....please fix this soon.",
      "review_date": [
        "July",
        "8",
        " 2018"
      ]
    },
    {
      "REQ_subtype": "",
      "REQ_type": "",
      "_id": 104,
      "author_id": "not defined",
      "author_name": "A Google user",
      "helpful": "0",
      "polarity": "",
      "rate": 1,
      "response": "",
      "response_date": "",
      "review": "The latest version is unusable, I've tested it on different all Android \nversion but fails to load, this version has to be replaced immediately..!",
      "review_date": [
        "July",
        "8",
        " 2018"
      ]
    },
    {
      "REQ_subtype": "",
      "REQ_type": "",
      "_id": 105,
      "author_id": "not defined",
      "author_name": "Billion Lairenlakpam",
      "helpful": "0",
      "polarity": "",
      "rate": 1,
      "response": "",
      "response_date": "",
      "review": "I'm unable to log in due to the recent updates. Giving 1 star just to \ncomment, do not deserve otherwise",
      "review_date": [
        "July",
        "8",
        " 2018"
      ]
    },
    {
      "REQ_subtype": "",
      "REQ_type": "",
      "_id": 106,
      "author_id": "not defined",
      "author_name": "Magesh Murugan",
      "helpful": "0",
      "polarity": "",
      "rate": 4,
      "response": "",
      "response_date": "",
      "review": "Gives me an error saying my device appears to be rooted where as it's a new \ndevice and has the default version of Android. Fix it SBI",
      "review_date": [
        "July",
        "7",
        " 2018"
      ]
    },
    {
      "REQ_subtype": "",
      "REQ_type": "",
      "_id": 107,
      "author_id": "not defined",
      "author_name": "A Google user",
      "helpful": "0",
      "polarity": "",
      "rate": 1,
      "response": "",
      "response_date": "",
      "review": "This app is very slow after last update, it takes lot of time to load and \nthen log in. Very bad update.",
      "review_date": [
        "July",
        "10",
        " 2018"
      ]
    },
    {
      "REQ_subtype": "",
      "REQ_type": "",
      "_id": 108,
      "author_id": "not defined",
      "author_name": "RAUSHAN JHA",
      "helpful": "0",
      "polarity": "",
      "rate": 2,
      "response": "The inconvenience caused is regretted. It might be intermittent network issue. Please try again and still if you are facing the same issue, request you to provide your mobile no, device and service provider details on feedback.statebankanywhere@sbi.co.in. Please let us know your feedback. We will be happy to assist you.",
      "response_date": [
        "July",
        "12",
        " 2018"
      ],
      "review": "Previous some days,I observed that when i open app i saw on screen\"we have \ntechnical issue please try later\"",
      "review_date": [
        "July",
        "11",
        " 2018"
      ]
    },
    {
      "REQ_subtype": "",
      "REQ_type": "",
      "_id": 109,
      "author_id": "not defined",
      "author_name": "Manish Gupta",
      "helpful": "0",
      "polarity": "",
      "rate": 1,
      "response": "The inconvenience caused is regretted. It might be intermittent network issue. Please try again and still if you are facing the same issue, request you to provide your mobile no, device and service provider details on feedback.statebankanywhere@sbi.co.in. Please let us know your feedback. We will be happy to assist you.",
      "response_date": [
        "July",
        "11",
        " 2018"
      ],
      "review": "AJ pura din technical issue hai... Update hua aur technical issue Suru ho \ngeya. Ajib ho aplog.. govt . Bank esey hota hai",
      "review_date": [
        "July",
        "9",
        " 2018"
      ]
    },
    {
      "REQ_subtype": "",
      "REQ_type": "",
      "_id": 110,
      "author_id": "not defined",
      "author_name": "Raj kumar",
      "helpful": "2",
      "polarity": "",
      "rate": 1,
      "response": "The inconvenience caused is regretted. It might be intermittent network issue. Please try again and still if you are facing the same issue, request you to provide your mobile no, device and service provider details on feedback.statebankanywhere@sbi.co.in. Please let us know your feedback. We will be happy to assist you.",
      "response_date": [
        "July",
        "11",
        " 2018"
      ],
      "review": "Most of the time it was showing Technical issue kindly try again later..",
      "review_date": [
        "July",
        "11",
        " 2018"
      ]
    },
    {
      "REQ_subtype": "",
      "REQ_type": "",
      "_id": 111,
      "author_id": "not defined",
      "author_name": "Nijil Nirmal",
      "helpful": "0",
      "polarity": "",
      "rate": 4,
      "response": "The inconvenience caused to you is deeply regretted. Try to clear data and clear cache. Download the latest version 5.3.8 of SBI Anywhere Personal app. Still if issue is persists please share the detail of login error message received and also share your mobile no, device detail on mb.support@sbi.co.in. We will be happy to assist you.",
      "response_date": [
        "September",
        "15",
        " 2017"
      ],
      "review": "*Update* Rating changed from 1 to 4. Everything's working as intended. What \na waste. Not able to login, even the website is useless now.",
      "review_date": [
        "July",
        "8",
        " 2018"
      ]
    },
    {
      "REQ_subtype": "",
      "REQ_type": "",
      "_id": 112,
      "author_id": "not defined",
      "author_name": "Subha Pratik Satapathy",
      "helpful": "0",
      "polarity": "",
      "rate": 1,
      "response": "Dear Customer,\nWe sincerely thank you for your feedback. We will include this feature in coming releases.\nThanks",
      "response_date": [
        "November",
        "25",
        " 2017"
      ],
      "review": "I paid my fees using SBI collect, the payment was successful. Payment \nmethod I selected was UPI in the end and now it prompts no such \ntransactionss in SBI collect transactions history. I can't generate any \nreceipt thus.",
      "review_date": [
        "July",
        "7",
        " 2018"
      ]
    },
    {
      "REQ_subtype": "",
      "REQ_type": "",
      "_id": 113,
      "author_id": "not defined",
      "author_name": "Pardeep Kumar",
      "helpful": "0",
      "polarity": "",
      "rate": 1,
      "response": "",
      "response_date": "",
      "review": "Latest update is veryyyyyyyyyyyyyyyyyyyyyyyyyyyyyyyyyyyyyyyyyyyy \nbaddddddddddddddddddddddddd update hone ke bad to chal bhi nahi raha h \ntechnical issue error",
      "review_date": [
        "July",
        "8",
        " 2018"
      ]
    },
    {
      "REQ_subtype": "",
      "REQ_type": "",
      "_id": 114,
      "author_id": "not defined",
      "author_name": "shiva shankar",
      "helpful": "0",
      "polarity": "",
      "rate": 1,
      "response": "",
      "response_date": "",
      "review": "new update was somuch of irritating pls clear the problem as soon. its \nshowing like Some technical issues",
      "review_date": [
        "July",
        "9",
        " 2018"
      ]
    },
    {
      "REQ_subtype": "",
      "REQ_type": "",
      "_id": 115,
      "author_id": "not defined",
      "author_name": "A Google user",
      "helpful": "0",
      "polarity": "",
      "rate": 2,
      "response": "The inconvenience caused is regretted. It might be intermittent network issue. Please try again and still if you are facing the same issue, request you to provide your mobile no, device and service provider details on feedback.statebankanywhere@sbi.co.in. Please let us know your feedback. We will be happy to assist you.",
      "response_date": [
        "July",
        "10",
        " 2018"
      ],
      "review": "Every time I open this app it is showing we have some technical issues...wt \nis this , this app is not good as before",
      "review_date": [
        "July",
        "10",
        " 2018"
      ]
    },
    {
      "REQ_subtype": "",
      "REQ_type": "",
      "_id": 116,
      "author_id": "not defined",
      "author_name": "Technical Harigyan Singh",
      "helpful": "0",
      "polarity": "",
      "rate": 5,
      "response": "Dear Customer,\nWe thank you for your interest in SBI Anywhere Personal app. We will try to include your suggestion in future updates.",
      "response_date": [
        "March",
        "16",
        " 2018"
      ],
      "review": "Update karne ke baad open hi nahi ho raha h technical issue show ho raha h \nhar baar",
      "review_date": [
        "July",
        "8",
        " 2018"
      ]
    },
    {
      "REQ_subtype": "",
      "REQ_type": "",
      "_id": 117,
      "author_id": "not defined",
      "author_name": "Sanjay Paul",
      "helpful": "0",
      "polarity": "",
      "rate": 5,
      "response": "",
      "response_date": "",
      "review": "M pass book is not open when we open m pass book it says unable to process \nyour request at this time please try again later please solve this my \nproblem!!!!!!",
      "review_date": [
        "July",
        "8",
        " 2018"
      ]
    },
    {
      "REQ_subtype": "",
      "REQ_type": "",
      "_id": 118,
      "author_id": "not defined",
      "author_name": "Akashdip Baraiya",
      "helpful": "0",
      "polarity": "",
      "rate": 1,
      "response": "Your inconvenience is regretted. Download the latest version 5.3.4 of SB anywhere personal app.\nFor better assistance please share your mobile no and account no detail on feedback.statebankanywhere@sbi.co.in.\nWe will be happy to assist you.",
      "response_date": [
        "May",
        "29",
        " 2017"
      ],
      "review": "It's having a lot of login issues.. Always popping technical issues \nmessage. Not reliable when u r in urgent need...",
      "review_date": [
        "July",
        "12",
        " 2018"
      ]
    },
    {
      "REQ_subtype": "",
      "REQ_type": "",
      "_id": 119,
      "author_id": "not defined",
      "author_name": "Ayush Kaushik",
      "helpful": "0",
      "polarity": "",
      "rate": 1,
      "response": "",
      "response_date": "",
      "review": "Unable to open after new update it says we are having Technical issue \nplease try again later",
      "review_date": [
        "July",
        "7",
        " 2018"
      ]
    }
  ],
  "size": "33",
  "url": "https://play.google.com/store/apps/details?id=com.sbi.SBIFreedomPlus",
  "version": "5.3.14"
}