{
  "categories": [
    "Health & Fitness"
  ],
  "description": "Please leave a comment or rating! :)Sit back. Relax. Add some calming ambiance to your surroundings with White Noise - Rainy Day, a white noise generator for your Android device.Fall asleep more easily and enhance your music with White Noise - Rainy Day today! Enjoy the longest and highest quality ambient noise the Play Store has to offer!Features:-New in this release, a sleep timer!!-Classic Rainy Day sound, the highest quality and longest rain sound loop on the Play Store! -Premium quality white, brown, and pink noise sounds!-Seamless, high quality, Pure Rain loop!-7 more premium quality sound loops available! (Misting Rain, Distant Thunderstorm, Ocean Thunderstorm, Forest Thunderstorm, Light Rain And Thunder, Blizzard, and Crackling Fire!)-Built in customizable backgrounds and beautiful, Holo style user interface!-Rainy Day continues to play in the background even if you leave the app, allowing you to use your phone while you enjoy the soothing background noise!",
  "inc": "Huge Prestige",
  "intalled_count": "100,000",
  "last_update": [
    "May",
    "20",
    " 2014"
  ],
  "name": "White Noise - Rainy Day",
  "offered_by": "Google Commerce Ltd",
  "permissions": {
    "Other": [
      "view network connections",
      "full network access",
      "set an alarm",
      "view network connections",
      "full network access"
    ]
  },
  "price": "",
  "rate": [
    [
      "1,327",
      "3.9"
    ],
    [
      "676",
      "5"
    ],
    [
      "272",
      "4"
    ],
    [
      "146",
      "3"
    ],
    [
      "96",
      "2"
    ],
    [
      "137",
      "1"
    ]
  ],
  "required_android": "Varies with",
  "reviews": [
    {
      "REQ_subtype": "",
      "REQ_type": "",
      "_id": 0,
      "author_id": "not defined",
      "author_name": "Don Carr",
      "helpful": "0",
      "polarity": "",
      "rate": 4,
      "response": "",
      "response_date": "",
      "review": "Try setting with the keyboard. Won't actually set to the keyed in value unless you hit the up or down button away and then back. Some hopefully easy coding fix! Otherwise fine. I really would like to be able to hide the list of sounds, and maybe even add chromecast support, so it could be displayed on the TV. The sounds are great for sleeping, but I imagine they could be nice for just making a masking noise at home sometimes, esp in apartments.",
      "review_date": [
        "June",
        "22",
        " 2014"
      ]
    },
    {
      "REQ_subtype": "",
      "REQ_type": "",
      "_id": 1,
      "author_id": "not defined",
      "author_name": "Jessica Villegas",
      "helpful": "15",
      "polarity": "",
      "rate": 3,
      "response": "",
      "response_date": "",
      "review": "Really, this app has (or had) great potential. It was better when you could change the beautiful backgrounds and the music just looped until you stopped it. I purchased the other sounds, but somehow they didn't even show up?! The transactions were confirmed! Please respond. The extra sounds you should Not have to pay for. I really loved this app! Please fix or at least unlock the remaining songs you have to pay for!! Then it would be the best white noise app.",
      "review_date": [
        "December",
        "28",
        " 2014"
      ]
    },
    {
      "REQ_subtype": "",
      "REQ_type": "",
      "_id": 2,
      "author_id": "not defined",
      "author_name": "D681 ZVJ",
      "helpful": "8",
      "polarity": "",
      "rate": 4,
      "response": "",
      "response_date": "",
      "review": "Hell, I think it's the earliest one. I like it because it just loops the sound over and over until you stop it. No alarms, no sleep timers, just pure rain sounds. I've had similar troubles with the sleep timer when I upgraded. Good thing I have a backup of my original download.",
      "review_date": [
        "October",
        "28",
        " 2014"
      ]
    },
    {
      "REQ_subtype": "",
      "REQ_type": "",
      "_id": 3,
      "author_id": "not defined",
      "author_name": "Halsey Hendrickson",
      "helpful": "0",
      "polarity": "",
      "rate": 3,
      "response": "",
      "response_date": "",
      "review": "The Classic rain storm is all that gets my 5 month old to sleep besides the vacuum cleaner. And it's much nicer listening to rain than that, lol. The only problem I have with it is that even when I set the sleep timer to a certain time and it verifies that its been set, it shuts off within minutes. I hope you guys fix that. :/",
      "review_date": [
        "October",
        "23",
        " 2014"
      ]
    },
    {
      "REQ_subtype": "",
      "REQ_type": "",
      "_id": 4,
      "author_id": "not defined",
      "author_name": "Colin Wester",
      "helpful": "7",
      "polarity": "",
      "rate": 2,
      "response": "",
      "response_date": "",
      "review": "This app never actually quits.  It stays open in the background and runs down my battery.  It also takes over my volume button, so I cannot easily change my ringer volume.  Force quitting the app doesn't fix either of these issue, and neither does restarting my phone, by itself.  I have to force quit the app, THEN restart to actually kill the app.  I will definitely be uninstalling this app.  It's a shame, because the app works pretty well other than those two issues.",
      "review_date": [
        "December",
        "3",
        " 2015"
      ]
    },
    {
      "REQ_subtype": "",
      "REQ_type": "",
      "_id": 5,
      "author_id": "not defined",
      "author_name": "Vance Cooley",
      "helpful": "1",
      "polarity": "",
      "rate": 2,
      "response": "",
      "response_date": "",
      "review": "Now, I can't just leave it on in the background while doing anything on the phone.  It closes.  It just closed now.  Also,  not being able to get rid of all the different choices on the background is extreme irritating.",
      "review_date": [
        "July",
        "29",
        " 2015"
      ]
    },
    {
      "REQ_subtype": "",
      "REQ_type": "",
      "_id": 6,
      "author_id": "not defined",
      "author_name": "Paris Fayerweather",
      "helpful": "2",
      "polarity": "",
      "rate": 3,
      "response": "",
      "response_date": "",
      "review": "Love the classic rain! Decided to buy an additional white noise that was included for free. Purchased distant thunderstorm, I am very disappointed that I spent money it. If it wasn't for that it would have been 4 stars. If there were more options then possibly 5 stars.",
      "review_date": [
        "September",
        "11",
        " 2014"
      ]
    },
    {
      "REQ_subtype": "",
      "REQ_type": "",
      "_id": 7,
      "author_id": "not defined",
      "author_name": "Roy Neil",
      "helpful": "2",
      "polarity": "",
      "rate": 1,
      "response": "",
      "response_date": "",
      "review": "First the basic rain sohnd track just stops...there is solence and it stsrts again.  This is disconcerting not relaxing.  Second there is clearly music playing at times in the background and birds chirping.  I don't want to gesr either.  Last and worst when I wanted to \"upgrade\" assumed I'd get sll adittional sounds but thry are 1.99 EACH!!!  Will be asking for refund then removing app.  Misleadingly described, poorly executed, and a rip off.  I'll remember developer's names too....",
      "review_date": [
        "June",
        "13",
        " 2015"
      ]
    },
    {
      "REQ_subtype": "",
      "REQ_type": "",
      "_id": 8,
      "author_id": "not defined",
      "author_name": "J Doxie",
      "helpful": "1",
      "polarity": "",
      "rate": 2,
      "response": "",
      "response_date": "",
      "review": "No matter what I do, this app won't shut down! Force stop won't work? Really? Sleep timer ... still going.    It does play while other things are playing, which is what I wanted (to fill in quiet spots in whatever else I'm listening to and cover office noises). But now I'd like to close it. Nothing will stop it. Next thing to try is uninstalling. I don't need an app that's this much of a hassle to stop.    Update:  I uninstalled it, but it STILL kept playing! I had to reboot the phone to stop it",
      "review_date": [
        "August",
        "15",
        " 2015"
      ]
    },
    {
      "REQ_subtype": "",
      "REQ_type": "",
      "_id": 9,
      "author_id": "not defined",
      "author_name": "Dale Forsyth",
      "helpful": "0",
      "polarity": "",
      "rate": 2,
      "response": "",
      "response_date": "",
      "review": "The sounds were nice but faded away 3 times in 45 minutes on the timer. Uninstalling and trying a different one.",
      "review_date": [
        "March",
        "7",
        " 2016"
      ]
    },
    {
      "REQ_subtype": "",
      "REQ_type": "",
      "_id": 10,
      "author_id": "not defined",
      "author_name": "Nadiah Suhaima Ghina",
      "helpful": "0",
      "polarity": "",
      "rate": 4,
      "response": "",
      "response_date": "",
      "review": "Love it. Though I prefer to see the full wallpaper without the text. And, do I hear the classic music when I played classic rainy day or I just imagine it?",
      "review_date": [
        "July",
        "7",
        " 2014"
      ]
    },
    {
      "REQ_subtype": "",
      "REQ_type": "",
      "_id": 11,
      "author_id": "not defined",
      "author_name": "steven greenleaf",
      "helpful": "2",
      "polarity": "",
      "rate": 2,
      "response": "",
      "response_date": "",
      "review": "Break in noise is extremely obvious and keeps me up rather than letting me sleep.",
      "review_date": [
        "August",
        "23",
        " 2014"
      ]
    },
    {
      "REQ_subtype": "",
      "REQ_type": "",
      "_id": 12,
      "author_id": "not defined",
      "author_name": "John Moran",
      "helpful": "3",
      "polarity": "",
      "rate": 5,
      "response": "",
      "response_date": "",
      "review": "I have always loved a good storm.I have my own recordings of rain and thunderstorms and this app rates as top.me and my gerbil enjoy now a good sleep listening to it.zzzzzzzz!",
      "review_date": [
        "February",
        "2",
        " 2015"
      ]
    },
    {
      "REQ_subtype": "",
      "REQ_type": "",
      "_id": 13,
      "author_id": "not defined",
      "author_name": "Robert Moyes",
      "helpful": "0",
      "polarity": "",
      "rate": 4,
      "response": "",
      "response_date": "",
      "review": "Yes, well no 5 star from me. Not when I have to by more sound effects when they can come free in other apps.\ud83d\udc3a ...nice try.",
      "review_date": [
        "February",
        "3",
        " 2016"
      ]
    },
    {
      "REQ_subtype": "",
      "REQ_type": "",
      "_id": 14,
      "author_id": "not defined",
      "author_name": "Zoey Rochelle Zhombie",
      "helpful": "2",
      "polarity": "",
      "rate": 1,
      "response": "",
      "response_date": "",
      "review": "The new updates added annoying pop up ads that show up as soon as you click on the app itself. If youre not careful, you'll click on the ad. Very annoying.",
      "review_date": [
        "June",
        "17",
        " 2014"
      ]
    },
    {
      "REQ_subtype": "",
      "REQ_type": "",
      "_id": 15,
      "author_id": "not defined",
      "author_name": "Nini N",
      "helpful": "2",
      "polarity": "",
      "rate": 2,
      "response": "",
      "response_date": "",
      "review": "Nope u n installing better ones out there. N for free",
      "review_date": [
        "November",
        "24",
        " 2014"
      ]
    },
    {
      "REQ_subtype": "",
      "REQ_type": "",
      "_id": 16,
      "author_id": "not defined",
      "author_name": "Andy Baldwin",
      "helpful": "0",
      "polarity": "",
      "rate": 4,
      "response": "",
      "response_date": "",
      "review": "When i use a different google account my purchases dissapear from the app.",
      "review_date": [
        "September",
        "21",
        " 2015"
      ]
    },
    {
      "REQ_subtype": "",
      "REQ_type": "",
      "_id": 17,
      "author_id": "not defined",
      "author_name": "Ginny Woods",
      "helpful": "0",
      "polarity": "",
      "rate": 3,
      "response": "",
      "response_date": "",
      "review": "The sound stops often and for no reason I can figure out.",
      "review_date": [
        "September",
        "29",
        " 2014"
      ]
    },
    {
      "REQ_subtype": "",
      "REQ_type": "",
      "_id": 18,
      "author_id": "not defined",
      "author_name": "Natalie Turner",
      "helpful": "1",
      "polarity": "",
      "rate": 5,
      "response": "",
      "response_date": "",
      "review": "It makes me go to sleep thats gr8 thx u HP  knick knack patty whake  cracalake jack",
      "review_date": [
        "June",
        "6",
        " 2014"
      ]
    },
    {
      "REQ_subtype": "",
      "REQ_type": "",
      "_id": 19,
      "author_id": "not defined",
      "author_name": "Jose Gabaldon",
      "helpful": "0",
      "polarity": "",
      "rate": 5,
      "response": "",
      "response_date": "",
      "review": "The rain sounds helps me sleep at night",
      "review_date": [
        "September",
        "7",
        " 2016"
      ]
    },
    {
      "REQ_subtype": "",
      "REQ_type": "",
      "_id": 20,
      "author_id": "not defined",
      "author_name": "Trae Harris",
      "helpful": "0",
      "polarity": "",
      "rate": 5,
      "response": "",
      "response_date": "",
      "review": "Loved it. Timer is great, love the non invasive user agreement. Still trying to figure out why other sleep apps need my contacts info.... Smh",
      "review_date": [
        "June",
        "24",
        " 2015"
      ]
    },
    {
      "REQ_subtype": "",
      "REQ_type": "",
      "_id": 21,
      "author_id": "not defined",
      "author_name": "Eric Ihrke",
      "helpful": "0",
      "polarity": "",
      "rate": 2,
      "response": "",
      "response_date": "",
      "review": "Basic is ok but $2 for each added sound is ridiculous",
      "review_date": [
        "January",
        "25",
        " 2015"
      ]
    },
    {
      "REQ_subtype": "",
      "REQ_type": "",
      "_id": 22,
      "author_id": "not defined",
      "author_name": "Andy S",
      "helpful": "1",
      "polarity": "",
      "rate": 1,
      "response": "",
      "response_date": "",
      "review": "Just using free/basic version but better alternatives are available and with less intrusive adds",
      "review_date": [
        "November",
        "25",
        " 2014"
      ]
    },
    {
      "REQ_subtype": "",
      "REQ_type": "",
      "_id": 23,
      "author_id": "not defined",
      "author_name": "aaron adams",
      "helpful": "0",
      "polarity": "",
      "rate": 5,
      "response": "",
      "response_date": "",
      "review": "Real rain with a long loop and no detectable patterns. I use it all the time.",
      "review_date": [
        "December",
        "18",
        " 2016"
      ]
    },
    {
      "REQ_subtype": "",
      "REQ_type": "",
      "_id": 24,
      "author_id": "not defined",
      "author_name": "Dubya Em Ach",
      "helpful": "4",
      "polarity": "",
      "rate": 3,
      "response": "",
      "response_date": "",
      "review": "Seriously, I paid 14 bucks for everything and I still get full screen ads. Nice.",
      "review_date": [
        "January",
        "28",
        " 2015"
      ]
    },
    {
      "REQ_subtype": "",
      "REQ_type": "",
      "_id": 25,
      "author_id": "not defined",
      "author_name": "Jim Smith",
      "helpful": "0",
      "polarity": "",
      "rate": 1,
      "response": "",
      "response_date": "",
      "review": "paid two dollars expecting the rest of the (very limited) 30 second??? tracks to unlock. they didnt. $2 = 1x 30 seconds. lol ok",
      "review_date": [
        "July",
        "20",
        " 2017"
      ]
    },
    {
      "REQ_subtype": "",
      "REQ_type": "",
      "_id": 26,
      "author_id": "not defined",
      "author_name": "J. L. Flywick",
      "helpful": "0",
      "polarity": "",
      "rate": 5,
      "response": "",
      "response_date": "",
      "review": "It looks as calming as it sounds. I only wish you could preview the additional options before purchasing. Relaxing and peaceful.",
      "review_date": [
        "June",
        "8",
        " 2014"
      ]
    },
    {
      "REQ_subtype": "",
      "REQ_type": "",
      "_id": 27,
      "author_id": "not defined",
      "author_name": "Jessie B",
      "helpful": "0",
      "polarity": "",
      "rate": 2,
      "response": "",
      "response_date": "",
      "review": "Low selection and I can hear the loop but you can turn off your screen and it will keep playing which is nice.",
      "review_date": [
        "July",
        "31",
        " 2015"
      ]
    },
    {
      "REQ_subtype": "",
      "REQ_type": "",
      "_id": 28,
      "author_id": "not defined",
      "author_name": "Jeff Cook",
      "helpful": "0",
      "polarity": "",
      "rate": 5,
      "response": "",
      "response_date": "",
      "review": "There is some gentle music playing from somewhere while this was being recorded. It's a great app. Thanks Developers!",
      "review_date": [
        "September",
        "13",
        " 2015"
      ]
    },
    {
      "REQ_subtype": "",
      "REQ_type": "",
      "_id": 29,
      "author_id": "not defined",
      "author_name": "Melissa Taylor",
      "helpful": "0",
      "polarity": "",
      "rate": 5,
      "response": "",
      "response_date": "",
      "review": "Puts me to sleep every time.",
      "review_date": [
        "September",
        "16",
        " 2016"
      ]
    },
    {
      "REQ_subtype": "",
      "REQ_type": "",
      "_id": 30,
      "author_id": "not defined",
      "author_name": "Randy Weinstein",
      "helpful": "1",
      "polarity": "",
      "rate": 1,
      "response": "",
      "response_date": "",
      "review": "Sound cuts out in a repeated patern",
      "review_date": [
        "June",
        "7",
        " 2014"
      ]
    },
    {
      "REQ_subtype": "",
      "REQ_type": "",
      "_id": 31,
      "author_id": "not defined",
      "author_name": "David Locke",
      "helpful": "0",
      "polarity": "",
      "rate": 1,
      "response": "",
      "response_date": "",
      "review": "Annoying pop up ads spoil it",
      "review_date": [
        "December",
        "29",
        " 2014"
      ]
    },
    {
      "REQ_subtype": "",
      "REQ_type": "",
      "_id": 32,
      "author_id": "not defined",
      "author_name": "Beth Puddy",
      "helpful": "0",
      "polarity": "",
      "rate": 1,
      "response": "",
      "response_date": "",
      "review": "Disappointed thought it was going to be better fhen this",
      "review_date": [
        "February",
        "11",
        " 2015"
      ]
    },
    {
      "REQ_subtype": "",
      "REQ_type": "",
      "_id": 33,
      "author_id": "not defined",
      "author_name": "Antoine Roach",
      "helpful": "0",
      "polarity": "",
      "rate": 5,
      "response": "",
      "response_date": "",
      "review": "Can't sleep without it thank you",
      "review_date": [
        "July",
        "29",
        " 2014"
      ]
    },
    {
      "REQ_subtype": "",
      "REQ_type": "",
      "_id": 34,
      "author_id": "not defined",
      "author_name": "LGBT Jen",
      "helpful": "0",
      "polarity": "",
      "rate": 3,
      "response": "",
      "response_date": "",
      "review": "Don't like the update much.",
      "review_date": [
        "June",
        "21",
        " 2014"
      ]
    },
    {
      "REQ_subtype": "",
      "REQ_type": "",
      "_id": 35,
      "author_id": "not defined",
      "author_name": "Pime127",
      "helpful": "0",
      "polarity": "",
      "rate": 5,
      "response": "",
      "response_date": "",
      "review": "Thanks",
      "review_date": [
        "September",
        "6",
        " 2015"
      ]
    },
    {
      "REQ_subtype": "",
      "REQ_type": "",
      "_id": 36,
      "author_id": "not defined",
      "author_name": "Vanessa Reyes",
      "helpful": "0",
      "polarity": "",
      "rate": 5,
      "response": "",
      "response_date": "",
      "review": "\u2661\u2661\u2661\u2661\u2661\u2661\u2661",
      "review_date": [
        "June",
        "5",
        " 2014"
      ]
    },
    {
      "REQ_subtype": "",
      "REQ_type": "",
      "_id": 37,
      "author_id": "not defined",
      "author_name": "Trese griff",
      "helpful": "0",
      "polarity": "",
      "rate": 5,
      "response": "",
      "response_date": "",
      "review": "Cool kat",
      "review_date": [
        "June",
        "1",
        " 2014"
      ]
    },
    {
      "REQ_subtype": "",
      "REQ_type": "",
      "_id": 38,
      "author_id": "not defined",
      "author_name": "Rude Bison",
      "helpful": "0",
      "polarity": "",
      "rate": 5,
      "response": "",
      "response_date": "",
      "review": "Gr8",
      "review_date": [
        "May",
        "24",
        " 2014"
      ]
    },
    {
      "REQ_subtype": "",
      "REQ_type": "",
      "_id": 39,
      "author_id": "not defined",
      "author_name": "re re",
      "helpful": "0",
      "polarity": "",
      "rate": 5,
      "response": "",
      "response_date": "",
      "review": "I think this app is great. I love listening to the sound of gentle rain on a windowpane. Great background music for sealing a drugged teenage girl inside a  55-gallon drum or waltzing with a corpse wearing a wedding dress in my basement. The mobility of it is great as the abandoned root cellar I use to hold my victims outside of \"screaming range\" does not have great 4G service.",
      "review_date": [
        "April",
        "12",
        " 2014"
      ]
    },
    {
      "REQ_subtype": "",
      "REQ_type": "",
      "_id": 40,
      "author_id": "not defined",
      "author_name": "Jerry Turner",
      "helpful": "2",
      "polarity": "",
      "rate": 3,
      "response": "",
      "response_date": "",
      "review": "I like the sound and it is nice and clear, but i would rather have continuous sound with no breaks.  The stopping and starting takes me out of the zone.",
      "review_date": [
        "April",
        "11",
        " 2014"
      ]
    },
    {
      "REQ_subtype": "",
      "REQ_type": "",
      "_id": 41,
      "author_id": "not defined",
      "author_name": "Lubhanshi Jain",
      "helpful": "2",
      "polarity": "",
      "rate": 5,
      "response": "",
      "response_date": "",
      "review": "Been using it for peaceful sleep. Goodbye soundtracks from soundcloud. This app is awesome. Ofcourse you have to love thunder and rain",
      "review_date": [
        "April",
        "4",
        " 2014"
      ]
    },
    {
      "REQ_subtype": "",
      "REQ_type": "",
      "_id": 42,
      "author_id": "not defined",
      "author_name": "Geordie Elkins",
      "helpful": "0",
      "polarity": "",
      "rate": 3,
      "response": "",
      "response_date": "",
      "review": "Great recording, but the gap between loops wakes me up. I will have to uninstall and look for another app.",
      "review_date": [
        "April",
        "29",
        " 2014"
      ]
    },
    {
      "REQ_subtype": "",
      "REQ_type": "",
      "_id": 43,
      "author_id": "not defined",
      "author_name": "dandre dunbar",
      "helpful": "0",
      "polarity": "",
      "rate": 5,
      "response": "",
      "response_date": "",
      "review": "I'm from California and we just don't get enough rain which I love so this is perfect",
      "review_date": [
        "March",
        "31",
        " 2014"
      ]
    },
    {
      "REQ_subtype": "",
      "REQ_type": "",
      "_id": 44,
      "author_id": "not defined",
      "author_name": "John Smith",
      "helpful": "0",
      "polarity": "",
      "rate": 5,
      "response": "",
      "response_date": "",
      "review": "Keeps me sane at school!",
      "review_date": [
        "April",
        "1",
        " 2014"
      ]
    },
    {
      "REQ_subtype": "",
      "REQ_type": "",
      "_id": 45,
      "author_id": "not defined",
      "author_name": "Daniel Tiger",
      "helpful": "0",
      "polarity": "",
      "rate": 5,
      "response": "",
      "response_date": "",
      "review": "Excellent free app. I love the beautiful pictures and the thunder",
      "review_date": [
        "May",
        "5",
        " 2014"
      ]
    },
    {
      "REQ_subtype": "",
      "REQ_type": "",
      "_id": 46,
      "author_id": "not defined",
      "author_name": "Joseph R.",
      "helpful": "0",
      "polarity": "",
      "rate": 3,
      "response": "",
      "response_date": "",
      "review": "It is alright.",
      "review_date": [
        "May",
        "13",
        " 2014"
      ]
    },
    {
      "REQ_subtype": "",
      "REQ_type": "",
      "_id": 47,
      "author_id": "not defined",
      "author_name": "Sebastian Hickey",
      "helpful": "0",
      "polarity": "",
      "rate": 5,
      "response": "Yes this is an incoming feature :)",
      "response_date": [
        "March",
        "31",
        " 2014"
      ],
      "review": "Great app, soothing, but it doesn't pause during a phone call ... Which can be pretty distracting. I presume that's on the road map?",
      "review_date": [
        "March",
        "24",
        " 2014"
      ]
    },
    {
      "REQ_subtype": "",
      "REQ_type": "",
      "_id": 48,
      "author_id": "not defined",
      "author_name": "Emily Olfert",
      "helpful": "1",
      "polarity": "",
      "rate": 5,
      "response": "",
      "response_date": "",
      "review": "Ive FINALLY found the perfect rain/white noise to fall asleep too. Just perfect.",
      "review_date": [
        "February",
        "22",
        " 2014"
      ]
    },
    {
      "REQ_subtype": "",
      "REQ_type": "",
      "_id": 49,
      "author_id": "not defined",
      "author_name": "Gabriel Mhando",
      "helpful": "0",
      "polarity": "",
      "rate": 5,
      "response": "",
      "response_date": "",
      "review": "Exelent sounds that really help me relax. Best app in my phone, I use it every day",
      "review_date": [
        "March",
        "11",
        " 2014"
      ]
    },
    {
      "REQ_subtype": "",
      "REQ_type": "",
      "_id": 50,
      "author_id": "not defined",
      "author_name": "A.J. Wilde",
      "helpful": "0",
      "polarity": "",
      "rate": 4,
      "response": "",
      "response_date": "",
      "review": "Really needs to auto pause when a call comes in. Makes it very hard for them to hear me.",
      "review_date": [
        "March",
        "3",
        " 2014"
      ]
    },
    {
      "REQ_subtype": "",
      "REQ_type": "",
      "_id": 51,
      "author_id": "not defined",
      "author_name": "ruben lizardi",
      "helpful": "1",
      "polarity": "",
      "rate": 5,
      "response": "",
      "response_date": "",
      "review": "I'm from Seattle, and i love rain, living in Arizona sucks do to the lack of rain.",
      "review_date": [
        "February",
        "18",
        " 2014"
      ]
    },
    {
      "REQ_subtype": "",
      "REQ_type": "",
      "_id": 52,
      "author_id": "not defined",
      "author_name": "Rogon Gayo",
      "helpful": "0",
      "polarity": "",
      "rate": 1,
      "response": "",
      "response_date": "",
      "review": "more better if have set timer for sleep",
      "review_date": [
        "February",
        "27",
        " 2014"
      ]
    },
    {
      "REQ_subtype": "",
      "REQ_type": "",
      "_id": 53,
      "author_id": "not defined",
      "author_name": "Daniel Shockley",
      "helpful": "0",
      "polarity": "",
      "rate": 5,
      "response": "",
      "response_date": "",
      "review": "Still stops when the orientation is changed",
      "review_date": [
        "March",
        "7",
        " 2014"
      ]
    },
    {
      "REQ_subtype": "",
      "REQ_type": "",
      "_id": 54,
      "author_id": "not defined",
      "author_name": "Misty Baty",
      "helpful": "0",
      "polarity": "",
      "rate": 5,
      "response": "",
      "response_date": "",
      "review": "I absolutely love this app and use regularly.",
      "review_date": [
        "February",
        "18",
        " 2014"
      ]
    },
    {
      "REQ_subtype": "",
      "REQ_type": "",
      "_id": 55,
      "author_id": "not defined",
      "author_name": "Alex Thomas",
      "helpful": "0",
      "polarity": "",
      "rate": 5,
      "response": "",
      "response_date": "",
      "review": "Great, relaxing app.",
      "review_date": [
        "March",
        "11",
        " 2014"
      ]
    },
    {
      "REQ_subtype": "",
      "REQ_type": "",
      "_id": 56,
      "author_id": "not defined",
      "author_name": "Maggie",
      "helpful": "0",
      "polarity": "",
      "rate": 4,
      "response": "",
      "response_date": "",
      "review": null,
      "review_date": [
        "February",
        "20",
        " 2014"
      ]
    },
    {
      "REQ_subtype": "",
      "REQ_type": "",
      "_id": 57,
      "author_id": "not defined",
      "author_name": "Paul Smith",
      "helpful": "0",
      "polarity": "",
      "rate": 4,
      "response": "",
      "response_date": "",
      "review": "Installs but leaves out the icon.  As others have said you must go into the play store to launch it.  Weak.  Otherwise decent although the loop is a bit short.  Now working properly, thanks!",
      "review_date": [
        "February",
        "19",
        " 2014"
      ]
    },
    {
      "REQ_subtype": "",
      "REQ_type": "",
      "_id": 58,
      "author_id": "not defined",
      "author_name": "Ciara A",
      "helpful": "1",
      "polarity": "",
      "rate": 4,
      "response": "",
      "response_date": "",
      "review": "Make the rain noise continuous,  not in loops. Other than that, great app.",
      "review_date": [
        "February",
        "5",
        " 2014"
      ]
    },
    {
      "REQ_subtype": "",
      "REQ_type": "",
      "_id": 59,
      "author_id": "not defined",
      "author_name": "Daniyal Murtaza",
      "helpful": "0",
      "polarity": "",
      "rate": 5,
      "response": "",
      "response_date": "",
      "review": "Simple and to the point. Had it since quite some time, but the new update has brought nice improvements. Enough for me to go and give a rating. Keep it up.",
      "review_date": [
        "February",
        "17",
        " 2014"
      ]
    },
    {
      "REQ_subtype": "",
      "REQ_type": "",
      "_id": 60,
      "author_id": "not defined",
      "author_name": "karen redding",
      "helpful": "0",
      "polarity": "",
      "rate": 5,
      "response": "",
      "response_date": "",
      "review": "Sounds so real and really helps me sleep!",
      "review_date": [
        "February",
        "15",
        " 2014"
      ]
    },
    {
      "REQ_subtype": "",
      "REQ_type": "",
      "_id": 61,
      "author_id": "not defined",
      "author_name": "Ashl\u00e9 Williams",
      "helpful": "0",
      "polarity": "",
      "rate": 5,
      "response": "",
      "response_date": "",
      "review": "I use it all the time",
      "review_date": [
        "February",
        "6",
        " 2014"
      ]
    },
    {
      "REQ_subtype": "",
      "REQ_type": "",
      "_id": 62,
      "author_id": "not defined",
      "author_name": "Dinkus Inkus",
      "helpful": "0",
      "polarity": "",
      "rate": 5,
      "response": "",
      "response_date": "",
      "review": "so peaceful and calming",
      "review_date": [
        "February",
        "17",
        " 2014"
      ]
    },
    {
      "REQ_subtype": "",
      "REQ_type": "",
      "_id": 63,
      "author_id": "not defined",
      "author_name": "Steve Gibbons",
      "helpful": "0",
      "polarity": "",
      "rate": 5,
      "response": "",
      "response_date": "",
      "review": "Works great",
      "review_date": [
        "February",
        "4",
        " 2014"
      ]
    },
    {
      "REQ_subtype": "",
      "REQ_type": "",
      "_id": 64,
      "author_id": "not defined",
      "author_name": "Tabby B",
      "helpful": "0",
      "polarity": "",
      "rate": 4,
      "response": "",
      "response_date": "",
      "review": "I, too, have noticed the music/instruments in the background and they are quite bothersome. But that's just me. At times it would become noticeable. Over all the rain sounds realistic and the thunder claps make it better. Occasionally the audio stops and replays but it didn't bother me that much.",
      "review_date": [
        "April",
        "25",
        " 2013"
      ]
    },
    {
      "REQ_subtype": "",
      "REQ_type": "",
      "_id": 65,
      "author_id": "not defined",
      "author_name": "dan inch",
      "helpful": "3",
      "polarity": "",
      "rate": 5,
      "response": "",
      "response_date": "",
      "review": "I live in a shared house with noisy housemates and this app is like switching them off. Love it and it is currently preventing a war in my house. It loops and does not become annoying or distracting like actual white noise. Highly recommended.",
      "review_date": [
        "October",
        "16",
        " 2013"
      ]
    },
    {
      "REQ_subtype": "",
      "REQ_type": "",
      "_id": 66,
      "author_id": "not defined",
      "author_name": "Kira Fallwell",
      "helpful": "0",
      "polarity": "",
      "rate": 3,
      "response": "",
      "response_date": "",
      "review": "I can here music in the   background of the rain and needs a sleep timerAnd dose any body here birds?! Like the raglar one better",
      "review_date": [
        "January",
        "9",
        " 2014"
      ]
    },
    {
      "REQ_subtype": "",
      "REQ_type": "",
      "_id": 67,
      "author_id": "not defined",
      "author_name": "Jasmin Klai\u0107",
      "helpful": "5",
      "polarity": "",
      "rate": 4,
      "response": "",
      "response_date": "",
      "review": "i would give 5 stars but two things. first when i push play i hear music playing wery quiet at background.... second ad an automatic turn off option so if i fall a sleep it will turn off after some time what i adjust as user. so basicly ad a timer like on tv.",
      "review_date": [
        "April",
        "20",
        " 2013"
      ]
    },
    {
      "REQ_subtype": "",
      "REQ_type": "",
      "_id": 68,
      "author_id": "not defined",
      "author_name": "You Rock?",
      "helpful": "2",
      "polarity": "",
      "rate": 5,
      "response": "",
      "response_date": "",
      "review": "This puts me to sleep every night. I just wish that there was a little more thunder. Great app overall anyway.",
      "review_date": [
        "March",
        "4",
        " 2013"
      ]
    },
    {
      "REQ_subtype": "",
      "REQ_type": "",
      "_id": 69,
      "author_id": "not defined",
      "author_name": "Shawndaya Gaines",
      "helpful": "1",
      "polarity": "",
      "rate": 5,
      "response": "",
      "response_date": "",
      "review": "This app is very helpful i couldnt sleep at first for like two whole hours then i  turned this on i was knocked out and u dont have nightmares lol",
      "review_date": [
        "August",
        "29",
        " 2013"
      ]
    },
    {
      "REQ_subtype": "",
      "REQ_type": "",
      "_id": 70,
      "author_id": "not defined",
      "author_name": "C WP",
      "helpful": "6",
      "polarity": "",
      "rate": 5,
      "response": "",
      "response_date": "",
      "review": "This allows me to sleep by blocking the deafening noise that is my tinnitus :)",
      "review_date": [
        "March",
        "16",
        " 2013"
      ]
    },
    {
      "REQ_subtype": "",
      "REQ_type": "",
      "_id": 71,
      "author_id": "not defined",
      "author_name": "Martin Long",
      "helpful": "3",
      "polarity": "",
      "rate": 4,
      "response": "",
      "response_date": "",
      "review": "I like the music in the background. Reminds me of Gary Moors parisian walkways.  Also the occasional bird singing works well.",
      "review_date": [
        "July",
        "25",
        " 2013"
      ]
    },
    {
      "REQ_subtype": "",
      "REQ_type": "",
      "_id": 72,
      "author_id": "not defined",
      "author_name": "Kaycee Murphy",
      "helpful": "0",
      "polarity": "",
      "rate": 5,
      "response": "",
      "response_date": "",
      "review": "Only problem is occasional shut off. Does anyone else here music behind the rain?",
      "review_date": [
        "December",
        "30",
        " 2013"
      ]
    },
    {
      "REQ_subtype": "",
      "REQ_type": "",
      "_id": 73,
      "author_id": "not defined",
      "author_name": "joemel juntado",
      "helpful": "0",
      "polarity": "",
      "rate": 5,
      "response": "",
      "response_date": "",
      "review": "i can go to sleep now. good thing if it has a timer though.",
      "review_date": [
        "August",
        "15",
        " 2013"
      ]
    },
    {
      "REQ_subtype": "",
      "REQ_type": "",
      "_id": 74,
      "author_id": "not defined",
      "author_name": "Victor Ortiz",
      "helpful": "6",
      "polarity": "",
      "rate": 4,
      "response": "",
      "response_date": "",
      "review": "Would give 5 stars but needs a sleep timer for auto shut off",
      "review_date": [
        "October",
        "10",
        " 2013"
      ]
    },
    {
      "REQ_subtype": "",
      "REQ_type": "",
      "_id": 75,
      "author_id": "not defined",
      "author_name": "Lora Trisha",
      "helpful": "0",
      "polarity": "",
      "rate": 4,
      "response": "",
      "response_date": "",
      "review": "It's nice listening to this in a country where it rarely rains.. I just hope we can hear this in the background too, while opening other apps.",
      "review_date": [
        "October",
        "21",
        " 2013"
      ]
    },
    {
      "REQ_subtype": "",
      "REQ_type": "",
      "_id": 76,
      "author_id": "not defined",
      "author_name": "James Lue",
      "helpful": "1",
      "polarity": "",
      "rate": 5,
      "response": "",
      "response_date": "",
      "review": "Nice full sound. I've been using this app for over a year and my wife and I can't sleep without it.",
      "review_date": [
        "September",
        "3",
        " 2013"
      ]
    },
    {
      "REQ_subtype": "",
      "REQ_type": "",
      "_id": 77,
      "author_id": "not defined",
      "author_name": "Michael Evans",
      "helpful": "1",
      "polarity": "",
      "rate": 1,
      "response": "",
      "response_date": "",
      "review": "Strange people out there. You're using it to try to get to sleep. Then you think you're imagining faint music playing so you lift your head to try to pinpoint it. Next you start hearing bird sounds. What sort of person thinks that bird sounds will help most of us sleep? But then it all shuts off after 8 minutes and restarts. Not a seamless restart. A stop...pause......then restart.   With developers putting out crap like this but more worryingly people praising it God help us all.",
      "review_date": [
        "January",
        "20",
        " 2014"
      ]
    },
    {
      "REQ_subtype": "",
      "REQ_type": "",
      "_id": 78,
      "author_id": "not defined",
      "author_name": "Daniel Slater",
      "helpful": "0",
      "polarity": "",
      "rate": 4,
      "response": "",
      "response_date": "",
      "review": "take out bird noises they make me think its morning and I have to wake up",
      "review_date": [
        "November",
        "11",
        " 2013"
      ]
    },
    {
      "REQ_subtype": "",
      "REQ_type": "",
      "_id": 79,
      "author_id": "not defined",
      "author_name": "Alisa Muszynski",
      "helpful": "0",
      "polarity": "",
      "rate": 5,
      "response": "",
      "response_date": "",
      "review": "Awsome app. Put both my husband and I to sleep after we were kinda doubting it.",
      "review_date": [
        "October",
        "6",
        " 2013"
      ]
    },
    {
      "REQ_subtype": "",
      "REQ_type": "",
      "_id": 80,
      "author_id": "not defined",
      "author_name": "Val Bromell",
      "helpful": "0",
      "polarity": "",
      "rate": 5,
      "response": "",
      "response_date": "",
      "review": "just love it i live in a house with a very big family i really love it it just puts me in my own world 10/10 highly recomended",
      "review_date": [
        "January",
        "31",
        " 2014"
      ]
    },
    {
      "REQ_subtype": "",
      "REQ_type": "",
      "_id": 81,
      "author_id": "not defined",
      "author_name": "A Google user",
      "helpful": "0",
      "polarity": "",
      "rate": 4,
      "response": "",
      "response_date": "",
      "review": "The app is quite good help me a lot , except the fact that it will stop after a while",
      "review_date": [
        "July",
        "2",
        " 2013"
      ]
    },
    {
      "REQ_subtype": "",
      "REQ_type": "",
      "_id": 82,
      "author_id": "not defined",
      "author_name": "Katherine McDowell",
      "helpful": "0",
      "polarity": "",
      "rate": 3,
      "response": "",
      "response_date": "",
      "review": "Good but needs more variety.",
      "review_date": [
        "December",
        "28",
        " 2013"
      ]
    },
    {
      "REQ_subtype": "",
      "REQ_type": "",
      "_id": 83,
      "author_id": "not defined",
      "author_name": "Douglas Burton",
      "helpful": "0",
      "polarity": "",
      "rate": 5,
      "response": "",
      "response_date": "",
      "review": "It wont show up in  my applications. I keep having to open  it in tje playstore. Can you please fix this, thanx.",
      "review_date": [
        "December",
        "1",
        " 2013"
      ]
    },
    {
      "REQ_subtype": "",
      "REQ_type": "",
      "_id": 84,
      "author_id": "not defined",
      "author_name": "James W",
      "helpful": "0",
      "polarity": "",
      "rate": 3,
      "response": "",
      "response_date": "",
      "review": "Tried sleeping and then suddenly birds. That's not really a night time sound.",
      "review_date": [
        "January",
        "7",
        " 2014"
      ]
    },
    {
      "REQ_subtype": "",
      "REQ_type": "",
      "_id": 85,
      "author_id": "not defined",
      "author_name": "Brandon Jones",
      "helpful": "1",
      "polarity": "",
      "rate": 5,
      "response": "",
      "response_date": "",
      "review": "Great, simple, no bull. Very realistic sounding.",
      "review_date": [
        "February",
        "22",
        " 2013"
      ]
    },
    {
      "REQ_subtype": "",
      "REQ_type": "",
      "_id": 86,
      "author_id": "not defined",
      "author_name": "K",
      "helpful": "1",
      "polarity": "",
      "rate": 1,
      "response": "",
      "response_date": "",
      "review": "In my app manager I have nothing starting with the name White!",
      "review_date": [
        "February",
        "4",
        " 2014"
      ]
    },
    {
      "REQ_subtype": "",
      "REQ_type": "",
      "_id": 87,
      "author_id": "not defined",
      "author_name": "Dan Gregory",
      "helpful": "0",
      "polarity": "",
      "rate": 1,
      "response": "",
      "response_date": "",
      "review": "Very bad loop",
      "review_date": [
        "November",
        "14",
        " 2013"
      ]
    },
    {
      "REQ_subtype": "",
      "REQ_type": "",
      "_id": 88,
      "author_id": "not defined",
      "author_name": "Cathy Farley",
      "helpful": "1",
      "polarity": "",
      "rate": 3,
      "response": "",
      "response_date": "",
      "review": "Its really nice except the annoying birds and music in the background",
      "review_date": [
        "July",
        "31",
        " 2013"
      ]
    },
    {
      "REQ_subtype": "",
      "REQ_type": "",
      "_id": 89,
      "author_id": "not defined",
      "author_name": "Infidel737",
      "helpful": "0",
      "polarity": "",
      "rate": 5,
      "response": "",
      "response_date": "",
      "review": "So soothing, nothing like sleeping in on a rainy day..",
      "review_date": [
        "October",
        "22",
        " 2013"
      ]
    },
    {
      "REQ_subtype": "",
      "REQ_type": "",
      "_id": 90,
      "author_id": "not defined",
      "author_name": "Tommy Bayshore",
      "helpful": "1",
      "polarity": "",
      "rate": 5,
      "response": "",
      "response_date": "",
      "review": "Great app to fall asleep with",
      "review_date": [
        "September",
        "30",
        " 2013"
      ]
    },
    {
      "REQ_subtype": "",
      "REQ_type": "",
      "_id": 91,
      "author_id": "not defined",
      "author_name": "Kylene Ramirez",
      "helpful": "0",
      "polarity": "",
      "rate": 5,
      "response": "",
      "response_date": "",
      "review": "I love this app it doesn't bother me that there is no timer I really love this app",
      "review_date": [
        "December",
        "26",
        " 2013"
      ]
    },
    {
      "REQ_subtype": "",
      "REQ_type": "",
      "_id": 92,
      "author_id": "not defined",
      "author_name": "biraj k nath",
      "helpful": "0",
      "polarity": "",
      "rate": 4,
      "response": "",
      "response_date": "",
      "review": "Nice, it ll be better if you add the sound of thunder and lightening. And please keep the  provision of sleep timer.",
      "review_date": [
        "May",
        "9",
        " 2013"
      ]
    },
    {
      "REQ_subtype": "",
      "REQ_type": "",
      "_id": 93,
      "author_id": "not defined",
      "author_name": "Colton Bowerman",
      "helpful": "0",
      "polarity": "",
      "rate": 4,
      "response": "",
      "response_date": "",
      "review": "Amazing app but if possible for an auto shut off after a specified time",
      "review_date": [
        "December",
        "14",
        " 2013"
      ]
    },
    {
      "REQ_subtype": "",
      "REQ_type": "",
      "_id": 94,
      "author_id": "not defined",
      "author_name": "Luis Lozano",
      "helpful": "1",
      "polarity": "",
      "rate": 5,
      "response": "",
      "response_date": "",
      "review": "Best one I've downloaded",
      "review_date": [
        "October",
        "21",
        " 2013"
      ]
    },
    {
      "REQ_subtype": "",
      "REQ_type": "",
      "_id": 95,
      "author_id": "not defined",
      "author_name": "Suzanne Turner",
      "helpful": "0",
      "polarity": "",
      "rate": 5,
      "response": "",
      "response_date": "",
      "review": "Critical to normal functioning in a cubicle farm :)",
      "review_date": [
        "January",
        "5",
        " 2014"
      ]
    },
    {
      "REQ_subtype": "",
      "REQ_type": "",
      "_id": 96,
      "author_id": "not defined",
      "author_name": "Mike Mainello",
      "helpful": "0",
      "polarity": "",
      "rate": 4,
      "response": "",
      "response_date": "",
      "review": "Just adding a new comment",
      "review_date": [
        "December",
        "28",
        " 2013"
      ]
    },
    {
      "REQ_subtype": "",
      "REQ_type": "",
      "_id": 97,
      "author_id": "not defined",
      "author_name": "Shia T",
      "helpful": "0",
      "polarity": "",
      "rate": 2,
      "response": "",
      "response_date": "",
      "review": "I need it to run in the background..",
      "review_date": [
        "November",
        "3",
        " 2013"
      ]
    },
    {
      "REQ_subtype": "",
      "REQ_type": "",
      "_id": 98,
      "author_id": "not defined",
      "author_name": "Shawn Holst",
      "helpful": "0",
      "polarity": "",
      "rate": 5,
      "response": "",
      "response_date": "",
      "review": "Really relaxing",
      "review_date": [
        "November",
        "19",
        " 2013"
      ]
    },
    {
      "REQ_subtype": "",
      "REQ_type": "",
      "_id": 99,
      "author_id": "not defined",
      "author_name": "Daily Dirt",
      "helpful": "0",
      "polarity": "",
      "rate": 2,
      "response": "",
      "response_date": "",
      "review": "Pretty quickly. Samsung S4",
      "review_date": [
        "November",
        "27",
        " 2013"
      ]
    },
    {
      "REQ_subtype": "",
      "REQ_type": "",
      "_id": 100,
      "author_id": "not defined",
      "author_name": "Matt",
      "helpful": "0",
      "polarity": "",
      "rate": 5,
      "response": "",
      "response_date": "",
      "review": "Great for me to read with.  Love it.",
      "review_date": [
        "December",
        "23",
        " 2013"
      ]
    },
    {
      "REQ_subtype": "",
      "REQ_type": "",
      "_id": 101,
      "author_id": "not defined",
      "author_name": "Jonathan Decker",
      "helpful": "0",
      "polarity": "",
      "rate": 4,
      "response": "",
      "response_date": "",
      "review": "Good app just needs timer.",
      "review_date": [
        "August",
        "3",
        " 2013"
      ]
    },
    {
      "REQ_subtype": "",
      "REQ_type": "",
      "_id": 102,
      "author_id": "not defined",
      "author_name": "Laura Jackson",
      "helpful": "0",
      "polarity": "",
      "rate": 5,
      "response": "",
      "response_date": "",
      "review": "Works like a charm.",
      "review_date": [
        "December",
        "19",
        " 2013"
      ]
    },
    {
      "REQ_subtype": "",
      "REQ_type": "",
      "_id": 103,
      "author_id": "not defined",
      "author_name": "Chris Webster",
      "helpful": "0",
      "polarity": "",
      "rate": 5,
      "response": "",
      "response_date": "",
      "review": "Its Awesome",
      "review_date": [
        "January",
        "11",
        " 2014"
      ]
    },
    {
      "REQ_subtype": "",
      "REQ_type": "",
      "_id": 104,
      "author_id": "not defined",
      "author_name": "Adam Rivera",
      "helpful": "0",
      "polarity": "",
      "rate": 5,
      "response": "",
      "response_date": "",
      "review": "Awesome",
      "review_date": [
        "July",
        "30",
        " 2013"
      ]
    },
    {
      "REQ_subtype": "",
      "REQ_type": "",
      "_id": 105,
      "author_id": "not defined",
      "author_name": "joshua bailey",
      "helpful": "0",
      "polarity": "",
      "rate": 5,
      "response": "",
      "response_date": "",
      "review": "Very unique",
      "review_date": [
        "November",
        "11",
        " 2013"
      ]
    },
    {
      "REQ_subtype": "",
      "REQ_type": "",
      "_id": 106,
      "author_id": "not defined",
      "author_name": "A Google user",
      "helpful": "0",
      "polarity": "",
      "rate": 3,
      "response": "",
      "response_date": "",
      "review": "I've tried many other white noise apps and this is one of the better. The loop is not obvious (my pet peeve), and the sounds are nice and soothing, except the bird tweets. Runs in background so I can read an e book with this on as I drift to sleep, which is great in hotel rooms (just don't hit back button... Use home button). Only problems is can't control sound choices (I'd like to turn off bird tweets), and can't set a timer our choose how long app runs.",
      "review_date": [
        "April",
        "4",
        " 2012"
      ]
    },
    {
      "REQ_subtype": "",
      "REQ_type": "",
      "_id": 107,
      "author_id": "not defined",
      "author_name": "Karlo Gutang",
      "helpful": "2",
      "polarity": "",
      "rate": 4,
      "response": "",
      "response_date": "",
      "review": "...but it would be nice if we had different sounds to choose from. Volume control would be nice as well, I like having this and my music player on at the same time. If this was meant to put you to sleep I don't think you really need the bg pics.",
      "review_date": [
        "January",
        "6",
        " 2013"
      ]
    },
    {
      "REQ_subtype": "",
      "REQ_type": "",
      "_id": 108,
      "author_id": "not defined",
      "author_name": "A Google user",
      "helpful": "1",
      "polarity": "",
      "rate": 3,
      "response": "",
      "response_date": "",
      "review": "You get what you pay for, so in that sense, I can't complain.  But I would definitely want my money back if I did pay for it.  In the background (of the background noise) you cam hear car alarms going off, a neighbor playing music, etc...",
      "review_date": [
        "September",
        "26",
        " 2012"
      ]
    },
    {
      "REQ_subtype": "",
      "REQ_type": "",
      "_id": 109,
      "author_id": "not defined",
      "author_name": "A Google user",
      "helpful": "3",
      "polarity": "",
      "rate": 3,
      "response": "",
      "response_date": "",
      "review": "Did you change the sounds in the last month or two? The other had very soft music in the background. This one has more thunder and the birds are annoying. Please please please bring the other one back! :(",
      "review_date": [
        "August",
        "8",
        " 2012"
      ]
    },
    {
      "REQ_subtype": "",
      "REQ_type": "",
      "_id": 110,
      "author_id": "not defined",
      "author_name": "A Google user",
      "helpful": "1",
      "polarity": "",
      "rate": 5,
      "response": "",
      "response_date": "",
      "review": "Love this app! U get exactly what's described, a white noise app. Very simple but effective. I use it as background noise so my husband and I can sleep.  I also use it when I have migraine headaches.  It mutes out the jumble of noises around me so I can give my head a break. TY very much dev!",
      "review_date": [
        "November",
        "4",
        " 2012"
      ]
    },
    {
      "REQ_subtype": "",
      "REQ_type": "",
      "_id": 111,
      "author_id": "not defined",
      "author_name": "A Google user",
      "helpful": "7",
      "polarity": "",
      "rate": 5,
      "response": "",
      "response_date": "",
      "review": "Very nice. I'd pay $1 if it had a timer. To the people bitching: did you forget that IT'S FREE? STFU",
      "review_date": [
        "July",
        "18",
        " 2011"
      ]
    },
    {
      "REQ_subtype": "",
      "REQ_type": "",
      "_id": 112,
      "author_id": "not defined",
      "author_name": "A Google user",
      "helpful": "1",
      "polarity": "",
      "rate": 4,
      "response": "",
      "response_date": "",
      "review": "Sounds real good. Feels like I'm actually out in a rainstorm. Would love to have this sound with my sleep apps, timers etc. Thanks shelly htcevo",
      "review_date": [
        "June",
        "29",
        " 2012"
      ]
    },
    {
      "REQ_subtype": "",
      "REQ_type": "",
      "_id": 113,
      "author_id": "not defined",
      "author_name": "A Google user",
      "helpful": "0",
      "polarity": "",
      "rate": 2,
      "response": "",
      "response_date": "",
      "review": "The music in the background is really creepy.... my favorite app b4 I noticed it, now it's all I hear :(",
      "review_date": [
        "December",
        "6",
        " 2011"
      ]
    },
    {
      "REQ_subtype": "",
      "REQ_type": "",
      "_id": 114,
      "author_id": "not defined",
      "author_name": "A Google user",
      "helpful": "6",
      "polarity": "",
      "rate": 1,
      "response": "",
      "response_date": "",
      "review": "I was shocked when the sound loop faded out and then started over. A break like that in the sound is pretty much NOT acceptable for a noise maker.",
      "review_date": [
        "October",
        "30",
        " 2011"
      ]
    },
    {
      "REQ_subtype": "",
      "REQ_type": "",
      "_id": 115,
      "author_id": "not defined",
      "author_name": "Scott MacGregor",
      "helpful": "1",
      "polarity": "",
      "rate": 5,
      "response": "",
      "response_date": "",
      "review": "Used for my kids to sleep! I like the real recording.. alittle sonc floats through the air, couple cars.. sounds like it was recorded on a patio!",
      "review_date": [
        "February",
        "19",
        " 2013"
      ]
    },
    {
      "REQ_subtype": "",
      "REQ_type": "",
      "_id": 116,
      "author_id": "not defined",
      "author_name": "A Google user",
      "helpful": "0",
      "polarity": "",
      "rate": 4,
      "response": "",
      "response_date": "",
      "review": "The music and birds in the background are a little distracting. I would rather just the rain & thunder and it would be perfect. Also, it completely stops after about 5 minutes and starts again.",
      "review_date": [
        "August",
        "27",
        " 2012"
      ]
    },
    {
      "REQ_subtype": "",
      "REQ_type": "",
      "_id": 117,
      "author_id": "not defined",
      "author_name": "A Google user",
      "helpful": "3",
      "polarity": "",
      "rate": 4,
      "response": "",
      "response_date": "",
      "review": "I like it Nice coz the rain sound is clear though after how many minutes on going I can hear some like music sounds but its ok coz its not more loud also..'  Only it doesnt give timer, when I opened by speaker without setting timer n I fallen to sleep, so it'l be rain a whole night :-)",
      "review_date": [
        "November",
        "21",
        " 2012"
      ]
    },
    {
      "REQ_subtype": "",
      "REQ_type": "",
      "_id": 118,
      "author_id": "not defined",
      "author_name": "A Google user",
      "helpful": "1",
      "polarity": "",
      "rate": 3,
      "response": "",
      "response_date": "",
      "review": "Good app, but I can hear music in the rain sound !! Which is a big no-no for me. Lacks timer. Rain clip is excellent minus the music",
      "review_date": [
        "October",
        "30",
        " 2011"
      ]
    },
    {
      "REQ_subtype": "",
      "REQ_type": "",
      "_id": 119,
      "author_id": "not defined",
      "author_name": "Zen Gardner",
      "helpful": "0",
      "polarity": "",
      "rate": 3,
      "response": "",
      "response_date": "",
      "review": "Have it running, and I hear faintly in the background...... music. Great that it plays when other apps are running - it is what I was looking for - but that faint background noise is a real detractor/distraction.",
      "review_date": [
        "December",
        "17",
        " 2012"
      ]
    },
    {
      "REQ_subtype": "",
      "REQ_type": "",
      "_id": 120,
      "author_id": "not defined",
      "author_name": "A Google user",
      "helpful": "0",
      "polarity": "",
      "rate": 5,
      "response": "",
      "response_date": "",
      "review": "Puts me right to sleep. Exellent sound quality, volume works fine. Beautifull sound bite and loop fades in and out like a rainy day. Love it",
      "review_date": [
        "January",
        "11",
        " 2012"
      ]
    },
    {
      "REQ_subtype": "",
      "REQ_type": "",
      "_id": 121,
      "author_id": "not defined",
      "author_name": "A Google user",
      "helpful": "0",
      "polarity": "",
      "rate": 4,
      "response": "",
      "response_date": "",
      "review": "I sleep with a fan to drown out noises. Vacation, no fan. Thanks to this app I slept like a baby...didn't hear spouses snoring at all.",
      "review_date": [
        "October",
        "31",
        " 2011"
      ]
    },
    {
      "REQ_subtype": "",
      "REQ_type": "",
      "_id": 122,
      "author_id": "not defined",
      "author_name": "A Google user",
      "helpful": "6",
      "polarity": "",
      "rate": 2,
      "response": "",
      "response_date": "",
      "review": "Am I the only one hearing music in the background? I really don't like that.. To concentrated on this sounds. But the rain would be good without",
      "review_date": [
        "July",
        "4",
        " 2011"
      ]
    },
    {
      "REQ_subtype": "",
      "REQ_type": "",
      "_id": 123,
      "author_id": "not defined",
      "author_name": "A Google user",
      "helpful": "2",
      "polarity": "",
      "rate": 3,
      "response": "",
      "response_date": "",
      "review": "All in all not bad but the music in the background is off-putting and a little creepy. Not sure of the 'twittering' birds during the storm either.",
      "review_date": [
        "July",
        "2",
        " 2012"
      ]
    },
    {
      "REQ_subtype": "",
      "REQ_type": "",
      "_id": 124,
      "author_id": "not defined",
      "author_name": "A Google user",
      "helpful": "1",
      "polarity": "",
      "rate": 5,
      "response": "",
      "response_date": "",
      "review": "Best sleep enhancement app I have come across YET! Definitely 5 thumbs up, and I recommend this one for everyone to try. Very simple, with extremely realistic sounds",
      "review_date": [
        "April",
        "17",
        " 2012"
      ]
    },
    {
      "REQ_subtype": "",
      "REQ_type": "",
      "_id": 125,
      "author_id": "not defined",
      "author_name": "A Google user",
      "helpful": "2",
      "polarity": "",
      "rate": 4,
      "response": "",
      "response_date": "",
      "review": "This app is great, its the only one I could find with the most realistic rain. I would looooove it so much more if it have more thunder claps in it.",
      "review_date": [
        "July",
        "24",
        " 2011"
      ]
    },
    {
      "REQ_subtype": "",
      "REQ_type": "",
      "_id": 126,
      "author_id": "not defined",
      "author_name": "A Google user",
      "helpful": "2",
      "polarity": "",
      "rate": 3,
      "response": "",
      "response_date": "",
      "review": "Faintly behind the rain sounds is some music which seems to be interference and not intentional.",
      "review_date": [
        "July",
        "3",
        " 2012"
      ]
    },
    {
      "REQ_subtype": "",
      "REQ_type": "",
      "_id": 127,
      "author_id": "not defined",
      "author_name": "A Google user",
      "helpful": "0",
      "polarity": "",
      "rate": 3,
      "response": "",
      "response_date": "",
      "review": "I love the sound and pictures, but the big button in the middle is bothersome. Its very simple, but I'd much rather it be more translucent or smaller.",
      "review_date": [
        "May",
        "7",
        " 2011"
      ]
    },
    {
      "REQ_subtype": "",
      "REQ_type": "",
      "_id": 128,
      "author_id": "not defined",
      "author_name": "A Google user",
      "helpful": "3",
      "polarity": "",
      "rate": 5,
      "response": "",
      "response_date": "",
      "review": "Thanks!! Love you!!...just what I needed for study :P Blocks the outside noise and there is no disturbance in the rain..(I mean outside sound)",
      "review_date": [
        "December",
        "19",
        " 2011"
      ]
    },
    {
      "REQ_subtype": "",
      "REQ_type": "",
      "_id": 129,
      "author_id": "not defined",
      "author_name": "A Google user",
      "helpful": "2",
      "polarity": "",
      "rate": 4,
      "response": "",
      "response_date": "",
      "review": "Evo 4G: you can put the phone on standby or exit out of the app and the track'll still play. The track is long and realistic enough for me.",
      "review_date": [
        "September",
        "6",
        " 2011"
      ]
    },
    {
      "REQ_subtype": "",
      "REQ_type": "",
      "_id": 130,
      "author_id": "not defined",
      "author_name": "A Google user",
      "helpful": "0",
      "polarity": "",
      "rate": 4,
      "response": "",
      "response_date": "",
      "review": "It's very soothing and rather realistic, been using it through the nights for two nights now and thought it was really raining this morning. It's great if there is a timer available.",
      "review_date": [
        "August",
        "31",
        " 2012"
      ]
    },
    {
      "REQ_subtype": "",
      "REQ_type": "",
      "_id": 131,
      "author_id": "not defined",
      "author_name": "A Google user",
      "helpful": "0",
      "polarity": "",
      "rate": 4,
      "response": "",
      "response_date": "",
      "review": "Best sound for an app like this, but one less star for the lack of sleep timer. Pretty please add one?!",
      "review_date": [
        "May",
        "3",
        " 2011"
      ]
    },
    {
      "REQ_subtype": "",
      "REQ_type": "",
      "_id": 132,
      "author_id": "not defined",
      "author_name": "A Google user",
      "helpful": "2",
      "polarity": "",
      "rate": 4,
      "response": "",
      "response_date": "",
      "review": "Great app but needs to have volume control because you can barely hear it unless you use cpu speakers.  Also needs to have a timer",
      "review_date": [
        "October",
        "19",
        " 2012"
      ]
    },
    {
      "REQ_subtype": "",
      "REQ_type": "",
      "_id": 133,
      "author_id": "not defined",
      "author_name": "A Google user",
      "helpful": "0",
      "polarity": "",
      "rate": 2,
      "response": "",
      "response_date": "",
      "review": "Nice app, is it just me, or could anyone else make out a very faint violin sound in the background? Hope i aint going nuts!!.",
      "review_date": [
        "April",
        "15",
        " 2011"
      ]
    },
    {
      "REQ_subtype": "",
      "REQ_type": "",
      "_id": 134,
      "author_id": "not defined",
      "author_name": "A Google user",
      "helpful": "3",
      "polarity": "",
      "rate": 5,
      "response": "",
      "response_date": "",
      "review": "Does what it says on the tin.  I see no point in pro, as the ads young bother me while I'm sleeping",
      "review_date": [
        "November",
        "21",
        " 2011"
      ]
    },
    {
      "REQ_subtype": "",
      "REQ_type": "",
      "_id": 135,
      "author_id": "not defined",
      "author_name": "A Google user",
      "helpful": "0",
      "polarity": "",
      "rate": 4,
      "response": "",
      "response_date": "",
      "review": "This helped me finally to drift off to sleep last night after lying awake with a migraine for seven hours. Thank you!",
      "review_date": [
        "March",
        "28",
        " 2011"
      ]
    },
    {
      "REQ_subtype": "",
      "REQ_type": "",
      "_id": 136,
      "author_id": "not defined",
      "author_name": "A Google user",
      "helpful": "0",
      "polarity": "",
      "rate": 5,
      "response": "",
      "response_date": "",
      "review": "I Reeli lik diz app idk bout da othr ppl but diz help me go 2 sleep 4reel",
      "review_date": [
        "May",
        "2",
        " 2011"
      ]
    },
    {
      "REQ_subtype": "",
      "REQ_type": "",
      "_id": 137,
      "author_id": "not defined",
      "author_name": "A Google user",
      "helpful": "1",
      "polarity": "",
      "rate": 5,
      "response": "",
      "response_date": "",
      "review": "Thank you for existing so you could make this app B-)   2:48am. . First time this week goodnight<3<3",
      "review_date": [
        "June",
        "18",
        " 2012"
      ]
    },
    {
      "REQ_subtype": "",
      "REQ_type": "",
      "_id": 138,
      "author_id": "not defined",
      "author_name": "A Google user",
      "helpful": "1",
      "polarity": "",
      "rate": 2,
      "response": "",
      "response_date": "",
      "review": "Bird chirping during rain Wtf?? Way to ruin it. Also lack of timer sucks.",
      "review_date": [
        "August",
        "31",
        " 2012"
      ]
    },
    {
      "REQ_subtype": "",
      "REQ_type": "",
      "_id": 139,
      "author_id": "not defined",
      "author_name": "A Google user",
      "helpful": "0",
      "polarity": "",
      "rate": 5,
      "response": "",
      "response_date": "",
      "review": "This app is amazing! It calms my newborn son (4 weeks old) down for everything from bath time to nap time. It helps me catch elusive new parent zzz's!",
      "review_date": [
        "May",
        "1",
        " 2011"
      ]
    },
    {
      "REQ_subtype": "",
      "REQ_type": "",
      "_id": 140,
      "author_id": "not defined",
      "author_name": "A Google user",
      "helpful": "2",
      "polarity": "",
      "rate": 4,
      "response": "",
      "response_date": "",
      "review": "Good app but I wished that I see rain drops while I'm listening to the rain drops sound. But in common it's good",
      "review_date": [
        "February",
        "28",
        " 2012"
      ]
    },
    {
      "REQ_subtype": "",
      "REQ_type": "",
      "_id": 141,
      "author_id": "not defined",
      "author_name": "A Google user",
      "helpful": "5",
      "polarity": "",
      "rate": 1,
      "response": "",
      "response_date": "",
      "review": "Bird noises? I'm trying to sleep here.....",
      "review_date": [
        "October",
        "8",
        " 2011"
      ]
    },
    {
      "REQ_subtype": "",
      "REQ_type": "",
      "_id": 142,
      "author_id": "not defined",
      "author_name": "A Google user",
      "helpful": "0",
      "polarity": "",
      "rate": 4,
      "response": "",
      "response_date": "",
      "review": "I can hear music in the background as well. Not sure if that was on purpose or not. Luckily, I don't mind it at all.",
      "review_date": [
        "July",
        "17",
        " 2012"
      ]
    },
    {
      "REQ_subtype": "",
      "REQ_type": "",
      "_id": 143,
      "author_id": "not defined",
      "author_name": "A Google user",
      "helpful": "1",
      "polarity": "",
      "rate": 5,
      "response": "",
      "response_date": "",
      "review": "this is great puts me to sleep every night no problems i love it no other app has got me to sleep",
      "review_date": [
        "May",
        "25",
        " 2012"
      ]
    },
    {
      "REQ_subtype": "",
      "REQ_type": "",
      "_id": 144,
      "author_id": "not defined",
      "author_name": "A Google user",
      "helpful": "0",
      "polarity": "",
      "rate": 5,
      "response": "",
      "response_date": "",
      "review": "The 'loop' does fade away and start again but the quality and function is just what I needed to keep an infant asleep, thanks!",
      "review_date": [
        "October",
        "30",
        " 2011"
      ]
    },
    {
      "REQ_subtype": "",
      "REQ_type": "",
      "_id": 145,
      "author_id": "not defined",
      "author_name": "A Google user",
      "helpful": "0",
      "polarity": "",
      "rate": 5,
      "response": "",
      "response_date": "",
      "review": "Wow.Thats all I can say other than this almost having me go to sleep........very calm and soothing.If you rly want sleep,get this!",
      "review_date": [
        "May",
        "5",
        " 2011"
      ]
    },
    {
      "REQ_subtype": "",
      "REQ_type": "",
      "_id": 146,
      "author_id": "not defined",
      "author_name": "A Google user",
      "helpful": "2",
      "polarity": "",
      "rate": 2,
      "response": "",
      "response_date": "",
      "review": "Get rid of the birds and I will give this a higher rating!",
      "review_date": [
        "July",
        "31",
        " 2012"
      ]
    },
    {
      "REQ_subtype": "",
      "REQ_type": "",
      "_id": 147,
      "author_id": "not defined",
      "author_name": "A Google user",
      "helpful": "0",
      "polarity": "",
      "rate": 5,
      "response": "",
      "response_date": "",
      "review": "I tried the pro version, the only diff was no ads. The only time I use it is to help me sleep which it is great at, but I do not care about ads at that point:)",
      "review_date": [
        "February",
        "9",
        " 2012"
      ]
    },
    {
      "REQ_subtype": "",
      "REQ_type": "",
      "_id": 148,
      "author_id": "not defined",
      "author_name": "A Google user",
      "helpful": "0",
      "polarity": "",
      "rate": 2,
      "response": "",
      "response_date": "",
      "review": "Not bad but stops on its own after a while. Lightening Bug is better",
      "review_date": [
        "May",
        "14",
        " 2011"
      ]
    },
    {
      "REQ_subtype": "",
      "REQ_type": "",
      "_id": 149,
      "author_id": "not defined",
      "author_name": "A Google user",
      "helpful": "1",
      "polarity": "",
      "rate": 5,
      "response": "",
      "response_date": "",
      "review": "Thiss Iss Nicee, But You Should Havee Likee Rain Dropss Hittinn Thee Background & Fixx Thee Skippingg!",
      "review_date": [
        "February",
        "29",
        " 2012"
      ]
    },
    {
      "REQ_subtype": "",
      "REQ_type": "",
      "_id": 150,
      "author_id": "not defined",
      "author_name": "A Google user",
      "helpful": "0",
      "polarity": "",
      "rate": 3,
      "response": "",
      "response_date": "",
      "review": "High quality sound, but use while falling asleep & birds chirping is weird at night. App also needs timer so that it doesn't play all night.",
      "review_date": [
        "March",
        "17",
        " 2011"
      ]
    },
    {
      "REQ_subtype": "",
      "REQ_type": "",
      "_id": 151,
      "author_id": "not defined",
      "author_name": "A Google user",
      "helpful": "0",
      "polarity": "",
      "rate": 5,
      "response": "",
      "response_date": "",
      "review": "I'm a Misophonia sufferer , you don't know how much we need this kind of apps to go on in our lives , thanks a lot .",
      "review_date": [
        "June",
        "6",
        " 2012"
      ]
    },
    {
      "REQ_subtype": "",
      "REQ_type": "",
      "_id": 152,
      "author_id": "not defined",
      "author_name": "A Google user",
      "helpful": "0",
      "polarity": "",
      "rate": 3,
      "response": "",
      "response_date": "",
      "review": "It does what it advertise. But it takes 9 mb of memory just to play a loop of rain noise is not very impressive.",
      "review_date": [
        "July",
        "16",
        " 2011"
      ]
    },
    {
      "REQ_subtype": "",
      "REQ_type": "",
      "_id": 153,
      "author_id": "not defined",
      "author_name": "A Google user",
      "helpful": "0",
      "polarity": "",
      "rate": 4,
      "response": "",
      "response_date": "",
      "review": "Fantastic sleep aid for my wife and I, particularly when hooked to our surround system. Would be 5 stars if it could be installed to the memory card.",
      "review_date": [
        "June",
        "5",
        " 2011"
      ]
    },
    {
      "REQ_subtype": "",
      "REQ_type": "",
      "_id": 154,
      "author_id": "not defined",
      "author_name": "A Google user",
      "helpful": "1",
      "polarity": "",
      "rate": 5,
      "response": "",
      "response_date": "",
      "review": "Artistic and simple UI and I like that it continues if you switch away from the app.",
      "review_date": [
        "September",
        "27",
        " 2011"
      ]
    },
    {
      "REQ_subtype": "",
      "REQ_type": "",
      "_id": 155,
      "author_id": "not defined",
      "author_name": "A Google user",
      "helpful": "0",
      "polarity": "",
      "rate": 5,
      "response": "",
      "response_date": "",
      "review": "Wow now i can sleep even better, that rain just knocks me out!!",
      "review_date": [
        "April",
        "4",
        " 2011"
      ]
    },
    {
      "REQ_subtype": "",
      "REQ_type": "",
      "_id": 156,
      "author_id": "not defined",
      "author_name": "A Google user",
      "helpful": "1",
      "polarity": "",
      "rate": 5,
      "response": "",
      "response_date": "",
      "review": "I've got trouble with sleeping and this really helps me to relax :)",
      "review_date": [
        "January",
        "28",
        " 2013"
      ]
    },
    {
      "REQ_subtype": "",
      "REQ_type": "",
      "_id": 157,
      "author_id": "not defined",
      "author_name": "A Google user",
      "helpful": "2",
      "polarity": "",
      "rate": 3,
      "response": "",
      "response_date": "",
      "review": "Good rain sound but no sleep timer? Uninstalled.",
      "review_date": [
        "August",
        "17",
        " 2011"
      ]
    },
    {
      "REQ_subtype": "",
      "REQ_type": "",
      "_id": 158,
      "author_id": "not defined",
      "author_name": "A Google user",
      "helpful": "0",
      "polarity": "",
      "rate": 3,
      "response": "",
      "response_date": "",
      "review": "Far too much thunder and no sleep timer",
      "review_date": [
        "August",
        "22",
        " 2011"
      ]
    },
    {
      "REQ_subtype": "",
      "REQ_type": "",
      "_id": 159,
      "author_id": "not defined",
      "author_name": "A Google user",
      "helpful": "2",
      "polarity": "",
      "rate": 5,
      "response": "",
      "response_date": "",
      "review": "Love the app. Works great on my HTC Droid Incredible 2.",
      "review_date": [
        "September",
        "13",
        " 2011"
      ]
    }
  ],
  "size": "Varies with devic",
  "url": "https://play.google.com/store/apps/details?id=anti.rain",
  "version": "Varies with device"
}