{
  "categories": [
    "Travel & Local"
  ],
  "description": "Ramblr \u2013 Your adventure. Your story. Your outdoor adventures deserve more than a simple blog entry or status update. This is you overcoming the impossible, white knuckled and covered in dirt, and doing things you only dreamed of doing. When you\u2019re experiencing the best that Mother Nature has to offer, ramblr provides a way to chronicle your expeditions using stats, pics, videos, descriptions and maps. Whether you\u2019re hiking, biking, skiing, kayaking, or road tripping, you can finally tell your story the way it was meant to be told. Capture the highlights of your trip  \u2022 Track your route on the map \u2013 see where you\u2019ve been and where you\u2019re going.\u2022 Revel in the glory of your accomplishments \u2013 check out statistics for your trip, such as speed, duration, distance, highest point, etc.   \u2022 Record video, pics, audio and text descriptions and tag it to points on your map. Relive the full experience of your trip.  \u2022 Create a story \u2013 use your video and audio recordings, statistics and map tracking to build a rich, detailed record of your journey.  Share your story  \u2022 Upload and share memories from your adventures without any hassle. Whether you\u2019re climbing mountains, surviving white water rapids, or generally conquering the world, sharing the details of your trip can be the farthest thing from your mind. Facebook and Twitter integration make it easy and effortless to update your friends on where you are on your journey.Find your way  \u2022 Use the built-in GPS system for directions and routes.\u2022 Download public trips from our server for real-time guidance on your own journey. Experience other stories\u2022 Don\u2019t know what adventure to embark on? Browse and access trips taken by your friends and others.\u2022 Search for trips by video and audio recordings, map locations, keywords or by name. Learn more about how you can record and share your next adventure like never before at www.ramblr.com.",
  "inc": "Bientus, Inc.",
  "intalled_count": "100,000",
  "last_update": [
    "July",
    "11",
    " 2018"
  ],
  "name": "ramblr (hiking, gps, map)",
  "offered_by": "Google Commerce Ltd",
  "permissions": {
    "Device & app history": [
      "retrieve running apps"
    ],
    "Identity": [
      "find accounts on the device",
      "add or remove accounts"
    ],
    "Contacts": [
      "find accounts on the device"
    ],
    "Location": [
      "approximate location (network-based)",
      "precise location (GPS and network-based)",
      "access extra location provider commands"
    ],
    "Photos/Media/Files": [
      "read the contents of your USB storage",
      "modify or delete the contents of your USB storage"
    ],
    "Storage": [
      "read the contents of your USB storage",
      "modify or delete the contents of your USB storage"
    ],
    "Camera": [
      "take pictures and videos"
    ],
    "Microphone": [
      "record audio"
    ],
    "Wi-Fi connection information": [
      "view Wi-Fi connections"
    ],
    "Other": [
      "close other apps",
      "receive data from Internet",
      "view configured accounts",
      "YouTube",
      "view network connections",
      "create accounts and set passwords",
      "change network connectivity",
      "full network access",
      "close other apps",
      "draw over other apps",
      "use accounts on the device",
      "control vibration",
      "prevent device from sleeping",
      "read Google service configuration"
    ]
  },
  "price": "",
  "rate": [
    [
      "2,564",
      "4.5"
    ],
    [
      "1,747",
      "5"
    ],
    [
      "526",
      "4"
    ],
    [
      "122",
      "3"
    ],
    [
      "58",
      "2"
    ],
    [
      "111",
      "1"
    ]
  ],
  "required_android": "4.1",
  "reviews": [
    {
      "REQ_subtype": "",
      "REQ_type": "",
      "_id": 0,
      "author_id": "not defined",
      "author_name": "A Google user",
      "helpful": "1",
      "polarity": "",
      "rate": 3,
      "response": "",
      "response_date": "",
      "review": "Could you get back to me. As the walks seem to be inaccurate. The track \nshows me doubling back on my self a lot which I didn't do I really like the \nidea of this is there anything that can be done. As in trying to build an \naccurate profile of my walks",
      "review_date": [
        "June",
        "25",
        " 2018"
      ]
    },
    {
      "REQ_subtype": "",
      "REQ_type": "",
      "_id": 1,
      "author_id": "not defined",
      "author_name": "jannapa yingrakchai",
      "helpful": "0",
      "polarity": "",
      "rate": 5,
      "response": "",
      "response_date": "",
      "review": "Would be nice if it shows the trail on offline map that we could follow and \ntrack our hike using GPS. I love this app because it shows how long and how \nmany miles for me to get there. Also, I can take a picture of turning \npoints that wasn't clear on the trail and it will shows on my route map. \nVery useful when we on the trail it also shows where I am and which route I \ntook on my way in, but you have to create your own route in.",
      "review_date": [
        "June",
        "17",
        " 2018"
      ]
    },
    {
      "REQ_subtype": "",
      "REQ_type": "",
      "_id": 2,
      "author_id": "not defined",
      "author_name": "James Leininger",
      "helpful": "0",
      "polarity": "",
      "rate": 5,
      "response": "",
      "response_date": "",
      "review": "Out of the 4 trail apps I downloaded, this is by far the best and easiest \nto use. It doesn't use a lot of data and tracks accurately.",
      "review_date": [
        "June",
        "16",
        " 2018"
      ]
    },
    {
      "REQ_subtype": "",
      "REQ_type": "",
      "_id": 3,
      "author_id": "not defined",
      "author_name": "Raja Krishnamoorthy",
      "helpful": "0",
      "polarity": "",
      "rate": 5,
      "response": "",
      "response_date": "",
      "review": "Very useful in mapping and sharing my hikes.",
      "review_date": [
        "June",
        "22",
        " 2018"
      ]
    },
    {
      "REQ_subtype": "",
      "REQ_type": "",
      "_id": 4,
      "author_id": "not defined",
      "author_name": "Doug Orszula",
      "helpful": "4",
      "polarity": "",
      "rate": 3,
      "response": "",
      "response_date": "",
      "review": "I use it every weekend year round and it works well for me. Just wish you \nhad the choice to accept followers or not and were able to delete them...",
      "review_date": [
        "May",
        "21",
        " 2018"
      ]
    },
    {
      "REQ_subtype": "",
      "REQ_type": "",
      "_id": 5,
      "author_id": "not defined",
      "author_name": "A Google user",
      "helpful": "2",
      "polarity": "",
      "rate": 5,
      "response": "",
      "response_date": "",
      "review": "For a freebie, it's a cracker",
      "review_date": [
        "June",
        "1",
        " 2018"
      ]
    },
    {
      "REQ_subtype": "",
      "REQ_type": "",
      "_id": 6,
      "author_id": "not defined",
      "author_name": "Nijo Mountain",
      "helpful": "9",
      "polarity": "",
      "rate": 5,
      "response": "",
      "response_date": "",
      "review": "I like it because the user interface is easy to understand. also unlike other apps it is easy to leave notes photos and voice notes that appear on the actual map. For example, note bear right or saw a poisonous snake here . One point to improve is on the phone accessing old hikes is time consuming. I had about 100 a year for 3-4 years and it takes to go screen by screen back 2 years ago.",
      "review_date": [
        "December",
        "23",
        " 2017"
      ]
    },
    {
      "REQ_subtype": "",
      "REQ_type": "",
      "_id": 7,
      "author_id": "not defined",
      "author_name": "Shelane Nielsen",
      "helpful": "11",
      "polarity": "",
      "rate": 5,
      "response": "",
      "response_date": "",
      "review": "Love this app. Love that pics get geotagged to the route, love that I can draw my own route following maps on my desktop and then follow those routes while I'm out hiking. Still trying out how to download maps and use them, but I love the app (and have used a couple other ones that don't quite compare).",
      "review_date": [
        "January",
        "4",
        " 2018"
      ]
    },
    {
      "REQ_subtype": "",
      "REQ_type": "",
      "_id": 8,
      "author_id": "not defined",
      "author_name": "Debbie Petansky",
      "helpful": "6",
      "polarity": "",
      "rate": 5,
      "response": "",
      "response_date": "",
      "review": "I use this tool to document the good, the bad and the ugly on multi-use trails. The reports are used to know what needs to be addressed to make the trails safe for the general public. Awesome app!",
      "review_date": [
        "November",
        "21",
        " 2017"
      ]
    },
    {
      "REQ_subtype": "",
      "REQ_type": "",
      "_id": 9,
      "author_id": "not defined",
      "author_name": "Faith Gomez",
      "helpful": "1",
      "polarity": "",
      "rate": 3,
      "response": "",
      "response_date": "",
      "review": "Not the most user friendly app I've used. I wish I could see my distance and time, while I'm hiking. All it does is alert you with time and distance at one mile intervals.",
      "review_date": [
        "March",
        "12",
        " 2018"
      ]
    },
    {
      "REQ_subtype": "",
      "REQ_type": "",
      "_id": 10,
      "author_id": "not defined",
      "author_name": "Eugene Gotwalt",
      "helpful": "1",
      "polarity": "",
      "rate": 5,
      "response": "",
      "response_date": "",
      "review": "Of all the hiking apps I have used, this is my favorite.  Full functionality without them trying to get you to spend money on a pro version like so many other apps.",
      "review_date": [
        "February",
        "25",
        " 2018"
      ]
    },
    {
      "REQ_subtype": "",
      "REQ_type": "",
      "_id": 11,
      "author_id": "not defined",
      "author_name": "A Google user",
      "helpful": "0",
      "polarity": "",
      "rate": 4,
      "response": "",
      "response_date": "",
      "review": "Loved the app except it does not have a dashboard that you can check during your ride.  You only see mileage and speed once you hit the finish button.  I would love to see a dashboard added....that is a very useful tool when you are on the trail trying to make decisions.",
      "review_date": [
        "March",
        "12",
        " 2018"
      ]
    },
    {
      "REQ_subtype": "",
      "REQ_type": "",
      "_id": 12,
      "author_id": "not defined",
      "author_name": "A Google user",
      "helpful": "1",
      "polarity": "",
      "rate": 5,
      "response": "",
      "response_date": "",
      "review": "Great all around trail map. Ad free and many folks upload their hikes, walks, etc. Good resource! Easy to use.",
      "review_date": [
        "October",
        "3",
        " 2017"
      ]
    },
    {
      "REQ_subtype": "",
      "REQ_type": "",
      "_id": 13,
      "author_id": "not defined",
      "author_name": "Rick Monzek",
      "helpful": "2",
      "polarity": "",
      "rate": 5,
      "response": "",
      "response_date": "",
      "review": "Need more users great app like to see what other people around the world are doing and also people in my neighborhood",
      "review_date": [
        "December",
        "22",
        " 2017"
      ]
    },
    {
      "REQ_subtype": "",
      "REQ_type": "",
      "_id": 14,
      "author_id": "not defined",
      "author_name": "Josu\u00e9 Barrientos",
      "helpful": "1",
      "polarity": "",
      "rate": 5,
      "response": "",
      "response_date": "",
      "review": "I love it. I use it for recording hikes. It lets you take pics and stores your trips in a sort of social profile.",
      "review_date": [
        "December",
        "2",
        " 2017"
      ]
    },
    {
      "REQ_subtype": "",
      "REQ_type": "",
      "_id": 15,
      "author_id": "not defined",
      "author_name": "Elaine Galliher",
      "helpful": "3",
      "polarity": "",
      "rate": 5,
      "response": "",
      "response_date": "",
      "review": "Great way to keep a log of my hikes",
      "review_date": [
        "September",
        "26",
        " 2017"
      ]
    },
    {
      "REQ_subtype": "",
      "REQ_type": "",
      "_id": 16,
      "author_id": "not defined",
      "author_name": "Martin Booth",
      "helpful": "1",
      "polarity": "",
      "rate": 5,
      "response": "",
      "response_date": "",
      "review": "Really good for talking our walks and organizing the photos and videos after",
      "review_date": [
        "October",
        "1",
        " 2017"
      ]
    },
    {
      "REQ_subtype": "",
      "REQ_type": "",
      "_id": 17,
      "author_id": "not defined",
      "author_name": "John Reynolds",
      "helpful": "0",
      "polarity": "",
      "rate": 4,
      "response": "",
      "response_date": "",
      "review": "Easy to use, and it doesn't require internet. With no network, the battery lasts a lot longer!",
      "review_date": [
        "March",
        "18",
        " 2018"
      ]
    },
    {
      "REQ_subtype": "",
      "REQ_type": "",
      "_id": 18,
      "author_id": "not defined",
      "author_name": "\u0639\u0644\u06cc\u0631\u0636\u0627 \u0648\u0644\u0627\u06cc\u062a\u06cc",
      "helpful": "0",
      "polarity": "",
      "rate": 5,
      "response": "",
      "response_date": "",
      "review": "\u0628\u0633\u06cc\u0627\u0631 \u0639\u0627\u0644\u06cc \u0648 \u06a9\u0627\u0631\u0628\u0631\u062f\u06cc \u062a\u0634\u06a9\u0631 \u0627\u0632 \u0634\u0631\u06a9\u062a \u0633\u0627\u0632\u0646\u062f\u0647 \u0627\u06cc\u0646 \u0646\u0631\u0645 \u0627\u0641\u0632\u0627\u0631..",
      "review_date": [
        "February",
        "2",
        " 2018"
      ]
    },
    {
      "REQ_subtype": "",
      "REQ_type": "",
      "_id": 19,
      "author_id": "not defined",
      "author_name": "George k",
      "helpful": "0",
      "polarity": "",
      "rate": 4,
      "response": "",
      "response_date": "",
      "review": "Great app, I just wish I was able to attach videos from anothe device,  still great",
      "review_date": [
        "December",
        "2",
        " 2017"
      ]
    },
    {
      "REQ_subtype": "",
      "REQ_type": "",
      "_id": 20,
      "author_id": "not defined",
      "author_name": "Wyeth Holman",
      "helpful": "0",
      "polarity": "",
      "rate": 5,
      "response": "",
      "response_date": "",
      "review": "It's been great so far. Very comprehensive range of features in a simple package.",
      "review_date": [
        "April",
        "8",
        " 2018"
      ]
    },
    {
      "REQ_subtype": "",
      "REQ_type": "",
      "_id": 21,
      "author_id": "not defined",
      "author_name": "James Bates",
      "helpful": "0",
      "polarity": "",
      "rate": 4,
      "response": "",
      "response_date": "",
      "review": "Great app for tracking hikes and such. Has never let me down",
      "review_date": [
        "May",
        "9",
        " 2018"
      ]
    },
    {
      "REQ_subtype": "",
      "REQ_type": "",
      "_id": 22,
      "author_id": "not defined",
      "author_name": "David Harper",
      "helpful": "0",
      "polarity": "",
      "rate": 4,
      "response": "",
      "response_date": "",
      "review": "Good hiking app, much better than map my hike.",
      "review_date": [
        "January",
        "28",
        " 2018"
      ]
    },
    {
      "REQ_subtype": "",
      "REQ_type": "",
      "_id": 23,
      "author_id": "not defined",
      "author_name": "A Google user",
      "helpful": "0",
      "polarity": "",
      "rate": 5,
      "response": "",
      "response_date": "",
      "review": "Love it.  My favorite app by far for tracking and organizing my hikes.",
      "review_date": [
        "December",
        "29",
        " 2017"
      ]
    },
    {
      "REQ_subtype": "",
      "REQ_type": "",
      "_id": 24,
      "author_id": "not defined",
      "author_name": "Mike VandeBerg",
      "helpful": "0",
      "polarity": "",
      "rate": 5,
      "response": "",
      "response_date": "",
      "review": "Great app. Used it many times now. Fun!",
      "review_date": [
        "March",
        "4",
        " 2018"
      ]
    },
    {
      "REQ_subtype": "",
      "REQ_type": "",
      "_id": 25,
      "author_id": "not defined",
      "author_name": "Paras Paner",
      "helpful": "0",
      "polarity": "",
      "rate": 5,
      "response": "",
      "response_date": "",
      "review": "It's great app for Hiking n Trekking",
      "review_date": [
        "February",
        "10",
        " 2018"
      ]
    },
    {
      "REQ_subtype": "",
      "REQ_type": "",
      "_id": 26,
      "author_id": "not defined",
      "author_name": "Connie Seah",
      "helpful": "0",
      "polarity": "",
      "rate": 5,
      "response": "",
      "response_date": "",
      "review": "Is very easy to use, l love it.",
      "review_date": [
        "February",
        "7",
        " 2018"
      ]
    },
    {
      "REQ_subtype": "",
      "REQ_type": "",
      "_id": 27,
      "author_id": "not defined",
      "author_name": "Robert White",
      "helpful": "0",
      "polarity": "",
      "rate": 5,
      "response": "",
      "response_date": "",
      "review": "Great app, easy to use interface.",
      "review_date": [
        "May",
        "9",
        " 2018"
      ]
    },
    {
      "REQ_subtype": "",
      "REQ_type": "",
      "_id": 28,
      "author_id": "not defined",
      "author_name": "S Ll",
      "helpful": "0",
      "polarity": "",
      "rate": 3,
      "response": "",
      "response_date": "",
      "review": "Good but not enough users",
      "review_date": [
        "September",
        "25",
        " 2017"
      ]
    },
    {
      "REQ_subtype": "",
      "REQ_type": "",
      "_id": 29,
      "author_id": "not defined",
      "author_name": "Prasanna Wagh Treks in Sahyadri's",
      "helpful": "0",
      "polarity": "",
      "rate": 5,
      "response": "",
      "response_date": "",
      "review": "Good app to track your hikes",
      "review_date": [
        "November",
        "1",
        " 2017"
      ]
    },
    {
      "REQ_subtype": "",
      "REQ_type": "",
      "_id": 30,
      "author_id": "not defined",
      "author_name": "Jason Dyer",
      "helpful": "0",
      "polarity": "",
      "rate": 5,
      "response": "",
      "response_date": "",
      "review": "Solid app",
      "review_date": [
        "October",
        "24",
        " 2017"
      ]
    },
    {
      "REQ_subtype": "",
      "REQ_type": "",
      "_id": 31,
      "author_id": "not defined",
      "author_name": "Gautam Vaishnav",
      "helpful": "0",
      "polarity": "",
      "rate": 5,
      "response": "",
      "response_date": "",
      "review": "Best app for hikers.",
      "review_date": [
        "November",
        "13",
        " 2017"
      ]
    },
    {
      "REQ_subtype": "",
      "REQ_type": "",
      "_id": 32,
      "author_id": "not defined",
      "author_name": "Swapnil Dabhade",
      "helpful": "0",
      "polarity": "",
      "rate": 5,
      "response": "",
      "response_date": "",
      "review": "Great app...very accurate",
      "review_date": [
        "November",
        "10",
        " 2017"
      ]
    },
    {
      "REQ_subtype": "",
      "REQ_type": "",
      "_id": 33,
      "author_id": "not defined",
      "author_name": "Joe Ricker",
      "helpful": "0",
      "polarity": "",
      "rate": 5,
      "response": "",
      "response_date": "",
      "review": "Great App!",
      "review_date": [
        "May",
        "7",
        " 2018"
      ]
    },
    {
      "REQ_subtype": "",
      "REQ_type": "",
      "_id": 34,
      "author_id": "not defined",
      "author_name": "Nikhil Sawant",
      "helpful": "0",
      "polarity": "",
      "rate": 5,
      "response": "",
      "response_date": "",
      "review": "Superb App for trekers",
      "review_date": [
        "October",
        "15",
        " 2017"
      ]
    },
    {
      "REQ_subtype": "",
      "REQ_type": "",
      "_id": 35,
      "author_id": "not defined",
      "author_name": "Mayra Solano",
      "helpful": "0",
      "polarity": "",
      "rate": 5,
      "response": "",
      "response_date": "",
      "review": "Super user friendly",
      "review_date": [
        "April",
        "15",
        " 2018"
      ]
    },
    {
      "REQ_subtype": "",
      "REQ_type": "",
      "_id": 36,
      "author_id": "not defined",
      "author_name": "pam beard",
      "helpful": "0",
      "polarity": "",
      "rate": 5,
      "response": "",
      "response_date": "",
      "review": "Great for trail riding",
      "review_date": [
        "June",
        "8",
        " 2018"
      ]
    },
    {
      "REQ_subtype": "",
      "REQ_type": "",
      "_id": 37,
      "author_id": "not defined",
      "author_name": "Shane Easterling",
      "helpful": "0",
      "polarity": "",
      "rate": 5,
      "response": "",
      "response_date": "",
      "review": "Awesome",
      "review_date": [
        "May",
        "1",
        " 2018"
      ]
    },
    {
      "REQ_subtype": "",
      "REQ_type": "",
      "_id": 38,
      "author_id": "not defined",
      "author_name": "freddy chesher",
      "helpful": "1",
      "polarity": "",
      "rate": 5,
      "response": "",
      "response_date": "",
      "review": "Works great. Keeps  recording  even in dense forest  One short comming after taking a picture you need to click on OK but the button is hard to see.",
      "review_date": [
        "August",
        "26",
        " 2017"
      ]
    },
    {
      "REQ_subtype": "",
      "REQ_type": "",
      "_id": 39,
      "author_id": "not defined",
      "author_name": "Andy Edmunds",
      "helpful": "0",
      "polarity": "",
      "rate": 3,
      "response": "",
      "response_date": "",
      "review": "Nice geo tracking app, with the ability to add photo, videos, notes etc. However, photos are not tagged with the correct date, and zoomed photos are not saved at all.  Apart from that it works well.",
      "review_date": [
        "August",
        "22",
        " 2017"
      ]
    },
    {
      "REQ_subtype": "",
      "REQ_type": "",
      "_id": 40,
      "author_id": "not defined",
      "author_name": "Stan Morrison",
      "helpful": "0",
      "polarity": "",
      "rate": 4,
      "response": "",
      "response_date": "",
      "review": "Menu buttons difficult to understand.",
      "review_date": [
        "September",
        "13",
        " 2017"
      ]
    },
    {
      "REQ_subtype": "",
      "REQ_type": "",
      "_id": 41,
      "author_id": "not defined",
      "author_name": "Rita Floyd",
      "helpful": "1",
      "polarity": "",
      "rate": 5,
      "response": "",
      "response_date": "",
      "review": "All I want to know is what is API key and how do I get it.",
      "review_date": [
        "September",
        "6",
        " 2017"
      ]
    },
    {
      "REQ_subtype": "",
      "REQ_type": "",
      "_id": 42,
      "author_id": "not defined",
      "author_name": "Plan Tel",
      "helpful": "2",
      "polarity": "",
      "rate": 5,
      "response": "",
      "response_date": "",
      "review": "Enjoyed offline map function, although missed a possibility to customize it (add small roads, etc)",
      "review_date": [
        "July",
        "15",
        " 2017"
      ]
    },
    {
      "REQ_subtype": "",
      "REQ_type": "",
      "_id": 43,
      "author_id": "not defined",
      "author_name": "Jake Prill",
      "helpful": "0",
      "polarity": "",
      "rate": 5,
      "response": "",
      "response_date": "",
      "review": "By far the best app for atv maping and riding. Record your trails, find somebody else's or make new trails using this free app!!",
      "review_date": [
        "August",
        "16",
        " 2017"
      ]
    },
    {
      "REQ_subtype": "",
      "REQ_type": "",
      "_id": 44,
      "author_id": "not defined",
      "author_name": "Scott Fuller",
      "helpful": "1",
      "polarity": "",
      "rate": 1,
      "response": "",
      "response_date": "",
      "review": "App is just what i need but support is non existent. No replies to emails. Ever.",
      "review_date": [
        "July",
        "12",
        " 2017"
      ]
    },
    {
      "REQ_subtype": "",
      "REQ_type": "",
      "_id": 45,
      "author_id": "not defined",
      "author_name": "Nathan Brown",
      "helpful": "0",
      "polarity": "",
      "rate": 4,
      "response": "",
      "response_date": "",
      "review": "Works great, but passports crash app sometimes.",
      "review_date": [
        "July",
        "25",
        " 2017"
      ]
    },
    {
      "REQ_subtype": "",
      "REQ_type": "",
      "_id": 46,
      "author_id": "not defined",
      "author_name": "Paul Kennaugh",
      "helpful": "0",
      "polarity": "",
      "rate": 1,
      "response": "",
      "response_date": "",
      "review": "Tried to login with Google and am told I must enter a valid name.....",
      "review_date": [
        "September",
        "18",
        " 2017"
      ]
    },
    {
      "REQ_subtype": "",
      "REQ_type": "",
      "_id": 47,
      "author_id": "not defined",
      "author_name": "olenka Cawdery",
      "helpful": "0",
      "polarity": "",
      "rate": 5,
      "response": "",
      "response_date": "",
      "review": "Really useful and fun to use",
      "review_date": [
        "August",
        "11",
        " 2017"
      ]
    },
    {
      "REQ_subtype": "",
      "REQ_type": "",
      "_id": 48,
      "author_id": "not defined",
      "author_name": "Tim Holton",
      "helpful": "0",
      "polarity": "",
      "rate": 5,
      "response": "",
      "response_date": "",
      "review": "I love this app!",
      "review_date": [
        "August",
        "7",
        " 2017"
      ]
    },
    {
      "REQ_subtype": "",
      "REQ_type": "",
      "_id": 49,
      "author_id": "not defined",
      "author_name": "Alicia Kristen",
      "helpful": "0",
      "polarity": "",
      "rate": 5,
      "response": "",
      "response_date": "",
      "review": "Even when I was on airplane mode because we were out of service it kept recording. Thanks to its speed averaging we realized we weren't going to make our destination. We could also mail a shortcut back just using GPS in airplane mode. Once we were back in service it matched our trip to the map perfectly. Pictures and notes along the trail really helps for both navigation and memories.",
      "review_date": [
        "August",
        "28",
        " 2017"
      ]
    },
    {
      "REQ_subtype": "",
      "REQ_type": "",
      "_id": 50,
      "author_id": "not defined",
      "author_name": "Geo Hiker",
      "helpful": "2",
      "polarity": "",
      "rate": 5,
      "response": "",
      "response_date": "",
      "review": "Absolutely great app.  Offers the same or features that other fee based tracking apps charge.  Offline maps, tagging photos, note, audio and video to the track is so easy.  Online you can also edit your track.  Drserves to have a wider following.",
      "review_date": [
        "June",
        "29",
        " 2017"
      ]
    },
    {
      "REQ_subtype": "",
      "REQ_type": "",
      "_id": 51,
      "author_id": "not defined",
      "author_name": "A Google user",
      "helpful": "4",
      "polarity": "",
      "rate": 1,
      "response": "",
      "response_date": "",
      "review": "Requires intrusive permissions in order to use it. Immediately uninstalled.",
      "review_date": [
        "June",
        "23",
        " 2017"
      ]
    },
    {
      "REQ_subtype": "",
      "REQ_type": "",
      "_id": 52,
      "author_id": "not defined",
      "author_name": "kayak Man",
      "helpful": "4",
      "polarity": "",
      "rate": 5,
      "response": "",
      "response_date": "",
      "review": "This is a GREAT app, possibly the best for trip tracking! Love it",
      "review_date": [
        "July",
        "2",
        " 2018"
      ]
    },
    {
      "REQ_subtype": "",
      "REQ_type": "",
      "_id": 53,
      "author_id": "not defined",
      "author_name": "Cathie Leslie",
      "helpful": "0",
      "polarity": "",
      "rate": 5,
      "response": "",
      "response_date": "",
      "review": "Use it to record my hikes and walks. Does everything I want it to.",
      "review_date": [
        "June",
        "19",
        " 2017"
      ]
    },
    {
      "REQ_subtype": "",
      "REQ_type": "",
      "_id": 54,
      "author_id": "not defined",
      "author_name": "Rick De Herrera",
      "helpful": "2",
      "polarity": "",
      "rate": 5,
      "response": "",
      "response_date": "",
      "review": "Best activities app ever!!!",
      "review_date": [
        "June",
        "9",
        " 2017"
      ]
    },
    {
      "REQ_subtype": "",
      "REQ_type": "",
      "_id": 55,
      "author_id": "not defined",
      "author_name": "dave kenny",
      "helpful": "5",
      "polarity": "",
      "rate": 2,
      "response": "",
      "response_date": "",
      "review": "Uninstalled due to unnecessary permissions. Looks like a good app, good reviews but - manage and make calls? Really? Let me know when you've taken that out and I will reinstall. Too bad. I've been looking for a good hiking app but it's not going to be this one.",
      "review_date": [
        "May",
        "22",
        " 2017"
      ]
    },
    {
      "REQ_subtype": "",
      "REQ_type": "",
      "_id": 56,
      "author_id": "not defined",
      "author_name": "Brian Adams",
      "helpful": "2",
      "polarity": "",
      "rate": 5,
      "response": "",
      "response_date": "",
      "review": "Easy to use,  other members of our rambling club have taken it on after I have told them about it, I find it works well even when walking thro' a thick canopy of trees, so the gps does not go blind.",
      "review_date": [
        "May",
        "11",
        " 2017"
      ]
    },
    {
      "REQ_subtype": "",
      "REQ_type": "",
      "_id": 57,
      "author_id": "not defined",
      "author_name": "Damon Londrigan",
      "helpful": "1",
      "polarity": "",
      "rate": 4,
      "response": "",
      "response_date": "",
      "review": "I just got this two weeks ago, so I'm still trying it out. The app does everything I use my Garmin  Edge 200 for on my bike, but you don't have to plug it into the computer to upload the data. There are also a lot more uses for it than for my Garmin which is nice. I like this app so far.",
      "review_date": [
        "May",
        "15",
        " 2017"
      ]
    },
    {
      "REQ_subtype": "",
      "REQ_type": "",
      "_id": 58,
      "author_id": "not defined",
      "author_name": "Sue Knopf",
      "helpful": "1",
      "polarity": "",
      "rate": 5,
      "response": "",
      "response_date": "",
      "review": "I tried other mapping apps, but this one is by far the best for what I want--to hike and record where I went and include photos and notes. And share with friends.",
      "review_date": [
        "May",
        "15",
        " 2017"
      ]
    },
    {
      "REQ_subtype": "",
      "REQ_type": "",
      "_id": 59,
      "author_id": "not defined",
      "author_name": "Ben Meszaros",
      "helpful": "1",
      "polarity": "",
      "rate": 5,
      "response": "",
      "response_date": "",
      "review": "Great app for tracking just about any activity where movement is involved, they even have a mode for road trip.",
      "review_date": [
        "May",
        "30",
        " 2017"
      ]
    },
    {
      "REQ_subtype": "",
      "REQ_type": "",
      "_id": 60,
      "author_id": "not defined",
      "author_name": "Mikko Eugenio",
      "helpful": "0",
      "polarity": "",
      "rate": 5,
      "response": "",
      "response_date": "",
      "review": "One cool app to track your trips. Can save photos or videos per spot or location. Would also provide trip details, stats and graphs. Very smooth and smart.",
      "review_date": [
        "May",
        "28",
        " 2017"
      ]
    },
    {
      "REQ_subtype": "",
      "REQ_type": "",
      "_id": 61,
      "author_id": "not defined",
      "author_name": "Gerry Adams",
      "helpful": "0",
      "polarity": "",
      "rate": 5,
      "response": "",
      "response_date": "",
      "review": "Easy to use trail and hiking reporting application. Good for hike planning, easy to share with others.",
      "review_date": [
        "May",
        "8",
        " 2017"
      ]
    },
    {
      "REQ_subtype": "",
      "REQ_type": "",
      "_id": 62,
      "author_id": "not defined",
      "author_name": "A Google user",
      "helpful": "0",
      "polarity": "",
      "rate": 5,
      "response": "",
      "response_date": "",
      "review": "Keeps me on course when my compass is set to 420.",
      "review_date": [
        "May",
        "14",
        " 2017"
      ]
    },
    {
      "REQ_subtype": "",
      "REQ_type": "",
      "_id": 63,
      "author_id": "not defined",
      "author_name": "Ronald Mount",
      "helpful": "0",
      "polarity": "",
      "rate": 5,
      "response": "",
      "response_date": "",
      "review": "Should be a good way to document a trip on holiday",
      "review_date": [
        "May",
        "18",
        " 2017"
      ]
    },
    {
      "REQ_subtype": "",
      "REQ_type": "",
      "_id": 64,
      "author_id": "not defined",
      "author_name": "ag72gby",
      "helpful": "0",
      "polarity": "",
      "rate": 5,
      "response": "",
      "response_date": "",
      "review": "Usefull to share nice experiences.",
      "review_date": [
        "May",
        "23",
        " 2017"
      ]
    },
    {
      "REQ_subtype": "",
      "REQ_type": "",
      "_id": 65,
      "author_id": "not defined",
      "author_name": "Cheri Overman",
      "helpful": "1",
      "polarity": "",
      "rate": 5,
      "response": "",
      "response_date": "",
      "review": "I use this app for AVA walks and guidebook walks such as Seattle Stairways and Seattle Walks. I used Google My Maps to develop a hiking route in the Columbia National Wildlife Refuge, then tracked hike with Ramblr. I will now try both apps to print maps for AVA club and share route electronically with event volunteers and event participants. I will see if Ramblr will allow me to track my hike when I have opened the archived planned and previously walked route. That would be most helpful since my planned route is not on designated trails. Thank you. I like Ramblr better than Map My Walk.",
      "review_date": [
        "May",
        "3",
        " 2017"
      ]
    },
    {
      "REQ_subtype": "",
      "REQ_type": "",
      "_id": 66,
      "author_id": "not defined",
      "author_name": "Seng Thiam Chew",
      "helpful": "1",
      "polarity": "",
      "rate": 5,
      "response": "",
      "response_date": "",
      "review": "Love ramblr but map always go haywire after I changed new Samsung A7 phone.",
      "review_date": [
        "May",
        "3",
        " 2017"
      ]
    },
    {
      "REQ_subtype": "",
      "REQ_type": "",
      "_id": 67,
      "author_id": "not defined",
      "author_name": "Holly Weaver",
      "helpful": "3",
      "polarity": "",
      "rate": 5,
      "response": "",
      "response_date": "",
      "review": "Love this app! I use it every time I'm out.",
      "review_date": [
        "April",
        "18",
        " 2017"
      ]
    },
    {
      "REQ_subtype": "",
      "REQ_type": "",
      "_id": 68,
      "author_id": "not defined",
      "author_name": "Nat Dennison",
      "helpful": "2",
      "polarity": "",
      "rate": 1,
      "response": "",
      "response_date": "",
      "review": "Wants to make calls. Nope.",
      "review_date": [
        "April",
        "17",
        " 2017"
      ]
    },
    {
      "REQ_subtype": "",
      "REQ_type": "",
      "_id": 69,
      "author_id": "not defined",
      "author_name": "Catherine Pritchett",
      "helpful": "0",
      "polarity": "",
      "rate": 5,
      "response": "",
      "response_date": "",
      "review": "If you enjoy outdoor activities, this is the best tracker out there.",
      "review_date": [
        "May",
        "6",
        " 2017"
      ]
    },
    {
      "REQ_subtype": "",
      "REQ_type": "",
      "_id": 70,
      "author_id": "not defined",
      "author_name": "Panayot Tolev",
      "helpful": "0",
      "polarity": "",
      "rate": 5,
      "response": "",
      "response_date": "",
      "review": "Just, thanks!",
      "review_date": [
        "April",
        "2",
        " 2017"
      ]
    },
    {
      "REQ_subtype": "",
      "REQ_type": "",
      "_id": 71,
      "author_id": "not defined",
      "author_name": "Robert Laird",
      "helpful": "0",
      "polarity": "",
      "rate": 5,
      "response": "",
      "response_date": "",
      "review": "Terrific app for keeping track of hikes, walks, bike rides, etc.",
      "review_date": [
        "April",
        "13",
        " 2017"
      ]
    },
    {
      "REQ_subtype": "",
      "REQ_type": "",
      "_id": 72,
      "author_id": "not defined",
      "author_name": "The Collingdale",
      "helpful": "1",
      "polarity": "",
      "rate": 5,
      "response": "",
      "response_date": "",
      "review": "Great walking app",
      "review_date": [
        "May",
        "6",
        " 2017"
      ]
    },
    {
      "REQ_subtype": "",
      "REQ_type": "",
      "_id": 73,
      "author_id": "not defined",
      "author_name": "hanchoon park",
      "helpful": "0",
      "polarity": "",
      "rate": 5,
      "response": "",
      "response_date": "",
      "review": "Quite a good app!",
      "review_date": [
        "March",
        "25",
        " 2017"
      ]
    },
    {
      "REQ_subtype": "",
      "REQ_type": "",
      "_id": 74,
      "author_id": "not defined",
      "author_name": "Narek Malkhasyan",
      "helpful": "0",
      "polarity": "",
      "rate": 5,
      "response": "",
      "response_date": "",
      "review": "Great app",
      "review_date": [
        "April",
        "24",
        " 2017"
      ]
    },
    {
      "REQ_subtype": "",
      "REQ_type": "",
      "_id": 75,
      "author_id": "not defined",
      "author_name": "Eric Sturgeon",
      "helpful": "2",
      "polarity": "",
      "rate": 5,
      "response": "",
      "response_date": "",
      "review": "My go-to app for recording my route on a map during hikes, paddles, etc.  The most valuable thing for me is that I can download maps to be used offline and then the GPS tracks where I am on that map so I can reference it if I'm feeling lost or need to get back to where I started.  It's also cool to take pictures through the app and the picture locations are plotted on the map when you're done.",
      "review_date": [
        "February",
        "21",
        " 2017"
      ]
    },
    {
      "REQ_subtype": "",
      "REQ_type": "",
      "_id": 76,
      "author_id": "not defined",
      "author_name": "Stacey Plotts",
      "helpful": "0",
      "polarity": "",
      "rate": 5,
      "response": "",
      "response_date": "",
      "review": "I've used other apps (to my chagrin) until I chanced upon ramblr (big coinkadink, since my 1st auto wuz a Rambler - but I digress) and I'm quite pleased that I did!  I must admit I'm not a hard-core fitness buff, so I don't use it to its full potential, but for my needs, it fits the bill quit handily! Try it, you'll like (if not love) it! \ud83d\ude0e",
      "review_date": [
        "February",
        "19",
        " 2017"
      ]
    },
    {
      "REQ_subtype": "",
      "REQ_type": "",
      "_id": 77,
      "author_id": "not defined",
      "author_name": "nupoor kulkarni",
      "helpful": "1",
      "polarity": "",
      "rate": 5,
      "response": "",
      "response_date": "",
      "review": "Amazing Application! Works even without internet, and the route can be shared with anybody!",
      "review_date": [
        "February",
        "24",
        " 2017"
      ]
    },
    {
      "REQ_subtype": "",
      "REQ_type": "",
      "_id": 78,
      "author_id": "not defined",
      "author_name": "dimitri",
      "helpful": "0",
      "polarity": "",
      "rate": 5,
      "response": "",
      "response_date": "",
      "review": "Fantastic use offline. Thanks a lot.",
      "review_date": [
        "February",
        "26",
        " 2017"
      ]
    },
    {
      "REQ_subtype": "",
      "REQ_type": "",
      "_id": 79,
      "author_id": "not defined",
      "author_name": "TJ Huang",
      "helpful": "0",
      "polarity": "",
      "rate": 5,
      "response": "",
      "response_date": "",
      "review": "Great app!",
      "review_date": [
        "March",
        "11",
        " 2017"
      ]
    },
    {
      "REQ_subtype": "",
      "REQ_type": "",
      "_id": 80,
      "author_id": "not defined",
      "author_name": "Steve Baker",
      "helpful": "4",
      "polarity": "",
      "rate": 4,
      "response": "",
      "response_date": "",
      "review": "Excellent application, just wish I had it over the past years to document all the travels my wife and I have made.  Well, there is no better time than now to begin a journal of our adventures.  The app has everything I need, a gps log , text and pictures to document points along the way, and the ability to share it with others.  Not to mention, it works seamless with no cellular coverage.  Highly recommend!",
      "review_date": [
        "February",
        "3",
        " 2017"
      ]
    },
    {
      "REQ_subtype": "",
      "REQ_type": "",
      "_id": 81,
      "author_id": "not defined",
      "author_name": "A Google user",
      "helpful": "3",
      "polarity": "",
      "rate": 5,
      "response": "",
      "response_date": "",
      "review": "Love this app.  A great way to be reminded of all the walks and climbs I've done.  Wish I had this when I started climbing 30 years ago.",
      "review_date": [
        "February",
        "8",
        " 2017"
      ]
    },
    {
      "REQ_subtype": "",
      "REQ_type": "",
      "_id": 82,
      "author_id": "not defined",
      "author_name": "Chris Gallacher",
      "helpful": "3",
      "polarity": "",
      "rate": 3,
      "response": "",
      "response_date": "",
      "review": "Downloaded this because it's supposed to support sharing to Facebook. Only it doesn't. When editing and uploading there is only an option to share to twitter, no Facebook",
      "review_date": [
        "January",
        "24",
        " 2017"
      ]
    },
    {
      "REQ_subtype": "",
      "REQ_type": "",
      "_id": 83,
      "author_id": "not defined",
      "author_name": "Scott Hansen",
      "helpful": "0",
      "polarity": "",
      "rate": 4,
      "response": "",
      "response_date": "",
      "review": "Been using this app to track My hikes for nearly a year.  It is really nice.",
      "review_date": [
        "January",
        "24",
        " 2017"
      ]
    },
    {
      "REQ_subtype": "",
      "REQ_type": "",
      "_id": 84,
      "author_id": "not defined",
      "author_name": "Piet de Visser",
      "helpful": "11",
      "polarity": "",
      "rate": 1,
      "response": "",
      "response_date": "",
      "review": "Ramblr WAS a GREAT app. and I was very happy using is. However, since I moved to a new phone Ramlr wants access to the capability to \"make calls\" ???  And without that permission it wont work anymore.  \"making calls\" is one step too far : I dont want to hand out that permission to just a tracking-application.  So for the moment, I'm putting Ramblr usage on hold. Sorry really, because it was s nice app.",
      "review_date": [
        "December",
        "8",
        " 2016"
      ]
    },
    {
      "REQ_subtype": "",
      "REQ_type": "",
      "_id": 85,
      "author_id": "not defined",
      "author_name": "Giorgi Bulia",
      "helpful": "2",
      "polarity": "",
      "rate": 5,
      "response": "",
      "response_date": "",
      "review": "App Is great but it would be better if I would be able to export tracks  with additional files (images, notea, videos) added to it as a file to be able to make some observations on pc when I am offline",
      "review_date": [
        "November",
        "19",
        " 2016"
      ]
    },
    {
      "REQ_subtype": "",
      "REQ_type": "",
      "_id": 86,
      "author_id": "not defined",
      "author_name": "A Google user",
      "helpful": "1",
      "polarity": "",
      "rate": 5,
      "response": "",
      "response_date": "",
      "review": "Great app for finding,  tracking, remembering where you've been.  HIGHLY RECOMMEND.. Just wish the maps could zoom in closer.",
      "review_date": [
        "January",
        "20",
        " 2017"
      ]
    },
    {
      "REQ_subtype": "",
      "REQ_type": "",
      "_id": 87,
      "author_id": "not defined",
      "author_name": "Ahmed Azzam",
      "helpful": "3",
      "polarity": "",
      "rate": 5,
      "response": "",
      "response_date": "",
      "review": "soooooooooo good",
      "review_date": [
        "November",
        "8",
        " 2016"
      ]
    },
    {
      "REQ_subtype": "",
      "REQ_type": "",
      "_id": 88,
      "author_id": "not defined",
      "author_name": "richard cussen",
      "helpful": "3",
      "polarity": "",
      "rate": 4,
      "response": "",
      "response_date": "",
      "review": "This is a great app for simply tracking your gps route. Love the simplicity of it and also the photo addition option.  The maps need to be improved. It would be great if there was the ability to download hiking maps with more detail. Also the automatic recentre feature is very irritating....it bounces back all the time...it's not practical. However, there are far more positive than negatives. Get involved.",
      "review_date": [
        "October",
        "3",
        " 2016"
      ]
    },
    {
      "REQ_subtype": "",
      "REQ_type": "",
      "_id": 89,
      "author_id": "not defined",
      "author_name": "Harry Heywood",
      "helpful": "7",
      "polarity": "",
      "rate": 1,
      "response": "",
      "response_date": "",
      "review": "I didn't see the reason when I downloaded the app, and I still don't so I didn't allow permission to make and manage calls. But apparently I can't do anything on the app except for tracking unless I give that permission. Why does ramblr need to make and manage calls?",
      "review_date": [
        "October",
        "20",
        " 2016"
      ]
    },
    {
      "REQ_subtype": "",
      "REQ_type": "",
      "_id": 90,
      "author_id": "not defined",
      "author_name": "R Dk",
      "helpful": "10",
      "polarity": "",
      "rate": 1,
      "response": "",
      "response_date": "",
      "review": "Worked great on my iPhone so when I moved to Android, I installed it here. However, it wants permission to control my phone which I denied it. It will not work without that permission. Sorry, I uninstalled and a one-star rating.",
      "review_date": [
        "September",
        "16",
        " 2016"
      ]
    },
    {
      "REQ_subtype": "",
      "REQ_type": "",
      "_id": 91,
      "author_id": "not defined",
      "author_name": "Leon Martin",
      "helpful": "4",
      "polarity": "",
      "rate": 5,
      "response": "",
      "response_date": "",
      "review": "Good app",
      "review_date": [
        "September",
        "23",
        " 2016"
      ]
    },
    {
      "REQ_subtype": "",
      "REQ_type": "",
      "_id": 92,
      "author_id": "not defined",
      "author_name": "James Manfull",
      "helpful": "1",
      "polarity": "",
      "rate": 1,
      "response": "",
      "response_date": "",
      "review": "This app had me pretty stoked but I've installed and uninstalled it twice and it refuses to open.",
      "review_date": [
        "September",
        "6",
        " 2016"
      ]
    },
    {
      "REQ_subtype": "",
      "REQ_type": "",
      "_id": 93,
      "author_id": "not defined",
      "author_name": "Barry Davidson",
      "helpful": "4",
      "polarity": "",
      "rate": 1,
      "response": "",
      "response_date": "",
      "review": "Two months ago would have given this 5 stars when it worked with offline maps. Now the app won't and quits if you try to download any maps using the app. A pulsing arrow on a blank screen is of no help. Support acknowledged my email but chose not to respond.",
      "review_date": [
        "August",
        "12",
        " 2016"
      ]
    },
    {
      "REQ_subtype": "",
      "REQ_type": "",
      "_id": 94,
      "author_id": "not defined",
      "author_name": "Eric Terrell",
      "helpful": "4",
      "polarity": "",
      "rate": 5,
      "response": "",
      "response_date": "",
      "review": "Just as the title says, my favorite app for moving around.",
      "review_date": [
        "August",
        "17",
        " 2016"
      ]
    },
    {
      "REQ_subtype": "",
      "REQ_type": "",
      "_id": 95,
      "author_id": "not defined",
      "author_name": "Raf Pontes",
      "helpful": "0",
      "polarity": "",
      "rate": 4,
      "response": "",
      "response_date": "",
      "review": "Lovely app. I\u00b4m using for kayaking and works very well. Just need something improvements like share route with specifics friends.",
      "review_date": [
        "July",
        "11",
        " 2016"
      ]
    },
    {
      "REQ_subtype": "",
      "REQ_type": "",
      "_id": 96,
      "author_id": "not defined",
      "author_name": "Fred T.M",
      "helpful": "4",
      "polarity": "",
      "rate": 5,
      "response": "",
      "response_date": "",
      "review": "Good apps to trace new route",
      "review_date": [
        "August",
        "2",
        " 2016"
      ]
    },
    {
      "REQ_subtype": "",
      "REQ_type": "",
      "_id": 97,
      "author_id": "not defined",
      "author_name": "Tony Bell",
      "helpful": "10",
      "polarity": "",
      "rate": 5,
      "response": "",
      "response_date": "",
      "review": "I absolutely love this trail tracking app! I've never had a single issue with it. You don't need a network connection like some other similar apps to use it as long as your phone has a good gps connection. You can easily take pictures, video, notes, and/or audio directly from it to document your adventure and it will save the entire event in your archive for you to edit and upload later. Then, when you can connect to your account, you can easily upload it to your online account and/or share it to social media, text, email, etc. And, yes, it works in Europe as well. I used it during a trip and it worked without question.  A really super tool for your hiking/backpacking adventures. Highly recommend!!",
      "review_date": [
        "May",
        "16",
        " 2016"
      ]
    },
    {
      "REQ_subtype": "",
      "REQ_type": "",
      "_id": 98,
      "author_id": "not defined",
      "author_name": "San Kay",
      "helpful": "7",
      "polarity": "",
      "rate": 1,
      "response": "",
      "response_date": "",
      "review": "Each time I try to open it crashes. Using Sony Z5 Premium.",
      "review_date": [
        "May",
        "14",
        " 2016"
      ]
    },
    {
      "REQ_subtype": "",
      "REQ_type": "",
      "_id": 99,
      "author_id": "not defined",
      "author_name": "Ryan ShlomoScistar Ng",
      "helpful": "2",
      "polarity": "",
      "rate": 4,
      "response": "",
      "response_date": "",
      "review": "Useful for hikes! Keeps crashing on Xiaomi Redmi Note 3",
      "review_date": [
        "July",
        "8",
        " 2016"
      ]
    },
    {
      "REQ_subtype": "",
      "REQ_type": "",
      "_id": 100,
      "author_id": "not defined",
      "author_name": "Igor Jankovi\u0107",
      "helpful": "1",
      "polarity": "",
      "rate": 2,
      "response": "",
      "response_date": "",
      "review": "Great UX/UI but import/export of gpx files is missing. That's the most important thing. If you already have that functionality on the web site than what's the problem to put it here?",
      "review_date": [
        "October",
        "21",
        " 2015"
      ]
    },
    {
      "REQ_subtype": "",
      "REQ_type": "",
      "_id": 101,
      "author_id": "not defined",
      "author_name": "Dominic Wong",
      "helpful": "0",
      "polarity": "",
      "rate": 4,
      "response": "",
      "response_date": "",
      "review": "Best everytrail replacement I found so far.",
      "review_date": [
        "November",
        "20",
        " 2015"
      ]
    },
    {
      "REQ_subtype": "",
      "REQ_type": "",
      "_id": 102,
      "author_id": "not defined",
      "author_name": "Wendy Hejab",
      "helpful": "1",
      "polarity": "",
      "rate": 5,
      "response": "",
      "response_date": "",
      "review": "It has been a fantastic app!",
      "review_date": [
        "October",
        "15",
        " 2015"
      ]
    },
    {
      "REQ_subtype": "",
      "REQ_type": "",
      "_id": 103,
      "author_id": "not defined",
      "author_name": "Abbey Bickford",
      "helpful": "1",
      "polarity": "",
      "rate": 5,
      "response": "",
      "response_date": "",
      "review": "I've waited for something like this!",
      "review_date": [
        "August",
        "18",
        " 2015"
      ]
    },
    {
      "REQ_subtype": "",
      "REQ_type": "",
      "_id": 104,
      "author_id": "not defined",
      "author_name": "Iain Searcy",
      "helpful": "1",
      "polarity": "",
      "rate": 1,
      "response": "",
      "response_date": "",
      "review": "When it gets to a video it fails to upload.",
      "review_date": [
        "August",
        "12",
        " 2015"
      ]
    },
    {
      "REQ_subtype": "",
      "REQ_type": "",
      "_id": 105,
      "author_id": "not defined",
      "author_name": "Brian Adams",
      "helpful": "0",
      "polarity": "",
      "rate": 5,
      "response": "",
      "response_date": "",
      "review": "Great app use it on all rambles",
      "review_date": [
        "May",
        "18",
        " 2015"
      ]
    },
    {
      "REQ_subtype": "",
      "REQ_type": "",
      "_id": 106,
      "author_id": "not defined",
      "author_name": "Catalin Iliescu",
      "helpful": "1",
      "polarity": "",
      "rate": 5,
      "response": "",
      "response_date": "",
      "review": "Excellent",
      "review_date": [
        "May",
        "19",
        " 2015"
      ]
    },
    {
      "REQ_subtype": "",
      "REQ_type": "",
      "_id": 107,
      "author_id": "not defined",
      "author_name": "Thomas Kirkbride",
      "helpful": "0",
      "polarity": "",
      "rate": 1,
      "response": "",
      "response_date": "",
      "review": "GDI I hate apps that make you open an account before having a chance to see how you like it. DO YOU THINK WE'RE  ALL STUPID.  DATAMINE YOUR GRANDMOTHER.",
      "review_date": [
        "March",
        "3",
        " 2015"
      ]
    },
    {
      "REQ_subtype": "",
      "REQ_type": "",
      "_id": 108,
      "author_id": "not defined",
      "author_name": "Lou Turner",
      "helpful": "1",
      "polarity": "",
      "rate": 5,
      "response": "",
      "response_date": "",
      "review": "This is without a doubt on of the better apps of this type.",
      "review_date": [
        "February",
        "14",
        " 2015"
      ]
    },
    {
      "REQ_subtype": "",
      "REQ_type": "",
      "_id": 109,
      "author_id": "not defined",
      "author_name": "Thong Vo",
      "helpful": "1",
      "polarity": "",
      "rate": 5,
      "response": "",
      "response_date": "",
      "review": "Awesome",
      "review_date": [
        "February",
        "14",
        " 2015"
      ]
    },
    {
      "REQ_subtype": "",
      "REQ_type": "",
      "_id": 110,
      "author_id": "not defined",
      "author_name": "Cyndy S",
      "helpful": "0",
      "polarity": "",
      "rate": 5,
      "response": "",
      "response_date": "",
      "review": "Love this app. No issues thus far!",
      "review_date": [
        "September",
        "25",
        " 2014"
      ]
    },
    {
      "REQ_subtype": "",
      "REQ_type": "",
      "_id": 111,
      "author_id": "not defined",
      "author_name": "Bradley T Swenson",
      "helpful": "1",
      "polarity": "",
      "rate": 5,
      "response": "",
      "response_date": "",
      "review": "I have tried a variety of hiking/biking/running apps, and this one outdistances the others by a long shot. You can see where you have gone in real time with no need to wait for an after event download. You can take pictures, videos, sound recordings, or take notes as you hike, etc., and this app will drop an icon on that very spot on the map. Relatively easy to learn, but I suggest a test run around the block in order to get acquainted with it. Lots of cool stuff and it's free!",
      "review_date": [
        "May",
        "25",
        " 2014"
      ]
    },
    {
      "REQ_subtype": "",
      "REQ_type": "",
      "_id": 112,
      "author_id": "not defined",
      "author_name": "taylor haas",
      "helpful": "0",
      "polarity": "",
      "rate": 5,
      "response": "",
      "response_date": "",
      "review": "This app is great, I use it for a lot of activities! Ramblr has been my go to for tracking and logging my excursions for over a year.  You can use it on and off the grid with a satellite GPS enabled phone or device.",
      "review_date": [
        "May",
        "25",
        " 2014"
      ]
    },
    {
      "REQ_subtype": "",
      "REQ_type": "",
      "_id": 113,
      "author_id": "not defined",
      "author_name": "Thomas Hill",
      "helpful": "0",
      "polarity": "",
      "rate": 5,
      "response": "",
      "response_date": "",
      "review": "This is the best hiking GPS app that I have used.  After trying several different apps  I keep coming back to this one for its elegant simplicity.  The ability to upload your routes and pictures to a personal Ramblr account is icing on the cake.  I have not figured out how they can provide this app for free.  I keep expecting a prompt to upgrade for a fee (something I would gladly do as these developers deserve it)",
      "review_date": [
        "January",
        "10",
        " 2014"
      ]
    },
    {
      "REQ_subtype": "",
      "REQ_type": "",
      "_id": 114,
      "author_id": "not defined",
      "author_name": "Ryan Henson",
      "helpful": "2",
      "polarity": "",
      "rate": 5,
      "response": "",
      "response_date": "",
      "review": "I didn't think I was ever gonna find a gps app that would let you take pictures in the app and then actually let you view them in the app plotted out on the map in the location they were taken.  I was using sports tracker but its server has been very inconsistent and it wouldn't always save my pictures. They were also very slow to update. I was also able to move all my rides over. The only drawback is the lack of heart rate monitor support but I always had a hard time getting that to work in other apps and",
      "review_date": [
        "July",
        "19",
        " 2013"
      ]
    },
    {
      "REQ_subtype": "",
      "REQ_type": "",
      "_id": 115,
      "author_id": "not defined",
      "author_name": "Rick De Herrera",
      "helpful": "3",
      "polarity": "",
      "rate": 5,
      "response": "",
      "response_date": "",
      "review": "This app is the greatest!!! It maps the hike and has features that I learned of only after I used it the first time. With time I hope to utilize everything on it to share with the public. KUDOS to the developers!!! Thanks for a great app.",
      "review_date": [
        "August",
        "1",
        " 2013"
      ]
    },
    {
      "REQ_subtype": "",
      "REQ_type": "",
      "_id": 116,
      "author_id": "not defined",
      "author_name": "Laura Heidman",
      "helpful": "2",
      "polarity": "",
      "rate": 5,
      "response": "",
      "response_date": "",
      "review": "Not only a great way to share your adventures with the world - I could have used this years ago to record and document my adventures.  Better late than never I guess!",
      "review_date": [
        "July",
        "3",
        " 2013"
      ]
    },
    {
      "REQ_subtype": "",
      "REQ_type": "",
      "_id": 117,
      "author_id": "not defined",
      "author_name": "A Google user",
      "helpful": "3",
      "polarity": "",
      "rate": 5,
      "response": "",
      "response_date": "",
      "review": "The only reason that I envy iphone user was this app was not available in android. Now, I'll enjoy this great app by recording/sharing my trips as like my friends did.",
      "review_date": [
        "October",
        "1",
        " 2012"
      ]
    },
    {
      "REQ_subtype": "",
      "REQ_type": "",
      "_id": 118,
      "author_id": "not defined",
      "author_name": "A Google user",
      "helpful": "1",
      "polarity": "",
      "rate": 5,
      "response": "",
      "response_date": "",
      "review": "Awesome app, must have for hiking.",
      "review_date": [
        "October",
        "26",
        " 2012"
      ]
    },
    {
      "REQ_subtype": "",
      "REQ_type": "",
      "_id": 119,
      "author_id": "not defined",
      "author_name": "A Google user",
      "helpful": "1",
      "polarity": "",
      "rate": 1,
      "response": "",
      "response_date": "",
      "review": "I downloaded the app and quickly uninstalled it after I refused to allow the app the manage and make phone calls. Phone calls? This goes waaaaaaay too far. Time to finally different app. Wake up, developers of this app.",
      "review_date": [
        "January",
        "12",
        " 2017"
      ]
    },
    {
      "REQ_subtype": "",
      "REQ_type": "",
      "_id": 120,
      "author_id": "not defined",
      "author_name": "Martin Huckle",
      "helpful": "0",
      "polarity": "",
      "rate": 1,
      "response": "",
      "response_date": "",
      "review": "Required a crazy amount if data access and then crashed each time I tried to launch. Xperia Z5 Compact",
      "review_date": [
        "March",
        "21",
        " 2016"
      ]
    },
    {
      "REQ_subtype": "",
      "REQ_type": "",
      "_id": 121,
      "author_id": "not defined",
      "author_name": "Kari Tontarski",
      "helpful": "0",
      "polarity": "",
      "rate": 2,
      "response": "",
      "response_date": "",
      "review": "Takes forever to load. Search function is finicky. Meh experience overall.",
      "review_date": [
        "April",
        "22",
        " 2016"
      ]
    },
    {
      "REQ_subtype": "",
      "REQ_type": "",
      "_id": 122,
      "author_id": "not defined",
      "author_name": "A Google user",
      "helpful": "0",
      "polarity": "",
      "rate": 5,
      "response": "",
      "response_date": "",
      "review": "An ideal app for recording tracks and giving accurate mileage readings. \nAlso easy to follow a route that you have down loaded at any time at a \nlater date.",
      "review_date": [
        "May",
        "22",
        " 2018"
      ]
    },
    {
      "REQ_subtype": "",
      "REQ_type": "",
      "_id": 123,
      "author_id": "not defined",
      "author_name": "ghost rider007",
      "helpful": "0",
      "polarity": "",
      "rate": 1,
      "response": "",
      "response_date": "",
      "review": "junky dont run on older tablets or cells",
      "review_date": [
        "June",
        "20",
        " 2016"
      ]
    },
    {
      "REQ_subtype": "",
      "REQ_type": "",
      "_id": 124,
      "author_id": "not defined",
      "author_name": "A Google user",
      "helpful": "1",
      "polarity": "",
      "rate": 5,
      "response": "",
      "response_date": "",
      "review": "Excellent app, just what I wanted!",
      "review_date": [
        "October",
        "25",
        " 2012"
      ]
    },
    {
      "REQ_subtype": "",
      "REQ_type": "",
      "_id": 125,
      "author_id": "not defined",
      "author_name": "Lou Turner",
      "helpful": "0",
      "polarity": "",
      "rate": 5,
      "response": "",
      "response_date": "",
      "review": "Not sure why this app isn't more popular.  Best I have tried like it.",
      "review_date": [
        "July",
        "5",
        " 2015"
      ]
    },
    {
      "REQ_subtype": "",
      "REQ_type": "",
      "_id": 126,
      "author_id": "not defined",
      "author_name": "Heidi Jenkins",
      "helpful": "0",
      "polarity": "",
      "rate": 5,
      "response": "",
      "response_date": "",
      "review": "Wow!!! Just wow! Best app ever!",
      "review_date": [
        "June",
        "21",
        " 2018"
      ]
    },
    {
      "REQ_subtype": "",
      "REQ_type": "",
      "_id": 127,
      "author_id": "not defined",
      "author_name": "Vino Guarin",
      "helpful": "0",
      "polarity": "",
      "rate": 5,
      "response": "",
      "response_date": "",
      "review": "Awesome app!",
      "review_date": [
        "March",
        "16",
        " 2015"
      ]
    },
    {
      "REQ_subtype": "",
      "REQ_type": "",
      "_id": 128,
      "author_id": "not defined",
      "author_name": "denny zuliandy",
      "helpful": "0",
      "polarity": "",
      "rate": 4,
      "response": "",
      "response_date": "",
      "review": "Mantab",
      "review_date": [
        "March",
        "26",
        " 2017"
      ]
    },
    {
      "REQ_subtype": "",
      "REQ_type": "",
      "_id": 129,
      "author_id": "not defined",
      "author_name": "Harith Gautaman",
      "helpful": "0",
      "polarity": "",
      "rate": 4,
      "response": "",
      "response_date": "",
      "review": "Cool App",
      "review_date": [
        "April",
        "5",
        " 2015"
      ]
    }
  ],
  "size": "21",
  "url": "https://play.google.com/store/apps/details?id=com.bientus.cirque.android",
  "version": "2.26.5"
}