{
  "categories": [
    "Finance"
  ],
  "description": "Download the latest version of the free IKO application and get convenient phone access to your bank account at PKO Bank Polski or Inteligo. The IKO app on your phone means fast and secure finances any day. Activate the IKO app and take avail of the available functionalities:BANK ACCOUNTS:- account balance, history and details of all bank accounts,- transfer to any domestic account number via Elixir or as an instant transfer,- transfer based on data scanned from an invoice or from a QR code in an invoice,- bank transfer by phone,- bank transfer to Tax Office,- foreign transfer,- standing orders and a series of transfers,- cash withdrawals from ATMs using the BLIK code, - cash deposits (at selected ATMs) to your own or another IKO user\u2019s bank account using the BLIK code,- pre-paid phone top-ups,- send a transfer request to another user,- quick access to the account number,- \u201cpiggy banks\u201d to set money aside for any purpose,- generate and share transfer confirmations,- preview of unexecuted transactions (pending and canceled/rejected),- ability to apply for a savings account and an account overdraft*.CARDS:- history, details and images of your debit and credit cards,- card management: change limits and assign PINs to cards, temporary card freeze, restricting the card with the option of getting a new one*, card activation,- multi-currency card service*- transfer from a credit card,- repay utilized credit card limit,- quick access to card number for repayment.LOANS:- schedule and details of borrowings,- apply for a loan*. TERM DEPOSITS:- details of term deposits,- open and terminate term deposits.INSURANCE:- details of insurance held,- purchase travel insurance.PAYMENTS:- contactless payments by phone with NFC**,- in store payments using the BLIK code/check,- online payments using the BLIK code/check, including payments without copying the code in trusted online stores and browsers (Shopping without the BLIK code),- create and share BLIK checks.ADDITIONAL FUNCTIONALITIES:- Currency exchange*- IKO works in Polish, English, Russian and Ukrainian,- IKO personalization: change the main screen view and product names (accounts, deposits, loans),- save and restore personalized application settings after re-installing IKO,- option to simultaneously activate IKO and iPKO using the first login password,- fingerprint login (required by Android 6.0 and a fingerprint reader),- shortcut button to favorite functions on the application's home screen, - receive Western Union transfers,- create and share QR codes with transfer details, - option to send a new product inquiry to the bank,- currency exchange rates,- bank contact details,- map of PKO Bank Polski branches, ATMs and stores supporting BLIK payments.For more on IKO go to iko.pkobp.pl/iko_enFor more on IKO activation go to iko.pkobp.pl/iko_en/activation * Not available to Inteligo customers.** Contactless payments are available for phones with NFC and minimum Android 4.4 to individual customers with a PKO Bank Polski, including Inteligo, debit or credit card. Contactless payments are not available on the so-called \u201crooted\" devices, i.e. those on which manufacturer's security has been removed.",
  "inc": "PKO Bank Polski SA",
  "intalled_count": "1,000,000",
  "last_update": [
    "July",
    "4",
    " 2018"
  ],
  "name": "IKO",
  "offered_by": "Google Commerce Ltd",
  "permissions": {
    "Contacts": [
      "read your contacts"
    ],
    "Location": [
      "approximate location (network-based)",
      "precise location (GPS and network-based)"
    ],
    "SMS": [
      "read your text messages (SMS or MMS)",
      "receive text messages (SMS)",
      "send SMS messages"
    ],
    "Phone": [
      "read phone status and identity"
    ],
    "Photos/Media/Files": [
      "read the contents of your USB storage",
      "modify or delete the contents of your USB storage"
    ],
    "Storage": [
      "read the contents of your USB storage",
      "modify or delete the contents of your USB storage"
    ],
    "Camera": [
      "take pictures and videos"
    ],
    "Device ID & call information": [
      "read phone status and identity"
    ],
    "Other": [
      "receive data from Internet",
      "view network connections",
      "full network access",
      "control Near Field Communication",
      "run at startup",
      "control vibration",
      "prevent device from sleeping",
      "modify system settings"
    ]
  },
  "price": "",
  "rate": [
    [
      "162,116",
      "4.7"
    ],
    [
      "131,682",
      "5"
    ],
    [
      "20,781",
      "4"
    ],
    [
      "3,461",
      "3"
    ],
    [
      "1,724",
      "2"
    ],
    [
      "4,468",
      "1"
    ]
  ],
  "required_android": "4.1",
  "reviews": [
    {
      "REQ_subtype": "",
      "REQ_type": "",
      "_id": 0,
      "author_id": "not defined",
      "author_name": "Dawid Grabowski",
      "helpful": "0",
      "polarity": "",
      "rate": 5,
      "response": "",
      "response_date": "",
      "review": "Ma wszystko czego potrzeba",
      "review_date": [
        "July",
        "9",
        " 2018"
      ]
    },
    {
      "REQ_subtype": "",
      "REQ_type": "",
      "_id": 1,
      "author_id": "not defined",
      "author_name": "Mateusz Mo\u015bcicki",
      "helpful": "0",
      "polarity": "",
      "rate": 5,
      "response": "",
      "response_date": "",
      "review": "Dobra apka",
      "review_date": [
        "July",
        "9",
        " 2018"
      ]
    },
    {
      "REQ_subtype": "",
      "REQ_type": "",
      "_id": 2,
      "author_id": "not defined",
      "author_name": "Tomasz Wieczorek",
      "helpful": "0",
      "polarity": "",
      "rate": 5,
      "response": "",
      "response_date": "",
      "review": "W deche",
      "review_date": [
        "July",
        "10",
        " 2018"
      ]
    },
    {
      "REQ_subtype": "",
      "REQ_type": "",
      "_id": 3,
      "author_id": "not defined",
      "author_name": "Miko\u0142aj Szczepa\u0144ski",
      "helpful": "3",
      "polarity": "",
      "rate": 4,
      "response": "",
      "response_date": "",
      "review": "Po wykonaniu p\u0142atno\u015bci zbli\u017ceniowej przez NFC pokazuje si\u0119 okienko podsumowuj\u0105ce p\u0142atno\u015b\u0107. Problem taki, \u017ce widz\u0119 jedynie wizerunek swojej karty i ikonk\u0119 X. Stringi dla g\u0142\u00f3wnego przycisku (i chyba pod kart\u0105 te\u017c by\u0142 jaki\u015b napis podsumowuj\u0105cy transakcj\u0119) s\u0105 puste i nie jest wy\u015bwietlany \u017caden tekst. Win\u0105 mo\u017ce by\u0107 to, \u017ce mam aplikacje po angielsku. Na polskiej wersji by\u0142o wszystko ok, chyba \u017ce jaki\u015b update co\u015b popsu\u0142 i na starej polskiej instalacji tego nie do\u015bwiadczy\u0142em. Poza tym aplikacja dzia\u0142a szybko, nie mia\u0142em \u017cadnych crashy. Wszystko fajnie poza tym co napisa\u0142em wcze\u015bniej.",
      "review_date": [
        "June",
        "12",
        " 2018"
      ]
    },
    {
      "REQ_subtype": "",
      "REQ_type": "",
      "_id": 4,
      "author_id": "not defined",
      "author_name": "Albert Ciepli\u0144ski",
      "helpful": "2",
      "polarity": "",
      "rate": 5,
      "response": "",
      "response_date": "",
      "review": "Zr\u00f3bcie prosz\u0119 opcj\u0119 powiadomie\u0144 push o przelewach na wybrany \nrachunek/rachunki. A przede wszystkim opcj\u0119 filtrowania historii pod k\u0105tem \nwpisanych s\u0142\u00f3w na polach nadawcy, tytu\u0142u. Bez tego filtrowania jest s\u0142abo \nnieraz.",
      "review_date": [
        "June",
        "21",
        " 2018"
      ]
    },
    {
      "REQ_subtype": "",
      "REQ_type": "",
      "_id": 5,
      "author_id": "not defined",
      "author_name": "A Google user",
      "helpful": "0",
      "polarity": "",
      "rate": 4,
      "response": "",
      "response_date": "",
      "review": "App is great in general. However I would really appreciate more \nfunctionalities such as tracking my investments (now it can be done only on \nPC) and summaries of monthly spending etc. Also there are commas as decimal \nseparators and I prefer dots",
      "review_date": [
        "May",
        "29",
        " 2018"
      ]
    },
    {
      "REQ_subtype": "",
      "REQ_type": "",
      "_id": 6,
      "author_id": "not defined",
      "author_name": "\u041f\u0430\u0432\u0435\u043b \u0416\u0443\u043a",
      "helpful": "2",
      "polarity": "",
      "rate": 4,
      "response": "",
      "response_date": "",
      "review": "Nie da si\u0119 aktywowa\u0107 na telefonie ani przez ods\u0142ichan\u0105 wiadomo\u015b\u0107 g\u0142osow\u0105, \nani przez kod z komputera! Dobra tylko do podgl\u0105du!",
      "review_date": [
        "June",
        "18",
        " 2018"
      ]
    },
    {
      "REQ_subtype": "",
      "REQ_type": "",
      "_id": 7,
      "author_id": "not defined",
      "author_name": "Rafa\u0142 K.",
      "helpful": "0",
      "polarity": "",
      "rate": 5,
      "response": "",
      "response_date": "",
      "review": "Po aktualizacji do Androida 7.1 podczas pr\u00f3by logowania do aplikacji odciskiem palca, u\u017cytkownik jest przenoszony do ekranu g\u0142\u00f3wnego. Dopiero po powrocie do aplikacji, IKO wykrywa odcisk palca.",
      "review_date": [
        "June",
        "11",
        " 2018"
      ]
    },
    {
      "REQ_subtype": "",
      "REQ_type": "",
      "_id": 8,
      "author_id": "not defined",
      "author_name": "Kacper Strzemieczny",
      "helpful": "7",
      "polarity": "",
      "rate": 1,
      "response": "",
      "response_date": "",
      "review": "cant log in anymore it just crashes after typing in the pin",
      "review_date": [
        "June",
        "1",
        " 2018"
      ]
    },
    {
      "REQ_subtype": "",
      "REQ_type": "",
      "_id": 9,
      "author_id": "not defined",
      "author_name": "Piotr",
      "helpful": "2",
      "polarity": "",
      "rate": 2,
      "response": "",
      "response_date": "",
      "review": "Mo\u017cna za\u0142o\u017cy\u0107 konto telefon ale zamkn\u0105\u0107 ju\u017c nie :|",
      "review_date": [
        "June",
        "16",
        " 2018"
      ]
    },
    {
      "REQ_subtype": "",
      "REQ_type": "",
      "_id": 10,
      "author_id": "not defined",
      "author_name": "Micha\u0142 Kowalski",
      "helpful": "1",
      "polarity": "",
      "rate": 2,
      "response": "Dzie\u0144 dobry Panie Michale. Przykro nam z powodu k\u0142opot\u00f3w z logowaniem do aplikacji. Prosimy o przes\u0142anie szczeg\u00f3\u0142\u00f3w dotycz\u0105cych problemu na adres: iko@pkobp.pl (nr klienta, nr telefonu, opis sytuacji itd). Postaramy si\u0119 pom\u00f3c. Pozdrawiamy, PKO Bank Polski",
      "response_date": [
        "June",
        "12",
        " 2018"
      ],
      "review": "Od ostatniej aktualizacji aplikacja crashuje si\u0119 po zalogowaniu. LGG6 Oreo",
      "review_date": [
        "June",
        "11",
        " 2018"
      ]
    },
    {
      "REQ_subtype": "",
      "REQ_type": "",
      "_id": 11,
      "author_id": "not defined",
      "author_name": "Mateusz Buczma",
      "helpful": "0",
      "polarity": "",
      "rate": 5,
      "response": "",
      "response_date": "",
      "review": "Brakuje mi p\u0142atno\u015bci zegarkiem gear S3",
      "review_date": [
        "July",
        "7",
        " 2018"
      ]
    },
    {
      "REQ_subtype": "",
      "REQ_type": "",
      "_id": 12,
      "author_id": "not defined",
      "author_name": "Matthew Gradowski",
      "helpful": "1",
      "polarity": "",
      "rate": 5,
      "response": "",
      "response_date": "",
      "review": "Jedna z najlepszych funkcji",
      "review_date": [
        "June",
        "7",
        " 2018"
      ]
    },
    {
      "REQ_subtype": "",
      "REQ_type": "",
      "_id": 13,
      "author_id": "not defined",
      "author_name": "xX_CRAZYSW4G3R_Xx",
      "helpful": "0",
      "polarity": "",
      "rate": 5,
      "response": "",
      "response_date": "",
      "review": "Wygodne i szybkie. Polecam!",
      "review_date": [
        "July",
        "2",
        " 2018"
      ]
    },
    {
      "REQ_subtype": "",
      "REQ_type": "",
      "_id": 14,
      "author_id": "not defined",
      "author_name": "Kat W",
      "helpful": "0",
      "polarity": "",
      "rate": 5,
      "response": "",
      "response_date": "",
      "review": "Best bank app ive used ever!",
      "review_date": [
        "June",
        "19",
        " 2018"
      ]
    },
    {
      "REQ_subtype": "",
      "REQ_type": "",
      "_id": 15,
      "author_id": "not defined",
      "author_name": "Mateusz Sawicki",
      "helpful": "0",
      "polarity": "",
      "rate": 5,
      "response": "",
      "response_date": "",
      "review": "Super!",
      "review_date": [
        "July",
        "4",
        " 2018"
      ]
    },
    {
      "REQ_subtype": "",
      "REQ_type": "",
      "_id": 16,
      "author_id": "not defined",
      "author_name": "A Google user",
      "helpful": "0",
      "polarity": "",
      "rate": 4,
      "response": "",
      "response_date": "",
      "review": "Jest ok",
      "review_date": [
        "July",
        "6",
        " 2018"
      ]
    },
    {
      "REQ_subtype": "",
      "REQ_type": "",
      "_id": 17,
      "author_id": "not defined",
      "author_name": "A Google user",
      "helpful": "3",
      "polarity": "",
      "rate": 5,
      "response": "",
      "response_date": "",
      "review": "ok",
      "review_date": [
        "June",
        "2",
        " 2018"
      ]
    },
    {
      "REQ_subtype": "",
      "REQ_type": "",
      "_id": 18,
      "author_id": "not defined",
      "author_name": "Lukas W-Shyuda",
      "helpful": "0",
      "polarity": "",
      "rate": 5,
      "response": "",
      "response_date": "",
      "review": "Very good app.",
      "review_date": [
        "June",
        "4",
        " 2018"
      ]
    },
    {
      "REQ_subtype": "",
      "REQ_type": "",
      "_id": 19,
      "author_id": "not defined",
      "author_name": "Bart\u0142omiej Sikorski",
      "helpful": "0",
      "polarity": "",
      "rate": 5,
      "response": "",
      "response_date": "",
      "review": "Great tool!",
      "review_date": [
        "July",
        "3",
        " 2018"
      ]
    },
    {
      "REQ_subtype": "",
      "REQ_type": "",
      "_id": 20,
      "author_id": "not defined",
      "author_name": "B\u0142a\u017cej Brojek",
      "helpful": "0",
      "polarity": "",
      "rate": 5,
      "response": "",
      "response_date": "",
      "review": "Ok",
      "review_date": [
        "July",
        "6",
        " 2018"
      ]
    },
    {
      "REQ_subtype": "",
      "REQ_type": "",
      "_id": 21,
      "author_id": "not defined",
      "author_name": "Sore Loser",
      "helpful": "0",
      "polarity": "",
      "rate": 5,
      "response": "",
      "response_date": "",
      "review": "Very good.",
      "review_date": [
        "June",
        "6",
        " 2018"
      ]
    },
    {
      "REQ_subtype": "",
      "REQ_type": "",
      "_id": 22,
      "author_id": "not defined",
      "author_name": "Jan Kr\u00f3l",
      "helpful": "0",
      "polarity": "",
      "rate": 5,
      "response": "",
      "response_date": "",
      "review": "Great app",
      "review_date": [
        "June",
        "4",
        " 2018"
      ]
    },
    {
      "REQ_subtype": "",
      "REQ_type": "",
      "_id": 23,
      "author_id": "not defined",
      "author_name": "Marcin Nikiforuk",
      "helpful": "0",
      "polarity": "",
      "rate": 5,
      "response": "",
      "response_date": "",
      "review": "Best",
      "review_date": [
        "June",
        "15",
        " 2018"
      ]
    },
    {
      "REQ_subtype": "",
      "REQ_type": "",
      "_id": 24,
      "author_id": "not defined",
      "author_name": "Jakub Cz",
      "helpful": "2",
      "polarity": "",
      "rate": 1,
      "response": "Dzie\u0144 dobry Panie Jakubie. Bardzo prosimy o informacj\u0119 na jakich ekranach pojawi\u0142y si\u0119 u Pana tre\u015bci wypisane cyrylic\u0105 i jaki mia\u0142 Pan ustawiony j\u0119zyk aplikacji w momencie pojawienia si\u0119 cyrylicy (polski czy angielski)? Pro\u015bba te\u017c o informacj\u0119, czy po wylogowaniu, zamkni\u0119ciu aplikacji w tle i ponownym zalogowaniu b\u0142\u0105d nadal wyst\u0119puje?",
      "response_date": [
        "May",
        "24",
        " 2018"
      ],
      "review": "Aplikacja nagle zacz\u0119\u0142a wy\u015bwietla\u0107 cz\u0119\u015b\u0107 tre\u015bci za pomoc\u0105 cyrylicy. Nie \njestem pewien czy rosyjski czy inny j\u0119zyk. Zmiana j\u0119zyka nie pomaga. Prosze \no informacj\u0119 czy to trafna aktualizacja.",
      "review_date": [
        "May",
        "24",
        " 2018"
      ]
    },
    {
      "REQ_subtype": "",
      "REQ_type": "",
      "_id": 25,
      "author_id": "not defined",
      "author_name": "\u0421\u0435\u0440\u0433\u0435\u0439 \u041a\u043e\u0437\u0438\u043d",
      "helpful": "6",
      "polarity": "",
      "rate": 5,
      "response": "Dzie\u0144 dobry. Prosimy o zalogowanie si\u0119 do aplikacji za pomoc\u0105 kodu PIN i ponown\u0105 weryfikacj\u0119 p\u0142atno\u015bci zbli\u017ceniowych. Je\u017celi problem b\u0119dzie si\u0119 powtarza\u0142, prosimy o przes\u0142anie szczeg\u00f3\u0142\u00f3w dotycz\u0105cych problemu na adres: iko@pkobp.pl (nr klienta, nr telefonu, opis sytuacji itd). Postaramy si\u0119 pom\u00f3c. Pozdrawiamy, PKO Bank Polski",
      "response_date": [
        "May",
        "22",
        " 2018"
      ],
      "review": "Contactless payment stopped working in the latest version. Upd. Ju\u017c \nwszystko dzia\u0142a.",
      "review_date": [
        "May",
        "28",
        " 2018"
      ]
    },
    {
      "REQ_subtype": "",
      "REQ_type": "",
      "_id": 26,
      "author_id": "not defined",
      "author_name": "A Google user",
      "helpful": "4",
      "polarity": "",
      "rate": 2,
      "response": "Dzie\u0144 dobry. Przykro nam z powodu k\u0142opot\u00f3w. Prosimy o przes\u0142anie szczeg\u00f3\u0142\u00f3w dotycz\u0105cych problemu na adres: iko@pkobp.pl (nr klienta, nr telefonu, opis sytuacji itd). Postaramy si\u0119 pom\u00f3c. Pozdrawiamy, PKO Bank Polski",
      "response_date": [
        "May",
        "23",
        " 2018"
      ],
      "review": "Po nowej aktualizacji nie da si\u0119 przypisa\u0107 karty do p\u0142atno\u015bci zbli\u017ceniowych \ntelefonem.",
      "review_date": [
        "May",
        "23",
        " 2018"
      ]
    },
    {
      "REQ_subtype": "",
      "REQ_type": "",
      "_id": 27,
      "author_id": "not defined",
      "author_name": "Wojciech \u017bmuda",
      "helpful": "0",
      "polarity": "",
      "rate": 1,
      "response": "Dzie\u0144 dobry Panie Wojtku. Przepraszamy za chwilowe utrudnienia w logowaniu do aplikacji z dnia 25.04.2018 r. - mo\u017cna ju\u017c bez problemu korzysta\u0107 z IKO. B\u0119dziemy wdzi\u0119czni za 5 gwiazdek dla naszej aplikacji, je\u015bli wszystko jest ok :) Pozdrawiamy, PKO Bank Polski",
      "response_date": [
        "April",
        "26",
        " 2018"
      ],
      "review": "Co chwil\u0119 przestaje dzia\u0142a\u0107 logowanie. Nie mog\u0119 nawet sprawdzi\u0107 stanu konta. EDIT 28.05.2018: Znowu to samo. Mo\u017ce by\u015bcie chocia\u017c jako\u015b powiadamiali, je\u017celi przerwy w dzia\u0142aniu s\u0105 przewidziane?",
      "review_date": [
        "May",
        "28",
        " 2018"
      ]
    },
    {
      "REQ_subtype": "",
      "REQ_type": "",
      "_id": 28,
      "author_id": "not defined",
      "author_name": "Queen Zombiga",
      "helpful": "0",
      "polarity": "",
      "rate": 1,
      "response": "",
      "response_date": "",
      "review": "Aplikacja na poprzednim urz\u0105dzeniu dzia\u0142a\u0142a bezb\u0142\u0119dnie i by\u0142a \u015bwietnym, \n\u0142atwym w obs\u0142udze narz\u0119dziem. Niestety mimo pomocy z infolinii a tak\u017ce \npracownika banku, nie mog\u0119 jej aktywowa\u0107. Nie dostaj\u0119 smsa aktywacyjnego \ntylko informacj\u0119, \u017ce proces aktywacyjny trwa zbyt d\u0142ugo.",
      "review_date": [
        "May",
        "21",
        " 2018"
      ]
    },
    {
      "REQ_subtype": "",
      "REQ_type": "",
      "_id": 29,
      "author_id": "not defined",
      "author_name": "Krzysztof Michalek",
      "helpful": "0",
      "polarity": "",
      "rate": 1,
      "response": "Dzie\u0144 dobry Panie Krzysztofie. Przykro nam z powodu k\u0142opot\u00f3w. Prosimy o przes\u0142anie szczeg\u00f3\u0142\u00f3w dotycz\u0105cych problemu na adres: iko@pkobp.pl (nr klienta, nr telefonu, opis sytuacji itd). Postaramy si\u0119 pom\u00f3c. Pozdrawiamy, PKO Bank Polski",
      "response_date": [
        "May",
        "28",
        " 2018"
      ],
      "review": "Po aktualizacji po prostu nie dzia\u0142a. \"keeps stopping\" straci\u0142em mobilny \ndost\u0119p do swojego konta. Super",
      "review_date": [
        "May",
        "25",
        " 2018"
      ]
    },
    {
      "REQ_subtype": "",
      "REQ_type": "",
      "_id": 30,
      "author_id": "not defined",
      "author_name": "Tokitsu",
      "helpful": "0",
      "polarity": "",
      "rate": 5,
      "response": "",
      "response_date": "",
      "review": "Great app. Useful interface with modern design makes managing your bank \naccount easy and fast.",
      "review_date": [
        "May",
        "31",
        " 2018"
      ]
    },
    {
      "REQ_subtype": "",
      "REQ_type": "",
      "_id": 31,
      "author_id": "not defined",
      "author_name": "Marta Skr\u0119t",
      "helpful": "0",
      "polarity": "",
      "rate": 5,
      "response": "",
      "response_date": "",
      "review": "Aplikacja bardzo fajna. U\u017cywam do zwyk\u0142ych przelew\u00f3w, jak i blik. \nIntuicyjna, przejrzysta.",
      "review_date": [
        "May",
        "24",
        " 2018"
      ]
    },
    {
      "REQ_subtype": "",
      "REQ_type": "",
      "_id": 32,
      "author_id": "not defined",
      "author_name": "Ernest Jarz\u0119bowski",
      "helpful": "0",
      "polarity": "",
      "rate": 5,
      "response": "",
      "response_date": "",
      "review": "\u015awietna. U\u017cywam od kilku lat i apka jest coraz lepsza",
      "review_date": [
        "May",
        "26",
        " 2018"
      ]
    },
    {
      "REQ_subtype": "",
      "REQ_type": "",
      "_id": 33,
      "author_id": "not defined",
      "author_name": "Marek Wa\u0142achowski",
      "helpful": "0",
      "polarity": "",
      "rate": 5,
      "response": "",
      "response_date": "",
      "review": "Po prostu super, prosta i szybka bankowo\u015b\u0107 :)",
      "review_date": [
        "May",
        "26",
        " 2018"
      ]
    },
    {
      "REQ_subtype": "",
      "REQ_type": "",
      "_id": 34,
      "author_id": "not defined",
      "author_name": "Mateusz Cyniak",
      "helpful": "0",
      "polarity": "",
      "rate": 5,
      "response": "",
      "response_date": "",
      "review": "Bardzo przydatna aplikacja, polecam",
      "review_date": [
        "May",
        "22",
        " 2018"
      ]
    },
    {
      "REQ_subtype": "",
      "REQ_type": "",
      "_id": 35,
      "author_id": "not defined",
      "author_name": "Devildragon Arachna",
      "helpful": "0",
      "polarity": "",
      "rate": 5,
      "response": "",
      "response_date": "",
      "review": "Bardzo wygodna i przyjemna aplikacja.",
      "review_date": [
        "May",
        "27",
        " 2018"
      ]
    },
    {
      "REQ_subtype": "",
      "REQ_type": "",
      "_id": 36,
      "author_id": "not defined",
      "author_name": "A Google user",
      "helpful": "0",
      "polarity": "",
      "rate": 5,
      "response": "",
      "response_date": "",
      "review": "It's the best one I have ever used",
      "review_date": [
        "May",
        "22",
        " 2018"
      ]
    },
    {
      "REQ_subtype": "",
      "REQ_type": "",
      "_id": 37,
      "author_id": "not defined",
      "author_name": "Arkadiusz Grabacz",
      "helpful": "1",
      "polarity": "",
      "rate": 5,
      "response": "",
      "response_date": "",
      "review": "Znakomita aoka",
      "review_date": [
        "May",
        "27",
        " 2018"
      ]
    },
    {
      "REQ_subtype": "",
      "REQ_type": "",
      "_id": 38,
      "author_id": "not defined",
      "author_name": "Familia Bedoa",
      "helpful": "0",
      "polarity": "",
      "rate": 5,
      "response": "",
      "response_date": "",
      "review": "Good stuff",
      "review_date": [
        "May",
        "25",
        " 2018"
      ]
    },
    {
      "REQ_subtype": "",
      "REQ_type": "",
      "_id": 39,
      "author_id": "not defined",
      "author_name": "Tomasz Kiliszek",
      "helpful": "2",
      "polarity": "",
      "rate": 4,
      "response": "Dzie\u0144 dobry, zach\u0119camy do korzystania z przycisku skr\u00f3t\u00f3w, gdzie mo\u017ce Pan dowolnie zarz\u0105dza\u0107 list\u0105 funkcji dost\u0119pnych od razu po 1 klikni\u0119ciu - https://iko.pkobp.pl/funkcje/przycisk-skrotow/. Pozdrawiamy, PKO Bank Polski",
      "response_date": [
        "May",
        "18",
        " 2018"
      ],
      "review": "Dajcie mo\u017cliwo\u015b\u0107 zrobienia listy ulubionych operacji albo wid\u017cet\u00f3w na \npulpit. Chcia\u0142bym mie\u0107 np. Przelew na telefon dost\u0119pny z g\u0142\u00f3wnego ekranu.",
      "review_date": [
        "May",
        "15",
        " 2018"
      ]
    },
    {
      "REQ_subtype": "",
      "REQ_type": "",
      "_id": 40,
      "author_id": "not defined",
      "author_name": "Ginger Torrent",
      "helpful": "1",
      "polarity": "",
      "rate": 4,
      "response": "",
      "response_date": "",
      "review": "Co jest bardzo dziwne \u017ce numer konta nie znajduje si\u0119 tak szybko jakby tego \nsi\u0119. Chcia\u0142o bo czasami chce szybko komu\u015b go da\u0107 a tak spoko",
      "review_date": [
        "May",
        "11",
        " 2018"
      ]
    },
    {
      "REQ_subtype": "",
      "REQ_type": "",
      "_id": 41,
      "author_id": "not defined",
      "author_name": "Grako VR Games & Music",
      "helpful": "2",
      "polarity": "",
      "rate": 3,
      "response": "",
      "response_date": "",
      "review": "Zalogowa\u0107 si\u0119 palcem mo\u017cna, ale potwierdzi\u0107 transakcj\u0119 ju\u017c nie - co za \ntragiczna strata potencja\u0142u... Powr\u00f3t do epoki kamienia \u0142upanego, czyli \ndalej ten PIN trzeba wstukiwa\u0107. Zlitujcie si\u0119.",
      "review_date": [
        "May",
        "1",
        " 2018"
      ]
    },
    {
      "REQ_subtype": "",
      "REQ_type": "",
      "_id": 42,
      "author_id": "not defined",
      "author_name": "Robert H.",
      "helpful": "0",
      "polarity": "",
      "rate": 1,
      "response": "",
      "response_date": "",
      "review": "MO\u017bE DZIA\u0141A NA 5, ALE NIE MO\u017bNA AKTYWOWA\u0106 APP. Z ZAGRANICZN\u0104 KART\u0104 SIM. \nCZYLI NIC MI PO NIEJ. Szkoda...",
      "review_date": [
        "May",
        "17",
        " 2018"
      ]
    },
    {
      "REQ_subtype": "",
      "REQ_type": "",
      "_id": 43,
      "author_id": "not defined",
      "author_name": "Srujal Modi",
      "helpful": "3",
      "polarity": "",
      "rate": 5,
      "response": "",
      "response_date": "",
      "review": "PleaSe adding a some function like transportion tikit, mobile recharge.",
      "review_date": [
        "May",
        "4",
        " 2018"
      ]
    },
    {
      "REQ_subtype": "",
      "REQ_type": "",
      "_id": 44,
      "author_id": "not defined",
      "author_name": "Mateusz Mastalerz",
      "helpful": "2",
      "polarity": "",
      "rate": 5,
      "response": "",
      "response_date": "",
      "review": "Mogliby\u015bcie doda\u0107 ods\u0142uchiwanie stanu konta, by\u0142oby to bardzo przydatne. :)",
      "review_date": [
        "May",
        "17",
        " 2018"
      ]
    },
    {
      "REQ_subtype": "",
      "REQ_type": "",
      "_id": 45,
      "author_id": "not defined",
      "author_name": "nihal dave",
      "helpful": "1",
      "polarity": "",
      "rate": 1,
      "response": "",
      "response_date": "",
      "review": "Less options for payment like transport and all",
      "review_date": [
        "April",
        "28",
        " 2018"
      ]
    },
    {
      "REQ_subtype": "",
      "REQ_type": "",
      "_id": 46,
      "author_id": "not defined",
      "author_name": "Jakub Kopa\u0144ko",
      "helpful": "1",
      "polarity": "",
      "rate": 1,
      "response": "Dzie\u0144 dobry Panie Jakubie. Przykro nam z powodu k\u0142opot\u00f3w. Prosimy o przes\u0142anie szczeg\u00f3\u0142\u00f3w dotycz\u0105cych problemu na adres: iko@pkobp.pl (nr klienta, nr telefonu, opis sytuacji itd). Postaramy si\u0119 pom\u00f3c. Pozdrawiamy, PKO Bank Polski",
      "response_date": [
        "May",
        "8",
        " 2018"
      ],
      "review": "Instantly crashes on login",
      "review_date": [
        "May",
        "4",
        " 2018"
      ]
    },
    {
      "REQ_subtype": "",
      "REQ_type": "",
      "_id": 47,
      "author_id": "not defined",
      "author_name": "Jo L",
      "helpful": "0",
      "polarity": "",
      "rate": 5,
      "response": "",
      "response_date": "",
      "review": "I like it! Easy and convenient.",
      "review_date": [
        "May",
        "17",
        " 2018"
      ]
    },
    {
      "REQ_subtype": "",
      "REQ_type": "",
      "_id": 48,
      "author_id": "not defined",
      "author_name": "A Google user",
      "helpful": "2",
      "polarity": "",
      "rate": 4,
      "response": "",
      "response_date": "",
      "review": "Quite good",
      "review_date": [
        "May",
        "8",
        " 2018"
      ]
    },
    {
      "REQ_subtype": "",
      "REQ_type": "",
      "_id": 49,
      "author_id": "not defined",
      "author_name": "Mateusz Majczak",
      "helpful": "2",
      "polarity": "",
      "rate": 5,
      "response": "",
      "response_date": "",
      "review": "Niezb\u0119dna",
      "review_date": [
        "May",
        "16",
        " 2018"
      ]
    },
    {
      "REQ_subtype": "",
      "REQ_type": "",
      "_id": 50,
      "author_id": "not defined",
      "author_name": "Norbert Matyjanka",
      "helpful": "0",
      "polarity": "",
      "rate": 5,
      "response": "",
      "response_date": "",
      "review": "Good and fast app",
      "review_date": [
        "May",
        "8",
        " 2018"
      ]
    },
    {
      "REQ_subtype": "",
      "REQ_type": "",
      "_id": 51,
      "author_id": "not defined",
      "author_name": "Sol Gandalfson",
      "helpful": "0",
      "polarity": "",
      "rate": 5,
      "response": "",
      "response_date": "",
      "review": "Easy, simply",
      "review_date": [
        "May",
        "15",
        " 2018"
      ]
    },
    {
      "REQ_subtype": "",
      "REQ_type": "",
      "_id": 52,
      "author_id": "not defined",
      "author_name": "Micha\u0142 Czaja",
      "helpful": "0",
      "polarity": "",
      "rate": 5,
      "response": "",
      "response_date": "",
      "review": "Nice app",
      "review_date": [
        "May",
        "14",
        " 2018"
      ]
    },
    {
      "REQ_subtype": "",
      "REQ_type": "",
      "_id": 53,
      "author_id": "not defined",
      "author_name": "A Google user",
      "helpful": "4",
      "polarity": "",
      "rate": 4,
      "response": "",
      "response_date": "",
      "review": "Excellent app, however, it's impossible to send a large amount of money. And the large amount of money has left to be sent by its site iko. I didn't understand why they left such process a little complicated, there for 4 stars.",
      "review_date": [
        "February",
        "15",
        " 2018"
      ]
    },
    {
      "REQ_subtype": "",
      "REQ_type": "",
      "_id": 54,
      "author_id": "not defined",
      "author_name": "Per Eriksson",
      "helpful": "0",
      "polarity": "",
      "rate": 5,
      "response": "",
      "response_date": "",
      "review": "Excellent banking app with lots of functionality, both easy and quick to use (especially with fingerprint authentication). Available in English, so great for foreigners living in Poland. Older versions were rather prone to crash, but it seems most bugs have been fixed by now so rating it 5 stars was a no-brainer. I honestly can't think of anything to improve.",
      "review_date": [
        "December",
        "10",
        " 2017"
      ]
    },
    {
      "REQ_subtype": "",
      "REQ_type": "",
      "_id": 55,
      "author_id": "not defined",
      "author_name": "Mateusz Dzida",
      "helpful": "2",
      "polarity": "",
      "rate": 4,
      "response": "",
      "response_date": "",
      "review": "Og\u00f3lnie ok, natomiast brak takiej podstawowej funkcji jak powiadamianie o przelewach przychodz\u0105cych. Czy jest szansa \u017ce co\u015b takiego si\u0119 pojawi w najbli\u017cszym czasie?",
      "review_date": [
        "January",
        "31",
        " 2018"
      ]
    },
    {
      "REQ_subtype": "",
      "REQ_type": "",
      "_id": 56,
      "author_id": "not defined",
      "author_name": "Przem M",
      "helpful": "1",
      "polarity": "",
      "rate": 5,
      "response": "",
      "response_date": "",
      "review": "Aplikacja dzia\u0142a bardzo dobrze. Dopracowana, co jest bardzo rzadkie ostatnio. Ps. gorzej troch\u0119 z lud\u017ami z infolinii obs\u0142uguj\u0105cej bank - nie maj\u0105 poj\u0119cia jak pom\u00f3c w najprostszych rzeczach.",
      "review_date": [
        "January",
        "10",
        " 2018"
      ]
    },
    {
      "REQ_subtype": "",
      "REQ_type": "",
      "_id": 57,
      "author_id": "not defined",
      "author_name": "Trevin Fitz",
      "helpful": "4",
      "polarity": "",
      "rate": 3,
      "response": "Dzie\u0144 dobry. Logowanie odciskiem palca dzia\u0142a na wybranych telefonach z systemem Android w wersji 6.0 lub wy\u017cszej, pod warunkiem, \u017ce producent telefonu zapewni\u0142 obs\u0142ug\u0119 czytnika linii papilarnych zgodnie ze standardem okre\u015blonym przez Google - wi\u0119cej na https://iko.pkobp.pl/funkcje/logowanie-odcisk-palca/. Pozdrawiamy, PKO Bank Polski",
      "response_date": [
        "November",
        "14",
        " 2017"
      ],
      "review": "Interfejs nie gra ze stylem androida.  U\u0142omne filtrowanie historii przelew\u00f3w, brak fuzzy search. Nie mo\u017cna znale\u017a\u0107 osoby w\u015br\u00f3d niedawnych przelew\u00f3w, aby ponowi\u0107 przelew.",
      "review_date": [
        "March",
        "1",
        " 2018"
      ]
    },
    {
      "REQ_subtype": "",
      "REQ_type": "",
      "_id": 58,
      "author_id": "not defined",
      "author_name": "Bohdan",
      "helpful": "1",
      "polarity": "",
      "rate": 1,
      "response": "\u0414\u043e\u0431\u0440\u044b\u0439 \u0434\u0435\u043d\u044c! \u041f\u0440\u0438\u0433\u043b\u0430\u0448\u0430\u0435\u043c \u0412\u0430\u0441 \u0438\u0441\u043f\u043e\u043b\u044c\u0437\u043e\u0432\u0430\u0442\u044c \u0430\u043d\u0433\u043b\u043e\u044f\u0437\u044b\u0447\u043d\u0443\u044e \u0432\u0435\u0440\u0441\u0438\u044e. Pozdrawiamy, PKO Bank Polski",
      "response_date": [
        "December",
        "27",
        " 2017"
      ],
      "review": "\u0421\u0430\u043c\u043e\u0435 \u043f\u043b\u043e\u0445\u043e\u0435 \u0431\u0430\u043d\u043a\u043e\u0432\u043e\u0435 \u043f\u0440\u0438\u043b\u043e\u0436\u0435\u043d\u0438\u0435, \u0441\u043d\u044f\u043b \u0434\u0435\u043d\u044c\u0433\u0438 3 \u0434\u043d\u044f \u043d\u0430\u0437\u0430\u0434, \u0432 \u043f\u0440\u0438\u043b\u043e\u0436\u0435\u043d\u0438\u0438 \u043e\u0441\u0442\u0430\u043b\u043e\u0441\u044c 22 \u0437\u043b. \u0421\u0435\u0433\u043e\u0434\u043d\u044f \u0443\u0436\u0435 -34. \u0427\u0442\u043e \u0437\u0430 \u0437\u0430\u0434\u0435\u0440\u0436\u043a\u0438?? \u0412 \u043f\u0440\u0438\u043b\u043e\u0436\u0435\u043d\u0438\u0438 \u0431\u0430\u043d\u043a\u0430 \u043d\u0435 \u0434\u043e\u043b\u0436\u043d\u044b \u0431\u044b\u0442\u044c \u0437\u0430\u0434\u0435\u0440\u0436\u043a\u0438!!!",
      "review_date": [
        "January",
        "17",
        " 2018"
      ]
    },
    {
      "REQ_subtype": "",
      "REQ_type": "",
      "_id": 59,
      "author_id": "not defined",
      "author_name": "\u0141ukasz Kusyk",
      "helpful": "1",
      "polarity": "",
      "rate": 5,
      "response": "",
      "response_date": "",
      "review": "Aplikacja dzia\u0142a dobrze, ale posiadaj\u0105c 2 rachunki p\u0142ac\u0105c BLIKiem zawsze pobiera op\u0142at\u0119 z pierwszego konta. Da si\u0119 to jako\u015b sprawnie zmienia\u0107?",
      "review_date": [
        "April",
        "9",
        " 2018"
      ]
    },
    {
      "REQ_subtype": "",
      "REQ_type": "",
      "_id": 60,
      "author_id": "not defined",
      "author_name": "tomshrader",
      "helpful": "1",
      "polarity": "",
      "rate": 4,
      "response": "",
      "response_date": "",
      "review": "Other than some problems with activating it the app works very well.",
      "review_date": [
        "January",
        "20",
        " 2018"
      ]
    },
    {
      "REQ_subtype": "",
      "REQ_type": "",
      "_id": 61,
      "author_id": "not defined",
      "author_name": "Roman \u015aniecikowski",
      "helpful": "1",
      "polarity": "",
      "rate": 4,
      "response": "",
      "response_date": "",
      "review": "Dlaczego przy parowaniu wymagane jest podanie danych logowania z pe\u0142nego serwisu? Wg. Mnie powinny by\u0107 weryfikowane inne informacje",
      "review_date": [
        "April",
        "9",
        " 2018"
      ]
    },
    {
      "REQ_subtype": "",
      "REQ_type": "",
      "_id": 62,
      "author_id": "not defined",
      "author_name": "Olva Tito",
      "helpful": "0",
      "polarity": "",
      "rate": 5,
      "response": "",
      "response_date": "",
      "review": "It is very good but I wish if you can add account numbers book mark to help me save accounts I am transferring money every month",
      "review_date": [
        "December",
        "21",
        " 2017"
      ]
    },
    {
      "REQ_subtype": "",
      "REQ_type": "",
      "_id": 63,
      "author_id": "not defined",
      "author_name": "Aleksandra Dworaczek",
      "helpful": "0",
      "polarity": "",
      "rate": 3,
      "response": "",
      "response_date": "",
      "review": "If it didn't reset every time my battery dies it would be fine. I hate to go to the webpage and validate my account over and over again",
      "review_date": [
        "January",
        "22",
        " 2018"
      ]
    },
    {
      "REQ_subtype": "",
      "REQ_type": "",
      "_id": 64,
      "author_id": "not defined",
      "author_name": "Tomasz Stadnicki",
      "helpful": "1",
      "polarity": "",
      "rate": 5,
      "response": "",
      "response_date": "",
      "review": "Robi robot\u0119, nie zawiesza si\u0119, pozwala zrobi\u0107 na kom\u00f3rce chyba wszystko, co bank oferuje. Tylko i a\u017c tyle.",
      "review_date": [
        "April",
        "3",
        " 2018"
      ]
    },
    {
      "REQ_subtype": "",
      "REQ_type": "",
      "_id": 65,
      "author_id": "not defined",
      "author_name": "Agata",
      "helpful": "0",
      "polarity": "",
      "rate": 1,
      "response": "Dzie\u0144 dobry Pani Agato. Przepraszamy za chwilowe utrudnienia w funkcjonowaniu aplikacji z dnia 03.04.2018 r. - mo\u017cna ju\u017c bez problemu korzysta\u0107 z IKO. B\u0119dziemy wdzi\u0119czni za 5 gwiazdek dla naszej aplikacji, je\u015bli wszystko jest ok :) Pozdrawiamy, PKO Bank Polski",
      "response_date": [
        "April",
        "5",
        " 2018"
      ],
      "review": "Noo, by\u0142o fajnie a\u017c do momentu kiedy nie chcia\u0142am zap\u0142aci\u0107 telefonem w sklepie. P\u00f3\u0142 godziny zabawy i nie zadzia\u0142a\u0142o nic i trzeba by\u0142o anulowa\u0107 rachunek. Nie polecam jako aplikacji do p\u0142acenia",
      "review_date": [
        "April",
        "3",
        " 2018"
      ]
    },
    {
      "REQ_subtype": "",
      "REQ_type": "",
      "_id": 66,
      "author_id": "not defined",
      "author_name": "Hubert Lipski",
      "helpful": "0",
      "polarity": "",
      "rate": 4,
      "response": "",
      "response_date": "",
      "review": "Po root p\u0142atno\u015b\u0107 zbli\u017ceniowa nie dzia\u0142a\u0142a, ale teraz po wgraniu czystego oprogramowania aplikacja po reinstalacji nadal odmawia wykonania p\u0142atno\u015bci zbli\u017ceniowych. Czy istnienie opcja aby j\u0105 przywr\u00f3ci\u0107?",
      "review_date": [
        "April",
        "9",
        " 2018"
      ]
    },
    {
      "REQ_subtype": "",
      "REQ_type": "",
      "_id": 67,
      "author_id": "not defined",
      "author_name": "pawel maryniak",
      "helpful": "1",
      "polarity": "",
      "rate": 5,
      "response": "",
      "response_date": "",
      "review": "Logowanie odciskiem palca. P\u0142atno\u015bci blink, nfc. Niczego wi\u0119cej nie potrzeba. Genialna w swojej prostocie. Mega \u0142adna i intuicyjna",
      "review_date": [
        "March",
        "25",
        " 2018"
      ]
    },
    {
      "REQ_subtype": "",
      "REQ_type": "",
      "_id": 68,
      "author_id": "not defined",
      "author_name": "Destienne Des",
      "helpful": "0",
      "polarity": "",
      "rate": 1,
      "response": "",
      "response_date": "",
      "review": "Bad app, always has to be some errors. Verification cod didnt work, they cant fix it even in the bank. I didnt received any sms.",
      "review_date": [
        "January",
        "10",
        " 2018"
      ]
    },
    {
      "REQ_subtype": "",
      "REQ_type": "",
      "_id": 69,
      "author_id": "not defined",
      "author_name": "Mateusz L",
      "helpful": "0",
      "polarity": "",
      "rate": 1,
      "response": "Dzie\u0144 dobry Panie Mateuszu. Przepraszamy za chwilowe utrudnienia w logowaniu do aplikacji z dnia 25.04.2018 r. - mo\u017cna ju\u017c bez problemu korzysta\u0107 z IKO. B\u0119dziemy wdzi\u0119czni za 5 gwiazdek dla naszej aplikacji, je\u015bli wszystko jest ok :) Pozdrawiamy, PKO Bank Polski",
      "response_date": [
        "April",
        "26",
        " 2018"
      ],
      "review": "W\u0142a\u015bnie musz\u0119 odinstalowa\u0107 t\u0105 \"najlepsz\u0105 apke bankow\u0105 w e\u0142ropie\". W \nrestauracji musia\u0142em zostawi\u0107 dow\u00f3d bo nie da\u0142o si\u0119 zalogowa\u0107. Po prostu \nprzesta\u0142a dzia\u0142a\u0107 i tyle...",
      "review_date": [
        "April",
        "25",
        " 2018"
      ]
    },
    {
      "REQ_subtype": "",
      "REQ_type": "",
      "_id": 70,
      "author_id": "not defined",
      "author_name": "A Google user",
      "helpful": "1",
      "polarity": "",
      "rate": 5,
      "response": "",
      "response_date": "",
      "review": "\u015awietna aplikacja, robienie przelew\u00f3w czy sprawdzanie stanu konta to teraz oszcz\u0119dno\u015b\u0107 czasu i czysta przyjemno\u015b\u0107.",
      "review_date": [
        "January",
        "6",
        " 2018"
      ]
    },
    {
      "REQ_subtype": "",
      "REQ_type": "",
      "_id": 71,
      "author_id": "not defined",
      "author_name": "Alicja Sadowska",
      "helpful": "0",
      "polarity": "",
      "rate": 4,
      "response": "",
      "response_date": "",
      "review": "Application works very quickly, without any problems, but I worry about safety, because it is only 4 numer code and I think it isn't enough.",
      "review_date": [
        "December",
        "28",
        " 2017"
      ]
    },
    {
      "REQ_subtype": "",
      "REQ_type": "",
      "_id": 72,
      "author_id": "not defined",
      "author_name": "Grazyna Szumska",
      "helpful": "3",
      "polarity": "",
      "rate": 5,
      "response": "",
      "response_date": "",
      "review": "U\u017cywam tego od niedawna i jestem bardzo zadowolona z funkcji i moich oczekiwa\u0144.",
      "review_date": [
        "January",
        "22",
        " 2018"
      ]
    },
    {
      "REQ_subtype": "",
      "REQ_type": "",
      "_id": 73,
      "author_id": "not defined",
      "author_name": "BodeL",
      "helpful": "0",
      "polarity": "",
      "rate": 1,
      "response": "",
      "response_date": "",
      "review": "Nie mog\u0119 przelewa\u0107 pieni\u0119dzy przez aplikacje poniewa\u017c zawsze wyskakuje komunikat \"zweryfikuj dane\" podczas gdy na komputerze mog\u0119 z \u0142atwo\u015bci\u0105 przelewa\u0107 pieni\u0105dze",
      "review_date": [
        "January",
        "9",
        " 2018"
      ]
    },
    {
      "REQ_subtype": "",
      "REQ_type": "",
      "_id": 74,
      "author_id": "not defined",
      "author_name": "Robert Sitarek",
      "helpful": "1",
      "polarity": "",
      "rate": 5,
      "response": "",
      "response_date": "",
      "review": "Aplikacja sama w sobie jest ok, ale aktualno\u015b\u0107 danych o bankomatach DRAMAT",
      "review_date": [
        "December",
        "14",
        " 2017"
      ]
    },
    {
      "REQ_subtype": "",
      "REQ_type": "",
      "_id": 75,
      "author_id": "not defined",
      "author_name": "Vicovaro",
      "helpful": "1",
      "polarity": "",
      "rate": 5,
      "response": "",
      "response_date": "",
      "review": "Amazing app! I've never seen better :)",
      "review_date": [
        "March",
        "19",
        " 2018"
      ]
    },
    {
      "REQ_subtype": "",
      "REQ_type": "",
      "_id": 76,
      "author_id": "not defined",
      "author_name": "A Google user",
      "helpful": "2",
      "polarity": "",
      "rate": 4,
      "response": "",
      "response_date": "",
      "review": "Przyjemna i intuicyjna w obs\u0142udze. W ramach dokonywania podstawowych operacji bez zarzut\u00f3w.",
      "review_date": [
        "January",
        "28",
        " 2018"
      ]
    },
    {
      "REQ_subtype": "",
      "REQ_type": "",
      "_id": 77,
      "author_id": "not defined",
      "author_name": "Vladas V.V.",
      "helpful": "0",
      "polarity": "",
      "rate": 2,
      "response": "",
      "response_date": "",
      "review": "I have not polish mobile number but of other EU country and app doesn't activate by sms. Why?",
      "review_date": [
        "January",
        "14",
        " 2018"
      ]
    },
    {
      "REQ_subtype": "",
      "REQ_type": "",
      "_id": 78,
      "author_id": "not defined",
      "author_name": "Norbert Kawi\u0144ski",
      "helpful": "0",
      "polarity": "",
      "rate": 5,
      "response": "",
      "response_date": "",
      "review": "Wszystko super. Brakuje mi jedynie podsumowania wydatk\u00f3w na kategorie w danym miesi\u0105cu.",
      "review_date": [
        "April",
        "3",
        " 2018"
      ]
    },
    {
      "REQ_subtype": "",
      "REQ_type": "",
      "_id": 79,
      "author_id": "not defined",
      "author_name": "Izabella Staszak",
      "helpful": "1",
      "polarity": "",
      "rate": 5,
      "response": "",
      "response_date": "",
      "review": "baaardzo u\u0142atwia, bo nie trzeba i\u015b\u0107 do banku",
      "review_date": [
        "April",
        "29",
        " 2018"
      ]
    },
    {
      "REQ_subtype": "",
      "REQ_type": "",
      "_id": 80,
      "author_id": "not defined",
      "author_name": "Ganci",
      "helpful": "0",
      "polarity": "",
      "rate": 5,
      "response": "",
      "response_date": "",
      "review": "Bardzo przyjemna w u\u017cytkowaniu aplikacja, przejrzysta i z wieloma \nprzydatnyni funkcjami",
      "review_date": [
        "May",
        "12",
        " 2018"
      ]
    },
    {
      "REQ_subtype": "",
      "REQ_type": "",
      "_id": 81,
      "author_id": "not defined",
      "author_name": "Xequix",
      "helpful": "0",
      "polarity": "",
      "rate": 4,
      "response": "",
      "response_date": "",
      "review": "Its good, but I have no idea if its secure",
      "review_date": [
        "January",
        "16",
        " 2018"
      ]
    },
    {
      "REQ_subtype": "",
      "REQ_type": "",
      "_id": 82,
      "author_id": "not defined",
      "author_name": "Jan Interferencyjny",
      "helpful": "0",
      "polarity": "",
      "rate": 4,
      "response": "",
      "response_date": "",
      "review": "Very good, but sometimes crashes and interface could be upgraded a bit to be more intuitive",
      "review_date": [
        "January",
        "2",
        " 2018"
      ]
    },
    {
      "REQ_subtype": "",
      "REQ_type": "",
      "_id": 83,
      "author_id": "not defined",
      "author_name": "\u0141ukasz Ronij",
      "helpful": "1",
      "polarity": "",
      "rate": 5,
      "response": "",
      "response_date": "",
      "review": "That's great app cery easy to use.",
      "review_date": [
        "January",
        "13",
        " 2018"
      ]
    },
    {
      "REQ_subtype": "",
      "REQ_type": "",
      "_id": 84,
      "author_id": "not defined",
      "author_name": "Adam Dlugaj",
      "helpful": "0",
      "polarity": "",
      "rate": 4,
      "response": "",
      "response_date": "",
      "review": "Brakuje mi tylko potwierdze\u0144 przelew\u00f3w na kontach junior.",
      "review_date": [
        "February",
        "21",
        " 2018"
      ]
    },
    {
      "REQ_subtype": "",
      "REQ_type": "",
      "_id": 85,
      "author_id": "not defined",
      "author_name": "A Google user",
      "helpful": "0",
      "polarity": "",
      "rate": 5,
      "response": "",
      "response_date": "",
      "review": "Wygodna aplikacja. Pozwala efektywnie korzystac z funckji banku.",
      "review_date": [
        "January",
        "18",
        " 2018"
      ]
    },
    {
      "REQ_subtype": "",
      "REQ_type": "",
      "_id": 86,
      "author_id": "not defined",
      "author_name": "Micha\u0142 Mika",
      "helpful": "2",
      "polarity": "",
      "rate": 3,
      "response": "",
      "response_date": "",
      "review": "Nadal brak etykiet koniecznych do analizy wydatk\u00f3w.",
      "review_date": [
        "December",
        "10",
        " 2017"
      ]
    },
    {
      "REQ_subtype": "",
      "REQ_type": "",
      "_id": 87,
      "author_id": "not defined",
      "author_name": "Mariusz Smolak",
      "helpful": "0",
      "polarity": "",
      "rate": 5,
      "response": "",
      "response_date": "",
      "review": "Naprawd\u0119 nie\u017ale. \u0141atwo i przyjemnie si\u0119 p\u0142aci. Aplikacja dzia\u0142a sprawnie.",
      "review_date": [
        "March",
        "7",
        " 2018"
      ]
    },
    {
      "REQ_subtype": "",
      "REQ_type": "",
      "_id": 88,
      "author_id": "not defined",
      "author_name": "Wojciech Szymczak",
      "helpful": "0",
      "polarity": "",
      "rate": 5,
      "response": "",
      "response_date": "",
      "review": "Mistrzostwo a procenty nie uciekaj\u0105 za granic\u0119!",
      "review_date": [
        "April",
        "7",
        " 2018"
      ]
    },
    {
      "REQ_subtype": "",
      "REQ_type": "",
      "_id": 89,
      "author_id": "not defined",
      "author_name": "Jeevan Cheriyan",
      "helpful": "0",
      "polarity": "",
      "rate": 5,
      "response": "",
      "response_date": "",
      "review": "This app is really great it has so many features which really makes life a little easier",
      "review_date": [
        "January",
        "31",
        " 2018"
      ]
    },
    {
      "REQ_subtype": "",
      "REQ_type": "",
      "_id": 90,
      "author_id": "not defined",
      "author_name": "Iza Skowronska",
      "helpful": "1",
      "polarity": "",
      "rate": 4,
      "response": "",
      "response_date": "",
      "review": "Pomocna aplikacja, kt\u00f3ra u\u0142atwia \u017cycie",
      "review_date": [
        "May",
        "1",
        " 2018"
      ]
    },
    {
      "REQ_subtype": "",
      "REQ_type": "",
      "_id": 91,
      "author_id": "not defined",
      "author_name": "Adam Kunias",
      "helpful": "0",
      "polarity": "",
      "rate": 5,
      "response": "",
      "response_date": "",
      "review": "Perfekcyjna I swietnie przystowana apka, intuicyjna",
      "review_date": [
        "April",
        "26",
        " 2018"
      ]
    },
    {
      "REQ_subtype": "",
      "REQ_type": "",
      "_id": 92,
      "author_id": "not defined",
      "author_name": "Piotr Zientarski",
      "helpful": "1",
      "polarity": "",
      "rate": 5,
      "response": "",
      "response_date": "",
      "review": "WOW demo mode :D thanks",
      "review_date": [
        "December",
        "9",
        " 2017"
      ]
    },
    {
      "REQ_subtype": "",
      "REQ_type": "",
      "_id": 93,
      "author_id": "not defined",
      "author_name": "Rafael Sobstyl",
      "helpful": "1",
      "polarity": "",
      "rate": 5,
      "response": "",
      "response_date": "",
      "review": "Szybki i \u0142adny interfejs. Bardzo funkcjonalna.",
      "review_date": [
        "January",
        "6",
        " 2018"
      ]
    },
    {
      "REQ_subtype": "",
      "REQ_type": "",
      "_id": 94,
      "author_id": "not defined",
      "author_name": "Paulina Mieczkowska",
      "helpful": "0",
      "polarity": "",
      "rate": 5,
      "response": "",
      "response_date": "",
      "review": "Loved it, especially when I forgot my card and still was able to pay.",
      "review_date": [
        "January",
        "28",
        " 2018"
      ]
    },
    {
      "REQ_subtype": "",
      "REQ_type": "",
      "_id": 95,
      "author_id": "not defined",
      "author_name": "Pawe\u0142 Pawlicki",
      "helpful": "0",
      "polarity": "",
      "rate": 5,
      "response": "",
      "response_date": "",
      "review": "Excellent app! I have three more different apps and this one is the best!",
      "review_date": [
        "March",
        "10",
        " 2018"
      ]
    },
    {
      "REQ_subtype": "",
      "REQ_type": "",
      "_id": 96,
      "author_id": "not defined",
      "author_name": "chama bensmail",
      "helpful": "1",
      "polarity": "",
      "rate": 5,
      "response": "",
      "response_date": "",
      "review": "Not bad. Can still be better.",
      "review_date": [
        "February",
        "19",
        " 2018"
      ]
    },
    {
      "REQ_subtype": "",
      "REQ_type": "",
      "_id": 97,
      "author_id": "not defined",
      "author_name": "Michal Forys",
      "helpful": "1",
      "polarity": "",
      "rate": 4,
      "response": "",
      "response_date": "",
      "review": "Brakuje powiadomie\u0144 (darmowych).",
      "review_date": [
        "January",
        "13",
        " 2018"
      ]
    },
    {
      "REQ_subtype": "",
      "REQ_type": "",
      "_id": 98,
      "author_id": "not defined",
      "author_name": "Borys Wojciechowski",
      "helpful": "0",
      "polarity": "",
      "rate": 2,
      "response": "",
      "response_date": "",
      "review": "No Google Pay (Android Pay) support.",
      "review_date": [
        "April",
        "3",
        " 2018"
      ]
    },
    {
      "REQ_subtype": "",
      "REQ_type": "",
      "_id": 99,
      "author_id": "not defined",
      "author_name": "Furcik K",
      "helpful": "0",
      "polarity": "",
      "rate": 5,
      "response": "",
      "response_date": "",
      "review": "Very useful and easy to use, has all the features I need",
      "review_date": [
        "April",
        "19",
        " 2018"
      ]
    },
    {
      "REQ_subtype": "",
      "REQ_type": "",
      "_id": 100,
      "author_id": "not defined",
      "author_name": "Aleksander \u015awiech",
      "helpful": "1",
      "polarity": "",
      "rate": 5,
      "response": "",
      "response_date": "",
      "review": "Najlepsza aplikacja bankowa.",
      "review_date": [
        "April",
        "17",
        " 2018"
      ]
    },
    {
      "REQ_subtype": "",
      "REQ_type": "",
      "_id": 101,
      "author_id": "not defined",
      "author_name": "A Google user",
      "helpful": "1",
      "polarity": "",
      "rate": 1,
      "response": "",
      "response_date": "",
      "review": "Reklamy zas\u0142aniaj\u0105 blik.",
      "review_date": [
        "December",
        "9",
        " 2017"
      ]
    },
    {
      "REQ_subtype": "",
      "REQ_type": "",
      "_id": 102,
      "author_id": "not defined",
      "author_name": "Daniel Faccenda",
      "helpful": "0",
      "polarity": "",
      "rate": 5,
      "response": "",
      "response_date": "",
      "review": "Good app, Can di everything i do in the Normal website",
      "review_date": [
        "February",
        "14",
        " 2018"
      ]
    },
    {
      "REQ_subtype": "",
      "REQ_type": "",
      "_id": 103,
      "author_id": "not defined",
      "author_name": "Micha\u0142 Sieniawski",
      "helpful": "1",
      "polarity": "",
      "rate": 5,
      "response": "",
      "response_date": "",
      "review": "Dzia\u0142a bez zarzutu",
      "review_date": [
        "January",
        "10",
        " 2018"
      ]
    },
    {
      "REQ_subtype": "",
      "REQ_type": "",
      "_id": 104,
      "author_id": "not defined",
      "author_name": "A Google user",
      "helpful": "0",
      "polarity": "",
      "rate": 5,
      "response": "",
      "response_date": "",
      "review": "Very good app with a lot of useful features",
      "review_date": [
        "March",
        "16",
        " 2018"
      ]
    },
    {
      "REQ_subtype": "",
      "REQ_type": "",
      "_id": 105,
      "author_id": "not defined",
      "author_name": "Nana Amako",
      "helpful": "0",
      "polarity": "",
      "rate": 5,
      "response": "",
      "response_date": "",
      "review": "Excellent app with an easy to use user interface",
      "review_date": [
        "April",
        "10",
        " 2018"
      ]
    },
    {
      "REQ_subtype": "",
      "REQ_type": "",
      "_id": 106,
      "author_id": "not defined",
      "author_name": "Maksymilian Grabowski",
      "helpful": "1",
      "polarity": "",
      "rate": 5,
      "response": "",
      "response_date": "",
      "review": "Very easy app",
      "review_date": [
        "April",
        "9",
        " 2018"
      ]
    },
    {
      "REQ_subtype": "",
      "REQ_type": "",
      "_id": 107,
      "author_id": "not defined",
      "author_name": "A Google user",
      "helpful": "1",
      "polarity": "",
      "rate": 5,
      "response": "",
      "response_date": "",
      "review": "Does the excellent job",
      "review_date": [
        "April",
        "19",
        " 2018"
      ]
    },
    {
      "REQ_subtype": "",
      "REQ_type": "",
      "_id": 108,
      "author_id": "not defined",
      "author_name": "Jonathan Castletine-Jackson",
      "helpful": "0",
      "polarity": "",
      "rate": 5,
      "response": "",
      "response_date": "",
      "review": "Easy to use in English, thanks!",
      "review_date": [
        "February",
        "6",
        " 2018"
      ]
    },
    {
      "REQ_subtype": "",
      "REQ_type": "",
      "_id": 109,
      "author_id": "not defined",
      "author_name": "Adrianna Janowska",
      "helpful": "0",
      "polarity": "",
      "rate": 5,
      "response": "",
      "response_date": "",
      "review": "It is very useful with quick transfer",
      "review_date": [
        "April",
        "26",
        " 2018"
      ]
    },
    {
      "REQ_subtype": "",
      "REQ_type": "",
      "_id": 110,
      "author_id": "not defined",
      "author_name": "Vlad Avramenko",
      "helpful": "0",
      "polarity": "",
      "rate": 5,
      "response": "",
      "response_date": "",
      "review": "Good app does what it supposed to do",
      "review_date": [
        "May",
        "11",
        " 2018"
      ]
    },
    {
      "REQ_subtype": "",
      "REQ_type": "",
      "_id": 111,
      "author_id": "not defined",
      "author_name": "Piotr Kibler",
      "helpful": "0",
      "polarity": "",
      "rate": 5,
      "response": "",
      "response_date": "",
      "review": "Wszystko dziala",
      "review_date": [
        "December",
        "14",
        " 2017"
      ]
    },
    {
      "REQ_subtype": "",
      "REQ_type": "",
      "_id": 112,
      "author_id": "not defined",
      "author_name": "A Google user",
      "helpful": "0",
      "polarity": "",
      "rate": 5,
      "response": "",
      "response_date": "",
      "review": "Wszystko ok",
      "review_date": [
        "December",
        "18",
        " 2017"
      ]
    },
    {
      "REQ_subtype": "",
      "REQ_type": "",
      "_id": 113,
      "author_id": "not defined",
      "author_name": "Grzegorz Lenarcik",
      "helpful": "0",
      "polarity": "",
      "rate": 5,
      "response": "Dzie\u0144 dobry. Dzi\u0119kujemy za weryfikacj\u0119 oceny. Pozdrawiamy, PKO Bank Polski",
      "response_date": [
        "December",
        "27",
        " 2017"
      ],
      "review": "Dzia\u0142a super",
      "review_date": [
        "December",
        "27",
        " 2017"
      ]
    },
    {
      "REQ_subtype": "",
      "REQ_type": "",
      "_id": 114,
      "author_id": "not defined",
      "author_name": "vishwa prasad",
      "helpful": "0",
      "polarity": "",
      "rate": 5,
      "response": "",
      "response_date": "",
      "review": "Great service and best credibility.",
      "review_date": [
        "April",
        "26",
        " 2018"
      ]
    },
    {
      "REQ_subtype": "",
      "REQ_type": "",
      "_id": 115,
      "author_id": "not defined",
      "author_name": "Agata Erkiert",
      "helpful": "0",
      "polarity": "",
      "rate": 5,
      "response": "",
      "response_date": "",
      "review": "Great app, fast, easy",
      "review_date": [
        "March",
        "12",
        " 2018"
      ]
    },
    {
      "REQ_subtype": "",
      "REQ_type": "",
      "_id": 116,
      "author_id": "not defined",
      "author_name": "Lukasz Lyczba",
      "helpful": "0",
      "polarity": "",
      "rate": 5,
      "response": "",
      "response_date": "",
      "review": "Works perfectly!",
      "review_date": [
        "March",
        "29",
        " 2018"
      ]
    },
    {
      "REQ_subtype": "",
      "REQ_type": "",
      "_id": 117,
      "author_id": "not defined",
      "author_name": "A Google user",
      "helpful": "1",
      "polarity": "",
      "rate": 5,
      "response": "",
      "response_date": "",
      "review": "Git",
      "review_date": [
        "February",
        "21",
        " 2018"
      ]
    },
    {
      "REQ_subtype": "",
      "REQ_type": "",
      "_id": 118,
      "author_id": "not defined",
      "author_name": "abid ornob",
      "helpful": "0",
      "polarity": "",
      "rate": 5,
      "response": "",
      "response_date": "",
      "review": "nice and quick service",
      "review_date": [
        "March",
        "4",
        " 2018"
      ]
    },
    {
      "REQ_subtype": "",
      "REQ_type": "",
      "_id": 119,
      "author_id": "not defined",
      "author_name": "Akaki Shelia",
      "helpful": "0",
      "polarity": "",
      "rate": 5,
      "response": "",
      "response_date": "",
      "review": "Quick smooth and functional",
      "review_date": [
        "March",
        "13",
        " 2018"
      ]
    },
    {
      "REQ_subtype": "",
      "REQ_type": "",
      "_id": 120,
      "author_id": "not defined",
      "author_name": "Natalia Pytel",
      "helpful": "0",
      "polarity": "",
      "rate": 5,
      "response": "",
      "response_date": "",
      "review": "App is just good",
      "review_date": [
        "April",
        "3",
        " 2018"
      ]
    },
    {
      "REQ_subtype": "",
      "REQ_type": "",
      "_id": 121,
      "author_id": "not defined",
      "author_name": "Jakub B",
      "helpful": "1",
      "polarity": "",
      "rate": 5,
      "response": "",
      "response_date": "",
      "review": "Really useful",
      "review_date": [
        "January",
        "15",
        " 2018"
      ]
    },
    {
      "REQ_subtype": "",
      "REQ_type": "",
      "_id": 122,
      "author_id": "not defined",
      "author_name": "Geraldine Nyasha",
      "helpful": "1",
      "polarity": "",
      "rate": 5,
      "response": "",
      "response_date": "",
      "review": "its perfect",
      "review_date": [
        "March",
        "1",
        " 2018"
      ]
    },
    {
      "REQ_subtype": "",
      "REQ_type": "",
      "_id": 123,
      "author_id": "not defined",
      "author_name": "Harman Wadali",
      "helpful": "0",
      "polarity": "",
      "rate": 5,
      "response": "",
      "response_date": "",
      "review": "Excellent banking",
      "review_date": [
        "February",
        "11",
        " 2018"
      ]
    },
    {
      "REQ_subtype": "",
      "REQ_type": "",
      "_id": 124,
      "author_id": "not defined",
      "author_name": "mohan raj",
      "helpful": "0",
      "polarity": "",
      "rate": 5,
      "response": "",
      "response_date": "",
      "review": "Excellent service",
      "review_date": [
        "February",
        "25",
        " 2018"
      ]
    },
    {
      "REQ_subtype": "",
      "REQ_type": "",
      "_id": 125,
      "author_id": "not defined",
      "author_name": "Robert Lewandowski",
      "helpful": "0",
      "polarity": "",
      "rate": 5,
      "response": "",
      "response_date": "",
      "review": "Great application",
      "review_date": [
        "March",
        "4",
        " 2018"
      ]
    },
    {
      "REQ_subtype": "",
      "REQ_type": "",
      "_id": 126,
      "author_id": "not defined",
      "author_name": "A Google user",
      "helpful": "0",
      "polarity": "",
      "rate": 5,
      "response": "",
      "response_date": "",
      "review": "Great",
      "review_date": [
        "April",
        "19",
        " 2018"
      ]
    },
    {
      "REQ_subtype": "",
      "REQ_type": "",
      "_id": 127,
      "author_id": "not defined",
      "author_name": "Michael Baranyak",
      "helpful": "0",
      "polarity": "",
      "rate": 1,
      "response": "",
      "response_date": "",
      "review": "it just doesn't work on 4.4",
      "review_date": [
        "November",
        "30",
        " 2017"
      ]
    },
    {
      "REQ_subtype": "",
      "REQ_type": "",
      "_id": 128,
      "author_id": "not defined",
      "author_name": "Outside The Wall",
      "helpful": "0",
      "polarity": "",
      "rate": 5,
      "response": "",
      "response_date": "",
      "review": "Nie mam zastrze\u017ce\u0144, przyjemna, estetyczna. Zawsze dzia\u0142a.",
      "review_date": [
        "December",
        "11",
        " 2017"
      ]
    },
    {
      "REQ_subtype": "",
      "REQ_type": "",
      "_id": 129,
      "author_id": "not defined",
      "author_name": "\u0414\u043c\u0438\u0442\u0440\u0438\u0439 \u0417\u0438\u043d\u043e\u0432",
      "helpful": "1",
      "polarity": "",
      "rate": 5,
      "response": "",
      "response_date": "",
      "review": "Dzienki bardzo dobra aplikacja",
      "review_date": [
        "November",
        "24",
        " 2017"
      ]
    },
    {
      "REQ_subtype": "",
      "REQ_type": "",
      "_id": 130,
      "author_id": "not defined",
      "author_name": "Artur W\u0105\u017c",
      "helpful": "0",
      "polarity": "",
      "rate": 5,
      "response": "",
      "response_date": "",
      "review": "Good application, I'm very happy I've this one",
      "review_date": [
        "December",
        "1",
        " 2017"
      ]
    },
    {
      "REQ_subtype": "",
      "REQ_type": "",
      "_id": 131,
      "author_id": "not defined",
      "author_name": "Charles MaZur",
      "helpful": "0",
      "polarity": "",
      "rate": 3,
      "response": "",
      "response_date": "",
      "review": "Je\u015bli kart\u0105 ma si\u0119 wykona\u0107 np. 5 razy w miesi\u0105cu, \u017ceby nie by\u0142o op\u0142aty to by\u015bcie mogli doda\u0107 do tego nie tylko kart\u0119, ale blik i naklejk\u0119 zbli\u017ceniow\u0105. Po drugie to transakcje powinny by\u0107 szybciej rozliczane a nie 3 dni trzeba czeka\u0107 aby si\u0119 pojawi\u0142a transakcja kart\u0105 i mog\u0142y by te transakcje kart\u0105 by\u0107 w lepszy spos\u00f3b przedstawione jak np. W aplikacji Android Pay czy mBank. Brakuje powiadomie\u0144, a powiadomienia SMS s\u0105 p\u0142atne. Og\u00f3lnie aplikacja nie jest z\u0142a, ale mog\u0142o by\u0107 lepiej.",
      "review_date": [
        "December",
        "1",
        " 2017"
      ]
    },
    {
      "REQ_subtype": "",
      "REQ_type": "",
      "_id": 132,
      "author_id": "not defined",
      "author_name": "A Google user",
      "helpful": "0",
      "polarity": "",
      "rate": 5,
      "response": "",
      "response_date": "",
      "review": "10 na 10",
      "review_date": [
        "December",
        "1",
        " 2017"
      ]
    },
    {
      "REQ_subtype": "",
      "REQ_type": "",
      "_id": 133,
      "author_id": "not defined",
      "author_name": "A Google user",
      "helpful": "0",
      "polarity": "",
      "rate": 5,
      "response": "",
      "response_date": "",
      "review": "One of the best I've been using...",
      "review_date": [
        "November",
        "29",
        " 2017"
      ]
    },
    {
      "REQ_subtype": "",
      "REQ_type": "",
      "_id": 134,
      "author_id": "not defined",
      "author_name": "Indus Kot2",
      "helpful": "0",
      "polarity": "",
      "rate": 5,
      "response": "",
      "response_date": "",
      "review": "A nice app.",
      "review_date": [
        "November",
        "27",
        " 2017"
      ]
    },
    {
      "REQ_subtype": "",
      "REQ_type": "",
      "_id": 135,
      "author_id": "not defined",
      "author_name": "Michal Alchimowicz",
      "helpful": "0",
      "polarity": "",
      "rate": 4,
      "response": "",
      "response_date": "",
      "review": "So far so good",
      "review_date": [
        "November",
        "30",
        " 2017"
      ]
    },
    {
      "REQ_subtype": "",
      "REQ_type": "",
      "_id": 136,
      "author_id": "not defined",
      "author_name": "S4tao0 S4tao0",
      "helpful": "0",
      "polarity": "",
      "rate": 5,
      "response": "",
      "response_date": "",
      "review": "Good app",
      "review_date": [
        "February",
        "14",
        " 2018"
      ]
    },
    {
      "REQ_subtype": "",
      "REQ_type": "",
      "_id": 137,
      "author_id": "not defined",
      "author_name": "Radek Wlaz\u0142y",
      "helpful": "0",
      "polarity": "",
      "rate": 5,
      "response": "",
      "response_date": "",
      "review": "good",
      "review_date": [
        "December",
        "6",
        " 2017"
      ]
    },
    {
      "REQ_subtype": "",
      "REQ_type": "",
      "_id": 138,
      "author_id": "not defined",
      "author_name": "Ewelina Ko\u015bci\u0144ska",
      "helpful": "1",
      "polarity": "",
      "rate": 3,
      "response": "",
      "response_date": "",
      "review": "Chyba aktywacja iko nie dzia\u0142a je\u015bli si\u0119 ma nie polski sim. W ka\u017cdym razie ja nie jestem w stanie zaktywowac aplikacji wi\u0119c nie wiem jak dzia\u0142a. Czy mo\u017cecie to zmieni\u0107? Podejrzewam \u017ce ludzie nie w Polsce uzywaliby ch\u0119tnie aplikacji z jak\u0105kolwiek karta sim...",
      "review_date": [
        "November",
        "18",
        " 2017"
      ]
    },
    {
      "REQ_subtype": "",
      "REQ_type": "",
      "_id": 139,
      "author_id": "not defined",
      "author_name": "Bartek Kie\u0142bania",
      "helpful": "6",
      "polarity": "",
      "rate": 3,
      "response": "",
      "response_date": "",
      "review": "Dla Redmi note 3 pro nadal nie dzia\u0142a funkcja logowania odciskiem palca",
      "review_date": [
        "November",
        "1",
        " 2017"
      ]
    },
    {
      "REQ_subtype": "",
      "REQ_type": "",
      "_id": 140,
      "author_id": "not defined",
      "author_name": "Oskar Wicha",
      "helpful": "0",
      "polarity": "",
      "rate": 5,
      "response": "Dzie\u0144 dobry. Cieszymy si\u0119, \u017ce problem ju\u017c nie wyst\u0119puje i dzi\u0119kujemy za 5 gwiazdek. \u017byczymy udanego korzystania z aplikacji IKO! Pozdrawiamy, PKO Bank Polski",
      "response_date": [
        "November",
        "14",
        " 2017"
      ],
      "review": "Bardzo dobra aplikacja. Ale ostatnio przesta\u0142y dzia\u0142a\u0107 p\u0142atno\u015bci zbli\u017ceniowe telefonem. Sprawdza\u0142em w 5 r\u00f3\u017cnych punktach sprzeda\u017cy. Telefon raportuje sukces p\u0142atno\u015bci a terminal POS m\u00f3wi \u017ce transakcja odrzucona. Android 7.1.1. B\u0119d\u0119 wdzi\u0119czny za szybkie rozwi\u0105zanie problemu. Edit: Po ostatnich poprawkach p\u0142atno\u015bci przez NFC dalej nie dzia\u0142aj\u0105. Edit 2: Uda\u0142o si\u0119 zap\u0142aci\u0107 dzi\u0119kuje za rozwi\u0105zanie problemu.",
      "review_date": [
        "October",
        "26",
        " 2017"
      ]
    },
    {
      "REQ_subtype": "",
      "REQ_type": "",
      "_id": 141,
      "author_id": "not defined",
      "author_name": "askin",
      "helpful": "0",
      "polarity": "",
      "rate": 3,
      "response": "",
      "response_date": "",
      "review": "Da\u0142bym 5 ale mia\u0142a problemy z autoryzacj\u0105 no i nie obs\u0142uguje czytnika linii papilarnych na moim telefonie",
      "review_date": [
        "November",
        "7",
        " 2017"
      ]
    },
    {
      "REQ_subtype": "",
      "REQ_type": "",
      "_id": 142,
      "author_id": "not defined",
      "author_name": "Mateusz Kita",
      "helpful": "0",
      "polarity": "",
      "rate": 5,
      "response": "",
      "response_date": "",
      "review": "Szybka w obs\u0142udze, zawiera wszystko co powinna i wychodz\u0105 do niej sensowne aktualizacje.",
      "review_date": [
        "November",
        "9",
        " 2017"
      ]
    },
    {
      "REQ_subtype": "",
      "REQ_type": "",
      "_id": 143,
      "author_id": "not defined",
      "author_name": "Tadeusz Huca\u0142",
      "helpful": "0",
      "polarity": "",
      "rate": 5,
      "response": "",
      "response_date": "",
      "review": "\u015awietna aplikacja. Chyba jedyn\u0105 funkcjonalno\u015bci\u0105 jakiej mi brakuje jest mo\u017cliwo\u015b\u0107 akceptowania zlece\u0144 zmiennych.",
      "review_date": [
        "October",
        "24",
        " 2017"
      ]
    },
    {
      "REQ_subtype": "",
      "REQ_type": "",
      "_id": 144,
      "author_id": "not defined",
      "author_name": "Karol Chmiel",
      "helpful": "0",
      "polarity": "",
      "rate": 1,
      "response": "Dzie\u0144 dobry, prosimy o przes\u0142anie szczeg\u00f3\u0142\u00f3w przez zak\u0142adk\u0119 \"Wiadomo\u015bci\" w serwisie iPKO lub przez formularz \nna stronie https://iko.pkobp.pl/kontakt. Pozdrawiamy, PKO Bank Polski",
      "response_date": [
        "November",
        "10",
        " 2017"
      ],
      "review": "Ostatnio czasami ma problemy z zalogowaniem i wysypuje si\u0119 przy pr\u00f3bie zap\u0142acenia BLIKiem.",
      "review_date": [
        "November",
        "10",
        " 2017"
      ]
    },
    {
      "REQ_subtype": "",
      "REQ_type": "",
      "_id": 145,
      "author_id": "not defined",
      "author_name": "Vadym Perepeliak",
      "helpful": "0",
      "polarity": "",
      "rate": 1,
      "response": "",
      "response_date": "",
      "review": "By\u0142em zmuszony do pobrania apki \u017ceby odebra\u0107 do\u0142adowania. Aktywowa\u0107 apk\u0119 si\u0119 nie uda\u0142o. Dziwny system do\u0142adowania w PKO.",
      "review_date": [
        "November",
        "21",
        " 2017"
      ]
    },
    {
      "REQ_subtype": "",
      "REQ_type": "",
      "_id": 146,
      "author_id": "not defined",
      "author_name": "ordofighter PL",
      "helpful": "0",
      "polarity": "",
      "rate": 4,
      "response": "",
      "response_date": "",
      "review": "Bankowo\u015bc Jeszce nigdy nie by\u0142a dla mnie tak wygodna",
      "review_date": [
        "November",
        "10",
        " 2017"
      ]
    },
    {
      "REQ_subtype": "",
      "REQ_type": "",
      "_id": 147,
      "author_id": "not defined",
      "author_name": "Wojtek Iwa\u0144ski",
      "helpful": "0",
      "polarity": "",
      "rate": 4,
      "response": "",
      "response_date": "",
      "review": "Brakuje funkcji odpowiedz na przelew w historii. Poza tym ok.",
      "review_date": [
        "October",
        "31",
        " 2017"
      ]
    },
    {
      "REQ_subtype": "",
      "REQ_type": "",
      "_id": 148,
      "author_id": "not defined",
      "author_name": "Fvckmygovt",
      "helpful": "0",
      "polarity": "",
      "rate": 5,
      "response": "",
      "response_date": "",
      "review": "Everything fine, but I cannot pay with phone through nfc",
      "review_date": [
        "November",
        "18",
        " 2017"
      ]
    },
    {
      "REQ_subtype": "",
      "REQ_type": "",
      "_id": 149,
      "author_id": "not defined",
      "author_name": "Mateusz Zdanowicz",
      "helpful": "0",
      "polarity": "",
      "rate": 5,
      "response": "",
      "response_date": "",
      "review": "Swietna bankowosc mobilna",
      "review_date": [
        "November",
        "22",
        " 2017"
      ]
    },
    {
      "REQ_subtype": "",
      "REQ_type": "",
      "_id": 150,
      "author_id": "not defined",
      "author_name": "A Google user",
      "helpful": "0",
      "polarity": "",
      "rate": 5,
      "response": "",
      "response_date": "",
      "review": "Bardzo pomocna",
      "review_date": [
        "November",
        "8",
        " 2017"
      ]
    },
    {
      "REQ_subtype": "",
      "REQ_type": "",
      "_id": 151,
      "author_id": "not defined",
      "author_name": "Robert Grabi\u0144ski",
      "helpful": "0",
      "polarity": "",
      "rate": 5,
      "response": "",
      "response_date": "",
      "review": "Very good app.",
      "review_date": [
        "November",
        "15",
        " 2017"
      ]
    },
    {
      "REQ_subtype": "",
      "REQ_type": "",
      "_id": 152,
      "author_id": "not defined",
      "author_name": "A Google user",
      "helpful": "0",
      "polarity": "",
      "rate": 5,
      "response": "",
      "response_date": "",
      "review": "Good App ...for foreigners",
      "review_date": [
        "October",
        "26",
        " 2017"
      ]
    },
    {
      "REQ_subtype": "",
      "REQ_type": "",
      "_id": 153,
      "author_id": "not defined",
      "author_name": "Simon Black",
      "helpful": "0",
      "polarity": "",
      "rate": 5,
      "response": "",
      "response_date": "",
      "review": "happy  fish going",
      "review_date": [
        "November",
        "17",
        " 2017"
      ]
    },
    {
      "REQ_subtype": "",
      "REQ_type": "",
      "_id": 154,
      "author_id": "not defined",
      "author_name": "Maciej Sobolewski",
      "helpful": "0",
      "polarity": "",
      "rate": 5,
      "response": "",
      "response_date": "",
      "review": "Good security",
      "review_date": [
        "November",
        "16",
        " 2017"
      ]
    },
    {
      "REQ_subtype": "",
      "REQ_type": "",
      "_id": 155,
      "author_id": "not defined",
      "author_name": "mariusz czuchryta",
      "helpful": "0",
      "polarity": "",
      "rate": 5,
      "response": "",
      "response_date": "",
      "review": "Very good",
      "review_date": [
        "October",
        "26",
        " 2017"
      ]
    },
    {
      "REQ_subtype": "",
      "REQ_type": "",
      "_id": 156,
      "author_id": "not defined",
      "author_name": "Robert Anonim",
      "helpful": "0",
      "polarity": "",
      "rate": 5,
      "response": "",
      "response_date": "",
      "review": "Awesome",
      "review_date": [
        "November",
        "13",
        " 2017"
      ]
    },
    {
      "REQ_subtype": "",
      "REQ_type": "",
      "_id": 157,
      "author_id": "not defined",
      "author_name": "Kamil Kacperski",
      "helpful": "0",
      "polarity": "",
      "rate": 5,
      "response": "",
      "response_date": "",
      "review": "Good",
      "review_date": [
        "October",
        "27",
        " 2017"
      ]
    },
    {
      "REQ_subtype": "",
      "REQ_type": "",
      "_id": 158,
      "author_id": "not defined",
      "author_name": "Adam Jurkiewicz",
      "helpful": "1",
      "polarity": "",
      "rate": 4,
      "response": "",
      "response_date": "",
      "review": "To si\u0119 nazywa nowoczesna i bezpieczna aplikacja do banku. Oby tak dalej! EDIT 12.03.17: Funkcja logowania przyciskiem palca nadal nie jest obs\u0142ugiwana na LG V10 z Androidem 6.0 i czytnikiem linii papilarnych. EDIT 2: Funkcja wr\u00f3ci\u0142a, dzi\u0119kuj\u0119!",
      "review_date": [
        "October",
        "19",
        " 2017"
      ]
    },
    {
      "REQ_subtype": "",
      "REQ_type": "",
      "_id": 159,
      "author_id": "not defined",
      "author_name": "Piotr Urbanowski",
      "helpful": "0",
      "polarity": "",
      "rate": 4,
      "response": "",
      "response_date": "",
      "review": "Improvements make the master. Go on!",
      "review_date": [
        "October",
        "11",
        " 2017"
      ]
    }
  ],
  "size": "20",
  "url": "https://play.google.com/store/apps/details?id=pl.pkobp.iko",
  "version": "3.115.27"
}