{
  "categories": [
    "Entertainment"
  ],
  "description": "** Please Note: This App will only run on Android Phones and Tablets with Version 2.1 and above **Welcome to world\u2019s most powerful WebTV technology! GLWiZ WebTV service offers live television programming broadcasted from around the world over the high speed public internet. The GLWiZ feature-rich WebTV service provides an enhanced viewing experience in multiple languages that suits every taste and reference. GLWiZ state-of-the-art application allows for the global Farsi, Arabic, Turkish and Chinese-speaking communities as well as Afghan, Tajik, Azerbaijani, Armenian, Assyrian and Kurdish populations to tap into GLWiZ\u2019s rich and comprehensive source of cultural, educational, musical and entertaining content from anywhere, at anytime. You can have access to hundreds of live TV channels and international radio stations on your Android device. Watch more than 10,000 hours of your favourite Movies and recent TV series directly on your mobile device (coming soon!). Download GLWiZ App today and start enjoying your favourite television programming via your Android device from anywhere in the world.",
  "inc": "Goldline Telemanagement Inc",
  "intalled_count": "1,000,000",
  "last_update": [
    "July",
    "9",
    " 2018"
  ],
  "name": "GLARAB",
  "offered_by": "Google Commerce Ltd",
  "permissions": {
    "Phone": [
      "read phone status and identity"
    ],
    "Photos/Media/Files": [
      "read the contents of your USB storage",
      "modify or delete the contents of your USB storage"
    ],
    "Storage": [
      "read the contents of your USB storage",
      "modify or delete the contents of your USB storage"
    ],
    "Wi-Fi connection information": [
      "view Wi-Fi connections"
    ],
    "Device ID & call information": [
      "read phone status and identity"
    ],
    "Other": [
      "view network connections",
      "pair with Bluetooth devices",
      "full network access",
      "prevent device from sleeping"
    ]
  },
  "price": "",
  "rate": [
    [
      "7,384",
      "4.1"
    ],
    [
      "4,644",
      "5"
    ],
    [
      "934",
      "4"
    ],
    [
      "515",
      "3"
    ],
    [
      "348",
      "2"
    ],
    [
      "943",
      "1"
    ]
  ],
  "required_android": "4.1",
  "reviews": [
    {
      "REQ_subtype": "",
      "REQ_type": "",
      "_id": 0,
      "author_id": "not defined",
      "author_name": "Ebraham Abraham",
      "helpful": "9",
      "polarity": "",
      "rate": 1,
      "response": "",
      "response_date": "",
      "review": "Very very bad ,dont download",
      "review_date": [
        "November",
        "2",
        " 2017"
      ]
    },
    {
      "REQ_subtype": "",
      "REQ_type": "",
      "_id": 1,
      "author_id": "not defined",
      "author_name": "Badora Strome",
      "helpful": "25",
      "polarity": "",
      "rate": 1,
      "response": "",
      "response_date": "",
      "review": "Keep crash not recommanded at all",
      "review_date": [
        "September",
        "14",
        " 2017"
      ]
    },
    {
      "REQ_subtype": "",
      "REQ_type": "",
      "_id": 2,
      "author_id": "not defined",
      "author_name": "soroush",
      "helpful": "0",
      "polarity": "",
      "rate": 5,
      "response": "",
      "response_date": "",
      "review": "\u0628\u0627 \u0633\u0644\u0627\u0645 \u0628\u0631\u0646\u0627\u0645\u0647 \u0639\u0627\u0644\u06cc\u0647! \u0648\u0644\u06cc \u0645\u06cc\u0634\u0647 \u0634\u0628\u06a9\u0647 \u06cc \u062c\u062f\u06cc\u062f cine film \u0648 cine series \u0631\u0648 \u0627\u0636\u0627\u0641\u0647 \u06a9\u0646\u06cc\u062f. \u062e\u06cc\u0644\u06cc \u0645\u0645\u0646\u0648\u0646",
      "review_date": [
        "January",
        "29",
        " 2018"
      ]
    },
    {
      "REQ_subtype": "",
      "REQ_type": "",
      "_id": 3,
      "author_id": "not defined",
      "author_name": "mohammad yusof",
      "helpful": "0",
      "polarity": "",
      "rate": 1,
      "response": "",
      "response_date": "",
      "review": "Always signal problem.even with 4g lte the same problem",
      "review_date": [
        "June",
        "11",
        " 2018"
      ]
    },
    {
      "REQ_subtype": "",
      "REQ_type": "",
      "_id": 4,
      "author_id": "not defined",
      "author_name": "kevin keivin",
      "helpful": "0",
      "polarity": "",
      "rate": 1,
      "response": "",
      "response_date": "",
      "review": "It keep saying the device not found",
      "review_date": [
        "October",
        "1",
        " 2017"
      ]
    },
    {
      "REQ_subtype": "",
      "REQ_type": "",
      "_id": 5,
      "author_id": "not defined",
      "author_name": "\u0645\u0633\u0639\u0648\u062f \u062a\u0641\u0636\u0644\u06cc",
      "helpful": "3",
      "polarity": "",
      "rate": 1,
      "response": "",
      "response_date": "",
      "review": "\u0642\u0637\u0639 \u0634\u062f\u0647 \u0648 \u06a9\u0627\u0631 \u0646\u0645\u06cc\u06a9\u0646\u0647 !\u0642\u0628\u0644 \u062e\u0648\u0628 \u0628\u0648\u062f",
      "review_date": [
        "October",
        "18",
        " 2017"
      ]
    },
    {
      "REQ_subtype": "",
      "REQ_type": "",
      "_id": 6,
      "author_id": "not defined",
      "author_name": "mostafa Mohammadi",
      "helpful": "0",
      "polarity": "",
      "rate": 1,
      "response": "",
      "response_date": "",
      "review": "\u062e\u0627\u0647\u0631 \u06a9\u0627\u06cc\u062f\u0645 \u0628\u0627\u0628\u0631\u0646\u0627\u0645\u0647 \u062a\u0648 \u0641\u0644\u0645 \u0645\u0632\u0627\u0631\u06cc \u0686\u0631\u0627 \u0628\u062e\u0634 \u0646\u0645\u06a9\u0646\u0647 \u0647\u06cc \u0627\u0644\u0627\u0646\u062f \u0645\u06cc\u0627\u062f",
      "review_date": [
        "October",
        "13",
        " 2017"
      ]
    },
    {
      "REQ_subtype": "",
      "REQ_type": "",
      "_id": 7,
      "author_id": "not defined",
      "author_name": "A Google user",
      "helpful": "5",
      "polarity": "",
      "rate": 5,
      "response": "",
      "response_date": "",
      "review": "\u0639\u0627\u0644\u06cc\u0647 \u062d\u0631\u0641 \u0646\u062f\u0627\u0631\u0647 \u062d\u062a\u0645\u0627 \u062f\u0627\u0646\u0644\u0648\u062f \u06a9\u0646\u06cc\u062f",
      "review_date": [
        "October",
        "13",
        " 2017"
      ]
    },
    {
      "REQ_subtype": "",
      "REQ_type": "",
      "_id": 8,
      "author_id": "not defined",
      "author_name": "Majid Barznji",
      "helpful": "0",
      "polarity": "",
      "rate": 5,
      "response": "",
      "response_date": "",
      "review": "I asked for refund ,they did it in couple days...great ppl.thanks.",
      "review_date": [
        "September",
        "27",
        " 2017"
      ]
    },
    {
      "REQ_subtype": "",
      "REQ_type": "",
      "_id": 9,
      "author_id": "not defined",
      "author_name": "heart Albahri",
      "helpful": "0",
      "polarity": "",
      "rate": 2,
      "response": "",
      "response_date": "",
      "review": "\u0644\u0645 \u064a\u0639\u062f \u064a\u0639\u0645\u0644 \u0645\u062b\u0644 \u0627\u0644\u0633\u0627\u0628\u0642 \u0627\u0635\u0628\u062d \u0633\u064a\u0627",
      "review_date": [
        "June",
        "10",
        " 2018"
      ]
    },
    {
      "REQ_subtype": "",
      "REQ_type": "",
      "_id": 10,
      "author_id": "not defined",
      "author_name": "Farhad Babataher",
      "helpful": "1",
      "polarity": "",
      "rate": 5,
      "response": "",
      "response_date": "",
      "review": "Love it! How come you changed the name?",
      "review_date": [
        "October",
        "1",
        " 2017"
      ]
    },
    {
      "REQ_subtype": "",
      "REQ_type": "",
      "_id": 11,
      "author_id": "not defined",
      "author_name": "saeed kheirati",
      "helpful": "1",
      "polarity": "",
      "rate": 1,
      "response": "",
      "response_date": "",
      "review": "no working",
      "review_date": [
        "January",
        "15",
        " 2018"
      ]
    },
    {
      "REQ_subtype": "",
      "REQ_type": "",
      "_id": 12,
      "author_id": "not defined",
      "author_name": "A Google user",
      "helpful": "0",
      "polarity": "",
      "rate": 1,
      "response": "",
      "response_date": "",
      "review": "\u0646\u0645\u06cc\u0627\u062f \u0628\u0627\u0644\u0627",
      "review_date": [
        "December",
        "7",
        " 2017"
      ]
    },
    {
      "REQ_subtype": "",
      "REQ_type": "",
      "_id": 13,
      "author_id": "not defined",
      "author_name": "A Google user",
      "helpful": "3",
      "polarity": "",
      "rate": 5,
      "response": "",
      "response_date": "",
      "review": "\ud83d\udc4d\ud83d\udc4d\ud83d\udc4d\ud83d\udc4d\ud83d\udc4d\ud83d\udc4d\ud83d\udc4d\u263a\u263a\u263a\u263a\ud83d\ude4c\ud83d\ude4c\ud83d\ude4c\ud83d\ude4c\ud83d\udc99\ud83d\udc99\ud83d\udc99\ud83d\udc99NICE.\u0639\u0627\u0644\u06cc.\u0639\u0627\u0644\u06cc.",
      "review_date": [
        "September",
        "23",
        " 2017"
      ]
    },
    {
      "REQ_subtype": "",
      "REQ_type": "",
      "_id": 14,
      "author_id": "not defined",
      "author_name": "Sayed Abdali",
      "helpful": "1",
      "polarity": "",
      "rate": 5,
      "response": "",
      "response_date": "",
      "review": "It is very good apo",
      "review_date": [
        "October",
        "3",
        " 2017"
      ]
    },
    {
      "REQ_subtype": "",
      "REQ_type": "",
      "_id": 15,
      "author_id": "not defined",
      "author_name": "Hadi Kaboori",
      "helpful": "1",
      "polarity": "",
      "rate": 5,
      "response": "",
      "response_date": "",
      "review": "\ud83d\ude18\ud83d\ude18\ud83d\ude18",
      "review_date": [
        "September",
        "27",
        " 2017"
      ]
    },
    {
      "REQ_subtype": "",
      "REQ_type": "",
      "_id": 16,
      "author_id": "not defined",
      "author_name": "A Google user",
      "helpful": "1",
      "polarity": "",
      "rate": 5,
      "response": "",
      "response_date": "",
      "review": "\u0639\u0627\u0644\u06cc\u0647",
      "review_date": [
        "January",
        "17",
        " 2018"
      ]
    },
    {
      "REQ_subtype": "",
      "REQ_type": "",
      "_id": 17,
      "author_id": "not defined",
      "author_name": "Youd official",
      "helpful": "1",
      "polarity": "",
      "rate": 5,
      "response": "",
      "response_date": "",
      "review": "Thank",
      "review_date": [
        "October",
        "14",
        " 2017"
      ]
    },
    {
      "REQ_subtype": "",
      "REQ_type": "",
      "_id": 18,
      "author_id": "not defined",
      "author_name": "A Google user",
      "helpful": "1",
      "polarity": "",
      "rate": 5,
      "response": "",
      "response_date": "",
      "review": "\u0639\u0627\u0644\u06cc",
      "review_date": [
        "October",
        "13",
        " 2017"
      ]
    },
    {
      "REQ_subtype": "",
      "REQ_type": "",
      "_id": 19,
      "author_id": "not defined",
      "author_name": "Alireza Bahrame",
      "helpful": "1",
      "polarity": "",
      "rate": 5,
      "response": "",
      "response_date": "",
      "review": "\u0639\u0627\u0644\u06cc\u0633\u062a",
      "review_date": [
        "September",
        "30",
        " 2017"
      ]
    },
    {
      "REQ_subtype": "",
      "REQ_type": "",
      "_id": 20,
      "author_id": "not defined",
      "author_name": "AHMAD MARATEB",
      "helpful": "1",
      "polarity": "",
      "rate": 5,
      "response": "",
      "response_date": "",
      "review": "Ok",
      "review_date": [
        "October",
        "10",
        " 2017"
      ]
    },
    {
      "REQ_subtype": "",
      "REQ_type": "",
      "_id": 21,
      "author_id": "not defined",
      "author_name": "Mohamadi Mohsen",
      "helpful": "1",
      "polarity": "",
      "rate": 5,
      "response": "",
      "response_date": "",
      "review": "The best",
      "review_date": [
        "November",
        "10",
        " 2017"
      ]
    },
    {
      "REQ_subtype": "",
      "REQ_type": "",
      "_id": 22,
      "author_id": "not defined",
      "author_name": "ALLAH AKBAR",
      "helpful": "1",
      "polarity": "",
      "rate": 1,
      "response": "",
      "response_date": "",
      "review": "Bad",
      "review_date": [
        "October",
        "28",
        " 2017"
      ]
    },
    {
      "REQ_subtype": "",
      "REQ_type": "",
      "_id": 23,
      "author_id": "not defined",
      "author_name": "George USA Mounacco",
      "helpful": "0",
      "polarity": "",
      "rate": 1,
      "response": "",
      "response_date": "",
      "review": "The worst App not working waist of time and money",
      "review_date": [
        "December",
        "5",
        " 2017"
      ]
    },
    {
      "REQ_subtype": "",
      "REQ_type": "",
      "_id": 24,
      "author_id": "not defined",
      "author_name": "moez rebai",
      "helpful": "2",
      "polarity": "",
      "rate": 1,
      "response": "",
      "response_date": "",
      "review": "Really old stuff.....",
      "review_date": [
        "July",
        "12",
        " 2017"
      ]
    },
    {
      "REQ_subtype": "",
      "REQ_type": "",
      "_id": 25,
      "author_id": "not defined",
      "author_name": "Mujeeburahman Muhammadi",
      "helpful": "0",
      "polarity": "",
      "rate": 4,
      "response": "",
      "response_date": "",
      "review": "\u062e\u06cc\u0644\u06cc \u0639\u0627\u0644\u06cc\u0647 \u062d\u0631\u0641 \u0646\u062f\u0627\u0631\u0647",
      "review_date": [
        "March",
        "3",
        " 2018"
      ]
    },
    {
      "REQ_subtype": "",
      "REQ_type": "",
      "_id": 26,
      "author_id": "not defined",
      "author_name": "Shabaz Nawaz",
      "helpful": "0",
      "polarity": "",
      "rate": 1,
      "response": "",
      "response_date": "",
      "review": "Third class app working just 2 second and stuck everything and lot of add",
      "review_date": [
        "April",
        "8",
        " 2017"
      ]
    },
    {
      "REQ_subtype": "",
      "REQ_type": "",
      "_id": 27,
      "author_id": "not defined",
      "author_name": "M arif Dard",
      "helpful": "2",
      "polarity": "",
      "rate": 1,
      "response": "",
      "response_date": "",
      "review": "Bulshit app only plays ads nothing else",
      "review_date": [
        "April",
        "26",
        " 2017"
      ]
    },
    {
      "REQ_subtype": "",
      "REQ_type": "",
      "_id": 28,
      "author_id": "not defined",
      "author_name": "H M",
      "helpful": "0",
      "polarity": "",
      "rate": 4,
      "response": "",
      "response_date": "",
      "review": "\u062e\u0648\u0628\u0647 ,  \u062f\u0648\u062a\u0627\u0646\u0638\u0631 \u062f\u0627\u0634\u062a\u0645 \u0627\u0648\u0644 \u0627\u06cc\u0646 \u06a9\u0627\u0646\u0627\u0644\u0627\u06cc \u0627\u0645\u0631\u06cc\u06a9\u0627\u0648\u06a9\u0627\u0646\u0627\u062f\u0627\u0648\u0627\u0646\u06af\u0644\u06cc\u0633 \u0628\u0627\u0644\u0627\u062e\u0631\u0647 \u06a9\u06cc \u0631\u0627\u0647 \u0645\u06cc\u0648\u0641\u062a\u0647 , \u062f\u0648\u0645\u0627\u0627\u06cc\u0646 \u062a\u0628\u0644\u06cc\u063a\u0627\u067e\u062f\u0631\u0645\u0627\u0631\u0648\u062f\u0631\u0627\u0648\u0631\u062f , \u062f\u0631\u0636\u0645\u0646 \u0644\u0637\u0641\u0627 \u067e\u062e\u0634 \u06a9\u0627\u0646\u0627\u0644\u0647\u0627\u0631\u0648\u062a\u0645\u0627\u0645 \u0635\u0641\u062d\u0647 \u06a9\u0646\u06cc\u0646",
      "review_date": [
        "March",
        "8",
        " 2017"
      ]
    },
    {
      "REQ_subtype": "",
      "REQ_type": "",
      "_id": 29,
      "author_id": "not defined",
      "author_name": "Youssef Moussa",
      "helpful": "7",
      "polarity": "",
      "rate": 1,
      "response": "",
      "response_date": "",
      "review": "Useless app 0 star",
      "review_date": [
        "March",
        "2",
        " 2017"
      ]
    },
    {
      "REQ_subtype": "",
      "REQ_type": "",
      "_id": 30,
      "author_id": "not defined",
      "author_name": "ali chegeni",
      "helpful": "1",
      "polarity": "",
      "rate": 5,
      "response": "",
      "response_date": "",
      "review": "\u0647\u06cc \u0628\u062f\u06a9 \u0646\u06cc\u0633",
      "review_date": [
        "May",
        "26",
        " 2017"
      ]
    },
    {
      "REQ_subtype": "",
      "REQ_type": "",
      "_id": 31,
      "author_id": "not defined",
      "author_name": "M J",
      "helpful": "1",
      "polarity": "",
      "rate": 4,
      "response": "",
      "response_date": "",
      "review": "Khobe, tnx",
      "review_date": [
        "March",
        "5",
        " 2017"
      ]
    },
    {
      "REQ_subtype": "",
      "REQ_type": "",
      "_id": 32,
      "author_id": "not defined",
      "author_name": "Ashy SepticPie",
      "helpful": "1",
      "polarity": "",
      "rate": 4,
      "response": "",
      "response_date": "",
      "review": "UAE.. Needs",
      "review_date": [
        "April",
        "3",
        " 2017"
      ]
    },
    {
      "REQ_subtype": "",
      "REQ_type": "",
      "_id": 33,
      "author_id": "not defined",
      "author_name": "shahab delbisheh",
      "helpful": "1",
      "polarity": "",
      "rate": 5,
      "response": "",
      "response_date": "",
      "review": "ok",
      "review_date": [
        "April",
        "22",
        " 2017"
      ]
    },
    {
      "REQ_subtype": "",
      "REQ_type": "",
      "_id": 34,
      "author_id": "not defined",
      "author_name": "A Google user",
      "helpful": "1",
      "polarity": "",
      "rate": 5,
      "response": "",
      "response_date": "",
      "review": "Good app",
      "review_date": [
        "May",
        "13",
        " 2017"
      ]
    },
    {
      "REQ_subtype": "",
      "REQ_type": "",
      "_id": 35,
      "author_id": "not defined",
      "author_name": "A Google user",
      "helpful": "0",
      "polarity": "",
      "rate": 1,
      "response": "",
      "response_date": "",
      "review": "schrott",
      "review_date": [
        "June",
        "9",
        " 2017"
      ]
    },
    {
      "REQ_subtype": "",
      "REQ_type": "",
      "_id": 36,
      "author_id": "not defined",
      "author_name": "A Google user",
      "helpful": "5",
      "polarity": "",
      "rate": 4,
      "response": "",
      "response_date": "",
      "review": "Not compatible with android boxes and  It's not working with android 6.0 but working with lower android software!!! Please update",
      "review_date": [
        "February",
        "16",
        " 2017"
      ]
    },
    {
      "REQ_subtype": "",
      "REQ_type": "",
      "_id": 37,
      "author_id": "not defined",
      "author_name": "A Google user",
      "helpful": "11",
      "polarity": "",
      "rate": 4,
      "response": "",
      "response_date": "",
      "review": "\u062e\u06cc\u0644\u06cc \u0639\u0627\u0644\u06cc \u0628\u0648\u062f \u0648\u0644\u06cc \u062f\u06cc\u06af\u0647 \u06a9\u0627\u0631 \u0646\u0645\u06cc\u06a9\u0646\u0647 \u062e\u0648\u0627\u0647\u0634 \u0645\u06cc\u06a9\u0646\u0645 \u062f\u0631\u0633\u062a\u0634 \u06a9\u0646\u06cc\u062f",
      "review_date": [
        "December",
        "27",
        " 2016"
      ]
    },
    {
      "REQ_subtype": "",
      "REQ_type": "",
      "_id": 38,
      "author_id": "not defined",
      "author_name": "sh Ms",
      "helpful": "0",
      "polarity": "",
      "rate": 5,
      "response": "",
      "response_date": "",
      "review": "\u0639\u0627\u0644\u06cc \u0628\u0648\u062f \u0648\u0644\u06cc \u0627\u0632 \u0627\u0645\u0631\u0648\u0632 \u062f\u06cc\u06af\u0647 \u06a9\u0627\u0631 \u0646\u0645\u06cc\u06a9\u0646\u0647 !\u0644\u0637\u0641\u0627 \u062c\u0648\u0627\u0628 \u0628\u062f\u06cc\u062f \u0627\u0634\u06a9\u0627\u0644 \u0627\u0632 \u06a9\u062c\u0627\u0633\u062a \u0628\u0627 \u062a\u0634\u06a9\u0631",
      "review_date": [
        "December",
        "24",
        " 2016"
      ]
    },
    {
      "REQ_subtype": "",
      "REQ_type": "",
      "_id": 39,
      "author_id": "not defined",
      "author_name": "\u0627\u062d\u0645\u062f \u0642\u0632\u0644",
      "helpful": "0",
      "polarity": "",
      "rate": 1,
      "response": "",
      "response_date": "",
      "review": "\u0628\u0627 \u0647\u0631 \u0641\u06cc\u0644\u062a\u0631 \u0634\u06a9\u0646 \u0627\u0645\u062a\u062d\u0627\u0646 \u06a9\u0631\u062f\u0645.\u0646\u0645\u06cc\u0634\u0647.\u0628\u0627 \u0627\u0633\u0646\u067e \u0647\u0645 \u0642\u0637\u0639 \u0648 \u0648\u0635\u0644 \u0645\u06cc\u06a9\u0646\u0647 \u0646\u0634\u0648\u0646 \u0645\u06cc\u062f\u0647",
      "review_date": [
        "February",
        "17",
        " 2017"
      ]
    },
    {
      "REQ_subtype": "",
      "REQ_type": "",
      "_id": 40,
      "author_id": "not defined",
      "author_name": "\u0645\u0631\u062a\u0636\u06cc \u0634\u0631\u06cc\u0641\u06cc",
      "helpful": "1",
      "polarity": "",
      "rate": 5,
      "response": "",
      "response_date": "",
      "review": "\u0639\u0627\u0644\u06cc\u0647 \u0641\u0642\u0637 \u0641\u06cc\u0644\u062a\u0631 \u0634\u06a9\u0646 \u0642\u0648\u06cc \u0628\u0627\u06cc\u062f \u0646\u0635\u0628 \u0628\u0627\u0634\u0647",
      "review_date": [
        "January",
        "18",
        " 2017"
      ]
    },
    {
      "REQ_subtype": "",
      "REQ_type": "",
      "_id": 41,
      "author_id": "not defined",
      "author_name": "alireza parhizgar",
      "helpful": "0",
      "polarity": "",
      "rate": 5,
      "response": "",
      "response_date": "",
      "review": "\u0639\u0627\u0644\u06cc \u0628\u0648\u062f \u0648\u0644\u06cc \u0686\u0631\u0627 \u062f\u06cc\u06af\u0647 \u06a9\u0627\u0631\u0646\u0645\u06cc\u06a9\u0646\u0647",
      "review_date": [
        "January",
        "4",
        " 2017"
      ]
    },
    {
      "REQ_subtype": "",
      "REQ_type": "",
      "_id": 42,
      "author_id": "not defined",
      "author_name": "A Google user",
      "helpful": "0",
      "polarity": "",
      "rate": 5,
      "response": "",
      "response_date": "",
      "review": "\u06a9\u0644\u0627 \u0627\u0632\u06a9\u0627\u0631 \u0627\u0641\u062a\u0627\u062f\u0647 \u0628\u0647 \u062f\u0631\u062f \u0646\u0645\u06cc\u062e\u0648\u0631\u0647",
      "review_date": [
        "January",
        "29",
        " 2017"
      ]
    },
    {
      "REQ_subtype": "",
      "REQ_type": "",
      "_id": 43,
      "author_id": "not defined",
      "author_name": "A Google user",
      "helpful": "0",
      "polarity": "",
      "rate": 5,
      "response": "",
      "response_date": "",
      "review": "I love it",
      "review_date": [
        "December",
        "17",
        " 2016"
      ]
    },
    {
      "REQ_subtype": "",
      "REQ_type": "",
      "_id": 44,
      "author_id": "not defined",
      "author_name": "A Google user",
      "helpful": "1",
      "polarity": "",
      "rate": 5,
      "response": "",
      "response_date": "",
      "review": "thanks",
      "review_date": [
        "December",
        "23",
        " 2016"
      ]
    },
    {
      "REQ_subtype": "",
      "REQ_type": "",
      "_id": 45,
      "author_id": "not defined",
      "author_name": "Ammar Almaliki",
      "helpful": "0",
      "polarity": "",
      "rate": 1,
      "response": "",
      "response_date": "",
      "review": "\u0644\u0627\u064a\u0639\u0645\u0644",
      "review_date": [
        "February",
        "21",
        " 2017"
      ]
    },
    {
      "REQ_subtype": "",
      "REQ_type": "",
      "_id": 46,
      "author_id": "not defined",
      "author_name": "Abu Haider",
      "helpful": "0",
      "polarity": "",
      "rate": 4,
      "response": "",
      "response_date": "",
      "review": "the pest",
      "review_date": [
        "March",
        "10",
        " 2017"
      ]
    },
    {
      "REQ_subtype": "",
      "REQ_type": "",
      "_id": 47,
      "author_id": "not defined",
      "author_name": "hasan alashtar",
      "helpful": "0",
      "polarity": "",
      "rate": 4,
      "response": "",
      "response_date": "",
      "review": "Will you be kind to stream alsirat channel from nilesat as we are very interested in it, you stream many useless and almost dead channels, kindly review your streaming list again, saudi channels  are an example. Moreover almanar lebanese channel has been stopped on nilesat, will you kindly stream it even from online, its now on the russian sattelite. Thanks",
      "review_date": [
        "November",
        "29",
        " 2016"
      ]
    },
    {
      "REQ_subtype": "",
      "REQ_type": "",
      "_id": 48,
      "author_id": "not defined",
      "author_name": "Ramy Alzeina",
      "helpful": "3",
      "polarity": "",
      "rate": 5,
      "response": "",
      "response_date": "",
      "review": "please please please add Arabic movies and tv series please",
      "review_date": [
        "November",
        "24",
        " 2016"
      ]
    },
    {
      "REQ_subtype": "",
      "REQ_type": "",
      "_id": 49,
      "author_id": "not defined",
      "author_name": "behnam norouzi",
      "helpful": "4",
      "polarity": "",
      "rate": 1,
      "response": "",
      "response_date": "",
      "review": "\u062a\u0628\u0644\u06cc\u063a \u0627\u0648\u0644 \u0647\u0631 \u067e\u0644\u06cc \u067e\u062f\u0631 \u062f\u0631 \u0645\u06cc\u0627\u0648\u0631\u062f",
      "review_date": [
        "December",
        "10",
        " 2016"
      ]
    },
    {
      "REQ_subtype": "",
      "REQ_type": "",
      "_id": 50,
      "author_id": "not defined",
      "author_name": "A Google user",
      "helpful": "0",
      "polarity": "",
      "rate": 2,
      "response": "",
      "response_date": "",
      "review": "Not stable & older version better to navigate",
      "review_date": [
        "December",
        "3",
        " 2016"
      ]
    },
    {
      "REQ_subtype": "",
      "REQ_type": "",
      "_id": 51,
      "author_id": "not defined",
      "author_name": "A Google user",
      "helpful": "1",
      "polarity": "",
      "rate": 5,
      "response": "",
      "response_date": "",
      "review": "Ich jxjj",
      "review_date": [
        "December",
        "2",
        " 2016"
      ]
    },
    {
      "REQ_subtype": "",
      "REQ_type": "",
      "_id": 52,
      "author_id": "not defined",
      "author_name": "fatima ez-zahera seljaoui",
      "helpful": "0",
      "polarity": "",
      "rate": 1,
      "response": "",
      "response_date": "",
      "review": "Not for android box",
      "review_date": [
        "December",
        "4",
        " 2016"
      ]
    },
    {
      "REQ_subtype": "",
      "REQ_type": "",
      "_id": 53,
      "author_id": "not defined",
      "author_name": "A Google user",
      "helpful": "0",
      "polarity": "",
      "rate": 5,
      "response": "",
      "response_date": "",
      "review": "Thanks for your help",
      "review_date": [
        "December",
        "8",
        " 2016"
      ]
    },
    {
      "REQ_subtype": "",
      "REQ_type": "",
      "_id": 54,
      "author_id": "not defined",
      "author_name": "digital com",
      "helpful": "0",
      "polarity": "",
      "rate": 5,
      "response": "",
      "response_date": "",
      "review": "\u062e\u0648\u0628\u0647",
      "review_date": [
        "December",
        "17",
        " 2016"
      ]
    },
    {
      "REQ_subtype": "",
      "REQ_type": "",
      "_id": 55,
      "author_id": "not defined",
      "author_name": "A Google user",
      "helpful": "0",
      "polarity": "",
      "rate": 5,
      "response": "",
      "response_date": "",
      "review": "oh.yes",
      "review_date": [
        "December",
        "13",
        " 2016"
      ]
    },
    {
      "REQ_subtype": "",
      "REQ_type": "",
      "_id": 56,
      "author_id": "not defined",
      "author_name": "A Google user",
      "helpful": "4",
      "polarity": "",
      "rate": 1,
      "response": "",
      "response_date": "",
      "review": "All the Arabic channels are out of order, \u062a\u0637\u064a\u0642 \u0641\u0627\u0634\u0644 \u0644\u0643\u062b\u0631\u0629 \u0627\u0644\u0627\u0639\u0644\u0627\u0646\u0627\u062a \u0648\u0639\u062f\u0645 \u0639\u0645\u0644 \u0627\u0644\u0642\u0646\u0648\u0627\u062a",
      "review_date": [
        "October",
        "9",
        " 2016"
      ]
    },
    {
      "REQ_subtype": "",
      "REQ_type": "",
      "_id": 57,
      "author_id": "not defined",
      "author_name": "mohsen parsa",
      "helpful": "5",
      "polarity": "",
      "rate": 1,
      "response": "",
      "response_date": "",
      "review": "\u0646\u0631\u0645 \u0627\u0641\u0632\u0627\u0631\u062a\u0648\u0646 \u0634\u0634 \u0645\u0627\u0647\u0647 \u06a9\u0644\u0627 \u0627\u0632 \u06a9\u0627\u0631 \u0627\u0641\u062a\u0627\u062f\u0647 \u0648 \u0633\u0631\u0648\u0631\u062a\u0648\u0646 \u0645\u0634\u06a9\u0644 \u062f\u0627\u0631\u0647 \u0645\u0634\u06a9\u0644 \u0631\u0648 \u062d\u0644 \u06a9\u0646\u06cc\u062f.\u0627\u06cc\u0646 \u0686\u0647 \u0648\u0636\u0639\u06cc\u0647\u061f\u061f",
      "review_date": [
        "October",
        "28",
        " 2016"
      ]
    },
    {
      "REQ_subtype": "",
      "REQ_type": "",
      "_id": 58,
      "author_id": "not defined",
      "author_name": "Abdul Hadi Zahidi",
      "helpful": "4",
      "polarity": "",
      "rate": 1,
      "response": "",
      "response_date": "",
      "review": "\u0627\u06cc\u0646  \u062a\u0628\u0644\u06cc\u063a\u0627\u062a  \u06af\u0627\u06cc\u06cc\u062f  \u0628\u062e\u062f\u0627  \u062a\u0627  \u0645\u06cc\u062e\u0648\u0627\u0645  \u0641\u06cc\u0644\u0645  \u0628\u0628\u06cc\u0646\u0645  \u062a\u0628\u0644\u06cc\u063a\u0627\u062a  \u0645\u06cc\u0627\u062f  \u0648 \u0642\u0637\u0639  \u0645\u06cc\u0634\u0647  \u06cc\u0647  \u06a9\u0627\u0631  \u06a9\u0646\u06cc\u062f",
      "review_date": [
        "October",
        "30",
        " 2016"
      ]
    },
    {
      "REQ_subtype": "",
      "REQ_type": "",
      "_id": 59,
      "author_id": "not defined",
      "author_name": "H Yousif",
      "helpful": "0",
      "polarity": "",
      "rate": 3,
      "response": "",
      "response_date": "",
      "review": "Useful Despite of many Ads. , Video need to work in background too, Audio do .",
      "review_date": [
        "December",
        "8",
        " 2016"
      ]
    },
    {
      "REQ_subtype": "",
      "REQ_type": "",
      "_id": 60,
      "author_id": "not defined",
      "author_name": "A Google user",
      "helpful": "0",
      "polarity": "",
      "rate": 1,
      "response": "",
      "response_date": "",
      "review": "\u0627\u0644\u06a9\u0627\u0631 \u0646\u0645\u06cc\u0640\u0640\u0640\u0640\u0640\u0640\u0640\u0640\u062f\u0647\u0647\u0647\u0647\u0647  \u0628\u0632\u0648\u0631 \u06a9\u0627\u0631 \u0645\u06cc\u06a9\u0646\u0640\u0640\u0640\u0640\u0648\u0646\u0646\u0646\u0640\u0640\u0640\u0640\u0640\u0640\u0640\u0646\u0640\u0640\u0640\u0640\u0640\u0645\u0634",
      "review_date": [
        "November",
        "3",
        " 2016"
      ]
    },
    {
      "REQ_subtype": "",
      "REQ_type": "",
      "_id": 61,
      "author_id": "not defined",
      "author_name": "Reza Mahmoodi",
      "helpful": "0",
      "polarity": "",
      "rate": 5,
      "response": "",
      "response_date": "",
      "review": "The software is really useful and unparalleled Thanks to the programmers and site management.",
      "review_date": [
        "October",
        "16",
        " 2016"
      ]
    },
    {
      "REQ_subtype": "",
      "REQ_type": "",
      "_id": 62,
      "author_id": "not defined",
      "author_name": "\u064a\u0648\u0633\u0641 \u0627\u0644\u0635\u0627\u062f\u0642",
      "helpful": "0",
      "polarity": "",
      "rate": 5,
      "response": "",
      "response_date": "",
      "review": "\u0628\u062f\u064a\u0644 sybla",
      "review_date": [
        "October",
        "20",
        " 2016"
      ]
    },
    {
      "REQ_subtype": "",
      "REQ_type": "",
      "_id": 63,
      "author_id": "not defined",
      "author_name": "A Google user",
      "helpful": "0",
      "polarity": "",
      "rate": 2,
      "response": "",
      "response_date": "",
      "review": "\u062f\u0627\u0646 \u0646\u06a9\u0646\u06cc\u062f",
      "review_date": [
        "November",
        "13",
        " 2016"
      ]
    },
    {
      "REQ_subtype": "",
      "REQ_type": "",
      "_id": 64,
      "author_id": "not defined",
      "author_name": "A.R Bangash",
      "helpful": "0",
      "polarity": "",
      "rate": 5,
      "response": "",
      "response_date": "",
      "review": "nice app",
      "review_date": [
        "November",
        "1",
        " 2016"
      ]
    },
    {
      "REQ_subtype": "",
      "REQ_type": "",
      "_id": 65,
      "author_id": "not defined",
      "author_name": "mohamadreza aminataee",
      "helpful": "5",
      "polarity": "",
      "rate": 1,
      "response": "",
      "response_date": "",
      "review": "\u0646\u0633\u062e\u0647 \u0642\u062f\u06cc\u0645\u06cc \u0628\u0627\u0632 \u0645\u06cc \u0634\u062f \u0648\u0644\u06cc \u0627\u06cc\u0646 \u0646\u0633\u062e\u0647 \u0628\u0627 \u0647\u06cc\u0686 \u0641\u06cc\u0644\u062a\u0631 \u0634\u06a9\u0646\u06cc \u0628\u0627\u0632 \u0646\u0645\u06cc \u0634\u0648\u062f",
      "review_date": [
        "August",
        "26",
        " 2016"
      ]
    },
    {
      "REQ_subtype": "",
      "REQ_type": "",
      "_id": 66,
      "author_id": "not defined",
      "author_name": "Kodi GPlay",
      "helpful": "0",
      "polarity": "",
      "rate": 1,
      "response": "",
      "response_date": "",
      "review": "Rubbish on Android TV box",
      "review_date": [
        "July",
        "24",
        " 2016"
      ]
    },
    {
      "REQ_subtype": "",
      "REQ_type": "",
      "_id": 67,
      "author_id": "not defined",
      "author_name": "Khalid Ibrahim",
      "helpful": "3",
      "polarity": "",
      "rate": 5,
      "response": "",
      "response_date": "",
      "review": "\u064a\u0633\u062a\u0627\u0647\u0644 \u0627\u0644\u0641 \u0646\u062c\u0645\u0629",
      "review_date": [
        "September",
        "28",
        " 2016"
      ]
    },
    {
      "REQ_subtype": "",
      "REQ_type": "",
      "_id": 68,
      "author_id": "not defined",
      "author_name": "S Shahid Khan",
      "helpful": "0",
      "polarity": "",
      "rate": 4,
      "response": "",
      "response_date": "",
      "review": "A Great App For watching Ful HD Screen.",
      "review_date": [
        "February",
        "24",
        " 2017"
      ]
    },
    {
      "REQ_subtype": "",
      "REQ_type": "",
      "_id": 69,
      "author_id": "not defined",
      "author_name": "mohamed mhgoub",
      "helpful": "4",
      "polarity": "",
      "rate": 2,
      "response": "",
      "response_date": "",
      "review": "I did update; but it is still crash when I open it..my phone is Galaxy A5",
      "review_date": [
        "July",
        "9",
        " 2016"
      ]
    },
    {
      "REQ_subtype": "",
      "REQ_type": "",
      "_id": 70,
      "author_id": "not defined",
      "author_name": "Hafedh Affouri",
      "helpful": "5",
      "polarity": "",
      "rate": 1,
      "response": "",
      "response_date": "",
      "review": "Doesn't  work  anymore . .. old versions  much better..the app open and one you select a chanel  it disappear . ..",
      "review_date": [
        "June",
        "24",
        " 2016"
      ]
    },
    {
      "REQ_subtype": "",
      "REQ_type": "",
      "_id": 71,
      "author_id": "not defined",
      "author_name": "Ammar Kdoud",
      "helpful": "1",
      "polarity": "",
      "rate": 5,
      "response": "",
      "response_date": "",
      "review": "I like the app",
      "review_date": [
        "July",
        "1",
        " 2016"
      ]
    },
    {
      "REQ_subtype": "",
      "REQ_type": "",
      "_id": 72,
      "author_id": "not defined",
      "author_name": "Ammar Y. Mahmood",
      "helpful": "0",
      "polarity": "",
      "rate": 5,
      "response": "",
      "response_date": "",
      "review": "All channels work and it is fast! Thanks.  Galaxy note 3",
      "review_date": [
        "July",
        "5",
        " 2016"
      ]
    },
    {
      "REQ_subtype": "",
      "REQ_type": "",
      "_id": 73,
      "author_id": "not defined",
      "author_name": "TITANIC TEAM",
      "helpful": "1",
      "polarity": "",
      "rate": 5,
      "response": "",
      "response_date": "",
      "review": "Ok",
      "review_date": [
        "July",
        "2",
        " 2016"
      ]
    },
    {
      "REQ_subtype": "",
      "REQ_type": "",
      "_id": 74,
      "author_id": "not defined",
      "author_name": "Hanane Hamoumi",
      "helpful": "3",
      "polarity": "",
      "rate": 1,
      "response": "",
      "response_date": "",
      "review": "This new version does not work well on the tv",
      "review_date": [
        "June",
        "21",
        " 2016"
      ]
    },
    {
      "REQ_subtype": "",
      "REQ_type": "",
      "_id": 75,
      "author_id": "not defined",
      "author_name": "Mohammed Z",
      "helpful": "3",
      "polarity": "",
      "rate": 1,
      "response": "",
      "response_date": "",
      "review": "\u0628\u062f\u0631\u062f \u0646\u0645\u064a\u062e\u0648\u0631\u0647 \u067e\u0631 \u0627\u0632 \u062a\u0628\u0644\u064a\u063a\u0627\u062a \u0648 \u06a9\u0627\u0631 \u0646\u0645\u06cc\u06a9\u0646\u0647",
      "review_date": [
        "June",
        "21",
        " 2016"
      ]
    },
    {
      "REQ_subtype": "",
      "REQ_type": "",
      "_id": 76,
      "author_id": "not defined",
      "author_name": "s QUADAIMAT",
      "helpful": "4",
      "polarity": "",
      "rate": 5,
      "response": "",
      "response_date": "",
      "review": "It works well only with WIFI",
      "review_date": [
        "June",
        "9",
        " 2016"
      ]
    },
    {
      "REQ_subtype": "",
      "REQ_type": "",
      "_id": 77,
      "author_id": "not defined",
      "author_name": "Mehrdad Ebrahimi",
      "helpful": "1",
      "polarity": "",
      "rate": 1,
      "response": "",
      "response_date": "",
      "review": "New version has problem and is very bad, it is going to crash when you want to open channels tv.i deleted new version and installed old version again. Old version is working very good.",
      "review_date": [
        "June",
        "10",
        " 2016"
      ]
    },
    {
      "REQ_subtype": "",
      "REQ_type": "",
      "_id": 78,
      "author_id": "not defined",
      "author_name": "Hossam Abumsallam",
      "helpful": "2",
      "polarity": "",
      "rate": 1,
      "response": "",
      "response_date": "",
      "review": "No variety. Don't even deserve one star",
      "review_date": [
        "June",
        "6",
        " 2016"
      ]
    },
    {
      "REQ_subtype": "",
      "REQ_type": "",
      "_id": 79,
      "author_id": "not defined",
      "author_name": "Younes Samih",
      "helpful": "0",
      "polarity": "",
      "rate": 1,
      "response": "",
      "response_date": "",
      "review": "The update kill my android TV box pleaaaaaaaaaaaaase fix it asap",
      "review_date": [
        "May",
        "26",
        " 2016"
      ]
    },
    {
      "REQ_subtype": "",
      "REQ_type": "",
      "_id": 80,
      "author_id": "not defined",
      "author_name": "Amine Nabat",
      "helpful": "3",
      "polarity": "",
      "rate": 4,
      "response": "",
      "response_date": "",
      "review": "i like moroccan channel",
      "review_date": [
        "May",
        "26",
        " 2016"
      ]
    },
    {
      "REQ_subtype": "",
      "REQ_type": "",
      "_id": 81,
      "author_id": "not defined",
      "author_name": "Eman ullah",
      "helpful": "0",
      "polarity": "",
      "rate": 5,
      "response": "",
      "response_date": "",
      "review": "I love it",
      "review_date": [
        "October",
        "26",
        " 2016"
      ]
    },
    {
      "REQ_subtype": "",
      "REQ_type": "",
      "_id": 82,
      "author_id": "not defined",
      "author_name": "ramy boctor",
      "helpful": "0",
      "polarity": "",
      "rate": 3,
      "response": "",
      "response_date": "",
      "review": "\u0627\u0644\u0631\u062c\u0627\u0621 \u062a\u062d\u0633\u064a\u0646 \u0627\u0644\u062c\u0648\u062f\u0647 \u0634\u0648\u064a\u0647 \u0648\u0627\u0644\u063a\u0627\u0621 \u0627\u0644\u0627\u0639\u0644\u0627\u0646\u0627\u062a \u0648\u0627\u0636\u0627\u0641\u0647 \u0627\u0630\u0627\u0639\u0647 \u0627\u0644\u0634\u0628\u0627\u0628 \u0648\u0627\u0644\u0631\u064a\u0627\u0636\u0647",
      "review_date": [
        "May",
        "13",
        " 2016"
      ]
    },
    {
      "REQ_subtype": "",
      "REQ_type": "",
      "_id": 83,
      "author_id": "not defined",
      "author_name": "Firas Alkadrow",
      "helpful": "4",
      "polarity": "",
      "rate": 5,
      "response": "",
      "response_date": "",
      "review": "\u0627\u0646\u0635\u062d \u0643\u0644 \u0634\u062d\u062d\u0635 \u064a\u0646\u0632\u0644 \u0627\u0644app",
      "review_date": [
        "May",
        "12",
        " 2016"
      ]
    },
    {
      "REQ_subtype": "",
      "REQ_type": "",
      "_id": 84,
      "author_id": "not defined",
      "author_name": "John Smith",
      "helpful": "0",
      "polarity": "",
      "rate": 5,
      "response": "",
      "response_date": "",
      "review": "Very nice. My hope to get more development in your servers to let it work better and never slow",
      "review_date": [
        "May",
        "11",
        " 2016"
      ]
    },
    {
      "REQ_subtype": "",
      "REQ_type": "",
      "_id": 85,
      "author_id": "not defined",
      "author_name": "fox S",
      "helpful": "0",
      "polarity": "",
      "rate": 1,
      "response": "",
      "response_date": "",
      "review": "Piece of shxxxxxt",
      "review_date": [
        "October",
        "1",
        " 2016"
      ]
    },
    {
      "REQ_subtype": "",
      "REQ_type": "",
      "_id": 86,
      "author_id": "not defined",
      "author_name": "Mohamed Osman",
      "helpful": "0",
      "polarity": "",
      "rate": 1,
      "response": "",
      "response_date": "",
      "review": "The new version is completely screwed up you don't see it as displayed  in picture above any more, not user friendly anymore and not working the old version a 100 percent functional please revert back to it, this is useless as it is. Appreciate your work anyway. Thanks",
      "review_date": [
        "March",
        "27",
        " 2016"
      ]
    },
    {
      "REQ_subtype": "",
      "REQ_type": "",
      "_id": 87,
      "author_id": "not defined",
      "author_name": "fathallah amin fathallah amin",
      "helpful": "3",
      "polarity": "",
      "rate": 3,
      "response": "",
      "response_date": "",
      "review": "This application doesnt work at my LG tablet please fix it and i hopefully see that soon",
      "review_date": [
        "March",
        "18",
        " 2016"
      ]
    },
    {
      "REQ_subtype": "",
      "REQ_type": "",
      "_id": 88,
      "author_id": "not defined",
      "author_name": "Joseph Sami",
      "helpful": "0",
      "polarity": "",
      "rate": 3,
      "response": "",
      "response_date": "",
      "review": "First am talking about your App on the Smart TV. very good App that show us most Arabic channels, just if u add more channels that will be amazing like \u0627\u0644\u0628\u063a\u062f\u0627\u062f\u064a\u0629 \u0627\u0644\u0642\u0646\u0627\u0629 \u0627\u0644\u062b\u0627\u0646\u064a\u0629 \u0648 \u0642\u0646\u0627\u0629 \u0622\u0633\u064a\u0627 \u0648 \u0622\u0641\u0627\u0642 \u0648 \u0627\u0644\u0639\u0647\u062f \u0648 \u0642\u0646\u0627\u0629 \u0627\u0644\u0639\u0631\u0627\u0642\u064a\u0629 \u0627\u0644\u0639\u0627\u0645\u0629 \u0648 \u0642\u0646\u0627\u0629 \u0627\u0644\u0627\u062a\u062c\u0627\u0629 \u0648 \u063a\u064a\u0631\u0647\u0627 \u0645\u0646 \u0627\u0644\u0642\u0646\u0648\u0627\u062a ... Regards",
      "review_date": [
        "March",
        "25",
        " 2016"
      ]
    },
    {
      "REQ_subtype": "",
      "REQ_type": "",
      "_id": 89,
      "author_id": "not defined",
      "author_name": "Saghi Rezvan",
      "helpful": "0",
      "polarity": "",
      "rate": 3,
      "response": "",
      "response_date": "",
      "review": "\u0686\u0631\u0627\u0648\u0642\u062a\u06cc \u0645\u06cc\u0631\u0645 \u06cc \u0634\u0628\u06a9\u0647 \u0631\u0648 \u0628\u0628\u06cc\u0646\u0645 \u06cc \u062f\u0627\u06cc\u0631\u0647 \u062f\u0631\u062d\u0627\u0644 \u0644\u0648\u062f \u0647\u0633 \u0627\u0648\u0646 \u0628\u0631\u062f\u0627\u0634\u062a\u0647 \u0646\u0645\u06cc\u0634\u0647 \u0627\u0632 \u0631\u0648\u06cc \u0635\u0641\u062d\u0647 \u0627\u06af\u0647 \u06a9\u0633\u06cc \u0639\u0644\u062a\u0634\u0648 \u0645\u06cc\u062f\u0648\u0646\u0647 \u0644\u0637\u0641\u0627 \u0628\u06af\u0647",
      "review_date": [
        "May",
        "2",
        " 2016"
      ]
    },
    {
      "REQ_subtype": "",
      "REQ_type": "",
      "_id": 90,
      "author_id": "not defined",
      "author_name": "Ali Taha",
      "helpful": "0",
      "polarity": "",
      "rate": 1,
      "response": "",
      "response_date": "",
      "review": "The most popular arabic channels don't exist .. ?!",
      "review_date": [
        "May",
        "5",
        " 2016"
      ]
    },
    {
      "REQ_subtype": "",
      "REQ_type": "",
      "_id": 91,
      "author_id": "not defined",
      "author_name": "Ali Najah",
      "helpful": "1",
      "polarity": "",
      "rate": 1,
      "response": "",
      "response_date": "",
      "review": "Not working",
      "review_date": [
        "March",
        "29",
        " 2016"
      ]
    },
    {
      "REQ_subtype": "",
      "REQ_type": "",
      "_id": 92,
      "author_id": "not defined",
      "author_name": "Yaas Erame",
      "helpful": "0",
      "polarity": "",
      "rate": 4,
      "response": "",
      "response_date": "",
      "review": "Variety of channels, I wish they add more channels like Al-Mayadeen.",
      "review_date": [
        "March",
        "18",
        " 2016"
      ]
    },
    {
      "REQ_subtype": "",
      "REQ_type": "",
      "_id": 93,
      "author_id": "not defined",
      "author_name": "Abas Moradi",
      "helpful": "0",
      "polarity": "",
      "rate": 5,
      "response": "",
      "response_date": "",
      "review": "\u062e\u06cc\u0644\u06cc \u0639\u0627\u0644\u06cc \u0627\u0633\u062a GLW\u0130Z\u2764\ud83d\udc8b",
      "review_date": [
        "May",
        "10",
        " 2016"
      ]
    },
    {
      "REQ_subtype": "",
      "REQ_type": "",
      "_id": 94,
      "author_id": "not defined",
      "author_name": "khaled Razaq",
      "helpful": "0",
      "polarity": "",
      "rate": 3,
      "response": "",
      "response_date": "",
      "review": "\u00a0Screen Orientation problem",
      "review_date": [
        "March",
        "26",
        " 2016"
      ]
    },
    {
      "REQ_subtype": "",
      "REQ_type": "",
      "_id": 95,
      "author_id": "not defined",
      "author_name": "\u0641\u0627\u0631\u0633 \u0639\u062f\u0646\u0627\u0646",
      "helpful": "0",
      "polarity": "",
      "rate": 5,
      "response": "",
      "response_date": "",
      "review": "\u0628\u0631\u0646\u0627\u0645\u062c \u0631\u0627\u0626\u0639 \u062c\u062f\u0627",
      "review_date": [
        "May",
        "12",
        " 2016"
      ]
    },
    {
      "REQ_subtype": "",
      "REQ_type": "",
      "_id": 96,
      "author_id": "not defined",
      "author_name": "alireza namazizadeh",
      "helpful": "1",
      "polarity": "",
      "rate": 2,
      "response": "",
      "response_date": "",
      "review": "thanks gl wiz",
      "review_date": [
        "August",
        "27",
        " 2016"
      ]
    },
    {
      "REQ_subtype": "",
      "REQ_type": "",
      "_id": 97,
      "author_id": "not defined",
      "author_name": "mohamed salah",
      "helpful": "3",
      "polarity": "",
      "rate": 1,
      "response": "",
      "response_date": "",
      "review": "I have problem the app not working message come the app is not responding",
      "review_date": [
        "March",
        "1",
        " 2016"
      ]
    },
    {
      "REQ_subtype": "",
      "REQ_type": "",
      "_id": 98,
      "author_id": "not defined",
      "author_name": "Ali Madan",
      "helpful": "0",
      "polarity": "",
      "rate": 5,
      "response": "",
      "response_date": "",
      "review": "The greatest tv app and last updated was nice but i am using samsung tap 4 10.1 rotation not working fine so please fix it soon",
      "review_date": [
        "March",
        "7",
        " 2016"
      ]
    },
    {
      "REQ_subtype": "",
      "REQ_type": "",
      "_id": 99,
      "author_id": "not defined",
      "author_name": "PlatinumLyrics",
      "helpful": "6",
      "polarity": "",
      "rate": 4,
      "response": "",
      "response_date": "",
      "review": "If you added the mbc channels it would be great",
      "review_date": [
        "March",
        "6",
        " 2016"
      ]
    },
    {
      "REQ_subtype": "",
      "REQ_type": "",
      "_id": 100,
      "author_id": "not defined",
      "author_name": "nessrin elsheikh",
      "helpful": "5",
      "polarity": "",
      "rate": 2,
      "response": "",
      "response_date": "",
      "review": "\u0627\u0644\u062a\u0637\u0628\u064a\u0642 \u062a\u0648\u0642\u0641 \u0646\u0647\u0627\u0626\u064a\u0627 \u0628\u0643\u0644 \u0642\u0646\u0648\u0627\u062a\u0647 \u0628\u0639\u062f \u0627\u0644\u062a\u062d\u062f\u064a\u062b \u0627\u0644\u0627\u062e\u064a\u0631\u060c \u0631\u062c\u0627\u0621 \u062d\u0644 \u0627\u0644\u0645\u0634\u0643\u0644\u0629",
      "review_date": [
        "March",
        "4",
        " 2016"
      ]
    },
    {
      "REQ_subtype": "",
      "REQ_type": "",
      "_id": 101,
      "author_id": "not defined",
      "author_name": "Shakir Abdelrahim",
      "helpful": "0",
      "polarity": "",
      "rate": 4,
      "response": "",
      "response_date": "",
      "review": "\u0643\u0644 \u0627\u0644\u0642\u0646\u0648\u0627\u062a \u0627\u0644\u0641\u0636\u0627\u0626\u064a\u0629 \u0627\u0644\u0645\u0647\u0645\u0629 \u0645\u0648\u062c\u0648\u062f\u0647.. \u0645\u0648\u0641\u0642\u064a\u0646 \u0625\u0646 \u0634\u0627\u0621\u0627\u0644\u0644\u0647  \u0648\u0646\u062a\u0645\u0646\u0649 \u0627\u0644\u062a\u0637\u0648\u064a\u0631..",
      "review_date": [
        "March",
        "18",
        " 2016"
      ]
    },
    {
      "REQ_subtype": "",
      "REQ_type": "",
      "_id": 102,
      "author_id": "not defined",
      "author_name": "Sherif Ebeid",
      "helpful": "0",
      "polarity": "",
      "rate": 1,
      "response": "",
      "response_date": "",
      "review": "Just updated and all channels are gone",
      "review_date": [
        "February",
        "27",
        " 2016"
      ]
    },
    {
      "REQ_subtype": "",
      "REQ_type": "",
      "_id": 103,
      "author_id": "not defined",
      "author_name": "sofia garcia",
      "helpful": "0",
      "polarity": "",
      "rate": 1,
      "response": "",
      "response_date": "",
      "review": "Glarab tv",
      "review_date": [
        "March",
        "16",
        " 2016"
      ]
    },
    {
      "REQ_subtype": "",
      "REQ_type": "",
      "_id": 104,
      "author_id": "not defined",
      "author_name": "fuaad aboud",
      "helpful": "1",
      "polarity": "",
      "rate": 5,
      "response": "",
      "response_date": "",
      "review": "Fantastic",
      "review_date": [
        "March",
        "6",
        " 2016"
      ]
    },
    {
      "REQ_subtype": "",
      "REQ_type": "",
      "_id": 105,
      "author_id": "not defined",
      "author_name": "Shabir Akhtary",
      "helpful": "0",
      "polarity": "",
      "rate": 3,
      "response": "",
      "response_date": "",
      "review": "\u062a\u0633\u0644\u062a\u062a\u062a\u0644\u0644\u0628",
      "review_date": [
        "March",
        "10",
        " 2016"
      ]
    },
    {
      "REQ_subtype": "",
      "REQ_type": "",
      "_id": 106,
      "author_id": "not defined",
      "author_name": "Louie G.",
      "helpful": "1",
      "polarity": "",
      "rate": 2,
      "response": "",
      "response_date": "",
      "review": "Too many ads . stop the stupid ads and go back to the original when you started. No ads",
      "review_date": [
        "January",
        "5",
        " 2016"
      ]
    },
    {
      "REQ_subtype": "",
      "REQ_type": "",
      "_id": 107,
      "author_id": "not defined",
      "author_name": "Oguzhan Oncel",
      "helpful": "0",
      "polarity": "",
      "rate": 2,
      "response": "",
      "response_date": "",
      "review": "Are you f..ing kidding guys? Every touch to new channel 15 seconds ads. Boring. There is lots of other programs to use.",
      "review_date": [
        "February",
        "5",
        " 2016"
      ]
    },
    {
      "REQ_subtype": "",
      "REQ_type": "",
      "_id": 108,
      "author_id": "not defined",
      "author_name": "Yassine Kaderi",
      "helpful": "10",
      "polarity": "",
      "rate": 4,
      "response": "",
      "response_date": "",
      "review": "Good app overall. Please add chromecast compatibility",
      "review_date": [
        "December",
        "29",
        " 2015"
      ]
    },
    {
      "REQ_subtype": "",
      "REQ_type": "",
      "_id": 109,
      "author_id": "not defined",
      "author_name": "Javad moradi",
      "helpful": "0",
      "polarity": "",
      "rate": 1,
      "response": "",
      "response_date": "",
      "review": "it does not work on LG mobile can you solve its problem",
      "review_date": [
        "December",
        "31",
        " 2015"
      ]
    },
    {
      "REQ_subtype": "",
      "REQ_type": "",
      "_id": 110,
      "author_id": "not defined",
      "author_name": "said mohandise",
      "helpful": "4",
      "polarity": "",
      "rate": 5,
      "response": "",
      "response_date": "",
      "review": "Great app. I have a chance to watch my favorite channels...",
      "review_date": [
        "February",
        "16",
        " 2016"
      ]
    },
    {
      "REQ_subtype": "",
      "REQ_type": "",
      "_id": 111,
      "author_id": "not defined",
      "author_name": "the sumerian \u0627\u0644\u0633\u0648\u0645\u0631\u064a",
      "helpful": "1",
      "polarity": "",
      "rate": 3,
      "response": "",
      "response_date": "",
      "review": "If you add more channels it would be very nice and bein sport if you do that I would pay for it",
      "review_date": [
        "December",
        "4",
        " 2015"
      ]
    },
    {
      "REQ_subtype": "",
      "REQ_type": "",
      "_id": 112,
      "author_id": "not defined",
      "author_name": "mohammed amine fakhreddine",
      "helpful": "0",
      "polarity": "",
      "rate": 1,
      "response": "",
      "response_date": "",
      "review": "I hate this app now it doesn't work at all",
      "review_date": [
        "February",
        "21",
        " 2016"
      ]
    },
    {
      "REQ_subtype": "",
      "REQ_type": "",
      "_id": 113,
      "author_id": "not defined",
      "author_name": "A. Alshwafi",
      "helpful": "0",
      "polarity": "",
      "rate": 2,
      "response": "",
      "response_date": "",
      "review": "\u0627\u062a\u0645\u0646\u0649 \u062a\u0636\u064a\u0641\u0648\u0627 \u0642\u0646\u0648\u0627\u062a \u0627\u0644\u0640 MBC .... \u0648\u0642\u0646\u0648\u0627\u062a \u0627\u0644\u0623\u0637\u0641\u0627\u0644 \u0645\u062b\u0644 : \u0628\u0631\u0627\u0639\u0645 \u0648 \u062c\u064a\u0645 ... \u0627\u0644\u062e \u060c \u0648 \u0642\u0646\u0648\u0627\u062a \u0627\u0641\u0631\u064a\u0642\u064a\u0627 \u0627\u0631\u062a\u0631\u064a\u0627 \u0648 \u0627\u062b\u064a\u0648\u0628\u064a\u0627 \u0648 EBS .... \u0648\u0644\u0643\u0645 \u062c\u0632\u064a\u0644\u0627 \u0627\u0644\u0634\u0643\u0631 .. \u0648\u0627\u062a\u0645\u0646\u0649 \u0627\u0646\u0643\u0645 \u0642\u0631\u0627\u062a\u0648 \u0631\u0633\u0627\u0644\u062a\u064a ..",
      "review_date": [
        "November",
        "11",
        " 2016"
      ]
    },
    {
      "REQ_subtype": "",
      "REQ_type": "",
      "_id": 114,
      "author_id": "not defined",
      "author_name": "K M",
      "helpful": "0",
      "polarity": "",
      "rate": 1,
      "response": "",
      "response_date": "",
      "review": "Not good at all.",
      "review_date": [
        "January",
        "8",
        " 2016"
      ]
    },
    {
      "REQ_subtype": "",
      "REQ_type": "",
      "_id": 115,
      "author_id": "not defined",
      "author_name": "Wissal Wissal",
      "helpful": "1",
      "polarity": "",
      "rate": 4,
      "response": "",
      "response_date": "",
      "review": "Great app but I need mbc channels and nat geo  :/",
      "review_date": [
        "February",
        "22",
        " 2016"
      ]
    },
    {
      "REQ_subtype": "",
      "REQ_type": "",
      "_id": 116,
      "author_id": "not defined",
      "author_name": "biboantaka bibo",
      "helpful": "0",
      "polarity": "",
      "rate": 5,
      "response": "",
      "response_date": "",
      "review": "Working perfectly with my galaxy s5 but please get more egyptian sports channels",
      "review_date": [
        "February",
        "24",
        " 2016"
      ]
    },
    {
      "REQ_subtype": "",
      "REQ_type": "",
      "_id": 117,
      "author_id": "not defined",
      "author_name": "Mani Mani",
      "helpful": "1",
      "polarity": "",
      "rate": 3,
      "response": "",
      "response_date": "",
      "review": "\u0645\u0646 \u0641\u0638\u0644\u0643\u0645 \u0627\u0636\u0641 \u0627\u0644\u0642\u0646\u0648\u0627\u062a \u0627\u0644\u062c\u0632\u0627\u0626\u0631\u064a\u0629",
      "review_date": [
        "November",
        "22",
        " 2015"
      ]
    },
    {
      "REQ_subtype": "",
      "REQ_type": "",
      "_id": 118,
      "author_id": "not defined",
      "author_name": "King ABS",
      "helpful": "0",
      "polarity": "",
      "rate": 4,
      "response": "",
      "response_date": "",
      "review": "5 stars if you remove ads and add hd video quality",
      "review_date": [
        "February",
        "5",
        " 2016"
      ]
    },
    {
      "REQ_subtype": "",
      "REQ_type": "",
      "_id": 119,
      "author_id": "not defined",
      "author_name": "Tarik Ch",
      "helpful": "0",
      "polarity": "",
      "rate": 5,
      "response": "",
      "response_date": "",
      "review": "This is the most great app to watch channels, thank you",
      "review_date": [
        "February",
        "22",
        " 2016"
      ]
    }
  ],
  "size": "3.2",
  "url": "https://play.google.com/store/apps/details?id=com.totrix.glarab",
  "version": "2.3.7"
}