{
  "categories": [
    "Education",
    "Creativity"
  ],
  "description": "Over 10,000,000 Kids Love Paint Sparkles Coloring Book! The World\u2019s Epic Paint Sparkle Education Game Comes to Google Play! More than 200 Exciting, Coloring Pages of Animals, Princesses, Christmas & Fairies to Paint with AMAZING Glitter & Sparkle! The Best Painting, Coloring Book Game for Kids Ever!Your budding Picasso will LOVE to play with the world famous, Paint Sparkle Draw Coloring Book app with new, glittery gorgeous coloring pages and fabulous features! Children\u2019s favorite coloring book is now easier to use than ever! Play and draw with 20+ vibrant crayon, look-alike colors and a whimsical magic coloring tool. Your little artist is guaranteed hours of creative play! This smart, educational game will inspire and delight your kids as they draw and add their own color to pages of animals, fairies, princesses and even Christmas and holiday scenes.The Paint Sparkles Draw - My First Coloring Book app includes more than ten awesome categories of drawing and coloring pages to spark the creativity and imagination in your child. Toddlers and young kids from preschool to grade school can learn their ABC\u2019s as they color letters and add creative sparkle to all that they draw.What\u2019s Inside\u2605 20+ vibrant colors\u2605 A magic brush tool to add the sparkle!\u2605 Multiple brush sizes\u2605 Area fill bucket\u2605 Color choice pallet\u2605 Multi-Touch finger coloring which enables a unique painting experience\u2605 Save your colorful sparkle drawing to the gallery\u2605 230+ vivid coloring pages, in 14 categories including blank pages\u2605\u2022 Tons of animated stickers Coloring Book Pages\u2605 Animals Galore: dogs, cats, ducks & more\u2605 Dinosaurs - happy & cheerful dinos\u2605 Princesses & castles - pretty princess, castles & unicorns\u2605 Butterflies and Flowers\u2605 Cars, trucks and buses\u2605 Sea animals, fish, octopus & sea turtles\u2605 ABC\u2019s - learn your letters!\u2605 Christmas, holiday, vacation and winter scenes\u2605 Crazy & Wacky Monsters\u2605 Dolls and Teddy Bears\u2605 Toys, balls, blocks and games\u2605 Picnic \u2605 Play time Kids will love coloring animals, fairies, princesses, cars, trucks and more! Great for the Christmas season with tons of Christmas pages and winter scenes to color. The Paint Sparkle Draw Coloring Book app is perfect for toddlers, pre-school and grade school kids to learn to draw and learn their letters!ABOUT TabTaleA Google Play Top Developer, recognized for its commitment to launching high-quality and innovative apps on Android. With over 1.5 billion downloads and growing, TabTale has established itself as the creator of pioneering virtual adventures that kids and parents love. TabTale\u2019s apps spark children\u2019s imaginations and inspire them to think creatively, while having fun! Search \u201cTabTale\u201d on Google Play and discover more incredible apps.Visit us: http://www.tabtale.com/Google Plus: https://plus.google.com/+Tabtale/postsLike us: http://www.facebook.com/TabTaleFollow us:@TabtaleWatch us: http://www.youtube.com/iTabtaleCONTACT US Let us know what you think! Questions? Suggestions? Technical Support? Contact us 24/7 at: WeCare@TabTale.com. FOR PARENTSThe app is free to play but certain in-game items may require payment. You may restrict in-app purchases by disabling them on this device. The app may include advertising for TabTale and certain third parties which will redirect users to our sites, apps or third-party sites.Privacy is important to us. The app may enable collection of limited user data by TabTale or its carefully selected providers (e.g. ad networks and analytics) for limited legal purposes described in our Privacy Policy (e.g. respond to support queries; enable, analyze and improve the app\u2019s features and services; serve contextual ads). By downloading or using the app you accept our Privacy Policy: https://tabtale.com/privacy-policy/ and Terms of Use: https://tabtale.com/terms-of-use/   and permit such uses for users of your device.",
  "inc": "TabTale",
  "intalled_count": "1,000,000",
  "last_update": [
    "June",
    "6",
    " 2018"
  ],
  "name": "Paint Sparkles Draw",
  "offered_by": "Google Commerce Ltd",
  "permissions": {
    "Photos/Media/Files": [
      "read the contents of your USB storage",
      "modify or delete the contents of your USB storage"
    ],
    "Storage": [
      "read the contents of your USB storage",
      "modify or delete the contents of your USB storage"
    ],
    "Camera": [
      "take pictures and videos"
    ],
    "Other": [
      "receive data from Internet",
      "view network connections",
      "full network access",
      "control vibration",
      "prevent device from sleeping"
    ]
  },
  "price": "",
  "rate": [
    [
      "10,085",
      "3.9"
    ],
    [
      "5,818",
      "5"
    ],
    [
      "1,234",
      "4"
    ],
    [
      "875",
      "3"
    ],
    [
      "731",
      "2"
    ],
    [
      "1,427",
      "1"
    ]
  ],
  "required_android": "4.1",
  "reviews": [
    {
      "REQ_subtype": "",
      "REQ_type": "",
      "_id": 0,
      "author_id": "not defined",
      "author_name": "David James",
      "helpful": "0",
      "polarity": "",
      "rate": 4,
      "response": "",
      "response_date": "",
      "review": "A great colouring game once the complete set of pictures is unlocked(paid \nfor) unfortunately it has now started force closing and it no longer saves \nto the default photo album. Can't find where it's saving them. .",
      "review_date": [
        "June",
        "9",
        " 2018"
      ]
    },
    {
      "REQ_subtype": "",
      "REQ_type": "",
      "_id": 1,
      "author_id": "not defined",
      "author_name": "A Google user",
      "helpful": "1",
      "polarity": "",
      "rate": 5,
      "response": "",
      "response_date": "",
      "review": "Amazing app",
      "review_date": [
        "June",
        "27",
        " 2018"
      ]
    },
    {
      "REQ_subtype": "",
      "REQ_type": "",
      "_id": 2,
      "author_id": "not defined",
      "author_name": "Megan Shaver",
      "helpful": "0",
      "polarity": "",
      "rate": 5,
      "response": "",
      "response_date": "",
      "review": "Im 9 but it's hard to find a descent coloring game and this is the only thing i coyld think of",
      "review_date": [
        "March",
        "2",
        " 2018"
      ]
    },
    {
      "REQ_subtype": "",
      "REQ_type": "",
      "_id": 3,
      "author_id": "not defined",
      "author_name": "A Google user",
      "helpful": "0",
      "polarity": "",
      "rate": 4,
      "response": "",
      "response_date": "",
      "review": "I cannot find the photo album to see my pictures I have saved.",
      "review_date": [
        "March",
        "27",
        " 2018"
      ]
    },
    {
      "REQ_subtype": "",
      "REQ_type": "",
      "_id": 4,
      "author_id": "not defined",
      "author_name": "Emma Coopey",
      "helpful": "55",
      "polarity": "",
      "rate": 5,
      "response": "",
      "response_date": "",
      "review": "Love this app. So much fun. Endless hours",
      "review_date": [
        "March",
        "2",
        " 2018"
      ]
    },
    {
      "REQ_subtype": "",
      "REQ_type": "",
      "_id": 5,
      "author_id": "not defined",
      "author_name": "Michelle James",
      "helpful": "0",
      "polarity": "",
      "rate": 3,
      "response": "",
      "response_date": "",
      "review": "Worked really well to start off with but now will no longer run, very \ndisappointing as my little one loved it",
      "review_date": [
        "May",
        "25",
        " 2018"
      ]
    },
    {
      "REQ_subtype": "",
      "REQ_type": "",
      "_id": 6,
      "author_id": "not defined",
      "author_name": "Geetanjali Arya",
      "helpful": "14",
      "polarity": "",
      "rate": 5,
      "response": "",
      "response_date": "",
      "review": "Its a good game for kids",
      "review_date": [
        "March",
        "6",
        " 2018"
      ]
    },
    {
      "REQ_subtype": "",
      "REQ_type": "",
      "_id": 7,
      "author_id": "not defined",
      "author_name": "Naomi O'Neill",
      "helpful": "8",
      "polarity": "",
      "rate": 5,
      "response": "",
      "response_date": "",
      "review": "It's active and creative",
      "review_date": [
        "March",
        "17",
        " 2018"
      ]
    },
    {
      "REQ_subtype": "",
      "REQ_type": "",
      "_id": 8,
      "author_id": "not defined",
      "author_name": "A Google user",
      "helpful": "0",
      "polarity": "",
      "rate": 5,
      "response": "",
      "response_date": "",
      "review": "I love this game but....I don't like when it tells you what color your \nusing.\ud83d\udc97\ud83d\ude1f",
      "review_date": [
        "May",
        "27",
        " 2018"
      ]
    },
    {
      "REQ_subtype": "",
      "REQ_type": "",
      "_id": 9,
      "author_id": "not defined",
      "author_name": "brooke wren",
      "helpful": "5",
      "polarity": "",
      "rate": 5,
      "response": "",
      "response_date": "",
      "review": "We get to draw enything",
      "review_date": [
        "March",
        "15",
        " 2018"
      ]
    },
    {
      "REQ_subtype": "",
      "REQ_type": "",
      "_id": 10,
      "author_id": "not defined",
      "author_name": "arun sharma",
      "helpful": "0",
      "polarity": "",
      "rate": 3,
      "response": "",
      "response_date": "",
      "review": "Please unlock all levels please.....",
      "review_date": [
        "May",
        "21",
        " 2018"
      ]
    },
    {
      "REQ_subtype": "",
      "REQ_type": "",
      "_id": 11,
      "author_id": "not defined",
      "author_name": "Satram Dabydeen",
      "helpful": "13",
      "polarity": "",
      "rate": 5,
      "response": "",
      "response_date": "",
      "review": "Star",
      "review_date": [
        "February",
        "25",
        " 2018"
      ]
    },
    {
      "REQ_subtype": "",
      "REQ_type": "",
      "_id": 12,
      "author_id": "not defined",
      "author_name": "mahesh hasija",
      "helpful": "0",
      "polarity": "",
      "rate": 5,
      "response": "",
      "response_date": "",
      "review": "I loved your app",
      "review_date": [
        "February",
        "24",
        " 2018"
      ]
    },
    {
      "REQ_subtype": "",
      "REQ_type": "",
      "_id": 13,
      "author_id": "not defined",
      "author_name": "A Google user",
      "helpful": "0",
      "polarity": "",
      "rate": 3,
      "response": "",
      "response_date": "",
      "review": "It is good",
      "review_date": [
        "May",
        "20",
        " 2018"
      ]
    },
    {
      "REQ_subtype": "",
      "REQ_type": "",
      "_id": 14,
      "author_id": "not defined",
      "author_name": "Abby Vernon",
      "helpful": "0",
      "polarity": "",
      "rate": 1,
      "response": "",
      "response_date": "",
      "review": "My 4 year old cousin loves this game, She loves all the cute little stickers and \"Glittery\" colors. I also love how there are learning aspects of this game too, For example: if you tap the cat sticker it will say \"Cat\" So she's learning animals too. But I am outraged  that there are certain stickers you can't unlock unless you make a purchase, please make all stickers available without purchase. Then I will give 5 stars.",
      "review_date": [
        "June",
        "16",
        " 2016"
      ]
    },
    {
      "REQ_subtype": "",
      "REQ_type": "",
      "_id": 15,
      "author_id": "not defined",
      "author_name": "Douglas Bradshaw",
      "helpful": "0",
      "polarity": "",
      "rate": 1,
      "response": "",
      "response_date": "",
      "review": "The ads at the bottom do but not the popular full screen ads. I emailed the company and they said the is not an ad but just to inform parents of other apps they provide. I guess they think parents will be playing it. Then again they will have to dismiss the ad when the  year old starts to cry.  Very bad form.",
      "review_date": [
        "July",
        "8",
        " 2016"
      ]
    },
    {
      "REQ_subtype": "",
      "REQ_type": "",
      "_id": 16,
      "author_id": "not defined",
      "author_name": "Farrah Dauphinais-Dyck",
      "helpful": "6",
      "polarity": "",
      "rate": 3,
      "response": "",
      "response_date": "",
      "review": "I did the full purchase but when I go on the app everything is still locked. It's very frustrating and even when I repress the \" purchase full version\" again it doesn't do anything but kick me off the app.",
      "review_date": [
        "November",
        "12",
        " 2017"
      ]
    },
    {
      "REQ_subtype": "",
      "REQ_type": "",
      "_id": 17,
      "author_id": "not defined",
      "author_name": "Wendy Baker",
      "helpful": "0",
      "polarity": "",
      "rate": 2,
      "response": "",
      "response_date": "",
      "review": "We had the full version + no ads version & with no explanation, MOST of the color pages and the different coloring media disappeared! (Showing the padlock over the once-available images) After using it for some time, and loving it, my daughter had been used to the features. So I decided to purchase it for her again by upgrading from the free app. I tried multiple times to do this and was unable to.I was able to buy features individually then it didn't apply! Even after restarting the device several times. Ridiculous. Google refunded my payment.:-(",
      "review_date": [
        "October",
        "23",
        " 2016"
      ]
    },
    {
      "REQ_subtype": "",
      "REQ_type": "",
      "_id": 18,
      "author_id": "not defined",
      "author_name": "Lizzye Ellis",
      "helpful": "0",
      "polarity": "",
      "rate": 5,
      "response": "",
      "response_date": "",
      "review": "From 19mo up to 21 this is fun! A lot of kids I nanny/babysit play this with me and it teaches them colors while they play. I even play it myself, as I find it therapudic to color.",
      "review_date": [
        "May",
        "20",
        " 2017"
      ]
    },
    {
      "REQ_subtype": "",
      "REQ_type": "",
      "_id": 19,
      "author_id": "not defined",
      "author_name": "Aloria Mellion",
      "helpful": "0",
      "polarity": "",
      "rate": 5,
      "response": "",
      "response_date": "",
      "review": "I love it because it just I love to color and paint and so do my sister that 2 years old so this is a good app for us and when I alseelp she go and get my phone and play it and that tell me that she love it and I love it toooooo \ud83d\ude39\ud83d\udc7b\ud83d\udc7b\ud83d\udc7b\ud83d\udc7b\ud83d\udc7b\ud83d\ude38\ud83d\udc7b\ud83d\udc7b\ud83d\ude3c\ud83d\ude3b\ud83d\ude38\ud83d\ude3a\ud83d\ude39\ud83d\ude3b\ud83d\ude3cThis app is so good think you Who ever made this app",
      "review_date": [
        "December",
        "22",
        " 2016"
      ]
    },
    {
      "REQ_subtype": "",
      "REQ_type": "",
      "_id": 20,
      "author_id": "not defined",
      "author_name": "free spirt 101",
      "helpful": "0",
      "polarity": "",
      "rate": 1,
      "response": "",
      "response_date": "",
      "review": "DON'T waste your time.all you get is 1    color page unlocked. Per page.\ud83d\ude25\ud83d\ude25\ud83d\ude25\ud83d\ude25. more stickers are locked.And b b boring.\ud83e\udd10\ud83e\udd10\ud83e\udd10\ud83e\udd10\ud83e\udd10\ud83e\udd105 stars.",
      "review_date": [
        "June",
        "3",
        " 2016"
      ]
    },
    {
      "REQ_subtype": "",
      "REQ_type": "",
      "_id": 21,
      "author_id": "not defined",
      "author_name": "Kobe Stafford",
      "helpful": "0",
      "polarity": "",
      "rate": 3,
      "response": "",
      "response_date": "",
      "review": "I love this it is so cool and fun but the only thing i dont like is that u cant unlock anything i mean its a coloring games theres no point of things to be lock on this",
      "review_date": [
        "March",
        "14",
        " 2017"
      ]
    },
    {
      "REQ_subtype": "",
      "REQ_type": "",
      "_id": 22,
      "author_id": "not defined",
      "author_name": "Tim Russell",
      "helpful": "0",
      "polarity": "",
      "rate": 4,
      "response": "",
      "response_date": "",
      "review": "Why does it make curved lines straight? It's so  annoying and  frustrating!Please don't do that   ever  ever  again",
      "review_date": [
        "July",
        "15",
        " 2016"
      ]
    },
    {
      "REQ_subtype": "",
      "REQ_type": "",
      "_id": 23,
      "author_id": "not defined",
      "author_name": "A Google user",
      "helpful": "0",
      "polarity": "",
      "rate": 1,
      "response": "",
      "response_date": "",
      "review": "Its keep glitching on my little sisters tablet and its so frustrating please stop this",
      "review_date": [
        "September",
        "10",
        " 2017"
      ]
    },
    {
      "REQ_subtype": "",
      "REQ_type": "",
      "_id": 24,
      "author_id": "not defined",
      "author_name": "Smol Lumpy",
      "helpful": "0",
      "polarity": "",
      "rate": 2,
      "response": "",
      "response_date": "",
      "review": "The picture was blurry when I added it to the screen for my 4 year old sister",
      "review_date": [
        "June",
        "19",
        " 2017"
      ]
    },
    {
      "REQ_subtype": "",
      "REQ_type": "",
      "_id": 25,
      "author_id": "not defined",
      "author_name": "Florence Mills",
      "helpful": "0",
      "polarity": "",
      "rate": 1,
      "response": "",
      "response_date": "",
      "review": "Don't work at all, it sides what it wants, it need a whole lot of fixing",
      "review_date": [
        "November",
        "9",
        " 2016"
      ]
    },
    {
      "REQ_subtype": "",
      "REQ_type": "",
      "_id": 26,
      "author_id": "not defined",
      "author_name": "A Google user",
      "helpful": "0",
      "polarity": "",
      "rate": 5,
      "response": "",
      "response_date": "",
      "review": "I can only use a little bit of stuff to paint\ud83d\ude20",
      "review_date": [
        "December",
        "3",
        " 2016"
      ]
    },
    {
      "REQ_subtype": "",
      "REQ_type": "",
      "_id": 27,
      "author_id": "not defined",
      "author_name": "Olivia Wheeler",
      "helpful": "0",
      "polarity": "",
      "rate": 4,
      "response": "",
      "response_date": "",
      "review": "It was okay but it's not my favorite I mean please",
      "review_date": [
        "July",
        "19",
        " 2016"
      ]
    },
    {
      "REQ_subtype": "",
      "REQ_type": "",
      "_id": 28,
      "author_id": "not defined",
      "author_name": "Kirsty Bunton",
      "helpful": "0",
      "polarity": "",
      "rate": 5,
      "response": "",
      "response_date": "",
      "review": "My son has loved this app since he was 3 and I know have it on all the devices and on my Mum's as well for when she sees him!!",
      "review_date": [
        "May",
        "24",
        " 2016"
      ]
    },
    {
      "REQ_subtype": "",
      "REQ_type": "",
      "_id": 29,
      "author_id": "not defined",
      "author_name": "Emison Collins",
      "helpful": "0",
      "polarity": "",
      "rate": 5,
      "response": "",
      "response_date": "",
      "review": "I think this is the best game in the world",
      "review_date": [
        "June",
        "7",
        " 2016"
      ]
    },
    {
      "REQ_subtype": "",
      "REQ_type": "",
      "_id": 30,
      "author_id": "not defined",
      "author_name": "Princess Rosanna parsons.",
      "helpful": "0",
      "polarity": "",
      "rate": 4,
      "response": "",
      "response_date": "",
      "review": "This app is the awesomest game I have ever seen thank you whoever made this I am totally up for it and I'm super impressed WELL DONE I love all the textures of all the pictures \u221a\u221a\u221a\u221a\u221a\u221a\u221a",
      "review_date": [
        "April",
        "2",
        " 2016"
      ]
    },
    {
      "REQ_subtype": "",
      "REQ_type": "",
      "_id": 31,
      "author_id": "not defined",
      "author_name": "matilde andrade",
      "helpful": "0",
      "polarity": "",
      "rate": 1,
      "response": "",
      "response_date": "",
      "review": "It r not good enough",
      "review_date": [
        "December",
        "28",
        " 2016"
      ]
    },
    {
      "REQ_subtype": "",
      "REQ_type": "",
      "_id": 32,
      "author_id": "not defined",
      "author_name": "Still Deedi Jackson",
      "helpful": "2",
      "polarity": "",
      "rate": 4,
      "response": "",
      "response_date": "",
      "review": "My grandbaby loves to paint and color,she loves this app.",
      "review_date": [
        "December",
        "30",
        " 2016"
      ]
    },
    {
      "REQ_subtype": "",
      "REQ_type": "",
      "_id": 33,
      "author_id": "not defined",
      "author_name": "Mudadla Kannam Naidu",
      "helpful": "0",
      "polarity": "",
      "rate": 5,
      "response": "",
      "response_date": "",
      "review": "I am not sure what to expect from me and my friends and family are doing well and that is not a problem",
      "review_date": [
        "January",
        "11",
        " 2017"
      ]
    },
    {
      "REQ_subtype": "",
      "REQ_type": "",
      "_id": 34,
      "author_id": "not defined",
      "author_name": "Jwan Diab",
      "helpful": "0",
      "polarity": "",
      "rate": 4,
      "response": "",
      "response_date": "",
      "review": "I like it but mostly everything is locked and you only get one page from one pack",
      "review_date": [
        "June",
        "29",
        " 2016"
      ]
    },
    {
      "REQ_subtype": "",
      "REQ_type": "",
      "_id": 35,
      "author_id": "not defined",
      "author_name": "J Roman",
      "helpful": "0",
      "polarity": "",
      "rate": 5,
      "response": "",
      "response_date": "",
      "review": "This app is so much fun for all ages.   I love the animated stickers they're so cute!",
      "review_date": [
        "May",
        "11",
        " 2017"
      ]
    },
    {
      "REQ_subtype": "",
      "REQ_type": "",
      "_id": 36,
      "author_id": "not defined",
      "author_name": "A Google user",
      "helpful": "0",
      "polarity": "",
      "rate": 1,
      "response": "",
      "response_date": "",
      "review": "Such a flop game that I have never seen my cousin do the colouring better than this",
      "review_date": [
        "October",
        "10",
        " 2016"
      ]
    },
    {
      "REQ_subtype": "",
      "REQ_type": "",
      "_id": 37,
      "author_id": "not defined",
      "author_name": "A Google user",
      "helpful": "0",
      "polarity": "",
      "rate": 5,
      "response": "",
      "response_date": "",
      "review": "So good but why do you have to buy colouring pages stop with that stuff in your apps?!",
      "review_date": [
        "April",
        "23",
        " 2017"
      ]
    },
    {
      "REQ_subtype": "",
      "REQ_type": "",
      "_id": 38,
      "author_id": "not defined",
      "author_name": "A Google user",
      "helpful": "3",
      "polarity": "",
      "rate": 5,
      "response": "",
      "response_date": "",
      "review": "Not good but not bad also",
      "review_date": [
        "June",
        "14",
        " 2017"
      ]
    },
    {
      "REQ_subtype": "",
      "REQ_type": "",
      "_id": 39,
      "author_id": "not defined",
      "author_name": "TAPAS KUMAR PARAY",
      "helpful": "0",
      "polarity": "",
      "rate": 4,
      "response": "",
      "response_date": "",
      "review": "Here is only one picture in the boxes",
      "review_date": [
        "August",
        "11",
        " 2016"
      ]
    },
    {
      "REQ_subtype": "",
      "REQ_type": "",
      "_id": 40,
      "author_id": "not defined",
      "author_name": "A Google user",
      "helpful": "0",
      "polarity": "",
      "rate": 1,
      "response": "",
      "response_date": "",
      "review": "Very very  bad game",
      "review_date": [
        "January",
        "6",
        " 2018"
      ]
    },
    {
      "REQ_subtype": "",
      "REQ_type": "",
      "_id": 41,
      "author_id": "not defined",
      "author_name": "A Google user",
      "helpful": "0",
      "polarity": "",
      "rate": 5,
      "response": "",
      "response_date": "",
      "review": "\ub098\ub294 \uc0c9\uce60\uacf5\ubd80\ud558\ub294 \uac83\uc774 \ub354 \uc88b\ub2e4",
      "review_date": [
        "April",
        "4",
        " 2017"
      ]
    },
    {
      "REQ_subtype": "",
      "REQ_type": "",
      "_id": 42,
      "author_id": "not defined",
      "author_name": "A Google user",
      "helpful": "0",
      "polarity": "",
      "rate": 5,
      "response": "",
      "response_date": "",
      "review": "Its very very very nice .. and I  also loved the nice and beautiful pictures their were in this game I loved it the most ...",
      "review_date": [
        "September",
        "30",
        " 2017"
      ]
    },
    {
      "REQ_subtype": "",
      "REQ_type": "",
      "_id": 43,
      "author_id": "not defined",
      "author_name": "Jamie Sheaffe",
      "helpful": "0",
      "polarity": "",
      "rate": 5,
      "response": "",
      "response_date": "",
      "review": "Love the fireworks but why not make it so the fireworks go in a firework shape!",
      "review_date": [
        "November",
        "8",
        " 2016"
      ]
    },
    {
      "REQ_subtype": "",
      "REQ_type": "",
      "_id": 44,
      "author_id": "not defined",
      "author_name": "Bratty/ aubreee",
      "helpful": "0",
      "polarity": "",
      "rate": 4,
      "response": "",
      "response_date": "",
      "review": "It is good for making pictures but not good enough to make videos",
      "review_date": [
        "July",
        "24",
        " 2017"
      ]
    },
    {
      "REQ_subtype": "",
      "REQ_type": "",
      "_id": 45,
      "author_id": "not defined",
      "author_name": "Reyna Huaman",
      "helpful": "0",
      "polarity": "",
      "rate": 5,
      "response": "",
      "response_date": "",
      "review": "I like the way you can draw pictures.\ud83c\uddfa\ud83c\uddf8",
      "review_date": [
        "November",
        "6",
        " 2016"
      ]
    },
    {
      "REQ_subtype": "",
      "REQ_type": "",
      "_id": 46,
      "author_id": "not defined",
      "author_name": "Soulful Voice ARIJIT SINGH",
      "helpful": "0",
      "polarity": "",
      "rate": 4,
      "response": "",
      "response_date": "",
      "review": "Very little must be good but now it's amazing.",
      "review_date": [
        "July",
        "12",
        " 2016"
      ]
    },
    {
      "REQ_subtype": "",
      "REQ_type": "",
      "_id": 47,
      "author_id": "not defined",
      "author_name": "kitty cat",
      "helpful": "0",
      "polarity": "",
      "rate": 5,
      "response": "",
      "response_date": "",
      "review": "Love it",
      "review_date": [
        "January",
        "6",
        " 2017"
      ]
    },
    {
      "REQ_subtype": "",
      "REQ_type": "",
      "_id": 48,
      "author_id": "not defined",
      "author_name": "Lucy Moondust",
      "helpful": "0",
      "polarity": "",
      "rate": 4,
      "response": "",
      "response_date": "",
      "review": "Cool but can you get an update with everything unlocked pls?",
      "review_date": [
        "June",
        "7",
        " 2016"
      ]
    },
    {
      "REQ_subtype": "",
      "REQ_type": "",
      "_id": 49,
      "author_id": "not defined",
      "author_name": "Brooke Woodside",
      "helpful": "0",
      "polarity": "",
      "rate": 5,
      "response": "",
      "response_date": "",
      "review": "It's fun to play when I don't have any Internet access",
      "review_date": [
        "April",
        "10",
        " 2016"
      ]
    },
    {
      "REQ_subtype": "",
      "REQ_type": "",
      "_id": 50,
      "author_id": "not defined",
      "author_name": "Fatums Ali",
      "helpful": "0",
      "polarity": "",
      "rate": 3,
      "response": "",
      "response_date": "",
      "review": "It's a little fun and a  little boring",
      "review_date": [
        "April",
        "1",
        " 2017"
      ]
    },
    {
      "REQ_subtype": "",
      "REQ_type": "",
      "_id": 51,
      "author_id": "not defined",
      "author_name": "Navya Vemuri",
      "helpful": "0",
      "polarity": "",
      "rate": 1,
      "response": "",
      "response_date": "",
      "review": "For ages under 5",
      "review_date": [
        "August",
        "21",
        " 2016"
      ]
    },
    {
      "REQ_subtype": "",
      "REQ_type": "",
      "_id": 52,
      "author_id": "not defined",
      "author_name": "Connor EM77",
      "helpful": "0",
      "polarity": "",
      "rate": 1,
      "response": "",
      "response_date": "",
      "review": "Hated it everybody hates it",
      "review_date": [
        "May",
        "20",
        " 2017"
      ]
    },
    {
      "REQ_subtype": "",
      "REQ_type": "",
      "_id": 53,
      "author_id": "not defined",
      "author_name": "Arya Stockstill",
      "helpful": "0",
      "polarity": "",
      "rate": 5,
      "response": "",
      "response_date": "",
      "review": "Leave me alone",
      "review_date": [
        "March",
        "14",
        " 2017"
      ]
    },
    {
      "REQ_subtype": "",
      "REQ_type": "",
      "_id": 54,
      "author_id": "not defined",
      "author_name": "Matthew Shippey",
      "helpful": "0",
      "polarity": "",
      "rate": 5,
      "response": "",
      "response_date": "",
      "review": "TabTale",
      "review_date": [
        "November",
        "23",
        " 2016"
      ]
    },
    {
      "REQ_subtype": "",
      "REQ_type": "",
      "_id": 55,
      "author_id": "not defined",
      "author_name": "diy crafter",
      "helpful": "0",
      "polarity": "",
      "rate": 1,
      "response": "",
      "response_date": "",
      "review": "Every thing locked",
      "review_date": [
        "November",
        "8",
        " 2016"
      ]
    },
    {
      "REQ_subtype": "",
      "REQ_type": "",
      "_id": 56,
      "author_id": "not defined",
      "author_name": "pvdhass p",
      "helpful": "0",
      "polarity": "",
      "rate": 5,
      "response": "",
      "response_date": "",
      "review": "It is very yery superb i like it andi so that i practice for painting",
      "review_date": [
        "October",
        "29",
        " 2016"
      ]
    },
    {
      "REQ_subtype": "",
      "REQ_type": "",
      "_id": 57,
      "author_id": "not defined",
      "author_name": "Notoybot ROBLOX and More",
      "helpful": "3",
      "polarity": "",
      "rate": 5,
      "response": "",
      "response_date": "",
      "review": "I made an XBOX",
      "review_date": [
        "August",
        "29",
        " 2017"
      ]
    },
    {
      "REQ_subtype": "",
      "REQ_type": "",
      "_id": 58,
      "author_id": "not defined",
      "author_name": "Labeena Shemeer",
      "helpful": "0",
      "polarity": "",
      "rate": 4,
      "response": "",
      "response_date": "",
      "review": "I love this game this is the best  my all sisters love this game",
      "review_date": [
        "August",
        "18",
        " 2016"
      ]
    },
    {
      "REQ_subtype": "",
      "REQ_type": "",
      "_id": 59,
      "author_id": "not defined",
      "author_name": "MrJosh 99",
      "helpful": "0",
      "polarity": "",
      "rate": 5,
      "response": "",
      "response_date": "",
      "review": "The painting it is my favourite game in the world",
      "review_date": [
        "March",
        "27",
        " 2016"
      ]
    },
    {
      "REQ_subtype": "",
      "REQ_type": "",
      "_id": 60,
      "author_id": "not defined",
      "author_name": "A Google user",
      "helpful": "0",
      "polarity": "",
      "rate": 5,
      "response": "",
      "response_date": "",
      "review": "This is so perfect for my baby sis",
      "review_date": [
        "August",
        "8",
        " 2016"
      ]
    },
    {
      "REQ_subtype": "",
      "REQ_type": "",
      "_id": 61,
      "author_id": "not defined",
      "author_name": "A Google user",
      "helpful": "0",
      "polarity": "",
      "rate": 4,
      "response": "",
      "response_date": "",
      "review": "VARUN",
      "review_date": [
        "September",
        "4",
        " 2016"
      ]
    },
    {
      "REQ_subtype": "",
      "REQ_type": "",
      "_id": 62,
      "author_id": "not defined",
      "author_name": "A Google user",
      "helpful": "0",
      "polarity": "",
      "rate": 2,
      "response": "",
      "response_date": "",
      "review": "Ikeadas",
      "review_date": [
        "October",
        "31",
        " 2016"
      ]
    },
    {
      "REQ_subtype": "",
      "REQ_type": "",
      "_id": 63,
      "author_id": "not defined",
      "author_name": "Doreen OConnell",
      "helpful": "0",
      "polarity": "",
      "rate": 1,
      "response": "",
      "response_date": "",
      "review": "ITS THE MOST STUPIDEST GAME IN THE WORLD!!!!!!!!!!!!!!!!!!!!!!!!\ud83d\ude15\ud83d\ude08\ud83d\udc7f\ud83d\ude23\ud83d\ude3c\ud83d\udc4e\ud83d\udc44 \ud83d\udc94\ud83d\udc94",
      "review_date": [
        "April",
        "12",
        " 2017"
      ]
    },
    {
      "REQ_subtype": "",
      "REQ_type": "",
      "_id": 64,
      "author_id": "not defined",
      "author_name": "Buvanes Mathavan",
      "helpful": "0",
      "polarity": "",
      "rate": 2,
      "response": "",
      "response_date": "",
      "review": "No",
      "review_date": [
        "April",
        "18",
        " 2016"
      ]
    },
    {
      "REQ_subtype": "",
      "REQ_type": "",
      "_id": 65,
      "author_id": "not defined",
      "author_name": "mounika sindhura",
      "helpful": "0",
      "polarity": "",
      "rate": 5,
      "response": "",
      "response_date": "",
      "review": "My daughter loves so much this app",
      "review_date": [
        "July",
        "17",
        " 2016"
      ]
    },
    {
      "REQ_subtype": "",
      "REQ_type": "",
      "_id": 66,
      "author_id": "not defined",
      "author_name": "Safia Waheed",
      "helpful": "0",
      "polarity": "",
      "rate": 5,
      "response": "",
      "response_date": "",
      "review": "It was superb but not my favorite",
      "review_date": [
        "July",
        "25",
        " 2016"
      ]
    },
    {
      "REQ_subtype": "",
      "REQ_type": "",
      "_id": 67,
      "author_id": "not defined",
      "author_name": "Dickson Kiarie",
      "helpful": "0",
      "polarity": "",
      "rate": 4,
      "response": "",
      "response_date": "",
      "review": "That why you can't erase what you did wrong in this game",
      "review_date": [
        "September",
        "20",
        " 2017"
      ]
    },
    {
      "REQ_subtype": "",
      "REQ_type": "",
      "_id": 68,
      "author_id": "not defined",
      "author_name": "Inthebag ///Louca",
      "helpful": "0",
      "polarity": "",
      "rate": 5,
      "response": "",
      "response_date": "",
      "review": "It really helps me with my drawing skills",
      "review_date": [
        "August",
        "3",
        " 2016"
      ]
    },
    {
      "REQ_subtype": "",
      "REQ_type": "",
      "_id": 69,
      "author_id": "not defined",
      "author_name": "Evie Faggetter",
      "helpful": "0",
      "polarity": "",
      "rate": 5,
      "response": "",
      "response_date": "",
      "review": "U just have to danloade this game",
      "review_date": [
        "August",
        "17",
        " 2016"
      ]
    },
    {
      "REQ_subtype": "",
      "REQ_type": "",
      "_id": 70,
      "author_id": "not defined",
      "author_name": "A Google user",
      "helpful": "0",
      "polarity": "",
      "rate": 5,
      "response": "",
      "response_date": "",
      "review": "Great for my 5yr old to express herself \ud83e\udd17",
      "review_date": [
        "March",
        "17",
        " 2017"
      ]
    },
    {
      "REQ_subtype": "",
      "REQ_type": "",
      "_id": 71,
      "author_id": "not defined",
      "author_name": "A Google user",
      "helpful": "0",
      "polarity": "",
      "rate": 5,
      "response": "",
      "response_date": "",
      "review": "Fabulous just want more art supplies",
      "review_date": [
        "May",
        "22",
        " 2017"
      ]
    },
    {
      "REQ_subtype": "",
      "REQ_type": "",
      "_id": 72,
      "author_id": "not defined",
      "author_name": "Abi Cavanagh",
      "helpful": "0",
      "polarity": "",
      "rate": 5,
      "response": "",
      "response_date": "",
      "review": "Love this app it keeps me busy",
      "review_date": [
        "January",
        "3",
        " 2017"
      ]
    },
    {
      "REQ_subtype": "",
      "REQ_type": "",
      "_id": 73,
      "author_id": "not defined",
      "author_name": "A Google user",
      "helpful": "0",
      "polarity": "",
      "rate": 1,
      "response": "",
      "response_date": "",
      "review": "L WANT Plans",
      "review_date": [
        "November",
        "16",
        " 2016"
      ]
    },
    {
      "REQ_subtype": "",
      "REQ_type": "",
      "_id": 74,
      "author_id": "not defined",
      "author_name": "Milan Verma",
      "helpful": "0",
      "polarity": "",
      "rate": 5,
      "response": "",
      "response_date": "",
      "review": "It's very interesting game \ud83d\ude07\ud83d\ude07\ud83d\ude0a",
      "review_date": [
        "November",
        "1",
        " 2016"
      ]
    },
    {
      "REQ_subtype": "",
      "REQ_type": "",
      "_id": 75,
      "author_id": "not defined",
      "author_name": "Aleena Khan",
      "helpful": "0",
      "polarity": "",
      "rate": 5,
      "response": "",
      "response_date": "",
      "review": "It's too good and also nice",
      "review_date": [
        "August",
        "15",
        " 2017"
      ]
    },
    {
      "REQ_subtype": "",
      "REQ_type": "",
      "_id": 76,
      "author_id": "not defined",
      "author_name": "B Cerulo",
      "helpful": "0",
      "polarity": "",
      "rate": 5,
      "response": "",
      "response_date": "",
      "review": "So much fun for kids",
      "review_date": [
        "July",
        "27",
        " 2016"
      ]
    },
    {
      "REQ_subtype": "",
      "REQ_type": "",
      "_id": 77,
      "author_id": "not defined",
      "author_name": "Adyansh Mishra Kumar",
      "helpful": "0",
      "polarity": "",
      "rate": 5,
      "response": "",
      "response_date": "",
      "review": "Exellent  job",
      "review_date": [
        "October",
        "24",
        " 2016"
      ]
    },
    {
      "REQ_subtype": "",
      "REQ_type": "",
      "_id": 78,
      "author_id": "not defined",
      "author_name": "Keira Mc Clean",
      "helpful": "0",
      "polarity": "",
      "rate": 5,
      "response": "",
      "response_date": "",
      "review": "I really love this app",
      "review_date": [
        "January",
        "4",
        " 2017"
      ]
    },
    {
      "REQ_subtype": "",
      "REQ_type": "",
      "_id": 79,
      "author_id": "not defined",
      "author_name": "A Google user",
      "helpful": "0",
      "polarity": "",
      "rate": 5,
      "response": "",
      "response_date": "",
      "review": "This is a great game I Love it",
      "review_date": [
        "December",
        "25",
        " 2016"
      ]
    },
    {
      "REQ_subtype": "",
      "REQ_type": "",
      "_id": 80,
      "author_id": "not defined",
      "author_name": "Lucia Hernandez",
      "helpful": "0",
      "polarity": "",
      "rate": 4,
      "response": "",
      "response_date": "",
      "review": "Good n fun",
      "review_date": [
        "May",
        "19",
        " 2016"
      ]
    },
    {
      "REQ_subtype": "",
      "REQ_type": "",
      "_id": 81,
      "author_id": "not defined",
      "author_name": "brookie and alice",
      "helpful": "0",
      "polarity": "",
      "rate": 2,
      "response": "",
      "response_date": "",
      "review": "It's fun I     guesset",
      "review_date": [
        "September",
        "17",
        " 2016"
      ]
    },
    {
      "REQ_subtype": "",
      "REQ_type": "",
      "_id": 82,
      "author_id": "not defined",
      "author_name": "Mukul Kumar",
      "helpful": "0",
      "polarity": "",
      "rate": 5,
      "response": "",
      "response_date": "",
      "review": "My youngest sister love this game",
      "review_date": [
        "October",
        "7",
        " 2017"
      ]
    },
    {
      "REQ_subtype": "",
      "REQ_type": "",
      "_id": 83,
      "author_id": "not defined",
      "author_name": "The Junior J's",
      "helpful": "0",
      "polarity": "",
      "rate": 5,
      "response": "",
      "response_date": "",
      "review": "I think it is a great game!",
      "review_date": [
        "April",
        "29",
        " 2017"
      ]
    },
    {
      "REQ_subtype": "",
      "REQ_type": "",
      "_id": 84,
      "author_id": "not defined",
      "author_name": "A Google user",
      "helpful": "0",
      "polarity": "",
      "rate": 5,
      "response": "",
      "response_date": "",
      "review": "ALZahra",
      "review_date": [
        "November",
        "8",
        " 2016"
      ]
    },
    {
      "REQ_subtype": "",
      "REQ_type": "",
      "_id": 85,
      "author_id": "not defined",
      "author_name": "A Google user",
      "helpful": "0",
      "polarity": "",
      "rate": 5,
      "response": "",
      "response_date": "",
      "review": "F",
      "review_date": [
        "September",
        "30",
        " 2016"
      ]
    },
    {
      "REQ_subtype": "",
      "REQ_type": "",
      "_id": 86,
      "author_id": "not defined",
      "author_name": "Jayanthi.s Rao",
      "helpful": "0",
      "polarity": "",
      "rate": 5,
      "response": "",
      "response_date": "",
      "review": "Very good to drawing artist.",
      "review_date": [
        "May",
        "6",
        " 2017"
      ]
    },
    {
      "REQ_subtype": "",
      "REQ_type": "",
      "_id": 87,
      "author_id": "not defined",
      "author_name": "Italia Ortiz",
      "helpful": "0",
      "polarity": "",
      "rate": 5,
      "response": "",
      "response_date": "",
      "review": "My kids loved it",
      "review_date": [
        "October",
        "23",
        " 2016"
      ]
    },
    {
      "REQ_subtype": "",
      "REQ_type": "",
      "_id": 88,
      "author_id": "not defined",
      "author_name": "pokeplush vidZ",
      "helpful": "0",
      "polarity": "",
      "rate": 5,
      "response": "",
      "response_date": "",
      "review": "I like it",
      "review_date": [
        "November",
        "20",
        " 2016"
      ]
    },
    {
      "REQ_subtype": "",
      "REQ_type": "",
      "_id": 89,
      "author_id": "not defined",
      "author_name": "Zeira L",
      "helpful": "0",
      "polarity": "",
      "rate": 5,
      "response": "",
      "response_date": "",
      "review": "My daughter loves it!",
      "review_date": [
        "March",
        "23",
        " 2017"
      ]
    },
    {
      "REQ_subtype": "",
      "REQ_type": "",
      "_id": 90,
      "author_id": "not defined",
      "author_name": "A Google user",
      "helpful": "0",
      "polarity": "",
      "rate": 5,
      "response": "",
      "response_date": "",
      "review": "Very nice very good",
      "review_date": [
        "September",
        "28",
        " 2017"
      ]
    },
    {
      "REQ_subtype": "",
      "REQ_type": "",
      "_id": 91,
      "author_id": "not defined",
      "author_name": "nightmare freddie fazbare",
      "helpful": "0",
      "polarity": "",
      "rate": 5,
      "response": "",
      "response_date": "",
      "review": "I reply lov3d it",
      "review_date": [
        "November",
        "30",
        " 2016"
      ]
    },
    {
      "REQ_subtype": "",
      "REQ_type": "",
      "_id": 92,
      "author_id": "not defined",
      "author_name": "Cute",
      "helpful": "0",
      "polarity": "",
      "rate": 5,
      "response": "",
      "response_date": "",
      "review": "Love it is the best game in the world",
      "review_date": [
        "April",
        "1",
        " 2017"
      ]
    },
    {
      "REQ_subtype": "",
      "REQ_type": "",
      "_id": 93,
      "author_id": "not defined",
      "author_name": "Rainbow Wolf120",
      "helpful": "0",
      "polarity": "",
      "rate": 5,
      "response": "",
      "response_date": "",
      "review": "I love it because I love painting",
      "review_date": [
        "March",
        "29",
        " 2017"
      ]
    },
    {
      "REQ_subtype": "",
      "REQ_type": "",
      "_id": 94,
      "author_id": "not defined",
      "author_name": "R A",
      "helpful": "0",
      "polarity": "",
      "rate": 5,
      "response": "",
      "response_date": "",
      "review": "And I love it",
      "review_date": [
        "June",
        "14",
        " 2016"
      ]
    },
    {
      "REQ_subtype": "",
      "REQ_type": "",
      "_id": 95,
      "author_id": "not defined",
      "author_name": "Little Val, Family and LPS",
      "helpful": "0",
      "polarity": "",
      "rate": 5,
      "response": "",
      "response_date": "",
      "review": "I love this is drew on this app for YEARS!!\ud83d\ude19\ud83d\ude19\ud83d\ude19 Even sense I love it\ud83d\ude19\ud83d\ude19\ud83d\ude19\ud83d\ude19\ud83d\ude19\ud83d\ude19",
      "review_date": [
        "January",
        "7",
        " 2018"
      ]
    },
    {
      "REQ_subtype": "",
      "REQ_type": "",
      "_id": 96,
      "author_id": "not defined",
      "author_name": "Erica Dicks",
      "helpful": "0",
      "polarity": "",
      "rate": 4,
      "response": "",
      "response_date": "",
      "review": "Mjjhhhjjhhh???..Uuuxu",
      "review_date": [
        "May",
        "14",
        " 2016"
      ]
    },
    {
      "REQ_subtype": "",
      "REQ_type": "",
      "_id": 97,
      "author_id": "not defined",
      "author_name": "A Google user",
      "helpful": "0",
      "polarity": "",
      "rate": 5,
      "response": "",
      "response_date": "",
      "review": "I love this game!!!!",
      "review_date": [
        "October",
        "29",
        " 2017"
      ]
    },
    {
      "REQ_subtype": "",
      "REQ_type": "",
      "_id": 98,
      "author_id": "not defined",
      "author_name": "Avery York",
      "helpful": "0",
      "polarity": "",
      "rate": 5,
      "response": "",
      "response_date": "",
      "review": "Kids love it!",
      "review_date": [
        "June",
        "7",
        " 2017"
      ]
    },
    {
      "REQ_subtype": "",
      "REQ_type": "",
      "_id": 99,
      "author_id": "not defined",
      "author_name": "Shirl Tipton",
      "helpful": "0",
      "polarity": "",
      "rate": 5,
      "response": "",
      "response_date": "",
      "review": "Color app good",
      "review_date": [
        "July",
        "10",
        " 2017"
      ]
    },
    {
      "REQ_subtype": "",
      "REQ_type": "",
      "_id": 100,
      "author_id": "not defined",
      "author_name": "A Google user",
      "helpful": "0",
      "polarity": "",
      "rate": 5,
      "response": "",
      "response_date": "",
      "review": "Vvvvvvnice game",
      "review_date": [
        "September",
        "28",
        " 2016"
      ]
    },
    {
      "REQ_subtype": "",
      "REQ_type": "",
      "_id": 101,
      "author_id": "not defined",
      "author_name": "ruby v zamorano",
      "helpful": "0",
      "polarity": "",
      "rate": 5,
      "response": "",
      "response_date": "",
      "review": "It is awesome and colorful",
      "review_date": [
        "September",
        "29",
        " 2016"
      ]
    },
    {
      "REQ_subtype": "",
      "REQ_type": "",
      "_id": 102,
      "author_id": "not defined",
      "author_name": "Yasmin Vasquez",
      "helpful": "0",
      "polarity": "",
      "rate": 4,
      "response": "",
      "response_date": "",
      "review": "I give it a four",
      "review_date": [
        "October",
        "31",
        " 2017"
      ]
    },
    {
      "REQ_subtype": "",
      "REQ_type": "",
      "_id": 103,
      "author_id": "not defined",
      "author_name": "A Google user",
      "helpful": "0",
      "polarity": "",
      "rate": 5,
      "response": "",
      "response_date": "",
      "review": "I t is excellent",
      "review_date": [
        "April",
        "30",
        " 2017"
      ]
    },
    {
      "REQ_subtype": "",
      "REQ_type": "",
      "_id": 104,
      "author_id": "not defined",
      "author_name": "Phantom4477 Ajpw",
      "helpful": "0",
      "polarity": "",
      "rate": 5,
      "response": "",
      "response_date": "",
      "review": "Amazing",
      "review_date": [
        "October",
        "20",
        " 2016"
      ]
    },
    {
      "REQ_subtype": "",
      "REQ_type": "",
      "_id": 105,
      "author_id": "not defined",
      "author_name": "Asha Nikam",
      "helpful": "0",
      "polarity": "",
      "rate": 5,
      "response": "",
      "response_date": "",
      "review": "Drawing",
      "review_date": [
        "July",
        "23",
        " 2016"
      ]
    },
    {
      "REQ_subtype": "",
      "REQ_type": "",
      "_id": 106,
      "author_id": "not defined",
      "author_name": "Surender Salonia",
      "helpful": "0",
      "polarity": "",
      "rate": 5,
      "response": "",
      "response_date": "",
      "review": "Very interesting and educational",
      "review_date": [
        "June",
        "13",
        " 2016"
      ]
    },
    {
      "REQ_subtype": "",
      "REQ_type": "",
      "_id": 107,
      "author_id": "not defined",
      "author_name": "Fardin Mahzoob",
      "helpful": "0",
      "polarity": "",
      "rate": 5,
      "response": "",
      "response_date": "",
      "review": "Paintings",
      "review_date": [
        "March",
        "25",
        " 2017"
      ]
    },
    {
      "REQ_subtype": "",
      "REQ_type": "",
      "_id": 108,
      "author_id": "not defined",
      "author_name": "A Google user",
      "helpful": "0",
      "polarity": "",
      "rate": 5,
      "response": "",
      "response_date": "",
      "review": "Super",
      "review_date": [
        "April",
        "10",
        " 2017"
      ]
    },
    {
      "REQ_subtype": "",
      "REQ_type": "",
      "_id": 109,
      "author_id": "not defined",
      "author_name": "Javeria Qureshi",
      "helpful": "0",
      "polarity": "",
      "rate": 4,
      "response": "",
      "response_date": "",
      "review": "Super",
      "review_date": [
        "November",
        "9",
        " 2017"
      ]
    },
    {
      "REQ_subtype": "",
      "REQ_type": "",
      "_id": 110,
      "author_id": "not defined",
      "author_name": "Glitter Sparkx",
      "helpful": "0",
      "polarity": "",
      "rate": 5,
      "response": "",
      "response_date": "",
      "review": "What",
      "review_date": [
        "May",
        "1",
        " 2017"
      ]
    },
    {
      "REQ_subtype": "",
      "REQ_type": "",
      "_id": 111,
      "author_id": "not defined",
      "author_name": "mukesh gaur",
      "helpful": "0",
      "polarity": "",
      "rate": 5,
      "response": "",
      "response_date": "",
      "review": "Excellent book \ud83d\ude0a",
      "review_date": [
        "August",
        "29",
        " 2017"
      ]
    },
    {
      "REQ_subtype": "",
      "REQ_type": "",
      "_id": 112,
      "author_id": "not defined",
      "author_name": "Saleem Momin",
      "helpful": "0",
      "polarity": "",
      "rate": 5,
      "response": "",
      "response_date": "",
      "review": "Amazing app.",
      "review_date": [
        "January",
        "18",
        " 2018"
      ]
    },
    {
      "REQ_subtype": "",
      "REQ_type": "",
      "_id": 113,
      "author_id": "not defined",
      "author_name": "deshbhakgti by 2 yrs kid presha",
      "helpful": "0",
      "polarity": "",
      "rate": 5,
      "response": "",
      "response_date": "",
      "review": "It's good",
      "review_date": [
        "January",
        "21",
        " 2018"
      ]
    },
    {
      "REQ_subtype": "",
      "REQ_type": "",
      "_id": 114,
      "author_id": "not defined",
      "author_name": "Shanu Bhardwaj",
      "helpful": "0",
      "polarity": "",
      "rate": 5,
      "response": "",
      "response_date": "",
      "review": "Not bad game\ud83d\ude05\ud83d\ude05\ud83d\ude05\ud83d\ude0f",
      "review_date": [
        "December",
        "23",
        " 2016"
      ]
    },
    {
      "REQ_subtype": "",
      "REQ_type": "",
      "_id": 115,
      "author_id": "not defined",
      "author_name": "Steven Chan",
      "helpful": "0",
      "polarity": "",
      "rate": 5,
      "response": "",
      "response_date": "",
      "review": "\u263a\u263a\u263a",
      "review_date": [
        "June",
        "13",
        " 2016"
      ]
    },
    {
      "REQ_subtype": "",
      "REQ_type": "",
      "_id": 116,
      "author_id": "not defined",
      "author_name": "Funtime Mangle",
      "helpful": "0",
      "polarity": "",
      "rate": 5,
      "response": "",
      "response_date": "",
      "review": "Awesome!",
      "review_date": [
        "March",
        "5",
        " 2017"
      ]
    },
    {
      "REQ_subtype": "",
      "REQ_type": "",
      "_id": 117,
      "author_id": "not defined",
      "author_name": "Riya Trilokchandani",
      "helpful": "0",
      "polarity": "",
      "rate": 5,
      "response": "",
      "response_date": "",
      "review": "Nice art",
      "review_date": [
        "April",
        "23",
        " 2017"
      ]
    },
    {
      "REQ_subtype": "",
      "REQ_type": "",
      "_id": 118,
      "author_id": "not defined",
      "author_name": "jodie A Green",
      "helpful": "0",
      "polarity": "",
      "rate": 5,
      "response": "",
      "response_date": "",
      "review": "I love it",
      "review_date": [
        "March",
        "4",
        " 2017"
      ]
    },
    {
      "REQ_subtype": "",
      "REQ_type": "",
      "_id": 119,
      "author_id": "not defined",
      "author_name": "Har Singh",
      "helpful": "0",
      "polarity": "",
      "rate": 5,
      "response": "",
      "response_date": "",
      "review": "Nice game",
      "review_date": [
        "November",
        "5",
        " 2016"
      ]
    }
  ],
  "size": "49",
  "url": "https://play.google.com/store/apps/details?id=com.tabtale.paintsparklesdraw",
  "version": "1.1.3"
}