{
  "categories": [
    "Education"
  ],
  "description": "Lyrebird Learn & Play LANGUAGES - Perfect learning app for kids, children, babies, toddlers, infants and adults alike. Learn vocabulary, spelling and alphabet, test your skills with quiz and memory puzzle and pick up new words with the flash cards. There are dozens of completely free, fun and colorful packs including basic words, animals, food, things, numbers, shapes and colors, people, verbs and adjectives. Each pack has 15-30 beautiful images in it, and comes in all available languages with quality spoken audio. Additional packs include human body, nature, vehicles, studies, clothes, hobbies, house, city, time, seasons, professions and more to come!The app includes different learning modes: -Hundreds of Flash cards for vocabulary-Fun quiz to test your skills-Memory game with the words you learned-Shuffled letters puzzle to practise the spelling of each word.Available in English, Espa\u00f1ol, Fran\u00e7ais, Portugu\u00eas, Portugu\u00eas do Brasil, Deutsch, Italiano, Suomi, Svenska, Norsk, Dansk, Nederlands, \u0420\u0443\u0441\u0441\u043a\u0438\u0439, T\u00fcrk\u00e7e, \u0395\u03bb\u03bb\u03b7\u03bd\u03b9\u03ba\u03ac, Magyar, Polski, \u010ce\u0161tina, \u65e5\u672c\u8a9e, \ud55c\uad6d\uc5b4, \u4e2d\u6587, \u5ee3\u5dde\u8a71, \u0939\u093f\u0902\u0926\u0940, \u0e44\u0e17\u0e22, \u0627\u0644\u0639\u0631\u0628\u064a\u0629, Bahasa Indonesia, Catal\u00e0,Ti\u1ebfng Vi\u1ec7t,Slovensk\u00fdAvailable in English, Spanish, French, Canadian French, Portuguese, Brazilian Portuguese, German, Italian, Finnish, Swedish, Norwegian, Danish, Dutch, Russian, Japanese with Hiragana/Katakana, Japanese with Kanji, Romanized Japanese (Romaji), Korean, Mandarin Chinese, Cantonese Chinese, Taiwanese Chinese, Pinyin Chinese (with roman alphabet) Hindi, Turkish, Greek, Hungarian, Polish, Czech, Arabic, Thai, Indonesian, Catalan, Vietnamese, PilipinoYou can:- Learn English- Learn Spanish- Learn French- Learn Portuguese- Learn German- Learn Italian- Learn Swedish- Learn Finnish- Learn Dutch- Learn Danish- Learn Turkish- Learn Polish- Learn Thai- Learn Chineseand more!",
  "inc": "Lyrebird Learning",
  "intalled_count": "500,000",
  "last_update": [
    "August",
    "25",
    " 2016"
  ],
  "name": "Lyrebird: Learn LANGUAGES",
  "offered_by": "Google Commerce Ltd",
  "permissions": {
    "Photos/Media/Files": [
      "read the contents of your USB storage",
      "modify or delete the contents of your USB storage"
    ],
    "Storage": [
      "read the contents of your USB storage",
      "modify or delete the contents of your USB storage"
    ],
    "Other": [
      "view network connections",
      "full network access",
      "change your audio settings",
      "control vibration"
    ]
  },
  "price": "",
  "rate": [
    [
      "7,007",
      "3.9"
    ],
    [
      "3,664",
      "5"
    ],
    [
      "1,229",
      "4"
    ],
    [
      "863",
      "3"
    ],
    [
      "436",
      "2"
    ],
    [
      "815",
      "1"
    ]
  ],
  "required_android": "4.2",
  "reviews": [
    {
      "REQ_subtype": "",
      "REQ_type": "",
      "_id": 0,
      "author_id": "not defined",
      "author_name": "A Google user",
      "helpful": "0",
      "polarity": "",
      "rate": 1,
      "response": "",
      "response_date": "",
      "review": "Don't even teach Cantonese if you weren't fluent in it at all, the teaching is all wrong. Most of the Cantonese words, translations, and pronunciations are mostly wrong!! No canton person says your literal translation \"little pig\" as a piglet. It's wrong. Don't charge $ if you're teaching people the wrong words.",
      "review_date": [
        "April",
        "18",
        " 2017"
      ]
    },
    {
      "REQ_subtype": "",
      "REQ_type": "",
      "_id": 1,
      "author_id": "not defined",
      "author_name": "Yua-Han Wei",
      "helpful": "14",
      "polarity": "",
      "rate": 2,
      "response": "",
      "response_date": "",
      "review": "Pick Taiwan as a country and they give me china pinyin not \u80cc\u53db\u9ebb\u7169\u3002 i don't read pinyin.",
      "review_date": [
        "September",
        "15",
        " 2016"
      ]
    },
    {
      "REQ_subtype": "",
      "REQ_type": "",
      "_id": 2,
      "author_id": "not defined",
      "author_name": "A Google user",
      "helpful": "0",
      "polarity": "",
      "rate": 4,
      "response": "",
      "response_date": "",
      "review": "Enjoy it a lot gives hours of fun learning",
      "review_date": [
        "October",
        "11",
        " 2016"
      ]
    },
    {
      "REQ_subtype": "",
      "REQ_type": "",
      "_id": 3,
      "author_id": "not defined",
      "author_name": "yehdego ghrmay",
      "helpful": "0",
      "polarity": "",
      "rate": 2,
      "response": "",
      "response_date": "",
      "review": "I am not Interested by this application. Plies work hard.",
      "review_date": [
        "May",
        "3",
        " 2016"
      ]
    },
    {
      "REQ_subtype": "",
      "REQ_type": "",
      "_id": 4,
      "author_id": "not defined",
      "author_name": "Invictus Campbell",
      "helpful": "0",
      "polarity": "",
      "rate": 3,
      "response": "",
      "response_date": "",
      "review": "The Kanji spelling game is great! I was about to uninstall until I tried that. Best app feature as far as I'm concerned. Lots of content. $4 to unlock is great but the free features will keep u busy for a while! Reduce the number of answer options like KanjiCorp which only presents 2 and Integrate kana, furigana and romaji into one module instead of 3 separate ones. Looking forward to further updates. Ty!",
      "review_date": [
        "April",
        "27",
        " 2016"
      ]
    },
    {
      "REQ_subtype": "",
      "REQ_type": "",
      "_id": 5,
      "author_id": "not defined",
      "author_name": "Robert Cline",
      "helpful": "0",
      "polarity": "",
      "rate": 5,
      "response": "",
      "response_date": "",
      "review": "I love how there are so many languages available to learn. Even the free section has so much to learn from. I only have one question, if i buy all the packs does it unlock them for all the languages?",
      "review_date": [
        "January",
        "23",
        " 2016"
      ]
    },
    {
      "REQ_subtype": "",
      "REQ_type": "",
      "_id": 6,
      "author_id": "not defined",
      "author_name": "Gina Lucmong",
      "helpful": "12",
      "polarity": "",
      "rate": 5,
      "response": "",
      "response_date": "",
      "review": "But can you update more languages pls.",
      "review_date": [
        "June",
        "19",
        " 2016"
      ]
    },
    {
      "REQ_subtype": "",
      "REQ_type": "",
      "_id": 7,
      "author_id": "not defined",
      "author_name": "Joseph Sheres",
      "helpful": "0",
      "polarity": "",
      "rate": 5,
      "response": "",
      "response_date": "",
      "review": "I haven't tried every language yet but it does give you quite an intro into each language so I'm pretty satisfied.",
      "review_date": [
        "May",
        "24",
        " 2016"
      ]
    },
    {
      "REQ_subtype": "",
      "REQ_type": "",
      "_id": 8,
      "author_id": "not defined",
      "author_name": "SHAZAD RAFIQ",
      "helpful": "0",
      "polarity": "",
      "rate": 5,
      "response": "",
      "response_date": "",
      "review": "I always talk to people in family different languages they dont understand a word im sying",
      "review_date": [
        "February",
        "14",
        " 2015"
      ]
    },
    {
      "REQ_subtype": "",
      "REQ_type": "",
      "_id": 9,
      "author_id": "not defined",
      "author_name": "Ken B",
      "helpful": "2",
      "polarity": "",
      "rate": 4,
      "response": "",
      "response_date": "",
      "review": "Love the concept , but some words are missing  pictures.",
      "review_date": [
        "August",
        "22",
        " 2015"
      ]
    },
    {
      "REQ_subtype": "",
      "REQ_type": "",
      "_id": 10,
      "author_id": "not defined",
      "author_name": "Lalitha Suppaiyah",
      "helpful": "4",
      "polarity": "",
      "rate": 5,
      "response": "",
      "response_date": "",
      "review": "I can learn many languages",
      "review_date": [
        "May",
        "19",
        " 2015"
      ]
    },
    {
      "REQ_subtype": "",
      "REQ_type": "",
      "_id": 11,
      "author_id": "not defined",
      "author_name": "muniraju malaiah",
      "helpful": "6",
      "polarity": "",
      "rate": 5,
      "response": "",
      "response_date": "",
      "review": "Very useful to for learning",
      "review_date": [
        "May",
        "20",
        " 2015"
      ]
    },
    {
      "REQ_subtype": "",
      "REQ_type": "",
      "_id": 12,
      "author_id": "not defined",
      "author_name": "Victoria Garner",
      "helpful": "3",
      "polarity": "",
      "rate": 5,
      "response": "",
      "response_date": "",
      "review": "I think it's great",
      "review_date": [
        "July",
        "25",
        " 2015"
      ]
    },
    {
      "REQ_subtype": "",
      "REQ_type": "",
      "_id": 13,
      "author_id": "not defined",
      "author_name": "Kate Kitchin",
      "helpful": "0",
      "polarity": "",
      "rate": 4,
      "response": "",
      "response_date": "",
      "review": "Good app, but it's not great that you have to buy to unlock...",
      "review_date": [
        "October",
        "14",
        " 2015"
      ]
    },
    {
      "REQ_subtype": "",
      "REQ_type": "",
      "_id": 14,
      "author_id": "not defined",
      "author_name": "Kelly Barkley",
      "helpful": "0",
      "polarity": "",
      "rate": 5,
      "response": "",
      "response_date": "",
      "review": "Fun and challenging, and repeating the games and quizzes really helps in learning.",
      "review_date": [
        "March",
        "9",
        " 2015"
      ]
    },
    {
      "REQ_subtype": "",
      "REQ_type": "",
      "_id": 15,
      "author_id": "not defined",
      "author_name": "\u0623\u0633\u0637\u0648\u0631\u0629 De",
      "helpful": "0",
      "polarity": "",
      "rate": 3,
      "response": "",
      "response_date": "",
      "review": "\u0623\u0631\u064a\u062f\u0647 \u0628\u0627\u0644\u0644\u063a\u0629 \u0627\u0644\u0639\u0631\u0628\u064a\u0629 \u0644\u0627\u062a\u0633\u062a\u0637\u064a\u0639  \u0627\u0644\u062a\u0639\u0644\u0645 \u0627\u0643\u062a\u0631 \u0645\u0646\u0647",
      "review_date": [
        "April",
        "5",
        " 2015"
      ]
    },
    {
      "REQ_subtype": "",
      "REQ_type": "",
      "_id": 16,
      "author_id": "not defined",
      "author_name": "Salma Abdulla",
      "helpful": "0",
      "polarity": "",
      "rate": 5,
      "response": "",
      "response_date": "",
      "review": "It teaches me so many words",
      "review_date": [
        "January",
        "6",
        " 2016"
      ]
    },
    {
      "REQ_subtype": "",
      "REQ_type": "",
      "_id": 17,
      "author_id": "not defined",
      "author_name": "Rebeka",
      "helpful": "2",
      "polarity": "",
      "rate": 5,
      "response": "",
      "response_date": "",
      "review": "Za razmislat res!! Razlismte",
      "review_date": [
        "November",
        "21",
        " 2015"
      ]
    },
    {
      "REQ_subtype": "",
      "REQ_type": "",
      "_id": 18,
      "author_id": "not defined",
      "author_name": "A Google user",
      "helpful": "0",
      "polarity": "",
      "rate": 4,
      "response": "",
      "response_date": "",
      "review": "Best app ever I love how there's so much to learn",
      "review_date": [
        "August",
        "23",
        " 2016"
      ]
    },
    {
      "REQ_subtype": "",
      "REQ_type": "",
      "_id": 19,
      "author_id": "not defined",
      "author_name": "Ahmed scear",
      "helpful": "0",
      "polarity": "",
      "rate": 1,
      "response": "",
      "response_date": "",
      "review": "Not working in google nexus 6p",
      "review_date": [
        "November",
        "22",
        " 2015"
      ]
    },
    {
      "REQ_subtype": "",
      "REQ_type": "",
      "_id": 20,
      "author_id": "not defined",
      "author_name": "Crystal Robertson",
      "helpful": "0",
      "polarity": "",
      "rate": 5,
      "response": "",
      "response_date": "",
      "review": "Such a fun and easy way to learn other languages.",
      "review_date": [
        "October",
        "1",
        " 2015"
      ]
    },
    {
      "REQ_subtype": "",
      "REQ_type": "",
      "_id": 21,
      "author_id": "not defined",
      "author_name": "Karish Karim",
      "helpful": "4",
      "polarity": "",
      "rate": 5,
      "response": "",
      "response_date": "",
      "review": "I love love it",
      "review_date": [
        "September",
        "16",
        " 2015"
      ]
    },
    {
      "REQ_subtype": "",
      "REQ_type": "",
      "_id": 22,
      "author_id": "not defined",
      "author_name": "Alina Obreja",
      "helpful": "0",
      "polarity": "",
      "rate": 3,
      "response": "",
      "response_date": "",
      "review": "It's good but then you have to buy to unlock",
      "review_date": [
        "July",
        "31",
        " 2015"
      ]
    },
    {
      "REQ_subtype": "",
      "REQ_type": "",
      "_id": 23,
      "author_id": "not defined",
      "author_name": "Noura Attia",
      "helpful": "2",
      "polarity": "",
      "rate": 2,
      "response": "",
      "response_date": "",
      "review": "For kids",
      "review_date": [
        "April",
        "11",
        " 2015"
      ]
    },
    {
      "REQ_subtype": "",
      "REQ_type": "",
      "_id": 24,
      "author_id": "not defined",
      "author_name": "Colton Spears",
      "helpful": "1",
      "polarity": "",
      "rate": 5,
      "response": "",
      "response_date": "",
      "review": "It is fun learning different languages",
      "review_date": [
        "November",
        "8",
        " 2015"
      ]
    },
    {
      "REQ_subtype": "",
      "REQ_type": "",
      "_id": 25,
      "author_id": "not defined",
      "author_name": "yelisa reyes",
      "helpful": "0",
      "polarity": "",
      "rate": 5,
      "response": "",
      "response_date": "",
      "review": "Very nice app to learn and fun",
      "review_date": [
        "July",
        "14",
        " 2015"
      ]
    },
    {
      "REQ_subtype": "",
      "REQ_type": "",
      "_id": 26,
      "author_id": "not defined",
      "author_name": "Pat Bratton",
      "helpful": "0",
      "polarity": "",
      "rate": 4,
      "response": "",
      "response_date": "",
      "review": "A good app for fun learning",
      "review_date": [
        "June",
        "22",
        " 2015"
      ]
    },
    {
      "REQ_subtype": "",
      "REQ_type": "",
      "_id": 27,
      "author_id": "not defined",
      "author_name": "Rhonda Campbell",
      "helpful": "0",
      "polarity": "",
      "rate": 5,
      "response": "",
      "response_date": "",
      "review": "Just enjoyed this thank you for the application.",
      "review_date": [
        "March",
        "10",
        " 2015"
      ]
    },
    {
      "REQ_subtype": "",
      "REQ_type": "",
      "_id": 28,
      "author_id": "not defined",
      "author_name": "Keyara Samuels",
      "helpful": "0",
      "polarity": "",
      "rate": 5,
      "response": "",
      "response_date": "",
      "review": "I think it is a good game!!",
      "review_date": [
        "August",
        "2",
        " 2015"
      ]
    },
    {
      "REQ_subtype": "",
      "REQ_type": "",
      "_id": 29,
      "author_id": "not defined",
      "author_name": "Amy Tranter",
      "helpful": "1",
      "polarity": "",
      "rate": 5,
      "response": "",
      "response_date": "",
      "review": "Love it so easy",
      "review_date": [
        "July",
        "26",
        " 2015"
      ]
    },
    {
      "REQ_subtype": "",
      "REQ_type": "",
      "_id": 30,
      "author_id": "not defined",
      "author_name": "emmanuel adeley",
      "helpful": "0",
      "polarity": "",
      "rate": 5,
      "response": "",
      "response_date": "",
      "review": "I love this app",
      "review_date": [
        "June",
        "8",
        " 2015"
      ]
    },
    {
      "REQ_subtype": "",
      "REQ_type": "",
      "_id": 31,
      "author_id": "not defined",
      "author_name": "Muhammad Azeem Jokhio",
      "helpful": "1",
      "polarity": "",
      "rate": 5,
      "response": "",
      "response_date": "",
      "review": "Great",
      "review_date": [
        "January",
        "17",
        " 2016"
      ]
    },
    {
      "REQ_subtype": "",
      "REQ_type": "",
      "_id": 32,
      "author_id": "not defined",
      "author_name": "Khathija Beevi Abdul Munaf",
      "helpful": "0",
      "polarity": "",
      "rate": 5,
      "response": "",
      "response_date": "",
      "review": "Best",
      "review_date": [
        "February",
        "15",
        " 2016"
      ]
    },
    {
      "REQ_subtype": "",
      "REQ_type": "",
      "_id": 33,
      "author_id": "not defined",
      "author_name": "\u015e\u0259hriyar \u018flizad\u0259",
      "helpful": "0",
      "polarity": "",
      "rate": 5,
      "response": "",
      "response_date": "",
      "review": "the best",
      "review_date": [
        "January",
        "8",
        " 2016"
      ]
    },
    {
      "REQ_subtype": "",
      "REQ_type": "",
      "_id": 34,
      "author_id": "not defined",
      "author_name": "Mancry League",
      "helpful": "0",
      "polarity": "",
      "rate": 5,
      "response": "",
      "response_date": "",
      "review": "Love it",
      "review_date": [
        "June",
        "11",
        " 2016"
      ]
    },
    {
      "REQ_subtype": "",
      "REQ_type": "",
      "_id": 35,
      "author_id": "not defined",
      "author_name": "Abrogar Krystal",
      "helpful": "0",
      "polarity": "",
      "rate": 5,
      "response": "",
      "response_date": "",
      "review": "Awesome",
      "review_date": [
        "April",
        "20",
        " 2016"
      ]
    },
    {
      "REQ_subtype": "",
      "REQ_type": "",
      "_id": 36,
      "author_id": "not defined",
      "author_name": "Mrs. G",
      "helpful": "0",
      "polarity": "",
      "rate": 5,
      "response": "",
      "response_date": "",
      "review": "On my way to becoming a polyglot. This app is better than Rosetta Stone. Thank you for adding Romanized Hindi.",
      "review_date": [
        "January",
        "30",
        " 2015"
      ]
    },
    {
      "REQ_subtype": "",
      "REQ_type": "",
      "_id": 37,
      "author_id": "not defined",
      "author_name": "A Google user",
      "helpful": "0",
      "polarity": "",
      "rate": 5,
      "response": "",
      "response_date": "",
      "review": "Sencilla pero hace bien su trabajo!",
      "review_date": [
        "January",
        "22",
        " 2015"
      ]
    },
    {
      "REQ_subtype": "",
      "REQ_type": "",
      "_id": 38,
      "author_id": "not defined",
      "author_name": "Adam Ziel",
      "helpful": "0",
      "polarity": "",
      "rate": 4,
      "response": "",
      "response_date": "",
      "review": "This app is exactly what i was looking for: pictures with the language making it optional to see the native language.  It does crash on my phone a few times or doesn't show all the pictures in the quiz.  With and update or two to fix these issues it will be perfect.",
      "review_date": [
        "November",
        "19",
        " 2014"
      ]
    },
    {
      "REQ_subtype": "",
      "REQ_type": "",
      "_id": 39,
      "author_id": "not defined",
      "author_name": "Kate Hoyt",
      "helpful": "1",
      "polarity": "",
      "rate": 3,
      "response": "",
      "response_date": "",
      "review": "It helps with reading, but not pronunciation. The words are spoken by that generic robot voice so you don't get a good feel for how it should be pronounced. I was a bit disappointed by it.",
      "review_date": [
        "December",
        "5",
        " 2014"
      ]
    },
    {
      "REQ_subtype": "",
      "REQ_type": "",
      "_id": 40,
      "author_id": "not defined",
      "author_name": "Siraj Khan",
      "helpful": "2",
      "polarity": "",
      "rate": 5,
      "response": "",
      "response_date": "",
      "review": "This is an amazing app.Through this app,you can easily learn all basic languages in a very funny way.This app is useful and good source for pastime.This app has many useful features.Try this app for once.",
      "review_date": [
        "November",
        "18",
        " 2014"
      ]
    },
    {
      "REQ_subtype": "",
      "REQ_type": "",
      "_id": 41,
      "author_id": "not defined",
      "author_name": "kiran raut",
      "helpful": "1",
      "polarity": "",
      "rate": 5,
      "response": "",
      "response_date": "",
      "review": "Using this app we can have fun as well as learn many languages. With this app we can learn vocabulary, spelling and alphabet, test your skills with quiz and memory puzzle and pick up new words with the flash cards. Thanks to the developer for developing such amazing app.",
      "review_date": [
        "November",
        "18",
        " 2014"
      ]
    },
    {
      "REQ_subtype": "",
      "REQ_type": "",
      "_id": 42,
      "author_id": "not defined",
      "author_name": "Gour Singh",
      "helpful": "1",
      "polarity": "",
      "rate": 5,
      "response": "",
      "response_date": "",
      "review": "this app is not known to me but  I think it's a perfect example of educational apps. It's very easy to download and very simple to use. so,you can download this app to learn new different language.",
      "review_date": [
        "November",
        "18",
        " 2014"
      ]
    },
    {
      "REQ_subtype": "",
      "REQ_type": "",
      "_id": 43,
      "author_id": "not defined",
      "author_name": "Mahbubur Rahman",
      "helpful": "0",
      "polarity": "",
      "rate": 5,
      "response": "",
      "response_date": "",
      "review": "Play and Learn LANGUAGE Apps is really great apps for learn new word and Language. I think that this apps is perfect who want to learn other language with very easy way. This apps use is very easy, just now download free and use.",
      "review_date": [
        "November",
        "24",
        " 2014"
      ]
    },
    {
      "REQ_subtype": "",
      "REQ_type": "",
      "_id": 44,
      "author_id": "not defined",
      "author_name": "Peter McGreevy",
      "helpful": "0",
      "polarity": "",
      "rate": 1,
      "response": "Hi there, we are definitely able to refund you if there are any issues with the full version. Could you please send a email from the support link of the settings page and I will be able to proceed with refund",
      "response_date": [
        "December",
        "17",
        " 2014"
      ],
      "review": "I downloaded it and it was working. But the moment I paid for the full version which cost me R55 (Rand) it stopped working. I demand my money back.",
      "review_date": [
        "December",
        "12",
        " 2014"
      ]
    },
    {
      "REQ_subtype": "",
      "REQ_type": "",
      "_id": 45,
      "author_id": "not defined",
      "author_name": "zuman 001",
      "helpful": "0",
      "polarity": "",
      "rate": 5,
      "response": "",
      "response_date": "",
      "review": "this app very important our life...beacause I know any word this app. its use very easy. and it is to easy tto download. its important our education life... so love it... and I like so much",
      "review_date": [
        "November",
        "18",
        " 2014"
      ]
    },
    {
      "REQ_subtype": "",
      "REQ_type": "",
      "_id": 46,
      "author_id": "not defined",
      "author_name": "yousuf ahammed",
      "helpful": "1",
      "polarity": "",
      "rate": 5,
      "response": "",
      "response_date": "",
      "review": "It is great apps best side of this apps is play and learn .we can learn language with pictures so download and learn this apps ......",
      "review_date": [
        "November",
        "18",
        " 2014"
      ]
    },
    {
      "REQ_subtype": "",
      "REQ_type": "",
      "_id": 47,
      "author_id": "not defined",
      "author_name": "gabriela steele",
      "helpful": "0",
      "polarity": "",
      "rate": 5,
      "response": "",
      "response_date": "",
      "review": "I really wish they had a DVD so I can play it all day for my kids and I. I will pay for this app is wonderful.",
      "review_date": [
        "January",
        "10",
        " 2015"
      ]
    },
    {
      "REQ_subtype": "",
      "REQ_type": "",
      "_id": 48,
      "author_id": "not defined",
      "author_name": "Shidhartya Sarkar",
      "helpful": "0",
      "polarity": "",
      "rate": 5,
      "response": "",
      "response_date": "",
      "review": "Oh my god! Who want to learn overseas language, this app is for u.really a very help full app.really loved it.",
      "review_date": [
        "November",
        "19",
        " 2014"
      ]
    },
    {
      "REQ_subtype": "",
      "REQ_type": "",
      "_id": 49,
      "author_id": "not defined",
      "author_name": "Pukar Shrestha",
      "helpful": "0",
      "polarity": "",
      "rate": 5,
      "response": "",
      "response_date": "",
      "review": "its an great app its fun using it now i can learn new languages and play with thiss app so i rate it 5 star",
      "review_date": [
        "November",
        "18",
        " 2014"
      ]
    },
    {
      "REQ_subtype": "",
      "REQ_type": "",
      "_id": 50,
      "author_id": "not defined",
      "author_name": "laxman ram",
      "helpful": "0",
      "polarity": "",
      "rate": 5,
      "response": "",
      "response_date": "",
      "review": "This application is useful for my carrier because improve my personality and communications you have upgrade more apps",
      "review_date": [
        "November",
        "19",
        " 2014"
      ]
    },
    {
      "REQ_subtype": "",
      "REQ_type": "",
      "_id": 51,
      "author_id": "not defined",
      "author_name": "Sheikh Foysal Alam",
      "helpful": "0",
      "polarity": "",
      "rate": 4,
      "response": "",
      "response_date": "",
      "review": "Its a very helpful app for me & my family members also. Thanks you for present this useful app.",
      "review_date": [
        "November",
        "18",
        " 2014"
      ]
    },
    {
      "REQ_subtype": "",
      "REQ_type": "",
      "_id": 52,
      "author_id": "not defined",
      "author_name": "Krzysztof Rodak",
      "helpful": "0",
      "polarity": "",
      "rate": 3,
      "response": "",
      "response_date": "",
      "review": "Just add some progress bar or something like that. Something to teach grammar and will be perfect.",
      "review_date": [
        "December",
        "9",
        " 2014"
      ]
    },
    {
      "REQ_subtype": "",
      "REQ_type": "",
      "_id": 53,
      "author_id": "not defined",
      "author_name": "salim reza",
      "helpful": "0",
      "polarity": "",
      "rate": 5,
      "response": "",
      "response_date": "",
      "review": "Play & Learn LANGUAGES Wow it's terribly nice app. The app is extremely vital folks. it's nice and it's terribly useful to my son in learning new words and to boost his language skills. i'm mistreatment this app as my best app currently. dedicated.thanks..",
      "review_date": [
        "October",
        "19",
        " 2014"
      ]
    },
    {
      "REQ_subtype": "",
      "REQ_type": "",
      "_id": 54,
      "author_id": "not defined",
      "author_name": "Dolon Entertainment",
      "helpful": "1",
      "polarity": "",
      "rate": 5,
      "response": "",
      "response_date": "",
      "review": "This apps is a creative puzzle apps.It's feature is effective.There are lot of puzzle games, word quiz and different games.it is very helpful to my son in learning new words and to improve his language skills. I love this type of app.",
      "review_date": [
        "October",
        "27",
        " 2014"
      ]
    },
    {
      "REQ_subtype": "",
      "REQ_type": "",
      "_id": 55,
      "author_id": "not defined",
      "author_name": "Md Lingkon",
      "helpful": "0",
      "polarity": "",
      "rate": 5,
      "response": "",
      "response_date": "",
      "review": "Absolutely this is the valuable apps which provided us great chance to learn various languages. I think it's a perfect example of educational apps. It's very easy to download and very simple to use. You can install free now and enjoy flash card app with fantastic learning games.",
      "review_date": [
        "October",
        "24",
        " 2014"
      ]
    },
    {
      "REQ_subtype": "",
      "REQ_type": "",
      "_id": 56,
      "author_id": "not defined",
      "author_name": "Md. Ahsanul islam Khan",
      "helpful": "0",
      "polarity": "",
      "rate": 5,
      "response": "",
      "response_date": "",
      "review": "play and learn language is one of uncommon android apps i have never seen before. i like  apps very much. this is the best way to learn lot of language. this is very easy and very useful. wow this great to see and so easy to learn different language.",
      "review_date": [
        "October",
        "24",
        " 2014"
      ]
    },
    {
      "REQ_subtype": "",
      "REQ_type": "",
      "_id": 57,
      "author_id": "not defined",
      "author_name": "Young Abis",
      "helpful": "0",
      "polarity": "",
      "rate": 5,
      "response": "",
      "response_date": "",
      "review": "My family is German but we don't speak any German so I will be one of the third in my family to speak fluent German in the new generation.",
      "review_date": [
        "October",
        "14",
        " 2014"
      ]
    },
    {
      "REQ_subtype": "",
      "REQ_type": "",
      "_id": 58,
      "author_id": "not defined",
      "author_name": "Tuy\u1ebft S\u01b0\u01a1ng \u0110inh Th\u1ecb",
      "helpful": "0",
      "polarity": "",
      "rate": 5,
      "response": "",
      "response_date": "",
      "review": "Wow! I find this app is very interesting and useful for children. The kids will easily learn vocabulary without any hindrance. Vivid images, fun colors help kids more interested in learning.",
      "review_date": [
        "October",
        "13",
        " 2014"
      ]
    },
    {
      "REQ_subtype": "",
      "REQ_type": "",
      "_id": 59,
      "author_id": "not defined",
      "author_name": "Gonesh Roy",
      "helpful": "0",
      "polarity": "",
      "rate": 4,
      "response": "",
      "response_date": "",
      "review": "A great thanks to learn a replacement language. Simple, easy, and extremely effective and helpful. Since learning takes place through enjoying, it's a certain thanks to learn words of any language.",
      "review_date": [
        "October",
        "19",
        " 2014"
      ]
    },
    {
      "REQ_subtype": "",
      "REQ_type": "",
      "_id": 60,
      "author_id": "not defined",
      "author_name": "Abuhuraira Zaman",
      "helpful": "0",
      "polarity": "",
      "rate": 5,
      "response": "",
      "response_date": "",
      "review": "Play and learn Language is really an awesome app, my son always plays with it. Now he knows a lot of words and also some language. Thanks to the developer for that nice app.",
      "review_date": [
        "October",
        "24",
        " 2014"
      ]
    },
    {
      "REQ_subtype": "",
      "REQ_type": "",
      "_id": 61,
      "author_id": "not defined",
      "author_name": "yudi yusof",
      "helpful": "0",
      "polarity": "",
      "rate": 5,
      "response": "",
      "response_date": "",
      "review": "This application is very good and interesting.Now we can play and learn languages easily  with this application. I hope this application makers will update this application for the next and will provide a nice application to all users.Thank you.",
      "review_date": [
        "October",
        "27",
        " 2014"
      ]
    },
    {
      "REQ_subtype": "",
      "REQ_type": "",
      "_id": 62,
      "author_id": "not defined",
      "author_name": "Bill Rice",
      "helpful": "0",
      "polarity": "",
      "rate": 5,
      "response": "",
      "response_date": "",
      "review": "A great way to learn a new language. Simple, easy, and very effective and useful. Since learning takes place through playing, it is a sure way to learn words of any language.",
      "review_date": [
        "October",
        "18",
        " 2014"
      ]
    },
    {
      "REQ_subtype": "",
      "REQ_type": "",
      "_id": 63,
      "author_id": "not defined",
      "author_name": "Maggie Gallup",
      "helpful": "0",
      "polarity": "",
      "rate": 1,
      "response": "Hi there, thanks for your feedback. We will be adding sentences a bit later this year. There are 12 free packs at the moment with 20-30 words each.",
      "response_date": [
        "October",
        "13",
        " 2014"
      ],
      "review": "Doesn't really teach you sent aces just words. Then you have to purchase packages",
      "review_date": [
        "October",
        "12",
        " 2014"
      ]
    },
    {
      "REQ_subtype": "",
      "REQ_type": "",
      "_id": 64,
      "author_id": "not defined",
      "author_name": "Md Kamal",
      "helpful": "0",
      "polarity": "",
      "rate": 5,
      "response": "",
      "response_date": "",
      "review": "Wow it's very nice app. It's very simple, easy, and extremely effective and helpful. You can install free now and enjoy flash card app with fantastic learning games.  I am using this app as my best app now. really good.thanks.",
      "review_date": [
        "October",
        "24",
        " 2014"
      ]
    },
    {
      "REQ_subtype": "",
      "REQ_type": "",
      "_id": 65,
      "author_id": "not defined",
      "author_name": "Rasel Ahmed",
      "helpful": "0",
      "polarity": "",
      "rate": 5,
      "response": "",
      "response_date": "",
      "review": "This apps is a creative puzzle apps.It's feature is effective.There are lot of puzzle games, word quiz and different games.I like this games.Thanks",
      "review_date": [
        "October",
        "24",
        " 2014"
      ]
    },
    {
      "REQ_subtype": "",
      "REQ_type": "",
      "_id": 66,
      "author_id": "not defined",
      "author_name": "ali raz",
      "helpful": "0",
      "polarity": "",
      "rate": 5,
      "response": "",
      "response_date": "",
      "review": "just love it. Wow it is very nice app. I learn about animals, nature's,vegetables etc. I say you it is nice app. thanks a lot",
      "review_date": [
        "October",
        "13",
        " 2014"
      ]
    },
    {
      "REQ_subtype": "",
      "REQ_type": "",
      "_id": 67,
      "author_id": "not defined",
      "author_name": "umesh b",
      "helpful": "0",
      "polarity": "",
      "rate": 5,
      "response": "",
      "response_date": "",
      "review": "yes this app allows us to learn wide number of languages that too with the example images this is very easy to learn. i like this app",
      "review_date": [
        "October",
        "13",
        " 2014"
      ]
    },
    {
      "REQ_subtype": "",
      "REQ_type": "",
      "_id": 68,
      "author_id": "not defined",
      "author_name": "Bangla Amar",
      "helpful": "0",
      "polarity": "",
      "rate": 5,
      "response": "",
      "response_date": "",
      "review": "I just loved it The app is very very important of us, its a good app. Thanks for share it.",
      "review_date": [
        "October",
        "19",
        " 2014"
      ]
    },
    {
      "REQ_subtype": "",
      "REQ_type": "",
      "_id": 69,
      "author_id": "not defined",
      "author_name": "Mehdi Hassan",
      "helpful": "0",
      "polarity": "",
      "rate": 5,
      "response": "",
      "response_date": "",
      "review": "WOw... its really easy to play with many language..i love it..its really helfull for learn language",
      "review_date": [
        "October",
        "27",
        " 2014"
      ]
    },
    {
      "REQ_subtype": "",
      "REQ_type": "",
      "_id": 70,
      "author_id": "not defined",
      "author_name": "sakib islam",
      "helpful": "0",
      "polarity": "",
      "rate": 5,
      "response": "",
      "response_date": "",
      "review": "The app is very very important of us, its a good app. Thanks for share it.",
      "review_date": [
        "October",
        "13",
        " 2014"
      ]
    },
    {
      "REQ_subtype": "",
      "REQ_type": "",
      "_id": 71,
      "author_id": "not defined",
      "author_name": "Maynul Islam Dony",
      "helpful": "0",
      "polarity": "",
      "rate": 5,
      "response": "",
      "response_date": "",
      "review": "Easily improve your language skills as a game.",
      "review_date": [
        "October",
        "24",
        " 2014"
      ]
    },
    {
      "REQ_subtype": "",
      "REQ_type": "",
      "_id": 72,
      "author_id": "not defined",
      "author_name": "raihan ahmed",
      "helpful": "0",
      "polarity": "",
      "rate": 4,
      "response": "",
      "response_date": "",
      "review": "It's very nice app.this app is very interesting and useful for children.",
      "review_date": [
        "October",
        "24",
        " 2014"
      ]
    },
    {
      "REQ_subtype": "",
      "REQ_type": "",
      "_id": 73,
      "author_id": "not defined",
      "author_name": "Nurse Pagon",
      "helpful": "0",
      "polarity": "",
      "rate": 1,
      "response": "",
      "response_date": "",
      "review": "Bug program",
      "review_date": [
        "October",
        "3",
        " 2014"
      ]
    },
    {
      "REQ_subtype": "",
      "REQ_type": "",
      "_id": 74,
      "author_id": "not defined",
      "author_name": "SN L",
      "helpful": "1",
      "polarity": "",
      "rate": 3,
      "response": "",
      "response_date": "",
      "review": "I find myself memorizing the pictures more than the words. They need to keep in mind I wont be using the pictures in real life situations. Change that and I can rate it higher.",
      "review_date": [
        "September",
        "17",
        " 2014"
      ]
    },
    {
      "REQ_subtype": "",
      "REQ_type": "",
      "_id": 75,
      "author_id": "not defined",
      "author_name": "Tudi Smith",
      "helpful": "0",
      "polarity": "",
      "rate": 5,
      "response": "",
      "response_date": "",
      "review": "this game is very interactive especially for my young one! love it love it love it!!! in addition, it helps to sharpen my french skills which are now rusty.  continue to keep up the good work!",
      "review_date": [
        "September",
        "29",
        " 2014"
      ]
    },
    {
      "REQ_subtype": "",
      "REQ_type": "",
      "_id": 76,
      "author_id": "not defined",
      "author_name": "susan hyoju",
      "helpful": "0",
      "polarity": "",
      "rate": 5,
      "response": "",
      "response_date": "",
      "review": "I downloaded this app a while ago and now i am totally addicted to it. Great App !!",
      "review_date": [
        "September",
        "23",
        " 2014"
      ]
    },
    {
      "REQ_subtype": "",
      "REQ_type": "",
      "_id": 77,
      "author_id": "not defined",
      "author_name": "Taylor A.",
      "helpful": "0",
      "polarity": "",
      "rate": 2,
      "response": "",
      "response_date": "",
      "review": "When I open the app on my phone all it does is lead me to a white screen.",
      "review_date": [
        "September",
        "7",
        " 2014"
      ]
    },
    {
      "REQ_subtype": "",
      "REQ_type": "",
      "_id": 78,
      "author_id": "not defined",
      "author_name": "shreedhar dahal",
      "helpful": "0",
      "polarity": "",
      "rate": 5,
      "response": "",
      "response_date": "",
      "review": "Wow i loved this app..This app helped my brother to recognize the words very easily and now he is perfect on the english words only because of this app..Loved this app..",
      "review_date": [
        "October",
        "1",
        " 2014"
      ]
    },
    {
      "REQ_subtype": "",
      "REQ_type": "",
      "_id": 79,
      "author_id": "not defined",
      "author_name": "Pranit Khedekar",
      "helpful": "0",
      "polarity": "",
      "rate": 4,
      "response": "",
      "response_date": "",
      "review": "this app is so amazing...my sister love this app....she always uses this app on my mobile....:) thnaks to dev :D",
      "review_date": [
        "September",
        "23",
        " 2014"
      ]
    },
    {
      "REQ_subtype": "",
      "REQ_type": "",
      "_id": 80,
      "author_id": "not defined",
      "author_name": "Kanchan Shilpakar",
      "helpful": "0",
      "polarity": "",
      "rate": 5,
      "response": "",
      "response_date": "",
      "review": "I just loved it. It really helped me to learn new words and languages.",
      "review_date": [
        "September",
        "23",
        " 2014"
      ]
    },
    {
      "REQ_subtype": "",
      "REQ_type": "",
      "_id": 81,
      "author_id": "not defined",
      "author_name": "Exam Tunes",
      "helpful": "0",
      "polarity": "",
      "rate": 5,
      "response": "",
      "response_date": "",
      "review": "Wow!it is really wonderfull app which i need.i am using this app as my best app now.really good.thanks..",
      "review_date": [
        "September",
        "25",
        " 2014"
      ]
    },
    {
      "REQ_subtype": "",
      "REQ_type": "",
      "_id": 82,
      "author_id": "not defined",
      "author_name": "Jaquell Hines",
      "helpful": "0",
      "polarity": "",
      "rate": 1,
      "response": "",
      "response_date": "",
      "review": "Loads really slow",
      "review_date": [
        "September",
        "11",
        " 2014"
      ]
    },
    {
      "REQ_subtype": "",
      "REQ_type": "",
      "_id": 83,
      "author_id": "not defined",
      "author_name": "shammi akhter",
      "helpful": "0",
      "polarity": "",
      "rate": 5,
      "response": "",
      "response_date": "",
      "review": "I want to know how to learn from game.",
      "review_date": [
        "September",
        "23",
        " 2014"
      ]
    },
    {
      "REQ_subtype": "",
      "REQ_type": "",
      "_id": 84,
      "author_id": "not defined",
      "author_name": "sushanmj maharjan",
      "helpful": "0",
      "polarity": "",
      "rate": 5,
      "response": "",
      "response_date": "",
      "review": "its a nice and entertaining game",
      "review_date": [
        "September",
        "23",
        " 2014"
      ]
    },
    {
      "REQ_subtype": "",
      "REQ_type": "",
      "_id": 85,
      "author_id": "not defined",
      "author_name": "Mepia fillor",
      "helpful": "0",
      "polarity": "",
      "rate": 5,
      "response": "",
      "response_date": "",
      "review": "Amazing!",
      "review_date": [
        "September",
        "6",
        " 2014"
      ]
    },
    {
      "REQ_subtype": "",
      "REQ_type": "",
      "_id": 86,
      "author_id": "not defined",
      "author_name": "Christine Ross",
      "helpful": "0",
      "polarity": "",
      "rate": 5,
      "response": "",
      "response_date": "",
      "review": "Nice App This app is incredibly useful in learning by taking part in games. victimization this app you'll be able to learn new words and languages, and commemorate once doing it! This app is used for all ages. By victimization this you'll be able to learn vocabulary, writing system and alphabet, check your skills with quiz and memory puzzle and obtain new words with the flash cards. because of the developer for introducing the app.",
      "review_date": [
        "August",
        "27",
        " 2014"
      ]
    },
    {
      "REQ_subtype": "",
      "REQ_type": "",
      "_id": 87,
      "author_id": "not defined",
      "author_name": "Mitu Biswas",
      "helpful": "0",
      "polarity": "",
      "rate": 5,
      "response": "",
      "response_date": "",
      "review": "This app is used for all ages. By victimization this you'll be able to learn vocabulary, writing system and alphabet, check your skills with quiz and memory puzzle and obtain new words with the flash cards. I love to pay my spare time with it and advocate to all or any friends. Thumbs up to the developers.",
      "review_date": [
        "August",
        "27",
        " 2014"
      ]
    },
    {
      "REQ_subtype": "",
      "REQ_type": "",
      "_id": 88,
      "author_id": "not defined",
      "author_name": "milkis Akter",
      "helpful": "0",
      "polarity": "",
      "rate": 5,
      "response": "",
      "response_date": "",
      "review": "Very nice app This app has four learning modes, hundred of flash cards for learning vocal, it's quiz with troublesome levels. it's good learning app for youths, children's and adults.I love to pay my spare time with it and advocate to all or any friends. Thumbs up to the developers.",
      "review_date": [
        "August",
        "27",
        " 2014"
      ]
    },
    {
      "REQ_subtype": "",
      "REQ_type": "",
      "_id": 89,
      "author_id": "not defined",
      "author_name": "Proshonjit mojumdar",
      "helpful": "0",
      "polarity": "",
      "rate": 5,
      "response": "",
      "response_date": "",
      "review": "This app is used for all ages. By victimization this you'll be able to learn vocabulary, writing system and alphabet, check your skills with quiz and memory puzzle and obtain new words with the flash cards. because of the developer for introducing the app.",
      "review_date": [
        "September",
        "1",
        " 2014"
      ]
    },
    {
      "REQ_subtype": "",
      "REQ_type": "",
      "_id": 90,
      "author_id": "not defined",
      "author_name": "A Google user",
      "helpful": "0",
      "polarity": "",
      "rate": 5,
      "response": "",
      "response_date": "",
      "review": "Great app for learning terribly useful and would extremely advocate to all or any users to transfer this app. i'd wish to counsel to travel on the far side and introduce some a lot of options during this app overall nice work.",
      "review_date": [
        "August",
        "27",
        " 2014"
      ]
    },
    {
      "REQ_subtype": "",
      "REQ_type": "",
      "_id": 91,
      "author_id": "not defined",
      "author_name": "Dilara Afroj",
      "helpful": "0",
      "polarity": "",
      "rate": 5,
      "response": "",
      "response_date": "",
      "review": "This app has four learning modes, hundred of flash cards for learning vocal, it has quiz with difficult levels. It is perfect learning app for kids, children's and adults.I love to spend my spare time with it and recommend to all friends. Thumbs up to the developers.",
      "review_date": [
        "August",
        "27",
        " 2014"
      ]
    },
    {
      "REQ_subtype": "",
      "REQ_type": "",
      "_id": 92,
      "author_id": "not defined",
      "author_name": "Anup Biswas",
      "helpful": "0",
      "polarity": "",
      "rate": 5,
      "response": "",
      "response_date": "",
      "review": "Nice App This app is incredibly useful in learning by taking part in games. victimization this app you'll be able to learn new words and languages, and commemorate once doing it! This app is used for all ages.",
      "review_date": [
        "August",
        "27",
        " 2014"
      ]
    },
    {
      "REQ_subtype": "",
      "REQ_type": "",
      "_id": 93,
      "author_id": "not defined",
      "author_name": "Shakar Ande",
      "helpful": "0",
      "polarity": "",
      "rate": 5,
      "response": "",
      "response_date": "",
      "review": "Play & Learn LANGUAGES is a very app. I'm using it and have seen changes in myself. With it's help I'm able to memorize difficult words and languages. It's really great to have installed this app. I'm loving it.",
      "review_date": [
        "August",
        "27",
        " 2014"
      ]
    },
    {
      "REQ_subtype": "",
      "REQ_type": "",
      "_id": 94,
      "author_id": "not defined",
      "author_name": "MD.Abswar Uddin Fahad",
      "helpful": "1",
      "polarity": "",
      "rate": 5,
      "response": "",
      "response_date": "",
      "review": "There are few apps like this , Because it has offered a great facilities which has no match with the other apps . I personally like it because it has enhanced my gaming ability , with helping to learn the different language.",
      "review_date": [
        "August",
        "27",
        " 2014"
      ]
    },
    {
      "REQ_subtype": "",
      "REQ_type": "",
      "_id": 95,
      "author_id": "not defined",
      "author_name": "Apu Sarkar",
      "helpful": "0",
      "polarity": "",
      "rate": 5,
      "response": "",
      "response_date": "",
      "review": "Play & Learn is an absolute remarkable app. The concept of learning while playing is awesome. Its so helpful in improving our vocabulary as its helps in laerning new words and as well as new languages. I would like to suggest to go beyond and introduce some more features in this app overall nice work.",
      "review_date": [
        "August",
        "27",
        " 2014"
      ]
    },
    {
      "REQ_subtype": "",
      "REQ_type": "",
      "_id": 96,
      "author_id": "not defined",
      "author_name": "Adalwin Dirk",
      "helpful": "0",
      "polarity": "",
      "rate": 5,
      "response": "",
      "response_date": "",
      "review": "This app is very helpful in learning by playing games. Using this app you can learn  new words and languages, and have fun when doing it! This app can be used for all ages. By using this you can learn vocabulary, spelling and alphabet, test your skills with quiz and memory puzzle and pick up new words with the flash cards. Thanks to the developer for introducing the app.",
      "review_date": [
        "August",
        "27",
        " 2014"
      ]
    },
    {
      "REQ_subtype": "",
      "REQ_type": "",
      "_id": 97,
      "author_id": "not defined",
      "author_name": "Md. Rakib Shikder",
      "helpful": "0",
      "polarity": "",
      "rate": 5,
      "response": "",
      "response_date": "",
      "review": "This app is very helpful in learning by playing games. The concept of learning while playing is awesome. By using this you can learn vocabulary, spelling and alphabet, test your skills with quiz and memory puzzle and pick up new words with the flash cards. Thanks to the developer for introducing the app.",
      "review_date": [
        "August",
        "27",
        " 2014"
      ]
    },
    {
      "REQ_subtype": "",
      "REQ_type": "",
      "_id": 98,
      "author_id": "not defined",
      "author_name": "Avinas Biswas",
      "helpful": "0",
      "polarity": "",
      "rate": 5,
      "response": "",
      "response_date": "",
      "review": "The concept of learning while playing is awesome. Its so helpful in improving our vocabulary as its helps in laerning new words and as well as new languages. A perfect app. I love to spend my spare time with it and recommend to all friends. Thumbs up to the developers.",
      "review_date": [
        "August",
        "27",
        " 2014"
      ]
    },
    {
      "REQ_subtype": "",
      "REQ_type": "",
      "_id": 99,
      "author_id": "not defined",
      "author_name": "shamoly rani",
      "helpful": "0",
      "polarity": "",
      "rate": 5,
      "response": "",
      "response_date": "",
      "review": "In the whole world there are different kinds of Language but we can not learn all, we can learn some Language from those. We will get a good support from you app because your app is very useful for us to learn Language through playing.",
      "review_date": [
        "September",
        "1",
        " 2014"
      ]
    },
    {
      "REQ_subtype": "",
      "REQ_type": "",
      "_id": 100,
      "author_id": "not defined",
      "author_name": "Rasel Kobir",
      "helpful": "0",
      "polarity": "",
      "rate": 5,
      "response": "",
      "response_date": "",
      "review": "This app can be used for all ages. By using this you can learn vocabulary, spelling and alphabet, test your skills with quiz and memory puzzle and pick up new words with the flash cards. Thanks to the developer for introducing the app.",
      "review_date": [
        "August",
        "27",
        " 2014"
      ]
    },
    {
      "REQ_subtype": "",
      "REQ_type": "",
      "_id": 101,
      "author_id": "not defined",
      "author_name": "sobuj abdullah",
      "helpful": "0",
      "polarity": "",
      "rate": 5,
      "response": "",
      "response_date": "",
      "review": "\"Play & Learn LANGUAGES\" is an awesome app. It is very helpful and also effective for memorising anything. By playing this game one will be able to know more knowledge. I have downloaded it and using this. I am very happy to get this app. I think everybody should use this app to get more knowledge.I like it.",
      "review_date": [
        "September",
        "1",
        " 2014"
      ]
    },
    {
      "REQ_subtype": "",
      "REQ_type": "",
      "_id": 102,
      "author_id": "not defined",
      "author_name": "gazi tohid",
      "helpful": "0",
      "polarity": "",
      "rate": 5,
      "response": "",
      "response_date": "",
      "review": "This app can be used for all ages. By using this you can learn vocabulary, spelling and alphabet, test your skills with quiz and memory puzzle and pick up new words with the flash cards. Thanks to the developer for introducing the app",
      "review_date": [
        "August",
        "27",
        " 2014"
      ]
    },
    {
      "REQ_subtype": "",
      "REQ_type": "",
      "_id": 103,
      "author_id": "not defined",
      "author_name": "NAFISUL ISLAM",
      "helpful": "0",
      "polarity": "",
      "rate": 5,
      "response": "",
      "response_date": "",
      "review": "This app seems o be very important for new language learner and child as well. It would be very useful to all kind of language learner, besides, it user experience socreo is too high. Thanks",
      "review_date": [
        "August",
        "27",
        " 2014"
      ]
    },
    {
      "REQ_subtype": "",
      "REQ_type": "",
      "_id": 104,
      "author_id": "not defined",
      "author_name": "Eanur Khan",
      "helpful": "0",
      "polarity": "",
      "rate": 5,
      "response": "",
      "response_date": "",
      "review": "This app is very helpful in learning by playing games. Using this app you can learn new words and languages, and have fun when doing it! Thanks to the developer for introducing the app",
      "review_date": [
        "August",
        "27",
        " 2014"
      ]
    },
    {
      "REQ_subtype": "",
      "REQ_type": "",
      "_id": 105,
      "author_id": "not defined",
      "author_name": "rifat khan",
      "helpful": "0",
      "polarity": "",
      "rate": 5,
      "response": "",
      "response_date": "",
      "review": "learning is super fun using this app. you will never get bored when you are learning from this app. really great app.",
      "review_date": [
        "August",
        "27",
        " 2014"
      ]
    },
    {
      "REQ_subtype": "",
      "REQ_type": "",
      "_id": 106,
      "author_id": "not defined",
      "author_name": "Nityananda biswas",
      "helpful": "0",
      "polarity": "",
      "rate": 5,
      "response": "",
      "response_date": "",
      "review": "Now we can learn Language from the Android app and it is interesting to us. I think that more easily we can learn Language from your app. For communicate with the other people we need to learn the Language carefully and you app will help us for this purpose.",
      "review_date": [
        "September",
        "1",
        " 2014"
      ]
    },
    {
      "REQ_subtype": "",
      "REQ_type": "",
      "_id": 107,
      "author_id": "not defined",
      "author_name": "Basudab Saha",
      "helpful": "0",
      "polarity": "",
      "rate": 5,
      "response": "",
      "response_date": "",
      "review": "very helpful and would highly recommend to all users to download this app. I would like to suggest to go beyond and introduce some more features in this app overall nice work.",
      "review_date": [
        "August",
        "27",
        " 2014"
      ]
    },
    {
      "REQ_subtype": "",
      "REQ_type": "",
      "_id": 108,
      "author_id": "not defined",
      "author_name": "Anisur Rahman",
      "helpful": "0",
      "polarity": "",
      "rate": 5,
      "response": "",
      "response_date": "",
      "review": "Nice app this app is incredibly useful in learning by taking part in games. It's so helpful in improving our vocabulary as it's helps in learning new words and as well as new language.",
      "review_date": [
        "August",
        "27",
        " 2014"
      ]
    },
    {
      "REQ_subtype": "",
      "REQ_type": "",
      "_id": 109,
      "author_id": "not defined",
      "author_name": "Karin Evelyn",
      "helpful": "0",
      "polarity": "",
      "rate": 1,
      "response": "Hi there, we had some issues with the loading before, it should be better now. We are constantly working on trying to make it better,",
      "response_date": [
        "September",
        "11",
        " 2014"
      ],
      "review": "I've been waiting for it to load for about 10 mins.  Tried unstalling and reinstalling but still can't get past the first loading screen on my 4.",
      "review_date": [
        "September",
        "3",
        " 2014"
      ]
    },
    {
      "REQ_subtype": "",
      "REQ_type": "",
      "_id": 110,
      "author_id": "not defined",
      "author_name": "shabbir hussain",
      "helpful": "0",
      "polarity": "",
      "rate": 5,
      "response": "",
      "response_date": "",
      "review": "very good app easy to use and my son loves it and very good.  It is great and it is very helpful to my son in learning new words and to improve his language skills.",
      "review_date": [
        "August",
        "27",
        " 2014"
      ]
    },
    {
      "REQ_subtype": "",
      "REQ_type": "",
      "_id": 111,
      "author_id": "not defined",
      "author_name": "stavrev vladimir",
      "helpful": "0",
      "polarity": "",
      "rate": 5,
      "response": "",
      "response_date": "",
      "review": "Wow what a nice app it is! This aplication is very useful to me. This is the best aplication for me. I just love tu use this app :)",
      "review_date": [
        "September",
        "1",
        " 2014"
      ]
    },
    {
      "REQ_subtype": "",
      "REQ_type": "",
      "_id": 112,
      "author_id": "not defined",
      "author_name": "Nasir Uddin",
      "helpful": "0",
      "polarity": "",
      "rate": 5,
      "response": "",
      "response_date": "",
      "review": "this app helpful for human.i like this apps .my son like this apps and enjoyed.he hopefully play the apps and learn language.",
      "review_date": [
        "September",
        "1",
        " 2014"
      ]
    },
    {
      "REQ_subtype": "",
      "REQ_type": "",
      "_id": 113,
      "author_id": "not defined",
      "author_name": "Bikram Chand",
      "helpful": "0",
      "polarity": "",
      "rate": 5,
      "response": "",
      "response_date": "",
      "review": "It's a nice App. Really easy and fun to use. Helps to memorize with everything. Thanks for the App.",
      "review_date": [
        "August",
        "27",
        " 2014"
      ]
    },
    {
      "REQ_subtype": "",
      "REQ_type": "",
      "_id": 114,
      "author_id": "not defined",
      "author_name": "Aleksa Sona",
      "helpful": "0",
      "polarity": "",
      "rate": 5,
      "response": "",
      "response_date": "",
      "review": "English educational game for kids. The process of English learning for kids is easy with this app",
      "review_date": [
        "September",
        "1",
        " 2014"
      ]
    },
    {
      "REQ_subtype": "",
      "REQ_type": "",
      "_id": 115,
      "author_id": "not defined",
      "author_name": "mihai cocos",
      "helpful": "0",
      "polarity": "",
      "rate": 5,
      "response": "",
      "response_date": "",
      "review": "Very,very funny and educative app...my little boy is really enjoying this...",
      "review_date": [
        "August",
        "27",
        " 2014"
      ]
    },
    {
      "REQ_subtype": "",
      "REQ_type": "",
      "_id": 116,
      "author_id": "not defined",
      "author_name": "A Google user",
      "helpful": "0",
      "polarity": "",
      "rate": 5,
      "response": "",
      "response_date": "",
      "review": "wow this is a very good app I realy like it Thanks.",
      "review_date": [
        "September",
        "1",
        " 2014"
      ]
    },
    {
      "REQ_subtype": "",
      "REQ_type": "",
      "_id": 117,
      "author_id": "not defined",
      "author_name": "Domantas",
      "helpful": "0",
      "polarity": "",
      "rate": 1,
      "response": "",
      "response_date": "",
      "review": "Doesn't work",
      "review_date": [
        "September",
        "2",
        " 2014"
      ]
    },
    {
      "REQ_subtype": "",
      "REQ_type": "",
      "_id": 118,
      "author_id": "not defined",
      "author_name": "Mahbub Islam",
      "helpful": "0",
      "polarity": "",
      "rate": 5,
      "response": "",
      "response_date": "",
      "review": "it helps me to learn language facts ! love this app!",
      "review_date": [
        "August",
        "27",
        " 2014"
      ]
    },
    {
      "REQ_subtype": "",
      "REQ_type": "",
      "_id": 119,
      "author_id": "not defined",
      "author_name": "pastol gurung",
      "helpful": "0",
      "polarity": "",
      "rate": 5,
      "response": "",
      "response_date": "",
      "review": "This apps is really good and it is easy to use .",
      "review_date": [
        "September",
        "1",
        " 2014"
      ]
    }
  ],
  "size": "15",
  "url": "https://play.google.com/store/apps/details?id=mobi.playlearn.languages",
  "version": "14.0"
}