{
  "categories": [
    "Education",
    "Education"
  ],
  "description": "Learn to speak a new language intuitively with Rosetta Stone\u2014the most trusted name in language learning. Train yourself to gain context from conversations using our proven immersion method in dozens of languages\u2014including English, German, Italian, Japanese and more.Rosetta Stone\u2019s award-winning free mobile app teaches you to think in a new language by connecting words with images and your surroundings. Explore a natural way of language learning that grows your speaking and reading abilities. Study grammar and vocabulary intuitively and learn to speak any new  language, from French to Korean, without translation.TOP 3 FEATURES1. Practice pronouncing words and reading stories aloud with TruAccent\u00ae, the world\u2019s best speech recognition technology. 2.Study your grammar and vocabulary with Rosetta Stone\u2019s immersion method. Learn to speak words, followed by phrases, and how to start conversations. 3. Practice your language skills offline by downloading all your lessons in your language of choice. Learn Spanish, English, French, Korean, or any of our other languages wherever you are in the world with your Audio Companion\u00ae.YOUR ROSETTA STONE JOURNEY1. Choose from 24 languages.Discover a new language: Learn Spanish (Latin America), Spanish (Spain), English (US), English (UK), French, Japanese, Italian, German, Korean, Chinese, Portuguese, Russian, Arabic, Dutch, Tagalog, Greek, Hebrew, Hindi, Irish, Farsi, Polish, Swedish, Turkish, or Vietnamese.2. Build a foundation.Learn the basic words and grammar you need to build a basis of fundamental vocabulary and essential language structure. Practice Spanish, German, or Japanese accents with our TruAccent\u00ae technology. Start reading stories aloud and listen for instant feedback. What you learn now is the foundation of your journey.3. Explore our extended learning features.Learn English or Italian common sayings and discover how to live like a local. Order food and drinks, ask for directions, haggle over an item, or make a new friend. Out and about without internet access? Listen to our audio companion or study downloadable lessons for offline learning. Consult our easy-to-access Phrasebook for greetings, phrases, and useful expressions.4. Express yourself.You\u2019re now beginning to feel confident expressing feelings and opinions in your new language. You can talk about everyday life, ask for advice, make appointments and communicate with service providers. You\u2019ll be surprised at how much you can speak and understand.5. Converse with ease.You\u2019re thinking, expressing feelings, and dreaming in your new language. You can start to learn Spanish or any of our other languages through your own life experiences. You can conduct business, read novels, and socialize. You\u2019re expressing yourself on a range of topics, from politics to sports, and everything in between. Congratulations! Strangers become friends and the world becomes a smaller place when you\u2019re confident in a new language.Download Rosetta Stone and start your language learning journey today!\u2022 2018 PCMag Editors\u2019 Choice\u2022 2017 Platinum Award for Best Educational App by the Best Mobile App Awards\u2022 2017 Best Productivity & Utilities App by Mobile UX Awards",
  "inc": "Rosetta Stone Ltd",
  "intalled_count": "5,000,000",
  "last_update": [
    "June",
    "27",
    " 2018"
  ],
  "name": "Rosetta Stone: Learn to Speak & Read New Languages",
  "offered_by": "Google Commerce Ltd",
  "permissions": {
    "Phone": [
      "read phone status and identity"
    ],
    "Microphone": [
      "record audio"
    ],
    "Wi-Fi connection information": [
      "view Wi-Fi connections"
    ],
    "Device ID & call information": [
      "read phone status and identity"
    ],
    "Photos/Media/Files": [
      "read the contents of your USB storage",
      "modify or delete the contents of your USB storage"
    ],
    "Storage": [
      "read the contents of your USB storage",
      "modify or delete the contents of your USB storage"
    ],
    "Other": [
      "receive data from Internet",
      "view network connections",
      "full network access",
      "change your audio settings",
      "prevent device from sleeping",
      "view network connections",
      "disable your screen lock",
      "full network access",
      "read terms you added to the dictionary",
      "prevent device from sleeping"
    ]
  },
  "price": "",
  "rate": [
    [
      "169,661",
      "4.5"
    ],
    [
      "124,368",
      "5"
    ],
    [
      "27,918",
      "4"
    ],
    [
      "6,841",
      "3"
    ],
    [
      "2,909",
      "2"
    ],
    [
      "7,625",
      "1"
    ]
  ],
  "required_android": "5.0",
  "reviews": [
    {
      "REQ_subtype": "",
      "REQ_type": "",
      "_id": 0,
      "author_id": "not defined",
      "author_name": "Eona Rose",
      "helpful": "4",
      "polarity": "",
      "rate": 5,
      "response": "",
      "response_date": "",
      "review": "It can be frustrating figuring out what each word means without the app \ncomparing it to your native language but so far I've managed it with little \ntranslation needed. I'm having a lot of fun learning in Japanese and would \nrecommend Rosetta to people who learn well through experience and practice \nrather than memorisation.",
      "review_date": [
        "July",
        "8",
        " 2018"
      ]
    },
    {
      "REQ_subtype": "",
      "REQ_type": "",
      "_id": 1,
      "author_id": "not defined",
      "author_name": "DEMONSKULL EXCALIBUR",
      "helpful": "0",
      "polarity": "",
      "rate": 5,
      "response": "",
      "response_date": "",
      "review": "Easy to use and understand with a simple UI. I have about 20 minutes in the \napp and haven't experienced any crashes or bugs. The photos used in the \nlessons are very clear, even on my large phone screen, which surprised me \nas most of the time in-app images are lower res and meant for smaller \nphones. I especially enjoy how the app sort of sucks you in. It doesn't \nfeel like I'm straining myself or wasting time studying and completing \nlesson modules feels rewarding. Overall a well made app.",
      "review_date": [
        "June",
        "28",
        " 2018"
      ]
    },
    {
      "REQ_subtype": "",
      "REQ_type": "",
      "_id": 2,
      "author_id": "not defined",
      "author_name": "Isabelle K.",
      "helpful": "2",
      "polarity": "",
      "rate": 5,
      "response": "",
      "response_date": "",
      "review": "I think that the service is great and by inferring the meaning of the words \nand their connection to the picture, the learning of vocabulary is much \nfaster. However this is not for learning the korean alphabet, if you don't \nknow it yet you are going to be very confused!!!",
      "review_date": [
        "July",
        "9",
        " 2018"
      ]
    },
    {
      "REQ_subtype": "",
      "REQ_type": "",
      "_id": 3,
      "author_id": "not defined",
      "author_name": "Sumi Rao",
      "helpful": "3",
      "polarity": "",
      "rate": 4,
      "response": "",
      "response_date": "",
      "review": "It is a good app to learn a language. Easy with real life pics and \nsituations. However the levels are too basic to invest in. The free sample \ndid not convince me that I would be able to achieve my learning targets \nwith this app.",
      "review_date": [
        "July",
        "1",
        " 2018"
      ]
    },
    {
      "REQ_subtype": "",
      "REQ_type": "",
      "_id": 4,
      "author_id": "not defined",
      "author_name": "Cori Dietsch",
      "helpful": "8",
      "polarity": "",
      "rate": 5,
      "response": "",
      "response_date": "",
      "review": "Great learning tool. Only criticism is that I cannot tell the gender on \nsome of the photographs of the children, which makes it difficult to pick \nthe right answer sometimes.",
      "review_date": [
        "July",
        "5",
        " 2018"
      ]
    },
    {
      "REQ_subtype": "",
      "REQ_type": "",
      "_id": 5,
      "author_id": "not defined",
      "author_name": "Rachel Roper",
      "helpful": "3",
      "polarity": "",
      "rate": 5,
      "response": "",
      "response_date": "",
      "review": "It really is easy to pick up on. They immediately immerse you in the \nlanguage you're trying to learn by associating the phrase or word with a \npicture of what it is. It kind of forces you to figure it out which I \nreally think helps you to start thinking in the new language.",
      "review_date": [
        "July",
        "7",
        " 2018"
      ]
    },
    {
      "REQ_subtype": "",
      "REQ_type": "",
      "_id": 6,
      "author_id": "not defined",
      "author_name": "Jonathan Hontz",
      "helpful": "3",
      "polarity": "",
      "rate": 5,
      "response": "",
      "response_date": "",
      "review": "\ud83d\udc3a says stop asking me in the middle of lessons for a review if I wanted to \nwrite a review I would. So instead, I will write a lengthy diatribe about \netiquette and not bugging people in the middle of lesson. Thank you, the \ud83d\udc3a \nappreciates it.",
      "review_date": [
        "July",
        "4",
        " 2018"
      ]
    },
    {
      "REQ_subtype": "",
      "REQ_type": "",
      "_id": 7,
      "author_id": "not defined",
      "author_name": "Tim Pincumbe",
      "helpful": "0",
      "polarity": "",
      "rate": 3,
      "response": "",
      "response_date": "",
      "review": "The content is the same as you get in the web or desktop app. The exact \nsame. This has not been optimized for phones at all. The pictures are tiny \nand sometimes difficult to figure out what is in them. Also, the app has a \nhard time recognizing what I'm saying. If you're going to use the mobile \napp I suggest you use a tablet. Even on a tablet it's still difficult to \nanswer some of the questions. Also, it would be nice if they would speed up \nthe correct / incorrect sounds to make the lesson go a little quicker. For \nhow much you pay for this product I wish they would put some more time into \ntheir mobile app.",
      "review_date": [
        "July",
        "6",
        " 2018"
      ]
    },
    {
      "REQ_subtype": "",
      "REQ_type": "",
      "_id": 8,
      "author_id": "not defined",
      "author_name": "Martin King",
      "helpful": "0",
      "polarity": "",
      "rate": 1,
      "response": "Hi Martin - We apologize for any inconvenience. Please send us a feedback email via in-app settings to follow up with you. Open Rosetta Stone, tap the Menu (3 horizontal lines), Settings, Feedback. Thank you.",
      "response_date": [
        "June",
        "21",
        " 2018"
      ],
      "review": "This update was meant to fix the speech issues present in the previous \nversion. Instead when you go to do a speech lesson, all the examples are \nplayed through and it skips the opportunity for you to respond back and \nmoves onto the next lesson. I have wiped cache and data and uninstalled and \nreinstalled, but problem still persists. The problem is present throughout \nall the French speech lessons. I have reported again in the feedback \nsection of the app. Again really disappointing when I am paying a \nconsiderable annual membership fee to use this app!",
      "review_date": [
        "June",
        "28",
        " 2018"
      ]
    },
    {
      "REQ_subtype": "",
      "REQ_type": "",
      "_id": 9,
      "author_id": "not defined",
      "author_name": "Cunning CatMan",
      "helpful": "6",
      "polarity": "",
      "rate": 3,
      "response": "",
      "response_date": "",
      "review": "It would be nice if the student could know exactly what sentence meant. I \nhave had to get an arabic speaker to tell me what they were doing in the \nphotos and then unfounded I could break down what the sentences were \nsaying. For example a boy rubbing he's eyes in bed for all I know could \nhave been waking up or just tired . Some of the photos are easier to \nunderstand than others . I would prefer if in the native language there \ncould be a caption stating 'The boy is tired' to make pictures easier to \nunderstand",
      "review_date": [
        "July",
        "2",
        " 2018"
      ]
    },
    {
      "REQ_subtype": "",
      "REQ_type": "",
      "_id": 10,
      "author_id": "not defined",
      "author_name": "A Google user",
      "helpful": "3",
      "polarity": "",
      "rate": 4,
      "response": "",
      "response_date": "",
      "review": "Great easy to use app. Couldn't recognise my speech. Said it was too loud \nno matter what I did.",
      "review_date": [
        "June",
        "30",
        " 2018"
      ]
    },
    {
      "REQ_subtype": "",
      "REQ_type": "",
      "_id": 11,
      "author_id": "not defined",
      "author_name": "Ken Ecoff",
      "helpful": "0",
      "polarity": "",
      "rate": 1,
      "response": "Hi Ken - We apologize for any inconvenience caused. Please send us a message via in-app settings to follow up with you to get the account unsubscribed. Open Rosetta Stone, tap the Menu (3 horizontal lines), Settings, Feedback. Thank you.",
      "response_date": [
        "June",
        "30",
        " 2018"
      ],
      "review": "WAY TOO MANY ADS!!! I have had it installed for about 24 hours, and I don't \neven know if I will use it regularly, and it has already sent me three or \nfour emails asking for hundreds of dollars.",
      "review_date": [
        "June",
        "29",
        " 2018"
      ]
    },
    {
      "REQ_subtype": "",
      "REQ_type": "",
      "_id": 12,
      "author_id": "not defined",
      "author_name": "Cindy Balsamo",
      "helpful": "1",
      "polarity": "",
      "rate": 5,
      "response": "",
      "response_date": "",
      "review": "My grandaughter signed on by accident and i canceled immediately. But have \nnot received my refund. Sincerely Cindy Balsamo",
      "review_date": [
        "July",
        "7",
        " 2018"
      ]
    },
    {
      "REQ_subtype": "",
      "REQ_type": "",
      "_id": 13,
      "author_id": "not defined",
      "author_name": "Will Bailey",
      "helpful": "1",
      "polarity": "",
      "rate": 5,
      "response": "",
      "response_date": "",
      "review": "The app is great for all ages. Interactive in all your senses except smell. \nHelps you by teaching you to spell, pronounce, and see what the word \nrepresents. Best free foreign language app by far.",
      "review_date": [
        "July",
        "4",
        " 2018"
      ]
    },
    {
      "REQ_subtype": "",
      "REQ_type": "",
      "_id": 14,
      "author_id": "not defined",
      "author_name": "Brianna Prugh",
      "helpful": "0",
      "polarity": "",
      "rate": 5,
      "response": "",
      "response_date": "",
      "review": "I am currently living abroad in Honduras, and as much as I have picked up \nfrom simply being in the country, I still needed some accountability to \ncontinue my learning and something more formal and consistent than just \nrepeating what I hear to really perfect pronunciation and grammar \nstructure. Very happy with Rosetta Stone! Maybe I'll learn French next!!",
      "review_date": [
        "July",
        "9",
        " 2018"
      ]
    },
    {
      "REQ_subtype": "",
      "REQ_type": "",
      "_id": 15,
      "author_id": "not defined",
      "author_name": "Doug Turner",
      "helpful": "5",
      "polarity": "",
      "rate": 4,
      "response": "",
      "response_date": "",
      "review": "Initially I gave this a one star. It didn't recognize my voice. There are \nsome issues after the a couple of lessons. Maybe I'm too close to the mike. \nI'm going to give this a shot after a disappointing go at Duolingo.",
      "review_date": [
        "July",
        "2",
        " 2018"
      ]
    },
    {
      "REQ_subtype": "",
      "REQ_type": "",
      "_id": 16,
      "author_id": "not defined",
      "author_name": "Sheyne boxing",
      "helpful": "0",
      "polarity": "",
      "rate": 5,
      "response": "",
      "response_date": "",
      "review": "I like the app a lot. Only thing I would say is sometimes I don't follow \nthe logic of the way it shows you instead of categorizing things more \nspecifically. Causes me to get the translation but not really understand \nevery word that was said.",
      "review_date": [
        "July",
        "10",
        " 2018"
      ]
    },
    {
      "REQ_subtype": "",
      "REQ_type": "",
      "_id": 17,
      "author_id": "not defined",
      "author_name": "Peter Gliszczynski",
      "helpful": "1",
      "polarity": "",
      "rate": 4,
      "response": "",
      "response_date": "",
      "review": "Good learning app, sometimes it takes some guesswork to know what you're \nactually looking at as there is no English instructions. They just show you \na picture and tell you what's happening.",
      "review_date": [
        "July",
        "8",
        " 2018"
      ]
    },
    {
      "REQ_subtype": "",
      "REQ_type": "",
      "_id": 18,
      "author_id": "not defined",
      "author_name": "Zane Bullard",
      "helpful": "2",
      "polarity": "",
      "rate": 4,
      "response": "",
      "response_date": "",
      "review": "This app uses the Rosetta Stone method, which is very good. However, the \napp itself has a couple major flaws that I would like to see addressed. 1. \nThe app version does not contain writing exercises like the PC (website) \nversion does, despite it being MUCH simpler to install a Greek keyboard on \nmy cell phone keyboard than to use a physical keyboard in English to type \nGreek. The whole point of a mobile version should be to stay mobile - not \nto have to use the PC version for some parts. 2. During speaking exercises, \nthe app does not allow you to pause to collect your thoughts before \ndemanding an answer. I would rather have a play button or something to \nindicate that I'm ready to speak. 3. When the app gives you multiple \nanswers to select in a fill in the blank stole question, the \"play\" button \nwhich allows you to hear the word said in the native voice is very small. \nOften I know what the correct answer is, but I simply want to hear the \nwords or sentences repeated in the native voice - the app makes this \ndifficult because often you cannot press the play button without selecting \nthe answer by mistake. It should be easier to freely listen to the words \nwithout selecting them as answers. Other than these major (in my opinion) \nflaws, the app is otherwise very good, as it is simply a vessel for the \nalready established Rosetta Stone method.",
      "review_date": [
        "July",
        "2",
        " 2018"
      ]
    },
    {
      "REQ_subtype": "",
      "REQ_type": "",
      "_id": 19,
      "author_id": "not defined",
      "author_name": "Teannah Armstrong",
      "helpful": "0",
      "polarity": "",
      "rate": 5,
      "response": "",
      "response_date": "",
      "review": "A good app that makes you think and learn more than most language apps, at \nleast for me. I might consider upgrading cause it seems worth it! But it \ndefinitely isn't mandatory.",
      "review_date": [
        "July",
        "5",
        " 2018"
      ]
    },
    {
      "REQ_subtype": "",
      "REQ_type": "",
      "_id": 20,
      "author_id": "not defined",
      "author_name": "Brandi VanderLinden",
      "helpful": "0",
      "polarity": "",
      "rate": 5,
      "response": "",
      "response_date": "",
      "review": "I am enjoying this app...the review thing asked if it was in English...I \nsaid no because I am doing Chinese. It is all in Chinese except the \nsetup...so...if you are studying English, then of course it is in English. \nIf not, then of course it isn't in English.",
      "review_date": [
        "July",
        "3",
        " 2018"
      ]
    },
    {
      "REQ_subtype": "",
      "REQ_type": "",
      "_id": 21,
      "author_id": "not defined",
      "author_name": "aubrey -",
      "helpful": "1",
      "polarity": "",
      "rate": 5,
      "response": "",
      "response_date": "",
      "review": "Very simple to use and has pretty much turned learning a new language into \njust another form of entertainment for me.",
      "review_date": [
        "July",
        "9",
        " 2018"
      ]
    },
    {
      "REQ_subtype": "",
      "REQ_type": "",
      "_id": 22,
      "author_id": "not defined",
      "author_name": "Mitch Baylis",
      "helpful": "0",
      "polarity": "",
      "rate": 5,
      "response": "",
      "response_date": "",
      "review": "Fantastic. Much much much better than Duolingo. It actually teaches you \nmeaningful words and breaks it all down to make sure you pronunciate \ncorrectly. Thank you so much for a great app!",
      "review_date": [
        "July",
        "3",
        " 2018"
      ]
    },
    {
      "REQ_subtype": "",
      "REQ_type": "",
      "_id": 23,
      "author_id": "not defined",
      "author_name": "John Martineau",
      "helpful": "0",
      "polarity": "",
      "rate": 5,
      "response": "",
      "response_date": "",
      "review": "I enjoy having the flexibility to use the program where ever I am. The app \nand online program sych so I can continue where I left off no matter the \nmedium I use. *** Updating to 5 stars after last update. Was waiting for \nthe IOS features to come to Android and they finally did! Worth every \ndollar. It's on the user to dedicate time to learn, if you do you won't be \ndisappointed. ***",
      "review_date": [
        "July",
        "2",
        " 2018"
      ]
    },
    {
      "REQ_subtype": "",
      "REQ_type": "",
      "_id": 24,
      "author_id": "not defined",
      "author_name": "Brandy Deblieux",
      "helpful": "0",
      "polarity": "",
      "rate": 4,
      "response": "",
      "response_date": "",
      "review": "As far as the qustion asked, is this app in English, the instructions are, \nall the rest is teaching you another language. My answer was \"not sure\" but \nreally it's both. This is much easier than i thought and i love the \ninteractive tools! I have wanted to try this for years and it is so \nwonderful! You do have to practic in a quiet setting, however. They have \nvocabulary as well as proper grammar! This is my first time using it, so my \nreal review is still to come.",
      "review_date": [
        "July",
        "7",
        " 2018"
      ]
    },
    {
      "REQ_subtype": "",
      "REQ_type": "",
      "_id": 25,
      "author_id": "not defined",
      "author_name": "Art Stennett",
      "helpful": "0",
      "polarity": "",
      "rate": 5,
      "response": "",
      "response_date": "",
      "review": "I've tried other language apps without much success but this one I believe \nwill actually work. Well worth the money.",
      "review_date": [
        "July",
        "5",
        " 2018"
      ]
    },
    {
      "REQ_subtype": "",
      "REQ_type": "",
      "_id": 26,
      "author_id": "not defined",
      "author_name": "A Google user",
      "helpful": "0",
      "polarity": "",
      "rate": 4,
      "response": "",
      "response_date": "",
      "review": "Relearning French and I needed more than just \"je suis une femme\". I like \nthe immersion. Haven't gone far enough to see how/if they teach grammar. \nBest app I've tried (and I've tried A LOT)",
      "review_date": [
        "July",
        "4",
        " 2018"
      ]
    },
    {
      "REQ_subtype": "",
      "REQ_type": "",
      "_id": 27,
      "author_id": "not defined",
      "author_name": "ICE WOLF",
      "helpful": "2",
      "polarity": "",
      "rate": 5,
      "response": "",
      "response_date": "",
      "review": "Love it. It's genius how they have you identify the words with the objects \nrather than with more words. I'm learning Spanish far quicker this way.",
      "review_date": [
        "June",
        "30",
        " 2018"
      ]
    },
    {
      "REQ_subtype": "",
      "REQ_type": "",
      "_id": 28,
      "author_id": "not defined",
      "author_name": "A Google user",
      "helpful": "0",
      "polarity": "",
      "rate": 5,
      "response": "",
      "response_date": "",
      "review": "I love how the app has a variety of ways to learn the content. You learn \nthrough matching pictures to words and sentences, through speaking, filling \nin the blank, etc. It's a very interesting way to learn and I enjoy it much \nmore than I did taking Spanish in High School.",
      "review_date": [
        "July",
        "5",
        " 2018"
      ]
    },
    {
      "REQ_subtype": "",
      "REQ_type": "",
      "_id": 29,
      "author_id": "not defined",
      "author_name": "Jane P",
      "helpful": "1",
      "polarity": "",
      "rate": 4,
      "response": "",
      "response_date": "",
      "review": "I really like it. I only gave it 4 stars because it's too pricey",
      "review_date": [
        "July",
        "3",
        " 2018"
      ]
    },
    {
      "REQ_subtype": "",
      "REQ_type": "",
      "_id": 30,
      "author_id": "not defined",
      "author_name": "Jeffrey Hodgers",
      "helpful": "0",
      "polarity": "",
      "rate": 4,
      "response": "",
      "response_date": "",
      "review": "App works very well and easy to use. Had it crash a few times in the same \nplace on the same word. But overall very satisfied.",
      "review_date": [
        "July",
        "6",
        " 2018"
      ]
    },
    {
      "REQ_subtype": "",
      "REQ_type": "",
      "_id": 31,
      "author_id": "not defined",
      "author_name": "The Savage 3",
      "helpful": "2",
      "polarity": "",
      "rate": 5,
      "response": "",
      "response_date": "",
      "review": "This app allows you to learn other languages from the very start like you \nwere a little baby around others slowly learning to speak",
      "review_date": [
        "June",
        "29",
        " 2018"
      ]
    },
    {
      "REQ_subtype": "",
      "REQ_type": "",
      "_id": 32,
      "author_id": "not defined",
      "author_name": "Susan Todd",
      "helpful": "0",
      "polarity": "",
      "rate": 5,
      "response": "",
      "response_date": "",
      "review": "This is a wonderful way to learn language in an immersive format. It is \nvery engaging and thorough. I started this after spending a couple of years \nlearning with Duolingo which I still like. However, with Duolingo I was \ntranslating everything. In this immersive style I feel like I can actually \nmake the leap to becoming conversational.",
      "review_date": [
        "July",
        "8",
        " 2018"
      ]
    },
    {
      "REQ_subtype": "",
      "REQ_type": "",
      "_id": 33,
      "author_id": "not defined",
      "author_name": "A Google user",
      "helpful": "0",
      "polarity": "",
      "rate": 5,
      "response": "",
      "response_date": "",
      "review": "Thjs is a great tool to review Spanish. I haven't spoken Spanish in 40 \nyears and I need to when I go to Spain and it has brought it all back",
      "review_date": [
        "July",
        "6",
        " 2018"
      ]
    },
    {
      "REQ_subtype": "",
      "REQ_type": "",
      "_id": 34,
      "author_id": "not defined",
      "author_name": "Scott Bulson",
      "helpful": "0",
      "polarity": "",
      "rate": 5,
      "response": "",
      "response_date": "",
      "review": "I've always wanted to learn Italian. Other language learning software was \nnot helpful. This app is fun and educational",
      "review_date": [
        "July",
        "5",
        " 2018"
      ]
    },
    {
      "REQ_subtype": "",
      "REQ_type": "",
      "_id": 35,
      "author_id": "not defined",
      "author_name": "Melissa Nicole Wheatley",
      "helpful": "0",
      "polarity": "",
      "rate": 4,
      "response": "",
      "response_date": "",
      "review": "It's cool, don't know if it'll help me become fluent, but it's entertaining \nand the repetition of common words and phrases definitely helps me pick \napart a conversation",
      "review_date": [
        "July",
        "7",
        " 2018"
      ]
    },
    {
      "REQ_subtype": "",
      "REQ_type": "",
      "_id": 36,
      "author_id": "not defined",
      "author_name": "The Cubeaker",
      "helpful": "0",
      "polarity": "",
      "rate": 1,
      "response": "",
      "response_date": "",
      "review": "Everything is AMAZING, just one thing that irritates me is that you guys \ndont have a feature of choosing more than one language to learn TOGEATHER \nNOT SWITCH YOUR LANGUAGE AND LOSE ALL YOUR EXPERIENCE. THX",
      "review_date": [
        "July",
        "10",
        " 2018"
      ]
    },
    {
      "REQ_subtype": "",
      "REQ_type": "",
      "_id": 37,
      "author_id": "not defined",
      "author_name": "A Google user",
      "helpful": "1",
      "polarity": "",
      "rate": 5,
      "response": "",
      "response_date": "",
      "review": "The designers of this app know what they are doing. Excellent visual, oral \nand aural reinforcement. I'm learning like a boss!!",
      "review_date": [
        "July",
        "2",
        " 2018"
      ]
    },
    {
      "REQ_subtype": "",
      "REQ_type": "",
      "_id": 38,
      "author_id": "not defined",
      "author_name": "Kenneth Thomas",
      "helpful": "1",
      "polarity": "",
      "rate": 5,
      "response": "",
      "response_date": "",
      "review": "I learned so many languages Now I can travel the world",
      "review_date": [
        "July",
        "10",
        " 2018"
      ]
    },
    {
      "REQ_subtype": "",
      "REQ_type": "",
      "_id": 39,
      "author_id": "not defined",
      "author_name": "lee stringer",
      "helpful": "0",
      "polarity": "",
      "rate": 5,
      "response": "",
      "response_date": "",
      "review": "Started to learn Spanish at 38 years old and I'm understanding it better \nthan speaking it but even that's a massive improvement and sense of \nachievement and it's all down to this fantastic app. Thankyou.",
      "review_date": [
        "July",
        "10",
        " 2018"
      ]
    },
    {
      "REQ_subtype": "",
      "REQ_type": "",
      "_id": 40,
      "author_id": "not defined",
      "author_name": "Codyfro 24",
      "helpful": "0",
      "polarity": "",
      "rate": 3,
      "response": "We apologize for any inconvenience. Please reach out to Google Play Support for help if needed to cancel your purchase. If you have any issues, send us a email via in-app settings to follow up with you. Open Rosetta Stone, tap the Menu (3 horizontal lines), Settings, Feedback.",
      "response_date": [
        "July",
        "6",
        " 2018"
      ],
      "review": "I was loving it, until I checked my bank acct. I was supposed to do the \nmonthly plan but they went ahead and took the full amount. Just because of \nthis, I will probably cancel instead of renewing.",
      "review_date": [
        "July",
        "6",
        " 2018"
      ]
    },
    {
      "REQ_subtype": "",
      "REQ_type": "",
      "_id": 41,
      "author_id": "not defined",
      "author_name": "donna martinez",
      "helpful": "1",
      "polarity": "",
      "rate": 5,
      "response": "",
      "response_date": "",
      "review": "Have the kids and grandkids engaged. They know some words, but this is \nhelping to learn a little more as well as conjugation of words.",
      "review_date": [
        "June",
        "29",
        " 2018"
      ]
    },
    {
      "REQ_subtype": "",
      "REQ_type": "",
      "_id": 42,
      "author_id": "not defined",
      "author_name": "Kenneth Jokdiel",
      "helpful": "3",
      "polarity": "",
      "rate": 5,
      "response": "Nos disculpamos por cualquier inconveniente. Env\u00edenos un mensaje a trav\u00e9s de la configuraci\u00f3n en la aplicaci\u00f3n. Abra Rosetta Stone, toque el Men\u00fa (3 l\u00edneas horizontales), Configuraci\u00f3n, enviar Comentarios.",
      "response_date": [
        "June",
        "22",
        " 2018"
      ],
      "review": "La aplicacion no reconoce la voz, intente varias veces y no funciona y en \nversiones anteriores si funcionaba",
      "review_date": [
        "July",
        "1",
        " 2018"
      ]
    },
    {
      "REQ_subtype": "",
      "REQ_type": "",
      "_id": 43,
      "author_id": "not defined",
      "author_name": "Damon Sanchez",
      "helpful": "0",
      "polarity": "",
      "rate": 5,
      "response": "",
      "response_date": "",
      "review": "If your serious about picking up other languages, the Rosetta Stone \napplications coupled with determination and listening to short stories in \nthe language of choice accelerates becoming fluent.",
      "review_date": [
        "July",
        "9",
        " 2018"
      ]
    },
    {
      "REQ_subtype": "",
      "REQ_type": "",
      "_id": 44,
      "author_id": "not defined",
      "author_name": "Terri Edington",
      "helpful": "0",
      "polarity": "",
      "rate": 5,
      "response": "",
      "response_date": "",
      "review": "The latest upgrade fixed the speech recognition and it is working great! I \nlove the flexibility of practicing a new language when I have time, on my \nmobile device.",
      "review_date": [
        "June",
        "29",
        " 2018"
      ]
    },
    {
      "REQ_subtype": "",
      "REQ_type": "",
      "_id": 45,
      "author_id": "not defined",
      "author_name": "Aimar Najarro Fiandra",
      "helpful": "0",
      "polarity": "",
      "rate": 2,
      "response": "Hola Aimar - Para cambiar entre niveles / unidades: Abre Rosetta Stone, toca el Men\u00fa (3 l\u00edneas horizontales), Aprender.",
      "response_date": [
        "July",
        "6",
        " 2018"
      ],
      "review": "Alguien sabe como se cambia el nivel? He empezado un curso de alem\u00e1n y me \nlo empieza desde el 1, y yo tengo m\u00e1s nivel y me gustar\u00eda empezar desde el \n2-3, no soy capaz de cambiar el nivel desde el m\u00f3vil",
      "review_date": [
        "July",
        "6",
        " 2018"
      ]
    },
    {
      "REQ_subtype": "",
      "REQ_type": "",
      "_id": 46,
      "author_id": "not defined",
      "author_name": "Mary Ley",
      "helpful": "0",
      "polarity": "",
      "rate": 5,
      "response": "",
      "response_date": "",
      "review": "Fun way to learn a language. My brain is following the prompts and I am \nactually watching myself begin to think in the language. I play with app in \n10 min. intervals about 3 times a day.",
      "review_date": [
        "July",
        "6",
        " 2018"
      ]
    },
    {
      "REQ_subtype": "",
      "REQ_type": "",
      "_id": 47,
      "author_id": "not defined",
      "author_name": "Ricky Moran",
      "helpful": "1",
      "polarity": "",
      "rate": 5,
      "response": "",
      "response_date": "",
      "review": "Easy and awesome to learn while on the go! I continually find time to keep \nlearning Spanish with this app.",
      "review_date": [
        "July",
        "3",
        " 2018"
      ]
    },
    {
      "REQ_subtype": "",
      "REQ_type": "",
      "_id": 48,
      "author_id": "not defined",
      "author_name": "A Google user",
      "helpful": "0",
      "polarity": "",
      "rate": 4,
      "response": "",
      "response_date": "",
      "review": "This app is very helpful because I can know Spanish and they give us hints \nof you really get stuck I really like t hi is app!!!",
      "review_date": [
        "July",
        "4",
        " 2018"
      ]
    },
    {
      "REQ_subtype": "",
      "REQ_type": "",
      "_id": 49,
      "author_id": "not defined",
      "author_name": "jasmine Jackson",
      "helpful": "0",
      "polarity": "",
      "rate": 5,
      "response": "",
      "response_date": "",
      "review": "A great app but the only downside is you have to pay to move on to the next \nlesson so I've just been repeating the same lesson over and over.",
      "review_date": [
        "July",
        "1",
        " 2018"
      ]
    },
    {
      "REQ_subtype": "",
      "REQ_type": "",
      "_id": 50,
      "author_id": "not defined",
      "author_name": "A Google user",
      "helpful": "0",
      "polarity": "",
      "rate": 5,
      "response": "",
      "response_date": "",
      "review": "It's simple, streamlined and effective! Definitely a great app for \nlearning! I may actually learn even more languages just because I can with \nthis program!",
      "review_date": [
        "July",
        "1",
        " 2018"
      ]
    },
    {
      "REQ_subtype": "",
      "REQ_type": "",
      "_id": 51,
      "author_id": "not defined",
      "author_name": "Mindy Jacobs",
      "helpful": "0",
      "polarity": "",
      "rate": 4,
      "response": "",
      "response_date": "",
      "review": "I'm liking learning a new language it's exciting and some parts are easier \nthan I expected. I would like to know what some of the words mean before \nhand",
      "review_date": [
        "July",
        "6",
        " 2018"
      ]
    },
    {
      "REQ_subtype": "",
      "REQ_type": "",
      "_id": 52,
      "author_id": "not defined",
      "author_name": "Karson Lewis",
      "helpful": "0",
      "polarity": "",
      "rate": 1,
      "response": "Hi Karson - We're really sorry to hear that. Please contact our support team here: https://support.rosettastone.com/en. So we can look into the issue.",
      "response_date": [
        "June",
        "30",
        " 2018"
      ],
      "review": "The app won't even work on my phone",
      "review_date": [
        "June",
        "29",
        " 2018"
      ]
    },
    {
      "REQ_subtype": "",
      "REQ_type": "",
      "_id": 53,
      "author_id": "not defined",
      "author_name": "Zachary LaChance",
      "helpful": "0",
      "polarity": "",
      "rate": 4,
      "response": "",
      "response_date": "",
      "review": "I got really bored and decided to lern German(don't ask why German I was in \nthe 8 grade when I got this but it's actually really fun and enjoy able",
      "review_date": [
        "July",
        "1",
        " 2018"
      ]
    },
    {
      "REQ_subtype": "",
      "REQ_type": "",
      "_id": 54,
      "author_id": "not defined",
      "author_name": "Eric Dobson",
      "helpful": "0",
      "polarity": "",
      "rate": 5,
      "response": "",
      "response_date": "",
      "review": "Just starting to work through it, but this is already a great way to learn \na new language. Having fun and learning a lot. Great app!",
      "review_date": [
        "July",
        "7",
        " 2018"
      ]
    },
    {
      "REQ_subtype": "",
      "REQ_type": "",
      "_id": 55,
      "author_id": "not defined",
      "author_name": "A Google user",
      "helpful": "0",
      "polarity": "",
      "rate": 5,
      "response": "",
      "response_date": "",
      "review": "The app is easy to use, and whatever language you choose it helps you by \nnot speaking your main language. Making you learn to speak your chosen \nlanguage faster!",
      "review_date": [
        "July",
        "9",
        " 2018"
      ]
    },
    {
      "REQ_subtype": "",
      "REQ_type": "",
      "_id": 56,
      "author_id": "not defined",
      "author_name": "Jean Laguerre",
      "helpful": "0",
      "polarity": "",
      "rate": 4,
      "response": "",
      "response_date": "",
      "review": "At times I feel like learning a new language is hard, but Rosetta Stone \ngives you that confidence that it could be done.",
      "review_date": [
        "July",
        "6",
        " 2018"
      ]
    },
    {
      "REQ_subtype": "",
      "REQ_type": "",
      "_id": 57,
      "author_id": "not defined",
      "author_name": "A Google user",
      "helpful": "1",
      "polarity": "",
      "rate": 5,
      "response": "",
      "response_date": "",
      "review": "Yo cre\u00f3 es algo maravilloso good for my life I want learning English",
      "review_date": [
        "June",
        "30",
        " 2018"
      ]
    },
    {
      "REQ_subtype": "",
      "REQ_type": "",
      "_id": 58,
      "author_id": "not defined",
      "author_name": "warlord 76",
      "helpful": "0",
      "polarity": "",
      "rate": 5,
      "response": "",
      "response_date": "",
      "review": "Really love how simple the ui is and the lessons really help get the \ncontent but y is no monthly subscription only 3 months+",
      "review_date": [
        "July",
        "3",
        " 2018"
      ]
    },
    {
      "REQ_subtype": "",
      "REQ_type": "",
      "_id": 59,
      "author_id": "not defined",
      "author_name": "Kyley Reyes",
      "helpful": "1",
      "polarity": "",
      "rate": 5,
      "response": "",
      "response_date": "",
      "review": "Easy to use and better than anything I have tried so far",
      "review_date": [
        "July",
        "3",
        " 2018"
      ]
    },
    {
      "REQ_subtype": "",
      "REQ_type": "",
      "_id": 60,
      "author_id": "not defined",
      "author_name": "Dr. Chimichanga",
      "helpful": "0",
      "polarity": "",
      "rate": 5,
      "response": "",
      "response_date": "",
      "review": "I dislike that you must pay fees I feel as though you should buy it once \nand that's it.",
      "review_date": [
        "July",
        "6",
        " 2018"
      ]
    },
    {
      "REQ_subtype": "",
      "REQ_type": "",
      "_id": 61,
      "author_id": "not defined",
      "author_name": "Heather Hixson",
      "helpful": "0",
      "polarity": "",
      "rate": 5,
      "response": "",
      "response_date": "",
      "review": "Great App for an introduction, but I just wish you didn't have to pay money \nfor full access.",
      "review_date": [
        "July",
        "5",
        " 2018"
      ]
    },
    {
      "REQ_subtype": "",
      "REQ_type": "",
      "_id": 62,
      "author_id": "not defined",
      "author_name": "Karen McCusker",
      "helpful": "0",
      "polarity": "",
      "rate": 5,
      "response": "",
      "response_date": "",
      "review": "The Android version is way better than the iOS. Instructions are clearly \ngiven instead of having to hunt for them. Much easier to use",
      "review_date": [
        "July",
        "8",
        " 2018"
      ]
    },
    {
      "REQ_subtype": "",
      "REQ_type": "",
      "_id": 63,
      "author_id": "not defined",
      "author_name": "Krista MacNeel",
      "helpful": "1",
      "polarity": "",
      "rate": 5,
      "response": "",
      "response_date": "",
      "review": "I love this app because it helps me learn another language such as Spanish",
      "review_date": [
        "June",
        "28",
        " 2018"
      ]
    },
    {
      "REQ_subtype": "",
      "REQ_type": "",
      "_id": 64,
      "author_id": "not defined",
      "author_name": "Kristine Eldestam",
      "helpful": "0",
      "polarity": "",
      "rate": 4,
      "response": "",
      "response_date": "",
      "review": "I like how I can change the settings so that it is easy in the beginning \nand getting harder over time. Good learning tool for how to speak the \nlanguage.",
      "review_date": [
        "June",
        "29",
        " 2018"
      ]
    },
    {
      "REQ_subtype": "",
      "REQ_type": "",
      "_id": 65,
      "author_id": "not defined",
      "author_name": "A Google user",
      "helpful": "0",
      "polarity": "",
      "rate": 4,
      "response": "",
      "response_date": "",
      "review": "I wish the whole thing was free, but you get a lot of great lesson for a \ntrail.",
      "review_date": [
        "June",
        "30",
        " 2018"
      ]
    },
    {
      "REQ_subtype": "",
      "REQ_type": "",
      "_id": 66,
      "author_id": "not defined",
      "author_name": "A Google user",
      "helpful": "0",
      "polarity": "",
      "rate": 1,
      "response": "",
      "response_date": "",
      "review": "Spams the heck outta my email!",
      "review_date": [
        "July",
        "6",
        " 2018"
      ]
    },
    {
      "REQ_subtype": "",
      "REQ_type": "",
      "_id": 67,
      "author_id": "not defined",
      "author_name": "Rainbow Dashie",
      "helpful": "0",
      "polarity": "",
      "rate": 5,
      "response": "",
      "response_date": "",
      "review": "I never knew other languages until I downloaded this ad It helps me learn \nmore languages.",
      "review_date": [
        "July",
        "6",
        " 2018"
      ]
    },
    {
      "REQ_subtype": "",
      "REQ_type": "",
      "_id": 68,
      "author_id": "not defined",
      "author_name": "Jay Davis",
      "helpful": "0",
      "polarity": "",
      "rate": 5,
      "response": "",
      "response_date": "",
      "review": "Could not ask for a better program.",
      "review_date": [
        "July",
        "9",
        " 2018"
      ]
    },
    {
      "REQ_subtype": "",
      "REQ_type": "",
      "_id": 69,
      "author_id": "not defined",
      "author_name": "Mind Freak",
      "helpful": "0",
      "polarity": "",
      "rate": 4,
      "response": "",
      "response_date": "",
      "review": "Make it free full version or atleast some more chapters please. I will give \nit five star rating :)",
      "review_date": [
        "July",
        "5",
        " 2018"
      ]
    },
    {
      "REQ_subtype": "",
      "REQ_type": "",
      "_id": 70,
      "author_id": "not defined",
      "author_name": "A Google user",
      "helpful": "0",
      "polarity": "",
      "rate": 2,
      "response": "Thank you for your feedback. There are certainly other options, but we're confident our subscribers get what they pay for. Our goal is to make sure that the time invested in learning a new language pays off, which is why we're continuously making improvements to our product. Try the first lesson on us! We're confident you'll see what sets us apart.",
      "response_date": [
        "July",
        "6",
        " 2018"
      ],
      "review": "why every time I find a app to teach different language it cost money to do \nthe whole thing!",
      "review_date": [
        "July",
        "6",
        " 2018"
      ]
    },
    {
      "REQ_subtype": "",
      "REQ_type": "",
      "_id": 71,
      "author_id": "not defined",
      "author_name": "C Sylve",
      "helpful": "0",
      "polarity": "",
      "rate": 5,
      "response": "",
      "response_date": "",
      "review": "I love Rosetta Stone, I'm learning spanish and I'm already catching on and \nits helping me with my accent to speak fluent spanish.",
      "review_date": [
        "July",
        "1",
        " 2018"
      ]
    },
    {
      "REQ_subtype": "",
      "REQ_type": "",
      "_id": 72,
      "author_id": "not defined",
      "author_name": "Keytsa 2",
      "helpful": "0",
      "polarity": "",
      "rate": 5,
      "response": "",
      "response_date": "",
      "review": "Its great I love the pictures that help with pronounciation. Im studying \nHebrew and this is a great addition to the other tools I've been using.",
      "review_date": [
        "July",
        "4",
        " 2018"
      ]
    },
    {
      "REQ_subtype": "",
      "REQ_type": "",
      "_id": 73,
      "author_id": "not defined",
      "author_name": "Niequa Bradley",
      "helpful": "0",
      "polarity": "",
      "rate": 5,
      "response": "",
      "response_date": "",
      "review": "The images can be a little small. Im only able to use the app in landscape \nmode. Other wise it's a great app",
      "review_date": [
        "July",
        "3",
        " 2018"
      ]
    },
    {
      "REQ_subtype": "",
      "REQ_type": "",
      "_id": 74,
      "author_id": "not defined",
      "author_name": "Faith Prigal",
      "helpful": "0",
      "polarity": "",
      "rate": 4,
      "response": "",
      "response_date": "",
      "review": "Great app but needs more instructions and a way to pause and come back to \nthings.",
      "review_date": [
        "July",
        "9",
        " 2018"
      ]
    },
    {
      "REQ_subtype": "",
      "REQ_type": "",
      "_id": 75,
      "author_id": "not defined",
      "author_name": "Kim Morgan",
      "helpful": "0",
      "polarity": "",
      "rate": 5,
      "response": "",
      "response_date": "",
      "review": "I am learning Spanish at a fun, fast rate! I love it. Plus it's convenient \nfor all mobile devices!",
      "review_date": [
        "July",
        "3",
        " 2018"
      ]
    },
    {
      "REQ_subtype": "",
      "REQ_type": "",
      "_id": 76,
      "author_id": "not defined",
      "author_name": "Maria Cardenas",
      "helpful": "0",
      "polarity": "",
      "rate": 4,
      "response": "",
      "response_date": "",
      "review": "Awesome app helping me learn different languages so i can teach my future \nkids \ud83d\ude07\u2764\ud83d\udc99",
      "review_date": [
        "July",
        "9",
        " 2018"
      ]
    },
    {
      "REQ_subtype": "",
      "REQ_type": "",
      "_id": 77,
      "author_id": "not defined",
      "author_name": "Gina Perez",
      "helpful": "0",
      "polarity": "",
      "rate": 5,
      "response": "",
      "response_date": "",
      "review": "Mother-freaking AWESOME ! Gotta get me s'more.... Lol \ud83d\ude0b for a linguistics \ngeek like me it's ecstasy.",
      "review_date": [
        "June",
        "28",
        " 2018"
      ]
    },
    {
      "REQ_subtype": "",
      "REQ_type": "",
      "_id": 78,
      "author_id": "not defined",
      "author_name": "casey steele",
      "helpful": "0",
      "polarity": "",
      "rate": 5,
      "response": "",
      "response_date": "",
      "review": "I just started using it for Spanish but it's pretty cool so far. I'm \nexcited to see how it is the farther I progress.",
      "review_date": [
        "June",
        "30",
        " 2018"
      ]
    },
    {
      "REQ_subtype": "",
      "REQ_type": "",
      "_id": 79,
      "author_id": "not defined",
      "author_name": "Lewis Wade",
      "helpful": "0",
      "polarity": "",
      "rate": 4,
      "response": "",
      "response_date": "",
      "review": "Would have given it 5 stars but I don't know how to get on the next \nlanguage.",
      "review_date": [
        "June",
        "28",
        " 2018"
      ]
    },
    {
      "REQ_subtype": "",
      "REQ_type": "",
      "_id": 80,
      "author_id": "not defined",
      "author_name": "Leslie Aguilera",
      "helpful": "0",
      "polarity": "",
      "rate": 5,
      "response": "",
      "response_date": "",
      "review": "Great app, haven't gotten past the basics yet. But it makes it really easy \nto learn",
      "review_date": [
        "July",
        "10",
        " 2018"
      ]
    },
    {
      "REQ_subtype": "",
      "REQ_type": "",
      "_id": 81,
      "author_id": "not defined",
      "author_name": "Scott Henry",
      "helpful": "0",
      "polarity": "",
      "rate": 1,
      "response": "We apologize for any inconvenience. Please send us a feedback email via in-app settings to follow up with you. Open Rosetta Stone, tap the Menu (3 horizontal lines), Settings, Feedback.",
      "response_date": [
        "July",
        "3",
        " 2018"
      ],
      "review": "Does not work. Junk",
      "review_date": [
        "July",
        "2",
        " 2018"
      ]
    },
    {
      "REQ_subtype": "",
      "REQ_type": "",
      "_id": 82,
      "author_id": "not defined",
      "author_name": "Jeffrey Barton Irish",
      "helpful": "0",
      "polarity": "",
      "rate": 4,
      "response": "",
      "response_date": "",
      "review": "So far I am enjoying this app, only hoping to better understand the grammar \nbetter in lessons to come.",
      "review_date": [
        "July",
        "5",
        " 2018"
      ]
    },
    {
      "REQ_subtype": "",
      "REQ_type": "",
      "_id": 83,
      "author_id": "not defined",
      "author_name": "Michael Hoop",
      "helpful": "0",
      "polarity": "",
      "rate": 5,
      "response": "",
      "response_date": "",
      "review": "Intuitive app. Living in PI now, and this app is really helping me to \nunderstand conversations and speak in public. Great help.",
      "review_date": [
        "July",
        "5",
        " 2018"
      ]
    },
    {
      "REQ_subtype": "",
      "REQ_type": "",
      "_id": 84,
      "author_id": "not defined",
      "author_name": "A Google user",
      "helpful": "0",
      "polarity": "",
      "rate": 5,
      "response": "",
      "response_date": "",
      "review": "awesome app. moves a little fast but I just redo some of the lessons and \nits fine :)",
      "review_date": [
        "July",
        "2",
        " 2018"
      ]
    },
    {
      "REQ_subtype": "",
      "REQ_type": "",
      "_id": 85,
      "author_id": "not defined",
      "author_name": "A Google user",
      "helpful": "0",
      "polarity": "",
      "rate": 5,
      "response": "",
      "response_date": "",
      "review": "I have tried the Spanish tutorial thus far and I am impressed with the \nwords-to-actions-and-objects approach. Loving it!!",
      "review_date": [
        "July",
        "5",
        " 2018"
      ]
    },
    {
      "REQ_subtype": "",
      "REQ_type": "",
      "_id": 86,
      "author_id": "not defined",
      "author_name": "A Google user",
      "helpful": "0",
      "polarity": "",
      "rate": 5,
      "response": "",
      "response_date": "",
      "review": "I love this app it really help me with school my friends and i feel great \nwhen it comes to talking to my friends that are spanish",
      "review_date": [
        "July",
        "7",
        " 2018"
      ]
    },
    {
      "REQ_subtype": "",
      "REQ_type": "",
      "_id": 87,
      "author_id": "not defined",
      "author_name": "Edward Benton",
      "helpful": "0",
      "polarity": "",
      "rate": 5,
      "response": "",
      "response_date": "",
      "review": "Best help I've seen with pronouncing which my weakest area of learning",
      "review_date": [
        "July",
        "9",
        " 2018"
      ]
    },
    {
      "REQ_subtype": "",
      "REQ_type": "",
      "_id": 88,
      "author_id": "not defined",
      "author_name": "Torjx",
      "helpful": "0",
      "polarity": "",
      "rate": 4,
      "response": "",
      "response_date": "",
      "review": "I think instead of a monthly subscription, it should be a one time payment",
      "review_date": [
        "July",
        "10",
        " 2018"
      ]
    },
    {
      "REQ_subtype": "",
      "REQ_type": "",
      "_id": 89,
      "author_id": "not defined",
      "author_name": "Le Basi",
      "helpful": "0",
      "polarity": "",
      "rate": 3,
      "response": "We apologize for any inconvenience. Please send us a feedback email with the same message listed as your review via in-app settings to follow up with you. Open Rosetta Stone, tap the Menu (3 horizontal lines), Settings, Feedback. Thank you.",
      "response_date": [
        "June",
        "30",
        " 2018"
      ],
      "review": "It says I need full access but when I try to get I am taken to a screen \nwith no options",
      "review_date": [
        "June",
        "29",
        " 2018"
      ]
    },
    {
      "REQ_subtype": "",
      "REQ_type": "",
      "_id": 90,
      "author_id": "not defined",
      "author_name": "Candace D. Gordon",
      "helpful": "0",
      "polarity": "",
      "rate": 5,
      "response": "",
      "response_date": "",
      "review": "I like the way the videos are and the way it tests you on grammer and \nvocab. I hope to learn so much more.",
      "review_date": [
        "June",
        "30",
        " 2018"
      ]
    },
    {
      "REQ_subtype": "",
      "REQ_type": "",
      "_id": 91,
      "author_id": "not defined",
      "author_name": "AbbieGirl46",
      "helpful": "0",
      "polarity": "",
      "rate": 5,
      "response": "",
      "response_date": "",
      "review": "I can do lessons anytime, anywhere. Real handy app for learning the basics \nof a language.",
      "review_date": [
        "July",
        "6",
        " 2018"
      ]
    },
    {
      "REQ_subtype": "",
      "REQ_type": "",
      "_id": 92,
      "author_id": "not defined",
      "author_name": "Vidya Jadhav",
      "helpful": "0",
      "polarity": "",
      "rate": 5,
      "response": "",
      "response_date": "",
      "review": "It is very good app to learn languages , easy to use because of pictures it \nbecome more easy",
      "review_date": [
        "July",
        "10",
        " 2018"
      ]
    },
    {
      "REQ_subtype": "",
      "REQ_type": "",
      "_id": 93,
      "author_id": "not defined",
      "author_name": "Margaret M.",
      "helpful": "1",
      "polarity": "",
      "rate": 5,
      "response": "",
      "response_date": "",
      "review": "I'm learning",
      "review_date": [
        "July",
        "10",
        " 2018"
      ]
    },
    {
      "REQ_subtype": "",
      "REQ_type": "",
      "_id": 94,
      "author_id": "not defined",
      "author_name": "Clarence Deacons",
      "helpful": "0",
      "polarity": "",
      "rate": 4,
      "response": "",
      "response_date": "",
      "review": "Im enjoying it and find myself anticipating knowing another language.",
      "review_date": [
        "July",
        "3",
        " 2018"
      ]
    },
    {
      "REQ_subtype": "",
      "REQ_type": "",
      "_id": 95,
      "author_id": "not defined",
      "author_name": "awais ahmad",
      "helpful": "0",
      "polarity": "",
      "rate": 4,
      "response": "",
      "response_date": "",
      "review": "The aap should show translation atleast once otherwise its a blank guess at \nfirst",
      "review_date": [
        "July",
        "2",
        " 2018"
      ]
    },
    {
      "REQ_subtype": "",
      "REQ_type": "",
      "_id": 96,
      "author_id": "not defined",
      "author_name": "April Newton",
      "helpful": "0",
      "polarity": "",
      "rate": 5,
      "response": "",
      "response_date": "",
      "review": "Easiest way to learn language I'm very impressed at how much I've learned \nin lesson one",
      "review_date": [
        "July",
        "8",
        " 2018"
      ]
    },
    {
      "REQ_subtype": "",
      "REQ_type": "",
      "_id": 97,
      "author_id": "not defined",
      "author_name": "Crystal Live",
      "helpful": "0",
      "polarity": "",
      "rate": 4,
      "response": "",
      "response_date": "",
      "review": "This really helped me in my tour on peru",
      "review_date": [
        "July",
        "3",
        " 2018"
      ]
    },
    {
      "REQ_subtype": "",
      "REQ_type": "",
      "_id": 98,
      "author_id": "not defined",
      "author_name": "Ivory Grant",
      "helpful": "0",
      "polarity": "",
      "rate": 5,
      "response": "",
      "response_date": "",
      "review": "I like this app..im learning new words. It is strengthening my Spanish",
      "review_date": [
        "July",
        "10",
        " 2018"
      ]
    },
    {
      "REQ_subtype": "",
      "REQ_type": "",
      "_id": 99,
      "author_id": "not defined",
      "author_name": "Beth Johnson",
      "helpful": "0",
      "polarity": "",
      "rate": 5,
      "response": "",
      "response_date": "",
      "review": "Using Rosetta stone is fantastic - it uses the same concept as teaching an \ninfant anything is amazing",
      "review_date": [
        "July",
        "7",
        " 2018"
      ]
    },
    {
      "REQ_subtype": "",
      "REQ_type": "",
      "_id": 100,
      "author_id": "not defined",
      "author_name": "A Google user",
      "helpful": "0",
      "polarity": "",
      "rate": 5,
      "response": "",
      "response_date": "",
      "review": "It's so reliable and trustworthy and you can learn any...five stars \nlanguage...it's amazing ,five stars",
      "review_date": [
        "July",
        "7",
        " 2018"
      ]
    },
    {
      "REQ_subtype": "",
      "REQ_type": "",
      "_id": 101,
      "author_id": "not defined",
      "author_name": "Michael B",
      "helpful": "0",
      "polarity": "",
      "rate": 5,
      "response": "",
      "response_date": "",
      "review": "Being able to do language on every device constantly keeps me in learning \nmode.",
      "review_date": [
        "July",
        "7",
        " 2018"
      ]
    },
    {
      "REQ_subtype": "",
      "REQ_type": "",
      "_id": 102,
      "author_id": "not defined",
      "author_name": "Vivian Wesson",
      "helpful": "0",
      "polarity": "",
      "rate": 5,
      "response": "",
      "response_date": "",
      "review": "Excellent resource compared with older versions. Great way to learn a new \nlanguage!",
      "review_date": [
        "June",
        "30",
        " 2018"
      ]
    },
    {
      "REQ_subtype": "",
      "REQ_type": "",
      "_id": 103,
      "author_id": "not defined",
      "author_name": "Terron Williams",
      "helpful": "0",
      "polarity": "",
      "rate": 4,
      "response": "",
      "response_date": "",
      "review": "i think the beginning lessons should start with greetings",
      "review_date": [
        "July",
        "3",
        " 2018"
      ]
    },
    {
      "REQ_subtype": "",
      "REQ_type": "",
      "_id": 104,
      "author_id": "not defined",
      "author_name": "A Google user",
      "helpful": "0",
      "polarity": "",
      "rate": 2,
      "response": "We apologize for any inconvenience. Please send us a feedback email via in-app settings to follow up with you. Open Rosetta Stone, tap the Menu (3 horizontal lines), Settings, Feedback.",
      "response_date": [
        "June",
        "28",
        " 2018"
      ],
      "review": "It will not unlock the rest of the program.",
      "review_date": [
        "June",
        "28",
        " 2018"
      ]
    },
    {
      "REQ_subtype": "",
      "REQ_type": "",
      "_id": 105,
      "author_id": "not defined",
      "author_name": "Crys Clitheroe",
      "helpful": "0",
      "polarity": "",
      "rate": 5,
      "response": "",
      "response_date": "",
      "review": "Excellent app for immersive, but practical language learning. Fun and \nbeautiful!",
      "review_date": [
        "July",
        "4",
        " 2018"
      ]
    },
    {
      "REQ_subtype": "",
      "REQ_type": "",
      "_id": 106,
      "author_id": "not defined",
      "author_name": "Tmoneymackey Banz",
      "helpful": "0",
      "polarity": "",
      "rate": 5,
      "response": "",
      "response_date": "",
      "review": "i am learing so many languages",
      "review_date": [
        "July",
        "6",
        " 2018"
      ]
    },
    {
      "REQ_subtype": "",
      "REQ_type": "",
      "_id": 107,
      "author_id": "not defined",
      "author_name": "Midnight Kiss",
      "helpful": "0",
      "polarity": "",
      "rate": 5,
      "response": "",
      "response_date": "",
      "review": "Great for learning Spanish. It teaches you how to recognize words through \nthe pictures",
      "review_date": [
        "July",
        "2",
        " 2018"
      ]
    },
    {
      "REQ_subtype": "",
      "REQ_type": "",
      "_id": 108,
      "author_id": "not defined",
      "author_name": "Marc Davies",
      "helpful": "0",
      "polarity": "",
      "rate": 4,
      "response": "",
      "response_date": "",
      "review": "Great way to learn spanish as it helps you think in spanish, not translate \nfrom english",
      "review_date": [
        "July",
        "7",
        " 2018"
      ]
    },
    {
      "REQ_subtype": "",
      "REQ_type": "",
      "_id": 109,
      "author_id": "not defined",
      "author_name": "Afif Muflih",
      "helpful": "0",
      "polarity": "",
      "rate": 4,
      "response": "",
      "response_date": "",
      "review": "All is great, except we have to pay more to be a premium member, tho",
      "review_date": [
        "July",
        "10",
        " 2018"
      ]
    },
    {
      "REQ_subtype": "",
      "REQ_type": "",
      "_id": 110,
      "author_id": "not defined",
      "author_name": "Adrian Whitaker",
      "helpful": "0",
      "polarity": "",
      "rate": 4,
      "response": "",
      "response_date": "",
      "review": "Wonderful app to learn with wish more of it was free but it helps you learn \nfast",
      "review_date": [
        "July",
        "1",
        " 2018"
      ]
    },
    {
      "REQ_subtype": "",
      "REQ_type": "",
      "_id": 111,
      "author_id": "not defined",
      "author_name": "Carlie Malone",
      "helpful": "0",
      "polarity": "",
      "rate": 5,
      "response": "",
      "response_date": "",
      "review": "This is making learning a new language fun I absolutely love it!",
      "review_date": [
        "July",
        "6",
        " 2018"
      ]
    },
    {
      "REQ_subtype": "",
      "REQ_type": "",
      "_id": 112,
      "author_id": "not defined",
      "author_name": "Sophie Ockwell",
      "helpful": "0",
      "polarity": "",
      "rate": 4,
      "response": "",
      "response_date": "",
      "review": "Only just started using it but i am liking it so far!",
      "review_date": [
        "July",
        "7",
        " 2018"
      ]
    },
    {
      "REQ_subtype": "",
      "REQ_type": "",
      "_id": 113,
      "author_id": "not defined",
      "author_name": "George Player",
      "helpful": "0",
      "polarity": "",
      "rate": 4,
      "response": "",
      "response_date": "",
      "review": "Been on hear 15 mins an already i feel like a bonified spainard \ud83d\ude02",
      "review_date": [
        "July",
        "5",
        " 2018"
      ]
    },
    {
      "REQ_subtype": "",
      "REQ_type": "",
      "_id": 114,
      "author_id": "not defined",
      "author_name": "Mica Sonobe",
      "helpful": "0",
      "polarity": "",
      "rate": 5,
      "response": "",
      "response_date": "",
      "review": "Very Very good! E \u00f3timo para praticar pronunciamento e aprender :)",
      "review_date": [
        "July",
        "9",
        " 2018"
      ]
    },
    {
      "REQ_subtype": "",
      "REQ_type": "",
      "_id": 115,
      "author_id": "not defined",
      "author_name": "Stephanie Bauer",
      "helpful": "0",
      "polarity": "",
      "rate": 5,
      "response": "",
      "response_date": "",
      "review": "So far I'm grasping the lessons well, so I'm very happy.",
      "review_date": [
        "July",
        "2",
        " 2018"
      ]
    },
    {
      "REQ_subtype": "",
      "REQ_type": "",
      "_id": 116,
      "author_id": "not defined",
      "author_name": "Sharlisa Lindsey",
      "helpful": "0",
      "polarity": "",
      "rate": 5,
      "response": "",
      "response_date": "",
      "review": "Love it. Cant wait til I have it down so I can speak it.",
      "review_date": [
        "July",
        "5",
        " 2018"
      ]
    },
    {
      "REQ_subtype": "",
      "REQ_type": "",
      "_id": 117,
      "author_id": "not defined",
      "author_name": "Ricardo Castillo",
      "helpful": "0",
      "polarity": "",
      "rate": 5,
      "response": "",
      "response_date": "",
      "review": "Really good learning app so much fun highly recommended.",
      "review_date": [
        "July",
        "10",
        " 2018"
      ]
    },
    {
      "REQ_subtype": "",
      "REQ_type": "",
      "_id": 118,
      "author_id": "not defined",
      "author_name": "A Google user",
      "helpful": "0",
      "polarity": "",
      "rate": 5,
      "response": "",
      "response_date": "",
      "review": "I love it it's a quick an easy way to learn a different language \ud83d\udc4d",
      "review_date": [
        "July",
        "9",
        " 2018"
      ]
    },
    {
      "REQ_subtype": "",
      "REQ_type": "",
      "_id": 119,
      "author_id": "not defined",
      "author_name": "Govinda Tselios",
      "helpful": "0",
      "polarity": "",
      "rate": 4,
      "response": "",
      "response_date": "",
      "review": "I think the price should be lowered than it would be 5 stars",
      "review_date": [
        "July",
        "6",
        " 2018"
      ]
    }
  ],
  "size": "76",
  "url": "https://play.google.com/store/apps/details?id=air.com.rosettastone.mobile.CoursePlayer",
  "version": "5.2.1"
}