{
  "categories": [
    "Finance"
  ],
  "description": "The FNB Banking App embraces the future of help \u2013 helping people to help themselves. Managing your financial life has never been this easy with the ability to transact, borrow, invest, protect and communicate all in one place.Download the app to see for yourself.Want to know more? Open the banking app and select Information from the main menu. Here you can view video tutorials on all in-app functionality from FNB Assist, or see answers to frequently asked questions from Help._____________________________________________FNB Pay - Supported on NFC enabled devices with KitKat 4.4 or above Fingerprint ID - Supported on devices with a Fingerprint sensor running Android 6.0Watch App - Only available on Android Wear supported devicesSecure Chat - Only available to Premier, Private Clients and Private Wealth _____________________________________________By downloading or using the FNB Banking App for smartphones, you agree to be bound by the license agreement located at https://fnbtouch.fnbconnect.co.za/software_license.pdf . This agreement is incorporated into this notice for reference.If you do not agree to the license agreement, do not download or use the application.Terms & conditions apply.",
  "inc": "FNB",
  "intalled_count": "1,000,000",
  "last_update": [
    "May",
    "14",
    " 2018"
  ],
  "name": "FNB Banking App",
  "offered_by": "Google Commerce Ltd",
  "permissions": {
    "Identity": [
      "find accounts on the device"
    ],
    "Contacts": [
      "find accounts on the device",
      "read your contacts"
    ],
    "Location": [
      "approximate location (network-based)",
      "precise location (GPS and network-based)"
    ],
    "SMS": [
      "read your text messages (SMS or MMS)",
      "receive text messages (SMS)"
    ],
    "Phone": [
      "directly call phone numbers",
      "read phone status and identity",
      "make/receive SIP calls"
    ],
    "Photos/Media/Files": [
      "read the contents of your USB storage",
      "modify or delete the contents of your USB storage"
    ],
    "Storage": [
      "read the contents of your USB storage",
      "modify or delete the contents of your USB storage"
    ],
    "Camera": [
      "take pictures and videos"
    ],
    "Microphone": [
      "record audio"
    ],
    "Wi-Fi connection information": [
      "view Wi-Fi connections"
    ],
    "Device ID & call information": [
      "read phone status and identity"
    ],
    "Other": [
      "receive data from Internet",
      "view network connections",
      "pair with Bluetooth devices",
      "access Bluetooth settings",
      "control flashlight",
      "full network access",
      "change your audio settings",
      "control Near Field Communication",
      "run at startup",
      "control vibration",
      "prevent device from sleeping",
      "modify system settings",
      "read Google service configuration"
    ]
  },
  "price": "",
  "rate": [
    [
      "28,975",
      "4.2"
    ],
    [
      "18,161",
      "5"
    ],
    [
      "5,085",
      "4"
    ],
    [
      "2,015",
      "3"
    ],
    [
      "957",
      "2"
    ],
    [
      "2,757",
      "1"
    ]
  ],
  "required_android": "4.0.3",
  "reviews": [
    {
      "REQ_subtype": "",
      "REQ_type": "",
      "_id": 0,
      "author_id": "not defined",
      "author_name": "Eben Grobbelaar",
      "helpful": "43",
      "polarity": "",
      "rate": 3,
      "response": "Hi Eben,\n\nPlease chat to the App Team on 087 575 0362 so they can have a look.\n\nKind Regards,\nRB Jacobs",
      "response_date": [
        "November",
        "15",
        " 2017"
      ],
      "review": "Why is fnb tap and pay not working? It has been down for a long time. Ag \nnee man!!! And why move the tap and pay option so far into the menus. Now \nyou have to do 3 to 4 selection to get there. Not very cool standing in a \nqueue having to do this. Has your product team done proper use cases???",
      "review_date": [
        "June",
        "7",
        " 2018"
      ]
    },
    {
      "REQ_subtype": "",
      "REQ_type": "",
      "_id": 1,
      "author_id": "not defined",
      "author_name": "Linda Visagie",
      "helpful": "38",
      "polarity": "",
      "rate": 3,
      "response": "",
      "response_date": "",
      "review": "Why do I have to 'approve' buying R10's airtime but a reserved online \npurchase of R1500 is authorised without 'approval'? A certain app required \nmy card details for the 'trial' period and even though I wasn't satisfied \nwith the app and didn't intend to continue with the service, I was billed. \nI would've liked the optiion to approve that transaction or loose the \nservice, which in this case would've been loose the service..",
      "review_date": [
        "June",
        "8",
        " 2018"
      ]
    },
    {
      "REQ_subtype": "",
      "REQ_type": "",
      "_id": 2,
      "author_id": "not defined",
      "author_name": "A Google user",
      "helpful": "0",
      "polarity": "",
      "rate": 4,
      "response": "Hi\n\nThank you for your comments and your feedback is valuable.\n\nThe team has been made aware and hope it will become available in future updates :)\n\nKind Regards\nRB Jacobs",
      "response_date": [
        "May",
        "30",
        " 2018"
      ],
      "review": "This is what a banking app should be. I like the new changes they have \ndone. Only thing that is lacking is a more detailed view of what is going \non. For example a drill down into your expenses. Allowing your users to see \nwhere there spending there money even if it is in the form of categories. \nE.g. eating out food investments. While you are at it offer advice on how \nto invest and make more though your savings offerings that the bank has to \noffer.",
      "review_date": [
        "May",
        "14",
        " 2018"
      ]
    },
    {
      "REQ_subtype": "",
      "REQ_type": "",
      "_id": 3,
      "author_id": "not defined",
      "author_name": "Vutlhari Mabunda",
      "helpful": "6",
      "polarity": "",
      "rate": 3,
      "response": "Hi Vutlhari\n\nI apologise for the inconvenience caused.\n\nPlease click on My Profile Settings and The device + browsers icon is available there.\n\nKind Regards\nRB Jacobs",
      "response_date": [
        "June",
        "26",
        " 2018"
      ],
      "review": "I'm not a huge fan of the new version. I can't even use Internet banking \nbecause I need to verify the browser on my app, and I CANNOT find the \noption to verify browsers on the app because it's not available under \nsettings or anywhere. I actually need to go to the bank now (for certain \nthings) Ibecause the app is glitchy. I preferred the previous version \n\ud83d\ude29\ud83d\ude29\ud83d\ude29.",
      "review_date": [
        "June",
        "23",
        " 2018"
      ]
    },
    {
      "REQ_subtype": "",
      "REQ_type": "",
      "_id": 4,
      "author_id": "not defined",
      "author_name": "Jacqui Coetzee",
      "helpful": "5",
      "polarity": "",
      "rate": 1,
      "response": "",
      "response_date": "",
      "review": "Since the update I it takes more than an hour to log in. Sounds ok I still \nhad the option to work on online banking but when banking online you need \nto approve your transaction on app... which I CANT LOG ONTO!! ice escalated \nnumerous times and never get feedback :(",
      "review_date": [
        "June",
        "15",
        " 2018"
      ]
    },
    {
      "REQ_subtype": "",
      "REQ_type": "",
      "_id": 5,
      "author_id": "not defined",
      "author_name": "Ross Kuyper",
      "helpful": "1",
      "polarity": "",
      "rate": 2,
      "response": "Hi Ross\n\nThank for your comments.\n\nYour feedback has been shared with the team regarding Android P.\n\nKind Regards\nRB Jacobs",
      "response_date": [
        "July",
        "3",
        " 2018"
      ],
      "review": "Whenever a beta version of Android is released it causes the FNB app to \ncrash. I understand that you cannot guarantee immediate support for the \nbeta but it's (Android P beta) been out for quite a while now and it's \nstill not fixed. Will you only address it once it's actually launched?",
      "review_date": [
        "July",
        "3",
        " 2018"
      ]
    },
    {
      "REQ_subtype": "",
      "REQ_type": "",
      "_id": 6,
      "author_id": "not defined",
      "author_name": "Lifa Ngwenya",
      "helpful": "0",
      "polarity": "",
      "rate": 2,
      "response": "Hi Lifa\n\nI apologise for the inconvenience caused.\n\nPlease contact the App Support team on 087 575 0362 so that they can check your limits in place and connectivity. Hope to have this back in working order for you soon!\n\nKind Regards\nRB Jacobs",
      "response_date": [
        "May",
        "30",
        " 2018"
      ],
      "review": "Whenever I need to send an ewallet, I get an error message saying I have \nexceeded my daily prepaid limit. This is despite having not done any \nprepaid transaction for the entire week. Also, of concern are the \nconnectivity issues. The previous version never gave me any such issues.",
      "review_date": [
        "May",
        "30",
        " 2018"
      ]
    },
    {
      "REQ_subtype": "",
      "REQ_type": "",
      "_id": 7,
      "author_id": "not defined",
      "author_name": "M Terblanche",
      "helpful": "0",
      "polarity": "",
      "rate": 2,
      "response": "Hi  M\n\nI apologise for the difficulties experienced.\n\nIf the issue persists, please contact the App Support team on 087 575 0362.\n\nKind Regards\nRB Jacobs",
      "response_date": [
        "June",
        "1",
        " 2018"
      ],
      "review": "Newly installed in a Samsung s6. The app drains my battery. Can see the Fnb \napp usage is the highest. Close to 30% battery power left, my device warns \nme that 1 app is draining the battery and it's the fnb app. I've not \nexperienced this on my S5.",
      "review_date": [
        "May",
        "30",
        " 2018"
      ]
    },
    {
      "REQ_subtype": "",
      "REQ_type": "",
      "_id": 8,
      "author_id": "not defined",
      "author_name": "Kendall Meuskens",
      "helpful": "49",
      "polarity": "",
      "rate": 4,
      "response": "Hi Kendall\n\nI am glad you are enjoying the ease of transacting via the Banking App.\n\nI have referred your further comments reagrding the Login button to the team.\n\nKind Regards\nRB Jacobs",
      "response_date": [
        "May",
        "30",
        " 2018"
      ],
      "review": "Very convenient app, quick and easy banking when I'm on the go. My one \ncomplaint is that the Login button is not placed under the password field \nlike normal, it is hidden (under your hand) at the bottom of the screen! I \nhave pressed the 'Login as another user' button so many times it's not \nfunny. I mean, it's RIGHT THERE!",
      "review_date": [
        "May",
        "24",
        " 2018"
      ]
    },
    {
      "REQ_subtype": "",
      "REQ_type": "",
      "_id": 9,
      "author_id": "not defined",
      "author_name": "Bokang Maswabi",
      "helpful": "1",
      "polarity": "",
      "rate": 3,
      "response": "",
      "response_date": "",
      "review": "Serious design flaw. The app has messages accessible without \nauthentication, but messages contain all your transactions and your current \nbalance from the last seven days! Upon opening the app about 6 options are \navailable without authentication though to access others you authenticate. \nThey should all be behind the authentication step not before. Some body \nfinds you fone and your data about finances is theirs.",
      "review_date": [
        "June",
        "9",
        " 2018"
      ]
    },
    {
      "REQ_subtype": "",
      "REQ_type": "",
      "_id": 10,
      "author_id": "not defined",
      "author_name": "Nicholas Heimes",
      "helpful": "0",
      "polarity": "",
      "rate": 3,
      "response": "Hi Nicholas\n\nThank you for your comment.\n\nPlease can you send me your ID & contact details to rbjacobs@fnb.co.za so I can have this addressed?\n\nKind Regards\nRB Jacobs",
      "response_date": [
        "June",
        "20",
        " 2018"
      ],
      "review": "Verification is a pain, information about it is scarce, conflicting and it \ntakes 7 days to verify device and unlock all features. Staff respond \nquickly and professionally to written queries even though their call centre \ninvolves long holding periods and misinformation. Aside from that, app \nworks smoothly and is a pleasure to use.",
      "review_date": [
        "June",
        "20",
        " 2018"
      ]
    },
    {
      "REQ_subtype": "",
      "REQ_type": "",
      "_id": 11,
      "author_id": "not defined",
      "author_name": "noluthando makhaye",
      "helpful": "1",
      "polarity": "",
      "rate": 1,
      "response": "Hi Noluthando\n\nI apologise for the inconvenience caused.\n\nIf the issue persists, please contact the App Support team on 087 575 0362 so that they can investigate.\n\nKind Regards\nRB Jacobs",
      "response_date": [
        "June",
        "26",
        " 2018"
      ],
      "review": "Useless. It fails to connect over the wifi connection i have but i am able \nto connect other apps. I have to go through google chrome to click on \nonline banking than only I can log in. Why do I have this app when I still \ncant use it.",
      "review_date": [
        "June",
        "21",
        " 2018"
      ]
    },
    {
      "REQ_subtype": "",
      "REQ_type": "",
      "_id": 12,
      "author_id": "not defined",
      "author_name": "Mimi Namalala",
      "helpful": "2",
      "polarity": "",
      "rate": 1,
      "response": "",
      "response_date": "",
      "review": "The new version of the app is really bad. I can't see this menu functions \nproperly and there is no option for sending money (e-wallet). Please \nimprove!!!",
      "review_date": [
        "June",
        "16",
        " 2018"
      ]
    },
    {
      "REQ_subtype": "",
      "REQ_type": "",
      "_id": 13,
      "author_id": "not defined",
      "author_name": "Taahir Hassem",
      "helpful": "1",
      "polarity": "",
      "rate": 3,
      "response": "Hi Taahir\n\nI apologise for the inconvenience caused.\n\nIf the issue persists, please contact the App Support team on 087 575 0362 so that they can investigate.\n\nKind Regards\nRB Jacobs",
      "response_date": [
        "June",
        "26",
        " 2018"
      ],
      "review": "Since the last update, I am unable to login using biometrics. Also not \nreceiving any notifications from online banking so I cannot confirm \nanything on the app. Please fix this.",
      "review_date": [
        "June",
        "20",
        " 2018"
      ]
    },
    {
      "REQ_subtype": "",
      "REQ_type": "",
      "_id": 14,
      "author_id": "not defined",
      "author_name": "Lily Serumula",
      "helpful": "0",
      "polarity": "",
      "rate": 4,
      "response": "",
      "response_date": "",
      "review": "Used to love the app but now its ok. Since weekend tried to open it said i \nhave entered mu pin incorrectely. I even tried to reset password. But it \nstill reject my card number and pin.",
      "review_date": [
        "May",
        "19",
        " 2018"
      ]
    },
    {
      "REQ_subtype": "",
      "REQ_type": "",
      "_id": 15,
      "author_id": "not defined",
      "author_name": "Lamson Chigu",
      "helpful": "2",
      "polarity": "",
      "rate": 2,
      "response": "Hi Lamson\n\nThank you for your comment.\n\nYour feedback has been shared with the team.\n\nKind Regards\nRB Jacobs",
      "response_date": [
        "June",
        "1",
        " 2018"
      ],
      "review": "As a person migrating from Capitec, this app is still way too inferior. \nWell, there it is, i have said it. I wish it was like Capitec's. This app \nis still a millenia away from optimum functionality. You still have to \npunch in new numbers to buy airtime . As for online payment options you \nstill don't have a push notification to use the app...",
      "review_date": [
        "June",
        "19",
        " 2018"
      ]
    },
    {
      "REQ_subtype": "",
      "REQ_type": "",
      "_id": 16,
      "author_id": "not defined",
      "author_name": "kerry polansky",
      "helpful": "2",
      "polarity": "",
      "rate": 5,
      "response": "",
      "response_date": "",
      "review": "I love this app. It's so convenient and easy to use. It has now, however, \nstarted asking me to log in with my card number and PIN. I'm a bit weary of \nthat. Is this a new requirement or something to worry about?",
      "review_date": [
        "June",
        "9",
        " 2018"
      ]
    },
    {
      "REQ_subtype": "",
      "REQ_type": "",
      "_id": 17,
      "author_id": "not defined",
      "author_name": "Moegamat-Zain Gamieldien",
      "helpful": "1",
      "polarity": "",
      "rate": 3,
      "response": "Hi Moegamat\n\nI apologise for the inconvenience caused.\n\nIf the issue persists, please contact the App Support team on 087 575 0362 so that they can investigate.\n\nKind Regards\nRB Jacobs",
      "response_date": [
        "June",
        "26",
        " 2018"
      ],
      "review": "I'm not able to logon using my FNB online banking enterprise details. The \nother administrator on this app authorised payments but it still reflected \non the website when logging on using IE. Please fix these issues.",
      "review_date": [
        "June",
        "20",
        " 2018"
      ]
    },
    {
      "REQ_subtype": "",
      "REQ_type": "",
      "_id": 18,
      "author_id": "not defined",
      "author_name": "Cobus Laubscher",
      "helpful": "0",
      "polarity": "",
      "rate": 1,
      "response": "Hi Cobus\n\nI apologise for the inconvenience. In order to view your Cards, click on the orange arrow next to your Account which will also reveal your Account settings.\n\nKind Regards\nRB Jacobs",
      "response_date": [
        "July",
        "3",
        " 2018"
      ],
      "review": "Capitec's app is much better, half the screen is a rolling FNB ad, I have \nno idea how change my card limits on the go or other account settings. It's \nno intuitive at all. Highly frustrating compared to other banking apps",
      "review_date": [
        "July",
        "1",
        " 2018"
      ]
    },
    {
      "REQ_subtype": "",
      "REQ_type": "",
      "_id": 19,
      "author_id": "not defined",
      "author_name": "David Howe",
      "helpful": "7",
      "polarity": "",
      "rate": 5,
      "response": "",
      "response_date": "",
      "review": "Great app. Few small niggles. 1. Check Header overlapping actionbar on FNB \nFusion Premier Account screen 2. Directors Dealings (And other views in \nshare options) DetailsValue text should be 2 words.",
      "review_date": [
        "May",
        "22",
        " 2018"
      ]
    },
    {
      "REQ_subtype": "",
      "REQ_type": "",
      "_id": 20,
      "author_id": "not defined",
      "author_name": "Sabelo Ntombela",
      "helpful": "0",
      "polarity": "",
      "rate": 5,
      "response": "Hi Sabelo\n\nPlease make sure that you have set up Smart InContact in order to receive your approval messages.\n\nIf the issue persists, please contact the App Support team on 087 575 0362.\n\nKind Regards\nRB Jacobs",
      "response_date": [
        "June",
        "26",
        " 2018"
      ],
      "review": "When I want to make once off payment, the approval notification does not \npop up in this app, there is no option for managing my 32 days account. \nThanks I have contacted the online support team and they were very helpful.",
      "review_date": [
        "June",
        "26",
        " 2018"
      ]
    },
    {
      "REQ_subtype": "",
      "REQ_type": "",
      "_id": 21,
      "author_id": "not defined",
      "author_name": "Kc Bravo",
      "helpful": "0",
      "polarity": "",
      "rate": 4,
      "response": "Hi Kc\n\nThank you for your comments and I am glad you are enjoying the features on the Banking App.\n\nThe transaction charges are not App related but are in line with the Pricing option on your account itself. Please check your Pricing Guide to view the fees.\n\nKind Regards\nRB Jacobs",
      "response_date": [
        "July",
        "3",
        " 2018"
      ],
      "review": "I would have rated this app 5* but it lacks safety features such as \nrecalling a mistaken ewallet transfer or delaying the ewallet pin. \nDeveloper should add a safety feature to immediately recall or cancel \newallet transactions made to wrong recipients. My favorite feature of this \napp is its ability to drop an ewallet into my personal bank account. Also \nreduce the app charges! They are ridiculous. The charges are for making \ntransactions are too high. This is actually supposed to be totally free for \nfnb customers! We already pay too much for other services from your bank \nplease. BTW I already lodged a complaint with my bank regarding the safety \nfeatures of the app.",
      "review_date": [
        "July",
        "1",
        " 2018"
      ]
    },
    {
      "REQ_subtype": "",
      "REQ_type": "",
      "_id": 22,
      "author_id": "not defined",
      "author_name": "A Google user",
      "helpful": "0",
      "polarity": "",
      "rate": 1,
      "response": "Good Day\n\nI am sorry to hear of the difficulties experienced.\n\nPlease check with your Service Provider regarding your connectivity.\n\nIf the issue persists, please contact the App Support team on 087 575 0362.\n\nKind Regards\nRB Jacobs",
      "response_date": [
        "May",
        "30",
        " 2018"
      ],
      "review": "No connectivity when doing online payments so cant do one time payments! \nHave uninstalled & reinstalled with no luck. Not very helpful to have \nautomated banking system if you can never access the app",
      "review_date": [
        "May",
        "21",
        " 2018"
      ]
    },
    {
      "REQ_subtype": "",
      "REQ_type": "",
      "_id": 23,
      "author_id": "not defined",
      "author_name": "Pierre Duvenage",
      "helpful": "4",
      "polarity": "",
      "rate": 5,
      "response": "Hi Pierre\n\nI apologise for the inconvenience.\n\nPlease send me your details to rbjacobs@fnb.co.za so I can get you the required assistance.\n\nKind Regards\nRB Jacobs",
      "response_date": [
        "May",
        "30",
        " 2018"
      ],
      "review": "Fingerprint scanner doesn't work on Galaxy S9 (Android O - 8.0) . All \npermissions are allowed. Fix it so I can fix my rating. ------ Edit: Sorry \nfor the misunderstanding, just had to log into the app, disable biometrics \nand then re-enable it again. Now it is working again! Thank you for calling \nme",
      "review_date": [
        "May",
        "30",
        " 2018"
      ]
    },
    {
      "REQ_subtype": "",
      "REQ_type": "",
      "_id": 24,
      "author_id": "not defined",
      "author_name": "Etienne Fourie",
      "helpful": "0",
      "polarity": "",
      "rate": 3,
      "response": "Hi Etienne \n\nI apologise for the inconvenience caused.\n\nPlease send me your details to rbjacobs@fnb.co.za so I can have the team investigate?\n\nKind Regards\nRB Jacobs",
      "response_date": [
        "May",
        "30",
        " 2018"
      ],
      "review": "Im consistently unable to buy electricity via the app. Can't remember when \nlast that function actually worked. Sometimes I get an error message, then \nlater the money is deducted without sending the code for the electricity. \nPls fix!",
      "review_date": [
        "May",
        "25",
        " 2018"
      ]
    },
    {
      "REQ_subtype": "",
      "REQ_type": "",
      "_id": 25,
      "author_id": "not defined",
      "author_name": "Rebecca Franks",
      "helpful": "0",
      "polarity": "",
      "rate": 3,
      "response": "",
      "response_date": "",
      "review": "The new update that removed the side navigation makes this app incredibly \ndifficult to navigate around in \ud83d\ude2a Please bring it back. Please can \nnotification channels be implemented for Ebucks promotions vs OTPs, I would \nlike to be able to customize how I receive the important notifications vs \nthe promotional notifications.",
      "review_date": [
        "July",
        "10",
        " 2018"
      ]
    },
    {
      "REQ_subtype": "",
      "REQ_type": "",
      "_id": 26,
      "author_id": "not defined",
      "author_name": "Marius Cornelissen",
      "helpful": "4",
      "polarity": "",
      "rate": 1,
      "response": "Hi Marius\n\nI apologise for the inconvenience caused.\n\nConnected in terms of registering for the App? If so, please send me your details to rbjacobs@fnb.co.za\n\nKind Regards\nRB Jacobs",
      "response_date": [
        "May",
        "30",
        " 2018"
      ],
      "review": "Been struggling for weeks to get connected. xalled the call centre several \ntimes and your agents have all dropped the phone in my ear",
      "review_date": [
        "May",
        "21",
        " 2018"
      ]
    },
    {
      "REQ_subtype": "",
      "REQ_type": "",
      "_id": 27,
      "author_id": "not defined",
      "author_name": "Wilmar\u00e9 Terblanche",
      "helpful": "1",
      "polarity": "",
      "rate": 3,
      "response": "Hi Wlimare\n\nThank you for your comments. Your feedback is valuable and has been shared with the team!\n\nWelcome to the FNB Family :)\n\nKind Regards\nRB Jacobs",
      "response_date": [
        "May",
        "30",
        " 2018"
      ],
      "review": "Just opened a new account on the app. Alot easier than going to a branch \nalthough it took a me few times of restarting the application before I \nactually got the account. Overall I am very impressed with the facial \nrecognition but the process still needs work.",
      "review_date": [
        "May",
        "28",
        " 2018"
      ]
    },
    {
      "REQ_subtype": "",
      "REQ_type": "",
      "_id": 28,
      "author_id": "not defined",
      "author_name": "Vukosi AMG Magoda",
      "helpful": "7",
      "polarity": "",
      "rate": 5,
      "response": "",
      "response_date": "",
      "review": "The main problem with it is that anyone can access the messages on the app \nwithout logging in, please fix that.",
      "review_date": [
        "May",
        "23",
        " 2018"
      ]
    },
    {
      "REQ_subtype": "",
      "REQ_type": "",
      "_id": 29,
      "author_id": "not defined",
      "author_name": "Lorraine Joubert",
      "helpful": "0",
      "polarity": "",
      "rate": 1,
      "response": "",
      "response_date": "",
      "review": "I moved this app to my SD card as my phone has almost no device storage. \nHowever after it updated, it was back on my device storage, which caused me \na problem when I urgently needed to install a new app. I really don't \nunderstand why it could not update on my card!!",
      "review_date": [
        "May",
        "19",
        " 2018"
      ]
    },
    {
      "REQ_subtype": "",
      "REQ_type": "",
      "_id": 30,
      "author_id": "not defined",
      "author_name": "Nico Horn",
      "helpful": "0",
      "polarity": "",
      "rate": 1,
      "response": "Hi Nico\n\nThank you for your message.\n\nPlease can you send me your ID number, contact details and details of your complaint to rbjacobs@fnb.co.za so I can have this investigated?\n\nKind Regards\nRB Jacobs",
      "response_date": [
        "June",
        "26",
        " 2018"
      ],
      "review": "MENSE EK WIL JULLE NET WAARSKU . ASB LUISTER MA MY. BLY WEG BY FNB . HULLE \nMAAK REKENINGE TOE EN VAT JOU GELD EN MAAK MET JOU GELD NET WAT HULLE WIL. \nDIS NOU DIE TWEEDE KEER DAT HULLE DIT DOEN . PASSOP FNB BEHEER JOU GELD . \nEK HET SO PAS R14OO VERLOOR . EK VRA JULLE ALMAL WEES VERSIGTIG VIR FNB . \nMOENIE ENIGE REKENINGS OOP MAAK BY HULLE NOE",
      "review_date": [
        "June",
        "27",
        " 2018"
      ]
    },
    {
      "REQ_subtype": "",
      "REQ_type": "",
      "_id": 31,
      "author_id": "not defined",
      "author_name": "A Google user",
      "helpful": "0",
      "polarity": "",
      "rate": 5,
      "response": "",
      "response_date": "",
      "review": "Awesome app...there's so much you can do with it...I'd just advise \nadvertising more about what you can do...i mean ..I've had the app for a \nyear before somebody told me its not just for checking balances and so on \nand that you can actually transfer..gain more E-bucks points in transacting \nwith the app and you can actually see on what level you are and how to \nimprove it...i play with it every now and again and i discover the unknown \neveryday...so advertise more guys...I'm sure there's a lot of people that \nknow about the app but doesn't really know what its for.",
      "review_date": [
        "June",
        "18",
        " 2018"
      ]
    },
    {
      "REQ_subtype": "",
      "REQ_type": "",
      "_id": 32,
      "author_id": "not defined",
      "author_name": "Marc Lotter",
      "helpful": "5",
      "polarity": "",
      "rate": 5,
      "response": "",
      "response_date": "",
      "review": "I now do almost all my banking, business and personal finance through this \nApp. Top notch when it comes to ease of use.",
      "review_date": [
        "May",
        "16",
        " 2018"
      ]
    },
    {
      "REQ_subtype": "",
      "REQ_type": "",
      "_id": 33,
      "author_id": "not defined",
      "author_name": "Spiky THE MAN",
      "helpful": "0",
      "polarity": "",
      "rate": 3,
      "response": "",
      "response_date": "",
      "review": "The app itself works great, but with the latest version, some settings \ndon't work the same as instucted in the help section. Everytime I try to \nlog into FNB Online Bank, I only receive a notification, and no way to \nverify the device\ud83d\ude23",
      "review_date": [
        "June",
        "5",
        " 2018"
      ]
    },
    {
      "REQ_subtype": "",
      "REQ_type": "",
      "_id": 34,
      "author_id": "not defined",
      "author_name": "ronald gutu",
      "helpful": "0",
      "polarity": "",
      "rate": 3,
      "response": "",
      "response_date": "",
      "review": "The older version was lekker, l can temporarily block my cards and do a \nwhole lot of stuff like viewing my pin. We don't usually use our eBucks pin \nand at some times we lose our cards and have to temporarily block it. This \nversion sucks big time.",
      "review_date": [
        "June",
        "10",
        " 2018"
      ]
    },
    {
      "REQ_subtype": "",
      "REQ_type": "",
      "_id": 35,
      "author_id": "not defined",
      "author_name": "jaco timmerman",
      "helpful": "0",
      "polarity": "",
      "rate": 3,
      "response": "",
      "response_date": "",
      "review": "Hi i can't connect my smart watch samsung gear s3 is there an smartwatch \napp available on the samsung store and fnb pay is not working anymore on my \nhauwei p20. Please any advice",
      "review_date": [
        "June",
        "27",
        " 2018"
      ]
    },
    {
      "REQ_subtype": "",
      "REQ_type": "",
      "_id": 36,
      "author_id": "not defined",
      "author_name": "Phillip Meyer",
      "helpful": "0",
      "polarity": "",
      "rate": 1,
      "response": "Hi Phillip\n\nI apologise for the inconvenience caused.\n\nPlease send me your details to rbjacobs@fnb.co.za so I can have the team investigate?\n\nKind Regards\nRB Jacobs",
      "response_date": [
        "May",
        "30",
        " 2018"
      ],
      "review": "Since upgrading to Samsung S9+ the website auth notifications are not coming through to the App.  (In-contact notifications etc are all coming through)All notification settings are as should be and I'm not able to get through to the helpdesk.",
      "review_date": [
        "May",
        "25",
        " 2018"
      ]
    },
    {
      "REQ_subtype": "",
      "REQ_type": "",
      "_id": 37,
      "author_id": "not defined",
      "author_name": "Tanya Van Aswegen",
      "helpful": "0",
      "polarity": "",
      "rate": 1,
      "response": "Hi Tanya\n\nThank you for your comments\n\nPlease send me your details to rbjacobs@fnb.co.za so I can have the team assist?\n\nKind Regards\nRB Jacobs",
      "response_date": [
        "June",
        "1",
        " 2018"
      ],
      "review": "I no longer able to approve once off payments via the app?! I set up once \noff payment on my PC then I need the new recipient to be approved via the \napp - then I get no option to do so once I open the app!",
      "review_date": [
        "May",
        "31",
        " 2018"
      ]
    },
    {
      "REQ_subtype": "",
      "REQ_type": "",
      "_id": 38,
      "author_id": "not defined",
      "author_name": "Romanzo Van Zyl",
      "helpful": "0",
      "polarity": "",
      "rate": 1,
      "response": "",
      "response_date": "",
      "review": "I had this problem to log in or get a new password ...when i call the call \ncenter they just say they will help you , bt than put off the phone in your \near ...poor service of them",
      "review_date": [
        "June",
        "6",
        " 2018"
      ]
    },
    {
      "REQ_subtype": "",
      "REQ_type": "",
      "_id": 39,
      "author_id": "not defined",
      "author_name": "A Google user",
      "helpful": "1",
      "polarity": "",
      "rate": 1,
      "response": "Good Day\n\nIt is available . Please check under My Profile Settings.\n\nKind Regards\nRB Jacobs",
      "response_date": [
        "May",
        "30",
        " 2018"
      ],
      "review": "The new version doesn't have the device's and browsers option so that i can \nverify my device I'm very disappointed please fix it. \ud83d\ude21",
      "review_date": [
        "May",
        "27",
        " 2018"
      ]
    },
    {
      "REQ_subtype": "",
      "REQ_type": "",
      "_id": 40,
      "author_id": "not defined",
      "author_name": "Veronica Strydom",
      "helpful": "0",
      "polarity": "",
      "rate": 1,
      "response": "",
      "response_date": "",
      "review": "Well it whas a good app until l updated it l can't buy airtime for my phone \nand could do it now it won't l want the old app back. I've trayed and \nblocked my password cot a new password but can't put airtime on my phone \nfrom my card and to scared now to do anything",
      "review_date": [
        "June",
        "7",
        " 2018"
      ]
    },
    {
      "REQ_subtype": "",
      "REQ_type": "",
      "_id": 41,
      "author_id": "not defined",
      "author_name": "Anthea Christine Smith",
      "helpful": "0",
      "polarity": "",
      "rate": 2,
      "response": "",
      "response_date": "",
      "review": "This banking app is lacking, it does not have all tge facilities associated \nwith fnb, specifically PayPal. Thought it would show all accounts but \napparently not!",
      "review_date": [
        "June",
        "8",
        " 2018"
      ]
    },
    {
      "REQ_subtype": "",
      "REQ_type": "",
      "_id": 42,
      "author_id": "not defined",
      "author_name": "Tracey Appollis",
      "helpful": "0",
      "polarity": "",
      "rate": 2,
      "response": "",
      "response_date": "",
      "review": "I've had the app before. But when I went to log in it asked for my card \ndetails. This app feels like a scam because the website won't ask me for \nthat.",
      "review_date": [
        "June",
        "2",
        " 2018"
      ]
    },
    {
      "REQ_subtype": "",
      "REQ_type": "",
      "_id": 43,
      "author_id": "not defined",
      "author_name": "Andre Dannhauser",
      "helpful": "0",
      "polarity": "",
      "rate": 2,
      "response": "Hi Andre\n\nThe STOP feature is available on the App for unauthorised debit orders below R200. \n\nIf the issue persists, please contact the App Support team on 087 575 0362.\n\nKind Regards\nRB Jacobs",
      "response_date": [
        "June",
        "1",
        " 2018"
      ],
      "review": "Why does it not allow you to STOP unauthorised debit orders? They can be \nreversed, but then you have to do it every month",
      "review_date": [
        "May",
        "31",
        " 2018"
      ]
    },
    {
      "REQ_subtype": "",
      "REQ_type": "",
      "_id": 44,
      "author_id": "not defined",
      "author_name": "Dhaven Naidoo",
      "helpful": "0",
      "polarity": "",
      "rate": 1,
      "response": "",
      "response_date": "",
      "review": "Useless because it doesnt gave the cash withdrawal facility and ewallet , \nsays you exceeded daily limit, but you cannot set limit, developers are \nidiots this is downgrade",
      "review_date": [
        "June",
        "9",
        " 2018"
      ]
    },
    {
      "REQ_subtype": "",
      "REQ_type": "",
      "_id": 45,
      "author_id": "not defined",
      "author_name": "Reimer Erasmus",
      "helpful": "0",
      "polarity": "",
      "rate": 2,
      "response": "Hi Reimer\n\nThank you for clarifying.\n\nPlease contact the App Support team on 087 575 0362 so they can have a look into this for you.\n\nKind Regards\nRB Jacobs",
      "response_date": [
        "July",
        "6",
        " 2018"
      ],
      "review": "I do not have the option to send cardless withdrawels on the home screen or \nany screen, and yes I have the newest version of the app. Please help",
      "review_date": [
        "July",
        "6",
        " 2018"
      ]
    },
    {
      "REQ_subtype": "",
      "REQ_type": "",
      "_id": 46,
      "author_id": "not defined",
      "author_name": "Kevin Green",
      "helpful": "0",
      "polarity": "",
      "rate": 3,
      "response": "Hi Kevin\n\nThe Cardless Withdrawal option is available on the Home screen once you open the Banking App.\n\nKind Regards\nRB Jacobs",
      "response_date": [
        "June",
        "26",
        " 2018"
      ],
      "review": "Bring back cardless withdrawals, I hate whenever there is a new version and \nyou don't put back the cardless withdrawal, can't trust ATMs anymore",
      "review_date": [
        "June",
        "22",
        " 2018"
      ]
    },
    {
      "REQ_subtype": "",
      "REQ_type": "",
      "_id": 47,
      "author_id": "not defined",
      "author_name": "Justin Jaco Holzhauzen",
      "helpful": "0",
      "polarity": "",
      "rate": 3,
      "response": "",
      "response_date": "",
      "review": "Great app. Just can't seem to get the app sorted for my Samsung Gear S3 \nsmart watch...",
      "review_date": [
        "June",
        "2",
        " 2018"
      ]
    },
    {
      "REQ_subtype": "",
      "REQ_type": "",
      "_id": 48,
      "author_id": "not defined",
      "author_name": "Rajeev Devalall",
      "helpful": "0",
      "polarity": "",
      "rate": 4,
      "response": "Hi Rajeev\n\nI apologise for the inconvenience caused.\n\nPlease contact the App Support team on 087 575 0362 if the issue persists.\n\nKind Regards\nRB Jacobs",
      "response_date": [
        "July",
        "3",
        " 2018"
      ],
      "review": "Like the app but Struggling with fingerprint login from my galaxy s9 plus. \nIt was working but not anymore. Can you look into this.",
      "review_date": [
        "July",
        "1",
        " 2018"
      ]
    },
    {
      "REQ_subtype": "",
      "REQ_type": "",
      "_id": 49,
      "author_id": "not defined",
      "author_name": "Jeremy Janse Van Rensburg",
      "helpful": "0",
      "polarity": "",
      "rate": 1,
      "response": "Hi Jeremy\n\nI am sorry to hear this.\n\nWe would like to investigate what has happened. Please send me your ID number & contact details to rbjacobs@fnb.co.za\n\nKind Regards\nRB Jacobs",
      "response_date": [
        "June",
        "26",
        " 2018"
      ],
      "review": "Why change something that worked. Now the app doesn't work and I can't do \nanything with it. Thanks FNB for NOT helping me",
      "review_date": [
        "June",
        "21",
        " 2018"
      ]
    },
    {
      "REQ_subtype": "",
      "REQ_type": "",
      "_id": 50,
      "author_id": "not defined",
      "author_name": "Nokhanyo Njokwana",
      "helpful": "0",
      "polarity": "",
      "rate": 5,
      "response": "",
      "response_date": "",
      "review": "How does this app keep getting better and better????? What sorcery is \nthis????\ud83d\ude2d\ud83d\ude2d\ud83d\ude2d And how is it number 2 when y'all have snatched me bald??? \nI'm here. No wig. No hairline. Just dry",
      "review_date": [
        "May",
        "16",
        " 2018"
      ]
    },
    {
      "REQ_subtype": "",
      "REQ_type": "",
      "_id": 51,
      "author_id": "not defined",
      "author_name": "mishack makwala",
      "helpful": "0",
      "polarity": "",
      "rate": 5,
      "response": "Hi Mishack\n\nSo sorry to hear this.\n\nPlease contact the App Support team on 087 575 0362 so that they can have a look into this.\n\nKind Regards\nRB Jacobs",
      "response_date": [
        "June",
        "20",
        " 2018"
      ],
      "review": "I've problem with this app. It's always change user name but when i press \nlogin, it doesn't allow me to login",
      "review_date": [
        "June",
        "19",
        " 2018"
      ]
    },
    {
      "REQ_subtype": "",
      "REQ_type": "",
      "_id": 52,
      "author_id": "not defined",
      "author_name": "Gomotsegang Maselwa",
      "helpful": "0",
      "polarity": "",
      "rate": 4,
      "response": "Hi Gomotsegang\n\nPlease check your WIFI connectivity with your Network Provider.\n\nKind Regards\nRB Jacobs",
      "response_date": [
        "June",
        "1",
        " 2018"
      ],
      "review": "I am unable to connect via wifi, can only connect via mobile data. I have \nuninstalled and reinstalled but still can't connect on wifi",
      "review_date": [
        "June",
        "1",
        " 2018"
      ]
    },
    {
      "REQ_subtype": "",
      "REQ_type": "",
      "_id": 53,
      "author_id": "not defined",
      "author_name": "UMGUNGUNDLOVU BOARDS & TIMBERS",
      "helpful": "0",
      "polarity": "",
      "rate": 3,
      "response": "Hi there\n\nThank you for your message.\n\nPlease contact the App Support team on 087 575 0362 so that they can have a look.\n\nKind Regards\nRB Jacobs",
      "response_date": [
        "June",
        "26",
        " 2018"
      ],
      "review": "Currently app dont open. Says check internet settings. Location comes on \nand goes off. Resetting helps for a moment and back to normal failing to \nopen.",
      "review_date": [
        "June",
        "24",
        " 2018"
      ]
    },
    {
      "REQ_subtype": "",
      "REQ_type": "",
      "_id": 54,
      "author_id": "not defined",
      "author_name": "Angel Kele Leshomo",
      "helpful": "0",
      "polarity": "",
      "rate": 3,
      "response": "",
      "response_date": "",
      "review": "I downloaded the app but it can't allow me to set it up because it \ncomplains about invalid cellphone number,I only managed to link the ewallet \nservice.I am in Botswana.",
      "review_date": [
        "June",
        "13",
        " 2018"
      ]
    },
    {
      "REQ_subtype": "",
      "REQ_type": "",
      "_id": 55,
      "author_id": "not defined",
      "author_name": "natercia adams",
      "helpful": "0",
      "polarity": "",
      "rate": 1,
      "response": "",
      "response_date": "",
      "review": "I'm having difficulties activating my card, please I need help, will give 5 \nstars if prompts are actually corresponded to what is on the banking app",
      "review_date": [
        "June",
        "8",
        " 2018"
      ]
    },
    {
      "REQ_subtype": "",
      "REQ_type": "",
      "_id": 56,
      "author_id": "not defined",
      "author_name": "Jack Poopedi",
      "helpful": "0",
      "polarity": "",
      "rate": 2,
      "response": "",
      "response_date": "",
      "review": "The app doesn't work under a Wi-Fi connection. Must turn off Wi-Fi and \nconnect using 3G or LTE. Frustrating.",
      "review_date": [
        "July",
        "6",
        " 2018"
      ]
    },
    {
      "REQ_subtype": "",
      "REQ_type": "",
      "_id": 57,
      "author_id": "not defined",
      "author_name": "Gaynor Claassen",
      "helpful": "0",
      "polarity": "",
      "rate": 4,
      "response": "Hi Gaynor\n\nThank you for your message.\n\nYour feedback has been shared with the team.\n\nKind Regards\nRB Jacobs",
      "response_date": [
        "June",
        "26",
        " 2018"
      ],
      "review": "One more thing that Fnb could do is change the whole interface like in HD \nfor a change this look so fake",
      "review_date": [
        "June",
        "22",
        " 2018"
      ]
    },
    {
      "REQ_subtype": "",
      "REQ_type": "",
      "_id": 58,
      "author_id": "not defined",
      "author_name": "Claudine Naidoo",
      "helpful": "0",
      "polarity": "",
      "rate": 3,
      "response": "",
      "response_date": "",
      "review": "Updated my app and tried to change my password so many times and it keeps \ngiving me error messages",
      "review_date": [
        "June",
        "28",
        " 2018"
      ]
    },
    {
      "REQ_subtype": "",
      "REQ_type": "",
      "_id": 59,
      "author_id": "not defined",
      "author_name": "Vernon Coetzee",
      "helpful": "0",
      "polarity": "",
      "rate": 3,
      "response": "Hi Vernon\n\nYou are able to stop and reverse unauthorised debit orders below R200 on our Digital platforms.\n\nKind Regards\nRB Jacobs",
      "response_date": [
        "June",
        "26",
        " 2018"
      ],
      "review": "Are this app outdated or what,coz you cant stop unauthorised debit orders \nalthough the app says you can?",
      "review_date": [
        "June",
        "24",
        " 2018"
      ]
    },
    {
      "REQ_subtype": "",
      "REQ_type": "",
      "_id": 60,
      "author_id": "not defined",
      "author_name": "Lucian Kok",
      "helpful": "0",
      "polarity": "",
      "rate": 2,
      "response": "Hi Lucian\n\nI apologise for the inconvenience caused.\n\nIf the issue persists, please contact the App Support team on 087 575 0362.\n\nKind Regards\nRB Jacobs",
      "response_date": [
        "May",
        "30",
        " 2018"
      ],
      "review": "It keeps saying that my password is incorrect and even if I change the \npassword its the exact same thing",
      "review_date": [
        "May",
        "16",
        " 2018"
      ]
    },
    {
      "REQ_subtype": "",
      "REQ_type": "",
      "_id": 61,
      "author_id": "not defined",
      "author_name": "Noman Asmat Tiwana",
      "helpful": "0",
      "polarity": "",
      "rate": 1,
      "response": "Hi Noman\n\nI apologise for the inconvenience caused.\n\nIf the issue persists, please contact the App Support team on 087 575 0362.\n\nKind Regards\nRB Jacobs",
      "response_date": [
        "June",
        "26",
        " 2018"
      ],
      "review": "Worst update ever! Cant even log in or do payments without it crashing all \nthe time.",
      "review_date": [
        "June",
        "21",
        " 2018"
      ]
    },
    {
      "REQ_subtype": "",
      "REQ_type": "",
      "_id": 62,
      "author_id": "not defined",
      "author_name": "Tinyiko Msweli",
      "helpful": "0",
      "polarity": "",
      "rate": 4,
      "response": "Hi Tinyiko\n\nThe Cardless Withdrawal option is available on the Home screen once you open the Banking App.\n\nKind Regards\nRB Jacobs",
      "response_date": [
        "June",
        "26",
        " 2018"
      ],
      "review": "I don't see the option of both the cardless withdrawal as well as the \noption to of being able buy under the eWallet option",
      "review_date": [
        "June",
        "29",
        " 2018"
      ]
    },
    {
      "REQ_subtype": "",
      "REQ_type": "",
      "_id": 63,
      "author_id": "not defined",
      "author_name": "A Google user",
      "helpful": "0",
      "polarity": "",
      "rate": 1,
      "response": "Hi there\n\nThank you for your comments and I apologise for the inconvenience.\n\nPlease send me your ID number & contact details to rbjacobs@fnb.co.za so I can have the team investigate?\n\nKind Regards\nRB Jacobs",
      "response_date": [
        "July",
        "3",
        " 2018"
      ],
      "review": "Hello South Africans, I woke up this morning just to find out that fnb \nconnect debt illegal transaction from my account. This is not the first \ntime they been doing this. People look after your money and check ever SMS \nthat come into phone. Bank doesn't play with their cent, remembered every \ncent count. This time I wouldn't take it easy with fnb. WATCH OUT FOR FNB \nFOR ILLEGAL DEBT , THEY ALWAYS DOES THIS.",
      "review_date": [
        "June",
        "30",
        " 2018"
      ]
    },
    {
      "REQ_subtype": "",
      "REQ_type": "",
      "_id": 64,
      "author_id": "not defined",
      "author_name": "pieter terblans",
      "helpful": "3",
      "polarity": "",
      "rate": 3,
      "response": "Hi Pieter\n\nI apologise for the inconvenience caused.\n\nIf the issue persists, please contact the App Support team on 087 575 0362.\n\nKind Regards\nRB Jacobs",
      "response_date": [
        "May",
        "30",
        " 2018"
      ],
      "review": "Please fix the lotto thing unable to play lotto on the app since updated",
      "review_date": [
        "May",
        "14",
        " 2018"
      ]
    },
    {
      "REQ_subtype": "",
      "REQ_type": "",
      "_id": 65,
      "author_id": "not defined",
      "author_name": "Samantha Albertyn",
      "helpful": "0",
      "polarity": "",
      "rate": 1,
      "response": "Hi Samantha\n\nI apologise for the inconvenience caused.\n\nIf the issue persists, please contact the App Support team on 087 575 0362.\n\nKind Regards\nRB Jacobs",
      "response_date": [
        "June",
        "26",
        " 2018"
      ],
      "review": "Trying to log in is a nightmare, keeps on saying system offline please try \nagain later\ud83d\ude20",
      "review_date": [
        "June",
        "22",
        " 2018"
      ]
    },
    {
      "REQ_subtype": "",
      "REQ_type": "",
      "_id": 66,
      "author_id": "not defined",
      "author_name": "Marcel Theunissen",
      "helpful": "1",
      "polarity": "",
      "rate": 5,
      "response": "",
      "response_date": "",
      "review": "Love this app! So easy to use and just becomes more useful every update \nwhen new features gets added.",
      "review_date": [
        "June",
        "22",
        " 2018"
      ]
    },
    {
      "REQ_subtype": "",
      "REQ_type": "",
      "_id": 67,
      "author_id": "not defined",
      "author_name": "Bianca Wiese",
      "helpful": "0",
      "polarity": "",
      "rate": 1,
      "response": "",
      "response_date": "",
      "review": "It won't accept my username... I am typing it as on my previous phone and \nit just says incorrect... And it is not",
      "review_date": [
        "June",
        "18",
        " 2018"
      ]
    },
    {
      "REQ_subtype": "",
      "REQ_type": "",
      "_id": 68,
      "author_id": "not defined",
      "author_name": "Casper Botha",
      "helpful": "3",
      "polarity": "",
      "rate": 2,
      "response": "",
      "response_date": "",
      "review": "It won't work on my Cat S60 phone",
      "review_date": [
        "May",
        "26",
        " 2018"
      ]
    },
    {
      "REQ_subtype": "",
      "REQ_type": "",
      "_id": 69,
      "author_id": "not defined",
      "author_name": "Mr & Mrs Oosthuizen",
      "helpful": "0",
      "polarity": "",
      "rate": 5,
      "response": "",
      "response_date": "",
      "review": "I think the new and improved app is great thank you. Would love to be able \nto see Dr and Cr on each transaction on a transaction history though \ninstead of just Dr and a avail balance. Thanks",
      "review_date": [
        "June",
        "3",
        " 2018"
      ]
    },
    {
      "REQ_subtype": "",
      "REQ_type": "",
      "_id": 70,
      "author_id": "not defined",
      "author_name": "Christiaan Myburgh",
      "helpful": "0",
      "polarity": "",
      "rate": 5,
      "response": "",
      "response_date": "",
      "review": "App needs a dark theme mode for night time the white background is blinding \nwhen used at night.",
      "review_date": [
        "June",
        "6",
        " 2018"
      ]
    },
    {
      "REQ_subtype": "",
      "REQ_type": "",
      "_id": 71,
      "author_id": "not defined",
      "author_name": "Reuben Saucer",
      "helpful": "0",
      "polarity": "",
      "rate": 3,
      "response": "",
      "response_date": "",
      "review": "Please include payments history for scheduled payments... This doesn't work \neven on the online version.",
      "review_date": [
        "June",
        "14",
        " 2018"
      ]
    },
    {
      "REQ_subtype": "",
      "REQ_type": "",
      "_id": 72,
      "author_id": "not defined",
      "author_name": "PW Botes",
      "helpful": "1",
      "polarity": "",
      "rate": 1,
      "response": "Hi PW\n\nSo sorry to hear this!\n\nPlease send me your details to rbjacobs@fnb.co.za so I can have the team assist?\n\nKind Regards\nRB Jacobs",
      "response_date": [
        "May",
        "30",
        " 2018"
      ],
      "review": "App still doesn't work on Android P, crashes on startup, unuasable, no \ncommunication from the developers",
      "review_date": [
        "May",
        "21",
        " 2018"
      ]
    },
    {
      "REQ_subtype": "",
      "REQ_type": "",
      "_id": 73,
      "author_id": "not defined",
      "author_name": "Leon G. Marincowitz",
      "helpful": "0",
      "polarity": "",
      "rate": 1,
      "response": "",
      "response_date": "",
      "review": "Can't log in with other accounts. Keyboard won't load so I can't log in. \nApp freezes",
      "review_date": [
        "June",
        "28",
        " 2018"
      ]
    },
    {
      "REQ_subtype": "",
      "REQ_type": "",
      "_id": 74,
      "author_id": "not defined",
      "author_name": "Adriaan Boersma",
      "helpful": "0",
      "polarity": "",
      "rate": 1,
      "response": "Hi Adriaan\n\nSo sorry to hear of the difficulties.\n\nPlease contact the App Support team on 087 575 0362 so they can look into your login access.\n\nKind Regards\nRB Jacobs",
      "response_date": [
        "July",
        "6",
        " 2018"
      ],
      "review": "Stupid app is unnecessarily complicated. If I punch in my password I want \naccess.",
      "review_date": [
        "July",
        "6",
        " 2018"
      ]
    },
    {
      "REQ_subtype": "",
      "REQ_type": "",
      "_id": 75,
      "author_id": "not defined",
      "author_name": "Andre Naude",
      "helpful": "0",
      "polarity": "",
      "rate": 3,
      "response": "Hi Andre\n\nI have checked my App and both of these options are available for use.\n\nPlease try again and if the issue persists, please contact the App Support team on 087 575 0362.\n\nKind Regards\nRB Jacobs",
      "response_date": [
        "May",
        "30",
        " 2018"
      ],
      "review": "Why has the Scheduled payment and block card temporarily, disappeared from \nyour app",
      "review_date": [
        "May",
        "29",
        " 2018"
      ]
    },
    {
      "REQ_subtype": "",
      "REQ_type": "",
      "_id": 76,
      "author_id": "not defined",
      "author_name": "A Google user",
      "helpful": "0",
      "polarity": "",
      "rate": 1,
      "response": "Hi there\n\nThank you for your message.\n\nPlease login to Online Banking directly where you can download up to 3 months statements for free.\n\nKind Regards\nRB Jacobs",
      "response_date": [
        "June",
        "26",
        " 2018"
      ],
      "review": "Getting a statement for more than 10 days back is next to impossible on the \napp",
      "review_date": [
        "June",
        "24",
        " 2018"
      ]
    },
    {
      "REQ_subtype": "",
      "REQ_type": "",
      "_id": 77,
      "author_id": "not defined",
      "author_name": "puleng tlampe",
      "helpful": "0",
      "polarity": "",
      "rate": 1,
      "response": "Hi Puleng\n\nI apologise for the inconvenience caused.\n\nPowerball is available under the Buy tab.\n\nKind Regards\nRB Jacobs",
      "response_date": [
        "May",
        "30",
        " 2018"
      ],
      "review": "Where is powerball?I was so disappointed when the app couldn't place a bet \ntelling me to upgrade only to find that it is omitted",
      "review_date": [
        "May",
        "18",
        " 2018"
      ]
    },
    {
      "REQ_subtype": "",
      "REQ_type": "",
      "_id": 78,
      "author_id": "not defined",
      "author_name": "Craig Cedras",
      "helpful": "3",
      "polarity": "",
      "rate": 5,
      "response": "",
      "response_date": "",
      "review": "I wish I could generate statements from the app and email it to myself \ninstead of having to log into the laptop.",
      "review_date": [
        "May",
        "15",
        " 2018"
      ]
    },
    {
      "REQ_subtype": "",
      "REQ_type": "",
      "_id": 79,
      "author_id": "not defined",
      "author_name": "Riaan Cornelius",
      "helpful": "0",
      "polarity": "",
      "rate": 1,
      "response": "Hi Riaan\n\nI apologise for the inconvenience caused.\n\nIf the issue persists, please contact the App Support team on 087 575 0362 so that they can investigate.\n\nKind Regards\nRB Jacobs",
      "response_date": [
        "June",
        "26",
        " 2018"
      ],
      "review": "App just crashes on launch for me. Android P on a Google Pixel",
      "review_date": [
        "June",
        "21",
        " 2018"
      ]
    },
    {
      "REQ_subtype": "",
      "REQ_type": "",
      "_id": 80,
      "author_id": "not defined",
      "author_name": "shane sardinha",
      "helpful": "0",
      "polarity": "",
      "rate": 1,
      "response": "Hi Shane\n\nI apologise for the inconvenience caused.\n\nIf the issue persists, please contact the App Support team on 087 575 0362.\n\nKind Regards\nRB Jacobs",
      "response_date": [
        "May",
        "30",
        " 2018"
      ],
      "review": "Can't register as a new user. Get stuck in a loop during registration.",
      "review_date": [
        "May",
        "16",
        " 2018"
      ]
    },
    {
      "REQ_subtype": "",
      "REQ_type": "",
      "_id": 81,
      "author_id": "not defined",
      "author_name": "Gary Irwin",
      "helpful": "0",
      "polarity": "",
      "rate": 5,
      "response": "",
      "response_date": "",
      "review": "Recently upgraded to Samsung S4 from my S3, app used to work great on the S3 and still does, however does not work at all on the S4 running Android 4.2.2. Please fix!!!",
      "review_date": [
        "May",
        "31",
        " 2018"
      ]
    },
    {
      "REQ_subtype": "",
      "REQ_type": "",
      "_id": 82,
      "author_id": "not defined",
      "author_name": "Compucart - Ashraf",
      "helpful": "0",
      "polarity": "",
      "rate": 3,
      "response": "Hi Compucart - Ashraf\n\nThank you for your comment.\n\nYour feedback has been shared with the team.\n\nKind Regards\nRB Jacobs",
      "response_date": [
        "June",
        "1",
        " 2018"
      ],
      "review": "Please can you make this app compatible with Android P. It refuses to open \non the new Android software",
      "review_date": [
        "May",
        "31",
        " 2018"
      ]
    },
    {
      "REQ_subtype": "",
      "REQ_type": "",
      "_id": 83,
      "author_id": "not defined",
      "author_name": "Sean Thomson",
      "helpful": "0",
      "polarity": "",
      "rate": 3,
      "response": "Hi Sean\n\nKindly note that the Banking App is currently not supported on Android P. Our Developers have advised that they are working towards getting it ready for the next app release which is during the month of August.\n\nKind Regards\nRB Jacobs",
      "response_date": [
        "July",
        "5",
        " 2018"
      ],
      "review": "Generally the app works great but for the moment does not work with Android 9 (P) where all my other apps work just fine.",
      "review_date": [
        "July",
        "4",
        " 2018"
      ]
    },
    {
      "REQ_subtype": "",
      "REQ_type": "",
      "_id": 84,
      "author_id": "not defined",
      "author_name": "Christopher Robert Kleinsmith",
      "helpful": "0",
      "polarity": "",
      "rate": 5,
      "response": "Hi Christopher\n\nThank you for your positive feedback.\n\nThe App is only available on Mobile devices. In order to access your banking on PC, please login to FNB Online Banking through www.fnb.co.za\n\nKind Regards\nRB Jacobs",
      "response_date": [
        "July",
        "3",
        " 2018"
      ],
      "review": "This app is very acces friendly and safe,but how can i Downdload this app on my Pc.Every time its only ask my cellphone details to install the app on.Help please.",
      "review_date": [
        "July",
        "3",
        " 2018"
      ]
    },
    {
      "REQ_subtype": "",
      "REQ_type": "",
      "_id": 85,
      "author_id": "not defined",
      "author_name": "Phomolo Mpe",
      "helpful": "0",
      "polarity": "",
      "rate": 4,
      "response": "",
      "response_date": "",
      "review": "Great app but the finger print scanner function seems to have stopped \nworking since the most recent update.",
      "review_date": [
        "May",
        "30",
        " 2018"
      ]
    },
    {
      "REQ_subtype": "",
      "REQ_type": "",
      "_id": 86,
      "author_id": "not defined",
      "author_name": "Tali Luvhengo",
      "helpful": "0",
      "polarity": "",
      "rate": 1,
      "response": "",
      "response_date": "",
      "review": "Doesn't run on Android P. Which Is in beta to be fair but still the only \napp on my phone that didn't like Android P. No banking for new i guess",
      "review_date": [
        "May",
        "28",
        " 2018"
      ]
    },
    {
      "REQ_subtype": "",
      "REQ_type": "",
      "_id": 87,
      "author_id": "not defined",
      "author_name": "Francois Mynhardt",
      "helpful": "0",
      "polarity": "",
      "rate": 1,
      "response": "Hi Francois\n\nI apologise for the inconvenience caused.\n\nIf the issue persists, please contact the App Support team on 087 575 0362.\n\nKind Regards\nRB Jacobs",
      "response_date": [
        "May",
        "30",
        " 2018"
      ],
      "review": "My app just suddenly stop working today",
      "review_date": [
        "May",
        "24",
        " 2018"
      ]
    },
    {
      "REQ_subtype": "",
      "REQ_type": "",
      "_id": 88,
      "author_id": "not defined",
      "author_name": "Siphiwe Ndhlovu",
      "helpful": "0",
      "polarity": "",
      "rate": 2,
      "response": "",
      "response_date": "",
      "review": "I forgot my username. Where can I view it?",
      "review_date": [
        "June",
        "7",
        " 2018"
      ]
    },
    {
      "REQ_subtype": "",
      "REQ_type": "",
      "_id": 89,
      "author_id": "not defined",
      "author_name": "samuel motseolapile",
      "helpful": "0",
      "polarity": "",
      "rate": 5,
      "response": "",
      "response_date": "",
      "review": "I mostly do international transactions so this App just made my life simple \nand amazing. I LOVE IT, LOVE YOU FNB \ud83d\ude0d",
      "review_date": [
        "May",
        "21",
        " 2018"
      ]
    },
    {
      "REQ_subtype": "",
      "REQ_type": "",
      "_id": 90,
      "author_id": "not defined",
      "author_name": "Naledi Motswadi",
      "helpful": "2",
      "polarity": "",
      "rate": 1,
      "response": "Hi Naledi\n\nIn order to have the App, you are required to have an active bank account with a card and PIN to authenticate yourself.\n\nPlease contact the team on 087 575 0362 for any further queries.\n\nKind Regards\nRB Jacobs",
      "response_date": [
        "May",
        "30",
        " 2018"
      ],
      "review": "it can only be used by SA citizens, how sad\ud83d\ude23\ud83d\ude23\ud83d\ude23\ud83d\ude23",
      "review_date": [
        "May",
        "17",
        " 2018"
      ]
    },
    {
      "REQ_subtype": "",
      "REQ_type": "",
      "_id": 91,
      "author_id": "not defined",
      "author_name": "Sizwe Zondo",
      "helpful": "0",
      "polarity": "",
      "rate": 3,
      "response": "Hi Sizwe\n\nI am sorry to hear this :(\n\nPlease can you email your details to rbjacobs@fnb.co.za and what is different so I can have this addressed?\n\nKind Regards\nRB Jacobs",
      "response_date": [
        "May",
        "30",
        " 2018"
      ],
      "review": "Not sure why u had to change the Payments page. It was perfect as it was \nbefore. Too much hassle now.",
      "review_date": [
        "May",
        "29",
        " 2018"
      ]
    },
    {
      "REQ_subtype": "",
      "REQ_type": "",
      "_id": 92,
      "author_id": "not defined",
      "author_name": "Lulu Bam",
      "helpful": "0",
      "polarity": "",
      "rate": 4,
      "response": "",
      "response_date": "",
      "review": "Need to please increase ewallet functionality. Need to be able to see \nhistoric transactions to the same depth as EFTs. Need to manage them like \nother payments. Need more be able to store once offs.",
      "review_date": [
        "June",
        "11",
        " 2018"
      ]
    },
    {
      "REQ_subtype": "",
      "REQ_type": "",
      "_id": 93,
      "author_id": "not defined",
      "author_name": "Leon Mahne",
      "helpful": "0",
      "polarity": "",
      "rate": 4,
      "response": "",
      "response_date": "",
      "review": "Works great most of the time. I just wish it reflects the services \navailable online more accurately. Like buying airtime from the phone ook \nthat is available on online banking.",
      "review_date": [
        "June",
        "20",
        " 2018"
      ]
    },
    {
      "REQ_subtype": "",
      "REQ_type": "",
      "_id": 94,
      "author_id": "not defined",
      "author_name": "A Google user",
      "helpful": "0",
      "polarity": "",
      "rate": 1,
      "response": "Good Day\n\nI apologise for the inconvenience caused.\n\nPlease can you email me the screenshots and your details to rbjacobs@fnb.co.za so I can have the team look into this for you?\n\nKind Regards\nRB Jacobs",
      "response_date": [
        "May",
        "30",
        " 2018"
      ],
      "review": "I have tried using the forex logo and I got to where it says I must choose \nan account which i want to send money from and it didn't open the \nalternative accounts I have to choose from.",
      "review_date": [
        "May",
        "29",
        " 2018"
      ]
    },
    {
      "REQ_subtype": "",
      "REQ_type": "",
      "_id": 95,
      "author_id": "not defined",
      "author_name": "Jay Carelse",
      "helpful": "2",
      "polarity": "",
      "rate": 4,
      "response": "Hi Jay\n\nFNB Pay is now under the Payments tab.\n\nKind Regards\nRB Jacobs",
      "response_date": [
        "May",
        "30",
        " 2018"
      ],
      "review": "Excellent app. Just can't find FNB Pay registration option in the app.",
      "review_date": [
        "May",
        "16",
        " 2018"
      ]
    },
    {
      "REQ_subtype": "",
      "REQ_type": "",
      "_id": 96,
      "author_id": "not defined",
      "author_name": "Mohammed Bembe",
      "helpful": "0",
      "polarity": "",
      "rate": 2,
      "response": "",
      "response_date": "",
      "review": "I can't seem to install this app on my Sony Xperia C4. Every time it's \ntelling me to troubleshoot. Even after troubleshooting it won't install.",
      "review_date": [
        "June",
        "17",
        " 2018"
      ]
    },
    {
      "REQ_subtype": "",
      "REQ_type": "",
      "_id": 97,
      "author_id": "not defined",
      "author_name": "Brian Bodibe",
      "helpful": "2",
      "polarity": "",
      "rate": 2,
      "response": "Hi Brian\n\nAre you referring to the Switch with Selfie?\n\nThis feature is only available to customers who don't currently have an FNB profile.\n\nIf you would like to open up additional accounts, you can click on Apply now.\n\nKind Regards\nRB Jacobs",
      "response_date": [
        "May",
        "30",
        " 2018"
      ],
      "review": "I was trying to open up an account with the system u claimed it works but \ndololo",
      "review_date": [
        "May",
        "17",
        " 2018"
      ]
    },
    {
      "REQ_subtype": "",
      "REQ_type": "",
      "_id": 98,
      "author_id": "not defined",
      "author_name": "Bradley Pansegrouw",
      "helpful": "0",
      "polarity": "",
      "rate": 3,
      "response": "Hi Bradley\n\nPlease check with the App Support team on 087 575 0362 as all new accounts and cards will reflect immediately.\n\nKind Regards\nRB Jacobs",
      "response_date": [
        "July",
        "3",
        " 2018"
      ],
      "review": "Why is my bank account card not show in the app anymore ?I got the new card \nfew days ago and it was still on the app now its gone??",
      "review_date": [
        "July",
        "3",
        " 2018"
      ]
    },
    {
      "REQ_subtype": "",
      "REQ_type": "",
      "_id": 99,
      "author_id": "not defined",
      "author_name": "A Google user",
      "helpful": "0",
      "polarity": "",
      "rate": 5,
      "response": "",
      "response_date": "",
      "review": "The best Banking App! FNB is always coming up with Innovative ideas / I \ndon't need to visit a branch anymore!",
      "review_date": [
        "June",
        "20",
        " 2018"
      ]
    },
    {
      "REQ_subtype": "",
      "REQ_type": "",
      "_id": 100,
      "author_id": "not defined",
      "author_name": "Chris Morongwe",
      "helpful": "2",
      "polarity": "",
      "rate": 5,
      "response": "",
      "response_date": "",
      "review": "I like this app a lot no problems with it it just work fine",
      "review_date": [
        "May",
        "15",
        " 2018"
      ]
    },
    {
      "REQ_subtype": "",
      "REQ_type": "",
      "_id": 101,
      "author_id": "not defined",
      "author_name": "DJ Papzin",
      "helpful": "3",
      "polarity": "",
      "rate": 4,
      "response": "Hi DJ\n\nThe Contact page is available under the Information tab.\n\nKind Regards\nRB Jacobs",
      "response_date": [
        "May",
        "30",
        " 2018"
      ],
      "review": "We need a contact page on the app that allows us to send an email or call \nfor free through the app",
      "review_date": [
        "May",
        "16",
        " 2018"
      ]
    },
    {
      "REQ_subtype": "",
      "REQ_type": "",
      "_id": 102,
      "author_id": "not defined",
      "author_name": "Nadine Moodley",
      "helpful": "0",
      "polarity": "",
      "rate": 1,
      "response": "",
      "response_date": "",
      "review": "Why doesn't this app have a QR code scanner and pay option like the \nmasterpass app that every other bank has ?",
      "review_date": [
        "June",
        "30",
        " 2018"
      ]
    },
    {
      "REQ_subtype": "",
      "REQ_type": "",
      "_id": 103,
      "author_id": "not defined",
      "author_name": "Aina M N Nangolo",
      "helpful": "0",
      "polarity": "",
      "rate": 3,
      "response": "",
      "response_date": "",
      "review": "Expected to be able to request/put notice for disinvestment on this app, \nbut one still need to visit the bank for such.",
      "review_date": [
        "June",
        "4",
        " 2018"
      ]
    },
    {
      "REQ_subtype": "",
      "REQ_type": "",
      "_id": 104,
      "author_id": "not defined",
      "author_name": "nomthandazo siphiwe",
      "helpful": "0",
      "polarity": "",
      "rate": 1,
      "response": "",
      "response_date": "",
      "review": "Can't buy airtime and electricity or send ewallet - I get an error message \nthat I have reached a daily limit.",
      "review_date": [
        "May",
        "30",
        " 2018"
      ]
    },
    {
      "REQ_subtype": "",
      "REQ_type": "",
      "_id": 105,
      "author_id": "not defined",
      "author_name": "King Bura",
      "helpful": "0",
      "polarity": "",
      "rate": 5,
      "response": "",
      "response_date": "",
      "review": "Does what it's supposed to do, surprisingly well I might add. What more \ncould you ask for?",
      "review_date": [
        "July",
        "3",
        " 2018"
      ]
    },
    {
      "REQ_subtype": "",
      "REQ_type": "",
      "_id": 106,
      "author_id": "not defined",
      "author_name": "sbu novaking",
      "helpful": "0",
      "polarity": "",
      "rate": 4,
      "response": "",
      "response_date": "",
      "review": "The app is beautiful but I am missing on feature, which is FNB PAY. I am \nusing a Huawei P20. Kindly assist",
      "review_date": [
        "June",
        "5",
        " 2018"
      ]
    },
    {
      "REQ_subtype": "",
      "REQ_type": "",
      "_id": 107,
      "author_id": "not defined",
      "author_name": "Joan Barlow-Jones",
      "helpful": "0",
      "polarity": "",
      "rate": 5,
      "response": "",
      "response_date": "",
      "review": "Love fnb banking app, its easy to use and very secure. Always coming up \nwith new innovations",
      "review_date": [
        "July",
        "8",
        " 2018"
      ]
    },
    {
      "REQ_subtype": "",
      "REQ_type": "",
      "_id": 108,
      "author_id": "not defined",
      "author_name": "Wandile Gordon",
      "helpful": "0",
      "polarity": "",
      "rate": 5,
      "response": "",
      "response_date": "",
      "review": "Personally, I greatly enjoy the application. It is remarkably efficient and \nsuper convenient and the output is astonishing. A well taylored application \nthis is.",
      "review_date": [
        "May",
        "23",
        " 2018"
      ]
    },
    {
      "REQ_subtype": "",
      "REQ_type": "",
      "_id": 109,
      "author_id": "not defined",
      "author_name": "Zandre Swart",
      "helpful": "2",
      "polarity": "",
      "rate": 1,
      "response": "Hi Zandre\n\nI apologise for the difficulties experienced.\n\nIf the issue persists, please contact the App Support team on 087 575 0362.\n\nKind Regards\nRB Jacobs",
      "response_date": [
        "May",
        "30",
        " 2018"
      ],
      "review": "Uselesss, only works when it wants to",
      "review_date": [
        "May",
        "21",
        " 2018"
      ]
    },
    {
      "REQ_subtype": "",
      "REQ_type": "",
      "_id": 110,
      "author_id": "not defined",
      "author_name": "Makhabane Christopher Mipi",
      "helpful": "0",
      "polarity": "",
      "rate": 1,
      "response": "Hi Makhabane\n\nThis is not the feedback I like to hear. Please contact the App Support team on 087 575 0362 so that they can investigate why this is not working for you.\n\nKind Regards\nRB Jacobs",
      "response_date": [
        "May",
        "30",
        " 2018"
      ],
      "review": "Doesn't work on my phone",
      "review_date": [
        "June",
        "13",
        " 2018"
      ]
    },
    {
      "REQ_subtype": "",
      "REQ_type": "",
      "_id": 111,
      "author_id": "not defined",
      "author_name": "MORRIS CHIRWA",
      "helpful": "2",
      "polarity": "",
      "rate": 5,
      "response": "Hi Morris,\n\nThanks for your feedback! I'll make sure the App Team sees it too.\n\nKind Regards,\nRB Jacobs",
      "response_date": [
        "December",
        "29",
        " 2017"
      ],
      "review": "Lotto plus 2, thanks to developer. Thnks FNB",
      "review_date": [
        "May",
        "14",
        " 2018"
      ]
    },
    {
      "REQ_subtype": "",
      "REQ_type": "",
      "_id": 112,
      "author_id": "not defined",
      "author_name": "TANYA VAN NIEKERK",
      "helpful": "0",
      "polarity": "",
      "rate": 2,
      "response": "",
      "response_date": "",
      "review": "Can someone please tell me how to access my money from my 32 day account.",
      "review_date": [
        "June",
        "29",
        " 2018"
      ]
    },
    {
      "REQ_subtype": "",
      "REQ_type": "",
      "_id": 113,
      "author_id": "not defined",
      "author_name": "Sello Frans",
      "helpful": "0",
      "polarity": "",
      "rate": 3,
      "response": "Hi Sello\n\nThe eWallet function is listed under the Payments button as Send Money.\n\nKind Regards\nRB Jacobs",
      "response_date": [
        "July",
        "5",
        " 2018"
      ],
      "review": "Since the new update, I can't seem to find an option to send eWallet, where \ncan I find an eWallet button?",
      "review_date": [
        "July",
        "5",
        " 2018"
      ]
    },
    {
      "REQ_subtype": "",
      "REQ_type": "",
      "_id": 114,
      "author_id": "not defined",
      "author_name": "Gilmore Lineville",
      "helpful": "0",
      "polarity": "",
      "rate": 5,
      "response": "",
      "response_date": "",
      "review": "Great app. Would be nice if you could transfer your ebucks to another \nperson or visa versa.",
      "review_date": [
        "June",
        "9",
        " 2018"
      ]
    },
    {
      "REQ_subtype": "",
      "REQ_type": "",
      "_id": 115,
      "author_id": "not defined",
      "author_name": "John Tsai",
      "helpful": "0",
      "polarity": "",
      "rate": 1,
      "response": "",
      "response_date": "",
      "review": "How come when I download the app my phone keep on telling me the app is \nriskware?",
      "review_date": [
        "June",
        "10",
        " 2018"
      ]
    },
    {
      "REQ_subtype": "",
      "REQ_type": "",
      "_id": 116,
      "author_id": "not defined",
      "author_name": "Tinotenda Bumhira",
      "helpful": "0",
      "polarity": "",
      "rate": 5,
      "response": "",
      "response_date": "",
      "review": "Can you guys bring back the fingerprint sign-in function on the next update",
      "review_date": [
        "May",
        "19",
        " 2018"
      ]
    },
    {
      "REQ_subtype": "",
      "REQ_type": "",
      "_id": 117,
      "author_id": "not defined",
      "author_name": "Bilal Habib",
      "helpful": "0",
      "polarity": "",
      "rate": 3,
      "response": "",
      "response_date": "",
      "review": "Please allow us to view unit trust/horizon accounts via the app",
      "review_date": [
        "June",
        "1",
        " 2018"
      ]
    },
    {
      "REQ_subtype": "",
      "REQ_type": "",
      "_id": 118,
      "author_id": "not defined",
      "author_name": "Habib Usofi",
      "helpful": "1",
      "polarity": "",
      "rate": 3,
      "response": "",
      "response_date": "",
      "review": "It awesome apbut plz update it for galaxy s5.icant exit",
      "review_date": [
        "June",
        "13",
        " 2018"
      ]
    },
    {
      "REQ_subtype": "",
      "REQ_type": "",
      "_id": 119,
      "author_id": "not defined",
      "author_name": "Buyani Khoza",
      "helpful": "0",
      "polarity": "",
      "rate": 4,
      "response": "",
      "response_date": "",
      "review": "I'm not enjoying benefits optimum due to my credit record.",
      "review_date": [
        "May",
        "27",
        " 2018"
      ]
    }
  ],
  "size": "43",
  "url": "https://play.google.com/store/apps/details?id=za.co.fnb.connect.itt",
  "version": "5.6.1 (86)"
}