{
  "categories": [
    "Puzzle"
  ],
  "description": "Death Squared is a puzzle game for 1 or 2 people about coordination, cooperation, and robot explosions.SMG Studio\u2019s first console game is now available to play on your phone.FEATURES:- 80+ puzzling levels that unfold via a fully voiced story- Additional vault levels that are almost too hard for human comprehension - Voice acting by Ricepirate (look him up he\u2019s funny)- Original music score by Brad Gentle- Customisable hats! Because everyone loves hats- Robot Explosions!- Optimized to work with Bluetooth controllers //-----------------------------\u201cDeath Squared is our favorite... co-op game\u201d - IGN\u201cThis game is awesome\u201d - Kinda Funny\"It's challenging, but in a way that can be understood by anyone from a hardened puzzle fan to kids and grandparents.\" - Polygon\"Solve the devious puzzle or die trying\" - Pocket Gamer\"Put your hand-eye coordination to the test with Death Squared\" - player2",
  "inc": "SMG Studio",
  "intalled_count": "1,000",
  "last_update": [
    "June",
    "26",
    " 2018"
  ],
  "name": "Death Squared",
  "offered_by": "Google Commerce Ltd",
  "permissions": {
    "Device & app history": [
      "retrieve running apps"
    ],
    "Wi-Fi connection information": [
      "view Wi-Fi connections"
    ],
    "Photos/Media/Files": [
      "read the contents of your USB storage"
    ],
    "Storage": [
      "read the contents of your USB storage"
    ],
    "Other": [
      "view network connections",
      "full network access",
      "control vibration",
      "prevent device from sleeping",
      "Google Play license check"
    ]
  },
  "rate": [
    [
      "92",
      "4.7"
    ],
    [
      "80",
      "5"
    ],
    [
      "7",
      "4"
    ],
    [
      "1",
      "3"
    ],
    [
      "1",
      "2"
    ],
    [
      "3",
      "1"
    ]
  ],
  "required_android": "4.1",
  "size": "96",
  "url": "https://play.google.com/store/apps/details?id=com.smgstudio.deathsquared",
  "version": "1.1.0"
}