{
  "categories": [
    "Casual"
  ],
  "description": "From the makers of Candy Crush Saga, Bubble Witch Saga & Farm Heroes Saga comes Bubble Witch 2 Saga!Stella and her cats need your help to fend off the dark spirits that are plaguing their land. Travel the realm bursting as many bubbles as you can in this exciting bubble shooting puzzle adventure. Win levels and free Witch Country piece by piece. Play this epic saga alone or with friends to see who can get the highest score!Bubble Witch 2 Saga is completely free to play but some optional in-game items will require payment.By downloading this game you are agreeing to our terms of service; http://about.king.com/consumer-terms/termsBubble Witch 2 Saga features:\u2022 The next exciting instalment to the Bubble Witch franchise \u2022 New and improved game modes\u2022 Enchanting graphics that will leave you spellbound\u2022 Hundreds of magical bubble shooting levels \u2013 more added every 2 weeks!\u2022 Easily sync the game between devices when connected\u00a0 to the Internet\u2022 Leaderboards to watch your friends and competitors!\u2022 Collect stars to unlock special items to help you on your quest \u2022 Special boosters & bubbles to help you pass those tricky levels\u2022 Free & easy to play, challenging to master!Visit https://care.king.com/ or contact us in game by going to Settings > Customer Care if you need help!Follow us to get news and updates;facebook.com/BubbleWitchSaga2Twitter @BubbleWitchSagahttps://www.youtube.com/user/BubbleWitchOfficialhttp://bubblewitch2saga.com/Have fun playing Bubble Witch 2 Saga!",
  "inc": "King",
  "intalled_count": "100,000,000",
  "last_update": [
    "July",
    "11",
    " 2018"
  ],
  "name": "Bubble Witch 2 Saga",
  "offered_by": "Google Commerce Ltd",
  "permissions": {
    "Identity": [
      "find accounts on the device"
    ],
    "Contacts": [
      "find accounts on the device"
    ],
    "Wi-Fi connection information": [
      "view Wi-Fi connections"
    ],
    "Other": [
      "receive data from Internet",
      "view network connections",
      "full network access",
      "prevent device from sleeping"
    ]
  },
  "rate": [
    [
      "2,837,528",
      "4.3"
    ],
    [
      "1,804,636",
      "5"
    ],
    [
      "547,223",
      "4"
    ],
    [
      "244,757",
      "3"
    ],
    [
      "98,388",
      "2"
    ],
    [
      "142,524",
      "1"
    ]
  ],
  "required_android": "Varies with",
  "size": "Varies with devic",
  "url": "https://play.google.com/store/apps/details?id=com.midasplayer.apps.bubblewitchsaga2",
  "version": "Varies with device"
}