{
  "categories": [
    "Adventure",
    "Pretend Play"
  ],
  "description": "Are you ready to open the first burger restaurant in Space? Grab your apron and chef\u2019s hat and let\u2019s get going! Complete 20 levels on this epic adventure, as you earn burger stars to advance levels. Challenge customers to crazy eating and tossing contests and experience the Master Burger Challenge!Attention super star chefs! Do you have what it takes to open your own restaurant? Test your burger chef skills as you flip burgers, slice potatoes, make delicious french fries, homemade ketchup and so much more! Don't forget to clean up after messy customers!Call the Doctor!There\u2019s been an accident in the kitchen! It\u2019s your turn to be the doctor! Use medical tools like the X-ray machine and tweezers to treat the injured chef! Earn burger stars and advance to new levels as you successfully complete each treatment!Clean Up Time! Making burgers sure is fun, but it can get a bit messy! Help your chef clean up with cleaning tools like an air blower, dustpan and more! Clear off tables for new customers to keep your restaurant looking spic and span! Super Chef Games! Play super awesome games like burger eating contests and tomato catching games! Wrap and toss burgers to feed hungry customers! Challenge customers to see who can eat the most burgers! You can even take on expert Burger Star levels for hours of extra fun! Dress Up!Customize your chef with the perfect Super Space look! Dress him up in the hottest outfits around. Choose from a selection of hats, aprons, accessories and more!    Features:> Tap to select clothing to dress up the chef! > Earn burger stars as you complete activities on this adventure! > Drag to choose from a selection of different tools like the X-ray machine, tweezers & more! > Play fun games like an eating contest and tossing game!> Overcome multiple different levels by completing each challenge!What's inside:> 20 fun-filled and challenging levels> Over 17 doctor and cleaning tools> 20 Master Burger Challenges  > 4 super burger games! ABOUT TabTaleA Google Play Top Developer, recognized for its commitment to launching high-quality and innovative apps on Android. With over 1.5 billion downloads and growing, TabTale has established itself as the creator of pioneering virtual adventures that kids and parents love. TabTale\u2019s apps spark children\u2019s imaginations and inspire them to think creatively, while having fun! Search \u201cTabTale\u201d on Google Play and discover more incredible apps. Visit us: http://www.tabtale.com/Google Plus: https://plus.google.com/+Tabtale/postsLike us: http://www.facebook.com/TabTaleFollow us:@TabtaleWatch us: http://www.youtube.com/iTabtaleCONTACT US Let us know what you think! Questions? Suggestions? Technical Support? Contact us 24/7 at: WeCare@TabTale.com. FOR PARENTSThe app is free to play but certain in-game items may require payment. You may restrict in-app purchases by disabling them on this device. The app may include advertising for TabTale and certain third parties which will redirect users to our sites, apps or third-party sites.Privacy is important to us. The app may enable collection of limited user data by TabTale or its carefully selected providers (e.g. ad networks and analytics) for limited legal purposes described in our Privacy Policy (e.g. respond to support queries; enable, analyze and improve the app\u2019s features and services; serve contextual ads). By downloading or using the app you accept our Privacy Policy: https://tabtale.com/privacy-policy/ and Terms of Use: https://tabtale.com/terms-of-use/   and permit such uses for users of your device.",
  "inc": "TabTale",
  "intalled_count": "1,000,000",
  "last_update": [
    "June",
    "4",
    " 2018"
  ],
  "name": "Burger Star",
  "offered_by": "Google Commerce Ltd",
  "permissions": {
    "Photos/Media/Files": [
      "read the contents of your USB storage",
      "modify or delete the contents of your USB storage"
    ],
    "Storage": [
      "read the contents of your USB storage",
      "modify or delete the contents of your USB storage"
    ],
    "Other": [
      "receive data from Internet",
      "view network connections",
      "full network access",
      "control vibration",
      "prevent device from sleeping"
    ]
  },
  "rate": [
    [
      "24,377",
      "3.5"
    ],
    [
      "11,670",
      "5"
    ],
    [
      "2,561",
      "4"
    ],
    [
      "2,563",
      "3"
    ],
    [
      "2,064",
      "2"
    ],
    [
      "5,519",
      "1"
    ]
  ],
  "required_android": "4.1",
  "size": "43",
  "url": "https://play.google.com/store/apps/details?id=com.tabtale.burgertruck",
  "version": "1.0.7"
}