{
  "categories": [
    "Casual"
  ],
  "description": "Be a beauty queen living in a magic castle with Princess, a fun dress and makeup game just for girls!A good princess has to keep up with the latest fashions, and that's why she needs your help! Make each girl a true beauty queen by picking out magical outfits for her to wear. An enchanted crown, golden jewelry, diamond earrings, silver shoes and much more. The princesses need to dress to be the most beautiful girls in the castle!Staying pretty is more than just a nice outfit. You also need to take care of each girl's makeup. Choose the right colors and style them on your beauty model using the touch screen. Select hairstyles that match the princesses' makeup and dress, then send her out to the magic ball. It's going to be the best one the castle has ever had!Don't let these princesses down. Make them the most beautiful girls in the world!Features:- Dress princesses in beautiful outfits and jewelry.- Apply makeup and accessories to each girl.- Choose shoes, hairstyles and much more!How to Play:- Use the touch screen to select different outfits.- Add makeup and choose hairstyles with the touch screen.- Change designs with a few taps on the screen.*** Come see more on our social media! ***Find out more from our Facebook! https://www.facebook.com/pages/Frozen-Network-Inc/665052926935238Want to know whats going on? Come see our Twitter! https://twitter.com/FrozenNetworkInDiscover more on our website: www.frozennetworkinc.com",
  "inc": "Frozen Network Inc",
  "intalled_count": "1,000,000",
  "last_update": [
    "January",
    "22",
    " 2016"
  ],
  "name": "Ice Princess - Girls Games",
  "offered_by": "Google Commerce Ltd",
  "permissions": {
    "Device & app history": [
      "retrieve running apps"
    ],
    "Identity": [
      "find accounts on the device"
    ],
    "Contacts": [
      "find accounts on the device"
    ],
    "Phone": [
      "read phone status and identity"
    ],
    "Photos/Media/Files": [
      "access USB storage filesystem",
      "read the contents of your USB storage",
      "modify or delete the contents of your USB storage"
    ],
    "Storage": [
      "read the contents of your USB storage",
      "modify or delete the contents of your USB storage"
    ],
    "Wi-Fi connection information": [
      "view Wi-Fi connections"
    ],
    "Device ID & call information": [
      "read phone status and identity"
    ],
    "Other": [
      "receive data from Internet",
      "view network connections",
      "full network access",
      "use accounts on the device",
      "control vibration",
      "prevent device from sleeping"
    ]
  },
  "rate": [
    [
      "5,791",
      "3.8"
    ],
    [
      "3,250",
      "5"
    ],
    [
      "562",
      "4"
    ],
    [
      "535",
      "3"
    ],
    [
      "457",
      "2"
    ],
    [
      "987",
      "1"
    ]
  ],
  "required_android": "4.0.3",
  "size": "41",
  "url": "https://play.google.com/store/apps/details?id=com.frozennetworkinc.android_frozenprincess2",
  "version": "1.2"
}