{
  "categories": [
    "Puzzle"
  ],
  "description": "Brain Trainer app to quick exercise to your brain short term memory, concentration, focus , speed & accuracy.it has 15 type of brain training games. \u25c6  Multitasking brain training . \u25c6  Quick Search brain training . \u25c6  Math brain training . \u25c6  Focus brain training . \u25c6  Colors Vs Brain \u25c6  Memory Power Training \u25c6  Left Brain Vs Right Brain  \u25c6  Remember Faces  \u25c6  Concentration \u25c6  Quick Decision \u25c6  Grid Memory Challenge \u25c6  Listening Memory \u25c6  Word Memory Challenge \u25c6  Concentration Plus 1) Multitasking skill: -  Increase your brain multitasking capability by playing this.Questions will be displayed at a time in 2 panels. You have to get target score to finish the level by managing not to loose 3 chances on any panel and with in 1 minute..  Try to get max score on each level.. 2) Quick Search skill : Increase your brain searching skills by playing this.Blast the balls from high number to low number with in time limit. 5 seconds penalty on each wrong click. 3) Math Skill : Add,subtract,multiply numbers fast in balloon solver. The objective of the game is to pop the balloons with correct answer. 4) Focus Skill:  Increase your focus by controlling your attention. Number will be displayed with rapid pace. Tap the screen after every number except do not tap on withhold number.5) Color Vs BrainColor List will be displayed for few seconds and colors will be be shuffled, remember the colors by putting full concentration before shuffle and arrange them in same order by dragging the items6) Memory Power    Remember the objects which displays only few seconds and reenter them in same sequence.This exercise defiantly challenges you memory power 7) Left Vs Right Brain  Balancing Left and Right brains are very important, playing this game will train your brain on balancing activities   If you are not satisfied with your results, Play this game daily 5-10 min. You may see better results.",
  "inc": "App Holdings",
  "intalled_count": "10,000,000",
  "last_update": [
    "November",
    "24",
    " 2017"
  ],
  "name": "Brain Training",
  "offered_by": "Google Commerce Ltd",
  "permissions": {
    "Wi-Fi connection information": [
      "view Wi-Fi connections"
    ],
    "Calendar": [
      "add or modify calendar events and send email to guests without owners' knowledge"
    ],
    "Location": [
      "approximate location (network-based)"
    ],
    "Photos/Media/Files": [
      "read the contents of your USB storage",
      "modify or delete the contents of your USB storage"
    ],
    "Storage": [
      "read the contents of your USB storage",
      "modify or delete the contents of your USB storage"
    ],
    "Other": [
      "receive data from Internet",
      "view network connections",
      "full network access",
      "use accounts on the device",
      "control vibration",
      "prevent device from sleeping",
      "install shortcuts",
      "view network connections",
      "pair with Bluetooth devices",
      "full network access",
      "control Near Field Communication",
      "use accounts on the device",
      "control vibration",
      "prevent device from sleeping",
      "install shortcuts"
    ]
  },
  "rate": [
    [
      "108,082",
      "4.5"
    ],
    [
      "71,344",
      "5"
    ],
    [
      "24,862",
      "4"
    ],
    [
      "7,107",
      "3"
    ],
    [
      "1,608",
      "2"
    ],
    [
      "3,161",
      "1"
    ]
  ],
  "required_android": "4.1",
  "size": "17",
  "url": "https://play.google.com/store/apps/details?id=com.raghu.braingame",
  "version": "8.4.8"
}