{
  "categories": [
    "Casual"
  ],
  "description": "Winter fashion season is here! Are you ready to make these girls look their absolute best? Run your own beauty salon with North Pole Holiday!, a fun dress, style and makeup game just for girls!These winter wonders need your help to look stunning. Bring girls into your spa and give them the makeover of their dreams. Choose from different winter fashions like scarves, hats, sweaters, mittens and more, then add cute accessories and jewelry. Style the perfect winter time makeup for that adorable snow bunny look!Don't forget about hair and nails! No winter fashion is complete without a cute hairstyle to go with that snuggly warm outfit. Choose from funny or cute, practical or sexy and more, just the perfect hairstyle to match your style. Paint and polish each girl's nails, too, so her north pole design is complete!Features:- Dress up four different girls in fun winter time fashions.- Choose from a variety of winter-themed outfits, dresses and skirts.- Fix their hair, makeup and nails so they look their best!How to Play:- Use the touch screen to select outfits for each girl.- Apply makeup, hairstyles and jewelry by tapping on the screen.- Pick new girls by accessing them from the map.We want to hear your voice!Like us on Facebook: https://www.facebook.com/pages/Salon-My-Styling-Lounge/650573658373878Follow us on Twitter: https://twitter.com/SalonTMKnow more about Salon\u2122 on official website: http://www.salongirlgames.com/",
  "inc": "Salon\u2122",
  "intalled_count": "1,000,000",
  "last_update": [
    "December",
    "29",
    " 2016"
  ],
  "name": "North Pole Holiday",
  "offered_by": "Google Commerce Ltd",
  "permissions": {
    "Location": [
      "approximate location (network-based)",
      "precise location (GPS and network-based)"
    ],
    "Photos/Media/Files": [
      "read the contents of your USB storage",
      "modify or delete the contents of your USB storage"
    ],
    "Storage": [
      "read the contents of your USB storage",
      "modify or delete the contents of your USB storage"
    ],
    "Camera": [
      "take pictures and videos"
    ],
    "Wi-Fi connection information": [
      "view Wi-Fi connections"
    ],
    "Other": [
      "receive data from Internet",
      "view network connections",
      "full network access",
      "prevent device from sleeping"
    ]
  },
  "rate": [
    [
      "34,155",
      "3.9"
    ],
    [
      "20,265",
      "5"
    ],
    [
      "3,661",
      "4"
    ],
    [
      "3,129",
      "3"
    ],
    [
      "2,175",
      "2"
    ],
    [
      "4,925",
      "1"
    ]
  ],
  "required_android": "4.0",
  "size": "53",
  "url": "https://play.google.com/store/apps/details?id=com.mystylinglounge.android_northpoleholiday",
  "version": "1.4"
}