{
  "categories": [
    "Puzzle"
  ],
  "description": "Minesweeper for Android is Classical minesweeper ( mines ). The goal of the game is to uncover all the squares that do not contain mines.To mark a mine use long tap.Minesweeper features: - Variable minefield. - Classical gameplay. - its a real Old School minesweeper. - adapted to the screen.If you like minesweeper, you're going to love this game! Just try.",
  "inc": "Evgeny Karavashkin",
  "intalled_count": "5,000,000",
  "last_update": [
    "July",
    "3",
    " 2018"
  ],
  "name": "Minesweeper",
  "offered_by": "Google Commerce Ltd",
  "permissions": {
    "Photos/Media/Files": [
      "read the contents of your USB storage",
      "modify or delete the contents of your USB storage"
    ],
    "Storage": [
      "read the contents of your USB storage",
      "modify or delete the contents of your USB storage"
    ],
    "Other": [
      "view network connections",
      "full network access",
      "control vibration",
      "prevent device from sleeping"
    ]
  },
  "rate": [
    [
      "143,204",
      "4.6"
    ],
    [
      "103,718",
      "5"
    ],
    [
      "30,944",
      "4"
    ],
    [
      "5,210",
      "3"
    ],
    [
      "1,128",
      "2"
    ],
    [
      "2,204",
      "1"
    ]
  ],
  "required_android": "4.0",
  "size": "1.6",
  "url": "https://play.google.com/store/apps/details?id=Draziw.Button.Mines",
  "version": "1.7.6"
}