{
  "categories": [
    "Puzzle"
  ],
  "description": "Welcome to the JEWEL MATCH-3 Puzzle Adventure! Find the Legendary Jewel \ud83d\udc8e solving puzzle along the way!\ud83c\udfd5\ufe0fThe Bauwa natives live in an unknown \ud83c\udfdd\ufe0fJewels Island. Curious \"Allo\", a lovely daughter of the chief, goes on an adventure to secretly a jewel \ud83d\udc8e \"Tears of the Sea\" in a crystal cave. Can she find the legendary jewel?\ud83e\udd14FEATURES\u2022 \ud83d\ude0d FREE & EASY to play match 3 puzzle, FUN to master!\u2022 \ud83d\udc8e Match 3 jewels to collect or crush them in the fun puzzle adventure.\u2022 \ud83d\udcaa Build exciting Power-Up jewels & their explosive combinations to achieve the goals easily!\u2022 \ud83d\udcaf Make Combos, called cascades or chain reactions to get bonus points.\u2022 \ud83d\udca3 Use special Boosters to pass the challenging levels more easy.\u2022 \ud83d\udc26 Check out the Parrots & Koalas in the game! Who can help \"Allo\"? \ud83d\udc28\u2022 \u2b50 Try to achieve 3 stars at all levels! It's a very difficult feat!\u2022 \ud83c\udfc5 Challenge tons of Achievements and accomplish them!\u2022 \ud83c\udfc6 Leaderboards to check your friends & challengers!\u2022 \ud83e\udd29 Play tons of fun & challenging levels daily!\u2022 \ud83c\udf81 Check back for FREE Bonuses and claim them every day!\u2022 \ud83d\udc94 Out of Lives? Challenge tricky levels all the way through!\u2022 \ud83d\udce1 No WI-FI needed, Offline game! Enjoy the game everywhere!\u2022 \u23f3 No time limit! Play with all the time you've got!\u2022 \ud83d\udcf1 Available for Android phones and tablets.We always welcome your feedback. Come and join the fun!NOTE\u2022 This game contains advertising, including banner, insterstitial and video ads.\u2022 This game sells in-app products such as golds or AD-FREE item.\u2022 This game requires some permissions to optimize the game and integrate some services to enhance your game experience.- Network access and view connections, Receive data from internet, Storage, Photos/Media/Files, Prevent sleeping, Vibration control, Etc.MORE\u2022 Facebook : https://www.facebook.com/Soulgitgame/\u2022 Twitter : https://twitter.com/soulgitgames\u2022 Privacy Policy: http://soulgit.com/privacy-policy/en.html\u2022 Terms of Service: http://soulgit.com/term-of-use/en.html",
  "inc": "Soulgit Games",
  "intalled_count": "100,000",
  "last_update": [
    "July",
    "28",
    " 2018"
  ],
  "name": "Jewels Island : Match-3 Puzzle",
  "offered_by": "Google Commerce Ltd",
  "permissions": {
    "Photos/Media/Files": [
      "read the contents of your USB storage",
      "modify or delete the contents of your USB storage"
    ],
    "Storage": [
      "read the contents of your USB storage",
      "modify or delete the contents of your USB storage"
    ],
    "Wi-Fi connection information": [
      "view Wi-Fi connections"
    ],
    "Other": [
      "receive data from Internet",
      "view network connections",
      "full network access",
      "control vibration",
      "prevent device from sleeping"
    ]
  },
  "rate": [
    [
      "1,820",
      "4.7"
    ],
    [
      "1,398",
      "5"
    ],
    [
      "330",
      "4"
    ],
    [
      "67",
      "3"
    ],
    [
      "10",
      "2"
    ],
    [
      "15",
      "1"
    ]
  ],
  "required_android": "4.0.3",
  "size": "Varies with devic",
  "url": "https://play.google.com/store/apps/details?id=com.soulgit.jewelsisland.gp",
  "version": "27"
}