{
  "categories": [
    "Puzzle"
  ],
  "description": "Find the right math operations and zero in to win !No need to be a math wiz, enroll in Math Academy and earn your diploma!The goal is simple: find mathematical operations that result in 0 to make all the squares in the grid disappear!It's easy in the beginning, then grids will contain more and more numbers with several operations to find in the right order! *********STUCK?It's not a bug! If you can't clear out the grid, it's either because you did the calculations in the wrong order, or you selected the wrong squares. In this case, start over using the \"Refresh\" button at the bottom left and try a new order. Good luck! *********Discover Math Academy, the new game from the makers of Word Academy, SCIMOB (creator of \"94 Seconds\",\" 94 Degrees\" and \"94%\", downloaded more than 50 million times)!",
  "inc": "Scimob",
  "intalled_count": "500,000",
  "last_update": [
    "January",
    "27",
    " 2017"
  ],
  "name": "Math Academy: Zero in to Win!",
  "offered_by": "Google Commerce Ltd",
  "permissions": {
    "Device & app history": [
      "retrieve running apps"
    ],
    "Phone": [
      "read phone status and identity"
    ],
    "Photos/Media/Files": [
      "read the contents of your USB storage",
      "modify or delete the contents of your USB storage"
    ],
    "Storage": [
      "read the contents of your USB storage",
      "modify or delete the contents of your USB storage"
    ],
    "Device ID & call information": [
      "read phone status and identity"
    ],
    "Other": [
      "view network connections",
      "full network access",
      "prevent device from sleeping"
    ]
  },
  "rate": [
    [
      "91,965",
      "4.4"
    ],
    [
      "54,703",
      "5"
    ],
    [
      "24,949",
      "4"
    ],
    [
      "9,334",
      "3"
    ],
    [
      "1,491",
      "2"
    ],
    [
      "1,488",
      "1"
    ]
  ],
  "required_android": "2.3",
  "size": "7.7",
  "url": "https://play.google.com/store/apps/details?id=com.scimob.mathacademy",
  "version": "1.0.7"
}