{
  "categories": [
    "Puzzle"
  ],
  "description": "HOW TO PLAY\u2022 Match and remove all tiles to complete a board!FEATURES\u2022 Over 180 boards.\u2022 Beautiful and various layouts.\u2022 Easy matching game play.\u2022 Auto-fit option.\u2022 NO WIFI? NO PROBLEM!  - You can play offline anytime.\u2022 Gorgeous effects everywhere!\u2022 OPTIMIZED for ANDROID & GOOGLE PLAY GAMES  - Designed for tablets & phones.  - Support both ARM & x86 DEVICES.NOTES\u2022 Mahjong Solitaire: Classic contains the ads like banner, interstitial, video and house ads.\u2022 Mahjong Solitaire: Classic is free to play, but you can purchase In-app items like  AD FREE.E-MAIL\u2022 help@bitmango.comHOMEPAGE\u2022 https://play.google.com/store/apps/dev?id=6249013288401661340Like us on FACEBOOK\u2022 https://www.facebook.com/BitMangoGamesThank you!",
  "inc": "BitMango",
  "intalled_count": "5,000,000",
  "last_update": [
    "May",
    "23",
    " 2018"
  ],
  "name": "Mahjong Solitaire: Classic",
  "offered_by": "Google Commerce Ltd",
  "permissions": {
    "Photos/Media/Files": [
      "read the contents of your USB storage",
      "modify or delete the contents of your USB storage"
    ],
    "Storage": [
      "read the contents of your USB storage",
      "modify or delete the contents of your USB storage"
    ],
    "Wi-Fi connection information": [
      "view Wi-Fi connections"
    ],
    "Other": [
      "receive data from Internet",
      "view network connections",
      "full network access",
      "prevent device from sleeping"
    ]
  },
  "rate": [
    [
      "75,484",
      "4.7"
    ],
    [
      "58,656",
      "5"
    ],
    [
      "13,090",
      "4"
    ],
    [
      "2,432",
      "3"
    ],
    [
      "393",
      "2"
    ],
    [
      "913",
      "1"
    ]
  ],
  "required_android": "4.1",
  "size": "Varies with devic",
  "url": "https://play.google.com/store/apps/details?id=com.bitmango.go.mahjongsolitaireclassic",
  "version": "1.6.6"
}