{
  "categories": [
    "Puzzle"
  ],
  "description": "Roll the Ball\u00ae will stay classy, yet challenging. Are you ready to roll?\ud83c\udfb1ROLL THE BALL-SLIDE PUZZLE FEATURES\ud83c\udfb1\u25cfA thought-provoking 'roll a ball' game to sharpen your brain!\u25cfFREE TO PLAY game with simple premises, yet with challenging to master levels!\u25cfAn Impressive number of puzzles to solve with over 3,000+ LEVELS!\u25cfNo penalties & No time limit! You can enjoy the classic puzzle at your own pace!\u25cfBonus rewards & hints are available to double the excitement!\ud83c\udfb1HOW TO PLAY\ud83c\udfb1\u25baMove the blocks with your fingertip to create an optimal path for your ball to roll to the finish line!\u25baAim to reach for the perfect 3-star rating on each level to set a new record!-Roll the Ball-Slide Puzzle is available on mobile phones & tablet PCs. -Roll the Ball-Slide Puzzle contains ads varying from banners, interstitials, videos to house ads. -Roll the Ball-Slide Puzzle is free to play, however, you may purchase in-app items, such as Ad-free & coins.We value your feedback!Please contact us at help@bitmango.com for any questions or suggestionsVisit Bitmango to check out more of our projects!www.bitmango.com/Visit our Facebook to enrich your gaming experience!www.facebook.com/rolltheballslidepuzzleLet's get ready to roll some balls!",
  "inc": "BitMango",
  "intalled_count": "100,000,000",
  "last_update": [
    "August",
    "2",
    " 2018"
  ],
  "name": "Roll the Ball\u00ae - slide puzzle",
  "offered_by": "Google Commerce Ltd",
  "permissions": {
    "Photos/Media/Files": [
      "read the contents of your USB storage",
      "modify or delete the contents of your USB storage"
    ],
    "Storage": [
      "read the contents of your USB storage",
      "modify or delete the contents of your USB storage"
    ],
    "Wi-Fi connection information": [
      "view Wi-Fi connections"
    ],
    "Other": [
      "receive data from Internet",
      "view network connections",
      "full network access",
      "prevent device from sleeping"
    ]
  },
  "rate": [
    [
      "1,381,238",
      "4.5"
    ],
    [
      "948,739",
      "5"
    ],
    [
      "259,233",
      "4"
    ],
    [
      "94,466",
      "3"
    ],
    [
      "23,626",
      "2"
    ],
    [
      "55,174",
      "1"
    ]
  ],
  "required_android": "4.1",
  "size": "35",
  "url": "https://play.google.com/store/apps/details?id=com.bitmango.rolltheballunrollme",
  "version": "1.7.40"
}