{
  "categories": [
    "Casual"
  ],
  "description": "Jazz Ballet or classical ballet is your favorite? Are you a balletomane? Try this ballet spa salon game! The girl's beautiful dance pose and her dancing partner are so attractive. So many beautiful dresses are both charming and glamorous. Not see them? Don't worry, download it and try spa and salon the ballet girl, that will make sure you must enjoy them. Still free and still so many bling bling makeups, you will be satisfied with all the dresses! This ballet spa salon game will take you a different new feeling and tour, you will get spa relex and beauty salon from it. So beautiful scenes, you must not forget with that. If you love ballet, don't hesitate to join our Ballet Spa Salon game and start your ballet journey!",
  "inc": "TNN Game",
  "intalled_count": "1,000,000",
  "last_update": [
    "September",
    "8",
    " 2016"
  ],
  "name": "Ballet Spa Salon: Girls Games",
  "offered_by": "Google Commerce Ltd",
  "permissions": {
    "Phone": [
      "read phone status and identity"
    ],
    "Photos/Media/Files": [
      "read the contents of your USB storage",
      "modify or delete the contents of your USB storage"
    ],
    "Storage": [
      "read the contents of your USB storage",
      "modify or delete the contents of your USB storage"
    ],
    "Wi-Fi connection information": [
      "view Wi-Fi connections"
    ],
    "Device ID & call information": [
      "read phone status and identity"
    ],
    "Other": [
      "view network connections",
      "full network access",
      "prevent device from sleeping"
    ]
  },
  "rate": [
    [
      "14,270",
      "4.0"
    ],
    [
      "8,507",
      "5"
    ],
    [
      "1,627",
      "4"
    ],
    [
      "1,341",
      "3"
    ],
    [
      "1,013",
      "2"
    ],
    [
      "1,782",
      "1"
    ]
  ],
  "required_android": "2.3",
  "size": "28",
  "url": "https://play.google.com/store/apps/details?id=com.lezhi.balletspasalon",
  "version": "1.0.6"
}