{
  "categories": [
    "Puzzle"
  ],
  "description": "Puzzle game with tricky levels will steal your free time. Use your skills, logic and imagination to become a match-3 master.- Jewel and gem style of elements    - Big items make your game comfortable- Gifts and rewards along your journey- Beautiful painted backgrounds- Non-stop play with level skip and unlimited livesDownload now!",
  "inc": "Time for awesome game",
  "intalled_count": "10,000,000",
  "last_update": [
    "July",
    "27",
    " 2018"
  ],
  "name": "Gems or jewels ?",
  "offered_by": "Google Commerce Ltd",
  "permissions": {
    "Other": [
      "receive data from Internet",
      "view network connections",
      "full network access",
      "prevent device from sleeping"
    ]
  },
  "rate": [
    [
      "170,835",
      "4.7"
    ],
    [
      "132,940",
      "5"
    ],
    [
      "30,045",
      "4"
    ],
    [
      "5,209",
      "3"
    ],
    [
      "860",
      "2"
    ],
    [
      "1,781",
      "1"
    ]
  ],
  "required_android": "4.0",
  "size": "13",
  "url": "https://play.google.com/store/apps/details?id=com.jewels.gems.android",
  "version": "1.0.108"
}