{
  "categories": [
    "Puzzle"
  ],
  "description": "Sudoku by Volcano is the best puzzle game you can find for your phone and tablet, and it'll help you to learn and improve your skills in the sudoku game.With our hint system, it'll teach you all the skills you need to solve the puzzle with every step, and the instructions are very easy to understand, also with helpful animations and colorful visual effects. The hint system will not only tell you the answer but also help you to understand why the answer is. In the training mode, it'll be with you whether you're completely new to this game, or the way to the expert.We created this innovative free game with several various key features:\u2605 Sudoku variations such as squiggly, X and Color\u2605 8 difficulty levels from very beginners to the expert\u2605 Hint system will help to learn how to solve the puzzle, not only the answer but also why the answer is\u2605 Career statistics to keep track of your game progress\u2605 Global leaderboard and achievement, which you can share or compete with your friends or others\u2605 You can update your puzzle from the server at any time, without re-installing the game\u2605 Compete with global players in the Champions Challenge and win the bounty\u2605 Custom puzzle can let you create your own puzzle as composed by yourself, or from the papers\u2605 More than 15000 puzzles are waiting for youduring the game, you will be able to\u2605 Auto highlighted numbers for intelligent hint\u2605 Use pencil marks\u2605 Double-click the cell to erase numbers\u2605 Use various kind of items, like check the errors\u2605 Unlimited redo & undoyou can also found more useful functions like\u2605 You can share to your friends via Google+, Twitter, and Facebook\u2605 Auto-save, you can pause at anytime you like without losing any progress\u2605 Use Dark mode in the night to protect your eyes\u2605 Timer, you can also disable it in settings\u2605 Selected cell highlighting\u2605 Incorrect digits mark\u2605 Enchanting visual effects\u2605 Various numerals like Chinese or Roman\u2605 Universal App looks great on phone and tablet\u2605 Give us feedback in the game, with your help we'll make it betterWe hope you will enjoy the stunning designs of our sudoku, it's really a brain teaser game which helps to work out your brain! All for FREE!",
  "inc": "Volcano Entertainment",
  "intalled_count": "10,000,000",
  "last_update": [
    "June",
    "24",
    " 2018"
  ],
  "name": "Sudoku Free",
  "offered_by": "Google Commerce Ltd",
  "permissions": {
    "Other": [
      "receive data from Internet",
      "view network connections",
      "full network access",
      "control vibration",
      "prevent device from sleeping"
    ]
  },
  "rate": [
    [
      "145,399",
      "4.4"
    ],
    [
      "87,824",
      "5"
    ],
    [
      "38,010",
      "4"
    ],
    [
      "9,701",
      "3"
    ],
    [
      "3,696",
      "2"
    ],
    [
      "6,168",
      "1"
    ]
  ],
  "required_android": "4.1",
  "size": "7.6",
  "url": "https://play.google.com/store/apps/details?id=le.lenovo.sudoku",
  "version": "2.8.0"
}