{
  "categories": [
    "Puzzle"
  ],
  "description": "Match sugar candies and swap rainbow drops to master this fun and challenging match-3 puzzle adventure inspired by THE BOOK OF LIFE!Travel through DOZENS of fantastical worlds and conquer HUNDREDS of puzzle challenges! Compete and play with your friends! Download now today!We interrupt this product description with breaking news: Book of Life has gone COCO LOCO for Dia de Los Muertos!Sold-out grocers hang signs in their windows reading, \"NO MO' COCO!\"  and tropical beaches have been picked clean of their natural coconut supply. It's safe to say that Mexico is loco for coco! Local hero Manolo S\u00e1nchez even posted a DIY tutorial on his blog yesterday for \"Coco con Cocoa\" a chocolate-y twist on this skeletal sensation.Stay tuned as this story develops! We now return you to your regularly scheduled product description. Features:\u2605 Hundreds of exciting levels themed to the animated movie\u2605 Featuring the voices of Channing Tatum, Zoe Saldana, Christina Applegate, Diego Luna, Ron Perlman, and Ice Cube!\u2605 Sugary sweet churro challenges and fun power-ups!\u2605 Connect to Facebook to send lives and gifts! \u2605 FREE to play! \u2605 Check back weekly for new levels, challenges, obstacles and more! Like on Facebook: https://www.facebook.com/bookoflifegameFollow on Twitter: @BookOfLifeGameVisit our official website: http://www.bookoflifegame.com/Having trouble?  Visit our support page: https://bookoflife.zendesk.com DEVELOPER INFO: Jam City is the leading developer in truly cross-platform social gaming. Wherever you are, pick up and play today.",
  "inc": "Jam City, Inc.",
  "intalled_count": "10,000,000",
  "last_update": [
    "July",
    "31",
    " 2018"
  ],
  "name": "Sugar Smash: Book of Life - Free Match 3 Games.",
  "offered_by": "Google Commerce Ltd",
  "permissions": {
    "Photos/Media/Files": [
      "read the contents of your USB storage",
      "modify or delete the contents of your USB storage"
    ],
    "Storage": [
      "read the contents of your USB storage",
      "modify or delete the contents of your USB storage"
    ],
    "Wi-Fi connection information": [
      "view Wi-Fi connections"
    ],
    "Other": [
      "receive data from Internet",
      "view network connections",
      "disable your screen lock",
      "full network access",
      "control vibration",
      "prevent device from sleeping"
    ]
  },
  "rate": [
    [
      "292,628",
      "4.5"
    ],
    [
      "210,247",
      "5"
    ],
    [
      "43,669",
      "4"
    ],
    [
      "17,160",
      "3"
    ],
    [
      "7,651",
      "2"
    ],
    [
      "13,901",
      "1"
    ]
  ],
  "required_android": "4.0.3",
  "size": "42",
  "url": "https://play.google.com/store/apps/details?id=air.com.sgn.bookoflife.gp",
  "version": "3.53.124.807021339"
}