{
  "categories": [
    "Casual"
  ],
  "description": "Moy Restaurant Chef is the newest Moy game where you learn how to cook cool foods for customers!Moy Restaurant Chef is the perfect for passing time and it is COMPLETELY FREE! You can set your own pace and serve your food in a dash or take it slower. But keep track on the condition of your restaurant, the appliances will break and Moy will get tired! Earn loads of cash and design the restaurant of your dreams both indoors and outdoors! ***FEATURES***- Design your restaurant both indoors and outdoors.- Clean and repair your restaurant.- Cook loads of different foods. - Care for Moy, Moy gets tired!",
  "inc": "Frojo Apps",
  "intalled_count": "10,000,000",
  "last_update": [
    "March",
    "22",
    " 2018"
  ],
  "name": "Moy \ud83c\udf54 Restaurant Chef",
  "offered_by": "Google Commerce Ltd",
  "permissions": {
    "Photos/Media/Files": [
      "read the contents of your USB storage",
      "modify or delete the contents of your USB storage"
    ],
    "Storage": [
      "read the contents of your USB storage",
      "modify or delete the contents of your USB storage"
    ],
    "Other": [
      "view network connections",
      "full network access"
    ]
  },
  "rate": [
    [
      "137,113",
      "4.2"
    ],
    [
      "92,132",
      "5"
    ],
    [
      "15,170",
      "4"
    ],
    [
      "10,393",
      "3"
    ],
    [
      "6,660",
      "2"
    ],
    [
      "12,758",
      "1"
    ]
  ],
  "required_android": "4.0",
  "size": "6.8",
  "url": "https://play.google.com/store/apps/details?id=com.frojo.cooking.android",
  "version": "1.052"
}