{
  "categories": [
    "Music"
  ],
  "description": "\ud83c\udfbc Piano Classical Magic Game White Tiles 4 \u2013  one of the best piano games in 2018.\ud83c\udfbc Have you ever dreamed of becoming a piano pink tiles maestro? Have you ever had a passion for classical music such as Carmen, Fur Elise, Waltz, Canon in D, Moonlight Sonata, The Swan, Turkish March, Songs from the secret garden & wanted to play Beethoven, Chopin, Mozart, Schubert, Tchaikovsky, Sebastian Bach, Franz Liszt, Debussy, Rachmaninoff, Mendelssohn or popular classical songs on a grand piano?Now your dream can come true in this new year 2018 with Piano Classical Magic Game White Tiles 4 \u2013 Bring Classical Music to Life! How To Play:Piano Classical Magic Game White Tiles 4 is very easy to play. Tap on the piano black tile, don\u2019t touch the white tile to feel the classical music & piano keys.The game will stop if you miss a black tile or tap on a white tile.Game Features:\u2022 The one and only New Year Battle Mode: challenge millions of players around the world, classical piano pink tiles songs lovers, in a \u201cno - mercy\u201d piano pink tiles online battle! The winner takes it all!\u2022 Request any piano pink tile songs you love and leave it to us. We will find and bring it to you right in the new year 2018, as fast as we can.\u2022 Beautiful piano white tiles music, which makes it become the best awesome piano black tile games for family & friends. Perform your favorite piano white music tiles songs and challenge with your friends and other players to show them your magic piano music speed and talent.\u2022 Simple to play, difficult to master \u2013 one of the hardest game ever. Catching all the magical tile in these high-speed magic piano games 2018 is not easy, especially in our new Battle Mode!\u2022 Carmen, Fur Elise, Waltz, Canon in D, Moonlight Sonata, The Swan, Turkish March, Songs from the secret garden, and 200 different classical songs to diverse your music nature\u2022 Awesome game design and graphics for the magical piano games 2018. You will feel like you are playing a real luxurious magic piano made with expensive mahogany, whose rhythm is perfect for any piano music lover.\u2022 Smooth gaming experience, easy to play and lightweight to install.\u2022 Sebastian Bach, Franz Liszt, Debussy, Rachmaninoff, Mendelssohn, Beethoven, Chopin, Mozart, Schubert, Tchaikovsky and the most popular Piano songs frequently updated, diverse from classical songs.\u2022 Feel the beautiful piano music melodies beyond imagination through every tap with perfect timing tiles.Try out this game now and challenge your own reaction speed and skills! This speed tapping piano games 2018  is more challenging than you could imagine.Piano Classical Magic Game White Tiles 4 is waiting for you!Try now for Free! Download today!Privacy Policy: https://goo.gl/wfC1tH",
  "inc": "AMANOTES",
  "intalled_count": "5,000,000",
  "last_update": [
    "July",
    "31",
    " 2018"
  ],
  "name": "Piano Solo - Classical Magic Game White Tiles 4",
  "offered_by": "Google Commerce Ltd",
  "permissions": {
    "Photos/Media/Files": [
      "read the contents of your USB storage",
      "modify or delete the contents of your USB storage"
    ],
    "Storage": [
      "read the contents of your USB storage",
      "modify or delete the contents of your USB storage"
    ],
    "Other": [
      "receive data from Internet",
      "view network connections",
      "full network access",
      "run at startup",
      "control vibration",
      "prevent device from sleeping"
    ]
  },
  "rate": [
    [
      "20,220",
      "4.4"
    ],
    [
      "14,909",
      "5"
    ],
    [
      "2,141",
      "4"
    ],
    [
      "1,170",
      "3"
    ],
    [
      "391",
      "2"
    ],
    [
      "1,609",
      "1"
    ]
  ],
  "required_android": "4.1",
  "size": "35",
  "url": "https://play.google.com/store/apps/details?id=com.amanotes.classicalpiano",
  "version": "1.8.4"
}