{
  "categories": [
    "Casual"
  ],
  "description": "The #1 FREE virtual restaurant game returns with Restaurant Story: Earth Day! Decorate a Restaurant to celebrate Earth Day, and share with your friends! Become a cook and deliver delicious high-quality foods to your customers in a fast paced, action-filled restaurant setting. Impress your customers with fun decorations and tasty treats! Now with Earth Day-themed recipes, decorations, and REWARDING storylines!- DESIGN and build the perfect, personalized Restaurant! Stunning variety and unlimited creativity!\u00a0- DECORATE with thousands of items, choose tables, chairs, wallpaper, art, and more!\u00a0- CUSTOMIZE a menu of delicious meals that make tummies grumble for more!\u00a0- SOCIALIZE with other restaurants, and collect bonus tips from players!\u00a0- INVITE friends to set up shop right next door! Share secret recipes!\u00a0- FREE to download, FREE to play, FREE weekly updates with new dishes and decorations!Restaurant Story: Earth Day is the BEST looking, FREE to play, most delicious restaurant game for your Android device!Please note: Restaurant Story: Earth Day is an online only game. Your device must have an active internet connection to play.Please note that Restaurant Story: Earth Day is free to play, but you can purchase in-app items with real money. To disable this feature, go to the Google Play app on your device, tap the Menu button, select Settings > Use password to restrict purchases. Then follow the directions to complete setup. In addition, Restaurant Story: Earth Day may link to social media services, such as Facebook, and Storm8 will have access to your information through such services.Storm8 Studios is the #1 Mobile Social Game Developer on Android.Use of this application is governed by the Storm8 Studios Terms of Service. Collection and use of data are subject to Storm8 Studios Privacy Policy. Both policies are available at http://www.storm8-studios.com/terms/ and http://www.storm8-studios.com/privacy/Follow Storm8www.storm8-studios.comfacebook.com/storm8twitter.com/storm8",
  "inc": "Storm8 Studios",
  "intalled_count": "500,000",
  "last_update": [
    "April",
    "16",
    " 2015"
  ],
  "name": "Restaurant Story: Earth Day",
  "offered_by": "Google Commerce Ltd",
  "permissions": {
    "Device & app history": [
      "retrieve running apps"
    ],
    "Identity": [
      "find accounts on the device"
    ],
    "Contacts": [
      "find accounts on the device"
    ],
    "Phone": [
      "read phone status and identity"
    ],
    "Photos/Media/Files": [
      "read the contents of your USB storage",
      "modify or delete the contents of your USB storage"
    ],
    "Storage": [
      "read the contents of your USB storage",
      "modify or delete the contents of your USB storage"
    ],
    "Wi-Fi connection information": [
      "view Wi-Fi connections"
    ],
    "Device ID & call information": [
      "read phone status and identity"
    ],
    "Other": [
      "receive data from Internet",
      "view network connections",
      "full network access",
      "control vibration",
      "prevent device from sleeping",
      "install shortcuts"
    ]
  },
  "rate": [
    [
      "11,567",
      "4.3"
    ],
    [
      "7,517",
      "5"
    ],
    [
      "1,769",
      "4"
    ],
    [
      "965",
      "3"
    ],
    [
      "417",
      "2"
    ],
    [
      "899",
      "1"
    ]
  ],
  "required_android": "2.2",
  "size": "21",
  "url": "https://play.google.com/store/apps/details?id=com.teamlava.restaurantstory44",
  "version": "1.5.5.9"
}