{
  "categories": [
    "Educational",
    "Brain Games"
  ],
  "description": "We have the details drawing steps, let\u2019s drawing the interesting cartoon with us!It\u2019s the best choice for you to learn drawing.Don\u2019t need any experience and skills,Follow our drawing details,That you will finished the beautiful works.Very easy and funny !\u3010FEATURES\u3011I. There\u2019re more interesting that draw with the glow brushes.II. More choice: Many beautiful cartoon pages.III. Different playing way: learn drawing and coloringEasy and funny ,TRY NOW!",
  "inc": "ColorJoy",
  "intalled_count": "5,000,000",
  "last_update": [
    "July",
    "7",
    " 2017"
  ],
  "name": "Learn to Draw Glow Cartoon",
  "offered_by": "Google Commerce Ltd",
  "permissions": {
    "Phone": [
      "read phone status and identity"
    ],
    "Photos/Media/Files": [
      "access USB storage filesystem",
      "read the contents of your USB storage",
      "modify or delete the contents of your USB storage"
    ],
    "Storage": [
      "read the contents of your USB storage",
      "modify or delete the contents of your USB storage"
    ],
    "Wi-Fi connection information": [
      "view Wi-Fi connections"
    ],
    "Device ID & call information": [
      "read phone status and identity"
    ],
    "Other": [
      "view network connections",
      "full network access"
    ]
  },
  "rate": [
    [
      "17,439",
      "4.3"
    ],
    [
      "12,524",
      "5"
    ],
    [
      "1,559",
      "4"
    ],
    [
      "1,054",
      "3"
    ],
    [
      "371",
      "2"
    ],
    [
      "1,931",
      "1"
    ]
  ],
  "required_android": "4.0.3",
  "size": "12",
  "url": "https://play.google.com/store/apps/details?id=com.colorjoy.Learn.to.draw.glow.cartoon",
  "version": "1.0.1"
}