{
  "categories": [
    "Puzzle"
  ],
  "description": "- Nominated for IndiePlay Best Mobile Game 2017- GMGA Most Anticipated Game of 2018Isoland 2 - Ashes of Time is a truly artistic adventure puzzle game. Experience a unique fusion of captivating puzzles, a philosophical parable and lighthearted storytelling that will transport you to a beautiful hand-drawn island filled with wonders. Embark on a fascinating journey through time and space, discover traces of a lost civilization, and tinker with mysterious machinery to unveil long forgotten secrets.On Isoland, you will need to find your own pace and your own approach to solving the mysteries ahead. The citizens of the little island you find yourself on will happily share their thoughts with you, and you may be surprised what they have to say about life and the universe. Listen to their stories and help them solve their problems, and you can be sure they will help you with your tasks, too. The non-linear game play allows you to decide for yourself what puzzle to solve, what person to talk to and what item to use at any given time. Take a stroll around town and keep your eyes open, and you may just stumble over the hint you had been missing. And if you don't, why not travel back in time and see if what you are looking for can be found in ancient times?Isoland 2 - Ashes of Time features an achievement system and a New Game+, making for a rewarding and challenging experience. Isoland awaits you - Go visit this enchanted island and find the truths it's hiding.**FEATURES**- beautiful hand-drawn artwork- non-linear gameplay- intelligent plot transcending time and space- mind-soothing soundtrack- NPCs that share their philosophy with you- achievement system, hidden achievements and NewGame+- easter eggs all over the place",
  "inc": "Lilithgames",
  "intalled_count": "1,000",
  "last_update": [
    "July",
    "20",
    " 2018"
  ],
  "name": "Isoland 2: Ashes of Time",
  "offered_by": "Google Commerce Ltd",
  "permissions": {
    "Photos/Media/Files": [
      "read the contents of your USB storage",
      "modify or delete the contents of your USB storage"
    ],
    "Storage": [
      "read the contents of your USB storage",
      "modify or delete the contents of your USB storage"
    ],
    "Wi-Fi connection information": [
      "view Wi-Fi connections"
    ],
    "Other": [
      "view network connections",
      "full network access"
    ]
  },
  "rate": [
    [
      "170",
      "4.7"
    ],
    [
      "139",
      "5"
    ],
    [
      "17",
      "4"
    ],
    [
      "6",
      "3"
    ],
    [
      "3",
      "2"
    ],
    [
      "5",
      "1"
    ]
  ],
  "required_android": "4.1",
  "size": "31",
  "url": "https://play.google.com/store/apps/details?id=com.lilithgame.isoland2.gpen",
  "version": "1.0.33"
}