{
  "categories": [
    "Casual"
  ],
  "description": "*** OVER 1 MILLION COPIES SOLD! ***Congratulations on your new Little Inferno Entertainment Fireplace! Throw your toys into your fire, and play with them as they burn. Stay warm in there. It's getting cold outside!AWARDS- IGF Grand Price Finalist- IGF Nuovo Award Finalist- IGF Tech Excellence Finalist and Winner- IGF Design Honorable Mention- IGF Audio Honorable MentionREVIEWS\"A beautiful masterpiece that everyone should try ... it might be the most compelling and beautiful indie game I\u2019ve played all year.\" (Gamezone)\"A deft statement on games and how we play them.\" (Engadget)\"The test I want a good game to pass is simple: I want it to stick with me. I want it to seep into my thoughts days after I played it. Little Inferno is simple. It's somehow both quaint and bold. It lingers. It burns brightly. It burns well.\" (Kotaku)\"Entrancing, beautiful, and surprising...one of the most emotionally affecting gaming experiences I\u2019ve had in a while.\" (Forbes)DESCRIPTIONBurn flaming logs, screaming robots, credit cards, batteries, exploding fish, unstable nuclear devices, and tiny galaxies. An adventure that takes place almost entirely in front of a fireplace - about looking up up up out of the chimney, and the cold world just on the other side of the wall.* From the designers of World of Goo and Henry Hatsworth in the Puzzling Adventure* 100% indie - made by 3 guys, no office, no publishers, no funding* IAP Free - no spam, upselling, ads, of any sort. Just the game. Short, polished, perfeccct as possible.* Soundtrack available free on our website. http://tomorrowcorporation.com/little-inferno-soundtrack* Play in English, Spanish, French, Dutch, German, Brazilian Portuguese, and Italian. Thank you to all of our volunteer translators!",
  "inc": "Tomorrow Corporation",
  "intalled_count": "100,000",
  "last_update": [
    "October",
    "11",
    " 2016"
  ],
  "name": "Little Inferno",
  "offered_by": "Google Commerce Ltd",
  "permissions": {
    "Photos/Media/Files": [
      "read the contents of your USB storage",
      "modify or delete the contents of your USB storage"
    ],
    "Storage": [
      "read the contents of your USB storage",
      "modify or delete the contents of your USB storage"
    ],
    "Wi-Fi connection information": [
      "view Wi-Fi connections"
    ],
    "Other": [
      "view network connections",
      "full network access",
      "prevent device from sleeping",
      "Google Play license check"
    ]
  },
  "rate": [
    [
      "13,862",
      "4.5"
    ],
    [
      "10,136",
      "5"
    ],
    [
      "2,033",
      "4"
    ],
    [
      "738",
      "3"
    ],
    [
      "362",
      "2"
    ],
    [
      "593",
      "1"
    ]
  ],
  "required_android": "4.1",
  "size": "27",
  "url": "https://play.google.com/store/apps/details?id=com.littleinferno.google",
  "version": "1.2.2"
}