{
  "categories": [
    "Puzzle"
  ],
  "description": "Move the Jewelry to match the same 3 piecesand clear various missionsexperience 1000 stages and special jewels![Features]- brain puzzle game with simple rule- no play limit such as heart, play as much as you can!- can play even without network!- game file is as low as 20M, light-weight download!- supports tablet screen- supports 14 languagesHomepage:https://play.google.com/store/apps/dev?id=4931745640662708567Facebook: https://www.facebook.com/spcomesgames/",
  "inc": "Springcomes",
  "intalled_count": "5,000,000",
  "last_update": [
    "July",
    "6",
    " 2018"
  ],
  "name": "Jewels Temple Quest : Match 3",
  "offered_by": "Google Commerce Ltd",
  "permissions": {
    "Other": [
      "view network connections",
      "full network access",
      "prevent device from sleeping"
    ]
  },
  "rate": [
    [
      "151,008",
      "4.5"
    ],
    [
      "103,416",
      "5"
    ],
    [
      "33,621",
      "4"
    ],
    [
      "9,695",
      "3"
    ],
    [
      "1,543",
      "2"
    ],
    [
      "2,733",
      "1"
    ]
  ],
  "required_android": "4.0.3",
  "size": "19",
  "url": "https://play.google.com/store/apps/details?id=com.spcomes.jquest",
  "version": "1.6.6"
}