{
  "categories": [
    "Puzzle"
  ],
  "description": "From the makers of the #1 hit app Flow Free\u00ae, comes a fun and challenging new twist: Bridges!If you like Flow Free, you'll love Flow Free: Bridges\u00ae!Connect matching colors with pipe to create a Flow\u00ae. Pair all colors and cover the entire board. Use the new Bridges to cross two pipes and solve each puzzle in Flow Free: Bridges!Free play through hundreds of levels, or race against the clock in Time Trial mode. Flow Free: Bridges gameplay ranges from simple and relaxed, to challenging and frenetic, and everywhere in between. How you play is up to you. So, give Flow Free: Bridges a try, and experience \"mind like water\"!Flow Free: Bridges features:\u2605 Over 2,500 free puzzles\u2605 Free Play and Time Trial modes\u2605 Clean, colorful graphics\u2605 Fun sound effectsSpecial thanks to Noodlecake Studios, creators of Super Stickman Golf, for their work on Flow Free: Bridges!Enjoy.",
  "inc": "Big Duck Games LLC",
  "intalled_count": "10,000,000",
  "last_update": [
    "April",
    "8",
    " 2018"
  ],
  "name": "Flow Free: Bridges",
  "offered_by": "Google Commerce Ltd",
  "permissions": {
    "Photos/Media/Files": [
      "read the contents of your USB storage",
      "modify or delete the contents of your USB storage"
    ],
    "Storage": [
      "read the contents of your USB storage",
      "modify or delete the contents of your USB storage"
    ],
    "Other": [
      "view network connections",
      "full network access",
      "prevent device from sleeping"
    ]
  },
  "rate": [
    [
      "199,953",
      "4.3"
    ],
    [
      "123,641",
      "5"
    ],
    [
      "38,257",
      "4"
    ],
    [
      "16,913",
      "3"
    ],
    [
      "8,443",
      "2"
    ],
    [
      "12,699",
      "1"
    ]
  ],
  "required_android": "4.1",
  "size": "11",
  "url": "https://play.google.com/store/apps/details?id=com.bigduckgames.flowbridges",
  "version": "3.4"
}