{
  "categories": [
    "Casual"
  ],
  "description": "Download the new Diamond Diaries Saga, a brand new puzzle linker game from King, the creators of Candy Crush Saga.Create precious items of jewelry by linking 3 or more charms of the same color and complete the goal before you run out of moves! Travel to exotic cities with tons of fun, challenging levels and exciting new game modes.Enjoy a sparkling new way to connect beautiful charms in this exciting puzzle adventure!Easily sync the game between devices and access full game features when connected to the internetTake on this epic saga alone or play with friends to see who can get the highest score!Diamond Diaries Saga is completely free to play but some optional in-game items will require payment. By downloading this app on your mobile you are agreeing to our terms of service; http://king.com/termsAndConditions",
  "inc": "King",
  "intalled_count": "1,000,000",
  "last_update": [
    "July",
    "25",
    " 2018"
  ],
  "name": "Diamond Diaries Saga",
  "offered_by": "Google Commerce Ltd",
  "permissions": {
    "Identity": [
      "find accounts on the device"
    ],
    "Contacts": [
      "find accounts on the device",
      "read your contacts"
    ],
    "Wi-Fi connection information": [
      "view Wi-Fi connections"
    ],
    "Other": [
      "receive data from Internet",
      "view network connections",
      "full network access",
      "prevent device from sleeping"
    ]
  },
  "rate": [
    [
      "17,776",
      "4.4"
    ],
    [
      "12,037",
      "5"
    ],
    [
      "3,284",
      "4"
    ],
    [
      "1,226",
      "3"
    ],
    [
      "415",
      "2"
    ],
    [
      "814",
      "1"
    ]
  ],
  "required_android": "4.0",
  "size": "79",
  "url": "https://play.google.com/store/apps/details?id=com.king.diamonddiariessaga",
  "version": "1.1.4.0"
}