{
  "categories": [
    "Simulation"
  ],
  "description": "The most fantastic Restaurant awaits you: Design, decorate and run your own dream island restaurant! Discover delicious new recipes!* PLAY OFFLINE: No internet connection required* 2 FREE exciting Mini Games to explore!* DISCOVER and COLLECT delicious new dishes and menus* DECORATE your Restaurant with TONS of fantastic decorations! * Complete TASKS to earn REWARDS!* DAILY FREE GIFTS to send to your friends & family! * EXPAND your diner into a world class 5 star restaurant!Many cool VIP guests are waiting for you!Your very own Restaurant has just opened its doors for you!See you in the game - and don't forget to visit your friends\u2019 Restaurants too!The story:Exciting times await us all! We are building the greatest dream city story in Restaurant Island. The fat flying rat destroyed our famous paradise Restaurant! And he\u2019s stolen all our recipe books! We need your help to restore our Restaurant to its former glory and help us become the best Restaurant in the world!Our first booking has arrived, Come on neighbours, friends and family! Help us rebuild our Restaurant into the most AMAZING Restaurant ISLAND of all time!Just a very small peek at what awaits you:We have the best kitchen chef in the world! Build your burger shop into the biggest sky burger restaurant of all time. Our bakery shop has lots of sweets and cake to discover.Build a funny chocolate cake or decorate your donut shop in a huge donut store :,) Let your restaurant and bakery helpers start cooking and baking into the sky island full of restaurants. Restaurant Island is the best casual time management cooking and baking game of candy corp! Discover and build stunning coffee shops and enjoy a piece of cake in your bakery store. Manage your very own kitchen staff and lets start the dinner party. Ask your neighbours\u2019 hotel staff to give you a helping hand in your bakery or food store. Build and \u201ccook\u201d up a hollywood style dinner in your gourmet restaurant.  Design and build a unique cafe, bakery and restaurant stores with lovely variety and creativity.Customize and choose a top-class menu to suit your tastes.Share your dream cafe and play the wheel of candy and food to earn special menus.Come on, lets discover Restaurant Island to serve guests from all over the world!A small little mouse is hidden in all of our restaurants, cafe and bakery stores, take time to find them and unlock extra recipes. Dont forget to search for the hidden rat in your restaurant, bakery and candy store!  Download now, it\u2019s FREE!",
  "inc": "Candy Corp",
  "intalled_count": "100,000",
  "last_update": [
    "April",
    "25",
    " 2018"
  ],
  "name": "Restaurant Island:Kitchen Chef",
  "offered_by": "Google Commerce Ltd",
  "permissions": {
    "Phone": [
      "read phone status and identity"
    ],
    "Photos/Media/Files": [
      "read the contents of your USB storage",
      "modify or delete the contents of your USB storage"
    ],
    "Storage": [
      "read the contents of your USB storage",
      "modify or delete the contents of your USB storage"
    ],
    "Wi-Fi connection information": [
      "view Wi-Fi connections"
    ],
    "Device ID & call information": [
      "read phone status and identity"
    ],
    "Other": [
      "view network connections",
      "full network access",
      "control vibration",
      "prevent device from sleeping"
    ]
  },
  "rate": [
    [
      "15,543",
      "4.3"
    ],
    [
      "10,872",
      "5"
    ],
    [
      "1,787",
      "4"
    ],
    [
      "1,288",
      "3"
    ],
    [
      "521",
      "2"
    ],
    [
      "1,075",
      "1"
    ]
  ],
  "required_android": "4.0",
  "size": "41",
  "url": "https://play.google.com/store/apps/details?id=com.modernstark.restaurantisland",
  "version": "45.0.0"
}