{
  "categories": [
    "Puzzle"
  ],
  "description": "Enjoy limitless match 3 fun without worrying about hearts!A gorgeous and beautiful Jewel Castle awaits your challenge.Match 3 or more of the same colored jewels!Stages will challenge you with various missions and jewels!Connect beautiful jewels to experience a fantastical effect!Play Jewels Castle anytime without internet and Enjoy with your friends all over the world through Facebook Login.\u25b6 Jewel Castle Official Fan Page : https://www.facebook.com/superbox01- This game supports '\ud55c\uad6d\uc5b4', 'Indonesian', 'Bahasa malay', 'English', '\u65e5\u672c\u8a9e', '\u4e2d\u6587\u7b80\u4f53', '\u4e2d\u6587\u7e41\u9ad4', 'Deutsch', 'fran\u00e7ais', 'Espa\u00f1ol', '\u0e44\u0e17\u0e22', '\u0420\u0443\u0441\u0441\u043a\u0438\u0439', 'Arabic', 'Portuguese', 'Turkish', 'Italian'.\u3010Jewel Castle Features\u3011\u25a3 Simple rules make this match 3 game fun brain training!\u25a3 A joyful gameplay that you can enjoy with mysterious and colorful graphics.\u25a3 No heart limits! Play as much as you want!\u25a3 Over 1,000 special stage modes!\u25a3 No Wi-Fi, no problem! Play any time with or without an internet connection.\u25a3 Log into Facebook and play Jewel Castle anywhere!\u25a3 A small game that can be downloaded on any device!\u25a3 Supporting 16 languages and all tablet devices!- This game is acceptable for purchasing the items partially. When purchasing the items, the additional costs could be occurred and limited Consumer Right of Defense according to the item types.\u25b6 Let's Enjoy SUPERBOX \u25c0\u2606 SUPERBOX Official Website\u261e http://superbox.kr\u2606 SUPERBOX Official Fan Page\u261e https://www.facebook.com/superbox01\u2606 SUPERBOX Customer Center\u261e E-Mail : help@superbox.kr",
  "inc": "SUPERBOX.INC",
  "intalled_count": "500,000",
  "last_update": [
    "July",
    "3",
    " 2018"
  ],
  "name": "Jewel Castle - puzzle game",
  "offered_by": "Google Commerce Ltd",
  "permissions": {
    "Other": [
      "receive data from Internet",
      "view network connections",
      "full network access",
      "run at startup",
      "control vibration",
      "prevent device from sleeping"
    ]
  },
  "rate": [
    [
      "6,553",
      "4.7"
    ],
    [
      "5,093",
      "5"
    ],
    [
      "1,035",
      "4"
    ],
    [
      "276",
      "3"
    ],
    [
      "49",
      "2"
    ],
    [
      "100",
      "1"
    ]
  ],
  "required_android": "4.1",
  "size": "Varies with devic",
  "url": "https://play.google.com/store/apps/details?id=com.superbox.aos.jewelpop",
  "version": "1.1.2"
}