{
  "categories": [
    "Puzzle"
  ],
  "description": "Comfortable game play mahjong tile game to remove the same picture with no time limit.[Features] - Difficulty is classified as easy, normal, hard, you can choose according to your skills.- Added into five another Mahjong tile picture type is available.- You can match with another player in the world. - Add map will be unlocked when you won multiplayer.- Hints and shuffle items can be used indefinitely.- Supports Achievements and Leaderboards.- Supports tablet devices.Homepage :https://play.google.com/store/apps/dev?id=4864673505117639552Facebook : https://www.facebook.com/mobirixplayenYouTube :https://www.youtube.com/user/mobirix1",
  "inc": "mobirix",
  "intalled_count": "5,000,000",
  "last_update": [
    "August",
    "2",
    " 2018"
  ],
  "name": "Mahjong King",
  "offered_by": "Google Commerce Ltd",
  "permissions": {
    "Wi-Fi connection information": [
      "view Wi-Fi connections"
    ],
    "Other": [
      "receive data from Internet",
      "view network connections",
      "full network access",
      "prevent device from sleeping"
    ]
  },
  "rate": [
    [
      "160,559",
      "4.5"
    ],
    [
      "105,238",
      "5"
    ],
    [
      "40,705",
      "4"
    ],
    [
      "11,155",
      "3"
    ],
    [
      "1,539",
      "2"
    ],
    [
      "1,922",
      "1"
    ]
  ],
  "required_android": "4.0.3",
  "size": "13",
  "url": "https://play.google.com/store/apps/details?id=com.mobirix.mahjongking",
  "version": "1.3.0"
}