{
  "categories": [
    "Educational",
    "Education"
  ],
  "description": "The CBeebies Storytime app is filled with free story books and bedtime stories for young children and is a great way to enjoy reading with your little one.  The library is always growing, with stories featuring CBeebies friends including Topsy and Tim, Peter Rabbit and Mr Tumble - plus favourite fairy tales too.Stories are free to download, with no adverts or in-app purchases.  Fun Features include:- A \u2018Read to Me\u2019 and \u2018Read by Myself\u2019 option to accommodate different reading abilities- Recall questions at the end of each story to aid the development of comprehension skills- Guided interaction points help you have fun with your child and support their learning development - Look out for the number in the library cloud to see when new stories have been added - There\u2019s a Grown Ups section that includes tips to support your child\u2019s reading development- The app also includes an accessibility mode activated via the Grown Ups section- A secure parental lock for any external link- Links to lots more free, fun things to enjoy from CBeebies on your mobile and tablet This app sends anonymous performance stats for internal purposes to help the BBC improve your experience. You can choose to opt out of this at any time from the in-app Settings menu.If you install this app you accept the BBC Terms of Use at: http://www.bbc.co.uk/termsTo read the BBC\u2019s Privacy Policy go to: http://www.bbc.co.uk/privacy",
  "inc": "Media Applications Technologies for the BBC",
  "intalled_count": "1,000,000",
  "last_update": [
    "July",
    "4",
    " 2018"
  ],
  "name": "BBC CBeebies Storytime",
  "offered_by": "Google Commerce Ltd",
  "permissions": {
    "Photos/Media/Files": [
      "read the contents of your USB storage",
      "modify or delete the contents of your USB storage"
    ],
    "Storage": [
      "read the contents of your USB storage",
      "modify or delete the contents of your USB storage"
    ],
    "Microphone": [
      "record audio"
    ],
    "Wi-Fi connection information": [
      "view Wi-Fi connections"
    ],
    "Other": [
      "view network connections",
      "full network access",
      "prevent device from sleeping",
      "Google Play license check"
    ]
  },
  "rate": [
    [
      "6,230",
      "4.0"
    ],
    [
      "3,446",
      "5"
    ],
    [
      "1,083",
      "4"
    ],
    [
      "552",
      "3"
    ],
    [
      "417",
      "2"
    ],
    [
      "732",
      "1"
    ]
  ],
  "required_android": "4.0",
  "size": "31",
  "url": "https://play.google.com/store/apps/details?id=air.uk.co.bbc.cbeebiesstorytime",
  "version": "2.7.1"
}