{
  "categories": [
    "Educational"
  ],
  "description": "Do you know that the capital of Canada is Ottawa? Or that Ankara is the capital of Turkey? What city is the capital of North Korea?Now you can learn capital cities of all 197 independent countries and 43 dependent territories of the world. Test your knowledge in this fun and educational game.The capitals are divided into three levels:1) National capitals of more well-known countries (Level 1) - such as Prague, the capital of Czechia.2) Capital cities of exotic countries (Level 2) - Ulaanbaatar is the capital city of Mongolia.3) Dependent territories and constituent countries (Level 3) - Cardiff is the capital of Wales. The fourth option is to play with \u201cAll 240 Capitals\u201d: from Washington, D.C. to Vatican City.Choose the game mode and find the capital of your country: * Spelling quizzes (easy and hard).* Multiple-choice questions (with 4 or 6 answer options) - It\u2019s important to remember that you have only 3 lives.* Time game (give as many answers as you can in 1 minute) - you should give more than 25 correct answers to get a star.* New game mode: Identify capital cities on the map.Two learning tools:* Flashcards (browse of cities in the game without guessing; you can mark which capitals you know poorly and want to repeat in the future).* Table of all capitals.The app is translated into 23 languages (including English, Spanish, German, etc.), so you can learn the names of the countries in any of them.Join millions of other people in studying geography of the world and become a pro by answering all questions correctly and getting all stars!",
  "inc": "Andrey Solovyev",
  "intalled_count": "1,000,000",
  "last_update": [
    "February",
    "22",
    " 2018"
  ],
  "name": "Capitals of All Countries in the World: City Quiz",
  "offered_by": "Google Commerce Ltd",
  "permissions": {
    "Other": [
      "receive data from Internet",
      "view network connections",
      "full network access",
      "prevent device from sleeping"
    ]
  },
  "rate": [
    [
      "20,191",
      "4.4"
    ],
    [
      "13,899",
      "5"
    ],
    [
      "3,541",
      "4"
    ],
    [
      "1,311",
      "3"
    ],
    [
      "545",
      "2"
    ],
    [
      "895",
      "1"
    ]
  ],
  "required_android": "4.0.3",
  "size": "25",
  "url": "https://play.google.com/store/apps/details?id=com.asmolgam.capitals",
  "version": "2.2"
}