{
  "categories": [
    "Puzzle"
  ],
  "description": "royal diamondsthe most insanely addictive puzzle game everConquer the Royal Diamons in this cool match 3 game, sliding and combining gems of the same type with your finger. Combine as many gems as you can of  the same type to create amazing combos and magical explosions full of light and color. Achieve the top score in each scenario by creating the highest  number of combinations with the diamonds.A super cool Gem and jewelry dash game with lots of funs! Use your finger to tap fast and action! Very easy to start with and you will be addicted with  its fun. Match the beautiful and magical gems together and you will be awarded with more points. This has been top arcade action game. Insanely  addictive gameplay, impressive visuals and sound effects, a perfect blend of easy and challenging levels with lots of missions and boosters make this  gem swap game one of a kindUse varied methods to complete all levels, each of them will require a peculiar approach to be completed. Fantastic power-ups, items and weapons will  help you with the hardests levels. 100% fun guaranteed in this original and addictive puzzle game.Royal Diamons features:\u2022 Experience a new gameplay with rich and exotic graphics set in Ancient Times\u2022 Explore magical new worlds as\u2022 Powerful boosters to help with challenging levels\u2022 Unlock boosters and Hidden treasures!\u2022 Easy and fun to play, challenging to master\u2022 Hundreds of adventurous levels to complete \u2013 more coming soon!\u2022 Available on mobile and tablet devicesVISIT US:http://facebook.com/royaldiamondshttp://royalgems.comhttp://twitter.com/gemshttp://google.com/+royalgems/videoshttp://youtube.com/user/crazyjewelTerms and Conditions: http://royalgems.com/terms-of-use/Privacy Policy: http://bejeweled.com/privacy/Contact us: http://gemsjourney.com/contact/it\u2019s still delivering amazing high excitement!",
  "inc": "ReadUpdates",
  "intalled_count": "5,000,000",
  "last_update": [
    "October",
    "31",
    " 2017"
  ],
  "name": "Royal Diamonds",
  "offered_by": "Google Commerce Ltd",
  "permissions": {
    "Other": [
      "view network connections",
      "full network access"
    ]
  },
  "rate": [
    [
      "23,896",
      "4.1"
    ],
    [
      "13,891",
      "5"
    ],
    [
      "3,986",
      "4"
    ],
    [
      "3,048",
      "3"
    ],
    [
      "918",
      "2"
    ],
    [
      "2,053",
      "1"
    ]
  ],
  "required_android": "4.0",
  "size": "17",
  "url": "https://play.google.com/store/apps/details?id=com.shooterswatgame.DiamondRoyal",
  "version": "2.3.1"
}