{
  "categories": [
    "Puzzle"
  ],
  "description": "Find the difference - Spot is also known as \u201cFind the difference\u201d, \u201cWhat\u2019s the difference, \u201cFinding game\", \"Difference game\", \"Spot the differences\" or \"Find the differences\u201d. It is similar to other observation games like \"Hidden Object\" where you have to find hidden objects.In this game you must find five differences between two images. Suitable for children and adults. Try the best game of Find the difference\u2022 Designed for tablets and smartphones.\u2022 Horizontal and vertical!\u2022 HD pictures\u2022  More than 300 levels all unlocked! \u2022 Zoom, enlarge to see the images better!\u2022  Differences are saved, by completing levels! \u2022  No advertising on the game screen \u2022 Without time limit.\u2022 Endless clues!If you like classic games Find the difference - Spot is for you!  Find the differences before the time runs out without losing lives!Become more observant by playing Find the difference - Spot!",
  "inc": "SuperSwell",
  "intalled_count": "500,000",
  "last_update": [
    "March",
    "13",
    " 2018"
  ],
  "name": "Find the difference 300 level Spot the differences",
  "offered_by": "Google Commerce Ltd",
  "permissions": {
    "Photos/Media/Files": [
      "read the contents of your USB storage",
      "modify or delete the contents of your USB storage"
    ],
    "Storage": [
      "read the contents of your USB storage",
      "modify or delete the contents of your USB storage"
    ],
    "Wi-Fi connection information": [
      "view Wi-Fi connections"
    ],
    "Other": [
      "view network connections",
      "full network access",
      "control vibration",
      "prevent device from sleeping",
      "Google Play license check"
    ]
  },
  "rate": [
    [
      "9,880",
      "4.6"
    ],
    [
      "7,036",
      "5"
    ],
    [
      "2,164",
      "4"
    ],
    [
      "507",
      "3"
    ],
    [
      "45",
      "2"
    ],
    [
      "128",
      "1"
    ]
  ],
  "required_android": "4.1",
  "size": "3.9",
  "url": "https://play.google.com/store/apps/details?id=com.superswell.find.difference",
  "version": "2.22"
}