{
  "categories": [
    "Casual"
  ],
  "description": "Welcome to Gardenscapes! Rake your way through a storyline full of unexpected twists and turns to restore a wonderful garden to its former glory. Embark on an adventurous journey: beat match-3 levels, restore and decorate different areas in the garden, get to the bottom of the secrets it holds, and enjoy the company of amusing in-game characters, including Austin, your butler, and a funny dog! What are you waiting for? Indulge yourself in some gardening and become the hero of a brand new story. Build your dream garden for free! The game features:\u25cf Addictive gameplay: swap and match, restore and decorate the garden, and be part of a breath-taking adventure all at once!\u25cf Hundreds of unique match-3 levels\u25cf Dozens of in-game characters you can make friends with\u25cf An adorable puppy who is always there to cheer you up\u25cf An in-game social network you can use to keep tabs on everything\u25cf Different areas in the garden, each with unique structures: broken fountains, mysterious mazes, an old mansion, and much more\u25cf A community that comes first \u2014 be neighbors with your Facebook friends!\u25cf A super addicting game you can even play offline! Gardenscapes is free to play, though some in-game items can also be purchased for real money. Enjoying Gardenscapes? Learn more about the game!Facebook: https://www.facebook.com/GardenscapesInstagram: https://www.instagram.com/gardenscapes_mobile/Twitter: https://twitter.com/garden_scapes Questions? Contact our tech support at gardenscapes@playrix.com",
  "inc": "Playrix Games",
  "intalled_count": "50,000,000",
  "last_update": [
    "July",
    "13",
    " 2018"
  ],
  "name": "Gardenscapes",
  "offered_by": "Google Commerce Ltd",
  "permissions": {
    "Photos/Media/Files": [
      "read the contents of your USB storage",
      "modify or delete the contents of your USB storage"
    ],
    "Storage": [
      "read the contents of your USB storage",
      "modify or delete the contents of your USB storage"
    ],
    "Wi-Fi connection information": [
      "view Wi-Fi connections"
    ],
    "Other": [
      "receive data from Internet",
      "view network connections",
      "full network access",
      "control vibration",
      "prevent device from sleeping",
      "Google Play license check",
      "read Google service configuration"
    ]
  },
  "rate": [
    [
      "4,121,554",
      "4.6"
    ],
    [
      "3,015,671",
      "5"
    ],
    [
      "732,438",
      "4"
    ],
    [
      "220,566",
      "3"
    ],
    [
      "54,851",
      "2"
    ],
    [
      "98,028",
      "1"
    ]
  ],
  "required_android": "4.0.3",
  "size": "Varies with devic",
  "url": "https://play.google.com/store/apps/details?id=com.playrix.gardenscapes",
  "version": "2.6.2"
}