{
  "categories": [
    "Word"
  ],
  "description": "SEE IT? SAY IT! - The new picture game by Ian Livingstone- Guess the answer by saying what you see - 500 cryptic puzzles!- Tons of fun!DOWNLOAD NOW ITS FREE!- Easy to play- Win coins for correct puzzles guessed- Stuck? Use coins to claim lifelines!***** \u201cLove it - So many puzzles!\u201d gregosaurus rex***** \u201cSome great 'groaners' in here :)\u201d speedything***** \u201cAn Oar-Sum game!\u201d damor99Quote from Ian Livingstone\u201cSee It Say It is a game concept that I created whilst on holiday.I love playing with words and English is a wonderful language to work with.Strategy games are my staple diet, but I also enjoy casual games that offer bite-size chunks of fun.I wanted to try my hand at designing a quirky little brain teaser. And that\u2019s exactly what we\u2019ve done with See It Say It.\u201dAbout Ian Livingstone - Ian Livingstone is one of the founding fathers of the UK games industry, and the government's Businesses\u2019 Creative Industries Champion.- Co-founded Games Workshop in 1975, launching Dungeons & Dragons. He co-authored The Fighting Fantasy gamebook series, which has sold over 17 million copies.- Executive Chairman at Eidos until 2002, and launched major franchises including Lara Croft: Tomb Raider. - Now at Square Enix as Life President of Eidos.",
  "inc": "Poptacular",
  "intalled_count": "100,000",
  "last_update": [
    "October",
    "28",
    " 2014"
  ],
  "name": "See It Say It",
  "offered_by": "Google Commerce Ltd",
  "permissions": {
    "Device & app history": [
      "retrieve running apps"
    ],
    "Phone": [
      "read phone status and identity"
    ],
    "Photos/Media/Files": [
      "read the contents of your USB storage",
      "modify or delete the contents of your USB storage"
    ],
    "Storage": [
      "read the contents of your USB storage",
      "modify or delete the contents of your USB storage"
    ],
    "Wi-Fi connection information": [
      "view Wi-Fi connections"
    ],
    "Device ID & call information": [
      "read phone status and identity"
    ],
    "Identity": [
      "find accounts on the device"
    ],
    "Contacts": [
      "find accounts on the device"
    ],
    "Other": [
      "receive data from Internet",
      "view network connections",
      "full network access",
      "view network connections",
      "send sticky broadcast",
      "full network access",
      "prevent device from sleeping"
    ]
  },
  "rate": [
    [
      "2,428",
      "4.5"
    ],
    [
      "1,709",
      "5"
    ],
    [
      "399",
      "4"
    ],
    [
      "169",
      "3"
    ],
    [
      "49",
      "2"
    ],
    [
      "102",
      "1"
    ]
  ],
  "required_android": "2.3",
  "size": "17",
  "url": "https://play.google.com/store/apps/details?id=com.sentinelstudios.seeitsayit.android",
  "version": "1.02"
}