{
  "categories": [
    "Casual",
    "Brain Games"
  ],
  "description": "Tired of working or studying? To pass time and enjoy the casual Happy Fruits Tap!There are almost 250 levels in Happy Fruits Tap. Click on 2 or more fruits of the same to blast. Your purpose is to remove fruits as many as possible. Clear away the barriers by eliminating fruits. Follow the adventure, the best incredibly fresh fruit puzzle game will satisfy your sweet teeth!Happy Fruits Tap is looking forward to you to join in!Game Features:- Over 250 levels with delicate fruits- Journey across 5 splendid maps: Fruit Garden, Melon Fields, Rill Meadow, Snow Castle and Farm Orchard - Fun and fairly challenging barriers: Ice, Cloud, Bubble, etc.- Hard to master. Practice your skills.- Brand new visual effect of fruits design.Download it now for free! Enjoy the relaxing and cheerfulness in Happy Fruits Tap. You will be addict to this wonderful fruit paradise.",
  "inc": "Crazybuzz",
  "intalled_count": "500,000",
  "last_update": [
    "February",
    "1",
    " 2018"
  ],
  "name": "Happy Fruits Bomb - Cube Blast",
  "offered_by": "Google Commerce Ltd",
  "permissions": {
    "Photos/Media/Files": [
      "read the contents of your USB storage",
      "modify or delete the contents of your USB storage"
    ],
    "Storage": [
      "read the contents of your USB storage",
      "modify or delete the contents of your USB storage"
    ],
    "Wi-Fi connection information": [
      "view Wi-Fi connections"
    ],
    "Other": [
      "view network connections",
      "full network access"
    ]
  },
  "rate": [
    [
      "2,098",
      "4.5"
    ],
    [
      "1,552",
      "5"
    ],
    [
      "254",
      "4"
    ],
    [
      "173",
      "3"
    ],
    [
      "48",
      "2"
    ],
    [
      "71",
      "1"
    ]
  ],
  "required_android": "4.0.3",
  "size": "20",
  "url": "https://play.google.com/store/apps/details?id=com.crazybuzz.happyfruitstap.free",
  "version": "1.0.3122"
}