{
  "categories": [
    "Casual"
  ],
  "description": "Put on your makeup, pick out your favorite shoes and nab a fashionable bag. It's time to dressup like a celebrity! Get models ready for their stylish debuts as you do their makeup, pick out now shoes and bags, style their hair and select the shiniest jewels for them to wear. Turn ordinary fashion models into stylish stars, all with your touch screen!Runway Model Salon lets you choose from tons of different shoes, bags, jewels, dresses and accessories for your stylish fashion models to wear. Swap outfits until you find a combination that's just right. Everything has to match, including the makeup, so choose the most stylish colors and let the magic begin!Runway Model Salon features three different stars to dressup however you like. You can also choose from three different stylish runways to show off your new shoes: indoor starlight, indoor regular, and outdoor! These young stars need to look their best! Put on some makeup, pick out some shoes and bags and send them out to become fashion celebrities!Features:- Turn ordinary fashion models into stylish stars.- Play dressup as you design outfits for each celebrity.- Choose from different shoes, bags, jewels, dresses and more.- Head out on the runway and strut your stuff.- 3 different models to dress, 3 different runways to choose.How to Play:- Use the touch screen to choose a model to give a makeover to.- Dressup each model by choosing shoes, bags, jewels and outfits.- Apply makeup and pick out a stylish hairdo.- Send your celebrity out onto the runway!***************************************Want to know more about us?Come join our Facebook:https://www.facebook.com/pages/Beauty-Inc/1490275731254673Get us on Twitter:https://twitter.com/Beauty__IncCome see our website! http://www.beautyapps.net/",
  "inc": "Beauty Inc",
  "intalled_count": "5,000,000",
  "last_update": [
    "January",
    "6",
    " 2017"
  ],
  "name": "Fashion Star - Model Salon",
  "offered_by": "Google Commerce Ltd",
  "permissions": {
    "Contacts": [
      "modify your contacts"
    ],
    "Location": [
      "approximate location (network-based)"
    ],
    "Phone": [
      "read phone status and identity"
    ],
    "Photos/Media/Files": [
      "read the contents of your USB storage",
      "modify or delete the contents of your USB storage"
    ],
    "Storage": [
      "read the contents of your USB storage",
      "modify or delete the contents of your USB storage"
    ],
    "Camera": [
      "take pictures and videos"
    ],
    "Wi-Fi connection information": [
      "view Wi-Fi connections"
    ],
    "Device ID & call information": [
      "read phone status and identity"
    ],
    "Other": [
      "receive data from Internet",
      "view network connections",
      "full network access",
      "prevent device from sleeping"
    ]
  },
  "rate": [
    [
      "64,722",
      "3.8"
    ],
    [
      "34,602",
      "5"
    ],
    [
      "7,558",
      "4"
    ],
    [
      "7,286",
      "3"
    ],
    [
      "4,328",
      "2"
    ],
    [
      "10,948",
      "1"
    ]
  ],
  "required_android": "4.1",
  "size": "39",
  "url": "https://play.google.com/store/apps/details?id=net.beautyincorporated.android_runwaysalon",
  "version": "1.7"
}