{
  "categories": [
    "Casual"
  ],
  "description": "THE OFFICIAL BLOONS\u00ae TD 4 HAS ARRIVED ON THE ANDROID MARKET!The monkeys are getting serious and are ready to take down the enemy from the land, air and sea in the style of classic tower defense. Utilising a ranking system you can build up your experience and gain access to powerful towers and upgrades. Call in mortar strikes, deploy the monkey aces and harness the power of banana farms as you bid to take down the enemy in true bloon popping fashion.Bloons\u00ae TD 4 Android features a mix of classic tracks from the online game as well as a whole host of new tracks for you to master. The medal ranking system adds an extra level of difficulty to the challenge. Can you battle through all 75 rounds to earn the gold medal?Of course, even if you do, the fun doesn't stop there and you can continue the madness in freeplay mode. Discover how many rounds can you survive before the enemy overpowers you. Bloons\u00ae TD 4 has some special bonuses which you can discover and unlock by mastering the tracks!Features:-\u2022 All of your Bloons\u00ae TD 4 favourites, including the all powerful Sun God.\u2022 15 different tracks.\u2022 3 difficulty settings on each map, Easy, Medium and Hard for varying degrees of challenge.\u2022 Continue the popping frenzy in freeplay mode once you master a track.\u2022 Special bonus unlocks.",
  "inc": "ninja kiwi",
  "intalled_count": "100,000",
  "last_update": [
    "April",
    "17",
    " 2013"
  ],
  "name": "Bloons TD 4",
  "offered_by": "Google Commerce Ltd",
  "permissions": {
    "Phone": [
      "read phone status and identity"
    ],
    "Device ID & call information": [
      "read phone status and identity"
    ],
    "Other": [
      "power device on or off",
      "change screen orientation",
      "view network connections",
      "read battery statistics",
      "full network access",
      "change your audio settings",
      "prevent device from sleeping",
      "Google Play license check"
    ]
  },
  "rate": [
    [
      "10,882",
      "3.7"
    ],
    [
      "6,099",
      "5"
    ],
    [
      "1,032",
      "4"
    ],
    [
      "517",
      "3"
    ],
    [
      "356",
      "2"
    ],
    [
      "2,878",
      "1"
    ]
  ],
  "required_android": "1.5",
  "size": "46",
  "url": "https://play.google.com/store/apps/details?id=com.digitalgoldfishltd.bloonstd4",
  "version": "2.1.0"
}