{
  "categories": [
    "Casual"
  ],
  "description": "\u272e\u272e\u272e\u272e\u272e FREE TODAY \u272e\u272e\u272e\u272e\u272e \u2605\u2605\u2605\u2605\u2605 Choose from thousands of combinations to create the perfect look in this FREE dress up and makeup fashion game! Apply realistic makeup by choosing from today's trendy color palettes. Save your model to your own modeling album, or share with friends. You won't believe how amazingly cool this game is! Absolutely addicting!Loads of clothing items including pants, shoes, shirts and tops, jewelry, earrings, glasses, backgrounds, wallpaper, and more!!!\u2605\u2605\u2605\u2605\u2605 Tons of FREE bonus fashion items included!!!!!",
  "inc": "Best Girls Dress Up Makeup and Nail Manicure Games",
  "intalled_count": "1,000,000",
  "last_update": [
    "June",
    "26",
    " 2015"
  ],
  "name": "Best Dress Up and Makeup Games: Amazing Girl Games",
  "offered_by": "Google Commerce Ltd",
  "permissions": {
    "Photos/Media/Files": [
      "read the contents of your USB storage",
      "modify or delete the contents of your USB storage"
    ],
    "Storage": [
      "read the contents of your USB storage",
      "modify or delete the contents of your USB storage"
    ],
    "Other": [
      "view network connections",
      "full network access"
    ]
  },
  "rate": [
    [
      "14,955",
      "3.8"
    ],
    [
      "8,119",
      "5"
    ],
    [
      "1,826",
      "4"
    ],
    [
      "1,513",
      "3"
    ],
    [
      "1,030",
      "2"
    ],
    [
      "2,467",
      "1"
    ]
  ],
  "required_android": "2.3",
  "size": "41",
  "url": "https://play.google.com/store/apps/details?id=com.virtualitoy.dumu",
  "version": "1.6"
}