{
  "categories": [
    "Puzzle"
  ],
  "description": "\u201cBest Mobile Games of 2015\u201d \u2014 CNET\u201cBest iOS Games of 2015\u201d \u2014 Apple \u2018N\u2019 Apps\u201cBest One Handed Mobile Games for Long Commutes\u201d \u2014 Appcessories* * * * *Consisting of hundreds of extremely challenging codes, puzzles and interactive ciphers, The Guides is a journey that will challenge your wit, stretch your imagination and test your ingenuity in unique and innovative ways.Simply stated, they\u2019re not easy. Progressing will be difficult, but you have the appropriate tools at your disposal. Everything you need to proceed is \u2014 or has been \u2014 provided.Look for clues and patterns to build on what you have learned. Remember what you have seen as for no detail is too subtle or insignificant. As you explore deeper, you\u2019ll begin to unravel the enigma of The Guides.Peculiar, isn't it?\u2022 \u2022 \u2022 \u2022 \u2022 \u2022 \u2022\"From the word 'Go'... it tells you nothing. And you have to work it out for yourself. And that, my friends, that is cool.\" James Gilmour for App Spy\"The Guides gets under your skin... you\u2019ll find yourself thinking about it outside of the game and coming back for more.\" Jennifer Allen for 148apps\"The Guides is one of the year\u2019s most interesting puzzle games. It\u2019s a beautifully designed toy box filled with an enormous variety of code-breaking ciphers and visual riddles...\" Owen Faraday for Pocket Tactics\"It's brilliant, uncompromising, satisfying, and one of the best games I have ever played on my phone... quite possibly on any platform.\" chanandler of App Army for Pocket Gamer\u2022 \u2022 \u2022 \u2022 \u2022 \u2022 \u2022\u2022 Four Sections and 100 pages embedded with countless challenges.\u2022 Meticulously designed interactive puzzles and ciphers with each being more unique than the last.\u2022\u00a0Piece together the fragmented story to reveal the source of the messages.\u2022\u00a0Various game mechanics such as the code interface screen and the title bar to provide added layers of support.\u2022\u00a0Integrated decoding tools \u2014\u00a0including morse, binary and many more \u2014\u00a0to assist you on your journey.\u2022\u00a0Ability to save screenshots to keep track of invaluable clues and notes.\u2022\u00a0A distress support system is available if you find yourself stuck, but use sparingly, for your transmissions are limited.Official Site: theguidesapp.comGeneral Inquiries: info@theguidesapp.comTwitter: twitter.com/theguidesappFacebook: fb.com/theguidesappInstagram: instagram.com/theguidesapp",
  "inc": "RosiMosi LLC",
  "intalled_count": "10,000",
  "last_update": [
    "May",
    "16",
    " 2018"
  ],
  "name": "The Guides",
  "offered_by": "Google Commerce Ltd",
  "permissions": {
    "Other": [
      "view network connections",
      "full network access"
    ]
  },
  "rate": [
    [
      "2,118",
      "4.5"
    ],
    [
      "1,421",
      "5"
    ],
    [
      "441",
      "4"
    ],
    [
      "135",
      "3"
    ],
    [
      "61",
      "2"
    ],
    [
      "60",
      "1"
    ]
  ],
  "required_android": "4.0.3",
  "size": "45",
  "url": "https://play.google.com/store/apps/details?id=com.kevinbradford.games.theguides",
  "version": "1.7"
}