{
  "categories": [
    "Puzzle"
  ],
  "description": "Lily the Little Witch needs your help, the Evil Warlock has cast a spell on Lily\u2019s castle and left it in ruins. Adventure across the lands solving match 3 puzzles to restore the magical castle and rescue Lily\u2019s charming friends from the Warlock\u2019s curse. As you continue on the adventure with Lily, be careful! Don\u2019t let the Evil Warlock get in your way.Play tons of levels!\u2022 Play 200 levels full of new challenges\u2022 Free Lily\u2019s friends from the curse of Evil Warlock by defeating him in Battle and unlock new secrets as you goMatch to unlock a magical world\u2022 Earn keys to discover new areas of the Castle\u2022 The Castle is full of secrets, there may even be a dragon hiding in itBattle the Evil Warlock\u2022 Power up your spells to send him on his way\u2022 Use your spells to attack the Warlock and defend the innocent creatures across the lands to free them from the Evil Warlock\u2019s curseRaise a Baby Dragon\u2022 Bring home a Baby Dragon to raise\u2022 Get rewards as you help it grow and evolveDecorate the castle\u2022 Repair, restore, and decorate the castle garden and rooms\u2022 Choose from tons of fun furniture and decor to make the castle your ownChange Lily's outfits as you go\u2022 Lily has her own wardrobe, which will be expanding all the time\u2022 Choose from lots of fun new outfitsDiscover the secrets of the Castle!\u2022 Unlock the Card Room to earn rewards every day\u2022 The Grandma Spider is there to leave prizes for you in the castleLet us know what you would like to see and make sure to keep checking in! Soon you will be able to visit your friend\u2019s castles to get presents and help them on their way.Lily needs your help to solve match 3 puzzles in this addictive new game! Help her out and make her home the castle of your dreams!",
  "inc": "Kongregate",
  "intalled_count": "10,000",
  "last_update": [
    "August",
    "1",
    " 2018"
  ],
  "name": "BeSwitched Magic Match 3",
  "offered_by": "Google Commerce Ltd",
  "permissions": {
    "Other": [
      "receive data from Internet",
      "view network connections",
      "full network access",
      "run at startup",
      "control vibration"
    ]
  },
  "rate": [
    [
      "971",
      "4.6"
    ],
    [
      "739",
      "5"
    ],
    [
      "158",
      "4"
    ],
    [
      "44",
      "3"
    ],
    [
      "8",
      "2"
    ],
    [
      "22",
      "1"
    ]
  ],
  "required_android": "4.4",
  "size": "85",
  "url": "https://play.google.com/store/apps/details?id=com.kongregate.mobile.beswitched.google",
  "version": "1.10.2"
}