{
  "categories": [
    "Casual",
    "Action & Adventure"
  ],
  "description": "Run, jump, fly and restore the colors of the world with all your favorite ponies!Budge Studios\u2122 presents My Little Pony Rainbow Runners! A powerful color-stealing spell has been unleashed on Ponyville and it\u2019s up to your favorite ponies to break it with the power of Friendship! Run, jump, awaken your ponies\u2019 Rainbow Powers and use their epic abilities to bring the colors back to the world!A COLOR FILLED ADVENTURE\u2022 PLAY exciting missions all over Ponyville!\u2022 RUN to close the color-stealing portals, one platform at a time!\u2022 JUMP, FLY and SLIDE to avoid obstacles, holes and muddy puddles!\u2022 TRANSFORM your ponies into their epic Rainbow Power form!\u2022 COLLECT Pony Power and upgrade your ponies\u2019 Rainbow Powers\u2022 EMBARK on a personal quest with each pony6 PONIES, EACH WITH THEIR OWN RAINBOW POWER AND SUPER FORM\u2022 PRINCESS TWILIGHT SPARKLES: Clears the way of obstacles with her Magic Blast\u2022 PINKIE PIE: Jumps higher than ever with her Mega Bounce\u2022 RAINBOW DASH: Dashes and smashes through obstacles with her Rainboom\u2022 RARITY: Attracts Pony Power with her Magnetic Personality\u2022 APPLEJACK: Turns obstacles into apple sauce with her Apple Strike\u2022 FLUTTERSHY: Glides gracefully over and above anything with her Super FlightPRIVACY & ADVERTISINGBudge Studios takes children's privacy seriously and ensures that its apps are compliant with privacy laws, including the\u00a0Child Online Privacy Protection Act\u00a0(COPPA), a privacy legislation in the United States of America. This application has received the \u201cESRB (Entertainment Software Rating Board) Privacy Certified Kids\u2019 Privacy Seal\u201d. If you would like to learn more on what information we collect and how we use it, please visit our privacy policy at:\u00a0https://budgestudios.com/en/legal/privacy-policy/. If \u00a0you have any questions, email our Privacy Officer at :\u00a0privacy@budgestudios.caBefore you download this app, please note that it is free to play, but additional content may be available via in-app purchases. This app may contain contextual advertising from Budge Studios regarding other apps we publish, from our partners and some third parties. Budge Studios does not permit behavioral advertising or retargeting in this app. Note that any purchase made in the app will remove pop-up advertising. The app may also contain social media links that are only accessible behind a parental gate. This app requires an Internet connection (3G, 4G, LTE, or WiFi) to download the app and app updates. Kids, ask a parent first before downloading the app.END-USER LICENSE AGREEMENTThis application is subject to an End-User License Agreement available through the following link: http://www.budgestudios.com/en/legal/eula/ .HAVE QUESTIONS? We always welcome your questions, suggestions and comments. Contact us 24/7 at support@budgestudios.caVisit us: www.budgestudios.com Like us: facebook.com/budgestudios Follow us: @budgestudios Watch our app trailers: youtube.com/budgestudios  MY LITTLE PONY and all related characters are trademarks of Hasbro and are used with permission. \u00a9 2017 Hasbro. All Rights Reserved. Licensed by Hasbro.BUDGE and BUDGE STUDIOS are trademarks of Budge Studios Inc.",
  "inc": "Budge Studios",
  "intalled_count": "5,000,000",
  "last_update": [
    "December",
    "20",
    " 2017"
  ],
  "name": "My Little Pony Rainbow Runners",
  "offered_by": "Google Commerce Ltd",
  "permissions": {
    "Photos/Media/Files": [
      "read the contents of your USB storage",
      "modify or delete the contents of your USB storage"
    ],
    "Storage": [
      "read the contents of your USB storage",
      "modify or delete the contents of your USB storage"
    ],
    "Wi-Fi connection information": [
      "view Wi-Fi connections"
    ],
    "Other": [
      "view network connections",
      "full network access",
      "prevent device from sleeping",
      "Google Play license check"
    ]
  },
  "rate": [
    [
      "33,395",
      "4.3"
    ],
    [
      "23,699",
      "5"
    ],
    [
      "3,447",
      "4"
    ],
    [
      "2,578",
      "3"
    ],
    [
      "910",
      "2"
    ],
    [
      "2,761",
      "1"
    ]
  ],
  "required_android": "4.1",
  "size": "16",
  "url": "https://play.google.com/store/apps/details?id=com.budgestudios.googleplay.MyLittlePonyRainbowRunners",
  "version": "1.3"
}