{
  "categories": [
    "Music"
  ],
  "description": "Note:  This app is a companion to the Just Dance console games for Nintendo Switch\u2122, Wii U\u2122, PlayStation\u00ae4 or Xbox One. You will need Just Dance\u00ae 2018, Just Dance\u00ae 2017, Just Dance\u00ae 2016 or Just Dance\u00ae 2015 console game to use this app.APP TURNS YOUR PHONE INTO A CONTROLLER - IT SCORES YOUR DANCE MOVES !Play Just Dance using your Android device and your Nintendo Switch\u2122, Wii U\u2122, PlayStation\u00ae4 or Xbox One console \u2013 no additional cameras or accessories required! If you\u2019re holding a phone, you\u2019re ready to Just Dance. This app allows your phone to track your movements and score your dance moves. ACCESS EXCLUSIVE CONTENT ON JUST DANCE TV !With Just Dance TV you can enjoy Just Dance videos on-the-go! Watch previews of the latest Just Dance songs, get a behind-the-scenes look at how our game is made, and discover the best Just Dance community videos.IT'S EASY TO GET STARTED !To connect your smartphone to your console and play Just Dance using your phone as your controller, follow these easy steps:1.       Download the Just Dance Controller app to your smartphone2.       Launch your Just Dance game on your Nintendo Switch\u2122, Wii U\u2122, PlayStation\u00ae4 or Xbox One3.       Connect your smartphone to the same wi-fi network as your console4.       Select your song and dance holding your phone in your right hand!Visit justdancegame.com for more information.NB: This app is compatible with:- Just Dance 2018 on Nintendo Switch\u2122, Wii U\u2122, PlayStation\u00ae4 and Xbox One; - Just Dance 2017 on Nintendo Switch\u2122, Wii U\u2122, PlayStation\u00ae4, Xbox One and PC; - Just Dance 2016 on Wii U\u2122, PlayStation\u00ae4 and Xbox One;- Just Dance 2015 on PlayStation\u00ae4 and Xbox One.",
  "inc": "Ubisoft Entertainment",
  "intalled_count": "5,000,000",
  "last_update": [
    "October",
    "12",
    " 2017"
  ],
  "name": "Just Dance Controller",
  "offered_by": "Google Commerce Ltd",
  "permissions": {
    "Wi-Fi connection information": [
      "view Wi-Fi connections"
    ],
    "Phone": [
      "read phone status and identity"
    ],
    "Device ID & call information": [
      "read phone status and identity"
    ],
    "Other": [
      "receive data from Internet",
      "view network connections",
      "full network access",
      "control vibration",
      "prevent device from sleeping"
    ]
  },
  "rate": [
    [
      "72,843",
      "3.8"
    ],
    [
      "44,271",
      "5"
    ],
    [
      "5,893",
      "4"
    ],
    [
      "4,774",
      "3"
    ],
    [
      "3,134",
      "2"
    ],
    [
      "14,771",
      "1"
    ]
  ],
  "required_android": "4.4",
  "size": "79",
  "url": "https://play.google.com/store/apps/details?id=com.ubisoft.dance.justdance2015companion",
  "version": "4.1.0"
}