{
  "categories": [
    "Puzzle"
  ],
  "description": "From the creators of Angry Birds: a game from the PIGS\u2019 point of view! OiNk! Build makeshift contraptions from a huge collection of parts and make it to the goal without blowing your vehicle to pieces!IGN's \"Best Mobile Game of 2012\" Winner!\"Extremely fun and very challenging\" -- Kotaku\u201cThe best title Rovio has released yet\u201d - IGN\u201c4/4 - Must Have\u201d -- Slide to Play\"If you can\u2019t enjoy watching a pig drive a badly constructed car off a cliff and onto a pile of dynamite, you probably don\u2019t have a soul.\" - Yahoo/BGRCreate the ultimate flying/crawling/rolling/spinning/crashing device and pilot the pigs safely to the eggs!The Bad Piggies are after the eggs again -- but as usual, nothing is going according to plan! Can you create the ultimate flying machine and steer them safely to their destination? Those tricky pigs have a few objects they can use, but they need your help to turn these into the perfect transportation!With more than 200 levels, and free updates coming up, you have hours and hours of pig-crashing, exploding, and flying fun! Get three stars to unlock over 40 more levels! HINT: Sometimes you need to play the level several times to achieve all the objectives -- try building a new device or steering in a different way to earn all the stars!Features:\u25cf Over 200 levels crammed with flying/driving/crashing fun!\u25cf 40+ special levels unlocked by getting three stars!\u25cf Free updates!\u25cf 9+ sandbox levels to stretch your creativity!\u25cf Ultra-special, ultra-secret, ultra-difficult sandbox level to unlock by collecting ten skulls! Oh \u2013 guess it\u2019s not a secret anymore...\u25cf 42 objects to create the ultimate machine: motors, wings, fans, bottle rockets, umbrellas, balloons, and much more!Mechanic Pig\u25cf Need help? This little piggy will build it for you!\u25cf Mechanic pig pre-assembles transport for you!\u25cf All you have to do is pilot it!\u25cf Tweak his design to get all three stars!New Episode: The Road to El PorkadoEmbark on an archaeological adventure in an all new episode full of treacherously icy environments and spooky dark caves. Be sure to equip the trusty lamp to find your way in the darkness \u2013 or put the new Night Vision Goggles power-up to use!Get ready to see pigs fly!Become a fan of Bad Piggies on Facebook:http://facebook.com/badpiggiesFollow us on Twitter:http://twitter.com/badpiggiesTerms of Use: http://www.rovio.com/terms-of-servicePrivacy Policy: http://www.rovio.com/privacyImportant Message for ParentsThis game may include:- Direct links to social networking websites that are intended for an audience over the age of 13.- Direct links to the internet that can take players away from the game with the potential to browse any web page.- Advertising of Rovio products and also products from select partners.- The option to make in-app purchases. The bill payer should always be consulted beforehand.",
  "inc": "Rovio Entertainment Corporation",
  "intalled_count": "10,000,000",
  "last_update": [
    "July",
    "5",
    " 2018"
  ],
  "name": "Bad Piggies HD",
  "offered_by": "Google Commerce Ltd",
  "permissions": {
    "Other": [
      "receive data from Internet",
      "view network connections",
      "full network access",
      "run at startup",
      "control vibration",
      "prevent device from sleeping"
    ]
  },
  "rate": [
    [
      "764,279",
      "4.4"
    ],
    [
      "540,424",
      "5"
    ],
    [
      "92,430",
      "4"
    ],
    [
      "48,197",
      "3"
    ],
    [
      "26,181",
      "2"
    ],
    [
      "57,047",
      "1"
    ]
  ],
  "required_android": "4.1",
  "size": "69",
  "url": "https://play.google.com/store/apps/details?id=com.rovio.BadPiggiesHD",
  "version": "2.3.4"
}