{
  "categories": [
    "Puzzle"
  ],
  "description": "jewels star: OZ adventurematch your way to meet the wonderful Oz in this puzzle adventurejewels star: OZ adventure is free, just play and enjoy for fun. We have many cute and beautiful jewels, diamond, with easy to use controls, simple and friendly graphics.Enjoy the Arcade mode with more 300 stunning levels and the Classic mode which is completely Endless jewels star: OZ adventure mode.jewels star: OZ adventure will provide you a very funny and challenging time.\u25b6 HOW TO PLAY:\u2606 swap and match jewels in group of three.\u2606 less moves you pass a level, higher score you'll get. Try to score high and earn 3 stars on every level.\u2606 match 3 or more identical jewels.\u2606 make the jewel star down to the last line to pass the next level.\u2606 tips: Complete the game as soon as possible to get max bonus score.\u25b6 FEATURES:\u2606 every match from 3 jewels you will accumulate energy for mighty bomb, that helps to destroy obstacles for you.\u2606 match 4 can win the jewel bomb and 1 lighting.\u2606 match 5 can win color-changing jewel and 2 lightings.\u2606 specials Items\u2606 the bomb can eliminate the jewels around.\u2606 the timing can extend the playing time.\u2606 the lightning jewel can eliminate all jewels in one row or column.\u2606 outstanding graphics and music, easy to play, hard to stop playing.\u2606 Stunning graphics and effects , trap and boost itemsLet\u2019s download and share jewels star: OZ adventure for fun now!",
  "inc": "Great Puzzle Game",
  "intalled_count": "1,000,000",
  "last_update": [
    "December",
    "29",
    " 2017"
  ],
  "name": "Jewels Star: OZ adventure",
  "offered_by": "Google Commerce Ltd",
  "permissions": {
    "Other": [
      "view network connections",
      "full network access"
    ]
  },
  "rate": [
    [
      "21,616",
      "4.5"
    ],
    [
      "15,201",
      "5"
    ],
    [
      "3,526",
      "4"
    ],
    [
      "1,932",
      "3"
    ],
    [
      "310",
      "2"
    ],
    [
      "647",
      "1"
    ]
  ],
  "required_android": "4.0",
  "size": "14",
  "url": "https://play.google.com/store/apps/details?id=com.flyairup.matchgame.JewelStarBlaze",
  "version": "1.3"
}