{
  "categories": [
    "Puzzle"
  ],
  "description": "From the makers of Dots <3\u201cDots, a Highly Addictive Game, Now Has a Successor\u201d - The New York Times\"Two Dots, The Sequel To Betaworks\u2019 Dots, Is A Beautiful Monster\" - TechCrunch -------------------------------Join two brave dots as they traverse the arctic tundra, navigate fiery jungles, and plunge the ocean depths in the #1 hit game in over 100 countries. -------------------------------\u2022 FREE to play for life\u2022 CONNECT one dot to another, sink anchors, make a line, create bombs, fight fire, and much more in this fun free puzzle game\u2022 ADVENTURE through 1610 fun and addicting levels\u2022 ADORABLE fun, and thoughtful game design in this beautiful game about connecting\u2022 ENJOY beautiful minimalistic flat design with relaxing game music and fun sound fx\u2022 PLAY at your own pace to figure out the perfect move without having to worry about the old time clock\u2022 CHALLENGE your friends to a Two Dots match on Facebook, beat their scores, and earn medals\u2022 MAKE a line or a square, not a circle, to connect every dot of a single color-------------------------------LET'S BE FACEBOOK FRIENDSfacebook.com/playdotsFOLLOW US ON TWITTERtwitter.com/TwoDotsADD US ON INSTAGRAMinstagram.com/dots-------------------------------We love all of our friends and everyone who has played Dots and Two Dots. Why not connect? Add us on Facebook or your favorite social network and send us your suggestions and feedback, as we are always looking to add new levels and features!Use of Two Dots is governed by the Dots terms of service: http://weplaydots.com/sections.php?section=terms",
  "inc": "PlayDots",
  "intalled_count": "10,000,000",
  "last_update": [
    "July",
    "31",
    " 2018"
  ],
  "name": "Two Dots",
  "offered_by": "Google Commerce Ltd",
  "permissions": {
    "Identity": [
      "find accounts on the device"
    ],
    "Contacts": [
      "find accounts on the device"
    ],
    "Photos/Media/Files": [
      "read the contents of your USB storage",
      "modify or delete the contents of your USB storage"
    ],
    "Storage": [
      "read the contents of your USB storage",
      "modify or delete the contents of your USB storage"
    ],
    "Wi-Fi connection information": [
      "view Wi-Fi connections"
    ],
    "Other": [
      "receive data from Internet",
      "view network connections",
      "full network access",
      "use accounts on the device",
      "control vibration",
      "prevent device from sleeping"
    ]
  },
  "rate": [
    [
      "603,661",
      "4.4"
    ],
    [
      "397,993",
      "5"
    ],
    [
      "131,854",
      "4"
    ],
    [
      "37,512",
      "3"
    ],
    [
      "14,176",
      "2"
    ],
    [
      "22,126",
      "1"
    ]
  ],
  "required_android": "4.1",
  "size": "Varies with devic",
  "url": "https://play.google.com/store/apps/details?id=com.weplaydots.twodotsandroid",
  "version": "Varies with device"
}