{
  "categories": [
    "Casual"
  ],
  "description": "\u2022Evolve and reap the rewards as you progress deeper into the evolution tree!\u2022Level up and unlock 50+ unique upgrades, each providing bonuses to aid you further into the game!\u2022Find and unlock 20+ items, all of which giving special bonuses!\u2022Find ultra rare Magic Logs - Each one giving you a permanent bonus of your choice!\u2022Spec into your skill-tree and customize which bonuses you want to upgrade!\u202235+ Achievements to be earned, every achievement gives permanent bonuses!\u2022Prestige system which rewards continuous play with permanent multipliers!\u2022Unlock and upgrade the autoclicker and progress when the game is minimized!\u2022Find growth stones and evolve your tree to its maximum potential!\u2022Suitable for phones and tablets!!\u2022Game updates based on player feedback!\u2022Background Music by http://www.pacdv.com/sounds/\u2022Background artwork by http://ukthewhitewolf.deviantart.com/",
  "inc": "Incremental Inc.",
  "intalled_count": "10,000",
  "last_update": [
    "December",
    "6",
    " 2015"
  ],
  "name": "Idle Evolution",
  "offered_by": "Google Commerce Ltd",
  "permissions": {
    "Other": []
  },
  "rate": [
    [
      "1,055",
      "4.0"
    ],
    [
      "518",
      "5"
    ],
    [
      "251",
      "4"
    ],
    [
      "140",
      "3"
    ],
    [
      "75",
      "2"
    ],
    [
      "71",
      "1"
    ]
  ],
  "required_android": "2.2",
  "size": "13",
  "url": "https://play.google.com/store/apps/details?id=com.incrementalinc.idleevolution",
  "version": "1.38"
}