{
  "categories": [
    "Simulation"
  ],
  "description": "In Little Big Restaurant shew you serve Burgers and American cuisine for all countries of the world. One set of restaurant games that need many skills. This is a simulation game used to keep customers happy. See many scenarios nicely decorated in each of the sets of restaurant games of every country in the game. Updates to keep improving the game every so often.-  if you like the restaurant games and the cooking games, this is a delicious, serving diner and simulation game.- In this full version  No need to pay more into the game.- Your unlock new recipes in each screen.- Great Gameplay thanks to the touch simple.- Totally FREE Updates.- Burger Restaurants highly decorated for each country.- Help the waitress to server the best diner.",
  "inc": "GrupoAlamar",
  "intalled_count": "5,000,000",
  "last_update": [
    "March",
    "14",
    " 2017"
  ],
  "name": "Little Big Restaurant",
  "offered_by": "Google Commerce Ltd",
  "permissions": {
    "Photos/Media/Files": [
      "read the contents of your USB storage",
      "modify or delete the contents of your USB storage"
    ],
    "Storage": [
      "read the contents of your USB storage",
      "modify or delete the contents of your USB storage"
    ],
    "Other": [
      "view network connections",
      "disable your screen lock",
      "full network access",
      "prevent device from sleeping"
    ]
  },
  "rate": [
    [
      "61,787",
      "3.9"
    ],
    [
      "32,905",
      "5"
    ],
    [
      "8,823",
      "4"
    ],
    [
      "7,812",
      "3"
    ],
    [
      "4,382",
      "2"
    ],
    [
      "7,865",
      "1"
    ]
  ],
  "required_android": "2.3",
  "size": "26",
  "url": "https://play.google.com/store/apps/details?id=air.Restaurant.Games.demo",
  "version": "2.3.8"
}