{
  "categories": [
    "Puzzle"
  ],
  "description": "Amazing version of classic Find the difference game!Look at two pictures and try to spot 10 differences - like a hidden objects, but instead of items you should find differences.",
  "inc": "exglabs",
  "intalled_count": "500,000",
  "last_update": [
    "February",
    "25",
    " 2017"
  ],
  "name": "Find Differences vol2",
  "offered_by": "Google Commerce Ltd",
  "permissions": {
    "Photos/Media/Files": [
      "read the contents of your USB storage",
      "modify or delete the contents of your USB storage"
    ],
    "Storage": [
      "read the contents of your USB storage",
      "modify or delete the contents of your USB storage"
    ],
    "Wi-Fi connection information": [
      "view Wi-Fi connections"
    ],
    "Other": [
      "view network connections",
      "full network access",
      "run at startup",
      "prevent device from sleeping"
    ]
  },
  "rate": [
    [
      "9,399",
      "4.4"
    ],
    [
      "6,500",
      "5"
    ],
    [
      "1,686",
      "4"
    ],
    [
      "495",
      "3"
    ],
    [
      "273",
      "2"
    ],
    [
      "445",
      "1"
    ]
  ],
  "required_android": "2.3.3",
  "size": "23",
  "url": "https://play.google.com/store/apps/details?id=com.exgapps.finddiffsexg2",
  "version": "1.1.2"
}