{
  "categories": [
    "Music"
  ],
  "description": "Stay on dance line and dancing ballz  in the best music tapping game - Dancing Ballz: Magic Dance Line Tiles Game. Be careful to tap music in our music line game. Time your actions, taptap carefully and become the tap dancing master!The lastest update of game will bring to you many amazing features:- New unique character: bunny, crocodile,fox,...- New background theme : highway, ice road, .. and more are waiting for you to discover Reflex yourself with music tapping games! * How to play *- Listen carefully to the music and tap to change direction and guide the tron disc to avoid the edge!- Be careful with the zig zag! Try not to fall off the line.- Don't be over react!Beat the game by just one fingerChallenge your friend and see who can be the best tapper! Privacy Policy : https://goo.gl/FT4YB8Support:Are you having problems? Send email to support@amanotes.com",
  "inc": "AMANOTES",
  "intalled_count": "1,000,000",
  "last_update": [
    "July",
    "28",
    " 2018"
  ],
  "name": "Dancing Ballz: Magic Dance Line Tiles Game",
  "offered_by": "Google Commerce Ltd",
  "permissions": {
    "Other": [
      "receive data from Internet",
      "view network connections",
      "full network access",
      "prevent device from sleeping"
    ]
  },
  "rate": [
    [
      "56,572",
      "4.6"
    ],
    [
      "44,397",
      "5"
    ],
    [
      "6,441",
      "4"
    ],
    [
      "2,731",
      "3"
    ],
    [
      "689",
      "2"
    ],
    [
      "2,314",
      "1"
    ]
  ],
  "required_android": "4.1",
  "size": "32",
  "url": "https://play.google.com/store/apps/details?id=com.amanotes.db",
  "version": "1.4.3"
}