{
  "categories": [
    "Casual"
  ],
  "description": "Moy Restaurant - Cooking GameNow the alien Moy is back, but this time he runs a restaurant! In this app you will be the manager over your very own restaurant, serving customers lots of different foods!In this unique gameplay you design your own dream restaurant to show off to your friends.The gameplay is simple and fast paced, serve as many customers as you can in one day. With the money youearn, you can buy new cool machines or customize your restaurant!FEATURES*DESIGN and build your own restaurant!*SIMPLE and UNIQUE gameplay!*COOK loads of different and fun foods!*SHOP buy new or upgrade your cool machines!",
  "inc": "Frojo Apps",
  "intalled_count": "10,000,000",
  "last_update": [
    "December",
    "1",
    " 2014"
  ],
  "name": "Moy Restaurant \ud83c\udf54 Cooking Game",
  "offered_by": "Google Commerce Ltd",
  "permissions": {
    "Wi-Fi connection information": [
      "view Wi-Fi connections"
    ],
    "Other": [
      "view network connections",
      "full network access"
    ]
  },
  "rate": [
    [
      "115,030",
      "3.9"
    ],
    [
      "64,773",
      "5"
    ],
    [
      "14,749",
      "4"
    ],
    [
      "11,490",
      "3"
    ],
    [
      "7,970",
      "2"
    ],
    [
      "16,048",
      "1"
    ]
  ],
  "required_android": "2.3",
  "size": "4.7",
  "url": "https://play.google.com/store/apps/details?id=com.frojo.restaurant",
  "version": "1.41"
}