{
  "categories": [
    "Puzzle"
  ],
  "description": "Welcome aboard, Captain!The crew is just waiting for your order to set sail, all ready to go off in search of countless treasures and spectacular adventures!Look for ancient maps you can use to beat fascinating match 3 levels and find unheard-of riches.Here's what you can expect in Pirate Treasures:- Gorgeous graphics- A great soundtrack and juicy sound effects- Your friends, who will try to beat you to the treasures- The match 3 gameplay you love- Thousands and thousands of engaging levels- A daring band of sea dogs as your crew- And TREASURES (obviously!)Cast off! Set sail!",
  "inc": "TAPCLAP",
  "intalled_count": "10,000,000",
  "last_update": [
    "April",
    "19",
    " 2018"
  ],
  "name": "Pirate Treasures - Gems Puzzle",
  "offered_by": "Google Commerce Ltd",
  "permissions": {
    "Wi-Fi connection information": [
      "view Wi-Fi connections"
    ],
    "Phone": [
      "read phone status and identity"
    ],
    "Photos/Media/Files": [
      "read the contents of your USB storage",
      "modify or delete the contents of your USB storage"
    ],
    "Storage": [
      "read the contents of your USB storage",
      "modify or delete the contents of your USB storage"
    ],
    "Device ID & call information": [
      "read phone status and identity"
    ],
    "Other": [
      "receive data from Internet",
      "view network connections",
      "change network connectivity",
      "connect and disconnect from Wi-Fi",
      "full network access",
      "run at startup",
      "control vibration",
      "prevent device from sleeping",
      "view network connections",
      "full network access",
      "run at startup",
      "control vibration",
      "prevent device from sleeping"
    ]
  },
  "rate": [
    [
      "614,009",
      "4.5"
    ],
    [
      "458,983",
      "5"
    ],
    [
      "78,598",
      "4"
    ],
    [
      "28,597",
      "3"
    ],
    [
      "13,864",
      "2"
    ],
    [
      "33,967",
      "1"
    ]
  ],
  "required_android": "Varies with",
  "size": "Varies with devic",
  "url": "https://play.google.com/store/apps/details?id=com.orangeapps.piratetreasure",
  "version": "Varies with device"
}