{
  "categories": [
    "Casual"
  ],
  "description": "\"Playing Neko Atsume: Kitty Collector is as easy as one, two...and that's it!Step 1: Place playthings and snacks in your yard.Step 2: Wait for cats to visit!Attract cats with food and then watch them romp with your toys! More than 40 varieties of cats\u2014white and black, tabby and calico\u2014might stop by. Rare cats are rumored to roam the neighborhood too, but you'll need particular items to entice those elusive felines. Each visitor is logged in your Catbook. Become a master kitty collector and fill it up!You can even make albums of your cat photos, or save them to your device and use them as wallpaper!\"\"[Suggested For]Android OS 4.0 or higher[Compatible With]Android OS 2.3 or higherIf you've found a bug or have other concerns, please contact our technical support team.[Official Website]http://www.nekoatsume.com/en/[Technical Support]support-cat@hit-point.co.jpWe may wish to respond to your inquiry. If you're using an e-mail spam filter, please disable it before you contact us, or add support-cat@hit-point.co.jp to your list of allowed addresses.\"",
  "inc": "Hit-Point Co.,Ltd.",
  "intalled_count": "10,000,000",
  "last_update": [
    "December",
    "22",
    " 2017"
  ],
  "name": "Neko Atsume: Kitty Collector",
  "offered_by": "Google Commerce Ltd",
  "permissions": {
    "Photos/Media/Files": [
      "read the contents of your USB storage",
      "modify or delete the contents of your USB storage"
    ],
    "Storage": [
      "read the contents of your USB storage",
      "modify or delete the contents of your USB storage"
    ],
    "Other": [
      "view network connections",
      "full network access"
    ]
  },
  "rate": [
    [
      "307,266",
      "4.7"
    ],
    [
      "244,882",
      "5"
    ],
    [
      "40,098",
      "4"
    ],
    [
      "10,912",
      "3"
    ],
    [
      "4,117",
      "2"
    ],
    [
      "7,257",
      "1"
    ]
  ],
  "required_android": "2.3",
  "size": "21",
  "url": "https://play.google.com/store/apps/details?id=jp.co.hit_point.nekoatsume",
  "version": "1.11.0"
}