{
  "categories": [
    "Puzzle"
  ],
  "description": "MATCH. JUICE. SERVE. REPEAT!Juice Jam- a juicy new match 3 puzzle game with bushels of fruity challenges! Join Kiwi, Mango, and the rest of the Juice Jam gang as you travel through hundreds of new worlds. Embark on this fruity adventure today! Features:\u25c6 Hundreds of juicy levels!\u25c6 Brand new power-ups and ways to play!\u25c6 Jam fruit to concoct sweet treats! \u25c6 Swap and blast your way through ever expanding new worlds!\u25c6 Check back often for events, free rewards and new levels!\u25c6 Free and filled with adventure!Join us in Juicetopia as Kiwi and Mango tour whimsical lands serving juice to thirsty customers! With a cast of quirky characters, a richly detailed world and addictive match-3 gameplay, Juice Jam is sure to satisfy!LIKE: https://www.facebook.com/JuiceJamGameFOLLOW: https://twitter.com/juicejamgameLEARN: www.juicejam.comDEVELOPER INFO: Jam City is the leading developer in truly cross-platform social gaming! Check out our other free match 3 puzzle games! You'll love to swap, match, and crunch through ever expanding levels and events. Check back often to see all the new candy, cake, and sweet treats that we've added! You'll love to crush through each sweet puzzle. Begin your adventure on this free match three puzzle game today!",
  "inc": "Jam City, Inc.",
  "intalled_count": "10,000,000",
  "last_update": [
    "July",
    "16",
    " 2018"
  ],
  "name": "Juice Jam - Puzzle Game & Free Match 3 Games",
  "offered_by": "Google Commerce Ltd",
  "permissions": {
    "Wi-Fi connection information": [
      "view Wi-Fi connections"
    ],
    "Other": [
      "receive data from Internet",
      "view network connections",
      "disable your screen lock",
      "full network access",
      "prevent device from sleeping"
    ]
  },
  "rate": [
    [
      "350,224",
      "4.4"
    ],
    [
      "241,172",
      "5"
    ],
    [
      "61,840",
      "4"
    ],
    [
      "22,397",
      "3"
    ],
    [
      "8,220",
      "2"
    ],
    [
      "16,595",
      "1"
    ]
  ],
  "required_android": "Varies with",
  "size": "Varies with devic",
  "url": "https://play.google.com/store/apps/details?id=air.com.sgn.juicejam.gp",
  "version": "Varies with device"
}