{
  "categories": [
    "Word"
  ],
  "description": "Word Trek - Word Brain streak: Hand-made puzzles, designed to tickle your brain cells!Are you a fan of word games and puzzle challenges? Try the most addictive free brain game on the Play Store and get hooked! Find and swipe your way through hundreds of word puzzles, spread across different difficulty levels and find out if you are a Word Genius and Master Puzzle Solver! Meant for casual brain exercise, join millions of puzzle solvers and trek your way to word glory!Start this intriguing word search journey as a tiny Amoeba and evolve into an Alien wordsmith! And then, solve your way across the universe, clearing puzzles on different planets!Stuck with a Puzzle? Don\u2019t worry, all grids are double-checked to make sure they are solvable! Just keep trying, or use a few hints to reveal some letters!Connect to Facebook! Invite friends, earn coins for each referral, send more coin requests, and use them to get more hints! Also, get to see who has a better way with words!--Why should you choose Word Trek?--+ A lot of Challenging Puzzles! + Exquisite Game Interface!+ Cool Alien Mystery Adventure!+ Download for Free!+ Applicable to Any Ages!+ Applies to All Android Devices or Google Play Users!+ Any time at Any Place, Play Offline!+ Daily New Levels!+ Themed Puzzles during Holidays!As a bonus, train your brain with the Daily Quest feature! Brand new puzzles every day with cool rewards!Download the most popular word search and puzzle game now, and play for free!Follow us on Facebook, https://www.facebook.com/wordupgameNote: Use of this application requires you to grant it permission to access the external storage for downloading daily puzzle content.",
  "inc": "PlaySimple Games",
  "intalled_count": "5,000,000",
  "last_update": [
    "August",
    "1",
    " 2018"
  ],
  "name": "Word Trek - Word Brain streak - hand made puzzles",
  "offered_by": "Google Commerce Ltd",
  "permissions": {
    "Phone": [
      "read phone status and identity"
    ],
    "Photos/Media/Files": [
      "read the contents of your USB storage",
      "modify or delete the contents of your USB storage"
    ],
    "Storage": [
      "read the contents of your USB storage",
      "modify or delete the contents of your USB storage"
    ],
    "Wi-Fi connection information": [
      "view Wi-Fi connections"
    ],
    "Device ID & call information": [
      "read phone status and identity"
    ],
    "Other": [
      "receive data from Internet",
      "view network connections",
      "full network access",
      "run at startup",
      "draw over other apps",
      "prevent device from sleeping"
    ]
  },
  "rate": [
    [
      "137,816",
      "4.4"
    ],
    [
      "87,006",
      "5"
    ],
    [
      "33,651",
      "4"
    ],
    [
      "10,206",
      "3"
    ],
    [
      "2,356",
      "2"
    ],
    [
      "4,597",
      "1"
    ]
  ],
  "required_android": "4.1",
  "size": "16",
  "url": "https://play.google.com/store/apps/details?id=in.playsimple.word_up",
  "version": "1.3.62"
}