{
  "categories": [
    "Casual"
  ],
  "description": "Pet Rescue Saga, from the makers of Candy Crush Saga & Farm Heroes Saga! Match two or more blocks of the same color to clear the level and save the pets from the evil Pet Snatchers! Moves are limited so plan them carefully.\u00a0Your puzzle skills will be tested with hours of block busting fun!Take on this puzzling Saga alone or play with friends to see who can get the highest score!\u00a0Pet Rescue Saga is completely free to play but some in-game items such as extra moves or lives will require payment.By downloading this game you are agreeing to our terms of service; http://about.king.com/consumer-terms/termsPet Rescue Saga features:\u2022 Eye-catching graphics and colorful gameplay\u00a0\u2022 Lovable pets of all varieties, puppies, bunnies, piglets and many more!\u00a0\u2022 Diamonds, exploding bombs, colorful paint pots, locked animal cages and much more\u00a0\u2022 Spectacular boosters and bonus rewards unlocked after many levels\u00a0\u2022 Easy and fun to play, challenging to master\u00a0\u2022 Hundreds of pet puzzling levels - more added every 2 weeks!\u2022 Leaderboards to watch your friends and competitors!\u2022 Easily sync the game between devices and unlock full game features when connected to the InternetAlready a fan of Pet Rescue Saga? Like us on Facebook or follow us on Twitter for the latest news:\u00a0facebook.com/PetRescueSaga\u00a0twitter.com/PetRescueSaga\u00a0Last but not least, a big THANK YOU goes out to everyone who has played Pet Rescue Saga!",
  "inc": "King",
  "intalled_count": "100,000,000",
  "last_update": [
    "July",
    "12",
    " 2018"
  ],
  "name": "Pet Rescue Saga",
  "offered_by": "Google Commerce Ltd",
  "permissions": {
    "Identity": [
      "find accounts on the device"
    ],
    "Contacts": [
      "find accounts on the device"
    ],
    "Wi-Fi connection information": [
      "view Wi-Fi connections"
    ],
    "Other": [
      "receive data from Internet",
      "view network connections",
      "full network access",
      "change your audio settings",
      "control vibration",
      "prevent device from sleeping"
    ]
  },
  "rate": [
    [
      "3,175,844",
      "4.3"
    ],
    [
      "2,100,096",
      "5"
    ],
    [
      "516,481",
      "4"
    ],
    [
      "254,460",
      "3"
    ],
    [
      "115,008",
      "2"
    ],
    [
      "189,799",
      "1"
    ]
  ],
  "required_android": "2.3",
  "size": "78",
  "url": "https://play.google.com/store/apps/details?id=com.king.petrescuesaga",
  "version": "1.149.12"
}