{
  "categories": [
    "Puzzle",
    "Brain Games"
  ],
  "description": "Fruits Legend is #1 match-3 puzzle game with fresh gameplay!Clear three or more same fruits to score points, try to use game props to make more combos! Play amazing and tasty Fruits Legend!Fruits Legend features:- More than 35 challenging levels.- The Fire props can eliminate fruits in one row.- The Water props can eliminate the fruits around.- The Ice props can unfreeze the frozen fruits.- Sweet and delicious graphic and cool animation effects.How to play:1. Connect three or more same fruits to score points.2. Archive the target points to level up.3. Eliminate the more fruits quickly can get extra scores.Splash the Fruits! Play Tasty Fruits Legend!",
  "inc": "appgo",
  "intalled_count": "10,000,000",
  "last_update": [
    "June",
    "6",
    " 2018"
  ],
  "name": "Fruits Legend",
  "offered_by": "Google Commerce Ltd",
  "permissions": {
    "Phone": [
      "read phone status and identity"
    ],
    "Photos/Media/Files": [
      "read the contents of your USB storage",
      "modify or delete the contents of your USB storage"
    ],
    "Storage": [
      "read the contents of your USB storage",
      "modify or delete the contents of your USB storage"
    ],
    "Wi-Fi connection information": [
      "view Wi-Fi connections"
    ],
    "Device ID & call information": [
      "read phone status and identity"
    ],
    "Other": [
      "view network connections",
      "full network access"
    ]
  },
  "rate": [
    [
      "124,219",
      "4.0"
    ],
    [
      "68,394",
      "5"
    ],
    [
      "20,754",
      "4"
    ],
    [
      "15,222",
      "3"
    ],
    [
      "7,252",
      "2"
    ],
    [
      "12,597",
      "1"
    ]
  ],
  "required_android": "4.0.3",
  "size": "16",
  "url": "https://play.google.com/store/apps/details?id=com.appgame7.friutslegend",
  "version": "6.3.3179"
}