{
  "categories": [
    "Casual"
  ],
  "description": "Celebrate Spring with our limited-time offersJoin over 80,000,000 people who are already playing this top-rated FREE puzzle adventure!  Enter the world of Minutia and collect cute characters, level them up and defeat the Slugs! With more than 2,000 levels, enjoy hours and hours of fiendish fun!STORY:The little creatures of Minutia lived in peace and harmony until the meteor smashed into Mount Boom, bringing with it a strange force that transformed the Slugs who lived there into an army of greedy, greenery-gobbling pests.Now, the Slugs are taking over the world, munching a path through Minutia and sliming up everything they touch!But a brave band of heroes is fighting back! Left alone when the Slugs conquered most of Minutia, these unlikely champions are on an epic quest to solve the mystery of Mount Boom and beat back the Slug advance.To get to Mount Boom, they\u2019ll need to become\u2026 the BEST FIENDS!FEATURES:* FIENDISH PUZZLES Casual puzzle gameplay that is easy to play, hard to master.* COLLECT & LEVEL UP Build a team of Best Fiends and discover their special powers!* THE BEST OF BOTH WORLDS Line matching puzzle game with RPG character development!* DAILY EVENTS Play and win something new every time you open the game!* COMPETE AGAINST YOUR FACEBOOK FRIENDS Win massive rewards!* IMMERSIVE EXPERIENCE Dazzling graphics and finger-tapping music!* WATCH ANIMATIONS Discover awesome Best Fiends videos!* STAY TUNED More levels, characters, gameplay and some surprises coming soon!PLEASE NOTE! Best Fiends is completely free to download and play but some game items may be purchased for real money. To disable this, turn off the in-app purchases in your device\u2019s settings.Privacy policy: https://www.seriously.com/privacy-policy/Terms of Service: https://www.seriously.com/terms-of-service/Like Best Fiends on Facebook http://www.facebook.com/bestfiendsFollow Best Fiends on Twitter http://www.twitter.com/bestfiendsWatch Best Fiends on http://www.youtube.com/bestfiendsFollow Best Fiends on Instagram http://www.instagram.com/bestfiendsFollow Best Fiends on Pinterest http://www.pinterest.com/bestfiendsFollow Best Fiends on Snapchat http://www.snapchat.com/add/bestfiends http://www.bestfiends.com/THANK YOU!",
  "inc": "Seriously Digital Entertainment Ltd.",
  "intalled_count": "10,000,000",
  "last_update": [
    "August",
    "2",
    " 2018"
  ],
  "name": "Best Fiends - Free Puzzle Game",
  "offered_by": "Google Commerce Ltd",
  "permissions": {
    "Wi-Fi connection information": [
      "view Wi-Fi connections"
    ],
    "Other": [
      "view network connections",
      "full network access",
      "control vibration"
    ]
  },
  "rate": [
    [
      "1,478,005",
      "4.6"
    ],
    [
      "1,167,239",
      "5"
    ],
    [
      "196,788",
      "4"
    ],
    [
      "51,356",
      "3"
    ],
    [
      "21,132",
      "2"
    ],
    [
      "41,490",
      "1"
    ]
  ],
  "required_android": "Varies with",
  "size": "Varies with devic",
  "url": "https://play.google.com/store/apps/details?id=com.Seriously.BestFiends",
  "version": "5.8.1"
}