{
  "categories": [
    "Casual"
  ],
  "description": "From the makers of KleptoCats and for the livelihood of dog lovers everywhere, it's... KLEPTODOGS!!!That\u2019s right! GemDog returns home from his adventures with the KleptoCats in order to lead other outrageously cute pups in their quest to fill rooms with the strangest of things.Unlock all the different breeds: pug, corgi, beagle, chihuahua, some sort of weird alien dog that shouldn't be that shade of radioactive green, etc. The list goes on...Feed them, play with them and even dress them in the cutest clothes. You\u2019ll have a blast hanging out with these puppy pals!!!",
  "inc": "HyperBeard",
  "intalled_count": "100,000",
  "last_update": [
    "July",
    "23",
    " 2018"
  ],
  "name": "KleptoDogs",
  "offered_by": "Google Commerce Ltd",
  "permissions": {
    "Other": [
      "receive data from Internet",
      "view network connections",
      "full network access",
      "control vibration",
      "prevent device from sleeping",
      "read Google service configuration"
    ]
  },
  "rate": [
    [
      "4,342",
      "4.7"
    ],
    [
      "3,738",
      "5"
    ],
    [
      "335",
      "4"
    ],
    [
      "124",
      "3"
    ],
    [
      "43",
      "2"
    ],
    [
      "102",
      "1"
    ]
  ],
  "required_android": "4.1",
  "size": "47",
  "url": "https://play.google.com/store/apps/details?id=com.hyperbeard.kleptodogs",
  "version": "1.2.3"
}