{
  "categories": [
    "Casual"
  ],
  "description": "Fashion! Glamor! Makeup and models! Glam Doll Salon - Chic Fashion is a fun design and dress up game for girls! All you have to do is design the latest styles, makeup and hair, then dress each model until she looks perfect!Running your own fashion spa means you get to design and choose every outfit, from shoes and purses to dresses, skirts, hats, jewelry and other accessories. The model girls are counting on you to make them look gorgeous. Pick the best designs and don't let them down!Once your models are dressed, it's time to apply makeup! Pick the best colors and add them with the touch screen, just the right amount so they look stunning! Pick an amazing hairdo and you're ready for a night out on the town! Features:- Design the best fashions for Glam Doll.- Pick outfits, hairdos and makeup for each girl.- Add accessories such as shoes, jewelry and hats.How to Play:- Use the touch screen to select different fashions.- Add makeup and choose hairstyles with the touch screen.- Don't like your designs? It's easy to change them!We want to hear your voice!Watch our awesome videos on our YouTube channel! https://www.youtube.com/channel/UCm1oJ9iScm-rzDPEhuqdkfgLike us on Facebook: https://www.facebook.com/pages/Salon-My-Styling-Lounge/650573658373878Follow us on Twitter: https://twitter.com/SalonTMKnow more about Salon\u2122 on official website: http://www.salongirlgames.com/",
  "inc": "Salon\u2122",
  "intalled_count": "10,000,000",
  "last_update": [
    "May",
    "26",
    " 2017"
  ],
  "name": "Glam Doll Salon - Chic Fashion",
  "offered_by": "Google Commerce Ltd",
  "permissions": {
    "Photos/Media/Files": [
      "read the contents of your USB storage",
      "modify or delete the contents of your USB storage"
    ],
    "Storage": [
      "read the contents of your USB storage",
      "modify or delete the contents of your USB storage"
    ],
    "Camera": [
      "take pictures and videos"
    ],
    "Wi-Fi connection information": [
      "view Wi-Fi connections"
    ],
    "Other": [
      "receive data from Internet",
      "view network connections",
      "full network access",
      "prevent device from sleeping"
    ]
  },
  "rate": [
    [
      "93,867",
      "4.0"
    ],
    [
      "55,413",
      "5"
    ],
    [
      "10,741",
      "4"
    ],
    [
      "8,779",
      "3"
    ],
    [
      "5,814",
      "2"
    ],
    [
      "13,120",
      "1"
    ]
  ],
  "required_android": "4.1",
  "size": "44",
  "url": "https://play.google.com/store/apps/details?id=com.mystylinglounge.android_glamdoll",
  "version": "1.10"
}