{
  "categories": [
    "Educational"
  ],
  "description": "So messy, little princess. How did you let yourself get that sloppy?! Work your fashion style magic in your very own beauty salon with Princess Makeover, a makeup and dress up game made just for girls! Design your own outfits fit for a princess as you dress each girl from head to toe. They need to look perfect for the castle ball, and they need your salon's help to go from messy to impressive!As every beauty princess knows, a good design starts with a cute outfit. Dresses, skirts, shoes, jewelry and accessories are all available in your beauty salon. Pick and choose the fashions you like, the more beautiful the better, then dress your model as quickly as you can. Once the girls are dressed, give your model some makeup to complete the look. Pick out the perfect hairstyle and you're ready for the castle party!Features:- Run your own fashion design and style salon!- Dress-up girls to look like beautiful princesses.- Four different models to choose from.- Add makeup, accessories and jewelry to each girl.- Fix the girls' hair for the castle party.- Complete beauty makeovers at your fingertips!How to Play:- Use the touch screen to choose a girl to give a fashion makeover to.- Dress up each girl by choosing dresses, shoes and outfits.- Apply makeup and pick out a beautiful hairstyle.- Design top outfits for your models to wear!We want to hear your voice!Like us on Facebook: https://www.facebook.com/pages/Salon-My-Styling-Lounge/650573658373878Follow us on Twitter: https://twitter.com/SalonTMKnow more about Salon\u2122 on official website: http://www.salongirlgames.com/",
  "inc": "Salon\u2122",
  "intalled_count": "5,000,000",
  "last_update": [
    "December",
    "30",
    " 2016"
  ],
  "name": "Princess Makeover: Girls Games",
  "offered_by": "Google Commerce Ltd",
  "permissions": {
    "Location": [
      "approximate location (network-based)",
      "precise location (GPS and network-based)"
    ],
    "Photos/Media/Files": [
      "read the contents of your USB storage",
      "modify or delete the contents of your USB storage"
    ],
    "Storage": [
      "read the contents of your USB storage",
      "modify or delete the contents of your USB storage"
    ],
    "Camera": [
      "take pictures and videos"
    ],
    "Wi-Fi connection information": [
      "view Wi-Fi connections"
    ],
    "Other": [
      "receive data from Internet",
      "view network connections",
      "full network access",
      "prevent device from sleeping"
    ]
  },
  "rate": [
    [
      "45,472",
      "3.7"
    ],
    [
      "25,036",
      "5"
    ],
    [
      "4,194",
      "4"
    ],
    [
      "4,319",
      "3"
    ],
    [
      "3,161",
      "2"
    ],
    [
      "8,762",
      "1"
    ]
  ],
  "required_android": "4.0",
  "size": "31",
  "url": "https://play.google.com/store/apps/details?id=com.mystylinglounge.android_messyprincess",
  "version": "1.2"
}