{
  "categories": [
    "Puzzle"
  ],
  "description": "MOST POPULAR GAME IN \"HIDDEN OBJECT\", \"DETECTIVE\", \"I FIND\" GENRES IS ALREADY HERE AND REPRESENT TO YOU A UNIQUE EXCITING STORY, BASED ON A FAMOUS FAIRY TALE!Take on the role of an innocent woman, trapped in a twisted game with a known murderous psychopath and stalker. Due to your attire, he dubs you Red Riding Hood. His wicked fairy tale begins by kidnapping your fianc\u00e9, and dragging you through challenging hidden object sequences, puzzles, and a chilling adventure for the ages!  Beware the Big Bad Wolf in Cruel Games: Red Riding Hood!A psychotic killer wants to play a game.  He has dubbed you Red Riding Hood, as your red attire suits the story well. You must play through his wicked fantasy and sick imagination, investigate crimes, complete quests, solve puzzles, mysteries, arcana and going from one crazy puzzle to the next!  Find hidden objects throughout the world to help you on your journey to save the one you love. Don\u2019t be afraid, as the wolf can sense your fear. Make sure this best hidden object detective story has a happy ending by defeating the Wolf and ending his murderous game! Cruel wolf is very hungry and his hunger games are ready to begin! True Battle Royal starts now!THIS BEST HIDDEN OBJECT FAIRY TALE FINDING GAME FEATURES:\u25c7 38 creepy locations and amazing designed levels to play!\u25c7 28 mini-games and numerous puzzles to solve add to the unlimited fun\u25c7 A plethora of hidden object scenes\u25c7 100% unlimited Hints and Tips to help if you get stranded!\u25c7 Interactive tutorial to help get you off to a fast start\u25c7 Tons of enchanted hidden objects to find, addicting quests, funny mini-games and logic puzzles to solve!\u25c7 Awesome cinematic cut scenes and best hidden object gameplay!\u25c7 Story-driven game - Epic storyline, fillfull of love, desire and real fear!\u25c7 Equally suitable for teenagers, and adults\u25c7 Help you improve your concentration, perception, and focus, enhance your cognitive capacities\u25c7 Revise your vocabulary and improve your memory and mind\u25c7 Nice and beautiful graphics!\u25c7 Catchy melodies and sound!\u25c7 Play on all kind of mobile phones or tablets\u25c7 No Wi-Fi or internet connection required - play where and when you want!\u25c7 Supported languages: English, French, Deutch, Spanish, Danish, Hebrew, Russian, Greek, Hungarian, Italian, Dutch, Norwegian, Polish, Portuguese, Romanian, Slovak, Turkish, Finnish, Czech, Swedish, EstonianTo all players, who plays only excellent hidden object seek and find games:You can't missed this best detective thriller hidden object puzzle adventure!Download Cruel Games: Red Riding Hood and enjoy this crazy show!This fantasy epic story-driven hidden object quest game for girls and boys, kids, teenagers, and adults, contains exciting various challenges, greatest detective storyline to investigate, cute characters and unusual artifacts and abilities. Please, welcome to enjoy this one of the best most beautiful, deepest, highest-quality, most epic hidden object searching game on your mobile device!If you looking for \u201cfind the hidden object game\u201d, please, welcome to download this perfect game! Most beautiful, story-driven, highest-quality, most epic hidden object adventure puzzler game awaits you, stranger!Play the best games from \"Alawar\", the creators of such games as Beholder, Farm Frenzy, The Treasures Of Montezuma, House of 1000 doors, on Google Play!",
  "inc": "Alawar Entertainment, Inc.",
  "intalled_count": "10,000",
  "last_update": [
    "January",
    "28",
    " 2015"
  ],
  "name": "Cruel Games: Red Riding Hood. Hidden Object Game",
  "offered_by": "Google Commerce Ltd",
  "permissions": {
    "Phone": [
      "read phone status and identity"
    ],
    "Photos/Media/Files": [
      "read the contents of your USB storage",
      "modify or delete the contents of your USB storage"
    ],
    "Storage": [
      "read the contents of your USB storage",
      "modify or delete the contents of your USB storage"
    ],
    "Wi-Fi connection information": [
      "view Wi-Fi connections"
    ],
    "Device ID & call information": [
      "read phone status and identity"
    ],
    "Other": [
      "receive data from Internet",
      "view network connections",
      "full network access",
      "prevent device from sleeping",
      "Google Play license check"
    ]
  },
  "rate": [
    [
      "2,758",
      "4.2"
    ],
    [
      "1,526",
      "5"
    ],
    [
      "730",
      "4"
    ],
    [
      "260",
      "3"
    ],
    [
      "120",
      "2"
    ],
    [
      "122",
      "1"
    ]
  ],
  "required_android": "2.3.3",
  "size": "11",
  "url": "https://play.google.com/store/apps/details?id=com.alawar.CruelGames.Full",
  "version": "1.3"
}