{
  "categories": [
    "Educational",
    "Education"
  ],
  "description": "Basic Math games and activities: basic skills, numbers and tallying for preschool kids and mental arithmetic learning (addition, subtraction, times tables) for elementary school children:. Are you looking for free learning games so your child can have fun and learn math at the same time?Stop looking and download \u201cBuddy School: Learning Math Games\u201d free!It\u2019s perfect for all ages (kids and adults) as it totally adapts to each child\u2019s age, so preschool kids (aged 3-6), primary and secondary (aged 6-15) and adults of all ages can all play. Also, the youngest kids can learn their first words in their own language or in any other (English, French, Spanish, Italian, German, Russian, Portuguese, Finnish, Swedish, Danish, Norwegian, traditional Chinese, simplified Chinese, and Korean). All you have to do is change the language!Enjoy the adventure!Buddy and his friends will put you to the test with their fun and crazy antics. Have a great time at their school while you learn and improve your logic and math ability.Children will have an exciting adventure solving puzzle games, jigsaws, memory games, basic skills games, addition and subtraction activities, times tables worksheets and mental math activities. And all of it perfectly adapted to their age.EDUCATIONAL GOALS BY AGE:For preschool kids: aged from 3 to 6 years.- Learn to recognize numbers and learn the relationship between quantity and number.- Improve speed, attention, and psychomotor skills through play.- Learn basic skills and first words, letters, consonants and vowels (reading and writing \u2013 abc) in a fun way in their native language: English.- Learn to count (tallying).- Start learning English for kindergarten toddlers (preschool).- Learn and improve coordination and fine motor skills in the youngest.- Develop visual awareness of different moving shapes and objects.- Develop attention and concentration.For primary -kids between 6 and 12 years- and secondary -kids between 12 and 16 years-- Revise counting skills (tallying for the youngest).- Practice sums with appropriate numbers for their age.- Learn to subtract with numbers suiting their level in logic and math.- Math learning with logic sequences activities.- Learn and practice simple times tables (multiplication) and division.- Improve mental math. From ages 16 to 100 :))  the game will be a great challenge for this age range as well, increasing the difficulty of the mathematical operations (mental math, addition, subtraction, times tables and division) and the rest of the levels.Preschool kids, elementary children and adults have no excuse not to practice and revise math operations (counting numbers, sequences, tallying, addition, subtraction, division, simple times tables and multiplication, and basic math skills, as Buddy School perfectly combines fun with learning arithmetic and mental math. And parents don\u2019t have any excuse either as this app is free!!It\u2019s a real educational video game!So now you know: go practice mental math and enjoy learning!!What are you waiting for?!! It\u2019s free!!Company: EducaGamesEducational video game: Buddy SchoolRecommended age: Kids and adults of all agesSubject: Learn math through play.Contents: Basic skills, basic math, addition, subtraction, counting numbers.",
  "inc": "Didactoons. The best educational apps for kids",
  "intalled_count": "100,000",
  "last_update": [
    "May",
    "23",
    " 2018"
  ],
  "name": "Basic skills for Preschool and Math games for kids",
  "offered_by": "Google Commerce Ltd",
  "permissions": {
    "Other": [
      "view network connections",
      "full network access"
    ]
  },
  "rate": [
    [
      "1,589",
      "4.4"
    ],
    [
      "969",
      "5"
    ],
    [
      "428",
      "4"
    ],
    [
      "142",
      "3"
    ],
    [
      "20",
      "2"
    ],
    [
      "30",
      "1"
    ]
  ],
  "required_android": "4.1",
  "size": "23",
  "url": "https://play.google.com/store/apps/details?id=com.EducaGames.BuddySchool",
  "version": "5.1"
}