{
  "categories": [
    "Music"
  ],
  "description": "Magic Tiles \u2122Magic Tiles 3 \u2122 is one of the most loved piano games among thousands of free games in 2018 which has more than 80 million players around the world.Highlight updates:-\tNEW 5 albums: totally new theme and effects of the gameplay and amazing songs. The first time vocal songs are in Magic Tiles 3 \u2122. Additionally, World Cup is in the game. Let\u2019s see!-\tStarter Package: the chance to get Coins + Diamonds + Remove Ads with 75% off. Don\u2019t hesitate, just come and grab it!Further, the game also collects all new and popular great songs every week in its weekly songs chart. Furthermore, when the speed is high enough, you can collect Easter Eggs with hidden gifts inside.Thus, this is a special version with various genres of piano games combining diverse instruments such as guitar, drum, and especially piano! Magic Tiles 3 \u2122 was one of the most popular new games 2017 featured by Google which provides user the high-quality piano songs and beautiful gameplay.Let\u2019s play the game on your mobile - One of the best new free games!Game\u2019s rules:It\u2019s similar to other piano games, you just have to tap the black tiles and avoid the white tiles then enjoy the wonderful music in game.Game features: - Band mode where you can play with more instruments such as guitar, piano, and others.- Battle mode creates the opportunity for players to compete with others around the world which leads Magic Tiles 3\u2122 become such a unique piano online.- Especially, the advanced feature of battle mode \u2013 custom match - which let you to compete directly with your friends and whoever you want to.- High-quality piano songs, and some popular pop music which are frequently updated- The challenge mode which leads users to improve their tapping speed in order to rank on the top of the world. Log in to your Facebook account and share data on multiple devices.So, get ready and try out the fantastic piano games for free! The attractive piano online which is more challenging than you could imagine.Permission: In order to provide the optimized experience, we would request \u201cStorage\u201d permission when you download this gameBecome a real pianist now! And catch up the trend with this new piano game 2018 right now!Support: Are you having any problems? Send email to support@amanotes.com or contact us in game by going to Settings > FAQ and Support.Privacy Policy: https://goo.gl/2WNN1V",
  "inc": "AMANOTES",
  "intalled_count": "50,000,000",
  "last_update": [
    "July",
    "26",
    " 2018"
  ],
  "name": "Magic Tiles 3",
  "offered_by": "Google Commerce Ltd",
  "permissions": {
    "Photos/Media/Files": [
      "read the contents of your USB storage",
      "modify or delete the contents of your USB storage"
    ],
    "Storage": [
      "read the contents of your USB storage",
      "modify or delete the contents of your USB storage"
    ],
    "Wi-Fi connection information": [
      "view Wi-Fi connections"
    ],
    "Other": [
      "receive data from Internet",
      "view network connections",
      "full network access",
      "change your audio settings",
      "control vibration",
      "prevent device from sleeping",
      "set an alarm"
    ]
  },
  "rate": [
    [
      "588,504",
      "4.5"
    ],
    [
      "447,038",
      "5"
    ],
    [
      "63,111",
      "4"
    ],
    [
      "34,032",
      "3"
    ],
    [
      "8,453",
      "2"
    ],
    [
      "35,870",
      "1"
    ]
  ],
  "required_android": "4.1",
  "size": "Varies with devic",
  "url": "https://play.google.com/store/apps/details?id=com.youmusic.magictiles",
  "version": "5.13.007"
}