{
  "categories": [
    "Casual"
  ],
  "description": "Play Baby Hazel Kitchen Time game on your android device for free.Baby Hazel is very much interested to try something at the kitchen. So today our little angel has decided to make her afternoon meal. Can you be of her help in preparing delicious meal for her. As a first thing, shop for required ingredients, tools and utensils to prepare her food. Then go to kitchen and help her in food preparation. Finally set up the food cart and then feed our princess with the delicious home made food. Happy Kitchen time with Baby Hazel.",
  "inc": "Axis Entertainment",
  "intalled_count": "10,000,000",
  "last_update": [
    "April",
    "13",
    " 2017"
  ],
  "name": "Baby Hazel Kitchen Time",
  "offered_by": "Google Commerce Ltd",
  "permissions": {
    "Phone": [
      "read phone status and identity"
    ],
    "Wi-Fi connection information": [
      "view Wi-Fi connections"
    ],
    "Device ID & call information": [
      "read phone status and identity"
    ],
    "Other": [
      "view network connections",
      "full network access"
    ]
  },
  "rate": [
    [
      "76,192",
      "3.9"
    ],
    [
      "44,322",
      "5"
    ],
    [
      "8,402",
      "4"
    ],
    [
      "7,080",
      "3"
    ],
    [
      "5,219",
      "2"
    ],
    [
      "11,169",
      "1"
    ]
  ],
  "required_android": "2.3",
  "size": "23",
  "url": "https://play.google.com/store/apps/details?id=air.org.axisentertainment.BabyHazelKitchenTime",
  "version": "13"
}