{
  "categories": [
    "Casual"
  ],
  "description": "Defend the Meerkats in one of the most spectacular and new match 3 puzzle adventure games ever made. Hakuna puts YOU in charge of collecting all the stones to help them defend themselves from Doofrey the Jackal. Chain-match 3 or more stones of the same color by connecting them together - the longer the chain the more damage the enemy will take. Use your skills, bombs and wits to overcome the challenges presented by our new match 3 puzzle game and discover as many jungle animals as you can.Here's what will amaze you in Hakuna Royale:\u2022 Browse through the spectacular 3D level map.\u2022 Complete match-3 levels and win treasure chests which contain diamonds, energy and other goodies.\u2022 Your meerkats have special powers that can be upgraded.\u2022 Chain-match 5 or more stones for massive damage.\u2022 Numerous fun tasks to accomplish: collect stones, clear glue, destroy boxes, defeat enemies and many more.\u2022 Strategically switch your bombs to select the ones most appropriate for each level.\u2022 Use special boosters that will help you pass through the more difficult match-3 levels.\u2022 Complete the fun and challenging 120 levels and expect more soon Hakuna Royale is one of the most surprising new match 3 games that you've ever seen. Give it a go - it's quick and easy to install and, best of all, it's free!",
  "inc": "Leela Games",
  "intalled_count": "10,000",
  "last_update": [
    "February",
    "15",
    " 2017"
  ],
  "name": "Hakuna Royale - Chain Match 3",
  "offered_by": "Google Commerce Ltd",
  "permissions": {
    "Photos/Media/Files": [
      "read the contents of your USB storage",
      "modify or delete the contents of your USB storage"
    ],
    "Storage": [
      "read the contents of your USB storage",
      "modify or delete the contents of your USB storage"
    ],
    "Other": [
      "receive data from Internet",
      "view network connections",
      "full network access",
      "control vibration",
      "prevent device from sleeping"
    ]
  },
  "rate": [
    [
      "192",
      "3.9"
    ],
    [
      "113",
      "5"
    ],
    [
      "19",
      "4"
    ],
    [
      "19",
      "3"
    ],
    [
      "16",
      "2"
    ],
    [
      "25",
      "1"
    ]
  ],
  "required_android": "4.0.3",
  "size": "40",
  "url": "https://play.google.com/store/apps/details?id=com.leelagames.hakunaroyale",
  "version": "4.3"
}