{
  "categories": [
    "Puzzle"
  ],
  "description": "Spot the difference (Find The Difference) is a puzzle and casual game that will allow you to relax and to get pleasure from finding objects on a beautiful images!What is and isn't in our super new app:Briefly:1) More levels than other games (will be more than 1000, now 900+, not 300)2) No timer3) Tips/Hints and skips levels4) HD and qHD photos5) 10 differences in each picture6) Optimized for phones and tablets7) Cool zoom functionality8) Save and resuming levels9) Informing about new levels10) Music and sounds11) Different themes of the background photosFull:1) Timer is optional - play, think and search as you like, no racing with a time!2) Not 100 or even 300, but 1000+ interest levels will wait for you. No more needed to go often to the apps store to download a new version of Find differences - there are enough levels for a long time in our Spot The Difference 2017 game! Stay tuned - new levels will be constantly added and will be available to download for free right from the game. Just click Play button and built-in downloader will get new levels from our server.3) Renewable hints and skips levels will help you if you get stuck in this colorful world of differences.4) You are free to choose between of using HD or qHD photos in game (HD photo requires more internet traffic but has a better quality).5) On each picture you will find not 5, not 7, but 10 differences! 6) All the differences and the hidden objects are optimized for a normal game - you don't have to find a small point or a small block of pixels, independently mobile phone or tablet is used.7) Zoom of the image will allow you to find all the hidden differences on your device regardless of how you have a vision and whether you wear glasses. Now the search is a pleasure!8) Jump over and finish complex levels later.9) Be online with access to the Internet and you will be sent news about the new levels - your phone will play some ringtone and add a text notification in the device system bar.10) Enable or disable music and sounds.11) Large variety of the backgrounds themes: landscapes, nature, cars, buildings and even beautiful girls can be met by you on the expanses of searching for differences. We tried to select for you the most beautiful, cool and live photos.Welcome to the diverse, interesting and colorful world of find differences.Did you know such kind of a free games are often calls as Spot the difference or Spot it or What's different.How to play: just find a difference and tap it on any image.Discover what's the difference between two photos which only seems identical but there are ten differences to find!Some sites and apps offer ready-made recipes for quickly finding differences, but much more fun to find everything yourself. Stay like a king of the differences - conquer all the levels!All the levels in the game is free and will give a lot of joy to both children and adults.Don't forget to switch on a wifi or mobile data on your device for access to the entire levels database.The battle of your mind and vision against our artist's skills begins! But we hope that after such an acquaintance our artist will become for you as a good friend.Put our \"Spot different game\" on the 'shelf' where you store your favorite and useful apps and your collection will become more complete.Download Spot the Difference and share it with everyone! \u201cFind the differences games\u201d are excellent for playing in a pair \u2013 play these \u201cspot it games\u201d with your friend and relatives.Our Find Differences game is already loved by both children and adults, both girls and boys, both men and women.Get ready for a best photo hunt of your life and join to our team of lovers of \"Find the differences\" and puzzle games!All pictures and photos for levels taken with the personal permission of the author of the image or with a suitable license.All images were makeup in photo editor and have differeces with original photos.",
  "inc": "good indie apps",
  "intalled_count": "1,000,000",
  "last_update": [
    "November",
    "30",
    " 2017"
  ],
  "name": "Find The Difference",
  "offered_by": "Google Commerce Ltd",
  "permissions": {
    "Photos/Media/Files": [
      "read the contents of your USB storage",
      "modify or delete the contents of your USB storage"
    ],
    "Storage": [
      "read the contents of your USB storage",
      "modify or delete the contents of your USB storage"
    ],
    "Wi-Fi connection information": [
      "view Wi-Fi connections"
    ],
    "Other": [
      "view network connections",
      "full network access",
      "run at startup",
      "prevent device from sleeping"
    ]
  },
  "rate": [
    [
      "32,505",
      "4.6"
    ],
    [
      "24,599",
      "5"
    ],
    [
      "5,293",
      "4"
    ],
    [
      "1,222",
      "3"
    ],
    [
      "339",
      "2"
    ],
    [
      "1,052",
      "1"
    ]
  ],
  "required_android": "4.1",
  "size": "14",
  "url": "https://play.google.com/store/apps/details?id=com.gia.iloveftd",
  "version": "1.0.14"
}