{
  "categories": [
    "Puzzle"
  ],
  "description": "\u201cDark Echo is a brilliant, unique, and incredibly tense must-have masterpiece.\u201d 5/5 - TouchArcade\u201cOne of the creepiest and most creative horror games on the App Store.\u201d 4.5/5 - 148Apps\u201cA masterful execution of minimalist design\u2026 play this with headphones, in the dark, alone.\u201d - Indie Game Enthusiast=======Trapped in darkness, you must use visualized sound to guide your way through threatening environments. The sounds you create will bounce off obstacles, revealing the shape of the surrounding world. It won't be long before your only way of sensing the world attracts a horrifying evil that devours both sound and souls.Survive through 80 levels that will make your heart race and leave you with an irrational fear of red lines. A foreboding soundscape, best experienced with headphones, sets the tone for your journey. Explore, solve puzzles, and most importantly - stay alive.=======No advertisements, no in-app purchases.* This game relies on the visualization of sound and cannot be played with audio only. It is not recommended for blind players.=======www.darkechogame.comwww.twitter.com/RAC7Games",
  "inc": "RAC7",
  "intalled_count": "100,000",
  "last_update": [
    "March",
    "21",
    " 2016"
  ],
  "name": "Dark Echo",
  "offered_by": "Google Commerce Ltd",
  "permissions": {
    "Other": [
      "view network connections",
      "full network access",
      "prevent device from sleeping"
    ]
  },
  "rate": [
    [
      "12,548",
      "4.6"
    ],
    [
      "9,473",
      "5"
    ],
    [
      "1,835",
      "4"
    ],
    [
      "580",
      "3"
    ],
    [
      "258",
      "2"
    ],
    [
      "402",
      "1"
    ]
  ],
  "required_android": "2.3",
  "size": "43",
  "url": "https://play.google.com/store/apps/details?id=com.rac7.DarkEcho",
  "version": "1.3.2"
}