{
  "categories": [
    "Casual"
  ],
  "description": "Every girl loves go to fashion salon, Come to makeover and dress up the girl, and let her become the most beautiful one\uff01It's a kids games for girls!",
  "inc": "6677g.com",
  "intalled_count": "5,000,000",
  "last_update": [
    "June",
    "20",
    " 2017"
  ],
  "name": "Make-up Salon - girls games",
  "offered_by": "Google Commerce Ltd",
  "permissions": {
    "Device & app history": [
      "retrieve running apps"
    ],
    "Phone": [
      "read phone status and identity"
    ],
    "Photos/Media/Files": [
      "access USB storage filesystem",
      "read the contents of your USB storage",
      "modify or delete the contents of your USB storage"
    ],
    "Storage": [
      "read the contents of your USB storage",
      "modify or delete the contents of your USB storage"
    ],
    "Wi-Fi connection information": [
      "view Wi-Fi connections"
    ],
    "Device ID & call information": [
      "read phone status and identity"
    ],
    "Other": [
      "read Home settings and shortcuts",
      "receive data from Internet",
      "view network connections",
      "disable your screen lock",
      "full network access",
      "run at startup",
      "control vibration",
      "prevent device from sleeping"
    ]
  },
  "rate": [
    [
      "70,898",
      "3.8"
    ],
    [
      "37,424",
      "5"
    ],
    [
      "8,235",
      "4"
    ],
    [
      "7,767",
      "3"
    ],
    [
      "5,151",
      "2"
    ],
    [
      "12,321",
      "1"
    ]
  ],
  "required_android": "4.0",
  "size": "19",
  "url": "https://play.google.com/store/apps/details?id=com.degoo.android.makeupsalon",
  "version": "1.1.2"
}