{
  "categories": [
    "Puzzle"
  ],
  "description": "Treat hungry tummies to gushing gummies! Come set sail in an all new puzzle adventure to Yummy Gummy Land. Made with a juicy twist, this match-3 game serves up just the right amount of fun and challenge in every level. Swipe sugary sweets by connecting candies into chains for your fruity friends to fill their jelly bellies. Float through cotton candy clouds and over the rainbow river as you explore the luscious lands. Match your way to sweet victory!\u2605 Everlasting gameplay with hundreds of juicy levels\u2605 Sweet moves make delicious combos\u2605 Fruity friends float on when they\u2019re full\u2605 Achievements keep you playing longerConnect With Facebook:\u2605 Get free lives\u2605 Unlock new lands\u2605 See friends' high scores\u2605 Save your progress across all devicesLIKE: https://www.facebook.com/yummygummygameFOLLOW: @YummyGummyGameDEVELOPER INFO: Zindagi Games creates revolutionary and exciting adventures that change the way friends and families play, interact, and experience games.",
  "inc": "Zynga",
  "intalled_count": "1,000,000",
  "last_update": [
    "May",
    "24",
    " 2018"
  ],
  "name": "Yummy Gummy",
  "offered_by": "Google Commerce Ltd",
  "permissions": {
    "Identity": [
      "find accounts on the device"
    ],
    "Contacts": [
      "find accounts on the device"
    ],
    "Photos/Media/Files": [
      "read the contents of your USB storage",
      "modify or delete the contents of your USB storage"
    ],
    "Storage": [
      "read the contents of your USB storage",
      "modify or delete the contents of your USB storage"
    ],
    "Wi-Fi connection information": [
      "view Wi-Fi connections"
    ],
    "Device & app history": [
      "retrieve running apps"
    ],
    "Phone": [
      "read phone status and identity"
    ],
    "Device ID & call information": [
      "read phone status and identity"
    ],
    "Camera": [
      "take pictures and videos"
    ],
    "Other": [
      "receive data from Internet",
      "view network connections",
      "full network access",
      "prevent device from sleeping"
    ]
  },
  "rate": [
    [
      "134,238",
      "4.6"
    ],
    [
      "103,872",
      "5"
    ],
    [
      "19,417",
      "4"
    ],
    [
      "5,793",
      "3"
    ],
    [
      "2,017",
      "2"
    ],
    [
      "3,139",
      "1"
    ]
  ],
  "required_android": "Varies with",
  "size": "Varies with devic",
  "url": "https://play.google.com/store/apps/details?id=com.zindagigames.yummygummy",
  "version": "Varies with device"
}