{
  "categories": [
    "Puzzle"
  ],
  "description": "50 million downloads worldwide!  Magic Jigsaw Puzzles is the largest free jigsaw puzzle game and community online, with over 20,000 HD pictures for to relax and solve, new free daily jigsaws and photos curated from National Geographic, Sony Pictures and Cartoon Network! Find out why adults and kids solve 50 million jigsaw puzzles every month!And there are more game features to discover! Simple interface will let you easily create a unique personalized puzzle using your own photo or image! Lovely in-game musi\u0441 collection will go along perfectly with your stress-relieving and leisured play! In case you\u2019re in for some challenge, free hard levels with up to 630 pieces will be a perfect way for any adult or kid to train the brain!Features:- Free daily updated puzzle gallery.- More than 20,000 beautiful, HD puzzles combined into more than 500 puzzle collections!- Create puzzle with your own picture and share with friends or with the Magic Jigsaw Puzzles community!- 5 difficulty levels with up to 630 pieces: start as a beginner, train hard and become a game master!- Work on more than one puzzle at a time and see your progress.- Preview the finished puzzle in case it\u2019s hard to help you match the pieces.- Rotation mode for greater brain challenge! Move pieces in groups!- Large collection of brain train jigsaws with cute animals and cartoons for kids, portraits, paintings, nature landscapes for adults.- Curated puzzle sets from our partners National Geographic, Sony Pictures and Cartoon Network! It will be really hard to choose where to start!- Great music collection: the right music to suit your mood!- Simple game controls make it easy to move pieces and solve puzzles! - No matter if you are a child or an adult you\u2019ll find lots of free hard rebuses and cute easy jigsaws!- A great train for your brain and a perfect relaxation for your mind!You can create your Magic Puzzles Profile and find all puzzle packs you have downloaded in one place, as well as easily restore packs you may have accidently deleted from the game. Forget the worries of an adult world and train your brain by finding the pieces!Share your own best puzzles with friends or with the Magic Jigsaw Puzzles community on Facebook https://www.facebook.com/Magic.Puzzles.Community/Please note! Magic Jigsaw Puzzles game is free to play but there are optional in-app purchases available.\u0415mail us at support@androidpuzzlessupport.zendesk.com for any issues, questions or comments. We would love to hear from you!Terms of Use and Privacy Policy: https://zimad.com/policy/",
  "inc": "ZiMAD",
  "intalled_count": "10,000,000",
  "last_update": [
    "August",
    "2",
    " 2018"
  ],
  "name": "Magic Jigsaw Puzzles",
  "offered_by": "Google Commerce Ltd",
  "permissions": {
    "Photos/Media/Files": [
      "read the contents of your USB storage",
      "modify or delete the contents of your USB storage"
    ],
    "Storage": [
      "read the contents of your USB storage",
      "modify or delete the contents of your USB storage"
    ],
    "Wi-Fi connection information": [
      "view Wi-Fi connections"
    ],
    "Other": [
      "receive data from Internet",
      "view network connections",
      "full network access",
      "prevent device from sleeping",
      "read Google service configuration",
      "view network connections",
      "full network access",
      "run at startup",
      "prevent device from sleeping",
      "read Google service configuration"
    ]
  },
  "rate": [
    [
      "311,607",
      "4.5"
    ],
    [
      "204,318",
      "5"
    ],
    [
      "73,437",
      "4"
    ],
    [
      "19,764",
      "3"
    ],
    [
      "5,075",
      "2"
    ],
    [
      "9,013",
      "1"
    ]
  ],
  "required_android": "4.0.3",
  "size": "86",
  "url": "https://play.google.com/store/apps/details?id=com.bandagames.mpuzzle.gp",
  "version": "5.4.5"
}