{
  "categories": [
    "Puzzle"
  ],
  "description": "Try the first chapter for free, pay to unlock the full game.Selected as a Google Play Android Excellence Game of 2018.Agent A, your new mission is in from headquarters. An enemy spy known as Ruby La Rouge has been targeting our secret agents. Your mission is to find and capture her. First we need you to follow Ruby, then locate and infiltrate her secret lair. Once inside it is imperative that you uncover her plans.Oh and agent... do be careful. Miss La Rouge has a taste for dismissing agents such as yourself.\u2014\u2014\u2014\u2014\u2014\u2014\u2014\u2014\u2014\u2014\u2014\u2014\u2014\u2014\u2014\u2014\u2014\u2014\u2014\u2014\u2014\u2014\u2014\u2014\u2014\u2014\u2014Agent A: A puzzle in disguise is an episodic tale of espionage spanning five chapters:Chapter 1 - A puzzle in disguiseChapter 2 - The chase continuesChapter 3 - Ruby's trapChapter 4 - A narrow escape (OUT NOW!)Chapter 5 - The final blow (2018)You play as Agent A, your mission (should you choose to accept it) is to infiltrate the secret hideout of Ruby La Rouge and apprehend or neutralise the target.Uncover a stylish 60s themed world full of retro futuristic contraptions, hidden gizmos, gadgets and clever logic based puzzles. But do be warned\u2026 Ruby La Rouge is no spy to be taken lightly! Explore a labyrinth of perplexing puzzles in this quirky game of cat and mouse that\u2019ll have you wondering whether you\u2019re the cat\u2026 or the mouse!!Notice something strange or out of place? Making mental notes and observations (like a good secret agent) will aid you in solving tricky puzzles later on. As you explore Rubys secret hideout, collecting objects and using them cleverly is crucial in unlocking a trail of puzzles leading you ever closer to your target!Agent A features:* Stylish 1960\u2019s inspired art* 26 environments to explore, 72 inventory based puzzles and 42 puzzle screens* 13 achievements to collect, for the trophy hunter in all of us\u2014\u2014\u2014\u2014\u2014\u2014\u2014\u2014\u2014\u2014\u2014\u2014\u2014\u2014\u2014\u2014\u2014\u2014\u2014\u2014\u2014\u2014\u2014\u2014\u2014\u2014\u2014If you like escape games, you will love Agent A!***** Game of the Year AGDA 2016 Winner ********** PAX Indie Showcase Winner 2017 and 2015! *****4/5 Touch Arcade \"This is one of the most playable and least frustrating adventure games I've played, and it speaks to the strength of the game design that it is great.\"AppUnwrapper \"Agent A feels like something really special.\"\u2014\u2014\u2014\u2014\u2014\u2014\u2014\u2014\u2014\u2014\u2014\u2014\u2014\u2014\u2014\u2014\u2014\u2014\u2014\u2014\u2014\u2014\u2014\u2014\u2014\u2014\u2014Are you clever enough to outsmart Ruby? Slip into the exciting world of espionage with Agent A now!*Agent A does not require any special permissions. If permissions are shown other than network access, please review permissions on your Android device.",
  "inc": "Yak & Co",
  "intalled_count": "100,000",
  "last_update": [
    "July",
    "12",
    " 2018"
  ],
  "name": "Agent A: Trial Edition",
  "offered_by": "Google Commerce Ltd",
  "permissions": {
    "Photos/Media/Files": [
      "read the contents of your USB storage",
      "modify or delete the contents of your USB storage"
    ],
    "Storage": [
      "read the contents of your USB storage",
      "modify or delete the contents of your USB storage"
    ],
    "Wi-Fi connection information": [
      "view Wi-Fi connections"
    ],
    "Other": [
      "view network connections",
      "full network access",
      "prevent device from sleeping",
      "Google Play license check"
    ]
  },
  "rate": [
    [
      "2,849",
      "4.3"
    ],
    [
      "2,083",
      "5"
    ],
    [
      "248",
      "4"
    ],
    [
      "134",
      "3"
    ],
    [
      "54",
      "2"
    ],
    [
      "330",
      "1"
    ]
  ],
  "required_android": "4.4",
  "size": "39",
  "url": "https://play.google.com/store/apps/details?id=co.yakand.agentaapuzzleindisguise.trial",
  "version": "4.1.0"
}