{
  "categories": [
    "Puzzle",
    "Action & Adventure"
  ],
  "description": "Play  1,000+ exciting levels in Disney\u2019s #1 puzzle game, Frozen Free Fall! Get ready for an epic puzzle matching adventure in the Kingdom of Arendelle, inspired by Disney\u2019s Frozen! Join Anna, Elsa, Olaf and more of your favorite characters on a journey to slide and match hundreds of icy puzzles for FREE! Unlock MORE seasonal puzzles and game modes as you explore the land with our new updates! JOURNEY WITH FACEBOOK FRIENDS - Ran out of Hearts? Ask your friends for more and return the favor by gifting them right back!EXCITING MATCH-3 GAMEPLAY \u2013 Slide beautiful and colorful ice crystals to match 3 or more, and test your matching skills with extra challenging objectives! UNLOCK YOUR FAVORITE CHARACTERS \u2013 Follow the story and play with even more characters like Olaf, Kristoff, Sven, Hans, and more! UNIQUE POWER-UPS SPECIALLY DESIGNED FOR EACH CHARACTER \u2013 Use Anna\u2019s torch to burn up an entire row of crystals, or Elsa\u2019s glacier power-up to make all of the same color crystals magically disappear! Try Hans\u2019 sword to slash right through the crystals, and explore many more cool power-ups!BRING YOUR OWN ARENDELLE TO LIFE - Earn coins & rewards by beating levels to decorate and customize your own Plaza in Arendelle with shops, fountains, carts, and more! GOOGLE CLOUD SUPPORT-Sync your game progress across multiple Android devices through Google Cloud!Visit Facebook.com/DisneyMobileGames for cool game tips, news and more! Free Fall is free to play but some in-game items may require payment.  Before you download this experience, please consider that this app contains social media links to connect with others, in-app purchases that cost real money, push notifications to let you know when we have exciting updates like new content, as well as advertising for The Walt Disney Family of Companies and some third parties. You can upload and save content from this app to your device. We respect your wishes regarding your Privacy. You can exercise control and choice by resetting your Advertising Identifier in your device\u2019s Privacy Settings.Visit the official Frozen Free Fall website \u2013 http://lol.disney.com/games/frozen-free-fall-app Privacy Policy - http://disneyprivacycenter.comTerms of Use - http://disneytermsofuse.com",
  "inc": "Disney",
  "intalled_count": "50,000,000",
  "last_update": [
    "July",
    "27",
    " 2018"
  ],
  "name": "Frozen Free Fall",
  "offered_by": "Google Commerce Ltd",
  "permissions": {
    "Photos/Media/Files": [
      "read the contents of your USB storage",
      "modify or delete the contents of your USB storage"
    ],
    "Storage": [
      "read the contents of your USB storage",
      "modify or delete the contents of your USB storage"
    ],
    "Wi-Fi connection information": [
      "view Wi-Fi connections"
    ],
    "Other": [
      "view network connections",
      "full network access",
      "control vibration",
      "prevent device from sleeping"
    ]
  },
  "rate": [
    [
      "1,573,398",
      "4.3"
    ],
    [
      "1,025,152",
      "5"
    ],
    [
      "256,528",
      "4"
    ],
    [
      "117,943",
      "3"
    ],
    [
      "61,129",
      "2"
    ],
    [
      "112,646",
      "1"
    ]
  ],
  "required_android": "4.2",
  "size": "37",
  "url": "https://play.google.com/store/apps/details?id=com.disney.frozensaga_goo",
  "version": "6.7.0"
}