{
  "categories": [
    "Casual"
  ],
  "description": "Welcome to Homescapes! Help Austin the butler bring warmth and comfort back to his wonderful family's mansion. Come on in\u2014adventures await you from the moment you walk in the door! Beat colorful match-3 levels to renovate and decorate rooms in the mansion, unlocking ever more chapters in the exciting family story along the way! What are you waiting for? Make yourself at home! The game features:\u25cf Unique gameplay: help Austin renovate the house by swapping and matching pieces!\u25cf Interior design: you decide what the house will look like.\u25cf Exciting match-3 levels: tons of fun, featuring unique boosters and explosive combinations!\u25cf A huge, beautiful mansion: discover all the secrets it holds!\u25cf Fantastic characters: watch them live their lives and interact with each other in the in-game social network.\u25cf A cute pet: meet \u0430 naughty and fluffy cat.\u25cf Invite your Facebook friends to help you create your own cozy atmosphere in the house! Give the old mansion a complete makeover! Show off your designer skills by furnishing and decorating the kitchen, hall, orangery, and other house areas, including the garage! Thousands of design options will give you maximum freedom to explore your creativity, change designs any time you want, and eventually create your dream house!Homescapes is free to play, though some in-game items can also be purchased for real money. If you don't want to use this option, simply turn it off in your device's Restrictions menu. Enjoying Homescapes? Learn more about the game!Facebook: https://www.facebook.com/homescapes/Instagram: https://www.instagram.com/homescapes_mobile/ Questions? Contact our Tech Support by sending an email to homescapes@playrix.com",
  "inc": "Playrix Games",
  "intalled_count": "10,000,000",
  "last_update": [
    "July",
    "13",
    " 2018"
  ],
  "name": "Homescapes",
  "offered_by": "Google Commerce Ltd",
  "permissions": {
    "Photos/Media/Files": [
      "read the contents of your USB storage",
      "modify or delete the contents of your USB storage"
    ],
    "Storage": [
      "read the contents of your USB storage",
      "modify or delete the contents of your USB storage"
    ],
    "Wi-Fi connection information": [
      "view Wi-Fi connections"
    ],
    "Other": [
      "receive data from Internet",
      "view network connections",
      "full network access",
      "control vibration",
      "prevent device from sleeping",
      "Google Play license check"
    ]
  },
  "rate": [
    [
      "3,082,195",
      "4.6"
    ],
    [
      "2,341,453",
      "5"
    ],
    [
      "499,763",
      "4"
    ],
    [
      "146,007",
      "3"
    ],
    [
      "36,419",
      "2"
    ],
    [
      "58,553",
      "1"
    ]
  ],
  "required_android": "4.0.3",
  "size": "Varies with devic",
  "url": "https://play.google.com/store/apps/details?id=com.playrix.homescapes",
  "version": "1.8.0.900"
}