{
  "categories": [
    "Educational",
    "Pretend Play"
  ],
  "description": "Have you ever been to an animal restaurant? If not, here\u2018s your chance to visit one and assist the chef in the kitchen. I hope you know what a pig or a frog likes to eat, because you\u2018ll have to carefully choose the ingredients and then prepare a meal for each animal. So better start cookin\u2018!- - - - - - - - - - - - - - - - - - - - - - - -About TutoTOONS Games for KidsCrafted and play-tested with kids and toddlers, TutoTOONS games foster kids\u2019 creativity and help them learn while playing the games they love. Fun and educational TutoTOONS games strive to bring meaningful and safe mobile experience to millions of children worldwide.Important Message to ParentsThis app is free to download and play, but there are certain in-game items that may be purchased for real money. By downloading this app you agree to TutoTOONS Privacy Policy and Terms of Use.Discover More Fun with TutoTOONS!\u00b7 Subscribe to our YouTube channel: https://www.youtube.com/c/tutotoonsofficial\u00b7 Learn more about us: https://tutotoons.com\u00b7 Read our blog: https://blog.tutotoons.com",
  "inc": "TutoTOONS",
  "intalled_count": "1,000,000",
  "last_update": [
    "July",
    "17",
    " 2018"
  ],
  "name": "Animal Restaurant - Kids Game",
  "offered_by": "Google Commerce Ltd",
  "permissions": {
    "Photos/Media/Files": [
      "read the contents of your USB storage",
      "modify or delete the contents of your USB storage"
    ],
    "Storage": [
      "read the contents of your USB storage",
      "modify or delete the contents of your USB storage"
    ],
    "Wi-Fi connection information": [
      "view Wi-Fi connections"
    ],
    "Other": [
      "view network connections",
      "full network access",
      "prevent device from sleeping"
    ]
  },
  "rate": [
    [
      "6,823",
      "3.3"
    ],
    [
      "3,032",
      "5"
    ],
    [
      "571",
      "4"
    ],
    [
      "667",
      "3"
    ],
    [
      "608",
      "2"
    ],
    [
      "1,945",
      "1"
    ]
  ],
  "required_android": "4.4",
  "size": "30",
  "url": "https://play.google.com/store/apps/details?id=air.com.tutotoons.app.animalrestaurant",
  "version": "1.0.8"
}