{
  "categories": [
    "Role Playing"
  ],
  "description": "\" * * * * * - A truly superb mash-up of match-three and endless runner that\u2019s unique on mobile and thoroughly addictive. Buy it\" - Stuff Magazine*** App Store Best of 2015! ***\" * * * * * - Makes the original game feel like a demo. It's absurdly fun and nearly impossible to put down.\" - Touch Arcade\" * * * * \u00bd Gold Award - Building a boat will indeed become the most important task in your life.\" - Game Informer\" * * * * \u00bd - We will gladly build a boat again and again.\" - GamezeboBUILD A BOATTravel the world in your boat, from the top of the Mage Tower to the bottom of HellGATHER YOUR CREWRecruit a crew to live on your boat and offer their servicesFRANTIC MATCHINGMatch as fast as you can to keep on runningCAPTURE MONSTERSTurn Monsters to your cause to get bonuses and have them aid your in battleCAST SPELLSUse magic to aid your quests, and don\u2019t forget to visit your onboard Arcanery to upgrade themRANDOM DUNGEONSWith procedural dungeons and random Dungeon Modifiers, It\u2019s never the same experience twiceBUILD YOUR BOARDUpgrade your tiles, Quaff Potions and Pray for Modifiers to whatever fits your play style bestSPEEDRUNHow fast can you build your boat?You must build a boat.You must spring out of bed.You must bargain with the lizardman.You must heed your undead navigators.You must slide rows or columns of tiles on a 6x8 grid.You must match at least 3.You must run to the right.You must focus intently on 2 areas of the screen simultaneously.You must match keys to unlock chests and swords to attack.You must literally collect your thoughts and trade them for dragons.You must not dally.You must not be too hasty.You must voluntarily ramp up the difficulty by taking on multiple quests at once.You must incrementally reach your goals. You must build a boat.You must try again.You must try again x5.You must win every time, even when you don\u2019t.You must remain optimistic.You must upgrade your magic staff.You must occasionally stop playing to allow for your hand to uncramp.You must take credit for random chain combos you made no effort to arrange.You must trust a blue bean man to make dangerous investments with your money.You must forget about the blue bean man.You must mind the asp.You must reconcile that despite the game\u2019s title, you begin your journey in possession of what is, in no uncertain terms, already a boat.You must build a boat.You must go all-in on the retro aesthetic.You must trade junk for gold with the voidorb.You must pray for salt.You must consume fish and tomatoes for time.You must venture through hell.You must disarm traps like your life depends on it.You must make an offering at the chapel.You must rally the Fantasy Union and the Undead Buddies to your cause.You must weigh anchor and methodically yet joyously hop in sync with your entire crew.You must feign interest in critiquing the gardener\u2019s work.You must look up at the clock and wonder how it\u2019s so late already.You must build a boat.You must build a boat!YOU MUST BUILD A BOAT!!!",
  "inc": "EightyEight Games",
  "intalled_count": "100,000",
  "last_update": [
    "June",
    "15",
    " 2018"
  ],
  "name": "You Must Build A Boat",
  "offered_by": "Google Commerce Ltd",
  "permissions": {
    "Photos/Media/Files": [
      "read the contents of your USB storage",
      "modify or delete the contents of your USB storage"
    ],
    "Storage": [
      "read the contents of your USB storage",
      "modify or delete the contents of your USB storage"
    ],
    "Other": [
      "view network connections",
      "full network access"
    ]
  },
  "rate": [
    [
      "8,650",
      "4.5"
    ],
    [
      "5,677",
      "5"
    ],
    [
      "2,065",
      "4"
    ],
    [
      "492",
      "3"
    ],
    [
      "185",
      "2"
    ],
    [
      "231",
      "1"
    ]
  ],
  "required_android": "Varies with",
  "size": "Varies with devic",
  "url": "https://play.google.com/store/apps/details?id=com.eightyeightgames.ymbab",
  "version": "Varies with device"
}