{
  "categories": [
    "Music"
  ],
  "description": "From team Cytus, a world acclaimed music rhythm game.Rayark brings you Deemo, a hybrid of music rhythm game and the story of urban fantasy, with hand-drawn art, story-telling gallery and real instrumental feedback of piano key sound.Deemo is a mystic character lives in solitude, a castle, all by itself. A little girl falls from the sky, not knowing who she is, where she comes from. To help the little girl back to her world, Deemo comes to realize a tree keeps growing tall on top of the piano whenever it plays. What would Deemo do when it gets comfortable with the companionship it never had before? What if the little girl couldn't deal with the truth when her seemingly lost memories regained?!\"Never left without saying goodbye\". Features\uff1a-60+ Free songs in story mode- More than 220 songs in various music genres, many of which from famous composers-Simple and intuitive gameplay-Twitter and Facebook score sharing function*The Free version has limited story progress, unlock the Full version to enjoy the full experience of Deemo.",
  "inc": "Rayark International Limited",
  "intalled_count": "5,000,000",
  "last_update": [
    "February",
    "12",
    " 2018"
  ],
  "name": "Deemo",
  "offered_by": "Google Commerce Ltd",
  "permissions": {
    "Photos/Media/Files": [
      "read the contents of your USB storage",
      "modify or delete the contents of your USB storage"
    ],
    "Storage": [
      "read the contents of your USB storage",
      "modify or delete the contents of your USB storage"
    ],
    "Wi-Fi connection information": [
      "view Wi-Fi connections"
    ],
    "Other": [
      "receive data from Internet",
      "view network connections",
      "full network access",
      "run at startup",
      "control vibration",
      "prevent device from sleeping",
      "Google Play license check"
    ]
  },
  "rate": [
    [
      "518,338",
      "4.7"
    ],
    [
      "433,100",
      "5"
    ],
    [
      "47,526",
      "4"
    ],
    [
      "16,163",
      "3"
    ],
    [
      "7,092",
      "2"
    ],
    [
      "14,457",
      "1"
    ]
  ],
  "required_android": "4.0",
  "size": "21",
  "url": "https://play.google.com/store/apps/details?id=com.rayark.pluto",
  "version": "3.2.0"
}