{
  "categories": [
    "Educational",
    "Creativity"
  ],
  "description": "\"Coloring and Learn\" is an realistic coloring game with more than 200 pages with educational content. The kids and whole family can draw and coloring in the same way they do on paper using different tools.Decorate your artworks with over 100 beautiful stickers.\"Free Mode\": now you can freely draw and color and unleash your imagination.You and your children will have hours of fun together!You can have fun coloring with your children or do coloring contests with them. The possibilities are endless.They learn to write the alphabet and numbers. Count, Distinguish geometric figures, know the animals, transportation and more!Promotes the development of imagination, the arts, and increases the ability of concentration and fine motor skills of children.Save your creations in the album and edit them at any time!Share your doodles with your family and friends via Facebook, Twitter, Instagram, WhatsApp, email, and more...The game is very fun, simple and educational for all ages.It works perfectly in all smartphones and tablets*** COLLECTIONS *** \u2605 ANIMALS (to learn the Name of Animals)\u2605 VEHICLES (to learn the most common means of transport)\u2605 ALPHABET (to learn Alphabets from A to Z)\u2605 NUMBERS (to learn Numbers from 0 to 10)\u2605 GEOMETRIC FIGURES (to learn basic Geometric Figures and Space)\u2605 CONNECT POINTS (to learn to count,and improve motor skills)\u2605 CHRISTMAS (Beautiful funny coloring drawings)\u2605 HALLOWEEN (Funny characters that do not scare anyone)\u2605 DINOSAURS (know our friends from prehistory)\u2605 FREE MODE (unleash your imagination)*** FEATURES ***\u2605 All content is 100% FREE\u2605 Supported languages: English and Spanish.\u2605 Simple design and very intuitive for children.\u2605 Different strokes of pencil and colors\u2605 Colors with flash effect (dynamic random color for endless bright colors)\u2605 Over 100 adorable stickers to decorate your paintings.\u2605 Eraser function.\u2605 \u201cUndo\u201d function and \u201cClear All\u201d function.\u2605 Save drawings in the album to then share or edit them.*** DO YOU LIKE OUR APP? ***Help us and take a few seconds to rate it and write your opinion on Google Play.Your contribution will enable us to improve and develop new free games.",
  "inc": "Orange Studios Games",
  "intalled_count": "5,000,000",
  "last_update": [
    "July",
    "17",
    " 2018"
  ],
  "name": "Coloring & Learn",
  "offered_by": "Google Commerce Ltd",
  "permissions": {
    "Other": [
      "view network connections",
      "full network access"
    ]
  },
  "rate": [
    [
      "12,657",
      "4.4"
    ],
    [
      "8,425",
      "5"
    ],
    [
      "2,420",
      "4"
    ],
    [
      "1,191",
      "3"
    ],
    [
      "199",
      "2"
    ],
    [
      "422",
      "1"
    ]
  ],
  "required_android": "4.0.3",
  "size": "51",
  "url": "https://play.google.com/store/apps/details?id=com.orange.coloring.learn.kids",
  "version": "1.49"
}