{
  "categories": [
    "Casual",
    "Pretend Play"
  ],
  "description": "Create and serve tasty treats in your own ice cream truck on an island paradise!Budge Studios\u2122 welcomes you to Ice-Cream Island! Join Strawberry Shortcake\u2122 and her friends on a berrylicious adventure to restore the island to its former glory! Drive your very own ice cream truck and prepare delicious treats from snow cones to milkshakes to banana splits! Scoop, swirl, shake and mix fabulous flavors and terrific toppings for all your customers to enjoy! It\u2019s time to bring back the sunshine!WELCOME TO ICE CREAM PARADISE\u2022 EXPLORE all of the island\u2019s flavorful regions, from tropical jungles to snowy mountains!\u2022 SERVE and satisfy all sweet tooths with fast and flawless coordination\u2022 RACE against the clock to fill your clients\u2019 hearts!\u2022 COMBINE a ton of terrific toppings, fabulous flavors and sweet syrups!\u2022 UPGRADE your very own ice cream super-truck!\u2022 DECORATE the inside of your truck with lights, bobble heads and speakers!\u2022 MATCH your customers\u2019 order to make them happy\u2022 EARN golden stars and open cool crates and treasure chests\u2022 GET CREATIVE and mix ingredients endlessly in the Ice-Cream Lab!6 CHARACTERS, EACH WITH HER OWN SUMMER TREATS AND AREA TO EXPLORE\u2022 STRAWBERRY SHORTCAKE: Swirling soft ice cream in Cool Breeze Coast Line\u2022 LEMON: Beautiful banana splits in Citrus Sands\u2022 ORANGE: Marvelous milkshakes in Westward Canyon\u2022 BLUEBERRY: Sensational snow cones in Snowcone Mountain\u2022 CHERRY: Phenomenal fruit smoothies in Superstar Carnival\u2022 RASPBERRY: Yummy frozen yogurt in Jungleberry VolcanosVisit us: www.budgestudios.com Like us: facebook.com/budgestudios Follow us: @budgestudios Watch our app trailers: youtube.com/budgestudios HAVE QUESTIONS? We always welcome your questions, suggestions and comments. Contact us 24/7 at support@budgestudios.ca COPPA COMPLIANTBudge Studios takes children's privacy seriously and ensures that its apps are compliant with privacy laws, including the\u00a0Child Online Privacy Protection Act\u00a0(COPPA), a privacy legislation in the United States of America. \u00a0This application has received the \u201cESRB (Entertainment Software Rating Board) Privacy Certified Kids\u2019 Privacy Seal\u201d. If you would like to learn more on what information we collect and how we use it, please visit our privacy policy at:\u00a0https://budgestudios.com/en/legal/privacy-policy/\u00a0. If \u00a0you have any questions, email our Privacy Officer at :\u00a0privacy@budgestudios.caBefore you download this app, please note that it is free to play, but additional content may be available via in-app purchases. This app may contain contextual advertising from Budge Studios regarding other apps we publish, from our partners and some third parties. Budge Studios does not permit behavioral advertising or retargeting in this app. Note that any purchase made in the app will remove pop-up advertising. The app may also contain social media links that are only accessible behind a parental gate. End User License Agreement : https://budgestudios.com/eu/legal/eula/Strawberry Shortcake is a trademark of Shortcake IP Holdings LLC used under license by Budge Studios Inc.BUDGE and BUDGE STUDIOS are trademarks of Budge Studios Inc. Strawberry Shortcake Ice Cream Island application \u00a9 2017 Budge Studios Inc. All rights reserved.",
  "inc": "Budge Studios",
  "intalled_count": "5,000,000",
  "last_update": [
    "November",
    "6",
    " 2017"
  ],
  "name": "Strawberry Shortcake Ice Cream Island",
  "offered_by": "Google Commerce Ltd",
  "permissions": {
    "Photos/Media/Files": [
      "read the contents of your USB storage",
      "modify or delete the contents of your USB storage"
    ],
    "Storage": [
      "read the contents of your USB storage",
      "modify or delete the contents of your USB storage"
    ],
    "Wi-Fi connection information": [
      "view Wi-Fi connections"
    ],
    "Other": [
      "view network connections",
      "full network access",
      "control vibration",
      "prevent device from sleeping",
      "Google Play license check"
    ]
  },
  "rate": [
    [
      "31,656",
      "4.2"
    ],
    [
      "21,904",
      "5"
    ],
    [
      "3,039",
      "4"
    ],
    [
      "2,209",
      "3"
    ],
    [
      "914",
      "2"
    ],
    [
      "3,590",
      "1"
    ]
  ],
  "required_android": "4.1",
  "size": "15",
  "url": "https://play.google.com/store/apps/details?id=com.budgestudios.googleplay.StrawberryShortcakeIceCreamIsland",
  "version": "1.2"
}