{
  "categories": [
    "Puzzle"
  ],
  "description": "If you really like the match-3 game, also very love of Egyptian culture, let's start your journey in mysterious pharaoh  pyramidComplete hundreds of levels as you travel through desert in search of precious diamonds. Compete against your facebook friends and see who can get the highest score on the leaderboard!Game Features:- mysterious Egypt world, hundreds of well-designed free levels!- easy and fun to start but a challenge to fully master.- stunning graphics with a highly polished interface.- mysterious ancient Egyptian music, let you fully appreciate the mystery of ancient Egyptian.- leaderboards to watch your ranking and friends.",
  "inc": "Abilix",
  "intalled_count": "100,000",
  "last_update": [
    "August",
    "1",
    " 2018"
  ],
  "name": "Egypt Mania Mysterious Treasure",
  "offered_by": "Google Commerce Ltd",
  "permissions": {
    "Other": [
      "receive data from Internet",
      "view network connections",
      "full network access",
      "prevent device from sleeping"
    ]
  },
  "rate": [
    [
      "674",
      "4.5"
    ],
    [
      "480",
      "5"
    ],
    [
      "112",
      "4"
    ],
    [
      "45",
      "3"
    ],
    [
      "11",
      "2"
    ],
    [
      "26",
      "1"
    ]
  ],
  "required_android": "4.0.3",
  "size": "17",
  "url": "https://play.google.com/store/apps/details?id=com.bigricher.jewelstar.egyptManiaMysteriousTreaure",
  "version": "1.5.1"
}