{
  "categories": [
    "Puzzle"
  ],
  "description": "Presenting new title by 1C Wireless - Mahjong! Your goal is to match and remove all tile pieces from the tower. Enjoy three game modes: \u2022 Classic - The original game; play as long as you want!\u2022 Time Attack - Play is timed.\u2022 Challenge - You have a limited time to choose your Tiles; for advanced players! The faster you choose, the bigger your bonus for that move!Win in Challenge mode to unlock more towers!Google Play Games: leaderboards and achievements!",
  "inc": "1C Wireless",
  "intalled_count": "10,000",
  "last_update": [
    "June",
    "19",
    " 2018"
  ],
  "name": "Mahjong (Full)",
  "offered_by": "Google Commerce Ltd",
  "permissions": {
    "Other": [
      "view network connections",
      "full network access"
    ]
  },
  "rate": [
    [
      "1,331",
      "4.4"
    ],
    [
      "812",
      "5"
    ],
    [
      "365",
      "4"
    ],
    [
      "92",
      "3"
    ],
    [
      "28",
      "2"
    ],
    [
      "34",
      "1"
    ]
  ],
  "required_android": "2.3",
  "size": "18",
  "url": "https://play.google.com/store/apps/details?id=com.onecwireless.mahjong.full",
  "version": "1.3.18"
}