{
  "categories": [
    "Puzzle"
  ],
  "description": "Brain training puzzle for everyone[game features]- Various game modes- Various stages- Easy user interface and easy control- Multi player mode supported: versus mode- 16 languages supported- Leader Board, Achievement, friend invitation features supported- Tablet devices supportedHomepage :https://play.google.com/store/apps/dev?id=4864673505117639552Facebook : https://www.facebook.com/mobirixplayenYouTube :https://www.youtube.com/user/mobirix1",
  "inc": "mobirix",
  "intalled_count": "1,000,000",
  "last_update": [
    "July",
    "16",
    " 2018"
  ],
  "name": "Moving Ball Puzzle",
  "offered_by": "Google Commerce Ltd",
  "permissions": {
    "Other": [
      "receive data from Internet",
      "view network connections",
      "full network access",
      "prevent device from sleeping"
    ]
  },
  "rate": [
    [
      "8,886",
      "4.4"
    ],
    [
      "6,080",
      "5"
    ],
    [
      "1,523",
      "4"
    ],
    [
      "760",
      "3"
    ],
    [
      "145",
      "2"
    ],
    [
      "378",
      "1"
    ]
  ],
  "required_android": "2.3.3",
  "size": "8.7",
  "url": "https://play.google.com/store/apps/details?id=com.mobirix.rollingballking",
  "version": "1.13"
}