{
  "categories": [
    "Puzzle"
  ],
  "description": "Fruits Frenzy is the most popular fruit puzzle game! At our fruit farm, there are mysterious fruits portals, magic keys, bombs, and ice cubes\u2026 Also lots of juicy fruits! Hundreds of levels of fun and sweetness are waiting for you!===============  How to play Fruit Frenzy:  ====================Connect 3 or more fruits to blast! If you can connect more than 7 fruits, a blender blade will spin & create massive fresh juice!Complete different goals to pass the level, such as delivering keys to the portal, breaking ice cubes, unlock fruits\u2026you will find this game is so addicting!==============  Fruit Frenzy -- the juicy fruit farm features  ========--1000+ juicy levels of the best connect 3 game with different challenging goals--Special challenges such as breaking ice cubes and delivering portal keys--Happy blast party time after goal completion--Easy and fun to play, even more fun to master with skills--Play and compete with your friends--Free to play on different devices, no wifi needed!--Keep updating new juicy levels and surprises--Free gift box for each level which helps you pass the level easier!Welcome to our juicy Fruit Farm! Download and blast more juice!",
  "inc": "Tap Run",
  "intalled_count": "1,000,000",
  "last_update": [
    "July",
    "20",
    " 2018"
  ],
  "name": "Fruits Frenzy",
  "offered_by": "Google Commerce Ltd",
  "permissions": {
    "Phone": [
      "read phone status and identity"
    ],
    "Photos/Media/Files": [
      "read the contents of your USB storage",
      "modify or delete the contents of your USB storage"
    ],
    "Storage": [
      "read the contents of your USB storage",
      "modify or delete the contents of your USB storage"
    ],
    "Wi-Fi connection information": [
      "view Wi-Fi connections"
    ],
    "Device ID & call information": [
      "read phone status and identity"
    ],
    "Identity": [
      "find accounts on the device"
    ],
    "Contacts": [
      "find accounts on the device"
    ],
    "Other": [
      "view network connections",
      "full network access",
      "view network connections",
      "full network access",
      "use accounts on the device",
      "control vibration"
    ]
  },
  "rate": [
    [
      "10,415",
      "4.5"
    ],
    [
      "7,380",
      "5"
    ],
    [
      "1,452",
      "4"
    ],
    [
      "961",
      "3"
    ],
    [
      "195",
      "2"
    ],
    [
      "427",
      "1"
    ]
  ],
  "required_android": "4.0.3",
  "size": "19",
  "url": "https://play.google.com/store/apps/details?id=com.taprun.fruitmanialine",
  "version": "2.9"
}