{
  "categories": [
    "Casual"
  ],
  "description": "Hello and welcome to Board Kings! Board Kings is a new multiplayer relaxing-yet-hilarious board game brought to you by Jelly Button the creators of Pirate Kings. Board Kings combines features from classic board games everyone knows and loves with epic social perks and hysterically funny graphics.Roll your Dice & Build LandmarksMeet your first board, it is empty, for now. Roll your dice, move your idol piece around the board, collect coins, build landmarks and make your board city shine! Win extra prizes when you land on one of our special tiles and collect a free boost card!Visit Other Boards and Do Some Damage! \ud83d\ude08Playing classic board games is always nice - but the real fun begins when your idol piece lands on the train tile *evil laugh*. Visit your friends' boards, destroy their buildings and take control over their landmarks. Steal money and wreak havoc - just make sure not to get caught by the cops!Defend your BoardIf you're visiting and destroying other boards, you can count on other players trying to invade yours. Place police cars across your tiles, keep your eyes open and chase vicious intruders away.Other Boards and Themes Await!As you progress in the game and make your bunny residents happy, you're invited to develop your board building skills and move onto other boards. The more you progress, the nicer and better featured your board is. We currently have 12 boards waiting for you and our bunnies are working to create more at this very moment!Become the Board King, now! It\u2019s free-to-play, but you can also purchase additional items with real money. If you don\u2019t want to use this feature, please disable in-app purchases in your device\u2019s settings.Any Suggestions or new ideas? Experiencing any problems? We love our players! You can reach out to our support team from inside the game!Your board awaits!",
  "inc": "Jelly Button Games",
  "intalled_count": "1,000,000",
  "last_update": [
    "July",
    "25",
    " 2018"
  ],
  "name": "Board Kings",
  "offered_by": "Google Commerce Ltd",
  "permissions": {
    "Other": [
      "receive data from Internet",
      "view network connections",
      "full network access",
      "use accounts on the device",
      "control vibration",
      "prevent device from sleeping"
    ]
  },
  "rate": [
    [
      "108,487",
      "4.6"
    ],
    [
      "89,401",
      "5"
    ],
    [
      "9,089",
      "4"
    ],
    [
      "3,788",
      "3"
    ],
    [
      "1,678",
      "2"
    ],
    [
      "4,531",
      "1"
    ]
  ],
  "required_android": "4.1",
  "size": "52",
  "url": "https://play.google.com/store/apps/details?id=com.jellybtn.boardkings",
  "version": "2.15.0"
}