{
  "categories": [
    "Casual",
    "Pretend Play"
  ],
  "description": "Hi! I\u2019m Toto the Turtle! I\u2019ve just hatched and would love a friend to play with and take care of me! Can you help me?I live in a big treehouse all by myself, and I need you to help me make food, wash up, and of course play together! I may be small, but I love to play! We can play basketball, or go on the tire swing, or even blow big bubbles! When we're hungry, there\u2019s a nice kitchen where we can make sandwiches or even big ice cream cones! All that playing is tiring, though, so I\u2019m glad I have a comfy bed to sleep in! Will you help take care of me and play with me?Key Features:\u2022 Play all sorts of games with Toto, from bubbles to basketball! Toto will emote and react to everything you do to let you know how he feels!\u2022 Cook lots of different dishes for Toto: make sandwiches, ice cream sundaes and more!\u2022 Use a map to explore all 4 rooms in Toto\u2019s tree house!\u2022 Play however you want! No time limits or strict rules!\u2022 No in-app purchases or third party adsPrivacy PolicyAs a designer of kids\u2019 games, we understand how important privacy is in this modern, digital world. You can read our privacy policy here: http://www.drpanda.com/privacyAbout Dr. PandaDr. Panda is a developer of games for kids. We develop games with educational values that help kids learn about the world. This game is safe and does not contain inappropriate content, in-app purchases or any third-party advertising.If you\u2019d like to know more about us and how we design games for kids visit our website www.drpanda.com/about. If you have any questions feel free to send us an email at support@drpanda.com or contact us on Facebook (www.facebook.com/drpandagames) or Twitter (www.twitter.com/drpandagames) or Instagram www.instagram.com/drpandagames.",
  "inc": "Dr. Panda",
  "intalled_count": "50,000",
  "last_update": [
    "December",
    "9",
    " 2014"
  ],
  "name": "Dr. Panda & Toto's Treehouse",
  "offered_by": "Google Commerce Ltd",
  "permissions": {
    "Phone": [
      "read phone status and identity"
    ],
    "Photos/Media/Files": [
      "read the contents of your USB storage",
      "modify or delete the contents of your USB storage"
    ],
    "Storage": [
      "read the contents of your USB storage",
      "modify or delete the contents of your USB storage"
    ],
    "Wi-Fi connection information": [
      "view Wi-Fi connections"
    ],
    "Device ID & call information": [
      "read phone status and identity"
    ],
    "Other": [
      "view network connections",
      "full network access",
      "Google Play license check",
      "view network connections",
      "full network access",
      "prevent device from sleeping",
      "Google Play license check"
    ]
  },
  "rate": [
    [
      "3,397",
      "4.4"
    ],
    [
      "2,367",
      "5"
    ],
    [
      "499",
      "4"
    ],
    [
      "238",
      "3"
    ],
    [
      "117",
      "2"
    ],
    [
      "176",
      "1"
    ]
  ],
  "required_android": "4.0",
  "size": "9.5",
  "url": "https://play.google.com/store/apps/details?id=com.tribeplay.pandapet",
  "version": "1.8"
}