{
  "categories": [
    "Puzzle"
  ],
  "description": "\"Unblock Red Wood\" is a simple and addictive sliding block puzzle game.Perfectly solve stages without using hints and get 3 stars and a super crown!The goal of game is to get the red wood block out of the board by sliding the other blocks out of its way.We will provide a lot of levels to the players.Enjoy puzzles and keep your mind sharp!Some stage are particularly difficult, We want players to think more.If there is a difficult level, you can use the prompt clearanceUnblock Red Wood can help you train your brain and keep you mentally fit everyday.play by yourself or challenge your friends to compare your moves. Line up and have fun with your buddy :)HOW TO PLAY\u2022 Horizontal blocks can be moved from side to side\u2022 Vertical blocks can be moved up and down\u2022 Move the red block to the exit.",
  "inc": "Fun Free Fun",
  "intalled_count": "1,000,000",
  "last_update": [
    "May",
    "4",
    " 2018"
  ],
  "name": "Unblock Red Wood",
  "offered_by": "Google Commerce Ltd",
  "permissions": {
    "Device & app history": [
      "retrieve running apps",
      "read sensitive log data"
    ],
    "Location": [
      "approximate location (network-based)",
      "precise location (GPS and network-based)"
    ],
    "Photos/Media/Files": [
      "read the contents of your USB storage",
      "modify or delete the contents of your USB storage"
    ],
    "Storage": [
      "read the contents of your USB storage",
      "modify or delete the contents of your USB storage"
    ],
    "Wi-Fi connection information": [
      "view Wi-Fi connections"
    ],
    "Other": [
      "read Home settings and shortcuts",
      "view network connections",
      "full network access",
      "control vibration",
      "install shortcuts"
    ]
  },
  "rate": [
    [
      "21,634",
      "4.5"
    ],
    [
      "14,869",
      "5"
    ],
    [
      "4,048",
      "4"
    ],
    [
      "1,707",
      "3"
    ],
    [
      "268",
      "2"
    ],
    [
      "742",
      "1"
    ]
  ],
  "required_android": "4.0.3",
  "size": "12",
  "url": "https://play.google.com/store/apps/details?id=com.unblock.wood.pgame4",
  "version": "1.4.1"
}