{
  "categories": [
    "Casual",
    "Creativity"
  ],
  "description": "Dress up your doll and join the party. Get best dress up game for your girl now!Dress up Games - Dolls is FUN, CREATIVE and ENTERTAINING game!Select your favorite doll and customize her appearance by modifying her hairstyle, eyes, makeup and underwear. You can dress up your favorite doll for different occasions. Big collection of coats, jackets, t-shirts, sweaters, skirts, trousers, dresses and shoes allows you to come up with unlimited combinations and appearances. In addition, you also have lots of handbags, hats, sunglasses, headsets, jewelry and other accessories to make your cute doll look even prettier and more stylish.At the end, you can choose animated scene for your doll to appear in and play one of the minigames.Features:\u2605 beautiful high quality HD graphics\u2605 intuitive, easy to use interface with draggable items for better positioning\u2605 infinite game play with unlimited combinations\u2605 eight pre-made and fully customizable dolls\u2605 over sixty different clothes and shoes\u2605 over fifty matching accessories\u2605 five animated scenes\u2605 clothes catching minigame\u2605 slide puzzle minigame",
  "inc": "Bubadu",
  "intalled_count": "500,000",
  "last_update": [
    "July",
    "27",
    " 2018"
  ],
  "name": "Dress up Dolls",
  "offered_by": "Google Commerce Ltd",
  "permissions": {
    "Photos/Media/Files": [
      "read the contents of your USB storage",
      "modify or delete the contents of your USB storage"
    ],
    "Storage": [
      "read the contents of your USB storage",
      "modify or delete the contents of your USB storage"
    ],
    "Wi-Fi connection information": [
      "view Wi-Fi connections"
    ],
    "Other": [
      "receive data from Internet",
      "view network connections",
      "full network access",
      "run at startup",
      "prevent device from sleeping"
    ]
  },
  "rate": [
    [
      "5,285",
      "3.9"
    ],
    [
      "3,053",
      "5"
    ],
    [
      "608",
      "4"
    ],
    [
      "520",
      "3"
    ],
    [
      "338",
      "2"
    ],
    [
      "766",
      "1"
    ]
  ],
  "required_android": "4.1",
  "size": "18",
  "url": "https://play.google.com/store/apps/details?id=si.pilcom.apps.dressupdolls",
  "version": "1.25"
}