{
  "categories": [
    "Puzzle"
  ],
  "description": "Do you want to play the best Sudoku for free? Then you should try our Sudoku !!Advance through valleys, deserts, glaciers and more as you play hundreds of levels we prepare for you! The difficulty will increase as you progress until you become a Sudoku master!Each scenary has a colorful, easy-to-read interface, forget about those boring sudokus!You can play it in Classic mode (Sudoku rules only) or Standard (validating with the solution). You choose!!Multiple hints!! You will never get stuck on one level!Prove you're the best in the worldwide scoreboards!Can you get all the achievements?",
  "inc": "Kieter Labs",
  "intalled_count": "1,000,000",
  "last_update": [
    "August",
    "1",
    " 2018"
  ],
  "name": "Best Sudoku (Free)",
  "offered_by": "Google Commerce Ltd",
  "permissions": {
    "Photos/Media/Files": [
      "read the contents of your USB storage",
      "modify or delete the contents of your USB storage"
    ],
    "Storage": [
      "read the contents of your USB storage",
      "modify or delete the contents of your USB storage"
    ],
    "Wi-Fi connection information": [
      "view Wi-Fi connections"
    ],
    "Other": [
      "receive data from Internet",
      "view network connections",
      "full network access",
      "prevent device from sleeping"
    ]
  },
  "rate": [
    [
      "93,022",
      "4.7"
    ],
    [
      "67,814",
      "5"
    ],
    [
      "21,316",
      "4"
    ],
    [
      "3,051",
      "3"
    ],
    [
      "261",
      "2"
    ],
    [
      "580",
      "1"
    ]
  ],
  "required_android": "4.1",
  "size": "19",
  "url": "https://play.google.com/store/apps/details?id=com.soodexlabs.sudoku2",
  "version": "2.1.3"
}