{
  "categories": [
    "Puzzle"
  ],
  "description": "Paging DR. MEEP! Your patients need you!Too many feelings can be overwhelming, but just CHILL! It's OK. The telepathic psychiatrist DR. MEEP is here to save the day!!! Solve puzzles and help patients get over their personal problems with Match-3 Therapy!DR.MEEP is a twist on your typical match-3 puzzle game. No more mindless matching! Every patient has a new quirk which requires a different strategy. Match feelings to boost your scores and get stars. Get more stars and unlock more patients.- 9 quirky characters- 31 overwhelming feelings- 45 addicting puzzlesDR. MEEP is a premium game with NO ADS. Pay once and all the content is yours to unlock.But don't let the feelings pile up too high! GOOD LUCK!!!",
  "inc": "HyperBeard",
  "intalled_count": "500",
  "last_update": [
    "June",
    "29",
    " 2018"
  ],
  "name": "DR.MEEP",
  "offered_by": "Google Commerce Ltd",
  "permissions": {
    "Other": [
      "full network access"
    ]
  },
  "rate": [
    [
      "54",
      "4.4"
    ],
    [
      "40",
      "5"
    ],
    [
      "4",
      "4"
    ],
    [
      "2",
      "3"
    ],
    [
      "6",
      "2"
    ],
    [
      "2",
      "1"
    ]
  ],
  "required_android": "4.1",
  "size": "33",
  "url": "https://play.google.com/store/apps/details?id=com.hyperbeard.drmeep",
  "version": "1.2"
}