{
  "categories": [
    "Casual"
  ],
  "description": "Ahoy Mateys! Ready to master the 7 seas? Build your island, become a Pirate King and get filthy rich along the way!Start your pirate adventure with pockets full of free gold coins. Spin the wheel to set sail, uncover treasures, battle rival pirates and steal their loot! Drop your anchor in this online multiplayer game and show\u2019em what you\u2019re made of!  Destroy other pirates\u2019 islands, plunder riches, seek sweet revenge on your enemies, and expand your pirate empire in this thrilling building games exploit! Brace yourselves \u2013 The Villain Pirate has Arrived! A whole new adventure sets sails, and the seas will never be the same again. Dreadful Red, a nasty new pirate is building an empire near you, which leaves you no choice but one - BOMB HIM! Spin the wheel, collect bombs and destroy Dreadful Red\u2019s islands and ships, before it\u2019s too late! Collect bonus spins, free coins and eternal pirate glory as you wreak havoc to his property and restore peace in the seven seas.Spin the wheel and Set Sail!The Pirate Kings Wheel is your key to greatness. Spin to win heaps of coins and use them to build your island.  Erect structures, grow your fleet and create the paradise island of your dreams. Play online multiplayer games, that also make great kids games, and attack rival islands owned by your  Facebook friends or random pirates. Shoot cannons to destroy the scallywags and escape with their fortunes. Protect your island from invasions and dig for gold in this free-to-play building game. Yo ho ho!   Recruit Pirates to Your CrewOnce you\u2019ve established your pirate empire with additional islands, you can start recruiting more pirates to your crew. Station them on your paradise islands to plunder and protect your land and earn you more coins. It won\u2019t be long before you run the world! Not bad for a swashbuckling freebooter! But you\u2019ve got to prove your bravery in the online multiplayer games first, so destroy enemy pirates\u2019 islands, shoot cannonballs and get your revenge. Heave Ho!  Best Pirate Game Quests, Chests & MoreShiver me timbers! This building game is packed with features that will unleash your competitive pirate spirit. Battle, take revenge and steal to rule the high seas! \u2714  Get the Super Spinner and multiply your coin prizes\u2714  Recruit pirates to work on your paradise islands and they\u2019ll grow your fortune\u2714  Open chests to reveal extra spins and special bonuses\u2714  Go on action-packed pirates quests to win even more and brag to your Facebook friends It\u2019s a pirates game like no other!  Join the Pirates BattleJump aboard with Pirate Kings and join your Facebook friends in one of the best free-to-play pirate adventure games on mobile! It\u2019s competitive, action-packed fun for adults and if you\u2019re looking for kids games, you\u2019ve found one! So put on your pirate adventure hat, grab your sword and build your pirate islands kingdom! Hit the download button to get our addicting games now, raise your sail and snatch your first coin treasure!",
  "inc": "Jelly Button Games",
  "intalled_count": "10,000,000",
  "last_update": [
    "July",
    "17",
    " 2018"
  ],
  "name": "Pirate Kings",
  "offered_by": "Google Commerce Ltd",
  "permissions": {
    "Other": [
      "receive data from Internet",
      "view network connections",
      "full network access",
      "use accounts on the device",
      "control vibration",
      "prevent device from sleeping"
    ]
  },
  "rate": [
    [
      "1,213,073",
      "4.3"
    ],
    [
      "842,395",
      "5"
    ],
    [
      "154,616",
      "4"
    ],
    [
      "77,394",
      "3"
    ],
    [
      "40,705",
      "2"
    ],
    [
      "97,963",
      "1"
    ]
  ],
  "required_android": "4.1",
  "size": "72",
  "url": "https://play.google.com/store/apps/details?id=com.jellybtn.cashkingmobile",
  "version": "6.2.0"
}