{
  "categories": [
    "Educational",
    "Education"
  ],
  "description": "This Drawing & Dance App is a creative space where your child can learn how to draw animals! Kids painting and coloring animals and then an animated animals are dancing. Pressing the buttons, choose the character's actions and creates your own dance.\ud83d\udc36In our step by step drawing and coloring games for free your child will learn colors, learn drawing and how to draw cute characters. It is amazing kids painting app game with animations! Drawing on the screen entertains children, brings them joy and happiness. Also they learn animals.Even it will it be simple and easy to drawing for toddlers! By following the outline and hints, they will be able to develop drawing and fine motor skills!We create kids drawing apps for free where your little painter can draw and guess funny animals for kids free: a little hippo, a horsey, a monkey... Moreover, they all dance! Painting for kids learn to draw and it is the best pastime! Children are delighted when crocodile dances feverishly to rock-and-roll, while the little fox does a rousing lambada!By pressing the buttons, children can make dance their painted animal! Cute baby animals will perform exciting tricks, interesting dance moves and all this under the cheerful music! Our learning games for kids are not just for kids, it's a great family fun pack games! Make the child growth joyful and exciting!\u201cLearning kids painting app! Toddler coloring apps\u201d:\u2022 A unique learning games for toddlers age 3\u2022 15 cheerful animated characters in baby animal games\u2022 15 best dancing songs for kids\u2022 Follow the outline for drawing fun animal cards for kids\u2022 More than 100 funny animations and sounds\u2022 Development of fine motor skills with 2 year old games to 4 year old games\u2022 A simple interface intuitively clear in learning games for babies\u2022 A drawing game for toddler drawing\u2022 Prepares the hand for writing in free coloring apps for toddler\u2022 Fun art coloring and drawing games for kids free\u2022 Develops creative abilities with 6 year old games for boy\u2022 Parental control and no third party advertising in learn to draw games\u2022 Amazing graphics and sounds effects in painting games for girls\u2022 Basic skills: attention, memory and thinkingDownload our application and have fun!Our game will help your child learn to draw kids in a funny and playful manner.Welcome to the world of funny characters and cheerful rhythms! Play and progress in baby drawing games free with animals for toddlers and kids! Draw, dance and have fun with animals games.Please note, there is just a part of the content available in the free version of the game. Make an in-app purchase to gain access to the full version.\ud83c\udf1fAbout BINI BAMBINI:\ud83c\udf1fThese free coloring games for kids have been created by Bini Bambini, a software company which develops kids learning games.Our shapes and color games for kids are distinguished by high quality content with particular attention to design. The simple and user-friendly interfaces of our kids drawing games for free have been especially created for little ones. The purpose of all our apps is aimed for your child's all-round development.As a company we strive to make our apps practical, instilling a desire for knowledge, interest in reading, drawing and studying.Your child will learn the alphabet, letters, numbers and phonics in our games for kids 3 years free. Children are exposed to writing and counting through building puzzles, doing simple math and we create dance games, animal sounds for toddlers. In our free kids games for girls for free we have colorful paintbox and paint brush.We\u2019re very happy that from the great number of the apps you choose exactly our app! We\u2019re proud to have got Editors choice and recognition for our apps!\ud83d\udc6a",
  "inc": "Bini Bambini",
  "intalled_count": "100,000",
  "last_update": [
    "July",
    "18",
    " 2018"
  ],
  "name": "Learning Kids Painting App! Toddler Coloring Apps",
  "offered_by": "Google Commerce Ltd",
  "permissions": {
    "Other": [
      "receive data from Internet",
      "view network connections",
      "full network access",
      "run at startup",
      "control vibration",
      "prevent device from sleeping"
    ]
  },
  "rate": [
    [
      "415",
      "4.5"
    ],
    [
      "313",
      "5"
    ],
    [
      "53",
      "4"
    ],
    [
      "23",
      "3"
    ],
    [
      "9",
      "2"
    ],
    [
      "17",
      "1"
    ]
  ],
  "required_android": "4.1",
  "size": "30",
  "url": "https://play.google.com/store/apps/details?id=com.binibambini.minidancing",
  "version": "1.0.1.6"
}