{
  "categories": [
    "Puzzle",
    "Brain Games"
  ],
  "description": "Garden Pets - cutest game ever!Collect delicious candy-like fruits to solve match-3 puzzle! Play with fluffy animal friends: cat, puppy and bunny!Play for free & offline!Meet new friends and help them restore an old garden to it's previous glory and renovate a worn out house into a mansion! Blast through match-3 levels and fantastic puzzles to uncover an adorable story of a cat, puppy and bunny. Watch tornado pass under a simple umbrella and fix all the problems it caused.Play a new matching game offline or share your magic story and a beautiful garden with friends online!~~~~~~~~~~GAME FEATURES~~~~~~~~~~\u2764 Hundreds of unique and addicting match-3 levels\u2764 Many fluffy animals for your garden\u2764 Playing with cute animals to cheer them up\u2764 Cute and wild dog, soft and purry kitten, sweet rabbit: whole world of tailed friends\u2764 Alternate between sunny days and cozy nights\u2764 Juicy atmosphere of summer with no more lifeless diamonds or jewels~~~~~~~~~~ADVICES~~~~~~~~~~\u2764 Putting more than 3 fruits in a row will create a useful juice or even a jam to blast, crushing a lot more fruits around!\u2764 Presenting your pet with a candy, a cookie or a toy will make it happy and happy pet will bring you valuable items!\u2764 The more crystals you earn, the more colorful your garden can become!~~~~~~~~~~ATTENTION~~~~~~~~~~Garden Pets is free to download, install and play. However, some in-game items can be purchased with real money. You can turn off the payment feature by disabling in-app purchases in your device\u2019s settings.",
  "inc": "PlayFlock",
  "intalled_count": "500,000",
  "last_update": [
    "July",
    "31",
    " 2018"
  ],
  "name": "Garden Pets: Match-3 Dogs & Cats Home Decorate",
  "offered_by": "Google Commerce Ltd",
  "permissions": {
    "Wi-Fi connection information": [
      "view Wi-Fi connections"
    ],
    "Phone": [
      "read phone status and identity"
    ],
    "Photos/Media/Files": [
      "read the contents of your USB storage",
      "modify or delete the contents of your USB storage"
    ],
    "Storage": [
      "read the contents of your USB storage",
      "modify or delete the contents of your USB storage"
    ],
    "Device ID & call information": [
      "read phone status and identity"
    ],
    "Other": [
      "receive data from Internet",
      "view network connections",
      "full network access",
      "prevent device from sleeping",
      "Google Play license check",
      "view network connections",
      "full network access",
      "run at startup",
      "control vibration",
      "prevent device from sleeping",
      "Google Play license check",
      "view network connections",
      "full network access",
      "prevent device from sleeping",
      "install shortcuts",
      "uninstall shortcuts",
      "Google Play license check"
    ]
  },
  "rate": [
    [
      "3,195",
      "4.5"
    ],
    [
      "2,451",
      "5"
    ],
    [
      "314",
      "4"
    ],
    [
      "174",
      "3"
    ],
    [
      "84",
      "2"
    ],
    [
      "172",
      "1"
    ]
  ],
  "required_android": "4.4",
  "size": "94",
  "url": "https://play.google.com/store/apps/details?id=com.playflock.pets",
  "version": "1.15"
}