{
  "categories": [
    "Puzzle"
  ],
  "description": "Your task is to draw a line.  A single line.  How complex can that be?Start with one tile and trace a line to the next, then the next.  Each tile you pass over flips from black to white, or back again.  Using only a single line, can you flip all the black tiles?The simplest puzzle can have hundreds of solutions, and Unium features over 100 levels to solve your way through.  Unlock harder puzzles by solving easier ones, learn what works and what doesn't, and solve puzzles in multiple ways to earn achievements.  Unium is a fantastic pick up and play puzzle game that can entertain for a minute or an hour.Unium supports achievements from Google Play Games.",
  "inc": "Kittehface Software",
  "intalled_count": "10,000",
  "last_update": [
    "May",
    "26",
    " 2015"
  ],
  "name": "Unium",
  "offered_by": "Google Commerce Ltd",
  "permissions": {
    "Other": [
      "full network access"
    ]
  },
  "rate": [
    [
      "1,159",
      "4.1"
    ],
    [
      "519",
      "5"
    ],
    [
      "384",
      "4"
    ],
    [
      "159",
      "3"
    ],
    [
      "56",
      "2"
    ],
    [
      "41",
      "1"
    ]
  ],
  "required_android": "4.0",
  "size": "27",
  "url": "https://play.google.com/store/apps/details?id=kittehface.unium",
  "version": "1.3.2"
}