{
  "categories": [
    "Puzzle"
  ],
  "description": "Linedoku is a bundle of the best logic puzzle games all about lines and loops.Enjoy colorful flow games, pipe puzzles, one-line puzzles, connect dots, make infinite loops or link numbers - The perfect time killers!Challenge yourself, train your brain and become the puzzle king! ...or just relax and solve some levels.One StrokeOne of the kings of line puzzles. Draw a line from dot to dot and connect all the paths in 1 line.Block Puzzle: LinesA classic Block Puzzle Game interpreted in a new way. Drag and drop the blocks over the board and cover all the dots. Blocks shouldn't overlap and only be placed on the paths they fit into.Number MazeFind a way; Connect the numbers smartly in ascending order and draw puzzling one-line-mazes.Connect all the dots smartly and fill the grid to solve the level.LoopsFun level: Infinity. Loop puzzles about spinning and connecting cells to create infinite loops. Discover all the unique art pieces that unfold themselves.Cross PathTired of Sudoku? Here's a simple alternative. Fill the grid by drawing traces on the board. The number of traces per knot are limited and can only be drawn as straigt lines. The level is completed after every cell in the grid is filled.Color FlowDraw traces between dots of the same color and create a flow of colors. Fill the whole grid and connect all the dots to master the level. Slide The BlocksA classic slide puzzle. Shift and move the blocks and let the colors unroll through the path. Solve the level by connecting all the color sources with each other. The path also has to be a closed flow.Color LoopsLink the cells naturally together to create an endless flow of different colors. Be like a weaver of lines.Game Features* Minimalist and adult design* Play the best logic games all in one app* One touch gameplay - play smoothly one handed* train your brain with 4500 levels completely free to play* no wifi, no problem - playable offline* Clear your mind in the 'relax'- mode* Fill up brain power in the challenge mode* Free content updates* Compare your progress with other players on the leaderboards",
  "inc": "Mindmill Puzzle Games",
  "intalled_count": "1,000,000",
  "last_update": [
    "May",
    "23",
    " 2018"
  ],
  "name": "Linedoku: Logic Puzzles",
  "offered_by": "Google Commerce Ltd",
  "permissions": {
    "Location": [
      "approximate location (network-based)"
    ],
    "Photos/Media/Files": [
      "read the contents of your USB storage",
      "modify or delete the contents of your USB storage"
    ],
    "Storage": [
      "read the contents of your USB storage",
      "modify or delete the contents of your USB storage"
    ],
    "Wi-Fi connection information": [
      "view Wi-Fi connections"
    ],
    "Other": [
      "view network connections",
      "full network access",
      "prevent device from sleeping"
    ]
  },
  "rate": [
    [
      "21,949",
      "4.7"
    ],
    [
      "16,511",
      "5"
    ],
    [
      "4,031",
      "4"
    ],
    [
      "941",
      "3"
    ],
    [
      "150",
      "2"
    ],
    [
      "316",
      "1"
    ]
  ],
  "required_android": "4.0",
  "size": "12",
  "url": "https://play.google.com/store/apps/details?id=com.mindmill.pipes.loops.plumber.puzzle",
  "version": "1.8.10"
}