{
  "categories": [
    "Puzzle"
  ],
  "description": "Escape if you can from the garden by finding the clues carefully hidden. Earn more points by finding all the clues as soon as possible. If you are in trouble use the HELP button and try to follow that instructions.\u2022 Great Scenario\u2022 More puzzle to solve\u2022 Find Hidden Objects\u2022 Eye-catching GameWalktroughThe objective of this game to find all the six colored stones and apply in the cave's entrance near the hen.Get a knife from the top of the tree and tear the pink color ball to get a color code. Apply the color code on the tree above and get a colored stone.Take the hammer from the tree and hit the green colored box to get another colored stone.Open the hole in the tree to get a colored stone.Click the parrot to get a colored stone.Open the flower at the bottom to get another colored stone.Click the beetle on the right side and get a three digit code.Use the three digit code in the numbered box in the middle of the garden to get a brown pebble.Get another pebble from the right side hole in the tree.Get a pebble from the middle of the wheel.Open the footpath to get a pebble.Use all the four pebbles in the table on the left for a key. Use the key in the cave door to get a colored stone. Apply all the colored stones in the door near the hen for escaping. Good luck.!",
  "inc": "MWE Games",
  "intalled_count": "50,000",
  "last_update": [
    "November",
    "28",
    " 2016"
  ],
  "name": "Escape Egg House",
  "offered_by": "Google Commerce Ltd",
  "permissions": {
    "Other": [
      "view network connections",
      "full network access"
    ]
  },
  "rate": [
    [
      "397",
      "3.7"
    ],
    [
      "173",
      "5"
    ],
    [
      "85",
      "4"
    ],
    [
      "53",
      "3"
    ],
    [
      "23",
      "2"
    ],
    [
      "63",
      "1"
    ]
  ],
  "required_android": "2.3",
  "size": "15",
  "url": "https://play.google.com/store/apps/details?id=air.mwe.escapeegghouse",
  "version": "5.0.0"
}