{
  "categories": [
    "Casual"
  ],
  "description": "Oh don't you dream of having the most perfect and romantic honeymoon? Now that you have had your dream wedding, aren't you super excited for the honeymoon vacation? Come plan the most lovely & happy trip to Paris, Venice and Santorini! The best vacation of your lifetime!Product Features:- The blushing, beautiful bride will do a spa session with makeup and dress up!- Tons of beautiful dresses & accessories to mix and match!- Dress up your new husband too to match your beautiful honeymoon outfits!- 4 girl characters to choose from and 4 boys to match them with! Pick your favorite one!- Make everyone envious of your beautiful honeymoon fashion & the most romantic vacation ever! How to Play: - Use the touch screen to select different models. - Give each one spa treatments so they're as pretty as can be. - Cut, style and color their hair. - Change outfits until you find the perfect one!We want to hear your voice!Like us on Facebook: https://www.facebook.com/pages/Salon-My-Styling-Lounge/650573658373878Follow us on Twitter: https://twitter.com/SalonTMKnow more about Salon\u2122 on official website: http://www.salongirlgames.com/",
  "inc": "Salon\u2122",
  "intalled_count": "1,000,000",
  "last_update": [
    "January",
    "4",
    " 2017"
  ],
  "name": "Honeymoon Fashion Salon",
  "offered_by": "Google Commerce Ltd",
  "permissions": {
    "Location": [
      "approximate location (network-based)",
      "precise location (GPS and network-based)"
    ],
    "Phone": [
      "read phone status and identity"
    ],
    "Photos/Media/Files": [
      "read the contents of your USB storage",
      "modify or delete the contents of your USB storage"
    ],
    "Storage": [
      "read the contents of your USB storage",
      "modify or delete the contents of your USB storage"
    ],
    "Camera": [
      "take pictures and videos"
    ],
    "Wi-Fi connection information": [
      "view Wi-Fi connections"
    ],
    "Device ID & call information": [
      "read phone status and identity"
    ],
    "Other": [
      "receive data from Internet",
      "view network connections",
      "full network access",
      "prevent device from sleeping"
    ]
  },
  "rate": [
    [
      "13,848",
      "4.0"
    ],
    [
      "8,217",
      "5"
    ],
    [
      "1,589",
      "4"
    ],
    [
      "1,365",
      "3"
    ],
    [
      "822",
      "2"
    ],
    [
      "1,855",
      "1"
    ]
  ],
  "required_android": "4.0",
  "size": "53",
  "url": "https://play.google.com/store/apps/details?id=com.mystylinglounge.android_honeymoonmakeover",
  "version": "1.3"
}