{
  "categories": [
    "Puzzle"
  ],
  "description": "BLOCK x 3 is a simple, fun and relaxing puzzle game. The basics are easy. Solve the puzzles by getting 3 blocks of the same color in a row or column. Things get challenging however when multiple colors, moving blocks and various puzzle elements are introduced. If it gets too hard our dynamic hint system will help you by solving only some or all of the puzzle for you. Features: - Over 200 hand crafted puzzles and counting - Stylized minimalist design - Various Puzzle mechanics - Smooth and responsive interface - Hours of fun Reviews:7/10 - \"Really fun and challenging\" AppsZoom BLOCK x 3 (previously Block Block Block) - coming from Wegrass Interactive and Noodlecake Studios.",
  "inc": "Noodlecake Studios Inc",
  "intalled_count": "100,000",
  "last_update": [
    "December",
    "22",
    " 2014"
  ],
  "name": "BLOCK x 3",
  "offered_by": "Google Commerce Ltd",
  "permissions": {
    "Device & app history": [
      "retrieve running apps"
    ],
    "Photos/Media/Files": [
      "read the contents of your USB storage",
      "modify or delete the contents of your USB storage"
    ],
    "Storage": [
      "read the contents of your USB storage",
      "modify or delete the contents of your USB storage"
    ],
    "Wi-Fi connection information": [
      "view Wi-Fi connections"
    ],
    "Other": [
      "view network connections",
      "full network access",
      "control vibration"
    ]
  },
  "rate": [
    [
      "4,529",
      "3.9"
    ],
    [
      "2,079",
      "5"
    ],
    [
      "1,119",
      "4"
    ],
    [
      "647",
      "3"
    ],
    [
      "274",
      "2"
    ],
    [
      "410",
      "1"
    ]
  ],
  "required_android": "2.3.3",
  "size": "15",
  "url": "https://play.google.com/store/apps/details?id=com.noodlecake.blockblock",
  "version": "1.2"
}