{
  "categories": [
    "Puzzle"
  ],
  "description": "Become the greatest that ever was by solving all of the bubble puzzles on your Android device today!  Download Bubble Champion and enjoy hundreds of fun levels packed with awesome boosts and challenges. Match the colorful bubbles to pop large groups and clear the screen. Play today and discover amazing graphics, cool features and exciting bubble puzzles. Key Features: + Hundreds of exciting levels in a colorful setting!+ Addictive gameplay, fun for all ages to play and enjoy. + Classic and fun puzzle game. + Cool power-ups and boosts. + Play with family and friends and see who can reach the top score. + Free to play. + Fireball- pop 7 bubbles in a row to get a fireball that will burn every bubble on the way.+ Bomb- drop 10 bubbles or more to get a bomb that will take out surrounding bubbles. Can you pop them all and get 3 stars on each level? Match the colorful bubbles and win levels. Make combinations of 3 or more the same colored bubbles to pop them away! Make sure to plan ahead, and to form a strategy to clear all the bubbles and pop your way up to victory - The less moves you make to pass a level, the higher score you'll get. You will never get bored playing this awesome bubble crushing game, it\u2019s easy and super fun! Become the ultimate Bubble Champion today!All rights of Bubble Shooter\u2122 are owned by Ilyon Dynamics Ltd.",
  "inc": "Bubble Shooter Artworks",
  "intalled_count": "5,000,000",
  "last_update": [
    "June",
    "24",
    " 2018"
  ],
  "name": "Bubble Champion",
  "offered_by": "Google Commerce Ltd",
  "permissions": {
    "Wi-Fi connection information": [
      "view Wi-Fi connections"
    ],
    "Other": [
      "receive data from Internet",
      "view network connections",
      "full network access",
      "prevent device from sleeping"
    ]
  },
  "rate": [
    [
      "18,203",
      "4.4"
    ],
    [
      "11,664",
      "5"
    ],
    [
      "3,375",
      "4"
    ],
    [
      "2,286",
      "3"
    ],
    [
      "361",
      "2"
    ],
    [
      "517",
      "1"
    ]
  ],
  "required_android": "4.1",
  "size": "Varies with devic",
  "url": "https://play.google.com/store/apps/details?id=champion.bubble",
  "version": "1.8"
}