{
  "categories": [
    "Puzzle"
  ],
  "description": "Help a tiny robot stumble home through 50 puzzling mechanical dioramas.- Relaxing gameplay- Charming robots- Collectible level cards- Diorama maker- Small install sizePlay Mekorama for free for as long as you like. Then pay what you think it's worth. I hope you'll love it :)Kindly,Martin Magni",
  "inc": "Martin Magni",
  "intalled_count": "10,000,000",
  "last_update": [
    "May",
    "20",
    " 2016"
  ],
  "name": "Mekorama",
  "offered_by": "Google Commerce Ltd",
  "permissions": {
    "Photos/Media/Files": [
      "read the contents of your USB storage",
      "modify or delete the contents of your USB storage"
    ],
    "Storage": [
      "read the contents of your USB storage",
      "modify or delete the contents of your USB storage"
    ],
    "Other": [
      "view network connections",
      "full network access"
    ]
  },
  "rate": [
    [
      "246,712",
      "4.7"
    ],
    [
      "204,626",
      "5"
    ],
    [
      "27,259",
      "4"
    ],
    [
      "7,232",
      "3"
    ],
    [
      "2,118",
      "2"
    ],
    [
      "5,477",
      "1"
    ]
  ],
  "required_android": "2.3.3",
  "size": "5.2",
  "url": "https://play.google.com/store/apps/details?id=com.martinmagni.mekorama",
  "version": "1.1"
}