{
  "categories": [
    "Puzzle"
  ],
  "description": "New, polished, mind-bending, minimal puzzle game with dozens of levels and extra-ordinary design..Features: - Beautifully crafted minimal puzzle game - 77 mind bending levelsGet ready for the new puzzle experience..Optimized for human brainsFollow us:- https://www.facebook.com/MildManiaStudios- http://twitter.com/mildmaniastudio",
  "inc": "MildMania",
  "intalled_count": "1,000,000",
  "last_update": [
    "September",
    "12",
    " 2015"
  ],
  "name": "Rop",
  "offered_by": "Google Commerce Ltd",
  "permissions": {
    "Phone": [
      "read phone status and identity"
    ],
    "Photos/Media/Files": [
      "read the contents of your USB storage",
      "modify or delete the contents of your USB storage"
    ],
    "Storage": [
      "read the contents of your USB storage",
      "modify or delete the contents of your USB storage"
    ],
    "Wi-Fi connection information": [
      "view Wi-Fi connections"
    ],
    "Device ID & call information": [
      "read phone status and identity"
    ],
    "Other": [
      "view network connections",
      "full network access"
    ]
  },
  "rate": [
    [
      "27,014",
      "4.2"
    ],
    [
      "15,722",
      "5"
    ],
    [
      "5,835",
      "4"
    ],
    [
      "2,526",
      "3"
    ],
    [
      "1,113",
      "2"
    ],
    [
      "1,818",
      "1"
    ]
  ],
  "required_android": "2.3",
  "size": "12",
  "url": "https://play.google.com/store/apps/details?id=air.com.mildmania.rop",
  "version": "2.0"
}