{
  "categories": [
    "Puzzle"
  ],
  "description": "Easy rule but unlimited fun! \u201cBunny Pop\u201d is a funny & addictive bubble shooting game, you won\u2019t stop playing!Rescue the baby bunnies caught by the wicked wolves!HOW TO PLAY\u2022 Tap where you want to throw!\u2022 Match 3 or more bubbles of the same color to pop!\u2022 Special boosters & bubbles to help you pass those tricky levels.\u2022 Pop all bubbles with minimum shoots to win higher scores\u2022 Don't worry! No time limits!FEATURES\u2022 Shoot through bubbles!\u2022 TONS OF UNIQUE LEVELS- Over 200+ stages are unique and full of fun and amazing challenges!- Explore the beautiful world with Bunny!\u2022 EASY AND FUN PLAY- Easy to learn and fun to master gameplay\u2022 7 Day Events!- Play everyday, Get more rewards!\u2022 NO TIME LIMIT- Play it at anytime and anywhere!\u2022 NO WIFI? NO PROBLEM!- You can play offline in anytime.\u2022 STUNNING GRAPHICS- Soothing sounds and gorgeous visual effects\u2022 OPTIMIZED ANDROID & GOOGLE PLAY GAMES- Designed for tablets & phones.- Support both ARM & x86 DEVICES.NOTES\u2022 Bunny Pop contains the ads like banner, interstitial, video and house ads.\u2022 Bunny Pop is free to play, but you can purchase In-app items like  AD FREE and Coins.E-MAIL\u2022 help@bitmango.comHOMEPAGE\u2022 https://play.google.com/store/apps/dev?id=6249013288401661340Like us on FACEBOOK\u2022 https://www.facebook.com/BitMangoGamesTime to pop!Thank you!",
  "inc": "BitMango",
  "intalled_count": "10,000,000",
  "last_update": [
    "May",
    "23",
    " 2018"
  ],
  "name": "Bunny Pop",
  "offered_by": "Google Commerce Ltd",
  "permissions": {
    "Photos/Media/Files": [
      "read the contents of your USB storage",
      "modify or delete the contents of your USB storage"
    ],
    "Storage": [
      "read the contents of your USB storage",
      "modify or delete the contents of your USB storage"
    ],
    "Wi-Fi connection information": [
      "view Wi-Fi connections"
    ],
    "Other": [
      "receive data from Internet",
      "view network connections",
      "full network access",
      "prevent device from sleeping"
    ]
  },
  "rate": [
    [
      "101,193",
      "4.7"
    ],
    [
      "79,274",
      "5"
    ],
    [
      "14,402",
      "4"
    ],
    [
      "4,461",
      "3"
    ],
    [
      "960",
      "2"
    ],
    [
      "2,096",
      "1"
    ]
  ],
  "required_android": "4.1",
  "size": "Varies with devic",
  "url": "https://play.google.com/store/apps/details?id=com.bitmango.go.bunnypopbubble",
  "version": "1.2.32"
}