{
  "categories": [
    "Educational",
    "Brain Games"
  ],
  "description": "MentalUP Brain Games For Kids offers scientific & entertaining brain games. Develop your cognitive abilities and intelligence with \ud83d\udcaa brain booster exercises.Join the world's largest brain training app for kids with 60+ brain exercises to challenge 5 core cognitive learning skills.ADVANTAGES OF COGNITIVE BRAIN TRAINING FOR KIDSUsing MentalUP Brain Teasers regularly develops cognitive thinking skills:\u2714 Improve attention\u2714 Strengthen focusing and concentration\u2714 Improve memory and learning ability\u2714 Build up visual and linguistic skills\u2714 Develop problem solving and logic skillsMentalUP Brain Exercises for Kids helps to increase your intelligence and maximize your cognitive performance.KEY FEATURES OF MENTALUP BRAIN TEASERS FOR KIDS\u2022 Gamified & Scientific Brain Training Exercises: Challenge with 60+ entertaining brain booster exercises developed by scientists and game designers.\u2022 Personalized Daily Workouts: Automatically generated 20 minutes daily workout fulfils your needs.\u2022 Advanced Performance Reports: Track your mental development and compare your performance with friends and same age groups.BRAIN BOOSTER GAMES FOR KIDSEach brain training game that gets difficult in a controlled manner is intended to improve mental skills and increase intelligence of kids.Children who develop analytical thinking skills with brain teaser exercises, increase their school success. Playing educational games are the most entertaining mental development methods.Educational brain training games are frequently used materials in schools.ARE YOU READY TO TEST YOUR INTELLIGENCE?MentalUP Brain Teasers for Kids is a different intelligence test method to test your personal skills. In which areas you are best? With MentalUP, you can learn in which categories you are stronger or weaker.WHO ARE WE? We\u2019re a team consisting game designers, academicians and scientists exploring how to boost brain and put research for it.Get ready to have a fun experiment with MentalUP! \ud83d\ude09CONTACTVisit us - mentalup.coAsk us - info@mentalup.co",
  "inc": "Ayasis",
  "intalled_count": "1,000,000",
  "last_update": [
    "July",
    "31",
    " 2018"
  ],
  "name": "MentalUP \u2013 Brain Games",
  "offered_by": "Google Commerce Ltd",
  "permissions": {
    "Other": [
      "receive data from Internet",
      "view network connections",
      "delete all app cache data",
      "full network access",
      "prevent device from sleeping"
    ]
  },
  "rate": [
    [
      "28,981",
      "4.7"
    ],
    [
      "25,706",
      "5"
    ],
    [
      "1,506",
      "4"
    ],
    [
      "543",
      "3"
    ],
    [
      "169",
      "2"
    ],
    [
      "1,057",
      "1"
    ]
  ],
  "required_android": "4.4",
  "size": "35",
  "url": "https://play.google.com/store/apps/details?id=com.ayasis.mentalup",
  "version": "3.5.1"
}