{
  "categories": [
    "Casual",
    "Creativity"
  ],
  "description": "Budge Studios\u2122 presents Crayola Nail Party! Now you can create the ultimate manicure for yourself and your friends. Choose from a variety of fab nail polishes, patterns, glitter, stickers, and gems. You can even design your own nails!Features:\u2022 Create super stylish nail designs - even on your own hands!\u2022 Select your favorite nail polish from a variety of Crayola colors\u2022 Dissolve polish with the cotton ball if you make a mistake\u2022 Add trendy patterns and use the slider to change color and size\u2022 Glam up your designs with glitter, stickers, and gems\u2022 Have a photo shoot and share your creations with friends\u2022 Tablet compatibleABOUT BUDGE STUDIOS Budge Studios leads the industry by providing entertaining apps for kids through innovation and creativity. The company develops and publishes apps for smartphones and tablets played by millions of children worldwide featuring high profile properties such as Strawberry Shortcake, Chuggington, Dora the Explorer, SpongeBob SquarePants, and Minnie Mouse. Visit us: http://www.budgestudios.com Like us: http://facebook.com/budgestudios Follow us: @budgestudios Watch our app trailers: http://youtube.com/budgestudios HAVE QUESTIONS? We always welcome your questions, suggestions and comments. Contact us 24/7 at support@budgestudios.ca Before you download this game, please note that this app is free to play, but additional content may be available via in-app purchases. It also may contain advertising from Budge Studios Inc. regarding other apps we publish, and social media links that are only accessible behind a parental gate. Please note that this app gives users the ability to take and/or create photos in-app that can be saved locally to their devices. These photos are never shared with other users in-app, nor are they shared by Budge Studios with any unaffiliated third party companies.\u00a0BUDGE STUDIOS is a trademark of Budge Studios Inc.End User License Agreement : https://budgestudios.com/legal/eula/",
  "inc": "Budge Studios",
  "intalled_count": "10,000,000",
  "last_update": [
    "January",
    "13",
    " 2015"
  ],
  "name": "Crayola Nail Party: Nail Salon",
  "offered_by": "Google Commerce Ltd",
  "permissions": {
    "SMS": [
      "receive text messages (SMS)",
      "send SMS messages"
    ],
    "Phone": [
      "read phone status and identity"
    ],
    "Photos/Media/Files": [
      "read the contents of your USB storage",
      "modify or delete the contents of your USB storage"
    ],
    "Storage": [
      "read the contents of your USB storage",
      "modify or delete the contents of your USB storage"
    ],
    "Camera": [
      "take pictures and videos"
    ],
    "Wi-Fi connection information": [
      "view Wi-Fi connections"
    ],
    "Device ID & call information": [
      "read phone status and identity"
    ],
    "Other": [
      "view network connections",
      "full network access",
      "prevent device from sleeping",
      "Google Play license check"
    ]
  },
  "rate": [
    [
      "82,985",
      "3.6"
    ],
    [
      "42,012",
      "5"
    ],
    [
      "7,851",
      "4"
    ],
    [
      "8,355",
      "3"
    ],
    [
      "6,313",
      "2"
    ],
    [
      "18,454",
      "1"
    ]
  ],
  "required_android": "2.3",
  "size": "9.9",
  "url": "https://play.google.com/store/apps/details?id=com.budgestudios.CrayolaNailParty",
  "version": "1.2"
}