{
  "categories": [
    "Educational",
    "Education"
  ],
  "description": "\u2605\u2605\u2605\u2605\u2605 Kids Preschool and kindergarten Learning Games free - All-in-one \u2605\u2605\u2605\u2605\u2605\u2605\u2605\u2605\u2605\u2605 Turn your smart phone or tablet into a fun toy phone for your kid \u2605\u2605\u2605\u2605\u2605\u2605 Includes 25 basic kids games with interactive, helpful voice narrating, colorful graphics, and great sound effects to help your kids learn alphabets, spelling, numbers, colors, shapes including animals and fruits with HD flash cards\u2605 Toddlers can practice the basics of ABCs (letters) and the Numbers (1-10) using this app (games). Educational games increases child skills & interest in learning new things using the phone or tablet in a fun way\u2605 Preschool baby games are fun educational games to improve child memory and offers free learning games for kids\u2605 kids learning games act as brain trainer & draw their attention to practice the spellings of Alphabets (letters), Numbers (123), Colors, Animal name, Fruits and Shapes and improve kids memory skills.\u2605 Identification of shapes and Colors in the game paintbox and the jungle Animals is made easy and fun as they are displayed in a more fun colorful & magic way.ADVANTAGES:\u2605 Kids Preschool Learning Games will improve kids memory skills & a great mode of education for toddlers entering kindergarten (2,3,4 age)\u2605 Educational games develop the concentration of kindergarten kids even before they complete their toilet training\u2605 Kids pre k baby phone game will help to recognize digits and counting of numbers ( 123 ) 0,1,2,3,4,5,6,7,8,9,10\u2605 The balloon pop number game 123s is smart fun for the junior play\u2605 Baby phone game help with the Vocabulary Builder of letters of alphabet & improve memory.\u2605 Coloring fun help identify the Colors before they read books or ride school bus. Best Coloring book app\u2605 Pre-K educational (All in one) app with toca barnyard HD graphic images.\u2605 Connect dots with balloon pop game is easy to use and perfect kids games\u2605 Baby educational games that will keep your preschool and kindergarten age kids train while children (toddlers) are learning wheels on the bus phonics\u2605 Kids Preschool Educational Memory puzzle brain trainer is designed as an educational tool by experts for preschool toddlers\u2605 Memory puzzle English Game user interface is simple and fun with clear images for Alphabet (letters), Numbers (123), Colors, Animals, Fruits and Shapes\u2605 Baby phone game will help your kid's memory training and puzzle solving FEATURES:\u2605 Balloon pop Game: This game is designed to teach number counting ( 123.. ). It includes number counting 0,1,2,3,4,5,6,7,8,9,10. Kids will love the balloon sound when they click to connect, count and want to play this cute & fun game with the number song! Great for toddlers, as baby games or games for 3 year olds and games for 4 year olds\u2605 learn the alphabet game: Your kid will be busy and entertained with these colorful endless alphabets in the ABC Playground, enjoy alphabet song. Preschool Memory Game is designed to learn sequence alphabetical letters with HD Flash cards. Perfect games for 4 year olds\u2605 Learning colors for kids!!! : Your kid will be busy and entertained with identify same color match puzzle game. Choose the correct paint color & learn to draw coloring book fun game\u2605 Shape builder kindergarten preschool game: identify same shapes puzzle & improve their memory & skills in memory matching game (same to same). Perfect playkids games for 5 year olds\u2605 Baby home adventure kids game with jungle animals (flash cards): Tiger, panda, Owl, cow, birds, elephant, Rhino, monkey, pig, mouse, puppy and many more. Perfect games for 3 year olds\u2605 Learn fruits name in the peepa kids app:  enjoy barnyard playground kids learn educational games while matching objects. Perfect games for 3 year oldsThis holiday season & thanksgiving present your boys and girls a kids games kit as perfect gift for junior play to Learn Alphabet & Numbers and be a little Sesame street Math genius and abcs master",
  "inc": "GunjanApps Studios",
  "intalled_count": "1,000,000",
  "last_update": [
    "June",
    "28",
    " 2018"
  ],
  "name": "Kids Preschool Learning Games",
  "offered_by": "Google Commerce Ltd",
  "permissions": {
    "Phone": [
      "read phone status and identity"
    ],
    "Photos/Media/Files": [
      "read the contents of your USB storage",
      "modify or delete the contents of your USB storage"
    ],
    "Storage": [
      "read the contents of your USB storage",
      "modify or delete the contents of your USB storage"
    ],
    "Device ID & call information": [
      "read phone status and identity"
    ],
    "Other": [
      "receive data from Internet",
      "view network connections",
      "full network access",
      "prevent device from sleeping"
    ]
  },
  "rate": [
    [
      "4,511",
      "4.5"
    ],
    [
      "3,151",
      "5"
    ],
    [
      "914",
      "4"
    ],
    [
      "265",
      "3"
    ],
    [
      "64",
      "2"
    ],
    [
      "117",
      "1"
    ]
  ],
  "required_android": "Varies with",
  "size": "Varies with devic",
  "url": "https://play.google.com/store/apps/details?id=com.kids.preschool.learning.games",
  "version": "Varies with device"
}