{
  "categories": [
    "Educational",
    "Pretend Play"
  ],
  "description": "- Play games, solve puzzles, dress up characters, watch videos and collect stickers - Perfect for pre-schoolers and Disney Junior fans- Featuring Mickey Mouse Clubhouse, Sofia the First, Doc McStuffins and The Lion GuardWelcome to the magical world of Disney Junior Play featuring your favourite Disney Junior characters all in one place! Loads of exciting games, puzzles, sing along videos, dress-up fun and sticker book scenes. The 'Disney Junior Favourites' pack is FREE with download and features four games and a sticker book. To add more content, purchase packs themed from their favourite shows within the app.- Mickey Mouse Clubhouse- The Lion Guard- Doc McStuffins- Sofia the First- Miles from Tomorrow:- Mickey and the Roadster Racers- Sheriff Callie - Jake and the Neverland Pirates Key features: - 20+ games available, including;    - Jigsaw puzzles to encourage problem solving     - Catching games to reward fast fingers     - Dress-up games to inspire imaginative play     - Placement games to encourage logical thinking     - Hide-and-seek games to reward observation skills - Three levels in each game - 25 digital stickers to collect in each pack - Catchy videos to watch again and again! - Supports up to four profiles, so each of your children can save their progress - Play anywhere, any time as all content works offline, including videos - No adverts so your child can play safely - In-app purchases are only available in the pin-protected store, so only an adult can access ********************************************************** Watch the app trailer here: http://www.youtube.com/DisneyJuniorUK Never miss an app update. Follow Disney Junior on Facebook here: https://www.facebook.com/disneyjunioruk **********************************************************The magic is in your hands, with Disney Junior Play. **********************************************************To download and save content from the app to your device, this app needs access to storage. Please allow access storage through Application Manager.This app can use the camera to let you upload photos and become part of the fun!**********************************************************Privacy Policy: https://disneyprivacycenter.com/privacy-policy-translations/english/Terms of Use: https://disneytermsofuse.com/english/",
  "inc": "Disney",
  "intalled_count": "10,000,000",
  "last_update": [
    "February",
    "26",
    " 2018"
  ],
  "name": "Disney Junior Play",
  "offered_by": "Google Commerce Ltd",
  "permissions": {
    "Photos/Media/Files": [
      "read the contents of your USB storage",
      "modify or delete the contents of your USB storage"
    ],
    "Storage": [
      "read the contents of your USB storage",
      "modify or delete the contents of your USB storage"
    ],
    "Camera": [
      "take pictures and videos"
    ],
    "Wi-Fi connection information": [
      "view Wi-Fi connections"
    ],
    "Other": [
      "view network connections",
      "full network access",
      "read sync settings",
      "control vibration",
      "prevent device from sleeping",
      "modify system settings",
      "toggle sync on and off"
    ]
  },
  "rate": [
    [
      "71,218",
      "3.7"
    ],
    [
      "38,906",
      "5"
    ],
    [
      "7,576",
      "4"
    ],
    [
      "6,358",
      "3"
    ],
    [
      "4,625",
      "2"
    ],
    [
      "13,753",
      "1"
    ]
  ],
  "required_android": "4.2",
  "size": "38",
  "url": "https://play.google.com/store/apps/details?id=com.disney.disneyjuniorplay_goo",
  "version": "1.4.0"
}