{
  "categories": [
    "Puzzle"
  ],
  "description": "\ud83c\udf87 Marble - Temple Quest  is a type of Marble shooter games, where you have to marble shoot rows of colorful marble lines to eliminate them. The marbles classic, the balls or marbles will come in the  Temple quest  and you have to aim your marble shooter carefully to create match three marbles of the same colors. \ud83c\udf87\ud83c\udf87 Game Features: \ud83c\udf87\ud83c\udf87\ud83d\udca3 Two game modes and 100+ challenging levels.\ud83d\udca3 Many secret maps to make the marble shooting game more addictive.\ud83d\udca3 6+ magic props: Back, Pause, Magic, Lighting, Bomb, Colorful.\ud83d\udca3 Marbles classic more, adventure mode and challenge mode.\ud83d\udca3 Easy to learn but difficult to master the game. \ud83c\udf87 How to play: \ud83c\udf871. Touch the screen where you want to shoot. 2. Match 3 or more same marbles to eliminate them. Destroy all the marble lines in the chain before it hits the end.3. Marble shooting more combos and marble shooter chains to get the highest score, try to get three stars in each level in marble games! \ud83c\udf87 Tips: \ud83c\udf87\ud83d\udca3 By swap the marble lines can eliminate easier.\ud83d\udca3 Marble shooting boom to increase your score. \ud83c\udf87 Marble - Temple Quest  is inspired by the temple quest. Accuracy, fast thinking, and reflex are all important to win this  Marble shoot  game. Depending on the marble games mode, you will need to achieve different targets! Play  Marble - Temple Quest , marbles classic games for free! Train your brain and get in on the marble shoot game action as you marble shooting online, offline - anytime! Let's begin the fantastic adventure on the marble games. \ud83c\udf87 Contact with us:  nctappsmix@gmail.com\ud83d\udca3 Download now ! Marble - Temple Quest - a classic and  really addictive game.",
  "inc": "Jungle Adventure",
  "intalled_count": "10,000,000",
  "last_update": [
    "June",
    "21",
    " 2018"
  ],
  "name": "Marble - Temple Quest",
  "offered_by": "Google Commerce Ltd",
  "permissions": {
    "Photos/Media/Files": [
      "read the contents of your USB storage",
      "modify or delete the contents of your USB storage"
    ],
    "Storage": [
      "read the contents of your USB storage",
      "modify or delete the contents of your USB storage"
    ],
    "Wi-Fi connection information": [
      "view Wi-Fi connections"
    ],
    "Other": [
      "receive data from Internet",
      "view network connections",
      "full network access",
      "prevent device from sleeping"
    ]
  },
  "rate": [
    [
      "41,769",
      "4.3"
    ],
    [
      "26,225",
      "5"
    ],
    [
      "7,216",
      "4"
    ],
    [
      "5,497",
      "3"
    ],
    [
      "1,007",
      "2"
    ],
    [
      "1,824",
      "1"
    ]
  ],
  "required_android": "4.0.3",
  "size": "24",
  "url": "https://play.google.com/store/apps/details?id=marble.temple.quest.legend",
  "version": "4.9"
}