{
  "categories": [
    "Casual"
  ],
  "description": "Cheerleader girls get all the best fashions in the school. Help these sports girls dress for success in your very own fashion salon! Choose from amazing outfits to dress these girls in, something cute and sexy they can dance in at the next sports game. Don't forget the makeup!When a new school day begins, these girls need to look their best for the upcoming dance. Choose from amazing sports dresses and designs that are perfect for wearing in school and at home. Dress the girls in their best outfits so they can dance the night away. Give them the perfect makeup, too, so they're the most beautiful girls in school. It isn't easy being a cheerleader, but with your help, you can give these girls a little dance fashion boost!Features:- Dress cheerleader girls in amazing sports fashions.- Apply makeup and choose from different outfits.- Dance school won't be the same after these makeovers are complete!- A fun dress up game that's perfect for girls of all ages!How to Play:- Use the touch screen to select a girl to give a makeover to.- Dress each cheerleader in a new sports outfit.- Add makeup and send her back to school!We want to hear your voice!Like us on Facebook: https://www.facebook.com/pages/Salon-My-Styling-Lounge/650573658373878Follow us on Twitter: https://twitter.com/SalonTMKnow more about Salon\u2122 on official website: http://www.salongirlgames.com/",
  "inc": "Salon\u2122",
  "intalled_count": "1,000,000",
  "last_update": [
    "January",
    "5",
    " 2017"
  ],
  "name": "Cheerleader Girls Football Fan",
  "offered_by": "Google Commerce Ltd",
  "permissions": {
    "Location": [
      "approximate location (network-based)",
      "precise location (GPS and network-based)"
    ],
    "Photos/Media/Files": [
      "read the contents of your USB storage",
      "modify or delete the contents of your USB storage"
    ],
    "Storage": [
      "read the contents of your USB storage",
      "modify or delete the contents of your USB storage"
    ],
    "Camera": [
      "take pictures and videos"
    ],
    "Wi-Fi connection information": [
      "view Wi-Fi connections"
    ],
    "Other": [
      "receive data from Internet",
      "view network connections",
      "full network access",
      "prevent device from sleeping"
    ]
  },
  "rate": [
    [
      "12,916",
      "3.9"
    ],
    [
      "7,677",
      "5"
    ],
    [
      "1,341",
      "4"
    ],
    [
      "1,079",
      "3"
    ],
    [
      "858",
      "2"
    ],
    [
      "1,961",
      "1"
    ]
  ],
  "required_android": "4.0",
  "size": "48",
  "url": "https://play.google.com/store/apps/details?id=com.mystylinglounge.android_cherrleadersalon",
  "version": "1.5"
}