{
  "categories": [
    "Word"
  ],
  "description": "WORD SEARCH IN ENGLISH:Welcome to the best auto-generated word search application for Android:The Word Search of AppDrac is ideal for hours of entertainment and train our mind. It is suitable for both adults and children, since the game includes topics as \"Kids\", created especially for them.1.- Word search has 7 items to choose from:\u00a0\u00a0\u00a0\u00a0\u00a0- Animals\u00a0\u00a0\u00a0\u00a0\u00a0- Countries of the World\u00a0\u00a0\u00a0\u00a0\u00a0- Cities of the World\u00a0\u00a0\u00a0\u00a0\u00a0- American presidents\u00a0\u00a0\u00a0\u00a0\u00a0- Historical figures\u00a0\u00a0\u00a0\u00a0\u00a0- Kids     - Trademarks2.- Word search has three levels of difficulty:\u00a0\u00a0\u00a0\u00a0\u00a0- Easy\u00a0\u00a0\u00a0\u00a0\u00a0- Medium\u00a0\u00a0\u00a0\u00a0\u00a0- Difficult3.- Word search has two game modes:\u00a0\u00a0\u00a0\u00a0\u00a0- List of words (words to find the slopes shown)\u00a0\u00a0\u00a0\u00a0\u00a0- Remaining number of words (the number of words to find earrings shown)4.- Has two methods of self-generation:\u00a0\u00a0\u00a0\u00a0\u00a0- The maximum number possible (the board is filled with the maximum number of words)\u00a0\u00a0\u00a0\u00a0\u00a0- Limited (the board is filled with a number proportional to the size of the words)5.- Is available in many languages:\u00a0\u00a0\u00a0\u00a0\u00a0- Catalan\u00a0\u00a0\u00a0\u00a0\u00a0- Spanish\u00a0\u00a0\u00a0\u00a0\u00a0- English\u00a0\u00a0\u00a0\u00a0\u00a0- Italian\u00a0\u00a0\u00a0\u00a0\u00a0- French\u00a0\u00a0\u00a0\u00a0\u00a0- PortugueseTHE GAME: WORD SEARCHThe board fits the screen size and ..... and you can play.Gameplay is very simple; because they are hidden words in a grid of cells filled with letters.All you have to do is search for a word, and when you find one, mark it with the finger from the first letter to the last. By doing so, if the word is correct it will be marked with a distinctive color and you'll can search the nextThe palindrome words, that is, which is also read from right to left and left to right, starting can be labeled either ends.NOTE: Sometimes are generated at random, unexpected words; especially if they are very short (2 or 3 letters); on these occasions, if the word appears in the dictionary of the topic, when you mark the word, this is added to the list of words and is marked with a distinctive colour.SCOREComplete the game, calculates your score and stores your best times.INFINITE GAMEAlso, if you can not finish the game, do not worry, when you get back can choose to start a new game or continue the game as you left it.ABOUT NOTYX GAMES:Word Search application is a completely free product that you can download and play without any restrictions.2014 AppDrac - NotyxGames (Notyx Games)",
  "inc": "AppDrac",
  "intalled_count": "50,000,000",
  "last_update": [
    "May",
    "24",
    " 2018"
  ],
  "name": "Word search",
  "offered_by": "Google Commerce Ltd",
  "permissions": {
    "Wi-Fi connection information": [
      "view Wi-Fi connections"
    ],
    "Other": [
      "view network connections",
      "full network access"
    ]
  },
  "rate": [
    [
      "632,718",
      "4.1"
    ],
    [
      "350,407",
      "5"
    ],
    [
      "129,333",
      "4"
    ],
    [
      "69,573",
      "3"
    ],
    [
      "33,888",
      "2"
    ],
    [
      "49,517",
      "1"
    ]
  ],
  "required_android": "2.3",
  "size": "2.2",
  "url": "https://play.google.com/store/apps/details?id=com.quelaba.sopaletras",
  "version": "2.3b"
}