{
  "categories": [
    "Puzzle"
  ],
  "description": "Lines \u2013 Physics Drawing Puzzle is a new Zen puzzle published by the creators of Puzzlerama and Mazes & More. Challenge your brain, draw, cut and erase to find the solution to the 250+ smart levels. Relax, unwind and let the color flow into the labyrinth of lines, in a Zen experience that will let your mind flow free and antistress. Some levels have a perfect symmetry, other are a maze of lines. Can you master all of them? No pencil needed!How to play Lines \u2013 Physics Drawing PuzzleDepending on the level, you will need to tap to place a dot over a line, erase and opponent\u00b4s dot, cut or draw lines. Then watch the colors unfold and flow!Lines \u2013 Physics Drawing Puzzle key features include:- 5 different modes: Point, Erase, Cut, Draw and Mix- Daily Challenges- 26 achievements to unlock-250 smart levels- Use your brain and logics to find the solutions- Bronze, Silver and Gold medals for each level.- Infinite fun!Point ModeTap over a line to place a dot. Be smart and choose and strategic and logic position for the dots. Sometimes you need to place one, other two dots.Eraser ModeTap over an opponent\u00b4s dot to erase it. Draw ModeDraw a line with your fingers to connect lines to your advantage. Use your brain!Cut Mode Cut a line to stop the flow of your opponent\u00b4s color. Hope you all guys enjoy Lines \u2013 Physics Drawing Puzzle! Created by our Dutch friends from Gamious!",
  "inc": "Leo De Sol Games",
  "intalled_count": "1,000,000",
  "last_update": [
    "August",
    "2",
    " 2018"
  ],
  "name": "Lines - Physics Drawing Puzzle",
  "offered_by": "Google Commerce Ltd",
  "permissions": {
    "Other": [
      "receive data from Internet",
      "view network connections",
      "full network access",
      "prevent device from sleeping"
    ]
  },
  "rate": [
    [
      "58,074",
      "4.7"
    ],
    [
      "45,784",
      "5"
    ],
    [
      "9,076",
      "4"
    ],
    [
      "1,742",
      "3"
    ],
    [
      "426",
      "2"
    ],
    [
      "1,046",
      "1"
    ]
  ],
  "required_android": "4.0",
  "size": "56",
  "url": "https://play.google.com/store/apps/details?id=com.leodesol.games.linesthegame",
  "version": "1.1.5"
}