{
  "categories": [
    "Music"
  ],
  "description": "ARE YOU READY TO ROCK? Do you have what it takes to be A REAL ROCKSTAR? Then keep TUNED and prove it! In this EPIC game you will click yourself to the TOP! Be famous! Be glorious! Be rich! Live the dream of the SUPERSTARS and conquer the world!Click to start rocking out in GIGS and play many different songs! Click to improve your music instruments, to discover new ones and to add members to your AWESOME BAND! Play the ukulele, the drums, the electric guitar and bass and so much more! Click to have millions of crazy fans!HIGHLIGHTS\u2022 You\u2019ll start playing at the street\u2026 Click and go to bars, parties and incredible venues!\u2022 Improve your BAND: add roadies, new instruments and members: from the second acoustic guitar player to the lead SINGER!\u2022 Get more instruments and mysterious objects from your idols!\u2022 Have the unique MOSH experience! Embrace your audience and make even more money out of it!It\u2019s a long way to the top if you wanna be a rockstar! Come, play and become one!Please note! This game is free to play, but it contains items that can be purchased for real money. Some features and extras mentioned in the description may also have to be purchased for real money.",
  "inc": "Tapps Games",
  "intalled_count": "500,000",
  "last_update": [
    "May",
    "29",
    " 2018"
  ],
  "name": "Epic Band Clicker - Rock Star Music Game",
  "offered_by": "Google Commerce Ltd",
  "permissions": {
    "Photos/Media/Files": [
      "read the contents of your USB storage",
      "modify or delete the contents of your USB storage"
    ],
    "Storage": [
      "read the contents of your USB storage",
      "modify or delete the contents of your USB storage"
    ],
    "Other": [
      "receive data from Internet",
      "view network connections",
      "full network access",
      "control vibration",
      "prevent device from sleeping",
      "read Google service configuration"
    ]
  },
  "rate": [
    [
      "7,080",
      "4.5"
    ],
    [
      "5,267",
      "5"
    ],
    [
      "847",
      "4"
    ],
    [
      "414",
      "3"
    ],
    [
      "155",
      "2"
    ],
    [
      "397",
      "1"
    ]
  ],
  "required_android": "4.1",
  "size": "35",
  "url": "https://play.google.com/store/apps/details?id=br.com.tapps.epicbandclicker",
  "version": "1.0.4"
}