{
  "categories": [
    "Puzzle"
  ],
  "description": "\u2605 PopStar Once you pop, you can't stop!  Tap on two or more adjacent blocks to destroy them. An exciting game with cool Effects. PopStar is a good choice to kill time and training brain.\u2605PopStar features- Auto Save game level\u2605 How to play this puzzle:   - Just tap two or more blocks of the same color popping.  - There is no time limit, but each stage has target points to proceed to next stage\u2605 Tips on Scoring: - The more blocks you popping, the more score you will get. - Try to clear all blocks, you will get a lot of bonus!",
  "inc": "BLI Studios",
  "intalled_count": "1,000,000",
  "last_update": [
    "August",
    "19",
    " 2016"
  ],
  "name": "PopStar",
  "offered_by": "Google Commerce Ltd",
  "permissions": {
    "Photos/Media/Files": [
      "read the contents of your USB storage",
      "modify or delete the contents of your USB storage"
    ],
    "Storage": [
      "read the contents of your USB storage",
      "modify or delete the contents of your USB storage"
    ],
    "Other": [
      "view network connections",
      "full network access",
      "prevent device from sleeping"
    ]
  },
  "rate": [
    [
      "8,622",
      "4.4"
    ],
    [
      "6,197",
      "5"
    ],
    [
      "1,043",
      "4"
    ],
    [
      "676",
      "3"
    ],
    [
      "246",
      "2"
    ],
    [
      "460",
      "1"
    ]
  ],
  "required_android": "2.3",
  "size": "4.0",
  "url": "https://play.google.com/store/apps/details?id=com.stevenjou.popstar",
  "version": "1.1.3"
}