{
  "categories": [
    "Casual"
  ],
  "description": "The Force is strong with this one. Get ready for Angry Birds Star Wars II \u2013 the epic follow-up to the #1 smash hit game! Based on the Star Wars movie prequels, use the Force for good against the greedy Pork Federation or choose a much darker path. That\u2019s right; for the first time ever you can \u201cJoin the Pork Side\u201d and play as the fearsome Darth Maul, Emperor Palpatine and many other favorites!JOIN THE PORK SIDE! For the first time ever play as the pigs! Wield Darth Maul\u2019s double-bladed Lightsaber, or play as Darth Vader, General Grievous and other villains!30+ PLAYABLE CHARACTERS! Our biggest line-up ever of playable characters \u2013 Yoda, pod-racing Anakin, Mace Windu, Jango Fett and many more!TELEPODS! A groundbreaking new way to play! Now teleport your favorite characters into the game by placing your Angry Birds Star Wars Telepods* figures on your device\u2019s camera! BECOME A JEDI OR SITH MASTER! So many Bird and Pork Side levels to master, plus a bonus reward chapter and a ton of achievements to unlock!SWAP CHARACTERS AS YOU PLAY! Switch characters in the slingshot at any time \u2013 yours to earn or purchase!Angry Birds Star Wars II also supports tablet devices, so you can unleash the Force on the big screen. May the birds be with you!This free version of Angry Birds Star Wars II is ad-supported.*Availability varies by country. Angry Birds Star Wars Telepods sold separately and are compatible with select mobile devices. Terms of Use: http://www.rovio.com/terms-of-servicePrivacy Policy: http://www.rovio.com/privacy Important Message for ParentsThis game may include:- Direct links to social networking websites that are intended for an audience over the age of 13.- Direct links to the internet that can take players away from the game with the potential to browse any web page.- Advertising of Rovio products and also products from select partners.- The option to make in-app purchases. The bill payer should always be consulted beforehand.",
  "inc": "Rovio Entertainment Corporation",
  "intalled_count": "50,000,000",
  "last_update": [
    "May",
    "23",
    " 2018"
  ],
  "name": "Angry Birds Star Wars II Free",
  "offered_by": "Google Commerce Ltd",
  "permissions": {
    "Identity": [
      "find accounts on the device"
    ],
    "Contacts": [
      "find accounts on the device"
    ],
    "Photos/Media/Files": [
      "read the contents of your USB storage",
      "modify or delete the contents of your USB storage"
    ],
    "Storage": [
      "read the contents of your USB storage",
      "modify or delete the contents of your USB storage"
    ],
    "Camera": [
      "take pictures and videos"
    ],
    "Other": [
      "receive data from Internet",
      "view network connections",
      "full network access",
      "prevent device from sleeping"
    ]
  },
  "rate": [
    [
      "1,251,656",
      "4.3"
    ],
    [
      "857,448",
      "5"
    ],
    [
      "171,414",
      "4"
    ],
    [
      "84,859",
      "3"
    ],
    [
      "46,929",
      "2"
    ],
    [
      "91,006",
      "1"
    ]
  ],
  "required_android": "4.1",
  "size": "51",
  "url": "https://play.google.com/store/apps/details?id=com.rovio.angrybirdsstarwarsii.ads",
  "version": "1.9.23"
}