{
  "categories": [
    "Casual"
  ],
  "description": "Welcome to the world of candy sweet, these colorful candy sweet. Candy, candy everywhereCandy Sweet is a very addictive match-three game! Candy sweet is a brand new and amazing casual game!Match three or more same candy to make them boom, crush them! Reach the target score or collect candy to move to the next level.There are many special candy when you get comboWith adventure mode, gravity will be random to change direction when candy dropSolve all the puzzles and try to get three stars in each level! Level will be update more, so don't worry :)Let's play candy sweet, come to world of candy sweet with your friends",
  "inc": "OneWingGame",
  "intalled_count": "1,000,000",
  "last_update": [
    "May",
    "17",
    " 2017"
  ],
  "name": "Candy Sweet",
  "offered_by": "Google Commerce Ltd",
  "permissions": {
    "Other": [
      "view network connections",
      "full network access"
    ]
  },
  "rate": [
    [
      "14,369",
      "4.0"
    ],
    [
      "7,338",
      "5"
    ],
    [
      "2,766",
      "4"
    ],
    [
      "1,968",
      "3"
    ],
    [
      "859",
      "2"
    ],
    [
      "1,438",
      "1"
    ]
  ],
  "required_android": "2.3",
  "size": "20",
  "url": "https://play.google.com/store/apps/details?id=com.onewinggame.candysweet",
  "version": "2.0.1"
}