{
  "categories": [
    "Puzzle"
  ],
  "description": "Version 2 of LINE's most bubblicious casual puzzle game is here! It's Bubble 2! Enjoy exciting gameplay together with LINE's Brown and Cony, as you toss bubbles around to solve puzzles!Brown, where are you?!Brown is missing and Cony is off on a journey to find him.But before she knows it, she's swept up by a strange red dragon and whisked off to a mysterious land!Just where is Cony headed to? And will she be able to rescue Brown?\u25c6 About BUBBLE 2- Have fun tossing bubbles around!- Who says puzzle games have to be difficult? This ain't so tough!   Just point and shoot the bubbles where you want them to go!- Countless stages full of fun!   More and more beautiful stages than LINE Bubble!- Different obstacles in every Episode- New challenges and dangerous bosses await Cony at every turn!\u25c6 How to Play- Connect 3 or more matching bubbles together to pop them!- Put together combos to earn special bomb bubbles!    The longer your combo, the more powerful the bomb!- Take on challenging missions at every stage!This is one bubble puzzle game you can't be without!Enjoy LINE Bubble 2 anywhere, anytime!Play LINE Bubble 2 together with friends for even more fun!",
  "inc": "LINE Corporation",
  "intalled_count": "10,000,000",
  "last_update": [
    "June",
    "18",
    " 2018"
  ],
  "name": "LINE Bubble 2",
  "offered_by": "Google Commerce Ltd",
  "permissions": {
    "Device & app history": [
      "retrieve running apps"
    ],
    "Identity": [
      "find accounts on the device"
    ],
    "Contacts": [
      "find accounts on the device"
    ],
    "Phone": [
      "read phone status and identity"
    ],
    "Photos/Media/Files": [
      "access USB storage filesystem",
      "read the contents of your USB storage",
      "modify or delete the contents of your USB storage"
    ],
    "Storage": [
      "read the contents of your USB storage",
      "modify or delete the contents of your USB storage"
    ],
    "Wi-Fi connection information": [
      "view Wi-Fi connections"
    ],
    "Device ID & call information": [
      "read phone status and identity"
    ],
    "Other": [
      "receive data from Internet",
      "view network connections",
      "disable your screen lock",
      "full network access",
      "close other apps",
      "run at startup",
      "control vibration",
      "prevent device from sleeping"
    ]
  },
  "rate": [
    [
      "561,254",
      "4.2"
    ],
    [
      "309,239",
      "5"
    ],
    [
      "138,085",
      "4"
    ],
    [
      "71,081",
      "3"
    ],
    [
      "15,814",
      "2"
    ],
    [
      "27,035",
      "1"
    ]
  ],
  "required_android": "4.0",
  "size": "42",
  "url": "https://play.google.com/store/apps/details?id=com.linecorp.LGBB2",
  "version": "2.1.0.34"
}