{
  "categories": [
    "Puzzle"
  ],
  "description": "Are you tired of plain and mindless bubble games? Well it's time to get excited with Bubble Pirates - the best bubble games out there!   Best free mobile games download for Android. Great games for kids and games with friends.Bubble Pirates is a free bubble game that is bursting with its own unique and exciting twists and has a bello and captivating storyline. Have three times the fun in challenge bubble game mode, where you can do bubble dash boss battles with bubble shooter, bubble rush against time, and see how many bubble levels you can complete!In bubble adventure mode, together, we can help Pirate Alice progress through the bubble game levels with bubble shooter, defeat the bad buccaneers and save all of the bubble island sea creatures of the exotic Caribbean dreamworld. Features:\u2022\tAmazing bubble game settings, awesome graphics and deluxe sound.\u2022\tBubble shooter campaign is easy to follow and will take you on a twisting adventures full of bubble game excitements\u2022\tNew bubble game features such as bubble trouble boss fights and a moving screen\u2022\tTwo bubble game modes: story bubble jewels and bubble level challenge\u2022\tBubble Pirates has 500+ pop levels that are well designed and will test all of your bubble shooter skills.  \u2022\tThere are extra amazing epic power ups that can help you on your bubble game journey to defeat the evil bubble witch pirates. \u2022\tUnlock unique bubble game abilities to help you rip through the levels.\u2022\tEasy to bubble run learn but hard to master the bubble shooter skill\u2022\tShovel coins, trophy and gems in silo along your bobble adventure\u2022\tKid family friendly for witch bubble.We believes in the qualities of our new bubble games. Please feel welcomed to leave a review for our free bubble games download free for mobile.This bubble shooter game includes in-app purchases. If you do not wish to purchase anything please setup password protection for purchases in the settings of your google play store app.Thank you everyone for playing Bubble Pirates, one of the best bubble game from AE Mobile gives you the best bubble shooter experience and bubble pop adventure.Bubble games that don't need wifi and play offline without internet.",
  "inc": "AE Mobile Limited",
  "intalled_count": "1,000,000",
  "last_update": [
    "May",
    "2",
    " 2018"
  ],
  "name": "Bubble Pirates :Bubble Shooter",
  "offered_by": "Google Commerce Ltd",
  "permissions": {
    "Phone": [
      "read phone status and identity"
    ],
    "Photos/Media/Files": [
      "access USB storage filesystem",
      "read the contents of your USB storage",
      "modify or delete the contents of your USB storage"
    ],
    "Storage": [
      "read the contents of your USB storage",
      "modify or delete the contents of your USB storage"
    ],
    "Wi-Fi connection information": [
      "view Wi-Fi connections"
    ],
    "Device ID & call information": [
      "read phone status and identity"
    ],
    "Other": [
      "receive data from Internet",
      "view network connections",
      "change network connectivity",
      "connect and disconnect from Wi-Fi",
      "full network access",
      "run at startup",
      "control vibration",
      "prevent device from sleeping"
    ]
  },
  "rate": [
    [
      "32,599",
      "4.4"
    ],
    [
      "21,862",
      "5"
    ],
    [
      "5,248",
      "4"
    ],
    [
      "2,816",
      "3"
    ],
    [
      "1,113",
      "2"
    ],
    [
      "1,560",
      "1"
    ]
  ],
  "required_android": "3.0",
  "size": "45",
  "url": "https://play.google.com/store/apps/details?id=com.aemobilelimited.games.bubblepirates",
  "version": "2.6.5"
}