{
  "categories": [
    "Casual"
  ],
  "description": "Big Farm is an online farming game where you can build a farm that everyone will envy. Plant, harvest and trade goods to help your dream farm thrive!When Uncle George wills you an old farm, it is your time to step up your farming skills and turn an untended field into flourishing farmland. Plant and harvest crops and take care of animals. Trade with villagers and sell your goods on the organic market in this farm management game.BUILD YOUR DREAM FARMCarry your farm in your pocket wherever you go and never miss an opportunity to level up and expand. This free farm game is a unique blend of town building and farming. Decorate your farm or customize your farmhouse. Upgrade your barn, stables and fields to increase productivity. You can be a farmer and a town builder when you play Big Farm: Mobile Harvest- one of the best farming games out there! Become a farmer and watch your farm town thrive.FARM TOGETHERLiving in old farm country means being part of a community. Become close friends with all the villagers - Benny, Tessa and all their jolly friends are waiting for you. Meet other farmers from all over the world and become a beloved member of the Big Farm- top farm game community. Join them in cooperatives in which you support each other. MORE THAN JUST FARM BUILDINGThe harvest year is full of events - follow through the quests of the villagers and let your own farm story unfold. Help the villagers organize a fairy tale festival, solve the mystery of UFO sightings, or get in the Christmas spirit. Are you ready to build the farm of your dreams? MORE TOP FARM GAME FEATURES\u2740 BUILD the farm of your dreams with plenty of buildings and decorations\u2740 JOIN the community and meet farmers worldwide\u2740 HARVEST your favorite fruits, vegetables, and flowers \u2740 PRODUCE organic foods and farm fresh goods\u2740 MANAGE realistic production cycles\u2740 TAKE CARE of animals and raise chickens, cows, and pigs Discover the Adventure farm: our new monthly event with plenty of new buildings and decorations, cute animals, and challenging quests. Look forward to new farm adventures!Take your new farm everywhere. What are you waiting for? Install today and embark on your farm adventure! Play Big Farm: Mobile Harvest now for free! Terms of Service: https://www.goodgamestudios.com/terms_en/#termsPrivacy Policy: https://www.goodgamestudios.com/terms_en/#privacy-mobileImprint: https://www.goodgamestudios.com/terms_en/#imprint*This app is completely free to play. Additionally, it offers optional in-app purchases. You may disable in-app purchasing using your device settings. This game requires an internet connection.",
  "inc": "Goodgame Studios",
  "intalled_count": "5,000,000",
  "last_update": [
    "July",
    "20",
    " 2018"
  ],
  "name": "Big Farm: Mobile Harvest \u2013 Free Farming Game",
  "offered_by": "Google Commerce Ltd",
  "permissions": {
    "Wi-Fi connection information": [
      "view Wi-Fi connections"
    ],
    "Other": [
      "receive data from Internet",
      "view network connections",
      "full network access",
      "prevent device from sleeping"
    ]
  },
  "rate": [
    [
      "131,999",
      "4.6"
    ],
    [
      "94,129",
      "5"
    ],
    [
      "27,484",
      "4"
    ],
    [
      "4,917",
      "3"
    ],
    [
      "1,484",
      "2"
    ],
    [
      "3,985",
      "1"
    ]
  ],
  "required_android": "4.1",
  "size": "57",
  "url": "https://play.google.com/store/apps/details?id=com.goodgamestudios.bigfarmmobileharvest",
  "version": "2.8.3235"
}