{
  "categories": [
    "Casual"
  ],
  "description": "Makes your favorite Ice Cream in your mobile device. Everyone loves Ice Cream, right? Now you could make a personalized Ice Cream by yourself.This is a kids game & cooking game!",
  "inc": "6677g.com",
  "intalled_count": "10,000,000",
  "last_update": [
    "September",
    "29",
    " 2017"
  ],
  "name": "Ice Cream Maker - cooking game",
  "offered_by": "Google Commerce Ltd",
  "permissions": {
    "Device & app history": [
      "retrieve running apps"
    ],
    "Location": [
      "approximate location (network-based)"
    ],
    "Phone": [
      "read phone status and identity"
    ],
    "Photos/Media/Files": [
      "access USB storage filesystem",
      "read the contents of your USB storage",
      "modify or delete the contents of your USB storage"
    ],
    "Storage": [
      "read the contents of your USB storage",
      "modify or delete the contents of your USB storage"
    ],
    "Wi-Fi connection information": [
      "view Wi-Fi connections"
    ],
    "Device ID & call information": [
      "read phone status and identity"
    ],
    "Other": [
      "read Home settings and shortcuts",
      "receive data from Internet",
      "view network connections",
      "disable your screen lock",
      "full network access",
      "run at startup",
      "control vibration",
      "prevent device from sleeping",
      "install shortcuts"
    ]
  },
  "rate": [
    [
      "229,392",
      "3.7"
    ],
    [
      "124,051",
      "5"
    ],
    [
      "23,604",
      "4"
    ],
    [
      "22,444",
      "3"
    ],
    [
      "14,746",
      "2"
    ],
    [
      "44,547",
      "1"
    ]
  ],
  "required_android": "4.0",
  "size": "33",
  "url": "https://play.google.com/store/apps/details?id=com.degoo.android.icecreammaker",
  "version": "1.3.0"
}