{
  "categories": [
    "Casual"
  ],
  "description": "The #1 FREE virtual restaurant game returns with Restaurant Story: Coffee Shop!Decorate a Restaurant to celebrate coffee shops around the world, and share with your friends! Become a barista and celebrate the wonderful aroma of a fresh brewed cup of coffee with your customers with fun, delicious decorations and tasty coffee shop-themed treats!  Leave them coming back for more and bringing their friends to stuff their appetites!- DESIGN and build the perfect, personalized Restaurant! Stunning variety and unlimited creativity! - DECORATE with thousands of items, choose tables, chairs, wallpaper, art, and more! - CUSTOMIZE a menu of delicious meals that make tummies grumble for more! - SOCIALIZE with other restaurants, and collect bonus tips from players! - INVITE friends to set up shop right next door! Share secret recipes! - FREE to download, FREE to play, FREE weekly updates with new dishes and decorations!Restaurant Story: Coffee Shop is the BEST looking, FREE to play, most delicious restaurant game for your Android device!Please note: Restaurant Story: Coffee Shop is an online only game. Your device must have an active internet connection to play.Please note that Restaurant Story: Coffee Shop is free to play, but you can purchase in-app items with real money. To delete this feature, on your device go to the Google Play Store, tap the Menu button, select Settings > Use password to restrict purchases. Then follow the directions to complete setup.  In addition, Restaurant Story: Coffee Shop may link to social media services, such as Facebook, and Storm8 will have access to your information through such services.TeamLava, a Storm8 studio, is the #1 Mobile Social Game Developer on Android. Use of this application is governed by the TeamLava Terms of Service. Collection and use of data are subject to TeamLava's Privacy Policy. Both policies are available at www.teamlava.com/terms and www.teamlava.com/privacy.Follow Storm8www.storm8.comfacebook.com/storm8twitter.com/storm8",
  "inc": "TeamLava Games",
  "intalled_count": "1,000,000",
  "last_update": [
    "January",
    "14",
    " 2015"
  ],
  "name": "Restaurant Story: Coffee Shop",
  "offered_by": "Google Commerce Ltd",
  "permissions": {
    "Device & app history": [
      "retrieve running apps"
    ],
    "Identity": [
      "find accounts on the device"
    ],
    "Contacts": [
      "find accounts on the device"
    ],
    "Phone": [
      "read phone status and identity"
    ],
    "Photos/Media/Files": [
      "read the contents of your USB storage",
      "modify or delete the contents of your USB storage"
    ],
    "Storage": [
      "read the contents of your USB storage",
      "modify or delete the contents of your USB storage"
    ],
    "Wi-Fi connection information": [
      "view Wi-Fi connections"
    ],
    "Device ID & call information": [
      "read phone status and identity"
    ],
    "Other": [
      "receive data from Internet",
      "view network connections",
      "full network access",
      "control vibration",
      "prevent device from sleeping",
      "install shortcuts"
    ]
  },
  "rate": [
    [
      "29,138",
      "4.1"
    ],
    [
      "17,115",
      "5"
    ],
    [
      "4,459",
      "4"
    ],
    [
      "2,796",
      "3"
    ],
    [
      "1,609",
      "2"
    ],
    [
      "3,159",
      "1"
    ]
  ],
  "required_android": "2.2",
  "size": "20",
  "url": "https://play.google.com/store/apps/details?id=com.teamlava.restaurantstory41",
  "version": "1.5.5.8"
}