{
  "categories": [
    "Adventure"
  ],
  "description": "You open your eyes to find yourself alone beneath an unfamiliar night sky. The wind howls around you, carrying the sound of insects chirping, rustling grass, and . . . something breathing. Looking around for weapons you find only a flashlight. Nearby, a radio cackles to life and you hear a voice greet you, \"Welcome to Raptor Valley!\"Survive the night.Features:- The full Night 1 adventure- Use a flashlight, flare gun, and shotgun to fight off Raptors- Front facing or full 360 degree options- 3D positional audio for full immersion (headphones required)- Watch out for the T-Rex!- Virtual Reality exclusive",
  "inc": "Sunderpoint",
  "intalled_count": "100",
  "last_update": [
    "April",
    "4",
    " 2017"
  ],
  "name": "Raptor Valley",
  "offered_by": "Google Commerce Ltd",
  "permissions": {
    "Other": [
      "full network access"
    ]
  },
  "price": "",
  "rate": [
    [
      "3",
      "2.3"
    ],
    [
      "0",
      "5"
    ],
    [
      "0",
      "4"
    ],
    [
      "1",
      "3"
    ],
    [
      "2",
      "2"
    ],
    [
      "0",
      "1"
    ]
  ],
  "required_android": "7.0",
  "reviews": [],
  "size": "85",
  "url": "https://play.google.com/store/apps/details?id=com.sunderpoint.raptorvalley",
  "version": "1.8"
}