{
  "categories": [
    "Action"
  ],
  "description": "Earth: In the not so distant future.... Today is your first day of training, pay attention and do not disappoint your instructor. Sky Fighter is a powerful and sophisticated combat armor, equipped with an air propulsion and powerful combat systems, in this first adventure your personal instructor, Lt. Rita Velasco, will teach you everything you need to control  your Sky Fighter, complete your training and try not to destroy your armor.Once you have completed your training, fly through the assault course, dodge the missiles, destroy all the drones and combat robots.Collect  as many  energy coins as you can to improve your armor skills.Only the best will survive.Sky Fighter: Training Day is a great game that leaves you wanting more - VR HeadsSkyFighter Training Day is an Endless Flying action game that put your reactions to the test! -DayDream District.This game was really cool!- VR Bites.",
  "inc": "3D Scenica Dise\u00f1o Aplicaciones Audiovisuales",
  "intalled_count": "500",
  "last_update": [
    "May",
    "16",
    " 2018"
  ],
  "name": "Sky Fighter: Training day",
  "offered_by": "Google Commerce Ltd",
  "permissions": {
    "Photos/Media/Files": [
      "read the contents of your USB storage"
    ],
    "Storage": [
      "read the contents of your USB storage"
    ],
    "Other": [
      "view network connections",
      "full network access",
      "control vibration"
    ]
  },
  "price": "",
  "rate": [
    [
      "8",
      "4.1"
    ],
    [
      "4",
      "5"
    ],
    [
      "3",
      "4"
    ],
    [
      "0",
      "3"
    ],
    [
      "0",
      "2"
    ],
    [
      "1",
      "1"
    ]
  ],
  "required_android": "7.0",
  "reviews": [],
  "size": "48",
  "url": "https://play.google.com/store/apps/details?id=com.tresdscenica.skyfighterandroid",
  "version": "1.29"
}