{
  "categories": [
    "Action"
  ],
  "description": "Immerse yourself in the all-new, cinematic VR world of Gunjack 2: End of Shift from CCP. Transporting you to the dangerous Outer Ring of New Eden, Gunjack 2: End of Shift is the sequel to the critically acclaimed and best-selling VR shooter set in the EVE universe.   Everyone fights in New Eden. Some fight for power. Others for money. But out here, on the fringes of space, most fight simply to see another day. Far from the comforts of civilization, the vast mining rig, Kubera, is your home. As a turret operator charged with destroying waves of attackers, you stand united with your crew mates in the defense of the rig.   You are not a soldier, but a survivor, the scourge of would-be plunderers. With a formidable arsenal at your disposal, you will live the life of a Gunjack, protecting the Kubera, its precious cargo, and yourselves, from the bandits trying to blow the rig apart!   \u2022\u2003Experience an intense space shooter with slick motion controller integration.\u2022\u2003Strategically deploy your special weapons and activate your energy shield to survive the most dangerous situations.\u2022\u2003Immerse yourself in storytelling with cinematic cut-scenes featuring the Kubera\u2019s crew.\u2022\u2003Enjoy endless replayability with new missions every day!   IMPORTANT NOTES: \u2022\u2003A Daydream compatible phone and Daydream compatible VR headset required to play.\u2022\u2003Moto Z support has been added.\u2022\u2003For best audio experience please use wired headphones.\u2022\u2003Due to high quality audio bandwidth requirements, use of Bluetooth headphones is not supported as it leads to degraded audio quality.\u2022\u2003Gunjack 2: End of Shift is available in English only.\u2022\u2003This application is governed by CCP\u2019s end user license agreement http://www.gunjack2.com/eula   \u00a9 2016 CCP Games UK Ltd. All rights reserved. CCP, Gunjack, Gunjack 2: End of shift and all related logos are trademarks fully owned by CCP hf. and its subsidiaries.",
  "inc": "CCP Games",
  "intalled_count": "5,000",
  "last_update": [
    "February",
    "6",
    " 2017"
  ],
  "name": "Gunjack 2: End of Shift",
  "offered_by": "Google Commerce Ltd",
  "permissions": {
    "Identity": [
      "find accounts on the device"
    ],
    "Contacts": [
      "find accounts on the device"
    ],
    "Phone": [
      "read phone status and identity"
    ],
    "Photos/Media/Files": [
      "read the contents of your USB storage",
      "modify or delete the contents of your USB storage"
    ],
    "Storage": [
      "read the contents of your USB storage",
      "modify or delete the contents of your USB storage"
    ],
    "Wi-Fi connection information": [
      "view Wi-Fi connections"
    ],
    "Device ID & call information": [
      "read phone status and identity"
    ],
    "Other": [
      "view network connections",
      "pair with Bluetooth devices",
      "full network access",
      "change your audio settings",
      "control vibration",
      "prevent device from sleeping",
      "Google Play license check"
    ]
  },
  "price": "",
  "rate": [
    [
      "109",
      "4.1"
    ],
    [
      "68",
      "5"
    ],
    [
      "14",
      "4"
    ],
    [
      "9",
      "3"
    ],
    [
      "7",
      "2"
    ],
    [
      "11",
      "1"
    ]
  ],
  "required_android": "7.0",
  "reviews": [
    {
      "REQ_subtype": "",
      "REQ_type": "",
      "_id": 0,
      "author_id": "not defined",
      "author_name": "Alvester Garnett",
      "helpful": "0",
      "polarity": "",
      "rate": 1,
      "response": "",
      "response_date": "",
      "review": "It simply won't login. To do the daily challenge it says I have to sign in, which I initiate, then it says to take the phone out of the Daydream headset. Then it asks me to click on my Play Store account and then the screen just goes black and nothing  happens. This then becomes a vicious cycle always ending in a black screen.",
      "review_date": [
        "February",
        "23",
        " 2018"
      ]
    },
    {
      "REQ_subtype": "",
      "REQ_type": "",
      "_id": 1,
      "author_id": "not defined",
      "author_name": "Saquib Kabir",
      "helpful": "0",
      "polarity": "",
      "rate": 5,
      "response": "",
      "response_date": "",
      "review": "Awesome game! Wish the use of the touch pad wasn't so extensive... Only complaint is how sensitive it is to turn the shields on... I keep firing instead! But still awesome game on Daydream ! I really hope there is an update coming for this game... I maxed out my level up!",
      "review_date": [
        "May",
        "26",
        " 2017"
      ]
    },
    {
      "REQ_subtype": "",
      "REQ_type": "",
      "_id": 2,
      "author_id": "not defined",
      "author_name": "Alex Cason",
      "helpful": "6",
      "polarity": "",
      "rate": 2,
      "response": "",
      "response_date": "",
      "review": "Yeah, just figure out a way to reduce the amount of data required for audio if that's a problem. No one cares. Not allowing Bluetooth is pretty stupid considering it is 2018.",
      "review_date": [
        "January",
        "11",
        " 2018"
      ]
    },
    {
      "REQ_subtype": "",
      "REQ_type": "",
      "_id": 3,
      "author_id": "not defined",
      "author_name": "Leo Skinner",
      "helpful": "4",
      "polarity": "",
      "rate": 2,
      "response": "",
      "response_date": "",
      "review": "My review would be rated a lot higher if the game didn't cost a fortune. For a turret shooter in VR it's definitely not the best and by far the most expensive. The sky box is really not great. That and the same repetitive gameplay, poor attempt at a story that makes you cringe and the premium price can let me leave a 2 star rating. The price is stupidly high for what it is.",
      "review_date": [
        "November",
        "13",
        " 2017"
      ]
    },
    {
      "REQ_subtype": "",
      "REQ_type": "",
      "_id": 4,
      "author_id": "not defined",
      "author_name": "donutmaster",
      "helpful": "0",
      "polarity": "",
      "rate": 2,
      "response": "",
      "response_date": "",
      "review": "Passable game with the cheese turned up to 11. Take an OK space shooter with dubious skybox backgrounds that don't look like space but instead look like a skybox then ruin it with a cheesy story and unbelievably wooden voice acting and you have Gunjack 2.  Best enjoyed with all voices turned off.",
      "review_date": [
        "July",
        "7",
        " 2017"
      ]
    },
    {
      "REQ_subtype": "",
      "REQ_type": "",
      "_id": 5,
      "author_id": "not defined",
      "author_name": "Jose de alejandro",
      "helpful": "0",
      "polarity": "",
      "rate": 2,
      "response": "",
      "response_date": "",
      "review": "Why do i have to point the handset at the headset? Controls are so confusing,gotta actually use the handset to look around is that normal? tried another game and works just fine,wanna play this game but havent been able to :(",
      "review_date": [
        "June",
        "5",
        " 2017"
      ]
    },
    {
      "REQ_subtype": "",
      "REQ_type": "",
      "_id": 6,
      "author_id": "not defined",
      "author_name": "Joseph White",
      "helpful": "2",
      "polarity": "",
      "rate": 1,
      "response": "Hello,\n\nWe want to help regarding your issue.\nHave you checked \"Sign into Games automatically\" setting in Google Play Games?\n\nThanks,\nThe Gunjack2 Team",
      "response_date": [
        "March",
        "28",
        " 2017"
      ],
      "review": "Simply doesn't work at all on Pixel XL. Get caught in an infinite loop asking me to sign in. I take the phone out of the daydream, sign in, goes to a black screen, if I press return to VR sometimes I go to daydream menu and sometimes game menu, but I'm never signed in. Works fine on all my other daydream games.",
      "review_date": [
        "March",
        "24",
        " 2017"
      ]
    },
    {
      "REQ_subtype": "",
      "REQ_type": "",
      "_id": 7,
      "author_id": "not defined",
      "author_name": "Silver Sif",
      "helpful": "0",
      "polarity": "",
      "rate": 1,
      "response": "",
      "response_date": "",
      "review": "Low score because it's not worth anywhere even remotely close to $12.99. Shield is FAR too sensitive goes off by accident 8-10 times per stage. You have to stop playing after 2-3 mins or so because the controller starts to skip around making aim impossible. Regular price $2.99 should be on sale for .99\u00a2",
      "review_date": [
        "March",
        "4",
        " 2017"
      ]
    },
    {
      "REQ_subtype": "",
      "REQ_type": "",
      "_id": 8,
      "author_id": "not defined",
      "author_name": "Mark Slavin",
      "helpful": "3",
      "polarity": "",
      "rate": 1,
      "response": "Hello,\n\nWe want to help regarding your issue. Can you please answer:\n\n1. Have you ever successfully started and played the game by clicking on it from the main screen of your phone instead of starting from Play Games?\n2. Have you contacted Google regarding this?\n3. Have you check \"Sign in to games automatically\" setting in Google Play Games?",
      "response_date": [
        "March",
        "15",
        " 2017"
      ],
      "review": "I can't sign in to Google Games and the game won't start, i just get a spinning circle for too long before i quit to home.",
      "review_date": [
        "March",
        "12",
        " 2017"
      ]
    },
    {
      "REQ_subtype": "",
      "REQ_type": "",
      "_id": 9,
      "author_id": "not defined",
      "author_name": "nick bennett",
      "helpful": "0",
      "polarity": "",
      "rate": 2,
      "response": "",
      "response_date": "",
      "review": "Bit peed off spent \u00a312 on a game that lags and glitches when the action picks up. Running on a Google pixel. Controls are ropey the Sheild comes on when you try to re-load which prevents you from reloading! It's impossible to select the different guns due to the control pad not being sensitive enough. Can't believe all these five stars! Am I missing something.",
      "review_date": [
        "February",
        "17",
        " 2017"
      ]
    },
    {
      "REQ_subtype": "",
      "REQ_type": "",
      "_id": 10,
      "author_id": "not defined",
      "author_name": "Anders M\u00f8ller Pedersen",
      "helpful": "0",
      "polarity": "",
      "rate": 5,
      "response": "",
      "response_date": "",
      "review": "The game is really fun and the controls are great, I think it could and should be expanded as it sometimes feel just like a VR Metroid, but the EVE universe could do so much more",
      "review_date": [
        "February",
        "28",
        " 2018"
      ]
    },
    {
      "REQ_subtype": "",
      "REQ_type": "",
      "_id": 11,
      "author_id": "not defined",
      "author_name": "Stephen Poland",
      "helpful": "5",
      "polarity": "",
      "rate": 5,
      "response": "",
      "response_date": "",
      "review": "Love it, best experience I've had on daydream!",
      "review_date": [
        "February",
        "7",
        " 2017"
      ]
    },
    {
      "REQ_subtype": "",
      "REQ_type": "",
      "_id": 12,
      "author_id": "not defined",
      "author_name": "Georgi Kunchev",
      "helpful": "0",
      "polarity": "",
      "rate": 4,
      "response": "",
      "response_date": "",
      "review": "At first I thought you actually fly through space, but besides that the game is great and I play it every day, especially now with the update.",
      "review_date": [
        "February",
        "15",
        " 2017"
      ]
    },
    {
      "REQ_subtype": "",
      "REQ_type": "",
      "_id": 13,
      "author_id": "not defined",
      "author_name": "Shane Bowling",
      "helpful": "0",
      "polarity": "",
      "rate": 5,
      "response": "",
      "response_date": "",
      "review": "This game by far is one of the best games for daydream. Great action love the daily mission and weekly missions. Keep up the great work!",
      "review_date": [
        "March",
        "9",
        " 2017"
      ]
    },
    {
      "REQ_subtype": "",
      "REQ_type": "",
      "_id": 14,
      "author_id": "not defined",
      "author_name": "Zayyanu Arzika",
      "helpful": "0",
      "polarity": "",
      "rate": 1,
      "response": "",
      "response_date": "",
      "review": "Please don't buy this game is not worth it. You rather go for cheaper bandit six period",
      "review_date": [
        "April",
        "10",
        " 2017"
      ]
    },
    {
      "REQ_subtype": "",
      "REQ_type": "",
      "_id": 15,
      "author_id": "not defined",
      "author_name": "Craig Page",
      "helpful": "0",
      "polarity": "",
      "rate": 4,
      "response": "",
      "response_date": "",
      "review": "Nice shooter, one of the few shooters on Daydream where you actually aim with your controller instead of your head.",
      "review_date": [
        "March",
        "26",
        " 2017"
      ]
    },
    {
      "REQ_subtype": "",
      "REQ_type": "",
      "_id": 16,
      "author_id": "not defined",
      "author_name": "David Seth Madison",
      "helpful": "0",
      "polarity": "",
      "rate": 5,
      "response": "",
      "response_date": "",
      "review": "CCP never fails to disappoint",
      "review_date": [
        "April",
        "8",
        " 2018"
      ]
    },
    {
      "REQ_subtype": "",
      "REQ_type": "",
      "_id": 17,
      "author_id": "not defined",
      "author_name": "Chuck Carroll",
      "helpful": "2",
      "polarity": "",
      "rate": 5,
      "response": "",
      "response_date": "",
      "review": "Very immersive and engaging storyline.",
      "review_date": [
        "March",
        "2",
        " 2017"
      ]
    },
    {
      "REQ_subtype": "",
      "REQ_type": "",
      "_id": 18,
      "author_id": "not defined",
      "author_name": "Jamboo Damytey",
      "helpful": "0",
      "polarity": "",
      "rate": 1,
      "response": "",
      "response_date": "",
      "review": "Why doesn't it say it's for daydream only upfront I can't play the game and can't get a refund",
      "review_date": [
        "April",
        "12",
        " 2018"
      ]
    },
    {
      "REQ_subtype": "",
      "REQ_type": "",
      "_id": 19,
      "author_id": "not defined",
      "author_name": "Tim Massing",
      "helpful": "0",
      "polarity": "",
      "rate": 5,
      "response": "",
      "response_date": "",
      "review": "Must have for a daydream gamer. Great gameplay. Console graphics fun campaign.",
      "review_date": [
        "April",
        "12",
        " 2017"
      ]
    },
    {
      "REQ_subtype": "",
      "REQ_type": "",
      "_id": 20,
      "author_id": "not defined",
      "author_name": "Michael Cantrall",
      "helpful": "8",
      "polarity": "",
      "rate": 5,
      "response": "",
      "response_date": "",
      "review": "I did not know about this game until I got daydream. First off since this is a turret based game so it doesn't make me sick like other motion dense games. Second of all the gameplay, scenes, and audio is completely immersive (daydream + Skullcandy). This game will be a benchmark that future games will be measured against.",
      "review_date": [
        "December",
        "27",
        " 2016"
      ]
    },
    {
      "REQ_subtype": "",
      "REQ_type": "",
      "_id": 21,
      "author_id": "not defined",
      "author_name": "A Google user",
      "helpful": "2",
      "polarity": "",
      "rate": 5,
      "response": "",
      "response_date": "",
      "review": "Great fun and super immersive. Campaign mode is too easy though, finished it in a few hours. Thankfully there's the \"daily shift\" to keep you entertained. The campaign storyline is also quite lame. Nonetheless highly recommend!",
      "review_date": [
        "January",
        "20",
        " 2017"
      ]
    },
    {
      "REQ_subtype": "",
      "REQ_type": "",
      "_id": 22,
      "author_id": "not defined",
      "author_name": "Brando Boyer",
      "helpful": "1",
      "polarity": "",
      "rate": 5,
      "response": "",
      "response_date": "",
      "review": "Great shooter, this is what I show everyone who hasn't experienced VR yet.. blows them away! BUY THIS and not the twenty dollar racing game that crashes constantly",
      "review_date": [
        "February",
        "2",
        " 2017"
      ]
    },
    {
      "REQ_subtype": "",
      "REQ_type": "",
      "_id": 23,
      "author_id": "not defined",
      "author_name": "James Kotters",
      "helpful": "5",
      "polarity": "",
      "rate": 3,
      "response": "",
      "response_date": "",
      "review": "The game is relatively fun, but audio becomes horribly distorted over Bluetooth. Thus, I can't use my headphones with the game. I'm using a Pixel XL.",
      "review_date": [
        "December",
        "29",
        " 2016"
      ]
    },
    {
      "REQ_subtype": "",
      "REQ_type": "",
      "_id": 24,
      "author_id": "not defined",
      "author_name": "Byno Shadow",
      "helpful": "0",
      "polarity": "",
      "rate": 5,
      "response": "",
      "response_date": "",
      "review": "This game is a really good stationary shooter. Graphics are A+ as far as VR on a phone is concerned and there's a decent story. It's kind of like 3-D Galaga, but with some neat powerups on cooldown mechanics and a shield. The controller tracking is better than any game I've played and it's plenty difficult. If you can stomach the price, I recommend it.",
      "review_date": [
        "January",
        "21",
        " 2017"
      ]
    },
    {
      "REQ_subtype": "",
      "REQ_type": "",
      "_id": 25,
      "author_id": "not defined",
      "author_name": "Robert Cusick",
      "helpful": "4",
      "polarity": "",
      "rate": 5,
      "response": "",
      "response_date": "",
      "review": "Amazing game and amazing developer. Eve online vet for almost 10 years now, love it. Still saving up for a rig to play Valkyrie.",
      "review_date": [
        "December",
        "28",
        " 2016"
      ]
    },
    {
      "REQ_subtype": "",
      "REQ_type": "",
      "_id": 26,
      "author_id": "not defined",
      "author_name": "Pat Reynolds",
      "helpful": "0",
      "polarity": "",
      "rate": 5,
      "response": "",
      "response_date": "",
      "review": "Well worth the price. Love the detail they've put into the storyline, love the different modes (campaign and daily shift) - it still takes my breath away when my turret finishes the ascent and gets pushed out to the hull of the ship, and the vast expanse of the system we're in hits me full in the face. And then I shoot...",
      "review_date": [
        "February",
        "2",
        " 2017"
      ]
    },
    {
      "REQ_subtype": "",
      "REQ_type": "",
      "_id": 27,
      "author_id": "not defined",
      "author_name": "Byron Harley",
      "helpful": "0",
      "polarity": "",
      "rate": 5,
      "response": "",
      "response_date": "",
      "review": "Must have app for daydream ... Best use of controls and action... People are very impressed when they try this game ... But sad only 3 phones support daydream",
      "review_date": [
        "January",
        "1",
        " 2017"
      ]
    },
    {
      "REQ_subtype": "",
      "REQ_type": "",
      "_id": 28,
      "author_id": "not defined",
      "author_name": "chris r",
      "helpful": "1",
      "polarity": "",
      "rate": 3,
      "response": "",
      "response_date": "",
      "review": "Graphics are strangely poor for an unreal engine game. Seem very low resolution compared to other daydream games",
      "review_date": [
        "January",
        "20",
        " 2017"
      ]
    },
    {
      "REQ_subtype": "",
      "REQ_type": "",
      "_id": 29,
      "author_id": "not defined",
      "author_name": "Sam Wong",
      "helpful": "0",
      "polarity": "",
      "rate": 5,
      "response": "",
      "response_date": "",
      "review": "This is a well designed shooter game with great graphics and love the campaign mode.",
      "review_date": [
        "January",
        "16",
        " 2017"
      ]
    },
    {
      "REQ_subtype": "",
      "REQ_type": "",
      "_id": 30,
      "author_id": "not defined",
      "author_name": "Kevin Hensley",
      "helpful": "0",
      "polarity": "",
      "rate": 5,
      "response": "",
      "response_date": "",
      "review": "Must have on any mobile VR headset! Fun and looks amazing!",
      "review_date": [
        "January",
        "14",
        " 2017"
      ]
    },
    {
      "REQ_subtype": "",
      "REQ_type": "",
      "_id": 31,
      "author_id": "not defined",
      "author_name": "Stephen Ayers",
      "helpful": "0",
      "polarity": "",
      "rate": 5,
      "response": "",
      "response_date": "",
      "review": "Great graphics, music, controls, awesome!",
      "review_date": [
        "January",
        "10",
        " 2017"
      ]
    },
    {
      "REQ_subtype": "",
      "REQ_type": "",
      "_id": 32,
      "author_id": "not defined",
      "author_name": "Joshua Martin",
      "helpful": "0",
      "polarity": "",
      "rate": 5,
      "response": "",
      "response_date": "",
      "review": "Fantastic VR game!",
      "review_date": [
        "February",
        "6",
        " 2017"
      ]
    },
    {
      "REQ_subtype": "",
      "REQ_type": "",
      "_id": 33,
      "author_id": "not defined",
      "author_name": "Reginald Doucet Jr.",
      "helpful": "9",
      "polarity": "",
      "rate": 4,
      "response": "",
      "response_date": "",
      "review": "Immediately immersive. I've had daydream for weeks and this is by far the most impressive game I've played bar none. The only issue is that you're a sitting duck vs moving targets. I think it would be a better experience if you battled in 3d and if that's too hard to build on this platform there could just be a npc pilot maneuvering in a way that creates the illusion of battling in 3d",
      "review_date": [
        "December",
        "9",
        " 2016"
      ]
    },
    {
      "REQ_subtype": "",
      "REQ_type": "",
      "_id": 34,
      "author_id": "not defined",
      "author_name": "Temple Pate",
      "helpful": "0",
      "polarity": "",
      "rate": 3,
      "response": "",
      "response_date": "",
      "review": "Game looks great, seems like alot of fun, but I only have Bluetooth headphones (which for vr is better anyways) but seems as though the audio is very choppy? Just curious if this is a limitation with daydream or a bug?",
      "review_date": [
        "December",
        "10",
        " 2016"
      ]
    },
    {
      "REQ_subtype": "",
      "REQ_type": "",
      "_id": 35,
      "author_id": "not defined",
      "author_name": "Steve Mattsen",
      "helpful": "6",
      "polarity": "",
      "rate": 4,
      "response": "",
      "response_date": "",
      "review": "A very strong title for Daydream. Great use of VR. 90 minutes of good gameplay. The controls are very solid. The story is a little cheesy and the writing is kinda bad but there's a bit of creativity in there. Great work, but not worth $12.99 for 90 minutes without much replayable value.",
      "review_date": [
        "December",
        "10",
        " 2016"
      ]
    },
    {
      "REQ_subtype": "",
      "REQ_type": "",
      "_id": 36,
      "author_id": "not defined",
      "author_name": "A Google user",
      "helpful": "4",
      "polarity": "",
      "rate": 4,
      "response": "",
      "response_date": "",
      "review": "First VR game to give me chills from just being immersed in the world. That action is great right from the beginning. Not exactly easy either. I wasn't a huge fan of the story though, it was over too soon and it wasn't very engaging.",
      "review_date": [
        "December",
        "9",
        " 2016"
      ]
    },
    {
      "REQ_subtype": "",
      "REQ_type": "",
      "_id": 37,
      "author_id": "not defined",
      "author_name": "Matthew Hansen",
      "helpful": "5",
      "polarity": "",
      "rate": 4,
      "response": "",
      "response_date": "",
      "review": "Really great use of the daydream vr tech with this one. I've been toying around for a few weeks now with the daydream, and this absolutely has the most advanced control, and real development in a game. This feels like a fleshed out game, versus a lot of demo experiences. Onto the bad in my experience.... 1. Resetting the controller/viewpoint doesn't seem to 100% mesh with where the controller should be comfortably held. This could be a totally subjective complaint, but i feel it isn't calibrated correctly. 2. The cost is high. If the cost doesn't wave your determination then I say go for it. I might up the star point rating with more game play.",
      "review_date": [
        "December",
        "10",
        " 2016"
      ]
    },
    {
      "REQ_subtype": "",
      "REQ_type": "",
      "_id": 38,
      "author_id": "not defined",
      "author_name": "Daniel Imrie-Situnayake",
      "helpful": "4",
      "polarity": "",
      "rate": 5,
      "response": "",
      "response_date": "",
      "review": "Well-crafted arcade shooter with intriguing setting, irreverent humor, fun gameplay and comfortable controls. Gunjack 2 takes relatively simple gameplay and makes it shine, adding entertaining between-level banter and plenty of weapon & enemy variation. It's a great example of what Daydream is capable of and it's worth the price of entry.",
      "review_date": [
        "December",
        "9",
        " 2016"
      ]
    },
    {
      "REQ_subtype": "",
      "REQ_type": "",
      "_id": 39,
      "author_id": "not defined",
      "author_name": "pcpro",
      "helpful": "3",
      "polarity": "",
      "rate": 4,
      "response": "",
      "response_date": "",
      "review": "Great game to play, but would be even better if you could move around freely with the ship, another game for daydream has implemented free movement and it works beautifully, should give it a go. Online feature would be amazing feature also \ud83d\ude0d",
      "review_date": [
        "December",
        "11",
        " 2016"
      ]
    },
    {
      "REQ_subtype": "",
      "REQ_type": "",
      "_id": 40,
      "author_id": "not defined",
      "author_name": "Jeffrey Blattman",
      "helpful": "5",
      "polarity": "",
      "rate": 2,
      "response": "",
      "response_date": "",
      "review": "This is a decent demo app for the View headset, but it's not even close to being worth the $12.99 price tag. The first, and probably last VR game I'm going to buy. Impressive for the first 60 seconds until you realize what you are looking at is the entire game. This is not a space flight simulator. You are sitting in a static environment shooting targets. This is the VR version of a shooting gallery.  Also, audio over bluetooth is garbled. This happens with a few other games for me but it doesn't excuse it. Not being able to use bluetooth headphones is not acceptable.  To all the devs rushing crap to market to make money on the VR hype train, remember the old adage that you never get a second chance to make a first impression.",
      "review_date": [
        "December",
        "11",
        " 2016"
      ]
    },
    {
      "REQ_subtype": "",
      "REQ_type": "",
      "_id": 41,
      "author_id": "not defined",
      "author_name": "Shayan Modiri",
      "helpful": "2",
      "polarity": "",
      "rate": 1,
      "response": "",
      "response_date": "",
      "review": "I love the game while it is working, then my controller gets all glitchy and slow motion with sudden moves. I can't finish even one level before it happens. I'm not sure if it's the game or my phone gets hot and it is in the verge of crashing, but I have the Pixel XL and nothing is running in the background except the game and my phone was cool when I started playing this game.",
      "review_date": [
        "December",
        "14",
        " 2016"
      ]
    },
    {
      "REQ_subtype": "",
      "REQ_type": "",
      "_id": 42,
      "author_id": "not defined",
      "author_name": "Winston Singleton",
      "helpful": "1",
      "polarity": "",
      "rate": 3,
      "response": "",
      "response_date": "",
      "review": "The game it's self seemed pretty Kool but the audio was horrible. Sounded like a vinyl with a bunch of scratches The first time I've ever spent this much on an app, and it doesn't work correctly. Kinda leaves a sour taste in my mouth",
      "review_date": [
        "December",
        "13",
        " 2016"
      ]
    },
    {
      "REQ_subtype": "",
      "REQ_type": "",
      "_id": 43,
      "author_id": "not defined",
      "author_name": "James Halliday",
      "helpful": "2",
      "polarity": "",
      "rate": 5,
      "response": "",
      "response_date": "",
      "review": "Took reading the other reviews to get over the price - but glad I did. First game I've tried for daydream that actually shows it really can deliver a proper VR game. I'm really looking forward to what comes next.",
      "review_date": [
        "December",
        "10",
        " 2016"
      ]
    },
    {
      "REQ_subtype": "",
      "REQ_type": "",
      "_id": 44,
      "author_id": "not defined",
      "author_name": "Michael Garner",
      "helpful": "1",
      "polarity": "",
      "rate": 3,
      "response": "",
      "response_date": "",
      "review": "I would give this 5 stars because as a VR title is very well done, but there is a major flaw that needs to be fixed before I give it 5 stars. Bluetooth audio needs to work flawlessly. I've seen it work in other VR apps so I'm fairly confident it is possible. Looking forward to an update. I'm waiting until then to play again.",
      "review_date": [
        "December",
        "13",
        " 2016"
      ]
    },
    {
      "REQ_subtype": "",
      "REQ_type": "",
      "_id": 45,
      "author_id": "not defined",
      "author_name": "Derek paterson",
      "helpful": "4",
      "polarity": "",
      "rate": 5,
      "response": "",
      "response_date": "",
      "review": "Superb example of how a mobile VR game should be. Totally immersed straight from the start and the controller feels very precise.",
      "review_date": [
        "December",
        "9",
        " 2016"
      ]
    },
    {
      "REQ_subtype": "",
      "REQ_type": "",
      "_id": 46,
      "author_id": "not defined",
      "author_name": "Jonathan McKenzie",
      "helpful": "1",
      "polarity": "",
      "rate": 3,
      "response": "",
      "response_date": "",
      "review": "Noticed it a lot not sure if it's my controller or the game. It also gets choppy",
      "review_date": [
        "December",
        "12",
        " 2016"
      ]
    },
    {
      "REQ_subtype": "",
      "REQ_type": "",
      "_id": 47,
      "author_id": "not defined",
      "author_name": "Dan Welch",
      "helpful": "2",
      "polarity": "",
      "rate": 5,
      "response": "",
      "response_date": "",
      "review": "I love it the best game for daydream bar none!!!!",
      "review_date": [
        "December",
        "11",
        " 2016"
      ]
    },
    {
      "REQ_subtype": "",
      "REQ_type": "",
      "_id": 48,
      "author_id": "not defined",
      "author_name": "Tyron Powell",
      "helpful": "1",
      "polarity": "",
      "rate": 5,
      "response": "",
      "response_date": "",
      "review": "Awesome game!!",
      "review_date": [
        "December",
        "11",
        " 2016"
      ]
    },
    {
      "REQ_subtype": "",
      "REQ_type": "",
      "_id": 49,
      "author_id": "not defined",
      "author_name": "Kevin Jones",
      "helpful": "1",
      "polarity": "",
      "rate": 5,
      "response": "",
      "response_date": "",
      "review": "Amazing!",
      "review_date": [
        "December",
        "9",
        " 2016"
      ]
    },
    {
      "REQ_subtype": "",
      "REQ_type": "",
      "_id": 50,
      "author_id": "not defined",
      "author_name": "Todd Cote",
      "helpful": "0",
      "polarity": "",
      "rate": 5,
      "response": "",
      "response_date": "",
      "review": "Intense !",
      "review_date": [
        "December",
        "15",
        " 2016"
      ]
    },
    {
      "REQ_subtype": "",
      "REQ_type": "",
      "_id": 51,
      "author_id": "not defined",
      "author_name": "Brett s",
      "helpful": "2",
      "polarity": "",
      "rate": 5,
      "response": "",
      "response_date": "",
      "review": "Easily one of the best VR games out right now, you won't be disappointed. Very very responsive, no nasuea since youre in a cockpit and no lag. Only downside is, it's a little too simple, however it IS a mobile game, and it's still early days of Daydream games, not a AAA game for PC so you have to be realistic.",
      "review_date": [
        "December",
        "27",
        " 2016"
      ]
    },
    {
      "REQ_subtype": "",
      "REQ_type": "",
      "_id": 52,
      "author_id": "not defined",
      "author_name": "A Google user",
      "helpful": "0",
      "polarity": "",
      "rate": 3,
      "response": "",
      "response_date": "",
      "review": "I understand that in order to fit this game on a mobile platform the dev had to make some cutbacks but the graphics scenes when the characters are drinking between missions looks like a mad hatter tea party with polygons from the days of early Tomb Raider games. Luckily the shooter aspects are mostly there, it doesn't feel like I'm \"going anywhere\" though. Would be nice if my ship actually moved around rather than sitting like a sitting duck. I would have been happy paying $5 for this but not $13. Just wait",
      "review_date": [
        "January",
        "11",
        " 2017"
      ]
    },
    {
      "REQ_subtype": "",
      "REQ_type": "",
      "_id": 53,
      "author_id": "not defined",
      "author_name": "Julian Cavazos",
      "helpful": "0",
      "polarity": "",
      "rate": 1,
      "response": "",
      "response_date": "",
      "review": "I don't know how well the game is because it will not download.  Looking to get a refund. Went through all the WiFi trouble shooting",
      "review_date": [
        "February",
        "10",
        " 2017"
      ]
    },
    {
      "REQ_subtype": "",
      "REQ_type": "",
      "_id": 54,
      "author_id": "not defined",
      "author_name": "Warren Howells",
      "helpful": "0",
      "polarity": "",
      "rate": 1,
      "response": "",
      "response_date": "",
      "review": "Not what I expected at all terrible just sat in a turret shooting weird things",
      "review_date": [
        "December",
        "12",
        " 2016"
      ]
    }
  ],
  "size": "28",
  "url": "https://play.google.com/store/apps/details?id=com.ccpgames.gunjack2",
  "version": "1.1.890552"
}