{
  "categories": [
    "Sports"
  ],
  "description": "[It's a Google Daydream exclusive game, which requires Daydream compatible headset and controller.]Jump into paradise blue and experience the ultimate 3D fishing adventure with Ace Fishing VR!Know nothing about fishing? It's okay! You'll be able to catch the Striped Marlin by simply using a controller!Daydream controller will be your fishing rod throughout the adventure. Use it to cast a line, hook and yank the fish, and finally reel'em in to enjoy vivid fishing experience!Watching sea gulls flying around, humpback whales coming up for air, and fireflies flying around you will make you feel as if you're fishing out in the vacation spots.There's more! Check out the vivid illustrations of fish movements and characteristics captured with stunning realism!Now is the time to explore the world\u2019s most realistic fishing world!1. No More Difficult and Boring Fishing!  - Enjoy fishing in different maps including river, sea, ocean, etc. You'll be able to discover and enjoy unique backgrounds that will be changed depending on the day and night.  - Search any fish you want to catch from the Fish Book. You'll be able to catch 300 different types of fish with various lures.  - You'd feel as if you're actually in the fishing tackle shop! Equip various fishing rods, reels, and lures at the 3D shop and be prepared to catch more rare fish.2. The Real Beauty of 3D Graphics!  - Come and see for yourself! From the fish so life-like they could fly off your screen, fishing rods that beautifully curve as you keep reeling them in, such an intense tension coming from the tight lines to the detailed and lively movement of fish at the moment as you drag them out of the water!  - Perfectly recreated physics of fishing in 3D means you'll be able to feel the excitement of realistic fishing experience at your fingertips.3. The Place of Your Dream! It's an Aquarium inside the ocean!  - Experience the inside-the-ocean-like Aquarium. Feel the realistic ocean waves inside the Aquarium where you can keep and view the fish you caught for yourself. Caution! You might get a feeling of actually being\u00a0inside of the ocean!Please update to a newer version of Android to play safely.This game is free to play, but you can choose to pay real money for extra items.Language support: English, \ud55c\uae00,  \u4e2d\u6587\u7b80\u4f53, \u4e2d\u6587\u7e41\u9ad4 and \u65e5\u672c\u8a9eThis is a singleplayer game. When deleting or initializing the game, please use the data backup/restoration service in options.\u2022 For Com2uS Mobile Game Terms of Service, visit www.withhive.com.- Terms of Service : http://terms.withhive.com/terms/policy/view/M9/T1- Privacy Policy : http://terms.withhive.com/terms/policy/view/M9/T3\u2022 For questions or customer support, please contact our Customer Support by visiting http://www.withhive.com/help/inquire",
  "inc": "Com2uS",
  "intalled_count": "10,000",
  "last_update": [
    "April",
    "2",
    " 2018"
  ],
  "name": "Ace Fishing VR",
  "offered_by": "Google Commerce Ltd",
  "permissions": {
    "Other": [
      "full network access"
    ]
  },
  "price": "",
  "rate": [
    [
      "59",
      "2.5"
    ],
    [
      "9",
      "5"
    ],
    [
      "8",
      "4"
    ],
    [
      "12",
      "3"
    ],
    [
      "6",
      "2"
    ],
    [
      "24",
      "1"
    ]
  ],
  "required_android": "7.0",
  "reviews": [
    {
      "REQ_subtype": "",
      "REQ_type": "",
      "_id": 0,
      "author_id": "not defined",
      "author_name": "Dustin Andrews",
      "helpful": "0",
      "polarity": "",
      "rate": 4,
      "response": "",
      "response_date": "",
      "review": "Great get away from reality. I enjoy sound back and vr fishing.",
      "review_date": [
        "July",
        "2",
        " 2018"
      ]
    },
    {
      "REQ_subtype": "",
      "REQ_type": "",
      "_id": 1,
      "author_id": "not defined",
      "author_name": "MOHAMMAD DASHTINOV",
      "helpful": "0",
      "polarity": "",
      "rate": 1,
      "response": "",
      "response_date": "",
      "review": "I lost all my levels two times during the game. And where I contact the customer support they did not solve my issue. Feeling bad and dislike it",
      "review_date": [
        "March",
        "23",
        " 2018"
      ]
    },
    {
      "REQ_subtype": "",
      "REQ_type": "",
      "_id": 2,
      "author_id": "not defined",
      "author_name": "Jeff King",
      "helpful": "1",
      "polarity": "",
      "rate": 1,
      "response": "",
      "response_date": "",
      "review": "I played the initial river fishing and it didn't \"lure\" me to want to play more or to buy anything.  Casting is inconsistent and there's no point to it other than to start (i.e. where you cast doesn't matter).  No challenge. Catch a couple fish, and the rest are the same.",
      "review_date": [
        "January",
        "15",
        " 2018"
      ]
    },
    {
      "REQ_subtype": "",
      "REQ_type": "",
      "_id": 3,
      "author_id": "not defined",
      "author_name": "Jacinto Trevino Jr.",
      "helpful": "0",
      "polarity": "",
      "rate": 3,
      "response": "",
      "response_date": "",
      "review": "The only thing I have with this game is the lure runs out and you have to keep buying them,so if you could eliminate that and once you buy lures you be able to use them all the time and this game would be great my name is chico hope you could do that in the next update,and you shouldn't have to keep paying  4500 to go in and fish all the time",
      "review_date": [
        "March",
        "8",
        " 2018"
      ]
    },
    {
      "REQ_subtype": "",
      "REQ_type": "",
      "_id": 4,
      "author_id": "not defined",
      "author_name": "jmancox330",
      "helpful": "0",
      "polarity": "",
      "rate": 2,
      "response": "",
      "response_date": "",
      "review": "Pretty bad. Pay to win. Boring and needs updates.",
      "review_date": [
        "February",
        "28",
        " 2018"
      ]
    },
    {
      "REQ_subtype": "",
      "REQ_type": "",
      "_id": 5,
      "author_id": "not defined",
      "author_name": "Todd Potter",
      "helpful": "1",
      "polarity": "",
      "rate": 1,
      "response": "",
      "response_date": "",
      "review": "Terrible controls. Reeling is idiotic.",
      "review_date": [
        "January",
        "22",
        " 2018"
      ]
    },
    {
      "REQ_subtype": "",
      "REQ_type": "",
      "_id": 6,
      "author_id": "not defined",
      "author_name": "Du\u0161an Kolod\u011bj",
      "helpful": "3",
      "polarity": "",
      "rate": 4,
      "response": "",
      "response_date": "",
      "review": "Perfect graphics and realistic fish. Paid the full game, it's quite easy to play, good for entertaining the guests. Haven't figured out how to put the fish in the aquarium yet though. Any idea anyone?",
      "review_date": [
        "December",
        "25",
        " 2017"
      ]
    },
    {
      "REQ_subtype": "",
      "REQ_type": "",
      "_id": 7,
      "author_id": "not defined",
      "author_name": "T.R. Stephen",
      "helpful": "1",
      "polarity": "",
      "rate": 3,
      "response": "",
      "response_date": "",
      "review": "It would be better if catching the fish was more of a challenge. Also, it would be nice to be able to cast to anywhere, rather than just directly.in front of you.",
      "review_date": [
        "January",
        "5",
        " 2018"
      ]
    },
    {
      "REQ_subtype": "",
      "REQ_type": "",
      "_id": 8,
      "author_id": "not defined",
      "author_name": "Cameron Martin",
      "helpful": "3",
      "polarity": "",
      "rate": 4,
      "response": "",
      "response_date": "",
      "review": "After paying to unlock the ability to catch more than 3 fish a day it's actually quite fun. There are daily and weekly challenges, there are achievements.   I feel the shop should not remove stock of lower powered reels and rods as you progress, and allow you to buy the weaker stuff if you want to.  Also it seems the bonus gold perk on rods and reels is not functioning as I am only getting 10% bonus, the same I received via leveling up.  I am also dissatisfied with lures being maximum use of 30 fish, especially when you won't recoup the cost of buying the lures. Also wish you got more lures per Grand Bleu attempt since it costs 4500 in game gold, but right now that is the most fun I have, I just need a better reel so I don't keep losing fish by them going too far.",
      "review_date": [
        "October",
        "11",
        " 2017"
      ]
    },
    {
      "REQ_subtype": "",
      "REQ_type": "",
      "_id": 9,
      "author_id": "not defined",
      "author_name": "Kayci Wang",
      "helpful": "4",
      "polarity": "",
      "rate": 1,
      "response": "",
      "response_date": "",
      "review": "PAID FULL PRICE ONLY TO RECEIVE A BROKEN GAME. After paying the game actually shows as I didn't pay. So I tried reinstalling but now my game is just a black screen Everytime I try to open it.",
      "review_date": [
        "December",
        "4",
        " 2017"
      ]
    },
    {
      "REQ_subtype": "",
      "REQ_type": "",
      "_id": 10,
      "author_id": "not defined",
      "author_name": "strawhatz 26",
      "helpful": "0",
      "polarity": "",
      "rate": 1,
      "response": "",
      "response_date": "",
      "review": "I cant play the damn game with gear vr.. You suck.. why you made it only to work with daydream vr.. hurry up and support gear vr already..  God damn it..",
      "review_date": [
        "October",
        "16",
        " 2017"
      ]
    },
    {
      "REQ_subtype": "",
      "REQ_type": "",
      "_id": 11,
      "author_id": "not defined",
      "author_name": "Tom Perkins",
      "helpful": "0",
      "polarity": "",
      "rate": 2,
      "response": "",
      "response_date": "",
      "review": "I enjoyed it, but I struggle to reccomend it. The game itself is quite expensive, 3 fish per day on the free version or over \u00a36 to unlock all locations and unlimited fishing. What really irks me, however, is buying the higher level lures. The 2nd tier lure is about 27,000 gold (in game currency earned through catching fish). I bought this, and somehow ended up earning 10k less than the lure itself cost. What's the point in offering expensive lures if they don't recoup their own cost? Makes the game frustrating and slow to progress, due to the higher level equipment being ridiculously expensive. You need to drop 60,000 gold on a line long enough to fish in the Grand Bleu, too! Some rebalancing is needed before I will rate higher.",
      "review_date": [
        "November",
        "3",
        " 2017"
      ]
    },
    {
      "REQ_subtype": "",
      "REQ_type": "",
      "_id": 12,
      "author_id": "not defined",
      "author_name": "mat evenson",
      "helpful": "0",
      "polarity": "",
      "rate": 2,
      "response": "",
      "response_date": "",
      "review": "You catch 3 fish in 30 seconds and then they force you to buy the full game to play on",
      "review_date": [
        "October",
        "31",
        " 2017"
      ]
    },
    {
      "REQ_subtype": "",
      "REQ_type": "",
      "_id": 13,
      "author_id": "not defined",
      "author_name": "connor needling",
      "helpful": "0",
      "polarity": "",
      "rate": 3,
      "response": "",
      "response_date": "",
      "review": "The game is good, catching fish is a little to easy as unless you are catching 4+ star fish there is basically no fight to reel it in.. also everything you can buy is so over priced and not worth it imo ... So basically this game is really just for people who casually want to catch fish for a short bit and then be done ... If you're actually trying to play the game long term ... It's gonna get boring really fast because most fish have no fight in them.  I really hope it becomes more like the non-vr version",
      "review_date": [
        "November",
        "11",
        " 2017"
      ]
    },
    {
      "REQ_subtype": "",
      "REQ_type": "",
      "_id": 14,
      "author_id": "not defined",
      "author_name": "Mitchell Schneider",
      "helpful": "0",
      "polarity": "",
      "rate": 1,
      "response": "",
      "response_date": "",
      "review": "This is so bad. Boring. Really. Bad.",
      "review_date": [
        "November",
        "5",
        " 2017"
      ]
    },
    {
      "REQ_subtype": "",
      "REQ_type": "",
      "_id": 15,
      "author_id": "not defined",
      "author_name": "Gaurav Nelson",
      "helpful": "2",
      "polarity": "",
      "rate": 3,
      "response": "",
      "response_date": "",
      "review": "No sounds on s8.",
      "review_date": [
        "October",
        "4",
        " 2017"
      ]
    },
    {
      "REQ_subtype": "",
      "REQ_type": "",
      "_id": 16,
      "author_id": "not defined",
      "author_name": "Troy Rose",
      "helpful": "1",
      "polarity": "",
      "rate": 1,
      "response": "",
      "response_date": "",
      "review": "I paid for the full menu access and now the app just crashes all the time, with no access to any paid for options.",
      "review_date": [
        "September",
        "20",
        " 2017"
      ]
    },
    {
      "REQ_subtype": "",
      "REQ_type": "",
      "_id": 17,
      "author_id": "not defined",
      "author_name": "Russell Deasley",
      "helpful": "0",
      "polarity": "",
      "rate": 4,
      "response": "",
      "response_date": "",
      "review": "This app is now working and to be fair it looks pretty great. Not worth paying for to unlock everything, but worth a free try.",
      "review_date": [
        "September",
        "17",
        " 2017"
      ]
    },
    {
      "REQ_subtype": "",
      "REQ_type": "",
      "_id": 18,
      "author_id": "not defined",
      "author_name": "Itchy Nipp",
      "helpful": "0",
      "polarity": "",
      "rate": 3,
      "response": "",
      "response_date": "",
      "review": "How about more lures ? I have one option",
      "review_date": [
        "September",
        "28",
        " 2017"
      ]
    },
    {
      "REQ_subtype": "",
      "REQ_type": "",
      "_id": 19,
      "author_id": "not defined",
      "author_name": "Matt Harris",
      "helpful": "1",
      "polarity": "",
      "rate": 2,
      "response": "",
      "response_date": "",
      "review": "Frustrating game. Needs work in the controls, casting is extremely frustrating. It's never consistent, the same motion gives widely varying results. And unless you pay for the full version you can only catch 3 first a day which is about 5 mins of play.",
      "review_date": [
        "September",
        "24",
        " 2017"
      ]
    },
    {
      "REQ_subtype": "",
      "REQ_type": "",
      "_id": 20,
      "author_id": "not defined",
      "author_name": "Rafael Americano",
      "helpful": "1",
      "polarity": "",
      "rate": 3,
      "response": "",
      "response_date": "",
      "review": "I can't see the fishing line.",
      "review_date": [
        "September",
        "20",
        " 2017"
      ]
    },
    {
      "REQ_subtype": "",
      "REQ_type": "",
      "_id": 21,
      "author_id": "not defined",
      "author_name": "All_in_HD Rodriguez",
      "helpful": "0",
      "polarity": "",
      "rate": 1,
      "response": "",
      "response_date": "",
      "review": "Don't you dare",
      "review_date": [
        "February",
        "21",
        " 2018"
      ]
    }
  ],
  "size": "29",
  "url": "https://play.google.com/store/apps/details?id=com.com2us.acefishing.vr.freefull.google.global.android.common",
  "version": "1.0.6"
}