{
  "categories": [
    "Action"
  ],
  "description": "Viruses spread in the region. A large number of people are infected with viruses and become zombies. Your mission is to kill them all and find the way out .The Last Z killer shooter give you new experience and emotion with movement in virtual realty. Struggle with hordes of blood-thirsty zombies armed with weapons! Kill all zombies on your way and have a lot of fun!FEATURES:\u2605 First person 360 shooter\u2605 Mess in the maze\u2605 Enjoy the virtual tour with freedom of movement!\u2605 Enjoy horror music and sound effect! \u2605 20 levels!\u2605 5 types of weapon! Only available on Daydream. Use headphones for better experience.",
  "inc": "ABOOMOO VR",
  "intalled_count": "1,000",
  "last_update": [
    "August",
    "19",
    " 2017"
  ],
  "name": "Last Z killer",
  "offered_by": "Google Commerce Ltd",
  "permissions": {
    "Other": [
      "full network access"
    ]
  },
  "price": "",
  "rate": [
    [
      "12",
      "3.6"
    ],
    [
      "5",
      "5"
    ],
    [
      "3",
      "4"
    ],
    [
      "1",
      "3"
    ],
    [
      "0",
      "2"
    ],
    [
      "3",
      "1"
    ]
  ],
  "required_android": "7.0",
  "reviews": [
    {
      "REQ_subtype": "",
      "REQ_type": "",
      "_id": 0,
      "author_id": "not defined",
      "author_name": "Jung Yi Hung",
      "helpful": "3",
      "polarity": "",
      "rate": 5,
      "response": "",
      "response_date": "",
      "review": "It's pretty amazing how pixelated style Zombie game can scare me that much. The sounds, the dimming flashlight and the whole environment, all this combined together and a scary world full of Zombies are created. Even in first stage I can feel the sweat are all over my palm, really don't know if I can finish all the stages.  The comfortable level of this game is generous to me. With full movement speed, I can get motion sickness very quickly, but with the lowest moving speed, I can survived a whole stage. Not the greatest, but still play able to me.  After all, really good FPS Zombie shooter game!",
      "review_date": [
        "August",
        "23",
        " 2017"
      ]
    },
    {
      "REQ_subtype": "",
      "REQ_type": "",
      "_id": 1,
      "author_id": "not defined",
      "author_name": "Todd Lewden",
      "helpful": "0",
      "polarity": "",
      "rate": 5,
      "response": "",
      "response_date": "",
      "review": "This is a very well executed \"3D Pixel Cube\" zombie shooter. For what is still a young technology being implemented this is the first \"FPS\" style game that I felt actually felt like a proper shooter while still retaining it's cute ( yet eerie creepy ) feel. The controls are smooth and intuitive taking full advantage of what the Daydream controller and headset have to offer. Job well done dev!",
      "review_date": [
        "April",
        "27",
        " 2018"
      ]
    },
    {
      "REQ_subtype": "",
      "REQ_type": "",
      "_id": 2,
      "author_id": "not defined",
      "author_name": "Keifer Morris",
      "helpful": "0",
      "polarity": "",
      "rate": 1,
      "response": "",
      "response_date": "",
      "review": "Movement takes some getting used to and seems a little uneven, but overall this is a fun game. The developers are responsive to emails which is really nice.",
      "review_date": [
        "December",
        "27",
        " 2017"
      ]
    },
    {
      "REQ_subtype": "",
      "REQ_type": "",
      "_id": 3,
      "author_id": "not defined",
      "author_name": "Chris Dawson",
      "helpful": "0",
      "polarity": "",
      "rate": 4,
      "response": "",
      "response_date": "",
      "review": "I've spent more time in this game than any other daydream game. If they \ncould add a multiplayer option to play with a friend they could charge a \npremium price for this game",
      "review_date": [
        "July",
        "6",
        " 2018"
      ]
    },
    {
      "REQ_subtype": "",
      "REQ_type": "",
      "_id": 4,
      "author_id": "not defined",
      "author_name": "Todd Cote",
      "helpful": "3",
      "polarity": "",
      "rate": 5,
      "response": "",
      "response_date": "",
      "review": "Creepy with headphones! Great sound and fun gameplay! average graphics but that's fine.",
      "review_date": [
        "May",
        "28",
        " 2017"
      ]
    },
    {
      "REQ_subtype": "",
      "REQ_type": "",
      "_id": 5,
      "author_id": "not defined",
      "author_name": "Johan Reich",
      "helpful": "1",
      "polarity": "",
      "rate": 5,
      "response": "",
      "response_date": "",
      "review": "YES ! The best real 3D shooter for Daydream with controller. This game is awesome, horror but fun to play, soundtrack is very attractive. Nice in- game humor. Thanks to developers, awaiting for the sequel!",
      "review_date": [
        "May",
        "5",
        " 2017"
      ]
    },
    {
      "REQ_subtype": "",
      "REQ_type": "",
      "_id": 6,
      "author_id": "not defined",
      "author_name": "T Sapp",
      "helpful": "0",
      "polarity": "",
      "rate": 1,
      "response": "",
      "response_date": "",
      "review": "Sucks bad.",
      "review_date": [
        "February",
        "18",
        " 2018"
      ]
    }
  ],
  "size": "24",
  "url": "https://play.google.com/store/apps/details?id=com.AbooMoo.LastZkiller",
  "version": "2.0"
}