{
  "categories": [
    "Entertainment"
  ],
  "description": "Experience the virtual reality of a starry sky using this app with the Daydream View Headset.\u25a0Features-More than 3000 stellars are displayed.-It can display all the stars and constellations in both Northern and Southern Hemisphere.-Display 88 kinds of constellations.-Display the main planets of the solar system.-Display the different phases of the moon.\u25a0OptionWhen you click the application button The following optional features can be used.\u3010Viewing position setting\u3011You can see the stars from the major cities of the world.\u3010Change background\u3011You can change to two different backgrounds.\u3010Diurnal motion\u3011You can advance/return at 15 seconds interval from the set time.You can observe the trail of the moving stars.\u3010Switching solar system planet display\u3011You can switch the display of \"Solar System Planets\"",
  "inc": "Taosoftware Co.,Ltd.",
  "intalled_count": "100",
  "last_update": [
    "May",
    "21",
    " 2018"
  ],
  "name": "Planetarium VR",
  "offered_by": "Google Commerce Ltd",
  "permissions": {
    "Other": [
      "full network access"
    ]
  },
  "price": "",
  "rate": [
    [
      "6",
      "2.2"
    ],
    [
      "1",
      "5"
    ],
    [
      "1",
      "4"
    ],
    [
      "0",
      "3"
    ],
    [
      "0",
      "2"
    ],
    [
      "4",
      "1"
    ]
  ],
  "required_android": "7.0",
  "reviews": [],
  "size": "62",
  "url": "https://play.google.com/store/apps/details?id=jp.co.taosoftware.planetarium.daydream",
  "version": "1.0.8"
}