{
  "categories": [
    "Sports"
  ],
  "description": "Have you ever bowled inside a space station overlooking Neptune or deep within an ancient Mayan tomb excavation? Now you can! Action Bowling, the best and most popular bowling game on mobile devices with over 50 million downloads is finally here for Daydream! You will love the physics that gives you all the nuances of professional bowling with outrageous curve shots and explosive competition pin action. With immersive graphics, unique bowling locations and custom balls that are the signature of the franchise, Action Bowling delivers everything you expect from the definitive bowling game on Daydream.",
  "inc": "Tribal City Interactive",
  "intalled_count": "1,000",
  "last_update": [
    "December",
    "13",
    " 2016"
  ],
  "name": "Action Bowling",
  "offered_by": "Google Commerce Ltd",
  "permissions": {
    "Photos/Media/Files": [
      "read the contents of your USB storage"
    ],
    "Storage": [
      "read the contents of your USB storage"
    ],
    "Other": [
      "view network connections",
      "full network access",
      "control vibration"
    ]
  },
  "price": "",
  "rate": [
    [
      "12",
      "2.8"
    ],
    [
      "2",
      "5"
    ],
    [
      "2",
      "4"
    ],
    [
      "2",
      "3"
    ],
    [
      "4",
      "2"
    ],
    [
      "2",
      "1"
    ]
  ],
  "required_android": "4.4",
  "reviews": [
    {
      "REQ_subtype": "",
      "REQ_type": "",
      "_id": 0,
      "author_id": "not defined",
      "author_name": "Joe Keeney",
      "helpful": "2",
      "polarity": "",
      "rate": 4,
      "response": "Hi Joe,\n\nGreat to chat with you & thanks for your great feedback!\n\nThanks,\n\nAlan",
      "response_date": [
        "December",
        "14",
        " 2016"
      ],
      "review": "Simple, easy to play. Awesome graphics and plenty of options. Don't try to actually \"bowl\" it's more of an elbow throw. Think beer pong instead of tennis.                                        Good job guys.  Now do putt-putt!!!",
      "review_date": [
        "December",
        "14",
        " 2016"
      ]
    },
    {
      "REQ_subtype": "",
      "REQ_type": "",
      "_id": 1,
      "author_id": "not defined",
      "author_name": "Dale Cheetham",
      "helpful": "2",
      "polarity": "",
      "rate": 2,
      "response": "Hi Dale,\n\nWhen that happens, could I ask you to look at the orientation of the hand? If its pointing off to the left or right, it may be that you need to re-center the controller. \n\nThanks,\n\nAlan",
      "response_date": [
        "December",
        "13",
        " 2016"
      ],
      "review": "But the controls are so inconsistent. Can go on a run of strikes doing the same motion and then suddenly the ball will just keep going off straight into the gutter.",
      "review_date": [
        "December",
        "13",
        " 2016"
      ]
    },
    {
      "REQ_subtype": "",
      "REQ_type": "",
      "_id": 2,
      "author_id": "not defined",
      "author_name": "Sean Godsell",
      "helpful": "3",
      "polarity": "",
      "rate": 3,
      "response": "Hi Sean,\n\nIf you log in to Google Play before starting the game, you should see Leaderboards presented on the main menu.\n\nThanks,\n\nAlan",
      "response_date": [
        "December",
        "13",
        " 2016"
      ],
      "review": "It's pretty good, except you need to have multiplayer mode, and plus leaderboards are a must.  I am giving you a 3 right now for potential.   Hopefully you will add more to this game in the near future.   I will gladly give you more stars if you update this game.",
      "review_date": [
        "November",
        "18",
        " 2016"
      ]
    },
    {
      "REQ_subtype": "",
      "REQ_type": "",
      "_id": 3,
      "author_id": "not defined",
      "author_name": "Sebastian Ang",
      "helpful": "4",
      "polarity": "",
      "rate": 3,
      "response": "Hi Sebastian. \n\nLeaderboards are presented if you are logged in to Google Play before starting the game. If this is not the case, please do let us know.\n\nThanks,\n\nAlan",
      "response_date": [
        "December",
        "13",
        " 2016"
      ],
      "review": "Leader board doesn't work, no multiplayer",
      "review_date": [
        "November",
        "17",
        " 2016"
      ]
    },
    {
      "REQ_subtype": "",
      "REQ_type": "",
      "_id": 4,
      "author_id": "not defined",
      "author_name": "A-hAAn",
      "helpful": "0",
      "polarity": "",
      "rate": 1,
      "response": "Hi,\n\nCould you tell us more about the problems you had with the controller movement? Was this with positioning the ball? Throwing a straight ball? The angle of a straight ball? Throwing a curve ball?\n\nWe have updated the control scheme to make the movement of the ball more natural. Hopefully that addresses some of your concerns.\n\nThanks,\n\nAlan",
      "response_date": [
        "December",
        "13",
        " 2016"
      ],
      "review": "Was too late to refund, the game is way to static and the controller movement is ignored or read wrong most of the times",
      "review_date": [
        "December",
        "8",
        " 2016"
      ]
    },
    {
      "REQ_subtype": "",
      "REQ_type": "",
      "_id": 5,
      "author_id": "not defined",
      "author_name": "jan Ansbach",
      "helpful": "0",
      "polarity": "",
      "rate": 5,
      "response": "Thanks Jan",
      "response_date": [
        "December",
        "13",
        " 2016"
      ],
      "review": "Nice app",
      "review_date": [
        "November",
        "18",
        " 2016"
      ]
    },
    {
      "REQ_subtype": "",
      "REQ_type": "",
      "_id": 6,
      "author_id": "not defined",
      "author_name": "Terry Narwol",
      "helpful": "0",
      "polarity": "",
      "rate": 2,
      "response": "Hi Terry,\n\nWe have updated the control scheme for moving the ball, hopefully this addresses at least some of your concern. Is the consistency problem with straight balls? You are correct that the speed of the ball is not relative to the speed of your arm. We found it made the controls more difficult when testing with it.\n\nThanks,\n\nAlan",
      "response_date": [
        "December",
        "13",
        " 2016"
      ],
      "review": "The controls are awful. It's really hard to be consistent and have any idea where the ball will go. The speed of the ball has nothing to do with how fast you move your arm.",
      "review_date": [
        "December",
        "7",
        " 2016"
      ]
    },
    {
      "REQ_subtype": "",
      "REQ_type": "",
      "_id": 7,
      "author_id": "not defined",
      "author_name": "Chris Runco",
      "helpful": "0",
      "polarity": "",
      "rate": 1,
      "response": "Hi Chris,\n\nWhich shot is proving problematic for you? Straight ball? Curve ball? We tested quite a few control schemes to try to simplify the controls and make them intuitive.  We would be happy to learn from your experience and help you get the most from the game.\n\nThanks,\n\nAlan",
      "response_date": [
        "December",
        "13",
        " 2016"
      ],
      "review": "I can never get a consistent shot with this game, it all just feels hastily made",
      "review_date": [
        "December",
        "9",
        " 2016"
      ]
    },
    {
      "REQ_subtype": "",
      "REQ_type": "",
      "_id": 8,
      "author_id": "not defined",
      "author_name": "Aj Jordan",
      "helpful": "0",
      "polarity": "",
      "rate": 2,
      "response": "Hi Aj,\n\nYou should not be having framerate issues, we would like to investigate this further with you as we have tested extensively on the Pixel with no framerate problems. \n\nWe have updated the control scheme in an update. Let me know if that addresses your concerns with the interaction.\n\nThanks,\n\nAlan",
      "response_date": [
        "December",
        "13",
        " 2016"
      ],
      "review": "Frame rate is low and motions are just okay. Will try again when an update comes",
      "review_date": [
        "November",
        "30",
        " 2016"
      ]
    }
  ],
  "size": "26",
  "url": "https://play.google.com/store/apps/details?id=com.tribalcity.actionbowlingvr",
  "version": "1.1.2"
}