{
  "categories": [
    "Adventure"
  ],
  "description": "Sisters: Faye & Elsa Part I: https://play.google.com/store/apps/details?id=com.Otherworld.SistersUnoSisters: Faye & Elsa Part II: https://play.google.com/store/apps/details?id=com.Otherworld.SistersDosWillahauk, Massachusetts. 1993. Aunt Faye has gone missing. That\u2019s how you \u2013 Emmanuel Burke \u2013 came to be locked inside her old house at 11 Sansome Way, only to discover it may not be so empty after all.In the third and final episode of SISTERS: FAYE & ELSA \u2013 a horror adventure series from Otherworld Interactive \u2013 you\u2019ll uncover Aunt Faye\u2019s past and fight your way out of the haunted, doll-infested mansion to freedom.Pull on your Daydream and step into a waking nightmare.",
  "inc": "Otherworld Interactive",
  "intalled_count": "100",
  "last_update": [
    "July",
    "13",
    " 2017"
  ],
  "name": "Sisters: Faye & Elsa Part III",
  "offered_by": "Google Commerce Ltd",
  "permissions": {
    "Other": [
      "full network access"
    ]
  },
  "price": "",
  "rate": [
    [
      "3",
      "4.7"
    ],
    [
      "2",
      "5"
    ],
    [
      "1",
      "4"
    ],
    [
      "0",
      "3"
    ],
    [
      "0",
      "2"
    ],
    [
      "0",
      "1"
    ]
  ],
  "required_android": "7.0",
  "reviews": [],
  "size": "26",
  "url": "https://play.google.com/store/apps/details?id=com.Otherworld.SistersFEThree",
  "version": "1.13"
}