{
  "categories": [
    "Arcade"
  ],
  "description": "Take control of a planetary lander and guide it safely to it's destination. Use the daydream controller to fire the engines and tilt the craft but be careful not to land too hard or run out of fuel. Surprises await as the challenges get tougher!",
  "inc": "Duncan Roberts",
  "intalled_count": "1,000",
  "last_update": [
    "July",
    "27",
    " 2017"
  ],
  "name": "Capsule Commander VR",
  "offered_by": "Google Commerce Ltd",
  "permissions": {
    "Other": [
      "full network access"
    ]
  },
  "price": "",
  "rate": [
    [
      "6",
      "3.7"
    ],
    [
      "3",
      "5"
    ],
    [
      "0",
      "4"
    ],
    [
      "2",
      "3"
    ],
    [
      "0",
      "2"
    ],
    [
      "1",
      "1"
    ]
  ],
  "required_android": "7.0",
  "reviews": [
    {
      "REQ_subtype": "",
      "REQ_type": "",
      "_id": 0,
      "author_id": "not defined",
      "author_name": "Jacques Bayman",
      "helpful": "1",
      "polarity": "",
      "rate": 3,
      "response": "Hi Jacques,\nThanks for your feedback, I've taken this on board and will be making some amendments to the fuel and adding a free play mode for each level in response. It might take me a bit of time but I hope for this to be done by the end of the year.\nAll the best,\nDuncan",
      "response_date": [
        "November",
        "14",
        " 2017"
      ],
      "review": "Good graphics and easy control, but too difficult to play. There is just not enough fuel. I can get only the first three levels on the moon. Give me some more time to enjoy flying around. Maybe a training mode with unlimited fuel.",
      "review_date": [
        "November",
        "12",
        " 2017"
      ]
    },
    {
      "REQ_subtype": "",
      "REQ_type": "",
      "_id": 1,
      "author_id": "not defined",
      "author_name": "Paddy Landau",
      "helpful": "0",
      "polarity": "",
      "rate": 3,
      "response": "Hi Paddy, Thanks for your feedback. I'll take that on board and see if I can add some easier levels to make progress easier, until it gets more difficult! Thanks again, Duncan",
      "response_date": [
        "June",
        "4",
        " 2018"
      ],
      "review": "Nice retro game, taking me back to the early arcade games. Unfortunately, \nthis is rather too hard; it requires lengthy dedicated practice.",
      "review_date": [
        "May",
        "26",
        " 2018"
      ]
    },
    {
      "REQ_subtype": "",
      "REQ_type": "",
      "_id": 2,
      "author_id": "not defined",
      "author_name": "Russell Deasley",
      "helpful": "0",
      "polarity": "",
      "rate": 1,
      "response": "Hi Russell, I'm so sorry to hear the game is not working for you. I believe I've found an issue with the S8 and the way I am rendering the game that I will endeavour to fix as soon as I can. I understand your frustration and apologise for the annoyance.",
      "response_date": [
        "January",
        "16",
        " 2018"
      ],
      "review": "Sadly not working for Samsung S8 or S8+. - loads and the screen goes blank. Then only sound no video.",
      "review_date": [
        "January",
        "16",
        " 2018"
      ]
    },
    {
      "REQ_subtype": "",
      "REQ_type": "",
      "_id": 3,
      "author_id": "not defined",
      "author_name": "Colin Webb",
      "helpful": "1",
      "polarity": "",
      "rate": 5,
      "response": "Thanks Colin, I hope you enjoyed it!",
      "response_date": [
        "October",
        "25",
        " 2017"
      ],
      "review": "Played this in the early 80s now in VR.",
      "review_date": [
        "October",
        "25",
        " 2017"
      ]
    },
    {
      "REQ_subtype": "",
      "REQ_type": "",
      "_id": 4,
      "author_id": "not defined",
      "author_name": "A Google user",
      "helpful": "1",
      "polarity": "",
      "rate": 5,
      "response": "",
      "response_date": "",
      "review": "Really enjoyed this game! Was difficult but who doesn't like a challenge?",
      "review_date": [
        "November",
        "22",
        " 2017"
      ]
    }
  ],
  "size": "",
  "url": "https://play.google.com/store/apps/details?id=com.Duncan.CapsuleCommander",
  "version": "3.02"
}