{
  "categories": [
    "Entertainment"
  ],
  "description": "Erleben Sie den K\u00f6lner Dom auf eine v\u00f6llig neue Art: Schauen Sie im Rundumblick den Skulpturenrettern der Dombauh\u00fctte bei ihrer Arbeit \u00fcber die Schultern. Genie\u00dfen Sie ein n\u00e4chtliches Chorkonzert in 360\u00b0 vor dem Dreik\u00f6nigenschrein oder erleben Sie die Kathedrale auf einer virtuellen Zeitreise. Wir sind uns sicher: So haben Sie das UNESCO-Weltkulturerbe noch nie erlebt.Das 360\u00b0-/VR-Projekt des WDR zum K\u00f6lner Dom wurde mit dem Grimme Online Award ausgezeichnet.Mit Hilfe dieser App k\u00f6nnen Sie Bilder und Geschichten in der Rundum-Ansicht erleben - als w\u00e4ren Sie mitten drin. \u00c4ndern Sie die Perspektive, indem Sie Ihr Smartphone oder Tablet schwenken oder innerhalb des Bildes mit dem Finger wischen. Noch intensiver tauchen Sie in unser 360\u00b0-Angebot ein, wenn Ihr Smartphone mit einer VR-Brille oder einem Cardboard kombiniert wird. Die Inhalte dieser App werden regelm\u00e4\u00dfig und fortlaufend aktualisiert.",
  "inc": "Westdeutscher Rundfunk",
  "intalled_count": "10,000",
  "last_update": [
    "October",
    "16",
    " 2017"
  ],
  "name": "WDR 360 VR",
  "offered_by": "Google Commerce Ltd",
  "permissions": {
    "Photos/Media/Files": [
      "read the contents of your USB storage",
      "modify or delete the contents of your USB storage"
    ],
    "Storage": [
      "read the contents of your USB storage",
      "modify or delete the contents of your USB storage"
    ],
    "Other": [
      "download files without notification",
      "view network connections",
      "full network access",
      "view network connections",
      "full network access",
      "control Near Field Communication"
    ]
  },
  "price": "",
  "rate": [
    [
      "86",
      "4.1"
    ],
    [
      "62",
      "5"
    ],
    [
      "3",
      "4"
    ],
    [
      "5",
      "3"
    ],
    [
      "3",
      "2"
    ],
    [
      "13",
      "1"
    ]
  ],
  "required_android": "4.4",
  "reviews": [],
  "size": "Varies with devic",
  "url": "https://play.google.com/store/apps/details?id=de.WDR.VR",
  "version": "Varies with device"
}