{
  "categories": [
    "Action"
  ],
  "description": "Rez Infinite must be seen\u2014and heard\u2014to be believed. (40+ awards & nominations!)Daydream Ready Headset & Controller is required to play.*Free trial included. Unlock the full game to enjoy all of what the game has to offer! One of the most critically-acclaimed games of all time comes to Daydream in style: Experience 360 degrees of mind-blowing synesthesia as you blast through waves of enemies and giant transforming bosses, with colors and sounds that sync and blend to the beat of Rez\u2019s legendary techno soundtrack.Survive the cyberspace gauntlet of the Project-K network and reawaken Eden to save a world on the verge of societal collapse in this action-packed arcade shooter.\u201c\u2026this is one VR videogame that should be in your library.\u201d-VR Focus\u201cI'm struck by how gorgeous and thrilling the classic game is, 16 years later\u201d-Eurogamer\"the all-new Area X stage is one of the best virtual reality experiences we\u2019ve ever had\u201d-Metro (UK)\u201cthere\u2019s no denying the magical way that this game combines music, visuals and gameplay together.\u201d-The Sixth Axis- Incredible Environments: Experience classic Rez levels Areas 1 through 5 optimized for mobile VR, and an all-new free-flying experience in Area X.- Beautiful Soundscapes: Become immersed in Rez's incredible music and sound effects.**Wired headphones highly recommended for the best audio experience.Language options: English, Japanese, French, Italian, German, SpanishFollow us for the latest updates:Twitter: twitter.com/Enhance_Games Facebook: facebook.com/EnhanceCommunityInstagram: instagram.com/enhance_games",
  "inc": "Enhance Games",
  "intalled_count": "10,000",
  "last_update": [
    "January",
    "15",
    " 2018"
  ],
  "name": "Rez Infinite",
  "offered_by": "Google Commerce Ltd",
  "permissions": {
    "Photos/Media/Files": [
      "read the contents of your USB storage",
      "modify or delete the contents of your USB storage"
    ],
    "Storage": [
      "read the contents of your USB storage",
      "modify or delete the contents of your USB storage"
    ],
    "Other": [
      "full network access",
      "Google Play license check"
    ]
  },
  "price": "",
  "rate": [
    [
      "74",
      "4.3"
    ],
    [
      "51",
      "5"
    ],
    [
      "9",
      "4"
    ],
    [
      "7",
      "3"
    ],
    [
      "0",
      "2"
    ],
    [
      "7",
      "1"
    ]
  ],
  "required_android": "7.0",
  "reviews": [
    {
      "REQ_subtype": "",
      "REQ_type": "",
      "_id": 0,
      "author_id": "not defined",
      "author_name": "Greg Western",
      "helpful": "2",
      "polarity": "",
      "rate": 4,
      "response": "",
      "response_date": "",
      "review": "One of my favorite games, and an all-around excellent port. The only issue for me is that sound effects cut out prematurely or don't play at all on my Bluetooth headphones. The audio quality on those is much better than my ear buds, so I'd love to be able to use them, since this is such an audio-focused game. I emailed support about that a week ago, but they never replied. Other than that issue, and support's unresponsiveness, I think this is very well done.  Update: support got back to me today and said they'll take a look at the Bluetooth issue!",
      "review_date": [
        "March",
        "16",
        " 2018"
      ]
    },
    {
      "REQ_subtype": "",
      "REQ_type": "",
      "_id": 1,
      "author_id": "not defined",
      "author_name": "Jane R",
      "helpful": "2",
      "polarity": "",
      "rate": 5,
      "response": "",
      "response_date": "",
      "review": "This is the best use of daydream VR I've seen yet. It is visually stunning and deeply engaging. I'm filled with awe and wonder at the beauty of it all, and longing for more. The controls are simple and elegant, very easy to use. Rez for ps2 was one of my favorite games and this all the old Rez levels and 10 minutes of new content.",
      "review_date": [
        "January",
        "28",
        " 2018"
      ]
    },
    {
      "REQ_subtype": "",
      "REQ_type": "",
      "_id": 2,
      "author_id": "not defined",
      "author_name": "Michael Thaler",
      "helpful": "4",
      "polarity": "",
      "rate": 4,
      "response": "",
      "response_date": "",
      "review": "It's classic Rez, and that's great! But the audio's a little messed up. I don't know what be the issue is, maybe something about Android's low latency audio limitations, but the audio doesn't quite sync up right with he action, which is critical. I hope a patch is coming!",
      "review_date": [
        "February",
        "1",
        " 2018"
      ]
    },
    {
      "REQ_subtype": "",
      "REQ_type": "",
      "_id": 3,
      "author_id": "not defined",
      "author_name": "Cameron Kilgore",
      "helpful": "1",
      "polarity": "",
      "rate": 5,
      "response": "",
      "response_date": "",
      "review": "I've played this twice before, for PS2 and Xbox 360, but the VR support makes this the penultimate version of Rez to date. Its never looked better even on Daydream.  Anyone buying into Daydream or VR has to own this.",
      "review_date": [
        "January",
        "29",
        " 2018"
      ]
    },
    {
      "REQ_subtype": "",
      "REQ_type": "",
      "_id": 4,
      "author_id": "not defined",
      "author_name": "Inotamira Orani",
      "helpful": "1",
      "polarity": "",
      "rate": 1,
      "response": "",
      "response_date": "",
      "review": "I would easily give this game 5 stars as I've been a fan since the \nDreamcast and know how amazing it is, but the game just doesn't launch, it \nsits on a black screen and never loads on my Pixel. Please, PLEASE, fix \nthis!",
      "review_date": [
        "May",
        "5",
        " 2018"
      ]
    },
    {
      "REQ_subtype": "",
      "REQ_type": "",
      "_id": 5,
      "author_id": "not defined",
      "author_name": "Krasimir Kazakov",
      "helpful": "5",
      "polarity": "",
      "rate": 1,
      "response": "",
      "response_date": "",
      "review": "Black screen, nothing happens for a minute. No loading indicator, nothing. Tried several times, killed app, no result. Pixel 2 with latest oreo 8.1",
      "review_date": [
        "March",
        "1",
        " 2018"
      ]
    },
    {
      "REQ_subtype": "",
      "REQ_type": "",
      "_id": 6,
      "author_id": "not defined",
      "author_name": "Simon Dupuis Howard",
      "helpful": "0",
      "polarity": "",
      "rate": 4,
      "response": "",
      "response_date": "",
      "review": "It's incredible how this old game translates magically so well into VR. This game was released in 2001 for the Dreamcast!  This game has a special place in my heart, played it on all it's releases.  Pros : the game play is still great, the graphics are simply awesome in VR, very smoot, works so well! The music is timeless, still get goosebumps as the beats build up.  Cons : I know all the audio queues of this game, there is a clear audio problem. Shooting the threats, usually makes a lot of audio bits, on Android it's a mix of late/lag or the audio simply doesn't play. Area X, while it looks utterly mesmerizing, the audio is at its worst there, constant cutouts. It's sad really.   I would of given 5 stars but on my Pixel 2 the audio issues need to be fixed. I do fear this is an Android audio channel issue... This is a known legacy issue for me, not sure if it's been fixed in more recent version of Android. I really really really hope they can fix it though, it would make this my favorite version of Rez ever.",
      "review_date": [
        "February",
        "25",
        " 2018"
      ]
    },
    {
      "REQ_subtype": "",
      "REQ_type": "",
      "_id": 7,
      "author_id": "not defined",
      "author_name": "James Shackleford",
      "helpful": "0",
      "polarity": "",
      "rate": 5,
      "response": "",
      "response_date": "",
      "review": "A major improvement over the already legendary PS2 original. VR is truly the way this game was meant to be played. A must purchase for any Daydream owner.",
      "review_date": [
        "January",
        "16",
        " 2018"
      ]
    },
    {
      "REQ_subtype": "",
      "REQ_type": "",
      "_id": 8,
      "author_id": "not defined",
      "author_name": "Jonathan White",
      "helpful": "0",
      "polarity": "",
      "rate": 5,
      "response": "",
      "response_date": "",
      "review": "Great, the best Daydream VR game! Caution to developers - the VR in game \nfont makes it look like the game costs 18.99 as your pound symbol looks to \nme like a 1! The actual price of \u00a38.99 is by contrast good value.",
      "review_date": [
        "June",
        "20",
        " 2018"
      ]
    },
    {
      "REQ_subtype": "",
      "REQ_type": "",
      "_id": 9,
      "author_id": "not defined",
      "author_name": "KoRn BrEd",
      "helpful": "1",
      "polarity": "",
      "rate": 1,
      "response": "",
      "response_date": "",
      "review": "Pixel 2 XL 8.1, game doesn't start. Black screen. Nothing happens.",
      "review_date": [
        "March",
        "17",
        " 2018"
      ]
    },
    {
      "REQ_subtype": "",
      "REQ_type": "",
      "_id": 10,
      "author_id": "not defined",
      "author_name": "Dustin Andrews",
      "helpful": "0",
      "polarity": "",
      "rate": 4,
      "response": "",
      "response_date": "",
      "review": "Awesome game, but using Bluetooth headphones isn't 100%. The app recommends \nwired headphones but most phones don't use those anymore. Please fix sound.",
      "review_date": [
        "April",
        "20",
        " 2018"
      ]
    },
    {
      "REQ_subtype": "",
      "REQ_type": "",
      "_id": 11,
      "author_id": "not defined",
      "author_name": "A Google user",
      "helpful": "0",
      "polarity": "",
      "rate": 3,
      "response": "",
      "response_date": "",
      "review": "Sound is clipping in Area X mode.",
      "review_date": [
        "February",
        "6",
        " 2018"
      ]
    },
    {
      "REQ_subtype": "",
      "REQ_type": "",
      "_id": 12,
      "author_id": "not defined",
      "author_name": "Ashley Noel Hinton",
      "helpful": "0",
      "polarity": "",
      "rate": 5,
      "response": "",
      "response_date": "",
      "review": "I love to visit this game and surf the explosions. This is what I want to do every night.",
      "review_date": [
        "February",
        "11",
        " 2018"
      ]
    },
    {
      "REQ_subtype": "",
      "REQ_type": "",
      "_id": 13,
      "author_id": "not defined",
      "author_name": "Nelson Cabrera",
      "helpful": "0",
      "polarity": "",
      "rate": 5,
      "response": "",
      "response_date": "",
      "review": "Oh my god!",
      "review_date": [
        "February",
        "25",
        " 2018"
      ]
    },
    {
      "REQ_subtype": "",
      "REQ_type": "",
      "_id": 14,
      "author_id": "not defined",
      "author_name": "Bryan Cristina",
      "helpful": "0",
      "polarity": "",
      "rate": 5,
      "response": "",
      "response_date": "",
      "review": "Great version, immersive, good controls. For a phone version it's pretty solid.",
      "review_date": [
        "February",
        "5",
        " 2018"
      ]
    },
    {
      "REQ_subtype": "",
      "REQ_type": "",
      "_id": 15,
      "author_id": "not defined",
      "author_name": "Daniel Brain",
      "helpful": "0",
      "polarity": "",
      "rate": 5,
      "response": "",
      "response_date": "",
      "review": "Great. This game was built for VR.",
      "review_date": [
        "March",
        "10",
        " 2018"
      ]
    },
    {
      "REQ_subtype": "",
      "REQ_type": "",
      "_id": 16,
      "author_id": "not defined",
      "author_name": "William Cooksley",
      "helpful": "0",
      "polarity": "",
      "rate": 5,
      "response": "",
      "response_date": "",
      "review": "Highly emotive",
      "review_date": [
        "February",
        "2",
        " 2018"
      ]
    },
    {
      "REQ_subtype": "",
      "REQ_type": "",
      "_id": 17,
      "author_id": "not defined",
      "author_name": "Art deHoyos",
      "helpful": "3",
      "polarity": "",
      "rate": 4,
      "response": "",
      "response_date": "",
      "review": "I need to put more time into this one but so far, it's amazing and perfect for VR. I loved the game on console and I love it more here.  Note: I had difficulty making the in-app precast for the full game. It turns out that a bug in the current version of the play store prevents the purchase if authentication is required. Turn that off in settings and you'll be good to go. But the game and then turn it back on.",
      "review_date": [
        "December",
        "5",
        " 2017"
      ]
    },
    {
      "REQ_subtype": "",
      "REQ_type": "",
      "_id": 18,
      "author_id": "not defined",
      "author_name": "Jonathan Blamires",
      "helpful": "8",
      "polarity": "",
      "rate": 5,
      "response": "",
      "response_date": "",
      "review": "If you don't buy this then you may as well just throw your daydream vr in the trash. It's a brilliant port of a classic game that feels like it was made for VR all along. I think it's actually too easy to play in VR compared with a controller, as you have such precision control now. I'd actually like to see an option to reduce the size of the aiming square, as this would add some more challenge. Regardless, it's fantastic.",
      "review_date": [
        "November",
        "24",
        " 2017"
      ]
    },
    {
      "REQ_subtype": "",
      "REQ_type": "",
      "_id": 19,
      "author_id": "not defined",
      "author_name": "Paul Hansley",
      "helpful": "4",
      "polarity": "",
      "rate": 5,
      "response": "",
      "response_date": "",
      "review": "This game is incredible. I'll list 2 things that make this game stand apart from the others: 1) Because of the art using a lot of black color, the Daydream doesn't get nearly as hot as with other apps. 2) The sound for this game is an audiophile's dream.",
      "review_date": [
        "December",
        "12",
        " 2017"
      ]
    },
    {
      "REQ_subtype": "",
      "REQ_type": "",
      "_id": 20,
      "author_id": "not defined",
      "author_name": "Kiba Lonewolf",
      "helpful": "0",
      "polarity": "",
      "rate": 3,
      "response": "",
      "response_date": "",
      "review": "It's an amazing game untill you get to the end. You can't shoot any thing and you just die helpless and defenseless. Maybe it only happens to me, but what ever the case. It was definitely not something I was looking forward to after buying the game",
      "review_date": [
        "December",
        "27",
        " 2017"
      ]
    },
    {
      "REQ_subtype": "",
      "REQ_type": "",
      "_id": 21,
      "author_id": "not defined",
      "author_name": "Alex Zaia",
      "helpful": "1",
      "polarity": "",
      "rate": 3,
      "response": "",
      "response_date": "",
      "review": "Words cannot express how keen I have been for this - that said, I'm also having issues regarding the audio. The music is okay, it sounds rather compressed though and the firing sounds aren't \"full\", its as though they're being clipped or something. When firing in 3rd form, it's just clicking when selecting and not really playing the release fire audio. I'm running a Pixel 2 XL and tried with both Bluetooth and cabled headphone modes. I'm leaving at 4 stars because despite this, i did \"Like it\" and it was more than \"Just OK\". I look forward to the next update to see if this issue is resolved!",
      "review_date": [
        "December",
        "8",
        " 2017"
      ]
    },
    {
      "REQ_subtype": "",
      "REQ_type": "",
      "_id": 22,
      "author_id": "not defined",
      "author_name": "George Ashcroft",
      "helpful": "0",
      "polarity": "",
      "rate": 5,
      "response": "",
      "response_date": "",
      "review": "Delayed my purchase after not loving the demo level but after these reviews I committed and wow, Area X was so cool. Looking forward to the rest of the game now too definitely made for VR this game immersive and fun",
      "review_date": [
        "January",
        "9",
        " 2018"
      ]
    },
    {
      "REQ_subtype": "",
      "REQ_type": "",
      "_id": 23,
      "author_id": "not defined",
      "author_name": "Marc Roberts",
      "helpful": "2",
      "polarity": "",
      "rate": 5,
      "response": "",
      "response_date": "",
      "review": "Rez is a pretty timeless game, even 17 years after its initial release it still feels fresh and exciting to play.  It is harder in VR, but an awesome game with great music. It is the best thing to hit Daydream VR full stop.",
      "review_date": [
        "November",
        "22",
        " 2017"
      ]
    },
    {
      "REQ_subtype": "",
      "REQ_type": "",
      "_id": 24,
      "author_id": "not defined",
      "author_name": "Tim Oakley",
      "helpful": "1",
      "polarity": "",
      "rate": 5,
      "response": "",
      "response_date": "",
      "review": "Very nicely done! Used to play this on my phone via the Dreamcast emulator. I used to hope the emulator would add a split screen option just so I could play this in VR. Now, I finally can. Went just as expected, except I find aiming a little easier with the motion controller compared with using the analog stick on a game controller. Good stuff. Gimme more!",
      "review_date": [
        "November",
        "22",
        " 2017"
      ]
    },
    {
      "REQ_subtype": "",
      "REQ_type": "",
      "_id": 25,
      "author_id": "not defined",
      "author_name": "Brian Santos",
      "helpful": "0",
      "polarity": "",
      "rate": 4,
      "response": "",
      "response_date": "",
      "review": "Had the original Sega Dreamcast version and fell in love with this wonderful game all over again. Tweaked the controls to get exactly the right feel but once it's set, it's perfect!",
      "review_date": [
        "November",
        "28",
        " 2017"
      ]
    },
    {
      "REQ_subtype": "",
      "REQ_type": "",
      "_id": 26,
      "author_id": "not defined",
      "author_name": "Brian Hargrove",
      "helpful": "0",
      "polarity": "",
      "rate": 5,
      "response": "",
      "response_date": "",
      "review": "Words can't describe how awesome this game is. You need to install this game and then purchase. You get the original Rez plus the additional level Area X.  You will not be disappointed!",
      "review_date": [
        "December",
        "2",
        " 2017"
      ]
    },
    {
      "REQ_subtype": "",
      "REQ_type": "",
      "_id": 27,
      "author_id": "not defined",
      "author_name": "Dario Venier",
      "helpful": "0",
      "polarity": "",
      "rate": 5,
      "response": "",
      "response_date": "",
      "review": "Rez on Dreamcast was ahead of its time, now the time has come. This was the experience it was always meant to be. I've been waiting so long, but it was worth it, there's nothing like it.",
      "review_date": [
        "November",
        "22",
        " 2017"
      ]
    },
    {
      "REQ_subtype": "",
      "REQ_type": "",
      "_id": 28,
      "author_id": "not defined",
      "author_name": "Anthony Catalano",
      "helpful": "0",
      "polarity": "",
      "rate": 3,
      "response": "",
      "response_date": "",
      "review": "Really surprised at the positive reviews, this might be fun for a half hour for 99 cents.  This game is no where near worth 10 bucks.",
      "review_date": [
        "November",
        "26",
        " 2017"
      ]
    },
    {
      "REQ_subtype": "",
      "REQ_type": "",
      "_id": 29,
      "author_id": "not defined",
      "author_name": "Jens Knutson",
      "helpful": "0",
      "polarity": "",
      "rate": 5,
      "response": "",
      "response_date": "",
      "review": "Amazing rendition of this classic game for VR. This is easily my new favorite Daydream game.",
      "review_date": [
        "November",
        "23",
        " 2017"
      ]
    },
    {
      "REQ_subtype": "",
      "REQ_type": "",
      "_id": 30,
      "author_id": "not defined",
      "author_name": "Simon Browne",
      "helpful": "0",
      "polarity": "",
      "rate": 5,
      "response": "",
      "response_date": "",
      "review": "Rez was waiting for VR and Daydream was waiting for Rez. Killer app, IMO.",
      "review_date": [
        "November",
        "23",
        " 2017"
      ]
    },
    {
      "REQ_subtype": "",
      "REQ_type": "",
      "_id": 31,
      "author_id": "not defined",
      "author_name": "Christopher Como",
      "helpful": "1",
      "polarity": "",
      "rate": 5,
      "response": "",
      "response_date": "",
      "review": "This really shows you what Daydream is capable of! Amazing!!",
      "review_date": [
        "November",
        "22",
        " 2017"
      ]
    },
    {
      "REQ_subtype": "",
      "REQ_type": "",
      "_id": 32,
      "author_id": "not defined",
      "author_name": "Felix Pang",
      "helpful": "0",
      "polarity": "",
      "rate": 5,
      "response": "",
      "response_date": "",
      "review": "So goood",
      "review_date": [
        "November",
        "23",
        " 2017"
      ]
    },
    {
      "REQ_subtype": "",
      "REQ_type": "",
      "_id": 33,
      "author_id": "not defined",
      "author_name": "chuckiev79",
      "helpful": "0",
      "polarity": "",
      "rate": 5,
      "response": "",
      "response_date": "",
      "review": "Perfect",
      "review_date": [
        "December",
        "5",
        " 2017"
      ]
    },
    {
      "REQ_subtype": "",
      "REQ_type": "",
      "_id": 34,
      "author_id": "not defined",
      "author_name": "Ben Tobin",
      "helpful": "13",
      "polarity": "",
      "rate": 3,
      "response": "",
      "response_date": "",
      "review": "The gameplay and graphics are spot on, but as someone who played a ton of Rez on PS2, the experience is super disappointing because the audio is all wrong. The balance between the background music and sound effects is off, but more importantly, the timing isn't there. The sounds just happen whenever, rather than being locked to the rhythm of the music. It completely breaks what was such a beautiful experience in the old game.  Please please please tell me you'll fix this. Rez is my favorite game ever.",
      "review_date": [
        "November",
        "21",
        " 2017"
      ]
    },
    {
      "REQ_subtype": "",
      "REQ_type": "",
      "_id": 35,
      "author_id": "not defined",
      "author_name": "James Zickmantel",
      "helpful": "0",
      "polarity": "",
      "rate": 1,
      "response": "Thank you for your attempt in trying to purchase the game! If the issue was \"Exit VR/PIN\" related, it lies outside of our app. We have confirmed the occurrence across other devices as well as other Daydream apps. We kindly ask that you contact Google Support to resolve the issue. We hope you have a chance to play the full game soon!",
      "response_date": [
        "December",
        "6",
        " 2017"
      ],
      "review": "Has dependency with Google which won't work without a credit card. My only regret is there isn't a zero star option cause it was unusable.",
      "review_date": [
        "November",
        "29",
        " 2017"
      ]
    }
  ],
  "size": "33",
  "url": "https://play.google.com/store/apps/details?id=com.enhancegames.rez",
  "version": "1.0.3"
}