{
  "categories": [
    "Puzzle"
  ],
  "description": "Solve  puzzles to find your way out of the room before it is too late - Something lurks deep in the shadows. Welcome to a place where everything you ever imagined can be true, even your worst nightmare.\u201cWho in the world am I? Ah, that's the great puzzle.\u201d - Lewis Caroll\u201cImagination is the only weapon in the war against reality.\u201d \u2015 Lewis Carroll, Alice in WonderlandThe Rabbit Hole is an immersive, intense and mind-bending experience built for DayDream!To get the uttermost experience use while standing up and using headphones.\u274f A dark environment built with Unreal 4\u274f Live an Escape the Room experience in Virtual Reality\u274f More than 5 puzzles challenges \u274f Incredible virtual sound effects",
  "inc": "VRMonkey",
  "intalled_count": "100",
  "last_update": [
    "November",
    "23",
    " 2017"
  ],
  "name": "The Rabbit Hole - Escape the Room",
  "offered_by": "Google Commerce Ltd",
  "permissions": {
    "Photos/Media/Files": [
      "read the contents of your USB storage",
      "modify or delete the contents of your USB storage"
    ],
    "Storage": [
      "read the contents of your USB storage",
      "modify or delete the contents of your USB storage"
    ],
    "Wi-Fi connection information": [
      "view Wi-Fi connections"
    ],
    "Other": [
      "view network connections",
      "full network access",
      "change your audio settings",
      "control vibration",
      "prevent device from sleeping",
      "Google Play license check"
    ]
  },
  "price": "",
  "rate": [
    [
      "5",
      "3.2"
    ],
    [
      "2",
      "5"
    ],
    [
      "0",
      "4"
    ],
    [
      "1",
      "3"
    ],
    [
      "1",
      "2"
    ],
    [
      "1",
      "1"
    ]
  ],
  "required_android": "7.0",
  "reviews": [],
  "size": "28",
  "url": "https://play.google.com/store/apps/details?id=br.com.vrmonkey.rabbitholefull",
  "version": "1.10.0"
}