{
  "categories": [
    "Education"
  ],
  "description": "Speech Center VR is a VR educational platform that helps to become a better public speaker through a series of VR courses and gives a possibility to practice solo \u2014 all in unique, immersive and responsive virtual environments. Attend two courses - on mastering public speaking and handling stressful situations during a speech - and then practice a presentation in different locations. First course 'Making Public Speaking a Reality' is presented by international journalist and anchor Sean Thomas sharing his tips and techniques for a speech to fully serve its goals in 12 targeted lessons. Second course 'Handling Distractions During a Speech' consists of 5 unique sessions with all possible scenarios containing different external factors intervening with a speech plan. And then practicing is very ease: just upload a presentation to your phone and display it in any environment you want.Speech Center VR is a sophisticated and comprehensive program to become a pro at public speaking.",
  "inc": "CEREVRUM Inc.",
  "intalled_count": "500",
  "last_update": [
    "February",
    "3",
    " 2017"
  ],
  "name": "Speech Center VR",
  "offered_by": "Google Commerce Ltd",
  "permissions": {
    "Photos/Media/Files": [
      "read the contents of your USB storage",
      "modify or delete the contents of your USB storage"
    ],
    "Storage": [
      "read the contents of your USB storage",
      "modify or delete the contents of your USB storage"
    ],
    "Microphone": [
      "record audio"
    ],
    "Wi-Fi connection information": [
      "view Wi-Fi connections"
    ],
    "Other": [
      "view network connections",
      "full network access"
    ]
  },
  "price": "",
  "rate": [
    [
      "16",
      "1.5"
    ],
    [
      "2",
      "5"
    ],
    [
      "0",
      "4"
    ],
    [
      "0",
      "3"
    ],
    [
      "0",
      "2"
    ],
    [
      "14",
      "1"
    ]
  ],
  "required_android": "7.0",
  "reviews": [
    {
      "REQ_subtype": "",
      "REQ_type": "",
      "_id": 0,
      "author_id": "not defined",
      "author_name": "em2ganesh",
      "helpful": "3",
      "polarity": "",
      "rate": 1,
      "response": "",
      "response_date": "",
      "review": "I hope you understood  the language in which we are giving feedback. App does not move after first screen. Urgent resolution required. Otherwise give back the payment made. Getting no response from developer even after lot of complaints. Do something for the money that we paid.",
      "review_date": [
        "November",
        "22",
        " 2017"
      ]
    },
    {
      "REQ_subtype": "",
      "REQ_type": "",
      "_id": 1,
      "author_id": "not defined",
      "author_name": "Jarland Donnell",
      "helpful": "2",
      "polarity": "",
      "rate": 1,
      "response": "",
      "response_date": "",
      "review": "Doesn't work. Loads to a logo, that's where it sits. Unless the purpose is to force you to quietly contemplate your life, which you can probably do for less than the $5 this costs, don't buy.",
      "review_date": [
        "October",
        "15",
        " 2017"
      ]
    },
    {
      "REQ_subtype": "",
      "REQ_type": "",
      "_id": 2,
      "author_id": "not defined",
      "author_name": "Travis Hurst",
      "helpful": "2",
      "polarity": "",
      "rate": 1,
      "response": "",
      "response_date": "",
      "review": "Doesn't work as seen in other reviews. I should have tested it before the 2 hour refund policy ended. It looks like the developer has completely abandoned it.",
      "review_date": [
        "January",
        "3",
        " 2018"
      ]
    },
    {
      "REQ_subtype": "",
      "REQ_type": "",
      "_id": 3,
      "author_id": "not defined",
      "author_name": "Victor Tan",
      "helpful": "0",
      "polarity": "",
      "rate": 5,
      "response": "",
      "response_date": "",
      "review": "Love this. Have watched every lecture in the first eight, and all are magnificent. I am currently watching the introductions section, and although it doesn't work because I cannot shoot the arrow, the course has given me great professional benefit and has taught me very much about how to speak and to learn well to convey my information.  I will continue to speak well, and thank you for your contributions into everyone's lives when they become capable of understanding the message that you are getting across: Thank each and every one of you with your unique voices who have filtered into one another's lives to create something that was greater than the sum of it's parts :)",
      "review_date": [
        "April",
        "28",
        " 2017"
      ]
    },
    {
      "REQ_subtype": "",
      "REQ_type": "",
      "_id": 4,
      "author_id": "not defined",
      "author_name": "drycube2",
      "helpful": "1",
      "polarity": "",
      "rate": 1,
      "response": "",
      "response_date": "",
      "review": "Does not work, it's a scam and developer needs to be held accountable and not only refund monies spent on this app, but banned from developing future apps as well!!!",
      "review_date": [
        "January",
        "7",
        " 2018"
      ]
    },
    {
      "REQ_subtype": "",
      "REQ_type": "",
      "_id": 5,
      "author_id": "not defined",
      "author_name": "Gerald Loughman",
      "helpful": "1",
      "polarity": "",
      "rate": 1,
      "response": "",
      "response_date": "",
      "review": "Just like everyone else, it loads to a logo then does nothing",
      "review_date": [
        "January",
        "9",
        " 2018"
      ]
    },
    {
      "REQ_subtype": "",
      "REQ_type": "",
      "_id": 6,
      "author_id": "not defined",
      "author_name": "Nick Whalen",
      "helpful": "0",
      "polarity": "",
      "rate": 1,
      "response": "",
      "response_date": "",
      "review": "Couldn't get past the logo. Broken app. Pixel 2",
      "review_date": [
        "November",
        "5",
        " 2017"
      ]
    },
    {
      "REQ_subtype": "",
      "REQ_type": "",
      "_id": 7,
      "author_id": "not defined",
      "author_name": "Jesse Addison",
      "helpful": "0",
      "polarity": "",
      "rate": 1,
      "response": "",
      "response_date": "",
      "review": "Stuck on logo screen. Fix it!",
      "review_date": [
        "December",
        "3",
        " 2017"
      ]
    },
    {
      "REQ_subtype": "",
      "REQ_type": "",
      "_id": 8,
      "author_id": "not defined",
      "author_name": "Hansol Rheem",
      "helpful": "0",
      "polarity": "",
      "rate": 1,
      "response": "",
      "response_date": "",
      "review": "Its doesn't\u200b work. Don't buy this",
      "review_date": [
        "October",
        "29",
        " 2017"
      ]
    },
    {
      "REQ_subtype": "",
      "REQ_type": "",
      "_id": 9,
      "author_id": "not defined",
      "author_name": "Himanshu Sahu",
      "helpful": "2",
      "polarity": "",
      "rate": 1,
      "response": "",
      "response_date": "",
      "review": "Not going past initial screen on my Pixel XL",
      "review_date": [
        "August",
        "22",
        " 2017"
      ]
    },
    {
      "REQ_subtype": "",
      "REQ_type": "",
      "_id": 10,
      "author_id": "not defined",
      "author_name": "Nelson Araujo",
      "helpful": "1",
      "polarity": "",
      "rate": 1,
      "response": "",
      "response_date": "",
      "review": "Does not load past the initial screen on the Pixel XL",
      "review_date": [
        "September",
        "8",
        " 2017"
      ]
    },
    {
      "REQ_subtype": "",
      "REQ_type": "",
      "_id": 11,
      "author_id": "not defined",
      "author_name": "Tyler Thomas",
      "helpful": "0",
      "polarity": "",
      "rate": 1,
      "response": "",
      "response_date": "",
      "review": "Stuck on boot logo",
      "review_date": [
        "January",
        "14",
        " 2018"
      ]
    },
    {
      "REQ_subtype": "",
      "REQ_type": "",
      "_id": 12,
      "author_id": "not defined",
      "author_name": "Sergio Rey-Silva",
      "helpful": "0",
      "polarity": "",
      "rate": 1,
      "response": "",
      "response_date": "",
      "review": "Doesn't work...",
      "review_date": [
        "February",
        "14",
        " 2018"
      ]
    },
    {
      "REQ_subtype": "",
      "REQ_type": "",
      "_id": 13,
      "author_id": "not defined",
      "author_name": "Artur Janas",
      "helpful": "0",
      "polarity": "",
      "rate": 1,
      "response": "",
      "response_date": "",
      "review": "Doesn't work",
      "review_date": [
        "December",
        "23",
        " 2017"
      ]
    }
  ],
  "size": "35",
  "url": "https://play.google.com/store/apps/details?id=com.cerevrum.speechcenter.gvr",
  "version": "1.0"
}