{
  "categories": [
    "Beauty"
  ],
  "description": "Being the #1 Model support service in the UK, UK Models can advise you on your model potential, the types of modelling you are suited to and, if modelling is something you are serious about, help you to create and build your personal, professional model portfolio.You can use our APP to send an application or track an existing application you made through our website.Our website limits you to one photo per application however you can upload up to three photos using our app. You can also edit an application you made through our website using the app within a limited period. No need to contact us if you have made an error in your application.You will receive real-time\u200b push notifications whenever your application status changes, so you don't have to keep checking your email.",
  "inc": "UK Models",
  "intalled_count": "5,000",
  "last_update": [
    "February",
    "26",
    " 2018"
  ],
  "name": "UK Models",
  "offered_by": "Google Commerce Ltd",
  "permissions": {
    "Identity": [
      "find accounts on the device",
      "read your own contact card"
    ],
    "Contacts": [
      "find accounts on the device",
      "read your contacts"
    ],
    "Photos/Media/Files": [
      "read the contents of your USB storage",
      "modify or delete the contents of your USB storage"
    ],
    "Storage": [
      "read the contents of your USB storage",
      "modify or delete the contents of your USB storage"
    ],
    "Other": [
      "receive data from Internet",
      "view network connections",
      "full network access",
      "prevent device from sleeping"
    ]
  },
  "price": "",
  "rate": [
    [
      "17",
      "4.3"
    ],
    [
      "11",
      "5"
    ],
    [
      "3",
      "4"
    ],
    [
      "1",
      "3"
    ],
    [
      "1",
      "2"
    ],
    [
      "1",
      "1"
    ]
  ],
  "required_android": "4.4",
  "reviews": [
    {
      "REQ_subtype": "",
      "REQ_type": "",
      "_id": 0,
      "author_id": "not defined",
      "author_name": "Mo Hanlon",
      "helpful": "1",
      "polarity": "",
      "rate": 5,
      "response": "",
      "response_date": "",
      "review": "I sign-up with the app and got a call straight away. UK Models is the real \ndeal. Don\u2019t confuse them with an agency though.",
      "review_date": [
        "June",
        "15",
        " 2018"
      ]
    },
    {
      "REQ_subtype": "",
      "REQ_type": "",
      "_id": 1,
      "author_id": "not defined",
      "author_name": "Jebon Hassan",
      "helpful": "1",
      "polarity": "",
      "rate": 5,
      "response": "",
      "response_date": "",
      "review": "Dead easy to apply to become a model and they get back to you within a day \nor so.",
      "review_date": [
        "June",
        "14",
        " 2018"
      ]
    },
    {
      "REQ_subtype": "",
      "REQ_type": "",
      "_id": 2,
      "author_id": "not defined",
      "author_name": "Nia Jax",
      "helpful": "1",
      "polarity": "",
      "rate": 5,
      "response": "",
      "response_date": "",
      "review": "I'm in love with my portfolio.thanks bluerooms.you guys totally rock.",
      "review_date": [
        "June",
        "14",
        " 2018"
      ]
    },
    {
      "REQ_subtype": "",
      "REQ_type": "",
      "_id": 3,
      "author_id": "not defined",
      "author_name": "A Google user",
      "helpful": "0",
      "polarity": "",
      "rate": 5,
      "response": "",
      "response_date": "",
      "review": "I\u2019m in love with my portfolio. Thanks Bluerooms. You guys totally rock.",
      "review_date": [
        "June",
        "15",
        " 2018"
      ]
    },
    {
      "REQ_subtype": "",
      "REQ_type": "",
      "_id": 4,
      "author_id": "not defined",
      "author_name": "A Google user",
      "helpful": "0",
      "polarity": "",
      "rate": 5,
      "response": "",
      "response_date": "",
      "review": "nice.",
      "review_date": [
        "June",
        "14",
        " 2018"
      ]
    },
    {
      "REQ_subtype": "",
      "REQ_type": "",
      "_id": 5,
      "author_id": "not defined",
      "author_name": "Sarah Millard",
      "helpful": "0",
      "polarity": "",
      "rate": 2,
      "response": "",
      "response_date": "",
      "review": "This app doesn't work! Trying to check application process and it's not \ndoing anything. Wont load and just says error. Have now uninstalled",
      "review_date": [
        "June",
        "8",
        " 2018"
      ]
    },
    {
      "REQ_subtype": "",
      "REQ_type": "",
      "_id": 6,
      "author_id": "not defined",
      "author_name": "mark wood",
      "helpful": "2",
      "polarity": "",
      "rate": 3,
      "response": "",
      "response_date": "",
      "review": "UK Models is one of the leading modelling platforms in the UK.UK Models can \nadvise you on your model potential, the types of modelling you are suited \nto and, if modelling is something you are serious about, help you to create \nand build your personal, professional model portfolio.",
      "review_date": [
        "June",
        "13",
        " 2018"
      ]
    },
    {
      "REQ_subtype": "",
      "REQ_type": "",
      "_id": 7,
      "author_id": "not defined",
      "author_name": "Melkor",
      "helpful": "0",
      "polarity": "",
      "rate": 1,
      "response": "Hello, We have been operating for over 15 years as a model support service. We are not part of any 'network' as you claim and we're definitely not a scam. It seems you have posted a review for the wrong company.",
      "response_date": [
        "June",
        "5",
        " 2018"
      ],
      "review": "Shady company involved in a network of scams. Avoid avoid avoid",
      "review_date": [
        "April",
        "19",
        " 2018"
      ]
    },
    {
      "REQ_subtype": "",
      "REQ_type": "",
      "_id": 8,
      "author_id": "not defined",
      "author_name": "lilian zoey",
      "helpful": "0",
      "polarity": "",
      "rate": 4,
      "response": "",
      "response_date": "",
      "review": "I\u2019m giving this review a 4 star cause it keeps crashing when I try to \nupload the images.",
      "review_date": [
        "June",
        "15",
        " 2018"
      ]
    },
    {
      "REQ_subtype": "",
      "REQ_type": "",
      "_id": 9,
      "author_id": "not defined",
      "author_name": "A Google user",
      "helpful": "0",
      "polarity": "",
      "rate": 4,
      "response": "",
      "response_date": "",
      "review": "Please add an option to include my social media profiles. It would make \nthis app a 5 star.",
      "review_date": [
        "June",
        "14",
        " 2018"
      ]
    },
    {
      "REQ_subtype": "",
      "REQ_type": "",
      "_id": 10,
      "author_id": "not defined",
      "author_name": "Chad Boysen",
      "helpful": "0",
      "polarity": "",
      "rate": 5,
      "response": "",
      "response_date": "",
      "review": "Solid app. Well built and performs better than the Apple counterpart lol.",
      "review_date": [
        "June",
        "15",
        " 2018"
      ]
    },
    {
      "REQ_subtype": "",
      "REQ_type": "",
      "_id": 11,
      "author_id": "not defined",
      "author_name": "Isabella Olivia",
      "helpful": "0",
      "polarity": "",
      "rate": 5,
      "response": "",
      "response_date": "",
      "review": "It\u2019s ok but could be better though.",
      "review_date": [
        "June",
        "15",
        " 2018"
      ]
    },
    {
      "REQ_subtype": "",
      "REQ_type": "",
      "_id": 12,
      "author_id": "not defined",
      "author_name": "Richard Underhill",
      "helpful": "0",
      "polarity": "",
      "rate": 4,
      "response": "",
      "response_date": "",
      "review": "Could have been better",
      "review_date": [
        "June",
        "15",
        " 2018"
      ]
    }
  ],
  "size": "7.2",
  "url": "https://play.google.com/store/apps/details?id=uk.co.ukmodels.ukmodels",
  "version": "1.0"
}