{
  "categories": [
    "Simulation"
  ],
  "description": "In Epic Roller Coasters you'll get the same feeling of a real roller coaster with a high level graphics and physics-based simulation. You'll go up and down seeing everything around you with our long range vision capabilities!Now you have the hability to exchange any cars between any tracks! We also offered a simple, lower and unprotected car (like an skate) for you to ride on every coaster with it!RACE MODE! What about to drive all the coasters with any car as fast as you wish using your Daydream controller? Check it out!",
  "inc": "B4T Games",
  "intalled_count": "10,000",
  "last_update": [
    "June",
    "5",
    " 2018"
  ],
  "name": "Epic Roller Coasters",
  "offered_by": "Google Commerce Ltd",
  "permissions": {
    "Phone": [
      "read phone status and identity"
    ],
    "Photos/Media/Files": [
      "read the contents of your USB storage",
      "modify or delete the contents of your USB storage"
    ],
    "Storage": [
      "read the contents of your USB storage",
      "modify or delete the contents of your USB storage"
    ],
    "Microphone": [
      "record audio"
    ],
    "Device ID & call information": [
      "read phone status and identity"
    ],
    "Other": [
      "view network connections",
      "full network access"
    ]
  },
  "price": "",
  "rate": [
    [
      "32",
      "4.0"
    ],
    [
      "16",
      "5"
    ],
    [
      "7",
      "4"
    ],
    [
      "4",
      "3"
    ],
    [
      "3",
      "2"
    ],
    [
      "2",
      "1"
    ]
  ],
  "required_android": "8.0",
  "reviews": [
    {
      "REQ_subtype": "",
      "REQ_type": "",
      "_id": 0,
      "author_id": "not defined",
      "author_name": "Solo Ripper",
      "helpful": "0",
      "polarity": "",
      "rate": 3,
      "response": "",
      "response_date": "",
      "review": "This a great app but when using the Lenovo Mirage Solo I can't buy \nanything. I just get a black screen and have to hard reset the hmd. \u2639\ufe0f The \nfree courses are okay but I wanna give you my money. \ud83d\udcb0",
      "review_date": [
        "June",
        "8",
        " 2018"
      ]
    },
    {
      "REQ_subtype": "",
      "REQ_type": "",
      "_id": 1,
      "author_id": "not defined",
      "author_name": "Daryn Hammel",
      "helpful": "0",
      "polarity": "",
      "rate": 5,
      "response": "Hey Daryn, thank you so much for your feedback! We're glad that you liked it! Best.",
      "response_date": [
        "June",
        "8",
        " 2018"
      ],
      "review": "I got to say, it's a great game. Prices don't seem too high, considering \nhow much they cost in real life. Plus, game development is a lot of work as \nis building a roller coaster. Doesn't get me that weird motion sickness as \nsome vr games do, except for the occasional dizziness I always get on real \ncoasters when going in circles. Thanks for a great game, hope to see more \nrides and plenty of updates later. :)",
      "review_date": [
        "June",
        "7",
        " 2018"
      ]
    },
    {
      "REQ_subtype": "",
      "REQ_type": "",
      "_id": 2,
      "author_id": "not defined",
      "author_name": "Patrick Poon",
      "helpful": "1",
      "polarity": "",
      "rate": 5,
      "response": "",
      "response_date": "",
      "review": "One of the best VR app",
      "review_date": [
        "June",
        "10",
        " 2018"
      ]
    },
    {
      "REQ_subtype": "",
      "REQ_type": "",
      "_id": 3,
      "author_id": "not defined",
      "author_name": "J Tao",
      "helpful": "0",
      "polarity": "",
      "rate": 4,
      "response": "Hey J Tao, we already fix this issue on the last update 4.16! As I see here you still are on the version 4.15. Please update it and let us know! Thanks.",
      "response_date": [
        "June",
        "6",
        " 2018"
      ],
      "review": "So I purchased one other track, the apocalyptic one with the zombies, and I \nhad to wipe my phone and when I reinstalled it I no longer had access to my \nin-app purchase. How do I restore my in-app purchase to the game? I haven't \ntried the new version which I'm about to do but I assume it'll be the same \nwithout my extra track. Update: I upgraded to the newer version of the app \nand I still cannot access the Armageddon track that I paid for. HELP!",
      "review_date": [
        "June",
        "5",
        " 2018"
      ]
    },
    {
      "REQ_subtype": "",
      "REQ_type": "",
      "_id": 4,
      "author_id": "not defined",
      "author_name": "Release The Kraken",
      "helpful": "3",
      "polarity": "",
      "rate": 4,
      "response": "Thank you so much for the feedback! We had other problems with Pixel XL that we already fixed! But seems like new one always shows up! We'll try to find it. Thanks.",
      "response_date": [
        "February",
        "1",
        " 2018"
      ],
      "review": "One of the better VR roller coaster experiences out there. Prices are a bit high for the extra coasters and I also wish there were more (just get the second ride; don't worry about the others). There are some technical issues such as visuals flickering in the distance and head tracking just getting stuck in motion, spinning you upside down sometimes.",
      "review_date": [
        "January",
        "29",
        " 2018"
      ]
    },
    {
      "REQ_subtype": "",
      "REQ_type": "",
      "_id": 5,
      "author_id": "not defined",
      "author_name": "Nicholas Estes",
      "helpful": "2",
      "polarity": "",
      "rate": 3,
      "response": "Hey Nicholas, we just launch a lot of improvements and updates! Check it out and let us know! Thank you for the feedback.",
      "response_date": [
        "June",
        "4",
        " 2018"
      ],
      "review": "Was very cool, but ride ended with a headache. Not because of the roller \ncoaster, but because both sides of the screen wouldn't stop flickering \nthroughout the ride. Would have bought if there was no flickering, but it \nmakes it hard to enjoy.",
      "review_date": [
        "June",
        "17",
        " 2018"
      ]
    },
    {
      "REQ_subtype": "",
      "REQ_type": "",
      "_id": 6,
      "author_id": "not defined",
      "author_name": "Alexandru Tudor",
      "helpful": "5",
      "polarity": "",
      "rate": 3,
      "response": "Thank you for the feedback! No one until today report frame drops even Google team review. Maybe your battery level is too low when you try it or the temperature is too high or even other multitasks are taking attention. BTW we'll taking your considerations in attention on next updates! Thanks again.",
      "response_date": [
        "January",
        "20",
        " 2018"
      ],
      "review": "Entertaining but it's suffering from Graphics rendering issues. Please fix those Z fighting triangles that take away from the experience and who some optimization will help. I'm occasionally getting frame drops. Better texture LOD.",
      "review_date": [
        "January",
        "20",
        " 2018"
      ]
    },
    {
      "REQ_subtype": "",
      "REQ_type": "",
      "_id": 7,
      "author_id": "not defined",
      "author_name": "A Google user",
      "helpful": "0",
      "polarity": "",
      "rate": 2,
      "response": "Hey guy, we just launch a fix for all this problems and a lot of updates! Check it out and let us know! Thank you for the feedback.",
      "response_date": [
        "June",
        "4",
        " 2018"
      ],
      "review": "I love riding roller coasters and don't get dizzy or nauseous but now I see \nwhat people are talking about. The motion will make you dizzy or nauseous. \nI don't know if it's the poor frame rate or the drab colors. Also, there \nare triangles in the shadows that are on part of the mountain side in some \nareas. Overall... it looks nice but you can't watch this for long. I'm \nusing a pixel 2 XL.",
      "review_date": [
        "June",
        "2",
        " 2018"
      ]
    },
    {
      "REQ_subtype": "",
      "REQ_type": "",
      "_id": 8,
      "author_id": "not defined",
      "author_name": "Matt Szczublewski",
      "helpful": "1",
      "polarity": "",
      "rate": 2,
      "response": "Hey Matt, we just launch a lot of improvements and updates! Check it out and let us know! Thank you for the feedback.",
      "response_date": [
        "June",
        "4",
        " 2018"
      ],
      "review": "Nausea inducing. One free coaster. Looks good though. But the nausea ruins \nit. I read about a technique that eliminated nausea through the use of a \nsemitransparent static overlay like a HUD.",
      "review_date": [
        "May",
        "17",
        " 2018"
      ]
    },
    {
      "REQ_subtype": "",
      "REQ_type": "",
      "_id": 9,
      "author_id": "not defined",
      "author_name": "Aaron Strasbourg",
      "helpful": "0",
      "polarity": "",
      "rate": 1,
      "response": "Hey guy, we just launch a lot of improvements and updates! Check it out and let us know! Thank you for the feedback.",
      "response_date": [
        "June",
        "4",
        " 2018"
      ],
      "review": "Can't even try it out. Keeps crashing on Pixel 2 XL. Won't even open. If it \ngets fixed I'll change my rating.",
      "review_date": [
        "May",
        "25",
        " 2018"
      ]
    },
    {
      "REQ_subtype": "",
      "REQ_type": "",
      "_id": 10,
      "author_id": "not defined",
      "author_name": "Eleon Dragon",
      "helpful": "0",
      "polarity": "",
      "rate": 3,
      "response": "Hey Eleon, we're sorry about that! Roller coasters are intense experiences that generally make people to have motion sickness. We are very carefull about that with more than 3 years making VR roller coasters and in the overall people ask for more intensive rides! Try to put yourself in a cold room with wind, this will make everything seems better.",
      "response_date": [
        "January",
        "14",
        " 2018"
      ],
      "review": "I'm sorry I can't give a better review of this game. Visually, it's very well done, but I wasn't able to finish the first ride as fairly quickly I felt as if I was getting motion sick. Something very rare for me. I'd be interested to know if others have experienced this with this game.",
      "review_date": [
        "January",
        "14",
        " 2018"
      ]
    },
    {
      "REQ_subtype": "",
      "REQ_type": "",
      "_id": 11,
      "author_id": "not defined",
      "author_name": "Paddy Landau",
      "helpful": "1",
      "polarity": "",
      "rate": 4,
      "response": "Hey Paddy, thank you so much for rate our app! We just launch a lot of improvements and updates! Check it out and let us know!",
      "response_date": [
        "June",
        "4",
        " 2018"
      ],
      "review": "Pretty realistic VR with close attention to detail. The far background can \nbe a little slow to update, but all of the important areas work well.",
      "review_date": [
        "May",
        "2",
        " 2018"
      ]
    },
    {
      "REQ_subtype": "",
      "REQ_type": "",
      "_id": 12,
      "author_id": "not defined",
      "author_name": "Guillermo Juarez",
      "helpful": "1",
      "polarity": "",
      "rate": 4,
      "response": "",
      "response_date": "",
      "review": "The initial crashing of the game keeps happening on my pixel 2 XL but when \nthe game actually works it is amazing",
      "review_date": [
        "April",
        "26",
        " 2018"
      ]
    },
    {
      "REQ_subtype": "",
      "REQ_type": "",
      "_id": 13,
      "author_id": "not defined",
      "author_name": "Lacey H",
      "helpful": "0",
      "polarity": "",
      "rate": 1,
      "response": "Hey Lacey, we just launch a lot of improvements and updates! Check it out and let us know! The game is available only for Daydream at Google Play! Thank you for the feedback.",
      "response_date": [
        "June",
        "4",
        " 2018"
      ],
      "review": "Couldn't get on the coaster. Everything looks great, but it wouldn't let me \npress play, even after I switched to Google cardboard.",
      "review_date": [
        "May",
        "3",
        " 2018"
      ]
    },
    {
      "REQ_subtype": "",
      "REQ_type": "",
      "_id": 14,
      "author_id": "not defined",
      "author_name": "T Bathia",
      "helpful": "3",
      "polarity": "",
      "rate": 5,
      "response": "Thank you so much for the feedback!",
      "response_date": [
        "January",
        "16",
        " 2018"
      ],
      "review": "Incredible",
      "review_date": [
        "January",
        "16",
        " 2018"
      ]
    },
    {
      "REQ_subtype": "",
      "REQ_type": "",
      "_id": 15,
      "author_id": "not defined",
      "author_name": "Knighthorse",
      "helpful": "1",
      "polarity": "",
      "rate": 4,
      "response": "Hey guy, we launched a new version of the app that should fix this issue! Thanks.",
      "response_date": [
        "January",
        "10",
        " 2018"
      ],
      "review": "Crashes on startup fairly often, but it's fun when it runs.",
      "review_date": [
        "December",
        "30",
        " 2017"
      ]
    },
    {
      "REQ_subtype": "",
      "REQ_type": "",
      "_id": 16,
      "author_id": "not defined",
      "author_name": "Christian S\u00f8rensen",
      "helpful": "2",
      "polarity": "",
      "rate": 5,
      "response": "Great news! Thank you so much for the feedback!",
      "response_date": [
        "December",
        "18",
        " 2017"
      ],
      "review": "The best roller coaster for Daydream I have tried",
      "review_date": [
        "December",
        "18",
        " 2017"
      ]
    },
    {
      "REQ_subtype": "",
      "REQ_type": "",
      "_id": 17,
      "author_id": "not defined",
      "author_name": "A Google user",
      "helpful": "0",
      "polarity": "",
      "rate": 5,
      "response": "",
      "response_date": "",
      "review": "Great",
      "review_date": [
        "June",
        "4",
        " 2018"
      ]
    }
  ],
  "size": "",
  "url": "https://play.google.com/store/apps/details?id=games.b4t.epicrollercoasters",
  "version": "4.16"
}