{
  "categories": [
    "Art & Design"
  ],
  "description": "The Red Bull BC One BREAKPIECE is a collaborative art project between street artist Steak and BC One All-Star Menno, who teamed up to push the boundaries of their respective art forms. Using Google's VR painting tool, Tilt Brush, they created the first virtual artwork inspired by a B-Boy's signature move. The artwork was celebrated at the world's biggest breakdance competition, the Red Bull BC One Wold Finals in Japan.This Daydream app lets you experience the greatness of the artwork in every detail. Join a guided tour though the stadium-sized piece and get to know the stories behind the artwork.",
  "inc": "Visyon 360\u00ba Immersive Experiences",
  "intalled_count": "100",
  "last_update": [
    "September",
    "14",
    " 2017"
  ],
  "name": "The Breakpiece",
  "offered_by": "Google Commerce Ltd",
  "permissions": {
    "Other": [
      "full network access"
    ]
  },
  "price": "",
  "rate": [],
  "required_android": "7.0",
  "reviews": [],
  "size": "70",
  "url": "https://play.google.com/store/apps/details?id=com.visyon.redbullbreakpiece",
  "version": "1.0"
}