{
  "categories": [
    "Strategy"
  ],
  "description": "Tactera is a Real-Time Strategy game played on a \u201cvirtual tabletop\u201d. It is the winner of the Casual Connect Indie Prize, winner of a Proto Award, and was a Mobile VR Jam Finalist.  Inside a futuristic war room, a 3D hologram shows two armies on the verge of battle. You are the tactical mastermind who must command your troops to victory. Build swarms of gunships, tanks, bombers, and other units, and use your hi-tech view of the battlefield to strategically outmaneuver the enemy!  \u201cTactera is a wonderful tactical game that is easy to learn and challenging to master. 9/10\u201d - Mobile VR Daily  \"Impressive visuals and responsive gameplay make this a must have.\" - Road to VR  \u201cTactera is different, not only because it\u2019s simplified real time strategy, not only because it automates a lot of the more mediocre parts of the genre, not only because it\u2019s a faster paced tactical game, but because it\u2019s designed for Virtual Reality from the ground up.\u201d - VR Perception  If you like Tactera, you should also check out Darknet and Skylight, from the same developer!",
  "inc": "E McNeill",
  "intalled_count": "100",
  "last_update": [
    "November",
    "20",
    " 2017"
  ],
  "name": "Tactera",
  "offered_by": "Google Commerce Ltd",
  "permissions": {
    "Other": [
      "full network access"
    ]
  },
  "price": "",
  "rate": [
    [
      "3",
      "5.0"
    ],
    [
      "3",
      "5"
    ],
    [
      "0",
      "4"
    ],
    [
      "0",
      "3"
    ],
    [
      "0",
      "2"
    ],
    [
      "0",
      "1"
    ]
  ],
  "required_android": "7.0",
  "reviews": [],
  "size": "40",
  "url": "https://play.google.com/store/apps/details?id=com.emcneill.TacteraDaydream",
  "version": "1.11"
}