{
  "categories": [
    "Entertainment"
  ],
  "description": "Welcome to TerrorCave VR Lite version of one amazing horror 3D experience for Daydream that will reproduce in virtual reality the effect of the famous theme parks terror caves where you sit on a raft into an haunted water ride and a series of weird creatures will try to scare you, while you cross into a suggestive scenario luna parkIf you are impressionable person that can easy be scared and are afraid to not support strong emotions, we recommend you the \"Sweety\" version of the experience that will drive you in a tour with mild emotive and amazing feelings, but if you are brave and love high impact, go ahead with the \"Scary\" version and get ready to be shocked with strong emotions!CONTROLS: Press the touch button on the circle to unlock the gate, use app button anytime to back to the gate menu, swipe touch for a mild acceleration, use the controller in the cave as a torch to look scenario details.Note: We recommend use of headphones for a deep experience.COMMERCIAL USE OF THE PRODUCT, IS PROHIBITED WITHOUT THE AUTHORIZATION OF THE AUTHORS.",
  "inc": "Jined",
  "intalled_count": "1,000",
  "last_update": [
    "November",
    "21",
    " 2017"
  ],
  "name": "TerrorCave LT",
  "offered_by": "Google Commerce Ltd",
  "permissions": {
    "Photos/Media/Files": [
      "read the contents of your USB storage",
      "modify or delete the contents of your USB storage"
    ],
    "Storage": [
      "read the contents of your USB storage",
      "modify or delete the contents of your USB storage"
    ],
    "Wi-Fi connection information": [
      "view Wi-Fi connections"
    ],
    "Other": [
      "view network connections",
      "full network access",
      "change your audio settings",
      "control vibration",
      "prevent device from sleeping",
      "Google Play license check"
    ]
  },
  "price": "",
  "rate": [
    [
      "2",
      "3.5"
    ],
    [
      "1",
      "5"
    ],
    [
      "0",
      "4"
    ],
    [
      "0",
      "3"
    ],
    [
      "1",
      "2"
    ],
    [
      "0",
      "1"
    ]
  ],
  "required_android": "5.0",
  "reviews": [],
  "size": "28",
  "url": "https://play.google.com/store/apps/details?id=com.tecworks.terrorcavelt",
  "version": "1.1"
}