{
  "categories": [
    "Puzzle"
  ],
  "description": "\"Building Panic\" is virtual reality gal-casual game that no longer requires a controller to play!This experience requires focus and timing to break the glass that covers all the beautiful buildings.Experience a new kind of immersive gal-casual style",
  "inc": "ZGame_Studios",
  "intalled_count": "10",
  "last_update": [
    "March",
    "23",
    " 2017"
  ],
  "name": "Building Panic",
  "offered_by": "Google Commerce Ltd",
  "permissions": {
    "Photos/Media/Files": [
      "read the contents of your USB storage",
      "modify or delete the contents of your USB storage"
    ],
    "Storage": [
      "read the contents of your USB storage",
      "modify or delete the contents of your USB storage"
    ],
    "Wi-Fi connection information": [
      "view Wi-Fi connections"
    ],
    "Other": [
      "view network connections",
      "full network access",
      "prevent device from sleeping",
      "Google Play license check"
    ]
  },
  "price": "",
  "rate": [],
  "required_android": "7.0",
  "reviews": [],
  "size": "26",
  "url": "https://play.google.com/store/apps/details?id=com.ZGame.BuildingPanic",
  "version": "1.0"
}