{
  "categories": [
    "Arcade"
  ],
  "description": "Share the stage with the Rabbids in an offbeat experience in which you\u2019re the hero. Plunge into funny Rabbids world full of nutty tools, and make your way through a story which might change world fate !- Dive into the first Rabbids VR experience on mobileGet up closer than ever to the Rabbids! Plunge into their world and experience a new kind of emotions with an innovative way to play thanks to the Daydream remote and headset.Make it out of a strange surgery alive, play national anthems using crazy objects, and try to do your shopping despite chaos generated by the Rabbids. - Interact with RabbidsBecome the first individual able to communicate with the Rabbids! Try to understand their gestures, use their items and work with them to reach your objectives.-  Play with kooky gadgetsUnlock a wide range of tools and explore each experience to reveal hidden toys. The more you play, the more interactions and surprise moments you will enjoy!",
  "inc": "Ubisoft Entertainment",
  "intalled_count": "10,000",
  "last_update": [
    "September",
    "21",
    " 2017"
  ],
  "name": "Virtual Rabbids: The Big Plan",
  "offered_by": "Google Commerce Ltd",
  "permissions": {
    "Photos/Media/Files": [
      "read the contents of your USB storage",
      "modify or delete the contents of your USB storage"
    ],
    "Storage": [
      "read the contents of your USB storage",
      "modify or delete the contents of your USB storage"
    ],
    "Other": [
      "view network connections",
      "full network access",
      "view network connections",
      "full network access",
      "prevent device from sleeping"
    ]
  },
  "price": "",
  "rate": [
    [
      "42",
      "3.3"
    ],
    [
      "11",
      "5"
    ],
    [
      "9",
      "4"
    ],
    [
      "8",
      "3"
    ],
    [
      "8",
      "2"
    ],
    [
      "6",
      "1"
    ]
  ],
  "required_android": "7.0",
  "reviews": [
    {
      "REQ_subtype": "",
      "REQ_type": "",
      "_id": 0,
      "author_id": "not defined",
      "author_name": "Windy Smith",
      "helpful": "4",
      "polarity": "",
      "rate": 3,
      "response": "",
      "response_date": "",
      "review": "I would like to give this game a higher rating but I made it through the locked vault that you have to use the rubber ducky key for and I'm seeing no way out of the next room so I don't know if I'm done with the game or if there's something that I'm missing... if I find a way past that room I will come back and up this rating.  If this is actually the end of the game I will say it's a little too short and that's why the smaller rating",
      "review_date": [
        "December",
        "3",
        " 2017"
      ]
    },
    {
      "REQ_subtype": "",
      "REQ_type": "",
      "_id": 1,
      "author_id": "not defined",
      "author_name": "Bradley Lebow",
      "helpful": "0",
      "polarity": "",
      "rate": 2,
      "response": "",
      "response_date": "",
      "review": "I was very excited and couldn't wait till the next level... But wait... There isn't one?! Reading the reviews it seems that others experience what I had and this was a total let down.",
      "review_date": [
        "December",
        "10",
        " 2017"
      ]
    },
    {
      "REQ_subtype": "",
      "REQ_type": "",
      "_id": 2,
      "author_id": "not defined",
      "author_name": "ecrtuere tanium",
      "helpful": "1",
      "polarity": "",
      "rate": 2,
      "response": "",
      "response_date": "",
      "review": "What could have been a good set of mini games is a total let down instead. 3 mini games total are not definitely worth the price. Stay away as long as devs don't add levels. Instantly overheats phone when casting on TV.",
      "review_date": [
        "February",
        "13",
        " 2018"
      ]
    },
    {
      "REQ_subtype": "",
      "REQ_type": "",
      "_id": 3,
      "author_id": "not defined",
      "author_name": "Taylor Williams",
      "helpful": "7",
      "polarity": "",
      "rate": 5,
      "response": "",
      "response_date": "",
      "review": "I would like to thank LG for their promotion, Google for supplying their day dreams to LG to give away for free and ubisoft entertainment for allowing google to add this game to the bundle of games you get for free. All this just for buying the LG V30..... Thanks again LG, Google and ubisoft entertainment \ud83d\ude33",
      "review_date": [
        "December",
        "6",
        " 2017"
      ]
    },
    {
      "REQ_subtype": "",
      "REQ_type": "",
      "_id": 4,
      "author_id": "not defined",
      "author_name": "Edward Bass",
      "helpful": "0",
      "polarity": "",
      "rate": 4,
      "response": "",
      "response_date": "",
      "review": "When it asks to load gear VR do exactly that, if you also have that headset? The Daydream controller will work with the Gear VR. It's strange but it works!",
      "review_date": [
        "September",
        "21",
        " 2017"
      ]
    },
    {
      "REQ_subtype": "",
      "REQ_type": "",
      "_id": 5,
      "author_id": "not defined",
      "author_name": "sabrina hicks",
      "helpful": "0",
      "polarity": "",
      "rate": 2,
      "response": "",
      "response_date": "",
      "review": "This game was fun and cute but once u pick up the bomb that's it's nothing further are u guys working on an update or did I pay 5 dollars for a demo?? Game is really cool and it's sucks it's so short I kinda want my money back cause I played the whole game in 20 minutes.",
      "review_date": [
        "December",
        "31",
        " 2017"
      ]
    },
    {
      "REQ_subtype": "",
      "REQ_type": "",
      "_id": 6,
      "author_id": "not defined",
      "author_name": "Dustin Harmon",
      "helpful": "0",
      "polarity": "",
      "rate": 2,
      "response": "",
      "response_date": "",
      "review": "Game is really short. About 15-20 minutes long. Controls don't always work well either. With that said, if you reset the camera view too much the view begins shaking uncontrollably and won't stop. This happened twice in a row and I had to restart. There's also no way to quit the game. Seriously! You have to take the phone out of the Daydream and press \"x\" to quit. Who designed this?! Google Pixel 2 XL",
      "review_date": [
        "January",
        "1",
        " 2018"
      ]
    },
    {
      "REQ_subtype": "",
      "REQ_type": "",
      "_id": 7,
      "author_id": "not defined",
      "author_name": "James Shackleford",
      "helpful": "0",
      "polarity": "",
      "rate": 3,
      "response": "",
      "response_date": "",
      "review": "3 repayable mini-games w/ a little bit of filler content. Got it for free, so I can't complain. I wouldn't pay more than 99\u00a2 for this. More a demo than a game.",
      "review_date": [
        "December",
        "18",
        " 2017"
      ]
    },
    {
      "REQ_subtype": "",
      "REQ_type": "",
      "_id": 8,
      "author_id": "not defined",
      "author_name": "jmancox330",
      "helpful": "0",
      "polarity": "",
      "rate": 4,
      "response": "",
      "response_date": "",
      "review": "It's pretty cool, but could use alot more games. You can complete it in 3 \nhours or less if you wanted to...",
      "review_date": [
        "April",
        "29",
        " 2018"
      ]
    },
    {
      "REQ_subtype": "",
      "REQ_type": "",
      "_id": 9,
      "author_id": "not defined",
      "author_name": "Sophia Long",
      "helpful": "0",
      "polarity": "",
      "rate": 3,
      "response": "",
      "response_date": "",
      "review": "Great game, but as other have said, it is very short and has no replayability. I'm glad that I got this as part of the Google game bundle promotion because this is not worth paying more than 99 cents for.",
      "review_date": [
        "December",
        "26",
        " 2017"
      ]
    },
    {
      "REQ_subtype": "",
      "REQ_type": "",
      "_id": 10,
      "author_id": "not defined",
      "author_name": "Austin Rowe",
      "helpful": "0",
      "polarity": "",
      "rate": 3,
      "response": "",
      "response_date": "",
      "review": "Not the best writing / acting.  But it plays ok.",
      "review_date": [
        "January",
        "18",
        " 2018"
      ]
    },
    {
      "REQ_subtype": "",
      "REQ_type": "",
      "_id": 11,
      "author_id": "not defined",
      "author_name": "Mitchell Schneider",
      "helpful": "3",
      "polarity": "",
      "rate": 1,
      "response": "",
      "response_date": "",
      "review": "Why is every VR game stupid?",
      "review_date": [
        "November",
        "5",
        " 2017"
      ]
    },
    {
      "REQ_subtype": "",
      "REQ_type": "",
      "_id": 12,
      "author_id": "not defined",
      "author_name": "HairyNevus",
      "helpful": "3",
      "polarity": "",
      "rate": 2,
      "response": "",
      "response_date": "",
      "review": "Really short. No replayability.",
      "review_date": [
        "November",
        "2",
        " 2017"
      ]
    },
    {
      "REQ_subtype": "",
      "REQ_type": "",
      "_id": 13,
      "author_id": "not defined",
      "author_name": "Jon McLaren",
      "helpful": "1",
      "polarity": "",
      "rate": 5,
      "response": "",
      "response_date": "",
      "review": "Fun game for all ages easy to play and understand",
      "review_date": [
        "November",
        "26",
        " 2017"
      ]
    },
    {
      "REQ_subtype": "",
      "REQ_type": "",
      "_id": 14,
      "author_id": "not defined",
      "author_name": "Jacob Bolduc",
      "helpful": "1",
      "polarity": "",
      "rate": 4,
      "response": "",
      "response_date": "",
      "review": "Very short, but I had a blast.",
      "review_date": [
        "December",
        "2",
        " 2017"
      ]
    },
    {
      "REQ_subtype": "",
      "REQ_type": "",
      "_id": 15,
      "author_id": "not defined",
      "author_name": "Musical Danger",
      "helpful": "2",
      "polarity": "",
      "rate": 3,
      "response": "",
      "response_date": "",
      "review": "Cool, but too short.",
      "review_date": [
        "November",
        "17",
        " 2017"
      ]
    },
    {
      "REQ_subtype": "",
      "REQ_type": "",
      "_id": 16,
      "author_id": "not defined",
      "author_name": "A Google user",
      "helpful": "1",
      "polarity": "",
      "rate": 4,
      "response": "",
      "response_date": "",
      "review": "Was alright, but short",
      "review_date": [
        "November",
        "29",
        " 2017"
      ]
    },
    {
      "REQ_subtype": "",
      "REQ_type": "",
      "_id": 17,
      "author_id": "not defined",
      "author_name": "MashiMarojoe Rabbids",
      "helpful": "4",
      "polarity": "",
      "rate": 1,
      "response": "Hi MashiMarojoe Rabbids, \nThanks for reporting!\n\nThis problem has been fixed with the update from September 21st.",
      "response_date": [
        "October",
        "12",
        " 2017"
      ],
      "review": "same problem can't play on s8+ screen show insert to gear vr headset please fix it immedietly.",
      "review_date": [
        "August",
        "16",
        " 2017"
      ]
    },
    {
      "REQ_subtype": "",
      "REQ_type": "",
      "_id": 18,
      "author_id": "not defined",
      "author_name": "Pete Boardman",
      "helpful": "3",
      "polarity": "",
      "rate": 1,
      "response": "Hi Pete Boardman, \nThanks for reporting!\n\nThis problem has been fixed with the update from September 21st.",
      "response_date": [
        "October",
        "12",
        " 2017"
      ],
      "review": "Same problem as previous reviewer, game will not launch on S8, just asks to download gear vr stuff",
      "review_date": [
        "August",
        "10",
        " 2017"
      ]
    },
    {
      "REQ_subtype": "",
      "REQ_type": "",
      "_id": 19,
      "author_id": "not defined",
      "author_name": "steve aspland",
      "helpful": "0",
      "polarity": "",
      "rate": 1,
      "response": "Hi steve aspland, \nThanks for reporting!\n\nThis problem has been fixed with the update from September 21st.",
      "response_date": [
        "October",
        "12",
        " 2017"
      ],
      "review": "Not working on Galaxy S8. No response from Ubisoft technical. Not happy!",
      "review_date": [
        "August",
        "25",
        " 2017"
      ]
    },
    {
      "REQ_subtype": "",
      "REQ_type": "",
      "_id": 20,
      "author_id": "not defined",
      "author_name": "Mika\u00ebl Dufresne",
      "helpful": "6",
      "polarity": "",
      "rate": 4,
      "response": "",
      "response_date": "",
      "review": "I bought this game for my kid to enjoy VR while I'm streaming the screen on my tv so I can still help him out and see what he is doing. This game is simple, colorful but seems to be short. My 5 years old played for 15 minutes and went through 2 levels. I don't know how much there are... But you won't stay long in a level. Maybe a mini game screen and a bit of diversity would fix the problem.",
      "review_date": [
        "April",
        "14",
        " 2017"
      ]
    },
    {
      "REQ_subtype": "",
      "REQ_type": "",
      "_id": 21,
      "author_id": "not defined",
      "author_name": "Sebastian Ang",
      "helpful": "7",
      "polarity": "",
      "rate": 2,
      "response": "",
      "response_date": "",
      "review": "Utter disappointment: the game is MUCH too short. Can finish in 30 minutes. The mini games would be a great tutorial for a bigger adventure, but it seems devs had to stop after 30% of development. Like this, it is $6 wasted. Sad, could have been great.",
      "review_date": [
        "April",
        "13",
        " 2017"
      ]
    },
    {
      "REQ_subtype": "",
      "REQ_type": "",
      "_id": 22,
      "author_id": "not defined",
      "author_name": "Keith Baker",
      "helpful": "4",
      "polarity": "",
      "rate": 5,
      "response": "",
      "response_date": "",
      "review": "Great game and good use of the daydream. Goofy gameplay as expected from a Rabbits game. Controls were spot on especially with the plunger gun. I could shoot a fly of a Rabbids rear end with that thing. Could be longer but fun. Oh and the sarcastically obvious AI is awesome.",
      "review_date": [
        "April",
        "14",
        " 2017"
      ]
    },
    {
      "REQ_subtype": "",
      "REQ_type": "",
      "_id": 23,
      "author_id": "not defined",
      "author_name": "A Google user",
      "helpful": "1",
      "polarity": "",
      "rate": 5,
      "response": "",
      "response_date": "",
      "review": "I've had a blast with this app. Albeit a bit short i have spent twice the time before finding all the hidden objects (even the rabbid slap !). Good clean fun.",
      "review_date": [
        "April",
        "24",
        " 2017"
      ]
    },
    {
      "REQ_subtype": "",
      "REQ_type": "",
      "_id": 24,
      "author_id": "not defined",
      "author_name": "Tom Girling",
      "helpful": "0",
      "polarity": "",
      "rate": 4,
      "response": "",
      "response_date": "",
      "review": "Really fun gameplay with amusing interactions. As others have said, the game is very short and lacks content. It felt like the intro section to a really good game...but leaves you feeling a bit disappointed. Nevertheless, it's still a great game.",
      "review_date": [
        "June",
        "22",
        " 2017"
      ]
    },
    {
      "REQ_subtype": "",
      "REQ_type": "",
      "_id": 25,
      "author_id": "not defined",
      "author_name": "Dustin Hendrickson",
      "helpful": "2",
      "polarity": "",
      "rate": 2,
      "response": "",
      "response_date": "",
      "review": "Way too short, money grab.",
      "review_date": [
        "April",
        "13",
        " 2017"
      ]
    },
    {
      "REQ_subtype": "",
      "REQ_type": "",
      "_id": 26,
      "author_id": "not defined",
      "author_name": "Todd Cote",
      "helpful": "0",
      "polarity": "",
      "rate": 3,
      "response": "",
      "response_date": "",
      "review": "Way too Short",
      "review_date": [
        "April",
        "18",
        " 2017"
      ]
    },
    {
      "REQ_subtype": "",
      "REQ_type": "",
      "_id": 27,
      "author_id": "not defined",
      "author_name": "David Moba",
      "helpful": "1",
      "polarity": "",
      "rate": 5,
      "response": "",
      "response_date": "",
      "review": "Awesome!",
      "review_date": [
        "April",
        "26",
        " 2017"
      ]
    },
    {
      "REQ_subtype": "",
      "REQ_type": "",
      "_id": 28,
      "author_id": "not defined",
      "author_name": "Brian Rose",
      "helpful": "3",
      "polarity": "",
      "rate": 5,
      "response": "",
      "response_date": "",
      "review": "Fun ways of interacting with the Rabbids, like nodding and shaking your head or using a shrink/grow ray and other tools. Graphics are good and Rabbids are cute. BWAHHH.",
      "review_date": [
        "April",
        "14",
        " 2017"
      ]
    },
    {
      "REQ_subtype": "",
      "REQ_type": "",
      "_id": 29,
      "author_id": "not defined",
      "author_name": "A Google user",
      "helpful": "0",
      "polarity": "",
      "rate": 5,
      "response": "",
      "response_date": "",
      "review": "This game is hilarious. the bad guy has great lines & you can really mess around with the rabbids, which is completely BWAAH !!!!!",
      "review_date": [
        "April",
        "26",
        " 2017"
      ]
    },
    {
      "REQ_subtype": "",
      "REQ_type": "",
      "_id": 30,
      "author_id": "not defined",
      "author_name": "Fr n",
      "helpful": "0",
      "polarity": "",
      "rate": 1,
      "response": "",
      "response_date": "",
      "review": "Would not work at all",
      "review_date": [
        "March",
        "17",
        " 2018"
      ]
    }
  ],
  "size": "45",
  "url": "https://play.google.com/store/apps/details?id=com.ubisoft.rabbidsvr",
  "version": "1.0.126016"
}