{
  "categories": [
    "Adventure"
  ],
  "description": "Find Episode I of Sisters: Faye & Elsa here: https://play.google.com/store/apps/details?id=com.Otherworld.SistersUno&hl=enFind  Sisters: Faye & Elsa Part III here: https://play.google.com/store/apps/details?id=com.Otherworld.SistersFEThree&hl=enWillahauk, Massachusetts. 1993. Aunt Faye has gone missing. That\u2019s how you \u2013 Emmanuel Burke \u2013 came to be locked inside her old house at 11 Sansome Way, only to discover it may not be so empty after all.In the second episode of SISTERS: FAYE & ELSA you\u2019ll continue to puzzle your way through Aunt Faye\u2019s house, moving deeper into its haunted rooms and halls. Explore the game room, greenhouse, and grand entryway uncovering lost secrets, old relics, and tortured spirits from the mansion's past.Pull on your Daydream and step into a waking nightmare.",
  "inc": "Otherworld Interactive",
  "intalled_count": "100",
  "last_update": [
    "March",
    "21",
    " 2017"
  ],
  "name": "Sisters: Faye & Elsa Part II",
  "offered_by": "Google Commerce Ltd",
  "permissions": {
    "Other": [
      "full network access"
    ]
  },
  "price": "",
  "rate": [
    [
      "11",
      "4.2"
    ],
    [
      "7",
      "5"
    ],
    [
      "1",
      "4"
    ],
    [
      "2",
      "3"
    ],
    [
      "0",
      "2"
    ],
    [
      "1",
      "1"
    ]
  ],
  "required_android": "7.0",
  "reviews": [
    {
      "REQ_subtype": "",
      "REQ_type": "",
      "_id": 0,
      "author_id": "not defined",
      "author_name": "Steven Tu",
      "helpful": "3",
      "polarity": "",
      "rate": 5,
      "response": "Thanks for the review! Glad you enjoyed it! We hope you'll forward to the final episode :)",
      "response_date": [
        "April",
        "11",
        " 2017"
      ],
      "review": "Really amazing atmosphere, pretty cool puzzles, though could be a bit obscure. That jump scare! And a bunch of really subtle touches. Glad that it's not TOO scary \ud83d\ude42 excellent interface too.",
      "review_date": [
        "April",
        "11",
        " 2017"
      ]
    },
    {
      "REQ_subtype": "",
      "REQ_type": "",
      "_id": 1,
      "author_id": "not defined",
      "author_name": "Jung Yi Hung",
      "helpful": "2",
      "polarity": "",
      "rate": 5,
      "response": "Thanks so much for continuing on with the series with us! :) We're glad you enjoyed it. And also thanks for submitting the bug you found to us!",
      "response_date": [
        "March",
        "27",
        " 2017"
      ],
      "review": "Man this episode is really terrifying. The jump scare got me almost every time, some scenes really makes you feel anxious and want to leave as soon as possible, plus a phantom that will appeared when you look away and disappeared when you look at it. All these things make it a chilling game experience. By the way the contents are much more than episode one, and the inventory system are also more polished. Nicely done!",
      "review_date": [
        "March",
        "25",
        " 2017"
      ]
    },
    {
      "REQ_subtype": "",
      "REQ_type": "",
      "_id": 2,
      "author_id": "not defined",
      "author_name": "Matt Civitak",
      "helpful": "0",
      "polarity": "",
      "rate": 5,
      "response": "",
      "response_date": "",
      "review": "The detail is amaze balls! Not only will this terrify you to the point of shaking but you will literally get lost in the creative and captivating textures, colors and lighting effects. I recommend to play with friends! Messing with a friend while they try it out makes it 10 times more fun!",
      "review_date": [
        "May",
        "13",
        " 2017"
      ]
    },
    {
      "REQ_subtype": "",
      "REQ_type": "",
      "_id": 3,
      "author_id": "not defined",
      "author_name": "Topsy Kretz",
      "helpful": "0",
      "polarity": "",
      "rate": 3,
      "response": "",
      "response_date": "",
      "review": "I can't get past the candle puzzle... After the music box turns on I don't know what to do...",
      "review_date": [
        "January",
        "12",
        " 2018"
      ]
    },
    {
      "REQ_subtype": "",
      "REQ_type": "",
      "_id": 4,
      "author_id": "not defined",
      "author_name": "Mads",
      "helpful": "0",
      "polarity": "",
      "rate": 3,
      "response": "",
      "response_date": "",
      "review": "Into it... But not very far!",
      "review_date": [
        "November",
        "24",
        " 2017"
      ]
    }
  ],
  "size": "24",
  "url": "https://play.google.com/store/apps/details?id=com.Otherworld.SistersDos",
  "version": "1.0"
}