{
  "categories": [
    "Puzzle"
  ],
  "description": "Play through beautiful, zen-like miniature worlds where you manipulate the sun to grow a tree in each of the 38 puzzles - it's a perfect Daydream VR game for everyone. *** NOW ON SALE! ****** WITH FREE WINTER EXPANSION! *** HAND CRAFTEDEvery puzzle feels like a unique, hand-crafted tiny world floating in the sky. Making excellent use of VR, you are put right into a responsive, tangible, elegant place.EASY TO USEUsing the Daydream controller, intuitive controls allow you to manipulate the position of the Light and rotate objects. It has been designed to be easy for everyone to pick up, enjoy and complete.ATMOSPHERICAudio provides a rich backdrop, highlighting every action and creating a soothing experience.GREAT EVOLVING VR EXPERIENCEClaro is a perfect introduction to VR for anyone! Frequent updates ensure the title continues to improve and take advantage of the latest VR has to offer.",
  "inc": "Superbright",
  "intalled_count": "5,000",
  "last_update": [
    "May",
    "29",
    " 2018"
  ],
  "name": "Claro",
  "offered_by": "Google Commerce Ltd",
  "permissions": {
    "Photos/Media/Files": [
      "read the contents of your USB storage",
      "modify or delete the contents of your USB storage"
    ],
    "Storage": [
      "read the contents of your USB storage",
      "modify or delete the contents of your USB storage"
    ],
    "Wi-Fi connection information": [
      "view Wi-Fi connections"
    ],
    "Other": [
      "view network connections",
      "full network access",
      "change your audio settings",
      "control vibration",
      "prevent device from sleeping",
      "Google Play license check"
    ]
  },
  "price": "",
  "rate": [
    [
      "50",
      "4.3"
    ],
    [
      "31",
      "5"
    ],
    [
      "7",
      "4"
    ],
    [
      "8",
      "3"
    ],
    [
      "3",
      "2"
    ],
    [
      "1",
      "1"
    ]
  ],
  "required_android": "7.0",
  "reviews": [
    {
      "REQ_subtype": "",
      "REQ_type": "",
      "_id": 0,
      "author_id": "not defined",
      "author_name": "Hector Centeno",
      "helpful": "0",
      "polarity": "",
      "rate": 5,
      "response": "",
      "response_date": "",
      "review": "Beautiful experience! I'm quite fond of meditative, calming and \naesthetically pleasing games. The only issue I encountered is that I played \nthis game on an S8 a few months ago and it looked beautiful and performed \nwell. Now that I'm revisiting it on an S9, for some reason the pixel \ndensity seems much lower and there's no antialiasing at all. The objects \nlook very jagged on the edges. Was the quality changed to make it more \nperfornant? Cheers!",
      "review_date": [
        "May",
        "11",
        " 2018"
      ]
    },
    {
      "REQ_subtype": "",
      "REQ_type": "",
      "_id": 1,
      "author_id": "not defined",
      "author_name": "Dan Baker",
      "helpful": "7",
      "polarity": "",
      "rate": 5,
      "response": "Hey Dan thanks for playing and taking the time to write the review, much appreciated!",
      "response_date": [
        "August",
        "16",
        " 2017"
      ],
      "review": "Equal parts tech demos and puzzle game - I tried it out trying to see if I would keep it or not, and hours later I was so engrossed I couldn't stop.  It picks up slowly and I almost quit because it was so simple at first, but the complexity builds nicely and after stumbling on a hidden layer to the game I'm excited to replay stages too!  I haven't finished yet, but what I've played so far is worth the asking price.",
      "review_date": [
        "August",
        "12",
        " 2017"
      ]
    },
    {
      "REQ_subtype": "",
      "REQ_type": "",
      "_id": 2,
      "author_id": "not defined",
      "author_name": "Joel Scully",
      "helpful": "1",
      "polarity": "",
      "rate": 3,
      "response": "",
      "response_date": "",
      "review": "It was an interesting idea but the controls really let this down. Most of the time I don't actually know what I did to solve the puzzle, I was just messing around and it happened. Seems like it would be a better game without the VR element because the controller hurts the experience.",
      "review_date": [
        "January",
        "5",
        " 2018"
      ]
    },
    {
      "REQ_subtype": "",
      "REQ_type": "",
      "_id": 3,
      "author_id": "not defined",
      "author_name": "fb3333",
      "helpful": "4",
      "polarity": "",
      "rate": 3,
      "response": "Hi, thanks playing and taking the time to write the review! We'd love to hear more about your experience and expectations, can you email us at claro+play@superbright.org ?",
      "response_date": [
        "August",
        "15",
        " 2017"
      ],
      "review": "It's a pleasant puzzle game, but VR.. that's totally unnecessary. I had high hopes for a vr experience but I'd have rather played it on a big screen to really appreciate the fantastic graphics",
      "review_date": [
        "August",
        "12",
        " 2017"
      ]
    },
    {
      "REQ_subtype": "",
      "REQ_type": "",
      "_id": 4,
      "author_id": "not defined",
      "author_name": "Yervant Kulbashian",
      "helpful": "0",
      "polarity": "",
      "rate": 5,
      "response": "",
      "response_date": "",
      "review": "One of the best on daydream, worth it for the peaceful experience and quality graphics. Sometimes the controls are hard to use, and you might win a level without knowing why.",
      "review_date": [
        "August",
        "27",
        " 2017"
      ]
    },
    {
      "REQ_subtype": "",
      "REQ_type": "",
      "_id": 5,
      "author_id": "not defined",
      "author_name": "Victor Folz",
      "helpful": "1",
      "polarity": "",
      "rate": 5,
      "response": "",
      "response_date": "",
      "review": "This is like monument valley for VR.",
      "review_date": [
        "August",
        "26",
        " 2017"
      ]
    },
    {
      "REQ_subtype": "",
      "REQ_type": "",
      "_id": 6,
      "author_id": "not defined",
      "author_name": "Klaus Post",
      "helpful": "2",
      "polarity": "",
      "rate": 4,
      "response": "Hey Klaus, thanks for taking the time to write the review. We'd love to have a chat and hear more about your experience, can you email us at claro+play@superbright.org ?",
      "response_date": [
        "August",
        "15",
        " 2017"
      ],
      "review": "Very nice graphics and sound. Nice exploratory puzzles, presented beautifully and with excellent controls. Recommended for that part alone.  I got frustrated that I couldn't figure out the logic behind how sun placement affect the beams, but I found that just randomly swinging around the sun got me through the levels.  Overall high quality and a good daydream showcase.",
      "review_date": [
        "May",
        "25",
        " 2017"
      ]
    },
    {
      "REQ_subtype": "",
      "REQ_type": "",
      "_id": 7,
      "author_id": "not defined",
      "author_name": "Wolf Cowart",
      "helpful": "1",
      "polarity": "",
      "rate": 4,
      "response": "Zen is what we were going for! Thanks for playing and taking the time to write the review, much appreciated!",
      "response_date": [
        "August",
        "15",
        " 2017"
      ],
      "review": "This is a fun relaxing puzzle game. It makes pretty good use of the controller but it got a little twitchy at times. The environment is beautiful and the music is great. This has a very zen feel to it.",
      "review_date": [
        "April",
        "16",
        " 2017"
      ]
    },
    {
      "REQ_subtype": "",
      "REQ_type": "",
      "_id": 8,
      "author_id": "not defined",
      "author_name": "Quinn Donnelly",
      "helpful": "3",
      "polarity": "",
      "rate": 5,
      "response": "",
      "response_date": "",
      "review": "Great game, great customer service, great developers.",
      "review_date": [
        "February",
        "24",
        " 2017"
      ]
    },
    {
      "REQ_subtype": "",
      "REQ_type": "",
      "_id": 9,
      "author_id": "not defined",
      "author_name": "Gary Norton",
      "helpful": "0",
      "polarity": "",
      "rate": 5,
      "response": "",
      "response_date": "",
      "review": "This VR application is the most extraordinary in the Google Store. The engineering and design are spectacular. The graphics are superb and presented in a very beautiful manner.   To name this an application is a disservice to its quality. It is an artistic experience filled with beautiful art worthy of inclusion in any musium.   It does not overheat the Pixel XL. I played it for over an hour without any problems. It flowded continuously without any interruptions and it's beautiful continuity was enthralling.  If you have a VR Daydream View headset do yourself a favor and install Claro.  You shall not be disappointed.",
      "review_date": [
        "January",
        "24",
        " 2017"
      ]
    },
    {
      "REQ_subtype": "",
      "REQ_type": "",
      "_id": 10,
      "author_id": "not defined",
      "author_name": "Phil B",
      "helpful": "6",
      "polarity": "",
      "rate": 5,
      "response": "Hi Phil, we wanted to thank you for this review, this really made our day!! We continue working on Claro and you can expect more content soon :) \n-Team at Superbright",
      "response_date": [
        "January",
        "10",
        " 2017"
      ],
      "review": "Claro is a Zen puzzler that reminds me of Prune and Zen Bound, two of my favorite android games.  It is origianl, immersive, beautiful, challenging and satisfying to play.  The soundtrack is perfect for the game and compliments the beautifuly designed environment. When you complete a level the world turns and you get a mesmerising, rotating view of your handiwork, and more importantly the game designer's. My favorite Daydream game to date!",
      "review_date": [
        "January",
        "9",
        " 2017"
      ]
    },
    {
      "REQ_subtype": "",
      "REQ_type": "",
      "_id": 11,
      "author_id": "not defined",
      "author_name": "Saquib Kabir",
      "helpful": "1",
      "polarity": "",
      "rate": 5,
      "response": "",
      "response_date": "",
      "review": "Simply beautiful! Played till level two and the mechanics of the game is truly amazing! At first I was hoping for an instruction manual but as I kept on it was elegant in its simplicity yet the puzzles get far more complex. Keeps you hooked till you solve it! Just brilliant!",
      "review_date": [
        "January",
        "22",
        " 2017"
      ]
    },
    {
      "REQ_subtype": "",
      "REQ_type": "",
      "_id": 12,
      "author_id": "not defined",
      "author_name": "Pat Reynolds",
      "helpful": "0",
      "polarity": "",
      "rate": 5,
      "response": "",
      "response_date": "",
      "review": "I've been waiting for a beautiful puzzle game for Daydream, and I've finally found it! I'm also a fan of figuring things out for myself, so the challenge of working out how everything played together was part of the experience for me. Nicely balanced progression in terms of learning and difficulty, some minor frustrations dragging the light source to JUST the right spot to get enough energy to the tree, but I suspect that may very well be my sub-optimal lens configurations and not the game at all! I definitely got my money's worth playing the original 5 levels, and there's more to play in the Winter thing - hashtag winning or what?!",
      "review_date": [
        "February",
        "2",
        " 2017"
      ]
    },
    {
      "REQ_subtype": "",
      "REQ_type": "",
      "_id": 13,
      "author_id": "not defined",
      "author_name": "A Google user",
      "helpful": "0",
      "polarity": "",
      "rate": 3,
      "response": "Hey Julia, sorry to hear this, we really want Claro to be a great early VR experience. We'll look into this and you can expect an update soon - meanwhile, can you shoot us an email at claro+play@superbright.org and we'll try to brighten your day a bit?",
      "response_date": [
        "November",
        "24",
        " 2016"
      ],
      "review": "Doesn't crash anymore. Nice graphics and sound, reasonably entertaining compared to doing nothing, but needs instructions, and feels like I'm paying double or triple for the game just because it works with Daydream.",
      "review_date": [
        "January",
        "12",
        " 2017"
      ]
    },
    {
      "REQ_subtype": "",
      "REQ_type": "",
      "_id": 14,
      "author_id": "not defined",
      "author_name": "A Google user",
      "helpful": "1",
      "polarity": "",
      "rate": 5,
      "response": "",
      "response_date": "",
      "review": "I had no idea mobile graphics can be this good, and this is VR, son I am NOT disappoint!!",
      "review_date": [
        "January",
        "27",
        " 2017"
      ]
    },
    {
      "REQ_subtype": "",
      "REQ_type": "",
      "_id": 15,
      "author_id": "not defined",
      "author_name": "Edgar Romanowski",
      "helpful": "0",
      "polarity": "",
      "rate": 5,
      "response": "",
      "response_date": "",
      "review": "Great graphics and nice gameplay! I like the zen-like feel quite much!",
      "review_date": [
        "January",
        "27",
        " 2017"
      ]
    },
    {
      "REQ_subtype": "",
      "REQ_type": "",
      "_id": 16,
      "author_id": "not defined",
      "author_name": "mark palmos",
      "helpful": "1",
      "polarity": "",
      "rate": 2,
      "response": "Hey Mark, would love to see if anything's changed since we released many updates.\n\nIt would be really good to be able to talk to you, can you ping us at claro+play@superbright.org  and we'll try to do our best to turn that frown upside down :)",
      "response_date": [
        "August",
        "15",
        " 2017"
      ],
      "review": "The app looks really nice but without instructions it's almost impossible to use...  I gave up",
      "review_date": [
        "December",
        "23",
        " 2016"
      ]
    },
    {
      "REQ_subtype": "",
      "REQ_type": "",
      "_id": 17,
      "author_id": "not defined",
      "author_name": "Antti J\u00e4derholm",
      "helpful": "0",
      "polarity": "",
      "rate": 5,
      "response": "",
      "response_date": "",
      "review": "The best looking game I've seen on Daydream!",
      "review_date": [
        "January",
        "13",
        " 2017"
      ]
    },
    {
      "REQ_subtype": "",
      "REQ_type": "",
      "_id": 18,
      "author_id": "not defined",
      "author_name": "Ed Johnson",
      "helpful": "2",
      "polarity": "",
      "rate": 3,
      "response": "Hey Ed, would love to hear from you at claro+play@superbright.org - very curious about whether you had a chance to play the updated version, please get in touch!",
      "response_date": [
        "August",
        "15",
        " 2017"
      ],
      "review": "No instructions. No progress. No fun. Just spinning a tree around in VR.  Update: Per the developers reply:  Click on roman number, I, on one of the stones surrounding the tree to start the game.",
      "review_date": [
        "December",
        "2",
        " 2016"
      ]
    },
    {
      "REQ_subtype": "",
      "REQ_type": "",
      "_id": 19,
      "author_id": "not defined",
      "author_name": "Scott Gary",
      "helpful": "0",
      "polarity": "",
      "rate": 1,
      "response": "Yikes, Scott, sorry to hear that, we will look into it and provide a new update soon. In the meantime feel free to contact us at claro+play@superbright.org and we will try and help you out.",
      "response_date": [
        "August",
        "15",
        " 2017"
      ],
      "review": "Love the idea of this game but I can not get it to run.  The first puzzle that loads causes the app to force close seconds later.  Tried reinstalling and resetting...still nothing.",
      "review_date": [
        "November",
        "26",
        " 2016"
      ]
    },
    {
      "REQ_subtype": "",
      "REQ_type": "",
      "_id": 20,
      "author_id": "not defined",
      "author_name": "Jens Knutson",
      "helpful": "2",
      "polarity": "",
      "rate": 4,
      "response": "Thanks Jens, we're hard at work on more (free) content.",
      "response_date": [
        "November",
        "27",
        " 2016"
      ],
      "review": "Great start, but too easy and not enough content",
      "review_date": [
        "November",
        "26",
        " 2016"
      ]
    },
    {
      "REQ_subtype": "",
      "REQ_type": "",
      "_id": 21,
      "author_id": "not defined",
      "author_name": "Nick Sutrich",
      "helpful": "3",
      "polarity": "",
      "rate": 5,
      "response": "Thanks Nick, we are working on more (free) content!",
      "response_date": [
        "November",
        "24",
        " 2016"
      ],
      "review": "Really a great way to start my weekend morning. Relaxing yet challenging enough to wake me up. Can't wait for more content!",
      "review_date": [
        "November",
        "24",
        " 2016"
      ]
    },
    {
      "REQ_subtype": "",
      "REQ_type": "",
      "_id": 22,
      "author_id": "not defined",
      "author_name": "A Google user",
      "helpful": "2",
      "polarity": "",
      "rate": 5,
      "response": "",
      "response_date": "",
      "review": "Used this to show my parents what vr is like. It's a very pretty game and not too hard.",
      "review_date": [
        "November",
        "24",
        " 2016"
      ]
    },
    {
      "REQ_subtype": "",
      "REQ_type": "",
      "_id": 23,
      "author_id": "not defined",
      "author_name": "\u7c92\u7c92\u6a59",
      "helpful": "0",
      "polarity": "",
      "rate": 3,
      "response": "",
      "response_date": "",
      "review": "A bit expensive.",
      "review_date": [
        "November",
        "23",
        " 2016"
      ]
    },
    {
      "REQ_subtype": "",
      "REQ_type": "",
      "_id": 24,
      "author_id": "not defined",
      "author_name": "A Google user",
      "helpful": "0",
      "polarity": "",
      "rate": 3,
      "response": "Hey Carolyn, sad to see the low review but happy to hear from a player nonetheless :)\n\nWe appreciate your voice - we'll keep updating the game and hope that over time you'll feel better about picking Claro up.\n\nWould be happy to tell you more if you're interested - just shoot me an email at claro+play@superbright.org",
      "response_date": [
        "November",
        "24",
        " 2016"
      ],
      "review": "Don't want to take away from the work of the developer but it's definitely not my idea of a $5 game",
      "review_date": [
        "November",
        "20",
        " 2016"
      ]
    },
    {
      "REQ_subtype": "",
      "REQ_type": "",
      "_id": 25,
      "author_id": "not defined",
      "author_name": "Tobin Clark",
      "helpful": "3",
      "polarity": "",
      "rate": 4,
      "response": "",
      "response_date": "",
      "review": "I like this game alot the directions were confusing at first but I got the hang of it.",
      "review_date": [
        "November",
        "13",
        " 2016"
      ]
    },
    {
      "REQ_subtype": "",
      "REQ_type": "",
      "_id": 26,
      "author_id": "not defined",
      "author_name": "Teodor Voicu",
      "helpful": "1",
      "polarity": "",
      "rate": 5,
      "response": "",
      "response_date": "",
      "review": "Stunning. The visuals are gorgeous in a game that, in my opinion, is the best use of the Daydream platform to date. A must have for all the early-adopters of the platform and the perfect game to show off the capabilities of mobile VR to your friends and family.",
      "review_date": [
        "January",
        "10",
        " 2017"
      ]
    },
    {
      "REQ_subtype": "",
      "REQ_type": "",
      "_id": 27,
      "author_id": "not defined",
      "author_name": "Anji Kauffman",
      "helpful": "0",
      "polarity": "",
      "rate": 5,
      "response": "",
      "response_date": "",
      "review": "One of the best for vr! \ud83d\ude0a I wanted something to relax and enjoy while sitting in the sauna, this is perfect. It's absolutely beautiful, smooth graphics, easy to control and figure out. It isn't a frustrating puzzle, just a pleasant pass time. Thanks devs, MORE, MORE, MORE! \ud83d\ude0a",
      "review_date": [
        "January",
        "31",
        " 2018"
      ]
    },
    {
      "REQ_subtype": "",
      "REQ_type": "",
      "_id": 28,
      "author_id": "not defined",
      "author_name": "Eric Barrios",
      "helpful": "0",
      "polarity": "",
      "rate": 3,
      "response": "Hey Eric, have you had a chance to play the winter expansion? Would love to hear from you at claro+play@superbright.org",
      "response_date": [
        "August",
        "15",
        " 2017"
      ],
      "review": "Not sure if it's worth the 5",
      "review_date": [
        "November",
        "20",
        " 2016"
      ]
    },
    {
      "REQ_subtype": "",
      "REQ_type": "",
      "_id": 29,
      "author_id": "not defined",
      "author_name": "A Google user",
      "helpful": "1",
      "polarity": "",
      "rate": 5,
      "response": "",
      "response_date": "",
      "review": "Easy on start, gets challenging after some levels.",
      "review_date": [
        "November",
        "24",
        " 2016"
      ]
    },
    {
      "REQ_subtype": "",
      "REQ_type": "",
      "_id": 30,
      "author_id": "not defined",
      "author_name": "John Keyes",
      "helpful": "1",
      "polarity": "",
      "rate": 3,
      "response": "Hey John, we have a FREE expansion coming out before the end of the year, hopefully that makes it worth the purchase. Would love to hear from you at claro+play@superbright.org anyway - please do say hi",
      "response_date": [
        "December",
        "23",
        " 2016"
      ],
      "review": "Cool concept. Too expensive.",
      "review_date": [
        "November",
        "20",
        " 2016"
      ]
    },
    {
      "REQ_subtype": "",
      "REQ_type": "",
      "_id": 31,
      "author_id": "not defined",
      "author_name": "Patrick Scherer",
      "helpful": "0",
      "polarity": "",
      "rate": 2,
      "response": "Patrick, you're one of our early players - so sorry to hear, but expect updates soon and hopefully they're going to make it more interesting. If you feel like elaborating and giving some feedback, ping us at claro+play@superbright.org",
      "response_date": [
        "November",
        "24",
        " 2016"
      ],
      "review": "Gets boring quick",
      "review_date": [
        "November",
        "22",
        " 2016"
      ]
    },
    {
      "REQ_subtype": "",
      "REQ_type": "",
      "_id": 32,
      "author_id": "not defined",
      "author_name": "Jacob Seifert",
      "helpful": "3",
      "polarity": "",
      "rate": 4,
      "response": "Working on it, Jacob! Expect updates soon!",
      "response_date": [
        "November",
        "24",
        " 2016"
      ],
      "review": "Needs better introduction",
      "review_date": [
        "November",
        "14",
        " 2016"
      ]
    }
  ],
  "size": "29",
  "url": "https://play.google.com/store/apps/details?id=com.superbright.claro",
  "version": "1.8"
}