{
  "categories": [
    "Entertainment"
  ],
  "description": "Featured as a Stand-out App by USATODAY and the Cardboard Store App,  Solar Eclipse VR allows you to experience a solar eclipse anywhere in a time condensed format. The day the sun disappears is considered a once in a lifetime event.  If you can't witness the Solar Eclipse live, this App will simulate the event, turning day into night, highlighting the night time sky during daytime. This historical event can be repeated indefinitely. The developer of this App witnessed a past Solar eclipse and has been able to include some the the experiences in this App.  Simply attach your phone to a Google Cardboard or Daydream device to experience this historical event. To start the experience move the controller or pointer using your head action and hover over the refresh icon. Solar Eclipse VR is best experienced with audio. The event can be repeated by selecting the refresh icon.  Please use the following link for feedback http://www.facebook.com/gamedeveloperRecognized as a stand-out App by USATODAY newspaper https://www.usatoday.com/story/tech/talkingtech/2017/08/11/solar-eclipse-question-theres-app/557432001/",
  "inc": "UnderCover Studios",
  "intalled_count": "500",
  "last_update": [
    "August",
    "11",
    " 2017"
  ],
  "name": "Solar Eclipse VR",
  "offered_by": "Google Commerce Ltd",
  "permissions": {
    "Photos/Media/Files": [
      "read the contents of your USB storage"
    ],
    "Storage": [
      "read the contents of your USB storage"
    ],
    "Other": [
      "full network access"
    ]
  },
  "price": "",
  "rate": [
    [
      "16",
      "3.9"
    ],
    [
      "11",
      "5"
    ],
    [
      "0",
      "4"
    ],
    [
      "1",
      "3"
    ],
    [
      "0",
      "2"
    ],
    [
      "4",
      "1"
    ]
  ],
  "required_android": "4.4",
  "reviews": [
    {
      "REQ_subtype": "",
      "REQ_type": "",
      "_id": 0,
      "author_id": "not defined",
      "author_name": "Maks Godek",
      "helpful": "2",
      "polarity": "",
      "rate": 3,
      "response": "",
      "response_date": "",
      "review": "It doesn't work on Xperia X Compact. Clicking the refresh button doesn't have any effect. The button appears again and again. However, on Xperia Z3 it worked as intended. A stunning experience indeed! Unfortunately, the X Compact is my main VR phone so I am a bit disappointed that it didn't work on this device. If it's fixed, I am going to give your app 5 stars immediately :)",
      "review_date": [
        "October",
        "23",
        " 2017"
      ]
    },
    {
      "REQ_subtype": "",
      "REQ_type": "",
      "_id": 1,
      "author_id": "not defined",
      "author_name": "Christina Smith",
      "helpful": "11",
      "polarity": "",
      "rate": 1,
      "response": "Hi Christina, sorry to hear you weren't able to start the experience, to start try to hover or click on the refresh icon. I hope that helps and you reconsider the rating.",
      "response_date": [
        "August",
        "21",
        " 2017"
      ],
      "review": "Never did anything. Sat and watched nothing for a solid 10 minutes. I could see border moving but the sun never changed became covered.",
      "review_date": [
        "August",
        "20",
        " 2017"
      ]
    },
    {
      "REQ_subtype": "",
      "REQ_type": "",
      "_id": 2,
      "author_id": "not defined",
      "author_name": "A Google user",
      "helpful": "1",
      "polarity": "",
      "rate": 5,
      "response": "Thanks, a viewer is highly recommended although not technically required.",
      "response_date": [
        "August",
        "25",
        " 2017"
      ],
      "review": "Make sure to have a Google cardboard or Daydream to see the solar eclipse otherwise not the same  experience, relaxing to watch in the dark.",
      "review_date": [
        "August",
        "23",
        " 2017"
      ]
    },
    {
      "REQ_subtype": "",
      "REQ_type": "",
      "_id": 3,
      "author_id": "not defined",
      "author_name": "halley mcintyre",
      "helpful": "3",
      "polarity": "",
      "rate": 1,
      "response": "I'm sorry you are having trouble viewing the experience. Solar Eclipse VR is a standalone app, that doesn't require any other app as long as you have a google cardboard or Daydream compatible device. If you are still having problems please send me an email at solareclipsevr@gmail.com",
      "response_date": [
        "August",
        "22",
        " 2017"
      ],
      "review": "Wish you tell people you Can't watch without downland something else wasted my money because my phone wont download the other app",
      "review_date": [
        "August",
        "21",
        " 2017"
      ]
    },
    {
      "REQ_subtype": "",
      "REQ_type": "",
      "_id": 4,
      "author_id": "not defined",
      "author_name": "jaya jam",
      "helpful": "6",
      "polarity": "",
      "rate": 5,
      "response": "Thanks for the review.",
      "response_date": [
        "August",
        "25",
        " 2017"
      ],
      "review": "Cool music and the birds feel like they are all around you with Daydream. Felt like I was there.",
      "review_date": [
        "August",
        "23",
        " 2017"
      ]
    },
    {
      "REQ_subtype": "",
      "REQ_type": "",
      "_id": 5,
      "author_id": "not defined",
      "author_name": "A Google user",
      "helpful": "3",
      "polarity": "",
      "rate": 5,
      "response": "",
      "response_date": "",
      "review": "Love the day becomes night experience, skip the crowds and try this first.",
      "review_date": [
        "August",
        "12",
        " 2017"
      ]
    },
    {
      "REQ_subtype": "",
      "REQ_type": "",
      "_id": 6,
      "author_id": "not defined",
      "author_name": "polarized manticore",
      "helpful": "0",
      "polarity": "",
      "rate": 5,
      "response": "",
      "response_date": "",
      "review": "This eclipse is very relaxing and though short it represents the beauty of it well. Music was subtle yet rousing too.",
      "review_date": [
        "October",
        "20",
        " 2017"
      ]
    },
    {
      "REQ_subtype": "",
      "REQ_type": "",
      "_id": 7,
      "author_id": "not defined",
      "author_name": "Chris Hixson",
      "helpful": "0",
      "polarity": "",
      "rate": 5,
      "response": "Thanks Chris, delighted to hear you enjoyed the app.",
      "response_date": [
        "October",
        "16",
        " 2017"
      ],
      "review": "Good for me great for 99 cents I would 199  on it worth a lot more tyvm team great job",
      "review_date": [
        "October",
        "16",
        " 2017"
      ]
    },
    {
      "REQ_subtype": "",
      "REQ_type": "",
      "_id": 8,
      "author_id": "not defined",
      "author_name": "A Google user",
      "helpful": "0",
      "polarity": "",
      "rate": 5,
      "response": "Thank you for the review.",
      "response_date": [
        "August",
        "25",
        " 2017"
      ],
      "review": "Try this out to relive the eclipse.",
      "review_date": [
        "August",
        "24",
        " 2017"
      ]
    },
    {
      "REQ_subtype": "",
      "REQ_type": "",
      "_id": 9,
      "author_id": "not defined",
      "author_name": "Keith Comfort",
      "helpful": "0",
      "polarity": "",
      "rate": 5,
      "response": "",
      "response_date": "",
      "review": "Wow. Very well done. Lovely",
      "review_date": [
        "December",
        "17",
        " 2017"
      ]
    },
    {
      "REQ_subtype": "",
      "REQ_type": "",
      "_id": 10,
      "author_id": "not defined",
      "author_name": "james bryant",
      "helpful": "3",
      "polarity": "",
      "rate": 1,
      "response": "Hi James, We're very sorry here the App didn't open for you. Thanks for reporting this, it's indeed a bug with certain Samsung phones. I've tested a fix on the S8 and it's working now, please get the latest update of Solar Eclipse for the fix. Once it's resolved I hope you re-consider the rating. Let me know if we can assist further.",
      "response_date": [
        "August",
        "14",
        " 2017"
      ],
      "review": "Won't even open. Galaxy 8",
      "review_date": [
        "August",
        "9",
        " 2017"
      ]
    },
    {
      "REQ_subtype": "",
      "REQ_type": "",
      "_id": 11,
      "author_id": "not defined",
      "author_name": "A Google user",
      "helpful": "4",
      "polarity": "",
      "rate": 5,
      "response": "",
      "response_date": "",
      "review": "Not on the path to see the solar eclipse so this App is really what I'm looking for.",
      "review_date": [
        "June",
        "29",
        " 2017"
      ]
    },
    {
      "REQ_subtype": "",
      "REQ_type": "",
      "_id": 12,
      "author_id": "not defined",
      "author_name": "A Google user",
      "helpful": "3",
      "polarity": "",
      "rate": 5,
      "response": "",
      "response_date": "",
      "review": "Beautiful App, worth a $1",
      "review_date": [
        "June",
        "28",
        " 2017"
      ]
    },
    {
      "REQ_subtype": "",
      "REQ_type": "",
      "_id": 13,
      "author_id": "not defined",
      "author_name": "A Google user",
      "helpful": "0",
      "polarity": "",
      "rate": 5,
      "response": "",
      "response_date": "",
      "review": "Who needs to travel to see the solar eclipse when you have this App",
      "review_date": [
        "July",
        "15",
        " 2017"
      ]
    }
  ],
  "size": "",
  "url": "https://play.google.com/store/apps/details?id=com.kelly.solareclipse",
  "version": "1.0"
}