{
  "categories": [
    "Travel & Local"
  ],
  "description": "Experience positive, real, encouraging stories about empathy, mindfulness, and people triumphing over life's challenges. From the World War II memorial to a beautiful sunrise on the Amazon, don't just watch the story...feel it. Let it lift you up.",
  "inc": "StoryUP",
  "intalled_count": "100",
  "last_update": [
    "June",
    "11",
    " 2018"
  ],
  "name": "StoryUP VR",
  "offered_by": "Google Commerce Ltd",
  "permissions": {
    "Other": [
      "full network access",
      "prevent device from sleeping"
    ]
  },
  "price": "",
  "rate": [],
  "required_android": "7.0",
  "reviews": [],
  "size": "63",
  "url": "https://play.google.com/store/apps/details?id=com.storyup.daydream",
  "version": "1.1"
}