{
  "categories": [
    "Action"
  ],
  "description": "Long time no travel? Now you can enjoy an extremely adventurous travel without moving any centimeters out of your house. VR Duck Hunting will teleport you to various places in primitive time. Be a real primitive duck hunter, hunt all the year round and immerse in wonderful sceneries: spring in peaceful grassland, summer in vast ocean, autumn in wooden forest and winter in snowy lake with VR Duck Hunting. Your mission is to shoot as many ducks as possible. The more ducks you hunt, the more gold you earn to unlock all new more powerful guns. There are already 9 (and still counting) guns of different types Rifle, Pistol, Shotgun, Machine Gun and Rocket available. Up to 3 ducks can be shot in a time. Achieve all best scores to put all guns on your collection and be a real, skillful duck hunter in virtual reality. \u25b6  2 modes available:\u2734  Normal mode:Non-time limited session, Earn gold to unlock powerful weapons, shooting guns. \u2734 Arcade mode:Race with time, 60 seconds each session only.Shoot fairy ducks for surprising effects and rewards ducks appear and disappear at high speed, much more duck on the sky at the same time. \u25b6 KEY FEATURES in VR Duck Hunting:\u2734 Only available in Google Daydream.\u2734 Playful version of VR shooting game. \u2734 Wonderful, detailed graphics for best experience in virtual reality.\u2734 Easy and super enjoyable gameplay..\u2734 Lots of guns available, different effect and power : Achieve best scores to collect all.\u2734 Funny sound effect bring you lots of laugh during playing time\u2734 4 seasons background, enjoy all the year playing and having fun in virtual reality.\u25b6 CHARACTERS:Various kind of ducks with different shapes and effects in VR Duck Hunting - VR shooting game will bring you completely new hunting experience in virtual reality:Wild ducks and waterfowls: Super easy to shoot. Hunt as many as possible to be a real hunter.Fairy ducks: Ducks from heaven giving you special effect after shooting.Muscle Duck: Big, blue duck, much stronger than waterfowls, able to suffer from several shootings.Godfather: Boss of all ducks, guarded by lots of waterfowls, extremely difficult to shoot. A challenge to your hunting skills.\u25b6 [CAUTION]Mr. Duck: Black sky guard wandering around to check and control sky activities. Be cautious not to kill him, otherwise your game will be over.You might have dreamed about the Anywhere door in Doremons series that takes you to all places you want right in your house. Your dream is now coming true with VR and Google Daydream technology. Let\u2019s VR Duck Hunting in VR store be a part of your story, take you out of busy life to virtual reality, enjoy best gaming and hunting, shooting experience. Enjoy the peace and go on the hunt for completely new experiences with friends and family like never before.",
  "inc": "DTA Mobile",
  "intalled_count": "1,000",
  "last_update": [
    "November",
    "22",
    " 2017"
  ],
  "name": "VR Duck Hunting",
  "offered_by": "Google Commerce Ltd",
  "permissions": {
    "Photos/Media/Files": [
      "read the contents of your USB storage"
    ],
    "Storage": [
      "read the contents of your USB storage"
    ],
    "Other": [
      "full network access"
    ]
  },
  "price": "",
  "rate": [
    [
      "6",
      "3.5"
    ],
    [
      "2",
      "5"
    ],
    [
      "1",
      "4"
    ],
    [
      "2",
      "3"
    ],
    [
      "0",
      "2"
    ],
    [
      "1",
      "1"
    ]
  ],
  "required_android": "7.0",
  "reviews": [
    {
      "REQ_subtype": "",
      "REQ_type": "",
      "_id": 0,
      "author_id": "not defined",
      "author_name": "Jonathan Blanton",
      "helpful": "0",
      "polarity": "",
      "rate": 4,
      "response": "",
      "response_date": "",
      "review": "Overall fun, with a few missing features. There's no way to pause the game except by going back to the home screen. There's no way to quit a game in progress. It's not possible to switch guns in the middle of a game. Still, I liked it, and I'd recommend it to anyone who just wants to relax and shoot waterfowl.",
      "review_date": [
        "February",
        "24",
        " 2018"
      ]
    },
    {
      "REQ_subtype": "",
      "REQ_type": "",
      "_id": 1,
      "author_id": "not defined",
      "author_name": "Stacey Dombroskie",
      "helpful": "0",
      "polarity": "",
      "rate": 3,
      "response": "",
      "response_date": "",
      "review": "It's good except when you lose it says try again with a check mark and an X.  Clicking on the check mark does nothing, so you are forced to hit the X and start all over at the very first level.  If this is fixed I would rate it much higher",
      "review_date": [
        "January",
        "5",
        " 2018"
      ]
    },
    {
      "REQ_subtype": "",
      "REQ_type": "",
      "_id": 2,
      "author_id": "not defined",
      "author_name": "My Ny",
      "helpful": "0",
      "polarity": "",
      "rate": 1,
      "response": "",
      "response_date": "",
      "review": "When i tap i lt dose absolutely nothing rip off",
      "review_date": [
        "December",
        "26",
        " 2017"
      ]
    },
    {
      "REQ_subtype": "",
      "REQ_type": "",
      "_id": 3,
      "author_id": "not defined",
      "author_name": "quang nguyen",
      "helpful": "1",
      "polarity": "",
      "rate": 5,
      "response": "",
      "response_date": "",
      "review": "Good vr duck hunting for day dream",
      "review_date": [
        "November",
        "3",
        " 2017"
      ]
    },
    {
      "REQ_subtype": "",
      "REQ_type": "",
      "_id": 4,
      "author_id": "not defined",
      "author_name": "L\u00ea H\u00e0",
      "helpful": "2",
      "polarity": "",
      "rate": 5,
      "response": "",
      "response_date": "",
      "review": "Great vr daydream game. Remind me of my fav childhood game duck hunt :D",
      "review_date": [
        "November",
        "3",
        " 2017"
      ]
    }
  ],
  "size": "",
  "url": "https://play.google.com/store/apps/details?id=com.DTA.VR.Birdshunt",
  "version": "1.1"
}