{
  "categories": [
    "Puzzle"
  ],
  "description": "Play as a lunarnaut/repair-person, tasked with fulfilling the ridiculous demands of President of the World, Doug-Slater Roccmeier, to build his massively unstable elevator. You know, to the moon. It\u2019s in the game title. Obey his increasingly goofy orders to the letter, disobey and cause hilarious havoc, or find your own sweet spot. Each way of playing has its own advantages and outcomes. It\u2019s up to you, intrepid elevator person, to blaze your own altitudinal path...to the moon!Features include:\u2022 Interesting, exciting, point & click, escape room style VR puzzles.\u2022 Engaging, Story with twists, turns and total mayhem.\u2022 Fully Voiced! The President will react and comment on your actions.\u2022 Exploration! The elevator has heaps of stuff Roccmeier doesn\u2019t want you to find.\u2022 Virtually vomit-free! Designed to maintain maximum tummy comfort.",
  "inc": "ROCCAT Games Studio",
  "intalled_count": "100",
  "last_update": [
    "February",
    "22",
    " 2018"
  ],
  "name": "Elevator... to the Moon!",
  "offered_by": "Google Commerce Ltd",
  "permissions": {
    "Photos/Media/Files": [
      "read the contents of your USB storage"
    ],
    "Storage": [
      "read the contents of your USB storage"
    ],
    "Other": [
      "full network access"
    ]
  },
  "price": "",
  "rate": [
    [
      "10",
      "5.0"
    ],
    [
      "10",
      "5"
    ],
    [
      "0",
      "4"
    ],
    [
      "0",
      "3"
    ],
    [
      "0",
      "2"
    ],
    [
      "0",
      "1"
    ]
  ],
  "required_android": "7.0",
  "reviews": [],
  "size": "",
  "url": "https://play.google.com/store/apps/details?id=org.Roccat.VR.DD.Ettm",
  "version": "1.2.4"
}