{
  "categories": [
    "Shopping"
  ],
  "description": "This Virtual Reality app for Daydream invites you into the Vera Bradley world to experience the new Bedding Collection in the SoHo NYC store. Shop the beautiful and extraordinarily crafted bedding pieces in VR and brighten your home with a fun and sophisticated mix of prints and finishes.This VR app lets you view fully styled product sets and switch the bed from one set to another to get inspiration for different combinations of colors and patterns. Move around the bed to see the intricate design details on the products from all sides. Get information about any of the products shown in the experience and save the ones you like.",
  "inc": "Obsess Inc.",
  "intalled_count": "100",
  "last_update": [
    "July",
    "31",
    " 2017"
  ],
  "name": "Vera Bradley VR",
  "offered_by": "Google Commerce Ltd",
  "permissions": {
    "Photos/Media/Files": [
      "read the contents of your USB storage"
    ],
    "Storage": [
      "read the contents of your USB storage"
    ],
    "Wi-Fi connection information": [
      "view Wi-Fi connections"
    ],
    "Other": [
      "view network connections",
      "full network access",
      "prevent device from sleeping"
    ]
  },
  "price": "",
  "rate": [
    [
      "4",
      "3.5"
    ],
    [
      "2",
      "5"
    ],
    [
      "0",
      "4"
    ],
    [
      "1",
      "3"
    ],
    [
      "0",
      "2"
    ],
    [
      "1",
      "1"
    ]
  ],
  "required_android": "7.0",
  "reviews": [],
  "size": "",
  "url": "https://play.google.com/store/apps/details?id=com.obsess.vbhome",
  "version": "1.0.14"
}