{
  "categories": [
    "Racing"
  ],
  "description": "A lighthearted and relaxing virtual reality expericence for google cardboard.Slowly race through different time periods in VR.This is only the demo version, stay tuned for the real version.We would love to hear what you think, please add your comments in the review section.Credits:Eyal Shalev - Programming & ArtBonnie Smith - Artistic directorToni Sepp\u00e4nen - ArtTate Berenbaum - ArtChris Baldwin - Sound & MusicLuis Cabral - ArtAndrew Connelly -ArtKaiser Klay - Concept designThawita Kunsuphakan (Umbrella Bear) - Character designPlease fill out our surveyhttp://timeridervr.weebly.com/betaSurvey.html",
  "inc": "Eyal Games",
  "intalled_count": "500",
  "last_update": [
    "June",
    "18",
    " 2017"
  ],
  "name": "Time Rider",
  "offered_by": "Google Commerce Ltd",
  "permissions": {
    "Photos/Media/Files": [
      "read the contents of your USB storage"
    ],
    "Storage": [
      "read the contents of your USB storage"
    ],
    "Other": [
      "full network access",
      "full network access",
      "control Near Field Communication"
    ]
  },
  "price": "",
  "rate": [
    [
      "4",
      "2.5"
    ],
    [
      "1",
      "5"
    ],
    [
      "0",
      "4"
    ],
    [
      "0",
      "3"
    ],
    [
      "2",
      "2"
    ],
    [
      "1",
      "1"
    ]
  ],
  "required_android": "4.4",
  "reviews": [],
  "size": "39",
  "url": "https://play.google.com/store/apps/details?id=com.eyalgames.timerider",
  "version": "1.11"
}