{
  "categories": [
    "Casual"
  ],
  "description": "Sit back and relax with the Unicorn in a magical forest.  Feed the Unicorn carrots, and enjoy the sounds of nature.  Listen to encouraging words from the Unicorn.This experience is great for introducing people to Virtual Reality, or as a place to regularly visit whenever you need an uplifting message.Fully supports both English and Spanish!",
  "inc": "Sparklepoo",
  "intalled_count": "100",
  "last_update": [
    "July",
    "20",
    " 2017"
  ],
  "name": "Unicorn Happy Place",
  "offered_by": "Google Commerce Ltd",
  "permissions": {
    "Other": [
      "full network access"
    ]
  },
  "price": "",
  "rate": [
    [
      "8",
      "3.6"
    ],
    [
      "3",
      "5"
    ],
    [
      "2",
      "4"
    ],
    [
      "1",
      "3"
    ],
    [
      "1",
      "2"
    ],
    [
      "1",
      "1"
    ]
  ],
  "required_android": "7.0",
  "reviews": [
    {
      "REQ_subtype": "",
      "REQ_type": "",
      "_id": 0,
      "author_id": "not defined",
      "author_name": "Dan Vorosmarty",
      "helpful": "0",
      "polarity": "",
      "rate": 4,
      "response": "",
      "response_date": "",
      "review": "It's not much of a game, very short and no real objective\u2014BUT my 3 year old daughter absolutely loves it and always asks to see \"her unicorn\" that \"loves her.\"",
      "review_date": [
        "December",
        "27",
        " 2017"
      ]
    },
    {
      "REQ_subtype": "",
      "REQ_type": "",
      "_id": 1,
      "author_id": "not defined",
      "author_name": "Daniel Ochoa",
      "helpful": "1",
      "polarity": "",
      "rate": 1,
      "response": "",
      "response_date": "",
      "review": "Boring. All u can do is throw carrots. You can't move",
      "review_date": [
        "November",
        "15",
        " 2017"
      ]
    },
    {
      "REQ_subtype": "",
      "REQ_type": "",
      "_id": 2,
      "author_id": "not defined",
      "author_name": "Joe Battle",
      "helpful": "0",
      "polarity": "",
      "rate": 5,
      "response": "",
      "response_date": "",
      "review": "This is my new favorite VR app! It's just beautiful and relaxing.  Yum.",
      "review_date": [
        "August",
        "8",
        " 2017"
      ]
    },
    {
      "REQ_subtype": "",
      "REQ_type": "",
      "_id": 3,
      "author_id": "not defined",
      "author_name": "Josh Erspamer",
      "helpful": "0",
      "polarity": "",
      "rate": 5,
      "response": "",
      "response_date": "",
      "review": "Loved the art style of this game.",
      "review_date": [
        "August",
        "31",
        " 2017"
      ]
    },
    {
      "REQ_subtype": "",
      "REQ_type": "",
      "_id": 4,
      "author_id": "not defined",
      "author_name": "Leah Oliver",
      "helpful": "0",
      "polarity": "",
      "rate": 4,
      "response": "",
      "response_date": "",
      "review": "Disclaimer: I had a promo code to try this for free. It's very pretty and I think it could be very relaxing.  The forest and nature sounds are nice.  However, the sound byte when you pet the unicorn is disturbing.",
      "review_date": [
        "May",
        "27",
        " 2017"
      ]
    }
  ],
  "size": "49",
  "url": "https://play.google.com/store/apps/details?id=com.Sparklepoo.UnicornHappyPlace",
  "version": "0.9.0"
}