{
  "categories": [
    "Arcade"
  ],
  "description": "Air Hockey VR is specially designed for Daydream headsets and devices. The game takes full advantage of Daydream controller to immerse yourself in a fun but realistic air hockey competition. Play it on the coach or standing in your room, it's up to you!Features:-Play 3, 5, 7 or 10 goals game.-Choose between easy, normal or hard AI difficulty.-Unlockable in-game trophies.-Lots of fun.",
  "inc": "Indi Go Games",
  "intalled_count": "100",
  "last_update": [
    "March",
    "22",
    " 2017"
  ],
  "name": "Air Hockey VR",
  "offered_by": "Google Commerce Ltd",
  "permissions": {
    "Other": [
      "full network access"
    ]
  },
  "price": "",
  "rate": [
    [
      "3",
      "3.3"
    ],
    [
      "1",
      "5"
    ],
    [
      "1",
      "4"
    ],
    [
      "0",
      "3"
    ],
    [
      "0",
      "2"
    ],
    [
      "1",
      "1"
    ]
  ],
  "required_android": "7.0",
  "reviews": [],
  "size": "88",
  "url": "https://play.google.com/store/apps/details?id=com.IndiGoGames.AirHockeyVR",
  "version": "1.2.3"
}