{
  "categories": [
    "Arcade"
  ],
  "description": "Sow the stars! EarthShape is a point-and-bounce VR game of universal puzzle gardening. Using the latest technology, bounce your way around obstacles or maneuver for extra points, all to grow the brightest flowers for better worlds. Dig into the game\u2019s 25 levels of campaign challenges or bounce around in free play mode to hone your green thumb. Discover millions of gene combinations (with more to come) and shape strange new worlds, your way.Features include:\u2022 Experience a galaxy-spanning story of lightspeed travel and lighthearted terraforming, narrated by Sue Perkins (The Great British Bake Off)\u2022 Play with Google Daydream\u2019s intuitive controller for universal challenge at all levels of skill\u2022 Shape over 25 worlds in the campaign and endless planets in free play \u2022 Explore worlds with bright green skies and deep purple boulders in a randomized galaxy\u2022 Unlock millions of gene combinations and mutations to create your very favorite flora",
  "inc": "Bithell Games",
  "intalled_count": "1,000",
  "last_update": [
    "February",
    "8",
    " 2017"
  ],
  "name": "EarthShape",
  "offered_by": "Google Commerce Ltd",
  "permissions": {
    "Other": [
      "full network access"
    ]
  },
  "price": "",
  "rate": [
    [
      "13",
      "4.1"
    ],
    [
      "6",
      "5"
    ],
    [
      "4",
      "4"
    ],
    [
      "1",
      "3"
    ],
    [
      "2",
      "2"
    ],
    [
      "0",
      "1"
    ]
  ],
  "required_android": "7.0",
  "reviews": [
    {
      "REQ_subtype": "",
      "REQ_type": "",
      "_id": 0,
      "author_id": "not defined",
      "author_name": "Alex R. Fortes",
      "helpful": "2",
      "polarity": "",
      "rate": 4,
      "response": "",
      "response_date": "",
      "review": "It's cute, with nice music, funny animations and simple gameplay, but it may get repetitive pretty soon. Don't expect the storytelling from other Bithell games (which is not bad, just different), but it's entertaining.  The Spanish translation is quite poor, with typos even in the credits (that an automatic spell check would catch), untranslated terms and pearls like \"aterrizando equipo\" (literally landing the gear/team) when you need to use the landing gear (and that's just one example in a vast galaxy...). That's where the game loses one star :(",
      "review_date": [
        "November",
        "24",
        " 2017"
      ]
    },
    {
      "REQ_subtype": "",
      "REQ_type": "",
      "_id": 1,
      "author_id": "not defined",
      "author_name": "Ashley Noel Hinton",
      "helpful": "1",
      "polarity": "",
      "rate": 5,
      "response": "",
      "response_date": "",
      "review": "A fun challenge",
      "review_date": [
        "October",
        "9",
        " 2017"
      ]
    },
    {
      "REQ_subtype": "",
      "REQ_type": "",
      "_id": 2,
      "author_id": "not defined",
      "author_name": "Johnny Thompson",
      "helpful": "3",
      "polarity": "",
      "rate": 5,
      "response": "",
      "response_date": "",
      "review": "This review is long overdue. I have had so much fun in my experience with EarthShape. It's a very engaging game that looks and feels right at home on Google Daydream. If you care about the future of virtual reality technology and the video game industry in general, these are the kind of creators you should be supporting! Great game guys :)",
      "review_date": [
        "December",
        "13",
        " 2016"
      ]
    },
    {
      "REQ_subtype": "",
      "REQ_type": "",
      "_id": 3,
      "author_id": "not defined",
      "author_name": "Tom Coutts",
      "helpful": "2",
      "polarity": "",
      "rate": 5,
      "response": "",
      "response_date": "",
      "review": "The game loop is simple but really addictive",
      "review_date": [
        "December",
        "6",
        " 2016"
      ]
    },
    {
      "REQ_subtype": "",
      "REQ_type": "",
      "_id": 4,
      "author_id": "not defined",
      "author_name": "Trevor Howard",
      "helpful": "3",
      "polarity": "",
      "rate": 4,
      "response": "Thanks Trevor! Cursor thing is odd, have you tried holding down home button while in EarthShape to reset cursor position? Hardware can drift a little (do let me know if that doesn't work, and we'll go bug hunting) edit: thanks, I'll take a look into that for a future update",
      "response_date": [
        "November",
        "25",
        " 2016"
      ],
      "review": "Solid game, though the cursor position is a bit weird. Aiming the cursor low on the home screen still puts it outside the top of my view in the game. It's a little uncomfortable.  edit: the cursor position isn't a matter of calibration. It seems the home screen offsets the cursor downward slightly but it's not offset in Earthshape and I find it a bit more strenuous on the wrist.",
      "review_date": [
        "November",
        "25",
        " 2016"
      ]
    },
    {
      "REQ_subtype": "",
      "REQ_type": "",
      "_id": 5,
      "author_id": "not defined",
      "author_name": "Dale Cheetham",
      "helpful": "3",
      "polarity": "",
      "rate": 4,
      "response": "Thanks Dale, we're going to continue to expand and build on the game for months to come, I personally hope to change that 4 to a 5 :)",
      "response_date": [
        "November",
        "13",
        " 2016"
      ],
      "review": "Probably my favourite of the launch titles for daydream. Simple to play and nice to look at. Possibly a little bit too simple though. Was expecting a lot more. But it seems like the dev has laid a solid base to build on so I look forward to future updates.",
      "review_date": [
        "November",
        "14",
        " 2016"
      ]
    },
    {
      "REQ_subtype": "",
      "REQ_type": "",
      "_id": 6,
      "author_id": "not defined",
      "author_name": "Stephen Charman",
      "helpful": "1",
      "polarity": "",
      "rate": 5,
      "response": "Thanks Stephen!",
      "response_date": [
        "November",
        "22",
        " 2016"
      ],
      "review": "What a great VR experience!  Wonderful and genuinely funny dialog and enjoyable cartoony aesthetic on top of a puzzle game that nicely balances mechanical simplicity with a physical challenge.",
      "review_date": [
        "November",
        "16",
        " 2016"
      ]
    },
    {
      "REQ_subtype": "",
      "REQ_type": "",
      "_id": 7,
      "author_id": "not defined",
      "author_name": "Duncan Roberts",
      "helpful": "1",
      "polarity": "",
      "rate": 3,
      "response": "Sorry to hear that sir, hopefully our planned updates will go some way to expanding the experience for you, if you've not tried it already, I'd suggest free play mode to try some mechanics from later in the game. Thanks for taking the time to comment :)",
      "response_date": [
        "November",
        "13",
        " 2016"
      ],
      "review": "Gameplay is beyond basic, however response from the developer gives me hope that this will improve. Still worth a go!",
      "review_date": [
        "November",
        "14",
        " 2016"
      ]
    },
    {
      "REQ_subtype": "",
      "REQ_type": "",
      "_id": 8,
      "author_id": "not defined",
      "author_name": "Kellee Santiago",
      "helpful": "0",
      "polarity": "",
      "rate": 5,
      "response": "Thanks Kellee!",
      "response_date": [
        "November",
        "22",
        " 2016"
      ],
      "review": "Love the atmosphere and the story! <3 Sue Perkins.",
      "review_date": [
        "November",
        "22",
        " 2016"
      ]
    },
    {
      "REQ_subtype": "",
      "REQ_type": "",
      "_id": 9,
      "author_id": "not defined",
      "author_name": "Sebastian Ang",
      "helpful": "0",
      "polarity": "",
      "rate": 2,
      "response": "Thanks Sebastian, hopefully future updates will add to that gameplay depth for you :) try free play if you haven't already!",
      "response_date": [
        "November",
        "22",
        " 2016"
      ],
      "review": "Very very basic gameplay in a beautiful package.",
      "review_date": [
        "November",
        "18",
        " 2016"
      ]
    }
  ],
  "size": "94",
  "url": "https://play.google.com/store/apps/details?id=com.bithellgames.earthshape",
  "version": "1.2"
}