{
  "categories": [
    "Education"
  ],
  "description": "Unimersiv is the largest platform for VR educational experiences. Our VR app (available for the Cardboard and Daydream VR headsets) includes multiple field trips (from the ISS to the Acropolis of Athens) that will let you learn using Virtual Reality.With Unimersiv VR, you can:- Travel back in time to explore Ancient Rome, the Titanic or the Acropolis of Athens. - Explore the interior of the International Space Station- Learn about the human anatomy in VRVR education is finally here.Compatible with: Homido, View Master, FreeFly, Durovis, VRBox, Lakento, Archos, and others Google Cardboard/Daydream VR headsets.NOTE: - It is recommended to use the latest generation of smartphones and Android 4.4 version or higher for optimal performance and comfortable gameplay. - For best performance, please make sure that all background applications are closed.",
  "inc": "Unimersiv",
  "intalled_count": "100",
  "last_update": [
    "July",
    "21",
    " 2017"
  ],
  "name": "Unimersiv",
  "offered_by": "Google Commerce Ltd",
  "permissions": {
    "Microphone": [
      "record audio"
    ],
    "Other": [
      "view network connections",
      "full network access"
    ]
  },
  "price": "",
  "rate": [],
  "required_android": "7.0",
  "reviews": [],
  "size": "",
  "url": "https://play.google.com/store/apps/details?id=com.unimersiv.unimersiv_daydream",
  "version": "3.0.72"
}