{
  "categories": [
    "Casual"
  ],
  "description": "In the game, you will walk into the Wizarding World which is back to Ancient Egypt. Rune stones of different colors are flying from the distant horizon. When you find out two same runes, it can be eliminated.Endless mode has been adopted in the game, eliminating the rune and getting a certain score, then you will go to the next checkpoint. Besides that, you will have four kinds of special runes from level 4, such as bomb, whirlpool, light, and snowflakes. You could get game props by eliminating these runes, just like blow up stones, color changing, elimination of the same color runes, slow down runes.",
  "inc": "Super Zero",
  "intalled_count": "5",
  "last_update": [
    "November",
    "28",
    " 2017"
  ],
  "name": "pharaoh VR",
  "offered_by": "Google Commerce Ltd",
  "permissions": {
    "Other": [
      "full network access"
    ]
  },
  "price": "",
  "rate": [],
  "required_android": "7.0",
  "reviews": [],
  "size": "",
  "url": "https://play.google.com/store/apps/details?id=com.Superzerocn.Pharaoh",
  "version": "1.0.2"
}