{
  "categories": [
    "Action"
  ],
  "description": "Pick bounties, hire other players in your own gang, and defeat other outlaws through quick-draw duels. Earn money and climb the ladder to become the most wanted outlaw of the week and earn exclusive gear. Chill in the saloon and pick among a full set of weapons , revolvers, shotguns, rifles to match your play style. The deadlier you get, the higher the bounty is on your head !  Only the best gunslingers survive and walk their way through the fame of the Old West. But players can also choose to hire you in their gangs, and pay for your contribution to their gang...",
  "inc": "CHOU Entertainment",
  "intalled_count": "100",
  "last_update": [
    "September",
    "8",
    " 2017"
  ],
  "name": "West Gangs",
  "offered_by": "Google Commerce Ltd",
  "permissions": {
    "Photos/Media/Files": [
      "read the contents of your USB storage",
      "modify or delete the contents of your USB storage"
    ],
    "Storage": [
      "read the contents of your USB storage",
      "modify or delete the contents of your USB storage"
    ],
    "Other": [
      "receive data from Internet",
      "view network connections",
      "full network access",
      "prevent device from sleeping"
    ]
  },
  "price": "",
  "rate": [
    [
      "12",
      "3.6"
    ],
    [
      "6",
      "5"
    ],
    [
      "1",
      "4"
    ],
    [
      "2",
      "3"
    ],
    [
      "0",
      "2"
    ],
    [
      "3",
      "1"
    ]
  ],
  "required_android": "7.0",
  "reviews": [
    {
      "REQ_subtype": "",
      "REQ_type": "",
      "_id": 0,
      "author_id": "not defined",
      "author_name": "George Mirus",
      "helpful": "0",
      "polarity": "",
      "rate": 4,
      "response": "",
      "response_date": "",
      "review": "This game is really fun. I keep coming back to it. The bad part is that the game keeps freezing, and you must reset it losing all progress you've made. It won't store my login, and I need to erase the app data on it in order to pick my name again. I can't make good progress this way.",
      "review_date": [
        "March",
        "12",
        " 2018"
      ]
    },
    {
      "REQ_subtype": "",
      "REQ_type": "",
      "_id": 1,
      "author_id": "not defined",
      "author_name": "Andrew Gadbois",
      "helpful": "0",
      "polarity": "",
      "rate": 1,
      "response": "",
      "response_date": "",
      "review": "Game can't process anything past the first duel scenario. Just get a black \nscreen as soon as you start the first bounty mission. Can't even quit out \nof the game after. Have to close the app. Looks like it could be fun, but \nnever got the chance to find out.",
      "review_date": [
        "May",
        "23",
        " 2018"
      ]
    },
    {
      "REQ_subtype": "",
      "REQ_type": "",
      "_id": 2,
      "author_id": "not defined",
      "author_name": "Saquib Kabir",
      "helpful": "2",
      "polarity": "",
      "rate": 5,
      "response": "",
      "response_date": "",
      "review": "I just played the first round... But yes! I was hoping for a new shooter game ... Definitely one of the better games to buy!",
      "review_date": [
        "September",
        "15",
        " 2017"
      ]
    },
    {
      "REQ_subtype": "",
      "REQ_type": "",
      "_id": 3,
      "author_id": "not defined",
      "author_name": "Scott Ruffner",
      "helpful": "1",
      "polarity": "",
      "rate": 1,
      "response": "",
      "response_date": "",
      "review": "On shootout game goes black on my Pixel 2. Want refund.",
      "review_date": [
        "February",
        "1",
        " 2018"
      ]
    },
    {
      "REQ_subtype": "",
      "REQ_type": "",
      "_id": 4,
      "author_id": "not defined",
      "author_name": "Jack Flitton",
      "helpful": "2",
      "polarity": "",
      "rate": 3,
      "response": "",
      "response_date": "",
      "review": "Great game but sometimes during gameplay the gun doesn't holster and then you've got to restart the game.",
      "review_date": [
        "October",
        "25",
        " 2017"
      ]
    },
    {
      "REQ_subtype": "",
      "REQ_type": "",
      "_id": 5,
      "author_id": "not defined",
      "author_name": "Russell Deasley",
      "helpful": "0",
      "polarity": "",
      "rate": 1,
      "response": "",
      "response_date": "",
      "review": "Sadly not working for Samsung S8 or S8+ when you start the first fight the screen goes black, but it is a great game on the Gear VR if that helps.",
      "review_date": [
        "January",
        "18",
        " 2018"
      ]
    },
    {
      "REQ_subtype": "",
      "REQ_type": "",
      "_id": 6,
      "author_id": "not defined",
      "author_name": "Ignacio Monereo",
      "helpful": "0",
      "polarity": "",
      "rate": 5,
      "response": "",
      "response_date": "",
      "review": "Great and fun shooter! Fully immersive into the wild west. Love the dust ball!",
      "review_date": [
        "September",
        "17",
        " 2017"
      ]
    },
    {
      "REQ_subtype": "",
      "REQ_type": "",
      "_id": 7,
      "author_id": "not defined",
      "author_name": "Austin Ski",
      "helpful": "0",
      "polarity": "",
      "rate": 5,
      "response": "",
      "response_date": "",
      "review": "Actually fun so far. Simple concept but addicting",
      "review_date": [
        "September",
        "17",
        " 2017"
      ]
    },
    {
      "REQ_subtype": "",
      "REQ_type": "",
      "_id": 8,
      "author_id": "not defined",
      "author_name": "George Ashcroft",
      "helpful": "0",
      "polarity": "",
      "rate": 5,
      "response": "",
      "response_date": "",
      "review": "Cool idea and execution",
      "review_date": [
        "September",
        "21",
        " 2017"
      ]
    }
  ],
  "size": "83",
  "url": "https://play.google.com/store/apps/details?id=com.Chou.WestGuns",
  "version": "1.01"
}