{
  "categories": [
    "Entertainment"
  ],
  "description": "Dive into the comics, enjoy an immersive VR Comic(VR Webtoon), Experience new VR Comics(VR Webtoons) drawn by famous Comic(Webtoon) artists.** This app can run on smartphones that support Daydream. *** List of currently featured works-\tHaring: The Wizard Living Next Door-\tyoura: youra-\tJi Gang Min : Welcome To Convenience Store VR-\tBaik Sung Min : BwootNori-\tChoi, Hochul : Walk the Alley-\tZenyu : Zenyu360-\tKo il-kwon : Jung-am-jin-\tWhanJ : On The Mars-       Nanbin : Tears, The glare-       JiwooKim : Catch the Landmark Swindler-       JiwooKim : The High School's No.1-       parksungyong : Stalker-       maru : Snow White-       Jeong Sukho : The White Tiger* There\u2019s more to come!Also, a 2D-based VR content, such as illustrations and folk tales, is on the way to be provided.If you face any queries or problems while using our app,please contact us via help@comixv.com or http://facebook.com/comixvFor requesting proposals and/or partnerships, please email us at support@comixv.com",
  "inc": "comixv",
  "intalled_count": "500",
  "last_update": [
    "June",
    "5",
    " 2018"
  ],
  "name": "ComixV - VR",
  "offered_by": "Google Commerce Ltd",
  "permissions": {
    "Other": [
      "view network connections",
      "full network access"
    ]
  },
  "price": "",
  "rate": [
    [
      "2",
      "5.0"
    ],
    [
      "2",
      "5"
    ],
    [
      "0",
      "4"
    ],
    [
      "0",
      "3"
    ],
    [
      "0",
      "2"
    ],
    [
      "0",
      "1"
    ]
  ],
  "required_android": "7.0",
  "reviews": [],
  "size": "",
  "url": "https://play.google.com/store/apps/details?id=com.ComixV.DDVer",
  "version": "3.2"
}