{
  "categories": [
    "Travel & Local"
  ],
  "description": "Gala 360 takes you to awesome adventures around the world. Our photographers capture their trips in high quality 360 photos so they can bring you to their explorations. From San Francisco Bay Area to San Diego, from Grand Canyon to Yellowstone. Travel the world from your living room!",
  "inc": "STW Software",
  "intalled_count": "10,000",
  "last_update": [
    "August",
    "18",
    " 2017"
  ],
  "name": "Gala360 - See the World in VR",
  "offered_by": "Google Commerce Ltd",
  "permissions": {
    "Phone": [
      "read phone status and identity"
    ],
    "Photos/Media/Files": [
      "read the contents of your USB storage",
      "modify or delete the contents of your USB storage"
    ],
    "Storage": [
      "read the contents of your USB storage",
      "modify or delete the contents of your USB storage"
    ],
    "Microphone": [
      "record audio"
    ],
    "Device ID & call information": [
      "read phone status and identity"
    ],
    "Other": [
      "view network connections",
      "full network access",
      "prevent device from sleeping"
    ]
  },
  "price": "",
  "rate": [
    [
      "34",
      "4.1"
    ],
    [
      "23",
      "5"
    ],
    [
      "2",
      "4"
    ],
    [
      "4",
      "3"
    ],
    [
      "1",
      "2"
    ],
    [
      "4",
      "1"
    ]
  ],
  "required_android": "4.4",
  "reviews": [
    {
      "REQ_subtype": "",
      "REQ_type": "",
      "_id": 0,
      "author_id": "not defined",
      "author_name": "Elaine Lu",
      "helpful": "6",
      "polarity": "",
      "rate": 5,
      "response": "",
      "response_date": "",
      "review": "Really beautiful 360 images! And it's very easy to navigate. Like the rich content",
      "review_date": [
        "August",
        "4",
        " 2017"
      ]
    },
    {
      "REQ_subtype": "",
      "REQ_type": "",
      "_id": 1,
      "author_id": "not defined",
      "author_name": "\u30c1\u30e5imoc",
      "helpful": "5",
      "polarity": "",
      "rate": 3,
      "response": "",
      "response_date": "",
      "review": "When Gear VR Server exists I can not use my daydream headset!!!",
      "review_date": [
        "September",
        "1",
        " 2017"
      ]
    },
    {
      "REQ_subtype": "",
      "REQ_type": "",
      "_id": 2,
      "author_id": "not defined",
      "author_name": "Earl Sarain",
      "helpful": "2",
      "polarity": "",
      "rate": 4,
      "response": "Really really sorry about this, one more update... We sort of have to do this to pass Google DayDream test :)",
      "response_date": [
        "April",
        "1",
        " 2017"
      ],
      "review": "How many updates can they make in a week. This is like update 5 this week alone!  Hopefully they fixed the tracking issue",
      "review_date": [
        "March",
        "31",
        " 2017"
      ]
    },
    {
      "REQ_subtype": "",
      "REQ_type": "",
      "_id": 3,
      "author_id": "not defined",
      "author_name": "Ben Vu",
      "helpful": "2",
      "polarity": "",
      "rate": 5,
      "response": "",
      "response_date": "",
      "review": "Amazing Daydream VR app!  Can travel to beautiful places around the world from my sofa.",
      "review_date": [
        "March",
        "18",
        " 2017"
      ]
    },
    {
      "REQ_subtype": "",
      "REQ_type": "",
      "_id": 4,
      "author_id": "not defined",
      "author_name": "Alexandre Beaudry",
      "helpful": "1",
      "polarity": "",
      "rate": 4,
      "response": "",
      "response_date": "",
      "review": "Good app to go see the Golden Gate Bridge. Nice pics.",
      "review_date": [
        "March",
        "19",
        " 2017"
      ]
    },
    {
      "REQ_subtype": "",
      "REQ_type": "",
      "_id": 5,
      "author_id": "not defined",
      "author_name": "A Google user",
      "helpful": "3",
      "polarity": "",
      "rate": 5,
      "response": "",
      "response_date": "",
      "review": "Take you to the most interesting places :)",
      "review_date": [
        "March",
        "16",
        " 2017"
      ]
    },
    {
      "REQ_subtype": "",
      "REQ_type": "",
      "_id": 6,
      "author_id": "not defined",
      "author_name": "Barrientos Ted J",
      "helpful": "1",
      "polarity": "",
      "rate": 5,
      "response": "",
      "response_date": "",
      "review": "They're amazing photos.",
      "review_date": [
        "March",
        "16",
        " 2017"
      ]
    },
    {
      "REQ_subtype": "",
      "REQ_type": "",
      "_id": 7,
      "author_id": "not defined",
      "author_name": "Bryan Hargrave",
      "helpful": "6",
      "polarity": "",
      "rate": 1,
      "response": "thanks for the feedback, we just launched an update which fixed this problem. Will you please update and let us know if it works for you now?",
      "response_date": [
        "January",
        "4",
        " 2017"
      ],
      "review": "Options show up but I can't click anything. Just stuck at the main menu. This is the only app that hasn't worked on my daydream/pixel rig. 7.1.1",
      "review_date": [
        "December",
        "28",
        " 2016"
      ]
    },
    {
      "REQ_subtype": "",
      "REQ_type": "",
      "_id": 8,
      "author_id": "not defined",
      "author_name": "Siddharth Panda",
      "helpful": "1",
      "polarity": "",
      "rate": 2,
      "response": "",
      "response_date": "",
      "review": "Doesn't work on Daydream on the Galaxy S8+. Instead intimates you to download the gear VR app",
      "review_date": [
        "August",
        "17",
        " 2017"
      ]
    },
    {
      "REQ_subtype": "",
      "REQ_type": "",
      "_id": 9,
      "author_id": "not defined",
      "author_name": "Thierry Lechanteur",
      "helpful": "2",
      "polarity": "",
      "rate": 5,
      "response": "",
      "response_date": "",
      "review": "Great app and awesome quality with my gear vr ... if problem go in the oculus library to take the app ....",
      "review_date": [
        "January",
        "16",
        " 2017"
      ]
    },
    {
      "REQ_subtype": "",
      "REQ_type": "",
      "_id": 10,
      "author_id": "not defined",
      "author_name": "A Google user",
      "helpful": "0",
      "polarity": "",
      "rate": 5,
      "response": "",
      "response_date": "",
      "review": "Really amazing to go back to Yellowstone and Yosemite in VR. Now I keep dreaming about these national parks.",
      "review_date": [
        "March",
        "16",
        " 2017"
      ]
    },
    {
      "REQ_subtype": "",
      "REQ_type": "",
      "_id": 11,
      "author_id": "not defined",
      "author_name": "jing zhao",
      "helpful": "1",
      "polarity": "",
      "rate": 5,
      "response": "",
      "response_date": "",
      "review": "Gala is the best VR app in daydream.",
      "review_date": [
        "March",
        "16",
        " 2017"
      ]
    },
    {
      "REQ_subtype": "",
      "REQ_type": "",
      "_id": 12,
      "author_id": "not defined",
      "author_name": "A Google user",
      "helpful": "0",
      "polarity": "",
      "rate": 5,
      "response": "",
      "response_date": "",
      "review": "There are many free photos, we love this app. Keep working on it :)",
      "review_date": [
        "March",
        "16",
        " 2017"
      ]
    },
    {
      "REQ_subtype": "",
      "REQ_type": "",
      "_id": 13,
      "author_id": "not defined",
      "author_name": "A Google user",
      "helpful": "1",
      "polarity": "",
      "rate": 5,
      "response": "",
      "response_date": "",
      "review": "Cool",
      "review_date": [
        "March",
        "16",
        " 2017"
      ]
    }
  ],
  "size": "28",
  "url": "https://play.google.com/store/apps/details?id=team.apollo.gala360unity",
  "version": "1.2.3"
}