{
  "categories": [
    "Puzzle"
  ],
  "description": "Can You Survive!?\u2022 VR mode (playable with Daydream, Google Cardboard or any other virtual reality headset)\u2022 Regular mode (playable with device)In this VR room escape game your goal is to find the answer to the question - Can You Survive?Experience your escape in Virtual Reality. Find your way out through two rooms full of puzzles, hidden objects, locked doors and hints. But hurry up as there is a creepy guy outside and it seems he has some freakish plans for you...If you accept this challenge just put on your Google Cardboard or any other virtual reality headset and start this amazing VR adventure and see if you can escape!Features:\u2197 Exciting story!\u2197 Scary atmosphere!\u2197 3D graphics!\u2197 Fresh puzzles!\u2197 Authentic room escape game!\u2197 Genuine VR experience!",
  "inc": "Goblin LLC",
  "intalled_count": "10,000",
  "last_update": [
    "October",
    "19",
    " 2017"
  ],
  "name": "Can You Survive",
  "offered_by": "Google Commerce Ltd",
  "permissions": {
    "Phone": [
      "read phone status and identity"
    ],
    "Photos/Media/Files": [
      "read the contents of your USB storage",
      "modify or delete the contents of your USB storage"
    ],
    "Storage": [
      "read the contents of your USB storage",
      "modify or delete the contents of your USB storage"
    ],
    "Device ID & call information": [
      "read phone status and identity"
    ],
    "Other": [
      "view network connections",
      "full network access",
      "draw over other apps"
    ]
  },
  "price": "",
  "rate": [
    [
      "147",
      "3.5"
    ],
    [
      "62",
      "5"
    ],
    [
      "20",
      "4"
    ],
    [
      "24",
      "3"
    ],
    [
      "11",
      "2"
    ],
    [
      "30",
      "1"
    ]
  ],
  "required_android": "4.4",
  "reviews": [
    {
      "REQ_subtype": "",
      "REQ_type": "",
      "_id": 0,
      "author_id": "not defined",
      "author_name": "Linda Beugelsdijk",
      "helpful": "4",
      "polarity": "",
      "rate": 3,
      "response": "Thanks for the feedback! We try to do better in future.",
      "response_date": [
        "February",
        "14",
        " 2018"
      ],
      "review": "Looks good, fun puzzles and VR-mode is great although a bit too slow. Needs inventory description, better controls in normal mode and more free levels to see if buying the game is worth it.",
      "review_date": [
        "February",
        "12",
        " 2018"
      ]
    },
    {
      "REQ_subtype": "",
      "REQ_type": "",
      "_id": 1,
      "author_id": "not defined",
      "author_name": "A Google user",
      "helpful": "3",
      "polarity": "",
      "rate": 4,
      "response": "",
      "response_date": "",
      "review": "That is a really beautiful and well made game. The only problem is that I can't buy it and reach to more levels cause it's not available in my country.  :'(",
      "review_date": [
        "January",
        "26",
        " 2018"
      ]
    },
    {
      "REQ_subtype": "",
      "REQ_type": "",
      "_id": 2,
      "author_id": "not defined",
      "author_name": "Paddy Landau",
      "helpful": "1",
      "polarity": "",
      "rate": 4,
      "response": "Thanks a lot!",
      "response_date": [
        "May",
        "22",
        " 2018"
      ],
      "review": "Outstanding graphics (VR mode) with a realistic sound and feel. Not the \nhardest room escape that I ever played, but fun nevertheless.",
      "review_date": [
        "May",
        "6",
        " 2018"
      ]
    },
    {
      "REQ_subtype": "",
      "REQ_type": "",
      "_id": 3,
      "author_id": "not defined",
      "author_name": "Elizabeth Nichols",
      "helpful": "4",
      "polarity": "",
      "rate": 2,
      "response": "",
      "response_date": "",
      "review": "Unimpressed with short intro level and then required a payment to access the 2nd. Uninstalled.",
      "review_date": [
        "December",
        "5",
        " 2017"
      ]
    },
    {
      "REQ_subtype": "",
      "REQ_type": "",
      "_id": 4,
      "author_id": "not defined",
      "author_name": "Lilith Manson",
      "helpful": "2",
      "polarity": "",
      "rate": 3,
      "response": "",
      "response_date": "",
      "review": "Only one free level? Not enough to entice me to pay for the next one.",
      "review_date": [
        "October",
        "22",
        " 2017"
      ]
    },
    {
      "REQ_subtype": "",
      "REQ_type": "",
      "_id": 5,
      "author_id": "not defined",
      "author_name": "Karen Rickstrom",
      "helpful": "0",
      "polarity": "",
      "rate": 1,
      "response": "",
      "response_date": "",
      "review": "Did not like the way I had to move around room",
      "review_date": [
        "April",
        "9",
        " 2018"
      ]
    },
    {
      "REQ_subtype": "",
      "REQ_type": "",
      "_id": 6,
      "author_id": "not defined",
      "author_name": "fred nupp",
      "helpful": "1",
      "polarity": "",
      "rate": 1,
      "response": "",
      "response_date": "",
      "review": "Controls suck.uninstalled",
      "review_date": [
        "October",
        "22",
        " 2017"
      ]
    },
    {
      "REQ_subtype": "",
      "REQ_type": "",
      "_id": 7,
      "author_id": "not defined",
      "author_name": "Clayton Parkhurst",
      "helpful": "0",
      "polarity": "",
      "rate": 4,
      "response": "",
      "response_date": "",
      "review": "Not bad.  I wish there was a little more to entice me into purchasing level 2.  The game play was good. I liked the click foot steps and move.  I dont like click the foot steps and blink to the next spot. That takes away from the experience. The puzzles we're done well and we're implemented decently. Nothing super hard but they worked. I did really enjoy the sound. And the guy out the window however looked out of place but still very unnerving...  I would say well done sir.",
      "review_date": [
        "September",
        "16",
        " 2017"
      ]
    },
    {
      "REQ_subtype": "",
      "REQ_type": "",
      "_id": 8,
      "author_id": "not defined",
      "author_name": "aaron Little",
      "helpful": "3",
      "polarity": "",
      "rate": 1,
      "response": "",
      "response_date": "",
      "review": "Only 2 levels and you pay for the second one. I won't waste any more of my money with the company.",
      "review_date": [
        "September",
        "26",
        " 2017"
      ]
    },
    {
      "REQ_subtype": "",
      "REQ_type": "",
      "_id": 9,
      "author_id": "not defined",
      "author_name": "Kaarel Luts",
      "helpful": "0",
      "polarity": "",
      "rate": 5,
      "response": "",
      "response_date": "",
      "review": "Wow, so realistic and cool, really enjoyed the atmosphere in this VR escape game!",
      "review_date": [
        "September",
        "27",
        " 2017"
      ]
    },
    {
      "REQ_subtype": "",
      "REQ_type": "",
      "_id": 10,
      "author_id": "not defined",
      "author_name": "A Google user",
      "helpful": "4",
      "polarity": "",
      "rate": 5,
      "response": "",
      "response_date": "",
      "review": "gh otdv o",
      "review_date": [
        "September",
        "22",
        " 2017"
      ]
    },
    {
      "REQ_subtype": "",
      "REQ_type": "",
      "_id": 11,
      "author_id": "not defined",
      "author_name": "\u062c\u0628\u0631\u0627\u0639\u06cc\u0644 \u0641\u0627\u062a\u062d",
      "helpful": "0",
      "polarity": "",
      "rate": 5,
      "response": "",
      "response_date": "",
      "review": "How do I get in???stage 2???",
      "review_date": [
        "October",
        "15",
        " 2017"
      ]
    },
    {
      "REQ_subtype": "",
      "REQ_type": "",
      "_id": 12,
      "author_id": "not defined",
      "author_name": "Sarit Pery",
      "helpful": "0",
      "polarity": "",
      "rate": 3,
      "response": "",
      "response_date": "",
      "review": "If you don't have a vr then the controls really suck. Very hard to get places or press things.  The idea of a great graphic in an escape room is awesome, only the implementation is far from good.",
      "review_date": [
        "September",
        "1",
        " 2017"
      ]
    },
    {
      "REQ_subtype": "",
      "REQ_type": "",
      "_id": 13,
      "author_id": "not defined",
      "author_name": "Brittany Clough",
      "helpful": "0",
      "polarity": "",
      "rate": 5,
      "response": "",
      "response_date": "",
      "review": "A little hard to play without VR but super fun. Sucks that it's only 1 level.",
      "review_date": [
        "September",
        "1",
        " 2017"
      ]
    },
    {
      "REQ_subtype": "",
      "REQ_type": "",
      "_id": 14,
      "author_id": "not defined",
      "author_name": "Heather Purcell",
      "helpful": "0",
      "polarity": "",
      "rate": 5,
      "response": "",
      "response_date": "",
      "review": "I sure hope I didn't just pay so I could only play 2 scenes. If so I want my money back. That's B.S....",
      "review_date": [
        "September",
        "11",
        " 2017"
      ]
    },
    {
      "REQ_subtype": "",
      "REQ_type": "",
      "_id": 15,
      "author_id": "not defined",
      "author_name": "Abigial Estrada",
      "helpful": "0",
      "polarity": "",
      "rate": 1,
      "response": "",
      "response_date": "",
      "review": "i paid a $1 for nothing ... only level2?",
      "review_date": [
        "September",
        "5",
        " 2017"
      ]
    },
    {
      "REQ_subtype": "",
      "REQ_type": "",
      "_id": 16,
      "author_id": "not defined",
      "author_name": "Kristjan Luts",
      "helpful": "0",
      "polarity": "",
      "rate": 5,
      "response": "",
      "response_date": "",
      "review": "really nice Vr game, had some fun with this game!",
      "review_date": [
        "August",
        "30",
        " 2017"
      ]
    },
    {
      "REQ_subtype": "",
      "REQ_type": "",
      "_id": 17,
      "author_id": "not defined",
      "author_name": "Yassir Ghanim",
      "helpful": "0",
      "polarity": "",
      "rate": 1,
      "response": "",
      "response_date": "",
      "review": "Bad graphics bad controls not scary and no Chromecast audio",
      "review_date": [
        "December",
        "1",
        " 2017"
      ]
    },
    {
      "REQ_subtype": "",
      "REQ_type": "",
      "_id": 18,
      "author_id": "not defined",
      "author_name": "moayyad mohammad",
      "helpful": "0",
      "polarity": "",
      "rate": 1,
      "response": "",
      "response_date": "",
      "review": "I hate VR please please please get back to the normal mode \"point and click\"",
      "review_date": [
        "October",
        "2",
        " 2017"
      ]
    },
    {
      "REQ_subtype": "",
      "REQ_type": "",
      "_id": 19,
      "author_id": "not defined",
      "author_name": "Neeraj Nanoti",
      "helpful": "1",
      "polarity": "",
      "rate": 1,
      "response": "",
      "response_date": "",
      "review": "Joke... 2nd level purchase. Not acceptable.",
      "review_date": [
        "October",
        "11",
        " 2017"
      ]
    },
    {
      "REQ_subtype": "",
      "REQ_type": "",
      "_id": 20,
      "author_id": "not defined",
      "author_name": "Ma'At Turner",
      "helpful": "0",
      "polarity": "",
      "rate": 1,
      "response": "",
      "response_date": "",
      "review": "Doesn't work in Virtual Mode on the note8",
      "review_date": [
        "December",
        "2",
        " 2017"
      ]
    },
    {
      "REQ_subtype": "",
      "REQ_type": "",
      "_id": 21,
      "author_id": "not defined",
      "author_name": "Malti Shanbag",
      "helpful": "0",
      "polarity": "",
      "rate": 1,
      "response": "",
      "response_date": "",
      "review": "Badest game in  the world because 2 level contains MONEY",
      "review_date": [
        "October",
        "27",
        " 2017"
      ]
    },
    {
      "REQ_subtype": "",
      "REQ_type": "",
      "_id": 22,
      "author_id": "not defined",
      "author_name": "Warlok 007",
      "helpful": "0",
      "polarity": "",
      "rate": 1,
      "response": "",
      "response_date": "",
      "review": "All level game play to be free!",
      "review_date": [
        "September",
        "30",
        " 2017"
      ]
    },
    {
      "REQ_subtype": "",
      "REQ_type": "",
      "_id": 23,
      "author_id": "not defined",
      "author_name": "L van Rijsewijk",
      "helpful": "0",
      "polarity": "",
      "rate": 1,
      "response": "",
      "response_date": "",
      "review": "Does not save progress. Uninstalled!",
      "review_date": [
        "September",
        "24",
        " 2017"
      ]
    },
    {
      "REQ_subtype": "",
      "REQ_type": "",
      "_id": 24,
      "author_id": "not defined",
      "author_name": "Indrek Luts",
      "helpful": "0",
      "polarity": "",
      "rate": 5,
      "response": "",
      "response_date": "",
      "review": "At last - quality VR escapes!",
      "review_date": [
        "August",
        "30",
        " 2017"
      ]
    },
    {
      "REQ_subtype": "",
      "REQ_type": "",
      "_id": 25,
      "author_id": "not defined",
      "author_name": "Jennifer Poon",
      "helpful": "0",
      "polarity": "",
      "rate": 3,
      "response": "",
      "response_date": "",
      "review": "Only 2 free levels..",
      "review_date": [
        "October",
        "9",
        " 2017"
      ]
    },
    {
      "REQ_subtype": "",
      "REQ_type": "",
      "_id": 26,
      "author_id": "not defined",
      "author_name": "mohsen mohseni",
      "helpful": "0",
      "polarity": "",
      "rate": 5,
      "response": "",
      "response_date": "",
      "review": "Thanks",
      "review_date": [
        "September",
        "13",
        " 2017"
      ]
    },
    {
      "REQ_subtype": "",
      "REQ_type": "",
      "_id": 27,
      "author_id": "not defined",
      "author_name": "Adam Diallo",
      "helpful": "0",
      "polarity": "",
      "rate": 5,
      "response": "",
      "response_date": "",
      "review": "Kooldude",
      "review_date": [
        "September",
        "23",
        " 2017"
      ]
    },
    {
      "REQ_subtype": "",
      "REQ_type": "",
      "_id": 28,
      "author_id": "not defined",
      "author_name": "Eddie Grider",
      "helpful": "0",
      "polarity": "",
      "rate": 5,
      "response": "",
      "response_date": "",
      "review": "It's good",
      "review_date": [
        "February",
        "4",
        " 2018"
      ]
    },
    {
      "REQ_subtype": "",
      "REQ_type": "",
      "_id": 29,
      "author_id": "not defined",
      "author_name": "Miguel is mine6729",
      "helpful": "0",
      "polarity": "",
      "rate": 3,
      "response": "",
      "response_date": "",
      "review": "\ud83d\udc4c\ud83d\udc4c",
      "review_date": [
        "September",
        "21",
        " 2017"
      ]
    },
    {
      "REQ_subtype": "",
      "REQ_type": "",
      "_id": 30,
      "author_id": "not defined",
      "author_name": "A Google user",
      "helpful": "0",
      "polarity": "",
      "rate": 5,
      "response": "",
      "response_date": "",
      "review": "Love it",
      "review_date": [
        "September",
        "5",
        " 2017"
      ]
    },
    {
      "REQ_subtype": "",
      "REQ_type": "",
      "_id": 31,
      "author_id": "not defined",
      "author_name": "Gavin Wagerman",
      "helpful": "0",
      "polarity": "",
      "rate": 5,
      "response": "",
      "response_date": "",
      "review": "Fun",
      "review_date": [
        "March",
        "29",
        " 2018"
      ]
    }
  ],
  "size": "79",
  "url": "https://play.google.com/store/apps/details?id=com.goblinllc.canyousurvivevr",
  "version": "1.0"
}