{
  "categories": [
    "Simulation"
  ],
  "description": "Just enjoy this endless trip throught the colorfull stellar tunnel.",
  "inc": "Piramide Team",
  "intalled_count": "50",
  "last_update": [
    "May",
    "22",
    " 2018"
  ],
  "name": "Stellar Tunnel VR",
  "offered_by": "Google Commerce Ltd",
  "permissions": {
    "Photos/Media/Files": [
      "read the contents of your USB storage"
    ],
    "Storage": [
      "read the contents of your USB storage"
    ],
    "Other": []
  },
  "price": "",
  "rate": [
    [
      "3",
      "3.7"
    ],
    [
      "2",
      "5"
    ],
    [
      "0",
      "4"
    ],
    [
      "0",
      "3"
    ],
    [
      "0",
      "2"
    ],
    [
      "1",
      "1"
    ]
  ],
  "required_android": "Varies with",
  "reviews": [],
  "size": "26",
  "url": "https://play.google.com/store/apps/details?id=com.PiramideTeam.StellarTunnel",
  "version": "Varies with device"
}