{
  "categories": [
    "Casual"
  ],
  "description": "Hidden Fortune is an adventurous treasure hunt through a virtual world of enchantment, with Chapter One: Outcast Cove free to play! Chapter Two: Shanty Seas is available through single purchase, and unlocks over two hours of content, including new puzzles, collectible Wands and vast areas to discover. As a sorcerer on a daring rescue mission, players must use their magic\u2014cast with the Daydream Controller\u2014to explore the vivid world around them, and collect peculiar trinkets to aid in their quest. Solve puzzles, meet quirky characters, and uncover secrets and treasures alike in this humourous VR title.Cast Your Magic: Swing the Daydream Controller to capture trinkets, make charming new acquaintances, and solve tricky puzzles. Draw the Wands: These collectible magic devices enable seamless interaction with the virtual world. Orienting intuitively to your hand\u2019s movements, each Wand has unique art and visual effects. Replayable Challenges: Each quest in Outcast Cove and Shanty Seas offers three levels of difficulty to test your wizarding skill.",
  "inc": "Archiact",
  "intalled_count": "1,000",
  "last_update": [
    "November",
    "7",
    " 2017"
  ],
  "name": "Hidden Fortune",
  "offered_by": "Google Commerce Ltd",
  "permissions": {
    "Photos/Media/Files": [
      "read the contents of your USB storage",
      "modify or delete the contents of your USB storage"
    ],
    "Storage": [
      "read the contents of your USB storage",
      "modify or delete the contents of your USB storage"
    ],
    "Wi-Fi connection information": [
      "view Wi-Fi connections"
    ],
    "Other": [
      "view network connections",
      "full network access",
      "prevent device from sleeping",
      "Google Play license check"
    ]
  },
  "price": "",
  "rate": [
    [
      "11",
      "4.1"
    ],
    [
      "6",
      "5"
    ],
    [
      "3",
      "4"
    ],
    [
      "0",
      "3"
    ],
    [
      "1",
      "2"
    ],
    [
      "1",
      "1"
    ]
  ],
  "required_android": "7.0",
  "reviews": [],
  "size": "39",
  "url": "https://play.google.com/store/apps/details?id=com.archiactinteractive.hiddenfortunedaydream",
  "version": "2.0"
}