{
  "categories": [
    "Action"
  ],
  "description": "You're all alone on a micro planet in space when the deadly TERMINOIDS attack you from all sides. Now it's you against a gigantic army of enemies! All that stands between you and death is your gun power and a bomb defusal drone. Experience a stunning looking rogue-like VR shooter with nonstop action. Endless planets, massive bossfights and ultimate firepower awaits you. Fight your way up the Highscore ranks in this addictive One-Stick shooter and become a combat legend. How long will you survive until your planet blows to pieces?Features:* Intriguing One-Stick shooting gameplay* Rogue-like VR action with endless planets* Gigantic boss fights and high score challenges* Power weapons, upgrades and dozens of enemy typesBattle Planet is from the awarded German game development studio THREAKS, creators of the critical acclaimed music adventure BEATBUDDY (available on the Google Playstore). THREAKS already won the German Videogame Award, German Developer Award, Epic Games Award and multiple other international honors.",
  "inc": "Threaks",
  "intalled_count": "1,000",
  "last_update": [
    "April",
    "3",
    " 2018"
  ],
  "name": "Battle Planet VR",
  "offered_by": "Google Commerce Ltd",
  "permissions": {
    "Photos/Media/Files": [
      "read the contents of your USB storage"
    ],
    "Storage": [
      "read the contents of your USB storage"
    ],
    "Other": [
      "full network access"
    ]
  },
  "price": "",
  "rate": [
    [
      "23",
      "4.6"
    ],
    [
      "20",
      "5"
    ],
    [
      "1",
      "4"
    ],
    [
      "0",
      "3"
    ],
    [
      "0",
      "2"
    ],
    [
      "2",
      "1"
    ]
  ],
  "required_android": "7.0",
  "reviews": [
    {
      "REQ_subtype": "",
      "REQ_type": "",
      "_id": 0,
      "author_id": "not defined",
      "author_name": "Peter Kishalov",
      "helpful": "2",
      "polarity": "",
      "rate": 5,
      "response": "",
      "response_date": "",
      "review": "Is probably one of the most engaging games on daydream. Simply played but challenging on higher levels, with nice humor. Having several games I still play BattlePlanet the most.",
      "review_date": [
        "December",
        "2",
        " 2017"
      ]
    },
    {
      "REQ_subtype": "",
      "REQ_type": "",
      "_id": 1,
      "author_id": "not defined",
      "author_name": "Federico Weber",
      "helpful": "2",
      "polarity": "",
      "rate": 5,
      "response": "",
      "response_date": "",
      "review": "Neat game, fun to play and great atmosphere.",
      "review_date": [
        "December",
        "29",
        " 2017"
      ]
    },
    {
      "REQ_subtype": "",
      "REQ_type": "",
      "_id": 2,
      "author_id": "not defined",
      "author_name": "Audrius Karosevi\u010dius",
      "helpful": "0",
      "polarity": "",
      "rate": 5,
      "response": "",
      "response_date": "",
      "review": "Very well made game. Every single aspect of this game is 5/5",
      "review_date": [
        "November",
        "22",
        " 2017"
      ]
    },
    {
      "REQ_subtype": "",
      "REQ_type": "",
      "_id": 3,
      "author_id": "not defined",
      "author_name": "Terry Li Yixuan",
      "helpful": "3",
      "polarity": "",
      "rate": 5,
      "response": "",
      "response_date": "",
      "review": "This is a very awesome game! Love the game design especially - It is very straightforward and elegant but also of depth. It is good game design not just for a VR title but for a decent rogue-like. The characters are well designed but I do wish I can see them better on the Daydream's low resolution. Kudos to the developer!",
      "review_date": [
        "August",
        "14",
        " 2017"
      ]
    },
    {
      "REQ_subtype": "",
      "REQ_type": "",
      "_id": 4,
      "author_id": "not defined",
      "author_name": "Michael Deighton",
      "helpful": "0",
      "polarity": "",
      "rate": 5,
      "response": "",
      "response_date": "",
      "review": "A lot of fun! Bit of a weird bug where on occasion the bomb radius doesn't appear, but in general this is one of the best casual games on Daydream.",
      "review_date": [
        "August",
        "28",
        " 2017"
      ]
    },
    {
      "REQ_subtype": "",
      "REQ_type": "",
      "_id": 5,
      "author_id": "not defined",
      "author_name": "George Ashcroft",
      "helpful": "1",
      "polarity": "",
      "rate": 5,
      "response": "",
      "response_date": "",
      "review": "One of the greats. Worth it's premium price tag and very high replayability, probably the game I come back to the most",
      "review_date": [
        "August",
        "24",
        " 2017"
      ]
    },
    {
      "REQ_subtype": "",
      "REQ_type": "",
      "_id": 6,
      "author_id": "not defined",
      "author_name": "James Botterill",
      "helpful": "1",
      "polarity": "",
      "rate": 1,
      "response": "",
      "response_date": "",
      "review": "I just get a black screen on my samsung Galaxy s8+ and it hangs",
      "review_date": [
        "August",
        "17",
        " 2017"
      ]
    },
    {
      "REQ_subtype": "",
      "REQ_type": "",
      "_id": 7,
      "author_id": "not defined",
      "author_name": "John Slavick",
      "helpful": "2",
      "polarity": "",
      "rate": 5,
      "response": "",
      "response_date": "",
      "review": "Really fun game that doesn't require you to swing your head around like some VR games.",
      "review_date": [
        "August",
        "14",
        " 2017"
      ]
    },
    {
      "REQ_subtype": "",
      "REQ_type": "",
      "_id": 8,
      "author_id": "not defined",
      "author_name": "Howard Tan",
      "helpful": "1",
      "polarity": "",
      "rate": 5,
      "response": "",
      "response_date": "",
      "review": "Awesome. It's currently the only game I play. Simple and not too complicated. Perfect. Is there an ending to this game? I almost don't care.",
      "review_date": [
        "September",
        "2",
        " 2017"
      ]
    },
    {
      "REQ_subtype": "",
      "REQ_type": "",
      "_id": 9,
      "author_id": "not defined",
      "author_name": "Pieter",
      "helpful": "1",
      "polarity": "",
      "rate": 1,
      "response": "",
      "response_date": "",
      "review": "Black screen on s8. Just sound in background. Please fix.",
      "review_date": [
        "August",
        "29",
        " 2017"
      ]
    },
    {
      "REQ_subtype": "",
      "REQ_type": "",
      "_id": 10,
      "author_id": "not defined",
      "author_name": "Alex Schmitt",
      "helpful": "3",
      "polarity": "",
      "rate": 5,
      "response": "",
      "response_date": "",
      "review": "I liked this game a lot, but it does start to have significant slowdowns starting around level 18. I would like if there was a website or subreddit to hear directly from the developers. Would be great to head if/when there are updates and on what aspects of the game, along with if they would take player input. There is good progression in difficulty from level to level. I'm not sure if it's the game or the controller but once in a while it will disconnect for about a minute before it can reconnect. That usually results in a player death or letting the bombs explode.",
      "review_date": [
        "March",
        "2",
        " 2017"
      ]
    },
    {
      "REQ_subtype": "",
      "REQ_type": "",
      "_id": 11,
      "author_id": "not defined",
      "author_name": "Clay Fowler",
      "helpful": "3",
      "polarity": "",
      "rate": 5,
      "response": "",
      "response_date": "",
      "review": "You guys really nailed this. Fun, funny, perfect use of the controller. This is finally a daydream game that is a good game on its own merited instead of a short gimmick for the new platform. Will be going back into the game now to enjoy some more but wanted to come here and congratulate you guys on a great game!",
      "review_date": [
        "March",
        "17",
        " 2017"
      ]
    },
    {
      "REQ_subtype": "",
      "REQ_type": "",
      "_id": 12,
      "author_id": "not defined",
      "author_name": "Sebastian Ang",
      "helpful": "2",
      "polarity": "",
      "rate": 5,
      "response": "",
      "response_date": "",
      "review": "Loved Battle Planet! Definitely one of the must play titles on Daydream so far!",
      "review_date": [
        "February",
        "26",
        " 2017"
      ]
    },
    {
      "REQ_subtype": "",
      "REQ_type": "",
      "_id": 13,
      "author_id": "not defined",
      "author_name": "Stephen Parris",
      "helpful": "2",
      "polarity": "",
      "rate": 5,
      "response": "Hi Stephen,\nThanks so much for your rating! But what's even more great is that you're enjoying our game that much! Comments like yours are what drives us here at Threaks! Greets from the Devs!\nFYI: You can expect an update which makes it more polished very soon.",
      "response_date": [
        "February",
        "17",
        " 2017"
      ],
      "review": "Wow, so if\u200b you have daydream this is a game to get. It's fast paced and lots of fun. I might be the first person to play it as it says alpha and I was the first on the score boards other than 3ks. But it plays really smoothly. The only issue I had was a very minor drift to the left but thats prob my phone and was corrected by holding to home button to center the planet. I had to leave a great review for this game it's really that well done.",
      "review_date": [
        "February",
        "17",
        " 2017"
      ]
    },
    {
      "REQ_subtype": "",
      "REQ_type": "",
      "_id": 14,
      "author_id": "not defined",
      "author_name": "Simon Young",
      "helpful": "0",
      "polarity": "",
      "rate": 5,
      "response": "",
      "response_date": "",
      "review": "Easily daydreams best game.    SDY",
      "review_date": [
        "February",
        "19",
        " 2017"
      ]
    }
  ],
  "size": "96",
  "url": "https://play.google.com/store/apps/details?id=com.threaks.battleplanet",
  "version": "1.2.2.0"
}