{
  "categories": [
    "Adventure"
  ],
  "description": "Feel what it is like to ride on the back of a dragon as you race through rings, and burn through parts of the environment. Now you can use your Daydream headset to soar through several immersive environments, exploring various dragon realms. Look carefully as you race and destroy, as hidden throughout are potions which will turn your dragon a myriad of colors. Fly All The Dragons Today! Realms: + Ice Fortress + Island Cliffs + Lava Mountain + Desert Mesas Includes various steering methods using just your headset. Using the Daydream Controller allows you to point and breath fire.",
  "inc": "Bit Science Games",
  "intalled_count": "10",
  "last_update": [
    "November",
    "4",
    " 2017"
  ],
  "name": "Dragon Flight",
  "offered_by": "Google Commerce Ltd",
  "permissions": {
    "Photos/Media/Files": [
      "read the contents of your USB storage"
    ],
    "Storage": [
      "read the contents of your USB storage"
    ],
    "Microphone": [
      "record audio"
    ],
    "Other": [
      "full network access"
    ]
  },
  "price": "",
  "rate": [
    [
      "3",
      "4.0"
    ],
    [
      "2",
      "5"
    ],
    [
      "0",
      "4"
    ],
    [
      "0",
      "3"
    ],
    [
      "1",
      "2"
    ],
    [
      "0",
      "1"
    ]
  ],
  "required_android": "7.0",
  "reviews": [],
  "size": "",
  "url": "https://play.google.com/store/apps/details?id=com.bitscience.dragonflight.gvr",
  "version": "1"
}