{
  "categories": [
    "Adventure"
  ],
  "description": "Drift through an arctic landscape in VR. Avoid icebergs and ships while viewing the dazzling lights of the Aurora Borealis and spiral arms of the Milky Way. A VR experience for Google Daydream.",
  "inc": "Senseclipse Labs",
  "intalled_count": "500",
  "last_update": [
    "November",
    "6",
    " 2017"
  ],
  "name": "Dreamglide VR",
  "offered_by": "Google Commerce Ltd",
  "permissions": {
    "Photos/Media/Files": [
      "read the contents of your USB storage"
    ],
    "Storage": [
      "read the contents of your USB storage"
    ],
    "Other": [
      "full network access"
    ]
  },
  "price": "",
  "rate": [],
  "required_android": "7.0",
  "reviews": [],
  "size": "",
  "url": "https://play.google.com/store/apps/details?id=com.senseclipse.dreamglidevr",
  "version": "1.10"
}