{
  "categories": [
    "Entertainment"
  ],
  "description": "The YBVR Experience makes 360\u00b0 videos worth watching! Our technology assures the highest picture quality and the smoothest playback wherever you look. Stream live or on-demand videos without worrying about high speed internet!The YBVR Experience features our tech preview which demonstrates how we achieve any field of view optimization with our variable adaptive bitrate technology. Explore a mix of stereo and mono content and watch videos up to 8K resolution at 60fps.YBVR\u2019s streaming platform provides premium content creators and sports broadcasters with our unique white label solution including 360\u00b0 video heatmaps and content consumption analytics. Reach out to us to learn how to customize and brand your unique application and access the different user and video analytics through our streaming platform.For more information, contact us at ybvr@ybvr.com.",
  "inc": "YBVR",
  "intalled_count": "100",
  "last_update": [
    "May",
    "18",
    " 2018"
  ],
  "name": "The YBVR Experience",
  "offered_by": "Google Commerce Ltd",
  "permissions": {
    "Photos/Media/Files": [
      "read the contents of your USB storage",
      "modify or delete the contents of your USB storage"
    ],
    "Storage": [
      "read the contents of your USB storage",
      "modify or delete the contents of your USB storage"
    ],
    "Microphone": [
      "record audio"
    ],
    "Other": [
      "view network connections",
      "full network access"
    ]
  },
  "price": "",
  "rate": [],
  "required_android": "6.0",
  "reviews": [],
  "size": "",
  "url": "https://play.google.com/store/apps/details?id=com.ybvr.unityclient",
  "version": "4.0"
}