{
  "categories": [
    "Racing"
  ],
  "description": "-Drive the line between control and chaos in this immersive VR Drift Racing game!-Race against the clock to unlock all 14 tracks.-Earn Drift Points by successfully completing drifts and linking them together.-Realistic physics put you in control of oversteer and understeer.-21 cars available for purchase using Drift Points.-Original Synthwave soundtrack.",
  "inc": "Dancing Pine Cone Productions",
  "intalled_count": "1,000",
  "last_update": [
    "October",
    "15",
    " 2017"
  ],
  "name": "Drift Racer VR",
  "offered_by": "Google Commerce Ltd",
  "permissions": {
    "Other": [
      "full network access"
    ]
  },
  "price": "",
  "rate": [
    [
      "10",
      "3.5"
    ],
    [
      "3",
      "5"
    ],
    [
      "1",
      "4"
    ],
    [
      "5",
      "3"
    ],
    [
      "0",
      "2"
    ],
    [
      "1",
      "1"
    ]
  ],
  "required_android": "7.0",
  "reviews": [
    {
      "REQ_subtype": "",
      "REQ_type": "",
      "_id": 0,
      "author_id": "not defined",
      "author_name": "A Google user",
      "helpful": "1",
      "polarity": "",
      "rate": 5,
      "response": "",
      "response_date": "",
      "review": "I don't understand all the negative reviews for this game, controls are \npretty tricky to master at first but once you get it down the game is super \naddicting. Soundtrack is awesome but could use a couple more tracks. only \nissue I noticed is that steering sensitivity resets after each race, other \nthan that - game is awesome",
      "review_date": [
        "May",
        "13",
        " 2018"
      ]
    },
    {
      "REQ_subtype": "",
      "REQ_type": "",
      "_id": 1,
      "author_id": "not defined",
      "author_name": "Bjorn Slot",
      "helpful": "1",
      "polarity": "",
      "rate": 4,
      "response": "",
      "response_date": "",
      "review": "Great game. Drifting with a car feels great in VR. It takes some getting used to and youll crash quite alot at first, but that makes it more fun in my opinion. The stylized art style looks good in my opinion and definitely helps keeping the performance of the phone up there. Gameplay over graphics.",
      "review_date": [
        "December",
        "30",
        " 2017"
      ]
    },
    {
      "REQ_subtype": "",
      "REQ_type": "",
      "_id": 2,
      "author_id": "not defined",
      "author_name": "Duane Botha",
      "helpful": "3",
      "polarity": "",
      "rate": 5,
      "response": "Hi Duane!  I'll look into the sensitivity reset bug.  If you have any other suggestions feel free to email me (address is located at the bottom of this page).",
      "response_date": [
        "October",
        "23",
        " 2017"
      ],
      "review": "So much potential to be better but I think it is the best driving drifting app. A bug that I have noticed is the steering sensitivity resets to default every time you get back to the menu.",
      "review_date": [
        "October",
        "23",
        " 2017"
      ]
    },
    {
      "REQ_subtype": "",
      "REQ_type": "",
      "_id": 3,
      "author_id": "not defined",
      "author_name": "krispewkreme",
      "helpful": "0",
      "polarity": "",
      "rate": 1,
      "response": "Hi Christopher!\n\nSorry you didn't enjoy the game.  Learning to control the car takes time.  Some people find that turning down the steering sensitivity helps until you learn to drift.  Take care!",
      "response_date": [
        "September",
        "4",
        " 2017"
      ],
      "review": "Terrible graphics. Terrible gameplay. Controls are hard to use. Not worth your $4 at all. Shittiest VR app I've played",
      "review_date": [
        "September",
        "2",
        " 2017"
      ]
    },
    {
      "REQ_subtype": "",
      "REQ_type": "",
      "_id": 4,
      "author_id": "not defined",
      "author_name": "Ryan Bouchard",
      "helpful": "0",
      "polarity": "",
      "rate": 3,
      "response": "",
      "response_date": "",
      "review": "As the name describes, it's a driving drifting game. Car drifts rather easy. Controls are alright.",
      "review_date": [
        "November",
        "25",
        " 2017"
      ]
    }
  ],
  "size": "",
  "url": "https://play.google.com/store/apps/details?id=com.dancingpinecone.daydream.DriftRacerVR",
  "version": "2.0"
}