{
  "categories": [
    "Adventure"
  ],
  "description": "\"Spark of Light is as good as VR games get.\" -The VR Shop\"Wonderfully imaginative and engrossing. 4 out of 5 stars\" -VR FocusEnter a beautiful Dreamscape and bring back the light!Help Nerow by manipulating his world with environment-puzzles designed specifically for VR. Search for hidden fireflies to guide Nerow and solve the mysteries of the stolen light to help him on his quest and rescue the Sun-bug.The beautiful world in Spark of Light raises the bar for visual quality standards on mobile VR. Spark of Light features:\u2022\tA \u2018Virtual Dreamscape\u2019 which acts like an interactive dollhouse\u2022\tDiscovery and puzzling in a 360\u00b0 view\u2022\tEngaging gameplay\u2022\tSets a new standard for mobile VR with its beautiful artwork\u2022\tExperience the story, by being a part of it",
  "inc": "Pillow's Willow VR Studios",
  "intalled_count": "500",
  "last_update": [
    "October",
    "16",
    " 2017"
  ],
  "name": "Spark of Light",
  "offered_by": "Google Commerce Ltd",
  "permissions": {
    "Photos/Media/Files": [
      "read the contents of your USB storage",
      "modify or delete the contents of your USB storage"
    ],
    "Storage": [
      "read the contents of your USB storage",
      "modify or delete the contents of your USB storage"
    ],
    "Other": [
      "full network access",
      "full network access",
      "prevent device from sleeping"
    ]
  },
  "price": "",
  "rate": [
    [
      "19",
      "4.0"
    ],
    [
      "11",
      "5"
    ],
    [
      "3",
      "4"
    ],
    [
      "2",
      "3"
    ],
    [
      "0",
      "2"
    ],
    [
      "3",
      "1"
    ]
  ],
  "required_android": "7.0",
  "reviews": [
    {
      "REQ_subtype": "",
      "REQ_type": "",
      "_id": 0,
      "author_id": "not defined",
      "author_name": "Gal Ntwo",
      "helpful": "1",
      "polarity": "",
      "rate": 5,
      "response": "",
      "response_date": "",
      "review": "Beautiful immersive levels! Not very challenging, but it was a fun way to spend 90 minutes or so. Hopefully updates will bring a new chapter or two?",
      "review_date": [
        "December",
        "14",
        " 2017"
      ]
    },
    {
      "REQ_subtype": "",
      "REQ_type": "",
      "_id": 1,
      "author_id": "not defined",
      "author_name": "\u6731\u5b81",
      "helpful": "0",
      "polarity": "",
      "rate": 5,
      "response": "",
      "response_date": "",
      "review": "\u6e38\u620f\u827a\u672f",
      "review_date": [
        "March",
        "18",
        " 2018"
      ]
    },
    {
      "REQ_subtype": "",
      "REQ_type": "",
      "_id": 2,
      "author_id": "not defined",
      "author_name": "Jung Yi Hung",
      "helpful": "0",
      "polarity": "",
      "rate": 5,
      "response": "",
      "response_date": "",
      "review": "A pretty polished fairy tales adventure VR game. The puzzles may simple and the playing time are bit short for most people, but this game successfully suck me into the story and make me keep playing it until I encountered a bug existed in previous version of the game. There is no conversation in this game, so nearly anyone with different native language or different ages can enjoy this game. After all, a pretty good game series, I will check part two as soon as it released on Daydream Play Store.",
      "review_date": [
        "October",
        "13",
        " 2017"
      ]
    },
    {
      "REQ_subtype": "",
      "REQ_type": "",
      "_id": 3,
      "author_id": "not defined",
      "author_name": "David Stefanics",
      "helpful": "1",
      "polarity": "",
      "rate": 4,
      "response": "We looked into it this morning and we have updated the game in the store. You should be able to complete the game now. We're sorry you experienced this issue and hope you continue enjoying the game. Thanks for your feedback!",
      "response_date": [
        "October",
        "9",
        " 2017"
      ],
      "review": "I can't interact with the fireflies on the last level, so I can't finish the game. The game is really good though, but quite short. Also I didn't like the 'voice acting'. It feels so odd, the voices don't really match their characters, especially the main character.",
      "review_date": [
        "October",
        "9",
        " 2017"
      ]
    },
    {
      "REQ_subtype": "",
      "REQ_type": "",
      "_id": 4,
      "author_id": "not defined",
      "author_name": "Alec Negri",
      "helpful": "0",
      "polarity": "",
      "rate": 3,
      "response": "",
      "response_date": "",
      "review": "Main problem is there is no save feature mid levels. You must finish level or repeat it next time you play. Otherwise enjoyable.",
      "review_date": [
        "October",
        "10",
        " 2017"
      ]
    },
    {
      "REQ_subtype": "",
      "REQ_type": "",
      "_id": 5,
      "author_id": "not defined",
      "author_name": "mycardboarddreams",
      "helpful": "0",
      "polarity": "",
      "rate": 5,
      "response": "",
      "response_date": "",
      "review": "Beautiful and fun to play. Medium difficulty puzzles. It's main appeal is \nthe elegance of the world you're in, and the cute storyline. I was left \nwanting to play the next episodes.",
      "review_date": [
        "April",
        "29",
        " 2018"
      ]
    }
  ],
  "size": "",
  "url": "https://play.google.com/store/apps/details?id=pw.SparkOfLight.Daydream",
  "version": "1.0.8"
}