{
  "categories": [
    "Arcade"
  ],
  "description": "Have you ever wanted to be a dragon?  Of course you have!  Now is your chance.  Strap on your Daydream and get ready for awesome dragon adventuring!  Burninate towers!  Burninate sheep!  Burninate trees!  Fly around a procedural generated landscape shooting fireballs and collecting coins for your ever growing treasure hoard!",
  "inc": "HitPoint Inc.",
  "intalled_count": "1,000",
  "last_update": [
    "June",
    "5",
    " 2017"
  ],
  "name": "Dragon VR",
  "offered_by": "Google Commerce Ltd",
  "permissions": {
    "Other": [
      "view network connections",
      "full network access",
      "prevent device from sleeping"
    ]
  },
  "price": "",
  "rate": [
    [
      "7",
      "3.4"
    ],
    [
      "3",
      "5"
    ],
    [
      "1",
      "4"
    ],
    [
      "0",
      "3"
    ],
    [
      "2",
      "2"
    ],
    [
      "1",
      "1"
    ]
  ],
  "required_android": "7.0",
  "reviews": [],
  "size": "22",
  "url": "https://play.google.com/store/apps/details?id=com.hitpointstudios.dragonvr",
  "version": "1.15"
}