{
  "categories": [
    "Art & Design"
  ],
  "description": "Daydream Musuic Visualizer IMPORTANT - \"VR Music Visualizer - Spectrum\" requires \"Google Daydream VR\"- Available for \"Google Play Music\"- Permission for use of Microphone This app is VR Edition of more than 250,000 downloads Music Visualizer Spectrum .This app generates visual effects for arbitrary songs of your music apps.- 5 types effects included Usage 1. Permit to use of Microphone    - Long press this app icon.    - Select \"App info\"-> \"Permissions\" -> Turn on \"Microphone\"2. Start your music app and play your songs.3. Start this app and place your phone into the Daydream headset.4. Music visual effects will appear!!",
  "inc": "Y. MOCHIDUKI",
  "intalled_count": "50",
  "last_update": [
    "April",
    "18",
    " 2018"
  ],
  "name": "VR Music Visualizer - Spectrum",
  "offered_by": "Google Commerce Ltd",
  "permissions": {
    "Photos/Media/Files": [
      "read the contents of your USB storage",
      "modify or delete the contents of your USB storage"
    ],
    "Storage": [
      "read the contents of your USB storage",
      "modify or delete the contents of your USB storage"
    ],
    "Microphone": [
      "record audio"
    ],
    "Other": [
      "manage document storage",
      "full network access",
      "change your audio settings"
    ]
  },
  "price": "",
  "rate": [],
  "required_android": "7.0",
  "reviews": [],
  "size": "",
  "url": "https://play.google.com/store/apps/details?id=ws.yuuki.spectrumvr",
  "version": "1.1.1"
}