{
  "categories": [
    "Simulation"
  ],
  "description": "The ultimate VR flying game comes to Daydream! In Ultrawings, you'll pilot multiple aircraft to complete tons of missions while soaring around beautiful islands.Full support for the Daydream controller for the most immersive flight game available on mobile VR! Key Features:- Pilot 4 distinct aircraft each with their own handling characteristics!- Soar around 4 unique, beautifully-stylized islands!- Earn money to buy new airports and new vehicles! Ultrawings is a VR game with real progression!- Lots gameplay variety! Pop balloons, perform spot landings, race, fly through score rings, and even perform emergency landings! Ultrawings is the ultimate hobbyist flight game!- Full VO support guides you through the game!",
  "inc": "Bit Planet Games LLC",
  "intalled_count": "1,000",
  "last_update": [
    "June",
    "4",
    " 2018"
  ],
  "name": "Ultrawings",
  "offered_by": "Google Commerce Ltd",
  "permissions": {
    "Photos/Media/Files": [
      "read the contents of your USB storage",
      "modify or delete the contents of your USB storage"
    ],
    "Storage": [
      "read the contents of your USB storage",
      "modify or delete the contents of your USB storage"
    ],
    "Other": [
      "full network access",
      "full network access",
      "prevent device from sleeping"
    ]
  },
  "price": "",
  "rate": [
    [
      "51",
      "4.1"
    ],
    [
      "31",
      "5"
    ],
    [
      "6",
      "4"
    ],
    [
      "8",
      "3"
    ],
    [
      "0",
      "2"
    ],
    [
      "6",
      "1"
    ]
  ],
  "required_android": "4.4",
  "reviews": [
    {
      "REQ_subtype": "",
      "REQ_type": "",
      "_id": 0,
      "author_id": "not defined",
      "author_name": "Drimer",
      "helpful": "1",
      "polarity": "",
      "rate": 3,
      "response": "We'll look into the sound issue but email us re: your money issue.  It sounds like you need some instructions on how to play missions.  support@bitplanetgames.com",
      "response_date": [
        "May",
        "4",
        " 2018"
      ],
      "review": "In general the game is very good. But I have two problems:  Every time when I return to the menu it turns the sound off.  I cannot unlock new levels and I do not have enough money to buy anything.  If I press the button by accident I go to the menu and cannot continue playing.",
      "review_date": [
        "May",
        "2",
        " 2018"
      ]
    },
    {
      "REQ_subtype": "",
      "REQ_type": "",
      "_id": 1,
      "author_id": "not defined",
      "author_name": "Duratec Paul",
      "helpful": "2",
      "polarity": "",
      "rate": 3,
      "response": "I don't take it as an insult.  Can you point to a game that allows vertical recentering?",
      "response_date": [
        "May",
        "2",
        " 2018"
      ],
      "review": "Would like some way to center the headset. So I don't have look so far down \nto press the fuel switch or start switch. Would also like a some sort a \nscale in options to Control how much head rotation is needed to look over \nshoulder. And 3rd reply to Dev... Lay down in bed and you can not centre \nthe view with a daydream 2017 head tracking. Horizontal will work. But \nvertical remains locked and you end up looking at the ceiling... Stop \nsaying it works when in reality it does not work. For any game with the \n2017 daydream headset and controller... Complain to google as we as users \nhave no way of getting this point across to them. All I want to do is be \nable to centre the vertical position. Try it before you reply it DOES NOT \nWORK. 4th reply to Dev... Because I don't like looking so far down just to \nclick the helmet. I don't like looking so far down my head is pointing \ndirectly to the floor just to adjust the flaps or start the engine. Take it \nas constructive criticism instead of as an insult because if I 5stared you \nwould you bother to look to fix the problem?",
      "review_date": [
        "May",
        "2",
        " 2018"
      ]
    },
    {
      "REQ_subtype": "",
      "REQ_type": "",
      "_id": 2,
      "author_id": "not defined",
      "author_name": "Andrew Aldred",
      "helpful": "2",
      "polarity": "",
      "rate": 5,
      "response": "Please get the latest update.",
      "response_date": [
        "April",
        "30",
        " 2018"
      ],
      "review": "Thanks for the update , best game on mobile VR by far, hope there will be a \nnumber 2 :)",
      "review_date": [
        "April",
        "30",
        " 2018"
      ]
    },
    {
      "REQ_subtype": "",
      "REQ_type": "",
      "_id": 3,
      "author_id": "not defined",
      "author_name": "Niko Birbilis",
      "helpful": "2",
      "polarity": "",
      "rate": 5,
      "response": "",
      "response_date": "",
      "review": "What the... Why doesn't this game have more reviews? Since before I got a \nVR headset, I always thought the absolute coolest use for it would be for \nflying games - and especially ones which can be rather leisurely, so I can \nlook around and enjoy the scenery. That's exactly what this game is, and \nI'm surprised I haven't come across any other similar games on Daydream. \nSeriously, if you even have an inkling of interest, go ahead and get this \ngame. And if the price tag turns you off, just download Google Rewards, get \nsome easy Google dollars, and spend them here - that's what I did. Thank \nyou, developers, for making such a great game.",
      "review_date": [
        "May",
        "1",
        " 2018"
      ]
    },
    {
      "REQ_subtype": "",
      "REQ_type": "",
      "_id": 4,
      "author_id": "not defined",
      "author_name": "Cerl Werlsmath",
      "helpful": "0",
      "polarity": "",
      "rate": 5,
      "response": "",
      "response_date": "",
      "review": "I love this game! If you ever had Wii Sports Resort it's similar to the plane game on there and I could play that one for hours and now I can do a similar thing in VR. The planes feel great to fly and all the jobs are really fun to do and offer a good variety of challenge. Sometimes the menus can be a little wonky, resetting me back to the office right in the middle of a mission but to be honest I was having too much fun soaring through the sky to care that much! I think the only difference between this version and the vive version is the graphics and control which is impressive as well. Overall Ultrawings is a must have game for Daydream and one that I will play for a long time!",
      "review_date": [
        "December",
        "13",
        " 2017"
      ]
    },
    {
      "REQ_subtype": "",
      "REQ_type": "",
      "_id": 5,
      "author_id": "not defined",
      "author_name": "Dale Cheeseman",
      "helpful": "12",
      "polarity": "",
      "rate": 4,
      "response": "Click up / down on the trackpad to increase / decrease throttle.",
      "response_date": [
        "December",
        "6",
        " 2017"
      ],
      "review": "Really want to love this game, playing using Daydream 2017 and Pixel 2 XL. I am unable to add any throttle??! Is there something I'm missing. Please help. There seems to be no icon displayed when I look at the throttle control, and I have tried my best but am unable to add any throttle and get going...??  Thanks for the help, revisited the app and worked fine. Your game is brill.",
      "review_date": [
        "December",
        "6",
        " 2017"
      ]
    },
    {
      "REQ_subtype": "",
      "REQ_type": "",
      "_id": 6,
      "author_id": "not defined",
      "author_name": "John",
      "helpful": "10",
      "polarity": "",
      "rate": 3,
      "response": "Please send us an email at support@bitplanetgames.com",
      "response_date": [
        "November",
        "29",
        " 2017"
      ],
      "review": "It's fun and pretty well executed on the control feel. There are however a few things I would add/change, mostly from a visuals perspective to make it more immersive (speaking as a long-time both real-world and simulator pilot):  1. Some ground rolling effect and general engine vibrations (check out EZCA on YouTube for what these effects do to a simulator); for example, a bump on touchdown (based on how hard you land) would substantially increase realism. 2. Shadows would help enhance the depth affect (from aircraft, scenery and clouds) 3. There's a bit of a disconnect between the ground scenery and sky; if you're going for the cartoon look (which is fine) keep it consistent with the clouds. 4. Add an altimeter and VSI for all aircraft, and I would try to put the instruments in the pilot's line of sight. The airspeed indicator on the ultralight is pretty low resolution, and until you 5. Different weather scenarios would be challenging (maybe these come later, I don't know; e.g. wind/rain/low visibility)  If some of these were added, it could easily become one of the best \"light\" simulator apps out there.",
      "review_date": [
        "November",
        "24",
        " 2017"
      ]
    },
    {
      "REQ_subtype": "",
      "REQ_type": "",
      "_id": 7,
      "author_id": "not defined",
      "author_name": "Stuart Price",
      "helpful": "0",
      "polarity": "",
      "rate": 4,
      "response": "",
      "response_date": "",
      "review": "The game as a whole is great but buggy at times. I have contacted about previous problems bugs and received very quick replies!   Sometimes pressing the rudder left or right will apply it in the wrong direction for a second before swapping, without me changing the controller input.  A bit more detail on what to do on some missions would be great, just did a balloon popping mission and got every gate and every balloon, but only awarded bronze and can't figure out why! Would love to know.",
      "review_date": [
        "March",
        "8",
        " 2018"
      ]
    },
    {
      "REQ_subtype": "",
      "REQ_type": "",
      "_id": 8,
      "author_id": "not defined",
      "author_name": "Dario Venier",
      "helpful": "1",
      "polarity": "",
      "rate": 5,
      "response": "",
      "response_date": "",
      "review": "The game that I always wanted! Since I was a kid I wanted a VR flight Sim and Ultrawings delivers, immersion is great and it's amazing how well they managed to implement the controls even with the limited capabilities of the Daydream remote, The experience is great, balloon popping and spot landing are haps of fun and the game is pretty long with lots of replay value. One thing if recommend the implementation of is a user-defined session time limit, the addictive nature of the game means that you don't realise how long you have been playing and the phone can get really hot as a consequence. A great addition to the Daydream's library, totally worth the money.",
      "review_date": [
        "November",
        "12",
        " 2017"
      ]
    },
    {
      "REQ_subtype": "",
      "REQ_type": "",
      "_id": 9,
      "author_id": "not defined",
      "author_name": "felix flores",
      "helpful": "0",
      "polarity": "",
      "rate": 4,
      "response": "",
      "response_date": "",
      "review": "Edit: Needs more instruments, altimeter and VSI at a minimum. Would like to see joystick control match the daydream controller as vertical like an actual stick; so instead of having the neutral position be basically flat at your lap, have it holding the controller with a 45 deg tilt upward to be slightly more realistic and still have the ability to  manipulate throttle and rudder at the same time. Also would still like to see P-factor and trim added. Maybe it's different with a push-prop though idk, haven't seen the other a/c yet. Fun game.",
      "review_date": [
        "February",
        "24",
        " 2018"
      ]
    },
    {
      "REQ_subtype": "",
      "REQ_type": "",
      "_id": 10,
      "author_id": "not defined",
      "author_name": "David Nahodyl",
      "helpful": "3",
      "polarity": "",
      "rate": 5,
      "response": "",
      "response_date": "",
      "review": "I'm just getting going with this, but I'm very impressed. This works really well with the Daydream. If you're looking for a lighthearted flying VR experience, I definitely recommend this. This should have way more downloads than it does.",
      "review_date": [
        "October",
        "31",
        " 2017"
      ]
    },
    {
      "REQ_subtype": "",
      "REQ_type": "",
      "_id": 11,
      "author_id": "not defined",
      "author_name": "drew felner",
      "helpful": "1",
      "polarity": "",
      "rate": 1,
      "response": "Clicking left / right on the trackpad controls the aircraft's rudder (it seems this is happening).  Tilt the controller to control the flight stick.",
      "response_date": [
        "December",
        "9",
        " 2017"
      ],
      "review": "Just tried this looks awesome but trying to get the ultralight down the runway straight is hard always going left when I put my thumb straightforward have to kinda zig zag down runway keeps going left.",
      "review_date": [
        "December",
        "9",
        " 2017"
      ]
    },
    {
      "REQ_subtype": "",
      "REQ_type": "",
      "_id": 12,
      "author_id": "not defined",
      "author_name": "Rafael Americano",
      "helpful": "1",
      "polarity": "",
      "rate": 3,
      "response": "",
      "response_date": "",
      "review": "I had trouble to select the options in menu and to push the aircraft's level. Don't know why. Also, sounds stopped working at the second time I've played.",
      "review_date": [
        "March",
        "9",
        " 2018"
      ]
    },
    {
      "REQ_subtype": "",
      "REQ_type": "",
      "_id": 13,
      "author_id": "not defined",
      "author_name": "Mark Ford",
      "helpful": "0",
      "polarity": "",
      "rate": 5,
      "response": "",
      "response_date": "",
      "review": "Really amazing. Feels like flying. Controls are easy to learn. Phone gets really hot though so I have to take frequent breaks but otherwise really cool.",
      "review_date": [
        "December",
        "29",
        " 2017"
      ]
    },
    {
      "REQ_subtype": "",
      "REQ_type": "",
      "_id": 14,
      "author_id": "not defined",
      "author_name": "Rob Van",
      "helpful": "0",
      "polarity": "",
      "rate": 5,
      "response": "",
      "response_date": "",
      "review": "Wow! If you keep development up on this i this it would be my go-to game. I loved the idea and excellently executed. Reminds me of pioltwings64, a jetpack would be fun too...more aircraft in the future please.",
      "review_date": [
        "December",
        "12",
        " 2017"
      ]
    },
    {
      "REQ_subtype": "",
      "REQ_type": "",
      "_id": 15,
      "author_id": "not defined",
      "author_name": "Richard Craig",
      "helpful": "1",
      "polarity": "",
      "rate": 4,
      "response": "",
      "response_date": "",
      "review": "Not nearly as good as the full PC version, but if Daydream is the only VR you have, this game is excellent!",
      "review_date": [
        "December",
        "13",
        " 2017"
      ]
    },
    {
      "REQ_subtype": "",
      "REQ_type": "",
      "_id": 16,
      "author_id": "not defined",
      "author_name": "Matt Thiffault",
      "helpful": "0",
      "polarity": "",
      "rate": 5,
      "response": "",
      "response_date": "",
      "review": "I'm quite impressed with this. I was skeptical that they'd be able to adapt this to a single 3 dof controller but I was pleasantly surprised.",
      "review_date": [
        "December",
        "20",
        " 2017"
      ]
    },
    {
      "REQ_subtype": "",
      "REQ_type": "",
      "_id": 17,
      "author_id": "not defined",
      "author_name": "S\u00e9bastien Brodeur",
      "helpful": "1",
      "polarity": "",
      "rate": 1,
      "response": "please send us an email at support@bitplanetgames.com\n\nWe are unable to reproduce this.  Please try power cycling your phone.",
      "response_date": [
        "December",
        "6",
        " 2017"
      ],
      "review": "Won't start on my Pixel 2. Crash at the start-up screen.",
      "review_date": [
        "November",
        "28",
        " 2017"
      ]
    },
    {
      "REQ_subtype": "",
      "REQ_type": "",
      "_id": 18,
      "author_id": "not defined",
      "author_name": "Davy Liang",
      "helpful": "1",
      "polarity": "",
      "rate": 1,
      "response": "Get the latest update.",
      "response_date": [
        "May",
        "4",
        " 2018"
      ],
      "review": "Freezes at initial loading screen on my Samsung s8.",
      "review_date": [
        "December",
        "21",
        " 2017"
      ]
    },
    {
      "REQ_subtype": "",
      "REQ_type": "",
      "_id": 19,
      "author_id": "not defined",
      "author_name": "Tom Drew",
      "helpful": "0",
      "polarity": "",
      "rate": 3,
      "response": "Flexwing aircraft?",
      "response_date": [
        "April",
        "25",
        " 2018"
      ],
      "review": "Good game but disappointed that there is no Flexwing aircraft, then it \nwould be 5 star for sure",
      "review_date": [
        "April",
        "23",
        " 2018"
      ]
    },
    {
      "REQ_subtype": "",
      "REQ_type": "",
      "_id": 20,
      "author_id": "not defined",
      "author_name": "Noah Silva",
      "helpful": "0",
      "polarity": "",
      "rate": 5,
      "response": "",
      "response_date": "",
      "review": "As far as casual VR games go, this is my favorite. Good introduction for those new to the platform.",
      "review_date": [
        "February",
        "5",
        " 2018"
      ]
    },
    {
      "REQ_subtype": "",
      "REQ_type": "",
      "_id": 21,
      "author_id": "not defined",
      "author_name": "Travis Wright",
      "helpful": "0",
      "polarity": "",
      "rate": 5,
      "response": "",
      "response_date": "",
      "review": "Amazing!  Definitely worth it.  Best mobile VR app out there.  Keep up the great development!",
      "review_date": [
        "December",
        "20",
        " 2017"
      ]
    },
    {
      "REQ_subtype": "",
      "REQ_type": "",
      "_id": 22,
      "author_id": "not defined",
      "author_name": "Scott Lovell",
      "helpful": "0",
      "polarity": "",
      "rate": 1,
      "response": "Get the latest update.",
      "response_date": [
        "May",
        "4",
        " 2018"
      ],
      "review": "Will not load on my AT&T variant S8",
      "review_date": [
        "December",
        "17",
        " 2017"
      ]
    },
    {
      "REQ_subtype": "",
      "REQ_type": "",
      "_id": 23,
      "author_id": "not defined",
      "author_name": "Archer Cooke",
      "helpful": "0",
      "polarity": "",
      "rate": 4,
      "response": "New airplanes are unlocked when you buy the smaller airports adjacent to the other islands.",
      "response_date": [
        "January",
        "8",
        " 2018"
      ],
      "review": "It is awesome but I don't know how to buy a new plane but otherwise it is amazing",
      "review_date": [
        "January",
        "13",
        " 2018"
      ]
    },
    {
      "REQ_subtype": "",
      "REQ_type": "",
      "_id": 24,
      "author_id": "not defined",
      "author_name": "Adam Hilhorst",
      "helpful": "0",
      "polarity": "",
      "rate": 5,
      "response": "",
      "response_date": "",
      "review": "First VR experience that really immersed me.",
      "review_date": [
        "December",
        "12",
        " 2017"
      ]
    },
    {
      "REQ_subtype": "",
      "REQ_type": "",
      "_id": 25,
      "author_id": "not defined",
      "author_name": "Sebastian Ang",
      "helpful": "0",
      "polarity": "",
      "rate": 5,
      "response": "",
      "response_date": "",
      "review": "It is great, get it!",
      "review_date": [
        "December",
        "4",
        " 2017"
      ]
    },
    {
      "REQ_subtype": "",
      "REQ_type": "",
      "_id": 26,
      "author_id": "not defined",
      "author_name": "Marc Deveaux",
      "helpful": "0",
      "polarity": "",
      "rate": 5,
      "response": "",
      "response_date": "",
      "review": "Love it!",
      "review_date": [
        "February",
        "27",
        " 2018"
      ]
    },
    {
      "REQ_subtype": "",
      "REQ_type": "",
      "_id": 27,
      "author_id": "not defined",
      "author_name": "Dylan Tolles",
      "helpful": "3",
      "polarity": "",
      "rate": 5,
      "response": "",
      "response_date": "",
      "review": "One of the better VR games I've played from the Play Store. Graphics are very basic, but that's understandable due to the limitations of the hardware. Overall, it's well worth the price.",
      "review_date": [
        "October",
        "18",
        " 2017"
      ]
    },
    {
      "REQ_subtype": "",
      "REQ_type": "",
      "_id": 28,
      "author_id": "not defined",
      "author_name": "Simmo W",
      "helpful": "2",
      "polarity": "",
      "rate": 5,
      "response": "",
      "response_date": "",
      "review": "Absolutely stunning, immersive and a thrill to fly! Bloody well done Bit Planet!!",
      "review_date": [
        "October",
        "19",
        " 2017"
      ]
    },
    {
      "REQ_subtype": "",
      "REQ_type": "",
      "_id": 29,
      "author_id": "not defined",
      "author_name": "Verbal Tommy",
      "helpful": "0",
      "polarity": "",
      "rate": 3,
      "response": "Click up / down on the trackpad to control throttle.",
      "response_date": [
        "December",
        "27",
        " 2017"
      ],
      "review": "I need help, I'm using Google daydream, can't use the throttle lever meaning I can't move the plane, please fix this or help me",
      "review_date": [
        "December",
        "26",
        " 2017"
      ]
    },
    {
      "REQ_subtype": "",
      "REQ_type": "",
      "_id": 30,
      "author_id": "not defined",
      "author_name": "Richard Baqui",
      "helpful": "0",
      "polarity": "",
      "rate": 3,
      "response": "There is support for Bluetooth controllers.",
      "response_date": [
        "April",
        "20",
        " 2018"
      ],
      "review": "Daydream view controller hampers the experience. Wish there was joypad \nsupport like your superb PSVR port!",
      "review_date": [
        "April",
        "19",
        " 2018"
      ]
    }
  ],
  "size": "32",
  "url": "https://play.google.com/store/apps/details?id=com.BitPlanet.Ultrawings.Google",
  "version": "1.121"
}