{
  "categories": [
    "Action"
  ],
  "description": "Welcome to your first day at 2 Star Resort!Set in a less than stellar resort, deep in the bayou, guests get about what they paid for.With no budget for bug spray, your job as the new resort attendant is to fend off peskybugs and critters as the guest\u2019s sunbath near the swamp. Armed with your trusty flyswatter you\u2019ll squash unique bug types as they swarm your guests.Keep the bugs away from each guest to keep them happy. Do a good job to earn tips,stars and upgrade your swatter. Remember, happier guests are better tippers.Play a series of 90 second levels and squash the bugs before they land on your quests.If the bugs get too close, your guests will become irritated, resulting in lower tips.Remember, not all bugs are bad, so avoid swatting bees and butterflies or your guestmight get upset.Features \u2022 Features a fun fly swatter/bug squashing game mechanic \u2022 Earn 5 unique swatters like The Zapitron, The Enforcer and 5 Finger Fury \u2022 Meet funny guests with unique personalities like Big Jon, Slappy and Betty Sue \u2022 Play 30 fun levels with unique bug types \u2022 Earn up to 3 stars on each level \u2022 Earn tips from resort guests \u2022 Squash mosquitos, beetles and more \u2022 Custom music, voice narrative and sound effectsNow get to swattin!",
  "inc": "Hyperflow Labs",
  "intalled_count": "100",
  "last_update": [
    "December",
    "8",
    " 2017"
  ],
  "name": "2 Star Resort",
  "offered_by": "Google Commerce Ltd",
  "permissions": {
    "Other": [
      "receive data from Internet",
      "view network connections",
      "full network access",
      "prevent device from sleeping"
    ]
  },
  "price": "",
  "rate": [],
  "required_android": "7.0",
  "reviews": [],
  "size": "40",
  "url": "https://play.google.com/store/apps/details?id=com.karman.twostarresort",
  "version": "1.0.3"
}