{
  "categories": [
    "Health & Fitness"
  ],
  "description": "** NOT compatible with Daydream. Please see other apps by us for the Daydream version**Take a break. Take a breath. Sit back . . . and immerse yourself in the world\u2019s most relaxing, natural settings.  Look up at fluffy clouds floating or leaves rustling above your head . . .  gaze at vast, undulating ocean waves toward the horizon as you de-stress to a gentle meditation or soft melodic tunes. Relax VR presents gorgeously detailed 360\u00ba video footage and spatial sounds for you to experience beach, ocean, wind, waves, forest streams, crickets, and so much more in virtual reality. Calming, guided meditations or peaceful ambient beats accompany your experience.*** Relax VR is one of \u201cThe 9 best apps for iPhone\u201d \u2014 CNet ****** Relax VR is one of \u201cThe best VR apps and games for iPhone\u201d \u2014 Wareable ***Find out why more than 500,000 people have relaxed with Relax VR. The Relax VR team understands that the sense of *presence* plays an important role when combined with meditation techniques for stress management. Delivering the right experience from the moment you open the app is paramount. Relax VR relaxation is professionally designed by a multidisciplinary team of scientists and meditation/yoga instructors to facilitate your stress relief and sleep support. Here\u2019s how you relax in VR: 1. Select your destination from the latest set of relaxing, scenic locations.2. Slip your phone into your VR headset and put on your headphones. 3. Choose proven Yoga Nidra guided relaxation meditations (in both male and female voices) or calming, peaceful music.4. Take in the natural beauty and peaceful sounds as you slip into a relaxed state of mind. 5. Emerge from your experience feeling at peace, rejuvenated, and rested. With an ever-expanding selection of exclusive natural destinations, RelaxVR includes:-- Wineglass Bay Beach, Australia-- Tropical Beach Escape, Philippines -- Northern Lights, USA-- Up in the clouds-- Forest Creek, Germany-- Glenn Canyon, USA-- Fern Bern, New Zealand-- Fantail Falls, New Zealand-- Rice Terraces, Philippines-- 12 Apostles, Australia**How to make the most of your immersive experience**-- To select your experience, gaze at its icon for a second or two.-- Look all around you \u2014 left, right, up, down \u2014 to explore your beautiful surroundings.-- To return to the main menu, just look down \u2014 it\u2019s right beneath you all the time. -- To change your environment, select from Scenes. -- To choose your listening experience (guided or not), Select Music and Meditations. To fully enjoy this app you'll need a 360\u00ba viewer, such as Google Cardboard. To get one: http://g.co/cardboard. Need help with the app? E-mail hello@relaxvr.coThank you. Please consider sharing your feedback and wish-list destinations. Here\u2019s to your health and wellbeing!",
  "inc": "Now VR",
  "intalled_count": "10,000",
  "last_update": [
    "June",
    "22",
    " 2018"
  ],
  "name": "Relax VR",
  "offered_by": "Google Commerce Ltd",
  "permissions": {
    "Photos/Media/Files": [
      "read the contents of your USB storage",
      "modify or delete the contents of your USB storage"
    ],
    "Storage": [
      "read the contents of your USB storage",
      "modify or delete the contents of your USB storage"
    ],
    "Wi-Fi connection information": [
      "view Wi-Fi connections"
    ],
    "Other": [
      "receive data from Internet",
      "view network connections",
      "full network access",
      "run at startup",
      "control vibration",
      "prevent device from sleeping",
      "Google Play license check"
    ]
  },
  "price": "",
  "rate": [
    [
      "146",
      "3.7"
    ],
    [
      "78",
      "5"
    ],
    [
      "16",
      "4"
    ],
    [
      "11",
      "3"
    ],
    [
      "11",
      "2"
    ],
    [
      "30",
      "1"
    ]
  ],
  "required_android": "7.0",
  "reviews": [
    {
      "REQ_subtype": "",
      "REQ_type": "",
      "_id": 0,
      "author_id": "not defined",
      "author_name": "Chris Benson",
      "helpful": "0",
      "polarity": "",
      "rate": 5,
      "response": "Hi Chris,\n\nThanks for the constructive feedback, and we're glad that you like it! We'll pass this on to the team, and if you have further thoughts or comments, please feel free to reach out to us at hello@relaxvr.co",
      "response_date": [
        "June",
        "6",
        " 2018"
      ],
      "review": "I like the music and scenes are amazing. Never seen anything like it. The \nmeditations should be the area of focus. Should be more variety, also most \nof them say lay down/close your eyes at the beginning who h doesn't make \nsense in a Vr app",
      "review_date": [
        "June",
        "4",
        " 2018"
      ]
    },
    {
      "REQ_subtype": "",
      "REQ_type": "",
      "_id": 1,
      "author_id": "not defined",
      "author_name": "Neu Xiong",
      "helpful": "0",
      "polarity": "",
      "rate": 2,
      "response": "Hi Neu,\n\nApologies for that, it shouldn't happen. Please send us an email at hello@relaxvr.co with details including the phone and OS you're using, the app version number, and the nature of the error or error message/s you receive (if any) and we'll help you sort this out.",
      "response_date": [
        "June",
        "12",
        " 2018"
      ],
      "review": "It was stuck on a space background and wouldn't move on . Stuck on the \nfirst slide and i tried many times to make it work and it didn't work.",
      "review_date": [
        "June",
        "11",
        " 2018"
      ]
    },
    {
      "REQ_subtype": "",
      "REQ_type": "",
      "_id": 2,
      "author_id": "not defined",
      "author_name": "Loui Steven",
      "helpful": "0",
      "polarity": "",
      "rate": 3,
      "response": "Hi Loui,\n\nApologies for that, it shouldn't happen. Please send us an email at hello@relaxvr.co with details including the phone and OS you're using, the app version number, and the nature of the error or error message/s you receive (if any) and we'll help you sort this out.",
      "response_date": [
        "June",
        "12",
        " 2018"
      ],
      "review": "Won't open. Installed 3 times. Stuck on the beach then a blk screen. Pls \nhelp. Thx",
      "review_date": [
        "June",
        "7",
        " 2018"
      ]
    },
    {
      "REQ_subtype": "",
      "REQ_type": "",
      "_id": 3,
      "author_id": "not defined",
      "author_name": "Tim Adkison",
      "helpful": "7",
      "polarity": "",
      "rate": 1,
      "response": "Hi Tim,\n\nPlease email us at contact@relaxvr.co and we'll be happy to clarify any questions you have!",
      "response_date": [
        "May",
        "29",
        " 2018"
      ],
      "review": "Not sure what it's supposed to do. No in app support that I can find.",
      "review_date": [
        "May",
        "29",
        " 2018"
      ]
    },
    {
      "REQ_subtype": "",
      "REQ_type": "",
      "_id": 4,
      "author_id": "not defined",
      "author_name": "Sasha Honey",
      "helpful": "9",
      "polarity": "",
      "rate": 5,
      "response": "Thanks, we're glad you like it Sasha!",
      "response_date": [
        "April",
        "23",
        " 2018"
      ],
      "review": "Very peaceful and relaxing app. One of the better VR apps that I've used to \ndate.\ud83d\udc4c\ud83c\udffd\ud83d\udc4a\ud83c\udffc",
      "review_date": [
        "April",
        "21",
        " 2018"
      ]
    },
    {
      "REQ_subtype": "",
      "REQ_type": "",
      "_id": 5,
      "author_id": "not defined",
      "author_name": "Joseph Nichols",
      "helpful": "0",
      "polarity": "",
      "rate": 1,
      "response": "Hi Joseph, this is the cardboard app. Our daydream app can be found here: https://play.google.com/store/apps/details?id=co.nowvr.relaxvr\n\nPlease email us at contact@relaxvr.co and we can help you get a refund.",
      "response_date": [
        "April",
        "23",
        " 2018"
      ],
      "review": "Found in the Daydream section of the play store but not Daydream \ncompatible. I want a refund.",
      "review_date": [
        "April",
        "22",
        " 2018"
      ]
    },
    {
      "REQ_subtype": "",
      "REQ_type": "",
      "_id": 6,
      "author_id": "not defined",
      "author_name": "Kashyap Karnala",
      "helpful": "7",
      "polarity": "",
      "rate": 5,
      "response": "Thanks, we're glad you like it Kashyap!",
      "response_date": [
        "April",
        "23",
        " 2018"
      ],
      "review": "Excellent download now",
      "review_date": [
        "April",
        "21",
        " 2018"
      ]
    },
    {
      "REQ_subtype": "",
      "REQ_type": "",
      "_id": 7,
      "author_id": "not defined",
      "author_name": "Alexandra Sevostyanova",
      "helpful": "8",
      "polarity": "",
      "rate": 5,
      "response": "",
      "response_date": "",
      "review": "This VR relaxation and meditation app finally works on my device, I am very excited about that. Each scene is very well made and I feel much better after I use it. Helps me to get some rest and improves my mood. Thanks to the dev team!",
      "review_date": [
        "December",
        "29",
        " 2017"
      ]
    },
    {
      "REQ_subtype": "",
      "REQ_type": "",
      "_id": 8,
      "author_id": "not defined",
      "author_name": "Roni Kon",
      "helpful": "4",
      "polarity": "",
      "rate": 5,
      "response": "Glad you and your clients like it Roni!",
      "response_date": [
        "January",
        "22",
        " 2018"
      ],
      "review": "A truly magnificent one of a kind App, we used it in our massage business and the client feedback was amazing. Thank you.",
      "review_date": [
        "January",
        "18",
        " 2018"
      ]
    },
    {
      "REQ_subtype": "",
      "REQ_type": "",
      "_id": 9,
      "author_id": "not defined",
      "author_name": "Cloraine Laforest",
      "helpful": "0",
      "polarity": "",
      "rate": 1,
      "response": "Hi Cloraine, we want to help and resolve this issue for you. Can you please email us at contact@relaxvr.co with more details as to how the app has stopped working? Thanks!",
      "response_date": [
        "January",
        "2",
        " 2018"
      ],
      "review": "It stopped working.  I want my money back.  Very frustrating.",
      "review_date": [
        "January",
        "1",
        " 2018"
      ]
    },
    {
      "REQ_subtype": "",
      "REQ_type": "",
      "_id": 10,
      "author_id": "not defined",
      "author_name": "dd jj",
      "helpful": "0",
      "polarity": "",
      "rate": 3,
      "response": "Hi dd jj,\n\nWe're sorry to hear that - can you send us further information at contact@relaxvr.co and we'll try to help you in fixing this issue.",
      "response_date": [
        "March",
        "19",
        " 2018"
      ],
      "review": "My Note8 flickered and application exited itself. Reinstalled. Same. So UI'ed.",
      "review_date": [
        "March",
        "12",
        " 2018"
      ]
    },
    {
      "REQ_subtype": "",
      "REQ_type": "",
      "_id": 11,
      "author_id": "not defined",
      "author_name": "A Google user",
      "helpful": "1",
      "polarity": "",
      "rate": 5,
      "response": "Glad you like it!",
      "response_date": [
        "March",
        "12",
        " 2018"
      ],
      "review": "Beautiful.  Works smoothly.",
      "review_date": [
        "March",
        "9",
        " 2018"
      ]
    },
    {
      "REQ_subtype": "",
      "REQ_type": "",
      "_id": 12,
      "author_id": "not defined",
      "author_name": "MrCrazyCat62",
      "helpful": "0",
      "polarity": "",
      "rate": 5,
      "response": "Hi MrCrazyCat62, thank you for sharing your positive feedback! If you have any comments, suggestions, or more feedback please feel free to email us at contact@relaxvr.co.",
      "response_date": [
        "July",
        "3",
        " 2018"
      ],
      "review": "Very nice simple vr app!",
      "review_date": [
        "July",
        "1",
        " 2018"
      ]
    },
    {
      "REQ_subtype": "",
      "REQ_type": "",
      "_id": 13,
      "author_id": "not defined",
      "author_name": "David Griffiths",
      "helpful": "0",
      "polarity": "",
      "rate": 4,
      "response": "Thanks for the feedback David! We're glad that you like it.",
      "response_date": [
        "January",
        "5",
        " 2018"
      ],
      "review": "Beautiful, peaceful and relaxing.",
      "review_date": [
        "January",
        "2",
        " 2018"
      ]
    },
    {
      "REQ_subtype": "",
      "REQ_type": "",
      "_id": 14,
      "author_id": "not defined",
      "author_name": "Robert Cagle",
      "helpful": "1",
      "polarity": "",
      "rate": 1,
      "response": "Hi Robert, could you please email us at contact@relaxvr.co so we can help you with this issue. If you have any other information about the app not opening, such as any error messages that would be very helpful. Thanks!",
      "response_date": [
        "January",
        "2",
        " 2018"
      ],
      "review": "Paid for this app and it will not open, arghhhh.",
      "review_date": [
        "December",
        "26",
        " 2017"
      ]
    },
    {
      "REQ_subtype": "",
      "REQ_type": "",
      "_id": 15,
      "author_id": "not defined",
      "author_name": "Hida Waqiyuddin",
      "helpful": "6",
      "polarity": "",
      "rate": 5,
      "response": "Hi Hida,\n\nGlad you like it! Yes, we're going to add more scenes in the future so stay tuned.",
      "response_date": [
        "September",
        "18",
        " 2017"
      ],
      "review": "Woah... Even though i don't have VR set, i still feels very relaxed especially with the cloud and the northern light. Well done and hopefully there will be more scene in the future: possibly Bolivia salt lake, Stargazing, Space, middle of ocean/underwater. Thank you for creating this!",
      "review_date": [
        "September",
        "17",
        " 2017"
      ]
    },
    {
      "REQ_subtype": "",
      "REQ_type": "",
      "_id": 16,
      "author_id": "not defined",
      "author_name": "Aran O Connor",
      "helpful": "1",
      "polarity": "",
      "rate": 4,
      "response": "Hi Aran, \n\nThanks for your helpful feedback especially with the hypnotic and nlp techniques. We would love to hear more from you, can you please email us at contact@relaxvr.co",
      "response_date": [
        "September",
        "25",
        " 2017"
      ],
      "review": "Guys this app has great potential. I have a few points Id like to make that would make this app great.  1. The virtual environments are beautiful but if you had a system to allow users to move through a environment. Something like how google earth allows you to move forward and backward but a a slow walking pace which could intergate nicely with your current gui.   And 2. I really enjoyed the meditation aspect. If there were more meditiative scripts potentially using hypnotic or nlp technicques it would elivate this apps potential.   I dont want to go into to much detail here but if your interested in my feed back and would like to discuss some of these idea please contact me. I would very much like to try and help improve this application as this type of app, I think, has the potential to help a lot of people",
      "review_date": [
        "September",
        "24",
        " 2017"
      ]
    },
    {
      "REQ_subtype": "",
      "REQ_type": "",
      "_id": 17,
      "author_id": "not defined",
      "author_name": "Toby Lockyer",
      "helpful": "0",
      "polarity": "",
      "rate": 1,
      "response": "Hi Toby,\n\nThere's an option to adjust the brightness during meditations in the meditations page. Just below the meditations there's a bar with the brightness symbol. \n\nThanks for updating us with the scenes issue. We're sorry to hear this and we've gotten feedback from those using Moto G4 who are having similar issues. We'll look into this.",
      "response_date": [
        "September",
        "18",
        " 2017"
      ],
      "review": "I really like concept but application is awful. Vr is slow and barely \nfunctional. I have tried this app on 3 phones so far each with different \nissues. I did the decent thing to notify the devs, the devs flagged my \nprevious 2 phones as incompatible rather than try and fix the problems.",
      "review_date": [
        "May",
        "19",
        " 2018"
      ]
    },
    {
      "REQ_subtype": "",
      "REQ_type": "",
      "_id": 18,
      "author_id": "not defined",
      "author_name": "just another brick",
      "helpful": "0",
      "polarity": "",
      "rate": 2,
      "response": "Hi yin,\n\nWe want to help you resolve this issue. Can you please email us at contact@relaxvr.co with more details about the phone you are using and android version? Thanks!",
      "response_date": [
        "November",
        "20",
        " 2017"
      ],
      "review": "Only 2 scenes work. I got it because I wanted a scene with rain. I'm sad now.",
      "review_date": [
        "November",
        "10",
        " 2017"
      ]
    },
    {
      "REQ_subtype": "",
      "REQ_type": "",
      "_id": 19,
      "author_id": "not defined",
      "author_name": "Kieran Matheson",
      "helpful": "0",
      "polarity": "",
      "rate": 1,
      "response": "Hi Kieran,\nSorry to hear that! Can you send us an email at hello@relaxvr.co with what phone you are using and whether you can get to the main screen or not? Would be really helpful. Thanks!",
      "response_date": [
        "April",
        "6",
        " 2017"
      ],
      "review": "I try to use the app but I just get a black screen after I select the scene I want. Happy to give it 5 stars if we can get it working!",
      "review_date": [
        "March",
        "24",
        " 2017"
      ]
    },
    {
      "REQ_subtype": "",
      "REQ_type": "",
      "_id": 20,
      "author_id": "not defined",
      "author_name": "Maiden X",
      "helpful": "4",
      "polarity": "",
      "rate": 5,
      "response": "Hi Maiden, we have included 4 new scenes! Including a starry sky :) Let us know what you think.",
      "response_date": [
        "March",
        "1",
        " 2017"
      ],
      "review": "One great positive about this app is that the developers listen to feedback!  I really enjoy the new scenes, especially the nightsky and the clouds.  It's worth the money and very relaxing.  Nice work!",
      "review_date": [
        "March",
        "1",
        " 2017"
      ]
    },
    {
      "REQ_subtype": "",
      "REQ_type": "",
      "_id": 21,
      "author_id": "not defined",
      "author_name": "Kimberly Tregoning",
      "helpful": "0",
      "polarity": "",
      "rate": 3,
      "response": "Hi Kimberly\n\nThank you for taking the time to review Relax VR and providing such great feedback. We are always looking to improve your experience and feedback like this helps us to make changes that better the app for everyone. I'm currently reviewing the issues with our team and would love to reach out to you. Do you have an email? Thanks",
      "response_date": [
        "March",
        "10",
        " 2017"
      ],
      "review": "Since it is very difficult to find really any other options for a VR beach that actually moves, that deserves at least an OK from me.  I can't bring myself to say it is better than this since I paid 1.99 for it and the white cursor dot stays on the screen which defeats the whole purpose of it being in VR.  I also have trouble with the menu placement, when viewing I like to lay down to relax and it is impossible to access the menu without sitting back up and doing a full head turn. Lastly, most of the scenes look pretty clean and real but the stars move way too fast and the clouds very noticeably only shift back and forth, it is fairly annoying that they arent more fluid with longer loops of play.  :(  Still considering requesting a refund.",
      "review_date": [
        "March",
        "7",
        " 2017"
      ]
    },
    {
      "REQ_subtype": "",
      "REQ_type": "",
      "_id": 22,
      "author_id": "not defined",
      "author_name": "Ben Horne",
      "helpful": "1",
      "polarity": "",
      "rate": 5,
      "response": "Glad you like it Ben!",
      "response_date": [
        "September",
        "25",
        " 2017"
      ],
      "review": "Grabbed this during your free promotion, and I must say, this is just what I was looking for.  I love how you can choose your own music, along with the tracks that come preloaded",
      "review_date": [
        "September",
        "21",
        " 2017"
      ]
    },
    {
      "REQ_subtype": "",
      "REQ_type": "",
      "_id": 23,
      "author_id": "not defined",
      "author_name": "Edgar Hernandez",
      "helpful": "0",
      "polarity": "",
      "rate": 1,
      "response": "Hi Edgar,\nWe are in the process of merging the two apps - we needed to create a different version for Daydream, but it is essentially the same app.\nSend us an email at contact@relaxvr.co and we'll send through a refund!\nYou can find our Daydream app here: https://play.google.com/store/apps/details?id=co.nowvr.relaxvr",
      "response_date": [
        "March",
        "1",
        " 2017"
      ],
      "review": "Why in the world they would name two apps the same name is  beyond me.  This app not compatible with Daydream.  Wasted money.",
      "review_date": [
        "February",
        "28",
        " 2017"
      ]
    },
    {
      "REQ_subtype": "",
      "REQ_type": "",
      "_id": 24,
      "author_id": "not defined",
      "author_name": "Chris Hixson",
      "helpful": "1",
      "polarity": "",
      "rate": 5,
      "response": "It is feedback like this that keeps us going. Glad the app helps Chris!",
      "response_date": [
        "June",
        "8",
        " 2017"
      ],
      "review": "Really helped worked for me relaxing and scenes to pick from and real too good for my ptsd from the military thanx team",
      "review_date": [
        "June",
        "6",
        " 2017"
      ]
    },
    {
      "REQ_subtype": "",
      "REQ_type": "",
      "_id": 25,
      "author_id": "not defined",
      "author_name": "Martin Simard",
      "helpful": "0",
      "polarity": "",
      "rate": 1,
      "response": "Hi Martin,\n\nThanks for informing us. We've gotten feedback from those using Moto G4 and G4 plus who are having similar issues. We'll look into this and update this.",
      "response_date": [
        "September",
        "18",
        " 2017"
      ],
      "review": "Doesn't work on my moto g4 plus.  I get the 1st white screen and then it shuts ofc.",
      "review_date": [
        "September",
        "17",
        " 2017"
      ]
    },
    {
      "REQ_subtype": "",
      "REQ_type": "",
      "_id": 26,
      "author_id": "not defined",
      "author_name": "kevin sizemore",
      "helpful": "1",
      "polarity": "",
      "rate": 5,
      "response": "Glad you like it Kevin!",
      "response_date": [
        "May",
        "29",
        " 2017"
      ],
      "review": "Just did my first guided meditation using this app. Worked great on my Samsung Note 4",
      "review_date": [
        "May",
        "26",
        " 2017"
      ]
    },
    {
      "REQ_subtype": "",
      "REQ_type": "",
      "_id": 27,
      "author_id": "not defined",
      "author_name": "Debbie Bell",
      "helpful": "0",
      "polarity": "",
      "rate": 3,
      "response": "Hi Debbie,\nSorry to hear that! Could you send us screenshots of what happens in the other cases at hello@relaxvr.co? Would help us fix this issue asap.\nThanks!",
      "response_date": [
        "April",
        "6",
        " 2017"
      ],
      "review": "This would be an excellent app if all the sceneries would work.   I can only get 2 to work (the beach and northern lights).",
      "review_date": [
        "March",
        "16",
        " 2017"
      ]
    },
    {
      "REQ_subtype": "",
      "REQ_type": "",
      "_id": 28,
      "author_id": "not defined",
      "author_name": "Vee Brum",
      "helpful": "0",
      "polarity": "",
      "rate": 3,
      "response": "Hi Vee, you can close the menu by gazing at the \"Close Menu\" button underneath the three menu buttons.",
      "response_date": [
        "November",
        "23",
        " 2017"
      ],
      "review": "Love the Northern lights but it could really just having a way to move the menu. It's right in my line of sight.",
      "review_date": [
        "November",
        "21",
        " 2017"
      ]
    },
    {
      "REQ_subtype": "",
      "REQ_type": "",
      "_id": 29,
      "author_id": "not defined",
      "author_name": "Anthony Styles",
      "helpful": "1",
      "polarity": "",
      "rate": 5,
      "response": "Glad you love it Anthony!",
      "response_date": [
        "May",
        "19",
        " 2017"
      ],
      "review": "I love this app on vr headset settles me after a long hard day",
      "review_date": [
        "May",
        "19",
        " 2017"
      ]
    },
    {
      "REQ_subtype": "",
      "REQ_type": "",
      "_id": 30,
      "author_id": "not defined",
      "author_name": "Samara Crawford",
      "helpful": "1",
      "polarity": "",
      "rate": 1,
      "response": "Hi Samara,\n\nSorry to hear that! Could you send us more information about the phone you are using at hello@relaxvr.co? This would help us fix this issue asap.",
      "response_date": [
        "May",
        "3",
        " 2017"
      ],
      "review": "Won't open. I get a loading screen, but it doesn't move past this.",
      "review_date": [
        "April",
        "12",
        " 2017"
      ]
    },
    {
      "REQ_subtype": "",
      "REQ_type": "",
      "_id": 31,
      "author_id": "not defined",
      "author_name": "Brian Matthews",
      "helpful": "1",
      "polarity": "",
      "rate": 5,
      "response": "No problem Brian, enjoy!",
      "response_date": [
        "October",
        "3",
        " 2017"
      ],
      "review": "Thank you for the free app sale.",
      "review_date": [
        "October",
        "2",
        " 2017"
      ]
    },
    {
      "REQ_subtype": "",
      "REQ_type": "",
      "_id": 32,
      "author_id": "not defined",
      "author_name": "Luke Grothe",
      "helpful": "0",
      "polarity": "",
      "rate": 4,
      "response": "Hi Luke,\nThis version of our app doesn't work with Daydream. However you can find our Daydream beta version here: https://play.google.com/store/apps/details?id=co.nowvr.relaxvr",
      "response_date": [
        "February",
        "8",
        " 2017"
      ],
      "review": "Review pending",
      "review_date": [
        "March",
        "1",
        " 2017"
      ]
    },
    {
      "REQ_subtype": "",
      "REQ_type": "",
      "_id": 33,
      "author_id": "not defined",
      "author_name": "Ashley Burt",
      "helpful": "10",
      "polarity": "",
      "rate": 4,
      "response": "Hi Ashley\n\nThank you for the feedback and review. We are looking into ways to reconfigure the direction for future releases. We're releasing a Google Daydream version of the app soon which should have this feature soon. \n\nThanks again and happy relaxing!\n\nEddie",
      "response_date": [
        "December",
        "30",
        " 2016"
      ],
      "review": "My main complaint is you cannot reconfigure the direction you are looking. For instance you sit in your couch in the living room you may be looking at the cliffs instead of the beach. The meditation tutorial however is very effective before bed.",
      "review_date": [
        "December",
        "18",
        " 2016"
      ]
    },
    {
      "REQ_subtype": "",
      "REQ_type": "",
      "_id": 34,
      "author_id": "not defined",
      "author_name": "Christopher Rigoli",
      "helpful": "0",
      "polarity": "",
      "rate": 1,
      "response": "Hi Christopher,\nThanks for letting us know regarding the website, we have updated it. Relax VR Daydream is currently in Beta, you can check it out here: https://play.google.com/store/apps/details?id=co.nowvr.relaxvr",
      "response_date": [
        "February",
        "7",
        " 2017"
      ],
      "review": "1 star - Relax VR's website has the Google Daydream icon at the bottom of their home page, yet this app is not compatible with Daydream (app is compatible with Cardboard).  Their website even links to an article talking about Relax VR being on Daydream, yet it isn't! This is false advertising and this information should be front and center before people purchase.",
      "review_date": [
        "February",
        "7",
        " 2017"
      ]
    },
    {
      "REQ_subtype": "",
      "REQ_type": "",
      "_id": 35,
      "author_id": "not defined",
      "author_name": "Travis Warren",
      "helpful": "3",
      "polarity": "",
      "rate": 4,
      "response": "Hey Travis\n\nWe've added new scenes - northern lights, clouds, a forest and a new beach! Let us know what you think!",
      "response_date": [
        "March",
        "1",
        " 2017"
      ],
      "review": "I like beaches, but it would be cool if y'all added some different views like plains, lakes, mountains, or forests. Just to change it up a bit.",
      "review_date": [
        "December",
        "25",
        " 2016"
      ]
    },
    {
      "REQ_subtype": "",
      "REQ_type": "",
      "_id": 36,
      "author_id": "not defined",
      "author_name": "A Google user",
      "helpful": "0",
      "polarity": "",
      "rate": 4,
      "response": "Hi 3rd Degree Inc\n\nThank you for the feedback and suggestion. We're working on an update which will allow you to select different sounds (including waves crashing) as well as songs and audio that are on your phone. \n\nThanks again and happy relaxing!",
      "response_date": [
        "December",
        "30",
        " 2016"
      ],
      "review": "Would be amazing with the sound of waves crashing in as a music option.",
      "review_date": [
        "December",
        "24",
        " 2016"
      ]
    },
    {
      "REQ_subtype": "",
      "REQ_type": "",
      "_id": 37,
      "author_id": "not defined",
      "author_name": "Simon Young",
      "helpful": "0",
      "polarity": "",
      "rate": 4,
      "response": "Hi Simon.\n\nPlease shoot me a quick email to eddie@relaxvr.co and I'd be happy to sort out the issue.\n\nThanks Eddie",
      "response_date": [
        "February",
        "10",
        " 2017"
      ],
      "review": "Had to buy a separate daydream version.",
      "review_date": [
        "February",
        "18",
        " 2017"
      ]
    },
    {
      "REQ_subtype": "",
      "REQ_type": "",
      "_id": 38,
      "author_id": "not defined",
      "author_name": "Luke Hardeman",
      "helpful": "3",
      "polarity": "",
      "rate": 1,
      "response": "Hi Luke\n\nWe've responded to your email about Daydream. If you could please amend your review that would be much appreciated.\n\nThank you\n\nEddie",
      "response_date": [
        "November",
        "29",
        " 2016"
      ],
      "review": "NOT DAYDREAM COMPATIBLE.",
      "review_date": [
        "November",
        "29",
        " 2016"
      ]
    },
    {
      "REQ_subtype": "",
      "REQ_type": "",
      "_id": 39,
      "author_id": "not defined",
      "author_name": "A Google user",
      "helpful": "6",
      "polarity": "",
      "rate": 5,
      "response": "Thank you Rhesty.\n\nGlad you enjoyed the experience. We're continually updating the app, so please stay tuned for more content and performance improvements.\n\nThanks \n\nEddie",
      "response_date": [
        "November",
        "29",
        " 2016"
      ],
      "review": "Video quality should have been higher.",
      "review_date": [
        "November",
        "6",
        " 2016"
      ]
    },
    {
      "REQ_subtype": "",
      "REQ_type": "",
      "_id": 40,
      "author_id": "not defined",
      "author_name": "coy glasscock",
      "helpful": "1",
      "polarity": "",
      "rate": 5,
      "response": "Thanks Coy! Appreciate your feedback and support.\n\nYours in relaxation. \n\nEddie",
      "response_date": [
        "November",
        "29",
        " 2016"
      ],
      "review": "Perfect",
      "review_date": [
        "November",
        "19",
        " 2016"
      ]
    },
    {
      "REQ_subtype": "",
      "REQ_type": "",
      "_id": 41,
      "author_id": "not defined",
      "author_name": "Geo Mc",
      "helpful": "4",
      "polarity": "",
      "rate": 5,
      "response": "Thanks Geo! Nice additional touch!! :)",
      "response_date": [
        "November",
        "1",
        " 2016"
      ],
      "review": "This is a great wee app that really does help you chill out after a long day at work. A cold beer really adds to the immersion :)",
      "review_date": [
        "October",
        "28",
        " 2016"
      ]
    },
    {
      "REQ_subtype": "",
      "REQ_type": "",
      "_id": 42,
      "author_id": "not defined",
      "author_name": "dheeraj kumar",
      "helpful": "2",
      "polarity": "",
      "rate": 5,
      "response": "Thanks Dheeraj!",
      "response_date": [
        "November",
        "1",
        " 2016"
      ],
      "review": "Nice app for relaxation",
      "review_date": [
        "October",
        "31",
        " 2016"
      ]
    },
    {
      "REQ_subtype": "",
      "REQ_type": "",
      "_id": 43,
      "author_id": "not defined",
      "author_name": "Brian Tan Seng",
      "helpful": "1",
      "polarity": "",
      "rate": 1,
      "response": "Hi Brian\n\nApologies for this. We have fixed the bug and it should be working perfectly now. Enjoy your relaxation experience and thank you for your feedback.\n\nEddie",
      "response_date": [
        "October",
        "19",
        " 2016"
      ],
      "review": "It did not load any scenes. I'm on Android 6.0",
      "review_date": [
        "October",
        "11",
        " 2016"
      ]
    },
    {
      "REQ_subtype": "",
      "REQ_type": "",
      "_id": 44,
      "author_id": "not defined",
      "author_name": "Daniel Reid",
      "helpful": "4",
      "polarity": "",
      "rate": 2,
      "response": "Hi Daniel\n\nIt's available now! Search 'Relax VR' the Samsung Gear VR store.\n\nEnjoy your relaxation experience.\n\nCould you please update your review, thank you.\n\nEddie",
      "response_date": [
        "December",
        "30",
        " 2016"
      ],
      "review": "When's the app going to be available for the Samsung vr headset?",
      "review_date": [
        "October",
        "8",
        " 2016"
      ]
    },
    {
      "REQ_subtype": "",
      "REQ_type": "",
      "_id": 45,
      "author_id": "not defined",
      "author_name": "Tristan Goddard",
      "helpful": "4",
      "polarity": "",
      "rate": 3,
      "response": "Hi Tristan\n\nWe've updated the app with new scenes!\n\n** Wineglass Bay beach (Australia)\n** Northern Lights\n** Up in the clouds\n** Forest creek\n** Philippines beach\n\nLet us know what you think!",
      "response_date": [
        "March",
        "1",
        " 2017"
      ],
      "review": "Easy navigation, nice selection, ok sounds. Video quality isn't great, rock pools especially! When it gets to the end of the clip the scene blacks out. Natural sounds are also low resolution. To be honest I've heard better on YouTube. But to be fair, this is the best I've been able to find in VR.",
      "review_date": [
        "September",
        "14",
        " 2016"
      ]
    },
    {
      "REQ_subtype": "",
      "REQ_type": "",
      "_id": 46,
      "author_id": "not defined",
      "author_name": "Mali Mohamadpour",
      "helpful": "0",
      "polarity": "",
      "rate": 1,
      "response": "Hi Mali\n\nWe've updated the app with new scenes!\n** Wineglass Bay beach (Australia)\n** Northern Lights\n** Up in the clouds\n** Forest creek\n** Philippines beach\n\nLet us know what you think!",
      "response_date": [
        "March",
        "1",
        " 2017"
      ],
      "review": "The still images are too boring.  I wanna see moving clouds, moving birds and sounds, moving waves, etc.  A free 360 YouTube relaxation video does it better! Update: there's still nothing moving in the latest app update. I'm actually downgrading my review to 1 star.",
      "review_date": [
        "September",
        "19",
        " 2016"
      ]
    },
    {
      "REQ_subtype": "",
      "REQ_type": "",
      "_id": 47,
      "author_id": "not defined",
      "author_name": "Andy Blackburn",
      "helpful": "2",
      "polarity": "",
      "rate": 3,
      "response": "Hi Andy\n\nThank you for your review and feedback. We've been working hard on some updates to improve the experience. Would love your feedback on these updates as we develop further. \n\nThanks Andy!\n\nEddie",
      "response_date": [
        "December",
        "30",
        " 2016"
      ],
      "review": "Great idea and the visuals are lovely and well chosen. Very low sound quality takes you out of the experience somewhat. And there doesn't seem to be a way to re-center the view? It your head is only slightly tilted back you're just looking at sky..",
      "review_date": [
        "July",
        "31",
        " 2016"
      ]
    },
    {
      "REQ_subtype": "",
      "REQ_type": "",
      "_id": 48,
      "author_id": "not defined",
      "author_name": "Dane Aussie",
      "helpful": "7",
      "polarity": "",
      "rate": 5,
      "response": "Thanks Dane! We'll be looking to add more soon :)",
      "response_date": [
        "April",
        "12",
        " 2016"
      ],
      "review": "Just bought this app after my friend recommend it.  I was going through a tough break up and my friend told me about \"positive visualization\" technique. The quality of images is superb and the music is really calming.  The app feature few different scenes. I only wish there was more.",
      "review_date": [
        "April",
        "11",
        " 2016"
      ]
    },
    {
      "REQ_subtype": "",
      "REQ_type": "",
      "_id": 49,
      "author_id": "not defined",
      "author_name": "Taku Kawamoto",
      "helpful": "12",
      "polarity": "",
      "rate": 5,
      "response": "Hi Tak,\nThanks for the feedback! Yep, we're working on the volume control - an update will be out in the not too distant future. Stay tuned!",
      "response_date": [
        "May",
        "6",
        " 2016"
      ],
      "review": "The scenes are beautiful. In future updates, could you make it possible to control the volumes since with the scene background noise and the music on, it's slightly difficult to hear the meditation guide voice please?",
      "review_date": [
        "April",
        "28",
        " 2016"
      ]
    },
    {
      "REQ_subtype": "",
      "REQ_type": "",
      "_id": 50,
      "author_id": "not defined",
      "author_name": "Jennifer Conroy",
      "helpful": "15",
      "polarity": "",
      "rate": 5,
      "response": "Glad you enjoyed it Jennifer. Than you for the kind words!",
      "response_date": [
        "May",
        "12",
        " 2016"
      ],
      "review": "I was worried it would be still photos but the water and waves move on the beach and the music is so ambient that barely notice it. All in all, very well done.",
      "review_date": [
        "May",
        "10",
        " 2016"
      ]
    },
    {
      "REQ_subtype": "",
      "REQ_type": "",
      "_id": 51,
      "author_id": "not defined",
      "author_name": "A Google user",
      "helpful": "4",
      "polarity": "",
      "rate": 5,
      "response": "Thanks James. We will definitely be adding more content and will work on the camera direction you suggested. Thanks for your feedback. Enjoy Relaxation VR",
      "response_date": [
        "April",
        "18",
        " 2016"
      ],
      "review": "Been looking for something with real visuals, and of this genre. Very satisfying experience, thank you. Please add more scenes to keep the experiences fresh. Perhaps a way to centre the camera to an optimal viewpoint; for example, on the beach a simple way to direct the camera towards the ocean. Just a suggestion; i really do love the app!",
      "review_date": [
        "April",
        "16",
        " 2016"
      ]
    },
    {
      "REQ_subtype": "",
      "REQ_type": "",
      "_id": 52,
      "author_id": "not defined",
      "author_name": "Tania Massia",
      "helpful": "1",
      "polarity": "",
      "rate": 5,
      "response": "Thanks Tania! Love to hear such feedback. We'll be adding new scenes soon, and forests are definitely on the cards. Star lit sky and campfire are great ideas too! Stay tuned... :)",
      "response_date": [
        "June",
        "19",
        " 2016"
      ],
      "review": "Wonderful app! It's so peaceful and relaxing! I'd love to see a forest one in the future (maybe a star lit sky and a campfire!) Keep up the great work; I'll be recommending this app to my friends for sure! :)",
      "review_date": [
        "June",
        "13",
        " 2016"
      ]
    },
    {
      "REQ_subtype": "",
      "REQ_type": "",
      "_id": 53,
      "author_id": "not defined",
      "author_name": "sohum jain",
      "helpful": "2",
      "polarity": "",
      "rate": 5,
      "response": "Thanks Sohum!",
      "response_date": [
        "April",
        "12",
        " 2016"
      ],
      "review": "This app is one of the most immersive vr apps I have experienced so far, it allows me to release tension, and is almost cathartic",
      "review_date": [
        "April",
        "12",
        " 2016"
      ]
    },
    {
      "REQ_subtype": "",
      "REQ_type": "",
      "_id": 54,
      "author_id": "not defined",
      "author_name": "Trent Clews-de Castella",
      "helpful": "4",
      "polarity": "",
      "rate": 5,
      "response": "Thanks Trent!",
      "response_date": [
        "April",
        "16",
        " 2016"
      ],
      "review": "Awesome for anyone wanting to mellow out, unwind or even just experience the world through a different lens.",
      "review_date": [
        "April",
        "13",
        " 2016"
      ]
    },
    {
      "REQ_subtype": "",
      "REQ_type": "",
      "_id": 55,
      "author_id": "not defined",
      "author_name": "Jordan C",
      "helpful": "0",
      "polarity": "",
      "rate": 3,
      "response": "Hi Jordan\n\nWe've updated the app with new scenes!\n\n** Northern Lights\n** Wineglass Bay beach\n** Up in the clouds\n** Forest creek\n** Philippines beach\n\nLet us know what you think!",
      "response_date": [
        "March",
        "1",
        " 2017"
      ],
      "review": "The app is perfectly fine,  but doesn't contain enough to justify the price.  It needs more.  At present,  you're better off just browsing YouTube 360.",
      "review_date": [
        "August",
        "3",
        " 2016"
      ]
    },
    {
      "REQ_subtype": "",
      "REQ_type": "",
      "_id": 56,
      "author_id": "not defined",
      "author_name": "Michael Bayliss",
      "helpful": "1",
      "polarity": "",
      "rate": 5,
      "response": "Thanks Michael!",
      "response_date": [
        "May",
        "6",
        " 2016"
      ],
      "review": "Simple. Works perfectly. Love it. It's crazy how an app in a phone housed in some cardboard with lenses can make you feel relaxed.",
      "review_date": [
        "May",
        "4",
        " 2016"
      ]
    },
    {
      "REQ_subtype": "",
      "REQ_type": "",
      "_id": 57,
      "author_id": "not defined",
      "author_name": "Tanzan Hepfer",
      "helpful": "2",
      "polarity": "",
      "rate": 5,
      "response": "Thanks Tanzan! For users such as yourself with high-end phones we'll be updating the resolution in the not too distant future! Stay tuned.",
      "response_date": [
        "April",
        "25",
        " 2016"
      ],
      "review": "Easy controls with beautiful scenery. Love the meditation portion.  Only wish the scenery is in a higher resolution.",
      "review_date": [
        "April",
        "24",
        " 2016"
      ]
    },
    {
      "REQ_subtype": "",
      "REQ_type": "",
      "_id": 58,
      "author_id": "not defined",
      "author_name": "Ravi Ramjas",
      "helpful": "2",
      "polarity": "",
      "rate": 5,
      "response": "Thanks Ravi! More scenes are definitely in the pipeline.",
      "response_date": [
        "April",
        "12",
        " 2016"
      ],
      "review": "Great music and visuals! For the next version, make more and different locations!",
      "review_date": [
        "April",
        "11",
        " 2016"
      ]
    },
    {
      "REQ_subtype": "",
      "REQ_type": "",
      "_id": 59,
      "author_id": "not defined",
      "author_name": "Josef H",
      "helpful": "1",
      "polarity": "",
      "rate": 5,
      "response": "Thanks a lot Josef!",
      "response_date": [
        "April",
        "25",
        " 2016"
      ],
      "review": "The best VR relaxation app I've seen so far.  Beautiful design and images.",
      "review_date": [
        "April",
        "24",
        " 2016"
      ]
    },
    {
      "REQ_subtype": "",
      "REQ_type": "",
      "_id": 60,
      "author_id": "not defined",
      "author_name": "Aditya Prasad",
      "helpful": "1",
      "polarity": "",
      "rate": 5,
      "response": "Thank you Aditya. Glad you had a peaceful experience. We will be updating with more scenes soon.",
      "response_date": [
        "May",
        "12",
        " 2016"
      ],
      "review": "Immersion, peaceful experience. Looking forward to more scenes.",
      "review_date": [
        "May",
        "11",
        " 2016"
      ]
    },
    {
      "REQ_subtype": "",
      "REQ_type": "",
      "_id": 61,
      "author_id": "not defined",
      "author_name": "Anshul Jain",
      "helpful": "2",
      "polarity": "",
      "rate": 5,
      "response": "Thanks Anshul!",
      "response_date": [
        "April",
        "12",
        " 2016"
      ],
      "review": "Great content, really feels like you're there!",
      "review_date": [
        "April",
        "11",
        " 2016"
      ]
    },
    {
      "REQ_subtype": "",
      "REQ_type": "",
      "_id": 62,
      "author_id": "not defined",
      "author_name": "Ammar Khan",
      "helpful": "1",
      "polarity": "",
      "rate": 5,
      "response": "Thanks Ammar!",
      "response_date": [
        "July",
        "9",
        " 2016"
      ],
      "review": "Loved it",
      "review_date": [
        "July",
        "8",
        " 2016"
      ]
    },
    {
      "REQ_subtype": "",
      "REQ_type": "",
      "_id": 63,
      "author_id": "not defined",
      "author_name": "A Google user",
      "helpful": "0",
      "polarity": "",
      "rate": 1,
      "response": "Hi Marianela\n\nApologies for the confusion. We're working hard on a Daydream version of Relax VR, and will have it released very soon. \n\nIn the mean time here is the link to process a refund.\n\nhttps://support.google.com/googleplay/answer/2479637?hl=en-AU\n\nOnce again apologies for the confusion.\n\nEddie",
      "response_date": [
        "December",
        "14",
        " 2016"
      ],
      "review": "When I start the app my pixel clock specifically says NOT COMPATIBLE with DAYDREAM headsets. False description. Tried to turn off NFC too and use it as a cardboard. Still got the message",
      "review_date": [
        "December",
        "13",
        " 2016"
      ]
    },
    {
      "REQ_subtype": "",
      "REQ_type": "",
      "_id": 64,
      "author_id": "not defined",
      "author_name": "Jeff Balbinot",
      "helpful": "0",
      "polarity": "",
      "rate": 1,
      "response": "Hi Jeff, this is our Cardboard app not the daydream one. Here's the link to the daydream app: https://play.google.com/store/apps/details?id=co.nowvr.relaxvr&hl=en\n\nIf you send us an email at contact@relaxvr.co we can help you get a refund.",
      "response_date": [
        "February",
        "19",
        " 2018"
      ],
      "review": "Won't not open in with Google Daydream. When I tried to launch said it was a cardboard VR only app.",
      "review_date": [
        "February",
        "18",
        " 2018"
      ]
    },
    {
      "REQ_subtype": "",
      "REQ_type": "",
      "_id": 65,
      "author_id": "not defined",
      "author_name": "y shevkari",
      "helpful": "0",
      "polarity": "",
      "rate": 1,
      "response": "Hi y shevkari,\n\nDo other VR apps work on your phone as well? Can you please send us an email with further information about the problem and we'll help sort you out.",
      "response_date": [
        "March",
        "12",
        " 2018"
      ],
      "review": "Didn't work on my moto g 5s plus",
      "review_date": [
        "March",
        "5",
        " 2018"
      ]
    },
    {
      "REQ_subtype": "",
      "REQ_type": "",
      "_id": 66,
      "author_id": "not defined",
      "author_name": "Lee Beets",
      "helpful": "0",
      "polarity": "",
      "rate": 2,
      "response": "Hi Me Me,\n\nDoes this happen often/everytime you launch the app?",
      "response_date": [
        "September",
        "25",
        " 2017"
      ],
      "review": "Just made my s8 flicker and did nothing",
      "review_date": [
        "September",
        "19",
        " 2017"
      ]
    },
    {
      "REQ_subtype": "",
      "REQ_type": "",
      "_id": 67,
      "author_id": "not defined",
      "author_name": "Daysi Marquina",
      "helpful": "0",
      "polarity": "",
      "rate": 1,
      "response": "Hi Daysi. \n\nSorry to hear about the download issue. We haven't had anyone mention this problem previously. \n\nTry restarting your phone and re-downloading the app.\n\nIf this doesn't work, could you please let me know more about the problem so we can try help? \n\nRegards\n\nEddie",
      "response_date": [
        "January",
        "3",
        " 2017"
      ],
      "review": "I bought it and it didn't download",
      "review_date": [
        "January",
        "1",
        " 2017"
      ]
    },
    {
      "REQ_subtype": "",
      "REQ_type": "",
      "_id": 68,
      "author_id": "not defined",
      "author_name": "Aja OBrien",
      "helpful": "0",
      "polarity": "",
      "rate": 1,
      "response": "Hi Aja, could you please email us at contact@relaxvr.co so we can help to resolve this issue for you. If you have any other information about the crash, such as any error messages that would be very helpful. Thanks!",
      "response_date": [
        "January",
        "2",
        " 2018"
      ],
      "review": "Won't open, uninstalled and reinstalled 2x and it just crashes as soon as you try to open it.",
      "review_date": [
        "December",
        "31",
        " 2017"
      ]
    },
    {
      "REQ_subtype": "",
      "REQ_type": "",
      "_id": 69,
      "author_id": "not defined",
      "author_name": "A Google user",
      "helpful": "0",
      "polarity": "",
      "rate": 2,
      "response": "Hi Marianela\n\nApologies for the confusion. We're working hard on a Daydream version of Relax VR, and will have it released very soon. \n\nIn the mean time here is the link to process a refund.\n\nhttps://support.google.com/googleplay/answer/2479637?hl=en-AU\n\nOnce again apologies for the confusion.\n\nEddie",
      "response_date": [
        "December",
        "14",
        " 2016"
      ],
      "review": "It is not mentioned anywhere in the description but it is still not Daydream compatible",
      "review_date": [
        "December",
        "13",
        " 2016"
      ]
    },
    {
      "REQ_subtype": "",
      "REQ_type": "",
      "_id": 70,
      "author_id": "not defined",
      "author_name": "A Google user",
      "helpful": "0",
      "polarity": "",
      "rate": 1,
      "response": "Hello anonymous, we're sorry to here that you hate it :(. Can you please clarify further why you hate it so we can improve the experience? You can reach us at contact@relaxvr.co. Thanks!",
      "response_date": [
        "July",
        "3",
        " 2018"
      ],
      "review": "I HATE ITTT",
      "review_date": [
        "June",
        "29",
        " 2018"
      ]
    },
    {
      "REQ_subtype": "",
      "REQ_type": "",
      "_id": 71,
      "author_id": "not defined",
      "author_name": "Senthil Kumar",
      "helpful": "0",
      "polarity": "",
      "rate": 5,
      "response": "Hi Senthil,\n\nNo problem, and thanks for the 5 star review! Hope you enjoy the app. For comments, suggestions, and other feedback please don't hesitate to email us at contact@relaxvr.co",
      "response_date": [
        "May",
        "29",
        " 2018"
      ],
      "review": "Memory day thanks",
      "review_date": [
        "May",
        "29",
        " 2018"
      ]
    },
    {
      "REQ_subtype": "",
      "REQ_type": "",
      "_id": 72,
      "author_id": "not defined",
      "author_name": "Just Mary",
      "helpful": "1",
      "polarity": "",
      "rate": 5,
      "response": "Thanks Just Mary! We're glad you like it :)",
      "response_date": [
        "April",
        "9",
        " 2018"
      ],
      "review": "GREAT JOB!",
      "review_date": [
        "April",
        "7",
        " 2018"
      ]
    },
    {
      "REQ_subtype": "",
      "REQ_type": "",
      "_id": 73,
      "author_id": "not defined",
      "author_name": "Tomek s",
      "helpful": "0",
      "polarity": "",
      "rate": 2,
      "response": "Hi Tomek,\n\nThat's not good! Sorry you're experiencing this issue. Please email us at contact@relaxvr.co and we'll help you sort out the issue.",
      "response_date": [
        "May",
        "29",
        " 2018"
      ],
      "review": "Keep freezing",
      "review_date": [
        "May",
        "26",
        " 2018"
      ]
    }
  ],
  "size": "77",
  "url": "https://play.google.com/store/apps/details?id=co.nowvr.relaxationvr",
  "version": "1.3.7"
}