{
  "categories": [
    "Arcade"
  ],
  "description": "It's 8am in the morning and you absolutely HATE your retail job. There are customers at the door wanting to get in and your boss is yelling at you to make sure everything is up in the store ASAP!Play an exciting game where pieces of clothing and shoes are chucked at your face while you frantically scan as many pieces as possible using a scanner gun.",
  "inc": "PricewaterhouseCoopers Services pty ltd",
  "intalled_count": "100",
  "last_update": [
    "July",
    "1",
    " 2017"
  ],
  "name": "Shocktake",
  "offered_by": "Google Commerce Ltd",
  "permissions": {
    "Other": [
      "full network access"
    ]
  },
  "price": "",
  "rate": [
    [
      "3",
      "3.0"
    ],
    [
      "1",
      "5"
    ],
    [
      "0",
      "4"
    ],
    [
      "1",
      "3"
    ],
    [
      "0",
      "2"
    ],
    [
      "1",
      "1"
    ]
  ],
  "required_android": "7.0",
  "reviews": [],
  "size": "22",
  "url": "https://play.google.com/store/apps/details?id=au.com.pwc.shocktake",
  "version": "1.0"
}