{
  "categories": [
    "Social"
  ],
  "description": "Keep up with your interests and hangout with friends in Virtual Reality. Design an interactive virtual room to use as your profile. Select different items in the room to access different feeds of content based on your interests - for example select the TV to watch viral videos. Sign up to connect with the people and content you care about anytime in a personal space you design.my VR lets you discover, save, stream, and share content based on any interest. Simply add a source to start getting news, recipes, videos, images, music, articles, and more. Follow friends to watch videos, listen to music, and read articles together while you voice chat.Do everything you love to do online in a realistic and fun VR experience. Rediscover the internet in a community of customizable virtual spaces you share with friends.This is the DAYDREAM edition for our app.FEATURES:-Show off your personality by customizing your own interactive virtual room to use as your profile.-Control what content you see: add custom sources to stay up to date with your favorite YouTube channels, websites, music stations, and more.-Don\u2019t know what to add? Discover the best videos, articles, and websites the internet has to offer.-Search within any interest feed in your room to find content faster using voice command or keyboard.-Get social: Visit other people\u2019s rooms and check out what they\u2019re into.-Enjoy content with your friends - send a request to have a joint browsing session and watch videos, read articles, and listen to music together.-Use live voice chat to talk with your friends or meet new ones.-Search through other users to find people to follow.-Select items in the rooms to access the different interest feeds: apps and gadgets, art, college life, DIY, entertainment, food, games, interior design, latest news, life hacks, wellness, music, pets, photography, reads, shopping, sports, style and beauty, tech news, travel, and videos.Log on to your free account on www.mywebroom.com from your computer to customize your feeds for VR.Have feedback? We\u2019d love to hear it to help us make our app better for you! Email us at feedback@mywebroom.com.",
  "inc": "myWebRoom",
  "intalled_count": "1,000",
  "last_update": [
    "March",
    "1",
    " 2017"
  ],
  "name": "myVR - Virtually Everything",
  "offered_by": "Google Commerce Ltd",
  "permissions": {
    "Microphone": [
      "record audio"
    ],
    "Other": [
      "view network connections",
      "full network access",
      "prevent device from sleeping"
    ]
  },
  "price": "",
  "rate": [
    [
      "7",
      "2.3"
    ],
    [
      "1",
      "5"
    ],
    [
      "0",
      "4"
    ],
    [
      "2",
      "3"
    ],
    [
      "1",
      "2"
    ],
    [
      "3",
      "1"
    ]
  ],
  "required_android": "4.4",
  "reviews": [
    {
      "REQ_subtype": "",
      "REQ_type": "",
      "_id": 0,
      "author_id": "not defined",
      "author_name": "Niko Birbilis",
      "helpful": "1",
      "polarity": "",
      "rate": 2,
      "response": "",
      "response_date": "",
      "review": "I love the environments you can choose from, but that's all that worked for me. Anytime I tried to do anything else, it just said \"You have no active sites available\" so I can't do anything :(",
      "review_date": [
        "August",
        "4",
        " 2017"
      ]
    },
    {
      "REQ_subtype": "",
      "REQ_type": "",
      "_id": 1,
      "author_id": "not defined",
      "author_name": "Michael Cunningham",
      "helpful": "2",
      "polarity": "",
      "rate": 1,
      "response": "",
      "response_date": "",
      "review": "Can't do anything in the daydream version of this app.  All you do is choose between room designs (and it doesn't even save that).  I went to someone else's room and they have stuff customized, so maybe some other version of this app works.  *Shrug*",
      "review_date": [
        "August",
        "10",
        " 2017"
      ]
    },
    {
      "REQ_subtype": "",
      "REQ_type": "",
      "_id": 2,
      "author_id": "not defined",
      "author_name": "INKAPASS8",
      "helpful": "1",
      "polarity": "",
      "rate": 1,
      "response": "Hi! So sorry to hear that. We don't see any crash reports on our end, so if you can contact us at feedback@mywebroom.com we would love to help you out. We have not heard this from other users, so we would like to fix it for you.",
      "response_date": [
        "March",
        "25",
        " 2017"
      ],
      "review": "Crashes Everytime. The controller looses center... Extremely hard to control , always ends with a crash.",
      "review_date": [
        "March",
        "25",
        " 2017"
      ]
    },
    {
      "REQ_subtype": "",
      "REQ_type": "",
      "_id": 3,
      "author_id": "not defined",
      "author_name": "spellgirl kittys",
      "helpful": "0",
      "polarity": "",
      "rate": 3,
      "response": "",
      "response_date": "",
      "review": "I love the idea and it seems to be working well for me, I just wish you could decorate the rooms. I only have 4 rooms to choose from which are all very nice but I want to be able to decorate it myself.",
      "review_date": [
        "December",
        "30",
        " 2017"
      ]
    },
    {
      "REQ_subtype": "",
      "REQ_type": "",
      "_id": 4,
      "author_id": "not defined",
      "author_name": "A Google user",
      "helpful": "0",
      "polarity": "",
      "rate": 3,
      "response": "Hello! Could you expand a little bit more on that? Would love to improve the app based on your feedback. Thanks!",
      "response_date": [
        "March",
        "24",
        " 2017"
      ],
      "review": "I wish I could look freely without my eyes going in different directions.",
      "review_date": [
        "March",
        "26",
        " 2017"
      ]
    },
    {
      "REQ_subtype": "",
      "REQ_type": "",
      "_id": 5,
      "author_id": "not defined",
      "author_name": "John Gonzalez",
      "helpful": "1",
      "polarity": "",
      "rate": 5,
      "response": "Hi John! Thanks so much for your review. We really appreciate it :) Feel free to reach out if you have any feedback on how we can improve myVR.",
      "response_date": [
        "March",
        "8",
        " 2017"
      ],
      "review": "Really cool app! Definitely one of the best I have used so far. Really simple and nice design :). Looking forward to seeing how this app keeps evolving.",
      "review_date": [
        "February",
        "18",
        " 2017"
      ]
    }
  ],
  "size": "47",
  "url": "https://play.google.com/store/apps/details?id=com.mywebroom.myvr_dd",
  "version": "1.1.34811"
}