{
  "categories": [
    "Racing"
  ],
  "description": "Experience motorbike racing like never before: step into the race and become the new Superbike World Champion!Following 3 releases and 30 million downloads on mobile devices worldwide, SBK Official Mobile Game lands on Daydream to offer a far more immersive and adrenaline-fueled experience.Compete against Jonathan Rea and other real riders from the 2016 Motul FIM Superbike World Championship and experience first-hand the thrill of speeding through the most challenging tracks in the world at 200 km/h, while handling a 200 HP beast: Aprilia, Kawasaki, Honda, Ducati, MV Agusta, BMW or Yamaha\u2026 the choice is yours!FEATURES: - 3 challenging game modes (Championship, Quick Race and Time Attack)- 13 faithfully recreated tracks and 24 star riders from an international roster- Gameplay rebuilt from the ground up to offer an immersive yet sickness-free sim- New helmet camera diving you into the high-octane Superbike racing action - Completely redesigned interface for VR content",
  "inc": "Digital Tales S.r.l.",
  "intalled_count": "100",
  "last_update": [
    "November",
    "9",
    " 2017"
  ],
  "name": "SBK VR",
  "offered_by": "Google Commerce Ltd",
  "permissions": {
    "Photos/Media/Files": [
      "read the contents of your USB storage",
      "modify or delete the contents of your USB storage"
    ],
    "Storage": [
      "read the contents of your USB storage",
      "modify or delete the contents of your USB storage"
    ],
    "Wi-Fi connection information": [
      "view Wi-Fi connections"
    ],
    "Other": [
      "view network connections",
      "full network access",
      "change your audio settings",
      "prevent device from sleeping",
      "Google Play license check"
    ]
  },
  "price": "",
  "rate": [
    [
      "12",
      "3.3"
    ],
    [
      "7",
      "5"
    ],
    [
      "0",
      "4"
    ],
    [
      "0",
      "3"
    ],
    [
      "0",
      "2"
    ],
    [
      "5",
      "1"
    ]
  ],
  "required_android": "5.0",
  "reviews": [],
  "size": "23",
  "url": "https://play.google.com/store/apps/details?id=it.dtales.sbkvrdaydream",
  "version": "1.1.0"
}