{
  "categories": [
    "Adventure"
  ],
  "description": "Deep below the ice in Polar City, everyone is asleep. Up on the surface of Kenopsia, the Custodians are busy making a world. For the next four million years they will be creating a paradise for the sleepers; living machines made to sculpt a perfect garden. Custodian 98 wakes and starts its job, working alongside its friend Drone to create clouds, tend the ecosystem, measure the rain. Over the course of hundreds of thousands of years, 98 and the rest of the Custodians gently prepare Kenopsia for the wakening. Until the day a new star is spotted in the sky and everything changes. Travel through the world of Kenopsia, exploring incredible places from swamps to mountains, oceans and cities. Learn to work and play with Drone to discover the world and uncover a powerful story of friendship, a tale passed down the generations, from adult to child. It\u2019s a story about love and duty, and about the wonder of caring for things and helping them grow. It\u2019s a story about a world being created and about a machine who is left all alone and goes looking for his friends. So Let Us Melt is a story-driven game by the creators of Dear Esther and Everybody\u2019s Gone to the Rapture. The Chinese Room have built a reputation as one of the most exciting storytelling game studios of their generation and this is their first VR experience.",
  "inc": "The Chinese Room",
  "intalled_count": "500",
  "last_update": [
    "April",
    "11",
    " 2018"
  ],
  "name": "So Let Us Melt",
  "offered_by": "Google Commerce Ltd",
  "permissions": {
    "Phone": [
      "read phone status and identity"
    ],
    "Photos/Media/Files": [
      "read the contents of your USB storage",
      "modify or delete the contents of your USB storage"
    ],
    "Storage": [
      "read the contents of your USB storage",
      "modify or delete the contents of your USB storage"
    ],
    "Wi-Fi connection information": [
      "view Wi-Fi connections"
    ],
    "Device ID & call information": [
      "read phone status and identity"
    ],
    "Other": [
      "view network connections",
      "full network access",
      "prevent device from sleeping",
      "Google Play license check"
    ]
  },
  "price": "",
  "rate": [
    [
      "15",
      "3.8"
    ],
    [
      "8",
      "5"
    ],
    [
      "1",
      "4"
    ],
    [
      "2",
      "3"
    ],
    [
      "3",
      "2"
    ],
    [
      "1",
      "1"
    ]
  ],
  "required_android": "7.0",
  "reviews": [
    {
      "REQ_subtype": "",
      "REQ_type": "",
      "_id": 0,
      "author_id": "not defined",
      "author_name": "James Thompson",
      "helpful": "2",
      "polarity": "",
      "rate": 5,
      "response": "",
      "response_date": "",
      "review": "A stunning VR experience. As other reviews have stated, this is a game in \nthe style of Dear Esther, Everybodys Gone to the Rapture (both of which \nwere made by the same developer) and Gone Home. It's a narrative driven \nexperience, with breathtaking music and gorgeous environments to lose \nyourself in. It's a bit short, taking about an hour to go through the \nexperience, but I highly recommend it.",
      "review_date": [
        "April",
        "30",
        " 2018"
      ]
    },
    {
      "REQ_subtype": "",
      "REQ_type": "",
      "_id": 1,
      "author_id": "not defined",
      "author_name": "Bobby Crissman",
      "helpful": "5",
      "polarity": "",
      "rate": 5,
      "response": "",
      "response_date": "",
      "review": "Absolutely beautiful experience. As others have said, not so much a \"game\" in the classic sense, but a story with somewhat interactive parts. Still, it's an absolutely wonderful VR experience and Jessica Curry's music is once again the centerpiece of a title from The Chinese Room. It's a shame the developers had to close their doors, I hope they come back sometime soon.",
      "review_date": [
        "December",
        "18",
        " 2017"
      ]
    },
    {
      "REQ_subtype": "",
      "REQ_type": "",
      "_id": 2,
      "author_id": "not defined",
      "author_name": "Oli Collins",
      "helpful": "6",
      "polarity": "",
      "rate": 2,
      "response": "",
      "response_date": "",
      "review": "I'm getting wavy, blurry edges and occasional freezing. It's more of a ride than a game. The music is incredible, really sets the scene, though ironically the scenes are flawed because of the graphical issues. Real shame. Please fix.",
      "review_date": [
        "September",
        "24",
        " 2017"
      ]
    },
    {
      "REQ_subtype": "",
      "REQ_type": "",
      "_id": 3,
      "author_id": "not defined",
      "author_name": "Andrew Reid",
      "helpful": "7",
      "polarity": "",
      "rate": 4,
      "response": "",
      "response_date": "",
      "review": "This is more of a narrative experience than a traditional game (something it shares with The Chinese Room's other output). You experience the point of view of a terraforming robot as it floats around and within a planet being made ready for human habitation.  There is minimal interaction in the experience. Just some light pointing at things and tracing paths with the handheld device.  The goal here is that a good story, beautiful visuals and great music all combine to make an emotionally rewarding experience that sticks with you after its finished and makes you not miss the lack of interactivity.   So, do The Chinese Room folks, who did this so well in Dear Esther and Everybody's Gone To The Rapture, manage it again?  Mostly. The story is interesting and moving but the limitations of the medium rob the graphics of a lot of its impact. In this sort of game you're mostly just looking at the scenery, so it has to be good and having to fit on a phone led to too many compromises (and too few polygons).",
      "review_date": [
        "October",
        "16",
        " 2017"
      ]
    },
    {
      "REQ_subtype": "",
      "REQ_type": "",
      "_id": 4,
      "author_id": "not defined",
      "author_name": "Paul Gaura",
      "helpful": "7",
      "polarity": "",
      "rate": 5,
      "response": "",
      "response_date": "",
      "review": "Not really a game but more of an experience. I love everything the Chinese Room puts out so this was a must buy for me. The music is phenomenal and I enjoy the storytelling. I do wish you had control to explore but I otherwise love it! Looking forward to future vr games from them!",
      "review_date": [
        "September",
        "23",
        " 2017"
      ]
    },
    {
      "REQ_subtype": "",
      "REQ_type": "",
      "_id": 5,
      "author_id": "not defined",
      "author_name": "Owen Beckman",
      "helpful": "0",
      "polarity": "",
      "rate": 2,
      "response": "",
      "response_date": "",
      "review": "I became excited and bought this instantly. I really want to support VR since the early 90s when it was heavily featured in pop culture. The most positive thing I can say,  is that,  the music was top notch, and had a very cinematic quality to it. The longer I played,  the more I became dissatisfied. The moment I started hating it, was when I realized it wasn't a game at all. You don't control movement, you don't even select a diverging path. The game consists of flying with these cutesy characters and every hundred yards or so,  you use the controller to draw a very rudimentary shape,  as if you were holding a wand. There is no puzzle to it. Just drawing a circle, zig zag, horseshoe. To top everything off, the scenery looks magical in the screenshots,  but inside the \"game\", it is extremely underwhelming, blurry, and amateurish",
      "review_date": [
        "September",
        "21",
        " 2017"
      ]
    },
    {
      "REQ_subtype": "",
      "REQ_type": "",
      "_id": 6,
      "author_id": "not defined",
      "author_name": "Tim Waskett",
      "helpful": "0",
      "polarity": "",
      "rate": 5,
      "response": "",
      "response_date": "",
      "review": "So beautiful.  The soundtrack is stunning too.",
      "review_date": [
        "October",
        "8",
        " 2017"
      ]
    },
    {
      "REQ_subtype": "",
      "REQ_type": "",
      "_id": 7,
      "author_id": "not defined",
      "author_name": "potatoeplzgames",
      "helpful": "0",
      "polarity": "",
      "rate": 1,
      "response": "",
      "response_date": "",
      "review": "Stupid",
      "review_date": [
        "January",
        "20",
        " 2018"
      ]
    }
  ],
  "size": "29",
  "url": "https://play.google.com/store/apps/details?id=com.thechineseroom.soletusmelt",
  "version": "0.6.6"
}