{
  "categories": [
    "Action"
  ],
  "description": "Zombie SOUR PATCH KIDS\u00ae candy are on the attack and it\u2019s your job to protect all that is Sour and Sweet! Fight on the front lines in your very own zombie zapping defense tower! Upgrade your arsenal with the latest in zombie terminating tech and defeat wave after wave of zombie SOUR PATCH KIDS\u00ae candy as they descend upon your gummy world. Travel to new locations, rescue Professor Sweet and find a solution to this candy contagion. Help the SOUR PATCH KIDS\u00ae candy reach their escape pod before they get turned into zombie chow!It\u2019s up to you soldier! Do you have what it takes to defend the SOUR PATCH KIDS\u00ae candy?> 9 Story missions with custom objectives!> 6 special missions to challenge your skills to the limit!> Specialized cannons to unlock and to customize your strategy!> Battle unique enemies, each with their own skills!> Complete all achievements to max out your cannon!> Awesome defense battles and an epic boss fight!",
  "inc": "Lucky Hammers",
  "intalled_count": "100",
  "last_update": [
    "August",
    "9",
    " 2017"
  ],
  "name": "Sour Patch Kids: Zombie Invasion",
  "offered_by": "Google Commerce Ltd",
  "permissions": {
    "Other": [
      "pair with Bluetooth devices",
      "full network access",
      "prevent device from sleeping"
    ]
  },
  "price": "",
  "rate": [],
  "required_android": "7.0",
  "reviews": [],
  "size": "100",
  "url": "https://play.google.com/store/apps/details?id=com.luckyhammers.zombieinvasion.vr",
  "version": "1.21"
}