{
  "categories": [
    "Beauty"
  ],
  "description": "\ub85c\ub4dc\uc0f5 \uc54c\ub9ac\ubbf8\ub294 \ub2e4\uc74c\uacfc \uac19\uc740 \uae30\ub2a5\uc744 \uc81c\uacf5\ud574\uc694\u25cf \ub9e4\ub2ec \ub85c\ub4dc\uc0f5 \uc138\uc77c \uae30\uac04\uc744 \ub2ec\ub825\uc73c\ub85c \ud55c\ub208\uc5d0 \ud655\uc778 \ud560 \uc218 \uc788\uc5b4\uc694\u25cf \ub85c\ub4dc\uc0f5 \uc138\uc77c\uc774 \uc2dc\uc791\ub418\uba74 \ud478\uc2dc \uc54c\ub9bc\uc744 \ubc1b\uc744 \uc218 \uc788\uc5b4\uc694\u25cf \ub0b4\uac00 \uc6d0\ud558\ub294 \ub85c\ub4dc\uc0f5\ub9cc \uc120\ud0dd\ud574\uc11c \ud478\uc2dc \uc54c\ub9bc\uc744 \ubc1b\uc744 \uc218\ub3c4 \uc788\uc5b4\uc694\u25cf \uc138\uc77c\uae30\uac04\uc744 \uc78a\uace0\uc788\uc5c8\ub098\uc694? \uc138\uc77c \ub9c8\uc9c0\ub9c9\ub0a0 \ub610 \ud55c\ubc88 \ud478\uc2dc \uc54c\ub9bc\uc744 \ubc1b\uc744 \uc218\ub3c4 \uc788\uc5b4\uc694\u25cf \ub85c\ub4dc\uc0f5 \uc774\ubca4\ud2b8 \ud655\uc778\ud558\ub7ec \uc77c\uc77c\uc774 \ud648\ud398\uc774\uc9c0\ub97c \ubc29\ubb38\ud588\ub098\uc694? \ub85c\ub4dc\uc0f5 \uc54c\ub9ac\ubbf8\uc5d0\uc11c \ud55c\ub208\uc5d0 \ubcfc \uc218 \uc788\uc5b4\uc694\u25cf \ub85c\ub4dc\uc0f5 \uc81c\ud488\uc5d0 \ub300\ud55c \ub9ac\ubdf0\uc640, \uc81c\ud488\ucd94\ucc9c\uc744 \ubc1b\uc744 \uc218 \uc788\ub294 \ucee4\ubba4\ub2c8\ud2f0 \uacf5\uac04\uc774 \ub9c8\ub828\ub418\uc5b4\uc788\uc5b4\uc694\ub85c\ub4dc\uc0f5 \uc54c\ub9ac\ubbf8\ub294 \ud56d\uc0c1 \uc0ac\uc6a9\uc790\uc758 \uc758\uacac\uc5d0 \uadc0\ub97c \uae30\uc6b8\uc774\uace0 \uc788\uc2b5\ub2c8\ub2e4.\uc571\uc744 \uc774\uc6a9\ud558\uba74\uc11c \ubd88\ud3b8\ud558\uac70\ub098 \uac1c\uc120\ub418\uc5c8\uc73c\uba74 \ud558\ub294\uc810, \ub85c\ub4dc\uc0f5 \ucd94\uac00\ub97c \uc6d0\ud558\uc2dc\uba74 \ud53c\ub4dc\ubc31 \ub0a8\uaca8\uc8fc\uc138\uc694.----\uac1c\ubc1c\uc790 \uc5f0\ub77d\ucc98 :+821046962960",
  "inc": "yjteam",
  "intalled_count": "100,000",
  "last_update": [
    "April",
    "4",
    " 2018"
  ],
  "name": "\ub85c\ub4dc\uc0f5 \uc54c\ub9ac\ubbf8 (\ub85c\ub4dc\uc0f5 \uc138\uc77c\ub2ec\ub825, \uc138\uc77c\uc54c\ub9bc)",
  "offered_by": "Google Commerce Ltd",
  "permissions": {
    "Photos/Media/Files": [
      "read the contents of your USB storage",
      "modify or delete the contents of your USB storage"
    ],
    "Storage": [
      "read the contents of your USB storage",
      "modify or delete the contents of your USB storage"
    ],
    "Other": [
      "receive data from Internet",
      "view network connections",
      "full network access",
      "control vibration",
      "prevent device from sleeping"
    ]
  },
  "price": "",
  "rate": [
    [
      "1,491",
      "4.8"
    ],
    [
      "1,271",
      "5"
    ],
    [
      "184",
      "4"
    ],
    [
      "20",
      "3"
    ],
    [
      "7",
      "2"
    ],
    [
      "9",
      "1"
    ]
  ],
  "required_android": "4.4",
  "reviews": [],
  "size": "5.1",
  "url": "https://play.google.com/store/apps/details?id=kr.co.yjteam.roadshop",
  "version": "2.1.5"
}