{
  "categories": [
    "Personalization"
  ],
  "description": "Passcode Lock Screen is application to protect your smartphone through using passcode,no one can enter into your phone without correct four digit password.Also Passcode locker shows notifications about missed calls and new messages. You can simply click on the notification to call back or answer on text message.\u2605 Features:1. Show Unread SMS/Missed Call counter on screen locker2. Multiple iOS8 HD Wallpaper to choose, you can choose your own HD wallpaper from gallery too.3. Set PIN to enhance screen lock security, block HOME/MENU/BACK key,no one can access your phone without correct password.4. Slide To Unlock,can change slide text,you can put your name or your friends's name on your lock screen.5. Consume less memory and battery,simple and clean design.6. Unlock sound enable/disable,Unlock vibration enable/disable.7. Simulate iphone iOS keyboard password,work as iphone password.8. Enable/Disable vibration,Enable /Disable unlock sound.9. 12-Hour and 24-Hour format are both supported.10. Random keypad,Protect your phone better than other lock screen.",
  "inc": "HenryOsTeam",
  "intalled_count": "1,000,000",
  "last_update": [
    "October",
    "21",
    " 2017"
  ],
  "name": "Passcode Lock Screen",
  "offered_by": "Google Commerce Ltd",
  "permissions": {
    "Device & app history": [
      "retrieve running apps"
    ],
    "Contacts": [
      "read your contacts"
    ],
    "SMS": [
      "read your text messages (SMS or MMS)"
    ],
    "Phone": [
      "read call log",
      "read phone status and identity"
    ],
    "Photos/Media/Files": [
      "read the contents of your USB storage",
      "modify or delete the contents of your USB storage"
    ],
    "Storage": [
      "read the contents of your USB storage",
      "modify or delete the contents of your USB storage"
    ],
    "Wi-Fi connection information": [
      "view Wi-Fi connections"
    ],
    "Device ID & call information": [
      "read phone status and identity"
    ],
    "Other": [
      "view network connections",
      "disable your screen lock",
      "full network access",
      "run at startup",
      "draw over other apps",
      "control vibration",
      "modify system settings"
    ]
  },
  "rate": [
    [
      "72,339",
      "4.4"
    ],
    [
      "50,500",
      "5"
    ],
    [
      "10,390",
      "4"
    ],
    [
      "5,931",
      "3"
    ],
    [
      "1,905",
      "2"
    ],
    [
      "3,613",
      "1"
    ]
  ],
  "required_android": "4.0",
  "size": "4.6",
  "url": "https://play.google.com/store/apps/details?id=com.henry.app.optimizer.passcode.lockscreen",
  "version": "3.9.1"
}