{
  "categories": [
    "Health & Fitness"
  ],
  "description": "Do you want an taut body, a flat stomach and an ideal abs?Then a specially selected set of exercises is what you need!Abs Challenge is a convenient, easy and effective application that is always with you.It will allow you to spend only 15 minutes a day to have a perfect shape in a month.Anytime, anywhere - use your smartphone or Android Wear and do it without having to worry about video lessons.Exercises do not require special training and are designed for a 30 days period.",
  "inc": "Stanislav Bardyuk",
  "intalled_count": "5,000",
  "last_update": [
    "August",
    "26",
    " 2017"
  ],
  "name": "Abs Challenge",
  "offered_by": "Google Commerce Ltd",
  "permissions": {
    "Other": [
      "control vibration",
      "prevent device from sleeping"
    ]
  },
  "rate": [
    [
      "13",
      "4.0"
    ],
    [
      "9",
      "5"
    ],
    [
      "1",
      "4"
    ],
    [
      "0",
      "3"
    ],
    [
      "0",
      "2"
    ],
    [
      "3",
      "1"
    ]
  ],
  "required_android": "Varies with",
  "size": "Varies with devic",
  "url": "https://play.google.com/store/apps/details?id=com.sbardyuk.abs30",
  "version": "1.1.1"
}