{
  "categories": [
    "Tools"
  ],
  "description": "\"Network Signal Info\" provides detailed information over the currently used network with accurate signal strength output, whether WiFi (WLAN) or cellular (mobile) connection and is easy to use.Do you know ? Network Signal Info / Pro are UNIQUEThis type of software is ONLY available on Android smartphones - neither iOS nor Window Phones.Main Features:- detailed MOBILE network informations- accurate signal strength indication- detailed WiFi informations- detailed ANDROID System informations- Widgets for MOBILE- and Wi-Fi network (PRO version with six widgets)- mobile cell tower location (PRO version with much better online cell tower database)- Mobile SIGNAL TRACKER (only PRO version with KML-file export for e.g. Google Earth)- WI-FI SIGNAL record function (only PRO version)The app has two widgets, one for mobile- and one for WiFi-Signalstrength (free version), Six widgets in the PRO version,,three for mobile- and three for WiFi-Signalstrength.(If you can't find widgets, please copy the app to phone memory)I have put special value on the visualization of the WiFi and mobile signal strength. They are normally only divided in weakly, good and excellent. Graphically in the form of mostly \"only\" three to five bars on the Mobile Radio and three to five \"waves\" by a WiFi connection.In my app I differentiate the signal strength in more bars. This will give you a quick visualized and detailed information about how good the signal strength is really.In addition to the much more sophisticated graphical representation of the signal strength you will see some more interesting information.In \"Mobile Signal\":Network operators, Sim operator, phone type, network type, network strength in dbm and ASU, data state, data activity, country code of the mobile phone, device ID, IP address, roaming state ...In \"Wi-Fi signal\":Wi-Fi-Name (SSID), BSSID, MAC address, maximum Wi-Fi speed, IP address, external IP address, net capability, net channel, subnet mask, Gateway IP address, DHCP server address, DNS1 and DNS2 address. ...If you like the app, please give me a positive rating in the market.The PRO version (compared to the free version) has no ads, a NEW cell tower database with over 80 millions more entries, a NEW MOBILE SIGNAL TRACKER function that generates a KML file for use with Google Earth, more widgets, a MOBILE SIGNAL LOST SERVICE and much more.",
  "inc": "KAIBITS Software GmbH",
  "intalled_count": "1,000,000",
  "last_update": [
    "August",
    "2",
    " 2018"
  ],
  "name": "Network Signal Info",
  "offered_by": "Google Commerce Ltd",
  "permissions": {
    "Device & app history": [
      "retrieve running apps"
    ],
    "Location": [
      "approximate location (network-based)",
      "precise location (GPS and network-based)"
    ],
    "Phone": [
      "read phone status and identity"
    ],
    "Photos/Media/Files": [
      "read the contents of your USB storage",
      "modify or delete the contents of your USB storage"
    ],
    "Storage": [
      "read the contents of your USB storage",
      "modify or delete the contents of your USB storage"
    ],
    "Wi-Fi connection information": [
      "view Wi-Fi connections"
    ],
    "Device ID & call information": [
      "read phone status and identity"
    ],
    "Other": [
      "update component usage statistics",
      "receive data from Internet",
      "view network connections",
      "pair with Bluetooth devices",
      "access Bluetooth settings",
      "connect and disconnect from Wi-Fi",
      "measure app storage space",
      "full network access",
      "run at startup",
      "prevent device from sleeping",
      "modify system settings",
      "read Google service configuration"
    ]
  },
  "rate": [
    [
      "33,922",
      "4.1"
    ],
    [
      "19,066",
      "5"
    ],
    [
      "6,686",
      "4"
    ],
    [
      "3,634",
      "3"
    ],
    [
      "1,586",
      "2"
    ],
    [
      "2,950",
      "1"
    ]
  ],
  "required_android": "4.2",
  "size": "17",
  "url": "https://play.google.com/store/apps/details?id=de.android.telnet",
  "version": "4.78.02"
}