{
  "categories": [
    "Tools"
  ],
  "description": "Google VR Services provides virtual reality functionality for Daydream and Cardboard apps. This includes functions such as displaying notifications while in VR, pairing Daydream-ready headsets and controllers with your Daydream-ready phone, and entering and exiting VR apps. Daydream apps will not work if you uninstall Google VR Services. By using this app you agree to be bound by our Google Terms of Service (Google ToS, http://www.google.com/accounts/TOS) and Google\u2019s general Privacy Policy (http://www.google.com/intl/en/policies/privacy/). This app is a Service as defined in the Google ToS and the terms regarding software in our Services apply to your use of this app.",
  "inc": "Google LLC",
  "intalled_count": "50,000,000",
  "last_update": [
    "July",
    "2",
    " 2018"
  ],
  "name": "Google VR Services",
  "offered_by": "Google Commerce Ltd",
  "permissions": {
    "Location": [
      "approximate location (network-based)"
    ],
    "Photos/Media/Files": [
      "read the contents of your USB storage",
      "modify or delete the contents of your USB storage"
    ],
    "Storage": [
      "read the contents of your USB storage",
      "modify or delete the contents of your USB storage"
    ],
    "Camera": [
      "take pictures and videos"
    ],
    "Wi-Fi connection information": [
      "view Wi-Fi connections"
    ],
    "Other": [
      "view network connections",
      "pair with Bluetooth devices",
      "access Bluetooth settings",
      "connect and disconnect from Wi-Fi",
      "full network access",
      "control Near Field Communication",
      "run at startup",
      "draw over other apps",
      "control vibration",
      "prevent device from sleeping"
    ]
  },
  "rate": [
    [
      "13,128",
      "3.3"
    ],
    [
      "6,571",
      "5"
    ],
    [
      "905",
      "4"
    ],
    [
      "633",
      "3"
    ],
    [
      "311",
      "2"
    ],
    [
      "4,708",
      "1"
    ]
  ],
  "required_android": "4.4",
  "size": "Varies with devic",
  "url": "https://play.google.com/store/apps/details?id=com.google.vr.vrcore",
  "version": "1.16.201071054"
}