{
  "categories": [
    "Personalization"
  ],
  "description": "Jack Watch Face for Wear OS!!! NOT FOR SAMSUNG GEAR S2 NOR GEAR S3 !! (running Tizen OS)You can find the GEAR S2/S3 version in the Samsung Galaxy Apps Store.Search \"THEMA\"orGo to http://bit.ly/2M1ysXw\u2605 Features of Jack Watch Face- Day & Month- Watch battery- Mobile battery- Weather- Daily step count- Heartbeat frequency- Unread SMS- Unread Email from Gmail- Missed calls- Presets- Complication (wear 2.0)\u2605 Interactivity of watch face- On touch, you can now change its displayed data among the 8 data available.- On touch, you can now access to a detailed data screen for all data available.- Added \"shortcuts\" dials (translate, maps, timer, etc...)- Activate interactivity in settings.\u2605 SettingsThe whole SETTINGS of the watch face are located in the \"Wear OS\" app of your mobile.Just hit the gear icon over the watch face preview and the settings screen will show up!- Change the indicator to display- Change the shortcut to execute on the 4 positions- Choose between up to 8 indicators    + Complication (wear 2.0)- Switch between \u00e9co / simple b&w / full ambient mode- Define heartbeat frequency refresh rate- Define weather refresh rate- Weather unit- 12 / 24 hours mode- Define interactive mode duration- Choose to switch between small/big cards- Choose the ambient mode b&w and eco luminosity- Choose between 2 weather providers (Yr & OpenWeatherMap)- Choose to display a leading zero on hours- Choose to to display the interactive areas- Presets manager!! You can now:    + Save your preset with all its options (colors, backgrounds, data, features. EVERYTHING is saved!)    + Load / delete one of your previously saved preset    + Share / Import presets\u2605 InstallationThis watch face will be installed automatically from your phone paired.If it doesn't show up please go to the Wear OS App > Settings and Resync all apps.Once installed, you can select the Jack Watch Face from the Wear OS App.Or long tap on the current watch face screen: watch face selector screen will open.\u2605 More watch facesVisit my watch faces collection for Wear OS on the Play Store at https://goo.gl/CRzXbS** If you have any issues or questions, fill free to contact me by email (English or French language) before giving a bad rating. Thanks!/!\\ Your watch should be up to date, with Lolipop (Android 5.0) /!\\Website: http://www.themaapps.com/Youtube: https://youtube.com/ThomasHemetriTwitter: https://twitter.com/ThomasHemetriG+: https://plus.google.com/+ThomasHemetriInstagram: https://www.instagram.com/thema_watchfaces",
  "inc": "thema",
  "intalled_count": "5,000",
  "last_update": [
    "April",
    "14",
    " 2018"
  ],
  "name": "Jack Watch Face",
  "offered_by": "Google Commerce Ltd",
  "permissions": {
    "Wearable sensors/Activity data": [
      "body sensors (like heart rate monitors)"
    ],
    "Identity": [
      "find accounts on the device"
    ],
    "Contacts": [
      "find accounts on the device",
      "read your contacts"
    ],
    "Location": [
      "precise location (GPS and network-based)"
    ],
    "SMS": [
      "read your text messages (SMS or MMS)",
      "receive text messages (SMS)"
    ],
    "Phone": [
      "read call log"
    ],
    "Other": [
      "control vibration",
      "prevent device from sleeping",
      "view network connections",
      "full network access",
      "control vibration",
      "prevent device from sleeping"
    ]
  },
  "rate": [
    [
      "193",
      "4.4"
    ],
    [
      "128",
      "5"
    ],
    [
      "34",
      "4"
    ],
    [
      "14",
      "3"
    ],
    [
      "5",
      "2"
    ],
    [
      "12",
      "1"
    ]
  ],
  "required_android": "Varies with",
  "size": "Varies with devic",
  "url": "https://play.google.com/store/apps/details?id=fr.thema.wear.watch.jack",
  "version": "Varies with device"
}