{
  "categories": [
    "Arcade"
  ],
  "description": "Addictive minimalistic version of the classic Snake arcade game on your Android Wear device. Super simple controls, simply tap in the direction you want to go! Try to beat your own personal high score.Players can adjust the speed of the snake, just as in the original game. The controls are well customized for watches, which give a rich but simple control to both new players and old snake pros.",
  "inc": "Pontus Stjernstr\u00f6m",
  "intalled_count": "10,000",
  "last_update": [
    "May",
    "24",
    " 2018"
  ],
  "name": "Snake for Wear",
  "offered_by": "Google Commerce Ltd",
  "permissions": {
    "Other": [
      "receive data from Internet",
      "view network connections",
      "full network access",
      "prevent device from sleeping",
      "prevent device from sleeping"
    ]
  },
  "rate": [
    [
      "70",
      "3.3"
    ],
    [
      "34",
      "5"
    ],
    [
      "3",
      "4"
    ],
    [
      "6",
      "3"
    ],
    [
      "6",
      "2"
    ],
    [
      "21",
      "1"
    ]
  ],
  "required_android": "Varies with",
  "size": "Varies with devic",
  "url": "https://play.google.com/store/apps/details?id=pontus.wearsnake",
  "version": "2.3"
}