{
  "categories": [
    "Productivity"
  ],
  "description": "Let's make math fun and stylish! Add, subtract, divide, and multiply with this sassy calculator app!Combining basic calculator functions and colorful design, solving math equations will never be boring!Choose from four different themes: floral, sparkly jewels, animal prints, and gradient red. Change from one design to another by swiping the screen in any direction!Who thought math could be this fashionable?Features:\u2665 Perfect for addition, subtraction, multiplication, and division\u2665 Simple layout and chic designs\u2665 Swipe function to change themes\u2665 Four available themes: Animal Prints, Floral, Gradient Red and Sparkly Jewels\u2665 Includes basic calculator functions like percent, memory buttons, and negative/positive button",
  "inc": "Maple Media",
  "intalled_count": "1,000,000",
  "last_update": [
    "January",
    "16",
    " 2018"
  ],
  "name": "Pretty Calculator",
  "offered_by": "Google Commerce Ltd",
  "permissions": {
    "Photos/Media/Files": [
      "read the contents of your USB storage",
      "modify or delete the contents of your USB storage"
    ],
    "Storage": [
      "read the contents of your USB storage",
      "modify or delete the contents of your USB storage"
    ],
    "Wi-Fi connection information": [
      "view Wi-Fi connections"
    ],
    "Other": [
      "receive data from Internet",
      "view network connections",
      "full network access",
      "run at startup",
      "control vibration",
      "prevent device from sleeping"
    ]
  },
  "rate": [
    [
      "37,284",
      "4.4"
    ],
    [
      "26,356",
      "5"
    ],
    [
      "4,674",
      "4"
    ],
    [
      "2,384",
      "3"
    ],
    [
      "1,126",
      "2"
    ],
    [
      "2,744",
      "1"
    ]
  ],
  "required_android": "4.1",
  "size": "17",
  "url": "https://play.google.com/store/apps/details?id=com.prettypet.google.prettycalc",
  "version": "2.3.1"
}