{
  "categories": [
    "Casual"
  ],
  "description": "Rontivity is a game inspired by Material Design that looks deceptively simple but is hard to master. Lose yourself in the minimalist action by testing your reflexes and your patience. Don't let yourself get trapped in this simple game. But beware of repeatedly dying and getting frustrated. Check out the game and then prove yourself in Hard mode, Harder mode and Impossible mode to submit your best score on the international leaderboard. With the latest update there are two more game modes, Chaos and Trivial, to test your abilities.Rontivity is also available for Android Wear as it's also optimized to be played on your smartwatch.Get it now for free!The music / soundtrack is called Reformat by Kevin MacLeod (http://incompetech.com/music/royalty-free/index.html?isrc=USUAN1500020)",
  "inc": "Lazy Hero Productions",
  "intalled_count": "10,000",
  "last_update": [
    "January",
    "24",
    " 2017"
  ],
  "name": "Rontivity",
  "offered_by": "Google Commerce Ltd",
  "permissions": {
    "Other": [
      "view network connections",
      "full network access",
      "control vibration",
      "view network connections",
      "full network access",
      "control vibration",
      "prevent device from sleeping"
    ]
  },
  "rate": [
    [
      "273",
      "4.2"
    ],
    [
      "155",
      "5"
    ],
    [
      "63",
      "4"
    ],
    [
      "29",
      "3"
    ],
    [
      "9",
      "2"
    ],
    [
      "17",
      "1"
    ]
  ],
  "required_android": "Varies with",
  "size": "Varies with devic",
  "url": "https://play.google.com/store/apps/details?id=de.lhp.rontivity",
  "version": "Varies with device"
}