{
  "categories": [
    "Tools"
  ],
  "description": "Simple free weight unit conversion application that can easily convert unit of weight. Post the conversion calculation to SNS, keep history of conversion calculation. grain (gr) - milligrams (mg) / oz (oz) - troy ounces (toz) - grams (g) / pounds (lb) - kilograms (kg)",
  "inc": "oxdb.net",
  "intalled_count": "100,000",
  "last_update": [
    "May",
    "18",
    " 2018"
  ],
  "name": "weight conversion calculator",
  "offered_by": "Google Commerce Ltd",
  "permissions": {
    "Other": [
      "view network connections",
      "full network access"
    ]
  },
  "rate": [
    [
      "807",
      "4.0"
    ],
    [
      "423",
      "5"
    ],
    [
      "152",
      "4"
    ],
    [
      "97",
      "3"
    ],
    [
      "56",
      "2"
    ],
    [
      "79",
      "1"
    ]
  ],
  "required_android": "2.3",
  "size": "1.8",
  "url": "https://play.google.com/store/apps/details?id=net.oxdb.ConvertW",
  "version": "20180517"
}