{
  "categories": [
    "Lifestyle"
  ],
  "description": "The product of Solo System by NewBornTown\uff08NewBorn-Town\uff09.Lock your phone using unique style with DIY Locker! The best thing is that you can DIY lock pattern with your favorite photos. Just FREE DOWNLOAD to design your stylish lock screen and share it on Facebook.\u25a0 ContactsAny issues or suggestions, please feel free to contact us. E-mail: ztappteam@gmail.comFackbook: https://www.facebook.com/sololauncherLine : diylocker",
  "inc": "Music Apps Studio",
  "intalled_count": "1,000,000",
  "last_update": [
    "September",
    "28",
    " 2017"
  ],
  "name": "Photo Pattern Locker",
  "offered_by": "Google Commerce Ltd",
  "permissions": {
    "Device & app history": [
      "retrieve running apps",
      "read sensitive log data"
    ],
    "Identity": [
      "find accounts on the device",
      "add or remove accounts"
    ],
    "Contacts": [
      "find accounts on the device",
      "read your contacts",
      "modify your contacts"
    ],
    "Location": [
      "approximate location (network-based)",
      "precise location (GPS and network-based)"
    ],
    "SMS": [
      "read your text messages (SMS or MMS)",
      "send SMS messages"
    ],
    "Phone": [
      "directly call phone numbers",
      "reroute outgoing calls",
      "read call log",
      "read phone status and identity"
    ],
    "Photos/Media/Files": [
      "access USB storage filesystem",
      "read the contents of your USB storage",
      "modify or delete the contents of your USB storage"
    ],
    "Storage": [
      "read the contents of your USB storage",
      "modify or delete the contents of your USB storage"
    ],
    "Wi-Fi connection information": [
      "view Wi-Fi connections"
    ],
    "Device ID & call information": [
      "read phone status and identity"
    ],
    "Other": [
      "download files without notification",
      "view network connections",
      "read battery statistics",
      "expand/collapse status bar",
      "full network access",
      "run at startup",
      "draw over other apps",
      "control vibration",
      "prevent device from sleeping",
      "modify system settings",
      "install shortcuts"
    ]
  },
  "rate": [
    [
      "51,633",
      "4.5"
    ],
    [
      "37,211",
      "5"
    ],
    [
      "7,099",
      "4"
    ],
    [
      "3,494",
      "3"
    ],
    [
      "1,438",
      "2"
    ],
    [
      "2,391",
      "1"
    ]
  ],
  "required_android": "4.4",
  "size": "9.9",
  "url": "https://play.google.com/store/apps/details?id=com.lockermaster.scene.frame.patternphoto",
  "version": "1.5.7"
}