{
  "categories": [
    "Tools"
  ],
  "description": "\u2605 Hide pictures & videos to keep your privacy safe! \u2605Do you have pictures or videos that you want to keep it secret? 'Secure Gallery'(Hide pictures & videos) can hide(lock) pictures and videos for protection of your privacy using a password or pattern! Why don\u2019t you start to hide pictures and videos with 'Secure Gallery' and keep your privacy safe now?\u2714 Hide(lock) pictures and videos to keep your privacy safe\u2714 Fastest and most secure private gallery\u2714 Manage your pictures and video(new folder, move, copy, rename)\u2714 ALL FEATURES are COMPLETELY FREE\u25a0 Features\u2022 Hide(lock) pictures (Photos)\u2022 Hide(lock) videos\u2022 Support Fingerprint\u2022 User friendly UI\u2022 Un-hide pictures and videos\u2022 Manage pictures and videos more easily \u2022 Stealth mode supported (hides a launch icon)\u2022 Slide show supported\u2022 Support 3 lock type : password(number, character), pattern\u2022 Support to make new folder\u2022 Select Background of Gallery\u2022 Support Image Viewer\u2022 You can show a publish media\u2022 You can directly share hidden media in any app\u2022 And Lots of More featuresTake control of your privacy with Secure Gallery(Hide pictures & videos). It hides pictures & videos and keep them in secret places.\u25a0 Q&A1) Can't run Secure Gallery(or Secure Gallery disappears)\u00b7 if you hide Secure Gallery's Icon in options, and then Secure Gallery will disappear. To run it, please put 'Widget' of Secure Gallery in Widget List and click it.2) Media thumbnail and actual media is different\u00b7 Settings of phone \u3009Applications \u3009Stock Gallery \u3009'Clear Data' and 'Cache Delete' \u3009Rebooting phone3) Can lock Secure Gallery when running it?\u00b7 enable 'Running Lock' option in Settings, then Secure Gallery will request a password when running it.",
  "inc": "SpSoft",
  "intalled_count": "10,000,000",
  "last_update": [
    "February",
    "21",
    " 2018"
  ],
  "name": "Secure Gallery(Pic/Video Lock)",
  "offered_by": "Google Commerce Ltd",
  "permissions": {
    "Identity": [
      "find accounts on the device"
    ],
    "Contacts": [
      "find accounts on the device"
    ],
    "Phone": [
      "reroute outgoing calls",
      "read phone status and identity"
    ],
    "Photos/Media/Files": [
      "read the contents of your USB storage",
      "modify or delete the contents of your USB storage"
    ],
    "Storage": [
      "read the contents of your USB storage",
      "modify or delete the contents of your USB storage"
    ],
    "Wi-Fi connection information": [
      "view Wi-Fi connections"
    ],
    "Device ID & call information": [
      "read phone status and identity"
    ],
    "Other": [
      "view network connections",
      "full network access",
      "control vibration"
    ]
  },
  "rate": [
    [
      "139,908",
      "4.3"
    ],
    [
      "91,081",
      "5"
    ],
    [
      "25,159",
      "4"
    ],
    [
      "10,418",
      "3"
    ],
    [
      "4,290",
      "2"
    ],
    [
      "8,960",
      "1"
    ]
  ],
  "required_android": "2.3",
  "size": "2.7",
  "url": "https://play.google.com/store/apps/details?id=com.sp.smartgallery.free",
  "version": "3.4.2"
}