{
  "categories": [
    "Music & Audio"
  ],
  "description": "Pitch Pipe Wear is a virtual pitch pipe for Android Wear devices. This app provides a convenient way of playing any note in the chromatic scale using a familiar circular design. Use it to tune your instrument, find your starting pitch before singing, or for ear training.Note: Your device must have a way of playing audio to use this app. Only devices with a speaker or Bluetooth headphones are supported.",
  "inc": "Stephen Eisenhauer",
  "intalled_count": "100",
  "last_update": [
    "September",
    "21",
    " 2017"
  ],
  "name": "Pitch Pipe Wear",
  "offered_by": "Google Commerce Ltd",
  "permissions": {
    "Other": [
      "prevent device from sleeping"
    ]
  },
  "rate": [
    [
      "4",
      "5.0"
    ],
    [
      "4",
      "5"
    ],
    [
      "0",
      "4"
    ],
    [
      "0",
      "3"
    ],
    [
      "0",
      "2"
    ],
    [
      "0",
      "1"
    ]
  ],
  "required_android": "6.0",
  "size": "1.8",
  "url": "https://play.google.com/store/apps/details?id=com.stepheneisenhauer.pitchpipewear",
  "version": "1.2"
}