{
  "categories": [
    "Personalization"
  ],
  "description": "This completely customizable interactive HD Android Wear / Wear OS Watch Face, Clock Widget & Live Wallpaper brings a classic elegance to your wrist and Launcher. Features include custom complications, battery levels, weather conditions, step counter, color picker & date information. A settings app will also be installed on your mobile device to configure the watch face for any look you desire. Select any color and create a completely custom look for yourself! Don't have an Android Wear watch? No Problem! You can use the clock widget or Live Wallpaper on your launcher!\ud83d\udca1IMPORTANT - Not compatible with Samsung Smart Watches that use Tizen or smartwatches with other operating systems than Android Wear. Please also note that as this is an HD watch face, the file is a bit larger and can take up to 5 minutes to transfer to your watch. This is normal.\u2605Basic Features\u2605\u2714 Launcher Clock Widget (No second hand due to battery consumption)\u2714 Live Wallpaper\u2714 Customizable digital & or analog clock\u2714 Interactive Actions (Digital, Date)\u2714 Time zone selection\u2714 Custom date format picker\u2714 Smooth second hand\u2714 24-Hour\u2714 Burn-In protection\u2714 Square Compatible\u2605Premium Features\u2605\u2714 Animated (Watch Face only - NOT Launcher Widget)\u2714 Widget Frames\u2714 Live Wallpaper (Animated)\u2714 Custom Complications (Android Wear 2.0)\u2714 Screen Modes (Normal, Always Ambient, Always On)\u2714 Screen on Time selection\u2714 Interactive Actions (Weather, Step Counter)\u2714 Peek card size selector\u2714 Ambient modes selector\u2714 Screen on-time selector\u2714 Color picker to select any color you like for the background, clock hands, text, & numbers\u2714 Save personal color themes (long press to delete theme)\u2714 Clock numbers toggle\u2714 Watch battery status\u2714 Phone battery status (When connected to an Android Phone)\u2714 Current date\u2714 Step Counter\u2714 Weather conditions (Yahoo Weather & OpenWeatherMap) (When connected to an Android Phone)\u2605Translations\u2605\u2714 English\u2714 Chinese\u2714 Czech\u2714 Dutch\u2714 French\u2714 German\u2714 Italian\u2714 Japanese\u2714 Korean\u2714 Russian\u2714 Spanish\u2605How to install\u2605Watch Face - Once you have installed from the Play store, you may be asked to grant permissions to the app on your phone - be sure to approve all permissions. Once the app has installed on your phone, it may take 5-10 minutes to transfer over to you watch and the Android Wear app. Please be patient. Once installed, simply long press on your watch face to bring up the selection menu, or select this watchface from the Android Wear app. Use the accompanying settings app to configure the settings and optionsWidget - Depending on what launcher you are using, you can either long press on your launcher to place a widget, or select this widget from the App Drawer -> Widgets list. Customize and change the widget settings with the accompanying App.Live Wallpaper - Depending on what launcher you are using, you can either long press on your launcher to select your Wallpaper, or you can select the Live Wallpaper from the Settings AppIf you have any problems at all, please send me an email before leaving a negative review - I will do my best to fix the issue as soon as possible.\u2605Trouble Shooting\u2605http://deniteappz.com/watchface/troubleshooting.htmlStay tuned for more watch faces to come!\u2605Google+ Community\u2605https://plus.google.com/u/0/b/117849705573164164003/communities/106226068177418863967",
  "inc": "DeNitE Appz",
  "intalled_count": "100,000",
  "last_update": [
    "May",
    "14",
    " 2018"
  ],
  "name": "Daring Graphite HD WatchFace Widget Live Wallpaper",
  "offered_by": "Google Commerce Ltd",
  "permissions": {
    "Photos/Media/Files": [
      "read the contents of your USB storage",
      "modify or delete the contents of your USB storage"
    ],
    "Storage": [
      "read the contents of your USB storage",
      "modify or delete the contents of your USB storage"
    ],
    "Device & app history": [
      "read sensitive log data"
    ],
    "Location": [
      "approximate location (network-based)",
      "precise location (GPS and network-based)"
    ],
    "Other": [
      "receive data from Internet",
      "full network access",
      "control vibration",
      "prevent device from sleeping",
      "view network connections",
      "full network access",
      "run at startup",
      "set wallpaper",
      "control vibration",
      "prevent device from sleeping"
    ]
  },
  "rate": [
    [
      "2,092",
      "4.4"
    ],
    [
      "1,253",
      "5"
    ],
    [
      "573",
      "4"
    ],
    [
      "125",
      "3"
    ],
    [
      "53",
      "2"
    ],
    [
      "88",
      "1"
    ]
  ],
  "required_android": "Varies with",
  "size": "Varies with devic",
  "url": "https://play.google.com/store/apps/details?id=com.denite.watchface.daringgraphite",
  "version": "4.5.2"
}