{
  "categories": [
    "Tools"
  ],
  "description": "\u2714 Smart AppLock is an AppLocker or App Protector that will lock and protect apps using a password or pattern and fingerprint.Lock Facebook, Whatsapp, Gallery apps with password and prevent the apps from being exposed by snooper!\u2714 In addition to perfect lock, AppLock can catch intruders by taking a picture and even hide the fact that lock the app with fake error window!The most advanced AppLock! try it now!--- Main Features ---\u25b6 AppLockLock the app with a password to protect your privacy. e.g) Messenger, WeChat and any apps\u25b6 Catch IntrudersIf someone access your app then, take a picture and send to your email.\u25b6 Fingerprint Supports convenient and powerful lock with fingerprint sensor.(Samsung device or Android Marshmallow)\u25b6 Fake LockYou can even hide the fact that lock the app with fake error window.\u25b6 Notification LockBlocks the locked app's notification message in the top notification bar\u25b6 Scalable PatternScalable pattern size up to 18x18 than the existing simple 3x3 pattern.\u25b6 Smart LockLock only specific time or auto-unlock when connected to specific WiFi or Blutooth.\u25b6 Multiple PasswordYou can set a different password for each locked app.\u25b6 Remote LockLock or unlock remotely your device via SMS text.\u25b6 Home Screen LockLock the whole phone using lock screen of AppLock instead of lock screen of system.\u25b6 Screen LockPrevents the screen turns off when running certain apps.(make use of Internet, E-Book)--- App Features ---\u25b6 The first generation AppLock and verified by tens of millions of people to download the app until now.\u25b6 The app size is just about 3MB and working fast and lightly.\u25b6 AppLock provide a variety of features and detailed options than simple feature in other app.\u25b6 Supports 31 languages.--- Other features ---\u00b7 Support PIN, Pattern, Password, Guesture, Fingerprint.\u00b7 Easy to lock/unlock using widget and notification bar.\u00b7 The user can decorate the lock screen. e.g) change a background the desired photo.\u00b7 AppLock supports the ability to reset a lost password.\u00b7 You can place the buttons arranged of password randomly.\u00b7 Restrict unlock attempts to prevent others continually to attempt to unlock it.\u00b7 Supports the ability to lock Outgoing/Incoming Call.\u00b7 Supports the ability to lock WiFi, Bluetooth.\u00b7 You can auto-lock newly installed apps.\u00b7 When running certain apps that can automatically rotate the screen (or vertical fixed).\u00b7 Guard private data, privacy and keep security and app protection/safer.\u00b7 In addition, it includes more features.--- FAQ ---1) How can I prevent AppLock to be uninstalled and delete?\u00b7 Please enable 'Uninstallation Prevention' option in settings, then AppLock is never uninstalled.2) How can I prevent AppLock to be killed by Task Manager?\u00b7 Please install Helper, then, Task Manager can't kill AppLock.3) Is there a feature for forgotten passwordYes, if you set your email or security QnA, you can initialize your password when you forgot password.4) How can I hide pictures and video?If you lock Gallery app then, other user can't see your photo and video.5) Can't run(find) Smart AppLock(or AppLock disappears in App Drawer)\u00b7 if you hide Smart AppLock's Icon in options, and then AppLock will disappear. To run it, please put 'Widget' of AppLock in Widget List and click it.6) Can't uninstall Smart AppLock.\u00b7 Please disable 'Uninstallation Prevention' option in Settings before uninstalling Smart AppLock.AppLock uses the Device Administrator permission.(only used to prevent AppLock being uninstalled)AppLock uses Accessibility services.* App Name is changed from Smart App Protector.",
  "inc": "SpSoft",
  "intalled_count": "10,000,000",
  "last_update": [
    "April",
    "13",
    " 2018"
  ],
  "name": "AppLock - Fingerprint",
  "offered_by": "Google Commerce Ltd",
  "permissions": {
    "Device & app history": [
      "retrieve running apps",
      "read sensitive log data"
    ],
    "Identity": [
      "find accounts on the device"
    ],
    "Contacts": [
      "find accounts on the device"
    ],
    "SMS": [
      "receive text messages (SMS)"
    ],
    "Phone": [
      "directly call phone numbers",
      "modify phone state",
      "reroute outgoing calls",
      "read phone status and identity"
    ],
    "Photos/Media/Files": [
      "read the contents of your USB storage",
      "modify or delete the contents of your USB storage"
    ],
    "Storage": [
      "read the contents of your USB storage",
      "modify or delete the contents of your USB storage"
    ],
    "Camera": [
      "take pictures and videos"
    ],
    "Microphone": [
      "record audio"
    ],
    "Wi-Fi connection information": [
      "view Wi-Fi connections"
    ],
    "Device ID & call information": [
      "read phone status and identity"
    ],
    "Other": [
      "update component usage statistics",
      "view network connections",
      "pair with Bluetooth devices",
      "access Bluetooth settings",
      "change network connectivity",
      "connect and disconnect from Wi-Fi",
      "disable your screen lock",
      "full network access",
      "run at startup",
      "draw over other apps",
      "use accounts on the device",
      "control vibration",
      "modify system settings",
      "install shortcuts"
    ]
  },
  "rate": [
    [
      "744,684",
      "4.4"
    ],
    [
      "515,686",
      "5"
    ],
    [
      "128,980",
      "4"
    ],
    [
      "48,188",
      "3"
    ],
    [
      "18,219",
      "2"
    ],
    [
      "33,611",
      "1"
    ]
  ],
  "required_android": "2.3",
  "size": "3.5",
  "url": "https://play.google.com/store/apps/details?id=com.sp.protector.free",
  "version": "7.2.0"
}