{
  "categories": [
    "Health & Fitness"
  ],
  "description": "Il lavoro svolto da solo o in ambienti isolati espone ad un rischio molto alto: in caso di emergenza o di malessere nessuno oltre al malcapitato \u00e8 in grado di dare l'allarme.aGesic \u00e8 un sistema che consente di rilevare:- lo stato di immobilit\u00e0 dell'operatore che, se protratto, fa scattare l'allarme segnalando l\u2019emergenza ad un centro di controllo ed ai telefoni collegati.- la posizione esatta del lavoratore, per l'invio immediato dei soccorsi, riducendo cos\u00ec l\u2019aggravamento del pericolo in corso.Rispetto ai dispositivi \"uomo a terra\" presenti sul mercato, aGesic offre un livello di accuratezza pi\u00f9 elevato, minimizzando i falsi allarmi. Tali dispositivi attivano l'allerta quando l'operatore, per malore o incidente, assume la posizione orizzontale (si parla infatti di \"allarme uomo a terra\", \"allarme man down \", o \"allarme uomo morto\").Non sempre per\u00f2 un incidente comporta una caduta a terra: per questo aGesic invia un allarme quando il dispositivo rileva la mancanza di movimento.aGesic non necessita di dispositivi esterni, funzionando su due livelli: l'App sul telefono del lavoratore e il pannello di controllo che riceve gli allarmi.",
  "inc": "Arianna srl",
  "intalled_count": "100",
  "last_update": [
    "July",
    "10",
    " 2018"
  ],
  "name": "aGesic - GPS Man-Down Alarm",
  "offered_by": "Google Commerce Ltd",
  "permissions": {
    "Location": [
      "approximate location (network-based)",
      "precise location (GPS and network-based)",
      "access extra location provider commands"
    ],
    "Photos/Media/Files": [
      "read the contents of your USB storage",
      "modify or delete the contents of your USB storage"
    ],
    "Storage": [
      "read the contents of your USB storage",
      "modify or delete the contents of your USB storage"
    ],
    "Wearable sensors/Activity data": [
      "body sensors (like heart rate monitors)"
    ],
    "SMS": [
      "receive text messages (SMS)",
      "send SMS messages"
    ],
    "Phone": [
      "read phone status and identity"
    ],
    "Camera": [
      "take pictures and videos"
    ],
    "Microphone": [
      "record audio"
    ],
    "Device ID & call information": [
      "read phone status and identity"
    ],
    "Identity": [
      "find accounts on the device"
    ],
    "Contacts": [
      "find accounts on the device"
    ],
    "Other": [
      "receive data from Internet",
      "view network connections",
      "full network access",
      "run at startup",
      "prevent device from sleeping",
      "view network connections",
      "pair with Bluetooth devices",
      "access Bluetooth settings",
      "full network access",
      "run at startup",
      "prevent device from sleeping",
      "view network connections",
      "pair with Bluetooth devices",
      "access Bluetooth settings",
      "full network access",
      "use accounts on the device",
      "prevent device from sleeping",
      "view network connections",
      "pair with Bluetooth devices",
      "access Bluetooth settings",
      "full network access",
      "prevent device from sleeping"
    ]
  },
  "rate": [],
  "required_android": "Varies with",
  "size": "Varies with devic",
  "url": "https://play.google.com/store/apps/details?id=gesic.packages",
  "version": "Varies with device"
}