{
  "categories": [
    "Tools"
  ],
  "description": "Quick Torch is a simple-designed, ad-free easy to use Flashlight / Torch.The App support LG's Quick CircleFeatures:* Elegant, simple user interface.* Bright flashlight using device's LED flash.* Ability to use torch outside the app and with screen turned off.* Supports Android 4.0 and up.Big credit to the great designer Jeppe Foldager\u200f for the app icon!UPDATE: https://play.google.com/store/apps/details?id=com.yoavst.quickapps",
  "inc": "Yoav Sternberg",
  "intalled_count": "100,000",
  "last_update": [
    "December",
    "21",
    " 2014"
  ],
  "name": "Quick Torch",
  "offered_by": "Google Commerce Ltd",
  "permissions": {
    "Camera": [
      "take pictures and videos"
    ],
    "Other": [
      "draw over other apps"
    ]
  },
  "rate": [
    [
      "2,568",
      "4.4"
    ],
    [
      "1,778",
      "5"
    ],
    [
      "408",
      "4"
    ],
    [
      "154",
      "3"
    ],
    [
      "71",
      "2"
    ],
    [
      "157",
      "1"
    ]
  ],
  "required_android": "4.0",
  "size": "192",
  "url": "https://play.google.com/store/apps/details?id=com.yoavst.quicktorch",
  "version": "2.0.1"
}