{
  "categories": [
    "Tools"
  ],
  "description": "\u2605 The elegant, light and professional App Lock - Smart AppLock \u2605--  Unlock with Fingerprint (Samsung or Android 6.0 devices)  --Smart AppLock is a tool to lock apps you like, protect you from privacy leak!It is your great privacy guard and app lock!With AppLock, you are able to\u2606 Lock privacy - lock apps containing privacy content, such as photos, videos(Gallery), short messages(SMS or MMS) and call logs\u2606 Lock apps - lock SNS apps,  such as Facebook, Whatsapp, Twitter\u2606 Lock Incoming Calls\u2606 Lock system toggles - lock Wi-Fi toggle & Bluetooth toggle\u2606 Lock settings - lock system settings, install/uninstall apps to keep phone away from being messed up by others or kids\u2606 Lock markets - lock games and markets to prevent your kids from addicting in games or purchasing in markets without your knowingSpecial Features of AppLock: \u2022 Disguise your lock screen to prevent from breaking into your password\u2022 Protect apps with multiple lock types, such as Pattern Lock, PIN lock and Password Lock\u2022 With AppLock home screen widget, one click to toggle lock status\u2022 Custom lock screen style, custom lock screen background\u2022 Light, less memory usage\u2022 Advice you to lock related apps smartly, privacy has never been so safe\u2022 Beautiful UI and easy to use\u2022 No delay auto start after device reboots\u2022 Lock recent history, prevent app screenshot being leaked\u2022 Hide and encrypt pictures and videos with GalleryVault\u2022 Launch locked app within AppLock without password\u2022 Break-in Alerts: Take a photo when someone tries to enter your locked app with an invalid password\u2022 DelayLock: Once unlock any app, no password is required within a delay time\u2022 Unlock with Fingerprint, only for Samsung devices with Fingerprint scanner----------- FAQ ---------\u25ba How to prevent AppLock being uninstalled by others?Open AppLock and go to \"System Lock\" page, then enable \"Set as Device Admin\". With this feature on, password is required to uninstall or force stop Smart AppLock, your privacy is safer now.\u25ba How to uninstall AppLock?If you do not have \"Set as Device Admin\" enabled, you can uninstall AppLock like you do to any other apps.If you enabled \"Set as Device Admin\", please disable it first, then uninstall it normally.\u25ba I forgot my password, how to retrieve it?When you setup the password/pattern the first time, AppLock will ask you to setup a Password Retrieve method: \"Email Authentication\" or \"Question and Answer\".To retrieve password, try to unlock 3 times in any locking screen, then the \"Forgot?\" button will show. Tap the button to show Retrieve Password panel.- a. For Email Authentication Tap \"Request Authentication Number\" button, the Auth Number will be sent to your auth mail address. Input the Auth Number to reset Password/Pattern.- b. For Question and Answer Input the answer to the question you setup before.\u25ba Dose Smart AppLock support iOS platform?Yes, we have an iOS version \"iAppLock\" for iOS users, you can visit http://iapplock.thinkyeah.com to get the download or search \"iapplock\" in Cydia to install.(requires Jailbreaked iOS)----Any issue or suggest for AppLock, welcome to send mail to us! SmartAppLock@thinkyeah.comWe focus on Privacy Protect, provide the professional AppLock to protect your privacy!website: http://www.thinkyeah.comGoogle+ : https://plus.google.com/105614151477767438997Facebook: http://www.facebook.com/smartapplockTwitter: https://twitter.com/thinkyeahappSupported languages: English, Russian, Spanish, Turkish, German, Portuguese, French, Japanese, Korean, Polish, Simplified Chinese, Traditional Chinese.",
  "inc": "ThinkYeah Mobile (AppLock & GalleryVault)",
  "intalled_count": "10,000,000",
  "last_update": [
    "May",
    "31",
    " 2018"
  ],
  "name": "Smart AppLock  (App Protect)",
  "offered_by": "Google Commerce Ltd",
  "permissions": {
    "Device & app history": [
      "retrieve running apps",
      "read sensitive log data"
    ],
    "Identity": [
      "find accounts on the device"
    ],
    "Contacts": [
      "find accounts on the device"
    ],
    "Phone": [
      "read phone status and identity"
    ],
    "Photos/Media/Files": [
      "read the contents of your USB storage",
      "modify or delete the contents of your USB storage"
    ],
    "Storage": [
      "read the contents of your USB storage",
      "modify or delete the contents of your USB storage"
    ],
    "Camera": [
      "take pictures and videos"
    ],
    "Wi-Fi connection information": [
      "view Wi-Fi connections"
    ],
    "Device ID & call information": [
      "read phone status and identity"
    ],
    "Other": [
      "update component usage statistics",
      "read Home settings and shortcuts",
      "receive data from Internet",
      "view network connections",
      "pair with Bluetooth devices",
      "access Bluetooth settings",
      "change network connectivity",
      "connect and disconnect from Wi-Fi",
      "full network access",
      "run at startup",
      "draw over other apps",
      "control vibration",
      "prevent device from sleeping",
      "install shortcuts",
      "Google Play license check",
      "view network connections",
      "pair with Bluetooth devices",
      "access Bluetooth settings",
      "change network connectivity",
      "connect and disconnect from Wi-Fi",
      "full network access",
      "run at startup",
      "draw over other apps",
      "control vibration",
      "install shortcuts",
      "Google Play license check",
      "view network connections",
      "full network access",
      "run at startup",
      "control vibration",
      "install shortcuts"
    ]
  },
  "rate": [
    [
      "137,502",
      "4.4"
    ],
    [
      "92,369",
      "5"
    ],
    [
      "22,806",
      "4"
    ],
    [
      "10,081",
      "3"
    ],
    [
      "4,266",
      "2"
    ],
    [
      "7,980",
      "1"
    ]
  ],
  "required_android": "Varies with",
  "size": "Varies with devic",
  "url": "https://play.google.com/store/apps/details?id=com.thinkyeah.smartlockfree",
  "version": "Varies with device"
}