{
  "categories": [
    "Personalization"
  ],
  "description": "\u2605\u2605\u2605 Interactive Watch Face!  for Android Wear 5  \u2605\u2605\u2605  \u2605\u2605\u2605 New tap features (Only for Android Wear 1.3!):  \u2605\u2605\u2605 \u2714 Tap on every indicator\u2714 Stopwatch\u2714 Read unread messages and missed calls\u2714 Shortcut to Google Maps\u2714 Shortcut to Google Keep\u2714 Shortcut to Alarm \u2605\u2605\u2605 Features: \u2605\u2605\u2605 \u2714 Background textures (plastic, metal, carbon, leather, wood) \u2714 3 watch hands\u2714 3 weather providers\u2714 Animation\u2714 Custom colors\u2714 Missed calls\u2714 Unread messages\u2714 Hour, Date, Month\u2714 Compass (Note! The compass sensor is disabled by default)\u2714 Weather\u2714 Daily step counter\u2714 Watch and phone battery indicator\u2714 24 hour indicator\u2714 Digital watch battery indicator\u2714 Analog watch battery indicator\u2714 Digital phone battery indicator\u2714 Analog phone battery indicator\u2714 Missed calls and unread messages in one indicator \u2605\u2605\u2605 Configuration:  \u2605\u2605\u2605 \u2714 Choose colors\u2714 NEW! Screen time configuration\u2714 Change hour format\u2714 Choose between all 10 indicators\u2714 NEW in configuration: change information in 3 positions\u2714 Enable/disable compass\u2714 Enable/disable smooth seconds (reduces battery life)\u2714 Weather update time\u2714 Simple and full ambient mode \u2605\u2605\u2605 Tip \u2605\u2605\u2605 \u2714 Sometimes you need to wait longer for transfer to watch\u2714 If the watch face is not shown on your watch after few minutes, to try re-sync or follow these steps:1. Disconnect devices (watch and phone)2. Uninstall the watch face3. Restart watch and connect device again4. Then finally install the watch face\u2605\u2605\u2605 NOTE: Compass won't work on Moto 2 gen due to lack of a magnetic sensor. \u2605\u2605\u2605 \u2605\u2605\u2605 Compass calibration: \u2605\u2605\u2605 \u2714 Move the watch slowly, 5 seconds per full rotation is ok\u2714 Rotate the watch three full cycles around the axis pointing upward\u2714 Rotate the watch  three full cycles around the axis pointing away from you\u2714 Rotate the watch three full cycles around the axis pointing right\u2714 The direction of rotation doesn't matter \u2605\u2605\u2605 To install: \u2605\u2605\u2605 1. After install run 'Resync app' on Android Wear App.2. Long press your android wear watch and choose RichFace Dynamic as you watch faceBest look and feel on round watches",
  "inc": "RichFace",
  "intalled_count": "10,000",
  "last_update": [
    "May",
    "10",
    " 2017"
  ],
  "name": "Dynamic Watch Face",
  "offered_by": "Google Commerce Ltd",
  "permissions": {
    "Contacts": [
      "read your contacts"
    ],
    "Location": [
      "approximate location (network-based)",
      "precise location (GPS and network-based)"
    ],
    "SMS": [
      "read your text messages (SMS or MMS)"
    ],
    "Phone": [
      "read call log",
      "read phone status and identity"
    ],
    "Device ID & call information": [
      "read phone status and identity"
    ],
    "Other": [
      "receive data from Internet",
      "view network connections",
      "full network access",
      "prevent device from sleeping"
    ]
  },
  "rate": [
    [
      "716",
      "4.1"
    ],
    [
      "339",
      "5"
    ],
    [
      "208",
      "4"
    ],
    [
      "93",
      "3"
    ],
    [
      "40",
      "2"
    ],
    [
      "36",
      "1"
    ]
  ],
  "required_android": "Varies with",
  "size": "Varies with devic",
  "url": "https://play.google.com/store/apps/details?id=com.watch.richface.dynamic",
  "version": "Varies with device"
}