{
  "categories": [
    "Weather"
  ],
  "description": "Dot matrix LED Style Watch face which displays local weather information including Wind Speed & Direction, Temperature, Sunrise and Sunset time, Pressure and Humidity together with current time and date, Phone Battery and Watch Battery.Weather information supplied under license by OpenWeatherMap. Includes localisations for French, Spanish, German, Polish, Italian and Portuguese.Requires an Android Wear device.  Before leaving any negative feedback, please email support@wearabledesigns.co.uk and we will be able to assist you.Version (3.0.3) removed the Settings from the phone and moves them to the Watch directly.  Settings can now be accessed via the Gear icon under the watch face in the Watch face selector.",
  "inc": "Wearable Designs",
  "intalled_count": "10,000",
  "last_update": [
    "February",
    "22",
    " 2018"
  ],
  "name": "LED Watch face with Weather",
  "offered_by": "Google Commerce Ltd",
  "permissions": {
    "Location": [
      "approximate location (network-based)",
      "precise location (GPS and network-based)"
    ],
    "Wearable sensors/Activity data": [
      "body sensors (like heart rate monitors)"
    ],
    "Other": [
      "view network connections",
      "full network access",
      "control vibration",
      "prevent device from sleeping"
    ]
  },
  "rate": [
    [
      "1,178",
      "4.3"
    ],
    [
      "698",
      "5"
    ],
    [
      "292",
      "4"
    ],
    [
      "84",
      "3"
    ],
    [
      "41",
      "2"
    ],
    [
      "63",
      "1"
    ]
  ],
  "required_android": "Varies with",
  "size": "Varies with devic",
  "url": "https://play.google.com/store/apps/details?id=uk.co.wearabledesigns.ledwithweather",
  "version": "Varies with device"
}