{
  "categories": [
    "Tools"
  ],
  "description": "Samsung Voice Recorder is designed to provide you an easy and wonderful recording experience with high quality sound, while also offering playback and editing capabilities. For your everyday needs, we developed a \u201cVoice Memo\u201d recording mode so that you can convert your voice to text (Speech to text). Available recording modes are: [STANDARD] It provides pleasantly simple recording interface. [INTERVIEW] Two microphones located on the top and bottom of your device will be activated to capture you and your interviewer (or interviewee)'s voices, it also displays dual waveform accordingly.[VOICE MEMO] Records your voice and then convert it to on-screen text, so called STT.Before starting the record, you may configure\u25a1 Directory path (If external SD-card is available)During recording, \u25a1 You can reject incoming calls while recording.\u25a1 BOOKMARK the points you want to mark.\u25a1 Background recording is also supported by simply pressing HOME button. Once saved, these actions below can be performed:\u25a1 Both mini player and full player can be launched from Recordings LIST. * Built-in sound player supports media controls such as Skip muted, play speed and Repeat mode.\u25a1 Edit: Rename and Delete\u25a1 Share your recordings with your friends via Email, Messages, OneDrive, WhatsApp, etc.* Not Support S5, Note4 Android-M** Available recording mode depends on Device Model*** This is Samsung Device's Preloaded Application which is pre-installed app.The following permissions are required for the app service. For optional permissions, the default functionality of the service is turned on, but not allowed.  Required permissions  . Microphone: Used for recording function  . Storage: Used to save recorded files  Optional permissions  . Telephone: Used to decline calls received while recording and provide Voice Label function",
  "inc": "Samsung Electronics Co.,  Ltd.",
  "intalled_count": "100,000,000",
  "last_update": [
    "August",
    "1",
    " 2018"
  ],
  "name": "Samsung Voice Recorder",
  "offered_by": "Google Commerce Ltd",
  "permissions": {
    "Phone": [
      "directly call phone numbers",
      "read phone status and identity"
    ],
    "Photos/Media/Files": [
      "read the contents of your USB storage",
      "modify or delete the contents of your USB storage"
    ],
    "Storage": [
      "read the contents of your USB storage",
      "modify or delete the contents of your USB storage"
    ],
    "Microphone": [
      "record audio"
    ],
    "Device ID & call information": [
      "read phone status and identity"
    ],
    "Other": [
      "interact across users",
      "full license to interact across users",
      "display unauthorized windows",
      "manage activity stacks",
      "manage users",
      "control media playback and metadata access",
      "disable or modify status bar",
      "status bar",
      "modify/delete internal media storage contents",
      "modify secure system settings",
      "view network connections",
      "pair with Bluetooth devices",
      "expand/collapse status bar",
      "full network access",
      "change your audio settings",
      "control Near Field Communication",
      "draw over other apps",
      "control vibration",
      "prevent device from sleeping",
      "modify system settings"
    ]
  },
  "rate": [
    [
      "48,452",
      "4.3"
    ],
    [
      "32,904",
      "5"
    ],
    [
      "6,171",
      "4"
    ],
    [
      "3,432",
      "3"
    ],
    [
      "1,206",
      "2"
    ],
    [
      "4,739",
      "1"
    ]
  ],
  "required_android": "6.0",
  "size": "Varies with devic",
  "url": "https://play.google.com/store/apps/details?id=com.sec.android.app.voicenote",
  "version": "Varies with device"
}