{
  "categories": [
    "Productivity"
  ],
  "description": "RealCalc Scientific Calculator is Android's most popular scientific calculator. It has over 20 million downloads and more than 100,000 5* reviews.RealCalc is designed to look and operate exactly like a real hand-held calculator. It has all the standard scientific functions plus history, memories, unit conversions and constants. You can choose from a number of display styles and formats. It also supports binary, octal and hexadecimal calculations and has an optional RPN mode. RealCalc is easy to use, but has full help included in the app.If you like RealCalc, the pro version RealCalc Plus has lots of extra features including fractions, degrees/minutes/seconds, customizable conversions and constants, landscape mode, a home-screen widget, a 12-digit display and greater internal precision. Purchasing RealCalc Plus will also help to support further development. Just search for RealCalc Plus or follow the upgrade link in the app.RealCalc Scientific Calculator includes the following features:* Traditional algebraic or RPN operation* Unit conversions* Physical constants table* Percentages* Result history* 10 memories* Binary, octal, and hexadecimal (can be enabled in Settings)* Trig functions in degrees, radians or grads* Scientific, engineering and fixed-point display modes* 7-segment, dot-matrix or standard font display* Configurable digit grouping and decimal point* External keyboard support* Full built-in helpRealCalc Plus contains all these features, plus:* Fraction calculations and conversion to/from decimal* Degrees/minutes/seconds calculations and conversion* Landscape mode* Homescreen widget (now with RPN support)* 12-digit display* Extended internal precision (32-digit)* User-customizable unit conversions and constants* New RPN styles (buffered-entry, XYZT rolling stack)* Samsung multi-window support with drag & drop.",
  "inc": "Quartic Software",
  "intalled_count": "10,000,000",
  "last_update": [
    "October",
    "16",
    " 2015"
  ],
  "name": "RealCalc Scientific Calculator",
  "offered_by": "Google Commerce Ltd",
  "permissions": {
    "Other": [
      "control vibration"
    ]
  },
  "rate": [
    [
      "185,985",
      "4.5"
    ],
    [
      "130,113",
      "5"
    ],
    [
      "32,611",
      "4"
    ],
    [
      "11,013",
      "3"
    ],
    [
      "4,585",
      "2"
    ],
    [
      "7,663",
      "1"
    ]
  ],
  "required_android": "1.5",
  "size": "589",
  "url": "https://play.google.com/store/apps/details?id=uk.co.nickfines.RealCalc",
  "version": "2.3.1"
}