{
  "categories": [
    "Lifestyle"
  ],
  "description": "TAG Heuer Connected makes every moment of your day exceptional. Pioneering technology meets decades of Swiss watchmaking craft, to create a watch that transforms time. Combine your TAG Heuer Connected watch with this app and realise its full potential. Browse your curated collection of authentic TAG Heuer watch faces. Become a master watchmaker and craft your own custom watch face \u2013 down to the finest details \u2013 in the TAG Heuer Studio. Upload a photo to create a watch face that keeps those special memories close. TAG Heuer Connected is not just a watch \u2013 it is every watch \u2013 for every occasion.------If you\u2019re a customer of the first TAG Heuer Connected, you may notice that our partners\u2019 themed watch faces (Golfshot, ViewRanger, RaceChrono, Formula E etc) are no longer available. You\u2019ll soon receive a major Android Wear update, which will open up a whole new collection of watch faces. As well as some new themes from our exclusive partnerships, you\u2019ll also have access to a new interactive theme \u2013 a classic TAG Heuer watch face that you can transform with live data from your favourite applications. Or for a truly custom design, you will be able to create your own watch face through the TAG Heuer Studio.",
  "inc": "TAG Heuer",
  "intalled_count": "100,000",
  "last_update": [
    "June",
    "7",
    " 2018"
  ],
  "name": "Connected",
  "offered_by": "Google Commerce Ltd",
  "permissions": {
    "Location": [
      "precise location (GPS and network-based)"
    ],
    "Phone": [
      "read phone status and identity"
    ],
    "Photos/Media/Files": [
      "read the contents of your USB storage",
      "modify or delete the contents of your USB storage"
    ],
    "Storage": [
      "read the contents of your USB storage",
      "modify or delete the contents of your USB storage"
    ],
    "Device ID & call information": [
      "read phone status and identity"
    ],
    "Identity": [
      "find accounts on the device"
    ],
    "Contacts": [
      "find accounts on the device"
    ],
    "Other": [
      "enable or disable app components",
      "view network connections",
      "pair with Bluetooth devices",
      "access Bluetooth settings",
      "full network access",
      "run at startup",
      "prevent device from sleeping",
      "view network connections",
      "full network access",
      "run at startup",
      "use accounts on the device",
      "prevent device from sleeping"
    ]
  },
  "rate": [
    [
      "1,317",
      "4.0"
    ],
    [
      "741",
      "5"
    ],
    [
      "215",
      "4"
    ],
    [
      "114",
      "3"
    ],
    [
      "60",
      "2"
    ],
    [
      "187",
      "1"
    ]
  ],
  "required_android": "Varies with",
  "size": "Varies with devic",
  "url": "https://play.google.com/store/apps/details?id=com.tagheuer.wear",
  "version": "2.1.8"
}