{
  "categories": [
    "Personalization"
  ],
  "description": "Why keep buying watchfaces? Join millions who paid once to unlock WatchMaker Premium and gained access to 40,000+ stunning watchfaces! With tons more watches added every day!!One purchase! One low price and over 40,000 watchfaces!WatchMaker is the largest watchface collection and community in the world for Wear OS by Google (was Android Wear) & Tizen. Instantly get everything you need to customize & personalize your Android Watch or Gear S2/S3!WATCHMAKER NOW SUPPORTS GEAR S2 & S3 DEVICESSearch for WatchMaker in the Samsung Gear app* (available on Google Play)Features exclusive to WatchMaker :\u2022 40,000+ high quality watch faces instantly available from our G+ page http://goo.gl/x2V0El\u2022 Select a color to suit your mood!\u2022 Create your own faces with the most powerful design tools available!\u2022 Animated GIFs - Add custom animations to your watch face!\u2022 3d Gyroscope - Create an amazing parallax effect!\u2022 Battery Protector - Automatically limit watches with high brightness to protect battery!\u2022 Interactive Clock - Create hotspots to launch watch or phone apps!\u2022 Animations - Create bright / dim / tap animations with 45 tweening functions!\u2022 Calendar - Choose which calendars to show!\u2022 Weather / Moon Icons - Add in 1-click!\u2022 Countdowns - Days until your birthday, Christmas, etc!\u2022 Cool Text Effects - Add glow, outline, even flat shadow!\u2022 1-Click Widgets - Including battery (watch/phone) + WiFi widgets!\u2022 OpenGL Shaders - Powerful rendering for watch segments, radars\u2022 Free Watch Faces - 10,000+ watchfaces from our huge G+ community! http://goo.gl/x2V0El\u2022 Tasker - Full tasker integration to set watchface, change variables, run tasks\u2022 Compass - Add rotating compass or bearing\u2022 Stopwatch - Why design a watch when you can build a stopwatch?!\u2022 Multiple Time Zone - Set up to 3 custom time zones\u2022 Series of hours / minutes Zooper style!\u2022 Heart rate and step counter for fitness\u2022 Programmable Watches use our inbuilt LUA engine to make calculator, stopwatches, countdowns, anything your like!\u2022 Complications - Step counter / Pedometer / Calendar + many more!Also features :\u2022 Very low battery usage!\u2022 100s of new watches each week!\u2022 Weather Data\u2022 Supports round and square faces\u2022 Selection of analog and digital clocks!\u2022 Get data from all phone sensors, accelerometer, etc.\u2022 Compatible with all Wear OS watches (was Android Wear)Pricing\u2022 You get 10 watches, 12 fonts, 15 backgrounds and the watch designer for free!\u2022 Premium is $3.99: 200 featured watches each week and exclusive access to 40,000+ faces from our G+ community, facerepo.com, watchawear.com - also lets you use your own images in watchfaces!Supported watches :\u2022 All Wear OS by Google (was Android Wear)\u2022 Apple Watch\u2022 ASUS ZenWatch (1/2/3)\u2022 Casio Smart Outdoor/Pro Trek\u2022 Diesel On Full Guard\u2022 Elephone Ele\u2022 Emporio Armani EA\u2022 Fossil Q Explorist/Founder/Marshal/Venture/Wander\u2022 Guess Connect\u2022 Huawei Watch (1/2)\u2022 Hugo Boss Touch\u2022 LG G Watch\u2022 LG G Watch R\u2022 LG Watch Sport\u2022 LG Watch Style\u2022 LG Watch Urbane (1/2)\u2022 Louis Vuitton Tambour Horizon\u2022 Michael Kors Access\u2022 Misfit Vapor\u2022 Montblanc Summit\u2022 Motorola 360 (1/2/womens/sport)\u2022 Movado Connect\u2022 New Balance RunIQ\u2022 Nixon Mission\u2022 Polar M600\u2022 Samsung Gear S2 / S3\u2022 Samsung Gear Live\u2022 Samsung Gear Sport\u2022 Sony Smartwatch 3\u2022 TAG Heuer Connected\u2022 Ticwatch2/S/E\u2022 Tommy Hilfiger TH24/7\u2022 Verizon Wear24\u2022 ZTE Quartz\u2022 Many more - please try free watch faces app to check compatibility!Join our Google+ / Reddit community and get free watch faces :GOOGLE+: http://goo.gl/x2V0ElREDDIT: http://goo.gl/0b6up9WIKI: http://goo.gl/Fc9Pz8LUA CODING: http://goo.gl/yn25dB* Separate charge of $2.99 for Samsung Gear WatchMaker companion app",
  "inc": "androidslide",
  "intalled_count": "1,000,000",
  "last_update": [
    "July",
    "6",
    " 2018"
  ],
  "name": "WatchMaker Watch Faces",
  "offered_by": "Google Commerce Ltd",
  "permissions": {
    "Photos/Media/Files": [
      "read the contents of your USB storage",
      "modify or delete the contents of your USB storage"
    ],
    "Storage": [
      "read the contents of your USB storage",
      "modify or delete the contents of your USB storage"
    ],
    "Wi-Fi connection information": [
      "view Wi-Fi connections"
    ],
    "Wearable sensors/Activity data": [
      "body sensors (like heart rate monitors)"
    ],
    "Calendar": [
      "read calendar events plus confidential information"
    ],
    "Location": [
      "approximate location (network-based)",
      "precise location (GPS and network-based)"
    ],
    "Other": [
      "receive data from Internet",
      "view network connections",
      "connect and disconnect from Wi-Fi",
      "full network access",
      "control vibration",
      "prevent device from sleeping"
    ]
  },
  "rate": [
    [
      "32,916",
      "4.2"
    ],
    [
      "20,224",
      "5"
    ],
    [
      "6,438",
      "4"
    ],
    [
      "2,017",
      "3"
    ],
    [
      "1,081",
      "2"
    ],
    [
      "3,156",
      "1"
    ]
  ],
  "required_android": "Varies with",
  "size": "Varies with devic",
  "url": "https://play.google.com/store/apps/details?id=slide.watchFrenzy",
  "version": "5.1.8"
}