{
  "categories": [
    "Tools"
  ],
  "description": "Are you looking for an efficient and easy-to-use calculator?Do you want to solve both simple and complex problems?Try Calculator++, a multipurpose calculator app with slick and intuitive user interface!\u2605 Save your time! \u2022 Access additional features from the main screen of the app using gestures. For example, to use \u00ab%\u00bb slide button \u00ab/\u00bb up \u2022 You don't need to press \u00ab=\u00bb anymore - result is calculated automatically \u2022 Copy/paste with a single button press \u2022 App supports both portrait and landscape screen orientations\u2605 Personalize! \u2022 C++ has two layouts: standard and engineer. Choose one which suits you best either from the initial wizard or from the application settings \u2022 Set theme you like \u2022 Add home screen widget\u2605 Do calculations without switching between the apps!Calculator++ can work in a separate window floating over other applications on your phone\u2605 Calculate percentages, square roots, powers, trigonometric functions!Calculator has a big variety of built-in functions and supports adding new user-defined functions\u2605 Plot 2D and 3D graphs!Several functions can be plotted simultaneously\u2605 Use powerful mathematical capabilities of the app: \u2022 Do calculations with variables and constants \u2022 Use built-in functions or add your own \u2022 Integrate and differentiate \u2022 Do calculations with fractions and simplify expressions \u2022 Do calculations with complex numbersThe app supports devices with Android version 2.2 and higher and is open source. The app contains adverts which are shown on the secondary screens. To remove them please purchase a special option from the application settings.Calculator++ on Facebook: http://facebook.com/calculatorppCalculator++ on Vkontakte: http://vk.com/calculatorpp",
  "inc": "Sergey Solovyev",
  "intalled_count": "1,000,000",
  "last_update": [
    "May",
    "12",
    " 2018"
  ],
  "name": "Calculator ++",
  "offered_by": "Google Commerce Ltd",
  "permissions": {
    "Other": [
      "view network connections",
      "full network access",
      "draw over other apps",
      "control vibration",
      "prevent device from sleeping"
    ]
  },
  "rate": [
    [
      "33,499",
      "4.6"
    ],
    [
      "25,639",
      "5"
    ],
    [
      "4,352",
      "4"
    ],
    [
      "1,539",
      "3"
    ],
    [
      "708",
      "2"
    ],
    [
      "1,261",
      "1"
    ]
  ],
  "required_android": "4.4",
  "size": "3.6",
  "url": "https://play.google.com/store/apps/details?id=org.solovyev.android.calculator",
  "version": "2.2.7"
}