{
  "categories": [
    "Personalization"
  ],
  "description": "Info Watch Face is fully compatible with Android Wear 2.0 and is compatible with all Android Wear watches\u2605 Android Wear 2.0 integrated features\u2022\u2003external complication support\u2022\u2003fully standalone\u2022\u2003iPhone compatibleInfo Watch Face with the ability to set 7 indicators with predefined views, actions or watch app shortcut. Info Watch Face is built for using every day, it simplified many use cases such as launching programs, setting brightness and listening music.The application is absolutely free and it has core options, but you can purchase the PREMIUM version with a lot of features and options.FREE version includes:\u2605 Own launcher\u2605 Own remote music control\u2605 Ability to change screen brightness from launcher\u2605 Weather forecast for current day\u2605 Detailed information of watch battery and phone battery\u2605 Google Fit data for current dayPREMIUM version includes:\u2605 All features from FREE version\u2605 Set 7 indicators with predefined views, actions or watch app shortcut\u2605 More than 15 language translations\u2605 Watch battery history chart\u2605 Endless accent colors\u2605 Weather forecast for upcoming hours and days\u2605 Detailed Google Fit data for current day and last 7 days\u2605 Choosing from four battery indicator types\u2605 Choosing from three Google Fit indicator types\u2605 Ability to change Keep watches screen awake interval\u2605 Ability to change Weather update interval\u2605 Ability to change Weather providerThe configuration in the application also contains:\u2605 Time and date format according to phone settings (12/24)\u2605 Enable touch feedback\u2605 Ability to change temperature units\u2605 Ability to change wind speed units\u2605 Information about last weather updateCommon synchronization problem solution:If the Application does not appear on your watch please do the following:- uninstall the face application from the phone- disconnect watch from phone- restart watch- connect watch and phone again- install Info Watch Face once again",
  "inc": "HuskyDev",
  "intalled_count": "50,000",
  "last_update": [
    "May",
    "3",
    " 2018"
  ],
  "name": "Info Watch Face",
  "offered_by": "Google Commerce Ltd",
  "permissions": {
    "Location": [
      "approximate location (network-based)",
      "precise location (GPS and network-based)"
    ],
    "Wi-Fi connection information": [
      "view Wi-Fi connections"
    ],
    "Other": [
      "receive data from Internet",
      "view network connections",
      "full network access",
      "control vibration",
      "prevent device from sleeping",
      "modify system settings",
      "view network connections",
      "connect and disconnect from Wi-Fi",
      "full network access",
      "control vibration",
      "prevent device from sleeping",
      "modify system settings"
    ]
  },
  "rate": [
    [
      "280",
      "4.3"
    ],
    [
      "175",
      "5"
    ],
    [
      "54",
      "4"
    ],
    [
      "24",
      "3"
    ],
    [
      "7",
      "2"
    ],
    [
      "20",
      "1"
    ]
  ],
  "required_android": "Varies with",
  "size": "Varies with devic",
  "url": "https://play.google.com/store/apps/details?id=huskydev.android.watchface.info",
  "version": "1.22"
}