{
  "categories": [
    "Personalization"
  ],
  "description": "DOS Watch FaceVery simple watch face for your smartwatch with interesting DOS-like UI. - watch face supports round and square watches - watch face supports ambient mode. - in watch face settings you can change to 24-hour format, show month, etc. - in watch face settings you can change the theme - in watch face settings you can change the prefix - tap on the screen will show you battery level",
  "inc": "RADEFFFACTORY",
  "intalled_count": "5,000",
  "last_update": [
    "October",
    "26",
    " 2017"
  ],
  "name": "DosFace Watch Face",
  "offered_by": "Google Commerce Ltd",
  "permissions": {
    "Other": [
      "prevent device from sleeping"
    ]
  },
  "rate": [
    [
      "144",
      "4.3"
    ],
    [
      "92",
      "5"
    ],
    [
      "29",
      "4"
    ],
    [
      "6",
      "3"
    ],
    [
      "4",
      "2"
    ],
    [
      "13",
      "1"
    ]
  ],
  "required_android": "Varies with",
  "size": "Varies with devic",
  "url": "https://play.google.com/store/apps/details?id=com.radefffactory.dosface",
  "version": "6.0"
}