{
  "categories": [
    "Weather"
  ],
  "description": "Check the weather in your desired city. Use this app to get detailed current weather information as well as hourly and daily forecasts. This app can also be used as a standalone app on your Wear OS (Android Wear) smartwatch.Features:- Current weather, hourly and daily forecasts- Detailed information such as wind speed, wind direction, humidity, sun rise and sun set- Animations for weather conditions- Expandable detailed hourly and daily forecasts- Watch Face Complications to show automatically updated current weather for Android Wear 2.0 users- Stay notified of the weather with daily notifications on your wrist- Stay alerted to extreme conditions such as thunderstorms- Multiple cities can be added to be monitored- Choose metric or imperial unitsFull version features: - Add more than one city- Customizable units- Customizable notificationsThe Android Wear Weather app is compatible with all Wear OS (Android Wear) smart watches.e.g.- Sony SmartWatch 3- Motorola Moto 360- Fossil Q (Explorist, Marshal, Founder, Venture, Wander, ...)- Ticwatch (E, S)- Michael Kors (Bradshaw, Sophie, ...)- Huawei Watch (2, Leo-BX9, Leo-DLXX, ...)- LG Watch (Urbane, Sport, R, Style, \u2026)- ASUS ZenWatch (1, 2, 3)- Samsung Gear Live- TAG Heuer...and many moreIf your watch is not listed, please check if your Smartwatch runs Wear OS (former Android Wear).",
  "inc": "appfour",
  "intalled_count": "50,000",
  "last_update": [
    "April",
    "3",
    " 2018"
  ],
  "name": "Weather for Wear OS (Android Wear)",
  "offered_by": "Google Commerce Ltd",
  "permissions": {
    "Identity": [
      "find accounts on the device"
    ],
    "Contacts": [
      "find accounts on the device"
    ],
    "Location": [
      "approximate location (network-based)",
      "precise location (GPS and network-based)"
    ],
    "Wi-Fi connection information": [
      "view Wi-Fi connections"
    ],
    "Other": [
      "receive data from Internet",
      "view network connections",
      "full network access",
      "control vibration",
      "prevent device from sleeping"
    ]
  },
  "rate": [
    [
      "136",
      "3.3"
    ],
    [
      "51",
      "5"
    ],
    [
      "17",
      "4"
    ],
    [
      "21",
      "3"
    ],
    [
      "15",
      "2"
    ],
    [
      "32",
      "1"
    ]
  ],
  "required_android": "Varies with",
  "size": "Varies with devic",
  "url": "https://play.google.com/store/apps/details?id=com.appfour.wearweather",
  "version": "1.0.180403"
}