{
  "categories": [
    "Tools"
  ],
  "description": "Internet Speed Meter Lite displays your internet speed in status bar and shows the amount of data used in notification pane. This helps you to monitor network connection anytime while using your device.The app is completely Ad-Free.Lite Features- Real time speed update in status bar and notification.- Daily traffic usage in notification.- Separate stats for Mobile network and WiFi network.- Monitors your traffic data for the last 30 days.- Battery efficientPro FeaturesNotification DialogA notification dialog appears when you tap the notification having - Graph to monitor last minute internet activity - Time and usage of current session - Today's app usage for mobile and wifi - Realtime speed of running applicationsSmarter notificationsNotification appears only when you are connected to internet. You can change priority of notification. You can also hide the notification when connection is idle for specified amount of time.Themes supportYou can manually select the color of user interface.Blue status bar iconOption to choose between blue or white status bar icon. (only for KitKat and below versions of Android)Upload and Download SpeedOption to show upload and download speed in separate notifications.Warning: Do not move this app to SD card. It will stop (Force close) when you remove the card.",
  "inc": "DynamicApps",
  "intalled_count": "10,000,000",
  "last_update": [
    "September",
    "5",
    " 2016"
  ],
  "name": "Internet Speed Meter Lite",
  "offered_by": "Google Commerce Ltd",
  "permissions": {
    "Wi-Fi connection information": [
      "view Wi-Fi connections"
    ],
    "Other": [
      "view network connections",
      "run at startup"
    ]
  },
  "rate": [
    [
      "409,277",
      "4.5"
    ],
    [
      "297,124",
      "5"
    ],
    [
      "61,849",
      "4"
    ],
    [
      "26,231",
      "3"
    ],
    [
      "8,846",
      "2"
    ],
    [
      "15,227",
      "1"
    ]
  ],
  "required_android": "Varies with",
  "size": "Varies with devic",
  "url": "https://play.google.com/store/apps/details?id=com.internet.speed.meter.lite",
  "version": "Varies with device"
}