{
  "categories": [
    "Personalization"
  ],
  "description": "The motion of our planet along its orbit and around the sun brings time to pass in our realities. We were quite intrigued by this fact and decided to recreate this idea in our next watchface.Radii takes inspiration from the dynamics of a planetary system and simulates its workings onto a digital timepiece. The centre\u2014our star\u2014indicates the hour while a sphere carrying the minute rotates around it along its striped orbit. You will also see a tiny moon gliding around this sphere in sync with each stroke of the second hand.What\u2019s more? The watchface also has a scale that displays your battery life and a crescent that shows the day.8 Color themes + Customizable color options. Android wear smart watch required  Compatible with: \u2022 Moto 360 \u2022 LG Watch Sport\u2022 LG Watch Style\u2022 LG Watch Urbane \u2022 LG G Watch R \u2022 LG G Watch \u2022 Asus ZenWatch \u2022 Huawei watch\u2022 Sony Smartwatch 3\u2022 Samsung Gear Live \u2022 Tag Heuer Connected\u2022 Fossil Q Founder\u2022 Fossil Q Marshal\u2022 Fossil Q Wanderor any wearable running Wear OS by Google (Previously known as Android Wear)More watch faces by The Design Cycle:\u2022 Roto 360\u2022 Tymometer \u2022 Time Tuner\u2022 Roto GearsCreated byGaurav Singh &Krishna Prajapati",
  "inc": "The Design Cycle",
  "intalled_count": "100,000",
  "last_update": [
    "April",
    "15",
    " 2018"
  ],
  "name": "Radii Watch Face for Android Wear OS",
  "offered_by": "Google Commerce Ltd",
  "permissions": {
    "Other": [
      "receive data from Internet",
      "prevent device from sleeping",
      "view network connections",
      "full network access",
      "run at startup",
      "prevent device from sleeping"
    ]
  },
  "rate": [
    [
      "906",
      "4.2"
    ],
    [
      "516",
      "5"
    ],
    [
      "209",
      "4"
    ],
    [
      "80",
      "3"
    ],
    [
      "32",
      "2"
    ],
    [
      "69",
      "1"
    ]
  ],
  "required_android": "Varies with",
  "size": "Varies with devic",
  "url": "https://play.google.com/store/apps/details?id=in.thedesigncycle.radii",
  "version": "Varies with device"
}