{
  "categories": [
    "Tools"
  ],
  "description": "With HTC Account, sign in to multiple HTC services in one place on your phone. Use services such as Themes, Vive and Community without repeatedly typing your credentials.",
  "inc": "HTC Corporation",
  "intalled_count": "10,000,000",
  "last_update": [
    "June",
    "7",
    " 2018"
  ],
  "name": "HTC Account\u2014Services Sign-in",
  "offered_by": "Google Commerce Ltd",
  "permissions": {
    "Identity": [
      "find accounts on the device",
      "add or remove accounts"
    ],
    "Contacts": [
      "find accounts on the device"
    ],
    "SMS": [
      "receive text messages (SMS)"
    ],
    "Phone": [
      "read phone status and identity"
    ],
    "Wi-Fi connection information": [
      "view Wi-Fi connections"
    ],
    "Device ID & call information": [
      "read phone status and identity"
    ],
    "Other": [
      "view network connections",
      "create accounts and set passwords",
      "full network access",
      "use accounts on the device",
      "prevent device from sleeping",
      "modify system settings"
    ]
  },
  "rate": [
    [
      "15,654",
      "4.2"
    ],
    [
      "10,060",
      "5"
    ],
    [
      "2,328",
      "4"
    ],
    [
      "1,088",
      "3"
    ],
    [
      "418",
      "2"
    ],
    [
      "1,760",
      "1"
    ]
  ],
  "required_android": "5.0",
  "size": "Varies with devic",
  "url": "https://play.google.com/store/apps/details?id=com.htc.cs.identity",
  "version": "8.60.1037902"
}