{
  "categories": [
    "Health & Fitness"
  ],
  "description": "RightMinder\u00ae Plus is a FREE WORLD-FIRST, PATENT PENDING application for Aged & Young Care. Finally wearable safety devices available on fashionable smartwatches and/or smart phones.UPGRADE to Premium Services for a very minimal fee to unlock Features like GPS Locations, Battery Life Reminders and Fast Call. (check local subscription prices for more information and exact savings).RightMinder Plus can also be utilised by those with Multiple Sclerosis MS, Epilepsy, Parkinson\u2019s, Brain-Trauma or other low to medium care needs. RightMinder works discreetly and behind the scenes on an Android smartwatch running Android Wear or on an Android smartphone. RightMinder Plus helps provide independence and discretion to people and provides multiple \u2018First Alert\" connections for loved ones in our lives. It provides peace of mind without being front of mind.Importantly, RightMinder Plus ONLY works when securely connected to another person (one or many) registered as a user of RightMinder. One person must be a \"Wearer\" and another (or many others) a \"Carer.\" RightMinder Plus features Fall Detection (on Android Wear watches and Android Mobiles) plus Emergency First Alert notifications. It is VERY important Wearers calibrate and regularly test the Fall Detection sensitivity and get to know their preferred sensitivity, as every watch and phone is different.Subscribers can also access real-time GPS reporting, Direct Calling functionality and the ability to link Multiple Carers to Wearers plus many other additional features that can be unlocked by Subscription. Note: The FREE version of RightMinder Plus (Right Minder), which is available to purchase, gives you access to send and receive alerts in case of emergency. You will need to Subscribe to unlock all additional features.Also note, you don't need a smartwatch for RightMinder to function. RightMinder Plus supports Fall Detection and First Alert functionality for many Android mobiles as well! Please check out http://www.rightminder.com/fall-detection-android-help/ for more help on setup.",
  "inc": "ConnectUs Life Pty Ltd",
  "intalled_count": "100,000",
  "last_update": [
    "April",
    "26",
    " 2018"
  ],
  "name": "RightMinder\u00ae Plus - SmartWatch Fall Detection",
  "offered_by": "Google Commerce Ltd",
  "permissions": {
    "Device & app history": [
      "read sensitive log data"
    ],
    "Location": [
      "approximate location (network-based)",
      "precise location (GPS and network-based)"
    ],
    "SMS": [
      "send SMS messages"
    ],
    "Phone": [
      "directly call phone numbers",
      "reroute outgoing calls",
      "read phone status and identity"
    ],
    "Photos/Media/Files": [
      "read the contents of your USB storage",
      "modify or delete the contents of your USB storage"
    ],
    "Storage": [
      "read the contents of your USB storage",
      "modify or delete the contents of your USB storage"
    ],
    "Microphone": [
      "record audio"
    ],
    "Wi-Fi connection information": [
      "view Wi-Fi connections"
    ],
    "Device ID & call information": [
      "read phone status and identity"
    ],
    "Wearable sensors/Activity data": [
      "body sensors (like heart rate monitors)"
    ],
    "Other": [
      "receive data from Internet",
      "view network connections",
      "read battery statistics",
      "pair with Bluetooth devices",
      "disable your screen lock",
      "full network access",
      "run at startup",
      "draw over other apps",
      "control vibration",
      "prevent device from sleeping",
      "read battery statistics",
      "pair with Bluetooth devices",
      "disable your screen lock",
      "full network access",
      "run at startup",
      "draw over other apps",
      "control vibration",
      "prevent device from sleeping"
    ]
  },
  "rate": [
    [
      "861",
      "4.6"
    ],
    [
      "664",
      "5"
    ],
    [
      "101",
      "4"
    ],
    [
      "52",
      "3"
    ],
    [
      "11",
      "2"
    ],
    [
      "33",
      "1"
    ]
  ],
  "required_android": "Varies with",
  "size": "Varies with devic",
  "url": "https://play.google.com/store/apps/details?id=co.rightminder.android",
  "version": "Varies with device"
}