{
  "categories": [
    "Personalization"
  ],
  "description": "Phant Watch Face for Wear OS!!! NOT FOR SAMSUNG GEAR S2 NOR GEAR S3 !! (running Tizen OS)You can find the GEAR S2/S3 version in the Samsung Galaxy Apps Store.Search \"THEMA\"orGo to http://bit.ly/2M1ysXw\u2605 Features of Phant Watch Face- Choose design colors- Define a secondary timezone for digital display- Day & Month- Watch battery- Mobile battery- Weather- Daily step count- Heartbeat frequency- Unread SMS- Unread Email from Gmail- Missed calls- Presets- Complication (wear 2.0)The whole SETTINGS of the watch face are located in the \"Wear OS\" app of your mobile.Just hit the gear icon over the watch face preview and the settings screen will show up!\u2605 FREE Settings- Choose design colors on watch & mobile- Define heartbeat frequency refresh rate- Define weather refresh rate- Weather unit- 12 / 24 hours mode- Define interactive mode duration- Choose to switch between small/big/translucent/opaque cards- Choose the ambient mode b&w and eco luminosity- Choose between 2 weather providers (Yr & OpenWeatherMap)- Choose to display a leading zero on hours- Display brand name or not- Choose to display or not the seconds dots\u2605 PREMIUM Settings- Choose your own title in place of \"PHANT\"- Switch between \u00e9co / simple b&w / full ambient mode- Choose background among different styles- Blend background with colors- Choose hands between 4 types- Define a secondary timezone for digital display- Data:    + Change the indicator to display on the 2 positions    + Choose between up to 8 indicators    + Complication (wear 2.0)- Interactivity    + Access to detailed data by touching a widget    + Switch the displayed data by touching a widget    + Change the shortcut to execute on the 4 positions    + Choose your shortcut among all applications installed on your watch!    + Choose to display the interactive areas- Presets manager:    + Save your preset with all its options (colors, backgrounds, data, features. EVERYTHING is saved!)    + Load / delete one of your previously saved preset    + Share / Import presets- Define manual or automatic location\u2605 InstallationThis watch face will be installed automatically from your phone paired.If it doesn't show up please go to the Wear OS App > Settings and Resync all apps.Once installed, you can select the Phant Watch Face from the Wear OS App.Or long tap on the current watch face screen: watch face selector screen will open.\u2605 More watch facesVisit my watch faces collection for Wear OS on the Play Store at https://goo.gl/CRzXbS** If you have any issues or questions, fill free to contact me by email (English or French language) before giving a bad rating. Thanks!/!\\ Your watch should be up to date, at least with Lolipop (Android 5.0) /!\\Website: http://www.themaapps.com/Youtube: https://youtube.com/ThomasHemetriTwitter: https://twitter.com/ThomasHemetriG+: https://plus.google.com/+ThomasHemetriInstagram: https://www.instagram.com/thema_watchfaces",
  "inc": "thema",
  "intalled_count": "50,000",
  "last_update": [
    "April",
    "13",
    " 2018"
  ],
  "name": "Phant Watch Face",
  "offered_by": "Google Commerce Ltd",
  "permissions": {
    "Wearable sensors/Activity data": [
      "body sensors (like heart rate monitors)"
    ],
    "Identity": [
      "find accounts on the device"
    ],
    "Contacts": [
      "find accounts on the device",
      "read your contacts"
    ],
    "Location": [
      "precise location (GPS and network-based)"
    ],
    "SMS": [
      "read your text messages (SMS or MMS)",
      "receive text messages (SMS)"
    ],
    "Phone": [
      "read call log"
    ],
    "Photos/Media/Files": [
      "read the contents of your USB storage",
      "modify or delete the contents of your USB storage"
    ],
    "Storage": [
      "read the contents of your USB storage",
      "modify or delete the contents of your USB storage"
    ],
    "Other": [
      "receive data from Internet",
      "control vibration",
      "prevent device from sleeping",
      "view network connections",
      "full network access",
      "control vibration",
      "prevent device from sleeping"
    ]
  },
  "rate": [
    [
      "651",
      "4.2"
    ],
    [
      "352",
      "5"
    ],
    [
      "176",
      "4"
    ],
    [
      "71",
      "3"
    ],
    [
      "17",
      "2"
    ],
    [
      "35",
      "1"
    ]
  ],
  "required_android": "Varies with",
  "size": "Varies with devic",
  "url": "https://play.google.com/store/apps/details?id=fr.thema.wear.watch.phantom",
  "version": "Varies with device"
}