{
  "categories": [
    "Personalization"
  ],
  "description": "\ud83d\ude1d\u201cI\u2019m known to be quite vexing, I\u2019m just forewarning you\u201d - Harley QuinnMost quirky girl-supervillain of them all. To some annoying, to some adorable, this little monster is definitely one of the most memorable characters in the history of comics.This mad, mad love...\ud83c\udf1fMain features:- Unique analog and digital styles;- Custom comics design;- Bubble blowing & popping animation;- Smart ambient mode.\u231aIs it for me?Mad Love is designed for Android Wear watches and works perfectly both on round and square models.Supports all Android Wear watches, including:\u2714 ASUS ZenWatch 1;\u2714 ASUS ZenWatch 2;\u2714 ASUS ZenWatch 3;\u2714 Moto 360 Sport;\u2714 Motorola 360 1st gen;\u2714 Motorola 360 2nd gen;\u2714 LG G Watch;\u2714 LG Watch Style;\u2714 LG Watch Sport;\u2714 LG G Watch Urbane;\u2714 LG G Watch Urbane 2;\u2714 Samsung Gear Live;\u2714 Sony Smartwatch 3;\u2714 Casio WSD-F10;\u2714 Fossil Q Founder;\u2714 Huawei Watch;\u2714 Huawei Watch 2;\u2714 Polar M600;\u2714 TAG Heuer Connected.\ud83d\udca3Important Notice!\ud83d\udca5Samsung Gear, Samsung Gear S, S2 and S3 are NOT YET supported. Please, for Samsung smartwatches based on Tizen follow the link: https://goo.gl/M1ABvk\ud83d\ude80How to install?This watch face will be installed automatically from your paired phone.If it doesn't show up please go to the Android Wear App > Settings and Resync all apps.Once installed, you can select the Mad Love Watch Face from the Android Wear App or directly on your watch. Few taps and you are ready to go!\ud83d\udcddWant to drop us a message?We'd love hearing from you!Contact us via our website: http://boostwatch.style Google+ page: https://goo.gl/CJ79u2 or e-mail: wearables@boost.solutionsKeep your head straight, boy \ud83d\ude35And don't forget to check out our store for more fine-crafted watch faces\ud83d\ude4a",
  "inc": "BoostApp",
  "intalled_count": "10,000",
  "last_update": [
    "February",
    "7",
    " 2017"
  ],
  "name": "Mad Love - Comics Watch Face",
  "offered_by": "Google Commerce Ltd",
  "permissions": {
    "Other": [
      "receive data from Internet",
      "view network connections",
      "full network access",
      "prevent device from sleeping"
    ]
  },
  "rate": [
    [
      "76",
      "4.4"
    ],
    [
      "57",
      "5"
    ],
    [
      "8",
      "4"
    ],
    [
      "0",
      "3"
    ],
    [
      "3",
      "2"
    ],
    [
      "8",
      "1"
    ]
  ],
  "required_android": "Varies with",
  "size": "Varies with devic",
  "url": "https://play.google.com/store/apps/details?id=com.boost.comics",
  "version": "1.0"
}