{
  "categories": [
    "Health & Fitness"
  ],
  "description": "Calculate your target pace before a run or jog either in kilometers or miles.You can also calculate your:- Distance based on the running time and pace- Running time based on the distance and pace- Expected start or end time for your run",
  "inc": "Robert Kinsella",
  "intalled_count": "50",
  "last_update": [
    "December",
    "31",
    " 2017"
  ],
  "name": "Pace Calculator",
  "offered_by": "Google Commerce Ltd",
  "permissions": {
    "Other": [
      "receive data from Internet",
      "view network connections",
      "full network access",
      "prevent device from sleeping"
    ]
  },
  "rate": [],
  "required_android": "7.1",
  "size": "1.5",
  "url": "https://play.google.com/store/apps/details?id=uk.robertkinsella.pacecalculator",
  "version": "1.0.5"
}