{
  "categories": [
    "Tools"
  ],
  "description": "LV Link",
  "inc": "Louis Vuitton Malletier",
  "intalled_count": "1,000",
  "last_update": [
    "December",
    "4",
    " 2017"
  ],
  "name": "LV Link",
  "offered_by": "Google Commerce Ltd",
  "permissions": {
    "Other": [
      "receive data from Internet",
      "view network connections",
      "full network access",
      "prevent device from sleeping",
      "modify system settings"
    ]
  },
  "rate": [],
  "required_android": "7.1",
  "size": "3.4",
  "url": "https://play.google.com/store/apps/details?id=com.sfeir.lvmh.lvlink",
  "version": "1.4.0-RC1.4"
}