{
  "categories": [
    "Personalization"
  ],
  "description": "An amazing collection of wallpapers for a Pin Screen Lock. The all new latest pin lock screen is here to give your phone a ravishing look. If you want to get rid of the conventional boring Screen locks, you can refresh the look of your phone by downloading this free of cost application that is pin lock screen.A very elegant way to unlock screen which provides date and time information. A pin locker and is made for the people who are much concerned with the high lock security for their phone as it maximize your lock security. You can enable and disable the pin screen lock from settings. You first have to set a unique 4 digit pin for your phone. You have to enter at least four digits and set the pin and use it every time you wish to unlock your phone. Keep your data safe and out of reach of other people. No abuse of personnel data is possible with this pin Lock Screen.Several different wallpapers are provided by the application. You can set any wallpaper on your lock screen background as per your desire and mood.Pin Screen Lock provides best and high definition image qualities.Pin Screen Lock is compatible with almost every android device. Its also tested on various android devices i.e android tablets and android based mobiles phones. All the actions can be performed very easily without any confusion. Reliability is guaranteed of Pin Screen Lock. Pin Locker is specially designed in a way that it will definitely work with all new devices and android versions too.To experience a coherent usage, you are advised to disable the default phone lock. For this, you can tap on the \"Disable Default Lock\" Option from the Settings of the application \"Pin Locker.\" It will move you to security lock screen settings of your device. From there you can disable the default lock. By doing this you will just have to enter a single pin of screen lock to get access of your device. Else wise, you will have to unlock multiple locks. First, the pin lock of lock screen and then the default lock of your device.You can appreciate us and suggest us if there are any improvements that can be made to pin locker. You can also tell us via email about any issues that you are facing while using the application. We will help you in any way possible. Please give your precious feedback so that we make improvement and provide you a useful tool with awesome effects. Your suggestions and feedback will be highly appreciatedThanks and Enjoy Pin Lock Screen",
  "inc": "arrowshapes",
  "intalled_count": "1,000,000",
  "last_update": [
    "March",
    "10",
    " 2018"
  ],
  "name": "Pin Lock Screen",
  "offered_by": "Google Commerce Ltd",
  "permissions": {
    "Phone": [
      "read phone status and identity"
    ],
    "Device ID & call information": [
      "read phone status and identity"
    ],
    "Other": [
      "view network connections",
      "disable your screen lock",
      "full network access",
      "run at startup",
      "draw over other apps",
      "control vibration"
    ]
  },
  "rate": [
    [
      "19,787",
      "3.7"
    ],
    [
      "10,297",
      "5"
    ],
    [
      "2,205",
      "4"
    ],
    [
      "2,036",
      "3"
    ],
    [
      "1,065",
      "2"
    ],
    [
      "4,184",
      "1"
    ]
  ],
  "required_android": "4.1",
  "size": "4.9",
  "url": "https://play.google.com/store/apps/details?id=com.arrowshapes.pin.lockscreen.free",
  "version": "6.4"
}