{
  "categories": [
    "Personalization"
  ],
  "description": "Watch Face Digitec for Android Wear is true eye-catcher with digital characteristics and interactive functions.Watch face contains a huge number and user friendly settings on the watch and the phone companion app.The Android Wear 2.0 comes with external complication which this watch face supports completely. \u2605 Watch Face Digitec is fully Android Wear 2.0 supported\u2605\u2003ANDROID WEAR 2.0 integration  \u2022\u2003Fully standalone! (iPhone and Android compatible)  \u2022\u2003External complication data for the indicators\u2605  Compatible with all Android Wear watches\u2605 Free version     Complications:      \u2022 Phone battery       \u2022 Watch batter   Options:     \u2022 Change color      \u2022 24 hour format     \u2022 Translucent peek card     \u2022 Small peek  card     \u2022 Leading zero     \u2022 Screen time\u2605 NEW option for paid version \u2605     \u2022  Vibrate on every hour\u2605 Paid version   Built-in complications      \u2022 Steps    \u2022 Distance    \u2022 Walking    \u2022 Running    \u2022 Biking    \u2022 Calories    \u2022 Fit statistics   Options:     \u2022 External complications     \u2022 Change color      \u2022 24 hour format     \u2022 Translucent peek card     \u2022 Small peek  card     \u2022 Leading zero     \u2022 Screen time     \u2022 Forecast     \u2022 Full ambient mode option     \u2022 Change color preset on tap     \u2022 Show/hide hour hands option     \u2022 Tap indicator     \u2022  Google FIT integration     \u2022  Weather settings (location, providers, frequency update, units)\u2605\u2003FAQ!! Please contact us if you have any trouble with the app !! richface.watch@gmail.comHow do I install the watch face on Android Wear 2.0?1. Install it from Google Play Wear Store on your  watch. 2. Install the companion app for fully customization (Android phone devices).How do I install the watch face on Android Wear 1.0?1. After install run 'Re-sync app' from the Android Wear app.2. Long press your watch and choose Digitec as your watch face, or select the watch face using the Android Wear app.\u2605 PERMISSIONS Explainedhttp://www.richface.watch/privacy.php",
  "inc": "RichFace",
  "intalled_count": "50,000",
  "last_update": [
    "June",
    "5",
    " 2018"
  ],
  "name": "Digitec Watch Face",
  "offered_by": "Google Commerce Ltd",
  "permissions": {
    "Location": [
      "approximate location (network-based)",
      "precise location (GPS and network-based)"
    ],
    "Other": [
      "receive data from Internet",
      "view network connections",
      "full network access",
      "control vibration",
      "prevent device from sleeping",
      "view network connections",
      "full network access",
      "prevent device from sleeping"
    ]
  },
  "rate": [
    [
      "326",
      "4.0"
    ],
    [
      "181",
      "5"
    ],
    [
      "60",
      "4"
    ],
    [
      "30",
      "3"
    ],
    [
      "21",
      "2"
    ],
    [
      "34",
      "1"
    ]
  ],
  "required_android": "Varies with",
  "size": "Varies with devic",
  "url": "https://play.google.com/store/apps/details?id=watch.richface.androidwear.digitec",
  "version": "Varies with device"
}