{
  "categories": [
    "Personalization"
  ],
  "description": "The unique features of the app are:- Take Selfie and set it directly on your Watch face- Choose your favorite photos from your Phone Gallery, Dropbox, Google Photos or other applications- You can add any number of images to your collection- Following Customization and Filters can be easily applied to any image  \"Enhance\" \"Effects\" \"Frames\" \"Stickers\" \"Crop\" \"Adjust\" \"Sharpness\" \"Focus\" \"Vignette\" \"Transform\" \"Splash\" \"Draw\" \"Text\" \"Meme\" \"Blemish\" \"Blur\" \"Redeye\" \"Whiten\"- Analog and Digital dials available- Dynamically change the dial color based on the Image background. \u201cTruly Fantastic \u201c!- Over 20 Digital fonts available- Digital Fonts can be set on Top, Center or at Bottom of the Watch dial- For smartwatches with in-built speakers, the watch can speak out the time on double tap.- Feature to announce time every hour",
  "inc": "KJSK Developers",
  "intalled_count": "5,000",
  "last_update": [
    "July",
    "15",
    " 2017"
  ],
  "name": "Selfie Watch Face",
  "offered_by": "Google Commerce Ltd",
  "permissions": {
    "Photos/Media/Files": [
      "read the contents of your USB storage",
      "modify or delete the contents of your USB storage"
    ],
    "Storage": [
      "read the contents of your USB storage",
      "modify or delete the contents of your USB storage"
    ],
    "Other": [
      "Send download notifications.",
      "receive data from Internet",
      "view network connections",
      "full network access",
      "run at startup",
      "prevent device from sleeping",
      "view network connections",
      "send sticky broadcast",
      "full network access",
      "run at startup",
      "prevent device from sleeping"
    ]
  },
  "rate": [
    [
      "28",
      "4.2"
    ],
    [
      "20",
      "5"
    ],
    [
      "1",
      "4"
    ],
    [
      "2",
      "3"
    ],
    [
      "2",
      "2"
    ],
    [
      "3",
      "1"
    ]
  ],
  "required_android": "Varies with",
  "size": "Varies with devic",
  "url": "https://play.google.com/store/apps/details?id=com.kjsk.watchface.selfie",
  "version": "1.1"
}