{
  "categories": [
    "Tools"
  ],
  "description": "Huawei Backup is a mobile phone data backup software for the user, you can quickly and easily back  personal data, applications, multimedia datain the local Huawei mobile phone.Functional features:1.The whole data: backup your phone all personal data (contacts, SMS, MMS, call records, system settings, alarm clock, browser bookmarks, mail account, schedules, weather, clock, music player);2.Application:backup applications and application data;3.Multi-Media:backup all media multimedia data (photos, video, audio);4.Security: support encrypted backup, make more secure backup;5.Support a variety of ways:SD card or mobile phone.Scope of application: Only applicable to Huawei mobile phone.",
  "inc": "Huawei Internet Service",
  "intalled_count": "100,000,000",
  "last_update": [
    "July",
    "6",
    " 2018"
  ],
  "name": "Huawei Backup",
  "offered_by": "Google Commerce Ltd",
  "permissions": {
    "Device & app history": [
      "retrieve running apps",
      "read your Web bookmarks and history"
    ],
    "Identity": [
      "find accounts on the device",
      "add or remove accounts",
      "read your own contact card",
      "modify your own contact card"
    ],
    "Calendar": [
      "read calendar events plus confidential information",
      "add or modify calendar events and send email to guests without owners' knowledge"
    ],
    "Contacts": [
      "find accounts on the device",
      "read your contacts",
      "modify your contacts"
    ],
    "SMS": [
      "read your text messages (SMS or MMS)",
      "edit your text messages (SMS or MMS)"
    ],
    "Phone": [
      "read call log",
      "read phone status and identity",
      "write call log"
    ],
    "Photos/Media/Files": [
      "access USB storage filesystem",
      "read the contents of your USB storage",
      "modify or delete the contents of your USB storage"
    ],
    "Storage": [
      "read the contents of your USB storage",
      "modify or delete the contents of your USB storage"
    ],
    "Wi-Fi connection information": [
      "view Wi-Fi connections"
    ],
    "Device ID & call information": [
      "read phone status and identity"
    ],
    "Other": [
      "delete other apps' data",
      "force stop other apps",
      "directly install apps",
      "full license to interact across users",
      "manage network policy",
      "update component usage statistics",
      "modify app ops statistics",
      "modify/delete internal media storage contents",
      "modify secure system settings",
      "view network connections",
      "measure app storage space",
      "full network access",
      "set preferred apps",
      "use accounts on the device",
      "prevent device from sleeping",
      "modify system settings",
      "write web bookmarks and history"
    ]
  },
  "rate": [
    [
      "46,670",
      "4.4"
    ],
    [
      "33,037",
      "5"
    ],
    [
      "6,117",
      "4"
    ],
    [
      "2,958",
      "3"
    ],
    [
      "953",
      "2"
    ],
    [
      "3,605",
      "1"
    ]
  ],
  "required_android": "4.0",
  "size": "8.4",
  "url": "https://play.google.com/store/apps/details?id=com.huawei.KoBackup",
  "version": "8.0.2.310_OVE"
}