{
  "categories": [
    "Personalization"
  ],
  "description": "Fury watch face for Android Wear is a mix of elegant and digital interactive functions.Watch face contains a huge number and user friendly settings on the watch and the phone companion app.The watch face contains 3 tap targets on the screen and you can customize them to be more informative which includes various number of data such as battery level status, FIT data, weather information, etc.. The Android Wear 2.0 comes with external complication which this watch face supports completely. \u2605 Fury is fully Android Wear 2.0 supported\u2605\u2003ANDROID WEAR 2.0 integration  \u2022\u2003Fully standalone! (iPhone and Android compatible)  \u2022\u2003External complication data for the indicators\u2605  Compatible with all Android Wear watches\u2605 NEW \u2605  \u2022  Vibrate on every hour\u2605  Built-in complications:  \u2022 Weather  \u2022 Watch battery  \u2022 Phone battery  \u2022 Watch and phone battery  \u2022 Steps  \u2022 Distance  \u2022 Walking  \u2022 Running  \u2022 Biking  \u2022 Calories  \u2022 Fit statistics\u2605\u2003FAQ!! Please contact us if you have any trouble with the app !! richface.watch@gmail.comHow do I install the watch face on Android Wear 1.0?1. After install run 'Re-sync app' from the Android Wear app.2. Long press your watch and choose Fury as your watch face, or select the watch face using the Android Wear app.How do I install the watch face on Android Wear 2.0?1. Install it from Google Play Wear Store on your watch.2. Install the companion app for fully customization (Android phone devices).\u2605 PERMISSIONS Explainedhttp://www.richface.watch/privacy.php",
  "inc": "RichFace",
  "intalled_count": "100,000",
  "last_update": [
    "October",
    "25",
    " 2017"
  ],
  "name": "Fury Watch Face",
  "offered_by": "Google Commerce Ltd",
  "permissions": {
    "Location": [
      "approximate location (network-based)",
      "precise location (GPS and network-based)"
    ],
    "Other": [
      "receive data from Internet",
      "view network connections",
      "full network access",
      "control vibration",
      "prevent device from sleeping",
      "view network connections",
      "full network access",
      "prevent device from sleeping"
    ]
  },
  "rate": [
    [
      "549",
      "4.1"
    ],
    [
      "305",
      "5"
    ],
    [
      "135",
      "4"
    ],
    [
      "38",
      "3"
    ],
    [
      "27",
      "2"
    ],
    [
      "44",
      "1"
    ]
  ],
  "required_android": "Varies with",
  "size": "Varies with devic",
  "url": "https://play.google.com/store/apps/details?id=watch.richface.androidwear.fury",
  "version": "Varies with device"
}