{
  "categories": [
    "Casual"
  ],
  "description": "Enjoy simple, single tap games directly on your watch.Play short simple games that are just great fun. Play and beat your high scores, move up the leaderboards and compete against other players.The game runs directly on Android Wear 2.0 devices, no need for a companion phone app. Got a minute to spare? Tap and Play on Android Wear!",
  "inc": "White Cat Studios",
  "intalled_count": "50,000",
  "last_update": [
    "January",
    "10",
    " 2018"
  ],
  "name": "Single Tap Games",
  "offered_by": "Google Commerce Ltd",
  "permissions": {
    "Other": [
      "control vibration",
      "prevent device from sleeping"
    ]
  },
  "rate": [
    [
      "382",
      "4.5"
    ],
    [
      "273",
      "5"
    ],
    [
      "62",
      "4"
    ],
    [
      "28",
      "3"
    ],
    [
      "5",
      "2"
    ],
    [
      "14",
      "1"
    ]
  ],
  "required_android": "7.1",
  "size": "5.2",
  "url": "https://play.google.com/store/apps/details?id=com.foxxymobile.singletapgames",
  "version": "2.1.0"
}