{
  "categories": [
    "Tools"
  ],
  "description": "'Folding Keypad Lock Screen' is one of the best keypad lock screen application with IOS keyboard. With this Keypad screen lock you can not only Slide to unlock your screen lock,but also Set password/passcode/pin to enhance your phone security. you can choose your own photo in passcode from gallery. Unlock screen is impossible without right password,this Keypad lock screen is the best choice for who are getting bored of their default launcher screen lock.Features:\u2605 \u201cFolding\u201d effect is part of the lockscreen display \u2013 use another way to unlock your screen.\u2605 Slide to unlock.\u2605 Beautiful Wallpaper HD,Cool looks and nice graphical interface.\u2605 Add a photo to each of passcode buttons from app wallpaper or gallery.\u2605 Allows to use wallpaper from Your gallery.\u2605 wallpaper blur effect,consume less memory and battery,quick and fast.\u2605 Display real time clock and date.\u2605 Disable home/menu/back key in Keypad Lock screen,so no one can access your phone without right password or passcode.\u2605 Security : easy to set password/passcode/pin,change and use,you can set 4 digits password to enhance your phone security.\u2605 Use Iphone IOS keyboard,work as iphone password.\u2605 Iphone IOS Font\u2605 Show unread message and missed call\u2605 Show message content\u2605 custom 'Slide to unlock' text.\u2605 custom text color\u2605 Quick launch camera from lock screen\u2605 Random keyboard,more safer than others\u2605 Choose Unlock AnimationThis 'Folding Keypad Lock Screen' has been tested extensively on following devices:* Galaxy S2,Galaxy S3,Galaxy S4,Galaxy S5,Galaxy S,Galaxy Y.* HTC One,HTC Explorer,HTC M8, HTC One,HTC Explorer,HTC M8.* LG2,LG3.* Xperia Z1,Xperia Z2,Xperia Z3.* Nexus 4,Nexus 5,Nexus 7.",
  "inc": "Smart Mobile Lin",
  "intalled_count": "500,000",
  "last_update": [
    "October",
    "23",
    " 2017"
  ],
  "name": "Folding Keypad Lock Screen",
  "offered_by": "Google Commerce Ltd",
  "permissions": {
    "Phone": [
      "read phone status and identity"
    ],
    "Photos/Media/Files": [
      "read the contents of your USB storage",
      "modify or delete the contents of your USB storage"
    ],
    "Storage": [
      "read the contents of your USB storage",
      "modify or delete the contents of your USB storage"
    ],
    "Camera": [
      "take pictures and videos"
    ],
    "Wi-Fi connection information": [
      "view Wi-Fi connections"
    ],
    "Device ID & call information": [
      "read phone status and identity"
    ],
    "Other": [
      "manage document storage",
      "view network connections",
      "pair with Bluetooth devices",
      "access Bluetooth settings",
      "change network connectivity",
      "connect and disconnect from Wi-Fi",
      "full network access",
      "run at startup",
      "draw over other apps",
      "modify system settings",
      "set an alarm"
    ]
  },
  "rate": [
    [
      "7,654",
      "4.2"
    ],
    [
      "4,728",
      "5"
    ],
    [
      "1,148",
      "4"
    ],
    [
      "825",
      "3"
    ],
    [
      "345",
      "2"
    ],
    [
      "608",
      "1"
    ]
  ],
  "required_android": "4.0",
  "size": "5.8",
  "url": "https://play.google.com/store/apps/details?id=com.smart.mobile.lin.fold.keypad.locker",
  "version": "5.4.1"
}