{
  "categories": [
    "Tools"
  ],
  "description": "Express your style with the calculator made just for you.  Choose a colorful, stylish theme to brighten your day while you calculate with ease.CALCU\u2122 is a breeze to use for everyday calculations, with all the scientific capability you need for work and school just a swipe away.  And for your most demanding needs, CALCU\u2122 allows you to add or remove the functions and constants you need to make the perfect calculator designed by you, for you.The Droid Lawyer rates CALCU\u2122 4.5 out of 5, calling it \u201ca great replacement for Android\u2019s stock calculator\u201d... and we couldn\u2019t agree more!CALCU\u2122 offers all the regular and scientific calculator functions in a simple, stylish and easy-to-use app.  Download the perfect calculator for free today!Features\u2605 Try our new Material theme!\u2605 Beautiful and intuitive interface with gesture based control and navigation\u2605 See instant results of your calculations as you enter them\u2605 Swipe up on the keypad to reveal scientific keypad\u2605 Swipe down on the display to see calculation history\u2605 Support for Samsung Multi Window\u2605 Show memory keys option\u2605 Swipe up on the scientific keypad to customize it\u2605 Create user-defined constants\u2605 Choose between simple and full keypad layout\u2605 Choose from a range of stylish themes",
  "inc": "Designer Calculators",
  "intalled_count": "5,000,000",
  "last_update": [
    "July",
    "7",
    " 2018"
  ],
  "name": "CALCU\u2122 Stylish Calculator Free",
  "offered_by": "Google Commerce Ltd",
  "permissions": {
    "Other": [
      "receive data from Internet",
      "view network connections",
      "full network access",
      "control vibration",
      "prevent device from sleeping"
    ]
  },
  "rate": [
    [
      "152,524",
      "4.7"
    ],
    [
      "117,554",
      "5"
    ],
    [
      "24,891",
      "4"
    ],
    [
      "5,196",
      "3"
    ],
    [
      "1,682",
      "2"
    ],
    [
      "3,201",
      "1"
    ]
  ],
  "required_android": "4.1",
  "size": "11",
  "url": "https://play.google.com/store/apps/details?id=com.candl.athena",
  "version": "3.5.6"
}