{
  "categories": [
    "Health & Fitness"
  ],
  "description": "MediBeat application for Android Wear devicesThis version runs on android wear AND smartphones. This application measures advances hemodynamic parameters such as blood pressure, hydration. stress, cardiac output and more cardiovascular parameters.Notice: This application will properly run with Polar M600 bracelet. It was NOT tested with other models or manufacturers.This app will run on all Android smartphones and tablets.",
  "inc": "HeartBeat Technologies",
  "intalled_count": "500",
  "last_update": [
    "October",
    "24",
    " 2017"
  ],
  "name": "MediBeat for AW - Android (1)",
  "offered_by": "Google Commerce Ltd",
  "permissions": {
    "Identity": [
      "find accounts on the device",
      "read your own contact card"
    ],
    "Contacts": [
      "find accounts on the device",
      "read your contacts"
    ],
    "Location": [
      "approximate location (network-based)",
      "precise location (GPS and network-based)"
    ],
    "Phone": [
      "read phone status and identity"
    ],
    "Photos/Media/Files": [
      "read the contents of your USB storage",
      "modify or delete the contents of your USB storage"
    ],
    "Storage": [
      "read the contents of your USB storage",
      "modify or delete the contents of your USB storage"
    ],
    "Wi-Fi connection information": [
      "view Wi-Fi connections"
    ],
    "Device ID & call information": [
      "read phone status and identity"
    ],
    "Wearable sensors/Activity data": [
      "body sensors (like heart rate monitors)"
    ],
    "Other": [
      "receive data from Internet",
      "view network connections",
      "create accounts and set passwords",
      "pair with Bluetooth devices",
      "access Bluetooth settings",
      "full network access",
      "use accounts on the device",
      "prevent device from sleeping"
    ]
  },
  "rate": [],
  "required_android": "Varies with",
  "size": "Varies with devic",
  "url": "https://play.google.com/store/apps/details?id=com.heartbeattec.medibeat",
  "version": "0.9.16"
}