{
  "categories": [
    "Productivity"
  ],
  "description": "*  The brightest, fastest, and most handy LED flashlight! * Instantly turn your phone into a bright flashlight!* The Flashlight you will never forget to bring when in need!* With the most elegant design and the fastest startupNote: The Flashlight App need camera permission of your device(flashlight hardware is attached the Camera, for opening the light. It's the reasonable and necessary permission request).Features : \u2022 The brightest illuminator ever.\u2022 Fastest startup flashlight .\u2022 Strobe mode with sensitive frequency controller\u2022 Built-in SOS flashlight signal\u2022 Intuitive and elegant UI design\u2022 Enjoy the cam LED light!* Our Facebook Page: https://www.facebook.com/BrightFlashlighthttps://www.facebook.com/FlashlightPro.LED/",
  "inc": "Zentertain",
  "intalled_count": "10,000,000",
  "last_update": [
    "December",
    "29",
    " 2017"
  ],
  "name": "Best Flashlight",
  "offered_by": "Google Commerce Ltd",
  "permissions": {
    "Camera": [
      "take pictures and videos"
    ],
    "Other": [
      "view network connections",
      "disable your screen lock",
      "control flashlight",
      "full network access",
      "run at startup",
      "prevent device from sleeping"
    ]
  },
  "rate": [
    [
      "86,930",
      "4.3"
    ],
    [
      "57,556",
      "5"
    ],
    [
      "12,608",
      "4"
    ],
    [
      "6,742",
      "3"
    ],
    [
      "3,251",
      "2"
    ],
    [
      "6,773",
      "1"
    ]
  ],
  "required_android": "Varies with",
  "size": "Varies with devic",
  "url": "https://play.google.com/store/apps/details?id=com.zentertain.flashlight3",
  "version": "Varies with device"
}