{
  "categories": [
    "Personalization"
  ],
  "description": "\u2605\u2605\u2605 Interactive Watch Face for Android Wear 5. \u2605\u2605\u2605 Modern elegant interactive watch face with Premium upgrade option. You can always use it for free and it has core options and design, but Premium version comes with lot more features and options. \u2605\u2605\u2605 Free version: \u2605\u2605\u2605 \u2714 Weather\u2714 Watch and phone battery indicator\u2714 Date\u2714 24 hour format\u2714 Screen time \u2605\u2605\u2605 Premium version: \u2605\u2605\u2605\u2714 6 background textures\u2714 4 watch hands\u2714 Interactive menu with app shortcuts\u2714 3 days weather forecast (3 weather providers)\u2714 Automatic or manual weather location\u2714 Music player\u2714 Google FIT step counter with 3 days history\u2714 Stopwatch\u2714 Indicator in watch (Weather and app shortcuts)\u2714 Shortcuts for Hangouts, Google Keep, Google Maps, Alarm clock, Stopwatch, Music, Translate, Flashlight, Timer, Google Fit, Agenda, Find my phone\u2714 Animation\u2714 Full ambient mode\u2714 Smooth seconds\u2714 Small peek card option\u2714 Translucent peek card\u2714 System indicator positions\u2714 Removed ads \u2605\u2605\u2605 Configuration in companion app  \u2605\u2605\u2605 \u2714 Automatic or custom added weather location (NEW!)\u2714 Smooth seconds or tick seconds\u2714 Screen time settings\u2714 Weather update time\u2714 Simple and full ambient mode\u2714 Peek card configuration (transparent, small or big)To install:1. After install run 'Resync app' on Android Wear App.2. Long press your android wear watch and choose Neo Watch Face as your watch face",
  "inc": "RichFace",
  "intalled_count": "100,000",
  "last_update": [
    "July",
    "22",
    " 2017"
  ],
  "name": "Rolling Watch Face",
  "offered_by": "Google Commerce Ltd",
  "permissions": {
    "Location": [
      "approximate location (network-based)",
      "precise location (GPS and network-based)"
    ],
    "Other": [
      "receive data from Internet",
      "full network access",
      "prevent device from sleeping",
      "view network connections",
      "full network access",
      "prevent device from sleeping"
    ]
  },
  "rate": [
    [
      "1,167",
      "4.0"
    ],
    [
      "604",
      "5"
    ],
    [
      "296",
      "4"
    ],
    [
      "98",
      "3"
    ],
    [
      "57",
      "2"
    ],
    [
      "112",
      "1"
    ]
  ],
  "required_android": "Varies with",
  "size": "Varies with devic",
  "url": "https://play.google.com/store/apps/details?id=com.watch.richface.rolling",
  "version": "Varies with device"
}