{
  "categories": [
    "Lifestyle"
  ],
  "description": "Install the Ambassadors & Partnerships selection and access authentic TAG Heuer designs created in collaboration with TAG Heuer Ambassadors, friends of the brand and major partnerships.",
  "inc": "TAG Heuer",
  "intalled_count": "5,000",
  "last_update": [
    "June",
    "7",
    " 2018"
  ],
  "name": "Ambassadors and Partnerships",
  "offered_by": "Google Commerce Ltd",
  "permissions": {
    "Other": [
      "prevent device from sleeping"
    ]
  },
  "rate": [
    [
      "104",
      "4.6"
    ],
    [
      "80",
      "5"
    ],
    [
      "12",
      "4"
    ],
    [
      "7",
      "3"
    ],
    [
      "2",
      "2"
    ],
    [
      "3",
      "1"
    ]
  ],
  "required_android": "7.0",
  "size": "6.1",
  "url": "https://play.google.com/store/apps/details?id=com.tagheuer.wear.standalone.exclusive",
  "version": "2.1.8"
}