{
  "categories": [
    "Lifestyle"
  ],
  "description": "\u2665\ufe0fApp Recommended by Google Play EditorsAs always, AlarmMon woke 27 million people up worldwide today.Our alarms never turn off until you clear the game.We'll keep bothering you until you jump out of bed!Reason why we are no.1 in alarm category- It\u2019s not just an alarm clock. It\u2019s a must-have, unique alarm app!- Noisy alarm, quiet alarm, game alarm, video alarm, voice alarm, idol band alarm\u2026 We have them all here!- Even if you fall fast asleep, it goes off until the battery runs out! Must-have alarm app for morning!Your own celebrity alarm- Imagine your favorite kpop star waking you up every morning! - VIXX, Lovelyz, OH MY GIRL and other kpop stars will be there for you in the morning!Various alarm types- Various character alarms including Tiny Farm and Adventure Time!- Celebrity and idol band alarms to be released soon- It\u2019s too noisy! It makes you jump out of the bed!Life-style alarm- When making noodles? When you need timer! Exact alarm app- Today\u2019s news alarm which starts off your day meaningful- Weather broadcast alarm which lets you know today\u2019s weather.- Record alarm history to keep in track of wake-up time and sleep habitsUntil the day people all around say \u201cAlarmMon, everyday\u201d instead of \u201cGood morning\u201dWould you start your day off with AlarmMon, doing our level best? [AlarmMon Social Media]AlarmMon blog: http : //blog.naver.com/alarmmonAlarmMon facebook : https://www.facebook.com/alarmmonAlarmMon Instagram : http://instagram.com/alarmmon_koreaAlarmMon Youtube : https://www.youtube.com/channel/UCNNVO9h3JAJapftG7uTTOlQ* We collect the users\u2019 cell phone number to deliver event prizes.It will be completely deleted after two months.\u203b AlarmMon requests access for the reasons below. In other cases, it does not collect your information without consent. - RECORD_AUDIO : Some of the alarms on AlarmMon use your microphone as a game control method. In order to use this alarm, access to the microphone is required.- ACCESS_FINE_LOCATION / ACCESS_COARSE_LOCATION : AlarmMon requests access in order to provide the current weather for your location after alarms.- WRITE_EXTERNAL_STORAGE / READ_EXTERNAL_STORAGE : Your alarm record screens can be saved to your photo gallery. AlarmMon requests access in order to save your alarm record screens- GET_ACCOUNTS : You can sign up for AlarmMon with your Google+ account saved on your contact list. AlarmMon requests access in order to complete sign-up with your Google+ account.- SYSTEM_ALERT_WINDOW : AlarmMon requests access in order to make alarms go off with an automatic pop-up screen.Producer: Malang Studio (http://malangstudio.com/)\u203b You can get faster response by writing to alarmmon.cs@malang.kr",
  "inc": "malang",
  "intalled_count": "5,000,000",
  "last_update": [
    "August",
    "1",
    " 2018"
  ],
  "name": "AlarmMon - Free Alarm Clock",
  "offered_by": "Google Commerce Ltd",
  "permissions": {
    "Identity": [
      "find accounts on the device"
    ],
    "Contacts": [
      "find accounts on the device"
    ],
    "Location": [
      "approximate location (network-based)",
      "precise location (GPS and network-based)"
    ],
    "Phone": [
      "read phone status and identity"
    ],
    "Photos/Media/Files": [
      "read the contents of your USB storage",
      "modify or delete the contents of your USB storage"
    ],
    "Storage": [
      "read the contents of your USB storage",
      "modify or delete the contents of your USB storage"
    ],
    "Microphone": [
      "record audio"
    ],
    "Wi-Fi connection information": [
      "view Wi-Fi connections"
    ],
    "Device ID & call information": [
      "read phone status and identity"
    ],
    "Other": [
      "receive data from Internet",
      "view network connections",
      "disable your screen lock",
      "full network access",
      "change your audio settings",
      "run at startup",
      "use accounts on the device",
      "control vibration",
      "prevent device from sleeping"
    ]
  },
  "rate": [
    [
      "162,718",
      "4.4"
    ],
    [
      "115,281",
      "5"
    ],
    [
      "22,403",
      "4"
    ],
    [
      "10,400",
      "3"
    ],
    [
      "4,617",
      "2"
    ],
    [
      "10,017",
      "1"
    ]
  ],
  "required_android": "4.2",
  "size": "13",
  "url": "https://play.google.com/store/apps/details?id=com.malangstudio.alarmmon",
  "version": "7.8.4.js"
}