{
  "categories": [
    "Weather"
  ],
  "description": "Exclusive for Wear OS (Android Wear) smart watches \u2013 does not run on TizenCyklus shows the next 24 hours in an intuitive layout. The hand moves like the sun: top at noon, bottom at midnight.Day and night are illuminated in seasonal colors \u2013 or you can choose from eight color themes.Important events appear next to the daylight ring: weather conditions, temperatures, events from your calendar, and alarms from your watch and phone.Cyklus won't distract you with unnecessary clutter. It doesn't show that it's currently sunny outside (your window is much better at that), or that it's going to be partly cloudy in the afternoon. Only significant conditions are shown, like storms, rain, snow, or hail.You can customize Cyklus by choosing a complication to display in the bottom half \u2013 Cyklus supports short text, icons, and images from installed apps on your watch.FEATURES\u2022 12 and 24 hour digital clock\u2022 Celsius and Fahrenheit temperatures\u2022 Upcoming weather conditions\u2022 Alarm and calendar integration\u2022 Notification indicator in ambient mode\u2022 Temperature high and low\u2022 Moonrise, moonset, current moon phase\u2022 Tap on icons to see details\u2022 Complication: text, icon, small image\u2022 View second complication by tapping clock\u2022 Eight color themesWeather forecasts powered by Dark Skyhttps://darksky.net/poweredby/SYSTEM REQUIREMENTS\u2022 Wear OS 2 (Android Wear 2)\u2022 Android Marshmallow or later on phone\u2022 Round watch recommended\u2022 Unmodified device (not rooted)\u2022 Phone data connectionGOOGLE+https://plus.google.com/+CyklusWatchFace",
  "inc": "Ren\u00e9 Puls",
  "intalled_count": "100",
  "last_update": [
    "March",
    "26",
    " 2018"
  ],
  "name": "Cyklus Watch Face",
  "offered_by": "Google Commerce Ltd",
  "permissions": {
    "Calendar": [
      "read calendar events plus confidential information"
    ],
    "Location": [
      "precise location (GPS and network-based)"
    ],
    "Other": [
      "full network access",
      "run at startup",
      "prevent device from sleeping"
    ]
  },
  "rate": [
    [
      "24",
      "4.7"
    ],
    [
      "20",
      "5"
    ],
    [
      "3",
      "4"
    ],
    [
      "0",
      "3"
    ],
    [
      "0",
      "2"
    ],
    [
      "1",
      "1"
    ]
  ],
  "required_android": "Varies with",
  "size": "1.8",
  "url": "https://play.google.com/store/apps/details?id=eu.kianga.cycles",
  "version": "1.4.1"
}