{
  "categories": [
    "Tools"
  ],
  "description": "DescriptionSmart Tutor is an easy, quick and safe means of consulting for Android\u2122 smart phone and tablet series. It can be used to diagnose your device remotely in order to optimize device performance and give functional advice. Diagnoses can be requested for the following:     \u2022 Data transfer, backup and restore     \u2022 New features advice     \u2022 Software update check     \u2022 Account settings (Samsung/Google\u2122/email/etc.)How to get started1. Download the \"Smart Tutor\" from Google play store and install on our Android device. * From Galaxy S5, please download Smart Tutor via the Galaxy Essential widget   (this features may differ by region or nations.)2. Make a phone call to the SAMSUNG Contact center. After agreeing \"Terms and Conditions\",   the phone number of contact center will be displayed.(Because it is depending on country)3. Enter the 6 digits connection code given by a tech expert.4. Once connected, a tech expert will diagnose your mobile.5. If you want to terminate \"Smart Tutor\", please tap \"Disconnect\" menu.Benefit \u2022 Safety & Reliable    Don't worry about exposing our private information.\"Smart Tutor\" restricts a tech expert     from accessing applications with customer's private information such as Gallery, Message,     e-mail and other throughout special features. \u2022 Convenient & Easy    Provide remote support from our Android device quickly and easily if we can use 3G/4G or Wi-Fi. \u2022 Features    Screen Share / Chat / Screen Lock / Application LockRequirement & Note1. \"Smart Tutor\" works with Android OS(Above Android 2.3.6)2. \"Google Experience Device\" is not supported such as \"Galaxy Nexus\"3. Connection in 3G/4G Network will be chargeable according to your network data fee agreement with    your operator/Telecom. Before the connection, ensure to check Wi-Fi availability for free support",
  "inc": "Samsung Electronics Co.,  Ltd.",
  "intalled_count": "50,000,000",
  "last_update": [
    "July",
    "9",
    " 2018"
  ],
  "name": "Smart Tutor for SAMSUNG Mobile",
  "offered_by": "Google Commerce Ltd",
  "permissions": {
    "Device & app history": [
      "retrieve system internal state",
      "retrieve running apps",
      "read sensitive log data"
    ],
    "Identity": [
      "find accounts on the device"
    ],
    "Contacts": [
      "find accounts on the device"
    ],
    "SMS": [
      "receive text messages (SMS)"
    ],
    "Phone": [
      "directly call phone numbers",
      "read phone status and identity"
    ],
    "Photos/Media/Files": [
      "read the contents of your USB storage",
      "modify or delete the contents of your USB storage"
    ],
    "Storage": [
      "read the contents of your USB storage",
      "modify or delete the contents of your USB storage"
    ],
    "Wi-Fi connection information": [
      "view Wi-Fi connections"
    ],
    "Device ID & call information": [
      "read phone status and identity"
    ],
    "Other": [
      "capture secure video output",
      "capture video output",
      "delete apps",
      "press keys and control buttons",
      "read frame buffer",
      "retrieve running apps",
      "close other apps",
      "view network connections",
      "access Bluetooth settings",
      "change network connectivity",
      "connect and disconnect from Wi-Fi",
      "expand/collapse status bar",
      "full network access",
      "close other apps",
      "change your audio settings",
      "control Near Field Communication",
      "read sync settings",
      "reorder running apps",
      "draw over other apps",
      "prevent device from sleeping",
      "modify system settings",
      "toggle sync on and off"
    ]
  },
  "rate": [
    [
      "28,613",
      "3.8"
    ],
    [
      "16,465",
      "5"
    ],
    [
      "3,441",
      "4"
    ],
    [
      "2,110",
      "3"
    ],
    [
      "1,111",
      "2"
    ],
    [
      "5,486",
      "1"
    ]
  ],
  "required_android": "4.0",
  "size": "7.9",
  "url": "https://play.google.com/store/apps/details?id=com.rsupport.rs.activity.rsupport.aas2",
  "version": "1.5 (build 209)"
}