{
  "categories": [
    "Personalization"
  ],
  "description": "\u2605\u2605 KEEP CALM and SCARY ON \u2605\u2605\u2605\u2605Halloween Spooky Interactive Watch Face !! A Unique Halloween Interactive Watch face with Interactive Actions, For Android Wear 2.0. \u2605\u2605\u2605\u2605Features \u2605\u2605\u2714 Android Wear 2.0 Fully supported.\u2714 Standalone watch face for iPhone and Android users.\u2714 Hourly Chime Sound effect and Vibration on every hour\u2714 Touch Sound Effect and Touch Vibration.\u2714 Unique Halloween design watch face, with Interactive Actions.\u2714 Choose Between 10 Unique Different Halloween Themes.\u2714 New Style Phone and Watch battery info.\u2714 Screen Bright Time Option\u2714 2 Ambient Modes Option, Simple Black and White and Full Colorful Ambient Mode.\u2714 Choose Between Full and Black and White Ambient Modes\u2714 Tap on anywhere on watch face to change theme.\u2714 Unique Style Date, Day, Month Name\u2714 Short Peek Cards Option\u2714 Peek Cards in Ambient Mode ON/OFF Option\u2714 Translucent peek Cards\u2714 Transparent or Opaque BG of Status Bar icons\u2714 Status Bar Icon's Custom Position\u2714 OK Google's Custom Position\u2605\u2605Halloween Interactive Watch Face is a Halloween Design inspired Watch Face with Unique 10 Halloween  themes, This is your watch face for the October Month . Spooky Halloween on your Wrist\u2605\u2605\u2605\u2605New tap features (Only for Android Wear 1.3!)\u2605\u2605\u2714 Tap on Anywhere on watch face to change watch face themes.\u2605Supported All Watches Resolutions\u2605Compatible with Android Wear Watch Only , Not for Samsung WatchesMoto 360 (1st Gen)Moto 360 2015 ( 42mm, 46mm )Moto 360 SportsHuawei WatchLG G Watch R LG G Watch W100LG Watch Urbane LG Watch Urbane 2Sony Smartwatch 3 Samsung Gear LiveAsus ZenWatch ( zenwatch 1 & 2 )Fossil QCasio WSD-F10TAG Heuer\u2605How To Use1. You Can Enable or Disable Sound effects and Vibration from Companion app. \u2605How do I install the watch face on Android Wear 1.0?1. After install run 'Re-sync app' from the Android Wear app.2. Long press your watch and choose \"Halloween Spooky Watch Face\" as your watch face, or select the watch face using the Android Wear app.\u2605How do I install the watch face on Android Wear 2.0?1. Install it from Google Play Wear Store on your watch.2. Install the companion app for fully customization (Android phone devices).\u2605Useful Tip\u2714 Sometimes you need to wait longer for transfer to watch\u2714I recommend a bit of patience .\u2714This is not caused by the watch face, but rather Android Wear app.\u2714 If the watch face is not shown on your watch after few minutes, to try re-sync or follow these steps:1. Disconnect devices (watch and phone)2. Uninstall the watch face3. Restart watch and connect device again4. Then finally install the watch face \u2605Follow Us on G+ For More Updates.. https://goo.gl/Ng5DhQ\u2605Visit Our Exclusive Wear face collection for Android Wear on the Play Store https://goo.gl/RxW9CsIMPORTANT NOTE: Your watch Must have speaker to get Hourly and touch Sound Effects.NOTE: if you have any problem first email us before leaving a 1 star rating on play store, we will solve it",
  "inc": "Smart Art Studios",
  "intalled_count": "1,000",
  "last_update": [
    "December",
    "22",
    " 2017"
  ],
  "name": "Watch Face - Halloween Spooky",
  "offered_by": "Google Commerce Ltd",
  "permissions": {
    "Other": [
      "receive data from Internet",
      "control vibration",
      "prevent device from sleeping",
      "view network connections",
      "full network access",
      "run at startup",
      "control vibration",
      "prevent device from sleeping"
    ]
  },
  "rate": [
    [
      "21",
      "4.0"
    ],
    [
      "10",
      "5"
    ],
    [
      "6",
      "4"
    ],
    [
      "1",
      "3"
    ],
    [
      "2",
      "2"
    ],
    [
      "2",
      "1"
    ]
  ],
  "required_android": "Varies with",
  "size": "Varies with devic",
  "url": "https://play.google.com/store/apps/details?id=com.smartartstudios.halloweensfree.interactive.watchface",
  "version": "1.4"
}