{
  "categories": [
    "Tools"
  ],
  "description": "osmino WiFi - provides you with access to fast and free internet wherever you are. The unique Wi-Fi manager to accomplish automatic connection to free Wi-Fi and to share public hotspots or private Wi-Fi hotspot passwords across the world. You turn on the automatic search and connection to open Wi-Fi networks by one tap. Neither any settings nor complicated terms. You can check the nearest public networks on our Wi-Fi hotspot map. You get an automatic access to available Wi-Fi. Without having to know any parameters and network settings \u2013 osmino WiFi will do it for you.You can also share the password to a known Wi-Fi network and make it available to other osmino WiFi users, just select \"Share\".Staying connected on the go has never been easier! osmino WiFi is an innovative solution to find free Wi-Fi hotspots anywhere in the world. No surprise the App is an absolute success among travellers!osmino WiFi: Free WiFi is a great way to improve the quality of communication through Viber, Skype, WhatsApp, ICQ and other instant messenger services and VoIP, 3G 4G when the signal is not strong enough, or if you do not want to incur additional costs for mobile 4G Internet. Use social networks Facebook, VKontakte , Twitter and Instagram with osmino WiFi easier and cheaper, this app will allow you to get an opportunity to significantly increase the speed of the Internet connection of your smartphone or tablet. Video calling, voice, streaming video, downloading movies and music, or just surfing the sites - all this will be made much easier if you have installed a mobile application osmino WiFI: Free WIFI.Information about public hotspots is automatically set on map, according to the data received from users\u2019 devices. When you connect to any public network we receive on our server the network location, name and access settings and automatically show it on the map.When you share some private network password the hotspot we be automatically added on the map as well.So we create the use-proven public Wi-Fi hotspots map based on users\u2019 data. The more users subscribe to osmino, the more disposable wifi hotspots there are on the map.Heading for a new place? Going abroad? Don\u2019t want to pay for roaming? Then discover available Wi-Fi hotspots in point of your destination on Wi-Fi map. Enjoy your trip and free and fast internet across the world.Warning!It's not a Wi-Fi hacker app!There are already nearly 100 000 000 wifi hotspots on osmino map in more than 50 countries:More than 5 000 000 hotspots in USAOver 3 000 000 wifi hotspots in KoreaNearly 600 000 hotspots in Mexico and over 400 000 in Brazilmore than 3 million hotspots with passwords in Russiaabout 170 thousand wifi hotspots in Ukraine500 000 hotspots on the map of Italy,400 000 on the map of Spain,France has more than 600,000 hotspots,Germany - 450 000about 200 000 wifi hotspots in Indiamore than 700 000 wifi spots in Vietnam,about 100 000 wifi networks in Poland,200 000 hotspots in Indonesia and Turkey in each,more than 700 000 wifi hotspots with passwords on Japan map.If osmino WiFi doesn\u2019t run on you device or there are any bugs, please, contact us at feedback@osmino.com",
  "inc": "RIWW",
  "intalled_count": "10,000,000",
  "last_update": [
    "July",
    "31",
    " 2018"
  ],
  "name": "osmino Wi-Fi: free WiFi",
  "offered_by": "Google Commerce Ltd",
  "permissions": {
    "Location": [
      "approximate location (network-based)",
      "precise location (GPS and network-based)"
    ],
    "Phone": [
      "read phone status and identity"
    ],
    "Photos/Media/Files": [
      "read the contents of your USB storage",
      "modify or delete the contents of your USB storage"
    ],
    "Storage": [
      "read the contents of your USB storage",
      "modify or delete the contents of your USB storage"
    ],
    "Wi-Fi connection information": [
      "view Wi-Fi connections"
    ],
    "Device ID & call information": [
      "read phone status and identity"
    ],
    "Device & app history": [
      "retrieve running apps"
    ],
    "Camera": [
      "take pictures and videos"
    ],
    "Other": [
      "receive data from Internet",
      "view network connections",
      "connect and disconnect from Wi-Fi",
      "full network access",
      "prevent device from sleeping",
      "read Google service configuration",
      "view network connections",
      "send sticky broadcast",
      "change network connectivity",
      "connect and disconnect from Wi-Fi",
      "full network access",
      "run at startup",
      "control vibration",
      "prevent device from sleeping",
      "modify system settings",
      "read Google service configuration"
    ]
  },
  "rate": [
    [
      "134,197",
      "4.2"
    ],
    [
      "88,779",
      "5"
    ],
    [
      "15,461",
      "4"
    ],
    [
      "9,725",
      "3"
    ],
    [
      "5,544",
      "2"
    ],
    [
      "14,688",
      "1"
    ]
  ],
  "required_android": "4.4",
  "size": "4.1",
  "url": "https://play.google.com/store/apps/details?id=com.osmino.wifil",
  "version": "6.06.14"
}