{
  "categories": [
    "Personalization"
  ],
  "description": "The Atlas Watch Face is fully compatible with Android Wear 2.0 and is compatible with all Android Wear watches\u2605 Android Wear 2.0 integrated features\u2022\u2003external complication support\u2022\u2003fully standalone\u2022\u2003iPhone compatibleThe Atlas Watch Face is showing your position on the map and is build for using every day, it simplified many use cases such as launching programs, setting brightness and listening music.The application is absolutely free and it has core options, but you can purchase the PREMIUM version with a lot of features and options.FREE version includes:\u2605 Own launcher\u2605 Own remote music control\u2605 Ability to change screen brightness from launcher\u2605 Weather forecast for current day\u2605 Detailed information of watch battery and phone battery\u2605 Google Fit data for current dayPREMIUM version includes:\u2605 All features from FREE version\u2605 8 background colors\u2605 Ability to set map type\u2605 Ability to set your position on the map.\u2605 Use Night Mode for power saving features\u2605 Weather forecast for upcoming hours and days\u2605 Ability to change battery indicator type. Watches only or dual indicator (phone and watch)\u2605 Detailed Google Fit data for current day and last 7 days\u2605 Set two shortcuts with predefined views or actions\u2605 Set four Quick actions with predefined views or actions or any application on your watches\u2605 Choosing from three clock dial types\u2605 Choosing from four marker types\u2605 Set smooth seconds\u2605 Ability to change Keep watches screen awake interval\u2605 Ability to change Weather update interval\u2605 Ability to change Weather providerThe configuration in companion application contains:\u2605 Time and date format according to phone settings (12/24)\u2605 Enable touch feedback\u2605 Ability to set FULL Ambient mode for OLED displays\u2605 Show/Hide Battery indicator\u2605 Show/Hide Google Fit indicator\u2605 Show/Hide Weather indicator\u2605 Ability to change temperature units\u2605 Ability to change wind speed units\u2605 Information about last weather updateThe HuskyDEV Atlas Watch Face works great with squared and round watches.For using Google Fit data in Atlas Watch Face, you must confirm dialog on start, that application can read data from your phone.Common synchronization problem solution:If the Application does not appear on your watch please do the following:- uninstall the face application from the phone- disconnect watch from phone- restart watch- connect watch and phone again- install Atlas Watch Face once again",
  "inc": "HuskyDev",
  "intalled_count": "50,000",
  "last_update": [
    "May",
    "3",
    " 2018"
  ],
  "name": "HuskyDEV Atlas Watch Face",
  "offered_by": "Google Commerce Ltd",
  "permissions": {
    "Location": [
      "approximate location (network-based)",
      "precise location (GPS and network-based)"
    ],
    "Wi-Fi connection information": [
      "view Wi-Fi connections"
    ],
    "Other": [
      "receive data from Internet",
      "view network connections",
      "full network access",
      "control vibration",
      "prevent device from sleeping",
      "modify system settings",
      "view network connections",
      "connect and disconnect from Wi-Fi",
      "full network access",
      "control vibration",
      "prevent device from sleeping",
      "modify system settings"
    ]
  },
  "rate": [
    [
      "454",
      "4.3"
    ],
    [
      "267",
      "5"
    ],
    [
      "113",
      "4"
    ],
    [
      "43",
      "3"
    ],
    [
      "13",
      "2"
    ],
    [
      "18",
      "1"
    ]
  ],
  "required_android": "Varies with",
  "size": "Varies with devic",
  "url": "https://play.google.com/store/apps/details?id=huskydev.android.watchface.atlas",
  "version": "1.42"
}