{
  "categories": [
    "Tools"
  ],
  "description": "There are many flashlight apps, so why get this one ?- Brightest and most POWERFUL light possible- FREE !- It is simple and well designed- launch it and get light instantly by pressing one button- uses the integrated FlashLight LED- also uses your full screen as a color light lamp (works on all devices)- add a widget for quick accessTry it. It's simply the best at what it does.This app is compatible with most phones including those on which other apps do not work. This includes for example : Sony Xperia, Samsung Galaxy S8, S7 Edge, S6, J7, Xiaomi Redmi Note, Oppo, Huawei, LG, Lenovo,Vivo, HTC, Alcatel, ZTE, Asus Zenfone, Motorola Moto G4, E2... and many more !",
  "inc": "smallte.ch",
  "intalled_count": "50,000,000",
  "last_update": [
    "July",
    "28",
    " 2018"
  ],
  "name": "Flashlight HD LED",
  "offered_by": "Google Commerce Ltd",
  "permissions": {
    "Camera": [
      "take pictures and videos"
    ],
    "Other": [
      "receive data from Internet",
      "view network connections",
      "control flashlight",
      "full network access",
      "run at startup",
      "prevent device from sleeping",
      "read Google service configuration",
      "view network connections",
      "control flashlight",
      "full network access",
      "prevent device from sleeping",
      "read Google service configuration",
      "view network connections",
      "control flashlight",
      "full network access",
      "prevent device from sleeping"
    ]
  },
  "rate": [
    [
      "618,886",
      "4.3"
    ],
    [
      "401,976",
      "5"
    ],
    [
      "111,243",
      "4"
    ],
    [
      "46,983",
      "3"
    ],
    [
      "21,305",
      "2"
    ],
    [
      "37,379",
      "1"
    ]
  ],
  "required_android": "Varies with",
  "size": "Varies with devic",
  "url": "https://play.google.com/store/apps/details?id=ch.smalltech.ledflashlight.free",
  "version": "Varies with device"
}