{
  "categories": [
    "Personalization"
  ],
  "description": "Analogue clock dial watch face for Wear OS featuring Chinese numerals.Features\u2022 Accent color selection\u2022 Dark and Light color themes\u2022 Formal traditional and Regular simplified characters\u2022 Calligraphic, Classic and Modern character styles\u2022 Date display: \u6708 (yu\u00e8) stands for month, \u65e5 (ri) stands for day\u2022 Battery level indicator: \u7535\u6c60 (di\u00e0nch\u00ed) stands for battery\u2022 Alternate date and battery level indicators\u2022 Configuration options\u2022 Help topicsAccessing Watch face settings\u2022 Option 1, using the phone: Open the Wear OS (Android Wear) app, and then tap the white gear icon in the center of the selected watch face.\u2022 Option 2, directly on watch: Tap and hold anywhere on the watch face, and then select the white gear icon.Reading Chinese numbersFor detailed information, select Help from the options menu of the Watch face settings companion app on the phone.Requirements: Wear OS smartwatch.Both square and round screen devices are supported.This app is intended exclusively for use with smartwatches and cannot be started on a smartphone.Disclaimer: The application is provided as is without liabilities or warranties of any kind, either express or implied.",
  "inc": "Martin Halachev",
  "intalled_count": "5,000",
  "last_update": [
    "February",
    "22",
    " 2017"
  ],
  "name": "Chinese Watch Face",
  "offered_by": "Google Commerce Ltd",
  "permissions": {
    "Other": [
      "prevent device from sleeping"
    ]
  },
  "rate": [
    [
      "41",
      "4.4"
    ],
    [
      "31",
      "5"
    ],
    [
      "4",
      "4"
    ],
    [
      "1",
      "3"
    ],
    [
      "2",
      "2"
    ],
    [
      "3",
      "1"
    ]
  ],
  "required_android": "Varies with",
  "size": "Varies with devic",
  "url": "https://play.google.com/store/apps/details?id=com.halachev.martin.android.wearable.chinesewatchface",
  "version": "1.0.9"
}