{
  "categories": [
    "Lifestyle"
  ],
  "description": "With New Updated Version 4.0,  The best of Lock Screen apps or Screen Lock is now even better. Over 5 Million downloads. Highly ranked in many countries, this new version of Lock Screen apps or Screen Lock has just raised the bar to a whole new height.Have you been looking for cool lock screens? Your search for the cool lock screens ends here then!! This Classic Lock Screen keep your Android Lock Screen beautiful and customized with interesting themes for decorating your screen lock or lock screen while protecting privacy and ensuring security.New Features:-1. Lock Screen Wallpaper:- Wonderful Lock Screen Wallpaper to redecorate your Android devices\u2019 launcher. 2. DIY Lock Screen:- We've added DIY Locker Themes. Via DIY Locker Themes you can customize your themes with a pic of yours.3. New UI:- New UI allows you to navigate Lock Screen or Screen Lock with ease. After the success of My Love Lock Screen and My Photo Lock Screen, Rich Media Apps brings you the very best Passcode Photo Lock Screen!!!  Picture Password Lockscreen allows you to customize the Lock screen passcode by adding images to each of the buttons. Have the photo of your loved ones on passcode when your phone is pin protected! Choose from 6 different Themes and 50+ in-built Background Images to customize your Photo Lock Screen.  HOW TO USE :- You\u2019ll find a toggle that allows you to enable or disable the tweak and a \u2018Choose Images\u2019 button which will take you to a new interface where you can add a photo to each of the passcode buttons from the stock Photos app or even take a picture instantly and use it. These images will appear right behind the keys as you can see from the screenshot above. Features:-* Select from a wide range of inbuilt backgrounds.* Choose from 6 different themes including Hearts, Shells and Circles.* Choose the photo from gallery or click a new photo.* Crop or re-size the photo you choose to have included.* Choose to lock your phone under pin protection.* Lock screen on/off toggle switches* Totally FREE!!The Application is designed to work on latest version .4.4 KitKat, like Nexus 5, Galaxy s4 etc.Thanks for using this app, leave us your feedback and we will consider them for future updates!Thank You",
  "inc": "maxplayer.in",
  "intalled_count": "5,000,000",
  "last_update": [
    "May",
    "21",
    " 2018"
  ],
  "name": "Passcode Lock screen - free main screen locker",
  "offered_by": "Google Commerce Ltd",
  "permissions": {
    "Device & app history": [
      "retrieve running apps"
    ],
    "Location": [
      "precise location (GPS and network-based)"
    ],
    "Phone": [
      "reroute outgoing calls",
      "read phone status and identity"
    ],
    "Photos/Media/Files": [
      "read the contents of your USB storage",
      "modify or delete the contents of your USB storage"
    ],
    "Storage": [
      "read the contents of your USB storage",
      "modify or delete the contents of your USB storage"
    ],
    "Camera": [
      "take pictures and videos"
    ],
    "Wi-Fi connection information": [
      "view Wi-Fi connections"
    ],
    "Device ID & call information": [
      "read phone status and identity"
    ],
    "Other": [
      "receive data from Internet",
      "view network connections",
      "disable your screen lock",
      "expand/collapse status bar",
      "full network access",
      "change your audio settings",
      "run at startup",
      "draw over other apps",
      "control vibration",
      "prevent device from sleeping",
      "modify system settings"
    ]
  },
  "rate": [
    [
      "53,624",
      "3.8"
    ],
    [
      "29,065",
      "5"
    ],
    [
      "6,607",
      "4"
    ],
    [
      "5,723",
      "3"
    ],
    [
      "3,378",
      "2"
    ],
    [
      "8,851",
      "1"
    ]
  ],
  "required_android": "4.3",
  "size": "12",
  "url": "https://play.google.com/store/apps/details?id=arrow.passcode.lock",
  "version": "Arrow-202"
}