{
  "categories": [
    "Music & Audio"
  ],
  "description": "If you are tired of taking your phone with you on runs or tediously transferring podcasts to you watch, then you have found the solution. NavCasts is a standalone podcast app for Wear OS. Download, stream, and subscribe to your favorite podcasts all on your watch.Features-Dynamic colors per podcast-Unplayed notifications-Downloading or streaming of episodes-Import your subscriptions easily from apps like PocketCasts-Auto-download new podcasts while charging-Sort-able podcasts and up next playlists",
  "inc": "TurnDaPage",
  "intalled_count": "1,000",
  "last_update": [
    "July",
    "28",
    " 2018"
  ],
  "name": "NavCasts - Wear OS Offline Podcast Player Material",
  "offered_by": "Google Commerce Ltd",
  "permissions": {
    "Photos/Media/Files": [
      "read the contents of your USB storage",
      "modify or delete the contents of your USB storage"
    ],
    "Storage": [
      "read the contents of your USB storage",
      "modify or delete the contents of your USB storage"
    ],
    "Wi-Fi connection information": [
      "view Wi-Fi connections"
    ],
    "Other": [
      "view network connections",
      "allow Wi-Fi Multicast reception",
      "connect and disconnect from Wi-Fi",
      "full network access",
      "view network connections",
      "change network connectivity",
      "allow Wi-Fi Multicast reception",
      "connect and disconnect from Wi-Fi",
      "full network access"
    ]
  },
  "rate": [
    [
      "26",
      "4.0"
    ],
    [
      "12",
      "5"
    ],
    [
      "9",
      "4"
    ],
    [
      "1",
      "3"
    ],
    [
      "1",
      "2"
    ],
    [
      "3",
      "1"
    ]
  ],
  "required_android": "Varies with",
  "size": "Varies with devic",
  "url": "https://play.google.com/store/apps/details?id=com.turndapage.navcasts",
  "version": "Varies with device"
}