{
  "categories": [
    "Tools"
  ],
  "description": "Unit Converter Pro is a handy utility for students, teachers, and practitioners in engineering, physics, sciences, and technical subjects. It can quickly convert more than 1500 different units in 80 categories.It contains the most important imperial and metric conversion factors for length, area, volume, mass, force, energy, temperature, and time units. But it provides many high-specialized units and categories, too. Features include:- Simple use - Adjustable precision and format of result- Daily updated foreign currency rates- Abbreviations of units- More than 1500 units of measurements in 80 categories- Hiding of unwanted units- Customization of app layout- Expression input (e.g. (4+3)*50/3)- Adding of user-defined units and categories- Imperial and metric conversionUnit Converter Pro includes Angle, Area, Currency, Data Storage, Data Transfer, Length, Density, Energy, Flow, Force, Fuel Efficiency, Mass, Length, Numbers, Power, Pressure, Sound, Temperature, Time, Velocity, Volume converters and many others.",
  "inc": "Elkens software",
  "intalled_count": "1,000,000",
  "last_update": [
    "March",
    "5",
    " 2018"
  ],
  "name": "Unit Converter Pro",
  "offered_by": "Google Commerce Ltd",
  "permissions": {
    "Other": [
      "view network connections",
      "full network access"
    ]
  },
  "rate": [
    [
      "12,714",
      "4.5"
    ],
    [
      "8,848",
      "5"
    ],
    [
      "2,539",
      "4"
    ],
    [
      "665",
      "3"
    ],
    [
      "257",
      "2"
    ],
    [
      "405",
      "1"
    ]
  ],
  "required_android": "Varies with",
  "size": "Varies with devic",
  "url": "https://play.google.com/store/apps/details?id=com.unitconverterpro.ucplite",
  "version": "Varies with device"
}