{
  "categories": [
    "Music & Audio"
  ],
  "description": "This is a standalone Android Wear Spotify app. With this app you can stream Spotify music directly from your wear watch. You can now leave your phone and stream music directly from your wear watch.** NEW**By tapping on the center of the screen you can cycle trough different Display states.1 Display the Spotify album art2 Display song name3 Display time4 Display current speed (ideal for running and cycling, etc)5 Display nothing (saves battery)** NEW**For this app to work your Android Wear 2.0 (+) watch need a WIFI or MOBILE network connection. You can use the speaker on your watch but you can also connect your Bluetooth headset (or speaker) to listen to the music stations.For this app to work you need a Spotify Premium Account.A first time login on your ANDROID phone (via the phone app) is required. This app is ideal for any situation where you rather not take your phone with you. (e.g. running, cycling, etc)The app has a nice and clean interface. The interface is basically self explanatory.This is a must have app for any Android Wear watch owners with network capabilities !!This app uses network streaming, therefore:A) It will have an impact on the your batteryB) It will have an impact on your data planFor any feedback, improvements or any inconveniences please consider contacting me personally before giving bad ratings.Based on the users feedback we will include new features, but we already are developing color customization, watch face complications, and much more.FAQ:Why does this app need Location permissionThis app uses the location to calculate and show you your speed. Nothing more and nothing less. After download you can choose not to give to app the location permission. Also the location provider is closed if the user changes the the app screen to anything else then the speed screen (this saves your battery). This a a paid app for friends and like minded we grantee not to use anything other then intended.Android Applications by, DrewApps.Spotify is in no way associated with this app and/or its its development. This app uses a unsupported android Spotify library. No offline support at this moment. Spotify can at any time remove or change their third party support or policy which could make this app useless. If this happens we are all out of luck.",
  "inc": "DrewApps",
  "intalled_count": "100",
  "last_update": [
    "January",
    "10",
    " 2018"
  ],
  "name": "SpotiWear",
  "offered_by": "Google Commerce Ltd",
  "permissions": {
    "Location": [
      "precise location (GPS and network-based)"
    ],
    "Phone": [
      "read phone status and identity"
    ],
    "Device ID & call information": [
      "read phone status and identity"
    ],
    "Other": [
      "view network connections",
      "full network access",
      "prevent device from sleeping"
    ]
  },
  "rate": [
    [
      "14",
      "3.4"
    ],
    [
      "4",
      "5"
    ],
    [
      "5",
      "4"
    ],
    [
      "1",
      "3"
    ],
    [
      "0",
      "2"
    ],
    [
      "4",
      "1"
    ]
  ],
  "required_android": "Varies with",
  "size": "Varies with devic",
  "url": "https://play.google.com/store/apps/details?id=com.drewapps.spotiwear",
  "version": "Varies with device"
}