{
  "categories": [
    "Weather"
  ],
  "description": "LCD and Dotmatrix style watch face for Android Wear. Now with full Wear 2.0 support.Customizations are now directly in the watch.  Allows you to change:Time mode (12 hour or 24)Date Mode,Time Colour,Date Colour,Battery Colour,Weather Colour,Steps ColourSteps Icon ColourTemperature ModeLCD ShadowBackground ColourFor weather information to appear you must accept Location permission request and have location enabled on your phone.  There is no facility to enter a manual location.Requires an Android Wear device.",
  "inc": "Wearable Designs",
  "intalled_count": "500",
  "last_update": [
    "February",
    "10",
    " 2017"
  ],
  "name": "LCD ICE",
  "offered_by": "Google Commerce Ltd",
  "permissions": {
    "Location": [
      "precise location (GPS and network-based)"
    ],
    "Wearable sensors/Activity data": [
      "body sensors (like heart rate monitors)"
    ],
    "Other": [
      "view network connections",
      "full network access",
      "control vibration",
      "prevent device from sleeping",
      "view network connections",
      "full network access",
      "prevent device from sleeping"
    ]
  },
  "rate": [
    [
      "11",
      "4.0"
    ],
    [
      "6",
      "5"
    ],
    [
      "2",
      "4"
    ],
    [
      "1",
      "3"
    ],
    [
      "1",
      "2"
    ],
    [
      "1",
      "1"
    ]
  ],
  "required_android": "Varies with",
  "size": "Varies with devic",
  "url": "https://play.google.com/store/apps/details?id=uk.co.wearabledesigns.lcdice",
  "version": "Varies with device"
}