{
  "categories": [
    "Personalization"
  ],
  "description": "The must-have wearable smart watch app has changed its name from MR.TIME MAKER to 'MR.TIME'.MR.TIME app is supported by the various smart watch devices of Android Wear and Samsung Gear (Tizen). Check out our variety of watch designs!MR.TIME is a free service that can custom design various functional analogue, digital watch and several pictures as GIF moving watch faces.Design the world's only watch faces!*You must install both mobile app and Wear OS app to use MR.TIME.*[Use tips for Gear S3 & Gear S2 users]1) Download \"MR.TIME\" app from Google Play Store2) Connect your Gear S2/S3 with your smartphone through \"Samsung Gear\" app3) Make sure bluetooth is turned on for phone and smartwatch4) Install \"MR.TIME\" app from \"Samsung Galaxy Apps\" in \"Samsung Gear\" app.5) Long press on your Gear S2/S3 smartwatch and select \"MR.TIME\"[NEW EXCLUSIVE FEATURES]Updated to create a watch face with added health and weather features!*Create a watch face in a variety of designs plus smart watch features :0 Health - Steps,  Calorie  Weather -  Forecast, Temperature, UV [BASIC FEATURES]* Show off private interviews of BEST DESIGNERS!- New magazine content, Designer of the month! Interviews with selected designers will help you discover more and more rich content. If you are selected as a best designer, we offer various benefits. \"I want to be a best designer\"! If you are interested, please support us actively.* STORE of various contents- Watch Accessories - You can purchase a variety of smart watch straps. If you buy a strap, you can also get a premium label watch face!* Watch face design possible on mobile- Design by watch type (analog, digital, digital + analog, motion watch)- Customizing Smart Watch Wallpaper- Power saving mode (Ambient)- Text input- Free templates in various styles Wallpaper image Index Fonts (Text Effects) Subdial (Days, Date, Battery, Moon Phase, 24 Hours, 60 sec, AM / PM) Battery Hour, Minute, Second hand* Make Animated GIF\u2019s watch face a motion watch type- Animated watch face making with gallery photo- Share your awesome animation watch with other users* Search - tens of thousands of watch faces popularity, latest Tag, Theme Watch Type (Digital, Analog, Digital + Analog, Motion) Weekly updated editor recommended watch face* Communication Service - Share your Wonderful watch with other users! Following / Follow Comments SNS sharing* PREMIUM WATCH - PREMIUM LABEL(MR.TIME brand) high quality watch face updated every week Available as a point (purchase points from Menu> Store)* Supports circle, square display smart watchesAccess Permission CAMERA: MR.TIME needs permission to access to Camera, to scan QR code from Facerepo.com.LOCATION: MR.TIME needs permission to access to your location, to show weather information on watch faces precisely based on your location. STORAGE: MR.TIME needs permissions to access to your storage, to send watch faces or read and write your photo and video files in your smartphone and SD cards.[Supported wearable devices] Samsung Gear Live Samsung Gear 2 Samsung Gear S2 Samsung Gear S3 Samsung Gear Sport All Android Wear 1/2 (Wear OS) ASUS ZenWatch (1/2/3) Casio Smart Outdoor/Pro Trek Fossil Q Founder/Marshal/Wander Huawei Watch LG G Watch LG G Watch R LG Watch Sport LG Watch Style LG Watch Urbane (1/2) Michael Kors Access Motorola 360 (1/2/womens/sport) New Balance RunIQ Nixon Mission Polar M600 Sony Smartwatch 3 TAG Heuer Connected Tic Watch S/E",
  "inc": "MR.TIME LAB",
  "intalled_count": "100,000",
  "last_update": [
    "August",
    "3",
    " 2018"
  ],
  "name": "MR.TIME - Free Watch Face Maker",
  "offered_by": "Google Commerce Ltd",
  "permissions": {
    "Location": [
      "approximate location (network-based)",
      "precise location (GPS and network-based)"
    ],
    "Photos/Media/Files": [
      "read the contents of your USB storage",
      "modify or delete the contents of your USB storage"
    ],
    "Storage": [
      "read the contents of your USB storage",
      "modify or delete the contents of your USB storage"
    ],
    "Camera": [
      "take pictures and videos"
    ],
    "Other": [
      "receive data from Internet",
      "full network access",
      "control vibration",
      "prevent device from sleeping",
      "view network connections",
      "pair with Bluetooth devices",
      "access Bluetooth settings",
      "full network access",
      "run at startup",
      "control vibration",
      "prevent device from sleeping"
    ]
  },
  "rate": [
    [
      "5,046",
      "4.0"
    ],
    [
      "3,078",
      "5"
    ],
    [
      "709",
      "4"
    ],
    [
      "310",
      "3"
    ],
    [
      "238",
      "2"
    ],
    [
      "711",
      "1"
    ]
  ],
  "required_android": "Varies with",
  "size": "Varies with devic",
  "url": "https://play.google.com/store/apps/details?id=com.apposter.watchmaker",
  "version": "6.1.16"
}