{
  "categories": [
    "Tools"
  ],
  "description": "Turn your phone into a color flashlight, police light, disco light, candle and led banner.Have you ever tried to use your phone's screen or LED as a beacon of light, only to find it's just not bright enough? Turn your phone into a versatile flashlight with Color Flashlight app, the app that brightens up your phone's day and leads the way. Never be caught in the dark without a light again. [Color Flashlight HD LED improved design quality]* Light When You Need it, Where You Need itStuck outside with no street light? Color Flashlight app helps you out in the darkest of occasions. Use Color Flashlight to find the perfect seat in a dark theater, or find your way around when the power goes out at home.* Color Your LightChange the color and brightness of your phone's screen to help guide you where you want to go. Choose from a full range of colors to find your favorite custom-made light. Make fun flashlight effects by tapping on the menu button and choosing effect, color, and brightness.* Cool Custom EffectsHave your phone's screen simulate police light, candle light, a rainbow, a disco ball, and more. You can even use Color Flashlight to display your own personal message by typing in text, or host your own personal dance party with the built-in strobe light.* Usage : Touch the screen to show/hide options* Features- Maximize screen brightness - Use camera LED as a torch (LED Torch Light)- Change color of flashlight- Flashlight app by color note developer* Effects- Normal Flash : Screen Color flashlight, - Camera Flash : Camera LED flashlight- Useful light effects (LED Electronic Sign) : Text, Scroll, Slide, LED Sign- Emergency light effects : Strobe light, Police light, Emergency light- Fun flashlight effects : Candle, Disco light, Rainbow, Blink, Spiral- Lovely effect : Heart, I Love You* User comment: Changing flat tire in 28\u00b0WEATHER with no street light. Color flashlight app saved my life!* Permissions- Camera, Flashlight : Camera flash, LED flashlight, LED Light- Internet, Access Network State : Admob ads* Disclaimer: Strobe light can cause epileptic seizures in some people with history of epilepsy. Do not point to the face when the flash light is in strobe mode.Turn your phone int a color flashlight! It helps find your way in the theater is that you keep stepping on. Find your keys in the dark. Dance with strobe light in a club.",
  "inc": "Notes",
  "intalled_count": "50,000,000",
  "last_update": [
    "December",
    "14",
    " 2017"
  ],
  "name": "Color Flashlight",
  "offered_by": "Google Commerce Ltd",
  "permissions": {
    "Camera": [
      "take pictures and videos"
    ],
    "Other": [
      "view network connections",
      "control flashlight",
      "full network access"
    ]
  },
  "rate": [
    [
      "472,830",
      "4.2"
    ],
    [
      "297,985",
      "5"
    ],
    [
      "70,311",
      "4"
    ],
    [
      "37,277",
      "3"
    ],
    [
      "20,115",
      "2"
    ],
    [
      "47,142",
      "1"
    ]
  ],
  "required_android": "Varies with",
  "size": "Varies with devic",
  "url": "https://play.google.com/store/apps/details?id=com.socialnmobile.hd.flashlight",
  "version": "Varies with device"
}