{
  "categories": [
    "Personalization"
  ],
  "description": "\u2605\u2605\u2605 Interactive Watch Face! \u2605\u2605\u2605Nice, clean military look which offers lot of useful functions.With the introduction of the interactive watch faces API, Military Digital Watch Face now supports tap functions.\u2605\u2605\u2605 New tap features (Only for Android Wear 1.3!): \u2605\u2605\u2605 \u2714 Shortcut options for apps  Only one tap is needed to open your preferred apps such as Google Maps and Google Keep on the watch face. No need to search them in the system app list.\u2714 Google Maps shortcut (choose it from indicators list in the phone app)\u2714 Google Keep shortcut (choose it from indicators list in the phone app)\u2714 Stopwatch (tap in center to switch between clock and stopwatch)\u2714 Agenda \u2714 Flash Light\u2714 Alarm\u2714 Find My Phone***************IMPORTANT: Before tap interactions are enabled, your watch needs the latest version of Android Wear (v1.3) which is rolling out over the next few weeks. Hang tight for the update!***************\u2605\u2605\u2605 Features:\u2605\u2605\u2605 \u2714 Stopwatch\u2714 Weather providers (Yahoo, OpenWeatherMap, Y.R.)\u2714 Weather forecasts for 3 days\u2714 \u2605 Shortcuts for some built in apps ( Alarm, Google Maps, Google Keep, Find My Phone, Agenda, Flash Light)\u2605\u2714 Hour, Date, Month, Year\u2714 Compass (Note! The compass sensor is disabled by default)NOTE: Due to lack of a magnetic sensor, the compass won't work on Moto 2 gen\u2714 Battery indicator\u2714 Phone battery indicator\u2714 Daily steps counter\u2605\u2605\u2605  Configuration: \u2605\u2605\u2605 \u2714 Option to choose indicator positions\u2714 Enable/disable step counter\u2714 Change hour format\u2714 Choose colors\u2714 Choose between weather and steps counter\u2714 Set screen time (new!)\u2714 Choose between simple and full ambient mode (new!)\u2714 Choose of peek card size\u2714 Peek card translucent option\u2714 System bar position optionLive chat and email support on: http://www.richface.watch\u2605\u2605\u2605 Tip 1 \u2605\u2605\u2605 In a companion app setting you are able to choose indicator positions(left, middle and right position)\u2605\u2605\u2605  Tip 2 \u2605\u2605\u2605 \u2714 If the watch face is not shown on your watch after re-sync, try these steps:1. Disconnect devices (watch and phone)2. Uninstall the watch face3. Restart watch and connect device again4. Then finally install the watch face\u2605\u2605\u2605  Compass calibration: \u2605\u2605\u2605 \u2714 Move the watch slowly, 5 seconds per full rotation is OK\u2714 Rotate the watch three full cycles around the axis pointing upward\u2714 Rotate the watch  three full cycles around the axis pointing away from you\u2714 Rotate the watch three full cycles around the axis pointing right\u2714 The direction of rotation doesn't matter\u2605\u2605\u2605 To install:\u2605\u2605\u2605 1. After install run 'Resync app' on Android Wear App.2. Long press your android wear watch and choose RichFace Digital as you watch face",
  "inc": "RichFace",
  "intalled_count": "10,000",
  "last_update": [
    "April",
    "21",
    " 2017"
  ],
  "name": "Watch Face Military Digital",
  "offered_by": "Google Commerce Ltd",
  "permissions": {
    "Location": [
      "approximate location (network-based)",
      "precise location (GPS and network-based)"
    ],
    "Other": [
      "receive data from Internet",
      "view network connections",
      "full network access",
      "prevent device from sleeping"
    ]
  },
  "rate": [
    [
      "1,199",
      "4.1"
    ],
    [
      "602",
      "5"
    ],
    [
      "350",
      "4"
    ],
    [
      "112",
      "3"
    ],
    [
      "63",
      "2"
    ],
    [
      "72",
      "1"
    ]
  ],
  "required_android": "Varies with",
  "size": "Varies with devic",
  "url": "https://play.google.com/store/apps/details?id=com.watch.richface.digital",
  "version": "Varies with device"
}