{
  "categories": [
    "Sports"
  ],
  "description": "Use Hole19 Golf GPS for Smartwatch on your Android Wear 2.0 to get GPS distances when you're out on the golf course. HIT THE PERFECT SHOT WITH: * Precise GPS distances for more than 40,000 golf courses around the world (95% world coverage) will give just what you need hit targets and avoid hazards.* Get real-time distances to the front, back and centre of the green* High-resolution touchscreen with easy-to-read numbering.* Visualise and plan each round before you step onto the 1st TeeMAIN FEATURES:* Sync & Store up to 50 of your favourite Golf Courses* No phone required.  Use the watches built-in GPS to get your distances* Save your mobile data. No internet connection required, GPS onlyOTHER NOTES:* http://help.hole19golf.com - FAQs, product articles, step-by-step guides and more* mapping@hole19golf.com - Mapping Requests * help@hole19golf.com - Technical Support",
  "inc": "Hole19",
  "intalled_count": "1,000",
  "last_update": [
    "July",
    "26",
    " 2018"
  ],
  "name": "Hole19 Golf GPS for Smartwatch",
  "offered_by": "Google Commerce Ltd",
  "permissions": {
    "Location": [
      "precise location (GPS and network-based)"
    ],
    "Other": [
      "receive data from Internet",
      "view network connections",
      "pair with Bluetooth devices",
      "full network access",
      "prevent device from sleeping"
    ]
  },
  "rate": [
    [
      "37",
      "3.4"
    ],
    [
      "14",
      "5"
    ],
    [
      "7",
      "4"
    ],
    [
      "4",
      "3"
    ],
    [
      "5",
      "2"
    ],
    [
      "7",
      "1"
    ]
  ],
  "required_android": "7.1",
  "size": "12",
  "url": "https://play.google.com/store/apps/details?id=com.hole19golf.wear",
  "version": "1.3.7"
}