{
  "categories": [
    "Strategy"
  ],
  "description": "Grow your Empire in a Day with UNLIMITED CURRENCY TO INSTANTLY COMPLETE ALL your BuildingsPrepare your Alliance for War and spread your Dominance in all corners of the empire in this modern military strategy game. Form powerful allies and lead your army in battle with the sole objective of complete annihilation. Build, research and upgrade the best units, buildings and facilities modern warfare has to offer and start expanding your empire.***FEATURES***\u2605 BUILD THE PERFECT ARMY including marines, snipers, tanks, drones, and more. \u2605 DEPLOY MODERN WEAPONS including tactical nukes, emp waves and orbital HARRP strikes.\u2605 DYNAMIC WAR ARENA that delivers realistic battles and captures the unpredictability of warfare.\u2605 CONTROL YOUR ARMY in battle to surgically capture enemy bases.\u2605 FORGE ALLIANCES with millions of allies from around the Globe\u2605 SAVE THE WORLD from multiple terrorist organizations to unlock achievements in this MMO military strategy game. \u2605 CHAT WITH THE WORLD by sending messages between your Allies to formulate your war strategyDownload Alliance Wars: Global Invasion for FREE today and see if you have what it takes to command a military alliance to victory!~~~~~~~~~~~~~~~~~~~~~~~~~~~~~~~~DisclosureThe game is free to play, however in-app purchases are available for additional content and premium currency. In-app purchases range from $0.99 to $99.99.Note: A network connection is required to playThis application is published, developed and managed by Mindstorm Studios. For the Privacy & Cookie Policy, please visit http://www.mindstormstudios.com/privacy.html",
  "inc": "Mindstorm Studios",
  "intalled_count": "1,000,000",
  "last_update": [
    "June",
    "20",
    " 2017"
  ],
  "name": "Alliance Wars: American Empire",
  "offered_by": "Google Commerce Ltd",
  "permissions": {
    "Device & app history": [
      "retrieve running apps"
    ],
    "Photos/Media/Files": [
      "read the contents of your USB storage",
      "modify or delete the contents of your USB storage"
    ],
    "Storage": [
      "read the contents of your USB storage",
      "modify or delete the contents of your USB storage"
    ],
    "Wi-Fi connection information": [
      "view Wi-Fi connections"
    ],
    "Other": [
      "receive data from Internet",
      "view network connections",
      "full network access",
      "use accounts on the device",
      "prevent device from sleeping"
    ]
  },
  "rate": [
    [
      "25,684",
      "4.4"
    ],
    [
      "19,213",
      "5"
    ],
    [
      "2,280",
      "4"
    ],
    [
      "1,405",
      "3"
    ],
    [
      "678",
      "2"
    ],
    [
      "2,108",
      "1"
    ]
  ],
  "required_android": "4.0",
  "size": "99",
  "url": "https://play.google.com/store/apps/details?id=com.mss.allies.invasion.bs",
  "version": "1.912"
}