{
  "categories": [
    "Role Playing"
  ],
  "description": "In the battle to save your people, will you defy the gods? In an ancient world where myth is reality and fate is relentless, your destiny will lead you to secrets no mortal should ever know.\"Champion of the Gods\" is a thrilling 217,000-word interactive novel by Jonathan Valuckas, where your choices control the story. It's entirely text-based--without graphics or sound effects--and fueled by the vast, unstoppable power of your imagination.As you fight your way through a harsh landscape inspired by Greek myth, you\u2019ll challenge monsters, soldiers, and even gods. Win allies with your humility, your haughtiness, or your powers of deception. Enjoy gifts from the gods, or refuse them all and face the consequences.Will you earn favor from the goddess of love, or make the god of war your protector? Can you escape a watery death without divine intervention? And when you finally learn the truth of your destiny, will you overthrow the ones who made you, or will you become the Champion of the Gods?\u2022 Explore a rich world inspired by the ancient myths.\u2022 Use divine gifts to embolden your allies, and control your enemies.\u2022 Peer into the future, the far distance, or the hearts of your foes with second sight.\u2022 Receive a horoscope tailored to your character's unique personality.\u2022 Delve into romances, or play the game without them--the choice is yours.\u2022 Play as male or female; straight, gay, or bi.",
  "inc": "Choice of Games LLC",
  "intalled_count": "5,000",
  "last_update": [
    "May",
    "11",
    " 2017"
  ],
  "name": "Champion of the Gods",
  "offered_by": "Google Commerce Ltd",
  "permissions": {
    "Other": [
      "view network connections",
      "full network access"
    ]
  },
  "rate": [
    [
      "518",
      "4.5"
    ],
    [
      "324",
      "5"
    ],
    [
      "141",
      "4"
    ],
    [
      "42",
      "3"
    ],
    [
      "7",
      "2"
    ],
    [
      "4",
      "1"
    ]
  ],
  "required_android": "2.3",
  "size": "3.7",
  "url": "https://play.google.com/store/apps/details?id=com.choiceofgames.champion",
  "version": "1.1.0"
}