{
  "categories": [
    "Trivia"
  ],
  "description": "Quiz is the perfect quiz game for having fun and learning new things at the same time! Download it now for your Android and enjoy while improving your general knowledge. No matter if you\u2019re alone, with friends or family, you\u2019ll get so much FUN that you won\u2019t stop playing this trivia game! :DHOW TO PLAY:- You must answer 15 questions correctly - You can use up to 4 lifelines- At the end you\u2019ll win 1 MILLION dollars (virtual) - If you fail you\u2019ll lose everything or win the corresponding to the secure level you were- Good luck!",
  "inc": "Walkme Mobile",
  "intalled_count": "1,000,000",
  "last_update": [
    "January",
    "18",
    " 2018"
  ],
  "name": "Quiz",
  "offered_by": "Google Commerce Ltd",
  "permissions": {
    "Wi-Fi connection information": [
      "view Wi-Fi connections"
    ],
    "Other": [
      "receive data from Internet",
      "view network connections",
      "full network access",
      "prevent device from sleeping"
    ]
  },
  "rate": [
    [
      "5,979",
      "4.4"
    ],
    [
      "3,925",
      "5"
    ],
    [
      "1,114",
      "4"
    ],
    [
      "461",
      "3"
    ],
    [
      "139",
      "2"
    ],
    [
      "340",
      "1"
    ]
  ],
  "required_android": "4.1",
  "size": "33",
  "url": "https://play.google.com/store/apps/details?id=pt.wm.milhes",
  "version": "1.5.1"
}