{
  "categories": [
    "Word"
  ],
  "description": "LE SUCC\u00c8S N\u00b01 AVEC PLUS DE 220.000.000 JOUEURS \u00c0 TRAVERS LE MONDE !4 images qui ont 1 mot en commun \u2013 lequel ?D\u00e9couvrez pourquoi tout le monde adore ce jeu - et PLONGEZ DANS LE PLAISIR !\u2605LA VERSION FRAN\u00c7AISE OFFICIELLE DU SUCC\u00c8S MONDIAL \u00ab4 PICS 1 WORD\u00bb !\u2605Des puzzles en fran\u00e7ais faits sur mesure juste pour toi !\u2605DU PLAISIR INFINI AVEC DES NOUVEAUX PUZZLES !\u2605Vous pouvez deviner tous les mots et r\u00e9soudre tous les niveaux ? Des nombreux puzzles vous attendent - des plus simples aux plus complexes ! De nouveaux puzzles seront ajout\u00e9s r\u00e9guli\u00e8rement pour un plaisir infini des mots !\u2605DU PLAISIR IMM\u00c9DIAT ET PUR\u2605Pas de registration, pas de r\u00e8gles compliqu\u00e9es. Vous pouvez tout de suite commencer \u00e0 jouer et \u00e0 vous amuser !\u2605LE JEU SIMPLE - MAIS HYPER ADDICTIF\u2605Quel est le mot ? Regardez les quatre images, et d\u00e9couvrez ce qu'elles sont en commun. Gagnez !\u2605LE CASSE-T\u00caTE LE PLUS ADDICTIF DU MONDE !\u2605Il y a plus de 220.000.000 passionn\u00e9s de \u00ab4 Images 1 Mot\u00bb dans 8 langues tout autour du monde. Rejoignez-les !",
  "inc": "LOTUM GmbH",
  "intalled_count": "10,000,000",
  "last_update": [
    "July",
    "12",
    " 2018"
  ],
  "name": "4 Images 1 Mot",
  "offered_by": "Google Commerce Ltd",
  "permissions": {
    "Photos/Media/Files": [
      "read the contents of your USB storage",
      "modify or delete the contents of your USB storage"
    ],
    "Storage": [
      "read the contents of your USB storage",
      "modify or delete the contents of your USB storage"
    ],
    "Wi-Fi connection information": [
      "view Wi-Fi connections"
    ],
    "Other": [
      "receive data from Internet",
      "view network connections",
      "full network access",
      "control vibration",
      "prevent device from sleeping"
    ]
  },
  "rate": [
    [
      "330,577",
      "4.3"
    ],
    [
      "192,977",
      "5"
    ],
    [
      "89,292",
      "4"
    ],
    [
      "28,950",
      "3"
    ],
    [
      "8,252",
      "2"
    ],
    [
      "11,106",
      "1"
    ]
  ],
  "required_android": "4.1",
  "size": "49",
  "url": "https://play.google.com/store/apps/details?id=de.lotum.whatsinthefoto.fr",
  "version": "8.7.0-fr"
}