{
  "categories": [
    "Role Playing"
  ],
  "description": "Game of Sultans is an exciting new empire simulation RPG game in which you get to experience the life of a Sultan \u2013 a king of Europe and the Middle East! Every detail has been attended to so that players can immerse themselves in brutal wars, military strategy, flirtatious romance, empire management, political intrigue, and more! Key Features:- Become a Sultan \u2013 Experience an empire at your command!- Assemble your harem \u2013 Romance beautiful and influential queens!- Recruit warlords \u2013 Rally a fiersome council of historical viziers!- Raise a family \u2013 Lovingly raise your children from childbirth to young adults!- Join PvP \u2013 Marshal your armies against other players worldwide!- Forge alliances \u2013 Make friends and enemies, join the good fight!- Turkish Coffee \u2013 Drink, chat, then listen as the fortuneteller interprets each cup! The Ottoman Empire was a time of great change, remembered for its brutal conquests, romance, creativity, prosperity, wars, rebellions, love, marriage, and great coffee! Follow and like us on Facebook!Facebook: facebook.com/gameofsultansIf you have any questions, feedback, or suggestions, please feel free to contact us!E-mail: support_gos@mechanist.co",
  "inc": "Mechanistgames",
  "intalled_count": "500,000",
  "last_update": [
    "July",
    "31",
    " 2018"
  ],
  "name": "Game of Sultans",
  "offered_by": "Google Commerce Ltd",
  "permissions": {
    "Photos/Media/Files": [
      "access USB storage filesystem",
      "read the contents of your USB storage",
      "modify or delete the contents of your USB storage"
    ],
    "Storage": [
      "read the contents of your USB storage",
      "modify or delete the contents of your USB storage"
    ],
    "Wi-Fi connection information": [
      "view Wi-Fi connections"
    ],
    "Other": [
      "receive data from Internet",
      "view network connections",
      "full network access",
      "prevent device from sleeping",
      "Google Play license check",
      "view network connections",
      "full network access",
      "prevent device from sleeping"
    ]
  },
  "rate": [
    [
      "8,624",
      "4.1"
    ],
    [
      "5,517",
      "5"
    ],
    [
      "1,049",
      "4"
    ],
    [
      "640",
      "3"
    ],
    [
      "236",
      "2"
    ],
    [
      "1,182",
      "1"
    ]
  ],
  "required_android": "4.0.3",
  "size": "87",
  "url": "https://play.google.com/store/apps/details?id=com.dc.hwsj",
  "version": "1.2.30"
}