{
  "categories": [
    "Tools"
  ],
  "description": "This is the official Smart Connect app from Sony. With Smart Connect you can decide what happens when you connect your Android smartphone or tablet to an accessory or other device. It is device and time sensitive. You can choose between single and multiple actions such as starting the music player, a slideshow, turning GPS or Wi-Fi on/off - whatever you want.Smart Connect also helps you set up and manage smart accessories such as SmartWatch, SmartTags, and app-enabled Bluetooth\u00ae headsets from Sony. When you connect your smart accessory, Smart Connect identifies it and downloads any required app for that specific device. It will also find any app extensions available for that accessory.Previously connected devices are listed within Smart Connect to give you easy access to information and device options.NoteSmart Connect replaces LiveWare\u2122 manager from Android 4.0",
  "inc": "Sony Mobile Communications",
  "intalled_count": "100,000,000",
  "last_update": [
    "April",
    "27",
    " 2018"
  ],
  "name": "Smart Connect",
  "offered_by": "Google Commerce Ltd",
  "permissions": {
    "Identity": [
      "find accounts on the device",
      "add or remove accounts"
    ],
    "Contacts": [
      "read your contacts"
    ],
    "Location": [
      "precise location (GPS and network-based)"
    ],
    "SMS": [
      "read your text messages (SMS or MMS)",
      "receive text messages (SMS)",
      "send SMS messages",
      "edit your text messages (SMS or MMS)"
    ],
    "Phone": [
      "directly call phone numbers",
      "read phone status and identity"
    ],
    "Photos/Media/Files": [
      "read the contents of your USB storage",
      "modify or delete the contents of your USB storage"
    ],
    "Storage": [
      "read the contents of your USB storage",
      "modify or delete the contents of your USB storage"
    ],
    "Wi-Fi connection information": [
      "view Wi-Fi connections"
    ],
    "Device ID & call information": [
      "read phone status and identity"
    ],
    "Device & app history": [
      "retrieve running apps"
    ],
    "Other": [
      "modify secure system settings",
      "view network connections",
      "pair with Bluetooth devices",
      "access Bluetooth settings",
      "send sticky broadcast",
      "change network connectivity",
      "connect and disconnect from Wi-Fi",
      "full network access",
      "change your audio settings",
      "control Near Field Communication",
      "run at startup",
      "use accounts on the device",
      "control vibration",
      "prevent device from sleeping",
      "modify system settings",
      "view network connections",
      "pair with Bluetooth devices",
      "access Bluetooth settings",
      "send sticky broadcast",
      "change system display settings",
      "change network connectivity",
      "connect and disconnect from Wi-Fi",
      "full network access",
      "change your audio settings",
      "control Near Field Communication",
      "run at startup",
      "use accounts on the device",
      "control vibration",
      "prevent device from sleeping",
      "modify system settings",
      "view network connections",
      "pair with Bluetooth devices",
      "access Bluetooth settings",
      "send sticky broadcast",
      "change system display settings",
      "change network connectivity",
      "connect and disconnect from Wi-Fi",
      "full network access",
      "change your audio settings",
      "control Near Field Communication",
      "run at startup",
      "control vibration",
      "prevent device from sleeping",
      "modify system settings",
      "pair with Bluetooth devices",
      "access Bluetooth settings",
      "send sticky broadcast",
      "run at startup",
      "prevent device from sleeping"
    ]
  },
  "rate": [
    [
      "183,949",
      "4.2"
    ],
    [
      "109,147",
      "5"
    ],
    [
      "34,006",
      "4"
    ],
    [
      "17,497",
      "3"
    ],
    [
      "6,689",
      "2"
    ],
    [
      "16,610",
      "1"
    ]
  ],
  "required_android": "Varies with",
  "size": "Varies with devic",
  "url": "https://play.google.com/store/apps/details?id=com.sonyericsson.extras.liveware",
  "version": "Varies with device"
}