{
  "categories": [
    "Role Playing"
  ],
  "description": "Express yourself and become a style maven in the #1 dressup boutique simulation game!Designed for style savvy women of all ages, it\u2019s free to play and you can play Fashion Empire while offline. The game is constantly updated and full of fabulous gameplay-- CHIC FASHIONS to sell, mix and match and grow your fortune- DECORATE your boutiques with thousands of gorgeous decorations- DESIGN thousands of unique items ranging from elegant to edgy- DRESS UP yourself and your trendy staff any way you choose- MAKEOVERS with all the latest makeup and cosmetics trends- COLLECT and covet special designer, elite and signature items- SHOP furniture - racks, tables, registers, displays and much more - STORY mode with fashion shows, fascinating characters and freedom- ADVENTURE to the top with hundreds of quests across many cities- WIN big and show off in online challenges - it\u2019s fashion week every day!- JOIN a vibrant fashion loving communityThe game is free to play and in-app purchases are available for additional content and premium currency.Game background and how to play:1/ You start in San Francisco, an aspiring designer just opened your first shop. You've always been creative, from playing dress up with barbie dolls as a kid, hours on the sims, learning to sketch and creating an amazing portfolio at a top design academy. Together with your investor Eva you'll begin by designing your very first item - a gorgeous pink dress which is sure to bring in initial shoppers2/ After making your first sales you'll want to expand capacity for racks, registers, dressing rooms - and don't forget decorations to attract the style minded clients.3/ As your boutique grows you'll learn more and unlock more outfit categories of items - shoes, heels, bags, purses, rompers, jumpsuits, makeup, cosmetics, accessories and more.4/ After a while you'll probably find yourself busy as the sole worker in your boutique - it will be time to find the perfect staff to join you on your journey. But first you'll need to find a way to persuade them to join - and each have their own story to tell and personality to work with.5/ San Francisco is just the beginning, soon you'll be expanding to Las Vegas, Miami, Los Angeles and even New York. There you'll get to know celebs and stars who will warm to your unique style and, in time, crave and covet your latest collections. And who knows what glamorous occasions you'll be designing for...6/ Your reputation is starting to grow and it's time to prove yourself on the world stage amongst millions of other players. This is your chance to show your interior designs and outfits in challenging online themed contests, whether it's celebrity style or coffee casual, from red carpet to haute couture runway...Ladies, the next big dressup game is here - it's time to write YOUR stylish story.Questions or requests? Email us at fashionempire@frenzoo.com",
  "inc": "Frenzoo",
  "intalled_count": "10,000,000",
  "last_update": [
    "July",
    "23",
    " 2018"
  ],
  "name": "Fashion Empire - Boutique Sim",
  "offered_by": "Google Commerce Ltd",
  "permissions": {
    "Identity": [
      "find accounts on the device"
    ],
    "Contacts": [
      "find accounts on the device"
    ],
    "Phone": [
      "read phone status and identity"
    ],
    "Photos/Media/Files": [
      "read the contents of your USB storage",
      "modify or delete the contents of your USB storage"
    ],
    "Storage": [
      "read the contents of your USB storage",
      "modify or delete the contents of your USB storage"
    ],
    "Device ID & call information": [
      "read phone status and identity"
    ],
    "Wi-Fi connection information": [
      "view Wi-Fi connections"
    ],
    "Other": [
      "receive data from Internet",
      "view network connections",
      "full network access",
      "run at startup",
      "prevent device from sleeping",
      "view network connections",
      "full network access",
      "prevent device from sleeping"
    ]
  },
  "rate": [
    [
      "290,182",
      "4.3"
    ],
    [
      "185,029",
      "5"
    ],
    [
      "53,524",
      "4"
    ],
    [
      "24,284",
      "3"
    ],
    [
      "7,455",
      "2"
    ],
    [
      "19,890",
      "1"
    ]
  ],
  "required_android": "4.1",
  "size": "92",
  "url": "https://play.google.com/store/apps/details?id=com.frenzoo.FashionEmpireBoutiqueGirlGame",
  "version": "2.74.0"
}