{
  "categories": [
    "Role Playing"
  ],
  "description": "\u201cA Sharp\u2019s King of Dragon Pass is quite literally the best and deepest text-based game I\u2019ve ever seen\u201d - hardcoredroid.com *** 15 new interactive scenes added! *** \u2022 One of the Top 100 best mobile games of all time (Metacritic)\u2022 Epic saga of conflict, mythology and community\u2022 Immensely replayable\u2022 Hand-painted artwork\u2022 Interactive story with an ultimate level of complexityRule your own clan, take important strategic decisions, win battles and expand your influence.This is story-based story rich text adventure rpg game. It\u2019s set in Glorantha (the world of the games RuneQuest, HeroQuest, 13th Age, and soon Six Ages).This strategy game in atmospheric fantasy mythology is very difficult. Choose your own adventure in Cult Classic. A unique mix of RPG and strategy: everything in King of Dragon Pass is about choice and control. Choose your counsel carefully, sign diplomatic agreements or declare war on nearby clans. This acclaimed game of magical storytelling blends interactive stories and resource management. Immensely replayable, thanks to nearly 600 interactive scenes. Short episodes and automatic saving mean you can play even when you only have a minute or two. The built-in saga writes down the story for you and advisors with distinctive personalities help you rule your clan.The gorgeous hand-painted artwork won Best Visual Arts at the second Independent Games Festival.Become the King of Dragon Pass!_____________________________________FOLLOW US: @Herocraft WATCH US: youtube.com/herocraft LIKE US: facebook.com/herocraft.games",
  "inc": "HeroCraft Ltd.",
  "intalled_count": "10,000",
  "last_update": [
    "July",
    "13",
    " 2018"
  ],
  "name": "King of Dragon Pass: Text Adventure RPG",
  "offered_by": "Google Commerce Ltd",
  "permissions": {
    "Photos/Media/Files": [
      "read the contents of your USB storage",
      "modify or delete the contents of your USB storage"
    ],
    "Storage": [
      "read the contents of your USB storage",
      "modify or delete the contents of your USB storage"
    ],
    "Wi-Fi connection information": [
      "view Wi-Fi connections"
    ],
    "Other": [
      "modify/delete internal media storage contents",
      "view network connections",
      "full network access",
      "control vibration",
      "prevent device from sleeping",
      "Google Play license check"
    ]
  },
  "rate": [
    [
      "3,528",
      "4.5"
    ],
    [
      "2,504",
      "5"
    ],
    [
      "618",
      "4"
    ],
    [
      "169",
      "3"
    ],
    [
      "89",
      "2"
    ],
    [
      "148",
      "1"
    ]
  ],
  "required_android": "4.0.3",
  "size": "50",
  "url": "https://play.google.com/store/apps/details?id=com.herocraft.kodp",
  "version": "1.1.18"
}