{
  "categories": [
    "Word"
  ],
  "description": "Are you ready to become the best \"word\" cookie baker?Connect chocolatey letters to decorate word cookies & complete your set of crossword puzzle pan!\ud83c\udf6b\ud83c\udf69\ud83c\udf6dFEATURES\u2022 Decorate your word cookies with delicious, chocolatey icing!\t\t\t\u2022 Explore 500+ more challenging crossword puzzles every day & become a word master\t\t\t\u2022 Claim your daily rewards to give yourself the extra boost you need!\t\t\t\u2022 Collect extra word to fill up the cookie jar & receive even more rewards!\t\t\t\u2022 Get your own baking tool collection by completing each given stage\t\t\t\u2022 Find the starred cookies to facilitate your gameplay\t\t\t\u2022 Ask your friends for help & invite them over to play together!\t\t\t\u2022 No need to rush! With no time limit, you can enjoy the game at your own pace!\t\t\t\u2022 Great for wordies to enhance vocabulary & excellent for kids to learn new words!\t\t\t\u2022 Wifi is not required! Word Cookies Cross can be enjoyed on & offline!\tNOTE\u2022 WordCookies Cross contains ads that vary from banners, interstitials, videos to house ads.\u2022 WordCookies Cross is free to play, however, you may purchase in-app items like Ad-free and coins.Need Help? Have Questions?Please contact us at contact@bitmango.comVisit Our Website:http://www.bitmango.com/Like Us on Facebook to Stay Up-to-Datehttps://www.facebook.com/wordcookiescross/",
  "inc": "BitMango",
  "intalled_count": "1,000,000",
  "last_update": [
    "July",
    "26",
    " 2018"
  ],
  "name": "WordCookies Cross",
  "offered_by": "Google Commerce Ltd",
  "permissions": {
    "Photos/Media/Files": [
      "read the contents of your USB storage",
      "modify or delete the contents of your USB storage"
    ],
    "Storage": [
      "read the contents of your USB storage",
      "modify or delete the contents of your USB storage"
    ],
    "Wi-Fi connection information": [
      "view Wi-Fi connections"
    ],
    "Other": [
      "receive data from Internet",
      "view network connections",
      "full network access",
      "prevent device from sleeping"
    ]
  },
  "rate": [
    [
      "32,935",
      "4.7"
    ],
    [
      "24,957",
      "5"
    ],
    [
      "5,833",
      "4"
    ],
    [
      "1,416",
      "3"
    ],
    [
      "262",
      "2"
    ],
    [
      "467",
      "1"
    ]
  ],
  "required_android": "4.1",
  "size": "Varies with devic",
  "url": "https://play.google.com/store/apps/details?id=com.bitmango.go.wordcookiescross",
  "version": "1.3.3"
}