{
  "categories": [
    "Role Playing"
  ],
  "description": "Help your people! Join the fight against the Skeleton Boss, and become the best hero in the dungeons.Live a real adventure with this online Action MMORPG game. Enjoy Dungeon Legends for free, and discover an endless world of battles, quests, and epic creatures.Dungeon Legends is a hack & slash game optimized for mobile devices. A classic ARPG experience adapted to touch screens.Fight against other players in the pvp multiplayer modes like the Arena, and become a legend of the dungeons. Go over the dungeons looking for incredible adventures, and legendary treasures, or ask for help to overcome the quests of the online cooperative multiplayer mode. Join a clan and fight the most epic battles to conquer the dungeons.Adapt your hero to your gameplay. Turn your Dwarf into an epic warrior, a healer, a hunter or a protector. Train your hero in the adventure quests, and fight other heroes in the online pvp multiplayer arena.\ud83d\udc32 BUILD YOUR OWN ADVENTUREIt was a long time ago, but Dwarfs remember the Skeleton Boss. He attacked the villages with his army of goblins, skeletons, trolls, and balrogs. But Dwarfs do not surrender, they fear nothing, and they cooperated to hunt their enemies, and battle that army.Dwarfs defeated the Skeleton Boss, and force him to hide in the ancient Dungeons.Now, the Skeleton Boss is back.He is summoning an army to leave his prison, and take revenge on the Dwarfs.The Skeleton Boss is waiting in his throne, deep in the Dungeons.The only hope for the Dwarfs is to find him, cooperate, and hunt him before he recovers his power.\ud83d\udd2eDISCOVER AN ENDLESS ADVENTURE RPG GAMEEach quest in this Action RPG is unique. Unleash your arcane powers, and hack and slash the evil creatures with a good strategy to obtain legendary rewards. Hunt the evil in the campaign or take part on the multiplayer battles onlines.\u2694\ufe0f FIGHT IN THE ONLINE MULTIPLAYER ARENAFight epic PvP battles with other heroes, or the online multiplayer modes. Enter the arena alone or with friends, and prove you are the best evil hunter in the dungeons.\ud83c\udfc6 PARTICIPATE IN PVE/PVP EVENTSHelp your fellows dwarves in the PvE events, and compete with them in the PvP battles. Each week there is a new opportunity to prove yourself as the best dwarf.\ud83c\udfae ENJOY A TRUE ACTION RPG GAMEThis mmorpg controls are designed for touch screens. Hack & Slash game mechanics adapted to mobile devices.\ud83c\udf81SHARE YOUR ADVENTURES ONLINEExplore the online multiplayer coop adventures with your friends. Cooperate with other epic heroes online to complete the hardest quests or fight against them in the online multiplayer PvP arena.\u2b50\ufe0f AWESOME FEATURES:- Play a true Action RPG adventure- Enjoy the Hack & Slash mechanics- Fight in epic multiplayer battles against other heroes online- Join other heroes to complete the online coop quests- Play PvP fights in the dungeons- Participate in weekly PvE events- Team up with your friends in the online coop adventure- PvE events, PvP battles, online multiplayer battles, and coop battles can be played for freeIf you are looking for a new hack & slash game and mobile action rpg game, this mmorpg adventure game will be your new favourite RPG, action MMO, online RPG, and PvP game. Will you be the best dwarf? Be prepared for amazing boss battles, legendary online PvE quests, coop multiplayer levels full of action, and a new world full of arcane magic.Please note:- This epic MMORPG game is free to play, but in-apps items can be purchased with real money. To restrict in-app purchases adjust the settings on your device.- Dungeon Legends is an online ARPG game, and requires an Internet connection to play.---Like the game: http://facebook.com/dungeonlegendsgameFollow us: http://twitter.com/codigamesJoin the Official Forum: http://forum.codigames.com",
  "inc": "Codigames",
  "intalled_count": "1,000,000",
  "last_update": [
    "June",
    "25",
    " 2018"
  ],
  "name": "Dungeon Legends - PvP Action MMO RPG Co-op Games",
  "offered_by": "Google Commerce Ltd",
  "permissions": {
    "Photos/Media/Files": [
      "read the contents of your USB storage",
      "modify or delete the contents of your USB storage"
    ],
    "Storage": [
      "read the contents of your USB storage",
      "modify or delete the contents of your USB storage"
    ],
    "Wi-Fi connection information": [
      "view Wi-Fi connections"
    ],
    "Other": [
      "receive data from Internet",
      "view network connections",
      "full network access",
      "use accounts on the device",
      "Google Play license check"
    ]
  },
  "rate": [
    [
      "102,082",
      "4.4"
    ],
    [
      "67,562",
      "5"
    ],
    [
      "22,185",
      "4"
    ],
    [
      "6,139",
      "3"
    ],
    [
      "1,596",
      "2"
    ],
    [
      "4,600",
      "1"
    ]
  ],
  "required_android": "4.0.3",
  "size": "42",
  "url": "https://play.google.com/store/apps/details?id=com.codigames.dungeon",
  "version": "3.10"
}