{
  "categories": [
    "Word"
  ],
  "description": "Puzzle your way through more than 1,000 levels; the clues are in the pictures. This word game is both elegant and simple, yet will challenge even the greatest word enthusiast. So fire up your detective skills and kick your brain into gear; it'll thank you for it later! Wordalot features: - Simple gameplay! - Learn new words! - Beautiful hand-picked images Exercising your brain with Wordalot is the perfect way to take the edge off your commute or enhance your coffee break.---Wordalot has been lovingly created by MAG Interactive, where we take fun seriously.Join a global audience of more than 100 million players and check out some of our other chart-topping hit games like Ruzzle, WordBrain or WordBrain 2!We really value your feedback, go to https://www.facebook.com/WordalotGame/ and say what's on your mind!More about MAG Interactive at www.maginteractive.comGood Times!",
  "inc": "MAG Interactive",
  "intalled_count": "5,000,000",
  "last_update": [
    "July",
    "24",
    " 2018"
  ],
  "name": "Wordalot - Picture Crossword",
  "offered_by": "Google Commerce Ltd",
  "permissions": {
    "Photos/Media/Files": [
      "read the contents of your USB storage",
      "modify or delete the contents of your USB storage"
    ],
    "Storage": [
      "read the contents of your USB storage",
      "modify or delete the contents of your USB storage"
    ],
    "Wi-Fi connection information": [
      "view Wi-Fi connections"
    ],
    "Other": [
      "receive data from Internet",
      "view network connections",
      "full network access",
      "prevent device from sleeping"
    ]
  },
  "rate": [
    [
      "116,461",
      "4.6"
    ],
    [
      "81,248",
      "5"
    ],
    [
      "25,940",
      "4"
    ],
    [
      "6,395",
      "3"
    ],
    [
      "1,104",
      "2"
    ],
    [
      "1,774",
      "1"
    ]
  ],
  "required_android": "4.1",
  "size": "98",
  "url": "https://play.google.com/store/apps/details?id=se.maginteractive.wordalot",
  "version": "5.018"
}