{
  "categories": [
    "Action"
  ],
  "description": "***A TALE OF STRENGTH AND STEEL***Live the fantasy: Be a knight & joust your way to victory! Compete with thousands of other players in games of glory & adventure! This is the most intuitive, action-packed & visually stunning knight combat game on touch screens!JOUST LIKE A KNIGHT!\u221a Experience the thrill of fast-paced & highly addictive jousting for free\u221a Sharpen your war skills with precision timing & aim\u221a Battle ruthless foes & rival clans across 5 leagues to seize their castles & thrones\u221a Embark on an adventure across the kingdom, become a champion & etch your name into history!BONE-BREAKING ACTION\u221a Motion-capture animations for knights & horses immerse you in battle like never before in a free game\u221a Enjoy stunning, lifelike 3D graphics and dynamic camera angles\u221a Compete in a breathtaking environment with changing weather conditions & time of day\u221a Send rivals flying with real-time ragdoll physics & slow-motion effectsARM YOURSELF FOR VICTORY\u221a Unlock over 120 mounts, lances, armors, helms & more\u221a Upgrade them at the Blacksmith to gain an edge over opponents\u221a Use temporary boosts wisely to triumph in your adventure\u221a Customize your crest to strike fear into your rivalsTHROW DOWN THE GAUNTLET!\u221a Challenge other players in asynchronous multiplayer games\u221a Enter weekly PvP multiplayer tournaments for glory\u2026\u221a \u2026and win King-sized rewards!Will you ride to victory, or fall in battle?These are troubled times for you & your people. Your kingdom is in debt, the king slain in war, no one has claimed the Champions' Thrones, & enemy clans are massing at the kingdom's borders.Embark on an epic quest & get ready to battle your way through intense solo and multiplayer challenges in this free new jousting game. Journey from castle to castle in search of adventure & action.Claim the Champions' Thrones with your friends. Become a legend of jousting, grab the tournament chest & save your kingdom from the hands of the awful Lord Cunnings.Forget about fantasy MMO games, castle games & war games. If you are looking for a true fantasy adventure, this free game is for you. It features massive multiplayer online (MMO) tournaments, clans, epic knight battles, all set in a breathtaking medieval fantasy kingdom, for free. The war for the Champions' Thrones is on!G+ support is temporarily removed. It will be back in a future update, along with an achievement system._____________________________________________Visit our official site at http://www.gameloft.comFollow us on Twitter at http://glft.co/GameloftonTwitter or like us on Facebook at http://facebook.com/Gameloft to get more info about all our upcoming titles.Check out our videos and game trailers on http://www.youtube.com/Gameloft Discover our blog at http://glft.co/Gameloft_Official_Blog for the inside scoop on everything Gameloft._____________________________________________This app allows you to purchase virtual items within the app and may contain third-party advertisements that may redirect you to a third-party site.Privacy Policy : http://www.gameloft.com/privacy-notice/Terms of Use : http://www.gameloft.com/conditions/End User License Agreement : http://www.gameloft.com/eula/",
  "inc": "Gameloft",
  "intalled_count": "5,000,000",
  "last_update": [
    "November",
    "10",
    " 2017"
  ],
  "name": "Rival Knights",
  "offered_by": "Google Commerce Ltd",
  "permissions": {
    "Identity": [
      "find accounts on the device"
    ],
    "Contacts": [
      "find accounts on the device"
    ],
    "Photos/Media/Files": [
      "read the contents of your USB storage",
      "modify or delete the contents of your USB storage"
    ],
    "Storage": [
      "read the contents of your USB storage",
      "modify or delete the contents of your USB storage"
    ],
    "Wi-Fi connection information": [
      "view Wi-Fi connections"
    ],
    "Other": [
      "receive data from Internet",
      "view network connections",
      "full network access",
      "run at startup",
      "control vibration",
      "prevent device from sleeping",
      "Google Play license check"
    ]
  },
  "rate": [
    [
      "341,079",
      "4.3"
    ],
    [
      "221,240",
      "5"
    ],
    [
      "55,493",
      "4"
    ],
    [
      "25,486",
      "3"
    ],
    [
      "11,958",
      "2"
    ],
    [
      "26,902",
      "1"
    ]
  ],
  "required_android": "Varies with",
  "size": "Varies with devic",
  "url": "https://play.google.com/store/apps/details?id=com.gameloft.android.ANMP.GloftOKHM",
  "version": "Varies with device"
}