{
  "categories": [
    "Video Players & Editors"
  ],
  "description": "PowerDirector is the best video editor app with powerful multiple track timeline video editing, free video effects, slow motion, reverse video, edit background & more! Create great voice overs & action movie effects using chroma key to produce 4K movies and share them on social media!Edit phone footage just like any other video editing app. Full HD movie maker power comes to your phone, with stunning video effects, smooth transitions, & voice over for video. Rotate, split or trim video to make a movie with Full HD picture using simple video FX, transitions, a custom voiceover or audio soundtrack.Edit background with our new chroma key feature! Blue screen, green screen and more- select colors in background graphics or layer greenscreen effects over your footage!Put your video in slow motion, even if you didn\u2019t record slow motion video. The slow motion editor lets you change video speed to produce slow-mo video clips! Share video directly on YouTube, Facebook & more! Add videos from your Timeline & get editing instantly!Experience the full potential of PowerDirector for PC! Create bigger & better picture movies with PowerDirector 16 for PC. With easy to use, high-end performance & advanced editing, it's the No. 1 choice for video editors. PowerDirector Offers:PHOTO VIDEO EDITOR FOR QUICK EDITING\u2605 Video editor app with sleek timeline editing interface\u2605 Add videos to your timeline & get editing in our advanced video editor free\u2605 Video editor effects & powerful, professional tools\u2605 Experience an easy, powerful new movie makerCREATE VIDEO EFFECTS\u2605 FX editing with drag & drop controls for video, images & audio\u2605 Video editor - Add effects with a quick tap\u2605 Audio editor - Change your video\u2019s music & add fading effects/voice over\u2605 Photo video editor - Combine picture and video in one movieEDIT BACKGROUND & ADD EFFECTS\u2605 Chroma key selector lets you create transparencies in video & layer effects\u2605 Blue screen or green screen - place yourself in a new world!\u2605 Edit background environments with easePIC AND VIDEO COLLAGE MAKER\u2605 Video collage effects bring out the best in your scene\u2605 Make a video and pic collage with music from your collection\u2605 PiP video overlay**Supported device: http://www.cyberlink.com/prog/ap/powerdirector-mobile/soc.jspMOVIE MAKER WITH MUSIC & VOICE OVER\u2605 Voice over & custom soundtrack capabilities\u2605 Edit music volume\u2605 Final say over audio, with custom music & voice\u2605 Voice editor - Add voice to videosPHOTO VIDEO EDITOR\u2605 Video color editor - Brightness, contrast & saturation \u2605 Rotate, flip, split or trim video clips instantly\u2605 Video trim \u2013 Trim videos to achieve the perfect length\u2605 Split video - Split clips to shorten or rearrange\u2605 Crop video \u2013 Just touch to crop videos\u2605 Rotate video - Create dizzying effectsCREATE VIDEO IN SLOW MOTION\u2605 Slow motion editor lets you create slow motion video FX with a few taps\u2605 Free slow motion video effects SAVE VIDEO & SHARE\u2605 Save videos to your phone, or upload to YouTube, Facebook, Vine & more\u2605 Share your final cut with friends on social media\u2605 Export video in 720p, Full HD 1080p and 4K** 1080p/4K only available with in-app purchase and needs hardware support: http://www.cyberlink.com/prog/ap/powerdirector-mobile/4K.jsp [SYSTEM REQUIREMENTS]Android 4.3 (Jellybean) & above, including 8.0 (Oreo)Works best with:Qualcomm Snapdragon 800 or higherSamsung Exynos 7420 or higherNvidia Tegra K1 or higherMediaTek P10 or higher[SUPPORTED FORMATS]Image: JPEG, GIF(still & animated), PNG, BMP, WebPVideo\uff1aH.263 (.3GP, .MP4, .MKV), H.264 AVC (.3GP, .MP4, .MKV), MPEG-4 SP (.3GP, MP4, MKV), VP8 (.MKV)Music\uff1aWAV, MP3, MP4, M4A, AACCyberLink would love to hear your suggestions & feedback! Please mail to PowerDirector_AppSupport@cyberlink.comLike us: https://www.facebook.com/cyberlink",
  "inc": "CyberLink.com",
  "intalled_count": "10,000,000",
  "last_update": [
    "July",
    "24",
    " 2018"
  ],
  "name": "PowerDirector Video Editor App: 4K, Slow Mo & More",
  "offered_by": "Google Commerce Ltd",
  "permissions": {
    "Identity": [
      "find accounts on the device"
    ],
    "Contacts": [
      "find accounts on the device"
    ],
    "Photos/Media/Files": [
      "read the contents of your USB storage",
      "modify or delete the contents of your USB storage"
    ],
    "Storage": [
      "read the contents of your USB storage",
      "modify or delete the contents of your USB storage"
    ],
    "Microphone": [
      "record audio"
    ],
    "Wi-Fi connection information": [
      "view Wi-Fi connections"
    ],
    "Other": [
      "receive data from Internet",
      "view network connections",
      "full network access",
      "use accounts on the device",
      "prevent device from sleeping",
      "read Google service configuration"
    ]
  },
  "rate": [
    [
      "711,300",
      "4.5"
    ],
    [
      "528,991",
      "5"
    ],
    [
      "97,551",
      "4"
    ],
    [
      "37,268",
      "3"
    ],
    [
      "12,122",
      "2"
    ],
    [
      "35,368",
      "1"
    ]
  ],
  "required_android": "4.3",
  "size": "50",
  "url": "https://play.google.com/store/apps/details?id=com.cyberlink.powerdirector.DRA140225_01",
  "version": "4.13.3"
}