{
  "categories": [
    "Trivia"
  ],
  "description": "Geo Challenge is a fun and challenging geography quiz game with beautiful graphics and animation to test your geography knowledge of the world. This exciting geography game comes with 4 mini-quiz to test your knowledge in 4 categories: country flags, country borders, major cities of the world and famous landmarks around the world. Complete all 4 categories in a single challenge. Each mini-quiz lasts for 60 seconds. Answer as fast and accurate as possible. Extra bonus and time are awarded for consecutive right answers.Improve your world geography knowledge with this quiz game.  Whether you are a geography student, avid traveler or geography experts, you will sure enjoy this fun quiz game.Use training mode to improve your geography knowledge in different areas . Beat your own score or sign in to Google Play to compete with your friends and the rest of the world!4 mini-quiz:Country flags - Test your knowledge of 219 country flags. Choose the right flag for the countryCountry borders - Test your knowledge of 109 country borders. Choose the right country that matches the mapMajor cities of the world - Test your knowledge of 152 major cities of the world. Pin them at the right location on the mapFamous landmarks around the world  - Test your knowledge of 107 famous landmarks around the work. Pin them at the right location on the mapFeatures:1. Google Play Leaderboard and Achievements2. Training - train in each mini-game. Training score will not be ranked.3. Profile - challenge stats4. In app purchase - remove ads5. Settings - Sound, Music, Left/Right handed, Tap or Tap and point.The landmarks/attractions images were obtained from Internet for educational purpose and are not intended to infringe any copyrights. They were chosen because of suitability and aesthetic reasons. If you own the copyrights to the images and want them to be removed from the game, kindly contact us. Thank you.",
  "inc": "Wetpalm",
  "intalled_count": "100,000",
  "last_update": [
    "January",
    "16",
    " 2018"
  ],
  "name": "Geo Challenge - Geography Quiz",
  "offered_by": "Google Commerce Ltd",
  "permissions": {
    "Other": [
      "receive data from Internet",
      "view network connections",
      "full network access",
      "prevent device from sleeping"
    ]
  },
  "rate": [
    [
      "897",
      "4.5"
    ],
    [
      "619",
      "5"
    ],
    [
      "163",
      "4"
    ],
    [
      "58",
      "3"
    ],
    [
      "20",
      "2"
    ],
    [
      "37",
      "1"
    ]
  ],
  "required_android": "4.0.3",
  "size": "41",
  "url": "https://play.google.com/store/apps/details?id=com.wetpalm.GeoChallenge",
  "version": "1.1.2"
}