{
  "categories": [
    "Role Playing"
  ],
  "description": "Dive into the world of wild wolves and live your life as one of them! The best wolf RPG on mobile is finally here. Explore the amazing environment, develop your character and upgrade your skills to become the Alpha of your pack! You can try your strength in one of two modes: CO-OP or PVP - everything in Online Real-Time Multiplayer. Play with people from all over the World!  Online Real-Time Multiplayer RPG Stunning 3D graphicsBeautiful environmentRealistic animalsCharacter development and upgradesCooperative multiplayer hunting and PVP Battle Arena modesSmooth performanceONLINE MULTIPLAYER SIMULATORCompete with players from all around the World! The wilderness is never empty. Meet other wolves in real time and conquer the forest!CHARACTER CUSTOMIZATIONAre you a mighty Gray Wolf? A Dhole Wolf? Or maybe a mysterious Black Wolf resembles you the most? Choose your favorite and create your unique character!RPG SYSTEMYou are the king of your own destiny! There is no imposed path to follow in this simulator. Decide which attributes to develop and which skills to upgrade to become the Alpha of the pack!AMAZING GRAPHICSEnjoy the stroll around the map and admire the stunning environment! Starting from your den all the way to the mountains and streams, the high-end graphics make the game incredibly pleasant. Don\u2019t the animals look realistic? Try and chase them all!VARIOUS GAME MODESHunting mode lets you explore the map while searching for prey: from rats and rabbits, through does, foxes and racoons, all the way to bisons and bulls. Cooperate with other players to fight the strongest opponents! If you need a bigger thrill, join the Battle Arena mode - you will be teamed up with other wolves to compete with another pack. This means war!",
  "inc": "Swift Apps LTD",
  "intalled_count": "5,000,000",
  "last_update": [
    "June",
    "14",
    " 2018"
  ],
  "name": "The Wolf",
  "offered_by": "Google Commerce Ltd",
  "permissions": {
    "Device & app history": [
      "retrieve running apps"
    ],
    "Wi-Fi connection information": [
      "view Wi-Fi connections"
    ],
    "Other": [
      "receive data from Internet",
      "view network connections",
      "full network access",
      "run at startup",
      "control vibration",
      "prevent device from sleeping",
      "Google Play license check"
    ]
  },
  "rate": [
    [
      "306,604",
      "4.6"
    ],
    [
      "237,709",
      "5"
    ],
    [
      "45,539",
      "4"
    ],
    [
      "13,692",
      "3"
    ],
    [
      "2,319",
      "2"
    ],
    [
      "7,345",
      "1"
    ]
  ],
  "required_android": "4.0.3",
  "size": "93",
  "url": "https://play.google.com/store/apps/details?id=com.swiftappskom.thewolfrpg",
  "version": "1.4.1"
}