{
  "categories": [
    "Video Players & Editors"
  ],
  "description": "\"HTC Gallery makes it effortless to view your photos and videos from your phone. Browse photos by events, album, location or tag. There's a separate folder just for your screenshots and downloaded pictures, so you always know where to look for them. While viewing a single photo, you can quickly share it to social media, create a new theme or make edits in HTC Photo Editor.HTC, the HTC logo and other HTC product and service names referenced in the Application are the trademarks or registered trademarks of HTC Corporation in the United States and other countries. Any other company names, product names, service names and logos referenced in connection with the Application may be the trademarks of their respective owners.\"",
  "inc": "HTC Corporation",
  "intalled_count": "10,000,000",
  "last_update": [
    "June",
    "3",
    " 2016"
  ],
  "name": "HTC Gallery",
  "offered_by": "Google Commerce Ltd",
  "permissions": {
    "Identity": [
      "find accounts on the device",
      "add or remove accounts"
    ],
    "Contacts": [
      "find accounts on the device"
    ],
    "Phone": [
      "read phone status and identity"
    ],
    "Photos/Media/Files": [
      "read the contents of your USB storage",
      "modify or delete the contents of your USB storage"
    ],
    "Storage": [
      "read the contents of your USB storage",
      "modify or delete the contents of your USB storage"
    ],
    "Device ID & call information": [
      "read phone status and identity"
    ],
    "Other": [
      "modify/delete internal media storage contents",
      "modify secure system settings",
      "view network connections",
      "full network access",
      "control Near Field Communication",
      "set wallpaper",
      "use accounts on the device",
      "control vibration",
      "modify system settings"
    ]
  },
  "rate": [
    [
      "45,733",
      "4.1"
    ],
    [
      "27,650",
      "5"
    ],
    [
      "7,020",
      "4"
    ],
    [
      "3,582",
      "3"
    ],
    [
      "2,085",
      "2"
    ],
    [
      "5,396",
      "1"
    ]
  ],
  "required_android": "4.4",
  "size": "Varies with devic",
  "url": "https://play.google.com/store/apps/details?id=com.htc.album",
  "version": "9.51.755029"
}