{
  "categories": [
    "Role Playing",
    "Action & Adventure"
  ],
  "description": "BE A CREATIVE LEGO\u00ae CITY HERO!LEGO\u00ae City is a creative mission-based game for brave 6-8-year-old everyday heroes. Build cool vehicles to put out fires, construct buildings, save minifigures in distress at sea, chase crooks across the City, explore the mysteries of the mountains or the dangerous volcanic excavation site!DEVELOP SKILLS THROUGH PLAYYoung LEGO City heroes can experiment with the basics of physics and practice their fine motor skills while dodging obstacles, reaching goals, and saving the day in a thrilling race against the clock!FEATURES \u2022 BUILD ICONIC VEHICLES: Players can build their own versions of LEGO City vehicles including fire trucks, police cars, construction vehicles, helicopters, coastguard boats, ATVs, and many more.\u2022 BUILD A WHOLE CITY: Watch the City grow by spending LEGO Bricks after every completed heroic mission.\u2022 ENGAGING ENVIRONMENTS: Every area in LEGO City needs a hero: The city centre, the mountains, the volcano, even the sky and the sea! \u2022 RACE AGAINST TIME: A real hero can keep cool under pressure \u2013 each mission must be completed before the clock runs out!\u2022 ENDLESS BUILDING COMBINATIONS: Combine vehicle parts to create your own super-vehicles!\u2022 AGE-APPROPRIATE: Intuitive navigation and lots of LEGO City humour!\u2022 SAFETY FIRST: Your child will play in a safe, closed environment, with NO third-party advertising, links to external websites, in-app purchases or hidden data collection. LEGO marketing content and information is served, for instance LEGO news about LEGO sets and other LEGO games, in hope of inspiring children\u2019s creative play.For app support contact LEGO Consumer Service. For contact details refer to http://service.lego.com/contactus Our privacy policy and terms of use for apps are accepted if you download this app. Read more on http://aboutus.lego.com/legal-notice/Privacy-Policy and http://aboutus.lego.com/legal-notice/terms-of-use-for-apps LEGO and the LEGO logo are trademarks of the LEGO Group. \u00a92018 The LEGO Group.WHY PLAY WITH LEGO CITY?Nothing beats real-life heroes! LEGO City honours the creative problem-solvers who see opportunities in life when others see obstacles, who dare break things down to rebuild them into something even better, who can keep their cool in the face of danger, and who take the time to eat a hot dog and drink hot chocolate once in a while, too. Because that\u2019s when all the best ideas happen!",
  "inc": "LEGO System A/S",
  "intalled_count": "10,000,000",
  "last_update": [
    "July",
    "10",
    " 2018"
  ],
  "name": "LEGO\u00ae City game - new Mining vehicles!",
  "offered_by": "Google Commerce Ltd",
  "permissions": {
    "Photos/Media/Files": [
      "read the contents of your USB storage",
      "modify or delete the contents of your USB storage"
    ],
    "Storage": [
      "read the contents of your USB storage",
      "modify or delete the contents of your USB storage"
    ],
    "Wi-Fi connection information": [
      "view Wi-Fi connections"
    ],
    "Other": [
      "view network connections",
      "full network access",
      "prevent device from sleeping",
      "Google Play license check"
    ]
  },
  "rate": [
    [
      "232,213",
      "4.3"
    ],
    [
      "166,228",
      "5"
    ],
    [
      "19,990",
      "4"
    ],
    [
      "14,181",
      "3"
    ],
    [
      "6,750",
      "2"
    ],
    [
      "25,064",
      "1"
    ]
  ],
  "required_android": "4.1",
  "size": "27",
  "url": "https://play.google.com/store/apps/details?id=com.lego.city.my_city2",
  "version": "43.211.803"
}