{
  "categories": [
    "Word"
  ],
  "description": "WORD ADDICT is now WORD COLLECT!  DOWNLOAD the best word games FREE!Word Collect has exciting word games Free Word Nerds! Word Collect starts as an easy word game and gets harder as you level up! ENJOY WORD GAMEPLAY!- Connect letters in any direction to form the hidden word matches!- Find as many words as possible to level up and earn bonus rewards!- Fill in every word block jumbles! Earn bonus coins when you discover hidden words!- Can't figure out the word jumble? Use coins to get a hint and win the level!FEATURES:- Daily bonus coins for free hints!- Daily Challenge gives you more free word games, more free bonus coins and more FUN EVERY DAY!- Over 900+ Levels to play word games free!- Free 500 coins at the first word game login.- Easy to play and difficulty increases as you go! - Play OFFLINE or ONLINE - anytime, anywhere.- Whether you want word games for adults or word games for kids, Word Collect is the best free word game!- For word games free single player mode, download Word Collect Word Game Now!Get Word Collect for the best word games free for word game fans, word search addicts, and more!Play word games now in Word Collect- it's so addictive!Having an issue with these free word games for android? For immediate support, contact us at support@platinumplayerllc.com. Thanks!",
  "inc": "Platinum Player LLC",
  "intalled_count": "1,000,000",
  "last_update": [
    "June",
    "26",
    " 2018"
  ],
  "name": "Word Collect - Free Word Games (FKA Word Addict)",
  "offered_by": "Google Commerce Ltd",
  "permissions": {
    "Device & app history": [
      "retrieve running apps"
    ],
    "Identity": [
      "find accounts on the device",
      "read your own contact card"
    ],
    "Location": [
      "approximate location (network-based)",
      "precise location (GPS and network-based)"
    ],
    "Phone": [
      "read phone status and identity"
    ],
    "Photos/Media/Files": [
      "read the contents of your USB storage",
      "modify or delete the contents of your USB storage"
    ],
    "Storage": [
      "read the contents of your USB storage",
      "modify or delete the contents of your USB storage"
    ],
    "Wi-Fi connection information": [
      "view Wi-Fi connections"
    ],
    "Device ID & call information": [
      "read phone status and identity"
    ],
    "Contacts": [
      "find accounts on the device",
      "read your contacts",
      "modify your contacts"
    ],
    "Other": [
      "receive data from Internet",
      "view network connections",
      "full network access",
      "control vibration",
      "prevent device from sleeping"
    ]
  },
  "rate": [
    [
      "68,111",
      "4.9"
    ],
    [
      "64,358",
      "5"
    ],
    [
      "2,770",
      "4"
    ],
    [
      "495",
      "3"
    ],
    [
      "184",
      "2"
    ],
    [
      "304",
      "1"
    ]
  ],
  "required_android": "2.3.3",
  "size": "43",
  "url": "https://play.google.com/store/apps/details?id=com.platinumplayer.word.addict",
  "version": "1.129"
}