{
  "categories": [
    "Strategy"
  ],
  "description": "Battle other Kingdoms in Epic Kingdom Wars! Prove your Kingdom\u2019s glory in our leaderboards. Fight rival Kingdoms alongside your fellow lords and ladies in fast paced, epic battles! Greed for Glory is a brilliant city defense game that combines building with strategy in a colorful medieval fantasy world. Lead a mighty army of knights, elves, wizards, dragons, and other fantasy creatures in exciting and fun battles. Raid, destroy defenses, and steal resources against thousands of other players or in single player campaigns. ** Features **\u25cf Free to Play!\u25cf Kingdom vs Kingdom Battle! Join a kingdom with your friends and go to war\u25cf Battle against players, or advance through 96 campaigns\u25cf Prove your kingdom\u2019s glory by climbing the rankings\u25cf Turn your small village into a massive impenetrable fortress\u25cf Progress your empire through eleven technological ages\u25cf Construct and upgrade towers, gold mines, iron quarries, wall mazes, and trebuchets\u25cf Recruit Elves, Knights, Dragons, and other creatures to battle in catastrophic crusades\u25cf Employ countless strategies of defensive and offensive tactics to surpass your rivalsWe want to hear your ideas, suggestions, and problems. You can reach our in-house support team in game from the settings help menu and on http://greedforglory.uservoice.com/ This app collects phone information for simple account recovery.",
  "inc": "PerBlue Entertainment",
  "intalled_count": "1,000,000",
  "last_update": [
    "February",
    "21",
    " 2018"
  ],
  "name": "Greed for Glory: War Strategy",
  "offered_by": "Google Commerce Ltd",
  "permissions": {
    "Identity": [
      "find accounts on the device"
    ],
    "Contacts": [
      "find accounts on the device"
    ],
    "Phone": [
      "read phone status and identity"
    ],
    "Photos/Media/Files": [
      "read the contents of your USB storage",
      "modify or delete the contents of your USB storage"
    ],
    "Storage": [
      "read the contents of your USB storage",
      "modify or delete the contents of your USB storage"
    ],
    "Wi-Fi connection information": [
      "view Wi-Fi connections"
    ],
    "Device ID & call information": [
      "read phone status and identity"
    ],
    "Other": [
      "receive data from Internet",
      "view network connections",
      "full network access",
      "prevent device from sleeping"
    ]
  },
  "rate": [
    [
      "109,303",
      "4.4"
    ],
    [
      "76,572",
      "5"
    ],
    [
      "15,570",
      "4"
    ],
    [
      "7,328",
      "3"
    ],
    [
      "2,700",
      "2"
    ],
    [
      "7,133",
      "1"
    ]
  ],
  "required_android": "2.3.3",
  "size": "Varies with devic",
  "url": "https://play.google.com/store/apps/details?id=com.perblue.greedforglory",
  "version": "21.1"
}