{
  "categories": [
    "Word"
  ],
  "description": "Do you enjoy word puzzle games? Here comes the perfect word games for you!Word Search games has never been so challenging. New Crossword Puzzle Word Games is available NOW. Enjoy the best combination of word searching and crosswords. The Word Connect games  is loved by over Millions of users worldwide! Come and Find all hidden words!  DOWNLOAD TODAY for FREE!New Feature: New Crossword Puzzle Word Game is Available NOW.HOW TO PLAY: Slide & drag your finger over the words to solve puzzles. Game gets trickier as you progress. The game\u2019s brain teasers test your vocabulary, lateral thinking & puzzle solving skills.FEATURES: \u2605 Daily Gift\u2605 Hundreds of Puzzles \u2605 Automatically saved\u2605 Play OFFLINE in anytime and anywhere with no time limits\u2605 Free & easy to play, challenging to master\u2605 Designed for all ages, perfect for kids & adults!\u2605 Word lists were created by person, not by computer, to make sure puzzles are always interesting and fun. Word search is perfect for both word connect and crossword puzzle word games FANS!Start Your Daily Brain Training NOW!",
  "inc": "Crazy Word Games",
  "intalled_count": "1,000,000",
  "last_update": [
    "July",
    "25",
    " 2018"
  ],
  "name": "Word Connect - Word Cookies : Word Games",
  "offered_by": "Google Commerce Ltd",
  "permissions": {
    "Wi-Fi connection information": [
      "view Wi-Fi connections"
    ],
    "Other": [
      "receive data from Internet",
      "view network connections",
      "full network access",
      "run at startup",
      "control vibration",
      "view network connections",
      "full network access",
      "control vibration",
      "prevent device from sleeping"
    ]
  },
  "rate": [
    [
      "30,014",
      "4.7"
    ],
    [
      "25,166",
      "5"
    ],
    [
      "3,117",
      "4"
    ],
    [
      "999",
      "3"
    ],
    [
      "213",
      "2"
    ],
    [
      "519",
      "1"
    ]
  ],
  "required_android": "Varies with",
  "size": "Varies with devic",
  "url": "https://play.google.com/store/apps/details?id=com.crazy.letter.wordfind",
  "version": "Varies with device"
}