{
  "categories": [
    "Role Playing"
  ],
  "description": "\u25a0 VIP version Effect1) MP Regeneration Speed Boost!2) Max MP Boost!3) Remove Banner ads(except compensation video ads)Gold Mine Dungeon RPG! Infinity Dungeon!A game that players of all ages can enjoy! Fun guaranteed! A hidden dungeon is discovered at last.What is happening in the dungeon?Conquer the dungeon with special attacks and magic and become rich!Various enemies and dungeons...Witty dialogues, engaging story... and a twist!Endless gold...You can enjoy this awesome game with your one hand at any time!The best kill-time game ever!Infinity Dungeon will keep you satisfied as long as you have your smartphone with you.Page : http://www.facebook.com/zabobstudio Sound By : http://www.freesfx.co.uk/ Made By Zabob Studio",
  "inc": "Zabob Studio",
  "intalled_count": "1,000,000",
  "last_update": [
    "July",
    "3",
    " 2018"
  ],
  "name": "Infinity Dungeon VIP",
  "offered_by": "Google Commerce Ltd",
  "permissions": {
    "Photos/Media/Files": [
      "read the contents of your USB storage",
      "modify or delete the contents of your USB storage"
    ],
    "Storage": [
      "read the contents of your USB storage",
      "modify or delete the contents of your USB storage"
    ],
    "Other": [
      "view network connections",
      "full network access",
      "prevent device from sleeping"
    ]
  },
  "rate": [
    [
      "21,226",
      "4.4"
    ],
    [
      "14,626",
      "5"
    ],
    [
      "3,119",
      "4"
    ],
    [
      "1,359",
      "3"
    ],
    [
      "533",
      "2"
    ],
    [
      "1,589",
      "1"
    ]
  ],
  "required_android": "2.3",
  "size": "44",
  "url": "https://play.google.com/store/apps/details?id=com.sosc.firstfantasy1super",
  "version": "2.6.6"
}