{
  "categories": [
    "Trivia"
  ],
  "description": "Guess the 8 words hidden in every image by putting their pieces back together !A brand new letter and trivia game by the creators of \u00ab 1 Pic 8 Words \u00bbThe rules are simple: 1 Pic and a board of twenty or so pieces of words all mixed up.Guess the 8 words enclosed in each picture by putting their pieces back together.Have fun with more than 100 pictures to unlock !",
  "inc": "Y A QU A production",
  "intalled_count": "500,000",
  "last_update": [
    "January",
    "11",
    " 2018"
  ],
  "name": "8 Words Apart",
  "offered_by": "Google Commerce Ltd",
  "permissions": {
    "Photos/Media/Files": [
      "read the contents of your USB storage",
      "modify or delete the contents of your USB storage"
    ],
    "Storage": [
      "read the contents of your USB storage",
      "modify or delete the contents of your USB storage"
    ],
    "Other": [
      "receive data from Internet",
      "view network connections",
      "full network access",
      "control vibration",
      "prevent device from sleeping"
    ]
  },
  "rate": [
    [
      "3,146",
      "3.9"
    ],
    [
      "1,556",
      "5"
    ],
    [
      "634",
      "4"
    ],
    [
      "447",
      "3"
    ],
    [
      "215",
      "2"
    ],
    [
      "294",
      "1"
    ]
  ],
  "required_android": "4.1",
  "size": "88",
  "url": "https://play.google.com/store/apps/details?id=com.heightwordsapart.game",
  "version": "1.1.12"
}