{
  "categories": [
    "Role Playing"
  ],
  "description": "The newest Sword Art Online game!This time, the protagonist is...you!You appear in this online RPG as a member of an Assault Team, working with other imprisoned players to reach the 100th floor of Aincrad!What if you were trapped in a game of life or death?You can experience meeting familiar characters and connecting to the original SAO story from your own POV.Experience behind-the-scenes stories not seen in the original SAO, and completely different story developments! Live out a \"what-if\" story where you affect Aincrad!Battle SystemFight through the sprawling fields of Aincrad with your partner Koharu, trapped together in a game of life and death!You'll need to cooperate with Assault Teams across the land and battle together to beat powerful monsters and tough quests! Forging stronger weapons, using skills with all kinds of effects, and preparing for each enemy's weak points and attack patterns are all key to your success!SUPPORT:https://bnfaq.channel.or.jp/contact/faq_list/1884BANDAI NAMCO Entertainment Inc. Website:http://bandainamcoent.co.jp/english/By downloading or installing this app, you agree to the BANDAI NAMCO Entertainment Terms of Service.Terms of Service:http://legal.bandainamcoent.co.jp/termsPrivacy Policy:http://legal.bandainamcoent.co.jp/privacyNote:This game contains some items available for in-app purchase that can enhance gameplay and speed up your progress. In-app purchases can be disabled in your device settings,  seehttps://support.google.com/googleplay/answer/1626831?hl=en for more details.\u00a92016 REKI KAWAHARA/PUBLISHED BY KADOKAWA CORPORATION ASCII MEDIA WORKS/SAO MOVIE Project\u00a9BANDAI NAMCO Entertainment Inc.Illustrated by abecThis application is distributed under the official rights from the license holder.",
  "inc": "BANDAI NAMCO Entertainment Inc.",
  "intalled_count": "1,000,000",
  "last_update": [
    "July",
    "26",
    " 2018"
  ],
  "name": "Sword Art Online: Integral Factor",
  "offered_by": "Google Commerce Ltd",
  "permissions": {
    "Photos/Media/Files": [
      "read the contents of your USB storage",
      "modify or delete the contents of your USB storage"
    ],
    "Storage": [
      "read the contents of your USB storage",
      "modify or delete the contents of your USB storage"
    ],
    "Other": [
      "receive data from Internet",
      "view network connections",
      "full network access",
      "run at startup",
      "control vibration"
    ]
  },
  "rate": [
    [
      "44,097",
      "4.0"
    ],
    [
      "24,631",
      "5"
    ],
    [
      "6,640",
      "4"
    ],
    [
      "4,750",
      "3"
    ],
    [
      "2,412",
      "2"
    ],
    [
      "5,664",
      "1"
    ]
  ],
  "required_android": "4.4",
  "size": "32",
  "url": "https://play.google.com/store/apps/details?id=com.bandainamcoent.saoifww",
  "version": "1.0.9"
}