{
  "categories": [
    "Tools"
  ],
  "description": "Google Handwriting Input allows you to handwrite text on your phone or tablet in 100 languages. It supports printed and cursive writing, with or without a stylus. Google Handwriting Input also supports more than a thousand emojis, so you can express yourself in any Android app.Key features:\u2022 A useful complement to touchscreen typing or voice input\u2022 A fun way to enter emojis by drawing\u2022 Useful for languages that can be challenging to type on a standard keyboard\u2022 Works across your Android phones and tablets running Android 4.0.3 and up\u2022 If you claim your handwriting is terrible, try it out and see if it can convince you otherwise",
  "inc": "Google LLC",
  "intalled_count": "10,000,000",
  "last_update": [
    "August",
    "2",
    " 2018"
  ],
  "name": "Google Handwriting Input",
  "offered_by": "Google Commerce Ltd",
  "permissions": {
    "Other": [
      "view network connections",
      "full network access",
      "prevent device from sleeping",
      "view network connections",
      "measure app storage space",
      "full network access",
      "prevent device from sleeping",
      "read Google service configuration"
    ]
  },
  "rate": [
    [
      "94,219",
      "4.3"
    ],
    [
      "60,255",
      "5"
    ],
    [
      "18,554",
      "4"
    ],
    [
      "7,665",
      "3"
    ],
    [
      "2,916",
      "2"
    ],
    [
      "4,829",
      "1"
    ]
  ],
  "required_android": "Varies with",
  "size": "Varies with devic",
  "url": "https://play.google.com/store/apps/details?id=com.google.android.apps.handwriting.ime",
  "version": "Varies with device"
}