{
  "categories": [
    "Word"
  ],
  "description": "\u00a1EL HIT N\u00daMERO #1 CON M\u00c1S DE 220.000.000 JUGADORES EN TODO EL MUNDO!\u00bfCuatro fotos con una palabra en com\u00fan - cual es?\u00a1Descubre por qu\u00e9 todos juegan a \"4 Fotos 1 Palabra\" y PARTICIPA!\u2605\u00a1LA VERSI\u00d3N ESPA\u00d1OLA OFICIAL DEL JUEGO N\u00b01 EN EL MUNDO \"4 PICS 1 WORD\"!\u2605\u00a1Puzzles en espa\u00f1ol hechos a medida para t\u00ed!\u2605\u00a1DIVERSI\u00d3N INFINITA CON NUEVOS PUZZLES!\u2605\u00bfPodr\u00e1s adivinar las palabras ocultas y pasar todos los niveles? \u00a1Millones de puzzles de diferente dificultad te esperan! \u00a1Y anadimos puzzles cont\u00ednuamente para que la diversi\u00f3n no acabe nunca!\u2605PURA DIVERSI\u00d3N AL INSTANTE\u2605Sin cuentas ni reglas complicadas. \u00a1Simplemente comienza a jugar y p\u00e1satelo en grande!\u2605UN JUEGO F\u00c1CIL Y MUY ADICTIVO\u2605\u00bfQu\u00e9 palabra estamos buscando? Mira las cuatro fotos, encuentra qu\u00e9 tienen en com\u00fan y gana.\u2605\u00a1EL ROMPECABEZAS M\u00c1S ADICTIVO DEL MUNDO!\u2605Ya hay m\u00e1s de 220.000.000 entusiastas de \"4 Fotos 1 Palabra\" en el mundo disfrutando de este juego en 8 idiomas diferentes. \u00a1\u00danete a ellos!\u2605D\u00c9JATE AYUDAR POR TUS AMIGOS!\u2605M\u00e1s posibilidades de intercambiar con tus amigos y recibir pistas - Facebook, WhatsApp, Facebook Messenger y mucho m\u00e1s!",
  "inc": "LOTUM GmbH",
  "intalled_count": "10,000,000",
  "last_update": [
    "July",
    "12",
    " 2018"
  ],
  "name": "4 Fotos 1 Palabra",
  "offered_by": "Google Commerce Ltd",
  "permissions": {
    "Photos/Media/Files": [
      "read the contents of your USB storage",
      "modify or delete the contents of your USB storage"
    ],
    "Storage": [
      "read the contents of your USB storage",
      "modify or delete the contents of your USB storage"
    ],
    "Wi-Fi connection information": [
      "view Wi-Fi connections"
    ],
    "Other": [
      "receive data from Internet",
      "view network connections",
      "full network access",
      "control vibration",
      "prevent device from sleeping"
    ]
  },
  "rate": [
    [
      "1,042,615",
      "4.4"
    ],
    [
      "687,380",
      "5"
    ],
    [
      "209,809",
      "4"
    ],
    [
      "78,943",
      "3"
    ],
    [
      "25,122",
      "2"
    ],
    [
      "41,361",
      "1"
    ]
  ],
  "required_android": "4.1",
  "size": "54",
  "url": "https://play.google.com/store/apps/details?id=de.lotum.whatsinthefoto.es",
  "version": "8.7.0-es"
}