{
  "categories": [
    "Role Playing"
  ],
  "description": "\"...a must-have for MMORPG fans. 8/10\" - PocketGamerAbout Venture into a breathtaking new fantasy world with stunning visuals powered by the Unreal Engine 4. Experience large scale, open-world combat where up to 200 players can battle in real time on a single screen! Party up with strangers or form clans with friends to conquer epic raid dungeons, take down fearsome boss monsters, or compete with thousands of other players around the world in competitive battles.Lineage 2: Revolution is a groundbreaking, new online role-playing game that brings top-quality visuals, a massive open-world, and large-scale PvP battles to life on mobile devices. Players can finally experience what it truly means to have a gorgeous, fully-featured, persistent world MMORPG that can be enjoyed alongside millions around the world, all within the palm of your hands! The time has now come for new heroes to rise, to begin a new chapter in history, and to save the world from eternal darkness. Join the revolution!\u203bKEY FEATURES\u203b\u25b6REAL-TIME MASSIVE BATTLESBattle other players in thrilling real-time, open-field PvP battles or wage war on an epic scale through competitive 50-vs-50 Fortress Siege matches!\u25b6STUNNING VISUALSPowered by the Unreal Engine 4, Lineage 2: Revolution pushes the boundaries of what\u2019s graphically possible. Witness never-before-seen graphics on your mobile device!\u25b6SEAMLESS OPEN-WORLDExplore a vast, stunning, and lush open-world that allows thousands of players to simultaneously explore, discover, and conquer.\u25b6CLANS & GUILDSGroup up with friends and guildmates, or party up with thousands of other players around the world to take down epic bosses, engage in mass-scale PvP combat, and uncover loot in epic raid dungeons.FAQhttp://help.netmarble.com/web/lin2wsPlease check the latest news at the link below.REVOLUTION NEWShttp://forum.netmarble.com/lin2ws_enOfficial Website http://l2.netmarble.com/Official Facebook Pagehttps://www.facebook.com/OfficialLineage2Revolution/\"This app requires access to the device storage to save game data.This will only be used to save your game data.\"",
  "inc": "Netmarble",
  "intalled_count": "5,000,000",
  "last_update": [
    "July",
    "11",
    " 2018"
  ],
  "name": "Lineage 2: Revolution",
  "offered_by": "Google Commerce Ltd",
  "permissions": {
    "Device & app history": [
      "retrieve running apps"
    ],
    "Photos/Media/Files": [
      "read the contents of your USB storage",
      "modify or delete the contents of your USB storage"
    ],
    "Storage": [
      "read the contents of your USB storage",
      "modify or delete the contents of your USB storage"
    ],
    "Wi-Fi connection information": [
      "view Wi-Fi connections"
    ],
    "Other": [
      "receive data from Internet",
      "view network connections",
      "read battery statistics",
      "full network access",
      "control vibration",
      "prevent device from sleeping"
    ]
  },
  "rate": [
    [
      "187,372",
      "4.2"
    ],
    [
      "133,313",
      "5"
    ],
    [
      "11,994",
      "4"
    ],
    [
      "8,566",
      "3"
    ],
    [
      "6,697",
      "2"
    ],
    [
      "26,802",
      "1"
    ]
  ],
  "required_android": "4.4",
  "size": "99",
  "url": "https://play.google.com/store/apps/details?id=com.netmarble.lin2ws",
  "version": "1.05.20"
}