{
  "categories": [
    "Tools"
  ],
  "description": "Improve your calling experience and call control by    updating the Phone app for your Android 7.0 (Nougat) or newer device. You\u2019ll get Google Duo    video calling, spam protection, and caller ID.GOOGLE DUO VIDEO CALLSTo make the highest quality one-to-one video call, simply tap from the call log, search,    or contacts card. Easily switch a voice call to a Duo video call with Google Duo installed and    activated.SPAM PROTECTIONSee warnings about potential spam callers and report suspicious calls to help protect the    community from telemarketers, fraudsters, and spammers.CALLER IDKnow who\u2019s calling before you pick up, with business names now visible on the call screen    along with their number.CALL BLOCKINGGet the calls you want, and not the ones you don\u2019t. You can now block numbers to prevent    unwanted calls.VISUAL VOICEMAILCheck your messages without having to call voicemail - view, playback and delete them right    from the Phone app and download the audio to your device.NEARBY PLACESNo more switching apps or cumbersome copy and paste. Just find and call places right from the    search bar in the Phone app.MINI CALL VIEWSwitching from a call shrinks the call screen so it can be moved while multitasking in other    apps.EMERGENCY LOCATIONSee where you are when you\u2019re calling for help \u2014 this feature makes it easier to see your    location when contacting emergency services.",
  "inc": "Google LLC",
  "intalled_count": "10,000,000",
  "last_update": [
    "July",
    "30",
    " 2018"
  ],
  "name": "Phone",
  "offered_by": "Google Commerce Ltd",
  "permissions": {
    "Identity": [
      "find accounts on the device",
      "add or remove accounts",
      "read your own contact card"
    ],
    "Calendar": [
      "read calendar events plus confidential information"
    ],
    "Contacts": [
      "find accounts on the device",
      "read your contacts",
      "modify your contacts"
    ],
    "Location": [
      "approximate location (network-based)",
      "precise location (GPS and network-based)"
    ],
    "SMS": [
      "send SMS messages"
    ],
    "Phone": [
      "directly call phone numbers",
      "modify phone state",
      "reroute outgoing calls",
      "read call log",
      "read phone status and identity",
      "write call log",
      "add voicemail"
    ],
    "Photos/Media/Files": [
      "read the contents of your USB storage",
      "modify or delete the contents of your USB storage"
    ],
    "Storage": [
      "read the contents of your USB storage",
      "modify or delete the contents of your USB storage"
    ],
    "Camera": [
      "take pictures and videos"
    ],
    "Microphone": [
      "record audio"
    ],
    "Wi-Fi connection information": [
      "view Wi-Fi connections"
    ],
    "Device ID & call information": [
      "read phone status and identity"
    ],
    "Other": [
      "use any media decoder for playback",
      "capture audio output",
      "provide an in-call user experience",
      "interact across users",
      "Audio Routing",
      "disable or modify status bar",
      "prevent app switches",
      "read voicemail",
      "write voicemails",
      "receive data from Internet",
      "view network connections",
      "pair with Bluetooth devices",
      "access Bluetooth settings",
      "send sticky broadcast",
      "change network connectivity",
      "measure app storage space",
      "full network access",
      "change your audio settings",
      "control Near Field Communication",
      "read sync settings",
      "run at startup",
      "draw over other apps",
      "use accounts on the device",
      "control vibration",
      "prevent device from sleeping",
      "modify system settings",
      "install shortcuts",
      "read Google service configuration",
      "view network connections",
      "pair with Bluetooth devices",
      "send sticky broadcast",
      "change network connectivity",
      "measure app storage space",
      "full network access",
      "change your audio settings",
      "control Near Field Communication",
      "read sync settings",
      "run at startup",
      "draw over other apps",
      "use accounts on the device",
      "control vibration",
      "prevent device from sleeping",
      "modify system settings",
      "install shortcuts",
      "read Google service configuration"
    ]
  },
  "rate": [
    [
      "45,344",
      "3.6"
    ],
    [
      "22,126",
      "5"
    ],
    [
      "5,992",
      "4"
    ],
    [
      "4,444",
      "3"
    ],
    [
      "3,543",
      "2"
    ],
    [
      "9,239",
      "1"
    ]
  ],
  "required_android": "Varies with",
  "size": "Varies with devic",
  "url": "https://play.google.com/store/apps/details?id=com.google.android.dialer",
  "version": "Varies with device"
}