{
  "categories": [
    "Role Playing"
  ],
  "description": "The timeless RPG classic returns loaded with upgrades! Journey to the forgotten past, to the far future, and to the end of time. A big adventure to save the planet, now begins\u2026CHRONO TRIGGER is the timeless role-playing classic developed by the \u2018Dream Team\u2019 of DRAGON QUEST creator Yuji Horii, Dragon Ball creator Akira Toriyama, and the creators of FINAL FANTASY. As the story unfolds, embark on a journey to different eras: the present, the middle ages, the future, prehistory, and ancient times! Whether you're a first-time player or a longtime fan, this epic quest to save a planet's future promises hours of enthralling adventure!As the definitive version of CHRONO TRIGGER, not only have the controls been updated, the graphics and sound have also been revamped to make your adventure even more fun and enjoyable to play. To complete your journey, also included is the mysterious \u2018Dimensional Vortex\u2019 dungeon and the forgotten \u2018Lost Sanctum\u2019 dungeon. Meet the challenges presented to you and long-lost secrets may be revealed...Story:A chance encounter amid the festivities of Guardia's Millennial Fair in Leene Square introduces our young hero, Crono, to a girl by the name of Marle. Deciding to explore the fair together, the two soon find themselves at an exhibition of the Telepod, the latest invention by Crono's longtime friend Lucca. Marle, fearless and brimming with curiosity, volunteers to assist in a demonstration. An unanticipated malfunction, however, sends her hurtling through a rift in the dimensions. Taking hold of the girl's pendant, Crono bravely follows in pursuit. But the world into which he emerges is the one of four centuries before. Journey to the forgotten past, the distant future, and even to the very End of Time. The epic quest to save a planet's future makes history once again.Key features:Active Time Battle Version 2During battle, time will not stop, and you can enter commands when the character's gauge is full. The enemies' positions will change as time passes, so choose your actions based on any given situation.\u2018Tech\u2019 moves and combosDuring battle, you can unleash special \u2018Tech\u2019 moves, including abilities and/or magic and characters can combine these abilities to unleash all new combo attacks which are unique to them. There are over 50 different types of combos that you can execute between two and three characters!Experience the 'Dimensional Vortex' and the 'Lost Sanctum' dungeonsThe Dimensional Vortex: a mysterious, ever-changing dungeon existing outside of space and time. What wonders await you at its center? The Lost Sanctum: enigmatic gates in prehistoric and medieval times will lead you to these forgotten chambers. Meet the challenges presented to you and long-lost secrets may be revealed...Graphics and soundWhile keeping the atmosphere of the original, the graphics have been updated in higher resolution. As for the sound and music, under the supervision of composer Yasunori Mitsuda, all songs have been updated for an even more immersive gameplay experience.AutosaveIn addition to saving at a save point or choosing to quit from the menu, your progress is saved automatically while traversing the map.",
  "inc": "SQUARE ENIX Co.,Ltd.",
  "intalled_count": "100,000",
  "last_update": [
    "June",
    "12",
    " 2018"
  ],
  "name": "CHRONO TRIGGER (Upgrade Ver.)",
  "offered_by": "Google Commerce Ltd",
  "permissions": {
    "Device & app history": [
      "retrieve running apps"
    ],
    "Photos/Media/Files": [
      "read the contents of your USB storage",
      "modify or delete the contents of your USB storage"
    ],
    "Storage": [
      "read the contents of your USB storage",
      "modify or delete the contents of your USB storage"
    ],
    "Wi-Fi connection information": [
      "view Wi-Fi connections"
    ],
    "Other": [
      "view network connections",
      "full network access",
      "prevent device from sleeping",
      "Google Play license check"
    ]
  },
  "rate": [
    [
      "11,238",
      "3.8"
    ],
    [
      "6,289",
      "5"
    ],
    [
      "1,541",
      "4"
    ],
    [
      "830",
      "3"
    ],
    [
      "561",
      "2"
    ],
    [
      "2,017",
      "1"
    ]
  ],
  "required_android": "4.2",
  "size": "6.3",
  "url": "https://play.google.com/store/apps/details?id=com.square_enix.android_googleplay.chrono",
  "version": "2.0.4"
}