{
  "categories": [
    "Strategy"
  ],
  "description": "World Conqueror 3 is a newly-developed strategy game released in 2015 by EASYTECH!Commander! War is about to begin. Lead your army and conquer the world!EASYTECH will continue to create the most outstanding war strategy games as always.\u3010Military Career\u3011-----------------------------------------------***32 historical Campaigns(3 difficulty levels) and 150 military Tasks***5 Challenge modes to prove your commanding skills and 45 Challenges in total***Promote your generals, learn new Skills and hire more Generals from prestigious Military Academies all over the world***Accomplish assigned Tasks in cities and Trade with merchanrts in ports***Build various Wonders of the world and explore the Universe\u3010Conquer the World\u3011-----------------------------------------------***4 scripts from different ages: Conquer 1939, Conquer 1943, Conquer 1950, Conquer 1960***World pattern changes over time. Choose any country to join the war.***Choose different sides and countries to gain different awards.\u3010Features\u3011-----------------------------------------------***Real-time game play: you will experience World War II, the Cold War and Modern Warfare***50 Countries and 200 famous Generals will join this Global War***148 Military Units available and 35 special general Skills***12 Technology, including Conventional Weapons, Naval, Air Force, Missiles, Nuclear Weapons, Space Weapons and etc***42 wolrd Wonders will play a key role in your victory***11 Conqueror Achievements awaits you***Open Auto battle and AI will lead instead of you***Seamless World Map and zoom in&out***Support Android x86 (Intel inside devices)",
  "inc": "EasyTech",
  "intalled_count": "5,000,000",
  "last_update": [
    "June",
    "21",
    " 2018"
  ],
  "name": "World Conqueror 3",
  "offered_by": "Google Commerce Ltd",
  "permissions": {
    "Wi-Fi connection information": [
      "view Wi-Fi connections"
    ],
    "Other": [
      "receive data from Internet",
      "view network connections",
      "full network access",
      "prevent device from sleeping"
    ]
  },
  "rate": [
    [
      "124,612",
      "4.4"
    ],
    [
      "87,363",
      "5"
    ],
    [
      "19,709",
      "4"
    ],
    [
      "7,758",
      "3"
    ],
    [
      "2,765",
      "2"
    ],
    [
      "7,017",
      "1"
    ]
  ],
  "required_android": "4.0",
  "size": "77",
  "url": "https://play.google.com/store/apps/details?id=com.easytech.wc3",
  "version": "1.2.8"
}