{
  "categories": [
    "Role Playing"
  ],
  "description": "\"This is Role-Playing in its purest form.\" -- Kotaku-US \"\"An indie turn-based retro style pixel-art RPG.\" I love every single one of those adjectives.\" -- IGN \"It\u2019s clever, charming, customizable, and virtually infinitely replayable.\" -- 148 apps Set out on a grand adventure in this turn-based, retro style, pixel-art RPG, inspired by the great titles of the 90's. This +1 edition features an extended campaign, more dungeons to explore, new attacks to use in combat, and the Tavern \u2013 a place to store your adventurers.Take on the roles of in-game players taking on the roles of their characters in a traditional pen and paper RPG session in the ultimate meta roleplaying experience. As both the playing characters AND the dungeon master, players can choose which battles to fight. Put together a bunch of monsters to make for a challenging fight and your efforts will be equally rewarded! Choose from multiple classes, such as knights and mages, pick your characters to control those classes, like grandma or kid brother, and take on the loads of quests, monsters, items and equipment littered throughout Knights of Pen & Paper +1 Edition. Blacksmiths, enchanters, mining, gathering, hidden treasures and a whole lot more await, giving players a lot of room to personalize their gameplay experience.Don\u2019t wait any longer, the Pen & Paper world needs you!KEY FEATURES:\u2022\tThe ultimate pen and paper RPG simulation experience\u2022\tPut together your own role-playing group complete with the game master, the role-players and their respective classes  \u2022\tFight and explore your way through a perilous fantasy world to defeat the dark mage\u2022\tLevel up and get your hands on more gold to unlock epic items and gear for your party\u2022\tAs the game master, you can set up the fights yourself and choose how many monsters to battleThe +1 Edition includes these all new features:\u2022\tNew dungeons to explore with monsters, traps, treasures, and powerful bosses\u2022\tThe Tavern, a place to stash heroes and switch out party members\u2022\tMore options for characters to implement during battles, adding more depth and variation to fights\u2022\tExtended campaign filled with lots of new content",
  "inc": "Paradox Interactive AB",
  "intalled_count": "100,000",
  "last_update": [
    "July",
    "11",
    " 2018"
  ],
  "name": "Knights of Pen & Paper +1",
  "offered_by": "Google Commerce Ltd",
  "permissions": {
    "Wi-Fi connection information": [
      "view Wi-Fi connections"
    ],
    "Other": [
      "receive data from Internet",
      "view network connections",
      "full network access"
    ]
  },
  "rate": [
    [
      "22,359",
      "4.5"
    ],
    [
      "16,057",
      "5"
    ],
    [
      "4,251",
      "4"
    ],
    [
      "1,002",
      "3"
    ],
    [
      "357",
      "2"
    ],
    [
      "692",
      "1"
    ]
  ],
  "required_android": "4.1",
  "size": "42",
  "url": "https://play.google.com/store/apps/details?id=br.com.beholdstudios.knightspp",
  "version": "2.35"
}