{
  "categories": [
    "Role Playing"
  ],
  "description": "***Winner! - 2018 Webby People's Choice Award in the Game Category: Sports Game***Download today to get a Free Shinsuke Nakamura characters and play in the WWE Champions limited time event to earn valuable rewards.Your WWE dream rivalries are happening live in WWE Champions, the free action puzzle RPG game that pits the WWE\u2019s greatest Superstars of all time and today against each other in the ultimate quest for stardom. Collect WWE Superstars from Raw and Smackdown Live alongside your favorite Legends, fighting your way through generations of the greatest WWE Superstars and all out mayhem.Send your team into a WWE ring to test your fighting skills. Win, and your WWE champions will live on as immortals. Lose, and face defeat at your opponent\u2019s hands. Team up with other WWE fans to battle for reputation, power and bragging rights in WWE Champions! #LetsSettleThis==WWE CHAMPIONS FEATURES==WWE Role Playing Game\u2022 Use RPG skills to earn XP by fighting in the ring and upgrading your WWE champions to increase their power and customize epic fighting RPG moves.\u2022 Fighting RPG gameplay lets you combine a variety of skills and upgrades to create a completely unique team to defeat your opponents.MATCH 3 Game with Signature WWE Moves\u2022 Match 3 pieces and obliterate rivals with signature WWE moves like John Cena\u2019s Attitude Adjustment and The Rock\u2019s legendary Rock Bottom.WWE Champions and Events\u2022 WWE Champions is always evolving, so join the WWE Universe in weekly bouts and fighting games.\u2022 Re-create upcoming WWE Monday Night RAW and Smackdown battles, enter monthly title events and recruit up-and-coming WWE Superstars. COLLECT Iconic WWE Superstars\u2022 Collect tons of WWE Superstars and assemble your dream roster of champions from the 80s, 90s and today.\u2022 Collect WWE favorites like The Rock, Undertaker, Macho Man Randy Savage, John Cena, Triple H, Big Show, Andre The Giant and more. BATTLE in 1-on-1 or Tag Team Online Games\u2022 Match 3 puzzle pieces to attack, build up energy and even pin your enemies using signature WWE moves.\u2022 Battle skillfully to unleash devastation on your rivals in epic battles that you can finish in less than five minutes.\u2022 Online team-ups with friends -  tag team against rivals or battle against your friends for ultimate bragging rights.CREATE the Ultimate Alliance\u2022 Form a super team with your friends to take over the WWE Universe!\u2022 Heal each other's injured Superstars and give gifts to your teammates as you fight for dominance in and out of the ring!STRATEGIZE with your alliance members in the Faction Headquarters\u2022 Players can coordinate to complete exclusive Expedition missions for rewards, earn faction lockboxes in the Head Office, and earn Faction coins that can be redeemed for valuable items in the Swag Store.JOIN THE CHAMPIONS CLUB\u2022 Champions Club Pass is the premier service designed to give players VIP access to exclusive benefitsWWE CHAMPIONS, Champions Club Pass free trial will convert to a weekly subscription after 7 days.  A payment of $2.99/week (or local equivalent) will be charged to your Google Play account when the subscription begins, and it will auto-renew weekly unless turned off at least 24 hours before the end of a subscription period.  Renewal payments will be charged within 24 hours before the end of the subscription period, at a price of $2.99/week (or local equivalent).  Unused portions of free trials will be forfeited upon purchase of a subscription.  You can manage subscriptions and turn off auto-renewals in your device account settings.Terms of Service: http://scopely.com/tos/Privacy Policy: http://scopely.com/privacy/WWE Champions is the ultimate puzzle RPG to feature all of your favorite WWE heroes. Enter the brutal world of the WWE, play puzzle games to defeat your rivals and collect new WWE Superstars to build the ultimate team. Download for free and start battling today!",
  "inc": "Scopely",
  "intalled_count": "10,000,000",
  "last_update": [
    "July",
    "31",
    " 2018"
  ],
  "name": "WWE Champions - Free Puzzle RPG Game",
  "offered_by": "Google Commerce Ltd",
  "permissions": {
    "Device & app history": [
      "retrieve running apps"
    ],
    "Photos/Media/Files": [
      "read the contents of your USB storage",
      "modify or delete the contents of your USB storage"
    ],
    "Storage": [
      "read the contents of your USB storage",
      "modify or delete the contents of your USB storage"
    ],
    "Wi-Fi connection information": [
      "view Wi-Fi connections"
    ],
    "Other": [
      "receive data from Internet",
      "view network connections",
      "full network access",
      "prevent device from sleeping",
      "Google Play license check"
    ]
  },
  "rate": [
    [
      "263,555",
      "4.3"
    ],
    [
      "181,382",
      "5"
    ],
    [
      "31,081",
      "4"
    ],
    [
      "18,584",
      "3"
    ],
    [
      "7,133",
      "2"
    ],
    [
      "25,375",
      "1"
    ]
  ],
  "required_android": "4.1",
  "size": "78",
  "url": "https://play.google.com/store/apps/details?id=com.scopely.whiplash",
  "version": "0.280"
}