{
  "categories": [
    "Video Players & Editors"
  ],
  "description": "Listen to your favorite FM radio stations for free on your Motorola phone. Motorola FM Radio makes it easy to scan for stations, build your favorites list, set your sleep timer, record the best songs and see live information about what\u2019s playing -- all with a cool Material Design look.  This application has been designed to work on Motorola phones with an enabled FM chipset and running Android 6.0 (Marshmallow) and above. You may play thru wired headset, bluetooth headset or loudspeaker, and for the best performance you should connect a wired headset or Digital TV dongle to act as the FM antenna.",
  "inc": "Motorola Mobility LLC.",
  "intalled_count": "100,000,000",
  "last_update": [
    "May",
    "2",
    " 2018"
  ],
  "name": "Motorola FM Radio",
  "offered_by": "Google Commerce Ltd",
  "permissions": {
    "Photos/Media/Files": [
      "read the contents of your USB storage",
      "modify or delete the contents of your USB storage"
    ],
    "Storage": [
      "read the contents of your USB storage",
      "modify or delete the contents of your USB storage"
    ],
    "Microphone": [
      "record audio"
    ],
    "Phone": [
      "read phone status and identity"
    ],
    "Device ID & call information": [
      "read phone status and identity"
    ],
    "Other": [
      "modify/delete internal media storage contents",
      "expand/collapse status bar",
      "change your audio settings",
      "prevent device from sleeping"
    ]
  },
  "rate": [
    [
      "54,775",
      "3.9"
    ],
    [
      "28,499",
      "5"
    ],
    [
      "9,824",
      "4"
    ],
    [
      "6,508",
      "3"
    ],
    [
      "3,730",
      "2"
    ],
    [
      "6,214",
      "1"
    ]
  ],
  "required_android": "Varies with",
  "size": "Varies with devic",
  "url": "https://play.google.com/store/apps/details?id=com.motorola.fmplayer",
  "version": "Varies with device"
}