{
  "categories": [
    "Role Playing"
  ],
  "description": "Craft your own mech and triumph in fierce heads-up combat!Build a mighty robo-hero to take on endless hordes of battle-droids with an arsenal of cannons, missiles, lasers and more.From the wreckage of battle, scavenge, fuse and recruit an army of allies.Take on missions, find loot, and battle to victory in this fast-paced action RPG.Features:\u2022 Become a master engineer: design, craft, and upgrade to improve your mech forces\u2022 Take on the role of a ruthless bot, and dominate in fierce combat\u2022 Discover hundreds of unique items throughout your journey\u2022 Create a powerful gang of battle-droids and rule the Mech World!Boarding Party GamesDarren BridenCode - Sven ParothArt - Eric ProtonMusic - Matt \"Norrin_Radd\" CreamerSpecial Thanks - Jessica BridenAbout TapinatorTapinator (Ticker: TAPM) develops and publishes mobile games and decentralized apps on the iOS, Google Play, Amazon and Ethereum platforms. Tapinator's portfolio includes over 300 gaming titles that, collectively, have achieved over 450 million player downloads. Tapinator is headquartered in New York. For more info, visit Tapinator.com.",
  "inc": "Tapinator, Inc. (Ticker: TAPM)",
  "intalled_count": "10,000",
  "last_update": [
    "July",
    "10",
    " 2018"
  ],
  "name": "Fusion Heroes",
  "offered_by": "Google Commerce Ltd",
  "permissions": {
    "Wi-Fi connection information": [
      "view Wi-Fi connections"
    ],
    "Other": [
      "view network connections",
      "full network access"
    ]
  },
  "rate": [
    [
      "151",
      "3.9"
    ],
    [
      "89",
      "5"
    ],
    [
      "17",
      "4"
    ],
    [
      "13",
      "3"
    ],
    [
      "11",
      "2"
    ],
    [
      "21",
      "1"
    ]
  ],
  "required_android": "4.4",
  "size": "29",
  "url": "https://play.google.com/store/apps/details?id=com.tapinator.fusionHeroes",
  "version": "0.4.5"
}