{
  "categories": [
    "Role Playing"
  ],
  "description": "... It\u2019s not a joke, it\u2019s Doom & Destiny Advacend.NOODLES UPDATE 2.7.5.3- Added the Flying Ship, every corner of the world is exploable- Level cap 149!- Max affinity 20, for every class;- Added a new class, the Adventurer;- New questlines and dungeons, affinity crystals are now farmable;- Unlocked the Ultimetal gear;- Old bugs fixed, new ones added!This is the PREMIUM version of Do&De Advanced. * All classes are available, nothing is locked* No annoying ads * New content updates are delivered with no delays.---Venture with the most nerdy anti-heroes of all times, face a crazy adventure, defeat a mad business man and save the universe, one fetch quest at a time.ROLL YOUR DICEEmbody 20 different heroic spirits, equip gear, master skills and character combinations to fight in turn based combat 300+ different enemies and, while you progress into an over 30 hours main quest, feel free to explore 1000+ locations looking for more than 100 hidden secrets.Doom & Destiny Advanced is the sequel, prequel and reboot of Doom & Destiny. This might sound crazy, but in short, it means that you don\u2019t need to play the first Do&De, but if you did, you\u2019ll enjoy the wacky world and funny characters even more!JOIN THE ARENA, BRO!The action doesn\u2019t stop with the single player adventure! Enter the Arena and fight other players in asynchronous turn based battles!Fight and unlock 100 unique multiplayer perks, 120+ costumes and more and reach the top online leadersboard!Join the Doom & Destiny Community on Facebook: https://www.facebook.com/DoomAndDestinyHelp us with your idea on the Steam forum: http://steamcommunity.com/app/361040/discussions/",
  "inc": "Heartbit Interactive Srl",
  "intalled_count": "50,000",
  "last_update": [
    "March",
    "19",
    " 2018"
  ],
  "name": "Doom & Destiny Advanced",
  "offered_by": "Google Commerce Ltd",
  "permissions": {
    "Device & app history": [
      "read sensitive log data"
    ],
    "Identity": [
      "find accounts on the device"
    ],
    "Contacts": [
      "find accounts on the device"
    ],
    "Photos/Media/Files": [
      "read the contents of your USB storage",
      "modify or delete the contents of your USB storage"
    ],
    "Storage": [
      "read the contents of your USB storage",
      "modify or delete the contents of your USB storage"
    ],
    "Wi-Fi connection information": [
      "view Wi-Fi connections"
    ],
    "Other": [
      "bind to a notification listener service",
      "receive data from Internet",
      "view network connections",
      "read battery statistics",
      "full network access",
      "run at startup",
      "prevent device from sleeping",
      "Google Play license check"
    ]
  },
  "rate": [
    [
      "6,226",
      "4.7"
    ],
    [
      "5,039",
      "5"
    ],
    [
      "743",
      "4"
    ],
    [
      "209",
      "3"
    ],
    [
      "86",
      "2"
    ],
    [
      "149",
      "1"
    ]
  ],
  "required_android": "4.0.3",
  "size": "26",
  "url": "https://play.google.com/store/apps/details?id=hb.doom_and_destiny_advanced",
  "version": "1.7.5.2"
}