{
  "categories": [
    "Video Players & Editors"
  ],
  "description": "SFR TV :  Vos programmes TV au doigt et \u00e0 l\u2019\u0153il ! \u00a0Une large s\u00e9lection de cha\u00eenes TV et en REPLAY (1) en Haute Qualit\u00e9 vid\u00e9o (HQ)SFR PLAY, la VOD illimit\u00e9e, pens\u00e9e pour toute la famille, sur tous vos \u00e9crans, partout, en streaming et en t\u00e9l\u00e9chargement (2)Des Pass VOD pour un acc\u00e8s en illimit\u00e9, et des catalogues de VOD pour la location(3) ou l\u2019achat d\u00e9finitif \u00e0 l\u2019unit\u00e9 (4) Un guide TV complet sur toutes les chaines de votre abonnementDes services TV \u00e0 distance comme\u00a0la programmation et la lecture \u00e0 distance des enregistrements TV (5)  Une t\u00e9l\u00e9commande pour piloter votre box (6)Un media center, pour parcourir et lire les fichiers multim\u00e9dia d\u00e9pos\u00e9s sur LaBox (et autres sources DLNA)Des stations radios FM Pour les clients box TV Fibre et RED Fibre de SFR, toutes vos passions sont au menu avec les chaines TV BY NUMERICABLE. \u00a0La TV en toute libert\u00e9 en 3G, 4G et en Wifi,\u00a0 quel que soit l\u2019op\u00e9rateur.\u00a0(1) Pour les abonn\u00e9s mobiles/tablettes\u00a0SFR\u00a0(option SFR TV disponible dans les offres mobile compatibles). Chaines TV incluses ou en option pour les clients box de SFR, Fibre de SFR et RED Fibre de SFR poss\u00e9dant un d\u00e9codeur TV actif. Pour les clients box de SFR sans option TV, acc\u00e8s \u00e0 plus de 60 cha\u00eenes en direct, mais REPLAY non disponible. RDV dans votre espace client pour v\u00e9rifier si votre offre est compatible.(2) Acc\u00e8s uniquement aux vid\u00e9os identifi\u00e9es comme disponibles en multi-\u00e9crans et/ou au t\u00e9l\u00e9chargement. La visualisation d\u2019un programme t\u00e9l\u00e9charg\u00e9 hors ligne n\u2019est possible que si le programme a \u00e9t\u00e9 pr\u00e9alablement lou\u00e9 ou inclus dans un Pass auquel vous \u00eates abonn\u00e9. La location / abonnement n\u00e9cessite une connexion en 3G / 4G ou WIFI.(3) Pour les clients box de SFR, la VOD illimit\u00e9e avec un abonnement aux Pass Kids, Pass cin\u00e9ma ou Canalplay.  Pour un client box Fibre de SFR abonnement aux Pass VOD illimit\u00e9es by Numericable. Pour les clients box de SFR,  location VOD dans le Club Vid\u00e9o. Pour les clients Fibre de SFR location de VOD dans le Vid\u00e9o Club by Numericable. VOD hors SFR PLAY non disponible pour les clients RED Fibre. Les actes de location et d\u2019abonnement sont faits sur la TV. (4) Achat d\u00e9finitif disponible pour les clients Box Fibre de SFR. Les actes d\u2019achat sont faits sur la TV.  (5) Sous r\u00e9serve d'avoir un disque dur externe ou interne au d\u00e9codeur TV. Non disponible pour les clients RED Fibre de SFR(6) T\u00e9l\u00e9commande compatible seulement avec les d\u00e9codeurs TV  Fibre de  SFR  et Evolution. Non disponible pour les clients RED Fibre de SFR.D\u00e9tails sur\u00a0www.sfr.fr.\u00a0",
  "inc": "SFR",
  "intalled_count": "5,000,000",
  "last_update": [
    "August",
    "2",
    " 2018"
  ],
  "name": "SFR TV",
  "offered_by": "Google Commerce Ltd",
  "permissions": {
    "Identity": [
      "find accounts on the device",
      "add or remove accounts"
    ],
    "Contacts": [
      "find accounts on the device"
    ],
    "Phone": [
      "read phone status and identity"
    ],
    "Photos/Media/Files": [
      "read the contents of your USB storage",
      "modify or delete the contents of your USB storage"
    ],
    "Storage": [
      "read the contents of your USB storage",
      "modify or delete the contents of your USB storage"
    ],
    "Wi-Fi connection information": [
      "view Wi-Fi connections"
    ],
    "Device ID & call information": [
      "read phone status and identity"
    ],
    "Other": [
      "receive data from Internet",
      "view network connections",
      "create accounts and set passwords",
      "connect and disconnect from Wi-Fi",
      "full network access",
      "run at startup",
      "draw over other apps",
      "use accounts on the device",
      "control vibration",
      "prevent device from sleeping",
      "modify system settings",
      "toggle sync on and off",
      "view network connections",
      "connect and disconnect from Wi-Fi",
      "full network access",
      "run at startup",
      "draw over other apps",
      "control vibration",
      "prevent device from sleeping",
      "modify system settings"
    ]
  },
  "rate": [
    [
      "75,916",
      "3.6"
    ],
    [
      "32,851",
      "5"
    ],
    [
      "14,315",
      "4"
    ],
    [
      "8,061",
      "3"
    ],
    [
      "5,424",
      "2"
    ],
    [
      "15,265",
      "1"
    ]
  ],
  "required_android": "Varies with",
  "size": "Varies with devic",
  "url": "https://play.google.com/store/apps/details?id=com.sfr.android.mobiletv",
  "version": "Varies with device"
}