{
  "categories": [
    "Role Playing"
  ],
  "description": "What's the point of life if there are no selfies to show it off? ;-) You're on your way to becoming a famous social media fashion model and Selfie Queen! Keep your followers coming by posting supercool selfies! Have you been dreaming of becoming a famous social media star? Now's your chance! When you're a social media model, you need to be ready for a selfie at a moment's notice. Show off your fashionista style - dress up in the hottest outfits, and take selfies every step of the way!Features:> Dress up in the coolest, selfie-worthy outfits! Don't forget to accessorize! > What fashion vibe are you feeling today - Urban? Party? Romantic? Choose your style! > Win fun selfie contests! Show 'em who the true Selfie Queen is!> Your awesome apartment is the best background you could wish for for your ultra chic modeling selfies!> Strike a pose! It's time for your fashion modeling photo shoot. Choose the filter that's just right for your photos. Add a sticker too!> Experiment with a variety of stunning looks - your very own personal stylist will help you!> Be the envy of the social media world, with a killer makeover that will make your selfies pop!> Try a fun new hairstyle - your followers will love it! > Get exciting new daily gifts by posting your #OOTD\u2019s (outfit of the day) every day!About Coco PlayCoco Play is China-based developer of creative and unique apps for kids and the whole family. Founded in 2013, Coco Play provides rich 3D simulation-based games for the whole family. Coco Play is a subsidiary of TabTale, a leading, global creator of innovative games, interactive books and educational apps.Visit us: https://www.tabtale.com/ Like us: https://www.facebook.com/TabTaleFollow us:@TabtaleWatch us: https://www.youtube.com/iTabtaleCONTACT US Let us know what you think! Questions? Suggestions? Technical Support? Contact us 24/7 at WeCare@TabTale.com.FOR PARENTSThe app is free to play but certain in-game items may require payment. You may restrict in-app purchases by disabling them on this device. The app may include advertising for TabTale and certain third parties which will redirect users to our sites, apps or third-party sites.Your privacy matters. The app may enable collection of limited user data by TabTale or its carefully selected providers (e.g. ad networks and analytics) for limited purposes described in our Privacy Policy (e.g. respond to support queries; enable, analyze and improve the app\u2019s features and services; serve contextual ads and measure their performance). The app includes certain features only accessible behind an age-gate to protect children (e.g. restrict behavioral ads; social networks links to connect with others while playing; option to accept push notifications to inform of exciting news e.g. updates). For more information (notably on the providers), please read our Privacy Policy: https://tabtale.com/privacy-policy/. By downloading, updating or using the app you consent (in your personal capacity and for other users of your device) to this collection and use of limited device information for ad display and reporting purposes, and to our Terms of Use: https://tabtale.com/terms-of-use/.",
  "inc": "Coco Play By TabTale",
  "intalled_count": "5,000,000",
  "last_update": [
    "July",
    "31",
    " 2018"
  ],
  "name": "Selfie Queen - Social Star",
  "offered_by": "Google Commerce Ltd",
  "permissions": {
    "Photos/Media/Files": [
      "read the contents of your USB storage",
      "modify or delete the contents of your USB storage"
    ],
    "Storage": [
      "read the contents of your USB storage",
      "modify or delete the contents of your USB storage"
    ],
    "Other": [
      "receive data from Internet",
      "view network connections",
      "full network access",
      "prevent device from sleeping"
    ]
  },
  "rate": [
    [
      "118,556",
      "4.3"
    ],
    [
      "82,520",
      "5"
    ],
    [
      "14,608",
      "4"
    ],
    [
      "9,340",
      "3"
    ],
    [
      "2,818",
      "2"
    ],
    [
      "9,270",
      "1"
    ]
  ],
  "required_android": "4.1",
  "size": "83",
  "url": "https://play.google.com/store/apps/details?id=com.cocoplay.outfit.day",
  "version": "1.0.5"
}