{
  "categories": [
    "Video Players & Editors"
  ],
  "description": "Try lightweight, intuitive video player.This is a video player that support SMI, SRT, SBV and ASS/SSA subtitle file. SMI, SRT, SBV and ASS/SSA file have to exist at same place with movie file. if you have a /sdcard/AAA.mp4, SMI file name must have /sdcard/AAA.smi. It supported Subtitle mirroring for Side by side(SBS) videoASS/SSA subtitleColored SMI,Support Ruby tag,Subtitle time sync adjust,Subtitle size,Subtitle position,folder browserVolume control Brightness control Volume Key reverse modeRepeat A-B postions,display remain time (click duration)etc",
  "inc": "Bolero33",
  "intalled_count": "10,000,000",
  "last_update": [
    "February",
    "17",
    " 2018"
  ],
  "name": "Soul Movie",
  "offered_by": "Google Commerce Ltd",
  "permissions": {
    "Photos/Media/Files": [
      "read the contents of your USB storage",
      "modify or delete the contents of your USB storage"
    ],
    "Storage": [
      "read the contents of your USB storage",
      "modify or delete the contents of your USB storage"
    ],
    "Wi-Fi connection information": [
      "view Wi-Fi connections"
    ],
    "Other": [
      "receive data from Internet",
      "view network connections",
      "full network access",
      "prevent device from sleeping"
    ]
  },
  "rate": [
    [
      "101,287",
      "4.1"
    ],
    [
      "59,904",
      "5"
    ],
    [
      "16,960",
      "4"
    ],
    [
      "10,048",
      "3"
    ],
    [
      "5,176",
      "2"
    ],
    [
      "9,199",
      "1"
    ]
  ],
  "required_android": "4.0",
  "size": "3.8",
  "url": "https://play.google.com/store/apps/details?id=com.soludens.movieview",
  "version": "8.6.9"
}