{
  "categories": [
    "Simulation"
  ],
  "description": "Hey Guys & Girls you done a lot with parking and transporter games, get ready to experience extreme racing thrill with 4x4 Crazy Jeep Stunt Adventure 3D simulator game. 4x4 crazy jeep stunt adventure is not some ordinary trucker or parking game app for transporting good or luxury packages. Drive super fast jeep and surfer 4x4 heavy duty vehicles in desert environment. Get ready to perform most deadly car jumps with stunt ramps on the road. Dare you truck driving skills, drive these expensive luxury cars on dune. Use nitro booster to make some huge leaps with these quad offroad vehicles. Enjoy the powerful engine sounds you will love racing against time. The clock is ticking you have to pass through checkpoints and aerial obstacles or flame circles with high speed car jump.Enjoy the most smashing epic adventure of 2015, if you love driving derby cars and making some drift. Then this game will take you next level of off road ramps tricks with monster trucks. With your precision and accuracy driving become champion driver. Enjoy high speed stunt jumps with 4x4 crazy jeep stunt adventure 3D simulation game better than ordinary quad or ATV vehicles. Avoid demolition of your quad ATV ride, your challenge is for perfect high jump and safe landing with off-road cars.Powerful Features:\u2605\u00a0Stunning 3 monster jeep to drive in desert\u2605\u00a015 insane levels of extreme stunt driving \u2605\u00a0Super nitro booster for powerful engine throttle to pull of crazy jumps\u2605\u00a0Free mode for action pack racing on dune with offroad vehicles\u2605\u00a0Smooth touch and tap controls with realistic physics",
  "inc": "Kick Time Studios",
  "intalled_count": "1,000,000",
  "last_update": [
    "June",
    "14",
    " 2016"
  ],
  "name": "4x4 Crazy Jeep Stunt Adventure",
  "offered_by": "Google Commerce Ltd",
  "permissions": {
    "Phone": [
      "read phone status and identity"
    ],
    "Photos/Media/Files": [
      "read the contents of your USB storage",
      "modify or delete the contents of your USB storage"
    ],
    "Storage": [
      "read the contents of your USB storage",
      "modify or delete the contents of your USB storage"
    ],
    "Wi-Fi connection information": [
      "view Wi-Fi connections"
    ],
    "Device ID & call information": [
      "read phone status and identity"
    ],
    "Other": [
      "view network connections",
      "full network access",
      "control vibration"
    ]
  },
  "rate": [
    [
      "6,663",
      "3.9"
    ],
    [
      "3,651",
      "5"
    ],
    [
      "859",
      "4"
    ],
    [
      "795",
      "3"
    ],
    [
      "448",
      "2"
    ],
    [
      "910",
      "1"
    ]
  ],
  "required_android": "4.0",
  "size": "28",
  "url": "https://play.google.com/store/apps/details?id=com.kick.jeep.stunt.driver",
  "version": "1.0.3"
}