{
  "categories": [
    "Video Players & Editors"
  ],
  "description": "\u2606 'Shows' Menu Open \u2606Enjoy SBS program homepage easily from 'Shows' menu that we make newly.Enjoy SBS OnAir/VOD/Cilp/News/Podcast all in one!Various channels (KBS, MBC, CJ E&M, jtbc, MBN, Channel A, TV chosun, etc.) and clips now available on SBS app!\u25ce HD on-air service- SBS, SBS Plus, SBS Sports, SBS Golf, SBS CNBC, SBS funE, SBS MTV, POWER FM, LOVE FM \u203b On-air service is available upon purchase of live streaming pass(KRW 2,200)   (KRW 1,000 for the first month new comers)\u203b Some programs including 8News, Morning Wide are free to watch (please log in at the real time broadcasting time)\u25ce SBS VOD 70,000 episodes for freeDon\u2019t miss watching the legendary titles of the top stars (Lee Young-ae, Lee Bo-young, Lee Sang-yoon, Hyun Bin, Yoo Ah-in and many more) free of charge!\u203b 10,000 episodes from 2015 have been up-dated for free of charge (including Roots of the Throne, Gang Doctor, The Privileged and many more)- I Can Hear Your Voice (Lee Bo-young, Lee Jong-seok)- Angel Eyes (Lee Sang-yoon, Ku Hye-seon)- God\u2019s Gift \u2013 14 Days (Lee Bo-young, Jo Seung-woo)- The Privileged (Uee, Sung Joon, Park Hyung-sik)- Life is Beautiful (Lee Sang-yoon, Lee Sang-woo)- Flame (Lee Young-ae, Cha In-pyo)- Cruel Temptation (Jang Seo-hee, Byeon Woo-min)- Pinocchio (Lee Jong-seok, Park Shin-hye)- The Inheritors (Lee Min-ho, Park Shin-hye, Park Hyung-sik)- Secret Garden (Ha Ji-won, Hyun Bin)- My Love from the Star (Jeon Ji-hyun, Kim Soo-hyun)- Biscuit Teacher and Star Candy (Gong Yoo, Gong Hyo-jin)- Roots of the Throne (Yoo Ah-in, Byun Yo-han, Shin Se-kyung)- Gang Doctor (Joo Won, Kim Tae-hee)- Identical Affairs (Kim Hyun-joo, Ji Jin-hee, Park Han-byul)- Gentlemen\u2019s Dignity (Jang Dong-geon, Kim Ha-neul)- It\u2019s Okay, That\u2019s Love (Jo In-sung, Gong Hyo-jin)- Dr. Stranger (Lee Jong-seok, Gang So-ra)- Jang Ok-jung (Yoo Ah-in, Kim Tae-hee)\u25ce Luvstar! Take pictures together with your favorite star!- Search for stars around you and take a picture together!- Gather clips and VODs of your favorite star!\u25ce TV program Podcast- Popular drama/variety/educational programs available on Podcast\u25ce Mobile Admission Ticket- From application to admission of SBS programs at one go! Apply for The Show admission right now~[Keyword]SBS, TV, on-air, VOD, luvstar, online chat",
  "inc": "SBS I&M Co., Ltd.",
  "intalled_count": "1,000,000",
  "last_update": [
    "July",
    "25",
    " 2018"
  ],
  "name": "SBS On Demand",
  "offered_by": "Google Commerce Ltd",
  "permissions": {
    "Device & app history": [
      "retrieve running apps"
    ],
    "Location": [
      "approximate location (network-based)",
      "precise location (GPS and network-based)"
    ],
    "Photos/Media/Files": [
      "read the contents of your USB storage",
      "modify or delete the contents of your USB storage"
    ],
    "Storage": [
      "read the contents of your USB storage",
      "modify or delete the contents of your USB storage"
    ],
    "Camera": [
      "take pictures and videos"
    ],
    "Wi-Fi connection information": [
      "view Wi-Fi connections"
    ],
    "Other": [
      "modify secure system settings",
      "receive data from Internet",
      "view network connections",
      "expand/collapse status bar",
      "control flashlight",
      "full network access",
      "reorder running apps",
      "draw over other apps",
      "control vibration",
      "prevent device from sleeping",
      "modify system settings"
    ]
  },
  "rate": [
    [
      "7,534",
      "3.6"
    ],
    [
      "3,774",
      "5"
    ],
    [
      "957",
      "4"
    ],
    [
      "737",
      "3"
    ],
    [
      "377",
      "2"
    ],
    [
      "1,689",
      "1"
    ]
  ],
  "required_android": "4.0.3",
  "size": "23",
  "url": "https://play.google.com/store/apps/details?id=kr.co.sbs.videoplayer",
  "version": "2.58.0"
}