{
  "categories": [
    "Word"
  ],
  "description": "Classic Words Solo is the number one word game to play against your smartphone or tablet (solitaire mode).Enrich your vocabulary thanks to the built-in word definitions!6 difficulty levels and many languages are supported: English, Spanish, French, Italian, German, Dutch and Polish.Tired of stumbling across cheaters or waiting hours for your online opponent to play on Scrabble, Words with friends or Wordfeud?Try out Classic Words Solo for instant fun, no matter if you are a beginner in crossword games or a Scrabble tournament player!\u2606 Buy Classic Words Plus for exclusive features \u2606\u2022 Pass-and-Play mode for 2 players\u2022 Ad-free experience\u2022 Teacher\u2022 Preview your score before validating a moveChoose the skill level of the computer (from beginner to expert), pick a word list (English word lists include TWL and SOWPODS official lexicons), and use your strategy skills and vocabulary to try and defeat the Droid.Classic Words gameplay is classical to crosswords board games: create and place words on the board and boost your score by placing letters on the high scoring Double Letter, Double Word, Triple Letter and Triple Word squares.Use all 7 letters from your rack to play a Bingo and get a 50 points bonus.This game is a great time killer for all fans of board games and strategy games. It is also an educational game that will allow kids (and adults) to improve their spelling and vocabulary. Thanks to the fast reactivity and variable skill of the computer and quality word lists, Classic Words is used by many Scrabble enthusiasts to play quick training matches and learn new words from the computer's moves.Unlike with multiplayer board games where some dishonest players use anagram solvers, there is no cheating possible when playing solitaire... Letters and blanks are always picked randomly, and the computer's artificial intelligence does not have more information than you do.Only your tactics and creativity can make the difference...Will you play strategically enough to outwit the computer and its extensive vocabulary?\u2606 Features \u2606\u2022  6 levels of difficulty\u2022  Display the definition of words by swiping them\u2022  Quit and resume game whenever you want\u2022  Shake to shuffle\u2022  Languages and dictionaries supported:   - English      - SOWPODS 2015 (Official English tournament list)      - TWL 2014 (Official list)   - German (with support of Umlauts, and Ezset to be replaced by two 'S')   - French (Official list used in Scrabble tournaments)   - Italian   - Spanish   - Dutch   - Polish\u2022  Distribution of letters and points is adapted to the language\u2022  Supports offline play",
  "inc": "Lulo Apps",
  "intalled_count": "5,000,000",
  "last_update": [
    "July",
    "4",
    " 2018"
  ],
  "name": "Classic Words Solo",
  "offered_by": "Google Commerce Ltd",
  "permissions": {
    "Phone": [
      "read phone status and identity"
    ],
    "Photos/Media/Files": [
      "read the contents of your USB storage",
      "modify or delete the contents of your USB storage"
    ],
    "Storage": [
      "read the contents of your USB storage",
      "modify or delete the contents of your USB storage"
    ],
    "Wi-Fi connection information": [
      "view Wi-Fi connections"
    ],
    "Device ID & call information": [
      "read phone status and identity"
    ],
    "Other": [
      "receive data from Internet",
      "view network connections",
      "full network access",
      "control vibration",
      "prevent device from sleeping",
      "view network connections",
      "full network access",
      "control vibration"
    ]
  },
  "rate": [
    [
      "135,580",
      "4.4"
    ],
    [
      "80,028",
      "5"
    ],
    [
      "38,819",
      "4"
    ],
    [
      "8,964",
      "3"
    ],
    [
      "3,238",
      "2"
    ],
    [
      "4,531",
      "1"
    ]
  ],
  "required_android": "Varies with",
  "size": "Varies with devic",
  "url": "https://play.google.com/store/apps/details?id=com.lulo.scrabble.classicwords",
  "version": "Varies with device"
}