{
  "categories": [
    "Trivia"
  ],
  "description": "V\u011aDOMOSTI & STRATEGIEDobyvatel p\u0159edstavuje unik\u00e1tn\u00ed hern\u00ed \u017e\u00e1nr, kter\u00fd nab\u00edz\u00ed v\u00edce ne\u017e jen jednoduchou kv\u00edzovou hru. Dob\u00fdvejte \u00fazem\u00ed a \u00fato\u010dte na hrady b\u011bhem odpov\u00edd\u00e1n\u00ed v\u011bdomostn\u00edch ot\u00e1zek. Otestujte sv\u00e9 v\u011bdomosti a vyu\u017eijte sv\u00e9 strategick\u00e9 schopnosti.LIGY & \u017dEB\u0158\u00cd\u010cKYM\u016f\u017eete vstoupit do turnaj\u016f, zapojit se do sout\u011b\u017ee, vylep\u0161it svou pozici v \u017eeb\u0159\u00ed\u010dku a z\u00edskat odm\u011bny!Dosta\u0148te se do nejvy\u0161\u0161\u00ed ligy se spr\u00e1vn\u011b zvolenou strategi\u00ed! Pora\u017ete sv\u00e9 nep\u0159\u00e1tele a bu\u010fte \u0161ampionem v\u011bdomost\u00ed!ROSTOUC\u00cd KOMUNITAVytvo\u0159te klan (nebo se k n\u011bjak\u00e9mu p\u0159ipojte), hrajte a chatujte s tis\u00edci fanou\u0161ky. Pozv\u011bte sv\u00e9 nejlep\u0161\u00ed p\u0159\u00e1tele k p\u0159\u00e1telsk\u00e9mu souboji, hodno\u0165te ot\u00e1zky p\u0159idan\u00e9 u\u017eivateli, nebo p\u0159idejte vlastn\u00ed.KR\u00c1LOVSTV\u00cd Z\u00c1BAVYNastavte si sv\u016fj sv\u011bt - vytvo\u0159te si unik\u00e1tn\u00ed avatar, roz\u0161i\u0159ujte svou vesnici a vylep\u0161ujte sv\u00e9 budovy, abyste zv\u00fd\u0161ili p\u0159\u00edjmy a odm\u011bny. Bu\u010fte kreativn\u00ed p\u0159i roz\u0161i\u0159ov\u00e1n\u00ed sv\u00e9ho Kr\u00e1lovstv\u00ed z\u00e1bavy!MULTI-PLATFORMN\u00cdHrajte Dobyvatele na jak\u00e9mkoli za\u0159\u00edzen\u00ed, a\u0165 jste kdekoliv! Hrajte na PC, nebo kdy\u017e jste v pohybu, pokra\u010dujte hrou na mobilu nebo tabletu beze ztr\u00e1ty sv\u00e9ho postupu. Dobyvatel opravdu p\u0159in\u00e1\u0161\u00ed multi-platformn\u00ed p\u0159\u00edstup k hran\u00ed.Web: https://dobyvatel.triviador.netFacebook: https://www.facebook.com/Dobyvatel/Youtube: https://www.youtube.com/user/TriviadorGame",
  "inc": "THX Games Zrt.",
  "intalled_count": "100,000",
  "last_update": [
    "August",
    "4",
    " 2016"
  ],
  "name": "Dobyvatel",
  "offered_by": "Google Commerce Ltd",
  "permissions": {
    "Phone": [
      "read phone status and identity"
    ],
    "Photos/Media/Files": [
      "read the contents of your USB storage",
      "modify or delete the contents of your USB storage"
    ],
    "Storage": [
      "read the contents of your USB storage",
      "modify or delete the contents of your USB storage"
    ],
    "Wi-Fi connection information": [
      "view Wi-Fi connections"
    ],
    "Device ID & call information": [
      "read phone status and identity"
    ],
    "Other": [
      "full license to interact across users",
      "view network connections",
      "full network access",
      "run at startup",
      "control vibration",
      "prevent device from sleeping",
      "view network connections",
      "full network access",
      "prevent device from sleeping"
    ]
  },
  "rate": [
    [
      "3,242",
      "3.8"
    ],
    [
      "1,761",
      "5"
    ],
    [
      "414",
      "4"
    ],
    [
      "315",
      "3"
    ],
    [
      "172",
      "2"
    ],
    [
      "580",
      "1"
    ]
  ],
  "required_android": "4.0",
  "size": "55",
  "url": "https://play.google.com/store/apps/details?id=air.com.triviador.trcz",
  "version": "20160804"
}