{
  "categories": [
    "Role Playing"
  ],
  "description": "NEW UPDATES INCLUDING FIRE!Build a world of vast landscapes where you have ultimate control. You decide where to go and what to build. Fly on dragons and other creatures as you embark on an epic quest to save the world.Block Story\u00ae combines popular 3D block building, sandbox exploration gameplay with exciting and addictive role playing game elements.  Complete quests to conquer diverse biomes and become the greatest warrior in the realm.  Build strongholds, encounter a wide variety of creatures, battle boss monsters, and mine valuable resources to upgrade weaponry, access better equipment and create artifacts to summon monsters of all sorts -- including dragons!   The first chapter of your story begins...Key Features\u2022\tInteractive Fire\u2022\tFarming\u2022\tDiscover several new exciting quests\u2022\tLearn from a wise Wizard on how to discover the many wonders of Block Story\u2022\tRide on dragons and 29 other creatures\u2022\tInfinite hours of RPG exploration game play\u2022\tExplore numerous biomes from desert wastelands to arctic mountain ranges but look out for the ice dragon\u2022\tEncounter numerous supporting characters that will assist you on your quests.\u2022\tLevel up your hero with customized stats and attributes\u2022\tUse the crafting system to forge a slew of magical items \u2013 from lighting swords, mystical staves and rare       artifacts that summon dragons and other creatures that will aid you in battlehttp://www.blockstory.net/forum",
  "inc": "Mindblocks",
  "intalled_count": "10,000,000",
  "last_update": [
    "February",
    "9",
    " 2018"
  ],
  "name": "BLOCK STORY",
  "offered_by": "Google Commerce Ltd",
  "permissions": {
    "Device & app history": [
      "retrieve running apps"
    ],
    "Identity": [
      "find accounts on the device"
    ],
    "Contacts": [
      "find accounts on the device"
    ],
    "Location": [
      "approximate location (network-based)",
      "precise location (GPS and network-based)"
    ],
    "Phone": [
      "read phone status and identity"
    ],
    "Photos/Media/Files": [
      "read the contents of your USB storage",
      "modify or delete the contents of your USB storage"
    ],
    "Storage": [
      "read the contents of your USB storage",
      "modify or delete the contents of your USB storage"
    ],
    "Wi-Fi connection information": [
      "view Wi-Fi connections"
    ],
    "Device ID & call information": [
      "read phone status and identity"
    ],
    "Other": [
      "view network connections",
      "full network access",
      "use accounts on the device",
      "control vibration",
      "Google Play license check"
    ]
  },
  "rate": [
    [
      "374,392",
      "4.3"
    ],
    [
      "259,808",
      "5"
    ],
    [
      "41,282",
      "4"
    ],
    [
      "24,321",
      "3"
    ],
    [
      "12,991",
      "2"
    ],
    [
      "35,990",
      "1"
    ]
  ],
  "required_android": "4.0.3",
  "size": "52",
  "url": "https://play.google.com/store/apps/details?id=com.mindblocks.blocks_light",
  "version": "12.1.0"
}