{
  "categories": [
    "Board"
  ],
  "description": "UPDATE: Available for PC & OSX on Steam and http://Mighty-Dungeons.com ! Don't miss it !!!Enjoy this fan-made dungeon crawler crossover between old-school boardgames like Heroquest, Warhammer Quests and good oldies like Diablo I and DungeonMaster.Wander evil-packed dungeons and battle golems, demons and other soul-less creatures with dozen of hours of gameplay through many campaigns, heroes, a plethora of weapons, armors, potions and magic spells at your disposal",
  "inc": "Laylio Games",
  "intalled_count": "10,000",
  "last_update": [
    "February",
    "9",
    " 2016"
  ],
  "name": "Mighty Dungeons",
  "offered_by": "Google Commerce Ltd",
  "permissions": {
    "Other": [
      "view network connections",
      "full network access"
    ]
  },
  "rate": [
    [
      "1,764",
      "4.3"
    ],
    [
      "984",
      "5"
    ],
    [
      "450",
      "4"
    ],
    [
      "208",
      "3"
    ],
    [
      "81",
      "2"
    ],
    [
      "41",
      "1"
    ]
  ],
  "required_android": "2.2",
  "size": "43",
  "url": "https://play.google.com/store/apps/details?id=games.laylio.mightydungeons",
  "version": "1.11.2"
}