{
  "categories": [
    "Role Playing"
  ],
  "description": "* Google Play Best Games of 2017 - Best Indie ** Google Play Best Games of 2017 - Best to Pick Up & Play ** Winner of IMGA SEA 2017 - Grand Prix *Postknight reimagines the best parts of role-playing games into bite-sized bits within an exciting delivery adventure.The story follows the adventures of a Postknight \u2014 a knight who is tasked with difficult or dangerous deliveries \u2014 in the grand kingdom of Kurestal. Through deliveries, the postknight will meet other characters with different backgrounds while venturing across the kingdom of Kurestal and beyond.Designed to be an enjoyable RPG for those on-the-go, Postknight is optimized for mobile devices: from content to controls, for hardcore and casual players, to time spent in and out of the game. Instead of spending long hours to experience the highlights of an RPG adventure, Postknight delivers it in small yet exciting pieces.\u2022 Adorn Your RewardsYour hard-earned armour and weapons don\u2019t just improve your battle stats, they also look great on the postknight. Be great and glamorous in battle!\u2022 Brilliant BlendsMix your trusty potion up the way you want it to be: higher healing power, lower cooldown, or with more effective buffs?\u2022 Better, Faster, StrongerEvery delivery run increases the postknight\u2019s experience, along with strength, agility, intelligence and vitality. Allocate the traits that matter to you the most.\u2022 Select Strategic Skills Equip the postknight with skills and amoury perks that best suit your battle strategies!\u2022 Exciting ExpeditionEmbark on a light-hearted adventure to various interesting towns and cities and meet its diverse inhabitants. While you\u2019re at it, collect quirky loot and fantastic gear too!\u2022 Bite-sized But Breathtaking Postknight promises no draggy battles, but ensure that they will be equally exciting - especially when it comes to boss battles!\u2022 Destiny & DatesThroughout a postknight\u2019s journey, there will be new faces that will become lasting relationships. Of course, every relationship needs effort, be it in the form of gifts, or just dropping by for a daily visit.\u2022  Time Waits For No One, But\u2026 Time continues to tick for the postknight even when you are not playing: deliveries will be sent out and rewards will await you when you return!Girls you have ties with will wonder where you have gone too, so dropping by for a visit every now and then will keep their hearts at ease.----------Begin your delivery adventure now!You can find out more through the links below:Postknight on Facebook: https://www.facebook.com/postknightPostknight Twitter: @PlayPostknightKurechii\u2019s Facebook: https://www.facebook.com/kurechiiKurechii\u2019s Twitter: @kurechiiKurechii\u2019s G+: https://google.com/+KurechiiIt is ideal to play Postknight on a device with 1GB RAM or higher.If you are playing on a device with less RAM, you will encounter unsatisfying game performance, and we recommend playing on a device that meets the requirements instead.These two permissions are needed only when you want to share game screenshots through Postknight's share feature.\u2022 READ_EXTERNAL_STORAGE\u2022 WRITE_EXTERNAL_STORAGE",
  "inc": "Kurechii",
  "intalled_count": "1,000,000",
  "last_update": [
    "August",
    "2",
    " 2018"
  ],
  "name": "Postknight",
  "offered_by": "Google Commerce Ltd",
  "permissions": {
    "Device & app history": [
      "retrieve running apps"
    ],
    "Photos/Media/Files": [
      "read the contents of your USB storage",
      "modify or delete the contents of your USB storage"
    ],
    "Storage": [
      "read the contents of your USB storage",
      "modify or delete the contents of your USB storage"
    ],
    "Other": [
      "view network connections",
      "full network access",
      "run at startup",
      "control vibration",
      "prevent device from sleeping"
    ]
  },
  "rate": [
    [
      "176,892",
      "4.8"
    ],
    [
      "156,791",
      "5"
    ],
    [
      "14,618",
      "4"
    ],
    [
      "2,857",
      "3"
    ],
    [
      "833",
      "2"
    ],
    [
      "1,793",
      "1"
    ]
  ],
  "required_android": "4.3",
  "size": "Varies with devic",
  "url": "https://play.google.com/store/apps/details?id=com.kurechii.postknight",
  "version": "2.2.15"
}