{
  "categories": [
    "Tools"
  ],
  "description": "Manage your files efficiently and easily with Moto File Manager! Moto File Manager helps you handle all your files whether they are stored in your device's main storage or microSD card. -File category - Browse files easily by category right from Moto File Manager\u2019s home screen: picture, music, videos, archive, documents and recent files. It\u2019s quick and easy to access files in each category.-File operations - allows you to copy, move, rename, delete, compress and decompress ZIP files, create encrypted ZIP files and share files.-Storage info - Easily see the location of each category file and the SD card usage.-One key transfer - One click to transfer all picture, music and video files from the phone\u2019s internal storage to the external SD card. Transferred files are stored in the FileBrowser folder in the external SD card.-Global search - Search in all folders and files of the device.-Remote Management - Conveniently browse files on the device from your computer with remote management.",
  "inc": "Motorola Mobility LLC.",
  "intalled_count": "10,000,000",
  "last_update": [
    "February",
    "1",
    " 2018"
  ],
  "name": "Moto File Manager",
  "offered_by": "Google Commerce Ltd",
  "permissions": {
    "Photos/Media/Files": [
      "read the contents of your USB storage",
      "modify or delete the contents of your USB storage"
    ],
    "Storage": [
      "read the contents of your USB storage",
      "modify or delete the contents of your USB storage"
    ],
    "Wi-Fi connection information": [
      "view Wi-Fi connections"
    ],
    "Other": [
      "view network connections",
      "full network access",
      "control Near Field Communication",
      "set wallpaper",
      "prevent device from sleeping",
      "install shortcuts",
      "uninstall shortcuts"
    ]
  },
  "rate": [
    [
      "38,579",
      "4.1"
    ],
    [
      "22,576",
      "5"
    ],
    [
      "6,222",
      "4"
    ],
    [
      "3,834",
      "3"
    ],
    [
      "1,905",
      "2"
    ],
    [
      "4,042",
      "1"
    ]
  ],
  "required_android": "5.0",
  "size": "5.9",
  "url": "https://play.google.com/store/apps/details?id=com.lenovo.FileBrowser2",
  "version": "v3.7.93"
}