{
  "categories": [
    "Role Playing"
  ],
  "description": "RPG Clicker is a fantasy RPG simplified to one finger touch. No more getting lost in boring dungeon, just tap your way through diverse terrain and menacing monsters. Find loot and rack up gold to buy the ultimate weapon. Research powerful spells and set the pixels on fire. Then, when your hero is ready, engage in epic boss fights against titans where your hero\u2019s strength and skill will be put to the test. We developed a unique inflation system to allow for exponentially powerful enemies as well as exponentially valuable loot for heroes to find. That means you can upgrade weapons and spells to do billions of damage with our crazy inflation system! And since this is RPG Clicker, you can tap as fast as you can to do even more damage! RPG Clicker is the next evolution in clicker games. Join thousands of heroes in the ultimate clickers adventure!FEATURES\u2022 Incremental game progress with prestige system\u2022 One finger tap attack\u2022 Upgrade weapons, spells, and equipment\u2022 Fantasy themed pixel art",
  "inc": "Epic Pixel, LLC",
  "intalled_count": "1,000,000",
  "last_update": [
    "December",
    "1",
    " 2015"
  ],
  "name": "RPG Clicker",
  "offered_by": "Google Commerce Ltd",
  "permissions": {
    "Photos/Media/Files": [
      "read the contents of your USB storage",
      "modify or delete the contents of your USB storage"
    ],
    "Storage": [
      "read the contents of your USB storage",
      "modify or delete the contents of your USB storage"
    ],
    "Other": [
      "view network connections",
      "full network access"
    ]
  },
  "rate": [
    [
      "47,452",
      "4.3"
    ],
    [
      "30,946",
      "5"
    ],
    [
      "7,886",
      "4"
    ],
    [
      "3,771",
      "3"
    ],
    [
      "1,841",
      "2"
    ],
    [
      "3,008",
      "1"
    ]
  ],
  "required_android": "2.3.3",
  "size": "5.1",
  "url": "https://play.google.com/store/apps/details?id=com.epicpixel.rpgclicker",
  "version": "1.26"
}