{
  "categories": [
    "Video Players & Editors"
  ],
  "description": "HTC\u2019s DLNA (Digital Living Network Alliance Server) Service gives you the best performance in the HTC Gallery, Music and Video Player apps. This service lets you connect via DMR (Digital Media Renderer) and play multimedia files in DMS (Digital Media Server).HTC, the HTC logo and other HTC product and service names referenced in the Application are the trademarks or registered trademarks of HTC Corporation in the United States and other countries. Any other company names, product names, service names and logos referenced in connection with the Application may be the trademarks of their respective owners.",
  "inc": "HTC Corporation",
  "intalled_count": "10,000,000",
  "last_update": [
    "December",
    "3",
    " 2015"
  ],
  "name": "HTC Service \uff0d DLNA",
  "offered_by": "Google Commerce Ltd",
  "permissions": {
    "Photos/Media/Files": [
      "read the contents of your USB storage",
      "modify or delete the contents of your USB storage"
    ],
    "Storage": [
      "read the contents of your USB storage",
      "modify or delete the contents of your USB storage"
    ],
    "Microphone": [
      "record audio"
    ],
    "Wi-Fi connection information": [
      "view Wi-Fi connections"
    ],
    "Other": [
      "capture audio output",
      "control media playback and metadata access",
      "allow Wi-Fi Multicast reception",
      "full network access",
      "prevent device from sleeping"
    ]
  },
  "rate": [
    [
      "3,483",
      "3.9"
    ],
    [
      "2,044",
      "5"
    ],
    [
      "406",
      "4"
    ],
    [
      "244",
      "3"
    ],
    [
      "144",
      "2"
    ],
    [
      "645",
      "1"
    ]
  ],
  "required_android": "5.0",
  "size": "3.0",
  "url": "https://play.google.com/store/apps/details?id=com.htc.htcdlnamiddlelayer",
  "version": "7.10.621414"
}