{
  "categories": [
    "Role Playing"
  ],
  "description": "Immerse yourself in the fantasy world of Korelis and battle your way to dominance. Fight alongside over 10 million players worldwide. Go on quests, fight for your guild, collect powerful cards, and so much more. Play today!Features:\u2022 Collect and evolve hundreds of monsters, each with their own abilities and lore\u2022 Magical match 3 battles\u2022 Fight with friends and share your spoils\u2022 Join a guild with other players and defeat other guilds\u2022 Master missions and earn special quest rewardsConnect with the community at: https://www.facebook.com/LegendaryGameOfHeroes/",
  "inc": "N3TWORK Inc.",
  "intalled_count": "5,000,000",
  "last_update": [
    "July",
    "31",
    " 2018"
  ],
  "name": "Legendary : Game of Heroes",
  "offered_by": "Google Commerce Ltd",
  "permissions": {
    "Wi-Fi connection information": [
      "view Wi-Fi connections"
    ],
    "Other": [
      "receive data from Internet",
      "view network connections",
      "full network access",
      "control vibration",
      "prevent device from sleeping"
    ]
  },
  "rate": [
    [
      "99,247",
      "4.4"
    ],
    [
      "64,537",
      "5"
    ],
    [
      "20,787",
      "4"
    ],
    [
      "6,283",
      "3"
    ],
    [
      "2,035",
      "2"
    ],
    [
      "5,605",
      "1"
    ]
  ],
  "required_android": "4.4",
  "size": "92",
  "url": "https://play.google.com/store/apps/details?id=com.n3twork.legendary",
  "version": "2.2.1"
}