{
  "categories": [
    "Video Players & Editors"
  ],
  "description": "Video Maker is the easiest video editing tool/slideshow maker/effect camera to make stylish videos and photos. With minimum operations, a spark video combined with magic effects, fantastic filters, popular themes, special doodle, gif memes, slideshow animation, gif stickers, hot music will be shown. We\u2019re a free movie editing app for youtube,instachat&flipagram with no ads and no watermark.Key Features of movie creator/photo editor\ud83d\udccc Professional Editing Tool:Video Maker offers the best tools for you to quick cute cut/merge/trim/split/reverse/duplicate/cute cut/rotate/convert/compress your clips, dub video and cut movie. You can cute cut video in parts, merge images from your gallery or album, compress video without losing quality like a professional video producer, zoom in/out the video to resize it and rotate the video to make a super interesting piece of art easily.\ud83d\udccc Monotonous Themes:We have over 100 elaborate free themes and it only takes one tap to create an awesome music video or ideal slideshow instantly. Videomaker& videoeditor makes it easy for you to grab attention on social media by editing your photos and clips into eye catching videos.\ud83d\udccc Various Music:VideoMaker offers thousands of fully licensed music. You can add local songs from your device as well. Extensive online catalogue and local music makes your videos fun and popular. You can even record and use your own voice or use our sound effects to make the video even cooler. \ud83d\udccc Artistic Subtitles:There\u2019re variety of text styles and fonts for you to choice in movie maker& video editor. You can even doodle on the video. You can doodle anything you want to spice up your video and slideshow.  \ud83d\udccc Hot Filters & Beauty Camera: Movie creator gives you a whole collection of stunning real-time trendy filters to make your videos unique. We also have beauty camera to provide auto beautify function to give you default beauty effects. Besides you can beautify your body and face manually: enlarge eyes, smooth skin, slim nose and remove eye-bag, etc.   \ud83d\udccc Cute Stickers: There\u2019re various GIF, emoji, gif memes theme, creative huge sticker gallery. In the meantime, our facial recognition, motion stickers and live face effects like bunnies, kitties and puppy eyes makes you look fantastic in any video or slideshow. The FX options and animated stickers are also fun. Video maker& video editor makes it very easy for users to create and edit video and slideshow.\ud83d\udccc Speed: You can use fast motion/slow motion to adjust and control the speed of every video clip or images. Movie Maker free also provide video reverse and video playback function to make funny and creative original videos.\ud83d\udcccVideo to Mp3:Youngfilmmakers can easily change their voice in the video or slideshow to the voice of man/woman/kid/robot/monster. You can even use video maker& video editor as a mp3 converter and turn the soundtrack of your video into mp3 file. \ud83d\udccc Export: Video maker& video editor provides 720P/1080P HD export with no quality loss and no duration limit. You can save the video or slideshow to your draft or album at any time. Besides blurred background and voice enhancement features makes the video and slideshow more appealing.\ud83d\udccc Share: Square themes and no crop mode are customized for Instagram users. Easily sharing your videos to Facebook, YouTube, Flipagram with no max length limit. With video maker& video editor, creating a video with photos, music, and other elements is easy and fun. You can beautify your videos with texts, FX effects, GIFs, stickers, multi-music, photo filters, transitions, sound effects or live dubbing, and almost anything you want in a creative and personalized way. Try free movie maker for youngfilmmakers now.All kinds of suggestions and feedback are welcomed! Video Maker, Video Editor with Photos &Music will always be updating for all users!",
  "inc": "creative video editor photo slideshow maker Inc.",
  "intalled_count": "5,000,000",
  "last_update": [
    "July",
    "25",
    " 2018"
  ],
  "name": "Video Maker of Photos with Music & video editor",
  "offered_by": "Google Commerce Ltd",
  "permissions": {
    "Identity": [
      "find accounts on the device"
    ],
    "Contacts": [
      "find accounts on the device"
    ],
    "Phone": [
      "read phone status and identity"
    ],
    "Photos/Media/Files": [
      "read the contents of your USB storage",
      "modify or delete the contents of your USB storage"
    ],
    "Storage": [
      "read the contents of your USB storage",
      "modify or delete the contents of your USB storage"
    ],
    "Camera": [
      "take pictures and videos"
    ],
    "Microphone": [
      "record audio"
    ],
    "Wi-Fi connection information": [
      "view Wi-Fi connections"
    ],
    "Device ID & call information": [
      "read phone status and identity"
    ],
    "Other": [
      "receive data from Internet",
      "view network connections",
      "read battery statistics",
      "disable your screen lock",
      "control flashlight",
      "full network access",
      "close other apps",
      "run at startup",
      "draw over other apps",
      "control vibration",
      "prevent device from sleeping",
      "modify system settings",
      "install shortcuts",
      "uninstall shortcuts",
      "read Google service configuration"
    ]
  },
  "rate": [
    [
      "104,969",
      "4.6"
    ],
    [
      "76,281",
      "5"
    ],
    [
      "18,905",
      "4"
    ],
    [
      "5,819",
      "3"
    ],
    [
      "952",
      "2"
    ],
    [
      "3,012",
      "1"
    ]
  ],
  "required_android": "4.0",
  "size": "18",
  "url": "https://play.google.com/store/apps/details?id=com.funcamerastudio.videomaker",
  "version": "1.6.7"
}