{
  "categories": [
    "Video Players & Editors"
  ],
  "description": "VPlayer for Android is the leading free Multimedia player for the Android operating system which allows you to watch all popular video formats on your phone or tablet with hardware acceleration for faster and smoother HD playback with unparalleled ease and comfort.",
  "inc": "DCTEAM",
  "intalled_count": "1,000,000",
  "last_update": [
    "April",
    "12",
    " 2018"
  ],
  "name": "VPlayer",
  "offered_by": "Google Commerce Ltd",
  "permissions": {
    "Photos/Media/Files": [
      "read the contents of your USB storage",
      "modify or delete the contents of your USB storage"
    ],
    "Storage": [
      "read the contents of your USB storage",
      "modify or delete the contents of your USB storage"
    ],
    "Wi-Fi connection information": [
      "view Wi-Fi connections"
    ],
    "Other": [
      "Access download manager.",
      "receive data from Internet",
      "view network connections",
      "full network access",
      "prevent device from sleeping",
      "view network connections",
      "full network access"
    ]
  },
  "rate": [
    [
      "5,628",
      "3.6"
    ],
    [
      "2,878",
      "5"
    ],
    [
      "585",
      "4"
    ],
    [
      "486",
      "3"
    ],
    [
      "282",
      "2"
    ],
    [
      "1,397",
      "1"
    ]
  ],
  "required_android": "Varies with",
  "size": "Varies with devic",
  "url": "https://play.google.com/store/apps/details?id=com.dndteam.vplayer",
  "version": "Varies with device"
}