{
  "categories": [
    "Role Playing"
  ],
  "description": "Adventure across Disney\u2019s magical and wondrous worlds in the first mobile app for the beloved KINGDOM HEARTS series!--------------------------------------------Adventure across Disney worlds!--------------------------------------------The KINGDOM HEARTS story begins here!Meet faces both familiar and new as you become the hero of your very own tale! --------------------------------------------Fight alongside an all-star cast!--------------------------------------------Tap and swipe to execute mighty attacks!Equip character Medals featuring beloved Disney and FINAL FANTASY characters to call on their strength in battle!Customize your equipment and find new strategies to overcome fierce enemies!--------------------------------------------Many ways to play! Play with up to 6 friends in real-time multiplayer quests! --------------------------------------------Cooperate with friends to explore stages and tackle fearsome foes!Unlock the Coliseum by playing through the story quests and compete against others to climb the ranks! --------------------------------------------Express yourself with customizable avatars!--------------------------------------------An ever-growing selection of parts lets you make your very own avatar!Let your creativity run free as you choose from seasonal, event, and character-themed avatar parts to put together a unique look!",
  "inc": "SQUARE ENIX INC",
  "intalled_count": "1,000,000",
  "last_update": [
    "July",
    "19",
    " 2018"
  ],
  "name": "KINGDOM HEARTS Union \u03c7[Cross]",
  "offered_by": "Google Commerce Ltd",
  "permissions": {
    "Other": [
      "receive data from Internet",
      "view network connections",
      "full network access",
      "control vibration",
      "prevent device from sleeping"
    ]
  },
  "rate": [
    [
      "61,944",
      "3.9"
    ],
    [
      "37,509",
      "5"
    ],
    [
      "6,541",
      "4"
    ],
    [
      "3,935",
      "3"
    ],
    [
      "2,651",
      "2"
    ],
    [
      "11,308",
      "1"
    ]
  ],
  "required_android": "4.0.3",
  "size": "66",
  "url": "https://play.google.com/store/apps/details?id=com.square_enix.android_googleplay.khuxww",
  "version": "2.7.0"
}