{
  "categories": [
    "Role Playing"
  ],
  "description": "Heed the call of the magicians guild - conjurers, witches, archers and templars are needed! Monsters and dragons roam the realm, and your friends have already picked up the gauntlet, bow and arrow as well as sorcerer hats to raid dungeons, gain fame, and fight warlocks in the arena against other guilds!Guild of Heroes delivers everything the classic fantasy has to offer, with devious dwarves and ancient elves, nasty orc shamans and troll sorcery, epic action and dark caves, quests and raids as befits the best medieval style RPG in the lineage of tabletop games.However, the epic journey through the huge, colorful game world is not only fairy tales of mystic dungeons and dragons, but also battle against mages in the arena, controlled by other players!In a nutshell:\u2605 Action-packed fantasy RPG in best game graphics\u2605 Equip character classes such as mage, hunter and warrior, interchangeable at any time\u2605 PVP against other teams in arena guild wars\u2605 Craft medieval weapons and armor with hundreds of combinations\u2605 Thousands of different monsters from diabolic exorcists to ... oh, discover for yourself!Now, enough of the heroic ballads; grab your wand, sword and shield, and into the best, free fantasy RPG you'll ever experience!Oh, do not forget: Follow the Guild of Heroes Community on Facebook - Events, Fan Art, Guild Friends and Contests are waiting to be explored!",
  "inc": "BIT.GAMES",
  "intalled_count": "5,000,000",
  "last_update": [
    "July",
    "21",
    " 2018"
  ],
  "name": "Guild of Heroes - fantasy RPG",
  "offered_by": "Google Commerce Ltd",
  "permissions": {
    "Device & app history": [
      "retrieve running apps"
    ],
    "Wi-Fi connection information": [
      "view Wi-Fi connections"
    ],
    "Other": [
      "receive data from Internet",
      "view network connections",
      "full network access",
      "control vibration",
      "prevent device from sleeping",
      "Google Play license check"
    ]
  },
  "rate": [
    [
      "180,869",
      "4.5"
    ],
    [
      "133,206",
      "5"
    ],
    [
      "25,800",
      "4"
    ],
    [
      "7,995",
      "3"
    ],
    [
      "3,400",
      "2"
    ],
    [
      "10,468",
      "1"
    ]
  ],
  "required_android": "4.1",
  "size": "Varies with devic",
  "url": "https://play.google.com/store/apps/details?id=com.goplaytoday.guildofheroes",
  "version": "1.65.3"
}