{
  "categories": [
    "Word"
  ],
  "description": "Do you enjoy the excitement of classic word games? DOWNLOAD Word Connect, to TRAIN your brain - for FREE! Simply swipe the letter blocks and build the words to earn coins! DOWNLOAD Word Connect NOW to begin training your brain and become a vocabulary master! It\u2019s time to discover mystery hidden words and build as many words as possible! What makes Word Connect so special? \u2022 The game is powered by Oxford Dictionaries\u2022 Simple, easy, and addictive gameplay!\u2022 3,204 levels with tons of words await you!\u2022 Login every day for an exciting daily challenge and a wonderful daily bonus!\u2022 Want to check previous levels? Go back to the Level List and play again!\u2022 Up to 11 delicate themes for you to choose from!\u2022 Ask your family members and friend for help and send coins to each other on Facebook!\u2022 With no time limits, you can use your time wisely to find new words at your own pace!\u2022 Our wooden block graphics will bring back nostalgic childhood memories!\u2022 Hidden extra words are waiting to be discovered!\u2022 No wifi? Don\u2019t worry, play Word Connect anytime, anywhere!\u2022 Supported on both phone and tablet. Word Connect is an app designed to train your brain and learn new words, all while having a great time. Share the fun with your family & friends and enjoy Word Connect together!",
  "inc": "Zentertain",
  "intalled_count": "10,000,000",
  "last_update": [
    "June",
    "21",
    " 2018"
  ],
  "name": "Word Connect",
  "offered_by": "Google Commerce Ltd",
  "permissions": {
    "Photos/Media/Files": [
      "read the contents of your USB storage",
      "modify or delete the contents of your USB storage"
    ],
    "Storage": [
      "read the contents of your USB storage",
      "modify or delete the contents of your USB storage"
    ],
    "Wi-Fi connection information": [
      "view Wi-Fi connections"
    ],
    "Other": [
      "receive data from Internet",
      "view network connections",
      "full network access",
      "draw over other apps",
      "prevent device from sleeping"
    ]
  },
  "rate": [
    [
      "493,807",
      "4.7"
    ],
    [
      "379,137",
      "5"
    ],
    [
      "91,987",
      "4"
    ],
    [
      "16,740",
      "3"
    ],
    [
      "1,939",
      "2"
    ],
    [
      "4,004",
      "1"
    ]
  ],
  "required_android": "4.1",
  "size": "68",
  "url": "https://play.google.com/store/apps/details?id=com.wordgame.words.connect",
  "version": "2.282.0"
}