{
  "categories": [
    "Strategy"
  ],
  "description": "** PREMIUM GAME - No In-App Purchases in this game. Pay once, play forever! **** NOW as full EXTENDED EDITION version. This game won't let you down, Commander. **4.5/5 \"A Space Battle RTS Done Right\" - Pocketmeta.comBattlevoid: Harbinger is a hard sci-fi space exploration game blending roguelike, turn-based, star map strategy, and real-time space battles. You are a young commander given the task to venture out into enemy territories, far away from home to unknown galaxies, never knowing what you will face as you jump out from hyperspace. In Battlevoid: Harbinger you will have to make decisions regarding your fleet and equipment, face surprising elements, use Battlestations to your advantage and battle fiercely for survival as you defend humanity. Strategy, tactics, and resource management are the core of Battlevoid: Harbinger. Plan your ship's offenses and defenses. Fortify your ships against enemy weapons, and wield them wisely. Lure your enemies into traps, or distract your foes with distress beacons toward your Battlestation. Battlevoid: Harbinger has been praised by the press and gamers, creating a solid community for the game.Key Features[*] Intense and gripping sci-fi space adventure simulation [*] Explore new procedurally generated galaxies each playthrough [*] Galaxies full of mysterious places, Battlestations and dangerous encounters [*] Carry out missions, discover new technology, and help humanity survive [*] Unique turret upgrade system, never seen in a game before [*] Superb pixel graphics and effectsWebsite: http://bugbyte.fiTwitter: https://twitter.com/BattlestationPCFacebook: https://www.facebook.com/BattlestationGame",
  "inc": "Bugbyte",
  "intalled_count": "50,000",
  "last_update": [
    "March",
    "15",
    " 2018"
  ],
  "name": "Battlevoid: Harbinger",
  "offered_by": "Google Commerce Ltd",
  "permissions": {
    "Wi-Fi connection information": [
      "view Wi-Fi connections"
    ],
    "Other": [
      "receive data from Internet",
      "view network connections",
      "full network access",
      "prevent device from sleeping",
      "Google Play license check",
      "read Google service configuration"
    ]
  },
  "rate": [
    [
      "8,983",
      "4.7"
    ],
    [
      "6,925",
      "5"
    ],
    [
      "1,494",
      "4"
    ],
    [
      "327",
      "3"
    ],
    [
      "103",
      "2"
    ],
    [
      "134",
      "1"
    ]
  ],
  "required_android": "3.0",
  "size": "43",
  "url": "https://play.google.com/store/apps/details?id=fi.bugbyte.harbinger",
  "version": "2.0.5"
}