{
  "categories": [
    "Word"
  ],
  "description": "Fill-in Crosswords (also known as Fill-it-ins or Word Fills) is a popular word game similar to crosswords. Fill-in puzzles are a variation of the common crossword puzzle in which words, rather than clues, are given.Features :- Several levels of difficulty, from beginner to very hard- A mix of crossword grid styles : american, french, italian, ... (the difference is in the way the black squares are placed)- 2 new puzzles every day- Several languages available- Many settings to customize the features and the look and feel of the grid",
  "inc": "LR Studios",
  "intalled_count": "100,000",
  "last_update": [
    "May",
    "25",
    " 2018"
  ],
  "name": "Fill-In Crosswords (Word Fit Puzzles)",
  "offered_by": "Google Commerce Ltd",
  "permissions": {
    "Other": [
      "receive data from Internet",
      "view network connections",
      "full network access",
      "run at startup",
      "control vibration",
      "prevent device from sleeping"
    ]
  },
  "rate": [
    [
      "4,269",
      "4.6"
    ],
    [
      "3,011",
      "5"
    ],
    [
      "996",
      "4"
    ],
    [
      "198",
      "3"
    ],
    [
      "22",
      "2"
    ],
    [
      "42",
      "1"
    ]
  ],
  "required_android": "4.0.3",
  "size": "6.2",
  "url": "https://play.google.com/store/apps/details?id=net.lrstudios.wordfit",
  "version": "2.10"
}