{
  "categories": [
    "Role Playing"
  ],
  "description": "Story:Once upon a time, there was a small town. The townsfolk lived happily, but they were so poor, that they couldn\u2019t even afford to go somewhere decent on holidays. But on the day, when everybody has abandoned all hope, a miracle occurred. The ground beneath the town shook violently and burst out a myriad of despicable monsters. And from that point on all the townsfolk, who had survived, lived happily ever after. Why? Because dungeon has attracted all sorts of heroes and adventurers. They protected the innocent and ended up being a really good spenders, boosting the town\u2019s economy.And now the little town flourishes, as it stands on top of a dangerous dungeon, filled with dead adventurers and their miserable souls.Game features:- This game supports user-created mods! And as we further develop this feature, soon you will be able to create whole new game!- Hardcore rogue-like experience!- 6 hero classes to chose from- Town hub to prepare you for your journey and introduce you to the game world- Over 30 dungeon levels of the main dungeon split into 6 unique dungeon types- 3 optional dungeons: Spider Lair, Necropolis, Ice Caves- Dozens of items and monsters- Various bosses- Hats! Everyone likes hatsFollow us on Twitter:https://twitter.com/nyrdsFind the latest announcements and news on our Facebook page:https://www.facebook.com/RemixedPixelDungeon/Check out our development blog, where we talk about future updates and projects:https://nyrds-devblog.tumblr.com/This project is an open source software under the GPLv3 License. The source code can be found here:https://github.com/NYRDS/pixel-dungeon-remixIf  you wish to participate in localization to other languages please visit:https://www.transifex.com/projects/p/remixed-pixel-dungeon/You can check https://wiki.nyrds.net/doku.php?id=rpd:changelogfor full changelog on our wiki",
  "inc": "NYRDS",
  "intalled_count": "500,000",
  "last_update": [
    "July",
    "27",
    " 2018"
  ],
  "name": "Remixed Dungeon",
  "offered_by": "Google Commerce Ltd",
  "permissions": {
    "Photos/Media/Files": [
      "read the contents of your USB storage",
      "modify or delete the contents of your USB storage"
    ],
    "Storage": [
      "read the contents of your USB storage",
      "modify or delete the contents of your USB storage"
    ],
    "Other": [
      "view network connections",
      "full network access",
      "control vibration",
      "prevent device from sleeping"
    ]
  },
  "rate": [
    [
      "20,277",
      "4.6"
    ],
    [
      "16,069",
      "5"
    ],
    [
      "2,245",
      "4"
    ],
    [
      "846",
      "3"
    ],
    [
      "338",
      "2"
    ],
    [
      "779",
      "1"
    ]
  ],
  "required_android": "Varies with",
  "size": "Varies with devic",
  "url": "https://play.google.com/store/apps/details?id=com.nyrds.pixeldungeon.ml",
  "version": "Varies with device"
}