{
  "categories": [
    "Strategy"
  ],
  "description": "Way back in ancient history, when humans and dragons live in peace, the human emperor once heard eating dragon eggs will make one live forever. Since then, the war between humans and dragons has begun. You are the ONE to stop the greedy humans from stealing eggs and killing dragons.Dragons/Spells:- Fire Dragon: Defends against invading enemies with fiery power. It is one of the most powerful and ancient creatures. - Ice Dragon: A heroic defender specializes in ice attack. It can freeze invading enemies.- Poison Dragon: Defends against invading enemies with poisonous power. Getting too near to it is horribly dangerous.- You can raise dragon from young to adult and giant. Many special skills are only available for adult/giant dragon.- Fire rain: special spell that damage an area by fire rain.- Ice up:  A spell that temporarily freeze all enemies.Enemies:- Varying from armless peasants to druids, the masters of magic power.- Thieves move fast and become invisible as they like;- Mage is immune to fire dragon attacks.- Priest is the master of healing and prevervation. They can heal themselves quickly.- ...- And many more enemies are joining battle as level goes.Command your dragons to stop greedy humans from stealing eggs now, HERO!",
  "inc": "Elite Games",
  "intalled_count": "5,000,000",
  "last_update": [
    "June",
    "22",
    " 2013"
  ],
  "name": "Lair Defense: Dungeon",
  "offered_by": "Google Commerce Ltd",
  "permissions": {
    "Phone": [
      "read phone status and identity"
    ],
    "Photos/Media/Files": [
      "read the contents of your USB storage",
      "modify or delete the contents of your USB storage"
    ],
    "Storage": [
      "read the contents of your USB storage",
      "modify or delete the contents of your USB storage"
    ],
    "Wi-Fi connection information": [
      "view Wi-Fi connections"
    ],
    "Device ID & call information": [
      "read phone status and identity"
    ],
    "Other": [
      "view network connections",
      "full network access"
    ]
  },
  "rate": [
    [
      "74,915",
      "4.1"
    ],
    [
      "47,627",
      "5"
    ],
    [
      "9,904",
      "4"
    ],
    [
      "4,702",
      "3"
    ],
    [
      "2,413",
      "2"
    ],
    [
      "10,269",
      "1"
    ]
  ],
  "required_android": "1.6",
  "size": "11",
  "url": "https://play.google.com/store/apps/details?id=com.hz.game.ld",
  "version": "1.2.7"
}