{
  "categories": [
    "Role Playing",
    "Action & Adventure"
  ],
  "description": "Experience the world of Equestria Girls in the official My Little Pony Equestria Girls App. Scan My Little Pony Equestria Girls dolls, vehicles and playsets with the horseshoe symbol (sold separately) to unlock clothing, accessories, or daily rewards that you can use to customize your avatar. Scanning a My Little Pony Equestria Girls doll, vehicle or playset toy (each sold separately) will also unlock a digital character that follows your avatar on friendship quests. Explore the halls of Canterlot High while completing friendship quests and get rewards for helping out your favorite Equestria Girls friends!   SCAN Equestria Girl dolls, vehicles and playsets with a horseshoe symbol (each sold separately to unlock clothing, accessories, or daily rewards that you can use to customize your avatar. Scanning a My Little Pony Equestria Girls toy (sold separately) will also unlock a digital character that follows your avatar on friendship quests.CUSTOMIZE your avatar\u2019s hair, clothing and accessoriesEXPLORE Canterlot High, unlock rooms, and play mini gamesPOSE your avatar for photos in the photoboothPLEASE NOTE**The My Little Pony Equestria Girls app is free to download and play. Additional in-game content can be unlocked over time by earning rewards through play, by scanning in toys featuring the EG horseshoe symbol, or by purchasing virtual gems from the shop using real money. You may control in-app purchases using the password settings explained in the Apple help center.** You may also lock or disable in-app purchases by adjusting your device\u2019s settings.USEFUL TIPSWhen you scan a My Little Pony Equestria Girls doll, vehicle or playset with the horseshoe symbol (sold separately) into the app:- Hold your device in one hand and the doll, vehicle or playset in the other;- Make sure the camera is pointing straight at the EG horseshoe symbol;- Keep the doll steady in the middle of the screen, about 2-4 inches (5-10cm) away from the camera;- Slowly move the doll further away until the EG horseshoe symbol is in focus;- Be patient the first time - it gets easier with every scan!SUPPORTED DEVICESThis app supports these devices running Android 4.0, 4.2, 4.3 or 4.4. - Google Nexus 4, 5, 7 (2012), 7 (2013), 10- HTC One- Samsung Galaxy Tab 2 10.1 p5100- Samsung Galaxy Nexus- Samsung Galaxy SII, SIII, S4, S5- Samsung Galaxy Note II- Samsung Galaxy Note 3- Sony Xperia ZCheck www.MLPEG.com for compatibility, availability, and instructions. Make sure your device supports this app before downloading. Other devices may be compatible but are not supported. Updates may affect compatibility.ADVICE TO PARENTSThe My Little Pony Equestria Girls app requires an Internet connection (3G, 4G, LTE, or WiFi) for download, updates and in-app purchases. Kids, ask a parent first before downloading or making in-app purchases.The My Little Pony Equestria Girls app is free to download and play, but additional in-game items can be unlocked via the following ways:- Over time by earning rewards through play- By scanning in toys featuring the Equestria Girls horseshoe symbol- By purchasing virtual gems from the shop (optional)Virtual gem purchases cost real money and are charged to your iTunes account. You may control in-app purchases using the password settings explained in the Apple help center.** You may also lock or disable in-app purchases by adjusting your device\u2019s settings.The My Little Pony Equestria Girls app is subject to App Store terms and conditions. For compatibility, look for toys with the Equestria Girls horseshoe symbol necklace on them. Not compatible with earlier My Little Pony or My Little Pony Equestria Girls toys or other current My Little Pony or My Little Pony Equestria Girls toys. Product availability varies by region.Hasbro, My Little Pony, Equestria Girls and all related logos and character names and trademarks are trademarks of Hasbro, Inc. \u00a9 2015 Hasbro. All Rights Reserved.",
  "inc": "Hasbro Inc.",
  "intalled_count": "10,000,000",
  "last_update": [
    "July",
    "22",
    " 2016"
  ],
  "name": "Equestria Girls",
  "offered_by": "Google Commerce Ltd",
  "permissions": {
    "Photos/Media/Files": [
      "read the contents of your USB storage",
      "modify or delete the contents of your USB storage"
    ],
    "Storage": [
      "read the contents of your USB storage",
      "modify or delete the contents of your USB storage"
    ],
    "Camera": [
      "take pictures and videos"
    ],
    "Wi-Fi connection information": [
      "view Wi-Fi connections"
    ],
    "Other": [
      "view network connections",
      "full network access",
      "prevent device from sleeping",
      "Google Play license check"
    ]
  },
  "rate": [
    [
      "392,001",
      "4.3"
    ],
    [
      "280,328",
      "5"
    ],
    [
      "39,708",
      "4"
    ],
    [
      "26,162",
      "3"
    ],
    [
      "12,405",
      "2"
    ],
    [
      "33,398",
      "1"
    ]
  ],
  "required_android": "4.0",
  "size": "53",
  "url": "https://play.google.com/store/apps/details?id=com.hasbro.MLPegWorldENTERPRISE",
  "version": "37893"
}