{
  "categories": [
    "Trivia"
  ],
  "description": "If I say \"Something you eat with your hands,\" what comes to mind first? Hamburger? Corn on the cob? Ribs? In 94%, the object of the game is simple: find 94% of the given answers!Try the third app from Scimob, the creaters of 94 Seconds and 94 Degrees with more than 25 million players worldwide!Examples of questions:The first thing you do in the morningSomething you don't have time to doAnimals hatched from an eggSomething that is often out of orderDownload 94% today to discover hundreds of questions based on words, expressions and images!",
  "inc": "Scimob",
  "intalled_count": "10,000,000",
  "last_update": [
    "August",
    "2",
    " 2018"
  ],
  "name": "94% - Quiz, Trivia & Logic",
  "offered_by": "Google Commerce Ltd",
  "permissions": {
    "Identity": [
      "find accounts on the device"
    ],
    "Contacts": [
      "find accounts on the device"
    ],
    "Photos/Media/Files": [
      "read the contents of your USB storage",
      "modify or delete the contents of your USB storage"
    ],
    "Storage": [
      "read the contents of your USB storage",
      "modify or delete the contents of your USB storage"
    ],
    "Wi-Fi connection information": [
      "view Wi-Fi connections"
    ],
    "Other": [
      "receive data from Internet",
      "view network connections",
      "full network access",
      "run at startup",
      "control vibration",
      "prevent device from sleeping",
      "read Google service configuration",
      "view network connections",
      "full network access",
      "run at startup",
      "control vibration",
      "prevent device from sleeping"
    ]
  },
  "rate": [
    [
      "2,220,523",
      "4.6"
    ],
    [
      "1,575,361",
      "5"
    ],
    [
      "469,017",
      "4"
    ],
    [
      "119,860",
      "3"
    ],
    [
      "22,126",
      "2"
    ],
    [
      "34,159",
      "1"
    ]
  ],
  "required_android": "Varies with",
  "size": "Varies with devic",
  "url": "https://play.google.com/store/apps/details?id=com.scimob.ninetyfour.percent",
  "version": "Varies with device"
}