{
  "categories": [
    "Trivia"
  ],
  "description": "\uc27d\uace0 \uc7ac\ubbf8\uc788\ub294 OX \ud034\uc988\ub97c \ub9de\ucd94\uba70 \uc2e0\ub098\uac8c \ub2ec\ub824\ubcf4\uc138\uc694!\ubaa9\ud45c\ub294 100\uba85 \uc911 \ucd5c\ud6c4\uc758 1\uc778\uc774 \ub418\ub294 \uac83!\uc81c\ud55c\uc2dc\uac04 5\ucd08 \uc548\uc5d0O\uc640 X \uc911 \ud55c \ucabd\uc73c\ub85c \uc774\ub3d9\ub9cc \ud558\uba74 \ub429\ub2c8\ub2e4.\uc815\ub2f5\uc778 \ucabd\uc740 \uc77c\ub2e8 \uc0dd\uc874!\uc624\ub2f5\uc778 \ucabd\uc740 \ubb34\uc11c\uc6b4 \ubc8c\uce59\uc774 \uae30\ub2e4\ub9ac\uace0 \uc788\uc5b4\uc694~~\uc81c\ud55c\uc2dc\uac04 \ub0b4\uc5d0 \uc120\ud0dd\uc9c0\ub294 \uc5bc\ub9c8\ub4e0\uc9c0 \ubc14\uafc0 \uc218 \uc788\ub2f5\ub2c8\ub2e4.\ub208\uce58 \uc2f8\uc6c0\ub3c4 \uc911\uc694\ud558\uaca0\uc8e0?\uc5f4\uc2ec\ud788 \ud034\uc988\ub97c \ud480\uc5b4\uc11c\uc720\uce58\uc6d0\ubd80\ud130 \ud034\uc988\uc758 \uc2e0\uae4c\uc9c0 \ub808\ubca8\uc5c5!\uac1c\uc131 \ub118\uce58\ub294 \uce90\ub9ad\ud130\ub3c4 \ub9c8\uad6c\ub9c8\uad6c \ubaa8\uc544\ubcf4\uc138\uc694!\ud558\uba74 \ud560 \uc218\ub85d \ub611\ub611\ud574\uc9c0\uace0~\ud558\uba74 \ud560 \uc218\ub85d \uc7ac\ubbf8\uac00 \ub118\uce58\ub294~\ub808\uc54c \uc720\ub2c8\ud06c \ud034\uc988 \uac8c\uc784!\uae34\uc7a5\uac10 \ubc31\ubc30! \ucf8c\uac10 \ub9cc\ubc30!!\ucd5c\ud6c4\uc758 1\uc778\uc774 \ub418\ub294 \uadf8 \uc21c\uac04\uae4c\uc9c0OX \ud034\uc988\ub97c \uba48\ucd94\uc9c0 \ub9c8\uc138\uc694!----\uac1c\ubc1c\uc790 \uc5f0\ub77d\ucc98 :A-407,452, Yangcheon-ro, Gangseo-gu, Seoul 07574, Republic of Korea+82-70-4077-1100",
  "inc": "BUZZPOWDER INC.",
  "intalled_count": "1,000,000",
  "last_update": [
    "July",
    "26",
    " 2018"
  ],
  "name": "OX \ud034\uc988 \uc11c\ubc14\uc774\ubc8c 100",
  "offered_by": "Google Commerce Ltd",
  "permissions": {
    "Phone": [
      "read phone status and identity"
    ],
    "Photos/Media/Files": [
      "read the contents of your USB storage",
      "modify or delete the contents of your USB storage"
    ],
    "Storage": [
      "read the contents of your USB storage",
      "modify or delete the contents of your USB storage"
    ],
    "Wi-Fi connection information": [
      "view Wi-Fi connections"
    ],
    "Device ID & call information": [
      "read phone status and identity"
    ],
    "Other": [
      "receive data from Internet",
      "view network connections",
      "change network connectivity",
      "full network access",
      "control vibration",
      "prevent device from sleeping"
    ]
  },
  "rate": [
    [
      "95,067",
      "4.7"
    ],
    [
      "77,274",
      "5"
    ],
    [
      "10,459",
      "4"
    ],
    [
      "3,473",
      "3"
    ],
    [
      "925",
      "2"
    ],
    [
      "2,936",
      "1"
    ]
  ],
  "required_android": "4.0",
  "size": "15",
  "url": "https://play.google.com/store/apps/details?id=kr.caramel.quiz_stickman",
  "version": "2.1.4"
}