{
  "categories": [
    "Tools"
  ],
  "description": "This is the service that allows use of your Android phone or tablet as a remote for your Android TV. Easily switch between d-pad and touchpad modes to navigate content and play games on your Android TV device. Tap the mic to start a voice search, or use the keyboard to input text on Android TV.To get started, connect your Android phone or tablet to the same network as your Android TV device or find your Android TV via bluetooth.Works with all Android TV devices.",
  "inc": "Google LLC",
  "intalled_count": "1,000,000",
  "last_update": [
    "January",
    "17",
    " 2018"
  ],
  "name": "Android TV Remote Service",
  "offered_by": "Google Commerce Ltd",
  "permissions": {
    "Device & app history": [
      "retrieve system internal state",
      "read sensitive log data"
    ],
    "Location": [
      "approximate location (network-based)"
    ],
    "Photos/Media/Files": [
      "read the contents of your USB storage",
      "modify or delete the contents of your USB storage"
    ],
    "Storage": [
      "read the contents of your USB storage",
      "modify or delete the contents of your USB storage"
    ],
    "Wi-Fi connection information": [
      "view Wi-Fi connections"
    ],
    "Phone": [
      "read phone status and identity"
    ],
    "Device ID & call information": [
      "read phone status and identity"
    ],
    "Other": [
      "allow Bluetooth pairing by Application",
      "capture audio output",
      "enable or disable app components",
      "press keys and control buttons",
      "interact across users",
      "manage users",
      "Audio Routing",
      "modify secure system settings",
      "view network connections",
      "pair with Bluetooth devices",
      "access Bluetooth settings",
      "connect and disconnect from Wi-Fi",
      "full network access",
      "change your audio settings",
      "run at startup",
      "draw over other apps",
      "prevent device from sleeping",
      "read Google service configuration",
      "view network connections",
      "pair with Bluetooth devices",
      "access Bluetooth settings",
      "full network access",
      "change your audio settings",
      "run at startup",
      "draw over other apps",
      "prevent device from sleeping",
      "read Google service configuration"
    ]
  },
  "rate": [],
  "required_android": "7.0",
  "size": "3.7",
  "url": "https://play.google.com/store/apps/details?id=com.google.android.tv.remote.service",
  "version": "2.1.02.4477839"
}