{
  "categories": [
    "Trivia"
  ],
  "description": "HQ is the live trivia game show with cash prizes. Every day at 9pm EST. Weekdays at 3pm EST.",
  "inc": "Intermedia Labs",
  "intalled_count": "1,000,000",
  "last_update": [
    "July",
    "24",
    " 2018"
  ],
  "name": "HQ Trivia",
  "offered_by": "Google Commerce Ltd",
  "permissions": {
    "Contacts": [
      "read your contacts"
    ],
    "Location": [
      "approximate location (network-based)"
    ],
    "Photos/Media/Files": [
      "read the contents of your USB storage",
      "modify or delete the contents of your USB storage"
    ],
    "Storage": [
      "read the contents of your USB storage",
      "modify or delete the contents of your USB storage"
    ],
    "Wi-Fi connection information": [
      "view Wi-Fi connections"
    ],
    "Camera": [
      "take pictures and videos"
    ],
    "Other": [
      "receive data from Internet",
      "view network connections",
      "pair with Bluetooth devices",
      "access Bluetooth settings",
      "connect and disconnect from Wi-Fi",
      "full network access",
      "run at startup",
      "prevent device from sleeping",
      "view network connections",
      "full network access",
      "prevent device from sleeping"
    ]
  },
  "rate": [
    [
      "15,185",
      "3.8"
    ],
    [
      "8,153",
      "5"
    ],
    [
      "2,008",
      "4"
    ],
    [
      "1,323",
      "3"
    ],
    [
      "1,019",
      "2"
    ],
    [
      "2,682",
      "1"
    ]
  ],
  "required_android": "5.1",
  "size": "13",
  "url": "https://play.google.com/store/apps/details?id=com.intermedia.hq",
  "version": "1.15.0"
}