{
  "categories": [
    "Video Players & Editors"
  ],
  "description": "iQIYI APP premium quality, take you into the new \"iQIYI\" world.iQIYI VIP luxury new socialist,  enjoy exclusive service.\u3010iQIYI APP recommend for you\u3011Descendants of the sun: Hero Song Joong Ki rescues the beautyThe Imperial Doctress: Cecilia Liu traps into triangle loveMr. Six: Fight between Feng Xiaogang and KRIS Chinese Good Songs : Yuquan come back to rob people against XiaoXuanThe Love of Happiness: Perfect William ChanExclusive play: Let\u2019s Talk 3 ; Madao Brothers 3;My God Singers 3; Big pair of trump cardDrama series: Descendants of the sun; Urban demon yarn; The Imperial Doctress: The Love of HappinessFilms: Mr. Six; Run for Love; DETECTIVE CHINATOWN; Mountain artillery into the city; The Ghouls; The Last Women StandingVariety Show: Chinese Good Songs; Big pair of trump card; Great Challenge; Twenty Four HoursCartoon\uff1aOne Piece\uff1bLing yu\uff1bDragon Ball Super; Sunsational Summer of Boonie Bears\uff1b\u3010Introduction\u3011iQIYI APP, Splendidness more than videos! Splendidness more than videos! Splendidness more than videos! Important things need to be said 3 times.iQIYI APP gathers videos, social networking, reading, shopping, tickets booking, games and a variety of life service.Go on premium quality, fashion brand essence of youth and continually provide users with rich professional video service, high-definition, fluent, and by the high quality of pure web content, social interaction, game, life consumption and intimate service. All of these are meant to create a more-close-to-life, anda full-range-of-mobile platforms for the users.\u3010Feedback\u3011Any Problem! Any Problem! Any Problem! Welcome to harass us at any time!WeChat: iqiyishipin    Sina Weibo: iQIYI APPInteract with us \uff0cpoke fun at bugs or complain. We\u2019ll send random gifts.",
  "inc": "\u611b\u5947\u85dd",
  "intalled_count": "1,000,000",
  "last_update": [
    "August",
    "1",
    " 2018"
  ],
  "name": "IQIYI",
  "offered_by": "Google Commerce Ltd",
  "permissions": {
    "Device & app history": [
      "retrieve running apps"
    ],
    "Identity": [
      "find accounts on the device",
      "add or remove accounts"
    ],
    "Calendar": [
      "read calendar events plus confidential information",
      "add or modify calendar events and send email to guests without owners' knowledge"
    ],
    "Contacts": [
      "find accounts on the device",
      "read your contacts"
    ],
    "Location": [
      "approximate location (network-based)",
      "precise location (GPS and network-based)"
    ],
    "Phone": [
      "directly call phone numbers",
      "read phone status and identity"
    ],
    "Photos/Media/Files": [
      "read the contents of your USB storage",
      "modify or delete the contents of your USB storage"
    ],
    "Storage": [
      "read the contents of your USB storage",
      "modify or delete the contents of your USB storage"
    ],
    "Camera": [
      "take pictures and videos"
    ],
    "Microphone": [
      "record audio"
    ],
    "Wi-Fi connection information": [
      "view Wi-Fi connections"
    ],
    "Device ID & call information": [
      "read phone status and identity"
    ],
    "Other": [
      "read Home settings and shortcuts",
      "receive data from Internet",
      "view network connections",
      "create accounts and set passwords",
      "pair with Bluetooth devices",
      "change system display settings",
      "change network connectivity",
      "allow Wi-Fi Multicast reception",
      "connect and disconnect from Wi-Fi",
      "disable your screen lock",
      "full network access",
      "change your audio settings",
      "run at startup",
      "reorder running apps",
      "control vibration",
      "prevent device from sleeping",
      "modify system settings",
      "install shortcuts",
      "uninstall shortcuts"
    ]
  },
  "rate": [
    [
      "19,574",
      "3.8"
    ],
    [
      "10,465",
      "5"
    ],
    [
      "2,444",
      "4"
    ],
    [
      "2,088",
      "3"
    ],
    [
      "907",
      "2"
    ],
    [
      "3,670",
      "1"
    ]
  ],
  "required_android": "4.0",
  "size": "33",
  "url": "https://play.google.com/store/apps/details?id=com.qiyi.video",
  "version": "9.7.5"
}