{
  "categories": [
    "Tools"
  ],
  "description": "Calculator provides simple and advanced mathematical functions in a beautifully designed app.\u2022 Perform basic calculations such as addition, subtraction, multiplication, and division\u2022 Do scientific operations such as trigonometric, logarithmic, and exponential functions\u2022 Perform basic calculations on the go using Wear OS by Google",
  "inc": "Google LLC",
  "intalled_count": "100,000,000",
  "last_update": [
    "November",
    "21",
    " 2017"
  ],
  "name": "Calculator",
  "offered_by": "Google Commerce Ltd",
  "permissions": {
    "Other": [
      "view network connections",
      "measure app storage space",
      "full network access",
      "prevent device from sleeping",
      "read Google service configuration",
      "view network connections",
      "full network access",
      "prevent device from sleeping",
      "prevent device from sleeping"
    ]
  },
  "rate": [
    [
      "40,641",
      "4.3"
    ],
    [
      "27,787",
      "5"
    ],
    [
      "5,638",
      "4"
    ],
    [
      "2,866",
      "3"
    ],
    [
      "1,151",
      "2"
    ],
    [
      "3,199",
      "1"
    ]
  ],
  "required_android": "Varies with",
  "size": "Varies with devic",
  "url": "https://play.google.com/store/apps/details?id=com.google.android.calculator",
  "version": "Varies with device"
}