{
  "categories": [
    "Video Players & Editors"
  ],
  "description": "With Tenor\u2019s GIF Keyboard you can discover the right GIF or video to visually sum up exactly what you\u2019re trying to say, directly from your keyboard. Express the emotion, inside joke, or clever response you want to share.Features:- Send the right GIF or video to express exactly what you\u2019re you\u2019re trying to say, directly from your keyboard! - Search Tenor\u2019s millions of GIFs and videos to find the one that perfectly fits your moment. You can also search by emoji.- Need inspiration? Browse by category like reactions, trending topics, and more. Developers -- interested in integrating Tenor GIF Search into your apps, services, or websites? Visit tenor.co/gifapi to get your API Key.Tenor was formerly known as Riffsy.",
  "inc": "Tenor, Inc.",
  "intalled_count": "10,000,000",
  "last_update": [
    "May",
    "30",
    " 2018"
  ],
  "name": "GIF Keyboard by Tenor",
  "offered_by": "Google Commerce Ltd",
  "permissions": {
    "Identity": [
      "find accounts on the device",
      "read your own contact card"
    ],
    "Contacts": [
      "find accounts on the device",
      "read your contacts"
    ],
    "Phone": [
      "read phone status and identity"
    ],
    "Photos/Media/Files": [
      "read the contents of your USB storage",
      "modify or delete the contents of your USB storage"
    ],
    "Storage": [
      "read the contents of your USB storage",
      "modify or delete the contents of your USB storage"
    ],
    "Camera": [
      "take pictures and videos"
    ],
    "Microphone": [
      "record audio"
    ],
    "Device ID & call information": [
      "read phone status and identity"
    ],
    "Other": [
      "bind to an accessibility service",
      "download files without notification",
      "read sync statistics",
      "receive data from Internet",
      "view network connections",
      "full network access",
      "read sync settings",
      "read terms you added to the dictionary",
      "run at startup",
      "draw over other apps",
      "use accounts on the device",
      "control vibration",
      "prevent device from sleeping",
      "toggle sync on and off",
      "add words to user-defined dictionary"
    ]
  },
  "rate": [
    [
      "215,777",
      "4.3"
    ],
    [
      "134,743",
      "5"
    ],
    [
      "36,968",
      "4"
    ],
    [
      "22,198",
      "3"
    ],
    [
      "7,604",
      "2"
    ],
    [
      "14,264",
      "1"
    ]
  ],
  "required_android": "4.0.3",
  "size": "41",
  "url": "https://play.google.com/store/apps/details?id=com.riffsy.FBMGIFApp",
  "version": "2.1.3"
}