{
  "categories": [
    "Role Playing",
    "Brain Games"
  ],
  "description": "Here are \u201cMasha and the Bear: Cooking Dash\u201d! Masha opens her diner dash and welcomes children to try these games for kids and their cooking food abilities! \ud83d\ude0bThe Bear, Rosie, Panda, the wolves, and other animals in the forest are hungry! \ud83c\udf72\ud83c\udf74 Who will feed poor animals in this food making games? Masha and Bear of course! With the help of kids this restless little girl will be cooking food for every character from the popular cartoon \u201cMasha and the Bear\u201d in this food games! But each animal wants different ingredients. Find them all in this cooking dash and make the best oatmeal ever!Game for kids features: \ud83e\udd17 - 16 characters in this children games free from Masha and the Bear games- cooking dash games with 33 ingredients to add into oatmeal- talking Masha in this cooking games for girls- the recipes become more difficult with levels in this cooking games for kids free\ud83d\ude0b Are you ready to make oatmeal with bananas in diner games? Or with ham? In this cooking dash games Masha and the Bear will teach toddlers how to make oatmeal with anything in this cafe games free! Every animal in the forest will come to Masha's cafe games and order a dish. In cooking games for girls this can happen twice a day!With every new visitor in your cafe kitchen the oatmeal recipes will become more interesting and complicated. Cook all orders in this cooking games free!This Masha and the Bear cook games are suitable for kids from 2 to 8, it has the initial interface so that even toddlers can play without parents. If your kids love children games free about cooking dash or diner games, \u201cMasha and the Bear: Cooking Dash\u201d is the best choice for them! With Masha and Bear plus other animals kids will train their intelligence, logic and attention! And will learn how to cook dinner! \ud83d\ude0bChildren games for boys and girls free are not always interesting and new. But Masha cooking chef will make this cooking dash a complete fun! This is the first food games with Masha and the Bear. If you are looking for cooking games for kids free where kids cook this is a good choice!Give your kids games free that are not only funny but are also educational games for kids! Toddler games free do not always suit these parameters but this cook game for kids really do!\u27a1 Find more educational games for kids with Masha and the Bear on our developer's page on Google Play: https://play.google.com/store/apps/dev?id=5356075630341900630 \u00abMasha and the Bear: Kids Games free\u00bb \u00abMasha and the Bear: Hospital Games\u00bb \u00abMasha Cooking dash and dinner\u00bband more toddler games for free! \ud83e\udd17\u2757Contact us if you have any suggestions or troubles! E-mail: support@indigokidsgames.com",
  "inc": "Indigo Kids",
  "intalled_count": "10,000,000",
  "last_update": [
    "June",
    "5",
    " 2018"
  ],
  "name": "Masha and Bear: Cooking Dash",
  "offered_by": "Google Commerce Ltd",
  "permissions": {
    "Location": [
      "approximate location (network-based)",
      "precise location (GPS and network-based)"
    ],
    "Photos/Media/Files": [
      "read the contents of your USB storage",
      "modify or delete the contents of your USB storage"
    ],
    "Storage": [
      "read the contents of your USB storage",
      "modify or delete the contents of your USB storage"
    ],
    "Wi-Fi connection information": [
      "view Wi-Fi connections"
    ],
    "Device & app history": [
      "retrieve running apps"
    ],
    "Phone": [
      "read phone status and identity"
    ],
    "Device ID & call information": [
      "read phone status and identity"
    ],
    "Other": [
      "receive data from Internet",
      "view network connections",
      "full network access",
      "run at startup",
      "control vibration",
      "prevent device from sleeping",
      "view network connections",
      "send sticky broadcast",
      "full network access",
      "draw over other apps",
      "prevent device from sleeping",
      "read Google service configuration"
    ]
  },
  "rate": [
    [
      "150,610",
      "4.3"
    ],
    [
      "105,246",
      "5"
    ],
    [
      "14,487",
      "4"
    ],
    [
      "12,021",
      "3"
    ],
    [
      "4,581",
      "2"
    ],
    [
      "14,275",
      "1"
    ]
  ],
  "required_android": "4.1",
  "size": "54",
  "url": "https://play.google.com/store/apps/details?id=com.indigokids.mashakasha",
  "version": "1.2.7"
}