{
  "categories": [
    "Role Playing"
  ],
  "description": "Once upon a time, there was wannabe baker whose dream came true! Enjoy this mouth-watering cake bakery story and help Lizzie fulfill her dream of someday opening up a sweet bakery of her own. Now that day has finally arrived! She's graduating from college, and she's more than ready to get baking some tasty cupcakes. But she needs your help! Have fun opening up lots of yummy bakeries, baking with Lizzie and becoming a true baking professional who\u2019s famous for beautiful, tasty delights!Help Lizzie open up world-famous bakeries and take specific orders from her demanding customers! Learn how to bake delicious, mouth-watering desserts like cupcakes, smoothies, donuts and cakes! With your assistance, Lizzie will become the most talented pastry chef ever! You\u2019ll just LOVE this tasty bakery story game! But here\u2019s a little warning - this bakery story game WILL make you hungry!Features:> You\u2019ll love this fun cake bakery story game! Help Lizzie open up a cake bakery\u2026 and then another cake bakery\u2026 and another cake bakery! There\u2019s no such thing as too many bake shops! And definitely no such thing as too many cupcakes!> Take specific orders from your customers, and serve them with a smile! Make sure they get exactly what they asked for, whether it\u2019s cupcakes, donuts or cakes!> Learn how to bake tons of desserts from so many yummy recipes, with a professional cake maker!> Make your cakes extra fancy with colorful cake decorations!> Dress up Lizzie like the true baker she is! Give her a pretty chef\u2019s hat and a pretty apron!> Show off your sweet bakery skills and win first prize in baking contests and cake fairs!> Get ready to bake the tastiest desserts ever, from apple yogurt smoothies to princess birthday cakes, to scrumptiously delicious cupcakes!> Build up your reputation and become the most famous baker in the world, in this fabulous sweet bakery story game!ABOUT Coco PlayCoco Play Limited is China-based developer of creative and unique apps for kids. Founded in 2013, Coco Play provides rich 3D simulation-based games for the whole family. Coco Play is a subsidiary of TabTale, a leading, global creator of innovative games, interactive books and educational apps.Visit us: https://www.tabtale.com/ Like us: https://www.facebook.com/TabTaleFollow us:@TabTaleWatch us: https://www.youtube.com/TabtaleCONTACT US Let us know what you think! Questions? Suggestions? Technical Support? Contact us 24/7 at WeCare@TabTale.com.FOR PARENTS The app is free to play but certain in-game items may require payment. You may restrict in-app purchases by disabling them on this device. The app may include advertising for TabTale and certain third parties which will redirect users to our sites, apps or third-party sites.Your privacy matters. The app may enable collection of limited user data by TabTale or its carefully selected providers (e.g. ad networks and analytics) for limited purposes described in our Privacy Policy (e.g. respond to support queries; enable, analyze and improve the app\u2019s features and services; serve contextual ads and measure their performance). The app includes certain features only accessible behind an age-gate to protect children (e.g. restrict behavioral ads; social networks links to connect with others while playing; option to accept push notifications to inform of exciting news e.g. updates). For more information (notably on the providers), please read our Privacy Policy: https://tabtale.com/privacy-policy/. By downloading, updating or using the app you consent (in your personal capacity and for other users of your device) to this collection and use of limited device information for ad display and reporting purposes, and to our Terms of Use: https://tabtale.com/terms-of-use/.",
  "inc": "Coco Play By TabTale",
  "intalled_count": "10,000,000",
  "last_update": [
    "August",
    "1",
    " 2018"
  ],
  "name": "My Bakery Empire - Bake, Decorate & Serve Cakes",
  "offered_by": "Google Commerce Ltd",
  "permissions": {
    "Photos/Media/Files": [
      "read the contents of your USB storage",
      "modify or delete the contents of your USB storage"
    ],
    "Storage": [
      "read the contents of your USB storage",
      "modify or delete the contents of your USB storage"
    ],
    "Camera": [
      "take pictures and videos"
    ],
    "Other": [
      "receive data from Internet",
      "view network connections",
      "full network access",
      "control vibration",
      "prevent device from sleeping"
    ]
  },
  "rate": [
    [
      "120,992",
      "4.5"
    ],
    [
      "91,388",
      "5"
    ],
    [
      "13,737",
      "4"
    ],
    [
      "7,846",
      "3"
    ],
    [
      "1,954",
      "2"
    ],
    [
      "6,067",
      "1"
    ]
  ],
  "required_android": "4.1",
  "size": "78",
  "url": "https://play.google.com/store/apps/details?id=com.cocoplay.sweet.bakery",
  "version": "1.0.6"
}