{
  "categories": [
    "Trivia"
  ],
  "description": "Note: We respect copyright rules. The game is based on general quiz rules but, If you found anything wrong then please tell us and we will update it as soon as possible.Millionaire 2018 - Lucky Quiz Free Game Online is a very interesting and popular trivia game. In this game you can proof that you are clever. Take part in online leaderboards and millionaire player. Million is virtual, but you knowledge is real! Features:- Advanced rating system- In game help options- TONS! of question- Fast support- Offline mode- Leaderboards systemGame is available offline. It's FREE!!! No need to wait download and enjoy Millionaire 2018 now!Compete with your friends in order to win millions!Prove your friends that you are the winner of millionaire 2018!Online millionaires leaderboard!It is the best quiz game available so far.Enjoy the Millionaire 2018 - Trivia Quiz Online for Family\". Good luck!",
  "inc": "Quiz Aplications",
  "intalled_count": "1,000,000",
  "last_update": [
    "July",
    "25",
    " 2018"
  ],
  "name": "Millionaire 2018 - Trivia Quiz Online for Family",
  "offered_by": "Google Commerce Ltd",
  "permissions": {
    "Other": [
      "receive data from Internet",
      "view network connections",
      "full network access",
      "run at startup",
      "control vibration",
      "prevent device from sleeping"
    ]
  },
  "rate": [
    [
      "10,759",
      "4.3"
    ],
    [
      "6,644",
      "5"
    ],
    [
      "2,375",
      "4"
    ],
    [
      "896",
      "3"
    ],
    [
      "274",
      "2"
    ],
    [
      "570",
      "1"
    ]
  ],
  "required_android": "4.1",
  "size": "22",
  "url": "https://play.google.com/store/apps/details?id=com.quizapps.millionaire",
  "version": "1.2.7"
}