{
  "categories": [
    "Word"
  ],
  "description": "The best Word Puzzle Game in mobile, Expand your vocabulary!If you love word puzzle game, you are in the right place! The Hidden Wordz game offers a more challenging and free fun gaming experience than other word puzzle games.\u2028\u2028Unlike the existing games you have played before, Hidden Wordz Game which has unique sounds, animations and in-game visuals and dynamics. Fascinating gameplay that will trigger your mind! Experience a new way of word puzzle game.\u2028Very addictive linguistic puzzle game with 1000 levels and 3000 words based on different topics!!! \u2028\u2028In Hidden Wordz game, many categories from Sports to Cities, from Music to History are waiting for you! \u2028For those who like puzzle word games, Hidden Wordz offers 3000+ word-puzzles over many different categories. Your English vocabulary will be challenged in a real sense, especially after the 100th level in our easy-to-learn cross word game.The aim of the game is to find all the hidden words. If you have problem solving a puzzle, do not bother just use a tip and continue the game.If you are a big fan of word connect games, don\u2019t hesitate to try our game! \u2028It is also free and does not require wifi/internet!Download it to challenge your memory with the new Hidden Word Game - for FREE!",
  "inc": "Libra Softworks",
  "intalled_count": "500,000",
  "last_update": [
    "August",
    "2",
    " 2018"
  ],
  "name": "Hidden Wordz",
  "offered_by": "Google Commerce Ltd",
  "permissions": {
    "Wi-Fi connection information": [
      "view Wi-Fi connections"
    ],
    "Other": [
      "receive data from Internet",
      "view network connections",
      "full network access",
      "control vibration",
      "prevent device from sleeping"
    ]
  },
  "rate": [
    [
      "10,220",
      "4.6"
    ],
    [
      "7,615",
      "5"
    ],
    [
      "1,538",
      "4"
    ],
    [
      "621",
      "3"
    ],
    [
      "90",
      "2"
    ],
    [
      "356",
      "1"
    ]
  ],
  "required_android": "4.1",
  "size": "40",
  "url": "https://play.google.com/store/apps/details?id=com.librasoftworks.gizlikelime",
  "version": "2.5.8"
}