{
  "categories": [
    "Role Playing"
  ],
  "description": "Grim Soul is a free-to-play dark fantasy survival MMORPG. A once-prosperous Imperial province, the Plaguelands are now covered in fear and darkness. Its inhabitants have turned into endlessly wandering souls. Your goal is to survive as long as you can in this dangerous land. Collect resources, build a fortress, defend yourself from enemies, and survive combat with zombie-knights and other monsters in this new Souls-like game!\u25cf EXPLORE NEW LANDSExplore lands afflicted by the Grey Decay. Discover mysterious Places of Power. Try infiltrating ancient dungeons and other survivors\u2019 castles to obtain the most valuable resources.\u25cf LEARN CRAFTINGBuild workbenches and craft new resources. Discover new designs and create realistic medieval weapons and armor to battle with the Plaguelands\u2019 most dangerous inhabitants.\u25cf IMPROVE YOUR CASTLEBuild a sound foundation for defenses against the undead and other survivors. Defend your citadel, construct and place traps for uninvited guests. But don\u2019t forget to explore your enemies\u2019 territory to collect valuable loot.\u25cf DEFEAT ENEMIESMorning star? Halberd? Maybe an arbalet? Choose from an arsenal of deadly weapons. Deal critical hits and evade enemy attacks. Use different fighting styles. Find an effective strategy for wielding every type of weapon!\u25cf CLEAER THE DUNGEONSDescend into the great orders\u2019 secret catacombs. An entirely new dungeon awaits you every time! Fight bosses, look out for deadly traps, and reach the treasure. Find the legendary flaming sword!\u25cf SADDLE YOUR HORSEBuild a stable and don\u2019t miss your chance to gallop into battle against hordes of undead on your war horse or ride through a grim medieval landscape. You can build a boat, a cart, and even a carriage - if you can obtain the necessary parts.\u25cf OVERCOME HARDSHIPLife in the Plaguelands is solitary, poor, nasty, brutish and short. Hunger and thirst will kill you faster than cold steel in this sinister medieval MMORPG. Conquer nature, hunt dangerous animals, prepare their meat over an open fire, or kill other survivors to replenish your reserves.\u25cf BEFRIEND THE RAVENSBuild a raven cage and these smart birds will be your messengers. Watch the skies. Ravens always circle over something of interest. And that which ravens take interest in will always be of interest for a lonely Exile.\u25cf JOIN A CLANA clan will increase your chances of surviving one more day in this cruel and bitter medieval world. Call your brothers in arms to cut down damned knights and bloodthirsty witches.\u25cf PREPARE FOR THE NIGHTWhen night descends, darkness floods the world, and you\u2019ll need light to escape the terrifying Night Guest.\u25cf RECEIVE REWARDSYou may feel alone, but you are not. There\u2019s always something to do. Complete quests that bring ravens and receive rewards. Take every chance - that\u2019s the best strategy for survival in the grim reality of this forgotten kingdom.\u25cf SOLVE THE MYSTERYSearch for letters and scrolls to learn about the Empire\u2019s ancient history. Find keys to solving the mystery of your past and the truth behind this unfolding catastrophe.Life in the Plaguelands is a constant battle not only with hunger and thirst but with hordes of undead and cursed beasts. Conquer nature and fight in this action RPG for real heroes. Become a legend! Storm enemy castles, collect loot, and rule the Plaguelands from an iron throne!Grim Soul is a free-to-play MMORPG, but it contains in-game items that can be purchased. You must be at least 13 years of age to download this game and begin your adventures in Grim Soul. Your strategy for survival will determine everything. Begin your journey and become a hero in a brutal game for fearless warriors.",
  "inc": "Kefir!",
  "intalled_count": "5,000,000",
  "last_update": [
    "July",
    "18",
    " 2018"
  ],
  "name": "Grim Soul: Dark Fantasy Survival",
  "offered_by": "Google Commerce Ltd",
  "permissions": {
    "Photos/Media/Files": [
      "read the contents of your USB storage",
      "modify or delete the contents of your USB storage"
    ],
    "Storage": [
      "read the contents of your USB storage",
      "modify or delete the contents of your USB storage"
    ],
    "Wi-Fi connection information": [
      "view Wi-Fi connections"
    ],
    "Other": [
      "view network connections",
      "full network access",
      "control vibration"
    ]
  },
  "rate": [
    [
      "188,132",
      "4.5"
    ],
    [
      "137,591",
      "5"
    ],
    [
      "29,086",
      "4"
    ],
    [
      "9,629",
      "3"
    ],
    [
      "3,425",
      "2"
    ],
    [
      "8,401",
      "1"
    ]
  ],
  "required_android": "4.1",
  "size": "95",
  "url": "https://play.google.com/store/apps/details?id=fantasy.survival.game.rpg",
  "version": "1.1.1"
}