{
  "categories": [
    "Role Playing",
    "Creativity"
  ],
  "description": "Explore a magical world where you collect adorable creatures called Boonies!Upgrade your Boonies and teach them new tricks! Feed them, wash them, and play with them to keep them happy! Create and customize your own family of Boonies and show them off to all your friends! Features- Create your very own unique Boonie avatar- Collect and raise a family of adorable creatures, try to collect them all!- Chat with friends in the chatrooms- Care for your family's needs and keep them happy: Feed them, wash them and play with them- Upgrade your Boonies and give them cool new and incredibly powerful skills- Dress your Boonies in an endless variety of outfits- Find and explore Boonie hideouts for awesome treasures- Explore a fantastic universe in HD!- Log in with your MovieStarPlanet account and interact with your friends",
  "inc": "MovieStarPlanet ApS",
  "intalled_count": "1,000,000",
  "last_update": [
    "July",
    "5",
    " 2018"
  ],
  "name": "BooniePlanet",
  "offered_by": "Google Commerce Ltd",
  "permissions": {
    "Photos/Media/Files": [
      "read the contents of your USB storage",
      "modify or delete the contents of your USB storage"
    ],
    "Storage": [
      "read the contents of your USB storage",
      "modify or delete the contents of your USB storage"
    ],
    "Other": [
      "interact across users",
      "full network access",
      "run at startup",
      "control vibration",
      "prevent device from sleeping"
    ]
  },
  "rate": [
    [
      "146,778",
      "4.3"
    ],
    [
      "104,494",
      "5"
    ],
    [
      "14,942",
      "4"
    ],
    [
      "9,397",
      "3"
    ],
    [
      "4,830",
      "2"
    ],
    [
      "13,115",
      "1"
    ]
  ],
  "required_android": "4.0",
  "size": "Varies with devic",
  "url": "https://play.google.com/store/apps/details?id=air.com.moviestarplanet.boonieverse",
  "version": "4.6.5"
}