{
  "categories": [
    "Word"
  ],
  "description": "Do you like fun and exciting word games? DOWNLOAD Word Snack now and enjoy countless word puzzles for FREE!In this very fun word game your goal is to discover all hidden words. Just swipe the letters to form words and complete the puzzles! Enjoy hours of fun gameplay and enhance your brain and spelling skills!Are you ready for a good word snack? FEATURES\u2022 Simple and Addictive!\u2022 Hundreds of unique levels with tons of different words!\u2022 Improve your vocabulary while having fun!\u2022 Take your time! Enjoy the game at your own pace without any time limit!\u2022 Train your brain and spelling skills!\u2022 Play every day and collect your free daily bonus!\u2022 No Internet connection? No problem, you can play Word Snack everywhere, online or offline!\u2022 Free to PLAY!This game is for true word puzzle lovers!What are you waiting for? Try Word Snack NOW, you will love it!",
  "inc": "APNAX Games",
  "intalled_count": "1,000,000",
  "last_update": [
    "June",
    "21",
    " 2018"
  ],
  "name": "Word Snack - Your Picnic with Words",
  "offered_by": "Google Commerce Ltd",
  "permissions": {
    "Phone": [
      "read phone status and identity"
    ],
    "Photos/Media/Files": [
      "read the contents of your USB storage",
      "modify or delete the contents of your USB storage"
    ],
    "Storage": [
      "read the contents of your USB storage",
      "modify or delete the contents of your USB storage"
    ],
    "Device ID & call information": [
      "read phone status and identity"
    ],
    "Other": [
      "receive data from Internet",
      "view network connections",
      "full network access",
      "prevent device from sleeping"
    ]
  },
  "rate": [
    [
      "534,210",
      "4.6"
    ],
    [
      "399,620",
      "5"
    ],
    [
      "94,098",
      "4"
    ],
    [
      "32,109",
      "3"
    ],
    [
      "3,224",
      "2"
    ],
    [
      "5,159",
      "1"
    ]
  ],
  "required_android": "4.1",
  "size": "36",
  "url": "https://play.google.com/store/apps/details?id=com.apnax.wordsnack",
  "version": "1.4.2"
}