{
  "categories": [
    "Word"
  ],
  "description": "DER NR-1-HIT MIT \u00dcBER 250.000.000 SPIELERN WELTWEIT!4 Bilder haben 1 Wort gemeinsam \u2013 welches ist es? Finde heraus, warum jeder dieses Spiel liebt und MACH MIT!\u2605DIE OFFIZIELLE DEUTSCHE VERSION DES WELTHITS 4 PICS 1 WORD!\u2605Mit R\u00e4tseln komplett auf Deutsch nur f\u00fcr dich!\u2605UNENDLICHER FUN MIT NEUEN R\u00c4TSELN!\u2605Kannst du die W\u00f6rter erraten und alle Levels freischalten? Unz\u00e4hlige R\u00e4tsel von einfach bis tricky warten auf dich! Neue R\u00e4tsel kommen laufend hinzu! \u2605SOFORT SPASS HABEN\u2605Keine Anmeldung, keine komplizierten Regeln. Einfach direkt loslegen und Spa\u00df haben!\u2605EINFACHES UND UNWIDERSTEHLICHES GAMEPLAY\u2605Welcher Begriff wird gesucht? Schau dir die vier Bilder an, finde heraus, was sie gemeinsam haben und gewinne!\u2605DAS PACKENDSTE R\u00c4TSELSPIEL DER WELT!\u2605\u00dcber 250.000.000 Denksport-Fans spielen 4 Bilder 1 Wort weltweit in 9 Sprachen. Sei dabei!",
  "inc": "LOTUM GmbH",
  "intalled_count": "10,000,000",
  "last_update": [
    "July",
    "11",
    " 2018"
  ],
  "name": "4 Bilder 1 Wort",
  "offered_by": "Google Commerce Ltd",
  "permissions": {
    "Photos/Media/Files": [
      "read the contents of your USB storage",
      "modify or delete the contents of your USB storage"
    ],
    "Storage": [
      "read the contents of your USB storage",
      "modify or delete the contents of your USB storage"
    ],
    "Wi-Fi connection information": [
      "view Wi-Fi connections"
    ],
    "Other": [
      "receive data from Internet",
      "view network connections",
      "full network access",
      "control vibration",
      "prevent device from sleeping"
    ]
  },
  "rate": [
    [
      "411,529",
      "4.4"
    ],
    [
      "260,574",
      "5"
    ],
    [
      "88,289",
      "4"
    ],
    [
      "31,716",
      "3"
    ],
    [
      "11,970",
      "2"
    ],
    [
      "18,980",
      "1"
    ]
  ],
  "required_android": "4.1",
  "size": "48",
  "url": "https://play.google.com/store/apps/details?id=de.lotum.whatsinthefoto.de",
  "version": "8.7.0-de"
}