{
  "categories": [
    "Role Playing"
  ],
  "description": "This is a small modification of Shattered Pixel Dungeon, which is an enhancement of the amazing game called Pixel Dungeon. Both Pixel Dungeon and Shattered Pixel Dungeon are Open Source and belong to the roguelike genre: randomly generated levels, turn-based movement, lots of dying.I did not write either of those games.Soft Pixel Dungeon is not as hard:- You can optionally load and save your games- You can optionally make the game not so hard with useful stuff dropped in long grass and larger search radius.If you choose not to use these options then the game is identical to Shattered Pixel Dungeon.NOTE: When you die you have start start a new game, then go into settings while playing the game and load up a previous save.There is no auto-save so you have to go into settings to save or load your current game.Load and save games for each class individually (you can not load up a Mage game while playing as a Warrior) .",
  "inc": "wolispace",
  "intalled_count": "100,000",
  "last_update": [
    "March",
    "8",
    " 2015"
  ],
  "name": "Soft Pixel Dungeon",
  "offered_by": "Google Commerce Ltd",
  "permissions": {
    "Photos/Media/Files": [
      "read the contents of your USB storage",
      "modify or delete the contents of your USB storage"
    ],
    "Storage": [
      "read the contents of your USB storage",
      "modify or delete the contents of your USB storage"
    ],
    "Other": [
      "control vibration"
    ]
  },
  "rate": [
    [
      "7,162",
      "4.2"
    ],
    [
      "4,100",
      "5"
    ],
    [
      "1,525",
      "4"
    ],
    [
      "655",
      "3"
    ],
    [
      "299",
      "2"
    ],
    [
      "583",
      "1"
    ]
  ],
  "required_android": "2.2",
  "size": "3.2",
  "url": "https://play.google.com/store/apps/details?id=com.wolispace.softdpixeldungeon",
  "version": "0.2.3f_wm1"
}