{
  "categories": [
    "Role Playing"
  ],
  "description": "Hundreds Of Heroes. Millions Of Players. Be A Legend Now!Rise up to the challenge and take on the role of powerful Summoners in this addictive, free-to-play classic JRPG hit title!Summon more than 400 legendary heroes, mighty demigods and majestic beasts and lead your squads to strategic victories against the Four Fallen Gods as you venture through the mythical lands of Grand Gaia and beyond!FEATURESSUMMON, COLLECT & EVOLVE * Summon and expand your collection of Units, from Divine Emperors to Inferno Goddesses * Leverage on your Units\u2019 Elemental Strengths & Leader Skills and form strategic squads for the different game modes and enemies* Fuse / evolve your Units to their higher forms to strengthen them / unlock new skills* Craft powerful items and Spheres to boost your Units\u2019 powers in battle* Meet and recruit fan favorite characters from other popular game titlesCLASSIC JRPG WITH MODERN FREE-TO-PLAY GAMEPLAY * Strategy-oriented Turn-based Battle System with Auto-Battle option * Engage in intensely animated battles with / against a captivating cast of beautifully pixel-crafted characters that are inspired by Japanese manga art * Unleash devastating combos using the Intuitive Tap and Swipe Combat Mechanics* Fill up your Units\u2019 skill gauge to launch their unique offensive / defensive Brave Bursts* Upgrade your Town to unlock new crafting options and craft powerful itemsCOMPETITIVE AND REWARDING NEW CHALLENGES* Put your skills to the test and face-off Epic bosses at PVE Trials, Raids, Frontier Hunter as well as Quests at the Vortex Dungeons * Compete in the PVP Arena & Colosseum and dominate the Leaderboard Rankings* Pit your best Brave Frontier squad against other online players in PVP Arena & Colosseum and dominate the Leaderboard Rankings* Gather / enjoy the spoils of your adventure / battles and lay claim to special Heroes and rare items!RICH AND EXPANSIVE CONTENT * Explore Grand Gaia and discover new worlds through more than 500 story-driven missions* Uncover compelling story arcs and legendary sagas of heroes and gods. The plot is thickening as their fates are intertwined! PLAY WITH FRIENDS* Join forces with fellow Summoners for co-op game modes, to farm rare materials to craft powerful items and spheres* Connect with millions of players across the globe for more reinforcement options and Honor Points* Form / join guild and forge strong camaraderie with fellow Summoners. Contribute to the Guild to help bring it to greater heights to obtain Guild-exclusive rewards, heroes and skills * Participate in Guild Raids and fight for honor and glory to be the Top Ranking Guilds* Discuss strategies with participating Guild members real-time during Guild Raids using Guild ChatWill you rise to the challenge and go down in Grand Gaia history as a legend? Join forces with millions of Summoners on your most epic journey yet!NOTICE: Brave Frontier is completely free to play. However, some in-game items can also be bought for real money. SUPPORTHaving technical trouble adventuring in Grand Gaia? We\u2019re glad to help! Visit and contact us at our site: https://www.gumisupport.com/hc/en-us  PRIVACY POLICYhttp://gumi.sg/privacy-policy/ TERMS OF SERVICEhttp://gumi.sg/terms/ WEBSITEhttp://gumi.sg/ SOCIAL NETWORKFacebook: facebook.com/BraveFrontierGlobal Twitter: @ bravefrontierglIMPORTANT NOTICE** Device with a minimum of 1GB RAM is recommended. Performance is not guaranteed on devices with less than 1GB RAM.** 2.5 GB free space in phone internal memory is recommended to install the game with all of the downloadable contents.** Contact us on www.gumisupport.com for further help on technical issue.",
  "inc": "gumi Inc.",
  "intalled_count": "10,000,000",
  "last_update": [
    "July",
    "25",
    " 2018"
  ],
  "name": "Brave Frontier",
  "offered_by": "Google Commerce Ltd",
  "permissions": {
    "Identity": [
      "find accounts on the device"
    ],
    "Contacts": [
      "find accounts on the device"
    ],
    "Phone": [
      "read phone status and identity"
    ],
    "Wi-Fi connection information": [
      "view Wi-Fi connections"
    ],
    "Device ID & call information": [
      "read phone status and identity"
    ],
    "Other": [
      "receive data from Internet",
      "view network connections",
      "full network access",
      "prevent device from sleeping"
    ]
  },
  "rate": [
    [
      "703,510",
      "4.4"
    ],
    [
      "494,897",
      "5"
    ],
    [
      "105,322",
      "4"
    ],
    [
      "39,597",
      "3"
    ],
    [
      "18,568",
      "2"
    ],
    [
      "45,126",
      "1"
    ]
  ],
  "required_android": "4.0.3",
  "size": "Varies with devic",
  "url": "https://play.google.com/store/apps/details?id=sg.gumi.bravefrontier",
  "version": "1.13.0.0"
}