{
  "categories": [
    "Trivia"
  ],
  "description": "Millionaire 2\u041a18 is a game created based on the popular TV quiz show \"Who Wants to Be a Millionaire?\". In our game the participant can check the intellect and erudition.High-quality graphics, animation and sound in order to convey an exciting atmosphere and immerse you in the game!Features:- three game modes to choose from;- high-quality graphics, animation and sound;- the atmosphere is similar to a TV show;- interesting new questions created specifically for the game;- ability to spend points earned;- stats and achievements.Follow news and updates!We wish you luck and enjoy game!",
  "inc": "SmartLynx",
  "intalled_count": "1,000,000",
  "last_update": [
    "June",
    "7",
    " 2018"
  ],
  "name": "Millionaire 2K18",
  "offered_by": "Google Commerce Ltd",
  "permissions": {
    "Location": [
      "approximate location (network-based)"
    ],
    "Photos/Media/Files": [
      "read the contents of your USB storage",
      "modify or delete the contents of your USB storage"
    ],
    "Storage": [
      "read the contents of your USB storage",
      "modify or delete the contents of your USB storage"
    ],
    "Wi-Fi connection information": [
      "view Wi-Fi connections"
    ],
    "Other": [
      "view network connections",
      "full network access"
    ]
  },
  "rate": [
    [
      "9,623",
      "4.5"
    ],
    [
      "7,091",
      "5"
    ],
    [
      "1,372",
      "4"
    ],
    [
      "433",
      "3"
    ],
    [
      "156",
      "2"
    ],
    [
      "571",
      "1"
    ]
  ],
  "required_android": "4.1",
  "size": "42",
  "url": "https://play.google.com/store/apps/details?id=com.Lynx.M2K17",
  "version": "1.41"
}