{
  "categories": [
    "Role Playing"
  ],
  "description": "With over 70 Million+ downloads to date, ONE PIECE TREASURE CRUISE is an exhilarating adventure with your favorite Anime crew. Form your own misfit pirate crew, pull off power combos, and relive your favorite moments from the One Piece storyline. The world of One Piece awaits you!- Relive the ONE PIECE storyline -\u2022 Join Luffy and the Straw Hats on their quest to find the One Piece!\u2022 Explore each chapter of the epic story\u2022 Complete quests and watch as the adventure unfolds\u2022 The unpredictable and diverse World of ONE PIECE is now yours to explore!- Recruit and train your own Pirate Crew! - \u2022 Featuring your favourite major and supporting ONE PIECE characters\u2022 Over 1,000 characters from the Anime to recruit\u2022 Each character has unique abilities\u2022 Re-enact and create new thrilling battles!- Intuitive Battle System -\u2022 Featuring an all-new tap battle system, specially designed for your smartphone. \u2022 Unleash exhilarating tandem attacks to deliver devastating damage and send enemies flying! \u2022 Strategies and chain together attacks to fight even the toughest of enemies \u2022 Become the strongest pirate crew on the seas!SUPPORT:https://bnfaq.channel.or.jp/contact/faq_list/1531BANDAI NAMCO Entertainment Inc. Website:https://bandainamcoent.co.jp/english/By downloading or installing this app, you agree to the BANDAI NAMCO Entertainment Terms of Service.Terms of Service:https://legal.bandainamcoent.co.jp/termsPrivacy Policy:https://legal.bandainamcoent.co.jp/privacyNote:This game contains some items available for in-app purchase that can enhance gameplay and speed up your progress. In-app purchases can be disabled in your device settings, seehttps://support.google.com/googleplay/answer/1626831?hl=en for more details.\u00a9EIICHIRO ODA/SHUEISHA, TOEI ANIMATIONGame \u00a9 2014 BANDAI NAMCO Entertainment Inc.This application is distributed under the official rights from the license holder.Powered by \"CRIWARE\".CRIWARE is a trademark of CRI Middleware Co., Ltd.",
  "inc": "BANDAI NAMCO Entertainment Inc.",
  "intalled_count": "5,000,000",
  "last_update": [
    "July",
    "27",
    " 2018"
  ],
  "name": "ONE PIECE TREASURE CRUISE",
  "offered_by": "Google Commerce Ltd",
  "permissions": {
    "Other": [
      "receive data from Internet",
      "view network connections",
      "full network access",
      "control vibration",
      "prevent device from sleeping"
    ]
  },
  "rate": [
    [
      "557,610",
      "4.6"
    ],
    [
      "408,747",
      "5"
    ],
    [
      "108,687",
      "4"
    ],
    [
      "22,927",
      "3"
    ],
    [
      "5,111",
      "2"
    ],
    [
      "12,138",
      "1"
    ]
  ],
  "required_android": "4.0",
  "size": "53",
  "url": "https://play.google.com/store/apps/details?id=com.namcobandaigames.spmoja010E",
  "version": "8.2.0"
}