{
  "categories": [
    "Role Playing"
  ],
  "description": "Collect your warriors and jump into a dungeon adventure!# The puzzle RPG where every move becomes a brain-tickling strategyWarrior selection, timing and great placement come together for flawless victoryUse your wits to solve each dungeon puzzle! #Go WhamBam with hundreds of cute but mighty characters!Over 200 unique warriors ready for battle! Collect their crazy skills and build your own deck to clear out the creepiest dungeons#Experience fast-paced PvP mode in the Coliseum!Meet and battle with users from around the worldUse strategy to create a deck and outplay your opponents! #Hundreds of stages with endless monsters and devious traps!Unique monsters with various themes! From slimes to zombies \u2013 defeat them all!Breakthrough difficult stages using creative combination of your warriors!#Too much to handle? GO WHAMBAM with Diego!!Outrageous Diego will carry your battle to victory!But be careful! Diego is a whirlwind of destruction and will do damage to both enemy and allies",
  "inc": "Linekong",
  "intalled_count": "50,000",
  "last_update": [
    "August",
    "2",
    " 2018"
  ],
  "name": "WhamBam Warriors - Puzzle RPG",
  "offered_by": "Google Commerce Ltd",
  "permissions": {
    "Device & app history": [
      "retrieve running apps"
    ],
    "Photos/Media/Files": [
      "read the contents of your USB storage",
      "modify or delete the contents of your USB storage"
    ],
    "Storage": [
      "read the contents of your USB storage",
      "modify or delete the contents of your USB storage"
    ],
    "Microphone": [
      "record audio"
    ],
    "Wi-Fi connection information": [
      "view Wi-Fi connections"
    ],
    "Phone": [
      "read phone status and identity"
    ],
    "Device ID & call information": [
      "read phone status and identity"
    ],
    "Other": [
      "receive data from Internet",
      "view network connections",
      "connect and disconnect from Wi-Fi",
      "full network access",
      "run at startup",
      "control vibration",
      "prevent device from sleeping",
      "install shortcuts",
      "view network connections",
      "full network access",
      "run at startup",
      "control vibration",
      "prevent device from sleeping",
      "install shortcuts"
    ]
  },
  "rate": [
    [
      "2,844",
      "4.3"
    ],
    [
      "1,859",
      "5"
    ],
    [
      "530",
      "4"
    ],
    [
      "171",
      "3"
    ],
    [
      "76",
      "2"
    ],
    [
      "208",
      "1"
    ]
  ],
  "required_android": "4.1",
  "size": "95",
  "url": "https://play.google.com/store/apps/details?id=com.drukhigh.ttmhigh",
  "version": "1.1.38"
}