{
  "categories": [
    "Role Playing"
  ],
  "description": "Enter Bird Island in Angry Birds Evolution \u2013 a visually stunning RPG with hundreds of new Angry Birds to collect. It\u2019s up to you to assemble an unstoppable team of evolved super birds, battle and kick the pigs out of Bird Island.COLLECT, ASSEMBLE, EVOLVEHatch your favorites, Red, Bomb, Chuck, Matilda and Terrence in addition to more than +100 new Angry Birds!!  The flock is bigger and badder than ever before. BATTLE AGAINST OTHER PLAYERSChallenge other players in PVP tournaments of the Bird Island pastime, Pigball, and dominate the leagues for even more awesome rewards.EPIC ADVENTURESWho is behind the mysterious Bacon Corp? What\u2019s the Eagle Force? Who lost the dungeon keys? Find the answers through EPIC battles!STUNNING GRAPHICSEvolution maximises the power of your phone and tablet to bring console-quality visuals to the small screen. JOIN WEEKLY EVENTSEarn awesome rewards, and get a chance to add extra rare birds to your team by taking part in weekly events. Join by yourself or assemble a clan of buddies to compete with other clans. Build the strongest, most awesome clan on Bird Island and rule the roost!",
  "inc": "Rovio Entertainment Corporation",
  "intalled_count": "10,000,000",
  "last_update": [
    "July",
    "30",
    " 2018"
  ],
  "name": "Angry Birds Evolution",
  "offered_by": "Google Commerce Ltd",
  "permissions": {
    "Device & app history": [
      "retrieve running apps"
    ],
    "Photos/Media/Files": [
      "read the contents of your USB storage",
      "modify or delete the contents of your USB storage"
    ],
    "Storage": [
      "read the contents of your USB storage",
      "modify or delete the contents of your USB storage"
    ],
    "Other": [
      "receive data from Internet",
      "view network connections",
      "full network access",
      "prevent device from sleeping"
    ]
  },
  "rate": [
    [
      "383,983",
      "4.5"
    ],
    [
      "281,609",
      "5"
    ],
    [
      "62,696",
      "4"
    ],
    [
      "16,003",
      "3"
    ],
    [
      "5,468",
      "2"
    ],
    [
      "18,207",
      "1"
    ]
  ],
  "required_android": "5.0",
  "size": "88",
  "url": "https://play.google.com/store/apps/details?id=com.rovio.tnt",
  "version": "1.21.1"
}