{
  "categories": [
    "Role Playing"
  ],
  "description": "From legendary designer Steve Jackson, co-founder of Lionhead Studios (with Peter Molyneux), and Fighting Fantasy and Games Workshop (with Ian Livingstone); and inkle, the studio behind the award-winning Frankenstein app, Sorcery! is an interactive adventure like never before.\"You should choose to own this adventure\" -- Eurogamer\"Inkle's adaptation of Sorcery! takes the genre to a whole new level\" -- Kotaku\"This is some of 2013\u2032s best interactive storytelling\" -- IGN UK\"Beautifully realised ... this gripping tale has us well and truly hooked\" -- Pocket Gamer (Gold Award)\"Incredibly impressed\" -- Touch Arcade\"Sometimes I feel like I'm wasting my time writing a review when I should really just be pointing at a game and demanding that people play it. This is one of those times. Steve Jackson's Sorcery! is an absolutely marvellous fantasy storybook adventure. Lushly illustrated and expertly told, it should not be missed by anyone even remotely interested in the genre.\" -- Gamezebo\"Let\u2019s not mince words here... Sorcery\u2019s unique blend of tabletop-like roleplaying (including an incredible combat system quite unlike anything I\u2019ve seen before), and elaborate branching pathways with custom scripts preserving the feeling of Steve Jackson\u2019s work make me now want to\u2026 no, HAVE TO acquire it\" - Just Press StartThe app uses inklewriter technology to tell your journey in real-time, shaping the story around your choices. The text itself changes based on how you play and what you do, and in combat, the action is described on the fly based on how you play. Featuring original illustrations by John Blanche, new character art by Eddie Sharam (DC Comics), an interactive map by Mike Schley (Wizards of the Coast).\"The Shamutanti Hills\" is Part 1 of 4. Part 2, \"Khar\u00e9: Cityport of Traps\", is coming soon to the Play Store! (Part 2 will load all of your completed Part 1 games to continue your adventure.)",
  "inc": "inkle Ltd",
  "intalled_count": "100,000",
  "last_update": [
    "May",
    "4",
    " 2017"
  ],
  "name": "Sorcery!",
  "offered_by": "Google Commerce Ltd",
  "permissions": {
    "Photos/Media/Files": [
      "read the contents of your USB storage",
      "modify or delete the contents of your USB storage"
    ],
    "Storage": [
      "read the contents of your USB storage",
      "modify or delete the contents of your USB storage"
    ],
    "Wi-Fi connection information": [
      "view Wi-Fi connections"
    ],
    "Other": [
      "view network connections",
      "full network access",
      "prevent device from sleeping",
      "Google Play license check"
    ]
  },
  "rate": [
    [
      "7,811",
      "4.5"
    ],
    [
      "5,323",
      "5"
    ],
    [
      "1,644",
      "4"
    ],
    [
      "497",
      "3"
    ],
    [
      "190",
      "2"
    ],
    [
      "157",
      "1"
    ]
  ],
  "required_android": "2.3",
  "size": "25",
  "url": "https://play.google.com/store/apps/details?id=com.inkle.sorcery1",
  "version": "1.4.6"
}